Header_Length,Protocol Type,Time_To_Live,Rate,fin_flag_number,syn_flag_number,rst_flag_number,psh_flag_number,ack_flag_number,ece_flag_number,cwr_flag_number,ack_count,syn_count,fin_count,rst_count,urg_count,Flow Duration,HTTP,HTTPS,DNS,Telnet,SMTP,SSH,IRC,TCP,UDP,DHCP,ARP,ICMP,IGMP,IPv,LLC,Tot sum,Min,Max,AVG,Std,Tot size,IAT,Number,Variance,Covariance
0.0,47,63.6,204.37787187595933,0.0,0.0,0.0,0.0,0.0,0.0,0.0,0,0,0,0,0,0.0489289760589599,0.0,0.0,0.0,0.0,0.0,0.0,0.0,0.0,0.0,0.0,0.0,0.1,0.0,1.0,1.0,5918,590,592,591.8,0.6324555320336759,591.8,0.0048928976058959,10,0.0,0.36
0.0,47,63.5,1076.428589760041,0.0,0.0,0.0,0.0,0.0,0.0,0.0,0,0,0,0,0,0.0092899799346923,0.0,0.0,0.0,0.0,0.0,0.0,0.0,0.0,0.0,0.0,0.0,0.0,0.0,1.0,1.0,5920,592,592,592.0,0.0,592.0,0.0009299039840698,10,0.0,0.0
0.0,47,63.5,1911.7155879671832,0.0,0.0,0.0,0.0,0.0,0.0,0.0,0,0,0,0,0,0.0052309036254882,0.0,0.0,0.0,0.0,0.0,0.0,0.0,0.0,0.0,0.0,0.0,0.0,0.0,1.0,1.0,5920,592,592,592.0,0.0,592.0,0.0005242824554443,10,0.0,0.0
0.0,47,63.5,1410.7985200134544,0.0,0.0,0.0,0.0,0.0,0.0,0.0,0,0,0,0,0,0.0070881843566894,0.0,0.0,0.0,0.0,0.0,0.0,0.0,0.0,0.0,0.0,0.0,0.0,0.0,1.0,1.0,5920,592,592,592.0,0.0,592.0,0.0007103204727172,10,0.0,0.0
0.0,47,63.5,795.9888410225267,0.0,0.0,0.0,0.0,0.0,0.0,0.0,0,0,0,0,0,0.0125629901885986,0.0,0.0,0.0,0.0,0.0,0.0,0.0,0.0,0.0,0.0,0.0,0.0,0.0,1.0,1.0,5927,552,628,592.7,25.534508241027687,592.7,0.0012568950653076,10,0.088503027277065,1155.84
0.0,47,63.5,2530.3474903474903,0.0,0.0,0.0,0.0,0.0,0.0,0.0,0,0,0,0,0,0.0039520263671875,0.0,0.0,0.0,0.0,0.0,0.0,0.0,0.0,0.0,0.0,0.0,0.0,0.0,1.0,1.0,5946,591,597,594.6,2.221110833194357,594.6,0.0003963947296142,10,0.0125450117090101,5.265306122448979
0.0,47,63.5,41817.587238285145,0.0,0.0,0.0,0.0,0.0,0.0,0.0,0,0,0,0,0,0.0002391338348388,0.0,0.0,0.0,0.0,0.0,0.0,0.0,0.0,0.0,0.0,0.0,0.0,0.0,1.0,1.0,5923,586,599,592.3,4.877385456255112,592.3,2.6011466979980467e-05,10,0.02214772173946,23.77777777777778
0.0,47,63.5,1658.08981657179,0.0,0.0,0.0,0.0,0.0,0.0,0.0,0,0,0,0,0,0.0060310363769531,0.0,0.0,0.0,0.0,0.0,0.0,0.0,0.0,0.0,0.0,0.0,0.0,0.0,1.0,1.0,5904,587,596,590.4,3.533962208186286,590.4,0.000603699684143,10,0.0198963348451267,16.47222222222222
0.0,47,63.5,836.6186619858778,0.0,0.0,0.0,0.0,0.0,0.0,0.0,0,0,0,0,0,0.0119528770446777,0.0,0.0,0.0,0.0,0.0,0.0,0.0,0.0,0.0,0.0,0.0,0.0,0.0,1.0,1.0,5918,590,592,591.8,0.6324555320336759,591.8,0.0011968851089477,10,0.0,1.0
0.0,47,63.5,14968.965024982155,0.0,0.0,0.0,0.0,0.0,0.0,0.0,0,0,0,0,0,0.0006680488586425,0.0,0.0,0.0,0.0,0.0,0.0,0.0,0.0,0.0,0.0,0.0,0.0,0.0,1.0,1.0,5920,592,592,592.0,0.0,592.0,6.740093231201172e-05,10,0.0,0.0
0.0,47,63.5,1789.5315299940269,0.0,0.0,0.0,0.0,0.0,0.0,0.0,0,0,0,0,0,0.0055880546569824,0.0,0.0,0.0,0.0,0.0,0.0,0.0,0.0,0.0,0.0,0.0,0.0,0.0,1.0,1.0,5920,592,592,592.0,0.0,592.0,0.0005594968795776,10,0.0,0.0
0.0,47,63.5,1308.5935355048048,0.0,0.0,0.0,0.0,0.0,0.0,0.0,0,0,0,0,0,0.0076417922973632,0.0,0.0,0.0,0.0,0.0,0.0,0.0,0.0,0.0,0.0,0.0,0.0,0.0,1.0,1.0,5920,592,592,592.0,0.0,592.0,0.0007653951644897,10,0.0,0.0
0.0,47,63.5,50717.09794437727,0.0,0.0,0.0,0.0,0.0,0.0,0.0,0,0,0,0,0,0.0001971721649169,0.0,0.0,0.0,0.0,0.0,0.0,0.0,0.0,0.0,0.0,0.0,0.0,0.0,1.0,1.0,5803,579,592,580.3,4.110960958218893,580.3,2.0718574523925783e-05,10,0.0337644210559401,42.25
0.0,47,63.5,61320.23391812865,0.0,0.0,0.0,0.0,0.0,0.0,0.0,0,0,0,0,0,0.0001630783081054,0.0,0.0,0.0,0.0,0.0,0.0,0.0,0.0,0.0,0.0,0.0,0.0,0.0,1.0,1.0,5790,579,579,579.0,0.0,579.0,1.6689300537109375e-05,10,0.0,0.0
0.0,47,63.5,1673.1038334197617,0.0,0.0,0.0,0.0,0.0,0.0,0.0,0,0,0,0,0,0.005976915359497,0.0,0.0,0.0,0.0,0.0,0.0,0.0,0.0,0.0,0.0,0.0,0.0,0.0,1.0,1.0,5790,579,579,579.0,0.0,579.0,0.0005985021591186,10,0.0,0.0
0.0,47,63.5,619.4237443326983,0.0,0.0,0.0,0.0,0.0,0.0,0.0,0,0,0,0,0,0.0161440372467041,0.0,0.0,0.0,0.0,0.0,0.0,0.0,0.0,0.0,0.0,0.0,0.1,0.0,1.0,1.0,5801,579,590,580.1,3.478505426185217,580.1,0.0016170024871826,10,0.0335067839704108,19.36
0.0,47,63.5,716.1792879706309,0.0,0.0,0.0,0.0,0.0,0.0,0.0,0,0,0,0,0,0.013962984085083,0.0,0.0,0.0,0.0,0.0,0.0,0.0,0.0,0.0,0.0,0.0,0.0,0.0,1.0,1.0,5894,579,592,589.4,5.481281277625191,589.4,0.0014005899429321,10,0.0343226347412534,42.25
0.0,47,63.5,7587.380607814761,0.0,0.0,0.0,0.0,0.0,0.0,0.0,0,0,0,0,0,0.0013179779052734,0.0,0.0,0.0,0.0,0.0,0.0,0.0,0.0,0.0,0.0,0.0,0.0,0.0,1.0,1.0,5920,592,592,592.0,0.0,592.0,0.000136399269104,10,0.0,0.0
0.0,47,63.5,1639.0402500976943,0.0,0.0,0.0,0.0,0.0,0.0,0.0,0,0,0,0,0,0.0061011314392089,0.0,0.0,0.0,0.0,0.0,0.0,0.0,0.0,0.0,0.0,0.0,0.0,0.0,1.0,1.0,5920,592,592,592.0,0.0,592.0,0.0008855104446411,10,0.0,0.0
0.0,47,63.5,3529.964652415418,0.0,0.0,0.0,0.0,0.0,0.0,0.0,0,0,0,0,0,0.0028328895568847,0.0,0.0,0.0,0.0,0.0,0.0,0.0,0.0,0.0,0.0,0.0,0.0,0.0,1.0,1.0,5920,592,592,592.0,0.0,592.0,0.0004469871520996,10,0.0,0.0
0.0,47,63.5,1780.9451827947858,0.0,0.0,0.0,0.0,0.0,0.0,0.0,0,0,0,0,0,0.0056149959564208,0.0,0.0,0.0,0.0,0.0,0.0,0.0,0.0,0.0,0.0,0.0,0.0,0.0,1.0,1.0,5780,518,640,578.0,41.54783053568769,578.0,0.0005674123764038,10,0.1529666342470177,2518.222222222222
0.0,47,63.5,11223.719561145304,0.0,0.0,0.0,0.0,0.0,0.0,0.0,0,0,0,0,0,0.0008909702301025,0.0,0.0,0.0,0.0,0.0,0.0,0.0,0.0,0.0,0.0,0.0,0.0,0.0,1.0,1.0,5818,569,598,581.8,9.784341231443909,581.8,9.109973907470704e-05,10,0.0531168292440409,107.5
0.0,47,63.5,45245.9978425027,0.0,0.0,0.0,0.0,0.0,0.0,0.0,0,0,0,0,0,0.0002210140228271,0.0,0.0,0.0,0.0,0.0,0.0,0.0,0.0,0.0,0.0,0.0,0.0,0.0,1.0,1.0,5806,578,583,580.6,1.9550504398153568,580.6,2.4509429931640624e-05,10,0.0345903193471631,4.25
0.0,47,63.5,1112.7245715498489,0.0,0.0,0.0,0.0,0.0,0.0,0.0,0,0,0,0,0,0.0089869499206542,0.0,0.0,0.0,0.0,0.0,0.0,0.0,0.0,0.0,0.0,0.0,0.0,0.0,1.0,1.0,5768,568,584,576.8,6.511528238439883,576.8,0.0012398958206176,10,0.0534877461432108,48.24
0.0,47,63.5,49991.70441001192,0.0,0.0,0.0,0.0,0.0,0.0,0.0,0,0,0,0,0,0.0002000331878662,0.0,0.0,0.0,0.0,0.0,0.0,0.0,0.0,0.0,0.0,0.0,0.0,0.0,1.0,1.0,5656,470,640,565.6,58.46024290062436,565.6,0.0003480911254882,10,0.2416543145479983,5030.222222222223
0.0,47,63.5,1123.3639553258165,0.0,0.0,0.0,0.0,0.0,0.0,0.0,0,0,0,0,0,0.008901834487915,0.0,0.0,0.0,0.0,0.0,0.0,0.0,0.0,0.0,0.0,0.0,0.0,0.0,1.0,1.0,5832,548,600,583.2,20.037742166000417,583.2,0.0008925914764404,10,0.0930803846487419,456.2222222222222
0.0,47,63.5,27869.129568106317,0.0,0.0,0.0,0.0,0.0,0.0,0.0,0,0,0,0,0,0.0003588199615478,0.0,0.0,0.0,0.0,0.0,0.0,0.0,0.0,0.0,0.0,0.0,0.0,0.0,1.0,1.0,5780,569,584,578.0,5.811865258054231,578.0,3.809928894042969e-05,10,0.0514986014315209,37.6875
0.0,47,63.5,1603.5724116837437,0.0,0.0,0.0,0.0,0.0,0.0,0.0,0,0,0,0,0,0.0062360763549804,0.0,0.0,0.0,0.0,0.0,0.0,0.0,0.0,0.0,0.0,0.0,0.0,0.0,1.0,1.0,5874,577,593,587.4,5.98516684999025,587.4,0.0007707118988037,10,0.037936157568012,42.88888888888889
0.0,47,63.5,1045.1531235204704,0.0,0.0,0.0,0.0,0.0,0.0,0.0,0,0,0,0,0,0.0095679759979248,0.0,0.0,0.0,0.0,0.0,0.0,0.0,0.0,0.0,0.0,0.0,0.0,0.0,1.0,1.0,5888,576,592,588.8,6.7461923416925424,588.8,0.000959300994873,10,0.0399502989123119,64.0
0.0,47,63.5,68985.26315789473,0.0,0.0,0.0,0.0,0.0,0.0,0.0,0,0,0,0,0,0.0001449584960937,0.0,0.0,0.0,0.0,0.0,0.0,0.0,0.0,0.0,0.0,0.0,0.0,0.0,1.0,1.0,5920,592,592,592.0,0.0,592.0,1.5401840209960936e-05,10,0.0,0.0
0.0,47,63.5,3873.214516575861,0.0,0.0,0.0,0.0,0.0,0.0,0.0,0,0,0,0,0,0.0025818347930908,0.0,0.0,0.0,0.0,0.0,0.0,0.0,0.0,0.0,0.0,0.0,0.0,0.0,1.0,1.0,5920,592,592,592.0,0.0,592.0,0.0002590894699096,10,0.0,0.0
0.0,47,63.5,726.2235304302658,0.0,0.0,0.0,0.0,0.0,0.0,0.0,0,0,0,0,0,0.0137698650360107,0.0,0.0,0.0,0.0,0.0,0.0,0.0,0.0,0.0,0.0,0.0,0.0,0.0,1.0,1.0,5920,592,592,592.0,0.0,592.0,0.001539397239685,10,0.0,0.0
0.0,47,63.5,817.4597049250618,0.0,0.0,0.0,0.0,0.0,0.0,0.0,0,0,0,0,0,0.012233018875122,0.0,0.0,0.0,0.0,0.0,0.0,0.0,0.0,0.0,0.0,0.0,0.0,0.0,1.0,1.0,5920,592,592,592.0,0.0,592.0,0.0012262105941772,10,0.0,0.0
0.0,47,63.5,90785.80086580086,0.0,0.0,0.0,0.0,0.0,0.0,0.0,0,0,0,0,0,0.0001101493835449,0.0,0.0,0.0,0.0,0.0,0.0,0.0,0.0,0.0,0.0,0.0,0.0,0.0,1.0,1.0,5920,592,592,592.0,0.0,592.0,1.3208389282226562e-05,10,0.0,0.0
0.0,47,63.5,99864.38095238096,0.0,0.0,0.0,0.0,0.0,0.0,0.0,0,0,0,0,0,0.0001001358032226,0.0,0.0,0.0,0.0,0.0,0.0,0.0,0.0,0.0,0.0,0.0,0.0,0.0,1.0,1.0,5920,592,592,592.0,0.0,592.0,1.4495849609375e-05,10,0.0,0.0
0.0,47,63.5,75846.36528028933,0.0,0.0,0.0,0.0,0.0,0.0,0.0,0,0,0,0,0,0.0001318454742431,0.0,0.0,0.0,0.0,0.0,0.0,0.0,0.0,0.0,0.0,0.0,0.0,0.0,1.0,1.0,5920,592,592,592.0,0.0,592.0,1.4090538024902344e-05,10,0.0,0.0
0.0,47,63.5,330.721083715099,0.0,0.0,0.0,0.0,0.0,0.0,0.0,0,0,0,0,0,0.0302369594573974,0.0,0.0,0.0,0.0,0.0,0.0,0.0,0.0,0.0,0.0,0.0,0.0,0.0,1.0,1.0,5946,564,628,594.6,21.515885604207263,594.6,0.0030246019363403,10,0.0664164411597298,686.2222222222222
0.0,47,63.5,44810.94017094017,0.0,0.0,0.0,0.0,0.0,0.0,0.0,0,0,0,0,0,0.000223159790039,0.0,0.0,0.0,0.0,0.0,0.0,0.0,0.0,0.0,0.0,0.0,0.0,0.0,1.0,1.0,5854,584,590,585.4,2.4585451886114367,585.4,0.0009113073348999,10,0.0245706429680328,6.75
0.0,47,63.5,24936.40903686088,0.0,0.0,0.0,0.0,0.0,0.0,0.0,0,0,0,0,0,0.0004010200500488,0.0,0.0,0.0,0.0,0.0,0.0,0.0,0.0,0.0,0.0,0.0,0.0,0.0,1.0,1.0,5916,588,597,591.6,3.864367132317184,591.6,4.169940948486328e-05,10,0.0183267985950206,16.0
0.0,47,63.5,35971.73241852487,0.0,0.0,0.0,0.0,0.0,0.0,0.0,0,0,0,0,0,0.0002779960632324,0.0,0.0,0.0,0.0,0.0,0.0,0.0,0.0,0.0,0.0,0.0,0.0,0.0,1.0,1.0,5928,586,599,592.8,5.308274463305169,592.8,3.108978271484375e-05,10,0.0223232486853719,30.25
0.0,47,63.5,58173.42579750347,0.0,0.0,0.0,0.0,0.0,0.0,0.0,0,0,0,0,0,0.0001718997955322,0.0,0.0,0.0,0.0,0.0,0.0,0.0,0.0,0.0,0.0,0.0,0.0,0.0,1.0,1.0,5910,587,592,591.0,2.10818510677892,591.0,2.050399780273437e-05,10,0.0193155302850974,6.25
0.0,47,63.5,43873.47280334728,0.0,0.0,0.0,0.0,0.0,0.0,0.0,0,0,0,0,0,0.000227928161621,0.0,0.0,0.0,0.0,0.0,0.0,0.0,0.0,0.0,0.0,0.0,0.0,0.0,1.0,1.0,5920,592,592,592.0,0.0,592.0,2.429485321044922e-05,10,0.0,0.0
0.0,47,63.5,62883.11844077961,0.0,0.0,0.0,0.0,0.0,0.0,0.0,0,0,0,0,0,0.0001590251922607,0.0,0.0,0.0,0.0,0.0,0.0,0.0,0.0,0.0,0.0,0.0,0.0,0.0,1.0,1.0,5920,592,592,592.0,0.0,592.0,1.7714500427246093e-05,10,0.0,0.0
0.0,47,63.5,36889.21723834653,0.0,0.0,0.0,0.0,0.0,0.0,0.0,0,0,0,0,0,0.0002710819244384,0.0,0.0,0.0,0.0,0.0,0.0,0.0,0.0,0.0,0.0,0.0,0.0,0.0,1.0,1.0,5920,592,592,592.0,0.0,592.0,3.490447998046875e-05,10,0.0,0.0
0.0,47,63.5,259.7269163843977,0.0,0.0,0.0,0.0,0.0,0.0,0.0,0,0,0,0,0,0.0385019779205322,0.0,0.0,0.0,0.0,0.0,0.0,0.0,0.0,0.0,0.0,0.0,0.0,0.0,1.0,1.0,5914,547,628,591.4,27.23233372298452,591.4,0.0038524866104125,10,0.0977153034653949,1098.0
0.0,47,63.5,68089.35064935064,0.0,0.0,0.0,0.0,0.0,0.0,0.0,0,0,0,0,0,0.0001468658447265,0.0,0.0,0.0,0.0,0.0,0.0,0.0,0.0,0.0,0.0,0.0,0.0,0.0,1.0,1.0,5936,591,597,593.6,2.1705094128132942,593.6,1.659393310546875e-05,10,0.0125243987144037,5.25
0.0,47,63.5,753.1250448897508,0.0,0.0,0.0,0.0,0.0,0.0,0.0,0,0,0,0,0,0.0132780075073242,0.0,0.0,0.0,0.0,0.0,0.0,0.0,0.0,0.0,0.0,0.0,0.0,0.0,1.0,1.0,5912,589,593,591.2,1.5491933384829668,591.2,0.0027575016021728,10,0.0156795593983643,2.16
0.0,47,63.5,2249.800997693504,0.0,0.0,0.0,0.0,0.0,0.0,0.0,0,0,0,0,0,0.0044448375701904,0.0,0.0,0.0,0.0,0.0,0.0,0.0,0.0,0.0,0.0,0.0,0.0,0.0,1.0,1.0,5954,592,599,595.4,2.875181153713044,595.4,0.0004462003707885,10,0.0111073237947766,7.555555555555555
0.0,47,63.5,766.166885868771,0.0,0.0,0.0,0.0,0.0,0.0,0.0,0,0,0,0,0,0.0130519866943359,0.0,0.0,0.0,0.0,0.0,0.0,0.0,0.0,0.0,0.0,0.0,0.0,0.0,1.0,1.0,5910,556,628,591.0,24.03700850309326,591.0,0.0013220071792602,10,0.08107648578382,864.8888888888888
0.0,47,63.5,74631.743772242,0.0,0.0,0.0,0.0,0.0,0.0,0.0,0,0,0,0,0,0.000133991241455,0.0,0.0,0.0,0.0,0.0,0.0,0.0,0.0,0.0,0.0,0.0,0.0,0.0,1.0,1.0,5926,587,595,592.6,3.1692971530679235,592.6,2.009868621826172e-05,10,0.0197477848882737,11.1875
0.0,47,63.5,57143.10626702997,0.0,0.0,0.0,0.0,0.0,0.0,0.0,0,0,0,0,0,0.0001749992370605,0.0,0.0,0.0,0.0,0.0,0.0,0.0,0.0,0.0,0.0,0.0,0.0,0.0,1.0,1.0,5880,584,593,588.0,3.4641016151377544,588.0,1.900196075439453e-05,10,0.0249802664339425,13.5
0.0,47,63.5,106184.91139240506,0.0,0.0,0.0,0.0,0.0,0.0,0.0,0,0,0,0,0,9.41753387451172e-05,0.0,0.0,0.0,0.0,0.0,0.0,0.0,0.0,0.0,0.0,0.0,0.0,0.0,1.0,1.0,5946,589,598,594.6,3.3065591380365986,594.6,1.0609626770019531e-05,10,0.0163954399304705,12.1875
0.0,47,63.5,57772.78236914601,0.0,0.0,0.0,0.0,0.0,0.0,0.0,0,0,0,0,0,0.0001730918884277,0.0,0.0,0.0,0.0,0.0,0.0,0.0,0.0,0.0,0.0,0.0,0.0,0.0,1.0,1.0,5918,591,592,591.8,0.4216370213557839,591.8,2.179145812988281e-05,10,0.0,0.25
0.0,47,63.5,7023.281982585399,0.0,0.0,0.0,0.0,0.0,0.0,0.0,0,0,0,0,0,0.0014238357543945,0.0,0.0,0.0,0.0,0.0,0.0,0.0,0.0,0.0,0.0,0.0,0.0,0.0,1.0,1.0,5920,592,592,592.0,0.0,592.0,0.0001438856124877,10,0.0,0.0
0.0,47,63.5,107271.2020460358,0.0,0.0,0.0,0.0,0.0,0.0,0.0,0,0,0,0,0,9.322166442871094e-05,0.0,0.0,0.0,0.0,0.0,0.0,0.0,0.0,0.0,0.0,0.0,0.0,0.0,1.0,1.0,5920,592,592,592.0,0.0,592.0,1.0323524475097656e-05,10,0.0,0.0
0.0,47,63.5,89240.51063829787,0.0,0.0,0.0,0.0,0.0,0.0,0.0,0,0,0,0,0,0.0001120567321777,0.0,0.0,0.0,0.0,0.0,0.0,0.0,0.0,0.0,0.0,0.0,0.0,0.0,1.0,1.0,5920,592,592,592.0,0.0,592.0,1.5687942504882812e-05,10,0.0,0.0
0.0,47,63.5,72944.41739130435,0.0,0.0,0.0,0.0,0.0,0.0,0.0,0,0,0,0,0,0.0001370906829833,0.0,0.0,0.0,0.0,0.0,0.0,0.0,0.0,0.0,0.0,0.0,0.0,0.0,1.0,1.0,5920,592,592,592.0,0.0,592.0,1.4710426330566409e-05,10,0.0,0.0
0.0,47,63.5,107546.2564102564,0.0,0.0,0.0,0.0,0.0,0.0,0.0,0,0,0,0,0,9.298324584960938e-05,0.0,0.0,0.0,0.0,0.0,0.0,0.0,0.0,0.0,0.0,0.0,0.0,0.0,1.0,1.0,5920,592,592,592.0,0.0,592.0,1.018047332763672e-05,10,0.0,0.0
0.0,47,63.5,103054.15233415231,0.0,0.0,0.0,0.0,0.0,0.0,0.0,0,0,0,0,0,9.703636169433594e-05,0.0,0.0,0.0,0.0,0.0,0.0,0.0,0.0,0.0,0.0,0.0,0.0,0.0,1.0,1.0,5920,592,592,592.0,0.0,592.0,1.5020370483398438e-05,10,0.0,0.0
0.0,47,63.5,75709.45848375451,0.0,0.0,0.0,0.0,0.0,0.0,0.0,0,0,0,0,0,0.0001320838928222,0.0,0.0,0.0,0.0,0.0,0.0,0.0,0.0,0.0,0.0,0.0,0.0,0.0,1.0,1.0,5920,592,592,592.0,0.0,592.0,1.4090538024902344e-05,10,0.0,0.0
0.0,47,63.5,62883.11844077961,0.0,0.0,0.0,0.0,0.0,0.0,0.0,0,0,0,0,0,0.0001590251922607,0.0,0.0,0.0,0.0,0.0,0.0,0.0,0.0,0.0,0.0,0.0,0.0,0.0,1.0,1.0,5896,522,640,589.6,40.11982053798347,589.6,1.6808509826660156e-05,10,0.1455684000943529,2347.555555555556
0.0,47,63.5,71943.46483704975,0.0,0.0,0.0,0.0,0.0,0.0,0.0,0,0,0,0,0,0.0001389980316162,0.0,0.0,0.0,0.0,0.0,0.0,0.0,0.0,0.0,0.0,0.0,0.0,0.0,1.0,1.0,5806,569,589,580.6,8.044321668799123,580.6,1.9884109497070317e-05,10,0.052408014875002,100.0
0.0,47,63.5,55849.58721704394,0.0,0.0,0.0,0.0,0.0,0.0,0.0,0,0,0,0,0,0.0001790523529052,0.0,0.0,0.0,0.0,0.0,0.0,0.0,0.0,0.0,0.0,0.0,0.0,0.0,1.0,1.0,5786,570,585,578.6,6.653319973266479,578.6,2.3102760314941408e-05,10,0.0501372464243098,46.40816326530613
0.0,47,63.5,74104.3109540636,0.0,0.0,0.0,0.0,0.0,0.0,0.0,0,0,0,0,0,0.0001349449157714,0.0,0.0,0.0,0.0,0.0,0.0,0.0,0.0,0.0,0.0,0.0,0.0,0.0,1.0,1.0,5850,579,591,585.0,4.8074017006186525,585.0,1.5091896057128906e-05,10,0.034048123156764,25.0
0.0,47,63.5,54613.333333333336,0.0,0.0,0.0,0.0,0.0,0.0,0.0,0,0,0,0,0,0.00018310546875,0.0,0.0,0.0,0.0,0.0,0.0,0.0,0.0,0.0,0.0,0.0,0.0,0.0,1.0,1.0,5800,521,640,580.0,39.760393469995854,580.0,1.971721649169922e-05,10,0.1471261138839375,2364.6666666666665
0.0,47,63.5,59493.67375886525,0.0,0.0,0.0,0.0,0.0,0.0,0.0,0,0,0,0,0,0.0001680850982666,0.0,0.0,0.0,0.0,0.0,0.0,0.0,0.0,0.0,0.0,0.0,0.0,0.0,1.0,1.0,5740,564,588,574.0,8.563488385776752,574.0,1.8596649169921875e-05,10,0.06114015262883,104.0
0.0,47,63.5,4942.616073532878,0.0,0.0,0.0,0.0,0.0,0.0,0.0,0,0,0,0,0,0.0020232200622558,0.0,0.0,0.0,0.0,0.0,0.0,0.0,0.0,0.0,0.0,0.0,0.0,0.0,1.0,1.0,5802,575,585,580.2,3.9101008796307135,580.2,0.0017260074615478,10,0.0404991186943264,13.76
0.0,47,63.5,3285.0125313283206,0.0,0.0,0.0,0.0,0.0,0.0,0.0,0,0,0,0,0,0.0030441284179687,0.0,0.0,0.0,0.0,0.0,0.0,0.0,0.0,0.0,0.0,0.0,0.0,0.0,1.0,1.0,5890,582,592,589.0,4.216370213557839,589.0,0.0003087997436523,10,0.0286949705701949,17.346938775510203
0.0,47,63.5,5488.489924103637,0.0,0.0,0.0,0.0,0.0,0.0,0.0,0,0,0,0,0,0.0018219947814941,0.0,0.0,0.0,0.0,0.0,0.0,0.0,0.0,0.0,0.0,0.0,0.0,0.0,1.0,1.0,5920,592,592,592.0,0.0,592.0,0.0001845836639404,10,0.0,0.0
0.0,47,63.5,2404.990825688073,0.0,0.0,0.0,0.0,0.0,0.0,0.0,0,0,0,0,0,0.0041580200195312,0.0,0.0,0.0,0.0,0.0,0.0,0.0,0.0,0.0,0.0,0.0,0.0,0.0,1.0,1.0,5920,592,592,592.0,0.0,592.0,0.0004266023635864,10,0.0,0.0
0.0,47,63.5,52626.14805520703,0.0,0.0,0.0,0.0,0.0,0.0,0.0,0,0,0,0,0,0.0001900196075439,0.0,0.0,0.0,0.0,0.0,0.0,0.0,0.0,0.0,0.0,0.0,0.0,0.0,1.0,1.0,5920,592,592,592.0,0.0,592.0,2.050399780273437e-05,10,0.0,0.0
0.0,47,63.5,4837.720876585929,0.0,0.0,0.0,0.0,0.0,0.0,0.0,0,0,0,0,0,0.0020670890808105,0.0,0.0,0.0,0.0,0.0,0.0,0.0,0.0,0.0,0.0,0.0,0.0,0.0,1.0,1.0,5920,592,592,592.0,0.0,592.0,0.000208306312561,10,0.0,0.0
0.0,47,63.5,812.818107825278,0.0,0.0,0.0,0.0,0.0,0.0,0.0,0,0,0,0,0,0.0123028755187988,0.0,0.0,0.0,0.0,0.0,0.0,0.0,0.0,0.0,0.0,0.0,0.0,0.0,1.0,1.0,5920,592,592,592.0,0.0,592.0,0.0015339851379394,10,0.0,0.0
0.0,47,63.5,2551.590217788052,0.0,0.0,0.0,0.0,0.0,0.0,0.0,0,0,0,0,0,0.0039191246032714,0.0,0.0,0.0,0.0,0.0,0.0,0.0,0.0,0.0,0.0,0.0,0.0,0.0,1.0,1.0,5920,592,592,592.0,0.0,592.0,0.0005257129669189,10,0.0,0.0
0.0,47,63.5,1957.7595220313667,0.0,0.0,0.0,0.0,0.0,0.0,0.0,0,0,0,0,0,0.0051078796386718,0.0,0.0,0.0,0.0,0.0,0.0,0.0,0.0,0.0,0.0,0.0,0.0,0.0,1.0,1.0,5920,592,592,592.0,0.0,592.0,0.0008019924163818,10,0.0,0.0
0.0,47,63.5,3795.063336952588,0.0,0.0,0.0,0.0,0.0,0.0,0.0,0,0,0,0,0,0.0026350021362304,0.0,0.0,0.0,0.0,0.0,0.0,0.0,0.0,0.0,0.0,0.0,0.0,0.0,1.0,1.0,5920,592,592,592.0,0.0,592.0,0.0004886150360107,10,0.0,0.0
0.0,47,63.5,2944.8178052376607,0.0,0.0,0.0,0.0,0.0,0.0,0.0,0,0,0,0,0,0.0033957958221435,0.0,0.0,0.0,0.0,0.0,0.0,0.0,0.0,0.0,0.0,0.0,0.0,0.0,1.0,1.0,5920,592,592,592.0,0.0,592.0,0.0003411769866943,10,0.0,0.0
0.0,47,63.5,1134.423498228437,0.0,0.0,0.0,0.0,0.0,0.0,0.0,0,0,0,0,0,0.008815050125122,0.0,0.0,0.0,0.0,0.0,0.0,0.0,0.0,0.0,0.0,0.0,0.0,0.0,1.0,1.0,5920,592,592,592.0,0.0,592.0,0.0011303186416625,10,0.0,0.0
0.0,47,63.5,45245.9978425027,0.0,0.0,0.0,0.0,0.0,0.0,0.0,0,0,0,0,0,0.0002210140228271,0.0,0.0,0.0,0.0,0.0,0.0,0.0,0.0,0.0,0.0,0.0,0.0,0.0,1.0,1.0,5920,592,592,592.0,0.0,592.0,2.658367156982422e-05,10,0.0,0.0
0.0,47,63.5,751.3038493918713,0.0,0.0,0.0,0.0,0.0,0.0,0.0,0,0,0,0,0,0.0133101940155029,0.0,0.0,0.0,0.0,0.0,0.0,0.0,0.0,0.0,0.0,0.0,0.0,0.0,1.0,1.0,5920,592,592,592.0,0.0,592.0,0.0020026206970214,10,0.0,0.0
0.0,47,63.5,272.1012034123715,0.0,0.0,0.0,0.0,0.0,0.0,0.0,0,0,0,0,0,0.0367510318756103,0.0,0.0,0.0,0.0,0.0,0.0,0.0,0.0,0.0,0.0,0.0,0.0,0.0,1.0,1.0,5920,592,592,592.0,0.0,592.0,0.0036769866943359,10,0.0,0.0
0.0,47,63.5,40291.10470701249,0.0,0.0,0.0,0.0,0.0,0.0,0.0,0,0,0,0,0,0.0002481937408447,0.0,0.0,0.0,0.0,0.0,0.0,0.0,0.0,0.0,0.0,0.0,0.0,0.0,1.0,1.0,5920,592,592,592.0,0.0,592.0,0.0032606124877929,10,0.0,0.0
0.0,47,63.5,2624.064064064064,0.0,0.0,0.0,0.0,0.0,0.0,0.0,0,0,0,0,0,0.0038108825683593,0.0,0.0,0.0,0.0,0.0,0.0,0.0,0.0,0.0,0.0,0.0,0.0,0.0,1.0,1.0,5920,592,592,592.0,0.0,592.0,0.0003836870193481,10,0.0,0.0
0.0,47,63.5,2019.4049109292248,0.0,0.0,0.0,0.0,0.0,0.0,0.0,0,0,0,0,0,0.0049519538879394,0.0,0.0,0.0,0.0,0.0,0.0,0.0,0.0,0.0,0.0,0.0,0.0,0.0,1.0,1.0,5854,581,592,585.4,5.680375574437544,585.4,0.0004971027374267,10,0.0309954777940028,30.25
0.0,47,63.5,44057.81512605042,0.0,0.0,0.0,0.0,0.0,0.0,0.0,0,0,0,0,0,0.0002269744873046,0.0,0.0,0.0,0.0,0.0,0.0,0.0,0.0,0.0,0.0,0.0,0.0,0.0,1.0,1.0,5810,581,581,581.0,0.0,581.0,3.31878662109375e-05,10,0.0,0.0
0.0,47,63.5,4801.172161172161,0.0,0.0,0.0,0.0,0.0,0.0,0.0,0,0,0,0,0,0.0020828247070312,0.0,0.0,0.0,0.0,0.0,0.0,0.0,0.0,0.0,0.0,0.0,0.0,0.0,1.0,1.0,5810,581,581,581.0,0.0,581.0,0.0002104997634887,10,0.0,0.0
0.0,47,63.5,16416.062622309197,0.0,0.0,0.0,0.0,0.0,0.0,0.0,0,0,0,0,0,0.0006091594696044,0.0,0.0,0.0,0.0,0.0,0.0,0.0,0.0,0.0,0.0,0.0,0.0,0.0,1.0,1.0,5810,581,581,581.0,0.0,581.0,6.232261657714843e-05,10,0.0,0.0
0.0,47,63.5,95325.09090909093,0.0,0.0,0.0,0.0,0.0,0.0,0.0,0,0,0,0,0,0.0001049041748046,0.0,0.0,0.0,0.0,0.0,0.0,0.0,0.0,0.0,0.0,0.0,0.0,0.0,1.0,1.0,5876,581,592,587.6,5.680375574437544,587.6,1.5687942504882812e-05,10,0.0309954777940028,30.25
0.0,47,63.5,1516.1048255919031,0.0,0.0,0.0,0.0,0.0,0.0,0.0,0,0,0,0,0,0.0065958499908447,0.0,0.0,0.0,0.0,0.0,0.0,0.0,0.0,0.0,0.0,0.0,0.0,0.0,1.0,1.0,5920,592,592,592.0,0.0,592.0,0.000660490989685,10,0.0,0.0
0.0,47,63.5,45689.58605664488,0.0,0.0,0.0,0.0,0.0,0.0,0.0,0,0,0,0,0,0.0002188682556152,0.0,0.0,0.0,0.0,0.0,0.0,0.0,0.0,0.0,0.0,0.0,0.0,0.0,1.0,1.0,5920,592,592,592.0,0.0,592.0,2.4199485778808597e-05,10,0.0,0.0
0.0,47,63.5,350.7060436803906,0.0,0.0,0.0,0.0,0.0,0.0,0.0,0,0,0,0,0,0.0285139083862304,0.0,0.0,0.0,0.0,0.0,0.0,0.0,0.0,0.0,0.0,0.0,0.0,0.0,1.0,1.0,5920,592,592,592.0,0.0,592.0,0.0028609991073608,10,0.0,0.0
0.0,47,63.5,6312.919927754365,0.0,0.0,0.0,0.0,0.0,0.0,0.0,0,0,0,0,0,0.0015840530395507,0.0,0.0,0.0,0.0,0.0,0.0,0.0,0.0,0.0,0.0,0.0,0.0,0.0,1.0,1.0,5910,552,628,591.0,25.350871122442054,591.0,0.0013429164886474,10,0.0884282208604379,723.0
0.0,47,63.5,34127.77868185517,0.0,0.0,0.0,0.0,0.0,0.0,0.0,0,0,0,0,0,0.0002930164337158,0.0,0.0,0.0,0.0,0.0,0.0,0.0,0.0,0.0,0.0,0.0,0.0,0.0,1.0,1.0,5896,586,595,589.6,3.3730961708462712,589.6,3.168582916259766e-05,10,0.0215349344561559,13.555555555555555
0.0,47,63.5,3343.1404431691376,0.0,0.0,0.0,0.0,0.0,0.0,0.0,0,0,0,0,0,0.0029911994934082,0.0,0.0,0.0,0.0,0.0,0.0,0.0,0.0,0.0,0.0,0.0,0.0,0.0,1.0,1.0,5890,584,595,589.0,3.711842908553348,589.0,0.000301718711853,10,0.0250811863272283,15.5
0.0,47,63.5,39531.61168708765,0.0,0.0,0.0,0.0,0.0,0.0,0.0,0,0,0,0,0,0.0002529621124267,0.0,0.0,0.0,0.0,0.0,0.0,0.0,0.0,0.0,0.0,0.0,0.0,0.0,1.0,1.0,5936,588,596,593.6,3.0983866769659336,593.6,2.748966217041016e-05,10,0.0180147687967287,11.555555555555555
0.0,47,63.5,39383.13615023474,0.0,0.0,0.0,0.0,0.0,0.0,0.0,0,0,0,0,0,0.0002539157867431,0.0,0.0,0.0,0.0,0.0,0.0,0.0,0.0,0.0,0.0,0.0,0.0,0.0,1.0,1.0,5896,585,592,589.6,3.1692971530679235,589.6,2.9802322387695312e-05,10,0.0231560448882737,9.5
0.0,47,63.5,30393.50724637681,0.0,0.0,0.0,0.0,0.0,0.0,0.0,0,0,0,0,0,0.0003290176391601,0.0,0.0,0.0,0.0,0.0,0.0,0.0,0.0,0.0,0.0,0.0,0.0,0.0,1.0,1.0,5920,592,592,592.0,0.0,592.0,3.540515899658203e-05,10,0.0,0.0
0.0,47,63.5,30682.54572055596,0.0,0.0,0.0,0.0,0.0,0.0,0.0,0,0,0,0,0,0.0003259181976318,0.0,0.0,0.0,0.0,0.0,0.0,0.0,0.0,0.0,0.0,0.0,0.0,0.0,1.0,1.0,5920,592,592,592.0,0.0,592.0,3.509521484375e-05,10,0.0,0.0
0.0,47,63.5,15268.671277757554,0.0,0.0,0.0,0.0,0.0,0.0,0.0,0,0,0,0,0,0.0006549358367919,0.0,0.0,0.0,0.0,0.0,0.0,0.0,0.0,0.0,0.0,0.0,0.0,0.0,1.0,1.0,5920,592,592,592.0,0.0,592.0,7.009506225585938e-05,10,0.0,0.0
0.0,47,63.5,14905.131485429993,0.0,0.0,0.0,0.0,0.0,0.0,0.0,0,0,0,0,0,0.0006709098815917,0.0,0.0,0.0,0.0,0.0,0.0,0.0,0.0,0.0,0.0,0.0,0.0,0.0,1.0,1.0,5836,530,640,583.6,38.2366897683945,583.6,7.119178771972657e-05,10,0.1311682479440531,1524.75
0.0,47,63.5,1529.2609472417691,0.0,0.0,0.0,0.0,0.0,0.0,0.0,0,0,0,0,0,0.0065391063690185,0.0,0.0,0.0,0.0,0.0,0.0,0.0,0.0,0.0,0.0,0.0,0.0,0.0,1.0,1.0,5840,572,594,584.0,8.51143022320247,584.0,0.0006564140319824,10,0.0474859062157237,100.0
0.0,47,63.5,82727.88954635109,0.0,0.0,0.0,0.0,0.0,0.0,0.0,0,0,0,0,0,0.0001208782196044,0.0,0.0,0.0,0.0,0.0,0.0,0.0,0.0,0.0,0.0,0.0,0.0,0.0,1.0,1.0,5834,567,594,583.4,10.511369505867869,583.4,1.468658447265625e-05,10,0.0568212514819103,114.20408163265306
0.0,47,63.5,60262.988505747126,0.0,0.0,0.0,0.0,0.0,0.0,0.0,0,0,0,0,0,0.0001659393310546,0.0,0.0,0.0,0.0,0.0,0.0,0.0,0.0,0.0,0.0,0.0,0.0,0.0,1.0,1.0,5860,571,601,586.0,10.913803695829934,586.0,1.7714500427246093e-05,10,0.0501686670735333,122.75
0.0,47,63.5,26664.361093452004,0.0,0.0,0.0,0.0,0.0,0.0,0.0,0,0,0,0,0,0.0003750324249267,0.0,0.0,0.0,0.0,0.0,0.0,0.0,0.0,0.0,0.0,0.0,0.0,0.0,1.0,1.0,5750,505,640,575.0,45.176198256259774,575.0,3.86953353881836e-05,10,0.1765983761216699,2280.6875
0.0,47,63.5,47608.44494892168,0.0,0.0,0.0,0.0,0.0,0.0,0.0,0,0,0,0,0,0.0002100467681884,0.0,0.0,0.0,0.0,0.0,0.0,0.0,0.0,0.0,0.0,0.0,0.0,0.0,1.0,1.0,5840,576,598,584.0,9.683892697555969,584.0,2.7394294738769533e-05,10,0.0411470005292764,84.4
0.0,47,63.5,36220.241796200346,0.0,0.0,0.0,0.0,0.0,0.0,0.0,0,0,0,0,0,0.0002760887145996,0.0,0.0,0.0,0.0,0.0,0.0,0.0,0.0,0.0,0.0,0.0,0.0,0.0,1.0,1.0,5828,571,602,582.8,12.06279864339578,582.8,2.920627593994141e-05,10,0.0506367216553737,165.26530612244898
0.0,47,63.5,37617.076233183856,0.0,0.0,0.0,0.0,0.0,0.0,0.0,0,0,0,0,0,0.0002658367156982,0.0,0.0,0.0,0.0,0.0,0.0,0.0,0.0,0.0,0.0,0.0,0.0,0.0,1.0,1.0,5812,574,587,581.2,5.181162460726786,581.2,2.799034118652344e-05,10,0.0427210283400016,29.1875
0.0,47,63.5,41651.47964250248,0.0,0.0,0.0,0.0,0.0,0.0,0.0,0,0,0,0,0,0.0002400875091552,0.0,0.0,0.0,0.0,0.0,0.0,0.0,0.0,0.0,0.0,0.0,0.0,0.0,1.0,1.0,5810,559,592,581.0,14.666666666666666,581.0,3.3807754516601565e-05,10,0.0721469933333333,204.1875
0.0,47,63.5,3838.8284825187625,0.0,0.0,0.0,0.0,0.0,0.0,0.0,0,0,0,0,0,0.0026049613952636,0.0,0.0,0.0,0.0,0.0,0.0,0.0,0.0,0.0,0.0,0.0,0.0,0.0,1.0,1.0,5910,587,592,591.0,2.10818510677892,591.0,0.0002630949020385,10,0.0193155302850974,4.0
0.0,47,63.5,696.2887214050932,0.0,0.0,0.0,0.0,0.0,0.0,0.0,0,0,0,0,0,0.0143618583679199,0.0,0.0,0.0,0.0,0.0,0.0,0.0,0.0,0.0,0.0,0.0,0.0,0.0,1.0,1.0,5874,578,611,587.4,12.833982667555349,587.4,0.0015630960464477,10,0.0390219611794553,185.25
0.0,47,63.5,27025.154639175256,0.0,0.0,0.0,0.0,0.0,0.0,0.0,0,0,0,0,0,0.0003700256347656,0.0,0.0,0.0,0.0,0.0,0.0,0.0,0.0,0.0,0.0,0.0,0.0,0.0,1.0,1.0,5872,584,597,587.2,5.223876806442596,587.2,4.870891571044922e-05,10,0.0256971284558725,30.96
0.0,47,63.5,2979.7556123898835,0.0,0.0,0.0,0.0,0.0,0.0,0.0,0,0,0,0,0,0.0033559799194335,0.0,0.0,0.0,0.0,0.0,0.0,0.0,0.0,0.0,0.0,0.0,0.0,0.0,1.0,1.0,5834,569,598,583.4,11.047372739454593,583.4,0.0003381967544555,10,0.0536313377591442,109.84
0.0,47,63.6,1353.699974180222,0.0,0.0,0.0,0.0,0.0,0.0,0.0,0,0,0,0,0,0.0073871612548828,0.0,0.0,0.0,0.0,0.0,0.0,0.0,0.0,0.0,0.0,0.0,0.1,0.0,1.0,1.0,5878,530,640,587.8,36.96785390338776,587.8,0.0007403135299682,10,0.130651374966084,1366.617283950617
0.0,47,63.5,5147.016811878758,0.0,0.0,0.0,0.0,0.0,0.0,0.0,0,0,0,0,0,0.0019428730010986,0.0,0.0,0.0,0.0,0.0,0.0,0.0,0.0,0.0,0.0,0.0,0.0,0.0,1.0,1.0,5753,564,588,575.3,8.57710129744698,575.3,0.0001953840255737,10,0.061145697984528,94.40816326530611
0.0,47,63.5,3898.414350776095,0.0,0.0,0.0,0.0,0.0,0.0,0.0,0,0,0,0,0,0.0025651454925537,0.0,0.0,0.0,0.0,0.0,0.0,0.0,0.0,0.0,0.0,0.0,0.0,0.0,1.0,1.0,5794,571,593,579.4,7.805980613179444,579.4,0.0002570152282714,10,0.0489026642625848,60.617283950617285
0.0,47,63.5,411.5734625989854,0.0,0.0,0.0,0.0,0.0,0.0,0.0,0,0,0,0,0,0.0242969989776611,0.0,0.0,0.0,0.0,0.0,0.0,0.0,0.0,0.0,0.0,0.0,0.0,0.0,1.0,1.0,5843,572,593,584.3,8.000694414306242,584.3,0.0024307966232299,10,0.0472778528766118,59.11111111111112
0.0,47,63.5,1337.0856578150403,0.0,0.0,0.0,0.0,0.0,0.0,0.0,0,0,0,0,0,0.0074789524078369,0.0,0.0,0.0,0.0,0.0,0.0,0.0,0.0,0.0,0.0,0.0,0.0,0.0,1.0,1.0,5854,577,592,585.4,7.089898917944223,585.4,0.0007516860961914,10,0.0383861812232137,45.24
0.0,47,63.5,29086.71289875173,0.0,0.0,0.0,0.0,0.0,0.0,0.0,0,0,0,0,0,0.0003437995910644,0.0,0.0,0.0,0.0,0.0,0.0,0.0,0.0,0.0,0.0,0.0,0.0,0.0,1.0,1.0,5920,592,592,592.0,0.0,592.0,3.499984741210938e-05,10,0.0,0.0
0.0,47,63.5,43284.87100103199,0.0,0.0,0.0,0.0,0.0,0.0,0.0,0,0,0,0,0,0.0002310276031494,0.0,0.0,0.0,0.0,0.0,0.0,0.0,0.0,0.0,0.0,0.0,0.0,0.0,1.0,1.0,5920,592,592,592.0,0.0,592.0,2.44140625e-05,10,0.0,0.0
0.0,47,63.5,30863.16409124356,0.0,0.0,0.0,0.0,0.0,0.0,0.0,0,0,0,0,0,0.000324010848999,0.0,0.0,0.0,0.0,0.0,0.0,0.0,0.0,0.0,0.0,0.0,0.0,0.0,1.0,1.0,5920,592,592,592.0,0.0,592.0,3.3402442932128905e-05,10,0.0,0.0
0.0,47,63.5,31161.248142644872,0.0,0.0,0.0,0.0,0.0,0.0,0.0,0,0,0,0,0,0.0003209114074707,0.0,0.0,0.0,0.0,0.0,0.0,0.0,0.0,0.0,0.0,0.0,0.0,0.0,1.0,1.0,5865,518,640,586.5,41.18589294622344,586.5,3.309249877929688e-05,10,0.1528191953505735,1695.506172839506
0.0,47,63.5,664.3179118425012,0.0,0.0,0.0,0.0,0.0,0.0,0.0,0,0,0,0,0,0.0150530338287353,0.0,0.0,0.0,0.0,0.0,0.0,0.0,0.0,0.0,0.0,0.0,0.0,0.0,1.0,1.0,5797,568,589,579.7,7.513691207093592,579.7,0.0015067100524902,10,0.0538959872501216,70.56
0.0,47,63.5,527.1212768631394,0.0,0.0,0.0,0.0,0.0,0.0,0.0,0,0,0,0,0,0.0189709663391113,0.0,0.0,0.0,0.0,0.0,0.0,0.0,0.0,0.0,0.0,0.0,0.0,0.0,1.0,1.0,5904,572,602,590.4,11.266469426281391,590.4,0.0019030809402465,10,0.04860819898549,151.67346938775512
0.0,47,63.5,165.22895591062368,0.0,0.0,0.0,0.0,0.0,0.0,0.0,0,0,0,0,0,0.0605220794677734,0.0,0.0,0.0,0.0,0.0,0.0,0.0,0.0,0.0,0.0,0.0,0.0,0.0,1.0,1.0,5824,577,596,582.4,5.966573556070518,582.4,0.0060550212860107,10,0.0379285834038009,90.25
0.0,47,63.5,275.9846291519714,0.0,0.0,0.0,0.0,0.0,0.0,0.0,0,0,0,0,0,0.036233901977539,0.0,0.0,0.0,0.0,0.0,0.0,0.0,0.0,0.0,0.0,0.0,0.0,0.0,1.0,1.0,5776,572,582,577.6,3.238655413730965,577.6,0.0036255836486816,10,0.0453379886693374,25.0
0.0,47,63.5,2270.1363931586925,0.0,0.0,0.0,0.0,0.0,0.0,0.0,0,0,0,0,0,0.0044050216674804,0.0,0.0,0.0,0.0,0.0,0.0,0.0,0.0,0.0,0.0,0.0,0.0,0.0,1.0,1.0,5780,578,578,578.0,0.0,578.0,0.0004430055618286,10,0.0,0.0
0.0,47,63.5,1045.7003241087011,0.0,0.0,0.0,0.0,0.0,0.0,0.0,0,0,0,0,0,0.0095629692077636,0.0,0.0,0.0,0.0,0.0,0.0,0.0,0.0,0.0,0.0,0.0,0.0,0.0,1.0,1.0,5780,578,578,578.0,0.0,578.0,0.0009573936462402,10,0.0,0.0
0.0,47,63.5,66260.72669826224,0.0,0.0,0.0,0.0,0.0,0.0,0.0,0,0,0,0,0,0.0001509189605712,0.0,0.0,0.0,0.0,0.0,0.0,0.0,0.0,0.0,0.0,0.0,0.0,0.0,1.0,1.0,5780,578,578,578.0,0.0,578.0,2.0003318786621092e-05,10,0.0,0.0
0.0,47,63.5,793.8345067756833,0.0,0.0,0.0,0.0,0.0,0.0,0.0,0,0,0,0,0,0.0125970840454101,0.0,0.0,0.0,0.0,0.0,0.0,0.0,0.0,0.0,0.0,0.0,0.0,0.0,1.0,1.0,5861,562,628,586.1,23.62884301488802,586.1,0.0012602090835571,10,0.0706854354905448,555.358024691358
0.0,47,63.5,39089.50605778192,0.0,0.0,0.0,0.0,0.0,0.0,0.0,0,0,0,0,0,0.0002558231353759,0.0,0.0,0.0,0.0,0.0,0.0,0.0,0.0,0.0,0.0,0.0,0.0,0.0,1.0,1.0,5918,584,597,591.8,4.685675570881488,591.8,2.658367156982422e-05,10,0.0254778868005543,24.571428571428573
0.0,47,63.5,62883.11844077961,0.0,0.0,0.0,0.0,0.0,0.0,0.0,0,0,0,0,0,0.0001590251922607,0.0,0.0,0.0,0.0,0.0,0.0,0.0,0.0,0.0,0.0,0.0,0.0,0.0,1.0,1.0,5896,580,599,589.6,6.449806198638839,589.6,2.040863037109375e-05,10,0.0330130430530775,40.76543209876544
0.0,47,63.5,2675.962740844711,0.0,0.0,0.0,0.0,0.0,0.0,0.0,0,0,0,0,0,0.0037369728088378,0.0,0.0,0.0,0.0,0.0,0.0,0.0,0.0,0.0,0.0,0.0,0.0,0.0,1.0,1.0,5894,585,595,589.4,3.921450978627398,589.4,0.0003742933273315,10,0.0234624422706536,13.84
0.0,47,63.5,1648.3156488249626,0.0,0.0,0.0,0.0,0.0,0.0,0.0,0,0,0,0,0,0.0060667991638183,0.0,0.0,0.0,0.0,0.0,0.0,0.0,0.0,0.0,0.0,0.0,0.0,0.0,1.0,1.0,5907,586,595,590.7,2.8303906287138374,590.7,0.0006083965301513,10,0.0213138579265128,20.25
0.0,47,63.5,282.5017848723648,0.0,0.0,0.0,0.0,0.0,0.0,0.0,0,0,0,0,0,0.0353980064392089,0.0,0.0,0.0,0.0,0.0,0.0,0.0,0.0,0.0,0.0,0.0,0.0,0.0,1.0,1.0,5920,592,592,592.0,0.0,592.0,0.0035410165786743,10,0.0,0.0
0.0,47,63.5,34379.54098360656,0.0,0.0,0.0,0.0,0.0,0.0,0.0,0,0,0,0,0,0.0002908706665039,0.0,0.0,0.0,0.0,0.0,0.0,0.0,0.0,0.0,0.0,0.0,0.0,0.0,1.0,1.0,5920,592,592,592.0,0.0,592.0,3.0088424682617188e-05,10,0.0,0.0
0.0,47,63.5,42581.766497461926,0.0,0.0,0.0,0.0,0.0,0.0,0.0,0,0,0,0,0,0.000234842300415,0.0,0.0,0.0,0.0,0.0,0.0,0.0,0.0,0.0,0.0,0.0,0.0,0.0,1.0,1.0,5920,592,592,592.0,0.0,592.0,2.47955322265625e-05,10,0.0,0.0
0.0,47,63.5,2668.1323155216287,0.0,0.0,0.0,0.0,0.0,0.0,0.0,0,0,0,0,0,0.0037479400634765,0.0,0.0,0.0,0.0,0.0,0.0,0.0,0.0,0.0,0.0,0.0,0.0,0.0,1.0,1.0,5920,592,592,592.0,0.0,592.0,0.0003755092620849,10,0.0,0.0
0.0,47,63.5,38026.32819582956,0.0,0.0,0.0,0.0,0.0,0.0,0.0,0,0,0,0,0,0.000262975692749,0.0,0.0,0.0,0.0,0.0,0.0,0.0,0.0,0.0,0.0,0.0,0.0,0.0,1.0,1.0,5920,592,592,592.0,0.0,592.0,2.799034118652344e-05,10,0.0,0.0
0.0,47,63.5,41985.02502502503,0.0,0.0,0.0,0.0,0.0,0.0,0.0,0,0,0,0,0,0.0002381801605224,0.0,0.0,0.0,0.0,0.0,0.0,0.0,0.0,0.0,0.0,0.0,0.0,0.0,1.0,1.0,5920,592,592,592.0,0.0,592.0,2.5320053100585935e-05,10,0.0,0.0
0.0,47,63.5,30570.72886297376,0.0,0.0,0.0,0.0,0.0,0.0,0.0,0,0,0,0,0,0.0003271102905273,0.0,0.0,0.0,0.0,0.0,0.0,0.0,0.0,0.0,0.0,0.0,0.0,0.0,1.0,1.0,5920,592,592,592.0,0.0,592.0,3.349781036376953e-05,10,0.0,0.0
0.0,47,63.5,1759.9462907015777,0.0,0.0,0.0,0.0,0.0,0.0,0.0,0,0,0,0,0,0.0056819915771484,0.0,0.0,0.0,0.0,0.0,0.0,0.0,0.0,0.0,0.0,0.0,0.0,0.0,1.0,1.0,5841,506,640,584.1,45.68600563751564,584.1,0.0005688905715942,10,0.1751019212564984,2084.246913580247
0.0,47,63.5,1619.1723285979,0.0,0.0,0.0,0.0,0.0,0.0,0.0,0,0,0,0,0,0.0061759948730468,0.0,0.0,0.0,0.0,0.0,0.0,0.0,0.0,0.0,0.0,0.0,0.0,0.0,1.0,1.0,5823,573,601,582.3,10.801748829600593,582.3,0.0006184101104736,10,0.0467147604032261,111.77777777777776
0.0,47,63.5,4440.766543144521,0.0,0.0,0.0,0.0,0.0,0.0,0.0,0,0,0,0,0,0.0022518634796142,0.0,0.0,0.0,0.0,0.0,0.0,0.0,0.0,0.0,0.0,0.0,0.0,0.0,1.0,1.0,5769,562,593,576.9,10.43977436963505,576.9,0.0002256870269775,10,0.0653127364872146,137.6734693877551
0.0,47,63.5,2183.396147839667,0.0,0.0,0.0,0.0,0.0,0.0,0.0,0,0,0,0,0,0.004580020904541,0.0,0.0,0.0,0.0,0.0,0.0,0.0,0.0,0.0,0.0,0.0,0.0,0.0,1.0,1.0,5791,573,590,579.1,6.118278625016462,579.1,0.0004590988159179,10,0.0448069019806867,33.69
0.0,47,63.5,1848.3624184734708,0.0,0.0,0.0,0.0,0.0,0.0,0.0,0,0,0,0,0,0.0054101943969726,0.0,0.0,0.0,0.0,0.0,0.0,0.0,0.0,0.0,0.0,0.0,0.0,0.0,1.0,1.0,5876,554,628,587.6,24.900691645905027,587.6,0.0005472183227539,10,0.0848365757488759,618.4444444444445
0.0,47,63.5,1481.0395480225989,0.0,0.0,0.0,0.0,0.0,0.0,0.0,0,0,0,0,0,0.0067520141601562,0.0,0.0,0.0,0.0,0.0,0.0,0.0,0.0,0.0,0.0,0.0,0.0,0.0,1.0,1.0,5951,584,600,595.1,4.701063709417262,595.1,0.0006756782531738,10,0.0254841553126682,64.0
0.0,47,63.5,952.1040564774248,0.0,0.0,0.0,0.0,0.0,0.0,0.0,0,0,0,0,0,0.0105030536651611,0.0,0.0,0.0,0.0,0.0,0.0,0.0,0.0,0.0,0.0,0.0,0.0,0.0,1.0,1.0,5926,588,595,592.6,2.503331114069145,592.6,0.0010513067245483,10,0.0177723669626271,7.840000000000001
0.0,47,63.5,64927.30650154799,0.0,0.0,0.0,0.0,0.0,0.0,0.0,0,0,0,0,0,0.0001540184020996,0.0,0.0,0.0,0.0,0.0,0.0,0.0,0.0,0.0,0.0,0.0,0.0,0.0,1.0,1.0,5931,588,598,593.1,3.281259920619924,593.1,2.081394195556641e-05,10,0.0180892640412636,9.69
0.0,47,63.5,3272.1984709002963,0.0,0.0,0.0,0.0,0.0,0.0,0.0,0,0,0,0,0,0.0030560493469238,0.0,0.0,0.0,0.0,0.0,0.0,0.0,0.0,0.0,0.0,0.0,0.0,0.0,1.0,1.0,5797,497,640,579.7,48.921819717222746,579.7,0.000306487083435,10,0.1917572324800079,2387.8024691358023
0.0,47,63.5,861.9259381036537,0.0,0.0,0.0,0.0,0.0,0.0,0.0,0,0,0,0,0,0.0116019248962402,0.0,0.0,0.0,0.0,0.0,0.0,0.0,0.0,0.0,0.0,0.0,0.0,0.0,1.0,1.0,5847,573,594,584.7,6.074537019394977,584.7,0.0011620998382568,10,0.0447890834002207,39.36
0.0,47,63.5,2990.377869670612,0.0,0.0,0.0,0.0,0.0,0.0,0.0,0,0,0,0,0,0.0033440589904785,0.0,0.0,0.0,0.0,0.0,0.0,0.0,0.0,0.0,0.0,0.0,0.0,0.0,1.0,1.0,5833,563,603,583.3,16.773325384205855,583.3,0.0003662109375,10,0.0661886418285101,253.21
0.0,47,63.5,7491.166279692802,0.0,0.0,0.0,0.0,0.0,0.0,0.0,0,0,0,0,0,0.0013349056243896,0.0,0.0,0.0,0.0,0.0,0.0,0.0,0.0,0.0,0.0,0.0,0.0,0.0,1.0,1.0,5902,563,604,590.2,11.7075474232081,590.2,0.0001344919204711,10,0.064125046518318,146.6875
0.0,47,63.5,1639.1043026300365,0.0,0.0,0.0,0.0,0.0,0.0,0.0,0,0,0,0,0,0.0061008930206298,0.0,0.0,0.0,0.0,0.0,0.0,0.0,0.0,0.0,0.0,0.0,0.0,0.0,1.0,1.0,5651,477,640,565.1,55.458593162426645,565.1,0.0006108999252319,10,0.2285026525106461,3060.9876543209875
0.0,47,63.5,1393.3176095405777,0.0,0.0,0.0,0.0,0.0,0.0,0.0,0,0,0,0,0,0.0071771144866943,0.0,0.0,0.0,0.0,0.0,0.0,0.0,0.0,0.0,0.0,0.0,0.0,0.0,1.0,1.0,5874,576,602,587.4,9.406853293683753,587.4,0.0007193088531494,10,0.041034145757715,99.95918367346938
0.0,47,63.5,3202.00320635163,0.0,0.0,0.0,0.0,0.0,0.0,0.0,0,0,0,0,0,0.0031230449676513,0.0,0.0,0.0,0.0,0.0,0.0,0.0,0.0,0.0,0.0,0.0,0.0,0.0,1.0,1.0,5819,569,597,581.9,10.857153299911436,581.9,0.0003131866455078,10,0.0535538499682519,106.09
0.0,47,63.5,344.9830564237539,0.0,0.0,0.0,0.0,0.0,0.0,0.0,0,0,0,0,0,0.0289869308471679,0.0,0.0,0.0,0.0,0.0,0.0,0.0,0.0,0.0,0.0,0.0,0.0,0.0,1.0,1.0,5744,536,597,574.4,22.969545054266963,574.4,0.0029067039489746,10,0.1147242438733062,930.25
0.0,47,63.5,30481.86046511628,0.0,0.0,0.0,0.0,0.0,0.0,0.0,0,0,0,0,0,0.0003280639648437,0.0,0.0,0.0,0.0,0.0,0.0,0.0,0.0,0.0,0.0,0.0,0.0,0.0,1.0,1.0,5800,503,640,580.0,46.34891824220089,580.0,3.349781036376953e-05,10,0.1804843553351429,2145.135802469136
0.0,47,63.5,43645.202913631634,0.0,0.0,0.0,0.0,0.0,0.0,0.0,0,0,0,0,0,0.0002291202545166,0.0,0.0,0.0,0.0,0.0,0.0,0.0,0.0,0.0,0.0,0.0,0.0,0.0,1.0,1.0,5877,577,610,587.7,12.570247058475465,587.7,2.350807189941406e-05,10,0.0406186558417405,160.6875
0.0,47,63.5,631.5106072240541,0.0,0.0,0.0,0.0,0.0,0.0,0.0,0,0,0,0,0,0.0158350467681884,0.0,0.0,0.0,0.0,0.0,0.0,0.0,0.0,0.0,0.0,0.0,0.0,0.0,1.0,1.0,5820,570,591,582.0,7.363574011458174,582.0,0.0015846014022827,10,0.0504265755093075,48.8
0.0,47,63.5,524.6027616569942,0.0,0.0,0.0,0.0,0.0,0.0,0.0,0,0,0,0,0,0.0190620422363281,0.0,0.0,0.0,0.0,0.0,0.0,0.0,0.0,0.0,0.0,0.0,0.0,0.0,1.0,1.0,5791,570,595,579.1,9.350579304691948,579.1,0.0019083023071289,10,0.0512360019855592,85.35802469135803
0.0,47,63.5,625.8567229210499,0.0,0.0,0.0,0.0,0.0,0.0,0.0,0,0,0,0,0,0.0159780979156494,0.0,0.0,0.0,0.0,0.0,0.0,0.0,0.0,0.0,0.0,0.0,0.0,0.0,1.0,1.0,5794,536,640,579.4,35.690646144644425,579.4,0.0015996932983398,10,0.1199063116134824,1273.5061728395062
0.0,47,63.5,56450.92866756393,0.0,0.0,0.0,0.0,0.0,0.0,0.0,0,0,0,0,0,0.0001771450042724,0.0,0.0,0.0,0.0,0.0,0.0,0.0,0.0,0.0,0.0,0.0,0.0,0.0,1.0,1.0,5821,573,594,582.1,7.766738197095497,582.1,2.520084381103516e-05,10,0.0454784184719688,54.29
0.0,47,63.5,3983.951367781155,0.0,0.0,0.0,0.0,0.0,0.0,0.0,0,0,0,0,0,0.0025100708007812,0.0,0.0,0.0,0.0,0.0,0.0,0.0,0.0,0.0,0.0,0.0,0.0,0.0,1.0,1.0,5836,576,594,583.6,6.363087999461337,583.6,0.0002912998199462,10,0.0397942375274606,49.0
0.0,47,63.5,885.5094371490098,0.0,0.0,0.0,0.0,0.0,0.0,0.0,0,0,0,0,0,0.0112929344177246,0.0,0.0,0.0,0.0,0.0,0.0,0.0,0.0,0.0,0.0,0.0,0.0,0.0,1.0,1.0,5817,569,591,581.7,8.590045918904558,581.7,0.001130199432373,10,0.0526303211055249,107.04
0.0,47,63.5,382.1027794732575,0.0,0.0,0.0,0.0,0.0,0.0,0.0,0,0,0,0,0,0.0261709690093994,0.0,0.0,0.0,0.0,0.0,0.0,0.0,0.0,0.0,0.0,0.0,0.0,0.0,1.0,1.0,5823,569,592,582.3,10.48861816976436,582.3,0.0026661872863769,10,0.0534037234976352,99.01
0.0,47,63.5,12641.060880048222,0.0,0.0,0.0,0.0,0.0,0.0,0.0,0,0,0,0,0,0.0007910728454589,0.0,0.0,0.0,0.0,0.0,0.0,0.0,0.0,0.0,0.0,0.0,0.0,0.0,1.0,1.0,5920,592,592,592.0,0.0,592.0,8.001327514648438e-05,10,0.0,0.0
0.0,47,63.5,93622.85714285714,0.0,0.0,0.0,0.0,0.0,0.0,0.0,0,0,0,0,0,0.0001068115234375,0.0,0.0,0.0,0.0,0.0,0.0,0.0,0.0,0.0,0.0,0.0,0.0,0.0,1.0,1.0,5920,592,592,592.0,0.0,592.0,1.1587142944335938e-05,10,0.0,0.0
0.0,47,63.5,24328.90951276102,0.0,0.0,0.0,0.0,0.0,0.0,0.0,0,0,0,0,0,0.000411033630371,0.0,0.0,0.0,0.0,0.0,0.0,0.0,0.0,0.0,0.0,0.0,0.0,0.0,1.0,1.0,5920,592,592,592.0,0.0,592.0,6.0510635375976565e-05,10,0.0,0.0
0.0,47,63.5,68534.37908496732,0.0,0.0,0.0,0.0,0.0,0.0,0.0,0,0,0,0,0,0.0001459121704101,0.0,0.0,0.0,0.0,0.0,0.0,0.0,0.0,0.0,0.0,0.0,0.0,0.0,1.0,1.0,5898,542,628,589.8,29.020299408823774,589.8,1.4901161193847656e-05,10,0.1069642991671784,833.8765432098766
0.0,47,63.5,24399.674229203025,0.0,0.0,0.0,0.0,0.0,0.0,0.0,0,0,0,0,0,0.0004098415374755,0.0,0.0,0.0,0.0,0.0,0.0,0.0,0.0,0.0,0.0,0.0,0.0,0.0,1.0,1.0,5934,587,598,593.4,4.168666186896928,593.4,4.138946533203125e-05,10,0.0201548878578943,20.64
0.0,47,63.5,75846.36528028933,0.0,0.0,0.0,0.0,0.0,0.0,0.0,0,0,0,0,0,0.0001318454742431,0.0,0.0,0.0,0.0,0.0,0.0,0.0,0.0,0.0,0.0,0.0,0.0,0.0,1.0,1.0,5911,586,594,591.1,2.923088169119167,591.1,1.64031982421875e-05,10,0.0213516191965723,8.543209876543209
0.0,47,63.5,14368.975676601576,0.0,0.0,0.0,0.0,0.0,0.0,0.0,0,0,0,0,0,0.0006959438323974,0.0,0.0,0.0,0.0,0.0,0.0,0.0,0.0,0.0,0.0,0.0,0.0,0.0,1.0,1.0,5929,591,594,592.9,0.875595035770913,592.9,7.009506225585938e-05,10,0.0,2.25
0.0,47,63.5,446.1313620166995,0.0,0.0,0.0,0.0,0.0,0.0,0.0,0,0,0,0,0,0.0224149227142334,0.0,0.0,0.0,0.0,0.0,0.0,0.0,0.0,0.0,0.0,0.0,0.0,0.0,1.0,1.0,5848,505,640,584.8,46.32685806071655,584.8,0.002242112159729,10,0.1770671088996134,2146.0
0.0,47,63.5,1353.0012903225806,0.0,0.0,0.0,0.0,0.0,0.0,0.0,0,0,0,0,0,0.0073909759521484,0.0,0.0,0.0,0.0,0.0,0.0,0.0,0.0,0.0,0.0,0.0,0.0,0.0,1.0,1.0,5795,564,591,579.5,9.548123724935005,579.5,0.0007994890213012,10,0.0615412536805895,121.0
0.0,47,63.5,31750.9765329296,0.0,0.0,0.0,0.0,0.0,0.0,0.0,0,0,0,0,0,0.0003149509429931,0.0,0.0,0.0,0.0,0.0,0.0,0.0,0.0,0.0,0.0,0.0,0.0,0.0,1.0,1.0,5769,573,581,576.9,3.2472210341220142,576.9,3.2401084899902345e-05,10,0.0436373479604599,13.44
0.0,47,63.5,38908.20037105752,0.0,0.0,0.0,0.0,0.0,0.0,0.0,0,0,0,0,0,0.0002570152282714,0.0,0.0,0.0,0.0,0.0,0.0,0.0,0.0,0.0,0.0,0.0,0.0,0.0,1.0,1.0,5728,561,586,572.8,9.37846232361977,572.8,2.7108192443847657e-05,10,0.0665845304121497,93.265306122449
0.0,47,63.5,27182.786779001945,0.0,0.0,0.0,0.0,0.0,0.0,0.0,0,0,0,0,0,0.0003678798675537,0.0,0.0,0.0,0.0,0.0,0.0,0.0,0.0,0.0,0.0,0.0,0.0,0.0,1.0,1.0,5842,570,592,584.2,9.44927980794774,584.2,3.7789344787597656e-05,10,0.0512762086225655,81.77777777777777
0.0,47,63.5,11905.48963951178,0.0,0.0,0.0,0.0,0.0,0.0,0.0,0,0,0,0,0,0.0008399486541748,0.0,0.0,0.0,0.0,0.0,0.0,0.0,0.0,0.0,0.0,0.0,0.0,0.0,1.0,1.0,5920,592,592,592.0,0.0,592.0,8.56161117553711e-05,10,0.0,0.0
0.0,47,63.5,36503.951261966926,0.0,0.0,0.0,0.0,0.0,0.0,0.0,0,0,0,0,0,0.0002739429473876,0.0,0.0,0.0,0.0,0.0,0.0,0.0,0.0,0.0,0.0,0.0,0.0,0.0,1.0,1.0,5920,592,592,592.0,0.0,592.0,6.549358367919922e-05,10,0.0,0.0
0.0,47,63.5,73071.49825783972,0.0,0.0,0.0,0.0,0.0,0.0,0.0,0,0,0,0,0,0.0001368522644042,0.0,0.0,0.0,0.0,0.0,0.0,0.0,0.0,0.0,0.0,0.0,0.0,0.0,1.0,1.0,5920,592,592,592.0,0.0,592.0,1.4090538024902344e-05,10,0.0,0.0
0.0,47,63.5,13888.423841059604,0.0,0.0,0.0,0.0,0.0,0.0,0.0,0,0,0,0,0,0.0007200241088867,0.0,0.0,0.0,0.0,0.0,0.0,0.0,0.0,0.0,0.0,0.0,0.0,0.0,1.0,1.0,5920,592,592,592.0,0.0,592.0,7.240772247314453e-05,10,0.0,0.0
0.0,47,63.5,49991.70441001192,0.0,0.0,0.0,0.0,0.0,0.0,0.0,0,0,0,0,0,0.0002000331878662,0.0,0.0,0.0,0.0,0.0,0.0,0.0,0.0,0.0,0.0,0.0,0.0,0.0,1.0,1.0,5920,592,592,592.0,0.0,592.0,2.560615539550781e-05,10,0.0,0.0
0.0,47,63.5,478.42498488633385,0.0,0.0,0.0,0.0,0.0,0.0,0.0,0,0,0,0,0,0.0209019184112548,0.0,0.0,0.0,0.0,0.0,0.0,0.0,0.0,0.0,0.0,0.0,0.0,0.0,1.0,1.0,5920,592,592,592.0,0.0,592.0,0.002091097831726,10,0.0,0.0
0.0,47,63.5,70374.22818791946,0.0,0.0,0.0,0.0,0.0,0.0,0.0,0,0,0,0,0,0.0001420974731445,0.0,0.0,0.0,0.0,0.0,0.0,0.0,0.0,0.0,0.0,0.0,0.0,0.0,1.0,1.0,5920,592,592,592.0,0.0,592.0,1.5997886657714842e-05,10,0.0,0.0
0.0,47,63.5,31441.559220389805,0.0,0.0,0.0,0.0,0.0,0.0,0.0,0,0,0,0,0,0.0003180503845214,0.0,0.0,0.0,0.0,0.0,0.0,0.0,0.0,0.0,0.0,0.0,0.0,0.0,1.0,1.0,5920,592,592,592.0,0.0,592.0,3.75986099243164e-05,10,0.0,0.0
0.0,47,63.5,37282.70222222222,0.0,0.0,0.0,0.0,0.0,0.0,0.0,0,0,0,0,0,0.0002682209014892,0.0,0.0,0.0,0.0,0.0,0.0,0.0,0.0,0.0,0.0,0.0,0.0,0.0,1.0,1.0,5920,592,592,592.0,0.0,592.0,2.7513504028320317e-05,10,0.0,0.0
0.0,47,63.5,45639.86942328618,0.0,0.0,0.0,0.0,0.0,0.0,0.0,0,0,0,0,0,0.0002191066741943,0.0,0.0,0.0,0.0,0.0,0.0,0.0,0.0,0.0,0.0,0.0,0.0,0.0,1.0,1.0,5920,592,592,592.0,0.0,592.0,2.2792816162109374e-05,10,0.0,0.0
0.0,47,63.5,2440.6773348850743,0.0,0.0,0.0,0.0,0.0,0.0,0.0,0,0,0,0,0,0.0040972232818603,0.0,0.0,0.0,0.0,0.0,0.0,0.0,0.0,0.0,0.0,0.0,0.0,0.0,1.0,1.0,5920,592,592,592.0,0.0,592.0,0.0004162073135375,10,0.0,0.0
0.0,47,63.5,24385.488372093023,0.0,0.0,0.0,0.0,0.0,0.0,0.0,0,0,0,0,0,0.0004100799560546,0.0,0.0,0.0,0.0,0.0,0.0,0.0,0.0,0.0,0.0,0.0,0.0,0.0,1.0,1.0,5920,592,592,592.0,0.0,592.0,4.179477691650391e-05,10,0.0,0.0
0.0,47,63.5,648.9315221091067,0.0,0.0,0.0,0.0,0.0,0.0,0.0,0,0,0,0,0,0.0154099464416503,0.0,0.0,0.0,0.0,0.0,0.0,0.0,0.0,0.0,0.0,0.0,0.0,0.0,1.0,1.0,5920,592,592,592.0,0.0,592.0,0.001542592048645,10,0.0,0.0
0.0,47,63.5,48998.878504672895,0.0,0.0,0.0,0.0,0.0,0.0,0.0,0,0,0,0,0,0.0002040863037109,0.0,0.0,0.0,0.0,0.0,0.0,0.0,0.0,0.0,0.0,0.0,0.0,0.0,1.0,1.0,5920,592,592,592.0,0.0,592.0,2.6702880859375e-05,10,0.0,0.0
0.0,47,63.5,9459.413622011729,0.0,0.0,0.0,0.0,0.0,0.0,0.0,0,0,0,0,0,0.0010571479797363,0.0,0.0,0.0,0.0,0.0,0.0,0.0,0.0,0.0,0.0,0.0,0.0,0.0,1.0,1.0,5920,592,592,592.0,0.0,592.0,0.000106406211853,10,0.0,0.0
0.0,47,63.5,66682.09856915739,0.0,0.0,0.0,0.0,0.0,0.0,0.0,0,0,0,0,0,0.0001499652862548,0.0,0.0,0.0,0.0,0.0,0.0,0.0,0.0,0.0,0.0,0.0,0.0,0.0,1.0,1.0,5771,470,640,577.1,59.774483593661344,577.1,1.5783309936523438e-05,10,0.2421896836367139,3549.135802469136
0.0,47,63.5,1224.435556853014,0.0,0.0,0.0,0.0,0.0,0.0,0.0,0,0,0,0,0,0.008167028427124,0.0,0.0,0.0,0.0,0.0,0.0,0.0,0.0,0.0,0.0,0.0,0.0,0.0,1.0,1.0,5825,564,593,582.5,10.91634859587521,582.5,0.0008200168609619,10,0.0620986137640157,115.4320987654321
0.0,47,63.5,25842.90819470117,0.0,0.0,0.0,0.0,0.0,0.0,0.0,0,0,0,0,0,0.0003869533538818,0.0,0.0,0.0,0.0,0.0,0.0,0.0,0.0,0.0,0.0,0.0,0.0,0.0,1.0,1.0,5956,585,604,595.6,7.501111028818775,595.6,3.938674926757812e-05,10,0.0249206525886996,50.64
0.0,47,63.5,19047.702089009992,0.0,0.0,0.0,0.0,0.0,0.0,0.0,0,0,0,0,0,0.0005249977111816,0.0,0.0,0.0,0.0,0.0,0.0,0.0,0.0,0.0,0.0,0.0,0.0,0.0,1.0,1.0,5894,574,608,589.4,13.28491207682192,589.4,5.3715705871582034e-05,10,0.0460221717836141,158.83999999999995
0.0,47,63.5,45245.9978425027,0.0,0.0,0.0,0.0,0.0,0.0,0.0,0,0,0,0,0,0.0002210140228271,0.0,0.0,0.0,0.0,0.0,0.0,0.0,0.0,0.0,0.0,0.0,0.0,0.0,1.0,1.0,5738,470,640,573.8,59.22612036368188,573.8,2.7298927307128903e-05,10,0.2419663023913494,3489.358024691358
0.0,47,63.5,31559.84951091046,0.0,0.0,0.0,0.0,0.0,0.0,0.0,0,0,0,0,0,0.0003168582916259,0.0,0.0,0.0,0.0,0.0,0.0,0.0,0.0,0.0,0.0,0.0,0.0,0.0,1.0,1.0,5894,579,606,589.4,10.254538290706,589.4,3.2281875610351564e-05,10,0.036267068718102,105.11111111111111
0.0,47,63.5,48044.71935853379,0.0,0.0,0.0,0.0,0.0,0.0,0.0,0,0,0,0,0,0.0002081394195556,0.0,0.0,0.0,0.0,0.0,0.0,0.0,0.0,0.0,0.0,0.0,0.0,0.0,1.0,1.0,5826,553,611,582.6,22.25209103782284,582.6,2.1219253540039062e-05,10,0.0854617718051675,558.4897959183673
0.0,47,63.5,65331.83800623053,0.0,0.0,0.0,0.0,0.0,0.0,0.0,0,0,0,0,0,0.0001530647277832,0.0,0.0,0.0,0.0,0.0,0.0,0.0,0.0,0.0,0.0,0.0,0.0,0.0,1.0,1.0,5901,578,600,590.1,9.073159439920705,590.1,2.110004425048828e-05,10,0.037489952229446,92.40816326530611
0.0,47,63.5,384.03750366246703,0.0,0.0,0.0,0.0,0.0,0.0,0.0,0,0,0,0,0,0.0260391235351562,0.0,0.0,0.0,0.0,0.0,0.0,0.0,0.0,0.0,0.0,0.0,0.0,0.0,1.0,1.0,5855,568,592,585.5,9.82344135219425,585.5,0.0026042938232421,10,0.0548368870692298,98.20408163265306
0.0,47,63.5,704.7710584242099,0.0,0.0,0.0,0.0,0.0,0.0,0.0,0,0,0,0,0,0.0141890048980712,0.0,0.0,0.0,0.0,0.0,0.0,0.0,0.0,0.0,0.0,0.0,0.0,0.0,1.0,1.0,5920,592,592,592.0,0.0,592.0,0.0014204978942871,10,0.0,0.0
0.0,47,63.5,64527.75384615385,0.0,0.0,0.0,0.0,0.0,0.0,0.0,0,0,0,0,0,0.000154972076416,0.0,0.0,0.0,0.0,0.0,0.0,0.0,0.0,0.0,0.0,0.0,0.0,0.0,1.0,1.0,5920,592,592,592.0,0.0,592.0,2.1505355834960935e-05,10,0.0,0.0
0.0,47,63.5,48545.18518518518,0.0,0.0,0.0,0.0,0.0,0.0,0.0,0,0,0,0,0,0.0002059936523437,0.0,0.0,0.0,0.0,0.0,0.0,0.0,0.0,0.0,0.0,0.0,0.0,0.0,1.0,1.0,5920,592,592,592.0,0.0,592.0,2.09808349609375e-05,10,0.0,0.0
0.0,47,63.5,68871.986863711,0.0,0.0,0.0,0.0,0.0,0.0,0.0,0,0,0,0,0,0.0001451969146728,0.0,0.0,0.0,0.0,0.0,0.0,0.0,0.0,0.0,0.0,0.0,0.0,0.0,1.0,1.0,5865,581,592,586.5,5.797509043642029,586.5,1.5020370483398438e-05,10,0.031043193284018,30.25
0.0,47,63.5,1345.3199473971197,0.0,0.0,0.0,0.0,0.0,0.0,0.0,0,0,0,0,0,0.0074331760406494,0.0,0.0,0.0,0.0,0.0,0.0,0.0,0.0,0.0,0.0,0.0,0.0,0.0,1.0,1.0,5810,581,581,581.0,0.0,581.0,0.0007467985153198,10,0.0,0.0
0.0,47,63.5,1079.7816908660282,0.0,0.0,0.0,0.0,0.0,0.0,0.0,0,0,0,0,0,0.009261131286621,0.0,0.0,0.0,0.0,0.0,0.0,0.0,0.0,0.0,0.0,0.0,0.0,0.0,1.0,1.0,5810,581,581,581.0,0.0,581.0,0.0009294986724853,10,0.0,0.0
0.0,47,63.5,5246.8151113335,0.0,0.0,0.0,0.0,0.0,0.0,0.0,0,0,0,0,0,0.0019059181213378,0.0,0.0,0.0,0.0,0.0,0.0,0.0,0.0,0.0,0.0,0.0,0.0,0.0,1.0,1.0,5810,581,581,581.0,0.0,581.0,0.0001920938491821,10,0.0,0.0
0.0,47,63.5,29937.93004996431,0.0,0.0,0.0,0.0,0.0,0.0,0.0,0,0,0,0,0,0.0003340244293212,0.0,0.0,0.0,0.0,0.0,0.0,0.0,0.0,0.0,0.0,0.0,0.0,0.0,1.0,1.0,5865,581,592,586.5,5.797509043642029,586.5,3.449916839599609e-05,10,0.031043193284018,30.25
0.0,47,63.5,37617.076233183856,0.0,0.0,0.0,0.0,0.0,0.0,0.0,0,0,0,0,0,0.0002658367156982,0.0,0.0,0.0,0.0,0.0,0.0,0.0,0.0,0.0,0.0,0.0,0.0,0.0,1.0,1.0,5920,592,592,592.0,0.0,592.0,2.7394294738769533e-05,10,0.0,0.0
0.0,47,63.5,1009.7753809856272,0.0,0.0,0.0,0.0,0.0,0.0,0.0,0,0,0,0,0,0.0099031925201416,0.0,0.0,0.0,0.0,0.0,0.0,0.0,0.0,0.0,0.0,0.0,0.0,0.0,1.0,1.0,5920,592,592,592.0,0.0,592.0,0.0009919166564941,10,0.0,0.0
0.0,47,63.5,44810.94017094017,0.0,0.0,0.0,0.0,0.0,0.0,0.0,0,0,0,0,0,0.000223159790039,0.0,0.0,0.0,0.0,0.0,0.0,0.0,0.0,0.0,0.0,0.0,0.0,0.0,1.0,1.0,5920,592,592,592.0,0.0,592.0,2.47955322265625e-05,10,0.0,0.0
0.0,47,63.5,52363.34581772784,0.0,0.0,0.0,0.0,0.0,0.0,0.0,0,0,0,0,0,0.0001909732818603,0.0,0.0,0.0,0.0,0.0,0.0,0.0,0.0,0.0,0.0,0.0,0.0,0.0,1.0,1.0,5920,592,592,592.0,0.0,592.0,1.959800720214844e-05,10,0.0,0.0
0.0,47,63.5,76959.70642201835,0.0,0.0,0.0,0.0,0.0,0.0,0.0,0,0,0,0,0,0.0001299381256103,0.0,0.0,0.0,0.0,0.0,0.0,0.0,0.0,0.0,0.0,0.0,0.0,0.0,1.0,1.0,5920,592,592,592.0,0.0,592.0,1.3899803161621091e-05,10,0.0,0.0
0.0,47,63.5,11696.33017289459,0.0,0.0,0.0,0.0,0.0,0.0,0.0,0,0,0,0,0,0.0008549690246582,0.0,0.0,0.0,0.0,0.0,0.0,0.0,0.0,0.0,0.0,0.0,0.0,0.0,1.0,1.0,5920,592,592,592.0,0.0,592.0,8.599758148193359e-05,10,0.0,0.0
0.0,47,63.5,71943.46483704975,0.0,0.0,0.0,0.0,0.0,0.0,0.0,0,0,0,0,0,0.0001389980316162,0.0,0.0,0.0,0.0,0.0,0.0,0.0,0.0,0.0,0.0,0.0,0.0,0.0,1.0,1.0,5920,592,592,592.0,0.0,592.0,1.430511474609375e-05,10,0.0,0.0
0.0,47,63.5,77528.72458410352,0.0,0.0,0.0,0.0,0.0,0.0,0.0,0,0,0,0,0,0.0001289844512939,0.0,0.0,0.0,0.0,0.0,0.0,0.0,0.0,0.0,0.0,0.0,0.0,0.0,1.0,1.0,5920,592,592,592.0,0.0,592.0,1.3685226440429687e-05,10,0.0,0.0
0.0,47,63.5,70969.61082910321,0.0,0.0,0.0,0.0,0.0,0.0,0.0,0,0,0,0,0,0.000140905380249,0.0,0.0,0.0,0.0,0.0,0.0,0.0,0.0,0.0,0.0,0.0,0.0,0.0,1.0,1.0,5920,592,592,592.0,0.0,592.0,1.4400482177734376e-05,10,0.0,0.0
0.0,47,63.5,190.3352634731626,0.0,0.0,0.0,0.0,0.0,0.0,0.0,0,0,0,0,0,0.0525388717651367,0.0,0.0,0.0,0.0,0.0,0.0,0.0,0.0,0.0,0.0,0.0,0.1,0.0,1.0,1.0,5918,590,592,591.8,0.6324555320336759,591.8,0.0052541971206665,10,0.0,0.64
0.0,47,63.5,90200.08602150538,0.0,0.0,0.0,0.0,0.0,0.0,0.0,0,0,0,0,0,0.0001108646392822,0.0,0.0,0.0,0.0,0.0,0.0,0.0,0.0,0.0,0.0,0.0,0.0,0.0,1.0,1.0,5920,592,592,592.0,0.0,592.0,1.3303756713867189e-05,10,0.0,0.0
0.0,47,63.5,49461.1320754717,0.0,0.0,0.0,0.0,0.0,0.0,0.0,0,0,0,0,0,0.0002021789550781,0.0,0.0,0.0,0.0,0.0,0.0,0.0,0.0,0.0,0.0,0.0,0.0,0.0,1.0,1.0,5920,592,592,592.0,0.0,592.0,2.131462097167969e-05,10,0.0,0.0
0.0,47,63.5,31465.14628657164,0.0,0.0,0.0,0.0,0.0,0.0,0.0,0,0,0,0,0,0.0003178119659423,0.0,0.0,0.0,0.0,0.0,0.0,0.0,0.0,0.0,0.0,0.0,0.0,0.0,1.0,1.0,5920,592,592,592.0,0.0,592.0,3.478527069091797e-05,10,0.0,0.0
0.0,47,63.5,1668.5777936905756,0.0,0.0,0.0,0.0,0.0,0.0,0.0,0,0,0,0,0,0.0059931278228759,0.0,0.0,0.0,0.0,0.0,0.0,0.0,0.0,0.0,0.0,0.0,0.0,0.0,1.0,1.0,5920,592,592,592.0,0.0,592.0,0.0006034135818481,10,0.0,0.0
0.0,47,63.5,70969.61082910321,0.0,0.0,0.0,0.0,0.0,0.0,0.0,0,0,0,0,0,0.000140905380249,0.0,0.0,0.0,0.0,0.0,0.0,0.0,0.0,0.0,0.0,0.0,0.0,0.0,1.0,1.0,5920,592,592,592.0,0.0,592.0,1.499652862548828e-05,10,0.0,0.0
0.0,47,63.5,22028.90756302521,0.0,0.0,0.0,0.0,0.0,0.0,0.0,0,0,0,0,0,0.0004539489746093,0.0,0.0,0.0,0.0,0.0,0.0,0.0,0.0,0.0,0.0,0.0,0.0,0.0,1.0,1.0,5920,592,592,592.0,0.0,592.0,0.0009145021438598,10,0.0,0.0
0.0,47,63.5,15505.744916820702,0.0,0.0,0.0,0.0,0.0,0.0,0.0,0,0,0,0,0,0.0006449222564697,0.0,0.0,0.0,0.0,0.0,0.0,0.0,0.0,0.0,0.0,0.0,0.0,0.0,1.0,1.0,5920,592,592,592.0,0.0,592.0,6.899833679199218e-05,10,0.0,0.0
0.0,47,63.5,74631.743772242,0.0,0.0,0.0,0.0,0.0,0.0,0.0,0,0,0,0,0,0.000133991241455,0.0,0.0,0.0,0.0,0.0,0.0,0.0,0.0,0.0,0.0,0.0,0.0,0.0,1.0,1.0,5920,592,592,592.0,0.0,592.0,1.4591217041015626e-05,10,0.0,0.0
0.0,47,63.5,107546.2564102564,0.0,0.0,0.0,0.0,0.0,0.0,0.0,0,0,0,0,0,9.298324584960938e-05,0.0,0.0,0.0,0.0,0.0,0.0,0.0,0.0,0.0,0.0,0.0,0.0,0.0,1.0,1.0,5920,592,592,592.0,0.0,592.0,1.02996826171875e-05,10,0.0,0.0
0.0,47,63.5,1767.0643747893496,0.0,0.0,0.0,0.0,0.0,0.0,0.0,0,0,0,0,0,0.0056591033935546,0.0,0.0,0.0,0.0,0.0,0.0,0.0,0.0,0.0,0.0,0.0,0.0,0.0,1.0,1.0,5908,589,592,590.8,1.5491933384829668,590.8,0.0005704164505004,10,0.0156795593983643,2.16
0.0,47,63.5,4819.377226243824,0.0,0.0,0.0,0.0,0.0,0.0,0.0,0,0,0,0,0,0.0020749568939208,0.0,0.0,0.0,0.0,0.0,0.0,0.0,0.0,0.0,0.0,0.0,0.0,0.0,1.0,1.0,5890,589,589,589.0,0.0,589.0,0.0002093791961669,10,0.0,0.0
0.0,47,63.5,30954.273062730623,0.0,0.0,0.0,0.0,0.0,0.0,0.0,0,0,0,0,0,0.0003230571746826,0.0,0.0,0.0,0.0,0.0,0.0,0.0,0.0,0.0,0.0,0.0,0.0,0.0,1.0,1.0,5890,589,589,589.0,0.0,589.0,3.461837768554687e-05,10,0.0,0.0
0.0,47,63.5,35971.73241852487,0.0,0.0,0.0,0.0,0.0,0.0,0.0,0,0,0,0,0,0.0002779960632324,0.0,0.0,0.0,0.0,0.0,0.0,0.0,0.0,0.0,0.0,0.0,0.0,0.0,1.0,1.0,5890,589,589,589.0,0.0,589.0,4.019737243652344e-05,10,0.0,0.0
0.0,47,63.5,16256.992248062015,0.0,0.0,0.0,0.0,0.0,0.0,0.0,0,0,0,0,0,0.000615119934082,0.0,0.0,0.0,0.0,0.0,0.0,0.0,0.0,0.0,0.0,0.0,0.0,0.0,1.0,1.0,5902,589,592,590.2,1.5491933384829668,590.2,0.0023180961608886,10,0.0156795593983643,2.16
0.0,47,63.5,1233.6551075031618,0.0,0.0,0.0,0.0,0.0,0.0,0.0,0,0,0,0,0,0.008105993270874,0.0,0.0,0.0,0.0,0.0,0.0,0.0,0.0,0.0,0.0,0.0,0.0,0.0,1.0,1.0,5920,592,592,592.0,0.0,592.0,0.0008116006851196,10,0.0,0.0
0.0,47,63.5,43106.92702980473,0.0,0.0,0.0,0.0,0.0,0.0,0.0,0,0,0,0,0,0.0002319812774658,0.0,0.0,0.0,0.0,0.0,0.0,0.0,0.0,0.0,0.0,0.0,0.0,0.0,1.0,1.0,5920,592,592,592.0,0.0,592.0,3.268718719482422e-05,10,0.0,0.0
0.0,47,63.5,39831.94681861348,0.0,0.0,0.0,0.0,0.0,0.0,0.0,0,0,0,0,0,0.0002510547637939,0.0,0.0,0.0,0.0,0.0,0.0,0.0,0.0,0.0,0.0,0.0,0.0,0.0,1.0,1.0,5920,592,592,592.0,0.0,592.0,2.901554107666016e-05,10,0.0,0.0
0.0,47,63.5,13070.439389217823,0.0,0.0,0.0,0.0,0.0,0.0,0.0,0,0,0,0,0,0.0007650852203369,0.0,0.0,0.0,0.0,0.0,0.0,0.0,0.0,0.0,0.0,0.0,0.0,0.0,1.0,1.0,5928,560,628,592.8,22.690183878594823,592.8,8.699893951416015e-05,10,0.0737113233047843,463.36
0.0,47,63.5,75846.36528028933,0.0,0.0,0.0,0.0,0.0,0.0,0.0,0,0,0,0,0,0.0001318454742431,0.0,0.0,0.0,0.0,0.0,0.0,0.0,0.0,0.0,0.0,0.0,0.0,0.0,1.0,1.0,5906,588,596,590.6,3.0983866769659336,590.6,1.8286705017089844e-05,10,0.0180147687967287,10.6875
0.0,47,63.5,54613.333333333336,0.0,0.0,0.0,0.0,0.0,0.0,0.0,0,0,0,0,0,0.00018310546875,0.0,0.0,0.0,0.0,0.0,0.0,0.0,0.0,0.0,0.0,0.0,0.0,0.0,1.0,1.0,5904,584,595,590.4,4.452215428550399,590.4,1.971721649169922e-05,10,0.0253827844769743,17.84
0.0,47,63.5,91779.08096280089,0.0,0.0,0.0,0.0,0.0,0.0,0.0,0,0,0,0,0,0.0001089572906494,0.0,0.0,0.0,0.0,0.0,0.0,0.0,0.0,0.0,0.0,0.0,0.0,0.0,1.0,1.0,5934,589,597,593.4,2.875181153713044,593.4,1.1897087097167968e-05,10,0.0162197137947764,9.1875
0.0,47,63.5,74631.743772242,0.0,0.0,0.0,0.0,0.0,0.0,0.0,0,0,0,0,0,0.000133991241455,0.0,0.0,0.0,0.0,0.0,0.0,0.0,0.0,0.0,0.0,0.0,0.0,0.0,1.0,1.0,5914,588,596,591.4,2.951459149490488,591.4,1.919269561767578e-05,10,0.0179549163991363,12.666666666666666
0.0,47,63.5,54050.30927835051,0.0,0.0,0.0,0.0,0.0,0.0,0.0,0,0,0,0,0,0.0001850128173828,0.0,0.0,0.0,0.0,0.0,0.0,0.0,0.0,0.0,0.0,0.0,0.0,0.0,1.0,1.0,5920,592,592,592.0,0.0,592.0,1.940727233886719e-05,10,0.0,0.0
0.0,47,63.5,89430.78891257996,0.0,0.0,0.0,0.0,0.0,0.0,0.0,0,0,0,0,0,0.0001118183135986,0.0,0.0,0.0,0.0,0.0,0.0,0.0,0.0,0.0,0.0,0.0,0.0,0.0,1.0,1.0,5920,592,592,592.0,0.0,592.0,1.2683868408203126e-05,10,0.0,0.0
0.0,47,63.5,1205.3983216461663,0.0,0.0,0.0,0.0,0.0,0.0,0.0,0,0,0,0,0,0.0082960128784179,0.0,0.0,0.0,0.0,0.0,0.0,0.0,0.0,0.0,0.0,0.0,0.0,0.0,1.0,1.0,5920,592,592,592.0,0.0,592.0,0.0008349180221557,10,0.0,0.0
0.0,47,63.5,35454.80980557904,0.0,0.0,0.0,0.0,0.0,0.0,0.0,0,0,0,0,0,0.0002820491790771,0.0,0.0,0.0,0.0,0.0,0.0,0.0,0.0,0.0,0.0,0.0,0.0,0.0,1.0,1.0,5890,541,628,589.0,29.257477676655583,589.0,3.0303001403808592e-05,10,0.1087650461063624,770.4
0.0,47,63.5,50231.18562874252,0.0,0.0,0.0,0.0,0.0,0.0,0.0,0,0,0,0,0,0.0001990795135498,0.0,0.0,0.0,0.0,0.0,0.0,0.0,0.0,0.0,0.0,0.0,0.0,0.0,1.0,1.0,5920,585,599,592.0,5.0771820705759385,592.0,2.2101402282714844e-05,10,0.0239332408882698,23.2
0.0,47,63.5,46759.24191750279,0.0,0.0,0.0,0.0,0.0,0.0,0.0,0,0,0,0,0,0.0002138614654541,0.0,0.0,0.0,0.0,0.0,0.0,0.0,0.0,0.0,0.0,0.0,0.0,0.0,1.0,1.0,5926,586,597,592.6,4.29987079909256,592.6,3.018379211425781e-05,10,0.0219124653687183,20.1875
0.0,47,63.5,698.9574723370217,0.0,0.0,0.0,0.0,0.0,0.0,0.0,0,0,0,0,0,0.0143070220947265,0.0,0.0,0.0,0.0,0.0,0.0,0.0,0.0,0.0,0.0,0.0,0.0,0.0,1.0,1.0,5916,584,600,591.6,6.619835513230085,591.6,0.0014379024505615,10,0.0262657861946694,39.44
0.0,47,63.5,36095.559380378654,0.0,0.0,0.0,0.0,0.0,0.0,0.0,0,0,0,0,0,0.000277042388916,0.0,0.0,0.0,0.0,0.0,0.0,0.0,0.0,0.0,0.0,0.0,0.0,0.0,1.0,1.0,5900,582,595,590.0,4.666666666666667,590.0,0.0001033067703247,10,0.0288784033333333,28.222222222222225
0.0,47,63.5,1276.183289721901,0.0,0.0,0.0,0.0,0.0,0.0,0.0,0,0,0,0,0,0.0078358650207519,0.0,0.0,0.0,0.0,0.0,0.0,0.0,0.0,0.0,0.0,0.0,0.0,0.0,1.0,1.0,5920,592,592,592.0,0.0,592.0,0.0007932901382446,10,0.0,0.0
0.0,47,63.5,44858.866310160425,0.0,0.0,0.0,0.0,0.0,0.0,0.0,0,0,0,0,0,0.0002229213714599,0.0,0.0,0.0,0.0,0.0,0.0,0.0,0.0,0.0,0.0,0.0,0.0,0.0,1.0,1.0,5770,577,577,577.0,0.0,577.0,0.0017261981964111,10,0.0,0.0
0.0,47,63.5,97997.7570093458,0.0,0.0,0.0,0.0,0.0,0.0,0.0,0,0,0,0,0,0.0001020431518554,0.0,0.0,0.0,0.0,0.0,0.0,0.0,0.0,0.0,0.0,0.0,0.0,0.0,1.0,1.0,5770,577,577,577.0,0.0,577.0,1.1205673217773438e-05,10,0.0,0.0
0.0,47,63.5,7598.376811594203,0.0,0.0,0.0,0.0,0.0,0.0,0.0,0,0,0,0,0,0.0013160705566406,0.0,0.0,0.0,0.0,0.0,0.0,0.0,0.0,0.0,0.0,0.0,0.0,0.0,1.0,1.0,5770,577,577,577.0,0.0,577.0,0.000136399269104,10,0.0,0.0
0.0,47,63.5,3002.1501682055687,0.0,0.0,0.0,0.0,0.0,0.0,0.0,0,0,0,0,0,0.0033309459686279,0.0,0.0,0.0,0.0,0.0,0.0,0.0,0.0,0.0,0.0,0.0,0.0,0.0,1.0,1.0,5770,577,577,577.0,0.0,577.0,0.0003345966339111,10,0.0,0.0
0.0,47,63.5,32691.379579111457,0.0,0.0,0.0,0.0,0.0,0.0,0.0,0,0,0,0,0,0.0003058910369873,0.0,0.0,0.0,0.0,0.0,0.0,0.0,0.0,0.0,0.0,0.0,0.0,0.0,1.0,1.0,5920,592,592,592.0,0.0,592.0,3.459453582763672e-05,10,0.0,0.0
0.0,47,63.5,34017.06407137064,0.0,0.0,0.0,0.0,0.0,0.0,0.0,0,0,0,0,0,0.0002939701080322,0.0,0.0,0.0,0.0,0.0,0.0,0.0,0.0,0.0,0.0,0.0,0.0,0.0,1.0,1.0,5920,592,592,592.0,0.0,592.0,3.1900405883789065e-05,10,0.0,0.0
0.0,47,63.5,1787.015465894082,0.0,0.0,0.0,0.0,0.0,0.0,0.0,0,0,0,0,0,0.0055959224700927,0.0,0.0,0.0,0.0,0.0,0.0,0.0,0.0,0.0,0.0,0.0,0.0,0.0,1.0,1.0,5920,592,592,592.0,0.0,592.0,0.0005629062652587,10,0.0,0.0
0.0,47,63.5,1795.968142502355,0.0,0.0,0.0,0.0,0.0,0.0,0.0,0,0,0,0,0,0.0055680274963378,0.0,0.0,0.0,0.0,0.0,0.0,0.0,0.0,0.0,0.0,0.0,0.0,0.0,1.0,1.0,5920,592,592,592.0,0.0,592.0,0.0009128093719482,10,0.0,0.0
0.0,47,63.5,1270.9626981000577,0.0,0.0,0.0,0.0,0.0,0.0,0.0,0,0,0,0,0,0.0078680515289306,0.0,0.0,0.0,0.0,0.0,0.0,0.0,0.0,0.0,0.0,0.0,0.0,0.0,1.0,1.0,5696,470,640,569.6,58.95610419814239,569.6,0.0007889032363891,10,0.2418563086061552,7225.0
0.0,47,63.5,49519.52774498229,0.0,0.0,0.0,0.0,0.0,0.0,0.0,0,0,0,0,0,0.000201940536499,0.0,0.0,0.0,0.0,0.0,0.0,0.0,0.0,0.0,0.0,0.0,0.0,0.0,1.0,1.0,5778,569,590,577.8,7.345444544447637,577.8,2.319812774658203e-05,10,0.0521233202896261,48.56
0.0,47,63.5,1157.145143046321,0.0,0.0,0.0,0.0,0.0,0.0,0.0,0,0,0,0,0,0.0086419582366943,0.0,0.0,0.0,0.0,0.0,0.0,0.0,0.0,0.0,0.0,0.0,0.0,0.0,1.0,1.0,5748,557,596,574.8,16.403251710153896,574.8,0.0009920835494995,10,0.0762626686166482,306.25
0.0,47,63.5,637.0159318378567,0.0,0.0,0.0,0.0,0.0,0.0,0.0,0,0,0,0,0,0.0156981945037841,0.0,0.0,0.0,0.0,0.0,0.0,0.0,0.0,0.0,0.0,0.0,0.0,0.0,1.0,1.0,5756,555,596,575.6,17.18655805499687,575.6,0.0015708208084106,10,0.0799900162892835,265.84000000000003
0.0,47,63.5,701.5059374477337,0.0,0.0,0.0,0.0,0.0,0.0,0.0,0,0,0,0,0,0.0142550468444824,0.0,0.0,0.0,0.0,0.0,0.0,0.0,0.0,0.0,0.0,0.0,0.0,0.0,1.0,1.0,5660,470,640,566.0,60.02592032706463,566.0,0.0023782968521118,10,0.242292108904433,7225.0
0.0,47,63.5,2405.5425556320256,0.0,0.0,0.0,0.0,0.0,0.0,0.0,0,0,0,0,0,0.0041570663452148,0.0,0.0,0.0,0.0,0.0,0.0,0.0,0.0,0.0,0.0,0.0,0.0,0.0,1.0,1.0,5808,566,594,580.8,12.318008497047456,580.8,0.0004170894622802,10,0.0592613339413573,136.56
0.0,47,63.5,1451.5673992040145,0.0,0.0,0.0,0.0,0.0,0.0,0.0,0,0,0,0,0,0.0068891048431396,0.0,0.0,0.0,0.0,0.0,0.0,0.0,0.0,0.0,0.0,0.0,0.0,0.0,1.0,1.0,5856,570,597,585.6,11.286176402031726,585.6,0.0016144037246704,10,0.0520244868191316,137.25
0.0,47,63.5,15644.550540842967,0.0,0.0,0.0,0.0,0.0,0.0,0.0,0,0,0,0,0,0.0006392002105712,0.0,0.0,0.0,0.0,0.0,0.0,0.0,0.0,0.0,0.0,0.0,0.0,0.0,1.0,1.0,5896,572,609,589.6,12.903057346570575,589.6,0.0001542091369628,10,0.049274879440699,181.25
0.0,47,63.5,54400.83009079118,0.0,0.0,0.0,0.0,0.0,0.0,0.0,0,0,0,0,0,0.0001838207244873,0.0,0.0,0.0,0.0,0.0,0.0,0.0,0.0,0.0,0.0,0.0,0.0,0.0,1.0,1.0,5670,470,640,567.0,60.56034639560408,567.0,1.9884109497070317e-05,10,0.2425098127077132,7225.0
0.0,47,63.5,97997.7570093458,0.0,0.0,0.0,0.0,0.0,0.0,0.0,0,0,0,0,0,0.0001020431518554,0.0,0.0,0.0,0.0,0.0,0.0,0.0,0.0,0.0,0.0,0.0,0.0,0.0,1.0,1.0,5746,551,605,574.6,19.35171539912906,574.6,1.1205673217773438e-05,10,0.0876885347849892,337.04
0.0,47,63.5,97090.37037037036,0.0,0.0,0.0,0.0,0.0,0.0,0.0,0,0,0,0,0,0.0001029968261718,0.0,0.0,0.0,0.0,0.0,0.0,0.0,0.0,0.0,0.0,0.0,0.0,0.0,1.0,1.0,5798,571,590,579.8,8.0938934457473,579.8,4.9591064453125e-05,10,0.0490199484340596,90.25
0.0,47,63.5,1181.327700323898,0.0,0.0,0.0,0.0,0.0,0.0,0.0,0,0,0,0,0,0.0084650516510009,0.0,0.0,0.0,0.0,0.0,0.0,0.0,0.0,0.0,0.0,0.0,0.0,0.0,1.0,1.0,5818,564,618,581.8,20.159365069366643,581.8,0.0008474111557006,10,0.0658638489546572,550.2222222222222
0.0,47,63.5,1206.5772970485014,0.0,0.0,0.0,0.0,0.0,0.0,0.0,0,0,0,0,0,0.0082879066467285,0.0,0.0,0.0,0.0,0.0,0.0,0.0,0.0,0.0,0.0,0.0,0.0,0.0,1.0,1.0,5920,592,592,592.0,0.0,592.0,0.0027967929840087,10,0.0,0.0
0.0,47,63.5,6020.244007463758,0.0,0.0,0.0,0.0,0.0,0.0,0.0,0,0,0,0,0,0.0016610622406005,0.0,0.0,0.0,0.0,0.0,0.0,0.0,0.0,0.0,0.0,0.0,0.0,0.0,1.0,1.0,5920,592,592,592.0,0.0,592.0,0.0001713037490844,10,0.0,0.0
0.0,47,63.5,902.6025952785728,0.0,0.0,0.0,0.0,0.0,0.0,0.0,0,0,0,0,0,0.0110790729522705,0.0,0.0,0.0,0.0,0.0,0.0,0.0,0.0,0.0,0.0,0.0,0.0,0.0,1.0,1.0,5920,592,592,592.0,0.0,592.0,0.0012259006500244,10,0.0,0.0
0.0,47,63.5,94254.02247191012,0.0,0.0,0.0,0.0,0.0,0.0,0.0,0,0,0,0,0,0.0001060962677001,0.0,0.0,0.0,0.0,0.0,0.0,0.0,0.0,0.0,0.0,0.0,0.0,0.0,1.0,1.0,5920,592,592,592.0,0.0,592.0,1.2111663818359374e-05,10,0.0,0.0
0.0,47,63.5,401.8186869509403,0.0,0.0,0.0,0.0,0.0,0.0,0.0,0,0,0,0,0,0.0248868465423584,0.0,0.0,0.0,0.0,0.0,0.0,0.0,0.0,0.0,0.0,0.0,0.0,0.0,1.0,1.0,5930,556,628,593.0,24.2120263964465,593.0,0.002541184425354,10,0.0811477810728564,1296.0
0.0,47,63.5,1260.2319572141098,0.0,0.0,0.0,0.0,0.0,0.0,0.0,0,0,0,0,0,0.0079350471496582,0.0,0.0,0.0,0.0,0.0,0.0,0.0,0.0,0.0,0.0,0.0,0.0,0.0,1.0,1.0,5924,588,596,592.4,3.3065591380365986,592.4,0.0007951021194458,10,0.0180995699304705,9.84
0.0,47,63.5,19963.369823893383,0.0,0.0,0.0,0.0,0.0,0.0,0.0,0,0,0,0,0,0.0005009174346923,0.0,0.0,0.0,0.0,0.0,0.0,0.0,0.0,0.0,0.0,0.0,0.0,0.0,1.0,1.0,5918,587,599,591.8,4.184627953726724,591.8,5.249977111816406e-05,10,0.02016139004323,15.76
0.0,47,63.5,2755.6034426121805,0.0,0.0,0.0,0.0,0.0,0.0,0.0,0,0,0,0,0,0.0036289691925048,0.0,0.0,0.0,0.0,0.0,0.0,0.0,0.0,0.0,0.0,0.0,0.0,0.0,1.0,1.0,5900,585,593,590.0,2.8284271247461903,590.0,0.0003679037094116,10,0.0230171880735366,7.2
0.0,47,63.5,48545.18518518518,0.0,0.0,0.0,0.0,0.0,0.0,0.0,0,0,0,0,0,0.0002059936523437,0.0,0.0,0.0,0.0,0.0,0.0,0.0,0.0,0.0,0.0,0.0,0.0,0.0,1.0,1.0,5906,554,628,590.6,24.753002062600636,590.6,2.229213714599609e-05,10,0.084776412920221,1369.0
0.0,47,63.5,13177.203895695884,0.0,0.0,0.0,0.0,0.0,0.0,0.0,0,0,0,0,0,0.0007588863372802,0.0,0.0,0.0,0.0,0.0,0.0,0.0,0.0,0.0,0.0,0.0,0.0,0.0,1.0,1.0,5922,588,595,592.2,2.859681411936962,592.2,7.829666137695312e-05,10,0.0179175298199665,8.1875
0.0,47,63.5,523.3916917279159,0.0,0.0,0.0,0.0,0.0,0.0,0.0,0,0,0,0,0,0.0191061496734619,0.0,0.0,0.0,0.0,0.0,0.0,0.0,0.0,0.0,0.0,0.0,0.0,0.0,1.0,1.0,5894,586,594,589.4,2.7968235951204043,589.4,0.0019173145294189,10,0.0213001840597082,7.040000000000001
0.0,47,63.5,894.1363064657102,0.0,0.0,0.0,0.0,0.0,0.0,0.0,0,0,0,0,0,0.0111839771270751,0.0,0.0,0.0,0.0,0.0,0.0,0.0,0.0,0.0,0.0,0.0,0.0,0.0,1.0,1.0,5926,584,597,592.6,5.015531433014407,592.6,0.0011193037033081,10,0.0256122568845528,32.666666666666664
0.0,47,63.5,51590.455104551045,0.0,0.0,0.0,0.0,0.0,0.0,0.0,0,0,0,0,0,0.0001938343048095,0.0,0.0,0.0,0.0,0.0,0.0,0.0,0.0,0.0,0.0,0.0,0.0,0.0,1.0,1.0,5850,585,585,585.0,0.0,585.0,0.004912781715393,10,0.0,0.0
0.0,47,63.5,55260.922266139656,0.0,0.0,0.0,0.0,0.0,0.0,0.0,0,0,0,0,0,0.000180959701538,0.0,0.0,0.0,0.0,0.0,0.0,0.0,0.0,0.0,0.0,0.0,0.0,0.0,1.0,1.0,5924,584,597,592.4,4.6475800154489,592.4,2.4008750915527344e-05,10,0.0254623681950933,24.1875
0.0,47,63.5,39983.832221163015,0.0,0.0,0.0,0.0,0.0,0.0,0.0,0,0,0,0,0,0.0002501010894775,0.0,0.0,0.0,0.0,0.0,0.0,0.0,0.0,0.0,0.0,0.0,0.0,0.0,1.0,1.0,5884,527,640,588.4,38.07944910899375,588.4,2.7513504028320317e-05,10,0.1362165843890396,1629.5
0.0,47,63.5,63262.503770739066,0.0,0.0,0.0,0.0,0.0,0.0,0.0,0,0,0,0,0,0.0001580715179443,0.0,0.0,0.0,0.0,0.0,0.0,0.0,0.0,0.0,0.0,0.0,0.0,0.0,1.0,1.0,5788,575,581,578.8,2.14993539954628,578.8,1.749992370605469e-05,10,0.0397820976843592,4.16
0.0,47,63.5,62137.83703703704,0.0,0.0,0.0,0.0,0.0,0.0,0.0,0,0,0,0,0,0.0001609325408935,0.0,0.0,0.0,0.0,0.0,0.0,0.0,0.0,0.0,0.0,0.0,0.0,0.0,1.0,1.0,5746,566,580,574.6,4.926120853842978,574.6,2.3579597473144533e-05,10,0.0562501745910215,22.88888888888889
0.0,47,63.5,38908.20037105752,0.0,0.0,0.0,0.0,0.0,0.0,0.0,0,0,0,0,0,0.0002570152282714,0.0,0.0,0.0,0.0,0.0,0.0,0.0,0.0,0.0,0.0,0.0,0.0,0.0,1.0,1.0,5872,576,598,587.2,7.983315935958775,587.2,2.720355987548828e-05,10,0.0404542535796722,57.36
0.0,47,63.5,921.5820003515556,0.0,0.0,0.0,0.0,0.0,0.0,0.0,0,0,0,0,0,0.0108509063720703,0.0,0.0,0.0,0.0,0.0,0.0,0.0,0.0,0.0,0.0,0.0,0.0,0.0,1.0,1.0,5862,563,628,586.2,24.343833351019768,586.2,0.0010884046554565,10,0.0692725639538714,652.25
0.0,47,63.5,32164.907975460123,0.0,0.0,0.0,0.0,0.0,0.0,0.0,0,0,0,0,0,0.0003108978271484,0.0,0.0,0.0,0.0,0.0,0.0,0.0,0.0,0.0,0.0,0.0,0.0,0.0,1.0,1.0,5916,588,597,591.6,3.921450978627398,591.6,3.459453582763672e-05,10,0.0183500522706536,20.25
0.0,47,63.5,8292.415974693555,0.0,0.0,0.0,0.0,0.0,0.0,0.0,0,0,0,0,0,0.0012059211730957,0.0,0.0,0.0,0.0,0.0,0.0,0.0,0.0,0.0,0.0,0.0,0.0,0.0,1.0,1.0,5932,589,596,593.2,3.22490309931942,593.2,0.0001233100891113,10,0.0163621765265386,9.432098765432098
0.0,47,63.5,448.3489043292357,0.0,0.0,0.0,0.0,0.0,0.0,0.0,0,0,0,0,0,0.0223040580749511,0.0,0.0,0.0,0.0,0.0,0.0,0.0,0.0,0.0,0.0,0.0,0.0,0.0,1.0,1.0,5908,557,628,590.8,24.01295946405237,590.8,0.0022963047027587,10,0.0793625591672763,1260.25
0.0,47,63.5,68422.57748776508,0.0,0.0,0.0,0.0,0.0,0.0,0.0,0,0,0,0,0,0.0001461505889892,0.0,0.0,0.0,0.0,0.0,0.0,0.0,0.0,0.0,0.0,0.0,0.0,0.0,1.0,1.0,5912,584,596,591.2,4.184627953726724,591.2,1.5997886657714842e-05,10,0.0252737800432301,36.0
0.0,47,63.5,75166.73835125448,0.0,0.0,0.0,0.0,0.0,0.0,0.0,0,0,0,0,0,0.0001330375671386,0.0,0.0,0.0,0.0,0.0,0.0,0.0,0.0,0.0,0.0,0.0,0.0,0.0,1.0,1.0,5916,589,594,591.6,1.837873166945363,591.6,1.4185905456542969e-05,10,0.0157971560132867,4.666666666666667
0.0,47,63.5,51275.11002444988,0.0,0.0,0.0,0.0,0.0,0.0,0.0,0,0,0,0,0,0.000195026397705,0.0,0.0,0.0,0.0,0.0,0.0,0.0,0.0,0.0,0.0,0.0,0.0,0.0,1.0,1.0,5902,585,595,590.2,4.289522117905444,590.2,7.350444793701172e-05,10,0.0236123797299499,16.56
0.0,47,63.5,34351.38411138411,0.0,0.0,0.0,0.0,0.0,0.0,0.0,0,0,0,0,0,0.000291109085083,0.0,0.0,0.0,0.0,0.0,0.0,0.0,0.0,0.0,0.0,0.0,0.0,0.0,1.0,1.0,5920,592,592,592.0,0.0,592.0,3.070831298828125e-05,10,0.0,0.0
0.0,47,63.5,10672.529262086517,0.0,0.0,0.0,0.0,0.0,0.0,0.0,0,0,0,0,0,0.0009369850158691,0.0,0.0,0.0,0.0,0.0,0.0,0.0,0.0,0.0,0.0,0.0,0.0,0.0,1.0,1.0,5798,506,640,579.8,45.2764348812443,579.8,9.620189666748048e-05,10,0.1749350785132237,3072.888888888889
0.0,47,63.5,99864.38095238096,0.0,0.0,0.0,0.0,0.0,0.0,0.0,0,0,0,0,0,0.0001001358032226,0.0,0.0,0.0,0.0,0.0,0.0,0.0,0.0,0.0,0.0,0.0,0.0,0.0,1.0,1.0,5784,569,592,578.4,8.630694577430537,578.4,5.810260772705078e-05,10,0.0526468797430621,89.55555555555556
0.0,47,63.5,74631.743772242,0.0,0.0,0.0,0.0,0.0,0.0,0.0,0,0,0,0,0,0.000133991241455,0.0,0.0,0.0,0.0,0.0,0.0,0.0,0.0,0.0,0.0,0.0,0.0,0.0,1.0,1.0,5890,576,600,589.0,8.894442709417556,589.0,1.4400482177734376e-05,10,0.0408254101821083,98.0
0.0,47,63.5,9534.676062741531,0.0,0.0,0.0,0.0,0.0,0.0,0.0,0,0,0,0,0,0.0010488033294677,0.0,0.0,0.0,0.0,0.0,0.0,0.0,0.0,0.0,0.0,0.0,0.0,0.0,1.0,1.0,5832,573,596,583.2,9.271221901969316,583.2,0.000105881690979,10,0.0460912849539862,77.36
0.0,47,63.5,57852.46896551724,0.0,0.0,0.0,0.0,0.0,0.0,0.0,0,0,0,0,0,0.0001728534698486,0.0,0.0,0.0,0.0,0.0,0.0,0.0,0.0,0.0,0.0,0.0,0.0,0.0,1.0,1.0,5930,560,628,593.0,22.764494771951828,593.0,2.0599365234375e-05,10,0.0737415945903023,776.2222222222222
0.0,47,63.5,5440.788688545856,0.0,0.0,0.0,0.0,0.0,0.0,0.0,0,0,0,0,0,0.0018379688262939,0.0,0.0,0.0,0.0,0.0,0.0,0.0,0.0,0.0,0.0,0.0,0.0,0.0,1.0,1.0,5936,590,599,593.6,3.3730961708462712,593.6,0.0001852989196777,10,0.014718414456156,10.6875
0.0,47,63.5,77528.72458410352,0.0,0.0,0.0,0.0,0.0,0.0,0.0,0,0,0,0,0,0.0001289844512939,0.0,0.0,0.0,0.0,0.0,0.0,0.0,0.0,0.0,0.0,0.0,0.0,0.0,1.0,1.0,5920,592,592,592.0,0.0,592.0,1.4400482177734376e-05,10,0.0,0.0
0.0,47,63.5,74631.743772242,0.0,0.0,0.0,0.0,0.0,0.0,0.0,0,0,0,0,0,0.000133991241455,0.0,0.0,0.0,0.0,0.0,0.0,0.0,0.0,0.0,0.0,0.0,0.0,0.0,1.0,1.0,5920,592,592,592.0,0.0,592.0,6.830692291259766e-05,10,0.0,0.0
0.0,47,63.5,74631.743772242,0.0,0.0,0.0,0.0,0.0,0.0,0.0,0,0,0,0,0,0.000133991241455,0.0,0.0,0.0,0.0,0.0,0.0,0.0,0.0,0.0,0.0,0.0,0.0,0.0,1.0,1.0,5920,592,592,592.0,0.0,592.0,1.430511474609375e-05,10,0.0,0.0
0.0,47,63.5,87746.94560669456,0.0,0.0,0.0,0.0,0.0,0.0,0.0,0,0,0,0,0,0.0001139640808105,0.0,0.0,0.0,0.0,0.0,0.0,0.0,0.0,0.0,0.0,0.0,0.0,0.0,1.0,1.0,5920,592,592,592.0,0.0,592.0,4.470348358154297e-05,10,0.0,0.0
0.0,47,63.5,90200.08602150538,0.0,0.0,0.0,0.0,0.0,0.0,0.0,0,0,0,0,0,0.0001108646392822,0.0,0.0,0.0,0.0,0.0,0.0,0.0,0.0,0.0,0.0,0.0,0.0,0.0,1.0,1.0,5880,588,588,588.0,0.0,588.0,9.448528289794922e-05,10,0.0,0.0
0.0,47,63.5,74631.743772242,0.0,0.0,0.0,0.0,0.0,0.0,0.0,0,0,0,0,0,0.000133991241455,0.0,0.0,0.0,0.0,0.0,0.0,0.0,0.0,0.0,0.0,0.0,0.0,0.0,1.0,1.0,5880,588,588,588.0,0.0,588.0,1.430511474609375e-05,10,0.0,0.0
0.0,47,63.5,108660.72538860104,0.0,0.0,0.0,0.0,0.0,0.0,0.0,0,0,0,0,0,9.202957153320312e-05,0.0,0.0,0.0,0.0,0.0,0.0,0.0,0.0,0.0,0.0,0.0,0.0,0.0,1.0,1.0,5880,588,588,588.0,0.0,588.0,1.010894775390625e-05,10,0.0,0.0
0.0,47,63.5,692.9068922222956,0.0,0.0,0.0,0.0,0.0,0.0,0.0,0,0,0,0,0,0.0144319534301757,0.0,0.0,0.0,0.0,0.0,0.0,0.0,0.0,0.0,0.0,0.0,0.0,0.0,1.0,1.0,5880,588,588,588.0,0.0,588.0,0.0014479875564575,10,0.0,0.0
0.0,47,63.5,166440.6349206349,0.0,0.0,0.0,0.0,0.0,0.0,0.0,0,0,0,0,0,6.008148193359375e-05,0.0,0.0,0.0,0.0,0.0,0.0,0.0,0.0,0.0,0.0,0.0,0.0,0.0,1.0,1.0,5604,470,640,560.4,57.00916105718839,560.4,7.009506225585937e-06,10,0.2410632018482562,7225.0
0.0,47,63.5,2075.5661124307203,0.0,0.0,0.0,0.0,0.0,0.0,0.0,0,0,0,0,0,0.0048179626464843,0.0,0.0,0.0,0.0,0.0,0.0,0.0,0.0,0.0,0.0,0.0,0.0,0.0,1.0,1.0,5846,570,598,584.6,10.616548926610337,584.6,0.000482702255249,10,0.0517517073707439,108.75
0.0,47,63.5,169809.87854251012,0.0,0.0,0.0,0.0,0.0,0.0,0.0,0,0,0,0,0,5.888938903808594e-05,0.0,0.0,0.0,0.0,0.0,0.0,0.0,0.0,0.0,0.0,0.0,0.0,0.0,1.0,1.0,5860,569,605,586.0,14.46835627614047,586.0,7.295608520507813e-06,10,0.0550249096126485,218.0
0.0,47,63.5,195995.5140186916,0.0,0.0,0.0,0.0,0.0,0.0,0.0,0,0,0,0,0,5.1021575927734375e-05,0.0,0.0,0.0,0.0,0.0,0.0,0.0,0.0,0.0,0.0,0.0,0.0,0.0,1.0,1.0,5862,576,595,586.2,6.713171133426189,586.2,6.008148193359375e-06,10,0.0399368473929125,42.25
0.0,47,63.5,169125.16129032258,0.0,0.0,0.0,0.0,0.0,0.0,0.0,0,0,0,0,0,5.91278076171875e-05,0.0,0.0,0.0,0.0,0.0,0.0,0.0,0.0,0.0,0.0,0.0,0.0,0.0,1.0,1.0,5926,555,628,592.6,24.37302698567505,592.6,6.699562072753907e-06,10,0.0829174962728846,1332.25
0.0,47,63.5,107546.2564102564,0.0,0.0,0.0,0.0,0.0,0.0,0.0,0,0,0,0,0,9.298324584960938e-05,0.0,0.0,0.0,0.0,0.0,0.0,0.0,0.0,0.0,0.0,0.0,0.0,0.0,1.0,1.0,5948,590,599,594.8,3.084008934992101,594.8,0.0008848905563354,10,0.0146006518797584,13.555555555555555
0.0,47,63.5,682.0339203538384,0.0,0.0,0.0,0.0,0.0,0.0,0.0,0,0,0,0,0,0.0146620273590087,0.0,0.0,0.0,0.0,0.0,0.0,0.0,0.0,0.0,0.0,0.0,0.0,0.0,1.0,1.0,5922,590,596,592.2,2.8596814119369625,592.2,0.0014672994613647,10,0.0145092698199667,9.0
0.0,47,63.5,50963.59659781288,0.0,0.0,0.0,0.0,0.0,0.0,0.0,0,0,0,0,0,0.0001962184906005,0.0,0.0,0.0,0.0,0.0,0.0,0.0,0.0,0.0,0.0,0.0,0.0,0.0,1.0,1.0,5930,588,597,593.0,3.126943839882286,593.0,0.0036301136016845,10,0.0180264018426143,20.25
0.0,47,63.5,3638.993579732778,0.0,0.0,0.0,0.0,0.0,0.0,0.0,0,0,0,0,0,0.0027480125427246,0.0,0.0,0.0,0.0,0.0,0.0,0.0,0.0,0.0,0.0,0.0,0.0,0.0,1.0,1.0,5798,538,640,579.8,35.16563979543415,579.8,0.0002769947052001,10,0.116284185027068,2601.0
0.0,47,63.5,10810.061855670105,0.0,0.0,0.0,0.0,0.0,0.0,0.0,0,0,0,0,0,0.000925064086914,0.0,0.0,0.0,0.0,0.0,0.0,0.0,0.0,0.0,0.0,0.0,0.0,0.0,1.0,1.0,5830,573,589,583.0,5.656854249492381,583.0,9.529590606689451e-05,10,0.0446189361470732,36.0
0.0,47,63.5,3480.75020746888,0.0,0.0,0.0,0.0,0.0,0.0,0.0,0,0,0,0,0,0.0028729438781738,0.0,0.0,0.0,0.0,0.0,0.0,0.0,0.0,0.0,0.0,0.0,0.0,0.0,1.0,1.0,5740,555,586,574.0,11.372481406154654,574.0,0.0027143955230712,10,0.0776215940256111,116.4
0.0,47,63.5,192399.26605504588,0.0,0.0,0.0,0.0,0.0,0.0,0.0,0,0,0,0,0,5.197525024414063e-05,0.0,0.0,0.0,0.0,0.0,0.0,0.0,0.0,0.0,0.0,0.0,0.0,0.0,1.0,1.0,5778,569,586,577.8,6.941021378570864,577.8,6.103515625e-06,10,0.0519585744687746,44.02469135802469
0.0,47,63.5,10729.864415451522,0.0,0.0,0.0,0.0,0.0,0.0,0.0,0,0,0,0,0,0.000931978225708,0.0,0.0,0.0,0.0,0.0,0.0,0.0,0.0,0.0,0.0,0.0,0.0,0.0,1.0,1.0,5916,559,628,591.6,23.291390874932496,591.6,9.40084457397461e-05,10,0.0756603609868125,1190.25
0.0,47,63.5,7873.669983104937,0.0,0.0,0.0,0.0,0.0,0.0,0.0,0,0,0,0,0,0.001270055770874,0.0,0.0,0.0,0.0,0.0,0.0,0.0,0.0,0.0,0.0,0.0,0.0,0.0,1.0,1.0,5932,590,595,593.2,1.932183566158592,593.2,0.00012948513031,10,0.0141314442975104,3.3600000000000003
0.0,47,63.5,199728.7619047619,0.0,0.0,0.0,0.0,0.0,0.0,0.0,0,0,0,0,0,5.0067901611328125e-05,0.0,0.0,0.0,0.0,0.0,0.0,0.0,0.0,0.0,0.0,0.0,0.0,0.0,1.0,1.0,5964,593,600,596.4,2.716206504995115,596.4,5.91278076171875e-06,10,0.0093384338818748,9.76
0.0,47,63.5,199728.7619047619,0.0,0.0,0.0,0.0,0.0,0.0,0.0,0,0,0,0,0,5.0067901611328125e-05,0.0,0.0,0.0,0.0,0.0,0.0,0.0,0.0,0.0,0.0,0.0,0.0,0.0,1.0,1.0,5910,584,596,591.0,4.8074017006186525,591.0,5.888938903808594e-06,10,0.025527473156764,24.0
0.0,47,63.5,178481.02127659574,0.0,0.0,0.0,0.0,0.0,0.0,0.0,0,0,0,0,0,5.602836608886719e-05,0.0,0.0,0.0,0.0,0.0,0.0,0.0,0.0,0.0,0.0,0.0,0.0,0.0,1.0,1.0,5798,504,640,579.8,46.03573491201037,579.8,6.413459777832031e-06,10,0.1786526469737565,4624.0
0.0,47,63.5,199728.7619047619,0.0,0.0,0.0,0.0,0.0,0.0,0.0,0,0,0,0,0,5.0067901611328125e-05,0.0,0.0,0.0,0.0,0.0,0.0,0.0,0.0,0.0,0.0,0.0,0.0,0.0,1.0,1.0,5834,568,596,583.4,9.743373816770724,583.4,5.888938903808594e-06,10,0.0548042707579997,85.44
0.0,47,63.5,204600.19512195123,0.0,0.0,0.0,0.0,0.0,0.0,0.0,0,0,0,0,0,4.887580871582031e-05,0.0,0.0,0.0,0.0,0.0,0.0,0.0,0.0,0.0,0.0,0.0,0.0,0.0,1.0,1.0,5820,569,589,582.0,8.219218670625303,582.0,5.793571472167969e-06,10,0.0524792609176659,81.0
0.0,47,63.5,195995.5140186916,0.0,0.0,0.0,0.0,0.0,0.0,0.0,0,0,0,0,0,5.1021575927734375e-05,0.0,0.0,0.0,0.0,0.0,0.0,0.0,0.0,0.0,0.0,0.0,0.0,0.0,1.0,1.0,5800,568,590,580.0,9.16515138991168,580.0,6.008148193359375e-06,10,0.0545687260701944,86.6875
0.0,47,63.5,192399.26605504588,0.0,0.0,0.0,0.0,0.0,0.0,0.0,0,0,0,0,0,5.197525024414063e-05,0.0,0.0,0.0,0.0,0.0,0.0,0.0,0.0,0.0,0.0,0.0,0.0,0.0,1.0,1.0,5822,518,640,582.2,40.783438904644726,582.2,6.008148193359375e-06,10,0.152655251672196,3721.0
0.0,47,63.5,199728.7619047619,0.0,0.0,0.0,0.0,0.0,0.0,0.0,0,0,0,0,0,5.0067901611328125e-05,0.0,0.0,0.0,0.0,0.0,0.0,0.0,0.0,0.0,0.0,0.0,0.0,0.0,1.0,1.0,5824,564,594,582.4,11.730302638892145,582.4,5.888938903808594e-06,10,0.0624301860829791,225.0
0.0,47,63.5,195995.5140186916,0.0,0.0,0.0,0.0,0.0,0.0,0.0,0,0,0,0,0,5.1021575927734375e-05,0.0,0.0,0.0,0.0,0.0,0.0,0.0,0.0,0.0,0.0,0.0,0.0,0.0,1.0,1.0,5766,570,583,576.6,5.440588203494177,576.6,5.91278076171875e-06,10,0.0496432280105753,26.64
0.0,47,63.5,203606.99029126213,0.0,0.0,0.0,0.0,0.0,0.0,0.0,0,0,0,0,0,4.911422729492188e-05,0.0,0.0,0.0,0.0,0.0,0.0,0.0,0.0,0.0,0.0,0.0,0.0,0.0,1.0,1.0,5856,564,604,585.6,14.446837408620308,585.6,5.793571472167969e-06,10,0.0635367936867755,233.0
0.0,47,63.5,4606.088293432901,0.0,0.0,0.0,0.0,0.0,0.0,0.0,0,0,0,0,0,0.0021710395812988,0.0,0.0,0.0,0.0,0.0,0.0,0.0,0.0,0.0,0.0,0.0,0.0,0.0,1.0,1.0,5948,557,628,594.8,23.88304838164509,594.8,0.000218391418457,10,0.0793096385887469,1260.25
0.0,47,63.5,123361.88235294116,0.0,0.0,0.0,0.0,0.0,0.0,0.0,0,0,0,0,0,8.106231689453125e-05,0.0,0.0,0.0,0.0,0.0,0.0,0.0,0.0,0.0,0.0,0.0,0.0,0.0,1.0,1.0,5914,587,596,591.4,3.3065591380365986,591.4,9.512901306152343e-06,10,0.0198036999304705,9.84
0.0,47,63.5,930.1452553611424,0.0,0.0,0.0,0.0,0.0,0.0,0.0,0,0,0,0,0,0.0107510089874267,0.0,0.0,0.0,0.0,0.0,0.0,0.0,0.0,0.0,0.0,0.0,0.0,0.0,1.0,1.0,5922,589,597,592.2,3.084008934992101,592.2,0.0010764837265014,10,0.0163047818797583,8.559999999999999
0.0,47,63.5,158875.15151515152,0.0,0.0,0.0,0.0,0.0,0.0,0.0,0,0,0,0,0,6.29425048828125e-05,0.0,0.0,0.0,0.0,0.0,0.0,0.0,0.0,0.0,0.0,0.0,0.0,0.0,1.0,1.0,5950,591,600,595.0,3.126943839882286,595.0,8.106231689453125e-06,10,0.0129140118426145,13.555555555555555
0.0,47,63.5,84733.41414141415,0.0,0.0,0.0,0.0,0.0,0.0,0.0,0,0,0,0,0,0.0001180171966552,0.0,0.0,0.0,0.0,0.0,0.0,0.0,0.0,0.0,0.0,0.0,0.0,0.0,1.0,1.0,5920,592,592,592.0,0.0,592.0,1.270771026611328e-05,10,0.0,0.0
0.0,47,63.5,114912.43835616438,0.0,0.0,0.0,0.0,0.0,0.0,0.0,0,0,0,0,0,8.702278137207031e-05,0.0,0.0,0.0,0.0,0.0,0.0,0.0,0.0,0.0,0.0,0.0,0.0,0.0,1.0,1.0,5920,592,592,592.0,0.0,592.0,0.0011710882186889,10,0.0,0.0
0.0,47,63.5,199728.7619047619,0.0,0.0,0.0,0.0,0.0,0.0,0.0,0,0,0,0,0,5.0067901611328125e-05,0.0,0.0,0.0,0.0,0.0,0.0,0.0,0.0,0.0,0.0,0.0,0.0,0.0,1.0,1.0,5920,592,592,592.0,0.0,592.0,5.817413330078125e-06,10,0.0,0.0
0.0,47,63.5,199728.7619047619,0.0,0.0,0.0,0.0,0.0,0.0,0.0,0,0,0,0,0,5.0067901611328125e-05,0.0,0.0,0.0,0.0,0.0,0.0,0.0,0.0,0.0,0.0,0.0,0.0,0.0,1.0,1.0,5920,592,592,592.0,0.0,592.0,5.888938903808594e-06,10,0.0,0.0
0.0,47,63.5,1053.3159216474137,0.0,0.0,0.0,0.0,0.0,0.0,0.0,0,0,0,0,0,0.0094938278198242,0.0,0.0,0.0,0.0,0.0,0.0,0.0,0.0,0.0,0.0,0.0,0.0,0.0,1.0,1.0,5920,592,592,592.0,0.0,592.0,0.0009501934051513,10,0.0,0.0
0.0,47,63.5,1067.4430560150663,0.0,0.0,0.0,0.0,0.0,0.0,0.0,0,0,0,0,0,0.0093681812286376,0.0,0.0,0.0,0.0,0.0,0.0,0.0,0.0,0.0,0.0,0.0,0.0,0.0,1.0,1.0,5920,592,592,592.0,0.0,592.0,0.000939917564392,10,0.0,0.0
0.0,47,63.5,195995.5140186916,0.0,0.0,0.0,0.0,0.0,0.0,0.0,0,0,0,0,0,5.1021575927734375e-05,0.0,0.0,0.0,0.0,0.0,0.0,0.0,0.0,0.0,0.0,0.0,0.0,0.0,1.0,1.0,5920,592,592,592.0,0.0,592.0,6.580352783203125e-06,10,0.0,0.0
0.0,47,63.5,199728.7619047619,0.0,0.0,0.0,0.0,0.0,0.0,0.0,0,0,0,0,0,5.0067901611328125e-05,0.0,0.0,0.0,0.0,0.0,0.0,0.0,0.0,0.0,0.0,0.0,0.0,0.0,1.0,1.0,5920,592,592,592.0,0.0,592.0,5.817413330078125e-06,10,0.0,0.0
0.0,47,63.5,5133.158732101334,0.0,0.0,0.0,0.0,0.0,0.0,0.0,0,0,0,0,0,0.0019481182098388,0.0,0.0,0.0,0.0,0.0,0.0,0.0,0.0,0.0,0.0,0.0,0.0,0.0,1.0,1.0,5920,592,592,592.0,0.0,592.0,0.0001955986022949,10,0.0,0.0
0.0,47,63.5,1107.787227299139,0.0,0.0,0.0,0.0,0.0,0.0,0.0,0,0,0,0,0,0.0090270042419433,0.0,0.0,0.0,0.0,0.0,0.0,0.0,0.0,0.0,0.0,0.0,0.0,0.0,1.0,1.0,5920,592,592,592.0,0.0,592.0,0.0009060859680175,10,0.0,0.0
0.0,47,63.5,482.9254363745222,0.0,0.0,0.0,0.0,0.0,0.0,0.0,0,0,0,0,0,0.0207071304321289,0.0,0.0,0.0,0.0,0.0,0.0,0.0,0.0,0.0,0.0,0.0,0.0,0.0,1.0,1.0,5920,592,592,592.0,0.0,592.0,0.0023774147033691,10,0.0,0.0
0.0,47,63.5,331.68614674110745,0.0,0.0,0.0,0.0,0.0,0.0,0.0,0,0,0,0,0,0.0301489830017089,0.0,0.0,0.0,0.0,0.0,0.0,0.0,0.0,0.0,0.0,0.0,0.0,0.0,1.0,1.0,5920,592,592,592.0,0.0,592.0,0.0035241842269897,10,0.0,0.0
0.0,47,63.5,181.1661346682965,0.0,0.0,0.0,0.0,0.0,0.0,0.0,0,0,0,0,0,0.0551979541778564,0.0,0.0,0.0,0.0,0.0,0.0,0.0,0.0,0.0,0.0,0.0,0.0,0.0,1.0,1.0,5708,470,640,570.8,60.09400044005133,570.8,0.0063292026519775,10,0.2423198420192593,7225.0
0.0,47,63.5,346.4162475119139,0.0,0.0,0.0,0.0,0.0,0.0,0.0,0,0,0,0,0,0.0288670063018798,0.0,0.0,0.0,0.0,0.0,0.0,0.0,0.0,0.0,0.0,0.0,0.0,0.0,1.0,1.0,5748,559,587,574.8,10.336558636434294,574.8,0.0036514043807983,10,0.0703830805261379,136.22222222222223
0.0,47,63.5,67650.06451612903,0.0,0.0,0.0,0.0,0.0,0.0,0.0,0,0,0,0,0,0.0001478195190429,0.0,0.0,0.0,0.0,0.0,0.0,0.0,0.0,0.0,0.0,0.0,0.0,0.0,1.0,1.0,5850,577,591,585.0,4.8074017006186525,585.0,2.589225769042969e-05,10,0.037456383156764,34.666666666666664
0.0,47,63.5,34952.53333333333,0.0,0.0,0.0,0.0,0.0,0.0,0.0,0,0,0,0,0,0.0002861022949218,0.0,0.0,0.0,0.0,0.0,0.0,0.0,0.0,0.0,0.0,0.0,0.0,0.0,1.0,1.0,5976,584,608,597.6,8.289216555930427,597.6,3.120899200439453e-05,10,0.0269458252562238,73.6875
0.0,47,63.5,1592.128757971455,0.0,0.0,0.0,0.0,0.0,0.0,0.0,0,0,0,0,0,0.0062808990478515,0.0,0.0,0.0,0.0,0.0,0.0,0.0,0.0,0.0,0.0,0.0,0.0,0.0,1.0,1.0,5940,567,628,594.0,21.05020453846259,594.0,0.000987696647644,10,0.0611143513207881,930.25
0.0,47,63.5,7697.383006056157,0.0,0.0,0.0,0.0,0.0,0.0,0.0,0,0,0,0,0,0.0012991428375244,0.0,0.0,0.0,0.0,0.0,0.0,0.0,0.0,0.0,0.0,0.0,0.0,0.0,1.0,1.0,5928,586,605,592.8,6.7461923416925424,592.8,0.0006113052368164,10,0.0229089989123118,90.25
0.0,47,63.5,850.0474241011714,0.0,0.0,0.0,0.0,0.0,0.0,0.0,0,0,0,0,0,0.0117640495300292,0.0,0.0,0.0,0.0,0.0,0.0,0.0,0.0,0.0,0.0,0.0,0.0,0.0,1.0,1.0,5904,587,595,590.4,3.3730961708462712,590.4,0.0015115976333618,10,0.0198308044561559,10.24
0.0,47,63.5,66682.09856915739,0.0,0.0,0.0,0.0,0.0,0.0,0.0,0,0,0,0,0,0.0001499652862548,0.0,0.0,0.0,0.0,0.0,0.0,0.0,0.0,0.0,0.0,0.0,0.0,0.0,1.0,1.0,5946,591,597,594.6,2.1705094128132942,594.6,1.7189979553222655e-05,10,0.0125243987144037,4.24
0.0,47,63.5,54971.218872870246,0.0,0.0,0.0,0.0,0.0,0.0,0.0,0,0,0,0,0,0.0001819133758544,0.0,0.0,0.0,0.0,0.0,0.0,0.0,0.0,0.0,0.0,0.0,0.0,0.0,1.0,1.0,5768,510,640,576.8,43.46850711850031,576.8,2.6297569274902343e-05,10,0.1673820810597923,4225.0
0.0,47,63.5,1687.1697506033788,0.0,0.0,0.0,0.0,0.0,0.0,0.0,0,0,0,0,0,0.0059270858764648,0.0,0.0,0.0,0.0,0.0,0.0,0.0,0.0,0.0,0.0,0.0,0.0,0.0,1.0,1.0,5830,569,591,583.0,8.29993306532582,583.0,0.0005961179733276,10,0.0525121407334911,69.6875
0.0,47,63.5,650.7034037667938,0.0,0.0,0.0,0.0,0.0,0.0,0.0,0,0,0,0,0,0.0153679847717285,0.0,0.0,0.0,0.0,0.0,0.0,0.0,0.0,0.0,0.0,0.0,0.0,0.0,1.0,1.0,5882,573,602,588.2,10.27186015827275,588.2,0.0017251968383789,10,0.0464989049540739,144.66666666666666
0.0,47,63.5,291.469472279746,0.0,0.0,0.0,0.0,0.0,0.0,0.0,0,0,0,0,0,0.034308910369873,0.0,0.0,0.0,0.0,0.0,0.0,0.0,0.0,0.0,0.0,0.0,0.0,0.0,1.0,1.0,5760,568,584,576.0,6.497862896539309,576.0,0.0044168949127197,10,0.0534821794295342,38.0
0.0,47,63.5,1284.1933804843698,0.0,0.0,0.0,0.0,0.0,0.0,0.0,0,0,0,0,0,0.0077869892120361,0.0,0.0,0.0,0.0,0.0,0.0,0.0,0.0,0.0,0.0,0.0,0.0,0.0,1.0,1.0,5920,592,592,592.0,0.0,592.0,0.001103401184082,10,0.0,0.0
0.0,47,63.5,2115.130610186586,0.0,0.0,0.0,0.0,0.0,0.0,0.0,0,0,0,0,0,0.0047278404235839,0.0,0.0,0.0,0.0,0.0,0.0,0.0,0.0,0.0,0.0,0.0,0.0,0.0,1.0,1.0,5920,592,592,592.0,0.0,592.0,0.0004772901535034,10,0.0,0.0
0.0,47,63.5,12062.99683635318,0.0,0.0,0.0,0.0,0.0,0.0,0.0,0,0,0,0,0,0.0008289813995361,0.0,0.0,0.0,0.0,0.0,0.0,0.0,0.0,0.0,0.0,0.0,0.0,0.0,1.0,1.0,5920,592,592,592.0,0.0,592.0,0.0008429050445556,10,0.0,0.0
0.0,47,63.5,577.195150480961,0.0,0.0,0.0,0.0,0.0,0.0,0.0,0,0,0,0,0,0.0173251628875732,0.0,0.0,0.0,0.0,0.0,0.0,0.0,0.0,0.0,0.0,0.0,0.0,0.0,1.0,1.0,5920,592,592,592.0,0.0,592.0,0.0017352104187011,10,0.0,0.0
0.0,47,63.5,823.8017048356052,0.0,0.0,0.0,0.0,0.0,0.0,0.0,0,0,0,0,0,0.0121388435363769,0.0,0.0,0.0,0.0,0.0,0.0,0.0,0.0,0.0,0.0,0.0,0.0,0.0,1.0,1.0,5742,492,640,574.2,51.14424047078354,574.2,0.0017964839935302,10,0.2011832077981784,5476.0
0.0,47,63.5,147168.56140350876,0.0,0.0,0.0,0.0,0.0,0.0,0.0,0,0,0,0,0,6.794929504394531e-05,0.0,0.0,0.0,0.0,0.0,0.0,0.0,0.0,0.0,0.0,0.0,0.0,0.0,1.0,1.0,5788,563,596,578.8,13.222875800840164,578.8,7.915496826171876e-06,10,0.0647423306862302,231.84
0.0,47,63.5,137068.75816993465,0.0,0.0,0.0,0.0,0.0,0.0,0.0,0,0,0,0,0,7.295608520507812e-05,0.0,0.0,0.0,0.0,0.0,0.0,0.0,0.0,0.0,0.0,0.0,0.0,0.0,1.0,1.0,5876,580,600,587.6,7.011102306738617,587.6,8.20159912109375e-06,10,0.033241692635673,44.24
0.0,47,63.5,169125.16129032258,0.0,0.0,0.0,0.0,0.0,0.0,0.0,0,0,0,0,0,5.91278076171875e-05,0.0,0.0,0.0,0.0,0.0,0.0,0.0,0.0,0.0,0.0,0.0,0.0,0.0,1.0,1.0,5794,569,588,579.4,7.198765326236313,579.4,7.104873657226563e-06,10,0.0520635690432956,48.5
0.0,47,63.5,114912.43835616438,0.0,0.0,0.0,0.0,0.0,0.0,0.0,0,0,0,0,0,8.702278137207031e-05,0.0,0.0,0.0,0.0,0.0,0.0,0.0,0.0,0.0,0.0,0.0,0.0,0.0,1.0,1.0,5920,592,592,592.0,0.0,592.0,9.489059448242189e-06,10,0.0,0.0
0.0,47,63.5,134865.08038585208,0.0,0.0,0.0,0.0,0.0,0.0,0.0,0,0,0,0,0,7.414817810058594e-05,0.0,0.0,0.0,0.0,0.0,0.0,0.0,0.0,0.0,0.0,0.0,0.0,0.0,1.0,1.0,5920,592,592,592.0,0.0,592.0,8.511543273925782e-06,10,0.0,0.0
0.0,47,63.5,937.0233680353872,0.0,0.0,0.0,0.0,0.0,0.0,0.0,0,0,0,0,0,0.0106720924377441,0.0,0.0,0.0,0.0,0.0,0.0,0.0,0.0,0.0,0.0,0.0,0.0,0.0,1.0,1.0,5920,592,592,592.0,0.0,592.0,0.0010685920715332,10,0.0,0.0
0.0,47,63.5,5396.685537828101,0.0,0.0,0.0,0.0,0.0,0.0,0.0,0,0,0,0,0,0.0018529891967773,0.0,0.0,0.0,0.0,0.0,0.0,0.0,0.0,0.0,0.0,0.0,0.0,0.0,1.0,1.0,5920,592,592,592.0,0.0,592.0,0.0017775058746337,10,0.0,0.0
0.0,47,63.5,101067.56626506025,0.0,0.0,0.0,0.0,0.0,0.0,0.0,0,0,0,0,0,9.894371032714844e-05,0.0,0.0,0.0,0.0,0.0,0.0,0.0,0.0,0.0,0.0,0.0,0.0,0.0,1.0,1.0,5920,592,592,592.0,0.0,592.0,1.1587142944335938e-05,10,0.0,0.0
0.0,47,63.5,102051.19221411191,0.0,0.0,0.0,0.0,0.0,0.0,0.0,0,0,0,0,0,9.79900360107422e-05,0.0,0.0,0.0,0.0,0.0,0.0,0.0,0.0,0.0,0.0,0.0,0.0,0.0,1.0,1.0,5920,592,592,592.0,0.0,592.0,1.1301040649414062e-05,10,0.0,0.0
0.0,47,63.5,69905.06666666667,0.0,0.0,0.0,0.0,0.0,0.0,0.0,0,0,0,0,0,0.0001430511474609,0.0,0.0,0.0,0.0,0.0,0.0,0.0,0.0,0.0,0.0,0.0,0.0,0.0,1.0,1.0,5920,592,592,592.0,0.0,592.0,1.6808509826660156e-05,10,0.0,0.0
0.0,47,63.5,2319.601813958633,0.0,0.0,0.0,0.0,0.0,0.0,0.0,0,0,0,0,0,0.0043110847473144,0.0,0.0,0.0,0.0,0.0,0.0,0.0,0.0,0.0,0.0,0.0,0.0,0.0,1.0,1.0,5920,592,592,592.0,0.0,592.0,0.0006356954574584,10,0.0,0.0
0.0,47,63.5,70021.76961602671,0.0,0.0,0.0,0.0,0.0,0.0,0.0,0,0,0,0,0,0.0001428127288818,0.0,0.0,0.0,0.0,0.0,0.0,0.0,0.0,0.0,0.0,0.0,0.0,0.0,1.0,1.0,5920,592,592,592.0,0.0,592.0,1.6689300537109375e-05,10,0.0,0.0
0.0,47,63.5,989.8062536873156,0.0,0.0,0.0,0.0,0.0,0.0,0.0,0,0,0,0,0,0.0101029872894287,0.0,0.0,0.0,0.0,0.0,0.0,0.0,0.0,0.0,0.0,0.0,0.0,0.0,1.0,1.0,5920,592,592,592.0,0.0,592.0,0.0010126113891601,10,0.0,0.0
0.0,47,63.5,70969.61082910321,0.0,0.0,0.0,0.0,0.0,0.0,0.0,0,0,0,0,0,0.000140905380249,0.0,0.0,0.0,0.0,0.0,0.0,0.0,0.0,0.0,0.0,0.0,0.0,0.0,1.0,1.0,5920,592,592,592.0,0.0,592.0,0.0012701988220214,10,0.0,0.0
0.0,47,63.5,119156.36363636365,0.0,0.0,0.0,0.0,0.0,0.0,0.0,0,0,0,0,0,8.392333984375e-05,0.0,0.0,0.0,0.0,0.0,0.0,0.0,0.0,0.0,0.0,0.0,0.0,0.0,1.0,1.0,5920,592,592,592.0,0.0,592.0,9.79900360107422e-06,10,0.0,0.0
0.0,47,63.5,140748.45637583893,0.0,0.0,0.0,0.0,0.0,0.0,0.0,0,0,0,0,0,7.104873657226562e-05,0.0,0.0,0.0,0.0,0.0,0.0,0.0,0.0,0.0,0.0,0.0,0.0,0.0,1.0,1.0,5920,592,592,592.0,0.0,592.0,8.106231689453125e-06,10,0.0,0.0
0.0,47,63.5,199728.7619047619,0.0,0.0,0.0,0.0,0.0,0.0,0.0,0,0,0,0,0,5.0067901611328125e-05,0.0,0.0,0.0,0.0,0.0,0.0,0.0,0.0,0.0,0.0,0.0,0.0,0.0,1.0,1.0,5920,592,592,592.0,0.0,592.0,5.793571472167969e-06,10,0.0,0.0
0.0,47,63.5,1844.704226591019,0.0,0.0,0.0,0.0,0.0,0.0,0.0,0,0,0,0,0,0.0054209232330322,0.0,0.0,0.0,0.0,0.0,0.0,0.0,0.0,0.0,0.0,0.0,0.0,0.0,1.0,1.0,5920,592,592,592.0,0.0,592.0,0.0005429983139038,10,0.0,0.0
0.0,47,63.5,4253.426630159213,0.0,0.0,0.0,0.0,0.0,0.0,0.0,0,0,0,0,0,0.0023510456085205,0.0,0.0,0.0,0.0,0.0,0.0,0.0,0.0,0.0,0.0,0.0,0.0,0.0,1.0,1.0,5920,592,592,592.0,0.0,592.0,0.0002453088760375,10,0.0,0.0
0.0,47,63.5,1052.5229611041404,0.0,0.0,0.0,0.0,0.0,0.0,0.0,0,0,0,0,0,0.0095009803771972,0.0,0.0,0.0,0.0,0.0,0.0,0.0,0.0,0.0,0.0,0.0,0.0,0.0,1.0,1.0,5920,592,592,592.0,0.0,592.0,0.0009516954421997,10,0.0,0.0
0.0,47,63.5,188085.38116591927,0.0,0.0,0.0,0.0,0.0,0.0,0.0,0,0,0,0,0,5.316734313964844e-05,0.0,0.0,0.0,0.0,0.0,0.0,0.0,0.0,0.0,0.0,0.0,0.0,0.0,1.0,1.0,5920,592,592,592.0,0.0,592.0,6.508827209472656e-06,10,0.0,0.0
0.0,47,63.5,199728.7619047619,0.0,0.0,0.0,0.0,0.0,0.0,0.0,0,0,0,0,0,5.0067901611328125e-05,0.0,0.0,0.0,0.0,0.0,0.0,0.0,0.0,0.0,0.0,0.0,0.0,0.0,1.0,1.0,5920,592,592,592.0,0.0,592.0,5.793571472167969e-06,10,0.0,0.0
0.0,47,63.5,84733.41414141415,0.0,0.0,0.0,0.0,0.0,0.0,0.0,0,0,0,0,0,0.0001180171966552,0.0,0.0,0.0,0.0,0.0,0.0,0.0,0.0,0.0,0.0,0.0,0.0,0.0,1.0,1.0,5920,592,592,592.0,0.0,592.0,1.25885009765625e-05,10,0.0,0.0
0.0,47,63.5,119156.36363636365,0.0,0.0,0.0,0.0,0.0,0.0,0.0,0,0,0,0,0,8.392333984375e-05,0.0,0.0,0.0,0.0,0.0,0.0,0.0,0.0,0.0,0.0,0.0,0.0,0.0,1.0,1.0,5920,592,592,592.0,0.0,592.0,9.703636169433594e-06,10,0.0,0.0
0.0,47,63.5,534.5581994060894,0.0,0.0,0.0,0.0,0.0,0.0,0.0,0,0,0,0,0,0.0187070369720459,0.0,0.0,0.0,0.0,0.0,0.0,0.0,0.0,0.0,0.0,0.0,0.0,0.0,1.0,1.0,5920,592,592,592.0,0.0,592.0,0.0018720149993896,10,0.0,0.0
0.0,47,63.5,380.056542225444,0.0,0.0,0.0,0.0,0.0,0.0,0.0,0,0,0,0,0,0.0263118743896484,0.0,0.0,0.0,0.0,0.0,0.0,0.0,0.0,0.0,0.0,0.0,0.0,0.0,1.0,1.0,5920,592,592,592.0,0.0,592.0,0.0036318778991699,10,0.0,0.0
0.0,47,63.5,68534.37908496732,0.0,0.0,0.0,0.0,0.0,0.0,0.0,0,0,0,0,0,0.0001459121704101,0.0,0.0,0.0,0.0,0.0,0.0,0.0,0.0,0.0,0.0,0.0,0.0,0.0,1.0,1.0,5920,592,592,592.0,0.0,592.0,2.6011466979980467e-05,10,0.0,0.0
0.0,47,63.5,956.6644618297106,0.0,0.0,0.0,0.0,0.0,0.0,0.0,0,0,0,0,0,0.0104529857635498,0.0,0.0,0.0,0.0,0.0,0.0,0.0,0.0,0.0,0.0,0.0,0.0,0.0,1.0,1.0,5920,592,592,592.0,0.0,592.0,0.0010478973388671,10,0.0,0.0
0.0,47,63.5,95325.09090909093,0.0,0.0,0.0,0.0,0.0,0.0,0.0,0,0,0,0,0,0.0001049041748046,0.0,0.0,0.0,0.0,0.0,0.0,0.0,0.0,0.0,0.0,0.0,0.0,0.0,1.0,1.0,5920,592,592,592.0,0.0,592.0,1.590251922607422e-05,10,0.0,0.0
0.0,47,63.5,3350.083067092652,0.0,0.0,0.0,0.0,0.0,0.0,0.0,0,0,0,0,0,0.0029850006103515,0.0,0.0,0.0,0.0,0.0,0.0,0.0,0.0,0.0,0.0,0.0,0.0,0.0,1.0,1.0,5920,592,592,592.0,0.0,592.0,0.0011854887008666,10,0.0,0.0
0.0,47,63.5,4742.005652911249,0.0,0.0,0.0,0.0,0.0,0.0,0.0,0,0,0,0,0,0.0021088123321533,0.0,0.0,0.0,0.0,0.0,0.0,0.0,0.0,0.0,0.0,0.0,0.0,0.0,1.0,1.0,5920,592,592,592.0,0.0,592.0,0.0002125024795532,10,0.0,0.0
0.0,47,63.5,72565.81314878893,0.0,0.0,0.0,0.0,0.0,0.0,0.0,0,0,0,0,0,0.0001378059387207,0.0,0.0,0.0,0.0,0.0,0.0,0.0,0.0,0.0,0.0,0.0,0.0,0.0,1.0,1.0,5920,592,592,592.0,0.0,592.0,1.5997886657714842e-05,10,0.0,0.0
0.0,47,63.5,81920.0,0.0,0.0,0.0,0.0,0.0,0.0,0.0,0,0,0,0,0,0.0001220703125,0.0,0.0,0.0,0.0,0.0,0.0,0.0,0.0,0.0,0.0,0.0,0.0,0.0,1.0,1.0,5920,592,592,592.0,0.0,592.0,1.430511474609375e-05,10,0.0,0.0
0.0,47,63.5,42196.21730382294,0.0,0.0,0.0,0.0,0.0,0.0,0.0,0,0,0,0,0,0.0002369880676269,0.0,0.0,0.0,0.0,0.0,0.0,0.0,0.0,0.0,0.0,0.0,0.0,0.0,1.0,1.0,5920,592,592,592.0,0.0,592.0,2.5796890258789063e-05,10,0.0,0.0
0.0,47,63.5,81284.96124031008,0.0,0.0,0.0,0.0,0.0,0.0,0.0,0,0,0,0,0,0.0001230239868164,0.0,0.0,0.0,0.0,0.0,0.0,0.0,0.0,0.0,0.0,0.0,0.0,0.0,1.0,1.0,5920,592,592,592.0,0.0,592.0,1.4710426330566409e-05,10,0.0,0.0
0.0,47,63.5,65741.44200626959,0.0,0.0,0.0,0.0,0.0,0.0,0.0,0,0,0,0,0,0.0001521110534667,0.0,0.0,0.0,0.0,0.0,0.0,0.0,0.0,0.0,0.0,0.0,0.0,0.0,1.0,1.0,5920,592,592,592.0,0.0,592.0,1.7309188842773436e-05,10,0.0,0.0
0.0,47,63.5,71453.21976149915,0.0,0.0,0.0,0.0,0.0,0.0,0.0,0,0,0,0,0,0.0001399517059326,0.0,0.0,0.0,0.0,0.0,0.0,0.0,0.0,0.0,0.0,0.0,0.0,0.0,1.0,1.0,5920,592,592,592.0,0.0,592.0,1.6880035400390624e-05,10,0.0,0.0
0.0,47,63.5,103054.15233415231,0.0,0.0,0.0,0.0,0.0,0.0,0.0,0,0,0,0,0,9.703636169433594e-05,0.0,0.0,0.0,0.0,0.0,0.0,0.0,0.0,0.0,0.0,0.0,0.0,0.0,1.0,1.0,5920,592,592,592.0,0.0,592.0,1.2302398681640624e-05,10,0.0,0.0
0.0,47,63.5,114912.43835616438,0.0,0.0,0.0,0.0,0.0,0.0,0.0,0,0,0,0,0,8.702278137207031e-05,0.0,0.0,0.0,0.0,0.0,0.0,0.0,0.0,0.0,0.0,0.0,0.0,0.0,1.0,1.0,5920,592,592,592.0,0.0,592.0,1.010894775390625e-05,10,0.0,0.0
0.0,47,63.5,55260.922266139656,0.0,0.0,0.0,0.0,0.0,0.0,0.0,0,0,0,0,0,0.000180959701538,0.0,0.0,0.0,0.0,0.0,0.0,0.0,0.0,0.0,0.0,0.0,0.0,0.0,1.0,1.0,5786,489,640,578.6,51.959813531442,578.6,1.959800720214844e-05,10,0.2066278296401683,5700.25
0.0,47,63.5,74104.3109540636,0.0,0.0,0.0,0.0,0.0,0.0,0.0,0,0,0,0,0,0.0001349449157714,0.0,0.0,0.0,0.0,0.0,0.0,0.0,0.0,0.0,0.0,0.0,0.0,0.0,1.0,1.0,5880,579,598,588.0,7.211102550927978,588.0,1.5997886657714842e-05,10,0.035027294735146,46.8
0.0,47,63.5,318.37016008440673,0.0,0.0,0.0,0.0,0.0,0.0,0.0,0,0,0,0,0,0.0314099788665771,0.0,0.0,0.0,0.0,0.0,0.0,0.0,0.0,0.0,0.0,0.0,0.0,0.0,1.0,1.0,5808,568,598,580.8,14.838388651662209,580.8,0.0031431913375854,10,0.0568797760011411,199.95061728395063
0.0,47,63.5,143150.3071672355,0.0,0.0,0.0,0.0,0.0,0.0,0.0,0,0,0,0,0,6.985664367675781e-05,0.0,0.0,0.0,0.0,0.0,0.0,0.0,0.0,0.0,0.0,0.0,0.0,0.0,1.0,1.0,5792,560,591,579.2,11.83966966506151,579.2,0.00016610622406,10,0.0692912578347594,240.25
0.0,47,63.5,1025.226467209308,0.0,0.0,0.0,0.0,0.0,0.0,0.0,0,0,0,0,0,0.009753942489624,0.0,0.0,0.0,0.0,0.0,0.0,0.0,0.0,0.0,0.0,0.0,0.0,0.0,1.0,1.0,5920,592,592,592.0,0.0,592.0,0.0009762048721313,10,0.0,0.0
0.0,47,63.5,8258.129553061626,0.0,0.0,0.0,0.0,0.0,0.0,0.0,0,0,0,0,0,0.0012109279632568,0.0,0.0,0.0,0.0,0.0,0.0,0.0,0.0,0.0,0.0,0.0,0.0,0.0,1.0,1.0,5920,592,592,592.0,0.0,592.0,0.0001391887664794,10,0.0,0.0
0.0,47,63.5,203606.99029126213,0.0,0.0,0.0,0.0,0.0,0.0,0.0,0,0,0,0,0,4.911422729492188e-05,0.0,0.0,0.0,0.0,0.0,0.0,0.0,0.0,0.0,0.0,0.0,0.0,0.0,1.0,1.0,5920,592,592,592.0,0.0,592.0,5.817413330078125e-06,10,0.0,0.0
0.0,47,63.5,12671.61329305136,0.0,0.0,0.0,0.0,0.0,0.0,0.0,0,0,0,0,0,0.0007891654968261,0.0,0.0,0.0,0.0,0.0,0.0,0.0,0.0,0.0,0.0,0.0,0.0,0.0,1.0,1.0,5920,592,592,592.0,0.0,592.0,7.979869842529297e-05,10,0.0,0.0
0.0,47,63.5,114912.43835616438,0.0,0.0,0.0,0.0,0.0,0.0,0.0,0,0,0,0,0,8.702278137207031e-05,0.0,0.0,0.0,0.0,0.0,0.0,0.0,0.0,0.0,0.0,0.0,0.0,0.0,1.0,1.0,5920,592,592,592.0,0.0,592.0,9.989738464355468e-06,10,0.0,0.0
0.0,47,63.5,158875.15151515152,0.0,0.0,0.0,0.0,0.0,0.0,0.0,0,0,0,0,0,6.29425048828125e-05,0.0,0.0,0.0,0.0,0.0,0.0,0.0,0.0,0.0,0.0,0.0,0.0,0.0,1.0,1.0,5920,592,592,592.0,0.0,592.0,7.605552673339843e-06,10,0.0,0.0
0.0,47,63.5,192399.26605504588,0.0,0.0,0.0,0.0,0.0,0.0,0.0,0,0,0,0,0,5.197525024414063e-05,0.0,0.0,0.0,0.0,0.0,0.0,0.0,0.0,0.0,0.0,0.0,0.0,0.0,1.0,1.0,5920,592,592,592.0,0.0,592.0,6.198883056640625e-06,10,0.0,0.0
0.0,47,63.5,204600.19512195123,0.0,0.0,0.0,0.0,0.0,0.0,0.0,0,0,0,0,0,4.887580871582031e-05,0.0,0.0,0.0,0.0,0.0,0.0,0.0,0.0,0.0,0.0,0.0,0.0,0.0,1.0,1.0,5920,592,592,592.0,0.0,592.0,5.793571472167969e-06,10,0.0,0.0
0.0,47,63.5,15627.064083457526,0.0,0.0,0.0,0.0,0.0,0.0,0.0,0,0,0,0,0,0.0006399154663085,0.0,0.0,0.0,0.0,0.0,0.0,0.0,0.0,0.0,0.0,0.0,0.0,0.0,1.0,1.0,5738,470,640,573.8,59.35355460664884,573.8,6.53982162475586e-05,10,0.2420182140045644,7225.0
0.0,47,63.5,199728.7619047619,0.0,0.0,0.0,0.0,0.0,0.0,0.0,0,0,0,0,0,5.0067901611328125e-05,0.0,0.0,0.0,0.0,0.0,0.0,0.0,0.0,0.0,0.0,0.0,0.0,0.0,1.0,1.0,5860,579,597,586.0,7.423685817106696,586.0,5.91278076171875e-06,10,0.0351138926544566,56.0
0.0,47,63.5,136622.28013029316,0.0,0.0,0.0,0.0,0.0,0.0,0.0,0,0,0,0,0,7.319450378417969e-05,0.0,0.0,0.0,0.0,0.0,0.0,0.0,0.0,0.0,0.0,0.0,0.0,0.0,1.0,1.0,5730,554,588,573.0,11.925695879998878,573.0,8.106231689453125e-06,10,0.0795510814736764,144.6875
0.0,47,63.5,114912.43835616438,0.0,0.0,0.0,0.0,0.0,0.0,0.0,0,0,0,0,0,8.702278137207031e-05,0.0,0.0,0.0,0.0,0.0,0.0,0.0,0.0,0.0,0.0,0.0,0.0,0.0,1.0,1.0,5830,567,591,583.0,9.309493362512628,583.0,1.02996826171875e-05,10,0.0563316552161531,78.0
0.0,47,63.5,462.7942182500276,0.0,0.0,0.0,0.0,0.0,0.0,0.0,0,0,0,0,0,0.0216078758239746,0.0,0.0,0.0,0.0,0.0,0.0,0.0,0.0,0.0,0.0,0.0,0.0,0.0,1.0,1.0,5720,488,640,572.0,52.74256135018263,572.0,0.002859878540039,10,0.2086508197916103,5776.0
0.0,47,63.5,6090.175693335269,0.0,0.0,0.0,0.0,0.0,0.0,0.0,0,0,0,0,0,0.0016419887542724,0.0,0.0,0.0,0.0,0.0,0.0,0.0,0.0,0.0,0.0,0.0,0.0,0.0,1.0,1.0,5834,559,604,583.4,15.38541878244174,583.4,0.0018848180770874,10,0.0724397841952155,213.04
0.0,47,63.5,143150.3071672355,0.0,0.0,0.0,0.0,0.0,0.0,0.0,0,0,0,0,0,6.985664367675781e-05,0.0,0.0,0.0,0.0,0.0,0.0,0.0,0.0,0.0,0.0,0.0,0.0,0.0,1.0,1.0,5858,561,613,585.8,18.74270228352595,585.8,8.082389831542968e-06,10,0.0703991472022171,356.0
0.0,47,63.5,107546.2564102564,0.0,0.0,0.0,0.0,0.0,0.0,0.0,0,0,0,0,0,9.298324584960938e-05,0.0,0.0,0.0,0.0,0.0,0.0,0.0,0.0,0.0,0.0,0.0,0.0,0.0,1.0,1.0,5858,579,598,585.8,6.779052703405953,585.8,4.801750183105469e-05,10,0.0348512949092595,62.88888888888889
0.0,47,63.5,106184.91139240506,0.0,0.0,0.0,0.0,0.0,0.0,0.0,0,0,0,0,0,9.41753387451172e-05,0.0,0.0,0.0,0.0,0.0,0.0,0.0,0.0,0.0,0.0,0.0,0.0,0.0,1.0,1.0,5920,592,592,592.0,0.0,592.0,1.080036163330078e-05,10,0.0,0.0
0.0,47,63.5,12420.207284572103,0.0,0.0,0.0,0.0,0.0,0.0,0.0,0,0,0,0,0,0.0008051395416259,0.0,0.0,0.0,0.0,0.0,0.0,0.0,0.0,0.0,0.0,0.0,0.0,0.0,1.0,1.0,5920,592,592,592.0,0.0,592.0,8.18014144897461e-05,10,0.0,0.0
0.0,47,63.5,172605.10288065844,0.0,0.0,0.0,0.0,0.0,0.0,0.0,0,0,0,0,0,5.793571472167969e-05,0.0,0.0,0.0,0.0,0.0,0.0,0.0,0.0,0.0,0.0,0.0,0.0,0.0,1.0,1.0,5920,592,592,592.0,0.0,592.0,6.794929504394531e-06,10,0.0,0.0
0.0,47,63.5,128266.17737003058,0.0,0.0,0.0,0.0,0.0,0.0,0.0,0,0,0,0,0,7.796287536621094e-05,0.0,0.0,0.0,0.0,0.0,0.0,0.0,0.0,0.0,0.0,0.0,0.0,0.0,1.0,1.0,5920,592,592,592.0,0.0,592.0,8.702278137207031e-06,10,0.0,0.0
0.0,47,63.5,89430.78891257996,0.0,0.0,0.0,0.0,0.0,0.0,0.0,0,0,0,0,0,0.0001118183135986,0.0,0.0,0.0,0.0,0.0,0.0,0.0,0.0,0.0,0.0,0.0,0.0,0.0,1.0,1.0,5920,592,592,592.0,0.0,592.0,1.2683868408203126e-05,10,0.0,0.0
0.0,47,63.5,104077.0223325062,0.0,0.0,0.0,0.0,0.0,0.0,0.0,0,0,0,0,0,9.608268737792967e-05,0.0,0.0,0.0,0.0,0.0,0.0,0.0,0.0,0.0,0.0,0.0,0.0,0.0,1.0,1.0,5920,592,592,592.0,0.0,592.0,1.1110305786132813e-05,10,0.0,0.0
0.0,47,63.5,1588.5709957201834,0.0,0.0,0.0,0.0,0.0,0.0,0.0,0,0,0,0,0,0.0062949657440185,0.0,0.0,0.0,0.0,0.0,0.0,0.0,0.0,0.0,0.0,0.0,0.0,0.0,1.0,1.0,5920,592,592,592.0,0.0,592.0,0.0006316900253295,10,0.0,0.0
0.0,47,63.5,4721.188653759567,0.0,0.0,0.0,0.0,0.0,0.0,0.0,0,0,0,0,0,0.0021181106567382,0.0,0.0,0.0,0.0,0.0,0.0,0.0,0.0,0.0,0.0,0.0,0.0,0.0,1.0,1.0,5920,592,592,592.0,0.0,592.0,0.0002148151397705,10,0.0,0.0
0.0,47,63.5,284.4791709057366,0.0,0.0,0.0,0.0,0.0,0.0,0.0,0,0,0,0,0,0.0351519584655761,0.0,0.0,0.0,0.0,0.0,0.0,0.0,0.0,0.0,0.0,0.0,0.0,0.0,1.0,1.0,5918,555,628,591.8,24.39854276158494,591.8,0.0035176992416381,10,0.0829278903793592,1332.25
0.0,47,63.5,46968.68980963046,0.0,0.0,0.0,0.0,0.0,0.0,0.0,0,0,0,0,0,0.0002129077911376,0.0,0.0,0.0,0.0,0.0,0.0,0.0,0.0,0.0,0.0,0.0,0.0,0.0,1.0,1.0,5908,587,594,590.8,2.616188916046478,590.8,2.3889541625976563e-05,10,0.0195224707168406,8.222222222222221
0.0,47,63.5,7693.147468818782,0.0,0.0,0.0,0.0,0.0,0.0,0.0,0,0,0,0,0,0.0012998580932617,0.0,0.0,0.0,0.0,0.0,0.0,0.0,0.0,0.0,0.0,0.0,0.0,0.0,1.0,1.0,5914,587,598,591.4,3.921450978627397,591.4,0.0001322984695434,10,0.0200541822706536,20.666666666666668
0.0,47,63.5,3698.028566390408,0.0,0.0,0.0,0.0,0.0,0.0,0.0,0,0,0,0,0,0.0027041435241699,0.0,0.0,0.0,0.0,0.0,0.0,0.0,0.0,0.0,0.0,0.0,0.0,0.0,1.0,1.0,5904,583,595,590.4,5.232377832092955,590.4,0.0031936168670654,10,0.0274047214336814,24.64
0.0,47,63.5,796.4271608689047,0.0,0.0,0.0,0.0,0.0,0.0,0.0,0,0,0,0,0,0.0125560760498046,0.0,0.0,0.0,0.0,0.0,0.0,0.0,0.0,0.0,0.0,0.0,0.0,0.0,1.0,1.0,5920,592,592,592.0,0.0,592.0,0.0012570858001708,10,0.0,0.0
0.0,47,63.5,129854.61300309598,0.0,0.0,0.0,0.0,0.0,0.0,0.0,0,0,0,0,0,7.700920104980469e-05,0.0,0.0,0.0,0.0,0.0,0.0,0.0,0.0,0.0,0.0,0.0,0.0,0.0,1.0,1.0,5920,592,592,592.0,0.0,592.0,9.703636169433594e-06,10,0.0,0.0
0.0,47,63.5,16723.700159489632,0.0,0.0,0.0,0.0,0.0,0.0,0.0,0,0,0,0,0,0.0005979537963867,0.0,0.0,0.0,0.0,0.0,0.0,0.0,0.0,0.0,0.0,0.0,0.0,0.0,1.0,1.0,5920,592,592,592.0,0.0,592.0,6.070137023925781e-05,10,0.0,0.0
0.0,47,63.5,89240.51063829787,0.0,0.0,0.0,0.0,0.0,0.0,0.0,0,0,0,0,0,0.0001120567321777,0.0,0.0,0.0,0.0,0.0,0.0,0.0,0.0,0.0,0.0,0.0,0.0,0.0,1.0,1.0,5920,592,592,592.0,0.0,592.0,1.3804435729980468e-05,10,0.0,0.0
0.0,47,63.6,438.2121737676829,0.0,0.0,0.0,0.0,0.0,0.0,0.0,0,0,0,0,0,0.0228199958801269,0.0,0.0,0.0,0.0,0.0,0.0,0.0,0.0,0.0,0.0,0.0,0.1,0.0,1.0,1.0,5918,590,592,591.8,0.6324555320336759,591.8,0.0022845029830932,10,0.0,0.5555555555555556
0.0,47,63.5,2626.857894407215,0.0,0.0,0.0,0.0,0.0,0.0,0.0,0,0,0,0,0,0.0038068294525146,0.0,0.0,0.0,0.0,0.0,0.0,0.0,0.0,0.0,0.0,0.0,0.0,0.0,1.0,1.0,5920,592,592,592.0,0.0,592.0,0.0003827810287475,10,0.0,0.0
0.0,47,63.5,108660.72538860104,0.0,0.0,0.0,0.0,0.0,0.0,0.0,0,0,0,0,0,9.202957153320312e-05,0.0,0.0,0.0,0.0,0.0,0.0,0.0,0.0,0.0,0.0,0.0,0.0,0.0,1.0,1.0,5920,592,592,592.0,0.0,592.0,9.703636169433594e-06,10,0.0,0.0
0.0,47,63.5,3598.40768702814,0.0,0.0,0.0,0.0,0.0,0.0,0.0,0,0,0,0,0,0.0027790069580078,0.0,0.0,0.0,0.0,0.0,0.0,0.0,0.0,0.0,0.0,0.0,0.0,0.0,1.0,1.0,5920,592,592,592.0,0.0,592.0,0.0002787113189697,10,0.0,0.0
0.0,47,63.5,430.9452572743712,0.0,0.0,0.0,0.0,0.0,0.0,0.0,0,0,0,0,0,0.0232048034667968,0.0,0.0,0.0,0.0,0.0,0.0,0.0,0.0,0.0,0.0,0.0,0.0,0.0,1.0,1.0,5761,482,640,576.1,54.45579246814184,576.1,0.0023208856582641,10,0.2195735016198222,5146.56
0.0,47,63.5,172605.10288065844,0.0,0.0,0.0,0.0,0.0,0.0,0.0,0,0,0,0,0,5.793571472167969e-05,0.0,0.0,0.0,0.0,0.0,0.0,0.0,0.0,0.0,0.0,0.0,0.0,0.0,1.0,1.0,5917,578,600,591.7,7.986794656737388,591.7,6.103515625e-06,10,0.0370474106713685,57.41
0.0,47,63.5,175493.8912133891,0.0,0.0,0.0,0.0,0.0,0.0,0.0,0,0,0,0,0,5.698204040527344e-05,0.0,0.0,0.0,0.0,0.0,0.0,0.0,0.0,0.0,0.0,0.0,0.0,0.0,1.0,1.0,5725,553,589,572.5,14.339146108158292,572.5,6.008148193359375e-06,10,0.0822383545586194,267.04
0.0,47,63.5,175493.8912133891,0.0,0.0,0.0,0.0,0.0,0.0,0.0,0,0,0,0,0,5.698204040527344e-05,0.0,0.0,0.0,0.0,0.0,0.0,0.0,0.0,0.0,0.0,0.0,0.0,0.0,1.0,1.0,5860,571,593,586.0,8.679477710861024,586.0,6.008148193359375e-06,10,0.0492584920402964,93.04
0.0,47,63.5,149263.487544484,0.0,0.0,0.0,0.0,0.0,0.0,0.0,0,0,0,0,0,6.699562072753906e-05,0.0,0.0,0.0,0.0,0.0,0.0,0.0,0.0,0.0,0.0,0.0,0.0,0.0,1.0,1.0,5921,592,593,592.1,0.3162277660168379,592.1,6.985664367675781e-06,10,0.0,0.25
0.0,47,63.5,3305.7250945775536,0.0,0.0,0.0,0.0,0.0,0.0,0.0,0,0,0,0,0,0.0030250549316406,0.0,0.0,0.0,0.0,0.0,0.0,0.0,0.0,0.0,0.0,0.0,0.0,0.0,1.0,1.0,5920,592,592,592.0,0.0,592.0,0.0003028154373168,10,0.0,0.0
0.0,47,63.5,149263.487544484,0.0,0.0,0.0,0.0,0.0,0.0,0.0,0,0,0,0,0,6.699562072753906e-05,0.0,0.0,0.0,0.0,0.0,0.0,0.0,0.0,0.0,0.0,0.0,0.0,0.0,1.0,1.0,5920,592,592,592.0,0.0,592.0,7.200241088867187e-06,10,0.0,0.0
0.0,47,63.5,14926.348754448398,0.0,0.0,0.0,0.0,0.0,0.0,0.0,0,0,0,0,0,0.0006699562072753,0.0,0.0,0.0,0.0,0.0,0.0,0.0,0.0,0.0,0.0,0.0,0.0,0.0,1.0,1.0,5920,592,592,592.0,0.0,592.0,6.778240203857422e-05,10,0.0,0.0
0.0,47,63.5,156503.8805970149,0.0,0.0,0.0,0.0,0.0,0.0,0.0,0,0,0,0,0,6.389617919921875e-05,0.0,0.0,0.0,0.0,0.0,0.0,0.0,0.0,0.0,0.0,0.0,0.0,0.0,1.0,1.0,5751,503,640,575.1,46.12892560831845,575.1,6.699562072753907e-06,10,0.1803947391358046,3821.04
0.0,47,63.5,172605.10288065844,0.0,0.0,0.0,0.0,0.0,0.0,0.0,0,0,0,0,0,5.793571472167969e-05,0.0,0.0,0.0,0.0,0.0,0.0,0.0,0.0,0.0,0.0,0.0,0.0,0.0,1.0,1.0,5828,567,593,582.8,10.992927018971992,582.8,6.103515625e-06,10,0.0570174187504484,118.66666666666669
0.0,47,63.5,182361.0434782609,0.0,0.0,0.0,0.0,0.0,0.0,0.0,0,0,0,0,0,5.4836273193359375e-05,0.0,0.0,0.0,0.0,0.0,0.0,0.0,0.0,0.0,0.0,0.0,0.0,0.0,1.0,1.0,5848,572,595,584.8,7.997221739801612,584.8,5.793571472167969e-06,10,0.0472764382479256,107.76
0.0,47,63.5,181571.60173160167,0.0,0.0,0.0,0.0,0.0,0.0,0.0,0,0,0,0,0,5.507469177246094e-05,0.0,0.0,0.0,0.0,0.0,0.0,0.0,0.0,0.0,0.0,0.0,0.0,0.0,1.0,1.0,5807,574,590,580.7,6.360468186820492,580.7,5.91278076171875e-06,10,0.0432014303205831,45.36
0.0,47,63.5,171897.70491803277,0.0,0.0,0.0,0.0,0.0,0.0,0.0,0,0,0,0,0,5.817413330078125e-05,0.0,0.0,0.0,0.0,0.0,0.0,0.0,0.0,0.0,0.0,0.0,0.0,0.0,1.0,1.0,5794,574,580,579.4,1.897366596101028,579.4,6.103515625e-06,10,0.0413833412565876,9.0
0.0,47,63.5,1279.414330598176,0.0,0.0,0.0,0.0,0.0,0.0,0.0,0,0,0,0,0,0.0078160762786865,0.0,0.0,0.0,0.0,0.0,0.0,0.0,0.0,0.0,0.0,0.0,0.0,0.0,1.0,1.0,5800,580,580,580.0,0.0,580.0,0.0007818937301635,10,0.0,0.0
0.0,47,63.5,57456.21917808219,0.0,0.0,0.0,0.0,0.0,0.0,0.0,0,0,0,0,0,0.0001740455627441,0.0,0.0,0.0,0.0,0.0,0.0,0.0,0.0,0.0,0.0,0.0,0.0,0.0,1.0,1.0,5800,580,580,580.0,0.0,580.0,1.8405914306640626e-05,10,0.0,0.0
0.0,47,63.5,60963.72093023256,0.0,0.0,0.0,0.0,0.0,0.0,0.0,0,0,0,0,0,0.0001640319824218,0.0,0.0,0.0,0.0,0.0,0.0,0.0,0.0,0.0,0.0,0.0,0.0,0.0,1.0,1.0,5800,580,580,580.0,0.0,580.0,1.728534698486328e-05,10,0.0,0.0
0.0,47,63.5,54971.218872870246,0.0,0.0,0.0,0.0,0.0,0.0,0.0,0,0,0,0,0,0.0001819133758544,0.0,0.0,0.0,0.0,0.0,0.0,0.0,0.0,0.0,0.0,0.0,0.0,0.0,1.0,1.0,5908,580,592,590.8,3.794733192202056,590.8,1.900196075439453e-05,10,0.0319314725131754,36.0
0.0,47,63.5,5564.951572243598,0.0,0.0,0.0,0.0,0.0,0.0,0.0,0,0,0,0,0,0.0017969608306884,0.0,0.0,0.0,0.0,0.0,0.0,0.0,0.0,0.0,0.0,0.0,0.0,0.0,1.0,1.0,5920,592,592,592.0,0.0,592.0,0.0001806020736694,10,0.0,0.0
0.0,47,63.5,55260.922266139656,0.0,0.0,0.0,0.0,0.0,0.0,0.0,0,0,0,0,0,0.000180959701538,0.0,0.0,0.0,0.0,0.0,0.0,0.0,0.0,0.0,0.0,0.0,0.0,0.0,1.0,1.0,5920,592,592,592.0,0.0,592.0,2.009868621826172e-05,10,0.0,0.0
0.0,47,63.5,61771.78203240059,0.0,0.0,0.0,0.0,0.0,0.0,0.0,0,0,0,0,0,0.0001618862152099,0.0,0.0,0.0,0.0,0.0,0.0,0.0,0.0,0.0,0.0,0.0,0.0,0.0,1.0,1.0,5920,592,592,592.0,0.0,592.0,1.6999244689941406e-05,10,0.0,0.0
0.0,47,63.5,59918.62857142857,0.0,0.0,0.0,0.0,0.0,0.0,0.0,0,0,0,0,0,0.000166893005371,0.0,0.0,0.0,0.0,0.0,0.0,0.0,0.0,0.0,0.0,0.0,0.0,0.0,1.0,1.0,5920,592,592,592.0,0.0,592.0,1.7595291137695312e-05,10,0.0,0.0
0.0,47,63.5,42538.58012170385,0.0,0.0,0.0,0.0,0.0,0.0,0.0,0,0,0,0,0,0.0002350807189941,0.0,0.0,0.0,0.0,0.0,0.0,0.0,0.0,0.0,0.0,0.0,0.0,0.0,1.0,1.0,5920,592,592,592.0,0.0,592.0,2.431869506835937e-05,10,0.0,0.0
0.0,47,63.5,296.5681477500919,0.0,0.0,0.0,0.0,0.0,0.0,0.0,0,0,0,0,0,0.0337190628051757,0.0,0.0,0.0,0.0,0.0,0.0,0.0,0.0,0.0,0.0,0.0,0.0,0.0,1.0,1.0,5920,592,592,592.0,0.0,592.0,0.0033727884292602,10,0.0,0.0
0.0,47,63.5,116185.70637119112,0.0,0.0,0.0,0.0,0.0,0.0,0.0,0,0,0,0,0,8.606910705566406e-05,0.0,0.0,0.0,0.0,0.0,0.0,0.0,0.0,0.0,0.0,0.0,0.0,0.0,1.0,1.0,5920,592,592,592.0,0.0,592.0,9.202957153320313e-06,10,0.0,0.0
0.0,47,63.5,156503.8805970149,0.0,0.0,0.0,0.0,0.0,0.0,0.0,0,0,0,0,0,6.389617919921875e-05,0.0,0.0,0.0,0.0,0.0,0.0,0.0,0.0,0.0,0.0,0.0,0.0,0.0,1.0,1.0,5748,470,640,574.8,59.44895102335935,574.8,6.699562072753907e-06,10,0.2420570746888756,5999.04
0.0,47,63.5,178481.02127659574,0.0,0.0,0.0,0.0,0.0,0.0,0.0,0,0,0,0,0,5.602836608886719e-05,0.0,0.0,0.0,0.0,0.0,0.0,0.0,0.0,0.0,0.0,0.0,0.0,0.0,1.0,1.0,5904,580,602,590.4,5.211099265563413,590.4,5.91278076171875e-06,10,0.0325084433968199,36.0
0.0,47,63.5,9792.911510623397,0.0,0.0,0.0,0.0,0.0,0.0,0.0,0,0,0,0,0,0.0010211467742919,0.0,0.0,0.0,0.0,0.0,0.0,0.0,0.0,0.0,0.0,0.0,0.0,0.0,1.0,1.0,5915,580,598,591.5,5.739725119240855,591.5,0.0001024007797241,10,0.0327237844245739,32.666666666666664
0.0,47,63.5,77528.72458410352,0.0,0.0,0.0,0.0,0.0,0.0,0.0,0,0,0,0,0,0.0001289844512939,0.0,0.0,0.0,0.0,0.0,0.0,0.0,0.0,0.0,0.0,0.0,0.0,0.0,1.0,1.0,5907,577,612,590.7,12.47263671669574,590.7,1.4495849609375e-05,10,0.0405788932929131,177.3469387755102
0.0,47,63.5,11453.588203167668,0.0,0.0,0.0,0.0,0.0,0.0,0.0,0,0,0,0,0,0.0008730888366699,0.0,0.0,0.0,0.0,0.0,0.0,0.0,0.0,0.0,0.0,0.0,0.0,0.0,1.0,1.0,5914,586,592,591.4,1.897366596101028,591.4,8.819103240966796e-05,10,0.0209337812565877,9.0
0.0,47,63.5,87018.75518672199,0.0,0.0,0.0,0.0,0.0,0.0,0.0,0,0,0,0,0,0.0001149177551269,0.0,0.0,0.0,0.0,0.0,0.0,0.0,0.0,0.0,0.0,0.0,0.0,0.0,1.0,1.0,5920,592,592,592.0,0.0,592.0,1.1801719665527344e-05,10,0.0,0.0
0.0,47,63.5,179243.7606837607,0.0,0.0,0.0,0.0,0.0,0.0,0.0,0,0,0,0,0,5.5789947509765625e-05,0.0,0.0,0.0,0.0,0.0,0.0,0.0,0.0,0.0,0.0,0.0,0.0,0.0,1.0,1.0,5920,592,592,592.0,0.0,592.0,5.888938903808594e-06,10,0.0,0.0
0.0,47,63.5,17483.551479783244,0.0,0.0,0.0,0.0,0.0,0.0,0.0,0,0,0,0,0,0.0005719661712646,0.0,0.0,0.0,0.0,0.0,0.0,0.0,0.0,0.0,0.0,0.0,0.0,0.0,1.0,1.0,5920,592,592,592.0,0.0,592.0,5.750656127929687e-05,10,0.0,0.0
0.0,47,63.5,434.1030842475678,0.0,0.0,0.0,0.0,0.0,0.0,0.0,0,0,0,0,0,0.0230360031127929,0.0,0.0,0.0,0.0,0.0,0.0,0.0,0.0,0.0,0.0,0.0,0.0,0.0,1.0,1.0,5953,563,628,595.3,21.70535008292246,595.3,0.0023050069808959,10,0.0681977514097793,846.96
0.0,47,63.5,31944.432597105864,0.0,0.0,0.0,0.0,0.0,0.0,0.0,0,0,0,0,0,0.0003130435943603,0.0,0.0,0.0,0.0,0.0,0.0,0.0,0.0,0.0,0.0,0.0,0.0,0.0,1.0,1.0,5912,588,597,591.2,3.190262963734773,591.2,3.349781036376953e-05,10,0.0180521955209069,20.25
0.0,47,63.5,107546.2564102564,0.0,0.0,0.0,0.0,0.0,0.0,0.0,0,0,0,0,0,9.298324584960938e-05,0.0,0.0,0.0,0.0,0.0,0.0,0.0,0.0,0.0,0.0,0.0,0.0,0.0,1.0,1.0,5894,582,595,589.4,4.993328882953067,589.4,1.0395050048828124e-05,10,0.0290114724537597,23.33333333333333
0.0,47,63.5,125203.10447761194,0.0,0.0,0.0,0.0,0.0,0.0,0.0,0,0,0,0,0,7.987022399902344e-05,0.0,0.0,0.0,0.0,0.0,0.0,0.0,0.0,0.0,0.0,0.0,0.0,0.0,1.0,1.0,5921,588,595,592.1,2.2335820757001272,592.1,8.392333984375e-06,10,0.0176624819943571,4.49
0.0,47,63.5,112147.16577540108,0.0,0.0,0.0,0.0,0.0,0.0,0.0,0,0,0,0,0,8.916854858398438e-05,0.0,0.0,0.0,0.0,0.0,0.0,0.0,0.0,0.0,0.0,0.0,0.0,0.0,1.0,1.0,5873,541,628,587.3,29.185422540866,587.3,9.41753387451172e-06,10,0.1087356937262472,1515.76
0.0,47,63.5,415.3886682578511,0.0,0.0,0.0,0.0,0.0,0.0,0.0,0,0,0,0,0,0.024073839187622,0.0,0.0,0.0,0.0,0.0,0.0,0.0,0.0,0.0,0.0,0.0,0.0,0.0,1.0,1.0,5882,582,595,588.2,3.938414796731181,588.2,0.0024077892303466,10,0.0285817426515964,16.775510204081634
0.0,47,63.5,20360.69902912621,0.0,0.0,0.0,0.0,0.0,0.0,0.0,0,0,0,0,0,0.0004911422729492,0.0,0.0,0.0,0.0,0.0,0.0,0.0,0.0,0.0,0.0,0.0,0.0,0.0,1.0,1.0,5914,589,595,591.4,2.118699810942761,591.4,5.1116943359375e-05,10,0.0159115535549855,6.959999999999999
0.0,47,63.5,79437.57575757576,0.0,0.0,0.0,0.0,0.0,0.0,0.0,0,0,0,0,0,0.0001258850097656,0.0,0.0,0.0,0.0,0.0,0.0,0.0,0.0,0.0,0.0,0.0,0.0,0.0,1.0,1.0,5900,585,595,590.0,3.5276684147527875,590.0,1.3279914855957032e-05,10,0.0233020310054337,11.333333333333334
0.0,47,63.5,68089.35064935064,0.0,0.0,0.0,0.0,0.0,0.0,0.0,0,0,0,0,0,0.0001468658447265,0.0,0.0,0.0,0.0,0.0,0.0,0.0,0.0,0.0,0.0,0.0,0.0,0.0,1.0,1.0,5723,470,640,572.3,58.99726924000617,572.3,1.5401840209960936e-05,10,0.2418730775976089,5943.84
0.0,47,63.5,1613.6903662665436,0.0,0.0,0.0,0.0,0.0,0.0,0.0,0,0,0,0,0,0.0061969757080078,0.0,0.0,0.0,0.0,0.0,0.0,0.0,0.0,0.0,0.0,0.0,0.0,0.0,1.0,1.0,5740,560,612,574.0,15.195028426721974,574.0,0.0006205081939697,10,0.0706580967799094,207.8
0.0,47,63.5,315.9241656184328,0.0,0.0,0.0,0.0,0.0,0.0,0.0,0,0,0,0,0,0.0316531658172607,0.0,0.0,0.0,0.0,0.0,0.0,0.0,0.0,0.0,0.0,0.0,0.0,0.0,1.0,1.0,5808,561,612,580.8,17.177504669382763,580.8,0.0031675100326538,10,0.0697615483021197,441.0
0.0,47,63.5,4246.106499291354,0.0,0.0,0.0,0.0,0.0,0.0,0.0,0,0,0,0,0,0.0023550987243652,0.0,0.0,0.0,0.0,0.0,0.0,0.0,0.0,0.0,0.0,0.0,0.0,0.0,1.0,1.0,5838,574,595,583.8,7.927448797970533,583.8,0.0002956867218017,10,0.0438397555423412,56.56
0.0,47,63.5,49461.1320754717,0.0,0.0,0.0,0.0,0.0,0.0,0.0,0,0,0,0,0,0.0002021789550781,0.0,0.0,0.0,0.0,0.0,0.0,0.0,0.0,0.0,0.0,0.0,0.0,0.0,1.0,1.0,5936,574,628,593.6,19.951051211513757,593.6,2.2411346435546875e-05,10,0.0487376902215222,699.84
0.0,47,63.5,40485.559845559845,0.0,0.0,0.0,0.0,0.0,0.0,0.0,0,0,0,0,0,0.0002470016479492,0.0,0.0,0.0,0.0,0.0,0.0,0.0,0.0,0.0,0.0,0.0,0.0,0.0,1.0,1.0,5890,584,594,589.0,2.788866755113585,589.0,2.5486946105957036e-05,10,0.0247052027613631,12.25
0.0,47,63.5,2436.7071399523616,0.0,0.0,0.0,0.0,0.0,0.0,0.0,0,0,0,0,0,0.0041038990020751,0.0,0.0,0.0,0.0,0.0,0.0,0.0,0.0,0.0,0.0,0.0,0.0,0.0,1.0,1.0,5927,584,603,592.7,6.000925854492047,592.7,0.0004112005233764,10,0.0260136671560859,90.25
0.0,47,63.5,77528.72458410352,0.0,0.0,0.0,0.0,0.0,0.0,0.0,0,0,0,0,0,0.0001289844512939,0.0,0.0,0.0,0.0,0.0,0.0,0.0,0.0,0.0,0.0,0.0,0.0,0.0,1.0,1.0,5904,581,596,590.4,5.037636129950016,590.4,1.3709068298339844e-05,10,0.0307336514538964,22.84
0.0,47,63.5,68534.37908496732,0.0,0.0,0.0,0.0,0.0,0.0,0.0,0,0,0,0,0,0.0001459121704101,0.0,0.0,0.0,0.0,0.0,0.0,0.0,0.0,0.0,0.0,0.0,0.0,0.0,1.0,1.0,5943,573,628,594.3,19.39673512046121,594.3,1.5282630920410155e-05,10,0.050216014018671,665.8399999999999
0.0,47,63.5,47180.02249718785,0.0,0.0,0.0,0.0,0.0,0.0,0.0,0,0,0,0,0,0.0002119541168212,0.0,0.0,0.0,0.0,0.0,0.0,0.0,0.0,0.0,0.0,0.0,0.0,0.0,1.0,1.0,5909,589,593,590.9,1.449137674618944,590.9,2.1910667419433595e-05,10,0.0156388007231326,2.098765432098765
0.0,47,63.5,45245.9978425027,0.0,0.0,0.0,0.0,0.0,0.0,0.0,0,0,0,0,0,0.0002210140228271,0.0,0.0,0.0,0.0,0.0,0.0,0.0,0.0,0.0,0.0,0.0,0.0,0.0,1.0,1.0,5903,587,594,590.3,2.4517567397911058,590.3,2.319812774658203e-05,10,0.0194554876255212,5.41
0.0,47,63.5,901.3030771875538,0.0,0.0,0.0,0.0,0.0,0.0,0.0,0,0,0,0,0,0.0110950469970703,0.0,0.0,0.0,0.0,0.0,0.0,0.0,0.0,0.0,0.0,0.0,0.0,0.0,1.0,1.0,5910,584,597,591.0,4.521553322083512,591.0,0.0011104106903076,10,0.0254110299612839,35.760000000000005
0.0,47,63.5,6540.31498518634,0.0,0.0,0.0,0.0,0.0,0.0,0.0,0,0,0,0,0,0.0015289783477783,0.0,0.0,0.0,0.0,0.0,0.0,0.0,0.0,0.0,0.0,0.0,0.0,0.0,1.0,1.0,5918,590,592,591.8,0.6324555320336759,591.8,0.0001556873321533,10,0.0,1.0
0.0,47,63.5,112447.82841823057,0.0,0.0,0.0,0.0,0.0,0.0,0.0,0,0,0,0,0,8.893013000488281e-05,0.0,0.0,0.0,0.0,0.0,0.0,0.0,0.0,0.0,0.0,0.0,0.0,0.0,1.0,1.0,5920,592,592,592.0,0.0,592.0,9.393692016601562e-06,10,0.0,0.0
0.0,47,63.5,151967.53623188406,0.0,0.0,0.0,0.0,0.0,0.0,0.0,0,0,0,0,0,6.580352783203125e-05,0.0,0.0,0.0,0.0,0.0,0.0,0.0,0.0,0.0,0.0,0.0,0.0,0.0,1.0,1.0,5920,592,592,592.0,0.0,592.0,7.200241088867187e-06,10,0.0,0.0
0.0,47,63.5,2224.740890044025,0.0,0.0,0.0,0.0,0.0,0.0,0.0,0,0,0,0,0,0.0044949054718017,0.0,0.0,0.0,0.0,0.0,0.0,0.0,0.0,0.0,0.0,0.0,0.0,0.0,1.0,1.0,5920,592,592,592.0,0.0,592.0,0.000449800491333,10,0.0,0.0
0.0,47,63.5,630.0402571651746,0.0,0.0,0.0,0.0,0.0,0.0,0.0,0,0,0,0,0,0.0158720016479492,0.0,0.0,0.0,0.0,0.0,0.0,0.0,0.0,0.0,0.0,0.0,0.0,0.0,1.0,1.0,5920,592,592,592.0,0.0,592.0,0.0015896081924438,10,0.0,0.0
0.0,47,63.5,165.8181588165063,0.0,0.0,0.0,0.0,0.0,0.0,0.0,0,0,0,0,0,0.0603070259094238,0.0,0.0,0.0,0.0,0.0,0.0,0.0,0.0,0.0,0.0,0.0,0.0,0.0,1.0,1.0,5920,592,592,592.0,0.0,592.0,0.0060343027114868,10,0.0,0.0
0.0,47,63.5,77528.72458410352,0.0,0.0,0.0,0.0,0.0,0.0,0.0,0,0,0,0,0,0.0001289844512939,0.0,0.0,0.0,0.0,0.0,0.0,0.0,0.0,0.0,0.0,0.0,0.0,0.0,1.0,1.0,5920,592,592,592.0,0.0,592.0,1.3709068298339844e-05,10,0.0,0.0
0.0,47,63.5,57852.46896551724,0.0,0.0,0.0,0.0,0.0,0.0,0.0,0,0,0,0,0,0.0001728534698486,0.0,0.0,0.0,0.0,0.0,0.0,0.0,0.0,0.0,0.0,0.0,0.0,0.0,1.0,1.0,5920,592,592,592.0,0.0,592.0,1.7881393432617188e-05,10,0.0,0.0
0.0,47,63.5,40642.48062015504,0.0,0.0,0.0,0.0,0.0,0.0,0.0,0,0,0,0,0,0.0002460479736328,0.0,0.0,0.0,0.0,0.0,0.0,0.0,0.0,0.0,0.0,0.0,0.0,0.0,1.0,1.0,5920,592,592,592.0,0.0,592.0,2.5320053100585935e-05,10,0.0,0.0
0.0,47,63.5,2361.2587963744863,0.0,0.0,0.0,0.0,0.0,0.0,0.0,0,0,0,0,0,0.004235029220581,0.0,0.0,0.0,0.0,0.0,0.0,0.0,0.0,0.0,0.0,0.0,0.0,0.0,1.0,1.0,5920,592,592,592.0,0.0,592.0,0.0004244804382324,10,0.0,0.0
0.0,47,63.5,44243.71308016877,0.0,0.0,0.0,0.0,0.0,0.0,0.0,0,0,0,0,0,0.0002260208129882,0.0,0.0,0.0,0.0,0.0,0.0,0.0,0.0,0.0,0.0,0.0,0.0,0.0,1.0,1.0,5920,592,592,592.0,0.0,592.0,2.4104118347167967e-05,10,0.0,0.0
0.0,47,63.5,53227.20812182741,0.0,0.0,0.0,0.0,0.0,0.0,0.0,0,0,0,0,0,0.000187873840332,0.0,0.0,0.0,0.0,0.0,0.0,0.0,0.0,0.0,0.0,0.0,0.0,0.0,1.0,1.0,5920,592,592,592.0,0.0,592.0,1.969337463378906e-05,10,0.0,0.0
0.0,47,63.5,42886.543967280166,0.0,0.0,0.0,0.0,0.0,0.0,0.0,0,0,0,0,0,0.0002331733703613,0.0,0.0,0.0,0.0,0.0,0.0,0.0,0.0,0.0,0.0,0.0,0.0,0.0,1.0,1.0,5722,470,640,572.2,58.9723098863639,572.2,2.431869506835937e-05,10,0.2418629101553092,5999.04
0.0,47,63.5,42538.58012170385,0.0,0.0,0.0,0.0,0.0,0.0,0.0,0,0,0,0,0,0.0002350807189941,0.0,0.0,0.0,0.0,0.0,0.0,0.0,0.0,0.0,0.0,0.0,0.0,0.0,1.0,1.0,5915,573,603,591.5,10.448285345771652,591.5,2.429485321044922e-05,10,0.0465707735184535,98.25
0.0,47,63.5,384.7173532190456,0.0,0.0,0.0,0.0,0.0,0.0,0.0,0,0,0,0,0,0.0259931087493896,0.0,0.0,0.0,0.0,0.0,0.0,0.0,0.0,0.0,0.0,0.0,0.0,0.0,1.0,1.0,5699,561,580,569.9,7.294594650226365,569.9,0.00260009765625,10,0.0657356460767162,52.76543209876544
0.0,47,63.5,107546.2564102564,0.0,0.0,0.0,0.0,0.0,0.0,0.0,0,0,0,0,0,9.298324584960938e-05,0.0,0.0,0.0,0.0,0.0,0.0,0.0,0.0,0.0,0.0,0.0,0.0,0.0,1.0,1.0,5721,562,587,572.1,9.30292666016692,572.1,9.703636169433594e-06,10,0.0648496302042856,77.89
0.0,47,63.5,153637.50915750916,0.0,0.0,0.0,0.0,0.0,0.0,0.0,0,0,0,0,0,6.508827209472656e-05,0.0,0.0,0.0,0.0,0.0,0.0,0.0,0.0,0.0,0.0,0.0,0.0,0.0,1.0,1.0,5915,587,592,591.5,1.5811388300841898,591.5,6.794929504394531e-06,10,0.019100832713823,6.25
0.0,47,63.5,161319.38461538462,0.0,0.0,0.0,0.0,0.0,0.0,0.0,0,0,0,0,0,6.198883056640625e-05,0.0,0.0,0.0,0.0,0.0,0.0,0.0,0.0,0.0,0.0,0.0,0.0,0.0,1.0,1.0,5920,592,592,592.0,0.0,592.0,6.508827209472656e-06,10,0.0,0.0
0.0,47,63.5,163840.0,0.0,0.0,0.0,0.0,0.0,0.0,0.0,0,0,0,0,0,6.103515625e-05,0.0,0.0,0.0,0.0,0.0,0.0,0.0,0.0,0.0,0.0,0.0,0.0,0.0,1.0,1.0,5920,592,592,592.0,0.0,592.0,6.699562072753907e-06,10,0.0,0.0
0.0,47,63.5,175493.8912133891,0.0,0.0,0.0,0.0,0.0,0.0,0.0,0,0,0,0,0,5.698204040527344e-05,0.0,0.0,0.0,0.0,0.0,0.0,0.0,0.0,0.0,0.0,0.0,0.0,0.0,1.0,1.0,5920,592,592,592.0,0.0,592.0,5.984306335449219e-06,10,0.0,0.0
0.0,47,63.5,172605.10288065844,0.0,0.0,0.0,0.0,0.0,0.0,0.0,0,0,0,0,0,5.793571472167969e-05,0.0,0.0,0.0,0.0,0.0,0.0,0.0,0.0,0.0,0.0,0.0,0.0,0.0,1.0,1.0,5815,533,640,581.5,36.31727473867559,581.5,6.198883056640625e-06,10,0.1252739650375469,2294.6400000000003
0.0,47,63.5,181571.60173160167,0.0,0.0,0.0,0.0,0.0,0.0,0.0,0,0,0,0,0,5.507469177246094e-05,0.0,0.0,0.0,0.0,0.0,0.0,0.0,0.0,0.0,0.0,0.0,0.0,0.0,1.0,1.0,5799,571,591,579.9,7.385421074281712,579.9,5.91278076171875e-06,10,0.0487313451288194,63.06122448979592
0.0,47,63.5,129854.61300309598,0.0,0.0,0.0,0.0,0.0,0.0,0.0,0,0,0,0,0,7.700920104980469e-05,0.0,0.0,0.0,0.0,0.0,0.0,0.0,0.0,0.0,0.0,0.0,0.0,0.0,1.0,1.0,5812,562,591,581.2,9.693067396627116,581.2,8.20159912109375e-06,10,0.06500855793469,84.56
0.0,47,63.5,126716.1329305136,0.0,0.0,0.0,0.0,0.0,0.0,0.0,0,0,0,0,0,7.891654968261719e-05,0.0,0.0,0.0,0.0,0.0,0.0,0.0,0.0,0.0,0.0,0.0,0.0,0.0,1.0,1.0,5815,562,590,581.5,8.553751613570894,581.5,8.296966552734374e-06,10,0.0645444462573043,86.57142857142857
0.0,47,63.5,167103.74501992032,0.0,0.0,0.0,0.0,0.0,0.0,0.0,0,0,0,0,0,5.984306335449219e-05,0.0,0.0,0.0,0.0,0.0,0.0,0.0,0.0,0.0,0.0,0.0,0.0,0.0,1.0,1.0,5913,585,592,591.3,2.213594362117866,591.3,6.389617919921875e-06,10,0.0227667297993523,12.25
0.0,47,63.5,178481.02127659574,0.0,0.0,0.0,0.0,0.0,0.0,0.0,0,0,0,0,0,5.602836608886719e-05,0.0,0.0,0.0,0.0,0.0,0.0,0.0,0.0,0.0,0.0,0.0,0.0,0.0,1.0,1.0,5920,592,592,592.0,0.0,592.0,5.91278076171875e-06,10,0.0,0.0
0.0,47,63.5,181571.60173160167,0.0,0.0,0.0,0.0,0.0,0.0,0.0,0,0,0,0,0,5.507469177246094e-05,0.0,0.0,0.0,0.0,0.0,0.0,0.0,0.0,0.0,0.0,0.0,0.0,0.0,1.0,1.0,5920,592,592,592.0,0.0,592.0,5.793571472167969e-06,10,0.0,0.0
0.0,47,63.5,175493.8912133891,0.0,0.0,0.0,0.0,0.0,0.0,0.0,0,0,0,0,0,5.698204040527344e-05,0.0,0.0,0.0,0.0,0.0,0.0,0.0,0.0,0.0,0.0,0.0,0.0,0.0,1.0,1.0,5918,556,628,591.8,24.02683684734403,591.8,6.008148193359375e-06,10,0.081072342258134,1036.8
0.0,47,63.5,175493.8912133891,0.0,0.0,0.0,0.0,0.0,0.0,0.0,0,0,0,0,0,5.698204040527344e-05,0.0,0.0,0.0,0.0,0.0,0.0,0.0,0.0,0.0,0.0,0.0,0.0,0.0,1.0,1.0,5942,590,596,594.2,1.6865480854231356,594.2,5.984306335449219e-06,10,0.014031382228078,2.56
0.0,47,63.5,10051.052000958543,0.0,0.0,0.0,0.0,0.0,0.0,0.0,0,0,0,0,0,0.0009949207305908,0.0,0.0,0.0,0.0,0.0,0.0,0.0,0.0,0.0,0.0,0.0,0.0,0.0,1.0,1.0,5916,588,596,591.6,3.1692971530679235,591.6,0.0001882076263427,10,0.0180436548882736,9.333333333333334
0.0,47,63.5,1728.3270149991758,0.0,0.0,0.0,0.0,0.0,0.0,0.0,0,0,0,0,0,0.0057859420776367,0.0,0.0,0.0,0.0,0.0,0.0,0.0,0.0,0.0,0.0,0.0,0.0,0.0,1.0,1.0,5930,586,599,593.0,3.944053188733077,593.0,0.0005789041519165,10,0.0217675195069623,14.0
0.0,47,63.5,1723.5685227039244,0.0,0.0,0.0,0.0,0.0,0.0,0.0,0,0,0,0,0,0.0058019161224365,0.0,0.0,0.0,0.0,0.0,0.0,0.0,0.0,0.0,0.0,0.0,0.0,0.0,1.0,1.0,5935,586,599,593.5,4.143267631552018,593.5,0.0005817890167236,10,0.021848671502389,23.2
0.0,47,63.5,48099.81651376147,0.0,0.0,0.0,0.0,0.0,0.0,0.0,0,0,0,0,0,0.0002079010009765,0.0,0.0,0.0,0.0,0.0,0.0,0.0,0.0,0.0,0.0,0.0,0.0,0.0,1.0,1.0,5947,590,602,594.7,4.547282460742656,594.7,2.3102760314941408e-05,10,0.0151967309832082,19.77777777777778
0.0,47,63.5,825.2767447809063,0.0,0.0,0.0,0.0,0.0,0.0,0.0,0,0,0,0,0,0.0121171474456787,0.0,0.0,0.0,0.0,0.0,0.0,0.0,0.0,0.0,0.0,0.0,0.0,0.0,1.0,1.0,5920,592,592,592.0,0.0,592.0,0.0012138128280639,10,0.0,0.0
0.0,47,63.5,175493.8912133891,0.0,0.0,0.0,0.0,0.0,0.0,0.0,0,0,0,0,0,5.698204040527344e-05,0.0,0.0,0.0,0.0,0.0,0.0,0.0,0.0,0.0,0.0,0.0,0.0,0.0,1.0,1.0,5920,592,592,592.0,0.0,592.0,5.984306335449219e-06,10,0.0,0.0
0.0,47,63.5,175493.8912133891,0.0,0.0,0.0,0.0,0.0,0.0,0.0,0,0,0,0,0,5.698204040527344e-05,0.0,0.0,0.0,0.0,0.0,0.0,0.0,0.0,0.0,0.0,0.0,0.0,0.0,1.0,1.0,5920,592,592,592.0,0.0,592.0,6.008148193359375e-06,10,0.0,0.0
0.0,47,63.5,14473.098688750862,0.0,0.0,0.0,0.0,0.0,0.0,0.0,0,0,0,0,0,0.0006909370422363,0.0,0.0,0.0,0.0,0.0,0.0,0.0,0.0,0.0,0.0,0.0,0.0,0.0,1.0,1.0,5920,592,592,592.0,0.0,592.0,6.940364837646485e-05,10,0.0,0.0
0.0,47,63.5,1706.7361139369275,0.0,0.0,0.0,0.0,0.0,0.0,0.0,0,0,0,0,0,0.0058591365814208,0.0,0.0,0.0,0.0,0.0,0.0,0.0,0.0,0.0,0.0,0.0,0.0,0.0,1.0,1.0,5920,592,592,592.0,0.0,592.0,0.0005876064300537,10,0.0,0.0
0.0,47,63.5,722.645026791406,0.0,0.0,0.0,0.0,0.0,0.0,0.0,0,0,0,0,0,0.0138380527496337,0.0,0.0,0.0,0.0,0.0,0.0,0.0,0.0,0.0,0.0,0.0,0.0,0.0,1.0,1.0,5920,592,592,592.0,0.0,592.0,0.0013840913772583,10,0.0,0.0
0.0,47,63.5,1125.504212955509,0.0,0.0,0.0,0.0,0.0,0.0,0.0,0,0,0,0,0,0.0088849067687988,0.0,0.0,0.0,0.0,0.0,0.0,0.0,0.0,0.0,0.0,0.0,0.0,0.0,1.0,1.0,5920,592,592,592.0,0.0,592.0,0.0008904933929443,10,0.0,0.0
0.0,47,63.5,59493.67375886525,0.0,0.0,0.0,0.0,0.0,0.0,0.0,0,0,0,0,0,0.0001680850982666,0.0,0.0,0.0,0.0,0.0,0.0,0.0,0.0,0.0,0.0,0.0,0.0,0.0,1.0,1.0,5849,521,592,584.9,22.45217138719549,584.9,2.040863037109375e-05,10,0.1400754365362879,453.69000000000005
0.0,47,63.5,75709.45848375451,0.0,0.0,0.0,0.0,0.0,0.0,0.0,0,0,0,0,0,0.0001320838928222,0.0,0.0,0.0,0.0,0.0,0.0,0.0,0.0,0.0,0.0,0.0,0.0,0.0,1.0,1.0,5841,521,640,584.1,35.14240869503525,584.1,1.5306472778320313e-05,10,0.1452449316060095,3540.25
0.0,47,63.5,76398.97996357013,0.0,0.0,0.0,0.0,0.0,0.0,0.0,0,0,0,0,0,0.0001308917999267,0.0,0.0,0.0,0.0,0.0,0.0,0.0,0.0,0.0,0.0,0.0,0.0,0.0,1.0,1.0,5752,570,582,575.2,4.366539438350085,575.2,1.3780593872070312e-05,10,0.0492057035056062,36.0
0.0,47,63.5,2884.4673681314903,0.0,0.0,0.0,0.0,0.0,0.0,0.0,0,0,0,0,0,0.0034668445587158,0.0,0.0,0.0,0.0,0.0,0.0,0.0,0.0,0.0,0.0,0.0,0.0,0.0,1.0,1.0,5819,567,592,581.9,7.370361064576295,581.9,0.0003473043441772,10,0.0555417302832658,48.89
0.0,47,63.5,1116.9619983489122,0.0,0.0,0.0,0.0,0.0,0.0,0.0,0,0,0,0,0,0.0089528560638427,0.0,0.0,0.0,0.0,0.0,0.0,0.0,0.0,0.0,0.0,0.0,0.0,0.0,1.0,1.0,5770,557,583,577.0,8.445906306213285,577.0,0.0008960008621215,10,0.073021164392899,64.2
0.0,47,63.5,114912.43835616438,0.0,0.0,0.0,0.0,0.0,0.0,0.0,0,0,0,0,0,8.702278137207031e-05,0.0,0.0,0.0,0.0,0.0,0.0,0.0,0.0,0.0,0.0,0.0,0.0,0.0,1.0,1.0,5954,557,628,595.4,20.391719452322363,595.4,1.0204315185546874e-05,10,0.077887410836098,1260.25
0.0,47,63.5,595.5956945272784,0.0,0.0,0.0,0.0,0.0,0.0,0.0,0,0,0,0,0,0.0167899131774902,0.0,0.0,0.0,0.0,0.0,0.0,0.0,0.0,0.0,0.0,0.0,0.0,0.0,1.0,1.0,5922,590,595,592.2,1.7511900715418265,592.2,0.0016793966293334,10,0.0140577147875433,2.76
0.0,47,63.5,385.62284516443407,0.0,0.0,0.0,0.0,0.0,0.0,0.0,0,0,0,0,0,0.0259320735931396,0.0,0.0,0.0,0.0,0.0,0.0,0.0,0.0,0.0,0.0,0.0,0.0,0.0,1.0,1.0,5929,591,596,592.9,2.0789954839350235,592.9,0.0025936126708984,10,0.0124871196003358,3.89
0.0,47,63.5,69442.11920529802,0.0,0.0,0.0,0.0,0.0,0.0,0.0,0,0,0,0,0,0.0001440048217773,0.0,0.0,0.0,0.0,0.0,0.0,0.0,0.0,0.0,0.0,0.0,0.0,0.0,1.0,1.0,5808,470,601,580.8,39.27622973532748,580.8,1.5187263488769532e-05,10,0.233839514944983,1388.36
0.0,47,63.5,51781.53086419753,0.0,0.0,0.0,0.0,0.0,0.0,0.0,0,0,0,0,0,0.0001931190490722,0.0,0.0,0.0,0.0,0.0,0.0,0.0,0.0,0.0,0.0,0.0,0.0,0.0,1.0,1.0,5786,470,640,578.6,47.09847839014193,578.6,2.131462097167969e-05,10,0.2370259861570082,7225.0
0.0,47,63.5,280.46540241260334,0.0,0.0,0.0,0.0,0.0,0.0,0.0,0,0,0,0,0,0.0356550216674804,0.0,0.0,0.0,0.0,0.0,0.0,0.0,0.0,0.0,0.0,0.0,0.0,0.0,1.0,1.0,5740,560,592,574.0,13.046923860520618,574.0,0.0035664796829223,10,0.0697830449038216,211.14285714285717
0.0,47,63.5,56450.92866756393,0.0,0.0,0.0,0.0,0.0,0.0,0.0,0,0,0,0,0,0.0001771450042724,0.0,0.0,0.0,0.0,0.0,0.0,0.0,0.0,0.0,0.0,0.0,0.0,0.0,1.0,1.0,5840,574,592,584.0,7.3484692283495345,584.0,1.862049102783203e-05,10,0.0436039024248604,48.6
0.0,47,63.5,79437.57575757576,0.0,0.0,0.0,0.0,0.0,0.0,0.0,0,0,0,0,0,0.0001258850097656,0.0,0.0,0.0,0.0,0.0,0.0,0.0,0.0,0.0,0.0,0.0,0.0,0.0,1.0,1.0,5812,538,592,581.2,16.9627041869312,581.2,1.3184547424316406e-05,10,0.1088690371775883,258.96
0.0,47,63.5,72944.41739130435,0.0,0.0,0.0,0.0,0.0,0.0,0.0,0,0,0,0,0,0.0001370906829833,0.0,0.0,0.0,0.0,0.0,0.0,0.0,0.0,0.0,0.0,0.0,0.0,0.0,1.0,1.0,5813,538,640,581.3,32.94456623548782,581.3,1.571178436279297e-05,10,0.1153794085016883,2601.0
0.0,47,63.5,80043.96946564886,0.0,0.0,0.0,0.0,0.0,0.0,0.0,0,0,0,0,0,0.0001249313354492,0.0,0.0,0.0,0.0,0.0,0.0,0.0,0.0,0.0,0.0,0.0,0.0,0.0,1.0,1.0,5809,575,589,580.9,6.590397054300547,580.9,1.3184547424316406e-05,10,0.0415909641440399,40.46913580246913
0.0,47,63.5,179243.7606837607,0.0,0.0,0.0,0.0,0.0,0.0,0.0,0,0,0,0,0,5.5789947509765625e-05,0.0,0.0,0.0,0.0,0.0,0.0,0.0,0.0,0.0,0.0,0.0,0.0,0.0,1.0,1.0,5818,576,586,581.8,4.661902329879224,581.8,6.198883056640625e-06,10,0.0391012425330996,25.0
0.0,47,63.5,288.81020746830825,0.0,0.0,0.0,0.0,0.0,0.0,0.0,0,0,0,0,0,0.0346248149871826,0.0,0.0,0.0,0.0,0.0,0.0,0.0,0.0,0.0,0.0,0.0,0.0,0.0,1.0,1.0,5756,498,593,575.6,28.469086548199765,575.6,0.0035079002380371,10,0.1817214770962747,729.44
0.0,47,63.5,135300.12903225806,0.0,0.0,0.0,0.0,0.0,0.0,0.0,0,0,0,0,0,7.390975952148438e-05,0.0,0.0,0.0,0.0,0.0,0.0,0.0,0.0,0.0,0.0,0.0,0.0,0.0,1.0,1.0,5826,498,640,582.6,40.568734540557486,582.6,8.797645568847656e-06,10,0.1866503897024415,5041.0
0.0,47,63.5,134865.08038585208,0.0,0.0,0.0,0.0,0.0,0.0,0.0,0,0,0,0,0,7.414817810058594e-05,0.0,0.0,0.0,0.0,0.0,0.0,0.0,0.0,0.0,0.0,0.0,0.0,0.0,1.0,1.0,5808,570,596,580.8,9.23519836759822,580.8,7.82012939453125e-06,10,0.0511890004070247,132.8
0.0,47,63.5,134865.08038585208,0.0,0.0,0.0,0.0,0.0,0.0,0.0,0,0,0,0,0,7.414817810058594e-05,0.0,0.0,0.0,0.0,0.0,0.0,0.0,0.0,0.0,0.0,0.0,0.0,0.0,1.0,1.0,5801,568,595,580.1,9.768998583955948,580.1,7.700920104980468e-06,10,0.0548147092631603,89.20987654320987
0.0,47,63.5,131482.88401253917,0.0,0.0,0.0,0.0,0.0,0.0,0.0,0,0,0,0,0,7.605552673339844e-05,0.0,0.0,0.0,0.0,0.0,0.0,0.0,0.0,0.0,0.0,0.0,0.0,0.0,1.0,1.0,5873,550,605,587.3,18.11721097005092,587.3,7.891654968261719e-06,10,0.0888897770607599,295.41
0.0,47,63.5,133152.50793650793,0.0,0.0,0.0,0.0,0.0,0.0,0.0,0,0,0,0,0,7.510185241699219e-05,0.0,0.0,0.0,0.0,0.0,0.0,0.0,0.0,0.0,0.0,0.0,0.0,0.0,1.0,1.0,5938,550,628,593.8,21.99393855891512,593.8,8.20159912109375e-06,10,0.0904690008113597,1521.0
0.0,47,63.5,74104.3109540636,0.0,0.0,0.0,0.0,0.0,0.0,0.0,0,0,0,0,0,0.0001349449157714,0.0,0.0,0.0,0.0,0.0,0.0,0.0,0.0,0.0,0.0,0.0,0.0,0.0,1.0,1.0,5907,587,594,590.7,2.4517567397911058,590.7,1.3899803161621091e-05,10,0.0194554876255212,6.0
0.0,47,63.5,133576.56050955414,0.0,0.0,0.0,0.0,0.0,0.0,0.0,0,0,0,0,0,7.486343383789062e-05,0.0,0.0,0.0,0.0,0.0,0.0,0.0,0.0,0.0,0.0,0.0,0.0,0.0,1.0,1.0,5910,585,594,591.0,3.4641016151377544,591.0,7.891654968261719e-06,10,0.0232761364339425,12.234375
0.0,47,63.5,135300.12903225806,0.0,0.0,0.0,0.0,0.0,0.0,0.0,0,0,0,0,0,7.390975952148438e-05,0.0,0.0,0.0,0.0,0.0,0.0,0.0,0.0,0.0,0.0,0.0,0.0,0.0,1.0,1.0,5909,587,594,590.9,2.7264140062238043,590.9,7.796287536621094e-06,10,0.0195673720095753,9.84
0.0,47,63.5,137068.75816993465,0.0,0.0,0.0,0.0,0.0,0.0,0.0,0,0,0,0,0,7.295608520507812e-05,0.0,0.0,0.0,0.0,0.0,0.0,0.0,0.0,0.0,0.0,0.0,0.0,0.0,1.0,1.0,5920,592,592,592.0,0.0,592.0,8.106231689453125e-06,10,0.0,0.0
0.0,47,63.5,77528.72458410352,0.0,0.0,0.0,0.0,0.0,0.0,0.0,0,0,0,0,0,0.0001289844512939,0.0,0.0,0.0,0.0,0.0,0.0,0.0,0.0,0.0,0.0,0.0,0.0,0.0,1.0,1.0,5920,592,592,592.0,0.0,592.0,1.3399124145507811e-05,10,0.0,0.0
0.0,47,63.5,73584.28070175438,0.0,0.0,0.0,0.0,0.0,0.0,0.0,0,0,0,0,0,0.0001358985900878,0.0,0.0,0.0,0.0,0.0,0.0,0.0,0.0,0.0,0.0,0.0,0.0,0.0,1.0,1.0,5920,592,592,592.0,0.0,592.0,1.430511474609375e-05,10,0.0,0.0
0.0,47,63.5,77528.72458410352,0.0,0.0,0.0,0.0,0.0,0.0,0.0,0,0,0,0,0,0.0001289844512939,0.0,0.0,0.0,0.0,0.0,0.0,0.0,0.0,0.0,0.0,0.0,0.0,0.0,1.0,1.0,5920,592,592,592.0,0.0,592.0,1.3589859008789062e-05,10,0.0,0.0
0.0,47,63.5,60262.988505747126,0.0,0.0,0.0,0.0,0.0,0.0,0.0,0,0,0,0,0,0.0001659393310546,0.0,0.0,0.0,0.0,0.0,0.0,0.0,0.0,0.0,0.0,0.0,0.0,0.0,1.0,1.0,5920,592,592,592.0,0.0,592.0,1.7213821411132813e-05,10,0.0,0.0
0.0,47,63.5,5774.09691629956,0.0,0.0,0.0,0.0,0.0,0.0,0.0,0,0,0,0,0,0.0017318725585937,0.0,0.0,0.0,0.0,0.0,0.0,0.0,0.0,0.0,0.0,0.0,0.0,0.0,1.0,1.0,5920,592,592,592.0,0.0,592.0,0.0001740932464599,10,0.0,0.0
0.0,47,63.5,771.0117647058823,0.0,0.0,0.0,0.0,0.0,0.0,0.0,0,0,0,0,0,0.012969970703125,0.0,0.0,0.0,0.0,0.0,0.0,0.0,0.0,0.0,0.0,0.0,0.0,0.0,1.0,1.0,5920,592,592,592.0,0.0,592.0,0.001299500465393,10,0.0,0.0
0.0,47,63.5,41486.68644906033,0.0,0.0,0.0,0.0,0.0,0.0,0.0,0,0,0,0,0,0.0002410411834716,0.0,0.0,0.0,0.0,0.0,0.0,0.0,0.0,0.0,0.0,0.0,0.0,0.0,1.0,1.0,5920,592,592,592.0,0.0,592.0,5.3095817565917966e-05,10,0.0,0.0
0.0,47,63.5,156503.8805970149,0.0,0.0,0.0,0.0,0.0,0.0,0.0,0,0,0,0,0,6.389617919921875e-05,0.0,0.0,0.0,0.0,0.0,0.0,0.0,0.0,0.0,0.0,0.0,0.0,0.0,1.0,1.0,5750,483,640,575.0,50.74555262396017,575.0,6.699562072753907e-06,10,0.2163579683168964,2317.6
0.0,47,63.5,784.4952772842046,0.0,0.0,0.0,0.0,0.0,0.0,0.0,0,0,0,0,0,0.012747049331665,0.0,0.0,0.0,0.0,0.0,0.0,0.0,0.0,0.0,0.0,0.0,0.0,0.0,1.0,1.0,5877,571,640,587.7,21.49444372648688,587.7,0.0012751102447509,10,0.0544787965964217,577.4722222222223
0.0,47,63.5,76260.07272727272,0.0,0.0,0.0,0.0,0.0,0.0,0.0,0,0,0,0,0,0.0001311302185058,0.0,0.0,0.0,0.0,0.0,0.0,0.0,0.0,0.0,0.0,0.0,0.0,0.0,1.0,1.0,5913,580,608,591.3,9.369572502995474,591.3,1.3899803161621091e-05,10,0.0342024390548202,79.01
0.0,47,63.5,1833.1748251748247,0.0,0.0,0.0,0.0,0.0,0.0,0.0,0,0,0,0,0,0.0054550170898437,0.0,0.0,0.0,0.0,0.0,0.0,0.0,0.0,0.0,0.0,0.0,0.0,0.0,1.0,1.0,5865,567,596,586.5,11.423659658795865,586.5,0.0005461931228637,10,0.0571928819986071,129.83673469387756
0.0,47,63.5,629.9172486295712,0.0,0.0,0.0,0.0,0.0,0.0,0.0,0,0,0,0,0,0.0158751010894775,0.0,0.0,0.0,0.0,0.0,0.0,0.0,0.0,0.0,0.0,0.0,0.0,0.0,1.0,1.0,5845,573,628,584.5,17.290009960796567,584.5,0.0015896081924438,10,0.04935781845763,269.05
0.0,47,63.5,366.75678984278,0.0,0.0,0.0,0.0,0.0,0.0,0.0,0,0,0,0,0,0.0272660255432128,0.0,0.0,0.0,0.0,0.0,0.0,0.0,0.0,0.0,0.0,0.0,0.0,0.0,1.0,1.0,5972,587,628,597.2,12.191071414039955,597.2,0.002728796005249,10,0.0234228948512232,420.25
0.0,47,63.5,390.2912549085292,0.0,0.0,0.0,0.0,0.0,0.0,0.0,0,0,0,0,0,0.0256218910217285,0.0,0.0,0.0,0.0,0.0,0.0,0.0,0.0,0.0,0.0,0.0,0.0,0.0,1.0,1.0,5949,591,603,594.9,3.984692933938295,594.9,0.0025645971298217,10,0.0132634245135691,16.0
0.0,47,63.5,548.8489924103637,0.0,0.0,0.0,0.0,0.0,0.0,0.0,0,0,0,0,0,0.0182199478149414,0.0,0.0,0.0,0.0,0.0,0.0,0.0,0.0,0.0,0.0,0.0,0.0,0.0,1.0,1.0,5926,589,603,592.6,3.949683531626299,592.6,0.0018240928649902,10,0.0166574230834432,26.75
0.0,47,63.5,325.00127852466005,0.0,0.0,0.0,0.0,0.0,0.0,0.0,0,0,0,0,0,0.0307691097259521,0.0,0.0,0.0,0.0,0.0,0.0,0.0,0.0,0.0,0.0,0.0,0.0,0.0,1.0,1.0,5903,587,593,590.3,2.4517567397911058,590.3,0.003078818321228,10,0.0194554876255212,9.0
0.0,47,63.5,140748.45637583893,0.0,0.0,0.0,0.0,0.0,0.0,0.0,0,0,0,0,0,7.104873657226562e-05,0.0,0.0,0.0,0.0,0.0,0.0,0.0,0.0,0.0,0.0,0.0,0.0,0.0,1.0,1.0,5920,592,592,592.0,0.0,592.0,8.702278137207031e-06,10,0.0,0.0
0.0,47,63.5,293.7640252699996,0.0,0.0,0.0,0.0,0.0,0.0,0.0,0,0,0,0,0,0.0340409278869628,0.0,0.0,0.0,0.0,0.0,0.0,0.0,0.0,0.0,0.0,0.0,0.0,0.0,1.0,1.0,5920,592,592,592.0,0.0,592.0,0.0034043788909912,10,0.0,0.0
0.0,47,63.5,76398.97996357013,0.0,0.0,0.0,0.0,0.0,0.0,0.0,0,0,0,0,0,0.0001308917999267,0.0,0.0,0.0,0.0,0.0,0.0,0.0,0.0,0.0,0.0,0.0,0.0,0.0,1.0,1.0,5920,592,592,592.0,0.0,592.0,1.3804435729980468e-05,10,0.0,0.0
0.0,47,63.5,42027.09418837675,0.0,0.0,0.0,0.0,0.0,0.0,0.0,0,0,0,0,0,0.0002379417419433,0.0,0.0,0.0,0.0,0.0,0.0,0.0,0.0,0.0,0.0,0.0,0.0,0.0,1.0,1.0,5724,470,640,572.4,56.00634884645768,572.4,2.4700164794921877e-05,10,0.240654696266093,2823.04
0.0,47,63.5,727.3822034927076,0.0,0.0,0.0,0.0,0.0,0.0,0.0,0,0,0,0,0,0.0137479305267333,0.0,0.0,0.0,0.0,0.0,0.0,0.0,0.0,0.0,0.0,0.0,0.0,0.0,1.0,1.0,5858,563,640,585.8,22.0846854931949,585.8,0.0013757944107055,10,0.0683522774825079,1482.25
0.0,47,63.5,66156.214511041,0.0,0.0,0.0,0.0,0.0,0.0,0.0,0,0,0,0,0,0.0001511573791503,0.0,0.0,0.0,0.0,0.0,0.0,0.0,0.0,0.0,0.0,0.0,0.0,0.0,1.0,1.0,5827,566,602,582.7,15.0926766641603,582.7,1.5616416931152344e-05,10,0.0603916227659124,227.1358024691358
0.0,47,63.5,4759.223873822762,0.0,0.0,0.0,0.0,0.0,0.0,0.0,0,0,0,0,0,0.002101182937622,0.0,0.0,0.0,0.0,0.0,0.0,0.0,0.0,0.0,0.0,0.0,0.0,0.0,1.0,1.0,5804,560,598,580.4,16.304055391902416,580.4,0.0002109050750732,10,0.0711098700044453,294.56
0.0,47,63.5,658.7256765033845,0.0,0.0,0.0,0.0,0.0,0.0,0.0,0,0,0,0,0,0.0151808261871337,0.0,0.0,0.0,0.0,0.0,0.0,0.0,0.0,0.0,0.0,0.0,0.0,0.0,1.0,1.0,5781,542,628,578.1,24.255354506216197,578.1,0.0015196800231933,10,0.1050232512116522,529.49
0.0,47,63.5,19572.11385907606,0.0,0.0,0.0,0.0,0.0,0.0,0.0,0,0,0,0,0,0.0005109310150146,0.0,0.0,0.0,0.0,0.0,0.0,0.0,0.0,0.0,0.0,0.0,0.0,0.0,1.0,1.0,5959,589,628,595.9,11.713714658941932,595.9,5.3811073303222654e-05,10,0.0198201788034665,324.0
0.0,47,63.5,320.80033653294583,0.0,0.0,0.0,0.0,0.0,0.0,0.0,0,0,0,0,0,0.0311720371246337,0.0,0.0,0.0,0.0,0.0,0.0,0.0,0.0,0.0,0.0,0.0,0.0,0.0,1.0,1.0,5917,588,595,591.7,2.4060109910158123,591.7,0.0031176090240478,10,0.0177327226373001,6.959999999999999
0.0,47,63.5,114912.43835616438,0.0,0.0,0.0,0.0,0.0,0.0,0.0,0,0,0,0,0,8.702278137207031e-05,0.0,0.0,0.0,0.0,0.0,0.0,0.0,0.0,0.0,0.0,0.0,0.0,0.0,1.0,1.0,5910,588,594,591.0,2.309401076758503,591.0,1.0895729064941409e-05,10,0.0176933676226282,6.693877551020408
0.0,47,63.5,17947.385537013266,0.0,0.0,0.0,0.0,0.0,0.0,0.0,0,0,0,0,0,0.0005571842193603,0.0,0.0,0.0,0.0,0.0,0.0,0.0,0.0,0.0,0.0,0.0,0.0,0.0,1.0,1.0,5910,586,594,591.0,2.8284271247461903,591.0,5.600452423095703e-05,10,0.0213130580735366,9.673469387755102
0.0,47,63.5,175493.8912133891,0.0,0.0,0.0,0.0,0.0,0.0,0.0,0,0,0,0,0,5.698204040527344e-05,0.0,0.0,0.0,0.0,0.0,0.0,0.0,0.0,0.0,0.0,0.0,0.0,0.0,1.0,1.0,5920,592,592,592.0,0.0,592.0,5.984306335449219e-06,10,0.0,0.0
0.0,47,63.5,178481.02127659574,0.0,0.0,0.0,0.0,0.0,0.0,0.0,0,0,0,0,0,5.602836608886719e-05,0.0,0.0,0.0,0.0,0.0,0.0,0.0,0.0,0.0,0.0,0.0,0.0,0.0,1.0,1.0,5920,592,592,592.0,0.0,592.0,5.91278076171875e-06,10,0.0,0.0
0.0,47,63.5,172605.10288065844,0.0,0.0,0.0,0.0,0.0,0.0,0.0,0,0,0,0,0,5.793571472167969e-05,0.0,0.0,0.0,0.0,0.0,0.0,0.0,0.0,0.0,0.0,0.0,0.0,0.0,1.0,1.0,5920,592,592,592.0,0.0,592.0,6.079673767089844e-06,10,0.0,0.0
0.0,47,63.5,172605.10288065844,0.0,0.0,0.0,0.0,0.0,0.0,0.0,0,0,0,0,0,5.793571472167969e-05,0.0,0.0,0.0,0.0,0.0,0.0,0.0,0.0,0.0,0.0,0.0,0.0,0.0,1.0,1.0,5724,470,640,572.4,56.00634884645768,572.4,6.103515625e-06,10,0.240654696266093,2823.04
0.0,47,63.5,94254.02247191012,0.0,0.0,0.0,0.0,0.0,0.0,0.0,0,0,0,0,0,0.0001060962677001,0.0,0.0,0.0,0.0,0.0,0.0,0.0,0.0,0.0,0.0,0.0,0.0,0.0,1.0,1.0,5910,553,640,591.0,26.44070935340259,591.0,1.0919570922851562e-05,10,0.0871680473622021,841.0
0.0,47,63.5,644.4546194858873,0.0,0.0,0.0,0.0,0.0,0.0,0.0,0,0,0,0,0,0.0155169963836669,0.0,0.0,0.0,0.0,0.0,0.0,0.0,0.0,0.0,0.0,0.0,0.0,0.0,1.0,1.0,5845,579,589,584.5,3.439961240091716,584.5,0.0015524864196777,10,0.0334910826107638,20.25
0.0,47,63.5,22322.001064395958,0.0,0.0,0.0,0.0,0.0,0.0,0.0,0,0,0,0,0,0.0004479885101318,0.0,0.0,0.0,0.0,0.0,0.0,0.0,0.0,0.0,0.0,0.0,0.0,0.0,1.0,1.0,5829,557,611,582.9,18.326968592153417,582.9,4.749298095703125e-05,10,0.0770463139256995,429.4285714285714
0.0,47,63.5,517.3873462691354,0.0,0.0,0.0,0.0,0.0,0.0,0.0,0,0,0,0,0,0.0193278789520263,0.0,0.0,0.0,0.0,0.0,0.0,0.0,0.0,0.0,0.0,0.0,0.0,0.0,1.0,1.0,5825,566,599,582.5,11.098047876390996,582.5,0.0019330978393554,10,0.0587643707829267,156.9795918367347
0.0,47,63.5,12328.935920047032,0.0,0.0,0.0,0.0,0.0,0.0,0.0,0,0,0,0,0,0.0008111000061035,0.0,0.0,0.0,0.0,0.0,0.0,0.0,0.0,0.0,0.0,0.0,0.0,0.0,1.0,1.0,5810,581,581,581.0,0.0,581.0,8.311271667480469e-05,10,0.0,0.0
0.0,47,63.5,119156.36363636365,0.0,0.0,0.0,0.0,0.0,0.0,0.0,0,0,0,0,0,8.392333984375e-05,0.0,0.0,0.0,0.0,0.0,0.0,0.0,0.0,0.0,0.0,0.0,0.0,0.0,1.0,1.0,5810,581,581,581.0,0.0,581.0,8.89301300048828e-06,10,0.0,0.0
0.0,47,63.5,13210.406299212598,0.0,0.0,0.0,0.0,0.0,0.0,0.0,0,0,0,0,0,0.0007569789886474,0.0,0.0,0.0,0.0,0.0,0.0,0.0,0.0,0.0,0.0,0.0,0.0,0.0,1.0,1.0,5810,581,581,581.0,0.0,581.0,7.610321044921875e-05,10,0.0,0.0
0.0,47,63.5,156503.8805970149,0.0,0.0,0.0,0.0,0.0,0.0,0.0,0,0,0,0,0,6.389617919921875e-05,0.0,0.0,0.0,0.0,0.0,0.0,0.0,0.0,0.0,0.0,0.0,0.0,0.0,1.0,1.0,5843,581,592,584.3,5.313504806936128,584.3,6.699562072753907e-06,10,0.0308460293181535,25.410000000000004
0.0,47,63.5,103054.15233415231,0.0,0.0,0.0,0.0,0.0,0.0,0.0,0,0,0,0,0,9.703636169433594e-05,0.0,0.0,0.0,0.0,0.0,0.0,0.0,0.0,0.0,0.0,0.0,0.0,0.0,1.0,1.0,5920,592,592,592.0,0.0,592.0,1.010894775390625e-05,10,0.0,0.0
0.0,47,63.5,99864.38095238096,0.0,0.0,0.0,0.0,0.0,0.0,0.0,0,0,0,0,0,0.0001001358032226,0.0,0.0,0.0,0.0,0.0,0.0,0.0,0.0,0.0,0.0,0.0,0.0,0.0,1.0,1.0,5793,485,640,579.3,55.41770675715679,579.3,1.0895729064941409e-05,10,0.2148529570245954,4944.24
0.0,47,63.5,108660.72538860104,0.0,0.0,0.0,0.0,0.0,0.0,0.0,0,0,0,0,0,9.202957153320312e-05,0.0,0.0,0.0,0.0,0.0,0.0,0.0,0.0,0.0,0.0,0.0,0.0,0.0,1.0,1.0,5680,547,603,568.0,17.326921891156037,568.0,9.703636169433594e-06,10,0.0936802349015813,270.2
0.0,47,63.5,126716.1329305136,0.0,0.0,0.0,0.0,0.0,0.0,0.0,0,0,0,0,0,7.891654968261719e-05,0.0,0.0,0.0,0.0,0.0,0.0,0.0,0.0,0.0,0.0,0.0,0.0,0.0,1.0,1.0,5957,580,606,595.7,8.393780766469634,595.7,8.392333984375e-06,10,0.0338049405330291,63.41
0.0,47,63.5,131896.35220125786,0.0,0.0,0.0,0.0,0.0,0.0,0.0,0,0,0,0,0,7.581710815429688e-05,0.0,0.0,0.0,0.0,0.0,0.0,0.0,0.0,0.0,0.0,0.0,0.0,0.0,1.0,1.0,5858,558,613,585.8,16.731872446189502,585.8,7.891654968261719e-06,10,0.0746924055596798,251.96
0.0,47,63.5,149263.487544484,0.0,0.0,0.0,0.0,0.0,0.0,0.0,0,0,0,0,0,6.699562072753906e-05,0.0,0.0,0.0,0.0,0.0,0.0,0.0,0.0,0.0,0.0,0.0,0.0,0.0,1.0,1.0,5886,558,592,588.6,10.75174404457249,588.6,7.200241088867187e-06,10,0.0722563404539971,289.0
0.0,47,63.5,158875.15151515152,0.0,0.0,0.0,0.0,0.0,0.0,0.0,0,0,0,0,0,6.29425048828125e-05,0.0,0.0,0.0,0.0,0.0,0.0,0.0,0.0,0.0,0.0,0.0,0.0,0.0,1.0,1.0,5920,592,592,592.0,0.0,592.0,6.604194641113281e-06,10,0.0,0.0
0.0,47,63.5,163840.0,0.0,0.0,0.0,0.0,0.0,0.0,0.0,0,0,0,0,0,6.103515625e-05,0.0,0.0,0.0,0.0,0.0,0.0,0.0,0.0,0.0,0.0,0.0,0.0,0.0,1.0,1.0,5920,592,592,592.0,0.0,592.0,6.604194641113281e-06,10,0.0,0.0
0.0,47,63.5,359.40292368596937,0.0,0.0,0.0,0.0,0.0,0.0,0.0,0,0,0,0,0,0.0278239250183105,0.0,0.0,0.0,0.0,0.0,0.0,0.0,0.0,0.0,0.0,0.0,0.0,0.0,1.0,1.0,5920,592,592,592.0,0.0,592.0,0.0027827978134155,10,0.0,0.0
0.0,47,63.5,144631.1724137931,0.0,0.0,0.0,0.0,0.0,0.0,0.0,0,0,0,0,0,6.914138793945312e-05,0.0,0.0,0.0,0.0,0.0,0.0,0.0,0.0,0.0,0.0,0.0,0.0,0.0,1.0,1.0,5878,539,640,587.8,34.592227771888616,587.8,7.915496826171876e-06,10,0.1143464699051565,2041.2
0.0,47,63.5,166440.6349206349,0.0,0.0,0.0,0.0,0.0,0.0,0.0,0,0,0,0,0,6.008148193359375e-05,0.0,0.0,0.0,0.0,0.0,0.0,0.0,0.0,0.0,0.0,0.0,0.0,0.0,1.0,1.0,5861,567,600,586.1,14.479487406519455,586.1,6.29425048828125e-06,10,0.0584377039899198,188.69
0.0,47,63.5,178481.02127659574,0.0,0.0,0.0,0.0,0.0,0.0,0.0,0,0,0,0,0,5.602836608886719e-05,0.0,0.0,0.0,0.0,0.0,0.0,0.0,0.0,0.0,0.0,0.0,0.0,0.0,1.0,1.0,5787,567,588,578.7,6.549809157525126,578.7,5.888938903808594e-06,10,0.0552074702584094,110.25
0.0,47,63.5,172605.10288065844,0.0,0.0,0.0,0.0,0.0,0.0,0.0,0,0,0,0,0,5.793571472167969e-05,0.0,0.0,0.0,0.0,0.0,0.0,0.0,0.0,0.0,0.0,0.0,0.0,0.0,1.0,1.0,5824,575,592,582.4,7.183313998427188,582.4,6.103515625e-06,10,0.0418324947903993,46.44
0.0,47,63.5,182361.0434782609,0.0,0.0,0.0,0.0,0.0,0.0,0.0,0,0,0,0,0,5.4836273193359375e-05,0.0,0.0,0.0,0.0,0.0,0.0,0.0,0.0,0.0,0.0,0.0,0.0,0.0,1.0,1.0,5920,592,592,592.0,0.0,592.0,5.793571472167969e-06,10,0.0,0.0
0.0,47,63.5,4882.775320139697,0.0,0.0,0.0,0.0,0.0,0.0,0.0,0,0,0,0,0,0.0020480155944824,0.0,0.0,0.0,0.0,0.0,0.0,0.0,0.0,0.0,0.0,0.0,0.0,0.0,1.0,1.0,5920,592,592,592.0,0.0,592.0,0.000205111503601,10,0.0,0.0
0.0,47,63.5,8756.375782881001,0.0,0.0,0.0,0.0,0.0,0.0,0.0,0,0,0,0,0,0.0011420249938964,0.0,0.0,0.0,0.0,0.0,0.0,0.0,0.0,0.0,0.0,0.0,0.0,0.0,1.0,1.0,5920,592,592,592.0,0.0,592.0,0.0001151084899902,10,0.0,0.0
0.0,47,63.5,740.951472432738,0.0,0.0,0.0,0.0,0.0,0.0,0.0,0,0,0,0,0,0.0134961605072021,0.0,0.0,0.0,0.0,0.0,0.0,0.0,0.0,0.0,0.0,0.0,0.0,0.0,1.0,1.0,5920,592,592,592.0,0.0,592.0,0.0013514995574951,10,0.0,0.0
0.0,47,63.5,87563.75782881002,0.0,0.0,0.0,0.0,0.0,0.0,0.0,0,0,0,0,0,0.0001142024993896,0.0,0.0,0.0,0.0,0.0,0.0,0.0,0.0,0.0,0.0,0.0,0.0,0.0,1.0,1.0,5920,592,592,592.0,0.0,592.0,1.239776611328125e-05,10,0.0,0.0
0.0,47,63.5,178481.02127659574,0.0,0.0,0.0,0.0,0.0,0.0,0.0,0,0,0,0,0,5.602836608886719e-05,0.0,0.0,0.0,0.0,0.0,0.0,0.0,0.0,0.0,0.0,0.0,0.0,0.0,1.0,1.0,5920,592,592,592.0,0.0,592.0,5.984306335449219e-06,10,0.0,0.0
0.0,47,63.5,140748.45637583893,0.0,0.0,0.0,0.0,0.0,0.0,0.0,0,0,0,0,0,7.104873657226562e-05,0.0,0.0,0.0,0.0,0.0,0.0,0.0,0.0,0.0,0.0,0.0,0.0,0.0,1.0,1.0,5920,592,592,592.0,0.0,592.0,7.414817810058594e-06,10,0.0,0.0
0.0,47,63.5,316.31728985354226,0.0,0.0,0.0,0.0,0.0,0.0,0.0,0,0,0,0,0,0.0316138267517089,0.0,0.0,0.0,0.0,0.0,0.0,0.0,0.0,0.0,0.0,0.0,0.0,0.0,1.0,1.0,5724,470,640,572.4,56.00634884645768,572.4,0.003161883354187,10,0.240654696266093,2823.04
0.0,47,63.5,101067.56626506025,0.0,0.0,0.0,0.0,0.0,0.0,0.0,0,0,0,0,0,9.894371032714844e-05,0.0,0.0,0.0,0.0,0.0,0.0,0.0,0.0,0.0,0.0,0.0,0.0,0.0,1.0,1.0,5940,568,640,594.0,21.33333333333333,594.0,1.3113021850585938e-05,10,0.0595255566666666,519.3599999999999
0.0,47,63.5,120180.63037249284,0.0,0.0,0.0,0.0,0.0,0.0,0.0,0,0,0,0,0,8.320808410644531e-05,0.0,0.0,0.0,0.0,0.0,0.0,0.0,0.0,0.0,0.0,0.0,0.0,0.0,1.0,1.0,5854,568,594,585.4,12.05727074332238,585.4,8.606910705566407e-06,10,0.0557468598099998,160.55555555555557
0.0,47,63.5,155922.08178438662,0.0,0.0,0.0,0.0,0.0,0.0,0.0,0,0,0,0,0,6.413459777832031e-05,0.0,0.0,0.0,0.0,0.0,0.0,0.0,0.0,0.0,0.0,0.0,0.0,0.0,1.0,1.0,5798,563,594,579.8,11.612254063894936,579.8,6.890296936035156e-06,10,0.0640862278154682,122.0
0.0,47,63.5,151967.53623188406,0.0,0.0,0.0,0.0,0.0,0.0,0.0,0,0,0,0,0,6.580352783203125e-05,0.0,0.0,0.0,0.0,0.0,0.0,0.0,0.0,0.0,0.0,0.0,0.0,0.0,1.0,1.0,5802,535,640,580.2,32.80853547478156,580.2,6.890296936035156e-06,10,0.120436385011007,968.76
0.0,47,63.5,178481.02127659574,0.0,0.0,0.0,0.0,0.0,0.0,0.0,0,0,0,0,0,5.602836608886719e-05,0.0,0.0,0.0,0.0,0.0,0.0,0.0,0.0,0.0,0.0,0.0,0.0,0.0,1.0,1.0,5797,566,640,579.7,22.236356616036623,579.7,5.91278076171875e-06,10,0.0633016722311087,841.0
0.0,47,63.5,181571.60173160167,0.0,0.0,0.0,0.0,0.0,0.0,0.0,0,0,0,0,0,5.507469177246094e-05,0.0,0.0,0.0,0.0,0.0,0.0,0.0,0.0,0.0,0.0,0.0,0.0,0.0,1.0,1.0,5830,573,591,583.0,6.912147117775907,583.0,5.793571472167969e-06,10,0.0451302922498971,43.91836734693878
0.0,47,63.5,172605.10288065844,0.0,0.0,0.0,0.0,0.0,0.0,0.0,0,0,0,0,0,5.793571472167969e-05,0.0,0.0,0.0,0.0,0.0,0.0,0.0,0.0,0.0,0.0,0.0,0.0,0.0,1.0,1.0,5736,487,640,573.6,51.87420682124532,573.6,6.103515625e-06,10,0.2100012168907025,2661.654320987654
0.0,47,63.5,2156.676264911559,0.0,0.0,0.0,0.0,0.0,0.0,0.0,0,0,0,0,0,0.0046367645263671,0.0,0.0,0.0,0.0,0.0,0.0,0.0,0.0,0.0,0.0,0.0,0.0,0.0,1.0,1.0,5753,549,596,575.3,15.832807008795935,575.3,0.0004639863967895,10,0.0896633322631031,400.0
0.0,47,63.5,872.6861137697141,0.0,0.0,0.0,0.0,0.0,0.0,0.0,0,0,0,0,0,0.0114588737487792,0.0,0.0,0.0,0.0,0.0,0.0,0.0,0.0,0.0,0.0,0.0,0.0,0.0,1.0,1.0,5821,557,596,582.1,17.00620801681289,582.1,0.0012217998504638,10,0.0765082888977288,260.29
0.0,47,63.5,169125.16129032258,0.0,0.0,0.0,0.0,0.0,0.0,0.0,0,0,0,0,0,5.91278076171875e-05,0.0,0.0,0.0,0.0,0.0,0.0,0.0,0.0,0.0,0.0,0.0,0.0,0.0,1.0,1.0,5855,559,598,585.5,12.721373091507589,585.5,6.318092346191406e-06,10,0.0713545585425565,214.56
0.0,47,63.5,150.7679477778257,0.0,0.0,0.0,0.0,0.0,0.0,0.0,0,0,0,0,0,0.0663270950317382,0.0,0.0,0.0,0.0,0.0,0.0,0.0,0.0,0.0,0.0,0.0,0.0,0.0,1.0,1.0,5685,470,640,568.5,58.397583663862136,568.5,0.0066329956054687,10,0.2416287896813108,3407.777777777778
0.0,47,63.5,1257.7000809619478,0.0,0.0,0.0,0.0,0.0,0.0,0.0,0,0,0,0,0,0.007951021194458,0.0,0.0,0.0,0.0,0.0,0.0,0.0,0.0,0.0,0.0,0.0,0.0,0.0,1.0,1.0,5756,556,591,575.6,12.624491188866894,575.6,0.0007960081100463,10,0.0764274827306968,245.04
0.0,47,63.5,407.7127359682719,0.0,0.0,0.0,0.0,0.0,0.0,0.0,0,0,0,0,0,0.0245270729064941,0.0,0.0,0.0,0.0,0.0,0.0,0.0,0.0,0.0,0.0,0.0,0.0,0.0,1.0,1.0,5798,561,602,579.8,18.872672777796414,579.8,0.002453589439392,10,0.0704520919827631,368.22222222222223
0.0,47,63.5,7142.888283378747,0.0,0.0,0.0,0.0,0.0,0.0,0.0,0,0,0,0,0,0.0013999938964843,0.0,0.0,0.0,0.0,0.0,0.0,0.0,0.0,0.0,0.0,0.0,0.0,0.0,1.0,1.0,5809,562,599,580.9,15.737075826072504,580.9,0.0001418113708496,10,0.0674706452085089,241.43209876543207
0.0,47,63.5,622.4295847802214,0.0,0.0,0.0,0.0,0.0,0.0,0.0,0,0,0,0,0,0.0160660743713378,0.0,0.0,0.0,0.0,0.0,0.0,0.0,0.0,0.0,0.0,0.0,0.0,0.0,1.0,1.0,5862,575,592,586.2,7.130529043797834,586.2,0.0016079902648925,10,0.0418109923112815,46.69135802469136
0.0,47,63.5,13332.180546726002,0.0,0.0,0.0,0.0,0.0,0.0,0.0,0,0,0,0,0,0.0007500648498535,0.0,0.0,0.0,0.0,0.0,0.0,0.0,0.0,0.0,0.0,0.0,0.0,0.0,1.0,1.0,5920,592,592,592.0,0.0,592.0,7.719993591308594e-05,10,0.0,0.0
0.0,47,63.5,145131.62629757787,0.0,0.0,0.0,0.0,0.0,0.0,0.0,0,0,0,0,0,6.890296936035156e-05,0.0,0.0,0.0,0.0,0.0,0.0,0.0,0.0,0.0,0.0,0.0,0.0,0.0,1.0,1.0,5920,592,592,592.0,0.0,592.0,7.295608520507813e-06,10,0.0,0.0
0.0,47,63.5,133576.56050955414,0.0,0.0,0.0,0.0,0.0,0.0,0.0,0,0,0,0,0,7.486343383789062e-05,0.0,0.0,0.0,0.0,0.0,0.0,0.0,0.0,0.0,0.0,0.0,0.0,0.0,1.0,1.0,5920,592,592,592.0,0.0,592.0,7.796287536621094e-06,10,0.0,0.0
0.0,47,63.5,6915.587798845837,0.0,0.0,0.0,0.0,0.0,0.0,0.0,0,0,0,0,0,0.0014460086822509,0.0,0.0,0.0,0.0,0.0,0.0,0.0,0.0,0.0,0.0,0.0,0.0,0.0,1.0,1.0,5818,494,640,581.8,50.30970747943847,581.8,0.0001451015472412,10,0.1974349924388241,2522.7654320987654
0.0,47,63.5,133152.50793650793,0.0,0.0,0.0,0.0,0.0,0.0,0.0,0,0,0,0,0,7.510185241699219e-05,0.0,0.0,0.0,0.0,0.0,0.0,0.0,0.0,0.0,0.0,0.0,0.0,0.0,1.0,1.0,5839,555,598,583.9,19.6437719844682,583.9,8.0108642578125e-06,10,0.080990986955593,356.0
0.0,47,63.5,128266.17737003058,0.0,0.0,0.0,0.0,0.0,0.0,0.0,0,0,0,0,0,7.796287536621094e-05,0.0,0.0,0.0,0.0,0.0,0.0,0.0,0.0,0.0,0.0,0.0,0.0,0.0,1.0,1.0,5792,557,597,579.2,12.099586769803338,579.2,8.20159912109375e-06,10,0.074509527666547,131.76
0.0,47,63.5,131482.88401253917,0.0,0.0,0.0,0.0,0.0,0.0,0.0,0,0,0,0,0,7.605552673339844e-05,0.0,0.0,0.0,0.0,0.0,0.0,0.0,0.0,0.0,0.0,0.0,0.0,0.0,1.0,1.0,5817,561,597,581.7,12.517099415510678,581.7,7.987022399902344e-06,10,0.0678630856179024,199.42857142857144
0.0,47,63.5,12901.581051984003,0.0,0.0,0.0,0.0,0.0,0.0,0.0,0,0,0,0,0,0.0007750988006591,0.0,0.0,0.0,0.0,0.0,0.0,0.0,0.0,0.0,0.0,0.0,0.0,0.0,1.0,1.0,5836,570,592,583.6,9.500877152487904,583.6,7.791519165039063e-05,10,0.0512972273168374,81.55555555555556
0.0,47,63.5,136622.28013029316,0.0,0.0,0.0,0.0,0.0,0.0,0.0,0,0,0,0,0,7.319450378417969e-05,0.0,0.0,0.0,0.0,0.0,0.0,0.0,0.0,0.0,0.0,0.0,0.0,0.0,1.0,1.0,5920,592,592,592.0,0.0,592.0,7.700920104980468e-06,10,0.0,0.0
0.0,47,63.5,18833.875168387967,0.0,0.0,0.0,0.0,0.0,0.0,0.0,0,0,0,0,0,0.0005309581756591,0.0,0.0,0.0,0.0,0.0,0.0,0.0,0.0,0.0,0.0,0.0,0.0,0.0,1.0,1.0,5920,592,592,592.0,0.0,592.0,5.3381919860839845e-05,10,0.0,0.0
0.0,47,63.5,126334.4578313253,0.0,0.0,0.0,0.0,0.0,0.0,0.0,0,0,0,0,0,7.915496826171875e-05,0.0,0.0,0.0,0.0,0.0,0.0,0.0,0.0,0.0,0.0,0.0,0.0,0.0,1.0,1.0,5920,592,592,592.0,0.0,592.0,8.416175842285156e-06,10,0.0,0.0
0.0,47,63.5,5416.897843213224,0.0,0.0,0.0,0.0,0.0,0.0,0.0,0,0,0,0,0,0.0018460750579833,0.0,0.0,0.0,0.0,0.0,0.0,0.0,0.0,0.0,0.0,0.0,0.0,0.0,1.0,1.0,5905,589,592,590.5,1.5811388300841898,590.5,0.0001849889755249,10,0.015692572713823,2.25
0.0,47,63.5,149263.487544484,0.0,0.0,0.0,0.0,0.0,0.0,0.0,0,0,0,0,0,6.699562072753906e-05,0.0,0.0,0.0,0.0,0.0,0.0,0.0,0.0,0.0,0.0,0.0,0.0,0.0,1.0,1.0,5890,589,589,589.0,0.0,589.0,7.200241088867187e-06,10,0.0,0.0
0.0,47,63.5,143150.3071672355,0.0,0.0,0.0,0.0,0.0,0.0,0.0,0,0,0,0,0,6.985664367675781e-05,0.0,0.0,0.0,0.0,0.0,0.0,0.0,0.0,0.0,0.0,0.0,0.0,0.0,1.0,1.0,5890,589,589,589.0,0.0,589.0,7.295608520507813e-06,10,0.0,0.0
0.0,47,63.5,175493.8912133891,0.0,0.0,0.0,0.0,0.0,0.0,0.0,0,0,0,0,0,5.698204040527344e-05,0.0,0.0,0.0,0.0,0.0,0.0,0.0,0.0,0.0,0.0,0.0,0.0,0.0,1.0,1.0,5890,589,589,589.0,0.0,589.0,6.008148193359375e-06,10,0.0,0.0
0.0,47,63.5,138884.23841059604,0.0,0.0,0.0,0.0,0.0,0.0,0.0,0,0,0,0,0,7.200241088867188e-05,0.0,0.0,0.0,0.0,0.0,0.0,0.0,0.0,0.0,0.0,0.0,0.0,0.0,1.0,1.0,5845,584,589,584.5,1.5811388300841898,584.5,7.510185241699219e-06,10,0.0242132227138231,6.25
0.0,47,63.5,163840.0,0.0,0.0,0.0,0.0,0.0,0.0,0.0,0,0,0,0,0,6.103515625e-05,0.0,0.0,0.0,0.0,0.0,0.0,0.0,0.0,0.0,0.0,0.0,0.0,0.0,1.0,1.0,5864,584,592,586.4,3.864367132317184,586.4,6.580352783203125e-06,10,0.0251433185950207,13.44
0.0,47,63.5,340.4826808023574,0.0,0.0,0.0,0.0,0.0,0.0,0.0,0,0,0,0,0,0.0293700695037841,0.0,0.0,0.0,0.0,0.0,0.0,0.0,0.0,0.0,0.0,0.0,0.0,0.0,1.0,1.0,5920,592,592,592.0,0.0,592.0,0.0029373168945312,10,0.0,0.0
0.0,47,63.5,116185.70637119112,0.0,0.0,0.0,0.0,0.0,0.0,0.0,0,0,0,0,0,8.606910705566406e-05,0.0,0.0,0.0,0.0,0.0,0.0,0.0,0.0,0.0,0.0,0.0,0.0,0.0,1.0,1.0,5920,592,592,592.0,0.0,592.0,1.0991096496582032e-05,10,0.0,0.0
0.0,47,63.5,17303.23432343234,0.0,0.0,0.0,0.0,0.0,0.0,0.0,0,0,0,0,0,0.0005779266357421,0.0,0.0,0.0,0.0,0.0,0.0,0.0,0.0,0.0,0.0,0.0,0.0,0.0,1.0,1.0,5880,527,640,588.0,37.90924835856168,588.0,5.8197975158691405e-05,10,0.1361472514113436,1436.617283950617
0.0,47,63.5,143150.3071672355,0.0,0.0,0.0,0.0,0.0,0.0,0.0,0,0,0,0,0,6.985664367675781e-05,0.0,0.0,0.0,0.0,0.0,0.0,0.0,0.0,0.0,0.0,0.0,0.0,0.0,1.0,1.0,5794,569,593,579.4,9.106774035482232,579.4,8.296966552734374e-06,10,0.052840815471094,82.69135802469135
0.0,47,63.5,178481.02127659574,0.0,0.0,0.0,0.0,0.0,0.0,0.0,0,0,0,0,0,5.602836608886719e-05,0.0,0.0,0.0,0.0,0.0,0.0,0.0,0.0,0.0,0.0,0.0,0.0,0.0,1.0,1.0,5804,574,591,580.4,6.397916327472041,580.4,5.91278076171875e-06,10,0.0432166851951589,44.0
0.0,47,63.5,178481.02127659574,0.0,0.0,0.0,0.0,0.0,0.0,0.0,0,0,0,0,0,5.602836608886719e-05,0.0,0.0,0.0,0.0,0.0,0.0,0.0,0.0,0.0,0.0,0.0,0.0,0.0,1.0,1.0,5798,570,587,579.8,5.287301349039561,579.8,5.888938903808594e-06,10,0.0495807850775447,30.25
0.0,47,63.5,158875.15151515152,0.0,0.0,0.0,0.0,0.0,0.0,0.0,0,0,0,0,0,6.29425048828125e-05,0.0,0.0,0.0,0.0,0.0,0.0,0.0,0.0,0.0,0.0,0.0,0.0,0.0,1.0,1.0,5828,568,592,582.8,10.7061768256564,582.8,6.604194641113281e-06,10,0.0551964781916994,104.17283950617283
0.0,47,63.5,13160.665202384687,0.0,0.0,0.0,0.0,0.0,0.0,0.0,0,0,0,0,0,0.0007598400115966,0.0,0.0,0.0,0.0,0.0,0.0,0.0,0.0,0.0,0.0,0.0,0.0,0.0,1.0,1.0,5920,592,592,592.0,0.0,592.0,7.62939453125e-05,10,0.0,0.0
0.0,47,63.5,140748.45637583893,0.0,0.0,0.0,0.0,0.0,0.0,0.0,0,0,0,0,0,7.104873657226562e-05,0.0,0.0,0.0,0.0,0.0,0.0,0.0,0.0,0.0,0.0,0.0,0.0,0.0,1.0,1.0,5920,592,592,592.0,0.0,592.0,7.700920104980468e-06,10,0.0,0.0
0.0,47,63.5,9932.048306890836,0.0,0.0,0.0,0.0,0.0,0.0,0.0,0,0,0,0,0,0.0010068416595458,0.0,0.0,0.0,0.0,0.0,0.0,0.0,0.0,0.0,0.0,0.0,0.0,0.0,1.0,1.0,5920,592,592,592.0,0.0,592.0,0.0001009941101074,10,0.0,0.0
0.0,47,63.5,1012.554378002559,0.0,0.0,0.0,0.0,0.0,0.0,0.0,0,0,0,0,0,0.009876012802124,0.0,0.0,0.0,0.0,0.0,0.0,0.0,0.0,0.0,0.0,0.0,0.0,0.0,1.0,1.0,5911,549,628,591.1,26.47199778382181,591.1,0.0009879112243652,10,0.0939973130172177,696.469135802469
0.0,47,63.5,2500.0321869225727,0.0,0.0,0.0,0.0,0.0,0.0,0.0,0,0,0,0,0,0.0039999485015869,0.0,0.0,0.0,0.0,0.0,0.0,0.0,0.0,0.0,0.0,0.0,0.0,0.0,1.0,1.0,5947,591,598,594.7,2.9832867780352594,594.7,0.0004016876220703,10,0.0128554917019005,9.551020408163266
0.0,47,63.5,121927.44186046511,0.0,0.0,0.0,0.0,0.0,0.0,0.0,0,0,0,0,0,8.20159912109375e-05,0.0,0.0,0.0,0.0,0.0,0.0,0.0,0.0,0.0,0.0,0.0,0.0,0.0,1.0,1.0,5940,591,597,594.0,2.160246899469287,594.0,8.606910705566407e-06,10,0.0125202181769678,5.142857142857143
0.0,47,63.5,129854.61300309598,0.0,0.0,0.0,0.0,0.0,0.0,0.0,0,0,0,0,0,7.700920104980469e-05,0.0,0.0,0.0,0.0,0.0,0.0,0.0,0.0,0.0,0.0,0.0,0.0,0.0,1.0,1.0,5942,585,607,594.2,7.641989269817119,594.2,8.106231689453125e-06,10,0.0249780407489527,57.80246913580248
0.0,47,63.5,2046.7008246718392,0.0,0.0,0.0,0.0,0.0,0.0,0.0,0,0,0,0,0,0.0048859119415283,0.0,0.0,0.0,0.0,0.0,0.0,0.0,0.0,0.0,0.0,0.0,0.0,0.0,1.0,1.0,5926,588,599,592.6,3.747591819348053,592.6,0.0004889965057373,10,0.0182792290035295,24.56
0.0,47,63.5,353.19265035283024,0.0,0.0,0.0,0.0,0.0,0.0,0.0,0,0,0,0,0,0.0283131599426269,0.0,0.0,0.0,0.0,0.0,0.0,0.0,0.0,0.0,0.0,0.0,0.0,0.0,1.0,1.0,5920,592,592,592.0,0.0,592.0,0.0028319120407104,10,0.0,0.0
0.0,47,63.5,13715.840418574233,0.0,0.0,0.0,0.0,0.0,0.0,0.0,0,0,0,0,0,0.0007290840148925,0.0,0.0,0.0,0.0,0.0,0.0,0.0,0.0,0.0,0.0,0.0,0.0,0.0,1.0,1.0,5920,592,592,592.0,0.0,592.0,7.328987121582031e-05,10,0.0,0.0
0.0,47,63.5,76959.70642201835,0.0,0.0,0.0,0.0,0.0,0.0,0.0,0,0,0,0,0,0.0001299381256103,0.0,0.0,0.0,0.0,0.0,0.0,0.0,0.0,0.0,0.0,0.0,0.0,0.0,1.0,1.0,5920,592,592,592.0,0.0,592.0,1.4090538024902344e-05,10,0.0,0.0
0.0,47,63.5,765.1047063115651,0.0,0.0,0.0,0.0,0.0,0.0,0.0,0,0,0,0,0,0.0130701065063476,0.0,0.0,0.0,0.0,0.0,0.0,0.0,0.0,0.0,0.0,0.0,0.0,0.0,1.0,1.0,5920,592,592,592.0,0.0,592.0,0.0013078212738037,10,0.0,0.0
0.0,47,63.5,117817.52808988764,0.0,0.0,0.0,0.0,0.0,0.0,0.0,0,0,0,0,0,8.487701416015625e-05,0.0,0.0,0.0,0.0,0.0,0.0,0.0,0.0,0.0,0.0,0.0,0.0,0.0,1.0,1.0,5920,592,592,592.0,0.0,592.0,1.0585784912109376e-05,10,0.0,0.0
0.0,47,63.5,138884.23841059604,0.0,0.0,0.0,0.0,0.0,0.0,0.0,0,0,0,0,0,7.200241088867188e-05,0.0,0.0,0.0,0.0,0.0,0.0,0.0,0.0,0.0,0.0,0.0,0.0,0.0,1.0,1.0,5920,592,592,592.0,0.0,592.0,7.605552673339843e-06,10,0.0,0.0
0.0,47,63.5,6262.024484920872,0.0,0.0,0.0,0.0,0.0,0.0,0.0,0,0,0,0,0,0.0015969276428222,0.0,0.0,0.0,0.0,0.0,0.0,0.0,0.0,0.0,0.0,0.0,0.0,0.0,1.0,1.0,5920,592,592,592.0,0.0,592.0,0.0001600980758666,10,0.0,0.0
0.0,47,63.5,143150.3071672355,0.0,0.0,0.0,0.0,0.0,0.0,0.0,0,0,0,0,0,6.985664367675781e-05,0.0,0.0,0.0,0.0,0.0,0.0,0.0,0.0,0.0,0.0,0.0,0.0,0.0,1.0,1.0,5831,505,640,583.1,46.03730371484991,583.1,7.295608520507813e-06,10,0.1769491560412812,2118.8888888888887
0.0,47,63.5,178481.02127659574,0.0,0.0,0.0,0.0,0.0,0.0,0.0,0,0,0,0,0,5.602836608886719e-05,0.0,0.0,0.0,0.0,0.0,0.0,0.0,0.0,0.0,0.0,0.0,0.0,0.0,1.0,1.0,5800,570,601,580.0,11.294049564064943,580.0,5.91278076171875e-06,10,0.0520276940304174,114.8
0.0,47,63.5,116185.70637119112,0.0,0.0,0.0,0.0,0.0,0.0,0.0,0,0,0,0,0,8.606910705566406e-05,0.0,0.0,0.0,0.0,0.0,0.0,0.0,0.0,0.0,0.0,0.0,0.0,0.0,1.0,1.0,5858,575,601,585.8,9.077444574328172,585.8,8.89301300048828e-06,10,0.0426040878217983,99.76
0.0,47,63.5,2824.8275862068967,0.0,0.0,0.0,0.0,0.0,0.0,0.0,0,0,0,0,0,0.0035400390625,0.0,0.0,0.0,0.0,0.0,0.0,0.0,0.0,0.0,0.0,0.0,0.0,0.0,1.0,1.0,5816,578,589,581.6,4.033195589934446,581.6,0.0003545045852661,10,0.0354368725555156,20.25
0.0,47,63.5,2105.6800040162657,0.0,0.0,0.0,0.0,0.0,0.0,0.0,0,0,0,0,0,0.004749059677124,0.0,0.0,0.0,0.0,0.0,0.0,0.0,0.0,0.0,0.0,0.0,0.0,0.0,1.0,1.0,5899,580,595,589.9,5.48634668973808,589.9,0.000475788116455,10,0.0326205681875317,45.36
0.0,47,63.5,2150.484003281378,0.0,0.0,0.0,0.0,0.0,0.0,0.0,0,0,0,0,0,0.0046501159667968,0.0,0.0,0.0,0.0,0.0,0.0,0.0,0.0,0.0,0.0,0.0,0.0,0.0,1.0,1.0,5920,592,592,592.0,0.0,592.0,0.0004666090011596,10,0.0,0.0
0.0,47,63.5,2453.957406974023,0.0,0.0,0.0,0.0,0.0,0.0,0.0,0,0,0,0,0,0.0040750503540039,0.0,0.0,0.0,0.0,0.0,0.0,0.0,0.0,0.0,0.0,0.0,0.0,0.0,1.0,1.0,5920,592,592,592.0,0.0,592.0,0.0004090070724487,10,0.0,0.0
0.0,47,63.5,2244.143392188336,0.0,0.0,0.0,0.0,0.0,0.0,0.0,0,0,0,0,0,0.0044560432434082,0.0,0.0,0.0,0.0,0.0,0.0,0.0,0.0,0.0,0.0,0.0,0.0,0.0,1.0,1.0,5920,592,592,592.0,0.0,592.0,0.0004459857940673,10,0.0,0.0
0.0,47,63.5,5558.314338722502,0.0,0.0,0.0,0.0,0.0,0.0,0.0,0,0,0,0,0,0.0017991065979003,0.0,0.0,0.0,0.0,0.0,0.0,0.0,0.0,0.0,0.0,0.0,0.0,0.0,1.0,1.0,5868,522,640,586.8,39.72348871329853,586.8,0.0001809120178222,10,0.1454069503622492,1576.9876543209875
0.0,47,63.5,934.5805387820584,0.0,0.0,0.0,0.0,0.0,0.0,0.0,0,0,0,0,0,0.010699987411499,0.0,0.0,0.0,0.0,0.0,0.0,0.0,0.0,0.0,0.0,0.0,0.0,0.0,1.0,1.0,5809,568,599,580.9,9.859569519563776,580.9,0.0010718822479248,10,0.0548516042394895,87.49
0.0,47,63.5,2197.8117795011526,0.0,0.0,0.0,0.0,0.0,0.0,0.0,0,0,0,0,0,0.0045499801635742,0.0,0.0,0.0,0.0,0.0,0.0,0.0,0.0,0.0,0.0,0.0,0.0,0.0,1.0,1.0,5813,573,599,581.3,8.692908987598264,581.3,0.0004559993743896,10,0.045855703405188,132.25
0.0,47,63.5,68534.37908496732,0.0,0.0,0.0,0.0,0.0,0.0,0.0,0,0,0,0,0,0.0001459121704101,0.0,0.0,0.0,0.0,0.0,0.0,0.0,0.0,0.0,0.0,0.0,0.0,0.0,1.0,1.0,5759,569,588,575.9,7.171703656268385,575.9,1.5306472778320313e-05,10,0.0520525452014174,50.24691358024691
0.0,47,63.5,971.443394478414,0.0,0.0,0.0,0.0,0.0,0.0,0.0,0,0,0,0,0,0.010293960571289,0.0,0.0,0.0,0.0,0.0,0.0,0.0,0.0,0.0,0.0,0.0,0.0,0.0,1.0,1.0,5917,579,597,591.7,4.922736366426028,591.7,0.001029896736145,10,0.0340951058862273,44.5
0.0,47,63.5,40136.88038277512,0.0,0.0,0.0,0.0,0.0,0.0,0.0,0,0,0,0,0,0.0002491474151611,0.0,0.0,0.0,0.0,0.0,0.0,0.0,0.0,0.0,0.0,0.0,0.0,0.0,1.0,1.0,5920,592,592,592.0,0.0,592.0,2.541542053222656e-05,10,0.0,0.0
0.0,47,63.5,952.3851044504996,0.0,0.0,0.0,0.0,0.0,0.0,0.0,0,0,0,0,0,0.0104999542236328,0.0,0.0,0.0,0.0,0.0,0.0,0.0,0.0,0.0,0.0,0.0,0.0,0.0,1.0,1.0,5920,592,592,592.0,0.0,592.0,0.001050591468811,10,0.0,0.0
0.0,47,63.5,1651.8210459987397,0.0,0.0,0.0,0.0,0.0,0.0,0.0,0,0,0,0,0,0.0060539245605468,0.0,0.0,0.0,0.0,0.0,0.0,0.0,0.0,0.0,0.0,0.0,0.0,0.0,1.0,1.0,5920,592,592,592.0,0.0,592.0,0.0006058931350708,10,0.0,0.0
0.0,47,63.5,84733.41414141415,0.0,0.0,0.0,0.0,0.0,0.0,0.0,0,0,0,0,0,0.0001180171966552,0.0,0.0,0.0,0.0,0.0,0.0,0.0,0.0,0.0,0.0,0.0,0.0,0.0,1.0,1.0,5875,524,640,587.5,38.98503986573995,587.5,1.4901161193847656e-05,10,0.1416978758397079,1519.8024691358023
0.0,47,63.5,614.5500366300366,0.0,0.0,0.0,0.0,0.0,0.0,0.0,0,0,0,0,0,0.0162720680236816,0.0,0.0,0.0,0.0,0.0,0.0,0.0,0.0,0.0,0.0,0.0,0.0,0.0,1.0,1.0,5759,568,587,575.9,5.7242175593408975,575.9,0.0016275167465209,10,0.0531670272649731,36.0
0.0,47,63.5,657.7649531098077,0.0,0.0,0.0,0.0,0.0,0.0,0.0,0,0,0,0,0,0.0152029991149902,0.0,0.0,0.0,0.0,0.0,0.0,0.0,0.0,0.0,0.0,0.0,0.0,0.0,1.0,1.0,5832,578,589,583.2,4.3410188256265885,583.2,0.0015806913375854,10,0.0355622674288072,18.666666666666668
0.0,47,63.5,737.0712591160707,0.0,0.0,0.0,0.0,0.0,0.0,0.0,0,0,0,0,0,0.0135672092437744,0.0,0.0,0.0,0.0,0.0,0.0,0.0,0.0,0.0,0.0,0.0,0.0,0.0,1.0,1.0,5833,575,589,583.3,5.396500923952689,583.3,0.0013570070266723,10,0.0411046186163814,35.3469387755102
0.0,47,63.5,308.07171660043923,0.0,0.0,0.0,0.0,0.0,0.0,0.0,0,0,0,0,0,0.0324599742889404,0.0,0.0,0.0,0.0,0.0,0.0,0.0,0.0,0.0,0.0,0.0,0.0,0.0,1.0,1.0,5695,470,640,569.5,58.184094810256255,569.5,0.0032488822937011,10,0.241541822861906,3384.617283950617
0.0,47,63.5,57456.21917808219,0.0,0.0,0.0,0.0,0.0,0.0,0.0,0,0,0,0,0,0.0001740455627441,0.0,0.0,0.0,0.0,0.0,0.0,0.0,0.0,0.0,0.0,0.0,0.0,0.0,1.0,1.0,5777,552,609,577.7,19.48247075364587,577.7,1.850128173828125e-05,10,0.0860376692862051,372.9876543209877
0.0,47,63.5,37183.54609929078,0.0,0.0,0.0,0.0,0.0,0.0,0.0,0,0,0,0,0,0.0002689361572265,0.0,0.0,0.0,0.0,0.0,0.0,0.0,0.0,0.0,0.0,0.0,0.0,0.0,1.0,1.0,5808,574,588,580.8,4.962078417580906,580.8,2.839565277099609e-05,10,0.0426317822641857,41.760000000000005
0.0,47,63.5,308.0807680159832,0.0,0.0,0.0,0.0,0.0,0.0,0.0,0,0,0,0,0,0.032459020614624,0.0,0.0,0.0,0.0,0.0,0.0,0.0,0.0,0.0,0.0,0.0,0.0,0.0,1.0,1.0,5736,549,594,573.6,16.187786891494603,573.6,0.0032474040985107,10,0.0898079368681193,255.28395061728395
0.0,47,63.5,63262.503770739066,0.0,0.0,0.0,0.0,0.0,0.0,0.0,0,0,0,0,0,0.0001580715179443,0.0,0.0,0.0,0.0,0.0,0.0,0.0,0.0,0.0,0.0,0.0,0.0,0.0,1.0,1.0,5897,572,606,589.7,11.832629087025042,589.7,1.671314239501953e-05,10,0.0488388297848905,241.44
0.0,47,63.5,70374.22818791946,0.0,0.0,0.0,0.0,0.0,0.0,0.0,0,0,0,0,0,0.0001420974731445,0.0,0.0,0.0,0.0,0.0,0.0,0.0,0.0,0.0,0.0,0.0,0.0,0.0,1.0,1.0,5920,592,592,592.0,0.0,592.0,1.499652862548828e-05,10,0.0,0.0
0.0,47,63.5,1120.9321716820782,0.0,0.0,0.0,0.0,0.0,0.0,0.0,0,0,0,0,0,0.0089211463928222,0.0,0.0,0.0,0.0,0.0,0.0,0.0,0.0,0.0,0.0,0.0,0.0,0.0,1.0,1.0,5920,592,592,592.0,0.0,592.0,0.0008928060531616,10,0.0,0.0
0.0,47,63.5,53430.62420382166,0.0,0.0,0.0,0.0,0.0,0.0,0.0,0,0,0,0,0,0.0001871585845947,0.0,0.0,0.0,0.0,0.0,0.0,0.0,0.0,0.0,0.0,0.0,0.0,0.0,1.0,1.0,5920,592,592,592.0,0.0,592.0,1.959800720214844e-05,10,0.0,0.0
0.0,47,63.5,2937.5991035158986,0.0,0.0,0.0,0.0,0.0,0.0,0.0,0,0,0,0,0,0.0034041404724121,0.0,0.0,0.0,0.0,0.0,0.0,0.0,0.0,0.0,0.0,0.0,0.0,0.0,1.0,1.0,5860,517,640,586.0,41.54515615568198,586.0,0.000341796875,10,0.1546696748115786,1726.0
0.0,47,63.5,453.3696521607541,0.0,0.0,0.0,0.0,0.0,0.0,0.0,0,0,0,0,0,0.0220570564270019,0.0,0.0,0.0,0.0,0.0,0.0,0.0,0.0,0.0,0.0,0.0,0.0,0.0,1.0,1.0,5795,565,593,579.5,10.189864245088517,579.5,0.0022078990936279,10,0.0600985430988792,103.06172839506172
0.0,47,63.5,174762.66666666666,0.0,0.0,0.0,0.0,0.0,0.0,0.0,0,0,0,0,0,5.7220458984375e-05,0.0,0.0,0.0,0.0,0.0,0.0,0.0,0.0,0.0,0.0,0.0,0.0,0.0,1.0,1.0,5782,557,595,578.2,14.927975229227988,578.2,6.008148193359375e-06,10,0.0756616999893782,200.56
0.0,47,63.5,147168.56140350876,0.0,0.0,0.0,0.0,0.0,0.0,0.0,0,0,0,0,0,6.794929504394531e-05,0.0,0.0,0.0,0.0,0.0,0.0,0.0,0.0,0.0,0.0,0.0,0.0,0.0,1.0,1.0,5787,557,588,578.7,10.52035064899349,578.7,7.081031799316406e-06,10,0.0738662100403739,240.25
0.0,47,63.5,18212.34910985671,0.0,0.0,0.0,0.0,0.0,0.0,0.0,0,0,0,0,0,0.0005490779876708,0.0,0.0,0.0,0.0,0.0,0.0,0.0,0.0,0.0,0.0,0.0,0.0,0.0,1.0,1.0,5872,566,592,587.2,8.270429251254132,587.2,5.5217742919921874e-05,10,0.0576125120597909,144.0
0.0,47,63.5,166440.6349206349,0.0,0.0,0.0,0.0,0.0,0.0,0.0,0,0,0,0,0,6.008148193359375e-05,0.0,0.0,0.0,0.0,0.0,0.0,0.0,0.0,0.0,0.0,0.0,0.0,0.0,1.0,1.0,5912,571,617,591.2,16.53145150580822,591.2,6.29425048828125e-06,10,0.052457072085406,245.96
0.0,47,63.5,166440.6349206349,0.0,0.0,0.0,0.0,0.0,0.0,0.0,0,0,0,0,0,6.008148193359375e-05,0.0,0.0,0.0,0.0,0.0,0.0,0.0,0.0,0.0,0.0,0.0,0.0,0.0,1.0,1.0,5803,557,603,580.3,16.309847059709394,580.3,6.29425048828125e-06,10,0.0762246192982431,428.9599999999999
0.0,47,63.5,1084.4720239942085,0.0,0.0,0.0,0.0,0.0,0.0,0.0,0,0,0,0,0,0.009221076965332,0.0,0.0,0.0,0.0,0.0,0.0,0.0,0.0,0.0,0.0,0.0,0.0,0.0,1.0,1.0,5969,583,621,596.9,13.008117123977286,596.9,0.0009227991104125,10,0.0305722465916234,361.0
0.0,47,63.5,354.0841669832426,0.0,0.0,0.0,0.0,0.0,0.0,0.0,0,0,0,0,0,0.0282418727874755,0.0,0.0,0.0,0.0,0.0,0.0,0.0,0.0,0.0,0.0,0.0,0.0,0.0,1.0,1.0,5920,592,592,592.0,0.0,592.0,0.0028281927108764,10,0.0,0.0
0.0,47,63.5,121927.44186046511,0.0,0.0,0.0,0.0,0.0,0.0,0.0,0,0,0,0,0,8.20159912109375e-05,0.0,0.0,0.0,0.0,0.0,0.0,0.0,0.0,0.0,0.0,0.0,0.0,0.0,1.0,1.0,5920,592,592,592.0,0.0,592.0,8.702278137207031e-06,10,0.0,0.0
0.0,47,63.5,99864.38095238096,0.0,0.0,0.0,0.0,0.0,0.0,0.0,0,0,0,0,0,0.0001001358032226,0.0,0.0,0.0,0.0,0.0,0.0,0.0,0.0,0.0,0.0,0.0,0.0,0.0,1.0,1.0,5827,566,592,582.7,10.198583779677996,582.7,1.0514259338378908e-05,10,0.0583979650884897,124.24489795918367
0.0,47,63.5,123725.78171091444,0.0,0.0,0.0,0.0,0.0,0.0,0.0,0,0,0,0,0,8.082389831542969e-05,0.0,0.0,0.0,0.0,0.0,0.0,0.0,0.0,0.0,0.0,0.0,0.0,0.0,1.0,1.0,5840,569,610,584.0,15.456030825826172,584.0,8.58306884765625e-06,10,0.0554272487172085,315.22222222222223
0.0,47,63.5,113666.77506775068,0.0,0.0,0.0,0.0,0.0,0.0,0.0,0,0,0,0,0,8.797645568847656e-05,0.0,0.0,0.0,0.0,0.0,0.0,0.0,0.0,0.0,0.0,0.0,0.0,0.0,1.0,1.0,5712,470,640,571.2,58.57151374364695,571.2,9.298324584960938e-06,10,0.241699641838612,5924.0
0.0,47,63.5,9397.947568899845,0.0,0.0,0.0,0.0,0.0,0.0,0.0,0,0,0,0,0,0.0010640621185302,0.0,0.0,0.0,0.0,0.0,0.0,0.0,0.0,0.0,0.0,0.0,0.0,0.0,1.0,1.0,5852,565,605,585.2,14.14056418802148,585.2,0.0001068115234375,10,0.0617079002276324,179.95999999999998
0.0,47,63.5,41651.47964250248,0.0,0.0,0.0,0.0,0.0,0.0,0.0,0,0,0,0,0,0.0002400875091552,0.0,0.0,0.0,0.0,0.0,0.0,0.0,0.0,0.0,0.0,0.0,0.0,0.0,1.0,1.0,5794,565,593,579.4,8.909420731886993,579.4,2.5796890258789063e-05,10,0.0595769416293414,71.44
0.0,47,63.5,64527.75384615385,0.0,0.0,0.0,0.0,0.0,0.0,0.0,0,0,0,0,0,0.000154972076416,0.0,0.0,0.0,0.0,0.0,0.0,0.0,0.0,0.0,0.0,0.0,0.0,0.0,1.0,1.0,5886,580,609,588.6,11.558546621439913,588.6,1.64031982421875e-05,10,0.0350941395517098,153.58333333333334
0.0,47,63.5,61771.78203240059,0.0,0.0,0.0,0.0,0.0,0.0,0.0,0,0,0,0,0,0.0001618862152099,0.0,0.0,0.0,0.0,0.0,0.0,0.0,0.0,0.0,0.0,0.0,0.0,0.0,1.0,1.0,5791,578,589,579.1,3.478505426185217,579.1,1.6999244689941406e-05,10,0.0352109139704107,30.25
0.0,47,63.5,104077.0223325062,0.0,0.0,0.0,0.0,0.0,0.0,0.0,0,0,0,0,0,9.608268737792967e-05,0.0,0.0,0.0,0.0,0.0,0.0,0.0,0.0,0.0,0.0,0.0,0.0,0.0,1.0,1.0,5780,578,578,578.0,0.0,578.0,1.0204315185546874e-05,10,0.0,0.0
0.0,47,63.5,103054.15233415231,0.0,0.0,0.0,0.0,0.0,0.0,0.0,0,0,0,0,0,9.703636169433594e-05,0.0,0.0,0.0,0.0,0.0,0.0,0.0,0.0,0.0,0.0,0.0,0.0,0.0,1.0,1.0,5780,578,578,578.0,0.0,578.0,1.0204315185546874e-05,10,0.0,0.0
0.0,47,63.5,105384.52261306532,0.0,0.0,0.0,0.0,0.0,0.0,0.0,0,0,0,0,0,9.489059448242188e-05,0.0,0.0,0.0,0.0,0.0,0.0,0.0,0.0,0.0,0.0,0.0,0.0,0.0,1.0,1.0,5780,578,578,578.0,0.0,578.0,1.0085105895996091e-05,10,0.0,0.0
0.0,47,63.5,92589.49227373068,0.0,0.0,0.0,0.0,0.0,0.0,0.0,0,0,0,0,0,0.000108003616333,0.0,0.0,0.0,0.0,0.0,0.0,0.0,0.0,0.0,0.0,0.0,0.0,0.0,1.0,1.0,5780,578,578,578.0,0.0,578.0,1.1301040649414062e-05,10,0.0,0.0
0.0,47,63.5,803.214155767058,0.0,0.0,0.0,0.0,0.0,0.0,0.0,0,0,0,0,0,0.0124499797821044,0.0,0.0,0.0,0.0,0.0,0.0,0.0,0.0,0.0,0.0,0.0,0.0,0.0,1.0,1.0,5780,578,578,578.0,0.0,578.0,0.0012458086013793,10,0.0,0.0
0.0,47,63.5,129854.61300309598,0.0,0.0,0.0,0.0,0.0,0.0,0.0,0,0,0,0,0,7.700920104980469e-05,0.0,0.0,0.0,0.0,0.0,0.0,0.0,0.0,0.0,0.0,0.0,0.0,0.0,1.0,1.0,5780,578,578,578.0,0.0,578.0,8.106231689453125e-06,10,0.0,0.0
0.0,47,63.5,142663.40136054423,0.0,0.0,0.0,0.0,0.0,0.0,0.0,0,0,0,0,0,7.009506225585938e-05,0.0,0.0,0.0,0.0,0.0,0.0,0.0,0.0,0.0,0.0,0.0,0.0,0.0,1.0,1.0,5780,578,578,578.0,0.0,578.0,7.295608520507813e-06,10,0.0,0.0
0.0,47,63.5,116185.70637119112,0.0,0.0,0.0,0.0,0.0,0.0,0.0,0,0,0,0,0,8.606910705566406e-05,0.0,0.0,0.0,0.0,0.0,0.0,0.0,0.0,0.0,0.0,0.0,0.0,0.0,1.0,1.0,5906,578,592,590.6,4.427188724235729,590.6,8.89301300048828e-06,10,0.0355973695987046,49.0
0.0,47,63.5,1650.3911230030692,0.0,0.0,0.0,0.0,0.0,0.0,0.0,0,0,0,0,0,0.0060591697692871,0.0,0.0,0.0,0.0,0.0,0.0,0.0,0.0,0.0,0.0,0.0,0.0,0.0,1.0,1.0,5812,567,592,581.2,10.282671507606052,581.2,0.0006699085235595,10,0.0567280890653384,99.33333333333331
0.0,47,63.5,33907.06548100243,0.0,0.0,0.0,0.0,0.0,0.0,0.0,0,0,0,0,0,0.0002949237823486,0.0,0.0,0.0,0.0,0.0,0.0,0.0,0.0,0.0,0.0,0.0,0.0,0.0,1.0,1.0,5740,562,584,574.0,8.743251365736,574.0,6.968975067138672e-05,10,0.0646216408763462,68.8
0.0,47,63.5,1960.4131806496848,0.0,0.0,0.0,0.0,0.0,0.0,0.0,0,0,0,0,0,0.0051009654998779,0.0,0.0,0.0,0.0,0.0,0.0,0.0,0.0,0.0,0.0,0.0,0.0,0.0,1.0,1.0,5810,566,592,581.0,8.013876853447538,581.0,0.000510811805725,10,0.0575080028750204,76.8
0.0,47,63.5,1731.2519090271185,0.0,0.0,0.0,0.0,0.0,0.0,0.0,0,0,0,0,0,0.0057761669158935,0.0,0.0,0.0,0.0,0.0,0.0,0.0,0.0,0.0,0.0,0.0,0.0,0.0,1.0,1.0,5876,578,592,587.6,6.022181221672647,587.6,0.000578498840332,10,0.0362471057424605,49.0
0.0,47,63.5,153.02875739731326,0.0,0.0,0.0,0.0,0.0,0.0,0.0,0,0,0,0,0,0.0653471946716308,0.0,0.0,0.0,0.0,0.0,0.0,0.0,0.0,0.0,0.0,0.0,0.0,0.0,1.0,1.0,5920,592,592,592.0,0.0,592.0,0.0065356016159057,10,0.0,0.0
0.0,47,63.5,568.7346097521289,0.0,0.0,0.0,0.0,0.0,0.0,0.0,0,0,0,0,0,0.017582893371582,0.0,0.0,0.0,0.0,0.0,0.0,0.0,0.0,0.0,0.0,0.0,0.0,0.0,1.0,1.0,5920,592,592,592.0,0.0,592.0,0.0017589807510375,10,0.0,0.0
0.0,47,63.5,121927.44186046511,0.0,0.0,0.0,0.0,0.0,0.0,0.0,0,0,0,0,0,8.20159912109375e-05,0.0,0.0,0.0,0.0,0.0,0.0,0.0,0.0,0.0,0.0,0.0,0.0,0.0,1.0,1.0,5920,592,592,592.0,0.0,592.0,1.1205673217773438e-05,10,0.0,0.0
0.0,47,63.5,121927.44186046511,0.0,0.0,0.0,0.0,0.0,0.0,0.0,0,0,0,0,0,8.20159912109375e-05,0.0,0.0,0.0,0.0,0.0,0.0,0.0,0.0,0.0,0.0,0.0,0.0,0.0,1.0,1.0,5772,470,640,577.2,59.80115197701276,577.2,8.606910705566407e-06,10,0.2422005472693559,3549.135802469136
0.0,47,63.5,138884.23841059604,0.0,0.0,0.0,0.0,0.0,0.0,0.0,0,0,0,0,0,7.200241088867188e-05,0.0,0.0,0.0,0.0,0.0,0.0,0.0,0.0,0.0,0.0,0.0,0.0,0.0,1.0,1.0,5824,562,600,582.4,12.842637320010764,582.4,7.605552673339843e-06,10,0.0662915667386796,148.44
0.0,47,63.5,142663.40136054423,0.0,0.0,0.0,0.0,0.0,0.0,0.0,0,0,0,0,0,7.009506225585938e-05,0.0,0.0,0.0,0.0,0.0,0.0,0.0,0.0,0.0,0.0,0.0,0.0,0.0,1.0,1.0,5841,562,603,584.1,13.428411008835788,584.1,7.390975952148437e-06,10,0.0665301875085594,177.35802469135805
0.0,47,63.5,131482.88401253917,0.0,0.0,0.0,0.0,0.0,0.0,0.0,0,0,0,0,0,7.605552673339844e-05,0.0,0.0,0.0,0.0,0.0,0.0,0.0,0.0,0.0,0.0,0.0,0.0,0.0,1.0,1.0,5744,545,589,574.4,13.326664999166145,574.4,8.0108642578125e-06,10,0.0954589502540603,169.0
0.0,47,63.5,134865.08038585208,0.0,0.0,0.0,0.0,0.0,0.0,0.0,0,0,0,0,0,7.414817810058594e-05,0.0,0.0,0.0,0.0,0.0,0.0,0.0,0.0,0.0,0.0,0.0,0.0,0.0,1.0,1.0,5815,545,592,581.5,14.71393896956216,581.5,7.796287536621094e-06,10,0.0960240701786409,256.0
0.0,47,63.5,143150.3071672355,0.0,0.0,0.0,0.0,0.0,0.0,0.0,0,0,0,0,0,6.985664367675781e-05,0.0,0.0,0.0,0.0,0.0,0.0,0.0,0.0,0.0,0.0,0.0,0.0,0.0,1.0,1.0,5920,592,592,592.0,0.0,592.0,7.390975952148437e-06,10,0.0,0.0
0.0,47,63.5,140748.45637583893,0.0,0.0,0.0,0.0,0.0,0.0,0.0,0,0,0,0,0,7.104873657226562e-05,0.0,0.0,0.0,0.0,0.0,0.0,0.0,0.0,0.0,0.0,0.0,0.0,0.0,1.0,1.0,5920,592,592,592.0,0.0,592.0,7.510185241699219e-06,10,0.0,0.0
0.0,47,63.5,141222.3569023569,0.0,0.0,0.0,0.0,0.0,0.0,0.0,0,0,0,0,0,7.081031799316406e-05,0.0,0.0,0.0,0.0,0.0,0.0,0.0,0.0,0.0,0.0,0.0,0.0,0.0,1.0,1.0,5920,592,592,592.0,0.0,592.0,7.486343383789062e-06,10,0.0,0.0
0.0,47,63.5,8038.144883096972,0.0,0.0,0.0,0.0,0.0,0.0,0.0,0,0,0,0,0,0.0012440681457519,0.0,0.0,0.0,0.0,0.0,0.0,0.0,0.0,0.0,0.0,0.0,0.0,0.0,1.0,1.0,5870,526,640,587.0,38.39270764090493,587.0,0.0001248121261596,10,0.138048323384599,1464.0
0.0,47,63.5,112447.82841823057,0.0,0.0,0.0,0.0,0.0,0.0,0.0,0,0,0,0,0,8.893013000488281e-05,0.0,0.0,0.0,0.0,0.0,0.0,0.0,0.0,0.0,0.0,0.0,0.0,0.0,1.0,1.0,5798,559,590,579.8,11.78322725081904,579.8,1.0085105895996091e-05,10,0.0709723954528936,154.48979591836738
0.0,47,63.5,134865.08038585208,0.0,0.0,0.0,0.0,0.0,0.0,0.0,0,0,0,0,0,7.414817810058594e-05,0.0,0.0,0.0,0.0,0.0,0.0,0.0,0.0,0.0,0.0,0.0,0.0,0.0,1.0,1.0,5803,567,586,580.3,5.396500923952689,580.3,7.82012939453125e-06,10,0.0547376586163814,26.21
0.0,47,63.5,136622.28013029316,0.0,0.0,0.0,0.0,0.0,0.0,0.0,0,0,0,0,0,7.319450378417969e-05,0.0,0.0,0.0,0.0,0.0,0.0,0.0,0.0,0.0,0.0,0.0,0.0,0.0,1.0,1.0,5769,564,596,576.9,12.077987323133677,576.9,7.700920104980468e-06,10,0.0625718189159517,233.6875
0.0,47,63.5,126334.4578313253,0.0,0.0,0.0,0.0,0.0,0.0,0.0,0,0,0,0,0,7.915496826171875e-05,0.0,0.0,0.0,0.0,0.0,0.0,0.0,0.0,0.0,0.0,0.0,0.0,0.0,1.0,1.0,5800,566,592,580.0,12.780193008453876,580.0,8.296966552734374e-06,10,0.0594496094239238,147.0
0.0,47,63.5,126334.4578313253,0.0,0.0,0.0,0.0,0.0,0.0,0.0,0,0,0,0,0,7.915496826171875e-05,0.0,0.0,0.0,0.0,0.0,0.0,0.0,0.0,0.0,0.0,0.0,0.0,0.0,1.0,1.0,5794,563,592,579.4,12.194716524426106,579.4,8.296966552734374e-06,10,0.0643234997233902,147.28395061728395
0.0,47,63.5,129854.61300309598,0.0,0.0,0.0,0.0,0.0,0.0,0.0,0,0,0,0,0,7.700920104980469e-05,0.0,0.0,0.0,0.0,0.0,0.0,0.0,0.0,0.0,0.0,0.0,0.0,0.0,1.0,1.0,5721,566,578,572.1,4.280446497997868,572.1,8.106231689453125e-06,10,0.0559871526854244,31.360000000000003
0.0,47,63.5,125203.10447761194,0.0,0.0,0.0,0.0,0.0,0.0,0.0,0,0,0,0,0,7.987022399902344e-05,0.0,0.0,0.0,0.0,0.0,0.0,0.0,0.0,0.0,0.0,0.0,0.0,0.0,1.0,1.0,5758,572,593,575.8,6.44291169511977,575.8,8.487701416015625e-06,10,0.046643274508124,37.36
0.0,47,63.5,3861.091779434779,0.0,0.0,0.0,0.0,0.0,0.0,0.0,0,0,0,0,0,0.0025899410247802,0.0,0.0,0.0,0.0,0.0,0.0,0.0,0.0,0.0,0.0,0.0,0.0,0.0,1.0,1.0,5776,510,640,577.6,44.03079730269612,577.6,0.0002593994140625,10,0.1676111355892263,1927.8024691358023
0.0,47,63.5,1272.7753838684228,0.0,0.0,0.0,0.0,0.0,0.0,0.0,0,0,0,0,0,0.0078568458557128,0.0,0.0,0.0,0.0,0.0,0.0,0.0,0.0,0.0,0.0,0.0,0.0,0.0,1.0,1.0,5805,573,591,580.5,7.011894655987543,580.5,0.0007865905761718,10,0.045170925407063,68.8
0.0,47,63.5,334.7863636726451,0.0,0.0,0.0,0.0,0.0,0.0,0.0,0,0,0,0,0,0.029869794845581,0.0,0.0,0.0,0.0,0.0,0.0,0.0,0.0,0.0,0.0,0.0,0.0,0.0,1.0,1.0,5837,577,595,583.7,7.424434134816082,583.7,0.0029875993728637,10,0.0385224574891586,72.25
0.0,47,63.5,1799.20384351407,0.0,0.0,0.0,0.0,0.0,0.0,0.0,0,0,0,0,0,0.0055580139160156,0.0,0.0,0.0,0.0,0.0,0.0,0.0,0.0,0.0,0.0,0.0,0.0,0.0,1.0,1.0,5873,577,595,587.3,6.566751268490548,587.3,0.000559115409851,10,0.0381730717967323,39.65432098765432
0.0,47,63.5,15703.122426057656,0.0,0.0,0.0,0.0,0.0,0.0,0.0,0,0,0,0,0,0.0006368160247802,0.0,0.0,0.0,0.0,0.0,0.0,0.0,0.0,0.0,0.0,0.0,0.0,0.0,1.0,1.0,5908,568,628,590.8,21.668205073589068,590.8,6.40869140625e-05,10,0.0596619700187772,468.2469135802469
0.0,47,63.5,158875.15151515152,0.0,0.0,0.0,0.0,0.0,0.0,0.0,0,0,0,0,0,6.29425048828125e-05,0.0,0.0,0.0,0.0,0.0,0.0,0.0,0.0,0.0,0.0,0.0,0.0,0.0,1.0,1.0,5921,588,594,592.1,2.6436506745197805,592.1,6.604194641113281e-06,10,0.0178295275387723,8.64
0.0,47,63.5,5521.727224855187,0.0,0.0,0.0,0.0,0.0,0.0,0.0,0,0,0,0,0,0.0018110275268554,0.0,0.0,0.0,0.0,0.0,0.0,0.0,0.0,0.0,0.0,0.0,0.0,0.0,1.0,1.0,5935,589,599,593.5,3.8078865529319534,593.5,0.0001816034317016,10,0.0165996606662022,16.56
0.0,47,63.5,21936.73640167364,0.0,0.0,0.0,0.0,0.0,0.0,0.0,0,0,0,0,0,0.0004558563232421,0.0,0.0,0.0,0.0,0.0,0.0,0.0,0.0,0.0,0.0,0.0,0.0,0.0,1.0,1.0,5936,589,600,593.6,4.550946177566936,593.6,4.649162292480469e-05,10,0.0169023534348935,20.69135802469136
0.0,47,63.5,669.4818834796488,0.0,0.0,0.0,0.0,0.0,0.0,0.0,0,0,0,0,0,0.0149369239807128,0.0,0.0,0.0,0.0,0.0,0.0,0.0,0.0,0.0,0.0,0.0,0.0,0.0,1.0,1.0,5873,525,640,587.3,39.0840973628235,587.3,0.0014945030212402,10,0.1400340979017198,1508.888888888889
0.0,47,63.5,175493.8912133891,0.0,0.0,0.0,0.0,0.0,0.0,0.0,0,0,0,0,0,5.698204040527344e-05,0.0,0.0,0.0,0.0,0.0,0.0,0.0,0.0,0.0,0.0,0.0,0.0,0.0,1.0,1.0,5909,575,604,590.9,9.960477453973333,590.9,6.103515625e-06,10,0.0429638000956506,121.0
0.0,47,63.5,3553.5914597983565,0.0,0.0,0.0,0.0,0.0,0.0,0.0,0,0,0,0,0,0.0028140544891357,0.0,0.0,0.0,0.0,0.0,0.0,0.0,0.0,0.0,0.0,0.0,0.0,0.0,1.0,1.0,5790,572,594,579.0,7.60116950066092,579.0,0.000281810760498,10,0.0471151024077892,110.25
0.0,47,63.5,332.380061811554,0.0,0.0,0.0,0.0,0.0,0.0,0.0,0,0,0,0,0,0.0300860404968261,0.0,0.0,0.0,0.0,0.0,0.0,0.0,0.0,0.0,0.0,0.0,0.0,0.0,1.0,1.0,5828,574,596,582.8,8.469553313683864,582.8,0.0030686855316162,10,0.0440605872378622,83.63265306122449
0.0,47,63.5,86838.59213250517,0.0,0.0,0.0,0.0,0.0,0.0,0.0,0,0,0,0,0,0.000115156173706,0.0,0.0,0.0,0.0,0.0,0.0,0.0,0.0,0.0,0.0,0.0,0.0,0.0,1.0,1.0,5847,570,591,584.7,8.731170215574389,584.7,1.2612342834472656e-05,10,0.0509836794990163,100.0
0.0,47,63.5,633.599806640684,0.0,0.0,0.0,0.0,0.0,0.0,0.0,0,0,0,0,0,0.0157828330993652,0.0,0.0,0.0,0.0,0.0,0.0,0.0,0.0,0.0,0.0,0.0,0.0,0.0,1.0,1.0,5910,591,591,591.0,0.0,591.0,0.0015786886215209,10,0.0,0.0
0.0,47,63.5,175493.8912133891,0.0,0.0,0.0,0.0,0.0,0.0,0.0,0,0,0,0,0,5.698204040527344e-05,0.0,0.0,0.0,0.0,0.0,0.0,0.0,0.0,0.0,0.0,0.0,0.0,0.0,1.0,1.0,5910,591,591,591.0,0.0,591.0,6.008148193359375e-06,10,0.0,0.0
0.0,47,63.5,185588.67256637168,0.0,0.0,0.0,0.0,0.0,0.0,0.0,0,0,0,0,0,5.3882598876953125e-05,0.0,0.0,0.0,0.0,0.0,0.0,0.0,0.0,0.0,0.0,0.0,0.0,0.0,1.0,1.0,5910,591,591,591.0,0.0,591.0,5.698204040527343e-06,10,0.0,0.0
0.0,47,63.5,154202.35294117648,0.0,0.0,0.0,0.0,0.0,0.0,0.0,0,0,0,0,0,6.4849853515625e-05,0.0,0.0,0.0,0.0,0.0,0.0,0.0,0.0,0.0,0.0,0.0,0.0,0.0,1.0,1.0,5915,591,592,591.5,0.5270462766947299,591.5,6.890296936035156e-06,10,0.0,0.25
0.0,47,63.5,172605.10288065844,0.0,0.0,0.0,0.0,0.0,0.0,0.0,0,0,0,0,0,5.793571472167969e-05,0.0,0.0,0.0,0.0,0.0,0.0,0.0,0.0,0.0,0.0,0.0,0.0,0.0,1.0,1.0,5920,592,592,592.0,0.0,592.0,6.103515625e-06,10,0.0,0.0
0.0,47,63.5,181571.60173160167,0.0,0.0,0.0,0.0,0.0,0.0,0.0,0,0,0,0,0,5.507469177246094e-05,0.0,0.0,0.0,0.0,0.0,0.0,0.0,0.0,0.0,0.0,0.0,0.0,0.0,1.0,1.0,5920,592,592,592.0,0.0,592.0,5.817413330078125e-06,10,0.0,0.0
0.0,47,63.5,158875.15151515152,0.0,0.0,0.0,0.0,0.0,0.0,0.0,0,0,0,0,0,6.29425048828125e-05,0.0,0.0,0.0,0.0,0.0,0.0,0.0,0.0,0.0,0.0,0.0,0.0,0.0,1.0,1.0,5920,592,592,592.0,0.0,592.0,6.580352783203125e-06,10,0.0,0.0
0.0,47,63.5,169809.87854251012,0.0,0.0,0.0,0.0,0.0,0.0,0.0,0,0,0,0,0,5.888938903808594e-05,0.0,0.0,0.0,0.0,0.0,0.0,0.0,0.0,0.0,0.0,0.0,0.0,0.0,1.0,1.0,5920,592,592,592.0,0.0,592.0,6.198883056640625e-06,10,0.0,0.0
0.0,47,63.5,1835.5012909719487,0.0,0.0,0.0,0.0,0.0,0.0,0.0,0,0,0,0,0,0.0054481029510498,0.0,0.0,0.0,0.0,0.0,0.0,0.0,0.0,0.0,0.0,0.0,0.0,0.0,1.0,1.0,5920,592,592,592.0,0.0,592.0,0.0005451202392578,10,0.0,0.0
0.0,47,63.5,100824.6153846154,0.0,0.0,0.0,0.0,0.0,0.0,0.0,0,0,0,0,0,9.918212890625e-05,0.0,0.0,0.0,0.0,0.0,0.0,0.0,0.0,0.0,0.0,0.0,0.0,0.0,1.0,1.0,5920,592,592,592.0,0.0,592.0,1.1897087097167968e-05,10,0.0,0.0
0.0,47,63.5,136622.28013029316,0.0,0.0,0.0,0.0,0.0,0.0,0.0,0,0,0,0,0,7.319450378417969e-05,0.0,0.0,0.0,0.0,0.0,0.0,0.0,0.0,0.0,0.0,0.0,0.0,0.0,1.0,1.0,5920,592,592,592.0,0.0,592.0,7.700920104980468e-06,10,0.0,0.0
0.0,47,63.5,124830.47619047618,0.0,0.0,0.0,0.0,0.0,0.0,0.0,0,0,0,0,0,8.0108642578125e-05,0.0,0.0,0.0,0.0,0.0,0.0,0.0,0.0,0.0,0.0,0.0,0.0,0.0,1.0,1.0,5889,541,628,588.9,29.24779193944961,588.9,8.392333984375e-06,10,0.1087611005244542,854.8888888888889
0.0,47,63.5,135.3346175315645,0.0,0.0,0.0,0.0,0.0,0.0,0.0,0,0,0,0,0,0.0738909244537353,0.0,0.0,0.0,0.0,0.0,0.0,0.0,0.0,0.0,0.0,0.0,0.0,0.0,1.0,1.0,5924,585,601,592.4,5.561774297230456,592.4,0.007389497756958,10,0.0241306443777198,30.09876543209877
0.0,47,63.5,141222.3569023569,0.0,0.0,0.0,0.0,0.0,0.0,0.0,0,0,0,0,0,7.081031799316406e-05,0.0,0.0,0.0,0.0,0.0,0.0,0.0,0.0,0.0,0.0,0.0,0.0,0.0,1.0,1.0,5924,588,596,592.4,3.0258148581093915,592.4,8.89301300048828e-06,10,0.0179852059405993,12.25
0.0,47,63.5,2394.555834665449,0.0,0.0,0.0,0.0,0.0,0.0,0.0,0,0,0,0,0,0.0041761398315429,0.0,0.0,0.0,0.0,0.0,0.0,0.0,0.0,0.0,0.0,0.0,0.0,0.0,1.0,1.0,5928,589,599,592.8,3.7653389990514494,592.8,0.0004180192947387,10,0.0165823284946535,12.760000000000002
0.0,47,63.5,145131.62629757787,0.0,0.0,0.0,0.0,0.0,0.0,0.0,0,0,0,0,0,6.890296936035156e-05,0.0,0.0,0.0,0.0,0.0,0.0,0.0,0.0,0.0,0.0,0.0,0.0,0.0,1.0,1.0,5881,545,628,588.1,27.86654704918506,588.1,7.486343383789062e-06,10,0.101381916605956,768.8395061728395
0.0,47,63.5,1696.3817997977756,0.0,0.0,0.0,0.0,0.0,0.0,0.0,0,0,0,0,0,0.0058948993682861,0.0,0.0,0.0,0.0,0.0,0.0,0.0,0.0,0.0,0.0,0.0,0.0,0.0,1.0,1.0,5936,588,600,593.6,4.29987079909256,593.6,0.000589895248413,10,0.0185042053687182,17.77777777777778
0.0,47,63.5,17396.532559104107,0.0,0.0,0.0,0.0,0.0,0.0,0.0,0,0,0,0,0,0.0005748271942138,0.0,0.0,0.0,0.0,0.0,0.0,0.0,0.0,0.0,0.0,0.0,0.0,0.0,1.0,1.0,5945,592,597,594.5,2.223610677354389,594.5,6.120204925537109e-05,10,0.0108419000455271,5.555555555555556
0.0,47,63.5,182361.0434782609,0.0,0.0,0.0,0.0,0.0,0.0,0.0,0,0,0,0,0,5.4836273193359375e-05,0.0,0.0,0.0,0.0,0.0,0.0,0.0,0.0,0.0,0.0,0.0,0.0,0.0,1.0,1.0,5945,589,599,594.5,3.894440481849308,594.5,5.793571472167969e-06,10,0.016634919274686,14.734375
0.0,47,63.5,151418.91696750902,0.0,0.0,0.0,0.0,0.0,0.0,0.0,0,0,0,0,0,6.604194641113281e-05,0.0,0.0,0.0,0.0,0.0,0.0,0.0,0.0,0.0,0.0,0.0,0.0,0.0,1.0,1.0,5849,510,640,584.9,44.225306983420445,584.9,6.9141387939453125e-06,10,0.1676903710527662,1955.3333333333333
0.0,47,63.5,174762.66666666666,0.0,0.0,0.0,0.0,0.0,0.0,0.0,0,0,0,0,0,5.7220458984375e-05,0.0,0.0,0.0,0.0,0.0,0.0,0.0,0.0,0.0,0.0,0.0,0.0,0.0,1.0,1.0,5865,575,596,586.5,8.872554436137444,586.5,6.008148193359375e-06,10,0.042520623775105,88.56
0.0,47,63.5,181571.60173160167,0.0,0.0,0.0,0.0,0.0,0.0,0.0,0,0,0,0,0,5.507469177246094e-05,0.0,0.0,0.0,0.0,0.0,0.0,0.0,0.0,0.0,0.0,0.0,0.0,0.0,1.0,1.0,5894,580,609,589.4,11.00706843603489,589.4,5.793571472167969e-06,10,0.0348694893981032,210.25
0.0,47,63.5,28320.75624577988,0.0,0.0,0.0,0.0,0.0,0.0,0.0,0,0,0,0,0,0.0003530979156494,0.0,0.0,0.0,0.0,0.0,0.0,0.0,0.0,0.0,0.0,0.0,0.0,0.0,1.0,1.0,5843,574,592,584.3,6.783149055645992,584.3,3.5595893859863284e-05,10,0.0433736135993079,81.0
0.0,47,63.5,64133.08868501529,0.0,0.0,0.0,0.0,0.0,0.0,0.0,0,0,0,0,0,0.0001559257507324,0.0,0.0,0.0,0.0,0.0,0.0,0.0,0.0,0.0,0.0,0.0,0.0,0.0,1.0,1.0,5859,577,592,585.9,6.590397054300547,585.9,1.6903877258300783e-05,10,0.0381827041440398,39.09
0.0,47,63.5,101067.56626506025,0.0,0.0,0.0,0.0,0.0,0.0,0.0,0,0,0,0,0,9.894371032714844e-05,0.0,0.0,0.0,0.0,0.0,0.0,0.0,0.0,0.0,0.0,0.0,0.0,0.0,1.0,1.0,5920,592,592,592.0,0.0,592.0,1.0585784912109376e-05,10,0.0,0.0
0.0,47,63.5,114912.43835616438,0.0,0.0,0.0,0.0,0.0,0.0,0.0,0,0,0,0,0,8.702278137207031e-05,0.0,0.0,0.0,0.0,0.0,0.0,0.0,0.0,0.0,0.0,0.0,0.0,0.0,1.0,1.0,5920,592,592,592.0,0.0,592.0,9.202957153320313e-06,10,0.0,0.0
0.0,47,63.5,111254.74801061008,0.0,0.0,0.0,0.0,0.0,0.0,0.0,0,0,0,0,0,8.988380432128906e-05,0.0,0.0,0.0,0.0,0.0,0.0,0.0,0.0,0.0,0.0,0.0,0.0,0.0,1.0,1.0,5920,592,592,592.0,0.0,592.0,9.79900360107422e-06,10,0.0,0.0
0.0,47,63.5,79891.50476190477,0.0,0.0,0.0,0.0,0.0,0.0,0.0,0,0,0,0,0,0.0001251697540283,0.0,0.0,0.0,0.0,0.0,0.0,0.0,0.0,0.0,0.0,0.0,0.0,0.0,1.0,1.0,5920,592,592,592.0,0.0,592.0,1.3017654418945313e-05,10,0.0,0.0
0.0,47,63.5,81284.96124031008,0.0,0.0,0.0,0.0,0.0,0.0,0.0,0,0,0,0,0,0.0001230239868164,0.0,0.0,0.0,0.0,0.0,0.0,0.0,0.0,0.0,0.0,0.0,0.0,0.0,1.0,1.0,5920,592,592,592.0,0.0,592.0,1.308917999267578e-05,10,0.0,0.0
0.0,47,63.5,95325.09090909093,0.0,0.0,0.0,0.0,0.0,0.0,0.0,0,0,0,0,0,0.0001049041748046,0.0,0.0,0.0,0.0,0.0,0.0,0.0,0.0,0.0,0.0,0.0,0.0,0.0,1.0,1.0,5920,592,592,592.0,0.0,592.0,1.0895729064941409e-05,10,0.0,0.0
0.0,47,63.5,926.8565619958898,0.0,0.0,0.0,0.0,0.0,0.0,0.0,0,0,0,0,0,0.010789155960083,0.0,0.0,0.0,0.0,0.0,0.0,0.0,0.0,0.0,0.0,0.0,0.0,0.0,1.0,1.0,5920,592,592,592.0,0.0,592.0,0.001079511642456,10,0.0,0.0
0.0,47,63.5,135300.12903225806,0.0,0.0,0.0,0.0,0.0,0.0,0.0,0,0,0,0,0,7.390975952148438e-05,0.0,0.0,0.0,0.0,0.0,0.0,0.0,0.0,0.0,0.0,0.0,0.0,0.0,1.0,1.0,5920,592,592,592.0,0.0,592.0,7.796287536621094e-06,10,0.0,0.0
0.0,47,63.5,9364.375976780531,0.0,0.0,0.0,0.0,0.0,0.0,0.0,0,0,0,0,0,0.0010678768157958,0.0,0.0,0.0,0.0,0.0,0.0,0.0,0.0,0.0,0.0,0.0,0.0,0.0,1.0,1.0,5920,592,592,592.0,0.0,592.0,0.000107192993164,10,0.0,0.0
0.0,47,63.5,147.14945778969047,0.0,0.0,0.0,0.0,0.0,0.0,0.0,0,0,0,0,0,0.067958116531372,0.0,0.0,0.0,0.0,0.0,0.0,0.0,0.0,0.0,0.0,0.0,0.0,0.0,1.0,1.0,5920,592,592,592.0,0.0,592.0,0.0067979097366333,10,0.0,0.0
0.0,47,63.5,247.746813311439,0.0,0.0,0.0,0.0,0.0,0.0,0.0,0,0,0,0,0,0.0403637886047363,0.0,0.0,0.0,0.0,0.0,0.0,0.0,0.0,0.0,0.0,0.0,0.0,0.0,1.0,1.0,5920,592,592,592.0,0.0,592.0,0.0040372848510742,10,0.0,0.0
0.0,47,63.5,725.4698607627778,0.0,0.0,0.0,0.0,0.0,0.0,0.0,0,0,0,0,0,0.0137841701507568,0.0,0.0,0.0,0.0,0.0,0.0,0.0,0.0,0.0,0.0,0.0,0.0,0.0,1.0,1.0,5920,592,592,592.0,0.0,592.0,0.0013819217681884,10,0.0,0.0
0.0,47,63.5,596.5868714885144,0.0,0.0,0.0,0.0,0.0,0.0,0.0,0,0,0,0,0,0.0167620182037353,0.0,0.0,0.0,0.0,0.0,0.0,0.0,0.0,0.0,0.0,0.0,0.0,0.0,1.0,1.0,5920,592,592,592.0,0.0,592.0,0.001677393913269,10,0.0,0.0
0.0,47,63.5,4945.530008253743,0.0,0.0,0.0,0.0,0.0,0.0,0.0,0,0,0,0,0,0.0020220279693603,0.0,0.0,0.0,0.0,0.0,0.0,0.0,0.0,0.0,0.0,0.0,0.0,0.0,1.0,1.0,5920,592,592,592.0,0.0,592.0,0.0002033948898315,10,0.0,0.0
0.0,47,63.5,100102.72076372316,0.0,0.0,0.0,0.0,0.0,0.0,0.0,0,0,0,0,0,9.989738464355467e-05,0.0,0.0,0.0,0.0,0.0,0.0,0.0,0.0,0.0,0.0,0.0,0.0,0.0,1.0,1.0,5920,592,592,592.0,0.0,592.0,1.049041748046875e-05,10,0.0,0.0
0.0,47,63.5,103054.15233415231,0.0,0.0,0.0,0.0,0.0,0.0,0.0,0,0,0,0,0,9.703636169433594e-05,0.0,0.0,0.0,0.0,0.0,0.0,0.0,0.0,0.0,0.0,0.0,0.0,0.0,1.0,1.0,5920,592,592,592.0,0.0,592.0,1.0204315185546874e-05,10,0.0,0.0
0.0,47,63.5,1237.768990143422,0.0,0.0,0.0,0.0,0.0,0.0,0.0,0,0,0,0,0,0.0080790519714355,0.0,0.0,0.0,0.0,0.0,0.0,0.0,0.0,0.0,0.0,0.0,0.0,0.0,1.0,1.0,5920,592,592,592.0,0.0,592.0,0.0008084058761596,10,0.0,0.0
0.0,47,63.5,321.161426668096,0.0,0.0,0.0,0.0,0.0,0.0,0.0,0,0,0,0,0,0.0311369895935058,0.0,0.0,0.0,0.0,0.0,0.0,0.0,0.0,0.0,0.0,0.0,0.0,0.0,1.0,1.0,5821,520,640,582.1,40.646033016765614,582.1,0.0031143903732299,10,0.1491910180097096,2092.408163265306
0.0,47,63.5,61771.78203240059,0.0,0.0,0.0,0.0,0.0,0.0,0.0,0,0,0,0,0,0.0001618862152099,0.0,0.0,0.0,0.0,0.0,0.0,0.0,0.0,0.0,0.0,0.0,0.0,0.0,1.0,1.0,5784,569,587,578.4,6.149977416399366,578.4,1.6903877258300783e-05,10,0.0516363348003444,36.12244897959184
0.0,47,63.5,5711.19825708061,0.0,0.0,0.0,0.0,0.0,0.0,0.0,0,0,0,0,0,0.0017509460449218,0.0,0.0,0.0,0.0,0.0,0.0,0.0,0.0,0.0,0.0,0.0,0.0,0.0,1.0,1.0,5774,572,589,577.4,5.815687596683836,577.4,0.0001760959625244,10,0.0463877684993851,56.25
0.0,47,63.5,175493.8912133891,0.0,0.0,0.0,0.0,0.0,0.0,0.0,0,0,0,0,0,5.698204040527344e-05,0.0,0.0,0.0,0.0,0.0,0.0,0.0,0.0,0.0,0.0,0.0,0.0,0.0,1.0,1.0,5806,573,589,580.6,5.037636129950015,580.6,6.008148193359375e-06,10,0.0443666914538964,35.84
0.0,47,63.5,151418.91696750902,0.0,0.0,0.0,0.0,0.0,0.0,0.0,0,0,0,0,0,6.604194641113281e-05,0.0,0.0,0.0,0.0,0.0,0.0,0.0,0.0,0.0,0.0,0.0,0.0,0.0,1.0,1.0,5743,470,640,574.3,59.496124990531015,574.3,7.700920104980468e-06,10,0.2420762914761427,4301.836734693878
0.0,47,63.5,179243.7606837607,0.0,0.0,0.0,0.0,0.0,0.0,0.0,0,0,0,0,0,5.5789947509765625e-05,0.0,0.0,0.0,0.0,0.0,0.0,0.0,0.0,0.0,0.0,0.0,0.0,0.0,1.0,1.0,5781,569,594,578.1,9.267026371915522,578.1,5.888938903808594e-06,10,0.0529060958628635,79.65432098765433
0.0,47,63.5,175493.8912133891,0.0,0.0,0.0,0.0,0.0,0.0,0.0,0,0,0,0,0,5.698204040527344e-05,0.0,0.0,0.0,0.0,0.0,0.0,0.0,0.0,0.0,0.0,0.0,0.0,0.0,1.0,1.0,5787,560,606,578.7,16.79980158612992,578.7,6.008148193359375e-06,10,0.0713118171741259,254.01
0.0,47,63.5,182361.0434782609,0.0,0.0,0.0,0.0,0.0,0.0,0.0,0,0,0,0,0,5.4836273193359375e-05,0.0,0.0,0.0,0.0,0.0,0.0,0.0,0.0,0.0,0.0,0.0,0.0,0.0,1.0,1.0,5861,560,611,586.1,20.54507240191672,586.1,5.793571472167969e-06,10,0.0728374906936448,624.24
0.0,47,63.5,175493.8912133891,0.0,0.0,0.0,0.0,0.0,0.0,0.0,0,0,0,0,0,5.698204040527344e-05,0.0,0.0,0.0,0.0,0.0,0.0,0.0,0.0,0.0,0.0,0.0,0.0,0.0,1.0,1.0,5879,574,592,587.9,7.489993324429601,587.9,6.103515625e-06,10,0.0436615536806396,67.36
0.0,47,63.5,178481.02127659574,0.0,0.0,0.0,0.0,0.0,0.0,0.0,0,0,0,0,0,5.602836608886719e-05,0.0,0.0,0.0,0.0,0.0,0.0,0.0,0.0,0.0,0.0,0.0,0.0,0.0,1.0,1.0,5968,592,640,596.8,15.17893276880822,596.8,5.91278076171875e-06,10,0.0161193800527017,207.36
0.0,47,63.5,645.794173800579,0.0,0.0,0.0,0.0,0.0,0.0,0.0,0,0,0,0,0,0.0154848098754882,0.0,0.0,0.0,0.0,0.0,0.0,0.0,0.0,0.0,0.0,0.0,0.0,0.0,1.0,1.0,5868,576,640,586.8,19.4353629586209,586.8,0.0015489816665649,10,0.0451193594548238,625.0
0.0,47,63.5,323.814464826138,0.0,0.0,0.0,0.0,0.0,0.0,0.0,0,0,0,0,0,0.0308818817138671,0.0,0.0,0.0,0.0,0.0,0.0,0.0,0.0,0.0,0.0,0.0,0.0,0.0,1.0,1.0,5841,562,596,584.1,13.494443300855355,584.1,0.0030961036682128,10,0.0665570864230365,212.4081632653061
0.0,47,63.5,147168.56140350876,0.0,0.0,0.0,0.0,0.0,0.0,0.0,0,0,0,0,0,6.794929504394531e-05,0.0,0.0,0.0,0.0,0.0,0.0,0.0,0.0,0.0,0.0,0.0,0.0,0.0,1.0,1.0,5891,568,608,589.1,14.332945731193336,589.1,7.104873657226563e-06,10,0.0566738787730589,339.36
0.0,47,63.5,175493.8912133891,0.0,0.0,0.0,0.0,0.0,0.0,0.0,0,0,0,0,0,5.698204040527344e-05,0.0,0.0,0.0,0.0,0.0,0.0,0.0,0.0,0.0,0.0,0.0,0.0,0.0,1.0,1.0,5947,589,598,594.7,2.9832867780352594,594.7,6.008148193359375e-06,10,0.0162637517019003,9.0
0.0,47,63.5,97997.7570093458,0.0,0.0,0.0,0.0,0.0,0.0,0.0,0,0,0,0,0,0.0001020431518554,0.0,0.0,0.0,0.0,0.0,0.0,0.0,0.0,0.0,0.0,0.0,0.0,0.0,1.0,1.0,5922,589,595,592.2,1.873795909674026,592.2,1.049041748046875e-05,10,0.0158117895017647,3.7599999999999993
0.0,47,63.5,124830.47619047618,0.0,0.0,0.0,0.0,0.0,0.0,0.0,0,0,0,0,0,8.0108642578125e-05,0.0,0.0,0.0,0.0,0.0,0.0,0.0,0.0,0.0,0.0,0.0,0.0,0.0,1.0,1.0,5923,592,595,592.3,0.9486832980505135,592.3,9.107589721679688e-06,10,0.0,2.25
0.0,47,63.5,131896.35220125786,0.0,0.0,0.0,0.0,0.0,0.0,0.0,0,0,0,0,0,7.581710815429688e-05,0.0,0.0,0.0,0.0,0.0,0.0,0.0,0.0,0.0,0.0,0.0,0.0,0.0,1.0,1.0,5920,592,592,592.0,0.0,592.0,7.987022399902344e-06,10,0.0,0.0
0.0,47,63.5,146653.98601398602,0.0,0.0,0.0,0.0,0.0,0.0,0.0,0,0,0,0,0,6.818771362304688e-05,0.0,0.0,0.0,0.0,0.0,0.0,0.0,0.0,0.0,0.0,0.0,0.0,0.0,1.0,1.0,5920,592,592,592.0,0.0,592.0,7.319450378417969e-06,10,0.0,0.0
0.0,47,63.5,646.4909522488363,0.0,0.0,0.0,0.0,0.0,0.0,0.0,0,0,0,0,0,0.0154681205749511,0.0,0.0,0.0,0.0,0.0,0.0,0.0,0.0,0.0,0.0,0.0,0.0,0.0,1.0,1.0,5920,592,592,592.0,0.0,592.0,0.00154709815979,10,0.0,0.0
0.0,47,63.5,117817.52808988764,0.0,0.0,0.0,0.0,0.0,0.0,0.0,0,0,0,0,0,8.487701416015625e-05,0.0,0.0,0.0,0.0,0.0,0.0,0.0,0.0,0.0,0.0,0.0,0.0,0.0,1.0,1.0,5920,592,592,592.0,0.0,592.0,8.988380432128907e-06,10,0.0,0.0
0.0,47,63.5,2841.669376693767,0.0,0.0,0.0,0.0,0.0,0.0,0.0,0,0,0,0,0,0.003519058227539,0.0,0.0,0.0,0.0,0.0,0.0,0.0,0.0,0.0,0.0,0.0,0.0,0.0,1.0,1.0,5920,592,592,592.0,0.0,592.0,0.0003523111343383,10,0.0,0.0
0.0,47,63.5,18800.10757507844,0.0,0.0,0.0,0.0,0.0,0.0,0.0,0,0,0,0,0,0.0005319118499755,0.0,0.0,0.0,0.0,0.0,0.0,0.0,0.0,0.0,0.0,0.0,0.0,0.0,1.0,1.0,5773,483,640,577.3,55.876948139043286,577.3,5.4883956909179685e-05,10,0.2184482935939206,5078.64
0.0,47,63.5,736.2044513094152,0.0,0.0,0.0,0.0,0.0,0.0,0.0,0,0,0,0,0,0.0135831832885742,0.0,0.0,0.0,0.0,0.0,0.0,0.0,0.0,0.0,0.0,0.0,0.0,0.0,1.0,1.0,5829,560,601,582.9,11.704225257952311,582.9,0.0013588190078735,10,0.0692360832010794,123.29
0.0,47,63.5,136622.28013029316,0.0,0.0,0.0,0.0,0.0,0.0,0.0,0,0,0,0,0,7.319450378417969e-05,0.0,0.0,0.0,0.0,0.0,0.0,0.0,0.0,0.0,0.0,0.0,0.0,0.0,1.0,1.0,5855,560,597,585.5,12.45659129403653,585.5,7.700920104980468e-06,10,0.0695425670295387,324.0
0.0,47,63.5,140748.45637583893,0.0,0.0,0.0,0.0,0.0,0.0,0.0,0,0,0,0,0,7.104873657226562e-05,0.0,0.0,0.0,0.0,0.0,0.0,0.0,0.0,0.0,0.0,0.0,0.0,0.0,1.0,1.0,5854,570,597,585.4,9.500877152487904,585.4,7.486343383789062e-06,10,0.0512972273168374,132.25
0.0,47,63.5,126716.1329305136,0.0,0.0,0.0,0.0,0.0,0.0,0.0,0,0,0,0,0,7.891654968261719e-05,0.0,0.0,0.0,0.0,0.0,0.0,0.0,0.0,0.0,0.0,0.0,0.0,0.0,1.0,1.0,5797,470,640,579.7,61.3298006228982,579.7,8.296966552734374e-06,10,0.2428232575817438,5905.4400000000005
0.0,47,63.5,1760.5372733378106,0.0,0.0,0.0,0.0,0.0,0.0,0.0,0,0,0,0,0,0.0056800842285156,0.0,0.0,0.0,0.0,0.0,0.0,0.0,0.0,0.0,0.0,0.0,0.0,0.0,1.0,1.0,5886,581,598,588.6,5.699902533279747,588.6,0.000568413734436,10,0.0310034322959568,41.2
0.0,47,63.5,136622.28013029316,0.0,0.0,0.0,0.0,0.0,0.0,0.0,0,0,0,0,0,7.319450378417969e-05,0.0,0.0,0.0,0.0,0.0,0.0,0.0,0.0,0.0,0.0,0.0,0.0,0.0,1.0,1.0,5888,564,608,588.8,13.814646012274236,588.8,9.202957153320313e-06,10,0.06327926419956,171.76
0.0,47,63.5,238.2937720863113,0.0,0.0,0.0,0.0,0.0,0.0,0.0,0,0,0,0,0,0.0419650077819824,0.0,0.0,0.0,0.0,0.0,0.0,0.0,0.0,0.0,0.0,0.0,0.0,0.0,1.0,1.0,5816,564,592,581.6,11.97404600700105,581.6,0.0041967868804931,10,0.0625294773814119,130.02469135802468
0.0,47,63.5,7473.813257305774,0.0,0.0,0.0,0.0,0.0,0.0,0.0,0,0,0,0,0,0.0013380050659179,0.0,0.0,0.0,0.0,0.0,0.0,0.0,0.0,0.0,0.0,0.0,0.0,0.0,1.0,1.0,5920,592,592,592.0,0.0,592.0,0.000136399269104,10,0.0,0.0
0.0,47,63.5,31750.9765329296,0.0,0.0,0.0,0.0,0.0,0.0,0.0,0,0,0,0,0,0.0003149509429931,0.0,0.0,0.0,0.0,0.0,0.0,0.0,0.0,0.0,0.0,0.0,0.0,0.0,1.0,1.0,5920,592,592,592.0,0.0,592.0,3.249645233154297e-05,10,0.0,0.0
0.0,47,63.5,95979.49656750572,0.0,0.0,0.0,0.0,0.0,0.0,0.0,0,0,0,0,0,0.0001041889190673,0.0,0.0,0.0,0.0,0.0,0.0,0.0,0.0,0.0,0.0,0.0,0.0,0.0,1.0,1.0,5920,592,592,592.0,0.0,592.0,1.1014938354492188e-05,10,0.0,0.0
0.0,47,63.5,90982.73318872016,0.0,0.0,0.0,0.0,0.0,0.0,0.0,0,0,0,0,0,0.0001099109649658,0.0,0.0,0.0,0.0,0.0,0.0,0.0,0.0,0.0,0.0,0.0,0.0,0.0,1.0,1.0,5920,592,592,592.0,0.0,592.0,1.1491775512695311e-05,10,0.0,0.0
0.0,47,63.5,83385.76540755467,0.0,0.0,0.0,0.0,0.0,0.0,0.0,0,0,0,0,0,0.000119924545288,0.0,0.0,0.0,0.0,0.0,0.0,0.0,0.0,0.0,0.0,0.0,0.0,0.0,1.0,1.0,5920,592,592,592.0,0.0,592.0,1.2493133544921876e-05,10,0.0,0.0
0.0,47,63.5,103054.15233415231,0.0,0.0,0.0,0.0,0.0,0.0,0.0,0,0,0,0,0,9.703636169433594e-05,0.0,0.0,0.0,0.0,0.0,0.0,0.0,0.0,0.0,0.0,0.0,0.0,0.0,1.0,1.0,5920,592,592,592.0,0.0,592.0,1.0204315185546874e-05,10,0.0,0.0
0.0,47,63.5,67541.12721417069,0.0,0.0,0.0,0.0,0.0,0.0,0.0,0,0,0,0,0,0.000148057937622,0.0,0.0,0.0,0.0,0.0,0.0,0.0,0.0,0.0,0.0,0.0,0.0,0.0,1.0,1.0,5920,592,592,592.0,0.0,592.0,1.5306472778320313e-05,10,0.0,0.0
0.0,47,63.5,62508.2563338301,0.0,0.0,0.0,0.0,0.0,0.0,0.0,0,0,0,0,0,0.0001599788665771,0.0,0.0,0.0,0.0,0.0,0.0,0.0,0.0,0.0,0.0,0.0,0.0,0.0,1.0,1.0,5920,592,592,592.0,0.0,592.0,1.6903877258300783e-05,10,0.0,0.0
0.0,47,63.5,100102.72076372316,0.0,0.0,0.0,0.0,0.0,0.0,0.0,0,0,0,0,0,9.989738464355467e-05,0.0,0.0,0.0,0.0,0.0,0.0,0.0,0.0,0.0,0.0,0.0,0.0,0.0,1.0,1.0,5920,592,592,592.0,0.0,592.0,1.0585784912109376e-05,10,0.0,0.0
0.0,47,63.5,104077.0223325062,0.0,0.0,0.0,0.0,0.0,0.0,0.0,0,0,0,0,0,9.608268737792967e-05,0.0,0.0,0.0,0.0,0.0,0.0,0.0,0.0,0.0,0.0,0.0,0.0,0.0,1.0,1.0,5920,592,592,592.0,0.0,592.0,1.0204315185546874e-05,10,0.0,0.0
0.0,47,63.5,145131.62629757787,0.0,0.0,0.0,0.0,0.0,0.0,0.0,0,0,0,0,0,6.890296936035156e-05,0.0,0.0,0.0,0.0,0.0,0.0,0.0,0.0,0.0,0.0,0.0,0.0,0.0,1.0,1.0,5920,592,592,592.0,0.0,592.0,7.390975952148437e-06,10,0.0,0.0
0.0,47,63.5,169809.87854251012,0.0,0.0,0.0,0.0,0.0,0.0,0.0,0,0,0,0,0,5.888938903808594e-05,0.0,0.0,0.0,0.0,0.0,0.0,0.0,0.0,0.0,0.0,0.0,0.0,0.0,1.0,1.0,5920,592,592,592.0,0.0,592.0,6.198883056640625e-06,10,0.0,0.0
0.0,47,63.5,181571.60173160167,0.0,0.0,0.0,0.0,0.0,0.0,0.0,0,0,0,0,0,5.507469177246094e-05,0.0,0.0,0.0,0.0,0.0,0.0,0.0,0.0,0.0,0.0,0.0,0.0,0.0,1.0,1.0,5920,592,592,592.0,0.0,592.0,5.817413330078125e-06,10,0.0,0.0
0.0,47,63.5,151418.91696750902,0.0,0.0,0.0,0.0,0.0,0.0,0.0,0,0,0,0,0,6.604194641113281e-05,0.0,0.0,0.0,0.0,0.0,0.0,0.0,0.0,0.0,0.0,0.0,0.0,0.0,1.0,1.0,5920,592,592,592.0,0.0,592.0,6.890296936035156e-06,10,0.0,0.0
0.0,47,63.5,182361.0434782609,0.0,0.0,0.0,0.0,0.0,0.0,0.0,0,0,0,0,0,5.4836273193359375e-05,0.0,0.0,0.0,0.0,0.0,0.0,0.0,0.0,0.0,0.0,0.0,0.0,0.0,1.0,1.0,5920,592,592,592.0,0.0,592.0,5.793571472167969e-06,10,0.0,0.0
0.0,47,63.5,2057.14061503752,0.0,0.0,0.0,0.0,0.0,0.0,0.0,0,0,0,0,0,0.0048611164093017,0.0,0.0,0.0,0.0,0.0,0.0,0.0,0.0,0.0,0.0,0.0,0.0,0.0,1.0,1.0,5920,592,592,592.0,0.0,592.0,0.000486421585083,10,0.0,0.0
0.0,47,63.5,113359.56756756756,0.0,0.0,0.0,0.0,0.0,0.0,0.0,0,0,0,0,0,8.821487426757812e-05,0.0,0.0,0.0,0.0,0.0,0.0,0.0,0.0,0.0,0.0,0.0,0.0,0.0,1.0,1.0,5920,592,592,592.0,0.0,592.0,9.298324584960938e-06,10,0.0,0.0
0.0,47,63.5,121927.44186046511,0.0,0.0,0.0,0.0,0.0,0.0,0.0,0,0,0,0,0,8.20159912109375e-05,0.0,0.0,0.0,0.0,0.0,0.0,0.0,0.0,0.0,0.0,0.0,0.0,0.0,1.0,1.0,5920,592,592,592.0,0.0,592.0,8.58306884765625e-06,10,0.0,0.0
0.0,47,63.5,917.0884442986772,0.0,0.0,0.0,0.0,0.0,0.0,0.0,0,0,0,0,0,0.0109040737152099,0.0,0.0,0.0,0.0,0.0,0.0,0.0,0.0,0.0,0.0,0.0,0.0,0.0,1.0,1.0,5920,592,592,592.0,0.0,592.0,0.0010909080505371,10,0.0,0.0
0.0,47,63.5,393.5615962767305,0.0,0.0,0.0,0.0,0.0,0.0,0.0,0,0,0,0,0,0.0254089832305908,0.0,0.0,0.0,0.0,0.0,0.0,0.0,0.0,0.0,0.0,0.0,0.0,0.0,1.0,1.0,5920,592,592,592.0,0.0,592.0,0.0025439977645874,10,0.0,0.0
0.0,47,63.5,13644.45022771633,0.0,0.0,0.0,0.0,0.0,0.0,0.0,0,0,0,0,0,0.0007328987121582,0.0,0.0,0.0,0.0,0.0,0.0,0.0,0.0,0.0,0.0,0.0,0.0,0.0,1.0,1.0,5920,592,592,592.0,0.0,592.0,7.37905502319336e-05,10,0.0,0.0
0.0,47,63.5,124830.47619047618,0.0,0.0,0.0,0.0,0.0,0.0,0.0,0,0,0,0,0,8.0108642578125e-05,0.0,0.0,0.0,0.0,0.0,0.0,0.0,0.0,0.0,0.0,0.0,0.0,0.0,1.0,1.0,5920,592,592,592.0,0.0,592.0,8.511543273925782e-06,10,0.0,0.0
0.0,47,63.5,1159.031723223168,0.0,0.0,0.0,0.0,0.0,0.0,0.0,0,0,0,0,0,0.0086278915405273,0.0,0.0,0.0,0.0,0.0,0.0,0.0,0.0,0.0,0.0,0.0,0.0,0.0,1.0,1.0,5920,592,592,592.0,0.0,592.0,0.0008631944656372,10,0.0,0.0
0.0,47,63.5,100824.6153846154,0.0,0.0,0.0,0.0,0.0,0.0,0.0,0,0,0,0,0,9.918212890625e-05,0.0,0.0,0.0,0.0,0.0,0.0,0.0,0.0,0.0,0.0,0.0,0.0,0.0,1.0,1.0,5754,470,640,575.4,59.57665463734749,575.4,1.0514259338378908e-05,10,0.2421090960330698,3549.135802469136
0.0,47,63.5,1070.9863902152542,0.0,0.0,0.0,0.0,0.0,0.0,0.0,0,0,0,0,0,0.0093371868133544,0.0,0.0,0.0,0.0,0.0,0.0,0.0,0.0,0.0,0.0,0.0,0.0,0.0,1.0,1.0,5898,574,614,589.8,15.105554533938095,589.8,0.000934100151062,10,0.046763828694945,400.0
0.0,47,63.5,6184.464759657918,0.0,0.0,0.0,0.0,0.0,0.0,0.0,0,0,0,0,0,0.0016169548034667,0.0,0.0,0.0,0.0,0.0,0.0,0.0,0.0,0.0,0.0,0.0,0.0,0.0,1.0,1.0,5829,558,602,582.9,15.271251131165092,582.9,0.0001621961593627,10,0.0740974068607914,347.84
0.0,47,63.5,124830.47619047618,0.0,0.0,0.0,0.0,0.0,0.0,0.0,0,0,0,0,0,8.0108642578125e-05,0.0,0.0,0.0,0.0,0.0,0.0,0.0,0.0,0.0,0.0,0.0,0.0,0.0,1.0,1.0,5915,587,596,591.5,3.2058973436118907,591.5,9.202957153320313e-06,10,0.0197626943418937,9.25
0.0,47,63.5,998.38232843779,0.0,0.0,0.0,0.0,0.0,0.0,0.0,0,0,0,0,0,0.0100162029266357,0.0,0.0,0.0,0.0,0.0,0.0,0.0,0.0,0.0,0.0,0.0,0.0,0.0,1.0,1.0,5900,581,596,590.0,4.944132324730441,590.0,0.0010020017623901,10,0.0306955617438022,36.0
0.0,47,63.5,144631.1724137931,0.0,0.0,0.0,0.0,0.0,0.0,0.0,0,0,0,0,0,6.914138793945312e-05,0.0,0.0,0.0,0.0,0.0,0.0,0.0,0.0,0.0,0.0,0.0,0.0,0.0,1.0,1.0,5920,592,592,592.0,0.0,592.0,8.296966552734374e-06,10,0.0,0.0
0.0,47,63.5,181571.60173160167,0.0,0.0,0.0,0.0,0.0,0.0,0.0,0,0,0,0,0,5.507469177246094e-05,0.0,0.0,0.0,0.0,0.0,0.0,0.0,0.0,0.0,0.0,0.0,0.0,0.0,1.0,1.0,5920,592,592,592.0,0.0,592.0,5.793571472167969e-06,10,0.0,0.0
0.0,47,63.5,2400.9983399164234,0.0,0.0,0.0,0.0,0.0,0.0,0.0,0,0,0,0,0,0.0041649341583251,0.0,0.0,0.0,0.0,0.0,0.0,0.0,0.0,0.0,0.0,0.0,0.0,0.0,1.0,1.0,5920,592,592,592.0,0.0,592.0,0.0004168033599853,10,0.0,0.0
0.0,47,63.5,1339.6052379431492,0.0,0.0,0.0,0.0,0.0,0.0,0.0,0,0,0,0,0,0.0074648857116699,0.0,0.0,0.0,0.0,0.0,0.0,0.0,0.0,0.0,0.0,0.0,0.0,0.0,1.0,1.0,5920,592,592,592.0,0.0,592.0,0.0007483959197998,10,0.0,0.0
0.0,47,63.5,95325.09090909093,0.0,0.0,0.0,0.0,0.0,0.0,0.0,0,0,0,0,0,0.0001049041748046,0.0,0.0,0.0,0.0,0.0,0.0,0.0,0.0,0.0,0.0,0.0,0.0,0.0,1.0,1.0,5920,592,592,592.0,0.0,592.0,1.2898445129394532e-05,10,0.0,0.0
0.0,47,63.5,20450.04388103364,0.0,0.0,0.0,0.0,0.0,0.0,0.0,0,0,0,0,0,0.0004889965057373,0.0,0.0,0.0,0.0,0.0,0.0,0.0,0.0,0.0,0.0,0.0,0.0,0.0,1.0,1.0,5920,592,592,592.0,0.0,592.0,4.930496215820313e-05,10,0.0,0.0
0.0,47,63.5,684.884962688395,0.0,0.0,0.0,0.0,0.0,0.0,0.0,0,0,0,0,0,0.0146009922027587,0.0,0.0,0.0,0.0,0.0,0.0,0.0,0.0,0.0,0.0,0.0,0.0,0.0,1.0,1.0,5920,592,592,592.0,0.0,592.0,0.0014606952667236,10,0.0,0.0
0.0,47,63.5,2635.772010306039,0.0,0.0,0.0,0.0,0.0,0.0,0.0,0,0,0,0,0,0.0037939548492431,0.0,0.0,0.0,0.0,0.0,0.0,0.0,0.0,0.0,0.0,0.0,0.0,0.0,1.0,1.0,5819,494,640,581.9,50.3288077435666,581.9,0.0003798961639404,10,0.1974427731224193,2522.7654320987654
0.0,47,63.5,102051.19221411191,0.0,0.0,0.0,0.0,0.0,0.0,0.0,0,0,0,0,0,9.79900360107422e-05,0.0,0.0,0.0,0.0,0.0,0.0,0.0,0.0,0.0,0.0,0.0,0.0,0.0,1.0,1.0,5902,570,608,590.2,15.70421033424547,590.2,1.0704994201660156e-05,10,0.0538242171217582,221.96
0.0,47,63.5,80043.96946564886,0.0,0.0,0.0,0.0,0.0,0.0,0.0,0,0,0,0,0,0.0001249313354492,0.0,0.0,0.0,0.0,0.0,0.0,0.0,0.0,0.0,0.0,0.0,0.0,0.0,1.0,1.0,5757,560,592,575.7,9.68446637088946,575.7,1.2993812561035156e-05,10,0.0684133142208455,84.41
0.0,47,63.5,774.4712594863083,0.0,0.0,0.0,0.0,0.0,0.0,0.0,0,0,0,0,0,0.0129120349884033,0.0,0.0,0.0,0.0,0.0,0.0,0.0,0.0,0.0,0.0,0.0,0.0,0.0,1.0,1.0,5888,574,620,588.8,17.93692652974119,588.8,0.0012920141220092,10,0.0479172163911553,411.2222222222222
0.0,47,63.5,4723.84728009911,0.0,0.0,0.0,0.0,0.0,0.0,0.0,0,0,0,0,0,0.0021169185638427,0.0,0.0,0.0,0.0,0.0,0.0,0.0,0.0,0.0,0.0,0.0,0.0,0.0,1.0,1.0,5855,568,628,585.5,24.38692728127556,585.5,0.0002123832702636,10,0.0607694686973004,590.9876543209876
0.0,47,63.5,172605.10288065844,0.0,0.0,0.0,0.0,0.0,0.0,0.0,0,0,0,0,0,5.793571472167969e-05,0.0,0.0,0.0,0.0,0.0,0.0,0.0,0.0,0.0,0.0,0.0,0.0,0.0,1.0,1.0,5902,585,593,590.2,2.2997584414213783,590.2,6.198883056640625e-06,10,0.0228018295986974,4.76
0.0,47,63.5,4638.177595930554,0.0,0.0,0.0,0.0,0.0,0.0,0.0,0,0,0,0,0,0.0021560192108154,0.0,0.0,0.0,0.0,0.0,0.0,0.0,0.0,0.0,0.0,0.0,0.0,0.0,1.0,1.0,5936,585,599,593.6,4.273952113286562,593.6,0.0002159118652343,10,0.0236060371328684,36.0
0.0,47,63.5,329.1870595068046,0.0,0.0,0.0,0.0,0.0,0.0,0.0,0,0,0,0,0,0.0303778648376464,0.0,0.0,0.0,0.0,0.0,0.0,0.0,0.0,0.0,0.0,0.0,0.0,0.0,1.0,1.0,5943,589,601,594.3,4.691600058733813,594.3,0.0030386924743652,10,0.0169596501999257,19.81
0.0,47,63.5,153637.50915750916,0.0,0.0,0.0,0.0,0.0,0.0,0.0,0,0,0,0,0,6.508827209472656e-05,0.0,0.0,0.0,0.0,0.0,0.0,0.0,0.0,0.0,0.0,0.0,0.0,0.0,1.0,1.0,5881,530,640,588.1,37.005855392536645,588.1,6.9141387939453125e-06,10,0.1306668552527037,1359.20987654321
0.0,47,63.5,178481.02127659574,0.0,0.0,0.0,0.0,0.0,0.0,0.0,0,0,0,0,0,5.602836608886719e-05,0.0,0.0,0.0,0.0,0.0,0.0,0.0,0.0,0.0,0.0,0.0,0.0,0.0,1.0,1.0,5811,576,586,581.1,3.6040101122068022,581.1,5.888938903808594e-06,10,0.0386702995593086,11.69
0.0,47,63.5,113666.77506775068,0.0,0.0,0.0,0.0,0.0,0.0,0.0,0,0,0,0,0,8.797645568847656e-05,0.0,0.0,0.0,0.0,0.0,0.0,0.0,0.0,0.0,0.0,0.0,0.0,0.0,1.0,1.0,5859,557,597,585.9,12.123897429823831,585.9,9.107589721679688e-06,10,0.074519430857013,132.29000000000002
0.0,47,63.5,137068.75816993465,0.0,0.0,0.0,0.0,0.0,0.0,0.0,0,0,0,0,0,7.295608520507812e-05,0.0,0.0,0.0,0.0,0.0,0.0,0.0,0.0,0.0,0.0,0.0,0.0,0.0,1.0,1.0,5813,557,588,581.3,10.000555540124312,581.3,7.700920104980468e-06,10,0.073654466304825,240.25
0.0,47,63.5,106454.41624365482,0.0,0.0,0.0,0.0,0.0,0.0,0.0,0,0,0,0,0,9.393692016601562e-05,0.0,0.0,0.0,0.0,0.0,0.0,0.0,0.0,0.0,0.0,0.0,0.0,0.0,1.0,1.0,5678,470,640,567.8,58.26720060777476,567.8,9.79900360107422e-06,10,0.2415756768395831,3390.320987654321
0.0,47,63.5,10773.96352427434,0.0,0.0,0.0,0.0,0.0,0.0,0.0,0,0,0,0,0,0.0009281635284423,0.0,0.0,0.0,0.0,0.0,0.0,0.0,0.0,0.0,0.0,0.0,0.0,0.0,1.0,1.0,5978,574,613,597.8,14.474498648005431,597.8,9.310245513916016e-05,10,0.0465067617692514,380.25
0.0,47,63.5,1399.5942338494394,0.0,0.0,0.0,0.0,0.0,0.0,0.0,0,0,0,0,0,0.0071449279785156,0.0,0.0,0.0,0.0,0.0,0.0,0.0,0.0,0.0,0.0,0.0,0.0,0.0,1.0,1.0,5837,574,598,583.7,10.456789394668156,583.7,0.0007155895233154,10,0.044870107727812,144.0
0.0,47,63.5,2791.7358892438765,0.0,0.0,0.0,0.0,0.0,0.0,0.0,0,0,0,0,0,0.0035820007324218,0.0,0.0,0.0,0.0,0.0,0.0,0.0,0.0,0.0,0.0,0.0,0.0,0.0,1.0,1.0,5838,575,593,583.8,5.329165037789691,583.8,0.0003591060638427,10,0.041077188669794,25.56
0.0,47,63.5,861.4833528457289,0.0,0.0,0.0,0.0,0.0,0.0,0.0,0,0,0,0,0,0.0116078853607177,0.0,0.0,0.0,0.0,0.0,0.0,0.0,0.0,0.0,0.0,0.0,0.0,0.0,1.0,1.0,5915,580,601,591.5,7.05927286151579,591.5,0.001161789894104,10,0.0332613153928671,89.2
0.0,47,63.5,213.09705018645911,0.0,0.0,0.0,0.0,0.0,0.0,0.0,0,0,0,0,0,0.0469269752502441,0.0,0.0,0.0,0.0,0.0,0.0,0.0,0.0,0.0,0.0,0.0,0.0,0.0,1.0,1.0,5920,592,592,592.0,0.0,592.0,0.0046931028366088,10,0.0,0.0
0.0,47,63.5,100824.6153846154,0.0,0.0,0.0,0.0,0.0,0.0,0.0,0,0,0,0,0,9.918212890625e-05,0.0,0.0,0.0,0.0,0.0,0.0,0.0,0.0,0.0,0.0,0.0,0.0,0.0,1.0,1.0,5920,592,592,592.0,0.0,592.0,1.0514259338378908e-05,10,0.0,0.0
0.0,47,63.5,70492.50420168067,0.0,0.0,0.0,0.0,0.0,0.0,0.0,0,0,0,0,0,0.0001418590545654,0.0,0.0,0.0,0.0,0.0,0.0,0.0,0.0,0.0,0.0,0.0,0.0,0.0,1.0,1.0,5920,592,592,592.0,0.0,592.0,1.468658447265625e-05,10,0.0,0.0
0.0,47,63.5,149263.487544484,0.0,0.0,0.0,0.0,0.0,0.0,0.0,0,0,0,0,0,6.699562072753906e-05,0.0,0.0,0.0,0.0,0.0,0.0,0.0,0.0,0.0,0.0,0.0,0.0,0.0,1.0,1.0,5759,470,640,575.9,59.58458040652987,575.9,7.009506225585937e-06,10,0.242112324674404,3549.135802469136
0.0,47,63.5,126716.1329305136,0.0,0.0,0.0,0.0,0.0,0.0,0.0,0,0,0,0,0,7.891654968261719e-05,0.0,0.0,0.0,0.0,0.0,0.0,0.0,0.0,0.0,0.0,0.0,0.0,0.0,1.0,1.0,5855,572,597,585.5,9.571369343574151,585.5,8.296966552734374e-06,10,0.0479176830157983,97.06122448979592
0.0,47,63.5,59833.15263908702,0.0,0.0,0.0,0.0,0.0,0.0,0.0,0,0,0,0,0,0.0001671314239501,0.0,0.0,0.0,0.0,0.0,0.0,0.0,0.0,0.0,0.0,0.0,0.0,0.0,1.0,1.0,5836,577,600,583.6,9.97997995989972,583.6,2.110004425048828e-05,10,0.0395634846364647,89.64
0.0,47,63.5,2049.200703537229,0.0,0.0,0.0,0.0,0.0,0.0,0.0,0,0,0,0,0,0.0048799514770507,0.0,0.0,0.0,0.0,0.0,0.0,0.0,0.0,0.0,0.0,0.0,0.0,0.0,1.0,1.0,5767,557,600,576.7,14.507086390986837,576.7,0.0004884958267211,10,0.0754902467122323,256.0
0.0,47,63.5,88487.42616033755,0.0,0.0,0.0,0.0,0.0,0.0,0.0,0,0,0,0,0,0.0001130104064941,0.0,0.0,0.0,0.0,0.0,0.0,0.0,0.0,0.0,0.0,0.0,0.0,0.0,1.0,1.0,5885,578,592,588.5,5.948856099191582,588.5,1.270771026611328e-05,10,0.0362172360205666,39.47222222222222
0.0,47,63.5,2028.3895928039465,0.0,0.0,0.0,0.0,0.0,0.0,0.0,0,0,0,0,0,0.0049300193786621,0.0,0.0,0.0,0.0,0.0,0.0,0.0,0.0,0.0,0.0,0.0,0.0,0.0,1.0,1.0,5920,592,592,592.0,0.0,592.0,0.0004935026168823,10,0.0,0.0
0.0,47,63.5,175493.8912133891,0.0,0.0,0.0,0.0,0.0,0.0,0.0,0,0,0,0,0,5.698204040527344e-05,0.0,0.0,0.0,0.0,0.0,0.0,0.0,0.0,0.0,0.0,0.0,0.0,0.0,1.0,1.0,5920,592,592,592.0,0.0,592.0,6.079673767089844e-06,10,0.0,0.0
0.0,47,63.5,172605.10288065844,0.0,0.0,0.0,0.0,0.0,0.0,0.0,0,0,0,0,0,5.793571472167969e-05,0.0,0.0,0.0,0.0,0.0,0.0,0.0,0.0,0.0,0.0,0.0,0.0,0.0,1.0,1.0,5920,592,592,592.0,0.0,592.0,6.103515625e-06,10,0.0,0.0
0.0,47,63.5,137068.75816993465,0.0,0.0,0.0,0.0,0.0,0.0,0.0,0,0,0,0,0,7.295608520507812e-05,0.0,0.0,0.0,0.0,0.0,0.0,0.0,0.0,0.0,0.0,0.0,0.0,0.0,1.0,1.0,5954,571,628,595.4,19.363195328595264,595.4,7.605552673339843e-06,10,0.0536106112490566,374.8888888888889
0.0,47,63.5,5452.813312532501,0.0,0.0,0.0,0.0,0.0,0.0,0.0,0,0,0,0,0,0.0018339157104492,0.0,0.0,0.0,0.0,0.0,0.0,0.0,0.0,0.0,0.0,0.0,0.0,0.0,1.0,1.0,5910,585,596,591.0,3.559026084010437,591.0,0.0001837015151977,10,0.0233148048655825,17.44
0.0,47,63.5,286.89594790555145,0.0,0.0,0.0,0.0,0.0,0.0,0.0,0,0,0,0,0,0.034855842590332,0.0,0.0,0.0,0.0,0.0,0.0,0.0,0.0,0.0,0.0,0.0,0.0,0.0,1.0,1.0,5948,591,601,594.8,3.705851229249946,594.8,0.0034869909286499,10,0.0131498355567473,20.64
0.0,47,63.5,1379.296918675392,0.0,0.0,0.0,0.0,0.0,0.0,0.0,0,0,0,0,0,0.0072500705718994,0.0,0.0,0.0,0.0,0.0,0.0,0.0,0.0,0.0,0.0,0.0,0.0,0.0,1.0,1.0,5921,587,595,592.1,2.282785822435191,592.1,0.0007278203964233,10,0.0193866556326271,4.69
0.0,47,63.5,94466.3063063063,0.0,0.0,0.0,0.0,0.0,0.0,0.0,0,0,0,0,0,0.000105857849121,0.0,0.0,0.0,0.0,0.0,0.0,0.0,0.0,0.0,0.0,0.0,0.0,0.0,1.0,1.0,5859,521,640,585.9,40.02346533944529,585.9,1.118183135986328e-05,10,0.1472332788406764,1601.432098765432
0.0,47,63.5,158275.62264150943,0.0,0.0,0.0,0.0,0.0,0.0,0.0,0,0,0,0,0,6.318092346191406e-05,0.0,0.0,0.0,0.0,0.0,0.0,0.0,0.0,0.0,0.0,0.0,0.0,0.0,1.0,1.0,5808,572,598,580.8,10.008884941779367,580.8,6.9141387939453125e-06,10,0.0480959093698832,99.734375
0.0,47,63.5,17667.66638584667,0.0,0.0,0.0,0.0,0.0,0.0,0.0,0,0,0,0,0,0.0005660057067871,0.0,0.0,0.0,0.0,0.0,0.0,0.0,0.0,0.0,0.0,0.0,0.0,0.0,1.0,1.0,5748,571,580,574.8,3.22490309931942,574.8,5.688667297363281e-05,10,0.0470365165265388,16.240000000000002
0.0,47,63.5,131482.88401253917,0.0,0.0,0.0,0.0,0.0,0.0,0.0,0,0,0,0,0,7.605552673339844e-05,0.0,0.0,0.0,0.0,0.0,0.0,0.0,0.0,0.0,0.0,0.0,0.0,0.0,1.0,1.0,5814,576,594,581.4,7.351492667781451,581.4,7.915496826171876e-06,10,0.0401968740531474,72.24
0.0,47,63.5,90982.73318872016,0.0,0.0,0.0,0.0,0.0,0.0,0.0,0,0,0,0,0,0.0001099109649658,0.0,0.0,0.0,0.0,0.0,0.0,0.0,0.0,0.0,0.0,0.0,0.0,0.0,1.0,1.0,5826,562,592,582.6,12.1764800606196,582.6,1.1491775512695311e-05,10,0.066020200917494,139.1875
0.0,47,63.5,60262.988505747126,0.0,0.0,0.0,0.0,0.0,0.0,0.0,0,0,0,0,0,0.0001659393310546,0.0,0.0,0.0,0.0,0.0,0.0,0.0,0.0,0.0,0.0,0.0,0.0,0.0,1.0,1.0,5920,592,592,592.0,0.0,592.0,1.7094612121582032e-05,10,0.0,0.0
0.0,47,63.5,1125.9876510067113,0.0,0.0,0.0,0.0,0.0,0.0,0.0,0,0,0,0,0,0.0088810920715332,0.0,0.0,0.0,0.0,0.0,0.0,0.0,0.0,0.0,0.0,0.0,0.0,0.0,1.0,1.0,5920,592,592,592.0,0.0,592.0,0.0008890151977539,10,0.0,0.0
0.0,47,63.5,114912.43835616438,0.0,0.0,0.0,0.0,0.0,0.0,0.0,0,0,0,0,0,8.702278137207031e-05,0.0,0.0,0.0,0.0,0.0,0.0,0.0,0.0,0.0,0.0,0.0,0.0,0.0,1.0,1.0,5920,592,592,592.0,0.0,592.0,1.1086463928222656e-05,10,0.0,0.0
0.0,47,63.5,5744.048205970967,0.0,0.0,0.0,0.0,0.0,0.0,0.0,0,0,0,0,0,0.0017409324645996,0.0,0.0,0.0,0.0,0.0,0.0,0.0,0.0,0.0,0.0,0.0,0.0,0.0,1.0,1.0,5920,592,592,592.0,0.0,592.0,0.0001744031906127,10,0.0,0.0
0.0,47,63.5,898.2340721704679,0.0,0.0,0.0,0.0,0.0,0.0,0.0,0,0,0,0,0,0.0111329555511474,0.0,0.0,0.0,0.0,0.0,0.0,0.0,0.0,0.0,0.0,0.0,0.0,0.0,1.0,1.0,5920,592,592,592.0,0.0,592.0,0.0011142969131469,10,0.0,0.0
0.0,47,63.5,2757.9589689637032,0.0,0.0,0.0,0.0,0.0,0.0,0.0,0,0,0,0,0,0.0036258697509765,0.0,0.0,0.0,0.0,0.0,0.0,0.0,0.0,0.0,0.0,0.0,0.0,0.0,1.0,1.0,5920,592,592,592.0,0.0,592.0,0.0003896951675415,10,0.0,0.0
0.0,47,63.5,773.5713758760605,0.0,0.0,0.0,0.0,0.0,0.0,0.0,0,0,0,0,0,0.0129270553588867,0.0,0.0,0.0,0.0,0.0,0.0,0.0,0.0,0.0,0.0,0.0,0.0,0.0,1.0,1.0,5920,592,592,592.0,0.0,592.0,0.0013260126113891,10,0.0,0.0
0.0,47,63.5,138884.23841059604,0.0,0.0,0.0,0.0,0.0,0.0,0.0,0,0,0,0,0,7.200241088867188e-05,0.0,0.0,0.0,0.0,0.0,0.0,0.0,0.0,0.0,0.0,0.0,0.0,0.0,1.0,1.0,5962,575,628,596.2,18.286607121059937,596.2,7.700920104980468e-06,10,0.046355532276835,334.3950617283951
0.0,47,63.5,175493.8912133891,0.0,0.0,0.0,0.0,0.0,0.0,0.0,0,0,0,0,0,5.698204040527344e-05,0.0,0.0,0.0,0.0,0.0,0.0,0.0,0.0,0.0,0.0,0.0,0.0,0.0,1.0,1.0,5956,591,599,595.6,3.1692971530679235,595.6,5.984306335449219e-06,10,0.0129312648882738,9.04
0.0,47,63.5,1725.908978684882,0.0,0.0,0.0,0.0,0.0,0.0,0.0,0,0,0,0,0,0.0057940483093261,0.0,0.0,0.0,0.0,0.0,0.0,0.0,0.0,0.0,0.0,0.0,0.0,0.0,1.0,1.0,5929,592,594,592.9,0.7378647873726217,592.9,0.0005797147750854,10,0.0,0.6938775510204082
0.0,47,63.5,2412.460600483148,0.0,0.0,0.0,0.0,0.0,0.0,0.0,0,0,0,0,0,0.0041451454162597,0.0,0.0,0.0,0.0,0.0,0.0,0.0,0.0,0.0,0.0,0.0,0.0,0.0,1.0,1.0,5904,586,595,590.4,3.596294389136314,590.4,0.0004163026809692,10,0.0216258564823585,14.24
0.0,47,63.5,1636.6738205798572,0.0,0.0,0.0,0.0,0.0,0.0,0.0,0,0,0,0,0,0.0061099529266357,0.0,0.0,0.0,0.0,0.0,0.0,0.0,0.0,0.0,0.0,0.0,0.0,0.0,1.0,1.0,5770,470,640,577.0,59.79223286607644,577.0,0.0006124973297119,10,0.2421969139803249,3550.9135802469136
0.0,47,63.5,2797.135045015005,0.0,0.0,0.0,0.0,0.0,0.0,0.0,0,0,0,0,0,0.0035750865936279,0.0,0.0,0.0,0.0,0.0,0.0,0.0,0.0,0.0,0.0,0.0,0.0,0.0,1.0,1.0,5804,562,604,580.4,17.494125998301385,580.4,0.0003582000732421,10,0.0681863971666681,295.1358024691358
0.0,47,63.5,706.2663545893882,0.0,0.0,0.0,0.0,0.0,0.0,0.0,0,0,0,0,0,0.0141589641571044,0.0,0.0,0.0,0.0,0.0,0.0,0.0,0.0,0.0,0.0,0.0,0.0,0.0,1.0,1.0,5809,539,640,580.9,34.872625367184504,580.9,0.0014173984527587,10,0.1144606926695762,2094.96
0.0,47,63.5,1828.459828240115,0.0,0.0,0.0,0.0,0.0,0.0,0.0,0,0,0,0,0,0.0054690837860107,0.0,0.0,0.0,0.0,0.0,0.0,0.0,0.0,0.0,0.0,0.0,0.0,0.0,1.0,1.0,5800,573,592,580.0,6.896053621859067,580.0,0.0005881071090698,10,0.0451237364034005,47.06172839506173
0.0,47,63.5,4422.9716334493305,0.0,0.0,0.0,0.0,0.0,0.0,0.0,0,0,0,0,0,0.0022609233856201,0.0,0.0,0.0,0.0,0.0,0.0,0.0,0.0,0.0,0.0,0.0,0.0,0.0,1.0,1.0,5759,570,583,575.9,5.40473043833928,575.9,0.0002263784408569,10,0.0496286209913618,26.29
0.0,47,63.5,4634.078002430671,0.0,0.0,0.0,0.0,0.0,0.0,0.0,0,0,0,0,0,0.0021579265594482,0.0,0.0,0.0,0.0,0.0,0.0,0.0,0.0,0.0,0.0,0.0,0.0,0.0,1.0,1.0,5788,563,592,578.8,9.647106647418523,578.8,0.0002169132232666,10,0.0632857053638924,87.84
0.0,47,63.5,6997.504170837504,0.0,0.0,0.0,0.0,0.0,0.0,0.0,0,0,0,0,0,0.0014290809631347,0.0,0.0,0.0,0.0,0.0,0.0,0.0,0.0,0.0,0.0,0.0,0.0,0.0,1.0,1.0,5753,526,640,575.3,39.03289211250771,575.3,0.0001435041427612,10,0.1383091089309511,2663.2
0.0,47,63.5,179243.7606837607,0.0,0.0,0.0,0.0,0.0,0.0,0.0,0,0,0,0,0,5.5789947509765625e-05,0.0,0.0,0.0,0.0,0.0,0.0,0.0,0.0,0.0,0.0,0.0,0.0,0.0,1.0,1.0,5823,570,600,582.3,12.728358539541189,582.3,5.984306335449219e-06,10,0.0526119741346674,160.66666666666666
0.0,47,63.5,1784.126930111872,0.0,0.0,0.0,0.0,0.0,0.0,0.0,0,0,0,0,0,0.0056049823760986,0.0,0.0,0.0,0.0,0.0,0.0,0.0,0.0,0.0,0.0,0.0,0.0,0.0,1.0,1.0,5771,571,587,577.1,6.402256546631733,577.1,0.0005616188049316,10,0.0483308432268359,37.77777777777778
0.0,47,63.5,3927.61869088866,0.0,0.0,0.0,0.0,0.0,0.0,0.0,0,0,0,0,0,0.0025460720062255,0.0,0.0,0.0,0.0,0.0,0.0,0.0,0.0,0.0,0.0,0.0,0.0,0.0,1.0,1.0,5813,568,600,581.3,11.66238016491964,581.3,0.0002549886703491,10,0.0555859971839816,134.320987654321
0.0,47,63.5,586.6815867509652,0.0,0.0,0.0,0.0,0.0,0.0,0.0,0,0,0,0,0,0.0170450210571289,0.0,0.0,0.0,0.0,0.0,0.0,0.0,0.0,0.0,0.0,0.0,0.0,0.0,1.0,1.0,5755,470,640,575.5,61.10873732763408,575.5,0.0017050981521606,10,0.242733205237785,5924.0
0.0,47,63.5,170.95743900351346,0.0,0.0,0.0,0.0,0.0,0.0,0.0,0,0,0,0,0,0.0584940910339355,0.0,0.0,0.0,0.0,0.0,0.0,0.0,0.0,0.0,0.0,0.0,0.0,0.0,1.0,1.0,5957,578,628,595.7,15.8117396611224,595.7,0.0058546066284179,10,0.0402349802683548,289.6734693877551
0.0,47,63.5,68985.26315789473,0.0,0.0,0.0,0.0,0.0,0.0,0.0,0,0,0,0,0,0.0001449584960937,0.0,0.0,0.0,0.0,0.0,0.0,0.0,0.0,0.0,0.0,0.0,0.0,0.0,1.0,1.0,5856,578,596,585.6,6.345602151621756,585.6,1.4901161193847656e-05,10,0.0363788544924846,64.8
0.0,47,63.5,250.27024124207148,0.0,0.0,0.0,0.0,0.0,0.0,0.0,0,0,0,0,0,0.0399568080902099,0.0,0.0,0.0,0.0,0.0,0.0,0.0,0.0,0.0,0.0,0.0,0.0,0.0,1.0,1.0,5914,561,607,591.4,12.738393409950357,591.4,0.0040742874145507,10,0.0679532319394773,146.04
0.0,47,63.5,939.4790010079516,0.0,0.0,0.0,0.0,0.0,0.0,0.0,0,0,0,0,0,0.0106441974639892,0.0,0.0,0.0,0.0,0.0,0.0,0.0,0.0,0.0,0.0,0.0,0.0,0.0,1.0,1.0,5739,470,640,573.9,60.58135026557266,573.9,0.0010655164718627,10,0.2425183688441836,5785.76
0.0,47,63.5,60176.52797704448,0.0,0.0,0.0,0.0,0.0,0.0,0.0,0,0,0,0,0,0.0001661777496337,0.0,0.0,0.0,0.0,0.0,0.0,0.0,0.0,0.0,0.0,0.0,0.0,0.0,1.0,1.0,5828,571,616,582.8,14.43606594609487,582.8,1.749992370605469e-05,10,0.0516034958238012,232.6875
0.0,47,63.5,2781.553153392135,0.0,0.0,0.0,0.0,0.0,0.0,0.0,0,0,0,0,0,0.0035951137542724,0.0,0.0,0.0,0.0,0.0,0.0,0.0,0.0,0.0,0.0,0.0,0.0,0.0,1.0,1.0,5887,580,607,588.7,8.60297106301719,588.7,0.0003603935241699,10,0.0338901562922307,66.61
0.0,47,63.5,107546.2564102564,0.0,0.0,0.0,0.0,0.0,0.0,0.0,0,0,0,0,0,9.298324584960938e-05,0.0,0.0,0.0,0.0,0.0,0.0,0.0,0.0,0.0,0.0,0.0,0.0,0.0,1.0,1.0,5832,565,607,583.2,13.44784162772764,583.2,9.79900360107422e-06,10,0.0614257127654711,441.0
0.0,47,63.5,9804.357176250584,0.0,0.0,0.0,0.0,0.0,0.0,0.0,0,0,0,0,0,0.0010199546813964,0.0,0.0,0.0,0.0,0.0,0.0,0.0,0.0,0.0,0.0,0.0,0.0,0.0,1.0,1.0,5901,573,592,590.1,6.008327554319919,590.1,0.0001024961471557,10,0.0447621123125277,90.25
0.0,47,63.5,98922.2641509434,0.0,0.0,0.0,0.0,0.0,0.0,0.0,0,0,0,0,0,0.000101089477539,0.0,0.0,0.0,0.0,0.0,0.0,0.0,0.0,0.0,0.0,0.0,0.0,0.0,1.0,1.0,5920,592,592,592.0,0.0,592.0,1.0609626770019531e-05,10,0.0,0.0
0.0,47,63.5,3170.537455589992,0.0,0.0,0.0,0.0,0.0,0.0,0.0,0,0,0,0,0,0.0031540393829345,0.0,0.0,0.0,0.0,0.0,0.0,0.0,0.0,0.0,0.0,0.0,0.0,0.0,1.0,1.0,5920,592,592,592.0,0.0,592.0,0.0003161907196044,10,0.0,0.0
0.0,47,63.5,104077.0223325062,0.0,0.0,0.0,0.0,0.0,0.0,0.0,0,0,0,0,0,9.608268737792967e-05,0.0,0.0,0.0,0.0,0.0,0.0,0.0,0.0,0.0,0.0,0.0,0.0,0.0,1.0,1.0,5920,592,592,592.0,0.0,592.0,1.0204315185546874e-05,10,0.0,0.0
0.0,47,63.5,65331.83800623053,0.0,0.0,0.0,0.0,0.0,0.0,0.0,0,0,0,0,0,0.0001530647277832,0.0,0.0,0.0,0.0,0.0,0.0,0.0,0.0,0.0,0.0,0.0,0.0,0.0,1.0,1.0,5721,470,640,572.1,59.0544946073822,572.1,1.590251922607422e-05,10,0.2418963889232632,5999.04
0.0,47,63.5,90785.80086580086,0.0,0.0,0.0,0.0,0.0,0.0,0.0,0,0,0,0,0,0.0001101493835449,0.0,0.0,0.0,0.0,0.0,0.0,0.0,0.0,0.0,0.0,0.0,0.0,0.0,1.0,1.0,5773,569,589,577.3,7.703534542302282,577.3,1.220703125e-05,10,0.0522691918311522,58.44444444444444
0.0,47,63.5,103307.9802955665,0.0,0.0,0.0,0.0,0.0,0.0,0.0,0,0,0,0,0,9.679794311523438e-05,0.0,0.0,0.0,0.0,0.0,0.0,0.0,0.0,0.0,0.0,0.0,0.0,0.0,1.0,1.0,5890,563,605,589.0,15.705625319186328,589.0,1.018047332763672e-05,10,0.0657537035300237,246.5432098765432
0.0,47,63.5,105120.40100250626,0.0,0.0,0.0,0.0,0.0,0.0,0.0,0,0,0,0,0,9.512901306152344e-05,0.0,0.0,0.0,0.0,0.0,0.0,0.0,0.0,0.0,0.0,0.0,0.0,0.0,1.0,1.0,5748,566,588,574.8,7.656515018088989,574.8,1.0013580322265623e-05,10,0.0573624279577688,121.0
0.0,47,63.5,93414.3429844098,0.0,0.0,0.0,0.0,0.0,0.0,0.0,0,0,0,0,0,0.0001070499420166,0.0,0.0,0.0,0.0,0.0,0.0,0.0,0.0,0.0,0.0,0.0,0.0,0.0,1.0,1.0,5676,470,640,567.6,58.83914041218178,567.6,1.1301040649414062e-05,10,0.2418086622383063,5896.64
0.0,47,63.5,103054.15233415231,0.0,0.0,0.0,0.0,0.0,0.0,0.0,0,0,0,0,0,9.703636169433594e-05,0.0,0.0,0.0,0.0,0.0,0.0,0.0,0.0,0.0,0.0,0.0,0.0,0.0,1.0,1.0,5686,541,598,568.6,18.786519989964432,568.6,1.0204315185546874e-05,10,0.1044995967831119,519.8399999999999
0.0,47,63.5,105384.52261306532,0.0,0.0,0.0,0.0,0.0,0.0,0.0,0,0,0,0,0,9.489059448242188e-05,0.0,0.0,0.0,0.0,0.0,0.0,0.0,0.0,0.0,0.0,0.0,0.0,0.0,1.0,1.0,5799,570,588,579.9,6.522610247779983,579.9,9.989738464355468e-06,10,0.0500840005105356,38.29
0.0,47,63.5,104077.0223325062,0.0,0.0,0.0,0.0,0.0,0.0,0.0,0,0,0,0,0,9.608268737792967e-05,0.0,0.0,0.0,0.0,0.0,0.0,0.0,0.0,0.0,0.0,0.0,0.0,0.0,1.0,1.0,5788,567,599,578.8,13.248060654718904,578.8,1.0204315185546874e-05,10,0.0579360699883063,178.12244897959184
0.0,47,63.5,96199.63302752294,0.0,0.0,0.0,0.0,0.0,0.0,0.0,0,0,0,0,0,0.0001039505004882,0.0,0.0,0.0,0.0,0.0,0.0,0.0,0.0,0.0,0.0,0.0,0.0,0.0,1.0,1.0,5873,567,595,587.3,10.739853092312035,587.3,1.0895729064941409e-05,10,0.0569143265556842,196.0
0.0,47,63.5,101067.56626506025,0.0,0.0,0.0,0.0,0.0,0.0,0.0,0,0,0,0,0,9.894371032714844e-05,0.0,0.0,0.0,0.0,0.0,0.0,0.0,0.0,0.0,0.0,0.0,0.0,0.0,1.0,1.0,5920,592,592,592.0,0.0,592.0,1.0395050048828124e-05,10,0.0,0.0
0.0,47,63.5,83385.76540755467,0.0,0.0,0.0,0.0,0.0,0.0,0.0,0,0,0,0,0,0.000119924545288,0.0,0.0,0.0,0.0,0.0,0.0,0.0,0.0,0.0,0.0,0.0,0.0,0.0,1.0,1.0,5920,592,592,592.0,0.0,592.0,1.2493133544921876e-05,10,0.0,0.0
0.0,47,63.5,76260.07272727272,0.0,0.0,0.0,0.0,0.0,0.0,0.0,0,0,0,0,0,0.0001311302185058,0.0,0.0,0.0,0.0,0.0,0.0,0.0,0.0,0.0,0.0,0.0,0.0,0.0,1.0,1.0,5920,592,592,592.0,0.0,592.0,1.392364501953125e-05,10,0.0,0.0
0.0,47,63.5,1057.085538585614,0.0,0.0,0.0,0.0,0.0,0.0,0.0,0,0,0,0,0,0.0094599723815917,0.0,0.0,0.0,0.0,0.0,0.0,0.0,0.0,0.0,0.0,0.0,0.0,0.0,1.0,1.0,5901,543,628,590.1,28.6877829204156,590.1,0.0009467840194702,10,0.1051247152504605,813.2098765432098
0.0,47,63.5,1287.3071020809036,0.0,0.0,0.0,0.0,0.0,0.0,0.0,0,0,0,0,0,0.0077681541442871,0.0,0.0,0.0,0.0,0.0,0.0,0.0,0.0,0.0,0.0,0.0,0.0,0.0,1.0,1.0,5947,590,599,594.7,3.16403399335581,594.7,0.0007774114608764,10,0.0146332508875335,11.76
0.0,47,63.5,9709.037037037036,0.0,0.0,0.0,0.0,0.0,0.0,0.0,0,0,0,0,0,0.0010299682617187,0.0,0.0,0.0,0.0,0.0,0.0,0.0,0.0,0.0,0.0,0.0,0.0,0.0,1.0,1.0,5948,590,598,594.8,3.1198290551460244,594.8,0.0001036882400512,10,0.0146152435639044,16.0
0.0,47,63.5,6341.5542788025405,0.0,0.0,0.0,0.0,0.0,0.0,0.0,0,0,0,0,0,0.0015769004821777,0.0,0.0,0.0,0.0,0.0,0.0,0.0,0.0,0.0,0.0,0.0,0.0,0.0,1.0,1.0,5922,585,600,592.2,5.391351098441528,592.2,0.0001596927642822,10,0.0240612207834611,46.96
0.0,47,63.5,4200.184257961146,0.0,0.0,0.0,0.0,0.0,0.0,0.0,0,0,0,0,0,0.0023808479309082,0.0,0.0,0.0,0.0,0.0,0.0,0.0,0.0,0.0,0.0,0.0,0.0,0.0,1.0,1.0,5947,562,628,594.7,22.25633492838487,594.7,0.0002398014068603,10,0.0701263305964269,491.3333333333333
0.0,47,63.5,1304.280116922694,0.0,0.0,0.0,0.0,0.0,0.0,0.0,0,0,0,0,0,0.007667064666748,0.0,0.0,0.0,0.0,0.0,0.0,0.0,0.0,0.0,0.0,0.0,0.0,0.0,1.0,1.0,5908,585,597,590.8,3.794733192202056,590.8,0.000767707824707,10,0.0234108225131754,16.0
0.0,47,63.5,406.1768494039491,0.0,0.0,0.0,0.0,0.0,0.0,0.0,0,0,0,0,0,0.0246198177337646,0.0,0.0,0.0,0.0,0.0,0.0,0.0,0.0,0.0,0.0,0.0,0.0,0.0,1.0,1.0,5924,585,599,592.4,3.3399933466334266,592.4,0.0024627923965454,10,0.0232255796896846,16.0
0.0,47,63.5,125203.10447761194,0.0,0.0,0.0,0.0,0.0,0.0,0.0,0,0,0,0,0,7.987022399902344e-05,0.0,0.0,0.0,0.0,0.0,0.0,0.0,0.0,0.0,0.0,0.0,0.0,0.0,1.0,1.0,5924,588,599,592.4,3.238655413730965,592.4,8.606910705566407e-06,10,0.0180719086693373,16.6875
0.0,47,63.5,140748.45637583893,0.0,0.0,0.0,0.0,0.0,0.0,0.0,0,0,0,0,0,7.104873657226562e-05,0.0,0.0,0.0,0.0,0.0,0.0,0.0,0.0,0.0,0.0,0.0,0.0,0.0,1.0,1.0,5915,586,595,591.5,3.100179206289712,591.5,7.414817810058594e-06,10,0.0214237590014741,16.8
0.0,47,63.5,181571.60173160167,0.0,0.0,0.0,0.0,0.0,0.0,0.0,0,0,0,0,0,5.507469177246094e-05,0.0,0.0,0.0,0.0,0.0,0.0,0.0,0.0,0.0,0.0,0.0,0.0,0.0,1.0,1.0,5920,592,592,592.0,0.0,592.0,5.888938903808594e-06,10,0.0,0.0
0.0,47,63.5,179243.7606837607,0.0,0.0,0.0,0.0,0.0,0.0,0.0,0,0,0,0,0,5.5789947509765625e-05,0.0,0.0,0.0,0.0,0.0,0.0,0.0,0.0,0.0,0.0,0.0,0.0,0.0,1.0,1.0,5920,592,592,592.0,0.0,592.0,5.888938903808594e-06,10,0.0,0.0
0.0,47,63.5,181571.60173160167,0.0,0.0,0.0,0.0,0.0,0.0,0.0,0,0,0,0,0,5.507469177246094e-05,0.0,0.0,0.0,0.0,0.0,0.0,0.0,0.0,0.0,0.0,0.0,0.0,0.0,1.0,1.0,5920,592,592,592.0,0.0,592.0,5.817413330078125e-06,10,0.0,0.0
0.0,47,63.5,137068.75816993465,0.0,0.0,0.0,0.0,0.0,0.0,0.0,0,0,0,0,0,7.295608520507812e-05,0.0,0.0,0.0,0.0,0.0,0.0,0.0,0.0,0.0,0.0,0.0,0.0,0.0,1.0,1.0,5945,567,628,594.5,20.51693067796556,594.5,7.581710815429688e-06,10,0.0608971168809761,420.9135802469136
0.0,47,63.5,10843.598759048604,0.0,0.0,0.0,0.0,0.0,0.0,0.0,0,0,0,0,0,0.0009222030639648,0.0,0.0,0.0,0.0,0.0,0.0,0.0,0.0,0.0,0.0,0.0,0.0,0.0,1.0,1.0,5931,590,597,593.1,2.998147576235848,593.1,9.272098541259764e-05,10,0.0145656753966555,10.16
0.0,47,63.5,2006.0761431031185,0.0,0.0,0.0,0.0,0.0,0.0,0.0,0,0,0,0,0,0.0049848556518554,0.0,0.0,0.0,0.0,0.0,0.0,0.0,0.0,0.0,0.0,0.0,0.0,0.0,1.0,1.0,5919,588,594,591.9,2.2335820757001272,591.9,0.0004989862442016,10,0.0176624819943571,5.918367346938775
0.0,47,63.5,360.8034477715937,0.0,0.0,0.0,0.0,0.0,0.0,0.0,0,0,0,0,0,0.0277159214019775,0.0,0.0,0.0,0.0,0.0,0.0,0.0,0.0,0.0,0.0,0.0,0.1,0.0,1.0,1.0,5929,585,604,592.9,6.607235091591304,592.9,0.0027729034423828,10,0.0245565232869106,47.984375
0.0,47,63.5,126716.1329305136,0.0,0.0,0.0,0.0,0.0,0.0,0.0,0,0,0,0,0,7.891654968261719e-05,0.0,0.0,0.0,0.0,0.0,0.0,0.0,0.0,0.0,0.0,0.0,0.0,0.0,1.0,1.0,5930,556,628,593.0,24.09241466612353,593.0,9.894371032714844e-06,10,0.081099056038392,522.4
0.0,47,63.5,169125.16129032258,0.0,0.0,0.0,0.0,0.0,0.0,0.0,0,0,0,0,0,5.91278076171875e-05,0.0,0.0,0.0,0.0,0.0,0.0,0.0,0.0,0.0,0.0,0.0,0.0,0.0,1.0,1.0,5932,588,599,593.2,4.391911757866828,593.2,7.009506225585937e-06,10,0.0185416991736845,17.36
0.0,47,63.5,172605.10288065844,0.0,0.0,0.0,0.0,0.0,0.0,0.0,0,0,0,0,0,5.793571472167969e-05,0.0,0.0,0.0,0.0,0.0,0.0,0.0,0.0,0.0,0.0,0.0,0.0,0.0,1.0,1.0,5940,592,595,594.0,1.3333333333333333,594.0,6.890296936035156e-06,10,0.0104792366666667,2.25
0.0,47,63.5,45839.38797814208,0.0,0.0,0.0,0.0,0.0,0.0,0.0,0,0,0,0,0,0.0002181529998779,0.0,0.0,0.0,0.0,0.0,0.0,0.0,0.0,0.0,0.0,0.0,0.0,0.0,1.0,1.0,5914,588,594,591.4,2.065591117977289,591.4,2.2912025451660155e-05,10,0.0175940491978191,4.75
0.0,47,63.5,24936.40903686088,0.0,0.0,0.0,0.0,0.0,0.0,0.0,0,0,0,0,0,0.0004010200500488,0.0,0.0,0.0,0.0,0.0,0.0,0.0,0.0,0.0,0.0,0.0,0.0,0.0,1.0,1.0,5794,470,640,579.4,60.44133978954765,579.4,0.0001028060913085,10,0.2424613341766701,3287.84
0.0,47,63.5,44243.71308016877,0.0,0.0,0.0,0.0,0.0,0.0,0.0,0,0,0,0,0,0.0002260208129882,0.0,0.0,0.0,0.0,0.0,0.0,0.0,0.0,0.0,0.0,0.0,0.0,0.0,1.0,1.0,5844,558,608,584.4,16.71459774501851,584.4,0.0010687828063964,10,0.0746853685374108,625.0
0.0,47,63.5,110960.42328042327,0.0,0.0,0.0,0.0,0.0,0.0,0.0,0,0,0,0,0,9.012222290039062e-05,0.0,0.0,0.0,0.0,0.0,0.0,0.0,0.0,0.0,0.0,0.0,0.0,0.0,1.0,1.0,5858,578,598,585.8,7.130529043797834,585.8,1.0514259338378908e-05,10,0.0366986023112814,66.8888888888889
0.0,47,63.5,1863.6381409401936,0.0,0.0,0.0,0.0,0.0,0.0,0.0,0,0,0,0,0,0.0053658485412597,0.0,0.0,0.0,0.0,0.0,0.0,0.0,0.0,0.0,0.0,0.0,0.0,0.0,1.0,1.0,5812,568,610,581.2,15.56920036482285,581.2,0.0005380868911743,10,0.0571774794606142,220.88888888888889
0.0,47,63.5,472.5923088190556,0.0,0.0,0.0,0.0,0.0,0.0,0.0,0,0,0,0,0,0.0211598873138427,0.0,0.0,0.0,0.0,0.0,0.0,0.0,0.0,0.0,0.0,0.0,0.0,0.0,1.0,1.0,5818,570,592,581.8,9.390302326218135,581.8,0.0021188974380493,10,0.0512521835556081,79.36
0.0,47,63.5,147168.56140350876,0.0,0.0,0.0,0.0,0.0,0.0,0.0,0,0,0,0,0,6.794929504394531e-05,0.0,0.0,0.0,0.0,0.0,0.0,0.0,0.0,0.0,0.0,0.0,0.0,0.0,1.0,1.0,5920,592,592,592.0,0.0,592.0,0.0001543998718261,10,0.0,0.0
0.0,47,63.5,20126.218809980805,0.0,0.0,0.0,0.0,0.0,0.0,0.0,0,0,0,0,0,0.0004968643188476,0.0,0.0,0.0,0.0,0.0,0.0,0.0,0.0,0.0,0.0,0.0,0.0,0.0,1.0,1.0,5920,592,592,592.0,0.0,592.0,5.049705505371094e-05,10,0.0,0.0
0.0,47,63.5,627.7112797258264,0.0,0.0,0.0,0.0,0.0,0.0,0.0,0,0,0,0,0,0.0159308910369873,0.0,0.0,0.0,0.0,0.0,0.0,0.0,0.0,0.0,0.0,0.0,0.0,0.0,1.0,1.0,5920,592,592,592.0,0.0,592.0,0.0026678085327148,10,0.0,0.0
0.0,47,63.5,169809.87854251012,0.0,0.0,0.0,0.0,0.0,0.0,0.0,0,0,0,0,0,5.888938903808594e-05,0.0,0.0,0.0,0.0,0.0,0.0,0.0,0.0,0.0,0.0,0.0,0.0,0.0,1.0,1.0,5904,548,628,590.4,26.74654702532231,590.4,6.794929504394531e-06,10,0.0958132833962352,643.84
0.0,47,63.5,145131.62629757787,0.0,0.0,0.0,0.0,0.0,0.0,0.0,0,0,0,0,0,6.890296936035156e-05,0.0,0.0,0.0,0.0,0.0,0.0,0.0,0.0,0.0,0.0,0.0,0.0,0.0,1.0,1.0,5950,590,600,595.0,3.771236166328253,595.0,7.796287536621094e-06,10,0.0148806007647155,16.88888888888889
0.0,47,63.5,15899.56027293404,0.0,0.0,0.0,0.0,0.0,0.0,0.0,0,0,0,0,0,0.0006289482116699,0.0,0.0,0.0,0.0,0.0,0.0,0.0,0.0,0.0,0.0,0.0,0.0,0.0,1.0,1.0,5904,582,594,590.4,4.6951511631090685,590.4,6.43014907836914e-05,10,0.0288900067778041,25.0
0.0,47,63.5,195995.5140186916,0.0,0.0,0.0,0.0,0.0,0.0,0.0,0,0,0,0,0,5.1021575927734375e-05,0.0,0.0,0.0,0.0,0.0,0.0,0.0,0.0,0.0,0.0,0.0,0.0,0.0,1.0,1.0,5928,591,598,592.8,2.780887148615228,592.8,5.91278076171875e-06,10,0.0127730421888599,7.6875
0.0,47,63.5,171897.70491803277,0.0,0.0,0.0,0.0,0.0,0.0,0.0,0,0,0,0,0,5.817413330078125e-05,0.0,0.0,0.0,0.0,0.0,0.0,0.0,0.0,0.0,0.0,0.0,0.0,0.0,1.0,1.0,5842,507,640,584.2,45.32548951748895,584.2,6.604194641113281e-06,10,0.1732509314098443,1848.9600000000005
0.0,47,63.5,203606.99029126213,0.0,0.0,0.0,0.0,0.0,0.0,0.0,0,0,0,0,0,4.911422729492188e-05,0.0,0.0,0.0,0.0,0.0,0.0,0.0,0.0,0.0,0.0,0.0,0.0,0.0,1.0,1.0,5796,571,587,579.6,6.310485101972923,579.6,5.793571472167969e-06,10,0.0482934592111397,35.84
0.0,47,63.5,15482.849760059062,0.0,0.0,0.0,0.0,0.0,0.0,0.0,0,0,0,0,0,0.0006458759307861,0.0,0.0,0.0,0.0,0.0,0.0,0.0,0.0,0.0,0.0,0.0,0.0,0.0,1.0,1.0,5738,558,582,573.8,9.390302326218135,573.8,6.549358367919922e-05,10,0.0717017435556082,104.0
0.0,47,63.5,99156.12293144208,0.0,0.0,0.0,0.0,0.0,0.0,0.0,0,0,0,0,0,0.0001008510589599,0.0,0.0,0.0,0.0,0.0,0.0,0.0,0.0,0.0,0.0,0.0,0.0,0.0,1.0,1.0,5846,572,593,584.6,8.126773310757747,584.6,1.3399124145507811e-05,10,0.0473292123758703,59.44
0.0,47,63.5,76398.97996357013,0.0,0.0,0.0,0.0,0.0,0.0,0.0,0,0,0,0,0,0.0001308917999267,0.0,0.0,0.0,0.0,0.0,0.0,0.0,0.0,0.0,0.0,0.0,0.0,0.0,1.0,1.0,5892,575,595,589.2,7.583608053631933,589.2,1.5401840209960936e-05,10,0.0419955585767275,77.55555555555556
0.0,47,63.5,280.2630031538996,0.0,0.0,0.0,0.0,0.0,0.0,0.0,0,0,0,0,0,0.0356807708740234,0.0,0.0,0.0,0.0,0.0,0.0,0.0,0.0,0.0,0.0,0.0,0.0,0.0,1.0,1.0,5920,592,592,592.0,0.0,592.0,0.0037653923034667,10,0.0,0.0
0.0,47,63.5,10572.987143937484,0.0,0.0,0.0,0.0,0.0,0.0,0.0,0,0,0,0,0,0.0009458065032958,0.0,0.0,0.0,0.0,0.0,0.0,0.0,0.0,0.0,0.0,0.0,0.0,0.0,1.0,1.0,5920,592,592,592.0,0.0,592.0,9.670257568359376e-05,10,0.0,0.0
0.0,47,63.5,26529.43706514864,0.0,0.0,0.0,0.0,0.0,0.0,0.0,0,0,0,0,0,0.0003769397735595,0.0,0.0,0.0,0.0,0.0,0.0,0.0,0.0,0.0,0.0,0.0,0.0,0.0,1.0,1.0,5920,592,592,592.0,0.0,592.0,0.0011129140853881,10,0.0,0.0
0.0,47,63.5,2172.426581032786,0.0,0.0,0.0,0.0,0.0,0.0,0.0,0,0,0,0,0,0.0046031475067138,0.0,0.0,0.0,0.0,0.0,0.0,0.0,0.0,0.0,0.0,0.0,0.0,0.0,1.0,1.0,5908,589,592,590.8,1.5491933384829668,590.8,0.0004626035690307,10,0.0156795593983643,2.16
0.0,47,63.5,81442.79611650485,0.0,0.0,0.0,0.0,0.0,0.0,0.0,0,0,0,0,0,0.0001227855682373,0.0,0.0,0.0,0.0,0.0,0.0,0.0,0.0,0.0,0.0,0.0,0.0,0.0,1.0,1.0,5890,589,589,589.0,0.0,589.0,1.4281272888183592e-05,10,0.0,0.0
0.0,47,63.5,103054.15233415231,0.0,0.0,0.0,0.0,0.0,0.0,0.0,0,0,0,0,0,9.703636169433594e-05,0.0,0.0,0.0,0.0,0.0,0.0,0.0,0.0,0.0,0.0,0.0,0.0,0.0,1.0,1.0,5890,589,589,589.0,0.0,589.0,1.220703125e-05,10,0.0,0.0
0.0,47,63.5,9754.19534883721,0.0,0.0,0.0,0.0,0.0,0.0,0.0,0,0,0,0,0,0.0010251998901367,0.0,0.0,0.0,0.0,0.0,0.0,0.0,0.0,0.0,0.0,0.0,0.0,0.0,1.0,1.0,5890,589,589,589.0,0.0,589.0,0.0001037120819091,10,0.0,0.0
0.0,47,63.5,138884.23841059604,0.0,0.0,0.0,0.0,0.0,0.0,0.0,0,0,0,0,0,7.200241088867188e-05,0.0,0.0,0.0,0.0,0.0,0.0,0.0,0.0,0.0,0.0,0.0,0.0,0.0,1.0,1.0,5902,589,592,590.2,1.5491933384829668,590.2,8.296966552734374e-06,10,0.0156795593983643,2.16
0.0,47,63.5,140748.45637583893,0.0,0.0,0.0,0.0,0.0,0.0,0.0,0,0,0,0,0,7.104873657226562e-05,0.0,0.0,0.0,0.0,0.0,0.0,0.0,0.0,0.0,0.0,0.0,0.0,0.0,1.0,1.0,5920,592,592,592.0,0.0,592.0,8.296966552734374e-06,10,0.0,0.0
0.0,47,63.5,138884.23841059604,0.0,0.0,0.0,0.0,0.0,0.0,0.0,0,0,0,0,0,7.200241088867188e-05,0.0,0.0,0.0,0.0,0.0,0.0,0.0,0.0,0.0,0.0,0.0,0.0,0.0,1.0,1.0,5920,592,592,592.0,0.0,592.0,8.487701416015625e-06,10,0.0,0.0
0.0,47,63.5,156503.8805970149,0.0,0.0,0.0,0.0,0.0,0.0,0.0,0,0,0,0,0,6.389617919921875e-05,0.0,0.0,0.0,0.0,0.0,0.0,0.0,0.0,0.0,0.0,0.0,0.0,0.0,1.0,1.0,5920,592,592,592.0,0.0,592.0,7.700920104980468e-06,10,0.0,0.0
0.0,47,63.5,138884.23841059604,0.0,0.0,0.0,0.0,0.0,0.0,0.0,0,0,0,0,0,7.200241088867188e-05,0.0,0.0,0.0,0.0,0.0,0.0,0.0,0.0,0.0,0.0,0.0,0.0,0.0,1.0,1.0,5950,571,628,595.0,19.39071942966532,595.0,8.296966552734374e-06,10,0.0536218234668685,338.4
0.0,47,63.5,140748.45637583893,0.0,0.0,0.0,0.0,0.0,0.0,0.0,0,0,0,0,0,7.104873657226562e-05,0.0,0.0,0.0,0.0,0.0,0.0,0.0,0.0,0.0,0.0,0.0,0.0,0.0,1.0,1.0,5908,585,594,590.8,3.489667287547307,590.8,8.320808410644531e-06,10,0.0232865508662552,18.0
0.0,47,63.5,145.54964083700594,0.0,0.0,0.0,0.0,0.0,0.0,0.0,0,0,0,0,0,0.0687050819396972,0.0,0.0,0.0,0.0,0.0,0.0,0.0,0.0,0.0,0.0,0.0,0.0,0.0,1.0,1.0,5914,589,595,591.4,2.716206504995115,591.4,0.0068717956542968,10,0.0161549538818747,6.640000000000001
0.0,47,63.5,65331.83800623053,0.0,0.0,0.0,0.0,0.0,0.0,0.0,0,0,0,0,0,0.0001530647277832,0.0,0.0,0.0,0.0,0.0,0.0,0.0,0.0,0.0,0.0,0.0,0.0,0.0,1.0,1.0,5938,591,595,593.8,1.5491933384829668,593.8,2.0194053649902344e-05,10,0.0122712993983645,2.16
0.0,47,63.5,348.9176351188347,0.0,0.0,0.0,0.0,0.0,0.0,0.0,0,0,0,0,0,0.0286600589752197,0.0,0.0,0.0,0.0,0.0,0.0,0.0,0.0,0.0,0.0,0.0,0.0,0.0,1.0,1.0,5758,470,640,575.8,59.462032704351216,575.8,0.0028685092926025,10,0.2420624036424445,3182.16
0.0,47,63.5,92589.49227373068,0.0,0.0,0.0,0.0,0.0,0.0,0.0,0,0,0,0,0,0.000108003616333,0.0,0.0,0.0,0.0,0.0,0.0,0.0,0.0,0.0,0.0,0.0,0.0,0.0,1.0,1.0,5870,564,619,587.0,20.45048220023729,587.0,0.0003196001052856,10,0.0659824384290886,376.4
0.0,47,63.5,155922.08178438662,0.0,0.0,0.0,0.0,0.0,0.0,0.0,0,0,0,0,0,6.413459777832031e-05,0.0,0.0,0.0,0.0,0.0,0.0,0.0,0.0,0.0,0.0,0.0,0.0,0.0,1.0,1.0,5826,558,607,582.6,17.28968864188518,582.6,7.295608520507813e-06,10,0.0749196375651584,332.6875
0.0,47,63.5,178481.02127659574,0.0,0.0,0.0,0.0,0.0,0.0,0.0,0,0,0,0,0,5.602836608886719e-05,0.0,0.0,0.0,0.0,0.0,0.0,0.0,0.0,0.0,0.0,0.0,0.0,0.0,1.0,1.0,5826,567,597,582.6,10.80329167944248,582.6,6.604194641113281e-06,10,0.0569401688985377,158.0
0.0,47,63.5,134865.08038585208,0.0,0.0,0.0,0.0,0.0,0.0,0.0,0,0,0,0,0,7.414817810058594e-05,0.0,0.0,0.0,0.0,0.0,0.0,0.0,0.0,0.0,0.0,0.0,0.0,0.0,1.0,1.0,5734,470,640,573.4,59.57478959724118,573.4,8.296966552734374e-06,10,0.2421083362903321,3194.24
0.0,47,63.5,421.9579279886521,0.0,0.0,0.0,0.0,0.0,0.0,0.0,0,0,0,0,0,0.0236990451812744,0.0,0.0,0.0,0.0,0.0,0.0,0.0,0.0,0.0,0.0,0.0,0.0,0.0,1.0,1.0,5912,575,601,591.2,9.150591966279192,591.2,0.0023706912994384,10,0.0426338851433835,100.0
0.0,47,63.5,2481.983549322445,0.0,0.0,0.0,0.0,0.0,0.0,0.0,0,0,0,0,0,0.0040290355682373,0.0,0.0,0.0,0.0,0.0,0.0,0.0,0.0,0.0,0.0,0.0,0.0,0.0,1.0,1.0,5866,578,599,586.6,8.126773310757747,586.6,0.0004053115844726,10,0.0371044323758702,67.55555555555556
0.0,47,63.5,154202.35294117648,0.0,0.0,0.0,0.0,0.0,0.0,0.0,0,0,0,0,0,6.4849853515625e-05,0.0,0.0,0.0,0.0,0.0,0.0,0.0,0.0,0.0,0.0,0.0,0.0,0.0,1.0,1.0,5812,566,590,581.2,8.495750571772794,581.2,7.581710815429688e-06,10,0.0577042989529174,78.75
0.0,47,63.5,13680.052185257664,0.0,0.0,0.0,0.0,0.0,0.0,0.0,0,0,0,0,0,0.0007309913635253,0.0,0.0,0.0,0.0,0.0,0.0,0.0,0.0,0.0,0.0,0.0,0.0,0.0,1.0,1.0,5880,574,605,588.0,11.907047399661169,588.0,7.4005126953125e-05,10,0.0454608848287259,240.25
0.0,47,63.5,63646.49468892261,0.0,0.0,0.0,0.0,0.0,0.0,0.0,0,0,0,0,0,0.0001571178436279,0.0,0.0,0.0,0.0,0.0,0.0,0.0,0.0,0.0,0.0,0.0,0.0,0.0,1.0,1.0,5920,592,592,592.0,0.0,592.0,1.7309188842773436e-05,10,0.0,0.0
0.0,47,63.5,67978.99513776337,0.0,0.0,0.0,0.0,0.0,0.0,0.0,0,0,0,0,0,0.0001471042633056,0.0,0.0,0.0,0.0,0.0,0.0,0.0,0.0,0.0,0.0,0.0,0.0,0.0,1.0,1.0,5920,592,592,592.0,0.0,592.0,1.7094612121582032e-05,10,0.0,0.0
0.0,47,63.5,70969.61082910321,0.0,0.0,0.0,0.0,0.0,0.0,0.0,0,0,0,0,0,0.000140905380249,0.0,0.0,0.0,0.0,0.0,0.0,0.0,0.0,0.0,0.0,0.0,0.0,0.0,1.0,1.0,5920,592,592,592.0,0.0,592.0,1.6498565673828126e-05,10,0.0,0.0
0.0,47,63.5,1765.5766964135375,0.0,0.0,0.0,0.0,0.0,0.0,0.0,0,0,0,0,0,0.0056638717651367,0.0,0.0,0.0,0.0,0.0,0.0,0.0,0.0,0.0,0.0,0.0,0.0,0.0,1.0,1.0,5920,592,592,592.0,0.0,592.0,0.0005687952041625,10,0.0,0.0
0.0,47,63.5,1589.2933196923193,0.0,0.0,0.0,0.0,0.0,0.0,0.0,0,0,0,0,0,0.0062921047210693,0.0,0.0,0.0,0.0,0.0,0.0,0.0,0.0,0.0,0.0,0.0,0.0,0.0,1.0,1.0,5920,592,592,592.0,0.0,592.0,0.000631308555603,10,0.0,0.0
0.0,47,63.5,3403.638724336606,0.0,0.0,0.0,0.0,0.0,0.0,0.0,0,0,0,0,0,0.0029380321502685,0.0,0.0,0.0,0.0,0.0,0.0,0.0,0.0,0.0,0.0,0.0,0.0,0.0,1.0,1.0,5920,592,592,592.0,0.0,592.0,0.0003457069396972,10,0.0,0.0
0.0,47,63.5,8169.661082976237,0.0,0.0,0.0,0.0,0.0,0.0,0.0,0,0,0,0,0,0.0012240409851074,0.0,0.0,0.0,0.0,0.0,0.0,0.0,0.0,0.0,0.0,0.0,0.0,0.0,1.0,1.0,5920,592,592,592.0,0.0,592.0,0.0001236915588378,10,0.0,0.0
0.0,47,63.5,5777.278236914601,0.0,0.0,0.0,0.0,0.0,0.0,0.0,0,0,0,0,0,0.0017309188842773,0.0,0.0,0.0,0.0,0.0,0.0,0.0,0.0,0.0,0.0,0.0,0.0,0.0,1.0,1.0,5920,592,592,592.0,0.0,592.0,0.0002789974212646,10,0.0,0.0
0.0,47,63.5,468.0986127696617,0.0,0.0,0.0,0.0,0.0,0.0,0.0,0,0,0,0,0,0.0213630199432373,0.0,0.0,0.0,0.0,0.0,0.0,0.0,0.0,0.0,0.0,0.0,0.0,0.0,1.0,1.0,5920,592,592,592.0,0.0,592.0,0.002284812927246,10,0.0,0.0
0.0,47,63.5,192399.26605504588,0.0,0.0,0.0,0.0,0.0,0.0,0.0,0,0,0,0,0,5.197525024414063e-05,0.0,0.0,0.0,0.0,0.0,0.0,0.0,0.0,0.0,0.0,0.0,0.0,0.0,1.0,1.0,5920,592,592,592.0,0.0,592.0,6.389617919921875e-06,10,0.0,0.0
0.0,47,63.5,184771.1013215859,0.0,0.0,0.0,0.0,0.0,0.0,0.0,0,0,0,0,0,5.412101745605469e-05,0.0,0.0,0.0,0.0,0.0,0.0,0.0,0.0,0.0,0.0,0.0,0.0,0.0,1.0,1.0,5920,592,592,592.0,0.0,592.0,6.604194641113281e-06,10,0.0,0.0
0.0,47,63.5,146653.98601398602,0.0,0.0,0.0,0.0,0.0,0.0,0.0,0,0,0,0,0,6.818771362304688e-05,0.0,0.0,0.0,0.0,0.0,0.0,0.0,0.0,0.0,0.0,0.0,0.0,0.0,1.0,1.0,5856,576,592,585.6,8.262364471909155,585.6,7.605552673339843e-06,10,0.0405679267912769,61.44
0.0,47,63.5,196915.6807511737,0.0,0.0,0.0,0.0,0.0,0.0,0.0,0,0,0,0,0,5.078315734863281e-05,0.0,0.0,0.0,0.0,0.0,0.0,0.0,0.0,0.0,0.0,0.0,0.0,0.0,1.0,1.0,5760,576,576,576.0,0.0,576.0,6.079673767089844e-06,10,0.0,0.0
0.0,47,63.5,503.3728577600691,0.0,0.0,0.0,0.0,0.0,0.0,0.0,0,0,0,0,0,0.0198659896850585,0.0,0.0,0.0,0.0,0.0,0.0,0.0,0.0,0.0,0.0,0.0,0.0,0.0,1.0,1.0,5760,576,576,576.0,0.0,576.0,0.0019875049591064,10,0.0,0.0
0.0,47,63.5,72944.41739130435,0.0,0.0,0.0,0.0,0.0,0.0,0.0,0,0,0,0,0,0.0001370906829833,0.0,0.0,0.0,0.0,0.0,0.0,0.0,0.0,0.0,0.0,0.0,0.0,0.0,1.0,1.0,5760,576,576,576.0,0.0,576.0,1.7905235290527342e-05,10,0.0,0.0
0.0,47,63.5,61680.94117647059,0.0,0.0,0.0,0.0,0.0,0.0,0.0,0,0,0,0,0,0.000162124633789,0.0,0.0,0.0,0.0,0.0,0.0,0.0,0.0,0.0,0.0,0.0,0.0,0.0,1.0,1.0,5824,576,592,582.4,8.262364471909155,582.4,1.8405914306640626e-05,10,0.0405679267912769,61.44
0.0,47,63.5,33104.21468034728,0.0,0.0,0.0,0.0,0.0,0.0,0.0,0,0,0,0,0,0.0003020763397216,0.0,0.0,0.0,0.0,0.0,0.0,0.0,0.0,0.0,0.0,0.0,0.0,0.0,1.0,1.0,5920,592,592,592.0,0.0,592.0,0.0002294063568115,10,0.0,0.0
0.0,47,63.5,409.7680689345239,0.0,0.0,0.0,0.0,0.0,0.0,0.0,0,0,0,0,0,0.0244040489196777,0.0,0.0,0.0,0.0,0.0,0.0,0.0,0.0,0.0,0.0,0.0,0.0,0.0,1.0,1.0,5920,592,592,592.0,0.0,592.0,0.0024432897567749,10,0.0,0.0
0.0,47,63.5,195995.5140186916,0.0,0.0,0.0,0.0,0.0,0.0,0.0,0,0,0,0,0,5.1021575927734375e-05,0.0,0.0,0.0,0.0,0.0,0.0,0.0,0.0,0.0,0.0,0.0,0.0,0.0,1.0,1.0,5920,592,592,592.0,0.0,592.0,6.103515625e-06,10,0.0,0.0
0.0,47,63.5,24105.19540229885,0.0,0.0,0.0,0.0,0.0,0.0,0.0,0,0,0,0,0,0.0004148483276367,0.0,0.0,0.0,0.0,0.0,0.0,0.0,0.0,0.0,0.0,0.0,0.0,0.0,1.0,1.0,5896,586,592,589.6,3.0983866769659336,589.6,4.2390823364257815e-05,10,0.0214230287967288,8.64
0.0,47,63.5,195995.5140186916,0.0,0.0,0.0,0.0,0.0,0.0,0.0,0,0,0,0,0,5.1021575927734375e-05,0.0,0.0,0.0,0.0,0.0,0.0,0.0,0.0,0.0,0.0,0.0,0.0,0.0,1.0,1.0,5860,586,586,586.0,0.0,586.0,6.008148193359375e-06,10,0.0,0.0
0.0,47,63.5,204600.19512195123,0.0,0.0,0.0,0.0,0.0,0.0,0.0,0,0,0,0,0,4.887580871582031e-05,0.0,0.0,0.0,0.0,0.0,0.0,0.0,0.0,0.0,0.0,0.0,0.0,0.0,1.0,1.0,5860,586,586,586.0,0.0,586.0,5.793571472167969e-06,10,0.0,0.0
0.0,47,63.5,2810.6305702606714,0.0,0.0,0.0,0.0,0.0,0.0,0.0,0,0,0,0,0,0.0035579204559326,0.0,0.0,0.0,0.0,0.0,0.0,0.0,0.0,0.0,0.0,0.0,0.0,0.0,1.0,1.0,5860,586,586,586.0,0.0,586.0,0.0003566980361938,10,0.0,0.0
0.0,47,63.5,289.51991771990254,0.0,0.0,0.0,0.0,0.0,0.0,0.0,0,0,0,0,0,0.0345399379730224,0.0,0.0,0.0,0.0,0.0,0.0,0.0,0.0,0.0,0.0,0.0,0.0,0.0,1.0,1.0,5892,560,628,589.2,23.04006172831237,589.2,0.0034580945968627,10,0.0738538495456453,477.75999999999993
0.0,47,63.5,1808.0455211656176,0.0,0.0,0.0,0.0,0.0,0.0,0.0,0,0,0,0,0,0.005530834197998,0.0,0.0,0.0,0.0,0.0,0.0,0.0,0.0,0.0,0.0,0.0,0.0,0.0,1.0,1.0,5910,587,594,591.0,2.905932629027116,591.0,0.0026859998703002,10,0.0196405007157604,7.6
0.0,47,63.5,501.98120998144935,0.0,0.0,0.0,0.0,0.0,0.0,0.0,0,0,0,0,0,0.019921064376831,0.0,0.0,0.0,0.0,0.0,0.0,0.0,0.0,0.0,0.0,0.0,0.0,0.0,1.0,1.0,5926,588,596,592.6,3.0258148581093915,592.6,0.0019930124282836,10,0.0179852059405993,10.888888888888888
0.0,47,63.5,72944.41739130435,0.0,0.0,0.0,0.0,0.0,0.0,0.0,0,0,0,0,0,0.0001370906829833,0.0,0.0,0.0,0.0,0.0,0.0,0.0,0.0,0.0,0.0,0.0,0.0,0.0,1.0,1.0,5914,589,595,591.4,2.3664319132398464,591.4,1.6903877258300783e-05,10,0.0160124697041773,5.04
0.0,47,63.5,227.8225350888628,0.0,0.0,0.0,0.0,0.0,0.0,0.0,0,0,0,0,0,0.043893814086914,0.0,0.0,0.0,0.0,0.0,0.0,0.0,0.0,0.0,0.0,0.0,0.0,0.0,1.0,1.0,5916,587,595,591.6,2.716206504995115,591.6,0.0043918848037719,10,0.0195632138818747,10.888888888888888
0.0,47,63.5,68534.37908496732,0.0,0.0,0.0,0.0,0.0,0.0,0.0,0,0,0,0,0,0.0001459121704101,0.0,0.0,0.0,0.0,0.0,0.0,0.0,0.0,0.0,0.0,0.0,0.0,0.0,1.0,1.0,5920,592,592,592.0,0.0,592.0,1.7905235290527342e-05,10,0.0,0.0
0.0,47,63.5,67541.12721417069,0.0,0.0,0.0,0.0,0.0,0.0,0.0,0,0,0,0,0,0.000148057937622,0.0,0.0,0.0,0.0,0.0,0.0,0.0,0.0,0.0,0.0,0.0,0.0,0.0,1.0,1.0,5920,592,592,592.0,0.0,592.0,1.7213821411132813e-05,10,0.0,0.0
0.0,47,63.5,106184.91139240506,0.0,0.0,0.0,0.0,0.0,0.0,0.0,0,0,0,0,0,9.41753387451172e-05,0.0,0.0,0.0,0.0,0.0,0.0,0.0,0.0,0.0,0.0,0.0,0.0,0.0,1.0,1.0,5920,592,592,592.0,0.0,592.0,1.1396408081054689e-05,10,0.0,0.0
0.0,47,63.5,102051.19221411191,0.0,0.0,0.0,0.0,0.0,0.0,0.0,0,0,0,0,0,9.79900360107422e-05,0.0,0.0,0.0,0.0,0.0,0.0,0.0,0.0,0.0,0.0,0.0,0.0,0.0,1.0,1.0,5920,592,592,592.0,0.0,592.0,1.1301040649414062e-05,10,0.0,0.0
0.0,47,63.5,701.8111237534301,0.0,0.0,0.0,0.0,0.0,0.0,0.0,0,0,0,0,0,0.0142488479614257,0.0,0.0,0.0,0.0,0.0,0.0,0.0,0.0,0.0,0.0,0.0,0.0,0.0,1.0,1.0,5920,592,592,592.0,0.0,592.0,0.0014263868331909,10,0.0,0.0
0.0,47,63.5,199728.7619047619,0.0,0.0,0.0,0.0,0.0,0.0,0.0,0,0,0,0,0,5.0067901611328125e-05,0.0,0.0,0.0,0.0,0.0,0.0,0.0,0.0,0.0,0.0,0.0,0.0,0.0,1.0,1.0,5920,592,592,592.0,0.0,592.0,6.008148193359375e-06,10,0.0,0.0
0.0,47,63.5,200684.4019138756,0.0,0.0,0.0,0.0,0.0,0.0,0.0,0,0,0,0,0,4.982948303222656e-05,0.0,0.0,0.0,0.0,0.0,0.0,0.0,0.0,0.0,0.0,0.0,0.0,0.0,1.0,1.0,5920,592,592,592.0,0.0,592.0,5.888938903808594e-06,10,0.0,0.0
0.0,47,63.5,161319.38461538462,0.0,0.0,0.0,0.0,0.0,0.0,0.0,0,0,0,0,0,6.198883056640625e-05,0.0,0.0,0.0,0.0,0.0,0.0,0.0,0.0,0.0,0.0,0.0,0.0,0.0,1.0,1.0,5920,592,592,592.0,0.0,592.0,7.009506225585937e-06,10,0.0,0.0
0.0,47,63.5,103054.15233415231,0.0,0.0,0.0,0.0,0.0,0.0,0.0,0,0,0,0,0,9.703636169433594e-05,0.0,0.0,0.0,0.0,0.0,0.0,0.0,0.0,0.0,0.0,0.0,0.0,0.0,1.0,1.0,5920,592,592,592.0,0.0,592.0,1.0609626770019531e-05,10,0.0,0.0
0.0,47,63.5,8284.226743037725,0.0,0.0,0.0,0.0,0.0,0.0,0.0,0,0,0,0,0,0.0012071132659912,0.0,0.0,0.0,0.0,0.0,0.0,0.0,0.0,0.0,0.0,0.0,0.0,0.0,1.0,1.0,5920,592,592,592.0,0.0,592.0,0.0001235961914062,10,0.0,0.0
0.0,47,63.5,128266.17737003058,0.0,0.0,0.0,0.0,0.0,0.0,0.0,0,0,0,0,0,7.796287536621094e-05,0.0,0.0,0.0,0.0,0.0,0.0,0.0,0.0,0.0,0.0,0.0,0.0,0.0,1.0,1.0,5920,592,592,592.0,0.0,592.0,0.0024786949157714,10,0.0,0.0
0.0,47,63.5,163840.0,0.0,0.0,0.0,0.0,0.0,0.0,0.0,0,0,0,0,0,6.103515625e-05,0.0,0.0,0.0,0.0,0.0,0.0,0.0,0.0,0.0,0.0,0.0,0.0,0.0,1.0,1.0,5850,509,640,585.0,44.59197735517505,585.0,7.009506225585937e-06,10,0.1695438678954041,1789.6
0.0,47,63.5,99864.38095238096,0.0,0.0,0.0,0.0,0.0,0.0,0.0,0,0,0,0,0,0.0001001358032226,0.0,0.0,0.0,0.0,0.0,0.0,0.0,0.0,0.0,0.0,0.0,0.0,0.0,1.0,1.0,5774,567,585,577.4,6.719788356455548,577.4,1.080036163330078e-05,10,0.0552767129848857,40.64
0.0,47,63.5,163840.0,0.0,0.0,0.0,0.0,0.0,0.0,0.0,0,0,0,0,0,6.103515625e-05,0.0,0.0,0.0,0.0,0.0,0.0,0.0,0.0,0.0,0.0,0.0,0.0,0.0,1.0,1.0,5798,566,588,579.8,8.011103405759894,579.8,6.985664367675781e-06,10,0.0575068730833704,71.55102040816327
0.0,47,63.5,117487.50700280113,0.0,0.0,0.0,0.0,0.0,0.0,0.0,0,0,0,0,0,8.511543273925781e-05,0.0,0.0,0.0,0.0,0.0,0.0,0.0,0.0,0.0,0.0,0.0,0.0,0.0,1.0,1.0,5776,568,585,577.6,6.131883886702356,577.6,1.010894775390625e-05,10,0.053333094220087,33.84
0.0,47,63.5,11548.19383259912,0.0,0.0,0.0,0.0,0.0,0.0,0.0,0,0,0,0,0,0.0008659362792968,0.0,0.0,0.0,0.0,0.0,0.0,0.0,0.0,0.0,0.0,0.0,0.0,0.0,1.0,1.0,5718,479,640,571.8,55.11765194160175,571.8,8.819103240966796e-05,10,0.2249555066949309,2734.16
0.0,47,63.5,135300.12903225806,0.0,0.0,0.0,0.0,0.0,0.0,0.0,0,0,0,0,0,7.390975952148438e-05,0.0,0.0,0.0,0.0,0.0,0.0,0.0,0.0,0.0,0.0,0.0,0.0,0.0,1.0,1.0,5914,558,620,591.4,21.28745065891065,591.4,8.702278137207031e-06,10,0.0765481659004139,496.1875
0.0,47,63.5,99156.12293144208,0.0,0.0,0.0,0.0,0.0,0.0,0.0,0,0,0,0,0,0.0001008510589599,0.0,0.0,0.0,0.0,0.0,0.0,0.0,0.0,0.0,0.0,0.0,0.0,0.0,1.0,1.0,5728,525,604,572.8,28.02697113694434,572.8,0.0003083944320678,10,0.1355298669623456,706.9599999999999
0.0,47,63.5,140748.45637583893,0.0,0.0,0.0,0.0,0.0,0.0,0.0,0,0,0,0,0,7.104873657226562e-05,0.0,0.0,0.0,0.0,0.0,0.0,0.0,0.0,0.0,0.0,0.0,0.0,0.0,1.0,1.0,5896,564,640,589.6,28.17879423333164,589.6,8.416175842285156e-06,10,0.0691306436188899,1444.0
0.0,47,63.5,137068.75816993465,0.0,0.0,0.0,0.0,0.0,0.0,0.0,0,0,0,0,0,7.295608520507812e-05,0.0,0.0,0.0,0.0,0.0,0.0,0.0,0.0,0.0,0.0,0.0,0.0,0.0,1.0,1.0,5750,560,583,575.0,8.666666666666666,575.0,8.487701416015625e-06,10,0.0679987033333333,67.6
0.0,47,63.5,138884.23841059604,0.0,0.0,0.0,0.0,0.0,0.0,0.0,0,0,0,0,0,7.200241088867188e-05,0.0,0.0,0.0,0.0,0.0,0.0,0.0,0.0,0.0,0.0,0.0,0.0,0.0,1.0,1.0,5798,561,587,579.8,10.119288512538814,579.8,8.392333984375e-06,10,0.0668863133684677,92.16
0.0,47,63.5,18315.73799126637,0.0,0.0,0.0,0.0,0.0,0.0,0.0,0,0,0,0,0,0.0005459785461425,0.0,0.0,0.0,0.0,0.0,0.0,0.0,0.0,0.0,0.0,0.0,0.0,0.0,1.0,1.0,5860,572,599,586.0,9.591663046625438,586.0,5.600452423095703e-05,10,0.0479259498586733,122.0
0.0,47,63.5,135300.12903225806,0.0,0.0,0.0,0.0,0.0,0.0,0.0,0,0,0,0,0,7.390975952148438e-05,0.0,0.0,0.0,0.0,0.0,0.0,0.0,0.0,0.0,0.0,0.0,0.0,0.0,1.0,1.0,5920,592,592,592.0,0.0,592.0,2.920627593994141e-05,10,0.0,0.0
0.0,47,63.5,158875.15151515152,0.0,0.0,0.0,0.0,0.0,0.0,0.0,0,0,0,0,0,6.29425048828125e-05,0.0,0.0,0.0,0.0,0.0,0.0,0.0,0.0,0.0,0.0,0.0,0.0,0.0,1.0,1.0,5920,592,592,592.0,0.0,592.0,7.390975952148437e-06,10,0.0,0.0
0.0,47,63.5,163840.0,0.0,0.0,0.0,0.0,0.0,0.0,0.0,0,0,0,0,0,6.103515625e-05,0.0,0.0,0.0,0.0,0.0,0.0,0.0,0.0,0.0,0.0,0.0,0.0,0.0,1.0,1.0,5920,592,592,592.0,0.0,592.0,7.200241088867187e-06,10,0.0,0.0
0.0,47,63.5,14004.353923205344,0.0,0.0,0.0,0.0,0.0,0.0,0.0,0,0,0,0,0,0.0007140636444091,0.0,0.0,0.0,0.0,0.0,0.0,0.0,0.0,0.0,0.0,0.0,0.0,0.0,1.0,1.0,5788,526,592,578.8,27.82804340948174,578.8,7.250308990478516e-05,10,0.1337447017632864,696.96
0.0,47,63.5,149263.487544484,0.0,0.0,0.0,0.0,0.0,0.0,0.0,0,0,0,0,0,6.699562072753906e-05,0.0,0.0,0.0,0.0,0.0,0.0,0.0,0.0,0.0,0.0,0.0,0.0,0.0,1.0,1.0,5886,565,640,588.6,27.7256399585494,588.6,7.915496826171876e-06,10,0.0672419166935146,900.0
0.0,47,63.5,143150.3071672355,0.0,0.0,0.0,0.0,0.0,0.0,0.0,0,0,0,0,0,6.985664367675781e-05,0.0,0.0,0.0,0.0,0.0,0.0,0.0,0.0,0.0,0.0,0.0,0.0,0.0,1.0,1.0,5784,568,597,578.4,10.490207073477835,578.4,8.177757263183593e-06,10,0.0551085007534519,152.66666666666666
0.0,47,63.5,2790.8071062612285,0.0,0.0,0.0,0.0,0.0,0.0,0.0,0,0,0,0,0,0.0035831928253173,0.0,0.0,0.0,0.0,0.0,0.0,0.0,0.0,0.0,0.0,0.0,0.0,0.0,1.0,1.0,5798,573,594,579.8,7.814516406449388,579.8,0.0004488229751586,10,0.0454978814033312,64.0
0.0,47,63.5,80043.96946564886,0.0,0.0,0.0,0.0,0.0,0.0,0.0,0,0,0,0,0,0.0001249313354492,0.0,0.0,0.0,0.0,0.0,0.0,0.0,0.0,0.0,0.0,0.0,0.0,0.0,1.0,1.0,5918,571,607,591.8,13.25644497342079,591.8,0.0014622926712036,10,0.0511229654243727,158.16
0.0,47,63.5,133576.56050955414,0.0,0.0,0.0,0.0,0.0,0.0,0.0,0,0,0,0,0,7.486343383789062e-05,0.0,0.0,0.0,0.0,0.0,0.0,0.0,0.0,0.0,0.0,0.0,0.0,0.0,1.0,1.0,5992,589,628,599.2,15.49767007578164,599.2,8.89301300048828e-06,10,0.0213616108820703,380.25
0.0,47,63.5,1050.5457733249843,0.0,0.0,0.0,0.0,0.0,0.0,0.0,0,0,0,0,0,0.0095188617706298,0.0,0.0,0.0,0.0,0.0,0.0,0.0,0.0,0.0,0.0,0.0,0.0,0.0,1.0,1.0,5932,590,597,593.2,2.9363620727393656,593.2,0.000953197479248,10,0.0145405064539512,9.76
0.0,47,63.5,82565.03937007874,0.0,0.0,0.0,0.0,0.0,0.0,0.0,0,0,0,0,0,0.0001211166381835,0.0,0.0,0.0,0.0,0.0,0.0,0.0,0.0,0.0,0.0,0.0,0.0,0.0,1.0,1.0,5922,587,597,592.2,4.289522117905444,592.2,1.5211105346679689e-05,10,0.0202041197299499,16.617283950617285
0.0,47,63.5,102051.19221411191,0.0,0.0,0.0,0.0,0.0,0.0,0.0,0,0,0,0,0,9.79900360107422e-05,0.0,0.0,0.0,0.0,0.0,0.0,0.0,0.0,0.0,0.0,0.0,0.0,0.0,1.0,1.0,5934,591,597,593.4,2.1705094128132942,593.4,1.1992454528808591e-05,10,0.0125243987144037,4.6875
0.0,47,63.5,2045.4032965961185,0.0,0.0,0.0,0.0,0.0,0.0,0.0,0,0,0,0,0,0.0048890113830566,0.0,0.0,0.0,0.0,0.0,0.0,0.0,0.0,0.0,0.0,0.0,0.0,0.0,1.0,1.0,5920,592,592,592.0,0.0,592.0,0.0004902124404907,10,0.0,0.0
0.0,47,63.5,455.6401203654417,0.0,0.0,0.0,0.0,0.0,0.0,0.0,0,0,0,0,0,0.0219471454620361,0.0,0.0,0.0,0.0,0.0,0.0,0.0,0.0,0.0,0.0,0.0,0.0,0.0,1.0,1.0,5920,592,592,592.0,0.0,592.0,0.0021960973739624,10,0.0,0.0
0.0,47,63.5,113666.77506775068,0.0,0.0,0.0,0.0,0.0,0.0,0.0,0,0,0,0,0,8.797645568847656e-05,0.0,0.0,0.0,0.0,0.0,0.0,0.0,0.0,0.0,0.0,0.0,0.0,0.0,1.0,1.0,5920,592,592,592.0,0.0,592.0,1.049041748046875e-05,10,0.0,0.0
0.0,47,63.5,124830.47619047618,0.0,0.0,0.0,0.0,0.0,0.0,0.0,0,0,0,0,0,8.0108642578125e-05,0.0,0.0,0.0,0.0,0.0,0.0,0.0,0.0,0.0,0.0,0.0,0.0,0.0,1.0,1.0,5824,544,592,582.4,20.23857702507763,582.4,9.202957153320313e-06,10,0.0999787167369355,368.64
0.0,47,63.5,114912.43835616438,0.0,0.0,0.0,0.0,0.0,0.0,0.0,0,0,0,0,0,8.702278137207031e-05,0.0,0.0,0.0,0.0,0.0,0.0,0.0,0.0,0.0,0.0,0.0,0.0,0.0,1.0,1.0,5940,577,628,594.0,18.70234685214072,594.0,1.010894775390625e-05,10,0.043116628013688,341.04
0.0,47,63.5,1290.4756630361207,0.0,0.0,0.0,0.0,0.0,0.0,0.0,0,0,0,0,0,0.0077490806579589,0.0,0.0,0.0,0.0,0.0,0.0,0.0,0.0,0.0,0.0,0.0,0.0,0.0,1.0,1.0,5770,577,577,577.0,0.0,577.0,0.000776195526123,10,0.0,0.0
0.0,47,63.5,65741.44200626959,0.0,0.0,0.0,0.0,0.0,0.0,0.0,0,0,0,0,0,0.0001521110534667,0.0,0.0,0.0,0.0,0.0,0.0,0.0,0.0,0.0,0.0,0.0,0.0,0.0,1.0,1.0,5770,577,577,577.0,0.0,577.0,1.8405914306640626e-05,10,0.0,0.0
0.0,47,63.5,56527.00808625337,0.0,0.0,0.0,0.0,0.0,0.0,0.0,0,0,0,0,0,0.0001769065856933,0.0,0.0,0.0,0.0,0.0,0.0,0.0,0.0,0.0,0.0,0.0,0.0,0.0,1.0,1.0,5770,577,577,577.0,0.0,577.0,2.827644348144531e-05,10,0.0,0.0
0.0,47,63.5,38026.32819582956,0.0,0.0,0.0,0.0,0.0,0.0,0.0,0,0,0,0,0,0.000262975692749,0.0,0.0,0.0,0.0,0.0,0.0,0.0,0.0,0.0,0.0,0.0,0.0,0.0,1.0,1.0,5618,501,577,561.8,32.044413623039574,561.8,2.880096435546875e-05,10,0.1780655323334813,924.16
0.0,47,63.5,116185.70637119112,0.0,0.0,0.0,0.0,0.0,0.0,0.0,0,0,0,0,0,8.606910705566406e-05,0.0,0.0,0.0,0.0,0.0,0.0,0.0,0.0,0.0,0.0,0.0,0.0,0.0,1.0,1.0,5850,564,640,585.0,29.45429604583269,585.0,0.0009282112121582,10,0.0696502320372304,1296.0
0.0,47,63.5,10894.296103896104,0.0,0.0,0.0,0.0,0.0,0.0,0.0,0,0,0,0,0,0.000917911529541,0.0,0.0,0.0,0.0,0.0,0.0,0.0,0.0,0.0,0.0,0.0,0.0,0.0,1.0,1.0,5868,585,589,586.8,1.5491933384829668,586.8,9.279251098632812e-05,10,0.0224960793983644,2.25
0.0,47,63.5,384.00937522888745,0.0,0.0,0.0,0.0,0.0,0.0,0.0,0,0,0,0,0,0.026041030883789,0.0,0.0,0.0,0.0,0.0,0.0,0.0,0.0,0.0,0.0,0.0,0.0,0.0,1.0,1.0,5782,574,584,578.2,3.9665266081716046,578.2,0.0026071071624755,10,0.0422262342791047,25.0
0.0,47,63.5,116185.70637119112,0.0,0.0,0.0,0.0,0.0,0.0,0.0,0,0,0,0,0,8.606910705566406e-05,0.0,0.0,0.0,0.0,0.0,0.0,0.0,0.0,0.0,0.0,0.0,0.0,0.0,1.0,1.0,5822,567,592,582.2,8.67691701521277,582.2,1.2803077697753909e-05,10,0.0560739689153171,72.25
0.0,47,63.5,13644.45022771633,0.0,0.0,0.0,0.0,0.0,0.0,0.0,0,0,0,0,0,0.0007328987121582,0.0,0.0,0.0,0.0,0.0,0.0,0.0,0.0,0.0,0.0,0.0,0.0,0.0,1.0,1.0,5920,592,592,592.0,0.0,592.0,7.469654083251953e-05,10,0.0,0.0
0.0,47,63.5,140748.45637583893,0.0,0.0,0.0,0.0,0.0,0.0,0.0,0,0,0,0,0,7.104873657226562e-05,0.0,0.0,0.0,0.0,0.0,0.0,0.0,0.0,0.0,0.0,0.0,0.0,0.0,1.0,1.0,5920,592,592,592.0,0.0,592.0,8.702278137207031e-06,10,0.0,0.0
0.0,47,63.5,268.5213828425096,0.0,0.0,0.0,0.0,0.0,0.0,0.0,0,0,0,0,0,0.037240982055664,0.0,0.0,0.0,0.0,0.0,0.0,0.0,0.0,0.0,0.0,0.0,0.0,0.0,1.0,1.0,5920,592,592,592.0,0.0,592.0,0.0037255048751831,10,0.0,0.0
0.0,47,63.5,5005.136038186158,0.0,0.0,0.0,0.0,0.0,0.0,0.0,0,0,0,0,0,0.001997947692871,0.0,0.0,0.0,0.0,0.0,0.0,0.0,0.0,0.0,0.0,0.0,0.0,0.0,1.0,1.0,5918,591,592,591.8,0.4216370213557839,591.8,0.0002019882202148,10,0.0,0.16
0.0,47,63.5,7691.73665871997,0.0,0.0,0.0,0.0,0.0,0.0,0.0,0,0,0,0,0,0.0013000965118408,0.0,0.0,0.0,0.0,0.0,0.0,0.0,0.0,0.0,0.0,0.0,0.0,0.0,1.0,1.0,5910,591,591,591.0,0.0,591.0,0.000131607055664,10,0.0,0.0
0.0,47,63.5,19963.369823893383,0.0,0.0,0.0,0.0,0.0,0.0,0.0,0,0,0,0,0,0.0005009174346923,0.0,0.0,0.0,0.0,0.0,0.0,0.0,0.0,0.0,0.0,0.0,0.0,0.0,1.0,1.0,5910,591,591,591.0,0.0,591.0,5.218982696533203e-05,10,0.0,0.0
0.0,47,63.5,106454.41624365482,0.0,0.0,0.0,0.0,0.0,0.0,0.0,0,0,0,0,0,9.393692016601562e-05,0.0,0.0,0.0,0.0,0.0,0.0,0.0,0.0,0.0,0.0,0.0,0.0,0.0,1.0,1.0,5910,591,591,591.0,0.0,591.0,1.1110305786132813e-05,10,0.0,0.0
0.0,47,63.5,123725.78171091444,0.0,0.0,0.0,0.0,0.0,0.0,0.0,0,0,0,0,0,8.082389831542969e-05,0.0,0.0,0.0,0.0,0.0,0.0,0.0,0.0,0.0,0.0,0.0,0.0,0.0,1.0,1.0,5690,481,591,569.0,46.38007234913624,569.0,8.988380432128907e-06,10,0.2179879062721441,1936.0
0.0,47,63.5,188932.6126126126,0.0,0.0,0.0,0.0,0.0,0.0,0.0,0,0,0,0,0,5.292892456054688e-05,0.0,0.0,0.0,0.0,0.0,0.0,0.0,0.0,0.0,0.0,0.0,0.0,0.0,1.0,1.0,5962,557,640,596.2,30.01777251340723,596.2,6.198883056640625e-06,10,0.0818086798110615,1216.2222222222222
0.0,47,63.5,161319.38461538462,0.0,0.0,0.0,0.0,0.0,0.0,0.0,0,0,0,0,0,6.198883056640625e-05,0.0,0.0,0.0,0.0,0.0,0.0,0.0,0.0,0.0,0.0,0.0,0.0,0.0,1.0,1.0,5824,570,593,582.4,10.76207332358511,582.4,7.104873657226563e-06,10,0.0518109881890955,104.23999999999998
0.0,47,63.5,199728.7619047619,0.0,0.0,0.0,0.0,0.0,0.0,0.0,0,0,0,0,0,5.0067901611328125e-05,0.0,0.0,0.0,0.0,0.0,0.0,0.0,0.0,0.0,0.0,0.0,0.0,0.0,1.0,1.0,5888,556,606,588.8,18.078839687447985,588.8,5.817413330078125e-06,10,0.0786493661350788,454.2222222222222
0.0,47,63.5,1568.3745279138466,0.0,0.0,0.0,0.0,0.0,0.0,0.0,0,0,0,0,0,0.006376028060913,0.0,0.0,0.0,0.0,0.0,0.0,0.0,0.0,0.0,0.0,0.0,0.0,0.0,1.0,1.0,5758,546,590,575.8,16.348972104963934,575.8,0.0006383895874023,10,0.0949859872766781,240.56
0.0,47,63.5,3119.137354056667,0.0,0.0,0.0,0.0,0.0,0.0,0.0,0,0,0,0,0,0.0032060146331787,0.0,0.0,0.0,0.0,0.0,0.0,0.0,0.0,0.0,0.0,0.0,0.0,0.0,1.0,1.0,5986,590,628,598.6,15.529183995160713,598.6,0.0003221035003662,10,0.0196703183922687,342.25
0.0,47,63.5,1428.967020986645,0.0,0.0,0.0,0.0,0.0,0.0,0.0,0,0,0,0,0,0.006998062133789,0.0,0.0,0.0,0.0,0.0,0.0,0.0,0.0,0.0,0.0,0.0,0.0,0.0,1.0,1.0,5908,587,595,590.8,3.359894178227774,590.8,0.000701904296875,10,0.0198254264924428,12.5
0.0,47,63.5,1497.2705529575553,0.0,0.0,0.0,0.0,0.0,0.0,0.0,0,0,0,0,0,0.006678819656372,0.0,0.0,0.0,0.0,0.0,0.0,0.0,0.0,0.0,0.0,0.0,0.0,0.0,1.0,1.0,5890,584,595,589.0,3.771236166328253,589.0,0.0006694793701171,10,0.0251053807647155,15.6875
0.0,47,63.5,2020.5723094710472,0.0,0.0,0.0,0.0,0.0,0.0,0.0,0,0,0,0,0,0.0049490928649902,0.0,0.0,0.0,0.0,0.0,0.0,0.0,0.0,0.0,0.0,0.0,0.0,0.0,1.0,1.0,5658,470,594,565.8,50.55426127769383,565.8,0.0004958152770996,10,0.2384337338740813,2300.1600000000003
0.0,47,63.5,1693.7786213302104,0.0,0.0,0.0,0.0,0.0,0.0,0.0,0,0,0,0,0,0.0059039592742919,0.0,0.0,0.0,0.0,0.0,0.0,0.0,0.0,0.0,0.0,0.0,0.0,0.0,1.0,1.0,5848,560,640,584.8,29.943650783133013,584.8,0.0005944013595581,10,0.076666095583017,1304.0
0.0,47,63.5,3163.602353296123,0.0,0.0,0.0,0.0,0.0,0.0,0.0,0,0,0,0,0,0.0031609535217285,0.0,0.0,0.0,0.0,0.0,0.0,0.0,0.0,0.0,0.0,0.0,0.0,0.0,1.0,1.0,5912,578,604,591.2,9.554521907918202,591.2,0.0003192901611328,10,0.0376860400444095,82.16
0.0,47,63.5,976.3732017319242,0.0,0.0,0.0,0.0,0.0,0.0,0.0,0,0,0,0,0,0.0102419853210449,0.0,0.0,0.0,0.0,0.0,0.0,0.0,0.0,0.0,0.0,0.0,0.0,0.0,1.0,1.0,5842,566,598,584.2,11.74544829095746,584.2,0.0010272026062011,10,0.0590280958158045,150.6875
0.0,47,63.5,2493.048026628626,0.0,0.0,0.0,0.0,0.0,0.0,0.0,0,0,0,0,0,0.0040111541748046,0.0,0.0,0.0,0.0,0.0,0.0,0.0,0.0,0.0,0.0,0.0,0.0,0.0,1.0,1.0,5706,500,606,570.6,39.65181794907602,570.6,0.000402808189392,10,0.1828686145597356,1415.04
0.0,47,63.5,104077.0223325062,0.0,0.0,0.0,0.0,0.0,0.0,0.0,0,0,0,0,0,9.608268737792967e-05,0.0,0.0,0.0,0.0,0.0,0.0,0.0,0.0,0.0,0.0,0.0,0.0,0.0,1.0,1.0,5928,566,640,592.8,26.594903438232087,592.8,1.1301040649414062e-05,10,0.0650771698645983,636.56
0.0,47,63.5,2163.127385250129,0.0,0.0,0.0,0.0,0.0,0.0,0.0,0,0,0,0,0,0.0046229362487792,0.0,0.0,0.0,0.0,0.0,0.0,0.0,0.0,0.0,0.0,0.0,0.0,0.0,1.0,1.0,5796,575,583,579.6,3.3730961708462712,579.6,0.0004660844802856,10,0.0402803644561559,10.6875
0.0,47,63.5,3829.715120525932,0.0,0.0,0.0,0.0,0.0,0.0,0.0,0,0,0,0,0,0.0026111602783203,0.0,0.0,0.0,0.0,0.0,0.0,0.0,0.0,0.0,0.0,0.0,0.0,0.0,1.0,1.0,5784,568,587,578.4,6.619835513230085,578.4,0.0002621173858642,10,0.0535318661946694,39.44
0.0,47,63.5,623.2434842045826,0.0,0.0,0.0,0.0,0.0,0.0,0.0,0,0,0,0,0,0.0160450935363769,0.0,0.0,0.0,0.0,0.0,0.0,0.0,0.0,0.0,0.0,0.0,0.0,0.0,1.0,1.0,5720,518,599,572.0,29.416548630546945,572.0,0.0017271995544433,10,0.1480248352501396,778.8
0.0,47,63.5,434.2918677131438,0.0,0.0,0.0,0.0,0.0,0.0,0.0,0,0,0,0,0,0.0230259895324707,0.0,0.0,0.0,0.0,0.0,0.0,0.0,0.0,0.0,0.0,0.0,0.0,0.0,1.0,1.0,5946,576,640,594.6,24.636016994094916,594.6,0.0040187835693359,10,0.0472378978827145,688.2222222222222
0.0,47,63.5,2526.536955605084,0.0,0.0,0.0,0.0,0.0,0.0,0.0,0,0,0,0,0,0.003957986831665,0.0,0.0,0.0,0.0,0.0,0.0,0.0,0.0,0.0,0.0,0.0,0.0,0.0,1.0,1.0,5772,571,583,577.2,4.541169697580374,577.2,0.0005838155746459,10,0.0475727108880063,18.56
0.0,47,63.5,1774.3153263674435,0.0,0.0,0.0,0.0,0.0,0.0,0.0,0,0,0,0,0,0.0056359767913818,0.0,0.0,0.0,0.0,0.0,0.0,0.0,0.0,0.0,0.0,0.0,0.0,0.0,1.0,1.0,5844,563,596,584.4,11.899579824514817,584.4,0.0007293939590454,10,0.0642032728373143,137.55555555555557
0.0,47,63.5,2476.56117146906,0.0,0.0,0.0,0.0,0.0,0.0,0.0,0,0,0,0,0,0.004037857055664,0.0,0.0,0.0,0.0,0.0,0.0,0.0,0.0,0.0,0.0,0.0,0.0,0.0,1.0,1.0,5812,564,593,581.2,11.262523893179734,581.2,0.0005595922470092,10,0.0622396317331257,140.66666666666666
0.0,47,63.5,4812.189077558513,0.0,0.0,0.0,0.0,0.0,0.0,0.0,0,0,0,0,0,0.0020780563354492,0.0,0.0,0.0,0.0,0.0,0.0,0.0,0.0,0.0,0.0,0.0,0.0,0.0,1.0,1.0,5920,592,592,592.0,0.0,592.0,0.0003925085067749,10,0.0,0.0
0.0,47,63.5,13421.7728,0.0,0.0,0.0,0.0,0.0,0.0,0.0,0,0,0,0,0,0.0007450580596923,0.0,0.0,0.0,0.0,0.0,0.0,0.0,0.0,0.0,0.0,0.0,0.0,0.0,1.0,1.0,5920,592,592,592.0,0.0,592.0,0.0002886056900024,10,0.0,0.0
0.0,47,63.5,373.9572039942939,0.0,0.0,0.0,0.0,0.0,0.0,0.0,0,0,0,0,0,0.0267410278320312,0.0,0.0,0.0,0.0,0.0,0.0,0.0,0.0,0.0,0.0,0.0,0.0,0.0,1.0,1.0,5920,592,592,592.0,0.0,592.0,0.0037348985671997,10,0.0,0.0
0.0,47,63.5,8292.415974693555,0.0,0.0,0.0,0.0,0.0,0.0,0.0,0,0,0,0,0,0.0012059211730957,0.0,0.0,0.0,0.0,0.0,0.0,0.0,0.0,0.0,0.0,0.0,0.0,0.0,1.0,1.0,5920,592,592,592.0,0.0,592.0,0.0001236915588378,10,0.0,0.0
0.0,47,63.5,59158.02538787024,0.0,0.0,0.0,0.0,0.0,0.0,0.0,0,0,0,0,0,0.000169038772583,0.0,0.0,0.0,0.0,0.0,0.0,0.0,0.0,0.0,0.0,0.0,0.0,0.0,1.0,1.0,5920,592,592,592.0,0.0,592.0,1.850128173828125e-05,10,0.0,0.0
0.0,47,63.5,67541.12721417069,0.0,0.0,0.0,0.0,0.0,0.0,0.0,0,0,0,0,0,0.000148057937622,0.0,0.0,0.0,0.0,0.0,0.0,0.0,0.0,0.0,0.0,0.0,0.0,0.0,1.0,1.0,5920,592,592,592.0,0.0,592.0,1.6307830810546876e-05,10,0.0,0.0
0.0,47,63.5,62137.83703703704,0.0,0.0,0.0,0.0,0.0,0.0,0.0,0,0,0,0,0,0.0001609325408935,0.0,0.0,0.0,0.0,0.0,0.0,0.0,0.0,0.0,0.0,0.0,0.0,0.0,1.0,1.0,5920,592,592,592.0,0.0,592.0,1.7595291137695312e-05,10,0.0,0.0
0.0,47,63.5,99156.12293144208,0.0,0.0,0.0,0.0,0.0,0.0,0.0,0,0,0,0,0,0.0001008510589599,0.0,0.0,0.0,0.0,0.0,0.0,0.0,0.0,0.0,0.0,0.0,0.0,0.0,1.0,1.0,5920,592,592,592.0,0.0,592.0,1.1587142944335938e-05,10,0.0,0.0
0.0,47,63.5,2497.5014886268905,0.0,0.0,0.0,0.0,0.0,0.0,0.0,0,0,0,0,0,0.0040040016174316,0.0,0.0,0.0,0.0,0.0,0.0,0.0,0.0,0.0,0.0,0.0,0.0,0.0,1.0,1.0,5920,592,592,592.0,0.0,592.0,0.0004019021987915,10,0.0,0.0
0.0,47,63.5,266.5453297576228,0.0,0.0,0.0,0.0,0.0,0.0,0.0,0,0,0,0,0,0.0375170707702636,0.0,0.0,0.0,0.0,0.0,0.0,0.0,0.0,0.0,0.0,0.0,0.0,0.0,1.0,1.0,5920,592,592,592.0,0.0,592.0,0.0084622144699096,10,0.0,0.0
0.0,47,63.5,114912.43835616438,0.0,0.0,0.0,0.0,0.0,0.0,0.0,0,0,0,0,0,8.702278137207031e-05,0.0,0.0,0.0,0.0,0.0,0.0,0.0,0.0,0.0,0.0,0.0,0.0,0.0,1.0,1.0,5920,592,592,592.0,0.0,592.0,1.0204315185546874e-05,10,0.0,0.0
0.0,47,63.5,1041.3386960623666,0.0,0.0,0.0,0.0,0.0,0.0,0.0,0,0,0,0,0,0.0096030235290527,0.0,0.0,0.0,0.0,0.0,0.0,0.0,0.0,0.0,0.0,0.0,0.0,0.0,1.0,1.0,5676,470,592,567.6,51.43971660540564,567.6,0.0009617805480957,10,0.238794432956378,2381.44
0.0,47,63.5,184771.1013215859,0.0,0.0,0.0,0.0,0.0,0.0,0.0,0,0,0,0,0,5.412101745605469e-05,0.0,0.0,0.0,0.0,0.0,0.0,0.0,0.0,0.0,0.0,0.0,0.0,0.0,1.0,1.0,5970,556,640,597.0,29.709706606876257,597.0,6.508827209472656e-06,10,0.0833873160833771,902.6875
0.0,47,63.5,196915.6807511737,0.0,0.0,0.0,0.0,0.0,0.0,0.0,0,0,0,0,0,5.078315734863281e-05,0.0,0.0,0.0,0.0,0.0,0.0,0.0,0.0,0.0,0.0,0.0,0.0,0.0,1.0,1.0,5784,568,585,578.4,6.686636756330577,578.4,5.888938903808594e-06,10,0.0535590783490588,72.25
0.0,47,63.5,195995.5140186916,0.0,0.0,0.0,0.0,0.0,0.0,0.0,0,0,0,0,0,5.1021575927734375e-05,0.0,0.0,0.0,0.0,0.0,0.0,0.0,0.0,0.0,0.0,0.0,0.0,0.0,1.0,1.0,5864,570,615,586.4,17.004574547913734,586.4,6.008148193359375e-06,10,0.0543539334878381,430.88888888888886
0.0,47,63.5,188932.6126126126,0.0,0.0,0.0,0.0,0.0,0.0,0.0,0,0,0,0,0,5.292892456054688e-05,0.0,0.0,0.0,0.0,0.0,0.0,0.0,0.0,0.0,0.0,0.0,0.0,0.0,1.0,1.0,5852,566,593,585.2,10.654159333852252,585.2,6.198883056640625e-06,10,0.0585835483462381,182.25
0.0,47,63.5,6963.81205379379,0.0,0.0,0.0,0.0,0.0,0.0,0.0,0,0,0,0,0,0.0014359951019287,0.0,0.0,0.0,0.0,0.0,0.0,0.0,0.0,0.0,0.0,0.0,0.0,0.0,1.0,1.0,5920,592,592,592.0,0.0,592.0,0.0001445055007934,10,0.0,0.0
0.0,47,63.5,114912.43835616438,0.0,0.0,0.0,0.0,0.0,0.0,0.0,0,0,0,0,0,8.702278137207031e-05,0.0,0.0,0.0,0.0,0.0,0.0,0.0,0.0,0.0,0.0,0.0,0.0,0.0,1.0,1.0,5920,592,592,592.0,0.0,592.0,1.0204315185546874e-05,10,0.0,0.0
0.0,47,63.5,114912.43835616438,0.0,0.0,0.0,0.0,0.0,0.0,0.0,0,0,0,0,0,8.702278137207031e-05,0.0,0.0,0.0,0.0,0.0,0.0,0.0,0.0,0.0,0.0,0.0,0.0,0.0,1.0,1.0,5920,592,592,592.0,0.0,592.0,1.0204315185546874e-05,10,0.0,0.0
0.0,47,63.5,62508.2563338301,0.0,0.0,0.0,0.0,0.0,0.0,0.0,0,0,0,0,0,0.0001599788665771,0.0,0.0,0.0,0.0,0.0,0.0,0.0,0.0,0.0,0.0,0.0,0.0,0.0,1.0,1.0,5920,592,592,592.0,0.0,592.0,1.7595291137695312e-05,10,0.0,0.0
0.0,47,63.5,114912.43835616438,0.0,0.0,0.0,0.0,0.0,0.0,0.0,0,0,0,0,0,8.702278137207031e-05,0.0,0.0,0.0,0.0,0.0,0.0,0.0,0.0,0.0,0.0,0.0,0.0,0.0,1.0,1.0,5920,592,592,592.0,0.0,592.0,1.0204315185546874e-05,10,0.0,0.0
0.0,47,63.5,117487.50700280113,0.0,0.0,0.0,0.0,0.0,0.0,0.0,0,0,0,0,0,8.511543273925781e-05,0.0,0.0,0.0,0.0,0.0,0.0,0.0,0.0,0.0,0.0,0.0,0.0,0.0,1.0,1.0,5920,592,592,592.0,0.0,592.0,9.989738464355468e-06,10,0.0,0.0
0.0,47,63.5,370.99020847890887,0.0,0.0,0.0,0.0,0.0,0.0,0.0,0,0,0,0,0,0.0269548892974853,0.0,0.0,0.0,0.0,0.0,0.0,0.0,0.0,0.0,0.0,0.0,0.0,0.0,1.0,1.0,5920,592,592,592.0,0.0,592.0,0.0026969909667968,10,0.0,0.0
0.0,47,63.5,5599.1242824723,0.0,0.0,0.0,0.0,0.0,0.0,0.0,0,0,0,0,0,0.0017859935760498,0.0,0.0,0.0,0.0,0.0,0.0,0.0,0.0,0.0,0.0,0.0,0.0,0.0,1.0,1.0,5690,477,592,569.0,48.488257455915154,569.0,0.0015192985534667,10,0.2256632165572416,2116.0
0.0,47,63.5,105384.52261306532,0.0,0.0,0.0,0.0,0.0,0.0,0.0,0,0,0,0,0,9.489059448242188e-05,0.0,0.0,0.0,0.0,0.0,0.0,0.0,0.0,0.0,0.0,0.0,0.0,0.0,1.0,1.0,6010,556,640,601.0,28.42534080710379,601.0,2.6607513427734374e-05,10,0.0828641168311817,906.1875
0.0,47,63.5,110086.719160105,0.0,0.0,0.0,0.0,0.0,0.0,0.0,0,0,0,0,0,9.083747863769533e-05,0.0,0.0,0.0,0.0,0.0,0.0,0.0,0.0,0.0,0.0,0.0,0.0,0.0,1.0,1.0,5738,551,594,573.8,14.412957133542488,573.8,1.0395050048828124e-05,10,0.0856766822179198,232.1875
0.0,47,63.5,80043.96946564886,0.0,0.0,0.0,0.0,0.0,0.0,0.0,0,0,0,0,0,0.0001249313354492,0.0,0.0,0.0,0.0,0.0,0.0,0.0,0.0,0.0,0.0,0.0,0.0,0.0,1.0,1.0,5778,568,588,577.8,6.7461923416925424,577.8,1.4710426330566409e-05,10,0.0535833389123118,50.75
0.0,47,63.5,5899.991559994373,0.0,0.0,0.0,0.0,0.0,0.0,0.0,0,0,0,0,0,0.001694917678833,0.0,0.0,0.0,0.0,0.0,0.0,0.0,0.0,0.0,0.0,0.0,0.0,0.0,1.0,1.0,5876,564,602,587.6,14.871299726505264,587.6,0.0001714944839477,10,0.0637097026565891,361.0
0.0,47,63.5,154202.35294117648,0.0,0.0,0.0,0.0,0.0,0.0,0.0,0,0,0,0,0,6.4849853515625e-05,0.0,0.0,0.0,0.0,0.0,0.0,0.0,0.0,0.0,0.0,0.0,0.0,0.0,1.0,1.0,5920,592,592,592.0,0.0,592.0,7.796287536621094e-06,10,0.0,0.0
0.0,47,63.5,134865.08038585208,0.0,0.0,0.0,0.0,0.0,0.0,0.0,0,0,0,0,0,7.414817810058594e-05,0.0,0.0,0.0,0.0,0.0,0.0,0.0,0.0,0.0,0.0,0.0,0.0,0.0,1.0,1.0,5820,559,592,582.0,13.711309200802088,582.0,8.511543273925782e-06,10,0.0717578189160387,169.2
0.0,47,63.5,144631.1724137931,0.0,0.0,0.0,0.0,0.0,0.0,0.0,0,0,0,0,0,6.914138793945312e-05,0.0,0.0,0.0,0.0,0.0,0.0,0.0,0.0,0.0,0.0,0.0,0.0,0.0,1.0,1.0,5826,570,598,582.6,11.167412910388473,582.6,8.106231689453125e-06,10,0.0519761073231758,112.23999999999998
0.0,47,63.5,9813.53299017314,0.0,0.0,0.0,0.0,0.0,0.0,0.0,0,0,0,0,0,0.00101900100708,0.0,0.0,0.0,0.0,0.0,0.0,0.0,0.0,0.0,0.0,0.0,0.0,0.0,1.0,1.0,5806,572,592,580.6,7.5306779981029,580.6,0.0001031875610351,10,0.0470863869893072,51.04
0.0,47,63.5,1455.1934219199943,0.0,0.0,0.0,0.0,0.0,0.0,0.0,0,0,0,0,0,0.0068719387054443,0.0,0.0,0.0,0.0,0.0,0.0,0.0,0.0,0.0,0.0,0.0,0.0,0.0,1.0,1.0,5920,592,592,592.0,0.0,592.0,0.0016891002655029,10,0.0,0.0
0.0,47,63.5,12787.512195121952,0.0,0.0,0.0,0.0,0.0,0.0,0.0,0,0,0,0,0,0.0007820129394531,0.0,0.0,0.0,0.0,0.0,0.0,0.0,0.0,0.0,0.0,0.0,0.0,0.0,1.0,1.0,5920,592,592,592.0,0.0,592.0,7.979869842529297e-05,10,0.0,0.0
0.0,47,63.5,192399.26605504588,0.0,0.0,0.0,0.0,0.0,0.0,0.0,0,0,0,0,0,5.197525024414063e-05,0.0,0.0,0.0,0.0,0.0,0.0,0.0,0.0,0.0,0.0,0.0,0.0,0.0,1.0,1.0,5920,592,592,592.0,0.0,592.0,6.103515625e-06,10,0.0,0.0
0.0,47,63.5,163840.0,0.0,0.0,0.0,0.0,0.0,0.0,0.0,0,0,0,0,0,6.103515625e-05,0.0,0.0,0.0,0.0,0.0,0.0,0.0,0.0,0.0,0.0,0.0,0.0,0.0,1.0,1.0,5740,502,592,574.0,37.94733192202055,574.0,7.009506225585937e-06,10,0.1787660151317543,1296.0
0.0,47,63.5,145131.62629757787,0.0,0.0,0.0,0.0,0.0,0.0,0.0,0,0,0,0,0,6.890296936035156e-05,0.0,0.0,0.0,0.0,0.0,0.0,0.0,0.0,0.0,0.0,0.0,0.0,0.0,1.0,1.0,5904,568,640,590.4,27.378823933836166,590.4,5.848407745361328e-05,10,0.0619882477176875,756.25
0.0,47,63.5,135300.12903225806,0.0,0.0,0.0,0.0,0.0,0.0,0.0,0,0,0,0,0,7.390975952148438e-05,0.0,0.0,0.0,0.0,0.0,0.0,0.0,0.0,0.0,0.0,0.0,0.0,0.0,1.0,1.0,5804,572,590,580.4,7.441624673267106,580.4,8.296966552734374e-06,10,0.0470501102269021,49.84
0.0,47,63.5,113359.56756756756,0.0,0.0,0.0,0.0,0.0,0.0,0.0,0,0,0,0,0,8.821487426757812e-05,0.0,0.0,0.0,0.0,0.0,0.0,0.0,0.0,0.0,0.0,0.0,0.0,0.0,1.0,1.0,5826,577,590,582.6,4.742245131674331,582.6,1.0418891906738282e-05,10,0.0374298409768388,20.24
0.0,47,63.5,107546.2564102564,0.0,0.0,0.0,0.0,0.0,0.0,0.0,0,0,0,0,0,9.298324584960938e-05,0.0,0.0,0.0,0.0,0.0,0.0,0.0,0.0,0.0,0.0,0.0,0.0,0.0,1.0,1.0,5742,566,583,574.2,6.679986693266853,574.2,1.0895729064941409e-05,10,0.0569646293793692,40.16
0.0,47,63.5,108660.72538860104,0.0,0.0,0.0,0.0,0.0,0.0,0.0,0,0,0,0,0,9.202957153320312e-05,0.0,0.0,0.0,0.0,0.0,0.0,0.0,0.0,0.0,0.0,0.0,0.0,0.0,1.0,1.0,6022,591,628,602.2,14.116971661404184,602.2,1.0704994201660156e-05,10,0.0173909095759896,289.0
0.0,47,63.5,8466.499798142915,0.0,0.0,0.0,0.0,0.0,0.0,0.0,0,0,0,0,0,0.0011811256408691,0.0,0.0,0.0,0.0,0.0,0.0,0.0,0.0,0.0,0.0,0.0,0.0,0.0,1.0,1.0,5902,587,592,590.2,1.932183566158592,590.2,0.0003099918365478,10,0.0192438342975103,4.1875
0.0,47,63.5,419.9721640916783,0.0,0.0,0.0,0.0,0.0,0.0,0.0,0,0,0,0,0,0.0238111019134521,0.0,0.0,0.0,0.0,0.0,0.0,0.0,0.0,0.0,0.0,0.0,0.0,0.0,1.0,1.0,5916,587,596,591.6,3.806427312965386,591.6,0.0023832082748413,10,0.0200073262302095,16.25
0.0,47,63.5,166440.6349206349,0.0,0.0,0.0,0.0,0.0,0.0,0.0,0,0,0,0,0,6.008148193359375e-05,0.0,0.0,0.0,0.0,0.0,0.0,0.0,0.0,0.0,0.0,0.0,0.0,0.0,1.0,1.0,5930,590,596,593.0,2.10818510677892,593.0,6.890296936035156e-06,10,0.0142031402850975,4.6875
0.0,47,63.5,192399.26605504588,0.0,0.0,0.0,0.0,0.0,0.0,0.0,0,0,0,0,0,5.197525024414063e-05,0.0,0.0,0.0,0.0,0.0,0.0,0.0,0.0,0.0,0.0,0.0,0.0,0.0,1.0,1.0,5920,592,592,592.0,0.0,592.0,6.198883056640625e-06,10,0.0,0.0
0.0,47,63.5,192399.26605504588,0.0,0.0,0.0,0.0,0.0,0.0,0.0,0,0,0,0,0,5.197525024414063e-05,0.0,0.0,0.0,0.0,0.0,0.0,0.0,0.0,0.0,0.0,0.0,0.0,0.0,1.0,1.0,5920,592,592,592.0,0.0,592.0,6.008148193359375e-06,10,0.0,0.0
0.0,47,63.5,195995.5140186916,0.0,0.0,0.0,0.0,0.0,0.0,0.0,0,0,0,0,0,5.1021575927734375e-05,0.0,0.0,0.0,0.0,0.0,0.0,0.0,0.0,0.0,0.0,0.0,0.0,0.0,1.0,1.0,5920,592,592,592.0,0.0,592.0,5.888938903808594e-06,10,0.0,0.0
0.0,47,63.5,192399.26605504588,0.0,0.0,0.0,0.0,0.0,0.0,0.0,0,0,0,0,0,5.197525024414063e-05,0.0,0.0,0.0,0.0,0.0,0.0,0.0,0.0,0.0,0.0,0.0,0.0,0.0,1.0,1.0,5920,592,592,592.0,0.0,592.0,6.008148193359375e-06,10,0.0,0.0
0.0,47,63.5,172605.10288065844,0.0,0.0,0.0,0.0,0.0,0.0,0.0,0,0,0,0,0,5.793571472167969e-05,0.0,0.0,0.0,0.0,0.0,0.0,0.0,0.0,0.0,0.0,0.0,0.0,0.0,1.0,1.0,5920,592,592,592.0,0.0,592.0,6.699562072753907e-06,10,0.0,0.0
0.0,47,63.5,158875.15151515152,0.0,0.0,0.0,0.0,0.0,0.0,0.0,0,0,0,0,0,6.29425048828125e-05,0.0,0.0,0.0,0.0,0.0,0.0,0.0,0.0,0.0,0.0,0.0,0.0,0.0,1.0,1.0,5920,592,592,592.0,0.0,592.0,6.308555603027344e-05,10,0.0,0.0
0.0,47,63.5,3159.551035781544,0.0,0.0,0.0,0.0,0.0,0.0,0.0,0,0,0,0,0,0.0031650066375732,0.0,0.0,0.0,0.0,0.0,0.0,0.0,0.0,0.0,0.0,0.0,0.0,0.0,1.0,1.0,5920,592,592,592.0,0.0,592.0,0.0005961179733276,10,0.0,0.0
0.0,47,63.5,20078.04691239828,0.0,0.0,0.0,0.0,0.0,0.0,0.0,0,0,0,0,0,0.0004980564117431,0.0,0.0,0.0,0.0,0.0,0.0,0.0,0.0,0.0,0.0,0.0,0.0,0.0,1.0,1.0,5696,480,592,569.6,47.2233463918478,569.6,0.0005311012268066,10,0.2200355523861832,2007.04
0.0,47,63.5,3965.1200605029303,0.0,0.0,0.0,0.0,0.0,0.0,0.0,0,0,0,0,0,0.0025219917297363,0.0,0.0,0.0,0.0,0.0,0.0,0.0,0.0,0.0,0.0,0.0,0.0,0.0,1.0,1.0,5926,561,640,592.6,30.35786553761644,592.6,0.0004577875137329,10,0.0751307001054034,829.4399999999999
0.0,47,63.5,1366.31181184442,0.0,0.0,0.0,0.0,0.0,0.0,0.0,0,0,0,0,0,0.0073189735412597,0.0,0.0,0.0,0.0,0.0,0.0,0.0,0.0,0.0,0.0,0.0,0.0,0.0,1.0,1.0,5856,563,597,585.6,12.393546707863736,585.6,0.000934100151062,10,0.0644044951869154,152.88888888888889
0.0,47,63.5,178481.02127659574,0.0,0.0,0.0,0.0,0.0,0.0,0.0,0,0,0,0,0,5.602836608886719e-05,0.0,0.0,0.0,0.0,0.0,0.0,0.0,0.0,0.0,0.0,0.0,0.0,0.0,1.0,1.0,5820,563,607,582.0,15.420044674960502,582.0,7.200241088867187e-06,10,0.0656373693987919,214.0
0.0,47,63.5,2255.2446499623616,0.0,0.0,0.0,0.0,0.0,0.0,0.0,0,0,0,0,0,0.0044341087341308,0.0,0.0,0.0,0.0,0.0,0.0,0.0,0.0,0.0,0.0,0.0,0.0,0.0,1.0,1.0,5798,571,593,579.8,7.757433710820722,579.8,0.0004444122314453,10,0.0488828881964399,88.66666666666667
0.0,47,63.5,821.751924923101,0.0,0.0,0.0,0.0,0.0,0.0,0.0,0,0,0,0,0,0.0121691226959228,0.0,0.0,0.0,0.0,0.0,0.0,0.0,0.0,0.0,0.0,0.0,0.0,0.0,1.0,1.0,5810,581,581,581.0,0.0,581.0,0.0012183904647827,10,0.0,0.0
0.0,47,63.5,76959.70642201835,0.0,0.0,0.0,0.0,0.0,0.0,0.0,0,0,0,0,0,0.0001299381256103,0.0,0.0,0.0,0.0,0.0,0.0,0.0,0.0,0.0,0.0,0.0,0.0,0.0,1.0,1.0,5810,581,581,581.0,0.0,581.0,1.7189979553222655e-05,10,0.0,0.0
0.0,47,63.5,80659.69230769231,0.0,0.0,0.0,0.0,0.0,0.0,0.0,0,0,0,0,0,0.0001239776611328,0.0,0.0,0.0,0.0,0.0,0.0,0.0,0.0,0.0,0.0,0.0,0.0,0.0,1.0,1.0,5810,581,581,581.0,0.0,581.0,1.4400482177734376e-05,10,0.0,0.0
0.0,47,63.5,72944.41739130435,0.0,0.0,0.0,0.0,0.0,0.0,0.0,0,0,0,0,0,0.0001370906829833,0.0,0.0,0.0,0.0,0.0,0.0,0.0,0.0,0.0,0.0,0.0,0.0,0.0,1.0,1.0,5718,535,581,571.8,19.395302982366054,571.8,1.571178436279297e-05,10,0.1149723706228966,338.56
0.0,47,63.5,2895.2191620073168,0.0,0.0,0.0,0.0,0.0,0.0,0.0,0,0,0,0,0,0.0034539699554443,0.0,0.0,0.0,0.0,0.0,0.0,0.0,0.0,0.0,0.0,0.0,0.0,0.0,1.0,1.0,5916,572,640,591.6,26.251772426934444,591.6,0.0003474950790405,10,0.054712612015836,756.25
0.0,47,63.5,639.5120909950294,0.0,0.0,0.0,0.0,0.0,0.0,0.0,0,0,0,0,0,0.015636920928955,0.0,0.0,0.0,0.0,0.0,0.0,0.0,0.0,0.0,0.0,0.0,0.0,0.0,1.0,1.0,5800,571,589,580.0,6.9602043392737,580.0,0.0018681049346923,10,0.0485581288396465,44.0
0.0,47,63.5,7910.795926065635,0.0,0.0,0.0,0.0,0.0,0.0,0.0,0,0,0,0,0,0.0012640953063964,0.0,0.0,0.0,0.0,0.0,0.0,0.0,0.0,0.0,0.0,0.0,0.0,0.0,1.0,1.0,5820,569,590,582.0,7.393691004272944,582.0,0.0014518976211547,10,0.0521429739675006,49.2
0.0,47,63.5,1064.7333282562893,0.0,0.0,0.0,0.0,0.0,0.0,0.0,0,0,0,0,0,0.0093920230865478,0.0,0.0,0.0,0.0,0.0,0.0,0.0,0.0,0.0,0.0,0.0,0.0,0.0,1.0,1.0,5726,568,578,572.6,3.627058802329452,572.6,0.0009407997131347,10,0.0523127286737169,12.6875
0.0,47,63.5,588.7899376719636,0.0,0.0,0.0,0.0,0.0,0.0,0.0,0,0,0,0,0,0.0169839859008789,0.0,0.0,0.0,0.0,0.0,0.0,0.0,0.0,0.0,0.0,0.0,0.0,0.0,1.0,1.0,5984,588,628,598.4,15.86890740480334,598.4,0.0017024993896484,10,0.0232169681204206,400.0
0.0,47,63.5,50231.18562874252,0.0,0.0,0.0,0.0,0.0,0.0,0.0,0,0,0,0,0,0.0001990795135498,0.0,0.0,0.0,0.0,0.0,0.0,0.0,0.0,0.0,0.0,0.0,0.0,0.0,1.0,1.0,5938,590,599,593.8,3.73571352696584,593.8,2.2411346435546875e-05,10,0.0148661302623449,12.56
0.0,47,63.5,65433.75975039002,0.0,0.0,0.0,0.0,0.0,0.0,0.0,0,0,0,0,0,0.0001528263092041,0.0,0.0,0.0,0.0,0.0,0.0,0.0,0.0,0.0,0.0,0.0,0.0,0.0,1.0,1.0,5918,588,594,591.8,2.14993539954628,591.8,0.0001630783081054,10,0.0176284076843591,6.25
0.0,47,63.5,404.4495872868935,0.0,0.0,0.0,0.0,0.0,0.0,0.0,0,0,0,0,0,0.0247249603271484,0.0,0.0,0.0,0.0,0.0,0.0,0.0,0.0,0.0,0.0,0.0,0.0,0.0,1.0,1.0,5932,592,595,593.2,1.2292725943057183,593.2,0.0024748086929321,10,0.0104368464840164,1.36
0.0,47,63.5,1466.4885843152338,0.0,0.0,0.0,0.0,0.0,0.0,0.0,0,0,0,0,0,0.0068190097808837,0.0,0.0,0.0,0.0,0.0,0.0,0.0,0.0,0.0,0.0,0.0,0.0,0.0,1.0,1.0,5920,592,592,592.0,0.0,592.0,0.0006837129592895,10,0.0,0.0
0.0,47,63.5,11831.605077574048,0.0,0.0,0.0,0.0,0.0,0.0,0.0,0,0,0,0,0,0.000845193862915,0.0,0.0,0.0,0.0,0.0,0.0,0.0,0.0,0.0,0.0,0.0,0.0,0.0,1.0,1.0,5920,592,592,592.0,0.0,592.0,8.599758148193359e-05,10,0.0,0.0
0.0,47,63.5,68985.26315789473,0.0,0.0,0.0,0.0,0.0,0.0,0.0,0,0,0,0,0,0.0001449584960937,0.0,0.0,0.0,0.0,0.0,0.0,0.0,0.0,0.0,0.0,0.0,0.0,0.0,1.0,1.0,5920,592,592,592.0,0.0,592.0,1.8382072448730467e-05,10,0.0,0.0
0.0,47,63.5,2026.723363131191,0.0,0.0,0.0,0.0,0.0,0.0,0.0,0,0,0,0,0,0.0049340724945068,0.0,0.0,0.0,0.0,0.0,0.0,0.0,0.0,0.0,0.0,0.0,0.0,0.0,1.0,1.0,5920,592,592,592.0,0.0,592.0,0.0004958152770996,10,0.0,0.0
0.0,47,63.5,59493.67375886525,0.0,0.0,0.0,0.0,0.0,0.0,0.0,0,0,0,0,0,0.0001680850982666,0.0,0.0,0.0,0.0,0.0,0.0,0.0,0.0,0.0,0.0,0.0,0.0,0.0,1.0,1.0,5920,592,592,592.0,0.0,592.0,1.8405914306640626e-05,10,0.0,0.0
0.0,47,63.5,69905.06666666667,0.0,0.0,0.0,0.0,0.0,0.0,0.0,0,0,0,0,0,0.0001430511474609,0.0,0.0,0.0,0.0,0.0,0.0,0.0,0.0,0.0,0.0,0.0,0.0,0.0,1.0,1.0,5920,592,592,592.0,0.0,592.0,1.7189979553222655e-05,10,0.0,0.0
0.0,47,63.5,73584.28070175438,0.0,0.0,0.0,0.0,0.0,0.0,0.0,0,0,0,0,0,0.0001358985900878,0.0,0.0,0.0,0.0,0.0,0.0,0.0,0.0,0.0,0.0,0.0,0.0,0.0,1.0,1.0,5920,592,592,592.0,0.0,592.0,1.5997886657714842e-05,10,0.0,0.0
0.0,47,63.5,70021.76961602671,0.0,0.0,0.0,0.0,0.0,0.0,0.0,0,0,0,0,0,0.0001428127288818,0.0,0.0,0.0,0.0,0.0,0.0,0.0,0.0,0.0,0.0,0.0,0.0,0.0,1.0,1.0,5920,592,592,592.0,0.0,592.0,1.6689300537109375e-05,10,0.0,0.0
0.0,47,63.5,103054.15233415231,0.0,0.0,0.0,0.0,0.0,0.0,0.0,0,0,0,0,0,9.703636169433594e-05,0.0,0.0,0.0,0.0,0.0,0.0,0.0,0.0,0.0,0.0,0.0,0.0,0.0,1.0,1.0,5920,592,592,592.0,0.0,592.0,1.2111663818359374e-05,10,0.0,0.0
0.0,47,63.5,114912.43835616438,0.0,0.0,0.0,0.0,0.0,0.0,0.0,0,0,0,0,0,8.702278137207031e-05,0.0,0.0,0.0,0.0,0.0,0.0,0.0,0.0,0.0,0.0,0.0,0.0,0.0,1.0,1.0,5920,592,592,592.0,0.0,592.0,1.0204315185546874e-05,10,0.0,0.0
0.0,47,63.5,117817.52808988764,0.0,0.0,0.0,0.0,0.0,0.0,0.0,0,0,0,0,0,8.487701416015625e-05,0.0,0.0,0.0,0.0,0.0,0.0,0.0,0.0,0.0,0.0,0.0,0.0,0.0,1.0,1.0,5920,592,592,592.0,0.0,592.0,9.989738464355468e-06,10,0.0,0.0
0.0,47,63.5,52103.1552795031,0.0,0.0,0.0,0.0,0.0,0.0,0.0,0,0,0,0,0,0.0001919269561767,0.0,0.0,0.0,0.0,0.0,0.0,0.0,0.0,0.0,0.0,0.0,0.0,0.0,1.0,1.0,5920,592,592,592.0,0.0,592.0,2.0694732666015624e-05,10,0.0,0.0
0.0,47,63.5,70849.72972972973,0.0,0.0,0.0,0.0,0.0,0.0,0.0,0,0,0,0,0,0.0001411437988281,0.0,0.0,0.0,0.0,0.0,0.0,0.0,0.0,0.0,0.0,0.0,0.0,0.0,1.0,1.0,5920,592,592,592.0,0.0,592.0,1.6617774963378907e-05,10,0.0,0.0
0.0,47,63.5,52038.51116625311,0.0,0.0,0.0,0.0,0.0,0.0,0.0,0,0,0,0,0,0.0001921653747558,0.0,0.0,0.0,0.0,0.0,0.0,0.0,0.0,0.0,0.0,0.0,0.0,0.0,1.0,1.0,5920,592,592,592.0,0.0,592.0,0.0034832000732421,10,0.0,0.0
0.0,47,63.5,82080.31311154598,0.0,0.0,0.0,0.0,0.0,0.0,0.0,0,0,0,0,0,0.0001218318939208,0.0,0.0,0.0,0.0,0.0,0.0,0.0,0.0,0.0,0.0,0.0,0.0,0.0,1.0,1.0,5920,592,592,592.0,0.0,592.0,1.4185905456542969e-05,10,0.0,0.0
0.0,47,63.5,37991.884057971016,0.0,0.0,0.0,0.0,0.0,0.0,0.0,0,0,0,0,0,0.0002632141113281,0.0,0.0,0.0,0.0,0.0,0.0,0.0,0.0,0.0,0.0,0.0,0.0,0.0,1.0,1.0,5920,592,592,592.0,0.0,592.0,3.461837768554687e-05,10,0.0,0.0
0.0,47,63.5,85598.04081632652,0.0,0.0,0.0,0.0,0.0,0.0,0.0,0,0,0,0,0,0.0001168251037597,0.0,0.0,0.0,0.0,0.0,0.0,0.0,0.0,0.0,0.0,0.0,0.0,0.0,1.0,1.0,5920,592,592,592.0,0.0,592.0,0.0001094818115234,10,0.0,0.0
0.0,47,63.5,108660.72538860104,0.0,0.0,0.0,0.0,0.0,0.0,0.0,0,0,0,0,0,9.202957153320312e-05,0.0,0.0,0.0,0.0,0.0,0.0,0.0,0.0,0.0,0.0,0.0,0.0,0.0,1.0,1.0,5920,592,592,592.0,0.0,592.0,1.010894775390625e-05,10,0.0,0.0
0.0,47,63.5,1119.82485649446,0.0,0.0,0.0,0.0,0.0,0.0,0.0,0,0,0,0,0,0.008929967880249,0.0,0.0,0.0,0.0,0.0,0.0,0.0,0.0,0.0,0.0,0.0,0.0,0.0,1.0,1.0,5920,592,592,592.0,0.0,592.0,0.0008939027786254,10,0.0,0.0
0.0,47,63.5,1233.8002647448154,0.0,0.0,0.0,0.0,0.0,0.0,0.0,0,0,0,0,0,0.0081050395965576,0.0,0.0,0.0,0.0,0.0,0.0,0.0,0.0,0.0,0.0,0.0,0.0,0.0,1.0,1.0,5920,592,592,592.0,0.0,592.0,0.0008125066757202,10,0.0,0.0
0.0,47,63.5,621.0379495683848,0.0,0.0,0.0,0.0,0.0,0.0,0.0,0,0,0,0,0,0.0161020755767822,0.0,0.0,0.0,0.0,0.0,0.0,0.0,0.0,0.0,0.0,0.0,0.0,0.0,1.0,1.0,5920,592,592,592.0,0.0,592.0,0.0016114950180053,10,0.0,0.0
0.0,47,63.5,17389.320066334993,0.0,0.0,0.0,0.0,0.0,0.0,0.0,0,0,0,0,0,0.0005750656127929,0.0,0.0,0.0,0.0,0.0,0.0,0.0,0.0,0.0,0.0,0.0,0.0,0.0,1.0,1.0,5920,592,592,592.0,0.0,592.0,6.148815155029296e-05,10,0.0,0.0
0.0,47,63.5,864.8941127951335,0.0,0.0,0.0,0.0,0.0,0.0,0.0,0,0,0,0,0,0.0115621089935302,0.0,0.0,0.0,0.0,0.0,0.0,0.0,0.0,0.0,0.0,0.0,0.0,0.0,1.0,1.0,5920,592,592,592.0,0.0,592.0,0.0011619091033935,10,0.0,0.0
0.0,47,63.5,3568.7092657193907,0.0,0.0,0.0,0.0,0.0,0.0,0.0,0,0,0,0,0,0.0028021335601806,0.0,0.0,0.0,0.0,0.0,0.0,0.0,0.0,0.0,0.0,0.0,0.0,0.0,1.0,1.0,5676,470,592,567.6,51.43971660540564,567.6,0.0002835035324096,10,0.238794432956378,2381.44
0.0,47,63.5,63262.503770739066,0.0,0.0,0.0,0.0,0.0,0.0,0.0,0,0,0,0,0,0.0001580715179443,0.0,0.0,0.0,0.0,0.0,0.0,0.0,0.0,0.0,0.0,0.0,0.0,0.0,1.0,1.0,5928,573,640,592.8,26.16528658780985,592.8,1.8596649169921875e-05,10,0.0529732511444102,746.0
0.0,47,63.5,7456.540444444445,0.0,0.0,0.0,0.0,0.0,0.0,0.0,0,0,0,0,0,0.0013411045074462,0.0,0.0,0.0,0.0,0.0,0.0,0.0,0.0,0.0,0.0,0.0,0.0,0.0,1.0,1.0,5832,575,603,583.2,11.282237760696628,583.2,0.0001357078552246,10,0.0435022323741974,114.56
0.0,47,63.5,1123.6047041174422,0.0,0.0,0.0,0.0,0.0,0.0,0.0,0,0,0,0,0,0.0088999271392822,0.0,0.0,0.0,0.0,0.0,0.0,0.0,0.0,0.0,0.0,0.0,0.0,0.0,1.0,1.0,5778,565,593,577.8,9.413937657655389,577.8,0.0010430812835693,10,0.0597824616442224,131.55555555555557
0.0,47,63.5,5279.838872104733,0.0,0.0,0.0,0.0,0.0,0.0,0.0,0,0,0,0,0,0.0018939971923828,0.0,0.0,0.0,0.0,0.0,0.0,0.0,0.0,0.0,0.0,0.0,0.0,0.0,1.0,1.0,5800,550,605,580.0,19.40217628114033,580.0,0.0001928091049194,10,0.0894132205298853,756.25
0.0,47,63.5,2295.2303819634453,0.0,0.0,0.0,0.0,0.0,0.0,0.0,0,0,0,0,0,0.0043568611145019,0.0,0.0,0.0,0.0,0.0,0.0,0.0,0.0,0.0,0.0,0.0,0.0,0.0,1.0,1.0,5920,592,592,592.0,0.0,592.0,0.000437593460083,10,0.0,0.0
0.0,47,63.5,3324.327494650075,0.0,0.0,0.0,0.0,0.0,0.0,0.0,0,0,0,0,0,0.0030081272125244,0.0,0.0,0.0,0.0,0.0,0.0,0.0,0.0,0.0,0.0,0.0,0.0,0.0,1.0,1.0,5920,592,592,592.0,0.0,592.0,0.0003935098648071,10,0.0,0.0
0.0,47,63.5,867.2367876933256,0.0,0.0,0.0,0.0,0.0,0.0,0.0,0,0,0,0,0,0.0115308761596679,0.0,0.0,0.0,0.0,0.0,0.0,0.0,0.0,0.0,0.0,0.0,0.0,0.0,1.0,1.0,5920,592,592,592.0,0.0,592.0,0.0013583898544311,10,0.0,0.0
0.0,47,63.5,137068.75816993465,0.0,0.0,0.0,0.0,0.0,0.0,0.0,0,0,0,0,0,7.295608520507812e-05,0.0,0.0,0.0,0.0,0.0,0.0,0.0,0.0,0.0,0.0,0.0,0.0,0.0,1.0,1.0,5780,522,592,578.0,29.514591494904877,578.0,8.797645568847656e-06,10,0.1412482539913644,784.0
0.0,47,63.5,5244.19104776194,0.0,0.0,0.0,0.0,0.0,0.0,0.0,0,0,0,0,0,0.0019068717956542,0.0,0.0,0.0,0.0,0.0,0.0,0.0,0.0,0.0,0.0,0.0,0.0,0.0,1.0,1.0,5922,574,640,592.2,25.63331166015556,592.2,0.0001919031143188,10,0.0510524158378809,725.76
0.0,47,63.5,1616.0530168760115,0.0,0.0,0.0,0.0,0.0,0.0,0.0,0,0,0,0,0,0.0061879158020019,0.0,0.0,0.0,0.0,0.0,0.0,0.0,0.0,0.0,0.0,0.0,0.0,0.0,1.0,1.0,5830,581,587,583.0,2.4037008503093262,583.0,0.0010642051696777,10,0.029660691578382,6.888888888888888
0.0,47,63.5,74.40469031336757,0.0,0.0,0.0,0.0,0.0,0.0,0.0,0,0,0,0,0,0.1344001293182373,0.0,0.0,0.0,0.0,0.0,0.0,0.0,0.0,0.0,0.0,0.0,0.0,0.0,1.0,1.0,5794,567,587,579.4,8.235424835563872,579.4,0.0134423017501831,10,0.0558941226610153,61.04
0.0,47,63.5,131.4907157479599,0.0,0.0,0.0,0.0,0.0,0.0,0.0,0,0,0,0,0,0.0760509967803955,0.0,0.0,0.0,0.0,0.0,0.0,0.0,0.0,0.0,0.0,0.0,0.0,0.0,1.0,1.0,5656,506,587,565.6,31.767208809644508,565.6,0.0087945938110351,10,0.1694319601806968,908.24
0.0,47,63.5,295.57751124015164,0.0,0.0,0.0,0.0,0.0,0.0,0.0,0,0,0,0,0,0.0338320732116699,0.0,0.0,0.0,0.0,0.0,0.0,0.0,0.0,0.0,0.0,0.0,0.0,0.0,1.0,1.0,5954,576,640,595.4,24.50940862426328,595.4,0.0035706996917724,10,0.0471863226971799,834.5600000000001
0.0,47,63.5,1037.552009894867,0.0,0.0,0.0,0.0,0.0,0.0,0.0,0,0,0,0,0,0.0096380710601806,0.0,0.0,0.0,0.0,0.0,0.0,0.0,0.0,0.0,0.0,0.0,0.0,0.0,1.0,1.0,5796,573,591,579.6,7.042726744663603,579.6,0.0024640083312988,10,0.0451834851667061,48.22222222222223
0.0,47,63.5,6009.031518624642,0.0,0.0,0.0,0.0,0.0,0.0,0.0,0,0,0,0,0,0.0016641616821289,0.0,0.0,0.0,0.0,0.0,0.0,0.0,0.0,0.0,0.0,0.0,0.0,0.0,1.0,1.0,5782,572,587,578.2,5.788878225624643,578.2,0.0001687049865722,10,0.0463768474339904,30.160000000000004
0.0,47,63.5,801.4185264445124,0.0,0.0,0.0,0.0,0.0,0.0,0.0,0,0,0,0,0,0.0124778747558593,0.0,0.0,0.0,0.0,0.0,0.0,0.0,0.0,0.0,0.0,0.0,0.0,0.0,1.0,1.0,5848,577,592,584.8,5.553777493242275,584.8,0.0015268802642822,10,0.0377604267996471,27.76
0.0,47,63.5,175493.8912133891,0.0,0.0,0.0,0.0,0.0,0.0,0.0,0,0,0,0,0,5.698204040527344e-05,0.0,0.0,0.0,0.0,0.0,0.0,0.0,0.0,0.0,0.0,0.0,0.0,0.0,1.0,1.0,5920,592,592,592.0,0.0,592.0,8.20159912109375e-06,10,0.0,0.0
0.0,47,63.5,2738.3325716524123,0.0,0.0,0.0,0.0,0.0,0.0,0.0,0,0,0,0,0,0.0036518573760986,0.0,0.0,0.0,0.0,0.0,0.0,0.0,0.0,0.0,0.0,0.0,0.0,0.0,1.0,1.0,5920,592,592,592.0,0.0,592.0,0.0003659963607788,10,0.0,0.0
0.0,47,63.5,1607.1977621948884,0.0,0.0,0.0,0.0,0.0,0.0,0.0,0,0,0,0,0,0.0062220096588134,0.0,0.0,0.0,0.0,0.0,0.0,0.0,0.0,0.0,0.0,0.0,0.0,0.0,1.0,1.0,5920,592,592,592.0,0.0,592.0,0.0008195161819458,10,0.0,0.0
0.0,47,63.5,160.53400287822652,0.0,0.0,0.0,0.0,0.0,0.0,0.0,0,0,0,0,0,0.0622920989990234,0.0,0.0,0.0,0.0,0.0,0.0,0.0,0.0,0.0,0.0,0.0,0.0,0.0,1.0,1.0,5774,519,592,577.4,30.779502558972226,577.4,0.0067996978759765,10,0.1468759181624229,852.64
0.0,47,63.5,259.9619444289495,0.0,0.0,0.0,0.0,0.0,0.0,0.0,0,0,0,0,0,0.0384671688079834,0.0,0.0,0.0,0.0,0.0,0.0,0.0,0.0,0.0,0.0,0.0,0.0,0.0,1.0,1.0,5882,566,640,588.2,28.44409722010292,588.2,0.003850507736206,10,0.0658304574435812,1296.0
0.0,47,63.5,178.66120300047282,0.0,0.0,0.0,0.0,0.0,0.0,0.0,0,0,0,0,0,0.0559718608856201,0.0,0.0,0.0,0.0,0.0,0.0,0.0,0.0,0.0,0.0,0.0,0.0,0.0,1.0,1.0,5752,567,580,575.2,4.779586221049312,575.2,0.0068184852600097,10,0.0544863522430066,20.56
0.0,47,63.5,407.4790397637298,0.0,0.0,0.0,0.0,0.0,0.0,0.0,0,0,0,0,0,0.0245411396026611,0.0,0.0,0.0,0.0,0.0,0.0,0.0,0.0,0.0,0.0,0.0,0.0,0.0,1.0,1.0,5868,579,594,586.8,6.232531142677463,586.8,0.0027649164199829,10,0.0346286638862811,42.25
0.0,47,63.5,77528.72458410352,0.0,0.0,0.0,0.0,0.0,0.0,0.0,0,0,0,0,0,0.0001289844512939,0.0,0.0,0.0,0.0,0.0,0.0,0.0,0.0,0.0,0.0,0.0,0.0,0.0,1.0,1.0,5550,470,583,555.0,45.16143881183986,555.0,1.5687942504882812e-05,10,0.2362369137143911,1835.6
0.0,47,63.5,756.1528060718599,0.0,0.0,0.0,0.0,0.0,0.0,0.0,0,0,0,0,0,0.0132248401641845,0.0,0.0,0.0,0.0,0.0,0.0,0.0,0.0,0.0,0.0,0.0,0.0,0.0,1.0,1.0,5940,578,640,594.0,24.404006956964167,594.0,0.0015472888946533,10,0.0437351262739889,961.0
0.0,47,63.5,462.2179121254532,0.0,0.0,0.0,0.0,0.0,0.0,0.0,0,0,0,0,0,0.021634817123413,0.0,0.0,0.0,0.0,0.0,0.0,0.0,0.0,0.0,0.0,0.0,0.0,0.0,1.0,1.0,5874,573,600,587.4,11.087530533591927,587.4,0.003079605102539,10,0.046831176438164,120.25
0.0,47,63.5,996.7926232235372,0.0,0.0,0.0,0.0,0.0,0.0,0.0,0,0,0,0,0,0.0100321769714355,0.0,0.0,0.0,0.0,0.0,0.0,0.0,0.0,0.0,0.0,0.0,0.0,0.0,1.0,1.0,5794,558,597,579.4,13.801771222886174,579.4,0.0010048151016235,10,0.0734987995253549,171.44
0.0,47,63.5,628.5767380520629,0.0,0.0,0.0,0.0,0.0,0.0,0.0,0,0,0,0,0,0.0159089565277099,0.0,0.0,0.0,0.0,0.0,0.0,0.0,0.0,0.0,0.0,0.0,0.0,0.0,1.0,1.0,5772,563,592,577.2,10.29347150166335,577.2,0.0016063928604125,10,0.0635490085509176,140.66666666666666
0.0,47,63.5,67978.99513776337,0.0,0.0,0.0,0.0,0.0,0.0,0.0,0,0,0,0,0,0.0001471042633056,0.0,0.0,0.0,0.0,0.0,0.0,0.0,0.0,0.0,0.0,0.0,0.0,0.0,1.0,1.0,5982,590,628,598.2,15.725421739619222,598.2,1.5997886657714842e-05,10,0.0197502577998514,342.25
0.0,47,63.5,136622.28013029316,0.0,0.0,0.0,0.0,0.0,0.0,0.0,0,0,0,0,0,7.319450378417969e-05,0.0,0.0,0.0,0.0,0.0,0.0,0.0,0.0,0.0,0.0,0.0,0.0,0.0,1.0,1.0,5922,589,599,592.2,3.852848873813304,592.2,9.608268737792968e-06,10,0.0166179765172365,15.1875
0.0,47,63.5,96199.63302752294,0.0,0.0,0.0,0.0,0.0,0.0,0.0,0,0,0,0,0,0.0001039505004882,0.0,0.0,0.0,0.0,0.0,0.0,0.0,0.0,0.0,0.0,0.0,0.0,0.0,1.0,1.0,5924,587,601,592.4,5.232377832092955,592.4,1.1587142944335938e-05,10,0.0205882014336813,30.6875
0.0,47,63.5,87018.75518672199,0.0,0.0,0.0,0.0,0.0,0.0,0.0,0,0,0,0,0,0.0001149177551269,0.0,0.0,0.0,0.0,0.0,0.0,0.0,0.0,0.0,0.0,0.0,0.0,0.0,1.0,1.0,5900,586,592,590.0,2.4037008503093262,590.0,1.2302398681640624e-05,10,0.021140041578382,5.283950617283951
0.0,47,63.5,74631.743772242,0.0,0.0,0.0,0.0,0.0,0.0,0.0,0,0,0,0,0,0.000133991241455,0.0,0.0,0.0,0.0,0.0,0.0,0.0,0.0,0.0,0.0,0.0,0.0,0.0,1.0,1.0,5920,592,592,592.0,0.0,592.0,1.5091896057128906e-05,10,0.0,0.0
0.0,47,63.5,97090.37037037036,0.0,0.0,0.0,0.0,0.0,0.0,0.0,0,0,0,0,0,0.0001029968261718,0.0,0.0,0.0,0.0,0.0,0.0,0.0,0.0,0.0,0.0,0.0,0.0,0.0,1.0,1.0,5920,592,592,592.0,0.0,592.0,0.0004453182220458,10,0.0,0.0
0.0,47,63.5,80659.69230769231,0.0,0.0,0.0,0.0,0.0,0.0,0.0,0,0,0,0,0,0.0001239776611328,0.0,0.0,0.0,0.0,0.0,0.0,0.0,0.0,0.0,0.0,0.0,0.0,0.0,1.0,1.0,5920,592,592,592.0,0.0,592.0,1.3589859008789062e-05,10,0.0,0.0
0.0,47,63.5,485.2272096251736,0.0,0.0,0.0,0.0,0.0,0.0,0.0,0,0,0,0,0,0.020608901977539,0.0,0.0,0.0,0.0,0.0,0.0,0.0,0.0,0.0,0.0,0.0,0.0,0.0,1.0,1.0,5676,470,592,567.6,51.43971660540564,567.6,0.0020663976669311,10,0.238794432956378,2381.44
0.0,47,63.5,4946.11320754717,0.0,0.0,0.0,0.0,0.0,0.0,0.0,0,0,0,0,0,0.0020217895507812,0.0,0.0,0.0,0.0,0.0,0.0,0.0,0.0,0.0,0.0,0.0,0.0,0.0,1.0,1.0,5990,561,640,599.0,26.599916457680003,599.0,0.0002064943313598,10,0.0735998619682005,1560.25
0.0,47,63.5,79891.50476190477,0.0,0.0,0.0,0.0,0.0,0.0,0.0,0,0,0,0,0,0.0001251697540283,0.0,0.0,0.0,0.0,0.0,0.0,0.0,0.0,0.0,0.0,0.0,0.0,0.0,1.0,1.0,5862,570,597,586.2,11.12354859446091,586.2,1.4519691467285156e-05,10,0.0519582387554395,169.0
0.0,47,63.5,3315.6553359683794,0.0,0.0,0.0,0.0,0.0,0.0,0.0,0,0,0,0,0,0.0030159950256347,0.0,0.0,0.0,0.0,0.0,0.0,0.0,0.0,0.0,0.0,0.0,0.0,0.0,1.0,1.0,5752,563,586,575.2,9.507891459203767,575.2,0.0003046989440917,10,0.0632289946648212,100.0
0.0,47,63.5,1641.7990370689315,0.0,0.0,0.0,0.0,0.0,0.0,0.0,0,0,0,0,0,0.0060908794403076,0.0,0.0,0.0,0.0,0.0,0.0,0.0,0.0,0.0,0.0,0.0,0.0,0.0,1.0,1.0,5624,515,593,562.4,27.24049273497901,562.4,0.0006107807159423,10,0.1522507871205211,667.84
0.0,47,63.5,181571.60173160167,0.0,0.0,0.0,0.0,0.0,0.0,0.0,0,0,0,0,0,5.507469177246094e-05,0.0,0.0,0.0,0.0,0.0,0.0,0.0,0.0,0.0,0.0,0.0,0.0,0.0,1.0,1.0,5954,574,640,595.4,24.400364296005456,595.4,7.915496826171876e-06,10,0.0505501623996207,891.8399999999999
0.0,47,63.5,17001.637616538304,0.0,0.0,0.0,0.0,0.0,0.0,0.0,0,0,0,0,0,0.0005881786346435,0.0,0.0,0.0,0.0,0.0,0.0,0.0,0.0,0.0,0.0,0.0,0.0,0.0,1.0,1.0,5804,568,592,580.4,10.34085747572866,580.4,5.960464477539063e-05,10,0.0550476617013128,111.1875
0.0,47,63.5,175493.8912133891,0.0,0.0,0.0,0.0,0.0,0.0,0.0,0,0,0,0,0,5.698204040527344e-05,0.0,0.0,0.0,0.0,0.0,0.0,0.0,0.0,0.0,0.0,0.0,0.0,0.0,1.0,1.0,5836,567,592,583.6,9.766154707855993,583.6,6.794929504394531e-06,10,0.0565176807817922,113.55555555555556
0.0,47,63.5,117487.50700280113,0.0,0.0,0.0,0.0,0.0,0.0,0.0,0,0,0,0,0,8.511543273925781e-05,0.0,0.0,0.0,0.0,0.0,0.0,0.0,0.0,0.0,0.0,0.0,0.0,0.0,1.0,1.0,5804,569,593,580.4,10.782702196883054,580.4,1.2898445129394532e-05,10,0.0535235215669222,121.0
0.0,47,63.5,135300.12903225806,0.0,0.0,0.0,0.0,0.0,0.0,0.0,0,0,0,0,0,7.390975952148438e-05,0.0,0.0,0.0,0.0,0.0,0.0,0.0,0.0,0.0,0.0,0.0,0.0,0.0,1.0,1.0,5920,592,592,592.0,0.0,592.0,8.296966552734374e-06,10,0.0,0.0
0.0,47,63.5,144631.1724137931,0.0,0.0,0.0,0.0,0.0,0.0,0.0,0,0,0,0,0,6.914138793945312e-05,0.0,0.0,0.0,0.0,0.0,0.0,0.0,0.0,0.0,0.0,0.0,0.0,0.0,1.0,1.0,5920,592,592,592.0,0.0,592.0,8.106231689453125e-06,10,0.0,0.0
0.0,47,63.5,153637.50915750916,0.0,0.0,0.0,0.0,0.0,0.0,0.0,0,0,0,0,0,6.508827209472656e-05,0.0,0.0,0.0,0.0,0.0,0.0,0.0,0.0,0.0,0.0,0.0,0.0,0.0,1.0,1.0,5920,592,592,592.0,0.0,592.0,7.605552673339843e-06,10,0.0,0.0
0.0,47,63.5,143150.3071672355,0.0,0.0,0.0,0.0,0.0,0.0,0.0,0,0,0,0,0,6.985664367675781e-05,0.0,0.0,0.0,0.0,0.0,0.0,0.0,0.0,0.0,0.0,0.0,0.0,0.0,1.0,1.0,5920,592,592,592.0,0.0,592.0,8.082389831542968e-06,10,0.0,0.0
0.0,47,63.5,151418.91696750902,0.0,0.0,0.0,0.0,0.0,0.0,0.0,0,0,0,0,0,6.604194641113281e-05,0.0,0.0,0.0,0.0,0.0,0.0,0.0,0.0,0.0,0.0,0.0,0.0,0.0,1.0,1.0,5920,592,592,592.0,0.0,592.0,7.700920104980468e-06,10,0.0,0.0
0.0,47,63.5,601.8689013890483,0.0,0.0,0.0,0.0,0.0,0.0,0.0,0,0,0,0,0,0.0166149139404296,0.0,0.0,0.0,0.0,0.0,0.0,0.0,0.0,0.0,0.0,0.0,0.0,0.0,1.0,1.0,5920,592,592,592.0,0.0,592.0,0.001662802696228,10,0.0,0.0
0.0,47,63.5,6301.538461538462,0.0,0.0,0.0,0.0,0.0,0.0,0.0,0,0,0,0,0,0.0015869140625,0.0,0.0,0.0,0.0,0.0,0.0,0.0,0.0,0.0,0.0,0.0,0.0,0.0,1.0,1.0,5920,592,592,592.0,0.0,592.0,0.0001625061035156,10,0.0,0.0
0.0,47,63.5,144631.1724137931,0.0,0.0,0.0,0.0,0.0,0.0,0.0,0,0,0,0,0,6.914138793945312e-05,0.0,0.0,0.0,0.0,0.0,0.0,0.0,0.0,0.0,0.0,0.0,0.0,0.0,1.0,1.0,5676,470,592,567.6,51.43971660540564,567.6,1.64031982421875e-05,10,0.238794432956378,2381.44
0.0,47,63.5,166440.6349206349,0.0,0.0,0.0,0.0,0.0,0.0,0.0,0,0,0,0,0,6.008148193359375e-05,0.0,0.0,0.0,0.0,0.0,0.0,0.0,0.0,0.0,0.0,0.0,0.0,0.0,1.0,1.0,5976,572,640,597.6,23.791688558075165,597.6,6.890296936035156e-06,10,0.0537104722510175,1156.0
0.0,47,63.5,211.69454398627164,0.0,0.0,0.0,0.0,0.0,0.0,0.0,0,0,0,0,0,0.0472378730773925,0.0,0.0,0.0,0.0,0.0,0.0,0.0,0.0,0.0,0.0,0.0,0.0,0.0,1.0,1.0,5920,592,592,592.0,0.0,592.0,0.0047246932983398,10,0.0,0.0
0.0,47,63.5,2673.2339069471,0.0,0.0,0.0,0.0,0.0,0.0,0.0,0,0,0,0,0,0.0037407875061035,0.0,0.0,0.0,0.0,0.0,0.0,0.0,0.0,0.0,0.0,0.0,0.0,0.0,1.0,1.0,5920,592,592,592.0,0.0,592.0,0.0003787994384765,10,0.0,0.0
0.0,47,63.5,1088.835700007788,0.0,0.0,0.0,0.0,0.0,0.0,0.0,0,0,0,0,0,0.0091841220855712,0.0,0.0,0.0,0.0,0.0,0.0,0.0,0.0,0.0,0.0,0.0,0.0,0.0,1.0,1.0,5920,592,592,592.0,0.0,592.0,0.000920820236206,10,0.0,0.0
0.0,47,63.5,680.6946022266221,0.0,0.0,0.0,0.0,0.0,0.0,0.0,0,0,0,0,0,0.01469087600708,0.0,0.0,0.0,0.0,0.0,0.0,0.0,0.0,0.0,0.0,0.0,0.0,0.0,1.0,1.0,5920,592,592,592.0,0.0,592.0,0.0014702796936035,10,0.0,0.0
0.0,47,63.5,93622.85714285714,0.0,0.0,0.0,0.0,0.0,0.0,0.0,0,0,0,0,0,0.0001068115234375,0.0,0.0,0.0,0.0,0.0,0.0,0.0,0.0,0.0,0.0,0.0,0.0,0.0,1.0,1.0,5920,592,592,592.0,0.0,592.0,1.2803077697753909e-05,10,0.0,0.0
0.0,47,63.5,104077.0223325062,0.0,0.0,0.0,0.0,0.0,0.0,0.0,0,0,0,0,0,9.608268737792967e-05,0.0,0.0,0.0,0.0,0.0,0.0,0.0,0.0,0.0,0.0,0.0,0.0,0.0,1.0,1.0,5920,592,592,592.0,0.0,592.0,0.0001448154449462,10,0.0,0.0
0.0,47,63.5,112147.16577540108,0.0,0.0,0.0,0.0,0.0,0.0,0.0,0,0,0,0,0,8.916854858398438e-05,0.0,0.0,0.0,0.0,0.0,0.0,0.0,0.0,0.0,0.0,0.0,0.0,0.0,1.0,1.0,5920,592,592,592.0,0.0,592.0,1.0204315185546874e-05,10,0.0,0.0
0.0,47,63.5,123361.88235294116,0.0,0.0,0.0,0.0,0.0,0.0,0.0,0,0,0,0,0,8.106231689453125e-05,0.0,0.0,0.0,0.0,0.0,0.0,0.0,0.0,0.0,0.0,0.0,0.0,0.0,1.0,1.0,5904,558,628,590.4,23.754297856738827,590.4,9.298324584960938e-06,10,0.0775530607749211,612.75
0.0,47,63.5,161319.38461538462,0.0,0.0,0.0,0.0,0.0,0.0,0.0,0,0,0,0,0,6.198883056640625e-05,0.0,0.0,0.0,0.0,0.0,0.0,0.0,0.0,0.0,0.0,0.0,0.0,0.0,1.0,1.0,5900,586,595,590.0,3.197221015541813,590.0,7.390975952148437e-06,10,0.0214632899528911,10.25
0.0,47,63.5,86302.55144032922,0.0,0.0,0.0,0.0,0.0,0.0,0.0,0,0,0,0,0,0.0001158714294433,0.0,0.0,0.0,0.0,0.0,0.0,0.0,0.0,0.0,0.0,0.0,0.0,0.0,1.0,1.0,5914,587,598,591.4,4.033195589934446,591.4,1.25885009765625e-05,10,0.0200997025555156,16.5
0.0,47,63.5,154202.35294117648,0.0,0.0,0.0,0.0,0.0,0.0,0.0,0,0,0,0,0,6.4849853515625e-05,0.0,0.0,0.0,0.0,0.0,0.0,0.0,0.0,0.0,0.0,0.0,0.0,0.0,1.0,1.0,5938,590,599,593.8,3.73571352696584,593.8,7.700920104980468e-06,10,0.0148661302623449,20.25
0.0,47,63.5,145131.62629757787,0.0,0.0,0.0,0.0,0.0,0.0,0.0,0,0,0,0,0,6.890296936035156e-05,0.0,0.0,0.0,0.0,0.0,0.0,0.0,0.0,0.0,0.0,0.0,0.0,0.0,1.0,1.0,5718,470,640,571.8,59.40220721675434,571.8,8.0108642578125e-06,10,0.242038033131817,3955.25
0.0,47,63.5,155922.08178438662,0.0,0.0,0.0,0.0,0.0,0.0,0.0,0,0,0,0,0,6.413459777832031e-05,0.0,0.0,0.0,0.0,0.0,0.0,0.0,0.0,0.0,0.0,0.0,0.0,0.0,1.0,1.0,5874,565,608,587.4,15.005184289290003,587.4,7.510185241699219e-06,10,0.0620601118720851,314.88888888888886
0.0,47,63.5,138884.23841059604,0.0,0.0,0.0,0.0,0.0,0.0,0.0,0,0,0,0,0,7.200241088867188e-05,0.0,0.0,0.0,0.0,0.0,0.0,0.0,0.0,0.0,0.0,0.0,0.0,0.0,1.0,1.0,5798,565,593,579.8,9.577751997902917,579.8,8.487701416015625e-06,10,0.0598491930538657,100.0
0.0,47,63.5,64927.30650154799,0.0,0.0,0.0,0.0,0.0,0.0,0.0,0,0,0,0,0,0.0001540184020996,0.0,0.0,0.0,0.0,0.0,0.0,0.0,0.0,0.0,0.0,0.0,0.0,0.0,1.0,1.0,5804,569,591,580.4,9.489175119284312,580.4,1.6498565673828126e-05,10,0.0529965903765916,81.03999999999999
0.0,47,63.5,3816.820456820457,0.0,0.0,0.0,0.0,0.0,0.0,0.0,0,0,0,0,0,0.002619981765747,0.0,0.0,0.0,0.0,0.0,0.0,0.0,0.0,0.0,0.0,0.0,0.0,0.0,1.0,1.0,5874,573,592,587.4,7.763160868271806,587.4,0.000263500213623,10,0.0454769612112992,66.8888888888889
0.0,47,63.5,143150.3071672355,0.0,0.0,0.0,0.0,0.0,0.0,0.0,0,0,0,0,0,6.985664367675781e-05,0.0,0.0,0.0,0.0,0.0,0.0,0.0,0.0,0.0,0.0,0.0,0.0,0.0,1.0,1.0,5920,592,592,592.0,0.0,592.0,8.392333984375e-06,10,0.0,0.0
0.0,47,63.5,126716.1329305136,0.0,0.0,0.0,0.0,0.0,0.0,0.0,0,0,0,0,0,7.891654968261719e-05,0.0,0.0,0.0,0.0,0.0,0.0,0.0,0.0,0.0,0.0,0.0,0.0,0.0,1.0,1.0,5920,592,592,592.0,0.0,592.0,9.107589721679688e-06,10,0.0,0.0
0.0,47,63.5,142663.40136054423,0.0,0.0,0.0,0.0,0.0,0.0,0.0,0,0,0,0,0,7.009506225585938e-05,0.0,0.0,0.0,0.0,0.0,0.0,0.0,0.0,0.0,0.0,0.0,0.0,0.0,1.0,1.0,5920,592,592,592.0,0.0,592.0,8.20159912109375e-06,10,0.0,0.0
0.0,47,63.5,125203.10447761194,0.0,0.0,0.0,0.0,0.0,0.0,0.0,0,0,0,0,0,7.987022399902344e-05,0.0,0.0,0.0,0.0,0.0,0.0,0.0,0.0,0.0,0.0,0.0,0.0,0.0,1.0,1.0,5772,470,640,577.2,59.801151977012765,577.2,9.298324584960938e-06,10,0.2422005472693559,3218.56
0.0,47,63.5,3021.1798602607505,0.0,0.0,0.0,0.0,0.0,0.0,0.0,0,0,0,0,0,0.0033099651336669,0.0,0.0,0.0,0.0,0.0,0.0,0.0,0.0,0.0,0.0,0.0,0.0,0.0,1.0,1.0,5960,578,607,596.0,12.220201853215574,596.0,0.0003323078155517,10,0.0387719314269258,160.1875
0.0,47,63.5,185588.67256637168,0.0,0.0,0.0,0.0,0.0,0.0,0.0,0,0,0,0,0,5.3882598876953125e-05,0.0,0.0,0.0,0.0,0.0,0.0,0.0,0.0,0.0,0.0,0.0,0.0,0.0,1.0,1.0,5882,579,594,588.2,5.391351098441528,588.2,7.390975952148437e-06,10,0.0342860007834612,42.0
0.0,47,63.5,172605.10288065844,0.0,0.0,0.0,0.0,0.0,0.0,0.0,0,0,0,0,0,5.793571472167969e-05,0.0,0.0,0.0,0.0,0.0,0.0,0.0,0.0,0.0,0.0,0.0,0.0,0.0,1.0,1.0,5880,564,600,588.0,13.080944580232387,588.0,6.699562072753907e-06,10,0.0629803835842034,154.0
0.0,47,63.5,4514.858988159311,0.0,0.0,0.0,0.0,0.0,0.0,0.0,0,0,0,0,0,0.0022149085998535,0.0,0.0,0.0,0.0,0.0,0.0,0.0,0.0,0.0,0.0,0.0,0.0,0.0,1.0,1.0,5906,584,599,590.6,5.561774297230455,590.6,0.000222897529602,10,0.0258347743777198,45.36
0.0,47,63.5,1104.4908492429229,0.0,0.0,0.0,0.0,0.0,0.0,0.0,0,0,0,0,0,0.0090539455413818,0.0,0.0,0.0,0.0,0.0,0.0,0.0,0.0,0.0,0.0,0.0,0.0,0.0,1.0,1.0,5920,592,592,592.0,0.0,592.0,0.0010040044784545,10,0.0,0.0
0.0,47,63.5,14266.34013605442,0.0,0.0,0.0,0.0,0.0,0.0,0.0,0,0,0,0,0,0.0007009506225585,0.0,0.0,0.0,0.0,0.0,0.0,0.0,0.0,0.0,0.0,0.0,0.0,0.0,1.0,1.0,5920,592,592,592.0,0.0,592.0,7.259845733642578e-05,10,0.0,0.0
0.0,47,63.5,5435.148373720358,0.0,0.0,0.0,0.0,0.0,0.0,0.0,0,0,0,0,0,0.0018398761749267,0.0,0.0,0.0,0.0,0.0,0.0,0.0,0.0,0.0,0.0,0.0,0.0,0.0,1.0,1.0,5920,592,592,592.0,0.0,592.0,0.0001847982406616,10,0.0,0.0
0.0,47,63.5,1503.7659543955256,0.0,0.0,0.0,0.0,0.0,0.0,0.0,0,0,0,0,0,0.0066499710083007,0.0,0.0,0.0,0.0,0.0,0.0,0.0,0.0,0.0,0.0,0.0,0.0,0.0,1.0,1.0,5808,488,640,580.8,52.68944655030813,580.8,0.0007833003997802,10,0.2086291829467335,2498.56
0.0,47,63.5,1189.6372351589755,0.0,0.0,0.0,0.0,0.0,0.0,0.0,0,0,0,0,0,0.0084059238433837,0.0,0.0,0.0,0.0,0.0,0.0,0.0,0.0,0.0,0.0,0.0,0.0,0.0,1.0,1.0,5924,576,625,592.4,18.506455330205423,592.4,0.0008424043655395,10,0.0447409596433125,309.28395061728395
0.0,47,63.5,188932.6126126126,0.0,0.0,0.0,0.0,0.0,0.0,0.0,0,0,0,0,0,5.292892456054688e-05,0.0,0.0,0.0,0.0,0.0,0.0,0.0,0.0,0.0,0.0,0.0,0.0,0.0,1.0,1.0,5808,569,597,580.8,12.585706178041818,580.8,6.198883056640625e-06,10,0.0542579932686871,196.0
0.0,47,63.5,199728.7619047619,0.0,0.0,0.0,0.0,0.0,0.0,0.0,0,0,0,0,0,5.0067901611328125e-05,0.0,0.0,0.0,0.0,0.0,0.0,0.0,0.0,0.0,0.0,0.0,0.0,0.0,1.0,1.0,5824,556,602,582.4,16.405960976290157,582.4,5.91278076171875e-06,10,0.0779679022633015,529.0
0.0,47,63.5,1098.3016051742648,0.0,0.0,0.0,0.0,0.0,0.0,0.0,0,0,0,0,0,0.0091049671173095,0.0,0.0,0.0,0.0,0.0,0.0,0.0,0.0,0.0,0.0,0.0,0.0,0.0,1.0,1.0,5842,559,628,584.2,25.222564853277262,584.2,0.0009112834930419,10,0.076447044018631,572.56
0.0,47,63.5,80043.96946564886,0.0,0.0,0.0,0.0,0.0,0.0,0.0,0,0,0,0,0,0.0001249313354492,0.0,0.0,0.0,0.0,0.0,0.0,0.0,0.0,0.0,0.0,0.0,0.0,0.0,1.0,1.0,5912,586,597,591.2,5.223876806442596,591.2,1.4805793762207032e-05,10,0.0222888684558724,30.25
0.0,47,63.5,77528.72458410352,0.0,0.0,0.0,0.0,0.0,0.0,0.0,0,0,0,0,0,0.0001289844512939,0.0,0.0,0.0,0.0,0.0,0.0,0.0,0.0,0.0,0.0,0.0,0.0,0.0,1.0,1.0,5926,590,597,592.6,2.7968235951204043,592.6,1.5401840209960936e-05,10,0.0144836640597083,10.888888888888888
0.0,47,63.5,111254.74801061008,0.0,0.0,0.0,0.0,0.0,0.0,0.0,0,0,0,0,0,8.988380432128906e-05,0.0,0.0,0.0,0.0,0.0,0.0,0.0,0.0,0.0,0.0,0.0,0.0,0.0,1.0,1.0,5918,586,595,591.8,3.359894178227774,591.8,0.0007648944854736,10,0.0215295564924428,12.5
0.0,47,63.5,717.7234381149575,0.0,0.0,0.0,0.0,0.0,0.0,0.0,0,0,0,0,0,0.0139329433441162,0.0,0.0,0.0,0.0,0.0,0.0,0.0,0.0,0.0,0.0,0.0,0.0,0.0,1.0,1.0,5744,470,640,574.4,59.09164257509028,574.4,0.0013941049575805,10,0.2419115215193887,3142.6400000000003
0.0,47,63.5,169125.16129032258,0.0,0.0,0.0,0.0,0.0,0.0,0.0,0,0,0,0,0,5.91278076171875e-05,0.0,0.0,0.0,0.0,0.0,0.0,0.0,0.0,0.0,0.0,0.0,0.0,0.0,1.0,1.0,5830,568,598,583.0,11.85092588975412,583.0,7.200241088867187e-06,10,0.0556628031704502,181.44
0.0,47,63.5,13985.675225075023,0.0,0.0,0.0,0.0,0.0,0.0,0.0,0,0,0,0,0,0.0007150173187255,0.0,0.0,0.0,0.0,0.0,0.0,0.0,0.0,0.0,0.0,0.0,0.0,0.0,1.0,1.0,5826,563,626,582.6,24.2999771376207,582.6,7.278919219970703e-05,10,0.0692546986867812,531.44
0.0,47,63.5,188932.6126126126,0.0,0.0,0.0,0.0,0.0,0.0,0.0,0,0,0,0,0,5.292892456054688e-05,0.0,0.0,0.0,0.0,0.0,0.0,0.0,0.0,0.0,0.0,0.0,0.0,0.0,1.0,1.0,5798,573,588,579.8,5.750362307426087,579.8,6.198883056640625e-06,10,0.044657027589553,29.76
0.0,47,63.5,2309.511590771433,0.0,0.0,0.0,0.0,0.0,0.0,0.0,0,0,0,0,0,0.0043299198150634,0.0,0.0,0.0,0.0,0.0,0.0,0.0,0.0,0.0,0.0,0.0,0.0,0.0,1.0,1.0,5884,538,640,588.4,36.21295041525583,588.4,0.0004343032836914,10,0.1167108174811586,1180.24
0.0,47,63.5,192399.26605504588,0.0,0.0,0.0,0.0,0.0,0.0,0.0,0,0,0,0,0,5.197525024414063e-05,0.0,0.0,0.0,0.0,0.0,0.0,0.0,0.0,0.0,0.0,0.0,0.0,0.0,1.0,1.0,5768,570,586,576.8,5.940445175985458,576.8,6.103515625e-06,10,0.0498468497468894,44.66666666666666
0.0,47,63.5,16584.83194938711,0.0,0.0,0.0,0.0,0.0,0.0,0.0,0,0,0,0,0,0.0006029605865478,0.0,0.0,0.0,0.0,0.0,0.0,0.0,0.0,0.0,0.0,0.0,0.0,0.0,1.0,1.0,5762,559,587,576.2,10.40085466573674,576.2,6.120204925537109e-05,10,0.0704092721566345,156.25
0.0,47,63.5,761.0923805549003,0.0,0.0,0.0,0.0,0.0,0.0,0.0,0,0,0,0,0,0.013139009475708,0.0,0.0,0.0,0.0,0.0,0.0,0.0,0.0,0.0,0.0,0.0,0.0,0.0,1.0,1.0,5750,564,584,575.0,7.7746025264604,575.0,0.0023054122924804,10,0.0608187920851789,72.22222222222223
0.0,47,63.5,67541.12721417069,0.0,0.0,0.0,0.0,0.0,0.0,0.0,0,0,0,0,0,0.000148057937622,0.0,0.0,0.0,0.0,0.0,0.0,0.0,0.0,0.0,0.0,0.0,0.0,0.0,1.0,1.0,5818,547,628,581.8,28.26383633628748,581.8,1.8286705017089844e-05,10,0.09813549636995,718.9599999999999
0.0,47,63.5,4264.237494916632,0.0,0.0,0.0,0.0,0.0,0.0,0.0,0,0,0,0,0,0.0023450851440429,0.0,0.0,0.0,0.0,0.0,0.0,0.0,0.0,0.0,0.0,0.0,0.0,0.0,1.0,1.0,5920,587,595,592.0,2.905932629027116,592.0,0.0002361059188842,10,0.0196405007157604,7.6
0.0,47,63.5,156503.8805970149,0.0,0.0,0.0,0.0,0.0,0.0,0.0,0,0,0,0,0,6.389617919921875e-05,0.0,0.0,0.0,0.0,0.0,0.0,0.0,0.0,0.0,0.0,0.0,0.0,0.0,1.0,1.0,5922,585,597,592.2,4.779586221049312,592.2,8.487701416015625e-06,10,0.0238120122430066,20.56
0.0,47,63.5,163840.0,0.0,0.0,0.0,0.0,0.0,0.0,0.0,0,0,0,0,0,6.103515625e-05,0.0,0.0,0.0,0.0,0.0,0.0,0.0,0.0,0.0,0.0,0.0,0.0,0.0,1.0,1.0,5902,585,593,590.2,2.9363620727393656,590.2,1.080036163330078e-05,10,0.0230611564539511,16.0
0.0,47,63.5,1280.0781297686626,0.0,0.0,0.0,0.0,0.0,0.0,0.0,0,0,0,0,0,0.0078120231628417,0.0,0.0,0.0,0.0,0.0,0.0,0.0,0.0,0.0,0.0,0.0,0.0,0.0,1.0,1.0,5894,582,602,589.4,7.820201759261429,589.4,0.0007824182510375,10,0.0301630273886527,55.04
0.0,47,63.5,4235.814986871339,0.0,0.0,0.0,0.0,0.0,0.0,0.0,0,0,0,0,0,0.0023608207702636,0.0,0.0,0.0,0.0,0.0,0.0,0.0,0.0,0.0,0.0,0.0,0.0,0.0,1.0,1.0,5820,582,582,582.0,0.0,582.0,0.0002376794815063,10,0.0,0.0
0.0,47,63.5,188932.6126126126,0.0,0.0,0.0,0.0,0.0,0.0,0.0,0,0,0,0,0,5.292892456054688e-05,0.0,0.0,0.0,0.0,0.0,0.0,0.0,0.0,0.0,0.0,0.0,0.0,0.0,1.0,1.0,5820,582,582,582.0,0.0,582.0,6.198883056640625e-06,10,0.0,0.0
0.0,47,63.5,199728.7619047619,0.0,0.0,0.0,0.0,0.0,0.0,0.0,0,0,0,0,0,5.0067901611328125e-05,0.0,0.0,0.0,0.0,0.0,0.0,0.0,0.0,0.0,0.0,0.0,0.0,0.0,1.0,1.0,5820,582,582,582.0,0.0,582.0,5.91278076171875e-06,10,0.0,0.0
0.0,47,63.5,1932.324702847139,0.0,0.0,0.0,0.0,0.0,0.0,0.0,0,0,0,0,0,0.0051751136779785,0.0,0.0,0.0,0.0,0.0,0.0,0.0,0.0,0.0,0.0,0.0,0.0,0.0,1.0,1.0,5860,582,592,586.0,5.163977794943222,586.0,0.0006061077117919,10,0.029080987994548,24.0
0.0,47,63.5,360.7258716480039,0.0,0.0,0.0,0.0,0.0,0.0,0.0,0,0,0,0,0,0.027721881866455,0.0,0.0,0.0,0.0,0.0,0.0,0.0,0.0,0.0,0.0,0.0,0.0,0.0,1.0,1.0,5920,592,592,592.0,0.0,592.0,0.0027732849121093,10,0.0,0.0
0.0,47,63.5,102051.19221411191,0.0,0.0,0.0,0.0,0.0,0.0,0.0,0,0,0,0,0,9.79900360107422e-05,0.0,0.0,0.0,0.0,0.0,0.0,0.0,0.0,0.0,0.0,0.0,0.0,0.0,1.0,1.0,5920,592,592,592.0,0.0,592.0,1.201629638671875e-05,10,0.0,0.0
0.0,47,63.5,38764.36229205176,0.0,0.0,0.0,0.0,0.0,0.0,0.0,0,0,0,0,0,0.0002579689025878,0.0,0.0,0.0,0.0,0.0,0.0,0.0,0.0,0.0,0.0,0.0,0.0,0.0,1.0,1.0,5920,592,592,592.0,0.0,592.0,2.7394294738769533e-05,10,0.0,0.0
0.0,47,63.5,461.2318418245599,0.0,0.0,0.0,0.0,0.0,0.0,0.0,0,0,0,0,0,0.0216810703277587,0.0,0.0,0.0,0.0,0.0,0.0,0.0,0.0,0.0,0.0,0.0,0.0,0.0,1.0,1.0,5920,592,592,592.0,0.0,592.0,0.0021712064743041,10,0.0,0.0
0.0,47,63.5,74104.3109540636,0.0,0.0,0.0,0.0,0.0,0.0,0.0,0,0,0,0,0,0.0001349449157714,0.0,0.0,0.0,0.0,0.0,0.0,0.0,0.0,0.0,0.0,0.0,0.0,0.0,1.0,1.0,5920,592,592,592.0,0.0,592.0,1.4781951904296877e-05,10,0.0,0.0
0.0,47,63.5,61410.01464128844,0.0,0.0,0.0,0.0,0.0,0.0,0.0,0,0,0,0,0,0.0001628398895263,0.0,0.0,0.0,0.0,0.0,0.0,0.0,0.0,0.0,0.0,0.0,0.0,0.0,1.0,1.0,5920,592,592,592.0,0.0,592.0,1.749992370605469e-05,10,0.0,0.0
0.0,47,63.5,1223.0787624296504,0.0,0.0,0.0,0.0,0.0,0.0,0.0,0,0,0,0,0,0.0081760883331298,0.0,0.0,0.0,0.0,0.0,0.0,0.0,0.0,0.0,0.0,0.0,0.0,0.0,1.0,1.0,5920,592,592,592.0,0.0,592.0,0.0008200168609619,10,0.0,0.0
0.0,47,63.5,487.02453524692,0.0,0.0,0.0,0.0,0.0,0.0,0.0,0,0,0,0,0,0.0205328464508056,0.0,0.0,0.0,0.0,0.0,0.0,0.0,0.0,0.0,0.0,0.0,0.0,0.0,1.0,1.0,5772,470,640,577.2,59.801151977012765,577.2,0.0020573854446411,10,0.2422005472693559,3218.56
0.0,47,63.5,1319.461431986913,0.0,0.0,0.0,0.0,0.0,0.0,0.0,0,0,0,0,0,0.0075788497924804,0.0,0.0,0.0,0.0,0.0,0.0,0.0,0.0,0.0,0.0,0.0,0.0,0.0,1.0,1.0,5866,569,602,586.6,13.475904422338417,586.6,0.0037878990173339,10,0.0546206244254837,202.5
0.0,47,63.5,74631.743772242,0.0,0.0,0.0,0.0,0.0,0.0,0.0,0,0,0,0,0,0.000133991241455,0.0,0.0,0.0,0.0,0.0,0.0,0.0,0.0,0.0,0.0,0.0,0.0,0.0,1.0,1.0,5796,571,588,579.6,6.9793345750946125,579.6,1.8715858459472656e-05,10,0.0485659217325105,43.84
0.0,47,63.5,78692.38273921201,0.0,0.0,0.0,0.0,0.0,0.0,0.0,0,0,0,0,0,0.0001270771026611,0.0,0.0,0.0,0.0,0.0,0.0,0.0,0.0,0.0,0.0,0.0,0.0,0.0,1.0,1.0,5862,566,602,586.2,15.949921629901509,586.2,1.4901161193847656e-05,10,0.0607408300751567,238.2222222222222
0.0,47,63.5,68534.37908496732,0.0,0.0,0.0,0.0,0.0,0.0,0.0,0,0,0,0,0,0.0001459121704101,0.0,0.0,0.0,0.0,0.0,0.0,0.0,0.0,0.0,0.0,0.0,0.0,0.0,1.0,1.0,5880,568,628,588.0,23.007245235649865,588.0,1.7189979553222655e-05,10,0.0602074414191943,476.4
0.0,47,63.5,79891.50476190477,0.0,0.0,0.0,0.0,0.0,0.0,0.0,0,0,0,0,0,0.0001251697540283,0.0,0.0,0.0,0.0,0.0,0.0,0.0,0.0,0.0,0.0,0.0,0.0,0.0,1.0,1.0,5926,590,599,592.6,3.438345855527367,592.6,1.4710426330566409e-05,10,0.0147449945677077,16.8
0.0,47,63.5,79437.57575757576,0.0,0.0,0.0,0.0,0.0,0.0,0.0,0,0,0,0,0,0.0001258850097656,0.0,0.0,0.0,0.0,0.0,0.0,0.0,0.0,0.0,0.0,0.0,0.0,0.0,1.0,1.0,5910,583,598,591.0,5.696002496878354,591.0,1.4781951904296877e-05,10,0.0275935835771284,38.0
0.0,47,63.5,80043.96946564886,0.0,0.0,0.0,0.0,0.0,0.0,0.0,0,0,0,0,0,0.0001249313354492,0.0,0.0,0.0,0.0,0.0,0.0,0.0,0.0,0.0,0.0,0.0,0.0,0.0,1.0,1.0,5966,593,602,596.6,3.565264521898917,596.6,1.4805793762207032e-05,10,0.0096843061556407,20.25
0.0,47,63.5,73071.49825783972,0.0,0.0,0.0,0.0,0.0,0.0,0.0,0,0,0,0,0,0.0001368522644042,0.0,0.0,0.0,0.0,0.0,0.0,0.0,0.0,0.0,0.0,0.0,0.0,0.0,1.0,1.0,5816,499,640,581.6,48.16914641829007,581.6,1.609325408935547e-05,10,0.1880423634849546,2088.24
0.0,47,63.5,76818.75457875458,0.0,0.0,0.0,0.0,0.0,0.0,0.0,0,0,0,0,0,0.0001301765441894,0.0,0.0,0.0,0.0,0.0,0.0,0.0,0.0,0.0,0.0,0.0,0.0,0.0,1.0,1.0,5840,574,594,584.0,7.512951779723097,584.0,2.281665802001953e-05,10,0.0436709060369879,52.25
0.0,47,63.5,90006.52360515021,0.0,0.0,0.0,0.0,0.0,0.0,0.0,0,0,0,0,0,0.0001111030578613,0.0,0.0,0.0,0.0,0.0,0.0,0.0,0.0,0.0,0.0,0.0,0.0,0.0,1.0,1.0,5824,541,608,582.4,25.2595416515115,582.4,1.2993812561035156e-05,10,0.1071364468871597,841.5555555555555
0.0,47,63.5,82080.31311154598,0.0,0.0,0.0,0.0,0.0,0.0,0.0,0,0,0,0,0,0.0001218318939208,0.0,0.0,0.0,0.0,0.0,0.0,0.0,0.0,0.0,0.0,0.0,0.0,0.0,1.0,1.0,5798,562,595,579.8,12.81318765092347,579.8,1.4090538024902344e-05,10,0.0662795701214802,158.25
0.0,47,63.5,79287.41020793951,0.0,0.0,0.0,0.0,0.0,0.0,0.0,0,0,0,0,0,0.0001261234283447,0.0,0.0,0.0,0.0,0.0,0.0,0.0,0.0,0.0,0.0,0.0,0.0,0.0,1.0,1.0,5862,571,592,586.2,8.469553313683864,586.2,1.461505889892578e-05,10,0.0491729772378623,71.63265306122449
0.0,47,63.5,87746.94560669456,0.0,0.0,0.0,0.0,0.0,0.0,0.0,0,0,0,0,0,0.0001139640808105,0.0,0.0,0.0,0.0,0.0,0.0,0.0,0.0,0.0,0.0,0.0,0.0,0.0,1.0,1.0,5920,592,592,592.0,0.0,592.0,1.3279914855957032e-05,10,0.0,0.0
0.0,47,63.5,39681.21097445601,0.0,0.0,0.0,0.0,0.0,0.0,0.0,0,0,0,0,0,0.0002520084381103,0.0,0.0,0.0,0.0,0.0,0.0,0.0,0.0,0.0,0.0,0.0,0.0,0.0,1.0,1.0,5920,592,592,592.0,0.0,592.0,2.732276916503906e-05,10,0.0,0.0
0.0,47,63.5,65741.44200626959,0.0,0.0,0.0,0.0,0.0,0.0,0.0,0,0,0,0,0,0.0001521110534667,0.0,0.0,0.0,0.0,0.0,0.0,0.0,0.0,0.0,0.0,0.0,0.0,0.0,1.0,1.0,5920,592,592,592.0,0.0,592.0,0.0001808881759643,10,0.0,0.0
0.0,47,63.5,90200.08602150538,0.0,0.0,0.0,0.0,0.0,0.0,0.0,0,0,0,0,0,0.0001108646392822,0.0,0.0,0.0,0.0,0.0,0.0,0.0,0.0,0.0,0.0,0.0,0.0,0.0,1.0,1.0,5900,587,592,590.0,2.581988897471611,590.0,1.3494491577148438e-05,10,0.019508538997274,6.0
0.0,47,63.5,114912.43835616438,0.0,0.0,0.0,0.0,0.0,0.0,0.0,0,0,0,0,0,8.702278137207031e-05,0.0,0.0,0.0,0.0,0.0,0.0,0.0,0.0,0.0,0.0,0.0,0.0,0.0,1.0,1.0,5870,587,587,587.0,0.0,587.0,1.0204315185546874e-05,10,0.0,0.0
0.0,47,63.5,107546.2564102564,0.0,0.0,0.0,0.0,0.0,0.0,0.0,0,0,0,0,0,9.298324584960938e-05,0.0,0.0,0.0,0.0,0.0,0.0,0.0,0.0,0.0,0.0,0.0,0.0,0.0,1.0,1.0,5880,587,592,588.0,2.10818510677892,588.0,1.080036163330078e-05,10,0.0193155302850974,4.0
0.0,47,63.5,1067.117160666582,0.0,0.0,0.0,0.0,0.0,0.0,0.0,0,0,0,0,0,0.0093710422515869,0.0,0.0,0.0,0.0,0.0,0.0,0.0,0.0,0.0,0.0,0.0,0.0,0.0,1.0,1.0,5920,592,592,592.0,0.0,592.0,0.0018043041229248,10,0.0,0.0
0.0,47,63.5,558.9722266645343,0.0,0.0,0.0,0.0,0.0,0.0,0.0,0,0,0,0,0,0.0178899765014648,0.0,0.0,0.0,0.0,0.0,0.0,0.0,0.0,0.0,0.0,0.0,0.0,0.0,1.0,1.0,5920,592,592,592.0,0.0,592.0,0.001791501045227,10,0.0,0.0
0.0,47,63.5,6277.018856629752,0.0,0.0,0.0,0.0,0.0,0.0,0.0,0,0,0,0,0,0.0015931129455566,0.0,0.0,0.0,0.0,0.0,0.0,0.0,0.0,0.0,0.0,0.0,0.0,0.0,1.0,1.0,5920,592,592,592.0,0.0,592.0,0.0001641988754272,10,0.0,0.0
0.0,47,63.5,169809.87854251012,0.0,0.0,0.0,0.0,0.0,0.0,0.0,0,0,0,0,0,5.888938903808594e-05,0.0,0.0,0.0,0.0,0.0,0.0,0.0,0.0,0.0,0.0,0.0,0.0,0.0,1.0,1.0,5920,592,592,592.0,0.0,592.0,6.794929504394531e-06,10,0.0,0.0
0.0,47,63.5,192399.26605504588,0.0,0.0,0.0,0.0,0.0,0.0,0.0,0,0,0,0,0,5.197525024414063e-05,0.0,0.0,0.0,0.0,0.0,0.0,0.0,0.0,0.0,0.0,0.0,0.0,0.0,1.0,1.0,5920,592,592,592.0,0.0,592.0,6.008148193359375e-06,10,0.0,0.0
0.0,47,63.5,199728.7619047619,0.0,0.0,0.0,0.0,0.0,0.0,0.0,0,0,0,0,0,5.0067901611328125e-05,0.0,0.0,0.0,0.0,0.0,0.0,0.0,0.0,0.0,0.0,0.0,0.0,0.0,1.0,1.0,5920,592,592,592.0,0.0,592.0,5.888938903808594e-06,10,0.0,0.0
0.0,47,63.5,1583.2939488883017,0.0,0.0,0.0,0.0,0.0,0.0,0.0,0,0,0,0,0,0.0063159465789794,0.0,0.0,0.0,0.0,0.0,0.0,0.0,0.0,0.0,0.0,0.0,0.0,0.0,1.0,1.0,5920,592,592,592.0,0.0,592.0,0.0008327960968017,10,0.0,0.0
0.0,47,63.5,1418.432194792019,0.0,0.0,0.0,0.0,0.0,0.0,0.0,0,0,0,0,0,0.0070500373840332,0.0,0.0,0.0,0.0,0.0,0.0,0.0,0.0,0.0,0.0,0.0,0.0,0.0,1.0,1.0,5920,592,592,592.0,0.0,592.0,0.00070641040802,10,0.0,0.0
0.0,47,63.5,328.8721615857484,0.0,0.0,0.0,0.0,0.0,0.0,0.0,0,0,0,0,0,0.0304069519042968,0.0,0.0,0.0,0.0,0.0,0.0,0.0,0.0,0.0,0.0,0.0,0.0,0.0,1.0,1.0,5920,592,592,592.0,0.0,592.0,0.0050731897354125,10,0.0,0.0
0.0,47,63.5,44858.866310160425,0.0,0.0,0.0,0.0,0.0,0.0,0.0,0,0,0,0,0,0.0002229213714599,0.0,0.0,0.0,0.0,0.0,0.0,0.0,0.0,0.0,0.0,0.0,0.0,0.0,1.0,1.0,5920,592,592,592.0,0.0,592.0,0.0013981103897094,10,0.0,0.0
0.0,47,63.5,477.1676905574517,0.0,0.0,0.0,0.0,0.0,0.0,0.0,0,0,0,0,0,0.0209569931030273,0.0,0.0,0.0,0.0,0.0,0.0,0.0,0.0,0.0,0.0,0.0,0.0,0.0,1.0,1.0,5920,592,592,592.0,0.0,592.0,0.0020994901657104,10,0.0,0.0
0.0,47,63.5,93622.85714285714,0.0,0.0,0.0,0.0,0.0,0.0,0.0,0,0,0,0,0,0.0001068115234375,0.0,0.0,0.0,0.0,0.0,0.0,0.0,0.0,0.0,0.0,0.0,0.0,0.0,1.0,1.0,5728,496,592,572.8,40.47715405015526,572.8,0.0012017011642456,10,0.1900213434738712,1474.56
0.0,47,63.5,126716.1329305136,0.0,0.0,0.0,0.0,0.0,0.0,0.0,0,0,0,0,0,7.891654968261719e-05,0.0,0.0,0.0,0.0,0.0,0.0,0.0,0.0,0.0,0.0,0.0,0.0,0.0,1.0,1.0,6054,577,640,605.4,23.65116863450468,605.4,9.298324584960938e-06,10,0.0451325800549518,628.5
0.0,47,63.5,125203.10447761194,0.0,0.0,0.0,0.0,0.0,0.0,0.0,0,0,0,0,0,7.987022399902344e-05,0.0,0.0,0.0,0.0,0.0,0.0,0.0,0.0,0.0,0.0,0.0,0.0,0.0,1.0,1.0,5704,470,640,570.4,58.74464514603296,570.4,9.298324584960938e-06,10,0.241770168646688,3105.84
0.0,47,63.5,137068.75816993465,0.0,0.0,0.0,0.0,0.0,0.0,0.0,0,0,0,0,0,7.295608520507812e-05,0.0,0.0,0.0,0.0,0.0,0.0,0.0,0.0,0.0,0.0,0.0,0.0,0.0,1.0,1.0,5796,567,595,579.6,11.027239001672177,579.6,8.511543273925782e-06,10,0.0570313960797212,152.88888888888889
0.0,47,63.5,86838.59213250517,0.0,0.0,0.0,0.0,0.0,0.0,0.0,0,0,0,0,0,0.000115156173706,0.0,0.0,0.0,0.0,0.0,0.0,0.0,0.0,0.0,0.0,0.0,0.0,0.0,1.0,1.0,5788,572,589,578.8,6.972963661329537,578.8,1.270771026611328e-05,10,0.0468591964770792,43.760000000000005
0.0,47,63.5,204.8550147744756,0.0,0.0,0.0,0.0,0.0,0.0,0.0,0,0,0,0,0,0.0488150119781494,0.0,0.0,0.0,0.0,0.0,0.0,0.0,0.0,0.0,0.0,0.0,0.0,0.0,1.0,1.0,5832,571,598,583.2,9.271221901969316,583.2,0.0049501895904541,10,0.0494995449539862,77.36
0.0,47,63.5,115228.13186813188,0.0,0.0,0.0,0.0,0.0,0.0,0.0,0,0,0,0,0,8.678436279296875e-05,0.0,0.0,0.0,0.0,0.0,0.0,0.0,0.0,0.0,0.0,0.0,0.0,0.0,1.0,1.0,5836,513,640,583.6,44.27489883293543,583.6,9.989738464355468e-06,10,0.1625981827885845,1764.2400000000002
0.0,47,63.5,57772.78236914601,0.0,0.0,0.0,0.0,0.0,0.0,0.0,0,0,0,0,0,0.0001730918884277,0.0,0.0,0.0,0.0,0.0,0.0,0.0,0.0,0.0,0.0,0.0,0.0,0.0,1.0,1.0,5872,581,592,587.2,4.237399621885522,587.2,1.862049102783203e-05,10,0.0304076671099713,30.25
0.0,47,63.5,359.686476288483,0.0,0.0,0.0,0.0,0.0,0.0,0.0,0,0,0,0,0,0.0278019905090332,0.0,0.0,0.0,0.0,0.0,0.0,0.0,0.0,0.0,0.0,0.0,0.0,0.0,1.0,1.0,5784,567,589,578.4,7.6186904678195475,578.4,0.0027848958969116,10,0.055642889748971,52.24
0.0,47,63.5,35216.65827036104,0.0,0.0,0.0,0.0,0.0,0.0,0.0,0,0,0,0,0,0.0002839565277099,0.0,0.0,0.0,0.0,0.0,0.0,0.0,0.0,0.0,0.0,0.0,0.0,0.0,1.0,1.0,5850,575,589,585.0,5.374838498865699,585.0,0.0011034965515136,10,0.0410957942108979,49.0
0.0,47,63.5,1982.9349470499244,0.0,0.0,0.0,0.0,0.0,0.0,0.0,0,0,0,0,0,0.0050430297851562,0.0,0.0,0.0,0.0,0.0,0.0,0.0,0.0,0.0,0.0,0.0,0.0,0.0,1.0,1.0,5864,578,592,586.4,6.449806198638839,586.4,0.0005068063735961,10,0.0364213030530775,37.72839506172839
0.0,47,63.5,84054.1883767535,0.0,0.0,0.0,0.0,0.0,0.0,0.0,0,0,0,0,0,0.0001189708709716,0.0,0.0,0.0,0.0,0.0,0.0,0.0,0.0,0.0,0.0,0.0,0.0,0.0,1.0,1.0,5920,592,592,592.0,0.0,592.0,1.2898445129394532e-05,10,0.0,0.0
0.0,47,63.5,113666.77506775068,0.0,0.0,0.0,0.0,0.0,0.0,0.0,0,0,0,0,0,8.797645568847656e-05,0.0,0.0,0.0,0.0,0.0,0.0,0.0,0.0,0.0,0.0,0.0,0.0,0.0,1.0,1.0,5920,592,592,592.0,0.0,592.0,1.0395050048828124e-05,10,0.0,0.0
0.0,47,63.5,119156.36363636365,0.0,0.0,0.0,0.0,0.0,0.0,0.0,0,0,0,0,0,8.392333984375e-05,0.0,0.0,0.0,0.0,0.0,0.0,0.0,0.0,0.0,0.0,0.0,0.0,0.0,1.0,1.0,5920,592,592,592.0,0.0,592.0,9.894371032714844e-06,10,0.0,0.0
0.0,47,63.5,105384.52261306532,0.0,0.0,0.0,0.0,0.0,0.0,0.0,0,0,0,0,0,9.489059448242188e-05,0.0,0.0,0.0,0.0,0.0,0.0,0.0,0.0,0.0,0.0,0.0,0.0,0.0,1.0,1.0,5920,592,592,592.0,0.0,592.0,1.0895729064941409e-05,10,0.0,0.0
0.0,47,63.5,195995.5140186916,0.0,0.0,0.0,0.0,0.0,0.0,0.0,0,0,0,0,0,5.1021575927734375e-05,0.0,0.0,0.0,0.0,0.0,0.0,0.0,0.0,0.0,0.0,0.0,0.0,0.0,1.0,1.0,5920,592,592,592.0,0.0,592.0,6.008148193359375e-06,10,0.0,0.0
0.0,47,63.5,188932.6126126126,0.0,0.0,0.0,0.0,0.0,0.0,0.0,0,0,0,0,0,5.292892456054688e-05,0.0,0.0,0.0,0.0,0.0,0.0,0.0,0.0,0.0,0.0,0.0,0.0,0.0,1.0,1.0,5676,470,592,567.6,51.43971660540564,567.6,6.198883056640625e-06,10,0.238794432956378,2381.44
0.0,47,63.5,63262.503770739066,0.0,0.0,0.0,0.0,0.0,0.0,0.0,0,0,0,0,0,0.0001580715179443,0.0,0.0,0.0,0.0,0.0,0.0,0.0,0.0,0.0,0.0,0.0,0.0,0.0,1.0,1.0,6016,582,640,601.6,22.61366351960199,601.6,1.671314239501953e-05,10,0.036189291971345,463.9506172839506
0.0,47,63.5,6689.480063795853,0.0,0.0,0.0,0.0,0.0,0.0,0.0,0,0,0,0,0,0.0014948844909667,0.0,0.0,0.0,0.0,0.0,0.0,0.0,0.0,0.0,0.0,0.0,0.0,0.0,1.0,1.0,5852,563,619,585.2,20.05991026899173,585.2,0.0001511812210083,10,0.0675274650471765,452.5
0.0,47,63.5,199728.7619047619,0.0,0.0,0.0,0.0,0.0,0.0,0.0,0,0,0,0,0,5.0067901611328125e-05,0.0,0.0,0.0,0.0,0.0,0.0,0.0,0.0,0.0,0.0,0.0,0.0,0.0,1.0,1.0,5850,571,597,585.0,9.498537899183338,585.0,5.91278076171875e-06,10,0.0495921443986113,81.2
0.0,47,63.5,172605.10288065844,0.0,0.0,0.0,0.0,0.0,0.0,0.0,0,0,0,0,0,5.793571472167969e-05,0.0,0.0,0.0,0.0,0.0,0.0,0.0,0.0,0.0,0.0,0.0,0.0,0.0,1.0,1.0,5802,569,587,580.2,6.338594306135847,580.2,6.699562072753907e-06,10,0.0517131697765474,59.55555555555557
0.0,47,63.5,200684.4019138756,0.0,0.0,0.0,0.0,0.0,0.0,0.0,0,0,0,0,0,4.982948303222656e-05,0.0,0.0,0.0,0.0,0.0,0.0,0.0,0.0,0.0,0.0,0.0,0.0,0.0,1.0,1.0,5810,581,581,581.0,0.0,581.0,5.888938903808594e-06,10,0.0,0.0
0.0,47,63.5,199728.7619047619,0.0,0.0,0.0,0.0,0.0,0.0,0.0,0,0,0,0,0,5.0067901611328125e-05,0.0,0.0,0.0,0.0,0.0,0.0,0.0,0.0,0.0,0.0,0.0,0.0,0.0,1.0,1.0,5810,581,581,581.0,0.0,581.0,5.91278076171875e-06,10,0.0,0.0
0.0,47,63.5,195995.5140186916,0.0,0.0,0.0,0.0,0.0,0.0,0.0,0,0,0,0,0,5.1021575927734375e-05,0.0,0.0,0.0,0.0,0.0,0.0,0.0,0.0,0.0,0.0,0.0,0.0,0.0,1.0,1.0,5810,581,581,581.0,0.0,581.0,5.888938903808594e-06,10,0.0,0.0
0.0,47,63.5,5362.188698542573,0.0,0.0,0.0,0.0,0.0,0.0,0.0,0,0,0,0,0,0.0018649101257324,0.0,0.0,0.0,0.0,0.0,0.0,0.0,0.0,0.0,0.0,0.0,0.0,0.0,1.0,1.0,5892,563,640,589.2,27.76408551428345,589.2,0.0002758026123046,10,0.0706658378750985,693.76
0.0,47,63.5,956.8390555492186,0.0,0.0,0.0,0.0,0.0,0.0,0.0,0,0,0,0,0,0.0104510784149169,0.0,0.0,0.0,0.0,0.0,0.0,0.0,0.0,0.0,0.0,0.0,0.0,0.0,1.0,1.0,5814,573,594,581.4,9.276014469827246,581.4,0.0013123989105224,10,0.0460932372544288,77.44
0.0,47,63.5,192399.26605504588,0.0,0.0,0.0,0.0,0.0,0.0,0.0,0,0,0,0,0,5.197525024414063e-05,0.0,0.0,0.0,0.0,0.0,0.0,0.0,0.0,0.0,0.0,0.0,0.0,0.0,1.0,1.0,5812,553,605,581.2,17.905927013763407,581.2,6.103515625e-06,10,0.0836913184283267,468.6666666666667
0.0,47,63.5,192399.26605504588,0.0,0.0,0.0,0.0,0.0,0.0,0.0,0,0,0,0,0,5.197525024414063e-05,0.0,0.0,0.0,0.0,0.0,0.0,0.0,0.0,0.0,0.0,0.0,0.0,0.0,1.0,1.0,5752,546,606,575.2,20.90613944913471,575.2,6.008148193359375e-06,10,0.0968423949659995,472.6875
0.0,47,63.5,149263.487544484,0.0,0.0,0.0,0.0,0.0,0.0,0.0,0,0,0,0,0,6.699562072753906e-05,0.0,0.0,0.0,0.0,0.0,0.0,0.0,0.0,0.0,0.0,0.0,0.0,0.0,1.0,1.0,5702,470,640,570.2,58.55443810867134,570.2,7.581710815429688e-06,10,0.2416926859079483,3846.6875
0.0,47,63.5,2273.335501355013,0.0,0.0,0.0,0.0,0.0,0.0,0.0,0,0,0,0,0,0.0043988227844238,0.0,0.0,0.0,0.0,0.0,0.0,0.0,0.0,0.0,0.0,0.0,0.0,0.0,1.0,1.0,5778,559,597,577.8,15.739546795677864,577.8,0.0004415035247802,10,0.0725840417826873,222.96
0.0,47,63.5,5806.872490654852,0.0,0.0,0.0,0.0,0.0,0.0,0.0,0,0,0,0,0,0.0017220973968505,0.0,0.0,0.0,0.0,0.0,0.0,0.0,0.0,0.0,0.0,0.0,0.0,0.0,1.0,1.0,5824,569,593,582.4,9.22797678559908,582.4,0.0001741170883178,10,0.0528901886233816,110.22222222222224
0.0,47,63.5,2417.7449850126814,0.0,0.0,0.0,0.0,0.0,0.0,0.0,0,0,0,0,0,0.0041360855102539,0.0,0.0,0.0,0.0,0.0,0.0,0.0,0.0,0.0,0.0,0.0,0.0,0.0,1.0,1.0,5822,549,601,582.2,20.015549510873345,582.2,0.0005570888519287,10,0.0913672142487494,449.6875
0.0,47,63.5,2596.609917662354,0.0,0.0,0.0,0.0,0.0,0.0,0.0,0,0,0,0,0,0.0038511753082275,0.0,0.0,0.0,0.0,0.0,0.0,0.0,0.0,0.0,0.0,0.0,0.0,0.0,1.0,1.0,5928,547,628,592.8,27.5551971302854,592.8,0.0005099058151245,10,0.097846825102993,853.1875
0.0,47,63.5,238.64628970037663,0.0,0.0,0.0,0.0,0.0,0.0,0.0,0,0,0,0,0,0.041903018951416,0.0,0.0,0.0,0.0,0.0,0.0,0.0,0.0,0.0,0.0,0.0,0.0,0.0,1.0,1.0,5920,589,598,592.0,3.5276684147527875,592.0,0.0042423009872436,10,0.0164855110054336,14.888888888888888
0.0,47,63.5,986.1757306435306,0.0,0.0,0.0,0.0,0.0,0.0,0.0,0,0,0,0,0,0.0101401805877685,0.0,0.0,0.0,0.0,0.0,0.0,0.0,0.0,0.0,0.0,0.0,0.0,0.0,1.0,1.0,5924,587,599,592.4,5.059644256269406,592.4,0.0017122030258178,10,0.0205178366842338,30.25
0.0,47,63.5,199728.7619047619,0.0,0.0,0.0,0.0,0.0,0.0,0.0,0,0,0,0,0,5.0067901611328125e-05,0.0,0.0,0.0,0.0,0.0,0.0,0.0,0.0,0.0,0.0,0.0,0.0,0.0,1.0,1.0,5926,589,597,592.6,2.7968235951204043,592.6,5.888938903808594e-06,10,0.0161877940597081,10.666666666666666
0.0,47,63.5,3236.345679012345,0.0,0.0,0.0,0.0,0.0,0.0,0.0,0,0,0,0,0,0.0030899047851562,0.0,0.0,0.0,0.0,0.0,0.0,0.0,0.0,0.0,0.0,0.0,0.0,0.0,1.0,1.0,5766,470,640,576.6,59.98370149002515,576.6,0.0003098964691162,10,0.2422749106389766,4044.1875
0.0,47,63.5,44057.81512605042,0.0,0.0,0.0,0.0,0.0,0.0,0.0,0,0,0,0,0,0.0002269744873046,0.0,0.0,0.0,0.0,0.0,0.0,0.0,0.0,0.0,0.0,0.0,0.0,0.0,1.0,1.0,5836,562,596,583.6,12.011105971835676,583.6,2.510547637939453e-05,10,0.065952834128687,133.55555555555557
0.0,47,63.5,75709.45848375451,0.0,0.0,0.0,0.0,0.0,0.0,0.0,0,0,0,0,0,0.0001320838928222,0.0,0.0,0.0,0.0,0.0,0.0,0.0,0.0,0.0,0.0,0.0,0.0,0.0,1.0,1.0,5934,575,610,593.4,13.108097582113974,593.4,1.5497207641601562e-05,10,0.04424601463105,158.1875
0.0,47,63.5,76398.97996357013,0.0,0.0,0.0,0.0,0.0,0.0,0.0,0,0,0,0,0,0.0001308917999267,0.0,0.0,0.0,0.0,0.0,0.0,0.0,0.0,0.0,0.0,0.0,0.0,0.0,1.0,1.0,5806,571,607,580.6,14.58461899094766,580.6,1.5497207641601562e-05,10,0.0516640103921524,191.44
0.0,47,63.5,416.060311477036,0.0,0.0,0.0,0.0,0.0,0.0,0.0,0,0,0,0,0,0.0240349769592285,0.0,0.0,0.0,0.0,0.0,0.0,0.0,0.0,0.0,0.0,0.0,0.0,0.0,1.0,1.0,5900,566,628,590.0,21.674357609345144,590.0,0.0024058103561401,10,0.0630727363157429,527.25
0.0,47,63.5,149263.487544484,0.0,0.0,0.0,0.0,0.0,0.0,0.0,0,0,0,0,0,6.699562072753906e-05,0.0,0.0,0.0,0.0,0.0,0.0,0.0,0.0,0.0,0.0,0.0,0.0,0.0,1.0,1.0,5926,588,596,592.6,3.238655413730965,592.6,9.298324584960938e-06,10,0.0180719086693373,9.44
0.0,47,63.5,400.5944490076598,0.0,0.0,0.0,0.0,0.0,0.0,0.0,0,0,0,0,0,0.0249629020690917,0.0,0.0,0.0,0.0,0.0,0.0,0.0,0.0,0.0,0.0,0.0,0.0,0.0,1.0,1.0,5932,590,598,593.2,3.084008934992101,593.2,0.002497386932373,10,0.0146006518797584,10.888888888888888
0.0,47,63.5,66260.72669826224,0.0,0.0,0.0,0.0,0.0,0.0,0.0,0,0,0,0,0,0.0001509189605712,0.0,0.0,0.0,0.0,0.0,0.0,0.0,0.0,0.0,0.0,0.0,0.0,0.0,1.0,1.0,5918,585,596,591.8,4.077035960378842,591.8,0.0053106069564819,10,0.0235258213688199,14.96
0.0,47,63.5,77.01679777302807,0.0,0.0,0.0,0.0,0.0,0.0,0.0,0,0,0,0,0,0.1298418045043945,0.0,0.0,0.0,0.0,0.0,0.0,0.0,0.0,0.0,0.0,0.0,0.0,0.0,1.0,1.0,5806,470,640,580.6,60.96118983965673,580.6,0.0129854917526245,10,0.2426731002930825,3994.75
0.0,47,63.5,51025.59610705597,0.0,0.0,0.0,0.0,0.0,0.0,0.0,0,0,0,0,0,0.0001959800720214,0.0,0.0,0.0,0.0,0.0,0.0,0.0,0.0,0.0,0.0,0.0,0.0,0.0,1.0,1.0,5836,573,596,583.6,7.734482673212359,583.6,0.00037841796875,10,0.0454652788617597,88.66666666666667
0.0,47,63.5,790.2002675257635,0.0,0.0,0.0,0.0,0.0,0.0,0.0,0,0,0,0,0,0.0126550197601318,0.0,0.0,0.0,0.0,0.0,0.0,0.0,0.0,0.0,0.0,0.0,0.0,0.0,1.0,1.0,5798,571,590,579.8,7.52477389841198,579.8,0.0012694835662841,10,0.0487881118952571,90.25
0.0,47,63.5,105120.40100250626,0.0,0.0,0.0,0.0,0.0,0.0,0.0,0,0,0,0,0,9.512901306152344e-05,0.0,0.0,0.0,0.0,0.0,0.0,0.0,0.0,0.0,0.0,0.0,0.0,0.0,1.0,1.0,5864,563,599,586.4,13.525284963110142,586.4,1.4019012451171874e-05,10,0.0648655200825725,182.6875
0.0,47,63.5,90982.73318872016,0.0,0.0,0.0,0.0,0.0,0.0,0.0,0,0,0,0,0,0.0001099109649658,0.0,0.0,0.0,0.0,0.0,0.0,0.0,0.0,0.0,0.0,0.0,0.0,0.0,1.0,1.0,5898,580,593,589.8,5.181162460726786,589.8,1.25885009765625e-05,10,0.0324962483400017,42.25
0.0,47,63.5,116185.70637119112,0.0,0.0,0.0,0.0,0.0,0.0,0.0,0,0,0,0,0,8.606910705566406e-05,0.0,0.0,0.0,0.0,0.0,0.0,0.0,0.0,0.0,0.0,0.0,0.0,0.0,1.0,1.0,5920,592,592,592.0,0.0,592.0,1.010894775390625e-05,10,0.0,0.0
0.0,47,63.5,113666.77506775068,0.0,0.0,0.0,0.0,0.0,0.0,0.0,0,0,0,0,0,8.797645568847656e-05,0.0,0.0,0.0,0.0,0.0,0.0,0.0,0.0,0.0,0.0,0.0,0.0,0.0,1.0,1.0,5920,592,592,592.0,0.0,592.0,1.0395050048828124e-05,10,0.0,0.0
0.0,47,63.5,3272.1984709002963,0.0,0.0,0.0,0.0,0.0,0.0,0.0,0,0,0,0,0,0.0030560493469238,0.0,0.0,0.0,0.0,0.0,0.0,0.0,0.0,0.0,0.0,0.0,0.0,0.0,1.0,1.0,5920,592,592,592.0,0.0,592.0,0.0003071069717407,10,0.0,0.0
0.0,47,63.5,110960.42328042327,0.0,0.0,0.0,0.0,0.0,0.0,0.0,0,0,0,0,0,9.012222290039062e-05,0.0,0.0,0.0,0.0,0.0,0.0,0.0,0.0,0.0,0.0,0.0,0.0,0.0,1.0,1.0,5890,587,592,589.0,2.581988897471611,589.0,1.1897087097167968e-05,10,0.019508538997274,6.25
0.0,47,63.5,15290.93693036821,0.0,0.0,0.0,0.0,0.0,0.0,0.0,0,0,0,0,0,0.0006539821624755,0.0,0.0,0.0,0.0,0.0,0.0,0.0,0.0,0.0,0.0,0.0,0.0,0.0,1.0,1.0,5870,587,587,587.0,0.0,587.0,6.659030914306641e-05,10,0.0,0.0
0.0,47,63.5,192399.26605504588,0.0,0.0,0.0,0.0,0.0,0.0,0.0,0,0,0,0,0,5.197525024414063e-05,0.0,0.0,0.0,0.0,0.0,0.0,0.0,0.0,0.0,0.0,0.0,0.0,0.0,1.0,1.0,5870,587,587,587.0,0.0,587.0,6.103515625e-06,10,0.0,0.0
0.0,47,63.5,204600.19512195123,0.0,0.0,0.0,0.0,0.0,0.0,0.0,0,0,0,0,0,4.887580871582031e-05,0.0,0.0,0.0,0.0,0.0,0.0,0.0,0.0,0.0,0.0,0.0,0.0,0.0,1.0,1.0,5870,587,587,587.0,0.0,587.0,5.793571472167969e-06,10,0.0,0.0
0.0,47,63.5,175493.8912133891,0.0,0.0,0.0,0.0,0.0,0.0,0.0,0,0,0,0,0,5.698204040527344e-05,0.0,0.0,0.0,0.0,0.0,0.0,0.0,0.0,0.0,0.0,0.0,0.0,0.0,1.0,1.0,5810,577,587,581.0,5.163977794943222,581.0,6.699562072753907e-06,10,0.037601637994548,25.0
0.0,47,63.5,192399.26605504588,0.0,0.0,0.0,0.0,0.0,0.0,0.0,0,0,0,0,0,5.197525024414063e-05,0.0,0.0,0.0,0.0,0.0,0.0,0.0,0.0,0.0,0.0,0.0,0.0,0.0,1.0,1.0,5770,577,577,577.0,0.0,577.0,6.103515625e-06,10,0.0,0.0
0.0,47,63.5,9988.816384853537,0.0,0.0,0.0,0.0,0.0,0.0,0.0,0,0,0,0,0,0.0010011196136474,0.0,0.0,0.0,0.0,0.0,0.0,0.0,0.0,0.0,0.0,0.0,0.0,0.0,1.0,1.0,5850,577,599,585.0,10.413666234542204,585.0,0.0001052141189575,10,0.0397401510773031,97.6
0.0,47,63.5,87746.94560669456,0.0,0.0,0.0,0.0,0.0,0.0,0.0,0,0,0,0,0,0.0001139640808105,0.0,0.0,0.0,0.0,0.0,0.0,0.0,0.0,0.0,0.0,0.0,0.0,0.0,1.0,1.0,5794,470,640,579.4,60.96483503718444,579.4,1.2993812561035156e-05,10,0.2426745852007474,3943.25
0.0,47,63.5,116185.70637119112,0.0,0.0,0.0,0.0,0.0,0.0,0.0,0,0,0,0,0,8.606910705566406e-05,0.0,0.0,0.0,0.0,0.0,0.0,0.0,0.0,0.0,0.0,0.0,0.0,0.0,1.0,1.0,5776,554,591,577.6,13.898041428760944,577.6,1.0204315185546874e-05,10,0.0803545361564201,210.6875
0.0,47,63.5,87018.75518672199,0.0,0.0,0.0,0.0,0.0,0.0,0.0,0,0,0,0,0,0.0001149177551269,0.0,0.0,0.0,0.0,0.0,0.0,0.0,0.0,0.0,0.0,0.0,0.0,0.0,1.0,1.0,5790,560,598,579.0,15.260697523012796,579.0,1.308917999267578e-05,10,0.0706848477429745,209.6
0.0,47,63.5,7710.117647058823,0.0,0.0,0.0,0.0,0.0,0.0,0.0,0,0,0,0,0,0.0012969970703125,0.0,0.0,0.0,0.0,0.0,0.0,0.0,0.0,0.0,0.0,0.0,0.0,0.0,1.0,1.0,5876,574,597,587.6,9.22797678559908,587.6,0.0001312017440795,10,0.0443695386233816,92.1875
0.0,47,63.5,2742.8093120585927,0.0,0.0,0.0,0.0,0.0,0.0,0.0,0,0,0,0,0,0.003645896911621,0.0,0.0,0.0,0.0,0.0,0.0,0.0,0.0,0.0,0.0,0.0,0.0,0.0,1.0,1.0,5934,592,598,593.4,2.4585451886114367,593.4,0.0003660917282104,10,0.0109376029680328,6.959999999999999
0.0,47,63.5,21833.961478396668,0.0,0.0,0.0,0.0,0.0,0.0,0.0,0,0,0,0,0,0.0004580020904541,0.0,0.0,0.0,0.0,0.0,0.0,0.0,0.0,0.0,0.0,0.0,0.0,0.0,1.0,1.0,5920,592,592,592.0,0.0,592.0,4.7206878662109375e-05,10,0.0,0.0
0.0,47,63.5,175493.8912133891,0.0,0.0,0.0,0.0,0.0,0.0,0.0,0,0,0,0,0,5.698204040527344e-05,0.0,0.0,0.0,0.0,0.0,0.0,0.0,0.0,0.0,0.0,0.0,0.0,0.0,1.0,1.0,5908,550,628,590.8,26.046112953759533,590.8,6.699562072753907e-06,10,0.0921196945728435,610.56
0.0,47,63.5,3755.308443011908,0.0,0.0,0.0,0.0,0.0,0.0,0.0,0,0,0,0,0,0.0026628971099853,0.0,0.0,0.0,0.0,0.0,0.0,0.0,0.0,0.0,0.0,0.0,0.0,0.0,1.0,1.0,5918,589,599,591.8,3.852848873813304,591.8,0.0005625009536743,10,0.0166179765172365,15.6875
0.0,47,63.5,2684.52636968766,0.0,0.0,0.0,0.0,0.0,0.0,0.0,0,0,0,0,0,0.0037250518798828,0.0,0.0,0.0,0.0,0.0,0.0,0.0,0.0,0.0,0.0,0.0,0.0,0.0,1.0,1.0,5910,587,597,591.0,4.0,591.0,0.0005062103271484,10,0.0200861799999999,14.4
0.0,47,63.5,2939.451958791786,0.0,0.0,0.0,0.0,0.0,0.0,0.0,0,0,0,0,0,0.0034019947052001,0.0,0.0,0.0,0.0,0.0,0.0,0.0,0.0,0.0,0.0,0.0,0.0,0.0,1.0,1.0,5912,587,594,591.2,2.5298221281347035,591.2,0.0004243850708007,10,0.0194872883421169,8.222222222222221
0.0,47,63.5,1269.8083618419062,0.0,0.0,0.0,0.0,0.0,0.0,0.0,0,0,0,0,0,0.0078752040863037,0.0,0.0,0.0,0.0,0.0,0.0,0.0,0.0,0.0,0.0,0.0,0.0,0.0,1.0,1.0,5932,589,597,593.2,3.084008934992101,593.2,0.0009039163589477,10,0.0163047818797583,12.666666666666666
0.0,47,63.5,6207.346455527601,0.0,0.0,0.0,0.0,0.0,0.0,0.0,0,0,0,0,0,0.0016109943389892,0.0,0.0,0.0,0.0,0.0,0.0,0.0,0.0,0.0,0.0,0.0,0.0,0.0,1.0,1.0,5920,592,592,592.0,0.0,592.0,0.000164794921875,10,0.0,0.0
0.0,47,63.5,2386.109910114916,0.0,0.0,0.0,0.0,0.0,0.0,0.0,0,0,0,0,0,0.0041909217834472,0.0,0.0,0.0,0.0,0.0,0.0,0.0,0.0,0.0,0.0,0.0,0.0,0.0,1.0,1.0,5920,592,592,592.0,0.0,592.0,0.000420594215393,10,0.0,0.0
0.0,47,63.5,3162.409711226721,0.0,0.0,0.0,0.0,0.0,0.0,0.0,0,0,0,0,0,0.003162145614624,0.0,0.0,0.0,0.0,0.0,0.0,0.0,0.0,0.0,0.0,0.0,0.0,0.0,1.0,1.0,5920,592,592,592.0,0.0,592.0,0.000408911705017,10,0.0,0.0
0.0,47,63.5,2758.5031239723776,0.0,0.0,0.0,0.0,0.0,0.0,0.0,0,0,0,0,0,0.0036251544952392,0.0,0.0,0.0,0.0,0.0,0.0,0.0,0.0,0.0,0.0,0.0,0.0,0.0,1.0,1.0,5920,592,592,592.0,0.0,592.0,0.0004576921463012,10,0.0,0.0
0.0,47,63.5,126716.1329305136,0.0,0.0,0.0,0.0,0.0,0.0,0.0,0,0,0,0,0,7.891654968261719e-05,0.0,0.0,0.0,0.0,0.0,0.0,0.0,0.0,0.0,0.0,0.0,0.0,0.0,1.0,1.0,5920,592,592,592.0,0.0,592.0,0.0003561973571777,10,0.0,0.0
0.0,47,63.5,1281.7210609949884,0.0,0.0,0.0,0.0,0.0,0.0,0.0,0,0,0,0,0,0.0078020095825195,0.0,0.0,0.0,0.0,0.0,0.0,0.0,0.0,0.0,0.0,0.0,0.0,0.0,1.0,1.0,5920,592,592,592.0,0.0,592.0,0.0008538961410522,10,0.0,0.0
0.0,47,63.5,7277.987159465556,0.0,0.0,0.0,0.0,0.0,0.0,0.0,0,0,0,0,0,0.0013740062713623,0.0,0.0,0.0,0.0,0.0,0.0,0.0,0.0,0.0,0.0,0.0,0.0,0.0,1.0,1.0,5920,592,592,592.0,0.0,592.0,0.0001411914825439,10,0.0,0.0
0.0,47,63.5,653.2064599523446,0.0,0.0,0.0,0.0,0.0,0.0,0.0,0,0,0,0,0,0.0153090953826904,0.0,0.0,0.0,0.0,0.0,0.0,0.0,0.0,0.0,0.0,0.0,0.0,0.0,1.0,1.0,5772,470,640,577.2,59.801151977012765,577.2,0.0015324115753173,10,0.2422005472693559,3218.56
0.0,47,63.5,66576.25396825396,0.0,0.0,0.0,0.0,0.0,0.0,0.0,0,0,0,0,0,0.0001502037048339,0.0,0.0,0.0,0.0,0.0,0.0,0.0,0.0,0.0,0.0,0.0,0.0,0.0,1.0,1.0,5762,546,599,576.2,19.406757127923825,576.2,2.040863037109375e-05,10,0.096231606583631,397.25
0.0,47,63.5,31254.12816691505,0.0,0.0,0.0,0.0,0.0,0.0,0.0,0,0,0,0,0,0.0003199577331542,0.0,0.0,0.0,0.0,0.0,0.0,0.0,0.0,0.0,0.0,0.0,0.0,0.0,1.0,1.0,5790,562,606,579.0,17.987650084309387,579.0,3.428459167480469e-05,10,0.0683874391383443,394.6666666666667
0.0,47,63.5,830.5552475247525,0.0,0.0,0.0,0.0,0.0,0.0,0.0,0,0,0,0,0,0.0120401382446289,0.0,0.0,0.0,0.0,0.0,0.0,0.0,0.0,0.0,0.0,0.0,0.0,0.0,1.0,1.0,5924,582,611,592.4,11.364662579925351,592.4,0.0012070178985595,10,0.0316068989485583,135.5
0.0,47,63.5,62883.11844077961,0.0,0.0,0.0,0.0,0.0,0.0,0.0,0,0,0,0,0,0.0001590251922607,0.0,0.0,0.0,0.0,0.0,0.0,0.0,0.0,0.0,0.0,0.0,0.0,0.0,1.0,1.0,5934,586,601,593.4,5.232377832092955,593.4,1.7380714416503908e-05,10,0.0222923314336813,38.88888888888889
0.0,47,63.5,114912.43835616438,0.0,0.0,0.0,0.0,0.0,0.0,0.0,0,0,0,0,0,8.702278137207031e-05,0.0,0.0,0.0,0.0,0.0,0.0,0.0,0.0,0.0,0.0,0.0,0.0,0.0,1.0,1.0,5920,592,592,592.0,0.0,592.0,1.0204315185546874e-05,10,0.0,0.0
0.0,47,63.5,74631.743772242,0.0,0.0,0.0,0.0,0.0,0.0,0.0,0,0,0,0,0,0.000133991241455,0.0,0.0,0.0,0.0,0.0,0.0,0.0,0.0,0.0,0.0,0.0,0.0,0.0,1.0,1.0,5920,592,592,592.0,0.0,592.0,1.4901161193847656e-05,10,0.0,0.0
0.0,47,63.5,108.16892109708448,0.0,0.0,0.0,0.0,0.0,0.0,0.0,0,0,0,0,0,0.0924479961395263,0.0,0.0,0.0,0.0,0.0,0.0,0.0,0.0,0.0,0.0,0.0,0.0,0.0,1.0,1.0,5920,592,592,592.0,0.0,592.0,0.0148663997650146,10,0.0,0.0
0.0,47,63.5,116.03463634603148,0.0,0.0,0.0,0.0,0.0,0.0,0.0,0,0,0,0,0,0.0861811637878418,0.0,0.0,0.0,0.0,0.0,0.0,0.0,0.0,0.0,0.0,0.0,0.0,0.0,1.0,1.0,5886,527,640,588.6,37.92155646125888,588.6,0.024560809135437,10,0.1361522652400583,1294.24
0.0,47,63.5,180.9067108333441,0.0,0.0,0.0,0.0,0.0,0.0,0.0,0,0,0,0,0,0.0552771091461181,0.0,0.0,0.0,0.0,0.0,0.0,0.0,0.0,0.0,0.0,0.0,0.0,0.0,1.0,1.0,5744,563,584,574.4,7.6186904678195475,574.4,0.0059345960617065,10,0.062459409748971,52.24
0.0,47,63.5,478.2613256707602,0.0,0.0,0.0,0.0,0.0,0.0,0.0,0,0,0,0,0,0.0209090709686279,0.0,0.0,0.0,0.0,0.0,0.0,0.0,0.0,0.0,0.0,0.0,0.0,0.0,1.0,1.0,5742,567,584,574.2,6.972963661329537,574.2,0.0026859045028686,10,0.0553798464770792,43.760000000000005
0.0,47,63.5,189.23607226002056,0.0,0.0,0.0,0.0,0.0,0.0,0.0,0,0,0,0,0,0.0528440475463867,0.0,0.0,0.0,0.0,0.0,0.0,0.0,0.0,0.0,0.0,0.0,0.0,0.0,1.0,1.0,5860,568,595,586.0,9.955456348712053,586.0,0.0071590900421142,10,0.0548906646982113,103.6875
0.0,47,63.5,435.5184516021847,0.0,0.0,0.0,0.0,0.0,0.0,0.0,0,0,0,0,0,0.022961139678955,0.0,0.0,0.0,0.0,0.0,0.0,0.0,0.0,0.0,0.0,0.0,0.0,0.0,1.0,1.0,5842,569,592,584.2,9.461031186456951,584.2,0.0029463052749633,10,0.0529851256641151,100.0
0.0,47,63.5,1597.2216298552933,0.0,0.0,0.0,0.0,0.0,0.0,0.0,0,0,0,0,0,0.006260871887207,0.0,0.0,0.0,0.0,0.0,0.0,0.0,0.0,0.0,0.0,0.0,0.0,0.0,1.0,1.0,5920,592,592,592.0,0.0,592.0,0.0006285905838012,10,0.0,0.0
0.0,47,63.5,1329.077888332594,0.0,0.0,0.0,0.0,0.0,0.0,0.0,0,0,0,0,0,0.0075240135192871,0.0,0.0,0.0,0.0,0.0,0.0,0.0,0.0,0.0,0.0,0.0,0.0,0.0,1.0,1.0,5920,592,592,592.0,0.0,592.0,0.0007553100585937,10,0.0,0.0
0.0,47,63.5,79287.41020793951,0.0,0.0,0.0,0.0,0.0,0.0,0.0,0,0,0,0,0,0.0001261234283447,0.0,0.0,0.0,0.0,0.0,0.0,0.0,0.0,0.0,0.0,0.0,0.0,0.0,1.0,1.0,5920,592,592,592.0,0.0,592.0,5.240440368652344e-05,10,0.0,0.0
0.0,47,63.5,6068.148148148148,0.0,0.0,0.0,0.0,0.0,0.0,0.0,0,0,0,0,0,0.00164794921875,0.0,0.0,0.0,0.0,0.0,0.0,0.0,0.0,0.0,0.0,0.0,0.0,0.0,1.0,1.0,5920,592,592,592.0,0.0,592.0,0.000166893005371,10,0.0,0.0
0.0,47,63.5,340.1706407137064,0.0,0.0,0.0,0.0,0.0,0.0,0.0,0,0,0,0,0,0.0293970108032226,0.0,0.0,0.0,0.0,0.0,0.0,0.0,0.0,0.0,0.0,0.0,0.0,0.0,1.0,1.0,5920,592,592,592.0,0.0,592.0,0.0030389070510864,10,0.0,0.0
0.0,47,63.5,11072.608236536433,0.0,0.0,0.0,0.0,0.0,0.0,0.0,0,0,0,0,0,0.0009031295776367,0.0,0.0,0.0,0.0,0.0,0.0,0.0,0.0,0.0,0.0,0.0,0.0,0.0,1.0,1.0,5920,592,592,592.0,0.0,592.0,9.410381317138672e-05,10,0.0,0.0
0.0,47,63.5,12224.727484698338,0.0,0.0,0.0,0.0,0.0,0.0,0.0,0,0,0,0,0,0.0008180141448974,0.0,0.0,0.0,0.0,0.0,0.0,0.0,0.0,0.0,0.0,0.0,0.0,0.0,1.0,1.0,5920,592,592,592.0,0.0,592.0,8.308887481689453e-05,10,0.0,0.0
0.0,47,63.5,3202.00320635163,0.0,0.0,0.0,0.0,0.0,0.0,0.0,0,0,0,0,0,0.0031230449676513,0.0,0.0,0.0,0.0,0.0,0.0,0.0,0.0,0.0,0.0,0.0,0.0,0.0,1.0,1.0,5894,543,628,589.4,28.53146411322848,589.4,0.000315499305725,10,0.1050610372211647,732.64
0.0,47,63.5,84733.41414141415,0.0,0.0,0.0,0.0,0.0,0.0,0.0,0,0,0,0,0,0.0001180171966552,0.0,0.0,0.0,0.0,0.0,0.0,0.0,0.0,0.0,0.0,0.0,0.0,0.0,1.0,1.0,5922,590,597,592.2,2.616188916046477,592.2,1.5401840209960936e-05,10,0.0144100807168408,6.159999999999999
0.0,47,63.5,88487.42616033755,0.0,0.0,0.0,0.0,0.0,0.0,0.0,0,0,0,0,0,0.0001130104064941,0.0,0.0,0.0,0.0,0.0,0.0,0.0,0.0,0.0,0.0,0.0,0.0,0.0,1.0,1.0,5936,590,597,593.6,2.3664319132398464,593.6,1.3303756713867189e-05,10,0.0143083397041774,12.25
0.0,47,63.5,4730.240216533213,0.0,0.0,0.0,0.0,0.0,0.0,0.0,0,0,0,0,0,0.0021140575408935,0.0,0.0,0.0,0.0,0.0,0.0,0.0,0.0,0.0,0.0,0.0,0.0,0.0,1.0,1.0,5888,585,592,588.8,2.4404006956964173,588.8,0.0002135038375854,10,0.0228591216273989,6.25
0.0,47,63.5,64927.30650154799,0.0,0.0,0.0,0.0,0.0,0.0,0.0,0,0,0,0,0,0.0001540184020996,0.0,0.0,0.0,0.0,0.0,0.0,0.0,0.0,0.0,0.0,0.0,0.0,0.0,1.0,1.0,5856,582,588,585.6,2.3664319132398464,585.6,1.850128173828125e-05,10,0.0279413797041773,8.0
0.0,47,63.5,709.1201731250422,0.0,0.0,0.0,0.0,0.0,0.0,0.0,0,0,0,0,0,0.0141019821166992,0.0,0.0,0.0,0.0,0.0,0.0,0.0,0.0,0.0,0.0,0.0,0.0,0.0,1.0,1.0,5850,585,585,585.0,0.0,585.0,0.0014123916625976,10,0.0,0.0
0.0,47,63.5,118818.81019830029,0.0,0.0,0.0,0.0,0.0,0.0,0.0,0,0,0,0,0,8.416175842285156e-05,0.0,0.0,0.0,0.0,0.0,0.0,0.0,0.0,0.0,0.0,0.0,0.0,0.0,1.0,1.0,5850,585,585,585.0,0.0,585.0,1.170635223388672e-05,10,0.0,0.0
0.0,47,63.5,133576.56050955414,0.0,0.0,0.0,0.0,0.0,0.0,0.0,0,0,0,0,0,7.486343383789062e-05,0.0,0.0,0.0,0.0,0.0,0.0,0.0,0.0,0.0,0.0,0.0,0.0,0.0,1.0,1.0,5850,585,585,585.0,0.0,585.0,8.988380432128907e-06,10,0.0,0.0
0.0,47,63.5,123361.88235294116,0.0,0.0,0.0,0.0,0.0,0.0,0.0,0,0,0,0,0,8.106231689453125e-05,0.0,0.0,0.0,0.0,0.0,0.0,0.0,0.0,0.0,0.0,0.0,0.0,0.0,1.0,1.0,5866,550,628,586.6,26.081922219550208,586.6,9.202957153320313e-06,10,0.092134281835356,612.24
0.0,47,63.5,1218.4597507480464,0.0,0.0,0.0,0.0,0.0,0.0,0.0,0,0,0,0,0,0.008207082748413,0.0,0.0,0.0,0.0,0.0,0.0,0.0,0.0,0.0,0.0,0.0,0.0,0.0,1.0,1.0,5920,587,596,592.0,3.944053188733077,592.0,0.0008861064910888,10,0.0200633895069622,16.8
0.0,47,63.5,85598.04081632652,0.0,0.0,0.0,0.0,0.0,0.0,0.0,0,0,0,0,0,0.0001168251037597,0.0,0.0,0.0,0.0,0.0,0.0,0.0,0.0,0.0,0.0,0.0,0.0,0.0,1.0,1.0,5898,589,591,589.8,0.7888106377466155,589.8,0.0004145860671997,10,0.0,0.56
0.0,47,63.5,939.7526438429826,0.0,0.0,0.0,0.0,0.0,0.0,0.0,0,0,0,0,0,0.0106410980224609,0.0,0.0,0.0,0.0,0.0,0.0,0.0,0.0,0.0,0.0,0.0,0.0,0.0,1.0,1.0,5914,586,599,591.4,5.440588203494177,591.4,0.0010655164718627,10,0.0223771480105753,26.64
0.0,47,63.5,41323.1921182266,0.0,0.0,0.0,0.0,0.0,0.0,0.0,0,0,0,0,0,0.000241994857788,0.0,0.0,0.0,0.0,0.0,0.0,0.0,0.0,0.0,0.0,0.0,0.0,0.0,1.0,1.0,5942,592,598,594.2,2.8596814119369625,594.2,0.0007073879241943,10,0.0111010098199667,7.6875
0.0,47,63.5,12625.83985550873,0.0,0.0,0.0,0.0,0.0,0.0,0.0,0,0,0,0,0,0.0007920265197753,0.0,0.0,0.0,0.0,0.0,0.0,0.0,0.0,0.0,0.0,0.0,0.0,0.0,1.0,1.0,5920,592,592,592.0,0.0,592.0,0.0005836009979248,10,0.0,0.0
0.0,47,63.5,156503.8805970149,0.0,0.0,0.0,0.0,0.0,0.0,0.0,0,0,0,0,0,6.389617919921875e-05,0.0,0.0,0.0,0.0,0.0,0.0,0.0,0.0,0.0,0.0,0.0,0.0,0.0,1.0,1.0,5920,592,592,592.0,0.0,592.0,7.295608520507813e-06,10,0.0,0.0
0.0,47,63.5,64527.75384615385,0.0,0.0,0.0,0.0,0.0,0.0,0.0,0,0,0,0,0,0.000154972076416,0.0,0.0,0.0,0.0,0.0,0.0,0.0,0.0,0.0,0.0,0.0,0.0,0.0,1.0,1.0,5920,592,592,592.0,0.0,592.0,1.6903877258300783e-05,10,0.0,0.0
0.0,47,63.5,8756.375782881001,0.0,0.0,0.0,0.0,0.0,0.0,0.0,0,0,0,0,0,0.0011420249938964,0.0,0.0,0.0,0.0,0.0,0.0,0.0,0.0,0.0,0.0,0.0,0.0,0.0,1.0,1.0,5920,592,592,592.0,0.0,592.0,0.0012184143066406,10,0.0,0.0
0.0,47,63.5,76260.07272727272,0.0,0.0,0.0,0.0,0.0,0.0,0.0,0,0,0,0,0,0.0001311302185058,0.0,0.0,0.0,0.0,0.0,0.0,0.0,0.0,0.0,0.0,0.0,0.0,0.0,1.0,1.0,5920,592,592,592.0,0.0,592.0,1.7094612121582032e-05,10,0.0,0.0
0.0,47,63.5,65844.64678178963,0.0,0.0,0.0,0.0,0.0,0.0,0.0,0,0,0,0,0,0.0001518726348876,0.0,0.0,0.0,0.0,0.0,0.0,0.0,0.0,0.0,0.0,0.0,0.0,0.0,1.0,1.0,5920,592,592,592.0,0.0,592.0,1.728534698486328e-05,10,0.0,0.0
0.0,47,63.5,81284.96124031008,0.0,0.0,0.0,0.0,0.0,0.0,0.0,0,0,0,0,0,0.0001230239868164,0.0,0.0,0.0,0.0,0.0,0.0,0.0,0.0,0.0,0.0,0.0,0.0,0.0,1.0,1.0,5920,592,592,592.0,0.0,592.0,1.4400482177734376e-05,10,0.0,0.0
0.0,47,63.5,1921.6126815412103,0.0,0.0,0.0,0.0,0.0,0.0,0.0,0,0,0,0,0,0.0052039623260498,0.0,0.0,0.0,0.0,0.0,0.0,0.0,0.0,0.0,0.0,0.0,0.0,0.0,1.0,1.0,5920,592,592,592.0,0.0,592.0,0.0007254123687744,10,0.0,0.0
0.0,47,63.5,237.15122524906425,0.0,0.0,0.0,0.0,0.0,0.0,0.0,0,0,0,0,0,0.0421671867370605,0.0,0.0,0.0,0.0,0.0,0.0,0.0,0.0,0.0,0.0,0.0,0.0,0.0,1.0,1.0,5920,592,592,592.0,0.0,592.0,0.0046251058578491,10,0.0,0.0
0.0,47,63.5,813.4013381169398,0.0,0.0,0.0,0.0,0.0,0.0,0.0,0,0,0,0,0,0.012294054031372,0.0,0.0,0.0,0.0,0.0,0.0,0.0,0.0,0.0,0.0,0.0,0.0,0.0,1.0,1.0,5920,592,592,592.0,0.0,592.0,0.0012379884719848,10,0.0,0.0
0.0,47,63.5,69442.11920529802,0.0,0.0,0.0,0.0,0.0,0.0,0.0,0,0,0,0,0,0.0001440048217773,0.0,0.0,0.0,0.0,0.0,0.0,0.0,0.0,0.0,0.0,0.0,0.0,0.0,1.0,1.0,5920,592,592,592.0,0.0,592.0,1.7094612121582032e-05,10,0.0,0.0
0.0,47,63.5,56756.481732070366,0.0,0.0,0.0,0.0,0.0,0.0,0.0,0,0,0,0,0,0.000176191329956,0.0,0.0,0.0,0.0,0.0,0.0,0.0,0.0,0.0,0.0,0.0,0.0,0.0,1.0,1.0,5894,531,640,589.4,36.48804979411448,589.4,2.02178955078125e-05,10,0.1287517919641304,1198.24
0.0,47,63.5,60262.988505747126,0.0,0.0,0.0,0.0,0.0,0.0,0.0,0,0,0,0,0,0.0001659393310546,0.0,0.0,0.0,0.0,0.0,0.0,0.0,0.0,0.0,0.0,0.0,0.0,0.0,1.0,1.0,5794,571,585,579.4,5.059644256269407,579.4,1.8787384033203124e-05,10,0.0477839166842339,24.75
0.0,47,63.5,66682.09856915739,0.0,0.0,0.0,0.0,0.0,0.0,0.0,0,0,0,0,0,0.0001499652862548,0.0,0.0,0.0,0.0,0.0,0.0,0.0,0.0,0.0,0.0,0.0,0.0,0.0,1.0,1.0,5794,563,596,579.4,11.442610424782162,579.4,1.780986785888672e-05,10,0.0640171217826393,272.25
0.0,47,63.5,59158.02538787024,0.0,0.0,0.0,0.0,0.0,0.0,0.0,0,0,0,0,0,0.000169038772583,0.0,0.0,0.0,0.0,0.0,0.0,0.0,0.0,0.0,0.0,0.0,0.0,0.0,1.0,1.0,5780,564,589,578.0,9.637888196533972,578.0,2.0599365234375e-05,10,0.06157782013574,156.25
0.0,47,63.5,116508.44444444444,0.0,0.0,0.0,0.0,0.0,0.0,0.0,0,0,0,0,0,8.58306884765625e-05,0.0,0.0,0.0,0.0,0.0,0.0,0.0,0.0,0.0,0.0,0.0,0.0,0.0,1.0,1.0,5802,560,628,580.2,25.702572288045847,580.2,1.018047332763672e-05,10,0.0749384498472583,594.5600000000001
0.0,47,63.5,121927.44186046511,0.0,0.0,0.0,0.0,0.0,0.0,0.0,0,0,0,0,0,8.20159912109375e-05,0.0,0.0,0.0,0.0,0.0,0.0,0.0,0.0,0.0,0.0,0.0,0.0,0.0,1.0,1.0,5932,589,601,593.2,4.491968140779472,593.2,9.512901306152343e-06,10,0.0168783281418278,22.25
0.0,47,63.5,158.22308063737324,0.0,0.0,0.0,0.0,0.0,0.0,0.0,0,0,0,0,0,0.063201904296875,0.0,0.0,0.0,0.0,0.0,0.0,0.0,0.0,0.0,0.0,0.0,0.0,0.0,1.0,1.0,5934,591,596,593.4,1.9550504398153568,593.4,0.0063215970993041,10,0.0124366293471632,4.666666666666667
0.0,47,63.5,16892.08215867902,0.0,0.0,0.0,0.0,0.0,0.0,0.0,0,0,0,0,0,0.0005919933319091,0.0,0.0,0.0,0.0,0.0,0.0,0.0,0.0,0.0,0.0,0.0,0.0,0.0,1.0,1.0,5918,585,598,591.8,4.541169697580374,591.8,6.020069122314453e-05,10,0.0237148908880063,18.56
0.0,47,63.5,16339.322165952472,0.0,0.0,0.0,0.0,0.0,0.0,0.0,0,0,0,0,0,0.0006120204925537,0.0,0.0,0.0,0.0,0.0,0.0,0.0,0.0,0.0,0.0,0.0,0.0,0.0,1.0,1.0,5922,584,598,592.2,4.917090377222873,592.2,6.210803985595703e-05,10,0.0255721559360655,36.22222222222222
0.0,47,63.5,62883.11844077961,0.0,0.0,0.0,0.0,0.0,0.0,0.0,0,0,0,0,0,0.0001590251922607,0.0,0.0,0.0,0.0,0.0,0.0,0.0,0.0,0.0,0.0,0.0,0.0,0.0,1.0,1.0,5920,592,592,592.0,0.0,592.0,0.0001158952713012,10,0.0,0.0
0.0,47,63.5,518.5899924578691,0.0,0.0,0.0,0.0,0.0,0.0,0.0,0,0,0,0,0,0.0192830562591552,0.0,0.0,0.0,0.0,0.0,0.0,0.0,0.0,0.0,0.0,0.0,0.0,0.0,1.0,1.0,5920,592,592,592.0,0.0,592.0,0.0019304990768432,10,0.0,0.0
0.0,47,63.5,79437.57575757576,0.0,0.0,0.0,0.0,0.0,0.0,0.0,0,0,0,0,0,0.0001258850097656,0.0,0.0,0.0,0.0,0.0,0.0,0.0,0.0,0.0,0.0,0.0,0.0,0.0,1.0,1.0,5920,592,592,592.0,0.0,592.0,0.0007680892944335,10,0.0,0.0
0.0,47,63.5,100824.6153846154,0.0,0.0,0.0,0.0,0.0,0.0,0.0,0,0,0,0,0,9.918212890625e-05,0.0,0.0,0.0,0.0,0.0,0.0,0.0,0.0,0.0,0.0,0.0,0.0,0.0,1.0,1.0,5814,491,640,581.4,51.51741884493482,581.4,1.1420249938964843e-05,10,0.2030393557406726,2388.6400000000003
0.0,47,63.5,87563.75782881002,0.0,0.0,0.0,0.0,0.0,0.0,0.0,0,0,0,0,0,0.0001142024993896,0.0,0.0,0.0,0.0,0.0,0.0,0.0,0.0,0.0,0.0,0.0,0.0,0.0,1.0,1.0,5794,571,589,579.4,6.883151732874829,579.4,1.2898445129394532e-05,10,0.0485267406899039,42.64
0.0,47,63.5,695.5497330105137,0.0,0.0,0.0,0.0,0.0,0.0,0.0,0,0,0,0,0,0.0143771171569824,0.0,0.0,0.0,0.0,0.0,0.0,0.0,0.0,0.0,0.0,0.0,0.0,0.0,1.0,1.0,5868,557,601,586.8,18.33515142500268,586.8,0.0014401912689208,10,0.077049647284489,339.0
0.0,47,63.5,333.06630667831337,0.0,0.0,0.0,0.0,0.0,0.0,0.0,0,0,0,0,0,0.0300240516662597,0.0,0.0,0.0,0.0,0.0,0.0,0.0,0.0,0.0,0.0,0.0,0.0,0.0,1.0,1.0,5868,578,598,586.8,8.52186729667989,586.8,0.0030054092407226,10,0.0372653778619755,74.5
0.0,47,63.5,2114.1710771712283,0.0,0.0,0.0,0.0,0.0,0.0,0.0,0,0,0,0,0,0.0047299861907958,0.0,0.0,0.0,0.0,0.0,0.0,0.0,0.0,0.0,0.0,0.0,0.0,0.0,1.0,1.0,5994,581,618,599.4,14.960689229518213,599.4,0.0004752874374389,10,0.0347759063645365,285.04
0.0,47,63.5,46294.74613686535,0.0,0.0,0.0,0.0,0.0,0.0,0.0,0,0,0,0,0,0.000216007232666,0.0,0.0,0.0,0.0,0.0,0.0,0.0,0.0,0.0,0.0,0.0,0.0,0.0,1.0,1.0,5920,592,592,592.0,0.0,592.0,2.460479736328125e-05,10,0.0,0.0
0.0,47,63.5,61771.78203240059,0.0,0.0,0.0,0.0,0.0,0.0,0.0,0,0,0,0,0,0.0001618862152099,0.0,0.0,0.0,0.0,0.0,0.0,0.0,0.0,0.0,0.0,0.0,0.0,0.0,1.0,1.0,5920,592,592,592.0,0.0,592.0,2.079010009765625e-05,10,0.0,0.0
0.0,47,63.5,62508.2563338301,0.0,0.0,0.0,0.0,0.0,0.0,0.0,0,0,0,0,0,0.0001599788665771,0.0,0.0,0.0,0.0,0.0,0.0,0.0,0.0,0.0,0.0,0.0,0.0,0.0,1.0,1.0,5920,592,592,592.0,0.0,592.0,1.8095970153808595e-05,10,0.0,0.0
0.0,47,63.5,37183.54609929078,0.0,0.0,0.0,0.0,0.0,0.0,0.0,0,0,0,0,0,0.0002689361572265,0.0,0.0,0.0,0.0,0.0,0.0,0.0,0.0,0.0,0.0,0.0,0.0,0.0,1.0,1.0,5884,583,592,588.4,4.6475800154489,588.4,2.951622009277344e-05,10,0.0271664981950933,19.44
0.0,47,63.5,38908.20037105752,0.0,0.0,0.0,0.0,0.0,0.0,0.0,0,0,0,0,0,0.0002570152282714,0.0,0.0,0.0,0.0,0.0,0.0,0.0,0.0,0.0,0.0,0.0,0.0,0.0,1.0,1.0,5830,583,583,583.0,0.0,583.0,2.9802322387695312e-05,10,0.0,0.0
0.0,47,63.5,74104.3109540636,0.0,0.0,0.0,0.0,0.0,0.0,0.0,0,0,0,0,0,0.0001349449157714,0.0,0.0,0.0,0.0,0.0,0.0,0.0,0.0,0.0,0.0,0.0,0.0,0.0,1.0,1.0,5830,583,583,583.0,0.0,583.0,1.7094612121582032e-05,10,0.0,0.0
0.0,47,63.5,74631.743772242,0.0,0.0,0.0,0.0,0.0,0.0,0.0,0,0,0,0,0,0.000133991241455,0.0,0.0,0.0,0.0,0.0,0.0,0.0,0.0,0.0,0.0,0.0,0.0,0.0,1.0,1.0,5830,583,583,583.0,0.0,583.0,1.559257507324219e-05,10,0.0,0.0
0.0,47,63.5,60262.988505747126,0.0,0.0,0.0,0.0,0.0,0.0,0.0,0,0,0,0,0,0.0001659393310546,0.0,0.0,0.0,0.0,0.0,0.0,0.0,0.0,0.0,0.0,0.0,0.0,0.0,1.0,1.0,5718,470,640,571.8,58.48228601703064,571.8,1.900196075439453e-05,10,0.2416632940318976,3078.16
0.0,47,63.5,76398.97996357013,0.0,0.0,0.0,0.0,0.0,0.0,0.0,0,0,0,0,0,0.0001308917999267,0.0,0.0,0.0,0.0,0.0,0.0,0.0,0.0,0.0,0.0,0.0,0.0,0.0,1.0,1.0,5898,580,612,589.8,12.514880032274467,589.8,1.559257507324219e-05,10,0.0354837115299473,140.95999999999998
0.0,47,63.5,74104.3109540636,0.0,0.0,0.0,0.0,0.0,0.0,0.0,0,0,0,0,0,0.0001349449157714,0.0,0.0,0.0,0.0,0.0,0.0,0.0,0.0,0.0,0.0,0.0,0.0,0.0,1.0,1.0,5832,569,593,583.2,8.753412033157254,583.2,1.590251922607422e-05,10,0.0526968699258269,85.1875
0.0,47,63.5,41160.98135426889,0.0,0.0,0.0,0.0,0.0,0.0,0.0,0,0,0,0,0,0.0002429485321044,0.0,0.0,0.0,0.0,0.0,0.0,0.0,0.0,0.0,0.0,0.0,0.0,0.0,1.0,1.0,5842,576,589,584.2,5.00666222813829,584.2,2.6702880859375e-05,10,0.0392416839252544,30.88888888888889
0.0,47,63.5,68089.35064935064,0.0,0.0,0.0,0.0,0.0,0.0,0.0,0,0,0,0,0,0.0001468658447265,0.0,0.0,0.0,0.0,0.0,0.0,0.0,0.0,0.0,0.0,0.0,0.0,0.0,1.0,1.0,5742,470,640,574.2,59.08712963826292,574.2,1.6999244689941406e-05,10,0.2419096831294427,3876.5
0.0,47,63.5,59578.181818181816,0.0,0.0,0.0,0.0,0.0,0.0,0.0,0,0,0,0,0,0.0001678466796875,0.0,0.0,0.0,0.0,0.0,0.0,0.0,0.0,0.0,0.0,0.0,0.0,0.0,1.0,1.0,5826,569,611,582.6,17.468702171470998,582.6,1.900196075439453e-05,10,0.0562471305165704,382.88888888888886
0.0,47,63.5,70969.61082910321,0.0,0.0,0.0,0.0,0.0,0.0,0.0,0,0,0,0,0,0.000140905380249,0.0,0.0,0.0,0.0,0.0,0.0,0.0,0.0,0.0,0.0,0.0,0.0,0.0,1.0,1.0,5810,574,592,581.0,7.542472332656507,581.0,1.64031982421875e-05,10,0.0436829315294309,57.83673469387755
0.0,47,63.5,69905.06666666667,0.0,0.0,0.0,0.0,0.0,0.0,0.0,0,0,0,0,0,0.0001430511474609,0.0,0.0,0.0,0.0,0.0,0.0,0.0,0.0,0.0,0.0,0.0,0.0,0.0,1.0,1.0,5798,563,596,579.8,11.612254063894934,579.8,1.6498565673828126e-05,10,0.0640862278154682,272.25
0.0,47,63.5,1258.0395920815836,0.0,0.0,0.0,0.0,0.0,0.0,0.0,0,0,0,0,0,0.007948875427246,0.0,0.0,0.0,0.0,0.0,0.0,0.0,0.0,0.0,0.0,0.0,0.0,0.0,1.0,1.0,5714,518,592,571.4,29.511579648221694,571.4,0.0007972002029418,10,0.1480635470854995,859.9591836734693
0.0,47,63.5,1218.4597507480464,0.0,0.0,0.0,0.0,0.0,0.0,0.0,0,0,0,0,0,0.008207082748413,0.0,0.0,0.0,0.0,0.0,0.0,0.0,0.0,0.0,0.0,0.0,0.0,0.0,1.0,1.0,5920,592,592,592.0,0.0,592.0,0.0010301113128662,10,0.0,0.0
0.0,47,63.5,1125.745880079446,0.0,0.0,0.0,0.0,0.0,0.0,0.0,0,0,0,0,0,0.008882999420166,0.0,0.0,0.0,0.0,0.0,0.0,0.0,0.0,0.0,0.0,0.0,0.0,0.0,1.0,1.0,5786,470,640,578.6,60.25722639927375,578.6,0.000959300994873,10,0.2423863337460081,3954.75
0.0,47,63.5,1931.612784378742,0.0,0.0,0.0,0.0,0.0,0.0,0.0,0,0,0,0,0,0.0051770210266113,0.0,0.0,0.0,0.0,0.0,0.0,0.0,0.0,0.0,0.0,0.0,0.0,0.0,1.0,1.0,5846,565,611,584.6,16.132782359737785,584.6,0.0005198001861572,10,0.0625194502220627,234.24
0.0,47,63.5,479.34355035942446,0.0,0.0,0.0,0.0,0.0,0.0,0.0,0,0,0,0,0,0.0208618640899658,0.0,0.0,0.0,0.0,0.0,0.0,0.0,0.0,0.0,0.0,0.0,0.0,0.0,1.0,1.0,5912,582,604,591.2,9.670114327716664,591.2,0.0020898818969726,10,0.0309166077725386,84.16
0.0,47,63.5,107546.2564102564,0.0,0.0,0.0,0.0,0.0,0.0,0.0,0,0,0,0,0,9.298324584960938e-05,0.0,0.0,0.0,0.0,0.0,0.0,0.0,0.0,0.0,0.0,0.0,0.0,0.0,1.0,1.0,5824,564,593,582.4,10.319345371140985,582.4,0.0001965999603271,10,0.061855418530388,119.6875
0.0,47,63.5,2058.0490677134444,0.0,0.0,0.0,0.0,0.0,0.0,0.0,0,0,0,0,0,0.0048589706420898,0.0,0.0,0.0,0.0,0.0,0.0,0.0,0.0,0.0,0.0,0.0,0.0,0.0,1.0,1.0,5878,569,594,587.8,9.94205433723053,587.8,0.000487208366394,10,0.0531810752548142,156.25
0.0,47,63.5,41323.1921182266,0.0,0.0,0.0,0.0,0.0,0.0,0.0,0,0,0,0,0,0.000241994857788,0.0,0.0,0.0,0.0,0.0,0.0,0.0,0.0,0.0,0.0,0.0,0.0,0.0,1.0,1.0,5920,592,592,592.0,0.0,592.0,2.7108192443847657e-05,10,0.0,0.0
0.0,47,63.5,47393.26553672317,0.0,0.0,0.0,0.0,0.0,0.0,0.0,0,0,0,0,0,0.0002110004425048,0.0,0.0,0.0,0.0,0.0,0.0,0.0,0.0,0.0,0.0,0.0,0.0,0.0,1.0,1.0,5920,592,592,592.0,0.0,592.0,2.3484230041503903e-05,10,0.0,0.0
0.0,47,63.5,85423.7067209776,0.0,0.0,0.0,0.0,0.0,0.0,0.0,0,0,0,0,0,0.0001170635223388,0.0,0.0,0.0,0.0,0.0,0.0,0.0,0.0,0.0,0.0,0.0,0.0,0.0,1.0,1.0,5920,592,592,592.0,0.0,592.0,1.3709068298339844e-05,10,0.0,0.0
0.0,47,63.5,77528.72458410352,0.0,0.0,0.0,0.0,0.0,0.0,0.0,0,0,0,0,0,0.0001289844512939,0.0,0.0,0.0,0.0,0.0,0.0,0.0,0.0,0.0,0.0,0.0,0.0,0.0,1.0,1.0,5742,470,640,574.2,59.308609080900816,574.2,1.499652862548828e-05,10,0.2419999049951957,3954.75
0.0,47,63.5,1066.330401179641,0.0,0.0,0.0,0.0,0.0,0.0,0.0,0,0,0,0,0,0.0093779563903808,0.0,0.0,0.0,0.0,0.0,0.0,0.0,0.0,0.0,0.0,0.0,0.0,0.0,1.0,1.0,5718,566,576,571.8,3.794733192202056,571.8,0.0009397983551025,10,0.0557892925131755,12.96
0.0,47,63.5,294.04823331463825,0.0,0.0,0.0,0.0,0.0,0.0,0.0,0,0,0,0,0,0.0340080261230468,0.0,0.0,0.0,0.0,0.0,0.0,0.0,0.0,0.0,0.0,0.0,0.0,0.0,1.0,1.0,5852,577,595,585.2,6.613118276073197,585.2,0.0041979074478149,10,0.0381919598609411,39.36
0.0,47,63.5,1281.3686493752482,0.0,0.0,0.0,0.0,0.0,0.0,0.0,0,0,0,0,0,0.0078041553497314,0.0,0.0,0.0,0.0,0.0,0.0,0.0,0.0,0.0,0.0,0.0,0.0,0.0,1.0,1.0,5848,579,593,584.8,5.940445175985458,584.8,0.0012654066085815,10,0.0345096797468895,36.22222222222222
0.0,47,63.5,4235.387256386954,0.0,0.0,0.0,0.0,0.0,0.0,0.0,0,0,0,0,0,0.0023610591888427,0.0,0.0,0.0,0.0,0.0,0.0,0.0,0.0,0.0,0.0,0.0,0.0,0.0,1.0,1.0,5908,562,628,590.8,22.54279880089821,590.8,0.000551700592041,10,0.0702430245195339,570.1875
0.0,47,63.5,1539.3635996623482,0.0,0.0,0.0,0.0,0.0,0.0,0.0,0,0,0,0,0,0.0064961910247802,0.0,0.0,0.0,0.0,0.0,0.0,0.0,0.0,0.0,0.0,0.0,0.0,0.0,1.0,1.0,5906,586,593,590.6,2.5473297566057065,590.6,0.0007215976715087,10,0.0211985502496508,5.84
0.0,47,63.5,111254.74801061008,0.0,0.0,0.0,0.0,0.0,0.0,0.0,0,0,0,0,0,8.988380432128906e-05,0.0,0.0,0.0,0.0,0.0,0.0,0.0,0.0,0.0,0.0,0.0,0.0,0.0,1.0,1.0,5960,590,598,596.0,3.265986323710904,596.0,1.0585784912109376e-05,10,0.0146747821888269,11.555555555555555
0.0,47,63.5,674.4446767113155,0.0,0.0,0.0,0.0,0.0,0.0,0.0,0,0,0,0,0,0.014827013015747,0.0,0.0,0.0,0.0,0.0,0.0,0.0,0.0,0.0,0.0,0.0,0.0,0.0,1.0,1.0,5944,589,599,594.4,4.087922591134904,594.4,0.0016769170761108,10,0.0167137361467246,20.25
0.0,47,63.5,161319.38461538462,0.0,0.0,0.0,0.0,0.0,0.0,0.0,0,0,0,0,0,6.198883056640625e-05,0.0,0.0,0.0,0.0,0.0,0.0,0.0,0.0,0.0,0.0,0.0,0.0,0.0,1.0,1.0,5918,591,592,591.8,0.4216370213557839,591.8,7.390975952148437e-06,10,0.0,0.25
0.0,47,63.5,195995.5140186916,0.0,0.0,0.0,0.0,0.0,0.0,0.0,0,0,0,0,0,5.1021575927734375e-05,0.0,0.0,0.0,0.0,0.0,0.0,0.0,0.0,0.0,0.0,0.0,0.0,0.0,1.0,1.0,5920,592,592,592.0,0.0,592.0,6.008148193359375e-06,10,0.0,0.0
0.0,47,63.5,1838.5587165212817,0.0,0.0,0.0,0.0,0.0,0.0,0.0,0,0,0,0,0,0.0054390430450439,0.0,0.0,0.0,0.0,0.0,0.0,0.0,0.0,0.0,0.0,0.0,0.0,0.0,1.0,1.0,5920,592,592,592.0,0.0,592.0,0.000544786453247,10,0.0,0.0
0.0,47,63.5,1332.2863858712917,0.0,0.0,0.0,0.0,0.0,0.0,0.0,0,0,0,0,0,0.0075058937072753,0.0,0.0,0.0,0.0,0.0,0.0,0.0,0.0,0.0,0.0,0.0,0.0,0.0,1.0,1.0,5920,592,592,592.0,0.0,592.0,0.0007514953613281,10,0.0,0.0
0.0,47,63.5,133152.50793650793,0.0,0.0,0.0,0.0,0.0,0.0,0.0,0,0,0,0,0,7.510185241699219e-05,0.0,0.0,0.0,0.0,0.0,0.0,0.0,0.0,0.0,0.0,0.0,0.0,0.0,1.0,1.0,5920,592,592,592.0,0.0,592.0,1.010894775390625e-05,10,0.0,0.0
0.0,47,63.5,899.2933104631218,0.0,0.0,0.0,0.0,0.0,0.0,0.0,0,0,0,0,0,0.0111198425292968,0.0,0.0,0.0,0.0,0.0,0.0,0.0,0.0,0.0,0.0,0.0,0.0,0.0,1.0,1.0,5762,470,640,576.2,59.56285195768696,576.2,0.0011864900588989,10,0.2421034733734833,3954.75
0.0,47,63.5,85423.7067209776,0.0,0.0,0.0,0.0,0.0,0.0,0.0,0,0,0,0,0,0.0001170635223388,0.0,0.0,0.0,0.0,0.0,0.0,0.0,0.0,0.0,0.0,0.0,0.0,0.0,1.0,1.0,5852,565,612,585.2,19.948823412811983,585.2,1.270771026611328e-05,10,0.064073952705443,361.4320987654321
0.0,47,63.5,59918.62857142857,0.0,0.0,0.0,0.0,0.0,0.0,0.0,0,0,0,0,0,0.000166893005371,0.0,0.0,0.0,0.0,0.0,0.0,0.0,0.0,0.0,0.0,0.0,0.0,0.0,1.0,1.0,5836,571,606,583.6,13.3433295861432,583.6,1.8191337585449215e-05,10,0.0511583587402113,160.23999999999998
0.0,47,63.5,108660.72538860104,0.0,0.0,0.0,0.0,0.0,0.0,0.0,0,0,0,0,0,9.202957153320312e-05,0.0,0.0,0.0,0.0,0.0,0.0,0.0,0.0,0.0,0.0,0.0,0.0,0.0,1.0,1.0,5824,564,594,582.4,11.087530533591927,582.4,0.0001330137252807,10,0.062168346438164,110.64
0.0,47,63.5,1938.307685198022,0.0,0.0,0.0,0.0,0.0,0.0,0.0,0,0,0,0,0,0.0051591396331787,0.0,0.0,0.0,0.0,0.0,0.0,0.0,0.0,0.0,0.0,0.0,0.0,0.0,1.0,1.0,5884,578,592,588.4,5.719362823873924,588.4,0.0005171060562133,10,0.0361237496399332,34.666666666666664
0.0,47,63.5,1237.6228976099144,0.0,0.0,0.0,0.0,0.0,0.0,0.0,0,0,0,0,0,0.0080800056457519,0.0,0.0,0.0,0.0,0.0,0.0,0.0,0.0,0.0,0.0,0.0,0.0,0.0,1.0,1.0,5920,592,592,592.0,0.0,592.0,0.0009323835372924,10,0.0,0.0
0.0,47,63.5,87746.94560669456,0.0,0.0,0.0,0.0,0.0,0.0,0.0,0,0,0,0,0,0.0001139640808105,0.0,0.0,0.0,0.0,0.0,0.0,0.0,0.0,0.0,0.0,0.0,0.0,0.0,1.0,1.0,5920,592,592,592.0,0.0,592.0,7.960796356201171e-05,10,0.0,0.0
0.0,47,63.5,2048.400078140262,0.0,0.0,0.0,0.0,0.0,0.0,0.0,0,0,0,0,0,0.0048818588256835,0.0,0.0,0.0,0.0,0.0,0.0,0.0,0.0,0.0,0.0,0.0,0.0,0.0,1.0,1.0,5920,592,592,592.0,0.0,592.0,0.0004896879196166,10,0.0,0.0
0.0,47,63.5,739.7492019259599,0.0,0.0,0.0,0.0,0.0,0.0,0.0,0,0,0,0,0,0.0135180950164794,0.0,0.0,0.0,0.0,0.0,0.0,0.0,0.0,0.0,0.0,0.0,0.0,0.0,1.0,1.0,5932,559,628,593.2,23.03041467277565,593.2,0.0013538122177124,10,0.0755540497211019,595.6875
0.0,47,63.5,2782.475786121799,0.0,0.0,0.0,0.0,0.0,0.0,0.0,0,0,0,0,0,0.0035939216613769,0.0,0.0,0.0,0.0,0.0,0.0,0.0,0.0,0.0,0.0,0.0,0.0,0.0,1.0,1.0,5904,586,594,590.4,2.716206504995115,590.4,0.0003999948501586,10,0.0212673438818748,6.640000000000001
0.0,47,63.5,143150.3071672355,0.0,0.0,0.0,0.0,0.0,0.0,0.0,0,0,0,0,0,6.985664367675781e-05,0.0,0.0,0.0,0.0,0.0,0.0,0.0,0.0,0.0,0.0,0.0,0.0,0.0,1.0,1.0,5914,585,596,591.4,3.977715704047012,591.4,8.296966552734374e-06,10,0.0234853622692006,30.25
0.0,47,63.5,95325.09090909093,0.0,0.0,0.0,0.0,0.0,0.0,0.0,0,0,0,0,0,0.0001049041748046,0.0,0.0,0.0,0.0,0.0,0.0,0.0,0.0,0.0,0.0,0.0,0.0,0.0,1.0,1.0,5920,590,596,592.0,2.4037008503093262,592.0,1.5497207641601562e-05,10,0.0143235215783821,6.888888888888888
0.0,47,63.5,2322.298876031228,0.0,0.0,0.0,0.0,0.0,0.0,0.0,0,0,0,0,0,0.0043060779571533,0.0,0.0,0.0,0.0,0.0,0.0,0.0,0.0,0.0,0.0,0.0,0.0,0.0,1.0,1.0,5924,592,594,592.4,0.8432740427115677,592.4,0.0004319190979003,10,0.0,1.0
0.0,47,63.5,3370.5432336869176,0.0,0.0,0.0,0.0,0.0,0.0,0.0,0,0,0,0,0,0.0029668807983398,0.0,0.0,0.0,0.0,0.0,0.0,0.0,0.0,0.0,0.0,0.0,0.0,0.0,1.0,1.0,5920,592,592,592.0,0.0,592.0,0.0005031824111938,10,0.0,0.0
0.0,47,63.5,2491.271085768591,0.0,0.0,0.0,0.0,0.0,0.0,0.0,0,0,0,0,0,0.0040140151977539,0.0,0.0,0.0,0.0,0.0,0.0,0.0,0.0,0.0,0.0,0.0,0.0,0.0,1.0,1.0,5920,592,592,592.0,0.0,592.0,0.0004039049148559,10,0.0,0.0
0.0,47,63.5,1836.546107364918,0.0,0.0,0.0,0.0,0.0,0.0,0.0,0,0,0,0,0,0.0054450035095214,0.0,0.0,0.0,0.0,0.0,0.0,0.0,0.0,0.0,0.0,0.0,0.0,0.0,1.0,1.0,5920,592,592,592.0,0.0,592.0,0.001633596420288,10,0.0,0.0
0.0,47,63.5,70849.72972972973,0.0,0.0,0.0,0.0,0.0,0.0,0.0,0,0,0,0,0,0.0001411437988281,0.0,0.0,0.0,0.0,0.0,0.0,0.0,0.0,0.0,0.0,0.0,0.0,0.0,1.0,1.0,5714,470,640,571.4,59.45530534219241,571.4,1.6117095947265624e-05,10,0.2420596631841955,3954.75
0.0,47,63.5,82565.03937007874,0.0,0.0,0.0,0.0,0.0,0.0,0.0,0,0,0,0,0,0.0001211166381835,0.0,0.0,0.0,0.0,0.0,0.0,0.0,0.0,0.0,0.0,0.0,0.0,0.0,1.0,1.0,5840,562,596,584.0,15.362291495737216,584.0,1.4400482177734376e-05,10,0.0673179730637035,212.4
0.0,47,63.5,75709.45848375451,0.0,0.0,0.0,0.0,0.0,0.0,0.0,0,0,0,0,0,0.0001320838928222,0.0,0.0,0.0,0.0,0.0,0.0,0.0,0.0,0.0,0.0,0.0,0.0,0.0,1.0,1.0,5834,562,593,583.4,11.520030864156189,583.4,1.5497207641601562e-05,10,0.0657527897728227,184.66666666666663
0.0,47,63.5,7697.383006056157,0.0,0.0,0.0,0.0,0.0,0.0,0.0,0,0,0,0,0,0.0012991428375244,0.0,0.0,0.0,0.0,0.0,0.0,0.0,0.0,0.0,0.0,0.0,0.0,0.0,1.0,1.0,5810,565,601,581.0,12.87547194388531,581.0,0.0001317977905273,10,0.0611925522510611,218.0
0.0,47,63.5,1498.1262278101226,0.0,0.0,0.0,0.0,0.0,0.0,0.0,0,0,0,0,0,0.0066750049591064,0.0,0.0,0.0,0.0,0.0,0.0,0.0,0.0,0.0,0.0,0.0,0.0,0.0,1.0,1.0,5712,470,640,571.2,58.913873106802654,571.2,0.0006686925888061,10,0.2418391053487871,3756.1875
0.0,47,63.5,68534.37908496732,0.0,0.0,0.0,0.0,0.0,0.0,0.0,0,0,0,0,0,0.0001459121704101,0.0,0.0,0.0,0.0,0.0,0.0,0.0,0.0,0.0,0.0,0.0,0.0,0.0,1.0,1.0,5928,581,604,592.8,7.699927849589819,592.8,0.0007257938385009,10,0.0318181626088089,53.36
0.0,47,63.5,80504.87523992322,0.0,0.0,0.0,0.0,0.0,0.0,0.0,0,0,0,0,0,0.0001242160797119,0.0,0.0,0.0,0.0,0.0,0.0,0.0,0.0,0.0,0.0,0.0,0.0,0.0,1.0,1.0,5768,561,594,576.8,12.025897979869203,576.8,1.3518333435058594e-05,10,0.0676629898010795,159.5
0.0,47,63.5,70374.22818791946,0.0,0.0,0.0,0.0,0.0,0.0,0.0,0,0,0,0,0,0.0001420974731445,0.0,0.0,0.0,0.0,0.0,0.0,0.0,0.0,0.0,0.0,0.0,0.0,0.0,1.0,1.0,5700,541,599,570.0,24.94438257849294,570.0,1.559257507324219e-05,10,0.1070080636871749,668.75
0.0,47,63.5,3843.049294484149,0.0,0.0,0.0,0.0,0.0,0.0,0.0,0,0,0,0,0,0.0026021003723144,0.0,0.0,0.0,0.0,0.0,0.0,0.0,0.0,0.0,0.0,0.0,0.0,0.0,1.0,1.0,5866,470,640,586.6,63.74114317560781,586.6,0.000261902809143,10,0.2438055420840156,4085.6875
0.0,47,63.5,622.2818313996618,0.0,0.0,0.0,0.0,0.0,0.0,0.0,0,0,0,0,0,0.0160698890686035,0.0,0.0,0.0,0.0,0.0,0.0,0.0,0.0,0.0,0.0,0.0,0.0,0.0,1.0,1.0,5824,561,613,582.4,23.022694117857807,582.4,0.001609182357788,10,0.0721426446758505,500.6666666666667
0.0,47,63.5,94254.02247191012,0.0,0.0,0.0,0.0,0.0,0.0,0.0,0,0,0,0,0,0.0001060962677001,0.0,0.0,0.0,0.0,0.0,0.0,0.0,0.0,0.0,0.0,0.0,0.0,0.0,1.0,1.0,5738,551,589,573.8,14.148419621207797,573.8,0.0004002094268798,10,0.0855689202168952,224.75
0.0,47,63.5,140748.45637583893,0.0,0.0,0.0,0.0,0.0,0.0,0.0,0,0,0,0,0,7.104873657226562e-05,0.0,0.0,0.0,0.0,0.0,0.0,0.0,0.0,0.0,0.0,0.0,0.0,0.0,1.0,1.0,5854,580,596,585.4,6.022181221672647,585.4,8.296966552734374e-06,10,0.0328388457424606,46.22222222222223
0.0,47,63.5,116185.70637119112,0.0,0.0,0.0,0.0,0.0,0.0,0.0,0,0,0,0,0,8.606910705566406e-05,0.0,0.0,0.0,0.0,0.0,0.0,0.0,0.0,0.0,0.0,0.0,0.0,0.0,1.0,1.0,5888,525,640,588.8,39.67310872058749,588.8,9.703636169433594e-06,10,0.1402740375684185,1766.1875
0.0,47,63.5,147168.56140350876,0.0,0.0,0.0,0.0,0.0,0.0,0.0,0,0,0,0,0,6.794929504394531e-05,0.0,0.0,0.0,0.0,0.0,0.0,0.0,0.0,0.0,0.0,0.0,0.0,0.0,1.0,1.0,5814,569,590,581.4,7.6186904678195475,581.4,8.106231689453125e-06,10,0.0522346297489709,52.24
0.0,47,63.5,528.9627079313433,0.0,0.0,0.0,0.0,0.0,0.0,0.0,0,0,0,0,0,0.0189049243927001,0.0,0.0,0.0,0.0,0.0,0.0,0.0,0.0,0.0,0.0,0.0,0.0,0.0,1.0,1.0,5856,571,594,585.6,9.559172442098625,585.6,0.0019598960876464,10,0.0496168444860133,93.6875
0.0,47,63.5,192399.26605504588,0.0,0.0,0.0,0.0,0.0,0.0,0.0,0,0,0,0,0,5.197525024414063e-05,0.0,0.0,0.0,0.0,0.0,0.0,0.0,0.0,0.0,0.0,0.0,0.0,0.0,1.0,1.0,5738,555,593,573.8,13.053735097664577,573.8,6.198883056640625e-06,10,0.0783064695293846,190.6875
0.0,47,63.5,169809.87854251012,0.0,0.0,0.0,0.0,0.0,0.0,0.0,0,0,0,0,0,5.888938903808594e-05,0.0,0.0,0.0,0.0,0.0,0.0,0.0,0.0,0.0,0.0,0.0,0.0,0.0,1.0,1.0,5866,576,592,586.6,7.167829363048326,586.6,6.794929504394531e-06,10,0.0401220569693314,48.6875
0.0,47,63.5,151418.91696750902,0.0,0.0,0.0,0.0,0.0,0.0,0.0,0,0,0,0,0,6.604194641113281e-05,0.0,0.0,0.0,0.0,0.0,0.0,0.0,0.0,0.0,0.0,0.0,0.0,0.0,1.0,1.0,5920,592,592,592.0,0.0,592.0,7.414817810058594e-06,10,0.0,0.0
0.0,47,63.5,396.4932646405445,0.0,0.0,0.0,0.0,0.0,0.0,0.0,0,0,0,0,0,0.0252211093902587,0.0,0.0,0.0,0.0,0.0,0.0,0.0,0.0,0.0,0.0,0.0,0.0,0.0,1.0,1.0,5920,592,592,592.0,0.0,592.0,0.0030689001083374,10,0.0,0.0
0.0,47,63.5,224.87154192579885,0.0,0.0,0.0,0.0,0.0,0.0,0.0,0,0,0,0,0,0.0444698333740234,0.0,0.0,0.0,0.0,0.0,0.0,0.0,0.0,0.0,0.0,0.0,0.0,0.0,1.0,1.0,5920,592,592,592.0,0.0,592.0,0.0057166814804077,10,0.0,0.0
0.0,47,63.5,1305.3354910992157,0.0,0.0,0.0,0.0,0.0,0.0,0.0,0,0,0,0,0,0.0076608657836914,0.0,0.0,0.0,0.0,0.0,0.0,0.0,0.0,0.0,0.0,0.0,0.0,0.0,1.0,1.0,5836,506,640,583.6,45.61481240903125,583.6,0.0014935970306396,10,0.175072919982943,2334.75
0.0,47,63.5,1068.8303348453187,0.0,0.0,0.0,0.0,0.0,0.0,0.0,0,0,0,0,0,0.0093560218811035,0.0,0.0,0.0,0.0,0.0,0.0,0.0,0.0,0.0,0.0,0.0,0.0,0.0,1.0,1.0,5880,588,588,588.0,0.0,588.0,0.0009383201599121,10,0.0,0.0
0.0,47,63.5,2716.69408640456,0.0,0.0,0.0,0.0,0.0,0.0,0.0,0,0,0,0,0,0.003680944442749,0.0,0.0,0.0,0.0,0.0,0.0,0.0,0.0,0.0,0.0,0.0,0.0,0.0,1.0,1.0,5912,568,628,591.2,21.233097853220677,591.2,0.0003702878952026,10,0.0594847247414879,622.2222222222222
0.0,47,63.5,3641.521097412745,0.0,0.0,0.0,0.0,0.0,0.0,0.0,0,0,0,0,0,0.0027461051940917,0.0,0.0,0.0,0.0,0.0,0.0,0.0,0.0,0.0,0.0,0.0,0.0,0.0,1.0,1.0,5892,584,597,589.2,4.732863826479693,589.2,0.0002781152725219,10,0.0254971094083548,24.1875
0.0,47,63.5,1420.449742617177,0.0,0.0,0.0,0.0,0.0,0.0,0.0,0,0,0,0,0,0.0070400238037109,0.0,0.0,0.0,0.0,0.0,0.0,0.0,0.0,0.0,0.0,0.0,0.0,0.0,1.0,1.0,5912,587,594,591.2,3.22490309931942,591.2,0.0007051944732666,10,0.0197704365265387,9.36
0.0,47,63.5,956.489931814554,0.0,0.0,0.0,0.0,0.0,0.0,0.0,0,0,0,0,0,0.0104548931121826,0.0,0.0,0.0,0.0,0.0,0.0,0.0,0.0,0.0,0.0,0.0,0.0,0.0,1.0,1.0,5906,587,593,590.6,2.1705094128132942,590.6,0.0010475873947143,10,0.0193409187144035,9.0
0.0,47,63.5,49056.18713450292,0.0,0.0,0.0,0.0,0.0,0.0,0.0,0,0,0,0,0,0.0002038478851318,0.0,0.0,0.0,0.0,0.0,0.0,0.0,0.0,0.0,0.0,0.0,0.0,0.0,1.0,1.0,5916,554,628,591.6,24.672071479936804,591.6,2.520084381103516e-05,10,0.0847434450380671,912.8888888888888
0.0,47,63.5,113666.77506775068,0.0,0.0,0.0,0.0,0.0,0.0,0.0,0,0,0,0,0,8.797645568847656e-05,0.0,0.0,0.0,0.0,0.0,0.0,0.0,0.0,0.0,0.0,0.0,0.0,0.0,1.0,1.0,5902,586,592,590.2,2.3475755815545343,590.2,1.0395050048828124e-05,10,0.021117178388902,4.959999999999999
0.0,47,63.5,3829.715120525932,0.0,0.0,0.0,0.0,0.0,0.0,0.0,0,0,0,0,0,0.0026111602783203,0.0,0.0,0.0,0.0,0.0,0.0,0.0,0.0,0.0,0.0,0.0,0.0,0.0,1.0,1.0,5930,590,597,593.0,2.748737083745107,593.0,0.0006938219070434,10,0.0144640755384345,7.25
0.0,47,63.5,1212.8575559539645,0.0,0.0,0.0,0.0,0.0,0.0,0.0,0,0,0,0,0,0.0082449913024902,0.0,0.0,0.0,0.0,0.0,0.0,0.0,0.0,0.0,0.0,0.0,0.0,0.0,1.0,1.0,5912,588,594,591.2,2.4404006956964173,591.2,0.0008264780044555,10,0.0177467316273988,6.222222222222221
0.0,47,63.5,361.4159170027229,0.0,0.0,0.0,0.0,0.0,0.0,0.0,0,0,0,0,0,0.0276689529418945,0.0,0.0,0.0,0.0,0.0,0.0,0.0,0.0,0.0,0.0,0.0,0.0,0.0,1.0,1.0,5908,586,592,590.8,2.529822128134704,590.8,0.0027717113494873,10,0.0211914183421169,9.0
0.0,47,63.5,26955.681233933163,0.0,0.0,0.0,0.0,0.0,0.0,0.0,0,0,0,0,0,0.000370979309082,0.0,0.0,0.0,0.0,0.0,0.0,0.0,0.0,0.0,0.0,0.0,0.0,0.0,1.0,1.0,5920,592,592,592.0,0.0,592.0,3.800392150878906e-05,10,0.0,0.0
0.0,47,63.5,191520.7305936073,0.0,0.0,0.0,0.0,0.0,0.0,0.0,0,0,0,0,0,5.221366882324219e-05,0.0,0.0,0.0,0.0,0.0,0.0,0.0,0.0,0.0,0.0,0.0,0.0,0.0,1.0,1.0,5920,592,592,592.0,0.0,592.0,7.605552673339843e-06,10,0.0,0.0
0.0,47,63.5,171897.70491803277,0.0,0.0,0.0,0.0,0.0,0.0,0.0,0,0,0,0,0,5.817413330078125e-05,0.0,0.0,0.0,0.0,0.0,0.0,0.0,0.0,0.0,0.0,0.0,0.0,0.0,1.0,1.0,5920,592,592,592.0,0.0,592.0,6.699562072753907e-06,10,0.0,0.0
0.0,47,63.5,50472.97232250301,0.0,0.0,0.0,0.0,0.0,0.0,0.0,0,0,0,0,0,0.0001981258392333,0.0,0.0,0.0,0.0,0.0,0.0,0.0,0.0,0.0,0.0,0.0,0.0,0.0,1.0,1.0,5864,539,640,586.4,34.33559863076999,586.4,0.0017097949981689,10,0.1142419294582304,1701.5555555555557
0.0,47,63.5,89240.51063829787,0.0,0.0,0.0,0.0,0.0,0.0,0.0,0,0,0,0,0,0.0001120567321777,0.0,0.0,0.0,0.0,0.0,0.0,0.0,0.0,0.0,0.0,0.0,0.0,0.0,1.0,1.0,5772,565,593,577.2,12.514880032274467,577.2,1.6999244689941406e-05,10,0.0610456615299473,147.06122448979593
0.0,47,63.5,113666.77506775068,0.0,0.0,0.0,0.0,0.0,0.0,0.0,0,0,0,0,0,8.797645568847656e-05,0.0,0.0,0.0,0.0,0.0,0.0,0.0,0.0,0.0,0.0,0.0,0.0,0.0,1.0,1.0,5804,570,590,580.4,8.579044235810887,580.4,1.02996826171875e-05,10,0.0509217094598998,66.46913580246914
0.0,47,63.5,108660.72538860104,0.0,0.0,0.0,0.0,0.0,0.0,0.0,0,0,0,0,0,9.202957153320312e-05,0.0,0.0,0.0,0.0,0.0,0.0,0.0,0.0,0.0,0.0,0.0,0.0,0.0,1.0,1.0,5816,573,593,581.6,7.042726744663603,581.6,1.0704994201660156e-05,10,0.0451834851667061,44.64
0.0,47,63.5,71331.70068027212,0.0,0.0,0.0,0.0,0.0,0.0,0.0,0,0,0,0,0,0.0001401901245117,0.0,0.0,0.0,0.0,0.0,0.0,0.0,0.0,0.0,0.0,0.0,0.0,0.0,1.0,1.0,5890,577,592,589.0,6.324555320336759,589.0,1.6498565673828126e-05,10,0.0380744108552923,56.25
0.0,47,63.5,3081.554624935714,0.0,0.0,0.0,0.0,0.0,0.0,0.0,0,0,0,0,0,0.0032451152801513,0.0,0.0,0.0,0.0,0.0,0.0,0.0,0.0,0.0,0.0,0.0,0.0,0.0,1.0,1.0,5920,592,592,592.0,0.0,592.0,0.0039377927780151,10,0.0,0.0
0.0,47,63.5,83385.76540755467,0.0,0.0,0.0,0.0,0.0,0.0,0.0,0,0,0,0,0,0.000119924545288,0.0,0.0,0.0,0.0,0.0,0.0,0.0,0.0,0.0,0.0,0.0,0.0,0.0,1.0,1.0,5920,592,592,592.0,0.0,592.0,1.4090538024902344e-05,10,0.0,0.0
0.0,47,63.5,41282.51968503937,0.0,0.0,0.0,0.0,0.0,0.0,0.0,0,0,0,0,0,0.0002422332763671,0.0,0.0,0.0,0.0,0.0,0.0,0.0,0.0,0.0,0.0,0.0,0.0,0.0,1.0,1.0,5920,592,592,592.0,0.0,592.0,2.63214111328125e-05,10,0.0,0.0
0.0,47,63.5,2450.946064395489,0.0,0.0,0.0,0.0,0.0,0.0,0.0,0,0,0,0,0,0.004080057144165,0.0,0.0,0.0,0.0,0.0,0.0,0.0,0.0,0.0,0.0,0.0,0.0,0.0,1.0,1.0,5920,592,592,592.0,0.0,592.0,0.0004104852676391,10,0.0,0.0
0.0,47,63.5,80659.69230769231,0.0,0.0,0.0,0.0,0.0,0.0,0.0,0,0,0,0,0,0.0001239776611328,0.0,0.0,0.0,0.0,0.0,0.0,0.0,0.0,0.0,0.0,0.0,0.0,0.0,1.0,1.0,5920,592,592,592.0,0.0,592.0,1.4591217041015626e-05,10,0.0,0.0
0.0,47,63.5,57456.21917808219,0.0,0.0,0.0,0.0,0.0,0.0,0.0,0,0,0,0,0,0.0001740455627441,0.0,0.0,0.0,0.0,0.0,0.0,0.0,0.0,0.0,0.0,0.0,0.0,0.0,1.0,1.0,5920,592,592,592.0,0.0,592.0,0.0001187086105346,10,0.0,0.0
0.0,47,63.5,2814.591330022816,0.0,0.0,0.0,0.0,0.0,0.0,0.0,0,0,0,0,0,0.0035529136657714,0.0,0.0,0.0,0.0,0.0,0.0,0.0,0.0,0.0,0.0,0.0,0.0,0.0,1.0,1.0,5920,592,592,592.0,0.0,592.0,0.0003566026687622,10,0.0,0.0
0.0,47,63.5,125203.10447761194,0.0,0.0,0.0,0.0,0.0,0.0,0.0,0,0,0,0,0,7.987022399902344e-05,0.0,0.0,0.0,0.0,0.0,0.0,0.0,0.0,0.0,0.0,0.0,0.0,0.0,1.0,1.0,5920,592,592,592.0,0.0,592.0,9.298324584960938e-06,10,0.0,0.0
0.0,47,63.5,138884.23841059604,0.0,0.0,0.0,0.0,0.0,0.0,0.0,0,0,0,0,0,7.200241088867188e-05,0.0,0.0,0.0,0.0,0.0,0.0,0.0,0.0,0.0,0.0,0.0,0.0,0.0,1.0,1.0,5920,592,592,592.0,0.0,592.0,8.392333984375e-06,10,0.0,0.0
0.0,47,63.5,137068.75816993465,0.0,0.0,0.0,0.0,0.0,0.0,0.0,0,0,0,0,0,7.295608520507812e-05,0.0,0.0,0.0,0.0,0.0,0.0,0.0,0.0,0.0,0.0,0.0,0.0,0.0,1.0,1.0,5920,592,592,592.0,0.0,592.0,8.606910705566407e-06,10,0.0,0.0
0.0,47,63.5,1596.4313173219657,0.0,0.0,0.0,0.0,0.0,0.0,0.0,0,0,0,0,0,0.0062639713287353,0.0,0.0,0.0,0.0,0.0,0.0,0.0,0.0,0.0,0.0,0.0,0.0,0.0,1.0,1.0,5920,592,592,592.0,0.0,592.0,0.0006277084350585,10,0.0,0.0
0.0,47,63.5,5255.361483523368,0.0,0.0,0.0,0.0,0.0,0.0,0.0,0,0,0,0,0,0.0019028186798095,0.0,0.0,0.0,0.0,0.0,0.0,0.0,0.0,0.0,0.0,0.0,0.0,0.0,1.0,1.0,5920,592,592,592.0,0.0,592.0,0.0001917839050292,10,0.0,0.0
0.0,47,63.5,81920.0,0.0,0.0,0.0,0.0,0.0,0.0,0.0,0,0,0,0,0,0.0001220703125,0.0,0.0,0.0,0.0,0.0,0.0,0.0,0.0,0.0,0.0,0.0,0.0,0.0,1.0,1.0,5920,592,592,592.0,0.0,592.0,1.6117095947265624e-05,10,0.0,0.0
0.0,47,63.5,47825.58722919042,0.0,0.0,0.0,0.0,0.0,0.0,0.0,0,0,0,0,0,0.000209093093872,0.0,0.0,0.0,0.0,0.0,0.0,0.0,0.0,0.0,0.0,0.0,0.0,0.0,1.0,1.0,5920,592,592,592.0,0.0,592.0,2.3102760314941408e-05,10,0.0,0.0
0.0,47,63.5,2389.3722228551896,0.0,0.0,0.0,0.0,0.0,0.0,0.0,0,0,0,0,0,0.0041851997375488,0.0,0.0,0.0,0.0,0.0,0.0,0.0,0.0,0.0,0.0,0.0,0.0,0.0,1.0,1.0,5920,592,592,592.0,0.0,592.0,0.0004209995269775,10,0.0,0.0
0.0,47,63.5,666.4925076671275,0.0,0.0,0.0,0.0,0.0,0.0,0.0,0,0,0,0,0,0.0150039196014404,0.0,0.0,0.0,0.0,0.0,0.0,0.0,0.0,0.0,0.0,0.0,0.0,0.0,1.0,1.0,5920,592,592,592.0,0.0,592.0,0.0018998861312866,10,0.0,0.0
0.0,47,63.5,378.5131305838824,0.0,0.0,0.0,0.0,0.0,0.0,0.0,0,0,0,0,0,0.0264191627502441,0.0,0.0,0.0,0.0,0.0,0.0,0.0,0.0,0.0,0.0,0.0,0.0,0.0,1.0,1.0,5920,592,592,592.0,0.0,592.0,0.0027469158172607,10,0.0,0.0
0.0,47,63.5,81920.0,0.0,0.0,0.0,0.0,0.0,0.0,0.0,0,0,0,0,0,0.0001220703125,0.0,0.0,0.0,0.0,0.0,0.0,0.0,0.0,0.0,0.0,0.0,0.0,0.0,1.0,1.0,5920,592,592,592.0,0.0,592.0,0.0003490924835205,10,0.0,0.0
0.0,47,63.5,90006.52360515021,0.0,0.0,0.0,0.0,0.0,0.0,0.0,0,0,0,0,0,0.0001111030578613,0.0,0.0,0.0,0.0,0.0,0.0,0.0,0.0,0.0,0.0,0.0,0.0,0.0,1.0,1.0,5920,592,592,592.0,0.0,592.0,1.270771026611328e-05,10,0.0,0.0
0.0,47,63.5,46040.6586169045,0.0,0.0,0.0,0.0,0.0,0.0,0.0,0,0,0,0,0,0.0002171993255615,0.0,0.0,0.0,0.0,0.0,0.0,0.0,0.0,0.0,0.0,0.0,0.0,0.0,1.0,1.0,5814,515,640,581.4,42.0613308818867,581.4,4.529953002929688e-05,10,0.1582882037480454,2650.888888888889
0.0,47,63.5,56223.91420911528,0.0,0.0,0.0,0.0,0.0,0.0,0.0,0,0,0,0,0,0.0001778602600097,0.0,0.0,0.0,0.0,0.0,0.0,0.0,0.0,0.0,0.0,0.0,0.0,0.0,1.0,1.0,5818,574,598,581.8,9.247221805013172,581.8,2.188682556152344e-05,10,0.0443773782744901,123.84
0.0,47,63.5,758.5459543530943,0.0,0.0,0.0,0.0,0.0,0.0,0.0,0,0,0,0,0,0.0131831169128417,0.0,0.0,0.0,0.0,0.0,0.0,0.0,0.0,0.0,0.0,0.0,0.0,0.0,1.0,1.0,5826,568,594,582.6,8.983936281558941,582.6,0.0013205051422119,10,0.0544949062836558,72.64
0.0,47,63.5,113666.77506775068,0.0,0.0,0.0,0.0,0.0,0.0,0.0,0,0,0,0,0,8.797645568847656e-05,0.0,0.0,0.0,0.0,0.0,0.0,0.0,0.0,0.0,0.0,0.0,0.0,0.0,1.0,1.0,5826,572,591,582.6,7.441624673267106,582.6,1.1301040649414062e-05,10,0.0470501102269021,52.5
0.0,47,63.5,97090.37037037036,0.0,0.0,0.0,0.0,0.0,0.0,0.0,0,0,0,0,0,0.0001029968261718,0.0,0.0,0.0,0.0,0.0,0.0,0.0,0.0,0.0,0.0,0.0,0.0,0.0,1.0,1.0,5880,550,628,588.0,26.574841903993,588.0,1.170635223388672e-05,10,0.0923350775980106,1040.888888888889
0.0,47,63.5,3098.857776135944,0.0,0.0,0.0,0.0,0.0,0.0,0.0,0,0,0,0,0,0.0032269954681396,0.0,0.0,0.0,0.0,0.0,0.0,0.0,0.0,0.0,0.0,0.0,0.0,0.0,1.0,1.0,5910,588,593,591.0,2.0,591.0,0.0003240823745727,10,0.0175673299999999,3.6
0.0,47,63.5,1606.8898934947513,0.0,0.0,0.0,0.0,0.0,0.0,0.0,0,0,0,0,0,0.0062232017517089,0.0,0.0,0.0,0.0,0.0,0.0,0.0,0.0,0.0,0.0,0.0,0.0,0.0,1.0,1.0,5920,586,595,592.0,3.711842908553348,592.0,0.0007773160934448,10,0.0216729263272282,20.25
0.0,47,63.5,55553.69536423841,0.0,0.0,0.0,0.0,0.0,0.0,0.0,0,0,0,0,0,0.0001800060272216,0.0,0.0,0.0,0.0,0.0,0.0,0.0,0.0,0.0,0.0,0.0,0.0,0.0,1.0,1.0,5912,584,596,591.2,5.43241300999023,591.2,0.0006220817565917,10,0.0257820777637496,36.0
0.0,47,63.5,288.9176361995688,0.0,0.0,0.0,0.0,0.0,0.0,0.0,0,0,0,0,0,0.0346119403839111,0.0,0.0,0.0,0.0,0.0,0.0,0.0,0.0,0.0,0.0,0.0,0.0,0.0,1.0,1.0,5914,589,592,591.4,1.264911064067352,591.4,0.0034635066986083,10,0.0155637541710583,2.25
0.0,47,63.5,1600.2685997710798,0.0,0.0,0.0,0.0,0.0,0.0,0.0,0,0,0,0,0,0.0062489509582519,0.0,0.0,0.0,0.0,0.0,0.0,0.0,0.0,0.0,0.0,0.0,0.0,0.0,1.0,1.0,5920,592,592,592.0,0.0,592.0,0.0006278038024902,10,0.0,0.0
0.0,47,63.5,68985.26315789473,0.0,0.0,0.0,0.0,0.0,0.0,0.0,0,0,0,0,0,0.0001449584960937,0.0,0.0,0.0,0.0,0.0,0.0,0.0,0.0,0.0,0.0,0.0,0.0,0.0,1.0,1.0,5920,592,592,592.0,0.0,592.0,2.25067138671875e-05,10,0.0,0.0
0.0,47,63.5,69442.11920529802,0.0,0.0,0.0,0.0,0.0,0.0,0.0,0,0,0,0,0,0.0001440048217773,0.0,0.0,0.0,0.0,0.0,0.0,0.0,0.0,0.0,0.0,0.0,0.0,0.0,1.0,1.0,5920,592,592,592.0,0.0,592.0,2.229213714599609e-05,10,0.0,0.0
0.0,47,63.5,76260.07272727272,0.0,0.0,0.0,0.0,0.0,0.0,0.0,0,0,0,0,0,0.0001311302185058,0.0,0.0,0.0,0.0,0.0,0.0,0.0,0.0,0.0,0.0,0.0,0.0,0.0,1.0,1.0,5920,592,592,592.0,0.0,592.0,1.5401840209960936e-05,10,0.0,0.0
0.0,47,63.5,89240.51063829787,0.0,0.0,0.0,0.0,0.0,0.0,0.0,0,0,0,0,0,0.0001120567321777,0.0,0.0,0.0,0.0,0.0,0.0,0.0,0.0,0.0,0.0,0.0,0.0,0.0,1.0,1.0,5920,592,592,592.0,0.0,592.0,1.3208389282226562e-05,10,0.0,0.0
0.0,47,63.5,40800.622568093386,0.0,0.0,0.0,0.0,0.0,0.0,0.0,0,0,0,0,0,0.0002450942993164,0.0,0.0,0.0,0.0,0.0,0.0,0.0,0.0,0.0,0.0,0.0,0.0,0.0,1.0,1.0,5920,592,592,592.0,0.0,592.0,2.6488304138183592e-05,10,0.0,0.0
0.0,47,63.5,81284.96124031008,0.0,0.0,0.0,0.0,0.0,0.0,0.0,0,0,0,0,0,0.0001230239868164,0.0,0.0,0.0,0.0,0.0,0.0,0.0,0.0,0.0,0.0,0.0,0.0,0.0,1.0,1.0,5920,592,592,592.0,0.0,592.0,1.4209747314453124e-05,10,0.0,0.0
0.0,47,63.5,77528.72458410352,0.0,0.0,0.0,0.0,0.0,0.0,0.0,0,0,0,0,0,0.0001289844512939,0.0,0.0,0.0,0.0,0.0,0.0,0.0,0.0,0.0,0.0,0.0,0.0,0.0,1.0,1.0,5782,487,640,578.2,53.10534603764275,578.2,1.5091896057128906e-05,10,0.2105027337618941,4082.0
0.0,47,63.5,50778.498789346246,0.0,0.0,0.0,0.0,0.0,0.0,0.0,0,0,0,0,0,0.0001969337463378,0.0,0.0,0.0,0.0,0.0,0.0,0.0,0.0,0.0,0.0,0.0,0.0,0.0,1.0,1.0,5932,576,611,593.2,12.025897979869203,593.2,2.160072326660156e-05,10,0.0421010398010795,130.16
0.0,47,63.5,112447.82841823057,0.0,0.0,0.0,0.0,0.0,0.0,0.0,0,0,0,0,0,8.893013000488281e-05,0.0,0.0,0.0,0.0,0.0,0.0,0.0,0.0,0.0,0.0,0.0,0.0,0.0,1.0,1.0,5794,565,595,579.4,11.403703102257811,579.4,1.049041748046875e-05,10,0.0605930124957357,117.04
0.0,47,63.5,112147.16577540108,0.0,0.0,0.0,0.0,0.0,0.0,0.0,0,0,0,0,0,8.916854858398438e-05,0.0,0.0,0.0,0.0,0.0,0.0,0.0,0.0,0.0,0.0,0.0,0.0,0.0,1.0,1.0,5838,574,591,583.8,6.373556481449131,583.8,1.0418891906738282e-05,10,0.043206761968283,42.5
0.0,47,63.5,444.7028637467265,0.0,0.0,0.0,0.0,0.0,0.0,0.0,0,0,0,0,0,0.022486925125122,0.0,0.0,0.0,0.0,0.0,0.0,0.0,0.0,0.0,0.0,0.0,0.0,0.0,1.0,1.0,5898,581,592,589.8,4.638007234913623,589.8,0.0027206897735595,10,0.0305708586272144,30.25
0.0,47,63.5,213.1057118759463,0.0,0.0,0.0,0.0,0.0,0.0,0.0,0,0,0,0,0,0.0469250679016113,0.0,0.0,0.0,0.0,0.0,0.0,0.0,0.0,0.0,0.0,0.0,0.0,0.0,1.0,1.0,5920,592,592,592.0,0.0,592.0,0.0053950071334838,10,0.0,0.0
0.0,47,63.5,392.6184837450505,0.0,0.0,0.0,0.0,0.0,0.0,0.0,0,0,0,0,0,0.0254700183868408,0.0,0.0,0.0,0.0,0.0,0.0,0.0,0.0,0.0,0.0,0.0,0.0,0.0,1.0,1.0,5920,592,592,592.0,0.0,592.0,0.0041944026947021,10,0.0,0.0
0.0,47,63.5,71943.46483704975,0.0,0.0,0.0,0.0,0.0,0.0,0.0,0,0,0,0,0,0.0001389980316162,0.0,0.0,0.0,0.0,0.0,0.0,0.0,0.0,0.0,0.0,0.0,0.0,0.0,1.0,1.0,5920,592,592,592.0,0.0,592.0,1.6689300537109375e-05,10,0.0,0.0
0.0,47,63.5,375.3023497199306,0.0,0.0,0.0,0.0,0.0,0.0,0.0,0,0,0,0,0,0.0266451835632324,0.0,0.0,0.0,0.0,0.0,0.0,0.0,0.0,0.0,0.0,0.0,0.0,0.0,1.0,1.0,5920,592,592,592.0,0.0,592.0,0.0026678085327148,10,0.0,0.0
0.0,47,63.5,772.6735810474735,0.0,0.0,0.0,0.0,0.0,0.0,0.0,0,0,0,0,0,0.0129420757293701,0.0,0.0,0.0,0.0,0.0,0.0,0.0,0.0,0.0,0.0,0.0,0.0,0.0,1.0,1.0,5920,592,592,592.0,0.0,592.0,0.0022845983505249,10,0.0,0.0
0.0,47,63.5,7277.987159465556,0.0,0.0,0.0,0.0,0.0,0.0,0.0,0,0,0,0,0,0.0013740062713623,0.0,0.0,0.0,0.0,0.0,0.0,0.0,0.0,0.0,0.0,0.0,0.0,0.0,1.0,1.0,5920,592,592,592.0,0.0,592.0,0.0001384973526,10,0.0,0.0
0.0,47,63.5,1214.789584962493,0.0,0.0,0.0,0.0,0.0,0.0,0.0,0,0,0,0,0,0.0082318782806396,0.0,0.0,0.0,0.0,0.0,0.0,0.0,0.0,0.0,0.0,0.0,0.0,0.0,1.0,1.0,5920,592,592,592.0,0.0,592.0,0.0009022951126098,10,0.0,0.0
0.0,47,63.5,161319.38461538462,0.0,0.0,0.0,0.0,0.0,0.0,0.0,0,0,0,0,0,6.198883056640625e-05,0.0,0.0,0.0,0.0,0.0,0.0,0.0,0.0,0.0,0.0,0.0,0.0,0.0,1.0,1.0,5936,567,628,593.6,20.74822616246721,593.6,8.106231689453125e-06,10,0.0609913374095426,626.8888888888888
0.0,47,63.5,2408.443296009188,0.0,0.0,0.0,0.0,0.0,0.0,0.0,0,0,0,0,0,0.0041520595550537,0.0,0.0,0.0,0.0,0.0,0.0,0.0,0.0,0.0,0.0,0.0,0.0,0.0,1.0,1.0,5896,585,595,589.6,3.438345855527367,589.6,0.0005209922790527,10,0.0232656445677076,25.0
0.0,47,63.5,494.68132282870215,0.0,0.0,0.0,0.0,0.0,0.0,0.0,0,0,0,0,0,0.0202150344848632,0.0,0.0,0.0,0.0,0.0,0.0,0.0,0.0,0.0,0.0,0.0,0.0,0.0,1.0,1.0,5980,594,602,598.0,2.748737083745107,598.0,0.0026539087295532,10,0.0076475555384344,6.8
0.0,47,63.5,89240.51063829787,0.0,0.0,0.0,0.0,0.0,0.0,0.0,0,0,0,0,0,0.0001120567321777,0.0,0.0,0.0,0.0,0.0,0.0,0.0,0.0,0.0,0.0,0.0,0.0,0.0,1.0,1.0,5934,591,598,593.4,2.716206504995115,593.4,0.0001288890838623,10,0.0127466938818749,6.640000000000001
0.0,47,63.5,3709.147506190308,0.0,0.0,0.0,0.0,0.0,0.0,0.0,0,0,0,0,0,0.0026960372924804,0.0,0.0,0.0,0.0,0.0,0.0,0.0,0.0,0.0,0.0,0.0,0.0,0.0,1.0,1.0,5810,532,640,581.0,37.08249062712901,581.0,0.0002711057662963,10,0.1272898133818673,1944.888888888889
0.0,47,63.5,2024.2779922779923,0.0,0.0,0.0,0.0,0.0,0.0,0.0,0,0,0,0,0,0.0049400329589843,0.0,0.0,0.0,0.0,0.0,0.0,0.0,0.0,0.0,0.0,0.0,0.0,0.0,1.0,1.0,5842,576,597,584.2,8.310635755865292,584.2,0.00049569606781,10,0.0405875905815093,62.16
0.0,47,63.5,2285.599694839518,0.0,0.0,0.0,0.0,0.0,0.0,0.0,0,0,0,0,0,0.0043752193450927,0.0,0.0,0.0,0.0,0.0,0.0,0.0,0.0,0.0,0.0,0.0,0.0,0.0,1.0,1.0,5820,569,596,582.0,10.392304845413264,582.0,0.0004392147064208,10,0.0533644893018275,97.2
0.0,47,63.5,1063.248833907929,0.0,0.0,0.0,0.0,0.0,0.0,0.0,0,0,0,0,0,0.0094051361083984,0.0,0.0,0.0,0.0,0.0,0.0,0.0,0.0,0.0,0.0,0.0,0.0,0.0,1.0,1.0,5780,570,587,578.0,6.146362971528592,578.0,0.0010186910629272,10,0.0499307324200818,34.0
0.0,47,63.5,64035.17557251908,0.0,0.0,0.0,0.0,0.0,0.0,0.0,0,0,0,0,0,0.0001561641693115,0.0,0.0,0.0,0.0,0.0,0.0,0.0,0.0,0.0,0.0,0.0,0.0,0.0,1.0,1.0,5874,569,592,587.4,9.697651491183027,587.4,1.990795135498047e-05,10,0.0530815153114483,132.25
0.0,47,63.5,2456.976158397282,0.0,0.0,0.0,0.0,0.0,0.0,0.0,0,0,0,0,0,0.0040700435638427,0.0,0.0,0.0,0.0,0.0,0.0,0.0,0.0,0.0,0.0,0.0,0.0,0.0,1.0,1.0,5920,592,592,592.0,0.0,592.0,0.0004092931747436,10,0.0,0.0
0.0,47,63.5,876.5708792242262,0.0,0.0,0.0,0.0,0.0,0.0,0.0,0,0,0,0,0,0.0114080905914306,0.0,0.0,0.0,0.0,0.0,0.0,0.0,0.0,0.0,0.0,0.0,0.0,0.0,1.0,1.0,5920,592,592,592.0,0.0,592.0,0.0011435985565185,10,0.0,0.0
0.0,47,63.5,210.0796882591296,0.0,0.0,0.0,0.0,0.0,0.0,0.0,0,0,0,0,0,0.0476009845733642,0.0,0.0,0.0,0.0,0.0,0.0,0.0,0.0,0.0,0.0,0.0,0.0,0.0,1.0,1.0,5920,592,592,592.0,0.0,592.0,0.0059499979019165,10,0.0,0.0
0.0,47,63.5,236.93821636980925,0.0,0.0,0.0,0.0,0.0,0.0,0.0,0,0,0,0,0,0.0422050952911376,0.0,0.0,0.0,0.0,0.0,0.0,0.0,0.0,0.0,0.0,0.0,0.0,0.0,1.0,1.0,5920,592,592,592.0,0.0,592.0,0.0059499025344848,10,0.0,0.0
0.0,47,63.5,350.5917164709324,0.0,0.0,0.0,0.0,0.0,0.0,0.0,0,0,0,0,0,0.0285232067108154,0.0,0.0,0.0,0.0,0.0,0.0,0.0,0.0,0.0,0.0,0.0,0.0,0.0,1.0,1.0,5920,592,592,592.0,0.0,592.0,0.0030291080474853,10,0.0,0.0
0.0,47,63.5,70492.50420168067,0.0,0.0,0.0,0.0,0.0,0.0,0.0,0,0,0,0,0,0.0001418590545654,0.0,0.0,0.0,0.0,0.0,0.0,0.0,0.0,0.0,0.0,0.0,0.0,0.0,1.0,1.0,5920,592,592,592.0,0.0,592.0,1.6880035400390624e-05,10,0.0,0.0
0.0,47,63.5,6369.4821564160975,0.0,0.0,0.0,0.0,0.0,0.0,0.0,0,0,0,0,0,0.0015699863433837,0.0,0.0,0.0,0.0,0.0,0.0,0.0,0.0,0.0,0.0,0.0,0.0,0.0,1.0,1.0,5920,592,592,592.0,0.0,592.0,0.0007534980773925,10,0.0,0.0
0.0,47,63.5,135300.12903225806,0.0,0.0,0.0,0.0,0.0,0.0,0.0,0,0,0,0,0,7.390975952148438e-05,0.0,0.0,0.0,0.0,0.0,0.0,0.0,0.0,0.0,0.0,0.0,0.0,0.0,1.0,1.0,5810,523,640,581.0,40.22160834399562,581.0,8.511543273925782e-06,10,0.1439057343750101,2306.0
0.0,47,63.5,158875.15151515152,0.0,0.0,0.0,0.0,0.0,0.0,0.0,0,0,0,0,0,6.29425048828125e-05,0.0,0.0,0.0,0.0,0.0,0.0,0.0,0.0,0.0,0.0,0.0,0.0,0.0,1.0,1.0,5770,567,589,577.0,8.110350040397625,577.0,7.700920104980468e-06,10,0.0558431721924564,62.75
0.0,47,63.5,155922.08178438662,0.0,0.0,0.0,0.0,0.0,0.0,0.0,0,0,0,0,0,6.413459777832031e-05,0.0,0.0,0.0,0.0,0.0,0.0,0.0,0.0,0.0,0.0,0.0,0.0,0.0,1.0,1.0,5746,569,584,574.6,5.910442735813733,574.6,7.510185241699219e-06,10,0.051538757952861,31.44
0.0,47,63.5,158875.15151515152,0.0,0.0,0.0,0.0,0.0,0.0,0.0,0,0,0,0,0,6.29425048828125e-05,0.0,0.0,0.0,0.0,0.0,0.0,0.0,0.0,0.0,0.0,0.0,0.0,0.0,1.0,1.0,5818,576,588,581.8,4.289522117905444,581.8,7.390975952148437e-06,10,0.0389495497299499,18.25
0.0,47,63.5,151418.91696750902,0.0,0.0,0.0,0.0,0.0,0.0,0.0,0,0,0,0,0,6.604194641113281e-05,0.0,0.0,0.0,0.0,0.0,0.0,0.0,0.0,0.0,0.0,0.0,0.0,0.0,1.0,1.0,5888,576,592,588.8,6.7461923416925424,588.8,7.700920104980468e-06,10,0.0399502989123119,64.0
0.0,47,63.5,161319.38461538462,0.0,0.0,0.0,0.0,0.0,0.0,0.0,0,0,0,0,0,6.198883056640625e-05,0.0,0.0,0.0,0.0,0.0,0.0,0.0,0.0,0.0,0.0,0.0,0.0,0.0,1.0,1.0,5920,592,592,592.0,0.0,592.0,7.295608520507813e-06,10,0.0,0.0
0.0,47,63.5,716.1303761375472,0.0,0.0,0.0,0.0,0.0,0.0,0.0,0,0,0,0,0,0.0139639377593994,0.0,0.0,0.0,0.0,0.0,0.0,0.0,0.0,0.0,0.0,0.0,0.0,0.0,1.0,1.0,5920,592,592,592.0,0.0,592.0,0.0013974905014038,10,0.0,0.0
0.0,47,63.5,129854.61300309598,0.0,0.0,0.0,0.0,0.0,0.0,0.0,0,0,0,0,0,7.700920104980469e-05,0.0,0.0,0.0,0.0,0.0,0.0,0.0,0.0,0.0,0.0,0.0,0.0,0.0,1.0,1.0,5920,592,592,592.0,0.0,592.0,9.322166442871094e-06,10,0.0,0.0
0.0,47,63.5,129854.61300309598,0.0,0.0,0.0,0.0,0.0,0.0,0.0,0,0,0,0,0,7.700920104980469e-05,0.0,0.0,0.0,0.0,0.0,0.0,0.0,0.0,0.0,0.0,0.0,0.0,0.0,1.0,1.0,5920,592,592,592.0,0.0,592.0,9.083747863769532e-06,10,0.0,0.0
0.0,47,63.5,3030.128594133796,0.0,0.0,0.0,0.0,0.0,0.0,0.0,0,0,0,0,0,0.0033001899719238,0.0,0.0,0.0,0.0,0.0,0.0,0.0,0.0,0.0,0.0,0.0,0.0,0.0,1.0,1.0,5920,592,592,592.0,0.0,592.0,0.0003311157226562,10,0.0,0.0
0.0,47,63.5,2523.344964504873,0.0,0.0,0.0,0.0,0.0,0.0,0.0,0,0,0,0,0,0.0039629936218261,0.0,0.0,0.0,0.0,0.0,0.0,0.0,0.0,0.0,0.0,0.0,0.0,0.0,1.0,1.0,5920,592,592,592.0,0.0,592.0,0.0003962993621826,10,0.0,0.0
0.0,47,63.5,3863.9373560571166,0.0,0.0,0.0,0.0,0.0,0.0,0.0,0,0,0,0,0,0.0025880336761474,0.0,0.0,0.0,0.0,0.0,0.0,0.0,0.0,0.0,0.0,0.0,0.0,0.0,1.0,1.0,5920,592,592,592.0,0.0,592.0,0.0006771087646484,10,0.0,0.0
0.0,47,63.5,2661.698185048864,0.0,0.0,0.0,0.0,0.0,0.0,0.0,0,0,0,0,0,0.0037569999694824,0.0,0.0,0.0,0.0,0.0,0.0,0.0,0.0,0.0,0.0,0.0,0.0,0.0,1.0,1.0,5932,568,628,593.2,20.552372125864206,593.2,0.0004148960113525,10,0.059207424309192,608.0
0.0,47,63.5,1751.055817642884,0.0,0.0,0.0,0.0,0.0,0.0,0.0,0,0,0,0,0,0.0057108402252197,0.0,0.0,0.0,0.0,0.0,0.0,0.0,0.0,0.0,0.0,0.0,0.0,0.0,1.0,1.0,5906,587,593,590.6,2.4585451886114367,590.6,0.001096487045288,10,0.0194582529680327,6.222222222222221
0.0,47,63.5,106454.41624365482,0.0,0.0,0.0,0.0,0.0,0.0,0.0,0,0,0,0,0,9.393692016601562e-05,0.0,0.0,0.0,0.0,0.0,0.0,0.0,0.0,0.0,0.0,0.0,0.0,0.0,1.0,1.0,5936,586,601,593.6,5.521674464226308,593.6,1.2302398681640624e-05,10,0.0224101793097472,27.44
0.0,47,63.5,1377.2135938269578,0.0,0.0,0.0,0.0,0.0,0.0,0.0,0,0,0,0,0,0.007261037826538,0.0,0.0,0.0,0.0,0.0,0.0,0.0,0.0,0.0,0.0,0.0,0.0,0.0,1.0,1.0,5918,591,593,591.8,0.7888106377466155,591.8,0.0007276058197021,10,0.0,1.0
0.0,47,63.5,1336.3614350347289,0.0,0.0,0.0,0.0,0.0,0.0,0.0,0,0,0,0,0,0.0074830055236816,0.0,0.0,0.0,0.0,0.0,0.0,0.0,0.0,0.0,0.0,0.0,0.0,0.0,1.0,1.0,5920,592,592,592.0,0.0,592.0,0.0007513999938964,10,0.0,0.0
0.0,47,63.5,1181.8935978358882,0.0,0.0,0.0,0.0,0.0,0.0,0.0,0,0,0,0,0,0.0084609985351562,0.0,0.0,0.0,0.0,0.0,0.0,0.0,0.0,0.0,0.0,0.0,0.0,0.0,1.0,1.0,5920,592,592,592.0,0.0,592.0,0.0014326095581054,10,0.0,0.0
0.0,47,63.5,112447.82841823057,0.0,0.0,0.0,0.0,0.0,0.0,0.0,0,0,0,0,0,8.893013000488281e-05,0.0,0.0,0.0,0.0,0.0,0.0,0.0,0.0,0.0,0.0,0.0,0.0,0.0,1.0,1.0,5920,592,592,592.0,0.0,592.0,1.068115234375e-05,10,0.0,0.0
0.0,47,63.6,154.244316468451,0.0,0.0,0.0,0.0,0.0,0.0,0.0,0,0,0,0,0,0.0648322105407714,0.0,0.0,0.0,0.0,0.0,0.0,0.0,0.0,0.0,0.0,0.0,0.1,0.0,1.0,1.0,5918,590,592,591.8,0.6324555320336759,591.8,0.0064847230911254,10,0.0,0.36
0.0,47,63.5,7131.957150144533,0.0,0.0,0.0,0.0,0.0,0.0,0.0,0,0,0,0,0,0.0014021396636962,0.0,0.0,0.0,0.0,0.0,0.0,0.0,0.0,0.0,0.0,0.0,0.0,0.0,1.0,1.0,5920,592,592,592.0,0.0,592.0,0.0001421928405761,10,0.0,0.0
0.0,47,63.5,126716.1329305136,0.0,0.0,0.0,0.0,0.0,0.0,0.0,0,0,0,0,0,7.891654968261719e-05,0.0,0.0,0.0,0.0,0.0,0.0,0.0,0.0,0.0,0.0,0.0,0.0,0.0,1.0,1.0,5920,592,592,592.0,0.0,592.0,8.296966552734374e-06,10,0.0,0.0
0.0,47,63.5,79437.57575757576,0.0,0.0,0.0,0.0,0.0,0.0,0.0,0,0,0,0,0,0.0001258850097656,0.0,0.0,0.0,0.0,0.0,0.0,0.0,0.0,0.0,0.0,0.0,0.0,0.0,1.0,1.0,5920,592,592,592.0,0.0,592.0,1.2993812561035156e-05,10,0.0,0.0
0.0,47,63.5,78692.38273921201,0.0,0.0,0.0,0.0,0.0,0.0,0.0,0,0,0,0,0,0.0001270771026611,0.0,0.0,0.0,0.0,0.0,0.0,0.0,0.0,0.0,0.0,0.0,0.0,0.0,1.0,1.0,5920,592,592,592.0,0.0,592.0,1.3303756713867189e-05,10,0.0,0.0
0.0,47,63.5,583.5309830546204,0.0,0.0,0.0,0.0,0.0,0.0,0.0,0,0,0,0,0,0.0171370506286621,0.0,0.0,0.0,0.0,0.0,0.0,0.0,0.0,0.0,0.0,0.0,0.0,0.0,1.0,1.0,5969,574,628,596.9,18.429746486470066,596.9,0.0017141103744506,10,0.0481179715287284,436.4081632653061
0.0,47,63.5,68422.57748776508,0.0,0.0,0.0,0.0,0.0,0.0,0.0,0,0,0,0,0,0.0001461505889892,0.0,0.0,0.0,0.0,0.0,0.0,0.0,0.0,0.0,0.0,0.0,0.0,0.0,1.0,1.0,5906,584,597,590.6,4.788875998951458,590.6,1.499652862548828e-05,10,0.0255199265269329,28.53061224489796
0.0,47,63.5,80659.69230769231,0.0,0.0,0.0,0.0,0.0,0.0,0.0,0,0,0,0,0,0.0001239776611328,0.0,0.0,0.0,0.0,0.0,0.0,0.0,0.0,0.0,0.0,0.0,0.0,0.0,1.0,1.0,5912,586,595,591.2,3.3928028399998595,591.2,1.2898445129394532e-05,10,0.0215429621649023,12.489795918367347
0.0,47,63.5,135300.12903225806,0.0,0.0,0.0,0.0,0.0,0.0,0.0,0,0,0,0,0,7.390975952148438e-05,0.0,0.0,0.0,0.0,0.0,0.0,0.0,0.0,0.0,0.0,0.0,0.0,0.0,1.0,1.0,5922,587,596,592.2,3.190262963734773,592.2,7.796287536621094e-06,10,0.0197563255209069,10.098765432098766
0.0,47,63.5,106454.41624365482,0.0,0.0,0.0,0.0,0.0,0.0,0.0,0,0,0,0,0,9.393692016601562e-05,0.0,0.0,0.0,0.0,0.0,0.0,0.0,0.0,0.0,0.0,0.0,0.0,0.0,1.0,1.0,5773,484,640,577.3,53.76915679292565,577.3,9.79900360107422e-06,10,0.2158855337111661,3692.489795918368
0.0,47,63.5,137068.75816993465,0.0,0.0,0.0,0.0,0.0,0.0,0.0,0,0,0,0,0,7.295608520507812e-05,0.0,0.0,0.0,0.0,0.0,0.0,0.0,0.0,0.0,0.0,0.0,0.0,0.0,1.0,1.0,5851,571,597,585.1,10.093452222989802,585.1,7.700920104980468e-06,10,0.0498344886975571,102.56
0.0,47,63.5,133576.56050955414,0.0,0.0,0.0,0.0,0.0,0.0,0.0,0,0,0,0,0,7.486343383789062e-05,0.0,0.0,0.0,0.0,0.0,0.0,0.0,0.0,0.0,0.0,0.0,0.0,0.0,1.0,1.0,5746,560,593,574.6,13.368287516025044,574.6,7.891654968261719e-06,10,0.0699139556025279,160.83999999999995
0.0,47,63.5,128266.17737003058,0.0,0.0,0.0,0.0,0.0,0.0,0.0,0,0,0,0,0,7.796287536621094e-05,0.0,0.0,0.0,0.0,0.0,0.0,0.0,0.0,0.0,0.0,0.0,0.0,0.0,1.0,1.0,5914,570,618,591.4,17.93940417690126,591.4,8.20159912109375e-06,10,0.0547347456855024,289.64
0.0,47,63.5,128266.17737003058,0.0,0.0,0.0,0.0,0.0,0.0,0.0,0,0,0,0,0,7.796287536621094e-05,0.0,0.0,0.0,0.0,0.0,0.0,0.0,0.0,0.0,0.0,0.0,0.0,0.0,1.0,1.0,5897,575,592,589.7,5.313504806936128,589.7,8.296966552734374e-06,10,0.0410708093181535,49.0
0.0,47,63.5,137068.75816993465,0.0,0.0,0.0,0.0,0.0,0.0,0.0,0,0,0,0,0,7.295608520507812e-05,0.0,0.0,0.0,0.0,0.0,0.0,0.0,0.0,0.0,0.0,0.0,0.0,0.0,1.0,1.0,5920,592,592,592.0,0.0,592.0,7.700920104980468e-06,10,0.0,0.0
0.0,47,63.5,137068.75816993465,0.0,0.0,0.0,0.0,0.0,0.0,0.0,0,0,0,0,0,7.295608520507812e-05,0.0,0.0,0.0,0.0,0.0,0.0,0.0,0.0,0.0,0.0,0.0,0.0,0.0,1.0,1.0,5920,592,592,592.0,0.0,592.0,7.700920104980468e-06,10,0.0,0.0
0.0,47,63.5,131482.88401253917,0.0,0.0,0.0,0.0,0.0,0.0,0.0,0,0,0,0,0,7.605552673339844e-05,0.0,0.0,0.0,0.0,0.0,0.0,0.0,0.0,0.0,0.0,0.0,0.0,0.0,1.0,1.0,5920,592,592,592.0,0.0,592.0,8.0108642578125e-06,10,0.0,0.0
0.0,47,63.5,126716.1329305136,0.0,0.0,0.0,0.0,0.0,0.0,0.0,0,0,0,0,0,7.891654968261719e-05,0.0,0.0,0.0,0.0,0.0,0.0,0.0,0.0,0.0,0.0,0.0,0.0,0.0,1.0,1.0,5920,592,592,592.0,0.0,592.0,8.296966552734374e-06,10,0.0,0.0
0.0,47,63.5,736.8640747702957,0.0,0.0,0.0,0.0,0.0,0.0,0.0,0,0,0,0,0,0.01357102394104,0.0,0.0,0.0,0.0,0.0,0.0,0.0,0.0,0.0,0.0,0.0,0.0,0.0,1.0,1.0,5920,592,592,592.0,0.0,592.0,0.0013575077056884,10,0.0,0.0
0.0,47,63.5,126334.4578313253,0.0,0.0,0.0,0.0,0.0,0.0,0.0,0,0,0,0,0,7.915496826171875e-05,0.0,0.0,0.0,0.0,0.0,0.0,0.0,0.0,0.0,0.0,0.0,0.0,0.0,1.0,1.0,5920,592,592,592.0,0.0,592.0,8.296966552734374e-06,10,0.0,0.0
0.0,47,63.5,129854.61300309598,0.0,0.0,0.0,0.0,0.0,0.0,0.0,0,0,0,0,0,7.700920104980469e-05,0.0,0.0,0.0,0.0,0.0,0.0,0.0,0.0,0.0,0.0,0.0,0.0,0.0,1.0,1.0,5920,592,592,592.0,0.0,592.0,8.106231689453125e-06,10,0.0,0.0
0.0,47,63.5,112147.16577540108,0.0,0.0,0.0,0.0,0.0,0.0,0.0,0,0,0,0,0,8.916854858398438e-05,0.0,0.0,0.0,0.0,0.0,0.0,0.0,0.0,0.0,0.0,0.0,0.0,0.0,1.0,1.0,5896,544,628,589.6,28.18273703291905,589.6,9.298324584960938e-06,10,0.1032148497577298,1016.8163265306122
0.0,47,63.5,10694.298827129016,0.0,0.0,0.0,0.0,0.0,0.0,0.0,0,0,0,0,0,0.0009350776672363,0.0,0.0,0.0,0.0,0.0,0.0,0.0,0.0,0.0,0.0,0.0,0.0,0.0,1.0,1.0,5943,593,597,594.3,1.6363916944844767,594.3,9.388923645019532e-05,10,0.0088985605206652,2.484375
0.0,47,63.5,228.83805179854545,0.0,0.0,0.0,0.0,0.0,0.0,0.0,0,0,0,0,0,0.043699026107788,0.0,0.0,0.0,0.0,0.0,0.0,0.0,0.0,0.0,0.0,0.0,0.0,0.0,1.0,1.0,5919,590,595,591.9,2.1317702607092643,591.9,0.0043715000152587,10,0.0142127479334026,4.098765432098765
0.0,47,63.5,259.9700008677435,0.0,0.0,0.0,0.0,0.0,0.0,0.0,0,0,0,0,0,0.0384659767150878,0.0,0.0,0.0,0.0,0.0,0.0,0.0,0.0,0.0,0.0,0.0,0.0,0.0,1.0,1.0,5931,587,597,593.1,3.871548642195896,593.1,0.0038501977920532,10,0.0200338540548848,13.49
0.0,47,63.5,393.4065563007081,0.0,0.0,0.0,0.0,0.0,0.0,0.0,0,0,0,0,0,0.025418996810913,0.0,0.0,0.0,0.0,0.0,0.0,0.0,0.0,0.0,0.0,0.0,0.0,0.0,1.0,1.0,5915,587,592,591.5,1.5811388300841898,591.5,0.0025444030761718,10,0.019100832713823,6.25
0.0,47,63.5,2244.143392188336,0.0,0.0,0.0,0.0,0.0,0.0,0.0,0,0,0,0,0,0.0044560432434082,0.0,0.0,0.0,0.0,0.0,0.0,0.0,0.0,0.0,0.0,0.0,0.0,0.0,1.0,1.0,5920,592,592,592.0,0.0,592.0,0.0004477977752685,10,0.0,0.0
0.0,47,63.5,2292.4704853519893,0.0,0.0,0.0,0.0,0.0,0.0,0.0,0,0,0,0,0,0.0043621063232421,0.0,0.0,0.0,0.0,0.0,0.0,0.0,0.0,0.0,0.0,0.0,0.0,0.0,1.0,1.0,5920,592,592,592.0,0.0,592.0,0.0004367113113403,10,0.0,0.0
0.0,47,63.5,3006.669534050179,0.0,0.0,0.0,0.0,0.0,0.0,0.0,0,0,0,0,0,0.0033259391784667,0.0,0.0,0.0,0.0,0.0,0.0,0.0,0.0,0.0,0.0,0.0,0.0,0.0,1.0,1.0,5920,592,592,592.0,0.0,592.0,0.0003336906433105,10,0.0,0.0
0.0,47,63.5,1241.7633300766795,0.0,0.0,0.0,0.0,0.0,0.0,0.0,0,0,0,0,0,0.0080530643463134,0.0,0.0,0.0,0.0,0.0,0.0,0.0,0.0,0.0,0.0,0.0,0.0,0.0,1.0,1.0,5920,592,592,592.0,0.0,592.0,0.0008069038391113,10,0.0,0.0
0.0,47,63.5,1647.991827433107,0.0,0.0,0.0,0.0,0.0,0.0,0.0,0,0,0,0,0,0.0060679912567138,0.0,0.0,0.0,0.0,0.0,0.0,0.0,0.0,0.0,0.0,0.0,0.0,0.0,1.0,1.0,5920,592,592,592.0,0.0,592.0,0.000609803199768,10,0.0,0.0
0.0,47,63.5,1206.5772970485014,0.0,0.0,0.0,0.0,0.0,0.0,0.0,0,0,0,0,0,0.0082879066467285,0.0,0.0,0.0,0.0,0.0,0.0,0.0,0.0,0.0,0.0,0.0,0.0,0.0,1.0,1.0,5920,592,592,592.0,0.0,592.0,0.0008299827575683,10,0.0,0.0
0.0,47,63.5,2446.228858042692,0.0,0.0,0.0,0.0,0.0,0.0,0.0,0,0,0,0,0,0.0040879249572753,0.0,0.0,0.0,0.0,0.0,0.0,0.0,0.0,0.0,0.0,0.0,0.0,0.0,1.0,1.0,5920,592,592,592.0,0.0,592.0,0.0004099130630493,10,0.0,0.0
0.0,47,63.5,1662.7567888999008,0.0,0.0,0.0,0.0,0.0,0.0,0.0,0,0,0,0,0,0.0060141086578369,0.0,0.0,0.0,0.0,0.0,0.0,0.0,0.0,0.0,0.0,0.0,0.0,0.0,1.0,1.0,5806,470,640,580.6,61.15045198343,580.6,0.0006016969680786,10,0.24275019811997,4463.836734693878
0.0,47,63.5,1156.0926130099228,0.0,0.0,0.0,0.0,0.0,0.0,0.0,0,0,0,0,0,0.0086498260498046,0.0,0.0,0.0,0.0,0.0,0.0,0.0,0.0,0.0,0.0,0.0,0.0,0.0,1.0,1.0,5809,571,605,580.9,10.43977436963505,580.9,0.0008668899536132,10,0.0499755664872145,110.25
0.0,47,63.5,3673.73565735307,0.0,0.0,0.0,0.0,0.0,0.0,0.0,0,0,0,0,0,0.0027220249176025,0.0,0.0,0.0,0.0,0.0,0.0,0.0,0.0,0.0,0.0,0.0,0.0,0.0,1.0,1.0,5872,574,605,587.2,12.21838323547305,587.2,0.000272512435913,10,0.0455877105948022,134.36
0.0,47,63.5,883.5321873946748,0.0,0.0,0.0,0.0,0.0,0.0,0.0,0,0,0,0,0,0.0113182067871093,0.0,0.0,0.0,0.0,0.0,0.0,0.0,0.0,0.0,0.0,0.0,0.0,0.0,1.0,1.0,5733,552,599,573.3,15.846836347429798,573.3,0.0011336088180541,10,0.0845566572544889,272.25
0.0,47,63.5,699.1438858514468,0.0,0.0,0.0,0.0,0.0,0.0,0.0,0,0,0,0,0,0.0143032073974609,0.0,0.0,0.0,0.0,0.0,0.0,0.0,0.0,0.0,0.0,0.0,0.0,0.0,1.0,1.0,5769,521,640,576.9,40.36624001976569,576.9,0.0014312982559204,10,0.1473729115344517,2071.551020408163
0.0,47,63.5,42409.54499494439,0.0,0.0,0.0,0.0,0.0,0.0,0.0,0,0,0,0,0,0.0002357959747314,0.0,0.0,0.0,0.0,0.0,0.0,0.0,0.0,0.0,0.0,0.0,0.0,0.0,1.0,1.0,5802,569,593,580.2,7.598245411496876,580.2,2.7179718017578125e-05,10,0.0522263012508273,81.0
0.0,47,63.5,42930.44012282498,0.0,0.0,0.0,0.0,0.0,0.0,0.0,0,0,0,0,0,0.0002329349517822,0.0,0.0,0.0,0.0,0.0,0.0,0.0,0.0,0.0,0.0,0.0,0.0,0.0,1.0,1.0,5840,565,596,584.0,12.745369529536774,584.0,2.44140625e-05,10,0.061139553731552,182.25
0.0,47,63.5,46294.74613686535,0.0,0.0,0.0,0.0,0.0,0.0,0.0,0,0,0,0,0,0.000216007232666,0.0,0.0,0.0,0.0,0.0,0.0,0.0,0.0,0.0,0.0,0.0,0.0,0.0,1.0,1.0,5862,575,600,586.2,8.416914187779536,586.2,2.3102760314941408e-05,10,0.0423350141635339,71.06122448979592
0.0,47,63.5,2421.793406085801,0.0,0.0,0.0,0.0,0.0,0.0,0.0,0,0,0,0,0,0.0041291713714599,0.0,0.0,0.0,0.0,0.0,0.0,0.0,0.0,0.0,0.0,0.0,0.0,0.0,1.0,1.0,5801,535,640,580.1,35.78159054908295,580.1,0.0004142045974731,10,0.1216474887260744,1609.387755102041
0.0,47,63.5,3717.3659487724894,0.0,0.0,0.0,0.0,0.0,0.0,0.0,0,0,0,0,0,0.0026900768280029,0.0,0.0,0.0,0.0,0.0,0.0,0.0,0.0,0.0,0.0,0.0,0.0,0.0,1.0,1.0,5788,571,585,578.8,5.370702416299422,578.8,0.0002693891525268,10,0.0479106293363037,44.96
0.0,47,63.5,1541.570126433402,0.0,0.0,0.0,0.0,0.0,0.0,0.0,0,0,0,0,0,0.0064868927001953,0.0,0.0,0.0,0.0,0.0,0.0,0.0,0.0,0.0,0.0,0.0,0.0,0.0,1.0,1.0,5844,574,597,584.4,8.846845012017937,584.4,0.000649094581604,10,0.0442142807840956,101.36
0.0,47,63.5,3642.7861733541777,0.0,0.0,0.0,0.0,0.0,0.0,0.0,0,0,0,0,0,0.0027451515197753,0.0,0.0,0.0,0.0,0.0,0.0,0.0,0.0,0.0,0.0,0.0,0.0,0.0,1.0,1.0,5718,559,596,571.8,11.38029486046434,571.8,0.0002750158309936,10,0.0708082569143587,116.56
0.0,47,63.5,531.3213665902383,0.0,0.0,0.0,0.0,0.0,0.0,0.0,0,0,0,0,0,0.0188210010528564,0.0,0.0,0.0,0.0,0.0,0.0,0.0,0.0,0.0,0.0,0.0,0.0,0.0,1.0,1.0,5823,514,640,582.3,42.4998039211163,582.3,0.0018824815750122,10,0.1601709501253059,2309.2653061224487
0.0,47,63.5,60262.988505747126,0.0,0.0,0.0,0.0,0.0,0.0,0.0,0,0,0,0,0,0.0001659393310546,0.0,0.0,0.0,0.0,0.0,0.0,0.0,0.0,0.0,0.0,0.0,0.0,0.0,1.0,1.0,5790,571,591,579.0,5.9066817155564495,579.0,1.7213821411132813e-05,10,0.0481289658636491,57.84
0.0,47,63.5,104335.92039800996,0.0,0.0,0.0,0.0,0.0,0.0,0.0,0,0,0,0,0,9.584426879882812e-05,0.0,0.0,0.0,0.0,0.0,0.0,0.0,0.0,0.0,0.0,0.0,0.0,0.0,1.0,1.0,5780,572,581,578.0,3.333333333333333,578.0,1.0085105895996091e-05,10,0.0453765566666666,10.987654320987652
0.0,47,63.5,103054.15233415231,0.0,0.0,0.0,0.0,0.0,0.0,0.0,0,0,0,0,0,9.703636169433594e-05,0.0,0.0,0.0,0.0,0.0,0.0,0.0,0.0,0.0,0.0,0.0,0.0,0.0,1.0,1.0,5837,569,596,583.7,9.944847912361457,583.7,1.0204315185546874e-05,10,0.0531822132455795,94.88888888888889
0.0,47,63.5,2288.842564802183,0.0,0.0,0.0,0.0,0.0,0.0,0.0,0,0,0,0,0,0.0043690204620361,0.0,0.0,0.0,0.0,0.0,0.0,0.0,0.0,0.0,0.0,0.0,0.0,0.0,1.0,1.0,5664,470,640,566.4,58.55519713151951,566.4,0.0004374027252197,10,0.2416929951034958,4191.3877551020405
0.0,47,63.5,734.4254946594292,0.0,0.0,0.0,0.0,0.0,0.0,0.0,0,0,0,0,0,0.0136160850524902,0.0,0.0,0.0,0.0,0.0,0.0,0.0,0.0,0.0,0.0,0.0,0.0,0.0,1.0,1.0,5850,558,595,585.0,11.718930554164633,585.0,0.0013633012771606,10,0.0726503335505445,342.25
0.0,47,63.5,249.3018390176056,0.0,0.0,0.0,0.0,0.0,0.0,0.0,0,0,0,0,0,0.040112018585205,0.0,0.0,0.0,0.0,0.0,0.0,0.0,0.0,0.0,0.0,0.0,0.0,0.0,1.0,1.0,5966,578,613,596.6,14.766328062333049,596.6,0.0040118932723999,10,0.0398091213994719,262.56
0.0,47,63.5,332.7677062589751,0.0,0.0,0.0,0.0,0.0,0.0,0.0,0,0,0,0,0,0.0300509929656982,0.0,0.0,0.0,0.0,0.0,0.0,0.0,0.0,0.0,0.0,0.0,0.0,0.0,1.0,1.0,5822,551,598,582.2,17.862437310363518,582.2,0.0030073165893554,10,0.0870818624627497,402.48979591836735
0.0,47,63.5,93414.3429844098,0.0,0.0,0.0,0.0,0.0,0.0,0.0,0,0,0,0,0,0.0001070499420166,0.0,0.0,0.0,0.0,0.0,0.0,0.0,0.0,0.0,0.0,0.0,0.0,0.0,1.0,1.0,5785,470,640,578.5,60.48369844658789,578.5,1.2898445129394532e-05,10,0.242478589399202,4569.836734693878
0.0,47,63.5,1362.3620359242536,0.0,0.0,0.0,0.0,0.0,0.0,0.0,0,0,0,0,0,0.0073401927947998,0.0,0.0,0.0,0.0,0.0,0.0,0.0,0.0,0.0,0.0,0.0,0.0,0.0,1.0,1.0,5881,573,604,588.1,13.20311411077789,588.1,0.0007344007492065,10,0.0476929805641664,225.0
0.0,47,63.5,2457.552000937482,0.0,0.0,0.0,0.0,0.0,0.0,0.0,0,0,0,0,0,0.0040690898895263,0.0,0.0,0.0,0.0,0.0,0.0,0.0,0.0,0.0,0.0,0.0,0.0,0.0,1.0,1.0,5851,572,598,585.1,9.814388530225518,585.1,0.0004072904586791,10,0.0480166793116726,121.0
0.0,47,63.5,1121.201849822235,0.0,0.0,0.0,0.0,0.0,0.0,0.0,0,0,0,0,0,0.0089190006256103,0.0,0.0,0.0,0.0,0.0,0.0,0.0,0.0,0.0,0.0,0.0,0.0,0.0,1.0,1.0,5905,576,615,590.5,13.79412113103904,590.5,0.000893497467041,10,0.0428213431839401,171.25
0.0,47,63.5,836.5352320548874,0.0,0.0,0.0,0.0,0.0,0.0,0.0,0,0,0,0,0,0.0119540691375732,0.0,0.0,0.0,0.0,0.0,0.0,0.0,0.0,0.0,0.0,0.0,0.0,0.0,1.0,1.0,5709,470,640,570.9,59.42025468362339,570.9,0.0011975049972534,10,0.2420453849479208,4229.918367346939
0.0,47,63.5,1316.810247394198,0.0,0.0,0.0,0.0,0.0,0.0,0.0,0,0,0,0,0,0.0075941085815429,0.0,0.0,0.0,0.0,0.0,0.0,0.0,0.0,0.0,0.0,0.0,0.0,0.0,1.0,1.0,5867,566,613,586.7,15.8187652278341,586.7,0.000761604309082,10,0.0606874022032105,295.84000000000003
0.0,47,63.5,894.3841692255203,0.0,0.0,0.0,0.0,0.0,0.0,0.0,0,0,0,0,0,0.0111808776855468,0.0,0.0,0.0,0.0,0.0,0.0,0.0,0.0,0.0,0.0,0.0,0.0,0.0,1.0,1.0,5863,570,605,586.3,11.605075517969617,586.3,0.0011196851730346,10,0.052154393563,124.0
0.0,47,63.5,907.367009194159,0.0,0.0,0.0,0.0,0.0,0.0,0.0,0,0,0,0,0,0.0110208988189697,0.0,0.0,0.0,0.0,0.0,0.0,0.0,0.0,0.0,0.0,0.0,0.0,0.0,1.0,1.0,5887,577,606,588.7,7.803845206050669,588.7,0.0011044025421142,10,0.0386770143831368,54.81
0.0,47,63.5,433.1795178980853,0.0,0.0,0.0,0.0,0.0,0.0,0.0,0,0,0,0,0,0.0230851173400878,0.0,0.0,0.0,0.0,0.0,0.0,0.0,0.0,0.0,0.0,0.0,0.0,0.0,1.0,1.0,5876,563,606,587.6,13.68048082325894,587.6,0.0023101091384887,10,0.0649287406681628,462.25
0.0,47,63.5,3303.6420919974794,0.0,0.0,0.0,0.0,0.0,0.0,0.0,0,0,0,0,0,0.0030269622802734,0.0,0.0,0.0,0.0,0.0,0.0,0.0,0.0,0.0,0.0,0.0,0.0,0.0,1.0,1.0,5920,592,592,592.0,0.0,592.0,0.0003031015396118,10,0.0,0.0
0.0,47,63.5,1972.76891961808,0.0,0.0,0.0,0.0,0.0,0.0,0.0,0,0,0,0,0,0.0050690174102783,0.0,0.0,0.0,0.0,0.0,0.0,0.0,0.0,0.0,0.0,0.0,0.0,0.0,1.0,1.0,5920,592,592,592.0,0.0,592.0,0.0005074024200439,10,0.0,0.0
0.0,47,63.5,1094.918422220482,0.0,0.0,0.0,0.0,0.0,0.0,0.0,0,0,0,0,0,0.0091331005096435,0.0,0.0,0.0,0.0,0.0,0.0,0.0,0.0,0.0,0.0,0.0,0.0,0.0,1.0,1.0,5920,592,592,592.0,0.0,592.0,0.0009140014648437,10,0.0,0.0
0.0,47,63.5,519.1034542506715,0.0,0.0,0.0,0.0,0.0,0.0,0.0,0,0,0,0,0,0.0192639827728271,0.0,0.0,0.0,0.0,0.0,0.0,0.0,0.0,0.0,0.0,0.0,0.0,0.0,1.0,1.0,5819,508,640,581.9,45.211724143191,581.9,0.0019285917282104,10,0.1715004579469703,2568.489795918368
0.0,47,63.5,760.567936605799,0.0,0.0,0.0,0.0,0.0,0.0,0.0,0,0,0,0,0,0.0131480693817138,0.0,0.0,0.0,0.0,0.0,0.0,0.0,0.0,0.0,0.0,0.0,0.0,0.0,1.0,1.0,5851,575,599,585.1,7.880355321938217,585.1,0.0013180017471313,10,0.0421164415439448,75.14285714285714
0.0,47,63.5,1204.5328968151402,0.0,0.0,0.0,0.0,0.0,0.0,0.0,0,0,0,0,0,0.0083019733428955,0.0,0.0,0.0,0.0,0.0,0.0,0.0,0.0,0.0,0.0,0.0,0.0,0.0,1.0,1.0,5820,571,594,582.0,9.116529554118229,582.0,0.0008312940597534,10,0.0494365294791656,75.20987654320987
0.0,47,63.5,62508.2563338301,0.0,0.0,0.0,0.0,0.0,0.0,0.0,0,0,0,0,0,0.0001599788665771,0.0,0.0,0.0,0.0,0.0,0.0,0.0,0.0,0.0,0.0,0.0,0.0,0.0,1.0,1.0,5830,579,590,583.0,3.265986323710904,583.0,1.7595291137695312e-05,10,0.0334202121888269,16.56
0.0,47,63.5,902.5249069352096,0.0,0.0,0.0,0.0,0.0,0.0,0.0,0,0,0,0,0,0.0110800266265869,0.0,0.0,0.0,0.0,0.0,0.0,0.0,0.0,0.0,0.0,0.0,0.0,0.0,1.0,1.0,5916,573,628,591.6,21.261336845185543,591.6,0.0011085033416748,10,0.0509755781772547,569.8367346938775
0.0,47,63.5,1531.3826718755704,0.0,0.0,0.0,0.0,0.0,0.0,0.0,0,0,0,0,0,0.0065300464630126,0.0,0.0,0.0,0.0,0.0,0.0,0.0,0.0,0.0,0.0,0.0,0.0,0.0,1.0,1.0,5931,590,600,593.1,2.7264140062238043,593.1,0.0006545066833496,10,0.0144549820095754,12.25
0.0,47,63.5,914.588748364588,0.0,0.0,0.0,0.0,0.0,0.0,0.0,0,0,0,0,0,0.0109338760375976,0.0,0.0,0.0,0.0,0.0,0.0,0.0,0.0,0.0,0.0,0.0,0.0,0.0,1.0,1.0,5945,586,606,594.5,5.739725119240855,594.5,0.0010946989059448,10,0.0224990044245739,29.65
0.0,47,63.5,824.4170139161884,0.0,0.0,0.0,0.0,0.0,0.0,0.0,0,0,0,0,0,0.012129783630371,0.0,0.0,0.0,0.0,0.0,0.0,0.0,0.0,0.0,0.0,0.0,0.0,0.0,1.0,1.0,5929,585,606,592.9,6.3674519585501725,592.9,0.0012147903442382,10,0.024458845229835,72.25
0.0,47,63.5,557.2863159852783,0.0,0.0,0.0,0.0,0.0,0.0,0.0,0,0,0,0,0,0.0179440975189209,0.0,0.0,0.0,0.0,0.0,0.0,0.0,0.0,0.0,0.0,0.0,0.0,0.0,1.0,1.0,5835,519,640,583.5,41.67933140858508,583.5,0.0017978191375732,10,0.1513160724426012,2145.551020408163
0.0,47,63.5,9000.652360515021,0.0,0.0,0.0,0.0,0.0,0.0,0.0,0,0,0,0,0,0.0011110305786132,0.0,0.0,0.0,0.0,0.0,0.0,0.0,0.0,0.0,0.0,0.0,0.0,0.0,1.0,1.0,5838,570,601,583.8,12.752341832864351,583.8,0.0001144886016845,10,0.0526217439690355,187.6326530612245
0.0,47,63.5,113666.77506775068,0.0,0.0,0.0,0.0,0.0,0.0,0.0,0,0,0,0,0,8.797645568847656e-05,0.0,0.0,0.0,0.0,0.0,0.0,0.0,0.0,0.0,0.0,0.0,0.0,0.0,1.0,1.0,5835,576,595,583.5,8.263036837493694,583.5,9.298324584960938e-06,10,0.0405682006861214,63.06172839506173
0.0,47,63.5,540.3638237567637,0.0,0.0,0.0,0.0,0.0,0.0,0.0,0,0,0,0,0,0.0185060501098632,0.0,0.0,0.0,0.0,0.0,0.0,0.0,0.0,0.0,0.0,0.0,0.0,0.0,1.0,1.0,5764,564,592,576.4,11.452316602135811,576.4,0.0018511056900024,10,0.062316945691046,156.95999999999998
0.0,47,63.5,95108.9342403628,0.0,0.0,0.0,0.0,0.0,0.0,0.0,0,0,0,0,0,0.0001051425933837,0.0,0.0,0.0,0.0,0.0,0.0,0.0,0.0,0.0,0.0,0.0,0.0,0.0,1.0,1.0,5796,577,587,579.6,4.221637386396683,579.6,1.1110305786132813e-05,10,0.0372177662057225,19.22222222222222
0.0,47,63.5,588.4429978394455,0.0,0.0,0.0,0.0,0.0,0.0,0.0,0,0,0,0,0,0.0169939994812011,0.0,0.0,0.0,0.0,0.0,0.0,0.0,0.0,0.0,0.0,0.0,0.0,0.0,1.0,1.0,5770,577,577,577.0,0.0,577.0,0.001699686050415,10,0.0,0.0
0.0,47,63.5,997.907258927934,0.0,0.0,0.0,0.0,0.0,0.0,0.0,0,0,0,0,0,0.0100209712982177,0.0,0.0,0.0,0.0,0.0,0.0,0.0,0.0,0.0,0.0,0.0,0.0,0.0,1.0,1.0,5770,577,577,577.0,0.0,577.0,0.0010050058364868,10,0.0,0.0
0.0,47,63.5,94254.02247191012,0.0,0.0,0.0,0.0,0.0,0.0,0.0,0,0,0,0,0,0.0001060962677001,0.0,0.0,0.0,0.0,0.0,0.0,0.0,0.0,0.0,0.0,0.0,0.0,0.0,1.0,1.0,5770,577,577,577.0,0.0,577.0,1.220703125e-05,10,0.0,0.0
0.0,47,63.5,1977.792238411845,0.0,0.0,0.0,0.0,0.0,0.0,0.0,0,0,0,0,0,0.0050561428070068,0.0,0.0,0.0,0.0,0.0,0.0,0.0,0.0,0.0,0.0,0.0,0.0,0.0,1.0,1.0,5875,577,592,587.5,7.245688373094719,587.5,0.0005064964294433,10,0.0384496436156638,56.25
0.0,47,63.5,143150.3071672355,0.0,0.0,0.0,0.0,0.0,0.0,0.0,0,0,0,0,0,6.985664367675781e-05,0.0,0.0,0.0,0.0,0.0,0.0,0.0,0.0,0.0,0.0,0.0,0.0,0.0,1.0,1.0,5920,592,592,592.0,0.0,592.0,1.1086463928222656e-05,10,0.0,0.0
0.0,47,63.5,414.4569169960474,0.0,0.0,0.0,0.0,0.0,0.0,0.0,0,0,0,0,0,0.0241279602050781,0.0,0.0,0.0,0.0,0.0,0.0,0.0,0.0,0.0,0.0,0.0,0.0,0.0,1.0,1.0,5920,592,592,592.0,0.0,592.0,0.0024131059646606,10,0.0,0.0
0.0,47,63.5,10235.00244021474,0.0,0.0,0.0,0.0,0.0,0.0,0.0,0,0,0,0,0,0.0009770393371582,0.0,0.0,0.0,0.0,0.0,0.0,0.0,0.0,0.0,0.0,0.0,0.0,0.0,1.0,1.0,5920,592,592,592.0,0.0,592.0,9.970664978027343e-05,10,0.0,0.0
0.0,47,63.5,690.2726988463374,0.0,0.0,0.0,0.0,0.0,0.0,0.0,0,0,0,0,0,0.0144870281219482,0.0,0.0,0.0,0.0,0.0,0.0,0.0,0.0,0.0,0.0,0.0,0.0,0.0,1.0,1.0,5920,592,592,592.0,0.0,592.0,0.0014503002166748,10,0.0,0.0
0.0,47,63.5,4921.7366815301575,0.0,0.0,0.0,0.0,0.0,0.0,0.0,0,0,0,0,0,0.0020318031311035,0.0,0.0,0.0,0.0,0.0,0.0,0.0,0.0,0.0,0.0,0.0,0.0,0.0,1.0,1.0,5920,592,592,592.0,0.0,592.0,0.0002051830291748,10,0.0,0.0
0.0,47,63.5,458.9657059068128,0.0,0.0,0.0,0.0,0.0,0.0,0.0,0,0,0,0,0,0.0217881202697753,0.0,0.0,0.0,0.0,0.0,0.0,0.0,0.0,0.0,0.0,0.0,0.0,0.0,1.0,1.0,5920,592,592,592.0,0.0,592.0,0.0021802186965942,10,0.0,0.0
0.0,47,63.5,6905.340796838986,0.0,0.0,0.0,0.0,0.0,0.0,0.0,0,0,0,0,0,0.0014481544494628,0.0,0.0,0.0,0.0,0.0,0.0,0.0,0.0,0.0,0.0,0.0,0.0,0.0,1.0,1.0,5920,592,592,592.0,0.0,592.0,0.0001471996307373,10,0.0,0.0
0.0,47,63.5,656.6425048923679,0.0,0.0,0.0,0.0,0.0,0.0,0.0,0,0,0,0,0,0.0152289867401123,0.0,0.0,0.0,0.0,0.0,0.0,0.0,0.0,0.0,0.0,0.0,0.0,0.0,1.0,1.0,5920,592,592,592.0,0.0,592.0,0.0015244007110595,10,0.0,0.0
0.0,47,63.5,603.5056619519705,0.0,0.0,0.0,0.0,0.0,0.0,0.0,0,0,0,0,0,0.0165698528289794,0.0,0.0,0.0,0.0,0.0,0.0,0.0,0.0,0.0,0.0,0.0,0.0,0.0,1.0,1.0,5920,592,592,592.0,0.0,592.0,0.001657485961914,10,0.0,0.0
0.0,47,63.5,542.7131100874695,0.0,0.0,0.0,0.0,0.0,0.0,0.0,0,0,0,0,0,0.0184259414672851,0.0,0.0,0.0,0.0,0.0,0.0,0.0,0.0,0.0,0.0,0.0,0.0,0.0,1.0,1.0,5920,592,592,592.0,0.0,592.0,0.0018434047698974,10,0.0,0.0
0.0,47,63.5,727.9123930511446,0.0,0.0,0.0,0.0,0.0,0.0,0.0,0,0,0,0,0,0.0137379169464111,0.0,0.0,0.0,0.0,0.0,0.0,0.0,0.0,0.0,0.0,0.0,0.0,0.0,1.0,1.0,5920,592,592,592.0,0.0,592.0,0.0013747930526733,10,0.0,0.0
0.0,47,63.5,487.1150339701527,0.0,0.0,0.0,0.0,0.0,0.0,0.0,0,0,0,0,0,0.02052903175354,0.0,0.0,0.0,0.0,0.0,0.0,0.0,0.0,0.0,0.0,0.0,0.0,0.0,1.0,1.0,5920,592,592,592.0,0.0,592.0,0.0020543098449707,10,0.0,0.0
0.0,47,63.5,2266.5787624966224,0.0,0.0,0.0,0.0,0.0,0.0,0.0,0,0,0,0,0,0.0044119358062744,0.0,0.0,0.0,0.0,0.0,0.0,0.0,0.0,0.0,0.0,0.0,0.0,0.0,1.0,1.0,5920,592,592,592.0,0.0,592.0,0.000442099571228,10,0.0,0.0
0.0,47,63.5,1997.668127262336,0.0,0.0,0.0,0.0,0.0,0.0,0.0,0,0,0,0,0,0.0050058364868164,0.0,0.0,0.0,0.0,0.0,0.0,0.0,0.0,0.0,0.0,0.0,0.0,0.0,1.0,1.0,5920,592,592,592.0,0.0,592.0,0.0005559921264648,10,0.0,0.0
0.0,47,63.5,1229.1000732600733,0.0,0.0,0.0,0.0,0.0,0.0,0.0,0,0,0,0,0,0.0081360340118408,0.0,0.0,0.0,0.0,0.0,0.0,0.0,0.0,0.0,0.0,0.0,0.0,0.0,1.0,1.0,5920,592,592,592.0,0.0,592.0,0.000814414024353,10,0.0,0.0
0.0,47,63.5,990.6010722467583,0.0,0.0,0.0,0.0,0.0,0.0,0.0,0,0,0,0,0,0.0100948810577392,0.0,0.0,0.0,0.0,0.0,0.0,0.0,0.0,0.0,0.0,0.0,0.0,0.0,1.0,1.0,5950,574,628,595.0,18.90326250501043,595.0,0.0010120868682861,10,0.048310863014041,436.4081632653061
0.0,47,63.5,555.0003308059756,0.0,0.0,0.0,0.0,0.0,0.0,0.0,0,0,0,0,0,0.0180180072784423,0.0,0.0,0.0,0.0,0.0,0.0,0.0,0.0,0.0,0.0,0.0,0.0,0.0,1.0,1.0,5895,585,596,589.5,3.62859017617954,589.5,0.0018022060394287,10,0.0233431424941685,12.122448979591836
0.0,47,63.5,1694.0522638232562,0.0,0.0,0.0,0.0,0.0,0.0,0.0,0,0,0,0,0,0.0059030055999755,0.0,0.0,0.0,0.0,0.0,0.0,0.0,0.0,0.0,0.0,0.0,0.0,0.0,1.0,1.0,5935,590,598,593.5,2.838231060987733,593.5,0.0005913972854614,10,0.014500531805004,9.84
0.0,47,63.5,1483.4491051849757,0.0,0.0,0.0,0.0,0.0,0.0,0.0,0,0,0,0,0,0.0067410469055175,0.0,0.0,0.0,0.0,0.0,0.0,0.0,0.0,0.0,0.0,0.0,0.0,0.0,1.0,1.0,5912,587,597,591.2,3.425395354310701,591.2,0.0006747961044311,10,0.0198521090515319,20.64
0.0,47,63.5,707.5172902398705,0.0,0.0,0.0,0.0,0.0,0.0,0.0,0,0,0,0,0,0.0141339302062988,0.0,0.0,0.0,0.0,0.0,0.0,0.0,0.0,0.0,0.0,0.0,0.0,0.0,1.0,1.0,5751,479,640,575.1,55.384414173423686,575.1,0.0014137029647827,10,0.2250641749576858,3894.244897959183
0.0,47,63.5,1268.8480154888673,0.0,0.0,0.0,0.0,0.0,0.0,0.0,0,0,0,0,0,0.0078811645507812,0.0,0.0,0.0,0.0,0.0,0.0,0.0,0.0,0.0,0.0,0.0,0.0,0.0,1.0,1.0,5769,553,598,576.9,16.59618430041476,576.9,0.0007897138595581,10,0.083157781636617,272.4691358024691
0.0,47,63.5,1243.3093226619235,0.0,0.0,0.0,0.0,0.0,0.0,0.0,0,0,0,0,0,0.0080430507659912,0.0,0.0,0.0,0.0,0.0,0.0,0.0,0.0,0.0,0.0,0.0,0.0,0.0,1.0,1.0,5857,572,603,585.7,11.284699572626842,585.7,0.0008057832717895,10,0.0486156252179053,240.25
0.0,47,63.5,470.9208901264231,0.0,0.0,0.0,0.0,0.0,0.0,0.0,0,0,0,0,0,0.0212349891662597,0.0,0.0,0.0,0.0,0.0,0.0,0.0,0.0,0.0,0.0,0.0,0.0,0.0,1.0,1.0,5749,559,591,574.9,10.332795684937675,574.9,0.0021254062652587,10,0.0703815476502162,124.24489795918366
0.0,47,63.5,108660.72538860104,0.0,0.0,0.0,0.0,0.0,0.0,0.0,0,0,0,0,0,9.202957153320312e-05,0.0,0.0,0.0,0.0,0.0,0.0,0.0,0.0,0.0,0.0,0.0,0.0,0.0,1.0,1.0,5682,471,640,568.2,57.5476614062929,568.2,1.0204315185546874e-05,10,0.2395784353504674,4204.489795918367
0.0,47,63.5,770.1906056043189,0.0,0.0,0.0,0.0,0.0,0.0,0.0,0,0,0,0,0,0.0129837989807128,0.0,0.0,0.0,0.0,0.0,0.0,0.0,0.0,0.0,0.0,0.0,0.0,0.0,1.0,1.0,5735,564,591,573.5,9.336309049440612,573.5,0.0012987852096557,10,0.0614549688543801,78.45
0.0,47,63.5,2114.597428787497,0.0,0.0,0.0,0.0,0.0,0.0,0.0,0,0,0,0,0,0.0047290325164794,0.0,0.0,0.0,0.0,0.0,0.0,0.0,0.0,0.0,0.0,0.0,0.0,0.0,1.0,1.0,5776,565,591,577.6,10.297788327813134,577.6,0.0004744052886962,10,0.0601425070532179,95.44
0.0,47,63.5,552.6383472119743,0.0,0.0,0.0,0.0,0.0,0.0,0.0,0,0,0,0,0,0.0180950164794921,0.0,0.0,0.0,0.0,0.0,0.0,0.0,0.0,0.0,0.0,0.0,0.0,0.0,1.0,1.0,5750,563,597,575.0,15.048071120394283,575.0,0.0018100976943969,10,0.0654858422516038,242.8
0.0,47,63.5,971.7359775733846,0.0,0.0,0.0,0.0,0.0,0.0,0.0,0,0,0,0,0,0.0102908611297607,0.0,0.0,0.0,0.0,0.0,0.0,0.0,0.0,0.0,0.0,0.0,0.0,0.0,1.0,1.0,5899,579,597,589.9,5.952590472502986,589.9,0.0010298013687133,10,0.0345146272548788,81.0
0.0,47,63.5,2477.7315689981097,0.0,0.0,0.0,0.0,0.0,0.0,0.0,0,0,0,0,0,0.0040359497070312,0.0,0.0,0.0,0.0,0.0,0.0,0.0,0.0,0.0,0.0,0.0,0.0,0.0,1.0,1.0,5920,592,592,592.0,0.0,592.0,0.0004058122634887,10,0.0,0.0
0.0,47,63.5,53227.20812182741,0.0,0.0,0.0,0.0,0.0,0.0,0.0,0,0,0,0,0,0.000187873840332,0.0,0.0,0.0,0.0,0.0,0.0,0.0,0.0,0.0,0.0,0.0,0.0,0.0,1.0,1.0,5920,592,592,592.0,0.0,592.0,1.9884109497070317e-05,10,0.0,0.0
0.0,47,63.5,513.1400327876875,0.0,0.0,0.0,0.0,0.0,0.0,0.0,0,0,0,0,0,0.0194878578186035,0.0,0.0,0.0,0.0,0.0,0.0,0.0,0.0,0.0,0.0,0.0,0.0,0.0,1.0,1.0,5920,592,592,592.0,0.0,592.0,0.001949405670166,10,0.0,0.0
0.0,47,63.5,91779.08096280089,0.0,0.0,0.0,0.0,0.0,0.0,0.0,0,0,0,0,0,0.0001089572906494,0.0,0.0,0.0,0.0,0.0,0.0,0.0,0.0,0.0,0.0,0.0,0.0,0.0,1.0,1.0,5752,470,640,575.2,59.35168255594969,575.2,1.3208389282226562e-05,10,0.2420174514059916,4463.836734693878
0.0,47,63.5,1602.3471882640588,0.0,0.0,0.0,0.0,0.0,0.0,0.0,0,0,0,0,0,0.0062408447265625,0.0,0.0,0.0,0.0,0.0,0.0,0.0,0.0,0.0,0.0,0.0,0.0,0.0,1.0,1.0,5796,564,589,579.6,9.057838839615355,579.6,0.0006245851516723,10,0.0613415312297057,83.76
0.0,47,63.5,950.1198323705968,0.0,0.0,0.0,0.0,0.0,0.0,0.0,0,0,0,0,0,0.0105249881744384,0.0,0.0,0.0,0.0,0.0,0.0,0.0,0.0,0.0,0.0,0.0,0.0,0.0,1.0,1.0,5846,572,596,584.6,10.265367883216742,584.6,0.0010550022125244,10,0.0482003902609072,106.16
0.0,47,63.5,134865.08038585208,0.0,0.0,0.0,0.0,0.0,0.0,0.0,0,0,0,0,0,7.414817810058594e-05,0.0,0.0,0.0,0.0,0.0,0.0,0.0,0.0,0.0,0.0,0.0,0.0,0.0,1.0,1.0,5761,566,592,576.1,9.938142012804338,576.1,9.512901306152343e-06,10,0.058291871530336,88.98765432098766
0.0,47,63.5,414.7807082604009,0.0,0.0,0.0,0.0,0.0,0.0,0.0,0,0,0,0,0,0.0241091251373291,0.0,0.0,0.0,0.0,0.0,0.0,0.0,0.0,0.0,0.0,0.0,0.0,0.0,1.0,1.0,5937,585,604,593.7,5.8509258526607,593.7,0.0024111986160278,10,0.0242484331553398,90.25
0.0,47,63.5,2759.228998092231,0.0,0.0,0.0,0.0,0.0,0.0,0.0,0,0,0,0,0,0.0036242008209228,0.0,0.0,0.0,0.0,0.0,0.0,0.0,0.0,0.0,0.0,0.0,0.0,0.0,1.0,1.0,5920,592,592,592.0,0.0,592.0,0.0003632068634033,10,0.0,0.0
0.0,47,63.5,410.7632944863383,0.0,0.0,0.0,0.0,0.0,0.0,0.0,0,0,0,0,0,0.0243449211120605,0.0,0.0,0.0,0.0,0.0,0.0,0.0,0.0,0.0,0.0,0.0,0.0,0.0,1.0,1.0,5920,592,592,592.0,0.0,592.0,0.0024366855621337,10,0.0,0.0
0.0,47,63.5,4937.960913586061,0.0,0.0,0.0,0.0,0.0,0.0,0.0,0,0,0,0,0,0.0020251274108886,0.0,0.0,0.0,0.0,0.0,0.0,0.0,0.0,0.0,0.0,0.0,0.0,0.0,1.0,1.0,5920,592,592,592.0,0.0,592.0,0.0002031087875366,10,0.0,0.0
0.0,47,63.5,1274.6707187357545,0.0,0.0,0.0,0.0,0.0,0.0,0.0,0,0,0,0,0,0.0078451633453369,0.0,0.0,0.0,0.0,0.0,0.0,0.0,0.0,0.0,0.0,0.0,0.0,0.0,1.0,1.0,5905,557,628,590.5,23.866527001453544,590.5,0.0007853031158447,10,0.079302908439312,720.2040816326531
0.0,47,63.5,178481.02127659574,0.0,0.0,0.0,0.0,0.0,0.0,0.0,0,0,0,0,0,5.602836608886719e-05,0.0,0.0,0.0,0.0,0.0,0.0,0.0,0.0,0.0,0.0,0.0,0.0,0.0,1.0,1.0,5958,589,599,595.8,3.645392830531285,595.8,5.888938903808594e-06,10,0.0165334672234451,16.0
0.0,47,63.5,1380.4772405621566,0.0,0.0,0.0,0.0,0.0,0.0,0.0,0,0,0,0,0,0.0072438716888427,0.0,0.0,0.0,0.0,0.0,0.0,0.0,0.0,0.0,0.0,0.0,0.0,0.0,1.0,1.0,5913,587,594,591.3,2.540778533354601,591.3,0.0007246971130371,10,0.0194917515433473,7.061224489795919
0.0,47,63.5,481.22995020537417,0.0,0.0,0.0,0.0,0.0,0.0,0.0,0,0,0,0,0,0.0207800865173339,0.0,0.0,0.0,0.0,0.0,0.0,0.0,0.0,0.0,0.0,0.0,0.0,0.0,1.0,1.0,5936,589,599,593.6,3.4058772731852804,593.6,0.0020811080932617,10,0.0164358981660046,14.775510204081632
0.0,47,63.5,54899.267015706806,0.0,0.0,0.0,0.0,0.0,0.0,0.0,0,0,0,0,0,0.0001821517944335,0.0,0.0,0.0,0.0,0.0,0.0,0.0,0.0,0.0,0.0,0.0,0.0,0.0,1.0,1.0,5920,591,594,592.0,0.816496580927726,592.0,2.1505355834960935e-05,10,0.0,2.25
0.0,47,63.5,2092.444000997755,0.0,0.0,0.0,0.0,0.0,0.0,0.0,0,0,0,0,0,0.0047791004180908,0.0,0.0,0.0,0.0,0.0,0.0,0.0,0.0,0.0,0.0,0.0,0.0,0.0,1.0,1.0,5920,592,592,592.0,0.0,592.0,0.0004791975021362,10,0.0,0.0
0.0,47,63.5,99156.12293144208,0.0,0.0,0.0,0.0,0.0,0.0,0.0,0,0,0,0,0,0.0001008510589599,0.0,0.0,0.0,0.0,0.0,0.0,0.0,0.0,0.0,0.0,0.0,0.0,0.0,1.0,1.0,5920,592,592,592.0,0.0,592.0,1.049041748046875e-05,10,0.0,0.0
0.0,47,63.5,59158.02538787024,0.0,0.0,0.0,0.0,0.0,0.0,0.0,0,0,0,0,0,0.000169038772583,0.0,0.0,0.0,0.0,0.0,0.0,0.0,0.0,0.0,0.0,0.0,0.0,0.0,1.0,1.0,5920,592,592,592.0,0.0,592.0,1.7714500427246093e-05,10,0.0,0.0
0.0,47,63.5,2063.922842239937,0.0,0.0,0.0,0.0,0.0,0.0,0.0,0,0,0,0,0,0.0048451423645019,0.0,0.0,0.0,0.0,0.0,0.0,0.0,0.0,0.0,0.0,0.0,0.0,0.0,1.0,1.0,5920,592,592,592.0,0.0,592.0,0.0004848957061767,10,0.0,0.0
0.0,47,63.5,929.897794036138,0.0,0.0,0.0,0.0,0.0,0.0,0.0,0,0,0,0,0,0.0107538700103759,0.0,0.0,0.0,0.0,0.0,0.0,0.0,0.0,0.0,0.0,0.0,0.0,0.0,1.0,1.0,5920,592,592,592.0,0.0,592.0,0.001075792312622,10,0.0,0.0
0.0,47,63.5,790.0067806825887,0.0,0.0,0.0,0.0,0.0,0.0,0.0,0,0,0,0,0,0.0126581192016601,0.0,0.0,0.0,0.0,0.0,0.0,0.0,0.0,0.0,0.0,0.0,0.0,0.0,1.0,1.0,5920,592,592,592.0,0.0,592.0,0.0012668132781982,10,0.0,0.0
0.0,47,63.5,1213.3136625300124,0.0,0.0,0.0,0.0,0.0,0.0,0.0,0,0,0,0,0,0.0082418918609619,0.0,0.0,0.0,0.0,0.0,0.0,0.0,0.0,0.0,0.0,0.0,0.0,0.0,1.0,1.0,5920,592,592,592.0,0.0,592.0,0.0008257865905761,10,0.0,0.0
0.0,47,63.5,1210.1979340989094,0.0,0.0,0.0,0.0,0.0,0.0,0.0,0,0,0,0,0,0.0082631111145019,0.0,0.0,0.0,0.0,0.0,0.0,0.0,0.0,0.0,0.0,0.0,0.0,0.0,1.0,1.0,5802,495,640,580.2,49.703118614429016,580.2,0.0008278131484985,10,0.1954837623987738,3150.5714285714284
0.0,47,63.5,623.2157025898575,0.0,0.0,0.0,0.0,0.0,0.0,0.0,0,0,0,0,0,0.0160458087921142,0.0,0.0,0.0,0.0,0.0,0.0,0.0,0.0,0.0,0.0,0.0,0.0,0.0,1.0,1.0,5822,560,593,582.2,12.951190421476063,582.2,0.0016066789627075,10,0.0697440469300925,172.0
0.0,47,63.5,1976.3011826791687,0.0,0.0,0.0,0.0,0.0,0.0,0.0,0,0,0,0,0,0.0050599575042724,0.0,0.0,0.0,0.0,0.0,0.0,0.0,0.0,0.0,0.0,0.0,0.0,0.0,1.0,1.0,5834,571,599,583.4,11.86217143322044,583.4,0.0005064010620117,10,0.0505549941550367,142.48979591836735
0.0,47,63.5,2259.4968485697354,0.0,0.0,0.0,0.0,0.0,0.0,0.0,0,0,0,0,0,0.0044257640838623,0.0,0.0,0.0,0.0,0.0,0.0,0.0,0.0,0.0,0.0,0.0,0.0,0.0,1.0,1.0,5787,562,604,578.7,16.398170629676958,578.7,0.0004441976547241,10,0.0677399487877052,252.0
0.0,47,63.5,1264.5253097772015,0.0,0.0,0.0,0.0,0.0,0.0,0.0,0,0,0,0,0,0.0079081058502197,0.0,0.0,0.0,0.0,0.0,0.0,0.0,0.0,0.0,0.0,0.0,0.0,0.0,1.0,1.0,5883,558,628,588.3,24.630829823166284,588.3,0.0007917165756225,10,0.077910124836765,777.3877551020407
0.0,47,63.5,750.9137782870238,0.0,0.0,0.0,0.0,0.0,0.0,0.0,0,0,0,0,0,0.0133171081542968,0.0,0.0,0.0,0.0,0.0,0.0,0.0,0.0,0.0,0.0,0.0,0.0,0.0,1.0,1.0,5932,588,600,593.2,4.638007234913623,593.2,0.001332402229309,10,0.0186419486272143,29.44
0.0,47,63.5,2602.0869781003785,0.0,0.0,0.0,0.0,0.0,0.0,0.0,0,0,0,0,0,0.003843069076538,0.0,0.0,0.0,0.0,0.0,0.0,0.0,0.0,0.0,0.0,0.0,0.0,0.0,1.0,1.0,5881,583,595,588.1,3.984692933938295,588.1,0.0003849029541015,10,0.0268964645135691,14.29
0.0,47,63.5,549.539332320109,0.0,0.0,0.0,0.0,0.0,0.0,0.0,0,0,0,0,0,0.0181970596313476,0.0,0.0,0.0,0.0,0.0,0.0,0.0,0.0,0.0,0.0,0.0,0.0,0.0,1.0,1.0,5907,583,593,590.7,2.9458068127047605,590.7,0.0018199920654296,10,0.0264732638632234,20.25
0.0,47,63.5,26817.80051150895,0.0,0.0,0.0,0.0,0.0,0.0,0.0,0,0,0,0,0,0.0003728866577148,0.0,0.0,0.0,0.0,0.0,0.0,0.0,0.0,0.0,0.0,0.0,0.0,0.0,1.0,1.0,5942,590,604,594.2,5.202563470700446,594.2,4.138946533203125e-05,10,0.0154636662554246,49.0
0.0,47,63.5,1790.830451304385,0.0,0.0,0.0,0.0,0.0,0.0,0.0,0,0,0,0,0,0.0055840015411376,0.0,0.0,0.0,0.0,0.0,0.0,0.0,0.0,0.0,0.0,0.0,0.0,0.0,1.0,1.0,5920,592,592,592.0,0.0,592.0,0.0005598068237304,10,0.0,0.0
0.0,47,63.5,536.5412610492114,0.0,0.0,0.0,0.0,0.0,0.0,0.0,0,0,0,0,0,0.0186378955841064,0.0,0.0,0.0,0.0,0.0,0.0,0.0,0.0,0.0,0.0,0.0,0.0,0.0,1.0,1.0,5920,592,592,592.0,0.0,592.0,0.0018641948699951,10,0.0,0.0
0.0,47,63.5,383.5388357504709,0.0,0.0,0.0,0.0,0.0,0.0,0.0,0,0,0,0,0,0.0260729789733886,0.0,0.0,0.0,0.0,0.0,0.0,0.0,0.0,0.0,0.0,0.0,0.0,0.0,1.0,1.0,5920,592,592,592.0,0.0,592.0,0.0026108026504516,10,0.0,0.0
0.0,47,63.5,21788.592207792208,0.0,0.0,0.0,0.0,0.0,0.0,0.0,0,0,0,0,0,0.0004589557647705,0.0,0.0,0.0,0.0,0.0,0.0,0.0,0.0,0.0,0.0,0.0,0.0,0.0,1.0,1.0,5920,592,592,592.0,0.0,592.0,4.880428314208984e-05,10,0.0,0.0
0.0,47,63.5,3403.638724336606,0.0,0.0,0.0,0.0,0.0,0.0,0.0,0,0,0,0,0,0.0029380321502685,0.0,0.0,0.0,0.0,0.0,0.0,0.0,0.0,0.0,0.0,0.0,0.0,0.0,1.0,1.0,5920,592,592,592.0,0.0,592.0,0.0002953052520751,10,0.0,0.0
0.0,47,63.5,565.4834708515343,0.0,0.0,0.0,0.0,0.0,0.0,0.0,0,0,0,0,0,0.017683982849121,0.0,0.0,0.0,0.0,0.0,0.0,0.0,0.0,0.0,0.0,0.0,0.0,0.0,1.0,1.0,5920,592,592,592.0,0.0,592.0,0.0017694950103759,10,0.0,0.0
0.0,47,63.5,85423.7067209776,0.0,0.0,0.0,0.0,0.0,0.0,0.0,0,0,0,0,0,0.0001170635223388,0.0,0.0,0.0,0.0,0.0,0.0,0.0,0.0,0.0,0.0,0.0,0.0,0.0,1.0,1.0,5920,592,592,592.0,0.0,592.0,1.220703125e-05,10,0.0,0.0
0.0,47,63.5,368.2541243404128,0.0,0.0,0.0,0.0,0.0,0.0,0.0,0,0,0,0,0,0.0271551609039306,0.0,0.0,0.0,0.0,0.0,0.0,0.0,0.0,0.0,0.0,0.0,0.0,0.0,1.0,1.0,5853,531,640,585.3,37.01666291460285,585.3,0.0027158975601196,10,0.1289671278048925,1707.6326530612246
0.0,47,63.5,1050.9669498108196,0.0,0.0,0.0,0.0,0.0,0.0,0.0,0,0,0,0,0,0.0095150470733642,0.0,0.0,0.0,0.0,0.0,0.0,0.0,0.0,0.0,0.0,0.0,0.0,0.0,1.0,1.0,5843,571,594,584.3,8.042249547096743,584.3,0.0009552955627441,10,0.0489989107755053,82.48979591836735
0.0,47,63.5,71943.46483704975,0.0,0.0,0.0,0.0,0.0,0.0,0.0,0,0,0,0,0,0.0001389980316162,0.0,0.0,0.0,0.0,0.0,0.0,0.0,0.0,0.0,0.0,0.0,0.0,0.0,1.0,1.0,5804,569,591,580.4,7.545418035691153,580.4,1.4805793762207032e-05,10,0.0522047814910191,56.61728395061729
0.0,47,63.5,62883.11844077961,0.0,0.0,0.0,0.0,0.0,0.0,0.0,0,0,0,0,0,0.0001590251922607,0.0,0.0,0.0,0.0,0.0,0.0,0.0,0.0,0.0,0.0,0.0,0.0,0.0,1.0,1.0,5788,570,587,578.8,7.714344503009385,578.8,1.6689300537109375e-05,10,0.0505694653767458,56.17283950617284
0.0,47,63.5,724.7427988872186,0.0,0.0,0.0,0.0,0.0,0.0,0.0,0,0,0,0,0,0.0137979984283447,0.0,0.0,0.0,0.0,0.0,0.0,0.0,0.0,0.0,0.0,0.0,0.0,0.0,1.0,1.0,5811,532,640,581.1,36.47662874286006,581.1,0.0013806104660034,10,0.1270430094846915,1710.2448979591838
0.0,47,63.5,9991.195807527394,0.0,0.0,0.0,0.0,0.0,0.0,0.0,0,0,0,0,0,0.0010008811950683,0.0,0.0,0.0,0.0,0.0,0.0,0.0,0.0,0.0,0.0,0.0,0.0,0.0,1.0,1.0,5798,567,588,579.8,6.562519841239848,579.8,0.0001004934310913,10,0.0552126480825275,38.760000000000005
0.0,47,63.5,471.7206320643311,0.0,0.0,0.0,0.0,0.0,0.0,0.0,0,0,0,0,0,0.0211989879608154,0.0,0.0,0.0,0.0,0.0,0.0,0.0,0.0,0.0,0.0,0.0,0.0,0.0,1.0,1.0,5807,567,588,580.7,6.61731734835869,580.7,0.002120304107666,10,0.0552349703950274,110.25
0.0,47,63.5,5076.006293113881,0.0,0.0,0.0,0.0,0.0,0.0,0.0,0,0,0,0,0,0.0019700527191162,0.0,0.0,0.0,0.0,0.0,0.0,0.0,0.0,0.0,0.0,0.0,0.0,0.0,1.0,1.0,5801,561,595,580.1,12.013418423672016,580.1,0.0001975059509277,10,0.067657906129067,176.40816326530611
0.0,47,63.5,2063.110673880964,0.0,0.0,0.0,0.0,0.0,0.0,0.0,0,0,0,0,0,0.0048470497131347,0.0,0.0,0.0,0.0,0.0,0.0,0.0,0.0,0.0,0.0,0.0,0.0,0.0,1.0,1.0,5753,470,640,575.3,59.47184207673409,575.3,0.00048508644104,10,0.2420663995883784,4387.673469387755
0.0,47,63.5,820.0007820136852,0.0,0.0,0.0,0.0,0.0,0.0,0.0,0,0,0,0,0,0.0121951103210449,0.0,0.0,0.0,0.0,0.0,0.0,0.0,0.0,0.0,0.0,0.0,0.0,0.0,1.0,1.0,5797,554,598,579.7,15.26834051959224,579.7,0.0012205123901367,10,0.0809127411940611,237.76
0.0,47,63.5,1273.8964312832195,0.0,0.0,0.0,0.0,0.0,0.0,0.0,0,0,0,0,0,0.0078499317169189,0.0,0.0,0.0,0.0,0.0,0.0,0.0,0.0,0.0,0.0,0.0,0.0,0.0,1.0,1.0,5874,578,611,587.4,10.167486305758064,587.4,0.0007865905761718,10,0.0379357372215135,93.04
0.0,47,63.5,665.5512535702951,0.0,0.0,0.0,0.0,0.0,0.0,0.0,0,0,0,0,0,0.0150251388549804,0.0,0.0,0.0,0.0,0.0,0.0,0.0,0.0,0.0,0.0,0.0,0.0,0.0,1.0,1.0,5832,565,611,583.2,14.604413336005278,583.2,0.0015046119689941,10,0.061896853816555,529.0
0.0,47,63.5,1961.6050883921052,0.0,0.0,0.0,0.0,0.0,0.0,0.0,0,0,0,0,0,0.0050978660583496,0.0,0.0,0.0,0.0,0.0,0.0,0.0,0.0,0.0,0.0,0.0,0.0,0.0,1.0,1.0,5875,577,591,587.5,3.894440481849308,587.5,0.000510287284851,10,0.0370844792746861,49.0
0.0,47,63.5,39383.13615023474,0.0,0.0,0.0,0.0,0.0,0.0,0.0,0,0,0,0,0,0.0002539157867431,0.0,0.0,0.0,0.0,0.0,0.0,0.0,0.0,0.0,0.0,0.0,0.0,0.0,1.0,1.0,5880,588,588,588.0,0.0,588.0,2.8204917907714843e-05,10,0.0,0.0
0.0,47,63.5,742.7227652642017,0.0,0.0,0.0,0.0,0.0,0.0,0.0,0,0,0,0,0,0.0134639739990234,0.0,0.0,0.0,0.0,0.0,0.0,0.0,0.0,0.0,0.0,0.0,0.0,0.0,1.0,1.0,5880,588,588,588.0,0.0,588.0,0.0013475894927978,10,0.0,0.0
0.0,47,63.5,1225.938678280186,0.0,0.0,0.0,0.0,0.0,0.0,0.0,0,0,0,0,0,0.0081570148468017,0.0,0.0,0.0,0.0,0.0,0.0,0.0,0.0,0.0,0.0,0.0,0.0,0.0,1.0,1.0,5880,588,588,588.0,0.0,588.0,0.0008161067962646,10,0.0,0.0
0.0,47,63.5,939.6894813487172,0.0,0.0,0.0,0.0,0.0,0.0,0.0,0,0,0,0,0,0.0106418132781982,0.0,0.0,0.0,0.0,0.0,0.0,0.0,0.0,0.0,0.0,0.0,0.0,0.0,1.0,1.0,5908,588,592,590.8,1.9321835661585915,590.8,0.0010659933090209,10,0.0175397042975103,4.0
0.0,47,63.5,973.9020595815822,0.0,0.0,0.0,0.0,0.0,0.0,0.0,0,0,0,0,0,0.0102679729461669,0.0,0.0,0.0,0.0,0.0,0.0,0.0,0.0,0.0,0.0,0.0,0.0,0.0,1.0,1.0,5920,592,592,592.0,0.0,592.0,0.0010277986526489,10,0.0,0.0
0.0,47,63.5,1430.233922116893,0.0,0.0,0.0,0.0,0.0,0.0,0.0,0,0,0,0,0,0.0069918632507324,0.0,0.0,0.0,0.0,0.0,0.0,0.0,0.0,0.0,0.0,0.0,0.0,0.0,1.0,1.0,5920,592,592,592.0,0.0,592.0,0.0006999015808105,10,0.0,0.0
0.0,47,63.5,454.9630111725784,0.0,0.0,0.0,0.0,0.0,0.0,0.0,0,0,0,0,0,0.021979808807373,0.0,0.0,0.0,0.0,0.0,0.0,0.0,0.0,0.0,0.0,0.0,0.0,0.0,1.0,1.0,5920,592,592,592.0,0.0,592.0,0.0021996974945068,10,0.0,0.0
0.0,47,63.5,1383.345646437995,0.0,0.0,0.0,0.0,0.0,0.0,0.0,0,0,0,0,0,0.0072288513183593,0.0,0.0,0.0,0.0,0.0,0.0,0.0,0.0,0.0,0.0,0.0,0.0,0.0,1.0,1.0,5920,592,592,592.0,0.0,592.0,0.0007236003875732,10,0.0,0.0
0.0,47,63.5,46091.25274725275,0.0,0.0,0.0,0.0,0.0,0.0,0.0,0,0,0,0,0,0.0002169609069824,0.0,0.0,0.0,0.0,0.0,0.0,0.0,0.0,0.0,0.0,0.0,0.0,0.0,1.0,1.0,5920,592,592,592.0,0.0,592.0,2.281665802001953e-05,10,0.0,0.0
0.0,47,63.5,5913.300437050613,0.0,0.0,0.0,0.0,0.0,0.0,0.0,0,0,0,0,0,0.0016911029815673,0.0,0.0,0.0,0.0,0.0,0.0,0.0,0.0,0.0,0.0,0.0,0.0,0.0,1.0,1.0,5920,592,592,592.0,0.0,592.0,0.0001698970794677,10,0.0,0.0
0.0,47,63.5,478.63244742157457,0.0,0.0,0.0,0.0,0.0,0.0,0.0,0,0,0,0,0,0.020892858505249,0.0,0.0,0.0,0.0,0.0,0.0,0.0,0.0,0.0,0.0,0.0,0.0,0.0,1.0,1.0,5920,592,592,592.0,0.0,592.0,0.0020896911621093,10,0.0,0.0
0.0,47,63.5,1909.887527890351,0.0,0.0,0.0,0.0,0.0,0.0,0.0,0,0,0,0,0,0.0052359104156494,0.0,0.0,0.0,0.0,0.0,0.0,0.0,0.0,0.0,0.0,0.0,0.0,0.0,1.0,1.0,5920,592,592,592.0,0.0,592.0,0.0005239963531494,10,0.0,0.0
0.0,47,63.5,90006.52360515021,0.0,0.0,0.0,0.0,0.0,0.0,0.0,0,0,0,0,0,0.0001111030578613,0.0,0.0,0.0,0.0,0.0,0.0,0.0,0.0,0.0,0.0,0.0,0.0,0.0,1.0,1.0,5920,592,592,592.0,0.0,592.0,1.270771026611328e-05,10,0.0,0.0
0.0,47,63.5,1029.453893920428,0.0,0.0,0.0,0.0,0.0,0.0,0.0,0,0,0,0,0,0.0097138881683349,0.0,0.0,0.0,0.0,0.0,0.0,0.0,0.0,0.0,0.0,0.0,0.0,0.0,1.0,1.0,5920,592,592,592.0,0.0,592.0,0.0009718894958496,10,0.0,0.0
0.0,47,63.5,636.1367428034094,0.0,0.0,0.0,0.0,0.0,0.0,0.0,0,0,0,0,0,0.0157198905944824,0.0,0.0,0.0,0.0,0.0,0.0,0.0,0.0,0.0,0.0,0.0,0.0,0.0,1.0,1.0,5920,592,592,592.0,0.0,592.0,0.0015733003616333,10,0.0,0.0
0.0,47,63.5,1249.3830985076406,0.0,0.0,0.0,0.0,0.0,0.0,0.0,0,0,0,0,0,0.0080039501190185,0.0,0.0,0.0,0.0,0.0,0.0,0.0,0.0,0.0,0.0,0.0,0.0,0.0,1.0,1.0,5741,470,640,574.1,60.14694967789767,574.1,0.000803804397583,10,0.2423414114207884,4463.836734693878
0.0,47,63.5,1408.6663308144416,0.0,0.0,0.0,0.0,0.0,0.0,0.0,0,0,0,0,0,0.007098913192749,0.0,0.0,0.0,0.0,0.0,0.0,0.0,0.0,0.0,0.0,0.0,0.0,0.0,1.0,1.0,5797,555,593,579.7,13.968615615808968,579.7,0.0007107973098754,10,0.0786791552572559,196.0
0.0,47,63.5,1014.7346010548216,0.0,0.0,0.0,0.0,0.0,0.0,0.0,0,0,0,0,0,0.0098547935485839,0.0,0.0,0.0,0.0,0.0,0.0,0.0,0.0,0.0,0.0,0.0,0.0,0.0,1.0,1.0,5830,563,599,583.0,12.701705922171769,583.0,0.000986099243164,10,0.0645300269244559,158.2469135802469
0.0,47,63.5,1238.2440291677738,0.0,0.0,0.0,0.0,0.0,0.0,0.0,0,0,0,0,0,0.0080759525299072,0.0,0.0,0.0,0.0,0.0,0.0,0.0,0.0,0.0,0.0,0.0,0.0,0.0,1.0,1.0,5788,559,597,578.8,13.289929353545196,578.8,0.0008090019226074,10,0.0715861656214602,173.77777777777777
0.0,47,63.5,2424.8736775163325,0.0,0.0,0.0,0.0,0.0,0.0,0.0,0,0,0,0,0,0.0041239261627197,0.0,0.0,0.0,0.0,0.0,0.0,0.0,0.0,0.0,0.0,0.0,0.0,0.0,1.0,1.0,5857,556,628,585.7,25.499673200520306,585.7,0.000413703918457,10,0.0816723168749639,826.0
0.0,47,63.5,539.1136246786632,0.0,0.0,0.0,0.0,0.0,0.0,0.0,0,0,0,0,0,0.0185489654541015,0.0,0.0,0.0,0.0,0.0,0.0,0.0,0.0,0.0,0.0,0.0,0.0,0.0,1.0,1.0,5898,586,595,589.8,3.22490309931942,589.8,0.0018554925918579,10,0.0214745665265387,9.4320987654321
0.0,47,63.5,820.4178076832799,0.0,0.0,0.0,0.0,0.0,0.0,0.0,0,0,0,0,0,0.0121889114379882,0.0,0.0,0.0,0.0,0.0,0.0,0.0,0.0,0.0,0.0,0.0,0.0,0.0,1.0,1.0,5939,585,601,593.9,6.100091074001363,593.9,0.0012210130691528,10,0.0243499330999052,46.204081632653065
0.0,47,63.5,1869.202727394269,0.0,0.0,0.0,0.0,0.0,0.0,0.0,0,0,0,0,0,0.0053498744964599,0.0,0.0,0.0,0.0,0.0,0.0,0.0,0.0,0.0,0.0,0.0,0.0,0.0,1.0,1.0,5969,594,601,596.9,2.685351208149711,596.9,0.0005363941192626,10,0.0076217346681518,11.76
0.0,47,63.5,1027.1094132628073,0.0,0.0,0.0,0.0,0.0,0.0,0.0,0,0,0,0,0,0.0097360610961914,0.0,0.0,0.0,0.0,0.0,0.0,0.0,0.0,0.0,0.0,0.0,0.0,0.0,1.0,1.0,5717,470,640,571.7,58.87472576015393,571.7,0.0009742021560668,10,0.2418231582856563,4438.979591836735
0.0,47,63.5,2159.341021416804,0.0,0.0,0.0,0.0,0.0,0.0,0.0,0,0,0,0,0,0.0046310424804687,0.0,0.0,0.0,0.0,0.0,0.0,0.0,0.0,0.0,0.0,0.0,0.0,0.0,1.0,1.0,5735,470,640,573.5,59.84470643999257,573.5,0.000465703010559,10,0.2422182896153953,5896.64
0.0,47,63.5,623.2805302107172,0.0,0.0,0.0,0.0,0.0,0.0,0.0,0,0,0,0,0,0.0160441398620605,0.0,0.0,0.0,0.0,0.0,0.0,0.0,0.0,0.0,0.0,0.0,0.0,0.0,1.0,1.0,5776,563,604,577.6,15.819818793736754,577.6,0.001605200767517,10,0.0658002213838166,287.3877551020408
0.0,47,63.5,812.6133875811295,0.0,0.0,0.0,0.0,0.0,0.0,0.0,0,0,0,0,0,0.0123059749603271,0.0,0.0,0.0,0.0,0.0,0.0,0.0,0.0,0.0,0.0,0.0,0.0,0.0,1.0,1.0,5735,565,580,573.5,5.421151989096864,573.5,0.0012330055236816,10,0.0581559604742784,49.0
0.0,47,63.5,399.3776482798679,0.0,0.0,0.0,0.0,0.0,0.0,0.0,0,0,0,0,0,0.0250389575958251,0.0,0.0,0.0,0.0,0.0,0.0,0.0,0.0,0.0,0.0,0.0,0.0,0.0,1.0,1.0,5848,573,600,584.8,9.542885657214311,584.8,0.002506399154663,10,0.0462019499013228,112.57142857142856
0.0,47,63.5,35605.29711375212,0.0,0.0,0.0,0.0,0.0,0.0,0.0,0,0,0,0,0,0.0002808570861816,0.0,0.0,0.0,0.0,0.0,0.0,0.0,0.0,0.0,0.0,0.0,0.0,0.0,1.0,1.0,5943,569,628,594.3,20.16625343929253,594.3,3.0088424682617188e-05,10,0.0573460050010302,707.76
0.0,47,63.5,40485.559845559845,0.0,0.0,0.0,0.0,0.0,0.0,0.0,0,0,0,0,0,0.0002470016479492,0.0,0.0,0.0,0.0,0.0,0.0,0.0,0.0,0.0,0.0,0.0,0.0,0.0,1.0,1.0,5945,588,600,594.5,4.600724580614087,594.5,2.620220184326172e-05,10,0.0186267611651589,20.88888888888889
0.0,47,63.5,1646.6331658291458,0.0,0.0,0.0,0.0,0.0,0.0,0.0,0,0,0,0,0,0.006072998046875,0.0,0.0,0.0,0.0,0.0,0.0,0.0,0.0,0.0,0.0,0.0,0.0,0.0,1.0,1.0,5891,584,596,589.1,4.72463990397387,589.1,0.0006088972091674,10,0.0254937593112828,20.09
0.0,47,63.5,161319.38461538462,0.0,0.0,0.0,0.0,0.0,0.0,0.0,0,0,0,0,0,6.198883056640625e-05,0.0,0.0,0.0,0.0,0.0,0.0,0.0,0.0,0.0,0.0,0.0,0.0,0.0,1.0,1.0,5927,583,602,592.7,6.750308634919345,592.7,7.295608520507813e-06,10,0.0280230657255208,44.66666666666666
0.0,47,63.5,1009.2894097264,0.0,0.0,0.0,0.0,0.0,0.0,0.0,0,0,0,0,0,0.0099079608917236,0.0,0.0,0.0,0.0,0.0,0.0,0.0,0.0,0.0,0.0,0.0,0.0,0.0,1.0,1.0,5923,542,628,592.3,29.75100371789534,592.3,0.0009911060333251,10,0.1072619588745218,1483.2
0.0,47,63.5,1404.891642940881,0.0,0.0,0.0,0.0,0.0,0.0,0.0,0,0,0,0,0,0.0071179866790771,0.0,0.0,0.0,0.0,0.0,0.0,0.0,0.0,0.0,0.0,0.0,0.0,0.0,1.0,1.0,5914,590,593,591.4,1.07496769977314,591.4,0.0007143974304199,10,0.0137822488421797,1.3877551020408163
0.0,47,63.5,3753.9640204063367,0.0,0.0,0.0,0.0,0.0,0.0,0.0,0,0,0,0,0,0.0026638507843017,0.0,0.0,0.0,0.0,0.0,0.0,0.0,0.0,0.0,0.0,0.0,0.0,0.0,1.0,1.0,5919,587,597,591.9,3.573047252229764,591.9,0.000291895866394,10,0.0199122565286682,20.16
0.0,47,63.5,353.0083490438998,0.0,0.0,0.0,0.0,0.0,0.0,0.0,0,0,0,0,0,0.0283279418945312,0.0,0.0,0.0,0.0,0.0,0.0,0.0,0.0,0.0,0.0,0.0,0.0,0.0,1.0,1.0,5940,590,598,594.0,2.905932629027116,594.0,0.0028334140777587,10,0.0145281107157606,7.6
0.0,47,63.5,27025.154639175256,0.0,0.0,0.0,0.0,0.0,0.0,0.0,0,0,0,0,0,0.0003700256347656,0.0,0.0,0.0,0.0,0.0,0.0,0.0,0.0,0.0,0.0,0.0,0.0,0.0,1.0,1.0,5926,592,598,592.6,1.897366596101028,592.6,4.0602684020996096e-05,10,0.0107090012565877,9.0
0.0,47,63.5,74631.743772242,0.0,0.0,0.0,0.0,0.0,0.0,0.0,0,0,0,0,0,0.000133991241455,0.0,0.0,0.0,0.0,0.0,0.0,0.0,0.0,0.0,0.0,0.0,0.0,0.0,1.0,1.0,5920,592,592,592.0,0.0,592.0,1.4185905456542969e-05,10,0.0,0.0
0.0,47,63.5,91578.68995633187,0.0,0.0,0.0,0.0,0.0,0.0,0.0,0,0,0,0,0,0.0001091957092285,0.0,0.0,0.0,0.0,0.0,0.0,0.0,0.0,0.0,0.0,0.0,0.0,0.0,1.0,1.0,5920,592,592,592.0,0.0,592.0,1.1515617370605468e-05,10,0.0,0.0
0.0,47,63.5,519.3477049566003,0.0,0.0,0.0,0.0,0.0,0.0,0.0,0,0,0,0,0,0.0192549228668212,0.0,0.0,0.0,0.0,0.0,0.0,0.0,0.0,0.0,0.0,0.0,0.0,0.0,1.0,1.0,5920,592,592,592.0,0.0,592.0,0.0019259929656982,10,0.0,0.0
0.0,47,63.5,2417.7449850126814,0.0,0.0,0.0,0.0,0.0,0.0,0.0,0,0,0,0,0,0.0041360855102539,0.0,0.0,0.0,0.0,0.0,0.0,0.0,0.0,0.0,0.0,0.0,0.0,0.0,1.0,1.0,5920,592,592,592.0,0.0,592.0,0.000459599494934,10,0.0,0.0
0.0,47,63.5,2227.2217502124045,0.0,0.0,0.0,0.0,0.0,0.0,0.0,0,0,0,0,0,0.0044898986816406,0.0,0.0,0.0,0.0,0.0,0.0,0.0,0.0,0.0,0.0,0.0,0.0,0.0,1.0,1.0,5920,592,592,592.0,0.0,592.0,0.0004493951797485,10,0.0,0.0
0.0,47,63.5,243.99674229203023,0.0,0.0,0.0,0.0,0.0,0.0,0.0,0,0,0,0,0,0.0409841537475585,0.0,0.0,0.0,0.0,0.0,0.0,0.0,0.0,0.0,0.0,0.0,0.0,0.0,1.0,1.0,5920,592,592,592.0,0.0,592.0,0.0040995121002197,10,0.0,0.0
0.0,47,63.5,35605.29711375212,0.0,0.0,0.0,0.0,0.0,0.0,0.0,0,0,0,0,0,0.0002808570861816,0.0,0.0,0.0,0.0,0.0,0.0,0.0,0.0,0.0,0.0,0.0,0.0,0.0,1.0,1.0,5920,592,592,592.0,0.0,592.0,6.608963012695312e-05,10,0.0,0.0
0.0,47,63.5,6360.788595693054,0.0,0.0,0.0,0.0,0.0,0.0,0.0,0,0,0,0,0,0.0015721321105957,0.0,0.0,0.0,0.0,0.0,0.0,0.0,0.0,0.0,0.0,0.0,0.0,0.0,1.0,1.0,5920,592,592,592.0,0.0,592.0,0.0001577138900756,10,0.0,0.0
0.0,47,63.5,100102.72076372316,0.0,0.0,0.0,0.0,0.0,0.0,0.0,0,0,0,0,0,9.989738464355467e-05,0.0,0.0,0.0,0.0,0.0,0.0,0.0,0.0,0.0,0.0,0.0,0.0,0.0,1.0,1.0,5920,592,592,592.0,0.0,592.0,1.0585784912109376e-05,10,0.0,0.0
0.0,47,63.5,2549.1090312386045,0.0,0.0,0.0,0.0,0.0,0.0,0.0,0,0,0,0,0,0.0039229393005371,0.0,0.0,0.0,0.0,0.0,0.0,0.0,0.0,0.0,0.0,0.0,0.0,0.0,1.0,1.0,5920,592,592,592.0,0.0,592.0,0.0003931999206542,10,0.0,0.0
0.0,47,63.5,102051.19221411191,0.0,0.0,0.0,0.0,0.0,0.0,0.0,0,0,0,0,0,9.79900360107422e-05,0.0,0.0,0.0,0.0,0.0,0.0,0.0,0.0,0.0,0.0,0.0,0.0,0.0,1.0,1.0,5920,592,592,592.0,0.0,592.0,1.0395050048828124e-05,10,0.0,0.0
0.0,47,63.5,878.9589052578638,0.0,0.0,0.0,0.0,0.0,0.0,0.0,0,0,0,0,0,0.0113770961761474,0.0,0.0,0.0,0.0,0.0,0.0,0.0,0.0,0.0,0.0,0.0,0.0,0.0,1.0,1.0,5920,592,592,592.0,0.0,592.0,0.0011382102966308,10,0.0,0.0
0.0,47,63.5,1943.9673711531327,0.0,0.0,0.0,0.0,0.0,0.0,0.0,0,0,0,0,0,0.0051441192626953,0.0,0.0,0.0,0.0,0.0,0.0,0.0,0.0,0.0,0.0,0.0,0.0,0.0,1.0,1.0,5920,592,592,592.0,0.0,592.0,0.0005150079727172,10,0.0,0.0
0.0,47,63.5,412.471997403798,0.0,0.0,0.0,0.0,0.0,0.0,0.0,0,0,0,0,0,0.0242440700531005,0.0,0.0,0.0,0.0,0.0,0.0,0.0,0.0,0.0,0.0,0.0,0.0,0.0,1.0,1.0,5920,592,592,592.0,0.0,592.0,0.0024250984191894,10,0.0,0.0
0.0,47,63.5,9871.273240762532,0.0,0.0,0.0,0.0,0.0,0.0,0.0,0,0,0,0,0,0.0010130405426025,0.0,0.0,0.0,0.0,0.0,0.0,0.0,0.0,0.0,0.0,0.0,0.0,0.0,1.0,1.0,5920,592,592,592.0,0.0,592.0,0.0001035928726196,10,0.0,0.0
0.0,47,63.5,156503.8805970149,0.0,0.0,0.0,0.0,0.0,0.0,0.0,0,0,0,0,0,6.389617919921875e-05,0.0,0.0,0.0,0.0,0.0,0.0,0.0,0.0,0.0,0.0,0.0,0.0,0.0,1.0,1.0,5920,592,592,592.0,0.0,592.0,6.699562072753907e-06,10,0.0,0.0
0.0,47,63.5,1070.658328015316,0.0,0.0,0.0,0.0,0.0,0.0,0.0,0,0,0,0,0,0.0093400478363037,0.0,0.0,0.0,0.0,0.0,0.0,0.0,0.0,0.0,0.0,0.0,0.0,0.0,1.0,1.0,5920,592,592,592.0,0.0,592.0,0.0009345054626464,10,0.0,0.0
0.0,47,63.5,1226.4046783625731,0.0,0.0,0.0,0.0,0.0,0.0,0.0,0,0,0,0,0,0.0081539154052734,0.0,0.0,0.0,0.0,0.0,0.0,0.0,0.0,0.0,0.0,0.0,0.0,0.0,1.0,1.0,5920,592,592,592.0,0.0,592.0,0.0008188962936401,10,0.0,0.0
0.0,47,63.5,762.8365131040504,0.0,0.0,0.0,0.0,0.0,0.0,0.0,0,0,0,0,0,0.0131089687347412,0.0,0.0,0.0,0.0,0.0,0.0,0.0,0.0,0.0,0.0,0.0,0.0,0.0,1.0,1.0,5920,592,592,592.0,0.0,592.0,0.0013131856918334,10,0.0,0.0
0.0,47,63.5,739.8013934209366,0.0,0.0,0.0,0.0,0.0,0.0,0.0,0,0,0,0,0,0.013517141342163,0.0,0.0,0.0,0.0,0.0,0.0,0.0,0.0,0.0,0.0,0.0,0.0,0.0,1.0,1.0,5816,535,640,581.6,36.22215405583225,581.6,0.0013522148132324,10,0.1218269566761838,2208.24
0.0,47,63.5,1218.0351386670538,0.0,0.0,0.0,0.0,0.0,0.0,0.0,0,0,0,0,0,0.0082099437713623,0.0,0.0,0.0,0.0,0.0,0.0,0.0,0.0,0.0,0.0,0.0,0.0,0.0,1.0,1.0,5755,562,595,575.5,9.800793618659435,575.5,0.0008214950561523,10,0.0650524412884971,87.2
0.0,47,63.5,689.6031041399493,0.0,0.0,0.0,0.0,0.0,0.0,0.0,0,0,0,0,0,0.0145010948181152,0.0,0.0,0.0,0.0,0.0,0.0,0.0,0.0,0.0,0.0,0.0,0.0,0.0,1.0,1.0,5795,568,595,579.5,10.783217413081209,579.5,0.0014516115188598,10,0.0552278614453927,125.83673469387756
0.0,47,63.5,3821.34110787172,0.0,0.0,0.0,0.0,0.0,0.0,0.0,0,0,0,0,0,0.0026168823242187,0.0,0.0,0.0,0.0,0.0,0.0,0.0,0.0,0.0,0.0,0.0,0.0,0.0,1.0,1.0,5835,572,597,583.5,9.192388155425116,583.5,0.0002621889114379,10,0.047763301238994,76.05
0.0,47,63.5,318.5732840140059,0.0,0.0,0.0,0.0,0.0,0.0,0.0,0,0,0,0,0,0.0313899517059326,0.0,0.0,0.0,0.0,0.0,0.0,0.0,0.0,0.0,0.0,0.0,0.0,0.0,1.0,1.0,5925,592,597,592.5,1.5811388300841898,592.5,0.0031394958496093,10,0.0105801827138231,6.25
0.0,47,63.5,142663.40136054423,0.0,0.0,0.0,0.0,0.0,0.0,0.0,0,0,0,0,0,7.009506225585938e-05,0.0,0.0,0.0,0.0,0.0,0.0,0.0,0.0,0.0,0.0,0.0,0.0,0.0,1.0,1.0,5920,592,592,592.0,0.0,592.0,7.414817810058594e-06,10,0.0,0.0
0.0,47,63.5,149263.487544484,0.0,0.0,0.0,0.0,0.0,0.0,0.0,0,0,0,0,0,6.699562072753906e-05,0.0,0.0,0.0,0.0,0.0,0.0,0.0,0.0,0.0,0.0,0.0,0.0,0.0,1.0,1.0,5920,592,592,592.0,0.0,592.0,7.081031799316406e-06,10,0.0,0.0
0.0,47,63.5,149263.487544484,0.0,0.0,0.0,0.0,0.0,0.0,0.0,0,0,0,0,0,6.699562072753906e-05,0.0,0.0,0.0,0.0,0.0,0.0,0.0,0.0,0.0,0.0,0.0,0.0,0.0,1.0,1.0,5920,592,592,592.0,0.0,592.0,7.009506225585937e-06,10,0.0,0.0
0.0,47,63.5,125203.10447761194,0.0,0.0,0.0,0.0,0.0,0.0,0.0,0,0,0,0,0,7.987022399902344e-05,0.0,0.0,0.0,0.0,0.0,0.0,0.0,0.0,0.0,0.0,0.0,0.0,0.0,1.0,1.0,5879,550,628,587.9,26.45520322692264,587.9,8.392333984375e-06,10,0.0922863415865192,1218.2400000000002
0.0,47,63.5,149263.487544484,0.0,0.0,0.0,0.0,0.0,0.0,0.0,0,0,0,0,0,6.699562072753906e-05,0.0,0.0,0.0,0.0,0.0,0.0,0.0,0.0,0.0,0.0,0.0,0.0,0.0,1.0,1.0,5929,586,602,592.9,5.566766466171262,592.9,7.104873657226563e-06,10,0.0224285479876595,30.839506172839503
0.0,47,63.5,584.8980616371497,0.0,0.0,0.0,0.0,0.0,0.0,0.0,0,0,0,0,0,0.017096996307373,0.0,0.0,0.0,0.0,0.0,0.0,0.0,0.0,0.0,0.0,0.0,0.0,0.0,1.0,1.0,5964,591,602,596.4,3.835506630304673,596.4,0.0017101049423217,10,0.013202651980921,18.816326530612248
0.0,47,63.5,7518.021150743861,0.0,0.0,0.0,0.0,0.0,0.0,0.0,0,0,0,0,0,0.0013301372528076,0.0,0.0,0.0,0.0,0.0,0.0,0.0,0.0,0.0,0.0,0.0,0.0,0.0,1.0,1.0,5928,586,596,592.8,4.263540521418529,592.8,0.0001343011856079,10,0.021897665866805,16.36
0.0,47,63.5,453.1688185403274,0.0,0.0,0.0,0.0,0.0,0.0,0.0,0,0,0,0,0,0.0220668315887451,0.0,0.0,0.0,0.0,0.0,0.0,0.0,0.0,0.0,0.0,0.0,0.0,0.0,1.0,1.0,5730,470,640,573.0,59.23024752794996,573.0,0.0022070884704589,10,0.2419679836329857,5933.76
0.0,47,63.5,166440.6349206349,0.0,0.0,0.0,0.0,0.0,0.0,0.0,0,0,0,0,0,6.008148193359375e-05,0.0,0.0,0.0,0.0,0.0,0.0,0.0,0.0,0.0,0.0,0.0,0.0,0.0,1.0,1.0,5920,566,629,592.0,20.939065032719213,592.0,6.413459777832031e-06,10,0.0627732075317285,394.6
0.0,47,63.5,181571.60173160167,0.0,0.0,0.0,0.0,0.0,0.0,0.0,0,0,0,0,0,5.507469177246094e-05,0.0,0.0,0.0,0.0,0.0,0.0,0.0,0.0,0.0,0.0,0.0,0.0,0.0,1.0,1.0,5845,566,596,584.5,9.216531041798994,584.5,5.793571472167969e-06,10,0.0579979160851873,225.0
0.0,47,63.5,603.9401575256663,0.0,0.0,0.0,0.0,0.0,0.0,0.0,0,0,0,0,0,0.0165579319000244,0.0,0.0,0.0,0.0,0.0,0.0,0.0,0.0,0.0,0.0,0.0,0.0,0.0,1.0,1.0,5867,574,595,586.7,7.958922316774077,586.7,0.0016561031341552,10,0.043852576594961,57.80246913580246
0.0,47,63.5,1913.8964179785532,0.0,0.0,0.0,0.0,0.0,0.0,0.0,0,0,0,0,0,0.0052249431610107,0.0,0.0,0.0,0.0,0.0,0.0,0.0,0.0,0.0,0.0,0.0,0.0,0.0,1.0,1.0,5800,526,640,580.0,38.13135192987524,580.0,0.0005230903625488,10,0.137941857522154,2600.64
0.0,47,63.5,920.4696381153028,0.0,0.0,0.0,0.0,0.0,0.0,0.0,0,0,0,0,0,0.0108640193939208,0.0,0.0,0.0,0.0,0.0,0.0,0.0,0.0,0.0,0.0,0.0,0.0,0.0,1.0,1.0,5809,563,598,580.9,12.836146877730352,580.9,0.0010882139205932,10,0.0645847927921122,251.76
0.0,47,63.5,908.1921919320962,0.0,0.0,0.0,0.0,0.0,0.0,0.0,0,0,0,0,0,0.0110108852386474,0.0,0.0,0.0,0.0,0.0,0.0,0.0,0.0,0.0,0.0,0.0,0.0,0.0,1.0,1.0,5822,569,599,582.2,9.472767986883946,582.2,0.001102590560913,10,0.052989906767137,80.76
0.0,47,63.5,933.5404749716218,0.0,0.0,0.0,0.0,0.0,0.0,0.0,0,0,0,0,0,0.0107119083404541,0.0,0.0,0.0,0.0,0.0,0.0,0.0,0.0,0.0,0.0,0.0,0.0,0.0,1.0,1.0,5848,578,599,584.8,6.663332499583073,584.8,0.0010746955871582,10,0.0365082851270301,110.25
0.0,47,63.5,1078.9761531139866,0.0,0.0,0.0,0.0,0.0,0.0,0.0,0,0,0,0,0,0.009268045425415,0.0,0.0,0.0,0.0,0.0,0.0,0.0,0.0,0.0,0.0,0.0,0.0,0.0,1.0,1.0,5917,589,592,591.7,0.9486832980505135,591.7,0.0009292125701904,10,0.0,2.25
0.0,47,63.5,886.9137890930621,0.0,0.0,0.0,0.0,0.0,0.0,0.0,0,0,0,0,0,0.0112750530242919,0.0,0.0,0.0,0.0,0.0,0.0,0.0,0.0,0.0,0.0,0.0,0.0,0.0,1.0,1.0,5920,592,592,592.0,0.0,592.0,0.0011903047561645,10,0.0,0.0
0.0,47,63.5,1229.2441604876765,0.0,0.0,0.0,0.0,0.0,0.0,0.0,0,0,0,0,0,0.0081350803375244,0.0,0.0,0.0,0.0,0.0,0.0,0.0,0.0,0.0,0.0,0.0,0.0,0.0,1.0,1.0,5920,592,592,592.0,0.0,592.0,0.0008157014846801,10,0.0,0.0
0.0,47,63.5,805.0333007044011,0.0,0.0,0.0,0.0,0.0,0.0,0.0,0,0,0,0,0,0.0124218463897705,0.0,0.0,0.0,0.0,0.0,0.0,0.0,0.0,0.0,0.0,0.0,0.0,0.0,1.0,1.0,5920,592,592,592.0,0.0,592.0,0.0012442827224731,10,0.0,0.0
0.0,47,63.5,1218.9200813716943,0.0,0.0,0.0,0.0,0.0,0.0,0.0,0,0,0,0,0,0.0082039833068847,0.0,0.0,0.0,0.0,0.0,0.0,0.0,0.0,0.0,0.0,0.0,0.0,0.0,1.0,1.0,5830,582,592,583.0,3.1622776601683795,583.0,0.0008219957351684,10,0.0282655754276461,25.0
0.0,47,63.5,586.9196647216041,0.0,0.0,0.0,0.0,0.0,0.0,0.0,0,0,0,0,0,0.0170381069183349,0.0,0.0,0.0,0.0,0.0,0.0,0.0,0.0,0.0,0.0,0.0,0.0,0.0,1.0,1.0,5820,582,582,582.0,0.0,582.0,0.0017057180404663,10,0.0,0.0
0.0,47,63.5,1153.1366673081682,0.0,0.0,0.0,0.0,0.0,0.0,0.0,0,0,0,0,0,0.0086719989776611,0.0,0.0,0.0,0.0,0.0,0.0,0.0,0.0,0.0,0.0,0.0,0.0,0.0,1.0,1.0,5820,582,582,582.0,0.0,582.0,0.0008680820465087,10,0.0,0.0
0.0,47,63.5,1184.8316384180791,0.0,0.0,0.0,0.0,0.0,0.0,0.0,0,0,0,0,0,0.0084400177001953,0.0,0.0,0.0,0.0,0.0,0.0,0.0,0.0,0.0,0.0,0.0,0.0,0.0,1.0,1.0,5820,582,582,582.0,0.0,582.0,0.0008452177047729,10,0.0,0.0
0.0,47,63.5,2796.3890926061736,0.0,0.0,0.0,0.0,0.0,0.0,0.0,0,0,0,0,0,0.0035760402679443,0.0,0.0,0.0,0.0,0.0,0.0,0.0,0.0,0.0,0.0,0.0,0.0,0.0,1.0,1.0,5910,582,592,591.0,3.1622776601683795,591.0,0.000359296798706,10,0.0282655754276461,25.0
0.0,47,63.5,548.9351900324573,0.0,0.0,0.0,0.0,0.0,0.0,0.0,0,0,0,0,0,0.0182170867919921,0.0,0.0,0.0,0.0,0.0,0.0,0.0,0.0,0.0,0.0,0.0,0.0,0.0,1.0,1.0,5920,592,592,592.0,0.0,592.0,0.0018223047256469,10,0.0,0.0
0.0,47,63.5,1023.1007903210068,0.0,0.0,0.0,0.0,0.0,0.0,0.0,0,0,0,0,0,0.0097742080688476,0.0,0.0,0.0,0.0,0.0,0.0,0.0,0.0,0.0,0.0,0.0,0.0,0.0,1.0,1.0,5920,592,592,592.0,0.0,592.0,0.0009799003601074,10,0.0,0.0
0.0,47,63.5,4610.138491976259,0.0,0.0,0.0,0.0,0.0,0.0,0.0,0,0,0,0,0,0.002169132232666,0.0,0.0,0.0,0.0,0.0,0.0,0.0,0.0,0.0,0.0,0.0,0.0,0.0,1.0,1.0,5920,592,592,592.0,0.0,592.0,0.0002172946929931,10,0.0,0.0
0.0,47,63.5,1096.492732406149,0.0,0.0,0.0,0.0,0.0,0.0,0.0,0,0,0,0,0,0.0091199874877929,0.0,0.0,0.0,0.0,0.0,0.0,0.0,0.0,0.0,0.0,0.0,0.0,0.0,1.0,1.0,5900,555,628,590.0,24.55832060852515,590.0,0.0009134054183959,10,0.0829929774830888,1065.84
0.0,47,63.5,835.0030857438634,0.0,0.0,0.0,0.0,0.0,0.0,0.0,0,0,0,0,0,0.0119760036468505,0.0,0.0,0.0,0.0,0.0,0.0,0.0,0.0,0.0,0.0,0.0,0.0,0.0,1.0,1.0,5910,583,596,591.0,5.055250296034367,591.0,0.0011987924575805,10,0.0273325667605926,28.816326530612248
0.0,47,63.5,1069.7571924097124,0.0,0.0,0.0,0.0,0.0,0.0,0.0,0,0,0,0,0,0.009347915649414,0.0,0.0,0.0,0.0,0.0,0.0,0.0,0.0,0.0,0.0,0.0,0.0,0.0,1.0,1.0,5917,586,595,591.7,3.529242915351047,591.7,0.0009358882904052,10,0.0215985423939974,13.555555555555555
0.0,47,63.5,1055.0646475826331,0.0,0.0,0.0,0.0,0.0,0.0,0.0,0,0,0,0,0,0.0094780921936035,0.0,0.0,0.0,0.0,0.0,0.0,0.0,0.0,0.0,0.0,0.0,0.0,0.0,1.0,1.0,5908,589,595,590.8,1.8737959096740255,590.8,0.0009600162506103,10,0.0158117895017647,4.0
0.0,47,63.5,1650.1314029427965,0.0,0.0,0.0,0.0,0.0,0.0,0.0,0,0,0,0,0,0.0060601234436035,0.0,0.0,0.0,0.0,0.0,0.0,0.0,0.0,0.0,0.0,0.0,0.0,0.0,1.0,1.0,5718,470,640,571.8,60.06810949062554,571.8,0.0006072044372558,10,0.2423092950821012,5964.960000000001
0.0,47,63.5,466.593690206025,0.0,0.0,0.0,0.0,0.0,0.0,0.0,0,0,0,0,0,0.0214319229125976,0.0,0.0,0.0,0.0,0.0,0.0,0.0,0.0,0.0,0.0,0.0,0.0,0.0,1.0,1.0,5835,565,601,583.5,12.677626837157742,583.5,0.002144980430603,10,0.0611119580683845,250.56
0.0,47,63.5,1258.6813912312816,0.0,0.0,0.0,0.0,0.0,0.0,0.0,0,0,0,0,0,0.0079448223114013,0.0,0.0,0.0,0.0,0.0,0.0,0.0,0.0,0.0,0.0,0.0,0.0,0.0,1.0,1.0,5747,561,593,574.7,10.456789394668156,574.7,0.0007951021194458,10,0.067023797727812,110.64
0.0,47,63.5,74104.3109540636,0.0,0.0,0.0,0.0,0.0,0.0,0.0,0,0,0,0,0,0.0001349449157714,0.0,0.0,0.0,0.0,0.0,0.0,0.0,0.0,0.0,0.0,0.0,0.0,0.0,1.0,1.0,5850,570,594,585.0,9.309493362512628,585.0,1.5997886657714842e-05,10,0.0512192652161531,100.81632653061224
0.0,47,63.5,72440.48359240069,0.0,0.0,0.0,0.0,0.0,0.0,0.0,0,0,0,0,0,0.0001380443572998,0.0,0.0,0.0,0.0,0.0,0.0,0.0,0.0,0.0,0.0,0.0,0.0,0.0,1.0,1.0,5905,577,592,590.5,4.743416490252569,590.5,1.4519691467285156e-05,10,0.0374303181414692,56.25
0.0,47,63.5,586.6815867509652,0.0,0.0,0.0,0.0,0.0,0.0,0.0,0,0,0,0,0,0.0170450210571289,0.0,0.0,0.0,0.0,0.0,0.0,0.0,0.0,0.0,0.0,0.0,0.0,0.0,1.0,1.0,5920,592,592,592.0,0.0,592.0,0.0017050981521606,10,0.0,0.0
0.0,47,63.5,846.5987122297802,0.0,0.0,0.0,0.0,0.0,0.0,0.0,0,0,0,0,0,0.0118119716644287,0.0,0.0,0.0,0.0,0.0,0.0,0.0,0.0,0.0,0.0,0.0,0.0,0.0,1.0,1.0,5920,592,592,592.0,0.0,592.0,0.0011838912963867,10,0.0,0.0
0.0,47,63.5,145131.62629757787,0.0,0.0,0.0,0.0,0.0,0.0,0.0,0,0,0,0,0,6.890296936035156e-05,0.0,0.0,0.0,0.0,0.0,0.0,0.0,0.0,0.0,0.0,0.0,0.0,0.0,1.0,1.0,5920,592,592,592.0,0.0,592.0,7.295608520507813e-06,10,0.0,0.0
0.0,47,63.5,1585.5683665368767,0.0,0.0,0.0,0.0,0.0,0.0,0.0,0,0,0,0,0,0.0063068866729736,0.0,0.0,0.0,0.0,0.0,0.0,0.0,0.0,0.0,0.0,0.0,0.0,0.0,1.0,1.0,5804,499,640,580.4,48.24981289543457,580.4,0.0006309986114501,10,0.1880752237810842,4057.2
0.0,47,63.5,1283.5645867123665,0.0,0.0,0.0,0.0,0.0,0.0,0.0,0,0,0,0,0,0.0077908039093017,0.0,0.0,0.0,0.0,0.0,0.0,0.0,0.0,0.0,0.0,0.0,0.0,0.0,1.0,1.0,5864,569,598,586.4,10.47960983158353,586.4,0.0007802963256835,10,0.0534000538609938,122.0
0.0,47,63.5,1906.5018181818184,0.0,0.0,0.0,0.0,0.0,0.0,0.0,0,0,0,0,0,0.0052452087402343,0.0,0.0,0.0,0.0,0.0,0.0,0.0,0.0,0.0,0.0,0.0,0.0,0.0,1.0,1.0,5920,592,592,592.0,0.0,592.0,0.0005266189575195,10,0.0,0.0
0.0,47,63.5,1385.2187985072162,0.0,0.0,0.0,0.0,0.0,0.0,0.0,0,0,0,0,0,0.0072190761566162,0.0,0.0,0.0,0.0,0.0,0.0,0.0,0.0,0.0,0.0,0.0,0.0,0.0,1.0,1.0,5920,592,592,592.0,0.0,592.0,0.0007236957550048,10,0.0,0.0
0.0,47,63.5,683.0112849907994,0.0,0.0,0.0,0.0,0.0,0.0,0.0,0,0,0,0,0,0.0146410465240478,0.0,0.0,0.0,0.0,0.0,0.0,0.0,0.0,0.0,0.0,0.0,0.0,0.0,1.0,1.0,5920,592,592,592.0,0.0,592.0,0.0014652967453002,10,0.0,0.0
0.0,47,63.5,146653.98601398602,0.0,0.0,0.0,0.0,0.0,0.0,0.0,0,0,0,0,0,6.818771362304688e-05,0.0,0.0,0.0,0.0,0.0,0.0,0.0,0.0,0.0,0.0,0.0,0.0,0.0,1.0,1.0,5920,592,592,592.0,0.0,592.0,7.104873657226563e-06,10,0.0,0.0
0.0,47,63.5,410.3734577866487,0.0,0.0,0.0,0.0,0.0,0.0,0.0,0,0,0,0,0,0.0243680477142334,0.0,0.0,0.0,0.0,0.0,0.0,0.0,0.0,0.0,0.0,0.0,0.0,0.0,1.0,1.0,5920,592,592,592.0,0.0,592.0,0.0024370908737182,10,0.0,0.0
0.0,47,63.5,1261.217223959586,0.0,0.0,0.0,0.0,0.0,0.0,0.0,0,0,0,0,0,0.0079288482666015,0.0,0.0,0.0,0.0,0.0,0.0,0.0,0.0,0.0,0.0,0.0,0.0,0.0,1.0,1.0,5920,592,592,592.0,0.0,592.0,0.0007932901382446,10,0.0,0.0
0.0,47,63.5,5724.44929712024,0.0,0.0,0.0,0.0,0.0,0.0,0.0,0,0,0,0,0,0.0017468929290771,0.0,0.0,0.0,0.0,0.0,0.0,0.0,0.0,0.0,0.0,0.0,0.0,0.0,1.0,1.0,5920,592,592,592.0,0.0,592.0,0.0001773118972778,10,0.0,0.0
0.0,47,63.5,46759.24191750279,0.0,0.0,0.0,0.0,0.0,0.0,0.0,0,0,0,0,0,0.0002138614654541,0.0,0.0,0.0,0.0,0.0,0.0,0.0,0.0,0.0,0.0,0.0,0.0,0.0,1.0,1.0,5693,470,640,569.3,59.15713538252732,569.3,2.338886260986328e-05,10,0.2419382006694263,4463.836734693878
0.0,47,63.5,1774.6156124391791,0.0,0.0,0.0,0.0,0.0,0.0,0.0,0,0,0,0,0,0.0056350231170654,0.0,0.0,0.0,0.0,0.0,0.0,0.0,0.0,0.0,0.0,0.0,0.0,0.0,1.0,1.0,5815,575,600,581.5,10.024968827881713,581.5,0.0005644083023071,10,0.0429900713017259,142.64
0.0,47,63.5,393.8720431218248,0.0,0.0,0.0,0.0,0.0,0.0,0.0,0,0,0,0,0,0.0253889560699462,0.0,0.0,0.0,0.0,0.0,0.0,0.0,0.0,0.0,0.0,0.0,0.0,0.0,1.0,1.0,5829,571,605,582.9,10.91838408882519,582.9,0.0025398015975952,10,0.0501705329424238,107.29
0.0,47,63.5,81284.96124031008,0.0,0.0,0.0,0.0,0.0,0.0,0.0,0,0,0,0,0,0.0001230239868164,0.0,0.0,0.0,0.0,0.0,0.0,0.0,0.0,0.0,0.0,0.0,0.0,0.0,1.0,1.0,5981,585,620,598.1,10.54566788359614,598.1,1.2993812561035156e-05,10,0.0261608832690617,100.09
0.0,47,63.5,48827.753201396976,0.0,0.0,0.0,0.0,0.0,0.0,0.0,0,0,0,0,0,0.0002048015594482,0.0,0.0,0.0,0.0,0.0,0.0,0.0,0.0,0.0,0.0,0.0,0.0,0.0,1.0,1.0,5780,470,640,578.0,61.25175734440423,578.0,2.1195411682128908e-05,10,0.2427914658718165,4636.122448979591
0.0,47,63.5,1540.3246419390375,0.0,0.0,0.0,0.0,0.0,0.0,0.0,0,0,0,0,0,0.0064921379089355,0.0,0.0,0.0,0.0,0.0,0.0,0.0,0.0,0.0,0.0,0.0,0.0,0.0,1.0,1.0,5790,564,606,579.0,11.879019787470307,579.0,0.0006502151489257,10,0.0624907675006239,256.0
0.0,47,63.5,856.6097541050568,0.0,0.0,0.0,0.0,0.0,0.0,0.0,0,0,0,0,0,0.0116739273071289,0.0,0.0,0.0,0.0,0.0,0.0,0.0,0.0,0.0,0.0,0.0,0.0,0.0,1.0,1.0,5891,566,603,589.1,14.24741691988021,589.1,0.0011679887771606,10,0.0600472977564824,246.96
0.0,47,63.5,1579.5375461324095,0.0,0.0,0.0,0.0,0.0,0.0,0.0,0,0,0,0,0,0.0063309669494628,0.0,0.0,0.0,0.0,0.0,0.0,0.0,0.0,0.0,0.0,0.0,0.0,0.0,1.0,1.0,5854,560,604,585.4,17.462340431148778,585.4,0.0006339073181152,10,0.0715817089980327,307.6875
0.0,47,63.5,1008.149216421498,0.0,0.0,0.0,0.0,0.0,0.0,0.0,0,0,0,0,0,0.0099191665649414,0.0,0.0,0.0,0.0,0.0,0.0,0.0,0.0,0.0,0.0,0.0,0.0,0.0,1.0,1.0,5883,576,592,588.3,6.667499947923176,588.3,0.0009936094284057,10,0.039918242778786,52.64
0.0,47,63.5,640.5375605137368,0.0,0.0,0.0,0.0,0.0,0.0,0.0,0,0,0,0,0,0.0156118869781494,0.0,0.0,0.0,0.0,0.0,0.0,0.0,0.0,0.0,0.0,0.0,0.0,0.0,1.0,1.0,5920,592,592,592.0,0.0,592.0,0.0015617847442626,10,0.0,0.0
0.0,47,63.5,1213.91062746006,0.0,0.0,0.0,0.0,0.0,0.0,0.0,0,0,0,0,0,0.0082378387451171,0.0,0.0,0.0,0.0,0.0,0.0,0.0,0.0,0.0,0.0,0.0,0.0,0.0,1.0,1.0,5920,592,592,592.0,0.0,592.0,0.0008245944976806,10,0.0,0.0
0.0,47,63.5,775.3159081666605,0.0,0.0,0.0,0.0,0.0,0.0,0.0,0,0,0,0,0,0.0128979682922363,0.0,0.0,0.0,0.0,0.0,0.0,0.0,0.0,0.0,0.0,0.0,0.0,0.0,1.0,1.0,5920,592,592,592.0,0.0,592.0,0.0012929201126098,10,0.0,0.0
0.0,47,63.5,1490.7780344766306,0.0,0.0,0.0,0.0,0.0,0.0,0.0,0,0,0,0,0,0.0067079067230224,0.0,0.0,0.0,0.0,0.0,0.0,0.0,0.0,0.0,0.0,0.0,0.0,0.0,1.0,1.0,5906,590,592,590.6,0.9660917830792958,590.6,0.0006714820861816,10,0.0,1.0
0.0,47,63.5,775.803492157443,0.0,0.0,0.0,0.0,0.0,0.0,0.0,0,0,0,0,0,0.0128898620605468,0.0,0.0,0.0,0.0,0.0,0.0,0.0,0.0,0.0,0.0,0.0,0.0,0.0,1.0,1.0,5900,590,590,590.0,0.0,590.0,0.0012897014617919,10,0.0,0.0
0.0,47,63.5,1141.8354068548715,0.0,0.0,0.0,0.0,0.0,0.0,0.0,0,0,0,0,0,0.0087578296661376,0.0,0.0,0.0,0.0,0.0,0.0,0.0,0.0,0.0,0.0,0.0,0.0,0.0,1.0,1.0,5900,590,590,590.0,0.0,590.0,0.0008785009384155,10,0.0,0.0
0.0,47,63.5,612.5575417688982,0.0,0.0,0.0,0.0,0.0,0.0,0.0,0,0,0,0,0,0.0163249969482421,0.0,0.0,0.0,0.0,0.0,0.0,0.0,0.0,0.0,0.0,0.0,0.0,0.0,1.0,1.0,5900,590,590,590.0,0.0,590.0,0.0016337156295776,10,0.0,0.0
0.0,47,63.5,519.0520623213336,0.0,0.0,0.0,0.0,0.0,0.0,0.0,0,0,0,0,0,0.0192658901214599,0.0,0.0,0.0,0.0,0.0,0.0,0.0,0.0,0.0,0.0,0.0,0.0,0.0,1.0,1.0,5951,574,628,595.1,18.734697459230265,595.1,0.0019282817840576,10,0.048242196356992,446.2040816326531
0.0,47,63.5,1368.1837160751566,0.0,0.0,0.0,0.0,0.0,0.0,0.0,0,0,0,0,0,0.0073089599609375,0.0,0.0,0.0,0.0,0.0,0.0,0.0,0.0,0.0,0.0,0.0,0.0,0.0,1.0,1.0,5901,587,592,590.1,2.024845673131659,590.1,0.0007315158843994,10,0.0192815811334068,5.359999999999999
0.0,47,63.5,175493.8912133891,0.0,0.0,0.0,0.0,0.0,0.0,0.0,0,0,0,0,0,5.698204040527344e-05,0.0,0.0,0.0,0.0,0.0,0.0,0.0,0.0,0.0,0.0,0.0,0.0,0.0,1.0,1.0,5908,586,600,590.8,4.049691346263318,590.8,6.103515625e-06,10,0.0218105522668138,14.76
0.0,47,63.5,1016.7763205740468,0.0,0.0,0.0,0.0,0.0,0.0,0.0,0,0,0,0,0,0.0098350048065185,0.0,0.0,0.0,0.0,0.0,0.0,0.0,0.0,0.0,0.0,0.0,0.0,0.0,1.0,1.0,5959,593,600,595.9,2.923088169119167,595.9,0.0009837865829467,10,0.0094227091965724,12.25
0.0,47,63.5,1058.072197976842,0.0,0.0,0.0,0.0,0.0,0.0,0.0,0,0,0,0,0,0.009451150894165,0.0,0.0,0.0,0.0,0.0,0.0,0.0,0.0,0.0,0.0,0.0,0.0,0.0,1.0,1.0,5754,470,640,575.4,59.7033406844951,575.4,0.0009457111358642,10,0.2421607028612359,4547.34693877551
0.0,47,63.5,492.7345135862223,0.0,0.0,0.0,0.0,0.0,0.0,0.0,0,0,0,0,0,0.0202949047088623,0.0,0.0,0.0,0.0,0.0,0.0,0.0,0.0,0.0,0.0,0.0,0.0,0.0,1.0,1.0,5825,567,589,582.5,8.356634091147782,582.5,0.0020314931869506,10,0.05594349846337,69.80246913580247
0.0,47,63.5,1621.0497024039576,0.0,0.0,0.0,0.0,0.0,0.0,0.0,0,0,0,0,0,0.0061688423156738,0.0,0.0,0.0,0.0,0.0,0.0,0.0,0.0,0.0,0.0,0.0,0.0,0.0,1.0,1.0,5837,558,601,583.7,15.7271880653995,583.7,0.0006197929382324,10,0.0742831373303212,236.66666666666663
0.0,47,63.5,710.3812475653338,0.0,0.0,0.0,0.0,0.0,0.0,0.0,0,0,0,0,0,0.0140769481658935,0.0,0.0,0.0,0.0,0.0,0.0,0.0,0.0,0.0,0.0,0.0,0.0,0.0,1.0,1.0,5926,576,603,592.6,10.500793620801556,592.6,0.0014081001281738,10,0.0414797732893697,109.55555555555556
0.0,47,63.5,792.7691987827698,0.0,0.0,0.0,0.0,0.0,0.0,0.0,0,0,0,0,0,0.0126140117645263,0.0,0.0,0.0,0.0,0.0,0.0,0.0,0.0,0.0,0.0,0.0,0.0,0.0,1.0,1.0,5755,486,640,575.5,52.61442556730785,575.5,0.0012633085250854,10,0.2120068823990985,3532.489795918368
0.0,47,63.5,818.6723400932992,0.0,0.0,0.0,0.0,0.0,0.0,0.0,0,0,0,0,0,0.0122148990631103,0.0,0.0,0.0,0.0,0.0,0.0,0.0,0.0,0.0,0.0,0.0,0.0,0.0,1.0,1.0,5788,567,601,578.8,13.513778976371569,578.8,0.0012223958969116,10,0.0580443130038147,176.22222222222223
0.0,47,63.5,75166.73835125448,0.0,0.0,0.0,0.0,0.0,0.0,0.0,0,0,0,0,0,0.0001330375671386,0.0,0.0,0.0,0.0,0.0,0.0,0.0,0.0,0.0,0.0,0.0,0.0,0.0,1.0,1.0,5828,574,606,582.8,9.342852288722586,582.8,1.399517059326172e-05,10,0.044416334308334,78.55999999999999
0.0,47,63.5,726.3744523145663,0.0,0.0,0.0,0.0,0.0,0.0,0.0,0,0,0,0,0,0.0137670040130615,0.0,0.0,0.0,0.0,0.0,0.0,0.0,0.0,0.0,0.0,0.0,0.0,0.0,1.0,1.0,5743,548,606,574.3,17.54391315781314,574.3,0.0013774156570434,10,0.0920644984639667,450.24000000000007
0.0,47,63.5,909.0779834409814,0.0,0.0,0.0,0.0,0.0,0.0,0.0,0,0,0,0,0,0.0110001564025878,0.0,0.0,0.0,0.0,0.0,0.0,0.0,0.0,0.0,0.0,0.0,0.0,0.0,1.0,1.0,5841,544,628,584.1,28.645146961474023,584.1,0.0011054992675781,10,0.103403217066226,1050.857142857143
0.0,47,63.5,428.5017827406189,0.0,0.0,0.0,0.0,0.0,0.0,0.0,0,0,0,0,0,0.0233371257781982,0.0,0.0,0.0,0.0,0.0,0.0,0.0,0.0,0.0,0.0,0.0,0.0,0.0,1.0,1.0,5909,584,600,590.9,6.154492487425569,590.9,0.0023401021957397,10,0.0260762240596777,43.632653061224495
0.0,47,63.5,136622.28013029316,0.0,0.0,0.0,0.0,0.0,0.0,0.0,0,0,0,0,0,7.319450378417969e-05,0.0,0.0,0.0,0.0,0.0,0.0,0.0,0.0,0.0,0.0,0.0,0.0,0.0,1.0,1.0,5922,587,597,592.2,4.391911757866827,592.2,7.700920104980468e-06,10,0.0202458291736846,18.1875
0.0,47,63.5,948.7658342381468,0.0,0.0,0.0,0.0,0.0,0.0,0.0,0,0,0,0,0,0.0105400085449218,0.0,0.0,0.0,0.0,0.0,0.0,0.0,0.0,0.0,0.0,0.0,0.0,0.0,1.0,1.0,5923,587,598,592.3,4.854551129266914,592.3,0.0010542869567871,10,0.0204342899480181,25.06122448979592
0.0,47,63.5,1141.0277755107593,0.0,0.0,0.0,0.0,0.0,0.0,0.0,0,0,0,0,0,0.0087640285491943,0.0,0.0,0.0,0.0,0.0,0.0,0.0,0.0,0.0,0.0,0.0,0.0,0.0,1.0,1.0,5758,470,640,575.8,59.65977613844096,575.8,0.00087730884552,10,0.2421429564077553,4501.918367346939
0.0,47,63.5,909.413065631708,0.0,0.0,0.0,0.0,0.0,0.0,0.0,0,0,0,0,0,0.0109961032867431,0.0,0.0,0.0,0.0,0.0,0.0,0.0,0.0,0.0,0.0,0.0,0.0,0.0,1.0,1.0,5932,576,608,593.2,9.693067396627114,593.2,0.0010999917984008,10,0.04115073793469,92.98765432098766
0.0,47,63.5,486.5725455621164,0.0,0.0,0.0,0.0,0.0,0.0,0.0,0,0,0,0,0,0.0205519199371337,0.0,0.0,0.0,0.0,0.0,0.0,0.0,0.0,0.0,0.0,0.0,0.0,0.0,1.0,1.0,5787,560,596,578.7,13.952697867358046,578.7,0.0020582914352416,10,0.0701520210032469,204.57142857142856
0.0,47,63.5,42027.09418837675,0.0,0.0,0.0,0.0,0.0,0.0,0.0,0,0,0,0,0,0.0002379417419433,0.0,0.0,0.0,0.0,0.0,0.0,0.0,0.0,0.0,0.0,0.0,0.0,0.0,1.0,1.0,5849,562,602,584.9,11.855144218626968,584.9,2.560615539550781e-05,10,0.0658893015488999,182.25
0.0,47,63.5,55553.69536423841,0.0,0.0,0.0,0.0,0.0,0.0,0.0,0,0,0,0,0,0.0001800060272216,0.0,0.0,0.0,0.0,0.0,0.0,0.0,0.0,0.0,0.0,0.0,0.0,0.0,1.0,1.0,5839,545,628,583.9,29.16790473562794,583.9,1.8906593322753906e-05,10,0.1019120376731054,1055.3877551020407
0.0,47,63.5,309.0523523560402,0.0,0.0,0.0,0.0,0.0,0.0,0.0,0,0,0,0,0,0.0323569774627685,0.0,0.0,0.0,0.0,0.0,0.0,0.0,0.0,0.0,0.0,0.0,0.0,0.0,1.0,1.0,5915,587,595,591.5,3.3416562759605704,591.5,0.0032368898391723,10,0.0198179971005752,11.959183673469388
0.0,47,63.5,10605.067003792668,0.0,0.0,0.0,0.0,0.0,0.0,0.0,0,0,0,0,0,0.0009429454803466,0.0,0.0,0.0,0.0,0.0,0.0,0.0,0.0,0.0,0.0,0.0,0.0,0.0,1.0,1.0,5925,588,594,592.5,1.9578900207451215,592.5,9.660720825195312e-05,10,0.0175501760788506,4.0
0.0,47,63.5,179243.7606837607,0.0,0.0,0.0,0.0,0.0,0.0,0.0,0,0,0,0,0,5.5789947509765625e-05,0.0,0.0,0.0,0.0,0.0,0.0,0.0,0.0,0.0,0.0,0.0,0.0,0.0,1.0,1.0,5931,587,599,593.1,5.216427044549852,593.1,5.888938903808594e-06,10,0.0205817037208678,28.8
0.0,47,63.5,13404.61489293704,0.0,0.0,0.0,0.0,0.0,0.0,0.0,0,0,0,0,0,0.0007460117340087,0.0,0.0,0.0,0.0,0.0,0.0,0.0,0.0,0.0,0.0,0.0,0.0,0.0,1.0,1.0,5900,551,628,590.0,25.862886321694432,590.0,7.491111755371093e-05,10,0.0903409253720054,849.3877551020407
0.0,47,63.5,2044.207037722975,0.0,0.0,0.0,0.0,0.0,0.0,0.0,0,0,0,0,0,0.0048918724060058,0.0,0.0,0.0,0.0,0.0,0.0,0.0,0.0,0.0,0.0,0.0,0.0,0.0,1.0,1.0,5908,582,594,590.8,3.5213633723318023,590.8,0.0004906892776489,10,0.028411852583353,25.0
0.0,47,63.5,248.07651132942576,0.0,0.0,0.0,0.0,0.0,0.0,0.0,0,0,0,0,0,0.0403101444244384,0.0,0.0,0.0,0.0,0.0,0.0,0.0,0.0,0.0,0.0,0.0,0.0,0.0,1.0,1.0,5914,586,596,591.4,3.777124126457412,591.4,0.0040314197540283,10,0.0216995192841536,14.024691358024691
0.0,47,63.5,3504.0133667502087,0.0,0.0,0.0,0.0,0.0,0.0,0.0,0,0,0,0,0,0.0028538703918457,0.0,0.0,0.0,0.0,0.0,0.0,0.0,0.0,0.0,0.0,0.0,0.0,0.0,1.0,1.0,5913,581,599,591.3,6.733828364641057,591.3,0.0002863883972167,10,0.0314246123226202,46.48979591836734
0.0,47,63.5,74104.3109540636,0.0,0.0,0.0,0.0,0.0,0.0,0.0,0,0,0,0,0,0.0001349449157714,0.0,0.0,0.0,0.0,0.0,0.0,0.0,0.0,0.0,0.0,0.0,0.0,0.0,1.0,1.0,5929,591,597,592.9,2.1832697191750423,592.9,1.609325408935547e-05,10,0.0125295967528032,9.0
0.0,47,63.5,417.36029294698295,0.0,0.0,0.0,0.0,0.0,0.0,0.0,0,0,0,0,0,0.0239601135253906,0.0,0.0,0.0,0.0,0.0,0.0,0.0,0.0,0.0,0.0,0.0,0.0,0.0,1.0,1.0,5920,592,592,592.0,0.0,592.0,0.0023964166641235,10,0.0,0.0
0.0,47,63.5,5558.314338722502,0.0,0.0,0.0,0.0,0.0,0.0,0.0,0,0,0,0,0,0.0017991065979003,0.0,0.0,0.0,0.0,0.0,0.0,0.0,0.0,0.0,0.0,0.0,0.0,0.0,1.0,1.0,5920,592,592,592.0,0.0,592.0,0.0001972913742065,10,0.0,0.0
0.0,47,63.5,986.5700710354236,0.0,0.0,0.0,0.0,0.0,0.0,0.0,0,0,0,0,0,0.0101361274719238,0.0,0.0,0.0,0.0,0.0,0.0,0.0,0.0,0.0,0.0,0.0,0.0,0.0,1.0,1.0,5920,592,592,592.0,0.0,592.0,0.0010147094726562,10,0.0,0.0
0.0,47,63.5,142663.40136054423,0.0,0.0,0.0,0.0,0.0,0.0,0.0,0,0,0,0,0,7.009506225585938e-05,0.0,0.0,0.0,0.0,0.0,0.0,0.0,0.0,0.0,0.0,0.0,0.0,0.0,1.0,1.0,5787,470,640,578.7,60.6136214980685,578.7,7.295608520507813e-06,10,0.2425315148534532,4463.836734693878
0.0,47,63.5,11831.605077574048,0.0,0.0,0.0,0.0,0.0,0.0,0.0,0,0,0,0,0,0.000845193862915,0.0,0.0,0.0,0.0,0.0,0.0,0.0,0.0,0.0,0.0,0.0,0.0,0.0,1.0,1.0,5900,571,606,590.0,12.382783747337808,590.0,8.480548858642578e-05,10,0.0507670707873155,254.0
0.0,47,63.5,2098.201100550275,0.0,0.0,0.0,0.0,0.0,0.0,0.0,0,0,0,0,0,0.0047659873962402,0.0,0.0,0.0,0.0,0.0,0.0,0.0,0.0,0.0,0.0,0.0,0.0,0.0,1.0,1.0,5875,561,625,587.5,22.08191819365136,587.5,0.0004769802093505,10,0.0717594101953658,821.76
0.0,47,63.5,823.9959137165533,0.0,0.0,0.0,0.0,0.0,0.0,0.0,0,0,0,0,0,0.0121359825134277,0.0,0.0,0.0,0.0,0.0,0.0,0.0,0.0,0.0,0.0,0.0,0.0,0.0,1.0,1.0,5816,574,590,581.6,6.380525927469545,581.6,0.0012142181396484,10,0.0432096010418139,43.42857142857143
0.0,47,63.5,2626.0355622339093,0.0,0.0,0.0,0.0,0.0,0.0,0.0,0,0,0,0,0,0.0038080215454101,0.0,0.0,0.0,0.0,0.0,0.0,0.0,0.0,0.0,0.0,0.0,0.0,0.0,1.0,1.0,5908,568,628,590.8,22.12991941542792,590.8,0.0003813028335571,10,0.0598500539730687,619.9591836734693
0.0,47,63.5,529.7778226876003,0.0,0.0,0.0,0.0,0.0,0.0,0.0,0,0,0,0,0,0.0188758373260498,0.0,0.0,0.0,0.0,0.0,0.0,0.0,0.0,0.0,0.0,0.0,0.0,0.0,1.0,1.0,5952,592,600,595.2,2.740640638812596,595.2,0.001889681816101,10,0.0110525173706267,9.0
0.0,47,63.5,1038.091278091278,0.0,0.0,0.0,0.0,0.0,0.0,0.0,0,0,0,0,0,0.0096330642700195,0.0,0.0,0.0,0.0,0.0,0.0,0.0,0.0,0.0,0.0,0.0,0.0,0.0,1.0,1.0,5933,586,600,593.3,4.547282460742656,593.3,0.0009642124176025,10,0.0220132509832081,49.0
0.0,47,63.5,104335.92039800996,0.0,0.0,0.0,0.0,0.0,0.0,0.0,0,0,0,0,0,9.584426879882812e-05,0.0,0.0,0.0,0.0,0.0,0.0,0.0,0.0,0.0,0.0,0.0,0.0,0.0,1.0,1.0,5912,587,595,591.2,2.043961295567452,591.2,1.0085105895996091e-05,10,0.0192893680733623,3.76
0.0,47,63.5,1562.473550886604,0.0,0.0,0.0,0.0,0.0,0.0,0.0,0,0,0,0,0,0.0064001083374023,0.0,0.0,0.0,0.0,0.0,0.0,0.0,0.0,0.0,0.0,0.0,0.0,0.0,1.0,1.0,5927,587,598,592.7,3.198958163736021,592.7,0.0006405115127563,10,0.0197598675975794,30.25
0.0,47,63.5,665.2451268061349,0.0,0.0,0.0,0.0,0.0,0.0,0.0,0,0,0,0,0,0.0150320529937744,0.0,0.0,0.0,0.0,0.0,0.0,0.0,0.0,0.0,0.0,0.0,0.0,0.0,1.0,1.0,5920,592,592,592.0,0.0,592.0,0.0015048027038574,10,0.0,0.0
0.0,47,63.5,53773.1282051282,0.0,0.0,0.0,0.0,0.0,0.0,0.0,0,0,0,0,0,0.0001859664916992,0.0,0.0,0.0,0.0,0.0,0.0,0.0,0.0,0.0,0.0,0.0,0.0,0.0,1.0,1.0,5920,592,592,592.0,0.0,592.0,2.1696090698242188e-05,10,0.0,0.0
0.0,47,63.5,341.7282341247209,0.0,0.0,0.0,0.0,0.0,0.0,0.0,0,0,0,0,0,0.0292630195617675,0.0,0.0,0.0,0.0,0.0,0.0,0.0,0.0,0.0,0.0,0.0,0.0,0.0,1.0,1.0,5920,592,592,592.0,0.0,592.0,0.0029273033142089,10,0.0,0.0
0.0,47,63.5,90982.73318872016,0.0,0.0,0.0,0.0,0.0,0.0,0.0,0,0,0,0,0,0.0001099109649658,0.0,0.0,0.0,0.0,0.0,0.0,0.0,0.0,0.0,0.0,0.0,0.0,0.0,1.0,1.0,5720,470,640,572.0,59.34269589052688,572.0,1.1587142944335938e-05,10,0.242013790597965,4463.836734693878
0.0,47,63.5,100824.6153846154,0.0,0.0,0.0,0.0,0.0,0.0,0.0,0,0,0,0,0,9.918212890625e-05,0.0,0.0,0.0,0.0,0.0,0.0,0.0,0.0,0.0,0.0,0.0,0.0,0.0,1.0,1.0,5813,556,596,581.3,17.531241953850405,581.3,1.0418891906738282e-05,10,0.0784262967223205,371.84
0.0,47,63.5,90200.08602150538,0.0,0.0,0.0,0.0,0.0,0.0,0.0,0,0,0,0,0,0.0001108646392822,0.0,0.0,0.0,0.0,0.0,0.0,0.0,0.0,0.0,0.0,0.0,0.0,0.0,1.0,1.0,5857,575,598,585.7,9.177871939253311,585.7,1.1587142944335938e-05,10,0.0426449979131742,75.81
0.0,47,63.5,1026.80767724246,0.0,0.0,0.0,0.0,0.0,0.0,0.0,0,0,0,0,0,0.0097389221191406,0.0,0.0,0.0,0.0,0.0,0.0,0.0,0.0,0.0,0.0,0.0,0.0,0.0,1.0,1.0,5767,553,598,576.7,18.00648031496809,576.7,0.0009743928909301,10,0.0837322798211054,506.25
0.0,47,63.5,1360.5501492149997,0.0,0.0,0.0,0.0,0.0,0.0,0.0,0,0,0,0,0,0.0073499679565429,0.0,0.0,0.0,0.0,0.0,0.0,0.0,0.0,0.0,0.0,0.0,0.0,0.0,1.0,1.0,5728,472,640,572.8,59.53673002628061,572.8,0.0007364988327026,10,0.2386845723435057,4132.693877551021
0.0,47,63.5,498.8527456320841,0.0,0.0,0.0,0.0,0.0,0.0,0.0,0,0,0,0,0,0.0200459957122802,0.0,0.0,0.0,0.0,0.0,0.0,0.0,0.0,0.0,0.0,0.0,0.0,0.0,1.0,1.0,5764,565,593,576.4,10.4371132662884,576.4,0.0020051002502441,10,0.0601992624601552,98.04
0.0,47,63.5,110960.42328042327,0.0,0.0,0.0,0.0,0.0,0.0,0.0,0,0,0,0,0,9.012222290039062e-05,0.0,0.0,0.0,0.0,0.0,0.0,0.0,0.0,0.0,0.0,0.0,0.0,0.0,1.0,1.0,5752,562,587,575.2,9.953223933312596,575.2,1.1420249938964843e-05,10,0.0651145353014742,89.16
0.0,47,63.5,16919.338442920533,0.0,0.0,0.0,0.0,0.0,0.0,0.0,0,0,0,0,0,0.0005910396575927,0.0,0.0,0.0,0.0,0.0,0.0,0.0,0.0,0.0,0.0,0.0,0.0,0.0,1.0,1.0,5829,568,598,582.9,11.512794814659228,582.9,5.948543548583984e-05,10,0.0555250620956996,119.29
0.0,47,63.5,18016.769759450173,0.0,0.0,0.0,0.0,0.0,0.0,0.0,0,0,0,0,0,0.0005550384521484,0.0,0.0,0.0,0.0,0.0,0.0,0.0,0.0,0.0,0.0,0.0,0.0,0.0,1.0,1.0,5904,581,598,590.4,5.295700562196132,590.4,5.5909156799316406e-05,10,0.0308387765810162,72.25
0.0,47,63.5,970.9711322545548,0.0,0.0,0.0,0.0,0.0,0.0,0.0,0,0,0,0,0,0.0102989673614501,0.0,0.0,0.0,0.0,0.0,0.0,0.0,0.0,0.0,0.0,0.0,0.0,0.0,1.0,1.0,5920,592,592,592.0,0.0,592.0,0.0010316848754882,10,0.0,0.0
0.0,47,63.5,1890.0072098053352,0.0,0.0,0.0,0.0,0.0,0.0,0.0,0,0,0,0,0,0.0052909851074218,0.0,0.0,0.0,0.0,0.0,0.0,0.0,0.0,0.0,0.0,0.0,0.0,0.0,1.0,1.0,5920,592,592,592.0,0.0,592.0,0.0005300045013427,10,0.0,0.0
0.0,47,63.5,1120.064090581355,0.0,0.0,0.0,0.0,0.0,0.0,0.0,0,0,0,0,0,0.0089280605316162,0.0,0.0,0.0,0.0,0.0,0.0,0.0,0.0,0.0,0.0,0.0,0.0,0.0,1.0,1.0,5920,592,592,592.0,0.0,592.0,0.0008934020996093,10,0.0,0.0
0.0,47,63.5,1067.6876081865391,0.0,0.0,0.0,0.0,0.0,0.0,0.0,0,0,0,0,0,0.0093660354614257,0.0,0.0,0.0,0.0,0.0,0.0,0.0,0.0,0.0,0.0,0.0,0.0,0.0,1.0,1.0,5920,592,592,592.0,0.0,592.0,0.0009376049041748,10,0.0,0.0
0.0,47,63.5,1033.283405597162,0.0,0.0,0.0,0.0,0.0,0.0,0.0,0,0,0,0,0,0.0096778869628906,0.0,0.0,0.0,0.0,0.0,0.0,0.0,0.0,0.0,0.0,0.0,0.0,0.0,1.0,1.0,5920,592,592,592.0,0.0,592.0,0.0009692907333374,10,0.0,0.0
0.0,47,63.5,824.2711997641741,0.0,0.0,0.0,0.0,0.0,0.0,0.0,0,0,0,0,0,0.012131929397583,0.0,0.0,0.0,0.0,0.0,0.0,0.0,0.0,0.0,0.0,0.0,0.0,0.0,1.0,1.0,5920,592,592,592.0,0.0,592.0,0.00121431350708,10,0.0,0.0
0.0,47,63.5,370.5346478674158,0.0,0.0,0.0,0.0,0.0,0.0,0.0,0,0,0,0,0,0.0269880294799804,0.0,0.0,0.0,0.0,0.0,0.0,0.0,0.0,0.0,0.0,0.0,0.0,0.0,1.0,1.0,5920,592,592,592.0,0.0,592.0,0.0026993036270141,10,0.0,0.0
0.0,47,63.5,2857.1553133514985,0.0,0.0,0.0,0.0,0.0,0.0,0.0,0,0,0,0,0,0.0034999847412109,0.0,0.0,0.0,0.0,0.0,0.0,0.0,0.0,0.0,0.0,0.0,0.0,0.0,1.0,1.0,5920,592,592,592.0,0.0,592.0,0.0003536939620971,10,0.0,0.0
0.0,47,63.5,3281.6712307331195,0.0,0.0,0.0,0.0,0.0,0.0,0.0,0,0,0,0,0,0.003047227859497,0.0,0.0,0.0,0.0,0.0,0.0,0.0,0.0,0.0,0.0,0.0,0.0,0.0,1.0,1.0,5920,592,592,592.0,0.0,592.0,0.0003060102462768,10,0.0,0.0
0.0,47,63.5,108660.72538860104,0.0,0.0,0.0,0.0,0.0,0.0,0.0,0,0,0,0,0,9.202957153320312e-05,0.0,0.0,0.0,0.0,0.0,0.0,0.0,0.0,0.0,0.0,0.0,0.0,0.0,1.0,1.0,5920,592,592,592.0,0.0,592.0,9.584426879882811e-06,10,0.0,0.0
0.0,47,63.5,2478.3171826991256,0.0,0.0,0.0,0.0,0.0,0.0,0.0,0,0,0,0,0,0.0040349960327148,0.0,0.0,0.0,0.0,0.0,0.0,0.0,0.0,0.0,0.0,0.0,0.0,0.0,1.0,1.0,5920,592,592,592.0,0.0,592.0,0.0004039049148559,10,0.0,0.0
0.0,47,63.5,649.8162550739008,0.0,0.0,0.0,0.0,0.0,0.0,0.0,0,0,0,0,0,0.0153889656066894,0.0,0.0,0.0,0.0,0.0,0.0,0.0,0.0,0.0,0.0,0.0,0.0,0.0,1.0,1.0,5826,493,640,582.6,51.38568758797424,582.6,0.0015408992767333,10,0.1995774336958372,3246.244897959184
0.0,47,63.5,1167.6792873051224,0.0,0.0,0.0,0.0,0.0,0.0,0.0,0,0,0,0,0,0.0085639953613281,0.0,0.0,0.0,0.0,0.0,0.0,0.0,0.0,0.0,0.0,0.0,0.0,0.0,1.0,1.0,5716,554,596,571.6,15.471838215861029,571.6,0.0008569002151489,10,0.0809956380156132,215.44
0.0,47,63.5,82565.03937007874,0.0,0.0,0.0,0.0,0.0,0.0,0.0,0,0,0,0,0,0.0001211166381835,0.0,0.0,0.0,0.0,0.0,0.0,0.0,0.0,0.0,0.0,0.0,0.0,0.0,1.0,1.0,5784,554,600,578.4,15.924823389915508,578.4,1.270771026611328e-05,10,0.081180166056116,529.0
0.0,47,63.5,998.311039177417,0.0,0.0,0.0,0.0,0.0,0.0,0.0,0,0,0,0,0,0.010016918182373,0.0,0.0,0.0,0.0,0.0,0.0,0.0,0.0,0.0,0.0,0.0,0.0,0.0,1.0,1.0,5816,570,600,581.6,10.035492569431312,581.6,0.001002287864685,10,0.0515150082530835,99.11111111111111
0.0,47,63.5,4520.698426384997,0.0,0.0,0.0,0.0,0.0,0.0,0.0,0,0,0,0,0,0.0022120475769042,0.0,0.0,0.0,0.0,0.0,0.0,0.0,0.0,0.0,0.0,0.0,0.0,0.0,1.0,1.0,5721,498,640,572.1,47.58956468246655,572.1,0.0002215147018432,10,0.1895103950690496,2892.775510204082
0.0,47,63.5,333.9892659776083,0.0,0.0,0.0,0.0,0.0,0.0,0.0,0,0,0,0,0,0.0299410820007324,0.0,0.0,0.0,0.0,0.0,0.0,0.0,0.0,0.0,0.0,0.0,0.0,0.0,1.0,1.0,5763,572,584,576.3,4.762119042797837,576.3,0.0029947996139526,10,0.0459585868132741,22.024691358024693
0.0,47,63.5,68534.37908496732,0.0,0.0,0.0,0.0,0.0,0.0,0.0,0,0,0,0,0,0.0001459121704101,0.0,0.0,0.0,0.0,0.0,0.0,0.0,0.0,0.0,0.0,0.0,0.0,0.0,1.0,1.0,5794,570,588,579.4,7.426678635537931,579.4,1.7380714416503908e-05,10,0.0504522818089726,49.64
0.0,47,63.5,30045.15759312321,0.0,0.0,0.0,0.0,0.0,0.0,0.0,0,0,0,0,0,0.0003328323364257,0.0,0.0,0.0,0.0,0.0,0.0,0.0,0.0,0.0,0.0,0.0,0.0,0.0,1.0,1.0,5811,568,596,581.1,11.14998754359045,581.1,3.399848937988281e-05,10,0.055377268925757,144.0
0.0,47,63.5,1805.7103495780957,0.0,0.0,0.0,0.0,0.0,0.0,0.0,0,0,0,0,0,0.005537986755371,0.0,0.0,0.0,0.0,0.0,0.0,0.0,0.0,0.0,0.0,0.0,0.0,0.0,1.0,1.0,5824,527,640,582.4,39.55923828049946,582.4,0.0005544185638427,10,0.1368193913059442,1891.6734693877552
0.0,47,63.5,920.2878708091978,0.0,0.0,0.0,0.0,0.0,0.0,0.0,0,0,0,0,0,0.0108661651611328,0.0,0.0,0.0,0.0,0.0,0.0,0.0,0.0,0.0,0.0,0.0,0.0,0.0,1.0,1.0,5798,567,599,579.8,13.918812209859478,579.8,0.0010900020599365,10,0.0582093073418084,229.1020408163265
0.0,47,63.5,2530.958242819213,0.0,0.0,0.0,0.0,0.0,0.0,0.0,0,0,0,0,0,0.003951072692871,0.0,0.0,0.0,0.0,0.0,0.0,0.0,0.0,0.0,0.0,0.0,0.0,0.0,1.0,1.0,5806,569,593,580.6,8.181279443542637,580.6,0.0003964900970458,10,0.0524638059941215,105.84
0.0,47,63.5,579.4758292922176,0.0,0.0,0.0,0.0,0.0,0.0,0.0,0,0,0,0,0,0.0172569751739501,0.0,0.0,0.0,0.0,0.0,0.0,0.0,0.0,0.0,0.0,0.0,0.0,0.0,1.0,1.0,5775,566,589,577.5,9.44281031614353,577.5,0.0017261028289794,10,0.0580900932103843,80.25
0.0,47,63.5,1833.1748251748247,0.0,0.0,0.0,0.0,0.0,0.0,0.0,0,0,0,0,0,0.0054550170898437,0.0,0.0,0.0,0.0,0.0,0.0,0.0,0.0,0.0,0.0,0.0,0.0,0.0,1.0,1.0,5882,566,592,588.2,8.189424074174363,588.2,0.0005495071411132,10,0.0575795137908557,100.0
0.0,47,63.5,4177.177571954984,0.0,0.0,0.0,0.0,0.0,0.0,0.0,0,0,0,0,0,0.0023939609527587,0.0,0.0,0.0,0.0,0.0,0.0,0.0,0.0,0.0,0.0,0.0,0.0,0.0,1.0,1.0,5920,592,592,592.0,0.0,592.0,0.0002403974533081,10,0.0,0.0
0.0,47,63.5,522.0302193015209,0.0,0.0,0.0,0.0,0.0,0.0,0.0,0,0,0,0,0,0.0191559791564941,0.0,0.0,0.0,0.0,0.0,0.0,0.0,0.0,0.0,0.0,0.0,0.0,0.0,1.0,1.0,5920,592,592,592.0,0.0,592.0,0.0019163846969604,10,0.0,0.0
0.0,47,63.5,2022.2284364302589,0.0,0.0,0.0,0.0,0.0,0.0,0.0,0,0,0,0,0,0.0049450397491455,0.0,0.0,0.0,0.0,0.0,0.0,0.0,0.0,0.0,0.0,0.0,0.0,0.0,1.0,1.0,5920,592,592,592.0,0.0,592.0,0.000494909286499,10,0.0,0.0
0.0,47,63.5,1443.4248743891528,0.0,0.0,0.0,0.0,0.0,0.0,0.0,0,0,0,0,0,0.0069279670715332,0.0,0.0,0.0,0.0,0.0,0.0,0.0,0.0,0.0,0.0,0.0,0.0,0.0,1.0,1.0,5767,470,640,576.7,59.8480483298235,576.7,0.0006932020187377,10,0.2422196509676369,4463.836734693878
0.0,47,63.5,75846.36528028933,0.0,0.0,0.0,0.0,0.0,0.0,0.0,0,0,0,0,0,0.0001318454742431,0.0,0.0,0.0,0.0,0.0,0.0,0.0,0.0,0.0,0.0,0.0,0.0,0.0,1.0,1.0,5846,571,595,584.6,9.788882582921412,584.6,1.4090538024902344e-05,10,0.0497104192089789,117.76
0.0,47,63.5,336.57558760040763,0.0,0.0,0.0,0.0,0.0,0.0,0.0,0,0,0,0,0,0.0297110080718994,0.0,0.0,0.0,0.0,0.0,0.0,0.0,0.0,0.0,0.0,0.0,0.0,0.0,1.0,1.0,5709,562,575,570.9,3.478505426185217,570.9,0.0029716968536376,10,0.0624769939704108,10.89
0.0,47,63.5,80043.96946564886,0.0,0.0,0.0,0.0,0.0,0.0,0.0,0,0,0,0,0,0.0001249313354492,0.0,0.0,0.0,0.0,0.0,0.0,0.0,0.0,0.0,0.0,0.0,0.0,0.0,1.0,1.0,5762,553,589,576.2,16.04022720814418,576.2,1.3303756713867189e-05,10,0.0829313069555096,238.9135802469136
0.0,47,63.5,75709.45848375451,0.0,0.0,0.0,0.0,0.0,0.0,0.0,0,0,0,0,0,0.0001320838928222,0.0,0.0,0.0,0.0,0.0,0.0,0.0,0.0,0.0,0.0,0.0,0.0,0.0,1.0,1.0,5765,564,581,576.5,7.291547618075786,576.5,1.3804435729980468e-05,10,0.0606220148376993,57.25
0.0,47,63.5,632.3103131171514,0.0,0.0,0.0,0.0,0.0,0.0,0.0,0,0,0,0,0,0.0158150196075439,0.0,0.0,0.0,0.0,0.0,0.0,0.0,0.0,0.0,0.0,0.0,0.0,0.0,1.0,1.0,5810,581,581,581.0,0.0,581.0,0.0015821933746337,10,0.0,0.0
0.0,47,63.5,970.6790094885444,0.0,0.0,0.0,0.0,0.0,0.0,0.0,0,0,0,0,0,0.0103020668029785,0.0,0.0,0.0,0.0,0.0,0.0,0.0,0.0,0.0,0.0,0.0,0.0,0.0,1.0,1.0,5810,581,581,581.0,0.0,581.0,0.0010331153869628,10,0.0,0.0
0.0,47,63.5,87018.75518672199,0.0,0.0,0.0,0.0,0.0,0.0,0.0,0,0,0,0,0,0.0001149177551269,0.0,0.0,0.0,0.0,0.0,0.0,0.0,0.0,0.0,0.0,0.0,0.0,0.0,1.0,1.0,5810,581,581,581.0,0.0,581.0,1.208782196044922e-05,10,0.0,0.0
0.0,47,63.5,1161.4388170464929,0.0,0.0,0.0,0.0,0.0,0.0,0.0,0,0,0,0,0,0.0086100101470947,0.0,0.0,0.0,0.0,0.0,0.0,0.0,0.0,0.0,0.0,0.0,0.0,0.0,1.0,1.0,5758,519,640,575.8,40.943864009152826,575.8,0.0008615970611572,10,0.1510164724427685,2092.122448979592
0.0,47,63.5,1731.60928081909,0.0,0.0,0.0,0.0,0.0,0.0,0.0,0,0,0,0,0,0.005774974822998,0.0,0.0,0.0,0.0,0.0,0.0,0.0,0.0,0.0,0.0,0.0,0.0,0.0,1.0,1.0,5756,567,581,575.6,4.195235392680606,575.6,0.0005789995193481,10,0.0542483110895624,16.17283950617284
0.0,47,63.5,564.7144992123652,0.0,0.0,0.0,0.0,0.0,0.0,0.0,0,0,0,0,0,0.0177080631256103,0.0,0.0,0.0,0.0,0.0,0.0,0.0,0.0,0.0,0.0,0.0,0.0,0.0,1.0,1.0,5803,574,582,580.3,2.4517567397911058,580.3,0.0017712116241455,10,0.0416091776255212,5.41
0.0,47,63.5,1422.4730380519568,0.0,0.0,0.0,0.0,0.0,0.0,0.0,0,0,0,0,0,0.0070300102233886,0.0,0.0,0.0,0.0,0.0,0.0,0.0,0.0,0.0,0.0,0.0,0.0,0.0,1.0,1.0,5812,568,595,581.2,9.772978620211502,581.2,0.0007040977478027,10,0.0548163305707293,120.57142857142856
0.0,47,63.5,14660.272631946871,0.0,0.0,0.0,0.0,0.0,0.0,0.0,0,0,0,0,0,0.0006821155548095,0.0,0.0,0.0,0.0,0.0,0.0,0.0,0.0,0.0,0.0,0.0,0.0,0.0,1.0,1.0,5794,563,584,579.4,8.733078876700167,579.4,7.050037384033203e-05,10,0.0629133670112126,94.96
0.0,47,63.5,1185.4008987366817,0.0,0.0,0.0,0.0,0.0,0.0,0.0,0,0,0,0,0,0.0084359645843505,0.0,0.0,0.0,0.0,0.0,0.0,0.0,0.0,0.0,0.0,0.0,0.0,0.0,1.0,1.0,5840,584,584,584.0,0.0,584.0,0.0008441925048828,10,0.0,0.0
0.0,47,63.5,2501.224879241457,0.0,0.0,0.0,0.0,0.0,0.0,0.0,0,0,0,0,0,0.0039980411529541,0.0,0.0,0.0,0.0,0.0,0.0,0.0,0.0,0.0,0.0,0.0,0.0,0.0,1.0,1.0,5840,584,584,584.0,0.0,584.0,0.0004019975662231,10,0.0,0.0
0.0,47,63.5,1093.8618819111205,0.0,0.0,0.0,0.0,0.0,0.0,0.0,0,0,0,0,0,0.0091419219970703,0.0,0.0,0.0,0.0,0.0,0.0,0.0,0.0,0.0,0.0,0.0,0.0,0.0,1.0,1.0,5840,584,584,584.0,0.0,584.0,0.0009150981903076,10,0.0,0.0
0.0,47,63.5,857.5555101206297,0.0,0.0,0.0,0.0,0.0,0.0,0.0,0,0,0,0,0,0.0116610527038574,0.0,0.0,0.0,0.0,0.0,0.0,0.0,0.0,0.0,0.0,0.0,0.0,0.0,1.0,1.0,5890,547,628,589.0,27.48332827976505,589.0,0.0011677026748657,10,0.0978175486080451,940.2857142857144
0.0,47,63.5,892.5380375800651,0.0,0.0,0.0,0.0,0.0,0.0,0.0,0,0,0,0,0,0.0112040042877197,0.0,0.0,0.0,0.0,0.0,0.0,0.0,0.0,0.0,0.0,0.0,0.0,0.0,1.0,1.0,5931,588,599,593.1,3.8137179293236207,593.1,0.0011221170425415,10,0.0183061661356892,17.836734693877553
0.0,47,63.5,990.69466424168,0.0,0.0,0.0,0.0,0.0,0.0,0.0,0,0,0,0,0,0.0100939273834228,0.0,0.0,0.0,0.0,0.0,0.0,0.0,0.0,0.0,0.0,0.0,0.0,0.0,1.0,1.0,5922,588,595,592.2,2.573367875415838,592.2,0.0010101795196533,10,0.0178008971377293,11.76
0.0,47,63.5,631.634238901271,0.0,0.0,0.0,0.0,0.0,0.0,0.0,0,0,0,0,0,0.0158319473266601,0.0,0.0,0.0,0.0,0.0,0.0,0.0,0.0,0.0,0.0,0.0,0.0,0.0,1.0,1.0,5918,590,593,591.8,1.2292725943057183,591.8,0.0015851020812988,10,0.0138451064840164,1.36
0.0,47,63.5,2202.659384518433,0.0,0.0,0.0,0.0,0.0,0.0,0.0,0,0,0,0,0,0.0045399665832519,0.0,0.0,0.0,0.0,0.0,0.0,0.0,0.0,0.0,0.0,0.0,0.0,0.0,1.0,1.0,5737,470,640,573.7,59.60620773040338,573.7,0.0004578113555908,10,0.2421211347810571,4535.102040816327
0.0,47,63.5,811.4971172077545,0.0,0.0,0.0,0.0,0.0,0.0,0.0,0,0,0,0,0,0.0123229026794433,0.0,0.0,0.0,0.0,0.0,0.0,0.0,0.0,0.0,0.0,0.0,0.0,0.0,1.0,1.0,5789,566,589,578.9,8.504247304860213,578.9,0.0012327909469604,10,0.0577077601821079,123.43999999999998
0.0,47,63.5,1368.719488317452,0.0,0.0,0.0,0.0,0.0,0.0,0.0,0,0,0,0,0,0.0073060989379882,0.0,0.0,0.0,0.0,0.0,0.0,0.0,0.0,0.0,0.0,0.0,0.0,0.0,1.0,1.0,5850,558,609,585.0,16.6065582761082,585.0,0.0007310152053833,10,0.0746413575793555,248.2
0.0,47,63.5,131482.88401253917,0.0,0.0,0.0,0.0,0.0,0.0,0.0,0,0,0,0,0,7.605552673339844e-05,0.0,0.0,0.0,0.0,0.0,0.0,0.0,0.0,0.0,0.0,0.0,0.0,0.0,1.0,1.0,5855,556,609,585.5,14.159802258506296,585.5,7.891654968261719e-06,10,0.0770529070480251,240.25
0.0,47,63.5,1041.9854420788513,0.0,0.0,0.0,0.0,0.0,0.0,0.0,0,0,0,0,0,0.0095970630645751,0.0,0.0,0.0,0.0,0.0,0.0,0.0,0.0,0.0,0.0,0.0,0.0,0.0,1.0,1.0,5860,556,592,586.0,11.6619037896906,586.0,0.0009602069854736,10,0.0760353631277683,172.8
0.0,47,63.5,700.9197860962566,0.0,0.0,0.0,0.0,0.0,0.0,0.0,0,0,0,0,0,0.0142669677734375,0.0,0.0,0.0,0.0,0.0,0.0,0.0,0.0,0.0,0.0,0.0,0.0,0.0,1.0,1.0,5920,592,592,592.0,0.0,592.0,0.0014292955398559,10,0.0,0.0
0.0,47,63.5,1349.5186615186617,0.0,0.0,0.0,0.0,0.0,0.0,0.0,0,0,0,0,0,0.0074100494384765,0.0,0.0,0.0,0.0,0.0,0.0,0.0,0.0,0.0,0.0,0.0,0.0,0.0,1.0,1.0,5920,592,592,592.0,0.0,592.0,0.0007744073867797,10,0.0,0.0
0.0,47,63.5,62883.11844077961,0.0,0.0,0.0,0.0,0.0,0.0,0.0,0,0,0,0,0,0.0001590251922607,0.0,0.0,0.0,0.0,0.0,0.0,0.0,0.0,0.0,0.0,0.0,0.0,0.0,1.0,1.0,5920,592,592,592.0,0.0,592.0,1.678466796875e-05,10,0.0,0.0
0.0,47,63.5,58497.96373779637,0.0,0.0,0.0,0.0,0.0,0.0,0.0,0,0,0,0,0,0.0001709461212158,0.0,0.0,0.0,0.0,0.0,0.0,0.0,0.0,0.0,0.0,0.0,0.0,0.0,1.0,1.0,5795,503,640,579.5,46.60293266880673,579.5,1.7905235290527342e-05,10,0.1805878306519651,2784.204081632653
0.0,47,63.5,938.1761245442548,0.0,0.0,0.0,0.0,0.0,0.0,0.0,0,0,0,0,0,0.0106589794158935,0.0,0.0,0.0,0.0,0.0,0.0,0.0,0.0,0.0,0.0,0.0,0.0,0.0,1.0,1.0,5863,566,594,586.3,8.957306142659931,586.3,0.0010668039321899,10,0.057892318230274,72.21000000000001
0.0,47,63.5,993.1577950369388,0.0,0.0,0.0,0.0,0.0,0.0,0.0,0,0,0,0,0,0.0100688934326171,0.0,0.0,0.0,0.0,0.0,0.0,0.0,0.0,0.0,0.0,0.0,0.0,0.0,1.0,1.0,5846,566,590,584.6,8.044321668799123,584.6,0.0010077953338623,10,0.057520404875002,144.0
0.0,47,63.5,475.2860121475841,0.0,0.0,0.0,0.0,0.0,0.0,0.0,0,0,0,0,0,0.0210399627685546,0.0,0.0,0.0,0.0,0.0,0.0,0.0,0.0,0.0,0.0,0.0,0.0,0.0,1.0,1.0,5784,565,590,578.4,9.946523680831074,578.4,0.0021043062210083,10,0.0599994158866233,156.25
0.0,47,63.5,1490.089526786983,0.0,0.0,0.0,0.0,0.0,0.0,0.0,0,0,0,0,0,0.0067110061645507,0.0,0.0,0.0,0.0,0.0,0.0,0.0,0.0,0.0,0.0,0.0,0.0,0.0,1.0,1.0,5804,518,640,580.4,40.90965656174591,580.4,0.0006747961044311,10,0.1527066676969928,2144.9795918367345
0.0,47,63.5,5652.700808625337,0.0,0.0,0.0,0.0,0.0,0.0,0.0,0,0,0,0,0,0.0017690658569335,0.0,0.0,0.0,0.0,0.0,0.0,0.0,0.0,0.0,0.0,0.0,0.0,0.0,1.0,1.0,5768,563,596,576.8,12.778454088382087,576.8,0.0001771926879882,10,0.0645612910574433,159.95061728395063
0.0,47,63.5,1151.1428257767045,0.0,0.0,0.0,0.0,0.0,0.0,0.0,0,0,0,0,0,0.0086870193481445,0.0,0.0,0.0,0.0,0.0,0.0,0.0,0.0,0.0,0.0,0.0,0.0,0.0,1.0,1.0,5785,563,583,578.5,6.168918507773916,578.5,0.0008716106414794,10,0.0618688306433268,34.25
0.0,47,63.5,561.7948271474303,0.0,0.0,0.0,0.0,0.0,0.0,0.0,0,0,0,0,0,0.0178000926971435,0.0,0.0,0.0,0.0,0.0,0.0,0.0,0.0,0.0,0.0,0.0,0.0,0.0,1.0,1.0,5773,563,586,577.3,8.380532998165052,577.3,0.0017818927764892,10,0.0627697539221325,121.0
0.0,47,63.5,66682.09856915739,0.0,0.0,0.0,0.0,0.0,0.0,0.0,0,0,0,0,0,0.0001499652862548,0.0,0.0,0.0,0.0,0.0,0.0,0.0,0.0,0.0,0.0,0.0,0.0,0.0,1.0,1.0,5684,470,640,568.4,58.37465203322415,568.4,1.590251922607422e-05,10,0.2416194482522542,4214.530612244898
0.0,47,63.5,1019.0490536699142,0.0,0.0,0.0,0.0,0.0,0.0,0.0,0,0,0,0,0,0.0098130702972412,0.0,0.0,0.0,0.0,0.0,0.0,0.0,0.0,0.0,0.0,0.0,0.0,0.0,1.0,1.0,6002,580,620,600.2,13.60392100339702,600.2,0.0009819030761718,10,0.0359273432599438,166.56
0.0,47,63.5,391.6798804687865,0.0,0.0,0.0,0.0,0.0,0.0,0.0,0,0,0,0,0,0.0255310535430908,0.0,0.0,0.0,0.0,0.0,0.0,0.0,0.0,0.0,0.0,0.0,0.0,0.0,1.0,1.0,5878,568,620,587.8,17.466157753400335,587.8,0.0025558948516845,10,0.0579502240224251,600.25
0.0,47,63.5,1214.9303362975409,0.0,0.0,0.0,0.0,0.0,0.0,0.0,0,0,0,0,0,0.0082309246063232,0.0,0.0,0.0,0.0,0.0,0.0,0.0,0.0,0.0,0.0,0.0,0.0,0.0,1.0,1.0,5752,554,606,575.2,16.96925324095187,575.2,0.000824499130249,10,0.0816056250002342,259.16
0.0,47,63.5,829.471186172527,0.0,0.0,0.0,0.0,0.0,0.0,0.0,0,0,0,0,0,0.0120558738708496,0.0,0.0,0.0,0.0,0.0,0.0,0.0,0.0,0.0,0.0,0.0,0.0,0.0,1.0,1.0,5912,563,628,591.2,24.05456759582725,591.2,0.0012080907821655,10,0.0691547286558362,729.8367346938776
0.0,47,63.5,1009.8969469324858,0.0,0.0,0.0,0.0,0.0,0.0,0.0,0,0,0,0,0,0.009902000427246,0.0,0.0,0.0,0.0,0.0,0.0,0.0,0.0,0.0,0.0,0.0,0.0,0.0,1.0,1.0,5923,584,594,592.3,3.0568684048294337,592.3,0.0009917020797729,10,0.0248143759133913,25.0
0.0,47,63.5,576.2673114970323,0.0,0.0,0.0,0.0,0.0,0.0,0.0,0,0,0,0,0,0.0173530578613281,0.0,0.0,0.0,0.0,0.0,0.0,0.0,0.0,0.0,0.0,0.0,0.0,0.0,1.0,1.0,5899,586,595,589.9,3.2472210341220142,589.9,0.0017357110977172,10,0.0214836579604599,9.49
0.0,47,63.5,925.2413306273714,0.0,0.0,0.0,0.0,0.0,0.0,0.0,0,0,0,0,0,0.010807991027832,0.0,0.0,0.0,0.0,0.0,0.0,0.0,0.0,0.0,0.0,0.0,0.0,0.0,1.0,1.0,5892,583,594,589.2,4.589843860815602,589.2,0.0010833978652954,10,0.0271429787951419,20.98765432098765
0.0,47,63.5,579.203756127874,0.0,0.0,0.0,0.0,0.0,0.0,0.0,0,0,0,0,0,0.0172650814056396,0.0,0.0,0.0,0.0,0.0,0.0,0.0,0.0,0.0,0.0,0.0,0.0,0.0,1.0,1.0,5870,532,640,587.0,36.73024790429696,587.0,0.00172700881958,10,0.1271463237862944,1675.9591836734694
0.0,47,63.5,2961.033533356865,0.0,0.0,0.0,0.0,0.0,0.0,0.0,0,0,0,0,0,0.0033771991729736,0.0,0.0,0.0,0.0,0.0,0.0,0.0,0.0,0.0,0.0,0.0,0.0,0.0,1.0,1.0,5779,565,593,577.9,10.836666154003884,577.9,0.0003895998001098,10,0.060362024324495,114.22222222222224
0.0,47,63.5,120525.97701149424,0.0,0.0,0.0,0.0,0.0,0.0,0.0,0,0,0,0,0,8.296966552734375e-05,0.0,0.0,0.0,0.0,0.0,0.0,0.0,0.0,0.0,0.0,0.0,0.0,0.0,1.0,1.0,5823,572,592,582.3,7.846442930823283,582.3,8.58306884765625e-06,10,0.0472150169923002,58.85714285714285
0.0,47,63.5,124830.47619047618,0.0,0.0,0.0,0.0,0.0,0.0,0.0,0,0,0,0,0,8.0108642578125e-05,0.0,0.0,0.0,0.0,0.0,0.0,0.0,0.0,0.0,0.0,0.0,0.0,0.0,1.0,1.0,5807,576,590,580.7,4.854551129266914,580.7,8.511543273925782e-06,10,0.0391797199480182,26.48979591836735
0.0,47,63.5,79891.50476190477,0.0,0.0,0.0,0.0,0.0,0.0,0.0,0,0,0,0,0,0.0001251697540283,0.0,0.0,0.0,0.0,0.0,0.0,0.0,0.0,0.0,0.0,0.0,0.0,0.0,1.0,1.0,5853,566,592,585.3,11.195733314278453,585.3,1.2803077697753909e-05,10,0.0588041639229045,138.13888888888889
0.0,47,63.5,121927.44186046511,0.0,0.0,0.0,0.0,0.0,0.0,0.0,0,0,0,0,0,8.20159912109375e-05,0.0,0.0,0.0,0.0,0.0,0.0,0.0,0.0,0.0,0.0,0.0,0.0,0.0,1.0,1.0,5920,592,592,592.0,0.0,592.0,8.988380432128907e-06,10,0.0,0.0
0.0,47,63.5,126716.1329305136,0.0,0.0,0.0,0.0,0.0,0.0,0.0,0,0,0,0,0,7.891654968261719e-05,0.0,0.0,0.0,0.0,0.0,0.0,0.0,0.0,0.0,0.0,0.0,0.0,0.0,1.0,1.0,5920,592,592,592.0,0.0,592.0,8.296966552734374e-06,10,0.0,0.0
0.0,47,63.5,138884.23841059604,0.0,0.0,0.0,0.0,0.0,0.0,0.0,0,0,0,0,0,7.200241088867188e-05,0.0,0.0,0.0,0.0,0.0,0.0,0.0,0.0,0.0,0.0,0.0,0.0,0.0,1.0,1.0,5920,592,592,592.0,0.0,592.0,7.605552673339843e-06,10,0.0,0.0
0.0,47,63.5,167103.74501992032,0.0,0.0,0.0,0.0,0.0,0.0,0.0,0,0,0,0,0,5.984306335449219e-05,0.0,0.0,0.0,0.0,0.0,0.0,0.0,0.0,0.0,0.0,0.0,0.0,0.0,1.0,1.0,5920,592,592,592.0,0.0,592.0,6.29425048828125e-06,10,0.0,0.0
0.0,47,63.5,181571.60173160167,0.0,0.0,0.0,0.0,0.0,0.0,0.0,0,0,0,0,0,5.507469177246094e-05,0.0,0.0,0.0,0.0,0.0,0.0,0.0,0.0,0.0,0.0,0.0,0.0,0.0,1.0,1.0,5920,592,592,592.0,0.0,592.0,5.817413330078125e-06,10,0.0,0.0
0.0,47,63.5,178481.02127659574,0.0,0.0,0.0,0.0,0.0,0.0,0.0,0,0,0,0,0,5.602836608886719e-05,0.0,0.0,0.0,0.0,0.0,0.0,0.0,0.0,0.0,0.0,0.0,0.0,0.0,1.0,1.0,5920,592,592,592.0,0.0,592.0,5.888938903808594e-06,10,0.0,0.0
0.0,47,63.5,817.0615966026415,0.0,0.0,0.0,0.0,0.0,0.0,0.0,0,0,0,0,0,0.0122389793395996,0.0,0.0,0.0,0.0,0.0,0.0,0.0,0.0,0.0,0.0,0.0,0.0,0.0,1.0,1.0,5920,592,592,592.0,0.0,592.0,0.0012242078781127,10,0.0,0.0
0.0,47,63.5,149263.487544484,0.0,0.0,0.0,0.0,0.0,0.0,0.0,0,0,0,0,0,6.699562072753906e-05,0.0,0.0,0.0,0.0,0.0,0.0,0.0,0.0,0.0,0.0,0.0,0.0,0.0,1.0,1.0,5920,592,592,592.0,0.0,592.0,7.104873657226563e-06,10,0.0,0.0
0.0,47,63.5,153637.50915750916,0.0,0.0,0.0,0.0,0.0,0.0,0.0,0,0,0,0,0,6.508827209472656e-05,0.0,0.0,0.0,0.0,0.0,0.0,0.0,0.0,0.0,0.0,0.0,0.0,0.0,1.0,1.0,5920,592,592,592.0,0.0,592.0,6.794929504394531e-06,10,0.0,0.0
0.0,47,63.5,912.4796588783014,0.0,0.0,0.0,0.0,0.0,0.0,0.0,0,0,0,0,0,0.0109591484069824,0.0,0.0,0.0,0.0,0.0,0.0,0.0,0.0,0.0,0.0,0.0,0.0,0.0,1.0,1.0,5920,592,592,592.0,0.0,592.0,0.0010962009429931,10,0.0,0.0
0.0,47,63.5,2629.49282176666,0.0,0.0,0.0,0.0,0.0,0.0,0.0,0,0,0,0,0,0.003803014755249,0.0,0.0,0.0,0.0,0.0,0.0,0.0,0.0,0.0,0.0,0.0,0.0,0.0,1.0,1.0,5920,592,592,592.0,0.0,592.0,0.0003818035125732,10,0.0,0.0
0.0,47,63.5,8826.397306397306,0.0,0.0,0.0,0.0,0.0,0.0,0.0,0,0,0,0,0,0.0011329650878906,0.0,0.0,0.0,0.0,0.0,0.0,0.0,0.0,0.0,0.0,0.0,0.0,0.0,1.0,1.0,5734,470,640,573.4,59.06719337613168,573.4,0.0001137971878051,10,0.241901561893701,4463.836734693878
0.0,47,63.5,91779.08096280089,0.0,0.0,0.0,0.0,0.0,0.0,0.0,0,0,0,0,0,0.0001089572906494,0.0,0.0,0.0,0.0,0.0,0.0,0.0,0.0,0.0,0.0,0.0,0.0,0.0,1.0,1.0,5743,565,582,574.3,6.360468186820492,574.3,1.239776611328125e-05,10,0.0585386003205831,61.04
0.0,47,63.5,2514.419998801031,0.0,0.0,0.0,0.0,0.0,0.0,0.0,0,0,0,0,0,0.0039770603179931,0.0,0.0,0.0,0.0,0.0,0.0,0.0,0.0,0.0,0.0,0.0,0.0,0.0,1.0,1.0,5692,538,589,569.2,20.86890296855853,569.2,0.0003982067108154,10,0.110460266313272,549.3599999999999
0.0,47,63.5,279.80493792569763,0.0,0.0,0.0,0.0,0.0,0.0,0.0,0,0,0,0,0,0.0357391834259033,0.0,0.0,0.0,0.0,0.0,0.0,0.0,0.0,0.0,0.0,0.0,0.0,0.0,1.0,1.0,5782,547,596,578.2,15.512002521345275,578.2,0.0035748958587646,10,0.0929409093470952,252.12244897959184
0.0,47,63.5,114912.43835616438,0.0,0.0,0.0,0.0,0.0,0.0,0.0,0,0,0,0,0,8.702278137207031e-05,0.0,0.0,0.0,0.0,0.0,0.0,0.0,0.0,0.0,0.0,0.0,0.0,0.0,1.0,1.0,5756,470,640,575.6,60.46707092845383,575.6,9.202957153320313e-06,10,0.2424718160134149,4568.285714285715
0.0,47,63.5,133576.56050955414,0.0,0.0,0.0,0.0,0.0,0.0,0.0,0,0,0,0,0,7.486343383789062e-05,0.0,0.0,0.0,0.0,0.0,0.0,0.0,0.0,0.0,0.0,0.0,0.0,0.0,1.0,1.0,5847,559,604,584.7,15.832807008795935,584.7,7.987022399902344e-06,10,0.0726220322631031,275.6875
0.0,47,63.5,76398.97996357013,0.0,0.0,0.0,0.0,0.0,0.0,0.0,0,0,0,0,0,0.0001308917999267,0.0,0.0,0.0,0.0,0.0,0.0,0.0,0.0,0.0,0.0,0.0,0.0,0.0,1.0,1.0,5870,572,599,587.0,11.31370849898476,587.0,1.399517059326172e-05,10,0.0486274422941464,145.83673469387756
0.0,47,63.5,73071.49825783972,0.0,0.0,0.0,0.0,0.0,0.0,0.0,0,0,0,0,0,0.0001368522644042,0.0,0.0,0.0,0.0,0.0,0.0,0.0,0.0,0.0,0.0,0.0,0.0,0.0,1.0,1.0,5818,571,596,581.8,9.21110440959413,581.8,1.4400482177734376e-05,10,0.0494750554922923,90.25
0.0,47,63.5,1170.8410797532313,0.0,0.0,0.0,0.0,0.0,0.0,0.0,0,0,0,0,0,0.0085408687591552,0.0,0.0,0.0,0.0,0.0,0.0,0.0,0.0,0.0,0.0,0.0,0.0,0.0,1.0,1.0,5884,564,628,588.4,24.0101830248936,588.4,0.0008548974990844,10,0.0674325181570206,735.8367346938776
0.0,47,63.5,41859.32135728543,0.0,0.0,0.0,0.0,0.0,0.0,0.0,0,0,0,0,0,0.0002388954162597,0.0,0.0,0.0,0.0,0.0,0.0,0.0,0.0,0.0,0.0,0.0,0.0,0.0,1.0,1.0,5918,589,596,591.8,2.6583202716502514,591.8,2.4509429931640624e-05,10,0.0161313733458593,7.1020408163265305
0.0,47,63.5,100102.72076372316,0.0,0.0,0.0,0.0,0.0,0.0,0.0,0,0,0,0,0,9.989738464355467e-05,0.0,0.0,0.0,0.0,0.0,0.0,0.0,0.0,0.0,0.0,0.0,0.0,0.0,1.0,1.0,5956,590,600,595.6,3.3065591380365986,595.6,1.049041748046875e-05,10,0.0146913099304707,10.859375
0.0,47,63.5,79891.50476190477,0.0,0.0,0.0,0.0,0.0,0.0,0.0,0,0,0,0,0,0.0001251697540283,0.0,0.0,0.0,0.0,0.0,0.0,0.0,0.0,0.0,0.0,0.0,0.0,0.0,1.0,1.0,5908,587,594,590.8,2.780887148615228,590.8,1.3017654418945313e-05,10,0.0195895621888598,12.25
0.0,47,63.5,46500.04434589801,0.0,0.0,0.0,0.0,0.0,0.0,0.0,0,0,0,0,0,0.0002150535583496,0.0,0.0,0.0,0.0,0.0,0.0,0.0,0.0,0.0,0.0,0.0,0.0,0.0,1.0,1.0,5918,590,592,591.8,0.6324555320336759,591.8,2.229213714599609e-05,10,0.0,1.0
0.0,47,63.5,118818.81019830029,0.0,0.0,0.0,0.0,0.0,0.0,0.0,0,0,0,0,0,8.416175842285156e-05,0.0,0.0,0.0,0.0,0.0,0.0,0.0,0.0,0.0,0.0,0.0,0.0,0.0,1.0,1.0,5920,592,592,592.0,0.0,592.0,9.107589721679688e-06,10,0.0,0.0
0.0,47,63.5,492.4683863847175,0.0,0.0,0.0,0.0,0.0,0.0,0.0,0,0,0,0,0,0.0203058719635009,0.0,0.0,0.0,0.0,0.0,0.0,0.0,0.0,0.0,0.0,0.0,0.0,0.0,1.0,1.0,5920,592,592,592.0,0.0,592.0,0.0020310878753662,10,0.0,0.0
0.0,47,63.5,126334.4578313253,0.0,0.0,0.0,0.0,0.0,0.0,0.0,0,0,0,0,0,7.915496826171875e-05,0.0,0.0,0.0,0.0,0.0,0.0,0.0,0.0,0.0,0.0,0.0,0.0,0.0,1.0,1.0,5920,592,592,592.0,0.0,592.0,1.0013580322265623e-05,10,0.0,0.0
0.0,47,63.5,14747.904360056258,0.0,0.0,0.0,0.0,0.0,0.0,0.0,0,0,0,0,0,0.0006780624389648,0.0,0.0,0.0,0.0,0.0,0.0,0.0,0.0,0.0,0.0,0.0,0.0,0.0,1.0,1.0,5920,592,592,592.0,0.0,592.0,6.809234619140626e-05,10,0.0,0.0
0.0,47,63.5,107546.2564102564,0.0,0.0,0.0,0.0,0.0,0.0,0.0,0,0,0,0,0,9.298324584960938e-05,0.0,0.0,0.0,0.0,0.0,0.0,0.0,0.0,0.0,0.0,0.0,0.0,0.0,1.0,1.0,5920,592,592,592.0,0.0,592.0,1.02996826171875e-05,10,0.0,0.0
0.0,47,63.5,3473.543685300207,0.0,0.0,0.0,0.0,0.0,0.0,0.0,0,0,0,0,0,0.0028789043426513,0.0,0.0,0.0,0.0,0.0,0.0,0.0,0.0,0.0,0.0,0.0,0.0,0.0,1.0,1.0,5920,592,592,592.0,0.0,592.0,0.0002882003784179,10,0.0,0.0
0.0,47,63.5,1393.1787683518237,0.0,0.0,0.0,0.0,0.0,0.0,0.0,0,0,0,0,0,0.0071778297424316,0.0,0.0,0.0,0.0,0.0,0.0,0.0,0.0,0.0,0.0,0.0,0.0,0.0,1.0,1.0,5920,592,592,592.0,0.0,592.0,0.0007181882858276,10,0.0,0.0
0.0,47,63.5,4547.163920208152,0.0,0.0,0.0,0.0,0.0,0.0,0.0,0,0,0,0,0,0.0021991729736328,0.0,0.0,0.0,0.0,0.0,0.0,0.0,0.0,0.0,0.0,0.0,0.0,0.0,1.0,1.0,5795,470,640,579.5,61.51467756198967,579.5,0.0002209186553955,10,0.2428985690516521,4463.836734693878
0.0,47,63.5,11441.091107474089,0.0,0.0,0.0,0.0,0.0,0.0,0.0,0,0,0,0,0,0.0008740425109863,0.0,0.0,0.0,0.0,0.0,0.0,0.0,0.0,0.0,0.0,0.0,0.0,0.0,1.0,1.0,5951,573,616,595.1,16.010066277883492,595.1,8.800029754638672e-05,10,0.0488364205989586,230.69
0.0,47,63.5,2104.4122221664743,0.0,0.0,0.0,0.0,0.0,0.0,0.0,0,0,0,0,0,0.0047519207000732,0.0,0.0,0.0,0.0,0.0,0.0,0.0,0.0,0.0,0.0,0.0,0.0,0.0,1.0,1.0,5961,580,616,596.1,13.211526953552507,596.1,0.0004764795303344,10,0.0357674976197991,225.0
0.0,47,63.5,2673.745139287308,0.0,0.0,0.0,0.0,0.0,0.0,0.0,0,0,0,0,0,0.0037400722503662,0.0,0.0,0.0,0.0,0.0,0.0,0.0,0.0,0.0,0.0,0.0,0.0,0.0,1.0,1.0,5858,559,602,585.8,14.06966792627159,585.8,0.000374412536621,10,0.071903799926446,178.16
0.0,47,63.5,776.2198574997686,0.0,0.0,0.0,0.0,0.0,0.0,0.0,0,0,0,0,0,0.0128829479217529,0.0,0.0,0.0,0.0,0.0,0.0,0.0,0.0,0.0,0.0,0.0,0.0,0.0,1.0,1.0,5727,529,640,572.7,38.548814652478114,572.7,0.0012892007827758,10,0.1329995251368335,1889.34693877551
0.0,47,63.5,5736.977157707564,0.0,0.0,0.0,0.0,0.0,0.0,0.0,0,0,0,0,0,0.0017430782318115,0.0,0.0,0.0,0.0,0.0,0.0,0.0,0.0,0.0,0.0,0.0,0.0,0.0,1.0,1.0,5813,562,599,581.3,13.59779393872403,581.3,0.0001753091812133,10,0.0665991873388786,171.80246913580245
0.0,47,63.5,78840.3007518797,0.0,0.0,0.0,0.0,0.0,0.0,0.0,0,0,0,0,0,0.000126838684082,0.0,0.0,0.0,0.0,0.0,0.0,0.0,0.0,0.0,0.0,0.0,0.0,0.0,1.0,1.0,5803,566,595,580.3,11.954078801814884,580.3,1.3184547424316406e-05,10,0.0591130835407073,167.10204081632654
0.0,47,63.5,2273.212292016693,0.0,0.0,0.0,0.0,0.0,0.0,0.0,0,0,0,0,0,0.0043990612030029,0.0,0.0,0.0,0.0,0.0,0.0,0.0,0.0,0.0,0.0,0.0,0.0,0.0,1.0,1.0,5826,566,594,582.6,10.01332445627658,582.6,0.000440502166748,10,0.0583224978505089,118.40816326530611
0.0,47,63.5,2920.6211266624887,0.0,0.0,0.0,0.0,0.0,0.0,0.0,0,0,0,0,0,0.0034239292144775,0.0,0.0,0.0,0.0,0.0,0.0,0.0,0.0,0.0,0.0,0.0,0.0,0.0,1.0,1.0,5763,470,640,576.3,59.7160875402191,576.3,0.0003427028656005,10,0.2421658954203836,4390.69387755102
0.0,47,63.5,1741.8929357531458,0.0,0.0,0.0,0.0,0.0,0.0,0.0,0,0,0,0,0,0.0057408809661865,0.0,0.0,0.0,0.0,0.0,0.0,0.0,0.0,0.0,0.0,0.0,0.0,0.0,1.0,1.0,5899,587,592,589.9,2.330951164939612,589.9,0.0005770921707153,10,0.0194062762665497,6.25
0.0,47,63.5,242.25347557136837,0.0,0.0,0.0,0.0,0.0,0.0,0.0,0,0,0,0,0,0.0412790775299072,0.0,0.0,0.0,0.0,0.0,0.0,0.0,0.0,0.0,0.0,0.0,0.0,0.0,1.0,1.0,5934,588,597,593.4,3.3730961708462712,593.4,0.0041288137435913,10,0.0181266744561558,16.0
0.0,47,63.5,4975.449584816133,0.0,0.0,0.0,0.0,0.0,0.0,0.0,0,0,0,0,0,0.0020098686218261,0.0,0.0,0.0,0.0,0.0,0.0,0.0,0.0,0.0,0.0,0.0,0.0,0.0,1.0,1.0,5919,589,596,591.9,2.4244128727957577,591.9,0.0002024888992309,10,0.0160360888278619,12.25
0.0,47,63.5,675.2155574873627,0.0,0.0,0.0,0.0,0.0,0.0,0.0,0,0,0,0,0,0.0148100852966308,0.0,0.0,0.0,0.0,0.0,0.0,0.0,0.0,0.0,0.0,0.0,0.0,0.0,1.0,1.0,5768,470,640,576.8,59.88655942696992,576.8,0.0014816045761108,10,0.2422353388481704,4471.428571428572
0.0,47,63.5,68985.26315789473,0.0,0.0,0.0,0.0,0.0,0.0,0.0,0,0,0,0,0,0.0001449584960937,0.0,0.0,0.0,0.0,0.0,0.0,0.0,0.0,0.0,0.0,0.0,0.0,0.0,1.0,1.0,5928,571,609,592.8,12.830519171967367,592.8,1.5091896057128906e-05,10,0.0509494602898926,225.0
0.0,47,63.5,65331.83800623053,0.0,0.0,0.0,0.0,0.0,0.0,0.0,0,0,0,0,0,0.0001530647277832,0.0,0.0,0.0,0.0,0.0,0.0,0.0,0.0,0.0,0.0,0.0,0.0,0.0,1.0,1.0,5840,570,599,584.0,10.1762250149825,584.0,1.6617774963378907e-05,10,0.0515723370221032,96.80555555555556
0.0,47,63.5,110086.719160105,0.0,0.0,0.0,0.0,0.0,0.0,0.0,0,0,0,0,0,9.083747863769533e-05,0.0,0.0,0.0,0.0,0.0,0.0,0.0,0.0,0.0,0.0,0.0,0.0,0.0,1.0,1.0,5881,578,599,588.1,6.488451279003334,588.1,9.679794311523438e-06,10,0.0364370455130147,40.02469135802469
0.0,47,63.5,82565.03937007874,0.0,0.0,0.0,0.0,0.0,0.0,0.0,0,0,0,0,0,0.0001211166381835,0.0,0.0,0.0,0.0,0.0,0.0,0.0,0.0,0.0,0.0,0.0,0.0,0.0,1.0,1.0,5894,583,592,589.4,4.195235392680606,589.4,1.2612342834472656e-05,10,0.0269822310895624,18.88888888888889
0.0,47,63.5,60611.32947976879,0.0,0.0,0.0,0.0,0.0,0.0,0.0,0,0,0,0,0,0.0001649856567382,0.0,0.0,0.0,0.0,0.0,0.0,0.0,0.0,0.0,0.0,0.0,0.0,0.0,1.0,1.0,5920,592,592,592.0,0.0,592.0,1.7094612121582032e-05,10,0.0,0.0
0.0,47,63.5,110960.42328042327,0.0,0.0,0.0,0.0,0.0,0.0,0.0,0,0,0,0,0,9.012222290039062e-05,0.0,0.0,0.0,0.0,0.0,0.0,0.0,0.0,0.0,0.0,0.0,0.0,0.0,1.0,1.0,5920,592,592,592.0,0.0,592.0,9.608268737792968e-06,10,0.0,0.0
0.0,47,63.5,112447.82841823057,0.0,0.0,0.0,0.0,0.0,0.0,0.0,0,0,0,0,0,8.893013000488281e-05,0.0,0.0,0.0,0.0,0.0,0.0,0.0,0.0,0.0,0.0,0.0,0.0,0.0,1.0,1.0,5920,592,592,592.0,0.0,592.0,9.393692016601562e-06,10,0.0,0.0
0.0,47,63.5,104077.0223325062,0.0,0.0,0.0,0.0,0.0,0.0,0.0,0,0,0,0,0,9.608268737792967e-05,0.0,0.0,0.0,0.0,0.0,0.0,0.0,0.0,0.0,0.0,0.0,0.0,0.0,1.0,1.0,5688,470,640,568.8,59.06644093260102,568.8,1.010894775390625e-05,10,0.2419012553783043,4463.836734693878
0.0,47,63.5,110086.719160105,0.0,0.0,0.0,0.0,0.0,0.0,0.0,0,0,0,0,0,9.083747863769533e-05,0.0,0.0,0.0,0.0,0.0,0.0,0.0,0.0,0.0,0.0,0.0,0.0,0.0,1.0,1.0,5865,558,599,586.5,11.900046685249228,586.5,9.584426879882811e-06,10,0.0727241130177031,420.25
0.0,47,63.5,161.27968500061525,0.0,0.0,0.0,0.0,0.0,0.0,0.0,0,0,0,0,0,0.0620040893554687,0.0,0.0,0.0,0.0,0.0,0.0,0.0,0.0,0.0,0.0,0.0,0.0,0.0,1.0,1.0,5898,584,598,589.8,5.308274463305169,589.8,0.0062009096145629,10,0.025731508685372,27.20987654320988
0.0,47,63.5,49286.76850763807,0.0,0.0,0.0,0.0,0.0,0.0,0.0,0,0,0,0,0,0.0002028942108154,0.0,0.0,0.0,0.0,0.0,0.0,0.0,0.0,0.0,0.0,0.0,0.0,0.0,1.0,1.0,5768,563,601,576.8,16.012495120998473,576.8,2.3889541625976563e-05,10,0.0658787100124899,292.8
0.0,47,63.5,87018.75518672199,0.0,0.0,0.0,0.0,0.0,0.0,0.0,0,0,0,0,0,0.0001149177551269,0.0,0.0,0.0,0.0,0.0,0.0,0.0,0.0,0.0,0.0,0.0,0.0,0.0,1.0,1.0,5840,532,640,584.0,37.66224162798126,584.0,1.2111663818359374e-05,10,0.1275259807495745,1689.387755102041
0.0,47,63.5,104077.0223325062,0.0,0.0,0.0,0.0,0.0,0.0,0.0,0,0,0,0,0,9.608268737792967e-05,0.0,0.0,0.0,0.0,0.0,0.0,0.0,0.0,0.0,0.0,0.0,0.0,0.0,1.0,1.0,5785,559,591,578.5,9.947082207584517,578.5,1.010894775390625e-05,10,0.0702244234080816,110.25
0.0,47,63.5,103054.15233415231,0.0,0.0,0.0,0.0,0.0,0.0,0.0,0,0,0,0,0,9.703636169433594e-05,0.0,0.0,0.0,0.0,0.0,0.0,0.0,0.0,0.0,0.0,0.0,0.0,0.0,1.0,1.0,5723,558,579,572.3,8.313977521152088,572.3,1.018047332763672e-05,10,0.0712632918830165,80.85714285714286
0.0,47,63.5,79287.41020793951,0.0,0.0,0.0,0.0,0.0,0.0,0.0,0,0,0,0,0,0.0001261234283447,0.0,0.0,0.0,0.0,0.0,0.0,0.0,0.0,0.0,0.0,0.0,0.0,0.0,1.0,1.0,5809,567,597,580.9,10.49285471165974,580.9,1.3113021850585938e-05,10,0.0568137092953417,99.09
0.0,47,63.5,68422.57748776508,0.0,0.0,0.0,0.0,0.0,0.0,0.0,0,0,0,0,0,0.0001461505889892,0.0,0.0,0.0,0.0,0.0,0.0,0.0,0.0,0.0,0.0,0.0,0.0,0.0,1.0,1.0,5866,568,592,586.6,9.033271832508971,586.6,1.5401840209960936e-05,10,0.0545150036136908,90.0
0.0,47,63.5,68985.26315789473,0.0,0.0,0.0,0.0,0.0,0.0,0.0,0,0,0,0,0,0.0001449584960937,0.0,0.0,0.0,0.0,0.0,0.0,0.0,0.0,0.0,0.0,0.0,0.0,0.0,1.0,1.0,5920,592,592,592.0,0.0,592.0,1.5282630920410155e-05,10,0.0,0.0
0.0,47,63.5,106454.41624365482,0.0,0.0,0.0,0.0,0.0,0.0,0.0,0,0,0,0,0,9.393692016601562e-05,0.0,0.0,0.0,0.0,0.0,0.0,0.0,0.0,0.0,0.0,0.0,0.0,0.0,1.0,1.0,5920,592,592,592.0,0.0,592.0,1.0204315185546874e-05,10,0.0,0.0
0.0,47,63.5,376.3935603137283,0.0,0.0,0.0,0.0,0.0,0.0,0.0,0,0,0,0,0,0.0265679359436035,0.0,0.0,0.0,0.0,0.0,0.0,0.0,0.0,0.0,0.0,0.0,0.0,0.0,1.0,1.0,5920,592,592,592.0,0.0,592.0,0.0026571989059448,10,0.0,0.0
0.0,47,63.5,138884.23841059604,0.0,0.0,0.0,0.0,0.0,0.0,0.0,0,0,0,0,0,7.200241088867188e-05,0.0,0.0,0.0,0.0,0.0,0.0,0.0,0.0,0.0,0.0,0.0,0.0,0.0,1.0,1.0,5920,592,592,592.0,0.0,592.0,8.416175842285156e-06,10,0.0,0.0
0.0,47,63.5,178481.02127659574,0.0,0.0,0.0,0.0,0.0,0.0,0.0,0,0,0,0,0,5.602836608886719e-05,0.0,0.0,0.0,0.0,0.0,0.0,0.0,0.0,0.0,0.0,0.0,0.0,0.0,1.0,1.0,5920,592,592,592.0,0.0,592.0,5.888938903808594e-06,10,0.0,0.0
0.0,47,63.5,175493.8912133891,0.0,0.0,0.0,0.0,0.0,0.0,0.0,0,0,0,0,0,5.698204040527344e-05,0.0,0.0,0.0,0.0,0.0,0.0,0.0,0.0,0.0,0.0,0.0,0.0,0.0,1.0,1.0,5920,592,592,592.0,0.0,592.0,6.008148193359375e-06,10,0.0,0.0
0.0,47,63.5,181571.60173160167,0.0,0.0,0.0,0.0,0.0,0.0,0.0,0,0,0,0,0,5.507469177246094e-05,0.0,0.0,0.0,0.0,0.0,0.0,0.0,0.0,0.0,0.0,0.0,0.0,0.0,1.0,1.0,5920,592,592,592.0,0.0,592.0,5.793571472167969e-06,10,0.0,0.0
0.0,47,63.5,172605.10288065844,0.0,0.0,0.0,0.0,0.0,0.0,0.0,0,0,0,0,0,5.793571472167969e-05,0.0,0.0,0.0,0.0,0.0,0.0,0.0,0.0,0.0,0.0,0.0,0.0,0.0,1.0,1.0,5920,592,592,592.0,0.0,592.0,6.103515625e-06,10,0.0,0.0
0.0,47,63.5,14122.23569023569,0.0,0.0,0.0,0.0,0.0,0.0,0.0,0,0,0,0,0,0.0007081031799316,0.0,0.0,0.0,0.0,0.0,0.0,0.0,0.0,0.0,0.0,0.0,0.0,0.0,1.0,1.0,5920,592,592,592.0,0.0,592.0,7.109642028808593e-05,10,0.0,0.0
0.0,47,63.5,63262.503770739066,0.0,0.0,0.0,0.0,0.0,0.0,0.0,0,0,0,0,0,0.0001580715179443,0.0,0.0,0.0,0.0,0.0,0.0,0.0,0.0,0.0,0.0,0.0,0.0,0.0,1.0,1.0,5920,592,592,592.0,0.0,592.0,1.64031982421875e-05,10,0.0,0.0
0.0,47,63.5,7445.950647967335,0.0,0.0,0.0,0.0,0.0,0.0,0.0,0,0,0,0,0,0.0013430118560791,0.0,0.0,0.0,0.0,0.0,0.0,0.0,0.0,0.0,0.0,0.0,0.0,0.0,1.0,1.0,5920,592,592,592.0,0.0,592.0,0.0001348972320556,10,0.0,0.0
0.0,47,63.5,147168.56140350876,0.0,0.0,0.0,0.0,0.0,0.0,0.0,0,0,0,0,0,6.794929504394531e-05,0.0,0.0,0.0,0.0,0.0,0.0,0.0,0.0,0.0,0.0,0.0,0.0,0.0,1.0,1.0,5791,470,640,579.1,60.78093633880793,579.1,7.891654968261719e-06,10,0.2425996722269768,4463.836734693878
0.0,47,63.5,178481.02127659574,0.0,0.0,0.0,0.0,0.0,0.0,0.0,0,0,0,0,0,5.602836608886719e-05,0.0,0.0,0.0,0.0,0.0,0.0,0.0,0.0,0.0,0.0,0.0,0.0,0.0,1.0,1.0,5802,560,615,580.2,17.376868404737245,580.2,5.91278076171875e-06,10,0.0715468911133537,361.0
0.0,47,63.5,163840.0,0.0,0.0,0.0,0.0,0.0,0.0,0.0,0,0,0,0,0,6.103515625e-05,0.0,0.0,0.0,0.0,0.0,0.0,0.0,0.0,0.0,0.0,0.0,0.0,0.0,1.0,1.0,5821,569,596,582.1,12.55609635020198,582.1,6.389617919921875e-06,10,0.0542459314092182,157.20987654320984
0.0,47,63.5,19682.327545753167,0.0,0.0,0.0,0.0,0.0,0.0,0.0,0,0,0,0,0,0.0005080699920654,0.0,0.0,0.0,0.0,0.0,0.0,0.0,0.0,0.0,0.0,0.0,0.0,0.0,1.0,1.0,5782,558,588,578.2,11.301917241483116,578.2,5.161762237548828e-05,10,0.0724804590074906,115.87654320987654
0.0,47,63.5,97997.7570093458,0.0,0.0,0.0,0.0,0.0,0.0,0.0,0,0,0,0,0,0.0001020431518554,0.0,0.0,0.0,0.0,0.0,0.0,0.0,0.0,0.0,0.0,0.0,0.0,0.0,1.0,1.0,5872,570,592,587.2,9.150591966279192,587.2,1.068115234375e-05,10,0.0511545351433834,104.64
0.0,47,63.5,3495.2533333333336,0.0,0.0,0.0,0.0,0.0,0.0,0.0,0,0,0,0,0,0.0028610229492187,0.0,0.0,0.0,0.0,0.0,0.0,0.0,0.0,0.0,0.0,0.0,0.0,0.0,1.0,1.0,5776,576,592,577.6,5.059644256269405,577.6,0.0002866983413696,10,0.0392632666842339,64.0
0.0,47,63.5,328.12604634424923,0.0,0.0,0.0,0.0,0.0,0.0,0.0,0,0,0,0,0,0.0304760932922363,0.0,0.0,0.0,0.0,0.0,0.0,0.0,0.0,0.0,0.0,0.0,0.0,0.0,1.0,1.0,5760,576,576,576.0,0.0,576.0,0.0030495166778564,10,0.0,0.0
0.0,47,63.5,1687.50915308791,0.0,0.0,0.0,0.0,0.0,0.0,0.0,0,0,0,0,0,0.0059258937835693,0.0,0.0,0.0,0.0,0.0,0.0,0.0,0.0,0.0,0.0,0.0,0.0,0.0,1.0,1.0,5760,576,576,576.0,0.0,576.0,0.0005951881408691,10,0.0,0.0
0.0,47,63.5,687.3767187269539,0.0,0.0,0.0,0.0,0.0,0.0,0.0,0,0,0,0,0,0.0145480632781982,0.0,0.0,0.0,0.0,0.0,0.0,0.0,0.0,0.0,0.0,0.0,0.0,0.0,1.0,1.0,5760,576,576,576.0,0.0,576.0,0.0014569997787475,10,0.0,0.0
0.0,47,63.5,587.0593175265235,0.0,0.0,0.0,0.0,0.0,0.0,0.0,0,0,0,0,0,0.0170340538024902,0.0,0.0,0.0,0.0,0.0,0.0,0.0,0.0,0.0,0.0,0.0,0.0,0.0,1.0,1.0,5893,554,628,589.3,25.126568497199223,589.3,0.0017066001892089,10,0.0849285889430191,1131.2
0.0,47,63.5,178481.02127659574,0.0,0.0,0.0,0.0,0.0,0.0,0.0,0,0,0,0,0,5.602836608886719e-05,0.0,0.0,0.0,0.0,0.0,0.0,0.0,0.0,0.0,0.0,0.0,0.0,0.0,1.0,1.0,5928,589,597,592.8,2.6583202716502514,592.8,5.91278076171875e-06,10,0.0161313733458593,6.36
0.0,47,63.5,172605.10288065844,0.0,0.0,0.0,0.0,0.0,0.0,0.0,0,0,0,0,0,5.793571472167969e-05,0.0,0.0,0.0,0.0,0.0,0.0,0.0,0.0,0.0,0.0,0.0,0.0,0.0,1.0,1.0,5902,586,597,590.2,3.155242550986462,590.2,6.079673767089844e-06,10,0.0214461896055698,8.959999999999999
0.0,47,63.5,5701.106429251054,0.0,0.0,0.0,0.0,0.0,0.0,0.0,0,0,0,0,0,0.0017540454864501,0.0,0.0,0.0,0.0,0.0,0.0,0.0,0.0,0.0,0.0,0.0,0.0,0.0,1.0,1.0,5967,594,600,596.7,2.5841396591085743,596.7,0.0001757144927978,10,0.0075805051315344,6.01
0.0,47,63.5,3532.3429341418223,0.0,0.0,0.0,0.0,0.0,0.0,0.0,0,0,0,0,0,0.0028309822082519,0.0,0.0,0.0,0.0,0.0,0.0,0.0,0.0,0.0,0.0,0.0,0.0,0.0,1.0,1.0,5922,592,594,592.2,0.6324555320336759,592.2,0.0002845048904418,10,0.0,1.0
0.0,47,63.5,134865.08038585208,0.0,0.0,0.0,0.0,0.0,0.0,0.0,0,0,0,0,0,7.414817810058594e-05,0.0,0.0,0.0,0.0,0.0,0.0,0.0,0.0,0.0,0.0,0.0,0.0,0.0,1.0,1.0,5920,592,592,592.0,0.0,592.0,9.703636169433594e-06,10,0.0,0.0
0.0,47,63.5,155922.08178438662,0.0,0.0,0.0,0.0,0.0,0.0,0.0,0,0,0,0,0,6.413459777832031e-05,0.0,0.0,0.0,0.0,0.0,0.0,0.0,0.0,0.0,0.0,0.0,0.0,0.0,1.0,1.0,5920,592,592,592.0,0.0,592.0,6.699562072753907e-06,10,0.0,0.0
0.0,47,63.5,178481.02127659574,0.0,0.0,0.0,0.0,0.0,0.0,0.0,0,0,0,0,0,5.602836608886719e-05,0.0,0.0,0.0,0.0,0.0,0.0,0.0,0.0,0.0,0.0,0.0,0.0,0.0,1.0,1.0,5920,592,592,592.0,0.0,592.0,5.888938903808594e-06,10,0.0,0.0
0.0,47,63.5,52103.1552795031,0.0,0.0,0.0,0.0,0.0,0.0,0.0,0,0,0,0,0,0.0001919269561767,0.0,0.0,0.0,0.0,0.0,0.0,0.0,0.0,0.0,0.0,0.0,0.0,0.0,1.0,1.0,5933,566,628,593.3,21.19250391582416,593.3,1.950263977050781e-05,10,0.0628764483951502,772.8
0.0,47,63.5,103054.15233415231,0.0,0.0,0.0,0.0,0.0,0.0,0.0,0,0,0,0,0,9.703636169433594e-05,0.0,0.0,0.0,0.0,0.0,0.0,0.0,0.0,0.0,0.0,0.0,0.0,0.0,1.0,1.0,5926,591,595,592.6,1.7126976771553506,592.6,1.049041748046875e-05,10,0.012337904525766,3.142857142857143
0.0,47,63.5,109798.5340314136,0.0,0.0,0.0,0.0,0.0,0.0,0.0,0,0,0,0,0,9.107589721679688e-05,0.0,0.0,0.0,0.0,0.0,0.0,0.0,0.0,0.0,0.0,0.0,0.0,0.0,1.0,1.0,5925,590,595,592.5,1.8408935028645437,592.5,9.608268737792968e-06,10,0.014094256377327,3.111111111111111
0.0,47,63.5,137068.75816993465,0.0,0.0,0.0,0.0,0.0,0.0,0.0,0,0,0,0,0,7.295608520507812e-05,0.0,0.0,0.0,0.0,0.0,0.0,0.0,0.0,0.0,0.0,0.0,0.0,0.0,1.0,1.0,5911,587,594,591.1,2.5144029554194813,591.1,7.700920104980468e-06,10,0.0194810071879196,12.25
0.0,47,63.5,169125.16129032258,0.0,0.0,0.0,0.0,0.0,0.0,0.0,0,0,0,0,0,5.91278076171875e-05,0.0,0.0,0.0,0.0,0.0,0.0,0.0,0.0,0.0,0.0,0.0,0.0,0.0,1.0,1.0,5809,470,640,580.9,61.37399014783597,580.9,6.198883056640625e-06,10,0.2428412586266224,6011.04
0.0,47,63.5,175493.8912133891,0.0,0.0,0.0,0.0,0.0,0.0,0.0,0,0,0,0,0,5.698204040527344e-05,0.0,0.0,0.0,0.0,0.0,0.0,0.0,0.0,0.0,0.0,0.0,0.0,0.0,1.0,1.0,5943,571,607,594.3,10.832564075252195,594.3,6.008148193359375e-06,10,0.0501355733016947,105.61
0.0,47,63.5,121927.44186046511,0.0,0.0,0.0,0.0,0.0,0.0,0.0,0,0,0,0,0,8.20159912109375e-05,0.0,0.0,0.0,0.0,0.0,0.0,0.0,0.0,0.0,0.0,0.0,0.0,0.0,1.0,1.0,5790,563,593,579.0,9.955456348712053,579.0,8.487701416015625e-06,10,0.0634113146982113,121.0
0.0,47,63.5,103054.15233415231,0.0,0.0,0.0,0.0,0.0,0.0,0.0,0,0,0,0,0,9.703636169433594e-05,0.0,0.0,0.0,0.0,0.0,0.0,0.0,0.0,0.0,0.0,0.0,0.0,0.0,1.0,1.0,5810,562,609,581.0,18.708286933869708,581.0,1.0204315185546874e-05,10,0.0686809977653812,315.0
0.0,47,63.5,99864.38095238096,0.0,0.0,0.0,0.0,0.0,0.0,0.0,0,0,0,0,0,0.0001001358032226,0.0,0.0,0.0,0.0,0.0,0.0,0.0,0.0,0.0,0.0,0.0,0.0,0.0,1.0,1.0,5929,592,601,592.9,2.846049894151541,592.9,1.0609626770019531e-05,10,0.0110954568848816,20.25
0.0,47,63.5,105384.52261306532,0.0,0.0,0.0,0.0,0.0,0.0,0.0,0,0,0,0,0,9.489059448242188e-05,0.0,0.0,0.0,0.0,0.0,0.0,0.0,0.0,0.0,0.0,0.0,0.0,0.0,1.0,1.0,5920,592,592,592.0,0.0,592.0,9.989738464355468e-06,10,0.0,0.0
0.0,47,63.5,4080.0622568093386,0.0,0.0,0.0,0.0,0.0,0.0,0.0,0,0,0,0,0,0.002450942993164,0.0,0.0,0.0,0.0,0.0,0.0,0.0,0.0,0.0,0.0,0.0,0.0,0.0,1.0,1.0,5920,592,592,592.0,0.0,592.0,0.0002455949783325,10,0.0,0.0
0.0,47,63.5,1163.0491085045614,0.0,0.0,0.0,0.0,0.0,0.0,0.0,0,0,0,0,0,0.0085980892181396,0.0,0.0,0.0,0.0,0.0,0.0,0.0,0.0,0.0,0.0,0.0,0.0,0.0,1.0,1.0,5920,592,592,592.0,0.0,592.0,0.0008604049682617,10,0.0,0.0
0.0,47,63.5,6053.260210708616,0.0,0.0,0.0,0.0,0.0,0.0,0.0,0,0,0,0,0,0.0016520023345947,0.0,0.0,0.0,0.0,0.0,0.0,0.0,0.0,0.0,0.0,0.0,0.0,0.0,1.0,1.0,5920,592,592,592.0,0.0,592.0,0.0001655101776123,10,0.0,0.0
0.0,47,63.5,3262.5264467952707,0.0,0.0,0.0,0.0,0.0,0.0,0.0,0,0,0,0,0,0.0030651092529296,0.0,0.0,0.0,0.0,0.0,0.0,0.0,0.0,0.0,0.0,0.0,0.0,0.0,1.0,1.0,5920,592,592,592.0,0.0,592.0,0.0003078937530517,10,0.0,0.0
0.0,47,63.5,2465.4972960263344,0.0,0.0,0.0,0.0,0.0,0.0,0.0,0,0,0,0,0,0.0040559768676757,0.0,0.0,0.0,0.0,0.0,0.0,0.0,0.0,0.0,0.0,0.0,0.0,0.0,1.0,1.0,5920,592,592,592.0,0.0,592.0,0.0004065990447998,10,0.0,0.0
0.0,47,63.5,753.0709566216605,0.0,0.0,0.0,0.0,0.0,0.0,0.0,0,0,0,0,0,0.0132789611816406,0.0,0.0,0.0,0.0,0.0,0.0,0.0,0.0,0.0,0.0,0.0,0.0,0.0,1.0,1.0,5920,592,592,592.0,0.0,592.0,0.0013283014297485,10,0.0,0.0
0.0,47,63.5,91779.08096280089,0.0,0.0,0.0,0.0,0.0,0.0,0.0,0,0,0,0,0,0.0001089572906494,0.0,0.0,0.0,0.0,0.0,0.0,0.0,0.0,0.0,0.0,0.0,0.0,0.0,1.0,1.0,5803,480,640,580.3,56.52148067573759,580.3,1.1491775512695311e-05,10,0.2238232403680685,5283.84
0.0,47,63.5,2605.481426264132,0.0,0.0,0.0,0.0,0.0,0.0,0.0,0,0,0,0,0,0.0038380622863769,0.0,0.0,0.0,0.0,0.0,0.0,0.0,0.0,0.0,0.0,0.0,0.0,0.0,1.0,1.0,5736,557,607,573.6,20.293403416436146,573.6,0.0003844022750854,10,0.0778473608157194,424.57142857142856
0.0,47,63.5,97997.7570093458,0.0,0.0,0.0,0.0,0.0,0.0,0.0,0,0,0,0,0,0.0001020431518554,0.0,0.0,0.0,0.0,0.0,0.0,0.0,0.0,0.0,0.0,0.0,0.0,0.0,1.0,1.0,5815,563,601,581.5,16.20185174601965,581.5,1.080036163330078e-05,10,0.0659558463272586,298.12244897959187
0.0,47,63.5,101067.56626506025,0.0,0.0,0.0,0.0,0.0,0.0,0.0,0,0,0,0,0,9.894371032714844e-05,0.0,0.0,0.0,0.0,0.0,0.0,0.0,0.0,0.0,0.0,0.0,0.0,0.0,1.0,1.0,5900,579,602,590.0,7.378647873726218,590.0,1.049041748046875e-05,10,0.0350955459978411,52.64
0.0,47,63.5,802.9681248205227,0.0,0.0,0.0,0.0,0.0,0.0,0.0,0,0,0,0,0,0.0124537944793701,0.0,0.0,0.0,0.0,0.0,0.0,0.0,0.0,0.0,0.0,0.0,0.0,0.0,1.0,1.0,5934,560,628,593.4,22.95018760513977,593.4,0.0012459993362426,10,0.0738172384228297,935.0400000000002
0.0,47,63.5,242.88897639619188,0.0,0.0,0.0,0.0,0.0,0.0,0.0,0,0,0,0,0,0.0411710739135742,0.0,0.0,0.0,0.0,0.0,0.0,0.0,0.0,0.0,0.0,0.0,0.0,0.0,1.0,1.0,5908,584,596,590.8,3.966526608171604,590.8,0.0041176080703735,10,0.0251849342791048,14.16
0.0,47,63.5,534.926347740693,0.0,0.0,0.0,0.0,0.0,0.0,0.0,0,0,0,0,0,0.0186941623687744,0.0,0.0,0.0,0.0,0.0,0.0,0.0,0.0,0.0,0.0,0.0,0.0,0.0,1.0,1.0,5946,592,598,594.6,2.1186998109427604,594.6,0.0018731117248535,10,0.0107991635549857,4.444444444444445
0.0,47,63.5,171897.70491803277,0.0,0.0,0.0,0.0,0.0,0.0,0.0,0,0,0,0,0,5.817413330078125e-05,0.0,0.0,0.0,0.0,0.0,0.0,0.0,0.0,0.0,0.0,0.0,0.0,0.0,1.0,1.0,5885,585,594,588.5,2.718251071716682,588.5,6.198883056640625e-06,10,0.0229723067565745,6.65
0.0,47,63.5,149263.487544484,0.0,0.0,0.0,0.0,0.0,0.0,0.0,0,0,0,0,0,6.699562072753906e-05,0.0,0.0,0.0,0.0,0.0,0.0,0.0,0.0,0.0,0.0,0.0,0.0,0.0,1.0,1.0,5919,591,592,591.9,0.3162277660168379,591.9,6.985664367675781e-06,10,0.0,0.25
0.0,47,63.5,154202.35294117648,0.0,0.0,0.0,0.0,0.0,0.0,0.0,0,0,0,0,0,6.4849853515625e-05,0.0,0.0,0.0,0.0,0.0,0.0,0.0,0.0,0.0,0.0,0.0,0.0,0.0,1.0,1.0,5920,592,592,592.0,0.0,592.0,6.794929504394531e-06,10,0.0,0.0
0.0,47,63.5,11654.081689358156,0.0,0.0,0.0,0.0,0.0,0.0,0.0,0,0,0,0,0,0.0008580684661865,0.0,0.0,0.0,0.0,0.0,0.0,0.0,0.0,0.0,0.0,0.0,0.0,0.0,1.0,1.0,5920,592,592,592.0,0.0,592.0,8.6212158203125e-05,10,0.0,0.0
0.0,47,63.5,1105.3349496653138,0.0,0.0,0.0,0.0,0.0,0.0,0.0,0,0,0,0,0,0.0090470314025878,0.0,0.0,0.0,0.0,0.0,0.0,0.0,0.0,0.0,0.0,0.0,0.0,0.0,1.0,1.0,5920,592,592,592.0,0.0,592.0,0.0009052991867065,10,0.0,0.0
0.0,47,63.5,4712.701123595506,0.0,0.0,0.0,0.0,0.0,0.0,0.0,0,0,0,0,0,0.0021219253540039,0.0,0.0,0.0,0.0,0.0,0.0,0.0,0.0,0.0,0.0,0.0,0.0,0.0,1.0,1.0,5907,548,628,590.7,26.783286662477483,590.7,0.0002146959304809,10,0.0958282496548268,1282.56
0.0,47,63.5,588.9304820342886,0.0,0.0,0.0,0.0,0.0,0.0,0.0,0,0,0,0,0,0.0169799327850341,0.0,0.0,0.0,0.0,0.0,0.0,0.0,0.0,0.0,0.0,0.0,0.0,0.0,1.0,1.0,5915,589,595,591.5,2.1213203435596424,591.5,0.001698899269104,10,0.0159126210551523,4.05
0.0,47,63.5,17036.1657189277,0.0,0.0,0.0,0.0,0.0,0.0,0.0,0,0,0,0,0,0.000586986541748,0.0,0.0,0.0,0.0,0.0,0.0,0.0,0.0,0.0,0.0,0.0,0.0,0.0,1.0,1.0,5896,585,596,589.6,3.6575644598253874,589.6,5.970001220703125e-05,10,0.0233549454583544,12.04
0.0,47,63.5,178481.02127659574,0.0,0.0,0.0,0.0,0.0,0.0,0.0,0,0,0,0,0,5.602836608886719e-05,0.0,0.0,0.0,0.0,0.0,0.0,0.0,0.0,0.0,0.0,0.0,0.0,0.0,1.0,1.0,5929,589,599,592.9,3.8427420765212266,592.9,5.91278076171875e-06,10,0.0166138594122916,15.918367346938776
0.0,47,63.5,99864.38095238096,0.0,0.0,0.0,0.0,0.0,0.0,0.0,0,0,0,0,0,0.0001001358032226,0.0,0.0,0.0,0.0,0.0,0.0,0.0,0.0,0.0,0.0,0.0,0.0,0.0,1.0,1.0,5917,589,592,591.7,0.9486832980505135,591.7,1.02996826171875e-05,10,0.0,2.25
0.0,47,63.5,178481.02127659574,0.0,0.0,0.0,0.0,0.0,0.0,0.0,0,0,0,0,0,5.602836608886719e-05,0.0,0.0,0.0,0.0,0.0,0.0,0.0,0.0,0.0,0.0,0.0,0.0,0.0,1.0,1.0,5920,592,592,592.0,0.0,592.0,5.888938903808594e-06,10,0.0,0.0
0.0,47,63.5,182361.0434782609,0.0,0.0,0.0,0.0,0.0,0.0,0.0,0,0,0,0,0,5.4836273193359375e-05,0.0,0.0,0.0,0.0,0.0,0.0,0.0,0.0,0.0,0.0,0.0,0.0,0.0,1.0,1.0,5920,592,592,592.0,0.0,592.0,5.793571472167969e-06,10,0.0,0.0
0.0,47,63.5,175493.8912133891,0.0,0.0,0.0,0.0,0.0,0.0,0.0,0,0,0,0,0,5.698204040527344e-05,0.0,0.0,0.0,0.0,0.0,0.0,0.0,0.0,0.0,0.0,0.0,0.0,0.0,1.0,1.0,5920,592,592,592.0,0.0,592.0,6.008148193359375e-06,10,0.0,0.0
0.0,47,63.5,151967.53623188406,0.0,0.0,0.0,0.0,0.0,0.0,0.0,0,0,0,0,0,6.580352783203125e-05,0.0,0.0,0.0,0.0,0.0,0.0,0.0,0.0,0.0,0.0,0.0,0.0,0.0,1.0,1.0,5662,470,640,566.2,58.26529365277794,566.2,6.890296936035156e-06,10,0.2415749000223956,5999.04
0.0,47,63.5,147168.56140350876,0.0,0.0,0.0,0.0,0.0,0.0,0.0,0,0,0,0,0,6.794929504394531e-05,0.0,0.0,0.0,0.0,0.0,0.0,0.0,0.0,0.0,0.0,0.0,0.0,0.0,1.0,1.0,5879,565,607,587.9,15.3438369821024,587.9,7.104873657226563e-06,10,0.0621980654330292,235.28395061728395
0.0,47,63.5,105120.40100250626,0.0,0.0,0.0,0.0,0.0,0.0,0.0,0,0,0,0,0,9.512901306152344e-05,0.0,0.0,0.0,0.0,0.0,0.0,0.0,0.0,0.0,0.0,0.0,0.0,0.0,1.0,1.0,5836,569,594,583.6,10.002221975363495,583.6,1.010894775390625e-05,10,0.053205585143884,93.28395061728396
0.0,47,63.5,400.655675066389,0.0,0.0,0.0,0.0,0.0,0.0,0.0,0,0,0,0,0,0.0249590873718261,0.0,0.0,0.0,0.0,0.0,0.0,0.0,0.0,0.0,0.0,0.0,0.0,0.0,1.0,1.0,5875,574,620,587.5,13.343745934165396,587.5,0.0024965047836303,10,0.0460461383437415,160.25
0.0,47,63.5,422.72341540601286,0.0,0.0,0.0,0.0,0.0,0.0,0.0,0,0,0,0,0,0.0236561298370361,0.0,0.0,0.0,0.0,0.0,0.0,0.0,0.0,0.0,0.0,0.0,0.0,0.0,1.0,1.0,5792,479,640,579.2,57.89415629692978,579.2,0.0023664951324462,10,0.2260865435091173,5769.839999999999
0.0,47,63.5,174762.66666666666,0.0,0.0,0.0,0.0,0.0,0.0,0.0,0,0,0,0,0,5.7220458984375e-05,0.0,0.0,0.0,0.0,0.0,0.0,0.0,0.0,0.0,0.0,0.0,0.0,0.0,1.0,1.0,5818,561,596,581.8,12.81318765092347,581.8,6.008148193359375e-06,10,0.0679837001214801,178.85714285714286
0.0,47,63.5,163840.0,0.0,0.0,0.0,0.0,0.0,0.0,0.0,0,0,0,0,0,6.103515625e-05,0.0,0.0,0.0,0.0,0.0,0.0,0.0,0.0,0.0,0.0,0.0,0.0,0.0,1.0,1.0,5886,576,614,588.6,15.938771735753182,588.6,6.389617919921875e-06,10,0.0436949880542764,334.64
0.0,47,63.5,179243.7606837607,0.0,0.0,0.0,0.0,0.0,0.0,0.0,0,0,0,0,0,5.5789947509765625e-05,0.0,0.0,0.0,0.0,0.0,0.0,0.0,0.0,0.0,0.0,0.0,0.0,0.0,1.0,1.0,5783,562,599,578.3,13.62228566235001,578.3,5.888938903808594e-06,10,0.0666091642874149,185.35802469135805
0.0,47,63.5,114912.43835616438,0.0,0.0,0.0,0.0,0.0,0.0,0.0,0,0,0,0,0,8.702278137207031e-05,0.0,0.0,0.0,0.0,0.0,0.0,0.0,0.0,0.0,0.0,0.0,0.0,0.0,1.0,1.0,5715,471,640,571.5,58.85433997024632,571.5,9.012222290039062e-06,10,0.2401107239302795,5786.16
0.0,47,63.5,108660.72538860104,0.0,0.0,0.0,0.0,0.0,0.0,0.0,0,0,0,0,0,9.202957153320312e-05,0.0,0.0,0.0,0.0,0.0,0.0,0.0,0.0,0.0,0.0,0.0,0.0,0.0,1.0,1.0,5874,556,618,587.4,21.28745065891065,587.4,9.608268737792968e-06,10,0.0799564259004138,781.76
0.0,47,63.5,2474.077744352032,0.0,0.0,0.0,0.0,0.0,0.0,0.0,0,0,0,0,0,0.0040419101715087,0.0,0.0,0.0,0.0,0.0,0.0,0.0,0.0,0.0,0.0,0.0,0.0,0.0,1.0,1.0,5852,574,592,585.2,7.598245411496876,585.2,0.0004046916961669,10,0.0437056512508273,72.75
0.0,47,63.5,11848.316384180793,0.0,0.0,0.0,0.0,0.0,0.0,0.0,0,0,0,0,0,0.0008440017700195,0.0,0.0,0.0,0.0,0.0,0.0,0.0,0.0,0.0,0.0,0.0,0.0,0.0,1.0,1.0,5809,576,583,580.9,3.3813212407775355,580.9,8.480548858642578e-05,10,0.0385795850206431,12.25
0.0,47,63.5,2053.4142759228434,0.0,0.0,0.0,0.0,0.0,0.0,0.0,0,0,0,0,0,0.0048699378967285,0.0,0.0,0.0,0.0,0.0,0.0,0.0,0.0,0.0,0.0,0.0,0.0,0.0,1.0,1.0,5830,583,583,583.0,0.0,583.0,0.000487995147705,10,0.0,0.0
0.0,47,63.5,179243.7606837607,0.0,0.0,0.0,0.0,0.0,0.0,0.0,0,0,0,0,0,5.5789947509765625e-05,0.0,0.0,0.0,0.0,0.0,0.0,0.0,0.0,0.0,0.0,0.0,0.0,0.0,1.0,1.0,5830,583,583,583.0,0.0,583.0,5.888938903808594e-06,10,0.0,0.0
0.0,47,63.5,158875.15151515152,0.0,0.0,0.0,0.0,0.0,0.0,0.0,0,0,0,0,0,6.29425048828125e-05,0.0,0.0,0.0,0.0,0.0,0.0,0.0,0.0,0.0,0.0,0.0,0.0,0.0,1.0,1.0,5777,528,640,577.7,31.65455908887551,577.7,6.604194641113281e-06,10,0.1318952111904444,901.81
0.0,47,63.5,13906.84350132626,0.0,0.0,0.0,0.0,0.0,0.0,0.0,0,0,0,0,0,0.0007190704345703,0.0,0.0,0.0,0.0,0.0,0.0,0.0,0.0,0.0,0.0,0.0,0.0,0.0,1.0,1.0,5838,570,640,583.8,20.68171495145732,583.8,7.221698760986328e-05,10,0.0558518534026256,729.0
0.0,47,63.5,140748.45637583893,0.0,0.0,0.0,0.0,0.0,0.0,0.0,0,0,0,0,0,7.104873657226562e-05,0.0,0.0,0.0,0.0,0.0,0.0,0.0,0.0,0.0,0.0,0.0,0.0,0.0,1.0,1.0,5818,567,589,581.8,9.223159256278006,581.8,7.390975952148437e-06,10,0.0562964861546374,81.609375
0.0,47,63.5,178481.02127659574,0.0,0.0,0.0,0.0,0.0,0.0,0.0,0,0,0,0,0,5.602836608886719e-05,0.0,0.0,0.0,0.0,0.0,0.0,0.0,0.0,0.0,0.0,0.0,0.0,0.0,1.0,1.0,5853,573,597,585.3,8.420213774008351,585.3,5.888938903808594e-06,10,0.04574461828298,116.64
0.0,47,63.5,138884.23841059604,0.0,0.0,0.0,0.0,0.0,0.0,0.0,0,0,0,0,0,7.200241088867188e-05,0.0,0.0,0.0,0.0,0.0,0.0,0.0,0.0,0.0,0.0,0.0,0.0,0.0,1.0,1.0,5813,558,628,581.3,19.096538371594413,581.3,7.510185241699219e-06,10,0.0756556758710527,328.21
0.0,47,63.5,75301.68761220826,0.0,0.0,0.0,0.0,0.0,0.0,0.0,0,0,0,0,0,0.0001327991485595,0.0,0.0,0.0,0.0,0.0,0.0,0.0,0.0,0.0,0.0,0.0,0.0,0.0,1.0,1.0,5939,584,628,593.9,12.53838550655989,593.9,1.6689300537109375e-05,10,0.0286767667199522,289.0
0.0,47,63.5,391.3728783510157,0.0,0.0,0.0,0.0,0.0,0.0,0.0,0,0,0,0,0,0.0255510807037353,0.0,0.0,0.0,0.0,0.0,0.0,0.0,0.0,0.0,0.0,0.0,0.0,0.0,1.0,1.0,5945,593,596,594.5,1.1785113019775793,594.5,0.002555513381958,10,0.0087120383639736,2.16
0.0,47,63.5,1380.6135615536537,0.0,0.0,0.0,0.0,0.0,0.0,0.0,0,0,0,0,0,0.0072431564331054,0.0,0.0,0.0,0.0,0.0,0.0,0.0,0.0,0.0,0.0,0.0,0.0,0.0,1.0,1.0,5920,589,595,592.0,2.581988897471611,592.0,0.000727105140686,10,0.0161002789972739,6.172839506172839
0.0,47,63.5,161319.38461538462,0.0,0.0,0.0,0.0,0.0,0.0,0.0,0,0,0,0,0,6.198883056640625e-05,0.0,0.0,0.0,0.0,0.0,0.0,0.0,0.0,0.0,0.0,0.0,0.0,0.0,1.0,1.0,5712,470,640,571.2,55.70916541388061,571.2,6.580352783203125e-06,10,0.2405336356229984,2793.1600000000003
0.0,47,63.5,175493.8912133891,0.0,0.0,0.0,0.0,0.0,0.0,0.0,0,0,0,0,0,5.698204040527344e-05,0.0,0.0,0.0,0.0,0.0,0.0,0.0,0.0,0.0,0.0,0.0,0.0,0.0,1.0,1.0,5882,565,640,588.2,22.996618108853404,588.2,6.008148193359375e-06,10,0.0653155023528225,616.56
0.0,47,63.5,14619.393516904844,0.0,0.0,0.0,0.0,0.0,0.0,0.0,0,0,0,0,0,0.0006840229034423,0.0,0.0,0.0,0.0,0.0,0.0,0.0,0.0,0.0,0.0,0.0,0.0,0.0,1.0,1.0,5775,564,595,577.5,13.41847813858023,577.5,6.871223449707031e-05,10,0.063117881254532,193.3877551020408
0.0,47,63.5,97090.37037037036,0.0,0.0,0.0,0.0,0.0,0.0,0.0,0,0,0,0,0,0.0001029968261718,0.0,0.0,0.0,0.0,0.0,0.0,0.0,0.0,0.0,0.0,0.0,0.0,0.0,1.0,1.0,5932,575,606,593.2,12.673682267684566,593.2,1.0991096496582032e-05,10,0.044069051208564,173.9591836734694
0.0,47,63.5,126716.1329305136,0.0,0.0,0.0,0.0,0.0,0.0,0.0,0,0,0,0,0,7.891654968261719e-05,0.0,0.0,0.0,0.0,0.0,0.0,0.0,0.0,0.0,0.0,0.0,0.0,0.0,1.0,1.0,5771,501,640,577.1,43.96576951321208,577.1,8.296966552734374e-06,10,0.182921815868902,1739.69
0.0,47,63.5,103054.15233415231,0.0,0.0,0.0,0.0,0.0,0.0,0.0,0,0,0,0,0,9.703636169433594e-05,0.0,0.0,0.0,0.0,0.0,0.0,0.0,0.0,0.0,0.0,0.0,0.0,0.0,1.0,1.0,5887,575,640,588.7,19.596201445971904,588.7,1.0204315185546874e-05,10,0.0468890086210311,930.25
0.0,47,63.5,97997.7570093458,0.0,0.0,0.0,0.0,0.0,0.0,0.0,0,0,0,0,0,0.0001020431518554,0.0,0.0,0.0,0.0,0.0,0.0,0.0,0.0,0.0,0.0,0.0,0.0,0.0,1.0,1.0,5824,568,599,582.4,9.453982112198952,582.4,1.080036163330078e-05,10,0.0546863841532253,240.25
0.0,47,63.5,917.2488901524264,0.0,0.0,0.0,0.0,0.0,0.0,0.0,0,0,0,0,0,0.0109021663665771,0.0,0.0,0.0,0.0,0.0,0.0,0.0,0.0,0.0,0.0,0.0,0.0,0.0,1.0,1.0,5815,567,595,581.5,10.91634859587521,581.5,0.0010909080505371,10,0.0569862237640157,129.83673469387756
0.0,47,63.5,151418.91696750902,0.0,0.0,0.0,0.0,0.0,0.0,0.0,0,0,0,0,0,6.604194641113281e-05,0.0,0.0,0.0,0.0,0.0,0.0,0.0,0.0,0.0,0.0,0.0,0.0,0.0,1.0,1.0,5752,538,640,575.2,28.13775636637245,575.2,6.890296936035156e-06,10,0.1134213064334055,712.5600000000001
0.0,47,63.5,164482.50980392157,0.0,0.0,0.0,0.0,0.0,0.0,0.0,0,0,0,0,0,6.079673767089844e-05,0.0,0.0,0.0,0.0,0.0,0.0,0.0,0.0,0.0,0.0,0.0,0.0,0.0,1.0,1.0,5968,592,640,596.8,15.17893276880822,596.8,6.389617919921875e-06,10,0.0161193800527017,576.0
0.0,47,63.5,178481.02127659574,0.0,0.0,0.0,0.0,0.0,0.0,0.0,0,0,0,0,0,5.602836608886719e-05,0.0,0.0,0.0,0.0,0.0,0.0,0.0,0.0,0.0,0.0,0.0,0.0,0.0,1.0,1.0,5920,592,592,592.0,0.0,592.0,5.91278076171875e-06,10,0.0,0.0
0.0,47,63.5,181571.60173160167,0.0,0.0,0.0,0.0,0.0,0.0,0.0,0,0,0,0,0,5.507469177246094e-05,0.0,0.0,0.0,0.0,0.0,0.0,0.0,0.0,0.0,0.0,0.0,0.0,0.0,1.0,1.0,5920,592,592,592.0,0.0,592.0,5.793571472167969e-06,10,0.0,0.0
0.0,47,63.5,182361.0434782609,0.0,0.0,0.0,0.0,0.0,0.0,0.0,0,0,0,0,0,5.4836273193359375e-05,0.0,0.0,0.0,0.0,0.0,0.0,0.0,0.0,0.0,0.0,0.0,0.0,0.0,1.0,1.0,5920,592,592,592.0,0.0,592.0,5.793571472167969e-06,10,0.0,0.0
0.0,47,63.5,3716.04855143085,0.0,0.0,0.0,0.0,0.0,0.0,0.0,0,0,0,0,0,0.0026910305023193,0.0,0.0,0.0,0.0,0.0,0.0,0.0,0.0,0.0,0.0,0.0,0.0,0.0,1.0,1.0,5920,592,592,592.0,0.0,592.0,0.0002694129943847,10,0.0,0.0
0.0,47,63.5,777.9042249341593,0.0,0.0,0.0,0.0,0.0,0.0,0.0,0,0,0,0,0,0.012855052947998,0.0,0.0,0.0,0.0,0.0,0.0,0.0,0.0,0.0,0.0,0.0,0.0,0.0,1.0,1.0,5920,592,592,592.0,0.0,592.0,0.001286506652832,10,0.0,0.0
0.0,47,63.5,105384.52261306532,0.0,0.0,0.0,0.0,0.0,0.0,0.0,0,0,0,0,0,9.489059448242188e-05,0.0,0.0,0.0,0.0,0.0,0.0,0.0,0.0,0.0,0.0,0.0,0.0,0.0,1.0,1.0,5920,592,592,592.0,0.0,592.0,9.989738464355468e-06,10,0.0,0.0
0.0,47,63.5,567.733831451853,0.0,0.0,0.0,0.0,0.0,0.0,0.0,0,0,0,0,0,0.0176138877868652,0.0,0.0,0.0,0.0,0.0,0.0,0.0,0.0,0.0,0.0,0.0,0.0,0.0,1.0,1.0,5920,592,592,592.0,0.0,592.0,0.0017618894577026,10,0.0,0.0
0.0,47,63.5,2965.639538994556,0.0,0.0,0.0,0.0,0.0,0.0,0.0,0,0,0,0,0,0.0033719539642333,0.0,0.0,0.0,0.0,0.0,0.0,0.0,0.0,0.0,0.0,0.0,0.0,0.0,1.0,1.0,5932,555,628,593.2,24.48945351234554,593.2,0.0003376007080078,10,0.0829649237827891,1065.84
0.0,47,63.5,52363.34581772784,0.0,0.0,0.0,0.0,0.0,0.0,0.0,0,0,0,0,0,0.0001909732818603,0.0,0.0,0.0,0.0,0.0,0.0,0.0,0.0,0.0,0.0,0.0,0.0,0.0,1.0,1.0,5927,586,600,592.7,4.945255863507525,592.7,2.0599365234375e-05,10,0.0221753694285584,22.01
0.0,47,63.5,507.12805445730106,0.0,0.0,0.0,0.0,0.0,0.0,0.0,0,0,0,0,0,0.0197188854217529,0.0,0.0,0.0,0.0,0.0,0.0,0.0,0.0,0.0,0.0,0.0,0.0,0.0,1.0,1.0,5894,585,593,589.4,3.3399933466334266,589.4,0.0019726991653442,10,0.0232255796896846,10.04
0.0,47,63.5,12420.207284572103,0.0,0.0,0.0,0.0,0.0,0.0,0.0,0,0,0,0,0,0.0008051395416259,0.0,0.0,0.0,0.0,0.0,0.0,0.0,0.0,0.0,0.0,0.0,0.0,0.0,1.0,1.0,5880,581,594,588.0,4.69041575982343,588.0,8.20159912109375e-05,10,0.0305922077639216,21.876543209876544
0.0,47,63.5,91779.08096280089,0.0,0.0,0.0,0.0,0.0,0.0,0.0,0,0,0,0,0,0.0001089572906494,0.0,0.0,0.0,0.0,0.0,0.0,0.0,0.0,0.0,0.0,0.0,0.0,0.0,1.0,1.0,5759,518,640,575.9,41.69585644215076,575.9,1.1396408081054689e-05,10,0.1530269340802745,2987.04
0.0,47,63.5,346.5250043374449,0.0,0.0,0.0,0.0,0.0,0.0,0.0,0,0,0,0,0,0.028857946395874,0.0,0.0,0.0,0.0,0.0,0.0,0.0,0.0,0.0,0.0,0.0,0.0,0.0,1.0,1.0,5849,569,594,584.9,7.294594650226365,584.9,0.0028862953186035,10,0.0521026060767162,47.89
0.0,47,63.5,172605.10288065844,0.0,0.0,0.0,0.0,0.0,0.0,0.0,0,0,0,0,0,5.793571472167969e-05,0.0,0.0,0.0,0.0,0.0,0.0,0.0,0.0,0.0,0.0,0.0,0.0,0.0,1.0,1.0,5747,562,585,574.7,8.219894565422763,574.7,6.198883056640625e-06,10,0.0644084462501706,86.24489795918369
0.0,47,63.5,178481.02127659574,0.0,0.0,0.0,0.0,0.0,0.0,0.0,0,0,0,0,0,5.602836608886719e-05,0.0,0.0,0.0,0.0,0.0,0.0,0.0,0.0,0.0,0.0,0.0,0.0,0.0,1.0,1.0,5794,572,590,579.4,6.239658110292048,579.4,5.91278076171875e-06,10,0.0465604771278085,36.0
0.0,47,63.5,126334.4578313253,0.0,0.0,0.0,0.0,0.0,0.0,0.0,0,0,0,0,0,7.915496826171875e-05,0.0,0.0,0.0,0.0,0.0,0.0,0.0,0.0,0.0,0.0,0.0,0.0,0.0,1.0,1.0,5847,521,640,584.7,40.326583457234925,584.7,8.20159912109375e-06,10,0.1473567570371392,2846.6400000000003
0.0,47,63.5,998.2872783529692,0.0,0.0,0.0,0.0,0.0,0.0,0.0,0,0,0,0,0,0.0100171566009521,0.0,0.0,0.0,0.0,0.0,0.0,0.0,0.0,0.0,0.0,0.0,0.0,0.0,1.0,1.0,5780,568,588,578.0,7.226494462892933,578.0,0.0010020971298217,10,0.053778994784404,57.55102040816327
0.0,47,63.5,598.0499907318952,0.0,0.0,0.0,0.0,0.0,0.0,0.0,0,0,0,0,0,0.0167210102081298,0.0,0.0,0.0,0.0,0.0,0.0,0.0,0.0,0.0,0.0,0.0,0.0,0.0,1.0,1.0,5778,571,586,577.8,5.202563470700446,577.8,0.001672887802124,10,0.0478421362554245,25.80246913580247
0.0,47,63.5,59241.58192090396,0.0,0.0,0.0,0.0,0.0,0.0,0.0,0,0,0,0,0,0.0001688003540039,0.0,0.0,0.0,0.0,0.0,0.0,0.0,0.0,0.0,0.0,0.0,0.0,0.0,1.0,1.0,5786,571,588,578.6,6.484168755086841,578.6,1.8596649169921875e-05,10,0.0483642109840722,44.48979591836735
0.0,47,63.5,92589.49227373068,0.0,0.0,0.0,0.0,0.0,0.0,0.0,0,0,0,0,0,0.000108003616333,0.0,0.0,0.0,0.0,0.0,0.0,0.0,0.0,0.0,0.0,0.0,0.0,0.0,1.0,1.0,5796,484,640,579.6,54.82335268843014,579.6,1.1301040649414062e-05,10,0.2163149709511588,4951.84
0.0,47,63.5,50231.18562874252,0.0,0.0,0.0,0.0,0.0,0.0,0.0,0,0,0,0,0,0.0001990795135498,0.0,0.0,0.0,0.0,0.0,0.0,0.0,0.0,0.0,0.0,0.0,0.0,0.0,1.0,1.0,5752,556,595,575.2,13.53021310499826,575.2,2.040863037109375e-05,10,0.076796437610452,183.06172839506172
0.0,47,63.5,68422.57748776508,0.0,0.0,0.0,0.0,0.0,0.0,0.0,0,0,0,0,0,0.0001461505889892,0.0,0.0,0.0,0.0,0.0,0.0,0.0,0.0,0.0,0.0,0.0,0.0,0.0,1.0,1.0,5809,564,602,580.9,16.20322327330104,580.9,1.5401840209960936e-05,10,0.0642522750326119,236.29
0.0,47,63.5,35069.43143812709,0.0,0.0,0.0,0.0,0.0,0.0,0.0,0,0,0,0,0,0.0002851486206054,0.0,0.0,0.0,0.0,0.0,0.0,0.0,0.0,0.0,0.0,0.0,0.0,0.0,1.0,1.0,5768,564,590,576.8,10.271860158272752,576.8,2.9301643371582036e-05,10,0.061836074954074,102.66666666666669
0.0,47,63.5,103054.15233415231,0.0,0.0,0.0,0.0,0.0,0.0,0.0,0,0,0,0,0,9.703636169433594e-05,0.0,0.0,0.0,0.0,0.0,0.0,0.0,0.0,0.0,0.0,0.0,0.0,0.0,1.0,1.0,5900,572,592,590.0,6.324555320336759,590.0,1.1587142944335938e-05,10,0.0465950608552924,100.0
0.0,47,63.5,175493.8912133891,0.0,0.0,0.0,0.0,0.0,0.0,0.0,0,0,0,0,0,5.698204040527344e-05,0.0,0.0,0.0,0.0,0.0,0.0,0.0,0.0,0.0,0.0,0.0,0.0,0.0,1.0,1.0,5920,592,592,592.0,0.0,592.0,6.008148193359375e-06,10,0.0,0.0
0.0,47,63.5,179243.7606837607,0.0,0.0,0.0,0.0,0.0,0.0,0.0,0,0,0,0,0,5.5789947509765625e-05,0.0,0.0,0.0,0.0,0.0,0.0,0.0,0.0,0.0,0.0,0.0,0.0,0.0,1.0,1.0,5920,592,592,592.0,0.0,592.0,5.888938903808594e-06,10,0.0,0.0
0.0,47,63.5,178481.02127659574,0.0,0.0,0.0,0.0,0.0,0.0,0.0,0,0,0,0,0,5.602836608886719e-05,0.0,0.0,0.0,0.0,0.0,0.0,0.0,0.0,0.0,0.0,0.0,0.0,0.0,1.0,1.0,5920,592,592,592.0,0.0,592.0,5.91278076171875e-06,10,0.0,0.0
0.0,47,63.5,169809.87854251012,0.0,0.0,0.0,0.0,0.0,0.0,0.0,0,0,0,0,0,5.888938903808594e-05,0.0,0.0,0.0,0.0,0.0,0.0,0.0,0.0,0.0,0.0,0.0,0.0,0.0,1.0,1.0,5808,532,640,580.8,36.70543405122584,580.8,6.198883056640625e-06,10,0.1271362156151074,2338.56
0.0,47,63.5,182361.0434782609,0.0,0.0,0.0,0.0,0.0,0.0,0.0,0,0,0,0,0,5.4836273193359375e-05,0.0,0.0,0.0,0.0,0.0,0.0,0.0,0.0,0.0,0.0,0.0,0.0,0.0,1.0,1.0,5796,570,591,579.6,7.662317607037123,579.6,5.793571472167969e-06,10,0.0505482717004026,90.25
0.0,47,63.5,181571.60173160167,0.0,0.0,0.0,0.0,0.0,0.0,0.0,0,0,0,0,0,5.507469177246094e-05,0.0,0.0,0.0,0.0,0.0,0.0,0.0,0.0,0.0,0.0,0.0,0.0,0.0,1.0,1.0,5814,573,597,581.4,9.406853293683753,581.4,5.817413330078125e-06,10,0.046146535757715,123.04
0.0,47,63.5,149263.487544484,0.0,0.0,0.0,0.0,0.0,0.0,0.0,0,0,0,0,0,6.699562072753906e-05,0.0,0.0,0.0,0.0,0.0,0.0,0.0,0.0,0.0,0.0,0.0,0.0,0.0,1.0,1.0,5740,555,588,574.0,11.916375287812984,574.0,6.985664367675781e-06,10,0.0778431546372435,168.69387755102042
0.0,47,63.5,120525.97701149424,0.0,0.0,0.0,0.0,0.0,0.0,0.0,0,0,0,0,0,8.296966552734375e-05,0.0,0.0,0.0,0.0,0.0,0.0,0.0,0.0,0.0,0.0,0.0,0.0,0.0,1.0,1.0,5744,496,640,574.4,48.44745148669387,574.4,8.702278137207031e-06,10,0.1932681238376196,4163.2
0.0,47,63.5,123361.88235294116,0.0,0.0,0.0,0.0,0.0,0.0,0.0,0,0,0,0,0,8.106231689453125e-05,0.0,0.0,0.0,0.0,0.0,0.0,0.0,0.0,0.0,0.0,0.0,0.0,0.0,1.0,1.0,5665,511,599,566.5,28.605555016076472,566.5,8.511543273925782e-06,10,0.1596233788913489,736.45
0.0,47,63.5,120525.97701149424,0.0,0.0,0.0,0.0,0.0,0.0,0.0,0,0,0,0,0,8.296966552734375e-05,0.0,0.0,0.0,0.0,0.0,0.0,0.0,0.0,0.0,0.0,0.0,0.0,0.0,1.0,1.0,5852,511,640,585.2,36.87154880271659,585.2,9.083747863769532e-06,10,0.1629906141202746,4160.25
0.0,47,63.5,463.9306256083533,0.0,0.0,0.0,0.0,0.0,0.0,0.0,0,0,0,0,0,0.021554946899414,0.0,0.0,0.0,0.0,0.0,0.0,0.0,0.0,0.0,0.0,0.0,0.0,0.0,1.0,1.0,5786,571,593,578.6,6.449806198638839,578.6,0.0021559953689575,10,0.0483502130530775,37.44
0.0,47,63.5,5009.918776875299,0.0,0.0,0.0,0.0,0.0,0.0,0.0,0,0,0,0,0,0.0019960403442382,0.0,0.0,0.0,0.0,0.0,0.0,0.0,0.0,0.0,0.0,0.0,0.0,0.0,1.0,1.0,5848,570,594,584.8,9.507891459203767,584.8,0.000200605392456,10,0.0513000846648212,96.12244897959184
0.0,47,63.5,126716.1329305136,0.0,0.0,0.0,0.0,0.0,0.0,0.0,0,0,0,0,0,7.891654968261719e-05,0.0,0.0,0.0,0.0,0.0,0.0,0.0,0.0,0.0,0.0,0.0,0.0,0.0,1.0,1.0,5657,470,581,565.7,33.94456264754833,565.7,8.296966552734374e-06,10,0.2316676070401053,1037.01
0.0,47,63.5,9804.357176250584,0.0,0.0,0.0,0.0,0.0,0.0,0.0,0,0,0,0,0,0.0010199546813964,0.0,0.0,0.0,0.0,0.0,0.0,0.0,0.0,0.0,0.0,0.0,0.0,0.0,1.0,1.0,5804,470,640,580.4,47.001654817203566,580.4,0.0001034975051879,10,0.236986544106336,7225.0
0.0,47,63.5,178481.02127659574,0.0,0.0,0.0,0.0,0.0,0.0,0.0,0,0,0,0,0,5.602836608886719e-05,0.0,0.0,0.0,0.0,0.0,0.0,0.0,0.0,0.0,0.0,0.0,0.0,0.0,1.0,1.0,5727,560,587,572.7,9.557428756964104,572.7,5.91278076171875e-06,10,0.0683615641784369,154.8
0.0,47,63.5,174762.66666666666,0.0,0.0,0.0,0.0,0.0,0.0,0.0,0,0,0,0,0,5.7220458984375e-05,0.0,0.0,0.0,0.0,0.0,0.0,0.0,0.0,0.0,0.0,0.0,0.0,0.0,1.0,1.0,5821,571,602,582.1,11.53208085684838,582.1,6.008148193359375e-06,10,0.0504205284578458,131.11111111111111
0.0,47,63.5,175493.8912133891,0.0,0.0,0.0,0.0,0.0,0.0,0.0,0,0,0,0,0,5.698204040527344e-05,0.0,0.0,0.0,0.0,0.0,0.0,0.0,0.0,0.0,0.0,0.0,0.0,0.0,1.0,1.0,5865,559,603,586.5,12.447668233225228,586.5,5.984306335449219e-06,10,0.0712430621314866,139.45
0.0,47,63.5,179243.7606837607,0.0,0.0,0.0,0.0,0.0,0.0,0.0,0,0,0,0,0,5.5789947509765625e-05,0.0,0.0,0.0,0.0,0.0,0.0,0.0,0.0,0.0,0.0,0.0,0.0,0.0,1.0,1.0,5985,559,628,598.5,19.432218378535968,598.5,6.29425048828125e-06,10,0.0740882884786804,1190.25
0.0,47,63.5,2845.718162697605,0.0,0.0,0.0,0.0,0.0,0.0,0.0,0,0,0,0,0,0.0035140514373779,0.0,0.0,0.0,0.0,0.0,0.0,0.0,0.0,0.0,0.0,0.0,0.0,0.0,1.0,1.0,5906,585,596,590.6,4.195235392680606,590.6,0.0003517150878906,10,0.0235739710895623,17.555555555555557
0.0,47,63.5,706.0166980877996,0.0,0.0,0.0,0.0,0.0,0.0,0.0,0,0,0,0,0,0.0141639709472656,0.0,0.0,0.0,0.0,0.0,0.0,0.0,0.0,0.0,0.0,0.0,0.0,0.0,1.0,1.0,5915,588,597,591.5,3.5039660069381067,591.5,0.0014171838760375,10,0.0181799855925862,11.05
0.0,47,63.5,1457.722170090015,0.0,0.0,0.0,0.0,0.0,0.0,0.0,0,0,0,0,0,0.0068600177764892,0.0,0.0,0.0,0.0,0.0,0.0,0.0,0.0,0.0,0.0,0.0,0.0,0.0,1.0,1.0,5886,571,597,588.6,7.633260552782582,588.6,0.0006900072097778,10,0.0488323050187815,52.44
0.0,47,63.5,5966.2930298719775,0.0,0.0,0.0,0.0,0.0,0.0,0.0,0,0,0,0,0,0.0016760826110839,0.0,0.0,0.0,0.0,0.0,0.0,0.0,0.0,0.0,0.0,0.0,0.0,0.0,1.0,1.0,5993,571,628,599.3,16.9905202326997,599.3,0.0001733064651489,10,0.0526440783219926,812.25
0.0,47,63.5,8644.484748557295,0.0,0.0,0.0,0.0,0.0,0.0,0.0,0,0,0,0,0,0.0011568069458007,0.0,0.0,0.0,0.0,0.0,0.0,0.0,0.0,0.0,0.0,0.0,0.0,0.0,1.0,1.0,5931,587,600,593.1,5.425249610233,593.1,0.0001160860061645,10,0.0206667696812244,34.8
0.0,47,63.5,158875.15151515152,0.0,0.0,0.0,0.0,0.0,0.0,0.0,0,0,0,0,0,6.29425048828125e-05,0.0,0.0,0.0,0.0,0.0,0.0,0.0,0.0,0.0,0.0,0.0,0.0,0.0,1.0,1.0,5918,585,596,591.8,3.7058512292499457,591.8,7.414817810058594e-06,10,0.0233746155567472,12.36
0.0,47,63.5,169125.16129032258,0.0,0.0,0.0,0.0,0.0,0.0,0.0,0,0,0,0,0,5.91278076171875e-05,0.0,0.0,0.0,0.0,0.0,0.0,0.0,0.0,0.0,0.0,0.0,0.0,0.0,1.0,1.0,5825,512,593,582.5,24.90537648335752,582.5,6.198883056640625e-06,10,0.1564119441642605,558.25
0.0,47,63.5,243.7953522976948,0.0,0.0,0.0,0.0,0.0,0.0,0.0,0,0,0,0,0,0.041018009185791,0.0,0.0,0.0,0.0,0.0,0.0,0.0,0.0,0.0,0.0,0.0,0.0,0.0,1.0,1.0,5878,512,640,587.8,35.683173750227,587.8,0.0041028022766113,10,0.1608023876588925,4096.0
0.0,47,63.5,59918.62857142857,0.0,0.0,0.0,0.0,0.0,0.0,0.0,0,0,0,0,0,0.000166893005371,0.0,0.0,0.0,0.0,0.0,0.0,0.0,0.0,0.0,0.0,0.0,0.0,0.0,1.0,1.0,5885,582,594,588.5,4.503085362035432,588.5,1.7690658569335938e-05,10,0.0288117668530787,20.0
0.0,47,63.5,60262.988505747126,0.0,0.0,0.0,0.0,0.0,0.0,0.0,0,0,0,0,0,0.0001659393310546,0.0,0.0,0.0,0.0,0.0,0.0,0.0,0.0,0.0,0.0,0.0,0.0,0.0,1.0,1.0,5831,566,592,583.1,9.51548445663406,583.1,1.7595291137695312e-05,10,0.0581196977482545,145.44
0.0,47,63.5,39831.94681861348,0.0,0.0,0.0,0.0,0.0,0.0,0.0,0,0,0,0,0,0.0002510547637939,0.0,0.0,0.0,0.0,0.0,0.0,0.0,0.0,0.0,0.0,0.0,0.0,0.0,1.0,1.0,5826,540,595,582.6,16.574411335281596,582.6,2.610683441162109e-05,10,0.1053026022015403,247.24
0.0,47,63.5,53227.20812182741,0.0,0.0,0.0,0.0,0.0,0.0,0.0,0,0,0,0,0,0.000187873840332,0.0,0.0,0.0,0.0,0.0,0.0,0.0,0.0,0.0,0.0,0.0,0.0,0.0,1.0,1.0,5933,540,628,593.3,24.25810288451171,593.3,2.179145812988281e-05,10,0.1084326307910347,1936.0
0.0,47,63.5,60262.988505747126,0.0,0.0,0.0,0.0,0.0,0.0,0.0,0,0,0,0,0,0.0001659393310546,0.0,0.0,0.0,0.0,0.0,0.0,0.0,0.0,0.0,0.0,0.0,0.0,0.0,1.0,1.0,5901,586,596,590.1,4.1486276177925525,590.1,1.749992370605469e-05,10,0.0218508549463839,18.69387755102041
0.0,47,63.5,57456.21917808219,0.0,0.0,0.0,0.0,0.0,0.0,0.0,0,0,0,0,0,0.0001740455627441,0.0,0.0,0.0,0.0,0.0,0.0,0.0,0.0,0.0,0.0,0.0,0.0,0.0,1.0,1.0,5922,586,595,592.2,3.425395354310701,592.2,1.8310546875e-05,10,0.021556239051532,11.484375
0.0,47,63.5,2829.7827553636484,0.0,0.0,0.0,0.0,0.0,0.0,0.0,0,0,0,0,0,0.0035338401794433,0.0,0.0,0.0,0.0,0.0,0.0,0.0,0.0,0.0,0.0,0.0,0.0,0.0,1.0,1.0,5877,531,600,587.7,20.31994094479608,587.7,0.0003541946411132,10,0.1221655511432721,371.61
0.0,47,63.5,167103.74501992032,0.0,0.0,0.0,0.0,0.0,0.0,0.0,0,0,0,0,0,5.984306335449219e-05,0.0,0.0,0.0,0.0,0.0,0.0,0.0,0.0,0.0,0.0,0.0,0.0,0.0,1.0,1.0,5823,531,640,582.3,33.390118298682324,582.3,6.794929504394531e-06,10,0.1274898185901512,2970.25
0.0,47,63.5,1984.1544065471403,0.0,0.0,0.0,0.0,0.0,0.0,0.0,0,0,0,0,0,0.0050399303436279,0.0,0.0,0.0,0.0,0.0,0.0,0.0,0.0,0.0,0.0,0.0,0.0,0.0,1.0,1.0,5795,574,584,579.5,3.100179206289712,579.5,0.0005043029785156,10,0.0418733190014741,9.333333333333334
0.0,47,63.5,450.5934424820592,0.0,0.0,0.0,0.0,0.0,0.0,0.0,0,0,0,0,0,0.0221929550170898,0.0,0.0,0.0,0.0,0.0,0.0,0.0,0.0,0.0,0.0,0.0,0.0,0.0,1.0,1.0,5805,562,599,580.5,12.868998061663971,580.5,0.0022196054458618,10,0.0663023050503995,201.55102040816328
0.0,47,63.5,64927.30650154799,0.0,0.0,0.0,0.0,0.0,0.0,0.0,0,0,0,0,0,0.0001540184020996,0.0,0.0,0.0,0.0,0.0,0.0,0.0,0.0,0.0,0.0,0.0,0.0,0.0,1.0,1.0,5751,471,593,575.1,36.84939318059088,575.1,1.6307830810546876e-05,10,0.2311467888060454,1222.09
0.0,47,63.5,90200.08602150538,0.0,0.0,0.0,0.0,0.0,0.0,0.0,0,0,0,0,0,0.0001108646392822,0.0,0.0,0.0,0.0,0.0,0.0,0.0,0.0,0.0,0.0,0.0,0.0,0.0,1.0,1.0,5731,471,640,573.1,48.36998610249496,573.1,1.308917999267578e-05,10,0.2358398175387123,7140.25
0.0,47,63.5,101067.56626506025,0.0,0.0,0.0,0.0,0.0,0.0,0.0,0,0,0,0,0,9.894371032714844e-05,0.0,0.0,0.0,0.0,0.0,0.0,0.0,0.0,0.0,0.0,0.0,0.0,0.0,1.0,1.0,5843,568,600,584.3,11.005554153345582,584.3,1.0395050048828124e-05,10,0.0553184325399068,256.0
0.0,47,63.5,104335.92039800996,0.0,0.0,0.0,0.0,0.0,0.0,0.0,0,0,0,0,0,9.584426879882812e-05,0.0,0.0,0.0,0.0,0.0,0.0,0.0,0.0,0.0,0.0,0.0,0.0,0.0,1.0,1.0,5913,572,620,591.3,17.95085884667732,591.3,1.0204315185546874e-05,10,0.0513311518597825,409.4722222222222
0.0,47,63.5,97997.7570093458,0.0,0.0,0.0,0.0,0.0,0.0,0.0,0,0,0,0,0,0.0001020431518554,0.0,0.0,0.0,0.0,0.0,0.0,0.0,0.0,0.0,0.0,0.0,0.0,0.0,1.0,1.0,5894,577,596,589.4,6.653319973266479,589.4,1.0704994201660156e-05,10,0.0382083364243098,90.25
0.0,47,63.5,103054.15233415231,0.0,0.0,0.0,0.0,0.0,0.0,0.0,0,0,0,0,0,9.703636169433594e-05,0.0,0.0,0.0,0.0,0.0,0.0,0.0,0.0,0.0,0.0,0.0,0.0,0.0,1.0,1.0,5920,592,592,592.0,0.0,592.0,1.0204315185546874e-05,10,0.0,0.0
0.0,47,63.5,1606.7052288833556,0.0,0.0,0.0,0.0,0.0,0.0,0.0,0,0,0,0,0,0.0062239170074462,0.0,0.0,0.0,0.0,0.0,0.0,0.0,0.0,0.0,0.0,0.0,0.0,0.0,1.0,1.0,5920,592,592,592.0,0.0,592.0,0.0006228923797607,10,0.0,0.0
0.0,47,63.5,44858.866310160425,0.0,0.0,0.0,0.0,0.0,0.0,0.0,0,0,0,0,0,0.0002229213714599,0.0,0.0,0.0,0.0,0.0,0.0,0.0,0.0,0.0,0.0,0.0,0.0,0.0,1.0,1.0,5920,592,592,592.0,0.0,592.0,2.300739288330078e-05,10,0.0,0.0
0.0,47,63.5,6020.244007463758,0.0,0.0,0.0,0.0,0.0,0.0,0.0,0,0,0,0,0,0.0016610622406005,0.0,0.0,0.0,0.0,0.0,0.0,0.0,0.0,0.0,0.0,0.0,0.0,0.0,1.0,1.0,5920,592,592,592.0,0.0,592.0,0.0001667022705078,10,0.0,0.0
0.0,47,63.5,4161.4287131659885,0.0,0.0,0.0,0.0,0.0,0.0,0.0,0,0,0,0,0,0.0024030208587646,0.0,0.0,0.0,0.0,0.0,0.0,0.0,0.0,0.0,0.0,0.0,0.0,0.0,1.0,1.0,5920,592,592,592.0,0.0,592.0,0.0002408027648925,10,0.0,0.0
0.0,47,63.5,318.07560762901454,0.0,0.0,0.0,0.0,0.0,0.0,0.0,0,0,0,0,0,0.0314390659332275,0.0,0.0,0.0,0.0,0.0,0.0,0.0,0.0,0.0,0.0,0.0,0.0,0.0,1.0,1.0,5920,592,592,592.0,0.0,592.0,0.0031452894210815,10,0.0,0.0
0.0,47,63.5,97090.37037037036,0.0,0.0,0.0,0.0,0.0,0.0,0.0,0,0,0,0,0,0.0001029968261718,0.0,0.0,0.0,0.0,0.0,0.0,0.0,0.0,0.0,0.0,0.0,0.0,0.0,1.0,1.0,5920,592,592,592.0,0.0,592.0,1.2111663818359374e-05,10,0.0,0.0
0.0,47,63.5,3566.2817787603094,0.0,0.0,0.0,0.0,0.0,0.0,0.0,0,0,0,0,0,0.0028040409088134,0.0,0.0,0.0,0.0,0.0,0.0,0.0,0.0,0.0,0.0,0.0,0.0,0.0,1.0,1.0,5906,555,628,590.6,24.414021472187752,590.6,0.0002810001373291,10,0.0829341957869104,1065.84
0.0,47,63.5,134865.08038585208,0.0,0.0,0.0,0.0,0.0,0.0,0.0,0,0,0,0,0,7.414817810058594e-05,0.0,0.0,0.0,0.0,0.0,0.0,0.0,0.0,0.0,0.0,0.0,0.0,0.0,1.0,1.0,5908,586,595,590.8,3.2930904093942583,590.8,7.796287536621094e-06,10,0.0215023433091708,20.25
0.0,47,63.5,126716.1329305136,0.0,0.0,0.0,0.0,0.0,0.0,0.0,0,0,0,0,0,7.891654968261719e-05,0.0,0.0,0.0,0.0,0.0,0.0,0.0,0.0,0.0,0.0,0.0,0.0,0.0,1.0,1.0,5882,586,590,588.2,1.2292725943057183,588.2,8.296966552734374e-06,10,0.0206616264840163,1.36
0.0,47,63.5,125203.10447761194,0.0,0.0,0.0,0.0,0.0,0.0,0.0,0,0,0,0,0,7.987022399902344e-05,0.0,0.0,0.0,0.0,0.0,0.0,0.0,0.0,0.0,0.0,0.0,0.0,0.0,1.0,1.0,5910,588,594,591.0,2.0548046676563256,591.0,8.392333984375e-06,10,0.0175896552294164,4.0
0.0,47,63.5,108660.72538860104,0.0,0.0,0.0,0.0,0.0,0.0,0.0,0,0,0,0,0,9.202957153320312e-05,0.0,0.0,0.0,0.0,0.0,0.0,0.0,0.0,0.0,0.0,0.0,0.0,0.0,1.0,1.0,5903,557,628,590.3,23.781645583656875,590.3,9.608268737792968e-06,10,0.0792683311449584,1011.4400000000002
0.0,47,63.5,13443.28205128205,0.0,0.0,0.0,0.0,0.0,0.0,0.0,0,0,0,0,0,0.0007438659667968,0.0,0.0,0.0,0.0,0.0,0.0,0.0,0.0,0.0,0.0,0.0,0.0,0.0,1.0,1.0,5939,589,598,593.9,3.6040101122068022,593.9,7.479190826416015e-05,10,0.0165166095593084,20.25
0.0,47,63.5,126716.1329305136,0.0,0.0,0.0,0.0,0.0,0.0,0.0,0,0,0,0,0,7.891654968261719e-05,0.0,0.0,0.0,0.0,0.0,0.0,0.0,0.0,0.0,0.0,0.0,0.0,0.0,1.0,1.0,5925,588,597,592.5,3.5039660069381067,592.5,8.296966552734374e-06,10,0.0181799855925862,12.816326530612244
0.0,47,63.5,126716.1329305136,0.0,0.0,0.0,0.0,0.0,0.0,0.0,0,0,0,0,0,7.891654968261719e-05,0.0,0.0,0.0,0.0,0.0,0.0,0.0,0.0,0.0,0.0,0.0,0.0,0.0,1.0,1.0,5913,588,595,591.3,2.406010991015812,591.3,8.296966552734374e-06,10,0.0177327226373001,5.580246913580247
0.0,47,63.5,14084.298186702485,0.0,0.0,0.0,0.0,0.0,0.0,0.0,0,0,0,0,0,0.0007100105285644,0.0,0.0,0.0,0.0,0.0,0.0,0.0,0.0,0.0,0.0,0.0,0.0,0.0,1.0,1.0,5950,569,628,595.0,20.14944167960989,595.0,7.140636444091797e-05,10,0.0573391565626058,707.76
0.0,47,63.5,124830.47619047618,0.0,0.0,0.0,0.0,0.0,0.0,0.0,0,0,0,0,0,8.0108642578125e-05,0.0,0.0,0.0,0.0,0.0,0.0,0.0,0.0,0.0,0.0,0.0,0.0,0.0,1.0,1.0,5920,586,597,592.0,3.829708431025352,592.0,8.511543273925782e-06,10,0.0217209400264624,14.666666666666666
0.0,47,63.5,5444.319833852544,0.0,0.0,0.0,0.0,0.0,0.0,0.0,0,0,0,0,0,0.0018367767333984,0.0,0.0,0.0,0.0,0.0,0.0,0.0,0.0,0.0,0.0,0.0,0.0,0.0,1.0,1.0,5905,585,595,590.5,3.5355339059327378,590.5,0.0001840829849243,10,0.0233052350919207,12.489795918367347
0.0,47,63.5,880.4349377610781,0.0,0.0,0.0,0.0,0.0,0.0,0.0,0,0,0,0,0,0.0113580226898193,0.0,0.0,0.0,0.0,0.0,0.0,0.0,0.0,0.0,0.0,0.0,0.0,0.0,1.0,1.0,5915,588,595,591.5,2.173067468400883,591.5,0.0011370182037353,10,0.0176378307639277,6.640000000000001
0.0,47,63.5,3450.682023858494,0.0,0.0,0.0,0.0,0.0,0.0,0.0,0,0,0,0,0,0.0028979778289794,0.0,0.0,0.0,0.0,0.0,0.0,0.0,0.0,0.0,0.0,0.0,0.0,0.0,1.0,1.0,5802,535,640,580.2,36.61147361142406,580.2,0.0002903938293457,10,0.1219855498903497,2208.24
0.0,47,63.5,119156.36363636365,0.0,0.0,0.0,0.0,0.0,0.0,0.0,0,0,0,0,0,8.392333984375e-05,0.0,0.0,0.0,0.0,0.0,0.0,0.0,0.0,0.0,0.0,0.0,0.0,0.0,1.0,1.0,5806,562,601,580.6,13.31832488632778,580.6,8.89301300048828e-06,10,0.0664853428256945,308.64
0.0,47,63.5,11428.621253405994,0.0,0.0,0.0,0.0,0.0,0.0,0.0,0,0,0,0,0,0.0008749961853027,0.0,0.0,0.0,0.0,0.0,0.0,0.0,0.0,0.0,0.0,0.0,0.0,0.0,1.0,1.0,5739,571,576,573.9,1.66332999331662,573.9,8.780956268310547e-05,10,0.0464003941060775,2.49
0.0,47,63.5,2822.356503600027,0.0,0.0,0.0,0.0,0.0,0.0,0.0,0,0,0,0,0,0.0035431385040283,0.0,0.0,0.0,0.0,0.0,0.0,0.0,0.0,0.0,0.0,0.0,0.0,0.0,1.0,1.0,5746,564,589,574.6,10.762073323585108,574.6,0.0003545999526977,10,0.0620357681890956,104.23999999999998
0.0,47,63.5,1425.3250416284366,0.0,0.0,0.0,0.0,0.0,0.0,0.0,0,0,0,0,0,0.0070159435272216,0.0,0.0,0.0,0.0,0.0,0.0,0.0,0.0,0.0,0.0,0.0,0.0,0.0,1.0,1.0,5841,535,640,584.1,35.43209467888306,584.1,0.0007025957107543,10,0.1215051180883897,2205.04
0.0,47,63.5,6146.400937866354,0.0,0.0,0.0,0.0,0.0,0.0,0.0,0,0,0,0,0,0.001626968383789,0.0,0.0,0.0,0.0,0.0,0.0,0.0,0.0,0.0,0.0,0.0,0.0,0.0,1.0,1.0,5821,572,588,582.1,5.626327003965868,582.1,0.0001631021499633,10,0.0463106305683355,44.8
0.0,47,63.5,310.8872318662259,0.0,0.0,0.0,0.0,0.0,0.0,0.0,0,0,0,0,0,0.0321660041809082,0.0,0.0,0.0,0.0,0.0,0.0,0.0,0.0,0.0,0.0,0.0,0.0,0.0,1.0,1.0,5773,570,581,577.3,4.110960958218893,577.3,0.0032171010971069,10,0.04910159105594,16.691358024691358
0.0,47,63.5,65331.83800623053,0.0,0.0,0.0,0.0,0.0,0.0,0.0,0,0,0,0,0,0.0001530647277832,0.0,0.0,0.0,0.0,0.0,0.0,0.0,0.0,0.0,0.0,0.0,0.0,0.0,1.0,1.0,5783,566,589,578.3,8.11103500725332,578.3,1.749992370605469e-05,10,0.0575475812205547,82.6938775510204
0.0,47,63.5,123361.88235294116,0.0,0.0,0.0,0.0,0.0,0.0,0.0,0,0,0,0,0,8.106231689453125e-05,0.0,0.0,0.0,0.0,0.0,0.0,0.0,0.0,0.0,0.0,0.0,0.0,0.0,1.0,1.0,5903,575,592,590.3,5.375872022286245,590.3,8.392333984375e-06,10,0.0410962152269985,72.25
0.0,47,63.5,138884.23841059604,0.0,0.0,0.0,0.0,0.0,0.0,0.0,0,0,0,0,0,7.200241088867188e-05,0.0,0.0,0.0,0.0,0.0,0.0,0.0,0.0,0.0,0.0,0.0,0.0,0.0,1.0,1.0,5920,592,592,592.0,0.0,592.0,7.605552673339843e-06,10,0.0,0.0
0.0,47,63.5,1821.5512898462607,0.0,0.0,0.0,0.0,0.0,0.0,0.0,0,0,0,0,0,0.0054898262023925,0.0,0.0,0.0,0.0,0.0,0.0,0.0,0.0,0.0,0.0,0.0,0.0,0.0,1.0,1.0,5920,592,592,592.0,0.0,592.0,0.0005493879318237,10,0.0,0.0
0.0,47,63.5,699.7387430973791,0.0,0.0,0.0,0.0,0.0,0.0,0.0,0,0,0,0,0,0.0142910480499267,0.0,0.0,0.0,0.0,0.0,0.0,0.0,0.0,0.0,0.0,0.0,0.0,0.0,1.0,1.0,5920,592,592,592.0,0.0,592.0,0.0015142202377319,10,0.0,0.0
0.0,47,63.5,44057.81512605042,0.0,0.0,0.0,0.0,0.0,0.0,0.0,0,0,0,0,0,0.0002269744873046,0.0,0.0,0.0,0.0,0.0,0.0,0.0,0.0,0.0,0.0,0.0,0.0,0.0,1.0,1.0,5920,592,592,592.0,0.0,592.0,2.319812774658203e-05,10,0.0,0.0
0.0,47,63.5,65331.83800623053,0.0,0.0,0.0,0.0,0.0,0.0,0.0,0,0,0,0,0,0.0001530647277832,0.0,0.0,0.0,0.0,0.0,0.0,0.0,0.0,0.0,0.0,0.0,0.0,0.0,1.0,1.0,5920,592,592,592.0,0.0,592.0,1.609325408935547e-05,10,0.0,0.0
0.0,47,63.5,7610.785701324624,0.0,0.0,0.0,0.0,0.0,0.0,0.0,0,0,0,0,0,0.0013139247894287,0.0,0.0,0.0,0.0,0.0,0.0,0.0,0.0,0.0,0.0,0.0,0.0,0.0,1.0,1.0,5920,592,592,592.0,0.0,592.0,0.0001322984695434,10,0.0,0.0
0.0,47,63.5,9173.893263342085,0.0,0.0,0.0,0.0,0.0,0.0,0.0,0,0,0,0,0,0.0010900497436523,0.0,0.0,0.0,0.0,0.0,0.0,0.0,0.0,0.0,0.0,0.0,0.0,0.0,1.0,1.0,5920,592,592,592.0,0.0,592.0,0.0001099109649658,10,0.0,0.0
0.0,47,63.5,3507.529687238669,0.0,0.0,0.0,0.0,0.0,0.0,0.0,0,0,0,0,0,0.0028510093688964,0.0,0.0,0.0,0.0,0.0,0.0,0.0,0.0,0.0,0.0,0.0,0.0,0.0,1.0,1.0,5812,502,640,581.2,46.92973471052229,581.2,0.0002859830856323,10,0.1824250867316784,3879.3600000000006
0.0,47,63.5,64527.75384615385,0.0,0.0,0.0,0.0,0.0,0.0,0.0,0,0,0,0,0,0.000154972076416,0.0,0.0,0.0,0.0,0.0,0.0,0.0,0.0,0.0,0.0,0.0,0.0,0.0,1.0,1.0,5824,570,593,582.4,8.500980335624043,582.4,1.7213821411132813e-05,10,0.0508899093495197,71.95061728395062
0.0,47,63.5,4024.08519620071,0.0,0.0,0.0,0.0,0.0,0.0,0.0,0,0,0,0,0,0.0024850368499755,0.0,0.0,0.0,0.0,0.0,0.0,0.0,0.0,0.0,0.0,0.0,0.0,0.0,1.0,1.0,5840,580,589,584.0,3.4641016151377544,584.0,0.0002493858337402,10,0.0317967864339425,10.8
0.0,47,63.5,181571.60173160167,0.0,0.0,0.0,0.0,0.0,0.0,0.0,0,0,0,0,0,5.507469177246094e-05,0.0,0.0,0.0,0.0,0.0,0.0,0.0,0.0,0.0,0.0,0.0,0.0,0.0,1.0,1.0,5826,562,587,582.6,7.48628375393589,582.6,5.817413330078125e-06,10,0.0641096025500033,50.44
0.0,47,63.5,163840.0,0.0,0.0,0.0,0.0,0.0,0.0,0.0,0,0,0,0,0,6.103515625e-05,0.0,0.0,0.0,0.0,0.0,0.0,0.0,0.0,0.0,0.0,0.0,0.0,0.0,1.0,1.0,5852,542,628,585.2,29.973321470934785,585.2,6.389617919921875e-06,10,0.1073525222344,1563.84
0.0,47,63.5,2270.1363931586925,0.0,0.0,0.0,0.0,0.0,0.0,0.0,0,0,0,0,0,0.0044050216674804,0.0,0.0,0.0,0.0,0.0,0.0,0.0,0.0,0.0,0.0,0.0,0.0,0.0,1.0,1.0,5909,580,596,590.9,5.933895104491746,590.9,0.0004408121109008,10,0.0328028815097658,49.0
0.0,47,63.5,365.4052358757677,0.0,0.0,0.0,0.0,0.0,0.0,0.0,0,0,0,0,0,0.0273668766021728,0.0,0.0,0.0,0.0,0.0,0.0,0.0,0.0,0.0,0.0,0.0,0.0,0.0,1.0,1.0,5939,587,598,593.9,4.332051092342595,593.9,0.0027373790740966,10,0.0202214443329766,20.16
0.0,47,63.5,1913.1107462141945,0.0,0.0,0.0,0.0,0.0,0.0,0.0,0,0,0,0,0,0.0052270889282226,0.0,0.0,0.0,0.0,0.0,0.0,0.0,0.0,0.0,0.0,0.0,0.0,0.0,1.0,1.0,5937,587,599,593.7,4.029061098237818,593.7,0.000526213645935,10,0.0200980183289781,14.61
0.0,47,63.5,90200.08602150538,0.0,0.0,0.0,0.0,0.0,0.0,0.0,0,0,0,0,0,0.0001108646392822,0.0,0.0,0.0,0.0,0.0,0.0,0.0,0.0,0.0,0.0,0.0,0.0,0.0,1.0,1.0,5680,470,640,568.0,58.16642788871716,568.0,1.308917999267578e-05,10,0.2415346260647478,5943.84
0.0,47,63.5,163840.0,0.0,0.0,0.0,0.0,0.0,0.0,0.0,0,0,0,0,0,6.103515625e-05,0.0,0.0,0.0,0.0,0.0,0.0,0.0,0.0,0.0,0.0,0.0,0.0,0.0,1.0,1.0,5764,559,600,576.4,15.421485733295032,576.4,6.413459777832031e-06,10,0.0724544764283151,214.04
0.0,47,63.5,163840.0,0.0,0.0,0.0,0.0,0.0,0.0,0.0,0,0,0,0,0,6.103515625e-05,0.0,0.0,0.0,0.0,0.0,0.0,0.0,0.0,0.0,0.0,0.0,0.0,0.0,1.0,1.0,5838,559,590,583.8,9.449279807947738,583.8,6.604194641113281e-06,10,0.0700216386225656,210.25
0.0,47,63.5,138884.23841059604,0.0,0.0,0.0,0.0,0.0,0.0,0.0,0,0,0,0,0,7.200241088867188e-05,0.0,0.0,0.0,0.0,0.0,0.0,0.0,0.0,0.0,0.0,0.0,0.0,0.0,1.0,1.0,5802,561,598,580.2,13.298287274850262,580.2,7.486343383789062e-06,10,0.0681813103042829,274.8
0.0,47,63.5,9157.868995633187,0.0,0.0,0.0,0.0,0.0,0.0,0.0,0,0,0,0,0,0.0010919570922851,0.0,0.0,0.0,0.0,0.0,0.0,0.0,0.0,0.0,0.0,0.0,0.0,0.0,1.0,1.0,5907,579,592,590.7,4.110960958218893,590.7,0.0001096010208129,10,0.0337644210559401,42.25
0.0,47,63.5,1254.390046953973,0.0,0.0,0.0,0.0,0.0,0.0,0.0,0,0,0,0,0,0.0079720020294189,0.0,0.0,0.0,0.0,0.0,0.0,0.0,0.0,0.0,0.0,0.0,0.0,0.0,1.0,1.0,5920,592,592,592.0,0.0,592.0,0.0007977962493896,10,0.0,0.0
0.0,47,63.5,1124.4782841823055,0.0,0.0,0.0,0.0,0.0,0.0,0.0,0,0,0,0,0,0.0088930130004882,0.0,0.0,0.0,0.0,0.0,0.0,0.0,0.0,0.0,0.0,0.0,0.0,0.0,1.0,1.0,5920,592,592,592.0,0.0,592.0,0.0008900165557861,10,0.0,0.0
0.0,47,63.5,2305.195932948612,0.0,0.0,0.0,0.0,0.0,0.0,0.0,0,0,0,0,0,0.0043380260467529,0.0,0.0,0.0,0.0,0.0,0.0,0.0,0.0,0.0,0.0,0.0,0.0,0.0,1.0,1.0,5920,592,592,592.0,0.0,592.0,0.0004340887069702,10,0.0,0.0
0.0,47,63.5,11453.588203167668,0.0,0.0,0.0,0.0,0.0,0.0,0.0,0,0,0,0,0,0.0008730888366699,0.0,0.0,0.0,0.0,0.0,0.0,0.0,0.0,0.0,0.0,0.0,0.0,0.0,1.0,1.0,5929,561,628,592.9,22.4966664197165,592.9,8.950233459472656e-05,10,0.0719283620327357,898.8
0.0,47,63.5,101067.56626506025,0.0,0.0,0.0,0.0,0.0,0.0,0.0,0,0,0,0,0,9.894371032714844e-05,0.0,0.0,0.0,0.0,0.0,0.0,0.0,0.0,0.0,0.0,0.0,0.0,0.0,1.0,1.0,5934,588,598,593.4,3.4058772731852804,593.4,1.0395050048828124e-05,10,0.0181400281660047,14.816326530612246
0.0,47,63.5,653.0844090123476,0.0,0.0,0.0,0.0,0.0,0.0,0.0,0,0,0,0,0,0.0153119564056396,0.0,0.0,0.0,0.0,0.0,0.0,0.0,0.0,0.0,0.0,0.0,0.0,0.0,1.0,1.0,5914,589,597,591.4,2.3664319132398464,591.4,0.0015320062637329,10,0.0160124697041773,5.04
0.0,47,63.5,7800.453784638275,0.0,0.0,0.0,0.0,0.0,0.0,0.0,0,0,0,0,0,0.0012819766998291,0.0,0.0,0.0,0.0,0.0,0.0,0.0,0.0,0.0,0.0,0.0,0.0,0.0,1.0,1.0,5950,589,598,595.0,3.055050463303893,595.0,0.0001291036605834,10,0.0162929853567313,8.4
0.0,47,63.5,80659.69230769231,0.0,0.0,0.0,0.0,0.0,0.0,0.0,0,0,0,0,0,0.0001239776611328,0.0,0.0,0.0,0.0,0.0,0.0,0.0,0.0,0.0,0.0,0.0,0.0,0.0,1.0,1.0,5832,534,640,583.2,36.34036629180039,583.2,1.308917999267578e-05,10,0.1235792416126278,2247.84
0.0,47,63.5,4844.985560817835,0.0,0.0,0.0,0.0,0.0,0.0,0.0,0,0,0,0,0,0.0020639896392822,0.0,0.0,0.0,0.0,0.0,0.0,0.0,0.0,0.0,0.0,0.0,0.0,0.0,1.0,1.0,5773,565,585,577.3,6.566751268490548,577.3,0.0002072095870971,10,0.0586226317967322,54.64
0.0,47,63.5,5310.59002279058,0.0,0.0,0.0,0.0,0.0,0.0,0.0,0,0,0,0,0,0.0018830299377441,0.0,0.0,0.0,0.0,0.0,0.0,0.0,0.0,0.0,0.0,0.0,0.0,0.0,1.0,1.0,5798,572,591,579.8,6.338594306135847,579.8,0.000189185142517,10,0.0466007797765475,38.39506172839506
0.0,47,63.5,749.8532224903906,0.0,0.0,0.0,0.0,0.0,0.0,0.0,0,0,0,0,0,0.0133359432220458,0.0,0.0,0.0,0.0,0.0,0.0,0.0,0.0,0.0,0.0,0.0,0.0,0.0,1.0,1.0,5774,567,589,577.4,7.919034733546198,577.4,0.0013342142105102,10,0.0557652379890574,61.28395061728395
0.0,47,63.5,41486.68644906033,0.0,0.0,0.0,0.0,0.0,0.0,0.0,0,0,0,0,0,0.0002410411834716,0.0,0.0,0.0,0.0,0.0,0.0,0.0,0.0,0.0,0.0,0.0,0.0,0.0,1.0,1.0,5902,574,592,590.2,5.692099788303083,590.2,2.529621124267578e-05,10,0.0429291637697631,81.0
0.0,47,63.5,94254.02247191012,0.0,0.0,0.0,0.0,0.0,0.0,0.0,0,0,0,0,0,0.0001060962677001,0.0,0.0,0.0,0.0,0.0,0.0,0.0,0.0,0.0,0.0,0.0,0.0,0.0,1.0,1.0,5920,592,592,592.0,0.0,592.0,1.1205673217773438e-05,10,0.0,0.0
0.0,47,63.5,1655.9295668996012,0.0,0.0,0.0,0.0,0.0,0.0,0.0,0,0,0,0,0,0.0060389041900634,0.0,0.0,0.0,0.0,0.0,0.0,0.0,0.0,0.0,0.0,0.0,0.0,0.0,1.0,1.0,5920,592,592,592.0,0.0,592.0,0.0006043910980224,10,0.0,0.0
0.0,47,63.5,2315.2483992051225,0.0,0.0,0.0,0.0,0.0,0.0,0.0,0,0,0,0,0,0.0043191909790039,0.0,0.0,0.0,0.0,0.0,0.0,0.0,0.0,0.0,0.0,0.0,0.0,0.0,1.0,1.0,5920,592,592,592.0,0.0,592.0,0.000433611869812,10,0.0,0.0
0.0,47,63.5,103307.9802955665,0.0,0.0,0.0,0.0,0.0,0.0,0.0,0,0,0,0,0,9.679794311523438e-05,0.0,0.0,0.0,0.0,0.0,0.0,0.0,0.0,0.0,0.0,0.0,0.0,0.0,1.0,1.0,5920,592,592,592.0,0.0,592.0,1.018047332763672e-05,10,0.0,0.0
0.0,47,63.5,596.0612218795742,0.0,0.0,0.0,0.0,0.0,0.0,0.0,0,0,0,0,0,0.0167768001556396,0.0,0.0,0.0,0.0,0.0,0.0,0.0,0.0,0.0,0.0,0.0,0.0,0.0,1.0,1.0,5920,592,592,592.0,0.0,592.0,0.0016782999038696,10,0.0,0.0
0.0,47,63.5,434.174982402385,0.0,0.0,0.0,0.0,0.0,0.0,0.0,0,0,0,0,0,0.0230321884155273,0.0,0.0,0.0,0.0,0.0,0.0,0.0,0.0,0.0,0.0,0.0,0.0,0.0,1.0,1.0,5920,592,592,592.0,0.0,592.0,0.0023058176040649,10,0.0,0.0
0.0,47,63.5,109798.5340314136,0.0,0.0,0.0,0.0,0.0,0.0,0.0,0,0,0,0,0,9.107589721679688e-05,0.0,0.0,0.0,0.0,0.0,0.0,0.0,0.0,0.0,0.0,0.0,0.0,0.0,1.0,1.0,5920,592,592,592.0,0.0,592.0,9.393692016601562e-06,10,0.0,0.0
0.0,47,63.5,90982.73318872016,0.0,0.0,0.0,0.0,0.0,0.0,0.0,0,0,0,0,0,0.0001099109649658,0.0,0.0,0.0,0.0,0.0,0.0,0.0,0.0,0.0,0.0,0.0,0.0,0.0,1.0,1.0,5866,586,592,586.6,1.897366596101028,586.6,1.1587142944335938e-05,10,0.0209337812565877,9.0
0.0,47,63.5,105120.40100250626,0.0,0.0,0.0,0.0,0.0,0.0,0.0,0,0,0,0,0,9.512901306152344e-05,0.0,0.0,0.0,0.0,0.0,0.0,0.0,0.0,0.0,0.0,0.0,0.0,0.0,1.0,1.0,5860,586,586,586.0,0.0,586.0,1.0013580322265623e-05,10,0.0,0.0
0.0,47,63.5,104077.0223325062,0.0,0.0,0.0,0.0,0.0,0.0,0.0,0,0,0,0,0,9.608268737792967e-05,0.0,0.0,0.0,0.0,0.0,0.0,0.0,0.0,0.0,0.0,0.0,0.0,0.0,1.0,1.0,5860,586,586,586.0,0.0,586.0,1.010894775390625e-05,10,0.0,0.0
0.0,47,63.5,66156.214511041,0.0,0.0,0.0,0.0,0.0,0.0,0.0,0,0,0,0,0,0.0001511573791503,0.0,0.0,0.0,0.0,0.0,0.0,0.0,0.0,0.0,0.0,0.0,0.0,0.0,1.0,1.0,5860,586,586,586.0,0.0,586.0,1.559257507324219e-05,10,0.0,0.0
0.0,47,63.5,7468.490028490029,0.0,0.0,0.0,0.0,0.0,0.0,0.0,0,0,0,0,0,0.0013389587402343,0.0,0.0,0.0,0.0,0.0,0.0,0.0,0.0,0.0,0.0,0.0,0.0,0.0,1.0,1.0,5918,548,628,591.8,27.132596222583967,591.8,0.0001350879669189,10,0.0959705443972318,1280.64
0.0,47,63.5,1150.8901328064976,0.0,0.0,0.0,0.0,0.0,0.0,0.0,0,0,0,0,0,0.0086889266967773,0.0,0.0,0.0,0.0,0.0,0.0,0.0,0.0,0.0,0.0,0.0,0.0,0.0,1.0,1.0,5911,585,602,591.1,4.90917508345343,591.1,0.0009268045425415,10,0.0238648015619956,30.96
0.0,47,63.5,1459.0405955404042,0.0,0.0,0.0,0.0,0.0,0.0,0.0,0,0,0,0,0,0.0068538188934326,0.0,0.0,0.0,0.0,0.0,0.0,0.0,0.0,0.0,0.0,0.0,0.0,0.0,1.0,1.0,5929,585,600,592.9,4.677368680976279,592.9,0.0007576942443847,10,0.0237703729058825,25.0
0.0,47,63.5,161319.38461538462,0.0,0.0,0.0,0.0,0.0,0.0,0.0,0,0,0,0,0,6.198883056640625e-05,0.0,0.0,0.0,0.0,0.0,0.0,0.0,0.0,0.0,0.0,0.0,0.0,0.0,1.0,1.0,5935,592,597,593.5,1.6499158227686108,593.5,6.508827209472656e-06,10,0.010608199709563,2.45
0.0,47,63.5,13697.922926192032,0.0,0.0,0.0,0.0,0.0,0.0,0.0,0,0,0,0,0,0.0007300376892089,0.0,0.0,0.0,0.0,0.0,0.0,0.0,0.0,0.0,0.0,0.0,0.0,0.0,1.0,1.0,5907,590,597,590.7,2.213594362117866,590.7,7.390975952148438e-05,10,0.0142460797993524,12.25
0.0,47,63.5,181571.60173160167,0.0,0.0,0.0,0.0,0.0,0.0,0.0,0,0,0,0,0,5.507469177246094e-05,0.0,0.0,0.0,0.0,0.0,0.0,0.0,0.0,0.0,0.0,0.0,0.0,0.0,1.0,1.0,5900,590,590,590.0,0.0,590.0,5.888938903808594e-06,10,0.0,0.0
0.0,47,63.5,182361.0434782609,0.0,0.0,0.0,0.0,0.0,0.0,0.0,0,0,0,0,0,5.4836273193359375e-05,0.0,0.0,0.0,0.0,0.0,0.0,0.0,0.0,0.0,0.0,0.0,0.0,0.0,1.0,1.0,5900,590,590,590.0,0.0,590.0,5.793571472167969e-06,10,0.0,0.0
0.0,47,63.5,1584.011480796103,0.0,0.0,0.0,0.0,0.0,0.0,0.0,0,0,0,0,0,0.0063130855560302,0.0,0.0,0.0,0.0,0.0,0.0,0.0,0.0,0.0,0.0,0.0,0.0,0.0,1.0,1.0,5900,590,590,590.0,0.0,590.0,0.0006316184997558,10,0.0,0.0
0.0,47,63.5,11765.2286115007,0.0,0.0,0.0,0.0,0.0,0.0,0.0,0,0,0,0,0,0.000849962234497,0.0,0.0,0.0,0.0,0.0,0.0,0.0,0.0,0.0,0.0,0.0,0.0,0.0,1.0,1.0,5778,470,640,577.8,61.04606639434045,577.8,8.549690246582032e-05,10,0.2427076756063985,5976.0
0.0,47,63.5,1245.6355428842955,0.0,0.0,0.0,0.0,0.0,0.0,0.0,0,0,0,0,0,0.0080280303955078,0.0,0.0,0.0,0.0,0.0,0.0,0.0,0.0,0.0,0.0,0.0,0.0,0.0,1.0,1.0,5904,580,597,590.4,7.011102306738616,590.4,0.000803804397583,10,0.033241692635673,68.1875
0.0,47,63.5,46707.1714922049,0.0,0.0,0.0,0.0,0.0,0.0,0.0,0,0,0,0,0,0.0002140998840332,0.0,0.0,0.0,0.0,0.0,0.0,0.0,0.0,0.0,0.0,0.0,0.0,0.0,1.0,1.0,5765,570,586,576.5,7.560864148142503,576.5,2.238750457763672e-05,10,0.0505069436193873,54.40816326530612
0.0,47,63.5,1497.0033549860805,0.0,0.0,0.0,0.0,0.0,0.0,0.0,0,0,0,0,0,0.0066800117492675,0.0,0.0,0.0,0.0,0.0,0.0,0.0,0.0,0.0,0.0,0.0,0.0,0.0,1.0,1.0,5760,555,597,576.0,15.853495934125489,576.0,0.0006690025329589,10,0.0794469801037253,251.2098765432099
0.0,47,63.5,5101.9389368689945,0.0,0.0,0.0,0.0,0.0,0.0,0.0,0,0,0,0,0,0.0019600391387939,0.0,0.0,0.0,0.0,0.0,0.0,0.0,0.0,0.0,0.0,0.0,0.0,0.0,1.0,1.0,5903,575,592,590.3,5.375872022286245,590.3,0.0001965045928955,10,0.0410962152269985,72.25
0.0,47,63.5,495.5111877702431,0.0,0.0,0.0,0.0,0.0,0.0,0.0,0,0,0,0,0,0.0201811790466308,0.0,0.0,0.0,0.0,0.0,0.0,0.0,0.0,0.0,0.0,0.0,0.0,0.0,1.0,1.0,5920,592,592,592.0,0.0,592.0,0.0020195007324218,10,0.0,0.0
0.0,47,63.5,331.21206617443835,0.0,0.0,0.0,0.0,0.0,0.0,0.0,0,0,0,0,0,0.0301921367645263,0.0,0.0,0.0,0.0,0.0,0.0,0.0,0.0,0.0,0.0,0.0,0.0,0.0,1.0,1.0,5920,592,592,592.0,0.0,592.0,0.0030205965042114,10,0.0,0.0
0.0,47,63.5,123361.88235294116,0.0,0.0,0.0,0.0,0.0,0.0,0.0,0,0,0,0,0,8.106231689453125e-05,0.0,0.0,0.0,0.0,0.0,0.0,0.0,0.0,0.0,0.0,0.0,0.0,0.0,1.0,1.0,5920,592,592,592.0,0.0,592.0,8.606910705566407e-06,10,0.0,0.0
0.0,47,63.5,107546.2564102564,0.0,0.0,0.0,0.0,0.0,0.0,0.0,0,0,0,0,0,9.298324584960938e-05,0.0,0.0,0.0,0.0,0.0,0.0,0.0,0.0,0.0,0.0,0.0,0.0,0.0,1.0,1.0,5920,592,592,592.0,0.0,592.0,9.79900360107422e-06,10,0.0,0.0
0.0,47,63.5,80659.69230769231,0.0,0.0,0.0,0.0,0.0,0.0,0.0,0,0,0,0,0,0.0001239776611328,0.0,0.0,0.0,0.0,0.0,0.0,0.0,0.0,0.0,0.0,0.0,0.0,0.0,1.0,1.0,5920,592,592,592.0,0.0,592.0,1.277923583984375e-05,10,0.0,0.0
0.0,47,63.5,138884.23841059604,0.0,0.0,0.0,0.0,0.0,0.0,0.0,0,0,0,0,0,7.200241088867188e-05,0.0,0.0,0.0,0.0,0.0,0.0,0.0,0.0,0.0,0.0,0.0,0.0,0.0,1.0,1.0,5920,592,592,592.0,0.0,592.0,7.605552673339843e-06,10,0.0,0.0
0.0,47,63.5,129854.61300309598,0.0,0.0,0.0,0.0,0.0,0.0,0.0,0,0,0,0,0,7.700920104980469e-05,0.0,0.0,0.0,0.0,0.0,0.0,0.0,0.0,0.0,0.0,0.0,0.0,0.0,1.0,1.0,5920,592,592,592.0,0.0,592.0,8.106231689453125e-06,10,0.0,0.0
0.0,47,63.5,1721.799671592775,0.0,0.0,0.0,0.0,0.0,0.0,0.0,0,0,0,0,0,0.005807876586914,0.0,0.0,0.0,0.0,0.0,0.0,0.0,0.0,0.0,0.0,0.0,0.0,0.0,1.0,1.0,5920,592,592,592.0,0.0,592.0,0.0005811929702758,10,0.0,0.0
0.0,47,63.5,138884.23841059604,0.0,0.0,0.0,0.0,0.0,0.0,0.0,0,0,0,0,0,7.200241088867188e-05,0.0,0.0,0.0,0.0,0.0,0.0,0.0,0.0,0.0,0.0,0.0,0.0,0.0,1.0,1.0,5920,592,592,592.0,0.0,592.0,7.605552673339843e-06,10,0.0,0.0
0.0,47,63.5,45442.08017334778,0.0,0.0,0.0,0.0,0.0,0.0,0.0,0,0,0,0,0,0.0002200603485107,0.0,0.0,0.0,0.0,0.0,0.0,0.0,0.0,0.0,0.0,0.0,0.0,0.0,1.0,1.0,5920,592,592,592.0,0.0,592.0,2.2411346435546875e-05,10,0.0,0.0
0.0,47,63.5,72565.81314878893,0.0,0.0,0.0,0.0,0.0,0.0,0.0,0,0,0,0,0,0.0001378059387207,0.0,0.0,0.0,0.0,0.0,0.0,0.0,0.0,0.0,0.0,0.0,0.0,0.0,1.0,1.0,5920,592,592,592.0,0.0,592.0,2.257823944091797e-05,10,0.0,0.0
0.0,47,63.5,934.0394165460416,0.0,0.0,0.0,0.0,0.0,0.0,0.0,0,0,0,0,0,0.0107061862945556,0.0,0.0,0.0,0.0,0.0,0.0,0.0,0.0,0.0,0.0,0.0,0.0,0.0,1.0,1.0,5920,592,592,592.0,0.0,592.0,0.0010711193084716,10,0.0,0.0
0.0,47,63.5,466.0285996822258,0.0,0.0,0.0,0.0,0.0,0.0,0.0,0,0,0,0,0,0.0214579105377197,0.0,0.0,0.0,0.0,0.0,0.0,0.0,0.0,0.0,0.0,0.0,0.0,0.0,1.0,1.0,5920,592,592,592.0,0.0,592.0,0.0021485805511474,10,0.0,0.0
0.0,47,63.5,1154.978383588049,0.0,0.0,0.0,0.0,0.0,0.0,0.0,0,0,0,0,0,0.0086581707000732,0.0,0.0,0.0,0.0,0.0,0.0,0.0,0.0,0.0,0.0,0.0,0.0,0.0,1.0,1.0,5920,592,592,592.0,0.0,592.0,0.0008668184280395,10,0.0,0.0
0.0,47,63.5,3242.35003092146,0.0,0.0,0.0,0.0,0.0,0.0,0.0,0,0,0,0,0,0.0030841827392578,0.0,0.0,0.0,0.0,0.0,0.0,0.0,0.0,0.0,0.0,0.0,0.0,0.0,1.0,1.0,5920,592,592,592.0,0.0,592.0,0.0003087997436523,10,0.0,0.0
0.0,47,63.5,69905.06666666667,0.0,0.0,0.0,0.0,0.0,0.0,0.0,0,0,0,0,0,0.0001430511474609,0.0,0.0,0.0,0.0,0.0,0.0,0.0,0.0,0.0,0.0,0.0,0.0,0.0,1.0,1.0,5920,592,592,592.0,0.0,592.0,1.64031982421875e-05,10,0.0,0.0
0.0,47,63.5,103307.9802955665,0.0,0.0,0.0,0.0,0.0,0.0,0.0,0,0,0,0,0,9.679794311523438e-05,0.0,0.0,0.0,0.0,0.0,0.0,0.0,0.0,0.0,0.0,0.0,0.0,0.0,1.0,1.0,5920,592,592,592.0,0.0,592.0,1.018047332763672e-05,10,0.0,0.0
0.0,47,63.5,99864.38095238096,0.0,0.0,0.0,0.0,0.0,0.0,0.0,0,0,0,0,0,0.0001001358032226,0.0,0.0,0.0,0.0,0.0,0.0,0.0,0.0,0.0,0.0,0.0,0.0,0.0,1.0,1.0,5920,592,592,592.0,0.0,592.0,1.0514259338378908e-05,10,0.0,0.0
0.0,47,63.5,232.9599431250139,0.0,0.0,0.0,0.0,0.0,0.0,0.0,0,0,0,0,0,0.0429258346557617,0.0,0.0,0.0,0.0,0.0,0.0,0.0,0.0,0.0,0.0,0.0,0.0,0.0,1.0,1.0,5920,592,592,592.0,0.0,592.0,0.0042934894561767,10,0.0,0.0
0.0,47,63.5,3040.452337803552,0.0,0.0,0.0,0.0,0.0,0.0,0.0,0,0,0,0,0,0.003288984298706,0.0,0.0,0.0,0.0,0.0,0.0,0.0,0.0,0.0,0.0,0.0,0.0,0.0,1.0,1.0,5784,518,640,578.4,41.14257054573901,578.4,0.0003298044204711,10,0.1528015475375122,3003.84
0.0,47,63.5,14046.563965170795,0.0,0.0,0.0,0.0,0.0,0.0,0.0,0,0,0,0,0,0.0007119178771972,0.0,0.0,0.0,0.0,0.0,0.0,0.0,0.0,0.0,0.0,0.0,0.0,0.0,1.0,1.0,5760,562,585,576.0,8.806563209081938,576.0,7.169246673583984e-05,10,0.0646474315888516,69.8
0.0,47,63.5,126716.1329305136,0.0,0.0,0.0,0.0,0.0,0.0,0.0,0,0,0,0,0,7.891654968261719e-05,0.0,0.0,0.0,0.0,0.0,0.0,0.0,0.0,0.0,0.0,0.0,0.0,0.0,1.0,1.0,5751,562,587,575.1,8.962266578395345,575.1,9.012222290039062e-06,10,0.0647108589133751,156.25
0.0,47,63.5,137068.75816993465,0.0,0.0,0.0,0.0,0.0,0.0,0.0,0,0,0,0,0,7.295608520507812e-05,0.0,0.0,0.0,0.0,0.0,0.0,0.0,0.0,0.0,0.0,0.0,0.0,0.0,1.0,1.0,5798,557,602,579.8,13.934768666101988,579.8,7.700920104980468e-06,10,0.0752571073638232,194.16
0.0,47,63.5,114912.43835616438,0.0,0.0,0.0,0.0,0.0,0.0,0.0,0,0,0,0,0,8.702278137207031e-05,0.0,0.0,0.0,0.0,0.0,0.0,0.0,0.0,0.0,0.0,0.0,0.0,0.0,1.0,1.0,5885,557,592,588.5,11.067971810589327,588.5,9.107589721679688e-06,10,0.0740892889967616,306.25
0.0,47,63.5,142663.40136054423,0.0,0.0,0.0,0.0,0.0,0.0,0.0,0,0,0,0,0,7.009506225585938e-05,0.0,0.0,0.0,0.0,0.0,0.0,0.0,0.0,0.0,0.0,0.0,0.0,0.0,1.0,1.0,5920,592,592,592.0,0.0,592.0,7.295608520507813e-06,10,0.0,0.0
0.0,47,63.5,138884.23841059604,0.0,0.0,0.0,0.0,0.0,0.0,0.0,0,0,0,0,0,7.200241088867188e-05,0.0,0.0,0.0,0.0,0.0,0.0,0.0,0.0,0.0,0.0,0.0,0.0,0.0,1.0,1.0,5920,592,592,592.0,0.0,592.0,7.486343383789062e-06,10,0.0,0.0
0.0,47,63.5,143150.3071672355,0.0,0.0,0.0,0.0,0.0,0.0,0.0,0,0,0,0,0,6.985664367675781e-05,0.0,0.0,0.0,0.0,0.0,0.0,0.0,0.0,0.0,0.0,0.0,0.0,0.0,1.0,1.0,5920,592,592,592.0,0.0,592.0,7.295608520507813e-06,10,0.0,0.0
0.0,47,63.5,129854.61300309598,0.0,0.0,0.0,0.0,0.0,0.0,0.0,0,0,0,0,0,7.700920104980469e-05,0.0,0.0,0.0,0.0,0.0,0.0,0.0,0.0,0.0,0.0,0.0,0.0,0.0,1.0,1.0,5790,511,640,579.0,43.99747467500581,579.0,8.106231689453125e-06,10,0.1658934312836104,3371.76
0.0,47,63.5,138884.23841059604,0.0,0.0,0.0,0.0,0.0,0.0,0.0,0,0,0,0,0,7.200241088867188e-05,0.0,0.0,0.0,0.0,0.0,0.0,0.0,0.0,0.0,0.0,0.0,0.0,0.0,1.0,1.0,5808,574,598,580.8,7.146094504459528,580.8,7.605552673339843e-06,10,0.0435214630573366,144.0
0.0,47,63.5,9208.1317233809,0.0,0.0,0.0,0.0,0.0,0.0,0.0,0,0,0,0,0,0.0010859966278076,0.0,0.0,0.0,0.0,0.0,0.0,0.0,0.0,0.0,0.0,0.0,0.0,0.0,1.0,1.0,5838,574,591,583.8,6.908931417616861,583.8,0.0001090049743652,10,0.0434248523022803,56.25
0.0,47,63.5,121927.44186046511,0.0,0.0,0.0,0.0,0.0,0.0,0.0,0,0,0,0,0,8.20159912109375e-05,0.0,0.0,0.0,0.0,0.0,0.0,0.0,0.0,0.0,0.0,0.0,0.0,0.0,1.0,1.0,5782,559,588,578.2,10.982814858779246,578.2,8.702278137207031e-06,10,0.0706463394608723,210.25
0.0,47,63.5,117487.50700280113,0.0,0.0,0.0,0.0,0.0,0.0,0.0,0,0,0,0,0,8.511543273925781e-05,0.0,0.0,0.0,0.0,0.0,0.0,0.0,0.0,0.0,0.0,0.0,0.0,0.0,1.0,1.0,5779,500,640,577.9,47.25451183631982,577.9,8.89301300048828e-06,10,0.1859656479416432,3925.7600000000007
0.0,47,63.5,125203.10447761194,0.0,0.0,0.0,0.0,0.0,0.0,0.0,0,0,0,0,0,7.987022399902344e-05,0.0,0.0,0.0,0.0,0.0,0.0,0.0,0.0,0.0,0.0,0.0,0.0,0.0,1.0,1.0,5827,575,593,582.7,6.684143758012524,582.7,8.392333984375e-06,10,0.041629152801264,41.95061728395062
0.0,47,63.5,921.2378923323596,0.0,0.0,0.0,0.0,0.0,0.0,0.0,0,0,0,0,0,0.010854959487915,0.0,0.0,0.0,0.0,0.0,0.0,0.0,0.0,0.0,0.0,0.0,0.0,0.0,1.0,1.0,5874,576,601,587.4,9.020963240019205,587.4,0.0010859012603759,10,0.0408769495854542,132.25
0.0,47,63.5,97997.7570093458,0.0,0.0,0.0,0.0,0.0,0.0,0.0,0,0,0,0,0,0.0001020431518554,0.0,0.0,0.0,0.0,0.0,0.0,0.0,0.0,0.0,0.0,0.0,0.0,0.0,1.0,1.0,5770,562,585,577.0,6.716480559869962,577.0,1.080036163330078e-05,10,0.0637960155208686,40.6
0.0,47,63.5,730.8295725810667,0.0,0.0,0.0,0.0,0.0,0.0,0.0,0,0,0,0,0,0.0136830806732177,0.0,0.0,0.0,0.0,0.0,0.0,0.0,0.0,0.0,0.0,0.0,0.0,0.0,1.0,1.0,5890,562,592,589.0,9.486832980505138,589.0,0.0013692140579223,10,0.0649245462829386,225.0
0.0,47,63.5,107546.2564102564,0.0,0.0,0.0,0.0,0.0,0.0,0.0,0,0,0,0,0,9.298324584960938e-05,0.0,0.0,0.0,0.0,0.0,0.0,0.0,0.0,0.0,0.0,0.0,0.0,0.0,1.0,1.0,5920,592,592,592.0,0.0,592.0,9.584426879882811e-06,10,0.0,0.0
0.0,47,63.5,161319.38461538462,0.0,0.0,0.0,0.0,0.0,0.0,0.0,0,0,0,0,0,6.198883056640625e-05,0.0,0.0,0.0,0.0,0.0,0.0,0.0,0.0,0.0,0.0,0.0,0.0,0.0,1.0,1.0,5920,592,592,592.0,0.0,592.0,6.508827209472656e-06,10,0.0,0.0
0.0,47,63.5,16448.250980392157,0.0,0.0,0.0,0.0,0.0,0.0,0.0,0,0,0,0,0,0.0006079673767089,0.0,0.0,0.0,0.0,0.0,0.0,0.0,0.0,0.0,0.0,0.0,0.0,0.0,1.0,1.0,5920,592,592,592.0,0.0,592.0,6.129741668701172e-05,10,0.0,0.0
0.0,47,63.5,979.1311249620657,0.0,0.0,0.0,0.0,0.0,0.0,0.0,0,0,0,0,0,0.0102131366729736,0.0,0.0,0.0,0.0,0.0,0.0,0.0,0.0,0.0,0.0,0.0,0.0,0.0,1.0,1.0,5920,592,592,592.0,0.0,592.0,0.0010225057601928,10,0.0,0.0
0.0,47,63.5,335.42356751569434,0.0,0.0,0.0,0.0,0.0,0.0,0.0,0,0,0,0,0,0.0298130512237548,0.0,0.0,0.0,0.0,0.0,0.0,0.0,0.0,0.0,0.0,0.0,0.0,0.0,1.0,1.0,5920,592,592,592.0,0.0,592.0,0.0029846906661987,10,0.0,0.0
0.0,47,63.5,161319.38461538462,0.0,0.0,0.0,0.0,0.0,0.0,0.0,0,0,0,0,0,6.198883056640625e-05,0.0,0.0,0.0,0.0,0.0,0.0,0.0,0.0,0.0,0.0,0.0,0.0,0.0,1.0,1.0,5920,592,592,592.0,0.0,592.0,7.295608520507813e-06,10,0.0,0.0
0.0,47,63.5,8725.408778864157,0.0,0.0,0.0,0.0,0.0,0.0,0.0,0,0,0,0,0,0.0011460781097412,0.0,0.0,0.0,0.0,0.0,0.0,0.0,0.0,0.0,0.0,0.0,0.0,0.0,1.0,1.0,5920,592,592,592.0,0.0,592.0,0.0001149177551269,10,0.0,0.0
0.0,47,63.5,91779.08096280089,0.0,0.0,0.0,0.0,0.0,0.0,0.0,0,0,0,0,0,0.0001089572906494,0.0,0.0,0.0,0.0,0.0,0.0,0.0,0.0,0.0,0.0,0.0,0.0,0.0,1.0,1.0,5888,524,640,588.8,39.36947492100391,588.8,1.1491775512695311e-05,10,0.1418544793038202,2707.2
0.0,47,63.5,99864.38095238096,0.0,0.0,0.0,0.0,0.0,0.0,0.0,0,0,0,0,0,0.0001001358032226,0.0,0.0,0.0,0.0,0.0,0.0,0.0,0.0,0.0,0.0,0.0,0.0,0.0,1.0,1.0,5808,572,590,580.8,6.795423296438403,580.8,1.0609626770019531e-05,10,0.0467868736340371,51.91836734693878
0.0,47,63.5,533.3618179274914,0.0,0.0,0.0,0.0,0.0,0.0,0.0,0,0,0,0,0,0.0187489986419677,0.0,0.0,0.0,0.0,0.0,0.0,0.0,0.0,0.0,0.0,0.0,0.0,0.0,1.0,1.0,5841,578,591,584.1,5.23768396653839,584.1,0.0018757820129394,10,0.035927532940609,42.25
0.0,47,63.5,166440.6349206349,0.0,0.0,0.0,0.0,0.0,0.0,0.0,0,0,0,0,0,6.008148193359375e-05,0.0,0.0,0.0,0.0,0.0,0.0,0.0,0.0,0.0,0.0,0.0,0.0,0.0,1.0,1.0,5899,585,596,589.9,3.7549966711037177,589.9,6.508827209472656e-06,10,0.0233946354439408,12.69
0.0,47,63.5,146653.98601398602,0.0,0.0,0.0,0.0,0.0,0.0,0.0,0,0,0,0,0,6.818771362304688e-05,0.0,0.0,0.0,0.0,0.0,0.0,0.0,0.0,0.0,0.0,0.0,0.0,0.0,1.0,1.0,5924,592,596,592.4,1.264911064067352,592.4,7.104873657226563e-06,10,0.0104513641710585,4.0
0.0,47,63.5,178481.02127659574,0.0,0.0,0.0,0.0,0.0,0.0,0.0,0,0,0,0,0,5.602836608886719e-05,0.0,0.0,0.0,0.0,0.0,0.0,0.0,0.0,0.0,0.0,0.0,0.0,0.0,1.0,1.0,5920,592,592,592.0,0.0,592.0,5.984306335449219e-06,10,0.0,0.0
0.0,47,63.5,13697.922926192032,0.0,0.0,0.0,0.0,0.0,0.0,0.0,0,0,0,0,0,0.0007300376892089,0.0,0.0,0.0,0.0,0.0,0.0,0.0,0.0,0.0,0.0,0.0,0.0,0.0,1.0,1.0,5920,592,592,592.0,0.0,592.0,7.331371307373047e-05,10,0.0,0.0
0.0,47,63.5,178481.02127659574,0.0,0.0,0.0,0.0,0.0,0.0,0.0,0,0,0,0,0,5.602836608886719e-05,0.0,0.0,0.0,0.0,0.0,0.0,0.0,0.0,0.0,0.0,0.0,0.0,0.0,1.0,1.0,5920,592,592,592.0,0.0,592.0,5.888938903808594e-06,10,0.0,0.0
0.0,47,63.5,10605.067003792668,0.0,0.0,0.0,0.0,0.0,0.0,0.0,0,0,0,0,0,0.0009429454803466,0.0,0.0,0.0,0.0,0.0,0.0,0.0,0.0,0.0,0.0,0.0,0.0,0.0,1.0,1.0,5963,569,628,596.3,19.80488155312557,596.3,9.46044921875e-05,10,0.0571987965494812,702.9599999999999
0.0,47,63.5,2523.344964504873,0.0,0.0,0.0,0.0,0.0,0.0,0.0,0,0,0,0,0,0.0039629936218261,0.0,0.0,0.0,0.0,0.0,0.0,0.0,0.0,0.0,0.0,0.0,0.0,0.0,1.0,1.0,5939,590,598,593.9,3.142893217686178,593.9,0.000396704673767,10,0.0146246389811567,8.89
0.0,47,63.5,178481.02127659574,0.0,0.0,0.0,0.0,0.0,0.0,0.0,0,0,0,0,0,5.602836608886719e-05,0.0,0.0,0.0,0.0,0.0,0.0,0.0,0.0,0.0,0.0,0.0,0.0,0.0,1.0,1.0,5945,591,598,594.5,2.41522945769824,594.5,5.888938903808594e-06,10,0.012624087871888,12.25
0.0,47,63.5,175493.8912133891,0.0,0.0,0.0,0.0,0.0,0.0,0.0,0,0,0,0,0,5.698204040527344e-05,0.0,0.0,0.0,0.0,0.0,0.0,0.0,0.0,0.0,0.0,0.0,0.0,0.0,1.0,1.0,5945,590,603,594.5,5.060742150229659,594.5,6.008148193359375e-06,10,0.0154058939223176,25.33333333333333
0.0,47,63.5,164482.50980392157,0.0,0.0,0.0,0.0,0.0,0.0,0.0,0,0,0,0,0,6.079673767089844e-05,0.0,0.0,0.0,0.0,0.0,0.0,0.0,0.0,0.0,0.0,0.0,0.0,0.0,1.0,1.0,5686,470,640,568.6,58.300371639753145,568.6,6.389617919921875e-06,10,0.2415891893911698,6048.960000000001
0.0,47,63.5,175493.8912133891,0.0,0.0,0.0,0.0,0.0,0.0,0.0,0,0,0,0,0,5.698204040527344e-05,0.0,0.0,0.0,0.0,0.0,0.0,0.0,0.0,0.0,0.0,0.0,0.0,0.0,1.0,1.0,5745,562,587,574.5,9.640769909319712,574.5,6.008148193359375e-06,10,0.0649872540302605,125.36
0.0,47,63.5,178481.02127659574,0.0,0.0,0.0,0.0,0.0,0.0,0.0,0,0,0,0,0,5.602836608886719e-05,0.0,0.0,0.0,0.0,0.0,0.0,0.0,0.0,0.0,0.0,0.0,0.0,0.0,1.0,1.0,5837,572,597,583.7,9.322016949137131,583.7,5.91278076171875e-06,10,0.0478161068244005,78.21000000000001
0.0,47,63.5,271.738051583728,0.0,0.0,0.0,0.0,0.0,0.0,0.0,0,0,0,0,0,0.0368001461029052,0.0,0.0,0.0,0.0,0.0,0.0,0.0,0.0,0.0,0.0,0.0,0.0,0.0,1.0,1.0,5860,566,602,586.0,13.157169570660368,586.0,0.0036803007125854,10,0.0596031745963042,189.36
0.0,47,63.5,4151.132224861441,0.0,0.0,0.0,0.0,0.0,0.0,0.0,0,0,0,0,0,0.0024089813232421,0.0,0.0,0.0,0.0,0.0,0.0,0.0,0.0,0.0,0.0,0.0,0.0,0.0,1.0,1.0,5894,566,592,589.4,8.221921916437784,589.4,0.0002415895462036,10,0.0575927521118801,169.0
0.0,47,63.5,46091.25274725275,0.0,0.0,0.0,0.0,0.0,0.0,0.0,0,0,0,0,0,0.0002169609069824,0.0,0.0,0.0,0.0,0.0,0.0,0.0,0.0,0.0,0.0,0.0,0.0,0.0,1.0,1.0,5920,592,592,592.0,0.0,592.0,2.3889541625976563e-05,10,0.0,0.0
0.0,47,63.5,36631.47598253275,0.0,0.0,0.0,0.0,0.0,0.0,0.0,0,0,0,0,0,0.0002729892730712,0.0,0.0,0.0,0.0,0.0,0.0,0.0,0.0,0.0,0.0,0.0,0.0,0.0,1.0,1.0,5920,592,592,592.0,0.0,592.0,2.830028533935547e-05,10,0.0,0.0
0.0,47,63.5,61680.94117647059,0.0,0.0,0.0,0.0,0.0,0.0,0.0,0,0,0,0,0,0.000162124633789,0.0,0.0,0.0,0.0,0.0,0.0,0.0,0.0,0.0,0.0,0.0,0.0,0.0,1.0,1.0,5920,592,592,592.0,0.0,592.0,1.7213821411132813e-05,10,0.0,0.0
0.0,47,63.5,1105.364079588879,0.0,0.0,0.0,0.0,0.0,0.0,0.0,0,0,0,0,0,0.0090467929840087,0.0,0.0,0.0,0.0,0.0,0.0,0.0,0.0,0.0,0.0,0.0,0.0,0.0,1.0,1.0,5920,592,592,592.0,0.0,592.0,0.0009060859680175,10,0.0,0.0
0.0,47,63.5,5375.934375801076,0.0,0.0,0.0,0.0,0.0,0.0,0.0,0,0,0,0,0,0.0018601417541503,0.0,0.0,0.0,0.0,0.0,0.0,0.0,0.0,0.0,0.0,0.0,0.0,0.0,1.0,1.0,5920,592,592,592.0,0.0,592.0,0.0001869201660156,10,0.0,0.0
0.0,47,63.5,60963.72093023256,0.0,0.0,0.0,0.0,0.0,0.0,0.0,0,0,0,0,0,0.0001640319824218,0.0,0.0,0.0,0.0,0.0,0.0,0.0,0.0,0.0,0.0,0.0,0.0,0.0,1.0,1.0,5920,592,592,592.0,0.0,592.0,1.7380714416503908e-05,10,0.0,0.0
0.0,47,63.5,450.6515385937769,0.0,0.0,0.0,0.0,0.0,0.0,0.0,0,0,0,0,0,0.0221900939941406,0.0,0.0,0.0,0.0,0.0,0.0,0.0,0.0,0.0,0.0,0.0,0.0,0.0,1.0,1.0,5920,592,592,592.0,0.0,592.0,0.0022199153900146,10,0.0,0.0
0.0,47,63.5,21269.290060851927,0.0,0.0,0.0,0.0,0.0,0.0,0.0,0,0,0,0,0,0.0004701614379882,0.0,0.0,0.0,0.0,0.0,0.0,0.0,0.0,0.0,0.0,0.0,0.0,0.0,1.0,1.0,5912,559,628,591.2,23.169903850565387,591.2,4.889965057373047e-05,10,0.0756108720325663,952.56
0.0,47,63.5,125203.10447761194,0.0,0.0,0.0,0.0,0.0,0.0,0.0,0,0,0,0,0,7.987022399902344e-05,0.0,0.0,0.0,0.0,0.0,0.0,0.0,0.0,0.0,0.0,0.0,0.0,0.0,1.0,1.0,5948,591,596,594.8,2.097617696340304,594.8,8.392333984375e-06,10,0.0124947055447812,5.04
0.0,47,63.5,1716.7256057629338,0.0,0.0,0.0,0.0,0.0,0.0,0.0,0,0,0,0,0,0.0058250427246093,0.0,0.0,0.0,0.0,0.0,0.0,0.0,0.0,0.0,0.0,0.0,0.0,0.0,1.0,1.0,5954,590,602,595.4,4.195235392680605,595.4,0.0005829095840454,10,0.0150533210895624,28.8
0.0,47,63.5,178481.02127659574,0.0,0.0,0.0,0.0,0.0,0.0,0.0,0,0,0,0,0,5.602836608886719e-05,0.0,0.0,0.0,0.0,0.0,0.0,0.0,0.0,0.0,0.0,0.0,0.0,0.0,1.0,1.0,5936,589,599,593.6,4.718756898449704,593.6,5.888938903808594e-06,10,0.0169707128101523,20.666666666666668
0.0,47,63.5,2278.522381573229,0.0,0.0,0.0,0.0,0.0,0.0,0.0,0,0,0,0,0,0.0043888092041015,0.0,0.0,0.0,0.0,0.0,0.0,0.0,0.0,0.0,0.0,0.0,0.0,0.0,1.0,1.0,5709,470,640,570.9,58.40367187847772,570.9,0.0004391908645629,10,0.2416312697764167,5976.0
0.0,47,63.5,673.3619098075102,0.0,0.0,0.0,0.0,0.0,0.0,0.0,0,0,0,0,0,0.0148508548736572,0.0,0.0,0.0,0.0,0.0,0.0,0.0,0.0,0.0,0.0,0.0,0.0,0.0,1.0,1.0,5884,575,605,588.4,10.976743091139962,588.4,0.0014857053756713,10,0.0433777860656068,192.96
0.0,47,63.5,3631.117652151329,0.0,0.0,0.0,0.0,0.0,0.0,0.0,0,0,0,0,0,0.0027539730072021,0.0,0.0,0.0,0.0,0.0,0.0,0.0,0.0,0.0,0.0,0.0,0.0,0.0,1.0,1.0,5832,567,605,583.2,15.753659186924724,583.2,0.0002774000167846,10,0.0589567506063857,268.12244897959187
0.0,47,63.5,172605.10288065844,0.0,0.0,0.0,0.0,0.0,0.0,0.0,0,0,0,0,0,5.793571472167969e-05,0.0,0.0,0.0,0.0,0.0,0.0,0.0,0.0,0.0,0.0,0.0,0.0,0.0,1.0,1.0,5793,564,587,579.3,8.459708426811568,579.3,6.103515625e-06,10,0.0610978768247459,72.25
0.0,47,63.5,11235.746048754352,0.0,0.0,0.0,0.0,0.0,0.0,0.0,0,0,0,0,0,0.0008900165557861,0.0,0.0,0.0,0.0,0.0,0.0,0.0,0.0,0.0,0.0,0.0,0.0,0.0,1.0,1.0,5730,510,640,573.0,43.685746467749,573.0,8.931159973144532e-05,10,0.1674705756811023,3381.44
0.0,47,63.5,98227.2599531616,0.0,0.0,0.0,0.0,0.0,0.0,0.0,0,0,0,0,0,0.0001018047332763,0.0,0.0,0.0,0.0,0.0,0.0,0.0,0.0,0.0,0.0,0.0,0.0,0.0,1.0,1.0,5743,558,591,574.3,8.499019551297275,574.3,1.1682510375976562e-05,10,0.0713386706044165,121.0
0.0,47,63.5,103054.15233415231,0.0,0.0,0.0,0.0,0.0,0.0,0.0,0,0,0,0,0,9.703636169433594e-05,0.0,0.0,0.0,0.0,0.0,0.0,0.0,0.0,0.0,0.0,0.0,0.0,0.0,1.0,1.0,5778,565,591,577.8,6.762642481555071,577.8,1.0204315185546874e-05,10,0.0587024300412862,41.16
0.0,47,63.5,102051.19221411191,0.0,0.0,0.0,0.0,0.0,0.0,0.0,0,0,0,0,0,9.79900360107422e-05,0.0,0.0,0.0,0.0,0.0,0.0,0.0,0.0,0.0,0.0,0.0,0.0,0.0,1.0,1.0,5840,565,599,584.0,11.728408057172787,584.0,1.02996826171875e-05,10,0.0607252843061698,156.25
0.0,47,63.5,97090.37037037036,0.0,0.0,0.0,0.0,0.0,0.0,0.0,0,0,0,0,0,0.0001029968261718,0.0,0.0,0.0,0.0,0.0,0.0,0.0,0.0,0.0,0.0,0.0,0.0,0.0,1.0,1.0,5919,591,592,591.9,0.3162277660168379,591.9,1.080036163330078e-05,10,0.0,0.25
0.0,47,63.5,104077.0223325062,0.0,0.0,0.0,0.0,0.0,0.0,0.0,0,0,0,0,0,9.608268737792967e-05,0.0,0.0,0.0,0.0,0.0,0.0,0.0,0.0,0.0,0.0,0.0,0.0,0.0,1.0,1.0,5920,592,592,592.0,0.0,592.0,1.010894775390625e-05,10,0.0,0.0
0.0,47,63.5,1923.1104997707475,0.0,0.0,0.0,0.0,0.0,0.0,0.0,0,0,0,0,0,0.005199909210205,0.0,0.0,0.0,0.0,0.0,0.0,0.0,0.0,0.0,0.0,0.0,0.0,0.0,1.0,1.0,5920,592,592,592.0,0.0,592.0,0.0005204916000366,10,0.0,0.0
0.0,47,63.5,156503.8805970149,0.0,0.0,0.0,0.0,0.0,0.0,0.0,0,0,0,0,0,6.389617919921875e-05,0.0,0.0,0.0,0.0,0.0,0.0,0.0,0.0,0.0,0.0,0.0,0.0,0.0,1.0,1.0,5920,592,592,592.0,0.0,592.0,6.699562072753907e-06,10,0.0,0.0
0.0,47,63.5,444.40130958561576,0.0,0.0,0.0,0.0,0.0,0.0,0.0,0,0,0,0,0,0.0225021839141845,0.0,0.0,0.0,0.0,0.0,0.0,0.0,0.0,0.0,0.0,0.0,0.0,0.0,1.0,1.0,5920,592,592,592.0,0.0,592.0,0.0022508144378662,10,0.0,0.0
0.0,47,63.5,11532.317844377234,0.0,0.0,0.0,0.0,0.0,0.0,0.0,0,0,0,0,0,0.0008671283721923,0.0,0.0,0.0,0.0,0.0,0.0,0.0,0.0,0.0,0.0,0.0,0.0,0.0,1.0,1.0,5920,592,592,592.0,0.0,592.0,8.709430694580078e-05,10,0.0,0.0
0.0,47,63.5,13438.974687600128,0.0,0.0,0.0,0.0,0.0,0.0,0.0,0,0,0,0,0,0.0007441043853759,0.0,0.0,0.0,0.0,0.0,0.0,0.0,0.0,0.0,0.0,0.0,0.0,0.0,1.0,1.0,5920,592,592,592.0,0.0,592.0,7.550716400146484e-05,10,0.0,0.0
0.0,47,63.5,178481.02127659574,0.0,0.0,0.0,0.0,0.0,0.0,0.0,0,0,0,0,0,5.602836608886719e-05,0.0,0.0,0.0,0.0,0.0,0.0,0.0,0.0,0.0,0.0,0.0,0.0,0.0,1.0,1.0,5920,592,592,592.0,0.0,592.0,5.888938903808594e-06,10,0.0,0.0
0.0,47,63.5,175493.8912133891,0.0,0.0,0.0,0.0,0.0,0.0,0.0,0,0,0,0,0,5.698204040527344e-05,0.0,0.0,0.0,0.0,0.0,0.0,0.0,0.0,0.0,0.0,0.0,0.0,0.0,1.0,1.0,5920,592,592,592.0,0.0,592.0,6.008148193359375e-06,10,0.0,0.0
0.0,47,63.5,7261.606648199446,0.0,0.0,0.0,0.0,0.0,0.0,0.0,0,0,0,0,0,0.0013771057128906,0.0,0.0,0.0,0.0,0.0,0.0,0.0,0.0,0.0,0.0,0.0,0.0,0.0,1.0,1.0,5794,470,640,579.4,61.295640591770926,579.4,0.0001379966735839,10,0.2428093421514638,5999.04
0.0,47,63.5,17483.551479783244,0.0,0.0,0.0,0.0,0.0,0.0,0.0,0,0,0,0,0,0.0005719661712646,0.0,0.0,0.0,0.0,0.0,0.0,0.0,0.0,0.0,0.0,0.0,0.0,0.0,1.0,1.0,5818,567,596,581.8,9.93087217832463,581.8,5.779266357421875e-05,10,0.0565847800905623,126.57142857142856
0.0,47,63.5,161319.38461538462,0.0,0.0,0.0,0.0,0.0,0.0,0.0,0,0,0,0,0,6.198883056640625e-05,0.0,0.0,0.0,0.0,0.0,0.0,0.0,0.0,0.0,0.0,0.0,0.0,0.0,1.0,1.0,5814,570,592,581.4,7.705697747626607,581.4,6.508827209472656e-06,10,0.0505659430344731,71.34693877551021
0.0,47,63.5,178481.02127659574,0.0,0.0,0.0,0.0,0.0,0.0,0.0,0,0,0,0,0,5.602836608886719e-05,0.0,0.0,0.0,0.0,0.0,0.0,0.0,0.0,0.0,0.0,0.0,0.0,0.0,1.0,1.0,5879,567,607,587.9,14.969969939849578,587.9,5.888938903808594e-06,10,0.0586375069546971,264.2448979591837
0.0,47,63.5,163840.0,0.0,0.0,0.0,0.0,0.0,0.0,0.0,0,0,0,0,0,6.103515625e-05,0.0,0.0,0.0,0.0,0.0,0.0,0.0,0.0,0.0,0.0,0.0,0.0,0.0,1.0,1.0,5909,581,592,590.9,3.478505426185217,590.9,6.413459777832031e-06,10,0.0300985239704108,30.25
0.0,47,63.5,181571.60173160167,0.0,0.0,0.0,0.0,0.0,0.0,0.0,0,0,0,0,0,5.507469177246094e-05,0.0,0.0,0.0,0.0,0.0,0.0,0.0,0.0,0.0,0.0,0.0,0.0,0.0,1.0,1.0,5920,592,592,592.0,0.0,592.0,5.793571472167969e-06,10,0.0,0.0
0.0,47,63.5,178481.02127659574,0.0,0.0,0.0,0.0,0.0,0.0,0.0,0,0,0,0,0,5.602836608886719e-05,0.0,0.0,0.0,0.0,0.0,0.0,0.0,0.0,0.0,0.0,0.0,0.0,0.0,1.0,1.0,5920,592,592,592.0,0.0,592.0,5.888938903808594e-06,10,0.0,0.0
0.0,47,63.5,181571.60173160167,0.0,0.0,0.0,0.0,0.0,0.0,0.0,0,0,0,0,0,5.507469177246094e-05,0.0,0.0,0.0,0.0,0.0,0.0,0.0,0.0,0.0,0.0,0.0,0.0,0.0,1.0,1.0,5920,592,592,592.0,0.0,592.0,5.817413330078125e-06,10,0.0,0.0
0.0,47,63.5,849.4620868438108,0.0,0.0,0.0,0.0,0.0,0.0,0.0,0,0,0,0,0,0.0117721557617187,0.0,0.0,0.0,0.0,0.0,0.0,0.0,0.0,0.0,0.0,0.0,0.0,0.0,1.0,1.0,5784,503,640,578.4,46.612349341254095,578.4,0.0011775016784667,10,0.1805916666276533,3821.04
0.0,47,63.5,9018.069232423137,0.0,0.0,0.0,0.0,0.0,0.0,0.0,0,0,0,0,0,0.0011088848114013,0.0,0.0,0.0,0.0,0.0,0.0,0.0,0.0,0.0,0.0,0.0,0.0,0.0,1.0,1.0,5770,568,592,577.0,9.006170724070865,577.0,0.0001135826110839,10,0.0545039637061575,80.98765432098766
0.0,47,63.5,333.67839044065585,0.0,0.0,0.0,0.0,0.0,0.0,0.0,0,0,0,0,0,0.0299689769744873,0.0,0.0,0.0,0.0,0.0,0.0,0.0,0.0,0.0,0.0,0.0,0.0,0.0,1.0,1.0,5809,572,595,580.9,7.06242010770938,580.9,0.0030697107315063,10,0.0468956374550765,44.89
0.0,47,63.5,179243.7606837607,0.0,0.0,0.0,0.0,0.0,0.0,0.0,0,0,0,0,0,5.5789947509765625e-05,0.0,0.0,0.0,0.0,0.0,0.0,0.0,0.0,0.0,0.0,0.0,0.0,0.0,1.0,1.0,5802,563,595,580.2,12.044362443345294,580.2,5.984306335449219e-06,10,0.0642622514849211,210.25
0.0,47,63.5,137068.75816993465,0.0,0.0,0.0,0.0,0.0,0.0,0.0,0,0,0,0,0,7.295608520507812e-05,0.0,0.0,0.0,0.0,0.0,0.0,0.0,0.0,0.0,0.0,0.0,0.0,0.0,1.0,1.0,5662,470,640,566.2,57.80003844673847,566.2,7.605552673339843e-06,10,0.2413853736616633,5790.24
0.0,47,63.5,153637.50915750916,0.0,0.0,0.0,0.0,0.0,0.0,0.0,0,0,0,0,0,6.508827209472656e-05,0.0,0.0,0.0,0.0,0.0,0.0,0.0,0.0,0.0,0.0,0.0,0.0,0.0,1.0,1.0,5817,560,606,581.7,16.580108564180154,581.7,6.9141387939453125e-06,10,0.0712223230247044,476.1875
0.0,47,63.5,153637.50915750916,0.0,0.0,0.0,0.0,0.0,0.0,0.0,0,0,0,0,0,6.508827209472656e-05,0.0,0.0,0.0,0.0,0.0,0.0,0.0,0.0,0.0,0.0,0.0,0.0,0.0,1.0,1.0,5821,557,598,582.1,12.609079621006796,582.1,6.890296936035156e-06,10,0.0747170746744133,143.08999999999995
0.0,47,63.5,149263.487544484,0.0,0.0,0.0,0.0,0.0,0.0,0.0,0,0,0,0,0,6.699562072753906e-05,0.0,0.0,0.0,0.0,0.0,0.0,0.0,0.0,0.0,0.0,0.0,0.0,0.0,1.0,1.0,5863,557,594,586.3,12.10188231456394,586.3,7.104873657226563e-06,10,0.0745104627796607,289.0
0.0,47,63.5,134865.08038585208,0.0,0.0,0.0,0.0,0.0,0.0,0.0,0,0,0,0,0,7.414817810058594e-05,0.0,0.0,0.0,0.0,0.0,0.0,0.0,0.0,0.0,0.0,0.0,0.0,0.0,1.0,1.0,5900,572,592,590.0,6.324555320336759,590.0,7.700920104980468e-06,10,0.0465950608552924,100.0
0.0,47,63.5,178481.02127659574,0.0,0.0,0.0,0.0,0.0,0.0,0.0,0,0,0,0,0,5.602836608886719e-05,0.0,0.0,0.0,0.0,0.0,0.0,0.0,0.0,0.0,0.0,0.0,0.0,0.0,1.0,1.0,5920,592,592,592.0,0.0,592.0,5.888938903808594e-06,10,0.0,0.0
0.0,47,63.5,181571.60173160167,0.0,0.0,0.0,0.0,0.0,0.0,0.0,0,0,0,0,0,5.507469177246094e-05,0.0,0.0,0.0,0.0,0.0,0.0,0.0,0.0,0.0,0.0,0.0,0.0,0.0,1.0,1.0,5920,592,592,592.0,0.0,592.0,5.817413330078125e-06,10,0.0,0.0
0.0,47,63.5,241.0561101628189,0.0,0.0,0.0,0.0,0.0,0.0,0.0,0,0,0,0,0,0.0414841175079345,0.0,0.0,0.0,0.0,0.0,0.0,0.0,0.0,0.0,0.0,0.0,0.0,0.0,1.0,1.0,5920,592,592,592.0,0.0,592.0,0.0041486978530883,10,0.0,0.0
0.0,47,63.5,3974.5134085094287,0.0,0.0,0.0,0.0,0.0,0.0,0.0,0,0,0,0,0,0.0025160312652587,0.0,0.0,0.0,0.0,0.0,0.0,0.0,0.0,0.0,0.0,0.0,0.0,0.0,1.0,1.0,5920,592,592,592.0,0.0,592.0,0.0002553939819335,10,0.0,0.0
0.0,47,63.5,28493.91304347826,0.0,0.0,0.0,0.0,0.0,0.0,0.0,0,0,0,0,0,0.0003509521484375,0.0,0.0,0.0,0.0,0.0,0.0,0.0,0.0,0.0,0.0,0.0,0.0,0.0,1.0,1.0,5920,592,592,592.0,0.0,592.0,3.628730773925781e-05,10,0.0,0.0
0.0,47,63.5,79437.57575757576,0.0,0.0,0.0,0.0,0.0,0.0,0.0,0,0,0,0,0,0.0001258850097656,0.0,0.0,0.0,0.0,0.0,0.0,0.0,0.0,0.0,0.0,0.0,0.0,0.0,1.0,1.0,5920,592,592,592.0,0.0,592.0,1.3399124145507811e-05,10,0.0,0.0
0.0,47,63.5,81284.96124031008,0.0,0.0,0.0,0.0,0.0,0.0,0.0,0,0,0,0,0,0.0001230239868164,0.0,0.0,0.0,0.0,0.0,0.0,0.0,0.0,0.0,0.0,0.0,0.0,0.0,1.0,1.0,5920,592,592,592.0,0.0,592.0,1.2803077697753909e-05,10,0.0,0.0
0.0,47,63.5,67216.41025641025,0.0,0.0,0.0,0.0,0.0,0.0,0.0,0,0,0,0,0,0.0001487731933593,0.0,0.0,0.0,0.0,0.0,0.0,0.0,0.0,0.0,0.0,0.0,0.0,0.0,1.0,1.0,5941,566,628,594.1,20.82439808387161,594.1,1.5497207641601562e-05,10,0.062726496803446,772.8
0.0,47,63.5,601.5408886211743,0.0,0.0,0.0,0.0,0.0,0.0,0.0,0,0,0,0,0,0.0166239738464355,0.0,0.0,0.0,0.0,0.0,0.0,0.0,0.0,0.0,0.0,0.0,0.0,0.0,1.0,1.0,5898,585,595,589.8,3.521363372331802,589.8,0.001776909828186,10,0.0232994625833531,11.63265306122449
0.0,47,63.5,138884.23841059604,0.0,0.0,0.0,0.0,0.0,0.0,0.0,0,0,0,0,0,7.200241088867188e-05,0.0,0.0,0.0,0.0,0.0,0.0,0.0,0.0,0.0,0.0,0.0,0.0,0.0,1.0,1.0,5916,585,595,591.6,3.470510689285432,591.6,7.700920104980468e-06,10,0.0232787472343873,16.56
0.0,47,63.5,108660.72538860104,0.0,0.0,0.0,0.0,0.0,0.0,0.0,0,0,0,0,0,9.202957153320312e-05,0.0,0.0,0.0,0.0,0.0,0.0,0.0,0.0,0.0,0.0,0.0,0.0,0.0,1.0,1.0,5915,587,599,591.5,4.222953153106642,591.5,9.608268737792968e-06,10,0.0201770021964494,29.44
0.0,47,63.5,64527.75384615385,0.0,0.0,0.0,0.0,0.0,0.0,0.0,0,0,0,0,0,0.000154972076416,0.0,0.0,0.0,0.0,0.0,0.0,0.0,0.0,0.0,0.0,0.0,0.0,0.0,1.0,1.0,5748,501,640,574.8,46.711407124551016,574.8,1.609325408935547e-05,10,0.1840402788062571,3925.04
0.0,47,63.5,3670.841939436373,0.0,0.0,0.0,0.0,0.0,0.0,0.0,0,0,0,0,0,0.0027241706848144,0.0,0.0,0.0,0.0,0.0,0.0,0.0,0.0,0.0,0.0,0.0,0.0,0.0,1.0,1.0,5837,565,594,583.7,10.79145752693099,583.7,0.0002731084823608,10,0.0603436081381705,115.11111111111111
0.0,47,63.5,107546.2564102564,0.0,0.0,0.0,0.0,0.0,0.0,0.0,0,0,0,0,0,9.298324584960938e-05,0.0,0.0,0.0,0.0,0.0,0.0,0.0,0.0,0.0,0.0,0.0,0.0,0.0,1.0,1.0,5863,580,594,586.3,5.755190893638735,586.3,9.584426879882811e-06,10,0.0327300845624327,30.839506172839503
0.0,47,63.5,169809.87854251012,0.0,0.0,0.0,0.0,0.0,0.0,0.0,0,0,0,0,0,5.888938903808594e-05,0.0,0.0,0.0,0.0,0.0,0.0,0.0,0.0,0.0,0.0,0.0,0.0,0.0,1.0,1.0,5806,574,588,580.6,5.4609726443393045,580.6,6.29425048828125e-06,10,0.042835011816398,26.84
0.0,47,63.5,158875.15151515152,0.0,0.0,0.0,0.0,0.0,0.0,0.0,0,0,0,0,0,6.29425048828125e-05,0.0,0.0,0.0,0.0,0.0,0.0,0.0,0.0,0.0,0.0,0.0,0.0,0.0,1.0,1.0,5916,588,592,591.6,1.264911064067352,591.6,6.604194641113281e-06,10,0.0172678841710584,4.0
0.0,47,63.5,13680.052185257664,0.0,0.0,0.0,0.0,0.0,0.0,0.0,0,0,0,0,0,0.0007309913635253,0.0,0.0,0.0,0.0,0.0,0.0,0.0,0.0,0.0,0.0,0.0,0.0,0.0,1.0,1.0,5920,592,592,592.0,0.0,592.0,7.340908050537109e-05,10,0.0,0.0
0.0,47,63.5,103054.15233415231,0.0,0.0,0.0,0.0,0.0,0.0,0.0,0,0,0,0,0,9.703636169433594e-05,0.0,0.0,0.0,0.0,0.0,0.0,0.0,0.0,0.0,0.0,0.0,0.0,0.0,1.0,1.0,5920,592,592,592.0,0.0,592.0,1.0204315185546874e-05,10,0.0,0.0
0.0,47,63.5,102051.19221411191,0.0,0.0,0.0,0.0,0.0,0.0,0.0,0,0,0,0,0,9.79900360107422e-05,0.0,0.0,0.0,0.0,0.0,0.0,0.0,0.0,0.0,0.0,0.0,0.0,0.0,1.0,1.0,5920,592,592,592.0,0.0,592.0,1.02996826171875e-05,10,0.0,0.0
0.0,47,63.5,819.0720199968755,0.0,0.0,0.0,0.0,0.0,0.0,0.0,0,0,0,0,0,0.0122089385986328,0.0,0.0,0.0,0.0,0.0,0.0,0.0,0.0,0.0,0.0,0.0,0.0,0.0,1.0,1.0,5828,517,640,582.8,41.43750314228244,582.8,0.001221489906311,10,0.1546258212800401,3054.96
0.0,47,63.5,3895.517785827064,0.0,0.0,0.0,0.0,0.0,0.0,0.0,0,0,0,0,0,0.0025670528411865,0.0,0.0,0.0,0.0,0.0,0.0,0.0,0.0,0.0,0.0,0.0,0.0,0.0,1.0,1.0,5786,562,592,578.6,8.194849330863597,578.6,0.0002573013305664,10,0.0643982438234206,72.25
0.0,47,63.5,52363.34581772784,0.0,0.0,0.0,0.0,0.0,0.0,0.0,0,0,0,0,0,0.0001909732818603,0.0,0.0,0.0,0.0,0.0,0.0,0.0,0.0,0.0,0.0,0.0,0.0,0.0,1.0,1.0,5819,562,601,581.9,10.608696642116051,581.9,1.959800720214844e-05,10,0.0653815486641324,101.29
0.0,47,63.5,107546.2564102564,0.0,0.0,0.0,0.0,0.0,0.0,0.0,0,0,0,0,0,9.298324584960938e-05,0.0,0.0,0.0,0.0,0.0,0.0,0.0,0.0,0.0,0.0,0.0,0.0,0.0,1.0,1.0,5849,578,601,584.9,7.15619389837301,584.9,9.79900360107422e-06,10,0.0367090571464412,64.0
0.0,47,63.5,932.3161732017428,0.0,0.0,0.0,0.0,0.0,0.0,0.0,0,0,0,0,0,0.010725975036621,0.0,0.0,0.0,0.0,0.0,0.0,0.0,0.0,0.0,0.0,0.0,0.0,0.0,1.0,1.0,5755,488,640,575.5,53.52517580021989,575.5,0.0010730981826782,10,0.2089696256139775,4661.76
0.0,47,63.5,106184.91139240506,0.0,0.0,0.0,0.0,0.0,0.0,0.0,0,0,0,0,0,9.41753387451172e-05,0.0,0.0,0.0,0.0,0.0,0.0,0.0,0.0,0.0,0.0,0.0,0.0,0.0,1.0,1.0,5787,563,594,578.7,13.400248753910004,578.7,9.918212890625e-06,10,0.0648145853323928,172.98765432098764
0.0,47,63.5,387.6866195881244,0.0,0.0,0.0,0.0,0.0,0.0,0.0,0,0,0,0,0,0.0257940292358398,0.0,0.0,0.0,0.0,0.0,0.0,0.0,0.0,0.0,0.0,0.0,0.0,0.0,1.0,1.0,5883,576,600,588.3,9.428679653058534,588.3,0.0025797843933105,10,0.0410430369434699,80.01
0.0,47,63.5,531.2675271377725,0.0,0.0,0.0,0.0,0.0,0.0,0.0,0,0,0,0,0,0.0188229084014892,0.0,0.0,0.0,0.0,0.0,0.0,0.0,0.0,0.0,0.0,0.0,0.0,0.0,1.0,1.0,5868,560,605,586.8,16.618597346881526,586.8,0.0018851995468139,10,0.0712380018152256,271.4320987654321
0.0,47,63.5,149263.487544484,0.0,0.0,0.0,0.0,0.0,0.0,0.0,0,0,0,0,0,6.699562072753906e-05,0.0,0.0,0.0,0.0,0.0,0.0,0.0,0.0,0.0,0.0,0.0,0.0,0.0,1.0,1.0,5705,470,640,570.5,58.699328029468205,570.5,7.009506225585937e-06,10,0.2417517082660841,6011.04
0.0,47,63.5,178481.02127659574,0.0,0.0,0.0,0.0,0.0,0.0,0.0,0,0,0,0,0,5.602836608886719e-05,0.0,0.0,0.0,0.0,0.0,0.0,0.0,0.0,0.0,0.0,0.0,0.0,0.0,1.0,1.0,5805,572,591,580.5,7.306770072260991,580.5,5.888938903808594e-06,10,0.0469951758566362,48.05
0.0,47,63.5,181571.60173160167,0.0,0.0,0.0,0.0,0.0,0.0,0.0,0,0,0,0,0,5.507469177246094e-05,0.0,0.0,0.0,0.0,0.0,0.0,0.0,0.0,0.0,0.0,0.0,0.0,0.0,1.0,1.0,5793,560,604,579.3,16.2073371587617,579.3,5.817413330078125e-06,10,0.0710704708649931,309.6326530612245
0.0,47,63.5,178481.02127659574,0.0,0.0,0.0,0.0,0.0,0.0,0.0,0,0,0,0,0,5.602836608886719e-05,0.0,0.0,0.0,0.0,0.0,0.0,0.0,0.0,0.0,0.0,0.0,0.0,0.0,1.0,1.0,5788,561,588,578.8,9.975525605756877,578.8,5.888938903808594e-06,10,0.0668277501107611,89.56
0.0,47,63.5,169809.87854251012,0.0,0.0,0.0,0.0,0.0,0.0,0.0,0,0,0,0,0,5.888938903808594e-05,0.0,0.0,0.0,0.0,0.0,0.0,0.0,0.0,0.0,0.0,0.0,0.0,0.0,1.0,1.0,5916,588,592,591.6,1.264911064067352,591.6,6.198883056640625e-06,10,0.0172678841710584,4.0
0.0,47,63.5,16670.524642289347,0.0,0.0,0.0,0.0,0.0,0.0,0.0,0,0,0,0,0,0.0005998611450195,0.0,0.0,0.0,0.0,0.0,0.0,0.0,0.0,0.0,0.0,0.0,0.0,0.0,1.0,1.0,5920,592,592,592.0,0.0,592.0,6.029605865478516e-05,10,0.0,0.0
0.0,47,63.5,101067.56626506025,0.0,0.0,0.0,0.0,0.0,0.0,0.0,0,0,0,0,0,9.894371032714844e-05,0.0,0.0,0.0,0.0,0.0,0.0,0.0,0.0,0.0,0.0,0.0,0.0,0.0,1.0,1.0,5920,592,592,592.0,0.0,592.0,1.0609626770019531e-05,10,0.0,0.0
0.0,47,63.5,102051.19221411191,0.0,0.0,0.0,0.0,0.0,0.0,0.0,0,0,0,0,0,9.79900360107422e-05,0.0,0.0,0.0,0.0,0.0,0.0,0.0,0.0,0.0,0.0,0.0,0.0,0.0,1.0,1.0,5920,592,592,592.0,0.0,592.0,1.0395050048828124e-05,10,0.0,0.0
0.0,47,63.5,94254.02247191012,0.0,0.0,0.0,0.0,0.0,0.0,0.0,0,0,0,0,0,0.0001060962677001,0.0,0.0,0.0,0.0,0.0,0.0,0.0,0.0,0.0,0.0,0.0,0.0,0.0,1.0,1.0,5920,592,592,592.0,0.0,592.0,1.1110305786132813e-05,10,0.0,0.0
0.0,47,63.5,2417.3269552187194,0.0,0.0,0.0,0.0,0.0,0.0,0.0,0,0,0,0,0,0.0041368007659912,0.0,0.0,0.0,0.0,0.0,0.0,0.0,0.0,0.0,0.0,0.0,0.0,0.0,1.0,1.0,5920,592,592,592.0,0.0,592.0,0.0004141807556152,10,0.0,0.0
0.0,47,63.5,278.5210369740756,0.0,0.0,0.0,0.0,0.0,0.0,0.0,0,0,0,0,0,0.0359039306640625,0.0,0.0,0.0,0.0,0.0,0.0,0.0,0.0,0.0,0.0,0.0,0.0,0.0,1.0,1.0,5920,592,592,592.0,0.0,592.0,0.0035916090011596,10,0.0,0.0
0.0,47,63.5,12164.45475638051,0.0,0.0,0.0,0.0,0.0,0.0,0.0,0,0,0,0,0,0.0008220672607421,0.0,0.0,0.0,0.0,0.0,0.0,0.0,0.0,0.0,0.0,0.0,0.0,0.0,1.0,1.0,5920,592,592,592.0,0.0,592.0,8.26120376586914e-05,10,0.0,0.0
0.0,47,63.5,138884.23841059604,0.0,0.0,0.0,0.0,0.0,0.0,0.0,0,0,0,0,0,7.200241088867188e-05,0.0,0.0,0.0,0.0,0.0,0.0,0.0,0.0,0.0,0.0,0.0,0.0,0.0,1.0,1.0,5920,592,592,592.0,0.0,592.0,8.296966552734374e-06,10,0.0,0.0
0.0,47,63.5,171897.70491803277,0.0,0.0,0.0,0.0,0.0,0.0,0.0,0,0,0,0,0,5.817413330078125e-05,0.0,0.0,0.0,0.0,0.0,0.0,0.0,0.0,0.0,0.0,0.0,0.0,0.0,1.0,1.0,5920,592,592,592.0,0.0,592.0,6.198883056640625e-06,10,0.0,0.0
0.0,47,63.5,344.105669045861,0.0,0.0,0.0,0.0,0.0,0.0,0.0,0,0,0,0,0,0.0290608406066894,0.0,0.0,0.0,0.0,0.0,0.0,0.0,0.0,0.0,0.0,0.0,0.0,0.0,1.0,1.0,5920,592,592,592.0,0.0,592.0,0.002906584739685,10,0.0,0.0
0.0,47,63.5,43827.62800417973,0.0,0.0,0.0,0.0,0.0,0.0,0.0,0,0,0,0,0,0.0002281665802001,0.0,0.0,0.0,0.0,0.0,0.0,0.0,0.0,0.0,0.0,0.0,0.0,0.0,1.0,1.0,5920,592,592,592.0,0.0,592.0,2.481937408447265e-05,10,0.0,0.0
0.0,47,63.5,30954.273062730623,0.0,0.0,0.0,0.0,0.0,0.0,0.0,0,0,0,0,0,0.0003230571746826,0.0,0.0,0.0,0.0,0.0,0.0,0.0,0.0,0.0,0.0,0.0,0.0,0.0,1.0,1.0,5920,592,592,592.0,0.0,592.0,3.3783912658691404e-05,10,0.0,0.0
0.0,47,63.5,86838.59213250517,0.0,0.0,0.0,0.0,0.0,0.0,0.0,0,0,0,0,0,0.000115156173706,0.0,0.0,0.0,0.0,0.0,0.0,0.0,0.0,0.0,0.0,0.0,0.0,0.0,1.0,1.0,5920,592,592,592.0,0.0,592.0,1.2111663818359374e-05,10,0.0,0.0
0.0,47,63.5,100102.72076372316,0.0,0.0,0.0,0.0,0.0,0.0,0.0,0,0,0,0,0,9.989738464355467e-05,0.0,0.0,0.0,0.0,0.0,0.0,0.0,0.0,0.0,0.0,0.0,0.0,0.0,1.0,1.0,5920,592,592,592.0,0.0,592.0,1.0585784912109376e-05,10,0.0,0.0
0.0,47,63.5,34952.53333333333,0.0,0.0,0.0,0.0,0.0,0.0,0.0,0,0,0,0,0,0.0002861022949218,0.0,0.0,0.0,0.0,0.0,0.0,0.0,0.0,0.0,0.0,0.0,0.0,0.0,1.0,1.0,5920,592,592,592.0,0.0,592.0,2.920627593994141e-05,10,0.0,0.0
0.0,47,63.5,107546.2564102564,0.0,0.0,0.0,0.0,0.0,0.0,0.0,0,0,0,0,0,9.298324584960938e-05,0.0,0.0,0.0,0.0,0.0,0.0,0.0,0.0,0.0,0.0,0.0,0.0,0.0,1.0,1.0,5837,536,640,583.7,35.33977928623777,583.7,9.989738464355468e-06,10,0.1197633824900419,2165.76
0.0,47,63.5,99864.38095238096,0.0,0.0,0.0,0.0,0.0,0.0,0.0,0,0,0,0,0,0.0001001358032226,0.0,0.0,0.0,0.0,0.0,0.0,0.0,0.0,0.0,0.0,0.0,0.0,0.0,1.0,1.0,5810,569,593,581.0,7.688375063113864,581.0,1.0514259338378908e-05,10,0.05226301646571,72.25
0.0,47,63.5,107546.2564102564,0.0,0.0,0.0,0.0,0.0,0.0,0.0,0,0,0,0,0,9.298324584960938e-05,0.0,0.0,0.0,0.0,0.0,0.0,0.0,0.0,0.0,0.0,0.0,0.0,0.0,1.0,1.0,5831,570,594,583.1,10.22469776787776,583.1,9.989738464355468e-06,10,0.0515920828827226,104.39506172839506
0.0,47,63.5,105384.52261306532,0.0,0.0,0.0,0.0,0.0,0.0,0.0,0,0,0,0,0,9.489059448242188e-05,0.0,0.0,0.0,0.0,0.0,0.0,0.0,0.0,0.0,0.0,0.0,0.0,0.0,1.0,1.0,5859,576,602,585.9,11.219526628952655,585.9,1.0204315185546874e-05,10,0.0417725563675701,143.04
0.0,47,63.5,117817.52808988764,0.0,0.0,0.0,0.0,0.0,0.0,0.0,0,0,0,0,0,8.487701416015625e-05,0.0,0.0,0.0,0.0,0.0,0.0,0.0,0.0,0.0,0.0,0.0,0.0,0.0,1.0,1.0,5905,577,592,590.5,4.743416490252569,590.5,8.89301300048828e-06,10,0.0374303181414692,56.25
0.0,47,63.5,124830.47619047618,0.0,0.0,0.0,0.0,0.0,0.0,0.0,0,0,0,0,0,8.0108642578125e-05,0.0,0.0,0.0,0.0,0.0,0.0,0.0,0.0,0.0,0.0,0.0,0.0,0.0,1.0,1.0,5920,592,592,592.0,0.0,592.0,8.511543273925782e-06,10,0.0,0.0
0.0,47,63.5,138884.23841059604,0.0,0.0,0.0,0.0,0.0,0.0,0.0,0,0,0,0,0,7.200241088867188e-05,0.0,0.0,0.0,0.0,0.0,0.0,0.0,0.0,0.0,0.0,0.0,0.0,0.0,1.0,1.0,5920,592,592,592.0,0.0,592.0,7.605552673339843e-06,10,0.0,0.0
0.0,47,63.42857142857143,199728.7619047619,0.0,0.0,0.0,0.0,0.0,0.0,0.0,0,0,0,0,0,3.504753112792969e-05,0.0,0.0,0.0,0.0,0.0,0.0,0.0,0.0,0.0,0.0,0.0,0.0,0.0,1.0,1.0,4144,592,592,592.0,0.0,592.0,5.41550772530692e-06,7,0.0,0.0
