Header_Length,Protocol Type,Time_To_Live,Rate,fin_flag_number,syn_flag_number,rst_flag_number,psh_flag_number,ack_flag_number,ece_flag_number,cwr_flag_number,ack_count,syn_count,fin_count,rst_count,urg_count,Flow Duration,HTTP,HTTPS,DNS,Telnet,SMTP,SSH,IRC,TCP,UDP,DHCP,ARP,ICMP,IGMP,IPv,LLC,Tot sum,Min,Max,AVG,Std,Tot size,IAT,Number,Variance,Covariance
20.0,6,64.0,341.96226784287506,0.0,0.0,0.5,0.5,0.5,0.0,0.0,5,0,0,5,0,0.029242992401123,0.0,1.0,0.0,0.0,0.0,0.0,0.0,1.0,0.0,0.0,0.0,0.0,0.0,1.0,1.0,720,54,90,72.0,18.97366596101028,72.0,0.0029242992401123,10,0.9344871425658772,324.0
20.0,6,64.0,2186.81126173097,0.0,0.0,0.5,0.5,0.5,0.0,0.0,5,0,0,5,0,0.0045728683471679,0.0,1.0,0.0,0.0,0.0,0.0,0.0,1.0,0.0,0.0,0.0,0.0,0.0,1.0,1.0,720,54,90,72.0,18.97366596101028,72.0,0.0004832983016967,10,0.9344871425658772,324.0
20.0,6,64.0,1489.8778061949415,0.0,0.0,0.5,0.5,0.5,0.0,0.0,5,0,0,5,0,0.0067119598388671,0.0,1.0,0.0,0.0,0.0,0.0,0.0,1.0,0.0,0.0,0.0,0.0,0.0,1.0,1.0,768,54,92,76.8,19.623115620784247,76.8,0.0007842063903808,10,0.9347517023792828,356.54320987654324
20.0,6,64.0,614.7031495024402,0.0,0.0,0.6,0.4,0.4,0.0,0.0,4,0,0,6,0,0.0162680149078369,0.0,1.0,0.0,0.0,0.0,0.0,0.0,1.0,0.0,0.0,0.0,0.0,0.0,1.0,1.0,1862,54,1224,186.2,365.1343131871704,186.2,0.0016285896301269,10,1.0,119990.75999999998
20.0,6,64.0,1660.0585767434495,0.0,0.0,0.9,0.1,0.1,0.0,0.0,1,0,0,9,0,0.00602388381958,0.0,1.0,0.0,0.0,0.0,0.0,0.0,1.0,0.0,0.0,0.0,0.0,0.0,1.0,1.0,11070,54,1224,1107.0,369.9864862397004,1107.0,0.0016771078109741,10,1.0,123201.0
20.0,6,64.0,24442.331002331004,0.0,0.0,1.0,0.0,0.0,0.0,0.0,0,0,0,10,0,0.0004091262817382,0.0,1.0,0.0,0.0,0.0,0.0,0.0,1.0,0.0,0.0,0.0,0.0,0.0,1.0,1.0,12260,1226,1226,1226.0,0.0,1226.0,4.200935363769531e-05,10,0.0,0.0
20.0,6,64.0,562.9635992698379,0.0,0.0,1.0,0.0,0.0,0.0,0.0,0,0,0,10,0,0.0177631378173828,0.0,1.0,0.0,0.0,0.0,0.0,0.0,1.0,0.0,0.0,0.0,0.0,0.0,1.0,1.0,1210,121,121,121.0,0.0,121.0,0.0045567989349365,10,0.0,0.0
20.0,6,64.0,45245.9978425027,0.0,0.0,1.0,0.0,0.0,0.0,0.0,0,0,0,10,0,0.0002210140228271,0.0,1.0,0.0,0.0,0.0,0.0,0.0,1.0,0.0,0.0,0.0,0.0,0.0,1.0,1.0,1230,123,123,123.0,0.0,123.0,2.3603439331054688e-05,10,0.0,0.0
20.0,6,64.0,972.389298465248,0.0,0.0,0.6,0.4,0.4,0.0,0.0,4,0,0,6,0,0.0102839469909667,0.0,1.0,0.0,0.0,0.0,0.0,0.0,1.0,0.0,0.0,0.0,0.0,0.0,1.0,1.0,610,54,64,61.0,4.83045891539648,61.0,0.0044168949127197,10,0.928725765743776,24.48979591836735
20.0,6,64.0,761.5484058392041,0.0,0.0,0.6,0.4,0.4,0.0,0.0,4,0,0,6,0,0.0131311416625976,0.0,1.0,0.0,0.0,0.0,0.0,0.0,1.0,0.0,0.0,0.0,0.0,0.0,1.0,1.0,606,54,66,60.6,5.738757124441958,60.6,0.0013144016265869,10,0.9290957701022128,29.64
20.0,6,64.0,2863.00614334471,0.0,0.0,0.6,0.4,0.4,0.0,0.0,4,0,0,6,0,0.0034928321838378,0.0,1.0,0.0,0.0,0.0,0.0,0.0,1.0,0.0,0.0,0.0,0.0,0.0,1.0,1.0,612,54,66,61.2,6.196773353931867,61.2,0.0003522872924804,10,0.9292823475934576,36.0
20.0,6,64.0,274.32577912946795,0.0,0.0,0.6,0.4,0.4,0.0,0.0,4,0,0,6,0,0.0364530086517334,0.0,1.0,0.0,0.0,0.0,0.0,0.0,1.0,0.0,0.0,0.0,0.0,0.0,1.0,1.0,607,54,66,60.7,5.774464862170731,60.7,0.0036471128463745,10,0.929110316006254,36.0
20.0,6,64.0,716.3382975816369,0.0,0.0,0.7,0.3,0.3,0.0,0.0,3,0,0,7,0,0.0139598846435546,0.0,1.0,0.0,0.0,0.0,0.0,0.0,1.0,0.0,0.0,0.0,0.0,0.0,1.0,1.0,607,54,66,60.7,5.774464862170732,60.7,0.0013981819152832,10,0.929110316006254,30.25
20.0,6,64.0,3944.6101758675823,0.0,0.0,0.5,0.5,0.5,0.0,0.0,5,0,0,5,0,0.0025351047515869,0.0,1.0,0.0,0.0,0.0,0.0,0.0,1.0,0.0,0.0,0.0,0.0,0.0,1.0,1.0,600,54,66,60.0,6.324555320336759,60.0,0.0002555131912231,10,0.9293344008552924,36.0
20.0,6,64.0,361.9898505195568,0.0,0.0,0.6,0.4,0.4,0.0,0.0,4,0,0,6,0,0.0276250839233398,0.0,1.0,0.0,0.0,0.0,0.0,0.0,1.0,0.0,0.0,0.0,0.0,0.0,1.0,1.0,612,54,66,61.2,6.196773353931867,61.2,0.0029160976409912,10,0.9292823475934576,36.0
20.0,6,64.0,3326.700507614213,0.0,0.0,0.6,0.4,0.4,0.0,0.0,4,0,0,6,0,0.0030059814453125,0.0,1.0,0.0,0.0,0.0,0.0,0.0,1.0,0.0,0.0,0.0,0.0,0.0,1.0,1.0,612,54,66,61.2,6.196773353931867,61.2,0.000722599029541,10,0.9292823475934576,34.56
20.0,6,64.0,1404.13913159921,0.0,0.0,0.9,0.1,0.1,0.0,0.0,1,0,0,9,0,0.0071218013763427,0.0,1.0,0.0,0.0,0.0,0.0,0.0,1.0,0.0,0.0,0.0,0.0,0.0,1.0,1.0,676,66,68,67.6,0.8432740427115678,67.6,0.0008050918579101,10,0.0,1.0
20.0,6,64.0,207.64497955384812,0.0,0.0,1.0,0.0,0.0,0.0,0.0,0,0,0,10,0,0.048159122467041,0.0,1.0,0.0,0.0,0.0,0.0,0.0,1.0,0.0,0.0,0.0,0.0,0.0,1.0,1.0,778,54,84,77.8,10.685400216078843,77.8,0.0048180103302001,10,0.931110834632022,128.64
20.0,6,64.0,5431.629111629111,0.0,0.0,1.0,0.0,0.0,0.0,0.0,0,0,0,10,0,0.0018410682678222,0.0,1.0,0.0,0.0,0.0,0.0,0.0,1.0,0.0,0.0,0.0,0.0,0.0,1.0,1.0,854,84,86,85.4,0.9660917830792958,85.4,0.0001856088638305,10,0.0,1.0
20.0,6,64.0,247.24297495328423,0.0,0.0,0.7,0.3,0.3,0.0,0.0,3,0,0,7,0,0.0404460430145263,0.0,1.0,0.0,0.0,0.0,0.0,0.0,1.0,0.0,0.0,0.0,0.0,0.0,1.0,1.0,3176,54,689,317.6,319.9170725880901,317.6,0.0040459871292114,10,1.0,92112.24
20.0,6,64.0,1165.7644737207816,0.0,0.0,0.6,0.4,0.4,0.0,0.0,4,0,0,6,0,0.0085780620574951,0.0,1.0,0.0,0.0,0.0,0.0,0.0,1.0,0.0,0.0,0.0,0.0,0.0,1.0,1.0,4987,54,691,498.7,306.87277494101687,498.7,0.0009433984756469,10,1.0,89605.55555555556
20.0,6,64.0,723.5800296725666,0.0,0.0,0.5,0.5,0.5,0.0,0.0,5,0,0,5,0,0.0138201713562011,0.0,1.0,0.0,0.0,0.0,0.0,0.0,1.0,0.0,0.0,0.0,0.0,0.0,1.0,1.0,3725,54,691,372.5,335.7284782545429,372.5,0.0013857126235961,10,1.0,101442.25
20.0,6,64.0,423.8169049664023,0.0,0.0,0.6,0.4,0.4,0.0,0.0,4,0,0,6,0,0.0235950946807861,0.0,1.0,0.0,0.0,0.0,0.0,0.0,1.0,0.0,0.0,0.0,0.0,0.0,1.0,1.0,3100,54,691,310.0,327.9329199699231,310.0,0.0023633956909179,10,1.0,101442.25
20.0,6,64.0,1109.2520892838252,0.0,0.0,1.0,0.0,0.0,0.0,0.0,0,0,0,10,0,0.0090150833129882,0.0,1.0,0.0,0.0,0.0,0.0,0.0,1.0,0.0,0.0,0.0,0.0,0.0,1.0,1.0,662,66,68,66.2,0.6324555320336759,66.2,0.0012516021728515,10,0.0,0.36
20.0,6,64.0,335.6275556337972,0.0,0.0,1.0,0.0,0.0,0.0,0.0,0,0,0,10,0,0.0297949314117431,0.0,1.0,0.0,0.0,0.0,0.0,0.0,1.0,0.0,0.0,0.0,0.0,0.0,1.0,1.0,678,66,68,67.8,0.6324555320336759,67.8,0.0039590835571289,10,0.0,0.36
20.0,6,64.0,4707.94028510495,0.0,0.0,1.0,0.0,0.0,0.0,0.0,0,0,0,10,0,0.0021240711212158,0.0,1.0,0.0,0.0,0.0,0.0,0.0,1.0,0.0,0.0,0.0,0.0,0.0,1.0,1.0,662,66,68,66.2,0.6324555320336759,66.2,0.0015351057052612,10,0.0,0.36
20.0,6,64.0,271.4285529389686,0.0,0.0,1.0,0.0,0.0,0.0,0.0,0,0,0,10,0,0.0368421077728271,0.0,1.0,0.0,0.0,0.0,0.0,0.0,1.0,0.0,0.0,0.0,0.0,0.0,1.0,1.0,678,66,68,67.8,0.6324555320336759,67.8,0.0036858081817626,10,0.0,0.36
20.0,6,64.0,585.4777425703876,0.0,0.0,1.0,0.0,0.0,0.0,0.0,0,0,0,10,0,0.0170800685882568,0.0,1.0,0.0,0.0,0.0,0.0,0.0,1.0,0.0,0.0,0.0,0.0,0.0,1.0,1.0,662,66,68,66.2,0.6324555320336759,66.2,0.0018279075622558,10,0.0,0.36
20.0,6,64.0,326.4684958163067,0.0,0.0,1.0,0.0,0.0,0.0,0.0,0,0,0,10,0,0.0306308269500732,0.0,1.0,0.0,0.0,0.0,0.0,0.0,1.0,0.0,0.0,0.0,0.0,0.0,1.0,1.0,676,64,68,67.6,1.2649110640673518,67.6,0.0030661821365356,10,0.9102320041710584,1.44
20.0,6,64.0,1156.73028130171,0.0,0.0,0.5,0.5,0.5,0.0,0.0,5,0,0,5,0,0.0086450576782226,0.0,1.0,0.0,0.0,0.0,0.0,0.0,1.0,0.0,0.0,0.0,0.0,0.0,1.0,1.0,600,54,64,60.0,5.163977794943222,60.0,0.001269507408142,10,0.928861627994548,25.0
20.0,6,64.0,840.3397980445584,0.0,0.0,0.5,0.5,0.5,0.0,0.0,5,0,0,5,0,0.0118999481201171,0.0,1.0,0.0,0.0,0.0,0.0,0.0,1.0,0.0,0.0,0.0,0.0,0.0,1.0,1.0,594,54,66,59.4,5.738757124441959,59.4,0.00119309425354,10,0.9290957701022128,29.64
20.0,6,64.0,3075.228389178092,0.0,0.0,0.5,0.5,0.5,0.0,0.0,5,0,0,5,0,0.0032517910003662,0.0,1.0,0.0,0.0,0.0,0.0,0.0,1.0,0.0,0.0,0.0,0.0,0.0,1.0,1.0,600,54,66,60.0,6.324555320336759,60.0,0.0003284931182861,10,0.9293344008552924,36.0
20.0,6,64.0,239.0066613861837,0.0,0.0,0.8,0.2,0.2,0.0,0.0,2,0,0,8,0,0.0418398380279541,0.0,1.0,0.0,0.0,0.0,0.0,0.0,1.0,0.0,0.0,0.0,0.0,0.0,1.0,1.0,616,54,66,61.6,5.316640543300503,61.6,0.0041857004165649,10,0.9289238166917188,36.0
20.0,6,64.0,34836.41196013289,0.0,0.0,1.0,0.0,0.0,0.0,0.0,0,0,0,10,0,0.0002870559692382,0.0,1.0,0.0,0.0,0.0,0.0,0.0,1.0,0.0,0.0,0.0,0.0,0.0,1.0,1.0,648,64,66,64.8,1.0327955589886444,64.8,0.0014958143234252,10,0.9101374495989096,0.96
20.0,6,64.0,376.4476116964943,0.0,0.0,1.0,0.0,0.0,0.0,0.0,0,0,0,10,0,0.0265641212463378,0.0,1.0,0.0,0.0,0.0,0.0,0.0,1.0,0.0,0.0,0.0,0.0,0.0,1.0,1.0,652,64,66,65.2,1.0327955589886444,65.2,0.0026576995849609,10,0.9101374495989096,0.96
20.0,6,64.0,776.6366699996297,0.0,0.0,1.0,0.0,0.0,0.0,0.0,0,0,0,10,0,0.0128760337829589,0.0,1.0,0.0,0.0,0.0,0.0,0.0,1.0,0.0,0.0,0.0,0.0,0.0,1.0,1.0,648,64,66,64.8,1.0327955589886444,64.8,0.0016860008239746,10,0.9101374495989096,0.96
20.0,6,64.0,203.26853830757528,0.0,0.0,0.8,0.2,0.2,0.0,0.0,2,0,0,8,0,0.0491960048675537,0.0,1.0,0.0,0.0,0.0,0.0,0.0,1.0,0.0,0.0,0.0,0.0,0.0,1.0,1.0,642,54,66,64.2,3.7058512292499457,64.2,0.0049217939376831,10,0.9282676455567472,15.4375
20.0,6,64.0,2995.7174487536604,0.0,0.0,0.6,0.4,0.4,0.0,0.0,4,0,0,6,0,0.0033380985260009,0.0,1.0,0.0,0.0,0.0,0.0,0.0,1.0,0.0,0.0,0.0,0.0,0.0,1.0,1.0,600,54,64,60.0,5.163977794943222,60.0,0.0003365039825439,10,0.928861627994548,25.0
20.0,6,64.0,1366.6679700228087,0.0,0.0,0.5,0.5,0.5,0.0,0.0,5,0,0,5,0,0.0073170661926269,0.0,1.0,0.0,0.0,0.0,0.0,0.0,1.0,0.0,0.0,0.0,0.0,0.0,1.0,1.0,598,54,66,59.8,6.142746399887703,59.8,0.0007337093353271,10,0.9292603391734584,33.959999999999994
20.0,6,64.0,2416.630560036875,0.0,0.0,0.7,0.3,0.3,0.0,0.0,3,0,0,7,0,0.0041379928588867,0.0,1.0,0.0,0.0,0.0,0.0,0.0,1.0,0.0,0.0,0.0,0.0,0.0,1.0,1.0,612,54,66,61.2,6.196773353931867,61.2,0.0004175901412963,10,0.9292823475934576,36.0
20.0,6,64.0,1194.8903196399065,0.0,0.0,0.5,0.5,0.5,0.0,0.0,5,0,0,5,0,0.008368968963623,0.0,1.0,0.0,0.0,0.0,0.0,0.0,1.0,0.0,0.0,0.0,0.0,0.0,1.0,1.0,600,54,66,60.0,6.324555320336759,60.0,0.0025959014892578,10,0.9293344008552924,36.0
20.0,6,64.0,605.2474061674772,0.0,0.0,0.5,0.5,0.5,0.0,0.0,5,0,0,5,0,0.0165221691131591,0.0,1.0,0.0,0.0,0.0,0.0,0.0,1.0,0.0,0.0,0.0,0.0,0.0,1.0,1.0,600,54,66,60.0,6.324555320336759,60.0,0.0020173072814941,10,0.9293344008552924,36.0
20.0,6,64.0,1973.1401420708476,0.0,0.0,0.5,0.5,0.5,0.0,0.0,5,0,0,5,0,0.0050680637359619,0.0,1.0,0.0,0.0,0.0,0.0,0.0,1.0,0.0,0.0,0.0,0.0,0.0,1.0,1.0,610,54,68,61.0,7.378647873726218,61.0,0.0006608963012695,10,0.9297637959978412,49.0
20.0,6,64.0,2756.3277912860617,0.0,0.0,0.5,0.5,0.5,0.0,0.0,5,0,0,5,0,0.0036280155181884,0.0,1.0,0.0,0.0,0.0,0.0,0.0,1.0,0.0,0.0,0.0,0.0,0.0,1.0,1.0,610,54,68,61.0,7.378647873726218,61.0,0.0004226922988891,10,0.9297637959978412,49.0
20.0,6,64.0,556.0819876435181,0.0,0.0,0.6,0.4,0.4,0.0,0.0,4,0,0,6,0,0.0179829597473144,0.0,1.0,0.0,0.0,0.0,0.0,0.0,1.0,0.0,0.0,0.0,0.0,0.0,1.0,1.0,7560,54,1224,756.0,604.1854020083571,756.0,0.0030544996261596,10,1.0,342225.0
20.0,6,64.0,3329.869799936488,0.0,0.0,0.7,0.3,0.3,0.0,0.0,3,0,0,7,0,0.0030031204223632,0.0,1.0,0.0,0.0,0.0,0.0,0.0,1.0,0.0,0.0,0.0,0.0,0.0,1.0,1.0,8736,54,1226,873.6,565.578405999852,873.6,0.0003678083419799,10,1.0,328536.0
20.0,6,64.0,1927.5294117647056,0.0,0.0,0.6,0.4,0.4,0.0,0.0,4,0,0,6,0,0.00518798828125,0.0,1.0,0.0,0.0,0.0,0.0,0.0,1.0,0.0,0.0,0.0,0.0,0.0,1.0,1.0,7572,54,1226,757.2,605.2181975673457,757.2,0.000868797302246,10,1.0,343396.0
20.0,6,64.0,305.5402658896376,0.0,0.0,0.5,0.5,0.5,0.0,0.0,5,0,0,5,0,0.0327289104461669,0.0,1.0,0.0,0.0,0.0,0.0,0.0,1.0,0.0,0.0,0.0,0.0,0.0,1.0,1.0,2340,54,1226,234.0,357.17720469755005,234.0,0.0033845901489257,10,1.0,343396.0
20.0,6,64.0,1235.0354818762698,0.0,0.0,0.5,0.5,0.5,0.0,0.0,5,0,0,5,0,0.0080969333648681,0.0,1.0,0.0,0.0,0.0,0.0,0.0,1.0,0.0,0.0,0.0,0.0,0.0,1.0,1.0,1482,54,211,148.2,81.0744513806086,148.2,0.0008121967315673,10,0.9597845185144048,6162.25
20.0,6,64.0,902.6997245179064,0.0,0.0,0.6,0.4,0.4,0.0,0.0,4,0,0,6,0,0.011077880859375,0.0,1.0,0.0,0.0,0.0,0.0,0.0,1.0,0.0,0.0,0.0,0.0,0.0,1.0,1.0,1494,54,213,149.4,82.10724693959725,149.4,0.0011872053146362,10,0.9602052381133144,6320.25
20.0,6,64.0,448.0471729353829,0.0,0.0,0.7,0.3,0.3,0.0,0.0,3,0,0,7,0,0.0223190784454345,0.0,1.0,0.0,0.0,0.0,0.0,0.0,1.0,0.0,0.0,0.0,0.0,0.0,1.0,1.0,1204,54,213,120.4,79.87935347204002,120.4,0.0022355079650878,10,0.9592976834303704,6320.25
20.0,6,64.0,1967.0327815035407,0.0,0.0,0.6,0.4,0.4,0.0,0.0,4,0,0,6,0,0.0050837993621826,0.0,1.0,0.0,0.0,0.0,0.0,0.0,1.0,0.0,0.0,0.0,0.0,0.0,1.0,1.0,624,54,68,62.4,7.229568912920511,62.4,0.0012637853622436,10,0.9297030671923672,47.04
20.0,6,64.0,1161.567476252458,0.0,0.0,0.7,0.3,0.3,0.0,0.0,3,0,0,7,0,0.0086090564727783,0.0,1.0,0.0,0.0,0.0,0.0,0.0,1.0,0.0,0.0,0.0,0.0,0.0,1.0,1.0,648,54,70,64.8,7.495183638696105,64.8,0.0009512186050415,10,0.9298112680070592,52.16
20.0,6,64.0,2150.1532783103503,0.0,0.0,0.5,0.5,0.5,0.0,0.0,5,0,0,5,0,0.0046508312225341,0.0,1.0,0.0,0.0,0.0,0.0,0.0,1.0,0.0,0.0,0.0,0.0,0.0,1.0,1.0,620,54,70,62.0,8.432740427115679,62.0,0.0004666805267333,10,0.93019319114039,64.0
20.0,6,64.0,895.3387695854502,0.0,0.0,0.5,0.5,0.5,0.0,0.0,5,0,0,5,0,0.0111689567565917,0.0,1.0,0.0,0.0,0.0,0.0,0.0,1.0,0.0,0.0,0.0,0.0,0.0,1.0,1.0,590,54,64,59.0,5.270462766947299,59.0,0.0033235073089599,10,0.9289050057127436,25.0
20.0,6,64.0,1537.7269394339346,0.0,0.0,0.7,0.3,0.3,0.0,0.0,3,0,0,7,0,0.0065031051635742,0.0,1.0,0.0,0.0,0.0,0.0,0.0,1.0,0.0,0.0,0.0,0.0,0.0,1.0,1.0,626,54,66,62.6,4.623610902506587,62.6,0.0007467031478881,10,0.9286415041372452,22.222222222222225
20.0,6,64.0,6881.548810500411,0.0,0.0,0.7,0.3,0.3,0.0,0.0,3,0,0,7,0,0.001453161239624,0.0,1.0,0.0,0.0,0.0,0.0,0.0,1.0,0.0,0.0,0.0,0.0,0.0,1.0,1.0,612,54,66,61.2,6.196773353931867,61.2,0.0001464128494262,10,0.9292823475934576,36.0
20.0,6,64.0,194.40845063894284,0.0,0.0,0.9,0.1,0.1,0.0,0.0,1,0,0,9,0,0.0514380931854248,0.0,1.0,0.0,0.0,0.0,0.0,0.0,1.0,0.0,0.0,0.0,0.0,0.0,1.0,1.0,720,54,75,72.0,6.928203230275509,72.0,0.0051476955413818,10,0.9295803028678852,74.25
20.0,6,64.0,49286.76850763807,0.0,0.0,1.0,0.0,0.0,0.0,0.0,0,0,0,10,0,0.0002028942108154,0.0,1.0,0.0,0.0,0.0,0.0,0.0,1.0,0.0,0.0,0.0,0.0,0.0,1.0,1.0,766,75,77,76.6,0.8432740427115678,76.6,2.589225769042969e-05,10,0.0,1.0
20.0,6,64.0,252.1812639414145,0.0,0.0,1.0,0.0,0.0,0.0,0.0,0,0,0,10,0,0.0396540164947509,0.0,1.0,0.0,0.0,0.0,0.0,0.0,1.0,0.0,0.0,0.0,0.0,0.0,1.0,1.0,10042,77,1236,1004.2,488.6773077513536,1004.2,0.0039675951004028,10,1.0,335820.25
20.0,6,64.0,945.9840317560556,0.0,0.0,1.0,0.0,0.0,0.0,0.0,0,0,0,10,0,0.010571002960205,0.0,1.0,0.0,0.0,0.0,0.0,0.0,1.0,0.0,0.0,0.0,0.0,0.0,1.0,1.0,12368,1236,1237,1236.8,0.4216370213557839,1236.8,0.0011716127395629,10,0.0,0.25
20.0,6,64.0,213.4104010949592,0.0,0.0,0.8,0.2,0.2,0.0,0.0,2,0,0,8,0,0.0468580722808837,0.0,1.0,0.0,0.0,0.0,0.0,0.0,1.0,0.0,0.0,0.0,0.0,0.0,1.0,1.0,3186,54,1237,318.6,484.1999586947524,318.6,0.0046875,10,1.0,326612.25
20.0,6,64.0,1696.038819247877,0.0,0.0,0.8,0.2,0.2,0.0,0.0,2,0,0,8,0,0.0058960914611816,0.0,1.0,0.0,0.0,0.0,0.0,0.0,1.0,0.0,0.0,0.0,0.0,0.0,1.0,1.0,828,54,96,82.8,19.89304736166215,82.8,0.000591492652893,10,0.9348616617732468,402.1224489795919
20.0,6,64.0,317.00821561647354,0.0,0.0,0.7,0.3,0.3,0.0,0.0,3,0,0,7,0,0.0315449237823486,0.0,1.0,0.0,0.0,0.0,0.0,0.0,1.0,0.0,0.0,0.0,0.0,0.0,1.0,1.0,804,54,96,80.4,20.43526363911168,80.4,0.0031569004058837,10,0.9350825389960286,441.0
20.0,6,64.0,592.9434383703012,0.0,0.0,1.0,0.0,0.0,0.0,0.0,0,0,0,10,0,0.0168650150299072,0.0,1.0,0.0,0.0,0.0,0.0,0.0,1.0,0.0,0.0,0.0,0.0,0.0,1.0,1.0,661,66,67,66.1,0.3162277660168379,66.1,0.0019170045852661,10,0.0,0.09
20.0,6,64.0,306.35483164122417,0.0,0.0,0.9,0.1,0.1,0.0,0.0,1,0,0,9,0,0.0326418876647949,0.0,1.0,0.0,0.0,0.0,0.0,0.0,1.0,0.0,0.0,0.0,0.0,0.0,1.0,1.0,667,64,67,66.7,0.9486832980505138,66.7,0.0032662868499755,10,0.0,0.8099999999999999
20.0,6,64.0,428.3005034259514,0.0,0.0,0.6,0.4,0.4,0.0,0.0,4,0,0,6,0,0.0233480930328369,0.0,1.0,0.0,0.0,0.0,0.0,0.0,1.0,0.0,0.0,0.0,0.0,0.0,1.0,1.0,600,54,64,60.0,5.163977794943222,60.0,0.0023403167724609,10,0.928861627994548,25.0
20.0,6,64.0,2466.8023290007645,0.0,0.0,0.5,0.5,0.5,0.0,0.0,5,0,0,5,0,0.0040538311004638,0.0,1.0,0.0,0.0,0.0,0.0,0.0,1.0,0.0,0.0,0.0,0.0,0.0,1.0,1.0,594,54,66,59.4,5.738757124441959,59.4,0.0004084825515747,10,0.9290957701022128,29.64
20.0,6,64.0,1960.0467311556613,0.0,0.0,0.6,0.4,0.4,0.0,0.0,4,0,0,6,0,0.0051019191741943,0.0,1.0,0.0,0.0,0.0,0.0,0.0,1.0,0.0,0.0,0.0,0.0,0.0,1.0,1.0,600,54,66,60.0,6.324555320336759,60.0,0.0005119085311889,10,0.9293344008552924,36.0
20.0,6,64.0,402.9033063725961,0.0,0.0,0.5,0.5,0.5,0.0,0.0,5,0,0,5,0,0.0248198509216308,0.0,1.0,0.0,0.0,0.0,0.0,0.0,1.0,0.0,0.0,0.0,0.0,0.0,1.0,1.0,616,54,74,61.6,8.527081042837057,61.6,0.0024853944778442,10,0.93023162173361,65.58024691358024
20.0,6,64.0,1254.8779320248923,0.0,0.0,0.6,0.4,0.4,0.0,0.0,4,0,0,6,0,0.0079689025878906,0.0,1.0,0.0,0.0,0.0,0.0,0.0,1.0,0.0,0.0,0.0,0.0,0.0,1.0,1.0,680,54,74,68.0,9.66091783079296,68.0,0.0007991075515747,10,0.9306935014875518,96.0
20.0,6,64.0,663.708204763035,0.0,0.0,0.8,0.2,0.2,0.0,0.0,2,0,0,8,0,0.0150668621063232,0.0,1.0,0.0,0.0,0.0,0.0,0.0,1.0,0.0,0.0,0.0,0.0,0.0,1.0,1.0,692,54,76,69.2,10.507140429250958,69.2,0.0015107870101928,10,0.9310382187252596,109.76
20.0,6,64.0,245.9598423719272,0.0,0.0,0.7,0.3,0.3,0.0,0.0,3,0,0,7,0,0.0406570434570312,0.0,1.0,0.0,0.0,0.0,0.0,0.0,1.0,0.0,0.0,0.0,0.0,0.0,1.0,1.0,664,54,76,66.4,9.605553948974867,66.4,0.0041612148284912,10,0.9306709484566544,83.03999999999999
20.0,6,64.0,2528.36457893785,0.0,0.0,0.5,0.5,0.5,0.0,0.0,5,0,0,5,0,0.0039551258087158,0.0,1.0,0.0,0.0,0.0,0.0,0.0,1.0,0.0,0.0,0.0,0.0,0.0,1.0,1.0,600,54,66,60.0,6.324555320336759,60.0,0.0015572071075439,10,0.9293344008552924,36.0
20.0,6,64.0,1928.6816572400792,0.0,0.0,0.5,0.5,0.5,0.0,0.0,5,0,0,5,0,0.0051848888397216,0.0,1.0,0.0,0.0,0.0,0.0,0.0,1.0,0.0,0.0,0.0,0.0,0.0,1.0,1.0,620,54,68,62.0,6.928203230275509,62.0,0.000667381286621,10,0.9295803028678852,43.55555555555556
20.0,6,64.0,1897.875113122172,0.0,0.0,0.5,0.5,0.5,0.0,0.0,5,0,0,5,0,0.0052690505981445,0.0,1.0,0.0,0.0,0.0,0.0,0.0,1.0,0.0,0.0,0.0,0.0,0.0,1.0,1.0,610,54,68,61.0,7.378647873726218,61.0,0.0005311012268066,10,0.9297637959978412,49.0
20.0,6,64.0,474.62985175964695,0.0,0.0,0.7,0.3,0.3,0.0,0.0,3,0,0,7,0,0.021069049835205,0.0,1.0,0.0,0.0,0.0,0.0,0.0,1.0,0.0,0.0,0.0,0.0,0.0,1.0,1.0,829,54,109,82.9,27.826645903202603,82.9,0.0021105051040649,10,0.9380934924751286,696.8900000000001
20.0,6,64.0,1031.7837199576886,0.0,0.0,0.9,0.1,0.1,0.0,0.0,1,0,0,9,0,0.0096919536590576,0.0,1.0,0.0,0.0,0.0,0.0,0.0,1.0,0.0,0.0,0.0,0.0,0.0,1.0,1.0,1043,54,111,104.3,17.70153791184383,104.3,0.0009717941284179,10,0.9339689284837688,307.8024691358025
20.0,6,64.0,376.6910351516893,0.0,0.0,0.9,0.1,0.1,0.0,0.0,1,0,0,9,0,0.0265469551086425,0.0,1.0,0.0,0.0,0.0,0.0,0.0,1.0,0.0,0.0,0.0,0.0,0.0,1.0,1.0,912,54,111,91.2,25.724177991402044,91.2,0.0027801036834716,10,0.9372370311465776,595.5600000000001
20.0,6,64.0,752.449499479746,0.0,0.0,1.0,0.0,0.0,0.0,0.0,0,0,0,10,0,0.0132899284362792,0.0,1.0,0.0,0.0,0.0,0.0,0.0,1.0,0.0,0.0,0.0,0.0,0.0,1.0,1.0,646,64,66,64.6,0.966091783079296,64.6,0.0013314008712768,10,0.0,0.8400000000000001
20.0,6,64.0,217.6089652131054,0.0,0.0,0.9,0.1,0.1,0.0,0.0,1,0,0,9,0,0.0459539890289306,0.0,1.0,0.0,0.0,0.0,0.0,0.0,1.0,0.0,0.0,0.0,0.0,0.0,1.0,1.0,660,66,66,66.0,0.0,66.0,0.0045990943908691,10,0.0,0.0
20.0,6,64.0,1452.6231211470526,0.0,0.0,0.8,0.2,0.2,0.0,0.0,2,0,0,8,0,0.0068840980529785,0.0,1.0,0.0,0.0,0.0,0.0,0.0,1.0,0.0,0.0,0.0,0.0,0.0,1.0,1.0,638,54,68,63.8,5.202563470700446,63.8,0.0006941080093383,10,0.9288773462554244,36.0
20.0,6,64.0,2392.370522473192,0.0,0.0,0.8,0.2,0.2,0.0,0.0,2,0,0,8,0,0.0041799545288085,0.0,1.0,0.0,0.0,0.0,0.0,0.0,1.0,0.0,0.0,0.0,0.0,0.0,1.0,1.0,638,54,68,63.8,6.762642481555072,63.8,0.0004210948944091,10,0.9295128600412864,49.0
20.0,6,64.0,238.53771170535848,0.0,0.0,1.0,0.0,0.0,0.0,0.0,0,0,0,10,0,0.0419220924377441,0.0,1.0,0.0,0.0,0.0,0.0,0.0,1.0,0.0,0.0,0.0,0.0,0.0,1.0,1.0,664,66,68,66.4,0.8432740427115678,66.4,0.0042834043502807,10,0.0,1.0
20.0,6,64.0,1678.3929571828733,0.0,0.0,1.0,0.0,0.0,0.0,0.0,0,0,0,10,0,0.005958080291748,0.0,1.0,0.0,0.0,0.0,0.0,0.0,1.0,0.0,0.0,0.0,0.0,0.0,1.0,1.0,676,66,68,67.6,0.8432740427115678,67.6,0.0005974054336547,10,0.0,1.0
20.0,6,64.0,199.46945161765896,0.0,0.0,1.0,0.0,0.0,0.0,0.0,0,0,0,10,0,0.0501329898834228,0.0,1.0,0.0,0.0,0.0,0.0,0.0,1.0,0.0,0.0,0.0,0.0,0.0,1.0,1.0,1464,68,166,146.4,41.32042809286683,146.4,0.0050147056579589,10,0.9197324995879104,2401.0
20.0,6,64.0,97090.37037037036,0.0,0.0,1.0,0.0,0.0,0.0,0.0,0,0,0,10,0,0.0001029968261718,0.0,1.0,0.0,0.0,0.0,0.0,0.0,1.0,0.0,0.0,0.0,0.0,0.0,1.0,1.0,1676,166,168,167.6,0.8432740427115678,167.6,1.1301040649414062e-05,10,0.0,1.0
20.0,6,64.0,223.9338818265786,0.0,0.0,0.6,0.4,0.4,0.0,0.0,4,0,0,6,0,0.0446560382843017,0.0,1.0,0.0,0.0,0.0,0.0,0.0,1.0,0.0,0.0,0.0,0.0,0.0,1.0,1.0,844,54,168,84.4,44.962206351557086,84.4,0.0045249938964843,10,0.9450738343793704,2775.1875
20.0,6,64.0,493.6566075043548,0.0,0.0,0.5,0.5,0.5,0.0,0.0,5,0,0,5,0,0.0202569961547851,0.0,1.0,0.0,0.0,0.0,0.0,0.0,1.0,0.0,0.0,0.0,0.0,0.0,1.0,1.0,635,54,73,63.5,10.013879257199868,63.5,0.0045230865478515,10,0.9308372838542128,90.25
20.0,6,64.0,1747.9908314232132,0.0,0.0,0.5,0.5,0.5,0.0,0.0,5,0,0,5,0,0.0057208538055419,0.0,1.0,0.0,0.0,0.0,0.0,0.0,1.0,0.0,0.0,0.0,0.0,0.0,1.0,1.0,643,54,75,64.3,10.87351522431147,64.3,0.0009654998779296,10,0.9311874651617756,106.41
20.0,6,64.0,2828.065538399299,0.0,0.0,0.5,0.5,0.5,0.0,0.0,5,0,0,5,0,0.0035359859466552,0.0,1.0,0.0,0.0,0.0,0.0,0.0,1.0,0.0,0.0,0.0,0.0,0.0,1.0,1.0,645,54,75,64.5,11.067971810589327,64.5,0.0004484176635742,10,0.9312666789967616,110.25
20.0,6,64.0,825.2117968796113,0.0,0.0,0.9,0.1,0.1,0.0,0.0,1,0,0,9,0,0.0121181011199951,0.0,1.0,0.0,0.0,0.0,0.0,0.0,1.0,0.0,0.0,0.0,0.0,0.0,1.0,1.0,657,54,75,65.7,4.98998997994986,65.7,0.0013134002685546,10,0.9287907523182324,110.25
20.0,6,64.0,1048.6546490986825,0.0,0.0,1.0,0.0,0.0,0.0,0.0,0,0,0,10,0,0.0095360279083251,0.0,1.0,0.0,0.0,0.0,0.0,0.0,1.0,0.0,0.0,0.0,0.0,0.0,1.0,1.0,676,66,68,67.6,0.8432740427115678,67.6,0.0010614871978759,10,0.0,1.0
20.0,6,64.0,482.9031960946855,0.0,0.0,0.7,0.3,0.3,0.0,0.0,3,0,0,7,0,0.0207080841064453,0.0,1.0,0.0,0.0,0.0,0.0,0.0,1.0,0.0,0.0,0.0,0.0,0.0,1.0,1.0,618,54,68,61.8,5.613475849338902,61.8,0.0020723104476928,10,0.9290447355219869,32.75
20.0,6,64.0,649.2730650154799,0.0,0.0,0.5,0.5,0.5,0.0,0.0,5,0,0,5,0,0.0154018402099609,0.0,1.0,0.0,0.0,0.0,0.0,0.0,1.0,0.0,0.0,0.0,0.0,0.0,1.0,1.0,590,54,64,59.0,5.270462766947299,59.0,0.0015421867370605,10,0.9289050057127436,25.0
20.0,6,64.0,3029.253213924599,0.0,0.0,0.6,0.4,0.4,0.0,0.0,4,0,0,6,0,0.0033011436462402,0.0,1.0,0.0,0.0,0.0,0.0,0.0,1.0,0.0,0.0,0.0,0.0,0.0,1.0,1.0,612,54,66,61.2,6.196773353931867,61.2,0.0004285097122192,10,0.9292823475934576,35.55555555555556
20.0,6,64.0,368.4061484409311,0.0,0.0,0.7,0.3,0.3,0.0,0.0,3,0,0,7,0,0.0271439552307128,0.0,1.0,0.0,0.0,0.0,0.0,0.0,1.0,0.0,0.0,0.0,0.0,0.0,1.0,1.0,624,54,66,62.4,5.796550698475776,62.4,0.0028769016265869,10,0.9291193128925312,36.0
20.0,6,64.0,4835.489970025363,0.0,0.0,1.0,0.0,0.0,0.0,0.0,0,0,0,10,0,0.0020680427551269,0.0,1.0,0.0,0.0,0.0,0.0,0.0,1.0,0.0,0.0,0.0,0.0,0.0,1.0,1.0,666,66,68,66.6,0.966091783079296,66.6,0.000996994972229,10,0.0,0.8400000000000001
20.0,6,64.0,323.5297203066907,0.0,0.0,0.8,0.2,0.2,0.0,0.0,2,0,0,8,0,0.0309090614318847,0.0,1.0,0.0,0.0,0.0,0.0,0.0,1.0,0.0,0.0,0.0,0.0,0.0,1.0,1.0,662,54,68,66.2,4.366539438350084,66.2,0.0038901090621948,10,0.9285367835056064,19.06172839506173
20.0,6,64.0,509.6111975116641,0.0,0.0,0.5,0.5,0.5,0.0,0.0,5,0,0,5,0,0.019622802734375,0.0,1.0,0.0,0.0,0.0,0.0,0.0,1.0,0.0,0.0,0.0,0.0,0.0,1.0,1.0,600,54,66,60.0,6.324555320336759,60.0,0.0019658803939819,10,0.9293344008552924,36.0
20.0,6,64.0,2305.195932948612,0.0,0.0,0.5,0.5,0.5,0.0,0.0,5,0,0,5,0,0.0043380260467529,0.0,1.0,0.0,0.0,0.0,0.0,0.0,1.0,0.0,0.0,0.0,0.0,0.0,1.0,1.0,604,54,68,60.4,6.785605679999719,60.4,0.0004392147064208,10,0.9295222143298046,41.44
20.0,6,64.0,2498.096486003574,0.0,0.0,0.6,0.4,0.4,0.0,0.0,4,0,0,6,0,0.0040030479431152,0.0,1.0,0.0,0.0,0.0,0.0,0.0,1.0,0.0,0.0,0.0,0.0,0.0,1.0,1.0,624,54,68,62.4,7.229568912920511,62.4,0.0004024028778076,10,0.9297030671923672,49.0
20.0,6,64.0,342.7138946766352,0.0,0.0,0.8,0.2,0.2,0.0,0.0,2,0,0,8,0,0.0291788578033447,0.0,1.0,0.0,0.0,0.0,0.0,0.0,1.0,0.0,0.0,0.0,0.0,0.0,1.0,1.0,628,54,68,62.8,6.124631508189787,62.8,0.0029208898544311,10,0.9292529598911762,49.0
20.0,6,64.0,768.9339468715053,0.0,0.0,1.0,0.0,0.0,0.0,0.0,0,0,0,10,0,0.0130050182342529,0.0,1.0,0.0,0.0,0.0,0.0,0.0,1.0,0.0,0.0,0.0,0.0,0.0,1.0,1.0,670,66,68,67.0,1.0540925533894598,67.0,0.0013030052185058,10,0.9067378651425488,1.0
20.0,6,64.0,264.2364221680432,0.0,0.0,1.0,0.0,0.0,0.0,0.0,0,0,0,10,0,0.0378448963165283,0.0,1.0,0.0,0.0,0.0,0.0,0.0,1.0,0.0,0.0,0.0,0.0,0.0,1.0,1.0,1120,68,156,112.0,46.38007234913624,112.0,0.0037961959838867,10,0.9217935962721442,1936.0
20.0,6,64.0,1588.0296834772073,0.0,0.0,1.0,0.0,0.0,0.0,0.0,0,0,0,10,0,0.0062971115112304,0.0,1.0,0.0,0.0,0.0,0.0,0.0,1.0,0.0,0.0,0.0,0.0,0.0,1.0,1.0,1570,156,158,157.0,1.0540925533894598,157.0,0.0010157108306884,10,0.7533661651425487,1.0
20.0,6,64.0,218.17379815444795,0.0,0.0,1.0,0.0,0.0,0.0,0.0,0,0,0,10,0,0.0458350181579589,0.0,1.0,0.0,0.0,0.0,0.0,0.0,1.0,0.0,0.0,0.0,0.0,0.0,1.0,1.0,1120,66,158,112.0,48.488257455915154,112.0,0.0045850992202758,10,0.9260606465572416,2116.0
20.0,6,64.0,1972.76891961808,0.0,0.0,1.0,0.0,0.0,0.0,0.0,0,0,0,10,0,0.0050690174102783,0.0,1.0,0.0,0.0,0.0,0.0,0.0,1.0,0.0,0.0,0.0,0.0,0.0,1.0,1.0,665,66,67,66.5,0.5270462766947299,66.5,0.0005100011825561,10,0.0,0.25
20.0,6,64.0,217.1976593651287,0.0,0.0,1.0,0.0,0.0,0.0,0.0,0,0,0,10,0,0.0460410118103027,0.0,1.0,0.0,0.0,0.0,0.0,0.0,1.0,0.0,0.0,0.0,0.0,0.0,1.0,1.0,665,66,67,66.5,0.5270462766947299,66.5,0.0046075820922851,10,0.0,0.25
20.0,6,64.0,42366.707070707074,0.0,0.0,1.0,0.0,0.0,0.0,0.0,0,0,0,10,0,0.0002360343933105,0.0,1.0,0.0,0.0,0.0,0.0,0.0,1.0,0.0,0.0,0.0,0.0,0.0,1.0,1.0,670,66,68,67.0,1.0540925533894598,67.0,0.0010749101638793,10,0.9067378651425488,1.0
20.0,6,64.0,249.1596668607207,0.0,0.0,0.7,0.3,0.3,0.0,0.0,3,0,0,7,0,0.0401349067687988,0.0,1.0,0.0,0.0,0.0,0.0,0.0,1.0,0.0,0.0,0.0,0.0,0.0,1.0,1.0,640,54,68,64.0,5.57773351022717,64.0,0.0040155887603759,10,0.9290301755227262,31.11111111111111
20.0,6,64.0,1144.2963932995035,0.0,0.0,0.5,0.5,0.5,0.0,0.0,5,0,0,5,0,0.0087389945983886,0.0,1.0,0.0,0.0,0.0,0.0,0.0,1.0,0.0,0.0,0.0,0.0,0.0,1.0,1.0,590,54,64,59.0,5.270462766947299,59.0,0.0008768081665039,10,0.9289050057127436,25.0
20.0,6,64.0,1934.5528342788616,0.0,0.0,0.5,0.5,0.5,0.0,0.0,5,0,0,5,0,0.0051691532135009,0.0,1.0,0.0,0.0,0.0,0.0,0.0,1.0,0.0,0.0,0.0,0.0,0.0,1.0,1.0,596,54,66,59.6,5.94792213951879,59.6,0.0005207061767578,10,0.9291809755627544,31.84
20.0,6,64.0,3738.238859180035,0.0,0.0,0.6,0.4,0.4,0.0,0.0,4,0,0,6,0,0.0026750564575195,0.0,1.0,0.0,0.0,0.0,0.0,0.0,1.0,0.0,0.0,0.0,0.0,0.0,1.0,1.0,612,54,66,61.2,6.196773353931867,61.2,0.0002702951431274,10,0.9292823475934576,36.0
20.0,6,64.0,300.3354003465708,0.0,0.0,0.9,0.1,0.1,0.0,0.0,1,0,0,9,0,0.0332961082458496,0.0,1.0,0.0,0.0,0.0,0.0,0.0,1.0,0.0,0.0,0.0,0.0,0.0,1.0,1.0,622,54,66,62.2,4.366539438350083,62.2,0.003331708908081,10,0.9285367835056064,36.0
20.0,6,64.0,58826.14305750351,0.0,0.0,1.0,0.0,0.0,0.0,0.0,0,0,0,10,0,0.0001699924468994,0.0,1.0,0.0,0.0,0.0,0.0,0.0,1.0,0.0,0.0,0.0,0.0,0.0,1.0,1.0,654,64,66,65.4,0.9660917830792958,65.4,0.0008136987686157,10,0.0,1.0
20.0,6,64.0,243.46844833491028,0.0,0.0,0.8,0.2,0.2,0.0,0.0,2,0,0,8,0,0.0410730838775634,0.0,1.0,0.0,0.0,0.0,0.0,0.0,1.0,0.0,0.0,0.0,0.0,0.0,1.0,1.0,648,54,66,64.8,3.794733192202055,64.8,0.0041086912155151,10,0.9283038525131756,14.22222222222222
20.0,6,64.0,638.8205370333704,0.0,0.0,0.8,0.2,0.2,0.0,0.0,2,0,0,8,0,0.0156538486480712,0.0,1.0,0.0,0.0,0.0,0.0,0.0,1.0,0.0,0.0,0.0,0.0,0.0,1.0,1.0,644,54,68,64.4,5.561774297230456,64.4,0.0015667915344238,10,0.9290236743777198,36.0
20.0,6,64.0,289.6198755705319,0.0,0.0,0.8,0.2,0.2,0.0,0.0,2,0,0,8,0,0.0345280170440673,0.0,1.0,0.0,0.0,0.0,0.0,0.0,1.0,0.0,0.0,0.0,0.0,0.0,1.0,1.0,794,54,139,79.4,31.92769609254288,79.4,0.003455901145935,10,0.9397640962802584,917.44
20.0,6,64.0,511.7438781859665,0.0,0.0,0.5,0.5,0.5,0.0,0.0,5,0,0,5,0,0.0195410251617431,0.0,1.0,0.0,0.0,0.0,0.0,0.0,1.0,0.0,0.0,0.0,0.0,0.0,1.0,1.0,965,54,139,96.5,44.79893351905204,96.5,0.0019556999206542,10,0.9450073235583212,1806.25
20.0,6,64.0,2300.8963739097044,0.0,0.0,0.5,0.5,0.5,0.0,0.0,5,0,0,5,0,0.0043461322784423,0.0,1.0,0.0,0.0,0.0,0.0,0.0,1.0,0.0,0.0,0.0,0.0,0.0,1.0,1.0,969,54,141,96.9,45.226467177233,96.9,0.0004376173019409,10,0.9451814836693176,1840.89
20.0,6,64.0,3032.9770771567,0.0,0.0,0.5,0.5,0.5,0.0,0.0,5,0,0,5,0,0.0032970905303955,0.0,1.0,0.0,0.0,0.0,0.0,0.0,1.0,0.0,0.0,0.0,0.0,0.0,1.0,1.0,975,54,141,97.5,45.8530260724415,97.5,0.0003326892852783,10,0.9454367187008698,1892.25
20.0,6,64.0,372.60842527939167,0.0,0.0,0.6,0.4,0.4,0.0,0.0,4,0,0,6,0,0.0268378257751464,0.0,1.0,0.0,0.0,0.0,0.0,0.0,1.0,0.0,0.0,0.0,0.0,0.0,1.0,1.0,825,54,141,82.5,40.65095324835569,82.5,0.0026866912841796,10,0.9433176023152502,1892.25
20.0,6,64.0,792.8291401243786,0.0,0.0,0.5,0.5,0.5,0.0,0.0,5,0,0,5,0,0.0126130580902099,0.0,1.0,0.0,0.0,0.0,0.0,0.0,1.0,0.0,0.0,0.0,0.0,0.0,1.0,1.0,600,54,66,60.0,6.324555320336759,60.0,0.001481819152832,10,0.9293344008552924,36.0
20.0,6,64.0,2518.9502132004086,0.0,0.0,0.5,0.5,0.5,0.0,0.0,5,0,0,5,0,0.0039699077606201,0.0,1.0,0.0,0.0,0.0,0.0,0.0,1.0,0.0,0.0,0.0,0.0,0.0,1.0,1.0,618,54,68,61.8,6.762642481555071,61.8,0.0003995895385742,10,0.9295128600412864,41.16
20.0,6,64.0,1814.2237986072064,0.0,0.0,0.6,0.4,0.4,0.0,0.0,4,0,0,6,0,0.005511999130249,0.0,1.0,0.0,0.0,0.0,0.0,0.0,1.0,0.0,0.0,0.0,0.0,0.0,1.0,1.0,624,54,68,62.4,7.229568912920511,62.4,0.0005526065826416,10,0.9297030671923672,49.0
20.0,6,64.0,256.40376080497856,0.0,0.0,0.9,0.1,0.1,0.0,0.0,1,0,0,9,0,0.0390009880065918,0.0,1.0,0.0,0.0,0.0,0.0,0.0,1.0,0.0,0.0,0.0,0.0,0.0,1.0,1.0,638,54,68,63.8,5.202563470700445,63.8,0.0039008855819702,10,0.9288773462554244,49.0
20.0,6,64.0,1161.8570637119117,0.0,0.0,1.0,0.0,0.0,0.0,0.0,0,0,0,10,0,0.0086069107055664,0.0,1.0,0.0,0.0,0.0,0.0,0.0,1.0,0.0,0.0,0.0,0.0,0.0,1.0,1.0,674,66,68,67.4,0.9660917830792958,67.4,0.0008620023727416,10,0.0,1.0
20.0,6,64.0,195.4539057657985,0.0,0.0,0.7,0.3,0.3,0.0,0.0,3,0,0,7,0,0.0511629581451416,0.0,1.0,0.0,0.0,0.0,0.0,0.0,1.0,0.0,0.0,0.0,0.0,0.0,1.0,1.0,630,54,68,63.0,6.27162924074226,63.0,0.0051175117492675,10,0.9293128408875088,38.22222222222222
20.0,6,64.0,3101.607631442728,0.0,0.0,0.5,0.5,0.5,0.0,0.0,5,0,0,5,0,0.0032241344451904,0.0,1.0,0.0,0.0,0.0,0.0,0.0,1.0,0.0,0.0,0.0,0.0,0.0,1.0,1.0,612,54,66,61.2,6.196773353931867,61.2,0.0004193067550659,10,0.9292823475934576,36.0
20.0,6,64.0,2672.38228735266,0.0,0.0,0.5,0.5,0.5,0.0,0.0,5,0,0,5,0,0.003741979598999,0.0,1.0,0.0,0.0,0.0,0.0,0.0,1.0,0.0,0.0,0.0,0.0,0.0,1.0,1.0,610,54,68,61.0,7.378647873726218,61.0,0.0003771781921386,10,0.9297637959978412,49.0
20.0,6,64.0,3695.422026431718,0.0,0.0,0.5,0.5,0.5,0.0,0.0,5,0,0,5,0,0.0027060508728027,0.0,1.0,0.0,0.0,0.0,0.0,0.0,1.0,0.0,0.0,0.0,0.0,0.0,1.0,1.0,610,54,68,61.0,7.378647873726218,61.0,0.0002736091613769,10,0.9297637959978412,49.0
20.0,6,64.0,254.89386269302528,0.0,0.0,0.6,0.4,0.4,0.0,0.0,4,0,0,6,0,0.0392320156097412,0.0,1.0,0.0,0.0,0.0,0.0,0.0,1.0,0.0,0.0,0.0,0.0,0.0,1.0,1.0,612,54,66,61.2,6.196773353931867,61.2,0.0039250135421752,10,0.9292823475934576,36.0
20.0,6,64.0,3409.4488701024225,0.0,0.0,0.6,0.4,0.4,0.0,0.0,4,0,0,6,0,0.0029330253601074,0.0,1.0,0.0,0.0,0.0,0.0,0.0,1.0,0.0,0.0,0.0,0.0,0.0,1.0,1.0,602,54,68,60.2,6.562519841239848,60.2,0.0002967834472656,10,0.9294313380825274,38.76
20.0,6,64.0,3480.75020746888,0.0,0.0,0.6,0.4,0.4,0.0,0.0,4,0,0,6,0,0.0028729438781738,0.0,1.0,0.0,0.0,0.0,0.0,0.0,1.0,0.0,0.0,0.0,0.0,0.0,1.0,1.0,624,54,68,62.4,7.229568912920511,62.4,0.0003957986831665,10,0.9297030671923672,47.04
20.0,6,64.0,268.19686806616835,0.0,0.0,0.7,0.3,0.3,0.0,0.0,3,0,0,7,0,0.0372860431671142,0.0,1.0,0.0,0.0,0.0,0.0,0.0,1.0,0.0,0.0,0.0,0.0,0.0,1.0,1.0,6432,54,1224,643.2,612.2382978329055,643.2,0.0038504123687744,10,1.0,337352.16000000003
20.0,6,64.0,6527.08372237784,0.0,0.0,1.0,0.0,0.0,0.0,0.0,0,0,0,10,0,0.0015320777893066,0.0,1.0,0.0,0.0,0.0,0.0,0.0,1.0,0.0,0.0,0.0,0.0,0.0,1.0,1.0,11074,54,1225,1107.4,370.1273654658174,1107.4,0.0002253055572509,10,1.0,342225.0
20.0,6,64.0,238.38451351827536,0.0,0.0,1.0,0.0,0.0,0.0,0.0,0,0,0,10,0,0.0419490337371826,0.0,1.0,0.0,0.0,0.0,0.0,0.0,1.0,0.0,0.0,0.0,0.0,0.0,1.0,1.0,7614,66,1225,761.4,598.5050264339195,761.4,0.0041973829269409,10,1.0,322387.44
20.0,6,64.0,1341.5333439948824,0.0,0.0,1.0,0.0,0.0,0.0,0.0,0,0,0,10,0,0.0074541568756103,0.0,1.0,0.0,0.0,0.0,0.0,0.0,1.0,0.0,0.0,0.0,0.0,0.0,1.0,1.0,660,66,66,66.0,0.0,66.0,0.0007464170455932,10,0.0,0.0
20.0,6,64.0,244.05779223424125,0.0,0.0,0.8,0.2,0.2,0.0,0.0,2,0,0,8,0,0.0409739017486572,0.0,1.0,0.0,0.0,0.0,0.0,0.0,1.0,0.0,0.0,0.0,0.0,0.0,1.0,1.0,636,54,66,63.6,5.059644256269407,63.6,0.0041009902954101,10,0.928819126684234,23.04
20.0,6,64.0,1485.2351274787536,0.0,0.0,0.5,0.5,0.5,0.0,0.0,5,0,0,5,0,0.0067329406738281,0.0,1.0,0.0,0.0,0.0,0.0,0.0,1.0,0.0,0.0,0.0,0.0,0.0,1.0,1.0,612,54,66,61.2,6.196773353931867,61.2,0.0016036987304687,10,0.9292823475934576,36.0
20.0,6,64.0,3372.7114827918945,0.0,0.0,0.6,0.4,0.4,0.0,0.0,4,0,0,6,0,0.002964973449707,0.0,1.0,0.0,0.0,0.0,0.0,0.0,1.0,0.0,0.0,0.0,0.0,0.0,1.0,1.0,606,54,68,60.6,6.995236474439826,60.6,0.0002985954284667,10,0.9296076095302278,44.04
20.0,6,64.0,2935.954080918382,0.0,0.0,0.5,0.5,0.5,0.0,0.0,5,0,0,5,0,0.0034060478210449,0.0,1.0,0.0,0.0,0.0,0.0,0.0,1.0,0.0,0.0,0.0,0.0,0.0,1.0,1.0,624,54,68,62.4,7.229568912920511,62.4,0.0004039049148559,10,0.9297030671923672,49.0
20.0,6,64.0,290.19898707552653,0.0,0.0,0.6,0.4,0.4,0.0,0.0,4,0,0,6,0,0.034459114074707,0.0,1.0,0.0,0.0,0.0,0.0,0.0,1.0,0.0,0.0,0.0,0.0,0.0,1.0,1.0,604,54,68,60.4,5.641118880348314,60.4,0.0034480094909667,10,0.9290559961870988,49.0
20.0,6,64.0,245.30819213830776,0.0,0.0,0.5,0.5,0.5,0.0,0.0,5,0,0,5,0,0.0407650470733642,0.0,1.0,0.0,0.0,0.0,0.0,0.0,1.0,0.0,0.0,0.0,0.0,0.0,1.0,1.0,590,54,64,59.0,5.270462766947299,59.0,0.0040778875350952,10,0.9289050057127436,25.0
20.0,6,64.0,1054.6401810409857,0.0,0.0,0.5,0.5,0.5,0.0,0.0,5,0,0,5,0,0.0094819068908691,0.0,1.0,0.0,0.0,0.0,0.0,0.0,1.0,0.0,0.0,0.0,0.0,0.0,1.0,1.0,600,54,66,60.0,6.324555320336759,60.0,0.000953197479248,10,0.9293344008552924,36.0
20.0,6,64.0,2033.3061857669188,0.0,0.0,0.5,0.5,0.5,0.0,0.0,5,0,0,5,0,0.004918098449707,0.0,1.0,0.0,0.0,0.0,0.0,0.0,1.0,0.0,0.0,0.0,0.0,0.0,1.0,1.0,600,54,66,60.0,6.324555320336759,60.0,0.0004959106445312,10,0.9293344008552924,36.0
20.0,6,64.0,396.5419959913777,0.0,0.0,1.0,0.0,0.0,0.0,0.0,0,0,0,10,0,0.0252180099487304,0.0,1.0,0.0,0.0,0.0,0.0,0.0,1.0,0.0,0.0,0.0,0.0,0.0,1.0,1.0,2259,54,245,225.9,60.39950330921605,225.9,0.0025250911712646,10,0.9513623716680424,9120.25
20.0,6,64.0,41486.68644906033,0.0,0.0,1.0,0.0,0.0,0.0,0.0,0,0,0,10,0,0.0002410411834716,0.0,1.0,0.0,0.0,0.0,0.0,0.0,1.0,0.0,0.0,0.0,0.0,0.0,1.0,1.0,2468,245,247,246.8,0.632455532033676,246.8,2.6297569274902343e-05,10,0.0,1.0
20.0,6,64.0,281.181762722318,0.0,0.0,0.6,0.4,0.4,0.0,0.0,4,0,0,6,0,0.0355641841888427,0.0,1.0,0.0,0.0,0.0,0.0,0.0,1.0,0.0,0.0,0.0,0.0,0.0,1.0,1.0,783,54,247,78.3,59.48305080721176,78.3,0.003558611869812,10,0.9509890455768258,8372.25
20.0,6,64.0,3259.483991296239,0.0,0.0,0.5,0.5,0.5,0.0,0.0,5,0,0,5,0,0.0030679702758789,0.0,1.0,0.0,0.0,0.0,0.0,0.0,1.0,0.0,0.0,0.0,0.0,0.0,1.0,1.0,590,54,64,59.0,5.270462766947299,59.0,0.0004077911376953,10,0.9289050057127436,25.0
20.0,6,64.0,3059.9722769387904,0.0,0.0,0.6,0.4,0.4,0.0,0.0,4,0,0,6,0,0.0032680034637451,0.0,1.0,0.0,0.0,0.0,0.0,0.0,1.0,0.0,0.0,0.0,0.0,0.0,1.0,1.0,612,54,66,61.2,6.196773353931867,61.2,0.0004173040390014,10,0.9292823475934576,34.56
20.0,6,64.0,494.8272241426094,0.0,0.0,0.5,0.5,0.5,0.0,0.0,5,0,0,5,0,0.0202090740203857,0.0,1.0,0.0,0.0,0.0,0.0,0.0,1.0,0.0,0.0,0.0,0.0,0.0,1.0,1.0,612,54,66,61.2,6.196773353931867,61.2,0.0027765989303588,10,0.9292823475934576,36.0
20.0,6,64.0,522.4398689635415,0.0,0.0,0.7,0.3,0.3,0.0,0.0,3,0,0,7,0,0.0191409587860107,0.0,1.0,0.0,0.0,0.0,0.0,0.0,1.0,0.0,0.0,0.0,0.0,0.0,1.0,1.0,612,54,66,61.2,6.196773353931867,61.2,0.0019201040267944,10,0.9292823475934576,36.0
20.0,6,64.0,3254.1733260920164,0.0,0.0,0.7,0.3,0.3,0.0,0.0,3,0,0,7,0,0.00307297706604,0.0,1.0,0.0,0.0,0.0,0.0,0.0,1.0,0.0,0.0,0.0,0.0,0.0,1.0,1.0,634,54,68,63.4,6.535373831014651,63.4,0.0003093004226684,10,0.9294202798838022,40.09876543209876
20.0,6,64.0,441.4824482921952,0.0,0.0,0.6,0.4,0.4,0.0,0.0,4,0,0,6,0,0.0226509571075439,0.0,1.0,0.0,0.0,0.0,0.0,0.0,1.0,0.0,0.0,0.0,0.0,0.0,1.0,1.0,1820,54,1264,182.0,380.239690487753,182.0,0.002345585823059,10,1.0,142559.50617283952
20.0,6,64.0,2065.6508249199705,0.0,0.0,0.5,0.5,0.5,0.0,0.0,5,0,0,5,0,0.0048410892486572,0.0,1.0,0.0,0.0,0.0,0.0,0.0,1.0,0.0,0.0,0.0,0.0,0.0,1.0,1.0,6590,54,1264,659.0,637.7259948006232,659.0,0.0010207176208496,10,1.0,366025.0
20.0,6,64.0,3114.2738342738344,0.0,0.0,0.5,0.5,0.5,0.0,0.0,5,0,0,5,0,0.0032110214233398,0.0,1.0,0.0,0.0,0.0,0.0,0.0,1.0,0.0,0.0,0.0,0.0,0.0,1.0,1.0,7804,54,1266,780.4,625.186052307631,780.4,0.0003834009170532,10,1.0,366025.0
20.0,6,64.0,1250.6124396207288,0.0,0.0,0.6,0.4,0.4,0.0,0.0,4,0,0,6,0,0.0079960823059082,0.0,1.0,0.0,0.0,0.0,0.0,0.0,1.0,0.0,0.0,0.0,0.0,0.0,1.0,1.0,6600,54,1266,660.0,638.7800873540126,660.0,0.0008054971694946,10,1.0,367236.0
20.0,6,64.0,263.5805138002112,0.0,0.0,0.5,0.5,0.5,0.0,0.0,5,0,0,5,0,0.0379390716552734,0.0,1.0,0.0,0.0,0.0,0.0,0.0,1.0,0.0,0.0,0.0,0.0,0.0,1.0,1.0,4206,54,1266,420.6,583.397748824362,420.6,0.0037952899932861,10,1.0,367236.0
20.0,6,64.0,2978.909090909091,0.0,0.0,0.6,0.4,0.4,0.0,0.0,4,0,0,6,0,0.00335693359375,0.0,1.0,0.0,0.0,0.0,0.0,0.0,1.0,0.0,0.0,0.0,0.0,0.0,1.0,1.0,590,54,64,59.0,5.270462766947299,59.0,0.000337791442871,10,0.9289050057127436,25.0
20.0,6,64.0,794.3456687246695,0.0,0.0,0.6,0.4,0.4,0.0,0.0,4,0,0,6,0,0.0125889778137207,0.0,1.0,0.0,0.0,0.0,0.0,0.0,1.0,0.0,0.0,0.0,0.0,0.0,1.0,1.0,608,54,66,60.8,5.902918298980975,60.8,0.0014557123184204,10,0.9291626427982728,31.50617283950617
20.0,6,64.0,3710.4600141542815,0.0,0.0,0.6,0.4,0.4,0.0,0.0,4,0,0,6,0,0.002695083618164,0.0,1.0,0.0,0.0,0.0,0.0,0.0,1.0,0.0,0.0,0.0,0.0,0.0,1.0,1.0,612,54,66,61.2,6.196773353931867,61.2,0.0003267049789428,10,0.9292823475934576,36.0
20.0,6,64.0,400.8049920207937,0.0,0.0,0.5,0.5,0.5,0.0,0.0,5,0,0,5,0,0.0249497890472412,0.0,1.0,0.0,0.0,0.0,0.0,0.0,1.0,0.0,0.0,0.0,0.0,0.0,1.0,1.0,600,54,66,60.0,6.324555320336759,60.0,0.0047907829284667,10,0.9293344008552924,36.0
20.0,6,64.0,912.2415068076036,0.0,0.0,0.5,0.5,0.5,0.0,0.0,5,0,0,5,0,0.0109620094299316,0.0,1.0,0.0,0.0,0.0,0.0,0.0,1.0,0.0,0.0,0.0,0.0,0.0,1.0,1.0,600,54,66,60.0,6.324555320336759,60.0,0.0011919021606445,10,0.9293344008552924,36.0
20.0,6,64.0,1876.898017631002,0.0,0.0,0.6,0.4,0.4,0.0,0.0,4,0,0,6,0,0.0053279399871826,0.0,1.0,0.0,0.0,0.0,0.0,0.0,1.0,0.0,0.0,0.0,0.0,0.0,1.0,1.0,624,54,68,62.4,7.229568912920511,62.4,0.0006391048431396,10,0.9297030671923672,48.0
20.0,6,64.0,1035.298299311332,0.0,0.0,0.6,0.4,0.4,0.0,0.0,4,0,0,6,0,0.0096590518951416,0.0,1.0,0.0,0.0,0.0,0.0,0.0,1.0,0.0,0.0,0.0,0.0,0.0,1.0,1.0,2936,54,1224,293.6,490.4082652919572,293.6,0.000969910621643,10,1.0,216450.24
20.0,6,64.0,1180.1975294746617,0.0,0.0,1.0,0.0,0.0,0.0,0.0,0,0,0,10,0,0.0084731578826904,0.0,1.0,0.0,0.0,0.0,0.0,0.0,1.0,0.0,0.0,0.0,0.0,0.0,1.0,1.0,12244,1224,1226,1224.4,0.8432740427115678,1224.4,0.0010221004486083,10,0.0,0.64
20.0,6,64.0,197.526808294206,0.0,0.0,1.0,0.0,0.0,0.0,0.0,0,0,0,10,0,0.0506260395050048,0.0,1.0,0.0,0.0,0.0,0.0,0.0,1.0,0.0,0.0,0.0,0.0,0.0,1.0,1.0,9940,66,1226,994.0,489.0989447727093,994.0,0.0050637006759643,10,1.0,215296.0
20.0,6,64.0,1373.0657675058108,0.0,0.0,1.0,0.0,0.0,0.0,0.0,0,0,0,10,0,0.0072829723358154,0.0,1.0,0.0,0.0,0.0,0.0,0.0,1.0,0.0,0.0,0.0,0.0,0.0,1.0,1.0,664,66,68,66.4,0.8432740427115678,66.4,0.0009310007095336,10,0.0,0.64
20.0,6,64.0,302.3510160535744,0.0,0.0,0.9,0.1,0.1,0.0,0.0,1,0,0,9,0,0.033074140548706,0.0,1.0,0.0,0.0,0.0,0.0,0.0,1.0,0.0,0.0,0.0,0.0,0.0,1.0,1.0,662,54,68,66.2,4.467164151400255,66.2,0.0033082008361816,10,0.9285777739887144,17.96
20.0,6,64.0,3228.871439568899,0.0,0.0,0.5,0.5,0.5,0.0,0.0,5,0,0,5,0,0.0030970573425292,0.0,1.0,0.0,0.0,0.0,0.0,0.0,1.0,0.0,0.0,0.0,0.0,0.0,1.0,1.0,590,54,64,59.0,5.270462766947299,59.0,0.0010807991027832,10,0.9289050057127436,25.0
20.0,6,64.0,3576.621471817174,0.0,0.0,0.5,0.5,0.5,0.0,0.0,5,0,0,5,0,0.002795934677124,0.0,1.0,0.0,0.0,0.0,0.0,0.0,1.0,0.0,0.0,0.0,0.0,0.0,1.0,1.0,592,54,66,59.2,5.513619500836088,59.2,0.0006739854812622,10,0.9290040580398606,27.360000000000003
20.0,6,64.0,2793.223228556207,0.0,0.0,0.5,0.5,0.5,0.0,0.0,5,0,0,5,0,0.003580093383789,0.0,1.0,0.0,0.0,0.0,0.0,0.0,1.0,0.0,0.0,0.0,0.0,0.0,1.0,1.0,612,54,66,61.2,6.196773353931867,61.2,0.0004090070724487,10,0.9292823475934576,36.0
20.0,6,64.0,295.43801815889384,0.0,0.0,0.7,0.3,0.3,0.0,0.0,3,0,0,7,0,0.0338480472564697,0.0,1.0,0.0,0.0,0.0,0.0,0.0,1.0,0.0,0.0,0.0,0.0,0.0,1.0,1.0,612,54,66,61.2,6.196773353931867,61.2,0.0034094095230102,10,0.9292823475934576,36.0
20.0,6,64.0,1557.1369171369172,0.0,0.0,1.0,0.0,0.0,0.0,0.0,0,0,0,10,0,0.0064220428466796,0.0,1.0,0.0,0.0,0.0,0.0,0.0,1.0,0.0,0.0,0.0,0.0,0.0,1.0,1.0,666,66,68,66.6,0.966091783079296,66.6,0.0006430864334106,10,0.0,0.8400000000000001
20.0,6,64.0,196.1742709478263,0.0,0.0,1.0,0.0,0.0,0.0,0.0,0,0,0,10,0,0.0509750843048095,0.0,1.0,0.0,0.0,0.0,0.0,0.0,1.0,0.0,0.0,0.0,0.0,0.0,1.0,1.0,674,66,68,67.4,0.966091783079296,67.4,0.0050984144210815,10,0.0,0.8400000000000001
20.0,6,64.0,12885.726574500768,0.0,0.0,1.0,0.0,0.0,0.0,0.0,0,0,0,10,0,0.0007760524749755,0.0,1.0,0.0,0.0,0.0,0.0,0.0,1.0,0.0,0.0,0.0,0.0,0.0,1.0,1.0,666,66,68,66.6,0.966091783079296,66.6,7.908344268798828e-05,10,0.0,0.8400000000000001
20.0,6,64.0,210.23447916353396,0.0,0.0,1.0,0.0,0.0,0.0,0.0,0,0,0,10,0,0.0475659370422363,0.0,1.0,0.0,0.0,0.0,0.0,0.0,1.0,0.0,0.0,0.0,0.0,0.0,1.0,1.0,674,66,68,67.4,0.966091783079296,67.4,0.0053199052810668,10,0.0,0.8400000000000001
20.0,6,64.0,71943.46483704975,0.0,0.0,1.0,0.0,0.0,0.0,0.0,0,0,0,10,0,0.0001389980316162,0.0,1.0,0.0,0.0,0.0,0.0,0.0,1.0,0.0,0.0,0.0,0.0,0.0,1.0,1.0,666,66,68,66.6,0.966091783079296,66.6,1.6808509826660156e-05,10,0.0,0.8400000000000001
20.0,6,64.0,190.2333977376838,0.0,0.0,0.8,0.2,0.2,0.0,0.0,2,0,0,8,0,0.0525670051574707,0.0,1.0,0.0,0.0,0.0,0.0,0.0,1.0,0.0,0.0,0.0,0.0,0.0,1.0,1.0,658,54,68,65.8,4.467164151400255,65.8,0.0052580833435058,10,0.9285777739887144,19.55555555555556
20.0,6,64.0,1429.6001908722178,0.0,0.0,0.5,0.5,0.5,0.0,0.0,5,0,0,5,0,0.0069949626922607,0.0,1.0,0.0,0.0,0.0,0.0,0.0,1.0,0.0,0.0,0.0,0.0,0.0,1.0,1.0,590,54,64,59.0,5.270462766947299,59.0,0.0007045030593872,10,0.9289050057127436,25.0
20.0,6,64.0,1669.1754218401784,0.0,0.0,0.6,0.4,0.4,0.0,0.0,4,0,0,6,0,0.005990982055664,0.0,1.0,0.0,0.0,0.0,0.0,0.0,1.0,0.0,0.0,0.0,0.0,0.0,1.0,1.0,594,54,66,59.4,5.738757124441958,59.4,0.000602912902832,10,0.9290957701022128,29.64
20.0,6,64.0,2014.9423520368944,0.0,0.0,0.5,0.5,0.5,0.0,0.0,5,0,0,5,0,0.0049629211425781,0.0,1.0,0.0,0.0,0.0,0.0,0.0,1.0,0.0,0.0,0.0,0.0,0.0,1.0,1.0,612,54,66,61.2,6.196773353931867,61.2,0.0004992961883544,10,0.9292823475934576,36.0
20.0,6,64.0,338.4195323468186,0.0,0.0,0.6,0.4,0.4,0.0,0.0,4,0,0,6,0,0.0295491218566894,0.0,1.0,0.0,0.0,0.0,0.0,0.0,1.0,0.0,0.0,0.0,0.0,0.0,1.0,1.0,594,54,66,59.4,5.738757124441959,59.4,0.0029572010040283,10,0.9290957701022128,36.0
20.0,6,64.0,715.8248284807319,0.0,0.0,0.5,0.5,0.5,0.0,0.0,5,0,0,5,0,0.0139698982238769,0.0,1.0,0.0,0.0,0.0,0.0,0.0,1.0,0.0,0.0,0.0,0.0,0.0,1.0,1.0,590,54,64,59.0,5.270462766947299,59.0,0.0016527891159057,10,0.9289050057127436,25.0
20.0,6,64.0,2306.7172633778805,0.0,0.0,0.5,0.5,0.5,0.0,0.0,5,0,0,5,0,0.0043351650238037,0.0,1.0,0.0,0.0,0.0,0.0,0.0,1.0,0.0,0.0,0.0,0.0,0.0,1.0,1.0,596,54,66,59.6,5.94792213951879,59.6,0.0006157159805297,10,0.9291809755627544,31.84
20.0,6,64.0,2332.6311106167623,0.0,0.0,0.5,0.5,0.5,0.0,0.0,5,0,0,5,0,0.0042870044708251,0.0,1.0,0.0,0.0,0.0,0.0,0.0,1.0,0.0,0.0,0.0,0.0,0.0,1.0,1.0,600,54,66,60.0,6.324555320336759,60.0,0.000589895248413,10,0.9293344008552924,36.0
20.0,6,64.0,296.5870215459026,0.0,0.0,0.8,0.2,0.2,0.0,0.0,2,0,0,8,0,0.0337169170379638,0.0,1.0,0.0,0.0,0.0,0.0,0.0,1.0,0.0,0.0,0.0,0.0,0.0,1.0,1.0,630,54,66,63.0,4.760952285695233,63.0,0.0034555912017822,10,0.9286974515231008,36.0
20.0,6,64.0,67108.864,0.0,0.0,1.0,0.0,0.0,0.0,0.0,0,0,0,10,0,0.0001490116119384,0.0,1.0,0.0,0.0,0.0,0.0,0.0,1.0,0.0,0.0,0.0,0.0,0.0,1.0,1.0,662,65,67,66.2,1.0327955589886444,66.2,0.0006154060363769,10,0.9084333195989096,1.0
20.0,6,64.0,275.28543862642914,0.0,0.0,1.0,0.0,0.0,0.0,0.0,0,0,0,10,0,0.0363259315490722,0.0,1.0,0.0,0.0,0.0,0.0,0.0,1.0,0.0,0.0,0.0,0.0,0.0,1.0,1.0,670,67,67,67.0,0.0,67.0,0.0036341905593872,10,0.0,0.0
20.0,6,64.0,4754.907606847296,0.0,0.0,0.9,0.1,0.1,0.0,0.0,1,0,0,9,0,0.0021030902862548,0.0,1.0,0.0,0.0,0.0,0.0,0.0,1.0,0.0,0.0,0.0,0.0,0.0,1.0,1.0,667,54,69,66.7,4.571651780264984,66.7,0.0002118110656738,10,0.9286203380692089,20.24691358024691
20.0,6,64.0,246.71941083392645,0.0,0.0,0.7,0.3,0.3,0.0,0.0,3,0,0,7,0,0.0405318737030029,0.0,1.0,0.0,0.0,0.0,0.0,0.0,1.0,0.0,0.0,0.0,0.0,0.0,1.0,1.0,621,54,69,62.1,7.309810759064378,62.1,0.0041904926300048,10,0.9297357545108124,48.83950617283951
20.0,6,64.0,480.9319818373618,0.0,0.0,0.6,0.4,0.4,0.0,0.0,4,0,0,6,0,0.0207929611206054,0.0,1.0,0.0,0.0,0.0,0.0,0.0,1.0,0.0,0.0,0.0,0.0,0.0,1.0,1.0,550,54,56,55.0,1.0540925533894598,55.0,0.0020807981491088,10,0.9271874251425488,1.0
20.0,6,64.0,2464.772874184639,0.0,0.0,0.5,0.5,0.5,0.0,0.0,5,0,0,5,0,0.0040571689605712,0.0,1.0,0.0,0.0,0.0,0.0,0.0,1.0,0.0,0.0,0.0,0.0,0.0,1.0,1.0,556,54,58,55.6,1.837873166945363,55.6,0.0005061149597167,10,0.9275067060132868,3.061728395061728
20.0,6,64.0,2306.7172633778805,0.0,0.0,0.5,0.5,0.5,0.0,0.0,5,0,0,5,0,0.0043351650238037,0.0,1.0,0.0,0.0,0.0,0.0,0.0,1.0,0.0,0.0,0.0,0.0,0.0,1.0,1.0,564,54,58,56.4,2.065591117977289,56.4,0.000578498840332,10,0.9275994691978192,3.9506172839506175
20.0,6,64.0,380.9229036681833,0.0,0.0,0.6,0.4,0.4,0.0,0.0,4,0,0,6,0,0.0262520313262939,0.0,1.0,0.0,0.0,0.0,0.0,0.0,1.0,0.0,0.0,0.0,0.0,0.0,1.0,1.0,592,54,66,59.2,5.977736472389305,59.2,0.0026290893554687,10,0.9291931207293924,32.39506172839506
20.0,6,64.0,2808.184252811998,0.0,0.0,0.5,0.5,0.5,0.0,0.0,5,0,0,5,0,0.0035610198974609,0.0,1.0,0.0,0.0,0.0,0.0,0.0,1.0,0.0,0.0,0.0,0.0,0.0,1.0,1.0,600,54,66,60.0,6.324555320336759,60.0,0.0004563093185424,10,0.9293344008552924,36.0
20.0,6,64.0,1097.583084733344,0.0,0.0,0.5,0.5,0.5,0.0,0.0,5,0,0,5,0,0.0091109275817871,0.0,1.0,0.0,0.0,0.0,0.0,0.0,1.0,0.0,0.0,0.0,0.0,0.0,1.0,1.0,622,54,68,62.2,7.083627444874398,62.2,0.000990891456604,10,0.929643616475944,46.02469135802469
20.0,6,64.0,2311.675485008818,0.0,0.0,0.6,0.4,0.4,0.0,0.0,4,0,0,6,0,0.0043258666992187,0.0,1.0,0.0,0.0,0.0,0.0,0.0,1.0,0.0,0.0,0.0,0.0,0.0,1.0,1.0,610,54,68,61.0,7.378647873726218,61.0,0.0004355907440185,10,0.9297637959978412,49.0
20.0,6,64.0,935.1014402282964,0.0,0.0,1.0,0.0,0.0,0.0,0.0,0,0,0,10,0,0.0106940269470214,0.0,1.0,0.0,0.0,0.0,0.0,0.0,1.0,0.0,0.0,0.0,0.0,0.0,1.0,1.0,660,66,66,66.0,0.0,66.0,0.0035094022750854,10,0.0,0.0
20.0,6,64.0,2262.910169948745,0.0,0.0,1.0,0.0,0.0,0.0,0.0,0,0,0,10,0,0.0044190883636474,0.0,1.0,0.0,0.0,0.0,0.0,0.0,1.0,0.0,0.0,0.0,0.0,0.0,1.0,1.0,680,68,68,68.0,0.0,68.0,0.0004428148269653,10,0.0,0.0
20.0,6,64.0,561.3587269296144,0.0,0.0,1.0,0.0,0.0,0.0,0.0,0,0,0,10,0,0.0178139209747314,0.0,1.0,0.0,0.0,0.0,0.0,0.0,1.0,0.0,0.0,0.0,0.0,0.0,1.0,1.0,640,64,64,64.0,0.0,64.0,0.0054088830947875,10,0.0,0.0
20.0,6,64.0,15174.761215629522,0.0,0.0,1.0,0.0,0.0,0.0,0.0,0,0,0,10,0,0.0006589889526367,0.0,1.0,0.0,0.0,0.0,0.0,0.0,1.0,0.0,0.0,0.0,0.0,0.0,1.0,1.0,660,66,66,66.0,0.0,66.0,6.711483001708984e-05,10,0.0,0.0
20.0,6,64.0,346.09324201666806,0.0,0.0,0.5,0.5,0.5,0.0,0.0,5,0,0,5,0,0.0288939476013183,0.0,1.0,0.0,0.0,0.0,0.0,0.0,1.0,0.0,0.0,0.0,0.0,0.0,1.0,1.0,600,54,66,60.0,6.324555320336759,60.0,0.0065579891204833,10,0.9293344008552924,36.0
20.0,6,64.0,2501.224879241457,0.0,0.0,0.5,0.5,0.5,0.0,0.0,5,0,0,5,0,0.0039980411529541,0.0,1.0,0.0,0.0,0.0,0.0,0.0,1.0,0.0,0.0,0.0,0.0,0.0,1.0,1.0,600,54,66,60.0,6.324555320336759,60.0,0.0005110025405883,10,0.9293344008552924,36.0
20.0,6,64.0,2866.13639469728,0.0,0.0,0.5,0.5,0.5,0.0,0.0,5,0,0,5,0,0.0034890174865722,0.0,1.0,0.0,0.0,0.0,0.0,0.0,1.0,0.0,0.0,0.0,0.0,0.0,1.0,1.0,624,54,68,62.4,7.229568912920511,62.4,0.0004480123519897,10,0.9297030671923672,48.39506172839506
20.0,6,64.0,1047.999600219879,0.0,0.0,0.5,0.5,0.5,0.0,0.0,5,0,0,5,0,0.0095419883728027,0.0,1.0,0.0,0.0,0.0,0.0,0.0,1.0,0.0,0.0,0.0,0.0,0.0,1.0,1.0,606,54,68,60.6,7.058485830702094,60.6,0.0009559869766235,10,0.9296333747879948,49.0
20.0,6,64.0,611.8873181904387,0.0,0.0,0.9,0.1,0.1,0.0,0.0,1,0,0,9,0,0.0163428783416748,0.0,1.0,0.0,0.0,0.0,0.0,0.0,1.0,0.0,0.0,0.0,0.0,0.0,1.0,1.0,620,54,64,62.0,4.216370213557839,62.0,0.0016381025314331,10,0.9284756105701948,25.0
20.0,6,64.0,2216.745415147191,0.0,0.0,0.7,0.3,0.3,0.0,0.0,3,0,0,7,0,0.0045111179351806,0.0,1.0,0.0,0.0,0.0,0.0,0.0,1.0,0.0,0.0,0.0,0.0,0.0,1.0,1.0,622,54,66,62.2,5.692099788303083,62.2,0.0004526138305664,10,0.9290767637697632,30.61728395061728
20.0,6,64.0,277.2323718372419,0.0,0.0,0.6,0.4,0.4,0.0,0.0,4,0,0,6,0,0.0360708236694335,0.0,1.0,0.0,0.0,0.0,0.0,0.0,1.0,0.0,0.0,0.0,0.0,0.0,1.0,1.0,612,54,66,61.2,6.196773353931867,61.2,0.0037254810333251,10,0.9292823475934576,34.56
20.0,6,64.0,2015.717031910804,0.0,0.0,0.5,0.5,0.5,0.0,0.0,5,0,0,5,0,0.0049610137939453,0.0,1.0,0.0,0.0,0.0,0.0,0.0,1.0,0.0,0.0,0.0,0.0,0.0,1.0,1.0,600,54,66,60.0,6.324555320336759,60.0,0.0022644996643066,10,0.9293344008552924,36.0
20.0,6,64.0,1876.2263475732495,0.0,0.0,0.5,0.5,0.5,0.0,0.0,5,0,0,5,0,0.0053298473358154,0.0,1.0,0.0,0.0,0.0,0.0,0.0,1.0,0.0,0.0,0.0,0.0,0.0,1.0,1.0,604,54,68,60.4,6.785605679999719,60.4,0.0006469011306762,10,0.9295222143298046,41.44
20.0,6,64.0,2174.3411093831,0.0,0.0,0.5,0.5,0.5,0.0,0.0,5,0,0,5,0,0.0045990943908691,0.0,1.0,0.0,0.0,0.0,0.0,0.0,1.0,0.0,0.0,0.0,0.0,0.0,1.0,1.0,610,54,68,61.0,7.378647873726218,61.0,0.0006076097488403,10,0.9297637959978412,49.0
20.0,6,64.0,432.4515151202714,0.0,0.0,0.6,0.4,0.4,0.0,0.0,4,0,0,6,0,0.0231239795684814,0.0,1.0,0.0,0.0,0.0,0.0,0.0,1.0,0.0,0.0,0.0,0.0,0.0,1.0,1.0,630,54,68,63.0,6.27162924074226,63.0,0.0024570941925048,10,0.9293128408875088,49.0
20.0,6,64.0,1205.2597701149425,0.0,0.0,0.7,0.3,0.3,0.0,0.0,3,0,0,7,0,0.0082969665527343,0.0,1.0,0.0,0.0,0.0,0.0,0.0,1.0,0.0,0.0,0.0,0.0,0.0,1.0,1.0,612,54,66,61.2,6.196773353931867,61.2,0.000950002670288,10,0.9292823475934576,36.0
20.0,6,64.0,6480.692212608158,0.0,0.0,0.8,0.2,0.2,0.0,0.0,2,0,0,8,0,0.0015430450439453,0.0,1.0,0.0,0.0,0.0,0.0,0.0,1.0,0.0,0.0,0.0,0.0,0.0,1.0,1.0,652,54,68,65.2,5.902918298980975,65.2,0.00015549659729,10,0.9291626427982728,31.360000000000003
20.0,6,64.0,298.05390732147555,0.0,0.0,0.6,0.4,0.4,0.0,0.0,4,0,0,6,0,0.0335509777069091,0.0,1.0,0.0,0.0,0.0,0.0,0.0,1.0,0.0,0.0,0.0,0.0,0.0,1.0,1.0,628,54,68,62.8,6.124631508189787,62.8,0.0034444093704223,10,0.9292529598911762,38.22222222222222
20.0,6,64.0,708.4135321836945,0.0,0.0,0.5,0.5,0.5,0.0,0.0,5,0,0,5,0,0.0141160488128662,0.0,1.0,0.0,0.0,0.0,0.0,0.0,1.0,0.0,0.0,0.0,0.0,0.0,1.0,1.0,600,54,66,60.0,6.324555320336759,60.0,0.0014137029647827,10,0.9293344008552924,36.0
20.0,6,64.0,2381.50352032705,0.0,0.0,0.5,0.5,0.5,0.0,0.0,5,0,0,5,0,0.0041990280151367,0.0,1.0,0.0,0.0,0.0,0.0,0.0,1.0,0.0,0.0,0.0,0.0,0.0,1.0,1.0,610,54,68,61.0,7.378647873726218,61.0,0.0004227876663208,10,0.9297637959978412,49.0
20.0,6,64.0,2266.456284448287,0.0,0.0,0.5,0.5,0.5,0.0,0.0,5,0,0,5,0,0.0044121742248535,0.0,1.0,0.0,0.0,0.0,0.0,0.0,1.0,0.0,0.0,0.0,0.0,0.0,1.0,1.0,610,54,68,61.0,7.378647873726218,61.0,0.0004449129104614,10,0.9297637959978412,49.0
20.0,6,64.0,256.3520459615561,0.0,0.0,1.0,0.0,0.0,0.0,0.0,0,0,0,10,0,0.0390088558197021,0.0,1.0,0.0,0.0,0.0,0.0,0.0,1.0,0.0,0.0,0.0,0.0,0.0,1.0,1.0,630,54,64,63.0,3.1622776601683795,63.0,0.0039045810699462,10,0.9280462154276462,25.0
20.0,6,64.0,3952.7886155875976,0.0,0.0,0.9,0.1,0.1,0.0,0.0,1,0,0,9,0,0.0025298595428466,0.0,1.0,0.0,0.0,0.0,0.0,0.0,1.0,0.0,0.0,0.0,0.0,0.0,1.0,1.0,646,54,66,64.6,3.7771241264574127,64.6,0.0002547025680541,10,0.9282966792841536,27.55555555555556
20.0,6,64.0,232.96900081649883,0.0,0.0,0.6,0.4,0.4,0.0,0.0,4,0,0,6,0,0.042924165725708,0.0,1.0,0.0,0.0,0.0,0.0,0.0,1.0,0.0,0.0,0.0,0.0,0.0,1.0,1.0,624,54,66,62.4,5.796550698475775,62.4,0.004295015335083,10,0.9291193128925312,32.0
20.0,6,64.0,953.1859191418766,0.0,0.0,0.6,0.4,0.4,0.0,0.0,4,0,0,6,0,0.010491132736206,0.0,1.0,0.0,0.0,0.0,0.0,0.0,1.0,0.0,0.0,0.0,0.0,0.0,1.0,1.0,600,54,66,60.0,6.324555320336759,60.0,0.0011292934417724,10,0.9293344008552924,36.0
20.0,6,64.0,2626.693386773547,0.0,0.0,0.5,0.5,0.5,0.0,0.0,5,0,0,5,0,0.0038070678710937,0.0,1.0,0.0,0.0,0.0,0.0,0.0,1.0,0.0,0.0,0.0,0.0,0.0,1.0,1.0,624,54,68,62.4,7.229568912920511,62.4,0.0003827095031738,10,0.9297030671923672,49.0
20.0,6,64.0,345.0540084735305,0.0,0.0,0.6,0.4,0.4,0.0,0.0,4,0,0,6,0,0.0289809703826904,0.0,1.0,0.0,0.0,0.0,0.0,0.0,1.0,0.0,0.0,0.0,0.0,0.0,1.0,1.0,600,54,68,60.0,6.928203230275509,60.0,0.0029018878936767,10,0.9295803028678852,49.0
20.0,6,64.0,827.3931312015466,0.0,0.0,0.6,0.4,0.4,0.0,0.0,4,0,0,6,0,0.0120861530303955,0.0,1.0,0.0,0.0,0.0,0.0,0.0,1.0,0.0,0.0,0.0,0.0,0.0,1.0,1.0,550,54,56,55.0,1.0540925533894598,55.0,0.0012119054794311,10,0.9271874251425488,1.0
20.0,6,64.0,3779.333213191566,0.0,0.0,0.6,0.4,0.4,0.0,0.0,4,0,0,6,0,0.0026459693908691,0.0,1.0,0.0,0.0,0.0,0.0,0.0,1.0,0.0,0.0,0.0,0.0,0.0,1.0,1.0,558,54,58,55.8,1.751190071541826,55.8,0.0004806995391845,10,0.9274713947875431,2.76
20.0,6,64.0,4803.371507100321,0.0,0.0,0.6,0.4,0.4,0.0,0.0,4,0,0,6,0,0.0020818710327148,0.0,1.0,0.0,0.0,0.0,0.0,0.0,1.0,0.0,0.0,0.0,0.0,0.0,1.0,1.0,564,54,58,56.4,2.065591117977289,56.4,0.0004166841506958,10,0.9275994691978192,4.0
20.0,6,64.0,262.07520525861963,0.0,0.0,1.0,0.0,0.0,0.0,0.0,0,0,0,10,0,0.0381569862365722,0.0,1.0,0.0,0.0,0.0,0.0,0.0,1.0,0.0,0.0,0.0,0.0,0.0,1.0,1.0,652,58,66,65.2,2.529822128134703,65.2,0.0038994073867797,10,0.920972058342117,16.0
20.0,6,64.0,6226.698337292161,0.0,0.0,1.0,0.0,0.0,0.0,0.0,0,0,0,10,0,0.0016059875488281,0.0,1.0,0.0,0.0,0.0,0.0,0.0,1.0,0.0,0.0,0.0,0.0,0.0,1.0,1.0,678,66,68,67.8,0.6324555320336757,67.8,0.0001616954803466,10,0.0,1.0
20.0,6,64.0,175.38895138055474,0.0,0.0,0.7,0.3,0.3,0.0,0.0,3,0,0,7,0,0.0570161342620849,0.0,1.0,0.0,0.0,0.0,0.0,0.0,1.0,0.0,0.0,0.0,0.0,0.0,1.0,1.0,614,54,68,61.4,5.253570214625479,61.4,0.0057047128677368,10,0.92889812436263,26.76543209876543
20.0,6,64.0,17549.38912133891,0.0,0.0,0.9,0.1,0.1,0.0,0.0,1,0,0,9,0,0.0005698204040527,0.0,1.0,0.0,0.0,0.0,0.0,0.0,1.0,0.0,0.0,0.0,0.0,0.0,1.0,1.0,640,54,66,64.0,3.651483716701108,64.0,8.928775787353516e-05,10,0.9282454984068352,25.0
20.0,6,64.0,281.29302250717603,0.0,0.0,0.6,0.4,0.4,0.0,0.0,4,0,0,6,0,0.0355501174926757,0.0,1.0,0.0,0.0,0.0,0.0,0.0,1.0,0.0,0.0,0.0,0.0,0.0,1.0,1.0,612,54,66,61.2,6.196773353931867,61.2,0.0035559177398681,10,0.9292823475934576,36.0
20.0,6,64.0,1120.30342690777,0.0,0.0,0.5,0.5,0.5,0.0,0.0,5,0,0,5,0,0.0089261531829833,0.0,1.0,0.0,0.0,0.0,0.0,0.0,1.0,0.0,0.0,0.0,0.0,0.0,1.0,1.0,600,54,66,60.0,6.324555320336759,60.0,0.0008960962295532,10,0.9293344008552924,36.0
20.0,6,64.0,2267.0688070915085,0.0,0.0,0.5,0.5,0.5,0.0,0.0,5,0,0,5,0,0.004410982131958,0.0,1.0,0.0,0.0,0.0,0.0,0.0,1.0,0.0,0.0,0.0,0.0,0.0,1.0,1.0,602,54,68,60.2,6.562519841239848,60.2,0.0008127927780151,10,0.9294313380825274,38.76
20.0,6,64.0,1056.7659360040311,0.0,0.0,0.5,0.5,0.5,0.0,0.0,5,0,0,5,0,0.009462833404541,0.0,1.0,0.0,0.0,0.0,0.0,0.0,1.0,0.0,0.0,0.0,0.0,0.0,1.0,1.0,610,54,68,61.0,7.378647873726218,61.0,0.0010921955108642,10,0.9297637959978412,49.0
20.0,6,64.0,355.9864880922069,0.0,0.0,0.8,0.2,0.2,0.0,0.0,2,0,0,8,0,0.0280909538269042,0.0,1.0,0.0,0.0,0.0,0.0,0.0,1.0,0.0,0.0,0.0,0.0,0.0,1.0,1.0,5856,54,1369,585.6,674.2649001361079,585.6,0.0028995990753173,10,1.0,409169.84
20.0,6,64.0,1998.8105223027069,0.0,0.0,0.7,0.3,0.3,0.0,0.0,3,0,0,7,0,0.0050029754638671,0.0,1.0,0.0,0.0,0.0,0.0,0.0,1.0,0.0,0.0,0.0,0.0,0.0,1.0,1.0,9746,54,1370,974.6,635.274428888807,974.6,0.0005018949508666,10,1.0,384272.2222222223
20.0,6,64.0,1013.998646165748,0.0,0.0,0.5,0.5,0.5,0.0,0.0,5,0,0,5,0,0.009861946105957,0.0,1.0,0.0,0.0,0.0,0.0,0.0,1.0,0.0,0.0,0.0,0.0,0.0,1.0,1.0,7120,54,1370,712.0,693.5929001302645,712.0,0.0010746002197265,10,1.0,432964.0
20.0,6,64.0,263.0135886775652,0.0,0.0,0.8,0.2,0.2,0.0,0.0,2,0,0,8,0,0.0380208492279052,0.0,1.0,0.0,0.0,0.0,0.0,0.0,1.0,0.0,0.0,0.0,0.0,0.0,1.0,1.0,5852,54,1370,585.2,675.4640873749939,585.2,0.0038501024246215,10,1.0,429043.0
20.0,6,64.0,1758.7655149278764,0.0,0.0,1.0,0.0,0.0,0.0,0.0,0,0,0,10,0,0.005685806274414,0.0,1.0,0.0,0.0,0.0,0.0,0.0,1.0,0.0,0.0,0.0,0.0,0.0,1.0,1.0,668,66,68,66.8,1.0327955589886444,66.8,0.0005717992782592,10,0.9067291895989096,0.96
20.0,6,64.0,265.69602371706753,0.0,0.0,0.8,0.2,0.2,0.0,0.0,2,0,0,8,0,0.0376369953155517,0.0,1.0,0.0,0.0,0.0,0.0,0.0,1.0,0.0,0.0,0.0,0.0,0.0,1.0,1.0,644,54,68,64.4,5.719362823873924,64.4,0.0037681102752685,10,0.9290878696399332,29.440000000000005
20.0,6,64.0,1199.46922900938,0.0,0.0,0.5,0.5,0.5,0.0,0.0,5,0,0,5,0,0.0083370208740234,0.0,1.0,0.0,0.0,0.0,0.0,0.0,1.0,0.0,0.0,0.0,0.0,0.0,1.0,1.0,590,54,64,59.0,5.270462766947299,59.0,0.0021337032318115,10,0.9289050057127436,25.0
20.0,6,64.0,2057.645211930926,0.0,0.0,0.5,0.5,0.5,0.0,0.0,5,0,0,5,0,0.0048599243164062,0.0,1.0,0.0,0.0,0.0,0.0,0.0,1.0,0.0,0.0,0.0,0.0,0.0,1.0,1.0,594,54,66,59.4,5.738757124441959,59.4,0.0005537986755371,10,0.9290957701022128,29.64
20.0,6,64.0,2583.9724001971413,0.0,0.0,0.5,0.5,0.5,0.0,0.0,5,0,0,5,0,0.0038700103759765,0.0,1.0,0.0,0.0,0.0,0.0,0.0,1.0,0.0,0.0,0.0,0.0,0.0,1.0,1.0,612,54,66,61.2,6.196773353931867,61.2,0.0004488945007324,10,0.9292823475934576,36.0
20.0,6,64.0,372.1059635550666,0.0,0.0,0.9,0.1,0.1,0.0,0.0,1,0,0,9,0,0.0268740653991699,0.0,1.0,0.0,0.0,0.0,0.0,0.0,1.0,0.0,0.0,0.0,0.0,0.0,1.0,1.0,636,54,66,63.6,5.059644256269407,63.6,0.002691102027893,10,0.928819126684234,36.0
20.0,6,64.0,848.671441867994,0.0,0.0,1.0,0.0,0.0,0.0,0.0,0,0,0,10,0,0.0117831230163574,0.0,1.0,0.0,0.0,0.0,0.0,0.0,1.0,0.0,0.0,0.0,0.0,0.0,1.0,1.0,666,66,67,66.6,0.5163977794943222,66.6,0.001181411743164,10,0.0,0.25
20.0,6,64.0,207.38317618381305,0.0,0.0,1.0,0.0,0.0,0.0,0.0,0,0,0,10,0,0.0482199192047119,0.0,1.0,0.0,0.0,0.0,0.0,0.0,1.0,0.0,0.0,0.0,0.0,0.0,1.0,1.0,7612,67,1224,761.2,597.4722308749308,761.2,0.0048236846923828,10,1.0,334662.25
20.0,6,64.0,108660.72538860104,0.0,0.0,1.0,0.0,0.0,0.0,0.0,0,0,0,10,0,9.202957153320312e-05,0.0,1.0,0.0,0.0,0.0,0.0,0.0,1.0,0.0,0.0,0.0,0.0,0.0,1.0,1.0,12252,1224,1226,1225.2,1.0327955589886446,1225.2,1.080036163330078e-05,10,0.0,1.0
20.0,6,64.0,236.40136848097484,0.0,0.0,1.0,0.0,0.0,0.0,0.0,0,0,0,10,0,0.0423009395599365,0.0,1.0,0.0,0.0,0.0,0.0,0.0,1.0,0.0,0.0,0.0,0.0,0.0,1.0,1.0,5288,64,1226,528.8,600.0542197724025,528.8,0.0042309999465942,10,1.0,337561.0
20.0,6,64.0,1100.0876019618645,0.0,0.0,1.0,0.0,0.0,0.0,0.0,0,0,0,10,0,0.0090901851654052,0.0,1.0,0.0,0.0,0.0,0.0,0.0,1.0,0.0,0.0,0.0,0.0,0.0,1.0,1.0,652,64,66,65.2,1.0327955589886444,65.2,0.0009107112884521,10,0.9101374495989096,1.0
20.0,6,64.0,200.53280295279168,0.0,0.0,0.7,0.3,0.3,0.0,0.0,3,0,0,7,0,0.0498671531677246,0.0,1.0,0.0,0.0,0.0,0.0,0.0,1.0,0.0,0.0,0.0,0.0,0.0,1.0,1.0,628,54,66,62.8,4.732863826479693,62.8,0.0049875974655151,10,0.9286860094083548,24.75
20.0,6,64.0,2705.6534640691525,0.0,0.0,0.5,0.5,0.5,0.0,0.0,5,0,0,5,0,0.0036959648132324,0.0,1.0,0.0,0.0,0.0,0.0,0.0,1.0,0.0,0.0,0.0,0.0,0.0,1.0,1.0,590,54,64,59.0,5.270462766947299,59.0,0.0003717899322509,10,0.9289050057127436,25.0
20.0,6,64.0,1558.8731138036126,0.0,0.0,0.5,0.5,0.5,0.0,0.0,5,0,0,5,0,0.0064148902893066,0.0,1.0,0.0,0.0,0.0,0.0,0.0,1.0,0.0,0.0,0.0,0.0,0.0,1.0,1.0,598,54,66,59.8,6.142746399887703,59.8,0.0006454944610595,10,0.9292603391734584,33.959999999999994
20.0,6,64.0,2424.8736775163325,0.0,0.0,0.5,0.5,0.5,0.0,0.0,5,0,0,5,0,0.0041239261627197,0.0,1.0,0.0,0.0,0.0,0.0,0.0,1.0,0.0,0.0,0.0,0.0,0.0,1.0,1.0,600,54,66,60.0,6.324555320336759,60.0,0.0004141092300415,10,0.9293344008552924,36.0
20.0,6,64.0,304.4623659816639,0.0,0.0,0.6,0.4,0.4,0.0,0.0,4,0,0,6,0,0.0328447818756103,0.0,1.0,0.0,0.0,0.0,0.0,0.0,1.0,0.0,0.0,0.0,0.0,0.0,1.0,1.0,600,54,66,60.0,6.324555320336759,60.0,0.0032872915267944,10,0.9293344008552924,36.0
20.0,6,64.0,613.6778497958945,0.0,0.0,0.5,0.5,0.5,0.0,0.0,5,0,0,5,0,0.0162951946258544,0.0,1.0,0.0,0.0,0.0,0.0,0.0,1.0,0.0,0.0,0.0,0.0,0.0,1.0,1.0,612,54,66,61.2,6.196773353931867,61.2,0.0016336202621459,10,0.9292823475934576,36.0
20.0,6,64.0,3360.012817431707,0.0,0.0,0.7,0.3,0.3,0.0,0.0,3,0,0,7,0,0.0029761791229248,0.0,1.0,0.0,0.0,0.0,0.0,0.0,1.0,0.0,0.0,0.0,0.0,0.0,1.0,1.0,624,54,68,62.4,7.229568912920511,62.4,0.0003005981445312,10,0.9297030671923672,49.0
20.0,6,64.0,364.5509065308464,0.0,0.0,0.6,0.4,0.4,0.0,0.0,4,0,0,6,0,0.0274310111999511,0.0,1.0,0.0,0.0,0.0,0.0,0.0,1.0,0.0,0.0,0.0,0.0,0.0,1.0,1.0,620,54,68,62.0,6.928203230275509,62.0,0.0028489828109741,10,0.9295803028678852,49.0
20.0,6,64.0,1030.6174902326952,0.0,0.0,1.0,0.0,0.0,0.0,0.0,0,0,0,10,0,0.0097029209136962,0.0,1.0,0.0,0.0,0.0,0.0,0.0,1.0,0.0,0.0,0.0,0.0,0.0,1.0,1.0,664,66,68,66.4,0.8432740427115678,66.4,0.0009745121002197,10,0.0,0.64
20.0,6,64.0,380.7811166591012,0.0,0.0,0.9,0.1,0.1,0.0,0.0,1,0,0,9,0,0.0262618064880371,0.0,1.0,0.0,0.0,0.0,0.0,0.0,1.0,0.0,0.0,0.0,0.0,0.0,1.0,1.0,676,66,68,67.6,0.8432740427115678,67.6,0.0043254852294921,10,0.0,0.64
20.0,6,64.0,721.5013847556465,0.0,0.0,0.7,0.3,0.3,0.0,0.0,3,0,0,7,0,0.0138599872589111,0.0,1.0,0.0,0.0,0.0,0.0,0.0,1.0,0.0,0.0,0.0,0.0,0.0,1.0,1.0,612,54,66,61.2,6.196773353931867,61.2,0.0013993024826049,10,0.9292823475934576,36.0
20.0,6,64.0,1270.4622281456352,0.0,0.0,0.6,0.4,0.4,0.0,0.0,4,0,0,6,0,0.0078711509704589,0.0,1.0,0.0,0.0,0.0,0.0,0.0,1.0,0.0,0.0,0.0,0.0,0.0,1.0,1.0,634,54,68,63.4,6.535373831014651,63.4,0.0009502172470092,10,0.9294202798838022,40.09876543209876
20.0,6,64.0,353.0440052523484,0.0,0.0,0.8,0.2,0.2,0.0,0.0,2,0,0,8,0,0.028325080871582,0.0,1.0,0.0,0.0,0.0,0.0,0.0,1.0,0.0,0.0,0.0,0.0,0.0,1.0,1.0,630,54,68,63.0,6.411794687223781,63.0,0.0028362035751342,10,0.9293699386837876,49.0
20.0,6,64.0,767.6954333302828,0.0,0.0,0.5,0.5,0.5,0.0,0.0,5,0,0,5,0,0.0130259990692138,0.0,1.0,0.0,0.0,0.0,0.0,0.0,1.0,0.0,0.0,0.0,0.0,0.0,1.0,1.0,590,54,64,59.0,5.270462766947299,59.0,0.0021299839019775,10,0.9289050057127436,25.0
20.0,6,64.0,2165.472662501936,0.0,0.0,0.5,0.5,0.5,0.0,0.0,5,0,0,5,0,0.0046179294586181,0.0,1.0,0.0,0.0,0.0,0.0,0.0,1.0,0.0,0.0,0.0,0.0,0.0,1.0,1.0,594,54,66,59.4,5.738757124441959,59.4,0.0005721092224121,10,0.9290957701022128,29.64
20.0,6,64.0,1765.2051681326543,0.0,0.0,0.5,0.5,0.5,0.0,0.0,5,0,0,5,0,0.0056650638580322,0.0,1.0,0.0,0.0,0.0,0.0,0.0,1.0,0.0,0.0,0.0,0.0,0.0,1.0,1.0,612,54,66,61.2,6.196773353931867,61.2,0.0007082939147949,10,0.9292823475934576,36.0
20.0,6,64.0,322.787748191473,0.0,0.0,0.8,0.2,0.2,0.0,0.0,2,0,0,8,0,0.030980110168457,0.0,1.0,0.0,0.0,0.0,0.0,0.0,1.0,0.0,0.0,0.0,0.0,0.0,1.0,1.0,624,54,66,62.4,5.796550698475776,62.4,0.0031018018722534,10,0.9291193128925312,36.0
20.0,6,64.0,121927.44186046511,0.0,0.0,1.0,0.0,0.0,0.0,0.0,0,0,0,10,0,8.20159912109375e-05,0.0,1.0,0.0,0.0,0.0,0.0,0.0,1.0,0.0,0.0,0.0,0.0,0.0,1.0,1.0,670,66,68,67.0,1.0540925533894598,67.0,1.0609626770019531e-05,10,0.9067378651425488,1.0
20.0,6,64.0,273.7921445496857,0.0,0.0,0.8,0.2,0.2,0.0,0.0,2,0,0,8,0,0.0365240573883056,0.0,1.0,0.0,0.0,0.0,0.0,0.0,1.0,0.0,0.0,0.0,0.0,0.0,1.0,1.0,664,54,72,66.4,6.785605679999719,66.4,0.0036584854125976,10,0.9295222143298046,41.44
20.0,6,64.0,1097.2098255159965,0.0,0.0,0.5,0.5,0.5,0.0,0.0,5,0,0,5,0,0.0091140270233154,0.0,1.0,0.0,0.0,0.0,0.0,0.0,1.0,0.0,0.0,0.0,0.0,0.0,1.0,1.0,630,54,72,63.0,9.486832980505138,63.0,0.0013954162597656,10,0.9306225862829386,81.0
20.0,6,64.0,1989.2359497272944,0.0,0.0,0.5,0.5,0.5,0.0,0.0,5,0,0,5,0,0.0050270557403564,0.0,1.0,0.0,0.0,0.0,0.0,0.0,1.0,0.0,0.0,0.0,0.0,0.0,1.0,1.0,636,54,74,63.6,10.145606602531624,63.6,0.0006090879440307,10,0.9308909443056071,92.64
20.0,6,64.0,2281.993471164309,0.0,0.0,0.5,0.5,0.5,0.0,0.0,5,0,0,5,0,0.0043821334838867,0.0,1.0,0.0,0.0,0.0,0.0,0.0,1.0,0.0,0.0,0.0,0.0,0.0,1.0,1.0,640,54,74,64.0,10.540925533894598,64.0,0.0005351066589355,10,0.9310519814254872,100.0
20.0,6,64.0,304.6724681475455,0.0,0.0,0.8,0.2,0.2,0.0,0.0,2,0,0,8,0,0.0328221321105957,0.0,1.0,0.0,0.0,0.0,0.0,0.0,1.0,0.0,0.0,0.0,0.0,0.0,1.0,1.0,1522,54,211,152.2,76.20265378872605,152.2,0.0033359050750732,10,0.9577999430473756,5452.25
20.0,6,64.0,775.143965995195,0.0,0.0,1.0,0.0,0.0,0.0,0.0,0,0,0,10,0,0.0129008293151855,0.0,1.0,0.0,0.0,0.0,0.0,0.0,1.0,0.0,0.0,0.0,0.0,0.0,1.0,1.0,2122,211,213,212.2,1.0327955589886444,212.2,0.0012936830520629,10,0.6596303395989097,1.0
20.0,6,64.0,217.1931605165861,0.0,0.0,0.9,0.1,0.1,0.0,0.0,1,0,0,9,0,0.0460419654846191,0.0,1.0,0.0,0.0,0.0,0.0,0.0,1.0,0.0,0.0,0.0,0.0,0.0,1.0,1.0,7936,54,1406,793.6,647.2645346207204,793.6,0.0046056985855102,10,1.0,377056.24
20.0,6,64.0,16422.490211433047,0.0,0.0,0.8,0.2,0.2,0.0,0.0,2,0,0,8,0,0.0006089210510253,0.0,1.0,0.0,0.0,0.0,0.0,0.0,1.0,0.0,0.0,0.0,0.0,0.0,1.0,1.0,12708,54,1406,1270.8,427.5399396547649,1270.8,6.270408630371094e-05,10,1.0,456976.0
20.0,6,64.0,277.1389492741653,0.0,0.0,0.8,0.2,0.2,0.0,0.0,2,0,0,8,0,0.0360829830169677,0.0,1.0,0.0,0.0,0.0,0.0,0.0,1.0,0.0,0.0,0.0,0.0,0.0,1.0,1.0,8676,54,1406,867.6,695.0829207128216,867.6,0.0036096096038818,10,1.0,456976.0
20.0,6,64.0,439.8712153786457,0.0,0.0,0.5,0.5,0.5,0.0,0.0,5,0,0,5,0,0.0227339267730712,0.0,1.0,0.0,0.0,0.0,0.0,0.0,1.0,0.0,0.0,0.0,0.0,0.0,1.0,1.0,600,54,66,60.0,6.324555320336759,60.0,0.0022835969924926,10,0.9293344008552924,36.0
20.0,6,64.0,1782.231664825359,0.0,0.0,0.6,0.4,0.4,0.0,0.0,4,0,0,6,0,0.0056109428405761,0.0,1.0,0.0,0.0,0.0,0.0,0.0,1.0,0.0,0.0,0.0,0.0,0.0,1.0,1.0,618,54,68,61.8,6.762642481555071,61.8,0.0005657911300659,10,0.9295128600412864,41.16
20.0,6,64.0,2337.571197681548,0.0,0.0,0.6,0.4,0.4,0.0,0.0,4,0,0,6,0,0.0042779445648193,0.0,1.0,0.0,0.0,0.0,0.0,0.0,1.0,0.0,0.0,0.0,0.0,0.0,1.0,1.0,610,54,68,61.0,7.378647873726218,61.0,0.0004312992095947,10,0.9297637959978412,49.0
20.0,6,64.0,464.6192702217693,0.0,0.0,0.5,0.5,0.5,0.0,0.0,5,0,0,5,0,0.0215229988098144,0.0,1.0,0.0,0.0,0.0,0.0,0.0,1.0,0.0,0.0,0.0,0.0,0.0,1.0,1.0,1156,54,201,115.6,73.69788177266547,115.6,0.0021569967269897,10,0.956779599118913,4888.24
20.0,6,64.0,1462.194178141886,0.0,0.0,0.5,0.5,0.5,0.0,0.0,5,0,0,5,0,0.0068390369415283,0.0,1.0,0.0,0.0,0.0,0.0,0.0,1.0,0.0,0.0,0.0,0.0,0.0,1.0,1.0,1275,54,201,127.5,77.47580267412529,127.5,0.0006869077682495,10,0.9583185729773316,5402.25
20.0,6,64.0,1274.0512135111328,0.0,0.0,0.6,0.4,0.4,0.0,0.0,4,0,0,6,0,0.0078489780426025,0.0,1.0,0.0,0.0,0.0,0.0,0.0,1.0,0.0,0.0,0.0,0.0,0.0,1.0,1.0,1283,54,203,128.3,78.32134660061287,128.3,0.0007867097854614,10,0.9586630137512256,5520.81
20.0,6,64.0,5530.464135021097,0.0,0.0,0.5,0.5,0.5,0.0,0.0,5,0,0,5,0,0.0018081665039062,0.0,1.0,0.0,0.0,0.0,0.0,0.0,1.0,0.0,0.0,0.0,0.0,0.0,1.0,1.0,1285,54,203,128.5,78.52989522751476,128.5,0.000213599205017,10,0.9587479681198804,5550.25
20.0,6,64.0,209.5077872905823,0.0,0.0,0.7,0.3,0.3,0.0,0.0,3,0,0,7,0,0.0477309226989746,0.0,1.0,0.0,0.0,0.0,0.0,0.0,1.0,0.0,0.0,0.0,0.0,0.0,1.0,1.0,761,54,203,76.1,44.94552258011913,76.1,0.0049991846084594,10,0.9450670380782372,5550.25
20.0,6,64.0,91779.08096280089,0.0,0.0,1.0,0.0,0.0,0.0,0.0,0,0,0,10,0,0.0001089572906494,0.0,1.0,0.0,0.0,0.0,0.0,0.0,1.0,0.0,0.0,0.0,0.0,0.0,1.0,1.0,672,66,68,67.2,1.0327955589886444,67.2,1.3113021850585938e-05,10,0.9067291895989096,1.0
20.0,6,64.0,243.78968415423785,0.0,0.0,0.6,0.4,0.4,0.0,0.0,4,0,0,6,0,0.0410189628601074,0.0,1.0,0.0,0.0,0.0,0.0,0.0,1.0,0.0,0.0,0.0,0.0,0.0,1.0,1.0,644,54,70,64.4,7.229568912920512,64.4,0.0041028022766113,10,0.9297030671923672,48.39506172839506
20.0,6,64.0,774.2996917055881,0.0,0.0,0.6,0.4,0.4,0.0,0.0,4,0,0,6,0,0.0129148960113525,0.0,1.0,0.0,0.0,0.0,0.0,0.0,1.0,0.0,0.0,0.0,0.0,0.0,1.0,1.0,620,54,70,62.0,8.432740427115679,62.0,0.0012950897216796,10,0.93019319114039,64.0
20.0,6,64.0,2387.7399521803486,0.0,0.0,0.5,0.5,0.5,0.0,0.0,5,0,0,5,0,0.004188060760498,0.0,1.0,0.0,0.0,0.0,0.0,0.0,1.0,0.0,0.0,0.0,0.0,0.0,1.0,1.0,626,54,72,62.6,9.09456492148531,62.6,0.000508713722229,10,0.9304627919664162,74.44
20.0,6,64.0,3327.7562678514755,0.0,0.0,0.5,0.5,0.5,0.0,0.0,5,0,0,5,0,0.003005027770996,0.0,1.0,0.0,0.0,0.0,0.0,0.0,1.0,0.0,0.0,0.0,0.0,0.0,1.0,1.0,648,54,72,64.8,9.2951600308978,64.8,0.000400686264038,10,0.9305445063901864,80.0
20.0,6,64.0,237.9368951315536,0.0,0.0,0.5,0.5,0.5,0.0,0.0,5,0,0,5,0,0.0420279502868652,0.0,1.0,0.0,0.0,0.0,0.0,0.0,1.0,0.0,0.0,0.0,0.0,0.0,1.0,1.0,606,54,72,60.6,7.183313998427188,60.6,0.0042056083679199,10,0.9296842247903994,81.0
20.0,6,64.0,2025.9402019031056,0.0,0.0,0.5,0.5,0.5,0.0,0.0,5,0,0,5,0,0.0049359798431396,0.0,1.0,0.0,0.0,0.0,0.0,0.0,1.0,0.0,0.0,0.0,0.0,0.0,1.0,1.0,600,54,66,60.0,6.324555320336759,60.0,0.0004961013793945,10,0.9293344008552924,36.0
20.0,6,64.0,2686.0736471341656,0.0,0.0,0.6,0.4,0.4,0.0,0.0,4,0,0,6,0,0.0037229061126708,0.0,1.0,0.0,0.0,0.0,0.0,0.0,1.0,0.0,0.0,0.0,0.0,0.0,1.0,1.0,608,54,68,60.8,7.192588778272627,60.8,0.0003760814666748,10,0.9296880029647172,46.56
20.0,6,64.0,3096.79858239811,0.0,0.0,0.5,0.5,0.5,0.0,0.0,5,0,0,5,0,0.0032291412353515,0.0,1.0,0.0,0.0,0.0,0.0,0.0,1.0,0.0,0.0,0.0,0.0,0.0,1.0,1.0,610,54,68,61.0,7.378647873726218,61.0,0.0003249168395996,10,0.9297637959978412,49.0
20.0,6,64.0,263.74128314605326,0.0,0.0,0.5,0.5,0.5,0.0,0.0,5,0,0,5,0,0.0379159450531005,0.0,1.0,0.0,0.0,0.0,0.0,0.0,1.0,0.0,0.0,0.0,0.0,0.0,1.0,1.0,614,54,68,61.4,6.397916327472042,61.4,0.0038800001144409,10,0.929364285195159,39.04
20.0,6,64.0,1260.3834365045975,0.0,0.0,0.6,0.4,0.4,0.0,0.0,4,0,0,6,0,0.0079340934753417,0.0,1.0,0.0,0.0,0.0,0.0,0.0,1.0,0.0,0.0,0.0,0.0,0.0,1.0,1.0,600,54,66,60.0,6.324555320336759,60.0,0.0007972955703735,10,0.9293344008552924,36.0
20.0,6,64.0,3010.986360373295,0.0,0.0,0.5,0.5,0.5,0.0,0.0,5,0,0,5,0,0.0033211708068847,0.0,1.0,0.0,0.0,0.0,0.0,0.0,1.0,0.0,0.0,0.0,0.0,0.0,1.0,1.0,624,54,68,62.4,7.229568912920511,62.4,0.0004162073135375,10,0.9297030671923672,49.0
20.0,6,64.0,492.6824225908002,0.0,0.0,0.6,0.4,0.4,0.0,0.0,4,0,0,6,0,0.0202970504760742,0.0,1.0,0.0,0.0,0.0,0.0,0.0,1.0,0.0,0.0,0.0,0.0,0.0,1.0,1.0,608,54,68,60.8,7.192588778272627,60.8,0.0020326852798461,10,0.9296880029647172,49.0
20.0,6,64.0,524.7405887578036,0.0,0.0,0.6,0.4,0.4,0.0,0.0,4,0,0,6,0,0.0190570354461669,0.0,1.0,0.0,0.0,0.0,0.0,0.0,1.0,0.0,0.0,0.0,0.0,0.0,1.0,1.0,612,54,66,61.2,6.196773353931867,61.2,0.0021604061126708,10,0.9292823475934576,35.26530612244898
20.0,6,64.0,1203.0817772423486,0.0,0.0,0.7,0.3,0.3,0.0,0.0,3,0,0,7,0,0.0083119869232177,0.0,1.0,0.0,0.0,0.0,0.0,0.0,1.0,0.0,0.0,0.0,0.0,0.0,1.0,1.0,632,54,68,63.2,6.408327915038888,63.2,0.0008398056030273,10,0.9293685264594702,38.22222222222222
20.0,6,64.0,3436.5456780008194,0.0,0.0,0.6,0.4,0.4,0.0,0.0,4,0,0,6,0,0.0029098987579345,0.0,1.0,0.0,0.0,0.0,0.0,0.0,1.0,0.0,0.0,0.0,0.0,0.0,1.0,1.0,624,54,68,62.4,7.229568912920511,62.4,0.0006348848342895,10,0.9297030671923672,49.0
20.0,6,64.0,450.4918103216799,0.0,0.0,0.5,0.5,0.5,0.0,0.0,5,0,0,5,0,0.0221979618072509,0.0,1.0,0.0,0.0,0.0,0.0,0.0,1.0,0.0,0.0,0.0,0.0,0.0,1.0,1.0,1325,54,211,132.5,82.7462654410726,132.5,0.0037944078445434,10,0.9604655486900754,6162.25
20.0,6,64.0,3155.510081251881,0.0,0.0,0.6,0.4,0.4,0.0,0.0,4,0,0,6,0,0.0031690597534179,0.0,1.0,0.0,0.0,0.0,0.0,0.0,1.0,0.0,0.0,0.0,0.0,0.0,1.0,1.0,1643,54,213,164.3,76.11840192168455,164.3,0.0004008054733276,10,0.9577656222068174,6162.25
20.0,6,64.0,2052.208630981505,0.0,0.0,0.5,0.5,0.5,0.0,0.0,5,0,0,5,0,0.0048727989196777,0.0,1.0,0.0,0.0,0.0,0.0,0.0,1.0,0.0,0.0,0.0,0.0,0.0,1.0,1.0,1335,54,213,133.5,83.80035799446205,133.5,0.0004886865615844,10,0.960894943832624,6320.25
20.0,6,64.0,499.9230026579578,0.0,0.0,0.5,0.5,0.5,0.0,0.0,5,0,0,5,0,0.0200030803680419,0.0,1.0,0.0,0.0,0.0,0.0,0.0,1.0,0.0,0.0,0.0,0.0,0.0,1.0,1.0,1041,54,213,104.1,75.30006640103315,104.1,0.0020033121109008,10,0.9574322650491248,6320.25
20.0,6,64.0,447.7076128260962,0.0,0.0,0.5,0.5,0.5,0.0,0.0,5,0,0,5,0,0.0223360061645507,0.0,1.0,0.0,0.0,0.0,0.0,0.0,1.0,0.0,0.0,0.0,0.0,0.0,1.0,1.0,600,54,66,60.0,6.324555320336759,60.0,0.002236795425415,10,0.9293344008552924,36.0
20.0,6,64.0,1109.3694456199746,0.0,0.0,0.5,0.5,0.5,0.0,0.0,5,0,0,5,0,0.0090141296386718,0.0,1.0,0.0,0.0,0.0,0.0,0.0,1.0,0.0,0.0,0.0,0.0,0.0,1.0,1.0,604,54,68,60.4,6.785605679999719,60.4,0.0009030103683471,10,0.9295222143298046,41.44
20.0,6,64.0,1410.03966919922,0.0,0.0,0.5,0.5,0.5,0.0,0.0,5,0,0,5,0,0.007091999053955,0.0,1.0,0.0,0.0,0.0,0.0,0.0,1.0,0.0,0.0,0.0,0.0,0.0,1.0,1.0,610,54,68,61.0,7.378647873726218,61.0,0.000713300704956,10,0.9297637959978412,49.0
20.0,6,64.0,657.2083986211219,0.0,0.0,0.7,0.3,0.3,0.0,0.0,3,0,0,7,0,0.0152158737182617,0.0,1.0,0.0,0.0,0.0,0.0,0.0,1.0,0.0,0.0,0.0,0.0,0.0,1.0,1.0,648,54,76,64.8,9.852241707685955,64.8,0.0015252828598022,10,0.930771439182043,87.36
20.0,6,64.0,4378.187891440501,0.0,0.0,1.0,0.0,0.0,0.0,0.0,0,0,0,10,0,0.0022840499877929,0.0,1.0,0.0,0.0,0.0,0.0,0.0,1.0,0.0,0.0,0.0,0.0,0.0,1.0,1.0,766,76,78,76.6,0.966091783079296,76.6,0.0013395071029663,10,0.0,0.8400000000000001
20.0,6,64.0,207.116918260423,0.0,0.0,1.0,0.0,0.0,0.0,0.0,0,0,0,10,0,0.0482819080352783,0.0,1.0,0.0,0.0,0.0,0.0,0.0,1.0,0.0,0.0,0.0,0.0,0.0,1.0,1.0,1473,78,309,147.3,111.58360094565867,147.3,0.0048296928405761,10,0.9313136056812236,11205.81
20.0,6,64.0,41651.47964250248,0.0,0.0,1.0,0.0,0.0,0.0,0.0,0,0,0,10,0,0.0002400875091552,0.0,1.0,0.0,0.0,0.0,0.0,0.0,1.0,0.0,0.0,0.0,0.0,0.0,1.0,1.0,3096,309,311,309.6,0.966091783079296,309.6,2.7608871459960937e-05,10,0.0,0.8400000000000001
20.0,6,64.0,242.6543092027237,0.0,0.0,0.8,0.2,0.2,0.0,0.0,2,0,0,8,0,0.0412108898162841,0.0,1.0,0.0,0.0,0.0,0.0,0.0,1.0,0.0,0.0,0.0,0.0,0.0,1.0,1.0,2381,54,311,238.1,117.51921828648568,238.1,0.0041225910186767,10,0.9746306587611828,12429.69
20.0,6,64.0,2005.212984653631,0.0,0.0,0.5,0.5,0.5,0.0,0.0,5,0,0,5,0,0.0049870014190673,0.0,1.0,0.0,0.0,0.0,0.0,0.0,1.0,0.0,0.0,0.0,0.0,0.0,1.0,1.0,645,54,75,64.5,11.067971810589327,64.5,0.000501799583435,10,0.9312666789967616,110.25
20.0,6,64.0,1369.7028280321338,0.0,0.0,0.5,0.5,0.5,0.0,0.0,5,0,0,5,0,0.007300853729248,0.0,1.0,0.0,0.0,0.0,0.0,0.0,1.0,0.0,0.0,0.0,0.0,0.0,1.0,1.0,649,54,77,64.9,11.51279481465923,64.9,0.0007323026657104,10,0.9314478820956996,119.29
20.0,6,64.0,1078.6431786035746,0.0,0.0,0.5,0.5,0.5,0.0,0.0,5,0,0,5,0,0.0092709064483642,0.0,1.0,0.0,0.0,0.0,0.0,0.0,1.0,0.0,0.0,0.0,0.0,0.0,1.0,1.0,655,54,77,65.5,12.122064363978788,65.5,0.0009289979934692,10,0.9316960741393104,132.25
20.0,6,64.0,317.16882684774885,0.0,0.0,0.7,0.3,0.3,0.0,0.0,3,0,0,7,0,0.0315289497375488,0.0,1.0,0.0,0.0,0.0,0.0,0.0,1.0,0.0,0.0,0.0,0.0,0.0,1.0,1.0,4119,54,1224,411.9,560.4921349433312,411.9,0.0031558990478515,10,1.0,282736.29
20.0,6,64.0,619.8081896233247,0.0,0.0,1.0,0.0,0.0,0.0,0.0,0,0,0,10,0,0.0161340236663818,0.0,1.0,0.0,0.0,0.0,0.0,0.0,1.0,0.0,0.0,0.0,0.0,0.0,1.0,1.0,12246,1224,1226,1224.6,0.966091783079296,1224.6,0.0016202211380004,10,0.0,0.8400000000000001
20.0,6,64.0,233.3513591703664,0.0,0.0,1.0,0.0,0.0,0.0,0.0,0,0,0,10,0,0.042853832244873,0.0,1.0,0.0,0.0,0.0,0.0,0.0,1.0,0.0,0.0,0.0,0.0,0.0,1.0,1.0,8780,66,1226,878.0,560.3332341859916,878.0,0.0042869806289672,10,1.0,282576.0
20.0,6,64.0,14428.29033367733,0.0,0.0,1.0,0.0,0.0,0.0,0.0,0,0,0,10,0,0.0006930828094482,0.0,1.0,0.0,0.0,0.0,0.0,0.0,1.0,0.0,0.0,0.0,0.0,0.0,1.0,1.0,663,66,67,66.3,0.4830458915396479,66.3,7.121562957763672e-05,10,0.0,0.21
20.0,6,64.0,225.0984264645901,0.0,0.0,1.0,0.0,0.0,0.0,0.0,0,0,0,10,0,0.0444250106811523,0.0,1.0,0.0,0.0,0.0,0.0,0.0,1.0,0.0,0.0,0.0,0.0,0.0,1.0,1.0,1183,67,238,118.3,82.6008474532798,118.3,0.0044433832168579,10,0.9382526212185682,6140.61
20.0,6,64.0,585.2734985487832,0.0,0.0,1.0,0.0,0.0,0.0,0.0,0,0,0,10,0,0.0170860290527343,0.0,1.0,0.0,0.0,0.0,0.0,0.0,1.0,0.0,0.0,0.0,0.0,0.0,1.0,1.0,2386,238,240,238.6,0.966091783079296,238.6,0.0017109155654907,10,0.0,0.8400000000000001
20.0,6,64.0,218.9722519512386,0.0,0.0,0.8,0.2,0.2,0.0,0.0,2,0,0,8,0,0.0456678867340087,0.0,1.0,0.0,0.0,0.0,0.0,0.0,1.0,0.0,0.0,0.0,0.0,0.0,1.0,1.0,1862,54,240,186.2,86.66897432825147,186.2,0.0045791864395141,10,0.9620635033823566,6760.360000000001
20.0,6,64.0,924.731353484578,0.0,0.0,0.5,0.5,0.5,0.0,0.0,5,0,0,5,0,0.0108139514923095,0.0,1.0,0.0,0.0,0.0,0.0,0.0,1.0,0.0,0.0,0.0,0.0,0.0,1.0,1.0,590,54,64,59.0,5.270462766947299,59.0,0.001087212562561,10,0.9289050057127436,25.0
20.0,6,64.0,2066.566811194324,0.0,0.0,0.5,0.5,0.5,0.0,0.0,5,0,0,5,0,0.0048389434814453,0.0,1.0,0.0,0.0,0.0,0.0,0.0,1.0,0.0,0.0,0.0,0.0,0.0,1.0,1.0,594,54,66,59.4,5.738757124441959,59.4,0.0004876852035522,10,0.9290957701022128,29.64
20.0,6,64.0,2246.1864724468483,0.0,0.0,0.5,0.5,0.5,0.0,0.0,5,0,0,5,0,0.0044519901275634,0.0,1.0,0.0,0.0,0.0,0.0,0.0,1.0,0.0,0.0,0.0,0.0,0.0,1.0,1.0,600,54,66,60.0,6.324555320336759,60.0,0.0004474163055419,10,0.9293344008552924,36.0
20.0,6,64.0,491.9369934671186,0.0,0.0,0.7,0.3,0.3,0.0,0.0,3,0,0,7,0,0.0203278064727783,0.0,1.0,0.0,0.0,0.0,0.0,0.0,1.0,0.0,0.0,0.0,0.0,0.0,1.0,1.0,612,54,66,61.2,6.196773353931867,61.2,0.0020357847213745,10,0.9292823475934576,36.0
20.0,6,64.0,1137.25332827201,0.0,0.0,1.0,0.0,0.0,0.0,0.0,0,0,0,10,0,0.0087931156158447,0.0,1.0,0.0,0.0,0.0,0.0,0.0,1.0,0.0,0.0,0.0,0.0,0.0,1.0,1.0,666,66,68,66.6,0.966091783079296,66.6,0.0009714126586914,10,0.0,0.8400000000000001
20.0,6,64.0,221.6757131003282,0.0,0.0,1.0,0.0,0.0,0.0,0.0,0,0,0,10,0,0.0451109409332275,0.0,1.0,0.0,0.0,0.0,0.0,0.0,1.0,0.0,0.0,0.0,0.0,0.0,1.0,1.0,728,68,84,72.8,7.728734264634367,72.8,0.0046145915985107,10,0.9060485871900416,53.760000000000005
20.0,6,64.0,2787.8391492190094,0.0,0.0,1.0,0.0,0.0,0.0,0.0,0,0,0,10,0,0.003587007522583,0.0,1.0,0.0,0.0,0.0,0.0,0.0,1.0,0.0,0.0,0.0,0.0,0.0,1.0,1.0,846,84,86,84.6,0.966091783079296,84.6,0.0003597021102905,10,0.0,0.8400000000000001
20.0,6,64.0,214.4447796143955,0.0,0.0,1.0,0.0,0.0,0.0,0.0,0,0,0,10,0,0.0466320514678955,0.0,1.0,0.0,0.0,0.0,0.0,0.0,1.0,0.0,0.0,0.0,0.0,0.0,1.0,1.0,794,64,86,79.4,10.627009613872255,79.4,0.0046667098999023,10,0.914045748636307,101.64
20.0,6,64.0,1647.7328619131802,0.0,0.0,1.0,0.0,0.0,0.0,0.0,0,0,0,10,0,0.0060689449310302,0.0,1.0,0.0,0.0,0.0,0.0,0.0,1.0,0.0,0.0,0.0,0.0,0.0,1.0,1.0,646,64,66,64.6,0.966091783079296,64.6,0.0006088972091674,10,0.0,0.8400000000000001
20.0,6,64.0,231.97044443952836,0.0,0.0,0.8,0.2,0.2,0.0,0.0,2,0,0,8,0,0.0431089401245117,0.0,1.0,0.0,0.0,0.0,0.0,0.0,1.0,0.0,0.0,0.0,0.0,0.0,1.0,1.0,646,54,66,64.6,3.747591819348053,64.6,0.0043118953704833,10,0.9282846490035296,14.024691358024691
20.0,6,64.0,592.3823512795888,0.0,0.0,0.5,0.5,0.5,0.0,0.0,5,0,0,5,0,0.016880989074707,0.0,1.0,0.0,0.0,0.0,0.0,0.0,1.0,0.0,0.0,0.0,0.0,0.0,1.0,1.0,595,54,65,59.5,5.797509043642029,59.5,0.0016917943954467,10,0.929119703284018,30.25
20.0,6,64.0,1868.120434705149,0.0,0.0,0.5,0.5,0.5,0.0,0.0,5,0,0,5,0,0.0053529739379882,0.0,1.0,0.0,0.0,0.0,0.0,0.0,1.0,0.0,0.0,0.0,0.0,0.0,1.0,1.0,599,54,67,59.9,6.26187760269323,59.9,0.0005388975143432,10,0.9293088684602332,35.29
20.0,6,64.0,2780.0782130310863,0.0,0.0,0.6,0.4,0.4,0.0,0.0,4,0,0,6,0,0.0035970211029052,0.0,1.0,0.0,0.0,0.0,0.0,0.0,1.0,0.0,0.0,0.0,0.0,0.0,1.0,1.0,605,54,67,60.5,6.851601597031489,60.5,0.0003627061843872,10,0.9295490984265669,42.25
20.0,6,64.0,328.51411787742313,0.0,0.0,0.7,0.3,0.3,0.0,0.0,3,0,0,7,0,0.0304400920867919,0.0,1.0,0.0,0.0,0.0,0.0,0.0,1.0,0.0,0.0,0.0,0.0,0.0,1.0,1.0,627,54,67,62.7,6.019413038937712,62.7,0.0031274080276489,10,0.9292100980955416,42.25
20.0,6,64.0,762.7116671515856,0.0,0.0,1.0,0.0,0.0,0.0,0.0,0,0,0,10,0,0.0131111145019531,0.0,1.0,0.0,0.0,0.0,0.0,0.0,1.0,0.0,0.0,0.0,0.0,0.0,1.0,1.0,668,66,68,66.8,1.0327955589886444,66.8,0.0013129949569702,10,0.9067291895989096,0.96
20.0,6,64.0,298.20436254017005,0.0,0.0,0.8,0.2,0.2,0.0,0.0,2,0,0,8,0,0.0335340499877929,0.0,1.0,0.0,0.0,0.0,0.0,0.0,1.0,0.0,0.0,0.0,0.0,0.0,1.0,1.0,644,54,68,64.4,5.719362823873924,64.4,0.0033549070358276,10,0.9290878696399332,29.440000000000005
20.0,6,64.0,814.9343281262144,0.0,0.0,0.6,0.4,0.4,0.0,0.0,4,0,0,6,0,0.0122709274291992,0.0,1.0,0.0,0.0,0.0,0.0,0.0,1.0,0.0,0.0,0.0,0.0,0.0,1.0,1.0,610,54,64,61.0,4.83045891539648,61.0,0.0015461921691894,10,0.928725765743776,24.0
20.0,6,64.0,2790.9928134149586,0.0,0.0,0.6,0.4,0.4,0.0,0.0,4,0,0,6,0,0.0035829544067382,0.0,1.0,0.0,0.0,0.0,0.0,0.0,1.0,0.0,0.0,0.0,0.0,0.0,1.0,1.0,598,54,66,59.8,6.142746399887703,59.8,0.0003597021102905,10,0.9292603391734584,33.959999999999994
20.0,6,64.0,332.590912695266,0.0,0.0,0.7,0.3,0.3,0.0,0.0,3,0,0,7,0,0.030066967010498,0.0,1.0,0.0,0.0,0.0,0.0,0.0,1.0,0.0,0.0,0.0,0.0,0.0,1.0,1.0,624,54,66,62.4,5.796550698475775,62.4,0.0030866861343383,10,0.9291193128925312,36.0
20.0,6,64.0,972.389298465248,0.0,0.0,1.0,0.0,0.0,0.0,0.0,0,0,0,10,0,0.0102839469909667,0.0,1.0,0.0,0.0,0.0,0.0,0.0,1.0,0.0,0.0,0.0,0.0,0.0,1.0,1.0,661,66,67,66.1,0.3162277660168379,66.1,0.0012487173080444,10,0.0,0.09
20.0,6,64.0,258.1841013456117,0.0,0.0,1.0,0.0,0.0,0.0,0.0,0,0,0,10,0,0.0387320518493652,0.0,1.0,0.0,0.0,0.0,0.0,0.0,1.0,0.0,0.0,0.0,0.0,0.0,1.0,1.0,2009,67,1406,200.9,423.428978696546,200.9,0.0038744926452636,10,1.0,161362.88999999998
20.0,6,64.0,541.0050562377463,0.0,0.0,1.0,0.0,0.0,0.0,0.0,0,0,0,10,0,0.0184841156005859,0.0,1.0,0.0,0.0,0.0,0.0,0.0,1.0,0.0,0.0,0.0,0.0,0.0,1.0,1.0,14060,1406,1406,1406.0,0.0,1406.0,0.002180004119873,10,0.0,0.0
20.0,6,64.0,331.1806833166202,0.0,0.0,1.0,0.0,0.0,0.0,0.0,0,0,0,10,0,0.0301949977874755,0.0,1.0,0.0,0.0,0.0,0.0,0.0,1.0,0.0,0.0,0.0,0.0,0.0,1.0,1.0,12718,64,1406,1271.8,424.3776619945965,1271.8,0.0030204057693481,10,1.0,162086.76
20.0,6,64.0,2490.6793349168647,0.0,0.0,0.6,0.4,0.4,0.0,0.0,4,0,0,6,0,0.0040149688720703,0.0,1.0,0.0,0.0,0.0,0.0,0.0,1.0,0.0,0.0,0.0,0.0,0.0,1.0,1.0,600,54,64,60.0,5.163977794943222,60.0,0.0007676839828491,10,0.928861627994548,24.0
20.0,6,64.0,767.0355875790937,0.0,0.0,0.7,0.3,0.3,0.0,0.0,3,0,0,7,0,0.0130372047424316,0.0,1.0,0.0,0.0,0.0,0.0,0.0,1.0,0.0,0.0,0.0,0.0,0.0,1.0,1.0,630,54,66,63.0,4.83045891539648,63.0,0.0015601158142089,10,0.928725765743776,25.0
20.0,6,64.0,313.9801624433881,0.0,0.0,0.9,0.1,0.1,0.0,0.0,1,0,0,9,0,0.0318491458892822,0.0,1.0,0.0,0.0,0.0,0.0,0.0,1.0,0.0,0.0,0.0,0.0,0.0,1.0,1.0,630,54,66,63.0,4.83045891539648,63.0,0.0031888961791992,10,0.928725765743776,36.0
20.0,6,64.0,1205.987521205325,0.0,0.0,1.0,0.0,0.0,0.0,0.0,0,0,0,10,0,0.0082919597625732,0.0,1.0,0.0,0.0,0.0,0.0,0.0,1.0,0.0,0.0,0.0,0.0,0.0,1.0,1.0,646,64,66,64.6,0.966091783079296,64.6,0.0009717941284179,10,0.0,0.8400000000000001
20.0,6,64.0,251.9706836477232,0.0,0.0,0.8,0.2,0.2,0.0,0.0,2,0,0,8,0,0.039687156677246,0.0,1.0,0.0,0.0,0.0,0.0,0.0,1.0,0.0,0.0,0.0,0.0,0.0,1.0,1.0,648,54,66,64.8,3.794733192202055,64.8,0.0041151046752929,10,0.9283038525131756,14.22222222222222
20.0,6,64.0,462.6206653136857,0.0,0.0,0.5,0.5,0.5,0.0,0.0,5,0,0,5,0,0.021615982055664,0.0,1.0,0.0,0.0,0.0,0.0,0.0,1.0,0.0,0.0,0.0,0.0,0.0,1.0,1.0,600,54,66,60.0,6.324555320336759,60.0,0.0021631956100463,10,0.9293344008552924,36.0
20.0,6,64.0,2851.5221972941736,0.0,0.0,0.6,0.4,0.4,0.0,0.0,4,0,0,6,0,0.0035068988800048,0.0,1.0,0.0,0.0,0.0,0.0,0.0,1.0,0.0,0.0,0.0,0.0,0.0,1.0,1.0,604,54,68,60.4,6.785605679999719,60.4,0.0003542900085449,10,0.9295222143298046,41.44
20.0,6,64.0,6305.32772098617,0.0,0.0,0.6,0.4,0.4,0.0,0.0,4,0,0,6,0,0.0015859603881835,0.0,1.0,0.0,0.0,0.0,0.0,0.0,1.0,0.0,0.0,0.0,0.0,0.0,1.0,1.0,624,54,68,62.4,7.229568912920511,62.4,0.0002437114715576,10,0.9297030671923672,49.0
20.0,6,64.0,310.92410562054295,0.0,0.0,0.9,0.1,0.1,0.0,0.0,1,0,0,9,0,0.0321621894836425,0.0,1.0,0.0,0.0,0.0,0.0,0.0,1.0,0.0,0.0,0.0,0.0,0.0,1.0,1.0,666,54,68,66.6,4.42718872423573,66.6,0.0033158063888549,10,0.9285614895987048,43.55555555555557
20.0,6,64.0,979.1539826314316,0.0,0.0,1.0,0.0,0.0,0.0,0.0,0,0,0,10,0,0.0102128982543945,0.0,1.0,0.0,0.0,0.0,0.0,0.0,1.0,0.0,0.0,0.0,0.0,0.0,1.0,1.0,694,68,70,69.4,0.9660917830792958,69.4,0.0010222911834716,10,0.0,1.0
20.0,6,64.0,268.7519382825215,0.0,0.0,1.0,0.0,0.0,0.0,0.0,0,0,0,10,0,0.0372090339660644,0.0,1.0,0.0,0.0,0.0,0.0,0.0,1.0,0.0,0.0,0.0,0.0,0.0,1.0,1.0,658,64,70,65.8,2.898275349237888,65.8,0.0037224054336547,10,0.9108973714462656,9.0
20.0,6,64.0,1157.2728526887952,0.0,0.0,1.0,0.0,0.0,0.0,0.0,0,0,0,10,0,0.0086410045623779,0.0,1.0,0.0,0.0,0.0,0.0,0.0,1.0,0.0,0.0,0.0,0.0,0.0,1.0,1.0,654,64,66,65.4,0.9660917830792958,65.4,0.000865888595581,10,0.0,1.0
20.0,6,64.0,207.27044510004495,0.0,0.0,1.0,0.0,0.0,0.0,0.0,0,0,0,10,0,0.048246145248413,0.0,1.0,0.0,0.0,0.0,0.0,0.0,1.0,0.0,0.0,0.0,0.0,0.0,1.0,1.0,1864,66,238,186.4,83.08389334481944,186.4,0.005016016960144,10,0.9401535247929456,7396.0
20.0,6,64.0,5751.136706430824,0.0,0.0,1.0,0.0,0.0,0.0,0.0,0,0,0,10,0,0.0017387866973876,0.0,1.0,0.0,0.0,0.0,0.0,0.0,1.0,0.0,0.0,0.0,0.0,0.0,1.0,1.0,2394,238,240,239.4,0.9660917830792958,239.4,0.0001753807067871,10,0.0,1.0
20.0,6,64.0,192.6413933108586,0.0,0.0,1.0,0.0,0.0,0.0,0.0,0,0,0,10,0,0.0519099235534668,0.0,1.0,0.0,0.0,0.0,0.0,0.0,1.0,0.0,0.0,0.0,0.0,0.0,1.0,1.0,3212,240,356,321.2,56.03332341859916,321.2,0.0051933050155639,10,0.6326155846278007,3364.0
20.0,6,64.0,72440.48359240069,0.0,0.0,1.0,0.0,0.0,0.0,0.0,0,0,0,10,0,0.0001380443572998,0.0,1.0,0.0,0.0,0.0,0.0,0.0,1.0,0.0,0.0,0.0,0.0,0.0,1.0,1.0,3574,356,358,357.4,0.9660917830792958,357.4,1.5401840209960936e-05,10,0.0,1.0
20.0,6,64.0,192.1595074036065,0.0,0.0,0.6,0.4,0.4,0.0,0.0,4,0,0,6,0,0.0520401000976562,0.0,1.0,0.0,0.0,0.0,0.0,0.0,1.0,0.0,0.0,0.0,0.0,0.0,1.0,1.0,1500,54,358,150.0,143.62915210128247,150.0,0.0052056074142456,10,0.9852668013999784,21920.0
20.0,6,64.0,1437.1929824561405,0.0,0.0,0.5,0.5,0.5,0.0,0.0,5,0,0,5,0,0.0069580078125,0.0,1.0,0.0,0.0,0.0,0.0,0.0,1.0,0.0,0.0,0.0,0.0,0.0,1.0,1.0,600,54,66,60.0,6.324555320336759,60.0,0.0006990909576416,10,0.9293344008552924,36.0
20.0,6,64.0,3303.3819012365125,0.0,0.0,0.5,0.5,0.5,0.0,0.0,5,0,0,5,0,0.0030272006988525,0.0,1.0,0.0,0.0,0.0,0.0,0.0,1.0,0.0,0.0,0.0,0.0,0.0,1.0,1.0,608,54,68,60.8,7.192588778272627,60.8,0.0003049135208129,10,0.9296880029647172,46.56
20.0,6,64.0,4608.112502746649,0.0,0.0,0.5,0.5,0.5,0.0,0.0,5,0,0,5,0,0.0021700859069824,0.0,1.0,0.0,0.0,0.0,0.0,0.0,1.0,0.0,0.0,0.0,0.0,0.0,1.0,1.0,610,54,68,61.0,7.378647873726218,61.0,0.000219988822937,10,0.9297637959978412,49.0
20.0,6,64.0,323.6245794882874,0.0,0.0,0.6,0.4,0.4,0.0,0.0,4,0,0,6,0,0.0309000015258789,0.0,1.0,0.0,0.0,0.0,0.0,0.0,1.0,0.0,0.0,0.0,0.0,0.0,1.0,1.0,604,54,68,60.4,5.641118880348314,60.4,0.003091812133789,10,0.9290559961870988,49.0
20.0,6,64.0,548.303702154361,0.0,0.0,0.7,0.3,0.3,0.0,0.0,3,0,0,7,0,0.0182380676269531,0.0,1.0,0.0,0.0,0.0,0.0,0.0,1.0,0.0,0.0,0.0,0.0,0.0,1.0,1.0,602,54,66,60.2,5.370702416299421,60.2,0.0018254995346069,10,0.9289458393363036,25.96
20.0,6,64.0,2021.0591239820749,0.0,0.0,0.6,0.4,0.4,0.0,0.0,4,0,0,6,0,0.0049479007720947,0.0,1.0,0.0,0.0,0.0,0.0,0.0,1.0,0.0,0.0,0.0,0.0,0.0,1.0,1.0,624,54,66,62.4,5.796550698475776,62.4,0.0004973888397216,10,0.9291193128925312,36.0
20.0,6,64.0,295.7004575481342,0.0,0.0,0.8,0.2,0.2,0.0,0.0,2,0,0,8,0,0.0338180065155029,0.0,1.0,0.0,0.0,0.0,0.0,0.0,1.0,0.0,0.0,0.0,0.0,0.0,1.0,1.0,614,54,66,61.4,5.168279318217149,61.4,0.0033848047256469,10,0.9288633802630688,36.0
20.0,6,64.0,2481.3962018576585,0.0,0.0,1.0,0.0,0.0,0.0,0.0,0,0,0,10,0,0.0040299892425537,0.0,1.0,0.0,0.0,0.0,0.0,0.0,1.0,0.0,0.0,0.0,0.0,0.0,1.0,1.0,650,64,66,65.0,1.0540925533894598,65.0,0.0004049062728881,10,0.9101461251425488,1.0
20.0,6,64.0,251.5143737781989,0.0,0.0,0.7,0.3,0.3,0.0,0.0,3,0,0,7,0,0.0397591590881347,0.0,1.0,0.0,0.0,0.0,0.0,0.0,1.0,0.0,0.0,0.0,0.0,0.0,1.0,1.0,630,54,66,63.0,4.83045891539648,63.0,0.0039767980575561,10,0.928725765743776,23.20987654320988
20.0,6,64.0,550.1448058761805,0.0,0.0,0.5,0.5,0.5,0.0,0.0,5,0,0,5,0,0.0181770324707031,0.0,1.0,0.0,0.0,0.0,0.0,0.0,1.0,0.0,0.0,0.0,0.0,0.0,1.0,1.0,590,54,64,59.0,5.270462766947299,59.0,0.0018193960189819,10,0.9289050057127436,25.0
20.0,6,64.0,1684.9331137267504,0.0,0.0,0.6,0.4,0.4,0.0,0.0,4,0,0,6,0,0.0059349536895751,0.0,1.0,0.0,0.0,0.0,0.0,0.0,1.0,0.0,0.0,0.0,0.0,0.0,1.0,1.0,596,54,66,59.6,5.94792213951879,59.6,0.0005971908569335,10,0.9291809755627544,31.84
20.0,6,64.0,2089.421141775431,0.0,0.0,0.5,0.5,0.5,0.0,0.0,5,0,0,5,0,0.0047860145568847,0.0,1.0,0.0,0.0,0.0,0.0,0.0,1.0,0.0,0.0,0.0,0.0,0.0,1.0,1.0,600,54,66,60.0,6.324555320336759,60.0,0.0004815101623535,10,0.9293344008552924,36.0
20.0,6,64.0,299.6530734718372,0.0,0.0,0.8,0.2,0.2,0.0,0.0,2,0,0,8,0,0.0333719253540039,0.0,1.0,0.0,0.0,0.0,0.0,0.0,1.0,0.0,0.0,0.0,0.0,0.0,1.0,1.0,3354,54,519,335.4,237.06032987406397,335.4,0.0042300939559936,10,1.0,52688.25
20.0,6,64.0,72565.81314878893,0.0,0.0,1.0,0.0,0.0,0.0,0.0,0,0,0,10,0,0.0001378059387207,0.0,1.0,0.0,0.0,0.0,0.0,0.0,1.0,0.0,0.0,0.0,0.0,0.0,1.0,1.0,5202,519,521,520.2,1.0327955589886446,520.2,1.559257507324219e-05,10,0.1347582995989096,1.0
20.0,6,64.0,261.71870710096096,0.0,0.0,0.7,0.3,0.3,0.0,0.0,3,0,0,7,0,0.0382089614868164,0.0,1.0,0.0,0.0,0.0,0.0,0.0,1.0,0.0,0.0,0.0,0.0,0.0,1.0,1.0,2438,54,521,243.8,238.61070107324744,243.8,0.0038223981857299,10,1.0,53373.5
20.0,6,64.0,1274.012514428042,0.0,0.0,0.5,0.5,0.5,0.0,0.0,5,0,0,5,0,0.0078492164611816,0.0,1.0,0.0,0.0,0.0,0.0,0.0,1.0,0.0,0.0,0.0,0.0,0.0,1.0,1.0,590,54,64,59.0,5.270462766947299,59.0,0.0021081209182739,10,0.9289050057127436,25.0
20.0,6,64.0,645.4165512571939,0.0,0.0,0.5,0.5,0.5,0.0,0.0,5,0,0,5,0,0.0154938697814941,0.0,1.0,0.0,0.0,0.0,0.0,0.0,1.0,0.0,0.0,0.0,0.0,0.0,1.0,1.0,608,54,66,60.8,5.902918298980975,60.8,0.0016029834747314,10,0.9291626427982728,31.50617283950617
20.0,6,64.0,1138.8281292424654,0.0,0.0,0.5,0.5,0.5,0.0,0.0,5,0,0,5,0,0.0087809562683105,0.0,1.0,0.0,0.0,0.0,0.0,0.0,1.0,0.0,0.0,0.0,0.0,0.0,1.0,1.0,600,54,66,60.0,6.324555320336759,60.0,0.0008821964263916,10,0.9293344008552924,36.0
20.0,6,64.0,490.45861689936623,0.0,0.0,0.9,0.1,0.1,0.0,0.0,1,0,0,9,0,0.0203890800476074,0.0,1.0,0.0,0.0,0.0,0.0,0.0,1.0,0.0,0.0,0.0,0.0,0.0,1.0,1.0,636,54,66,63.6,5.059644256269407,63.6,0.0020422220230102,10,0.928819126684234,36.0
20.0,6,64.0,62883.11844077961,0.0,0.0,1.0,0.0,0.0,0.0,0.0,0,0,0,10,0,0.0001590251922607,0.0,1.0,0.0,0.0,0.0,0.0,0.0,1.0,0.0,0.0,0.0,0.0,0.0,1.0,1.0,674,66,68,67.4,0.9660917830792958,67.4,1.8382072448730467e-05,10,0.0,1.0
20.0,6,64.0,303.59188164104347,0.0,0.0,0.6,0.4,0.4,0.0,0.0,4,0,0,6,0,0.0329389572143554,0.0,1.0,0.0,0.0,0.0,0.0,0.0,1.0,0.0,0.0,0.0,0.0,0.0,1.0,1.0,622,54,68,62.2,5.921711464320654,62.2,0.0032953977584838,10,0.9291702983821056,34.666666666666664
20.0,6,64.0,932.1296975353912,0.0,0.0,0.7,0.3,0.3,0.0,0.0,3,0,0,7,0,0.010728120803833,0.0,1.0,0.0,0.0,0.0,0.0,0.0,1.0,0.0,0.0,0.0,0.0,0.0,1.0,1.0,600,54,64,60.0,5.163977794943222,60.0,0.0010758161544799,10,0.928861627994548,25.0
20.0,6,64.0,980.1836834848448,0.0,0.0,0.6,0.4,0.4,0.0,0.0,4,0,0,6,0,0.0102021694183349,0.0,1.0,0.0,0.0,0.0,0.0,0.0,1.0,0.0,0.0,0.0,0.0,0.0,1.0,1.0,612,54,66,61.2,6.196773353931867,61.2,0.0010251998901367,10,0.9292823475934576,36.0
20.0,6,64.0,294.1513430114314,0.0,0.0,0.7,0.3,0.3,0.0,0.0,3,0,0,7,0,0.0339961051940918,0.0,1.0,0.0,0.0,0.0,0.0,0.0,1.0,0.0,0.0,0.0,0.0,0.0,1.0,1.0,636,54,66,63.6,5.059644256269407,63.6,0.0034034013748168,10,0.928819126684234,36.0
20.0,6,64.0,825.3579440355779,0.0,0.0,0.8,0.2,0.2,0.0,0.0,2,0,0,8,0,0.0121159553527832,0.0,1.0,0.0,0.0,0.0,0.0,0.0,1.0,0.0,0.0,0.0,0.0,0.0,1.0,1.0,626,54,68,62.6,5.966573556070519,62.6,0.0012144804000854,10,0.9291885734038008,36.0
20.0,6,64.0,2936.776361854082,0.0,0.0,0.7,0.3,0.3,0.0,0.0,3,0,0,7,0,0.0034050941467285,0.0,1.0,0.0,0.0,0.0,0.0,0.0,1.0,0.0,0.0,0.0,0.0,0.0,1.0,1.0,638,54,68,63.8,6.762642481555072,63.8,0.000478720664978,10,0.9295128600412864,45.9375
20.0,6,64.0,322.81010690289463,0.0,0.0,0.9,0.1,0.1,0.0,0.0,1,0,0,9,0,0.0309779644012451,0.0,1.0,0.0,0.0,0.0,0.0,0.0,1.0,0.0,0.0,0.0,0.0,0.0,1.0,1.0,652,54,68,65.2,4.0221608343995605,65.2,0.0031004905700683,10,0.928396497437501,43.55555555555557
20.0,6,64.0,503.1675424074474,0.0,0.0,1.0,0.0,0.0,0.0,0.0,0,0,0,10,0,0.019874095916748,0.0,1.0,0.0,0.0,0.0,0.0,0.0,1.0,0.0,0.0,0.0,0.0,0.0,1.0,1.0,660,66,66,66.0,0.0,66.0,0.0020915985107421,10,0.0,0.0
20.0,6,64.0,250.01215993896187,0.0,0.0,1.0,0.0,0.0,0.0,0.0,0,0,0,10,0,0.0399980545043945,0.0,1.0,0.0,0.0,0.0,0.0,0.0,1.0,0.0,0.0,0.0,0.0,0.0,1.0,1.0,590,56,66,59.0,4.83045891539648,59.0,0.0040020942687988,10,0.925317505743776,25.0
20.0,6,64.0,74631.743772242,0.0,0.0,1.0,0.0,0.0,0.0,0.0,0,0,0,10,0,0.000133991241455,0.0,1.0,0.0,0.0,0.0,0.0,0.0,1.0,0.0,0.0,0.0,0.0,0.0,1.0,1.0,574,56,58,57.4,0.966091783079296,57.4,1.5115737915039062e-05,10,0.0,1.0
20.0,6,64.0,188.63691150808643,0.0,0.0,0.8,0.2,0.2,0.0,0.0,2,0,0,8,0,0.0530118942260742,0.0,1.0,0.0,0.0,0.0,0.0,0.0,1.0,0.0,0.0,0.0,0.0,0.0,1.0,1.0,2782,54,500,278.2,233.8022906455604,278.2,0.0053026914596557,10,1.0,49197.16
20.0,6,64.0,1187.3808175744537,0.0,0.0,0.6,0.4,0.4,0.0,0.0,4,0,0,6,0,0.0084218978881835,0.0,1.0,0.0,0.0,0.0,0.0,0.0,1.0,0.0,0.0,0.0,0.0,0.0,1.0,1.0,3218,54,502,321.8,230.486345703071,321.8,0.0009610891342163,10,1.0,49729.0
20.0,6,64.0,2623.243479892426,0.0,0.0,0.5,0.5,0.5,0.0,0.0,5,0,0,5,0,0.0038120746612548,0.0,1.0,0.0,0.0,0.0,0.0,0.0,1.0,0.0,0.0,0.0,0.0,0.0,1.0,1.0,3228,54,502,322.8,231.3462052134564,322.8,0.0005016088485717,10,1.0,49556.54320987655
20.0,6,64.0,339.188561909152,0.0,0.0,0.9,0.1,0.1,0.0,0.0,1,0,0,9,0,0.0294821262359619,0.0,1.0,0.0,0.0,0.0,0.0,0.0,1.0,0.0,0.0,0.0,0.0,0.0,1.0,1.0,1944,54,502,194.4,212.31800049297124,194.4,0.0029524087905883,10,1.0,50176.0
20.0,6,64.0,1705.9031195347134,0.0,0.0,1.0,0.0,0.0,0.0,0.0,0,0,0,10,0,0.0058619976043701,0.0,1.0,0.0,0.0,0.0,0.0,0.0,1.0,0.0,0.0,0.0,0.0,0.0,1.0,1.0,670,66,68,67.0,1.0540925533894598,67.0,0.0005878925323486,10,0.9067378651425488,1.0
20.0,6,64.0,235.30061205141007,0.0,0.0,0.7,0.3,0.3,0.0,0.0,3,0,0,7,0,0.0424988269805908,0.0,1.0,0.0,0.0,0.0,0.0,0.0,1.0,0.0,0.0,0.0,0.0,0.0,1.0,1.0,646,54,68,64.6,5.660781257427675,64.6,0.004250693321228,10,0.9290640058530256,31.80246913580247
20.0,6,64.0,1027.8393412894843,0.0,0.0,0.5,0.5,0.5,0.0,0.0,5,0,0,5,0,0.0097291469573974,0.0,1.0,0.0,0.0,0.0,0.0,0.0,1.0,0.0,0.0,0.0,0.0,0.0,1.0,1.0,600,54,66,60.0,6.324555320336759,60.0,0.0009766101837158,10,0.9293344008552924,36.0
20.0,6,64.0,1218.4597507480464,0.0,0.0,0.5,0.5,0.5,0.0,0.0,5,0,0,5,0,0.008207082748413,0.0,1.0,0.0,0.0,0.0,0.0,0.0,1.0,0.0,0.0,0.0,0.0,0.0,1.0,1.0,606,54,68,60.6,6.995236474439826,60.6,0.0008214950561523,10,0.9296076095302278,44.04
20.0,6,64.0,1376.309762100082,0.0,0.0,0.5,0.5,0.5,0.0,0.0,5,0,0,5,0,0.0072658061981201,0.0,1.0,0.0,0.0,0.0,0.0,0.0,1.0,0.0,0.0,0.0,0.0,0.0,1.0,1.0,610,54,68,61.0,7.378647873726218,61.0,0.0007283926010131,10,0.9297637959978412,49.0
20.0,6,64.0,281.08189250770675,0.0,0.0,0.6,0.4,0.4,0.0,0.0,4,0,0,6,0,0.0355768203735351,0.0,1.0,0.0,0.0,0.0,0.0,0.0,1.0,0.0,0.0,0.0,0.0,0.0,1.0,1.0,601,54,68,60.1,6.522610247779983,60.1,0.0035614013671875,10,0.9294150805105356,49.0
20.0,6,64.0,3045.9724037763253,0.0,0.0,0.6,0.4,0.4,0.0,0.0,4,0,0,6,0,0.0032830238342285,0.0,1.0,0.0,0.0,0.0,0.0,0.0,1.0,0.0,0.0,0.0,0.0,0.0,1.0,1.0,606,54,65,60.6,5.680375574437544,60.6,0.0003306150436401,10,0.9290719877940028,30.25
20.0,6,64.0,2670.850738665308,0.0,0.0,0.5,0.5,0.5,0.0,0.0,5,0,0,5,0,0.0037441253662109,0.0,1.0,0.0,0.0,0.0,0.0,0.0,1.0,0.0,0.0,0.0,0.0,0.0,1.0,1.0,603,54,67,60.3,6.667499947923176,60.3,0.0003767013549804,10,0.929474102778786,40.01
20.0,6,64.0,2087.653178039918,0.0,0.0,0.5,0.5,0.5,0.0,0.0,5,0,0,5,0,0.0047900676727294,0.0,1.0,0.0,0.0,0.0,0.0,0.0,1.0,0.0,0.0,0.0,0.0,0.0,1.0,1.0,618,54,67,61.8,6.713171133426189,61.8,0.0005168914794921,10,0.9294927073929125,42.25
20.0,6,64.0,245.2178386847829,0.0,0.0,1.0,0.0,0.0,0.0,0.0,0,0,0,10,0,0.0407800674438476,0.0,1.0,0.0,0.0,0.0,0.0,0.0,1.0,0.0,0.0,0.0,0.0,0.0,1.0,1.0,648,54,66,64.8,3.794733192202056,64.8,0.0040817022323608,10,0.9283038525131756,36.0
20.0,6,64.0,2540.15503875969,0.0,0.0,1.0,0.0,0.0,0.0,0.0,0,0,0,10,0,0.003936767578125,0.0,1.0,0.0,0.0,0.0,0.0,0.0,1.0,0.0,0.0,0.0,0.0,0.0,1.0,1.0,678,66,68,67.8,0.6324555320336757,67.8,0.0005231857299804,10,0.0,1.0
20.0,6,64.0,203.7900055875422,0.0,0.0,0.5,0.5,0.5,0.0,0.0,5,0,0,5,0,0.049070119857788,0.0,1.0,0.0,0.0,0.0,0.0,0.0,1.0,0.0,0.0,0.0,0.0,0.0,1.0,1.0,614,54,68,61.4,6.397916327472042,61.4,0.0049085140228271,10,0.929364285195159,39.04
20.0,6,64.0,2099.9869824262755,0.0,0.0,0.5,0.5,0.5,0.0,0.0,5,0,0,5,0,0.0047619342803955,0.0,1.0,0.0,0.0,0.0,0.0,0.0,1.0,0.0,0.0,0.0,0.0,0.0,1.0,1.0,600,54,66,60.0,6.324555320336759,60.0,0.0004791975021362,10,0.9293344008552924,36.0
20.0,6,64.0,2333.7992432673045,0.0,0.0,0.5,0.5,0.5,0.0,0.0,5,0,0,5,0,0.0042848587036132,0.0,1.0,0.0,0.0,0.0,0.0,0.0,1.0,0.0,0.0,0.0,0.0,0.0,1.0,1.0,610,54,68,61.0,7.378647873726218,61.0,0.000431489944458,10,0.9297637959978412,49.0
20.0,6,64.0,2034.193704835346,0.0,0.0,0.5,0.5,0.5,0.0,0.0,5,0,0,5,0,0.0049159526824951,0.0,1.0,0.0,0.0,0.0,0.0,0.0,1.0,0.0,0.0,0.0,0.0,0.0,1.0,1.0,610,54,68,61.0,7.378647873726218,61.0,0.0004945993423461,10,0.9297637959978412,49.0
20.0,6,64.0,271.702845741752,0.0,0.0,1.0,0.0,0.0,0.0,0.0,0,0,0,10,0,0.0368049144744873,0.0,1.0,0.0,0.0,0.0,0.0,0.0,1.0,0.0,0.0,0.0,0.0,0.0,1.0,1.0,630,54,64,63.0,3.1622776601683795,63.0,0.0036843061447143,10,0.9280462154276462,25.0
20.0,6,64.0,971.5334012786064,0.0,0.0,1.0,0.0,0.0,0.0,0.0,0,0,0,10,0,0.0102930068969726,0.0,1.0,0.0,0.0,0.0,0.0,0.0,1.0,0.0,0.0,0.0,0.0,0.0,1.0,1.0,658,64,66,65.8,0.6324555320336757,65.8,0.0010308027267456,10,0.0,1.0
20.0,6,64.0,259.0419723807406,0.0,0.0,0.6,0.4,0.4,0.0,0.0,4,0,0,6,0,0.0386037826538085,0.0,1.0,0.0,0.0,0.0,0.0,0.0,1.0,0.0,0.0,0.0,0.0,0.0,1.0,1.0,612,54,66,61.2,5.00666222813829,61.2,0.003862190246582,10,0.9287975439252544,27.55555555555556
20.0,6,64.0,4602.045205178846,0.0,0.0,0.5,0.5,0.5,0.0,0.0,5,0,0,5,0,0.0021729469299316,0.0,1.0,0.0,0.0,0.0,0.0,0.0,1.0,0.0,0.0,0.0,0.0,0.0,1.0,1.0,592,54,66,59.2,5.513619500836088,59.2,0.0002190113067626,10,0.9290040580398606,27.360000000000003
20.0,6,64.0,1080.3935912626862,0.0,0.0,0.5,0.5,0.5,0.0,0.0,5,0,0,5,0,0.0092558860778808,0.0,1.0,0.0,0.0,0.0,0.0,0.0,1.0,0.0,0.0,0.0,0.0,0.0,1.0,1.0,600,54,66,60.0,6.324555320336759,60.0,0.0009285926818847,10,0.9293344008552924,36.0
20.0,6,64.0,314.7128472170116,0.0,0.0,0.6,0.4,0.4,0.0,0.0,4,0,0,6,0,0.0317749977111816,0.0,1.0,0.0,0.0,0.0,0.0,0.0,1.0,0.0,0.0,0.0,0.0,0.0,1.0,1.0,2928,54,1224,292.8,490.8180925760582,292.8,0.0031810998916625,10,1.0,216812.16
20.0,6,64.0,779.0022658890829,0.0,0.0,0.8,0.2,0.2,0.0,0.0,2,0,0,8,0,0.0128369331359863,0.0,1.0,0.0,0.0,0.0,0.0,0.0,1.0,0.0,0.0,0.0,0.0,0.0,1.0,1.0,8730,54,1224,873.0,565.163693101388,873.0,0.0012902975082397,10,1.0,342225.0
20.0,6,64.0,5053.3783132530125,0.0,0.0,0.8,0.2,0.2,0.0,0.0,2,0,0,8,0,0.0019788742065429,0.0,1.0,0.0,0.0,0.0,0.0,0.0,1.0,0.0,0.0,0.0,0.0,0.0,1.0,1.0,9914,54,1226,991.4,494.0535733433504,991.4,0.0003103017807006,10,1.0,280132.4081632653
20.0,6,64.0,257.5199081492942,0.0,0.0,0.7,0.3,0.3,0.0,0.0,3,0,0,7,0,0.0388319492340087,0.0,1.0,0.0,0.0,0.0,0.0,0.0,1.0,0.0,0.0,0.0,0.0,0.0,1.0,1.0,4244,54,1226,424.4,553.5367497586167,424.4,0.0038841009140014,10,1.0,325525.5555555556
20.0,6,64.0,939.584229390681,0.0,0.0,0.6,0.4,0.4,0.0,0.0,4,0,0,6,0,0.0106430053710937,0.0,1.0,0.0,0.0,0.0,0.0,0.0,1.0,0.0,0.0,0.0,0.0,0.0,1.0,1.0,822,54,101,82.2,24.270695636233143,82.2,0.0011131048202514,10,0.936644940574376,552.25
20.0,6,64.0,2726.9384305311746,0.0,0.0,0.5,0.5,0.5,0.0,0.0,5,0,0,5,0,0.0036671161651611,0.0,1.0,0.0,0.0,0.0,0.0,0.0,1.0,0.0,0.0,0.0,0.0,0.0,1.0,1.0,834,54,103,83.4,25.303491195221792,83.4,0.0003678083419799,10,0.9370656601732856,600.25
20.0,6,64.0,337.39323492740215,0.0,0.0,0.6,0.4,0.4,0.0,0.0,4,0,0,6,0,0.0296390056610107,0.0,1.0,0.0,0.0,0.0,0.0,0.0,1.0,0.0,0.0,0.0,0.0,0.0,1.0,1.0,1026,54,344,102.6,88.24486135495684,102.6,0.0029675006866455,10,0.9627054567215552,7008.44
20.0,6,64.0,1127.016337059329,0.0,0.0,0.6,0.4,0.4,0.0,0.0,4,0,0,6,0,0.0088729858398437,0.0,1.0,0.0,0.0,0.0,0.0,0.0,1.0,0.0,0.0,0.0,0.0,0.0,1.0,1.0,2280,54,344,228.0,149.75535605335347,228.0,0.0011407852172851,10,0.987762371841894,21025.0
20.0,6,64.0,1071.8074259576315,0.0,0.0,0.8,0.2,0.2,0.0,0.0,2,0,0,8,0,0.0093300342559814,0.0,1.0,0.0,0.0,0.0,0.0,0.0,1.0,0.0,0.0,0.0,0.0,0.0,1.0,1.0,2870,54,346,287.0,122.8051754247805,287.0,0.0010449171066284,10,0.9767839462610386,21025.0
20.0,6,64.0,291.97062406459924,0.0,0.0,0.8,0.2,0.2,0.0,0.0,2,0,0,8,0,0.0342500209808349,0.0,1.0,0.0,0.0,0.0,0.0,0.0,1.0,0.0,0.0,0.0,0.0,0.0,1.0,1.0,2036,54,346,203.6,150.1667221605521,203.6,0.003580093383789,10,0.9879299459393224,21316.0
20.0,6,64.0,634.318467099194,0.0,0.0,1.0,0.0,0.0,0.0,0.0,0,0,0,10,0,0.0157649517059326,0.0,1.0,0.0,0.0,0.0,0.0,0.0,1.0,0.0,0.0,0.0,0.0,0.0,1.0,1.0,666,66,68,66.6,0.966091783079296,66.6,0.0015785932540893,10,0.0,0.8400000000000001
20.0,6,64.0,243.93146685587337,0.0,0.0,1.0,0.0,0.0,0.0,0.0,0,0,0,10,0,0.0409951210021972,0.0,1.0,0.0,0.0,0.0,0.0,0.0,1.0,0.0,0.0,0.0,0.0,0.0,1.0,1.0,1274,68,266,127.4,95.64308652485028,127.4,0.0041021108627319,10,0.9418613777267631,8232.84
20.0,6,64.0,2994.861835058908,0.0,0.0,1.0,0.0,0.0,0.0,0.0,0,0,0,10,0,0.0033390522003173,0.0,1.0,0.0,0.0,0.0,0.0,0.0,1.0,0.0,0.0,0.0,0.0,0.0,1.0,1.0,2666,266,268,266.6,0.966091783079296,266.6,0.0003362894058227,10,0.0,0.8400000000000001
20.0,6,64.0,205.6474925964424,0.0,0.0,0.8,0.2,0.2,0.0,0.0,2,0,0,8,0,0.0486268997192382,0.0,1.0,0.0,0.0,0.0,0.0,0.0,1.0,0.0,0.0,0.0,0.0,0.0,1.0,1.0,2070,54,268,207.0,98.31581764904364,207.0,0.004864501953125,10,0.9668079614775144,8699.4
20.0,6,64.0,1285.8468990465678,0.0,0.0,0.5,0.5,0.5,0.0,0.0,5,0,0,5,0,0.0077769756317138,0.0,1.0,0.0,0.0,0.0,0.0,0.0,1.0,0.0,0.0,0.0,0.0,0.0,1.0,1.0,620,54,70,62.0,8.432740427115679,62.0,0.0007831096649169,10,0.93019319114039,64.0
20.0,6,64.0,1247.8219736411506,0.0,0.0,0.6,0.4,0.4,0.0,0.0,4,0,0,6,0,0.0080139636993408,0.0,1.0,0.0,0.0,0.0,0.0,0.0,1.0,0.0,0.0,0.0,0.0,0.0,1.0,1.0,624,54,72,62.4,8.88444333277743,62.4,0.0008044004440307,10,0.9303771968360404,71.03999999999999
20.0,6,64.0,1975.8356887130203,0.0,0.0,0.6,0.4,0.4,0.0,0.0,4,0,0,6,0,0.0050611495971679,0.0,1.0,0.0,0.0,0.0,0.0,0.0,1.0,0.0,0.0,0.0,0.0,0.0,1.0,1.0,648,54,72,64.8,9.2951600308978,64.8,0.0005100965499877,10,0.9305445063901864,81.0
20.0,6,64.0,399.7887773679144,0.0,0.0,0.5,0.5,0.5,0.0,0.0,5,0,0,5,0,0.0250132083892822,0.0,1.0,0.0,0.0,0.0,0.0,0.0,1.0,0.0,0.0,0.0,0.0,0.0,1.0,1.0,616,54,72,61.6,7.22956891292051,61.6,0.0026025056838989,10,0.9297030671923672,81.0
20.0,6,64.0,438.67507556503824,0.0,0.0,0.6,0.4,0.4,0.0,0.0,4,0,0,6,0,0.0227959156036376,0.0,1.0,0.0,0.0,0.0,0.0,0.0,1.0,0.0,0.0,0.0,0.0,0.0,1.0,1.0,600,54,64,60.0,5.163977794943222,60.0,0.0022832870483398,10,0.928861627994548,25.0
20.0,6,64.0,1924.8756310234053,0.0,0.0,0.5,0.5,0.5,0.0,0.0,5,0,0,5,0,0.005195140838623,0.0,1.0,0.0,0.0,0.0,0.0,0.0,1.0,0.0,0.0,0.0,0.0,0.0,1.0,1.0,600,54,66,60.0,6.324555320336759,60.0,0.0005238056182861,10,0.9293344008552924,36.0
20.0,6,64.0,1659.4674579624134,0.0,0.0,0.6,0.4,0.4,0.0,0.0,4,0,0,6,0,0.0060260295867919,0.0,1.0,0.0,0.0,0.0,0.0,0.0,1.0,0.0,0.0,0.0,0.0,0.0,1.0,1.0,600,54,66,60.0,6.324555320336759,60.0,0.0006061077117919,10,0.9293344008552924,36.0
20.0,6,64.0,685.2094360582893,0.0,0.0,0.5,0.5,0.5,0.0,0.0,5,0,0,5,0,0.0145940780639648,0.0,1.0,0.0,0.0,0.0,0.0,0.0,1.0,0.0,0.0,0.0,0.0,0.0,1.0,1.0,600,54,66,60.0,6.324555320336759,60.0,0.0026968955993652,10,0.9293344008552924,36.0
20.0,6,64.0,1879.6737474231425,0.0,0.0,0.5,0.5,0.5,0.0,0.0,5,0,0,5,0,0.0053200721740722,0.0,1.0,0.0,0.0,0.0,0.0,0.0,1.0,0.0,0.0,0.0,0.0,0.0,1.0,1.0,612,54,66,61.2,6.196773353931867,61.2,0.0005357980728149,10,0.9292823475934576,36.0
20.0,6,64.0,3032.9770771567,0.0,0.0,0.6,0.4,0.4,0.0,0.0,4,0,0,6,0,0.0032970905303955,0.0,1.0,0.0,0.0,0.0,0.0,0.0,1.0,0.0,0.0,0.0,0.0,0.0,1.0,1.0,600,54,66,60.0,6.324555320336759,60.0,0.0003319025039672,10,0.9293344008552924,36.0
20.0,6,64.0,358.1141032427725,0.0,0.0,0.5,0.5,0.5,0.0,0.0,5,0,0,5,0,0.0279240608215332,0.0,1.0,0.0,0.0,0.0,0.0,0.0,1.0,0.0,0.0,0.0,0.0,0.0,1.0,1.0,598,54,66,59.8,6.142746399887703,59.8,0.002822995185852,10,0.9292603391734584,36.0
20.0,6,64.0,567.0583781737555,0.0,0.0,0.6,0.4,0.4,0.0,0.0,4,0,0,6,0,0.0176348686218261,0.0,1.0,0.0,0.0,0.0,0.0,0.0,1.0,0.0,0.0,0.0,0.0,0.0,1.0,1.0,600,54,64,60.0,5.163977794943222,60.0,0.0020495891571044,10,0.928861627994548,24.0
20.0,6,64.0,2383.804489911907,0.0,0.0,0.5,0.5,0.5,0.0,0.0,5,0,0,5,0,0.0041949748992919,0.0,1.0,0.0,0.0,0.0,0.0,0.0,1.0,0.0,0.0,0.0,0.0,0.0,1.0,1.0,606,54,66,60.6,5.738757124441958,60.6,0.0005632162094116,10,0.9290957701022128,29.64
20.0,6,64.0,1766.7666385846671,0.0,0.0,0.6,0.4,0.4,0.0,0.0,4,0,0,6,0,0.005660057067871,0.0,1.0,0.0,0.0,0.0,0.0,0.0,1.0,0.0,0.0,0.0,0.0,0.0,1.0,1.0,600,54,66,60.0,6.324555320336759,60.0,0.000567603111267,10,0.9293344008552924,36.0
20.0,6,64.0,401.7686501398521,0.0,0.0,0.5,0.5,0.5,0.0,0.0,5,0,0,5,0,0.0248899459838867,0.0,1.0,0.0,0.0,0.0,0.0,0.0,1.0,0.0,0.0,0.0,0.0,0.0,1.0,1.0,612,54,66,61.2,6.196773353931867,61.2,0.0024908781051635,10,0.9292823475934576,36.0
20.0,6,64.0,663.697702386227,0.0,0.0,0.5,0.5,0.5,0.0,0.0,5,0,0,5,0,0.0150671005249023,0.0,1.0,0.0,0.0,0.0,0.0,0.0,1.0,0.0,0.0,0.0,0.0,0.0,1.0,1.0,600,54,66,60.0,6.324555320336759,60.0,0.0015082120895385,10,0.9293344008552924,36.0
20.0,6,64.0,2233.1508891491853,0.0,0.0,0.6,0.4,0.4,0.0,0.0,4,0,0,6,0,0.0044779777526855,0.0,1.0,0.0,0.0,0.0,0.0,0.0,1.0,0.0,0.0,0.0,0.0,0.0,1.0,1.0,604,54,67,60.4,6.752777206453652,60.4,0.0004499912261962,10,0.929508841322821,41.04
20.0,6,64.0,4264.671072699543,0.0,0.0,0.5,0.5,0.5,0.0,0.0,5,0,0,5,0,0.0023448467254638,0.0,1.0,0.0,0.0,0.0,0.0,0.0,1.0,0.0,0.0,0.0,0.0,0.0,1.0,1.0,605,54,67,60.5,6.851601597031489,60.5,0.0002362012863159,10,0.9295490984265669,42.25
20.0,6,64.0,293.0149570709011,0.0,0.0,1.0,0.0,0.0,0.0,0.0,0,0,0,10,0,0.0341279506683349,0.0,1.0,0.0,0.0,0.0,0.0,0.0,1.0,0.0,0.0,0.0,0.0,0.0,1.0,1.0,661,66,67,66.1,0.316227766016838,66.1,0.0034744977951049,10,0.0,0.25
20.0,6,64.0,1181.327700323898,0.0,0.0,1.0,0.0,0.0,0.0,0.0,0,0,0,10,0,0.0084650516510009,0.0,1.0,0.0,0.0,0.0,0.0,0.0,1.0,0.0,0.0,0.0,0.0,0.0,1.0,1.0,678,66,68,67.8,0.6324555320336757,67.8,0.0008474111557006,10,0.0,1.0
20.0,6,64.0,263.77611470976666,0.0,0.0,0.6,0.4,0.4,0.0,0.0,4,0,0,6,0,0.0379109382629394,0.0,1.0,0.0,0.0,0.0,0.0,0.0,1.0,0.0,0.0,0.0,0.0,0.0,1.0,1.0,614,54,68,61.4,6.397916327472042,61.4,0.0037926912307739,10,0.929364285195159,38.22222222222222
20.0,6,64.0,1634.2505357490743,0.0,0.0,0.5,0.5,0.5,0.0,0.0,5,0,0,5,0,0.0061190128326416,0.0,1.0,0.0,0.0,0.0,0.0,0.0,1.0,0.0,0.0,0.0,0.0,0.0,1.0,1.0,600,54,66,60.0,6.324555320336759,60.0,0.000681710243225,10,0.9293344008552924,36.0
20.0,6,64.0,1203.9451174005396,0.0,0.0,0.5,0.5,0.5,0.0,0.0,5,0,0,5,0,0.0083060264587402,0.0,1.0,0.0,0.0,0.0,0.0,0.0,1.0,0.0,0.0,0.0,0.0,0.0,1.0,1.0,610,54,68,61.0,7.378647873726218,61.0,0.0008624076843261,10,0.9297637959978412,49.0
20.0,6,64.0,1679.5354983382051,0.0,0.0,0.5,0.5,0.5,0.0,0.0,5,0,0,5,0,0.0059540271759033,0.0,1.0,0.0,0.0,0.0,0.0,0.0,1.0,0.0,0.0,0.0,0.0,0.0,1.0,1.0,610,54,68,61.0,7.378647873726218,61.0,0.0007019996643066,10,0.9297637959978412,49.0
20.0,6,64.0,1527.2006990969996,0.0,0.0,1.0,0.0,0.0,0.0,0.0,0,0,0,10,0,0.0065479278564453,0.0,1.0,0.0,0.0,0.0,0.0,0.0,1.0,0.0,0.0,0.0,0.0,0.0,1.0,1.0,640,64,64,64.0,0.0,64.0,0.0035967826843261,10,0.0,0.0
20.0,6,64.0,1407.6262711011177,0.0,0.0,0.9,0.1,0.1,0.0,0.0,1,0,0,9,0,0.0071041584014892,0.0,1.0,0.0,0.0,0.0,0.0,0.0,1.0,0.0,0.0,0.0,0.0,0.0,1.0,1.0,648,54,66,64.8,3.794733192202055,64.8,0.0007146120071411,10,0.9283038525131756,12.96
20.0,6,64.0,242.1541730174126,0.0,0.0,0.5,0.5,0.5,0.0,0.0,5,0,0,5,0,0.0412960052490234,0.0,1.0,0.0,0.0,0.0,0.0,0.0,1.0,0.0,0.0,0.0,0.0,0.0,1.0,1.0,602,54,66,60.2,5.370702416299421,60.2,0.0041312932968139,10,0.9289458393363036,27.84
20.0,6,64.0,794.978013646702,0.0,0.0,0.5,0.5,0.5,0.0,0.0,5,0,0,5,0,0.0125789642333984,0.0,1.0,0.0,0.0,0.0,0.0,0.0,1.0,0.0,0.0,0.0,0.0,0.0,1.0,1.0,590,54,64,59.0,5.270462766947299,59.0,0.0012600898742675,10,0.9289050057127436,25.0
20.0,6,64.0,3648.489909533751,0.0,0.0,0.6,0.4,0.4,0.0,0.0,4,0,0,6,0,0.0027408599853515,0.0,1.0,0.0,0.0,0.0,0.0,0.0,1.0,0.0,0.0,0.0,0.0,0.0,1.0,1.0,600,54,66,60.0,6.324555320336759,60.0,0.0002758026123046,10,0.9293344008552924,36.0
20.0,6,64.0,253.64069567741467,0.0,0.0,0.6,0.4,0.4,0.0,0.0,4,0,0,6,0,0.0394258499145507,0.0,1.0,0.0,0.0,0.0,0.0,0.0,1.0,0.0,0.0,0.0,0.0,0.0,1.0,1.0,734,54,121,73.4,25.67835231820332,73.4,0.0039890050888061,10,0.9372183636003432,593.4399999999999
20.0,6,64.0,4173.436815920398,0.0,0.0,0.8,0.2,0.2,0.0,0.0,2,0,0,8,0,0.0023961067199707,0.0,1.0,0.0,0.0,0.0,0.0,0.0,1.0,0.0,0.0,0.0,0.0,0.0,1.0,1.0,1009,54,121,100.9,32.364074733156414,100.9,0.0002443075180053,10,0.9399418594832986,1122.25
20.0,6,64.0,1139.725550936116,0.0,0.0,1.0,0.0,0.0,0.0,0.0,0,0,0,10,0,0.0087740421295166,0.0,1.0,0.0,0.0,0.0,0.0,0.0,1.0,0.0,0.0,0.0,0.0,0.0,1.0,1.0,1228,121,123,122.8,0.6324555320336757,122.8,0.0012434005737304,10,0.0,1.0
20.0,6,64.0,248.3791386120438,0.0,0.0,1.0,0.0,0.0,0.0,0.0,0,0,0,10,0,0.0402610301971435,0.0,1.0,0.0,0.0,0.0,0.0,0.0,1.0,0.0,0.0,0.0,0.0,0.0,1.0,1.0,726,67,123,72.6,17.70875489694293,72.6,0.0040286064147949,10,0.9118181783948188,784.0
20.0,6,64.0,53159.74651457541,0.0,0.0,0.9,0.1,0.1,0.0,0.0,1,0,0,9,0,0.0001881122589111,0.0,1.0,0.0,0.0,0.0,0.0,0.0,1.0,0.0,0.0,0.0,0.0,0.0,1.0,1.0,673,54,69,67.3,4.715223571935199,67.3,2.0289421081542967e-05,10,0.9286788234742636,20.01
20.0,6,64.0,218.1216067231086,0.0,0.0,0.6,0.4,0.4,0.0,0.0,4,0,0,6,0,0.0458459854125976,0.0,1.0,0.0,0.0,0.0,0.0,0.0,1.0,0.0,0.0,0.0,0.0,0.0,1.0,1.0,646,54,73,64.6,9.252026804976303,64.6,0.0045878887176513,10,0.9305269356392752,77.04
20.0,6,64.0,2058.0490677134444,0.0,0.0,0.9,0.1,0.1,0.0,0.0,1,0,0,9,0,0.0048589706420898,0.0,1.0,0.0,0.0,0.0,0.0,0.0,1.0,0.0,0.0,0.0,0.0,0.0,1.0,1.0,717,54,75,71.7,6.290204024248075,71.7,0.0011739015579223,10,0.9293204075113176,57.760000000000005
20.0,6,64.0,303.27797019501224,0.0,0.0,0.8,0.2,0.2,0.0,0.0,2,0,0,8,0,0.0329730510711669,0.0,1.0,0.0,0.0,0.0,0.0,0.0,1.0,0.0,0.0,0.0,0.0,0.0,1.0,1.0,699,54,75,69.9,8.83742043811428,69.9,0.0032982110977172,10,0.9303580415896704,110.25
20.0,6,64.0,1199.0234698836512,0.0,0.0,1.0,0.0,0.0,0.0,0.0,0,0,0,10,0,0.0083401203155517,0.0,1.0,0.0,0.0,0.0,0.0,0.0,1.0,0.0,0.0,0.0,0.0,0.0,1.0,1.0,661,66,67,66.1,0.3162277660168379,66.1,0.0010502099990844,10,0.0,0.09
20.0,6,64.0,264.1648611880889,0.0,0.0,0.9,0.1,0.1,0.0,0.0,1,0,0,9,0,0.0378551483154296,0.0,1.0,0.0,0.0,0.0,0.0,0.0,1.0,0.0,0.0,0.0,0.0,0.0,1.0,1.0,669,66,67,66.9,0.3162277660168379,66.9,0.0038749933242797,10,0.0,0.09
20.0,6,64.0,896.2188034188034,0.0,0.0,0.9,0.1,0.1,0.0,0.0,1,0,0,9,0,0.0111579895019531,0.0,1.0,0.0,0.0,0.0,0.0,0.0,1.0,0.0,0.0,0.0,0.0,0.0,1.0,1.0,648,54,66,64.8,3.794733192202056,64.8,0.0011205911636352,10,0.9283038525131756,36.0
20.0,6,64.0,859.6999262113635,0.0,0.0,0.9,0.1,0.1,0.0,0.0,1,0,0,9,0,0.011631965637207,0.0,1.0,0.0,0.0,0.0,0.0,0.0,1.0,0.0,0.0,0.0,0.0,0.0,1.0,1.0,652,54,68,65.2,5.902918298980975,65.2,0.0011660099029541,10,0.9291626427982728,49.0
20.0,6,64.0,253.0561220180276,0.0,0.0,0.8,0.2,0.2,0.0,0.0,2,0,0,8,0,0.0395169258117675,0.0,1.0,0.0,0.0,0.0,0.0,0.0,1.0,0.0,0.0,0.0,0.0,0.0,1.0,1.0,640,54,68,64.0,5.333333333333333,64.0,0.0039538860321044,10,0.9289306166666668,34.12244897959184
20.0,6,64.0,1766.469002695418,0.0,0.0,0.9,0.1,0.1,0.0,0.0,1,0,0,9,0,0.0056610107421875,0.0,1.0,0.0,0.0,0.0,0.0,0.0,1.0,0.0,0.0,0.0,0.0,0.0,1.0,1.0,658,54,68,65.8,4.263540521418528,65.8,0.0005685091018676,10,0.9284948258668052,20.40816326530612
20.0,6,64.0,168.634218123045,0.0,0.0,0.7,0.3,0.3,0.0,0.0,3,0,0,7,0,0.0592999458312988,0.0,1.0,0.0,0.0,0.0,0.0,0.0,1.0,0.0,0.0,0.0,0.0,0.0,1.0,1.0,640,54,68,64.0,5.57773351022717,64.0,0.005933403968811,10,0.9290301755227262,31.11111111111111
20.0,6,64.0,2961.242586839876,0.0,0.0,0.5,0.5,0.5,0.0,0.0,5,0,0,5,0,0.0033769607543945,0.0,1.0,0.0,0.0,0.0,0.0,0.0,1.0,0.0,0.0,0.0,0.0,0.0,1.0,1.0,590,54,64,59.0,5.270462766947299,59.0,0.0003434896469116,10,0.9289050057127436,25.0
20.0,6,64.0,2308.8759220521856,0.0,0.0,0.6,0.4,0.4,0.0,0.0,4,0,0,6,0,0.0043311119079589,0.0,1.0,0.0,0.0,0.0,0.0,0.0,1.0,0.0,0.0,0.0,0.0,0.0,1.0,1.0,596,54,66,59.6,5.94792213951879,59.6,0.0004367113113403,10,0.9291809755627544,31.84
20.0,6,64.0,2137.224968152866,0.0,0.0,0.5,0.5,0.5,0.0,0.0,5,0,0,5,0,0.0046789646148681,0.0,1.0,0.0,0.0,0.0,0.0,0.0,1.0,0.0,0.0,0.0,0.0,0.0,1.0,1.0,600,54,66,60.0,6.324555320336759,60.0,0.0006057977676391,10,0.9293344008552924,36.0
20.0,6,64.0,496.1031403394642,0.0,0.0,0.5,0.5,0.5,0.0,0.0,5,0,0,5,0,0.0201570987701416,0.0,1.0,0.0,0.0,0.0,0.0,0.0,1.0,0.0,0.0,0.0,0.0,0.0,1.0,1.0,594,54,66,59.4,5.738757124441959,59.4,0.0021645069122314,10,0.9290957701022128,36.0
20.0,6,64.0,1322.581906473686,0.0,0.0,0.5,0.5,0.5,0.0,0.0,5,0,0,5,0,0.0075609683990478,0.0,1.0,0.0,0.0,0.0,0.0,0.0,1.0,0.0,0.0,0.0,0.0,0.0,1.0,1.0,590,54,64,59.0,5.270462766947299,59.0,0.0011744976043701,10,0.9289050057127436,25.0
20.0,6,64.0,913.2545125960764,0.0,0.0,0.5,0.5,0.5,0.0,0.0,5,0,0,5,0,0.0109498500823974,0.0,1.0,0.0,0.0,0.0,0.0,0.0,1.0,0.0,0.0,0.0,0.0,0.0,1.0,1.0,608,54,66,60.8,5.902918298980975,60.8,0.001126480102539,10,0.9291626427982728,31.50617283950617
20.0,6,64.0,1690.6380748921763,0.0,0.0,0.5,0.5,0.5,0.0,0.0,5,0,0,5,0,0.0059149265289306,0.0,1.0,0.0,0.0,0.0,0.0,0.0,1.0,0.0,0.0,0.0,0.0,0.0,1.0,1.0,600,54,66,60.0,6.324555320336759,60.0,0.0005953073501586,10,0.9293344008552924,36.0
20.0,6,64.0,339.2022773590399,0.0,0.0,0.9,0.1,0.1,0.0,0.0,1,0,0,9,0,0.0294809341430664,0.0,1.0,0.0,0.0,0.0,0.0,0.0,1.0,0.0,0.0,0.0,0.0,0.0,1.0,1.0,622,54,66,62.2,4.366539438350083,62.2,0.0029520034790039,10,0.9285367835056064,36.0
20.0,6,64.0,803.7220710535393,0.0,0.0,1.0,0.0,0.0,0.0,0.0,0,0,0,10,0,0.0124421119689941,0.0,1.0,0.0,0.0,0.0,0.0,0.0,1.0,0.0,0.0,0.0,0.0,0.0,1.0,1.0,654,64,66,65.4,0.9660917830792958,65.4,0.0012479066848754,10,0.0,1.0
20.0,6,64.0,149.09794107610057,0.0,0.0,0.7,0.3,0.3,0.0,0.0,3,0,0,7,0,0.0670700073242187,0.0,1.0,0.0,0.0,0.0,0.0,0.0,1.0,0.0,0.0,0.0,0.0,0.0,1.0,1.0,616,54,66,61.6,5.316640543300503,61.6,0.0067085027694702,10,0.9289238166917188,26.285714285714285
20.0,6,64.0,919.8842003684532,0.0,0.0,0.5,0.5,0.5,0.0,0.0,5,0,0,5,0,0.0108709335327148,0.0,1.0,0.0,0.0,0.0,0.0,0.0,1.0,0.0,0.0,0.0,0.0,0.0,1.0,1.0,590,54,64,59.0,5.270462766947299,59.0,0.0010902881622314,10,0.9289050057127436,25.0
20.0,6,64.0,2485.0716909586445,0.0,0.0,0.5,0.5,0.5,0.0,0.0,5,0,0,5,0,0.0040240287780761,0.0,1.0,0.0,0.0,0.0,0.0,0.0,1.0,0.0,0.0,0.0,0.0,0.0,1.0,1.0,598,54,66,59.8,6.142746399887703,59.8,0.000487995147705,10,0.9292603391734584,33.959999999999994
20.0,6,64.0,2472.1820110809854,0.0,0.0,0.5,0.5,0.5,0.0,0.0,5,0,0,5,0,0.0040450096130371,0.0,1.0,0.0,0.0,0.0,0.0,0.0,1.0,0.0,0.0,0.0,0.0,0.0,1.0,1.0,600,54,66,60.0,6.324555320336759,60.0,0.0005057096481323,10,0.9293344008552924,36.0
20.0,6,64.0,902.4278153104694,0.0,0.0,0.8,0.2,0.2,0.0,0.0,2,0,0,8,0,0.0110812187194824,0.0,1.0,0.0,0.0,0.0,0.0,0.0,1.0,0.0,0.0,0.0,0.0,0.0,1.0,1.0,692,54,74,69.2,8.390470785361211,69.2,0.0012144088745117,10,0.9301759721791248,67.0
20.0,6,64.0,2627.51613105306,0.0,0.0,0.7,0.3,0.3,0.0,0.0,3,0,0,7,0,0.0038058757781982,0.0,1.0,0.0,0.0,0.0,0.0,0.0,1.0,0.0,0.0,0.0,0.0,0.0,1.0,1.0,688,54,76,68.8,10.250203250017371,68.8,0.0011639833450317,10,0.930933552795927,94.56
20.0,6,64.0,1220.5872595524256,0.0,0.0,0.6,0.4,0.4,0.0,0.0,4,0,0,6,0,0.0081927776336669,0.0,1.0,0.0,0.0,0.0,0.0,0.0,1.0,0.0,0.0,0.0,0.0,0.0,1.0,1.0,672,54,76,67.2,11.360751148875089,67.2,0.0008219957351684,10,0.9313859455880058,121.0
20.0,6,64.0,1953.56497438286,0.0,0.0,0.5,0.5,0.5,0.0,0.0,5,0,0,5,0,0.0051188468933105,0.0,1.0,0.0,0.0,0.0,0.0,0.0,1.0,0.0,0.0,0.0,0.0,0.0,1.0,1.0,600,54,66,60.0,6.324555320336759,60.0,0.00190269947052,10,0.9293344008552924,36.0
20.0,6,64.0,560.0021362386178,0.0,0.0,0.5,0.5,0.5,0.0,0.0,5,0,0,5,0,0.0178570747375488,0.0,1.0,0.0,0.0,0.0,0.0,0.0,1.0,0.0,0.0,0.0,0.0,0.0,1.0,1.0,600,54,66,60.0,6.324555320336759,60.0,0.0018318176269531,10,0.9293344008552924,36.0
20.0,6,64.0,2019.0160777895449,0.0,0.0,0.5,0.5,0.5,0.0,0.0,5,0,0,5,0,0.0049529075622558,0.0,1.0,0.0,0.0,0.0,0.0,0.0,1.0,0.0,0.0,0.0,0.0,0.0,1.0,1.0,624,54,68,62.4,7.229568912920511,62.4,0.0005951881408691,10,0.9297030671923672,48.39506172839506
20.0,6,64.0,480.9761020136691,0.0,0.0,0.5,0.5,0.5,0.0,0.0,5,0,0,5,0,0.0207910537719726,0.0,1.0,0.0,0.0,0.0,0.0,0.0,1.0,0.0,0.0,0.0,0.0,0.0,1.0,1.0,1948,54,1406,194.8,425.62915522527095,194.8,0.0020827054977416,10,1.0,163044.16
20.0,6,64.0,400.1740258748998,0.0,0.0,0.6,0.4,0.4,0.0,0.0,4,0,0,6,0,0.0249891281127929,0.0,1.0,0.0,0.0,0.0,0.0,0.0,1.0,0.0,0.0,0.0,0.0,0.0,1.0,1.0,7300,54,1406,730.0,712.5665660912748,730.0,0.0025053024291992,10,1.0,456976.0
20.0,6,64.0,3575.097170132969,0.0,0.0,0.5,0.5,0.5,0.0,0.0,5,0,0,5,0,0.0027971267700195,0.0,1.0,0.0,0.0,0.0,0.0,0.0,1.0,0.0,0.0,0.0,0.0,0.0,1.0,1.0,7300,54,1406,730.0,712.5665660912748,730.0,0.000396704673767,10,1.0,456976.0
20.0,6,64.0,2600.1512615460915,0.0,0.0,0.5,0.5,0.5,0.0,0.0,5,0,0,5,0,0.0038459300994873,0.0,1.0,0.0,0.0,0.0,0.0,0.0,1.0,0.0,0.0,0.0,0.0,0.0,1.0,1.0,7300,54,1406,730.0,712.5665660912748,730.0,0.0004756927490234,10,1.0,456976.0
20.0,6,64.0,532.596505485575,0.0,0.0,0.6,0.4,0.4,0.0,0.0,4,0,0,6,0,0.0187759399414062,0.0,1.0,0.0,0.0,0.0,0.0,0.0,1.0,0.0,0.0,0.0,0.0,0.0,1.0,1.0,7130,54,1406,713.0,638.3457788168834,713.0,0.0020267009735107,10,1.0,456976.0
20.0,6,64.0,638.8205370333704,0.0,0.0,1.0,0.0,0.0,0.0,0.0,0,0,0,10,0,0.0156538486480712,0.0,1.0,0.0,0.0,0.0,0.0,0.0,1.0,0.0,0.0,0.0,0.0,0.0,1.0,1.0,6454,645,647,645.4,0.8432740427115678,645.4,0.0018631935119628,10,0.0,0.64
20.0,6,64.0,280.3547962327966,0.0,0.0,1.0,0.0,0.0,0.0,0.0,0,0,0,10,0,0.0356690883636474,0.0,1.0,0.0,0.0,0.0,0.0,0.0,1.0,0.0,0.0,0.0,0.0,0.0,1.0,1.0,5364,94,647,536.4,233.1652728097485,536.4,0.0035705089569091,10,0.9535750355317792,48929.44
20.0,6,64.0,1985.2813934775409,0.0,0.0,0.9,0.1,0.1,0.0,0.0,1,0,0,9,0,0.0050370693206787,0.0,1.0,0.0,0.0,0.0,0.0,0.0,1.0,0.0,0.0,0.0,0.0,0.0,1.0,1.0,902,54,96,90.2,12.73490391710035,90.2,0.0005073070526123,10,0.93194572045967,400.0
20.0,6,64.0,876.1131303003718,0.0,0.0,0.7,0.3,0.3,0.0,0.0,3,0,0,7,0,0.0114140510559082,0.0,1.0,0.0,0.0,0.0,0.0,0.0,1.0,0.0,0.0,0.0,0.0,0.0,1.0,1.0,834,54,96,83.4,20.28792744466521,83.4,0.0011451959609985,10,0.9350225201238588,392.0
20.0,6,64.0,225.73444488097863,0.0,0.0,0.9,0.1,0.1,0.0,0.0,1,0,0,9,0,0.044299840927124,0.0,1.0,0.0,0.0,0.0,0.0,0.0,1.0,0.0,0.0,0.0,0.0,0.0,1.0,1.0,3732,54,498,373.2,201.2719553241335,373.2,0.0045302867889404,10,1.0,43460.0
20.0,6,64.0,2724.104695719945,0.0,0.0,1.0,0.0,0.0,0.0,0.0,0,0,0,10,0,0.0036709308624267,0.0,1.0,0.0,0.0,0.0,0.0,0.0,1.0,0.0,0.0,0.0,0.0,0.0,1.0,1.0,4994,498,500,499.4,0.9660917830792958,499.4,0.0003679990768432,10,0.0,1.0
20.0,6,64.0,222.88076690083216,0.0,0.0,1.0,0.0,0.0,0.0,0.0,0,0,0,10,0,0.0448670387268066,0.0,1.0,0.0,0.0,0.0,0.0,0.0,1.0,0.0,0.0,0.0,0.0,0.0,1.0,1.0,11342,500,1406,1134.2,437.6395777349211,1134.2,0.0044901132583618,10,0.3449929083860975,205209.0
20.0,6,64.0,1396.6581199427258,0.0,0.0,1.0,0.0,0.0,0.0,0.0,0,0,0,10,0,0.007159948348999,0.0,1.0,0.0,0.0,0.0,0.0,0.0,1.0,0.0,0.0,0.0,0.0,0.0,1.0,1.0,14060,1406,1406,1406.0,0.0,1406.0,0.0007186889648437,10,0.0,0.0
20.0,6,64.0,217.82142430553031,0.0,0.0,0.6,0.4,0.4,0.0,0.0,4,0,0,6,0,0.0459091663360595,0.0,1.0,0.0,0.0,0.0,0.0,0.0,1.0,0.0,0.0,0.0,0.0,0.0,1.0,1.0,4644,54,1406,464.4,649.786836842155,464.4,0.0045945167541503,10,1.0,451600.0
20.0,6,64.0,922.8594688552004,0.0,0.0,0.5,0.5,0.5,0.0,0.0,5,0,0,5,0,0.0108358860015869,0.0,1.0,0.0,0.0,0.0,0.0,0.0,1.0,0.0,0.0,0.0,0.0,0.0,1.0,1.0,600,54,66,60.0,6.324555320336759,60.0,0.0010872840881347,10,0.9293344008552924,36.0
20.0,6,64.0,2045.4032965961185,0.0,0.0,0.5,0.5,0.5,0.0,0.0,5,0,0,5,0,0.0048890113830566,0.0,1.0,0.0,0.0,0.0,0.0,0.0,1.0,0.0,0.0,0.0,0.0,0.0,1.0,1.0,608,54,68,60.8,7.192588778272627,60.8,0.0004920005798339,10,0.9296880029647172,46.56
20.0,6,64.0,1960.4131806496848,0.0,0.0,0.6,0.4,0.4,0.0,0.0,4,0,0,6,0,0.0051009654998779,0.0,1.0,0.0,0.0,0.0,0.0,0.0,1.0,0.0,0.0,0.0,0.0,0.0,1.0,1.0,610,54,68,61.0,7.378647873726218,61.0,0.0005139112472534,10,0.9297637959978412,49.0
20.0,6,64.0,395.1150215724325,0.0,0.0,0.9,0.1,0.1,0.0,0.0,1,0,0,9,0,0.0253090858459472,0.0,1.0,0.0,0.0,0.0,0.0,0.0,1.0,0.0,0.0,0.0,0.0,0.0,1.0,1.0,634,54,68,63.4,3.5339622081862854,63.4,0.0026252031326293,10,0.9281976248451268,49.0
20.0,6,64.0,845.7451656483778,0.0,0.0,1.0,0.0,0.0,0.0,0.0,0,0,0,10,0,0.0118238925933837,0.0,1.0,0.0,0.0,0.0,0.0,0.0,1.0,0.0,0.0,0.0,0.0,0.0,1.0,1.0,656,64,66,65.6,0.8432740427115678,65.6,0.0011839866638183,10,0.0,1.0
20.0,6,64.0,253.57475802112364,0.0,0.0,1.0,0.0,0.0,0.0,0.0,0,0,0,10,0,0.0394361019134521,0.0,1.0,0.0,0.0,0.0,0.0,0.0,1.0,0.0,0.0,0.0,0.0,0.0,1.0,1.0,4204,66,509,420.4,186.78520046061232,420.4,0.0039451122283935,10,0.9823972892596352,49062.25
20.0,6,64.0,1131.7298507865412,0.0,0.0,1.0,0.0,0.0,0.0,0.0,0,0,0,10,0,0.008836030960083,0.0,1.0,0.0,0.0,0.0,0.0,0.0,1.0,0.0,0.0,0.0,0.0,0.0,1.0,1.0,5106,509,511,510.6,0.8432740427115677,510.6,0.0008868932723999,10,0.0,1.0
20.0,6,64.0,234.9460570685966,0.0,0.0,1.0,0.0,0.0,0.0,0.0,0,0,0,10,0,0.0425629615783691,0.0,1.0,0.0,0.0,0.0,0.0,0.0,1.0,0.0,0.0,0.0,0.0,0.0,1.0,1.0,1550,66,511,155.0,187.62847450332384,155.0,0.0042577028274536,10,0.982740805373674,49506.25
20.0,6,64.0,965.7174433597348,0.0,0.0,1.0,0.0,0.0,0.0,0.0,0,0,0,10,0,0.010354995727539,0.0,1.0,0.0,0.0,0.0,0.0,0.0,1.0,0.0,0.0,0.0,0.0,0.0,1.0,1.0,676,66,68,67.6,0.8432740427115678,67.6,0.001091194152832,10,0.0,1.0
20.0,6,64.0,224.43715519501717,0.0,0.0,1.0,0.0,0.0,0.0,0.0,0,0,0,10,0,0.0445559024810791,0.0,1.0,0.0,0.0,0.0,0.0,0.0,1.0,0.0,0.0,0.0,0.0,0.0,1.0,1.0,664,66,68,66.4,0.8432740427115678,66.4,0.0044570922851562,10,0.0,1.0
20.0,6,64.0,1841.62634467618,0.0,0.0,1.0,0.0,0.0,0.0,0.0,0,0,0,10,0,0.005429983139038,0.0,1.0,0.0,0.0,0.0,0.0,0.0,1.0,0.0,0.0,0.0,0.0,0.0,1.0,1.0,676,66,68,67.6,0.8432740427115678,67.6,0.0005455017089843,10,0.0,1.0
20.0,6,64.0,172.07259837867997,0.0,0.0,1.0,0.0,0.0,0.0,0.0,0,0,0,10,0,0.058115005493164,0.0,1.0,0.0,0.0,0.0,0.0,0.0,1.0,0.0,0.0,0.0,0.0,0.0,1.0,1.0,664,66,68,66.4,0.8432740427115678,66.4,0.0058135986328125,10,0.0,1.0
20.0,6,64.0,1207.8629229661626,0.0,0.0,1.0,0.0,0.0,0.0,0.0,0,0,0,10,0,0.0082790851593017,0.0,1.0,0.0,0.0,0.0,0.0,0.0,1.0,0.0,0.0,0.0,0.0,0.0,1.0,1.0,676,66,68,67.6,0.8432740427115678,67.6,0.0008288145065307,10,0.0,1.0
20.0,6,64.0,272.9991278199404,0.0,0.0,1.0,0.0,0.0,0.0,0.0,0,0,0,10,0,0.0366301536560058,0.0,1.0,0.0,0.0,0.0,0.0,0.0,1.0,0.0,0.0,0.0,0.0,0.0,1.0,1.0,656,65,68,65.6,1.264911064067351,65.6,0.0038203001022338,10,0.9085278741710584,2.25
20.0,6,64.0,54050.30927835051,0.0,0.0,1.0,0.0,0.0,0.0,0.0,0,0,0,10,0,0.0001850128173828,0.0,1.0,0.0,0.0,0.0,0.0,0.0,1.0,0.0,0.0,0.0,0.0,0.0,1.0,1.0,666,65,67,66.6,0.8432740427115678,66.6,2.0694732666015624e-05,10,0.0,1.0
20.0,6,64.0,246.25732436209063,0.0,0.0,1.0,0.0,0.0,0.0,0.0,0,0,0,10,0,0.0406079292297363,0.0,1.0,0.0,0.0,0.0,0.0,0.0,1.0,0.0,0.0,0.0,0.0,0.0,1.0,1.0,662,66,67,66.2,0.4216370213557839,66.2,0.0040627002716064,10,0.0,0.25
20.0,6,64.0,2129.088324873097,0.0,0.0,1.0,0.0,0.0,0.0,0.0,0,0,0,10,0,0.0046968460083007,0.0,1.0,0.0,0.0,0.0,0.0,0.0,1.0,0.0,0.0,0.0,0.0,0.0,1.0,1.0,676,66,68,67.6,0.8432740427115678,67.6,0.0011359930038452,10,0.0,1.0
20.0,6,64.0,191.31805575828344,0.0,0.0,0.6,0.4,0.4,0.0,0.0,4,0,0,6,0,0.0522689819335937,0.0,1.0,0.0,0.0,0.0,0.0,0.0,1.0,0.0,0.0,0.0,0.0,0.0,1.0,1.0,6418,54,1224,641.8,613.7139760869427,641.8,0.0052279949188232,10,1.0,338980.36
20.0,6,64.0,2761.772568644235,0.0,0.0,0.5,0.5,0.5,0.0,0.0,5,0,0,5,0,0.0036208629608154,0.0,1.0,0.0,0.0,0.0,0.0,0.0,1.0,0.0,0.0,0.0,0.0,0.0,1.0,1.0,6390,54,1224,639.0,616.644143732834,639.0,0.0003642082214355,10,1.0,342225.0
20.0,6,64.0,2386.109910114916,0.0,0.0,0.5,0.5,0.5,0.0,0.0,5,0,0,5,0,0.0041909217834472,0.0,1.0,0.0,0.0,0.0,0.0,0.0,1.0,0.0,0.0,0.0,0.0,0.0,1.0,1.0,6400,54,1226,640.0,617.6982362862234,640.0,0.0004220962524414,10,1.0,343396.0
20.0,6,64.0,3076.130546387972,0.0,0.0,0.5,0.5,0.5,0.0,0.0,5,0,0,5,0,0.0032508373260498,0.0,1.0,0.0,0.0,0.0,0.0,0.0,1.0,0.0,0.0,0.0,0.0,0.0,1.0,1.0,6400,54,1226,640.0,617.6982362862234,640.0,0.0003268003463745,10,1.0,343396.0
20.0,6,64.0,287.4642066521825,0.0,0.0,0.5,0.5,0.5,0.0,0.0,5,0,0,5,0,0.0347869396209716,0.0,1.0,0.0,0.0,0.0,0.0,0.0,1.0,0.0,0.0,0.0,0.0,0.0,1.0,1.0,590,54,64,59.0,5.270462766947299,59.0,0.0034825086593627,10,0.9289050057127436,25.0
20.0,6,64.0,2091.6092355258565,0.0,0.0,0.7,0.3,0.3,0.0,0.0,3,0,0,7,0,0.0047810077667236,0.0,1.0,0.0,0.0,0.0,0.0,0.0,1.0,0.0,0.0,0.0,0.0,0.0,1.0,1.0,614,54,66,61.4,5.168279318217149,61.4,0.0004812955856323,10,0.9288633802630688,25.0
20.0,6,64.0,1838.2364026822104,0.0,0.0,0.6,0.4,0.4,0.0,0.0,4,0,0,6,0,0.0054399967193603,0.0,1.0,0.0,0.0,0.0,0.0,0.0,1.0,0.0,0.0,0.0,0.0,0.0,1.0,1.0,600,54,66,60.0,6.324555320336759,60.0,0.000545310974121,10,0.9293344008552924,36.0
20.0,6,64.0,255.5975088057137,0.0,0.0,0.9,0.1,0.1,0.0,0.0,1,0,0,9,0,0.0391240119934082,0.0,1.0,0.0,0.0,0.0,0.0,0.0,1.0,0.0,0.0,0.0,0.0,0.0,1.0,1.0,648,54,66,64.8,3.794733192202056,64.8,0.0043068885803222,10,0.9283038525131756,32.0
20.0,6,64.0,3998.383222116301,0.0,0.0,1.0,0.0,0.0,0.0,0.0,0,0,0,10,0,0.0025010108947753,0.0,1.0,0.0,0.0,0.0,0.0,0.0,1.0,0.0,0.0,0.0,0.0,0.0,1.0,1.0,672,66,68,67.2,1.0327955589886444,67.2,0.0002515077590942,10,0.9067291895989096,1.0
20.0,6,64.0,228.8230705022941,0.0,0.0,1.0,0.0,0.0,0.0,0.0,0,0,0,10,0,0.0437018871307373,0.0,1.0,0.0,0.0,0.0,0.0,0.0,1.0,0.0,0.0,0.0,0.0,0.0,1.0,1.0,656,64,68,65.6,2.065591117977289,65.6,0.0043722867965698,10,0.9105581691978192,4.0
20.0,6,64.0,4775.479904360697,0.0,0.0,1.0,0.0,0.0,0.0,0.0,0,0,0,10,0,0.002094030380249,0.0,1.0,0.0,0.0,0.0,0.0,0.0,1.0,0.0,0.0,0.0,0.0,0.0,1.0,1.0,652,64,66,65.2,1.0327955589886444,65.2,0.0008485078811645,10,0.9101374495989096,1.0
20.0,6,64.0,276.03730248047015,0.0,0.0,0.7,0.3,0.3,0.0,0.0,3,0,0,7,0,0.0362269878387451,0.0,1.0,0.0,0.0,0.0,0.0,0.0,1.0,0.0,0.0,0.0,0.0,0.0,1.0,1.0,624,54,66,62.4,5.796550698475775,62.4,0.0040066957473754,10,0.9291193128925312,30.24
20.0,6,64.0,1123.4542240317137,0.0,0.0,0.5,0.5,0.5,0.0,0.0,5,0,0,5,0,0.0089011192321777,0.0,1.0,0.0,0.0,0.0,0.0,0.0,1.0,0.0,0.0,0.0,0.0,0.0,1.0,1.0,612,54,66,61.2,6.196773353931867,61.2,0.0013987064361572,10,0.9292823475934576,36.0
20.0,6,64.0,200.17582123886203,0.0,0.0,0.5,0.5,0.5,0.0,0.0,5,0,0,5,0,0.0499560832977294,0.0,1.0,0.0,0.0,0.0,0.0,0.0,1.0,0.0,0.0,0.0,0.0,0.0,1.0,1.0,608,54,68,60.8,7.192588778272627,60.8,0.0050095081329345,10,0.9296880029647172,46.56
20.0,6,64.0,2320.756930227411,0.0,0.0,0.6,0.4,0.4,0.0,0.0,4,0,0,6,0,0.0043089389801025,0.0,1.0,0.0,0.0,0.0,0.0,0.0,1.0,0.0,0.0,0.0,0.0,0.0,1.0,1.0,624,54,68,62.4,7.229568912920511,62.4,0.0004342794418334,10,0.9297030671923672,49.0
20.0,6,64.0,426.146468341055,0.0,0.0,1.0,0.0,0.0,0.0,0.0,0,0,0,10,0,0.0234661102294921,0.0,1.0,0.0,0.0,0.0,0.0,0.0,1.0,0.0,0.0,0.0,0.0,0.0,1.0,1.0,648,54,66,64.8,3.794733192202056,64.8,0.0023496150970458,10,0.9283038525131756,36.0
20.0,6,64.0,57456.21917808219,0.0,0.0,1.0,0.0,0.0,0.0,0.0,0,0,0,10,0,0.0001740455627441,0.0,1.0,0.0,0.0,0.0,0.0,0.0,1.0,0.0,0.0,0.0,0.0,0.0,1.0,1.0,678,66,68,67.8,0.6324555320336757,67.8,1.9288063049316408e-05,10,0.0,1.0
20.0,6,64.0,609.7878836340375,0.0,0.0,0.6,0.4,0.4,0.0,0.0,4,0,0,6,0,0.0163991451263427,0.0,1.0,0.0,0.0,0.0,0.0,0.0,1.0,0.0,0.0,0.0,0.0,0.0,1.0,1.0,7314,54,1406,731.4,711.1030867602813,731.4,0.0016420125961303,10,1.0,455100.84
20.0,6,64.0,2745.143006741279,0.0,0.0,0.6,0.4,0.4,0.0,0.0,4,0,0,6,0,0.0036427974700927,0.0,1.0,0.0,0.0,0.0,0.0,0.0,1.0,0.0,0.0,0.0,0.0,0.0,1.0,1.0,8652,54,1406,865.2,698.1697978763237,865.2,0.0007733821868896,10,1.0,456976.0
20.0,6,64.0,916.2470236144788,0.0,0.0,0.5,0.5,0.5,0.0,0.0,5,0,0,5,0,0.0109140872955322,0.0,1.0,0.0,0.0,0.0,0.0,0.0,1.0,0.0,0.0,0.0,0.0,0.0,1.0,1.0,7300,54,1406,730.0,712.5665660912748,730.0,0.0013655185699462,10,1.0,456976.0
20.0,6,64.0,426.2763989674167,0.0,0.0,0.7,0.3,0.3,0.0,0.0,3,0,0,7,0,0.0234589576721191,0.0,1.0,0.0,0.0,0.0,0.0,0.0,1.0,0.0,0.0,0.0,0.0,0.0,1.0,1.0,7274,54,1406,727.4,611.2857487842053,727.4,0.0024483919143676,10,1.0,456976.0
20.0,6,64.0,2793.223228556207,0.0,0.0,1.0,0.0,0.0,0.0,0.0,0,0,0,10,0,0.003580093383789,0.0,1.0,0.0,0.0,0.0,0.0,0.0,1.0,0.0,0.0,0.0,0.0,0.0,1.0,1.0,4966,496,498,496.6,0.966091783079296,496.6,0.0011671066284179,10,0.0,0.8400000000000001
20.0,6,64.0,245.3139311135416,0.0,0.0,1.0,0.0,0.0,0.0,0.0,0,0,0,10,0,0.0407640933990478,0.0,1.0,0.0,0.0,0.0,0.0,0.0,1.0,0.0,0.0,0.0,0.0,0.0,1.0,1.0,3678,64,498,367.8,209.6419169282072,367.8,0.0040791034698486,10,0.9951164612798744,39554.76
20.0,6,64.0,1423.9217816404127,0.0,0.0,1.0,0.0,0.0,0.0,0.0,0,0,0,10,0,0.0070228576660156,0.0,1.0,0.0,0.0,0.0,0.0,0.0,1.0,0.0,0.0,0.0,0.0,0.0,1.0,1.0,646,64,66,64.6,0.966091783079296,64.6,0.0007990837097167,10,0.0,0.8400000000000001
20.0,6,64.0,240.2002096015852,0.0,0.0,0.8,0.2,0.2,0.0,0.0,2,0,0,8,0,0.0416319370269775,0.0,1.0,0.0,0.0,0.0,0.0,0.0,1.0,0.0,0.0,0.0,0.0,0.0,1.0,1.0,644,54,66,64.4,3.747591819348053,64.4,0.0042181015014648,10,0.9282846490035296,14.024691358024691
20.0,6,64.0,743.6577365649546,0.0,0.0,0.5,0.5,0.5,0.0,0.0,5,0,0,5,0,0.0134470462799072,0.0,1.0,0.0,0.0,0.0,0.0,0.0,1.0,0.0,0.0,0.0,0.0,0.0,1.0,1.0,590,54,64,59.0,5.270462766947299,59.0,0.0013473033905029,10,0.9289050057127436,25.0
20.0,6,64.0,2324.486810019951,0.0,0.0,0.5,0.5,0.5,0.0,0.0,5,0,0,5,0,0.0043020248413085,0.0,1.0,0.0,0.0,0.0,0.0,0.0,1.0,0.0,0.0,0.0,0.0,0.0,1.0,1.0,594,54,66,59.4,5.738757124441959,59.4,0.0004337072372436,10,0.9290957701022128,29.64
20.0,6,64.0,1992.8274813512612,0.0,0.0,0.5,0.5,0.5,0.0,0.0,5,0,0,5,0,0.0050179958343505,0.0,1.0,0.0,0.0,0.0,0.0,0.0,1.0,0.0,0.0,0.0,0.0,0.0,1.0,1.0,600,54,66,60.0,6.324555320336759,60.0,0.0005048036575317,10,0.9293344008552924,36.0
20.0,6,64.0,257.5863318409885,0.0,0.0,0.7,0.3,0.3,0.0,0.0,3,0,0,7,0,0.0388219356536865,0.0,1.0,0.0,0.0,0.0,0.0,0.0,1.0,0.0,0.0,0.0,0.0,0.0,1.0,1.0,606,54,66,60.6,5.738757124441959,60.6,0.0038859844207763,10,0.9290957701022128,36.0
20.0,6,64.0,990.6010722467583,0.0,0.0,0.5,0.5,0.5,0.0,0.0,5,0,0,5,0,0.0100948810577392,0.0,1.0,0.0,0.0,0.0,0.0,0.0,1.0,0.0,0.0,0.0,0.0,0.0,1.0,1.0,600,54,64,60.0,5.163977794943222,60.0,0.0011244058609008,10,0.928861627994548,25.0
20.0,6,64.0,2054.2188265256145,0.0,0.0,0.6,0.4,0.4,0.0,0.0,4,0,0,6,0,0.0048680305480957,0.0,1.0,0.0,0.0,0.0,0.0,0.0,1.0,0.0,0.0,0.0,0.0,0.0,1.0,1.0,598,54,66,59.8,6.142746399887703,59.8,0.0004904985427856,10,0.9292603391734584,33.959999999999994
20.0,6,64.0,401.7186257889646,0.0,0.0,0.8,0.2,0.2,0.0,0.0,2,0,0,8,0,0.024893045425415,0.0,1.0,0.0,0.0,0.0,0.0,0.0,1.0,0.0,0.0,0.0,0.0,0.0,1.0,1.0,732,54,114,73.2,22.05447800334436,73.2,0.00260910987854,10,0.9357421421594424,437.7600000000001
20.0,6,64.0,1272.6209114630742,0.0,0.0,1.0,0.0,0.0,0.0,0.0,0,0,0,10,0,0.0078577995300292,0.0,1.0,0.0,0.0,0.0,0.0,0.0,1.0,0.0,0.0,0.0,0.0,0.0,1.0,1.0,1144,114,116,114.4,0.8432740427115678,114.4,0.0010275840759277,10,0.0,0.64
20.0,6,64.0,204.21865490327824,0.0,0.0,1.0,0.0,0.0,0.0,0.0,0,0,0,10,0,0.0489671230316162,0.0,1.0,0.0,0.0,0.0,0.0,0.0,1.0,0.0,0.0,0.0,0.0,0.0,1.0,1.0,1060,66,116,106.0,21.081851067789195,106.0,0.0048976182937622,10,0.9148963728509748,400.0
20.0,6,64.0,69905.06666666667,0.0,0.0,1.0,0.0,0.0,0.0,0.0,0,0,0,10,0,0.0001430511474609,0.0,1.0,0.0,0.0,0.0,0.0,0.0,1.0,0.0,0.0,0.0,0.0,0.0,1.0,1.0,664,66,68,66.4,0.8432740427115678,66.4,2.009868621826172e-05,10,0.0,0.64
20.0,6,64.0,230.580422425262,0.0,0.0,0.9,0.1,0.1,0.0,0.0,1,0,0,9,0,0.0433688163757324,0.0,1.0,0.0,0.0,0.0,0.0,0.0,1.0,0.0,0.0,0.0,0.0,0.0,1.0,1.0,662,54,68,66.2,4.467164151400255,66.2,0.0043383836746215,10,0.9285777739887144,17.96
20.0,6,64.0,1661.4394929689047,0.0,0.0,0.6,0.4,0.4,0.0,0.0,4,0,0,6,0,0.0060188770294189,0.0,1.0,0.0,0.0,0.0,0.0,0.0,1.0,0.0,0.0,0.0,0.0,0.0,1.0,1.0,600,54,64,60.0,5.163977794943222,60.0,0.0008965969085693,10,0.928861627994548,24.0
20.0,6,64.0,1396.2396804260986,0.0,0.0,0.5,0.5,0.5,0.0,0.0,5,0,0,5,0,0.0071620941162109,0.0,1.0,0.0,0.0,0.0,0.0,0.0,1.0,0.0,0.0,0.0,0.0,0.0,1.0,1.0,606,54,66,60.6,5.738757124441958,60.6,0.0007489204406738,10,0.9290957701022128,29.64
20.0,6,64.0,1552.8132982858835,0.0,0.0,0.6,0.4,0.4,0.0,0.0,4,0,0,6,0,0.0064399242401123,0.0,1.0,0.0,0.0,0.0,0.0,0.0,1.0,0.0,0.0,0.0,0.0,0.0,1.0,1.0,600,54,66,60.0,6.324555320336759,60.0,0.0006476879119873,10,0.9293344008552924,36.0
20.0,6,64.0,250.63364964027056,0.0,0.0,0.9,0.1,0.1,0.0,0.0,1,0,0,9,0,0.0398988723754882,0.0,1.0,0.0,0.0,0.0,0.0,0.0,1.0,0.0,0.0,0.0,0.0,0.0,1.0,1.0,634,54,66,63.4,3.40587727318528,63.4,0.0042279958724975,10,0.9281454481660047,36.0
20.0,6,64.0,75709.45848375451,0.0,0.0,1.0,0.0,0.0,0.0,0.0,0,0,0,10,0,0.0001320838928222,0.0,1.0,0.0,0.0,0.0,0.0,0.0,1.0,0.0,0.0,0.0,0.0,0.0,1.0,1.0,654,64,66,65.4,0.9660917830792958,65.4,1.461505889892578e-05,10,0.0,1.0
20.0,6,64.0,242.6837933229185,0.0,0.0,0.7,0.3,0.3,0.0,0.0,3,0,0,7,0,0.041205883026123,0.0,1.0,0.0,0.0,0.0,0.0,0.0,1.0,0.0,0.0,0.0,0.0,0.0,1.0,1.0,624,54,66,62.4,5.796550698475775,62.4,0.0041220903396606,10,0.9291193128925312,30.24
20.0,6,64.0,2520.7668730091955,0.0,0.0,0.5,0.5,0.5,0.0,0.0,5,0,0,5,0,0.0039670467376708,0.0,1.0,0.0,0.0,0.0,0.0,0.0,1.0,0.0,0.0,0.0,0.0,0.0,1.0,1.0,600,54,66,60.0,6.324555320336759,60.0,0.0014760017395019,10,0.9293344008552924,36.0
20.0,6,64.0,1095.5189886642636,0.0,0.0,0.5,0.5,0.5,0.0,0.0,5,0,0,5,0,0.0091280937194824,0.0,1.0,0.0,0.0,0.0,0.0,0.0,1.0,0.0,0.0,0.0,0.0,0.0,1.0,1.0,622,54,68,62.2,7.083627444874398,62.2,0.0010004043579101,10,0.929643616475944,46.02469135802469
20.0,6,64.0,2111.08516206966,0.0,0.0,0.5,0.5,0.5,0.0,0.0,5,0,0,5,0,0.0047369003295898,0.0,1.0,0.0,0.0,0.0,0.0,0.0,1.0,0.0,0.0,0.0,0.0,0.0,1.0,1.0,610,54,68,61.0,7.378647873726218,61.0,0.0004777908325195,10,0.9297637959978412,49.0
20.0,6,64.0,252.11759826403707,0.0,0.0,0.5,0.5,0.5,0.0,0.0,5,0,0,5,0,0.0396640300750732,0.0,1.0,0.0,0.0,0.0,0.0,0.0,1.0,0.0,0.0,0.0,0.0,0.0,1.0,1.0,600,54,66,60.0,6.324555320336759,60.0,0.0039700984954833,10,0.9293344008552924,36.0
20.0,6,64.0,969.3778311916428,0.0,0.0,0.6,0.4,0.4,0.0,0.0,4,0,0,6,0,0.0103158950805664,0.0,1.0,0.0,0.0,0.0,0.0,0.0,1.0,0.0,0.0,0.0,0.0,0.0,1.0,1.0,614,54,68,61.4,6.397916327472042,61.4,0.0010354042053222,10,0.929364285195159,36.84
20.0,6,64.0,887.3078062195896,0.0,0.0,0.7,0.3,0.3,0.0,0.0,3,0,0,7,0,0.0112700462341308,0.0,1.0,0.0,0.0,0.0,0.0,0.0,1.0,0.0,0.0,0.0,0.0,0.0,1.0,1.0,624,54,68,62.4,7.229568912920511,62.4,0.0011281967163085,10,0.9297030671923672,49.0
20.0,6,64.0,649.433915520872,0.0,0.0,0.7,0.3,0.3,0.0,0.0,3,0,0,7,0,0.0153980255126953,0.0,1.0,0.0,0.0,0.0,0.0,0.0,1.0,0.0,0.0,0.0,0.0,0.0,1.0,1.0,630,54,68,63.0,6.27162924074226,63.0,0.0015522003173828,10,0.9293128408875088,49.0
20.0,6,64.0,12625.83985550873,0.0,0.0,1.0,0.0,0.0,0.0,0.0,0,0,0,10,0,0.0007920265197753,0.0,1.0,0.0,0.0,0.0,0.0,0.0,1.0,0.0,0.0,0.0,0.0,0.0,1.0,1.0,668,66,68,66.8,1.0327955589886444,66.8,0.0010473012924194,10,0.9067291895989096,0.96
20.0,6,64.0,262.1308934553272,0.0,0.0,0.8,0.2,0.2,0.0,0.0,2,0,0,8,0,0.0381488800048828,0.0,1.0,0.0,0.0,0.0,0.0,0.0,1.0,0.0,0.0,0.0,0.0,0.0,1.0,1.0,3328,54,1406,332.8,565.6549399688039,332.8,0.0038156986236572,10,1.0,310369.28395061725
20.0,6,64.0,1586.52797216023,0.0,0.0,0.5,0.5,0.5,0.0,0.0,5,0,0,5,0,0.006303071975708,0.0,1.0,0.0,0.0,0.0,0.0,0.0,1.0,0.0,0.0,0.0,0.0,0.0,1.0,1.0,8652,54,1406,865.2,698.1697978763236,865.2,0.0008561134338378,10,1.0,456976.0
20.0,6,64.0,912.4201092040288,0.0,0.0,0.5,0.5,0.5,0.0,0.0,5,0,0,5,0,0.0109598636627197,0.0,1.0,0.0,0.0,0.0,0.0,0.0,1.0,0.0,0.0,0.0,0.0,0.0,1.0,1.0,7300,54,1406,730.0,712.5665660912748,730.0,0.0010995864868164,10,1.0,456976.0
20.0,6,64.0,1110.1328675030438,0.0,0.0,0.6,0.4,0.4,0.0,0.0,4,0,0,6,0,0.0090079307556152,0.0,1.0,0.0,0.0,0.0,0.0,0.0,1.0,0.0,0.0,0.0,0.0,0.0,1.0,1.0,7300,54,1406,730.0,712.5665660912748,730.0,0.0009036064147949,10,1.0,456976.0
20.0,6,64.0,400.755207338047,0.0,0.0,0.5,0.5,0.5,0.0,0.0,5,0,0,5,0,0.0249528884887695,0.0,1.0,0.0,0.0,0.0,0.0,0.0,1.0,0.0,0.0,0.0,0.0,0.0,1.0,1.0,3280,54,1406,328.0,568.1822868684935,328.0,0.0024978876113891,10,1.0,456976.0
20.0,6,64.0,1462.194178141886,0.0,0.0,0.5,0.5,0.5,0.0,0.0,5,0,0,5,0,0.0068390369415283,0.0,1.0,0.0,0.0,0.0,0.0,0.0,1.0,0.0,0.0,0.0,0.0,0.0,1.0,1.0,612,54,66,61.2,6.196773353931867,61.2,0.0009783029556274,10,0.9292823475934576,36.0
20.0,6,64.0,3211.3191945486565,0.0,0.0,0.6,0.4,0.4,0.0,0.0,4,0,0,6,0,0.0031139850616455,0.0,1.0,0.0,0.0,0.0,0.0,0.0,1.0,0.0,0.0,0.0,0.0,0.0,1.0,1.0,608,54,68,60.8,7.192588778272627,60.8,0.0003144025802612,10,0.9296880029647172,46.56
20.0,6,64.0,1443.8223752151464,0.0,0.0,0.5,0.5,0.5,0.0,0.0,5,0,0,5,0,0.0069260597229003,0.0,1.0,0.0,0.0,0.0,0.0,0.0,1.0,0.0,0.0,0.0,0.0,0.0,1.0,1.0,610,54,68,61.0,7.378647873726218,61.0,0.0008146047592163,10,0.9297637959978412,49.0
20.0,6,64.0,267.9741117691782,0.0,0.0,1.0,0.0,0.0,0.0,0.0,0,0,0,10,0,0.0373170375823974,0.0,1.0,0.0,0.0,0.0,0.0,0.0,1.0,0.0,0.0,0.0,0.0,0.0,1.0,1.0,752,68,76,75.2,2.529822128134703,75.2,0.0038249969482421,10,0.903930758342117,16.0
20.0,6,64.0,2060.981769937596,0.0,0.0,1.0,0.0,0.0,0.0,0.0,0,0,0,10,0,0.0048520565032958,0.0,1.0,0.0,0.0,0.0,0.0,0.0,1.0,0.0,0.0,0.0,0.0,0.0,1.0,1.0,778,76,78,77.8,0.6324555320336757,77.8,0.0004897117614746,10,0.0,1.0
20.0,6,64.0,227.02592692828145,0.0,0.0,0.6,0.4,0.4,0.0,0.0,4,0,0,6,0,0.0440478324890136,0.0,1.0,0.0,0.0,0.0,0.0,0.0,1.0,0.0,0.0,0.0,0.0,0.0,1.0,1.0,614,54,78,61.4,7.6623176070371235,61.4,0.0044062852859497,10,0.9298793517004028,96.8888888888889
20.0,6,64.0,5020.11250748055,0.0,0.0,0.5,0.5,0.5,0.0,0.0,5,0,0,5,0,0.0019919872283935,0.0,1.0,0.0,0.0,0.0,0.0,0.0,1.0,0.0,0.0,0.0,0.0,0.0,1.0,1.0,590,54,64,59.0,5.270462766947299,59.0,0.0002619981765747,10,0.9289050057127436,25.0
20.0,6,64.0,876.4243475353658,0.0,0.0,0.6,0.4,0.4,0.0,0.0,4,0,0,6,0,0.0114099979400634,0.0,1.0,0.0,0.0,0.0,0.0,0.0,1.0,0.0,0.0,0.0,0.0,0.0,1.0,1.0,624,54,66,62.4,5.796550698475776,62.4,0.0014065027236938,10,0.9291193128925312,36.0
20.0,6,64.0,331.9066234074543,0.0,0.0,0.6,0.4,0.4,0.0,0.0,4,0,0,6,0,0.0301289558410644,0.0,1.0,0.0,0.0,0.0,0.0,0.0,1.0,0.0,0.0,0.0,0.0,0.0,1.0,1.0,2916,54,1224,291.6,491.4484713578831,291.6,0.0030142068862915,10,1.0,234552.0
20.0,6,64.0,1166.7373223177278,0.0,0.0,0.5,0.5,0.5,0.0,0.0,5,0,0,5,0,0.008570909500122,0.0,1.0,0.0,0.0,0.0,0.0,0.0,1.0,0.0,0.0,0.0,0.0,0.0,1.0,1.0,6390,54,1224,639.0,616.644143732834,639.0,0.0008915901184082,10,1.0,342225.0
20.0,6,64.0,805.6827829962158,0.0,0.0,0.5,0.5,0.5,0.0,0.0,5,0,0,5,0,0.0124118328094482,0.0,1.0,0.0,0.0,0.0,0.0,0.0,1.0,0.0,0.0,0.0,0.0,0.0,1.0,1.0,7566,54,1226,756.6,604.7023510234876,756.6,0.0019608974456787,10,1.0,342517.9375
20.0,6,64.0,3019.222574143392,0.0,0.0,0.6,0.4,0.4,0.0,0.0,4,0,0,6,0,0.0033121109008789,0.0,1.0,0.0,0.0,0.0,0.0,0.0,1.0,0.0,0.0,0.0,0.0,0.0,1.0,1.0,6400,54,1226,640.0,617.6982362862234,640.0,0.0003348112106323,10,1.0,343396.0
20.0,6,64.0,460.6594179022515,0.0,0.0,0.5,0.5,0.5,0.0,0.0,5,0,0,5,0,0.0217080116271972,0.0,1.0,0.0,0.0,0.0,0.0,0.0,1.0,0.0,0.0,0.0,0.0,0.0,1.0,1.0,2920,54,1226,292.0,492.2916931160947,292.0,0.0023607969284057,10,1.0,343396.0
20.0,6,64.0,1377.43973727422,0.0,0.0,0.5,0.5,0.5,0.0,0.0,5,0,0,5,0,0.0072598457336425,0.0,1.0,0.0,0.0,0.0,0.0,0.0,1.0,0.0,0.0,0.0,0.0,0.0,1.0,1.0,600,54,66,60.0,6.324555320336759,60.0,0.0008271932601928,10,0.9293344008552924,36.0
20.0,6,64.0,498.7993530587004,0.0,0.0,0.7,0.3,0.3,0.0,0.0,3,0,0,7,0,0.0200481414794921,0.0,1.0,0.0,0.0,0.0,0.0,0.0,1.0,0.0,0.0,0.0,0.0,0.0,1.0,1.0,634,54,68,63.4,6.535373831014651,63.4,0.0020912170410156,10,0.9294202798838022,38.44
20.0,6,64.0,631.149499661425,0.0,0.0,0.6,0.4,0.4,0.0,0.0,4,0,0,6,0,0.0158441066741943,0.0,1.0,0.0,0.0,0.0,0.0,0.0,1.0,0.0,0.0,0.0,0.0,0.0,1.0,1.0,622,54,68,62.2,7.083627444874398,62.2,0.0015882015228271,10,0.929643616475944,49.0
20.0,6,64.0,935.539446389936,0.0,0.0,1.0,0.0,0.0,0.0,0.0,0,0,0,10,0,0.0106890201568603,0.0,1.0,0.0,0.0,0.0,0.0,0.0,1.0,0.0,0.0,0.0,0.0,0.0,1.0,1.0,662,66,68,66.2,0.6324555320336759,66.2,0.001247501373291,10,0.0,0.36
20.0,6,64.0,264.7802180459197,0.0,0.0,0.9,0.1,0.1,0.0,0.0,1,0,0,9,0,0.0377671718597412,0.0,1.0,0.0,0.0,0.0,0.0,0.0,1.0,0.0,0.0,0.0,0.0,0.0,1.0,1.0,678,66,68,67.8,0.6324555320336759,67.8,0.0037781000137329,10,0.0,0.36
20.0,6,64.0,413.3459476505834,0.0,0.0,0.6,0.4,0.4,0.0,0.0,4,0,0,6,0,0.0241928100585937,0.0,1.0,0.0,0.0,0.0,0.0,0.0,1.0,0.0,0.0,0.0,0.0,0.0,1.0,1.0,600,54,66,60.0,6.324555320336759,60.0,0.0024259805679321,10,0.9293344008552924,36.0
20.0,6,64.0,3096.1127925001847,0.0,0.0,0.5,0.5,0.5,0.0,0.0,5,0,0,5,0,0.0032298564910888,0.0,1.0,0.0,0.0,0.0,0.0,0.0,1.0,0.0,0.0,0.0,0.0,0.0,1.0,1.0,602,54,68,60.2,6.562519841239848,60.2,0.0003736019134521,10,0.9294313380825274,38.76
20.0,6,64.0,2070.7499382868427,0.0,0.0,0.5,0.5,0.5,0.0,0.0,5,0,0,5,0,0.0048291683197021,0.0,1.0,0.0,0.0,0.0,0.0,0.0,1.0,0.0,0.0,0.0,0.0,0.0,1.0,1.0,624,54,68,62.4,7.229568912920511,62.4,0.0005771160125732,10,0.9297030671923672,49.0
20.0,6,64.0,419.6024369991696,0.0,0.0,0.7,0.3,0.3,0.0,0.0,3,0,0,7,0,0.023832082748413,0.0,1.0,0.0,0.0,0.0,0.0,0.0,1.0,0.0,0.0,0.0,0.0,0.0,1.0,1.0,612,54,68,61.2,6.408327915038888,61.2,0.0023864984512329,10,0.9293685264594702,49.0
20.0,6,64.0,1108.1384412153236,0.0,0.0,1.0,0.0,0.0,0.0,0.0,0,0,0,10,0,0.0090241432189941,0.0,1.0,0.0,0.0,0.0,0.0,0.0,1.0,0.0,0.0,0.0,0.0,0.0,1.0,1.0,646,64,66,64.6,0.966091783079296,64.6,0.000905704498291,10,0.0,0.8400000000000001
20.0,6,64.0,256.27842749080423,0.0,0.0,0.8,0.2,0.2,0.0,0.0,2,0,0,8,0,0.0390200614929199,0.0,1.0,0.0,0.0,0.0,0.0,0.0,1.0,0.0,0.0,0.0,0.0,0.0,1.0,1.0,648,54,66,64.8,3.794733192202055,64.8,0.0040035963058471,10,0.9283038525131756,14.22222222222222
20.0,6,64.0,801.9241726096018,0.0,0.0,0.5,0.5,0.5,0.0,0.0,5,0,0,5,0,0.012470006942749,0.0,1.0,0.0,0.0,0.0,0.0,0.0,1.0,0.0,0.0,0.0,0.0,0.0,1.0,1.0,600,54,66,60.0,6.324555320336759,60.0,0.0012506961822509,10,0.9293344008552924,36.0
20.0,6,64.0,1982.9349470499244,0.0,0.0,0.5,0.5,0.5,0.0,0.0,5,0,0,5,0,0.0050430297851562,0.0,1.0,0.0,0.0,0.0,0.0,0.0,1.0,0.0,0.0,0.0,0.0,0.0,1.0,1.0,600,54,66,60.0,6.324555320336759,60.0,0.0005070924758911,10,0.9293344008552924,36.0
20.0,6,64.0,793.8495315605186,0.0,0.0,0.5,0.5,0.5,0.0,0.0,5,0,0,5,0,0.012596845626831,0.0,1.0,0.0,0.0,0.0,0.0,0.0,1.0,0.0,0.0,0.0,0.0,0.0,1.0,1.0,600,54,66,60.0,6.324555320336759,60.0,0.0012625932693481,10,0.9293344008552924,36.0
20.0,6,64.0,417.4475242597661,0.0,0.0,0.5,0.5,0.5,0.0,0.0,5,0,0,5,0,0.0239551067352294,0.0,1.0,0.0,0.0,0.0,0.0,0.0,1.0,0.0,0.0,0.0,0.0,0.0,1.0,1.0,600,54,66,60.0,6.324555320336759,60.0,0.0023989200592041,10,0.9293344008552924,36.0
20.0,6,64.0,938.7010429255628,0.0,0.0,0.5,0.5,0.5,0.0,0.0,5,0,0,5,0,0.010653018951416,0.0,1.0,0.0,0.0,0.0,0.0,0.0,1.0,0.0,0.0,0.0,0.0,0.0,1.0,1.0,600,54,66,60.0,6.324555320336759,60.0,0.0010689973831176,10,0.9293344008552924,36.0
20.0,6,64.0,1148.3692914248163,0.0,0.0,0.5,0.5,0.5,0.0,0.0,5,0,0,5,0,0.0087080001831054,0.0,1.0,0.0,0.0,0.0,0.0,0.0,1.0,0.0,0.0,0.0,0.0,0.0,1.0,1.0,604,54,68,60.4,6.785605679999719,60.4,0.0008724927902221,10,0.9295222143298046,41.44
20.0,6,64.0,2637.097767997485,0.0,0.0,0.5,0.5,0.5,0.0,0.0,5,0,0,5,0,0.0037920475006103,0.0,1.0,0.0,0.0,0.0,0.0,0.0,1.0,0.0,0.0,0.0,0.0,0.0,1.0,1.0,610,54,68,61.0,7.378647873726218,61.0,0.0003834009170532,10,0.9297637959978412,49.0
20.0,6,64.0,326.0218731296298,0.0,0.0,0.7,0.3,0.3,0.0,0.0,3,0,0,7,0,0.0306727886199951,0.0,1.0,0.0,0.0,0.0,0.0,0.0,1.0,0.0,0.0,0.0,0.0,0.0,1.0,1.0,639,54,73,63.9,8.761658899242008,63.9,0.0030711889266967,10,0.9303271793691952,69.09
20.0,6,64.0,1109.7803884214425,0.0,0.0,1.0,0.0,0.0,0.0,0.0,0,0,0,10,0,0.0090107917785644,0.0,1.0,0.0,0.0,0.0,0.0,0.0,1.0,0.0,0.0,0.0,0.0,0.0,1.0,1.0,736,73,75,73.6,0.966091783079296,73.6,0.0009052991867065,10,0.0,0.8400000000000001
20.0,6,64.0,257.7256164627664,0.0,0.0,0.8,0.2,0.2,0.0,0.0,2,0,0,8,0,0.0388009548187255,0.0,1.0,0.0,0.0,0.0,0.0,0.0,1.0,0.0,0.0,0.0,0.0,0.0,1.0,1.0,715,54,75,71.5,6.802777210652851,71.5,0.003881812095642,10,0.9295292093245316,44.76543209876544
20.0,6,64.0,891.5135927901886,0.0,0.0,0.5,0.5,0.5,0.0,0.0,5,0,0,5,0,0.0112168788909912,0.0,1.0,0.0,0.0,0.0,0.0,0.0,1.0,0.0,0.0,0.0,0.0,0.0,1.0,1.0,610,54,68,61.0,7.378647873726218,61.0,0.0011246919631958,10,0.9297637959978412,49.0
20.0,6,64.0,1237.9151171713595,0.0,0.0,0.6,0.4,0.4,0.0,0.0,4,0,0,6,0,0.0080780982971191,0.0,1.0,0.0,0.0,0.0,0.0,0.0,1.0,0.0,0.0,0.0,0.0,0.0,1.0,1.0,614,54,70,61.4,7.834397090892047,61.4,0.000809907913208,10,0.9299494499989458,55.24
20.0,6,64.0,2387.7399521803486,0.0,0.0,0.5,0.5,0.5,0.0,0.0,5,0,0,5,0,0.004188060760498,0.0,1.0,0.0,0.0,0.0,0.0,0.0,1.0,0.0,0.0,0.0,0.0,0.0,1.0,1.0,620,54,70,62.0,8.432740427115679,62.0,0.0005234003067016,10,0.93019319114039,64.0
20.0,6,64.0,310.2410592107696,0.0,0.0,0.7,0.3,0.3,0.0,0.0,3,0,0,7,0,0.0322329998016357,0.0,1.0,0.0,0.0,0.0,0.0,0.0,1.0,0.0,0.0,0.0,0.0,0.0,1.0,1.0,628,54,70,62.8,6.613118276073196,62.8,0.0033252954483032,10,0.9294519498609412,64.0
20.0,6,64.0,1311.1297280400124,0.0,0.0,1.0,0.0,0.0,0.0,0.0,0,0,0,10,0,0.0076270103454589,0.0,1.0,0.0,0.0,0.0,0.0,0.0,1.0,0.0,0.0,0.0,0.0,0.0,1.0,1.0,648,64,66,64.8,1.0327955589886444,64.8,0.0007642030715942,10,0.9101374495989096,0.96
20.0,6,64.0,214.48206386949963,0.0,0.0,1.0,0.0,0.0,0.0,0.0,0,0,0,10,0,0.046623945236206,0.0,1.0,0.0,0.0,0.0,0.0,0.0,1.0,0.0,0.0,0.0,0.0,0.0,1.0,1.0,772,66,94,77.2,14.459137825841022,77.2,0.004664397239685,10,0.9121985443847346,188.16
20.0,6,64.0,26379.270440251574,0.0,0.0,1.0,0.0,0.0,0.0,0.0,0,0,0,10,0,0.0003790855407714,0.0,1.0,0.0,0.0,0.0,0.0,0.0,1.0,0.0,0.0,0.0,0.0,0.0,1.0,1.0,948,94,96,94.8,1.0327955589886444,94.8,8.37087631225586e-05,10,0.8590135495989097,0.96
20.0,6,64.0,232.05001383125864,0.0,0.0,0.8,0.2,0.2,0.0,0.0,2,0,0,8,0,0.0430941581726074,0.0,1.0,0.0,0.0,0.0,0.0,0.0,1.0,0.0,0.0,0.0,0.0,0.0,1.0,1.0,812,54,96,81.2,19.39530298236606,81.2,0.0043107032775878,10,0.9346589006228968,338.56
20.0,6,64.0,2427.118800995313,0.0,0.0,0.6,0.4,0.4,0.0,0.0,4,0,0,6,0,0.0041201114654541,0.0,1.0,0.0,0.0,0.0,0.0,0.0,1.0,0.0,0.0,0.0,0.0,0.0,1.0,1.0,610,54,64,61.0,4.83045891539648,61.0,0.0009521961212158,10,0.928725765743776,25.0
20.0,6,64.0,935.3725385250106,0.0,0.0,0.5,0.5,0.5,0.0,0.0,5,0,0,5,0,0.0106909275054931,0.0,1.0,0.0,0.0,0.0,0.0,0.0,1.0,0.0,0.0,0.0,0.0,0.0,1.0,1.0,598,54,66,59.8,6.142746399887703,59.8,0.0010732889175415,10,0.9292603391734584,33.959999999999994
20.0,6,64.0,2425.29432173008,0.0,0.0,0.5,0.5,0.5,0.0,0.0,5,0,0,5,0,0.0041232109069824,0.0,1.0,0.0,0.0,0.0,0.0,0.0,1.0,0.0,0.0,0.0,0.0,0.0,1.0,1.0,600,54,66,60.0,6.324555320336759,60.0,0.0004160165786743,10,0.9293344008552924,36.0
20.0,6,64.0,243.42747037178907,0.0,0.0,0.8,0.2,0.2,0.0,0.0,2,0,0,8,0,0.0410799980163574,0.0,1.0,0.0,0.0,0.0,0.0,0.0,1.0,0.0,0.0,0.0,0.0,0.0,1.0,1.0,7572,54,1224,757.2,602.6461648430196,757.2,0.0041113853454589,10,1.0,340485.75
20.0,6,64.0,2694.0098914509604,0.0,0.0,0.6,0.4,0.4,0.0,0.0,4,0,0,6,0,0.0037119388580322,0.0,1.0,0.0,0.0,0.0,0.0,0.0,1.0,0.0,0.0,0.0,0.0,0.0,1.0,1.0,7564,54,1226,756.4,604.5301573214616,756.4,0.0003737926483154,10,1.0,342225.0
20.0,6,64.0,8090.864197530864,0.0,0.0,0.8,0.2,0.2,0.0,0.0,2,0,0,8,0,0.0012359619140625,0.0,1.0,0.0,0.0,0.0,0.0,0.0,1.0,0.0,0.0,0.0,0.0,0.0,1.0,1.0,9916,54,1226,991.6,494.1585890289787,991.6,0.000229001045227,10,1.0,257547.0
20.0,6,64.0,628.1813416405818,0.0,0.0,1.0,0.0,0.0,0.0,0.0,0,0,0,10,0,0.0159189701080322,0.0,1.0,0.0,0.0,0.0,0.0,0.0,1.0,0.0,0.0,0.0,0.0,0.0,1.0,1.0,640,64,64,64.0,0.0,64.0,0.0045464038848876,10,0.0,0.0
20.0,6,64.0,2367.389512897217,0.0,0.0,0.7,0.3,0.3,0.0,0.0,3,0,0,7,0,0.0042240619659423,0.0,1.0,0.0,0.0,0.0,0.0,0.0,1.0,0.0,0.0,0.0,0.0,0.0,1.0,1.0,636,54,66,63.6,5.059644256269407,63.6,0.0004299163818359,10,0.928819126684234,24.88888888888889
20.0,6,64.0,227.8311976838297,0.0,0.0,0.6,0.4,0.4,0.0,0.0,4,0,0,6,0,0.0438921451568603,0.0,1.0,0.0,0.0,0.0,0.0,0.0,1.0,0.0,0.0,0.0,0.0,0.0,1.0,1.0,604,54,66,60.4,5.561774297230456,60.4,0.0043926954269409,10,0.9290236743777198,36.0
20.0,6,64.0,702.0930699698695,0.0,0.0,0.5,0.5,0.5,0.0,0.0,5,0,0,5,0,0.0142431259155273,0.0,1.0,0.0,0.0,0.0,0.0,0.0,1.0,0.0,0.0,0.0,0.0,0.0,1.0,1.0,590,54,64,59.0,5.270462766947299,59.0,0.0014297008514404,10,0.9289050057127436,25.0
20.0,6,64.0,1128.562895197094,0.0,0.0,0.5,0.5,0.5,0.0,0.0,5,0,0,5,0,0.0088608264923095,0.0,1.0,0.0,0.0,0.0,0.0,0.0,1.0,0.0,0.0,0.0,0.0,0.0,1.0,1.0,598,54,66,59.8,6.142746399887703,59.8,0.0008900880813598,10,0.9292603391734584,33.959999999999994
20.0,6,64.0,1676.9837271600495,0.0,0.0,0.5,0.5,0.5,0.0,0.0,5,0,0,5,0,0.0059630870819091,0.0,1.0,0.0,0.0,0.0,0.0,0.0,1.0,0.0,0.0,0.0,0.0,0.0,1.0,1.0,600,54,66,60.0,6.324555320336759,60.0,0.0005995035171508,10,0.9293344008552924,36.0
20.0,6,64.0,471.7153268253183,0.0,0.0,0.9,0.1,0.1,0.0,0.0,1,0,0,9,0,0.0211992263793945,0.0,1.0,0.0,0.0,0.0,0.0,0.0,1.0,0.0,0.0,0.0,0.0,0.0,1.0,1.0,636,54,66,63.6,5.059644256269407,63.6,0.0021237134933471,10,0.928819126684234,36.0
20.0,6,64.0,832.2857426331977,0.0,0.0,1.0,0.0,0.0,0.0,0.0,0,0,0,10,0,0.0120151042938232,0.0,1.0,0.0,0.0,0.0,0.0,0.0,1.0,0.0,0.0,0.0,0.0,0.0,1.0,1.0,674,66,68,67.4,0.9660917830792958,67.4,0.0012059926986694,10,0.0,1.0
20.0,6,64.0,256.1610387389533,0.0,0.0,1.0,0.0,0.0,0.0,0.0,0,0,0,10,0,0.0390379428863525,0.0,1.0,0.0,0.0,0.0,0.0,0.0,1.0,0.0,0.0,0.0,0.0,0.0,1.0,1.0,666,66,68,66.6,0.9660917830792958,66.6,0.0039062976837158,10,0.0,1.0
20.0,6,64.0,1789.2261752410204,0.0,0.0,1.0,0.0,0.0,0.0,0.0,0,0,0,10,0,0.0055890083312988,0.0,1.0,0.0,0.0,0.0,0.0,0.0,1.0,0.0,0.0,0.0,0.0,0.0,1.0,1.0,674,66,68,67.4,0.9660917830792958,67.4,0.0005621910095214,10,0.0,1.0
20.0,6,64.0,252.352714670774,0.0,0.0,0.7,0.3,0.3,0.0,0.0,3,0,0,7,0,0.0396270751953125,0.0,1.0,0.0,0.0,0.0,0.0,0.0,1.0,0.0,0.0,0.0,0.0,0.0,1.0,1.0,622,54,68,62.2,5.921711464320654,62.2,0.0042839050292968,10,0.9291702983821056,31.56
20.0,6,64.0,1404.3271838483945,0.0,0.0,0.5,0.5,0.5,0.0,0.0,5,0,0,5,0,0.0071208477020263,0.0,1.0,0.0,0.0,0.0,0.0,0.0,1.0,0.0,0.0,0.0,0.0,0.0,1.0,1.0,590,54,64,59.0,5.270462766947299,59.0,0.0010097980499267,10,0.9289050057127436,25.0
20.0,6,64.0,710.9833370060854,0.0,0.0,0.5,0.5,0.5,0.0,0.0,5,0,0,5,0,0.0140650272369384,0.0,1.0,0.0,0.0,0.0,0.0,0.0,1.0,0.0,0.0,0.0,0.0,0.0,1.0,1.0,598,54,66,59.8,6.142746399887703,59.8,0.0018754005432128,10,0.9292603391734584,33.959999999999994
20.0,6,64.0,2418.8604382929643,0.0,0.0,0.5,0.5,0.5,0.0,0.0,5,0,0,5,0,0.004134178161621,0.0,1.0,0.0,0.0,0.0,0.0,0.0,1.0,0.0,0.0,0.0,0.0,0.0,1.0,1.0,600,54,66,60.0,6.324555320336759,60.0,0.000502610206604,10,0.9293344008552924,36.0
20.0,6,64.0,323.6245794882874,0.0,0.0,0.9,0.1,0.1,0.0,0.0,1,0,0,9,0,0.0309000015258789,0.0,1.0,0.0,0.0,0.0,0.0,0.0,1.0,0.0,0.0,0.0,0.0,0.0,1.0,1.0,632,54,66,63.2,3.2930904093942592,63.2,0.0031939983367919,10,0.9280995033091708,36.0
20.0,6,64.0,85423.7067209776,0.0,0.0,1.0,0.0,0.0,0.0,0.0,0,0,0,10,0,0.0001170635223388,0.0,1.0,0.0,0.0,0.0,0.0,0.0,1.0,0.0,0.0,0.0,0.0,0.0,1.0,1.0,656,64,66,65.6,0.8432740427115678,65.6,1.2803077697753909e-05,10,0.0,1.0
20.0,6,64.0,207.72313513406436,0.0,0.0,0.8,0.2,0.2,0.0,0.0,2,0,0,8,0,0.0481410026550293,0.0,1.0,0.0,0.0,0.0,0.0,0.0,1.0,0.0,0.0,0.0,0.0,0.0,1.0,1.0,636,54,66,63.6,5.059644256269407,63.6,0.00481538772583,10,0.928819126684234,24.88888888888889
20.0,6,64.0,6831.114006514658,0.0,0.0,0.6,0.4,0.4,0.0,0.0,4,0,0,6,0,0.0014638900756835,0.0,1.0,0.0,0.0,0.0,0.0,0.0,1.0,0.0,0.0,0.0,0.0,0.0,1.0,1.0,616,54,68,61.6,6.586180818788517,61.6,0.000209903717041,10,0.9294409766183416,39.04
20.0,6,64.0,2385.431382585452,0.0,0.0,0.6,0.4,0.4,0.0,0.0,4,0,0,6,0,0.0041921138763427,0.0,1.0,0.0,0.0,0.0,0.0,0.0,1.0,0.0,0.0,0.0,0.0,0.0,1.0,1.0,624,54,68,62.4,7.229568912920511,62.4,0.0005815029144287,10,0.9297030671923672,47.04
20.0,6,64.0,280.45039985022333,0.0,0.0,0.5,0.5,0.5,0.0,0.0,5,0,0,5,0,0.0356569290161132,0.0,1.0,0.0,0.0,0.0,0.0,0.0,1.0,0.0,0.0,0.0,0.0,0.0,1.0,1.0,608,54,68,60.8,6.051629716218782,60.8,0.0036231994628906,10,0.9292232218811988,49.0
20.0,6,64.0,1032.8254124599853,0.0,0.0,0.7,0.3,0.3,0.0,0.0,3,0,0,7,0,0.0096821784973144,0.0,1.0,0.0,0.0,0.0,0.0,0.0,1.0,0.0,0.0,0.0,0.0,0.0,1.0,1.0,600,54,64,60.0,5.163977794943222,60.0,0.0009695053100585,10,0.928861627994548,25.0
20.0,6,64.0,3449.5468377333664,0.0,0.0,0.5,0.5,0.5,0.0,0.0,5,0,0,5,0,0.0028989315032958,0.0,1.0,0.0,0.0,0.0,0.0,0.0,1.0,0.0,0.0,0.0,0.0,0.0,1.0,1.0,612,54,66,61.2,6.196773353931867,61.2,0.0003197908401489,10,0.9292823475934576,36.0
20.0,6,64.0,307.6830082380299,0.0,0.0,0.7,0.3,0.3,0.0,0.0,3,0,0,7,0,0.0325009822845459,0.0,1.0,0.0,0.0,0.0,0.0,0.0,1.0,0.0,0.0,0.0,0.0,0.0,1.0,1.0,608,54,66,60.8,5.902918298980975,60.8,0.0032527923583984,10,0.9291626427982728,36.0
20.0,6,64.0,490.7455421912295,0.0,0.0,1.0,0.0,0.0,0.0,0.0,0,0,0,10,0,0.0203771591186523,0.0,1.0,0.0,0.0,0.0,0.0,0.0,1.0,0.0,0.0,0.0,0.0,0.0,1.0,1.0,644,64,66,64.4,0.8432740427115678,64.4,0.002245020866394,10,0.0,0.64
20.0,6,64.0,2266.5787624966224,0.0,0.0,0.8,0.2,0.2,0.0,0.0,2,0,0,8,0,0.0044119358062744,0.0,1.0,0.0,0.0,0.0,0.0,0.0,1.0,0.0,0.0,0.0,0.0,0.0,1.0,1.0,636,54,66,63.6,5.059644256269407,63.6,0.0004435777664184,10,0.928819126684234,23.04
20.0,6,64.0,666.2278416671961,0.0,0.0,0.9,0.1,0.1,0.0,0.0,1,0,0,9,0,0.0150098800659179,0.0,1.0,0.0,0.0,0.0,0.0,0.0,1.0,0.0,0.0,0.0,0.0,0.0,1.0,1.0,756,54,78,75.6,7.58946638440411,75.6,0.0037544012069702,10,0.9298496750263509,80.0
20.0,6,64.0,2860.467844233786,0.0,0.0,1.0,0.0,0.0,0.0,0.0,0,0,0,10,0,0.0034959316253662,0.0,1.0,0.0,0.0,0.0,0.0,0.0,1.0,0.0,0.0,0.0,0.0,0.0,1.0,1.0,798,78,80,79.8,0.6324555320336757,79.8,0.0003519058227539,10,0.0,1.0
20.0,6,64.0,206.02427511137964,0.0,0.0,1.0,0.0,0.0,0.0,0.0,0,0,0,10,0,0.0485379695892334,0.0,1.0,0.0,0.0,0.0,0.0,0.0,1.0,0.0,0.0,0.0,0.0,0.0,1.0,1.0,674,66,80,67.4,4.42718872423573,67.4,0.004858112335205,10,0.9081119295987048,49.0
20.0,6,64.0,1306.5146559511572,0.0,0.0,1.0,0.0,0.0,0.0,0.0,0,0,0,10,0,0.0076539516448974,0.0,1.0,0.0,0.0,0.0,0.0,0.0,1.0,0.0,0.0,0.0,0.0,0.0,1.0,1.0,678,66,68,67.8,0.6324555320336757,67.8,0.000766897201538,10,0.0,1.0
20.0,6,64.0,237.95984364096427,0.0,0.0,0.6,0.4,0.4,0.0,0.0,4,0,0,6,0,0.0420238971710205,0.0,1.0,0.0,0.0,0.0,0.0,0.0,1.0,0.0,0.0,0.0,0.0,0.0,1.0,1.0,614,54,68,61.4,6.397916327472042,61.4,0.0042995929718017,10,0.929364285195159,39.04
20.0,6,64.0,2014.5552353506243,0.0,0.0,0.7,0.3,0.3,0.0,0.0,3,0,0,7,0,0.0049638748168945,0.0,1.0,0.0,0.0,0.0,0.0,0.0,1.0,0.0,0.0,0.0,0.0,0.0,1.0,1.0,628,54,68,62.8,6.124631508189787,62.8,0.0006001949310302,10,0.9292529598911762,36.0
20.0,6,64.0,919.8035087719298,0.0,0.0,0.6,0.4,0.4,0.0,0.0,4,0,0,6,0,0.0108718872070312,0.0,1.0,0.0,0.0,0.0,0.0,0.0,1.0,0.0,0.0,0.0,0.0,0.0,1.0,1.0,624,54,68,62.4,7.229568912920511,62.4,0.0010900974273681,10,0.9297030671923672,48.0
20.0,6,64.0,385.0316705528118,0.0,0.0,0.6,0.4,0.4,0.0,0.0,4,0,0,6,0,0.0259718894958496,0.0,1.0,0.0,0.0,0.0,0.0,0.0,1.0,0.0,0.0,0.0,0.0,0.0,1.0,1.0,616,54,68,61.6,6.586180818788517,61.6,0.0025999069213867,10,0.9294409766183416,49.0
20.0,6,64.0,2316.399182636549,0.0,0.0,0.6,0.4,0.4,0.0,0.0,4,0,0,6,0,0.0043170452117919,0.0,1.0,0.0,0.0,0.0,0.0,0.0,1.0,0.0,0.0,0.0,0.0,0.0,1.0,1.0,612,54,66,61.2,6.196773353931867,61.2,0.0015360116958618,10,0.9292823475934576,34.56
20.0,6,64.0,1743.4134175741956,0.0,0.0,0.5,0.5,0.5,0.0,0.0,5,0,0,5,0,0.0057358741760253,0.0,1.0,0.0,0.0,0.0,0.0,0.0,1.0,0.0,0.0,0.0,0.0,0.0,1.0,1.0,610,54,68,61.0,7.378647873726218,61.0,0.0006781816482543,10,0.9297637959978412,49.0
20.0,6,64.0,310.0484184537142,0.0,0.0,0.9,0.1,0.1,0.0,0.0,1,0,0,9,0,0.0322530269622802,0.0,1.0,0.0,0.0,0.0,0.0,0.0,1.0,0.0,0.0,0.0,0.0,0.0,1.0,1.0,810,54,104,81.0,20.248456731316587,81.0,0.0033299207687377,10,0.9350064413340692,369.0
20.0,6,64.0,1367.4254230104652,0.0,0.0,1.0,0.0,0.0,0.0,0.0,0,0,0,10,0,0.0073130130767822,0.0,1.0,0.0,0.0,0.0,0.0,0.0,1.0,0.0,0.0,0.0,0.0,0.0,1.0,1.0,1048,104,106,104.8,1.0327955589886444,104.8,0.0007325887680053,10,0.8419722495989097,0.96
20.0,6,64.0,205.13655215588076,0.0,0.0,1.0,0.0,0.0,0.0,0.0,0,0,0,10,0,0.0487480163574218,0.0,1.0,0.0,0.0,0.0,0.0,0.0,1.0,0.0,0.0,0.0,0.0,0.0,1.0,1.0,900,66,106,90.0,20.65591117977289,90.0,0.0048757076263427,10,0.9147228619781924,384.0
20.0,6,64.0,131896.35220125786,0.0,0.0,1.0,0.0,0.0,0.0,0.0,0,0,0,10,0,7.581710815429688e-05,0.0,1.0,0.0,0.0,0.0,0.0,0.0,1.0,0.0,0.0,0.0,0.0,0.0,1.0,1.0,668,66,68,66.8,1.0327955589886444,66.8,8.58306884765625e-06,10,0.9067291895989096,0.96
20.0,6,64.0,231.43796764296908,0.0,0.0,0.8,0.2,0.2,0.0,0.0,2,0,0,8,0,0.0432081222534179,0.0,1.0,0.0,0.0,0.0,0.0,0.0,1.0,0.0,0.0,0.0,0.0,0.0,1.0,1.0,648,54,68,64.8,5.750362307426086,64.8,0.0043217182159423,10,0.9291004975895532,29.76
20.0,6,64.0,2999.3592677345537,0.0,0.0,0.5,0.5,0.5,0.0,0.0,5,0,0,5,0,0.0033340454101562,0.0,1.0,0.0,0.0,0.0,0.0,0.0,1.0,0.0,0.0,0.0,0.0,0.0,1.0,1.0,600,54,66,60.0,6.324555320336759,60.0,0.0005318880081176,10,0.9293344008552924,36.0
20.0,6,64.0,767.470677572231,0.0,0.0,0.6,0.4,0.4,0.0,0.0,4,0,0,6,0,0.0130298137664794,0.0,1.0,0.0,0.0,0.0,0.0,0.0,1.0,0.0,0.0,0.0,0.0,0.0,1.0,1.0,618,54,68,61.8,6.762642481555071,61.8,0.0015106916427612,10,0.9295128600412864,41.16
20.0,6,64.0,3658.9932827357584,0.0,0.0,0.5,0.5,0.5,0.0,0.0,5,0,0,5,0,0.0027329921722412,0.0,1.0,0.0,0.0,0.0,0.0,0.0,1.0,0.0,0.0,0.0,0.0,0.0,1.0,1.0,624,54,68,62.4,7.229568912920511,62.4,0.0002761125564575,10,0.9297030671923672,49.0
20.0,6,64.0,303.1771296396689,0.0,0.0,0.5,0.5,0.5,0.0,0.0,5,0,0,5,0,0.0329840183258056,0.0,1.0,0.0,0.0,0.0,0.0,0.0,1.0,0.0,0.0,0.0,0.0,0.0,1.0,1.0,594,54,68,59.4,5.815687596683838,59.4,0.0033014059066772,10,0.9291271084993852,49.0
20.0,6,64.0,764.644413249959,0.0,0.0,0.5,0.5,0.5,0.0,0.0,5,0,0,5,0,0.013077974319458,0.0,1.0,0.0,0.0,0.0,0.0,0.0,1.0,0.0,0.0,0.0,0.0,0.0,1.0,1.0,590,54,64,59.0,5.270462766947299,59.0,0.0013108015060424,10,0.9289050057127436,25.0
20.0,6,64.0,1724.1353228922596,0.0,0.0,0.6,0.4,0.4,0.0,0.0,4,0,0,6,0,0.0058000087738037,0.0,1.0,0.0,0.0,0.0,0.0,0.0,1.0,0.0,0.0,0.0,0.0,0.0,1.0,1.0,598,54,66,59.8,6.142746399887703,59.8,0.0005832910537719,10,0.9292603391734584,33.959999999999994
20.0,6,64.0,2747.120775478124,0.0,0.0,0.5,0.5,0.5,0.0,0.0,5,0,0,5,0,0.0036401748657226,0.0,1.0,0.0,0.0,0.0,0.0,0.0,1.0,0.0,0.0,0.0,0.0,0.0,1.0,1.0,612,54,66,61.2,6.196773353931867,61.2,0.0006184101104736,10,0.9292823475934576,36.0
20.0,6,64.0,367.1613151720999,0.0,0.0,0.5,0.5,0.5,0.0,0.0,5,0,0,5,0,0.027235984802246,0.0,1.0,0.0,0.0,0.0,0.0,0.0,1.0,0.0,0.0,0.0,0.0,0.0,1.0,1.0,590,54,64,59.0,5.270462766947299,59.0,0.0027253866195678,10,0.9289050057127436,25.0
20.0,6,64.0,831.9555687791332,0.0,0.0,0.6,0.4,0.4,0.0,0.0,4,0,0,6,0,0.0120198726654052,0.0,1.0,0.0,0.0,0.0,0.0,0.0,1.0,0.0,0.0,0.0,0.0,0.0,1.0,1.0,590,54,64,59.0,5.270462766947299,59.0,0.0012048959732055,10,0.9289050057127436,25.0
20.0,6,64.0,1449.460552234164,0.0,0.0,0.5,0.5,0.5,0.0,0.0,5,0,0,5,0,0.0068991184234619,0.0,1.0,0.0,0.0,0.0,0.0,0.0,1.0,0.0,0.0,0.0,0.0,0.0,1.0,1.0,600,54,66,60.0,6.324555320336759,60.0,0.0006935119628906,10,0.9293344008552924,36.0
20.0,6,64.0,3253.1637322578144,0.0,0.0,0.5,0.5,0.5,0.0,0.0,5,0,0,5,0,0.0030739307403564,0.0,1.0,0.0,0.0,0.0,0.0,0.0,1.0,0.0,0.0,0.0,0.0,0.0,1.0,1.0,600,54,66,60.0,6.324555320336759,60.0,0.0007465839385986,10,0.9293344008552924,36.0
20.0,6,64.0,482.8142554563035,0.0,0.0,0.5,0.5,0.5,0.0,0.0,5,0,0,5,0,0.0207118988037109,0.0,1.0,0.0,0.0,0.0,0.0,0.0,1.0,0.0,0.0,0.0,0.0,0.0,1.0,1.0,7674,54,1243,767.4,613.9969598187491,767.4,0.0040090084075927,10,1.0,353430.25
20.0,6,64.0,1676.9837271600495,0.0,0.0,0.5,0.5,0.5,0.0,0.0,5,0,0,5,0,0.0059630870819091,0.0,1.0,0.0,0.0,0.0,0.0,0.0,1.0,0.0,0.0,0.0,0.0,0.0,1.0,1.0,6487,54,1245,648.7,626.869125097097,648.7,0.0006000041961669,10,1.0,353668.41
20.0,6,64.0,1818.865568083261,0.0,0.0,0.5,0.5,0.5,0.0,0.0,5,0,0,5,0,0.005497932434082,0.0,1.0,0.0,0.0,0.0,0.0,0.0,1.0,0.0,0.0,0.0,0.0,0.0,1.0,1.0,6495,54,1245,649.5,627.7121155434234,649.5,0.0005534887313842,10,1.0,354620.25
20.0,6,64.0,635.4813490500288,0.0,0.0,0.7,0.3,0.3,0.0,0.0,3,0,0,7,0,0.0157361030578613,0.0,1.0,0.0,0.0,0.0,0.0,0.0,1.0,0.0,0.0,0.0,0.0,0.0,1.0,1.0,5328,54,1245,532.8,612.9815657913375,532.8,0.0015777111053466,10,1.0,354620.25
20.0,6,64.0,727.6850743420254,0.0,0.0,1.0,0.0,0.0,0.0,0.0,0,0,0,10,0,0.0137422084808349,0.0,1.0,0.0,0.0,0.0,0.0,0.0,1.0,0.0,0.0,0.0,0.0,0.0,1.0,1.0,664,66,68,66.4,0.8432740427115678,66.4,0.0016333103179931,10,0.0,0.64
20.0,6,64.0,267.0000636577758,0.0,0.0,0.9,0.1,0.1,0.0,0.0,1,0,0,9,0,0.0374531745910644,0.0,1.0,0.0,0.0,0.0,0.0,0.0,1.0,0.0,0.0,0.0,0.0,0.0,1.0,1.0,664,54,68,66.4,4.402019738458447,66.4,0.0037467956542968,10,0.9285512367606584,17.44
20.0,6,64.0,1857.3660437516603,0.0,0.0,0.6,0.4,0.4,0.0,0.0,4,0,0,6,0,0.0053839683532714,0.0,1.0,0.0,0.0,0.0,0.0,0.0,1.0,0.0,0.0,0.0,0.0,0.0,1.0,1.0,612,54,66,61.2,6.196773353931867,61.2,0.0010304927825927,10,0.9292823475934576,34.56
20.0,6,64.0,657.1569134351743,0.0,0.0,0.7,0.3,0.3,0.0,0.0,3,0,0,7,0,0.0152170658111572,0.0,1.0,0.0,0.0,0.0,0.0,0.0,1.0,0.0,0.0,0.0,0.0,0.0,1.0,1.0,646,54,68,64.6,5.660781257427675,64.6,0.001606798171997,10,0.9290640058530256,35.22222222222222
20.0,6,64.0,377.0160898876405,0.0,0.0,0.7,0.3,0.3,0.0,0.0,3,0,0,7,0,0.0265240669250488,0.0,1.0,0.0,0.0,0.0,0.0,0.0,1.0,0.0,0.0,0.0,0.0,0.0,1.0,1.0,622,54,68,62.2,7.083627444874398,62.2,0.0026556968688964,10,0.929643616475944,49.0
20.0,6,64.0,721.762114537445,0.0,0.0,1.0,0.0,0.0,0.0,0.0,0,0,0,10,0,0.01385498046875,0.0,1.0,0.0,0.0,0.0,0.0,0.0,1.0,0.0,0.0,0.0,0.0,0.0,1.0,1.0,661,66,67,66.1,0.3162277660168379,66.1,0.0013916015625,10,0.0,0.09
20.0,6,64.0,292.2269367166217,0.0,0.0,1.0,0.0,0.0,0.0,0.0,0,0,0,10,0,0.0342199802398681,0.0,1.0,0.0,0.0,0.0,0.0,0.0,1.0,0.0,0.0,0.0,0.0,0.0,1.0,1.0,667,64,67,66.7,0.9486832980505138,66.7,0.0034228086471557,10,0.0,0.8099999999999999
20.0,6,64.0,2238.6336464560204,0.0,0.0,0.8,0.2,0.2,0.0,0.0,2,0,0,8,0,0.0044670104980468,0.0,1.0,0.0,0.0,0.0,0.0,0.0,1.0,0.0,0.0,0.0,0.0,0.0,1.0,1.0,620,54,64,62.0,4.216370213557839,62.0,0.001528787612915,10,0.9284756105701948,22.222222222222225
20.0,6,64.0,2028.3895928039465,0.0,0.0,1.0,0.0,0.0,0.0,0.0,0,0,0,10,0,0.0049300193786621,0.0,1.0,0.0,0.0,0.0,0.0,0.0,1.0,0.0,0.0,0.0,0.0,0.0,1.0,1.0,658,64,66,65.8,0.6324555320336757,65.8,0.0004943132400512,10,0.0,1.0
20.0,6,64.0,185.1748968013951,0.0,0.0,0.7,0.3,0.3,0.0,0.0,3,0,0,7,0,0.0540030002593994,0.0,1.0,0.0,0.0,0.0,0.0,0.0,1.0,0.0,0.0,0.0,0.0,0.0,1.0,1.0,678,54,75,67.8,9.919677414109795,67.8,0.005401587486267,10,0.9307989097914118,88.56
20.0,6,64.0,2930.006287111421,0.0,0.0,0.7,0.3,0.3,0.0,0.0,3,0,0,7,0,0.0034129619598388,0.0,1.0,0.0,0.0,0.0,0.0,0.0,1.0,0.0,0.0,0.0,0.0,0.0,1.0,1.0,693,54,77,69.3,10.594023472379762,69.3,0.0003437042236328,10,0.9310736114017086,104.91358024691355
20.0,6,64.0,4600.026321561746,0.0,0.0,0.6,0.4,0.4,0.0,0.0,4,0,0,6,0,0.002173900604248,0.0,1.0,0.0,0.0,0.0,0.0,0.0,1.0,0.0,0.0,0.0,0.0,0.0,1.0,1.0,678,54,77,67.8,11.877148928369412,67.8,0.0003185033798217,10,0.9315963053874604,132.25
20.0,6,64.0,298.9802333787165,0.0,0.0,0.7,0.3,0.3,0.0,0.0,3,0,0,7,0,0.0334470272064209,0.0,1.0,0.0,0.0,0.0,0.0,0.0,1.0,0.0,0.0,0.0,0.0,0.0,1.0,1.0,4061,54,637,406.1,298.1645518836872,406.1,0.0033806085586547,10,1.0,81719.1875
20.0,6,64.0,1150.479743259182,0.0,0.0,0.8,0.2,0.2,0.0,0.0,2,0,0,8,0,0.0086920261383056,0.0,1.0,0.0,0.0,0.0,0.0,0.0,1.0,0.0,0.0,0.0,0.0,0.0,1.0,1.0,5212,54,639,521.2,246.23782541816493,521.2,0.0009447813034057,10,1.0,75530.88888888889
20.0,6,64.0,2090.775135835701,0.0,0.0,0.5,0.5,0.5,0.0,0.0,5,0,0,5,0,0.0047829151153564,0.0,1.0,0.0,0.0,0.0,0.0,0.0,1.0,0.0,0.0,0.0,0.0,0.0,1.0,1.0,4050,54,639,405.0,302.09270100417854,405.0,0.0009624004364013,10,1.0,85556.25
20.0,6,64.0,326.78644331904945,0.0,0.0,0.9,0.1,0.1,0.0,0.0,1,0,0,9,0,0.0306010246276855,0.0,1.0,0.0,0.0,0.0,0.0,0.0,1.0,0.0,0.0,0.0,0.0,0.0,1.0,1.0,9900,54,1224,990.0,493.3153149862672,990.0,0.0030636072158813,10,1.0,342225.0
20.0,6,64.0,1117.825275838175,0.0,0.0,1.0,0.0,0.0,0.0,0.0,0,0,0,10,0,0.0089459419250488,0.0,1.0,0.0,0.0,0.0,0.0,0.0,1.0,0.0,0.0,0.0,0.0,0.0,1.0,1.0,12248,1224,1225,1224.8,0.4216370213557839,1224.8,0.0008969068527221,10,0.0,0.25
20.0,6,64.0,214.02786140735827,0.0,0.0,1.0,0.0,0.0,0.0,0.0,0,0,0,10,0,0.0467228889465332,0.0,1.0,0.0,0.0,0.0,0.0,0.0,1.0,0.0,0.0,0.0,0.0,0.0,1.0,1.0,3090,80,1225,309.0,482.7743894523726,309.0,0.0046742916107177,10,1.0,327756.25
20.0,6,64.0,2485.0716909586445,0.0,0.0,1.0,0.0,0.0,0.0,0.0,0,0,0,10,0,0.0040240287780761,0.0,1.0,0.0,0.0,0.0,0.0,0.0,1.0,0.0,0.0,0.0,0.0,0.0,1.0,1.0,816,80,82,81.6,0.8432740427115678,81.6,0.0004033088684082,10,0.0,1.0
20.0,6,64.0,196.06697768345472,0.0,0.0,1.0,0.0,0.0,0.0,0.0,0,0,0,10,0,0.0510029792785644,0.0,1.0,0.0,0.0,0.0,0.0,0.0,1.0,0.0,0.0,0.0,0.0,0.0,1.0,1.0,676,64,82,67.6,7.589466384404111,67.6,0.0051023960113525,10,0.9128083750263508,81.0
20.0,6,64.0,67108.864,0.0,0.0,1.0,0.0,0.0,0.0,0.0,0,0,0,10,0,0.0001490116119384,0.0,1.0,0.0,0.0,0.0,0.0,0.0,1.0,0.0,0.0,0.0,0.0,0.0,1.0,1.0,656,64,66,65.6,0.8432740427115678,65.6,0.0005044937133789,10,0.0,1.0
20.0,6,64.0,208.7424601357673,0.0,0.0,0.8,0.2,0.2,0.0,0.0,2,0,0,8,0,0.0479059219360351,0.0,1.0,0.0,0.0,0.0,0.0,0.0,1.0,0.0,0.0,0.0,0.0,0.0,1.0,1.0,648,54,66,64.8,3.794733192202056,64.8,0.0047920942306518,10,0.9283038525131756,27.0
20.0,6,64.0,1660.5843693087338,0.0,0.0,0.6,0.4,0.4,0.0,0.0,4,0,0,6,0,0.0060219764709472,0.0,1.0,0.0,0.0,0.0,0.0,0.0,1.0,0.0,0.0,0.0,0.0,0.0,1.0,1.0,618,54,68,61.8,6.762642481555071,61.8,0.0006049156188964,10,0.9295128600412864,41.16
20.0,6,64.0,2187.6096594168885,0.0,0.0,0.7,0.3,0.3,0.0,0.0,3,0,0,7,0,0.0045711994171142,0.0,1.0,0.0,0.0,0.0,0.0,0.0,1.0,0.0,0.0,0.0,0.0,0.0,1.0,1.0,624,54,68,62.4,7.229568912920511,62.4,0.0004600048065185,10,0.9297030671923672,49.0
20.0,6,64.0,136.26940008772073,0.0,0.0,0.6,0.4,0.4,0.0,0.0,4,0,0,6,0,0.0733840465545654,0.0,1.0,0.0,0.0,0.0,0.0,0.0,1.0,0.0,0.0,0.0,0.0,0.0,1.0,1.0,614,54,68,61.4,6.397916327472042,61.4,0.0074409008026123,10,0.929364285195159,49.0
20.0,6,64.0,2520.7668730091955,0.0,0.0,0.8,0.2,0.2,0.0,0.0,2,0,0,8,0,0.0039670467376708,0.0,1.0,0.0,0.0,0.0,0.0,0.0,1.0,0.0,0.0,0.0,0.0,0.0,1.0,1.0,642,54,68,64.2,5.4528280124476085,64.2,0.0003984928131103,10,0.9289792940191508,29.387755102040817
20.0,6,64.0,2767.0563398865283,0.0,0.0,0.6,0.4,0.4,0.0,0.0,4,0,0,6,0,0.0036139488220214,0.0,1.0,0.0,0.0,0.0,0.0,0.0,1.0,0.0,0.0,0.0,0.0,0.0,1.0,1.0,638,54,68,63.8,6.762642481555072,63.8,0.0003712892532348,10,0.9295128600412864,43.55555555555557
20.0,6,64.0,324.79239263423625,0.0,0.0,1.0,0.0,0.0,0.0,0.0,0,0,0,10,0,0.0307888984680175,0.0,1.0,0.0,0.0,0.0,0.0,0.0,1.0,0.0,0.0,0.0,0.0,0.0,1.0,1.0,648,54,66,64.8,3.794733192202056,64.8,0.0030802011489868,10,0.9283038525131756,36.0
20.0,6,64.0,79437.57575757576,0.0,0.0,1.0,0.0,0.0,0.0,0.0,0,0,0,10,0,0.0001258850097656,0.0,1.0,0.0,0.0,0.0,0.0,0.0,1.0,0.0,0.0,0.0,0.0,0.0,1.0,1.0,660,66,66,66.0,0.0,66.0,1.3494491577148438e-05,10,0.0,0.0
20.0,6,64.0,327.9977478181989,0.0,0.0,0.5,0.5,0.5,0.0,0.0,5,0,0,5,0,0.0304880142211914,0.0,1.0,0.0,0.0,0.0,0.0,0.0,1.0,0.0,0.0,0.0,0.0,0.0,1.0,1.0,702,54,84,70.2,14.979986648859205,70.2,0.0030497074127197,10,0.9328602773612792,201.96
20.0,6,64.0,1289.6820613738394,0.0,0.0,0.5,0.5,0.5,0.0,0.0,5,0,0,5,0,0.007753849029541,0.0,1.0,0.0,0.0,0.0,0.0,0.0,1.0,0.0,0.0,0.0,0.0,0.0,1.0,1.0,690,54,84,69.0,15.811388300841896,69.0,0.0007781982421875,10,0.933198957138231,225.0
20.0,6,64.0,2098.201100550275,0.0,0.0,0.5,0.5,0.5,0.0,0.0,5,0,0,5,0,0.0047659873962402,0.0,1.0,0.0,0.0,0.0,0.0,0.0,1.0,0.0,0.0,0.0,0.0,0.0,1.0,1.0,700,54,86,70.0,16.865480854231357,70.0,0.0004794120788574,10,0.9336283522807796,256.0
20.0,6,64.0,2106.631843294827,0.0,0.0,0.5,0.5,0.5,0.0,0.0,5,0,0,5,0,0.0047469139099121,0.0,1.0,0.0,0.0,0.0,0.0,0.0,1.0,0.0,0.0,0.0,0.0,0.0,1.0,1.0,700,54,86,70.0,16.865480854231357,70.0,0.0004777908325195,10,0.9336283522807796,256.0
20.0,6,64.0,329.78236256132845,0.0,0.0,1.0,0.0,0.0,0.0,0.0,0,0,0,10,0,0.0303230285644531,0.0,1.0,0.0,0.0,0.0,0.0,0.0,1.0,0.0,0.0,0.0,0.0,0.0,1.0,1.0,648,54,66,64.8,3.794733192202056,64.8,0.0030349969863891,10,0.9283038525131756,36.0
20.0,6,64.0,128266.17737003058,0.0,0.0,1.0,0.0,0.0,0.0,0.0,0,0,0,10,0,7.796287536621094e-05,0.0,1.0,0.0,0.0,0.0,0.0,0.0,1.0,0.0,0.0,0.0,0.0,0.0,1.0,1.0,678,66,68,67.8,0.6324555320336757,67.8,8.606910705566407e-06,10,0.0,1.0
20.0,6,64.0,180.6192457087737,0.0,0.0,1.0,0.0,0.0,0.0,0.0,0,0,0,10,0,0.0553650856018066,0.0,1.0,0.0,0.0,0.0,0.0,0.0,1.0,0.0,0.0,0.0,0.0,0.0,1.0,1.0,662,66,68,66.2,0.6324555320336757,66.2,0.0055376052856445,10,0.0,1.0
20.0,6,64.0,2081.953737714683,0.0,0.0,1.0,0.0,0.0,0.0,0.0,0,0,0,10,0,0.00480318069458,0.0,1.0,0.0,0.0,0.0,0.0,0.0,1.0,0.0,0.0,0.0,0.0,0.0,1.0,1.0,678,66,68,67.8,0.6324555320336757,67.8,0.0004817008972167,10,0.0,1.0
20.0,6,64.0,201.67444007424004,0.0,0.0,1.0,0.0,0.0,0.0,0.0,0,0,0,10,0,0.0495848655700683,0.0,1.0,0.0,0.0,0.0,0.0,0.0,1.0,0.0,0.0,0.0,0.0,0.0,1.0,1.0,644,64,68,64.4,1.264911064067351,64.4,0.0049609899520874,10,0.9102320041710584,4.0
20.0,6,64.0,2511.258531912346,0.0,0.0,1.0,0.0,0.0,0.0,0.0,0,0,0,10,0,0.0039820671081542,0.0,1.0,0.0,0.0,0.0,0.0,0.0,1.0,0.0,0.0,0.0,0.0,0.0,1.0,1.0,658,64,66,65.8,0.6324555320336757,65.8,0.0003993034362792,10,0.0,1.0
20.0,6,64.0,209.209957951547,0.0,0.0,1.0,0.0,0.0,0.0,0.0,0,0,0,10,0,0.0477988719940185,0.0,1.0,0.0,0.0,0.0,0.0,0.0,1.0,0.0,0.0,0.0,0.0,0.0,1.0,1.0,660,66,66,66.0,0.0,66.0,0.0047822952270507,10,0.0,0.0
20.0,6,64.0,74631.743772242,0.0,0.0,1.0,0.0,0.0,0.0,0.0,0,0,0,10,0,0.000133991241455,0.0,1.0,0.0,0.0,0.0,0.0,0.0,1.0,0.0,0.0,0.0,0.0,0.0,1.0,1.0,669,66,67,66.9,0.316227766016838,66.9,1.5211105346679689e-05,10,0.0,0.25
20.0,6,64.0,182.043654324417,0.0,0.0,1.0,0.0,0.0,0.0,0.0,0,0,0,10,0,0.0549318790435791,0.0,1.0,0.0,0.0,0.0,0.0,0.0,1.0,0.0,0.0,0.0,0.0,0.0,1.0,1.0,643,64,67,64.3,0.9486832980505135,64.3,0.0054946899414062,10,0.0,2.25
20.0,6,64.0,126716.1329305136,0.0,0.0,1.0,0.0,0.0,0.0,0.0,0,0,0,10,0,7.891654968261719e-05,0.0,1.0,0.0,0.0,0.0,0.0,0.0,1.0,0.0,0.0,0.0,0.0,0.0,1.0,1.0,658,64,66,65.8,0.6324555320336757,65.8,8.797645568847656e-06,10,0.0,1.0
20.0,6,64.0,184.6482736153484,0.0,0.0,0.9,0.1,0.1,0.0,0.0,1,0,0,9,0,0.054157018661499,0.0,1.0,0.0,0.0,0.0,0.0,0.0,1.0,0.0,0.0,0.0,0.0,0.0,1.0,1.0,5272,54,644,527.2,246.25226451299443,527.2,0.0054165124893188,10,1.0,83521.0
20.0,6,64.0,3629.860666378191,0.0,0.0,0.6,0.4,0.4,0.0,0.0,4,0,0,6,0,0.0027549266815185,0.0,1.0,0.0,0.0,0.0,0.0,0.0,1.0,0.0,0.0,0.0,0.0,0.0,1.0,1.0,4680,54,646,468.0,285.68825278225523,468.0,0.0002770900726318,10,1.0,77706.17283950617
20.0,6,64.0,331.8724828497504,0.0,0.0,0.8,0.2,0.2,0.0,0.0,2,0,0,8,0,0.0301320552825927,0.0,1.0,0.0,0.0,0.0,0.0,0.0,1.0,0.0,0.0,0.0,0.0,0.0,1.0,1.0,3520,54,646,352.0,309.92472204284275,352.0,0.003016710281372,10,1.0,87616.0
20.0,6,64.0,5025.526000479272,0.0,0.0,1.0,0.0,0.0,0.0,0.0,0,0,0,10,0,0.0019898414611816,0.0,1.0,0.0,0.0,0.0,0.0,0.0,1.0,0.0,0.0,0.0,0.0,0.0,1.0,1.0,644,64,66,64.4,0.8432740427115678,64.4,0.0014598846435546,10,0.0,0.64
20.0,6,64.0,208.52970860657163,0.0,0.0,1.0,0.0,0.0,0.0,0.0,0,0,0,10,0,0.0479547977447509,0.0,1.0,0.0,0.0,0.0,0.0,0.0,1.0,0.0,0.0,0.0,0.0,0.0,1.0,1.0,1012,66,242,101.2,74.20811575861796,101.2,0.0047976970672607,10,0.9365378880354308,4956.160000000001
20.0,6,64.0,66260.72669826224,0.0,0.0,1.0,0.0,0.0,0.0,0.0,0,0,0,10,0,0.0001509189605712,0.0,1.0,0.0,0.0,0.0,0.0,0.0,1.0,0.0,0.0,0.0,0.0,0.0,1.0,1.0,2424,242,244,242.4,0.8432740427115678,242.4,0.0002464056015014,10,0.0,0.64
20.0,6,64.0,192.38867585270532,0.0,0.0,1.0,0.0,0.0,0.0,0.0,0,0,0,10,0,0.0519781112670898,0.0,1.0,0.0,0.0,0.0,0.0,0.0,1.0,0.0,0.0,0.0,0.0,0.0,1.0,1.0,2080,64,244,208.0,75.8946638440411,208.0,0.0051993131637573,10,0.9406331802635086,5184.0
20.0,6,64.0,114912.43835616438,0.0,0.0,1.0,0.0,0.0,0.0,0.0,0,0,0,10,0,8.702278137207031e-05,0.0,1.0,0.0,0.0,0.0,0.0,0.0,1.0,0.0,0.0,0.0,0.0,0.0,1.0,1.0,644,64,66,64.4,0.8432740427115678,64.4,0.0004011869430541,10,0.0,0.64
20.0,6,64.0,166.4280867712355,0.0,0.0,0.9,0.1,0.1,0.0,0.0,1,0,0,9,0,0.0600860118865966,0.0,1.0,0.0,0.0,0.0,0.0,0.0,1.0,0.0,0.0,0.0,0.0,0.0,1.0,1.0,646,54,66,64.6,3.777124126457412,64.6,0.0060095071792602,10,0.9282966792841536,12.84
20.0,6,64.0,2351.3308666890907,0.0,0.0,0.5,0.5,0.5,0.0,0.0,5,0,0,5,0,0.0042529106140136,0.0,1.0,0.0,0.0,0.0,0.0,0.0,1.0,0.0,0.0,0.0,0.0,0.0,1.0,1.0,600,54,64,60.0,5.163977794943222,60.0,0.0012271881103515,10,0.928861627994548,25.0
20.0,6,64.0,3509.877824267782,0.0,0.0,0.7,0.3,0.3,0.0,0.0,3,0,0,7,0,0.0028491020202636,0.0,1.0,0.0,0.0,0.0,0.0,0.0,1.0,0.0,0.0,0.0,0.0,0.0,1.0,1.0,606,54,66,60.6,5.738757124441958,60.6,0.0002859115600585,10,0.9290957701022128,29.64
20.0,6,64.0,2431.3396324850733,0.0,0.0,0.6,0.4,0.4,0.0,0.0,4,0,0,6,0,0.004112958908081,0.0,1.0,0.0,0.0,0.0,0.0,0.0,1.0,0.0,0.0,0.0,0.0,0.0,1.0,1.0,612,54,66,61.2,6.196773353931867,61.2,0.0004132032394409,10,0.9292823475934576,36.0
20.0,6,64.0,406.01171288901793,0.0,0.0,0.6,0.4,0.4,0.0,0.0,4,0,0,6,0,0.0246298313140869,0.0,1.0,0.0,0.0,0.0,0.0,0.0,1.0,0.0,0.0,0.0,0.0,0.0,1.0,1.0,602,54,66,60.2,5.370702416299421,60.2,0.0024674892425537,10,0.9289458393363036,27.84
20.0,6,64.0,4725.976338028169,0.0,0.0,0.8,0.2,0.2,0.0,0.0,2,0,0,8,0,0.0021159648895263,0.0,1.0,0.0,0.0,0.0,0.0,0.0,1.0,0.0,0.0,0.0,0.0,0.0,1.0,1.0,626,54,66,62.6,4.623610902506587,62.6,0.0002959012985229,10,0.9286415041372452,19.950617283950617
20.0,6,64.0,5470.593452458589,0.0,0.0,0.5,0.5,0.5,0.0,0.0,5,0,0,5,0,0.0018279552459716,0.0,1.0,0.0,0.0,0.0,0.0,0.0,1.0,0.0,0.0,0.0,0.0,0.0,1.0,1.0,600,54,66,60.0,6.324555320336759,60.0,0.0002856016159057,10,0.9293344008552924,36.0
20.0,6,64.0,301.64215492380384,0.0,0.0,0.8,0.2,0.2,0.0,0.0,2,0,0,8,0,0.0331518650054931,0.0,1.0,0.0,0.0,0.0,0.0,0.0,1.0,0.0,0.0,0.0,0.0,0.0,1.0,1.0,636,54,66,63.6,5.059644256269407,63.6,0.0034071922302246,10,0.928819126684234,36.0
20.0,6,64.0,1069.4026159455393,0.0,0.0,1.0,0.0,0.0,0.0,0.0,0,0,0,10,0,0.0093510150909423,0.0,1.0,0.0,0.0,0.0,0.0,0.0,1.0,0.0,0.0,0.0,0.0,0.0,1.0,1.0,672,66,68,67.2,1.0327955589886444,67.2,0.0009361028671264,10,0.9067291895989096,1.0
20.0,6,64.0,238.78215127466493,0.0,0.0,0.7,0.3,0.3,0.0,0.0,3,0,0,7,0,0.0418791770935058,0.0,1.0,0.0,0.0,0.0,0.0,0.0,1.0,0.0,0.0,0.0,0.0,0.0,1.0,1.0,644,54,68,64.4,5.561774297230456,64.4,0.0041900157928466,10,0.9290236743777198,30.61728395061728
20.0,6,64.0,1180.3303785000703,0.0,0.0,0.5,0.5,0.5,0.0,0.0,5,0,0,5,0,0.008472204208374,0.0,1.0,0.0,0.0,0.0,0.0,0.0,1.0,0.0,0.0,0.0,0.0,0.0,1.0,1.0,600,54,66,60.0,6.324555320336759,60.0,0.00084810256958,10,0.9293344008552924,36.0
20.0,6,64.0,981.9506484993212,0.0,0.0,0.5,0.5,0.5,0.0,0.0,5,0,0,5,0,0.0101838111877441,0.0,1.0,0.0,0.0,0.0,0.0,0.0,1.0,0.0,0.0,0.0,0.0,0.0,1.0,1.0,608,54,68,60.8,7.192588778272627,60.8,0.0010219812393188,10,0.9296880029647172,46.56
20.0,6,64.0,1698.0987854251011,0.0,0.0,0.5,0.5,0.5,0.0,0.0,5,0,0,5,0,0.0058889389038085,0.0,1.0,0.0,0.0,0.0,0.0,0.0,1.0,0.0,0.0,0.0,0.0,0.0,1.0,1.0,610,54,68,61.0,7.378647873726218,61.0,0.000590705871582,10,0.9297637959978412,49.0
20.0,6,64.0,262.2193880740713,0.0,0.0,0.6,0.4,0.4,0.0,0.0,4,0,0,6,0,0.0381360054016113,0.0,1.0,0.0,0.0,0.0,0.0,0.0,1.0,0.0,0.0,0.0,0.0,0.0,1.0,1.0,714,54,94,71.4,19.91202874869582,71.4,0.0038172960281372,10,0.9348693940310688,356.84000000000003
20.0,6,64.0,2744.2449620518187,0.0,0.0,0.6,0.4,0.4,0.0,0.0,4,0,0,6,0,0.0036439895629882,0.0,1.0,0.0,0.0,0.0,0.0,0.0,1.0,0.0,0.0,0.0,0.0,0.0,1.0,1.0,780,54,94,78.0,20.65591117977289,78.0,0.0004801988601684,10,0.9351724219781924,391.8367346938776
20.0,6,64.0,3067.581364733416,0.0,0.0,0.5,0.5,0.5,0.0,0.0,5,0,0,5,0,0.0032598972320556,0.0,1.0,0.0,0.0,0.0,0.0,0.0,1.0,0.0,0.0,0.0,0.0,0.0,1.0,1.0,792,54,96,79.2,21.68870673876153,79.2,0.000327706336975,10,0.935593141577102,435.55555555555554
20.0,6,64.0,375.5880114262176,0.0,0.0,0.6,0.4,0.4,0.0,0.0,4,0,0,6,0,0.0266249179840087,0.0,1.0,0.0,0.0,0.0,0.0,0.0,1.0,0.0,0.0,0.0,0.0,0.0,1.0,1.0,1154,54,500,115.4,136.73673000819252,115.4,0.0026660919189453,10,0.9824591043361374,16827.239999999998
20.0,6,64.0,866.5380245026134,0.0,0.0,1.0,0.0,0.0,0.0,0.0,0,0,0,10,0,0.0115401744842529,0.0,1.0,0.0,0.0,0.0,0.0,0.0,1.0,0.0,0.0,0.0,0.0,0.0,1.0,1.0,5002,500,502,500.2,0.6324555320336759,500.2,0.0012868165969848,10,0.0,0.36
20.0,6,64.0,268.6727477708312,0.0,0.0,0.9,0.1,0.1,0.0,0.0,1,0,0,9,0,0.0372200012207031,0.0,1.0,0.0,0.0,0.0,0.0,0.0,1.0,0.0,0.0,0.0,0.0,0.0,1.0,1.0,4584,66,502,458.4,137.87530598334132,458.4,0.0037256956100463,10,0.962473354645374,17108.64
20.0,6,64.0,528.6560203682931,0.0,0.0,0.6,0.4,0.4,0.0,0.0,4,0,0,6,0,0.0189158916473388,0.0,1.0,0.0,0.0,0.0,0.0,0.0,1.0,0.0,0.0,0.0,0.0,0.0,1.0,1.0,600,54,66,60.0,6.324555320336759,60.0,0.0018967866897583,10,0.9293344008552924,36.0
20.0,6,64.0,2554.8541146372663,0.0,0.0,0.5,0.5,0.5,0.0,0.0,5,0,0,5,0,0.0039141178131103,0.0,1.0,0.0,0.0,0.0,0.0,0.0,1.0,0.0,0.0,0.0,0.0,0.0,1.0,1.0,602,54,68,60.2,6.562519841239848,60.2,0.0003934144973754,10,0.9294313380825274,38.76
20.0,6,64.0,3053.289655674456,0.0,0.0,0.5,0.5,0.5,0.0,0.0,5,0,0,5,0,0.0032751560211181,0.0,1.0,0.0,0.0,0.0,0.0,0.0,1.0,0.0,0.0,0.0,0.0,0.0,1.0,1.0,610,54,68,61.0,7.378647873726218,61.0,0.0004363059997558,10,0.9297637959978412,49.0
20.0,6,64.0,415.1132224861441,0.0,0.0,0.5,0.5,0.5,0.0,0.0,5,0,0,5,0,0.0240898132324218,0.0,1.0,0.0,0.0,0.0,0.0,0.0,1.0,0.0,0.0,0.0,0.0,0.0,1.0,1.0,606,54,68,60.6,7.058485830702094,60.6,0.0025741815567016,10,0.9296333747879948,49.0
20.0,6,64.0,1339.220281618187,0.0,0.0,0.7,0.3,0.3,0.0,0.0,3,0,0,7,0,0.0074670314788818,0.0,1.0,0.0,0.0,0.0,0.0,0.0,1.0,0.0,0.0,0.0,0.0,0.0,1.0,1.0,610,54,64,61.0,4.83045891539648,61.0,0.0012473106384277,10,0.928725765743776,22.22222222222222
20.0,6,64.0,1936.8755483722005,0.0,0.0,0.6,0.4,0.4,0.0,0.0,4,0,0,6,0,0.0051629543304443,0.0,1.0,0.0,0.0,0.0,0.0,0.0,1.0,0.0,0.0,0.0,0.0,0.0,1.0,1.0,608,54,66,60.8,5.902918298980975,60.8,0.0011683940887451,10,0.9291626427982728,31.360000000000003
20.0,6,64.0,369.90395893781584,0.0,0.0,0.7,0.3,0.3,0.0,0.0,3,0,0,7,0,0.027034044265747,0.0,1.0,0.0,0.0,0.0,0.0,0.0,1.0,0.0,0.0,0.0,0.0,0.0,1.0,1.0,622,54,66,62.2,5.692099788303083,62.2,0.0028087139129638,10,0.9290767637697632,36.0
20.0,6,64.0,1011.943640223895,0.0,0.0,0.8,0.2,0.2,0.0,0.0,2,0,0,8,0,0.0098819732666015,0.0,1.0,0.0,0.0,0.0,0.0,0.0,1.0,0.0,0.0,0.0,0.0,0.0,1.0,1.0,620,54,64,62.0,4.216370213557839,62.0,0.0011931896209716,10,0.9284756105701948,25.0
20.0,6,64.0,1680.6795960891168,0.0,0.0,0.8,0.2,0.2,0.0,0.0,2,0,0,8,0,0.0059499740600585,0.0,1.0,0.0,0.0,0.0,0.0,0.0,1.0,0.0,0.0,0.0,0.0,0.0,1.0,1.0,634,54,66,63.4,4.993328882953068,63.4,0.0005965948104858,10,0.9287921124537598,22.44
20.0,6,64.0,161.71309380144737,0.0,0.0,0.9,0.1,0.1,0.0,0.0,1,0,0,9,0,0.0618379116058349,0.0,1.0,0.0,0.0,0.0,0.0,0.0,1.0,0.0,0.0,0.0,0.0,0.0,1.0,1.0,636,54,66,63.6,3.502380143083652,63.6,0.006186294555664,10,0.9281847595750866,32.0
20.0,6,64.0,1337.469387755102,0.0,0.0,1.0,0.0,0.0,0.0,0.0,0,0,0,10,0,0.007476806640625,0.0,1.0,0.0,0.0,0.0,0.0,0.0,1.0,0.0,0.0,0.0,0.0,0.0,1.0,1.0,652,64,66,65.2,1.0327955589886444,65.2,0.0007498025894165,10,0.9101374495989096,1.0
20.0,6,64.0,491.0155582350944,0.0,0.0,0.7,0.3,0.3,0.0,0.0,3,0,0,7,0,0.0203659534454345,0.0,1.0,0.0,0.0,0.0,0.0,0.0,1.0,0.0,0.0,0.0,0.0,0.0,1.0,1.0,618,54,66,61.8,5.452828012447608,61.8,0.0020383119583129,10,0.9289792940191508,26.76
20.0,6,64.0,1385.5848832215652,0.0,0.0,0.5,0.5,0.5,0.0,0.0,5,0,0,5,0,0.0072171688079833,0.0,1.0,0.0,0.0,0.0,0.0,0.0,1.0,0.0,0.0,0.0,0.0,0.0,1.0,1.0,600,54,64,60.0,5.163977794943222,60.0,0.0008501052856445,10,0.928861627994548,25.0
20.0,6,64.0,573.3604910256586,0.0,0.0,0.6,0.4,0.4,0.0,0.0,4,0,0,6,0,0.0174410343170166,0.0,1.0,0.0,0.0,0.0,0.0,0.0,1.0,0.0,0.0,0.0,0.0,0.0,1.0,1.0,610,54,66,61.0,6.055300708194984,61.0,0.0017470836639404,10,0.9292247172964904,33.58024691358025
20.0,6,64.0,1252.180558872701,0.0,0.0,0.6,0.4,0.4,0.0,0.0,4,0,0,6,0,0.0079860687255859,0.0,1.0,0.0,0.0,0.0,0.0,0.0,1.0,0.0,0.0,0.0,0.0,0.0,1.0,1.0,600,54,66,60.0,6.324555320336759,60.0,0.0008063077926635,10,0.9293344008552924,36.0
20.0,6,64.0,1290.316864578847,0.0,0.0,0.5,0.5,0.5,0.0,0.0,5,0,0,5,0,0.0077500343322753,0.0,1.0,0.0,0.0,0.0,0.0,0.0,1.0,0.0,0.0,0.0,0.0,0.0,1.0,1.0,590,54,64,59.0,5.270462766947299,59.0,0.0022893905639648,10,0.9289050057127436,25.0
20.0,6,64.0,1464.5427563811586,0.0,0.0,0.5,0.5,0.5,0.0,0.0,5,0,0,5,0,0.0068280696868896,0.0,1.0,0.0,0.0,0.0,0.0,0.0,1.0,0.0,0.0,0.0,0.0,0.0,1.0,1.0,590,54,64,59.0,5.270462766947299,59.0,0.0007198095321655,10,0.9289050057127436,25.0
20.0,6,64.0,1911.7155879671832,0.0,0.0,0.5,0.5,0.5,0.0,0.0,5,0,0,5,0,0.0052309036254882,0.0,1.0,0.0,0.0,0.0,0.0,0.0,1.0,0.0,0.0,0.0,0.0,0.0,1.0,1.0,600,54,66,60.0,6.324555320336759,60.0,0.0006373882293701,10,0.9293344008552924,36.0
20.0,6,64.0,504.7965434654407,0.0,0.0,0.6,0.4,0.4,0.0,0.0,4,0,0,6,0,0.0198099613189697,0.0,1.0,0.0,0.0,0.0,0.0,0.0,1.0,0.0,0.0,0.0,0.0,0.0,1.0,1.0,612,54,66,61.2,6.196773353931867,61.2,0.0029534101486206,10,0.9292823475934576,36.0
20.0,6,64.0,866.3948276218215,0.0,0.0,1.0,0.0,0.0,0.0,0.0,0,0,0,10,0,0.0115420818328857,0.0,1.0,0.0,0.0,0.0,0.0,0.0,1.0,0.0,0.0,0.0,0.0,0.0,1.0,1.0,662,66,68,66.2,0.6324555320336759,66.2,0.0013700008392333,10,0.0,0.36
20.0,6,64.0,267.42906693530904,0.0,0.0,1.0,0.0,0.0,0.0,0.0,0,0,0,10,0,0.0373930931091308,0.0,1.0,0.0,0.0,0.0,0.0,0.0,1.0,0.0,0.0,0.0,0.0,0.0,1.0,1.0,2018,68,1406,201.8,423.1127509305292,201.8,0.0037410974502563,10,1.0,161121.96000000002
20.0,6,64.0,548.6336167429693,0.0,0.0,1.0,0.0,0.0,0.0,0.0,0,0,0,10,0,0.0182271003723144,0.0,1.0,0.0,0.0,0.0,0.0,0.0,1.0,0.0,0.0,0.0,0.0,0.0,1.0,1.0,14060,1406,1406,1406.0,0.0,1406.0,0.0021028041839599,10,0.0,0.0
20.0,6,64.0,305.446812849101,0.0,0.0,1.0,0.0,0.0,0.0,0.0,0,0,0,10,0,0.0327389240264892,0.0,1.0,0.0,0.0,0.0,0.0,0.0,1.0,0.0,0.0,0.0,0.0,0.0,1.0,1.0,12720,66,1406,1272.0,423.7452064625628,1272.0,0.0032757997512817,10,1.0,161604.0
20.0,6,64.0,3907.8580080126712,0.0,0.0,0.5,0.5,0.5,0.0,0.0,5,0,0,5,0,0.002558946609497,0.0,1.0,0.0,0.0,0.0,0.0,0.0,1.0,0.0,0.0,0.0,0.0,0.0,1.0,1.0,612,54,66,61.2,6.196773353931867,61.2,0.000754690170288,10,0.9292823475934576,36.0
20.0,6,64.0,830.5716944889998,0.0,0.0,0.5,0.5,0.5,0.0,0.0,5,0,0,5,0,0.0120398998260498,0.0,1.0,0.0,0.0,0.0,0.0,0.0,1.0,0.0,0.0,0.0,0.0,0.0,1.0,1.0,604,54,68,60.4,6.785605679999719,60.4,0.0012058019638061,10,0.9295222143298046,41.44
20.0,6,64.0,2463.614684287812,0.0,0.0,0.5,0.5,0.5,0.0,0.0,5,0,0,5,0,0.0040590763092041,0.0,1.0,0.0,0.0,0.0,0.0,0.0,1.0,0.0,0.0,0.0,0.0,0.0,1.0,1.0,610,54,68,61.0,7.378647873726218,61.0,0.000408911705017,10,0.9297637959978412,49.0
20.0,6,64.0,345.4461895780657,0.0,0.0,0.5,0.5,0.5,0.0,0.0,5,0,0,5,0,0.0289480686187744,0.0,1.0,0.0,0.0,0.0,0.0,0.0,1.0,0.0,0.0,0.0,0.0,0.0,1.0,1.0,2922,54,1224,292.2,491.1432920577592,292.2,0.0028976917266845,10,1.0,217099.56
20.0,6,64.0,962.2832495927684,0.0,0.0,0.7,0.3,0.3,0.0,0.0,3,0,0,7,0,0.0103919506072998,0.0,1.0,0.0,0.0,0.0,0.0,0.0,1.0,0.0,0.0,0.0,0.0,0.0,1.0,1.0,7560,54,1224,756.0,604.1854020083571,756.0,0.0010415077209472,10,1.0,342225.0
20.0,6,64.0,1137.5309177695813,0.0,0.0,0.8,0.2,0.2,0.0,0.0,2,0,0,8,0,0.0087909698486328,0.0,1.0,0.0,0.0,0.0,0.0,0.0,1.0,0.0,0.0,0.0,0.0,0.0,1.0,1.0,9912,54,1226,991.2,493.9484453530213,991.2,0.0010982036590576,10,1.0,342225.0
20.0,6,64.0,252.95386972070943,0.0,0.0,0.9,0.1,0.1,0.0,0.0,1,0,0,9,0,0.0395328998565673,0.0,1.0,0.0,0.0,0.0,0.0,0.0,1.0,0.0,0.0,0.0,0.0,0.0,1.0,1.0,5288,54,1226,528.8,600.0653297766835,528.8,0.0039558887481689,10,1.0,338155.75
20.0,6,64.0,128266.17737003058,0.0,0.0,1.0,0.0,0.0,0.0,0.0,0,0,0,10,0,7.796287536621094e-05,0.0,1.0,0.0,0.0,0.0,0.0,0.0,1.0,0.0,0.0,0.0,0.0,0.0,1.0,1.0,670,66,68,67.0,1.0540925533894598,67.0,8.702278137207031e-06,10,0.9067378651425488,1.0
20.0,6,64.0,184.11817124294905,0.0,0.0,1.0,0.0,0.0,0.0,0.0,0,0,0,10,0,0.0543129444122314,0.0,1.0,0.0,0.0,0.0,0.0,0.0,1.0,0.0,0.0,0.0,0.0,0.0,1.0,1.0,670,66,68,67.0,1.0540925533894598,67.0,0.0058783054351806,10,0.9067378651425488,1.0
20.0,6,64.0,74104.3109540636,0.0,0.0,1.0,0.0,0.0,0.0,0.0,0,0,0,10,0,0.0001349449157714,0.0,1.0,0.0,0.0,0.0,0.0,0.0,1.0,0.0,0.0,0.0,0.0,0.0,1.0,1.0,670,66,68,67.0,1.0540925533894598,67.0,1.5187263488769532e-05,10,0.9067378651425488,1.0
20.0,6,64.0,186.5461661626045,0.0,0.0,0.9,0.1,0.1,0.0,0.0,1,0,0,9,0,0.0536060333251953,0.0,1.0,0.0,0.0,0.0,0.0,0.0,1.0,0.0,0.0,0.0,0.0,0.0,1.0,1.0,658,54,68,65.8,4.263540521418529,65.8,0.0053621053695678,10,0.9284948258668052,18.17283950617284
20.0,6,64.0,9442.377307519137,0.0,0.0,0.9,0.1,0.1,0.0,0.0,1,0,0,9,0,0.0010590553283691,0.0,1.0,0.0,0.0,0.0,0.0,0.0,1.0,0.0,0.0,0.0,0.0,0.0,1.0,1.0,654,54,68,65.4,4.115013163202923,65.4,0.0002056121826171,10,0.9284343217621625,32.0
20.0,6,64.0,292.5591841859297,0.0,0.0,1.0,0.0,0.0,0.0,0.0,0,0,0,10,0,0.0341811180114746,0.0,1.0,0.0,0.0,0.0,0.0,0.0,1.0,0.0,0.0,0.0,0.0,0.0,1.0,1.0,854,68,126,85.4,28.016661709299584,85.4,0.0034195899963378,10,0.9143130773139004,706.4399999999999
20.0,6,64.0,773.1008423497318,0.0,0.0,1.0,0.0,0.0,0.0,0.0,0,0,0,10,0,0.012934923171997,0.0,1.0,0.0,0.0,0.0,0.0,0.0,1.0,0.0,0.0,0.0,0.0,0.0,1.0,1.0,1266,126,128,126.6,0.966091783079296,126.6,0.0012974023818969,10,0.0,0.8400000000000001
20.0,6,64.0,241.45854801476048,0.0,0.0,1.0,0.0,0.0,0.0,0.0,0,0,0,10,0,0.0414149761199951,0.0,1.0,0.0,0.0,0.0,0.0,0.0,1.0,0.0,0.0,0.0,0.0,0.0,1.0,1.0,1088,64,128,108.8,30.91493705853747,108.8,0.0041424036026,10,0.922310238760166,860.1600000000001
20.0,6,64.0,584.9633204094725,0.0,0.0,1.0,0.0,0.0,0.0,0.0,0,0,0,10,0,0.0170950889587402,0.0,1.0,0.0,0.0,0.0,0.0,0.0,1.0,0.0,0.0,0.0,0.0,0.0,1.0,1.0,646,64,66,64.6,0.966091783079296,64.6,0.0017585039138793,10,0.0,0.8400000000000001
20.0,6,64.0,281.0178621678481,0.0,0.0,1.0,0.0,0.0,0.0,0.0,0,0,0,10,0,0.0355849266052246,0.0,1.0,0.0,0.0,0.0,0.0,0.0,1.0,0.0,0.0,0.0,0.0,0.0,1.0,1.0,657,65,66,65.7,0.4830458915396479,65.7,0.0035642862319946,10,0.0,0.21
20.0,6,64.0,650.8346652184033,0.0,0.0,1.0,0.0,0.0,0.0,0.0,0,0,0,10,0,0.0153648853302001,0.0,1.0,0.0,0.0,0.0,0.0,0.0,1.0,0.0,0.0,0.0,0.0,0.0,1.0,1.0,653,65,66,65.3,0.4830458915396479,65.3,0.0015388965606689,10,0.0,0.21
20.0,6,64.0,313.03813056490554,0.0,0.0,1.0,0.0,0.0,0.0,0.0,0,0,0,10,0,0.031944990158081,0.0,1.0,0.0,0.0,0.0,0.0,0.0,1.0,0.0,0.0,0.0,0.0,0.0,1.0,1.0,654,64,66,65.4,0.966091783079296,65.4,0.0031960010528564,10,0.0,0.8400000000000001
20.0,6,64.0,647.3790303909615,0.0,0.0,1.0,0.0,0.0,0.0,0.0,0,0,0,10,0,0.0154469013214111,0.0,1.0,0.0,0.0,0.0,0.0,0.0,1.0,0.0,0.0,0.0,0.0,0.0,1.0,1.0,646,64,66,64.6,0.966091783079296,64.6,0.0015491008758544,10,0.0,0.8400000000000001
20.0,6,64.0,275.5657755556577,0.0,0.0,0.8,0.2,0.2,0.0,0.0,2,0,0,8,0,0.0362889766693115,0.0,1.0,0.0,0.0,0.0,0.0,0.0,1.0,0.0,0.0,0.0,0.0,0.0,1.0,1.0,648,54,66,64.8,3.794733192202055,64.8,0.0036308050155639,10,0.9283038525131756,14.22222222222222
20.0,6,64.0,1400.3886347701246,0.0,0.0,0.5,0.5,0.5,0.0,0.0,5,0,0,5,0,0.0071408748626708,0.0,1.0,0.0,0.0,0.0,0.0,0.0,1.0,0.0,0.0,0.0,0.0,0.0,1.0,1.0,600,54,66,60.0,6.324555320336759,60.0,0.0007179975509643,10,0.9293344008552924,36.0
20.0,6,64.0,879.8993035159856,0.0,0.0,0.5,0.5,0.5,0.0,0.0,5,0,0,5,0,0.0113649368286132,0.0,1.0,0.0,0.0,0.0,0.0,0.0,1.0,0.0,0.0,0.0,0.0,0.0,1.0,1.0,604,54,68,60.4,6.785605679999719,60.4,0.0011399030685424,10,0.9295222143298046,41.44
20.0,6,64.0,4033.76033852664,0.0,0.0,0.5,0.5,0.5,0.0,0.0,5,0,0,5,0,0.002479076385498,0.0,1.0,0.0,0.0,0.0,0.0,0.0,1.0,0.0,0.0,0.0,0.0,0.0,1.0,1.0,610,54,68,61.0,7.378647873726218,61.0,0.000249695777893,10,0.9297637959978412,49.0
20.0,6,64.0,297.9099516304309,0.0,0.0,0.8,0.2,0.2,0.0,0.0,2,0,0,8,0,0.033567190170288,0.0,1.0,0.0,0.0,0.0,0.0,0.0,1.0,0.0,0.0,0.0,0.0,0.0,1.0,1.0,630,54,68,63.0,6.27162924074226,63.0,0.0033584117889404,10,0.9293128408875088,49.0
20.0,6,64.0,1197.31209500157,0.0,0.0,1.0,0.0,0.0,0.0,0.0,0,0,0,10,0,0.0083520412445068,0.0,1.0,0.0,0.0,0.0,0.0,0.0,1.0,0.0,0.0,0.0,0.0,0.0,1.0,1.0,668,66,68,66.8,1.0327955589886444,66.8,0.0009757995605468,10,0.9067291895989096,0.96
20.0,6,64.0,283.6077922253552,0.0,0.0,0.8,0.2,0.2,0.0,0.0,2,0,0,8,0,0.0352599620819091,0.0,1.0,0.0,0.0,0.0,0.0,0.0,1.0,0.0,0.0,0.0,0.0,0.0,1.0,1.0,652,54,68,65.2,5.902918298980975,65.2,0.004023790359497,10,0.9291626427982728,31.360000000000003
20.0,6,64.0,552.2381535463654,0.0,0.0,0.5,0.5,0.5,0.0,0.0,5,0,0,5,0,0.0181081295013427,0.0,1.0,0.0,0.0,0.0,0.0,0.0,1.0,0.0,0.0,0.0,0.0,0.0,1.0,1.0,624,54,68,62.4,7.229568912920511,62.4,0.0021393060684204,10,0.9297030671923672,49.0
20.0,6,64.0,1712.5899309950594,0.0,0.0,0.5,0.5,0.5,0.0,0.0,5,0,0,5,0,0.0058391094207763,0.0,1.0,0.0,0.0,0.0,0.0,0.0,1.0,0.0,0.0,0.0,0.0,0.0,1.0,1.0,616,54,70,61.6,8.044321668799123,61.6,0.0005867958068847,10,0.930034964875002,58.24
20.0,6,64.0,2671.5312101910827,0.0,0.0,0.6,0.4,0.4,0.0,0.0,4,0,0,6,0,0.0037431716918945,0.0,1.0,0.0,0.0,0.0,0.0,0.0,1.0,0.0,0.0,0.0,0.0,0.0,1.0,1.0,636,54,70,63.6,8.262364471909157,63.6,0.000377607345581,10,0.9301237867912768,64.0
20.0,6,64.0,435.6360614873286,0.0,0.0,0.5,0.5,0.5,0.0,0.0,5,0,0,5,0,0.0229549407958984,0.0,1.0,0.0,0.0,0.0,0.0,0.0,1.0,0.0,0.0,0.0,0.0,0.0,1.0,1.0,596,54,70,59.6,6.168017869984202,59.6,0.0022969961166381,10,0.9292706337595168,64.0
20.0,6,64.0,1683.1750872827963,0.0,0.0,0.6,0.4,0.4,0.0,0.0,4,0,0,6,0,0.0059411525726318,0.0,1.0,0.0,0.0,0.0,0.0,0.0,1.0,0.0,0.0,0.0,0.0,0.0,1.0,1.0,590,54,64,59.0,5.270462766947299,59.0,0.0005958080291748,10,0.9289050057127436,25.0
20.0,6,64.0,997.4089222866928,0.0,0.0,0.5,0.5,0.5,0.0,0.0,5,0,0,5,0,0.0100259780883789,0.0,1.0,0.0,0.0,0.0,0.0,0.0,1.0,0.0,0.0,0.0,0.0,0.0,1.0,1.0,610,54,66,61.0,6.055300708194984,61.0,0.0016175985336303,10,0.9292247172964904,33.58024691358025
20.0,6,64.0,421.0007327330944,0.0,0.0,0.7,0.3,0.3,0.0,0.0,3,0,0,7,0,0.0237529277801513,0.0,1.0,0.0,0.0,0.0,0.0,0.0,1.0,0.0,0.0,0.0,0.0,0.0,1.0,1.0,610,54,66,61.0,6.055300708194984,61.0,0.0023780822753906,10,0.9292247172964904,36.0
20.0,6,64.0,547.3163347861263,0.0,0.0,1.0,0.0,0.0,0.0,0.0,0,0,0,10,0,0.0182709693908691,0.0,1.0,0.0,0.0,0.0,0.0,0.0,1.0,0.0,0.0,0.0,0.0,0.0,1.0,1.0,642,64,66,64.2,0.6324555320336759,64.2,0.0019654989242553,10,0.0,0.36
20.0,6,64.0,361.2322691217887,0.0,0.0,1.0,0.0,0.0,0.0,0.0,0,0,0,10,0,0.0276830196380615,0.0,1.0,0.0,0.0,0.0,0.0,0.0,1.0,0.0,0.0,0.0,0.0,0.0,1.0,1.0,658,64,66,65.8,0.6324555320336759,65.8,0.0030475139617919,10,0.0,0.36
20.0,6,64.0,747.8343971757658,0.0,0.0,1.0,0.0,0.0,0.0,0.0,0,0,0,10,0,0.0133719444274902,0.0,1.0,0.0,0.0,0.0,0.0,0.0,1.0,0.0,0.0,0.0,0.0,0.0,1.0,1.0,642,64,66,64.2,0.6324555320336759,64.2,0.0015277862548828,10,0.0,0.36
20.0,6,64.0,109.85144677017202,0.0,0.0,0.9,0.1,0.1,0.0,0.0,1,0,0,9,0,0.0910320281982421,0.0,1.0,0.0,0.0,0.0,0.0,0.0,1.0,0.0,0.0,0.0,0.0,0.0,1.0,1.0,658,64,66,65.8,0.6324555320336759,65.8,0.0091068029403686,10,0.0,0.36
20.0,6,64.0,4079.66540219823,0.0,0.0,0.6,0.4,0.4,0.0,0.0,4,0,0,6,0,0.0024511814117431,0.0,1.0,0.0,0.0,0.0,0.0,0.0,1.0,0.0,0.0,0.0,0.0,0.0,1.0,1.0,590,54,64,59.0,5.270462766947299,59.0,0.000251817703247,10,0.9289050057127436,25.0
20.0,6,64.0,1040.5894757734388,0.0,0.0,0.5,0.5,0.5,0.0,0.0,5,0,0,5,0,0.0096099376678466,0.0,1.0,0.0,0.0,0.0,0.0,0.0,1.0,0.0,0.0,0.0,0.0,0.0,1.0,1.0,604,54,66,60.4,5.561774297230456,60.4,0.001000690460205,10,0.9290236743777198,27.84
20.0,6,64.0,937.8195152490832,0.0,0.0,0.6,0.4,0.4,0.0,0.0,4,0,0,6,0,0.0106630325317382,0.0,1.0,0.0,0.0,0.0,0.0,0.0,1.0,0.0,0.0,0.0,0.0,0.0,1.0,1.0,600,54,66,60.0,6.324555320336759,60.0,0.0010679960250854,10,0.9293344008552924,36.0
20.0,6,64.0,682.9667985605654,0.0,0.0,0.8,0.2,0.2,0.0,0.0,2,0,0,8,0,0.0146420001983642,0.0,1.0,0.0,0.0,0.0,0.0,0.0,1.0,0.0,0.0,0.0,0.0,0.0,1.0,1.0,761,54,91,76.1,16.305759037155486,76.1,0.0014656066894531,10,0.9334003440013756,239.29
20.0,6,64.0,47127.011235955055,0.0,0.0,1.0,0.0,0.0,0.0,0.0,0,0,0,10,0,0.0002121925354003,0.0,1.0,0.0,0.0,0.0,0.0,0.0,1.0,0.0,0.0,0.0,0.0,0.0,1.0,1.0,920,91,93,92.0,1.0540925533894598,92.0,2.920627593994141e-05,10,0.8641346151425487,1.0
20.0,6,64.0,401.01192240398495,0.0,0.0,1.0,0.0,0.0,0.0,0.0,0,0,0,10,0,0.0249369144439697,0.0,1.0,0.0,0.0,0.0,0.0,0.0,1.0,0.0,0.0,0.0,0.0,0.0,1.0,1.0,785,64,93,78.5,15.284342024147168,78.5,0.0024958848953247,10,0.9159429595669568,210.25
20.0,6,64.0,7535.580309019044,0.0,0.0,1.0,0.0,0.0,0.0,0.0,0,0,0,10,0,0.0013270378112792,0.0,1.0,0.0,0.0,0.0,0.0,0.0,1.0,0.0,0.0,0.0,0.0,0.0,1.0,1.0,650,64,66,65.0,1.0540925533894598,65.0,0.0009196043014526,10,0.9101461251425488,1.0
20.0,6,64.0,306.26982504308205,0.0,0.0,0.7,0.3,0.3,0.0,0.0,3,0,0,7,0,0.0326509475708007,0.0,1.0,0.0,0.0,0.0,0.0,0.0,1.0,0.0,0.0,0.0,0.0,0.0,1.0,1.0,636,54,66,63.6,5.059644256269407,63.6,0.003267502784729,10,0.928819126684234,24.88888888888889
20.0,6,64.0,864.5197460631545,0.0,0.0,0.5,0.5,0.5,0.0,0.0,5,0,0,5,0,0.0115671157836914,0.0,1.0,0.0,0.0,0.0,0.0,0.0,1.0,0.0,0.0,0.0,0.0,0.0,1.0,1.0,600,54,66,60.0,6.324555320336759,60.0,0.0011599063873291,10,0.9293344008552924,36.0
20.0,6,64.0,689.4104110849948,0.0,0.0,0.6,0.4,0.4,0.0,0.0,4,0,0,6,0,0.0145051479339599,0.0,1.0,0.0,0.0,0.0,0.0,0.0,1.0,0.0,0.0,0.0,0.0,0.0,1.0,1.0,606,54,68,60.6,6.995236474439826,60.6,0.0014533996582031,10,0.9296076095302278,44.04
20.0,6,64.0,1474.0648063541155,0.0,0.0,0.5,0.5,0.5,0.0,0.0,5,0,0,5,0,0.0067839622497558,0.0,1.0,0.0,0.0,0.0,0.0,0.0,1.0,0.0,0.0,0.0,0.0,0.0,1.0,1.0,624,54,68,62.4,7.229568912920511,62.4,0.0006824970245361,10,0.9297030671923672,49.0
20.0,6,64.0,450.4531053665976,0.0,0.0,0.6,0.4,0.4,0.0,0.0,4,0,0,6,0,0.0221998691558837,0.0,1.0,0.0,0.0,0.0,0.0,0.0,1.0,0.0,0.0,0.0,0.0,0.0,1.0,1.0,602,54,68,60.2,6.562519841239848,60.2,0.0022235870361328,10,0.9294313380825274,49.0
20.0,6,64.0,1615.7417466004083,0.0,0.0,0.5,0.5,0.5,0.0,0.0,5,0,0,5,0,0.0061891078948974,0.0,1.0,0.0,0.0,0.0,0.0,0.0,1.0,0.0,0.0,0.0,0.0,0.0,1.0,1.0,612,54,66,61.2,6.196773353931867,61.2,0.0012617111206054,10,0.9292823475934576,36.0
20.0,6,64.0,3264.812018370048,0.0,0.0,0.5,0.5,0.5,0.0,0.0,5,0,0,5,0,0.0030629634857177,0.0,1.0,0.0,0.0,0.0,0.0,0.0,1.0,0.0,0.0,0.0,0.0,0.0,1.0,1.0,610,54,68,61.0,7.378647873726218,61.0,0.0003073930740356,10,0.9297637959978412,49.0
20.0,6,64.0,2343.579370844276,0.0,0.0,0.5,0.5,0.5,0.0,0.0,5,0,0,5,0,0.0042669773101806,0.0,1.0,0.0,0.0,0.0,0.0,0.0,1.0,0.0,0.0,0.0,0.0,0.0,1.0,1.0,610,54,68,61.0,7.378647873726218,61.0,0.0004297018051147,10,0.9297637959978412,49.0
20.0,6,64.0,271.6958056680162,0.0,0.0,1.0,0.0,0.0,0.0,0.0,0,0,0,10,0,0.0368058681488037,0.0,1.0,0.0,0.0,0.0,0.0,0.0,1.0,0.0,0.0,0.0,0.0,0.0,1.0,1.0,630,54,64,63.0,3.1622776601683795,63.0,0.003683590888977,10,0.9280462154276462,25.0
20.0,6,64.0,2988.6732221747184,0.0,0.0,1.0,0.0,0.0,0.0,0.0,0,0,0,10,0,0.0033459663391113,0.0,1.0,0.0,0.0,0.0,0.0,0.0,1.0,0.0,0.0,0.0,0.0,0.0,1.0,1.0,658,64,66,65.8,0.6324555320336757,65.8,0.0003365039825439,10,0.0,1.0
20.0,6,64.0,236.75899635912052,0.0,0.0,0.5,0.5,0.5,0.0,0.0,5,0,0,5,0,0.0422370433807373,0.0,1.0,0.0,0.0,0.0,0.0,0.0,1.0,0.0,0.0,0.0,0.0,0.0,1.0,1.0,602,54,66,60.2,5.370702416299421,60.2,0.0043544054031372,10,0.9289458393363036,27.84
20.0,6,64.0,484.8962415750471,0.0,0.0,0.5,0.5,0.5,0.0,0.0,5,0,0,5,0,0.020622968673706,0.0,1.0,0.0,0.0,0.0,0.0,0.0,1.0,0.0,0.0,0.0,0.0,0.0,1.0,1.0,590,54,64,59.0,5.270462766947299,59.0,0.0020641088485717,10,0.9289050057127436,25.0
20.0,6,64.0,1590.5589685248387,0.0,0.0,0.5,0.5,0.5,0.0,0.0,5,0,0,5,0,0.0062870979309082,0.0,1.0,0.0,0.0,0.0,0.0,0.0,1.0,0.0,0.0,0.0,0.0,0.0,1.0,1.0,600,54,66,60.0,6.324555320336759,60.0,0.0006321907043457,10,0.9293344008552924,36.0
20.0,6,64.0,2375.837770476946,0.0,0.0,0.5,0.5,0.5,0.0,0.0,5,0,0,5,0,0.0042090415954589,0.0,1.0,0.0,0.0,0.0,0.0,0.0,1.0,0.0,0.0,0.0,0.0,0.0,1.0,1.0,600,54,66,60.0,6.324555320336759,60.0,0.0004244089126586,10,0.9293344008552924,36.0
20.0,6,64.0,407.2139805825243,0.0,0.0,0.6,0.4,0.4,0.0,0.0,4,0,0,6,0,0.0245571136474609,0.0,1.0,0.0,0.0,0.0,0.0,0.0,1.0,0.0,0.0,0.0,0.0,0.0,1.0,1.0,600,54,66,60.0,6.324555320336759,60.0,0.0024585962295532,10,0.9293344008552924,36.0
20.0,6,64.0,740.4674811100911,0.0,0.0,0.5,0.5,0.5,0.0,0.0,5,0,0,5,0,0.0135049819946289,0.0,1.0,0.0,0.0,0.0,0.0,0.0,1.0,0.0,0.0,0.0,0.0,0.0,1.0,1.0,600,54,66,60.0,6.324555320336759,60.0,0.0013515949249267,10,0.9293344008552924,36.0
20.0,6,64.0,3273.2199157171844,0.0,0.0,0.6,0.4,0.4,0.0,0.0,4,0,0,6,0,0.0030550956726074,0.0,1.0,0.0,0.0,0.0,0.0,0.0,1.0,0.0,0.0,0.0,0.0,0.0,1.0,1.0,618,54,67,61.8,6.713171133426189,61.8,0.0004126071929931,10,0.9294927073929125,42.25
20.0,6,64.0,405.8113704090716,0.0,0.0,0.6,0.4,0.4,0.0,0.0,4,0,0,6,0,0.024641990661621,0.0,1.0,0.0,0.0,0.0,0.0,0.0,1.0,0.0,0.0,0.0,0.0,0.0,1.0,1.0,1764,54,640,176.4,244.4154932350512,176.4,0.0026592969894409,10,1.0,53765.04
20.0,6,64.0,1158.7435422825097,0.0,0.0,1.0,0.0,0.0,0.0,0.0,0,0,0,10,0,0.0086300373077392,0.0,1.0,0.0,0.0,0.0,0.0,0.0,1.0,0.0,0.0,0.0,0.0,0.0,1.0,1.0,6404,640,642,640.4,0.8432740427115678,640.4,0.0010309934616088,10,0.0,0.64
20.0,6,64.0,273.0080126014593,0.0,0.0,0.9,0.1,0.1,0.0,0.0,1,0,0,9,0,0.0366289615631103,0.0,1.0,0.0,0.0,0.0,0.0,0.0,1.0,0.0,0.0,0.0,0.0,0.0,1.0,1.0,5254,54,642,525.4,245.82568349679548,525.4,0.0039009094238281,10,1.0,54387.240000000005
20.0,6,64.0,1599.2313264955962,0.0,0.0,0.6,0.4,0.4,0.0,0.0,4,0,0,6,0,0.0062530040740966,0.0,1.0,0.0,0.0,0.0,0.0,0.0,1.0,0.0,0.0,0.0,0.0,0.0,1.0,1.0,600,54,64,60.0,5.163977794943222,60.0,0.0011641979217529,10,0.928861627994548,25.0
20.0,6,64.0,2356.880197797258,0.0,0.0,0.5,0.5,0.5,0.0,0.0,5,0,0,5,0,0.0042428970336914,0.0,1.0,0.0,0.0,0.0,0.0,0.0,1.0,0.0,0.0,0.0,0.0,0.0,1.0,1.0,594,54,66,59.4,5.738757124441959,59.4,0.0004258871078491,10,0.9290957701022128,29.64
20.0,6,64.0,1473.39164646784,0.0,0.0,0.5,0.5,0.5,0.0,0.0,5,0,0,5,0,0.0067870616912841,0.0,1.0,0.0,0.0,0.0,0.0,0.0,1.0,0.0,0.0,0.0,0.0,0.0,1.0,1.0,600,54,66,60.0,6.324555320336759,60.0,0.0007784128189086,10,0.9293344008552924,36.0
20.0,6,64.0,244.16434783621105,0.0,0.0,0.5,0.5,0.5,0.0,0.0,5,0,0,5,0,0.0409560203552246,0.0,1.0,0.0,0.0,0.0,0.0,0.0,1.0,0.0,0.0,0.0,0.0,0.0,1.0,1.0,4527,54,1371,452.7,633.708844817555,452.7,0.0041262865066528,10,1.0,361428.21
20.0,6,64.0,532.8197766739924,0.0,0.0,0.5,0.5,0.5,0.0,0.0,5,0,0,5,0,0.0187680721282959,0.0,1.0,0.0,0.0,0.0,0.0,0.0,1.0,0.0,0.0,0.0,0.0,0.0,1.0,1.0,7125,54,1371,712.5,694.1199464069592,712.5,0.0019666194915771,10,1.0,433622.25
20.0,6,64.0,292.9883483751991,0.0,0.0,0.7,0.3,0.3,0.0,0.0,3,0,0,7,0,0.0341310501098632,0.0,1.0,0.0,0.0,0.0,0.0,0.0,1.0,0.0,0.0,0.0,0.0,0.0,1.0,1.0,8450,54,1373,845.0,680.784841194338,845.0,0.0034165859222412,10,1.0,433622.25
20.0,6,64.0,1717.9209502355109,0.0,0.0,0.5,0.5,0.5,0.0,0.0,5,0,0,5,0,0.0058209896087646,0.0,1.0,0.0,0.0,0.0,0.0,0.0,1.0,0.0,0.0,0.0,0.0,0.0,1.0,1.0,8454,54,1373,845.4,681.128671153011,845.4,0.0006752014160156,10,1.0,434940.25
20.0,6,64.0,544.8067855611987,0.0,0.0,1.0,0.0,0.0,0.0,0.0,0,0,0,10,0,0.0183551311492919,0.0,1.0,0.0,0.0,0.0,0.0,0.0,1.0,0.0,0.0,0.0,0.0,0.0,1.0,1.0,630,54,64,63.0,3.1622776601683795,63.0,0.0018391132354736,10,0.9280462154276462,25.0
20.0,6,64.0,54400.83009079118,0.0,0.0,1.0,0.0,0.0,0.0,0.0,0,0,0,10,0,0.0001838207244873,0.0,1.0,0.0,0.0,0.0,0.0,0.0,1.0,0.0,0.0,0.0,0.0,0.0,1.0,1.0,658,64,66,65.8,0.6324555320336757,65.8,2.048015594482422e-05,10,0.0,1.0
20.0,6,64.0,328.1799616603419,0.0,0.0,0.8,0.2,0.2,0.0,0.0,2,0,0,8,0,0.0304710865020751,0.0,1.0,0.0,0.0,0.0,0.0,0.0,1.0,0.0,0.0,0.0,0.0,0.0,1.0,1.0,632,54,66,63.2,3.293090409394259,63.2,0.0030492067337036,10,0.9280995033091708,13.551020408163264
20.0,6,64.0,12580.395920815838,0.0,0.0,1.0,0.0,0.0,0.0,0.0,0,0,0,10,0,0.0007948875427246,0.0,1.0,0.0,0.0,0.0,0.0,0.0,1.0,0.0,0.0,0.0,0.0,0.0,1.0,1.0,637,54,65,63.7,3.4334951418181583,63.7,8.199214935302734e-05,10,0.928156698580971,25.0
20.0,6,64.0,248.87433172532056,0.0,0.0,0.7,0.3,0.3,0.0,0.0,3,0,0,7,0,0.0401809215545654,0.0,1.0,0.0,0.0,0.0,0.0,0.0,1.0,0.0,0.0,0.0,0.0,0.0,1.0,1.0,621,54,66,62.1,5.606543795720617,62.1,0.0040193080902099,10,0.9290419116806248,30.25
20.0,6,64.0,546.3894533896097,0.0,0.0,0.7,0.3,0.3,0.0,0.0,3,0,0,7,0,0.0183019638061523,0.0,1.0,0.0,0.0,0.0,0.0,0.0,1.0,0.0,0.0,0.0,0.0,0.0,1.0,1.0,626,54,68,62.6,5.966573556070519,62.6,0.0018337965011596,10,0.9291885734038008,32.04
20.0,6,64.0,2930.8252393263924,0.0,0.0,0.8,0.2,0.2,0.0,0.0,2,0,0,8,0,0.0034120082855224,0.0,1.0,0.0,0.0,0.0,0.0,0.0,1.0,0.0,0.0,0.0,0.0,0.0,1.0,1.0,652,54,68,65.2,5.902918298980975,65.2,0.0003437042236328,10,0.9291626427982728,40.0
20.0,6,64.0,323.68701718642683,0.0,0.0,0.5,0.5,0.5,0.0,0.0,5,0,0,5,0,0.0308940410614013,0.0,1.0,0.0,0.0,0.0,0.0,0.0,1.0,0.0,0.0,0.0,0.0,0.0,1.0,1.0,614,54,68,61.4,6.397916327472042,61.4,0.0030910968780517,10,0.929364285195159,49.0
20.0,6,64.0,1397.2629755480043,0.0,0.0,0.6,0.4,0.4,0.0,0.0,4,0,0,6,0,0.0071568489074707,0.0,1.0,0.0,0.0,0.0,0.0,0.0,1.0,0.0,0.0,0.0,0.0,0.0,1.0,1.0,614,54,68,61.4,6.397916327472042,61.4,0.0007195949554443,10,0.929364285195159,36.84
20.0,6,64.0,1059.4352109118463,0.0,0.0,0.6,0.4,0.4,0.0,0.0,4,0,0,6,0,0.0094389915466308,0.0,1.0,0.0,0.0,0.0,0.0,0.0,1.0,0.0,0.0,0.0,0.0,0.0,1.0,1.0,610,54,68,61.0,7.378647873726218,61.0,0.0009452104568481,10,0.9297637959978412,49.0
20.0,6,64.0,387.3715320107872,0.0,0.0,0.7,0.3,0.3,0.0,0.0,3,0,0,7,0,0.0258150100708007,0.0,1.0,0.0,0.0,0.0,0.0,0.0,1.0,0.0,0.0,0.0,0.0,0.0,1.0,1.0,626,54,68,62.6,6.186005711819758,62.6,0.0031465053558349,10,0.9292779612867668,49.0
20.0,6,64.0,796.6843314908732,0.0,0.0,1.0,0.0,0.0,0.0,0.0,0,0,0,10,0,0.0125520229339599,0.0,1.0,0.0,0.0,0.0,0.0,0.0,1.0,0.0,0.0,0.0,0.0,0.0,1.0,1.0,646,64,66,64.6,0.966091783079296,64.6,0.0014602899551391,10,0.0,0.8400000000000001
20.0,6,64.0,213.8347259963191,0.0,0.0,1.0,0.0,0.0,0.0,0.0,0,0,0,10,0,0.0467650890350341,0.0,1.0,0.0,0.0,0.0,0.0,0.0,1.0,0.0,0.0,0.0,0.0,0.0,1.0,1.0,660,66,66,66.0,0.0,66.0,0.0046786069869995,10,0.0,0.0
20.0,6,64.0,64927.30650154799,0.0,0.0,1.0,0.0,0.0,0.0,0.0,0,0,0,10,0,0.0001540184020996,0.0,1.0,0.0,0.0,0.0,0.0,0.0,1.0,0.0,0.0,0.0,0.0,0.0,1.0,1.0,666,66,68,66.6,0.966091783079296,66.6,0.000583791732788,10,0.0,0.8400000000000001
20.0,6,64.0,214.41298857978305,0.0,0.0,1.0,0.0,0.0,0.0,0.0,0,0,0,10,0,0.0466389656066894,0.0,1.0,0.0,0.0,0.0,0.0,0.0,1.0,0.0,0.0,0.0,0.0,0.0,1.0,1.0,668,64,68,66.8,1.9321835661585915,66.8,0.0046653032302856,10,0.9105038242975104,3.3600000000000003
20.0,6,64.0,1421.4606703494087,0.0,0.0,1.0,0.0,0.0,0.0,0.0,0,0,0,10,0,0.0070350170135498,0.0,1.0,0.0,0.0,0.0,0.0,0.0,1.0,0.0,0.0,0.0,0.0,0.0,1.0,1.0,646,64,66,64.6,0.966091783079296,64.6,0.0007143020629882,10,0.0,0.8400000000000001
20.0,6,64.0,303.8778201208468,0.0,0.0,0.9,0.1,0.1,0.0,0.0,1,0,0,9,0,0.0329079627990722,0.0,1.0,0.0,0.0,0.0,0.0,0.0,1.0,0.0,0.0,0.0,0.0,0.0,1.0,1.0,648,54,66,64.8,3.794733192202055,64.8,0.0032929897308349,10,0.9283038525131756,12.96
20.0,6,64.0,1013.2637580325652,0.0,0.0,0.8,0.2,0.2,0.0,0.0,2,0,0,8,0,0.00986909866333,0.0,1.0,0.0,0.0,0.0,0.0,0.0,1.0,0.0,0.0,0.0,0.0,0.0,1.0,1.0,636,54,66,63.6,5.059644256269407,63.6,0.0011104106903076,10,0.928819126684234,23.04
20.0,6,64.0,1333.8540308475117,0.0,0.0,0.7,0.3,0.3,0.0,0.0,3,0,0,7,0,0.0074970722198486,0.0,1.0,0.0,0.0,0.0,0.0,0.0,1.0,0.0,0.0,0.0,0.0,0.0,1.0,1.0,638,54,68,63.8,6.762642481555072,63.8,0.0013473987579345,10,0.9295128600412864,43.55555555555557
20.0,6,64.0,237.95984364096427,0.0,0.0,0.9,0.1,0.1,0.0,0.0,1,0,0,9,0,0.0420238971710205,0.0,1.0,0.0,0.0,0.0,0.0,0.0,1.0,0.0,0.0,0.0,0.0,0.0,1.0,1.0,666,66,68,66.6,0.9660917830792958,66.6,0.004270601272583,10,0.0,1.0
20.0,6,64.0,9932.048306890836,0.0,0.0,1.0,0.0,0.0,0.0,0.0,0,0,0,10,0,0.0010068416595458,0.0,1.0,0.0,0.0,0.0,0.0,0.0,1.0,0.0,0.0,0.0,0.0,0.0,1.0,1.0,660,54,68,66.0,4.320493798938574,66.0,0.0001046895980834,10,0.9285180263539357,36.0
20.0,6,64.0,228.86552260387964,0.0,0.0,0.9,0.1,0.1,0.0,0.0,1,0,0,9,0,0.0436937808990478,0.0,1.0,0.0,0.0,0.0,0.0,0.0,1.0,0.0,0.0,0.0,0.0,0.0,1.0,1.0,656,64,68,65.6,2.065591117977289,65.6,0.0043709993362426,10,0.9105581691978192,4.0
20.0,6,64.0,464.76857443625687,0.0,0.0,0.8,0.2,0.2,0.0,0.0,2,0,0,8,0,0.0215160846710205,0.0,1.0,0.0,0.0,0.0,0.0,0.0,1.0,0.0,0.0,0.0,0.0,0.0,1.0,1.0,616,54,66,61.6,5.316640543300503,61.6,0.0021555185317993,10,0.9289238166917188,25.876543209876544
20.0,6,64.0,3753.9640204063367,0.0,0.0,0.7,0.3,0.3,0.0,0.0,3,0,0,7,0,0.0026638507843017,0.0,1.0,0.0,0.0,0.0,0.0,0.0,1.0,0.0,0.0,0.0,0.0,0.0,1.0,1.0,624,54,66,62.4,5.796550698475775,62.4,0.0002803802490234,10,0.9291193128925312,36.0
20.0,6,64.0,718.5472486808744,0.0,0.0,1.0,0.0,0.0,0.0,0.0,0,0,0,10,0,0.0139169692993164,0.0,1.0,0.0,0.0,0.0,0.0,0.0,1.0,0.0,0.0,0.0,0.0,0.0,1.0,1.0,820,82,82,82.0,0.0,82.0,0.0030904054641723,10,0.0,0.0
20.0,6,64.0,1357.4238648499952,0.0,0.0,1.0,0.0,0.0,0.0,0.0,0,0,0,10,0,0.0073668956756591,0.0,1.0,0.0,0.0,0.0,0.0,0.0,1.0,0.0,0.0,0.0,0.0,0.0,1.0,1.0,840,84,84,84.0,0.0,84.0,0.0009402990341186,10,0.0,0.0
20.0,6,64.0,638.9762496000975,0.0,0.0,0.5,0.5,0.5,0.0,0.0,5,0,0,5,0,0.0156500339508056,0.0,1.0,0.0,0.0,0.0,0.0,0.0,1.0,0.0,0.0,0.0,0.0,0.0,1.0,1.0,756,54,90,75.6,18.5903200617956,75.6,0.0042899131774902,10,0.9343309827803732,324.0
20.0,6,64.0,2495.718195882423,0.0,0.0,0.6,0.4,0.4,0.0,0.0,4,0,0,6,0,0.0040068626403808,0.0,1.0,0.0,0.0,0.0,0.0,0.0,1.0,0.0,0.0,0.0,0.0,0.0,1.0,1.0,760,54,92,76.0,18.95022720473586,76.0,0.0004037857055664,10,0.9344775945541212,327.5061728395062
20.0,6,64.0,1164.987362164264,0.0,0.0,0.7,0.3,0.3,0.0,0.0,3,0,0,7,0,0.0085837841033935,0.0,1.0,0.0,0.0,0.0,0.0,0.0,1.0,0.0,0.0,0.0,0.0,0.0,1.0,1.0,768,54,92,76.8,19.623115620784244,76.8,0.0008620977401733,10,0.9347517023792828,361.0
20.0,6,64.0,243.48116843913996,0.0,0.0,0.9,0.1,0.1,0.0,0.0,1,0,0,9,0,0.0410709381103515,0.0,1.0,0.0,0.0,0.0,0.0,0.0,1.0,0.0,0.0,0.0,0.0,0.0,1.0,1.0,686,54,92,68.6,12.72093637364098,68.6,0.0045221090316772,10,0.9319400306411664,361.0
20.0,6,64.0,47393.26553672317,0.0,0.0,1.0,0.0,0.0,0.0,0.0,0,0,0,10,0,0.0002110004425048,0.0,1.0,0.0,0.0,0.0,0.0,0.0,1.0,0.0,0.0,0.0,0.0,0.0,1.0,1.0,654,64,66,65.4,0.9660917830792958,65.4,2.3603439331054688e-05,10,0.0,1.0
20.0,6,64.0,275.1554115223637,0.0,0.0,0.6,0.4,0.4,0.0,0.0,4,0,0,6,0,0.0363430976867675,0.0,1.0,0.0,0.0,0.0,0.0,0.0,1.0,0.0,0.0,0.0,0.0,0.0,1.0,1.0,616,54,66,61.6,5.316640543300503,61.6,0.0036365032196044,10,0.9289238166917188,27.55555555555556
20.0,6,64.0,744.317580877003,0.0,0.0,0.6,0.4,0.4,0.0,0.0,4,0,0,6,0,0.0134351253509521,0.0,1.0,0.0,0.0,0.0,0.0,0.0,1.0,0.0,0.0,0.0,0.0,0.0,1.0,1.0,600,54,64,60.0,5.163977794943222,60.0,0.0013463973999023,10,0.928861627994548,25.0
20.0,6,64.0,2190.580247558364,0.0,0.0,0.6,0.4,0.4,0.0,0.0,4,0,0,6,0,0.0045650005340576,0.0,1.0,0.0,0.0,0.0,0.0,0.0,1.0,0.0,0.0,0.0,0.0,0.0,1.0,1.0,600,54,66,60.0,6.324555320336759,60.0,0.0004579067230224,10,0.9293344008552924,36.0
20.0,6,64.0,354.43424766347243,0.0,0.0,0.7,0.3,0.3,0.0,0.0,3,0,0,7,0,0.0282139778137207,0.0,1.0,0.0,0.0,0.0,0.0,0.0,1.0,0.0,0.0,0.0,0.0,0.0,1.0,1.0,2940,54,1224,294.0,490.1836390578535,294.0,0.0028232812881469,10,1.0,216252.0
20.0,6,64.0,1151.2692138779096,0.0,0.0,0.8,0.2,0.2,0.0,0.0,2,0,0,8,0,0.0086860656738281,0.0,1.0,0.0,0.0,0.0,0.0,0.0,1.0,0.0,0.0,0.0,0.0,0.0,1.0,1.0,9900,54,1224,990.0,493.3153149862672,990.0,0.0015844106674194,10,1.0,342225.0
20.0,6,64.0,9074.651665945476,0.0,0.0,0.7,0.3,0.3,0.0,0.0,3,0,0,7,0,0.0011019706726074,0.0,1.0,0.0,0.0,0.0,0.0,0.0,1.0,0.0,0.0,0.0,0.0,0.0,1.0,1.0,9908,54,1225,990.8,493.736952007623,990.8,0.0002048015594482,10,1.0,257107.6875
20.0,6,64.0,185.24686750553184,0.0,0.0,1.0,0.0,0.0,0.0,0.0,0,0,0,10,0,0.0539820194244384,0.0,1.0,0.0,0.0,0.0,0.0,0.0,1.0,0.0,0.0,0.0,0.0,0.0,1.0,1.0,2966,54,1225,296.6,489.3240689404564,296.6,0.0053994894027709,10,1.0,342810.25
20.0,6,64.0,75166.73835125448,0.0,0.0,1.0,0.0,0.0,0.0,0.0,0,0,0,10,0,0.0001330375671386,0.0,1.0,0.0,0.0,0.0,0.0,0.0,1.0,0.0,0.0,0.0,0.0,0.0,1.0,1.0,674,66,68,67.4,0.9660917830792958,67.4,1.4805793762207032e-05,10,0.0,1.0
20.0,6,64.0,231.21469876462905,0.0,0.0,1.0,0.0,0.0,0.0,0.0,0,0,0,10,0,0.0432498455047607,0.0,1.0,0.0,0.0,0.0,0.0,0.0,1.0,0.0,0.0,0.0,0.0,0.0,1.0,1.0,666,66,68,66.6,0.9660917830792958,66.6,0.0043263912200927,10,0.0,1.0
20.0,6,64.0,1689.7526387881717,0.0,0.0,1.0,0.0,0.0,0.0,0.0,0,0,0,10,0,0.0059180259704589,0.0,1.0,0.0,0.0,0.0,0.0,0.0,1.0,0.0,0.0,0.0,0.0,0.0,1.0,1.0,667,66,67,66.7,0.4830458915396479,66.7,0.0005933046340942,10,0.0,0.25
20.0,6,64.0,254.7653583099481,0.0,0.0,1.0,0.0,0.0,0.0,0.0,0,0,0,10,0,0.0392518043518066,0.0,1.0,0.0,0.0,0.0,0.0,0.0,1.0,0.0,0.0,0.0,0.0,0.0,1.0,1.0,649,64,67,64.9,1.4491376746189435,64.9,0.0039268970489501,10,0.9103070507231328,2.25
20.0,6,64.0,34492.63157894737,0.0,0.0,1.0,0.0,0.0,0.0,0.0,0,0,0,10,0,0.0002899169921875,0.0,1.0,0.0,0.0,0.0,0.0,0.0,1.0,0.0,0.0,0.0,0.0,0.0,1.0,1.0,654,64,66,65.4,0.9660917830792958,65.4,0.0010035037994384,10,0.0,1.0
20.0,6,64.0,220.0602314819673,0.0,0.0,1.0,0.0,0.0,0.0,0.0,0,0,0,10,0,0.0454421043395996,0.0,1.0,0.0,0.0,0.0,0.0,0.0,1.0,0.0,0.0,0.0,0.0,0.0,1.0,1.0,1717,66,217,171.7,72.93992962248686,171.7,0.0045457124710083,10,0.9360212797310162,5700.25
20.0,6,64.0,2105.2572403754457,0.0,0.0,1.0,0.0,0.0,0.0,0.0,0,0,0,10,0,0.0047500133514404,0.0,1.0,0.0,0.0,0.0,0.0,0.0,1.0,0.0,0.0,0.0,0.0,0.0,1.0,1.0,2184,217,219,218.4,0.9660917830792958,218.4,0.0013901948928833,10,0.0,1.0
20.0,6,64.0,232.00765558708508,0.0,0.0,1.0,0.0,0.0,0.0,0.0,0,0,0,10,0,0.0431020259857177,0.0,1.0,0.0,0.0,0.0,0.0,0.0,1.0,0.0,0.0,0.0,0.0,0.0,1.0,1.0,1105,64,219,110.5,74.87211318864543,110.5,0.0043116092681884,10,0.9402166340285268,6006.25
20.0,6,64.0,1728.611935377514,0.0,0.0,1.0,0.0,0.0,0.0,0.0,0,0,0,10,0,0.0057849884033203,0.0,1.0,0.0,0.0,0.0,0.0,0.0,1.0,0.0,0.0,0.0,0.0,0.0,1.0,1.0,654,64,66,65.4,0.9660917830792958,65.4,0.0005799770355224,10,0.0,1.0
20.0,6,64.0,184.1820433327771,0.0,0.0,0.6,0.4,0.4,0.0,0.0,4,0,0,6,0,0.0542941093444824,0.0,1.0,0.0,0.0,0.0,0.0,0.0,1.0,0.0,0.0,0.0,0.0,0.0,1.0,1.0,624,54,66,62.4,5.796550698475775,62.4,0.0054314136505126,10,0.9291193128925312,32.0
20.0,6,64.0,1658.6799541266264,0.0,0.0,0.5,0.5,0.5,0.0,0.0,5,0,0,5,0,0.0060288906097412,0.0,1.0,0.0,0.0,0.0,0.0,0.0,1.0,0.0,0.0,0.0,0.0,0.0,1.0,1.0,600,54,66,60.0,6.324555320336759,60.0,0.0006073951721191,10,0.9293344008552924,36.0
20.0,6,64.0,2096.837474378843,0.0,0.0,0.7,0.3,0.3,0.0,0.0,3,0,0,7,0,0.0047690868377685,0.0,1.0,0.0,0.0,0.0,0.0,0.0,1.0,0.0,0.0,0.0,0.0,0.0,1.0,1.0,622,54,68,62.2,7.083627444874397,62.2,0.0004806041717529,10,0.929643616475944,45.16
20.0,6,64.0,501.0996153019044,0.0,0.0,0.5,0.5,0.5,0.0,0.0,5,0,0,5,0,0.0199561119079589,0.0,1.0,0.0,0.0,0.0,0.0,0.0,1.0,0.0,0.0,0.0,0.0,0.0,1.0,1.0,620,54,68,62.0,6.99205898780101,62.0,0.0019993066787719,10,0.9296063151492706,49.0
20.0,6,64.0,542.621835258807,0.0,0.0,0.5,0.5,0.5,0.0,0.0,5,0,0,5,0,0.0184290409088134,0.0,1.0,0.0,0.0,0.0,0.0,0.0,1.0,0.0,0.0,0.0,0.0,0.0,1.0,1.0,590,54,64,59.0,5.270462766947299,59.0,0.0018471002578735,10,0.9289050057127436,25.0
20.0,6,64.0,853.0903469877558,0.0,0.0,0.5,0.5,0.5,0.0,0.0,5,0,0,5,0,0.0117220878601074,0.0,1.0,0.0,0.0,0.0,0.0,0.0,1.0,0.0,0.0,0.0,0.0,0.0,1.0,1.0,592,54,66,59.2,5.513619500836088,59.2,0.0011754035949707,10,0.9290040580398606,27.360000000000003
20.0,6,64.0,3517.531029855753,0.0,0.0,0.5,0.5,0.5,0.0,0.0,5,0,0,5,0,0.002842903137207,0.0,1.0,0.0,0.0,0.0,0.0,0.0,1.0,0.0,0.0,0.0,0.0,0.0,1.0,1.0,600,54,66,60.0,6.324555320336759,60.0,0.0002859830856323,10,0.9293344008552924,36.0
20.0,6,64.0,536.8571684564876,0.0,0.0,0.6,0.4,0.4,0.0,0.0,4,0,0,6,0,0.0186269283294677,0.0,1.0,0.0,0.0,0.0,0.0,0.0,1.0,0.0,0.0,0.0,0.0,0.0,1.0,1.0,600,54,66,60.0,6.324555320336759,60.0,0.0018656969070434,10,0.9293344008552924,36.0
20.0,6,64.0,587.643292469352,0.0,0.0,1.0,0.0,0.0,0.0,0.0,0,0,0,10,0,0.017017126083374,0.0,1.0,0.0,0.0,0.0,0.0,0.0,1.0,0.0,0.0,0.0,0.0,0.0,1.0,1.0,662,66,68,66.2,0.6324555320336759,66.2,0.0019004106521606,10,0.0,0.36
20.0,6,64.0,315.4062610448109,0.0,0.0,1.0,0.0,0.0,0.0,0.0,0,0,0,10,0,0.0317051410675048,0.0,1.0,0.0,0.0,0.0,0.0,0.0,1.0,0.0,0.0,0.0,0.0,0.0,1.0,1.0,678,66,68,67.8,0.6324555320336759,67.8,0.0031723022460937,10,0.0,0.36
20.0,6,64.0,650.4914778455001,0.0,0.0,1.0,0.0,0.0,0.0,0.0,0,0,0,10,0,0.0153729915618896,0.0,1.0,0.0,0.0,0.0,0.0,0.0,1.0,0.0,0.0,0.0,0.0,0.0,1.0,1.0,662,66,68,66.2,0.6324555320336759,66.2,0.001763892173767,10,0.0,0.36
20.0,6,64.0,281.57061244218283,0.0,0.0,1.0,0.0,0.0,0.0,0.0,0,0,0,10,0,0.0355150699615478,0.0,1.0,0.0,0.0,0.0,0.0,0.0,1.0,0.0,0.0,0.0,0.0,0.0,1.0,1.0,678,66,68,67.8,0.6324555320336759,67.8,0.0035529136657714,10,0.0,0.36
20.0,6,64.0,951.3697915485292,0.0,0.0,0.6,0.4,0.4,0.0,0.0,4,0,0,6,0,0.0105111598968505,0.0,1.0,0.0,0.0,0.0,0.0,0.0,1.0,0.0,0.0,0.0,0.0,0.0,1.0,1.0,624,54,66,62.4,5.796550698475776,62.4,0.0018311977386474,10,0.9291193128925312,33.75
20.0,6,64.0,7106.580820060996,0.0,0.0,0.7,0.3,0.3,0.0,0.0,3,0,0,7,0,0.0014071464538574,0.0,1.0,0.0,0.0,0.0,0.0,0.0,1.0,0.0,0.0,0.0,0.0,0.0,1.0,1.0,616,54,67,61.6,6.552353266829661,61.6,0.0001436948776245,10,0.9294271966267758,38.64
20.0,6,64.0,3355.7116569325544,0.0,0.0,0.5,0.5,0.5,0.0,0.0,5,0,0,5,0,0.0029799938201904,0.0,1.0,0.0,0.0,0.0,0.0,0.0,1.0,0.0,0.0,0.0,0.0,0.0,1.0,1.0,618,54,67,61.8,6.713171133426189,61.8,0.0003766059875488,10,0.9294927073929125,41.72839506172839
20.0,6,64.0,258.8996635906299,0.0,0.0,0.7,0.3,0.3,0.0,0.0,3,0,0,7,0,0.0386250019073486,0.0,1.0,0.0,0.0,0.0,0.0,0.0,1.0,0.0,0.0,0.0,0.0,0.0,1.0,1.0,624,54,66,62.4,5.796550698475776,62.4,0.0038641929626464,10,0.9291193128925312,36.0
20.0,6,64.0,1378.3450542228063,0.0,0.0,0.6,0.4,0.4,0.0,0.0,4,0,0,6,0,0.0072550773620605,0.0,1.0,0.0,0.0,0.0,0.0,0.0,1.0,0.0,0.0,0.0,0.0,0.0,1.0,1.0,618,54,68,61.8,6.762642481555071,61.8,0.0007277965545654,10,0.9295128600412864,41.16
20.0,6,64.0,1468.2339762663212,0.0,0.0,0.7,0.3,0.3,0.0,0.0,3,0,0,7,0,0.0068109035491943,0.0,1.0,0.0,0.0,0.0,0.0,0.0,1.0,0.0,0.0,0.0,0.0,0.0,1.0,1.0,624,54,68,62.4,7.229568912920511,62.4,0.0006840944290161,10,0.9297030671923672,49.0
20.0,6,64.0,230.2867119812885,0.0,0.0,0.9,0.1,0.1,0.0,0.0,1,0,0,9,0,0.0434241294860839,0.0,1.0,0.0,0.0,0.0,0.0,0.0,1.0,0.0,0.0,0.0,0.0,0.0,1.0,1.0,650,54,68,65.0,3.915780041490244,65.0,0.0044222116470336,10,0.9283531621577016,49.0
20.0,6,64.0,75166.73835125448,0.0,0.0,1.0,0.0,0.0,0.0,0.0,0,0,0,10,0,0.0001330375671386,0.0,1.0,0.0,0.0,0.0,0.0,0.0,1.0,0.0,0.0,0.0,0.0,0.0,1.0,1.0,676,66,68,67.6,0.8432740427115678,67.6,1.4805793762207032e-05,10,0.0,1.0
20.0,6,64.0,217.23928255115945,0.0,0.0,0.8,0.2,0.2,0.0,0.0,2,0,0,8,0,0.0460321903228759,0.0,1.0,0.0,0.0,0.0,0.0,0.0,1.0,0.0,0.0,0.0,0.0,0.0,1.0,1.0,628,54,68,62.8,4.9170903772228725,62.8,0.004604697227478,10,0.9287610559360656,26.24
20.0,6,64.0,846.9577157626914,0.0,0.0,0.6,0.4,0.4,0.0,0.0,4,0,0,6,0,0.0118069648742675,0.0,1.0,0.0,0.0,0.0,0.0,0.0,1.0,0.0,0.0,0.0,0.0,0.0,1.0,1.0,616,54,66,61.6,5.316640543300503,61.6,0.0011822938919067,10,0.9289238166917188,25.876543209876544
20.0,6,64.0,1844.0553967905037,0.0,0.0,0.7,0.3,0.3,0.0,0.0,3,0,0,7,0,0.005422830581665,0.0,1.0,0.0,0.0,0.0,0.0,0.0,1.0,0.0,0.0,0.0,0.0,0.0,1.0,1.0,612,54,66,61.2,6.196773353931867,61.2,0.0005436897277832,10,0.9292823475934576,36.0
20.0,6,64.0,259.484286067805,0.0,0.0,1.0,0.0,0.0,0.0,0.0,0,0,0,10,0,0.0385379791259765,0.0,1.0,0.0,0.0,0.0,0.0,0.0,1.0,0.0,0.0,0.0,0.0,0.0,1.0,1.0,660,66,66,66.0,0.0,66.0,0.0038555145263671,10,0.0,0.0
20.0,6,64.0,1283.8789066087115,0.0,0.0,1.0,0.0,0.0,0.0,0.0,0,0,0,10,0,0.0077888965606689,0.0,1.0,0.0,0.0,0.0,0.0,0.0,1.0,0.0,0.0,0.0,0.0,0.0,1.0,1.0,678,66,68,67.8,0.6324555320336757,67.8,0.0007803916931152,10,0.0,1.0
20.0,6,64.0,146.7612346085076,0.0,0.0,1.0,0.0,0.0,0.0,0.0,0,0,0,10,0,0.0681378841400146,0.0,1.0,0.0,0.0,0.0,0.0,0.0,1.0,0.0,0.0,0.0,0.0,0.0,1.0,1.0,662,66,68,66.2,0.6324555320336757,66.2,0.0068150997161865,10,0.0,1.0
20.0,6,64.0,41323.1921182266,0.0,0.0,1.0,0.0,0.0,0.0,0.0,0,0,0,10,0,0.000241994857788,0.0,1.0,0.0,0.0,0.0,0.0,0.0,1.0,0.0,0.0,0.0,0.0,0.0,1.0,1.0,678,66,68,67.8,0.6324555320336757,67.8,2.8896331787109376e-05,10,0.0,1.0
20.0,6,64.0,352.1636258301777,0.0,0.0,0.7,0.3,0.3,0.0,0.0,3,0,0,7,0,0.0283958911895751,0.0,1.0,0.0,0.0,0.0,0.0,0.0,1.0,0.0,0.0,0.0,0.0,0.0,1.0,1.0,614,54,68,61.4,5.253570214625479,61.4,0.0028419971466064,10,0.92889812436263,24.84
20.0,6,64.0,1463.673925181463,0.0,0.0,0.5,0.5,0.5,0.0,0.0,5,0,0,5,0,0.0068321228027343,0.0,1.0,0.0,0.0,0.0,0.0,0.0,1.0,0.0,0.0,0.0,0.0,0.0,1.0,1.0,592,54,66,59.2,5.513619500836088,59.2,0.0009261131286621,10,0.9290040580398606,27.360000000000003
20.0,6,64.0,2262.4219213549814,0.0,0.0,0.5,0.5,0.5,0.0,0.0,5,0,0,5,0,0.0044200420379638,0.0,1.0,0.0,0.0,0.0,0.0,0.0,1.0,0.0,0.0,0.0,0.0,0.0,1.0,1.0,600,54,66,60.0,6.324555320336759,60.0,0.0005328893661499,10,0.9293344008552924,36.0
20.0,6,64.0,542.5656813918893,0.0,0.0,0.5,0.5,0.5,0.0,0.0,5,0,0,5,0,0.0184309482574462,0.0,1.0,0.0,0.0,0.0,0.0,0.0,1.0,0.0,0.0,0.0,0.0,0.0,1.0,1.0,900,54,366,90.0,97.15966241192896,90.0,0.0019688129425048,10,0.9663369900801234,9280.0
20.0,6,64.0,526.2020599932254,0.0,0.0,0.6,0.4,0.4,0.0,0.0,4,0,0,6,0,0.0190041065216064,0.0,1.0,0.0,0.0,0.0,0.0,0.0,1.0,0.0,0.0,0.0,0.0,0.0,1.0,1.0,2724,54,366,272.4,150.71031816037015,272.4,0.0023720026016235,10,0.9881513852058084,22815.0
20.0,6,64.0,2365.1201082666066,0.0,0.0,0.5,0.5,0.5,0.0,0.0,5,0,0,5,0,0.0042281150817871,0.0,1.0,0.0,0.0,0.0,0.0,0.0,1.0,0.0,0.0,0.0,0.0,0.0,1.0,1.0,2106,54,368,210.6,165.07250932039935,210.6,0.0004261016845703,10,0.994001967396758,24524.04
20.0,6,64.0,1462.3981032739443,0.0,0.0,0.5,0.5,0.5,0.0,0.0,5,0,0,5,0,0.0068380832672119,0.0,1.0,0.0,0.0,0.0,0.0,0.0,1.0,0.0,0.0,0.0,0.0,0.0,1.0,1.0,2110,54,368,211.0,165.4925308821452,211.0,0.0006871938705444,10,0.9941730673801508,24649.0
20.0,6,64.0,336.51887867263594,0.0,0.0,0.8,0.2,0.2,0.0,0.0,2,0,0,8,0,0.0297160148620605,0.0,1.0,0.0,0.0,0.0,0.0,0.0,1.0,0.0,0.0,0.0,0.0,0.0,1.0,1.0,1218,54,368,121.8,129.839045659531,121.8,0.0029789924621582,10,0.9796492636398666,24649.0
20.0,6,64.0,1207.1329073850227,0.0,0.0,1.0,0.0,0.0,0.0,0.0,0,0,0,10,0,0.0082840919494628,0.0,1.0,0.0,0.0,0.0,0.0,0.0,1.0,0.0,0.0,0.0,0.0,0.0,1.0,1.0,650,64,66,65.0,1.0540925533894598,65.0,0.0008300065994262,10,0.9101461251425488,1.0
20.0,6,64.0,244.12881896546708,0.0,0.0,1.0,0.0,0.0,0.0,0.0,0,0,0,10,0,0.0409619808197021,0.0,1.0,0.0,0.0,0.0,0.0,0.0,1.0,0.0,0.0,0.0,0.0,0.0,1.0,1.0,650,64,66,65.0,1.0540925533894598,65.0,0.0040982007980346,10,0.9101461251425488,1.0
20.0,6,64.0,126334.4578313253,0.0,0.0,1.0,0.0,0.0,0.0,0.0,0,0,0,10,0,7.915496826171875e-05,0.0,1.0,0.0,0.0,0.0,0.0,0.0,1.0,0.0,0.0,0.0,0.0,0.0,1.0,1.0,650,64,66,65.0,1.0540925533894598,65.0,9.703636169433594e-06,10,0.9101461251425488,1.0
20.0,6,64.0,187.4239343661607,0.0,0.0,1.0,0.0,0.0,0.0,0.0,0,0,0,10,0,0.0533549785614013,0.0,1.0,0.0,0.0,0.0,0.0,0.0,1.0,0.0,0.0,0.0,0.0,0.0,1.0,1.0,660,66,66,66.0,0.0,66.0,0.0053880929946899,10,0.0,0.0
20.0,6,64.0,108660.72538860104,0.0,0.0,1.0,0.0,0.0,0.0,0.0,0,0,0,10,0,9.202957153320312e-05,0.0,1.0,0.0,0.0,0.0,0.0,0.0,1.0,0.0,0.0,0.0,0.0,0.0,1.0,1.0,670,66,68,67.0,1.0540925533894598,67.0,1.1396408081054689e-05,10,0.9067378651425488,1.0
20.0,6,64.0,227.51605624023608,0.0,0.0,0.7,0.3,0.3,0.0,0.0,3,0,0,7,0,0.0439529418945312,0.0,1.0,0.0,0.0,0.0,0.0,0.0,1.0,0.0,0.0,0.0,0.0,0.0,1.0,1.0,646,54,68,64.6,5.660781257427675,64.6,0.0043966054916381,10,0.9290640058530256,31.80246913580247
20.0,6,64.0,1314.046179391585,0.0,0.0,0.5,0.5,0.5,0.0,0.0,5,0,0,5,0,0.0076100826263427,0.0,1.0,0.0,0.0,0.0,0.0,0.0,1.0,0.0,0.0,0.0,0.0,0.0,1.0,1.0,600,54,66,60.0,6.324555320336759,60.0,0.0007647037506103,10,0.9293344008552924,36.0
20.0,6,64.0,3013.798950923331,0.0,0.0,0.6,0.4,0.4,0.0,0.0,4,0,0,6,0,0.0033180713653564,0.0,1.0,0.0,0.0,0.0,0.0,0.0,1.0,0.0,0.0,0.0,0.0,0.0,1.0,1.0,606,54,68,60.6,6.995236474439826,60.6,0.0003334999084472,10,0.9296076095302278,44.04
20.0,6,64.0,1220.5517401932254,0.0,0.0,0.5,0.5,0.5,0.0,0.0,5,0,0,5,0,0.008193016052246,0.0,1.0,0.0,0.0,0.0,0.0,0.0,1.0,0.0,0.0,0.0,0.0,0.0,1.0,1.0,610,54,68,61.0,7.378647873726218,61.0,0.0009240865707397,10,0.9297637959978412,49.0
20.0,6,64.0,281.88095190091195,0.0,0.0,0.8,0.2,0.2,0.0,0.0,2,0,0,8,0,0.0354759693145751,0.0,1.0,0.0,0.0,0.0,0.0,0.0,1.0,0.0,0.0,0.0,0.0,0.0,1.0,1.0,628,54,68,62.8,4.9170903772228725,62.8,0.0036839962005615,10,0.9287610559360656,49.0
20.0,6,64.0,765.9849882206842,0.0,0.0,1.0,0.0,0.0,0.0,0.0,0,0,0,10,0,0.0130550861358642,0.0,1.0,0.0,0.0,0.0,0.0,0.0,1.0,0.0,0.0,0.0,0.0,0.0,1.0,1.0,652,64,66,65.2,1.0327955589886444,65.2,0.0014556169509887,10,0.9101374495989096,1.0
20.0,6,64.0,222.90564132543247,0.0,0.0,1.0,0.0,0.0,0.0,0.0,0,0,0,10,0,0.0448620319366455,0.0,1.0,0.0,0.0,0.0,0.0,0.0,1.0,0.0,0.0,0.0,0.0,0.0,1.0,1.0,660,66,66,66.0,0.0,66.0,0.0044877052307128,10,0.0,0.0
20.0,6,64.0,121927.44186046511,0.0,0.0,1.0,0.0,0.0,0.0,0.0,0,0,0,10,0,8.20159912109375e-05,0.0,1.0,0.0,0.0,0.0,0.0,0.0,1.0,0.0,0.0,0.0,0.0,0.0,1.0,1.0,672,66,68,67.2,1.0327955589886444,67.2,1.2993812561035156e-05,10,0.9067291895989096,1.0
20.0,6,64.0,200.23602650524185,0.0,0.0,1.0,0.0,0.0,0.0,0.0,0,0,0,10,0,0.049941062927246,0.0,1.0,0.0,0.0,0.0,0.0,0.0,1.0,0.0,0.0,0.0,0.0,0.0,1.0,1.0,668,66,68,66.8,1.0327955589886444,66.8,0.0049948930740356,10,0.9067291895989096,1.0
20.0,6,64.0,129854.61300309598,0.0,0.0,1.0,0.0,0.0,0.0,0.0,0,0,0,10,0,7.700920104980469e-05,0.0,1.0,0.0,0.0,0.0,0.0,0.0,1.0,0.0,0.0,0.0,0.0,0.0,1.0,1.0,672,66,68,67.2,1.0327955589886444,67.2,8.606910705566407e-06,10,0.9067291895989096,1.0
20.0,6,64.0,232.67692205277845,0.0,0.0,0.7,0.3,0.3,0.0,0.0,3,0,0,7,0,0.0429780483245849,0.0,1.0,0.0,0.0,0.0,0.0,0.0,1.0,0.0,0.0,0.0,0.0,0.0,1.0,1.0,626,54,68,62.6,6.186005711819758,62.6,0.0042985916137695,10,0.9292779612867668,34.44
20.0,6,64.0,1745.5174996878773,0.0,0.0,0.5,0.5,0.5,0.0,0.0,5,0,0,5,0,0.0057289600372314,0.0,1.0,0.0,0.0,0.0,0.0,0.0,1.0,0.0,0.0,0.0,0.0,0.0,1.0,1.0,590,54,64,59.0,5.270462766947299,59.0,0.0007081031799316,10,0.9289050057127436,25.0
20.0,6,64.0,348.00859586966806,0.0,0.0,0.5,0.5,0.5,0.0,0.0,5,0,0,5,0,0.0287349224090576,0.0,1.0,0.0,0.0,0.0,0.0,0.0,1.0,0.0,0.0,0.0,0.0,0.0,1.0,1.0,596,54,66,59.6,5.94792213951879,59.6,0.0029093980789184,10,0.9291809755627544,31.84
20.0,6,64.0,2499.883180355227,0.0,0.0,0.5,0.5,0.5,0.0,0.0,5,0,0,5,0,0.004000186920166,0.0,1.0,0.0,0.0,0.0,0.0,0.0,1.0,0.0,0.0,0.0,0.0,0.0,1.0,1.0,612,54,66,61.2,6.196773353931867,61.2,0.0004804134368896,10,0.9292823475934576,36.0
20.0,6,64.0,837.5207667731629,0.0,0.0,0.5,0.5,0.5,0.0,0.0,5,0,0,5,0,0.0119400024414062,0.0,1.0,0.0,0.0,0.0,0.0,0.0,1.0,0.0,0.0,0.0,0.0,0.0,1.0,1.0,636,54,75,63.6,10.469001862641925,63.6,0.0011982917785644,10,0.931022682598766,98.64
20.0,6,64.0,635.9341975589417,0.0,0.0,0.7,0.3,0.3,0.0,0.0,3,0,0,7,0,0.0157248973846435,0.0,1.0,0.0,0.0,0.0,0.0,0.0,1.0,0.0,0.0,0.0,0.0,0.0,1.0,1.0,666,54,75,66.6,10.844353369380768,66.6,0.001575493812561,10,0.931175585788551,110.25
20.0,6,64.0,3298.1866792482506,0.0,0.0,0.6,0.4,0.4,0.0,0.0,4,0,0,6,0,0.0030319690704345,0.0,1.0,0.0,0.0,0.0,0.0,0.0,1.0,0.0,0.0,0.0,0.0,0.0,1.0,1.0,701,54,77,70.1,11.110055505411903,70.1,0.0004321098327636,10,0.9312838222106846,132.25
20.0,6,64.0,259.62563137565616,0.0,0.0,0.7,0.3,0.3,0.0,0.0,3,0,0,7,0,0.0385169982910156,0.0,1.0,0.0,0.0,0.0,0.0,0.0,1.0,0.0,0.0,0.0,0.0,0.0,1.0,1.0,639,54,77,63.9,10.03826014141229,63.9,0.0038543939590454,10,0.9308472156512058,132.25
20.0,6,64.0,905.5451444362884,0.0,0.0,0.5,0.5,0.5,0.0,0.0,5,0,0,5,0,0.0110430717468261,0.0,1.0,0.0,0.0,0.0,0.0,0.0,1.0,0.0,0.0,0.0,0.0,0.0,1.0,1.0,590,54,64,59.0,5.270462766947299,59.0,0.0012599945068359,10,0.9289050057127436,25.0
20.0,6,64.0,2076.490915391851,0.0,0.0,0.5,0.5,0.5,0.0,0.0,5,0,0,5,0,0.0048158168792724,0.0,1.0,0.0,0.0,0.0,0.0,0.0,1.0,0.0,0.0,0.0,0.0,0.0,1.0,1.0,596,54,66,59.6,5.94792213951879,59.6,0.0005846977233886,10,0.9291809755627544,31.84
20.0,6,64.0,2162.68124162112,0.0,0.0,0.5,0.5,0.5,0.0,0.0,5,0,0,5,0,0.0046238899230957,0.0,1.0,0.0,0.0,0.0,0.0,0.0,1.0,0.0,0.0,0.0,0.0,0.0,1.0,1.0,600,54,66,60.0,6.324555320336759,60.0,0.0005568027496337,10,0.9293344008552924,36.0
20.0,6,64.0,432.0773026485222,0.0,0.0,0.6,0.4,0.4,0.0,0.0,4,0,0,6,0,0.0231440067291259,0.0,1.0,0.0,0.0,0.0,0.0,0.0,1.0,0.0,0.0,0.0,0.0,0.0,1.0,1.0,612,54,66,61.2,6.196773353931867,61.2,0.002448296546936,10,0.9292823475934576,36.0
20.0,6,64.0,788.655021341406,0.0,0.0,0.8,0.2,0.2,0.0,0.0,2,0,0,8,0,0.0126798152923583,0.0,1.0,0.0,0.0,0.0,0.0,0.0,1.0,0.0,0.0,0.0,0.0,0.0,1.0,1.0,654,54,68,65.4,4.115013163202923,65.4,0.0013000965118408,10,0.9284343217621625,16.098765432098766
20.0,6,64.0,2962.0790960451977,0.0,0.0,0.7,0.3,0.3,0.0,0.0,3,0,0,7,0,0.0033760070800781,0.0,1.0,0.0,0.0,0.0,0.0,0.0,1.0,0.0,0.0,0.0,0.0,0.0,1.0,1.0,624,54,68,62.4,7.229568912920511,62.4,0.0003390073776245,10,0.9297030671923672,49.0
20.0,6,64.0,289.70389352046914,0.0,0.0,0.6,0.4,0.4,0.0,0.0,4,0,0,6,0,0.0345180034637451,0.0,1.0,0.0,0.0,0.0,0.0,0.0,1.0,0.0,0.0,0.0,0.0,0.0,1.0,1.0,614,54,68,61.4,5.253570214625479,61.4,0.0034528970718383,10,0.92889812436263,28.88888888888889
20.0,6,64.0,735.778265064468,0.0,0.0,0.5,0.5,0.5,0.0,0.0,5,0,0,5,0,0.0135910511016845,0.0,1.0,0.0,0.0,0.0,0.0,0.0,1.0,0.0,0.0,0.0,0.0,0.0,1.0,1.0,592,54,66,59.2,5.513619500836088,59.2,0.0013599157333374,10,0.9290040580398606,27.360000000000003
20.0,6,64.0,1819.181124219292,0.0,0.0,0.5,0.5,0.5,0.0,0.0,5,0,0,5,0,0.0054969787597656,0.0,1.0,0.0,0.0,0.0,0.0,0.0,1.0,0.0,0.0,0.0,0.0,0.0,1.0,1.0,600,54,66,60.0,6.324555320336759,60.0,0.0005533933639526,10,0.9293344008552924,36.0
20.0,6,64.0,341.9957274017058,0.0,0.0,0.7,0.3,0.3,0.0,0.0,3,0,0,7,0,0.0292401313781738,0.0,1.0,0.0,0.0,0.0,0.0,0.0,1.0,0.0,0.0,0.0,0.0,0.0,1.0,1.0,608,54,66,60.8,5.902918298980975,60.8,0.0029273033142089,10,0.9291626427982728,36.0
20.0,6,64.0,1787.2439065962162,0.0,0.0,1.0,0.0,0.0,0.0,0.0,0,0,0,10,0,0.0055952072143554,0.0,1.0,0.0,0.0,0.0,0.0,0.0,1.0,0.0,0.0,0.0,0.0,0.0,1.0,1.0,644,64,66,64.4,0.8432740427115678,64.4,0.0005614042282104,10,0.0,0.64
20.0,6,64.0,240.45358389754236,0.0,0.0,1.0,0.0,0.0,0.0,0.0,0,0,0,10,0,0.0415880680084228,0.0,1.0,0.0,0.0,0.0,0.0,0.0,1.0,0.0,0.0,0.0,0.0,0.0,1.0,1.0,656,64,66,65.6,0.8432740427115678,65.6,0.0041915893554687,10,0.0,0.64
20.0,6,64.0,742.1707895388753,0.0,0.0,1.0,0.0,0.0,0.0,0.0,0,0,0,10,0,0.0134739875793457,0.0,1.0,0.0,0.0,0.0,0.0,0.0,1.0,0.0,0.0,0.0,0.0,0.0,1.0,1.0,644,64,66,64.4,0.8432740427115678,64.4,0.0014094114303588,10,0.0,0.64
20.0,6,64.0,264.348001462191,0.0,0.0,1.0,0.0,0.0,0.0,0.0,0,0,0,10,0,0.0378289222717285,0.0,1.0,0.0,0.0,0.0,0.0,0.0,1.0,0.0,0.0,0.0,0.0,0.0,1.0,1.0,656,64,66,65.6,0.8432740427115678,65.6,0.0037861824035644,10,0.0,0.64
20.0,6,64.0,791.4527785640155,0.0,0.0,1.0,0.0,0.0,0.0,0.0,0,0,0,10,0,0.0126349925994873,0.0,1.0,0.0,0.0,0.0,0.0,0.0,1.0,0.0,0.0,0.0,0.0,0.0,1.0,1.0,644,64,66,64.4,0.8432740427115678,64.4,0.0013720035552978,10,0.0,0.64
20.0,6,64.0,274.7930684312248,0.0,0.0,0.9,0.1,0.1,0.0,0.0,1,0,0,9,0,0.0363910198211669,0.0,1.0,0.0,0.0,0.0,0.0,0.0,1.0,0.0,0.0,0.0,0.0,0.0,1.0,1.0,748,54,166,74.8,32.26556471947557,74.8,0.003640604019165,10,0.9399017304441256,987.6543209876544
20.0,6,64.0,1901.919920192264,0.0,0.0,0.5,0.5,0.5,0.0,0.0,5,0,0,5,0,0.0052578449249267,0.0,1.0,0.0,0.0,0.0,0.0,0.0,1.0,0.0,0.0,0.0,0.0,0.0,1.0,1.0,1100,54,166,110.0,59.02918298980975,110.0,0.0017190933227539,10,0.9508041579827288,3136.0
20.0,6,64.0,2148.1710627400766,0.0,0.0,0.5,0.5,0.5,0.0,0.0,5,0,0,5,0,0.004655122756958,0.0,1.0,0.0,0.0,0.0,0.0,0.0,1.0,0.0,0.0,0.0,0.0,0.0,1.0,1.0,1102,54,168,110.2,59.24300239972087,110.2,0.0005736112594604,10,0.9508912594575504,3158.76
20.0,6,64.0,5197.402726146221,0.0,0.0,0.7,0.3,0.3,0.0,0.0,3,0,0,7,0,0.0019240379333496,0.0,1.0,0.0,0.0,0.0,0.0,0.0,1.0,0.0,0.0,0.0,0.0,0.0,1.0,1.0,1452,54,168,145.2,48.06662043455937,145.2,0.0002606868743896,10,0.946338448500222,2246.222222222222
20.0,6,64.0,281.1836477481464,0.0,0.0,0.6,0.4,0.4,0.0,0.0,4,0,0,6,0,0.0355639457702636,0.0,1.0,0.0,0.0,0.0,0.0,0.0,1.0,0.0,0.0,0.0,0.0,0.0,1.0,1.0,738,54,168,73.8,34.70446657132191,73.8,0.003557801246643,10,0.9408952415024936,3249.0
20.0,6,64.0,693.9616148246195,0.0,0.0,0.6,0.4,0.4,0.0,0.0,4,0,0,6,0,0.0144100189208984,0.0,1.0,0.0,0.0,0.0,0.0,0.0,1.0,0.0,0.0,0.0,0.0,0.0,1.0,1.0,666,54,75,66.6,10.844353369380766,66.6,0.0017503023147583,10,0.931175585788551,110.25
20.0,6,64.0,2560.781488491361,0.0,0.0,0.5,0.5,0.5,0.0,0.0,5,0,0,5,0,0.0039050579071044,0.0,1.0,0.0,0.0,0.0,0.0,0.0,1.0,0.0,0.0,0.0,0.0,0.0,1.0,1.0,655,54,77,65.5,12.122064363978788,65.5,0.0003935098648071,10,0.9316960741393104,132.25
20.0,6,64.0,466.5677386342147,0.0,0.0,0.5,0.5,0.5,0.0,0.0,5,0,0,5,0,0.0214331150054931,0.0,1.0,0.0,0.0,0.0,0.0,0.0,1.0,0.0,0.0,0.0,0.0,0.0,1.0,1.0,695,54,94,69.5,14.30811735422317,69.5,0.0022737026214599,10,0.9325865846854164,184.25
20.0,6,64.0,295.3506418516876,0.0,0.0,0.5,0.5,0.5,0.0,0.0,5,0,0,5,0,0.0338580608367919,0.0,1.0,0.0,0.0,0.0,0.0,0.0,1.0,0.0,0.0,0.0,0.0,0.0,1.0,1.0,740,54,94,74.0,21.081851067789195,74.0,0.0033912897109985,10,0.9353459328509748,400.0
20.0,6,64.0,661.812673567281,0.0,0.0,0.6,0.4,0.4,0.0,0.0,4,0,0,6,0,0.0151100158691406,0.0,1.0,0.0,0.0,0.0,0.0,0.0,1.0,0.0,0.0,0.0,0.0,0.0,1.0,1.0,742,54,96,74.2,21.30101719010933,74.2,0.0015129089355468,10,0.935435212362563,408.36
20.0,6,64.0,2533.55723346421,0.0,0.0,0.5,0.5,0.5,0.0,0.0,5,0,0,5,0,0.0039470195770263,0.0,1.0,0.0,0.0,0.0,0.0,0.0,1.0,0.0,0.0,0.0,0.0,0.0,1.0,1.0,750,54,96,75.0,22.13594362117865,75.0,0.0005115985870361,10,0.9357753279935234,441.0
20.0,6,64.0,1080.5049203977535,0.0,0.0,0.5,0.5,0.5,0.0,0.0,5,0,0,5,0,0.0092549324035644,0.0,1.0,0.0,0.0,0.0,0.0,0.0,1.0,0.0,0.0,0.0,0.0,0.0,1.0,1.0,718,54,96,71.8,21.049148834731223,71.8,0.0010373830795288,10,0.935332611269316,441.0
20.0,6,64.0,1183.42757180746,0.0,0.0,0.5,0.5,0.5,0.0,0.0,5,0,0,5,0,0.0084500312805175,0.0,1.0,0.0,0.0,0.0,0.0,0.0,1.0,0.0,0.0,0.0,0.0,0.0,1.0,1.0,590,54,64,59.0,5.270462766947299,59.0,0.0009548187255859,10,0.9289050057127436,25.0
20.0,6,64.0,570.0873961915377,0.0,0.0,0.5,0.5,0.5,0.0,0.0,5,0,0,5,0,0.0175411701202392,0.0,1.0,0.0,0.0,0.0,0.0,0.0,1.0,0.0,0.0,0.0,0.0,0.0,1.0,1.0,592,54,66,59.2,5.513619500836088,59.2,0.0018810987472534,10,0.9290040580398606,27.360000000000003
20.0,6,64.0,2310.0203778157183,0.0,0.0,0.5,0.5,0.5,0.0,0.0,5,0,0,5,0,0.004328966140747,0.0,1.0,0.0,0.0,0.0,0.0,0.0,1.0,0.0,0.0,0.0,0.0,0.0,1.0,1.0,600,54,66,60.0,6.324555320336759,60.0,0.0005316972732543,10,0.9293344008552924,36.0
20.0,6,64.0,710.1166511470414,0.0,0.0,0.5,0.5,0.5,0.0,0.0,5,0,0,5,0,0.0140821933746337,0.0,1.0,0.0,0.0,0.0,0.0,0.0,1.0,0.0,0.0,0.0,0.0,0.0,1.0,1.0,2928,54,1224,292.8,490.8180925760582,292.8,0.001551604270935,10,1.0,216812.16
20.0,6,64.0,589.866396647259,0.0,0.0,0.6,0.4,0.4,0.0,0.0,4,0,0,6,0,0.0169529914855957,0.0,1.0,0.0,0.0,0.0,0.0,0.0,1.0,0.0,0.0,0.0,0.0,0.0,1.0,1.0,6390,54,1224,639.0,616.644143732834,639.0,0.0017335891723632,10,1.0,342225.0
20.0,6,64.0,2710.7244878174884,0.0,0.0,0.5,0.5,0.5,0.0,0.0,5,0,0,5,0,0.0036890506744384,0.0,1.0,0.0,0.0,0.0,0.0,0.0,1.0,0.0,0.0,0.0,0.0,0.0,1.0,1.0,7566,54,1226,756.6,604.7023510234877,756.6,0.0004614114761352,10,1.0,338462.9135802469
20.0,6,64.0,2769.9801875577864,0.0,0.0,0.6,0.4,0.4,0.0,0.0,4,0,0,6,0,0.0036101341247558,0.0,1.0,0.0,0.0,0.0,0.0,0.0,1.0,0.0,0.0,0.0,0.0,0.0,1.0,1.0,6400,54,1226,640.0,617.6982362862234,640.0,0.0003638982772827,10,1.0,343396.0
20.0,6,64.0,272.15240468218747,0.0,0.0,0.5,0.5,0.5,0.0,0.0,5,0,0,5,0,0.0367441177368164,0.0,1.0,0.0,0.0,0.0,0.0,0.0,1.0,0.0,0.0,0.0,0.0,0.0,1.0,1.0,4084,54,1226,408.4,453.5262334688529,408.4,0.0038341045379638,10,1.0,343396.0
20.0,6,64.0,1157.2728526887952,0.0,0.0,0.6,0.4,0.4,0.0,0.0,4,0,0,6,0,0.0086410045623779,0.0,1.0,0.0,0.0,0.0,0.0,0.0,1.0,0.0,0.0,0.0,0.0,0.0,1.0,1.0,2340,54,354,234.0,154.91933384829667,234.0,0.0008689880371093,10,0.989865969836442,22500.0
20.0,6,64.0,2197.236104562837,0.0,0.0,0.6,0.4,0.4,0.0,0.0,4,0,0,6,0,0.0045511722564697,0.0,1.0,0.0,0.0,0.0,0.0,0.0,1.0,0.0,0.0,0.0,0.0,0.0,1.0,1.0,2050,54,356,205.0,159.16797556180842,205.0,0.0004589080810546,10,0.9915966965248584,22801.0
20.0,6,64.0,2042.5147309471636,0.0,0.0,0.5,0.5,0.5,0.0,0.0,5,0,0,5,0,0.0048959255218505,0.0,1.0,0.0,0.0,0.0,0.0,0.0,1.0,0.0,0.0,0.0,0.0,0.0,1.0,1.0,2050,54,356,205.0,159.16797556180842,205.0,0.0005960941314697,10,0.9915966965248584,22801.0
20.0,6,64.0,389.4685819876872,0.0,0.0,0.6,0.4,0.4,0.0,0.0,4,0,0,6,0,0.0256760120391845,0.0,1.0,0.0,0.0,0.0,0.0,0.0,1.0,0.0,0.0,0.0,0.0,0.0,1.0,1.0,612,54,66,61.2,6.196773353931867,61.2,0.0036377906799316,10,0.9292823475934576,36.0
20.0,6,64.0,2514.419998801031,0.0,0.0,0.6,0.4,0.4,0.0,0.0,4,0,0,6,0,0.0039770603179931,0.0,1.0,0.0,0.0,0.0,0.0,0.0,1.0,0.0,0.0,0.0,0.0,0.0,1.0,1.0,616,54,68,61.6,6.586180818788516,61.6,0.0005513191223144,10,0.9294409766183416,39.04
20.0,6,64.0,2242.703454176024,0.0,0.0,0.5,0.5,0.5,0.0,0.0,5,0,0,5,0,0.0044589042663574,0.0,1.0,0.0,0.0,0.0,0.0,0.0,1.0,0.0,0.0,0.0,0.0,0.0,1.0,1.0,610,54,68,61.0,7.378647873726218,61.0,0.0005551815032958,10,0.9297637959978412,49.0
20.0,6,64.0,500.9739259223869,0.0,0.0,0.5,0.5,0.5,0.0,0.0,5,0,0,5,0,0.0199611186981201,0.0,1.0,0.0,0.0,0.0,0.0,0.0,1.0,0.0,0.0,0.0,0.0,0.0,1.0,1.0,4638,54,1406,463.8,650.2084793869323,463.8,0.0021407127380371,10,1.0,380493.9600000001
20.0,6,64.0,964.2299822984436,0.0,0.0,0.5,0.5,0.5,0.0,0.0,5,0,0,5,0,0.0103709697723388,0.0,1.0,0.0,0.0,0.0,0.0,0.0,1.0,0.0,0.0,0.0,0.0,0.0,1.0,1.0,7300,54,1406,730.0,712.5665660912748,730.0,0.0010393857955932,10,1.0,456976.0
20.0,6,64.0,1404.515286474902,0.0,0.0,0.6,0.4,0.4,0.0,0.0,4,0,0,6,0,0.0071198940277099,0.0,1.0,0.0,0.0,0.0,0.0,0.0,1.0,0.0,0.0,0.0,0.0,0.0,1.0,1.0,7300,54,1406,730.0,712.5665660912748,730.0,0.0007153987884521,10,1.0,456976.0
20.0,6,64.0,1072.053982210408,0.0,0.0,0.5,0.5,0.5,0.0,0.0,5,0,0,5,0,0.0093278884887695,0.0,1.0,0.0,0.0,0.0,0.0,0.0,1.0,0.0,0.0,0.0,0.0,0.0,1.0,1.0,8652,54,1406,865.2,698.1697978763237,865.2,0.0010266065597534,10,1.0,456976.0
20.0,6,64.0,299.49046041357246,0.0,0.0,0.8,0.2,0.2,0.0,0.0,2,0,0,8,0,0.0333900451660156,0.0,1.0,0.0,0.0,0.0,0.0,0.0,1.0,0.0,0.0,0.0,0.0,0.0,1.0,1.0,2834,54,1406,283.4,401.3248061109604,283.4,0.0033421993255615,10,1.0,456976.0
20.0,6,64.0,3567.4951092965894,0.0,0.0,0.7,0.3,0.3,0.0,0.0,3,0,0,7,0,0.002803087234497,0.0,1.0,0.0,0.0,0.0,0.0,0.0,1.0,0.0,0.0,0.0,0.0,0.0,1.0,1.0,1645,54,213,164.5,76.25724009342764,164.5,0.0002819061279296,10,0.9578221793244588,6036.489795918367
20.0,6,64.0,293.3325873499874,0.0,0.0,0.7,0.3,0.3,0.0,0.0,3,0,0,7,0,0.0340909957885742,0.0,1.0,0.0,0.0,0.0,0.0,0.0,1.0,0.0,0.0,0.0,0.0,0.0,1.0,1.0,1663,54,213,166.3,75.24338287628133,166.3,0.003410005569458,10,0.957409174448482,5095.41
20.0,6,64.0,860.5112633868122,0.0,0.0,0.6,0.4,0.4,0.0,0.0,4,0,0,6,0,0.0116209983825683,0.0,1.0,0.0,0.0,0.0,0.0,0.0,1.0,0.0,0.0,0.0,0.0,0.0,1.0,1.0,600,54,64,60.0,5.163977794943222,60.0,0.0011690855026245,10,0.928861627994548,25.0
20.0,6,64.0,1355.0119532209085,0.0,0.0,0.7,0.3,0.3,0.0,0.0,3,0,0,7,0,0.0073800086975097,0.0,1.0,0.0,0.0,0.0,0.0,0.0,1.0,0.0,0.0,0.0,0.0,0.0,1.0,1.0,606,54,66,60.6,5.738757124441958,60.6,0.0007388114929199,10,0.9290957701022128,29.64
20.0,6,64.0,4209.035624686402,0.0,0.0,0.7,0.3,0.3,0.0,0.0,3,0,0,7,0,0.002375841140747,0.0,1.0,0.0,0.0,0.0,0.0,0.0,1.0,0.0,0.0,0.0,0.0,0.0,1.0,1.0,624,54,66,62.4,5.796550698475775,62.4,0.0002394914627075,10,0.9291193128925312,36.0
20.0,6,64.0,616.6733808718665,0.0,0.0,1.0,0.0,0.0,0.0,0.0,0,0,0,10,0,0.0162160396575927,0.0,1.0,0.0,0.0,0.0,0.0,0.0,1.0,0.0,0.0,0.0,0.0,0.0,1.0,1.0,660,66,66,66.0,0.0,66.0,0.0046404123306274,10,0.0,0.0
20.0,6,64.0,75166.73835125448,0.0,0.0,1.0,0.0,0.0,0.0,0.0,0,0,0,10,0,0.0001330375671386,0.0,1.0,0.0,0.0,0.0,0.0,0.0,1.0,0.0,0.0,0.0,0.0,0.0,1.0,1.0,680,68,68,68.0,0.0,68.0,1.468658447265625e-05,10,0.0,0.0
20.0,6,64.0,1620.9870531400966,0.0,0.0,1.0,0.0,0.0,0.0,0.0,0,0,0,10,0,0.0061690807342529,0.0,1.0,0.0,0.0,0.0,0.0,0.0,1.0,0.0,0.0,0.0,0.0,0.0,1.0,1.0,640,64,64,64.0,0.0,64.0,0.0041216135025024,10,0.0,0.0
20.0,6,64.0,1375.722907373393,0.0,0.0,1.0,0.0,0.0,0.0,0.0,0,0,0,10,0,0.0072689056396484,0.0,1.0,0.0,0.0,0.0,0.0,0.0,1.0,0.0,0.0,0.0,0.0,0.0,1.0,1.0,660,66,66,66.0,0.0,66.0,0.0007767915725708,10,0.0,0.0
20.0,6,64.0,652.0184056709364,0.0,0.0,1.0,0.0,0.0,0.0,0.0,0,0,0,10,0,0.0153369903564453,0.0,1.0,0.0,0.0,0.0,0.0,0.0,1.0,0.0,0.0,0.0,0.0,0.0,1.0,1.0,660,66,66,66.0,0.0,66.0,0.0055274963378906,10,0.0,0.0
20.0,6,64.0,1304.9699760430603,0.0,0.0,1.0,0.0,0.0,0.0,0.0,0,0,0,10,0,0.0076630115509033,0.0,1.0,0.0,0.0,0.0,0.0,0.0,1.0,0.0,0.0,0.0,0.0,0.0,1.0,1.0,680,68,68,68.0,0.0,68.0,0.000767707824707,10,0.0,0.0
20.0,6,64.0,499.0545541079184,0.0,0.0,1.0,0.0,0.0,0.0,0.0,0,0,0,10,0,0.0200378894805908,0.0,1.0,0.0,0.0,0.0,0.0,0.0,1.0,0.0,0.0,0.0,0.0,0.0,1.0,1.0,660,66,66,66.0,0.0,66.0,0.0045178890228271,10,0.0,0.0
20.0,6,64.0,75166.73835125448,0.0,0.0,1.0,0.0,0.0,0.0,0.0,0,0,0,10,0,0.0001330375671386,0.0,1.0,0.0,0.0,0.0,0.0,0.0,1.0,0.0,0.0,0.0,0.0,0.0,1.0,1.0,680,68,68,68.0,0.0,68.0,1.4805793762207032e-05,10,0.0,0.0
20.0,6,64.0,568.8348816708483,0.0,0.0,1.0,0.0,0.0,0.0,0.0,0,0,0,10,0,0.0175797939300537,0.0,1.0,0.0,0.0,0.0,0.0,0.0,1.0,0.0,0.0,0.0,0.0,0.0,1.0,1.0,910,91,91,91.0,0.0,91.0,0.0049197912216186,10,0.0,0.0
20.0,6,64.0,42711.8533604888,0.0,0.0,1.0,0.0,0.0,0.0,0.0,0,0,0,10,0,0.0002341270446777,0.0,1.0,0.0,0.0,0.0,0.0,0.0,1.0,0.0,0.0,0.0,0.0,0.0,1.0,1.0,930,93,93,93.0,0.0,93.0,2.8014183044433597e-05,10,0.0,0.0
20.0,6,64.0,663.6136953357383,0.0,0.0,0.5,0.5,0.5,0.0,0.0,5,0,0,5,0,0.0150690078735351,0.0,1.0,0.0,0.0,0.0,0.0,0.0,1.0,0.0,0.0,0.0,0.0,0.0,1.0,1.0,612,54,66,61.2,6.196773353931867,61.2,0.0050922870635986,10,0.9292823475934576,36.0
20.0,6,64.0,1374.3705354217184,0.0,0.0,0.6,0.4,0.4,0.0,0.0,4,0,0,6,0,0.0072760581970214,0.0,1.0,0.0,0.0,0.0,0.0,0.0,1.0,0.0,0.0,0.0,0.0,0.0,1.0,1.0,600,54,66,60.0,6.324555320336759,60.0,0.0007306098937988,10,0.9293344008552924,36.0
20.0,6,64.0,3632.375508790162,0.0,0.0,0.5,0.5,0.5,0.0,0.0,5,0,0,5,0,0.0027530193328857,0.0,1.0,0.0,0.0,0.0,0.0,0.0,1.0,0.0,0.0,0.0,0.0,0.0,1.0,1.0,600,54,66,60.0,6.324555320336759,60.0,0.0003768920898437,10,0.9293344008552924,36.0
20.0,6,64.0,368.419092458233,0.0,0.0,0.6,0.4,0.4,0.0,0.0,4,0,0,6,0,0.0271430015563964,0.0,1.0,0.0,0.0,0.0,0.0,0.0,1.0,0.0,0.0,0.0,0.0,0.0,1.0,1.0,608,54,66,60.8,5.902918298980975,60.8,0.0028472185134887,10,0.9291626427982728,36.0
20.0,6,64.0,595.8410637421334,0.0,0.0,1.0,0.0,0.0,0.0,0.0,0,0,0,10,0,0.0167829990386962,0.0,1.0,0.0,0.0,0.0,0.0,0.0,1.0,0.0,0.0,0.0,0.0,0.0,1.0,1.0,644,64,66,64.4,0.8432740427115678,64.4,0.0018502950668334,10,0.0,0.64
20.0,6,64.0,311.2540536529257,0.0,0.0,0.9,0.1,0.1,0.0,0.0,1,0,0,9,0,0.032128095626831,0.0,1.0,0.0,0.0,0.0,0.0,0.0,1.0,0.0,0.0,0.0,0.0,0.0,1.0,1.0,683,54,101,68.3,12.092697520955916,68.3,0.0032182931900024,10,0.9316841112621366,131.61
20.0,6,64.0,1001.7205225573788,0.0,0.0,0.5,0.5,0.5,0.0,0.0,5,0,0,5,0,0.0099828243255615,0.0,1.0,0.0,0.0,0.0,0.0,0.0,1.0,0.0,0.0,0.0,0.0,0.0,1.0,1.0,822,54,101,82.2,24.270695636233143,82.2,0.0013166904449462,10,0.936644940574376,552.25
20.0,6,64.0,813.1490277427735,0.0,0.0,0.5,0.5,0.5,0.0,0.0,5,0,0,5,0,0.0122978687286376,0.0,1.0,0.0,0.0,0.0,0.0,0.0,1.0,0.0,0.0,0.0,0.0,0.0,1.0,1.0,779,54,103,77.9,25.203394833059917,77.9,0.0012315034866333,10,0.9370248849191952,571.69
20.0,6,64.0,2571.457298755441,0.0,0.0,0.5,0.5,0.5,0.0,0.0,5,0,0,5,0,0.0038888454437255,0.0,1.0,0.0,0.0,0.0,0.0,0.0,1.0,0.0,0.0,0.0,0.0,0.0,1.0,1.0,785,54,103,78.5,25.82526755804177,78.5,0.000390601158142,10,0.937278210992444,600.25
20.0,6,64.0,203.12875027241688,0.0,0.0,0.8,0.2,0.2,0.0,0.0,2,0,0,8,0,0.0492298603057861,0.0,1.0,0.0,0.0,0.0,0.0,0.0,1.0,0.0,0.0,0.0,0.0,0.0,1.0,1.0,743,54,103,74.3,20.72599012512229,74.3,0.004925799369812,10,0.9352009693373698,600.25
20.0,6,64.0,1971.9341795956743,0.0,0.0,1.0,0.0,0.0,0.0,0.0,0,0,0,10,0,0.0050711631774902,0.0,1.0,0.0,0.0,0.0,0.0,0.0,1.0,0.0,0.0,0.0,0.0,0.0,1.0,1.0,688,68,70,68.8,1.0327955589886444,68.8,0.0005143165588378,10,0.9033209295989096,0.96
20.0,6,64.0,511.79383305065096,0.0,0.0,0.8,0.2,0.2,0.0,0.0,2,0,0,8,0,0.0195391178131103,0.0,1.0,0.0,0.0,0.0,0.0,0.0,1.0,0.0,0.0,0.0,0.0,0.0,1.0,1.0,656,54,70,65.6,6.586180818788517,65.6,0.0019553899765014,10,0.9294409766183416,39.04
20.0,6,64.0,618.5011944436252,0.0,0.0,0.5,0.5,0.5,0.0,0.0,5,0,0,5,0,0.0161681175231933,0.0,1.0,0.0,0.0,0.0,0.0,0.0,1.0,0.0,0.0,0.0,0.0,0.0,1.0,1.0,590,54,64,59.0,5.270462766947299,59.0,0.0019586086273193,10,0.9289050057127436,25.0
20.0,6,64.0,2804.428991709013,0.0,0.0,0.5,0.5,0.5,0.0,0.0,5,0,0,5,0,0.0035657882690429,0.0,1.0,0.0,0.0,0.0,0.0,0.0,1.0,0.0,0.0,0.0,0.0,0.0,1.0,1.0,594,54,66,59.4,5.738757124441959,59.4,0.000396180152893,10,0.9290957701022128,29.64
20.0,6,64.0,3049.737511815604,0.0,0.0,0.5,0.5,0.5,0.0,0.0,5,0,0,5,0,0.0032789707183837,0.0,1.0,0.0,0.0,0.0,0.0,0.0,1.0,0.0,0.0,0.0,0.0,0.0,1.0,1.0,600,54,66,60.0,6.324555320336759,60.0,0.0007291078567504,10,0.9293344008552924,36.0
20.0,6,64.0,319.14049838310825,0.0,0.0,0.6,0.4,0.4,0.0,0.0,4,0,0,6,0,0.0313341617584228,0.0,1.0,0.0,0.0,0.0,0.0,0.0,1.0,0.0,0.0,0.0,0.0,0.0,1.0,1.0,624,54,66,62.4,5.796550698475776,62.4,0.003187608718872,10,0.9291193128925312,36.0
20.0,6,64.0,2378.80217785844,0.0,0.0,0.9,0.1,0.1,0.0,0.0,1,0,0,9,0,0.0042037963867187,0.0,1.0,0.0,0.0,0.0,0.0,0.0,1.0,0.0,0.0,0.0,0.0,0.0,1.0,1.0,640,54,68,64.0,5.333333333333333,64.0,0.0004233837127685,10,0.9289306166666668,36.0
20.0,6,64.0,1239.7812657030534,0.0,0.0,0.7,0.3,0.3,0.0,0.0,3,0,0,7,0,0.0080659389495849,0.0,1.0,0.0,0.0,0.0,0.0,0.0,1.0,0.0,0.0,0.0,0.0,0.0,1.0,1.0,638,54,68,63.8,6.762642481555072,63.8,0.0008082151412963,10,0.9295128600412864,49.0
20.0,6,64.0,243.17343259006736,0.0,0.0,0.9,0.1,0.1,0.0,0.0,1,0,0,9,0,0.0411229133605957,0.0,1.0,0.0,0.0,0.0,0.0,0.0,1.0,0.0,0.0,0.0,0.0,0.0,1.0,1.0,634,54,68,63.4,3.5339622081862854,63.4,0.0041904926300048,10,0.9281976248451268,49.0
20.0,6,64.0,131482.88401253917,0.0,0.0,1.0,0.0,0.0,0.0,0.0,0,0,0,10,0,7.605552673339844e-05,0.0,1.0,0.0,0.0,0.0,0.0,0.0,1.0,0.0,0.0,0.0,0.0,0.0,1.0,1.0,656,64,66,65.6,0.8432740427115678,65.6,8.511543273925782e-06,10,0.0,1.0
20.0,6,64.0,112.14146874891382,0.0,0.0,0.7,0.3,0.3,0.0,0.0,3,0,0,7,0,0.0891730785369873,0.0,1.0,0.0,0.0,0.0,0.0,0.0,1.0,0.0,0.0,0.0,0.0,0.0,1.0,1.0,614,54,66,61.4,5.168279318217149,61.4,0.0089181900024414,10,0.9288633802630688,27.55555555555556
20.0,6,64.0,852.5008130081301,0.0,0.0,0.5,0.5,0.5,0.0,0.0,5,0,0,5,0,0.0117301940917968,0.0,1.0,0.0,0.0,0.0,0.0,0.0,1.0,0.0,0.0,0.0,0.0,0.0,1.0,1.0,602,54,66,60.2,5.370702416299421,60.2,0.0012854099273681,10,0.9289458393363036,25.96
20.0,6,64.0,738.3428098649814,0.0,0.0,0.6,0.4,0.4,0.0,0.0,4,0,0,6,0,0.0135438442230224,0.0,1.0,0.0,0.0,0.0,0.0,0.0,1.0,0.0,0.0,0.0,0.0,0.0,1.0,1.0,600,54,66,60.0,6.324555320336759,60.0,0.0013605833053588,10,0.9293344008552924,36.0
20.0,6,64.0,3322.22099009901,0.0,0.0,0.6,0.4,0.4,0.0,0.0,4,0,0,6,0,0.0030100345611572,0.0,1.0,0.0,0.0,0.0,0.0,0.0,1.0,0.0,0.0,0.0,0.0,0.0,1.0,1.0,610,54,66,61.0,6.036923425424944,61.0,0.0003031015396118,10,0.9292172311265812,32.8
20.0,6,64.0,2283.60864594109,0.0,0.0,0.8,0.2,0.2,0.0,0.0,2,0,0,8,0,0.0043790340423583,0.0,1.0,0.0,0.0,0.0,0.0,0.0,1.0,0.0,0.0,0.0,0.0,0.0,1.0,1.0,628,54,65,62.8,4.638007234913623,62.8,0.0005470991134643,10,0.9286473686272144,30.25
20.0,6,64.0,5104.422538639406,0.0,0.0,0.8,0.2,0.2,0.0,0.0,2,0,0,8,0,0.0019590854644775,0.0,1.0,0.0,0.0,0.0,0.0,0.0,1.0,0.0,0.0,0.0,0.0,0.0,1.0,1.0,644,54,67,64.4,5.481281277625191,64.4,0.0001979112625122,10,0.9289908847412534,40.56
20.0,6,64.0,407.49883413648377,0.0,0.0,0.9,0.1,0.1,0.0,0.0,1,0,0,9,0,0.0245399475097656,0.0,1.0,0.0,0.0,0.0,0.0,0.0,1.0,0.0,0.0,0.0,0.0,0.0,1.0,1.0,636,54,67,63.6,3.5962943891363133,63.6,0.0024554967880249,10,0.9282230164823586,37.55555555555556
20.0,6,64.0,775.0150594061236,0.0,0.0,1.0,0.0,0.0,0.0,0.0,0,0,0,10,0,0.0129029750823974,0.0,1.0,0.0,0.0,0.0,0.0,0.0,1.0,0.0,0.0,0.0,0.0,0.0,1.0,1.0,654,64,66,65.4,0.9660917830792958,65.4,0.0012937068939208,10,0.0,1.0
20.0,6,64.0,300.7251582743613,0.0,0.0,0.6,0.4,0.4,0.0,0.0,4,0,0,6,0,0.0332529544830322,0.0,1.0,0.0,0.0,0.0,0.0,0.0,1.0,0.0,0.0,0.0,0.0,0.0,1.0,1.0,616,54,66,61.6,5.316640543300503,61.6,0.0033274888992309,10,0.9289238166917188,27.55555555555556
20.0,6,64.0,495.46436080988497,0.0,0.0,0.5,0.5,0.5,0.0,0.0,5,0,0,5,0,0.0201830863952636,0.0,1.0,0.0,0.0,0.0,0.0,0.0,1.0,0.0,0.0,0.0,0.0,0.0,1.0,1.0,590,54,64,59.0,5.270462766947299,59.0,0.0020214080810546,10,0.9289050057127436,25.0
20.0,6,64.0,2244.263470490663,0.0,0.0,0.5,0.5,0.5,0.0,0.0,5,0,0,5,0,0.0044558048248291,0.0,1.0,0.0,0.0,0.0,0.0,0.0,1.0,0.0,0.0,0.0,0.0,0.0,1.0,1.0,598,54,66,59.8,6.142746399887703,59.8,0.0004485845565795,10,0.9292603391734584,33.959999999999994
20.0,6,64.0,2127.252624638637,0.0,0.0,0.6,0.4,0.4,0.0,0.0,4,0,0,6,0,0.0047008991241455,0.0,1.0,0.0,0.0,0.0,0.0,0.0,1.0,0.0,0.0,0.0,0.0,0.0,1.0,1.0,600,54,66,60.0,6.324555320336759,60.0,0.0004738092422485,10,0.9293344008552924,36.0
20.0,6,64.0,279.8534778982485,0.0,0.0,0.7,0.3,0.3,0.0,0.0,3,0,0,7,0,0.0357329845428466,0.0,1.0,0.0,0.0,0.0,0.0,0.0,1.0,0.0,0.0,0.0,0.0,0.0,1.0,1.0,624,54,66,62.4,5.796550698475776,62.4,0.0035752058029174,10,0.9291193128925312,36.0
20.0,6,64.0,6222.079810117193,0.0,0.0,0.8,0.2,0.2,0.0,0.0,2,0,0,8,0,0.0016071796417236,0.0,1.0,0.0,0.0,0.0,0.0,0.0,1.0,0.0,0.0,0.0,0.0,0.0,1.0,1.0,644,54,68,64.4,5.561774297230456,64.4,0.0001626014709472,10,0.9290236743777198,32.0
20.0,6,64.0,284.5525101763908,0.0,0.0,0.6,0.4,0.4,0.0,0.0,4,0,0,6,0,0.0351428985595703,0.0,1.0,0.0,0.0,0.0,0.0,0.0,1.0,0.0,0.0,0.0,0.0,0.0,1.0,1.0,1227,54,657,122.7,187.8498513884604,122.7,0.0035167932510375,10,1.0,31758.80999999999
20.0,6,64.0,865.1438707947443,0.0,0.0,0.6,0.4,0.4,0.0,0.0,4,0,0,6,0,0.0115587711334228,0.0,1.0,0.0,0.0,0.0,0.0,0.0,1.0,0.0,0.0,0.0,0.0,0.0,1.0,1.0,3555,54,657,355.5,317.80890484692213,355.5,0.0011612892150878,10,1.0,90902.25
20.0,6,64.0,2045.004388103364,0.0,0.0,0.6,0.4,0.4,0.0,0.0,4,0,0,6,0,0.004889965057373,0.0,1.0,0.0,0.0,0.0,0.0,0.0,1.0,0.0,0.0,0.0,0.0,0.0,1.0,1.0,4767,54,659,476.7,291.6920179458693,476.7,0.0005714178085327,10,1.0,90902.25
20.0,6,64.0,2968.368011323425,0.0,0.0,0.5,0.5,0.5,0.0,0.0,5,0,0,5,0,0.003368854522705,0.0,1.0,0.0,0.0,0.0,0.0,0.0,1.0,0.0,0.0,0.0,0.0,0.0,1.0,1.0,3565,54,659,356.5,318.8629974003116,356.5,0.0003403902053833,10,1.0,91506.25
20.0,6,64.0,286.5979719572526,0.0,0.0,0.6,0.4,0.4,0.0,0.0,4,0,0,6,0,0.0348920822143554,0.0,1.0,0.0,0.0,0.0,0.0,0.0,1.0,0.0,0.0,0.0,0.0,0.0,1.0,1.0,1783,54,659,178.3,253.40089011507263,178.3,0.0034922122955322,10,1.0,91506.25
20.0,6,64.0,649.1826216161835,0.0,0.0,0.5,0.5,0.5,0.0,0.0,5,0,0,5,0,0.0154039859771728,0.0,1.0,0.0,0.0,0.0,0.0,0.0,1.0,0.0,0.0,0.0,0.0,0.0,1.0,1.0,606,54,65,60.6,5.680375574437544,60.6,0.0016336917877197,10,0.9290719877940028,30.25
20.0,6,64.0,2055.9305916376647,0.0,0.0,0.8,0.2,0.2,0.0,0.0,2,0,0,8,0,0.0048639774322509,0.0,1.0,0.0,0.0,0.0,0.0,0.0,1.0,0.0,0.0,0.0,0.0,0.0,1.0,1.0,629,54,67,62.9,6.172519744804386,62.9,0.0004878997802734,10,0.9292724676432436,38.693877551020414
20.0,6,64.0,375.288917521161,0.0,0.0,0.5,0.5,0.5,0.0,0.0,5,0,0,5,0,0.0266461372375488,0.0,1.0,0.0,0.0,0.0,0.0,0.0,1.0,0.0,0.0,0.0,0.0,0.0,1.0,1.0,612,54,74,61.2,7.871185143010902,61.2,0.0026674032211303,10,0.9299644359798568,55.760000000000005
20.0,6,64.0,535.931103217398,0.0,0.0,0.5,0.5,0.5,0.0,0.0,5,0,0,5,0,0.0186591148376464,0.0,1.0,0.0,0.0,0.0,0.0,0.0,1.0,0.0,0.0,0.0,0.0,0.0,1.0,1.0,640,54,74,64.0,10.540925533894598,64.0,0.0023091077804565,10,0.9310519814254872,100.0
20.0,6,64.0,3006.669534050179,0.0,0.0,0.5,0.5,0.5,0.0,0.0,5,0,0,5,0,0.0033259391784667,0.0,1.0,0.0,0.0,0.0,0.0,0.0,1.0,0.0,0.0,0.0,0.0,0.0,1.0,1.0,642,54,76,64.2,10.768266135063506,64.2,0.000413179397583,10,0.9311445908927796,104.36
20.0,6,64.0,2011.270739426489,0.0,0.0,0.5,0.5,0.5,0.0,0.0,5,0,0,5,0,0.0049719810485839,0.0,1.0,0.0,0.0,0.0,0.0,0.0,1.0,0.0,0.0,0.0,0.0,0.0,1.0,1.0,650,54,76,65.0,11.59501808728406,65.0,0.0005841970443725,10,0.931481376568036,121.0
20.0,6,64.0,511.1700973760862,0.0,0.0,0.6,0.4,0.4,0.0,0.0,4,0,0,6,0,0.0195629596710205,0.0,1.0,0.0,0.0,0.0,0.0,0.0,1.0,0.0,0.0,0.0,0.0,0.0,1.0,1.0,650,54,76,65.0,10.370899457402697,65.0,0.0020104169845581,10,0.9309827196029676,121.0
20.0,6,64.0,1256.7579552945406,0.0,0.0,1.0,0.0,0.0,0.0,0.0,0,0,0,10,0,0.0079569816589355,0.0,1.0,0.0,0.0,0.0,0.0,0.0,1.0,0.0,0.0,0.0,0.0,0.0,1.0,1.0,654,65,67,65.4,0.8432740427115678,65.4,0.0008931875228881,10,0.0,0.64
20.0,6,64.0,216.6378629092656,0.0,0.0,1.0,0.0,0.0,0.0,0.0,0,0,0,10,0,0.0461599826812744,0.0,1.0,0.0,0.0,0.0,0.0,0.0,1.0,0.0,0.0,0.0,0.0,0.0,1.0,1.0,668,66,67,66.8,0.4216370213557839,66.8,0.0047276020050048,10,0.0,0.16
20.0,6,64.0,3300.522505508341,0.0,0.0,0.6,0.4,0.4,0.0,0.0,4,0,0,6,0,0.0030298233032226,0.0,1.0,0.0,0.0,0.0,0.0,0.0,1.0,0.0,0.0,0.0,0.0,0.0,1.0,1.0,612,54,66,61.2,6.196773353931867,61.2,0.000307297706604,10,0.9292823475934576,34.56
20.0,6,64.0,4714.820143884892,0.0,0.0,0.7,0.3,0.3,0.0,0.0,3,0,0,7,0,0.0021209716796875,0.0,1.0,0.0,0.0,0.0,0.0,0.0,1.0,0.0,0.0,0.0,0.0,0.0,1.0,1.0,634,54,68,63.4,6.535373831014651,63.4,0.0007086992263793,10,0.9294202798838022,40.09876543209876
20.0,6,64.0,252.71610963493185,0.0,0.0,0.8,0.2,0.2,0.0,0.0,2,0,0,8,0,0.0395700931549072,0.0,1.0,0.0,0.0,0.0,0.0,0.0,1.0,0.0,0.0,0.0,0.0,0.0,1.0,1.0,640,54,68,64.0,5.57773351022717,64.0,0.0040526151657104,10,0.9290301755227262,49.0
20.0,6,64.0,5955.2804202754505,0.0,0.0,1.0,0.0,0.0,0.0,0.0,0,0,0,10,0,0.0016791820526123,0.0,1.0,0.0,0.0,0.0,0.0,0.0,1.0,0.0,0.0,0.0,0.0,0.0,1.0,1.0,646,64,66,64.6,0.966091783079296,64.6,0.001288104057312,10,0.0,0.8400000000000001
20.0,6,64.0,278.31773964512746,0.0,0.0,1.0,0.0,0.0,0.0,0.0,0,0,0,10,0,0.0359301567077636,0.0,1.0,0.0,0.0,0.0,0.0,0.0,1.0,0.0,0.0,0.0,0.0,0.0,1.0,1.0,660,66,66,66.0,0.0,66.0,0.0035953998565673,10,0.0,0.0
20.0,6,64.0,879.0510122815107,0.0,0.0,0.8,0.2,0.2,0.0,0.0,2,0,0,8,0,0.0113759040832519,0.0,1.0,0.0,0.0,0.0,0.0,0.0,1.0,0.0,0.0,0.0,0.0,0.0,1.0,1.0,638,54,68,63.8,5.202563470700445,63.8,0.0011413812637329,10,0.9288773462554244,36.0
20.0,6,64.0,5885.916362615773,0.0,0.0,0.8,0.2,0.2,0.0,0.0,2,0,0,8,0,0.0016989707946777,0.0,1.0,0.0,0.0,0.0,0.0,0.0,1.0,0.0,0.0,0.0,0.0,0.0,1.0,1.0,652,54,68,65.2,5.902918298980975,65.2,0.0001713991165161,10,0.9291626427982728,49.0
20.0,6,64.0,190.14974226920967,0.0,0.0,0.9,0.1,0.1,0.0,0.0,1,0,0,9,0,0.0525901317596435,0.0,1.0,0.0,0.0,0.0,0.0,0.0,1.0,0.0,0.0,0.0,0.0,0.0,1.0,1.0,11074,54,1369,1107.4,551.5110958891843,1107.4,0.0052625179290771,10,1.0,427740.5
20.0,6,64.0,71943.46483704975,0.0,0.0,1.0,0.0,0.0,0.0,0.0,0,0,0,10,0,0.0001389980316162,0.0,1.0,0.0,0.0,0.0,0.0,0.0,1.0,0.0,0.0,0.0,0.0,0.0,1.0,1.0,13698,1369,1370,1369.8,0.4216370213557839,1369.8,1.6689300537109375e-05,10,0.0,0.25
20.0,6,64.0,178.43698151094625,0.0,0.0,0.6,0.4,0.4,0.0,0.0,4,0,0,6,0,0.056042194366455,0.0,1.0,0.0,0.0,0.0,0.0,0.0,1.0,0.0,0.0,0.0,0.0,0.0,1.0,1.0,3220,54,1370,322.0,552.3734646454737,322.0,0.0056059122085571,10,1.0,429043.0
20.0,6,64.0,1946.6740926390048,0.0,0.0,0.5,0.5,0.5,0.0,0.0,5,0,0,5,0,0.0051369667053222,0.0,1.0,0.0,0.0,0.0,0.0,0.0,1.0,0.0,0.0,0.0,0.0,0.0,1.0,1.0,600,54,66,60.0,6.324555320336759,60.0,0.000658893585205,10,0.9293344008552924,36.0
20.0,6,64.0,1809.6056605401675,0.0,0.0,0.5,0.5,0.5,0.0,0.0,5,0,0,5,0,0.005526065826416,0.0,1.0,0.0,0.0,0.0,0.0,0.0,1.0,0.0,0.0,0.0,0.0,0.0,1.0,1.0,612,54,66,61.2,6.196773353931867,61.2,0.0006608963012695,10,0.9292823475934576,36.0
20.0,6,64.0,1665.0009924179271,0.0,0.0,0.5,0.5,0.5,0.0,0.0,5,0,0,5,0,0.0060060024261474,0.0,1.0,0.0,0.0,0.0,0.0,0.0,1.0,0.0,0.0,0.0,0.0,0.0,1.0,1.0,600,54,66,60.0,6.324555320336759,60.0,0.0006042957305908,10,0.9293344008552924,36.0
20.0,6,64.0,468.4907514967384,0.0,0.0,1.0,0.0,0.0,0.0,0.0,0,0,0,10,0,0.0213451385498046,0.0,1.0,0.0,0.0,0.0,0.0,0.0,1.0,0.0,0.0,0.0,0.0,0.0,1.0,1.0,648,54,66,64.8,3.794733192202056,64.8,0.0021382093429565,10,0.9283038525131756,36.0
20.0,6,64.0,1371.1804897185264,0.0,0.0,1.0,0.0,0.0,0.0,0.0,0,0,0,10,0,0.0072929859161376,0.0,1.0,0.0,0.0,0.0,0.0,0.0,1.0,0.0,0.0,0.0,0.0,0.0,1.0,1.0,678,66,68,67.8,0.6324555320336757,67.8,0.0007316827774047,10,0.0,1.0
20.0,6,64.0,180.0509119943679,0.0,0.0,0.6,0.4,0.4,0.0,0.0,4,0,0,6,0,0.055539846420288,0.0,1.0,0.0,0.0,0.0,0.0,0.0,1.0,0.0,0.0,0.0,0.0,0.0,1.0,1.0,604,54,68,60.4,5.641118880348314,60.4,0.0055552005767822,10,0.9290559961870988,34.666666666666664
20.0,6,64.0,3334.369981715557,0.0,0.0,0.6,0.4,0.4,0.0,0.0,4,0,0,6,0,0.0029990673065185,0.0,1.0,0.0,0.0,0.0,0.0,0.0,1.0,0.0,0.0,0.0,0.0,0.0,1.0,1.0,602,54,66,60.2,5.370702416299421,60.2,0.0004177093505859,10,0.9289458393363036,25.96
20.0,6,64.0,14513.162629757786,0.0,0.0,0.6,0.4,0.4,0.0,0.0,4,0,0,6,0,0.0006890296936035,0.0,1.0,0.0,0.0,0.0,0.0,0.0,1.0,0.0,0.0,0.0,0.0,0.0,1.0,1.0,624,54,66,62.4,5.796550698475775,62.4,0.0001259088516235,10,0.9291193128925312,32.0
20.0,6,64.0,291.66404739718786,0.0,0.0,0.8,0.2,0.2,0.0,0.0,2,0,0,8,0,0.0342860221862793,0.0,1.0,0.0,0.0,0.0,0.0,0.0,1.0,0.0,0.0,0.0,0.0,0.0,1.0,1.0,624,54,66,62.4,5.796550698475776,62.4,0.0034309864044189,10,0.9291193128925312,36.0
20.0,6,64.0,1648.25087436633,0.0,0.0,1.0,0.0,0.0,0.0,0.0,0,0,0,10,0,0.0060670375823974,0.0,1.0,0.0,0.0,0.0,0.0,0.0,1.0,0.0,0.0,0.0,0.0,0.0,1.0,1.0,670,66,68,67.0,1.0540925533894598,67.0,0.000608205795288,10,0.9067378651425488,1.0
20.0,6,64.0,185.9878056892003,0.0,0.0,0.9,0.1,0.1,0.0,0.0,1,0,0,9,0,0.0537669658660888,0.0,1.0,0.0,0.0,0.0,0.0,0.0,1.0,0.0,0.0,0.0,0.0,0.0,1.0,1.0,650,54,68,65.0,4.346134936801766,65.0,0.0053781032562255,10,0.9285284715278556,23.6734693877551
20.0,6,64.0,5473.449040845622,0.0,0.0,0.7,0.3,0.3,0.0,0.0,3,0,0,7,0,0.0018270015716552,0.0,1.0,0.0,0.0,0.0,0.0,0.0,1.0,0.0,0.0,0.0,0.0,0.0,1.0,1.0,612,54,66,61.2,5.00666222813829,61.2,0.0002153873443603,10,0.9287975439252544,22.56
20.0,6,64.0,5138.818916932125,0.0,0.0,0.7,0.3,0.3,0.0,0.0,3,0,0,7,0,0.0019459724426269,0.0,1.0,0.0,0.0,0.0,0.0,0.0,1.0,0.0,0.0,0.0,0.0,0.0,1.0,1.0,624,54,66,62.4,5.796550698475775,62.4,0.0002480030059814,10,0.9291193128925312,36.0
20.0,6,64.0,253.48587314537815,0.0,0.0,0.6,0.4,0.4,0.0,0.0,4,0,0,6,0,0.03944993019104,0.0,1.0,0.0,0.0,0.0,0.0,0.0,1.0,0.0,0.0,0.0,0.0,0.0,1.0,1.0,612,54,66,61.2,6.196773353931867,61.2,0.0039474964141845,10,0.9292823475934576,36.0
20.0,6,64.0,5159.680157460943,0.0,0.0,0.9,0.1,0.1,0.0,0.0,1,0,0,9,0,0.0019381046295166,0.0,1.0,0.0,0.0,0.0,0.0,0.0,1.0,0.0,0.0,0.0,0.0,0.0,1.0,1.0,654,54,68,65.4,4.115013163202923,65.4,0.0003008127212524,10,0.9284343217621625,15.24
20.0,6,64.0,218.83743862926076,0.0,0.0,0.9,0.1,0.1,0.0,0.0,1,0,0,9,0,0.0456960201263427,0.0,1.0,0.0,0.0,0.0,0.0,0.0,1.0,0.0,0.0,0.0,0.0,0.0,1.0,1.0,658,54,68,65.8,4.467164151400255,65.8,0.004609990119934,10,0.9285777739887144,27.222222222222225
20.0,6,64.0,696.8671495979265,0.0,0.0,1.0,0.0,0.0,0.0,0.0,0,0,0,10,0,0.0143499374389648,0.0,1.0,0.0,0.0,0.0,0.0,0.0,1.0,0.0,0.0,0.0,0.0,0.0,1.0,1.0,644,64,66,64.4,0.8432740427115678,64.4,0.001440405845642,10,0.0,0.64
20.0,6,64.0,234.3736519183272,0.0,0.0,1.0,0.0,0.0,0.0,0.0,0,0,0,10,0,0.0426669120788574,0.0,1.0,0.0,0.0,0.0,0.0,0.0,1.0,0.0,0.0,0.0,0.0,0.0,1.0,1.0,3340,66,1406,334.0,564.9936086167504,334.0,0.0042680978775024,10,1.0,287296.0
20.0,6,64.0,648.8913642130017,0.0,0.0,1.0,0.0,0.0,0.0,0.0,0,0,0,10,0,0.0154109001159667,0.0,1.0,0.0,0.0,0.0,0.0,0.0,1.0,0.0,0.0,0.0,0.0,0.0,1.0,1.0,14060,1406,1406,1406.0,0.0,1406.0,0.00154709815979,10,0.0,0.0
20.0,6,64.0,353.35630460239764,0.0,0.0,1.0,0.0,0.0,0.0,0.0,0,0,0,10,0,0.0283000469207763,0.0,1.0,0.0,0.0,0.0,0.0,0.0,1.0,0.0,0.0,0.0,0.0,0.0,1.0,1.0,11376,64,1406,1137.6,565.836882659462,1137.6,0.0028314113616943,10,1.0,288154.24
20.0,6,64.0,825.3579440355779,0.0,0.0,1.0,0.0,0.0,0.0,0.0,0,0,0,10,0,0.0121159553527832,0.0,1.0,0.0,0.0,0.0,0.0,0.0,1.0,0.0,0.0,0.0,0.0,0.0,1.0,1.0,644,64,66,64.4,0.8432740427115678,64.4,0.0020251989364624,10,0.0,0.64
20.0,6,64.0,336.7674594125865,0.0,0.0,0.9,0.1,0.1,0.0,0.0,1,0,0,9,0,0.0296940803527832,0.0,1.0,0.0,0.0,0.0,0.0,0.0,1.0,0.0,0.0,0.0,0.0,0.0,1.0,1.0,646,54,66,64.6,3.777124126457412,64.6,0.0029717922210693,10,0.9282966792841536,12.84
20.0,6,64.0,1460.4631080469376,0.0,0.0,0.7,0.3,0.3,0.0,0.0,3,0,0,7,0,0.0068471431732177,0.0,1.0,0.0,0.0,0.0,0.0,0.0,1.0,0.0,0.0,0.0,0.0,0.0,1.0,1.0,610,54,64,61.0,4.83045891539648,61.0,0.0020357131958007,10,0.928725765743776,24.0
20.0,6,64.0,4782.558722919042,0.0,0.0,0.8,0.2,0.2,0.0,0.0,2,0,0,8,0,0.0020909309387207,0.0,1.0,0.0,0.0,0.0,0.0,0.0,1.0,0.0,0.0,0.0,0.0,0.0,1.0,1.0,632,54,66,63.2,4.917090377222873,63.2,0.0002107858657836,10,0.9287610559360656,26.285714285714285
20.0,6,64.0,311.536101847244,0.0,0.0,0.6,0.4,0.4,0.0,0.0,4,0,0,6,0,0.0320990085601806,0.0,1.0,0.0,0.0,0.0,0.0,0.0,1.0,0.0,0.0,0.0,0.0,0.0,1.0,1.0,624,54,72,62.4,7.58946638440411,62.4,0.0032124042510986,10,0.9298496750263509,51.84
20.0,6,64.0,557.352964626465,0.0,0.0,0.5,0.5,0.5,0.0,0.0,5,0,0,5,0,0.0179419517517089,0.0,1.0,0.0,0.0,0.0,0.0,0.0,1.0,0.0,0.0,0.0,0.0,0.0,1.0,1.0,630,54,72,63.0,9.486832980505138,63.0,0.0019803047180175,10,0.9306225862829386,81.0
20.0,6,64.0,2573.19263803681,0.0,0.0,0.5,0.5,0.5,0.0,0.0,5,0,0,5,0,0.0038862228393554,0.0,1.0,0.0,0.0,0.0,0.0,0.0,1.0,0.0,0.0,0.0,0.0,0.0,1.0,1.0,634,54,74,63.4,9.935346552139544,63.4,0.0004754066467285,10,0.9308052927714796,88.84
20.0,6,64.0,3916.981695928278,0.0,0.0,0.5,0.5,0.5,0.0,0.0,5,0,0,5,0,0.0025529861450195,0.0,1.0,0.0,0.0,0.0,0.0,0.0,1.0,0.0,0.0,0.0,0.0,0.0,1.0,1.0,640,54,74,64.0,10.540925533894598,64.0,0.0003360986709594,10,0.9310519814254872,100.0
20.0,6,64.0,425.476419927165,0.0,0.0,0.5,0.5,0.5,0.0,0.0,5,0,0,5,0,0.0235030651092529,0.0,1.0,0.0,0.0,0.0,0.0,0.0,1.0,0.0,0.0,0.0,0.0,0.0,1.0,1.0,902,54,205,90.2,61.18968685798104,90.2,0.0024024963378906,10,0.9516842608384672,3582.395061728395
20.0,6,64.0,785.84752590261,0.0,0.0,0.7,0.3,0.3,0.0,0.0,3,0,0,7,0,0.0127251148223876,0.0,1.0,0.0,0.0,0.0,0.0,0.0,1.0,0.0,0.0,0.0,0.0,0.0,1.0,1.0,1597,54,205,159.7,72.93992962248684,159.7,0.0016402006149291,10,0.9564708397310162,4788.21
20.0,6,64.0,5931.698486776976,0.0,0.0,0.8,0.2,0.2,0.0,0.0,2,0,0,8,0,0.0016858577728271,0.0,1.0,0.0,0.0,0.0,0.0,0.0,1.0,0.0,0.0,0.0,0.0,0.0,1.0,1.0,1762,54,207,176.2,64.4080740280285,176.2,0.0002066850662231,10,0.9529953030360576,5700.25
20.0,6,64.0,271.26704997445336,0.0,0.0,0.5,0.5,0.5,0.0,0.0,5,0,0,5,0,0.0368640422821044,0.0,1.0,0.0,0.0,0.0,0.0,0.0,1.0,0.0,0.0,0.0,0.0,0.0,1.0,1.0,1029,54,207,102.9,71.96828004984788,102.9,0.0036882162094116,10,0.956075028561106,5852.25
20.0,6,64.0,744.4893322446661,0.0,0.0,0.5,0.5,0.5,0.0,0.0,5,0,0,5,0,0.0134320259094238,0.0,1.0,0.0,0.0,0.0,0.0,0.0,1.0,0.0,0.0,0.0,0.0,0.0,1.0,1.0,590,54,64,59.0,5.270462766947299,59.0,0.0013439893722534,10,0.9289050057127436,25.0
20.0,6,64.0,2089.941701131097,0.0,0.0,0.5,0.5,0.5,0.0,0.0,5,0,0,5,0,0.0047848224639892,0.0,1.0,0.0,0.0,0.0,0.0,0.0,1.0,0.0,0.0,0.0,0.0,0.0,1.0,1.0,596,54,66,59.6,5.94792213951879,59.6,0.0004812955856323,10,0.9291809755627544,31.84
20.0,6,64.0,2345.151803187028,0.0,0.0,0.6,0.4,0.4,0.0,0.0,4,0,0,6,0,0.0042641162872314,0.0,1.0,0.0,0.0,0.0,0.0,0.0,1.0,0.0,0.0,0.0,0.0,0.0,1.0,1.0,600,54,66,60.0,6.324555320336759,60.0,0.0004294157028198,10,0.9293344008552924,36.0
20.0,6,64.0,279.0417201668541,0.0,0.0,0.5,0.5,0.5,0.0,0.0,5,0,0,5,0,0.0358369350433349,0.0,1.0,0.0,0.0,0.0,0.0,0.0,1.0,0.0,0.0,0.0,0.0,0.0,1.0,1.0,604,54,66,60.4,5.561774297230456,60.4,0.0036801815032958,10,0.9290236743777198,36.0
20.0,6,64.0,4960.738024837375,0.0,0.0,0.6,0.4,0.4,0.0,0.0,4,0,0,6,0,0.0020158290863037,0.0,1.0,0.0,0.0,0.0,0.0,0.0,1.0,0.0,0.0,0.0,0.0,0.0,1.0,1.0,590,54,64,59.0,5.270462766947299,59.0,0.000203800201416,10,0.9289050057127436,25.0
20.0,6,64.0,1199.1948764867338,0.0,0.0,0.6,0.4,0.4,0.0,0.0,4,0,0,6,0,0.0083389282226562,0.0,1.0,0.0,0.0,0.0,0.0,0.0,1.0,0.0,0.0,0.0,0.0,0.0,1.0,1.0,610,54,66,61.0,6.055300708194984,61.0,0.0009329080581665,10,0.9292247172964904,33.58024691358025
20.0,6,64.0,374.0405760913185,0.0,0.0,0.8,0.2,0.2,0.0,0.0,2,0,0,8,0,0.0267350673675537,0.0,1.0,0.0,0.0,0.0,0.0,0.0,1.0,0.0,0.0,0.0,0.0,0.0,1.0,1.0,630,54,66,63.0,4.83045891539648,63.0,0.003169298171997,10,0.928725765743776,32.0
20.0,6,64.0,1200.1900020030332,0.0,0.0,1.0,0.0,0.0,0.0,0.0,0,0,0,10,0,0.0083320140838623,0.0,1.0,0.0,0.0,0.0,0.0,0.0,1.0,0.0,0.0,0.0,0.0,0.0,1.0,1.0,646,64,66,64.6,0.966091783079296,64.6,0.0008352994918823,10,0.0,0.8400000000000001
20.0,6,64.0,264.3330077201828,0.0,0.0,0.8,0.2,0.2,0.0,0.0,2,0,0,8,0,0.0378310680389404,0.0,1.0,0.0,0.0,0.0,0.0,0.0,1.0,0.0,0.0,0.0,0.0,0.0,1.0,1.0,664,54,74,66.4,5.481281277625191,66.4,0.0039529085159301,10,0.9289908847412534,27.04
20.0,6,64.0,404.64468327319736,0.0,0.0,0.5,0.5,0.5,0.0,0.0,5,0,0,5,0,0.0247130393981933,0.0,1.0,0.0,0.0,0.0,0.0,0.0,1.0,0.0,0.0,0.0,0.0,0.0,1.0,1.0,640,54,74,64.0,10.540925533894598,64.0,0.0024740934371948,10,0.9310519814254872,100.0
20.0,6,64.0,2962.916077988132,0.0,0.0,0.5,0.5,0.5,0.0,0.0,5,0,0,5,0,0.0033750534057617,0.0,1.0,0.0,0.0,0.0,0.0,0.0,1.0,0.0,0.0,0.0,0.0,0.0,1.0,1.0,644,54,76,64.4,10.986860839708088,64.4,0.0003406047821044,10,0.9312336376316634,108.64
20.0,6,64.0,1631.5805033648423,0.0,0.0,0.5,0.5,0.5,0.0,0.0,5,0,0,5,0,0.0061290264129638,0.0,1.0,0.0,0.0,0.0,0.0,0.0,1.0,0.0,0.0,0.0,0.0,0.0,1.0,1.0,650,54,76,65.0,11.59501808728406,65.0,0.0006160020828247,10,0.931481376568036,121.0
20.0,6,64.0,291.7654915273102,0.0,0.0,0.7,0.3,0.3,0.0,0.0,3,0,0,7,0,0.0342741012573242,0.0,1.0,0.0,0.0,0.0,0.0,0.0,1.0,0.0,0.0,0.0,0.0,0.0,1.0,1.0,636,54,76,63.6,9.605553948974867,63.6,0.0034311056137084,10,0.9306709484566544,121.0
20.0,6,64.0,59493.67375886525,0.0,0.0,1.0,0.0,0.0,0.0,0.0,0,0,0,10,0,0.0001680850982666,0.0,1.0,0.0,0.0,0.0,0.0,0.0,1.0,0.0,0.0,0.0,0.0,0.0,1.0,1.0,646,64,66,64.6,0.966091783079296,64.6,3.619194030761719e-05,10,0.0,0.8400000000000001
20.0,6,64.0,207.27556658133764,0.0,0.0,1.0,0.0,0.0,0.0,0.0,0,0,0,10,0,0.0482449531555175,0.0,1.0,0.0,0.0,0.0,0.0,0.0,1.0,0.0,0.0,0.0,0.0,0.0,1.0,1.0,693,66,77,69.3,5.313504806936128,69.3,0.0048255920410156,10,0.9084729793181536,25.41
20.0,6,64.0,41985.02502502503,0.0,0.0,1.0,0.0,0.0,0.0,0.0,0,0,0,10,0,0.0002381801605224,0.0,1.0,0.0,0.0,0.0,0.0,0.0,1.0,0.0,0.0,0.0,0.0,0.0,1.0,1.0,776,77,79,77.6,0.966091783079296,77.6,0.0006209135055541,10,0.0,0.8400000000000001
20.0,6,64.0,203.9941831340068,0.0,0.0,1.0,0.0,0.0,0.0,0.0,0,0,0,10,0,0.0490210056304931,0.0,1.0,0.0,0.0,0.0,0.0,0.0,1.0,0.0,0.0,0.0,0.0,0.0,1.0,1.0,751,66,79,75.1,6.279596590015423,75.1,0.004904294013977,10,0.9088665264669088,35.49
20.0,6,64.0,63358.0664652568,0.0,0.0,1.0,0.0,0.0,0.0,0.0,0,0,0,10,0,0.0001578330993652,0.0,1.0,0.0,0.0,0.0,0.0,0.0,1.0,0.0,0.0,0.0,0.0,0.0,1.0,1.0,666,66,68,66.6,0.966091783079296,66.6,0.0001766920089721,10,0.0,0.8400000000000001
20.0,6,64.0,196.63780291700465,0.0,0.0,1.0,0.0,0.0,0.0,0.0,0,0,0,10,0,0.0508549213409423,0.0,1.0,0.0,0.0,0.0,0.0,0.0,1.0,0.0,0.0,0.0,0.0,0.0,1.0,1.0,845,68,123,84.5,26.56752403468064,84.5,0.0050868988037109,10,0.9137227565907676,635.25
20.0,6,64.0,50533.78313253012,0.0,0.0,1.0,0.0,0.0,0.0,0.0,0,0,0,10,0,0.0001978874206542,0.0,1.0,0.0,0.0,0.0,0.0,0.0,1.0,0.0,0.0,0.0,0.0,0.0,1.0,1.0,1236,123,125,123.6,0.966091783079296,123.6,2.460479736328125e-05,10,0.0,0.8400000000000001
20.0,6,64.0,208.15507769269323,0.0,0.0,1.0,0.0,0.0,0.0,0.0,0,0,0,10,0,0.0480411052703857,0.0,1.0,0.0,0.0,0.0,0.0,0.0,1.0,0.0,0.0,0.0,0.0,0.0,1.0,1.0,1067,64,125,106.7,29.46579938391852,106.7,0.0048062086105346,10,0.9217199180370332,781.41
20.0,6,64.0,49461.1320754717,0.0,0.0,1.0,0.0,0.0,0.0,0.0,0,0,0,10,0,0.0002021789550781,0.0,1.0,0.0,0.0,0.0,0.0,0.0,1.0,0.0,0.0,0.0,0.0,0.0,1.0,1.0,646,64,66,64.6,0.966091783079296,64.6,2.2101402282714844e-05,10,0.0,0.8400000000000001
20.0,6,64.0,255.6162012603147,0.0,0.0,1.0,0.0,0.0,0.0,0.0,0,0,0,10,0,0.0391211509704589,0.0,1.0,0.0,0.0,0.0,0.0,0.0,1.0,0.0,0.0,0.0,0.0,0.0,1.0,1.0,4134,66,1224,413.4,559.3671424029124,413.4,0.0039144039154052,10,1.0,281602.44
20.0,6,64.0,654.9608832117929,0.0,0.0,1.0,0.0,0.0,0.0,0.0,0,0,0,10,0,0.0152680873870849,0.0,1.0,0.0,0.0,0.0,0.0,0.0,1.0,0.0,0.0,0.0,0.0,0.0,1.0,1.0,12246,1224,1226,1224.6,0.966091783079296,1224.6,0.0015331983566284,10,0.0,0.8400000000000001
20.0,6,64.0,265.0261594843928,0.0,0.0,1.0,0.0,0.0,0.0,0.0,0,0,0,10,0,0.0377321243286132,0.0,1.0,0.0,0.0,0.0,0.0,0.0,1.0,0.0,0.0,0.0,0.0,0.0,1.0,1.0,8828,82,1226,882.8,552.6044999213572,882.8,0.003774094581604,10,1.0,274834.56
20.0,6,64.0,1423.4868488036657,0.0,0.0,1.0,0.0,0.0,0.0,0.0,0,0,0,10,0,0.0070250034332275,0.0,1.0,0.0,0.0,0.0,0.0,0.0,1.0,0.0,0.0,0.0,0.0,0.0,1.0,1.0,826,82,84,82.6,0.966091783079296,82.6,0.0010200977325439,10,0.0,0.8400000000000001
20.0,6,64.0,255.32988372800875,0.0,0.0,0.8,0.2,0.2,0.0,0.0,2,0,0,8,0,0.0391650199890136,0.0,1.0,0.0,0.0,0.0,0.0,0.0,1.0,0.0,0.0,0.0,0.0,0.0,1.0,1.0,770,54,84,77.0,11.59501808728406,77.0,0.004006004333496,10,0.931481376568036,121.0
20.0,6,64.0,1013.2637580325652,0.0,0.0,0.6,0.4,0.4,0.0,0.0,4,0,0,6,0,0.00986909866333,0.0,1.0,0.0,0.0,0.0,0.0,0.0,1.0,0.0,0.0,0.0,0.0,0.0,1.0,1.0,590,54,64,59.0,5.270462766947299,59.0,0.0009902954101562,10,0.9289050057127436,25.0
20.0,6,64.0,1894.95979036776,0.0,0.0,0.5,0.5,0.5,0.0,0.0,5,0,0,5,0,0.0052771568298339,0.0,1.0,0.0,0.0,0.0,0.0,0.0,1.0,0.0,0.0,0.0,0.0,0.0,1.0,1.0,594,54,66,59.4,5.738757124441959,59.4,0.0012201070785522,10,0.9290957701022128,29.64
20.0,6,64.0,2145.863092192776,0.0,0.0,0.5,0.5,0.5,0.0,0.0,5,0,0,5,0,0.0046601295471191,0.0,1.0,0.0,0.0,0.0,0.0,0.0,1.0,0.0,0.0,0.0,0.0,0.0,1.0,1.0,612,54,66,61.2,6.196773353931867,61.2,0.0005805015563964,10,0.9292823475934576,36.0
20.0,6,64.0,226.50609696825688,0.0,0.0,0.7,0.3,0.3,0.0,0.0,3,0,0,7,0,0.0441489219665527,0.0,1.0,0.0,0.0,0.0,0.0,0.0,1.0,0.0,0.0,0.0,0.0,0.0,1.0,1.0,614,54,66,61.4,5.168279318217149,61.4,0.0044180870056152,10,0.9288633802630688,36.0
20.0,6,64.0,2686.7618986612006,0.0,0.0,0.7,0.3,0.3,0.0,0.0,3,0,0,7,0,0.0037219524383544,0.0,1.0,0.0,0.0,0.0,0.0,0.0,1.0,0.0,0.0,0.0,0.0,0.0,1.0,1.0,614,54,66,61.4,5.168279318217149,61.4,0.0003755092620849,10,0.9288633802630688,25.0
20.0,6,64.0,3856.831264367816,0.0,0.0,0.9,0.1,0.1,0.0,0.0,1,0,0,9,0,0.0025928020477294,0.0,1.0,0.0,0.0,0.0,0.0,0.0,1.0,0.0,0.0,0.0,0.0,0.0,1.0,1.0,636,54,66,63.6,5.059644256269407,63.6,0.0002607822418212,10,0.928819126684234,36.0
20.0,6,64.0,1073.2060795251011,0.0,0.0,0.5,0.5,0.5,0.0,0.0,5,0,0,5,0,0.0093178749084472,0.0,1.0,0.0,0.0,0.0,0.0,0.0,1.0,0.0,0.0,0.0,0.0,0.0,1.0,1.0,600,54,66,60.0,6.324555320336759,60.0,0.0033492088317871,10,0.9293344008552924,36.0
20.0,6,64.0,671.3249463811262,0.0,0.0,0.5,0.5,0.5,0.0,0.0,5,0,0,5,0,0.0148959159851074,0.0,1.0,0.0,0.0,0.0,0.0,0.0,1.0,0.0,0.0,0.0,0.0,0.0,1.0,1.0,600,54,66,60.0,6.324555320336759,60.0,0.0019001960754394,10,0.9293344008552924,36.0
20.0,6,64.0,2035.4770455207224,0.0,0.0,0.5,0.5,0.5,0.0,0.0,5,0,0,5,0,0.0049128532409667,0.0,1.0,0.0,0.0,0.0,0.0,0.0,1.0,0.0,0.0,0.0,0.0,0.0,1.0,1.0,610,54,68,61.0,7.378647873726218,61.0,0.0006253957748413,10,0.9297637959978412,49.0
20.0,6,64.0,2025.9402019031056,0.0,0.0,0.5,0.5,0.5,0.0,0.0,5,0,0,5,0,0.0049359798431396,0.0,1.0,0.0,0.0,0.0,0.0,0.0,1.0,0.0,0.0,0.0,0.0,0.0,1.0,1.0,610,54,68,61.0,7.378647873726218,61.0,0.0006011009216308,10,0.9297637959978412,49.0
20.0,6,64.0,455.93729957714174,0.0,0.0,1.0,0.0,0.0,0.0,0.0,0,0,0,10,0,0.02193284034729,0.0,1.0,0.0,0.0,0.0,0.0,0.0,1.0,0.0,0.0,0.0,0.0,0.0,1.0,1.0,640,64,64,64.0,0.0,64.0,0.0032639026641845,10,0.0,0.0
20.0,6,64.0,75166.73835125448,0.0,0.0,1.0,0.0,0.0,0.0,0.0,0,0,0,10,0,0.0001330375671386,0.0,1.0,0.0,0.0,0.0,0.0,0.0,1.0,0.0,0.0,0.0,0.0,0.0,1.0,1.0,660,66,66,66.0,0.0,66.0,1.4901161193847656e-05,10,0.0,0.0
20.0,6,64.0,421.65674762747307,0.0,0.0,1.0,0.0,0.0,0.0,0.0,0,0,0,10,0,0.0237159729003906,0.0,1.0,0.0,0.0,0.0,0.0,0.0,1.0,0.0,0.0,0.0,0.0,0.0,1.0,1.0,660,66,66,66.0,0.0,66.0,0.0054518938064575,10,0.0,0.0
20.0,6,64.0,48998.878504672895,0.0,0.0,1.0,0.0,0.0,0.0,0.0,0,0,0,10,0,0.0002040863037109,0.0,1.0,0.0,0.0,0.0,0.0,0.0,1.0,0.0,0.0,0.0,0.0,0.0,1.0,1.0,680,68,68,68.0,0.0,68.0,2.281665802001953e-05,10,0.0,0.0
20.0,6,64.0,833.7581998171192,0.0,0.0,0.6,0.4,0.4,0.0,0.0,4,0,0,6,0,0.0119938850402832,0.0,1.0,0.0,0.0,0.0,0.0,0.0,1.0,0.0,0.0,0.0,0.0,0.0,1.0,1.0,600,54,64,60.0,5.163977794943222,60.0,0.0037207841873168,10,0.928861627994548,25.0
20.0,6,64.0,530.8439224421606,0.0,0.0,0.5,0.5,0.5,0.0,0.0,5,0,0,5,0,0.0188379287719726,0.0,1.0,0.0,0.0,0.0,0.0,0.0,1.0,0.0,0.0,0.0,0.0,0.0,1.0,1.0,604,54,66,60.4,5.561774297230456,60.4,0.0019755125045776,10,0.9290236743777198,27.84
20.0,6,64.0,2192.526921066388,0.0,0.0,0.6,0.4,0.4,0.0,0.0,4,0,0,6,0,0.0045609474182128,0.0,1.0,0.0,0.0,0.0,0.0,0.0,1.0,0.0,0.0,0.0,0.0,0.0,1.0,1.0,600,54,66,60.0,6.324555320336759,60.0,0.0004597902297973,10,0.9293344008552924,36.0
20.0,6,64.0,455.1456816381453,0.0,0.0,0.5,0.5,0.5,0.0,0.0,5,0,0,5,0,0.0219709873199462,0.0,1.0,0.0,0.0,0.0,0.0,0.0,1.0,0.0,0.0,0.0,0.0,0.0,1.0,1.0,666,54,84,66.6,13.099618315050252,66.6,0.0023473978042602,10,0.9320942905168188,154.44
20.0,6,64.0,2744.2449620518187,0.0,0.0,0.8,0.2,0.2,0.0,0.0,2,0,0,8,0,0.0036439895629882,0.0,1.0,0.0,0.0,0.0,0.0,0.0,1.0,0.0,0.0,0.0,0.0,0.0,1.0,1.0,750,54,84,75.0,14.491376746189438,75.0,0.0003656148910522,10,0.9326612372313278,225.0
20.0,6,64.0,1109.2814260400412,0.0,0.0,0.7,0.3,0.3,0.0,0.0,3,0,0,7,0,0.0090148448944091,0.0,1.0,0.0,0.0,0.0,0.0,0.0,1.0,0.0,0.0,0.0,0.0,0.0,1.0,1.0,764,54,86,76.4,15.457468529268734,76.4,0.0009039878845214,10,0.9330547843800828,256.0
20.0,6,64.0,242.6178149782793,0.0,0.0,0.6,0.4,0.4,0.0,0.0,4,0,0,6,0,0.0412170886993408,0.0,1.0,0.0,0.0,0.0,0.0,0.0,1.0,0.0,0.0,0.0,0.0,0.0,1.0,1.0,644,54,86,64.4,14.930952191114049,64.4,0.0043507099151611,10,0.9328403026845722,235.9183673469388
20.0,6,64.0,783.1476744403159,0.0,0.0,0.5,0.5,0.5,0.0,0.0,5,0,0,5,0,0.0127689838409423,0.0,1.0,0.0,0.0,0.0,0.0,0.0,1.0,0.0,0.0,0.0,0.0,0.0,1.0,1.0,550,54,56,55.0,1.0540925533894598,55.0,0.0012800931930541,10,0.9271874251425488,1.0
20.0,6,64.0,1660.847390512394,0.0,0.0,0.5,0.5,0.5,0.0,0.0,5,0,0,5,0,0.0060210227966308,0.0,1.0,0.0,0.0,0.0,0.0,0.0,1.0,0.0,0.0,0.0,0.0,0.0,1.0,1.0,558,54,58,55.8,1.9888578520235063,55.8,0.0006061077117919,10,0.9275682111346004,3.56
20.0,6,64.0,1447.409759127614,0.0,0.0,0.6,0.4,0.4,0.0,0.0,4,0,0,6,0,0.006908893585205,0.0,1.0,0.0,0.0,0.0,0.0,0.0,1.0,0.0,0.0,0.0,0.0,0.0,1.0,1.0,560,54,58,56.0,2.10818510677892,56.0,0.0006950855255126,10,0.9276168202850976,4.0
20.0,6,64.0,307.5318581086035,0.0,0.0,0.5,0.5,0.5,0.0,0.0,5,0,0,5,0,0.0325169563293457,0.0,1.0,0.0,0.0,0.0,0.0,0.0,1.0,0.0,0.0,0.0,0.0,0.0,1.0,1.0,594,54,64,59.4,4.993328882953068,59.4,0.0032561063766479,10,0.9287921124537598,22.44
20.0,6,64.0,2621.931612177283,0.0,0.0,0.7,0.3,0.3,0.0,0.0,3,0,0,7,0,0.0038139820098876,0.0,1.0,0.0,0.0,0.0,0.0,0.0,1.0,0.0,0.0,0.0,0.0,0.0,1.0,1.0,614,54,66,61.4,5.168279318217149,61.4,0.000384497642517,10,0.9288633802630688,25.0
20.0,6,64.0,3253.1637322578144,0.0,0.0,0.7,0.3,0.3,0.0,0.0,3,0,0,7,0,0.0030739307403564,0.0,1.0,0.0,0.0,0.0,0.0,0.0,1.0,0.0,0.0,0.0,0.0,0.0,1.0,1.0,612,54,66,61.2,6.196773353931867,61.2,0.000310206413269,10,0.9292823475934576,36.0
20.0,6,64.0,323.9395109593908,0.0,0.0,0.5,0.5,0.5,0.0,0.0,5,0,0,5,0,0.0308699607849121,0.0,1.0,0.0,0.0,0.0,0.0,0.0,1.0,0.0,0.0,0.0,0.0,0.0,1.0,1.0,594,54,66,59.4,5.738757124441959,59.4,0.0030888080596923,10,0.9290957701022128,36.0
20.0,6,64.0,1621.8018714716573,0.0,0.0,0.5,0.5,0.5,0.0,0.0,5,0,0,5,0,0.0061659812927246,0.0,1.0,0.0,0.0,0.0,0.0,0.0,1.0,0.0,0.0,0.0,0.0,0.0,1.0,1.0,590,54,64,59.0,5.270462766947299,59.0,0.0007784843444824,10,0.9289050057127436,25.0
20.0,6,64.0,764.644413249959,0.0,0.0,0.5,0.5,0.5,0.0,0.0,5,0,0,5,0,0.013077974319458,0.0,1.0,0.0,0.0,0.0,0.0,0.0,1.0,0.0,0.0,0.0,0.0,0.0,1.0,1.0,596,54,66,59.6,5.94792213951879,59.6,0.0014264106750488,10,0.9291809755627544,31.84
20.0,6,64.0,2019.4049109292248,0.0,0.0,0.5,0.5,0.5,0.0,0.0,5,0,0,5,0,0.0049519538879394,0.0,1.0,0.0,0.0,0.0,0.0,0.0,1.0,0.0,0.0,0.0,0.0,0.0,1.0,1.0,600,54,66,60.0,6.324555320336759,60.0,0.0006057024002075,10,0.9293344008552924,36.0
20.0,6,64.0,397.7113814585487,0.0,0.0,0.5,0.5,0.5,0.0,0.0,5,0,0,5,0,0.0251438617706298,0.0,1.0,0.0,0.0,0.0,0.0,0.0,1.0,0.0,0.0,0.0,0.0,0.0,1.0,1.0,612,54,66,61.2,6.196773353931867,61.2,0.0026450872421264,10,0.9292823475934576,36.0
20.0,6,64.0,549.330609144369,0.0,0.0,0.6,0.4,0.4,0.0,0.0,4,0,0,6,0,0.0182039737701416,0.0,1.0,0.0,0.0,0.0,0.0,0.0,1.0,0.0,0.0,0.0,0.0,0.0,1.0,1.0,600,54,66,60.0,6.324555320336759,60.0,0.0018218994140625,10,0.9293344008552924,36.0
20.0,6,64.0,2541.8483728258893,0.0,0.0,0.7,0.3,0.3,0.0,0.0,3,0,0,7,0,0.0039341449737548,0.0,1.0,0.0,0.0,0.0,0.0,0.0,1.0,0.0,0.0,0.0,0.0,0.0,1.0,1.0,636,54,68,63.6,6.65331997326648,63.6,0.0004973173141479,10,0.92946832642431,41.87654320987654
20.0,6,64.0,389.1325404041341,0.0,0.0,0.8,0.2,0.2,0.0,0.0,2,0,0,8,0,0.025698184967041,0.0,1.0,0.0,0.0,0.0,0.0,0.0,1.0,0.0,0.0,0.0,0.0,0.0,1.0,1.0,644,54,68,64.4,5.561774297230457,64.4,0.0026726007461547,10,0.9290236743777198,49.0
20.0,6,64.0,992.8521718546574,0.0,0.0,1.0,0.0,0.0,0.0,0.0,0,0,0,10,0,0.0100719928741455,0.0,1.0,0.0,0.0,0.0,0.0,0.0,1.0,0.0,0.0,0.0,0.0,0.0,1.0,1.0,668,66,68,66.8,1.0327955589886444,66.8,0.0010096788406372,10,0.9067291895989096,0.96
20.0,6,64.0,209.9083156503984,0.0,0.0,1.0,0.0,0.0,0.0,0.0,0,0,0,10,0,0.0476398468017578,0.0,1.0,0.0,0.0,0.0,0.0,0.0,1.0,0.0,0.0,0.0,0.0,0.0,1.0,1.0,664,64,68,66.4,2.065591117977289,66.4,0.0047672033309936,10,0.9105581691978192,3.84
20.0,6,64.0,1194.4479567136552,0.0,0.0,1.0,0.0,0.0,0.0,0.0,0,0,0,10,0,0.0083720684051513,0.0,1.0,0.0,0.0,0.0,0.0,0.0,1.0,0.0,0.0,0.0,0.0,0.0,1.0,1.0,648,64,66,64.8,1.0327955589886444,64.8,0.0008393049240112,10,0.9101374495989096,0.96
20.0,6,64.0,284.21315118989537,0.0,0.0,0.8,0.2,0.2,0.0,0.0,2,0,0,8,0,0.0351848602294921,0.0,1.0,0.0,0.0,0.0,0.0,0.0,1.0,0.0,0.0,0.0,0.0,0.0,1.0,1.0,632,54,66,63.2,4.9170903772228725,63.2,0.0035192966461181,10,0.9287610559360656,21.76
20.0,6,64.0,1138.8281292424654,0.0,0.0,0.5,0.5,0.5,0.0,0.0,5,0,0,5,0,0.0087809562683105,0.0,1.0,0.0,0.0,0.0,0.0,0.0,1.0,0.0,0.0,0.0,0.0,0.0,1.0,1.0,590,54,64,59.0,5.270462766947299,59.0,0.0010950088500976,10,0.9289050057127436,25.0
20.0,6,64.0,1725.908978684882,0.0,0.0,0.5,0.5,0.5,0.0,0.0,5,0,0,5,0,0.0057940483093261,0.0,1.0,0.0,0.0,0.0,0.0,0.0,1.0,0.0,0.0,0.0,0.0,0.0,1.0,1.0,594,54,66,59.4,5.738757124441959,59.4,0.0019737005233764,10,0.9290957701022128,29.64
20.0,6,64.0,1852.525948500508,0.0,0.0,0.6,0.4,0.4,0.0,0.0,4,0,0,6,0,0.0053980350494384,0.0,1.0,0.0,0.0,0.0,0.0,0.0,1.0,0.0,0.0,0.0,0.0,0.0,1.0,1.0,612,54,66,61.2,6.196773353931867,61.2,0.0006278038024902,10,0.9292823475934576,36.0
20.0,6,64.0,470.9473282357036,0.0,0.0,0.8,0.2,0.2,0.0,0.0,2,0,0,8,0,0.0212337970733642,0.0,1.0,0.0,0.0,0.0,0.0,0.0,1.0,0.0,0.0,0.0,0.0,0.0,1.0,1.0,636,54,66,63.6,5.059644256269407,63.6,0.0023939847946166,10,0.928819126684234,36.0
20.0,6,64.0,1352.259728535964,0.0,0.0,1.0,0.0,0.0,0.0,0.0,0,0,0,10,0,0.0073950290679931,0.0,1.0,0.0,0.0,0.0,0.0,0.0,1.0,0.0,0.0,0.0,0.0,0.0,1.0,1.0,672,66,68,67.2,1.0327955589886444,67.2,0.0007431030273437,10,0.9067291895989096,1.0
20.0,6,64.0,256.91733790695537,0.0,0.0,0.9,0.1,0.1,0.0,0.0,1,0,0,9,0,0.0389230251312255,0.0,1.0,0.0,0.0,0.0,0.0,0.0,1.0,0.0,0.0,0.0,0.0,0.0,1.0,1.0,646,54,68,64.6,4.221637386396683,64.6,0.0038932085037231,10,0.9284777562057226,49.0
20.0,6,64.0,31347.56352765321,0.0,0.0,1.0,0.0,0.0,0.0,0.0,0,0,0,10,0,0.0003190040588378,0.0,1.0,0.0,0.0,0.0,0.0,0.0,1.0,0.0,0.0,0.0,0.0,0.0,1.0,1.0,650,64,66,65.0,1.0540925533894598,65.0,0.0015558004379272,10,0.9101461251425488,1.0
20.0,6,64.0,241.82607542535587,0.0,0.0,0.8,0.2,0.2,0.0,0.0,2,0,0,8,0,0.0413520336151123,0.0,1.0,0.0,0.0,0.0,0.0,0.0,1.0,0.0,0.0,0.0,0.0,0.0,1.0,1.0,648,54,66,64.8,3.794733192202055,64.8,0.0041388988494873,10,0.9283038525131756,17.63265306122449
20.0,6,64.0,3510.171562473847,0.0,0.0,0.6,0.4,0.4,0.0,0.0,4,0,0,6,0,0.0028488636016845,0.0,1.0,0.0,0.0,0.0,0.0,0.0,1.0,0.0,0.0,0.0,0.0,0.0,1.0,1.0,600,54,66,60.0,6.324555320336759,60.0,0.000288987159729,10,0.9293344008552924,36.0
20.0,6,64.0,710.1286739807666,0.0,0.0,0.6,0.4,0.4,0.0,0.0,4,0,0,6,0,0.0140819549560546,0.0,1.0,0.0,0.0,0.0,0.0,0.0,1.0,0.0,0.0,0.0,0.0,0.0,1.0,1.0,624,54,66,62.4,5.796550698475776,62.4,0.0015104055404663,10,0.9291193128925312,35.26530612244898
20.0,6,64.0,422.7617626899972,0.0,0.0,0.6,0.4,0.4,0.0,0.0,4,0,0,6,0,0.0236539840698242,0.0,1.0,0.0,0.0,0.0,0.0,0.0,1.0,0.0,0.0,0.0,0.0,0.0,1.0,1.0,600,54,66,60.0,6.324555320336759,60.0,0.0023682117462158,10,0.9293344008552924,36.0
20.0,6,64.0,4761.925522252498,0.0,0.0,1.0,0.0,0.0,0.0,0.0,0,0,0,10,0,0.0020999908447265,0.0,1.0,0.0,0.0,0.0,0.0,0.0,1.0,0.0,0.0,0.0,0.0,0.0,1.0,1.0,662,66,68,66.2,0.6324555320336759,66.2,0.0011900901794433,10,0.0,0.36
20.0,6,64.0,268.43373802407666,0.0,0.0,0.9,0.1,0.1,0.0,0.0,1,0,0,9,0,0.0372531414031982,0.0,1.0,0.0,0.0,0.0,0.0,0.0,1.0,0.0,0.0,0.0,0.0,0.0,1.0,1.0,1836,68,1224,183.6,365.5592975154647,183.6,0.0038113117218017,10,1.0,120270.24000000002
20.0,6,64.0,414.50606791319126,0.0,0.0,0.7,0.3,0.3,0.0,0.0,3,0,0,7,0,0.0241250991821289,0.0,1.0,0.0,0.0,0.0,0.0,0.0,1.0,0.0,0.0,0.0,0.0,0.0,1.0,1.0,7560,54,1224,756.0,604.1854020083571,756.0,0.0024194955825805,10,1.0,342225.0
20.0,6,64.0,3532.3429341418223,0.0,0.0,0.6,0.4,0.4,0.0,0.0,4,0,0,6,0,0.0028309822082519,0.0,1.0,0.0,0.0,0.0,0.0,0.0,1.0,0.0,0.0,0.0,0.0,0.0,1.0,1.0,7566,54,1226,756.6,604.7023510234876,756.6,0.0002846956253051,10,1.0,342517.9375
20.0,6,64.0,3502.550313152401,0.0,0.0,0.7,0.3,0.3,0.0,0.0,3,0,0,7,0,0.0028550624847412,0.0,1.0,0.0,0.0,0.0,0.0,0.0,1.0,0.0,0.0,0.0,0.0,0.0,1.0,1.0,8744,54,1226,874.4,566.1297848844673,874.4,0.0002882957458496,10,1.0,288452.64
20.0,6,64.0,513.40383862123,0.0,0.0,0.6,0.4,0.4,0.0,0.0,4,0,0,6,0,0.0194778442382812,0.0,1.0,0.0,0.0,0.0,0.0,0.0,1.0,0.0,0.0,0.0,0.0,0.0,1.0,1.0,659,54,71,65.9,8.211780156174015,65.9,0.0043540000915527,10,0.9301031807644192,72.25
20.0,6,64.0,3707.835926449788,0.0,0.0,0.8,0.2,0.2,0.0,0.0,2,0,0,8,0,0.0026969909667968,0.0,1.0,0.0,0.0,0.0,0.0,0.0,1.0,0.0,0.0,0.0,0.0,0.0,1.0,1.0,686,54,73,68.6,7.748835037890821,68.6,0.0002726078033447,10,0.9299145954410352,72.25
20.0,6,64.0,1056.4199178903357,0.0,0.0,0.6,0.4,0.4,0.0,0.0,4,0,0,6,0,0.0094659328460693,0.0,1.0,0.0,0.0,0.0,0.0,0.0,1.0,0.0,0.0,0.0,0.0,0.0,1.0,1.0,635,54,73,63.5,10.013879257199868,63.5,0.0009510993957519,10,0.9308372838542128,90.25
20.0,6,64.0,1221.7605592775997,0.0,0.0,0.5,0.5,0.5,0.0,0.0,5,0,0,5,0,0.0081849098205566,0.0,1.0,0.0,0.0,0.0,0.0,0.0,1.0,0.0,0.0,0.0,0.0,0.0,1.0,1.0,590,54,64,59.0,5.270462766947299,59.0,0.002822995185852,10,0.9289050057127436,25.0
20.0,6,64.0,885.1170152151434,0.0,0.0,0.5,0.5,0.5,0.0,0.0,5,0,0,5,0,0.0112979412078857,0.0,1.0,0.0,0.0,0.0,0.0,0.0,1.0,0.0,0.0,0.0,0.0,0.0,1.0,1.0,590,54,64,59.0,5.270462766947299,59.0,0.0012469053268432,10,0.9289050057127436,25.0
20.0,6,64.0,1268.541011371885,0.0,0.0,0.5,0.5,0.5,0.0,0.0,5,0,0,5,0,0.007883071899414,0.0,1.0,0.0,0.0,0.0,0.0,0.0,1.0,0.0,0.0,0.0,0.0,0.0,1.0,1.0,600,54,66,60.0,6.324555320336759,60.0,0.0009351015090942,10,0.9293344008552924,36.0
20.0,6,64.0,3436.5456780008194,0.0,0.0,0.5,0.5,0.5,0.0,0.0,5,0,0,5,0,0.0029098987579345,0.0,1.0,0.0,0.0,0.0,0.0,0.0,1.0,0.0,0.0,0.0,0.0,0.0,1.0,1.0,600,54,66,60.0,6.324555320336759,60.0,0.0003433942794799,10,0.9293344008552924,36.0
20.0,6,64.0,836.335068094355,0.0,0.0,0.8,0.2,0.2,0.0,0.0,2,0,0,8,0,0.0119569301605224,0.0,1.0,0.0,0.0,0.0,0.0,0.0,1.0,0.0,0.0,0.0,0.0,0.0,1.0,1.0,636,54,66,63.6,5.059644256269407,63.6,0.0030940055847167,10,0.928819126684234,36.0
20.0,6,64.0,648.4198809615831,0.0,0.0,0.6,0.4,0.4,0.0,0.0,4,0,0,6,0,0.0154221057891845,0.0,1.0,0.0,0.0,0.0,0.0,0.0,1.0,0.0,0.0,0.0,0.0,0.0,1.0,1.0,620,54,68,62.0,6.928203230275509,62.0,0.0017173051834106,10,0.9295803028678852,43.55555555555556
20.0,6,64.0,2138.5326059246418,0.0,0.0,0.6,0.4,0.4,0.0,0.0,4,0,0,6,0,0.0046761035919189,0.0,1.0,0.0,0.0,0.0,0.0,0.0,1.0,0.0,0.0,0.0,0.0,0.0,1.0,1.0,624,54,68,62.4,7.229568912920511,62.4,0.0004719972610473,10,0.9297030671923672,48.39506172839506
20.0,6,64.0,1127.5010752688172,0.0,0.0,0.6,0.4,0.4,0.0,0.0,4,0,0,6,0,0.0088691711425781,0.0,1.0,0.0,0.0,0.0,0.0,0.0,1.0,0.0,0.0,0.0,0.0,0.0,1.0,1.0,1482,54,211,148.2,81.0744513806086,148.2,0.0026005029678344,10,0.9597845185144048,6162.25
20.0,6,64.0,1695.1477185466597,0.0,0.0,0.5,0.5,0.5,0.0,0.0,5,0,0,5,0,0.0058991909027099,0.0,1.0,0.0,0.0,0.0,0.0,0.0,1.0,0.0,0.0,0.0,0.0,0.0,1.0,1.0,1486,54,213,148.6,81.4223556524865,148.6,0.0007066011428833,10,0.9599262407985968,6117.58024691358
20.0,6,64.0,1083.1837198491814,0.0,0.0,0.7,0.3,0.3,0.0,0.0,3,0,0,7,0,0.0092320442199707,0.0,1.0,0.0,0.0,0.0,0.0,0.0,1.0,0.0,0.0,0.0,0.0,0.0,1.0,1.0,1494,54,213,149.4,82.10724693959725,149.4,0.0009261846542358,10,0.9602052381133144,6320.25
20.0,6,64.0,317.23839561919027,0.0,0.0,0.5,0.5,0.5,0.0,0.0,5,0,0,5,0,0.0315220355987548,0.0,1.0,0.0,0.0,0.0,0.0,0.0,1.0,0.0,0.0,0.0,0.0,0.0,1.0,1.0,888,54,213,88.8,65.61808693746971,88.8,0.0031537055969238,10,0.9534882138948476,6320.25
20.0,6,64.0,552.4272637471189,0.0,0.0,0.5,0.5,0.5,0.0,0.0,5,0,0,5,0,0.0181019306182861,0.0,1.0,0.0,0.0,0.0,0.0,0.0,1.0,0.0,0.0,0.0,0.0,0.0,1.0,1.0,600,54,64,60.0,5.163977794943222,60.0,0.0018918991088867,10,0.928861627994548,24.691358024691358
20.0,6,64.0,1976.3011826791687,0.0,0.0,0.5,0.5,0.5,0.0,0.0,5,0,0,5,0,0.0050599575042724,0.0,1.0,0.0,0.0,0.0,0.0,0.0,1.0,0.0,0.0,0.0,0.0,0.0,1.0,1.0,598,54,66,59.8,6.142746399887703,59.8,0.00050950050354,10,0.9292603391734584,33.959999999999994
20.0,6,64.0,3139.684108091923,0.0,0.0,0.6,0.4,0.4,0.0,0.0,4,0,0,6,0,0.0031850337982177,0.0,1.0,0.0,0.0,0.0,0.0,0.0,1.0,0.0,0.0,0.0,0.0,0.0,1.0,1.0,600,54,66,60.0,6.324555320336759,60.0,0.0003201961517333,10,0.9293344008552924,36.0
20.0,6,64.0,227.0923030276779,0.0,0.0,0.6,0.4,0.4,0.0,0.0,4,0,0,6,0,0.0440349578857421,0.0,1.0,0.0,0.0,0.0,0.0,0.0,1.0,0.0,0.0,0.0,0.0,0.0,1.0,1.0,612,54,66,61.2,6.196773353931867,61.2,0.0044665098190307,10,0.9292823475934576,36.0
20.0,6,64.0,3161.694557515453,0.0,0.0,0.6,0.4,0.4,0.0,0.0,4,0,0,6,0,0.0031628608703613,0.0,1.0,0.0,0.0,0.0,0.0,0.0,1.0,0.0,0.0,0.0,0.0,0.0,1.0,1.0,628,54,68,62.8,6.124631508189787,62.8,0.0003183841705322,10,0.9292529598911762,36.0
20.0,6,64.0,3449.5468377333664,0.0,0.0,0.9,0.1,0.1,0.0,0.0,1,0,0,9,0,0.0028989315032958,0.0,1.0,0.0,0.0,0.0,0.0,0.0,1.0,0.0,0.0,0.0,0.0,0.0,1.0,1.0,652,54,68,65.2,5.902918298980975,65.2,0.0002912044525146,10,0.9291626427982728,49.0
20.0,6,64.0,706.9687162891047,0.0,0.0,1.0,0.0,0.0,0.0,0.0,0,0,0,10,0,0.0141448974609375,0.0,1.0,0.0,0.0,0.0,0.0,0.0,1.0,0.0,0.0,0.0,0.0,0.0,1.0,1.0,4970,497,497,497.0,0.0,497.0,0.0036118984222412,10,0.0,0.0
20.0,6,64.0,1540.3246419390375,0.0,0.0,1.0,0.0,0.0,0.0,0.0,0,0,0,10,0,0.0064921379089355,0.0,1.0,0.0,0.0,0.0,0.0,0.0,1.0,0.0,0.0,0.0,0.0,0.0,1.0,1.0,4990,499,499,499.0,0.0,499.0,0.0006507158279418,10,0.0,0.0
20.0,6,64.0,521.5693199199175,0.0,0.0,1.0,0.0,0.0,0.0,0.0,0,0,0,10,0,0.0191729068756103,0.0,1.0,0.0,0.0,0.0,0.0,0.0,1.0,0.0,0.0,0.0,0.0,0.0,1.0,1.0,750,75,75,75.0,0.0,75.0,0.0050679922103881,10,0.0,0.0
20.0,6,64.0,66682.09856915739,0.0,0.0,1.0,0.0,0.0,0.0,0.0,0,0,0,10,0,0.0001499652862548,0.0,1.0,0.0,0.0,0.0,0.0,0.0,1.0,0.0,0.0,0.0,0.0,0.0,1.0,1.0,770,77,77,77.0,0.0,77.0,0.000209093093872,10,0.0,0.0
20.0,6,64.0,575.3029928949607,0.0,0.0,0.5,0.5,0.5,0.0,0.0,5,0,0,5,0,0.0173821449279785,0.0,1.0,0.0,0.0,0.0,0.0,0.0,1.0,0.0,0.0,0.0,0.0,0.0,1.0,1.0,600,54,66,60.0,6.324555320336759,60.0,0.0044962167739868,10,0.9293344008552924,36.0
20.0,6,64.0,974.5582973186488,0.0,0.0,0.5,0.5,0.5,0.0,0.0,5,0,0,5,0,0.010261058807373,0.0,1.0,0.0,0.0,0.0,0.0,0.0,1.0,0.0,0.0,0.0,0.0,0.0,1.0,1.0,600,54,66,60.0,6.324555320336759,60.0,0.0012436866760253,10,0.9293344008552924,36.0
20.0,6,64.0,3112.425051944197,0.0,0.0,0.5,0.5,0.5,0.0,0.0,5,0,0,5,0,0.0032129287719726,0.0,1.0,0.0,0.0,0.0,0.0,0.0,1.0,0.0,0.0,0.0,0.0,0.0,1.0,1.0,605,54,67,60.5,6.851601597031489,60.5,0.0003511905670166,10,0.9295490984265669,42.25
20.0,6,64.0,2836.864389584038,0.0,0.0,0.5,0.5,0.5,0.0,0.0,5,0,0,5,0,0.0035250186920166,0.0,1.0,0.0,0.0,0.0,0.0,0.0,1.0,0.0,0.0,0.0,0.0,0.0,1.0,1.0,605,54,67,60.5,6.851601597031489,60.5,0.0004672050476074,10,0.9295490984265669,42.25
20.0,6,64.0,1233.9454561501575,0.0,0.0,0.7,0.3,0.3,0.0,0.0,3,0,0,7,0,0.0081040859222412,0.0,1.0,0.0,0.0,0.0,0.0,0.0,1.0,0.0,0.0,0.0,0.0,0.0,1.0,1.0,624,54,66,62.4,5.796550698475775,62.4,0.0025297164916992,10,0.9291193128925312,32.0
20.0,6,64.0,3148.6404924555213,0.0,0.0,0.8,0.2,0.2,0.0,0.0,2,0,0,8,0,0.0031759738922119,0.0,1.0,0.0,0.0,0.0,0.0,0.0,1.0,0.0,0.0,0.0,0.0,0.0,1.0,1.0,646,54,68,64.6,5.660781257427675,64.6,0.0011115789413452,10,0.9290640058530256,28.840000000000003
20.0,6,64.0,294.9166080720011,0.0,0.0,0.9,0.1,0.1,0.0,0.0,1,0,0,9,0,0.0339078903198242,0.0,1.0,0.0,0.0,0.0,0.0,0.0,1.0,0.0,0.0,0.0,0.0,0.0,1.0,1.0,658,54,68,65.8,4.263540521418527,65.8,0.0033925056457519,10,0.9284948258668052,49.0
20.0,6,64.0,36631.47598253275,0.0,0.0,1.0,0.0,0.0,0.0,0.0,0,0,0,10,0,0.0002729892730712,0.0,1.0,0.0,0.0,0.0,0.0,0.0,1.0,0.0,0.0,0.0,0.0,0.0,1.0,1.0,668,66,68,66.8,1.0327955589886444,66.8,0.0012243032455444,10,0.9067291895989096,0.96
20.0,6,64.0,201.83651176331884,0.0,0.0,1.0,0.0,0.0,0.0,0.0,0,0,0,10,0,0.0495450496673584,0.0,1.0,0.0,0.0,0.0,0.0,0.0,1.0,0.0,0.0,0.0,0.0,0.0,1.0,1.0,672,66,68,67.2,1.0327955589886444,67.2,0.0049560070037841,10,0.9067291895989096,0.96
20.0,6,64.0,128266.17737003058,0.0,0.0,1.0,0.0,0.0,0.0,0.0,0,0,0,10,0,7.796287536621094e-05,0.0,1.0,0.0,0.0,0.0,0.0,0.0,1.0,0.0,0.0,0.0,0.0,0.0,1.0,1.0,668,66,68,66.8,1.0327955589886444,66.8,8.797645568847656e-06,10,0.9067291895989096,0.96
20.0,6,64.0,231.73334364657975,0.0,0.0,0.8,0.2,0.2,0.0,0.0,2,0,0,8,0,0.0431530475616455,0.0,1.0,0.0,0.0,0.0,0.0,0.0,1.0,0.0,0.0,0.0,0.0,0.0,1.0,1.0,1006,54,245,100.6,76.31979501486565,100.6,0.0043160915374755,10,0.9578476616972555,5556.617283950617
20.0,6,64.0,590.2482409231635,0.0,0.0,0.5,0.5,0.5,0.0,0.0,5,0,0,5,0,0.016942024230957,0.0,1.0,0.0,0.0,0.0,0.0,0.0,1.0,0.0,0.0,0.0,0.0,0.0,1.0,1.0,1686,54,245,168.6,98.63197588341556,168.6,0.0016956090927124,10,0.966936751695868,9120.25
20.0,6,64.0,2171.9765936512867,0.0,0.0,0.6,0.4,0.4,0.0,0.0,4,0,0,6,0,0.0046041011810302,0.0,1.0,0.0,0.0,0.0,0.0,0.0,1.0,0.0,0.0,0.0,0.0,0.0,1.0,1.0,1694,54,247,169.4,99.32348944512349,169.4,0.0004621028900146,10,0.9672184466603656,9216.5
20.0,6,64.0,3024.011535688536,0.0,0.0,0.5,0.5,0.5,0.0,0.0,5,0,0,5,0,0.0033068656921386,0.0,1.0,0.0,0.0,0.0,0.0,0.0,1.0,0.0,0.0,0.0,0.0,0.0,1.0,1.0,1505,54,247,150.5,101.71993140208288,150.5,0.0003336906433105,10,0.9681946612559524,9312.25
20.0,6,64.0,251.33803534297303,0.0,0.0,0.9,0.1,0.1,0.0,0.0,1,0,0,9,0,0.0397870540618896,0.0,1.0,0.0,0.0,0.0,0.0,0.0,1.0,0.0,0.0,0.0,0.0,0.0,1.0,1.0,8923,54,1224,892.3,536.664606621305,892.3,0.0039817094802856,10,1.0,309763.4722222222
20.0,6,64.0,64133.08868501529,0.0,0.0,1.0,0.0,0.0,0.0,0.0,0,0,0,10,0,0.0001559257507324,0.0,1.0,0.0,0.0,0.0,0.0,0.0,1.0,0.0,0.0,0.0,0.0,0.0,1.0,1.0,12254,1224,1226,1225.4,0.966091783079296,1225.4,1.888275146484375e-05,10,0.0,1.0
20.0,6,64.0,187.63186736989965,0.0,0.0,0.6,0.4,0.4,0.0,0.0,4,0,0,6,0,0.0532958507537841,0.0,1.0,0.0,0.0,0.0,0.0,0.0,1.0,0.0,0.0,0.0,0.0,0.0,1.0,1.0,4104,54,1226,410.4,562.841836871899,410.4,0.0053312063217163,10,1.0,338740.0
20.0,6,64.0,608.6375575000362,0.0,0.0,0.5,0.5,0.5,0.0,0.0,5,0,0,5,0,0.0164301395416259,0.0,1.0,0.0,0.0,0.0,0.0,0.0,1.0,0.0,0.0,0.0,0.0,0.0,1.0,1.0,600,54,66,60.0,6.324555320336759,60.0,0.001646614074707,10,0.9293344008552924,36.0
20.0,6,64.0,942.5190445158536,0.0,0.0,0.6,0.4,0.4,0.0,0.0,4,0,0,6,0,0.0106098651885986,0.0,1.0,0.0,0.0,0.0,0.0,0.0,1.0,0.0,0.0,0.0,0.0,0.0,1.0,1.0,608,54,68,60.8,7.192588778272627,60.8,0.001066780090332,10,0.9296880029647172,46.56
20.0,6,64.0,2392.916476494752,0.0,0.0,0.5,0.5,0.5,0.0,0.0,5,0,0,5,0,0.0041790008544921,0.0,1.0,0.0,0.0,0.0,0.0,0.0,1.0,0.0,0.0,0.0,0.0,0.0,1.0,1.0,610,54,68,61.0,7.378647873726218,61.0,0.0004550218582153,10,0.9297637959978412,49.0
20.0,6,64.0,504.0322057321396,0.0,0.0,0.5,0.5,0.5,0.0,0.0,5,0,0,5,0,0.0198400020599365,0.0,1.0,0.0,0.0,0.0,0.0,0.0,1.0,0.0,0.0,0.0,0.0,0.0,1.0,1.0,614,54,68,61.4,6.397916327472042,61.4,0.0020905971527099,10,0.929364285195159,49.0
20.0,6,64.0,419.0030169227388,0.0,0.0,0.6,0.4,0.4,0.0,0.0,4,0,0,6,0,0.0238661766052246,0.0,1.0,0.0,0.0,0.0,0.0,0.0,1.0,0.0,0.0,0.0,0.0,0.0,1.0,1.0,614,54,68,61.4,6.397916327472042,61.4,0.0023895978927612,10,0.929364285195159,36.84
20.0,6,64.0,2347.9086430810567,0.0,0.0,0.7,0.3,0.3,0.0,0.0,3,0,0,7,0,0.0042591094970703,0.0,1.0,0.0,0.0,0.0,0.0,0.0,1.0,0.0,0.0,0.0,0.0,0.0,1.0,1.0,624,54,68,62.4,7.229568912920511,62.4,0.0004287958145141,10,0.9297030671923672,49.0
20.0,6,64.0,832.2361998492004,0.0,0.0,0.8,0.2,0.2,0.0,0.0,2,0,0,8,0,0.0120158195495605,0.0,1.0,0.0,0.0,0.0,0.0,0.0,1.0,0.0,0.0,0.0,0.0,0.0,1.0,1.0,632,54,68,63.2,5.181162460726786,63.2,0.0012045860290527,10,0.9288686283400016,49.0
20.0,6,64.0,936.5839715963648,0.0,0.0,1.0,0.0,0.0,0.0,0.0,0,0,0,10,0,0.0106770992279052,0.0,1.0,0.0,0.0,0.0,0.0,0.0,1.0,0.0,0.0,0.0,0.0,0.0,1.0,1.0,650,64,66,65.0,1.0540925533894598,65.0,0.0010708093643188,10,0.9101461251425488,1.0
20.0,6,64.0,287.835079845456,0.0,0.0,0.7,0.3,0.3,0.0,0.0,3,0,0,7,0,0.0347421169281005,0.0,1.0,0.0,0.0,0.0,0.0,0.0,1.0,0.0,0.0,0.0,0.0,0.0,1.0,1.0,636,54,66,63.6,5.059644256269407,63.6,0.0034757137298583,10,0.928819126684234,24.88888888888889
20.0,6,64.0,695.5612676406693,0.0,0.0,0.5,0.5,0.5,0.0,0.0,5,0,0,5,0,0.0143768787384033,0.0,1.0,0.0,0.0,0.0,0.0,0.0,1.0,0.0,0.0,0.0,0.0,0.0,1.0,1.0,600,54,66,60.0,6.324555320336759,60.0,0.0014408826828002,10,0.9293344008552924,36.0
20.0,6,64.0,2561.4070229007634,0.0,0.0,0.5,0.5,0.5,0.0,0.0,5,0,0,5,0,0.003904104232788,0.0,1.0,0.0,0.0,0.0,0.0,0.0,1.0,0.0,0.0,0.0,0.0,0.0,1.0,1.0,606,54,68,60.6,6.995236474439826,60.6,0.0003934144973754,10,0.9296076095302278,44.04
20.0,6,64.0,3202.98129056892,0.0,0.0,0.6,0.4,0.4,0.0,0.0,4,0,0,6,0,0.0031220912933349,0.0,1.0,0.0,0.0,0.0,0.0,0.0,1.0,0.0,0.0,0.0,0.0,0.0,1.0,1.0,624,54,68,62.4,7.229568912920511,62.4,0.0003150939941406,10,0.9297030671923672,49.0
20.0,6,64.0,196.5760563908365,0.0,0.0,0.6,0.4,0.4,0.0,0.0,4,0,0,6,0,0.0508708953857421,0.0,1.0,0.0,0.0,0.0,0.0,0.0,1.0,0.0,0.0,0.0,0.0,0.0,1.0,1.0,646,54,77,64.6,11.49105932646962,64.6,0.0050899982452392,10,0.9314390279272308,118.84
20.0,6,64.0,2177.7279335410176,0.0,0.0,0.5,0.5,0.5,0.0,0.0,5,0,0,5,0,0.004591941833496,0.0,1.0,0.0,0.0,0.0,0.0,0.0,1.0,0.0,0.0,0.0,0.0,0.0,1.0,1.0,678,54,77,67.8,11.877148928369412,67.8,0.000555396080017,10,0.9315963053874604,132.25
20.0,6,64.0,3217.724587648638,0.0,0.0,0.6,0.4,0.4,0.0,0.0,4,0,0,6,0,0.0031077861785888,0.0,1.0,0.0,0.0,0.0,0.0,0.0,1.0,0.0,0.0,0.0,0.0,0.0,1.0,1.0,665,54,79,66.5,13.176156917368248,66.5,0.0003130912780761,10,0.9321254692818592,156.25
20.0,6,64.0,427.0576496222535,0.0,0.0,0.5,0.5,0.5,0.0,0.0,5,0,0,5,0,0.0234160423278808,0.0,1.0,0.0,0.0,0.0,0.0,0.0,1.0,0.0,0.0,0.0,0.0,0.0,1.0,1.0,981,54,370,98.1,96.34019583399927,98.1,0.002397608757019,10,0.966003172174938,8353.289999999997
20.0,6,64.0,490.3898047468724,0.0,0.0,0.5,0.5,0.5,0.0,0.0,5,0,0,5,0,0.0203919410705566,0.0,1.0,0.0,0.0,0.0,0.0,0.0,1.0,0.0,0.0,0.0,0.0,0.0,1.0,1.0,2120,54,370,212.0,166.54662343553466,212.0,0.0020446062088012,10,0.9946024625226996,24964.0
20.0,6,64.0,2909.478357380688,0.0,0.0,0.5,0.5,0.5,0.0,0.0,5,0,0,5,0,0.0034370422363281,0.0,1.0,0.0,0.0,0.0,0.0,0.0,1.0,0.0,0.0,0.0,0.0,0.0,1.0,1.0,2122,54,372,212.2,166.75850802882593,212.2,0.0003465890884399,10,0.9946887758306224,25027.56
20.0,6,64.0,2162.123820815506,0.0,0.0,0.6,0.4,0.4,0.0,0.0,4,0,0,6,0,0.0046250820159912,0.0,1.0,0.0,0.0,0.0,0.0,0.0,1.0,0.0,0.0,0.0,0.0,0.0,1.0,1.0,2448,54,372,244.8,164.2144938791945,244.8,0.0004654169082641,10,0.9936524462266288,25281.0
20.0,6,64.0,371.3745351514078,0.0,0.0,0.6,0.4,0.4,0.0,0.0,4,0,0,6,0,0.0269269943237304,0.0,1.0,0.0,0.0,0.0,0.0,0.0,1.0,0.0,0.0,0.0,0.0,0.0,1.0,1.0,1530,54,372,153.0,151.21507861321237,153.0,0.0026947975158691,10,0.9883570044238782,25281.0
20.0,6,64.0,667.8721676406427,0.0,0.0,0.5,0.5,0.5,0.0,0.0,5,0,0,5,0,0.0149729251861572,0.0,1.0,0.0,0.0,0.0,0.0,0.0,1.0,0.0,0.0,0.0,0.0,0.0,1.0,1.0,600,54,66,60.0,6.324555320336759,60.0,0.0015010833740234,10,0.9293344008552924,36.0
20.0,6,64.0,1156.0607480499434,0.0,0.0,0.6,0.4,0.4,0.0,0.0,4,0,0,6,0,0.0086500644683837,0.0,1.0,0.0,0.0,0.0,0.0,0.0,1.0,0.0,0.0,0.0,0.0,0.0,1.0,1.0,620,54,68,62.0,6.928203230275509,62.0,0.0008774042129516,10,0.9295803028678852,43.55555555555556
20.0,6,64.0,1529.0379497648646,0.0,0.0,0.5,0.5,0.5,0.0,0.0,5,0,0,5,0,0.0065400600433349,0.0,1.0,0.0,0.0,0.0,0.0,0.0,1.0,0.0,0.0,0.0,0.0,0.0,1.0,1.0,610,54,68,61.0,7.378647873726218,61.0,0.0006575107574462,10,0.9297637959978412,49.0
20.0,6,64.0,409.03278656550486,0.0,0.0,0.9,0.1,0.1,0.0,0.0,1,0,0,9,0,0.0244479179382324,0.0,1.0,0.0,0.0,0.0,0.0,0.0,1.0,0.0,0.0,0.0,0.0,0.0,1.0,1.0,8744,54,1224,874.4,562.92237475517,874.4,0.0024484872817993,10,1.0,339522.2222222222
20.0,6,64.0,1383.1175597691674,0.0,0.0,1.0,0.0,0.0,0.0,0.0,0,0,0,10,0,0.0072300434112548,0.0,1.0,0.0,0.0,0.0,0.0,0.0,1.0,0.0,0.0,0.0,0.0,0.0,1.0,1.0,12254,1224,1226,1225.4,0.966091783079296,1225.4,0.0009078025817871,10,0.0,1.0
20.0,6,64.0,215.2569912394599,0.0,0.0,0.6,0.4,0.4,0.0,0.0,4,0,0,6,0,0.0464560985565185,0.0,1.0,0.0,0.0,0.0,0.0,0.0,1.0,0.0,0.0,0.0,0.0,0.0,1.0,1.0,4096,54,1226,409.6,563.3864274782155,409.6,0.0046992063522338,10,1.0,339511.5555555556
20.0,6,64.0,3403.638724336606,0.0,0.0,0.6,0.4,0.4,0.0,0.0,4,0,0,6,0,0.0029380321502685,0.0,1.0,0.0,0.0,0.0,0.0,0.0,1.0,0.0,0.0,0.0,0.0,0.0,1.0,1.0,600,54,64,60.0,5.163977794943222,60.0,0.0003000020980834,10,0.928861627994548,25.0
20.0,6,64.0,854.7593234155288,0.0,0.0,0.6,0.4,0.4,0.0,0.0,4,0,0,6,0,0.0116991996765136,0.0,1.0,0.0,0.0,0.0,0.0,0.0,1.0,0.0,0.0,0.0,0.0,0.0,1.0,1.0,600,54,66,60.0,6.324555320336759,60.0,0.0011707067489624,10,0.9293344008552924,36.0
20.0,6,64.0,2032.911981388135,0.0,0.0,0.5,0.5,0.5,0.0,0.0,5,0,0,5,0,0.0049190521240234,0.0,1.0,0.0,0.0,0.0,0.0,0.0,1.0,0.0,0.0,0.0,0.0,0.0,1.0,1.0,600,54,66,60.0,6.324555320336759,60.0,0.0004952907562255,10,0.9293344008552924,36.0
20.0,6,64.0,621.1207202938041,0.0,0.0,1.0,0.0,0.0,0.0,0.0,0,0,0,10,0,0.0160999298095703,0.0,1.0,0.0,0.0,0.0,0.0,0.0,1.0,0.0,0.0,0.0,0.0,0.0,1.0,1.0,640,64,64,64.0,0.0,64.0,0.0036231994628906,10,0.0,0.0
20.0,6,64.0,40681.90106692532,0.0,0.0,1.0,0.0,0.0,0.0,0.0,0,0,0,10,0,0.0002458095550537,0.0,1.0,0.0,0.0,0.0,0.0,0.0,1.0,0.0,0.0,0.0,0.0,0.0,1.0,1.0,660,66,66,66.0,0.0,66.0,0.0001272916793823,10,0.0,0.0
20.0,6,64.0,582.9551487859457,0.0,0.0,1.0,0.0,0.0,0.0,0.0,0,0,0,10,0,0.0171539783477783,0.0,1.0,0.0,0.0,0.0,0.0,0.0,1.0,0.0,0.0,0.0,0.0,0.0,1.0,1.0,640,64,64,64.0,0.0,64.0,0.0049075126647949,10,0.0,0.0
20.0,6,64.0,47180.02249718785,0.0,0.0,1.0,0.0,0.0,0.0,0.0,0,0,0,10,0,0.0002119541168212,0.0,1.0,0.0,0.0,0.0,0.0,0.0,1.0,0.0,0.0,0.0,0.0,0.0,1.0,1.0,660,66,66,66.0,0.0,66.0,2.620220184326172e-05,10,0.0,0.0
20.0,6,64.0,910.9141057660984,0.0,0.0,0.5,0.5,0.5,0.0,0.0,5,0,0,5,0,0.0109779834747314,0.0,1.0,0.0,0.0,0.0,0.0,0.0,1.0,0.0,0.0,0.0,0.0,0.0,1.0,1.0,570,54,60,57.0,3.1622776601683795,57.0,0.00463228225708,10,0.9280462154276462,9.0
20.0,6,64.0,613.9832828305008,0.0,0.0,0.5,0.5,0.5,0.0,0.0,5,0,0,5,0,0.016287088394165,0.0,1.0,0.0,0.0,0.0,0.0,0.0,1.0,0.0,0.0,0.0,0.0,0.0,1.0,1.0,570,54,60,57.0,3.1622776601683795,57.0,0.0021406173706054,10,0.9280462154276462,9.0
20.0,6,64.0,2958.735891647856,0.0,0.0,0.6,0.4,0.4,0.0,0.0,4,0,0,6,0,0.0033798217773437,0.0,1.0,0.0,0.0,0.0,0.0,0.0,1.0,0.0,0.0,0.0,0.0,0.0,1.0,1.0,588,54,62,58.8,4.131182235954578,58.8,0.0004737854003906,10,0.9284409083956384,16.0
20.0,6,64.0,512.0375027467832,0.0,0.0,0.6,0.4,0.4,0.0,0.0,4,0,0,6,0,0.0195298194885253,0.0,1.0,0.0,0.0,0.0,0.0,0.0,1.0,0.0,0.0,0.0,0.0,0.0,1.0,1.0,596,54,66,59.6,5.059644256269407,59.6,0.0020756959915161,10,0.928819126684234,23.04
20.0,6,64.0,1375.6777854308111,0.0,0.0,1.0,0.0,0.0,0.0,0.0,0,0,0,10,0,0.0072691440582275,0.0,1.0,0.0,0.0,0.0,0.0,0.0,1.0,0.0,0.0,0.0,0.0,0.0,1.0,1.0,664,66,68,66.4,0.8432740427115678,66.4,0.0007315158843994,10,0.0,0.64
20.0,6,64.0,258.26358956675944,0.0,0.0,0.9,0.1,0.1,0.0,0.0,1,0,0,9,0,0.0387201309204101,0.0,1.0,0.0,0.0,0.0,0.0,0.0,1.0,0.0,0.0,0.0,0.0,0.0,1.0,1.0,812,54,214,81.2,46.86813653456069,81.2,0.003872799873352,10,0.9458502340987186,2105.283950617284
20.0,6,64.0,1115.1801334715908,0.0,0.0,0.5,0.5,0.5,0.0,0.0,5,0,0,5,0,0.0089671611785888,0.0,1.0,0.0,0.0,0.0,0.0,0.0,1.0,0.0,0.0,0.0,0.0,0.0,1.0,1.0,1500,54,214,150.0,82.62364471909156,150.0,0.0012078046798706,10,0.9604155979127692,6400.0
20.0,6,64.0,667.9147093013997,0.0,0.0,0.5,0.5,0.5,0.0,0.0,5,0,0,5,0,0.0149719715118408,0.0,1.0,0.0,0.0,0.0,0.0,0.0,1.0,0.0,0.0,0.0,0.0,0.0,1.0,1.0,1344,54,216,134.4,84.7521877790381,134.4,0.0015007972717285,10,0.961282681213669,6464.64
20.0,6,64.0,2345.151803187028,0.0,0.0,0.5,0.5,0.5,0.0,0.0,5,0,0,5,0,0.0042641162872314,0.0,1.0,0.0,0.0,0.0,0.0,0.0,1.0,0.0,0.0,0.0,0.0,0.0,1.0,1.0,1350,54,216,135.0,85.38149682454625,135.0,0.0004292964935302,10,0.9615390365464472,6561.0
20.0,6,64.0,437.8690663854931,0.0,0.0,0.6,0.4,0.4,0.0,0.0,4,0,0,6,0,0.0228378772735595,0.0,1.0,0.0,0.0,0.0,0.0,0.0,1.0,0.0,0.0,0.0,0.0,0.0,1.0,1.0,1046,54,216,104.6,76.97647548295373,104.6,0.0022867918014526,10,0.958115167052736,6561.0
20.0,6,64.0,482.908755972598,0.0,0.0,0.5,0.5,0.5,0.0,0.0,5,0,0,5,0,0.0207078456878662,0.0,1.0,0.0,0.0,0.0,0.0,0.0,1.0,0.0,0.0,0.0,0.0,0.0,1.0,1.0,600,54,64,60.0,5.163977794943222,60.0,0.0022048950195312,10,0.928861627994548,25.0
20.0,6,64.0,3221.679084415085,0.0,0.0,0.7,0.3,0.3,0.0,0.0,3,0,0,7,0,0.0031039714813232,0.0,1.0,0.0,0.0,0.0,0.0,0.0,1.0,0.0,0.0,0.0,0.0,0.0,1.0,1.0,608,54,66,60.8,5.902918298980975,60.8,0.0003142118453979,10,0.9291626427982728,31.50617283950617
20.0,6,64.0,2879.5166826857067,0.0,0.0,0.5,0.5,0.5,0.0,0.0,5,0,0,5,0,0.0034728050231933,0.0,1.0,0.0,0.0,0.0,0.0,0.0,1.0,0.0,0.0,0.0,0.0,0.0,1.0,1.0,612,54,66,61.2,6.196773353931867,61.2,0.0004216909408569,10,0.9292823475934576,36.0
20.0,6,64.0,368.30909729539866,0.0,0.0,0.9,0.1,0.1,0.0,0.0,1,0,0,9,0,0.0271511077880859,0.0,1.0,0.0,0.0,0.0,0.0,0.0,1.0,0.0,0.0,0.0,0.0,0.0,1.0,1.0,788,54,85,78.8,13.0707476620293,78.8,0.0027170181274414,10,0.9320825297676044,240.25
20.0,6,64.0,1436.2087385289683,0.0,0.0,1.0,0.0,0.0,0.0,0.0,0,0,0,10,0,0.006962776184082,0.0,1.0,0.0,0.0,0.0,0.0,0.0,1.0,0.0,0.0,0.0,0.0,0.0,1.0,1.0,866,85,87,86.6,0.8432740427115678,86.6,0.0008233785629272,10,0.0,1.0
20.0,6,64.0,184.60763817060663,0.0,0.0,0.9,0.1,0.1,0.0,0.0,1,0,0,9,0,0.0541689395904541,0.0,1.0,0.0,0.0,0.0,0.0,0.0,1.0,0.0,0.0,0.0,0.0,0.0,1.0,1.0,690,54,87,69.0,10.198039027185567,69.0,0.0054185152053833,10,0.9309123031781144,110.25
20.0,6,64.0,5437.967068585505,0.0,0.0,0.9,0.1,0.1,0.0,0.0,1,0,0,9,0,0.0018389225006103,0.0,1.0,0.0,0.0,0.0,0.0,0.0,1.0,0.0,0.0,0.0,0.0,0.0,1.0,1.0,660,54,68,66.0,4.320493798938574,66.0,0.0001858949661254,10,0.9285180263539357,18.17283950617284
20.0,6,64.0,245.20636999275075,0.0,0.0,0.8,0.2,0.2,0.0,0.0,2,0,0,8,0,0.0407819747924804,0.0,1.0,0.0,0.0,0.0,0.0,0.0,1.0,0.0,0.0,0.0,0.0,0.0,1.0,1.0,636,54,68,63.6,5.3995884616844245,63.6,0.0041650056838989,10,0.9289576063557518,43.55555555555557
20.0,6,64.0,755.2949650651876,0.0,0.0,1.0,0.0,0.0,0.0,0.0,0,0,0,10,0,0.0132398605346679,0.0,1.0,0.0,0.0,0.0,0.0,0.0,1.0,0.0,0.0,0.0,0.0,0.0,1.0,1.0,648,64,66,64.8,1.0327955589886444,64.8,0.0013259887695312,10,0.9101374495989096,0.96
20.0,6,64.0,284.4309419990099,0.0,0.0,0.8,0.2,0.2,0.0,0.0,2,0,0,8,0,0.0351579189300537,0.0,1.0,0.0,0.0,0.0,0.0,0.0,1.0,0.0,0.0,0.0,0.0,0.0,1.0,1.0,648,54,66,64.8,3.794733192202055,64.8,0.0035176992416381,10,0.9283038525131756,15.75
20.0,6,64.0,1795.968142502355,0.0,0.0,0.6,0.4,0.4,0.0,0.0,4,0,0,6,0,0.0055680274963378,0.0,1.0,0.0,0.0,0.0,0.0,0.0,1.0,0.0,0.0,0.0,0.0,0.0,1.0,1.0,600,54,66,60.0,6.324555320336759,60.0,0.0005602121353149,10,0.9293344008552924,36.0
20.0,6,64.0,3141.8007490636705,0.0,0.0,0.6,0.4,0.4,0.0,0.0,4,0,0,6,0,0.0031828880310058,0.0,1.0,0.0,0.0,0.0,0.0,0.0,1.0,0.0,0.0,0.0,0.0,0.0,1.0,1.0,634,54,68,63.4,6.535373831014651,63.4,0.0012308835983276,10,0.9294202798838022,40.09876543209876
20.0,6,64.0,336.65393135775514,0.0,0.0,0.6,0.4,0.4,0.0,0.0,4,0,0,6,0,0.0297040939331054,0.0,1.0,0.0,0.0,0.0,0.0,0.0,1.0,0.0,0.0,0.0,0.0,0.0,1.0,1.0,767,54,211,76.7,47.6982412906621,76.7,0.0029727220535278,10,0.946188385572164,2047.61
20.0,6,64.0,823.5267322455871,0.0,0.0,0.5,0.5,0.5,0.0,0.0,5,0,0,5,0,0.0121428966522216,0.0,1.0,0.0,0.0,0.0,0.0,0.0,1.0,0.0,0.0,0.0,0.0,0.0,1.0,1.0,1325,54,211,132.5,82.7462654410726,132.5,0.0012183904647827,10,0.9604655486900754,6162.25
20.0,6,64.0,597.0539501779359,0.0,0.0,0.5,0.5,0.5,0.0,0.0,5,0,0,5,0,0.0167489051818847,0.0,1.0,0.0,0.0,0.0,0.0,0.0,1.0,0.0,0.0,0.0,0.0,0.0,1.0,1.0,1327,54,213,132.7,82.95922693307438,132.7,0.0016799926757812,10,0.9605523006834572,6194.01
20.0,6,64.0,2699.906018667525,0.0,0.0,0.6,0.4,0.4,0.0,0.0,4,0,0,6,0,0.0037038326263427,0.0,1.0,0.0,0.0,0.0,0.0,0.0,1.0,0.0,0.0,0.0,0.0,0.0,1.0,1.0,1335,54,213,133.5,83.80035799446205,133.5,0.0003736972808837,10,0.960894943832624,6320.25
20.0,6,64.0,437.8690663854931,0.0,0.0,0.6,0.4,0.4,0.0,0.0,4,0,0,6,0,0.0228378772735595,0.0,1.0,0.0,0.0,0.0,0.0,0.0,1.0,0.0,0.0,0.0,0.0,0.0,1.0,1.0,3208,54,1070,320.8,401.913976423369,320.8,0.0023133993148803,10,1.0,145381.36000000002
20.0,6,64.0,613.6060273571794,0.0,0.0,1.0,0.0,0.0,0.0,0.0,0,0,0,10,0,0.0162971019744873,0.0,1.0,0.0,0.0,0.0,0.0,0.0,1.0,0.0,0.0,0.0,0.0,0.0,1.0,1.0,10704,1070,1072,1070.4,0.8432740427115678,1070.4,0.0022672176361083,10,0.0,0.64
20.0,6,64.0,418.7394798582339,0.0,0.0,0.9,0.1,0.1,0.0,0.0,1,0,0,9,0,0.023881196975708,0.0,1.0,0.0,0.0,0.0,0.0,0.0,1.0,0.0,0.0,0.0,0.0,0.0,1.0,1.0,8694,54,1072,869.4,427.1248061164324,869.4,0.0023895025253295,10,1.0,164192.03999999998
20.0,6,64.0,1103.3867361165917,0.0,0.0,0.5,0.5,0.5,0.0,0.0,5,0,0,5,0,0.0090630054473876,0.0,1.0,0.0,0.0,0.0,0.0,0.0,1.0,0.0,0.0,0.0,0.0,0.0,1.0,1.0,600,54,64,60.0,5.163977794943222,60.0,0.0014689922332763,10,0.928861627994548,25.0
20.0,6,64.0,1434.342384241844,0.0,0.0,0.5,0.5,0.5,0.0,0.0,5,0,0,5,0,0.0069718360900878,0.0,1.0,0.0,0.0,0.0,0.0,0.0,1.0,0.0,0.0,0.0,0.0,0.0,1.0,1.0,594,54,66,59.4,5.738757124441959,59.4,0.0007001876831054,10,0.9290957701022128,29.64
20.0,6,64.0,817.1889490706465,0.0,0.0,0.5,0.5,0.5,0.0,0.0,5,0,0,5,0,0.0122370719909667,0.0,1.0,0.0,0.0,0.0,0.0,0.0,1.0,0.0,0.0,0.0,0.0,0.0,1.0,1.0,600,54,66,60.0,6.324555320336759,60.0,0.0012267112731933,10,0.9293344008552924,36.0
20.0,6,64.0,303.269198788168,0.0,0.0,0.5,0.5,0.5,0.0,0.0,5,0,0,5,0,0.0329740047454834,0.0,1.0,0.0,0.0,0.0,0.0,0.0,1.0,0.0,0.0,0.0,0.0,0.0,1.0,1.0,600,54,66,60.0,6.324555320336759,60.0,0.003301191329956,10,0.9293344008552924,36.0
20.0,6,64.0,907.4455334155472,0.0,0.0,0.5,0.5,0.5,0.0,0.0,5,0,0,5,0,0.0110199451446533,0.0,1.0,0.0,0.0,0.0,0.0,0.0,1.0,0.0,0.0,0.0,0.0,0.0,1.0,1.0,600,54,66,60.0,6.324555320336759,60.0,0.0011065006256103,10,0.9293344008552924,36.0
20.0,6,64.0,2453.383247543285,0.0,0.0,0.5,0.5,0.5,0.0,0.0,5,0,0,5,0,0.0040760040283203,0.0,1.0,0.0,0.0,0.0,0.0,0.0,1.0,0.0,0.0,0.0,0.0,0.0,1.0,1.0,604,54,68,60.4,6.785605679999719,60.4,0.0004111051559448,10,0.9295222143298046,41.44
20.0,6,64.0,1689.14018766864,0.0,0.0,0.5,0.5,0.5,0.0,0.0,5,0,0,5,0,0.0059201717376708,0.0,1.0,0.0,0.0,0.0,0.0,0.0,1.0,0.0,0.0,0.0,0.0,0.0,1.0,1.0,610,54,68,61.0,7.378647873726218,61.0,0.0005999088287353,10,0.9297637959978412,49.0
20.0,6,64.0,389.96829529078144,0.0,0.0,0.7,0.3,0.3,0.0,0.0,3,0,0,7,0,0.0256431102752685,0.0,1.0,0.0,0.0,0.0,0.0,0.0,1.0,0.0,0.0,0.0,0.0,0.0,1.0,1.0,612,54,68,61.2,6.408327915038888,61.2,0.0025681018829345,10,0.9293685264594702,49.0
20.0,6,64.0,910.8349801298616,0.0,0.0,0.8,0.2,0.2,0.0,0.0,2,0,0,8,0,0.0109789371490478,0.0,1.0,0.0,0.0,0.0,0.0,0.0,1.0,0.0,0.0,0.0,0.0,0.0,1.0,1.0,622,54,66,62.2,4.366539438350084,62.2,0.0011011838912963,10,0.9285367835056064,25.0
20.0,6,64.0,5545.820441623694,0.0,0.0,0.8,0.2,0.2,0.0,0.0,2,0,0,8,0,0.0018031597137451,0.0,1.0,0.0,0.0,0.0,0.0,0.0,1.0,0.0,0.0,0.0,0.0,0.0,1.0,1.0,636,54,66,63.6,5.059644256269407,63.6,0.0001818180084228,10,0.928819126684234,36.0
20.0,6,64.0,207.17727834033096,0.0,0.0,1.0,0.0,0.0,0.0,0.0,0,0,0,10,0,0.0482678413391113,0.0,1.0,0.0,0.0,0.0,0.0,0.0,1.0,0.0,0.0,0.0,0.0,0.0,1.0,1.0,885,66,91,88.5,7.905694150420948,88.5,0.0048283815383911,10,0.9095289335691156,156.25
20.0,6,64.0,73071.49825783972,0.0,0.0,1.0,0.0,0.0,0.0,0.0,0,0,0,10,0,0.0001368522644042,0.0,1.0,0.0,0.0,0.0,0.0,0.0,1.0,0.0,0.0,0.0,0.0,0.0,1.0,1.0,928,91,93,92.8,0.6324555320336757,92.8,1.850128173828125e-05,10,0.0,1.0
20.0,6,64.0,242.4172927985204,0.0,0.0,1.0,0.0,0.0,0.0,0.0,0,0,0,10,0,0.0412511825561523,0.0,1.0,0.0,0.0,0.0,0.0,0.0,1.0,0.0,0.0,0.0,0.0,0.0,1.0,1.0,687,66,93,68.7,8.538149682454621,68.7,0.0041267156600952,10,0.9097865706546449,182.25
20.0,6,64.0,1922.317246436592,0.0,0.0,1.0,0.0,0.0,0.0,0.0,0,0,0,10,0,0.0052020549774169,0.0,1.0,0.0,0.0,0.0,0.0,0.0,1.0,0.0,0.0,0.0,0.0,0.0,1.0,1.0,678,66,68,67.8,0.6324555320336757,67.8,0.0005226850509643,10,0.0,1.0
20.0,6,64.0,168.09557588800854,0.0,0.0,1.0,0.0,0.0,0.0,0.0,0,0,0,10,0,0.0594899654388427,0.0,1.0,0.0,0.0,0.0,0.0,0.0,1.0,0.0,0.0,0.0,0.0,0.0,1.0,1.0,644,64,68,64.4,1.264911064067351,64.4,0.0059504985809326,10,0.9102320041710584,4.0
20.0,6,64.0,50533.78313253012,0.0,0.0,1.0,0.0,0.0,0.0,0.0,0,0,0,10,0,0.0001978874206542,0.0,1.0,0.0,0.0,0.0,0.0,0.0,1.0,0.0,0.0,0.0,0.0,0.0,1.0,1.0,658,64,66,65.8,0.6324555320336757,65.8,2.2006034851074215e-05,10,0.0,1.0
20.0,6,64.0,240.4246391598932,0.0,0.0,1.0,0.0,0.0,0.0,0.0,0,0,0,10,0,0.0415930747985839,0.0,1.0,0.0,0.0,0.0,0.0,0.0,1.0,0.0,0.0,0.0,0.0,0.0,1.0,1.0,642,64,66,64.2,0.6324555320336757,64.2,0.0041615962982177,10,0.0,1.0
20.0,6,64.0,2294.6025493735983,0.0,0.0,1.0,0.0,0.0,0.0,0.0,0,0,0,10,0,0.0043580532073974,0.0,1.0,0.0,0.0,0.0,0.0,0.0,1.0,0.0,0.0,0.0,0.0,0.0,1.0,1.0,658,64,66,65.8,0.6324555320336757,65.8,0.0004369020462036,10,0.0,1.0
20.0,6,64.0,174.36525918011864,0.0,0.0,0.5,0.5,0.5,0.0,0.0,5,0,0,5,0,0.0573508739471435,0.0,1.0,0.0,0.0,0.0,0.0,0.0,1.0,0.0,0.0,0.0,0.0,0.0,1.0,1.0,612,54,66,61.2,6.196773353931867,61.2,0.0057374000549316,10,0.9292823475934576,35.55555555555556
20.0,6,64.0,2375.299580926492,0.0,0.0,0.7,0.3,0.3,0.0,0.0,3,0,0,7,0,0.0042099952697753,0.0,1.0,0.0,0.0,0.0,0.0,0.0,1.0,0.0,0.0,0.0,0.0,0.0,1.0,1.0,628,54,68,62.8,6.124631508189787,62.8,0.0004246950149536,10,0.9292529598911762,36.0
20.0,6,64.0,1755.6000167427064,0.0,0.0,0.6,0.4,0.4,0.0,0.0,4,0,0,6,0,0.0056960582733154,0.0,1.0,0.0,0.0,0.0,0.0,0.0,1.0,0.0,0.0,0.0,0.0,0.0,1.0,1.0,610,54,68,61.0,7.378647873726218,61.0,0.0005726099014282,10,0.9297637959978412,49.0
20.0,6,64.0,340.101682546118,0.0,0.0,0.5,0.5,0.5,0.0,0.0,5,0,0,5,0,0.0294029712677001,0.0,1.0,0.0,0.0,0.0,0.0,0.0,1.0,0.0,0.0,0.0,0.0,0.0,1.0,1.0,612,54,68,61.2,6.408327915038888,61.2,0.0030159950256347,10,0.9293685264594702,49.0
20.0,6,64.0,785.53845001311,0.0,0.0,0.5,0.5,0.5,0.0,0.0,5,0,0,5,0,0.0127301216125488,0.0,1.0,0.0,0.0,0.0,0.0,0.0,1.0,0.0,0.0,0.0,0.0,0.0,1.0,1.0,590,54,64,59.0,5.270462766947299,59.0,0.0012767076492309,10,0.9289050057127436,25.0
20.0,6,64.0,2370.734795387746,0.0,0.0,0.6,0.4,0.4,0.0,0.0,4,0,0,6,0,0.0042181015014648,0.0,1.0,0.0,0.0,0.0,0.0,0.0,1.0,0.0,0.0,0.0,0.0,0.0,1.0,1.0,596,54,66,59.6,5.94792213951879,59.6,0.0004240036010742,10,0.9291809755627544,31.84
20.0,6,64.0,1117.3190548496232,0.0,0.0,0.5,0.5,0.5,0.0,0.0,5,0,0,5,0,0.0089499950408935,0.0,1.0,0.0,0.0,0.0,0.0,0.0,1.0,0.0,0.0,0.0,0.0,0.0,1.0,1.0,612,54,66,61.2,6.196773353931867,61.2,0.0012646913528442,10,0.9292823475934576,36.0
20.0,6,64.0,443.5553769524434,0.0,0.0,0.9,0.1,0.1,0.0,0.0,1,0,0,9,0,0.0225450992584228,0.0,1.0,0.0,0.0,0.0,0.0,0.0,1.0,0.0,0.0,0.0,0.0,0.0,1.0,1.0,8742,54,1224,874.2,563.2409786228272,874.2,0.00225670337677,10,1.0,339905.0
20.0,6,64.0,988.3368679014092,0.0,0.0,1.0,0.0,0.0,0.0,0.0,0,0,0,10,0,0.0101180076599121,0.0,1.0,0.0,0.0,0.0,0.0,0.0,1.0,0.0,0.0,0.0,0.0,0.0,1.0,1.0,12247,1224,1225,1224.7,0.4830458915396479,1224.7,0.0010149002075195,10,0.0,0.25
20.0,6,64.0,213.09705018645911,0.0,0.0,1.0,0.0,0.0,0.0,0.0,0,0,0,10,0,0.0469269752502441,0.0,1.0,0.0,0.0,0.0,0.0,0.0,1.0,0.0,0.0,0.0,0.0,0.0,1.0,1.0,4137,66,1225,413.7,559.850188294452,413.7,0.0046941995620727,10,1.0,335820.25
20.0,6,64.0,25779.37307928703,0.0,0.0,1.0,0.0,0.0,0.0,0.0,0,0,0,10,0,0.0003879070281982,0.0,1.0,0.0,0.0,0.0,0.0,0.0,1.0,0.0,0.0,0.0,0.0,0.0,1.0,1.0,674,66,68,67.4,0.9660917830792958,67.4,4.298686981201172e-05,10,0.0,1.0
20.0,6,64.0,170.66041689554012,0.0,0.0,0.6,0.4,0.4,0.0,0.0,4,0,0,6,0,0.0585958957672119,0.0,1.0,0.0,0.0,0.0,0.0,0.0,1.0,0.0,0.0,0.0,0.0,0.0,1.0,1.0,630,54,68,63.0,6.27162924074226,63.0,0.0058638095855712,10,0.9293128408875088,38.22222222222222
20.0,6,64.0,2207.9932617393138,0.0,0.0,0.6,0.4,0.4,0.0,0.0,4,0,0,6,0,0.0045289993286132,0.0,1.0,0.0,0.0,0.0,0.0,0.0,1.0,0.0,0.0,0.0,0.0,0.0,1.0,1.0,612,54,66,61.2,6.196773353931867,61.2,0.0004568099975585,10,0.9292823475934576,36.0
20.0,6,64.0,1216.6924839729645,0.0,0.0,0.6,0.4,0.4,0.0,0.0,4,0,0,6,0,0.0082190036773681,0.0,1.0,0.0,0.0,0.0,0.0,0.0,1.0,0.0,0.0,0.0,0.0,0.0,1.0,1.0,605,54,67,60.5,6.851601597031489,60.5,0.00082528591156,10,0.9295490984265669,42.25
20.0,6,64.0,607.9053858194678,0.0,0.0,0.6,0.4,0.4,0.0,0.0,4,0,0,6,0,0.0164499282836914,0.0,1.0,0.0,0.0,0.0,0.0,0.0,1.0,0.0,0.0,0.0,0.0,0.0,1.0,1.0,617,54,67,61.7,6.634087059355726,61.7,0.0016483068466186,10,0.9294604917044992,42.25
20.0,6,64.0,608.4168383184891,0.0,0.0,1.0,0.0,0.0,0.0,0.0,0,0,0,10,0,0.0164361000061035,0.0,1.0,0.0,0.0,0.0,0.0,0.0,1.0,0.0,0.0,0.0,0.0,0.0,1.0,1.0,660,66,66,66.0,0.0,66.0,0.0019350051879882,10,0.0,0.0
20.0,6,64.0,308.67252469054034,0.0,0.0,1.0,0.0,0.0,0.0,0.0,0,0,0,10,0,0.0323967933654785,0.0,1.0,0.0,0.0,0.0,0.0,0.0,1.0,0.0,0.0,0.0,0.0,0.0,1.0,1.0,660,66,66,66.0,0.0,66.0,0.0032447814941406,10,0.0,0.0
20.0,6,64.0,748.5016774930402,0.0,0.0,1.0,0.0,0.0,0.0,0.0,0,0,0,10,0,0.0133600234985351,0.0,1.0,0.0,0.0,0.0,0.0,0.0,1.0,0.0,0.0,0.0,0.0,0.0,1.0,1.0,662,66,68,66.2,0.6324555320336759,66.2,0.0015736103057861,10,0.0,0.36
20.0,6,64.0,281.58006391149064,0.0,0.0,1.0,0.0,0.0,0.0,0.0,0,0,0,10,0,0.0355138778686523,0.0,1.0,0.0,0.0,0.0,0.0,0.0,1.0,0.0,0.0,0.0,0.0,0.0,1.0,1.0,676,64,68,67.6,1.2649110640673518,67.6,0.0035527944564819,10,0.9102320041710584,1.44
20.0,6,64.0,5219.392732702837,0.0,0.0,0.5,0.5,0.5,0.0,0.0,5,0,0,5,0,0.0019159317016601,0.0,1.0,0.0,0.0,0.0,0.0,0.0,1.0,0.0,0.0,0.0,0.0,0.0,1.0,1.0,590,54,64,59.0,5.270462766947299,59.0,0.0007286071777343,10,0.9289050057127436,25.0
20.0,6,64.0,1069.729908949476,0.0,0.0,0.6,0.4,0.4,0.0,0.0,4,0,0,6,0,0.0093481540679931,0.0,1.0,0.0,0.0,0.0,0.0,0.0,1.0,0.0,0.0,0.0,0.0,0.0,1.0,1.0,604,54,66,60.4,5.561774297230456,60.4,0.0011167049407958,10,0.9290236743777198,27.84
20.0,6,64.0,1781.3233670262464,0.0,0.0,0.5,0.5,0.5,0.0,0.0,5,0,0,5,0,0.0056138038635253,0.0,1.0,0.0,0.0,0.0,0.0,0.0,1.0,0.0,0.0,0.0,0.0,0.0,1.0,1.0,600,54,66,60.0,6.324555320336759,60.0,0.0005648851394653,10,0.9293344008552924,36.0
20.0,6,64.0,308.56579537846966,0.0,0.0,0.8,0.2,0.2,0.0,0.0,2,0,0,8,0,0.0324079990386962,0.0,1.0,0.0,0.0,0.0,0.0,0.0,1.0,0.0,0.0,0.0,0.0,0.0,1.0,1.0,636,54,66,63.6,5.059644256269407,63.6,0.003319501876831,10,0.928819126684234,36.0
20.0,6,64.0,1689.7526387881717,0.0,0.0,1.0,0.0,0.0,0.0,0.0,0,0,0,10,0,0.0059180259704589,0.0,1.0,0.0,0.0,0.0,0.0,0.0,1.0,0.0,0.0,0.0,0.0,0.0,1.0,1.0,670,66,68,67.0,1.0540925533894598,67.0,0.0005928993225097,10,0.9067378651425488,1.0
20.0,6,64.0,176.44106227152454,0.0,0.0,1.0,0.0,0.0,0.0,0.0,0,0,0,10,0,0.0566761493682861,0.0,1.0,0.0,0.0,0.0,0.0,0.0,1.0,0.0,0.0,0.0,0.0,0.0,1.0,1.0,670,66,68,67.0,1.0540925533894598,67.0,0.005724811553955,10,0.9067378651425488,1.0
20.0,6,64.0,73584.28070175438,0.0,0.0,1.0,0.0,0.0,0.0,0.0,0,0,0,10,0,0.0001358985900878,0.0,1.0,0.0,0.0,0.0,0.0,0.0,1.0,0.0,0.0,0.0,0.0,0.0,1.0,1.0,670,66,68,67.0,1.0540925533894598,67.0,1.5091896057128906e-05,10,0.9067378651425488,1.0
20.0,6,64.0,199.9601443575185,0.0,0.0,1.0,0.0,0.0,0.0,0.0,0,0,0,10,0,0.0500099658966064,0.0,1.0,0.0,0.0,0.0,0.0,0.0,1.0,0.0,0.0,0.0,0.0,0.0,1.0,1.0,670,66,68,67.0,1.0540925533894598,67.0,0.0050028085708618,10,0.9067378651425488,1.0
20.0,6,64.0,54971.218872870246,0.0,0.0,1.0,0.0,0.0,0.0,0.0,0,0,0,10,0,0.0001819133758544,0.0,1.0,0.0,0.0,0.0,0.0,0.0,1.0,0.0,0.0,0.0,0.0,0.0,1.0,1.0,670,66,68,67.0,1.0540925533894598,67.0,1.9788742065429688e-05,10,0.9067378651425488,1.0
20.0,6,64.0,200.96902790555043,0.0,0.0,1.0,0.0,0.0,0.0,0.0,0,0,0,10,0,0.0497589111328125,0.0,1.0,0.0,0.0,0.0,0.0,0.0,1.0,0.0,0.0,0.0,0.0,0.0,1.0,1.0,670,66,68,67.0,1.0540925533894598,67.0,0.0049781084060668,10,0.9067378651425488,1.0
20.0,6,64.0,2254.2749650650326,0.0,0.0,1.0,0.0,0.0,0.0,0.0,0,0,0,10,0,0.0044360160827636,0.0,1.0,0.0,0.0,0.0,0.0,0.0,1.0,0.0,0.0,0.0,0.0,0.0,1.0,1.0,670,66,68,67.0,1.0540925533894598,67.0,0.0004456996917724,10,0.9067378651425488,1.0
20.0,6,64.0,224.8655140061654,0.0,0.0,1.0,0.0,0.0,0.0,0.0,0,0,0,10,0,0.0444710254669189,0.0,1.0,0.0,0.0,0.0,0.0,0.0,1.0,0.0,0.0,0.0,0.0,0.0,1.0,1.0,7370,68,1406,737.0,705.1879182175486,737.0,0.0045480966567993,10,1.0,447561.0
20.0,6,64.0,730.6767938957894,0.0,0.0,1.0,0.0,0.0,0.0,0.0,0,0,0,10,0,0.0136859416961669,0.0,1.0,0.0,0.0,0.0,0.0,0.0,1.0,0.0,0.0,0.0,0.0,0.0,1.0,1.0,14060,1406,1406,1406.0,0.0,1406.0,0.0013715028762817,10,0.0,0.0
20.0,6,64.0,205.36052996215253,0.0,0.0,0.7,0.3,0.3,0.0,0.0,3,0,0,7,0,0.0486948490142822,0.0,1.0,0.0,0.0,0.0,0.0,0.0,1.0,0.0,0.0,0.0,0.0,0.0,1.0,1.0,7336,54,1406,733.6,708.7853773259653,733.6,0.0048724889755249,10,1.0,452139.0399999999
20.0,6,64.0,2267.5590636319403,0.0,0.0,0.6,0.4,0.4,0.0,0.0,4,0,0,6,0,0.0044100284576416,0.0,1.0,0.0,0.0,0.0,0.0,0.0,1.0,0.0,0.0,0.0,0.0,0.0,1.0,1.0,600,54,66,60.0,6.324555320336759,60.0,0.0004453182220458,10,0.9293344008552924,36.0
20.0,6,64.0,2300.013160780873,0.0,0.0,0.5,0.5,0.5,0.0,0.0,5,0,0,5,0,0.004347801208496,0.0,1.0,0.0,0.0,0.0,0.0,0.0,1.0,0.0,0.0,0.0,0.0,0.0,1.0,1.0,606,54,68,60.6,6.995236474439826,60.6,0.000590181350708,10,0.9296076095302278,44.04
20.0,6,64.0,2496.312343768599,0.0,0.0,0.5,0.5,0.5,0.0,0.0,5,0,0,5,0,0.0040059089660644,0.0,1.0,0.0,0.0,0.0,0.0,0.0,1.0,0.0,0.0,0.0,0.0,0.0,1.0,1.0,610,54,68,61.0,7.378647873726218,61.0,0.0005012989044189,10,0.9297637959978412,49.0
20.0,6,64.0,471.8745359224175,0.0,0.0,0.5,0.5,0.5,0.0,0.0,5,0,0,5,0,0.0211920738220214,0.0,1.0,0.0,0.0,0.0,0.0,0.0,1.0,0.0,0.0,0.0,0.0,0.0,1.0,1.0,598,54,68,59.8,6.285786435372356,59.8,0.0022177219390869,10,0.9293186079623132,49.0
20.0,6,64.0,474.49561626788847,0.0,0.0,0.5,0.5,0.5,0.0,0.0,5,0,0,5,0,0.0210750102996826,0.0,1.0,0.0,0.0,0.0,0.0,0.0,1.0,0.0,0.0,0.0,0.0,0.0,1.0,1.0,590,54,64,59.0,5.270462766947299,59.0,0.0022584915161132,10,0.9289050057127436,25.0
20.0,6,64.0,2200.694684925757,0.0,0.0,0.5,0.5,0.5,0.0,0.0,5,0,0,5,0,0.0045440196990966,0.0,1.0,0.0,0.0,0.0,0.0,0.0,1.0,0.0,0.0,0.0,0.0,0.0,1.0,1.0,608,54,66,60.8,5.902918298980975,60.8,0.0006361007690429,10,0.9291626427982728,31.50617283950617
20.0,6,64.0,2569.4094584660625,0.0,0.0,0.5,0.5,0.5,0.0,0.0,5,0,0,5,0,0.0038919448852539,0.0,1.0,0.0,0.0,0.0,0.0,0.0,1.0,0.0,0.0,0.0,0.0,0.0,1.0,1.0,600,54,66,60.0,6.324555320336759,60.0,0.000390601158142,10,0.9293344008552924,36.0
20.0,6,64.0,476.19255222524976,0.0,0.0,0.7,0.3,0.3,0.0,0.0,3,0,0,7,0,0.0209999084472656,0.0,1.0,0.0,0.0,0.0,0.0,0.0,1.0,0.0,0.0,0.0,0.0,0.0,1.0,1.0,602,54,66,60.2,5.370702416299421,60.2,0.0021029949188232,10,0.9289458393363036,36.0
20.0,6,64.0,608.9821993785754,0.0,0.0,0.7,0.3,0.3,0.0,0.0,3,0,0,7,0,0.016420841217041,0.0,1.0,0.0,0.0,0.0,0.0,0.0,1.0,0.0,0.0,0.0,0.0,0.0,1.0,1.0,626,54,66,62.6,4.623610902506587,62.6,0.0017921924591064,10,0.9286415041372452,22.222222222222225
20.0,6,64.0,3774.9113491134913,0.0,0.0,0.8,0.2,0.2,0.0,0.0,2,0,0,8,0,0.0026490688323974,0.0,1.0,0.0,0.0,0.0,0.0,0.0,1.0,0.0,0.0,0.0,0.0,0.0,1.0,1.0,624,54,66,62.4,5.796550698475776,62.4,0.0002677202224731,10,0.9291193128925312,36.0
20.0,6,64.0,705.3636715268318,0.0,0.0,1.0,0.0,0.0,0.0,0.0,0,0,0,10,0,0.0141770839691162,0.0,1.0,0.0,0.0,0.0,0.0,0.0,1.0,0.0,0.0,0.0,0.0,0.0,1.0,1.0,660,66,66,66.0,0.0,66.0,0.0038462877273559,10,0.0,0.0
20.0,6,64.0,1743.3409534893387,0.0,0.0,1.0,0.0,0.0,0.0,0.0,0,0,0,10,0,0.0057361125946044,0.0,1.0,0.0,0.0,0.0,0.0,0.0,1.0,0.0,0.0,0.0,0.0,0.0,1.0,1.0,680,68,68,68.0,0.0,68.0,0.0005748033523559,10,0.0,0.0
20.0,6,64.0,805.6054087277197,0.0,0.0,0.5,0.5,0.5,0.0,0.0,5,0,0,5,0,0.0124130249023437,0.0,1.0,0.0,0.0,0.0,0.0,0.0,1.0,0.0,0.0,0.0,0.0,0.0,1.0,1.0,590,54,64,59.0,5.270462766947299,59.0,0.0042167901992797,10,0.9289050057127436,25.0
20.0,6,64.0,720.2500257581481,0.0,0.0,0.5,0.5,0.5,0.0,0.0,5,0,0,5,0,0.0138840675354003,0.0,1.0,0.0,0.0,0.0,0.0,0.0,1.0,0.0,0.0,0.0,0.0,0.0,1.0,1.0,590,54,64,59.0,5.270462766947299,59.0,0.0014819145202636,10,0.9289050057127436,25.0
20.0,6,64.0,3742.5751762291434,0.0,0.0,0.6,0.4,0.4,0.0,0.0,4,0,0,6,0,0.0026719570159912,0.0,1.0,0.0,0.0,0.0,0.0,0.0,1.0,0.0,0.0,0.0,0.0,0.0,1.0,1.0,612,54,66,61.2,6.196773353931867,61.2,0.0003764867782592,10,0.9292823475934576,36.0
20.0,6,64.0,412.9877904686885,0.0,0.0,0.5,0.5,0.5,0.0,0.0,5,0,0,5,0,0.0242137908935546,0.0,1.0,0.0,0.0,0.0,0.0,0.0,1.0,0.0,0.0,0.0,0.0,0.0,1.0,1.0,600,54,66,60.0,6.324555320336759,60.0,0.002423095703125,10,0.9293344008552924,36.0
20.0,6,64.0,1164.6638713797795,0.0,0.0,0.5,0.5,0.5,0.0,0.0,5,0,0,5,0,0.0085861682891845,0.0,1.0,0.0,0.0,0.0,0.0,0.0,1.0,0.0,0.0,0.0,0.0,0.0,1.0,1.0,612,54,66,61.2,6.196773353931867,61.2,0.0012311220169067,10,0.9292823475934576,36.0
20.0,6,64.0,741.8951092243743,0.0,0.0,0.5,0.5,0.5,0.0,0.0,5,0,0,5,0,0.0134789943695068,0.0,1.0,0.0,0.0,0.0,0.0,0.0,1.0,0.0,0.0,0.0,0.0,0.0,1.0,1.0,604,54,68,60.4,6.785605679999719,60.4,0.0013507843017578,10,0.9295222143298046,41.44
20.0,6,64.0,2443.09412861137,0.0,0.0,0.5,0.5,0.5,0.0,0.0,5,0,0,5,0,0.0040931701660156,0.0,1.0,0.0,0.0,0.0,0.0,0.0,1.0,0.0,0.0,0.0,0.0,0.0,1.0,1.0,610,54,68,61.0,7.378647873726218,61.0,0.0004120111465454,10,0.9297637959978412,49.0
20.0,6,64.0,428.1212616106972,0.0,0.0,0.6,0.4,0.4,0.0,0.0,4,0,0,6,0,0.02335786819458,0.0,1.0,0.0,0.0,0.0,0.0,0.0,1.0,0.0,0.0,0.0,0.0,0.0,1.0,1.0,602,54,68,60.2,6.696599468718766,60.2,0.0023387908935546,10,0.9294859567595772,49.0
20.0,6,64.0,1637.1849018306723,0.0,0.0,0.5,0.5,0.5,0.0,0.0,5,0,0,5,0,0.0061080455780029,0.0,1.0,0.0,0.0,0.0,0.0,0.0,1.0,0.0,0.0,0.0,0.0,0.0,1.0,1.0,590,54,64,59.0,5.270462766947299,59.0,0.0007967948913574,10,0.9289050057127436,25.0
20.0,6,64.0,1512.66012694749,0.0,0.0,0.5,0.5,0.5,0.0,0.0,5,0,0,5,0,0.0066108703613281,0.0,1.0,0.0,0.0,0.0,0.0,0.0,1.0,0.0,0.0,0.0,0.0,0.0,1.0,1.0,594,54,66,59.4,5.738757124441959,59.4,0.0009160041809082,10,0.9290957701022128,29.64
20.0,6,64.0,2139.9510204081635,0.0,0.0,0.5,0.5,0.5,0.0,0.0,5,0,0,5,0,0.0046730041503906,0.0,1.0,0.0,0.0,0.0,0.0,0.0,1.0,0.0,0.0,0.0,0.0,0.0,1.0,1.0,612,54,66,61.2,6.196773353931867,61.2,0.0005568027496337,10,0.9292823475934576,36.0
20.0,6,64.0,310.0484184537142,0.0,0.0,0.5,0.5,0.5,0.0,0.0,5,0,0,5,0,0.0322530269622802,0.0,1.0,0.0,0.0,0.0,0.0,0.0,1.0,0.0,0.0,0.0,0.0,0.0,1.0,1.0,597,54,66,59.7,6.019413038937711,59.7,0.0032279014587402,10,0.9292100980955416,36.0
20.0,6,64.0,499.87533817202376,0.0,0.0,0.6,0.4,0.4,0.0,0.0,4,0,0,6,0,0.0200049877166748,0.0,1.0,0.0,0.0,0.0,0.0,0.0,1.0,0.0,0.0,0.0,0.0,0.0,1.0,1.0,595,54,65,59.5,5.797509043642029,59.5,0.0020787954330444,10,0.929119703284018,30.25
20.0,6,64.0,1736.69992960954,0.0,0.0,0.7,0.3,0.3,0.0,0.0,3,0,0,7,0,0.0057580471038818,0.0,1.0,0.0,0.0,0.0,0.0,0.0,1.0,0.0,0.0,0.0,0.0,0.0,1.0,1.0,627,54,67,62.7,6.056218108504496,62.7,0.0006891965866088,10,0.9292250910086804,35.484375
20.0,6,64.0,453.14433880726017,0.0,0.0,0.7,0.3,0.3,0.0,0.0,3,0,0,7,0,0.0220680236816406,0.0,1.0,0.0,0.0,0.0,0.0,0.0,1.0,0.0,0.0,0.0,0.0,0.0,1.0,1.0,625,54,67,62.5,5.986094998689324,62.5,0.0022088050842285,10,0.929196525658666,42.25
20.0,6,64.0,892.462072047152,0.0,0.0,0.7,0.3,0.3,0.0,0.0,3,0,0,7,0,0.0112049579620361,0.0,1.0,0.0,0.0,0.0,0.0,0.0,1.0,0.0,0.0,0.0,0.0,0.0,1.0,1.0,620,54,64,62.0,4.216370213557839,62.0,0.0013966083526611,10,0.9284756105701948,22.222222222222225
20.0,6,64.0,2731.5558450016283,0.0,0.0,0.6,0.4,0.4,0.0,0.0,4,0,0,6,0,0.0036609172821044,0.0,1.0,0.0,0.0,0.0,0.0,0.0,1.0,0.0,0.0,0.0,0.0,0.0,1.0,1.0,612,54,66,61.2,6.196773353931867,61.2,0.000368595123291,10,0.9292823475934576,36.0
20.0,6,64.0,293.9101795987583,0.0,0.0,0.7,0.3,0.3,0.0,0.0,3,0,0,7,0,0.0340240001678466,0.0,1.0,0.0,0.0,0.0,0.0,0.0,1.0,0.0,0.0,0.0,0.0,0.0,1.0,1.0,620,54,70,62.0,7.055336829505575,62.0,0.0034049987792968,10,0.9296320920108674,44.8
20.0,6,64.0,1523.9268975039058,0.0,0.0,0.6,0.4,0.4,0.0,0.0,4,0,0,6,0,0.0065619945526123,0.0,1.0,0.0,0.0,0.0,0.0,0.0,1.0,0.0,0.0,0.0,0.0,0.0,1.0,1.0,636,54,70,63.6,8.262364471909157,63.6,0.0007827043533325,10,0.9301237867912768,64.0
20.0,6,64.0,678.3826098207932,0.0,0.0,0.8,0.2,0.2,0.0,0.0,2,0,0,8,0,0.0147409439086914,0.0,1.0,0.0,0.0,0.0,0.0,0.0,1.0,0.0,0.0,0.0,0.0,0.0,1.0,1.0,680,54,72,68.0,7.423685817106696,68.0,0.0018491983413696,10,0.9297821426544566,57.0
20.0,6,64.0,361.1265228808817,0.0,0.0,0.6,0.4,0.4,0.0,0.0,4,0,0,6,0,0.0276911258697509,0.0,1.0,0.0,0.0,0.0,0.0,0.0,1.0,0.0,0.0,0.0,0.0,0.0,1.0,1.0,634,54,72,63.4,8.527081042837057,63.4,0.0027729988098144,10,0.93023162173361,72.0
20.0,6,64.0,1450.1120177015628,0.0,0.0,0.6,0.4,0.4,0.0,0.0,4,0,0,6,0,0.0068960189819335,0.0,1.0,0.0,0.0,0.0,0.0,0.0,1.0,0.0,0.0,0.0,0.0,0.0,1.0,1.0,606,54,65,60.6,5.680375574437544,60.6,0.0012897014617919,10,0.9290719877940028,30.25
20.0,6,64.0,2825.5887900835355,0.0,0.0,0.5,0.5,0.5,0.0,0.0,5,0,0,5,0,0.0035390853881835,0.0,1.0,0.0,0.0,0.0,0.0,0.0,1.0,0.0,0.0,0.0,0.0,0.0,1.0,1.0,601,54,67,60.1,6.471304179049056,60.1,0.0004574060440063,10,0.9293941804703776,37.69
20.0,6,64.0,1857.037102629948,0.0,0.0,0.5,0.5,0.5,0.0,0.0,5,0,0,5,0,0.0053849220275878,0.0,1.0,0.0,0.0,0.0,0.0,0.0,1.0,0.0,0.0,0.0,0.0,0.0,1.0,1.0,605,54,67,60.5,6.851601597031489,60.5,0.0006480932235717,10,0.9295490984265669,42.25
20.0,6,64.0,303.57210581551044,0.0,0.0,0.9,0.1,0.1,0.0,0.0,1,0,0,9,0,0.0329411029815673,0.0,1.0,0.0,0.0,0.0,0.0,0.0,1.0,0.0,0.0,0.0,0.0,0.0,1.0,1.0,650,54,67,65.0,3.8873012632302,65.0,0.0033482074737548,10,0.9283415610425896,42.25
20.0,6,64.0,1090.165826272288,0.0,0.0,1.0,0.0,0.0,0.0,0.0,0,0,0,10,0,0.0091729164123535,0.0,1.0,0.0,0.0,0.0,0.0,0.0,1.0,0.0,0.0,0.0,0.0,0.0,1.0,1.0,674,66,68,67.4,0.9660917830792958,67.4,0.0009774923324584,10,0.0,1.0
20.0,6,64.0,184.41689090557344,0.0,0.0,0.6,0.4,0.4,0.0,0.0,4,0,0,6,0,0.0542249679565429,0.0,1.0,0.0,0.0,0.0,0.0,0.0,1.0,0.0,0.0,0.0,0.0,0.0,1.0,1.0,630,54,68,63.0,6.27162924074226,63.0,0.0054265975952148,10,0.9293128408875088,38.22222222222222
20.0,6,64.0,934.0602173525745,0.0,0.0,0.5,0.5,0.5,0.0,0.0,5,0,0,5,0,0.0107059478759765,0.0,1.0,0.0,0.0,0.0,0.0,0.0,1.0,0.0,0.0,0.0,0.0,0.0,1.0,1.0,600,54,66,60.0,6.324555320336759,60.0,0.0010746002197265,10,0.9293344008552924,36.0
20.0,6,64.0,2619.9662689737024,0.0,0.0,0.6,0.4,0.4,0.0,0.0,4,0,0,6,0,0.0038168430328369,0.0,1.0,0.0,0.0,0.0,0.0,0.0,1.0,0.0,0.0,0.0,0.0,0.0,1.0,1.0,622,54,68,62.2,7.083627444874398,62.2,0.0003845930099487,10,0.929643616475944,46.02469135802469
20.0,6,64.0,2395.2395637028158,0.0,0.0,0.5,0.5,0.5,0.0,0.0,5,0,0,5,0,0.0041749477386474,0.0,1.0,0.0,0.0,0.0,0.0,0.0,1.0,0.0,0.0,0.0,0.0,0.0,1.0,1.0,610,54,68,61.0,7.378647873726218,61.0,0.0004189014434814,10,0.9297637959978412,49.0
20.0,6,64.0,381.9148994290813,0.0,0.0,0.7,0.3,0.3,0.0,0.0,3,0,0,7,0,0.0261838436126709,0.0,1.0,0.0,0.0,0.0,0.0,0.0,1.0,0.0,0.0,0.0,0.0,0.0,1.0,1.0,1302,54,181,130.2,65.58251799577891,130.2,0.0026201009750366,10,0.9534737245307604,4032.25
20.0,6,64.0,1045.7003241087011,0.0,0.0,0.6,0.4,0.4,0.0,0.0,4,0,0,6,0,0.0095629692077636,0.0,1.0,0.0,0.0,0.0,0.0,0.0,1.0,0.0,0.0,0.0,0.0,0.0,1.0,1.0,1435,54,183,143.5,61.76703543692757,143.5,0.0009608030319213,10,0.9519194495555868,3622.543209876543
20.0,6,64.0,2593.398874667656,0.0,0.0,0.8,0.2,0.2,0.0,0.0,2,0,0,8,0,0.0038559436798095,0.0,1.0,0.0,0.0,0.0,0.0,0.0,1.0,0.0,0.0,0.0,0.0,0.0,1.0,1.0,1443,54,183,144.3,62.31292000861458,144.3,0.0003870010375976,10,0.9521418210947092,4160.25
20.0,6,64.0,653.6849323608254,0.0,0.0,1.0,0.0,0.0,0.0,0.0,0,0,0,10,0,0.0152978897094726,0.0,1.0,0.0,0.0,0.0,0.0,0.0,1.0,0.0,0.0,0.0,0.0,0.0,1.0,1.0,640,64,64,64.0,0.0,64.0,0.0037376880645751,10,0.0,0.0
20.0,6,64.0,2543.235508125152,0.0,0.0,1.0,0.0,0.0,0.0,0.0,0,0,0,10,0,0.0039319992065429,0.0,1.0,0.0,0.0,0.0,0.0,0.0,1.0,0.0,0.0,0.0,0.0,0.0,1.0,1.0,660,66,66,66.0,0.0,66.0,0.0003944158554077,10,0.0,0.0
20.0,6,64.0,653.3896219213933,0.0,0.0,1.0,0.0,0.0,0.0,0.0,0,0,0,10,0,0.0153048038482666,0.0,1.0,0.0,0.0,0.0,0.0,0.0,1.0,0.0,0.0,0.0,0.0,0.0,1.0,1.0,2450,245,245,245.0,0.0,245.0,0.004594087600708,10,0.0,0.0
20.0,6,64.0,5057.643795972507,0.0,0.0,1.0,0.0,0.0,0.0,0.0,0,0,0,10,0,0.0019772052764892,0.0,1.0,0.0,0.0,0.0,0.0,0.0,1.0,0.0,0.0,0.0,0.0,0.0,1.0,1.0,2470,247,247,247.0,0.0,247.0,0.0001988172531127,10,0.0,0.0
20.0,6,64.0,840.2724577289847,0.0,0.0,1.0,0.0,0.0,0.0,0.0,0,0,0,10,0,0.0119009017944335,0.0,1.0,0.0,0.0,0.0,0.0,0.0,1.0,0.0,0.0,0.0,0.0,0.0,1.0,1.0,640,64,64,64.0,0.0,64.0,0.004982590675354,10,0.0,0.0
20.0,6,64.0,5500.726557377049,0.0,0.0,1.0,0.0,0.0,0.0,0.0,0,0,0,10,0,0.0018179416656494,0.0,1.0,0.0,0.0,0.0,0.0,0.0,1.0,0.0,0.0,0.0,0.0,0.0,1.0,1.0,660,66,66,66.0,0.0,66.0,0.000183892250061,10,0.0,0.0
20.0,6,64.0,623.5214366414938,0.0,0.0,0.5,0.5,0.5,0.0,0.0,5,0,0,5,0,0.0160379409790039,0.0,1.0,0.0,0.0,0.0,0.0,0.0,1.0,0.0,0.0,0.0,0.0,0.0,1.0,1.0,590,54,64,59.0,5.270462766947299,59.0,0.0050565004348754,10,0.9289050057127436,25.0
20.0,6,64.0,2377.5885720764127,0.0,0.0,0.5,0.5,0.5,0.0,0.0,5,0,0,5,0,0.0042059421539306,0.0,1.0,0.0,0.0,0.0,0.0,0.0,1.0,0.0,0.0,0.0,0.0,0.0,1.0,1.0,590,54,64,59.0,5.270462766947299,59.0,0.0005136013031005,10,0.9289050057127436,25.0
20.0,6,64.0,2535.548301293677,0.0,0.0,0.5,0.5,0.5,0.0,0.0,5,0,0,5,0,0.003943920135498,0.0,1.0,0.0,0.0,0.0,0.0,0.0,1.0,0.0,0.0,0.0,0.0,0.0,1.0,1.0,600,54,66,60.0,6.324555320336759,60.0,0.0004760980606079,10,0.9293344008552924,36.0
20.0,6,64.0,2515.173902614536,0.0,0.0,0.5,0.5,0.5,0.0,0.0,5,0,0,5,0,0.0039758682250976,0.0,1.0,0.0,0.0,0.0,0.0,0.0,1.0,0.0,0.0,0.0,0.0,0.0,1.0,1.0,600,54,66,60.0,6.324555320336759,60.0,0.0004776000976562,10,0.9293344008552924,36.0
20.0,6,64.0,1394.893079251056,0.0,0.0,0.5,0.5,0.5,0.0,0.0,5,0,0,5,0,0.0071690082550048,0.0,1.0,0.0,0.0,0.0,0.0,0.0,1.0,0.0,0.0,0.0,0.0,0.0,1.0,1.0,600,54,66,60.0,6.324555320336759,60.0,0.0031759977340698,10,0.9293344008552924,36.0
20.0,6,64.0,786.525399891237,0.0,0.0,0.5,0.5,0.5,0.0,0.0,5,0,0,5,0,0.012714147567749,0.0,1.0,0.0,0.0,0.0,0.0,0.0,1.0,0.0,0.0,0.0,0.0,0.0,1.0,1.0,612,54,66,61.2,6.196773353931867,61.2,0.0013207197189331,10,0.9292823475934576,36.0
20.0,6,64.0,3032.100050603629,0.0,0.0,0.6,0.4,0.4,0.0,0.0,4,0,0,6,0,0.0032980442047119,0.0,1.0,0.0,0.0,0.0,0.0,0.0,1.0,0.0,0.0,0.0,0.0,0.0,1.0,1.0,600,54,66,60.0,6.324555320336759,60.0,0.0003315925598144,10,0.9293344008552924,36.0
20.0,6,64.0,154.51194488957654,0.0,0.0,0.5,0.5,0.5,0.0,0.0,5,0,0,5,0,0.0647199153900146,0.0,1.0,0.0,0.0,0.0,0.0,0.0,1.0,0.0,0.0,0.0,0.0,0.0,1.0,1.0,1214,54,367,121.4,129.56611353968205,121.4,0.0065706014633178,10,0.9795380820115248,15108.640000000005
20.0,6,64.0,1974.719397363465,0.0,0.0,0.7,0.3,0.3,0.0,0.0,3,0,0,7,0,0.0050640106201171,0.0,1.0,0.0,0.0,0.0,0.0,0.0,1.0,0.0,0.0,0.0,0.0,0.0,1.0,1.0,2418,54,367,241.8,161.63250498172286,241.8,0.0005109071731567,10,0.9926006472293546,24492.25
20.0,6,64.0,5810.894984760322,0.0,0.0,0.8,0.2,0.2,0.0,0.0,2,0,0,8,0,0.001720905303955,0.0,1.0,0.0,0.0,0.0,0.0,0.0,1.0,0.0,0.0,0.0,0.0,0.0,1.0,1.0,3371,54,369,337.1,99.47467572759967,337.1,0.0002756834030151,10,0.967280033904395,10814.109375
20.0,6,64.0,906.053745787609,0.0,0.0,0.9,0.1,0.1,0.0,0.0,1,0,0,9,0,0.0110368728637695,0.0,1.0,0.0,0.0,0.0,0.0,0.0,1.0,0.0,0.0,0.0,0.0,0.0,1.0,1.0,1590,54,369,159.0,145.15508947329403,159.0,0.0011075019836425,10,0.9858884072478412,24806.25
20.0,6,64.0,707.6605365277543,0.0,0.0,1.0,0.0,0.0,0.0,0.0,0,0,0,10,0,0.0141310691833496,0.0,1.0,0.0,0.0,0.0,0.0,0.0,1.0,0.0,0.0,0.0,0.0,0.0,1.0,1.0,760,75,77,76.0,1.0540925533894598,76.0,0.0014142036437988,10,0.8914006951425488,1.0
20.0,6,64.0,221.0669899330628,0.0,0.0,0.8,0.2,0.2,0.0,0.0,2,0,0,8,0,0.0452351570129394,0.0,1.0,0.0,0.0,0.0,0.0,0.0,1.0,0.0,0.0,0.0,0.0,0.0,1.0,1.0,695,54,77,69.5,8.449194570424384,69.5,0.0045257091522216,10,0.930199893900208,73.26530612244899
20.0,6,64.0,1433.9010632115142,0.0,0.0,0.7,0.3,0.3,0.0,0.0,3,0,0,7,0,0.0069739818572998,0.0,1.0,0.0,0.0,0.0,0.0,0.0,1.0,0.0,0.0,0.0,0.0,0.0,1.0,1.0,600,54,64,60.0,5.163977794943222,60.0,0.0007005929946899,10,0.928861627994548,25.0
20.0,6,64.0,2020.183026683364,0.0,0.0,0.6,0.4,0.4,0.0,0.0,4,0,0,6,0,0.0049500465393066,0.0,1.0,0.0,0.0,0.0,0.0,0.0,1.0,0.0,0.0,0.0,0.0,0.0,1.0,1.0,624,54,66,62.4,5.796550698475776,62.4,0.0004976987838745,10,0.9291193128925312,33.75
20.0,6,64.0,302.3989733311224,0.0,0.0,0.7,0.3,0.3,0.0,0.0,3,0,0,7,0,0.0330688953399658,0.0,1.0,0.0,0.0,0.0,0.0,0.0,1.0,0.0,0.0,0.0,0.0,0.0,1.0,1.0,624,54,66,62.4,5.796550698475776,62.4,0.0033108949661254,10,0.9291193128925312,36.0
20.0,6,64.0,718.8551253706274,0.0,0.0,0.8,0.2,0.2,0.0,0.0,2,0,0,8,0,0.0139110088348388,0.0,1.0,0.0,0.0,0.0,0.0,0.0,1.0,0.0,0.0,0.0,0.0,0.0,1.0,1.0,626,54,68,62.6,5.966573556070519,62.6,0.0013944149017333,10,0.9291885734038008,36.0
20.0,6,64.0,4101.60766673186,0.0,0.0,0.6,0.4,0.4,0.0,0.0,4,0,0,6,0,0.0024380683898925,0.0,1.0,0.0,0.0,0.0,0.0,0.0,1.0,0.0,0.0,0.0,0.0,0.0,1.0,1.0,638,54,68,63.8,6.762642481555072,63.8,0.0002446889877319,10,0.9295128600412864,43.55555555555556
20.0,6,64.0,194.39403419492683,0.0,0.0,0.6,0.4,0.4,0.0,0.0,4,0,0,6,0,0.0514419078826904,0.0,1.0,0.0,0.0,0.0,0.0,0.0,1.0,0.0,0.0,0.0,0.0,0.0,1.0,1.0,616,54,68,61.6,6.586180818788518,61.6,0.005147099494934,10,0.9294409766183416,49.0
20.0,6,64.0,2588.5971733629576,0.0,0.0,0.6,0.4,0.4,0.0,0.0,4,0,0,6,0,0.0038630962371826,0.0,1.0,0.0,0.0,0.0,0.0,0.0,1.0,0.0,0.0,0.0,0.0,0.0,1.0,1.0,612,54,66,61.2,6.196773353931867,61.2,0.0003899097442626,10,0.9292823475934576,36.0
20.0,6,64.0,7440.667021465319,0.0,0.0,0.9,0.1,0.1,0.0,0.0,1,0,0,9,0,0.0013439655303955,0.0,1.0,0.0,0.0,0.0,0.0,0.0,1.0,0.0,0.0,0.0,0.0,0.0,1.0,1.0,652,54,68,65.2,5.902918298980975,65.2,0.0001380920410156,10,0.9291626427982728,49.0
20.0,6,64.0,319.1210730942762,0.0,0.0,0.6,0.4,0.4,0.0,0.0,4,0,0,6,0,0.0313360691070556,0.0,1.0,0.0,0.0,0.0,0.0,0.0,1.0,0.0,0.0,0.0,0.0,0.0,1.0,1.0,618,54,68,61.8,5.613475849338903,61.8,0.0031358003616333,10,0.9290447355219869,49.0
20.0,6,64.0,956.1192668915838,0.0,0.0,0.7,0.3,0.3,0.0,0.0,3,0,0,7,0,0.0104589462280273,0.0,1.0,0.0,0.0,0.0,0.0,0.0,1.0,0.0,0.0,0.0,0.0,0.0,1.0,1.0,614,54,66,61.4,5.168279318217149,61.4,0.0010485887527465,10,0.9288633802630688,25.0
20.0,6,64.0,2366.85514361492,0.0,0.0,0.7,0.3,0.3,0.0,0.0,3,0,0,7,0,0.0042250156402587,0.0,1.0,0.0,0.0,0.0,0.0,0.0,1.0,0.0,0.0,0.0,0.0,0.0,1.0,1.0,612,54,66,61.2,6.196773353931867,61.2,0.0004281044006347,10,0.9292823475934576,36.0
20.0,6,64.0,239.05161407988328,0.0,0.0,0.8,0.2,0.2,0.0,0.0,2,0,0,8,0,0.0418319702148437,0.0,1.0,0.0,0.0,0.0,0.0,0.0,1.0,0.0,0.0,0.0,0.0,0.0,1.0,1.0,2442,54,367,244.2,158.5845725998171,244.2,0.0042855024337768,10,0.9913590414942616,23580.25
20.0,6,64.0,1666.3901470003973,0.0,0.0,1.0,0.0,0.0,0.0,0.0,0,0,0,10,0,0.0060009956359863,0.0,1.0,0.0,0.0,0.0,0.0,0.0,1.0,0.0,0.0,0.0,0.0,0.0,1.0,1.0,3682,367,369,368.2,1.0327955589886444,368.2,0.000602912902832,10,0.3937860595989096,1.0
20.0,6,64.0,253.42154712489503,0.0,0.0,0.7,0.3,0.3,0.0,0.0,3,0,0,7,0,0.0394599437713623,0.0,1.0,0.0,0.0,0.0,0.0,0.0,1.0,0.0,0.0,0.0,0.0,0.0,1.0,1.0,1830,54,369,183.0,160.1353594098859,183.0,0.0039481878280639,10,0.9919907700092112,24037.5
20.0,6,64.0,540.3638237567637,0.0,0.0,0.5,0.5,0.5,0.0,0.0,5,0,0,5,0,0.0185060501098632,0.0,1.0,0.0,0.0,0.0,0.0,0.0,1.0,0.0,0.0,0.0,0.0,0.0,1.0,1.0,590,54,64,59.0,5.270462766947299,59.0,0.0018880128860473,10,0.9289050057127436,25.0
20.0,6,64.0,1996.3369823893383,0.0,0.0,0.5,0.5,0.5,0.0,0.0,5,0,0,5,0,0.0050091743469238,0.0,1.0,0.0,0.0,0.0,0.0,0.0,1.0,0.0,0.0,0.0,0.0,0.0,1.0,1.0,596,54,66,59.6,5.94792213951879,59.6,0.0005244016647338,10,0.9291809755627544,31.84
20.0,6,64.0,2108.0082424486104,0.0,0.0,0.5,0.5,0.5,0.0,0.0,5,0,0,5,0,0.0047438144683837,0.0,1.0,0.0,0.0,0.0,0.0,0.0,1.0,0.0,0.0,0.0,0.0,0.0,1.0,1.0,600,54,66,60.0,6.324555320336759,60.0,0.0005937814712524,10,0.9293344008552924,36.0
20.0,6,64.0,342.7222957624487,0.0,0.0,0.8,0.2,0.2,0.0,0.0,2,0,0,8,0,0.0291781425476074,0.0,1.0,0.0,0.0,0.0,0.0,0.0,1.0,0.0,0.0,0.0,0.0,0.0,1.0,1.0,624,54,66,62.4,4.501851470969102,62.4,0.0030140161514282,10,0.928591904215214,36.0
20.0,6,64.0,4823.811385853939,0.0,0.0,1.0,0.0,0.0,0.0,0.0,0,0,0,10,0,0.002073049545288,0.0,1.0,0.0,0.0,0.0,0.0,0.0,1.0,0.0,0.0,0.0,0.0,0.0,1.0,1.0,652,64,66,65.2,1.0327955589886444,65.2,0.0006207942962646,10,0.9101374495989096,1.0
20.0,6,64.0,225.30156206355687,0.0,0.0,0.7,0.3,0.3,0.0,0.0,3,0,0,7,0,0.0443849563598632,0.0,1.0,0.0,0.0,0.0,0.0,0.0,1.0,0.0,0.0,0.0,0.0,0.0,1.0,1.0,618,54,66,61.8,5.452828012447608,61.8,0.0044409990310668,10,0.9289792940191508,26.76
20.0,6,64.0,969.826119126896,0.0,0.0,0.6,0.4,0.4,0.0,0.0,4,0,0,6,0,0.0103111267089843,0.0,1.0,0.0,0.0,0.0,0.0,0.0,1.0,0.0,0.0,0.0,0.0,0.0,1.0,1.0,600,54,64,60.0,5.163977794943222,60.0,0.0010338068008422,10,0.928861627994548,25.0
20.0,6,64.0,1509.4483031633497,0.0,0.0,0.5,0.5,0.5,0.0,0.0,5,0,0,5,0,0.0066249370574951,0.0,1.0,0.0,0.0,0.0,0.0,0.0,1.0,0.0,0.0,0.0,0.0,0.0,1.0,1.0,610,54,66,61.0,6.055300708194984,61.0,0.0007641792297363,10,0.9292247172964904,33.58024691358025
20.0,6,64.0,472.1454381718917,0.0,0.0,0.7,0.3,0.3,0.0,0.0,3,0,0,7,0,0.0211799144744873,0.0,1.0,0.0,0.0,0.0,0.0,0.0,1.0,0.0,0.0,0.0,0.0,0.0,1.0,1.0,612,54,66,61.2,6.196773353931867,61.2,0.0021203994750976,10,0.9292823475934576,36.0
20.0,6,64.0,482.9309967645738,0.0,0.0,1.0,0.0,0.0,0.0,0.0,0,0,0,10,0,0.0207068920135498,0.0,1.0,0.0,0.0,0.0,0.0,0.0,1.0,0.0,0.0,0.0,0.0,0.0,1.0,1.0,662,66,68,66.2,0.6324555320336759,66.2,0.0033306121826171,10,0.0,0.36
20.0,6,64.0,555.2133855766176,0.0,0.0,1.0,0.0,0.0,0.0,0.0,0,0,0,10,0,0.0180110931396484,0.0,1.0,0.0,0.0,0.0,0.0,0.0,1.0,0.0,0.0,0.0,0.0,0.0,1.0,1.0,687,68,75,68.7,2.213594362117865,68.7,0.0018032073974609,10,0.9038019397993524,4.41
20.0,6,64.0,849.5481152903526,0.0,0.0,1.0,0.0,0.0,0.0,0.0,0,0,0,10,0,0.0117709636688232,0.0,1.0,0.0,0.0,0.0,0.0,0.0,1.0,0.0,0.0,0.0,0.0,0.0,1.0,1.0,752,75,77,75.2,0.6324555320336759,75.2,0.0015413999557495,10,0.0,0.36
20.0,6,64.0,268.41312402808086,0.0,0.0,0.9,0.1,0.1,0.0,0.0,1,0,0,9,0,0.0372560024261474,0.0,1.0,0.0,0.0,0.0,0.0,0.0,1.0,0.0,0.0,0.0,0.0,0.0,1.0,1.0,759,66,77,75.9,3.478505426185217,75.9,0.0037294864654541,10,0.9077254739704108,10.89
20.0,6,64.0,851.4278754415168,0.0,0.0,0.5,0.5,0.5,0.0,0.0,5,0,0,5,0,0.0117449760437011,0.0,1.0,0.0,0.0,0.0,0.0,0.0,1.0,0.0,0.0,0.0,0.0,0.0,1.0,1.0,600,54,66,60.0,6.324555320336759,60.0,0.0011825084686279,10,0.9293344008552924,36.0
20.0,6,64.0,1063.1410321403223,0.0,0.0,0.5,0.5,0.5,0.0,0.0,5,0,0,5,0,0.0094060897827148,0.0,1.0,0.0,0.0,0.0,0.0,0.0,1.0,0.0,0.0,0.0,0.0,0.0,1.0,1.0,600,54,66,60.0,6.324555320336759,60.0,0.0009433984756469,10,0.9293344008552924,36.0
20.0,6,64.0,1243.6411077506968,0.0,0.0,0.5,0.5,0.5,0.0,0.0,5,0,0,5,0,0.0080409049987792,0.0,1.0,0.0,0.0,0.0,0.0,0.0,1.0,0.0,0.0,0.0,0.0,0.0,1.0,1.0,600,54,66,60.0,6.324555320336759,60.0,0.0008071899414062,10,0.9293344008552924,36.0
20.0,6,64.0,444.820769524456,0.0,0.0,0.6,0.4,0.4,0.0,0.0,4,0,0,6,0,0.0224809646606445,0.0,1.0,0.0,0.0,0.0,0.0,0.0,1.0,0.0,0.0,0.0,0.0,0.0,1.0,1.0,600,54,66,60.0,6.324555320336759,60.0,0.0022516012191772,10,0.9293344008552924,36.0
20.0,6,64.0,744.9389030974709,0.0,0.0,0.6,0.4,0.4,0.0,0.0,4,0,0,6,0,0.0134239196777343,0.0,1.0,0.0,0.0,0.0,0.0,0.0,1.0,0.0,0.0,0.0,0.0,0.0,1.0,1.0,612,54,66,61.2,6.196773353931867,61.2,0.001818299293518,10,0.9292823475934576,35.55555555555556
20.0,6,64.0,1671.703467516939,0.0,0.0,0.7,0.3,0.3,0.0,0.0,3,0,0,7,0,0.0059819221496582,0.0,1.0,0.0,0.0,0.0,0.0,0.0,1.0,0.0,0.0,0.0,0.0,0.0,1.0,1.0,632,54,68,63.2,6.408327915038888,63.2,0.0006791114807128,10,0.9293685264594702,36.96
20.0,6,64.0,385.7008598096464,0.0,0.0,0.7,0.3,0.3,0.0,0.0,3,0,0,7,0,0.0259268283843994,0.0,1.0,0.0,0.0,0.0,0.0,0.0,1.0,0.0,0.0,0.0,0.0,0.0,1.0,1.0,636,54,68,63.6,6.65331997326648,63.6,0.0025950908660888,10,0.92946832642431,49.0
20.0,6,64.0,1092.7789067792194,0.0,0.0,0.5,0.5,0.5,0.0,0.0,5,0,0,5,0,0.0091509819030761,0.0,1.0,0.0,0.0,0.0,0.0,0.0,1.0,0.0,0.0,0.0,0.0,0.0,1.0,1.0,600,54,66,60.0,6.324555320336759,60.0,0.0011450052261352,10,0.9293344008552924,36.0
20.0,6,64.0,1047.3453691912002,0.0,0.0,0.5,0.5,0.5,0.0,0.0,5,0,0,5,0,0.0095479488372802,0.0,1.0,0.0,0.0,0.0,0.0,0.0,1.0,0.0,0.0,0.0,0.0,0.0,1.0,1.0,614,54,67,61.4,6.380525927469546,61.4,0.0010184049606323,10,0.929357201041814,36.83950617283951
20.0,6,64.0,2283.7329848633344,0.0,0.0,0.6,0.4,0.4,0.0,0.0,4,0,0,6,0,0.0043787956237792,0.0,1.0,0.0,0.0,0.0,0.0,0.0,1.0,0.0,0.0,0.0,0.0,0.0,1.0,1.0,605,54,67,60.5,6.851601597031489,60.5,0.0004413843154907,10,0.9295490984265669,42.25
20.0,6,64.0,236.46267554417992,0.0,0.0,0.6,0.4,0.4,0.0,0.0,4,0,0,6,0,0.0422899723052978,0.0,1.0,0.0,0.0,0.0,0.0,0.0,1.0,0.0,0.0,0.0,0.0,0.0,1.0,1.0,642,54,75,64.2,9.366607354497855,64.2,0.0043460130691528,10,0.9305736111719284,78.96000000000001
20.0,6,64.0,2797.135045015005,0.0,0.0,0.5,0.5,0.5,0.0,0.0,5,0,0,5,0,0.0035750865936279,0.0,1.0,0.0,0.0,0.0,0.0,0.0,1.0,0.0,0.0,0.0,0.0,0.0,1.0,1.0,645,54,75,64.5,11.067971810589327,64.5,0.0007472038269042,10,0.9312666789967616,110.25
20.0,6,64.0,1179.5337326696476,0.0,0.0,0.6,0.4,0.4,0.0,0.0,4,0,0,6,0,0.0084779262542724,0.0,1.0,0.0,0.0,0.0,0.0,0.0,1.0,0.0,0.0,0.0,0.0,0.0,1.0,1.0,674,54,77,67.4,11.55854662143991,67.4,0.000960087776184,10,0.9314665195517098,122.22222222222224
20.0,6,64.0,2932.4645179333006,0.0,0.0,0.5,0.5,0.5,0.0,0.0,5,0,0,5,0,0.0034101009368896,0.0,1.0,0.0,0.0,0.0,0.0,0.0,1.0,0.0,0.0,0.0,0.0,0.0,1.0,1.0,655,54,77,65.5,12.122064363978788,65.5,0.0004877090454101,10,0.9316960741393104,132.25
20.0,6,64.0,340.96983196624694,0.0,0.0,0.5,0.5,0.5,0.0,0.0,5,0,0,5,0,0.0293281078338623,0.0,1.0,0.0,0.0,0.0,0.0,0.0,1.0,0.0,0.0,0.0,0.0,0.0,1.0,1.0,603,54,77,60.3,7.68909762080195,60.3,0.0030436992645263,10,0.92989026080681,132.25
20.0,6,64.0,2270.6279774794284,0.0,0.0,0.5,0.5,0.5,0.0,0.0,5,0,0,5,0,0.004404067993164,0.0,1.0,0.0,0.0,0.0,0.0,0.0,1.0,0.0,0.0,0.0,0.0,0.0,1.0,1.0,590,54,64,59.0,5.270462766947299,59.0,0.0009042978286743,10,0.9289050057127436,25.0
20.0,6,64.0,4710.584007187781,0.0,0.0,0.5,0.5,0.5,0.0,0.0,5,0,0,5,0,0.0021228790283203,0.0,1.0,0.0,0.0,0.0,0.0,0.0,1.0,0.0,0.0,0.0,0.0,0.0,1.0,1.0,598,54,66,59.8,6.142746399887703,59.8,0.0003015995025634,10,0.9292603391734584,33.959999999999994
20.0,6,64.0,1289.840703610308,0.0,0.0,0.5,0.5,0.5,0.0,0.0,5,0,0,5,0,0.0077528953552246,0.0,1.0,0.0,0.0,0.0,0.0,0.0,1.0,0.0,0.0,0.0,0.0,0.0,1.0,1.0,600,54,66,60.0,6.324555320336759,60.0,0.0008323907852172,10,0.9293344008552924,36.0
20.0,6,64.0,430.64437964598136,0.0,0.0,0.6,0.4,0.4,0.0,0.0,4,0,0,6,0,0.0232210159301757,0.0,1.0,0.0,0.0,0.0,0.0,0.0,1.0,0.0,0.0,0.0,0.0,0.0,1.0,1.0,612,54,66,61.2,6.196773353931867,61.2,0.0024172067642211,10,0.9292823475934576,36.0
20.0,6,64.0,1242.8672178267698,0.0,0.0,0.6,0.4,0.4,0.0,0.0,4,0,0,6,0,0.0080459117889404,0.0,1.0,0.0,0.0,0.0,0.0,0.0,1.0,0.0,0.0,0.0,0.0,0.0,1.0,1.0,614,54,68,61.4,6.397916327472042,61.4,0.0008688926696777,10,0.929364285195159,36.84
20.0,6,64.0,1180.0979123290754,0.0,0.0,0.6,0.4,0.4,0.0,0.0,4,0,0,6,0,0.0084738731384277,0.0,1.0,0.0,0.0,0.0,0.0,0.0,1.0,0.0,0.0,0.0,0.0,0.0,1.0,1.0,638,54,68,63.8,6.762642481555071,63.8,0.0009257078170776,10,0.9295128600412864,49.0
20.0,6,64.0,261.8968348620989,0.0,0.0,0.7,0.3,0.3,0.0,0.0,3,0,0,7,0,0.0381829738616943,0.0,1.0,0.0,0.0,0.0,0.0,0.0,1.0,0.0,0.0,0.0,0.0,0.0,1.0,1.0,618,54,68,61.8,5.613475849338903,61.8,0.0038213014602661,10,0.9290447355219869,49.0
20.0,6,64.0,1513.5334872979215,0.0,0.0,0.6,0.4,0.4,0.0,0.0,4,0,0,6,0,0.0066070556640625,0.0,1.0,0.0,0.0,0.0,0.0,0.0,1.0,0.0,0.0,0.0,0.0,0.0,1.0,1.0,602,54,66,60.2,5.370702416299421,60.2,0.000664210319519,10,0.9289458393363036,25.96
20.0,6,64.0,1571.3711973625057,0.0,0.0,0.6,0.4,0.4,0.0,0.0,4,0,0,6,0,0.0063638687133789,0.0,1.0,0.0,0.0,0.0,0.0,0.0,1.0,0.0,0.0,0.0,0.0,0.0,1.0,1.0,600,54,66,60.0,6.324555320336759,60.0,0.0006395816802978,10,0.9293344008552924,36.0
20.0,6,64.0,404.1534014260936,0.0,0.0,0.6,0.4,0.4,0.0,0.0,4,0,0,6,0,0.0247430801391601,0.0,1.0,0.0,0.0,0.0,0.0,0.0,1.0,0.0,0.0,0.0,0.0,0.0,1.0,1.0,612,54,66,61.2,6.196773353931867,61.2,0.002634310722351,10,0.9292823475934576,36.0
20.0,6,64.0,733.667547097203,0.0,0.0,1.0,0.0,0.0,0.0,0.0,0,0,0,10,0,0.0136301517486572,0.0,1.0,0.0,0.0,0.0,0.0,0.0,1.0,0.0,0.0,0.0,0.0,0.0,1.0,1.0,664,66,68,66.4,0.8432740427115678,66.4,0.0014672040939331,10,0.0,0.64
20.0,6,64.0,243.7599307246596,0.0,0.0,0.9,0.1,0.1,0.0,0.0,1,0,0,9,0,0.0410239696502685,0.0,1.0,0.0,0.0,0.0,0.0,0.0,1.0,0.0,0.0,0.0,0.0,0.0,1.0,1.0,3356,68,1406,335.6,564.1503345740389,335.6,0.0041038990020751,10,1.0,286439.04000000004
20.0,6,64.0,497.3620614009083,0.0,0.0,0.6,0.4,0.4,0.0,0.0,4,0,0,6,0,0.0201060771942138,0.0,1.0,0.0,0.0,0.0,0.0,0.0,1.0,0.0,0.0,0.0,0.0,0.0,1.0,1.0,8652,54,1406,865.2,698.1697978763236,865.2,0.0020731925964355,10,1.0,456976.0
20.0,6,64.0,2007.612483247176,0.0,0.0,0.7,0.3,0.3,0.0,0.0,3,0,0,7,0,0.0049810409545898,0.0,1.0,0.0,0.0,0.0,0.0,0.0,1.0,0.0,0.0,0.0,0.0,0.0,1.0,1.0,8652,54,1406,865.2,698.1697978763237,865.2,0.0005025148391723,10,1.0,456976.0
20.0,6,64.0,479.20116078467214,0.0,0.0,0.7,0.3,0.3,0.0,0.0,3,0,0,7,0,0.0208680629730224,0.0,1.0,0.0,0.0,0.0,0.0,0.0,1.0,0.0,0.0,0.0,0.0,0.0,1.0,1.0,8673,54,1406,867.3,695.4851304425326,867.3,0.0020906925201416,10,1.0,447649.9591836735
20.0,6,64.0,1074.690991083325,0.0,0.0,1.0,0.0,0.0,0.0,0.0,0,0,0,10,0,0.0093050003051757,0.0,1.0,0.0,0.0,0.0,0.0,0.0,1.0,0.0,0.0,0.0,0.0,0.0,1.0,1.0,752,75,77,75.2,0.6324555320336759,75.2,0.0011924028396606,10,0.0,0.36
20.0,6,64.0,329.81607441948245,0.0,0.0,1.0,0.0,0.0,0.0,0.0,0,0,0,10,0,0.0303199291229248,0.0,1.0,0.0,0.0,0.0,0.0,0.0,1.0,0.0,0.0,0.0,0.0,0.0,1.0,1.0,759,66,77,75.9,3.478505426185217,75.9,0.0037571907043457,10,0.9077254739704108,10.89
20.0,6,64.0,864.234731723399,0.0,0.0,1.0,0.0,0.0,0.0,0.0,0,0,0,10,0,0.011570930480957,0.0,1.0,0.0,0.0,0.0,0.0,0.0,1.0,0.0,0.0,0.0,0.0,0.0,1.0,1.0,661,66,67,66.1,0.3162277660168379,66.1,0.0019666910171508,10,0.0,0.09
20.0,6,64.0,316.11464920148023,0.0,0.0,1.0,0.0,0.0,0.0,0.0,0,0,0,10,0,0.0316340923309326,0.0,1.0,0.0,0.0,0.0,0.0,0.0,1.0,0.0,0.0,0.0,0.0,0.0,1.0,1.0,669,66,67,66.9,0.3162277660168379,66.9,0.0031649112701416,10,0.0,0.09
20.0,6,64.0,657.5484032796651,0.0,0.0,1.0,0.0,0.0,0.0,0.0,0,0,0,10,0,0.0152080059051513,0.0,1.0,0.0,0.0,0.0,0.0,0.0,1.0,0.0,0.0,0.0,0.0,0.0,1.0,1.0,662,66,68,66.2,0.6324555320336759,66.2,0.0018376111984252,10,0.0,0.36
20.0,6,64.0,290.85704379182414,0.0,0.0,1.0,0.0,0.0,0.0,0.0,0,0,0,10,0,0.0343811511993408,0.0,1.0,0.0,0.0,0.0,0.0,0.0,1.0,0.0,0.0,0.0,0.0,0.0,1.0,1.0,678,66,68,67.8,0.6324555320336759,67.8,0.0034395933151245,10,0.0,0.36
20.0,6,64.0,588.6825078246712,0.0,0.0,1.0,0.0,0.0,0.0,0.0,0,0,0,10,0,0.0169870853424072,0.0,1.0,0.0,0.0,0.0,0.0,0.0,1.0,0.0,0.0,0.0,0.0,0.0,1.0,1.0,662,66,68,66.2,0.6324555320336759,66.2,0.0019083976745605,10,0.0,0.36
20.0,6,64.0,293.1419266010162,0.0,0.0,0.9,0.1,0.1,0.0,0.0,1,0,0,9,0,0.0341131687164306,0.0,1.0,0.0,0.0,0.0,0.0,0.0,1.0,0.0,0.0,0.0,0.0,0.0,1.0,1.0,678,66,68,67.8,0.6324555320336759,67.8,0.0034121036529541,10,0.0,0.36
20.0,6,64.0,374.2808955676717,0.0,0.0,0.7,0.3,0.3,0.0,0.0,3,0,0,7,0,0.0267179012298584,0.0,1.0,0.0,0.0,0.0,0.0,0.0,1.0,0.0,0.0,0.0,0.0,0.0,1.0,1.0,624,54,66,62.4,5.796550698475775,62.4,0.0026783943176269,10,0.9291193128925312,36.0
20.0,6,64.0,4541.255954958857,0.0,0.0,0.6,0.4,0.4,0.0,0.0,4,0,0,6,0,0.002202033996582,0.0,1.0,0.0,0.0,0.0,0.0,0.0,1.0,0.0,0.0,0.0,0.0,0.0,1.0,1.0,606,54,68,60.6,6.995236474439826,60.6,0.0002216100692749,10,0.9296076095302278,44.04
20.0,6,64.0,3064.667543475084,0.0,0.0,0.5,0.5,0.5,0.0,0.0,5,0,0,5,0,0.0032629966735839,0.0,1.0,0.0,0.0,0.0,0.0,0.0,1.0,0.0,0.0,0.0,0.0,0.0,1.0,1.0,624,54,68,62.4,7.229568912920511,62.4,0.0003808975219726,10,0.9297030671923672,49.0
20.0,6,64.0,283.0928725701944,0.0,0.0,0.6,0.4,0.4,0.0,0.0,4,0,0,6,0,0.0353240966796875,0.0,1.0,0.0,0.0,0.0,0.0,0.0,1.0,0.0,0.0,0.0,0.0,0.0,1.0,1.0,604,54,68,60.4,5.641118880348314,60.4,0.0035362005233764,10,0.9290559961870988,49.0
20.0,6,64.0,1951.565233575284,0.0,0.0,0.6,0.4,0.4,0.0,0.0,4,0,0,6,0,0.0051240921020507,0.0,1.0,0.0,0.0,0.0,0.0,0.0,1.0,0.0,0.0,0.0,0.0,0.0,1.0,1.0,602,54,66,60.2,5.370702416299421,60.2,0.0005158901214599,10,0.9289458393363036,25.96
20.0,6,64.0,3210.33601224646,0.0,0.0,0.6,0.4,0.4,0.0,0.0,4,0,0,6,0,0.0031149387359619,0.0,1.0,0.0,0.0,0.0,0.0,0.0,1.0,0.0,0.0,0.0,0.0,0.0,1.0,1.0,600,54,66,60.0,6.324555320336759,60.0,0.0003135919570922,10,0.9293344008552924,36.0
20.0,6,64.0,339.419128774085,0.0,0.0,0.7,0.3,0.3,0.0,0.0,3,0,0,7,0,0.0294620990753173,0.0,1.0,0.0,0.0,0.0,0.0,0.0,1.0,0.0,0.0,0.0,0.0,0.0,1.0,1.0,636,54,66,63.6,5.059644256269407,63.6,0.0029481172561645,10,0.928819126684234,36.0
20.0,6,64.0,622.3926398575456,0.0,0.0,0.6,0.4,0.4,0.0,0.0,4,0,0,6,0,0.0160670280456542,0.0,1.0,0.0,0.0,0.0,0.0,0.0,1.0,0.0,0.0,0.0,0.0,0.0,1.0,1.0,600,54,66,60.0,6.324555320336759,60.0,0.0016103029251098,10,0.9293344008552924,36.0
20.0,6,64.0,1953.201080376269,0.0,0.0,0.5,0.5,0.5,0.0,0.0,5,0,0,5,0,0.0051198005676269,0.0,1.0,0.0,0.0,0.0,0.0,0.0,1.0,0.0,0.0,0.0,0.0,0.0,1.0,1.0,612,54,66,61.2,6.196773353931867,61.2,0.000599980354309,10,0.9292823475934576,35.55555555555556
20.0,6,64.0,2392.370522473192,0.0,0.0,0.5,0.5,0.5,0.0,0.0,5,0,0,5,0,0.0041799545288085,0.0,1.0,0.0,0.0,0.0,0.0,0.0,1.0,0.0,0.0,0.0,0.0,0.0,1.0,1.0,600,54,66,60.0,6.324555320336759,60.0,0.0004217147827148,10,0.9293344008552924,36.0
20.0,6,64.0,252.6780486041664,0.0,0.0,1.0,0.0,0.0,0.0,0.0,0,0,0,10,0,0.0395760536193847,0.0,1.0,0.0,0.0,0.0,0.0,0.0,1.0,0.0,0.0,0.0,0.0,0.0,1.0,1.0,630,54,64,63.0,3.1622776601683795,63.0,0.00395929813385,10,0.9280462154276462,25.0
20.0,6,64.0,1198.749321215239,0.0,0.0,1.0,0.0,0.0,0.0,0.0,0,0,0,10,0,0.0083420276641845,0.0,1.0,0.0,0.0,0.0,0.0,0.0,1.0,0.0,0.0,0.0,0.0,0.0,1.0,1.0,658,64,66,65.8,0.6324555320336757,65.8,0.0008354902267456,10,0.0,1.0
20.0,6,64.0,257.10317095447385,0.0,0.0,1.0,0.0,0.0,0.0,0.0,0,0,0,10,0,0.0388948917388916,0.0,1.0,0.0,0.0,0.0,0.0,0.0,1.0,0.0,0.0,0.0,0.0,0.0,1.0,1.0,642,64,66,64.2,0.6324555320336757,64.2,0.0038922071456909,10,0.0,1.0
20.0,6,64.0,1294.8579896270685,0.0,0.0,1.0,0.0,0.0,0.0,0.0,0,0,0,10,0,0.0077228546142578,0.0,1.0,0.0,0.0,0.0,0.0,0.0,1.0,0.0,0.0,0.0,0.0,0.0,1.0,1.0,658,64,66,65.8,0.6324555320336757,65.8,0.0010891914367675,10,0.0,1.0
20.0,6,64.0,239.83074688654324,0.0,0.0,0.6,0.4,0.4,0.0,0.0,4,0,0,6,0,0.0416960716247558,0.0,1.0,0.0,0.0,0.0,0.0,0.0,1.0,0.0,0.0,0.0,0.0,0.0,1.0,1.0,662,54,76,66.2,10.932113753117973,66.2,0.0041722059249877,10,0.9312113358584702,107.56
20.0,6,64.0,515.3847288098106,0.0,0.0,0.5,0.5,0.5,0.0,0.0,5,0,0,5,0,0.0194029808044433,0.0,1.0,0.0,0.0,0.0,0.0,0.0,1.0,0.0,0.0,0.0,0.0,0.0,1.0,1.0,650,54,76,65.0,11.59501808728406,65.0,0.0019423961639404,10,0.931481376568036,121.0
20.0,6,64.0,2139.077927376581,0.0,0.0,0.5,0.5,0.5,0.0,0.0,5,0,0,5,0,0.0046749114990234,0.0,1.0,0.0,0.0,0.0,0.0,0.0,1.0,0.0,0.0,0.0,0.0,0.0,1.0,1.0,660,54,78,66.0,12.649110640673518,66.0,0.0005887031555175,10,0.9319107717105848,144.0
20.0,6,64.0,2084.229775392566,0.0,0.0,0.5,0.5,0.5,0.0,0.0,5,0,0,5,0,0.0047979354858398,0.0,1.0,0.0,0.0,0.0,0.0,0.0,1.0,0.0,0.0,0.0,0.0,0.0,1.0,1.0,660,54,78,66.0,12.649110640673518,66.0,0.0005918979644775,10,0.9319107717105848,144.0
20.0,6,64.0,518.8337600969805,0.0,0.0,1.0,0.0,0.0,0.0,0.0,0,0,0,10,0,0.0192739963531494,0.0,1.0,0.0,0.0,0.0,0.0,0.0,1.0,0.0,0.0,0.0,0.0,0.0,1.0,1.0,880,88,88,88.0,0.0,88.0,0.002806806564331,10,0.0,0.0
20.0,6,64.0,35726.60988074957,0.0,0.0,1.0,0.0,0.0,0.0,0.0,0,0,0,10,0,0.0002799034118652,0.0,1.0,0.0,0.0,0.0,0.0,0.0,1.0,0.0,0.0,0.0,0.0,0.0,1.0,1.0,900,90,90,90.0,0.0,90.0,3.0493736267089845e-05,10,0.0,0.0
20.0,6,64.0,742.8279965996032,0.0,0.0,0.5,0.5,0.5,0.0,0.0,5,0,0,5,0,0.0134620666503906,0.0,1.0,0.0,0.0,0.0,0.0,0.0,1.0,0.0,0.0,0.0,0.0,0.0,1.0,1.0,600,54,66,60.0,6.324555320336759,60.0,0.0045989990234375,10,0.9293344008552924,36.0
20.0,6,64.0,2680.23771486996,0.0,0.0,0.5,0.5,0.5,0.0,0.0,5,0,0,5,0,0.0037310123443603,0.0,1.0,0.0,0.0,0.0,0.0,0.0,1.0,0.0,0.0,0.0,0.0,0.0,1.0,1.0,600,54,66,60.0,6.324555320336759,60.0,0.0004687070846557,10,0.9293344008552924,36.0
20.0,6,64.0,820.546208623523,0.0,0.0,0.5,0.5,0.5,0.0,0.0,5,0,0,5,0,0.0121870040893554,0.0,1.0,0.0,0.0,0.0,0.0,0.0,1.0,0.0,0.0,0.0,0.0,0.0,1.0,1.0,605,54,67,60.5,6.851601597031489,60.5,0.0012995958328247,10,0.9295490984265669,42.25
20.0,6,64.0,520.5078120152393,0.0,0.0,0.6,0.4,0.4,0.0,0.0,4,0,0,6,0,0.019212007522583,0.0,1.0,0.0,0.0,0.0,0.0,0.0,1.0,0.0,0.0,0.0,0.0,0.0,1.0,1.0,615,54,67,61.5,6.519202405202649,61.5,0.0020230054855346,10,0.9294136922917834,42.25
20.0,6,64.0,510.2063059556248,0.0,0.0,0.6,0.4,0.4,0.0,0.0,4,0,0,6,0,0.0195999145507812,0.0,1.0,0.0,0.0,0.0,0.0,0.0,1.0,0.0,0.0,0.0,0.0,0.0,1.0,1.0,600,54,64,60.0,5.163977794943222,60.0,0.002317190170288,10,0.928861627994548,25.0
20.0,6,64.0,2194.0178898362715,0.0,0.0,0.5,0.5,0.5,0.0,0.0,5,0,0,5,0,0.0045578479766845,0.0,1.0,0.0,0.0,0.0,0.0,0.0,1.0,0.0,0.0,0.0,0.0,0.0,1.0,1.0,606,54,66,60.6,5.738757124441958,60.6,0.0005388975143432,10,0.9290957701022128,29.64
20.0,6,64.0,2276.9143911839747,0.0,0.0,0.5,0.5,0.5,0.0,0.0,5,0,0,5,0,0.0043919086456298,0.0,1.0,0.0,0.0,0.0,0.0,0.0,1.0,0.0,0.0,0.0,0.0,0.0,1.0,1.0,600,54,66,60.0,6.324555320336759,60.0,0.0004414081573486,10,0.9293344008552924,36.0
20.0,6,64.0,406.5035859662725,0.0,0.0,0.9,0.1,0.1,0.0,0.0,1,0,0,9,0,0.0246000289916992,0.0,1.0,0.0,0.0,0.0,0.0,0.0,1.0,0.0,0.0,0.0,0.0,0.0,1.0,1.0,624,54,66,62.4,4.501851470969102,62.4,0.0024621963500976,10,0.928591904215214,36.0
20.0,6,64.0,961.5552498853737,0.0,0.0,1.0,0.0,0.0,0.0,0.0,0,0,0,10,0,0.0103998184204101,0.0,1.0,0.0,0.0,0.0,0.0,0.0,1.0,0.0,0.0,0.0,0.0,0.0,1.0,1.0,652,64,66,65.2,1.0327955589886444,65.2,0.0011420965194702,10,0.9101374495989096,1.0
20.0,6,64.0,244.2126836993735,0.0,0.0,0.7,0.3,0.3,0.0,0.0,3,0,0,7,0,0.0409479141235351,0.0,1.0,0.0,0.0,0.0,0.0,0.0,1.0,0.0,0.0,0.0,0.0,0.0,1.0,1.0,624,54,66,62.4,5.796550698475775,62.4,0.0040977001190185,10,0.9291193128925312,30.24
20.0,6,64.0,2182.9416050796294,0.0,0.0,0.6,0.4,0.4,0.0,0.0,4,0,0,6,0,0.0045809745788574,0.0,1.0,0.0,0.0,0.0,0.0,0.0,1.0,0.0,0.0,0.0,0.0,0.0,1.0,1.0,612,54,66,61.2,6.196773353931867,61.2,0.0008069038391113,10,0.9292823475934576,36.0
20.0,6,64.0,1426.100438611404,0.0,0.0,0.9,0.1,0.1,0.0,0.0,1,0,0,9,0,0.007012128829956,0.0,1.0,0.0,0.0,0.0,0.0,0.0,1.0,0.0,0.0,0.0,0.0,0.0,1.0,1.0,664,54,68,66.4,4.402019738458447,66.4,0.0007034063339233,10,0.9285512367606584,38.22222222222222
20.0,6,64.0,288.0268091359822,0.0,0.0,0.8,0.2,0.2,0.0,0.0,2,0,0,8,0,0.0347189903259277,0.0,1.0,0.0,0.0,0.0,0.0,0.0,1.0,0.0,0.0,0.0,0.0,0.0,1.0,1.0,2452,54,368,245.2,158.60278826188537,245.2,0.0036576986312866,10,0.9913664618263616,23586.75
20.0,6,64.0,963.4769025796522,0.0,0.0,1.0,0.0,0.0,0.0,0.0,0,0,0,10,0,0.0103790760040283,0.0,1.0,0.0,0.0,0.0,0.0,0.0,1.0,0.0,0.0,0.0,0.0,0.0,1.0,1.0,3692,368,370,369.2,1.0327955589886444,369.2,0.0011260986328125,10,0.3920819295989097,1.0
20.0,6,64.0,247.23714536655527,0.0,0.0,0.7,0.3,0.3,0.0,0.0,3,0,0,7,0,0.0404469966888427,0.0,1.0,0.0,0.0,0.0,0.0,0.0,1.0,0.0,0.0,0.0,0.0,0.0,1.0,1.0,1840,54,370,184.0,160.15825506874964,184.0,0.0040479898452758,10,0.9920000967848058,24043.0
20.0,6,64.0,616.98180373928,0.0,0.0,0.5,0.5,0.5,0.0,0.0,5,0,0,5,0,0.0162079334259033,0.0,1.0,0.0,0.0,0.0,0.0,0.0,1.0,0.0,0.0,0.0,0.0,0.0,1.0,1.0,600,54,66,60.0,6.324555320336759,60.0,0.0016616106033325,10,0.9293344008552924,36.0
20.0,6,64.0,2460.723965972426,0.0,0.0,0.5,0.5,0.5,0.0,0.0,5,0,0,5,0,0.0040638446807861,0.0,1.0,0.0,0.0,0.0,0.0,0.0,1.0,0.0,0.0,0.0,0.0,0.0,1.0,1.0,606,54,68,60.6,6.995236474439826,60.6,0.0004921913146972,10,0.9296076095302278,44.04
20.0,6,64.0,1816.2664010739184,0.0,0.0,0.6,0.4,0.4,0.0,0.0,4,0,0,6,0,0.0055058002471923,0.0,1.0,0.0,0.0,0.0,0.0,0.0,1.0,0.0,0.0,0.0,0.0,0.0,1.0,1.0,624,54,68,62.4,7.229568912920511,62.4,0.0006587982177734,10,0.9297030671923672,49.0
20.0,6,64.0,385.44565646911786,0.0,0.0,0.9,0.1,0.1,0.0,0.0,1,0,0,9,0,0.0259439945220947,0.0,1.0,0.0,0.0,0.0,0.0,0.0,1.0,0.0,0.0,0.0,0.0,0.0,1.0,1.0,634,54,68,63.4,3.5339622081862854,63.4,0.0026509046554565,10,0.9281976248451268,49.0
20.0,6,64.0,1552.0663114268798,0.0,0.0,1.0,0.0,0.0,0.0,0.0,0,0,0,10,0,0.0064430236816406,0.0,1.0,0.0,0.0,0.0,0.0,0.0,1.0,0.0,0.0,0.0,0.0,0.0,1.0,1.0,656,64,66,65.6,0.8432740427115678,65.6,0.0008440017700195,10,0.0,1.0
20.0,6,64.0,194.2652821135124,0.0,0.0,0.9,0.1,0.1,0.0,0.0,1,0,0,9,0,0.0514760017395019,0.0,1.0,0.0,0.0,0.0,0.0,0.0,1.0,0.0,0.0,0.0,0.0,0.0,1.0,1.0,648,54,66,64.8,3.794733192202056,64.8,0.0051494121551513,10,0.9283038525131756,23.04
20.0,6,64.0,8381.902478017586,0.0,0.0,0.9,0.1,0.1,0.0,0.0,1,0,0,9,0,0.0011930465698242,0.0,1.0,0.0,0.0,0.0,0.0,0.0,1.0,0.0,0.0,0.0,0.0,0.0,1.0,1.0,654,54,67,65.4,4.033195589934445,65.4,0.000120997428894,10,0.9284009925555156,32.0
20.0,6,64.0,229.73675850358765,0.0,0.0,1.0,0.0,0.0,0.0,0.0,0,0,0,10,0,0.0435280799865722,0.0,1.0,0.0,0.0,0.0,0.0,0.0,1.0,0.0,0.0,0.0,0.0,0.0,1.0,1.0,664,66,67,66.4,0.5163977794943222,66.4,0.004355502128601,10,0.0,0.25
20.0,6,64.0,1242.6831002607253,0.0,0.0,1.0,0.0,0.0,0.0,0.0,0,0,0,10,0,0.0080471038818359,0.0,1.0,0.0,0.0,0.0,0.0,0.0,1.0,0.0,0.0,0.0,0.0,0.0,1.0,1.0,672,66,68,67.2,1.0327955589886444,67.2,0.0008055925369262,10,0.9067291895989096,1.0
20.0,6,64.0,206.65871756718136,0.0,0.0,0.7,0.3,0.3,0.0,0.0,3,0,0,7,0,0.0483889579772949,0.0,1.0,0.0,0.0,0.0,0.0,0.0,1.0,0.0,0.0,0.0,0.0,0.0,1.0,1.0,632,54,68,63.2,6.408327915038888,63.2,0.00483980178833,10,0.9293685264594702,36.96
20.0,6,64.0,1260.7243980883104,0.0,0.0,0.6,0.4,0.4,0.0,0.0,4,0,0,6,0,0.0079319477081298,0.0,1.0,0.0,0.0,0.0,0.0,0.0,1.0,0.0,0.0,0.0,0.0,0.0,1.0,1.0,612,54,66,61.2,6.196773353931867,61.2,0.000796103477478,10,0.9292823475934576,35.26530612244898
20.0,6,64.0,4409.486963835156,0.0,0.0,0.7,0.3,0.3,0.0,0.0,3,0,0,7,0,0.002267837524414,0.0,1.0,0.0,0.0,0.0,0.0,0.0,1.0,0.0,0.0,0.0,0.0,0.0,1.0,1.0,650,54,68,65.0,5.830951894845301,65.0,0.0002339839935302,10,0.929133326563884,41.0
20.0,6,64.0,329.55434031051607,0.0,0.0,0.8,0.2,0.2,0.0,0.0,2,0,0,8,0,0.030344009399414,0.0,1.0,0.0,0.0,0.0,0.0,0.0,1.0,0.0,0.0,0.0,0.0,0.0,1.0,1.0,630,54,68,63.0,6.27162924074226,63.0,0.0030364036560058,10,0.9293128408875088,49.0
20.0,6,64.0,778.8720729420066,0.0,0.0,1.0,0.0,0.0,0.0,0.0,0,0,0,10,0,0.0128390789031982,0.0,1.0,0.0,0.0,0.0,0.0,0.0,1.0,0.0,0.0,0.0,0.0,0.0,1.0,1.0,668,66,68,66.8,1.0327955589886444,66.8,0.0013949155807495,10,0.9067291895989096,0.96
20.0,6,64.0,258.44500585371867,0.0,0.0,0.8,0.2,0.2,0.0,0.0,2,0,0,8,0,0.0386929512023925,0.0,1.0,0.0,0.0,0.0,0.0,0.0,1.0,0.0,0.0,0.0,0.0,0.0,1.0,1.0,648,54,68,64.8,5.750362307426086,64.8,0.0038806915283203,10,0.9291004975895532,29.76
20.0,6,64.0,2076.902203515722,0.0,0.0,0.5,0.5,0.5,0.0,0.0,5,0,0,5,0,0.004814863204956,0.0,1.0,0.0,0.0,0.0,0.0,0.0,1.0,0.0,0.0,0.0,0.0,0.0,1.0,1.0,600,54,66,60.0,6.324555320336759,60.0,0.0005980968475341,10,0.9293344008552924,36.0
20.0,6,64.0,1485.4455305284034,0.0,0.0,0.5,0.5,0.5,0.0,0.0,5,0,0,5,0,0.0067319869995117,0.0,1.0,0.0,0.0,0.0,0.0,0.0,1.0,0.0,0.0,0.0,0.0,0.0,1.0,1.0,604,54,68,60.4,6.785605679999719,60.4,0.0007040977478027,10,0.9295222143298046,41.44
20.0,6,64.0,1365.7334505551758,0.0,0.0,0.5,0.5,0.5,0.0,0.0,5,0,0,5,0,0.007322072982788,0.0,1.0,0.0,0.0,0.0,0.0,0.0,1.0,0.0,0.0,0.0,0.0,0.0,1.0,1.0,610,54,68,61.0,7.378647873726218,61.0,0.0010440111160278,10,0.9297637959978412,49.0
20.0,6,64.0,287.78570644417607,0.0,0.0,0.7,0.3,0.3,0.0,0.0,3,0,0,7,0,0.0347480773925781,0.0,1.0,0.0,0.0,0.0,0.0,0.0,1.0,0.0,0.0,0.0,0.0,0.0,1.0,1.0,5262,54,1224,526.2,600.5978132938325,526.2,0.0035567998886108,10,1.0,324645.96
20.0,6,64.0,7558.666426383132,0.0,0.0,0.6,0.4,0.4,0.0,0.0,4,0,0,6,0,0.0013229846954345,0.0,1.0,0.0,0.0,0.0,0.0,0.0,1.0,0.0,0.0,0.0,0.0,0.0,1.0,1.0,7560,54,1224,756.0,604.1854020083571,756.0,0.0001353979110717,10,1.0,328536.0
20.0,6,64.0,1246.1166404230669,0.0,0.0,0.7,0.3,0.3,0.0,0.0,3,0,0,7,0,0.0080249309539794,0.0,1.0,0.0,0.0,0.0,0.0,0.0,1.0,0.0,0.0,0.0,0.0,0.0,1.0,1.0,9908,54,1225,990.8,493.736952007623,990.8,0.000858998298645,10,1.0,304720.22222222225
20.0,6,64.0,190.66491501616036,0.0,0.0,0.7,0.3,0.3,0.0,0.0,3,0,0,7,0,0.052448034286499,0.0,1.0,0.0,0.0,0.0,0.0,0.0,1.0,0.0,0.0,0.0,0.0,0.0,1.0,1.0,2930,54,1225,293.0,491.2397016166796,293.0,0.0052478075027465,10,1.0,342810.25
20.0,6,64.0,2707.0504711501226,0.0,0.0,0.5,0.5,0.5,0.0,0.0,5,0,0,5,0,0.0036940574645996,0.0,1.0,0.0,0.0,0.0,0.0,0.0,1.0,0.0,0.0,0.0,0.0,0.0,1.0,1.0,612,54,66,61.2,6.196773353931867,61.2,0.0003736972808837,10,0.9292823475934576,35.55555555555556
20.0,6,64.0,2500.628390866273,0.0,0.0,0.8,0.2,0.2,0.0,0.0,2,0,0,8,0,0.0039989948272705,0.0,1.0,0.0,0.0,0.0,0.0,0.0,1.0,0.0,0.0,0.0,0.0,0.0,1.0,1.0,652,54,68,65.2,5.902918298980975,65.2,0.0004037857055664,10,0.9291626427982728,49.0
20.0,6,64.0,324.57121631869745,0.0,0.0,0.9,0.1,0.1,0.0,0.0,1,0,0,9,0,0.0308098793029785,0.0,1.0,0.0,0.0,0.0,0.0,0.0,1.0,0.0,0.0,0.0,0.0,0.0,1.0,1.0,652,54,68,65.2,5.902918298980975,65.2,0.0030838012695312,10,0.9291626427982728,49.0
20.0,6,64.0,4636.126892892672,0.0,0.0,1.0,0.0,0.0,0.0,0.0,0,0,0,10,0,0.0021569728851318,0.0,1.0,0.0,0.0,0.0,0.0,0.0,1.0,0.0,0.0,0.0,0.0,0.0,1.0,1.0,692,68,70,69.2,1.0327955589886444,69.2,0.0002166032791137,10,0.9033209295989096,1.0
20.0,6,64.0,226.16289665956705,0.0,0.0,0.7,0.3,0.3,0.0,0.0,3,0,0,7,0,0.0442159175872802,0.0,1.0,0.0,0.0,0.0,0.0,0.0,1.0,0.0,0.0,0.0,0.0,0.0,1.0,1.0,4114,54,1224,411.4,560.7907512313899,411.4,0.004600191116333,10,1.0,298716.5432098766
20.0,6,64.0,1815.5588260756645,0.0,0.0,0.5,0.5,0.5,0.0,0.0,5,0,0,5,0,0.0055079460144042,0.0,1.0,0.0,0.0,0.0,0.0,0.0,1.0,0.0,0.0,0.0,0.0,0.0,1.0,1.0,6390,54,1224,639.0,616.644143732834,639.0,0.0010792016983032,10,1.0,342225.0
20.0,6,64.0,2284.60373658696,0.0,0.0,0.5,0.5,0.5,0.0,0.0,5,0,0,5,0,0.0043771266937255,0.0,1.0,0.0,0.0,0.0,0.0,0.0,1.0,0.0,0.0,0.0,0.0,0.0,1.0,1.0,7568,54,1226,756.8,604.8744222288348,756.8,0.0011782169342041,10,1.0,342225.0
20.0,6,64.0,2141.3713177107265,0.0,0.0,0.5,0.5,0.5,0.0,0.0,5,0,0,5,0,0.0046699047088623,0.0,1.0,0.0,0.0,0.0,0.0,0.0,1.0,0.0,0.0,0.0,0.0,0.0,1.0,1.0,6400,54,1226,640.0,617.6982362862234,640.0,0.0004699945449829,10,1.0,343396.0
20.0,6,64.0,326.8399192700013,0.0,0.0,0.9,0.1,0.1,0.0,0.0,1,0,0,9,0,0.0305960178375244,0.0,1.0,0.0,0.0,0.0,0.0,0.0,1.0,0.0,0.0,0.0,0.0,0.0,1.0,1.0,3826,54,1226,382.6,321.84060927387304,382.6,0.0030623912811279,10,1.0,343396.0
20.0,6,64.0,1248.304761904762,0.0,0.0,1.0,0.0,0.0,0.0,0.0,0,0,0,10,0,0.0080108642578125,0.0,1.0,0.0,0.0,0.0,0.0,0.0,1.0,0.0,0.0,0.0,0.0,0.0,1.0,1.0,3574,356,358,357.4,0.9660917830792958,357.4,0.000893497467041,10,0.0,1.0
20.0,6,64.0,240.2002096015852,0.0,0.0,0.7,0.3,0.3,0.0,0.0,3,0,0,7,0,0.0416319370269775,0.0,1.0,0.0,0.0,0.0,0.0,0.0,1.0,0.0,0.0,0.0,0.0,0.0,1.0,1.0,6132,54,1224,613.2,540.1441782832926,613.2,0.004390811920166,10,1.0,262580.16000000003
20.0,6,64.0,1582.7562264150945,0.0,0.0,0.6,0.4,0.4,0.0,0.0,4,0,0,6,0,0.0063180923461914,0.0,1.0,0.0,0.0,0.0,0.0,0.0,1.0,0.0,0.0,0.0,0.0,0.0,1.0,1.0,7560,54,1224,756.0,604.1854020083571,756.0,0.0007292032241821,10,1.0,338000.0
20.0,6,64.0,776.0475142006031,0.0,0.0,0.7,0.3,0.3,0.0,0.0,3,0,0,7,0,0.0128858089447021,0.0,1.0,0.0,0.0,0.0,0.0,0.0,1.0,0.0,0.0,0.0,0.0,0.0,1.0,1.0,8744,54,1226,874.4,566.1297848844674,874.4,0.0014094829559326,10,1.0,321933.75
20.0,6,64.0,246.61496398647657,0.0,0.0,0.8,0.2,0.2,0.0,0.0,2,0,0,8,0,0.0405490398406982,0.0,1.0,0.0,0.0,0.0,0.0,0.0,1.0,0.0,0.0,0.0,0.0,0.0,1.0,1.0,4116,54,1226,411.6,562.0097270807092,411.6,0.0040584087371826,10,1.0,343396.0
20.0,6,64.0,2327.711859703646,0.0,0.0,1.0,0.0,0.0,0.0,0.0,0,0,0,10,0,0.004296064376831,0.0,1.0,0.0,0.0,0.0,0.0,0.0,1.0,0.0,0.0,0.0,0.0,0.0,1.0,1.0,670,66,68,67.0,1.0540925533894598,67.0,0.0004409074783325,10,0.9067378651425488,1.0
20.0,6,64.0,217.41495047092792,0.0,0.0,1.0,0.0,0.0,0.0,0.0,0,0,0,10,0,0.0459949970245361,0.0,1.0,0.0,0.0,0.0,0.0,0.0,1.0,0.0,0.0,0.0,0.0,0.0,1.0,1.0,7370,68,1406,737.0,705.1879182175486,737.0,0.0046020984649658,10,1.0,447561.0
20.0,6,64.0,31441.559220389805,0.0,0.0,1.0,0.0,0.0,0.0,0.0,0,0,0,10,0,0.0003180503845214,0.0,1.0,0.0,0.0,0.0,0.0,0.0,1.0,0.0,0.0,0.0,0.0,0.0,1.0,1.0,14060,1406,1406,1406.0,0.0,1406.0,3.349781036376953e-05,10,0.0,0.0
20.0,6,64.0,267.40178764966146,0.0,0.0,1.0,0.0,0.0,0.0,0.0,0,0,0,10,0,0.0373969078063964,0.0,1.0,0.0,0.0,0.0,0.0,0.0,1.0,0.0,0.0,0.0,0.0,0.0,1.0,1.0,7350,64,1406,735.0,707.2961033243275,735.0,0.0037422895431518,10,1.0,450241.0
20.0,6,64.0,1338.8782839084497,0.0,0.0,1.0,0.0,0.0,0.0,0.0,0,0,0,10,0,0.0074689388275146,0.0,1.0,0.0,0.0,0.0,0.0,0.0,1.0,0.0,0.0,0.0,0.0,0.0,1.0,1.0,650,64,66,65.0,1.0540925533894598,65.0,0.0007497072219848,10,0.9101461251425488,1.0
20.0,6,64.0,181.38315170385744,0.0,0.0,0.8,0.2,0.2,0.0,0.0,2,0,0,8,0,0.0551319122314453,0.0,1.0,0.0,0.0,0.0,0.0,0.0,1.0,0.0,0.0,0.0,0.0,0.0,1.0,1.0,648,54,66,64.8,3.794733192202055,64.8,0.0055146932601928,10,0.9283038525131756,15.75
20.0,6,64.0,3896.965530056676,0.0,0.0,0.7,0.3,0.3,0.0,0.0,3,0,0,7,0,0.0025660991668701,0.0,1.0,0.0,0.0,0.0,0.0,0.0,1.0,0.0,0.0,0.0,0.0,0.0,1.0,1.0,612,54,66,61.2,6.196773353931867,61.2,0.0002592086791992,10,0.9292823475934576,36.0
20.0,6,64.0,6579.300392156863,0.0,0.0,0.7,0.3,0.3,0.0,0.0,3,0,0,7,0,0.0015199184417724,0.0,1.0,0.0,0.0,0.0,0.0,0.0,1.0,0.0,0.0,0.0,0.0,0.0,1.0,1.0,638,54,68,63.8,6.762642481555072,63.8,0.0002140998840332,10,0.9295128600412864,49.0
20.0,6,64.0,250.98459734073745,0.0,0.0,0.6,0.4,0.4,0.0,0.0,4,0,0,6,0,0.0398430824279785,0.0,1.0,0.0,0.0,0.0,0.0,0.0,1.0,0.0,0.0,0.0,0.0,0.0,1.0,1.0,618,54,68,61.8,6.762642481555072,61.8,0.0040764093399047,10,0.9295128600412864,49.0
20.0,6,64.0,1311.293690989808,0.0,0.0,0.7,0.3,0.3,0.0,0.0,3,0,0,7,0,0.0076260566711425,0.0,1.0,0.0,0.0,0.0,0.0,0.0,1.0,0.0,0.0,0.0,0.0,0.0,1.0,1.0,624,54,66,62.4,5.796550698475776,62.4,0.0018362998962402,10,0.9291193128925312,35.26530612244898
20.0,6,64.0,1378.5262604351542,0.0,0.0,0.6,0.4,0.4,0.0,0.0,4,0,0,6,0,0.0072541236877441,0.0,1.0,0.0,0.0,0.0,0.0,0.0,1.0,0.0,0.0,0.0,0.0,0.0,1.0,1.0,612,54,66,61.2,6.196773353931867,61.2,0.0007277965545654,10,0.9292823475934576,35.26530612244898
20.0,6,64.0,545.7567043576698,0.0,0.0,0.6,0.4,0.4,0.0,0.0,4,0,0,6,0,0.0183231830596923,0.0,1.0,0.0,0.0,0.0,0.0,0.0,1.0,0.0,0.0,0.0,0.0,0.0,1.0,1.0,612,54,66,61.2,6.196773353931867,61.2,0.0018341064453125,10,0.9292823475934576,34.56
20.0,6,64.0,1504.4671616629005,0.0,0.0,0.6,0.4,0.4,0.0,0.0,4,0,0,6,0,0.0066468715667724,0.0,1.0,0.0,0.0,0.0,0.0,0.0,1.0,0.0,0.0,0.0,0.0,0.0,1.0,1.0,624,54,66,62.4,5.796550698475776,62.4,0.0016859769821166,10,0.9291193128925312,36.0
20.0,6,64.0,3464.9351507641472,0.0,0.0,0.7,0.3,0.3,0.0,0.0,3,0,0,7,0,0.0028860569000244,0.0,1.0,0.0,0.0,0.0,0.0,0.0,1.0,0.0,0.0,0.0,0.0,0.0,1.0,1.0,636,54,68,63.6,6.6533199732664805,63.6,0.0002915143966674,10,0.92946832642431,45.06122448979592
20.0,6,64.0,211.7437046909392,0.0,0.0,0.6,0.4,0.4,0.0,0.0,4,0,0,6,0,0.0472269058227539,0.0,1.0,0.0,0.0,0.0,0.0,0.0,1.0,0.0,0.0,0.0,0.0,0.0,1.0,1.0,948,54,230,94.8,71.56162845175245,94.8,0.0047247886657714,10,0.9559093749661058,4608.959999999999
20.0,6,64.0,4578.934497816594,0.0,0.0,0.7,0.3,0.3,0.0,0.0,3,0,0,7,0,0.0021839141845703,0.0,1.0,0.0,0.0,0.0,0.0,0.0,1.0,0.0,0.0,0.0,0.0,0.0,1.0,1.0,1596,54,230,159.6,90.88600919100072,159.6,0.0002242088317871,10,0.963781354704046,7744.0
20.0,6,64.0,2598.057482656095,0.0,0.0,0.6,0.4,0.4,0.0,0.0,4,0,0,6,0,0.0038490295410156,0.0,1.0,0.0,0.0,0.0,0.0,0.0,1.0,0.0,0.0,0.0,0.0,0.0,1.0,1.0,1604,54,232,160.4,91.57777508156052,160.4,0.0004789113998413,10,0.9640631524572244,7744.0
20.0,6,64.0,375.3023497199306,0.0,0.0,0.7,0.3,0.3,0.0,0.0,3,0,0,7,0,0.0266451835632324,0.0,1.0,0.0,0.0,0.0,0.0,0.0,1.0,0.0,0.0,0.0,0.0,0.0,1.0,1.0,1620,54,232,162.0,90.43598103999685,162.0,0.0027673959732055,10,0.9635980312364532,7425.9375
20.0,6,64.0,1663.6141519911152,0.0,0.0,1.0,0.0,0.0,0.0,0.0,0,0,0,10,0,0.0060110092163085,0.0,1.0,0.0,0.0,0.0,0.0,0.0,1.0,0.0,0.0,0.0,0.0,0.0,1.0,1.0,661,66,67,66.1,0.3162277660168379,66.1,0.0019197940826416,10,0.0,0.09
20.0,6,64.0,321.5331897245625,0.0,0.0,0.9,0.1,0.1,0.0,0.0,1,0,0,9,0,0.0311009883880615,0.0,1.0,0.0,0.0,0.0,0.0,0.0,1.0,0.0,0.0,0.0,0.0,0.0,1.0,1.0,669,66,67,66.9,0.3162277660168379,66.9,0.0031110048294067,10,0.0,0.09
20.0,6,64.0,415.6974370155999,0.0,0.0,0.6,0.4,0.4,0.0,0.0,4,0,0,6,0,0.0240559577941894,0.0,1.0,0.0,0.0,0.0,0.0,0.0,1.0,0.0,0.0,0.0,0.0,0.0,1.0,1.0,600,54,66,60.0,6.324555320336759,60.0,0.0024099826812744,10,0.9293344008552924,36.0
20.0,6,64.0,3932.40577536096,0.0,0.0,0.5,0.5,0.5,0.0,0.0,5,0,0,5,0,0.0025429725646972,0.0,1.0,0.0,0.0,0.0,0.0,0.0,1.0,0.0,0.0,0.0,0.0,0.0,1.0,1.0,602,54,68,60.2,6.562519841239848,60.2,0.0003631114959716,10,0.9294313380825274,38.76
20.0,6,64.0,3958.7579046720152,0.0,0.0,0.5,0.5,0.5,0.0,0.0,5,0,0,5,0,0.002526044845581,0.0,1.0,0.0,0.0,0.0,0.0,0.0,1.0,0.0,0.0,0.0,0.0,0.0,1.0,1.0,624,54,68,62.4,7.229568912920511,62.4,0.0002814054489135,10,0.9297030671923672,48.39506172839506
20.0,6,64.0,355.21468859567403,0.0,0.0,0.8,0.2,0.2,0.0,0.0,2,0,0,8,0,0.0281519889831542,0.0,1.0,0.0,0.0,0.0,0.0,0.0,1.0,0.0,0.0,0.0,0.0,0.0,1.0,1.0,1210,54,211,121.0,77.67024312223225,121.0,0.002816891670227,10,0.9583977802382724,5429.4
20.0,6,64.0,13107.2,0.0,0.0,1.0,0.0,0.0,0.0,0.0,0,0,0,10,0,0.000762939453125,0.0,1.0,0.0,0.0,0.0,0.0,0.0,1.0,0.0,0.0,0.0,0.0,0.0,1.0,1.0,2118,211,213,211.8,1.0327955589886444,211.8,0.0012733936309814,10,0.6596303395989097,0.96
20.0,6,64.0,242.18353571572925,0.0,0.0,1.0,0.0,0.0,0.0,0.0,0,0,0,10,0,0.0412909984588623,0.0,1.0,0.0,0.0,0.0,0.0,0.0,1.0,0.0,0.0,0.0,0.0,0.0,1.0,1.0,2134,213,214,213.4,0.5163977794943222,213.4,0.0041320085525512,10,0.0,0.24
20.0,6,64.0,1808.279370553999,0.0,0.0,1.0,0.0,0.0,0.0,0.0,0,0,0,10,0,0.0055301189422607,0.0,1.0,0.0,0.0,0.0,0.0,0.0,1.0,0.0,0.0,0.0,0.0,0.0,1.0,1.0,2148,214,216,214.8,1.0327955589886444,214.8,0.0015486001968383,10,0.6545179495989097,0.96
20.0,6,64.0,307.4552118457704,0.0,0.0,0.8,0.2,0.2,0.0,0.0,2,0,0,8,0,0.0325250625610351,0.0,1.0,0.0,0.0,0.0,0.0,0.0,1.0,0.0,0.0,0.0,0.0,0.0,1.0,1.0,1578,54,216,157.8,75.40380184933207,157.8,0.0032618999481201,10,0.957474522721344,5117.16
20.0,6,64.0,1117.944453329069,0.0,0.0,0.7,0.3,0.3,0.0,0.0,3,0,0,7,0,0.0089449882507324,0.0,1.0,0.0,0.0,0.0,0.0,0.0,1.0,0.0,0.0,0.0,0.0,0.0,1.0,1.0,672,54,76,67.2,11.360751148875089,67.2,0.0009272098541259,10,0.9313859455880058,121.0
20.0,6,64.0,998.59625732108,0.0,0.0,0.6,0.4,0.4,0.0,0.0,4,0,0,6,0,0.0100140571594238,0.0,1.0,0.0,0.0,0.0,0.0,0.0,1.0,0.0,0.0,0.0,0.0,0.0,1.0,1.0,682,54,78,68.2,12.236557250032924,68.2,0.001069688796997,10,0.9317427139613734,135.67346938775512
20.0,6,64.0,337.21149362447943,0.0,0.0,0.5,0.5,0.5,0.0,0.0,5,0,0,5,0,0.0296549797058105,0.0,1.0,0.0,0.0,0.0,0.0,0.0,1.0,0.0,0.0,0.0,0.0,0.0,1.0,1.0,681,54,78,68.1,12.16963434126104,68.1,0.0029673099517822,10,0.931715452245256,142.22222222222223
20.0,6,64.0,992.6641895250042,0.0,0.0,0.5,0.5,0.5,0.0,0.0,5,0,0,5,0,0.0100739002227783,0.0,1.0,0.0,0.0,0.0,0.0,0.0,1.0,0.0,0.0,0.0,0.0,0.0,1.0,1.0,645,54,75,64.5,11.067971810589327,64.5,0.0010130882263183,10,0.9312666789967616,110.25
20.0,6,64.0,585.4123689756724,0.0,0.0,0.5,0.5,0.5,0.0,0.0,5,0,0,5,0,0.0170819759368896,0.0,1.0,0.0,0.0,0.0,0.0,0.0,1.0,0.0,0.0,0.0,0.0,0.0,1.0,1.0,647,54,77,64.7,11.294541454466696,64.7,0.001711893081665,10,0.9313589744068916,114.81000000000002
20.0,6,64.0,1959.955140186916,0.0,0.0,0.5,0.5,0.5,0.0,0.0,5,0,0,5,0,0.0051021575927734,0.0,1.0,0.0,0.0,0.0,0.0,0.0,1.0,0.0,0.0,0.0,0.0,0.0,1.0,1.0,655,54,77,65.5,12.122064363978788,65.5,0.0005142211914062,10,0.9316960741393104,132.25
20.0,6,64.0,529.016081225957,0.0,0.0,0.6,0.4,0.4,0.0,0.0,4,0,0,6,0,0.0189030170440673,0.0,1.0,0.0,0.0,0.0,0.0,0.0,1.0,0.0,0.0,0.0,0.0,0.0,1.0,1.0,642,54,77,64.2,11.429007928172163,64.2,0.0018932819366455,10,0.9314137506696202,132.25
20.0,6,64.0,368.5550595761133,0.0,0.0,0.6,0.4,0.4,0.0,0.0,4,0,0,6,0,0.0271329879760742,0.0,1.0,0.0,0.0,0.0,0.0,0.0,1.0,0.0,0.0,0.0,0.0,0.0,1.0,1.0,600,54,64,60.0,5.163977794943222,60.0,0.002914810180664,10,0.928861627994548,24.0
20.0,6,64.0,1642.3133247190572,0.0,0.0,0.6,0.4,0.4,0.0,0.0,4,0,0,6,0,0.0060889720916748,0.0,1.0,0.0,0.0,0.0,0.0,0.0,1.0,0.0,0.0,0.0,0.0,0.0,1.0,1.0,606,54,66,60.6,5.738757124441958,60.6,0.0007134914398193,10,0.9290957701022128,29.64
20.0,6,64.0,2037.9495651328896,0.0,0.0,0.5,0.5,0.5,0.0,0.0,5,0,0,5,0,0.0049068927764892,0.0,1.0,0.0,0.0,0.0,0.0,0.0,1.0,0.0,0.0,0.0,0.0,0.0,1.0,1.0,600,54,66,60.0,6.324555320336759,60.0,0.0004945993423461,10,0.9293344008552924,36.0
20.0,6,64.0,688.087144825776,0.0,0.0,0.5,0.5,0.5,0.0,0.0,5,0,0,5,0,0.0145330429077148,0.0,1.0,0.0,0.0,0.0,0.0,0.0,1.0,0.0,0.0,0.0,0.0,0.0,1.0,1.0,570,54,66,57.0,4.83045891539648,57.0,0.00155611038208,10,0.928725765743776,36.0
20.0,6,64.0,2835.905341446924,0.0,0.0,0.5,0.5,0.5,0.0,0.0,5,0,0,5,0,0.0035262107849121,0.0,1.0,0.0,0.0,0.0,0.0,0.0,1.0,0.0,0.0,0.0,0.0,0.0,1.0,1.0,552,54,56,55.2,1.0327955589886444,55.2,0.001253604888916,10,0.9271787495989096,0.9876543209876544
20.0,6,64.0,2567.993632523113,0.0,0.0,0.6,0.4,0.4,0.0,0.0,4,0,0,6,0,0.0038940906524658,0.0,1.0,0.0,0.0,0.0,0.0,0.0,1.0,0.0,0.0,0.0,0.0,0.0,1.0,1.0,558,54,58,55.8,1.988857852023506,55.8,0.0003923892974853,10,0.9275682111346004,3.56
20.0,6,64.0,2486.3975339379926,0.0,0.0,0.5,0.5,0.5,0.0,0.0,5,0,0,5,0,0.0040218830108642,0.0,1.0,0.0,0.0,0.0,0.0,0.0,1.0,0.0,0.0,0.0,0.0,0.0,1.0,1.0,560,54,58,56.0,2.10818510677892,56.0,0.0007016897201538,10,0.9276168202850976,4.0
20.0,6,64.0,409.5520056243409,0.0,0.0,0.9,0.1,0.1,0.0,0.0,1,0,0,9,0,0.0244169235229492,0.0,1.0,0.0,0.0,0.0,0.0,0.0,1.0,0.0,0.0,0.0,0.0,0.0,1.0,1.0,11360,54,1406,1136.0,569.2107596390715,1136.0,0.0039960145950317,10,1.0,455627.0
20.0,6,64.0,33447.400318979264,0.0,0.0,1.0,0.0,0.0,0.0,0.0,0,0,0,10,0,0.0002989768981933,0.0,1.0,0.0,0.0,0.0,0.0,0.0,1.0,0.0,0.0,0.0,0.0,0.0,1.0,1.0,14060,1406,1406,1406.0,0.0,1406.0,3.299713134765625e-05,10,0.0,0.0
20.0,6,64.0,184.30830074262863,0.0,0.0,0.6,0.4,0.4,0.0,0.0,4,0,0,6,0,0.0542569160461425,0.0,1.0,0.0,0.0,0.0,0.0,0.0,1.0,0.0,0.0,0.0,0.0,0.0,1.0,1.0,3292,54,1406,329.2,567.551622713251,329.2,0.0054334878921508,10,1.0,452947.0
20.0,6,64.0,2700.6013778893825,0.0,0.0,0.5,0.5,0.5,0.0,0.0,5,0,0,5,0,0.0037028789520263,0.0,1.0,0.0,0.0,0.0,0.0,0.0,1.0,0.0,0.0,0.0,0.0,0.0,1.0,1.0,612,54,66,61.2,6.196773353931867,61.2,0.0004085063934326,10,0.9292823475934576,36.0
20.0,6,64.0,2357.9401843939736,0.0,0.0,0.5,0.5,0.5,0.0,0.0,5,0,0,5,0,0.0042409896850585,0.0,1.0,0.0,0.0,0.0,0.0,0.0,1.0,0.0,0.0,0.0,0.0,0.0,1.0,1.0,610,54,68,61.0,7.378647873726218,61.0,0.0004272937774658,10,0.9297637959978412,49.0
20.0,6,64.0,2209.854583772392,0.0,0.0,0.6,0.4,0.4,0.0,0.0,4,0,0,6,0,0.0045251846313476,0.0,1.0,0.0,0.0,0.0,0.0,0.0,1.0,0.0,0.0,0.0,0.0,0.0,1.0,1.0,610,54,68,61.0,7.378647873726218,61.0,0.0004555225372314,10,0.9297637959978412,49.0
20.0,6,64.0,613.9113888848232,0.0,0.0,0.6,0.4,0.4,0.0,0.0,4,0,0,6,0,0.0162889957427978,0.0,1.0,0.0,0.0,0.0,0.0,0.0,1.0,0.0,0.0,0.0,0.0,0.0,1.0,1.0,600,54,64,60.0,5.163977794943222,60.0,0.0040442943572998,10,0.928861627994548,24.0
20.0,6,64.0,2590.0358157342225,0.0,0.0,0.7,0.3,0.3,0.0,0.0,3,0,0,7,0,0.0038609504699707,0.0,1.0,0.0,0.0,0.0,0.0,0.0,1.0,0.0,0.0,0.0,0.0,0.0,1.0,1.0,616,54,66,61.6,5.316640543300503,61.6,0.0004884004592895,10,0.9289238166917188,25.876543209876544
20.0,6,64.0,3395.647668393782,0.0,0.0,0.6,0.4,0.4,0.0,0.0,4,0,0,6,0,0.0029449462890625,0.0,1.0,0.0,0.0,0.0,0.0,0.0,1.0,0.0,0.0,0.0,0.0,0.0,1.0,1.0,612,54,66,61.2,6.196773353931867,61.2,0.0003033876419067,10,0.9292823475934576,36.0
20.0,6,64.0,263.3934727865311,0.0,0.0,0.6,0.4,0.4,0.0,0.0,4,0,0,6,0,0.0379660129547119,0.0,1.0,0.0,0.0,0.0,0.0,0.0,1.0,0.0,0.0,0.0,0.0,0.0,1.0,1.0,6402,54,1224,640.2,615.3896326718544,640.2,0.0038887977600097,10,1.0,340833.96
20.0,6,64.0,4791.299977153301,0.0,0.0,0.6,0.4,0.4,0.0,0.0,4,0,0,6,0,0.002087116241455,0.0,1.0,0.0,0.0,0.0,0.0,0.0,1.0,0.0,0.0,0.0,0.0,0.0,1.0,1.0,7562,54,1226,756.2,604.3578410180511,756.2,0.0003733158111572,10,1.0,342225.0
20.0,6,64.0,9969.82172569527,0.0,0.0,0.7,0.3,0.3,0.0,0.0,3,0,0,7,0,0.0010030269622802,0.0,1.0,0.0,0.0,0.0,0.0,0.0,1.0,0.0,0.0,0.0,0.0,0.0,1.0,1.0,8744,54,1226,874.4,566.1297848844673,874.4,0.0001379013061523,10,1.0,288452.64
20.0,6,64.0,209.31018479242667,0.0,0.0,0.5,0.5,0.5,0.0,0.0,5,0,0,5,0,0.0477759838104248,0.0,1.0,0.0,0.0,0.0,0.0,0.0,1.0,0.0,0.0,0.0,0.0,0.0,1.0,1.0,2932,54,1226,293.2,491.6613107052907,293.2,0.0048856973648071,10,1.0,339907.0
20.0,6,64.0,1590.31773716539,0.0,0.0,0.5,0.5,0.5,0.0,0.0,5,0,0,5,0,0.0062880516052246,0.0,1.0,0.0,0.0,0.0,0.0,0.0,1.0,0.0,0.0,0.0,0.0,0.0,1.0,1.0,600,54,66,60.0,6.324555320336759,60.0,0.0006324052810668,10,0.9293344008552924,36.0
20.0,6,64.0,1745.5174996878773,0.0,0.0,0.6,0.4,0.4,0.0,0.0,4,0,0,6,0,0.0057289600372314,0.0,1.0,0.0,0.0,0.0,0.0,0.0,1.0,0.0,0.0,0.0,0.0,0.0,1.0,1.0,600,54,66,60.0,6.324555320336759,60.0,0.0005767822265625,10,0.9293344008552924,36.0
20.0,6,64.0,2039.535132506686,0.0,0.0,0.5,0.5,0.5,0.0,0.0,5,0,0,5,0,0.0049030780792236,0.0,1.0,0.0,0.0,0.0,0.0,0.0,1.0,0.0,0.0,0.0,0.0,0.0,1.0,1.0,600,54,66,60.0,6.324555320336759,60.0,0.0006015062332153,10,0.9293344008552924,36.0
20.0,6,64.0,345.1619115020944,0.0,0.0,0.8,0.2,0.2,0.0,0.0,2,0,0,8,0,0.0289719104766845,0.0,1.0,0.0,0.0,0.0,0.0,0.0,1.0,0.0,0.0,0.0,0.0,0.0,1.0,1.0,622,54,66,62.2,4.366539438350085,62.2,0.0030062913894653,10,0.9285367835056064,36.0
20.0,6,64.0,1200.9116417568573,0.0,0.0,0.9,0.1,0.1,0.0,0.0,1,0,0,9,0,0.0083270072937011,0.0,1.0,0.0,0.0,0.0,0.0,0.0,1.0,0.0,0.0,0.0,0.0,0.0,1.0,1.0,642,54,66,64.2,3.705851229249946,64.2,0.0009209156036376,10,0.9282676455567472,17.0
20.0,6,64.0,293.90194168634514,0.0,0.0,0.7,0.3,0.3,0.0,0.0,3,0,0,7,0,0.034024953842163,0.0,1.0,0.0,0.0,0.0,0.0,0.0,1.0,0.0,0.0,0.0,0.0,0.0,1.0,1.0,624,54,66,62.4,5.796550698475775,62.4,0.003404688835144,10,0.9291193128925312,30.24
20.0,6,64.0,603.0978057688436,0.0,0.0,0.8,0.2,0.2,0.0,0.0,2,0,0,8,0,0.0165810585021972,0.0,1.0,0.0,0.0,0.0,0.0,0.0,1.0,0.0,0.0,0.0,0.0,0.0,1.0,1.0,638,54,68,63.8,5.202563470700446,63.8,0.001688003540039,10,0.9288773462554244,36.0
20.0,6,64.0,1725.908978684882,0.0,0.0,0.5,0.5,0.5,0.0,0.0,5,0,0,5,0,0.0057940483093261,0.0,1.0,0.0,0.0,0.0,0.0,0.0,1.0,0.0,0.0,0.0,0.0,0.0,1.0,1.0,624,54,68,62.4,7.229568912920511,62.4,0.0006889104843139,10,0.9297030671923672,49.0
20.0,6,64.0,415.12554806654987,0.0,0.0,0.6,0.4,0.4,0.0,0.0,4,0,0,6,0,0.0240890979766845,0.0,1.0,0.0,0.0,0.0,0.0,0.0,1.0,0.0,0.0,0.0,0.0,0.0,1.0,1.0,1468,54,497,146.8,184.68218947995803,146.8,0.0024127006530761,10,1.0,33044.320987654326
20.0,6,64.0,739.762249109316,0.0,0.0,0.7,0.3,0.3,0.0,0.0,3,0,0,7,0,0.0135178565979003,0.0,1.0,0.0,0.0,0.0,0.0,0.0,1.0,0.0,0.0,0.0,0.0,0.0,1.0,1.0,3641,54,497,364.1,213.98932995206405,364.1,0.0017090797424316,10,1.0,49062.25
20.0,6,64.0,2617.840469354637,0.0,0.0,0.5,0.5,0.5,0.0,0.0,5,0,0,5,0,0.0038199424743652,0.0,1.0,0.0,0.0,0.0,0.0,0.0,1.0,0.0,0.0,0.0,0.0,0.0,1.0,1.0,3208,54,499,320.8,229.62568574868877,320.8,0.0004804134368896,10,1.0,48807.55555555556
20.0,6,64.0,347.82677922810274,0.0,0.0,0.7,0.3,0.3,0.0,0.0,3,0,0,7,0,0.028749942779541,0.0,1.0,0.0,0.0,0.0,0.0,0.0,1.0,0.0,0.0,0.0,0.0,0.0,1.0,1.0,2786,54,499,278.6,232.4063491196209,278.6,0.0028784990310668,10,1.0,49506.25
20.0,6,64.0,974.46772919474,0.0,0.0,0.6,0.4,0.4,0.0,0.0,4,0,0,6,0,0.0102620124816894,0.0,1.0,0.0,0.0,0.0,0.0,0.0,1.0,0.0,0.0,0.0,0.0,0.0,1.0,1.0,666,54,75,66.6,10.844353369380766,66.6,0.0013231039047241,10,0.931175585788551,105.84
20.0,6,64.0,3489.1473255136843,0.0,0.0,0.5,0.5,0.5,0.0,0.0,5,0,0,5,0,0.0028660297393798,0.0,1.0,0.0,0.0,0.0,0.0,0.0,1.0,0.0,0.0,0.0,0.0,0.0,1.0,1.0,649,54,77,64.9,11.51279481465923,64.9,0.0003602981567382,10,0.9314478820956996,119.29
20.0,6,64.0,2167.7109928161663,0.0,0.0,0.6,0.4,0.4,0.0,0.0,4,0,0,6,0,0.0046131610870361,0.0,1.0,0.0,0.0,0.0,0.0,0.0,1.0,0.0,0.0,0.0,0.0,0.0,1.0,1.0,701,54,77,70.1,11.110055505411903,70.1,0.0011548042297363,10,0.9312838222106846,129.55102040816328
20.0,6,64.0,234.4116381357969,0.0,0.0,0.6,0.4,0.4,0.0,0.0,4,0,0,6,0,0.0426599979400634,0.0,1.0,0.0,0.0,0.0,0.0,0.0,1.0,0.0,0.0,0.0,0.0,0.0,1.0,1.0,603,54,77,60.3,7.68909762080195,60.3,0.0042686939239501,10,0.92989026080681,132.25
20.0,6,64.0,3261.765300567696,0.0,0.0,0.5,0.5,0.5,0.0,0.0,5,0,0,5,0,0.0030658245086669,0.0,1.0,0.0,0.0,0.0,0.0,0.0,1.0,0.0,0.0,0.0,0.0,0.0,1.0,1.0,600,54,64,60.0,5.163977794943222,60.0,0.0004355907440185,10,0.928861627994548,25.0
20.0,6,64.0,1524.1484065554707,0.0,0.0,0.5,0.5,0.5,0.0,0.0,5,0,0,5,0,0.0065610408782958,0.0,1.0,0.0,0.0,0.0,0.0,0.0,1.0,0.0,0.0,0.0,0.0,0.0,1.0,1.0,600,54,66,60.0,6.324555320336759,60.0,0.0006582021713256,10,0.9293344008552924,36.0
20.0,6,64.0,1389.8548611571343,0.0,0.0,0.5,0.5,0.5,0.0,0.0,5,0,0,5,0,0.0071949958801269,0.0,1.0,0.0,0.0,0.0,0.0,0.0,1.0,0.0,0.0,0.0,0.0,0.0,1.0,1.0,600,54,66,60.0,6.324555320336759,60.0,0.0007231950759887,10,0.9293344008552924,36.0
20.0,6,64.0,363.4893838287547,0.0,0.0,1.0,0.0,0.0,0.0,0.0,0,0,0,10,0,0.0275111198425292,0.0,1.0,0.0,0.0,0.0,0.0,0.0,1.0,0.0,0.0,0.0,0.0,0.0,1.0,1.0,630,54,64,63.0,3.1622776601683795,63.0,0.0027546167373657,10,0.9280462154276462,25.0
20.0,6,64.0,75301.68761220826,0.0,0.0,1.0,0.0,0.0,0.0,0.0,0,0,0,10,0,0.0001327991485595,0.0,1.0,0.0,0.0,0.0,0.0,0.0,1.0,0.0,0.0,0.0,0.0,0.0,1.0,1.0,658,64,66,65.8,0.6324555320336757,65.8,1.4781951904296877e-05,10,0.0,1.0
20.0,6,64.0,177.78049049278164,0.0,0.0,0.9,0.1,0.1,0.0,0.0,1,0,0,9,0,0.0562491416931152,0.0,1.0,0.0,0.0,0.0,0.0,0.0,1.0,0.0,0.0,0.0,0.0,0.0,1.0,1.0,2968,54,356,296.8,124.8366043185162,296.8,0.0056263208389282,10,0.9776114691351908,21922.0
20.0,6,64.0,67978.99513776337,0.0,0.0,1.0,0.0,0.0,0.0,0.0,0,0,0,10,0,0.0001471042633056,0.0,1.0,0.0,0.0,0.0,0.0,0.0,1.0,0.0,0.0,0.0,0.0,0.0,1.0,1.0,3576,356,358,357.6,0.8432740427115677,357.6,0.0001025915145874,10,0.0,1.0
20.0,6,64.0,203.5338761804012,0.0,0.0,0.9,0.1,0.1,0.0,0.0,1,0,0,9,0,0.0491318702697753,0.0,1.0,0.0,0.0,0.0,0.0,0.0,1.0,0.0,0.0,0.0,0.0,0.0,1.0,1.0,1218,54,358,121.8,124.52737316215526,121.8,0.0049146890640258,10,0.9774855007313356,21609.0
20.0,6,64.0,2413.1545940970027,0.0,0.0,0.7,0.3,0.3,0.0,0.0,3,0,0,7,0,0.0041439533233642,0.0,1.0,0.0,0.0,0.0,0.0,0.0,1.0,0.0,0.0,0.0,0.0,0.0,1.0,1.0,618,54,66,61.8,5.452828012447608,61.8,0.0004513978958129,10,0.9289792940191508,27.55555555555556
20.0,6,64.0,336.9947453841333,0.0,0.0,0.7,0.3,0.3,0.0,0.0,3,0,0,7,0,0.0296740531921386,0.0,1.0,0.0,0.0,0.0,0.0,0.0,1.0,0.0,0.0,0.0,0.0,0.0,1.0,1.0,914,54,356,91.4,93.14290096405632,91.4,0.0030692100524902,10,0.964700722136718,7808.040000000003
20.0,6,64.0,720.7822515509271,0.0,0.0,1.0,0.0,0.0,0.0,0.0,0,0,0,10,0,0.013873815536499,0.0,1.0,0.0,0.0,0.0,0.0,0.0,1.0,0.0,0.0,0.0,0.0,0.0,1.0,1.0,3562,356,358,356.2,0.6324555320336759,356.2,0.0018420934677124,10,0.0,0.36
20.0,6,64.0,302.3989733311224,0.0,0.0,1.0,0.0,0.0,0.0,0.0,0,0,0,10,0,0.0330688953399658,0.0,1.0,0.0,0.0,0.0,0.0,0.0,1.0,0.0,0.0,0.0,0.0,0.0,1.0,1.0,3286,64,358,328.6,92.97096320895037,328.6,0.0033092975616455,10,0.9475893815727982,7779.240000000001
20.0,6,64.0,1273.857741602381,0.0,0.0,1.0,0.0,0.0,0.0,0.0,0,0,0,10,0,0.007850170135498,0.0,1.0,0.0,0.0,0.0,0.0,0.0,1.0,0.0,0.0,0.0,0.0,0.0,1.0,1.0,642,64,66,64.2,0.6324555320336759,64.2,0.0009831190109252,10,0.0,0.36
20.0,6,64.0,257.1614960147149,0.0,0.0,0.9,0.1,0.1,0.0,0.0,1,0,0,9,0,0.0388860702514648,0.0,1.0,0.0,0.0,0.0,0.0,0.0,1.0,0.0,0.0,0.0,0.0,0.0,1.0,1.0,658,64,66,65.8,0.6324555320336759,65.8,0.0040246963500976,10,0.0,0.36
20.0,6,64.0,999.4052611513534,0.0,0.0,0.6,0.4,0.4,0.0,0.0,4,0,0,6,0,0.0100059509277343,0.0,1.0,0.0,0.0,0.0,0.0,0.0,1.0,0.0,0.0,0.0,0.0,0.0,1.0,1.0,590,54,64,59.0,5.270462766947299,59.0,0.0010073900222778,10,0.9289050057127436,25.0
20.0,6,64.0,1058.0988900100908,0.0,0.0,0.5,0.5,0.5,0.0,0.0,5,0,0,5,0,0.0094509124755859,0.0,1.0,0.0,0.0,0.0,0.0,0.0,1.0,0.0,0.0,0.0,0.0,0.0,1.0,1.0,604,54,66,60.4,5.561774297230456,60.4,0.0010473012924194,10,0.9290236743777198,27.84
20.0,6,64.0,2029.5674054001745,0.0,0.0,0.5,0.5,0.5,0.0,0.0,5,0,0,5,0,0.0049271583557128,0.0,1.0,0.0,0.0,0.0,0.0,0.0,1.0,0.0,0.0,0.0,0.0,0.0,1.0,1.0,600,54,66,60.0,6.324555320336759,60.0,0.0004958152770996,10,0.9293344008552924,36.0
20.0,6,64.0,309.7782077889466,0.0,0.0,0.7,0.3,0.3,0.0,0.0,3,0,0,7,0,0.0322811603546142,0.0,1.0,0.0,0.0,0.0,0.0,0.0,1.0,0.0,0.0,0.0,0.0,0.0,1.0,1.0,606,54,66,60.6,5.738757124441959,60.6,0.0032310962677001,10,0.9290957701022128,36.0
20.0,6,64.0,616.3380943984013,0.0,0.0,1.0,0.0,0.0,0.0,0.0,0,0,0,10,0,0.0162248611450195,0.0,1.0,0.0,0.0,0.0,0.0,0.0,1.0,0.0,0.0,0.0,0.0,0.0,1.0,1.0,646,64,66,64.6,0.966091783079296,64.6,0.0018005847930908,10,0.0,0.8400000000000001
20.0,6,64.0,284.931387734029,0.0,0.0,0.8,0.2,0.2,0.0,0.0,2,0,0,8,0,0.0350961685180664,0.0,1.0,0.0,0.0,0.0,0.0,0.0,1.0,0.0,0.0,0.0,0.0,0.0,1.0,1.0,648,54,66,64.8,3.794733192202055,64.8,0.0035111188888549,10,0.9283038525131756,14.22222222222222
20.0,6,64.0,838.9279142331386,0.0,0.0,0.5,0.5,0.5,0.0,0.0,5,0,0,5,0,0.0119199752807617,0.0,1.0,0.0,0.0,0.0,0.0,0.0,1.0,0.0,0.0,0.0,0.0,0.0,1.0,1.0,600,54,66,60.0,6.324555320336759,60.0,0.0011980772018432,10,0.9293344008552924,36.0
20.0,6,64.0,3625.781466113416,0.0,0.0,0.5,0.5,0.5,0.0,0.0,5,0,0,5,0,0.0027580261230468,0.0,1.0,0.0,0.0,0.0,0.0,0.0,1.0,0.0,0.0,0.0,0.0,0.0,1.0,1.0,604,54,68,60.4,6.785605679999719,60.4,0.0002795219421386,10,0.9295222143298046,41.44
20.0,6,64.0,1353.5689159970311,0.0,0.0,0.5,0.5,0.5,0.0,0.0,5,0,0,5,0,0.0073878765106201,0.0,1.0,0.0,0.0,0.0,0.0,0.0,1.0,0.0,0.0,0.0,0.0,0.0,1.0,1.0,610,54,68,61.0,7.378647873726218,61.0,0.0007404804229736,10,0.9297637959978412,49.0
20.0,6,64.0,222.0289241323819,0.0,0.0,0.6,0.4,0.4,0.0,0.0,4,0,0,6,0,0.0450391769409179,0.0,1.0,0.0,0.0,0.0,0.0,0.0,1.0,0.0,0.0,0.0,0.0,0.0,1.0,1.0,660,54,80,66.0,11.430952132988164,66.0,0.004506516456604,10,0.931414542660894,117.6
20.0,6,64.0,6459.73201909749,0.0,0.0,0.9,0.1,0.1,0.0,0.0,1,0,0,9,0,0.0015480518341064,0.0,1.0,0.0,0.0,0.0,0.0,0.0,1.0,0.0,0.0,0.0,0.0,0.0,1.0,1.0,750,54,82,75.0,11.08552609887726,75.0,0.0001601934432983,10,0.9312738299116388,169.0
20.0,6,64.0,3272.1984709002963,0.0,0.0,0.7,0.3,0.3,0.0,0.0,3,0,0,7,0,0.0030560493469238,0.0,1.0,0.0,0.0,0.0,0.0,0.0,1.0,0.0,0.0,0.0,0.0,0.0,1.0,1.0,736,54,82,73.6,13.525284963110144,73.6,0.0003077983856201,10,0.9322676900825726,196.0
20.0,6,64.0,285.0475724460392,0.0,0.0,0.8,0.2,0.2,0.0,0.0,2,0,0,8,0,0.0350818634033203,0.0,1.0,0.0,0.0,0.0,0.0,0.0,1.0,0.0,0.0,0.0,0.0,0.0,1.0,1.0,668,54,82,66.8,9.390302326218135,66.8,0.0035100936889648,10,0.9305832635556084,196.0
20.0,6,64.0,503.0951181480149,0.0,0.0,0.7,0.3,0.3,0.0,0.0,3,0,0,7,0,0.0198769569396972,0.0,1.0,0.0,0.0,0.0,0.0,0.0,1.0,0.0,0.0,0.0,0.0,0.0,1.0,1.0,624,54,66,62.4,5.796550698475775,62.4,0.0019930124282836,10,0.9291193128925312,36.0
20.0,6,64.0,491.136299765808,0.0,0.0,0.7,0.3,0.3,0.0,0.0,3,0,0,7,0,0.0203609466552734,0.0,1.0,0.0,0.0,0.0,0.0,0.0,1.0,0.0,0.0,0.0,0.0,0.0,1.0,1.0,636,54,66,63.6,5.059644256269407,63.6,0.0022053003311157,10,0.928819126684234,34.56
20.0,6,64.0,429.14627158876976,0.0,0.0,0.5,0.5,0.5,0.0,0.0,5,0,0,5,0,0.0233020782470703,0.0,1.0,0.0,0.0,0.0,0.0,0.0,1.0,0.0,0.0,0.0,0.0,0.0,1.0,1.0,600,54,66,60.0,6.324555320336759,60.0,0.0023349046707153,10,0.9293344008552924,36.0
20.0,6,64.0,2866.332262693911,0.0,0.0,0.6,0.4,0.4,0.0,0.0,4,0,0,6,0,0.0034887790679931,0.0,1.0,0.0,0.0,0.0,0.0,0.0,1.0,0.0,0.0,0.0,0.0,0.0,1.0,1.0,600,54,66,60.0,6.324555320336759,60.0,0.0003524780273437,10,0.9293344008552924,36.0
20.0,6,64.0,3057.072886297376,0.0,0.0,0.5,0.5,0.5,0.0,0.0,5,0,0,5,0,0.0032711029052734,0.0,1.0,0.0,0.0,0.0,0.0,0.0,1.0,0.0,0.0,0.0,0.0,0.0,1.0,1.0,600,54,66,60.0,6.324555320336759,60.0,0.000428819656372,10,0.9293344008552924,36.0
20.0,6,64.0,458.48407336962464,0.0,0.0,0.6,0.4,0.4,0.0,0.0,4,0,0,6,0,0.0218110084533691,0.0,1.0,0.0,0.0,0.0,0.0,0.0,1.0,0.0,0.0,0.0,0.0,0.0,1.0,1.0,612,54,66,61.2,6.196773353931867,61.2,0.0022578001022338,10,0.9292823475934576,36.0
20.0,6,64.0,579.6039521868306,0.0,0.0,1.0,0.0,0.0,0.0,0.0,0,0,0,10,0,0.0172531604766845,0.0,1.0,0.0,0.0,0.0,0.0,0.0,1.0,0.0,0.0,0.0,0.0,0.0,1.0,1.0,664,66,68,66.4,0.8432740427115678,66.4,0.0020591020584106,10,0.0,0.64
20.0,6,64.0,305.3423022043621,0.0,0.0,1.0,0.0,0.0,0.0,0.0,0,0,0,10,0,0.032750129699707,0.0,1.0,0.0,0.0,0.0,0.0,0.0,1.0,0.0,0.0,0.0,0.0,0.0,1.0,1.0,672,64,68,67.2,1.6865480854231356,67.2,0.0032764911651611,10,0.910403762228078,2.56
20.0,6,64.0,686.9939233125317,0.0,0.0,1.0,0.0,0.0,0.0,0.0,0,0,0,10,0,0.0145561695098876,0.0,1.0,0.0,0.0,0.0,0.0,0.0,1.0,0.0,0.0,0.0,0.0,0.0,1.0,1.0,644,64,66,64.4,0.8432740427115678,64.4,0.0014656066894531,10,0.0,0.64
20.0,6,64.0,294.2214989197228,0.0,0.0,0.9,0.1,0.1,0.0,0.0,1,0,0,9,0,0.0339879989624023,0.0,1.0,0.0,0.0,0.0,0.0,0.0,1.0,0.0,0.0,0.0,0.0,0.0,1.0,1.0,646,54,66,64.6,3.777124126457412,64.6,0.0034003019332885,10,0.9282966792841536,12.84
20.0,6,64.0,1077.700865900974,0.0,0.0,0.5,0.5,0.5,0.0,0.0,5,0,0,5,0,0.0092790126800537,0.0,1.0,0.0,0.0,0.0,0.0,0.0,1.0,0.0,0.0,0.0,0.0,0.0,1.0,1.0,600,54,64,60.0,5.163977794943222,60.0,0.0013067007064819,10,0.928861627994548,25.0
20.0,6,64.0,613.6509144111193,0.0,0.0,0.6,0.4,0.4,0.0,0.0,4,0,0,6,0,0.0162959098815917,0.0,1.0,0.0,0.0,0.0,0.0,0.0,1.0,0.0,0.0,0.0,0.0,0.0,1.0,1.0,594,54,66,59.4,5.738757124441959,59.4,0.0016337871551513,10,0.9290957701022128,29.64
20.0,6,64.0,2476.414949518805,0.0,0.0,0.5,0.5,0.5,0.0,0.0,5,0,0,5,0,0.0040380954742431,0.0,1.0,0.0,0.0,0.0,0.0,0.0,1.0,0.0,0.0,0.0,0.0,0.0,1.0,1.0,612,54,66,61.2,6.196773353931867,61.2,0.0004877090454101,10,0.9292823475934576,35.55555555555556
20.0,6,64.0,359.71115418260405,0.0,0.0,0.8,0.2,0.2,0.0,0.0,2,0,0,8,0,0.0278000831604003,0.0,1.0,0.0,0.0,0.0,0.0,0.0,1.0,0.0,0.0,0.0,0.0,0.0,1.0,1.0,624,54,66,62.4,5.796550698475776,62.4,0.0027833938598632,10,0.9291193128925312,36.0
20.0,6,64.0,710.826695590279,0.0,0.0,1.0,0.0,0.0,0.0,0.0,0,0,0,10,0,0.0140681266784667,0.0,1.0,0.0,0.0,0.0,0.0,0.0,1.0,0.0,0.0,0.0,0.0,0.0,1.0,1.0,660,66,66,66.0,0.0,66.0,0.0017343044281005,10,0.0,0.0
20.0,6,64.0,278.70055483570883,0.0,0.0,0.8,0.2,0.2,0.0,0.0,2,0,0,8,0,0.0358808040618896,0.0,1.0,0.0,0.0,0.0,0.0,0.0,1.0,0.0,0.0,0.0,0.0,0.0,1.0,1.0,648,54,66,64.8,3.794733192202055,64.8,0.0035894870758056,10,0.9283038525131756,17.63265306122449
20.0,6,64.0,600.4902073072958,0.0,0.0,0.8,0.2,0.2,0.0,0.0,2,0,0,8,0,0.0166530609130859,0.0,1.0,0.0,0.0,0.0,0.0,0.0,1.0,0.0,0.0,0.0,0.0,0.0,1.0,1.0,626,54,68,62.6,5.966573556070519,62.6,0.001670503616333,10,0.9291885734038008,36.0
20.0,6,64.0,2579.9987697607185,0.0,0.0,0.6,0.4,0.4,0.0,0.0,4,0,0,6,0,0.0038759708404541,0.0,1.0,0.0,0.0,0.0,0.0,0.0,1.0,0.0,0.0,0.0,0.0,0.0,1.0,1.0,624,54,68,62.4,7.229568912920511,62.4,0.0003890991210937,10,0.9297030671923672,49.0
20.0,6,64.0,297.9289966046796,0.0,0.0,0.7,0.3,0.3,0.0,0.0,3,0,0,7,0,0.0335650444030761,0.0,1.0,0.0,0.0,0.0,0.0,0.0,1.0,0.0,0.0,0.0,0.0,0.0,1.0,1.0,630,54,68,63.0,6.27162924074226,63.0,0.0033591985702514,10,0.9293128408875088,49.0
20.0,6,64.0,947.7796357391422,0.0,0.0,1.0,0.0,0.0,0.0,0.0,0,0,0,10,0,0.0105509757995605,0.0,1.0,0.0,0.0,0.0,0.0,0.0,1.0,0.0,0.0,0.0,0.0,0.0,1.0,1.0,660,66,66,66.0,0.0,66.0,0.0010585069656372,10,0.0,0.0
20.0,6,64.0,323.2180754737337,0.0,0.0,0.9,0.1,0.1,0.0,0.0,1,0,0,9,0,0.0309388637542724,0.0,1.0,0.0,0.0,0.0,0.0,0.0,1.0,0.0,0.0,0.0,0.0,0.0,1.0,1.0,642,54,66,64.2,3.7058512292499457,64.2,0.0030963897705078,10,0.9282676455567472,12.36
20.0,6,64.0,1061.2311818434837,0.0,0.0,0.8,0.2,0.2,0.0,0.0,2,0,0,8,0,0.009423017501831,0.0,1.0,0.0,0.0,0.0,0.0,0.0,1.0,0.0,0.0,0.0,0.0,0.0,1.0,1.0,622,54,66,62.2,4.366539438350085,62.2,0.0009436130523681,10,0.9285367835056064,25.0
20.0,6,64.0,2035.8722454130664,0.0,0.0,0.7,0.3,0.3,0.0,0.0,3,0,0,7,0,0.0049118995666503,0.0,1.0,0.0,0.0,0.0,0.0,0.0,1.0,0.0,0.0,0.0,0.0,0.0,1.0,1.0,624,54,66,62.4,5.796550698475775,62.4,0.0005725860595703,10,0.9291193128925312,32.0
20.0,6,64.0,228.5500059939625,0.0,0.0,0.5,0.5,0.5,0.0,0.0,5,0,0,5,0,0.0437541007995605,0.0,1.0,0.0,0.0,0.0,0.0,0.0,1.0,0.0,0.0,0.0,0.0,0.0,1.0,1.0,612,54,66,61.2,6.196773353931867,61.2,0.004378318786621,10,0.9292823475934576,36.0
20.0,6,64.0,749.5718064193295,0.0,0.0,0.6,0.4,0.4,0.0,0.0,4,0,0,6,0,0.013340950012207,0.0,1.0,0.0,0.0,0.0,0.0,0.0,1.0,0.0,0.0,0.0,0.0,0.0,1.0,1.0,600,54,66,60.0,6.324555320336759,60.0,0.0014022827148437,10,0.9293344008552924,36.0
20.0,6,64.0,2239.2312209705838,0.0,0.0,0.6,0.4,0.4,0.0,0.0,4,0,0,6,0,0.0044658184051513,0.0,1.0,0.0,0.0,0.0,0.0,0.0,1.0,0.0,0.0,0.0,0.0,0.0,1.0,1.0,622,54,68,62.2,7.083627444874397,62.2,0.0005295991897583,10,0.929643616475944,45.16
20.0,6,64.0,426.2200859694941,0.0,0.0,0.6,0.4,0.4,0.0,0.0,4,0,0,6,0,0.0234620571136474,0.0,1.0,0.0,0.0,0.0,0.0,0.0,1.0,0.0,0.0,0.0,0.0,0.0,1.0,1.0,622,54,68,62.2,7.083627444874398,62.2,0.0023544073104858,10,0.929643616475944,49.0
20.0,6,64.0,538.0347888552517,0.0,0.0,1.0,0.0,0.0,0.0,0.0,0,0,0,10,0,0.0185861587524414,0.0,1.0,0.0,0.0,0.0,0.0,0.0,1.0,0.0,0.0,0.0,0.0,0.0,1.0,1.0,662,66,68,66.2,0.6324555320336759,66.2,0.002143907546997,10,0.0,0.36
20.0,6,64.0,326.65919003115266,0.0,0.0,1.0,0.0,0.0,0.0,0.0,0,0,0,10,0,0.0306129455566406,0.0,1.0,0.0,0.0,0.0,0.0,0.0,1.0,0.0,0.0,0.0,0.0,0.0,1.0,1.0,678,66,68,67.8,0.6324555320336759,67.8,0.0030634880065917,10,0.0,0.36
20.0,6,64.0,2500.628390866273,0.0,0.0,0.5,0.5,0.5,0.0,0.0,5,0,0,5,0,0.0039989948272705,0.0,1.0,0.0,0.0,0.0,0.0,0.0,1.0,0.0,0.0,0.0,0.0,0.0,1.0,1.0,612,54,66,61.2,6.196773353931867,61.2,0.0007161140441894,10,0.9292823475934576,36.0
20.0,6,64.0,500.87820489855386,0.0,0.0,0.5,0.5,0.5,0.0,0.0,5,0,0,5,0,0.0199649333953857,0.0,1.0,0.0,0.0,0.0,0.0,0.0,1.0,0.0,0.0,0.0,0.0,0.0,1.0,1.0,604,54,68,60.4,6.785605679999719,60.4,0.0019987821578979,10,0.9295222143298046,41.44
20.0,6,64.0,1274.0512135111328,0.0,0.0,0.6,0.4,0.4,0.0,0.0,4,0,0,6,0,0.0078489780426025,0.0,1.0,0.0,0.0,0.0,0.0,0.0,1.0,0.0,0.0,0.0,0.0,0.0,1.0,1.0,610,54,68,61.0,7.378647873726218,61.0,0.000794506072998,10,0.9297637959978412,49.0
20.0,6,64.0,559.6584116140051,0.0,0.0,0.5,0.5,0.5,0.0,0.0,5,0,0,5,0,0.0178680419921875,0.0,1.0,0.0,0.0,0.0,0.0,0.0,1.0,0.0,0.0,0.0,0.0,0.0,1.0,1.0,606,54,68,60.6,6.995236474439825,60.6,0.0019206047058105,10,0.9296076095302278,49.0
20.0,6,64.0,733.1417584338402,0.0,0.0,0.5,0.5,0.5,0.0,0.0,5,0,0,5,0,0.0136399269104003,0.0,1.0,0.0,0.0,0.0,0.0,0.0,1.0,0.0,0.0,0.0,0.0,0.0,1.0,1.0,600,54,66,60.0,6.324555320336759,60.0,0.0014559030532836,10,0.9293344008552924,36.0
20.0,6,64.0,4440.766543144521,0.0,0.0,0.6,0.4,0.4,0.0,0.0,4,0,0,6,0,0.0022518634796142,0.0,1.0,0.0,0.0,0.0,0.0,0.0,1.0,0.0,0.0,0.0,0.0,0.0,1.0,1.0,618,54,68,61.8,6.762642481555071,61.8,0.0002637863159179,10,0.9295128600412864,41.16
20.0,6,64.0,1504.1973891837613,0.0,0.0,0.5,0.5,0.5,0.0,0.0,5,0,0,5,0,0.0066480636596679,0.0,1.0,0.0,0.0,0.0,0.0,0.0,1.0,0.0,0.0,0.0,0.0,0.0,1.0,1.0,624,54,68,62.4,7.229568912920511,62.4,0.0007551193237304,10,0.9297030671923672,49.0
20.0,6,64.0,300.923655304525,0.0,0.0,0.5,0.5,0.5,0.0,0.0,5,0,0,5,0,0.0332310199737548,0.0,1.0,0.0,0.0,0.0,0.0,0.0,1.0,0.0,0.0,0.0,0.0,0.0,1.0,1.0,638,54,75,63.8,10.538817137927134,63.8,0.0033244848251342,10,0.931051122549306,99.96
20.0,6,64.0,725.7962588035786,0.0,0.0,0.5,0.5,0.5,0.0,0.0,5,0,0,5,0,0.0137779712677001,0.0,1.0,0.0,0.0,0.0,0.0,0.0,1.0,0.0,0.0,0.0,0.0,0.0,1.0,1.0,645,54,75,64.5,11.067971810589327,64.5,0.0013837099075317,10,0.9312666789967616,110.25
20.0,6,64.0,2575.2465156259595,0.0,0.0,0.6,0.4,0.4,0.0,0.0,4,0,0,6,0,0.0038831233978271,0.0,1.0,0.0,0.0,0.0,0.0,0.0,1.0,0.0,0.0,0.0,0.0,0.0,1.0,1.0,653,54,77,65.3,11.926161718395962,65.3,0.000392198562622,10,0.9316162712376058,128.01000000000002
20.0,6,64.0,2075.155353255492,0.0,0.0,0.5,0.5,0.5,0.0,0.0,5,0,0,5,0,0.0048189163208007,0.0,1.0,0.0,0.0,0.0,0.0,0.0,1.0,0.0,0.0,0.0,0.0,0.0,1.0,1.0,655,54,77,65.5,12.122064363978788,65.5,0.0005868911743164,10,0.9316960741393104,132.25
20.0,6,64.0,355.3651675873522,0.0,0.0,0.9,0.1,0.1,0.0,0.0,1,0,0,9,0,0.0281400680541992,0.0,1.0,0.0,0.0,0.0,0.0,0.0,1.0,0.0,0.0,0.0,0.0,0.0,1.0,1.0,643,54,77,64.3,5.4579198316656194,64.3,0.0029395103454589,10,0.9289813682226272,132.25
20.0,6,64.0,1375.5424373606193,0.0,0.0,1.0,0.0,0.0,0.0,0.0,0,0,0,10,0,0.0072698593139648,0.0,1.0,0.0,0.0,0.0,0.0,0.0,1.0,0.0,0.0,0.0,0.0,0.0,1.0,1.0,656,64,66,65.6,0.8432740427115678,65.6,0.0009331941604614,10,0.0,1.0
20.0,6,64.0,205.47823871764223,0.0,0.0,1.0,0.0,0.0,0.0,0.0,0,0,0,10,0,0.0486669540405273,0.0,1.0,0.0,0.0,0.0,0.0,0.0,1.0,0.0,0.0,0.0,0.0,0.0,1.0,1.0,2900,66,346,290.0,118.0583659796195,290.0,0.0048691034317016,10,0.954400725965458,19600.0
20.0,6,64.0,463.0292325355471,0.0,0.0,1.0,0.0,0.0,0.0,0.0,0,0,0,10,0,0.0215969085693359,0.0,1.0,0.0,0.0,0.0,0.0,0.0,1.0,0.0,0.0,0.0,0.0,0.0,1.0,1.0,3476,346,348,347.6,0.8432740427115677,347.6,0.0021622896194458,10,0.0,1.0
20.0,6,64.0,376.039232914048,0.0,0.0,0.7,0.3,0.3,0.0,0.0,3,0,0,7,0,0.0265929698944091,0.0,1.0,0.0,0.0,0.0,0.0,0.0,1.0,0.0,0.0,0.0,0.0,0.0,1.0,1.0,1288,54,348,128.8,116.4481763608936,128.8,0.0026615142822265,10,0.9741943591223736,19449.0
20.0,6,64.0,738.9802318615878,0.0,0.0,0.6,0.4,0.4,0.0,0.0,4,0,0,6,0,0.0135321617126464,0.0,1.0,0.0,0.0,0.0,0.0,0.0,1.0,0.0,0.0,0.0,0.0,0.0,1.0,1.0,734,54,88,73.4,16.70794887338226,73.4,0.0013570070266723,10,0.933564180053061,256.0
20.0,6,64.0,3395.647668393782,0.0,0.0,0.7,0.3,0.3,0.0,0.0,3,0,0,7,0,0.0029449462890625,0.0,1.0,0.0,0.0,0.0,0.0,0.0,1.0,0.0,0.0,0.0,0.0,0.0,1.0,1.0,778,54,88,77.8,16.42356031234803,77.8,0.0002960920333862,10,0.933448331528838,256.88888888888886
20.0,6,64.0,262.3358330779382,0.0,0.0,0.6,0.4,0.4,0.0,0.0,4,0,0,6,0,0.0381190776824951,0.0,1.0,0.0,0.0,0.0,0.0,0.0,1.0,0.0,0.0,0.0,0.0,0.0,1.0,1.0,648,54,88,64.8,13.104706533659323,64.8,0.0038135051727294,10,0.9320963632535516,222.75
20.0,6,64.0,2667.283942766296,0.0,0.0,0.5,0.5,0.5,0.0,0.0,5,0,0,5,0,0.003749132156372,0.0,1.0,0.0,0.0,0.0,0.0,0.0,1.0,0.0,0.0,0.0,0.0,0.0,1.0,1.0,590,54,64,59.0,5.270462766947299,59.0,0.0006943941116333,10,0.9289050057127436,25.0
20.0,6,64.0,3236.345679012345,0.0,0.0,0.5,0.5,0.5,0.0,0.0,5,0,0,5,0,0.0030899047851562,0.0,1.0,0.0,0.0,0.0,0.0,0.0,1.0,0.0,0.0,0.0,0.0,0.0,1.0,1.0,598,54,66,59.8,6.142746399887703,59.8,0.0004303932189941,10,0.9292603391734584,33.959999999999994
20.0,6,64.0,2418.4420227180995,0.0,0.0,0.5,0.5,0.5,0.0,0.0,5,0,0,5,0,0.0041348934173583,0.0,1.0,0.0,0.0,0.0,0.0,0.0,1.0,0.0,0.0,0.0,0.0,0.0,1.0,1.0,600,54,66,60.0,6.324555320336759,60.0,0.0004981040954589,10,0.9293344008552924,36.0
20.0,6,64.0,294.05854103130366,0.0,0.0,0.9,0.1,0.1,0.0,0.0,1,0,0,9,0,0.0340068340301513,0.0,1.0,0.0,0.0,0.0,0.0,0.0,1.0,0.0,0.0,0.0,0.0,0.0,1.0,1.0,648,54,66,64.8,3.794733192202056,64.8,0.003485894203186,10,0.9283038525131756,36.0
20.0,6,64.0,1075.0490836857618,0.0,0.0,1.0,0.0,0.0,0.0,0.0,0,0,0,10,0,0.0093019008636474,0.0,1.0,0.0,0.0,0.0,0.0,0.0,1.0,0.0,0.0,0.0,0.0,0.0,1.0,1.0,668,66,67,66.8,0.4216370213557839,66.8,0.0009326934814453,10,0.0,0.25
20.0,6,64.0,235.72113412201085,0.0,0.0,1.0,0.0,0.0,0.0,0.0,0,0,0,10,0,0.0424230098724365,0.0,1.0,0.0,0.0,0.0,0.0,0.0,1.0,0.0,0.0,0.0,0.0,0.0,1.0,1.0,662,66,67,66.2,0.4216370213557839,66.2,0.0042438030242919,10,0.0,0.25
20.0,6,64.0,1256.1181156599084,0.0,0.0,1.0,0.0,0.0,0.0,0.0,0,0,0,10,0,0.0079610347747802,0.0,1.0,0.0,0.0,0.0,0.0,0.0,1.0,0.0,0.0,0.0,0.0,0.0,1.0,1.0,660,66,66,66.0,0.0,66.0,0.0007970094680786,10,0.0,0.0
20.0,6,64.0,218.726741760534,0.0,0.0,1.0,0.0,0.0,0.0,0.0,0,0,0,10,0,0.0457191467285156,0.0,1.0,0.0,0.0,0.0,0.0,0.0,1.0,0.0,0.0,0.0,0.0,0.0,1.0,1.0,660,66,66,66.0,0.0,66.0,0.0045736074447631,10,0.0,0.0
20.0,6,64.0,75846.36528028933,0.0,0.0,1.0,0.0,0.0,0.0,0.0,0,0,0,10,0,0.0001318454742431,0.0,1.0,0.0,0.0,0.0,0.0,0.0,1.0,0.0,0.0,0.0,0.0,0.0,1.0,1.0,676,66,68,67.6,0.8432740427115678,67.6,1.468658447265625e-05,10,0.0,1.0
20.0,6,64.0,211.1042660707455,0.0,0.0,1.0,0.0,0.0,0.0,0.0,0,0,0,10,0,0.0473699569702148,0.0,1.0,0.0,0.0,0.0,0.0,0.0,1.0,0.0,0.0,0.0,0.0,0.0,1.0,1.0,648,64,68,64.8,1.686548085423136,64.8,0.0047384977340698,10,0.910403762228078,4.0
20.0,6,64.0,1315.8187978416363,0.0,0.0,1.0,0.0,0.0,0.0,0.0,0,0,0,10,0,0.0075998306274414,0.0,1.0,0.0,0.0,0.0,0.0,0.0,1.0,0.0,0.0,0.0,0.0,0.0,1.0,1.0,648,64,65,64.8,0.4216370213557839,64.8,0.0007622003555297,10,0.0,0.25
20.0,6,64.0,230.15023979104703,0.0,0.0,1.0,0.0,0.0,0.0,0.0,0,0,0,10,0,0.0434498786926269,0.0,1.0,0.0,0.0,0.0,0.0,0.0,1.0,0.0,0.0,0.0,0.0,0.0,1.0,1.0,2978,65,356,297.8,122.69637321453312,297.8,0.0043457984924316,10,0.9579941945926724,21170.25
20.0,6,64.0,1891.797392990844,0.0,0.0,1.0,0.0,0.0,0.0,0.0,0,0,0,10,0,0.0052859783172607,0.0,1.0,0.0,0.0,0.0,0.0,0.0,1.0,0.0,0.0,0.0,0.0,0.0,1.0,1.0,3576,356,358,357.6,0.8432740427115677,357.6,0.000809097290039,10,0.0,1.0
20.0,6,64.0,210.313542027067,0.0,0.0,0.6,0.4,0.4,0.0,0.0,4,0,0,6,0,0.0475480556488037,0.0,1.0,0.0,0.0,0.0,0.0,0.0,1.0,0.0,0.0,0.0,0.0,0.0,1.0,1.0,1192,54,358,119.2,125.9654273556395,119.2,0.0049565076828002,10,0.9780713064875932,22290.6875
20.0,6,64.0,3575.097170132969,0.0,0.0,0.5,0.5,0.5,0.0,0.0,5,0,0,5,0,0.0027971267700195,0.0,1.0,0.0,0.0,0.0,0.0,0.0,1.0,0.0,0.0,0.0,0.0,0.0,1.0,1.0,595,54,65,59.5,5.797509043642029,59.5,0.0003101110458374,10,0.929119703284018,30.25
20.0,6,64.0,1198.749321215239,0.0,0.0,0.5,0.5,0.5,0.0,0.0,5,0,0,5,0,0.0083420276641845,0.0,1.0,0.0,0.0,0.0,0.0,0.0,1.0,0.0,0.0,0.0,0.0,0.0,1.0,1.0,616,54,67,61.6,6.56928881657334,61.6,0.0009001970291137,10,0.9294340954923194,39.55555555555556
20.0,6,64.0,458.1485324798742,0.0,0.0,0.7,0.3,0.3,0.0,0.0,3,0,0,7,0,0.0218269824981689,0.0,1.0,0.0,0.0,0.0,0.0,0.0,1.0,0.0,0.0,0.0,0.0,0.0,1.0,1.0,615,54,67,61.5,6.519202405202649,61.5,0.0021849870681762,10,0.9294136922917834,42.25
20.0,6,64.0,956.5771888612676,0.0,0.0,1.0,0.0,0.0,0.0,0.0,0,0,0,10,0,0.0104539394378662,0.0,1.0,0.0,0.0,0.0,0.0,0.0,1.0,0.0,0.0,0.0,0.0,0.0,1.0,1.0,642,64,66,64.2,0.6324555320336759,64.2,0.0013427019119262,10,0.0,0.36
20.0,6,64.0,257.5847499263044,0.0,0.0,0.9,0.1,0.1,0.0,0.0,1,0,0,9,0,0.0388221740722656,0.0,1.0,0.0,0.0,0.0,0.0,0.0,1.0,0.0,0.0,0.0,0.0,0.0,1.0,1.0,669,66,75,66.9,2.846049894151541,66.9,0.0038863182067871,10,0.9074678368848816,7.290000000000001
20.0,6,64.0,460.8315021534675,0.0,0.0,0.5,0.5,0.5,0.0,0.0,5,0,0,5,0,0.0216999053955078,0.0,1.0,0.0,0.0,0.0,0.0,0.0,1.0,0.0,0.0,0.0,0.0,0.0,1.0,1.0,645,54,75,64.5,11.067971810589327,64.5,0.0021758794784545,10,0.9312666789967616,110.25
20.0,6,64.0,1456.659026186011,0.0,0.0,0.6,0.4,0.4,0.0,0.0,4,0,0,6,0,0.0068650245666503,0.0,1.0,0.0,0.0,0.0,0.0,0.0,1.0,0.0,0.0,0.0,0.0,0.0,1.0,1.0,670,54,77,67.0,11.215069227507149,67.0,0.0006913185119628,10,0.9313266006005172,113.4320987654321
20.0,6,64.0,1438.622534728177,0.0,0.0,0.6,0.4,0.4,0.0,0.0,4,0,0,6,0,0.006951093673706,0.0,1.0,0.0,0.0,0.0,0.0,0.0,1.0,0.0,0.0,0.0,0.0,0.0,1.0,1.0,655,54,77,65.5,12.122064363978788,65.5,0.000704288482666,10,0.9316960741393104,132.25
20.0,6,64.0,533.7622804784933,0.0,0.0,0.5,0.5,0.5,0.0,0.0,5,0,0,5,0,0.0187349319458007,0.0,1.0,0.0,0.0,0.0,0.0,0.0,1.0,0.0,0.0,0.0,0.0,0.0,1.0,1.0,1119,54,309,111.9,104.40992928516584,111.9,0.0019767999649047,10,0.9692904587936052,10487.555555555557
20.0,6,64.0,979.817319597262,0.0,0.0,0.5,0.5,0.5,0.0,0.0,5,0,0,5,0,0.0102059841156005,0.0,1.0,0.0,0.0,0.0,0.0,0.0,1.0,0.0,0.0,0.0,0.0,0.0,1.0,1.0,2070,54,309,207.0,131.68143377105218,207.0,0.0014492034912109,10,0.9803997788609758,16256.25
20.0,6,64.0,648.3396967214381,0.0,0.0,0.5,0.5,0.5,0.0,0.0,5,0,0,5,0,0.0154240131378173,0.0,1.0,0.0,0.0,0.0,0.0,0.0,1.0,0.0,0.0,0.0,0.0,0.0,1.0,1.0,1821,54,311,182.1,135.0312309554102,182.1,0.0016170978546142,10,0.981764352241996,16410.09
20.0,6,64.0,1766.7666385846671,0.0,0.0,0.5,0.5,0.5,0.0,0.0,5,0,0,5,0,0.005660057067871,0.0,1.0,0.0,0.0,0.0,0.0,0.0,1.0,0.0,0.0,0.0,0.0,0.0,1.0,1.0,1825,54,311,182.5,135.4508931105456,182.5,0.000570011138916,10,0.981935305817512,16512.25
20.0,6,64.0,340.3693965657156,0.0,0.0,0.8,0.2,0.2,0.0,0.0,2,0,0,8,0,0.0293798446655273,0.0,1.0,0.0,0.0,0.0,0.0,0.0,1.0,0.0,0.0,0.0,0.0,0.0,1.0,1.0,1104,54,311,110.4,105.823962839761,110.4,0.0029416799545288,10,0.969866479502405,16512.25
20.0,6,64.0,47880.182648401824,0.0,0.0,1.0,0.0,0.0,0.0,0.0,0,0,0,10,0,0.0002088546752929,0.0,1.0,0.0,0.0,0.0,0.0,0.0,1.0,0.0,0.0,0.0,0.0,0.0,1.0,1.0,650,64,66,65.0,1.0540925533894598,65.0,2.3603439331054688e-05,10,0.9101461251425488,1.0
20.0,6,64.0,201.27667538450464,0.0,0.0,1.0,0.0,0.0,0.0,0.0,0,0,0,10,0,0.0496828556060791,0.0,1.0,0.0,0.0,0.0,0.0,0.0,1.0,0.0,0.0,0.0,0.0,0.0,1.0,1.0,695,66,73,69.5,3.689323936863109,69.5,0.0049705028533935,10,0.9078113529989206,12.25
20.0,6,64.0,1580.3112166082665,0.0,0.0,1.0,0.0,0.0,0.0,0.0,0,0,0,10,0,0.0063278675079345,0.0,1.0,0.0,0.0,0.0,0.0,0.0,1.0,0.0,0.0,0.0,0.0,0.0,1.0,1.0,740,73,75,74.0,1.0540925533894598,74.0,0.0006362915039062,10,0.8948089551425488,1.0
20.0,6,64.0,276.7311930116253,0.0,0.0,0.8,0.2,0.2,0.0,0.0,2,0,0,8,0,0.0361361503601074,0.0,1.0,0.0,0.0,0.0,0.0,0.0,1.0,0.0,0.0,0.0,0.0,0.0,1.0,1.0,696,54,75,69.6,8.422192905255336,69.6,0.003615117073059,10,0.9301888945018848,70.69135802469135
20.0,6,64.0,612.8170886723259,0.0,0.0,0.5,0.5,0.5,0.0,0.0,5,0,0,5,0,0.0163180828094482,0.0,1.0,0.0,0.0,0.0,0.0,0.0,1.0,0.0,0.0,0.0,0.0,0.0,1.0,1.0,642,54,71,64.2,8.778762251403478,64.2,0.0017528057098388,10,0.9303341465907318,72.25
20.0,6,64.0,1737.635263899246,0.0,0.0,0.5,0.5,0.5,0.0,0.0,5,0,0,5,0,0.0057549476623535,0.0,1.0,0.0,0.0,0.0,0.0,0.0,1.0,0.0,0.0,0.0,0.0,0.0,1.0,1.0,633,54,73,63.3,9.82117892900621,63.3,0.0005775928497314,10,0.93075878544852,86.81
20.0,6,64.0,2480.2223404884394,0.0,0.0,0.5,0.5,0.5,0.0,0.0,5,0,0,5,0,0.0040318965911865,0.0,1.0,0.0,0.0,0.0,0.0,0.0,1.0,0.0,0.0,0.0,0.0,0.0,1.0,1.0,635,54,73,63.5,10.013879257199868,63.5,0.0004061937332153,10,0.9308372838542128,90.25
20.0,6,64.0,239.18930170226116,0.0,0.0,0.6,0.4,0.4,0.0,0.0,4,0,0,6,0,0.0418078899383544,0.0,1.0,0.0,0.0,0.0,0.0,0.0,1.0,0.0,0.0,0.0,0.0,0.0,1.0,1.0,609,54,73,60.9,6.539622822966678,60.9,0.0041836977005004,10,0.9294220107531636,90.25
20.0,6,64.0,3153.612030075188,0.0,0.0,0.6,0.4,0.4,0.0,0.0,4,0,0,6,0,0.0031709671020507,0.0,1.0,0.0,0.0,0.0,0.0,0.0,1.0,0.0,0.0,0.0,0.0,0.0,1.0,1.0,602,54,66,60.2,5.370702416299421,60.2,0.0003190040588378,10,0.9289458393363036,25.96
20.0,6,64.0,2874.3859649122805,0.0,0.0,0.5,0.5,0.5,0.0,0.0,5,0,0,5,0,0.00347900390625,0.0,1.0,0.0,0.0,0.0,0.0,0.0,1.0,0.0,0.0,0.0,0.0,0.0,1.0,1.0,600,54,66,60.0,6.324555320336759,60.0,0.00035080909729,10,0.9293344008552924,36.0
20.0,6,64.0,366.3787561146052,0.0,0.0,0.5,0.5,0.5,0.0,0.0,5,0,0,5,0,0.0272941589355468,0.0,1.0,0.0,0.0,0.0,0.0,0.0,1.0,0.0,0.0,0.0,0.0,0.0,1.0,1.0,1940,54,1406,194.0,425.8951357630968,194.0,0.0027323961257934,10,1.0,163248.0
20.0,6,64.0,845.7963299052228,0.0,0.0,0.5,0.5,0.5,0.0,0.0,5,0,0,5,0,0.0118231773376464,0.0,1.0,0.0,0.0,0.0,0.0,0.0,1.0,0.0,0.0,0.0,0.0,0.0,1.0,1.0,7300,54,1406,730.0,712.5665660912748,730.0,0.0011867046356201,10,1.0,456976.0
20.0,6,64.0,2465.352377593605,0.0,0.0,0.6,0.4,0.4,0.0,0.0,4,0,0,6,0,0.0040562152862548,0.0,1.0,0.0,0.0,0.0,0.0,0.0,1.0,0.0,0.0,0.0,0.0,0.0,1.0,1.0,7300,54,1406,730.0,712.5665660912748,730.0,0.000407600402832,10,1.0,456976.0
20.0,6,64.0,3178.707086017431,0.0,0.0,0.5,0.5,0.5,0.0,0.0,5,0,0,5,0,0.0031459331512451,0.0,1.0,0.0,0.0,0.0,0.0,0.0,1.0,0.0,0.0,0.0,0.0,0.0,1.0,1.0,7300,54,1406,730.0,712.5665660912748,730.0,0.0004041910171508,10,1.0,456976.0
20.0,6,64.0,314.99173901288714,0.0,0.0,0.6,0.4,0.4,0.0,0.0,4,0,0,6,0,0.0317468643188476,0.0,1.0,0.0,0.0,0.0,0.0,0.0,1.0,0.0,0.0,0.0,0.0,0.0,1.0,1.0,8652,54,1406,865.2,698.1697978763237,865.2,0.0032548904418945,10,1.0,456976.0
20.0,6,64.0,1527.868279178202,0.0,0.0,0.5,0.5,0.5,0.0,0.0,5,0,0,5,0,0.006545066833496,0.0,1.0,0.0,0.0,0.0,0.0,0.0,1.0,0.0,0.0,0.0,0.0,0.0,1.0,1.0,8652,54,1406,865.2,698.1697978763237,865.2,0.0008045196533203,10,1.0,456976.0
20.0,6,64.0,785.4354787363533,0.0,0.0,0.6,0.4,0.4,0.0,0.0,4,0,0,6,0,0.0127317905426025,0.0,1.0,0.0,0.0,0.0,0.0,0.0,1.0,0.0,0.0,0.0,0.0,0.0,1.0,1.0,8652,54,1406,865.2,698.1697978763236,865.2,0.0012762784957885,10,1.0,456976.0
20.0,6,64.0,2090.254161267816,0.0,0.0,0.7,0.3,0.3,0.0,0.0,3,0,0,7,0,0.0047841072082519,0.0,1.0,0.0,0.0,0.0,0.0,0.0,1.0,0.0,0.0,0.0,0.0,0.0,1.0,1.0,8652,54,1406,865.2,698.1697978763237,865.2,0.0004808187484741,10,1.0,456976.0
20.0,6,64.0,929.7947240079804,0.0,0.0,0.6,0.4,0.4,0.0,0.0,4,0,0,6,0,0.0107550621032714,0.0,1.0,0.0,0.0,0.0,0.0,0.0,1.0,0.0,0.0,0.0,0.0,0.0,1.0,1.0,612,54,66,61.2,6.196773353931867,61.2,0.0029572010040283,10,0.9292823475934576,36.0
20.0,6,64.0,983.8624475147192,0.0,0.0,0.5,0.5,0.5,0.0,0.0,5,0,0,5,0,0.0101640224456787,0.0,1.0,0.0,0.0,0.0,0.0,0.0,1.0,0.0,0.0,0.0,0.0,0.0,1.0,1.0,616,54,68,61.6,6.586180818788516,61.6,0.0011489868164062,10,0.9294409766183416,39.04
20.0,6,64.0,1054.9584989184566,0.0,0.0,0.6,0.4,0.4,0.0,0.0,4,0,0,6,0,0.0094790458679199,0.0,1.0,0.0,0.0,0.0,0.0,0.0,1.0,0.0,0.0,0.0,0.0,0.0,1.0,1.0,610,54,68,61.0,7.378647873726218,61.0,0.0009494066238403,10,0.9297637959978412,49.0
20.0,6,64.0,291.55456694008063,0.0,0.0,0.7,0.3,0.3,0.0,0.0,3,0,0,7,0,0.0342988967895507,0.0,1.0,0.0,0.0,0.0,0.0,0.0,1.0,0.0,0.0,0.0,0.0,0.0,1.0,1.0,630,54,68,63.0,6.27162924074226,63.0,0.0034327983856201,10,0.9293128408875088,49.0
20.0,6,64.0,1205.2597701149425,0.0,0.0,1.0,0.0,0.0,0.0,0.0,0,0,0,10,0,0.0082969665527343,0.0,1.0,0.0,0.0,0.0,0.0,0.0,1.0,0.0,0.0,0.0,0.0,0.0,1.0,1.0,668,66,68,66.8,1.0327955589886444,66.8,0.0008347988128662,10,0.9067291895989096,0.96
20.0,6,64.0,224.0140145486397,0.0,0.0,1.0,0.0,0.0,0.0,0.0,0,0,0,10,0,0.0446400642395019,0.0,1.0,0.0,0.0,0.0,0.0,0.0,1.0,0.0,0.0,0.0,0.0,0.0,1.0,1.0,672,66,68,67.2,1.0327955589886444,67.2,0.0044655084609985,10,0.9067291895989096,0.96
20.0,6,64.0,982.8019776460388,0.0,0.0,1.0,0.0,0.0,0.0,0.0,0,0,0,10,0,0.0101749897003173,0.0,1.0,0.0,0.0,0.0,0.0,0.0,1.0,0.0,0.0,0.0,0.0,0.0,1.0,1.0,668,66,68,66.8,1.0327955589886444,66.8,0.0010226011276245,10,0.9067291895989096,0.96
20.0,6,64.0,235.3111728239221,0.0,0.0,1.0,0.0,0.0,0.0,0.0,0,0,0,10,0,0.042496919631958,0.0,1.0,0.0,0.0,0.0,0.0,0.0,1.0,0.0,0.0,0.0,0.0,0.0,1.0,1.0,2988,68,645,298.8,297.9615187682239,298.8,0.0042509794235229,10,1.0,79902.95999999999
20.0,6,64.0,67108.864,0.0,0.0,1.0,0.0,0.0,0.0,0.0,0,0,0,10,0,0.0001490116119384,0.0,1.0,0.0,0.0,0.0,0.0,0.0,1.0,0.0,0.0,0.0,0.0,0.0,1.0,1.0,6458,645,647,645.8,1.0327955589886446,645.8,0.0001274108886718,10,0.0,0.9600000000000002
20.0,6,64.0,247.09003935245187,0.0,0.0,0.8,0.2,0.2,0.0,0.0,2,0,0,8,0,0.040471076965332,0.0,1.0,0.0,0.0,0.0,0.0,0.0,1.0,0.0,0.0,0.0,0.0,0.0,1.0,1.0,4161,54,647,416.1,298.1522541700241,416.1,0.0040486097335815,10,1.0,80005.29000000001
20.0,6,64.0,874.2686816050026,0.0,0.0,0.7,0.3,0.3,0.0,0.0,3,0,0,7,0,0.0114381313323974,0.0,1.0,0.0,0.0,0.0,0.0,0.0,1.0,0.0,0.0,0.0,0.0,0.0,1.0,1.0,666,54,75,66.6,10.844353369380766,66.6,0.0011462926864624,10,0.931175585788551,110.25
20.0,6,64.0,598.5108234991937,0.0,0.0,0.6,0.4,0.4,0.0,0.0,4,0,0,6,0,0.0167081356048584,0.0,1.0,0.0,0.0,0.0,0.0,0.0,1.0,0.0,0.0,0.0,0.0,0.0,1.0,1.0,676,54,77,67.6,11.720826667849746,67.6,0.0016725063323974,10,0.9315326259514152,126.9375
20.0,6,64.0,401.41489931858206,0.0,0.0,0.8,0.2,0.2,0.0,0.0,2,0,0,8,0,0.024911880493164,0.0,1.0,0.0,0.0,0.0,0.0,0.0,1.0,0.0,0.0,0.0,0.0,0.0,1.0,1.0,691,54,77,69.1,9.409805760186789,69.1,0.0024942874908447,10,0.9305912084744696,126.96
20.0,6,64.0,756.657526338577,0.0,0.0,1.0,0.0,0.0,0.0,0.0,0,0,0,10,0,0.0132160186767578,0.0,1.0,0.0,0.0,0.0,0.0,0.0,1.0,0.0,0.0,0.0,0.0,0.0,1.0,1.0,666,66,68,66.6,0.966091783079296,66.6,0.0016607046127319,10,0.0,0.8400000000000001
20.0,6,64.0,208.3204942907236,0.0,0.0,1.0,0.0,0.0,0.0,0.0,0,0,0,10,0,0.0480029582977294,0.0,1.0,0.0,0.0,0.0,0.0,0.0,1.0,0.0,0.0,0.0,0.0,0.0,1.0,1.0,782,68,102,78.2,16.42356031234803,78.2,0.0048017978668212,10,0.9095905115288382,242.76
20.0,6,64.0,64133.08868501529,0.0,0.0,1.0,0.0,0.0,0.0,0.0,0,0,0,10,0,0.0001559257507324,0.0,1.0,0.0,0.0,0.0,0.0,0.0,1.0,0.0,0.0,0.0,0.0,0.0,1.0,1.0,1026,102,104,102.6,0.966091783079296,102.6,2.110004425048828e-05,10,0.0,0.8400000000000001
20.0,6,64.0,275.1933234041716,0.0,0.0,0.9,0.1,0.1,0.0,0.0,1,0,0,9,0,0.0363380908966064,0.0,1.0,0.0,0.0,0.0,0.0,0.0,1.0,0.0,0.0,0.0,0.0,0.0,1.0,1.0,910,54,104,91.0,21.10818693198342,91.0,0.0036355018615722,10,0.9353566610286128,401.0
20.0,6,64.0,1230.614675938151,0.0,0.0,0.6,0.4,0.4,0.0,0.0,4,0,0,6,0,0.0081260204315185,0.0,1.0,0.0,0.0,0.0,0.0,0.0,1.0,0.0,0.0,0.0,0.0,0.0,1.0,1.0,600,54,64,60.0,5.163977794943222,60.0,0.0009207963943481,10,0.928861627994548,25.0
20.0,6,64.0,2070.443281666502,0.0,0.0,0.6,0.4,0.4,0.0,0.0,4,0,0,6,0,0.0048298835754394,0.0,1.0,0.0,0.0,0.0,0.0,0.0,1.0,0.0,0.0,0.0,0.0,0.0,1.0,1.0,608,54,66,60.8,5.902918298980975,60.8,0.0004838943481445,10,0.9291626427982728,31.360000000000003
20.0,6,64.0,1224.1496658202725,0.0,0.0,0.5,0.5,0.5,0.0,0.0,5,0,0,5,0,0.0081689357757568,0.0,1.0,0.0,0.0,0.0,0.0,0.0,1.0,0.0,0.0,0.0,0.0,0.0,1.0,1.0,600,54,66,60.0,6.324555320336759,60.0,0.0008188009262084,10,0.9293344008552924,36.0
20.0,6,64.0,241.4988657170165,0.0,0.0,0.9,0.1,0.1,0.0,0.0,1,0,0,9,0,0.0414080619812011,0.0,1.0,0.0,0.0,0.0,0.0,0.0,1.0,0.0,0.0,0.0,0.0,0.0,1.0,1.0,648,54,66,64.8,3.794733192202056,64.8,0.0042036056518554,10,0.9283038525131756,36.0
20.0,6,64.0,52626.14805520703,0.0,0.0,1.0,0.0,0.0,0.0,0.0,0,0,0,10,0,0.0001900196075439,0.0,1.0,0.0,0.0,0.0,0.0,0.0,1.0,0.0,0.0,0.0,0.0,0.0,1.0,1.0,676,66,68,67.6,0.8432740427115678,67.6,2.050399780273437e-05,10,0.0,1.0
20.0,6,64.0,222.88668887932363,0.0,0.0,0.7,0.3,0.3,0.0,0.0,3,0,0,7,0,0.0448658466339111,0.0,1.0,0.0,0.0,0.0,0.0,0.0,1.0,0.0,0.0,0.0,0.0,0.0,1.0,1.0,2028,54,346,202.8,151.03259398038705,202.8,0.0044880867004394,10,0.9882826674838504,20529.76
20.0,6,64.0,1091.925439966677,0.0,0.0,0.6,0.4,0.4,0.0,0.0,4,0,0,6,0,0.0091581344604492,0.0,1.0,0.0,0.0,0.0,0.0,0.0,1.0,0.0,0.0,0.0,0.0,0.0,1.0,1.0,2294,54,348,229.4,150.96151091512624,229.4,0.0010721206665039,10,0.9882537110863858,20880.97959183673
20.0,6,64.0,990.8819012969832,0.0,0.0,0.6,0.4,0.4,0.0,0.0,4,0,0,6,0,0.01009202003479,0.0,1.0,0.0,0.0,0.0,0.0,0.0,1.0,0.0,0.0,0.0,0.0,0.0,1.0,1.0,2598,54,348,259.8,142.01549211265652,259.8,0.0012209892272949,10,0.9846094608670116,19208.0
20.0,6,64.0,270.8116658811072,0.0,0.0,0.7,0.3,0.3,0.0,0.0,3,0,0,7,0,0.0369260311126709,0.0,1.0,0.0,0.0,0.0,0.0,0.0,1.0,0.0,0.0,0.0,0.0,0.0,1.0,1.0,1252,54,348,125.2,118.33173707843557,125.2,0.0036961078643798,10,0.9749616464162716,21609.0
20.0,6,64.0,6906.477852791042,0.0,0.0,0.6,0.4,0.4,0.0,0.0,4,0,0,6,0,0.0014479160308837,0.0,1.0,0.0,0.0,0.0,0.0,0.0,1.0,0.0,0.0,0.0,0.0,0.0,1.0,1.0,726,54,85,72.6,16.00833116432399,72.6,0.0003043889999389,10,0.933279183783099,230.64
20.0,6,64.0,1741.8929357531458,0.0,0.0,0.5,0.5,0.5,0.0,0.0,5,0,0,5,0,0.0057408809661865,0.0,1.0,0.0,0.0,0.0,0.0,0.0,1.0,0.0,0.0,0.0,0.0,0.0,1.0,1.0,738,54,87,73.8,17.041126723312633,73.8,0.0006716966629028,10,0.9336999033820086,272.25
20.0,6,64.0,369.385986543136,0.0,0.0,0.5,0.5,0.5,0.0,0.0,5,0,0,5,0,0.0270719528198242,0.0,1.0,0.0,0.0,0.0,0.0,0.0,1.0,0.0,0.0,0.0,0.0,0.0,1.0,1.0,682,54,87,68.2,16.4641023644372,68.2,0.0027089118957519,10,0.9334648467391772,272.25
20.0,6,64.0,589.4519084827702,0.0,0.0,0.5,0.5,0.5,0.0,0.0,5,0,0,5,0,0.0169649124145507,0.0,1.0,0.0,0.0,0.0,0.0,0.0,1.0,0.0,0.0,0.0,0.0,0.0,1.0,1.0,590,54,64,59.0,5.270462766947299,59.0,0.0017030954360961,10,0.9289050057127436,25.0
20.0,6,64.0,1269.1935727902685,0.0,0.0,0.5,0.5,0.5,0.0,0.0,5,0,0,5,0,0.0078790187835693,0.0,1.0,0.0,0.0,0.0,0.0,0.0,1.0,0.0,0.0,0.0,0.0,0.0,1.0,1.0,592,54,66,59.2,5.513619500836088,59.2,0.0007916927337646,10,0.9290040580398606,27.360000000000003
20.0,6,64.0,1633.677650541404,0.0,0.0,0.5,0.5,0.5,0.0,0.0,5,0,0,5,0,0.0061211585998535,0.0,1.0,0.0,0.0,0.0,0.0,0.0,1.0,0.0,0.0,0.0,0.0,0.0,1.0,1.0,600,54,66,60.0,6.324555320336759,60.0,0.0006280183792114,10,0.9293344008552924,36.0
20.0,6,64.0,419.6066347866104,0.0,0.0,0.6,0.4,0.4,0.0,0.0,4,0,0,6,0,0.0238318443298339,0.0,1.0,0.0,0.0,0.0,0.0,0.0,1.0,0.0,0.0,0.0,0.0,0.0,1.0,1.0,640,54,80,64.0,10.154364141151875,64.0,0.0023873805999755,10,0.9308945117765396,92.8
20.0,6,64.0,498.1358669833729,0.0,0.0,0.8,0.2,0.2,0.0,0.0,2,0,0,8,0,0.0200748443603515,0.0,1.0,0.0,0.0,0.0,0.0,0.0,1.0,0.0,0.0,0.0,0.0,0.0,1.0,1.0,722,54,80,72.2,12.559193180030848,72.2,0.0020133018493652,10,0.9318741429338174,169.0
20.0,6,64.0,2029.665618195016,0.0,0.0,0.7,0.3,0.3,0.0,0.0,3,0,0,7,0,0.0049269199371337,0.0,1.0,0.0,0.0,0.0,0.0,0.0,1.0,0.0,0.0,0.0,0.0,0.0,1.0,1.0,734,54,82,73.4,13.401492454200763,73.4,0.000578498840332,10,0.9322172619661432,170.46913580246914
20.0,6,64.0,375.3762440037231,0.0,0.0,0.7,0.3,0.3,0.0,0.0,3,0,0,7,0,0.0266399383544921,0.0,1.0,0.0,0.0,0.0,0.0,0.0,1.0,0.0,0.0,0.0,0.0,0.0,1.0,1.0,692,54,82,69.2,11.669523459755236,69.2,0.0027599096298217,10,0.931511727076566,144.75
20.0,6,64.0,919.0376440685394,0.0,0.0,0.6,0.4,0.4,0.0,0.0,4,0,0,6,0,0.0108809471130371,0.0,1.0,0.0,0.0,0.0,0.0,0.0,1.0,0.0,0.0,0.0,0.0,0.0,1.0,1.0,600,54,64,60.0,5.163977794943222,60.0,0.001091194152832,10,0.928861627994548,25.0
20.0,6,64.0,898.792268460978,0.0,0.0,0.6,0.4,0.4,0.0,0.0,4,0,0,6,0,0.0111260414123535,0.0,1.0,0.0,0.0,0.0,0.0,0.0,1.0,0.0,0.0,0.0,0.0,0.0,1.0,1.0,612,54,66,61.2,6.196773353931867,61.2,0.0011218070983886,10,0.9292823475934576,36.0
20.0,6,64.0,277.01631332144507,0.0,0.0,0.6,0.4,0.4,0.0,0.0,4,0,0,6,0,0.0360989570617675,0.0,1.0,0.0,0.0,0.0,0.0,0.0,1.0,0.0,0.0,0.0,0.0,0.0,1.0,1.0,628,54,94,62.8,12.479316220584096,62.8,0.0036113023757934,10,0.9318416042556172,140.16
20.0,6,64.0,4244.387775753896,0.0,0.0,0.7,0.3,0.3,0.0,0.0,3,0,0,7,0,0.0023560523986816,0.0,1.0,0.0,0.0,0.0,0.0,0.0,1.0,0.0,0.0,0.0,0.0,0.0,1.0,1.0,820,54,94,82.0,19.32183566158592,82.0,0.0006346940994262,10,0.9346289729751036,400.0
20.0,6,64.0,3171.4964083175805,0.0,0.0,0.6,0.4,0.4,0.0,0.0,4,0,0,6,0,0.0031530857086181,0.0,1.0,0.0,0.0,0.0,0.0,0.0,1.0,0.0,0.0,0.0,0.0,0.0,1.0,1.0,788,54,96,78.8,21.35831870203687,78.8,0.0004770994186401,10,0.9354585547064618,419.6543209876543
20.0,6,64.0,356.29191053422926,0.0,0.0,0.7,0.3,0.3,0.0,0.0,3,0,0,7,0,0.028066873550415,0.0,1.0,0.0,0.0,0.0,0.0,0.0,1.0,0.0,0.0,0.0,0.0,0.0,1.0,1.0,804,54,96,80.4,20.43526363911168,80.4,0.0029181957244873,10,0.9350825389960286,441.0
20.0,6,64.0,1011.1385935729612,0.0,0.0,0.5,0.5,0.5,0.0,0.0,5,0,0,5,0,0.0098898410797119,0.0,1.0,0.0,0.0,0.0,0.0,0.0,1.0,0.0,0.0,0.0,0.0,0.0,1.0,1.0,600,54,66,60.0,6.324555320336759,60.0,0.0012598991394042,10,0.9293344008552924,36.0
20.0,6,64.0,1114.4393665639282,0.0,0.0,0.6,0.4,0.4,0.0,0.0,4,0,0,6,0,0.0089731216430664,0.0,1.0,0.0,0.0,0.0,0.0,0.0,1.0,0.0,0.0,0.0,0.0,0.0,1.0,1.0,614,54,67,61.4,6.380525927469546,61.4,0.0009003162384033,10,0.929357201041814,36.64
20.0,6,64.0,4178.842283550862,0.0,0.0,0.6,0.4,0.4,0.0,0.0,4,0,0,6,0,0.0023930072784423,0.0,1.0,0.0,0.0,0.0,0.0,0.0,1.0,0.0,0.0,0.0,0.0,0.0,1.0,1.0,631,54,67,63.1,6.279596590015423,63.1,0.0003268957138061,10,0.9293160864669088,42.25
20.0,6,64.0,294.9414941494149,0.0,0.0,0.6,0.4,0.4,0.0,0.0,4,0,0,6,0,0.033905029296875,0.0,1.0,0.0,0.0,0.0,0.0,0.0,1.0,0.0,0.0,0.0,0.0,0.0,1.0,1.0,593,54,67,59.3,5.657836257007719,59.3,0.0033926010131835,10,0.9290628061776548,42.25
20.0,6,64.0,768.1594080802901,0.0,0.0,0.6,0.4,0.4,0.0,0.0,4,0,0,6,0,0.0130181312561035,0.0,1.0,0.0,0.0,0.0,0.0,0.0,1.0,0.0,0.0,0.0,0.0,0.0,1.0,1.0,600,54,64,60.0,5.163977794943222,60.0,0.0016401052474975,10,0.928861627994548,24.48979591836735
20.0,6,64.0,2686.7618986612006,0.0,0.0,0.5,0.5,0.5,0.0,0.0,5,0,0,5,0,0.0037219524383544,0.0,1.0,0.0,0.0,0.0,0.0,0.0,1.0,0.0,0.0,0.0,0.0,0.0,1.0,1.0,612,54,66,61.2,6.196773353931867,61.2,0.0003747940063476,10,0.9292823475934576,36.0
20.0,6,64.0,397.0637963515189,0.0,0.0,0.6,0.4,0.4,0.0,0.0,4,0,0,6,0,0.0251848697662353,0.0,1.0,0.0,0.0,0.0,0.0,0.0,1.0,0.0,0.0,0.0,0.0,0.0,1.0,1.0,1940,54,1406,194.0,425.8951357630968,194.0,0.0025215864181518,10,1.0,163248.0
20.0,6,64.0,372.9695794837138,0.0,0.0,0.9,0.1,0.1,0.0,0.0,1,0,0,9,0,0.0268118381500244,0.0,1.0,0.0,0.0,0.0,0.0,0.0,1.0,0.0,0.0,0.0,0.0,0.0,1.0,1.0,12708,54,1406,1270.8,427.5399396547649,1270.8,0.0029201030731201,10,1.0,406200.8888888889
20.0,6,64.0,21055.74297188755,0.0,0.0,0.9,0.1,0.1,0.0,0.0,1,0,0,9,0,0.0004749298095703,0.0,1.0,0.0,0.0,0.0,0.0,0.0,1.0,0.0,0.0,0.0,0.0,0.0,1.0,1.0,12708,54,1406,1270.8,427.5399396547649,1270.8,4.839897155761719e-05,10,1.0,406200.8888888889
20.0,6,64.0,269.95758484639794,0.0,0.0,0.6,0.4,0.4,0.0,0.0,4,0,0,6,0,0.0370428562164306,0.0,1.0,0.0,0.0,0.0,0.0,0.0,1.0,0.0,0.0,0.0,0.0,0.0,1.0,1.0,2007,54,1406,200.7,423.6534354083928,200.7,0.0037060022354125,10,1.0,441560.25
20.0,6,64.0,2917.1678953957435,0.0,0.0,0.5,0.5,0.5,0.0,0.0,5,0,0,5,0,0.0034279823303222,0.0,1.0,0.0,0.0,0.0,0.0,0.0,1.0,0.0,0.0,0.0,0.0,0.0,1.0,1.0,655,54,77,65.5,12.122064363978788,65.5,0.0012141942977905,10,0.9316960741393104,132.25
20.0,6,64.0,3050.6247727107425,0.0,0.0,0.6,0.4,0.4,0.0,0.0,4,0,0,6,0,0.0032780170440673,0.0,1.0,0.0,0.0,0.0,0.0,0.0,1.0,0.0,0.0,0.0,0.0,0.0,1.0,1.0,690,54,79,69.0,12.909944487358056,69.0,0.0004162073135375,10,0.9320170249863702,154.320987654321
20.0,6,64.0,432.0773026485222,0.0,0.0,0.8,0.2,0.2,0.0,0.0,2,0,0,8,0,0.0231440067291259,0.0,1.0,0.0,0.0,0.0,0.0,0.0,1.0,0.0,0.0,0.0,0.0,0.0,1.0,1.0,4164,54,935,416.4,446.4435263526869,416.4,0.0024601936340332,10,1.0,179380.63999999998
20.0,6,64.0,1008.561329261548,0.0,0.0,1.0,0.0,0.0,0.0,0.0,0,0,0,10,0,0.0099151134490966,0.0,1.0,0.0,0.0,0.0,0.0,0.0,1.0,0.0,0.0,0.0,0.0,0.0,1.0,1.0,9358,935,937,935.8,1.0327955589886446,935.8,0.0009946107864379,10,0.0,0.9600000000000002
20.0,6,64.0,224.50202593843505,0.0,0.0,1.0,0.0,0.0,0.0,0.0,0,0,0,10,0,0.0445430278778076,0.0,1.0,0.0,0.0,0.0,0.0,0.0,1.0,0.0,0.0,0.0,0.0,0.0,1.0,1.0,10518,937,1224,1051.8,148.2061627148705,1051.8,0.0044565916061401,10,0.0,19768.56
20.0,6,64.0,881.3599781462102,0.0,0.0,1.0,0.0,0.0,0.0,0.0,0,0,0,10,0,0.0113461017608642,0.0,1.0,0.0,0.0,0.0,0.0,0.0,1.0,0.0,0.0,0.0,0.0,0.0,1.0,1.0,12248,1224,1226,1224.8,1.0327955589886446,1224.8,0.0011360168457031,10,0.0,0.9600000000000002
20.0,6,64.0,275.61104467019754,0.0,0.0,0.8,0.2,0.2,0.0,0.0,2,0,0,8,0,0.0362830162048339,0.0,1.0,0.0,0.0,0.0,0.0,0.0,1.0,0.0,0.0,0.0,0.0,0.0,1.0,1.0,11082,54,1226,1108.2,370.4093231368058,1108.2,0.0036319971084594,10,1.0,135547.55555555556
20.0,6,64.0,827.8177117255808,0.0,0.0,0.6,0.4,0.4,0.0,0.0,4,0,0,6,0,0.0120799541473388,0.0,1.0,0.0,0.0,0.0,0.0,0.0,1.0,0.0,0.0,0.0,0.0,0.0,1.0,1.0,7560,54,1224,756.0,604.1854020083571,756.0,0.0012115955352783,10,1.0,342225.0
20.0,6,64.0,1372.7062673866797,0.0,0.0,0.6,0.4,0.4,0.0,0.0,4,0,0,6,0,0.0072848796844482,0.0,1.0,0.0,0.0,0.0,0.0,0.0,1.0,0.0,0.0,0.0,0.0,0.0,1.0,1.0,6398,54,1226,639.8,617.48770568058,639.8,0.0007299900054931,10,1.0,343161.96
20.0,6,64.0,2260.9584388981725,0.0,0.0,0.5,0.5,0.5,0.0,0.0,5,0,0,5,0,0.004422903060913,0.0,1.0,0.0,0.0,0.0,0.0,0.0,1.0,0.0,0.0,0.0,0.0,0.0,1.0,1.0,6400,54,1226,640.0,617.6982362862234,640.0,0.0004441976547241,10,1.0,343396.0
20.0,6,64.0,287.4228386601612,0.0,0.0,0.5,0.5,0.5,0.0,0.0,5,0,0,5,0,0.0347919464111328,0.0,1.0,0.0,0.0,0.0,0.0,0.0,1.0,0.0,0.0,0.0,0.0,0.0,1.0,1.0,1752,54,1226,175.2,369.24692129913393,175.2,0.0036787986755371,10,1.0,343396.0
20.0,6,64.0,581.9037445025597,0.0,0.0,0.5,0.5,0.5,0.0,0.0,5,0,0,5,0,0.0171849727630615,0.0,1.0,0.0,0.0,0.0,0.0,0.0,1.0,0.0,0.0,0.0,0.0,0.0,1.0,1.0,590,54,64,59.0,5.270462766947299,59.0,0.0021351099014282,10,0.9289050057127436,25.0
20.0,6,64.0,2743.526949241235,0.0,0.0,0.5,0.5,0.5,0.0,0.0,5,0,0,5,0,0.0036449432373046,0.0,1.0,0.0,0.0,0.0,0.0,0.0,1.0,0.0,0.0,0.0,0.0,0.0,1.0,1.0,598,54,66,59.8,6.142746399887703,59.8,0.000456690788269,10,0.9292603391734584,33.959999999999994
20.0,6,64.0,2431.3396324850733,0.0,0.0,0.5,0.5,0.5,0.0,0.0,5,0,0,5,0,0.004112958908081,0.0,1.0,0.0,0.0,0.0,0.0,0.0,1.0,0.0,0.0,0.0,0.0,0.0,1.0,1.0,600,54,66,60.0,6.324555320336759,60.0,0.0004646062850952,10,0.9293344008552924,36.0
20.0,6,64.0,497.7870613228261,0.0,0.0,0.9,0.1,0.1,0.0,0.0,1,0,0,9,0,0.0200889110565185,0.0,1.0,0.0,0.0,0.0,0.0,0.0,1.0,0.0,0.0,0.0,0.0,0.0,1.0,1.0,648,54,66,64.8,3.794733192202056,64.8,0.0021425008773803,10,0.9283038525131756,36.0
20.0,6,64.0,1407.6735132232511,0.0,0.0,1.0,0.0,0.0,0.0,0.0,0,0,0,10,0,0.0071039199829101,0.0,1.0,0.0,0.0,0.0,0.0,0.0,1.0,0.0,0.0,0.0,0.0,0.0,1.0,1.0,676,66,68,67.6,0.8432740427115678,67.6,0.0007144927978515,10,0.0,1.0
20.0,6,64.0,218.17379815444795,0.0,0.0,0.8,0.2,0.2,0.0,0.0,2,0,0,8,0,0.0458350181579589,0.0,1.0,0.0,0.0,0.0,0.0,0.0,1.0,0.0,0.0,0.0,0.0,0.0,1.0,1.0,628,54,68,62.8,4.9170903772228725,62.8,0.0046676158905029,10,0.9287610559360656,26.75
20.0,6,64.0,2790.9928134149586,0.0,0.0,0.5,0.5,0.5,0.0,0.0,5,0,0,5,0,0.0035829544067382,0.0,1.0,0.0,0.0,0.0,0.0,0.0,1.0,0.0,0.0,0.0,0.0,0.0,1.0,1.0,604,54,66,60.4,5.561774297230456,60.4,0.0003623962402343,10,0.9290236743777198,27.84
20.0,6,64.0,2029.1746492501209,0.0,0.0,0.7,0.3,0.3,0.0,0.0,3,0,0,7,0,0.0049281120300292,0.0,1.0,0.0,0.0,0.0,0.0,0.0,1.0,0.0,0.0,0.0,0.0,0.0,1.0,1.0,612,54,66,61.2,6.196773353931867,61.2,0.0004945039749145,10,0.9292823475934576,36.0
20.0,6,64.0,277.2012239853545,0.0,0.0,0.9,0.1,0.1,0.0,0.0,1,0,0,9,0,0.0360748767852783,0.0,1.0,0.0,0.0,0.0,0.0,0.0,1.0,0.0,0.0,0.0,0.0,0.0,1.0,1.0,634,54,66,63.4,3.40587727318528,63.4,0.0036902904510498,10,0.9281454481660047,36.0
20.0,6,64.0,533.5382188696526,0.0,0.0,1.0,0.0,0.0,0.0,0.0,0,0,0,10,0,0.0187427997589111,0.0,1.0,0.0,0.0,0.0,0.0,0.0,1.0,0.0,0.0,0.0,0.0,0.0,1.0,1.0,654,64,66,65.4,0.9660917830792958,65.4,0.0018765926361083,10,0.0,1.0
20.0,6,64.0,230.70217704586207,0.0,0.0,1.0,0.0,0.0,0.0,0.0,0,0,0,10,0,0.0433459281921386,0.0,1.0,0.0,0.0,0.0,0.0,0.0,1.0,0.0,0.0,0.0,0.0,0.0,1.0,1.0,646,64,66,64.6,0.9660917830792958,64.6,0.0043373107910156,10,0.0,1.0
20.0,6,64.0,43645.202913631634,0.0,0.0,1.0,0.0,0.0,0.0,0.0,0,0,0,10,0,0.0002291202545166,0.0,1.0,0.0,0.0,0.0,0.0,0.0,1.0,0.0,0.0,0.0,0.0,0.0,1.0,1.0,654,64,66,65.4,0.9660917830792958,65.4,2.7704238891601563e-05,10,0.0,1.0
20.0,6,64.0,179.588355434145,0.0,0.0,0.8,0.2,0.2,0.0,0.0,2,0,0,8,0,0.055682897567749,0.0,1.0,0.0,0.0,0.0,0.0,0.0,1.0,0.0,0.0,0.0,0.0,0.0,1.0,1.0,626,54,66,62.6,4.623610902506587,62.6,0.0055698871612548,10,0.9286415041372452,26.285714285714285
20.0,6,64.0,8952.62326574173,0.0,0.0,0.8,0.2,0.2,0.0,0.0,2,0,0,8,0,0.0011169910430908,0.0,1.0,0.0,0.0,0.0,0.0,0.0,1.0,0.0,0.0,0.0,0.0,0.0,1.0,1.0,626,54,66,62.6,4.623610902506587,62.6,0.0001156091690063,10,0.9286415041372452,19.24
20.0,6,64.0,2590.67572575664,0.0,0.0,0.6,0.4,0.4,0.0,0.0,4,0,0,6,0,0.0038599967956542,0.0,1.0,0.0,0.0,0.0,0.0,0.0,1.0,0.0,0.0,0.0,0.0,0.0,1.0,1.0,624,54,66,62.4,5.796550698475776,62.4,0.0003891944885253,10,0.9291193128925312,34.56
20.0,6,64.0,218.10686149606096,0.0,0.0,1.0,0.0,0.0,0.0,0.0,0,0,0,10,0,0.0458490848541259,0.0,1.0,0.0,0.0,0.0,0.0,0.0,1.0,0.0,0.0,0.0,0.0,0.0,1.0,1.0,603,54,61,60.3,2.213594362117865,60.3,0.0045871019363403,10,0.9276597597993524,12.25
20.0,6,64.0,74631.743772242,0.0,0.0,1.0,0.0,0.0,0.0,0.0,0,0,0,10,0,0.000133991241455,0.0,1.0,0.0,0.0,0.0,0.0,0.0,1.0,0.0,0.0,0.0,0.0,0.0,1.0,1.0,628,61,63,62.8,0.6324555320336757,62.8,1.4901161193847656e-05,10,0.0,1.0
20.0,6,64.0,210.5130444384216,0.0,0.0,0.5,0.5,0.5,0.0,0.0,5,0,0,5,0,0.0475029945373535,0.0,1.0,0.0,0.0,0.0,0.0,0.0,1.0,0.0,0.0,0.0,0.0,0.0,1.0,1.0,6399,54,1224,639.9,615.7013074535412,639.9,0.0047518014907836,10,1.0,341179.29
20.0,6,64.0,749.678987631372,0.0,0.0,0.6,0.4,0.4,0.0,0.0,4,0,0,6,0,0.0133390426635742,0.0,1.0,0.0,0.0,0.0,0.0,0.0,1.0,0.0,0.0,0.0,0.0,0.0,1.0,1.0,6390,54,1224,639.0,616.644143732834,639.0,0.0013358116149902,10,1.0,342225.0
20.0,6,64.0,10504.142248935636,0.0,0.0,0.6,0.4,0.4,0.0,0.0,4,0,0,6,0,0.0009520053863525,0.0,1.0,0.0,0.0,0.0,0.0,0.0,1.0,0.0,0.0,0.0,0.0,0.0,1.0,1.0,8744,54,1226,874.4,566.1297848844674,874.4,0.0002411842346191,10,1.0,305240.88888888893
20.0,6,64.0,291.42694357399444,0.0,0.0,0.5,0.5,0.5,0.0,0.0,5,0,0,5,0,0.0343139171600341,0.0,1.0,0.0,0.0,0.0,0.0,0.0,1.0,0.0,0.0,0.0,0.0,0.0,1.0,1.0,4076,54,1226,407.6,564.7637067344576,407.6,0.0034322023391723,10,1.0,343396.0
20.0,6,64.0,1207.8629229661626,0.0,0.0,0.5,0.5,0.5,0.0,0.0,5,0,0,5,0,0.0082790851593017,0.0,1.0,0.0,0.0,0.0,0.0,0.0,1.0,0.0,0.0,0.0,0.0,0.0,1.0,1.0,590,54,64,59.0,5.270462766947299,59.0,0.0008352041244506,10,0.9289050057127436,25.0
20.0,6,64.0,3455.514911847092,0.0,0.0,0.8,0.2,0.2,0.0,0.0,2,0,0,8,0,0.0028939247131347,0.0,1.0,0.0,0.0,0.0,0.0,0.0,1.0,0.0,0.0,0.0,0.0,0.0,1.0,1.0,618,54,66,61.8,5.452828012447608,61.8,0.0002914905548095,10,0.9289792940191508,26.76
20.0,6,64.0,1851.1360225968756,0.0,0.0,0.5,0.5,0.5,0.0,0.0,5,0,0,5,0,0.0054020881652832,0.0,1.0,0.0,0.0,0.0,0.0,0.0,1.0,0.0,0.0,0.0,0.0,0.0,1.0,1.0,600,54,66,60.0,6.324555320336759,60.0,0.0005428075790405,10,0.9293344008552924,36.0
20.0,6,64.0,337.3145467412984,0.0,0.0,0.9,0.1,0.1,0.0,0.0,1,0,0,9,0,0.0296459197998046,0.0,1.0,0.0,0.0,0.0,0.0,0.0,1.0,0.0,0.0,0.0,0.0,0.0,1.0,1.0,632,54,66,63.2,3.2930904093942592,63.2,0.0030767917633056,10,0.9280995033091708,36.0
20.0,6,64.0,1100.3473424628785,0.0,0.0,1.0,0.0,0.0,0.0,0.0,0,0,0,10,0,0.0090880393981933,0.0,1.0,0.0,0.0,0.0,0.0,0.0,1.0,0.0,0.0,0.0,0.0,0.0,1.0,1.0,656,64,66,65.6,0.8432740427115678,65.6,0.0009104013442993,10,0.0,1.0
20.0,6,64.0,187.37453427803044,0.0,0.0,1.0,0.0,0.0,0.0,0.0,0,0,0,10,0,0.0533690452575683,0.0,1.0,0.0,0.0,0.0,0.0,0.0,1.0,0.0,0.0,0.0,0.0,0.0,1.0,1.0,660,66,66,66.0,0.0,66.0,0.0053385019302368,10,0.0,0.0
20.0,6,64.0,75166.73835125448,0.0,0.0,1.0,0.0,0.0,0.0,0.0,0,0,0,10,0,0.0001330375671386,0.0,1.0,0.0,0.0,0.0,0.0,0.0,1.0,0.0,0.0,0.0,0.0,0.0,1.0,1.0,660,66,66,66.0,0.0,66.0,1.4805793762207032e-05,10,0.0,0.0
20.0,6,64.0,255.42162218121803,0.0,0.0,0.7,0.3,0.3,0.0,0.0,3,0,0,7,0,0.0391509532928466,0.0,1.0,0.0,0.0,0.0,0.0,0.0,1.0,0.0,0.0,0.0,0.0,0.0,1.0,1.0,3739,54,689,373.9,332.1734653928744,373.9,0.0039165019989013,10,1.0,99305.29
20.0,6,64.0,659.2433553903462,0.0,0.0,0.6,0.4,0.4,0.0,0.0,4,0,0,6,0,0.0151689052581787,0.0,1.0,0.0,0.0,0.0,0.0,0.0,1.0,0.0,0.0,0.0,0.0,0.0,1.0,1.0,4989,54,691,498.9,307.01120138812166,498.9,0.0015197992324829,10,1.0,100806.25
20.0,6,64.0,2818.3738744792367,0.0,0.0,0.6,0.4,0.4,0.0,0.0,4,0,0,6,0,0.0035481452941894,0.0,1.0,0.0,0.0,0.0,0.0,0.0,1.0,0.0,0.0,0.0,0.0,0.0,1.0,1.0,3725,54,691,372.5,335.7284782545429,372.5,0.0003587007522583,10,1.0,101442.25
20.0,6,64.0,321.82183687562343,0.0,0.0,0.8,0.2,0.2,0.0,0.0,2,0,0,8,0,0.0310730934143066,0.0,1.0,0.0,0.0,0.0,0.0,0.0,1.0,0.0,0.0,0.0,0.0,0.0,1.0,1.0,8301,54,1224,830.1,475.9195660333092,830.1,0.003213095664978,10,1.0,207344.2222222222
20.0,6,64.0,834.8701208224686,0.0,0.0,0.8,0.2,0.2,0.0,0.0,2,0,0,8,0,0.0119779109954833,0.0,1.0,0.0,0.0,0.0,0.0,0.0,1.0,0.0,0.0,0.0,0.0,0.0,1.0,1.0,9903,54,1225,990.3,493.4736399579347,990.3,0.0012943983078002,10,1.0,342225.0
20.0,6,64.0,324.855281807409,0.0,0.0,0.8,0.2,0.2,0.0,0.0,2,0,0,8,0,0.03078293800354,0.0,1.0,0.0,0.0,0.0,0.0,0.0,1.0,0.0,0.0,0.0,0.0,0.0,1.0,1.0,8749,54,1225,874.9,563.7240164004605,874.9,0.0030802011489868,10,1.0,286006.29
20.0,6,64.0,1283.3682149195276,0.0,0.0,0.5,0.5,0.5,0.0,0.0,5,0,0,5,0,0.0077919960021972,0.0,1.0,0.0,0.0,0.0,0.0,0.0,1.0,0.0,0.0,0.0,0.0,0.0,1.0,1.0,600,54,66,60.0,6.324555320336759,60.0,0.0017028093338012,10,0.9293344008552924,36.0
20.0,6,64.0,2338.613883468079,0.0,0.0,0.5,0.5,0.5,0.0,0.0,5,0,0,5,0,0.0042760372161865,0.0,1.0,0.0,0.0,0.0,0.0,0.0,1.0,0.0,0.0,0.0,0.0,0.0,1.0,1.0,600,54,66,60.0,6.324555320336759,60.0,0.0005089998245239,10,0.9293344008552924,36.0
20.0,6,64.0,3386.326497658647,0.0,0.0,0.5,0.5,0.5,0.0,0.0,5,0,0,5,0,0.0029530525207519,0.0,1.0,0.0,0.0,0.0,0.0,0.0,1.0,0.0,0.0,0.0,0.0,0.0,1.0,1.0,612,54,66,61.2,6.196773353931867,61.2,0.0003985881805419,10,0.9292823475934576,36.0
20.0,6,64.0,321.3139670282528,0.0,0.0,0.5,0.5,0.5,0.0,0.0,5,0,0,5,0,0.0311222076416015,0.0,1.0,0.0,0.0,0.0,0.0,0.0,1.0,0.0,0.0,0.0,0.0,0.0,1.0,1.0,596,54,66,59.6,5.94792213951879,59.6,0.0031159162521362,10,0.9291809755627544,36.0
20.0,6,64.0,1510.1548210556637,0.0,0.0,0.5,0.5,0.5,0.0,0.0,5,0,0,5,0,0.0066218376159667,0.0,1.0,0.0,0.0,0.0,0.0,0.0,1.0,0.0,0.0,0.0,0.0,0.0,1.0,1.0,590,54,64,59.0,5.270462766947299,59.0,0.000665283203125,10,0.9289050057127436,25.0
20.0,6,64.0,505.9962360662066,0.0,0.0,0.5,0.5,0.5,0.0,0.0,5,0,0,5,0,0.0197629928588867,0.0,1.0,0.0,0.0,0.0,0.0,0.0,1.0,0.0,0.0,0.0,0.0,0.0,1.0,1.0,594,54,66,59.4,5.738757124441959,59.4,0.0019793033599853,10,0.9290957701022128,29.64
20.0,6,64.0,1732.181382671182,0.0,0.0,0.5,0.5,0.5,0.0,0.0,5,0,0,5,0,0.0057730674743652,0.0,1.0,0.0,0.0,0.0,0.0,0.0,1.0,0.0,0.0,0.0,0.0,0.0,1.0,1.0,600,54,66,60.0,6.324555320336759,60.0,0.0005810022354125,10,0.9293344008552924,36.0
20.0,6,64.0,511.2199402766775,0.0,0.0,0.7,0.3,0.3,0.0,0.0,3,0,0,7,0,0.0195610523223876,0.0,1.0,0.0,0.0,0.0,0.0,0.0,1.0,0.0,0.0,0.0,0.0,0.0,1.0,1.0,606,54,66,60.6,5.738757124441959,60.6,0.0019597053527832,10,0.9290957701022128,36.0
20.0,6,64.0,832.6492366942608,0.0,0.0,1.0,0.0,0.0,0.0,0.0,0,0,0,10,0,0.012009859085083,0.0,1.0,0.0,0.0,0.0,0.0,0.0,1.0,0.0,0.0,0.0,0.0,0.0,1.0,1.0,646,64,66,64.6,0.966091783079296,64.6,0.0012039899826049,10,0.0,0.8400000000000001
20.0,6,64.0,208.8817617705356,0.0,0.0,0.9,0.1,0.1,0.0,0.0,1,0,0,9,0,0.0478739738464355,0.0,1.0,0.0,0.0,0.0,0.0,0.0,1.0,0.0,0.0,0.0,0.0,0.0,1.0,1.0,4134,66,1224,413.4,559.3671424029124,413.4,0.0047909975051879,10,1.0,281602.44
20.0,6,64.0,1410.8459753103032,0.0,0.0,0.6,0.4,0.4,0.0,0.0,4,0,0,6,0,0.0070879459381103,0.0,1.0,0.0,0.0,0.0,0.0,0.0,1.0,0.0,0.0,0.0,0.0,0.0,1.0,1.0,6390,54,1224,639.0,616.644143732834,639.0,0.0007146120071411,10,1.0,342225.0
20.0,6,64.0,2635.6063843156967,0.0,0.0,0.5,0.5,0.5,0.0,0.0,5,0,0,5,0,0.0037941932678222,0.0,1.0,0.0,0.0,0.0,0.0,0.0,1.0,0.0,0.0,0.0,0.0,0.0,1.0,1.0,6396,54,1226,639.6,617.2770312698613,639.6,0.0003823041915893,10,1.0,342927.84
20.0,6,64.0,2651.0991719866,0.0,0.0,0.5,0.5,0.5,0.0,0.0,5,0,0,5,0,0.0037720203399658,0.0,1.0,0.0,0.0,0.0,0.0,0.0,1.0,0.0,0.0,0.0,0.0,0.0,1.0,1.0,6400,54,1226,640.0,617.6982362862234,640.0,0.0005039930343627,10,1.0,343396.0
20.0,6,64.0,345.9619255006764,0.0,0.0,0.5,0.5,0.5,0.0,0.0,5,0,0,5,0,0.028904914855957,0.0,1.0,0.0,0.0,0.0,0.0,0.0,1.0,0.0,0.0,0.0,0.0,0.0,1.0,1.0,2914,54,1226,291.4,492.5985970115808,291.4,0.0029752969741821,10,1.0,343396.0
20.0,6,64.0,1090.3925544636822,0.0,0.0,0.5,0.5,0.5,0.0,0.0,5,0,0,5,0,0.0091710090637207,0.0,1.0,0.0,0.0,0.0,0.0,0.0,1.0,0.0,0.0,0.0,0.0,0.0,1.0,1.0,600,54,64,60.0,5.163977794943222,60.0,0.0011514902114868,10,0.928861627994548,25.0
20.0,6,64.0,842.6696668943625,0.0,0.0,0.6,0.4,0.4,0.0,0.0,4,0,0,6,0,0.0118670463562011,0.0,1.0,0.0,0.0,0.0,0.0,0.0,1.0,0.0,0.0,0.0,0.0,0.0,1.0,1.0,598,54,66,59.8,6.142746399887703,59.8,0.0011896133422851,10,0.9292603391734584,33.959999999999994
20.0,6,64.0,2164.466921250903,0.0,0.0,0.5,0.5,0.5,0.0,0.0,5,0,0,5,0,0.00462007522583,0.0,1.0,0.0,0.0,0.0,0.0,0.0,1.0,0.0,0.0,0.0,0.0,0.0,1.0,1.0,600,54,66,60.0,6.324555320336759,60.0,0.0004709959030151,10,0.9293344008552924,36.0
20.0,6,64.0,351.4053519663533,0.0,0.0,0.5,0.5,0.5,0.0,0.0,5,0,0,5,0,0.0284571647644042,0.0,1.0,0.0,0.0,0.0,0.0,0.0,1.0,0.0,0.0,0.0,0.0,0.0,1.0,1.0,600,54,66,60.0,6.324555320336759,60.0,0.0029555082321166,10,0.9293344008552924,36.0
20.0,6,64.0,2561.4070229007634,0.0,0.0,0.5,0.5,0.5,0.0,0.0,5,0,0,5,0,0.003904104232788,0.0,1.0,0.0,0.0,0.0,0.0,0.0,1.0,0.0,0.0,0.0,0.0,0.0,1.0,1.0,612,54,66,61.2,6.196773353931867,61.2,0.0010617971420288,10,0.9292823475934576,36.0
20.0,6,64.0,1687.441261667203,0.0,0.0,0.6,0.4,0.4,0.0,0.0,4,0,0,6,0,0.0059261322021484,0.0,1.0,0.0,0.0,0.0,0.0,0.0,1.0,0.0,0.0,0.0,0.0,0.0,1.0,1.0,624,54,68,62.4,7.229568912920511,62.4,0.0005954980850219,10,0.9297030671923672,49.0
20.0,6,64.0,360.1652140311708,0.0,0.0,0.7,0.3,0.3,0.0,0.0,3,0,0,7,0,0.0277650356292724,0.0,1.0,0.0,0.0,0.0,0.0,0.0,1.0,0.0,0.0,0.0,0.0,0.0,1.0,1.0,676,54,94,67.6,15.399855699179636,67.6,0.0027786970138549,10,0.9330313152176178,213.44
20.0,6,64.0,614.9374697611682,0.0,0.0,0.9,0.1,0.1,0.0,0.0,1,0,0,9,0,0.0162618160247802,0.0,1.0,0.0,0.0,0.0,0.0,0.0,1.0,0.0,0.0,0.0,0.0,0.0,1.0,1.0,902,54,96,90.2,12.734903917100349,90.2,0.0016280889511108,10,0.93194572045967,222.22222222222223
20.0,6,64.0,3496.7102959566487,0.0,0.0,0.7,0.3,0.3,0.0,0.0,3,0,0,7,0,0.0028598308563232,0.0,1.0,0.0,0.0,0.0,0.0,0.0,1.0,0.0,0.0,0.0,0.0,0.0,1.0,1.0,834,54,96,83.4,20.28792744466521,83.4,0.0002892017364501,10,0.9350225201238588,392.0
20.0,6,64.0,238.20851104914328,0.0,0.0,0.6,0.4,0.4,0.0,0.0,4,0,0,6,0,0.0419800281524658,0.0,1.0,0.0,0.0,0.0,0.0,0.0,1.0,0.0,0.0,0.0,0.0,0.0,1.0,1.0,2988,54,645,298.8,298.39973190336485,298.8,0.0043060064315795,10,1.0,81644.0
20.0,6,64.0,2944.611064307778,0.0,0.0,0.5,0.5,0.5,0.0,0.0,5,0,0,5,0,0.0033960342407226,0.0,1.0,0.0,0.0,0.0,0.0,0.0,1.0,0.0,0.0,0.0,0.0,0.0,1.0,1.0,3495,54,645,349.5,311.4843495265854,349.5,0.0007982015609741,10,1.0,87320.25
20.0,6,64.0,1554.7127288902068,0.0,0.0,0.5,0.5,0.5,0.0,0.0,5,0,0,5,0,0.0064320564270019,0.0,1.0,0.0,0.0,0.0,0.0,0.0,1.0,0.0,0.0,0.0,0.0,0.0,1.0,1.0,4096,54,647,409.6,306.0523557243833,409.6,0.0007488012313842,10,1.0,87320.25
20.0,6,64.0,1512.1693045390634,0.0,0.0,0.6,0.4,0.4,0.0,0.0,4,0,0,6,0,0.00661301612854,0.0,1.0,0.0,0.0,0.0,0.0,0.0,1.0,0.0,0.0,0.0,0.0,0.0,1.0,1.0,3505,54,647,350.5,312.53844207997486,350.5,0.0006654024124145,10,1.0,87912.25
20.0,6,64.0,909.590562109646,0.0,0.0,1.0,0.0,0.0,0.0,0.0,0,0,0,10,0,0.0109939575195312,0.0,1.0,0.0,0.0,0.0,0.0,0.0,1.0,0.0,0.0,0.0,0.0,0.0,1.0,1.0,640,64,64,64.0,0.0,64.0,0.0027247905731201,10,0.0,0.0
20.0,6,64.0,2178.632869312279,0.0,0.0,1.0,0.0,0.0,0.0,0.0,0,0,0,10,0,0.0045900344848632,0.0,1.0,0.0,0.0,0.0,0.0,0.0,1.0,0.0,0.0,0.0,0.0,0.0,1.0,1.0,660,66,66,66.0,0.0,66.0,0.000460410118103,10,0.0,0.0
20.0,6,64.0,579.3077539294495,0.0,0.0,0.5,0.5,0.5,0.0,0.0,5,0,0,5,0,0.0172619819641113,0.0,1.0,0.0,0.0,0.0,0.0,0.0,1.0,0.0,0.0,0.0,0.0,0.0,1.0,1.0,600,54,66,60.0,6.324555320336759,60.0,0.0053179025650024,10,0.9293344008552924,36.0
20.0,6,64.0,2781.553153392135,0.0,0.0,0.6,0.4,0.4,0.0,0.0,4,0,0,6,0,0.0035951137542724,0.0,1.0,0.0,0.0,0.0,0.0,0.0,1.0,0.0,0.0,0.0,0.0,0.0,1.0,1.0,614,54,68,61.4,6.397916327472042,61.4,0.0004585981369018,10,0.929364285195159,36.84
20.0,6,64.0,2857.93404197329,0.0,0.0,0.5,0.5,0.5,0.0,0.0,5,0,0,5,0,0.0034990310668945,0.0,1.0,0.0,0.0,0.0,0.0,0.0,1.0,0.0,0.0,0.0,0.0,0.0,1.0,1.0,610,54,68,61.0,7.378647873726218,61.0,0.0004096984863281,10,0.9297637959978412,49.0
20.0,6,64.0,380.79148773911226,0.0,0.0,0.5,0.5,0.5,0.0,0.0,5,0,0,5,0,0.0262610912322998,0.0,1.0,0.0,0.0,0.0,0.0,0.0,1.0,0.0,0.0,0.0,0.0,0.0,1.0,1.0,606,54,68,60.6,7.058485830702094,60.6,0.002746295928955,10,0.9296333747879948,49.0
20.0,6,64.0,595.9849948846197,0.0,0.0,0.5,0.5,0.5,0.0,0.0,5,0,0,5,0,0.0167789459228515,0.0,1.0,0.0,0.0,0.0,0.0,0.0,1.0,0.0,0.0,0.0,0.0,0.0,1.0,1.0,600,54,64,60.0,5.163977794943222,60.0,0.0016824960708618,10,0.928861627994548,25.0
20.0,6,64.0,597.2239783568276,0.0,0.0,0.5,0.5,0.5,0.0,0.0,5,0,0,5,0,0.0167441368103027,0.0,1.0,0.0,0.0,0.0,0.0,0.0,1.0,0.0,0.0,0.0,0.0,0.0,1.0,1.0,594,54,66,59.4,5.738757124441959,59.4,0.0016785144805908,10,0.9290957701022128,29.64
20.0,6,64.0,1566.909742976689,0.0,0.0,0.5,0.5,0.5,0.0,0.0,5,0,0,5,0,0.0063819885253906,0.0,1.0,0.0,0.0,0.0,0.0,0.0,1.0,0.0,0.0,0.0,0.0,0.0,1.0,1.0,600,54,66,60.0,6.324555320336759,60.0,0.0006424903869628,10,0.9293344008552924,36.0
20.0,6,64.0,918.273053682459,0.0,0.0,0.7,0.3,0.3,0.0,0.0,3,0,0,7,0,0.0108900070190429,0.0,1.0,0.0,0.0,0.0,0.0,0.0,1.0,0.0,0.0,0.0,0.0,0.0,1.0,1.0,1881,54,489,188.1,207.70676445412167,188.1,0.0010929107666015,10,1.0,38827.88999999999
20.0,6,64.0,368.1765433941064,0.0,0.0,1.0,0.0,0.0,0.0,0.0,0,0,0,10,0,0.0271608829498291,0.0,1.0,0.0,0.0,0.0,0.0,0.0,1.0,0.0,0.0,0.0,0.0,0.0,1.0,1.0,4896,489,491,489.6,0.966091783079296,489.6,0.0028896808624267,10,0.0,0.8400000000000001
20.0,6,64.0,375.319141320591,0.0,0.0,0.9,0.1,0.1,0.0,0.0,1,0,0,9,0,0.0266439914703369,0.0,1.0,0.0,0.0,0.0,0.0,0.0,1.0,0.0,0.0,0.0,0.0,0.0,1.0,1.0,5939,54,1224,593.9,358.9588184365072,593.9,0.002665901184082,10,1.0,115966.29
20.0,6,64.0,5390.443387739365,0.0,0.0,0.6,0.4,0.4,0.0,0.0,4,0,0,6,0,0.0018551349639892,0.0,1.0,0.0,0.0,0.0,0.0,0.0,1.0,0.0,0.0,0.0,0.0,0.0,1.0,1.0,8730,54,1224,873.0,565.163693101388,873.0,0.0003702163696289,10,1.0,304200.0
20.0,6,64.0,793.8946093276802,0.0,0.0,0.7,0.3,0.3,0.0,0.0,3,0,0,7,0,0.0125961303710937,0.0,1.0,0.0,0.0,0.0,0.0,0.0,1.0,0.0,0.0,0.0,0.0,0.0,1.0,1.0,7565,54,1225,756.5,604.6158100627024,756.5,0.0012603998184204,10,1.0,342615.22222222225
20.0,6,64.0,276.9998481036065,0.0,0.0,0.8,0.2,0.2,0.0,0.0,2,0,0,8,0,0.0361011028289794,0.0,1.0,0.0,0.0,0.0,0.0,0.0,1.0,0.0,0.0,0.0,0.0,0.0,1.0,1.0,6857,54,1225,685.7,571.2465997953753,685.7,0.0036128044128417,10,1.0,304720.22222222225
20.0,6,64.0,597.7687198928256,0.0,0.0,0.9,0.1,0.1,0.0,0.0,1,0,0,9,0,0.0167288780212402,0.0,1.0,0.0,0.0,0.0,0.0,0.0,1.0,0.0,0.0,0.0,0.0,0.0,1.0,1.0,1930,54,210,193.0,48.84669896727925,193.0,0.0016749858856201,10,0.9466562212913108,3794.56
20.0,6,64.0,346.8258719632196,0.0,0.0,0.8,0.2,0.2,0.0,0.0,2,0,0,8,0,0.0288329124450683,0.0,1.0,0.0,0.0,0.0,0.0,0.0,1.0,0.0,0.0,0.0,0.0,0.0,1.0,1.0,2095,54,361,209.5,72.36827113222111,209.5,0.0028841972351074,10,0.9562379689284216,6084.0
20.0,6,64.0,762.8920133141745,0.0,0.0,0.7,0.3,0.3,0.0,0.0,3,0,0,7,0,0.0131080150604248,0.0,1.0,0.0,0.0,0.0,0.0,0.0,1.0,0.0,0.0,0.0,0.0,0.0,1.0,1.0,2382,54,361,238.2,158.53411830475693,238.2,0.0013175010681152,10,0.9913384884326258,23562.25
20.0,6,64.0,1972.76891961808,0.0,0.0,0.8,0.2,0.2,0.0,0.0,2,0,0,8,0,0.0050690174102783,0.0,1.0,0.0,0.0,0.0,0.0,0.0,1.0,0.0,0.0,0.0,0.0,0.0,1.0,1.0,3006,54,363,300.6,129.97281767097817,300.6,0.0011341094970703,10,0.9797037570064496,17787.75
20.0,6,64.0,297.2933663162819,0.0,0.0,0.7,0.3,0.3,0.0,0.0,3,0,0,7,0,0.0336368083953857,0.0,1.0,0.0,0.0,0.0,0.0,0.0,1.0,0.0,0.0,0.0,0.0,0.0,1.0,1.0,2103,54,363,210.3,160.97484275500938,210.3,0.003365683555603,10,0.9923327419446806,23321.61
20.0,6,64.0,979.519850537132,0.0,0.0,0.8,0.2,0.2,0.0,0.0,2,0,0,8,0,0.0102090835571289,0.0,1.0,0.0,0.0,0.0,0.0,0.0,1.0,0.0,0.0,0.0,0.0,0.0,1.0,1.0,582,54,60,58.2,2.898275349237888,58.2,0.0010224103927612,10,0.9279386714462656,9.0
20.0,6,64.0,722.8567489314767,0.0,0.0,0.6,0.4,0.4,0.0,0.0,4,0,0,6,0,0.013833999633789,0.0,1.0,0.0,0.0,0.0,0.0,0.0,1.0,0.0,0.0,0.0,0.0,0.0,1.0,1.0,596,54,62,59.6,3.864367132317184,59.6,0.0013888120651245,10,0.9283322185950208,16.0
20.0,6,64.0,357.6042084082906,0.0,0.0,0.8,0.2,0.2,0.0,0.0,2,0,0,8,0,0.0279638767242431,0.0,1.0,0.0,0.0,0.0,0.0,0.0,1.0,0.0,0.0,0.0,0.0,0.0,1.0,1.0,612,54,66,61.2,5.266244708835067,61.2,0.0027991771697998,10,0.928903287444591,24.96
20.0,6,64.0,677.3199838514332,0.0,0.0,1.0,0.0,0.0,0.0,0.0,0,0,0,10,0,0.0147640705108642,0.0,1.0,0.0,0.0,0.0,0.0,0.0,1.0,0.0,0.0,0.0,0.0,0.0,1.0,1.0,668,66,68,66.8,1.0327955589886444,66.8,0.0015916109085083,10,0.9067291895989096,0.96
20.0,6,64.0,254.6864620335793,0.0,0.0,1.0,0.0,0.0,0.0,0.0,0,0,0,10,0,0.0392639636993408,0.0,1.0,0.0,0.0,0.0,0.0,0.0,1.0,0.0,0.0,0.0,0.0,0.0,1.0,1.0,672,66,68,67.2,1.0327955589886444,67.2,0.0039285898208618,10,0.9067291895989096,0.96
20.0,6,64.0,822.7190521959161,0.0,0.0,1.0,0.0,0.0,0.0,0.0,0,0,0,10,0,0.0121548175811767,0.0,1.0,0.0,0.0,0.0,0.0,0.0,1.0,0.0,0.0,0.0,0.0,0.0,1.0,1.0,668,66,68,66.8,1.0327955589886444,66.8,0.0012171030044555,10,0.9067291895989096,0.96
20.0,6,64.0,280.34730066639486,0.0,0.0,0.8,0.2,0.2,0.0,0.0,2,0,0,8,0,0.0356700420379638,0.0,1.0,0.0,0.0,0.0,0.0,0.0,1.0,0.0,0.0,0.0,0.0,0.0,1.0,1.0,648,54,68,64.8,5.750362307426086,64.8,0.0035688161849975,10,0.9291004975895532,29.76
20.0,6,64.0,1403.481345156433,0.0,0.0,0.6,0.4,0.4,0.0,0.0,4,0,0,6,0,0.0071251392364501,0.0,1.0,0.0,0.0,0.0,0.0,0.0,1.0,0.0,0.0,0.0,0.0,0.0,1.0,1.0,612,54,66,61.2,6.196773353931867,61.2,0.0010066986083984,10,0.9292823475934576,35.26530612244898
20.0,6,64.0,664.8022697373635,0.0,0.0,0.7,0.3,0.3,0.0,0.0,3,0,0,7,0,0.0150420665740966,0.0,1.0,0.0,0.0,0.0,0.0,0.0,1.0,0.0,0.0,0.0,0.0,0.0,1.0,1.0,634,54,68,63.4,6.535373831014651,63.4,0.0015065908432006,10,0.9294202798838022,40.09876543209876
20.0,6,64.0,3068.4790401638743,0.0,0.0,0.5,0.5,0.5,0.0,0.0,5,0,0,5,0,0.0032589435577392,0.0,1.0,0.0,0.0,0.0,0.0,0.0,1.0,0.0,0.0,0.0,0.0,0.0,1.0,1.0,610,54,68,61.0,7.378647873726218,61.0,0.0007118940353393,10,0.9297637959978412,49.0
20.0,6,64.0,471.07956332270095,0.0,0.0,0.8,0.2,0.2,0.0,0.0,2,0,0,8,0,0.0212278366088867,0.0,1.0,0.0,0.0,0.0,0.0,0.0,1.0,0.0,0.0,0.0,0.0,0.0,1.0,1.0,652,54,68,65.2,5.902918298980975,65.2,0.0036756992340087,10,0.9291626427982728,33.87654320987654
20.0,6,64.0,2215.808547730994,0.0,0.0,0.7,0.3,0.3,0.0,0.0,3,0,0,7,0,0.0045130252838134,0.0,1.0,0.0,0.0,0.0,0.0,0.0,1.0,0.0,0.0,0.0,0.0,0.0,1.0,1.0,648,54,70,64.8,7.495183638696105,64.8,0.0005725145339965,10,0.9298112680070592,54.75
20.0,6,64.0,355.088384693532,0.0,0.0,0.7,0.3,0.3,0.0,0.0,3,0,0,7,0,0.0281620025634765,0.0,1.0,0.0,0.0,0.0,0.0,0.0,1.0,0.0,0.0,0.0,0.0,0.0,1.0,1.0,4130,54,1224,413.0,559.6794717613923,413.0,0.0028242826461791,10,1.0,281917.0
20.0,6,64.0,632.5487120709416,0.0,0.0,0.5,0.5,0.5,0.0,0.0,5,0,0,5,0,0.0158090591430664,0.0,1.0,0.0,0.0,0.0,0.0,0.0,1.0,0.0,0.0,0.0,0.0,0.0,1.0,1.0,6390,54,1224,639.0,616.644143732834,639.0,0.0015863180160522,10,1.0,342225.0
20.0,6,64.0,3457.7938994229185,0.0,0.0,0.6,0.4,0.4,0.0,0.0,4,0,0,6,0,0.0028920173645019,0.0,1.0,0.0,0.0,0.0,0.0,0.0,1.0,0.0,0.0,0.0,0.0,0.0,1.0,1.0,6396,54,1226,639.6,617.2770312698614,639.6,0.0002923011779785,10,1.0,342927.84
20.0,6,64.0,2952.487681261439,0.0,0.0,0.5,0.5,0.5,0.0,0.0,5,0,0,5,0,0.0033869743347167,0.0,1.0,0.0,0.0,0.0,0.0,0.0,1.0,0.0,0.0,0.0,0.0,0.0,1.0,1.0,7572,54,1226,757.2,605.2181975673457,757.2,0.0003407955169677,10,1.0,343396.0
20.0,6,64.0,218.43513040579955,0.0,0.0,0.6,0.4,0.4,0.0,0.0,4,0,0,6,0,0.0457801818847656,0.0,1.0,0.0,0.0,0.0,0.0,0.0,1.0,0.0,0.0,0.0,0.0,0.0,1.0,1.0,1760,54,1226,176.0,368.9805776279649,176.0,0.0045813083648681,10,1.0,343396.0
20.0,6,64.0,5246.8151113335,0.0,0.0,0.7,0.3,0.3,0.0,0.0,3,0,0,7,0,0.0019059181213378,0.0,1.0,0.0,0.0,0.0,0.0,0.0,1.0,0.0,0.0,0.0,0.0,0.0,1.0,1.0,626,54,68,62.6,5.966573556070519,62.6,0.0002854824066162,10,0.9291885734038008,32.04
20.0,6,64.0,1817.9195561719837,0.0,0.0,0.7,0.3,0.3,0.0,0.0,3,0,0,7,0,0.0055007934570312,0.0,1.0,0.0,0.0,0.0,0.0,0.0,1.0,0.0,0.0,0.0,0.0,0.0,1.0,1.0,652,54,68,65.2,5.902918298980975,65.2,0.0006382942199707,10,0.9291626427982728,49.0
20.0,6,64.0,265.309473657577,0.0,0.0,1.0,0.0,0.0,0.0,0.0,0,0,0,10,0,0.0376918315887451,0.0,1.0,0.0,0.0,0.0,0.0,0.0,1.0,0.0,0.0,0.0,0.0,0.0,1.0,1.0,634,54,68,63.4,3.5339622081862854,63.4,0.0037718057632446,10,0.9281976248451268,49.0
20.0,6,64.0,1366.6679700228087,0.0,0.0,1.0,0.0,0.0,0.0,0.0,0,0,0,10,0,0.0073170661926269,0.0,1.0,0.0,0.0,0.0,0.0,0.0,1.0,0.0,0.0,0.0,0.0,0.0,1.0,1.0,656,64,66,65.6,0.8432740427115678,65.6,0.0008268117904663,10,0.0,1.0
20.0,6,64.0,254.64780523344055,0.0,0.0,1.0,0.0,0.0,0.0,0.0,0,0,0,10,0,0.0392699241638183,0.0,1.0,0.0,0.0,0.0,0.0,0.0,1.0,0.0,0.0,0.0,0.0,0.0,1.0,1.0,660,66,66,66.0,0.0,66.0,0.0040066957473754,10,0.0,0.0
20.0,6,64.0,3612.664944013781,0.0,0.0,1.0,0.0,0.0,0.0,0.0,0,0,0,10,0,0.0027680397033691,0.0,1.0,0.0,0.0,0.0,0.0,0.0,1.0,0.0,0.0,0.0,0.0,0.0,1.0,1.0,676,66,68,67.6,0.8432740427115678,67.6,0.0004707098007202,10,0.0,1.0
20.0,6,64.0,204.4027719568417,0.0,0.0,1.0,0.0,0.0,0.0,0.0,0,0,0,10,0,0.0489230155944824,0.0,1.0,0.0,0.0,0.0,0.0,0.0,1.0,0.0,0.0,0.0,0.0,0.0,1.0,1.0,664,66,68,66.4,0.8432740427115678,66.4,0.0049656867980957,10,0.0,1.0
20.0,6,64.0,79437.57575757576,0.0,0.0,1.0,0.0,0.0,0.0,0.0,0,0,0,10,0,0.0001258850097656,0.0,1.0,0.0,0.0,0.0,0.0,0.0,1.0,0.0,0.0,0.0,0.0,0.0,1.0,1.0,676,66,68,67.6,0.8432740427115678,67.6,3.1900405883789065e-05,10,0.0,1.0
20.0,6,64.0,200.0001907350452,0.0,0.0,1.0,0.0,0.0,0.0,0.0,0,0,0,10,0,0.0499999523162841,0.0,1.0,0.0,0.0,0.0,0.0,0.0,1.0,0.0,0.0,0.0,0.0,0.0,1.0,1.0,11384,68,1406,1138.4,564.1503345740388,1138.4,0.0050013065338134,10,1.0,447561.0
20.0,6,64.0,72440.48359240069,0.0,0.0,1.0,0.0,0.0,0.0,0.0,0,0,0,10,0,0.0001380443572998,0.0,1.0,0.0,0.0,0.0,0.0,0.0,1.0,0.0,0.0,0.0,0.0,0.0,1.0,1.0,14060,1406,1406,1406.0,0.0,1406.0,1.5306472778320313e-05,10,0.0,0.0
20.0,6,64.0,221.56212692677465,0.0,0.0,1.0,0.0,0.0,0.0,0.0,0,0,0,10,0,0.0451340675354003,0.0,1.0,0.0,0.0,0.0,0.0,0.0,1.0,0.0,0.0,0.0,0.0,0.0,1.0,1.0,3324,64,1406,332.4,565.836882659462,332.4,0.0045148849487304,10,1.0,450241.0
20.0,6,64.0,1132.1269704167566,0.0,0.0,1.0,0.0,0.0,0.0,0.0,0,0,0,10,0,0.0088329315185546,0.0,1.0,0.0,0.0,0.0,0.0,0.0,1.0,0.0,0.0,0.0,0.0,0.0,1.0,1.0,656,64,66,65.6,0.8432740427115678,65.6,0.0008847951889038,10,0.0,1.0
20.0,6,64.0,179.51687182208832,0.0,0.0,1.0,0.0,0.0,0.0,0.0,0,0,0,10,0,0.0557050704956054,0.0,1.0,0.0,0.0,0.0,0.0,0.0,1.0,0.0,0.0,0.0,0.0,0.0,1.0,1.0,2892,66,345,289.2,117.6367289582637,289.2,0.0055749177932739,10,0.9542289679084384,19460.25
20.0,6,64.0,74104.3109540636,0.0,0.0,1.0,0.0,0.0,0.0,0.0,0,0,0,10,0,0.0001349449157714,0.0,1.0,0.0,0.0,0.0,0.0,0.0,1.0,0.0,0.0,0.0,0.0,0.0,1.0,1.0,3466,345,347,346.6,0.8432740427115677,346.6,1.5091896057128906e-05,10,0.0,1.0
20.0,6,64.0,244.971497990842,0.0,0.0,0.6,0.4,0.4,0.0,0.0,4,0,0,6,0,0.0408210754394531,0.0,1.0,0.0,0.0,0.0,0.0,0.0,1.0,0.0,0.0,0.0,0.0,0.0,1.0,1.0,6466,54,1389,646.6,648.8323186908755,646.6,0.0040836095809936,10,1.0,378885.04
20.0,6,64.0,1200.7741196679071,0.0,0.0,0.6,0.4,0.4,0.0,0.0,4,0,0,6,0,0.0083279609680175,0.0,1.0,0.0,0.0,0.0,0.0,0.0,1.0,0.0,0.0,0.0,0.0,0.0,1.0,1.0,8550,54,1389,855.0,689.3910356249202,855.0,0.0019159793853759,10,1.0,427734.0
20.0,6,64.0,2066.9741770155724,0.0,0.0,0.5,0.5,0.5,0.0,0.0,5,0,0,5,0,0.0048379898071289,0.0,1.0,0.0,0.0,0.0,0.0,0.0,1.0,0.0,0.0,0.0,0.0,0.0,1.0,1.0,7225,54,1391,722.5,704.6608719408539,722.5,0.0005937099456787,10,1.0,446892.25
20.0,6,64.0,543.683923988282,0.0,0.0,0.5,0.5,0.5,0.0,0.0,5,0,0,5,0,0.0183930397033691,0.0,1.0,0.0,0.0,0.0,0.0,0.0,1.0,0.0,0.0,0.0,0.0,0.0,1.0,1.0,7235,54,1391,723.5,703.6130960186066,723.5,0.0019433975219726,10,1.0,446892.25
20.0,6,64.0,853.5938294971203,0.0,0.0,0.6,0.4,0.4,0.0,0.0,4,0,0,6,0,0.0117151737213134,0.0,1.0,0.0,0.0,0.0,0.0,0.0,1.0,0.0,0.0,0.0,0.0,0.0,1.0,1.0,590,54,64,59.0,5.270462766947299,59.0,0.0011752128601074,10,0.9289050057127436,25.0
20.0,6,64.0,1002.5106362636838,0.0,0.0,0.6,0.4,0.4,0.0,0.0,4,0,0,6,0,0.0099749565124511,0.0,1.0,0.0,0.0,0.0,0.0,0.0,1.0,0.0,0.0,0.0,0.0,0.0,1.0,1.0,616,54,66,61.6,5.316640543300503,61.6,0.001361083984375,10,0.9289238166917188,25.876543209876544
20.0,6,64.0,1568.081351876776,0.0,0.0,0.5,0.5,0.5,0.0,0.0,5,0,0,5,0,0.0063772201538085,0.0,1.0,0.0,0.0,0.0,0.0,0.0,1.0,0.0,0.0,0.0,0.0,0.0,1.0,1.0,600,54,66,60.0,6.324555320336759,60.0,0.0006399154663085,10,0.9293344008552924,36.0
20.0,6,64.0,365.3224865213264,0.0,0.0,0.6,0.4,0.4,0.0,0.0,4,0,0,6,0,0.0273730754852294,0.0,1.0,0.0,0.0,0.0,0.0,0.0,1.0,0.0,0.0,0.0,0.0,0.0,1.0,1.0,612,54,66,61.2,6.196773353931867,61.2,0.0027402877807617,10,0.9292823475934576,36.0
20.0,6,64.0,1164.5668591737003,0.0,0.0,0.5,0.5,0.5,0.0,0.0,5,0,0,5,0,0.0085868835449218,0.0,1.0,0.0,0.0,0.0,0.0,0.0,1.0,0.0,0.0,0.0,0.0,0.0,1.0,1.0,600,54,66,60.0,6.324555320336759,60.0,0.0008610010147094,10,0.9293344008552924,36.0
20.0,6,64.0,680.7277448673212,0.0,0.0,0.5,0.5,0.5,0.0,0.0,5,0,0,5,0,0.0146901607513427,0.0,1.0,0.0,0.0,0.0,0.0,0.0,1.0,0.0,0.0,0.0,0.0,0.0,1.0,1.0,608,54,68,60.8,7.192588778272627,60.8,0.0014727115631103,10,0.9296880029647172,46.56
20.0,6,64.0,3286.2994593747558,0.0,0.0,0.6,0.4,0.4,0.0,0.0,4,0,0,6,0,0.0030429363250732,0.0,1.0,0.0,0.0,0.0,0.0,0.0,1.0,0.0,0.0,0.0,0.0,0.0,1.0,1.0,610,54,68,61.0,7.378647873726218,61.0,0.0003078937530517,10,0.9297637959978412,49.0
20.0,6,64.0,262.56410256410254,0.0,0.0,0.9,0.1,0.1,0.0,0.0,1,0,0,9,0,0.0380859375,0.0,1.0,0.0,0.0,0.0,0.0,0.0,1.0,0.0,0.0,0.0,0.0,0.0,1.0,1.0,650,54,68,65.0,3.915780041490244,65.0,0.0038991928100585,10,0.9283531621577016,49.0
20.0,6,64.0,56223.91420911528,0.0,0.0,1.0,0.0,0.0,0.0,0.0,0,0,0,10,0,0.0001778602600097,0.0,1.0,0.0,0.0,0.0,0.0,0.0,1.0,0.0,0.0,0.0,0.0,0.0,1.0,1.0,676,66,68,67.6,0.8432740427115678,67.6,1.969337463378906e-05,10,0.0,1.0
20.0,6,64.0,209.42410050030455,0.0,0.0,1.0,0.0,0.0,0.0,0.0,0,0,0,10,0,0.0477499961853027,0.0,1.0,0.0,0.0,0.0,0.0,0.0,1.0,0.0,0.0,0.0,0.0,0.0,1.0,1.0,664,66,68,66.4,0.8432740427115678,66.4,0.0047770977020263,10,0.0,1.0
20.0,6,64.0,74631.743772242,0.0,0.0,1.0,0.0,0.0,0.0,0.0,0,0,0,10,0,0.000133991241455,0.0,1.0,0.0,0.0,0.0,0.0,0.0,1.0,0.0,0.0,0.0,0.0,0.0,1.0,1.0,676,66,68,67.6,0.8432740427115678,67.6,1.4901161193847656e-05,10,0.0,1.0
20.0,6,64.0,200.21977707234407,0.0,0.0,0.6,0.4,0.4,0.0,0.0,4,0,0,6,0,0.0499451160430908,0.0,1.0,0.0,0.0,0.0,0.0,0.0,1.0,0.0,0.0,0.0,0.0,0.0,1.0,1.0,608,54,68,60.8,6.051629716218782,60.8,0.0049959182739257,10,0.9292232218811988,34.666666666666664
20.0,6,64.0,2772.360367506114,0.0,0.0,0.5,0.5,0.5,0.0,0.0,5,0,0,5,0,0.0036070346832275,0.0,1.0,0.0,0.0,0.0,0.0,0.0,1.0,0.0,0.0,0.0,0.0,0.0,1.0,1.0,590,54,64,59.0,5.270462766947299,59.0,0.0004848957061767,10,0.9289050057127436,25.0
20.0,6,64.0,1522.4886565755562,0.0,0.0,0.5,0.5,0.5,0.0,0.0,5,0,0,5,0,0.0065681934356689,0.0,1.0,0.0,0.0,0.0,0.0,0.0,1.0,0.0,0.0,0.0,0.0,0.0,1.0,1.0,598,54,66,59.8,6.142746399887703,59.8,0.0007260084152221,10,0.9292603391734584,33.959999999999994
20.0,6,64.0,2262.4219213549814,0.0,0.0,0.5,0.5,0.5,0.0,0.0,5,0,0,5,0,0.0044200420379638,0.0,1.0,0.0,0.0,0.0,0.0,0.0,1.0,0.0,0.0,0.0,0.0,0.0,1.0,1.0,600,54,66,60.0,6.324555320336759,60.0,0.0004953861236572,10,0.9293344008552924,36.0
20.0,6,64.0,393.6391620992567,0.0,0.0,0.5,0.5,0.5,0.0,0.0,5,0,0,5,0,0.0254039764404296,0.0,1.0,0.0,0.0,0.0,0.0,0.0,1.0,0.0,0.0,0.0,0.0,0.0,1.0,1.0,560,54,66,56.0,3.651483716701108,56.0,0.0026432991027832,10,0.9282454984068352,36.0
20.0,6,64.0,891.4188557340815,0.0,0.0,0.6,0.4,0.4,0.0,0.0,4,0,0,6,0,0.0112180709838867,0.0,1.0,0.0,0.0,0.0,0.0,0.0,1.0,0.0,0.0,0.0,0.0,0.0,1.0,1.0,552,54,56,55.2,1.0327955589886444,55.2,0.0015468120574951,10,0.9271787495989096,1.0
20.0,6,64.0,1019.693190382418,0.0,0.0,0.5,0.5,0.5,0.0,0.0,5,0,0,5,0,0.0098068714141845,0.0,1.0,0.0,0.0,0.0,0.0,0.0,1.0,0.0,0.0,0.0,0.0,0.0,1.0,1.0,564,54,58,56.4,2.065591117977289,56.4,0.0009842872619628,10,0.9275994691978192,4.0
20.0,6,64.0,452.36726021635263,0.0,0.0,0.7,0.3,0.3,0.0,0.0,3,0,0,7,0,0.0221059322357177,0.0,1.0,0.0,0.0,0.0,0.0,0.0,1.0,0.0,0.0,0.0,0.0,0.0,1.0,1.0,576,54,64,57.6,3.864367132317183,57.6,0.0022120952606201,10,0.9283322185950208,13.44
20.0,6,64.0,1295.8581271047672,0.0,0.0,1.0,0.0,0.0,0.0,0.0,0,0,0,10,0,0.0077168941497802,0.0,1.0,0.0,0.0,0.0,0.0,0.0,1.0,0.0,0.0,0.0,0.0,0.0,1.0,1.0,644,64,66,64.4,0.8432740427115678,64.4,0.0015882968902587,10,0.0,0.64
20.0,6,64.0,251.5716993354286,0.0,0.0,1.0,0.0,0.0,0.0,0.0,0,0,0,10,0,0.0397500991821289,0.0,1.0,0.0,0.0,0.0,0.0,0.0,1.0,0.0,0.0,0.0,0.0,0.0,1.0,1.0,946,66,209,94.6,60.294094053877096,94.6,0.0039769172668457,10,0.9308698721537874,3271.84
20.0,6,64.0,603.3927954885487,0.0,0.0,1.0,0.0,0.0,0.0,0.0,0,0,0,10,0,0.0165729522705078,0.0,1.0,0.0,0.0,0.0,0.0,0.0,1.0,0.0,0.0,0.0,0.0,0.0,1.0,1.0,2094,209,211,209.4,0.8432740427115678,209.4,0.0016629934310913,10,0.0,0.64
20.0,6,64.0,348.5667747029004,0.0,0.0,0.9,0.1,0.1,0.0,0.0,1,0,0,9,0,0.028688907623291,0.0,1.0,0.0,0.0,0.0,0.0,0.0,1.0,0.0,0.0,0.0,0.0,0.0,1.0,1.0,1849,54,211,184.9,56.423891708704,184.9,0.0028743028640747,10,0.9497428665264576,2865.29
20.0,6,64.0,624.7659904072452,0.0,0.0,0.6,0.4,0.4,0.0,0.0,4,0,0,6,0,0.0160059928894042,0.0,1.0,0.0,0.0,0.0,0.0,0.0,1.0,0.0,0.0,0.0,0.0,0.0,1.0,1.0,858,54,107,85.8,27.36908231319908,85.8,0.0020124912261962,10,0.9379070993711048,702.25
20.0,6,64.0,2124.9893606241767,0.0,0.0,0.5,0.5,0.5,0.0,0.0,5,0,0,5,0,0.0047059059143066,0.0,1.0,0.0,0.0,0.0,0.0,0.0,1.0,0.0,0.0,0.0,0.0,0.0,1.0,1.0,809,54,109,80.9,28.364492670316608,80.9,0.0004728078842163,10,0.9383125897341802,724.09
20.0,6,64.0,3473.543685300207,0.0,0.0,0.6,0.4,0.4,0.0,0.0,4,0,0,6,0,0.0028789043426513,0.0,1.0,0.0,0.0,0.0,0.0,0.0,1.0,0.0,0.0,0.0,0.0,0.0,1.0,1.0,925,54,109,92.5,26.56752403468064,92.5,0.000386095046997,10,0.9375805765907675,726.0
20.0,6,64.0,300.41714416685767,0.0,0.0,0.5,0.5,0.5,0.0,0.0,5,0,0,5,0,0.0332870483398437,0.0,1.0,0.0,0.0,0.0,0.0,0.0,1.0,0.0,0.0,0.0,0.0,0.0,1.0,1.0,647,54,109,64.7,16.852629204700115,64.7,0.0033295154571533,10,0.9336231170328266,756.25
20.0,6,64.0,461.76501673419057,0.0,0.0,0.5,0.5,0.5,0.0,0.0,5,0,0,5,0,0.0216560363769531,0.0,1.0,0.0,0.0,0.0,0.0,0.0,1.0,0.0,0.0,0.0,0.0,0.0,1.0,1.0,605,54,67,60.5,6.851601597031489,60.5,0.0021674871444702,10,0.9295490984265669,42.25
20.0,6,64.0,2866.13639469728,0.0,0.0,0.6,0.4,0.4,0.0,0.0,4,0,0,6,0,0.0034890174865722,0.0,1.0,0.0,0.0,0.0,0.0,0.0,1.0,0.0,0.0,0.0,0.0,0.0,1.0,1.0,613,54,69,61.3,7.717944458640957,61.3,0.0003521919250488,10,0.929902011854672,53.61
20.0,6,64.0,2351.858248289784,0.0,0.0,0.5,0.5,0.5,0.0,0.0,5,0,0,5,0,0.0042519569396972,0.0,1.0,0.0,0.0,0.0,0.0,0.0,1.0,0.0,0.0,0.0,0.0,0.0,1.0,1.0,615,54,69,61.5,7.905694150420948,61.5,0.0005068063735961,10,0.9299784935691154,56.25
20.0,6,64.0,569.9247221240862,0.0,0.0,0.7,0.3,0.3,0.0,0.0,3,0,0,7,0,0.0175461769104003,0.0,1.0,0.0,0.0,0.0,0.0,0.0,1.0,0.0,0.0,0.0,0.0,0.0,1.0,1.0,627,54,69,62.7,6.074537019394977,62.7,0.0019138097763061,10,0.9292325534002208,42.0
20.0,6,64.0,9181.926444833623,0.0,0.0,0.7,0.3,0.3,0.0,0.0,3,0,0,7,0,0.0010890960693359,0.0,1.0,0.0,0.0,0.0,0.0,0.0,1.0,0.0,0.0,0.0,0.0,0.0,1.0,1.0,630,54,68,63.0,6.27162924074226,63.0,0.0011616945266723,10,0.9293128408875088,36.0
20.0,6,64.0,2057.645211930926,0.0,0.0,0.6,0.4,0.4,0.0,0.0,4,0,0,6,0,0.0048599243164062,0.0,1.0,0.0,0.0,0.0,0.0,0.0,1.0,0.0,0.0,0.0,0.0,0.0,1.0,1.0,624,54,68,62.4,7.229568912920511,62.4,0.0005820989608764,10,0.9297030671923672,49.0
20.0,6,64.0,266.4471210042181,0.0,0.0,0.5,0.5,0.5,0.0,0.0,5,0,0,5,0,0.0375308990478515,0.0,1.0,0.0,0.0,0.0,0.0,0.0,1.0,0.0,0.0,0.0,0.0,0.0,1.0,1.0,614,54,68,61.4,6.397916327472042,61.4,0.0037556886672973,10,0.929364285195159,39.04
20.0,6,64.0,1513.5334872979215,0.0,0.0,0.6,0.4,0.4,0.0,0.0,4,0,0,6,0,0.0066070556640625,0.0,1.0,0.0,0.0,0.0,0.0,0.0,1.0,0.0,0.0,0.0,0.0,0.0,1.0,1.0,600,54,66,60.0,6.324555320336759,60.0,0.0006624221801757,10,0.9293344008552924,36.0
20.0,6,64.0,1699.8192502532927,0.0,0.0,0.5,0.5,0.5,0.0,0.0,5,0,0,5,0,0.005882978439331,0.0,1.0,0.0,0.0,0.0,0.0,0.0,1.0,0.0,0.0,0.0,0.0,0.0,1.0,1.0,610,54,68,61.0,7.378647873726218,61.0,0.0007115840911865,10,0.9297637959978412,49.0
20.0,6,64.0,1266.1285356355845,0.0,0.0,0.5,0.5,0.5,0.0,0.0,5,0,0,5,0,0.0078980922698974,0.0,1.0,0.0,0.0,0.0,0.0,0.0,1.0,0.0,0.0,0.0,0.0,0.0,1.0,1.0,610,54,68,61.0,7.378647873726218,61.0,0.0008959054946899,10,0.9297637959978412,49.0
20.0,6,64.0,753.5309546908125,0.0,0.0,1.0,0.0,0.0,0.0,0.0,0,0,0,10,0,0.0132708549499511,0.0,1.0,0.0,0.0,0.0,0.0,0.0,1.0,0.0,0.0,0.0,0.0,0.0,1.0,1.0,13210,1321,1321,1321.0,0.0,1321.0,0.003468894958496,10,0.0,0.0
20.0,6,64.0,1613.6903662665436,0.0,0.0,1.0,0.0,0.0,0.0,0.0,0,0,0,10,0,0.0061969757080078,0.0,1.0,0.0,0.0,0.0,0.0,0.0,1.0,0.0,0.0,0.0,0.0,0.0,1.0,1.0,13220,1322,1322,1322.0,0.0,1322.0,0.0006206035614013,10,0.0,0.0
20.0,6,64.0,820.947720733593,0.0,0.0,0.7,0.3,0.3,0.0,0.0,3,0,0,7,0,0.0121810436248779,0.0,1.0,0.0,0.0,0.0,0.0,0.0,1.0,0.0,0.0,0.0,0.0,0.0,1.0,1.0,624,54,66,62.4,5.796550698475775,62.4,0.0042691946029663,10,0.9291193128925312,32.0
20.0,6,64.0,1519.0699358951142,0.0,0.0,0.7,0.3,0.3,0.0,0.0,3,0,0,7,0,0.0065829753875732,0.0,1.0,0.0,0.0,0.0,0.0,0.0,1.0,0.0,0.0,0.0,0.0,0.0,1.0,1.0,632,54,68,63.2,6.408327915038888,63.2,0.0007400035858154,10,0.9293685264594702,36.96
20.0,6,64.0,314.99173901288714,0.0,0.0,0.7,0.3,0.3,0.0,0.0,3,0,0,7,0,0.0317468643188476,0.0,1.0,0.0,0.0,0.0,0.0,0.0,1.0,0.0,0.0,0.0,0.0,0.0,1.0,1.0,636,54,68,63.6,6.65331997326648,63.6,0.0031770944595336,10,0.92946832642431,49.0
20.0,6,64.0,1422.8590813488024,0.0,0.0,0.5,0.5,0.5,0.0,0.0,5,0,0,5,0,0.0070281028747558,0.0,1.0,0.0,0.0,0.0,0.0,0.0,1.0,0.0,0.0,0.0,0.0,0.0,1.0,1.0,600,54,66,60.0,6.324555320336759,60.0,0.0008819103240966,10,0.9293344008552924,36.0
20.0,6,64.0,829.5368062972193,0.0,0.0,0.5,0.5,0.5,0.0,0.0,5,0,0,5,0,0.0120549201965332,0.0,1.0,0.0,0.0,0.0,0.0,0.0,1.0,0.0,0.0,0.0,0.0,0.0,1.0,1.0,616,54,68,61.6,6.586180818788516,61.6,0.0013465881347656,10,0.9294409766183416,39.04
20.0,6,64.0,2212.885934367416,0.0,0.0,0.5,0.5,0.5,0.0,0.0,5,0,0,5,0,0.004518985748291,0.0,1.0,0.0,0.0,0.0,0.0,0.0,1.0,0.0,0.0,0.0,0.0,0.0,1.0,1.0,610,54,68,61.0,7.378647873726218,61.0,0.0004534006118774,10,0.9297637959978412,49.0
20.0,6,64.0,331.7307433741705,0.0,0.0,0.6,0.4,0.4,0.0,0.0,4,0,0,6,0,0.0301449298858642,0.0,1.0,0.0,0.0,0.0,0.0,0.0,1.0,0.0,0.0,0.0,0.0,0.0,1.0,1.0,602,54,68,60.2,6.696599468718766,60.2,0.0030172109603881,10,0.9294859567595772,49.0
20.0,6,64.0,2721.100298429999,0.0,0.0,0.5,0.5,0.5,0.0,0.0,5,0,0,5,0,0.0036749839782714,0.0,1.0,0.0,0.0,0.0,0.0,0.0,1.0,0.0,0.0,0.0,0.0,0.0,1.0,1.0,590,54,64,59.0,5.270462766947299,59.0,0.0014906883239746,10,0.9289050057127436,25.0
20.0,6,64.0,918.1926444833624,0.0,0.0,0.5,0.5,0.5,0.0,0.0,5,0,0,5,0,0.0108909606933593,0.0,1.0,0.0,0.0,0.0,0.0,0.0,1.0,0.0,0.0,0.0,0.0,0.0,1.0,1.0,606,54,66,60.6,5.738757124441958,60.6,0.0012000083923339,10,0.9290957701022128,29.64
20.0,6,64.0,2956.858653507226,0.0,0.0,0.5,0.5,0.5,0.0,0.0,5,0,0,5,0,0.0033819675445556,0.0,1.0,0.0,0.0,0.0,0.0,0.0,1.0,0.0,0.0,0.0,0.0,0.0,1.0,1.0,600,54,66,60.0,6.324555320336759,60.0,0.0003417015075683,10,0.9293344008552924,36.0
20.0,6,64.0,293.6262382302496,0.0,0.0,0.8,0.2,0.2,0.0,0.0,2,0,0,8,0,0.0340569019317626,0.0,1.0,0.0,0.0,0.0,0.0,0.0,1.0,0.0,0.0,0.0,0.0,0.0,1.0,1.0,624,54,66,62.4,5.796550698475776,62.4,0.0034076929092407,10,0.9291193128925312,36.0
20.0,6,64.0,70969.61082910321,0.0,0.0,1.0,0.0,0.0,0.0,0.0,0,0,0,10,0,0.000140905380249,0.0,1.0,0.0,0.0,0.0,0.0,0.0,1.0,0.0,0.0,0.0,0.0,0.0,1.0,1.0,670,66,68,67.0,1.0540925533894598,67.0,1.5807151794433593e-05,10,0.9067378651425488,1.0
20.0,6,64.0,241.3362870048045,0.0,0.0,1.0,0.0,0.0,0.0,0.0,0,0,0,10,0,0.041435956954956,0.0,1.0,0.0,0.0,0.0,0.0,0.0,1.0,0.0,0.0,0.0,0.0,0.0,1.0,1.0,2180,68,368,218.0,158.11388300841898,218.0,0.0041450977325439,10,0.9673094813823097,22500.0
20.0,6,64.0,708.4135321836945,0.0,0.0,1.0,0.0,0.0,0.0,0.0,0,0,0,10,0,0.0141160488128662,0.0,1.0,0.0,0.0,0.0,0.0,0.0,1.0,0.0,0.0,0.0,0.0,0.0,1.0,1.0,3690,368,370,369.0,1.0540925533894598,369.0,0.0014131069183349,10,0.3920906051425488,1.0
20.0,6,64.0,244.8342206033436,0.0,0.0,1.0,0.0,0.0,0.0,0.0,0,0,0,10,0,0.0408439636230468,0.0,1.0,0.0,0.0,0.0,0.0,0.0,1.0,0.0,0.0,0.0,0.0,0.0,1.0,1.0,2170,64,370,217.0,161.27616066858735,217.0,0.0040915966033935,10,0.9754141868099558,23409.0
20.0,6,64.0,20661.5960591133,0.0,0.0,1.0,0.0,0.0,0.0,0.0,0,0,0,10,0,0.0004839897155761,0.0,1.0,0.0,0.0,0.0,0.0,0.0,1.0,0.0,0.0,0.0,0.0,0.0,1.0,1.0,650,64,66,65.0,1.0540925533894598,65.0,0.0011683940887451,10,0.9101461251425488,1.0
20.0,6,64.0,202.84778813276523,0.0,0.0,1.0,0.0,0.0,0.0,0.0,0,0,0,10,0,0.0492980480194091,0.0,1.0,0.0,0.0,0.0,0.0,0.0,1.0,0.0,0.0,0.0,0.0,0.0,1.0,1.0,705,66,75,70.5,4.743416490252569,70.5,0.0049324035644531,10,0.9082407481414692,20.25
20.0,6,64.0,64133.08868501529,0.0,0.0,1.0,0.0,0.0,0.0,0.0,0,0,0,10,0,0.0001559257507324,0.0,1.0,0.0,0.0,0.0,0.0,0.0,1.0,0.0,0.0,0.0,0.0,0.0,1.0,1.0,760,75,77,76.0,1.0540925533894598,76.0,1.7189979553222655e-05,10,0.8914006951425488,1.0
20.0,6,64.0,263.295919648462,0.0,0.0,0.7,0.3,0.3,0.0,0.0,3,0,0,7,0,0.0379800796508789,0.0,1.0,0.0,0.0,0.0,0.0,0.0,1.0,0.0,0.0,0.0,0.0,0.0,1.0,1.0,685,54,77,68.5,9.675283515799997,68.5,0.0038003206253051,10,0.9306993534929964,91.11111111111111
20.0,6,64.0,714.8488257149675,0.0,0.0,0.5,0.5,0.5,0.0,0.0,5,0,0,5,0,0.013988971710205,0.0,1.0,0.0,0.0,0.0,0.0,0.0,1.0,0.0,0.0,0.0,0.0,0.0,1.0,1.0,590,54,64,59.0,5.270462766947299,59.0,0.0014022827148437,10,0.9289050057127436,25.0
20.0,6,64.0,1431.454216579639,0.0,0.0,0.5,0.5,0.5,0.0,0.0,5,0,0,5,0,0.0069859027862548,0.0,1.0,0.0,0.0,0.0,0.0,0.0,1.0,0.0,0.0,0.0,0.0,0.0,1.0,1.0,596,54,66,59.6,5.94792213951879,59.6,0.0007014989852905,10,0.9291809755627544,31.84
20.0,6,64.0,938.3440345421598,0.0,0.0,0.6,0.4,0.4,0.0,0.0,4,0,0,6,0,0.0106570720672607,0.0,1.0,0.0,0.0,0.0,0.0,0.0,1.0,0.0,0.0,0.0,0.0,0.0,1.0,1.0,600,54,66,60.0,6.324555320336759,60.0,0.0010697126388549,10,0.9293344008552924,36.0
20.0,6,64.0,393.9349312495304,0.0,0.0,0.8,0.2,0.2,0.0,0.0,2,0,0,8,0,0.0253849029541015,0.0,1.0,0.0,0.0,0.0,0.0,0.0,1.0,0.0,0.0,0.0,0.0,0.0,1.0,1.0,636,54,66,63.6,5.059644256269407,63.6,0.0026445865631103,10,0.928819126684234,36.0
20.0,6,64.0,74631.743772242,0.0,0.0,1.0,0.0,0.0,0.0,0.0,0,0,0,10,0,0.000133991241455,0.0,1.0,0.0,0.0,0.0,0.0,0.0,1.0,0.0,0.0,0.0,0.0,0.0,1.0,1.0,672,66,68,67.2,1.0327955589886444,67.2,1.5020370483398438e-05,10,0.9067291895989096,1.0
20.0,6,64.0,198.8538051620489,0.0,0.0,1.0,0.0,0.0,0.0,0.0,0,0,0,10,0,0.0502882003784179,0.0,1.0,0.0,0.0,0.0,0.0,0.0,1.0,0.0,0.0,0.0,0.0,0.0,1.0,1.0,668,66,68,66.8,1.0327955589886444,66.8,0.0055124998092651,10,0.9067291895989096,1.0
20.0,6,64.0,67978.99513776337,0.0,0.0,1.0,0.0,0.0,0.0,0.0,0,0,0,10,0,0.0001471042633056,0.0,1.0,0.0,0.0,0.0,0.0,0.0,1.0,0.0,0.0,0.0,0.0,0.0,1.0,1.0,672,66,68,67.2,1.0327955589886444,67.2,4.138946533203125e-05,10,0.9067291895989096,1.0
20.0,6,64.0,221.1217663153788,0.0,0.0,0.7,0.3,0.3,0.0,0.0,3,0,0,7,0,0.0452239513397216,0.0,1.0,0.0,0.0,0.0,0.0,0.0,1.0,0.0,0.0,0.0,0.0,0.0,1.0,1.0,6004,54,1406,600.4,693.3710246165308,600.4,0.0045238018035888,10,1.0,432687.0399999999
20.0,6,64.0,906.4649564522056,0.0,0.0,0.6,0.4,0.4,0.0,0.0,4,0,0,6,0,0.0110318660736083,0.0,1.0,0.0,0.0,0.0,0.0,0.0,1.0,0.0,0.0,0.0,0.0,0.0,1.0,1.0,7300,54,1406,730.0,712.5665660912748,730.0,0.0011071920394897,10,1.0,456976.0
20.0,6,64.0,2228.168295792605,0.0,0.0,0.5,0.5,0.5,0.0,0.0,5,0,0,5,0,0.0044879913330078,0.0,1.0,0.0,0.0,0.0,0.0,0.0,1.0,0.0,0.0,0.0,0.0,0.0,1.0,1.0,7300,54,1406,730.0,712.5665660912748,730.0,0.0009865999221801,10,1.0,456976.0
20.0,6,64.0,3176.540442290215,0.0,0.0,0.6,0.4,0.4,0.0,0.0,4,0,0,6,0,0.003148078918457,0.0,1.0,0.0,0.0,0.0,0.0,0.0,1.0,0.0,0.0,0.0,0.0,0.0,1.0,1.0,8652,54,1406,865.2,698.1697978763237,865.2,0.0004578113555908,10,1.0,456976.0
20.0,6,64.0,897.1005689352783,0.0,0.0,1.0,0.0,0.0,0.0,0.0,0,0,0,10,0,0.0111470222473144,0.0,1.0,0.0,0.0,0.0,0.0,0.0,1.0,0.0,0.0,0.0,0.0,0.0,1.0,1.0,1560,156,156,156.0,0.0,156.0,0.0029239892959594,10,0.0,0.0
20.0,6,64.0,1452.6231211470526,0.0,0.0,1.0,0.0,0.0,0.0,0.0,0,0,0,10,0,0.0068840980529785,0.0,1.0,0.0,0.0,0.0,0.0,0.0,1.0,0.0,0.0,0.0,0.0,0.0,1.0,1.0,1580,158,158,158.0,0.0,158.0,0.0006899118423461,10,0.0,0.0
20.0,6,64.0,726.4247735499403,0.0,0.0,0.6,0.4,0.4,0.0,0.0,4,0,0,6,0,0.0137660503387451,0.0,1.0,0.0,0.0,0.0,0.0,0.0,1.0,0.0,0.0,0.0,0.0,0.0,1.0,1.0,600,54,64,60.0,5.163977794943222,60.0,0.0046762943267822,10,0.928861627994548,24.0
20.0,6,64.0,2679.552801379927,0.0,0.0,0.6,0.4,0.4,0.0,0.0,4,0,0,6,0,0.0037319660186767,0.0,1.0,0.0,0.0,0.0,0.0,0.0,1.0,0.0,0.0,0.0,0.0,0.0,1.0,1.0,604,54,66,60.4,5.561774297230456,60.4,0.0015136957168579,10,0.9290236743777198,27.84
20.0,6,64.0,5500.726557377049,0.0,0.0,0.7,0.3,0.3,0.0,0.0,3,0,0,7,0,0.0018179416656494,0.0,1.0,0.0,0.0,0.0,0.0,0.0,1.0,0.0,0.0,0.0,0.0,0.0,1.0,1.0,636,54,66,63.6,5.059644256269407,63.6,0.0001837015151977,10,0.928819126684234,29.387755102040817
20.0,6,64.0,354.2217230109198,0.0,0.0,0.5,0.5,0.5,0.0,0.0,5,0,0,5,0,0.0282309055328369,0.0,1.0,0.0,0.0,0.0,0.0,0.0,1.0,0.0,0.0,0.0,0.0,0.0,1.0,1.0,590,54,64,59.0,5.270462766947299,59.0,0.0028250932693481,10,0.9289050057127436,25.0
20.0,6,64.0,975.782616787642,0.0,0.0,0.6,0.4,0.4,0.0,0.0,4,0,0,6,0,0.0102481842041015,0.0,1.0,0.0,0.0,0.0,0.0,0.0,1.0,0.0,0.0,0.0,0.0,0.0,1.0,1.0,590,54,64,59.0,5.270462766947299,59.0,0.0010289192199707,10,0.9289050057127436,25.0
20.0,6,64.0,904.7442783494035,0.0,0.0,0.5,0.5,0.5,0.0,0.0,5,0,0,5,0,0.0110528469085693,0.0,1.0,0.0,0.0,0.0,0.0,0.0,1.0,0.0,0.0,0.0,0.0,0.0,1.0,1.0,600,54,66,60.0,6.324555320336759,60.0,0.0011783838272094,10,0.9293344008552924,36.0
20.0,6,64.0,2067.789390652731,0.0,0.0,0.5,0.5,0.5,0.0,0.0,5,0,0,5,0,0.004836082458496,0.0,1.0,0.0,0.0,0.0,0.0,0.0,1.0,0.0,0.0,0.0,0.0,0.0,1.0,1.0,600,54,66,60.0,6.324555320336759,60.0,0.0005855083465576,10,0.9293344008552924,36.0
20.0,6,64.0,601.6099142258814,0.0,0.0,1.0,0.0,0.0,0.0,0.0,0,0,0,10,0,0.0166220664978027,0.0,1.0,0.0,0.0,0.0,0.0,0.0,1.0,0.0,0.0,0.0,0.0,0.0,1.0,1.0,640,64,64,64.0,0.0,64.0,0.0034312963485717,10,0.0,0.0
20.0,6,64.0,47825.58722919042,0.0,0.0,1.0,0.0,0.0,0.0,0.0,0,0,0,10,0,0.000209093093872,0.0,1.0,0.0,0.0,0.0,0.0,0.0,1.0,0.0,0.0,0.0,0.0,0.0,1.0,1.0,660,66,66,66.0,0.0,66.0,2.3603439331054688e-05,10,0.0,0.0
20.0,6,64.0,552.8204452294026,0.0,0.0,0.5,0.5,0.5,0.0,0.0,5,0,0,5,0,0.0180890560150146,0.0,1.0,0.0,0.0,0.0,0.0,0.0,1.0,0.0,0.0,0.0,0.0,0.0,1.0,1.0,725,54,91,72.5,19.50071223770501,72.5,0.0050796031951904,10,0.9347018401371516,342.25
20.0,6,64.0,652.5357437341506,0.0,0.0,0.5,0.5,0.5,0.0,0.0,5,0,0,5,0,0.0153248310089111,0.0,1.0,0.0,0.0,0.0,0.0,0.0,1.0,0.0,0.0,0.0,0.0,0.0,1.0,1.0,764,54,93,76.4,19.28845365612403,76.4,0.0016008853912353,10,0.9346153744813588,342.25
20.0,6,64.0,1570.6062535105789,0.0,0.0,0.5,0.5,0.5,0.0,0.0,5,0,0,5,0,0.0063669681549072,0.0,1.0,0.0,0.0,0.0,0.0,0.0,1.0,0.0,0.0,0.0,0.0,0.0,1.0,1.0,735,54,93,73.5,20.554804791094465,73.5,0.0006406068801879,10,0.9351312352797002,380.25
20.0,6,64.0,611.9230264213705,0.0,0.0,0.7,0.3,0.3,0.0,0.0,3,0,0,7,0,0.0163419246673584,0.0,1.0,0.0,0.0,0.0,0.0,0.0,1.0,0.0,0.0,0.0,0.0,0.0,1.0,1.0,720,54,93,72.0,18.65475810617763,72.0,0.0016377925872802,10,0.9343572322621324,380.25
20.0,6,64.0,1181.1946267143542,0.0,0.0,0.5,0.5,0.5,0.0,0.0,5,0,0,5,0,0.0084660053253173,0.0,1.0,0.0,0.0,0.0,0.0,0.0,1.0,0.0,0.0,0.0,0.0,0.0,1.0,1.0,600,54,66,60.0,6.324555320336759,60.0,0.0009657144546508,10,0.9293344008552924,36.0
20.0,6,64.0,1267.237899570971,0.0,0.0,0.6,0.4,0.4,0.0,0.0,4,0,0,6,0,0.0078911781311035,0.0,1.0,0.0,0.0,0.0,0.0,0.0,1.0,0.0,0.0,0.0,0.0,0.0,1.0,1.0,632,54,68,63.2,6.408327915038888,63.2,0.000898003578186,10,0.9293685264594702,38.22222222222222
20.0,6,64.0,1145.8594689105016,0.0,0.0,0.6,0.4,0.4,0.0,0.0,4,0,0,6,0,0.0087270736694335,0.0,1.0,0.0,0.0,0.0,0.0,0.0,1.0,0.0,0.0,0.0,0.0,0.0,1.0,1.0,624,54,68,62.4,7.229568912920511,62.4,0.0008739948272705,10,0.9297030671923672,49.0
20.0,6,64.0,241.3543404955634,0.0,0.0,0.5,0.5,0.5,0.0,0.0,5,0,0,5,0,0.0414328575134277,0.0,1.0,0.0,0.0,0.0,0.0,0.0,1.0,0.0,0.0,0.0,0.0,0.0,1.0,1.0,605,54,67,60.5,6.851601597031489,60.5,0.0041462898254394,10,0.9295490984265669,42.25
20.0,6,64.0,1500.1087267525036,0.0,0.0,0.5,0.5,0.5,0.0,0.0,5,0,0,5,0,0.0066661834716796,0.0,1.0,0.0,0.0,0.0,0.0,0.0,1.0,0.0,0.0,0.0,0.0,0.0,1.0,1.0,605,54,67,60.5,6.851601597031489,60.5,0.0006708145141601,10,0.9295490984265669,42.25
20.0,6,64.0,522.7915093046155,0.0,0.0,0.6,0.4,0.4,0.0,0.0,4,0,0,6,0,0.0191280841827392,0.0,1.0,0.0,0.0,0.0,0.0,0.0,1.0,0.0,0.0,0.0,0.0,0.0,1.0,1.0,615,54,69,61.5,7.905694150420948,61.5,0.0019146919250488,10,0.9299784935691154,56.25
20.0,6,64.0,1283.7217274201942,0.0,0.0,0.6,0.4,0.4,0.0,0.0,4,0,0,6,0,0.0077898502349853,0.0,1.0,0.0,0.0,0.0,0.0,0.0,1.0,0.0,0.0,0.0,0.0,0.0,1.0,1.0,625,54,69,62.5,7.472170590486631,62.5,0.0008862972259521,10,0.9298018934117408,56.25
20.0,6,64.0,1003.7101560256532,0.0,0.0,1.0,0.0,0.0,0.0,0.0,0,0,0,10,0,0.009963035583496,0.0,1.0,0.0,0.0,0.0,0.0,0.0,1.0,0.0,0.0,0.0,0.0,0.0,1.0,1.0,642,64,66,64.2,0.6324555320336759,64.2,0.0016230106353759,10,0.0,0.36
20.0,6,64.0,192.28900859598852,0.0,0.0,1.0,0.0,0.0,0.0,0.0,0,0,0,10,0,0.0520050525665283,0.0,1.0,0.0,0.0,0.0,0.0,0.0,1.0,0.0,0.0,0.0,0.0,0.0,1.0,1.0,660,66,66,66.0,0.0,66.0,0.0052021026611328,10,0.0,0.0
20.0,6,64.0,73455.411558669,0.0,0.0,1.0,0.0,0.0,0.0,0.0,0,0,0,10,0,0.0001361370086669,0.0,1.0,0.0,0.0,0.0,0.0,0.0,1.0,0.0,0.0,0.0,0.0,0.0,1.0,1.0,662,66,68,66.2,0.6324555320336759,66.2,0.0015872955322265,10,0.0,0.36
20.0,6,64.0,522.7393845732018,0.0,0.0,0.9,0.1,0.1,0.0,0.0,1,0,0,9,0,0.019129991531372,0.0,1.0,0.0,0.0,0.0,0.0,0.0,1.0,0.0,0.0,0.0,0.0,0.0,1.0,1.0,678,66,68,67.8,0.6324555320336759,67.8,0.0019139051437377,10,0.0,0.36
20.0,6,64.0,892.9370688921059,0.0,0.0,0.6,0.4,0.4,0.0,0.0,4,0,0,6,0,0.0111989974975585,0.0,1.0,0.0,0.0,0.0,0.0,0.0,1.0,0.0,0.0,0.0,0.0,0.0,1.0,1.0,600,54,66,60.0,6.324555320336759,60.0,0.0011230945587158,10,0.9293344008552924,36.0
20.0,6,64.0,2558.906717100848,0.0,0.0,0.5,0.5,0.5,0.0,0.0,5,0,0,5,0,0.0039079189300537,0.0,1.0,0.0,0.0,0.0,0.0,0.0,1.0,0.0,0.0,0.0,0.0,0.0,1.0,1.0,602,54,68,60.2,6.562519841239848,60.2,0.000503396987915,10,0.9294313380825274,38.76
20.0,6,64.0,1582.7562264150945,0.0,0.0,0.5,0.5,0.5,0.0,0.0,5,0,0,5,0,0.0063180923461914,0.0,1.0,0.0,0.0,0.0,0.0,0.0,1.0,0.0,0.0,0.0,0.0,0.0,1.0,1.0,624,54,68,62.4,7.229568912920511,62.4,0.0007467031478881,10,0.9297030671923672,48.39506172839506
20.0,6,64.0,307.7100955930363,0.0,0.0,0.6,0.4,0.4,0.0,0.0,4,0,0,6,0,0.0324981212615966,0.0,1.0,0.0,0.0,0.0,0.0,0.0,1.0,0.0,0.0,0.0,0.0,0.0,1.0,1.0,602,54,68,60.2,6.696599468718766,60.2,0.0032526969909667,10,0.9294859567595772,49.0
20.0,6,64.0,1004.5274704219956,0.0,0.0,0.5,0.5,0.5,0.0,0.0,5,0,0,5,0,0.0099549293518066,0.0,1.0,0.0,0.0,0.0,0.0,0.0,1.0,0.0,0.0,0.0,0.0,0.0,1.0,1.0,600,54,64,60.0,5.163977794943222,60.0,0.0009984970092773,10,0.928861627994548,25.0
20.0,6,64.0,1288.335176311586,0.0,0.0,0.7,0.3,0.3,0.0,0.0,3,0,0,7,0,0.0077619552612304,0.0,1.0,0.0,0.0,0.0,0.0,0.0,1.0,0.0,0.0,0.0,0.0,0.0,1.0,1.0,608,54,66,60.8,5.902918298980975,60.8,0.000779104232788,10,0.9291626427982728,31.50617283950617
20.0,6,64.0,5138.818916932125,0.0,0.0,0.6,0.4,0.4,0.0,0.0,4,0,0,6,0,0.0019459724426269,0.0,1.0,0.0,0.0,0.0,0.0,0.0,1.0,0.0,0.0,0.0,0.0,0.0,1.0,1.0,612,54,66,61.2,6.196773353931867,61.2,0.0001973867416381,10,0.9292823475934576,34.56
20.0,6,64.0,975.986969168121,0.0,0.0,0.6,0.4,0.4,0.0,0.0,4,0,0,6,0,0.0102460384368896,0.0,1.0,0.0,0.0,0.0,0.0,0.0,1.0,0.0,0.0,0.0,0.0,0.0,1.0,1.0,600,54,64,60.0,5.163977794943222,60.0,0.0035109043121337,10,0.928861627994548,25.0
20.0,6,64.0,799.2956646021916,0.0,0.0,0.5,0.5,0.5,0.0,0.0,5,0,0,5,0,0.0125110149383544,0.0,1.0,0.0,0.0,0.0,0.0,0.0,1.0,0.0,0.0,0.0,0.0,0.0,1.0,1.0,592,54,66,59.2,5.513619500836088,59.2,0.0012521982192993,10,0.9290040580398606,27.360000000000003
20.0,6,64.0,3411.9450093549176,0.0,0.0,0.5,0.5,0.5,0.0,0.0,5,0,0,5,0,0.0029308795928955,0.0,1.0,0.0,0.0,0.0,0.0,0.0,1.0,0.0,0.0,0.0,0.0,0.0,1.0,1.0,600,54,66,60.0,6.324555320336759,60.0,0.0003551959991455,10,0.9293344008552924,36.0
20.0,6,64.0,439.1205661878638,0.0,0.0,0.5,0.5,0.5,0.0,0.0,5,0,0,5,0,0.0227727890014648,0.0,1.0,0.0,0.0,0.0,0.0,0.0,1.0,0.0,0.0,0.0,0.0,0.0,1.0,1.0,600,54,66,60.0,6.324555320336759,60.0,0.0023741006851196,10,0.9293344008552924,36.0
20.0,6,64.0,1150.732256028972,0.0,0.0,0.5,0.5,0.5,0.0,0.0,5,0,0,5,0,0.0086901187896728,0.0,1.0,0.0,0.0,0.0,0.0,0.0,1.0,0.0,0.0,0.0,0.0,0.0,1.0,1.0,612,54,66,61.2,6.196773353931867,61.2,0.0014947175979614,10,0.9292823475934576,36.0
20.0,6,64.0,733.3596768835347,0.0,0.0,0.5,0.5,0.5,0.0,0.0,5,0,0,5,0,0.0136358737945556,0.0,1.0,0.0,0.0,0.0,0.0,0.0,1.0,0.0,0.0,0.0,0.0,0.0,1.0,1.0,604,54,68,60.4,6.785605679999719,60.4,0.0013671875,10,0.9295222143298046,41.44
20.0,6,64.0,1776.1937833488607,0.0,0.0,0.5,0.5,0.5,0.0,0.0,5,0,0,5,0,0.0056300163269042,0.0,1.0,0.0,0.0,0.0,0.0,0.0,1.0,0.0,0.0,0.0,0.0,0.0,1.0,1.0,610,54,68,61.0,7.378647873726218,61.0,0.000567603111267,10,0.9297637959978412,49.0
20.0,6,64.0,476.5496398300271,0.0,0.0,0.6,0.4,0.4,0.0,0.0,4,0,0,6,0,0.0209841728210449,0.0,1.0,0.0,0.0,0.0,0.0,0.0,1.0,0.0,0.0,0.0,0.0,0.0,1.0,1.0,606,54,68,60.6,6.995236474439825,60.6,0.0021026134490966,10,0.9296076095302278,49.0
20.0,6,64.0,544.8421708970928,0.0,0.0,0.6,0.4,0.4,0.0,0.0,4,0,0,6,0,0.0183539390563964,0.0,1.0,0.0,0.0,0.0,0.0,0.0,1.0,0.0,0.0,0.0,0.0,0.0,1.0,1.0,612,54,66,61.2,6.196773353931867,61.2,0.0018911838531494,10,0.9292823475934576,34.56
20.0,6,64.0,1936.070901033973,0.0,0.0,0.5,0.5,0.5,0.0,0.0,5,0,0,5,0,0.0051651000976562,0.0,1.0,0.0,0.0,0.0,0.0,0.0,1.0,0.0,0.0,0.0,0.0,0.0,1.0,1.0,606,54,68,60.6,6.995236474439826,60.6,0.0006000041961669,10,0.9296076095302278,44.04
20.0,6,64.0,1293.81948300327,0.0,0.0,0.5,0.5,0.5,0.0,0.0,5,0,0,5,0,0.0077290534973144,0.0,1.0,0.0,0.0,0.0,0.0,0.0,1.0,0.0,0.0,0.0,0.0,0.0,1.0,1.0,610,54,68,61.0,7.378647873726218,61.0,0.0009921073913574,10,0.9297637959978412,49.0
20.0,6,64.0,349.82268261355483,0.0,0.0,0.8,0.2,0.2,0.0,0.0,2,0,0,8,0,0.0285859107971191,0.0,1.0,0.0,0.0,0.0,0.0,0.0,1.0,0.0,0.0,0.0,0.0,0.0,1.0,1.0,628,54,68,62.8,4.9170903772228725,62.8,0.003059983253479,10,0.9287610559360656,49.0
20.0,6,64.0,2279.513043478261,0.0,0.0,1.0,0.0,0.0,0.0,0.0,0,0,0,10,0,0.0043869018554687,0.0,1.0,0.0,0.0,0.0,0.0,0.0,1.0,0.0,0.0,0.0,0.0,0.0,1.0,1.0,652,64,66,65.2,1.0327955589886444,65.2,0.0004424095153808,10,0.9101374495989096,1.0
20.0,6,64.0,254.52418229261485,0.0,0.0,1.0,0.0,0.0,0.0,0.0,0,0,0,10,0,0.0392889976501464,0.0,1.0,0.0,0.0,0.0,0.0,0.0,1.0,0.0,0.0,0.0,0.0,0.0,1.0,1.0,660,66,66,66.0,0.0,66.0,0.0039298057556152,10,0.0,0.0
20.0,6,64.0,916.166968829864,0.0,0.0,1.0,0.0,0.0,0.0,0.0,0,0,0,10,0,0.0109150409698486,0.0,1.0,0.0,0.0,0.0,0.0,0.0,1.0,0.0,0.0,0.0,0.0,0.0,1.0,1.0,672,66,68,67.2,1.0327955589886444,67.2,0.0010922908782958,10,0.9067291895989096,1.0
20.0,6,64.0,238.44820920977827,0.0,0.0,0.8,0.2,0.2,0.0,0.0,2,0,0,8,0,0.0419378280639648,0.0,1.0,0.0,0.0,0.0,0.0,0.0,1.0,0.0,0.0,0.0,0.0,0.0,1.0,1.0,644,54,68,64.4,5.561774297230456,64.4,0.0041960954666137,10,0.9290236743777198,30.61728395061728
20.0,6,64.0,898.3110235377268,0.0,0.0,0.5,0.5,0.5,0.0,0.0,5,0,0,5,0,0.011132001876831,0.0,1.0,0.0,0.0,0.0,0.0,0.0,1.0,0.0,0.0,0.0,0.0,0.0,1.0,1.0,600,54,66,60.0,6.324555320336759,60.0,0.0012212991714477,10,0.9293344008552924,36.0
20.0,6,64.0,1348.2172934747668,0.0,0.0,0.7,0.3,0.3,0.0,0.0,3,0,0,7,0,0.0074172019958496,0.0,1.0,0.0,0.0,0.0,0.0,0.0,1.0,0.0,0.0,0.0,0.0,0.0,1.0,1.0,650,54,68,65.0,5.830951894845301,65.0,0.0008009195327758,10,0.929133326563884,41.0
20.0,6,64.0,316.62532366063004,0.0,0.0,0.7,0.3,0.3,0.0,0.0,3,0,0,7,0,0.0315830707550048,0.0,1.0,0.0,0.0,0.0,0.0,0.0,1.0,0.0,0.0,0.0,0.0,0.0,1.0,1.0,630,54,68,63.0,6.27162924074226,63.0,0.0031605005264282,10,0.9293128408875088,49.0
20.0,6,64.0,1554.0214894405335,0.0,0.0,0.6,0.4,0.4,0.0,0.0,4,0,0,6,0,0.0064349174499511,0.0,1.0,0.0,0.0,0.0,0.0,0.0,1.0,0.0,0.0,0.0,0.0,0.0,1.0,1.0,600,54,66,60.0,6.324555320336759,60.0,0.000646686553955,10,0.9293344008552924,36.0
20.0,6,64.0,1155.6785054969278,0.0,0.0,0.6,0.4,0.4,0.0,0.0,4,0,0,6,0,0.008652925491333,0.0,1.0,0.0,0.0,0.0,0.0,0.0,1.0,0.0,0.0,0.0,0.0,0.0,1.0,1.0,636,54,68,63.6,6.6533199732664805,63.6,0.0014508962631225,10,0.92946832642431,45.06122448979592
20.0,6,64.0,383.097438895181,0.0,0.0,0.8,0.2,0.2,0.0,0.0,2,0,0,8,0,0.0261030197143554,0.0,1.0,0.0,0.0,0.0,0.0,0.0,1.0,0.0,0.0,0.0,0.0,0.0,1.0,1.0,626,54,68,62.6,6.186005711819758,62.6,0.0026134967803955,10,0.9292779612867668,49.0
20.0,6,64.0,921.318835804503,0.0,0.0,1.0,0.0,0.0,0.0,0.0,0,0,0,10,0,0.0108540058135986,0.0,1.0,0.0,0.0,0.0,0.0,0.0,1.0,0.0,0.0,0.0,0.0,0.0,1.0,1.0,646,64,66,64.6,0.966091783079296,64.6,0.0011996984481811,10,0.0,0.8400000000000001
20.0,6,64.0,266.4962163329881,0.0,0.0,0.9,0.1,0.1,0.0,0.0,1,0,0,9,0,0.0375239849090576,0.0,1.0,0.0,0.0,0.0,0.0,0.0,1.0,0.0,0.0,0.0,0.0,0.0,1.0,1.0,648,54,66,64.8,3.794733192202055,64.8,0.0037551164627075,10,0.9283038525131756,12.96
20.0,6,64.0,3185.708643475619,0.0,0.0,0.5,0.5,0.5,0.0,0.0,5,0,0,5,0,0.0031390190124511,0.0,1.0,0.0,0.0,0.0,0.0,0.0,1.0,0.0,0.0,0.0,0.0,0.0,1.0,1.0,612,54,66,61.2,6.196773353931867,61.2,0.0014792919158935,10,0.9292823475934576,36.0
20.0,6,64.0,1723.2852623361682,0.0,0.0,0.6,0.4,0.4,0.0,0.0,4,0,0,6,0,0.0058028697967529,0.0,1.0,0.0,0.0,0.0,0.0,0.0,1.0,0.0,0.0,0.0,0.0,0.0,1.0,1.0,620,54,68,62.0,6.928203230275509,62.0,0.0005825996398925,10,0.9295803028678852,43.55555555555556
20.0,6,64.0,5073.550260070158,0.0,0.0,0.6,0.4,0.4,0.0,0.0,4,0,0,6,0,0.0019710063934326,0.0,1.0,0.0,0.0,0.0,0.0,0.0,1.0,0.0,0.0,0.0,0.0,0.0,1.0,1.0,610,54,68,61.0,7.378647873726218,61.0,0.0001987934112548,10,0.9297637959978412,49.0
20.0,6,64.0,243.74151557415155,0.0,0.0,0.5,0.5,0.5,0.0,0.0,5,0,0,5,0,0.0410270690917968,0.0,1.0,0.0,0.0,0.0,0.0,0.0,1.0,0.0,0.0,0.0,0.0,0.0,1.0,1.0,2339,54,411,233.9,186.72644876039035,233.9,0.0041961193084716,10,1.0,31380.09
20.0,6,64.0,1251.844202357857,0.0,0.0,0.6,0.4,0.4,0.0,0.0,4,0,0,6,0,0.0079882144927978,0.0,1.0,0.0,0.0,0.0,0.0,0.0,1.0,0.0,0.0,0.0,0.0,0.0,1.0,1.0,2325,54,411,232.5,188.15552078001855,232.5,0.0008008003234863,10,1.0,31862.25
20.0,6,64.0,4058.3492985002417,0.0,0.0,0.6,0.4,0.4,0.0,0.0,4,0,0,6,0,0.0024640560150146,0.0,1.0,0.0,0.0,0.0,0.0,0.0,1.0,0.0,0.0,0.0,0.0,0.0,1.0,1.0,2694,54,413,269.4,185.3868028384617,269.4,0.0002948999404907,10,1.0,32220.25
20.0,6,64.0,324.3704081790481,0.0,0.0,0.6,0.4,0.4,0.0,0.0,4,0,0,6,0,0.0308289527893066,0.0,1.0,0.0,0.0,0.0,0.0,0.0,1.0,0.0,0.0,0.0,0.0,0.0,1.0,1.0,1996,54,413,199.6,183.7058034527549,199.6,0.0030838966369628,10,1.0,32220.25
20.0,6,64.0,797.0022422376771,0.0,0.0,1.0,0.0,0.0,0.0,0.0,0,0,0,10,0,0.0125470161437988,0.0,1.0,0.0,0.0,0.0,0.0,0.0,1.0,0.0,0.0,0.0,0.0,0.0,1.0,1.0,644,64,66,64.4,0.8432740427115678,64.4,0.0012564897537231,10,0.0,0.64
20.0,6,64.0,190.6718490737584,0.0,0.0,1.0,0.0,0.0,0.0,0.0,0,0,0,10,0,0.0524461269378662,0.0,1.0,0.0,0.0,0.0,0.0,0.0,1.0,0.0,0.0,0.0,0.0,0.0,1.0,1.0,656,64,66,65.6,0.8432740427115678,65.6,0.005246615409851,10,0.0,0.64
20.0,6,64.0,74104.3109540636,0.0,0.0,1.0,0.0,0.0,0.0,0.0,0,0,0,10,0,0.0001349449157714,0.0,1.0,0.0,0.0,0.0,0.0,0.0,1.0,0.0,0.0,0.0,0.0,0.0,1.0,1.0,644,64,66,64.4,0.8432740427115678,64.4,1.728534698486328e-05,10,0.0,0.64
20.0,6,64.0,268.0391868661372,0.0,0.0,0.9,0.1,0.1,0.0,0.0,1,0,0,9,0,0.0373079776763916,0.0,1.0,0.0,0.0,0.0,0.0,0.0,1.0,0.0,0.0,0.0,0.0,0.0,1.0,1.0,648,54,66,64.8,3.794733192202055,64.8,0.0037322998046875,10,0.9283038525131756,12.96
20.0,6,64.0,450.0857397332303,0.0,0.0,0.5,0.5,0.5,0.0,0.0,5,0,0,5,0,0.0222179889678955,0.0,1.0,0.0,0.0,0.0,0.0,0.0,1.0,0.0,0.0,0.0,0.0,0.0,1.0,1.0,600,54,66,60.0,6.324555320336759,60.0,0.0026734113693237,10,0.9293344008552924,36.0
20.0,6,64.0,2018.238860552401,0.0,0.0,0.5,0.5,0.5,0.0,0.0,5,0,0,5,0,0.0049548149108886,0.0,1.0,0.0,0.0,0.0,0.0,0.0,1.0,0.0,0.0,0.0,0.0,0.0,1.0,1.0,602,54,68,60.2,6.562519841239848,60.2,0.0006719827651977,10,0.9294313380825274,38.76
20.0,6,64.0,2436.1410234070977,0.0,0.0,0.5,0.5,0.5,0.0,0.0,5,0,0,5,0,0.0041048526763916,0.0,1.0,0.0,0.0,0.0,0.0,0.0,1.0,0.0,0.0,0.0,0.0,0.0,1.0,1.0,610,54,68,61.0,7.378647873726218,61.0,0.0005115032196044,10,0.9297637959978412,49.0
20.0,6,64.0,734.2583547782855,0.0,0.0,0.7,0.3,0.3,0.0,0.0,3,0,0,7,0,0.0136191844940185,0.0,1.0,0.0,0.0,0.0,0.0,0.0,1.0,0.0,0.0,0.0,0.0,0.0,1.0,1.0,632,54,68,63.2,6.408327915038888,63.2,0.0014155149459838,10,0.9293685264594702,49.0
20.0,6,64.0,698.515138393898,0.0,0.0,1.0,0.0,0.0,0.0,0.0,0,0,0,10,0,0.0143160820007324,0.0,1.0,0.0,0.0,0.0,0.0,0.0,1.0,0.0,0.0,0.0,0.0,0.0,1.0,1.0,666,66,68,66.6,0.966091783079296,66.6,0.0016305923461914,10,0.0,0.8400000000000001
20.0,6,64.0,278.4285922916584,0.0,0.0,0.9,0.1,0.1,0.0,0.0,1,0,0,9,0,0.0359158515930175,0.0,1.0,0.0,0.0,0.0,0.0,0.0,1.0,0.0,0.0,0.0,0.0,0.0,1.0,1.0,1230,54,350,123.0,119.719115711179,123.0,0.0035929918289184,10,0.975526808976106,13744.888888888889
20.0,6,64.0,1400.949931527439,0.0,0.0,0.5,0.5,0.5,0.0,0.0,5,0,0,5,0,0.0071380138397216,0.0,1.0,0.0,0.0,0.0,0.0,0.0,1.0,0.0,0.0,0.0,0.0,0.0,1.0,1.0,2020,54,350,202.0,156.00569790164005,202.0,0.0017378091812133,10,0.990308511097212,21904.0
20.0,6,64.0,1983.7790285200776,0.0,0.0,0.6,0.4,0.4,0.0,0.0,4,0,0,6,0,0.0050408840179443,0.0,1.0,0.0,0.0,0.0,0.0,0.0,1.0,0.0,0.0,0.0,0.0,0.0,1.0,1.0,2322,54,352,232.2,153.37231388574233,232.2,0.0011257886886596,10,0.989235775784496,21978.4375
20.0,6,64.0,3072.3000292997363,0.0,0.0,0.5,0.5,0.5,0.0,0.0,5,0,0,5,0,0.0032548904418945,0.0,1.0,0.0,0.0,0.0,0.0,0.0,1.0,0.0,0.0,0.0,0.0,0.0,1.0,1.0,2030,54,352,203.0,157.0597904550295,203.0,0.0003282070159912,10,0.9907379062397608,22201.0
20.0,6,64.0,372.2314518991835,0.0,0.0,0.7,0.3,0.3,0.0,0.0,3,0,0,7,0,0.026865005493164,0.0,1.0,0.0,0.0,0.0,0.0,0.0,1.0,0.0,0.0,0.0,0.0,0.0,1.0,1.0,1196,54,352,119.6,122.6079569649177,119.6,0.0027696132659912,10,0.9767036073492288,22201.0
20.0,6,64.0,1988.8586466878469,0.0,0.0,0.9,0.1,0.1,0.0,0.0,1,0,0,9,0,0.0050280094146728,0.0,1.0,0.0,0.0,0.0,0.0,0.0,1.0,0.0,0.0,0.0,0.0,0.0,1.0,1.0,656,54,68,65.6,4.195235392680606,65.6,0.0005939960479736,10,0.9284670010895624,27.0
20.0,6,64.0,262.5295903358057,0.0,0.0,0.9,0.1,0.1,0.0,0.0,1,0,0,9,0,0.0380909442901611,0.0,1.0,0.0,0.0,0.0,0.0,0.0,1.0,0.0,0.0,0.0,0.0,0.0,1.0,1.0,660,54,68,66.0,4.320493798938574,66.0,0.0038098812103271,10,0.9285180263539357,43.55555555555557
20.0,6,64.0,1089.797593992777,0.0,0.0,1.0,0.0,0.0,0.0,0.0,0,0,0,10,0,0.0091760158538818,0.0,1.0,0.0,0.0,0.0,0.0,0.0,1.0,0.0,0.0,0.0,0.0,0.0,1.0,1.0,666,66,68,66.6,0.966091783079296,66.6,0.000919222831726,10,0.0,0.8400000000000001
20.0,6,64.0,182.7456037923282,0.0,0.0,0.9,0.1,0.1,0.0,0.0,1,0,0,9,0,0.0547208786010742,0.0,1.0,0.0,0.0,0.0,0.0,0.0,1.0,0.0,0.0,0.0,0.0,0.0,1.0,1.0,2978,54,1224,297.8,488.1697792093785,297.8,0.0054746866226196,10,1.0,214478.76
20.0,6,64.0,4584.940970703979,0.0,0.0,0.6,0.4,0.4,0.0,0.0,4,0,0,6,0,0.002181053161621,0.0,1.0,0.0,0.0,0.0,0.0,0.0,1.0,0.0,0.0,0.0,0.0,0.0,1.0,1.0,7560,54,1224,756.0,604.1854020083571,756.0,0.0006916999816894,10,1.0,342225.0
20.0,6,64.0,2228.6418703506906,0.0,0.0,0.5,0.5,0.5,0.0,0.0,5,0,0,5,0,0.0044870376586914,0.0,1.0,0.0,0.0,0.0,0.0,0.0,1.0,0.0,0.0,0.0,0.0,0.0,1.0,1.0,6396,54,1226,639.6,617.2770312698613,639.6,0.0005362033843994,10,1.0,342927.84
20.0,6,64.0,2029.9603136192045,0.0,0.0,0.5,0.5,0.5,0.0,0.0,5,0,0,5,0,0.0049262046813964,0.0,1.0,0.0,0.0,0.0,0.0,0.0,1.0,0.0,0.0,0.0,0.0,0.0,1.0,1.0,6400,54,1226,640.0,617.6982362862234,640.0,0.000589108467102,10,1.0,343396.0
20.0,6,64.0,332.1168738617468,0.0,0.0,0.8,0.2,0.2,0.0,0.0,2,0,0,8,0,0.0301098823547363,0.0,1.0,0.0,0.0,0.0,0.0,0.0,1.0,0.0,0.0,0.0,0.0,0.0,1.0,1.0,2944,54,1226,294.4,491.013283368632,294.4,0.0031171798706054,10,1.0,343396.0
20.0,6,64.0,1600.2075464499635,0.0,0.0,1.0,0.0,0.0,0.0,0.0,0,0,0,10,0,0.006249189376831,0.0,1.0,0.0,0.0,0.0,0.0,0.0,1.0,0.0,0.0,0.0,0.0,0.0,1.0,1.0,652,64,66,65.2,1.0327955589886444,65.2,0.0006270170211791,10,0.9101374495989096,1.0
20.0,6,64.0,254.575162208586,0.0,0.0,0.7,0.3,0.3,0.0,0.0,3,0,0,7,0,0.0392811298370361,0.0,1.0,0.0,0.0,0.0,0.0,0.0,1.0,0.0,0.0,0.0,0.0,0.0,1.0,1.0,618,54,66,61.8,5.452828012447608,61.8,0.0039314031600952,10,0.9289792940191508,26.76
20.0,6,64.0,558.4363849390212,0.0,0.0,0.5,0.5,0.5,0.0,0.0,5,0,0,5,0,0.0179071426391601,0.0,1.0,0.0,0.0,0.0,0.0,0.0,1.0,0.0,0.0,0.0,0.0,0.0,1.0,1.0,600,54,64,60.0,5.163977794943222,60.0,0.0017940998077392,10,0.928861627994548,25.0
20.0,6,64.0,1639.8733236892522,0.0,0.0,0.5,0.5,0.5,0.0,0.0,5,0,0,5,0,0.0060980319976806,0.0,1.0,0.0,0.0,0.0,0.0,0.0,1.0,0.0,0.0,0.0,0.0,0.0,1.0,1.0,598,54,66,59.8,6.142746399887703,59.8,0.0006119012832641,10,0.9292603391734584,33.959999999999994
20.0,6,64.0,2341.8782802903406,0.0,0.0,0.5,0.5,0.5,0.0,0.0,5,0,0,5,0,0.0042700767517089,0.0,1.0,0.0,0.0,0.0,0.0,0.0,1.0,0.0,0.0,0.0,0.0,0.0,1.0,1.0,600,54,66,60.0,6.324555320336759,60.0,0.0004308938980102,10,0.9293344008552924,36.0
20.0,6,64.0,374.9534247555024,0.0,0.0,0.7,0.3,0.3,0.0,0.0,3,0,0,7,0,0.0266699790954589,0.0,1.0,0.0,0.0,0.0,0.0,0.0,1.0,0.0,0.0,0.0,0.0,0.0,1.0,1.0,612,54,66,61.2,6.196773353931867,61.2,0.0026700973510742,10,0.9292823475934576,36.0
20.0,6,64.0,9624.378155117029,0.0,0.0,0.6,0.4,0.4,0.0,0.0,4,0,0,6,0,0.0010390281677246,0.0,1.0,0.0,0.0,0.0,0.0,0.0,1.0,0.0,0.0,0.0,0.0,0.0,1.0,1.0,614,54,68,61.4,6.397916327472042,61.4,0.0002969980239868,10,0.929364285195159,36.84
20.0,6,64.0,3005.807653719364,0.0,0.0,0.5,0.5,0.5,0.0,0.0,5,0,0,5,0,0.0033268928527832,0.0,1.0,0.0,0.0,0.0,0.0,0.0,1.0,0.0,0.0,0.0,0.0,0.0,1.0,1.0,624,54,68,62.4,7.229568912920511,62.4,0.0011148929595947,10,0.9297030671923672,49.0
20.0,6,64.0,221.837510776375,0.0,0.0,0.7,0.3,0.3,0.0,0.0,3,0,0,7,0,0.0450780391693115,0.0,1.0,0.0,0.0,0.0,0.0,0.0,1.0,0.0,0.0,0.0,0.0,0.0,1.0,1.0,618,54,68,61.8,6.762642481555072,61.8,0.0045114040374755,10,0.9295128600412864,49.0
20.0,6,64.0,3487.9866943866946,0.0,0.0,0.7,0.3,0.3,0.0,0.0,3,0,0,7,0,0.0028669834136962,0.0,1.0,0.0,0.0,0.0,0.0,0.0,1.0,0.0,0.0,0.0,0.0,0.0,1.0,1.0,624,54,66,62.4,5.796550698475776,62.4,0.0002912998199462,10,0.9291193128925312,36.0
20.0,6,64.0,10729.864415451522,0.0,0.0,0.9,0.1,0.1,0.0,0.0,1,0,0,9,0,0.000931978225708,0.0,1.0,0.0,0.0,0.0,0.0,0.0,1.0,0.0,0.0,0.0,0.0,0.0,1.0,1.0,666,54,68,66.6,4.427188724235731,66.6,9.479522705078126e-05,10,0.9285614895987048,24.0
20.0,6,64.0,227.76438900684764,0.0,0.0,1.0,0.0,0.0,0.0,0.0,0,0,0,10,0,0.0439050197601318,0.0,1.0,0.0,0.0,0.0,0.0,0.0,1.0,0.0,0.0,0.0,0.0,0.0,1.0,1.0,3569,68,389,356.9,101.50911289140498,356.9,0.0043922185897827,10,0.9442509622274428,25760.25
20.0,6,64.0,431.7792876261066,0.0,0.0,1.0,0.0,0.0,0.0,0.0,0,0,0,10,0,0.0231599807739257,0.0,1.0,0.0,0.0,0.0,0.0,0.0,1.0,0.0,0.0,0.0,0.0,0.0,1.0,1.0,3908,389,391,390.8,0.632455532033676,390.8,0.0025100946426391,10,0.0,1.0
20.0,6,64.0,452.5918012797687,0.0,0.0,1.0,0.0,0.0,0.0,0.0,0,0,0,10,0,0.0220949649810791,0.0,1.0,0.0,0.0,0.0,0.0,0.0,1.0,0.0,0.0,0.0,0.0,0.0,1.0,1.0,985,66,391,98.5,102.77402395547232,98.5,0.002211594581604,10,0.9481744963985012,26406.25
20.0,6,64.0,58826.14305750351,0.0,0.0,1.0,0.0,0.0,0.0,0.0,0,0,0,10,0,0.0001699924468994,0.0,1.0,0.0,0.0,0.0,0.0,0.0,1.0,0.0,0.0,0.0,0.0,0.0,1.0,1.0,678,66,68,67.8,0.6324555320336757,67.8,0.0009916067123413,10,0.0,1.0
20.0,6,64.0,191.7510069169825,0.0,0.0,1.0,0.0,0.0,0.0,0.0,0,0,0,10,0,0.0521509647369384,0.0,1.0,0.0,0.0,0.0,0.0,0.0,1.0,0.0,0.0,0.0,0.0,0.0,1.0,1.0,662,66,68,66.2,0.6324555320336757,66.2,0.0052165985107421,10,0.0,1.0
20.0,6,64.0,42711.8533604888,0.0,0.0,1.0,0.0,0.0,0.0,0.0,0,0,0,10,0,0.0002341270446777,0.0,1.0,0.0,0.0,0.0,0.0,0.0,1.0,0.0,0.0,0.0,0.0,0.0,1.0,1.0,678,66,68,67.8,0.6324555320336757,67.8,0.0002588033676147,10,0.0,1.0
20.0,6,64.0,239.9061951255784,0.0,0.0,0.5,0.5,0.5,0.0,0.0,5,0,0,5,0,0.0416829586029052,0.0,1.0,0.0,0.0,0.0,0.0,0.0,1.0,0.0,0.0,0.0,0.0,0.0,1.0,1.0,1319,54,207,131.9,79.27231547015643,131.9,0.0041698932647705,10,0.959050400429923,5655.6900000000005
20.0,6,64.0,1382.7527775030494,0.0,0.0,0.6,0.4,0.4,0.0,0.0,4,0,0,6,0,0.0072319507598876,0.0,1.0,0.0,0.0,0.0,0.0,0.0,1.0,0.0,0.0,0.0,0.0,0.0,1.0,1.0,1460,54,209,146.0,79.18333157931662,146.0,0.0007253885269165,10,0.9590141519521505,5852.25
20.0,6,64.0,730.1425711550179,0.0,0.0,0.5,0.5,0.5,0.0,0.0,5,0,0,5,0,0.0136959552764892,0.0,1.0,0.0,0.0,0.0,0.0,0.0,1.0,0.0,0.0,0.0,0.0,0.0,1.0,1.0,1315,54,209,131.5,81.69217288768313,131.5,0.0013724088668823,10,0.9600361535475266,6006.25
20.0,6,64.0,473.686445463375,0.0,0.0,0.6,0.4,0.4,0.0,0.0,4,0,0,6,0,0.0211110115051269,0.0,1.0,0.0,0.0,0.0,0.0,0.0,1.0,0.0,0.0,0.0,0.0,0.0,1.0,1.0,1245,54,209,124.5,77.18844185210345,124.5,0.0021152019500732,10,0.9582015136728728,6006.25
20.0,6,64.0,869.4840274466718,0.0,0.0,0.5,0.5,0.5,0.0,0.0,5,0,0,5,0,0.0115010738372802,0.0,1.0,0.0,0.0,0.0,0.0,0.0,1.0,0.0,0.0,0.0,0.0,0.0,1.0,1.0,965,54,139,96.5,44.79893351905204,96.5,0.0014332056045532,10,0.9450073235583212,1806.25
20.0,6,64.0,1883.979697255536,0.0,0.0,0.5,0.5,0.5,0.0,0.0,5,0,0,5,0,0.005307912826538,0.0,1.0,0.0,0.0,0.0,0.0,0.0,1.0,0.0,0.0,0.0,0.0,0.0,1.0,1.0,967,54,141,96.7,45.01370161776671,96.7,0.0005955934524536,10,0.9450948114910136,1823.61
20.0,6,64.0,954.5525716886664,0.0,0.0,0.5,0.5,0.5,0.0,0.0,5,0,0,5,0,0.0104761123657226,0.0,1.0,0.0,0.0,0.0,0.0,0.0,1.0,0.0,0.0,0.0,0.0,0.0,1.0,1.0,975,54,141,97.5,45.8530260724415,97.5,0.0011296033859252,10,0.9454367187008698,1892.25
20.0,6,64.0,294.6203718662855,0.0,0.0,0.7,0.3,0.3,0.0,0.0,3,0,0,7,0,0.0339419841766357,0.0,1.0,0.0,0.0,0.0,0.0,0.0,1.0,0.0,0.0,0.0,0.0,0.0,1.0,1.0,924,54,141,92.4,42.114130645188446,92.4,0.0035358905792236,10,0.943913642259624,1892.25
20.0,6,64.0,49519.52774498229,0.0,0.0,1.0,0.0,0.0,0.0,0.0,0,0,0,10,0,0.000201940536499,0.0,1.0,0.0,0.0,0.0,0.0,0.0,1.0,0.0,0.0,0.0,0.0,0.0,1.0,1.0,666,66,68,66.6,0.966091783079296,66.6,0.0008470058441162,10,0.0,0.8400000000000001
20.0,6,64.0,346.8717643361617,0.0,0.0,0.8,0.2,0.2,0.0,0.0,2,0,0,8,0,0.0288290977478027,0.0,1.0,0.0,0.0,0.0,0.0,0.0,1.0,0.0,0.0,0.0,0.0,0.0,1.0,1.0,662,54,68,66.2,4.366539438350084,66.2,0.0028850078582763,10,0.9285367835056064,19.06172839506173
20.0,6,64.0,548.5762117764001,0.0,0.0,0.6,0.4,0.4,0.0,0.0,4,0,0,6,0,0.0182290077209472,0.0,1.0,0.0,0.0,0.0,0.0,0.0,1.0,0.0,0.0,0.0,0.0,0.0,1.0,1.0,600,54,66,60.0,6.324555320336759,60.0,0.0018260955810546,10,0.9293344008552924,36.0
20.0,6,64.0,1777.473407636564,0.0,0.0,0.5,0.5,0.5,0.0,0.0,5,0,0,5,0,0.0056259632110595,0.0,1.0,0.0,0.0,0.0,0.0,0.0,1.0,0.0,0.0,0.0,0.0,0.0,1.0,1.0,602,54,67,60.2,6.545566777937908,60.2,0.0005656957626342,10,0.9294244320826608,38.56
20.0,6,64.0,2009.2474251497008,0.0,0.0,0.5,0.5,0.5,0.0,0.0,5,0,0,5,0,0.0049769878387451,0.0,1.0,0.0,0.0,0.0,0.0,0.0,1.0,0.0,0.0,0.0,0.0,0.0,1.0,1.0,618,54,67,61.8,6.713171133426189,61.8,0.0006207942962646,10,0.9294927073929125,41.72839506172839
20.0,6,64.0,238.58384527872585,0.0,0.0,0.5,0.5,0.5,0.0,0.0,5,0,0,5,0,0.0419139862060546,0.0,1.0,0.0,0.0,0.0,0.0,0.0,1.0,0.0,0.0,0.0,0.0,0.0,1.0,1.0,629,54,75,62.9,9.8257032544467,62.9,0.0041953086853027,10,0.9307606284777314,86.89
20.0,6,64.0,1242.5358454793222,0.0,0.0,0.6,0.4,0.4,0.0,0.0,4,0,0,6,0,0.0080480575561523,0.0,1.0,0.0,0.0,0.0,0.0,0.0,1.0,0.0,0.0,0.0,0.0,0.0,1.0,1.0,645,54,75,64.5,11.067971810589327,64.5,0.000885796546936,10,0.9312666789967616,110.25
20.0,6,64.0,3388.7888826048315,0.0,0.0,0.5,0.5,0.5,0.0,0.0,5,0,0,5,0,0.00295090675354,0.0,1.0,0.0,0.0,0.0,0.0,0.0,1.0,0.0,0.0,0.0,0.0,0.0,1.0,1.0,674,54,77,67.4,11.55854662143991,67.4,0.0003881931304931,10,0.9314665195517098,122.22222222222224
20.0,6,64.0,2083.401549771508,0.0,0.0,0.6,0.4,0.4,0.0,0.0,4,0,0,6,0,0.0047998428344726,0.0,1.0,0.0,0.0,0.0,0.0,0.0,1.0,0.0,0.0,0.0,0.0,0.0,1.0,1.0,678,54,77,67.8,11.877148928369412,67.8,0.000484299659729,10,0.9315963053874604,132.25
20.0,6,64.0,306.3257451268231,0.0,0.0,0.5,0.5,0.5,0.0,0.0,5,0,0,5,0,0.0326449871063232,0.0,1.0,0.0,0.0,0.0,0.0,0.0,1.0,0.0,0.0,0.0,0.0,0.0,1.0,1.0,590,54,64,59.0,5.270462766947299,59.0,0.003267502784729,10,0.9289050057127436,25.0
20.0,6,64.0,1023.9500024412872,0.0,0.0,0.5,0.5,0.5,0.0,0.0,5,0,0,5,0,0.0097661018371582,0.0,1.0,0.0,0.0,0.0,0.0,0.0,1.0,0.0,0.0,0.0,0.0,0.0,1.0,1.0,590,54,64,59.0,5.270462766947299,59.0,0.0009802103042602,10,0.9289050057127436,25.0
20.0,6,64.0,2460.002346041056,0.0,0.0,0.5,0.5,0.5,0.0,0.0,5,0,0,5,0,0.0040650367736816,0.0,1.0,0.0,0.0,0.0,0.0,0.0,1.0,0.0,0.0,0.0,0.0,0.0,1.0,1.0,600,54,66,60.0,6.324555320336759,60.0,0.0004093885421752,10,0.9293344008552924,36.0
20.0,6,64.0,2565.480457520337,0.0,0.0,0.5,0.5,0.5,0.0,0.0,5,0,0,5,0,0.0038979053497314,0.0,1.0,0.0,0.0,0.0,0.0,0.0,1.0,0.0,0.0,0.0,0.0,0.0,1.0,1.0,600,54,66,60.0,6.324555320336759,60.0,0.0003927946090698,10,0.9293344008552924,36.0
20.0,6,64.0,228.2626844227724,0.0,0.0,1.0,0.0,0.0,0.0,0.0,0,0,0,10,0,0.043809175491333,0.0,1.0,0.0,0.0,0.0,0.0,0.0,1.0,0.0,0.0,0.0,0.0,0.0,1.0,1.0,648,54,66,64.8,3.794733192202056,64.8,0.004384422302246,10,0.9283038525131756,36.0
20.0,6,64.0,3124.947101773208,0.0,0.0,1.0,0.0,0.0,0.0,0.0,0,0,0,10,0,0.0032000541687011,0.0,1.0,0.0,0.0,0.0,0.0,0.0,1.0,0.0,0.0,0.0,0.0,0.0,1.0,1.0,678,66,68,67.8,0.6324555320336757,67.8,0.0003228902816772,10,0.0,1.0
20.0,6,64.0,238.56620386433312,0.0,0.0,1.0,0.0,0.0,0.0,0.0,0,0,0,10,0,0.041917085647583,0.0,1.0,0.0,0.0,0.0,0.0,0.0,1.0,0.0,0.0,0.0,0.0,0.0,1.0,1.0,644,64,68,64.4,1.264911064067351,64.4,0.004193902015686,10,0.9102320041710584,4.0
20.0,6,64.0,29147.35232800556,0.0,0.0,1.0,0.0,0.0,0.0,0.0,0,0,0,10,0,0.0003430843353271,0.0,1.0,0.0,0.0,0.0,0.0,0.0,1.0,0.0,0.0,0.0,0.0,0.0,1.0,1.0,658,64,66,65.8,0.6324555320336757,65.8,3.650188446044922e-05,10,0.0,1.0
20.0,6,64.0,223.4328604684612,0.0,0.0,1.0,0.0,0.0,0.0,0.0,0,0,0,10,0,0.0447561740875244,0.0,1.0,0.0,0.0,0.0,0.0,0.0,1.0,0.0,0.0,0.0,0.0,0.0,1.0,1.0,642,64,66,64.2,0.6324555320336757,64.2,0.0044780015945434,10,0.0,1.0
20.0,6,64.0,84733.41414141415,0.0,0.0,1.0,0.0,0.0,0.0,0.0,0,0,0,10,0,0.0001180171966552,0.0,1.0,0.0,0.0,0.0,0.0,0.0,1.0,0.0,0.0,0.0,0.0,0.0,1.0,1.0,658,64,66,65.8,0.6324555320336757,65.8,1.9884109497070317e-05,10,0.0,1.0
20.0,6,64.0,249.09751751989543,0.0,0.0,0.5,0.5,0.5,0.0,0.0,5,0,0,5,0,0.040144920349121,0.0,1.0,0.0,0.0,0.0,0.0,0.0,1.0,0.0,0.0,0.0,0.0,0.0,1.0,1.0,562,54,66,56.2,3.5839146815241643,56.2,0.0041635036468505,10,0.9282179734846656,27.55555555555556
20.0,6,64.0,936.8559303104756,0.0,0.0,0.5,0.5,0.5,0.0,0.0,5,0,0,5,0,0.0106739997863769,0.0,1.0,0.0,0.0,0.0,0.0,0.0,1.0,0.0,0.0,0.0,0.0,0.0,1.0,1.0,550,54,56,55.0,1.0540925533894598,55.0,0.0010704040527343,10,0.9271874251425488,1.0
20.0,6,64.0,1081.2012476477714,0.0,0.0,0.5,0.5,0.5,0.0,0.0,5,0,0,5,0,0.0092489719390869,0.0,1.0,0.0,0.0,0.0,0.0,0.0,1.0,0.0,0.0,0.0,0.0,0.0,1.0,1.0,560,54,58,56.0,2.10818510677892,56.0,0.0009284019470214,10,0.9276168202850976,4.0
20.0,6,64.0,1486.5511252879674,0.0,0.0,0.5,0.5,0.5,0.0,0.0,5,0,0,5,0,0.0067269802093505,0.0,1.0,0.0,0.0,0.0,0.0,0.0,1.0,0.0,0.0,0.0,0.0,0.0,1.0,1.0,560,54,58,56.0,2.10818510677892,56.0,0.0006757020950317,10,0.9276168202850976,4.0
20.0,6,64.0,273.17159586038906,0.0,0.0,0.7,0.3,0.3,0.0,0.0,3,0,0,7,0,0.036607027053833,0.0,1.0,0.0,0.0,0.0,0.0,0.0,1.0,0.0,0.0,0.0,0.0,0.0,1.0,1.0,624,54,66,62.4,5.796550698475776,62.4,0.003664207458496,10,0.9291193128925312,36.0
20.0,6,64.0,5920.813099943534,0.0,0.0,0.6,0.4,0.4,0.0,0.0,4,0,0,6,0,0.0016889572143554,0.0,1.0,0.0,0.0,0.0,0.0,0.0,1.0,0.0,0.0,0.0,0.0,0.0,1.0,1.0,602,54,67,60.2,6.545566777937908,60.2,0.0001705884933471,10,0.9294244320826608,38.56
20.0,6,64.0,3349.013094857873,0.0,0.0,0.5,0.5,0.5,0.0,0.0,5,0,0,5,0,0.0029859542846679,0.0,1.0,0.0,0.0,0.0,0.0,0.0,1.0,0.0,0.0,0.0,0.0,0.0,1.0,1.0,618,54,67,61.8,6.713171133426189,61.8,0.0003474950790405,10,0.9294927073929125,42.25
20.0,6,64.0,255.3563100826165,0.0,0.0,0.8,0.2,0.2,0.0,0.0,2,0,0,8,0,0.0391609668731689,0.0,1.0,0.0,0.0,0.0,0.0,0.0,1.0,0.0,0.0,0.0,0.0,0.0,1.0,1.0,626,54,67,62.6,5.94792213951879,62.6,0.0039183139801025,10,0.9291809755627544,42.25
20.0,6,64.0,963.4769025796522,0.0,0.0,1.0,0.0,0.0,0.0,0.0,0,0,0,10,0,0.0103790760040283,0.0,1.0,0.0,0.0,0.0,0.0,0.0,1.0,0.0,0.0,0.0,0.0,0.0,1.0,1.0,670,66,68,67.0,1.0540925533894598,67.0,0.0010406970977783,10,0.9067378651425488,1.0
20.0,6,64.0,247.09003935245187,0.0,0.0,1.0,0.0,0.0,0.0,0.0,0,0,0,10,0,0.040471076965332,0.0,1.0,0.0,0.0,0.0,0.0,0.0,1.0,0.0,0.0,0.0,0.0,0.0,1.0,1.0,660,64,68,66.0,2.10818510677892,66.0,0.0040487051010131,10,0.9105755202850976,4.0
20.0,6,64.0,1077.1196712891629,0.0,0.0,1.0,0.0,0.0,0.0,0.0,0,0,0,10,0,0.0092840194702148,0.0,1.0,0.0,0.0,0.0,0.0,0.0,1.0,0.0,0.0,0.0,0.0,0.0,1.0,1.0,650,64,66,65.0,1.0540925533894598,65.0,0.0009291887283325,10,0.9101461251425488,1.0
20.0,6,64.0,245.5077791175472,0.0,0.0,1.0,0.0,0.0,0.0,0.0,0,0,0,10,0,0.0407319068908691,0.0,1.0,0.0,0.0,0.0,0.0,0.0,1.0,0.0,0.0,0.0,0.0,0.0,1.0,1.0,660,66,66,66.0,0.0,66.0,0.0040740966796875,10,0.0,0.0
20.0,6,64.0,974.1734990128904,0.0,0.0,1.0,0.0,0.0,0.0,0.0,0,0,0,10,0,0.0102651119232177,0.0,1.0,0.0,0.0,0.0,0.0,0.0,1.0,0.0,0.0,0.0,0.0,0.0,1.0,1.0,670,66,68,67.0,1.0540925533894598,67.0,0.001027512550354,10,0.9067378651425488,1.0
20.0,6,64.0,225.4735461397039,0.0,0.0,0.7,0.3,0.3,0.0,0.0,3,0,0,7,0,0.0443511009216308,0.0,1.0,0.0,0.0,0.0,0.0,0.0,1.0,0.0,0.0,0.0,0.0,0.0,1.0,1.0,640,54,68,64.0,5.57773351022717,64.0,0.004810094833374,10,0.9290301755227262,31.11111111111111
20.0,6,64.0,1630.5656416436652,0.0,0.0,0.6,0.4,0.4,0.0,0.0,4,0,0,6,0,0.0061328411102294,0.0,1.0,0.0,0.0,0.0,0.0,0.0,1.0,0.0,0.0,0.0,0.0,0.0,1.0,1.0,590,54,64,59.0,5.270462766947299,59.0,0.0006187915802001,10,0.9289050057127436,25.0
20.0,6,64.0,1217.5754760798886,0.0,0.0,0.5,0.5,0.5,0.0,0.0,5,0,0,5,0,0.0082130432128906,0.0,1.0,0.0,0.0,0.0,0.0,0.0,1.0,0.0,0.0,0.0,0.0,0.0,1.0,1.0,596,54,66,59.6,5.94792213951879,59.6,0.0009509086608886,10,0.9291809755627544,31.84
20.0,6,64.0,1432.43195246064,0.0,0.0,0.5,0.5,0.5,0.0,0.0,5,0,0,5,0,0.0069811344146728,0.0,1.0,0.0,0.0,0.0,0.0,0.0,1.0,0.0,0.0,0.0,0.0,0.0,1.0,1.0,600,54,66,60.0,6.324555320336759,60.0,0.0008166074752807,10,0.9293344008552924,36.0
20.0,6,64.0,377.9435378501852,0.0,0.0,0.8,0.2,0.2,0.0,0.0,2,0,0,8,0,0.0264589786529541,0.0,1.0,0.0,0.0,0.0,0.0,0.0,1.0,0.0,0.0,0.0,0.0,0.0,1.0,1.0,624,54,66,62.4,4.501851470969102,62.4,0.0027211904525756,10,0.928591904215214,36.0
20.0,6,64.0,2875.9626988480527,0.0,0.0,1.0,0.0,0.0,0.0,0.0,0,0,0,10,0,0.0034770965576171,0.0,1.0,0.0,0.0,0.0,0.0,0.0,1.0,0.0,0.0,0.0,0.0,0.0,1.0,1.0,652,64,66,65.2,1.0327955589886444,65.2,0.0003489017486572,10,0.9101374495989096,1.0
20.0,6,64.0,230.78087859846815,0.0,0.0,1.0,0.0,0.0,0.0,0.0,0,0,0,10,0,0.0433311462402343,0.0,1.0,0.0,0.0,0.0,0.0,0.0,1.0,0.0,0.0,0.0,0.0,0.0,1.0,1.0,7608,66,1224,760.8,597.9886286544253,760.8,0.004336404800415,10,1.0,335241.0
20.0,6,64.0,890.226891648095,0.0,0.0,1.0,0.0,0.0,0.0,0.0,0,0,0,10,0,0.0112330913543701,0.0,1.0,0.0,0.0,0.0,0.0,0.0,1.0,0.0,0.0,0.0,0.0,0.0,1.0,1.0,12246,1224,1225,1224.6,0.5163977794943223,1224.6,0.0013171911239624,10,0.0,0.25
20.0,6,64.0,200.168178716134,0.0,0.0,0.9,0.1,0.1,0.0,0.0,1,0,0,9,0,0.0499579906463623,0.0,1.0,0.0,0.0,0.0,0.0,0.0,1.0,0.0,0.0,0.0,0.0,0.0,1.0,1.0,5274,54,1225,527.4,600.4061958374514,527.4,0.0049974918365478,10,1.0,336980.25
20.0,6,64.0,593.7912679087151,0.0,0.0,0.9,0.1,0.1,0.0,0.0,1,0,0,9,0,0.0168409347534179,0.0,1.0,0.0,0.0,0.0,0.0,0.0,1.0,0.0,0.0,0.0,0.0,0.0,1.0,1.0,638,54,66,63.8,3.583914681524164,63.8,0.0016880989074707,10,0.9282179734846656,16.0
20.0,6,64.0,480.9319818373618,0.0,0.0,0.9,0.1,0.1,0.0,0.0,1,0,0,9,0,0.0207929611206054,0.0,1.0,0.0,0.0,0.0,0.0,0.0,1.0,0.0,0.0,0.0,0.0,0.0,1.0,1.0,642,54,66,64.2,3.705851229249946,64.2,0.0020816087722778,10,0.9282676455567472,27.0
20.0,6,64.0,790.7067584126685,0.0,0.0,1.0,0.0,0.0,0.0,0.0,0,0,0,10,0,0.0126469135284423,0.0,1.0,0.0,0.0,0.0,0.0,0.0,1.0,0.0,0.0,0.0,0.0,0.0,1.0,1.0,646,64,66,64.6,0.966091783079296,64.6,0.0012696027755737,10,0.0,0.8400000000000001
20.0,6,64.0,277.63976964321176,0.0,0.0,0.8,0.2,0.2,0.0,0.0,2,0,0,8,0,0.036017894744873,0.0,1.0,0.0,0.0,0.0,0.0,0.0,1.0,0.0,0.0,0.0,0.0,0.0,1.0,1.0,644,54,66,64.4,3.747591819348053,64.4,0.0036032915115356,10,0.9282846490035296,14.024691358024691
20.0,6,64.0,628.294261275971,0.0,0.0,0.5,0.5,0.5,0.0,0.0,5,0,0,5,0,0.015916109085083,0.0,1.0,0.0,0.0,0.0,0.0,0.0,1.0,0.0,0.0,0.0,0.0,0.0,1.0,1.0,590,54,64,59.0,5.270462766947299,59.0,0.0015956163406372,10,0.9289050057127436,25.0
20.0,6,64.0,1403.9041371000137,0.0,0.0,0.6,0.4,0.4,0.0,0.0,4,0,0,6,0,0.0071229934692382,0.0,1.0,0.0,0.0,0.0,0.0,0.0,1.0,0.0,0.0,0.0,0.0,0.0,1.0,1.0,594,54,66,59.4,5.738757124441959,59.4,0.0007169961929321,10,0.9290957701022128,29.64
20.0,6,64.0,2870.255252172723,0.0,0.0,0.5,0.5,0.5,0.0,0.0,5,0,0,5,0,0.0034840106964111,0.0,1.0,0.0,0.0,0.0,0.0,0.0,1.0,0.0,0.0,0.0,0.0,0.0,1.0,1.0,600,54,66,60.0,6.324555320336759,60.0,0.0004288911819458,10,0.9293344008552924,36.0
20.0,6,64.0,302.70888213685146,0.0,0.0,0.7,0.3,0.3,0.0,0.0,3,0,0,7,0,0.0330350399017334,0.0,1.0,0.0,0.0,0.0,0.0,0.0,1.0,0.0,0.0,0.0,0.0,0.0,1.0,1.0,736,54,94,73.6,18.22818330681,73.6,0.0034613132476806,10,0.934183462751862,299.04
20.0,6,64.0,7385.638316605036,0.0,0.0,0.9,0.1,0.1,0.0,0.0,1,0,0,9,0,0.0013539791107177,0.0,1.0,0.0,0.0,0.0,0.0,0.0,1.0,0.0,0.0,0.0,0.0,0.0,1.0,1.0,906,54,96,90.6,12.894443247642242,90.6,0.0002553939819335,10,0.9320107104013596,300.0
20.0,6,64.0,185.120138410748,0.0,0.0,0.9,0.1,0.1,0.0,0.0,1,0,0,9,0,0.0540189743041992,0.0,1.0,0.0,0.0,0.0,0.0,0.0,1.0,0.0,0.0,0.0,0.0,0.0,1.0,1.0,858,54,96,85.8,16.745148551147583,85.8,0.0054044008255004,10,0.9335793337137956,252.36
20.0,6,64.0,3492.6338579398785,0.0,0.0,0.5,0.5,0.5,0.0,0.0,5,0,0,5,0,0.0028631687164306,0.0,1.0,0.0,0.0,0.0,0.0,0.0,1.0,0.0,0.0,0.0,0.0,0.0,1.0,1.0,612,54,66,61.2,6.196773353931867,61.2,0.0002876043319702,10,0.9292823475934576,35.55555555555556
20.0,6,64.0,3748.260947274352,0.0,0.0,0.7,0.3,0.3,0.0,0.0,3,0,0,7,0,0.0026679039001464,0.0,1.0,0.0,0.0,0.0,0.0,0.0,1.0,0.0,0.0,0.0,0.0,0.0,1.0,1.0,620,54,68,62.0,6.928203230275509,62.0,0.0002704858779907,10,0.9295803028678852,43.55555555555556
20.0,6,64.0,2931.6446494722863,0.0,0.0,0.6,0.4,0.4,0.0,0.0,4,0,0,6,0,0.003411054611206,0.0,1.0,0.0,0.0,0.0,0.0,0.0,1.0,0.0,0.0,0.0,0.0,0.0,1.0,1.0,624,54,68,62.4,7.229568912920511,62.4,0.0004395008087158,10,0.9297030671923672,49.0
20.0,6,64.0,671.9917969751345,0.0,0.0,1.0,0.0,0.0,0.0,0.0,0,0,0,10,0,0.0148811340332031,0.0,1.0,0.0,0.0,0.0,0.0,0.0,1.0,0.0,0.0,0.0,0.0,0.0,1.0,1.0,660,66,66,66.0,0.0,66.0,0.0041195154190063,10,0.0,0.0
20.0,6,64.0,76260.07272727272,0.0,0.0,1.0,0.0,0.0,0.0,0.0,0,0,0,10,0,0.0001311302185058,0.0,1.0,0.0,0.0,0.0,0.0,0.0,1.0,0.0,0.0,0.0,0.0,0.0,1.0,1.0,660,66,66,66.0,0.0,66.0,1.4591217041015626e-05,10,0.0,0.0
20.0,6,64.0,547.1663948861783,0.0,0.0,0.7,0.3,0.3,0.0,0.0,3,0,0,7,0,0.0182759761810302,0.0,1.0,0.0,0.0,0.0,0.0,0.0,1.0,0.0,0.0,0.0,0.0,0.0,1.0,1.0,8730,54,1224,873.0,565.163693101388,873.0,0.0057252883911132,10,1.0,328536.0
20.0,6,64.0,9700.055504162812,0.0,0.0,0.8,0.2,0.2,0.0,0.0,2,0,0,8,0,0.0010309219360351,0.0,1.0,0.0,0.0,0.0,0.0,0.0,1.0,0.0,0.0,0.0,0.0,0.0,1.0,1.0,9910,54,1226,991.0,493.84320498627005,991.0,0.0001044034957885,10,1.0,219493.0
20.0,6,64.0,212.44942408801276,0.0,0.0,0.8,0.2,0.2,0.0,0.0,2,0,0,8,0,0.047070026397705,0.0,1.0,0.0,0.0,0.0,0.0,0.0,1.0,0.0,0.0,0.0,0.0,0.0,1.0,1.0,6448,54,1226,644.8,612.6490385566964,644.8,0.0048243999481201,10,1.0,337804.96
20.0,6,64.0,2090.670920147543,0.0,0.0,0.6,0.4,0.4,0.0,0.0,4,0,0,6,0,0.0047831535339355,0.0,1.0,0.0,0.0,0.0,0.0,0.0,1.0,0.0,0.0,0.0,0.0,0.0,1.0,1.0,600,54,66,60.0,6.324555320336759,60.0,0.0004834175109863,10,0.9293344008552924,36.0
20.0,6,64.0,2582.063531149963,0.0,0.0,0.6,0.4,0.4,0.0,0.0,4,0,0,6,0,0.0038728713989257,0.0,1.0,0.0,0.0,0.0,0.0,0.0,1.0,0.0,0.0,0.0,0.0,0.0,1.0,1.0,636,54,68,63.6,6.65331997326648,63.6,0.0005762815475463,10,0.92946832642431,43.75
20.0,6,64.0,353.04697692819207,0.0,0.0,0.8,0.2,0.2,0.0,0.0,2,0,0,8,0,0.0283248424530029,0.0,1.0,0.0,0.0,0.0,0.0,0.0,1.0,0.0,0.0,0.0,0.0,0.0,1.0,1.0,632,54,68,63.2,6.408327915038888,63.2,0.0028357982635498,10,0.9293685264594702,49.0
20.0,6,64.0,89240.51063829787,0.0,0.0,1.0,0.0,0.0,0.0,0.0,0,0,0,10,0,0.0001120567321777,0.0,1.0,0.0,0.0,0.0,0.0,0.0,1.0,0.0,0.0,0.0,0.0,0.0,1.0,1.0,666,66,68,66.6,0.966091783079296,66.6,0.0008881092071533,10,0.0,0.8400000000000001
20.0,6,64.0,245.77392078848217,0.0,0.0,0.8,0.2,0.2,0.0,0.0,2,0,0,8,0,0.0406877994537353,0.0,1.0,0.0,0.0,0.0,0.0,0.0,1.0,0.0,0.0,0.0,0.0,0.0,1.0,1.0,1908,54,689,190.8,262.6107385466177,190.8,0.0040695905685424,10,1.0,62067.96
20.0,6,64.0,518.2952116156936,0.0,0.0,0.6,0.4,0.4,0.0,0.0,4,0,0,6,0,0.0192940235137939,0.0,1.0,0.0,0.0,0.0,0.0,0.0,1.0,0.0,0.0,0.0,0.0,0.0,1.0,1.0,3715,54,689,371.5,334.6743857011535,371.5,0.0020263195037841,10,1.0,100806.25
20.0,6,64.0,2533.55723346421,0.0,0.0,0.8,0.2,0.2,0.0,0.0,2,0,0,8,0,0.0039470195770263,0.0,1.0,0.0,0.0,0.0,0.0,0.0,1.0,0.0,0.0,0.0,0.0,0.0,1.0,1.0,5630,54,691,563.0,268.26810801468326,563.0,0.0003986835479736,10,1.0,75843.75
20.0,6,64.0,317.996027233165,0.0,0.0,0.8,0.2,0.2,0.0,0.0,2,0,0,8,0,0.0314469337463378,0.0,1.0,0.0,0.0,0.0,0.0,0.0,1.0,0.0,0.0,0.0,0.0,0.0,1.0,1.0,3761,54,691,376.1,331.962665236787,376.1,0.003148603439331,10,1.0,99179.29
20.0,6,64.0,785.4354787363533,0.0,0.0,1.0,0.0,0.0,0.0,0.0,0,0,0,10,0,0.0127317905426025,0.0,1.0,0.0,0.0,0.0,0.0,0.0,1.0,0.0,0.0,0.0,0.0,0.0,1.0,1.0,666,66,68,66.6,0.966091783079296,66.6,0.0014349937438964,10,0.0,0.8400000000000001
20.0,6,64.0,270.93586894734125,0.0,0.0,0.8,0.2,0.2,0.0,0.0,2,0,0,8,0,0.0369091033935546,0.0,1.0,0.0,0.0,0.0,0.0,0.0,1.0,0.0,0.0,0.0,0.0,0.0,1.0,1.0,738,54,104,73.8,16.50454482862221,73.8,0.0036924123764038,10,0.9334813213813876,245.16
20.0,6,64.0,574.3497610472839,0.0,0.0,0.6,0.4,0.4,0.0,0.0,4,0,0,6,0,0.0174109935760498,0.0,1.0,0.0,0.0,0.0,0.0,0.0,1.0,0.0,0.0,0.0,0.0,0.0,1.0,1.0,790,54,104,79.0,26.352313834736496,79.0,0.0017454862594604,10,0.9374929085637184,625.0
20.0,6,64.0,2489.4966761633427,0.0,0.0,0.6,0.4,0.4,0.0,0.0,4,0,0,6,0,0.0040168762207031,0.0,1.0,0.0,0.0,0.0,0.0,0.0,1.0,0.0,0.0,0.0,0.0,0.0,1.0,1.0,898,54,106,89.8,24.719762674157423,89.8,0.0005572080612182,10,0.9368278725229447,625.0
20.0,6,64.0,2988.6732221747184,0.0,0.0,0.7,0.3,0.3,0.0,0.0,3,0,0,7,0,0.0033459663391113,0.0,1.0,0.0,0.0,0.0,0.0,0.0,1.0,0.0,0.0,0.0,0.0,0.0,1.0,1.0,852,54,106,85.2,26.85268453370476,85.2,0.0003366947174072,10,0.93769673957165,676.0
20.0,6,64.0,606.1658525305662,0.0,0.0,1.0,0.0,0.0,0.0,0.0,0,0,0,10,0,0.0164971351623535,0.0,1.0,0.0,0.0,0.0,0.0,0.0,1.0,0.0,0.0,0.0,0.0,0.0,1.0,1.0,660,66,66,66.0,0.0,66.0,0.0036116123199462,10,0.0,0.0
20.0,6,64.0,2417.7449850126814,0.0,0.0,1.0,0.0,0.0,0.0,0.0,0,0,0,10,0,0.0041360855102539,0.0,1.0,0.0,0.0,0.0,0.0,0.0,1.0,0.0,0.0,0.0,0.0,0.0,1.0,1.0,680,68,68,68.0,0.0,68.0,0.000769305229187,10,0.0,0.0
20.0,6,64.0,1364.2674993494666,0.0,0.0,0.6,0.4,0.4,0.0,0.0,4,0,0,6,0,0.0073299407958984,0.0,1.0,0.0,0.0,0.0,0.0,0.0,1.0,0.0,0.0,0.0,0.0,0.0,1.0,1.0,600,54,64,60.0,5.163977794943222,60.0,0.003331184387207,10,0.928861627994548,25.0
20.0,6,64.0,2964.5914616906985,0.0,0.0,0.5,0.5,0.5,0.0,0.0,5,0,0,5,0,0.0033731460571289,0.0,1.0,0.0,0.0,0.0,0.0,0.0,1.0,0.0,0.0,0.0,0.0,0.0,1.0,1.0,604,54,66,60.4,5.561774297230456,60.4,0.0009359121322631,10,0.9290236743777198,27.84
20.0,6,64.0,891.5893969347193,0.0,0.0,0.5,0.5,0.5,0.0,0.0,5,0,0,5,0,0.0112159252166748,0.0,1.0,0.0,0.0,0.0,0.0,0.0,1.0,0.0,0.0,0.0,0.0,0.0,1.0,1.0,600,54,66,60.0,6.324555320336759,60.0,0.0011245965957641,10,0.9293344008552924,36.0
20.0,6,64.0,320.9255206818981,0.0,0.0,0.5,0.5,0.5,0.0,0.0,5,0,0,5,0,0.0311598777770996,0.0,1.0,0.0,0.0,0.0,0.0,0.0,1.0,0.0,0.0,0.0,0.0,0.0,1.0,1.0,596,54,66,59.6,5.94792213951879,59.6,0.0031195878982543,10,0.9291809755627544,36.0
20.0,6,64.0,1186.9439963777345,0.0,0.0,0.7,0.3,0.3,0.0,0.0,3,0,0,7,0,0.0084249973297119,0.0,1.0,0.0,0.0,0.0,0.0,0.0,1.0,0.0,0.0,0.0,0.0,0.0,1.0,1.0,600,54,64,60.0,5.163977794943222,60.0,0.0008462190628051,10,0.928861627994548,25.0
20.0,6,64.0,3028.5970106144846,0.0,0.0,0.7,0.3,0.3,0.0,0.0,3,0,0,7,0,0.0033018589019775,0.0,1.0,0.0,0.0,0.0,0.0,0.0,1.0,0.0,0.0,0.0,0.0,0.0,1.0,1.0,632,54,66,63.2,4.917090377222873,63.2,0.0016615867614746,10,0.9287610559360656,24.75
20.0,6,64.0,394.943879472693,0.0,0.0,0.7,0.3,0.3,0.0,0.0,3,0,0,7,0,0.0253200531005859,0.0,1.0,0.0,0.0,0.0,0.0,0.0,1.0,0.0,0.0,0.0,0.0,0.0,1.0,1.0,612,54,66,61.2,6.196773353931867,61.2,0.0025355100631713,10,0.9292823475934576,36.0
20.0,6,64.0,1453.2774332143724,0.0,0.0,0.5,0.5,0.5,0.0,0.0,5,0,0,5,0,0.0068809986114501,0.0,1.0,0.0,0.0,0.0,0.0,0.0,1.0,0.0,0.0,0.0,0.0,0.0,1.0,1.0,600,54,66,60.0,6.324555320336759,60.0,0.002263593673706,10,0.9293344008552924,36.0
20.0,6,64.0,2351.726380712083,0.0,0.0,0.5,0.5,0.5,0.0,0.0,5,0,0,5,0,0.0042521953582763,0.0,1.0,0.0,0.0,0.0,0.0,0.0,1.0,0.0,0.0,0.0,0.0,0.0,1.0,1.0,604,54,68,60.4,6.785605679999719,60.4,0.0005134105682373,10,0.9295222143298046,41.44
20.0,6,64.0,2020.183026683364,0.0,0.0,0.5,0.5,0.5,0.0,0.0,5,0,0,5,0,0.0049500465393066,0.0,1.0,0.0,0.0,0.0,0.0,0.0,1.0,0.0,0.0,0.0,0.0,0.0,1.0,1.0,610,54,68,61.0,7.378647873726218,61.0,0.0006034851074218,10,0.9297637959978412,49.0
20.0,6,64.0,590.3230074172074,0.0,0.0,0.5,0.5,0.5,0.0,0.0,5,0,0,5,0,0.0169398784637451,0.0,1.0,0.0,0.0,0.0,0.0,0.0,1.0,0.0,0.0,0.0,0.0,0.0,1.0,1.0,702,54,94,70.2,17.523317798484015,70.2,0.0018496990203857,10,0.9338963287383903,276.36
20.0,6,64.0,607.280466793114,0.0,0.0,0.7,0.3,0.3,0.0,0.0,3,0,0,7,0,0.0164668560028076,0.0,1.0,0.0,0.0,0.0,0.0,0.0,1.0,0.0,0.0,0.0,0.0,0.0,1.0,1.0,780,54,94,78.0,20.65591117977289,78.0,0.0016484975814819,10,0.9351724219781924,400.0
20.0,6,64.0,1161.310186338843,0.0,0.0,0.8,0.2,0.2,0.0,0.0,2,0,0,8,0,0.0086109638214111,0.0,1.0,0.0,0.0,0.0,0.0,0.0,1.0,0.0,0.0,0.0,0.0,0.0,1.0,1.0,874,54,96,87.4,17.61438805825132,87.4,0.0008649110794067,10,0.9339334271194092,374.22222222222223
20.0,6,64.0,340.36663447727403,0.0,0.0,1.0,0.0,0.0,0.0,0.0,0,0,0,10,0,0.0293800830841064,0.0,1.0,0.0,0.0,0.0,0.0,0.0,1.0,0.0,0.0,0.0,0.0,0.0,1.0,1.0,750,66,96,75.0,14.491376746189438,75.0,0.0030426979064941,10,0.9122116772313278,225.0
20.0,6,64.0,886.5201217450118,0.0,0.0,1.0,0.0,0.0,0.0,0.0,0,0,0,10,0,0.0112800598144531,0.0,1.0,0.0,0.0,0.0,0.0,0.0,1.0,0.0,0.0,0.0,0.0,0.0,1.0,1.0,674,66,68,67.4,0.9660917830792958,67.4,0.0011290073394775,10,0.0,1.0
20.0,6,64.0,252.7100190994921,0.0,0.0,1.0,0.0,0.0,0.0,0.0,0,0,0,10,0,0.0395710468292236,0.0,1.0,0.0,0.0,0.0,0.0,0.0,1.0,0.0,0.0,0.0,0.0,0.0,1.0,1.0,652,64,68,65.2,1.932183566158592,65.2,0.0039594888687133,10,0.9105038242975104,4.0
20.0,6,64.0,99156.12293144208,0.0,0.0,1.0,0.0,0.0,0.0,0.0,0,0,0,10,0,0.0001008510589599,0.0,1.0,0.0,0.0,0.0,0.0,0.0,1.0,0.0,0.0,0.0,0.0,0.0,1.0,1.0,654,64,66,65.4,0.9660917830792958,65.4,0.0007870912551879,10,0.0,1.0
20.0,6,64.0,253.0561220180276,0.0,0.0,0.6,0.4,0.4,0.0,0.0,4,0,0,6,0,0.0395169258117675,0.0,1.0,0.0,0.0,0.0,0.0,0.0,1.0,0.0,0.0,0.0,0.0,0.0,1.0,1.0,624,54,66,62.4,5.796550698475775,62.4,0.0040418148040771,10,0.9291193128925312,32.0
20.0,6,64.0,616.75499220657,0.0,0.0,0.5,0.5,0.5,0.0,0.0,5,0,0,5,0,0.0162138938903808,0.0,1.0,0.0,0.0,0.0,0.0,0.0,1.0,0.0,0.0,0.0,0.0,0.0,1.0,1.0,600,54,66,60.0,6.324555320336759,60.0,0.0016228914260864,10,0.9293344008552924,36.0
20.0,6,64.0,3120.0654615785165,0.0,0.0,0.6,0.4,0.4,0.0,0.0,4,0,0,6,0,0.0032050609588623,0.0,1.0,0.0,0.0,0.0,0.0,0.0,1.0,0.0,0.0,0.0,0.0,0.0,1.0,1.0,622,54,68,62.2,7.083627444874397,62.2,0.0003235101699829,10,0.929643616475944,46.02469135802469
20.0,6,64.0,347.6451524670739,0.0,0.0,0.7,0.3,0.3,0.0,0.0,3,0,0,7,0,0.0287649631500244,0.0,1.0,0.0,0.0,0.0,0.0,0.0,1.0,0.0,0.0,0.0,0.0,0.0,1.0,1.0,620,54,68,62.0,6.99205898780101,62.0,0.0028811931610107,10,0.9296063151492706,49.0
20.0,6,64.0,939.8368737115712,0.0,0.0,0.8,0.2,0.2,0.0,0.0,2,0,0,8,0,0.0106401443481445,0.0,1.0,0.0,0.0,0.0,0.0,0.0,1.0,0.0,0.0,0.0,0.0,0.0,1.0,1.0,620,54,64,62.0,4.216370213557839,62.0,0.0011685132980346,10,0.9284756105701948,18.75
20.0,6,64.0,795.973735150112,0.0,0.0,1.0,0.0,0.0,0.0,0.0,0,0,0,10,0,0.0125632286071777,0.0,1.0,0.0,0.0,0.0,0.0,0.0,1.0,0.0,0.0,0.0,0.0,0.0,1.0,1.0,658,64,66,65.8,0.6324555320336757,65.8,0.0014292001724243,10,0.0,1.0
20.0,6,64.0,222.6228742489544,0.0,0.0,0.5,0.5,0.5,0.0,0.0,5,0,0,5,0,0.0449190139770507,0.0,1.0,0.0,0.0,0.0,0.0,0.0,1.0,0.0,0.0,0.0,0.0,0.0,1.0,1.0,612,54,66,61.2,6.196773353931867,61.2,0.004493498802185,10,0.9292823475934576,35.55555555555556
20.0,6,64.0,2276.7907936163283,0.0,0.0,0.5,0.5,0.5,0.0,0.0,5,0,0,5,0,0.0043921470642089,0.0,1.0,0.0,0.0,0.0,0.0,0.0,1.0,0.0,0.0,0.0,0.0,0.0,1.0,1.0,600,54,66,60.0,6.324555320336759,60.0,0.000442099571228,10,0.9293344008552924,36.0
20.0,6,64.0,2088.4847881292635,0.0,0.0,0.5,0.5,0.5,0.0,0.0,5,0,0,5,0,0.0047881603240966,0.0,1.0,0.0,0.0,0.0,0.0,0.0,1.0,0.0,0.0,0.0,0.0,0.0,1.0,1.0,610,54,68,61.0,7.378647873726218,61.0,0.0004817962646484,10,0.9297637959978412,49.0
20.0,6,64.0,2599.3455627169064,0.0,0.0,0.6,0.4,0.4,0.0,0.0,4,0,0,6,0,0.0038471221923828,0.0,1.0,0.0,0.0,0.0,0.0,0.0,1.0,0.0,0.0,0.0,0.0,0.0,1.0,1.0,610,54,68,61.0,7.378647873726218,61.0,0.0003885030746459,10,0.9297637959978412,49.0
20.0,6,64.0,795.6717380582008,0.0,0.0,1.0,0.0,0.0,0.0,0.0,0,0,0,10,0,0.0125679969787597,0.0,1.0,0.0,0.0,0.0,0.0,0.0,1.0,0.0,0.0,0.0,0.0,0.0,1.0,1.0,4720,472,472,472.0,0.0,472.0,0.003236699104309,10,0.0,0.0
20.0,6,64.0,1697.205519362279,0.0,0.0,1.0,0.0,0.0,0.0,0.0,0,0,0,10,0,0.0058920383453369,0.0,1.0,0.0,0.0,0.0,0.0,0.0,1.0,0.0,0.0,0.0,0.0,0.0,1.0,1.0,4740,474,474,474.0,0.0,474.0,0.0006994009017944,10,0.0,0.0
20.0,6,64.0,2801.057833578202,0.0,0.0,0.6,0.4,0.4,0.0,0.0,4,0,0,6,0,0.0035700798034667,0.0,1.0,0.0,0.0,0.0,0.0,0.0,1.0,0.0,0.0,0.0,0.0,0.0,1.0,1.0,612,54,66,61.2,6.196773353931867,61.2,0.0054462909698486,10,0.9292823475934576,36.0
20.0,6,64.0,4355.455867082035,0.0,0.0,0.6,0.4,0.4,0.0,0.0,4,0,0,6,0,0.002295970916748,0.0,1.0,0.0,0.0,0.0,0.0,0.0,1.0,0.0,0.0,0.0,0.0,0.0,1.0,1.0,616,54,68,61.6,6.586180818788517,61.6,0.0003397941589355,10,0.9294409766183416,39.04
20.0,6,64.0,3052.400844188924,0.0,0.0,0.5,0.5,0.5,0.0,0.0,5,0,0,5,0,0.0032761096954345,0.0,1.0,0.0,0.0,0.0,0.0,0.0,1.0,0.0,0.0,0.0,0.0,0.0,1.0,1.0,624,54,68,62.4,7.229568912920511,62.4,0.0004135131835937,10,0.9297030671923672,49.0
20.0,6,64.0,366.5804906613528,0.0,0.0,0.5,0.5,0.5,0.0,0.0,5,0,0,5,0,0.0272791385650634,0.0,1.0,0.0,0.0,0.0,0.0,0.0,1.0,0.0,0.0,0.0,0.0,0.0,1.0,1.0,694,54,96,69.4,19.18448447168817,69.4,0.0027307987213134,10,0.9345730215943868,331.24
20.0,6,64.0,639.7559524717439,0.0,0.0,0.5,0.5,0.5,0.0,0.0,5,0,0,5,0,0.0156309604644775,0.0,1.0,0.0,0.0,0.0,0.0,0.0,1.0,0.0,0.0,0.0,0.0,0.0,1.0,1.0,750,54,96,75.0,22.13594362117865,75.0,0.0015668869018554,10,0.9357753279935234,441.0
20.0,6,64.0,3176.540442290215,0.0,0.0,0.6,0.4,0.4,0.0,0.0,4,0,0,6,0,0.003148078918457,0.0,1.0,0.0,0.0,0.0,0.0,0.0,1.0,0.0,0.0,0.0,0.0,0.0,1.0,1.0,756,54,98,75.6,22.780108281861462,75.6,0.0003187179565429,10,0.9360377349096992,467.0400000000001
20.0,6,64.0,2389.508346151655,0.0,0.0,0.5,0.5,0.5,0.0,0.0,5,0,0,5,0,0.0041849613189697,0.0,1.0,0.0,0.0,0.0,0.0,0.0,1.0,0.0,0.0,0.0,0.0,0.0,1.0,1.0,760,54,98,76.0,23.19003617456812,76.0,0.0005576848983764,10,0.936204723136072,484.0
20.0,6,64.0,373.6939922843218,0.0,0.0,0.5,0.5,0.5,0.0,0.0,5,0,0,5,0,0.0267598628997802,0.0,1.0,0.0,0.0,0.0,0.0,0.0,1.0,0.0,0.0,0.0,0.0,0.0,1.0,1.0,754,54,98,75.4,22.569399145253684,75.4,0.0027899980545043,10,0.9359519004358106,484.0
20.0,6,64.0,1642.2490211433046,0.0,0.0,0.5,0.5,0.5,0.0,0.0,5,0,0,5,0,0.0060892105102539,0.0,1.0,0.0,0.0,0.0,0.0,0.0,1.0,0.0,0.0,0.0,0.0,0.0,1.0,1.0,750,54,96,75.0,22.13594362117865,75.0,0.0010784149169921,10,0.9357753279935234,441.0
20.0,6,64.0,3884.6938964527194,0.0,0.0,0.6,0.4,0.4,0.0,0.0,4,0,0,6,0,0.0025742053985595,0.0,1.0,0.0,0.0,0.0,0.0,0.0,1.0,0.0,0.0,0.0,0.0,0.0,1.0,1.0,844,54,98,84.4,20.99312056629769,84.4,0.0003566026687622,10,0.935309787593887,441.0
20.0,6,64.0,307.73041423938724,0.0,0.0,0.7,0.3,0.3,0.0,0.0,3,0,0,7,0,0.0324959754943847,0.0,1.0,0.0,0.0,0.0,0.0,0.0,1.0,0.0,0.0,0.0,0.0,0.0,1.0,1.0,770,54,98,77.0,22.335820757001272,77.0,0.0032513856887817,10,0.935856749943572,484.0
20.0,6,64.0,801.2195075359606,0.0,0.0,1.0,0.0,0.0,0.0,0.0,0,0,0,10,0,0.0124809741973876,0.0,1.0,0.0,0.0,0.0,0.0,0.0,1.0,0.0,0.0,0.0,0.0,0.0,1.0,1.0,642,64,66,64.2,0.6324555320336759,64.2,0.0016554117202758,10,0.0,0.36
20.0,6,64.0,286.88613620973865,0.0,0.0,1.0,0.0,0.0,0.0,0.0,0,0,0,10,0,0.0348570346832275,0.0,1.0,0.0,0.0,0.0,0.0,0.0,1.0,0.0,0.0,0.0,0.0,0.0,1.0,1.0,660,66,66,66.0,0.0,66.0,0.0034890890121459,10,0.0,0.0
20.0,6,64.0,589.2034950692552,0.0,0.0,1.0,0.0,0.0,0.0,0.0,0,0,0,10,0,0.0169720649719238,0.0,1.0,0.0,0.0,0.0,0.0,0.0,1.0,0.0,0.0,0.0,0.0,0.0,1.0,1.0,662,66,68,66.2,0.6324555320336759,66.2,0.0019004106521606,10,0.0,0.36
20.0,6,64.0,324.6114077857751,0.0,0.0,1.0,0.0,0.0,0.0,0.0,0,0,0,10,0,0.0308060646057128,0.0,1.0,0.0,0.0,0.0,0.0,0.0,1.0,0.0,0.0,0.0,0.0,0.0,1.0,1.0,678,66,68,67.8,0.6324555320336759,67.8,0.0030818939208984,10,0.0,0.36
20.0,6,64.0,899.3704434342568,0.0,0.0,1.0,0.0,0.0,0.0,0.0,0,0,0,10,0,0.0111188888549804,0.0,1.0,0.0,0.0,0.0,0.0,0.0,1.0,0.0,0.0,0.0,0.0,0.0,1.0,1.0,662,66,68,66.2,0.6324555320336759,66.2,0.0014251947402954,10,0.0,0.36
20.0,6,64.0,250.81499997010053,0.0,0.0,0.9,0.1,0.1,0.0,0.0,1,0,0,9,0,0.0398700237274169,0.0,1.0,0.0,0.0,0.0,0.0,0.0,1.0,0.0,0.0,0.0,0.0,0.0,1.0,1.0,676,64,68,67.6,1.2649110640673518,67.6,0.0039885997772216,10,0.9102320041710584,1.44
20.0,6,64.0,437.8690663854931,0.0,0.0,0.7,0.3,0.3,0.0,0.0,3,0,0,7,0,0.0228378772735595,0.0,1.0,0.0,0.0,0.0,0.0,0.0,1.0,0.0,0.0,0.0,0.0,0.0,1.0,1.0,610,54,64,61.0,4.83045891539648,61.0,0.0022892951965332,10,0.928725765743776,25.0
20.0,6,64.0,2194.4770575001307,0.0,0.0,0.6,0.4,0.4,0.0,0.0,4,0,0,6,0,0.0045568943023681,0.0,1.0,0.0,0.0,0.0,0.0,0.0,1.0,0.0,0.0,0.0,0.0,0.0,1.0,1.0,608,54,66,60.8,5.902918298980975,60.8,0.0004570007324218,10,0.9291626427982728,31.50617283950617
20.0,6,64.0,1855.968848179123,0.0,0.0,0.5,0.5,0.5,0.0,0.0,5,0,0,5,0,0.0053880214691162,0.0,1.0,0.0,0.0,0.0,0.0,0.0,1.0,0.0,0.0,0.0,0.0,0.0,1.0,1.0,600,54,66,60.0,6.324555320336759,60.0,0.0005406141281127,10,0.9293344008552924,36.0
20.0,6,64.0,237.9368951315536,0.0,0.0,0.9,0.1,0.1,0.0,0.0,1,0,0,9,0,0.0420279502868652,0.0,1.0,0.0,0.0,0.0,0.0,0.0,1.0,0.0,0.0,0.0,0.0,0.0,1.0,1.0,1021,54,121,102.1,30.606644158853264,102.1,0.004205584526062,10,0.9392259525645504,1008.25
20.0,6,64.0,75709.45848375451,0.0,0.0,1.0,0.0,0.0,0.0,0.0,0,0,0,10,0,0.0001320838928222,0.0,1.0,0.0,0.0,0.0,0.0,0.0,1.0,0.0,0.0,0.0,0.0,0.0,1.0,1.0,1224,121,123,122.4,0.9660917830792958,122.4,1.4805793762207032e-05,10,0.0,1.0
20.0,6,64.0,243.55751698507635,0.0,0.0,0.6,0.4,0.4,0.0,0.0,4,0,0,6,0,0.04105806350708,0.0,1.0,0.0,0.0,0.0,0.0,0.0,1.0,0.0,0.0,0.0,0.0,0.0,1.0,1.0,1035,54,126,103.5,34.18332927027442,103.5,0.0041073083877563,10,0.940682951011539,1106.0
20.0,6,64.0,769.1736658719971,0.0,0.0,0.6,0.4,0.4,0.0,0.0,4,0,0,6,0,0.0130009651184082,0.0,1.0,0.0,0.0,0.0,0.0,0.0,1.0,0.0,0.0,0.0,0.0,0.0,1.0,1.0,900,54,126,90.0,37.94733192202055,90.0,0.0013028860092163,10,0.9422162551317544,1296.0
20.0,6,64.0,1752.5191158651237,0.0,0.0,0.6,0.4,0.4,0.0,0.0,4,0,0,6,0,0.0057060718536376,0.0,1.0,0.0,0.0,0.0,0.0,0.0,1.0,0.0,0.0,0.0,0.0,0.0,1.0,1.0,982,54,128,98.2,38.04617078118521,98.2,0.000955319404602,10,0.9422565181294236,1337.8765432098764
20.0,6,64.0,560.2864012823939,0.0,0.0,0.7,0.3,0.3,0.0,0.0,3,0,0,7,0,0.0178480148315429,0.0,1.0,0.0,0.0,0.0,0.0,0.0,1.0,0.0,0.0,0.0,0.0,0.0,1.0,1.0,930,54,128,93.0,37.07350056906475,93.0,0.0018936872482299,10,0.9418602911918142,1369.0
20.0,6,64.0,765.5096639959118,0.0,0.0,1.0,0.0,0.0,0.0,0.0,0,0,0,10,0,0.0130631923675537,0.0,1.0,0.0,0.0,0.0,0.0,0.0,1.0,0.0,0.0,0.0,0.0,0.0,1.0,1.0,644,64,66,64.4,0.8432740427115678,64.4,0.0018325090408325,10,0.0,0.64
20.0,6,64.0,294.80260059743455,0.0,0.0,1.0,0.0,0.0,0.0,0.0,0,0,0,10,0,0.0339210033416748,0.0,1.0,0.0,0.0,0.0,0.0,0.0,1.0,0.0,0.0,0.0,0.0,0.0,1.0,1.0,656,64,66,65.6,0.8432740427115678,65.6,0.0033939838409423,10,0.0,0.64
20.0,6,64.0,576.9966433720355,0.0,0.0,1.0,0.0,0.0,0.0,0.0,0,0,0,10,0,0.0173311233520507,0.0,1.0,0.0,0.0,0.0,0.0,0.0,1.0,0.0,0.0,0.0,0.0,0.0,1.0,1.0,644,64,66,64.4,0.8432740427115678,64.4,0.0017350196838378,10,0.0,0.64
20.0,6,64.0,326.2754859938857,0.0,0.0,0.9,0.1,0.1,0.0,0.0,1,0,0,9,0,0.0306489467620849,0.0,1.0,0.0,0.0,0.0,0.0,0.0,1.0,0.0,0.0,0.0,0.0,0.0,1.0,1.0,646,54,66,64.6,3.777124126457412,64.6,0.0030664920806884,10,0.9282966792841536,12.84
20.0,6,64.0,998.1922463647396,0.0,0.0,0.5,0.5,0.5,0.0,0.0,5,0,0,5,0,0.0100181102752685,0.0,1.0,0.0,0.0,0.0,0.0,0.0,1.0,0.0,0.0,0.0,0.0,0.0,1.0,1.0,600,54,64,60.0,5.163977794943222,60.0,0.0013875007629394,10,0.928861627994548,25.0
20.0,6,64.0,893.5077329470411,0.0,0.0,0.6,0.4,0.4,0.0,0.0,4,0,0,6,0,0.0111918449401855,0.0,1.0,0.0,0.0,0.0,0.0,0.0,1.0,0.0,0.0,0.0,0.0,0.0,1.0,1.0,594,54,66,59.4,5.738757124441959,59.4,0.0011242866516113,10,0.9290957701022128,29.64
20.0,6,64.0,2244.143392188336,0.0,0.0,0.5,0.5,0.5,0.0,0.0,5,0,0,5,0,0.0044560432434082,0.0,1.0,0.0,0.0,0.0,0.0,0.0,1.0,0.0,0.0,0.0,0.0,0.0,1.0,1.0,612,54,66,61.2,6.196773353931867,61.2,0.0004940032958984,10,0.9292823475934576,36.0
20.0,6,64.0,338.9473514081377,0.0,0.0,0.9,0.1,0.1,0.0,0.0,1,0,0,9,0,0.0295031070709228,0.0,1.0,0.0,0.0,0.0,0.0,0.0,1.0,0.0,0.0,0.0,0.0,0.0,1.0,1.0,624,54,66,62.4,4.501851470969102,62.4,0.0029523134231567,10,0.928591904215214,36.0
20.0,6,64.0,790.6918523545602,0.0,0.0,1.0,0.0,0.0,0.0,0.0,0,0,0,10,0,0.0126471519470214,0.0,1.0,0.0,0.0,0.0,0.0,0.0,1.0,0.0,0.0,0.0,0.0,0.0,1.0,1.0,652,64,66,65.2,1.0327955589886444,65.2,0.0012660980224609,10,0.9101374495989096,1.0
20.0,6,64.0,271.5251955046869,0.0,0.0,0.8,0.2,0.2,0.0,0.0,2,0,0,8,0,0.0368289947509765,0.0,1.0,0.0,0.0,0.0,0.0,0.0,1.0,0.0,0.0,0.0,0.0,0.0,1.0,1.0,636,54,66,63.6,5.059644256269407,63.6,0.0036844015121459,10,0.928819126684234,24.88888888888889
20.0,6,64.0,765.2303369761544,0.0,0.0,0.7,0.3,0.3,0.0,0.0,3,0,0,7,0,0.0130679607391357,0.0,1.0,0.0,0.0,0.0,0.0,0.0,1.0,0.0,0.0,0.0,0.0,0.0,1.0,1.0,640,54,68,64.0,5.333333333333333,64.0,0.0013103008270263,10,0.9289306166666668,36.0
20.0,6,64.0,2666.77517802645,0.0,0.0,0.8,0.2,0.2,0.0,0.0,2,0,0,8,0,0.0037498474121093,0.0,1.0,0.0,0.0,0.0,0.0,0.0,1.0,0.0,0.0,0.0,0.0,0.0,1.0,1.0,638,54,68,63.8,6.762642481555072,63.8,0.0003785848617553,10,0.9295128600412864,49.0
20.0,6,64.0,256.6280997803462,0.0,0.0,0.9,0.1,0.1,0.0,0.0,1,0,0,9,0,0.0389668941497802,0.0,1.0,0.0,0.0,0.0,0.0,0.0,1.0,0.0,0.0,0.0,0.0,0.0,1.0,1.0,1762,54,205,176.2,60.80533602315582,176.2,0.0039000034332275,10,0.9515276916823928,5208.5
20.0,6,64.0,1469.932010934324,0.0,0.0,1.0,0.0,0.0,0.0,0.0,0,0,0,10,0,0.0068030357360839,0.0,1.0,0.0,0.0,0.0,0.0,0.0,1.0,0.0,0.0,0.0,0.0,0.0,1.0,1.0,2066,205,207,206.6,0.8432740427115678,206.6,0.0006823062896728,10,0.0,1.0
20.0,6,64.0,202.95477639817676,0.0,0.0,1.0,0.0,0.0,0.0,0.0,0,0,0,10,0,0.0492720603942871,0.0,1.0,0.0,0.0,0.0,0.0,0.0,1.0,0.0,0.0,0.0,0.0,0.0,1.0,1.0,942,66,207,94.2,59.45082001116555,94.2,0.004930305480957,10,0.9305263560397484,4970.25
20.0,6,64.0,2139.9510204081635,0.0,0.0,1.0,0.0,0.0,0.0,0.0,0,0,0,10,0,0.0046730041503906,0.0,1.0,0.0,0.0,0.0,0.0,0.0,1.0,0.0,0.0,0.0,0.0,0.0,1.0,1.0,676,66,68,67.6,0.8432740427115678,67.6,0.0004717826843261,10,0.0,1.0
20.0,6,64.0,188.5902618220078,0.0,0.0,1.0,0.0,0.0,0.0,0.0,0,0,0,10,0,0.0530250072479248,0.0,1.0,0.0,0.0,0.0,0.0,0.0,1.0,0.0,0.0,0.0,0.0,0.0,1.0,1.0,648,64,68,64.8,1.686548085423136,64.8,0.0053040027618408,10,0.910403762228078,4.0
20.0,6,64.0,42366.707070707074,0.0,0.0,1.0,0.0,0.0,0.0,0.0,0,0,0,10,0,0.0002360343933105,0.0,1.0,0.0,0.0,0.0,0.0,0.0,1.0,0.0,0.0,0.0,0.0,0.0,1.0,1.0,656,64,66,65.6,0.8432740427115678,65.6,2.570152282714844e-05,10,0.0,1.0
20.0,6,64.0,196.83528324111748,0.0,0.0,0.6,0.4,0.4,0.0,0.0,4,0,0,6,0,0.0508038997650146,0.0,1.0,0.0,0.0,0.0,0.0,0.0,1.0,0.0,0.0,0.0,0.0,0.0,1.0,1.0,614,54,66,61.4,5.168279318217149,61.4,0.0050827026367187,10,0.9288633802630688,27.55555555555556
20.0,6,64.0,1207.1329073850227,0.0,0.0,0.5,0.5,0.5,0.0,0.0,5,0,0,5,0,0.0082840919494628,0.0,1.0,0.0,0.0,0.0,0.0,0.0,1.0,0.0,0.0,0.0,0.0,0.0,1.0,1.0,590,54,64,59.0,5.270462766947299,59.0,0.0008305072784423,10,0.9289050057127436,25.0
20.0,6,64.0,1181.1946267143542,0.0,0.0,0.5,0.5,0.5,0.0,0.0,5,0,0,5,0,0.0084660053253173,0.0,1.0,0.0,0.0,0.0,0.0,0.0,1.0,0.0,0.0,0.0,0.0,0.0,1.0,1.0,600,54,66,60.0,6.324555320336759,60.0,0.0008502006530761,10,0.9293344008552924,36.0
20.0,6,64.0,1838.961767800772,0.0,0.0,0.5,0.5,0.5,0.0,0.0,5,0,0,5,0,0.0054378509521484,0.0,1.0,0.0,0.0,0.0,0.0,0.0,1.0,0.0,0.0,0.0,0.0,0.0,1.0,1.0,600,54,66,60.0,6.324555320336759,60.0,0.0005472898483276,10,0.9293344008552924,36.0
20.0,6,64.0,290.77437155969665,0.0,0.0,0.7,0.3,0.3,0.0,0.0,3,0,0,7,0,0.0343909263610839,0.0,1.0,0.0,0.0,0.0,0.0,0.0,1.0,0.0,0.0,0.0,0.0,0.0,1.0,1.0,600,54,64,60.0,5.163977794943222,60.0,0.003442907333374,10,0.928861627994548,25.0
20.0,6,64.0,3137.8050422682727,0.0,0.0,0.8,0.2,0.2,0.0,0.0,2,0,0,8,0,0.0031869411468505,0.0,1.0,0.0,0.0,0.0,0.0,0.0,1.0,0.0,0.0,0.0,0.0,0.0,1.0,1.0,628,54,66,62.8,4.732863826479693,62.8,0.0003211021423339,10,0.9286860094083548,22.222222222222225
20.0,6,64.0,2948.958728819517,0.0,0.0,0.5,0.5,0.5,0.0,0.0,5,0,0,5,0,0.0033910274505615,0.0,1.0,0.0,0.0,0.0,0.0,0.0,1.0,0.0,0.0,0.0,0.0,0.0,1.0,1.0,600,54,66,60.0,6.324555320336759,60.0,0.0003437995910644,10,0.9293344008552924,36.0
20.0,6,64.0,348.33518810730004,0.0,0.0,0.6,0.4,0.4,0.0,0.0,4,0,0,6,0,0.0287079811096191,0.0,1.0,0.0,0.0,0.0,0.0,0.0,1.0,0.0,0.0,0.0,0.0,0.0,1.0,1.0,612,54,66,61.2,5.00666222813829,61.2,0.0030175924301147,10,0.9287975439252544,25.0
20.0,6,64.0,729.1271621034333,0.0,0.0,0.5,0.5,0.5,0.0,0.0,5,0,0,5,0,0.0137150287628173,0.0,1.0,0.0,0.0,0.0,0.0,0.0,1.0,0.0,0.0,0.0,0.0,0.0,1.0,1.0,592,54,66,59.2,5.513619500836088,59.2,0.0013736963272094,10,0.9290040580398606,27.360000000000003
20.0,6,64.0,1954.6574704073075,0.0,0.0,0.6,0.4,0.4,0.0,0.0,4,0,0,6,0,0.0051159858703613,0.0,1.0,0.0,0.0,0.0,0.0,0.0,1.0,0.0,0.0,0.0,0.0,0.0,1.0,1.0,600,54,66,60.0,6.324555320336759,60.0,0.000514006614685,10,0.9293344008552924,36.0
20.0,6,64.0,326.25518244541416,0.0,0.0,0.6,0.4,0.4,0.0,0.0,4,0,0,6,0,0.0306508541107177,0.0,1.0,0.0,0.0,0.0,0.0,0.0,1.0,0.0,0.0,0.0,0.0,0.0,1.0,1.0,630,54,75,63.0,8.48528137423857,63.0,0.0030674934387207,10,0.9302145942206098,64.8
20.0,6,64.0,613.0410125990237,0.0,0.0,0.5,0.5,0.5,0.0,0.0,5,0,0,5,0,0.0163121223449707,0.0,1.0,0.0,0.0,0.0,0.0,0.0,1.0,0.0,0.0,0.0,0.0,0.0,1.0,1.0,645,54,75,64.5,11.067971810589327,64.5,0.0019147157669067,10,0.9312666789967616,110.25
20.0,6,64.0,1477.9604637231755,0.0,0.0,0.5,0.5,0.5,0.0,0.0,5,0,0,5,0,0.0067660808563232,0.0,1.0,0.0,0.0,0.0,0.0,0.0,1.0,0.0,0.0,0.0,0.0,0.0,1.0,1.0,649,54,77,64.9,11.51279481465923,64.9,0.0013654947280883,10,0.9314478820956996,119.29
20.0,6,64.0,1725.908978684882,0.0,0.0,0.5,0.5,0.5,0.0,0.0,5,0,0,5,0,0.0057940483093261,0.0,1.0,0.0,0.0,0.0,0.0,0.0,1.0,0.0,0.0,0.0,0.0,0.0,1.0,1.0,655,54,77,65.5,12.122064363978788,65.5,0.0006808042526245,10,0.9316960741393104,132.25
20.0,6,64.0,906.2103534698816,0.0,0.0,0.6,0.4,0.4,0.0,0.0,4,0,0,6,0,0.0110349655151367,0.0,1.0,0.0,0.0,0.0,0.0,0.0,1.0,0.0,0.0,0.0,0.0,0.0,1.0,1.0,4665,54,1406,466.5,648.3942987616923,466.5,0.0012131929397583,10,1.0,378373.65
20.0,6,64.0,57456.21917808219,0.0,0.0,0.8,0.2,0.2,0.0,0.0,2,0,0,8,0,0.0001740455627441,0.0,1.0,0.0,0.0,0.0,0.0,0.0,1.0,0.0,0.0,0.0,0.0,0.0,1.0,1.0,11356,54,1406,1135.6,570.0532528730199,1135.6,0.0009716033935546,10,1.0,292464.64
20.0,6,64.0,3544.58210090425,0.0,0.0,0.8,0.2,0.2,0.0,0.0,2,0,0,8,0,0.0028212070465087,0.0,1.0,0.0,0.0,0.0,0.0,0.0,1.0,0.0,0.0,0.0,0.0,0.0,1.0,1.0,11356,54,1406,1135.6,570.0532528730199,1135.6,0.0004286050796508,10,1.0,456976.0
20.0,6,64.0,258.28426452204866,0.0,0.0,0.9,0.1,0.1,0.0,0.0,1,0,0,9,0,0.0387170314788818,0.0,1.0,0.0,0.0,0.0,0.0,0.0,1.0,0.0,0.0,0.0,0.0,0.0,1.0,1.0,2060,54,1406,206.0,421.6886687276922,206.0,0.0038744926452636,10,1.0,456976.0
20.0,6,64.0,1401.5116784174825,0.0,0.0,1.0,0.0,0.0,0.0,0.0,0,0,0,10,0,0.0071351528167724,0.0,1.0,0.0,0.0,0.0,0.0,0.0,1.0,0.0,0.0,0.0,0.0,0.0,1.0,1.0,766,75,77,76.6,0.8432740427115678,76.6,0.0008547067642211,10,0.0,1.0
20.0,6,64.0,218.09211826246116,0.0,0.0,0.7,0.3,0.3,0.0,0.0,3,0,0,7,0,0.0458521842956543,0.0,1.0,0.0,0.0,0.0,0.0,0.0,1.0,0.0,0.0,0.0,0.0,0.0,1.0,1.0,1371,54,211,137.1,78.34886370869998,137.1,0.0048444986343383,10,0.958674223120376,5524.6900000000005
20.0,6,64.0,984.4397502699152,0.0,0.0,0.5,0.5,0.5,0.0,0.0,5,0,0,5,0,0.0101580619812011,0.0,1.0,0.0,0.0,0.0,0.0,0.0,1.0,0.0,0.0,0.0,0.0,0.0,1.0,1.0,1325,54,211,132.5,82.7462654410726,132.5,0.0010710000991821,10,0.9604655486900754,6162.25
20.0,6,64.0,2121.7644678267907,0.0,0.0,0.5,0.5,0.5,0.0,0.0,5,0,0,5,0,0.0047130584716796,0.0,1.0,0.0,0.0,0.0,0.0,0.0,1.0,0.0,0.0,0.0,0.0,0.0,1.0,1.0,1335,54,213,133.5,83.80035799446205,133.5,0.0005719900131225,10,0.960894943832624,6320.25
20.0,6,64.0,2626.0355622339093,0.0,0.0,0.5,0.5,0.5,0.0,0.0,5,0,0,5,0,0.0038080215454101,0.0,1.0,0.0,0.0,0.0,0.0,0.0,1.0,0.0,0.0,0.0,0.0,0.0,1.0,1.0,1335,54,213,133.5,83.80035799446205,133.5,0.0004615068435668,10,0.960894943832624,6320.25
20.0,6,64.0,504.2867276640256,0.0,0.0,1.0,0.0,0.0,0.0,0.0,0,0,0,10,0,0.0198299884796142,0.0,1.0,0.0,0.0,0.0,0.0,0.0,1.0,0.0,0.0,0.0,0.0,0.0,1.0,1.0,640,64,64,64.0,0.0,64.0,0.0040248870849609,10,0.0,0.0
20.0,6,64.0,48545.18518518518,0.0,0.0,1.0,0.0,0.0,0.0,0.0,0,0,0,10,0,0.0002059936523437,0.0,1.0,0.0,0.0,0.0,0.0,0.0,1.0,0.0,0.0,0.0,0.0,0.0,1.0,1.0,660,66,66,66.0,0.0,66.0,2.281665802001953e-05,10,0.0,0.0
20.0,6,64.0,1738.5716062176166,0.0,0.0,1.0,0.0,0.0,0.0,0.0,0,0,0,10,0,0.0057518482208251,0.0,1.0,0.0,0.0,0.0,0.0,0.0,1.0,0.0,0.0,0.0,0.0,0.0,1.0,1.0,640,64,64,64.0,0.0,64.0,0.0046440839767456,10,0.0,0.0
20.0,6,64.0,75709.45848375451,0.0,0.0,1.0,0.0,0.0,0.0,0.0,0,0,0,10,0,0.0001320838928222,0.0,1.0,0.0,0.0,0.0,0.0,0.0,1.0,0.0,0.0,0.0,0.0,0.0,1.0,1.0,660,66,66,66.0,0.0,66.0,1.4710426330566409e-05,10,0.0,0.0
20.0,6,64.0,483.0700481422616,0.0,0.0,0.5,0.5,0.5,0.0,0.0,5,0,0,5,0,0.0207009315490722,0.0,1.0,0.0,0.0,0.0,0.0,0.0,1.0,0.0,0.0,0.0,0.0,0.0,1.0,1.0,600,54,64,60.0,5.163977794943222,60.0,0.0058637857437133,10,0.928861627994548,25.0
20.0,6,64.0,539.2869173899068,0.0,0.0,0.5,0.5,0.5,0.0,0.0,5,0,0,5,0,0.018543004989624,0.0,1.0,0.0,0.0,0.0,0.0,0.0,1.0,0.0,0.0,0.0,0.0,0.0,1.0,1.0,592,54,66,59.2,5.513619500836088,59.2,0.0018585205078125,10,0.9290040580398606,27.360000000000003
20.0,6,64.0,706.1593373291131,0.0,0.0,0.6,0.4,0.4,0.0,0.0,4,0,0,6,0,0.0141611099243164,0.0,1.0,0.0,0.0,0.0,0.0,0.0,1.0,0.0,0.0,0.0,0.0,0.0,1.0,1.0,600,54,66,60.0,6.324555320336759,60.0,0.0014195919036865,10,0.9293344008552924,36.0
20.0,6,64.0,2914.532694044889,0.0,0.0,0.5,0.5,0.5,0.0,0.0,5,0,0,5,0,0.0034310817718505,0.0,1.0,0.0,0.0,0.0,0.0,0.0,1.0,0.0,0.0,0.0,0.0,0.0,1.0,1.0,1171,54,637,117.1,182.77153315911457,117.1,0.0004966974258422,10,1.0,32913.87654320988
20.0,6,64.0,509.9953794897984,0.0,0.0,0.9,0.1,0.1,0.0,0.0,1,0,0,9,0,0.0196080207824707,0.0,1.0,0.0,0.0,0.0,0.0,0.0,1.0,0.0,0.0,0.0,0.0,0.0,1.0,1.0,5787,54,637,578.7,184.3607875878165,578.7,0.0024380922317504,10,1.0,33569.283950617275
20.0,6,64.0,4928.676850763807,0.0,0.0,0.8,0.2,0.2,0.0,0.0,2,0,0,8,0,0.0020289421081542,0.0,1.0,0.0,0.0,0.0,0.0,0.0,1.0,0.0,0.0,0.0,0.0,0.0,1.0,1.0,5220,54,639,522.0,246.6576574931336,522.0,0.00034761428833,10,1.0,64167.1875
20.0,6,64.0,248.29973774723092,0.0,0.0,0.5,0.5,0.5,0.0,0.0,5,0,0,5,0,0.040273904800415,0.0,1.0,0.0,0.0,0.0,0.0,0.0,1.0,0.0,0.0,0.0,0.0,0.0,1.0,1.0,1754,54,639,175.4,244.393671494715,175.4,0.004029893875122,10,1.0,85556.25
20.0,6,64.0,2676.64582003829,0.0,0.0,0.6,0.4,0.4,0.0,0.0,4,0,0,6,0,0.0037360191345214,0.0,1.0,0.0,0.0,0.0,0.0,0.0,1.0,0.0,0.0,0.0,0.0,0.0,1.0,1.0,595,54,65,59.5,5.797509043642029,59.5,0.0003775119781494,10,0.929119703284018,30.25
20.0,6,64.0,2554.2317763838987,0.0,0.0,0.5,0.5,0.5,0.0,0.0,5,0,0,5,0,0.0039150714874267,0.0,1.0,0.0,0.0,0.0,0.0,0.0,1.0,0.0,0.0,0.0,0.0,0.0,1.0,1.0,603,54,67,60.3,6.667499947923176,60.3,0.0004746913909912,10,0.929474102778786,40.01
20.0,6,64.0,486.5443240609702,0.0,0.0,0.7,0.3,0.3,0.0,0.0,3,0,0,7,0,0.0205531120300292,0.0,1.0,0.0,0.0,0.0,0.0,0.0,1.0,0.0,0.0,0.0,0.0,0.0,1.0,1.0,630,54,67,63.0,6.2182527020592095,63.0,0.0021085977554321,10,0.9292910974207108,39.609375
20.0,6,64.0,894.5367684695444,0.0,0.0,0.7,0.3,0.3,0.0,0.0,3,0,0,7,0,0.011178970336914,0.0,1.0,0.0,0.0,0.0,0.0,0.0,1.0,0.0,0.0,0.0,0.0,0.0,1.0,1.0,636,54,66,63.6,5.059644256269407,63.6,0.0016520023345947,10,0.928819126684234,27.0
20.0,6,64.0,3324.327494650075,0.0,0.0,1.0,0.0,0.0,0.0,0.0,0,0,0,10,0,0.0030081272125244,0.0,1.0,0.0,0.0,0.0,0.0,0.0,1.0,0.0,0.0,0.0,0.0,0.0,1.0,1.0,664,54,68,66.4,4.402019738458447,66.4,0.0003015041351318,10,0.9285512367606584,38.22222222222222
20.0,6,64.0,205.03627226687,0.0,0.0,0.9,0.1,0.1,0.0,0.0,1,0,0,9,0,0.048771858215332,0.0,1.0,0.0,0.0,0.0,0.0,0.0,1.0,0.0,0.0,0.0,0.0,0.0,1.0,1.0,652,54,68,65.2,4.0221608343995605,65.2,0.0048786878585815,10,0.928396497437501,49.0
20.0,6,64.0,7215.386203337347,0.0,0.0,0.8,0.2,0.2,0.0,0.0,2,0,0,8,0,0.0013859272003173,0.0,1.0,0.0,0.0,0.0,0.0,0.0,1.0,0.0,0.0,0.0,0.0,0.0,1.0,1.0,654,54,67,65.4,4.033195589934446,65.4,0.0001445055007934,10,0.9284009925555156,17.5
20.0,6,64.0,197.3047323360617,0.0,0.0,1.0,0.0,0.0,0.0,0.0,0,0,0,10,0,0.0506830215454101,0.0,1.0,0.0,0.0,0.0,0.0,0.0,1.0,0.0,0.0,0.0,0.0,0.0,1.0,1.0,7352,54,1406,735.2,707.0959073719931,735.2,0.0050714969635009,10,1.0,449986.16
20.0,6,64.0,58416.49025069638,0.0,0.0,1.0,0.0,0.0,0.0,0.0,0,0,0,10,0,0.0001711845397949,0.0,1.0,0.0,0.0,0.0,0.0,0.0,1.0,0.0,0.0,0.0,0.0,0.0,1.0,1.0,14060,1406,1406,1406.0,0.0,1406.0,1.8811225891113283e-05,10,0.0,0.0
20.0,6,64.0,272.539685633898,0.0,0.0,0.8,0.2,0.2,0.0,0.0,2,0,0,8,0,0.0366919040679931,0.0,1.0,0.0,0.0,0.0,0.0,0.0,1.0,0.0,0.0,0.0,0.0,0.0,1.0,1.0,7336,54,1406,733.6,708.7853773259653,733.6,0.0036707878112792,10,1.0,452139.0399999999
20.0,6,64.0,493.5055888928109,0.0,0.0,0.5,0.5,0.5,0.0,0.0,5,0,0,5,0,0.0202631950378417,0.0,1.0,0.0,0.0,0.0,0.0,0.0,1.0,0.0,0.0,0.0,0.0,0.0,1.0,1.0,600,54,66,60.0,6.324555320336759,60.0,0.0020830154418945,10,0.9293344008552924,36.0
20.0,6,64.0,2675.2800102053834,0.0,0.0,0.5,0.5,0.5,0.0,0.0,5,0,0,5,0,0.0037379264831542,0.0,1.0,0.0,0.0,0.0,0.0,0.0,1.0,0.0,0.0,0.0,0.0,0.0,1.0,1.0,606,54,68,60.6,6.995236474439826,60.6,0.0004666805267333,10,0.9296076095302278,44.04
20.0,6,64.0,2487.577249273472,0.0,0.0,0.5,0.5,0.5,0.0,0.0,5,0,0,5,0,0.0040199756622314,0.0,1.0,0.0,0.0,0.0,0.0,0.0,1.0,0.0,0.0,0.0,0.0,0.0,1.0,1.0,610,54,68,61.0,7.378647873726218,61.0,0.0004564046859741,10,0.9297637959978412,49.0
20.0,6,64.0,431.5749181980944,0.0,0.0,0.6,0.4,0.4,0.0,0.0,4,0,0,6,0,0.0231709480285644,0.0,1.0,0.0,0.0,0.0,0.0,0.0,1.0,0.0,0.0,0.0,0.0,0.0,1.0,1.0,620,54,68,62.0,6.896053621859067,62.0,0.0024837970733642,10,0.9295672064034004,49.0
20.0,6,64.0,3306.7675812046677,0.0,0.0,0.6,0.4,0.4,0.0,0.0,4,0,0,6,0,0.0030241012573242,0.0,1.0,0.0,0.0,0.0,0.0,0.0,1.0,0.0,0.0,0.0,0.0,0.0,1.0,1.0,618,54,67,61.8,6.713171133426189,61.8,0.0013774156570434,10,0.9294927073929125,42.25
20.0,6,64.0,4347.78065719913,0.0,0.0,0.6,0.4,0.4,0.0,0.0,4,0,0,6,0,0.0023000240325927,0.0,1.0,0.0,0.0,0.0,0.0,0.0,1.0,0.0,0.0,0.0,0.0,0.0,1.0,1.0,630,54,69,63.0,7.745966692414834,63.0,0.000231385231018,10,0.929913426991822,54.0
20.0,6,64.0,225.89249072313748,0.0,0.0,0.8,0.2,0.2,0.0,0.0,2,0,0,8,0,0.0442688465118408,0.0,1.0,0.0,0.0,0.0,0.0,0.0,1.0,0.0,0.0,0.0,0.0,0.0,1.0,1.0,650,54,69,65.0,4.594682917363407,65.0,0.0044914007186889,10,0.9286297200332172,23.4375
20.0,6,64.0,3494.08863712096,0.0,0.0,0.8,0.2,0.2,0.0,0.0,2,0,0,8,0,0.0028619766235351,0.0,1.0,0.0,0.0,0.0,0.0,0.0,1.0,0.0,0.0,0.0,0.0,0.0,1.0,1.0,614,54,66,61.4,5.168279318217149,61.4,0.0002880096435546,10,0.9288633802630688,25.0
20.0,6,64.0,3599.6429797459664,0.0,0.0,0.6,0.4,0.4,0.0,0.0,4,0,0,6,0,0.0027780532836914,0.0,1.0,0.0,0.0,0.0,0.0,0.0,1.0,0.0,0.0,0.0,0.0,0.0,1.0,1.0,612,54,66,61.2,6.196773353931867,61.2,0.0002799987792968,10,0.9292823475934576,36.0
20.0,6,64.0,261.30944296652564,0.0,0.0,0.9,0.1,0.1,0.0,0.0,1,0,0,9,0,0.0382688045501709,0.0,1.0,0.0,0.0,0.0,0.0,0.0,1.0,0.0,0.0,0.0,0.0,0.0,1.0,1.0,648,54,66,64.8,3.794733192202056,64.8,0.0038287878036499,10,0.9283038525131756,36.0
20.0,6,64.0,886.0519255550627,0.0,0.0,1.0,0.0,0.0,0.0,0.0,0,0,0,10,0,0.0112860202789306,0.0,1.0,0.0,0.0,0.0,0.0,0.0,1.0,0.0,0.0,0.0,0.0,0.0,1.0,1.0,674,66,68,67.4,0.9660917830792958,67.4,0.0011298179626464,10,0.0,1.0
20.0,6,64.0,253.91708640061992,0.0,0.0,0.8,0.2,0.2,0.0,0.0,2,0,0,8,0,0.0393829345703125,0.0,1.0,0.0,0.0,0.0,0.0,0.0,1.0,0.0,0.0,0.0,0.0,0.0,1.0,1.0,2812,54,500,281.2,230.69209879067043,281.2,0.003940987586975,10,1.0,47896.96
20.0,6,64.0,756.2073379608762,0.0,0.0,0.5,0.5,0.5,0.0,0.0,5,0,0,5,0,0.0132238864898681,0.0,1.0,0.0,0.0,0.0,0.0,0.0,1.0,0.0,0.0,0.0,0.0,0.0,1.0,1.0,2770,54,500,277.0,235.06263940584952,277.0,0.0013242006301879,10,1.0,49729.0
20.0,6,64.0,2632.298230199573,0.0,0.0,0.5,0.5,0.5,0.0,0.0,5,0,0,5,0,0.0037989616394042,0.0,1.0,0.0,0.0,0.0,0.0,0.0,1.0,0.0,0.0,0.0,0.0,0.0,1.0,1.0,2780,54,502,278.0,236.116731959239,278.0,0.0004642009735107,10,1.0,50176.0
20.0,6,64.0,228.71825632692236,0.0,0.0,0.6,0.4,0.4,0.0,0.0,4,0,0,6,0,0.0437219142913818,0.0,1.0,0.0,0.0,0.0,0.0,0.0,1.0,0.0,0.0,0.0,0.0,0.0,1.0,1.0,2792,54,502,279.2,234.87907054009256,279.2,0.0044255971908569,10,1.0,50176.0
20.0,6,64.0,1278.7902070185066,0.0,0.0,1.0,0.0,0.0,0.0,0.0,0,0,0,10,0,0.0078198909759521,0.0,1.0,0.0,0.0,0.0,0.0,0.0,1.0,0.0,0.0,0.0,0.0,0.0,1.0,1.0,662,66,68,66.2,0.6324555320336759,66.2,0.0007869005203247,10,0.0,0.36
20.0,6,64.0,528.7093317870693,0.0,0.0,0.9,0.1,0.1,0.0,0.0,1,0,0,9,0,0.018913984298706,0.0,1.0,0.0,0.0,0.0,0.0,0.0,1.0,0.0,0.0,0.0,0.0,0.0,1.0,1.0,678,66,68,67.8,0.6324555320336759,67.8,0.0026360988616943,10,0.0,0.36
20.0,6,64.0,432.5674741911863,0.0,0.0,0.5,0.5,0.5,0.0,0.0,5,0,0,5,0,0.0231177806854248,0.0,1.0,0.0,0.0,0.0,0.0,0.0,1.0,0.0,0.0,0.0,0.0,0.0,1.0,1.0,600,54,66,60.0,6.324555320336759,60.0,0.0023165941238403,10,0.9293344008552924,36.0
20.0,6,64.0,1582.517355870812,0.0,0.0,0.5,0.5,0.5,0.0,0.0,5,0,0,5,0,0.0063190460205078,0.0,1.0,0.0,0.0,0.0,0.0,0.0,1.0,0.0,0.0,0.0,0.0,0.0,1.0,1.0,601,54,67,60.1,6.4368729468068056,60.1,0.0006359100341796,10,0.9293801545636112,37.29
20.0,6,64.0,2261.324131981885,0.0,0.0,0.5,0.5,0.5,0.0,0.0,5,0,0,5,0,0.0044221878051757,0.0,1.0,0.0,0.0,0.0,0.0,0.0,1.0,0.0,0.0,0.0,0.0,0.0,1.0,1.0,605,54,67,60.5,6.851601597031489,60.5,0.0004439115524291,10,0.9295490984265669,42.25
20.0,6,64.0,477.2382718718354,0.0,0.0,0.5,0.5,0.5,0.0,0.0,5,0,0,5,0,0.020953893661499,0.0,1.0,0.0,0.0,0.0,0.0,0.0,1.0,0.0,0.0,0.0,0.0,0.0,1.0,1.0,604,54,67,60.4,6.752777206453652,60.4,0.0020970821380615,10,0.929508841322821,42.25
20.0,6,64.0,506.02065437699065,0.0,0.0,0.6,0.4,0.4,0.0,0.0,4,0,0,6,0,0.0197620391845703,0.0,1.0,0.0,0.0,0.0,0.0,0.0,1.0,0.0,0.0,0.0,0.0,0.0,1.0,1.0,600,54,66,60.0,6.324555320336759,60.0,0.0019827127456665,10,0.9293344008552924,36.0
20.0,6,64.0,2244.7439122290607,0.0,0.0,0.5,0.5,0.5,0.0,0.0,5,0,0,5,0,0.0044548511505126,0.0,1.0,0.0,0.0,0.0,0.0,0.0,1.0,0.0,0.0,0.0,0.0,0.0,1.0,1.0,602,54,68,60.2,6.562519841239848,60.2,0.0004475831985473,10,0.9294313380825274,38.76
20.0,6,64.0,1195.878310951444,0.0,0.0,0.5,0.5,0.5,0.0,0.0,5,0,0,5,0,0.0083620548248291,0.0,1.0,0.0,0.0,0.0,0.0,0.0,1.0,0.0,0.0,0.0,0.0,0.0,1.0,1.0,610,54,68,61.0,7.378647873726218,61.0,0.0009847164154052,10,0.9297637959978412,49.0
20.0,6,64.0,582.1056429899797,0.0,0.0,0.6,0.4,0.4,0.0,0.0,4,0,0,6,0,0.0171790122985839,0.0,1.0,0.0,0.0,0.0,0.0,0.0,1.0,0.0,0.0,0.0,0.0,0.0,1.0,1.0,620,54,68,62.0,6.928203230275509,62.0,0.001839804649353,10,0.9295803028678852,49.0
20.0,6,64.0,1247.19119833482,0.0,0.0,0.7,0.3,0.3,0.0,0.0,3,0,0,7,0,0.0080180168151855,0.0,1.0,0.0,0.0,0.0,0.0,0.0,1.0,0.0,0.0,0.0,0.0,0.0,1.0,1.0,624,54,66,62.4,5.796550698475775,62.4,0.0027009010314941,10,0.9291193128925312,36.0
20.0,6,64.0,4648.973620039902,0.0,0.0,0.8,0.2,0.2,0.0,0.0,2,0,0,8,0,0.0021510124206542,0.0,1.0,0.0,0.0,0.0,0.0,0.0,1.0,0.0,0.0,0.0,0.0,0.0,1.0,1.0,664,54,68,66.4,4.402019738458447,66.4,0.0002169847488403,10,0.9285512367606584,29.76
20.0,6,64.0,246.65122022934432,0.0,0.0,0.8,0.2,0.2,0.0,0.0,2,0,0,8,0,0.0405430793762207,0.0,1.0,0.0,0.0,0.0,0.0,0.0,1.0,0.0,0.0,0.0,0.0,0.0,1.0,1.0,603,54,68,60.3,5.165053511608353,60.3,0.0040563106536865,10,0.9288620661984888,49.0
20.0,6,64.0,1531.8860482103726,0.0,0.0,0.7,0.3,0.3,0.0,0.0,3,0,0,7,0,0.0065279006958007,0.0,1.0,0.0,0.0,0.0,0.0,0.0,1.0,0.0,0.0,0.0,0.0,0.0,1.0,1.0,602,54,63,60.2,3.3928028399998595,60.2,0.0006569862365722,10,0.9281401221649024,10.54320987654321
20.0,6,64.0,2927.5521742165142,0.0,0.0,0.7,0.3,0.3,0.0,0.0,3,0,0,7,0,0.003415822982788,0.0,1.0,0.0,0.0,0.0,0.0,0.0,1.0,0.0,0.0,0.0,0.0,0.0,1.0,1.0,594,54,63,59.4,4.6475800154489,59.4,0.0003453016281127,10,0.9286512681950932,20.25
20.0,6,64.0,281.65191581944424,0.0,0.0,0.5,0.5,0.5,0.0,0.0,5,0,0,5,0,0.0355048179626464,0.0,1.0,0.0,0.0,0.0,0.0,0.0,1.0,0.0,0.0,0.0,0.0,0.0,1.0,1.0,3724,54,689,372.4,333.7364895309538,372.4,0.0036968946456909,10,1.0,100242.04
20.0,6,64.0,2025.9402019031056,0.0,0.0,0.5,0.5,0.5,0.0,0.0,5,0,0,5,0,0.0049359798431396,0.0,1.0,0.0,0.0,0.0,0.0,0.0,1.0,0.0,0.0,0.0,0.0,0.0,1.0,1.0,3715,54,689,371.5,334.6743857011535,371.5,0.0004945039749145,10,1.0,100806.25
20.0,6,64.0,2699.037323037323,0.0,0.0,0.6,0.4,0.4,0.0,0.0,4,0,0,6,0,0.0037050247192382,0.0,1.0,0.0,0.0,0.0,0.0,0.0,1.0,0.0,0.0,0.0,0.0,0.0,1.0,1.0,4362,54,691,436.2,328.9453855378833,436.2,0.0003743171691894,10,1.0,101442.25
20.0,6,64.0,349.5777699988332,0.0,0.0,0.5,0.5,0.5,0.0,0.0,5,0,0,5,0,0.0286059379577636,0.0,1.0,0.0,0.0,0.0,0.0,0.0,1.0,0.0,0.0,0.0,0.0,0.0,1.0,1.0,3099,54,691,309.9,328.0157347174404,309.9,0.0028623819351196,10,1.0,101442.25
20.0,6,64.0,1207.5847177036248,0.0,0.0,0.5,0.5,0.5,0.0,0.0,5,0,0,5,0,0.0082809925079345,0.0,1.0,0.0,0.0,0.0,0.0,0.0,1.0,0.0,0.0,0.0,0.0,0.0,1.0,1.0,595,54,65,59.5,5.797509043642029,59.5,0.000833511352539,10,0.929119703284018,30.25
20.0,6,64.0,1081.3127433035138,0.0,0.0,0.5,0.5,0.5,0.0,0.0,5,0,0,5,0,0.0092480182647705,0.0,1.0,0.0,0.0,0.0,0.0,0.0,1.0,0.0,0.0,0.0,0.0,0.0,1.0,1.0,597,54,67,59.7,6.03784361801095,59.7,0.0009270906448364,10,0.9292176059762328,32.81
20.0,6,64.0,1743.9933471933473,0.0,0.0,0.5,0.5,0.5,0.0,0.0,5,0,0,5,0,0.0057339668273925,0.0,1.0,0.0,0.0,0.0,0.0,0.0,1.0,0.0,0.0,0.0,0.0,0.0,1.0,1.0,605,54,67,60.5,6.851601597031489,60.5,0.0005768060684204,10,0.9295490984265669,42.25
20.0,6,64.0,339.7765770436558,0.0,0.0,0.6,0.4,0.4,0.0,0.0,4,0,0,6,0,0.0294311046600341,0.0,1.0,0.0,0.0,0.0,0.0,0.0,1.0,0.0,0.0,0.0,0.0,0.0,1.0,1.0,604,54,67,60.4,6.752777206453652,60.4,0.0029556989669799,10,0.929508841322821,42.25
20.0,6,64.0,645.1683561243482,0.0,0.0,0.5,0.5,0.5,0.0,0.0,5,0,0,5,0,0.0154998302459716,0.0,1.0,0.0,0.0,0.0,0.0,0.0,1.0,0.0,0.0,0.0,0.0,0.0,1.0,1.0,612,54,66,61.2,6.196773353931867,61.2,0.0017010927200317,10,0.9292823475934576,36.0
20.0,6,64.0,6115.928842228055,0.0,0.0,0.6,0.4,0.4,0.0,0.0,4,0,0,6,0,0.0016350746154785,0.0,1.0,0.0,0.0,0.0,0.0,0.0,1.0,0.0,0.0,0.0,0.0,0.0,1.0,1.0,604,54,68,60.4,6.785605679999719,60.4,0.0001643180847167,10,0.9295222143298046,41.44
20.0,6,64.0,2940.276200490712,0.0,0.0,0.5,0.5,0.5,0.0,0.0,5,0,0,5,0,0.0034010410308837,0.0,1.0,0.0,0.0,0.0,0.0,0.0,1.0,0.0,0.0,0.0,0.0,0.0,1.0,1.0,610,54,68,61.0,7.378647873726218,61.0,0.0003870010375976,10,0.9297637959978412,49.0
20.0,6,64.0,362.01797011885134,0.0,0.0,0.5,0.5,0.5,0.0,0.0,5,0,0,5,0,0.0276229381561279,0.0,1.0,0.0,0.0,0.0,0.0,0.0,1.0,0.0,0.0,0.0,0.0,0.0,1.0,1.0,602,54,68,60.2,6.696599468718766,60.2,0.0028749942779541,10,0.9294859567595772,49.0
20.0,6,64.0,4887.326963411792,0.0,0.0,0.5,0.5,0.5,0.0,0.0,5,0,0,5,0,0.0020461082458496,0.0,1.0,0.0,0.0,0.0,0.0,0.0,1.0,0.0,0.0,0.0,0.0,0.0,1.0,1.0,590,54,64,59.0,5.270462766947299,59.0,0.0009129047393798,10,0.9289050057127436,25.0
20.0,6,64.0,2511.408897670798,0.0,0.0,0.5,0.5,0.5,0.0,0.0,5,0,0,5,0,0.0039818286895751,0.0,1.0,0.0,0.0,0.0,0.0,0.0,1.0,0.0,0.0,0.0,0.0,0.0,1.0,1.0,606,54,66,60.6,5.738757124441958,60.6,0.000480580329895,10,0.9290957701022128,29.64
20.0,6,64.0,1052.7343004869233,0.0,0.0,0.5,0.5,0.5,0.0,0.0,5,0,0,5,0,0.0094990730285644,0.0,1.0,0.0,0.0,0.0,0.0,0.0,1.0,0.0,0.0,0.0,0.0,0.0,1.0,1.0,600,54,66,60.0,6.324555320336759,60.0,0.0009529113769531,10,0.9293344008552924,36.0
20.0,6,64.0,305.64268485524195,0.0,0.0,0.5,0.5,0.5,0.0,0.0,5,0,0,5,0,0.0327179431915283,0.0,1.0,0.0,0.0,0.0,0.0,0.0,1.0,0.0,0.0,0.0,0.0,0.0,1.0,1.0,600,54,66,60.0,6.324555320336759,60.0,0.0032747983932495,10,0.9293344008552924,36.0
20.0,6,64.0,931.446591161448,0.0,0.0,0.5,0.5,0.5,0.0,0.0,5,0,0,5,0,0.0107359886169433,0.0,1.0,0.0,0.0,0.0,0.0,0.0,1.0,0.0,0.0,0.0,0.0,0.0,1.0,1.0,600,54,66,60.0,6.324555320336759,60.0,0.001077389717102,10,0.9293344008552924,36.0
20.0,6,64.0,583.9453130438415,0.0,0.0,0.5,0.5,0.5,0.0,0.0,5,0,0,5,0,0.0171248912811279,0.0,1.0,0.0,0.0,0.0,0.0,0.0,1.0,0.0,0.0,0.0,0.0,0.0,1.0,1.0,606,54,68,60.6,6.995236474439826,60.6,0.0017141103744506,10,0.9296076095302278,44.04
20.0,6,64.0,1647.1504869619855,0.0,0.0,0.5,0.5,0.5,0.0,0.0,5,0,0,5,0,0.0060710906982421,0.0,1.0,0.0,0.0,0.0,0.0,0.0,1.0,0.0,0.0,0.0,0.0,0.0,1.0,1.0,610,54,68,61.0,7.378647873726218,61.0,0.0006107091903686,10,0.9297637959978412,49.0
20.0,6,64.0,526.7571742543171,0.0,0.0,0.8,0.2,0.2,0.0,0.0,2,0,0,8,0,0.0189840793609619,0.0,1.0,0.0,0.0,0.0,0.0,0.0,1.0,0.0,0.0,0.0,0.0,0.0,1.0,1.0,623,54,68,62.3,5.8509258526607,62.3,0.0019011974334716,10,0.92914146315534,49.0
20.0,6,64.0,1002.414798527795,0.0,0.0,1.0,0.0,0.0,0.0,0.0,0,0,0,10,0,0.0099759101867675,0.0,1.0,0.0,0.0,0.0,0.0,0.0,1.0,0.0,0.0,0.0,0.0,0.0,1.0,1.0,660,65,67,66.0,1.0540925533894598,66.0,0.0015642881393432,10,0.9084419951425488,1.0
20.0,6,64.0,286.79590008683937,0.0,0.0,0.7,0.3,0.3,0.0,0.0,3,0,0,7,0,0.0348680019378662,0.0,1.0,0.0,0.0,0.0,0.0,0.0,1.0,0.0,0.0,0.0,0.0,0.0,1.0,1.0,1538,54,365,153.8,145.83384761814082,153.8,0.003490400314331,10,0.9861649061657258,19140.76
20.0,6,64.0,517.3043907252097,0.0,0.0,0.6,0.4,0.4,0.0,0.0,4,0,0,6,0,0.0193309783935546,0.0,1.0,0.0,0.0,0.0,0.0,0.0,1.0,0.0,0.0,0.0,0.0,0.0,1.0,1.0,2095,54,365,209.5,163.911392052061,209.5,0.001937198638916,10,0.9935289746663276,24180.25
20.0,6,64.0,2025.5488482155797,0.0,0.0,0.5,0.5,0.5,0.0,0.0,5,0,0,5,0,0.004936933517456,0.0,1.0,0.0,0.0,0.0,0.0,0.0,1.0,0.0,0.0,0.0,0.0,0.0,1.0,1.0,2101,54,367,210.1,164.54546821809197,210.1,0.0006144046783447,10,0.993787271933322,24367.69
20.0,6,64.0,1888.2204114707604,0.0,0.0,0.6,0.4,0.4,0.0,0.0,4,0,0,6,0,0.005295991897583,0.0,1.0,0.0,0.0,0.0,0.0,0.0,1.0,0.0,0.0,0.0,0.0,0.0,1.0,1.0,2418,54,367,241.8,161.63250498172286,241.8,0.0006392002105712,10,0.9926006472293546,24189.87654320988
20.0,6,64.0,404.94158991291584,0.0,0.0,0.9,0.1,0.1,0.0,0.0,1,0,0,9,0,0.0246949195861816,0.0,1.0,0.0,0.0,0.0,0.0,0.0,1.0,0.0,0.0,0.0,0.0,0.0,1.0,1.0,949,54,367,94.9,95.68054487024348,94.9,0.0026016950607299,10,0.9657344567583424,24492.25
20.0,6,64.0,4051.684698608965,0.0,0.0,1.0,0.0,0.0,0.0,0.0,0,0,0,10,0,0.0024681091308593,0.0,1.0,0.0,0.0,0.0,0.0,0.0,1.0,0.0,0.0,0.0,0.0,0.0,1.0,1.0,676,66,68,67.6,0.8432740427115678,67.6,0.0002483129501342,10,0.0,1.0
20.0,6,64.0,215.49366256158905,0.0,0.0,0.7,0.3,0.3,0.0,0.0,3,0,0,7,0,0.0464050769805908,0.0,1.0,0.0,0.0,0.0,0.0,0.0,1.0,0.0,0.0,0.0,0.0,0.0,1.0,1.0,628,54,68,62.8,4.9170903772228725,62.8,0.0048590898513793,10,0.9287610559360656,24.0
20.0,6,64.0,1579.775517890772,0.0,0.0,0.8,0.2,0.2,0.0,0.0,2,0,0,8,0,0.0063300132751464,0.0,1.0,0.0,0.0,0.0,0.0,0.0,1.0,0.0,0.0,0.0,0.0,0.0,1.0,1.0,616,54,66,61.6,5.316640543300503,61.6,0.0006346940994262,10,0.9289238166917188,25.876543209876544
20.0,6,64.0,1260.8759957913724,0.0,0.0,0.6,0.4,0.4,0.0,0.0,4,0,0,6,0,0.0079309940338134,0.0,1.0,0.0,0.0,0.0,0.0,0.0,1.0,0.0,0.0,0.0,0.0,0.0,1.0,1.0,612,54,66,61.2,6.196773353931867,61.2,0.0009911060333251,10,0.9292823475934576,34.56
20.0,6,64.0,226.7779748259008,0.0,0.0,0.7,0.3,0.3,0.0,0.0,3,0,0,7,0,0.0440959930419921,0.0,1.0,0.0,0.0,0.0,0.0,0.0,1.0,0.0,0.0,0.0,0.0,0.0,1.0,1.0,3882,54,609,388.2,285.07262232631183,388.2,0.0046849012374877,10,1.0,75916.25
20.0,6,64.0,4327.14742597751,0.0,0.0,0.7,0.3,0.3,0.0,0.0,3,0,0,7,0,0.0023109912872314,0.0,1.0,0.0,0.0,0.0,0.0,0.0,1.0,0.0,0.0,0.0,0.0,0.0,1.0,1.0,4431,54,611,443.1,268.5059279295959,443.1,0.0003153085708618,10,1.0,75434.69387755102
20.0,6,64.0,3456.654029998352,0.0,0.0,0.6,0.4,0.4,0.0,0.0,4,0,0,6,0,0.0028929710388183,0.0,1.0,0.0,0.0,0.0,0.0,0.0,1.0,0.0,0.0,0.0,0.0,0.0,1.0,1.0,3882,54,611,388.2,287.6335631783375,388.2,0.0002907991409301,10,1.0,77562.25
20.0,6,64.0,292.0133116114569,0.0,0.0,0.9,0.1,0.1,0.0,0.0,1,0,0,9,0,0.0342450141906738,0.0,1.0,0.0,0.0,0.0,0.0,0.0,1.0,0.0,0.0,0.0,0.0,0.0,1.0,1.0,1193,54,611,119.3,172.8069250155599,119.3,0.0034287929534912,10,0.9971526589743384,77562.25
20.0,6,64.0,835.6352479429403,0.0,0.0,1.0,0.0,0.0,0.0,0.0,0,0,0,10,0,0.0119669437408447,0.0,1.0,0.0,0.0,0.0,0.0,0.0,1.0,0.0,0.0,0.0,0.0,0.0,1.0,1.0,676,66,68,67.6,0.8432740427115678,67.6,0.0012875080108642,10,0.0,1.0
20.0,6,64.0,206.4664504029102,0.0,0.0,0.6,0.4,0.4,0.0,0.0,4,0,0,6,0,0.0484340190887451,0.0,1.0,0.0,0.0,0.0,0.0,0.0,1.0,0.0,0.0,0.0,0.0,0.0,1.0,1.0,608,54,68,60.8,6.051629716218782,60.8,0.0048456907272338,10,0.9292232218811988,34.666666666666664
20.0,6,64.0,1214.9303362975409,0.0,0.0,0.5,0.5,0.5,0.0,0.0,5,0,0,5,0,0.0082309246063232,0.0,1.0,0.0,0.0,0.0,0.0,0.0,1.0,0.0,0.0,0.0,0.0,0.0,1.0,1.0,590,54,64,59.0,5.270462766947299,59.0,0.0014775991439819,10,0.9289050057127436,25.0
20.0,6,64.0,3885.053723601334,0.0,0.0,0.5,0.5,0.5,0.0,0.0,5,0,0,5,0,0.0025739669799804,0.0,1.0,0.0,0.0,0.0,0.0,0.0,1.0,0.0,0.0,0.0,0.0,0.0,1.0,1.0,610,54,66,61.0,6.055300708194984,61.0,0.0003505945205688,10,0.9292247172964904,33.58024691358025
20.0,6,64.0,1882.880229843778,0.0,0.0,0.5,0.5,0.5,0.0,0.0,5,0,0,5,0,0.0053110122680664,0.0,1.0,0.0,0.0,0.0,0.0,0.0,1.0,0.0,0.0,0.0,0.0,0.0,1.0,1.0,600,54,66,60.0,6.324555320336759,60.0,0.0005341053009033,10,0.9293344008552924,36.0
20.0,6,64.0,551.9038909430635,0.0,0.0,0.9,0.1,0.1,0.0,0.0,1,0,0,9,0,0.0181190967559814,0.0,1.0,0.0,0.0,0.0,0.0,0.0,1.0,0.0,0.0,0.0,0.0,0.0,1.0,1.0,692,54,73,69.2,8.011103405759892,69.2,0.0018149137496948,10,0.9300214330833704,90.25
20.0,6,64.0,1399.2207099012544,0.0,0.0,1.0,0.0,0.0,0.0,0.0,0,0,0,10,0,0.0071468353271484,0.0,1.0,0.0,0.0,0.0,0.0,0.0,1.0,0.0,0.0,0.0,0.0,0.0,1.0,1.0,746,73,75,74.6,0.8432740427115678,74.6,0.0007764816284179,10,0.0,1.0
20.0,6,64.0,229.1944350334969,0.0,0.0,0.6,0.4,0.4,0.0,0.0,4,0,0,6,0,0.0436310768127441,0.0,1.0,0.0,0.0,0.0,0.0,0.0,1.0,0.0,0.0,0.0,0.0,0.0,1.0,1.0,630,54,75,63.0,8.48528137423857,63.0,0.0043660163879394,10,0.9302145942206098,74.25
20.0,6,64.0,1015.2258314372853,0.0,0.0,0.5,0.5,0.5,0.0,0.0,5,0,0,5,0,0.0098500251770019,0.0,1.0,0.0,0.0,0.0,0.0,0.0,1.0,0.0,0.0,0.0,0.0,0.0,1.0,1.0,600,54,66,60.0,6.324555320336759,60.0,0.0011123895645141,10,0.9293344008552924,36.0
20.0,6,64.0,1831.1739794804628,0.0,0.0,0.5,0.5,0.5,0.0,0.0,5,0,0,5,0,0.0054609775543212,0.0,1.0,0.0,0.0,0.0,0.0,0.0,1.0,0.0,0.0,0.0,0.0,0.0,1.0,1.0,608,54,68,60.8,7.192588778272627,60.8,0.0006531953811645,10,0.9296880029647172,46.56
20.0,6,64.0,2287.8437789777995,0.0,0.0,0.5,0.5,0.5,0.0,0.0,5,0,0,5,0,0.0043709278106689,0.0,1.0,0.0,0.0,0.0,0.0,0.0,1.0,0.0,0.0,0.0,0.0,0.0,1.0,1.0,624,54,68,62.4,7.229568912920511,62.4,0.0008788108825683,10,0.9297030671923672,49.0
20.0,6,64.0,314.85223135532783,0.0,0.0,1.0,0.0,0.0,0.0,0.0,0,0,0,10,0,0.0317609310150146,0.0,1.0,0.0,0.0,0.0,0.0,0.0,1.0,0.0,0.0,0.0,0.0,0.0,1.0,1.0,648,54,66,64.8,3.794733192202056,64.8,0.0031842947006225,10,0.9283038525131756,36.0
20.0,6,64.0,74631.743772242,0.0,0.0,1.0,0.0,0.0,0.0,0.0,0,0,0,10,0,0.000133991241455,0.0,1.0,0.0,0.0,0.0,0.0,0.0,1.0,0.0,0.0,0.0,0.0,0.0,1.0,1.0,678,66,68,67.8,0.6324555320336757,67.8,1.5497207641601562e-05,10,0.0,1.0
20.0,6,64.0,178.64141846508994,0.0,0.0,1.0,0.0,0.0,0.0,0.0,0,0,0,10,0,0.0559780597686767,0.0,1.0,0.0,0.0,0.0,0.0,0.0,1.0,0.0,0.0,0.0,0.0,0.0,1.0,1.0,662,66,68,66.2,0.6324555320336757,66.2,0.005599308013916,10,0.0,1.0
20.0,6,64.0,75166.73835125448,0.0,0.0,1.0,0.0,0.0,0.0,0.0,0,0,0,10,0,0.0001330375671386,0.0,1.0,0.0,0.0,0.0,0.0,0.0,1.0,0.0,0.0,0.0,0.0,0.0,1.0,1.0,678,66,68,67.8,0.6324555320336757,67.8,1.4805793762207032e-05,10,0.0,1.0
20.0,6,64.0,246.5424834680382,0.0,0.0,0.7,0.3,0.3,0.0,0.0,3,0,0,7,0,0.0405609607696533,0.0,1.0,0.0,0.0,0.0,0.0,0.0,1.0,0.0,0.0,0.0,0.0,0.0,1.0,1.0,9920,54,1392,992.0,644.072459691713,992.0,0.0040575981140136,10,1.0,438244.0
20.0,6,64.0,544.4249166028478,0.0,0.0,0.8,0.2,0.2,0.0,0.0,2,0,0,8,0,0.0183680057525634,0.0,1.0,0.0,0.0,0.0,0.0,0.0,1.0,0.0,0.0,0.0,0.0,0.0,1.0,1.0,9906,54,1392,990.6,646.315402880049,990.6,0.0018404006958007,10,1.0,447561.0
20.0,6,64.0,3790.604609127881,0.0,0.0,0.6,0.4,0.4,0.0,0.0,4,0,0,6,0,0.0026381015777587,0.0,1.0,0.0,0.0,0.0,0.0,0.0,1.0,0.0,0.0,0.0,0.0,0.0,1.0,1.0,8568,54,1392,856.8,690.9402289634031,856.8,0.0003468990325927,10,1.0,447561.0
20.0,6,64.0,1535.6438326071834,0.0,0.0,0.5,0.5,0.5,0.0,0.0,5,0,0,5,0,0.0065119266510009,0.0,1.0,0.0,0.0,0.0,0.0,0.0,1.0,0.0,0.0,0.0,0.0,0.0,1.0,1.0,590,54,64,59.0,5.270462766947299,59.0,0.0029712915420532,10,0.9289050057127436,25.0
20.0,6,64.0,1712.3102674015106,0.0,0.0,0.5,0.5,0.5,0.0,0.0,5,0,0,5,0,0.0058400630950927,0.0,1.0,0.0,0.0,0.0,0.0,0.0,1.0,0.0,0.0,0.0,0.0,0.0,1.0,1.0,602,54,66,60.2,5.370702416299421,60.2,0.0011600971221923,10,0.9289458393363036,25.96
20.0,6,64.0,2804.241492277863,0.0,0.0,0.6,0.4,0.4,0.0,0.0,4,0,0,6,0,0.003566026687622,0.0,1.0,0.0,0.0,0.0,0.0,0.0,1.0,0.0,0.0,0.0,0.0,0.0,1.0,1.0,600,54,66,60.0,6.324555320336759,60.0,0.0003602027893066,10,0.9293344008552924,36.0
20.0,6,64.0,307.1737522428504,0.0,0.0,0.6,0.4,0.4,0.0,0.0,4,0,0,6,0,0.0325548648834228,0.0,1.0,0.0,0.0,0.0,0.0,0.0,1.0,0.0,0.0,0.0,0.0,0.0,1.0,1.0,642,54,72,64.2,7.509993342207435,64.2,0.0032841920852661,10,0.9298173008878816,50.760000000000005
20.0,6,64.0,549.1148553997617,0.0,0.0,0.6,0.4,0.4,0.0,0.0,4,0,0,6,0,0.0182111263275146,0.0,1.0,0.0,0.0,0.0,0.0,0.0,1.0,0.0,0.0,0.0,0.0,0.0,1.0,1.0,630,54,72,63.0,9.486832980505138,63.0,0.0018242120742797,10,0.9306225862829386,81.0
20.0,6,64.0,2015.717031910804,0.0,0.0,0.5,0.5,0.5,0.0,0.0,5,0,0,5,0,0.0049610137939453,0.0,1.0,0.0,0.0,0.0,0.0,0.0,1.0,0.0,0.0,0.0,0.0,0.0,1.0,1.0,656,54,74,65.6,10.01332445627658,65.6,0.0005388975143432,10,0.9308370578505089,91.55555555555556
20.0,6,64.0,2538.0031465569405,0.0,0.0,0.6,0.4,0.4,0.0,0.0,4,0,0,6,0,0.0039401054382324,0.0,1.0,0.0,0.0,0.0,0.0,0.0,1.0,0.0,0.0,0.0,0.0,0.0,1.0,1.0,640,54,74,64.0,10.540925533894598,64.0,0.0003973007202148,10,0.9310519814254872,100.0
20.0,6,64.0,250.44358859531275,0.0,0.0,0.6,0.4,0.4,0.0,0.0,4,0,0,6,0,0.0399291515350341,0.0,1.0,0.0,0.0,0.0,0.0,0.0,1.0,0.0,0.0,0.0,0.0,0.0,1.0,1.0,610,54,74,61.0,6.749485577105529,61.0,0.0040744066238403,10,0.9295075004446898,100.0
20.0,6,64.0,7967.90273556231,0.0,0.0,0.5,0.5,0.5,0.0,0.0,5,0,0,5,0,0.0012550354003906,0.0,1.0,0.0,0.0,0.0,0.0,0.0,1.0,0.0,0.0,0.0,0.0,0.0,1.0,1.0,602,54,66,60.2,5.370702416299421,60.2,0.0001281976699829,10,0.9289458393363036,25.96
20.0,6,64.0,3043.32027281962,0.0,0.0,0.6,0.4,0.4,0.0,0.0,4,0,0,6,0,0.0032858848571777,0.0,1.0,0.0,0.0,0.0,0.0,0.0,1.0,0.0,0.0,0.0,0.0,0.0,1.0,1.0,600,54,66,60.0,6.324555320336759,60.0,0.0003315925598144,10,0.9293344008552924,36.0
20.0,6,64.0,375.41656224266944,0.0,0.0,0.5,0.5,0.5,0.0,0.0,5,0,0,5,0,0.0266370773315429,0.0,1.0,0.0,0.0,0.0,0.0,0.0,1.0,0.0,0.0,0.0,0.0,0.0,1.0,1.0,598,54,66,59.8,6.142746399887703,59.8,0.0027444124221801,10,0.9292603391734584,36.0
20.0,6,64.0,1024.1750299123385,0.0,0.0,0.5,0.5,0.5,0.0,0.0,5,0,0,5,0,0.0097639560699462,0.0,1.0,0.0,0.0,0.0,0.0,0.0,1.0,0.0,0.0,0.0,0.0,0.0,1.0,1.0,590,54,64,59.0,5.270462766947299,59.0,0.0013789892196655,10,0.9289050057127436,25.0
20.0,6,64.0,754.8871530902416,0.0,0.0,0.5,0.5,0.5,0.0,0.0,5,0,0,5,0,0.013247013092041,0.0,1.0,0.0,0.0,0.0,0.0,0.0,1.0,0.0,0.0,0.0,0.0,0.0,1.0,1.0,604,54,66,60.4,5.561774297230456,60.4,0.0013266086578369,10,0.9290236743777198,27.84
20.0,6,64.0,2265.9665045921124,0.0,0.0,0.6,0.4,0.4,0.0,0.0,4,0,0,6,0,0.0044131278991699,0.0,1.0,0.0,0.0,0.0,0.0,0.0,1.0,0.0,0.0,0.0,0.0,0.0,1.0,1.0,600,54,66,60.0,6.324555320336759,60.0,0.0004447937011718,10,0.9293344008552924,36.0
20.0,6,64.0,429.5506124288231,0.0,0.0,0.5,0.5,0.5,0.0,0.0,5,0,0,5,0,0.0232801437377929,0.0,1.0,0.0,0.0,0.0,0.0,0.0,1.0,0.0,0.0,0.0,0.0,0.0,1.0,1.0,596,54,66,59.6,5.94792213951879,59.6,0.0024713039398193,10,0.9291809755627544,36.0
20.0,6,64.0,986.5932773504576,0.0,0.0,0.5,0.5,0.5,0.0,0.0,5,0,0,5,0,0.0101358890533447,0.0,1.0,0.0,0.0,0.0,0.0,0.0,1.0,0.0,0.0,0.0,0.0,0.0,1.0,1.0,590,54,64,59.0,5.270462766947299,59.0,0.0011277914047241,10,0.9289050057127436,25.0
20.0,6,64.0,862.368978349816,0.0,0.0,0.5,0.5,0.5,0.0,0.0,5,0,0,5,0,0.0115959644317626,0.0,1.0,0.0,0.0,0.0,0.0,0.0,1.0,0.0,0.0,0.0,0.0,0.0,1.0,1.0,594,54,66,59.4,5.738757124441959,59.4,0.001542592048645,10,0.9290957701022128,29.64
20.0,6,64.0,1926.821021683205,0.0,0.0,0.5,0.5,0.5,0.0,0.0,5,0,0,5,0,0.0051898956298828,0.0,1.0,0.0,0.0,0.0,0.0,0.0,1.0,0.0,0.0,0.0,0.0,0.0,1.0,1.0,600,54,66,60.0,6.324555320336759,60.0,0.0008172988891601,10,0.9293344008552924,36.0
20.0,6,64.0,425.1141765403444,0.0,0.0,0.8,0.2,0.2,0.0,0.0,2,0,0,8,0,0.0235230922698974,0.0,1.0,0.0,0.0,0.0,0.0,0.0,1.0,0.0,0.0,0.0,0.0,0.0,1.0,1.0,626,54,66,62.6,4.623610902506588,62.6,0.0024335145950317,10,0.9286415041372452,36.0
20.0,6,64.0,1045.7003241087011,0.0,0.0,1.0,0.0,0.0,0.0,0.0,0,0,0,10,0,0.0095629692077636,0.0,1.0,0.0,0.0,0.0,0.0,0.0,1.0,0.0,0.0,0.0,0.0,0.0,1.0,1.0,650,64,66,65.0,1.0540925533894598,65.0,0.0009579896926879,10,0.9101461251425488,1.0
20.0,6,64.0,230.9626048314712,0.0,0.0,0.8,0.2,0.2,0.0,0.0,2,0,0,8,0,0.0432970523834228,0.0,1.0,0.0,0.0,0.0,0.0,0.0,1.0,0.0,0.0,0.0,0.0,0.0,1.0,1.0,636,54,66,63.6,5.059644256269407,63.6,0.0043313026428222,10,0.928819126684234,23.04
20.0,6,64.0,1856.708277999115,0.0,0.0,0.5,0.5,0.5,0.0,0.0,5,0,0,5,0,0.0053858757019042,0.0,1.0,0.0,0.0,0.0,0.0,0.0,1.0,0.0,0.0,0.0,0.0,0.0,1.0,1.0,600,54,66,60.0,6.324555320336759,60.0,0.0005424976348876,10,0.9293344008552924,36.0
20.0,6,64.0,964.5847802589518,0.0,0.0,0.5,0.5,0.5,0.0,0.0,5,0,0,5,0,0.0103671550750732,0.0,1.0,0.0,0.0,0.0,0.0,0.0,1.0,0.0,0.0,0.0,0.0,0.0,1.0,1.0,606,54,68,60.6,6.995236474439826,60.6,0.0011706113815307,10,0.9296076095302278,44.04
20.0,6,64.0,4189.276867758689,0.0,0.0,0.6,0.4,0.4,0.0,0.0,4,0,0,6,0,0.0023870468139648,0.0,1.0,0.0,0.0,0.0,0.0,0.0,1.0,0.0,0.0,0.0,0.0,0.0,1.0,1.0,624,54,68,62.4,7.229568912920511,62.4,0.0008440971374511,10,0.9297030671923672,49.0
20.0,6,64.0,407.2812017517454,0.0,0.0,1.0,0.0,0.0,0.0,0.0,0,0,0,10,0,0.0245530605316162,0.0,1.0,0.0,0.0,0.0,0.0,0.0,1.0,0.0,0.0,0.0,0.0,0.0,1.0,1.0,662,66,68,66.2,0.6324555320336757,66.2,0.0025578022003173,10,0.0,1.0
20.0,6,64.0,1003.7101560256532,0.0,0.0,1.0,0.0,0.0,0.0,0.0,0,0,0,10,0,0.009963035583496,0.0,1.0,0.0,0.0,0.0,0.0,0.0,1.0,0.0,0.0,0.0,0.0,0.0,1.0,1.0,678,66,68,67.8,0.6324555320336757,67.8,0.0009989976882934,10,0.0,1.0
20.0,6,64.0,237.1740224490373,0.0,0.0,1.0,0.0,0.0,0.0,0.0,0,0,0,10,0,0.0421631336212158,0.0,1.0,0.0,0.0,0.0,0.0,0.0,1.0,0.0,0.0,0.0,0.0,0.0,1.0,1.0,644,64,68,64.4,1.264911064067351,64.4,0.0042998075485229,10,0.9102320041710584,4.0
20.0,6,64.0,68534.37908496732,0.0,0.0,1.0,0.0,0.0,0.0,0.0,0,0,0,10,0,0.0001459121704101,0.0,1.0,0.0,0.0,0.0,0.0,0.0,1.0,0.0,0.0,0.0,0.0,0.0,1.0,1.0,658,64,66,65.8,0.6324555320336757,65.8,1.609325408935547e-05,10,0.0,1.0
20.0,6,64.0,178.65054924460233,0.0,0.0,0.6,0.4,0.4,0.0,0.0,4,0,0,6,0,0.0559751987457275,0.0,1.0,0.0,0.0,0.0,0.0,0.0,1.0,0.0,0.0,0.0,0.0,0.0,1.0,1.0,612,54,66,61.2,6.196773353931867,61.2,0.0057635068893432,10,0.9292823475934576,35.55555555555556
20.0,6,64.0,2139.9510204081635,0.0,0.0,0.5,0.5,0.5,0.0,0.0,5,0,0,5,0,0.0046730041503906,0.0,1.0,0.0,0.0,0.0,0.0,0.0,1.0,0.0,0.0,0.0,0.0,0.0,1.0,1.0,614,54,68,61.4,6.397916327472042,61.4,0.0005834817886352,10,0.929364285195159,36.84
20.0,6,64.0,2029.5674054001745,0.0,0.0,0.6,0.4,0.4,0.0,0.0,4,0,0,6,0,0.0049271583557128,0.0,1.0,0.0,0.0,0.0,0.0,0.0,1.0,0.0,0.0,0.0,0.0,0.0,1.0,1.0,624,54,68,62.4,7.229568912920511,62.4,0.0004947185516357,10,0.9297030671923672,49.0
20.0,6,64.0,351.3464792507832,0.0,0.0,0.8,0.2,0.2,0.0,0.0,2,0,0,8,0,0.0284619331359863,0.0,1.0,0.0,0.0,0.0,0.0,0.0,1.0,0.0,0.0,0.0,0.0,0.0,1.0,1.0,630,54,68,63.0,6.27162924074226,63.0,0.0028498888015747,10,0.9293128408875088,49.0
20.0,6,64.0,878.8852335351927,0.0,0.0,1.0,0.0,0.0,0.0,0.0,0,0,0,10,0,0.0113780498504638,0.0,1.0,0.0,0.0,0.0,0.0,0.0,1.0,0.0,0.0,0.0,0.0,0.0,1.0,1.0,668,66,68,66.8,1.0327955589886444,66.8,0.0016273975372314,10,0.9067291895989096,0.96
20.0,6,64.0,211.9223714991638,0.0,0.0,1.0,0.0,0.0,0.0,0.0,0,0,0,10,0,0.0471870899200439,0.0,1.0,0.0,0.0,0.0,0.0,0.0,1.0,0.0,0.0,0.0,0.0,0.0,1.0,1.0,672,66,68,67.2,1.0327955589886444,67.2,0.0047202110290527,10,0.9067291895989096,0.96
20.0,6,64.0,53498.77551020408,0.0,0.0,1.0,0.0,0.0,0.0,0.0,0,0,0,10,0,0.0001869201660156,0.0,1.0,0.0,0.0,0.0,0.0,0.0,1.0,0.0,0.0,0.0,0.0,0.0,1.0,1.0,668,66,68,66.8,1.0327955589886444,66.8,2.0289421081542967e-05,10,0.9067291895989096,0.96
20.0,6,64.0,218.54553222974275,0.0,0.0,1.0,0.0,0.0,0.0,0.0,0,0,0,10,0,0.0457570552825927,0.0,1.0,0.0,0.0,0.0,0.0,0.0,1.0,0.0,0.0,0.0,0.0,0.0,1.0,1.0,672,66,68,67.2,1.0327955589886444,67.2,0.0045772075653076,10,0.9067291895989096,0.96
20.0,6,64.0,1887.115990281652,0.0,0.0,1.0,0.0,0.0,0.0,0.0,0,0,0,10,0,0.0052990913391113,0.0,1.0,0.0,0.0,0.0,0.0,0.0,1.0,0.0,0.0,0.0,0.0,0.0,1.0,1.0,668,66,68,66.8,1.0327955589886444,66.8,0.0005336999893188,10,0.9067291895989096,0.96
20.0,6,64.0,264.3130187097872,0.0,0.0,0.8,0.2,0.2,0.0,0.0,2,0,0,8,0,0.0378339290618896,0.0,1.0,0.0,0.0,0.0,0.0,0.0,1.0,0.0,0.0,0.0,0.0,0.0,1.0,1.0,644,54,68,64.4,5.719362823873924,64.4,0.0037879943847656,10,0.9290878696399332,29.440000000000005
20.0,6,64.0,1185.534921846293,0.0,0.0,0.5,0.5,0.5,0.0,0.0,5,0,0,5,0,0.0084350109100341,0.0,1.0,0.0,0.0,0.0,0.0,0.0,1.0,0.0,0.0,0.0,0.0,0.0,1.0,1.0,590,54,64,59.0,5.270462766947299,59.0,0.0008450984954833,10,0.9289050057127436,25.0
20.0,6,64.0,1277.971968312005,0.0,0.0,0.5,0.5,0.5,0.0,0.0,5,0,0,5,0,0.0078248977661132,0.0,1.0,0.0,0.0,0.0,0.0,0.0,1.0,0.0,0.0,0.0,0.0,0.0,1.0,1.0,594,54,66,59.4,5.738757124441959,59.4,0.0008121013641357,10,0.9290957701022128,29.64
20.0,6,64.0,3353.565203486048,0.0,0.0,0.5,0.5,0.5,0.0,0.0,5,0,0,5,0,0.0029819011688232,0.0,1.0,0.0,0.0,0.0,0.0,0.0,1.0,0.0,0.0,0.0,0.0,0.0,1.0,1.0,600,54,66,60.0,6.324555320336759,60.0,0.0003480911254882,10,0.9293344008552924,36.0
20.0,6,64.0,216.2257575601357,0.0,0.0,0.7,0.3,0.3,0.0,0.0,3,0,0,7,0,0.0462479591369628,0.0,1.0,0.0,0.0,0.0,0.0,0.0,1.0,0.0,0.0,0.0,0.0,0.0,1.0,1.0,624,54,66,62.4,5.796550698475776,62.4,0.0047069072723388,10,0.9291193128925312,36.0
20.0,6,64.0,123361.88235294116,0.0,0.0,1.0,0.0,0.0,0.0,0.0,0,0,0,10,0,8.106231689453125e-05,0.0,1.0,0.0,0.0,0.0,0.0,0.0,1.0,0.0,0.0,0.0,0.0,0.0,1.0,1.0,668,66,68,66.8,1.0327955589886444,66.8,1.2111663818359374e-05,10,0.9067291895989096,0.96
20.0,6,64.0,300.3547567045007,0.0,0.0,0.9,0.1,0.1,0.0,0.0,1,0,0,9,0,0.0332939624786376,0.0,1.0,0.0,0.0,0.0,0.0,0.0,1.0,0.0,0.0,0.0,0.0,0.0,1.0,1.0,2004,54,514,200.4,216.447684210296,200.4,0.0033301830291748,10,1.0,42164.64000000001
20.0,6,64.0,888.736703818282,0.0,0.0,0.7,0.3,0.3,0.0,0.0,3,0,0,7,0,0.0112519264221191,0.0,1.0,0.0,0.0,0.0,0.0,0.0,1.0,0.0,0.0,0.0,0.0,0.0,1.0,1.0,4222,54,516,422.2,194.05944106553196,422.2,0.0012705087661743,10,1.0,50784.0
20.0,6,64.0,1483.2392672749131,0.0,0.0,0.7,0.3,0.3,0.0,0.0,3,0,0,7,0,0.0067420005798339,0.0,1.0,0.0,0.0,0.0,0.0,0.0,1.0,0.0,0.0,0.0,0.0,0.0,1.0,1.0,3774,54,516,377.4,223.16720189131735,377.4,0.0006767034530639,10,1.0,53361.0
20.0,6,64.0,224.7594754920611,0.0,0.0,0.7,0.3,0.3,0.0,0.0,3,0,0,7,0,0.0444920063018798,0.0,1.0,0.0,0.0,0.0,0.0,0.0,1.0,0.0,0.0,0.0,0.0,0.0,1.0,1.0,7314,54,1224,731.4,545.9630024095038,731.4,0.0044522047042846,10,1.0,268268.04
20.0,6,64.0,2668.1323155216287,0.0,0.0,0.9,0.1,0.1,0.0,0.0,1,0,0,9,0,0.0037479400634765,0.0,1.0,0.0,0.0,0.0,0.0,0.0,1.0,0.0,0.0,0.0,0.0,0.0,1.0,1.0,9906,54,1226,990.6,493.63238683592607,990.6,0.0003772974014282,10,1.0,342225.0
20.0,6,64.0,262.7433833432518,0.0,0.0,0.8,0.2,0.2,0.0,0.0,2,0,0,8,0,0.0380599498748779,0.0,1.0,0.0,0.0,0.0,0.0,0.0,1.0,0.0,0.0,0.0,0.0,0.0,1.0,1.0,8768,54,1226,876.8,562.2749031093836,876.8,0.0038075923919677,10,1.0,343396.0
20.0,6,64.0,812.8653656078607,0.0,0.0,0.6,0.4,0.4,0.0,0.0,4,0,0,6,0,0.0123021602630615,0.0,1.0,0.0,0.0,0.0,0.0,0.0,1.0,0.0,0.0,0.0,0.0,0.0,1.0,1.0,612,54,66,61.2,6.196773353931867,61.2,0.0012345075607299,10,0.9292823475934576,36.0
20.0,6,64.0,359.6741386111445,0.0,0.0,0.5,0.5,0.5,0.0,0.0,5,0,0,5,0,0.0278029441833496,0.0,1.0,0.0,0.0,0.0,0.0,0.0,1.0,0.0,0.0,0.0,0.0,0.0,1.0,1.0,606,54,68,60.6,6.995236474439826,60.6,0.0027824878692626,10,0.9296076095302278,44.04
20.0,6,64.0,1380.4318062137968,0.0,0.0,0.6,0.4,0.4,0.0,0.0,4,0,0,6,0,0.0072441101074218,0.0,1.0,0.0,0.0,0.0,0.0,0.0,1.0,0.0,0.0,0.0,0.0,0.0,1.0,1.0,610,54,68,61.0,7.378647873726218,61.0,0.0007265090942382,10,0.9297637959978412,49.0
20.0,6,64.0,875.9667515976777,0.0,0.0,0.9,0.1,0.1,0.0,0.0,1,0,0,9,0,0.011415958404541,0.0,1.0,0.0,0.0,0.0,0.0,0.0,1.0,0.0,0.0,0.0,0.0,0.0,1.0,1.0,652,54,68,65.2,4.0221608343995605,65.2,0.001221489906311,10,0.928396497437501,43.55555555555557
20.0,6,64.0,988.4533264204746,0.0,0.0,1.0,0.0,0.0,0.0,0.0,0,0,0,10,0,0.0101168155670166,0.0,1.0,0.0,0.0,0.0,0.0,0.0,1.0,0.0,0.0,0.0,0.0,0.0,1.0,1.0,674,66,68,67.4,0.9660917830792958,67.4,0.0011034965515136,10,0.0,1.0
20.0,6,64.0,263.95705502168016,0.0,0.0,1.0,0.0,0.0,0.0,0.0,0,0,0,10,0,0.0378849506378173,0.0,1.0,0.0,0.0,0.0,0.0,0.0,1.0,0.0,0.0,0.0,0.0,0.0,1.0,1.0,666,66,68,66.6,0.9660917830792958,66.6,0.0037901163101196,10,0.0,1.0
20.0,6,64.0,1411.22573264695,0.0,0.0,1.0,0.0,0.0,0.0,0.0,0,0,0,10,0,0.0070860385894775,0.0,1.0,0.0,0.0,0.0,0.0,0.0,1.0,0.0,0.0,0.0,0.0,0.0,1.0,1.0,674,66,68,67.4,0.9660917830792958,67.4,0.0009161949157714,10,0.0,1.0
20.0,6,64.0,190.59560216846995,0.0,0.0,0.6,0.4,0.4,0.0,0.0,4,0,0,6,0,0.0524671077728271,0.0,1.0,0.0,0.0,0.0,0.0,0.0,1.0,0.0,0.0,0.0,0.0,0.0,1.0,1.0,622,54,68,62.2,5.921711464320654,62.2,0.0053457021713256,10,0.9291702983821056,34.666666666666664
20.0,6,64.0,1926.024704963953,0.0,0.0,0.5,0.5,0.5,0.0,0.0,5,0,0,5,0,0.0051920413970947,0.0,1.0,0.0,0.0,0.0,0.0,0.0,1.0,0.0,0.0,0.0,0.0,0.0,1.0,1.0,590,54,64,59.0,5.270462766947299,59.0,0.0005222082138061,10,0.9289050057127436,25.0
20.0,6,64.0,1135.990466388603,0.0,0.0,0.5,0.5,0.5,0.0,0.0,5,0,0,5,0,0.0088028907775878,0.0,1.0,0.0,0.0,0.0,0.0,0.0,1.0,0.0,0.0,0.0,0.0,0.0,1.0,1.0,598,54,66,59.8,6.142746399887703,59.8,0.0008839845657348,10,0.9292603391734584,33.959999999999994
20.0,6,64.0,1014.5137024405584,0.0,0.0,0.6,0.4,0.4,0.0,0.0,4,0,0,6,0,0.0098569393157958,0.0,1.0,0.0,0.0,0.0,0.0,0.0,1.0,0.0,0.0,0.0,0.0,0.0,1.0,1.0,600,54,66,60.0,6.324555320336759,60.0,0.0009886026382446,10,0.9293344008552924,36.0
20.0,6,64.0,361.23538024287313,0.0,0.0,0.9,0.1,0.1,0.0,0.0,1,0,0,9,0,0.0276827812194824,0.0,1.0,0.0,0.0,0.0,0.0,0.0,1.0,0.0,0.0,0.0,0.0,0.0,1.0,1.0,648,54,66,64.8,3.794733192202056,64.8,0.0029146909713745,10,0.9283038525131756,36.0
20.0,6,64.0,71943.46483704975,0.0,0.0,1.0,0.0,0.0,0.0,0.0,0,0,0,10,0,0.0001389980316162,0.0,1.0,0.0,0.0,0.0,0.0,0.0,1.0,0.0,0.0,0.0,0.0,0.0,1.0,1.0,676,66,68,67.6,0.8432740427115678,67.6,2.0003318786621092e-05,10,0.0,1.0
20.0,6,64.0,191.24129126390665,0.0,0.0,0.8,0.2,0.2,0.0,0.0,2,0,0,8,0,0.0522899627685546,0.0,1.0,0.0,0.0,0.0,0.0,0.0,1.0,0.0,0.0,0.0,0.0,0.0,1.0,1.0,868,54,104,86.8,22.690183878594823,86.8,0.0052304029464721,10,0.9360011033047844,486.75
20.0,6,64.0,4640.230113950658,0.0,0.0,0.6,0.4,0.4,0.0,0.0,4,0,0,6,0,0.002155065536499,0.0,1.0,0.0,0.0,0.0,0.0,0.0,1.0,0.0,0.0,0.0,0.0,0.0,1.0,1.0,896,54,106,89.6,24.581836112598804,89.6,0.0002181053161621,10,0.9367716867588284,571.0617283950618
20.0,6,64.0,2973.629209500177,0.0,0.0,0.7,0.3,0.3,0.0,0.0,3,0,0,7,0,0.0033628940582275,0.0,1.0,0.0,0.0,0.0,0.0,0.0,1.0,0.0,0.0,0.0,0.0,0.0,1.0,1.0,852,54,106,85.2,26.85268453370476,85.2,0.0003391981124877,10,0.93769673957165,676.0
20.0,6,64.0,263.4497226880728,0.0,0.0,0.5,0.5,0.5,0.0,0.0,5,0,0,5,0,0.0379579067230224,0.0,1.0,0.0,0.0,0.0,0.0,0.0,1.0,0.0,0.0,0.0,0.0,0.0,1.0,1.0,642,54,106,64.2,15.504837954651444,64.2,0.0038991928100585,10,0.9330740807892068,507.5555555555556
20.0,6,64.0,2495.124330755503,0.0,0.0,0.5,0.5,0.5,0.0,0.0,5,0,0,5,0,0.0040078163146972,0.0,1.0,0.0,0.0,0.0,0.0,0.0,1.0,0.0,0.0,0.0,0.0,0.0,1.0,1.0,590,54,64,59.0,5.270462766947299,59.0,0.0004024982452392,10,0.9289050057127436,25.0
20.0,6,64.0,1086.7198673437665,0.0,0.0,0.6,0.4,0.4,0.0,0.0,4,0,0,6,0,0.0092020034790039,0.0,1.0,0.0,0.0,0.0,0.0,0.0,1.0,0.0,0.0,0.0,0.0,0.0,1.0,1.0,600,54,66,60.0,6.324555320336759,60.0,0.0009241104125976,10,0.9293344008552924,36.0
20.0,6,64.0,2041.7193204497885,0.0,0.0,0.5,0.5,0.5,0.0,0.0,5,0,0,5,0,0.0048978328704833,0.0,1.0,0.0,0.0,0.0,0.0,0.0,1.0,0.0,0.0,0.0,0.0,0.0,1.0,1.0,600,54,66,60.0,6.324555320336759,60.0,0.0005976915359497,10,0.9293344008552924,36.0
20.0,6,64.0,412.8820900517788,0.0,0.0,0.8,0.2,0.2,0.0,0.0,2,0,0,8,0,0.0242199897766113,0.0,1.0,0.0,0.0,0.0,0.0,0.0,1.0,0.0,0.0,0.0,0.0,0.0,1.0,1.0,636,54,66,63.6,5.059644256269407,63.6,0.0045085191726684,10,0.928819126684234,23.04
20.0,6,64.0,926.9589816124468,0.0,0.0,0.7,0.3,0.3,0.0,0.0,3,0,0,7,0,0.0107879638671875,0.0,1.0,0.0,0.0,0.0,0.0,0.0,1.0,0.0,0.0,0.0,0.0,0.0,1.0,1.0,624,54,66,62.4,5.796550698475776,62.4,0.0010804891586303,10,0.9291193128925312,36.0
20.0,6,64.0,561.5766923736076,0.0,0.0,0.7,0.3,0.3,0.0,0.0,3,0,0,7,0,0.0178070068359375,0.0,1.0,0.0,0.0,0.0,0.0,0.0,1.0,0.0,0.0,0.0,0.0,0.0,1.0,1.0,624,54,66,62.4,5.796550698475776,62.4,0.0017836093902587,10,0.9291193128925312,33.75
20.0,6,64.0,1241.8000947418286,0.0,0.0,0.6,0.4,0.4,0.0,0.0,4,0,0,6,0,0.0080528259277343,0.0,1.0,0.0,0.0,0.0,0.0,0.0,1.0,0.0,0.0,0.0,0.0,0.0,1.0,1.0,612,54,66,61.2,6.196773353931867,61.2,0.0009267807006835,10,0.9292823475934576,35.55555555555556
20.0,6,64.0,821.2852946935578,0.0,0.0,0.7,0.3,0.3,0.0,0.0,3,0,0,7,0,0.0121760368347167,0.0,1.0,0.0,0.0,0.0,0.0,0.0,1.0,0.0,0.0,0.0,0.0,0.0,1.0,1.0,634,54,68,63.4,6.535373831014651,63.4,0.0014886140823364,10,0.9294202798838022,41.4375
20.0,6,64.0,3417.5050924794264,0.0,0.0,0.5,0.5,0.5,0.0,0.0,5,0,0,5,0,0.0029261112213134,0.0,1.0,0.0,0.0,0.0,0.0,0.0,1.0,0.0,0.0,0.0,0.0,0.0,1.0,1.0,610,54,68,61.0,7.378647873726218,61.0,0.0002954959869384,10,0.9297637959978412,49.0
20.0,6,64.0,1084.1356492969396,0.0,0.0,1.0,0.0,0.0,0.0,0.0,0,0,0,10,0,0.0092239379882812,0.0,1.0,0.0,0.0,0.0,0.0,0.0,1.0,0.0,0.0,0.0,0.0,0.0,1.0,1.0,880,88,88,88.0,0.0,88.0,0.0030935049057006,10,0.0,0.0
20.0,6,64.0,103054.15233415231,0.0,0.0,1.0,0.0,0.0,0.0,0.0,0,0,0,10,0,9.703636169433594e-05,0.0,1.0,0.0,0.0,0.0,0.0,0.0,1.0,0.0,0.0,0.0,0.0,0.0,1.0,1.0,900,90,90,90.0,0.0,90.0,0.0005382061004638,10,0.0,0.0
20.0,6,64.0,530.7028709526401,0.0,0.0,1.0,0.0,0.0,0.0,0.0,0,0,0,10,0,0.0188429355621337,0.0,1.0,0.0,0.0,0.0,0.0,0.0,1.0,0.0,0.0,0.0,0.0,0.0,1.0,1.0,5090,509,509,509.0,0.0,509.0,0.0061091899871826,10,0.0,0.0
20.0,6,64.0,44858.866310160425,0.0,0.0,1.0,0.0,0.0,0.0,0.0,0,0,0,10,0,0.0002229213714599,0.0,1.0,0.0,0.0,0.0,0.0,0.0,1.0,0.0,0.0,0.0,0.0,0.0,1.0,1.0,5110,511,511,511.0,0.0,511.0,2.3889541625976563e-05,10,0.0,0.0
20.0,6,64.0,557.5381834133113,0.0,0.0,1.0,0.0,0.0,0.0,0.0,0,0,0,10,0,0.0179359912872314,0.0,1.0,0.0,0.0,0.0,0.0,0.0,1.0,0.0,0.0,0.0,0.0,0.0,1.0,1.0,6450,645,645,645.0,0.0,645.0,0.0047468185424804,10,0.0,0.0
20.0,6,64.0,41160.98135426889,0.0,0.0,1.0,0.0,0.0,0.0,0.0,0,0,0,10,0,0.0002429485321044,0.0,1.0,0.0,0.0,0.0,0.0,0.0,1.0,0.0,0.0,0.0,0.0,0.0,1.0,1.0,6470,647,647,647.0,0.0,647.0,0.0004009962081909,10,0.0,0.0
20.0,6,64.0,532.2788360258379,0.0,0.0,0.5,0.5,0.5,0.0,0.0,5,0,0,5,0,0.018787145614624,0.0,1.0,0.0,0.0,0.0,0.0,0.0,1.0,0.0,0.0,0.0,0.0,0.0,1.0,1.0,590,54,64,59.0,5.270462766947299,59.0,0.004938006401062,10,0.9289050057127436,25.0
20.0,6,64.0,2095.999200439758,0.0,0.0,0.5,0.5,0.5,0.0,0.0,5,0,0,5,0,0.0047709941864013,0.0,1.0,0.0,0.0,0.0,0.0,0.0,1.0,0.0,0.0,0.0,0.0,0.0,1.0,1.0,590,54,64,59.0,5.270462766947299,59.0,0.0005633831024169,10,0.9289050057127436,25.0
20.0,6,64.0,1934.285187234828,0.0,0.0,0.5,0.5,0.5,0.0,0.0,5,0,0,5,0,0.0051698684692382,0.0,1.0,0.0,0.0,0.0,0.0,0.0,1.0,0.0,0.0,0.0,0.0,0.0,1.0,1.0,600,54,66,60.0,6.324555320336759,60.0,0.0006943941116333,10,0.9293344008552924,36.0
20.0,6,64.0,2064.0244082476256,0.0,0.0,0.5,0.5,0.5,0.0,0.0,5,0,0,5,0,0.0048449039459228,0.0,1.0,0.0,0.0,0.0,0.0,0.0,1.0,0.0,0.0,0.0,0.0,0.0,1.0,1.0,600,54,66,60.0,6.324555320336759,60.0,0.0005836009979248,10,0.9293344008552924,36.0
20.0,6,64.0,795.3548876457761,0.0,0.0,0.9,0.1,0.1,0.0,0.0,1,0,0,9,0,0.0125730037689208,0.0,1.0,0.0,0.0,0.0,0.0,0.0,1.0,0.0,0.0,0.0,0.0,0.0,1.0,1.0,648,54,66,64.8,3.794733192202055,64.8,0.0026472091674804,10,0.9283038525131756,15.75
20.0,6,64.0,1435.9628881509125,0.0,0.0,1.0,0.0,0.0,0.0,0.0,0,0,0,10,0,0.0069639682769775,0.0,1.0,0.0,0.0,0.0,0.0,0.0,1.0,0.0,0.0,0.0,0.0,0.0,1.0,1.0,678,66,68,67.8,0.6324555320336757,67.8,0.000789999961853,10,0.0,1.0
20.0,6,64.0,242.593959304545,0.0,0.0,1.0,0.0,0.0,0.0,0.0,0,0,0,10,0,0.0412211418151855,0.0,1.0,0.0,0.0,0.0,0.0,0.0,1.0,0.0,0.0,0.0,0.0,0.0,1.0,1.0,725,68,73,72.5,1.5811388300841898,72.5,0.0042154073715209,10,0.9035443027138232,6.25
20.0,6,64.0,1294.4983179531496,0.0,0.0,1.0,0.0,0.0,0.0,0.0,0,0,0,10,0,0.0077250003814697,0.0,1.0,0.0,0.0,0.0,0.0,0.0,1.0,0.0,0.0,0.0,0.0,0.0,1.0,1.0,748,73,75,74.8,0.6324555320336757,74.8,0.0007740020751953,10,0.0,1.0
20.0,6,64.0,205.76956852356076,0.0,0.0,1.0,0.0,0.0,0.0,0.0,0,0,0,10,0,0.0485980510711669,0.0,1.0,0.0,0.0,0.0,0.0,0.0,1.0,0.0,0.0,0.0,0.0,0.0,1.0,1.0,750,75,75,75.0,0.0,75.0,0.0048614025115966,10,0.0,0.0
20.0,6,64.0,72440.48359240069,0.0,0.0,1.0,0.0,0.0,0.0,0.0,0,0,0,10,0,0.0001380443572998,0.0,1.0,0.0,0.0,0.0,0.0,0.0,1.0,0.0,0.0,0.0,0.0,0.0,1.0,1.0,768,75,77,76.8,0.6324555320336757,76.8,1.8596649169921875e-05,10,0.0,1.0
20.0,6,64.0,184.76784550051983,0.0,0.0,1.0,0.0,0.0,0.0,0.0,0,0,0,10,0,0.054121971130371,0.0,1.0,0.0,0.0,0.0,0.0,0.0,1.0,0.0,0.0,0.0,0.0,0.0,1.0,1.0,1922,77,205,192.2,40.47715405015526,192.2,0.005413794517517,10,0.9040518134738712,4096.0
20.0,6,64.0,58173.42579750347,0.0,0.0,1.0,0.0,0.0,0.0,0.0,0,0,0,10,0,0.0001718997955322,0.0,1.0,0.0,0.0,0.0,0.0,0.0,1.0,0.0,0.0,0.0,0.0,0.0,1.0,1.0,2068,205,207,206.8,0.632455532033676,206.8,1.86920166015625e-05,10,0.0,1.0
20.0,6,64.0,169.64641357720092,0.0,0.0,0.6,0.4,0.4,0.0,0.0,4,0,0,6,0,0.0589461326599121,0.0,1.0,0.0,0.0,0.0,0.0,0.0,1.0,0.0,0.0,0.0,0.0,0.0,1.0,1.0,753,54,207,75.3,46.657260956897154,75.3,0.0058983087539672,10,0.9457643318234016,4970.25
20.0,6,64.0,2099.5665014766982,0.0,0.0,0.6,0.4,0.4,0.0,0.0,4,0,0,6,0,0.0047628879547119,0.0,1.0,0.0,0.0,0.0,0.0,0.0,1.0,0.0,0.0,0.0,0.0,0.0,1.0,1.0,614,54,68,61.4,6.397916327472042,61.4,0.0005862951278686,10,0.929364285195159,36.84
20.0,6,64.0,2373.552147586441,0.0,0.0,0.6,0.4,0.4,0.0,0.0,4,0,0,6,0,0.0042130947113037,0.0,1.0,0.0,0.0,0.0,0.0,0.0,1.0,0.0,0.0,0.0,0.0,0.0,1.0,1.0,624,54,68,62.4,7.229568912920511,62.4,0.0005306005477905,10,0.9297030671923672,48.39506172839506
20.0,6,64.0,309.5792861149656,0.0,0.0,0.6,0.4,0.4,0.0,0.0,4,0,0,6,0,0.032301902770996,0.0,1.0,0.0,0.0,0.0,0.0,0.0,1.0,0.0,0.0,0.0,0.0,0.0,1.0,1.0,4092,54,1224,409.2,562.298615802434,409.2,0.0033638000488281,10,1.0,284561.75999999995
20.0,6,64.0,17825.34636634084,0.0,0.0,0.9,0.1,0.1,0.0,0.0,1,0,0,9,0,0.0005609989166259,0.0,1.0,0.0,0.0,0.0,0.0,0.0,1.0,0.0,0.0,0.0,0.0,0.0,1.0,1.0,11074,54,1226,1107.4,370.12796585925673,1107.4,0.0004683971405029,10,1.0,167620.40816326533
20.0,6,64.0,353.4069193306483,0.0,0.0,0.9,0.1,0.1,0.0,0.0,1,0,0,9,0,0.0282959938049316,0.0,1.0,0.0,0.0,0.0,0.0,0.0,1.0,0.0,0.0,0.0,0.0,0.0,1.0,1.0,10230,54,1226,1023.0,434.3140185012069,1023.0,0.0028305053710937,10,1.0,169765.8
20.0,6,64.0,6868.026854429343,0.0,0.0,0.6,0.4,0.4,0.0,0.0,4,0,0,6,0,0.0014560222625732,0.0,1.0,0.0,0.0,0.0,0.0,0.0,1.0,0.0,0.0,0.0,0.0,0.0,1.0,1.0,2738,54,368,273.8,151.67640994344944,273.8,0.0008337020874023,10,0.9885449323545636,23663.04
20.0,6,64.0,782.5340025000467,0.0,0.0,0.7,0.3,0.3,0.0,0.0,3,0,0,7,0,0.0127789974212646,0.0,1.0,0.0,0.0,0.0,0.0,0.0,1.0,0.0,0.0,0.0,0.0,0.0,1.0,1.0,2432,54,370,243.2,162.8392527071474,243.2,0.0012808084487915,10,0.9930922279827836,24754.222222222223
20.0,6,64.0,1869.202727394269,0.0,0.0,0.6,0.4,0.4,0.0,0.0,4,0,0,6,0,0.0053498744964599,0.0,1.0,0.0,0.0,0.0,0.0,0.0,1.0,0.0,0.0,0.0,0.0,0.0,1.0,1.0,2436,54,370,243.6,163.1816983202058,243.6,0.0006679773330688,10,0.9932317266277192,24964.0
20.0,6,64.0,463.9306256083533,0.0,0.0,1.0,0.0,0.0,0.0,0.0,0,0,0,10,0,0.021554946899414,0.0,1.0,0.0,0.0,0.0,0.0,0.0,1.0,0.0,0.0,0.0,0.0,0.0,1.0,1.0,640,64,64,64.0,0.0,64.0,0.0045562028884887,10,0.0,0.0
20.0,6,64.0,30954.273062730623,0.0,0.0,1.0,0.0,0.0,0.0,0.0,0,0,0,10,0,0.0003230571746826,0.0,1.0,0.0,0.0,0.0,0.0,0.0,1.0,0.0,0.0,0.0,0.0,0.0,1.0,1.0,660,66,66,66.0,0.0,66.0,3.361701965332031e-05,10,0.0,0.0
20.0,6,64.0,714.3983239938001,0.0,0.0,0.5,0.5,0.5,0.0,0.0,5,0,0,5,0,0.0139977931976318,0.0,1.0,0.0,0.0,0.0,0.0,0.0,1.0,0.0,0.0,0.0,0.0,0.0,1.0,1.0,590,54,64,59.0,5.270462766947299,59.0,0.0045200824737548,10,0.9289050057127436,25.0
20.0,6,64.0,2355.1597506878543,0.0,0.0,0.5,0.5,0.5,0.0,0.0,5,0,0,5,0,0.0042459964752197,0.0,1.0,0.0,0.0,0.0,0.0,0.0,1.0,0.0,0.0,0.0,0.0,0.0,1.0,1.0,602,54,66,60.2,5.370702416299421,60.2,0.0005295038223266,10,0.9289458393363036,25.96
20.0,6,64.0,1431.0146707608326,0.0,0.0,0.5,0.5,0.5,0.0,0.0,5,0,0,5,0,0.0069880485534667,0.0,1.0,0.0,0.0,0.0,0.0,0.0,1.0,0.0,0.0,0.0,0.0,0.0,1.0,1.0,600,54,66,60.0,6.324555320336759,60.0,0.0007025003433227,10,0.9293344008552924,36.0
20.0,6,64.0,392.739802988876,0.0,0.0,0.6,0.4,0.4,0.0,0.0,4,0,0,6,0,0.0254621505737304,0.0,1.0,0.0,0.0,0.0,0.0,0.0,1.0,0.0,0.0,0.0,0.0,0.0,1.0,1.0,600,54,66,60.0,6.324555320336759,60.0,0.0025499105453491,10,0.9293344008552924,36.0
20.0,6,64.0,6850.080026130981,0.0,0.0,1.0,0.0,0.0,0.0,0.0,0,0,0,10,0,0.0014598369598388,0.0,1.0,0.0,0.0,0.0,0.0,0.0,1.0,0.0,0.0,0.0,0.0,0.0,1.0,1.0,662,66,68,66.2,0.6324555320336759,66.2,0.0019471883773803,10,0.0,0.36
20.0,6,64.0,304.4424765914205,0.0,0.0,0.9,0.1,0.1,0.0,0.0,1,0,0,9,0,0.0328469276428222,0.0,1.0,0.0,0.0,0.0,0.0,0.0,1.0,0.0,0.0,0.0,0.0,0.0,1.0,1.0,679,67,68,67.9,0.3162277660168379,67.9,0.0032870054244995,10,0.0,0.09
20.0,6,64.0,336.5539819458375,0.0,0.0,0.8,0.2,0.2,0.0,0.0,2,0,0,8,0,0.0297129154205322,0.0,1.0,0.0,0.0,0.0,0.0,0.0,1.0,0.0,0.0,0.0,0.0,0.0,1.0,1.0,631,54,67,63.1,6.279596590015423,63.1,0.0029788970947265,10,0.9293160864669088,42.25
20.0,6,64.0,4701.607443111759,0.0,0.0,0.6,0.4,0.4,0.0,0.0,4,0,0,6,0,0.002126932144165,0.0,1.0,0.0,0.0,0.0,0.0,0.0,1.0,0.0,0.0,0.0,0.0,0.0,1.0,1.0,626,54,69,62.6,7.441624673267107,62.6,0.0002135038375854,10,0.929789450226902,49.84
20.0,6,64.0,3425.87927795475,0.0,0.0,0.5,0.5,0.5,0.0,0.0,5,0,0,5,0,0.0029189586639404,0.0,1.0,0.0,0.0,0.0,0.0,0.0,1.0,0.0,0.0,0.0,0.0,0.0,1.0,1.0,630,54,69,63.0,7.745966692414834,63.0,0.0002929925918579,10,0.929913426991822,56.25
20.0,6,64.0,278.5580320378291,0.0,0.0,0.8,0.2,0.2,0.0,0.0,2,0,0,8,0,0.0358991622924804,0.0,1.0,0.0,0.0,0.0,0.0,0.0,1.0,0.0,0.0,0.0,0.0,0.0,1.0,1.0,610,54,64,61.0,4.83045891539648,61.0,0.0035936117172241,10,0.928725765743776,25.0
20.0,6,64.0,3246.867936213036,0.0,0.0,0.7,0.3,0.3,0.0,0.0,3,0,0,7,0,0.0030798912048339,0.0,1.0,0.0,0.0,0.0,0.0,0.0,1.0,0.0,0.0,0.0,0.0,0.0,1.0,1.0,618,54,66,61.8,5.452828012447608,61.8,0.0003094911575317,10,0.9289792940191508,27.9375
20.0,6,64.0,343.53634963797793,0.0,0.0,0.7,0.3,0.3,0.0,0.0,3,0,0,7,0,0.0291090011596679,0.0,1.0,0.0,0.0,0.0,0.0,0.0,1.0,0.0,0.0,0.0,0.0,0.0,1.0,1.0,633,54,75,63.3,6.992853494818836,63.3,0.0029138088226318,10,0.9296066387996494,44.010000000000005
20.0,6,64.0,1370.4188721165783,0.0,0.0,0.5,0.5,0.5,0.0,0.0,5,0,0,5,0,0.0072970390319824,0.0,1.0,0.0,0.0,0.0,0.0,0.0,1.0,0.0,0.0,0.0,0.0,0.0,1.0,1.0,645,54,75,64.5,11.067971810589327,64.5,0.001213002204895,10,0.9312666789967616,110.25
20.0,6,64.0,1947.758892913532,0.0,0.0,0.5,0.5,0.5,0.0,0.0,5,0,0,5,0,0.005134105682373,0.0,1.0,0.0,0.0,0.0,0.0,0.0,1.0,0.0,0.0,0.0,0.0,0.0,1.0,1.0,647,54,77,64.7,11.294541454466696,64.7,0.0005156993865966,10,0.9313589744068916,114.81000000000002
20.0,6,64.0,4182.592740327084,0.0,0.0,0.5,0.5,0.5,0.0,0.0,5,0,0,5,0,0.0023908615112304,0.0,1.0,0.0,0.0,0.0,0.0,0.0,1.0,0.0,0.0,0.0,0.0,0.0,1.0,1.0,655,54,77,65.5,12.122064363978788,65.5,0.0009651899337768,10,0.9316960741393104,132.25
20.0,6,64.0,392.2182947128243,0.0,0.0,0.6,0.4,0.4,0.0,0.0,4,0,0,6,0,0.0254960060119628,0.0,1.0,0.0,0.0,0.0,0.0,0.0,1.0,0.0,0.0,0.0,0.0,0.0,1.0,1.0,658,54,77,65.8,10.860734577161692,65.8,0.0026046991348266,10,0.9311822588373526,132.25
20.0,6,64.0,803.7374724537702,0.0,0.0,1.0,0.0,0.0,0.0,0.0,0,0,0,10,0,0.012441873550415,0.0,1.0,0.0,0.0,0.0,0.0,0.0,1.0,0.0,0.0,0.0,0.0,0.0,1.0,1.0,674,67,69,67.4,0.8432740427115678,67.4,0.0013442039489746,10,0.0,0.64
20.0,6,64.0,204.8470107886087,0.0,0.0,1.0,0.0,0.0,0.0,0.0,0,0,0,10,0,0.0488169193267822,0.0,1.0,0.0,0.0,0.0,0.0,0.0,1.0,0.0,0.0,0.0,0.0,0.0,1.0,1.0,734,69,91,73.4,9.276014469827246,73.4,0.0048837900161743,10,0.9049747572544288,77.44000000000001
20.0,6,64.0,443.4006385182993,0.0,0.0,1.0,0.0,0.0,0.0,0.0,0,0,0,10,0,0.0225529670715332,0.0,1.0,0.0,0.0,0.0,0.0,0.0,1.0,0.0,0.0,0.0,0.0,0.0,1.0,1.0,914,91,93,91.4,0.8432740427115678,91.4,0.0022614002227783,10,0.0,0.64
20.0,6,64.0,469.0251157381522,0.0,0.0,1.0,0.0,0.0,0.0,0.0,0,0,0,10,0,0.0213208198547363,0.0,1.0,0.0,0.0,0.0,0.0,0.0,1.0,0.0,0.0,0.0,0.0,0.0,1.0,1.0,872,64,93,87.2,12.227473619317731,87.2,0.0021337032318115,10,0.9146977136535652,134.56
20.0,6,64.0,1577.3397014027305,0.0,0.0,1.0,0.0,0.0,0.0,0.0,0,0,0,10,0,0.0063397884368896,0.0,1.0,0.0,0.0,0.0,0.0,0.0,1.0,0.0,0.0,0.0,0.0,0.0,1.0,1.0,644,64,66,64.4,0.8432740427115678,64.4,0.0011842966079711,10,0.0,0.64
20.0,6,64.0,251.61697481613012,0.0,0.0,1.0,0.0,0.0,0.0,0.0,0,0,0,10,0,0.0397429466247558,0.0,1.0,0.0,0.0,0.0,0.0,0.0,1.0,0.0,0.0,0.0,0.0,0.0,1.0,1.0,2976,66,1224,297.6,488.25567072999775,297.6,0.0039757013320922,10,1.0,214554.24
20.0,6,64.0,904.1591756666452,0.0,0.0,1.0,0.0,0.0,0.0,0.0,0,0,0,10,0,0.0110599994659423,0.0,1.0,0.0,0.0,0.0,0.0,0.0,1.0,0.0,0.0,0.0,0.0,0.0,1.0,1.0,12244,1224,1226,1224.4,0.8432740427115678,1224.4,0.0017348051071166,10,0.0,0.64
20.0,6,64.0,223.6735477471616,0.0,0.0,0.9,0.1,0.1,0.0,0.0,1,0,0,9,0,0.0447080135345459,0.0,1.0,0.0,0.0,0.0,0.0,0.0,1.0,0.0,0.0,0.0,0.0,0.0,1.0,1.0,11087,54,1226,1108.7,370.5839386098048,1108.7,0.0044736146926879,10,1.0,123599.21
20.0,6,64.0,993.651891687001,0.0,0.0,0.6,0.4,0.4,0.0,0.0,4,0,0,6,0,0.010063886642456,0.0,1.0,0.0,0.0,0.0,0.0,0.0,1.0,0.0,0.0,0.0,0.0,0.0,1.0,1.0,7566,54,1225,756.6,604.7017997878513,756.6,0.0010089874267578,10,1.0,342810.25
20.0,6,64.0,3508.9969045427924,0.0,0.0,0.5,0.5,0.5,0.0,0.0,5,0,0,5,0,0.0028498172760009,0.0,1.0,0.0,0.0,0.0,0.0,0.0,1.0,0.0,0.0,0.0,0.0,0.0,1.0,1.0,6397,54,1226,639.7,617.3821165030437,639.7,0.0003660917282104,10,1.0,343044.61
20.0,6,64.0,2592.5973544319445,0.0,0.0,0.5,0.5,0.5,0.0,0.0,5,0,0,5,0,0.003857135772705,0.0,1.0,0.0,0.0,0.0,0.0,0.0,1.0,0.0,0.0,0.0,0.0,0.0,1.0,1.0,6400,54,1226,640.0,617.6982362862234,640.0,0.0004377126693725,10,1.0,343396.0
20.0,6,64.0,258.40519976588735,0.0,0.0,0.5,0.5,0.5,0.0,0.0,5,0,0,5,0,0.0386989116668701,0.0,1.0,0.0,0.0,0.0,0.0,0.0,1.0,0.0,0.0,0.0,0.0,0.0,1.0,1.0,4092,54,1226,409.2,563.669879746411,409.2,0.0039167881011962,10,1.0,343396.0
20.0,6,64.0,1689.480383468944,0.0,0.0,0.5,0.5,0.5,0.0,0.0,5,0,0,5,0,0.0059189796447753,0.0,1.0,0.0,0.0,0.0,0.0,0.0,1.0,0.0,0.0,0.0,0.0,0.0,1.0,1.0,600,54,66,60.0,6.324555320336759,60.0,0.0005956172943115,10,0.9293344008552924,36.0
20.0,6,64.0,1403.7161981258366,0.0,0.0,0.5,0.5,0.5,0.0,0.0,5,0,0,5,0,0.0071239471435546,0.0,1.0,0.0,0.0,0.0,0.0,0.0,1.0,0.0,0.0,0.0,0.0,0.0,1.0,1.0,600,54,66,60.0,6.324555320336759,60.0,0.0007161855697631,10,0.9293344008552924,36.0
20.0,6,64.0,1571.5478286934692,0.0,0.0,0.5,0.5,0.5,0.0,0.0,5,0,0,5,0,0.0063631534576416,0.0,1.0,0.0,0.0,0.0,0.0,0.0,1.0,0.0,0.0,0.0,0.0,0.0,1.0,1.0,600,54,66,60.0,6.324555320336759,60.0,0.0006399154663085,10,0.9293344008552924,36.0
20.0,6,64.0,345.20736454843995,0.0,0.0,0.8,0.2,0.2,0.0,0.0,2,0,0,8,0,0.0289680957794189,0.0,1.0,0.0,0.0,0.0,0.0,0.0,1.0,0.0,0.0,0.0,0.0,0.0,1.0,1.0,624,54,66,62.4,5.796550698475776,62.4,0.0029006004333496,10,0.9291193128925312,36.0
20.0,6,64.0,64527.75384615385,0.0,0.0,1.0,0.0,0.0,0.0,0.0,0,0,0,10,0,0.000154972076416,0.0,1.0,0.0,0.0,0.0,0.0,0.0,1.0,0.0,0.0,0.0,0.0,0.0,1.0,1.0,670,66,68,67.0,1.0540925533894598,67.0,0.0003397941589355,10,0.9067378651425488,1.0
20.0,6,64.0,201.80058120513465,0.0,0.0,0.8,0.2,0.2,0.0,0.0,2,0,0,8,0,0.0495538711547851,0.0,1.0,0.0,0.0,0.0,0.0,0.0,1.0,0.0,0.0,0.0,0.0,0.0,1.0,1.0,646,54,68,64.6,5.660781257427675,64.6,0.0049568891525268,10,0.9290640058530256,31.80246913580247
20.0,6,64.0,3789.234799891589,0.0,0.0,0.8,0.2,0.2,0.0,0.0,2,0,0,8,0,0.0026390552520751,0.0,1.0,0.0,0.0,0.0,0.0,0.0,1.0,0.0,0.0,0.0,0.0,0.0,1.0,1.0,638,54,68,63.8,5.202563470700446,63.8,0.0009574174880981,10,0.9288773462554244,27.0
20.0,6,64.0,2916.35655680712,0.0,0.0,0.7,0.3,0.3,0.0,0.0,3,0,0,7,0,0.0034289360046386,0.0,1.0,0.0,0.0,0.0,0.0,0.0,1.0,0.0,0.0,0.0,0.0,0.0,1.0,1.0,638,54,68,63.8,6.762642481555072,63.8,0.0003469944000244,10,0.9295128600412864,49.0
20.0,6,64.0,295.9717174853401,0.0,0.0,0.9,0.1,0.1,0.0,0.0,1,0,0,9,0,0.0337870121002197,0.0,1.0,0.0,0.0,0.0,0.0,0.0,1.0,0.0,0.0,0.0,0.0,0.0,1.0,1.0,638,54,68,63.8,3.8239014399199953,63.8,0.003420090675354,10,0.9283157344905658,43.55555555555557
20.0,6,64.0,2391.279361459521,0.0,0.0,1.0,0.0,0.0,0.0,0.0,0,0,0,10,0,0.0041818618774414,0.0,1.0,0.0,0.0,0.0,0.0,0.0,1.0,0.0,0.0,0.0,0.0,0.0,1.0,1.0,654,64,66,65.4,0.9660917830792958,65.4,0.0004204988479614,10,0.0,1.0
20.0,6,64.0,230.20834705482008,0.0,0.0,0.6,0.4,0.4,0.0,0.0,4,0,0,6,0,0.0434389114379882,0.0,1.0,0.0,0.0,0.0,0.0,0.0,1.0,0.0,0.0,0.0,0.0,0.0,1.0,1.0,5984,54,1406,598.4,695.0886753980867,598.4,0.0044862031936645,10,1.0,434833.44
20.0,6,64.0,562.0884481372286,0.0,0.0,0.7,0.3,0.3,0.0,0.0,3,0,0,7,0,0.0177907943725585,0.0,1.0,0.0,0.0,0.0,0.0,0.0,1.0,0.0,0.0,0.0,0.0,0.0,1.0,1.0,8652,54,1406,865.2,698.1697978763237,865.2,0.0017813920974731,10,1.0,456976.0
20.0,6,64.0,4363.158223239363,0.0,0.0,0.6,0.4,0.4,0.0,0.0,4,0,0,6,0,0.0022919178009033,0.0,1.0,0.0,0.0,0.0,0.0,0.0,1.0,0.0,0.0,0.0,0.0,0.0,1.0,1.0,10004,54,1406,1000.4,653.078045361604,1000.4,0.0002303123474121,10,1.0,406200.8888888889
20.0,6,64.0,252.11759826403707,0.0,0.0,0.7,0.3,0.3,0.0,0.0,3,0,0,7,0,0.0396640300750732,0.0,1.0,0.0,0.0,0.0,0.0,0.0,1.0,0.0,0.0,0.0,0.0,0.0,1.0,1.0,4632,54,1406,463.2,650.6148886502162,463.2,0.0039676904678344,10,1.0,456976.0
20.0,6,64.0,27042.578981302384,0.0,0.0,1.0,0.0,0.0,0.0,0.0,0,0,0,10,0,0.0003697872161865,0.0,1.0,0.0,0.0,0.0,0.0,0.0,1.0,0.0,0.0,0.0,0.0,0.0,1.0,1.0,666,66,68,66.6,0.966091783079296,66.6,3.969669342041016e-05,10,0.0,0.8400000000000001
20.0,6,64.0,258.920440515581,0.0,0.0,1.0,0.0,0.0,0.0,0.0,0,0,0,10,0,0.0386219024658203,0.0,1.0,0.0,0.0,0.0,0.0,0.0,1.0,0.0,0.0,0.0,0.0,0.0,1.0,1.0,674,66,68,67.4,0.966091783079296,67.4,0.0038644075393676,10,0.0,0.8400000000000001
20.0,6,64.0,904.3151290399086,0.0,0.0,1.0,0.0,0.0,0.0,0.0,0,0,0,10,0,0.0110580921173095,0.0,1.0,0.0,0.0,0.0,0.0,0.0,1.0,0.0,0.0,0.0,0.0,0.0,1.0,1.0,666,66,68,66.6,0.966091783079296,66.6,0.0011083126068115,10,0.0,0.8400000000000001
20.0,6,64.0,243.6763766078338,0.0,0.0,0.9,0.1,0.1,0.0,0.0,1,0,0,9,0,0.0410380363464355,0.0,1.0,0.0,0.0,0.0,0.0,0.0,1.0,0.0,0.0,0.0,0.0,0.0,1.0,1.0,662,54,68,66.2,4.366539438350084,66.2,0.0041051864624023,10,0.9285367835056064,19.06172839506173
20.0,6,64.0,1337.9386902293534,0.0,0.0,0.5,0.5,0.5,0.0,0.0,5,0,0,5,0,0.0074741840362548,0.0,1.0,0.0,0.0,0.0,0.0,0.0,1.0,0.0,0.0,0.0,0.0,0.0,1.0,1.0,600,54,66,60.0,6.324555320336759,60.0,0.0007511138916015,10,0.9293344008552924,36.0
20.0,6,64.0,762.3096635829955,0.0,0.0,0.5,0.5,0.5,0.0,0.0,5,0,0,5,0,0.013118028640747,0.0,1.0,0.0,0.0,0.0,0.0,0.0,1.0,0.0,0.0,0.0,0.0,0.0,1.0,1.0,618,54,68,61.8,6.762642481555072,61.8,0.0014304876327514,10,0.9295128600412864,41.16
20.0,6,64.0,1853.5902421778328,0.0,0.0,0.7,0.3,0.3,0.0,0.0,3,0,0,7,0,0.0053949356079101,0.0,1.0,0.0,0.0,0.0,0.0,0.0,1.0,0.0,0.0,0.0,0.0,0.0,1.0,1.0,624,54,68,62.4,7.229568912920511,62.4,0.0005430936813354,10,0.9297030671923672,49.0
20.0,6,64.0,312.60650508302774,0.0,0.0,0.9,0.1,0.1,0.0,0.0,1,0,0,9,0,0.0319890975952148,0.0,1.0,0.0,0.0,0.0,0.0,0.0,1.0,0.0,0.0,0.0,0.0,0.0,1.0,1.0,634,54,68,63.4,3.5339622081862854,63.4,0.0032033205032348,10,0.9281976248451268,49.0
20.0,6,64.0,6706.594179724976,0.0,0.0,1.0,0.0,0.0,0.0,0.0,0,0,0,10,0,0.0014910697937011,0.0,1.0,0.0,0.0,0.0,0.0,0.0,1.0,0.0,0.0,0.0,0.0,0.0,1.0,1.0,656,64,66,65.6,0.8432740427115678,65.6,0.0001513004302978,10,0.0,1.0
20.0,6,64.0,137.61562286734213,0.0,0.0,1.0,0.0,0.0,0.0,0.0,0,0,0,10,0,0.0726661682128906,0.0,1.0,0.0,0.0,0.0,0.0,0.0,1.0,0.0,0.0,0.0,0.0,0.0,1.0,1.0,644,64,66,64.4,0.8432740427115678,64.4,0.0072679996490478,10,0.0,1.0
20.0,6,64.0,805.2187601988903,0.0,0.0,1.0,0.0,0.0,0.0,0.0,0,0,0,10,0,0.0124189853668212,0.0,1.0,0.0,0.0,0.0,0.0,0.0,1.0,0.0,0.0,0.0,0.0,0.0,1.0,1.0,656,64,66,65.6,0.8432740427115678,65.6,0.0012473821640014,10,0.0,1.0
20.0,6,64.0,1126.5017591921146,0.0,0.0,0.6,0.4,0.4,0.0,0.0,4,0,0,6,0,0.0088770389556884,0.0,1.0,0.0,0.0,0.0,0.0,0.0,1.0,0.0,0.0,0.0,0.0,0.0,1.0,1.0,612,54,66,61.2,6.196773353931867,61.2,0.0008892059326171,10,0.9292823475934576,34.56
20.0,6,64.0,1442.184093800502,0.0,0.0,0.5,0.5,0.5,0.0,0.0,5,0,0,5,0,0.0069339275360107,0.0,1.0,0.0,0.0,0.0,0.0,0.0,1.0,0.0,0.0,0.0,0.0,0.0,1.0,1.0,612,54,66,61.2,6.196773353931867,61.2,0.0008014917373657,10,0.9292823475934576,36.0
20.0,6,64.0,617.8634140592776,0.0,0.0,0.5,0.5,0.5,0.0,0.0,5,0,0,5,0,0.0161848068237304,0.0,1.0,0.0,0.0,0.0,0.0,0.0,1.0,0.0,0.0,0.0,0.0,0.0,1.0,1.0,610,54,68,61.0,7.378647873726218,61.0,0.001622200012207,10,0.9297637959978412,49.0
20.0,6,64.0,2102.091916002606,0.0,0.0,0.5,0.5,0.5,0.0,0.0,5,0,0,5,0,0.0047571659088134,0.0,1.0,0.0,0.0,0.0,0.0,0.0,1.0,0.0,0.0,0.0,0.0,0.0,1.0,1.0,610,54,68,61.0,7.378647873726218,61.0,0.000478720664978,10,0.9297637959978412,49.0
20.0,6,64.0,311.8186616707927,0.0,0.0,0.6,0.4,0.4,0.0,0.0,4,0,0,6,0,0.0320699214935302,0.0,1.0,0.0,0.0,0.0,0.0,0.0,1.0,0.0,0.0,0.0,0.0,0.0,1.0,1.0,624,54,68,62.4,7.229568912920511,62.4,0.0032097816467285,10,0.9297030671923672,49.0
20.0,6,64.0,1273.7030063771638,0.0,0.0,0.8,0.2,0.2,0.0,0.0,2,0,0,8,0,0.0078511238098144,0.0,1.0,0.0,0.0,0.0,0.0,0.0,1.0,0.0,0.0,0.0,0.0,0.0,1.0,1.0,644,54,70,64.4,7.229568912920512,64.4,0.0007871150970458,10,0.9297030671923672,49.0
20.0,6,64.0,1406.8708281622112,0.0,0.0,0.6,0.4,0.4,0.0,0.0,4,0,0,6,0,0.0071079730987548,0.0,1.0,0.0,0.0,0.0,0.0,0.0,1.0,0.0,0.0,0.0,0.0,0.0,1.0,1.0,636,54,70,63.6,8.262364471909157,63.6,0.0007925987243652,10,0.9301237867912768,64.0
20.0,6,64.0,230.93589983592292,0.0,0.0,1.0,0.0,0.0,0.0,0.0,0,0,0,10,0,0.0433020591735839,0.0,1.0,0.0,0.0,0.0,0.0,0.0,1.0,0.0,0.0,0.0,0.0,0.0,1.0,1.0,1969,70,211,196.9,44.58811500837416,196.9,0.0043320894241333,10,0.9176553645298112,4970.25
20.0,6,64.0,76260.07272727272,0.0,0.0,1.0,0.0,0.0,0.0,0.0,0,0,0,10,0,0.0001311302185058,0.0,1.0,0.0,0.0,0.0,0.0,0.0,1.0,0.0,0.0,0.0,0.0,0.0,1.0,1.0,2128,211,213,212.8,0.632455532033676,212.8,1.461505889892578e-05,10,0.0,1.0
20.0,6,64.0,193.2707575904192,0.0,0.0,0.6,0.4,0.4,0.0,0.0,4,0,0,6,0,0.0517408847808837,0.0,1.0,0.0,0.0,0.0,0.0,0.0,1.0,0.0,0.0,0.0,0.0,0.0,1.0,1.0,771,54,213,77.1,48.08430097235479,77.1,0.0051756858825683,10,0.9463456508440984,5402.25
20.0,6,64.0,5740.903367095538,0.0,0.0,0.7,0.3,0.3,0.0,0.0,3,0,0,7,0,0.001741886138916,0.0,1.0,0.0,0.0,0.0,0.0,0.0,1.0,0.0,0.0,0.0,0.0,0.0,1.0,1.0,616,54,68,61.6,6.586180818788517,61.6,0.0001766920089721,10,0.9294409766183416,39.04
20.0,6,64.0,3763.7329504666186,0.0,0.0,0.7,0.3,0.3,0.0,0.0,3,0,0,7,0,0.0026569366455078,0.0,1.0,0.0,0.0,0.0,0.0,0.0,1.0,0.0,0.0,0.0,0.0,0.0,1.0,1.0,652,54,68,65.2,5.902918298980975,65.2,0.000316309928894,10,0.9291626427982728,49.0
20.0,6,64.0,265.9436701878083,0.0,0.0,0.6,0.4,0.4,0.0,0.0,4,0,0,6,0,0.0376019477844238,0.0,1.0,0.0,0.0,0.0,0.0,0.0,1.0,0.0,0.0,0.0,0.0,0.0,1.0,1.0,612,54,66,61.2,6.196773353931867,61.2,0.0037622928619384,10,0.9292823475934576,36.0
20.0,6,64.0,2157.56378600823,0.0,0.0,0.5,0.5,0.5,0.0,0.0,5,0,0,5,0,0.0046348571777343,0.0,1.0,0.0,0.0,0.0,0.0,0.0,1.0,0.0,0.0,0.0,0.0,0.0,1.0,1.0,602,54,68,60.2,6.562519841239848,60.2,0.0004652023315429,10,0.9294313380825274,38.76
20.0,6,64.0,1354.6618435501582,0.0,0.0,0.8,0.2,0.2,0.0,0.0,2,0,0,8,0,0.0073819160461425,0.0,1.0,0.0,0.0,0.0,0.0,0.0,1.0,0.0,0.0,0.0,0.0,0.0,1.0,1.0,638,54,68,63.8,6.762642481555072,63.8,0.0007833957672119,10,0.9295128600412864,49.0
20.0,6,64.0,275.25472670118586,0.0,0.0,0.9,0.1,0.1,0.0,0.0,1,0,0,9,0,0.0363299846649169,0.0,1.0,0.0,0.0,0.0,0.0,0.0,1.0,0.0,0.0,0.0,0.0,0.0,1.0,1.0,8758,54,1224,875.8,560.6682124433706,875.8,0.0038247108459472,10,1.0,336808.5555555556
20.0,6,64.0,15947.923954372623,0.0,0.0,1.0,0.0,0.0,0.0,0.0,0,0,0,10,0,0.0006270408630371,0.0,1.0,0.0,0.0,0.0,0.0,0.0,1.0,0.0,0.0,0.0,0.0,0.0,1.0,1.0,12254,1224,1226,1225.4,0.966091783079296,1225.4,0.0008852958679199,10,0.0,1.0
20.0,6,64.0,169.56000064682007,0.0,0.0,0.6,0.4,0.4,0.0,0.0,4,0,0,6,0,0.0589761734008789,0.0,1.0,0.0,0.0,0.0,0.0,0.0,1.0,0.0,0.0,0.0,0.0,0.0,1.0,1.0,4104,54,1226,410.4,562.841836871899,410.4,0.0058998107910156,10,1.0,338740.0
20.0,6,64.0,2251.733505126966,0.0,0.0,0.6,0.4,0.4,0.0,0.0,4,0,0,6,0,0.0044410228729248,0.0,1.0,0.0,0.0,0.0,0.0,0.0,1.0,0.0,0.0,0.0,0.0,0.0,1.0,1.0,600,54,66,60.0,6.324555320336759,60.0,0.0004475831985473,10,0.9293344008552924,36.0
20.0,6,64.0,2695.394897500161,0.0,0.0,0.5,0.5,0.5,0.0,0.0,5,0,0,5,0,0.0037100315093994,0.0,1.0,0.0,0.0,0.0,0.0,0.0,1.0,0.0,0.0,0.0,0.0,0.0,1.0,1.0,608,54,68,60.8,7.192588778272627,60.8,0.0004551172256469,10,0.9296880029647172,46.56
20.0,6,64.0,2469.7073544132368,0.0,0.0,0.5,0.5,0.5,0.0,0.0,5,0,0,5,0,0.0040490627288818,0.0,1.0,0.0,0.0,0.0,0.0,0.0,1.0,0.0,0.0,0.0,0.0,0.0,1.0,1.0,610,54,68,61.0,7.378647873726218,61.0,0.0004946947097778,10,0.9297637959978412,49.0
20.0,6,64.0,321.8860510805501,0.0,0.0,0.9,0.1,0.1,0.0,0.0,1,0,0,9,0,0.03106689453125,0.0,1.0,0.0,0.0,0.0,0.0,0.0,1.0,0.0,0.0,0.0,0.0,0.0,1.0,1.0,634,54,68,63.4,3.5339622081862854,63.4,0.0032084941864013,10,0.9281976248451268,49.0
20.0,6,64.0,75846.36528028933,0.0,0.0,1.0,0.0,0.0,0.0,0.0,0,0,0,10,0,0.0001318454742431,0.0,1.0,0.0,0.0,0.0,0.0,0.0,1.0,0.0,0.0,0.0,0.0,0.0,1.0,1.0,656,64,66,65.6,0.8432740427115678,65.6,1.4591217041015626e-05,10,0.0,1.0
20.0,6,64.0,239.9281526184824,0.0,0.0,0.6,0.4,0.4,0.0,0.0,4,0,0,6,0,0.0416791439056396,0.0,1.0,0.0,0.0,0.0,0.0,0.0,1.0,0.0,0.0,0.0,0.0,0.0,1.0,1.0,612,54,66,61.2,6.196773353931867,61.2,0.0041694164276123,10,0.9292823475934576,34.56
20.0,6,64.0,562.5558625499611,0.0,0.0,0.5,0.5,0.5,0.0,0.0,5,0,0,5,0,0.0177760124206542,0.0,1.0,0.0,0.0,0.0,0.0,0.0,1.0,0.0,0.0,0.0,0.0,0.0,1.0,1.0,600,54,66,60.0,6.324555320336759,60.0,0.001882791519165,10,0.9293344008552924,36.0
20.0,6,64.0,2369.6632768361583,0.0,0.0,0.5,0.5,0.5,0.0,0.0,5,0,0,5,0,0.0042200088500976,0.0,1.0,0.0,0.0,0.0,0.0,0.0,1.0,0.0,0.0,0.0,0.0,0.0,1.0,1.0,604,54,67,60.4,6.752777206453652,60.4,0.0005366086959838,10,0.929508841322821,41.04
20.0,6,64.0,1755.6000167427064,0.0,0.0,0.5,0.5,0.5,0.0,0.0,5,0,0,5,0,0.0056960582733154,0.0,1.0,0.0,0.0,0.0,0.0,0.0,1.0,0.0,0.0,0.0,0.0,0.0,1.0,1.0,605,54,67,60.5,6.851601597031489,60.5,0.0006736040115356,10,0.9295490984265669,42.25
20.0,6,64.0,553.0391213196028,0.0,0.0,0.9,0.1,0.1,0.0,0.0,1,0,0,9,0,0.0180819034576416,0.0,1.0,0.0,0.0,0.0,0.0,0.0,1.0,0.0,0.0,0.0,0.0,0.0,1.0,1.0,633,54,67,63.3,3.4009802508492566,63.3,0.0019357919692993,10,0.928143453314986,42.25
20.0,6,64.0,1036.1678895229625,0.0,0.0,1.0,0.0,0.0,0.0,0.0,0,0,0,10,0,0.0096509456634521,0.0,1.0,0.0,0.0,0.0,0.0,0.0,1.0,0.0,0.0,0.0,0.0,0.0,1.0,1.0,656,64,66,65.6,0.8432740427115678,65.6,0.0011437892913818,10,0.0,1.0
20.0,6,64.0,229.87526033103143,0.0,0.0,0.7,0.3,0.3,0.0,0.0,3,0,0,7,0,0.043501853942871,0.0,1.0,0.0,0.0,0.0,0.0,0.0,1.0,0.0,0.0,0.0,0.0,0.0,1.0,1.0,7324,54,1406,732.4,710.050264261466,732.4,0.004351806640625,10,1.0,453754.2400000001
20.0,6,64.0,723.1683304884567,0.0,0.0,0.6,0.4,0.4,0.0,0.0,4,0,0,6,0,0.0138280391693115,0.0,1.0,0.0,0.0,0.0,0.0,0.0,1.0,0.0,0.0,0.0,0.0,0.0,1.0,1.0,8652,54,1406,865.2,698.1697978763237,865.2,0.0013859033584594,10,1.0,456976.0
20.0,6,64.0,1726.1931023129475,0.0,0.0,0.5,0.5,0.5,0.0,0.0,5,0,0,5,0,0.0057930946350097,0.0,1.0,0.0,0.0,0.0,0.0,0.0,1.0,0.0,0.0,0.0,0.0,0.0,1.0,1.0,7300,54,1406,730.0,712.5665660912748,730.0,0.0005831003189086,10,1.0,456976.0
20.0,6,64.0,487.4490388861772,0.0,0.0,0.5,0.5,0.5,0.0,0.0,5,0,0,5,0,0.020514965057373,0.0,1.0,0.0,0.0,0.0,0.0,0.0,1.0,0.0,0.0,0.0,0.0,0.0,1.0,1.0,5958,54,1406,595.8,697.315774157511,595.8,0.0021579980850219,10,1.0,456976.0
20.0,6,64.0,657.5071718580991,0.0,0.0,0.5,0.5,0.5,0.0,0.0,5,0,0,5,0,0.0152089595794677,0.0,1.0,0.0,0.0,0.0,0.0,0.0,1.0,0.0,0.0,0.0,0.0,0.0,1.0,1.0,590,54,64,59.0,5.270462766947299,59.0,0.0018184900283813,10,0.9289050057127436,25.0
20.0,6,64.0,2019.0160777895449,0.0,0.0,0.5,0.5,0.5,0.0,0.0,5,0,0,5,0,0.0049529075622558,0.0,1.0,0.0,0.0,0.0,0.0,0.0,1.0,0.0,0.0,0.0,0.0,0.0,1.0,1.0,592,54,66,59.2,5.513619500836088,59.2,0.0007091999053955,10,0.9290040580398606,27.360000000000003
20.0,6,64.0,1995.577124369588,0.0,0.0,0.5,0.5,0.5,0.0,0.0,5,0,0,5,0,0.0050110816955566,0.0,1.0,0.0,0.0,0.0,0.0,0.0,1.0,0.0,0.0,0.0,0.0,0.0,1.0,1.0,600,54,66,60.0,6.324555320336759,60.0,0.0006004095077514,10,0.9293344008552924,36.0
20.0,6,64.0,452.32823233793823,0.0,0.0,0.6,0.4,0.4,0.0,0.0,4,0,0,6,0,0.0221078395843505,0.0,1.0,0.0,0.0,0.0,0.0,0.0,1.0,0.0,0.0,0.0,0.0,0.0,1.0,1.0,630,54,75,63.0,8.48528137423857,63.0,0.0023145914077758,10,0.9302145942206098,64.8
20.0,6,64.0,562.6237776495996,0.0,0.0,1.0,0.0,0.0,0.0,0.0,0,0,0,10,0,0.0177738666534423,0.0,1.0,0.0,0.0,0.0,0.0,0.0,1.0,0.0,0.0,0.0,0.0,0.0,1.0,1.0,754,75,77,75.4,0.8432740427115678,75.4,0.0019396066665649,10,0.0,0.64
20.0,6,64.0,326.8832221460191,0.0,0.0,1.0,0.0,0.0,0.0,0.0,0,0,0,10,0,0.0305919647216796,0.0,1.0,0.0,0.0,0.0,0.0,0.0,1.0,0.0,0.0,0.0,0.0,0.0,1.0,1.0,748,66,77,74.8,4.638007234913623,74.8,0.003061294555664,10,0.9081978086272144,19.360000000000003
20.0,6,64.0,956.1192668915838,0.0,0.0,1.0,0.0,0.0,0.0,0.0,0,0,0,10,0,0.0104589462280273,0.0,1.0,0.0,0.0,0.0,0.0,0.0,1.0,0.0,0.0,0.0,0.0,0.0,1.0,1.0,664,66,68,66.4,0.8432740427115678,66.4,0.0011300086975097,10,0.0,0.64
20.0,6,64.0,261.7252396166134,0.0,0.0,0.9,0.1,0.1,0.0,0.0,1,0,0,9,0,0.0382080078125,0.0,1.0,0.0,0.0,0.0,0.0,0.0,1.0,0.0,0.0,0.0,0.0,0.0,1.0,1.0,662,54,68,66.2,4.467164151400255,66.2,0.0038233995437622,10,0.9285777739887144,17.96
20.0,6,64.0,841.959209892404,0.0,0.0,0.5,0.5,0.5,0.0,0.0,5,0,0,5,0,0.0118770599365234,0.0,1.0,0.0,0.0,0.0,0.0,0.0,1.0,0.0,0.0,0.0,0.0,0.0,1.0,1.0,590,54,64,59.0,5.270462766947299,59.0,0.0015372991561889,10,0.9289050057127436,25.0
20.0,6,64.0,1485.1825360291775,0.0,0.0,0.5,0.5,0.5,0.0,0.0,5,0,0,5,0,0.0067331790924072,0.0,1.0,0.0,0.0,0.0,0.0,0.0,1.0,0.0,0.0,0.0,0.0,0.0,1.0,1.0,604,54,66,60.4,5.561774297230456,60.4,0.0007280111312866,10,0.9290236743777198,27.84
20.0,6,64.0,2428.383510884669,0.0,0.0,0.5,0.5,0.5,0.0,0.0,5,0,0,5,0,0.0041179656982421,0.0,1.0,0.0,0.0,0.0,0.0,0.0,1.0,0.0,0.0,0.0,0.0,0.0,1.0,1.0,600,54,66,60.0,6.324555320336759,60.0,0.0004145860671997,10,0.9293344008552924,36.0
20.0,6,64.0,362.92324997836806,0.0,0.0,0.5,0.5,0.5,0.0,0.0,5,0,0,5,0,0.0275540351867675,0.0,1.0,0.0,0.0,0.0,0.0,0.0,1.0,0.0,0.0,0.0,0.0,0.0,1.0,1.0,596,54,66,59.6,5.94792213951879,59.6,0.0027588129043579,10,0.9291809755627544,36.0
20.0,6,64.0,583.9778343984517,0.0,0.0,0.6,0.4,0.4,0.0,0.0,4,0,0,6,0,0.0171239376068115,0.0,1.0,0.0,0.0,0.0,0.0,0.0,1.0,0.0,0.0,0.0,0.0,0.0,1.0,1.0,590,54,64,59.0,5.270462766947299,59.0,0.0017155885696411,10,0.9289050057127436,25.0
20.0,6,64.0,1007.2534281117167,0.0,0.0,0.5,0.5,0.5,0.0,0.0,5,0,0,5,0,0.0099279880523681,0.0,1.0,0.0,0.0,0.0,0.0,0.0,1.0,0.0,0.0,0.0,0.0,0.0,1.0,1.0,606,54,66,60.6,5.738757124441958,60.6,0.0009943008422851,10,0.9290957701022128,29.64
20.0,6,64.0,2380.422247446084,0.0,0.0,0.6,0.4,0.4,0.0,0.0,4,0,0,6,0,0.0042009353637695,0.0,1.0,0.0,0.0,0.0,0.0,0.0,1.0,0.0,0.0,0.0,0.0,0.0,1.0,1.0,600,54,66,60.0,6.324555320336759,60.0,0.0004215955734252,10,0.9293344008552924,36.0
20.0,6,64.0,373.3713146275459,0.0,0.0,0.9,0.1,0.1,0.0,0.0,1,0,0,9,0,0.0267829895019531,0.0,1.0,0.0,0.0,0.0,0.0,0.0,1.0,0.0,0.0,0.0,0.0,0.0,1.0,1.0,648,54,66,64.8,3.794733192202056,64.8,0.0026802062988281,10,0.9283038525131756,32.0
20.0,6,64.0,1090.0241690272617,0.0,0.0,1.0,0.0,0.0,0.0,0.0,0,0,0,10,0,0.009174108505249,0.0,1.0,0.0,0.0,0.0,0.0,0.0,1.0,0.0,0.0,0.0,0.0,0.0,1.0,1.0,674,66,68,67.4,0.9660917830792958,67.4,0.0011289119720458,10,0.0,1.0
20.0,6,64.0,206.55999606018077,0.0,0.0,0.6,0.4,0.4,0.0,0.0,4,0,0,6,0,0.0484120845794677,0.0,1.0,0.0,0.0,0.0,0.0,0.0,1.0,0.0,0.0,0.0,0.0,0.0,1.0,1.0,2366,54,500,236.6,226.7706624176358,236.6,0.0048426866531372,10,1.0,46282.43999999999
20.0,6,64.0,3698.028566390408,0.0,0.0,0.6,0.4,0.4,0.0,0.0,4,0,0,6,0,0.0027041435241699,0.0,1.0,0.0,0.0,0.0,0.0,0.0,1.0,0.0,0.0,0.0,0.0,0.0,1.0,1.0,3216,54,500,321.6,230.31340965446773,321.6,0.0002735137939453,10,1.0,49729.0
20.0,6,64.0,1854.573753095154,0.0,0.0,0.5,0.5,0.5,0.0,0.0,5,0,0,5,0,0.0053920745849609,0.0,1.0,0.0,0.0,0.0,0.0,0.0,1.0,0.0,0.0,0.0,0.0,0.0,1.0,1.0,2780,54,502,278.0,236.116731959239,278.0,0.0005409955978393,10,1.0,50176.0
20.0,6,64.0,2378.667271593036,0.0,0.0,0.6,0.4,0.4,0.0,0.0,4,0,0,6,0,0.0042040348052978,0.0,1.0,0.0,0.0,0.0,0.0,0.0,1.0,0.0,0.0,0.0,0.0,0.0,1.0,1.0,2780,54,502,278.0,236.116731959239,278.0,0.0004241943359375,10,1.0,50176.0
20.0,6,64.0,756.6029295042932,0.0,0.0,1.0,0.0,0.0,0.0,0.0,0,0,0,10,0,0.0132169723510742,0.0,1.0,0.0,0.0,0.0,0.0,0.0,1.0,0.0,0.0,0.0,0.0,0.0,1.0,1.0,640,64,64,64.0,0.0,64.0,0.0039164066314697,10,0.0,0.0
20.0,6,64.0,1466.8988913370406,0.0,0.0,1.0,0.0,0.0,0.0,0.0,0,0,0,10,0,0.0068171024322509,0.0,1.0,0.0,0.0,0.0,0.0,0.0,1.0,0.0,0.0,0.0,0.0,0.0,1.0,1.0,660,66,66,66.0,0.0,66.0,0.0006839990615844,10,0.0,0.0
20.0,6,64.0,336.2814489360679,0.0,0.0,0.7,0.3,0.3,0.0,0.0,3,0,0,7,0,0.0297369956970214,0.0,1.0,0.0,0.0,0.0,0.0,0.0,1.0,0.0,0.0,0.0,0.0,0.0,1.0,1.0,8730,54,1224,873.0,565.163693101388,873.0,0.0062745809555053,10,1.0,287469.0
20.0,6,64.0,1664.7366540980354,0.0,0.0,0.6,0.4,0.4,0.0,0.0,4,0,0,6,0,0.0060069561004638,0.0,1.0,0.0,0.0,0.0,0.0,0.0,1.0,0.0,0.0,0.0,0.0,0.0,1.0,1.0,7566,54,1226,756.6,604.7023510234876,756.6,0.0007011175155639,10,1.0,342225.0
20.0,6,64.0,4288.215928841632,0.0,0.0,0.7,0.3,0.3,0.0,0.0,3,0,0,7,0,0.0023319721221923,0.0,1.0,0.0,0.0,0.0,0.0,0.0,1.0,0.0,0.0,0.0,0.0,0.0,1.0,1.0,8744,54,1226,874.4,566.1297848844673,874.4,0.0002372980117797,10,1.0,288452.64
20.0,6,64.0,771.8346766773398,0.0,0.0,0.5,0.5,0.5,0.0,0.0,5,0,0,5,0,0.0129561424255371,0.0,1.0,0.0,0.0,0.0,0.0,0.0,1.0,0.0,0.0,0.0,0.0,0.0,1.0,1.0,590,54,64,59.0,5.270462766947299,59.0,0.0024394035339355,10,0.9289050057127436,25.0
20.0,6,64.0,1398.3810095352403,0.0,0.0,0.6,0.4,0.4,0.0,0.0,4,0,0,6,0,0.0071511268615722,0.0,1.0,0.0,0.0,0.0,0.0,0.0,1.0,0.0,0.0,0.0,0.0,0.0,1.0,1.0,602,54,66,60.2,5.370702416299421,60.2,0.0008394002914428,10,0.9289458393363036,25.96
20.0,6,64.0,864.0744937269525,0.0,0.0,0.5,0.5,0.5,0.0,0.0,5,0,0,5,0,0.0115730762481689,0.0,1.0,0.0,0.0,0.0,0.0,0.0,1.0,0.0,0.0,0.0,0.0,0.0,1.0,1.0,600,54,66,60.0,6.324555320336759,60.0,0.0011612892150878,10,0.9293344008552924,36.0
20.0,6,64.0,547.9169170476813,0.0,0.0,0.5,0.5,0.5,0.0,0.0,5,0,0,5,0,0.0182509422302246,0.0,1.0,0.0,0.0,0.0,0.0,0.0,1.0,0.0,0.0,0.0,0.0,0.0,1.0,1.0,598,54,66,59.8,6.142746399887703,59.8,0.0019556045532226,10,0.9292603391734584,36.0
20.0,6,64.0,582.3076816282331,0.0,0.0,0.7,0.3,0.3,0.0,0.0,3,0,0,7,0,0.0171730518341064,0.0,1.0,0.0,0.0,0.0,0.0,0.0,1.0,0.0,0.0,0.0,0.0,0.0,1.0,1.0,610,54,64,61.0,4.83045891539648,61.0,0.0017872095108032,10,0.928725765743776,21.0
20.0,6,64.0,5545.820441623694,0.0,0.0,0.8,0.2,0.2,0.0,0.0,2,0,0,8,0,0.0018031597137451,0.0,1.0,0.0,0.0,0.0,0.0,0.0,1.0,0.0,0.0,0.0,0.0,0.0,1.0,1.0,644,54,66,64.4,3.747591819348053,64.4,0.0002913951873779,10,0.9282846490035296,13.728395061728394
20.0,6,64.0,269.0053168632431,0.0,0.0,1.0,0.0,0.0,0.0,0.0,0,0,0,10,0,0.0371739864349365,0.0,1.0,0.0,0.0,0.0,0.0,0.0,1.0,0.0,0.0,0.0,0.0,0.0,1.0,1.0,648,54,66,64.8,3.794733192202056,64.8,0.0037197828292846,10,0.9283038525131756,36.0
20.0,6,64.0,1344.2851190666966,0.0,0.0,1.0,0.0,0.0,0.0,0.0,0,0,0,10,0,0.0074388980865478,0.0,1.0,0.0,0.0,0.0,0.0,0.0,1.0,0.0,0.0,0.0,0.0,0.0,1.0,1.0,672,66,68,67.2,1.0327955589886444,67.2,0.0007456064224243,10,0.9067291895989096,1.0
20.0,6,64.0,268.55748852278475,0.0,0.0,0.7,0.3,0.3,0.0,0.0,3,0,0,7,0,0.0372359752655029,0.0,1.0,0.0,0.0,0.0,0.0,0.0,1.0,0.0,0.0,0.0,0.0,0.0,1.0,1.0,626,54,68,62.6,6.186005711819758,62.6,0.0042437076568603,10,0.9292779612867668,34.44
20.0,6,64.0,995.4205430036072,0.0,0.0,0.5,0.5,0.5,0.0,0.0,5,0,0,5,0,0.0100460052490234,0.0,1.0,0.0,0.0,0.0,0.0,0.0,1.0,0.0,0.0,0.0,0.0,0.0,1.0,1.0,590,54,64,59.0,5.270462766947299,59.0,0.001006007194519,10,0.9289050057127436,25.0
20.0,6,64.0,1014.5137024405584,0.0,0.0,0.5,0.5,0.5,0.0,0.0,5,0,0,5,0,0.0098569393157958,0.0,1.0,0.0,0.0,0.0,0.0,0.0,1.0,0.0,0.0,0.0,0.0,0.0,1.0,1.0,596,54,66,59.6,5.94792213951879,59.6,0.0009872913360595,10,0.9291809755627544,31.84
20.0,6,64.0,1780.264855687606,0.0,0.0,0.6,0.4,0.4,0.0,0.0,4,0,0,6,0,0.0056171417236328,0.0,1.0,0.0,0.0,0.0,0.0,0.0,1.0,0.0,0.0,0.0,0.0,0.0,1.0,1.0,612,54,66,61.2,6.196773353931867,61.2,0.0006716012954711,10,0.9292823475934576,36.0
20.0,6,64.0,253.13248358439552,0.0,0.0,0.8,0.2,0.2,0.0,0.0,2,0,0,8,0,0.0395050048828125,0.0,1.0,0.0,0.0,0.0,0.0,0.0,1.0,0.0,0.0,0.0,0.0,0.0,1.0,1.0,9764,54,1370,976.4,633.7646250777965,976.4,0.0039541006088256,10,1.0,430352.0
20.0,6,64.0,5249.441802252816,0.0,0.0,0.9,0.1,0.1,0.0,0.0,1,0,0,9,0,0.0019049644470214,0.0,1.0,0.0,0.0,0.0,0.0,0.0,1.0,0.0,0.0,0.0,0.0,0.0,1.0,1.0,12396,54,1372,1239.6,416.5784439934452,1239.6,0.0001932859420776,10,1.0,432964.0
20.0,6,64.0,227.9785626542304,0.0,0.0,1.0,0.0,0.0,0.0,0.0,0,0,0,10,0,0.0438637733459472,0.0,1.0,0.0,0.0,0.0,0.0,0.0,1.0,0.0,0.0,0.0,0.0,0.0,1.0,1.0,5872,64,1372,587.2,675.4482955785736,587.2,0.0043879985809326,10,1.0,427716.0
20.0,6,64.0,55260.922266139656,0.0,0.0,1.0,0.0,0.0,0.0,0.0,0,0,0,10,0,0.000180959701538,0.0,1.0,0.0,0.0,0.0,0.0,0.0,1.0,0.0,0.0,0.0,0.0,0.0,1.0,1.0,652,64,66,65.2,1.0327955589886444,65.2,1.971721649169922e-05,10,0.9101374495989096,1.0
20.0,6,64.0,203.40457311898356,0.0,0.0,0.7,0.3,0.3,0.0,0.0,3,0,0,7,0,0.0491631031036376,0.0,1.0,0.0,0.0,0.0,0.0,0.0,1.0,0.0,0.0,0.0,0.0,0.0,1.0,1.0,636,54,66,63.6,5.059644256269407,63.6,0.0051352977752685,10,0.928819126684234,24.88888888888889
20.0,6,64.0,904.2566402207658,0.0,0.0,0.6,0.4,0.4,0.0,0.0,4,0,0,6,0,0.0110588073730468,0.0,1.0,0.0,0.0,0.0,0.0,0.0,1.0,0.0,0.0,0.0,0.0,0.0,1.0,1.0,612,54,66,61.2,6.196773353931867,61.2,0.0011108875274658,10,0.9292823475934576,36.0
20.0,6,64.0,3279.618422081476,0.0,0.0,0.5,0.5,0.5,0.0,0.0,5,0,0,5,0,0.0030491352081298,0.0,1.0,0.0,0.0,0.0,0.0,0.0,1.0,0.0,0.0,0.0,0.0,0.0,1.0,1.0,610,54,68,61.0,7.378647873726218,61.0,0.0003084182739257,10,0.9297637959978412,49.0
20.0,6,64.0,401.10779588401806,0.0,0.0,0.6,0.4,0.4,0.0,0.0,4,0,0,6,0,0.0249309539794921,0.0,1.0,0.0,0.0,0.0,0.0,0.0,1.0,0.0,0.0,0.0,0.0,0.0,1.0,1.0,622,54,68,62.2,7.083627444874398,62.2,0.0024969816207885,10,0.929643616475944,49.0
20.0,6,64.0,487.6870843216595,0.0,0.0,0.5,0.5,0.5,0.0,0.0,5,0,0,5,0,0.0205049514770507,0.0,1.0,0.0,0.0,0.0,0.0,0.0,1.0,0.0,0.0,0.0,0.0,0.0,1.0,1.0,600,54,66,60.0,6.324555320336759,60.0,0.002054214477539,10,0.9293344008552924,36.0
20.0,6,64.0,3051.5125500181884,0.0,0.0,0.7,0.3,0.3,0.0,0.0,3,0,0,7,0,0.0032770633697509,0.0,1.0,0.0,0.0,0.0,0.0,0.0,1.0,0.0,0.0,0.0,0.0,0.0,1.0,1.0,616,54,68,61.6,6.586180818788517,61.6,0.0003314971923828,10,0.9294409766183416,39.04
20.0,6,64.0,1827.822373294984,0.0,0.0,0.7,0.3,0.3,0.0,0.0,3,0,0,7,0,0.0054709911346435,0.0,1.0,0.0,0.0,0.0,0.0,0.0,1.0,0.0,0.0,0.0,0.0,0.0,1.0,1.0,638,54,68,63.8,6.762642481555072,63.8,0.0006448984146118,10,0.9295128600412864,49.0
20.0,6,64.0,343.72497439049374,0.0,0.0,0.7,0.3,0.3,0.0,0.0,3,0,0,7,0,0.0290930271148681,0.0,1.0,0.0,0.0,0.0,0.0,0.0,1.0,0.0,0.0,0.0,0.0,0.0,1.0,1.0,626,54,68,62.6,5.966573556070519,62.6,0.0029124975204467,10,0.9291885734038008,49.0
20.0,6,64.0,584.8654377109073,0.0,0.0,0.6,0.4,0.4,0.0,0.0,4,0,0,6,0,0.0170979499816894,0.0,1.0,0.0,0.0,0.0,0.0,0.0,1.0,0.0,0.0,0.0,0.0,0.0,1.0,1.0,616,54,68,61.6,6.586180818788517,61.6,0.0019664049148559,10,0.9294409766183416,39.04
20.0,6,64.0,1890.6887847097007,0.0,0.0,0.5,0.5,0.5,0.0,0.0,5,0,0,5,0,0.005289077758789,0.0,1.0,0.0,0.0,0.0,0.0,0.0,1.0,0.0,0.0,0.0,0.0,0.0,1.0,1.0,610,54,68,61.0,7.378647873726218,61.0,0.0005393981933593,10,0.9297637959978412,49.0
20.0,6,64.0,410.55823650903966,0.0,0.0,0.8,0.2,0.2,0.0,0.0,2,0,0,8,0,0.0243570804595947,0.0,1.0,0.0,0.0,0.0,0.0,0.0,1.0,0.0,0.0,0.0,0.0,0.0,1.0,1.0,642,54,68,64.2,5.452828012447608,64.2,0.0026864051818847,10,0.9289792940191508,36.75
20.0,6,64.0,1258.64362021366,0.0,0.0,0.7,0.3,0.3,0.0,0.0,3,0,0,7,0,0.0079450607299804,0.0,1.0,0.0,0.0,0.0,0.0,0.0,1.0,0.0,0.0,0.0,0.0,0.0,1.0,1.0,628,54,68,62.8,6.124631508189787,62.8,0.0007972955703735,10,0.9292529598911762,34.172839506172835
20.0,6,64.0,902.1172624424656,0.0,0.0,0.6,0.4,0.4,0.0,0.0,4,0,0,6,0,0.011085033416748,0.0,1.0,0.0,0.0,0.0,0.0,0.0,1.0,0.0,0.0,0.0,0.0,0.0,1.0,1.0,638,54,68,63.8,6.762642481555072,63.8,0.001194405555725,10,0.9295128600412864,43.55555555555556
20.0,6,64.0,312.4621183902737,0.0,0.0,0.9,0.1,0.1,0.0,0.0,1,0,0,9,0,0.0320038795471191,0.0,1.0,0.0,0.0,0.0,0.0,0.0,1.0,0.0,0.0,0.0,0.0,0.0,1.0,1.0,638,54,68,63.8,5.202563470700445,63.8,0.0032040834426879,10,0.9288773462554244,49.0
20.0,6,64.0,1093.4911489428266,0.0,0.0,1.0,0.0,0.0,0.0,0.0,0,0,0,10,0,0.0091450214385986,0.0,1.0,0.0,0.0,0.0,0.0,0.0,1.0,0.0,0.0,0.0,0.0,0.0,1.0,1.0,674,66,68,67.4,0.9660917830792958,67.4,0.0009153127670288,10,0.0,1.0
20.0,6,64.0,196.78449109044675,0.0,0.0,1.0,0.0,0.0,0.0,0.0,0,0,0,10,0,0.0508170127868652,0.0,1.0,0.0,0.0,0.0,0.0,0.0,1.0,0.0,0.0,0.0,0.0,0.0,1.0,1.0,652,64,68,65.2,1.932183566158592,65.2,0.0050831079483032,10,0.9105038242975104,4.0
20.0,6,64.0,73584.28070175438,0.0,0.0,1.0,0.0,0.0,0.0,0.0,0,0,0,10,0,0.0001358985900878,0.0,1.0,0.0,0.0,0.0,0.0,0.0,1.0,0.0,0.0,0.0,0.0,0.0,1.0,1.0,654,64,66,65.4,0.9660917830792958,65.4,1.6283988952636718e-05,10,0.0,1.0
20.0,6,64.0,244.38485786036,0.0,0.0,1.0,0.0,0.0,0.0,0.0,0,0,0,10,0,0.0409190654754638,0.0,1.0,0.0,0.0,0.0,0.0,0.0,1.0,0.0,0.0,0.0,0.0,0.0,1.0,1.0,646,64,66,64.6,0.9660917830792958,64.6,0.004093313217163,10,0.0,1.0
20.0,6,64.0,1166.607515367285,0.0,0.0,1.0,0.0,0.0,0.0,0.0,0,0,0,10,0,0.0085718631744384,0.0,1.0,0.0,0.0,0.0,0.0,0.0,1.0,0.0,0.0,0.0,0.0,0.0,1.0,1.0,654,64,66,65.4,0.9660917830792958,65.4,0.0008586883544921,10,0.0,1.0
20.0,6,64.0,198.9726657748176,0.0,0.0,0.6,0.4,0.4,0.0,0.0,4,0,0,6,0,0.0502581596374511,0.0,1.0,0.0,0.0,0.0,0.0,0.0,1.0,0.0,0.0,0.0,0.0,0.0,1.0,1.0,616,54,66,61.6,5.316640543300503,61.6,0.0050279140472412,10,0.9289238166917188,27.55555555555556
20.0,6,64.0,2456.976158397282,0.0,0.0,0.5,0.5,0.5,0.0,0.0,5,0,0,5,0,0.0040700435638427,0.0,1.0,0.0,0.0,0.0,0.0,0.0,1.0,0.0,0.0,0.0,0.0,0.0,1.0,1.0,590,54,64,59.0,5.270462766947299,59.0,0.000409984588623,10,0.9289050057127436,25.0
20.0,6,64.0,1461.5827438408196,0.0,0.0,0.5,0.5,0.5,0.0,0.0,5,0,0,5,0,0.0068418979644775,0.0,1.0,0.0,0.0,0.0,0.0,0.0,1.0,0.0,0.0,0.0,0.0,0.0,1.0,1.0,598,54,66,59.8,6.142746399887703,59.8,0.0006870985031127,10,0.9292603391734584,33.959999999999994
20.0,6,64.0,1624.4399690162666,0.0,0.0,0.5,0.5,0.5,0.0,0.0,5,0,0,5,0,0.0061559677124023,0.0,1.0,0.0,0.0,0.0,0.0,0.0,1.0,0.0,0.0,0.0,0.0,0.0,1.0,1.0,600,54,66,60.0,6.324555320336759,60.0,0.0006217956542968,10,0.9293344008552924,36.0
20.0,6,64.0,316.31490433562846,0.0,0.0,0.9,0.1,0.1,0.0,0.0,1,0,0,9,0,0.031614065170288,0.0,1.0,0.0,0.0,0.0,0.0,0.0,1.0,0.0,0.0,0.0,0.0,0.0,1.0,1.0,622,54,66,62.2,4.366539438350083,62.2,0.0031652212142944,10,0.9285367835056064,36.0
20.0,6,64.0,1248.416227639373,0.0,0.0,1.0,0.0,0.0,0.0,0.0,0,0,0,10,0,0.0080101490020751,0.0,1.0,0.0,0.0,0.0,0.0,0.0,1.0,0.0,0.0,0.0,0.0,0.0,1.0,1.0,654,64,66,65.4,0.9660917830792958,65.4,0.0008024930953979,10,0.0,1.0
20.0,6,64.0,203.6860916860917,0.0,0.0,1.0,0.0,0.0,0.0,0.0,0,0,0,10,0,0.0490951538085937,0.0,1.0,0.0,0.0,0.0,0.0,0.0,1.0,0.0,0.0,0.0,0.0,0.0,1.0,1.0,646,64,66,64.6,0.9660917830792958,64.6,0.0049107074737548,10,0.0,1.0
20.0,6,64.0,2369.6632768361583,0.0,0.0,1.0,0.0,0.0,0.0,0.0,0,0,0,10,0,0.0042200088500976,0.0,1.0,0.0,0.0,0.0,0.0,0.0,1.0,0.0,0.0,0.0,0.0,0.0,1.0,1.0,654,64,66,65.4,0.9660917830792958,65.4,0.0004242897033691,10,0.0,1.0
20.0,6,64.0,217.41495047092792,0.0,0.0,0.6,0.4,0.4,0.0,0.0,4,0,0,6,0,0.0459949970245361,0.0,1.0,0.0,0.0,0.0,0.0,0.0,1.0,0.0,0.0,0.0,0.0,0.0,1.0,1.0,816,54,114,81.6,28.31254139069822,81.6,0.0046004056930541,10,0.9382914268609148,721.44
20.0,6,64.0,1783.1408893801547,0.0,0.0,0.6,0.4,0.4,0.0,0.0,4,0,0,6,0,0.0056080818176269,0.0,1.0,0.0,0.0,0.0,0.0,0.0,1.0,0.0,0.0,0.0,0.0,0.0,1.0,1.0,840,54,114,84.0,31.622776601683796,84.0,0.0005631923675537,10,0.939639884276462,900.0
20.0,6,64.0,2311.038624717615,0.0,0.0,0.5,0.5,0.5,0.0,0.0,5,0,0,5,0,0.0043270587921142,0.0,1.0,0.0,0.0,0.0,0.0,0.0,1.0,0.0,0.0,0.0,0.0,0.0,1.0,1.0,910,54,116,91.0,31.85034449491001,91.0,0.0004801988601684,10,0.9397325863334466,937.283950617284
20.0,6,64.0,3547.580140404297,0.0,0.0,0.5,0.5,0.5,0.0,0.0,5,0,0,5,0,0.0028188228607177,0.0,1.0,0.0,0.0,0.0,0.0,0.0,1.0,0.0,0.0,0.0,0.0,0.0,1.0,1.0,850,54,116,85.0,32.676869155073256,85.0,0.000285792350769,10,0.9400692794190106,961.0
20.0,6,64.0,273.7331784423009,0.0,0.0,1.0,0.0,0.0,0.0,0.0,0,0,0,10,0,0.036531925201416,0.0,1.0,0.0,0.0,0.0,0.0,0.0,1.0,0.0,0.0,0.0,0.0,0.0,1.0,1.0,648,54,66,64.8,3.794733192202056,64.8,0.0036549091339111,10,0.9283038525131756,36.0
20.0,6,64.0,1765.5766964135375,0.0,0.0,1.0,0.0,0.0,0.0,0.0,0,0,0,10,0,0.0056638717651367,0.0,1.0,0.0,0.0,0.0,0.0,0.0,1.0,0.0,0.0,0.0,0.0,0.0,1.0,1.0,678,66,68,67.8,0.6324555320336757,67.8,0.0005671977996826,10,0.0,1.0
20.0,6,64.0,198.5506944510192,0.0,0.0,0.6,0.4,0.4,0.0,0.0,4,0,0,6,0,0.0503649711608886,0.0,1.0,0.0,0.0,0.0,0.0,0.0,1.0,0.0,0.0,0.0,0.0,0.0,1.0,1.0,626,54,68,62.6,5.966573556070519,62.6,0.0050398111343383,10,0.9291885734038008,39.04
20.0,6,64.0,2791.7358892438765,0.0,0.0,0.5,0.5,0.5,0.0,0.0,5,0,0,5,0,0.0035820007324218,0.0,1.0,0.0,0.0,0.0,0.0,0.0,1.0,0.0,0.0,0.0,0.0,0.0,1.0,1.0,602,54,68,60.2,6.562519841239848,60.2,0.0003646850585937,10,0.9294313380825274,38.76
20.0,6,64.0,1254.8779320248923,0.0,0.0,0.7,0.3,0.3,0.0,0.0,3,0,0,7,0,0.0079689025878906,0.0,1.0,0.0,0.0,0.0,0.0,0.0,1.0,0.0,0.0,0.0,0.0,0.0,1.0,1.0,624,54,68,62.4,7.229568912920511,62.4,0.0008002996444702,10,0.9297030671923672,49.0
20.0,6,64.0,218.9573914950041,0.0,0.0,0.5,0.5,0.5,0.0,0.0,5,0,0,5,0,0.0456709861755371,0.0,1.0,0.0,0.0,0.0,0.0,0.0,1.0,0.0,0.0,0.0,0.0,0.0,1.0,1.0,606,54,68,60.6,6.995236474439825,60.6,0.004571509361267,10,0.9296076095302278,49.0
20.0,6,64.0,792.8291401243786,0.0,0.0,0.5,0.5,0.5,0.0,0.0,5,0,0,5,0,0.0126130580902099,0.0,1.0,0.0,0.0,0.0,0.0,0.0,1.0,0.0,0.0,0.0,0.0,0.0,1.0,1.0,600,54,66,60.0,6.324555320336759,60.0,0.0016529083251953,10,0.9293344008552924,36.0
20.0,6,64.0,1139.230246896814,0.0,0.0,0.5,0.5,0.5,0.0,0.0,5,0,0,5,0,0.0087778568267822,0.0,1.0,0.0,0.0,0.0,0.0,0.0,1.0,0.0,0.0,0.0,0.0,0.0,1.0,1.0,604,54,68,60.4,6.785605679999719,60.4,0.0009673833847045,10,0.9295222143298046,41.44
20.0,6,64.0,2273.212292016693,0.0,0.0,0.5,0.5,0.5,0.0,0.0,5,0,0,5,0,0.0043990612030029,0.0,1.0,0.0,0.0,0.0,0.0,0.0,1.0,0.0,0.0,0.0,0.0,0.0,1.0,1.0,624,54,68,62.4,7.229568912920511,62.4,0.0005346059799194,10,0.9297030671923672,49.0
20.0,6,64.0,872.2142738313092,0.0,0.0,0.9,0.1,0.1,0.0,0.0,1,0,0,9,0,0.0114650726318359,0.0,1.0,0.0,0.0,0.0,0.0,0.0,1.0,0.0,0.0,0.0,0.0,0.0,1.0,1.0,640,54,68,64.0,5.333333333333333,64.0,0.0011502027511596,10,0.9289306166666668,49.0
20.0,6,64.0,861.7134404404816,0.0,0.0,1.0,0.0,0.0,0.0,0.0,0,0,0,10,0,0.0116047859191894,0.0,1.0,0.0,0.0,0.0,0.0,0.0,1.0,0.0,0.0,0.0,0.0,0.0,1.0,1.0,672,66,68,67.2,1.0327955589886444,67.2,0.0011628866195678,10,0.9067291895989096,1.0
20.0,6,64.0,270.0740492717415,0.0,0.0,0.8,0.2,0.2,0.0,0.0,2,0,0,8,0,0.0370268821716308,0.0,1.0,0.0,0.0,0.0,0.0,0.0,1.0,0.0,0.0,0.0,0.0,0.0,1.0,1.0,656,54,68,65.6,4.195235392680606,65.6,0.0037050008773803,10,0.9284670010895624,19.75
20.0,6,64.0,939.310684612456,0.0,0.0,0.6,0.4,0.4,0.0,0.0,4,0,0,6,0,0.010646104812622,0.0,1.0,0.0,0.0,0.0,0.0,0.0,1.0,0.0,0.0,0.0,0.0,0.0,1.0,1.0,600,54,66,60.0,6.324555320336759,60.0,0.001068115234375,10,0.9293344008552924,36.0
20.0,6,64.0,1196.4582382473757,0.0,0.0,0.6,0.4,0.4,0.0,0.0,4,0,0,6,0,0.0083580017089843,0.0,1.0,0.0,0.0,0.0,0.0,0.0,1.0,0.0,0.0,0.0,0.0,0.0,1.0,1.0,638,54,68,63.8,6.762642481555072,63.8,0.0008386850357055,10,0.9295128600412864,49.0
20.0,6,64.0,375.1647152479002,0.0,0.0,0.6,0.4,0.4,0.0,0.0,4,0,0,6,0,0.0266549587249755,0.0,1.0,0.0,0.0,0.0,0.0,0.0,1.0,0.0,0.0,0.0,0.0,0.0,1.0,1.0,3286,54,1406,328.6,567.8756123581213,328.6,0.0026677131652832,10,1.0,313173.43209876545
20.0,6,64.0,724.6927104030963,0.0,0.0,0.6,0.4,0.4,0.0,0.0,4,0,0,6,0,0.0137989521026611,0.0,1.0,0.0,0.0,0.0,0.0,0.0,1.0,0.0,0.0,0.0,0.0,0.0,1.0,1.0,10004,54,1406,1000.4,653.078045361604,1000.4,0.0013818025588989,10,1.0,456976.0
20.0,6,64.0,2876.7517146776404,0.0,0.0,0.6,0.4,0.4,0.0,0.0,4,0,0,6,0,0.0034761428833007,0.0,1.0,0.0,0.0,0.0,0.0,0.0,1.0,0.0,0.0,0.0,0.0,0.0,1.0,1.0,7300,54,1406,730.0,712.5665660912748,730.0,0.0003499031066894,10,1.0,456976.0
20.0,6,64.0,5467.740842132707,0.0,0.0,0.5,0.5,0.5,0.0,0.0,5,0,0,5,0,0.001828908920288,0.0,1.0,0.0,0.0,0.0,0.0,0.0,1.0,0.0,0.0,0.0,0.0,0.0,1.0,1.0,7300,54,1406,730.0,712.5665660912748,730.0,0.0002978801727294,10,1.0,456976.0
20.0,6,64.0,222.74228238530452,0.0,0.0,0.9,0.1,0.1,0.0,0.0,1,0,0,9,0,0.0448949337005615,0.0,1.0,0.0,0.0,0.0,0.0,0.0,1.0,0.0,0.0,0.0,0.0,0.0,1.0,1.0,1988,54,1406,198.8,424.18360804412686,198.8,0.0046066045761108,10,1.0,456976.0
20.0,6,64.0,45889.54048140044,0.0,0.0,1.0,0.0,0.0,0.0,0.0,0,0,0,10,0,0.0002179145812988,0.0,1.0,0.0,0.0,0.0,0.0,0.0,1.0,0.0,0.0,0.0,0.0,0.0,1.0,1.0,668,66,67,66.8,0.4216370213557839,66.8,2.4104118347167967e-05,10,0.0,0.25
20.0,6,64.0,211.3095304069202,0.0,0.0,1.0,0.0,0.0,0.0,0.0,0,0,0,10,0,0.0473239421844482,0.0,1.0,0.0,0.0,0.0,0.0,0.0,1.0,0.0,0.0,0.0,0.0,0.0,1.0,1.0,662,66,67,66.2,0.4216370213557839,66.2,0.0047348976135253,10,0.0,0.25
20.0,6,64.0,76260.07272727272,0.0,0.0,1.0,0.0,0.0,0.0,0.0,0,0,0,10,0,0.0001311302185058,0.0,1.0,0.0,0.0,0.0,0.0,0.0,1.0,0.0,0.0,0.0,0.0,0.0,1.0,1.0,676,66,68,67.6,0.8432740427115678,67.6,1.461505889892578e-05,10,0.0,1.0
20.0,6,64.0,197.09056392761653,0.0,0.0,0.8,0.2,0.2,0.0,0.0,2,0,0,8,0,0.0507380962371826,0.0,1.0,0.0,0.0,0.0,0.0,0.0,1.0,0.0,0.0,0.0,0.0,0.0,1.0,1.0,628,54,68,62.8,4.9170903772228725,62.8,0.0050752878189086,10,0.9287610559360656,24.0
20.0,6,64.0,4420.640809443507,0.0,0.0,0.7,0.3,0.3,0.0,0.0,3,0,0,7,0,0.0022621154785156,0.0,1.0,0.0,0.0,0.0,0.0,0.0,1.0,0.0,0.0,0.0,0.0,0.0,1.0,1.0,616,54,66,61.6,5.316640543300503,61.6,0.0003035068511962,10,0.9289238166917188,25.876543209876544
20.0,6,64.0,4786.925359506962,0.0,0.0,0.6,0.4,0.4,0.0,0.0,4,0,0,6,0,0.0020890235900878,0.0,1.0,0.0,0.0,0.0,0.0,0.0,1.0,0.0,0.0,0.0,0.0,0.0,1.0,1.0,624,54,66,62.4,5.796550698475776,62.4,0.0002115011215209,10,0.9291193128925312,36.0
20.0,6,64.0,192.352501456068,0.0,0.0,1.0,0.0,0.0,0.0,0.0,0,0,0,10,0,0.051987886428833,0.0,1.0,0.0,0.0,0.0,0.0,0.0,1.0,0.0,0.0,0.0,0.0,0.0,1.0,1.0,648,54,66,64.8,3.794733192202056,64.8,0.0052008867263793,10,0.9283038525131756,36.0
20.0,6,64.0,50231.18562874252,0.0,0.0,1.0,0.0,0.0,0.0,0.0,0,0,0,10,0,0.0001990795135498,0.0,1.0,0.0,0.0,0.0,0.0,0.0,1.0,0.0,0.0,0.0,0.0,0.0,1.0,1.0,678,66,68,67.8,0.6324555320336757,67.8,2.341270446777344e-05,10,0.0,1.0
20.0,6,64.0,200.36515981713347,0.0,0.0,1.0,0.0,0.0,0.0,0.0,0,0,0,10,0,0.0499088764190673,0.0,1.0,0.0,0.0,0.0,0.0,0.0,1.0,0.0,0.0,0.0,0.0,0.0,1.0,1.0,1004,68,104,100.4,11.38419957660617,100.4,0.0049924850463867,10,0.9075376775395264,324.0
20.0,6,64.0,5494.241550956248,0.0,0.0,1.0,0.0,0.0,0.0,0.0,0,0,0,10,0,0.0018200874328613,0.0,1.0,0.0,0.0,0.0,0.0,0.0,1.0,0.0,0.0,0.0,0.0,0.0,1.0,1.0,1058,104,106,105.8,0.6324555320336757,105.8,0.000184416770935,10,0.0,1.0
20.0,6,64.0,172.40786260985374,0.0,0.0,1.0,0.0,0.0,0.0,0.0,0,0,0,10,0,0.0580019950866699,0.0,1.0,0.0,0.0,0.0,0.0,0.0,1.0,0.0,0.0,0.0,0.0,0.0,1.0,1.0,700,66,106,70.0,12.649110640673518,70.0,0.0058029890060424,10,0.9114612117105848,400.0
20.0,6,64.0,49461.1320754717,0.0,0.0,1.0,0.0,0.0,0.0,0.0,0,0,0,10,0,0.0002021789550781,0.0,1.0,0.0,0.0,0.0,0.0,0.0,1.0,0.0,0.0,0.0,0.0,0.0,1.0,1.0,660,66,66,66.0,0.0,66.0,2.4509429931640624e-05,10,0.0,0.0
20.0,6,64.0,203.78604502013903,0.0,0.0,0.7,0.3,0.3,0.0,0.0,3,0,0,7,0,0.0490710735321044,0.0,1.0,0.0,0.0,0.0,0.0,0.0,1.0,0.0,0.0,0.0,0.0,0.0,1.0,1.0,622,54,66,62.2,4.366539438350084,62.2,0.0049087047576904,10,0.9285367835056064,22.53061224489796
20.0,6,64.0,1931.7017454980887,0.0,0.0,0.5,0.5,0.5,0.0,0.0,5,0,0,5,0,0.0051767826080322,0.0,1.0,0.0,0.0,0.0,0.0,0.0,1.0,0.0,0.0,0.0,0.0,0.0,1.0,1.0,594,54,66,59.4,5.738757124441959,59.4,0.0005197763442993,10,0.9290957701022128,29.64
20.0,6,64.0,3214.2723580350985,0.0,0.0,0.7,0.3,0.3,0.0,0.0,3,0,0,7,0,0.0031111240386962,0.0,1.0,0.0,0.0,0.0,0.0,0.0,1.0,0.0,0.0,0.0,0.0,0.0,1.0,1.0,612,54,66,61.2,6.196773353931867,61.2,0.0003141164779663,10,0.9292823475934576,36.0
20.0,6,64.0,354.52112687961187,0.0,0.0,0.5,0.5,0.5,0.0,0.0,5,0,0,5,0,0.0282070636749267,0.0,1.0,0.0,0.0,0.0,0.0,0.0,1.0,0.0,0.0,0.0,0.0,0.0,1.0,1.0,604,54,66,60.4,5.561774297230456,60.4,0.003333306312561,10,0.9290236743777198,36.0
20.0,6,64.0,770.530183341294,0.0,0.0,0.6,0.4,0.4,0.0,0.0,4,0,0,6,0,0.0129780769348144,0.0,1.0,0.0,0.0,0.0,0.0,0.0,1.0,0.0,0.0,0.0,0.0,0.0,1.0,1.0,600,54,64,60.0,5.163977794943222,60.0,0.0013007879257202,10,0.928861627994548,25.0
20.0,6,64.0,2643.4133736686204,0.0,0.0,0.6,0.4,0.4,0.0,0.0,4,0,0,6,0,0.0037829875946044,0.0,1.0,0.0,0.0,0.0,0.0,0.0,1.0,0.0,0.0,0.0,0.0,0.0,1.0,1.0,612,54,66,61.2,6.196773353931867,61.2,0.0003813028335571,10,0.9292823475934576,36.0
20.0,6,64.0,391.8958010203128,0.0,0.0,0.6,0.4,0.4,0.0,0.0,4,0,0,6,0,0.0255169868469238,0.0,1.0,0.0,0.0,0.0,0.0,0.0,1.0,0.0,0.0,0.0,0.0,0.0,1.0,1.0,598,54,66,59.8,6.142746399887703,59.8,0.0025552988052368,10,0.9292603391734584,36.0
20.0,6,64.0,1577.0431643856218,0.0,0.0,0.9,0.1,0.1,0.0,0.0,1,0,0,9,0,0.0063409805297851,0.0,1.0,0.0,0.0,0.0,0.0,0.0,1.0,0.0,0.0,0.0,0.0,0.0,1.0,1.0,630,54,64,63.0,3.1622776601683795,63.0,0.0011687040328979,10,0.9280462154276462,10.9375
20.0,6,64.0,1026.380521228435,0.0,0.0,0.9,0.1,0.1,0.0,0.0,1,0,0,9,0,0.0097429752349853,0.0,1.0,0.0,0.0,0.0,0.0,0.0,1.0,0.0,0.0,0.0,0.0,0.0,1.0,1.0,648,54,66,64.8,3.794733192202055,64.8,0.0009794950485229,10,0.9283038525131756,20.0
20.0,6,64.0,199.43720370696167,0.0,0.0,0.6,0.4,0.4,0.0,0.0,4,0,0,6,0,0.0501410961151123,0.0,1.0,0.0,0.0,0.0,0.0,0.0,1.0,0.0,0.0,0.0,0.0,0.0,1.0,1.0,602,54,66,60.2,5.370702416299421,60.2,0.0050156116485595,10,0.9289458393363036,27.84
20.0,6,64.0,2616.53399875234,0.0,0.0,0.5,0.5,0.5,0.0,0.0,5,0,0,5,0,0.003821849822998,0.0,1.0,0.0,0.0,0.0,0.0,0.0,1.0,0.0,0.0,0.0,0.0,0.0,1.0,1.0,602,54,66,60.2,5.370702416299421,60.2,0.0004784822463989,10,0.9289458393363036,25.96
20.0,6,64.0,2339.266034578918,0.0,0.0,0.5,0.5,0.5,0.0,0.0,5,0,0,5,0,0.004274845123291,0.0,1.0,0.0,0.0,0.0,0.0,0.0,1.0,0.0,0.0,0.0,0.0,0.0,1.0,1.0,600,54,66,60.0,6.324555320336759,60.0,0.0004287958145141,10,0.9293344008552924,36.0
20.0,6,64.0,460.2146195878777,0.0,0.0,0.5,0.5,0.5,0.0,0.0,5,0,0,5,0,0.0217289924621582,0.0,1.0,0.0,0.0,0.0,0.0,0.0,1.0,0.0,0.0,0.0,0.0,0.0,1.0,1.0,598,54,66,59.8,6.142746399887703,59.8,0.0021764039993286,10,0.9292603391734584,36.0
20.0,6,64.0,504.5657848833712,0.0,0.0,0.6,0.4,0.4,0.0,0.0,4,0,0,6,0,0.0198190212249755,0.0,1.0,0.0,0.0,0.0,0.0,0.0,1.0,0.0,0.0,0.0,0.0,0.0,1.0,1.0,590,54,64,59.0,5.270462766947299,59.0,0.0019855022430419,10,0.9289050057127436,25.0
20.0,6,64.0,2482.571174903818,0.0,0.0,0.5,0.5,0.5,0.0,0.0,5,0,0,5,0,0.0040280818939208,0.0,1.0,0.0,0.0,0.0,0.0,0.0,1.0,0.0,0.0,0.0,0.0,0.0,1.0,1.0,592,54,66,59.2,5.513619500836088,59.2,0.0005053043365478,10,0.9290040580398606,27.360000000000003
20.0,6,64.0,2259.3751346692525,0.0,0.0,0.5,0.5,0.5,0.0,0.0,5,0,0,5,0,0.0044260025024414,0.0,1.0,0.0,0.0,0.0,0.0,0.0,1.0,0.0,0.0,0.0,0.0,0.0,1.0,1.0,600,54,66,60.0,6.324555320336759,60.0,0.0005448102951049,10,0.9293344008552924,36.0
20.0,6,64.0,457.6686125811556,0.0,0.0,0.5,0.5,0.5,0.0,0.0,5,0,0,5,0,0.0218498706817626,0.0,1.0,0.0,0.0,0.0,0.0,0.0,1.0,0.0,0.0,0.0,0.0,0.0,1.0,1.0,618,54,84,61.8,9.81835016690686,61.8,0.0023434877395629,10,0.9307576331239912,88.88888888888889
20.0,6,64.0,590.5307915411258,0.0,0.0,0.5,0.5,0.5,0.0,0.0,5,0,0,5,0,0.0169339179992675,0.0,1.0,0.0,0.0,0.0,0.0,0.0,1.0,0.0,0.0,0.0,0.0,0.0,1.0,1.0,690,54,84,69.0,15.811388300841896,69.0,0.0020303964614868,10,0.933198957138231,225.0
20.0,6,64.0,2709.3236871003164,0.0,0.0,0.5,0.5,0.5,0.0,0.0,5,0,0,5,0,0.0036909580230712,0.0,1.0,0.0,0.0,0.0,0.0,0.0,1.0,0.0,0.0,0.0,0.0,0.0,1.0,1.0,692,54,86,69.2,16.03329868326124,69.2,0.0004652023315429,10,0.9332893545516132,231.36
20.0,6,64.0,4244.387775753896,0.0,0.0,0.5,0.5,0.5,0.0,0.0,5,0,0,5,0,0.0023560523986816,0.0,1.0,0.0,0.0,0.0,0.0,0.0,1.0,0.0,0.0,0.0,0.0,0.0,1.0,1.0,732,54,86,73.2,16.524728943818314,73.2,0.0003338098526,10,0.933489543582554,256.0
20.0,6,64.0,371.552185390571,0.0,0.0,0.5,0.5,0.5,0.0,0.0,5,0,0,5,0,0.0269141197204589,0.0,1.0,0.0,0.0,0.0,0.0,0.0,1.0,0.0,0.0,0.0,0.0,0.0,1.0,1.0,2976,54,1224,297.6,488.4740866548945,297.6,0.0026932001113891,10,1.0,214746.24
20.0,6,64.0,1798.5866209262435,0.0,0.0,0.6,0.4,0.4,0.0,0.0,4,0,0,6,0,0.0055599212646484,0.0,1.0,0.0,0.0,0.0,0.0,0.0,1.0,0.0,0.0,0.0,0.0,0.0,1.0,1.0,7560,54,1224,756.0,604.1854020083571,756.0,0.0005600929260253,10,1.0,342225.0
20.0,6,64.0,1255.3661967615456,0.0,0.0,0.6,0.4,0.4,0.0,0.0,4,0,0,6,0,0.0079658031463623,0.0,1.0,0.0,0.0,0.0,0.0,0.0,1.0,0.0,0.0,0.0,0.0,0.0,1.0,1.0,6393,54,1225,639.3,616.9604795554844,639.3,0.0007994890213012,10,1.0,342576.21
20.0,6,64.0,270.67185513587464,0.0,0.0,0.7,0.3,0.3,0.0,0.0,3,0,0,7,0,0.036945104598999,0.0,1.0,0.0,0.0,0.0,0.0,0.0,1.0,0.0,0.0,0.0,0.0,0.0,1.0,1.0,8749,54,1225,874.9,563.7240164004605,874.9,0.003745412826538,10,1.0,304720.22222222225
20.0,6,64.0,1193.3265050642997,0.0,0.0,0.5,0.5,0.5,0.0,0.0,5,0,0,5,0,0.0083799362182617,0.0,1.0,0.0,0.0,0.0,0.0,0.0,1.0,0.0,0.0,0.0,0.0,0.0,1.0,1.0,600,54,66,60.0,6.324555320336759,60.0,0.0008435010910034,10,0.9293344008552924,36.0
20.0,6,64.0,634.4336040900909,0.0,0.0,0.5,0.5,0.5,0.0,0.0,5,0,0,5,0,0.0157620906829834,0.0,1.0,0.0,0.0,0.0,0.0,0.0,1.0,0.0,0.0,0.0,0.0,0.0,1.0,1.0,602,54,68,60.2,6.562519841239848,60.2,0.0015779018402099,10,0.9294313380825274,38.76
20.0,6,64.0,2014.5552353506243,0.0,0.0,0.5,0.5,0.5,0.0,0.0,5,0,0,5,0,0.0049638748168945,0.0,1.0,0.0,0.0,0.0,0.0,0.0,1.0,0.0,0.0,0.0,0.0,0.0,1.0,1.0,610,54,68,61.0,7.378647873726218,61.0,0.0004999876022338,10,0.9297637959978412,49.0
20.0,6,64.0,485.39005450694935,0.0,0.0,0.5,0.5,0.5,0.0,0.0,5,0,0,5,0,0.0206019878387451,0.0,1.0,0.0,0.0,0.0,0.0,0.0,1.0,0.0,0.0,0.0,0.0,0.0,1.0,1.0,606,54,68,60.6,7.058485830702094,60.6,0.0020632028579711,10,0.9296333747879948,49.0
20.0,6,64.0,501.9091268084292,0.0,0.0,0.5,0.5,0.5,0.0,0.0,5,0,0,5,0,0.0199239253997802,0.0,1.0,0.0,0.0,0.0,0.0,0.0,1.0,0.0,0.0,0.0,0.0,0.0,1.0,1.0,590,54,64,59.0,5.270462766947299,59.0,0.0019974946975708,10,0.9289050057127436,25.0
20.0,6,64.0,1933.0371462807632,0.0,0.0,0.5,0.5,0.5,0.0,0.0,5,0,0,5,0,0.0051732063293457,0.0,1.0,0.0,0.0,0.0,0.0,0.0,1.0,0.0,0.0,0.0,0.0,0.0,1.0,1.0,592,54,66,59.2,5.513619500836088,59.2,0.0005204200744628,10,0.9290040580398606,27.360000000000003
20.0,6,64.0,2523.344964504873,0.0,0.0,0.6,0.4,0.4,0.0,0.0,4,0,0,6,0,0.0039629936218261,0.0,1.0,0.0,0.0,0.0,0.0,0.0,1.0,0.0,0.0,0.0,0.0,0.0,1.0,1.0,600,54,66,60.0,6.324555320336759,60.0,0.0003990888595581,10,0.9293344008552924,36.0
20.0,6,64.0,369.8354642447756,0.0,0.0,0.6,0.4,0.4,0.0,0.0,4,0,0,6,0,0.0270390510559082,0.0,1.0,0.0,0.0,0.0,0.0,0.0,1.0,0.0,0.0,0.0,0.0,0.0,1.0,1.0,608,54,66,60.8,5.902918298980975,60.8,0.0027053117752075,10,0.9291626427982728,36.0
20.0,6,64.0,1213.1732855118155,0.0,0.0,1.0,0.0,0.0,0.0,0.0,0,0,0,10,0,0.0082428455352783,0.0,1.0,0.0,0.0,0.0,0.0,0.0,1.0,0.0,0.0,0.0,0.0,0.0,1.0,1.0,644,64,66,64.4,0.8432740427115678,64.4,0.0008273839950561,10,0.0,0.64
20.0,6,64.0,184.5832654875435,0.0,0.0,0.9,0.1,0.1,0.0,0.0,1,0,0,9,0,0.0541760921478271,0.0,1.0,0.0,0.0,0.0,0.0,0.0,1.0,0.0,0.0,0.0,0.0,0.0,1.0,1.0,646,54,66,64.6,3.777124126457412,64.6,0.0054206132888793,10,0.9282966792841536,12.84
20.0,6,64.0,2563.442121989977,0.0,0.0,0.5,0.5,0.5,0.0,0.0,5,0,0,5,0,0.0039010047912597,0.0,1.0,0.0,0.0,0.0,0.0,0.0,1.0,0.0,0.0,0.0,0.0,0.0,1.0,1.0,600,54,64,60.0,5.163977794943222,60.0,0.0006264925003051,10,0.928861627994548,24.691358024691358
20.0,6,64.0,2404.4393487732173,0.0,0.0,0.6,0.4,0.4,0.0,0.0,4,0,0,6,0,0.0041589736938476,0.0,1.0,0.0,0.0,0.0,0.0,0.0,1.0,0.0,0.0,0.0,0.0,0.0,1.0,1.0,594,54,66,59.4,5.738757124441959,59.4,0.0004194021224975,10,0.9290957701022128,29.64
20.0,6,64.0,1169.7308754218143,0.0,0.0,0.6,0.4,0.4,0.0,0.0,4,0,0,6,0,0.0085489749908447,0.0,1.0,0.0,0.0,0.0,0.0,0.0,1.0,0.0,0.0,0.0,0.0,0.0,1.0,1.0,612,54,66,61.2,6.196773353931867,61.2,0.0009016990661621,10,0.9292823475934576,36.0
20.0,6,64.0,395.96174724102445,0.0,0.0,0.5,0.5,0.5,0.0,0.0,5,0,0,5,0,0.0252549648284912,0.0,1.0,0.0,0.0,0.0,0.0,0.0,1.0,0.0,0.0,0.0,0.0,0.0,1.0,1.0,604,54,66,60.4,5.561774297230456,60.4,0.002587604522705,10,0.9290236743777198,36.0
20.0,6,64.0,495.2712931146457,0.0,0.0,0.6,0.4,0.4,0.0,0.0,4,0,0,6,0,0.020190954208374,0.0,1.0,0.0,0.0,0.0,0.0,0.0,1.0,0.0,0.0,0.0,0.0,0.0,1.0,1.0,590,54,64,59.0,5.270462766947299,59.0,0.0020227909088134,10,0.9289050057127436,25.0
20.0,6,64.0,2128.116089096352,0.0,0.0,0.5,0.5,0.5,0.0,0.0,5,0,0,5,0,0.0046989917755126,0.0,1.0,0.0,0.0,0.0,0.0,0.0,1.0,0.0,0.0,0.0,0.0,0.0,1.0,1.0,610,54,66,61.0,6.055300708194984,61.0,0.0005774021148681,10,0.9292247172964904,33.58024691358025
20.0,6,64.0,537.3730333623738,0.0,0.0,0.9,0.1,0.1,0.0,0.0,1,0,0,9,0,0.0186090469360351,0.0,1.0,0.0,0.0,0.0,0.0,0.0,1.0,0.0,0.0,0.0,0.0,0.0,1.0,1.0,636,54,66,63.6,5.059644256269407,63.6,0.001865005493164,10,0.928819126684234,36.0
20.0,6,64.0,1099.626143722308,0.0,0.0,1.0,0.0,0.0,0.0,0.0,0,0,0,10,0,0.0090939998626708,0.0,1.0,0.0,0.0,0.0,0.0,0.0,1.0,0.0,0.0,0.0,0.0,0.0,1.0,1.0,666,66,68,66.6,0.966091783079296,66.6,0.0021380901336669,10,0.0,0.8400000000000001
20.0,6,64.0,291.6559349141228,0.0,0.0,1.0,0.0,0.0,0.0,0.0,0,0,0,10,0,0.0342869758605957,0.0,1.0,0.0,0.0,0.0,0.0,0.0,1.0,0.0,0.0,0.0,0.0,0.0,1.0,1.0,674,66,68,67.4,0.966091783079296,67.4,0.0034300088882446,10,0.0,0.8400000000000001
20.0,6,64.0,837.7884308085651,0.0,0.0,1.0,0.0,0.0,0.0,0.0,0,0,0,10,0,0.0119361877441406,0.0,1.0,0.0,0.0,0.0,0.0,0.0,1.0,0.0,0.0,0.0,0.0,0.0,1.0,1.0,666,66,68,66.6,0.966091783079296,66.6,0.0011970043182373,10,0.0,0.8400000000000001
20.0,6,64.0,264.36133066091844,0.0,0.0,0.8,0.2,0.2,0.0,0.0,2,0,0,8,0,0.0378270149230957,0.0,1.0,0.0,0.0,0.0,0.0,0.0,1.0,0.0,0.0,0.0,0.0,0.0,1.0,1.0,658,54,68,65.8,4.467164151400255,65.8,0.0037868022918701,10,0.9285777739887144,19.55555555555556
20.0,6,64.0,420.25830886847086,0.0,0.0,0.5,0.5,0.5,0.0,0.0,5,0,0,5,0,0.0237948894500732,0.0,1.0,0.0,0.0,0.0,0.0,0.0,1.0,0.0,0.0,0.0,0.0,0.0,1.0,1.0,590,54,64,59.0,5.270462766947299,59.0,0.002383279800415,10,0.9289050057127436,25.0
20.0,6,64.0,1236.3825020634358,0.0,0.0,0.6,0.4,0.4,0.0,0.0,4,0,0,6,0,0.0080881118774414,0.0,1.0,0.0,0.0,0.0,0.0,0.0,1.0,0.0,0.0,0.0,0.0,0.0,1.0,1.0,606,54,66,60.6,5.738757124441958,60.6,0.0008124113082885,10,0.9290957701022128,29.64
20.0,6,64.0,1277.7773038842345,0.0,0.0,0.5,0.5,0.5,0.0,0.0,5,0,0,5,0,0.0078260898590087,0.0,1.0,0.0,0.0,0.0,0.0,0.0,1.0,0.0,0.0,0.0,0.0,0.0,1.0,1.0,600,54,66,60.0,6.324555320336759,60.0,0.0007910966873168,10,0.9293344008552924,36.0
20.0,6,64.0,714.8975626384864,0.0,0.0,0.8,0.2,0.2,0.0,0.0,2,0,0,8,0,0.0139880180358886,0.0,1.0,0.0,0.0,0.0,0.0,0.0,1.0,0.0,0.0,0.0,0.0,0.0,1.0,1.0,659,54,73,65.9,8.672433978480962,65.9,0.0014024972915649,10,0.930290832705474,68.98765432098766
20.0,6,64.0,758.0935167278183,0.0,0.0,1.0,0.0,0.0,0.0,0.0,0,0,0,10,0,0.0131909847259521,0.0,1.0,0.0,0.0,0.0,0.0,0.0,1.0,0.0,0.0,0.0,0.0,0.0,1.0,1.0,740,73,75,74.0,1.0540925533894598,74.0,0.0013200998306274,10,0.8948089551425488,1.0
20.0,6,64.0,258.9540102857919,0.0,0.0,0.7,0.3,0.3,0.0,0.0,3,0,0,7,0,0.0386168956756591,0.0,1.0,0.0,0.0,0.0,0.0,0.0,1.0,0.0,0.0,0.0,0.0,0.0,1.0,1.0,675,54,75,67.5,8.708233651742088,67.5,0.0038640975952148,10,0.9303054160603736,74.32098765432099
20.0,6,64.0,442.3391442823847,0.0,0.0,0.6,0.4,0.4,0.0,0.0,4,0,0,6,0,0.0226070880889892,0.0,1.0,0.0,0.0,0.0,0.0,0.0,1.0,0.0,0.0,0.0,0.0,0.0,1.0,1.0,590,54,64,59.0,5.270462766947299,59.0,0.0022648096084594,10,0.9289050057127436,25.0
20.0,6,64.0,1757.1445328864684,0.0,0.0,0.5,0.5,0.5,0.0,0.0,5,0,0,5,0,0.0056910514831542,0.0,1.0,0.0,0.0,0.0,0.0,0.0,1.0,0.0,0.0,0.0,0.0,0.0,1.0,1.0,608,54,66,60.8,5.902918298980975,60.8,0.0005722045898437,10,0.9291626427982728,31.50617283950617
20.0,6,64.0,1715.5319235960571,0.0,0.0,0.5,0.5,0.5,0.0,0.0,5,0,0,5,0,0.0058290958404541,0.0,1.0,0.0,0.0,0.0,0.0,0.0,1.0,0.0,0.0,0.0,0.0,0.0,1.0,1.0,600,54,66,60.0,6.324555320336759,60.0,0.0005866050720214,10,0.9293344008552924,36.0
20.0,6,64.0,532.4545212191995,0.0,0.0,0.5,0.5,0.5,0.0,0.0,5,0,0,5,0,0.0187809467315673,0.0,1.0,0.0,0.0,0.0,0.0,0.0,1.0,0.0,0.0,0.0,0.0,0.0,1.0,1.0,600,54,66,60.0,6.324555320336759,60.0,0.0018814802169799,10,0.9293344008552924,36.0
20.0,6,64.0,527.9307219816735,0.0,0.0,0.6,0.4,0.4,0.0,0.0,4,0,0,6,0,0.0189418792724609,0.0,1.0,0.0,0.0,0.0,0.0,0.0,1.0,0.0,0.0,0.0,0.0,0.0,1.0,1.0,600,54,66,60.0,6.324555320336759,60.0,0.0018959045410156,10,0.9293344008552924,36.0
20.0,6,64.0,2037.9495651328896,0.0,0.0,0.5,0.5,0.5,0.0,0.0,5,0,0,5,0,0.0049068927764892,0.0,1.0,0.0,0.0,0.0,0.0,0.0,1.0,0.0,0.0,0.0,0.0,0.0,1.0,1.0,608,54,68,60.8,7.192588778272627,60.8,0.0004935026168823,10,0.9296880029647172,46.56
20.0,6,64.0,2019.4049109292248,0.0,0.0,0.5,0.5,0.5,0.0,0.0,5,0,0,5,0,0.0049519538879394,0.0,1.0,0.0,0.0,0.0,0.0,0.0,1.0,0.0,0.0,0.0,0.0,0.0,1.0,1.0,610,54,68,61.0,7.378647873726218,61.0,0.0006165981292724,10,0.9297637959978412,49.0
20.0,6,64.0,424.6622387817917,0.0,0.0,0.5,0.5,0.5,0.0,0.0,5,0,0,5,0,0.0235481262207031,0.0,1.0,0.0,0.0,0.0,0.0,0.0,1.0,0.0,0.0,0.0,0.0,0.0,1.0,1.0,638,54,75,63.8,10.538817137927134,63.8,0.0024578094482421,10,0.931051122549306,99.96
20.0,6,64.0,784.627357078719,0.0,0.0,0.7,0.3,0.3,0.0,0.0,3,0,0,7,0,0.0127449035644531,0.0,1.0,0.0,0.0,0.0,0.0,0.0,1.0,0.0,0.0,0.0,0.0,0.0,1.0,1.0,689,54,77,68.9,10.300485425454472,68.9,0.0020186901092529,10,0.9309540357429132,105.84
20.0,6,64.0,1624.6916640842887,0.0,0.0,0.5,0.5,0.5,0.0,0.0,5,0,0,5,0,0.0061550140380859,0.0,1.0,0.0,0.0,0.0,0.0,0.0,1.0,0.0,0.0,0.0,0.0,0.0,1.0,1.0,678,54,77,67.8,11.877148928369412,67.8,0.0006179094314575,10,0.9315963053874604,132.25
20.0,6,64.0,389.15059240496936,0.0,0.0,0.9,0.1,0.1,0.0,0.0,1,0,0,9,0,0.0256969928741455,0.0,1.0,0.0,0.0,0.0,0.0,0.0,1.0,0.0,0.0,0.0,0.0,0.0,1.0,1.0,1394,54,211,139.4,75.93886429958714,139.4,0.002571702003479,10,0.9576924857610798,5190.04
20.0,6,64.0,762.2542480690595,0.0,0.0,1.0,0.0,0.0,0.0,0.0,0,0,0,10,0,0.0131189823150634,0.0,1.0,0.0,0.0,0.0,0.0,0.0,1.0,0.0,0.0,0.0,0.0,0.0,1.0,1.0,2120,211,213,212.0,1.0540925533894598,212.0,0.0013154983520507,10,0.6596390151425487,1.0
20.0,6,64.0,286.6391028313298,0.0,0.0,0.8,0.2,0.2,0.0,0.0,2,0,0,8,0,0.0348870754241943,0.0,1.0,0.0,0.0,0.0,0.0,0.0,1.0,0.0,0.0,0.0,0.0,0.0,1.0,1.0,1365,54,213,136.5,80.72071192285988,136.5,0.003491997718811,10,0.9596404192088962,5864.25
20.0,6,64.0,1260.686504358281,0.0,0.0,0.5,0.5,0.5,0.0,0.0,5,0,0,5,0,0.0079321861267089,0.0,1.0,0.0,0.0,0.0,0.0,0.0,1.0,0.0,0.0,0.0,0.0,0.0,1.0,1.0,600,54,64,60.0,5.163977794943222,60.0,0.0017981052398681,10,0.928861627994548,25.0
20.0,6,64.0,2210.902957145116,0.0,0.0,0.5,0.5,0.5,0.0,0.0,5,0,0,5,0,0.0045230388641357,0.0,1.0,0.0,0.0,0.0,0.0,0.0,1.0,0.0,0.0,0.0,0.0,0.0,1.0,1.0,598,54,66,59.8,6.142746399887703,59.8,0.0004552841186523,10,0.9292603391734584,33.959999999999994
20.0,6,64.0,2018.530246883873,0.0,0.0,0.6,0.4,0.4,0.0,0.0,4,0,0,6,0,0.0049540996551513,0.0,1.0,0.0,0.0,0.0,0.0,0.0,1.0,0.0,0.0,0.0,0.0,0.0,1.0,1.0,612,54,66,61.2,6.196773353931867,61.2,0.0004985094070434,10,0.9292823475934576,36.0
20.0,6,64.0,227.0664854886123,0.0,0.0,0.7,0.3,0.3,0.0,0.0,3,0,0,7,0,0.0440399646759033,0.0,1.0,0.0,0.0,0.0,0.0,0.0,1.0,0.0,0.0,0.0,0.0,0.0,1.0,1.0,612,54,66,61.2,6.196773353931867,61.2,0.0044076919555664,10,0.9292823475934576,36.0
20.0,6,64.0,3359.205510171392,0.0,0.0,0.6,0.4,0.4,0.0,0.0,4,0,0,6,0,0.0029768943786621,0.0,1.0,0.0,0.0,0.0,0.0,0.0,1.0,0.0,0.0,0.0,0.0,0.0,1.0,1.0,612,54,66,61.2,6.196773353931867,61.2,0.0002994060516357,10,0.9292823475934576,36.0
20.0,6,64.0,3623.275742916379,0.0,0.0,0.5,0.5,0.5,0.0,0.0,5,0,0,5,0,0.0027599334716796,0.0,1.0,0.0,0.0,0.0,0.0,0.0,1.0,0.0,0.0,0.0,0.0,0.0,1.0,1.0,600,54,66,60.0,6.324555320336759,60.0,0.0004088878631591,10,0.9293344008552924,36.0
20.0,6,64.0,426.111833550065,0.0,0.0,0.7,0.3,0.3,0.0,0.0,3,0,0,7,0,0.023468017578125,0.0,1.0,0.0,0.0,0.0,0.0,0.0,1.0,0.0,0.0,0.0,0.0,0.0,1.0,1.0,624,54,66,62.4,5.796550698475776,62.4,0.0024256229400634,10,0.9291193128925312,34.56
20.0,6,64.0,1088.722647631408,0.0,0.0,0.5,0.5,0.5,0.0,0.0,5,0,0,5,0,0.0091850757598876,0.0,1.0,0.0,0.0,0.0,0.0,0.0,1.0,0.0,0.0,0.0,0.0,0.0,1.0,1.0,612,54,66,61.2,6.196773353931867,61.2,0.0010320901870727,10,0.9292823475934576,36.0
20.0,6,64.0,869.0336482678601,0.0,0.0,0.5,0.5,0.5,0.0,0.0,5,0,0,5,0,0.0115070343017578,0.0,1.0,0.0,0.0,0.0,0.0,0.0,1.0,0.0,0.0,0.0,0.0,0.0,1.0,1.0,610,54,68,61.0,7.378647873726218,61.0,0.0011636018753051,10,0.9297637959978412,49.0
20.0,6,64.0,378.6566517405749,0.0,0.0,0.7,0.3,0.3,0.0,0.0,3,0,0,7,0,0.0264091491699218,0.0,1.0,0.0,0.0,0.0,0.0,0.0,1.0,0.0,0.0,0.0,0.0,0.0,1.0,1.0,620,54,68,62.0,6.99205898780101,62.0,0.0026432037353515,10,0.9296063151492706,49.0
20.0,6,64.0,1327.4794277756678,0.0,0.0,0.7,0.3,0.3,0.0,0.0,3,0,0,7,0,0.0075330734252929,0.0,1.0,0.0,0.0,0.0,0.0,0.0,1.0,0.0,0.0,0.0,0.0,0.0,1.0,1.0,610,54,64,61.0,4.83045891539648,61.0,0.0010602951049804,10,0.928725765743776,24.0
20.0,6,64.0,982.3186097709496,0.0,0.0,0.6,0.4,0.4,0.0,0.0,4,0,0,6,0,0.0101799964904785,0.0,1.0,0.0,0.0,0.0,0.0,0.0,1.0,0.0,0.0,0.0,0.0,0.0,1.0,1.0,608,54,66,60.8,5.902918298980975,60.8,0.0011204004287719,10,0.9291626427982728,31.360000000000003
20.0,6,64.0,1744.8639653881355,0.0,0.0,0.5,0.5,0.5,0.0,0.0,5,0,0,5,0,0.0057311058044433,0.0,1.0,0.0,0.0,0.0,0.0,0.0,1.0,0.0,0.0,0.0,0.0,0.0,1.0,1.0,612,54,66,61.2,6.196773353931867,61.2,0.0006464958190917,10,0.9292823475934576,36.0
20.0,6,64.0,327.536702692572,0.0,0.0,0.5,0.5,0.5,0.0,0.0,5,0,0,5,0,0.0305309295654296,0.0,1.0,0.0,0.0,0.0,0.0,0.0,1.0,0.0,0.0,0.0,0.0,0.0,1.0,1.0,600,54,66,60.0,6.324555320336759,60.0,0.0030570983886718,10,0.9293344008552924,36.0
20.0,6,64.0,870.7837316004734,0.0,0.0,0.6,0.4,0.4,0.0,0.0,4,0,0,6,0,0.0114839076995849,0.0,1.0,0.0,0.0,0.0,0.0,0.0,1.0,0.0,0.0,0.0,0.0,0.0,1.0,1.0,600,54,66,60.0,6.324555320336759,60.0,0.0011498928070068,10,0.9293344008552924,36.0
20.0,6,64.0,1895.045407310351,0.0,0.0,0.5,0.5,0.5,0.0,0.0,5,0,0,5,0,0.0052769184112548,0.0,1.0,0.0,0.0,0.0,0.0,0.0,1.0,0.0,0.0,0.0,0.0,0.0,1.0,1.0,610,54,68,61.0,7.378647873726218,61.0,0.0008700132369995,10,0.9297637959978412,49.0
20.0,6,64.0,2064.329166256521,0.0,0.0,0.5,0.5,0.5,0.0,0.0,5,0,0,5,0,0.0048441886901855,0.0,1.0,0.0,0.0,0.0,0.0,0.0,1.0,0.0,0.0,0.0,0.0,0.0,1.0,1.0,610,54,68,61.0,7.378647873726218,61.0,0.0006010055541992,10,0.9297637959978412,49.0
20.0,6,64.0,478.13047889379067,0.0,0.0,0.6,0.4,0.4,0.0,0.0,4,0,0,6,0,0.0209147930145263,0.0,1.0,0.0,0.0,0.0,0.0,0.0,1.0,0.0,0.0,0.0,0.0,0.0,1.0,1.0,612,54,66,61.2,6.196773353931867,61.2,0.0037784814834594,10,0.9292823475934576,34.56
20.0,6,64.0,2499.43626720696,0.0,0.0,0.5,0.5,0.5,0.0,0.0,5,0,0,5,0,0.0040009021759033,0.0,1.0,0.0,0.0,0.0,0.0,0.0,1.0,0.0,0.0,0.0,0.0,0.0,1.0,1.0,602,54,68,60.2,6.562519841239848,60.2,0.0005058050155639,10,0.9294313380825274,38.76
20.0,6,64.0,2951.6565798733286,0.0,0.0,0.6,0.4,0.4,0.0,0.0,4,0,0,6,0,0.0033879280090332,0.0,1.0,0.0,0.0,0.0,0.0,0.0,1.0,0.0,0.0,0.0,0.0,0.0,1.0,1.0,624,54,68,62.4,7.229568912920511,62.4,0.0004735946655273,10,0.9297030671923672,47.04
20.0,6,64.0,304.24593243821585,0.0,0.0,0.5,0.5,0.5,0.0,0.0,5,0,0,5,0,0.0328681468963623,0.0,1.0,0.0,0.0,0.0,0.0,0.0,1.0,0.0,0.0,0.0,0.0,0.0,1.0,1.0,3286,54,1406,328.6,567.8756123581212,328.6,0.0033258199691772,10,1.0,313173.43209876545
20.0,6,64.0,3341.010036641708,0.0,0.0,0.6,0.4,0.4,0.0,0.0,4,0,0,6,0,0.002993106842041,0.0,1.0,0.0,0.0,0.0,0.0,0.0,1.0,0.0,0.0,0.0,0.0,0.0,1.0,1.0,8652,54,1406,865.2,698.1697978763236,865.2,0.0003021001815795,10,1.0,456976.0
20.0,6,64.0,1522.5439233338172,0.0,0.0,0.5,0.5,0.5,0.0,0.0,5,0,0,5,0,0.0065679550170898,0.0,1.0,0.0,0.0,0.0,0.0,0.0,1.0,0.0,0.0,0.0,0.0,0.0,1.0,1.0,7300,54,1406,730.0,712.5665660912748,730.0,0.0007224798202514,10,1.0,456976.0
20.0,6,64.0,3022.050580012969,0.0,0.0,0.5,0.5,0.5,0.0,0.0,5,0,0,5,0,0.0033090114593505,0.0,1.0,0.0,0.0,0.0,0.0,0.0,1.0,0.0,0.0,0.0,0.0,0.0,1.0,1.0,7300,54,1406,730.0,712.5665660912748,730.0,0.0004480123519897,10,1.0,456976.0
20.0,6,64.0,216.40872176416565,0.0,0.0,0.5,0.5,0.5,0.0,0.0,5,0,0,5,0,0.0462088584899902,0.0,1.0,0.0,0.0,0.0,0.0,0.0,1.0,0.0,0.0,0.0,0.0,0.0,1.0,1.0,3274,54,1406,327.4,568.4904377188572,327.4,0.0047407865524291,10,1.0,456976.0
20.0,6,64.0,2130.3860219423,0.0,0.0,0.5,0.5,0.5,0.0,0.0,5,0,0,5,0,0.0046939849853515,0.0,1.0,0.0,0.0,0.0,0.0,0.0,1.0,0.0,0.0,0.0,0.0,0.0,1.0,1.0,590,54,64,59.0,5.270462766947299,59.0,0.0004769086837768,10,0.9289050057127436,25.0
20.0,6,64.0,1555.693038092059,0.0,0.0,0.5,0.5,0.5,0.0,0.0,5,0,0,5,0,0.0064280033111572,0.0,1.0,0.0,0.0,0.0,0.0,0.0,1.0,0.0,0.0,0.0,0.0,0.0,1.0,1.0,608,54,66,60.8,5.902918298980975,60.8,0.0007486104965209,10,0.9291626427982728,31.50617283950617
20.0,6,64.0,2595.324546748345,0.0,0.0,0.6,0.4,0.4,0.0,0.0,4,0,0,6,0,0.0038530826568603,0.0,1.0,0.0,0.0,0.0,0.0,0.0,1.0,0.0,0.0,0.0,0.0,0.0,1.0,1.0,600,54,66,60.0,6.324555320336759,60.0,0.000389289855957,10,0.9293344008552924,36.0
20.0,6,64.0,290.3677447939743,0.0,0.0,0.9,0.1,0.1,0.0,0.0,1,0,0,9,0,0.0344390869140625,0.0,1.0,0.0,0.0,0.0,0.0,0.0,1.0,0.0,0.0,0.0,0.0,0.0,1.0,1.0,4232,54,514,423.2,191.44410266300827,423.2,0.0034469127655029,10,1.0,51547.0
20.0,6,64.0,71943.46483704975,0.0,0.0,1.0,0.0,0.0,0.0,0.0,0,0,0,10,0,0.0001389980316162,0.0,1.0,0.0,0.0,0.0,0.0,0.0,1.0,0.0,0.0,0.0,0.0,0.0,1.0,1.0,5156,514,516,515.6,0.8432740427115677,515.6,1.7690658569335938e-05,10,0.0,1.0
20.0,6,64.0,206.25425362418616,0.0,0.0,0.6,0.4,0.4,0.0,0.0,4,0,0,6,0,0.0484838485717773,0.0,1.0,0.0,0.0,0.0,0.0,0.0,1.0,0.0,0.0,0.0,0.0,0.0,1.0,1.0,1504,54,516,150.4,192.7457738403967,150.4,0.0048497915267944,10,1.0,52224.75
20.0,6,64.0,1997.668127262336,0.0,0.0,0.5,0.5,0.5,0.0,0.0,5,0,0,5,0,0.0050058364868164,0.0,1.0,0.0,0.0,0.0,0.0,0.0,1.0,0.0,0.0,0.0,0.0,0.0,1.0,1.0,590,54,64,59.0,5.270462766947299,59.0,0.0007802009582519,10,0.9289050057127436,25.0
20.0,6,64.0,2181.4656472668644,0.0,0.0,0.6,0.4,0.4,0.0,0.0,4,0,0,6,0,0.0045840740203857,0.0,1.0,0.0,0.0,0.0,0.0,0.0,1.0,0.0,0.0,0.0,0.0,0.0,1.0,1.0,610,54,66,61.0,6.055300708194984,61.0,0.0005192041397094,10,0.9292247172964904,33.0
20.0,6,64.0,1698.6489551271668,0.0,0.0,0.5,0.5,0.5,0.0,0.0,5,0,0,5,0,0.0058870315551757,0.0,1.0,0.0,0.0,0.0,0.0,0.0,1.0,0.0,0.0,0.0,0.0,0.0,1.0,1.0,600,54,66,60.0,6.324555320336759,60.0,0.0010723114013671,10,0.9293344008552924,36.0
20.0,6,64.0,700.3229199712812,0.0,0.0,1.0,0.0,0.0,0.0,0.0,0,0,0,10,0,0.0142791271209716,0.0,1.0,0.0,0.0,0.0,0.0,0.0,1.0,0.0,0.0,0.0,0.0,0.0,1.0,1.0,660,66,66,66.0,0.0,66.0,0.0029238939285278,10,0.0,0.0
20.0,6,64.0,1562.7646335556467,0.0,0.0,1.0,0.0,0.0,0.0,0.0,0,0,0,10,0,0.0063989162445068,0.0,1.0,0.0,0.0,0.0,0.0,0.0,1.0,0.0,0.0,0.0,0.0,0.0,1.0,1.0,680,68,68,68.0,0.0,68.0,0.0006412982940673,10,0.0,0.0
20.0,6,64.0,381.06825842441424,0.0,0.0,0.7,0.3,0.3,0.0,0.0,3,0,0,7,0,0.0262420177459716,0.0,1.0,0.0,0.0,0.0,0.0,0.0,1.0,0.0,0.0,0.0,0.0,0.0,1.0,1.0,11148,54,1380,1114.8,559.0906903177695,1114.8,0.0053231954574584,10,1.0,439569.0
20.0,6,64.0,3404.743891549638,0.0,0.0,0.7,0.3,0.3,0.0,0.0,3,0,0,7,0,0.0029370784759521,0.0,1.0,0.0,0.0,0.0,0.0,0.0,1.0,0.0,0.0,0.0,0.0,0.0,1.0,1.0,8504,54,1382,850.4,685.4324182587224,850.4,0.0002985000610351,10,1.0,439569.0
20.0,6,64.0,1922.7578619235355,0.0,0.0,0.6,0.4,0.4,0.0,0.0,4,0,0,6,0,0.0052008628845214,0.0,1.0,0.0,0.0,0.0,0.0,0.0,1.0,0.0,0.0,0.0,0.0,0.0,1.0,1.0,8508,54,1382,850.8,685.7762511684599,850.8,0.0005228996276855,10,1.0,431898.1224489796
20.0,6,64.0,443.9732407485816,0.0,0.0,1.0,0.0,0.0,0.0,0.0,0,0,0,10,0,0.0225238800048828,0.0,1.0,0.0,0.0,0.0,0.0,0.0,1.0,0.0,0.0,0.0,0.0,0.0,1.0,1.0,660,66,66,66.0,0.0,66.0,0.0039428949356079,10,0.0,0.0
20.0,6,64.0,56833.38753387534,0.0,0.0,1.0,0.0,0.0,0.0,0.0,0,0,0,10,0,0.0001759529113769,0.0,1.0,0.0,0.0,0.0,0.0,0.0,1.0,0.0,0.0,0.0,0.0,0.0,1.0,1.0,680,68,68,68.0,0.0,68.0,2.100467681884765e-05,10,0.0,0.0
20.0,6,64.0,611.2541898627182,0.0,0.0,1.0,0.0,0.0,0.0,0.0,0,0,0,10,0,0.016359806060791,0.0,1.0,0.0,0.0,0.0,0.0,0.0,1.0,0.0,0.0,0.0,0.0,0.0,1.0,1.0,640,64,64,64.0,0.0,64.0,0.0047941923141479,10,0.0,0.0
20.0,6,64.0,54971.218872870246,0.0,0.0,1.0,0.0,0.0,0.0,0.0,0,0,0,10,0,0.0001819133758544,0.0,1.0,0.0,0.0,0.0,0.0,0.0,1.0,0.0,0.0,0.0,0.0,0.0,1.0,1.0,660,66,66,66.0,0.0,66.0,2.050399780273437e-05,10,0.0,0.0
20.0,6,64.0,702.3046783429892,0.0,0.0,0.5,0.5,0.5,0.0,0.0,5,0,0,5,0,0.0142388343811035,0.0,1.0,0.0,0.0,0.0,0.0,0.0,1.0,0.0,0.0,0.0,0.0,0.0,1.0,1.0,3300,54,514,330.0,237.54297856738825,330.0,0.0047034978866577,10,1.0,52246.91358024692
20.0,6,64.0,1490.089526786983,0.0,0.0,0.6,0.4,0.4,0.0,0.0,4,0,0,6,0,0.0067110061645507,0.0,1.0,0.0,0.0,0.0,0.0,0.0,1.0,0.0,0.0,0.0,0.0,0.0,1.0,1.0,3304,54,516,330.4,237.8884892829692,330.4,0.0006746053695678,10,1.0,52900.0
20.0,6,64.0,2373.014992927864,0.0,0.0,0.5,0.5,0.5,0.0,0.0,5,0,0,5,0,0.0042140483856201,0.0,1.0,0.0,0.0,0.0,0.0,0.0,1.0,0.0,0.0,0.0,0.0,0.0,1.0,1.0,2850,54,516,285.0,243.4953798329652,285.0,0.0004234075546264,10,1.0,53361.0
20.0,6,64.0,296.7003147879602,0.0,0.0,0.6,0.4,0.4,0.0,0.0,4,0,0,6,0,0.0337040424346923,0.0,1.0,0.0,0.0,0.0,0.0,0.0,1.0,0.0,0.0,0.0,0.0,0.0,1.0,1.0,1946,54,516,194.6,221.8228522442577,194.6,0.0033725976943969,10,1.0,53361.0
20.0,6,64.0,1431.454216579639,0.0,0.0,0.5,0.5,0.5,0.0,0.0,5,0,0,5,0,0.0069859027862548,0.0,1.0,0.0,0.0,0.0,0.0,0.0,1.0,0.0,0.0,0.0,0.0,0.0,1.0,1.0,600,54,64,60.0,5.163977794943222,60.0,0.0008389949798583,10,0.928861627994548,25.0
20.0,6,64.0,1144.015492458337,0.0,0.0,0.5,0.5,0.5,0.0,0.0,5,0,0,5,0,0.0087411403656005,0.0,1.0,0.0,0.0,0.0,0.0,0.0,1.0,0.0,0.0,0.0,0.0,0.0,1.0,1.0,596,54,66,59.6,5.94792213951879,59.6,0.0008778095245361,10,0.9291809755627544,31.84
20.0,6,64.0,1063.4914678364055,0.0,0.0,0.5,0.5,0.5,0.0,0.0,5,0,0,5,0,0.0094029903411865,0.0,1.0,0.0,0.0,0.0,0.0,0.0,1.0,0.0,0.0,0.0,0.0,0.0,1.0,1.0,600,54,66,60.0,6.324555320336759,60.0,0.0009438037872314,10,0.9293344008552924,36.0
20.0,6,64.0,354.05726634251755,0.0,0.0,0.8,0.2,0.2,0.0,0.0,2,0,0,8,0,0.0282440185546875,0.0,1.0,0.0,0.0,0.0,0.0,0.0,1.0,0.0,0.0,0.0,0.0,0.0,1.0,1.0,1349,54,211,134.9,80.33603038349466,134.9,0.0028282880783081,10,0.9594837153370204,5808.49
20.0,6,64.0,761.1476272570548,0.0,0.0,1.0,0.0,0.0,0.0,0.0,0,0,0,10,0,0.0131380558013916,0.0,1.0,0.0,0.0,0.0,0.0,0.0,1.0,0.0,0.0,0.0,0.0,0.0,1.0,1.0,2120,211,213,212.0,1.0540925533894598,212.0,0.0013190031051635,10,0.6596390151425487,1.0
20.0,6,64.0,285.6085254162269,0.0,0.0,1.0,0.0,0.0,0.0,0.0,0,0,0,10,0,0.0350129604339599,0.0,1.0,0.0,0.0,0.0,0.0,0.0,1.0,0.0,0.0,0.0,0.0,0.0,1.0,1.0,1395,66,213,139.5,77.47580267412529,139.5,0.0035060882568359,10,0.9378690129773316,5402.25
20.0,6,64.0,658.6325806350303,0.0,0.0,1.0,0.0,0.0,0.0,0.0,0,0,0,10,0,0.0151829719543457,0.0,1.0,0.0,0.0,0.0,0.0,0.0,1.0,0.0,0.0,0.0,0.0,0.0,1.0,1.0,670,66,68,67.0,1.0540925533894598,67.0,0.0017266035079956,10,0.9067378651425488,1.0
20.0,6,64.0,286.648897636719,0.0,0.0,0.8,0.2,0.2,0.0,0.0,2,0,0,8,0,0.0348858833312988,0.0,1.0,0.0,0.0,0.0,0.0,0.0,1.0,0.0,0.0,0.0,0.0,0.0,1.0,1.0,916,54,156,91.6,44.78888751068109,91.6,0.0034919023513793,10,0.9450032312163512,1805.44
20.0,6,64.0,644.8707738195907,0.0,0.0,0.7,0.3,0.3,0.0,0.0,3,0,0,7,0,0.0155069828033447,0.0,1.0,0.0,0.0,0.0,0.0,0.0,1.0,0.0,0.0,0.0,0.0,0.0,1.0,1.0,1254,54,156,125.4,49.2706809370441,125.4,0.0017090082168579,10,0.9468289345865144,2601.0
20.0,6,64.0,2583.3357969943336,0.0,0.0,0.6,0.4,0.4,0.0,0.0,4,0,0,6,0,0.0038709640502929,0.0,1.0,0.0,0.0,0.0,0.0,0.0,1.0,0.0,0.0,0.0,0.0,0.0,1.0,1.0,1268,54,158,126.8,50.23677272012338,126.8,0.000389289855957,10,0.9472224817352696,2704.0
20.0,6,64.0,263.57388834426763,0.0,0.0,0.7,0.3,0.3,0.0,0.0,3,0,0,7,0,0.0379400253295898,0.0,1.0,0.0,0.0,0.0,0.0,0.0,1.0,0.0,0.0,0.0,0.0,0.0,1.0,1.0,888,54,158,88.8,48.03887314803849,88.8,0.0037970066070556,10,0.9463271453655848,2704.0
20.0,6,64.0,934.143429844098,0.0,0.0,0.5,0.5,0.5,0.0,0.0,5,0,0,5,0,0.0107049942016601,0.0,1.0,0.0,0.0,0.0,0.0,0.0,1.0,0.0,0.0,0.0,0.0,0.0,1.0,1.0,612,54,66,61.2,6.196773353931867,61.2,0.0011918067932128,10,0.9292823475934576,36.0
20.0,6,64.0,2461.879438868345,0.0,0.0,0.5,0.5,0.5,0.0,0.0,5,0,0,5,0,0.0040619373321533,0.0,1.0,0.0,0.0,0.0,0.0,0.0,1.0,0.0,0.0,0.0,0.0,0.0,1.0,1.0,608,54,68,60.8,7.192588778272627,60.8,0.0004092931747436,10,0.9296880029647172,46.56
20.0,6,64.0,1148.117814518778,0.0,0.0,0.5,0.5,0.5,0.0,0.0,5,0,0,5,0,0.0087099075317382,0.0,1.0,0.0,0.0,0.0,0.0,0.0,1.0,0.0,0.0,0.0,0.0,0.0,1.0,1.0,610,54,68,61.0,7.378647873726218,61.0,0.0008739948272705,10,0.9297637959978412,49.0
20.0,6,64.0,300.6992866616482,0.0,0.0,0.6,0.4,0.4,0.0,0.0,4,0,0,6,0,0.0332558155059814,0.0,1.0,0.0,0.0,0.0,0.0,0.0,1.0,0.0,0.0,0.0,0.0,0.0,1.0,1.0,754,54,104,75.4,24.98088157860816,75.4,0.0033293962478637,10,0.936934241919862,561.6400000000001
20.0,6,64.0,2911.295897827445,0.0,0.0,0.5,0.5,0.5,0.0,0.0,5,0,0,5,0,0.0034348964691162,0.0,1.0,0.0,0.0,0.0,0.0,0.0,1.0,0.0,0.0,0.0,0.0,0.0,1.0,1.0,840,54,104,84.0,25.81988897471611,84.0,0.0004296064376831,10,0.9372760199727403,617.283950617284
20.0,6,64.0,2242.104025231197,0.0,0.0,0.5,0.5,0.5,0.0,0.0,5,0,0,5,0,0.0044600963592529,0.0,1.0,0.0,0.0,0.0,0.0,0.0,1.0,0.0,0.0,0.0,0.0,0.0,1.0,1.0,800,54,106,80.0,27.406406388125955,80.0,0.0004490137100219,10,0.937922303706267,676.0
20.0,6,64.0,2380.287157369048,0.0,0.0,0.6,0.4,0.4,0.0,0.0,4,0,0,6,0,0.0042011737823486,0.0,1.0,0.0,0.0,0.0,0.0,0.0,1.0,0.0,0.0,0.0,0.0,0.0,1.0,1.0,800,54,106,80.0,27.406406388125955,80.0,0.0004230976104736,10,0.937922303706267,676.0
20.0,6,64.0,732.808721783493,0.0,0.0,0.6,0.4,0.4,0.0,0.0,4,0,0,6,0,0.013646125793457,0.0,1.0,0.0,0.0,0.0,0.0,0.0,1.0,0.0,0.0,0.0,0.0,0.0,1.0,1.0,820,54,94,82.0,19.32183566158592,82.0,0.0032624006271362,10,0.9346289729751036,375.0
20.0,6,64.0,789.887758945386,0.0,0.0,0.5,0.5,0.5,0.0,0.0,5,0,0,5,0,0.0126600265502929,0.0,1.0,0.0,0.0,0.0,0.0,0.0,1.0,0.0,0.0,0.0,0.0,0.0,1.0,1.0,744,54,96,74.4,21.515885604207263,74.4,0.001269793510437,10,0.93552274115973,416.64
20.0,6,64.0,1694.3259947485355,0.0,0.0,0.5,0.5,0.5,0.0,0.0,5,0,0,5,0,0.0059020519256591,0.0,1.0,0.0,0.0,0.0,0.0,0.0,1.0,0.0,0.0,0.0,0.0,0.0,1.0,1.0,750,54,96,75.0,22.13594362117865,75.0,0.0005938053131103,10,0.9357753279935234,441.0
20.0,6,64.0,261.58812523387803,0.0,0.0,0.6,0.4,0.4,0.0,0.0,4,0,0,6,0,0.0382280349731445,0.0,1.0,0.0,0.0,0.0,0.0,0.0,1.0,0.0,0.0,0.0,0.0,0.0,1.0,1.0,1374,54,408,137.4,143.90135510133322,137.4,0.0038264036178588,10,0.9853776860140792,19848.88888888889
20.0,6,64.0,2234.578582844965,0.0,0.0,0.5,0.5,0.5,0.0,0.0,5,0,0,5,0,0.0044751167297363,0.0,1.0,0.0,0.0,0.0,0.0,0.0,1.0,0.0,0.0,0.0,0.0,0.0,1.0,1.0,2310,54,408,231.0,186.5743819499344,231.0,0.0005697965621948,10,1.0,31329.0
20.0,6,64.0,1937.5913521504133,0.0,0.0,0.5,0.5,0.5,0.0,0.0,5,0,0,5,0,0.0051610469818115,0.0,1.0,0.0,0.0,0.0,0.0,0.0,1.0,0.0,0.0,0.0,0.0,0.0,1.0,1.0,2314,54,410,231.4,186.9974450211672,231.4,0.0006669998168945,10,1.0,31471.24
20.0,6,64.0,1393.502774178544,0.0,0.0,0.5,0.5,0.5,0.0,0.0,5,0,0,5,0,0.0071761608123779,0.0,1.0,0.0,0.0,0.0,0.0,0.0,1.0,0.0,0.0,0.0,0.0,0.0,1.0,1.0,2320,54,410,232.0,187.62847450332384,232.0,0.0008275032043457,10,1.0,31684.0
20.0,6,64.0,321.543049454551,0.0,0.0,0.5,0.5,0.5,0.0,0.0,5,0,0,5,0,0.0311000347137451,0.0,1.0,0.0,0.0,0.0,0.0,0.0,1.0,0.0,0.0,0.0,0.0,0.0,1.0,1.0,1689,54,410,168.9,166.79158651842525,168.9,0.0034829854965209,10,0.9947022506841458,31684.0
20.0,6,64.0,1335.6379963697736,0.0,0.0,0.5,0.5,0.5,0.0,0.0,5,0,0,5,0,0.0074870586395263,0.0,1.0,0.0,0.0,0.0,0.0,0.0,1.0,0.0,0.0,0.0,0.0,0.0,1.0,1.0,675,54,81,67.5,14.230249470757707,67.5,0.0007534980773925,10,0.9325548644244078,182.25
20.0,6,64.0,2679.552801379927,0.0,0.0,0.5,0.5,0.5,0.0,0.0,5,0,0,5,0,0.0037319660186767,0.0,1.0,0.0,0.0,0.0,0.0,0.0,1.0,0.0,0.0,0.0,0.0,0.0,1.0,1.0,681,54,83,68.1,14.880636187116911,68.1,0.0003754138946533,10,0.932819805957184,199.29
20.0,6,64.0,1546.059198643518,0.0,0.0,0.5,0.5,0.5,0.0,0.0,5,0,0,5,0,0.0064680576324462,0.0,1.0,0.0,0.0,0.0,0.0,0.0,1.0,0.0,0.0,0.0,0.0,0.0,1.0,1.0,685,54,83,68.5,15.284342024147168,68.5,0.0006506919860839,10,0.9329842595669566,210.25
20.0,6,64.0,365.6855889866344,0.0,0.0,0.6,0.4,0.4,0.0,0.0,4,0,0,6,0,0.0273458957672119,0.0,1.0,0.0,0.0,0.0,0.0,0.0,1.0,0.0,0.0,0.0,0.0,0.0,1.0,1.0,650,54,83,65.0,11.294049564064943,65.0,0.0027386903762817,10,0.9313587740304176,210.25
20.0,6,64.0,1038.7597206399523,0.0,0.0,0.6,0.4,0.4,0.0,0.0,4,0,0,6,0,0.0096268653869628,0.0,1.0,0.0,0.0,0.0,0.0,0.0,1.0,0.0,0.0,0.0,0.0,0.0,1.0,1.0,605,54,67,60.5,6.851601597031489,60.5,0.0009675025939941,10,0.9295490984265669,42.25
20.0,6,64.0,2027.997292331496,0.0,0.0,0.6,0.4,0.4,0.0,0.0,4,0,0,6,0,0.0049309730529785,0.0,1.0,0.0,0.0,0.0,0.0,0.0,1.0,0.0,0.0,0.0,0.0,0.0,1.0,1.0,628,54,69,62.8,7.598245411496876,62.8,0.0004966020584106,10,0.9298532512508274,52.98765432098765
20.0,6,64.0,534.2994356759787,0.0,0.0,0.6,0.4,0.4,0.0,0.0,4,0,0,6,0,0.0187160968780517,0.0,1.0,0.0,0.0,0.0,0.0,0.0,1.0,0.0,0.0,0.0,0.0,0.0,1.0,1.0,627,54,69,62.7,7.543208866258444,62.7,0.001974606513977,10,0.929830831563759,56.25
20.0,6,64.0,888.8873818505489,0.0,0.0,1.0,0.0,0.0,0.0,0.0,0,0,0,10,0,0.0112500190734863,0.0,1.0,0.0,0.0,0.0,0.0,0.0,1.0,0.0,0.0,0.0,0.0,0.0,1.0,1.0,662,66,68,66.2,0.6324555320336759,66.2,0.0016221046447753,10,0.0,0.36
20.0,6,64.0,277.94702557271887,0.0,0.0,1.0,0.0,0.0,0.0,0.0,0,0,0,10,0,0.035978078842163,0.0,1.0,0.0,0.0,0.0,0.0,0.0,1.0,0.0,0.0,0.0,0.0,0.0,1.0,1.0,678,66,68,67.8,0.6324555320336759,67.8,0.0036022901535034,10,0.0,0.36
20.0,6,64.0,2910.285872883708,0.0,0.0,1.0,0.0,0.0,0.0,0.0,0,0,0,10,0,0.0034360885620117,0.0,1.0,0.0,0.0,0.0,0.0,0.0,1.0,0.0,0.0,0.0,0.0,0.0,1.0,1.0,661,66,67,66.1,0.3162277660168379,66.1,0.0016019105911254,10,0.0,0.09
20.0,6,64.0,261.86249781484906,0.0,0.0,1.0,0.0,0.0,0.0,0.0,0,0,0,10,0,0.0381879806518554,0.0,1.0,0.0,0.0,0.0,0.0,0.0,1.0,0.0,0.0,0.0,0.0,0.0,1.0,1.0,669,66,67,66.9,0.3162277660168379,66.9,0.0038201808929443,10,0.0,0.09
20.0,6,64.0,1067.4702229461468,0.0,0.0,1.0,0.0,0.0,0.0,0.0,0,0,0,10,0,0.0093679428100585,0.0,1.0,0.0,0.0,0.0,0.0,0.0,1.0,0.0,0.0,0.0,0.0,0.0,1.0,1.0,662,66,68,66.2,0.6324555320336759,66.2,0.0011031150817871,10,0.0,0.36
20.0,6,64.0,262.79935589376004,0.0,0.0,1.0,0.0,0.0,0.0,0.0,0,0,0,10,0,0.0380518436431884,0.0,1.0,0.0,0.0,0.0,0.0,0.0,1.0,0.0,0.0,0.0,0.0,0.0,1.0,1.0,678,66,68,67.8,0.6324555320336759,67.8,0.0039712905883789,10,0.0,0.36
20.0,6,64.0,990.9755463673952,0.0,0.0,1.0,0.0,0.0,0.0,0.0,0,0,0,10,0,0.0100910663604736,0.0,1.0,0.0,0.0,0.0,0.0,0.0,1.0,0.0,0.0,0.0,0.0,0.0,1.0,1.0,662,66,68,66.2,0.6324555320336759,66.2,0.0013015031814575,10,0.0,0.36
20.0,6,64.0,250.64563164814152,0.0,0.0,0.9,0.1,0.1,0.0,0.0,1,0,0,9,0,0.0398969650268554,0.0,1.0,0.0,0.0,0.0,0.0,0.0,1.0,0.0,0.0,0.0,0.0,0.0,1.0,1.0,678,66,68,67.8,0.6324555320336759,67.8,0.0039911985397338,10,0.0,0.36
20.0,6,64.0,531.9682922189105,0.0,0.0,0.6,0.4,0.4,0.0,0.0,4,0,0,6,0,0.0187981128692626,0.0,1.0,0.0,0.0,0.0,0.0,0.0,1.0,0.0,0.0,0.0,0.0,0.0,1.0,1.0,600,54,66,60.0,6.324555320336759,60.0,0.00191330909729,10,0.9293344008552924,36.0
20.0,6,64.0,1871.2875881145712,0.0,0.0,0.5,0.5,0.5,0.0,0.0,5,0,0,5,0,0.0053439140319824,0.0,1.0,0.0,0.0,0.0,0.0,0.0,1.0,0.0,0.0,0.0,0.0,0.0,1.0,1.0,616,54,68,61.6,6.586180818788517,61.6,0.0006640911102294,10,0.9294409766183416,39.04
20.0,6,64.0,866.699177583998,0.0,0.0,0.7,0.3,0.3,0.0,0.0,3,0,0,7,0,0.011538028717041,0.0,1.0,0.0,0.0,0.0,0.0,0.0,1.0,0.0,0.0,0.0,0.0,0.0,1.0,1.0,624,54,68,62.4,7.229568912920511,62.4,0.0011626005172729,10,0.9297030671923672,49.0
20.0,6,64.0,460.5329673346144,0.0,0.0,0.6,0.4,0.4,0.0,0.0,4,0,0,6,0,0.0217139720916748,0.0,1.0,0.0,0.0,0.0,0.0,0.0,1.0,0.0,0.0,0.0,0.0,0.0,1.0,1.0,673,54,75,67.3,9.592242235844084,67.3,0.002463412284851,10,0.9306655257971934,84.69135802469135
20.0,6,64.0,536.7678525723061,0.0,0.0,0.8,0.2,0.2,0.0,0.0,2,0,0,8,0,0.018630027770996,0.0,1.0,0.0,0.0,0.0,0.0,0.0,1.0,0.0,0.0,0.0,0.0,0.0,1.0,1.0,691,54,77,69.1,10.45041200676371,69.1,0.0018661975860595,10,0.9310151098350752,110.25
20.0,6,64.0,5107.530443253775,0.0,0.0,0.7,0.3,0.3,0.0,0.0,3,0,0,7,0,0.001957893371582,0.0,1.0,0.0,0.0,0.0,0.0,0.0,1.0,0.0,0.0,0.0,0.0,0.0,1.0,1.0,701,54,77,70.1,11.110055505411903,70.1,0.0003330945968627,10,0.9312838222106846,132.25
20.0,6,64.0,341.19172543947417,0.0,0.0,0.5,0.5,0.5,0.0,0.0,5,0,0,5,0,0.0293090343475341,0.0,1.0,0.0,0.0,0.0,0.0,0.0,1.0,0.0,0.0,0.0,0.0,0.0,1.0,1.0,658,54,77,65.8,10.228500487472354,65.8,0.0029325008392333,10,0.9309247119585768,101.36
20.0,6,64.0,1337.9386902293534,0.0,0.0,0.5,0.5,0.5,0.0,0.0,5,0,0,5,0,0.0074741840362548,0.0,1.0,0.0,0.0,0.0,0.0,0.0,1.0,0.0,0.0,0.0,0.0,0.0,1.0,1.0,635,54,73,63.5,10.013879257199868,63.5,0.0007518053054809,10,0.9308372838542128,90.25
20.0,6,64.0,3699.659521919379,0.0,0.0,0.6,0.4,0.4,0.0,0.0,4,0,0,6,0,0.0027029514312744,0.0,1.0,0.0,0.0,0.0,0.0,0.0,1.0,0.0,0.0,0.0,0.0,0.0,1.0,1.0,645,54,75,64.5,11.067971810589327,64.5,0.0002720832824707,10,0.9312666789967616,110.25
20.0,6,64.0,236.72024562037203,0.0,0.0,0.5,0.5,0.5,0.0,0.0,5,0,0,5,0,0.0422439575195312,0.0,1.0,0.0,0.0,0.0,0.0,0.0,1.0,0.0,0.0,0.0,0.0,0.0,1.0,1.0,956,54,365,95.6,95.23094735081308,95.6,0.0043708086013793,10,0.9655513087128272,8162.039999999998
20.0,6,64.0,1420.6421894052296,0.0,0.0,0.6,0.4,0.4,0.0,0.0,4,0,0,6,0,0.0070390701293945,0.0,1.0,0.0,0.0,0.0,0.0,0.0,1.0,0.0,0.0,0.0,0.0,0.0,1.0,1.0,2095,54,365,209.5,163.911392052061,209.5,0.0007097005844116,10,0.9935289746663276,24180.25
20.0,6,64.0,2177.614869425264,0.0,0.0,0.5,0.5,0.5,0.0,0.0,5,0,0,5,0,0.0045921802520751,0.0,1.0,0.0,0.0,0.0,0.0,0.0,1.0,0.0,0.0,0.0,0.0,0.0,1.0,1.0,2097,54,367,209.7,164.12329376281588,209.7,0.0005669116973876,10,0.9936152949472208,24242.81
20.0,6,64.0,2442.5250407640347,0.0,0.0,0.5,0.5,0.5,0.0,0.0,5,0,0,5,0,0.004094123840332,0.0,1.0,0.0,0.0,0.0,0.0,0.0,1.0,0.0,0.0,0.0,0.0,0.0,1.0,1.0,2105,54,367,210.5,164.96548460545046,210.5,0.0004946947097778,10,0.9939583698088764,24492.25
20.0,6,64.0,404.83996756881976,0.0,0.0,0.6,0.4,0.4,0.0,0.0,4,0,0,6,0,0.0247011184692382,0.0,1.0,0.0,0.0,0.0,0.0,0.0,1.0,0.0,0.0,0.0,0.0,0.0,1.0,1.0,1812,54,367,181.2,159.95749435396894,181.2,0.0025264024734497,10,0.9919183149000328,24492.25
20.0,6,64.0,1065.8697364742957,0.0,0.0,1.0,0.0,0.0,0.0,0.0,0,0,0,10,0,0.0093820095062255,0.0,1.0,0.0,0.0,0.0,0.0,0.0,1.0,0.0,0.0,0.0,0.0,0.0,1.0,1.0,644,64,66,64.4,0.8432740427115678,64.4,0.0014940977096557,10,0.0,0.64
20.0,6,64.0,288.9335583646196,0.0,0.0,1.0,0.0,0.0,0.0,0.0,0,0,0,10,0,0.0346100330352783,0.0,1.0,0.0,0.0,0.0,0.0,0.0,1.0,0.0,0.0,0.0,0.0,0.0,1.0,1.0,656,64,66,65.6,0.8432740427115678,65.6,0.0034618854522705,10,0.0,0.64
20.0,6,64.0,2428.946027333797,0.0,0.0,0.6,0.4,0.4,0.0,0.0,4,0,0,6,0,0.0041170120239257,0.0,1.0,0.0,0.0,0.0,0.0,0.0,1.0,0.0,0.0,0.0,0.0,0.0,1.0,1.0,610,54,64,61.0,4.83045891539648,61.0,0.0018694162368774,10,0.928725765743776,22.222222222222225
20.0,6,64.0,1510.8075787047044,0.0,0.0,0.6,0.4,0.4,0.0,0.0,4,0,0,6,0,0.0066189765930175,0.0,1.0,0.0,0.0,0.0,0.0,0.0,1.0,0.0,0.0,0.0,0.0,0.0,1.0,1.0,610,54,66,61.0,6.055300708194984,61.0,0.0006654977798461,10,0.9292247172964904,33.58024691358025
20.0,6,64.0,3162.64816769718,0.0,0.0,0.6,0.4,0.4,0.0,0.0,4,0,0,6,0,0.0031619071960449,0.0,1.0,0.0,0.0,0.0,0.0,0.0,1.0,0.0,0.0,0.0,0.0,0.0,1.0,1.0,600,54,66,60.0,6.324555320336759,60.0,0.0003178834915161,10,0.9293344008552924,36.0
20.0,6,64.0,510.9894983065715,0.0,0.0,1.0,0.0,0.0,0.0,0.0,0,0,0,10,0,0.0195698738098144,0.0,1.0,0.0,0.0,0.0,0.0,0.0,1.0,0.0,0.0,0.0,0.0,0.0,1.0,1.0,660,66,66,66.0,0.0,66.0,0.0041908025741577,10,0.0,0.0
20.0,6,64.0,52298.054862842895,0.0,0.0,1.0,0.0,0.0,0.0,0.0,0,0,0,10,0,0.0001912117004394,0.0,1.0,0.0,0.0,0.0,0.0,0.0,1.0,0.0,0.0,0.0,0.0,0.0,1.0,1.0,680,68,68,68.0,0.0,68.0,2.7418136596679688e-05,10,0.0,0.0
20.0,6,64.0,708.2101850601108,0.0,0.0,1.0,0.0,0.0,0.0,0.0,0,0,0,10,0,0.0141201019287109,0.0,1.0,0.0,0.0,0.0,0.0,0.0,1.0,0.0,0.0,0.0,0.0,0.0,1.0,1.0,660,66,66,66.0,0.0,66.0,0.0055557966232299,10,0.0,0.0
20.0,6,64.0,74631.743772242,0.0,0.0,1.0,0.0,0.0,0.0,0.0,0,0,0,10,0,0.000133991241455,0.0,1.0,0.0,0.0,0.0,0.0,0.0,1.0,0.0,0.0,0.0,0.0,0.0,1.0,1.0,680,68,68,68.0,0.0,68.0,1.499652862548828e-05,10,0.0,0.0
20.0,6,64.0,1043.85256713372,0.0,0.0,0.5,0.5,0.5,0.0,0.0,5,0,0,5,0,0.0095798969268798,0.0,1.0,0.0,0.0,0.0,0.0,0.0,1.0,0.0,0.0,0.0,0.0,0.0,1.0,1.0,605,54,67,60.5,6.851601597031489,60.5,0.0036485910415649,10,0.9295490984265669,42.25
20.0,6,64.0,2518.9502132004086,0.0,0.0,0.5,0.5,0.5,0.0,0.0,5,0,0,5,0,0.0039699077606201,0.0,1.0,0.0,0.0,0.0,0.0,0.0,1.0,0.0,0.0,0.0,0.0,0.0,1.0,1.0,605,54,67,60.5,6.851601597031489,60.5,0.0010349988937377,10,0.9295490984265669,42.25
20.0,6,64.0,3066.684214374497,0.0,0.0,0.5,0.5,0.5,0.0,0.0,5,0,0,5,0,0.003260850906372,0.0,1.0,0.0,0.0,0.0,0.0,0.0,1.0,0.0,0.0,0.0,0.0,0.0,1.0,1.0,615,54,69,61.5,7.905694150420948,61.5,0.000442099571228,10,0.9299784935691154,56.25
20.0,6,64.0,2037.157705570936,0.0,0.0,0.5,0.5,0.5,0.0,0.0,5,0,0,5,0,0.004908800125122,0.0,1.0,0.0,0.0,0.0,0.0,0.0,1.0,0.0,0.0,0.0,0.0,0.0,1.0,1.0,615,54,69,61.5,7.905694150420948,61.5,0.0006654977798461,10,0.9299784935691154,56.25
20.0,6,64.0,627.8710218256938,0.0,0.0,1.0,0.0,0.0,0.0,0.0,0,0,0,10,0,0.0159268379211425,0.0,1.0,0.0,0.0,0.0,0.0,0.0,1.0,0.0,0.0,0.0,0.0,0.0,1.0,1.0,12240,1224,1224,1224.0,0.0,1224.0,0.0038110017776489,10,0.0,0.0
20.0,6,64.0,2020.183026683364,0.0,0.0,1.0,0.0,0.0,0.0,0.0,0,0,0,10,0,0.0049500465393066,0.0,1.0,0.0,0.0,0.0,0.0,0.0,1.0,0.0,0.0,0.0,0.0,0.0,1.0,1.0,12260,1226,1226,1226.0,0.0,1226.0,0.0005033016204833,10,0.0,0.0
20.0,6,64.0,479.9853520095212,0.0,0.0,1.0,0.0,0.0,0.0,0.0,0,0,0,10,0,0.0208339691162109,0.0,1.0,0.0,0.0,0.0,0.0,0.0,1.0,0.0,0.0,0.0,0.0,0.0,1.0,1.0,660,66,66,66.0,0.0,66.0,0.0050997018814086,10,0.0,0.0
20.0,6,64.0,75166.73835125448,0.0,0.0,1.0,0.0,0.0,0.0,0.0,0,0,0,10,0,0.0001330375671386,0.0,1.0,0.0,0.0,0.0,0.0,0.0,1.0,0.0,0.0,0.0,0.0,0.0,1.0,1.0,680,68,68,68.0,0.0,68.0,1.4805793762207032e-05,10,0.0,0.0
20.0,6,64.0,431.5926817723447,0.0,0.0,0.6,0.4,0.4,0.0,0.0,4,0,0,6,0,0.023169994354248,0.0,1.0,0.0,0.0,0.0,0.0,0.0,1.0,0.0,0.0,0.0,0.0,0.0,1.0,1.0,600,54,64,60.0,5.163977794943222,60.0,0.0055741071701049,10,0.928861627994548,25.0
20.0,6,64.0,2694.0098914509604,0.0,0.0,0.5,0.5,0.5,0.0,0.0,5,0,0,5,0,0.0037119388580322,0.0,1.0,0.0,0.0,0.0,0.0,0.0,1.0,0.0,0.0,0.0,0.0,0.0,1.0,1.0,592,54,66,59.2,5.513619500836088,59.2,0.0004957914352416,10,0.9290040580398606,27.360000000000003
20.0,6,64.0,2066.9741770155724,0.0,0.0,0.5,0.5,0.5,0.0,0.0,5,0,0,5,0,0.0048379898071289,0.0,1.0,0.0,0.0,0.0,0.0,0.0,1.0,0.0,0.0,0.0,0.0,0.0,1.0,1.0,612,54,66,61.2,6.196773353931867,61.2,0.0005858898162841,10,0.9292823475934576,35.55555555555556
20.0,6,64.0,556.1114794091909,0.0,0.0,0.7,0.3,0.3,0.0,0.0,3,0,0,7,0,0.017982006072998,0.0,1.0,0.0,0.0,0.0,0.0,0.0,1.0,0.0,0.0,0.0,0.0,0.0,1.0,1.0,612,54,66,61.2,6.196773353931867,61.2,0.0018020153045654,10,0.9292823475934576,36.0
20.0,6,64.0,603.4709293124038,0.0,0.0,0.7,0.3,0.3,0.0,0.0,3,0,0,7,0,0.0165708065032959,0.0,1.0,0.0,0.0,0.0,0.0,0.0,1.0,0.0,0.0,0.0,0.0,0.0,1.0,1.0,624,54,66,62.4,5.796550698475776,62.4,0.0019940853118896,10,0.9291193128925312,36.0
20.0,6,64.0,5181.35145151328,0.0,0.0,0.7,0.3,0.3,0.0,0.0,3,0,0,7,0,0.0019299983978271,0.0,1.0,0.0,0.0,0.0,0.0,0.0,1.0,0.0,0.0,0.0,0.0,0.0,1.0,1.0,638,54,68,63.8,6.762642481555072,63.8,0.0001946210861206,10,0.9295128600412864,49.0
20.0,6,64.0,289.33617543787034,0.0,0.0,0.8,0.2,0.2,0.0,0.0,2,0,0,8,0,0.0345618724822998,0.0,1.0,0.0,0.0,0.0,0.0,0.0,1.0,0.0,0.0,0.0,0.0,0.0,1.0,1.0,942,54,126,94.2,33.907717902172855,94.2,0.0035122871398925,10,0.9405706779646292,1034.76
20.0,6,64.0,638.0042895605482,0.0,0.0,0.6,0.4,0.4,0.0,0.0,4,0,0,6,0,0.0156738758087158,0.0,1.0,0.0,0.0,0.0,0.0,0.0,1.0,0.0,0.0,0.0,0.0,0.0,1.0,1.0,974,54,128,97.4,37.35773012376421,97.4,0.0016614913940429,10,0.9419760749432166,1296.0
20.0,6,64.0,2510.6572488926136,0.0,0.0,0.6,0.4,0.4,0.0,0.0,4,0,0,6,0,0.0039830207824707,0.0,1.0,0.0,0.0,0.0,0.0,0.0,1.0,0.0,0.0,0.0,0.0,0.0,1.0,1.0,984,54,128,98.4,38.21343568257985,98.4,0.0004711151123046,10,0.9423246551596556,1369.0
20.0,6,64.0,372.39669714996006,0.0,0.0,0.7,0.3,0.3,0.0,0.0,3,0,0,7,0,0.0268530845642089,0.0,1.0,0.0,0.0,0.0,0.0,0.0,1.0,0.0,0.0,0.0,0.0,0.0,1.0,1.0,814,54,128,81.4,32.65373893854526,81.4,0.0028059959411621,10,0.940059857094006,1369.0
20.0,6,64.0,1610.8395422075428,0.0,0.0,0.6,0.4,0.4,0.0,0.0,4,0,0,6,0,0.0062079429626464,0.0,1.0,0.0,0.0,0.0,0.0,0.0,1.0,0.0,0.0,0.0,0.0,0.0,1.0,1.0,618,54,67,61.8,6.713171133426189,61.8,0.0007200002670288,10,0.9294927073929125,42.25
20.0,6,64.0,1287.4651605377862,0.0,0.0,0.7,0.3,0.3,0.0,0.0,3,0,0,7,0,0.0077672004699707,0.0,1.0,0.0,0.0,0.0,0.0,0.0,1.0,0.0,0.0,0.0,0.0,0.0,1.0,1.0,645,54,69,64.5,7.245688373094719,64.5,0.0008593082427978,10,0.9297096336156638,54.0
20.0,6,64.0,222.0348009295776,0.0,0.0,0.6,0.4,0.4,0.0,0.0,4,0,0,6,0,0.0450379848480224,0.0,1.0,0.0,0.0,0.0,0.0,0.0,1.0,0.0,0.0,0.0,0.0,0.0,1.0,1.0,639,54,72,63.9,8.608135686662937,63.9,0.0047358989715576,10,0.930264640153319,66.69000000000001
20.0,6,64.0,2165.025551024622,0.0,0.0,0.5,0.5,0.5,0.0,0.0,5,0,0,5,0,0.0046188831329345,0.0,1.0,0.0,0.0,0.0,0.0,0.0,1.0,0.0,0.0,0.0,0.0,0.0,1.0,1.0,630,54,72,63.0,9.486832980505138,63.0,0.0011581897735595,10,0.9306225862829386,81.0
20.0,6,64.0,1556.154787964234,0.0,0.0,0.5,0.5,0.5,0.0,0.0,5,0,0,5,0,0.0064260959625244,0.0,1.0,0.0,0.0,0.0,0.0,0.0,1.0,0.0,0.0,0.0,0.0,0.0,1.0,1.0,656,54,74,65.6,10.01332445627658,65.6,0.0007426023483276,10,0.9308370578505089,91.55555555555556
20.0,6,64.0,2002.054415274463,0.0,0.0,0.6,0.4,0.4,0.0,0.0,4,0,0,6,0,0.0049948692321777,0.0,1.0,0.0,0.0,0.0,0.0,0.0,1.0,0.0,0.0,0.0,0.0,0.0,1.0,1.0,640,54,74,64.0,10.540925533894598,64.0,0.0005029916763305,10,0.9310519814254872,100.0
20.0,6,64.0,324.71947169168595,0.0,0.0,0.9,0.1,0.1,0.0,0.0,1,0,0,9,0,0.0307958126068115,0.0,1.0,0.0,0.0,0.0,0.0,0.0,1.0,0.0,0.0,0.0,0.0,0.0,1.0,1.0,9920,54,1224,992.0,489.1216617570725,992.0,0.0030833005905151,10,1.0,330625.0
20.0,6,64.0,9822.72599531616,0.0,0.0,0.8,0.2,0.2,0.0,0.0,2,0,0,8,0,0.0010180473327636,0.0,1.0,0.0,0.0,0.0,0.0,0.0,1.0,0.0,0.0,0.0,0.0,0.0,1.0,1.0,11077,54,1225,1107.7,370.23267458901216,1107.7,0.0001034021377563,10,1.0,342225.0
20.0,6,64.0,250.765514767428,0.0,0.0,0.7,0.3,0.3,0.0,0.0,3,0,0,7,0,0.0398778915405273,0.0,1.0,0.0,0.0,0.0,0.0,0.0,1.0,0.0,0.0,0.0,0.0,0.0,1.0,1.0,4104,54,1225,410.4,562.176366158047,410.4,0.0039906978607177,10,1.0,342810.25
20.0,6,64.0,1426.973769264791,0.0,0.0,0.5,0.5,0.5,0.0,0.0,5,0,0,5,0,0.0070078372955322,0.0,1.0,0.0,0.0,0.0,0.0,0.0,1.0,0.0,0.0,0.0,0.0,0.0,1.0,1.0,625,54,71,62.5,8.959786703810408,62.5,0.0008929014205932,10,0.9304078887116642,72.25
20.0,6,64.0,1110.367977974268,0.0,0.0,0.5,0.5,0.5,0.0,0.0,5,0,0,5,0,0.0090060234069824,0.0,1.0,0.0,0.0,0.0,0.0,0.0,1.0,0.0,0.0,0.0,0.0,0.0,1.0,1.0,631,54,73,63.1,9.620002310002032,63.1,0.0010120153427124,10,0.9306768341410024,83.29
20.0,6,64.0,2081.127319638781,0.0,0.0,0.5,0.5,0.5,0.0,0.0,5,0,0,5,0,0.0048050880432128,0.0,1.0,0.0,0.0,0.0,0.0,0.0,1.0,0.0,0.0,0.0,0.0,0.0,1.0,1.0,654,54,73,65.4,9.811557810392122,65.4,0.0005877017974853,10,0.9307548661896412,90.25
20.0,6,64.0,396.8759403120653,0.0,0.0,0.7,0.3,0.3,0.0,0.0,3,0,0,7,0,0.0251967906951904,0.0,1.0,0.0,0.0,0.0,0.0,0.0,1.0,0.0,0.0,0.0,0.0,0.0,1.0,1.0,609,54,73,60.9,6.539622822966678,60.9,0.0025232791900634,10,0.9294220107531636,90.25
20.0,6,64.0,676.1843653774847,0.0,0.0,0.6,0.4,0.4,0.0,0.0,4,0,0,6,0,0.0147888660430908,0.0,1.0,0.0,0.0,0.0,0.0,0.0,1.0,0.0,0.0,0.0,0.0,0.0,1.0,1.0,602,54,66,60.2,5.370702416299421,60.2,0.0016813039779663,10,0.9289458393363036,25.96
20.0,6,64.0,3577.841849355967,0.0,0.0,0.5,0.5,0.5,0.0,0.0,5,0,0,5,0,0.0027949810028076,0.0,1.0,0.0,0.0,0.0,0.0,0.0,1.0,0.0,0.0,0.0,0.0,0.0,1.0,1.0,612,54,66,61.2,6.196773353931867,61.2,0.0003613948822021,10,0.9292823475934576,36.0
20.0,6,64.0,311.27484303801225,0.0,0.0,0.6,0.4,0.4,0.0,0.0,4,0,0,6,0,0.0321259498596191,0.0,1.0,0.0,0.0,0.0,0.0,0.0,1.0,0.0,0.0,0.0,0.0,0.0,1.0,1.0,612,54,66,61.2,6.196773353931867,61.2,0.0032163143157958,10,0.9292823475934576,36.0
20.0,6,64.0,1115.3284050417487,0.0,0.0,0.7,0.3,0.3,0.0,0.0,3,0,0,7,0,0.0089659690856933,0.0,1.0,0.0,0.0,0.0,0.0,0.0,1.0,0.0,0.0,0.0,0.0,0.0,1.0,1.0,624,54,66,62.4,5.796550698475776,62.4,0.0009001970291137,10,0.9291193128925312,36.0
20.0,6,64.0,866.0191608853651,0.0,0.0,0.7,0.3,0.3,0.0,0.0,3,0,0,7,0,0.0115470886230468,0.0,1.0,0.0,0.0,0.0,0.0,0.0,1.0,0.0,0.0,0.0,0.0,0.0,1.0,1.0,624,54,68,62.4,7.229568912920511,62.4,0.0011584997177124,10,0.9297030671923672,49.0
20.0,6,64.0,364.4970496476089,0.0,0.0,0.6,0.4,0.4,0.0,0.0,4,0,0,6,0,0.0274350643157959,0.0,1.0,0.0,0.0,0.0,0.0,0.0,1.0,0.0,0.0,0.0,0.0,0.0,1.0,1.0,626,54,68,62.6,6.186005711819758,62.6,0.0027529001235961,10,0.9292779612867668,43.55555555555557
20.0,6,64.0,1255.629265956173,0.0,0.0,0.5,0.5,0.5,0.0,0.0,5,0,0,5,0,0.0079641342163085,0.0,1.0,0.0,0.0,0.0,0.0,0.0,1.0,0.0,0.0,0.0,0.0,0.0,1.0,1.0,590,54,64,59.0,5.270462766947299,59.0,0.0007980108261108,10,0.9289050057127436,25.0
20.0,6,64.0,439.6775512343414,0.0,0.0,0.5,0.5,0.5,0.0,0.0,5,0,0,5,0,0.0227439403533935,0.0,1.0,0.0,0.0,0.0,0.0,0.0,1.0,0.0,0.0,0.0,0.0,0.0,1.0,1.0,596,54,66,59.6,5.94792213951879,59.6,0.0023897886276245,10,0.9291809755627544,31.84
20.0,6,64.0,1975.463451394122,0.0,0.0,0.5,0.5,0.5,0.0,0.0,5,0,0,5,0,0.0050621032714843,0.0,1.0,0.0,0.0,0.0,0.0,0.0,1.0,0.0,0.0,0.0,0.0,0.0,1.0,1.0,600,54,66,60.0,6.324555320336759,60.0,0.0005125045776367,10,0.9293344008552924,36.0
20.0,6,64.0,360.9058993598128,0.0,0.0,0.5,0.5,0.5,0.0,0.0,5,0,0,5,0,0.0277080535888671,0.0,1.0,0.0,0.0,0.0,0.0,0.0,1.0,0.0,0.0,0.0,0.0,0.0,1.0,1.0,594,54,66,59.4,5.738757124441959,59.4,0.0027745008468627,10,0.9290957701022128,36.0
20.0,6,64.0,3560.227484933367,0.0,0.0,0.5,0.5,0.5,0.0,0.0,5,0,0,5,0,0.0028088092803955,0.0,1.0,0.0,0.0,0.0,0.0,0.0,1.0,0.0,0.0,0.0,0.0,0.0,1.0,1.0,590,54,64,59.0,5.270462766947299,59.0,0.0002843856811523,10,0.9289050057127436,25.0
20.0,6,64.0,3090.409666961391,0.0,0.0,0.5,0.5,0.5,0.0,0.0,5,0,0,5,0,0.0032358169555664,0.0,1.0,0.0,0.0,0.0,0.0,0.0,1.0,0.0,0.0,0.0,0.0,0.0,1.0,1.0,596,54,66,59.6,5.94792213951879,59.6,0.0003252983093261,10,0.9291809755627544,31.84
20.0,6,64.0,875.3451874113031,0.0,0.0,0.5,0.5,0.5,0.0,0.0,5,0,0,5,0,0.0114240646362304,0.0,1.0,0.0,0.0,0.0,0.0,0.0,1.0,0.0,0.0,0.0,0.0,0.0,1.0,1.0,600,54,66,60.0,6.324555320336759,60.0,0.0011462211608886,10,0.9293344008552924,36.0
20.0,6,64.0,411.2022431152636,0.0,0.0,0.6,0.4,0.4,0.0,0.0,4,0,0,6,0,0.0243189334869384,0.0,1.0,0.0,0.0,0.0,0.0,0.0,1.0,0.0,0.0,0.0,0.0,0.0,1.0,1.0,600,54,66,60.0,6.324555320336759,60.0,0.0024351835250854,10,0.9293344008552924,36.0
20.0,6,64.0,440.7401880943624,0.0,0.0,0.6,0.4,0.4,0.0,0.0,4,0,0,6,0,0.0226891040802001,0.0,1.0,0.0,0.0,0.0,0.0,0.0,1.0,0.0,0.0,0.0,0.0,0.0,1.0,1.0,612,54,66,61.2,6.196773353931867,61.2,0.0023553133010864,10,0.9292823475934576,34.56
20.0,6,64.0,1541.116990005879,0.0,0.0,0.7,0.3,0.3,0.0,0.0,3,0,0,7,0,0.0064888000488281,0.0,1.0,0.0,0.0,0.0,0.0,0.0,1.0,0.0,0.0,0.0,0.0,0.0,1.0,1.0,636,54,68,63.6,6.65331997326648,63.6,0.0007311820983886,10,0.92946832642431,43.75
20.0,6,64.0,443.69614200632594,0.0,0.0,0.8,0.2,0.2,0.0,0.0,2,0,0,8,0,0.0225379467010498,0.0,1.0,0.0,0.0,0.0,0.0,0.0,1.0,0.0,0.0,0.0,0.0,0.0,1.0,1.0,644,54,68,64.4,5.561774297230457,64.4,0.0022577047348022,10,0.9290236743777198,49.0
20.0,6,64.0,1099.972201096221,0.0,0.0,1.0,0.0,0.0,0.0,0.0,0,0,0,10,0,0.0090911388397216,0.0,1.0,0.0,0.0,0.0,0.0,0.0,1.0,0.0,0.0,0.0,0.0,0.0,1.0,1.0,668,66,68,66.8,1.0327955589886444,66.8,0.0009123086929321,10,0.9067291895989096,0.96
20.0,6,64.0,254.36827965140608,0.0,0.0,0.8,0.2,0.2,0.0,0.0,2,0,0,8,0,0.0393130779266357,0.0,1.0,0.0,0.0,0.0,0.0,0.0,1.0,0.0,0.0,0.0,0.0,0.0,1.0,1.0,648,54,68,64.8,5.750362307426086,64.8,0.0043791055679321,10,0.9291004975895532,29.76
20.0,6,64.0,2386.653010128599,0.0,0.0,0.5,0.5,0.5,0.0,0.0,5,0,0,5,0,0.0041899681091308,0.0,1.0,0.0,0.0,0.0,0.0,0.0,1.0,0.0,0.0,0.0,0.0,0.0,1.0,1.0,600,54,66,60.0,6.324555320336759,60.0,0.0004202842712402,10,0.9293344008552924,36.0
20.0,6,64.0,978.560029863282,0.0,0.0,0.5,0.5,0.5,0.0,0.0,5,0,0,5,0,0.0102190971374511,0.0,1.0,0.0,0.0,0.0,0.0,0.0,1.0,0.0,0.0,0.0,0.0,0.0,1.0,1.0,618,54,68,61.8,6.762642481555072,61.8,0.0011006116867065,10,0.9295128600412864,41.16
20.0,6,64.0,3772.195341307672,0.0,0.0,0.5,0.5,0.5,0.0,0.0,5,0,0,5,0,0.0026509761810302,0.0,1.0,0.0,0.0,0.0,0.0,0.0,1.0,0.0,0.0,0.0,0.0,0.0,1.0,1.0,610,54,68,61.0,7.378647873726218,61.0,0.0002676963806152,10,0.9297637959978412,49.0
20.0,6,64.0,274.75526674352795,0.0,0.0,0.8,0.2,0.2,0.0,0.0,2,0,0,8,0,0.0363960266113281,0.0,1.0,0.0,0.0,0.0,0.0,0.0,1.0,0.0,0.0,0.0,0.0,0.0,1.0,1.0,628,54,68,62.8,6.124631508189787,62.8,0.0036412954330444,10,0.9292529598911762,49.0
20.0,6,64.0,1099.8568244394912,0.0,0.0,1.0,0.0,0.0,0.0,0.0,0,0,0,10,0,0.009092092514038,0.0,1.0,0.0,0.0,0.0,0.0,0.0,1.0,0.0,0.0,0.0,0.0,0.0,1.0,1.0,670,66,68,67.0,1.0540925533894598,67.0,0.0009107112884521,10,0.9067378651425488,1.0
20.0,6,64.0,212.15605541757924,0.0,0.0,1.0,0.0,0.0,0.0,0.0,0,0,0,10,0,0.0471351146697998,0.0,1.0,0.0,0.0,0.0,0.0,0.0,1.0,0.0,0.0,0.0,0.0,0.0,1.0,1.0,660,64,68,66.0,2.10818510677892,66.0,0.0047158002853393,10,0.9105755202850976,4.0
20.0,6,64.0,1700.0948482023427,0.0,0.0,1.0,0.0,0.0,0.0,0.0,0,0,0,10,0,0.0058820247650146,0.0,1.0,0.0,0.0,0.0,0.0,0.0,1.0,0.0,0.0,0.0,0.0,0.0,1.0,1.0,650,64,66,65.0,1.0540925533894598,65.0,0.0005911827087402,10,0.9101461251425488,1.0
20.0,6,64.0,228.9317293627055,0.0,0.0,1.0,0.0,0.0,0.0,0.0,0,0,0,10,0,0.0436811447143554,0.0,1.0,0.0,0.0,0.0,0.0,0.0,1.0,0.0,0.0,0.0,0.0,0.0,1.0,1.0,660,66,66,66.0,0.0,66.0,0.0043691158294677,10,0.0,0.0
20.0,6,64.0,11323.714902807777,0.0,0.0,0.8,0.2,0.2,0.0,0.0,2,0,0,8,0,0.0008831024169921,0.0,1.0,0.0,0.0,0.0,0.0,0.0,1.0,0.0,0.0,0.0,0.0,0.0,1.0,1.0,642,54,68,64.2,5.4528280124476085,64.2,8.919239044189454e-05,10,0.9289792940191508,32.0
20.0,6,64.0,274.6814934150638,0.0,0.0,0.8,0.2,0.2,0.0,0.0,2,0,0,8,0,0.0364058017730712,0.0,1.0,0.0,0.0,0.0,0.0,0.0,1.0,0.0,0.0,0.0,0.0,0.0,1.0,1.0,650,54,68,65.0,5.830951894845301,65.0,0.0038693904876708,10,0.929133326563884,49.0
20.0,6,64.0,933.7898791103592,0.0,0.0,0.5,0.5,0.5,0.0,0.0,5,0,0,5,0,0.0107090473175048,0.0,1.0,0.0,0.0,0.0,0.0,0.0,1.0,0.0,0.0,0.0,0.0,0.0,1.0,1.0,612,54,66,61.2,6.196773353931867,61.2,0.0022988080978393,10,0.9292823475934576,36.0
20.0,6,64.0,1598.1953970431337,0.0,0.0,0.6,0.4,0.4,0.0,0.0,4,0,0,6,0,0.0062570571899414,0.0,1.0,0.0,0.0,0.0,0.0,0.0,1.0,0.0,0.0,0.0,0.0,0.0,1.0,1.0,604,54,68,60.4,6.785605679999719,60.4,0.0006294012069702,10,0.9295222143298046,41.44
20.0,6,64.0,3040.452337803552,0.0,0.0,0.5,0.5,0.5,0.0,0.0,5,0,0,5,0,0.003288984298706,0.0,1.0,0.0,0.0,0.0,0.0,0.0,1.0,0.0,0.0,0.0,0.0,0.0,1.0,1.0,610,54,68,61.0,7.378647873726218,61.0,0.0004333972930908,10,0.9297637959978412,49.0
20.0,6,64.0,388.2895760044436,0.0,0.0,0.8,0.2,0.2,0.0,0.0,2,0,0,8,0,0.0257539749145507,0.0,1.0,0.0,0.0,0.0,0.0,0.0,1.0,0.0,0.0,0.0,0.0,0.0,1.0,1.0,2767,54,491,276.7,225.94987153004632,276.7,0.0026762008666992,10,1.0,45948.01
20.0,6,64.0,691.798314338023,0.0,0.0,1.0,0.0,0.0,0.0,0.0,0,0,0,10,0,0.0144550800323486,0.0,1.0,0.0,0.0,0.0,0.0,0.0,1.0,0.0,0.0,0.0,0.0,0.0,1.0,1.0,4920,491,493,492.0,1.0540925533894598,492.0,0.0014464139938354,10,0.1824826151425487,1.0
20.0,6,64.0,171.49146693488376,0.0,0.0,0.7,0.3,0.3,0.0,0.0,3,0,0,7,0,0.0583119392395019,0.0,1.0,0.0,0.0,0.0,0.0,0.0,1.0,0.0,0.0,0.0,0.0,0.0,1.0,1.0,2771,54,493,277.1,227.6207615994444,277.1,0.005833888053894,10,1.0,46630.09
20.0,6,64.0,2085.4733492442324,0.0,0.0,0.5,0.5,0.5,0.0,0.0,5,0,0,5,0,0.0047950744628906,0.0,1.0,0.0,0.0,0.0,0.0,0.0,1.0,0.0,0.0,0.0,0.0,0.0,1.0,1.0,600,54,66,60.0,6.324555320336759,60.0,0.0004832029342651,10,0.9293344008552924,36.0
20.0,6,64.0,1563.46367465613,0.0,0.0,0.5,0.5,0.5,0.0,0.0,5,0,0,5,0,0.0063960552215576,0.0,1.0,0.0,0.0,0.0,0.0,0.0,1.0,0.0,0.0,0.0,0.0,0.0,1.0,1.0,606,54,68,60.6,6.995236474439826,60.6,0.0006433010101318,10,0.9296076095302278,44.04
20.0,6,64.0,1999.1916110581503,0.0,0.0,0.6,0.4,0.4,0.0,0.0,4,0,0,6,0,0.0050020217895507,0.0,1.0,0.0,0.0,0.0,0.0,0.0,1.0,0.0,0.0,0.0,0.0,0.0,1.0,1.0,610,54,68,61.0,7.378647873726218,61.0,0.0005038976669311,10,0.9297637959978412,49.0
20.0,6,64.0,486.1664715496158,0.0,0.0,0.5,0.5,0.5,0.0,0.0,5,0,0,5,0,0.0205690860748291,0.0,1.0,0.0,0.0,0.0,0.0,0.0,1.0,0.0,0.0,0.0,0.0,0.0,1.0,1.0,598,54,68,59.8,6.285786435372356,59.8,0.0021615982055664,10,0.9293186079623132,49.0
20.0,6,64.0,2915.545669400806,0.0,0.0,0.5,0.5,0.5,0.0,0.0,5,0,0,5,0,0.003429889678955,0.0,1.0,0.0,0.0,0.0,0.0,0.0,1.0,0.0,0.0,0.0,0.0,0.0,1.0,1.0,590,54,64,59.0,5.270462766947299,59.0,0.0004333019256591,10,0.9289050057127436,25.0
20.0,6,64.0,3213.287366888838,0.0,0.0,0.5,0.5,0.5,0.0,0.0,5,0,0,5,0,0.0031120777130126,0.0,1.0,0.0,0.0,0.0,0.0,0.0,1.0,0.0,0.0,0.0,0.0,0.0,1.0,1.0,608,54,66,60.8,5.902918298980975,60.8,0.0004055023193359,10,0.9291626427982728,31.50617283950617
20.0,6,64.0,3140.8596675153512,0.0,0.0,0.6,0.4,0.4,0.0,0.0,4,0,0,6,0,0.0031838417053222,0.0,1.0,0.0,0.0,0.0,0.0,0.0,1.0,0.0,0.0,0.0,0.0,0.0,1.0,1.0,600,54,66,60.0,6.324555320336759,60.0,0.0003212928771972,10,0.9293344008552924,36.0
20.0,6,64.0,199.6289474310464,0.0,0.0,0.5,0.5,0.5,0.0,0.0,5,0,0,5,0,0.0500929355621337,0.0,1.0,0.0,0.0,0.0,0.0,0.0,1.0,0.0,0.0,0.0,0.0,0.0,1.0,1.0,602,54,66,60.2,5.370702416299421,60.2,0.0050692081451416,10,0.9289458393363036,27.84
20.0,6,64.0,1729.1820580474937,0.0,0.0,0.5,0.5,0.5,0.0,0.0,5,0,0,5,0,0.0057830810546875,0.0,1.0,0.0,0.0,0.0,0.0,0.0,1.0,0.0,0.0,0.0,0.0,0.0,1.0,1.0,590,54,64,59.0,5.270462766947299,59.0,0.0005831956863403,10,0.9289050057127436,25.0
20.0,6,64.0,1688.6641436508576,0.0,0.0,0.5,0.5,0.5,0.0,0.0,5,0,0,5,0,0.0059218406677246,0.0,1.0,0.0,0.0,0.0,0.0,0.0,1.0,0.0,0.0,0.0,0.0,0.0,1.0,1.0,600,54,66,60.0,6.324555320336759,60.0,0.0005955934524536,10,0.9293344008552924,36.0
20.0,6,64.0,1689.7526387881717,0.0,0.0,0.5,0.5,0.5,0.0,0.0,5,0,0,5,0,0.0059180259704589,0.0,1.0,0.0,0.0,0.0,0.0,0.0,1.0,0.0,0.0,0.0,0.0,0.0,1.0,1.0,600,54,66,60.0,6.324555320336759,60.0,0.0005957126617431,10,0.9293344008552924,36.0
20.0,6,64.0,371.2364801472801,0.0,0.0,0.7,0.3,0.3,0.0,0.0,3,0,0,7,0,0.0269370079040527,0.0,1.0,0.0,0.0,0.0,0.0,0.0,1.0,0.0,0.0,0.0,0.0,0.0,1.0,1.0,610,54,64,61.0,4.83045891539648,61.0,0.0026975870132446,10,0.928725765743776,25.0
20.0,6,64.0,2286.8458644566817,0.0,0.0,0.7,0.3,0.3,0.0,0.0,3,0,0,7,0,0.0043728351593017,0.0,1.0,0.0,0.0,0.0,0.0,0.0,1.0,0.0,0.0,0.0,0.0,0.0,1.0,1.0,618,54,66,61.8,5.452828012447608,61.8,0.0004395008087158,10,0.9289792940191508,27.9375
20.0,6,64.0,3732.583429741034,0.0,0.0,0.7,0.3,0.3,0.0,0.0,3,0,0,7,0,0.0026791095733642,0.0,1.0,0.0,0.0,0.0,0.0,0.0,1.0,0.0,0.0,0.0,0.0,0.0,1.0,1.0,612,54,66,61.2,6.196773353931867,61.2,0.0002695083618164,10,0.9292823475934576,36.0
20.0,6,64.0,711.7434244018327,0.0,0.0,0.7,0.3,0.3,0.0,0.0,3,0,0,7,0,0.014050006866455,0.0,1.0,0.0,0.0,0.0,0.0,0.0,1.0,0.0,0.0,0.0,0.0,0.0,1.0,1.0,610,54,64,61.0,4.83045891539648,61.0,0.0040863990783691,10,0.928725765743776,25.0
20.0,6,64.0,2607.587193036991,0.0,0.0,0.6,0.4,0.4,0.0,0.0,4,0,0,6,0,0.0038349628448486,0.0,1.0,0.0,0.0,0.0,0.0,0.0,1.0,0.0,0.0,0.0,0.0,0.0,1.0,1.0,618,54,66,61.8,5.452828012447608,61.8,0.000386095046997,10,0.9289792940191508,27.9375
20.0,6,64.0,294.31646901971794,0.0,0.0,0.7,0.3,0.3,0.0,0.0,3,0,0,7,0,0.0339770317077636,0.0,1.0,0.0,0.0,0.0,0.0,0.0,1.0,0.0,0.0,0.0,0.0,0.0,1.0,1.0,1964,54,1406,196.4,425.04776202210496,196.4,0.0033998012542724,10,1.0,162599.03999999998
20.0,6,64.0,1059.890329264903,0.0,0.0,0.6,0.4,0.4,0.0,0.0,4,0,0,6,0,0.0094349384307861,0.0,1.0,0.0,0.0,0.0,0.0,0.0,1.0,0.0,0.0,0.0,0.0,0.0,1.0,1.0,7300,54,1406,730.0,712.5665660912748,730.0,0.0009491920471191,10,1.0,456976.0
20.0,6,64.0,815.933080439646,0.0,0.0,0.5,0.5,0.5,0.0,0.0,5,0,0,5,0,0.0122559070587158,0.0,1.0,0.0,0.0,0.0,0.0,0.0,1.0,0.0,0.0,0.0,0.0,0.0,1.0,1.0,7300,54,1406,730.0,712.5665660912748,730.0,0.0013103008270263,10,1.0,456976.0
20.0,6,64.0,2798.628144391806,0.0,0.0,0.5,0.5,0.5,0.0,0.0,5,0,0,5,0,0.0035731792449951,0.0,1.0,0.0,0.0,0.0,0.0,0.0,1.0,0.0,0.0,0.0,0.0,0.0,1.0,1.0,7300,54,1406,730.0,712.5665660912748,730.0,0.0004391193389892,10,1.0,456976.0
20.0,6,64.0,370.3841330954946,0.0,0.0,0.6,0.4,0.4,0.0,0.0,4,0,0,6,0,0.0269989967346191,0.0,1.0,0.0,0.0,0.0,0.0,0.0,1.0,0.0,0.0,0.0,0.0,0.0,1.0,1.0,5968,54,1406,596.8,696.4591078368412,596.8,0.0028024911880493,10,1.0,456976.0
20.0,6,64.0,990.3905548996458,0.0,0.0,1.0,0.0,0.0,0.0,0.0,0,0,0,10,0,0.0100970268249511,0.0,1.0,0.0,0.0,0.0,0.0,0.0,1.0,0.0,0.0,0.0,0.0,0.0,1.0,1.0,644,64,66,64.4,0.8432740427115678,64.4,0.0014550924301147,10,0.0,0.64
20.0,6,64.0,305.6983761406373,0.0,0.0,0.9,0.1,0.1,0.0,0.0,1,0,0,9,0,0.0327119827270507,0.0,1.0,0.0,0.0,0.0,0.0,0.0,1.0,0.0,0.0,0.0,0.0,0.0,1.0,1.0,748,54,166,74.8,32.26556471947557,74.8,0.0032732009887695,10,0.9399017304441256,987.6543209876544
20.0,6,64.0,631.6722891566266,0.0,0.0,0.7,0.3,0.3,0.0,0.0,3,0,0,7,0,0.0158309936523437,0.0,1.0,0.0,0.0,0.0,0.0,0.0,1.0,0.0,0.0,0.0,0.0,0.0,1.0,1.0,1436,54,166,143.6,47.2233463918478,143.6,0.0018533945083618,10,0.9459949323861832,2168.098765432099
20.0,6,64.0,3321.168738617468,0.0,0.0,0.6,0.4,0.4,0.0,0.0,4,0,0,6,0,0.0030109882354736,0.0,1.0,0.0,0.0,0.0,0.0,0.0,1.0,0.0,0.0,0.0,0.0,0.0,1.0,1.0,1108,54,168,110.8,59.87542623369514,110.8,0.0003029108047485,10,0.951148883630558,3226.56
20.0,6,64.0,4814.398530762167,0.0,0.0,0.6,0.4,0.4,0.0,0.0,4,0,0,6,0,0.0020771026611328,0.0,1.0,0.0,0.0,0.0,0.0,0.0,1.0,0.0,0.0,0.0,0.0,0.0,1.0,1.0,1224,54,168,122.4,58.86934686235274,122.4,0.0002381086349487,10,0.950739047137848,3119.04
20.0,6,64.0,784.1432817962572,0.0,0.0,1.0,0.0,0.0,0.0,0.0,0,0,0,10,0,0.0127527713775634,0.0,1.0,0.0,0.0,0.0,0.0,0.0,1.0,0.0,0.0,0.0,0.0,0.0,1.0,1.0,640,64,64,64.0,0.0,64.0,0.0042447805404663,10,0.0,0.0
20.0,6,64.0,2296.738582849633,0.0,0.0,1.0,0.0,0.0,0.0,0.0,0,0,0,10,0,0.0043540000915527,0.0,1.0,0.0,0.0,0.0,0.0,0.0,1.0,0.0,0.0,0.0,0.0,0.0,1.0,1.0,660,66,66,66.0,0.0,66.0,0.0004368066787719,10,0.0,0.0
20.0,6,64.0,56527.00808625337,0.0,0.0,1.0,0.0,0.0,0.0,0.0,0,0,0,10,0,0.0001769065856933,0.0,1.0,0.0,0.0,0.0,0.0,0.0,1.0,0.0,0.0,0.0,0.0,0.0,1.0,1.0,640,64,64,64.0,0.0,64.0,0.0042675018310546,10,0.0,0.0
20.0,6,64.0,2991.4442621781614,0.0,0.0,1.0,0.0,0.0,0.0,0.0,0,0,0,10,0,0.003342866897583,0.0,1.0,0.0,0.0,0.0,0.0,0.0,1.0,0.0,0.0,0.0,0.0,0.0,1.0,1.0,660,66,66,66.0,0.0,66.0,0.0007128953933715,10,0.0,0.0
20.0,6,64.0,807.1712564709505,0.0,0.0,0.5,0.5,0.5,0.0,0.0,5,0,0,5,0,0.0123889446258544,0.0,1.0,0.0,0.0,0.0,0.0,0.0,1.0,0.0,0.0,0.0,0.0,0.0,1.0,1.0,600,54,64,60.0,5.163977794943222,60.0,0.0049381017684936,10,0.928861627994548,25.0
20.0,6,64.0,552.3981614402929,0.0,0.0,0.5,0.5,0.5,0.0,0.0,5,0,0,5,0,0.0181028842926025,0.0,1.0,0.0,0.0,0.0,0.0,0.0,1.0,0.0,0.0,0.0,0.0,0.0,1.0,1.0,592,54,66,59.2,5.513619500836088,59.2,0.0018141031265258,10,0.9290040580398606,27.360000000000003
20.0,6,64.0,1676.7155706576054,0.0,0.0,0.5,0.5,0.5,0.0,0.0,5,0,0,5,0,0.0059640407562255,0.0,1.0,0.0,0.0,0.0,0.0,0.0,1.0,0.0,0.0,0.0,0.0,0.0,1.0,1.0,600,54,66,60.0,6.324555320336759,60.0,0.0005985975265502,10,0.9293344008552924,36.0
20.0,6,64.0,663.7922357446943,0.0,0.0,0.6,0.4,0.4,0.0,0.0,4,0,0,6,0,0.0150649547576904,0.0,1.0,0.0,0.0,0.0,0.0,0.0,1.0,0.0,0.0,0.0,0.0,0.0,1.0,1.0,600,54,66,60.0,6.324555320336759,60.0,0.0015084981918334,10,0.9293344008552924,36.0
20.0,6,64.0,422.61693166475226,0.0,0.0,1.0,0.0,0.0,0.0,0.0,0,0,0,10,0,0.0236620903015136,0.0,1.0,0.0,0.0,0.0,0.0,0.0,1.0,0.0,0.0,0.0,0.0,0.0,1.0,1.0,662,66,68,66.2,0.6324555320336759,66.2,0.0027481079101562,10,0.0,0.36
20.0,6,64.0,448.68943826955785,0.0,0.0,1.0,0.0,0.0,0.0,0.0,0,0,0,10,0,0.0222871303558349,0.0,1.0,0.0,0.0,0.0,0.0,0.0,1.0,0.0,0.0,0.0,0.0,0.0,1.0,1.0,676,64,68,67.6,1.2649110640673518,67.6,0.0022300004959106,10,0.9102320041710584,1.44
20.0,6,64.0,547.4663568846019,0.0,0.0,1.0,0.0,0.0,0.0,0.0,0,0,0,10,0,0.018265962600708,0.0,1.0,0.0,0.0,0.0,0.0,0.0,1.0,0.0,0.0,0.0,0.0,0.0,1.0,1.0,642,64,66,64.2,0.6324555320336759,64.2,0.0022409915924072,10,0.0,0.36
20.0,6,64.0,305.77191972064065,0.0,0.0,0.9,0.1,0.1,0.0,0.0,1,0,0,9,0,0.0327041149139404,0.0,1.0,0.0,0.0,0.0,0.0,0.0,1.0,0.0,0.0,0.0,0.0,0.0,1.0,1.0,660,66,66,66.0,0.0,66.0,0.0032718181610107,10,0.0,0.0
20.0,6,64.0,436.3158223239364,0.0,0.0,0.5,0.5,0.5,0.0,0.0,5,0,0,5,0,0.0229191780090332,0.0,1.0,0.0,0.0,0.0,0.0,0.0,1.0,0.0,0.0,0.0,0.0,0.0,1.0,1.0,600,54,66,60.0,6.324555320336759,60.0,0.0022984981536865,10,0.9293344008552924,36.0
20.0,6,64.0,2038.7420405385697,0.0,0.0,0.6,0.4,0.4,0.0,0.0,4,0,0,6,0,0.0049049854278564,0.0,1.0,0.0,0.0,0.0,0.0,0.0,1.0,0.0,0.0,0.0,0.0,0.0,1.0,1.0,602,54,68,60.2,6.562519841239848,60.2,0.0004936933517456,10,0.9294313380825274,38.76
20.0,6,64.0,9880.574793875146,0.0,0.0,0.7,0.3,0.3,0.0,0.0,3,0,0,7,0,0.0010120868682861,0.0,1.0,0.0,0.0,0.0,0.0,0.0,1.0,0.0,0.0,0.0,0.0,0.0,1.0,1.0,638,54,68,63.8,6.762642481555071,63.8,0.0001569986343383,10,0.9295128600412864,41.16
20.0,6,64.0,261.1369904804597,0.0,0.0,0.5,0.5,0.5,0.0,0.0,5,0,0,5,0,0.0382940769195556,0.0,1.0,0.0,0.0,0.0,0.0,0.0,1.0,0.0,0.0,0.0,0.0,0.0,1.0,1.0,616,54,68,61.6,6.586180818788517,61.6,0.0038763999938964,10,0.9294409766183416,49.0
20.0,6,64.0,3389.88442576578,0.0,0.0,0.5,0.5,0.5,0.0,0.0,5,0,0,5,0,0.0029499530792236,0.0,1.0,0.0,0.0,0.0,0.0,0.0,1.0,0.0,0.0,0.0,0.0,0.0,1.0,1.0,600,54,66,60.0,6.324555320336759,60.0,0.0002997875213623,10,0.9293344008552924,36.0
20.0,6,64.0,5602.115667156404,0.0,0.0,0.6,0.4,0.4,0.0,0.0,4,0,0,6,0,0.0017850399017333,0.0,1.0,0.0,0.0,0.0,0.0,0.0,1.0,0.0,0.0,0.0,0.0,0.0,1.0,1.0,608,54,68,60.8,7.192588778272627,60.8,0.0001802206039428,10,0.9296880029647172,46.56
20.0,6,64.0,4395.623559002305,0.0,0.0,0.6,0.4,0.4,0.0,0.0,4,0,0,6,0,0.0022749900817871,0.0,1.0,0.0,0.0,0.0,0.0,0.0,1.0,0.0,0.0,0.0,0.0,0.0,1.0,1.0,624,54,68,62.4,7.229568912920511,62.4,0.000272798538208,10,0.9297030671923672,49.0
20.0,6,64.0,644.910435598198,0.0,0.0,0.5,0.5,0.5,0.0,0.0,5,0,0,5,0,0.0155060291290283,0.0,1.0,0.0,0.0,0.0,0.0,0.0,1.0,0.0,0.0,0.0,0.0,0.0,1.0,1.0,2352,54,356,235.2,155.95212940728533,235.2,0.0042564868927001,10,0.9902866894353518,22801.0
20.0,6,64.0,2313.205382748732,0.0,0.0,0.6,0.4,0.4,0.0,0.0,4,0,0,6,0,0.0043230056762695,0.0,1.0,0.0,0.0,0.0,0.0,0.0,1.0,0.0,0.0,0.0,0.0,0.0,1.0,1.0,2356,54,358,235.6,156.29829031552316,235.6,0.0004348039627075,10,0.9904277015429316,22801.0
20.0,6,64.0,4836.0475037472615,0.0,0.0,0.6,0.4,0.4,0.0,0.0,4,0,0,6,0,0.0020678043365478,0.0,1.0,0.0,0.0,0.0,0.0,0.0,1.0,0.0,0.0,0.0,0.0,0.0,1.0,1.0,2060,54,358,206.0,160.22206811519789,206.0,0.0002075910568237,10,0.9920260916674072,23104.0
20.0,6,64.0,282.5493617164606,0.0,0.0,0.5,0.5,0.5,0.0,0.0,5,0,0,5,0,0.0353920459747314,0.0,1.0,0.0,0.0,0.0,0.0,0.0,1.0,0.0,0.0,0.0,0.0,0.0,1.0,1.0,1488,54,358,148.8,144.45668324218624,148.8,0.0035893201828002,10,0.985603904485537,23104.0
20.0,6,64.0,477.87444457103794,0.0,0.0,0.5,0.5,0.5,0.0,0.0,5,0,0,5,0,0.0209259986877441,0.0,1.0,0.0,0.0,0.0,0.0,0.0,1.0,0.0,0.0,0.0,0.0,0.0,1.0,1.0,600,54,66,60.0,6.324555320336759,60.0,0.0021426916122436,10,0.9293344008552924,36.0
20.0,6,64.0,1802.1414453897053,0.0,0.0,0.6,0.4,0.4,0.0,0.0,4,0,0,6,0,0.0055489540100097,0.0,1.0,0.0,0.0,0.0,0.0,0.0,1.0,0.0,0.0,0.0,0.0,0.0,1.0,1.0,606,54,68,60.6,6.995236474439826,60.6,0.000558590888977,10,0.9296076095302278,44.04
20.0,6,64.0,2782.2912106135987,0.0,0.0,0.5,0.5,0.5,0.0,0.0,5,0,0,5,0,0.003594160079956,0.0,1.0,0.0,0.0,0.0,0.0,0.0,1.0,0.0,0.0,0.0,0.0,0.0,1.0,1.0,610,54,68,61.0,7.378647873726218,61.0,0.0004526138305664,10,0.9297637959978412,49.0
20.0,6,64.0,546.980868794095,0.0,0.0,0.8,0.2,0.2,0.0,0.0,2,0,0,8,0,0.0182821750640869,0.0,1.0,0.0,0.0,0.0,0.0,0.0,1.0,0.0,0.0,0.0,0.0,0.0,1.0,1.0,2314,54,345,231.4,146.73119792479184,231.4,0.0018887996673583,10,0.9865304507866433,20188.5
20.0,6,64.0,857.2575469577125,0.0,0.0,1.0,0.0,0.0,0.0,0.0,0,0,0,10,0,0.0116651058197021,0.0,1.0,0.0,0.0,0.0,0.0,0.0,1.0,0.0,0.0,0.0,0.0,0.0,1.0,1.0,3462,345,347,346.2,1.0327955589886444,346.2,0.0013818025588989,10,0.4312769195989096,1.0
20.0,6,64.0,231.39583252878447,0.0,0.0,0.8,0.2,0.2,0.0,0.0,2,0,0,8,0,0.0432159900665283,0.0,1.0,0.0,0.0,0.0,0.0,0.0,1.0,0.0,0.0,0.0,0.0,0.0,1.0,1.0,1760,54,347,176.0,147.2458262000432,176.0,0.0043231964111328,10,0.9867400897608496,20177.5
20.0,6,64.0,999.310016201277,0.0,0.0,1.0,0.0,0.0,0.0,0.0,0,0,0,10,0,0.0100069046020507,0.0,1.0,0.0,0.0,0.0,0.0,0.0,1.0,0.0,0.0,0.0,0.0,0.0,1.0,1.0,668,66,68,66.8,1.0327955589886444,66.8,0.0010033845901489,10,0.9067291895989096,0.96
20.0,6,64.0,256.35047917074127,0.0,0.0,0.6,0.4,0.4,0.0,0.0,4,0,0,6,0,0.0390090942382812,0.0,1.0,0.0,0.0,0.0,0.0,0.0,1.0,0.0,0.0,0.0,0.0,0.0,1.0,1.0,636,54,68,63.6,6.6533199732664805,63.6,0.0039059162139892,10,0.92946832642431,49.0
20.0,6,64.0,745.6540444444445,0.0,0.0,0.7,0.3,0.3,0.0,0.0,3,0,0,7,0,0.0134110450744628,0.0,1.0,0.0,0.0,0.0,0.0,0.0,1.0,0.0,0.0,0.0,0.0,0.0,1.0,1.0,612,54,66,61.2,6.196773353931867,61.2,0.0013480901718139,10,0.9292823475934576,36.0
20.0,6,64.0,4490.208757092389,0.0,0.0,0.7,0.3,0.3,0.0,0.0,3,0,0,7,0,0.0022270679473876,0.0,1.0,0.0,0.0,0.0,0.0,0.0,1.0,0.0,0.0,0.0,0.0,0.0,1.0,1.0,624,54,66,62.4,5.796550698475775,62.4,0.0002264022827148,10,0.9291193128925312,36.0
20.0,6,64.0,346.27325039008645,0.0,0.0,0.7,0.3,0.3,0.0,0.0,3,0,0,7,0,0.0288789272308349,0.0,1.0,0.0,0.0,0.0,0.0,0.0,1.0,0.0,0.0,0.0,0.0,0.0,1.0,1.0,624,54,66,62.4,5.796550698475775,62.4,0.0028913021087646,10,0.9291193128925312,36.0
20.0,6,64.0,804.3694384780607,0.0,0.0,1.0,0.0,0.0,0.0,0.0,0,0,0,10,0,0.0124320983886718,0.0,1.0,0.0,0.0,0.0,0.0,0.0,1.0,0.0,0.0,0.0,0.0,0.0,1.0,1.0,662,66,68,66.2,0.6324555320336759,66.2,0.0014667987823486,10,0.0,0.36
20.0,6,64.0,261.97208082196056,0.0,0.0,0.9,0.1,0.1,0.0,0.0,1,0,0,9,0,0.0381720066070556,0.0,1.0,0.0,0.0,0.0,0.0,0.0,1.0,0.0,0.0,0.0,0.0,0.0,1.0,1.0,678,66,68,67.8,0.6324555320336759,67.8,0.0038196086883544,10,0.0,0.36
20.0,6,64.0,453.9879638048232,0.0,0.0,0.6,0.4,0.4,0.0,0.0,4,0,0,6,0,0.0220270156860351,0.0,1.0,0.0,0.0,0.0,0.0,0.0,1.0,0.0,0.0,0.0,0.0,0.0,1.0,1.0,612,54,66,61.2,6.196773353931867,61.2,0.0022099018096923,10,0.9292823475934576,36.0
20.0,6,64.0,1692.34344738541,0.0,0.0,0.6,0.4,0.4,0.0,0.0,4,0,0,6,0,0.0059089660644531,0.0,1.0,0.0,0.0,0.0,0.0,0.0,1.0,0.0,0.0,0.0,0.0,0.0,1.0,1.0,618,54,68,61.8,6.762642481555071,61.8,0.0005951881408691,10,0.9295128600412864,41.16
20.0,6,64.0,1937.5913521504133,0.0,0.0,0.7,0.3,0.3,0.0,0.0,3,0,0,7,0,0.0051610469818115,0.0,1.0,0.0,0.0,0.0,0.0,0.0,1.0,0.0,0.0,0.0,0.0,0.0,1.0,1.0,624,54,68,62.4,7.229568912920511,62.4,0.0005180120468139,10,0.9297030671923672,49.0
20.0,6,64.0,222.20771790035812,0.0,0.0,0.5,0.5,0.5,0.0,0.0,5,0,0,5,0,0.0450029373168945,0.0,1.0,0.0,0.0,0.0,0.0,0.0,1.0,0.0,0.0,0.0,0.0,0.0,1.0,1.0,864,54,116,86.4,31.479093591355728,86.4,0.00450439453125,10,0.9395813535653746,891.8399999999999
20.0,6,64.0,1458.3303779423525,0.0,0.0,0.5,0.5,0.5,0.0,0.0,5,0,0,5,0,0.00685715675354,0.0,1.0,0.0,0.0,0.0,0.0,0.0,1.0,0.0,0.0,0.0,0.0,0.0,1.0,1.0,850,54,116,85.0,32.676869155073256,85.0,0.0006891012191772,10,0.9400692794190106,961.0
20.0,6,64.0,1713.4994689108587,0.0,0.0,0.6,0.4,0.4,0.0,0.0,4,0,0,6,0,0.005836009979248,0.0,1.0,0.0,0.0,0.0,0.0,0.0,1.0,0.0,0.0,0.0,0.0,0.0,1.0,1.0,860,54,118,86.0,33.730961708462715,86.0,0.0005872964859008,10,0.9404986745615592,1024.0
20.0,6,64.0,913.911186647492,0.0,0.0,0.6,0.4,0.4,0.0,0.0,4,0,0,6,0,0.0109419822692871,0.0,1.0,0.0,0.0,0.0,0.0,0.0,1.0,0.0,0.0,0.0,0.0,0.0,1.0,1.0,2030,54,1224,203.0,360.14966024942714,203.0,0.0012047052383422,10,1.0,116737.0
20.0,6,64.0,954.7481277457832,0.0,0.0,1.0,0.0,0.0,0.0,0.0,0,0,0,10,0,0.0104739665985107,0.0,1.0,0.0,0.0,0.0,0.0,0.0,1.0,0.0,0.0,0.0,0.0,0.0,1.0,1.0,12241,1224,1225,1224.1,0.3162277660168379,1224.1,0.0013037919998168,10,0.0,0.09
20.0,6,64.0,248.51600364985129,0.0,0.0,0.9,0.1,0.1,0.0,0.0,1,0,0,9,0,0.0402388572692871,0.0,1.0,0.0,0.0,0.0,0.0,0.0,1.0,0.0,0.0,0.0,0.0,0.0,1.0,1.0,11091,66,1225,1109.1,366.5079808135152,1109.1,0.0040273904800415,10,1.0,120895.29
20.0,6,64.0,536.7953312173646,0.0,0.0,0.6,0.4,0.4,0.0,0.0,4,0,0,6,0,0.0186290740966796,0.0,1.0,0.0,0.0,0.0,0.0,0.0,1.0,0.0,0.0,0.0,0.0,0.0,1.0,1.0,600,54,66,60.0,6.324555320336759,60.0,0.0018686056137084,10,0.9293344008552924,36.0
20.0,6,64.0,3070.275968084328,0.0,0.0,0.7,0.3,0.3,0.0,0.0,3,0,0,7,0,0.0032570362091064,0.0,1.0,0.0,0.0,0.0,0.0,0.0,1.0,0.0,0.0,0.0,0.0,0.0,1.0,1.0,644,54,68,64.4,5.561774297230456,64.4,0.0003298997879028,10,0.9290236743777198,32.0
20.0,6,64.0,1786.0262306251066,0.0,0.0,0.5,0.5,0.5,0.0,0.0,5,0,0,5,0,0.005599021911621,0.0,1.0,0.0,0.0,0.0,0.0,0.0,1.0,0.0,0.0,0.0,0.0,0.0,1.0,1.0,610,54,68,61.0,7.378647873726218,61.0,0.0005619049072265,10,0.9297637959978412,49.0
20.0,6,64.0,319.84626529911924,0.0,0.0,0.5,0.5,0.5,0.0,0.0,5,0,0,5,0,0.0312650203704834,0.0,1.0,0.0,0.0,0.0,0.0,0.0,1.0,0.0,0.0,0.0,0.0,0.0,1.0,1.0,970,54,158,97.0,52.672995400341954,97.0,0.003129506111145,10,0.9482149014062832,2497.0
20.0,6,64.0,1141.6800043551636,0.0,0.0,0.5,0.5,0.5,0.0,0.0,5,0,0,5,0,0.0087590217590332,0.0,1.0,0.0,0.0,0.0,0.0,0.0,1.0,0.0,0.0,0.0,0.0,0.0,1.0,1.0,1060,54,158,106.0,54.81281277625191,106.0,0.0008776903152465,10,0.949086577412534,2704.0
20.0,6,64.0,722.1224798994542,0.0,0.0,0.5,0.5,0.5,0.0,0.0,5,0,0,5,0,0.013848066329956,0.0,1.0,0.0,0.0,0.0,0.0,0.0,1.0,0.0,0.0,0.0,0.0,0.0,1.0,1.0,1068,54,160,106.8,55.659280947166,106.8,0.0013870000839233,10,0.9494313946866376,2788.16
20.0,6,64.0,1686.8983268983268,0.0,0.0,0.6,0.4,0.4,0.0,0.0,4,0,0,6,0,0.0059280395507812,0.0,1.0,0.0,0.0,0.0,0.0,0.0,1.0,0.0,0.0,0.0,0.0,0.0,1.0,1.0,1070,54,160,107.0,55.86690532964137,107.0,0.0005949974060058,10,0.9495159725550828,2809.0
20.0,6,64.0,328.8180186112875,0.0,0.0,0.9,0.1,0.1,0.0,0.0,1,0,0,9,0,0.030411958694458,0.0,1.0,0.0,0.0,0.0,0.0,0.0,1.0,0.0,0.0,0.0,0.0,0.0,1.0,1.0,870,54,160,87.0,27.117030319216987,87.0,0.0031527996063232,10,0.9378044234708364,2809.0
20.0,6,64.0,75166.73835125448,0.0,0.0,1.0,0.0,0.0,0.0,0.0,0,0,0,10,0,0.0001330375671386,0.0,1.0,0.0,0.0,0.0,0.0,0.0,1.0,0.0,0.0,0.0,0.0,0.0,1.0,1.0,836,82,84,83.6,0.8432740427115678,83.6,1.4805793762207032e-05,10,0.0,1.0
20.0,6,64.0,244.0038395532156,0.0,0.0,0.8,0.2,0.2,0.0,0.0,2,0,0,8,0,0.040982961654663,0.0,1.0,0.0,0.0,0.0,0.0,0.0,1.0,0.0,0.0,0.0,0.0,0.0,1.0,1.0,660,54,84,66.0,10.327955589886445,66.0,0.0040997982025146,10,0.930965225989096,200.0
20.0,6,64.0,878.3514826604121,0.0,0.0,1.0,0.0,0.0,0.0,0.0,0,0,0,10,0,0.0113849639892578,0.0,1.0,0.0,0.0,0.0,0.0,0.0,1.0,0.0,0.0,0.0,0.0,0.0,1.0,1.0,652,64,66,65.2,1.0327955589886444,65.2,0.0013082981109619,10,0.9101374495989096,1.0
20.0,6,64.0,182.5380259991209,0.0,0.0,1.0,0.0,0.0,0.0,0.0,0,0,0,10,0,0.0547831058502197,0.0,1.0,0.0,0.0,0.0,0.0,0.0,1.0,0.0,0.0,0.0,0.0,0.0,1.0,1.0,648,64,66,64.8,1.0327955589886444,64.8,0.0054805040359497,10,0.9101374495989096,1.0
20.0,6,64.0,70969.61082910321,0.0,0.0,1.0,0.0,0.0,0.0,0.0,0,0,0,10,0,0.000140905380249,0.0,1.0,0.0,0.0,0.0,0.0,0.0,1.0,0.0,0.0,0.0,0.0,0.0,1.0,1.0,652,64,66,65.2,1.0327955589886444,65.2,1.559257507324219e-05,10,0.9101374495989096,1.0
20.0,6,64.0,299.2041774264884,0.0,0.0,0.7,0.3,0.3,0.0,0.0,3,0,0,7,0,0.0334219932556152,0.0,1.0,0.0,0.0,0.0,0.0,0.0,1.0,0.0,0.0,0.0,0.0,0.0,1.0,1.0,594,54,66,59.4,5.738757124441959,59.4,0.0033437013626098,10,0.9290957701022128,30.75
20.0,6,64.0,842.6019526698542,0.0,0.0,0.6,0.4,0.4,0.0,0.0,4,0,0,6,0,0.0118680000305175,0.0,1.0,0.0,0.0,0.0,0.0,0.0,1.0,0.0,0.0,0.0,0.0,0.0,1.0,1.0,552,54,56,55.2,1.0327955589886444,55.2,0.0017274141311645,10,0.9271787495989096,0.9876543209876544
20.0,6,64.0,5091.410536537995,0.0,0.0,0.5,0.5,0.5,0.0,0.0,5,0,0,5,0,0.0019640922546386,0.0,1.0,0.0,0.0,0.0,0.0,0.0,1.0,0.0,0.0,0.0,0.0,0.0,1.0,1.0,558,54,58,55.8,1.988857852023506,55.8,0.0002429008483886,10,0.9275682111346004,3.56
20.0,6,64.0,361.7276114254174,0.0,0.0,0.6,0.4,0.4,0.0,0.0,4,0,0,6,0,0.0276451110839843,0.0,1.0,0.0,0.0,0.0,0.0,0.0,1.0,0.0,0.0,0.0,0.0,0.0,1.0,1.0,880,54,370,88.0,99.10264039536654,88.0,0.0027956962585449,10,0.9671284815914564,8839.2
20.0,6,64.0,838.8608,0.0,0.0,0.7,0.3,0.3,0.0,0.0,3,0,0,7,0,0.0119209289550781,0.0,1.0,0.0,0.0,0.0,0.0,0.0,1.0,0.0,0.0,0.0,0.0,0.0,1.0,1.0,2752,54,370,275.2,152.64250172652876,275.2,0.0011966943740844,10,0.9889384795033188,24964.0
20.0,6,64.0,512.0062500762949,0.0,0.0,0.7,0.3,0.3,0.0,0.0,3,0,0,7,0,0.0195310115814209,0.0,1.0,0.0,0.0,0.0,0.0,0.0,1.0,0.0,0.0,0.0,0.0,0.0,1.0,1.0,2762,54,372,276.2,153.33463767561167,276.2,0.0019572973251342,10,0.9892204280035372,24964.0
20.0,6,64.0,4938.542328976804,0.0,0.0,0.6,0.4,0.4,0.0,0.0,4,0,0,6,0,0.0020248889923095,0.0,1.0,0.0,0.0,0.0,0.0,0.0,1.0,0.0,0.0,0.0,0.0,0.0,1.0,1.0,2130,54,372,213.0,167.6007159889241,213.0,0.0002063035964965,10,0.9950318576652482,25281.0
20.0,6,64.0,790.2598210080075,0.0,0.0,1.0,0.0,0.0,0.0,0.0,0,0,0,10,0,0.0126540660858154,0.0,1.0,0.0,0.0,0.0,0.0,0.0,1.0,0.0,0.0,0.0,0.0,0.0,1.0,1.0,660,66,66,66.0,0.0,66.0,0.0030308961868286,10,0.0,0.0
20.0,6,64.0,1053.3159216474137,0.0,0.0,1.0,0.0,0.0,0.0,0.0,0,0,0,10,0,0.0094938278198242,0.0,1.0,0.0,0.0,0.0,0.0,0.0,1.0,0.0,0.0,0.0,0.0,0.0,1.0,1.0,660,66,66,66.0,0.0,66.0,0.0009506940841674,10,0.0,0.0
20.0,6,64.0,23750.30577576444,0.0,0.0,1.0,0.0,0.0,0.0,0.0,0,0,0,10,0,0.0004210472106933,0.0,1.0,0.0,0.0,0.0,0.0,0.0,1.0,0.0,0.0,0.0,0.0,0.0,1.0,1.0,640,64,64,64.0,0.0,64.0,0.0047680139541625,10,0.0,0.0
20.0,6,64.0,74104.3109540636,0.0,0.0,1.0,0.0,0.0,0.0,0.0,0,0,0,10,0,0.0001349449157714,0.0,1.0,0.0,0.0,0.0,0.0,0.0,1.0,0.0,0.0,0.0,0.0,0.0,1.0,1.0,660,66,66,66.0,0.0,66.0,1.499652862548828e-05,10,0.0,0.0
20.0,6,64.0,944.8120199130492,0.0,0.0,0.5,0.5,0.5,0.0,0.0,5,0,0,5,0,0.0105841159820556,0.0,1.0,0.0,0.0,0.0,0.0,0.0,1.0,0.0,0.0,0.0,0.0,0.0,1.0,1.0,600,54,66,60.0,6.324555320336759,60.0,0.0046746015548706,10,0.9293344008552924,36.0
20.0,6,64.0,749.9068495110047,0.0,0.0,0.6,0.4,0.4,0.0,0.0,4,0,0,6,0,0.0133349895477294,0.0,1.0,0.0,0.0,0.0,0.0,0.0,1.0,0.0,0.0,0.0,0.0,0.0,1.0,1.0,628,54,68,62.8,6.124631508189787,62.8,0.0013859033584594,10,0.9292529598911762,36.0
20.0,6,64.0,3567.4951092965894,0.0,0.0,0.5,0.5,0.5,0.0,0.0,5,0,0,5,0,0.002803087234497,0.0,1.0,0.0,0.0,0.0,0.0,0.0,1.0,0.0,0.0,0.0,0.0,0.0,1.0,1.0,610,54,68,61.0,7.378647873726218,61.0,0.0002825021743774,10,0.9297637959978412,49.0
20.0,6,64.0,275.8847866553532,0.0,0.0,0.7,0.3,0.3,0.0,0.0,3,0,0,7,0,0.0362470149993896,0.0,1.0,0.0,0.0,0.0,0.0,0.0,1.0,0.0,0.0,0.0,0.0,0.0,1.0,1.0,618,54,68,61.8,6.762642481555072,61.8,0.0036276817321777,10,0.9295128600412864,49.0
20.0,6,64.0,2792.6652906318664,0.0,0.0,1.0,0.0,0.0,0.0,0.0,0,0,0,10,0,0.0035808086395263,0.0,1.0,0.0,0.0,0.0,0.0,0.0,1.0,0.0,0.0,0.0,0.0,0.0,1.0,1.0,663,66,67,66.3,0.4830458915396479,66.3,0.0003618001937866,10,0.0,0.21
20.0,6,64.0,215.77302775419915,0.0,0.0,1.0,0.0,0.0,0.0,0.0,0,0,0,10,0,0.0463449954986572,0.0,1.0,0.0,0.0,0.0,0.0,0.0,1.0,0.0,0.0,0.0,0.0,0.0,1.0,1.0,667,66,67,66.7,0.4830458915396479,66.7,0.0046357154846191,10,0.0,0.21
20.0,6,64.0,2047.5001220405172,0.0,0.0,1.0,0.0,0.0,0.0,0.0,0,0,0,10,0,0.0048840045928955,0.0,1.0,0.0,0.0,0.0,0.0,0.0,1.0,0.0,0.0,0.0,0.0,0.0,1.0,1.0,666,66,68,66.6,0.966091783079296,66.6,0.0004901885986328,10,0.0,0.8400000000000001
20.0,6,64.0,252.83188561301563,0.0,0.0,0.8,0.2,0.2,0.0,0.0,2,0,0,8,0,0.0395519733428955,0.0,1.0,0.0,0.0,0.0,0.0,0.0,1.0,0.0,0.0,0.0,0.0,0.0,1.0,1.0,642,54,68,64.2,6.142746399887703,64.2,0.0039566040039062,10,0.9292603391734584,33.96
20.0,6,64.0,291.74925572465986,0.0,0.0,0.6,0.4,0.4,0.0,0.0,4,0,0,6,0,0.034276008605957,0.0,1.0,0.0,0.0,0.0,0.0,0.0,1.0,0.0,0.0,0.0,0.0,0.0,1.0,1.0,550,54,56,55.0,1.0540925533894598,55.0,0.0034321069717407,10,0.9271874251425488,1.0
20.0,6,64.0,1962.706598034628,0.0,0.0,0.5,0.5,0.5,0.0,0.0,5,0,0,5,0,0.0050950050354003,0.0,1.0,0.0,0.0,0.0,0.0,0.0,1.0,0.0,0.0,0.0,0.0,0.0,1.0,1.0,554,54,58,55.4,1.6465452046971292,55.4,0.0006108999252319,10,0.9274287666545854,2.469135802469136
20.0,6,64.0,2184.874720008335,0.0,0.0,0.5,0.5,0.5,0.0,0.0,5,0,0,5,0,0.0045769214630126,0.0,1.0,0.0,0.0,0.0,0.0,0.0,1.0,0.0,0.0,0.0,0.0,0.0,1.0,1.0,560,54,58,56.0,2.10818510677892,56.0,0.0006006956100463,10,0.9276168202850976,4.0
20.0,6,64.0,912.9165941145744,0.0,0.0,0.6,0.4,0.4,0.0,0.0,4,0,0,6,0,0.0109539031982421,0.0,1.0,0.0,0.0,0.0,0.0,0.0,1.0,0.0,0.0,0.0,0.0,0.0,1.0,1.0,4119,54,1243,411.9,573.51614333571,411.9,0.0012368917465209,10,1.0,296028.69
20.0,6,64.0,2584.60931722948,0.0,0.0,0.9,0.1,0.1,0.0,0.0,1,0,0,9,0,0.0038690567016601,0.0,1.0,0.0,0.0,0.0,0.0,0.0,1.0,0.0,0.0,0.0,0.0,0.0,1.0,1.0,11245,54,1245,1124.5,376.1362784949093,1124.5,0.0007143020629882,10,1.0,265072.6875
20.0,6,64.0,1569.8420540459615,0.0,0.0,0.7,0.3,0.3,0.0,0.0,3,0,0,7,0,0.0063700675964355,0.0,1.0,0.0,0.0,0.0,0.0,0.0,1.0,0.0,0.0,0.0,0.0,0.0,1.0,1.0,8877,54,1245,887.7,575.3076568237208,887.7,0.0006391048431396,10,1.0,354620.25
20.0,6,64.0,267.0221611056997,0.0,0.0,0.9,0.1,0.1,0.0,0.0,1,0,0,9,0,0.0374500751495361,0.0,1.0,0.0,0.0,0.0,0.0,0.0,1.0,0.0,0.0,0.0,0.0,0.0,1.0,1.0,1811,54,1245,181.1,373.8295660383812,181.1,0.0038285017013549,10,1.0,348690.25
20.0,6,64.0,745.8794657941066,0.0,0.0,0.8,0.2,0.2,0.0,0.0,2,0,0,8,0,0.0134069919586181,0.0,1.0,0.0,0.0,0.0,0.0,0.0,1.0,0.0,0.0,0.0,0.0,0.0,1.0,1.0,632,54,66,63.2,4.917090377222873,63.2,0.0013447999954223,10,0.9287610559360656,23.20987654320988
20.0,6,64.0,257.347682566173,0.0,0.0,0.6,0.4,0.4,0.0,0.0,4,0,0,6,0,0.0388579368591308,0.0,1.0,0.0,0.0,0.0,0.0,0.0,1.0,0.0,0.0,0.0,0.0,0.0,1.0,1.0,651,54,75,65.1,8.608135686662937,65.1,0.0040066003799438,10,0.930264640153319,66.69000000000001
20.0,6,64.0,618.3188371613055,0.0,0.0,0.6,0.4,0.4,0.0,0.0,4,0,0,6,0,0.0161728858947753,0.0,1.0,0.0,0.0,0.0,0.0,0.0,1.0,0.0,0.0,0.0,0.0,0.0,1.0,1.0,645,54,75,64.5,11.067971810589327,64.5,0.0016218900680541,10,0.9312666789967616,110.25
20.0,6,64.0,833.476541541641,0.0,0.0,0.5,0.5,0.5,0.0,0.0,5,0,0,5,0,0.0119979381561279,0.0,1.0,0.0,0.0,0.0,0.0,0.0,1.0,0.0,0.0,0.0,0.0,0.0,1.0,1.0,651,54,77,65.1,11.723196378690128,65.1,0.0017369985580444,10,0.9315335912768232,123.69
20.0,6,64.0,839.7005005005005,0.0,0.0,0.5,0.5,0.5,0.0,0.0,5,0,0,5,0,0.011909008026123,0.0,1.0,0.0,0.0,0.0,0.0,0.0,1.0,0.0,0.0,0.0,0.0,0.0,1.0,1.0,655,54,77,65.5,12.122064363978788,65.5,0.00123291015625,10,0.9316960741393104,132.25
20.0,6,64.0,402.57460143779934,0.0,0.0,0.8,0.2,0.2,0.0,0.0,2,0,0,8,0,0.0248401165008544,0.0,1.0,0.0,0.0,0.0,0.0,0.0,1.0,0.0,0.0,0.0,0.0,0.0,1.0,1.0,658,54,77,65.8,7.671013260609345,65.8,0.0025942087173461,10,0.929882893961842,132.25
20.0,6,64.0,8452.849657396211,0.0,0.0,1.0,0.0,0.0,0.0,0.0,0,0,0,10,0,0.0011830329895019,0.0,1.0,0.0,0.0,0.0,0.0,0.0,1.0,0.0,0.0,0.0,0.0,0.0,1.0,1.0,672,66,68,67.2,1.0327955589886444,67.2,0.0001204967498779,10,0.9067291895989096,1.0
20.0,6,64.0,370.3841330954946,0.0,0.0,1.0,0.0,0.0,0.0,0.0,0,0,0,10,0,0.0269989967346191,0.0,1.0,0.0,0.0,0.0,0.0,0.0,1.0,0.0,0.0,0.0,0.0,0.0,1.0,1.0,656,64,68,65.6,2.065591117977289,65.6,0.0027014017105102,10,0.9105581691978192,4.0
20.0,6,64.0,27253.437296946067,0.0,0.0,1.0,0.0,0.0,0.0,0.0,0,0,0,10,0,0.0003669261932373,0.0,1.0,0.0,0.0,0.0,0.0,0.0,1.0,0.0,0.0,0.0,0.0,0.0,1.0,1.0,652,64,66,65.2,1.0327955589886444,65.2,0.0010939836502075,10,0.9101374495989096,1.0
20.0,6,64.0,199.8562892512365,0.0,0.0,1.0,0.0,0.0,0.0,0.0,0,0,0,10,0,0.0500359535217285,0.0,1.0,0.0,0.0,0.0,0.0,0.0,1.0,0.0,0.0,0.0,0.0,0.0,1.0,1.0,660,66,66,66.0,0.0,66.0,0.0050050020217895,10,0.0,0.0
20.0,6,64.0,59493.67375886525,0.0,0.0,1.0,0.0,0.0,0.0,0.0,0,0,0,10,0,0.0001680850982666,0.0,1.0,0.0,0.0,0.0,0.0,0.0,1.0,0.0,0.0,0.0,0.0,0.0,1.0,1.0,672,66,68,67.2,1.0327955589886444,67.2,2.1505355834960935e-05,10,0.9067291895989096,1.0
20.0,6,64.0,202.02024872602567,0.0,0.0,1.0,0.0,0.0,0.0,0.0,0,0,0,10,0,0.0494999885559082,0.0,1.0,0.0,0.0,0.0,0.0,0.0,1.0,0.0,0.0,0.0,0.0,0.0,1.0,1.0,668,66,68,66.8,1.0327955589886444,66.8,0.0049521923065185,10,0.9067291895989096,1.0
20.0,6,64.0,104077.0223325062,0.0,0.0,1.0,0.0,0.0,0.0,0.0,0,0,0,10,0,9.608268737792967e-05,0.0,1.0,0.0,0.0,0.0,0.0,0.0,1.0,0.0,0.0,0.0,0.0,0.0,1.0,1.0,672,66,68,67.2,1.0327955589886444,67.2,1.1110305786132813e-05,10,0.9067291895989096,1.0
20.0,6,64.0,203.50918733230148,0.0,0.0,0.7,0.3,0.3,0.0,0.0,3,0,0,7,0,0.0491378307342529,0.0,1.0,0.0,0.0,0.0,0.0,0.0,1.0,0.0,0.0,0.0,0.0,0.0,1.0,1.0,5664,54,1321,566.4,649.4786285081972,566.4,0.0049146890640258,10,1.0,379640.24
20.0,6,64.0,2446.0861958360065,0.0,0.0,0.5,0.5,0.5,0.0,0.0,5,0,0,5,0,0.0040881633758544,0.0,1.0,0.0,0.0,0.0,0.0,0.0,1.0,0.0,0.0,0.0,0.0,0.0,1.0,1.0,6875,54,1321,687.5,667.7676325722227,687.5,0.0004124164581298,10,1.0,401322.25
20.0,6,64.0,2427.118800995313,0.0,0.0,0.6,0.4,0.4,0.0,0.0,4,0,0,6,0,0.0041201114654541,0.0,1.0,0.0,0.0,0.0,0.0,0.0,1.0,0.0,0.0,0.0,0.0,0.0,1.0,1.0,6879,54,1322,687.9,668.1893361083286,687.9,0.0004153966903686,10,1.0,401829.29
20.0,6,64.0,3200.048828870069,0.0,0.0,0.5,0.5,0.5,0.0,0.0,5,0,0,5,0,0.0031249523162841,0.0,1.0,0.0,0.0,0.0,0.0,0.0,1.0,0.0,0.0,0.0,0.0,0.0,1.0,1.0,6880,54,1322,688.0,668.2946788489174,688.0,0.0004580974578857,10,1.0,401956.0
20.0,6,64.0,265.6741452044035,0.0,0.0,1.0,0.0,0.0,0.0,0.0,0,0,0,10,0,0.03764009475708,0.0,1.0,0.0,0.0,0.0,0.0,0.0,1.0,0.0,0.0,0.0,0.0,0.0,1.0,1.0,1916,66,1322,191.6,397.1820741171486,191.6,0.0038275003433227,10,1.0,394384.0
20.0,6,64.0,867.5237858856623,0.0,0.0,0.9,0.1,0.1,0.0,0.0,1,0,0,9,0,0.0115270614624023,0.0,1.0,0.0,0.0,0.0,0.0,0.0,1.0,0.0,0.0,0.0,0.0,0.0,1.0,1.0,648,54,66,64.8,3.794733192202056,64.8,0.0011552095413208,10,0.9283038525131756,23.04
20.0,6,64.0,258.8597173362958,0.0,0.0,0.6,0.4,0.4,0.0,0.0,4,0,0,6,0,0.0386309623718261,0.0,1.0,0.0,0.0,0.0,0.0,0.0,1.0,0.0,0.0,0.0,0.0,0.0,1.0,1.0,614,54,66,61.4,5.168279318217149,61.4,0.0038649797439575,10,0.9288633802630688,27.9375
20.0,6,64.0,4476.311632870865,0.0,0.0,0.7,0.3,0.3,0.0,0.0,3,0,0,7,0,0.0022339820861816,0.0,1.0,0.0,0.0,0.0,0.0,0.0,1.0,0.0,0.0,0.0,0.0,0.0,1.0,1.0,602,54,66,60.2,5.370702416299421,60.2,0.0002254009246826,10,0.9289458393363036,25.96
20.0,6,64.0,1010.3104901842707,0.0,0.0,0.6,0.4,0.4,0.0,0.0,4,0,0,6,0,0.0098979473114013,0.0,1.0,0.0,0.0,0.0,0.0,0.0,1.0,0.0,0.0,0.0,0.0,0.0,1.0,1.0,612,54,66,61.2,6.196773353931867,61.2,0.0009907007217407,10,0.9292823475934576,36.0
20.0,6,64.0,275.7487541582843,0.0,0.0,0.7,0.3,0.3,0.0,0.0,3,0,0,7,0,0.0362648963928222,0.0,1.0,0.0,0.0,0.0,0.0,0.0,1.0,0.0,0.0,0.0,0.0,0.0,1.0,1.0,624,54,66,62.4,5.796550698475776,62.4,0.0036283016204833,10,0.9291193128925312,36.0
20.0,6,64.0,896.3145635217438,0.0,0.0,1.0,0.0,0.0,0.0,0.0,0,0,0,10,0,0.0111567974090576,0.0,1.0,0.0,0.0,0.0,0.0,0.0,1.0,0.0,0.0,0.0,0.0,0.0,1.0,1.0,668,66,68,66.8,1.0327955589886444,66.8,0.0012609958648681,10,0.9067291895989096,0.96
20.0,6,64.0,280.86731755661805,0.0,0.0,0.9,0.1,0.1,0.0,0.0,1,0,0,9,0,0.0356040000915527,0.0,1.0,0.0,0.0,0.0,0.0,0.0,1.0,0.0,0.0,0.0,0.0,0.0,1.0,1.0,702,54,80,70.2,8.024961059095553,70.2,0.0035619020462036,10,0.9300270781370332,57.96
20.0,6,64.0,1826.151166840822,0.0,0.0,0.9,0.1,0.1,0.0,0.0,1,0,0,9,0,0.0054759979248046,0.0,1.0,0.0,0.0,0.0,0.0,0.0,1.0,0.0,0.0,0.0,0.0,0.0,1.0,1.0,778,54,82,77.8,8.403702887550358,77.8,0.0005516052246093,10,0.9301813624082724,169.0
20.0,6,64.0,1198.749321215239,0.0,0.0,0.7,0.3,0.3,0.0,0.0,3,0,0,7,0,0.0083420276641845,0.0,1.0,0.0,0.0,0.0,0.0,0.0,1.0,0.0,0.0,0.0,0.0,0.0,1.0,1.0,764,54,82,76.4,11.80583659796195,76.4,0.000835108757019,10,0.9315672555965456,147.0
20.0,6,64.0,205.91807077491063,0.0,0.0,1.0,0.0,0.0,0.0,0.0,0,0,0,10,0,0.048563003540039,0.0,1.0,0.0,0.0,0.0,0.0,0.0,1.0,0.0,0.0,0.0,0.0,0.0,1.0,1.0,729,54,75,72.9,6.640783086353596,72.9,0.0048580884933471,10,0.929463219398057,110.25
20.0,6,64.0,2475.245795219829,0.0,0.0,1.0,0.0,0.0,0.0,0.0,0,0,0,10,0,0.0040400028228759,0.0,1.0,0.0,0.0,0.0,0.0,0.0,1.0,0.0,0.0,0.0,0.0,0.0,1.0,1.0,768,75,77,76.8,0.6324555320336757,76.8,0.0004055976867675,10,0.0,1.0
20.0,6,64.0,195.75128227865235,0.0,0.0,1.0,0.0,0.0,0.0,0.0,0,0,0,10,0,0.0510852336883544,0.0,1.0,0.0,0.0,0.0,0.0,0.0,1.0,0.0,0.0,0.0,0.0,0.0,1.0,1.0,671,66,77,67.1,3.4785054261852184,67.1,0.0051096200942993,10,0.9077254739704108,30.25
20.0,6,64.0,1100.5783258987142,0.0,0.0,1.0,0.0,0.0,0.0,0.0,0,0,0,10,0,0.0090861320495605,0.0,1.0,0.0,0.0,0.0,0.0,0.0,1.0,0.0,0.0,0.0,0.0,0.0,1.0,1.0,678,66,68,67.8,0.6324555320336757,67.8,0.0009095907211303,10,0.0,1.0
20.0,6,64.0,227.2978231063952,0.0,0.0,0.5,0.5,0.5,0.0,0.0,5,0,0,5,0,0.0439951419830322,0.0,1.0,0.0,0.0,0.0,0.0,0.0,1.0,0.0,0.0,0.0,0.0,0.0,1.0,1.0,614,54,68,61.4,6.397916327472042,61.4,0.0044017076492309,10,0.929364285195159,39.04
20.0,6,64.0,1665.0009924179271,0.0,0.0,0.5,0.5,0.5,0.0,0.0,5,0,0,5,0,0.0060060024261474,0.0,1.0,0.0,0.0,0.0,0.0,0.0,1.0,0.0,0.0,0.0,0.0,0.0,1.0,1.0,600,54,66,60.0,6.324555320336759,60.0,0.0006038904190063,10,0.9293344008552924,36.0
20.0,6,64.0,827.7360277865488,0.0,0.0,0.5,0.5,0.5,0.0,0.0,5,0,0,5,0,0.0120811462402343,0.0,1.0,0.0,0.0,0.0,0.0,0.0,1.0,0.0,0.0,0.0,0.0,0.0,1.0,1.0,610,54,68,61.0,7.378647873726218,61.0,0.0012119054794311,10,0.9297637959978412,49.0
20.0,6,64.0,617.7815091393811,0.0,0.0,0.7,0.3,0.3,0.0,0.0,3,0,0,7,0,0.0161869525909423,0.0,1.0,0.0,0.0,0.0,0.0,0.0,1.0,0.0,0.0,0.0,0.0,0.0,1.0,1.0,1780,54,1224,178.0,367.5927698478909,178.0,0.0016227960586547,10,1.0,121612.0
20.0,6,64.0,476.48467498239154,0.0,0.0,0.5,0.5,0.5,0.0,0.0,5,0,0,5,0,0.0209870338439941,0.0,1.0,0.0,0.0,0.0,0.0,0.0,1.0,0.0,0.0,0.0,0.0,0.0,1.0,1.0,7560,54,1224,756.0,604.1854020083571,756.0,0.0023628950119018,10,1.0,342225.0
20.0,6,64.0,2798.0680453635755,0.0,0.0,0.7,0.3,0.3,0.0,0.0,3,0,0,7,0,0.0035738945007324,0.0,1.0,0.0,0.0,0.0,0.0,0.0,1.0,0.0,0.0,0.0,0.0,0.0,1.0,1.0,7563,54,1225,756.3,604.443738765928,756.3,0.0003613948822021,10,1.0,342225.0
20.0,6,64.0,1995.6720749869155,0.0,0.0,0.5,0.5,0.5,0.0,0.0,5,0,0,5,0,0.0050108432769775,0.0,1.0,0.0,0.0,0.0,0.0,0.0,1.0,0.0,0.0,0.0,0.0,0.0,1.0,1.0,7566,54,1225,756.6,604.7017997878513,756.6,0.0006397008895874,10,1.0,338578.024691358
20.0,6,64.0,284.0822519032267,0.0,0.0,0.9,0.1,0.1,0.0,0.0,1,0,0,9,0,0.035201072692871,0.0,1.0,0.0,0.0,0.0,0.0,0.0,1.0,0.0,0.0,0.0,0.0,0.0,1.0,1.0,1795,54,1225,179.5,367.3851294395751,179.5,0.0035242080688476,10,1.0,342810.25
20.0,6,64.0,4504.192439862543,0.0,0.0,1.0,0.0,0.0,0.0,0.0,0,0,0,10,0,0.0022201538085937,0.0,1.0,0.0,0.0,0.0,0.0,0.0,1.0,0.0,0.0,0.0,0.0,0.0,1.0,1.0,667,66,67,66.7,0.4830458915396479,66.7,0.0002252101898193,10,0.0,0.25
20.0,6,64.0,190.0532418630574,0.0,0.0,1.0,0.0,0.0,0.0,0.0,0,0,0,10,0,0.0526168346405029,0.0,1.0,0.0,0.0,0.0,0.0,0.0,1.0,0.0,0.0,0.0,0.0,0.0,1.0,1.0,649,64,67,64.9,1.4491376746189435,64.9,0.005383276939392,10,0.9103070507231328,2.25
20.0,6,64.0,46500.04434589801,0.0,0.0,1.0,0.0,0.0,0.0,0.0,0,0,0,10,0,0.0002150535583496,0.0,1.0,0.0,0.0,0.0,0.0,0.0,1.0,0.0,0.0,0.0,0.0,0.0,1.0,1.0,654,64,66,65.4,0.9660917830792958,65.4,2.63214111328125e-05,10,0.0,1.0
20.0,6,64.0,268.6865166811869,0.0,0.0,0.6,0.4,0.4,0.0,0.0,4,0,0,6,0,0.0372180938720703,0.0,1.0,0.0,0.0,0.0,0.0,0.0,1.0,0.0,0.0,0.0,0.0,0.0,1.0,1.0,624,54,66,62.4,5.796550698475775,62.4,0.0037240982055664,10,0.9291193128925312,32.0
20.0,6,64.0,2009.2474251497008,0.0,0.0,0.6,0.4,0.4,0.0,0.0,4,0,0,6,0,0.0049769878387451,0.0,1.0,0.0,0.0,0.0,0.0,0.0,1.0,0.0,0.0,0.0,0.0,0.0,1.0,1.0,600,54,66,60.0,6.324555320336759,60.0,0.0005005836486816,10,0.9293344008552924,36.0
20.0,6,64.0,1031.3524146749287,0.0,0.0,0.5,0.5,0.5,0.0,0.0,5,0,0,5,0,0.0096960067749023,0.0,1.0,0.0,0.0,0.0,0.0,0.0,1.0,0.0,0.0,0.0,0.0,0.0,1.0,1.0,608,54,68,60.8,7.192588778272627,60.8,0.0010069131851196,10,0.9296880029647172,46.56
20.0,6,64.0,5820.571745767416,0.0,0.0,0.5,0.5,0.5,0.0,0.0,5,0,0,5,0,0.0017180442810058,0.0,1.0,0.0,0.0,0.0,0.0,0.0,1.0,0.0,0.0,0.0,0.0,0.0,1.0,1.0,624,54,68,62.4,7.229568912920511,62.4,0.0002295970916748,10,0.9297030671923672,49.0
20.0,6,64.0,170.61598727591496,0.0,0.0,0.7,0.3,0.3,0.0,0.0,3,0,0,7,0,0.0586111545562744,0.0,1.0,0.0,0.0,0.0,0.0,0.0,1.0,0.0,0.0,0.0,0.0,0.0,1.0,1.0,612,54,66,61.2,6.196773353931867,61.2,0.005862808227539,10,0.9292823475934576,36.0
20.0,6,64.0,2210.902957145116,0.0,0.0,0.5,0.5,0.5,0.0,0.0,5,0,0,5,0,0.0045230388641357,0.0,1.0,0.0,0.0,0.0,0.0,0.0,1.0,0.0,0.0,0.0,0.0,0.0,1.0,1.0,602,54,68,60.2,6.562519841239848,60.2,0.0004551887512207,10,0.9294313380825274,38.76
20.0,6,64.0,2073.821508034611,0.0,0.0,0.5,0.5,0.5,0.0,0.0,5,0,0,5,0,0.0048220157623291,0.0,1.0,0.0,0.0,0.0,0.0,0.0,1.0,0.0,0.0,0.0,0.0,0.0,1.0,1.0,624,54,68,62.4,7.229568912920511,62.4,0.0005845069885253,10,0.9297030671923672,49.0
20.0,6,64.0,463.52046680222793,0.0,0.0,0.6,0.4,0.4,0.0,0.0,4,0,0,6,0,0.0215740203857421,0.0,1.0,0.0,0.0,0.0,0.0,0.0,1.0,0.0,0.0,0.0,0.0,0.0,1.0,1.0,752,54,139,75.2,34.227344494002324,75.2,0.0021607875823974,10,0.9407008810530768,1054.36
20.0,6,64.0,4819.377226243824,0.0,0.0,0.6,0.4,0.4,0.0,0.0,4,0,0,6,0,0.0020749568939208,0.0,1.0,0.0,0.0,0.0,0.0,0.0,1.0,0.0,0.0,0.0,0.0,0.0,1.0,1.0,1050,54,139,105.0,43.89381125701739,105.0,0.0002130985260009,10,0.9446386129536586,1806.25
20.0,6,64.0,2962.0790960451977,0.0,0.0,0.5,0.5,0.5,0.0,0.0,5,0,0,5,0,0.0033760070800781,0.0,1.0,0.0,0.0,0.0,0.0,0.0,1.0,0.0,0.0,0.0,0.0,0.0,1.0,1.0,1058,54,141,105.8,44.58898718044376,105.8,0.0010446071624755,10,0.9449217998178256,1835.2098765432104
20.0,6,64.0,2181.579111619681,0.0,0.0,0.6,0.4,0.4,0.0,0.0,4,0,0,6,0,0.0045838356018066,0.0,1.0,0.0,0.0,0.0,0.0,0.0,1.0,0.0,0.0,0.0,0.0,0.0,1.0,1.0,975,54,141,97.5,45.8530260724415,97.5,0.0004612922668457,10,0.9454367187008698,1892.25
20.0,6,64.0,331.56553359683795,0.0,0.0,0.9,0.1,0.1,0.0,0.0,1,0,0,9,0,0.0301599502563476,0.0,1.0,0.0,0.0,0.0,0.0,0.0,1.0,0.0,0.0,0.0,0.0,0.0,1.0,1.0,723,54,141,72.3,24.431536996267745,72.3,0.003127908706665,10,0.9367104609107996,1892.25
20.0,6,64.0,1174.6776452136896,0.0,0.0,1.0,0.0,0.0,0.0,0.0,0,0,0,10,0,0.0085129737854003,0.0,1.0,0.0,0.0,0.0,0.0,0.0,1.0,0.0,0.0,0.0,0.0,0.0,1.0,1.0,676,66,68,67.6,0.8432740427115678,67.6,0.0009712934494018,10,0.0,1.0
20.0,6,64.0,218.7278823940467,0.0,0.0,1.0,0.0,0.0,0.0,0.0,0,0,0,10,0,0.0457189083099365,0.0,1.0,0.0,0.0,0.0,0.0,0.0,1.0,0.0,0.0,0.0,0.0,0.0,1.0,1.0,648,64,68,64.8,1.686548085423136,64.8,0.0045742988586425,10,0.910403762228078,4.0
20.0,6,64.0,4171.77640740004,0.0,0.0,1.0,0.0,0.0,0.0,0.0,0,0,0,10,0,0.0023970603942871,0.0,1.0,0.0,0.0,0.0,0.0,0.0,1.0,0.0,0.0,0.0,0.0,0.0,1.0,1.0,656,64,66,65.6,0.8432740427115678,65.6,0.0002421140670776,10,0.0,1.0
20.0,6,64.0,164.02581048844394,0.0,0.0,0.6,0.4,0.4,0.0,0.0,4,0,0,6,0,0.0609660148620605,0.0,1.0,0.0,0.0,0.0,0.0,0.0,1.0,0.0,0.0,0.0,0.0,0.0,1.0,1.0,5244,54,1224,524.4,602.137525819476,524.4,0.0060979843139648,10,1.0,335251.5555555556
20.0,6,64.0,2678.0130251564296,0.0,0.0,0.5,0.5,0.5,0.0,0.0,5,0,0,5,0,0.0037341117858886,0.0,1.0,0.0,0.0,0.0,0.0,0.0,1.0,0.0,0.0,0.0,0.0,0.0,1.0,1.0,6390,54,1224,639.0,616.644143732834,639.0,0.0004684209823608,10,1.0,342225.0
20.0,6,64.0,2602.0869781003785,0.0,0.0,0.5,0.5,0.5,0.0,0.0,5,0,0,5,0,0.003843069076538,0.0,1.0,0.0,0.0,0.0,0.0,0.0,1.0,0.0,0.0,0.0,0.0,0.0,1.0,1.0,6394,54,1225,639.4,617.0658527796419,639.4,0.0004374980926513,10,1.0,342693.24
20.0,6,64.0,4344.178146038322,0.0,0.0,0.5,0.5,0.5,0.0,0.0,5,0,0,5,0,0.0023019313812255,0.0,1.0,0.0,0.0,0.0,0.0,0.0,1.0,0.0,0.0,0.0,0.0,0.0,1.0,1.0,7566,54,1225,756.6,604.7017997878513,756.6,0.0003167867660522,10,1.0,342810.25
20.0,6,64.0,243.9981617112374,0.0,0.0,1.0,0.0,0.0,0.0,0.0,0,0,0,10,0,0.0409839153289794,0.0,1.0,0.0,0.0,0.0,0.0,0.0,1.0,0.0,0.0,0.0,0.0,0.0,1.0,1.0,630,54,64,63.0,3.1622776601683795,63.0,0.0040992021560668,10,0.9280462154276462,25.0
20.0,6,64.0,74631.743772242,0.0,0.0,1.0,0.0,0.0,0.0,0.0,0,0,0,10,0,0.000133991241455,0.0,1.0,0.0,0.0,0.0,0.0,0.0,1.0,0.0,0.0,0.0,0.0,0.0,1.0,1.0,658,64,66,65.8,0.6324555320336757,65.8,1.4901161193847656e-05,10,0.0,1.0
20.0,6,64.0,206.4959284750736,0.0,0.0,0.5,0.5,0.5,0.0,0.0,5,0,0,5,0,0.0484271049499511,0.0,1.0,0.0,0.0,0.0,0.0,0.0,1.0,0.0,0.0,0.0,0.0,0.0,1.0,1.0,602,54,66,60.2,5.370702416299421,60.2,0.0048444032669067,10,0.9289458393363036,27.84
20.0,6,64.0,2047.9000048825744,0.0,0.0,0.5,0.5,0.5,0.0,0.0,5,0,0,5,0,0.0048830509185791,0.0,1.0,0.0,0.0,0.0,0.0,0.0,1.0,0.0,0.0,0.0,0.0,0.0,1.0,1.0,590,54,64,59.0,5.270462766947299,59.0,0.00049250125885,10,0.9289050057127436,25.0
20.0,6,64.0,1828.8584634167607,0.0,0.0,0.5,0.5,0.5,0.0,0.0,5,0,0,5,0,0.0054678916931152,0.0,1.0,0.0,0.0,0.0,0.0,0.0,1.0,0.0,0.0,0.0,0.0,0.0,1.0,1.0,600,54,66,60.0,6.324555320336759,60.0,0.0005497932434082,10,0.9293344008552924,36.0
20.0,6,64.0,1794.968973338469,0.0,0.0,0.5,0.5,0.5,0.0,0.0,5,0,0,5,0,0.0055711269378662,0.0,1.0,0.0,0.0,0.0,0.0,0.0,1.0,0.0,0.0,0.0,0.0,0.0,1.0,1.0,600,54,66,60.0,6.324555320336759,60.0,0.0005609035491943,10,0.9293344008552924,36.0
20.0,6,64.0,269.50658296332944,0.0,0.0,1.0,0.0,0.0,0.0,0.0,0,0,0,10,0,0.037104845046997,0.0,1.0,0.0,0.0,0.0,0.0,0.0,1.0,0.0,0.0,0.0,0.0,0.0,1.0,1.0,648,54,66,64.8,3.794733192202056,64.8,0.0037134885787963,10,0.9283038525131756,36.0
20.0,6,64.0,75709.45848375451,0.0,0.0,1.0,0.0,0.0,0.0,0.0,0,0,0,10,0,0.0001320838928222,0.0,1.0,0.0,0.0,0.0,0.0,0.0,1.0,0.0,0.0,0.0,0.0,0.0,1.0,1.0,678,66,68,67.8,0.6324555320336757,67.8,1.4710426330566409e-05,10,0.0,1.0
20.0,6,64.0,204.87602821359488,0.0,0.0,1.0,0.0,0.0,0.0,0.0,0,0,0,10,0,0.0488100051879882,0.0,1.0,0.0,0.0,0.0,0.0,0.0,1.0,0.0,0.0,0.0,0.0,0.0,1.0,1.0,662,66,68,66.2,0.6324555320336757,66.2,0.0048825979232788,10,0.0,1.0
20.0,6,64.0,75166.73835125448,0.0,0.0,1.0,0.0,0.0,0.0,0.0,0,0,0,10,0,0.0001330375671386,0.0,1.0,0.0,0.0,0.0,0.0,0.0,1.0,0.0,0.0,0.0,0.0,0.0,1.0,1.0,678,66,68,67.8,0.6324555320336757,67.8,1.4805793762207032e-05,10,0.0,1.0
20.0,6,64.0,212.8299665606146,0.0,0.0,0.5,0.5,0.5,0.0,0.0,5,0,0,5,0,0.0469858646392822,0.0,1.0,0.0,0.0,0.0,0.0,0.0,1.0,0.0,0.0,0.0,0.0,0.0,1.0,1.0,614,54,68,61.4,6.397916327472042,61.4,0.0047000885009765,10,0.929364285195159,39.04
20.0,6,64.0,1792.1312596137411,0.0,0.0,0.5,0.5,0.5,0.0,0.0,5,0,0,5,0,0.0055799484252929,0.0,1.0,0.0,0.0,0.0,0.0,0.0,1.0,0.0,0.0,0.0,0.0,0.0,1.0,1.0,600,54,66,60.0,6.324555320336759,60.0,0.0005612134933471,10,0.9293344008552924,36.0
20.0,6,64.0,762.5452694349502,0.0,0.0,0.5,0.5,0.5,0.0,0.0,5,0,0,5,0,0.0131139755249023,0.0,1.0,0.0,0.0,0.0,0.0,0.0,1.0,0.0,0.0,0.0,0.0,0.0,1.0,1.0,610,54,68,61.0,7.378647873726218,61.0,0.001314902305603,10,0.9297637959978412,49.0
20.0,6,64.0,2229.115646258504,0.0,0.0,0.6,0.4,0.4,0.0,0.0,4,0,0,6,0,0.004486083984375,0.0,1.0,0.0,0.0,0.0,0.0,0.0,1.0,0.0,0.0,0.0,0.0,0.0,1.0,1.0,610,54,68,61.0,7.378647873726218,61.0,0.0004524946212768,10,0.9297637959978412,49.0
20.0,6,64.0,702.3870049401323,0.0,0.0,1.0,0.0,0.0,0.0,0.0,0,0,0,10,0,0.0142371654510498,0.0,1.0,0.0,0.0,0.0,0.0,0.0,1.0,0.0,0.0,0.0,0.0,0.0,1.0,1.0,640,64,64,64.0,0.0,64.0,0.0028959035873413,10,0.0,0.0
20.0,6,64.0,3411.66748007158,0.0,0.0,0.9,0.1,0.1,0.0,0.0,1,0,0,9,0,0.0029311180114746,0.0,1.0,0.0,0.0,0.0,0.0,0.0,1.0,0.0,0.0,0.0,0.0,0.0,1.0,1.0,648,54,66,64.8,3.794733192202056,64.8,0.0002938985824584,10,0.9283038525131756,36.0
20.0,6,64.0,198.08185278588496,0.0,0.0,0.7,0.3,0.3,0.0,0.0,3,0,0,7,0,0.0504841804504394,0.0,1.0,0.0,0.0,0.0,0.0,0.0,1.0,0.0,0.0,0.0,0.0,0.0,1.0,1.0,624,54,66,62.4,5.796550698475775,62.4,0.005051302909851,10,0.9291193128925312,32.0
20.0,6,64.0,10225.02194051682,0.0,0.0,0.8,0.2,0.2,0.0,0.0,2,0,0,8,0,0.0009779930114746,0.0,1.0,0.0,0.0,0.0,0.0,0.0,1.0,0.0,0.0,0.0,0.0,0.0,1.0,1.0,658,54,68,65.8,4.263540521418528,65.8,0.0001937866210937,10,0.9284948258668052,32.0
20.0,6,64.0,292.8431091903063,0.0,0.0,0.7,0.3,0.3,0.0,0.0,3,0,0,7,0,0.0341479778289794,0.0,1.0,0.0,0.0,0.0,0.0,0.0,1.0,0.0,0.0,0.0,0.0,0.0,1.0,1.0,620,54,68,62.0,6.99205898780101,62.0,0.0034168004989624,10,0.9296063151492706,49.0
20.0,6,64.0,2363.520793418235,0.0,0.0,0.5,0.5,0.5,0.0,0.0,5,0,0,5,0,0.0042309761047363,0.0,1.0,0.0,0.0,0.0,0.0,0.0,1.0,0.0,0.0,0.0,0.0,0.0,1.0,1.0,600,54,64,60.0,5.163977794943222,60.0,0.001613712310791,10,0.928861627994548,25.0
20.0,6,64.0,1724.1353228922596,0.0,0.0,0.5,0.5,0.5,0.0,0.0,5,0,0,5,0,0.0058000087738037,0.0,1.0,0.0,0.0,0.0,0.0,0.0,1.0,0.0,0.0,0.0,0.0,0.0,1.0,1.0,594,54,66,59.4,5.738757124441959,59.4,0.0005815982818603,10,0.9290957701022128,29.64
20.0,6,64.0,1601.3072194861222,0.0,0.0,0.6,0.4,0.4,0.0,0.0,4,0,0,6,0,0.0062448978424072,0.0,1.0,0.0,0.0,0.0,0.0,0.0,1.0,0.0,0.0,0.0,0.0,0.0,1.0,1.0,600,54,66,60.0,6.324555320336759,60.0,0.0006279945373535,10,0.9293344008552924,36.0
20.0,6,64.0,331.8724828497504,0.0,0.0,0.7,0.3,0.3,0.0,0.0,3,0,0,7,0,0.0301320552825927,0.0,1.0,0.0,0.0,0.0,0.0,0.0,1.0,0.0,0.0,0.0,0.0,0.0,1.0,1.0,624,54,66,62.4,5.796550698475776,62.4,0.0030169010162353,10,0.9291193128925312,36.0
20.0,6,64.0,1005.852418523226,0.0,0.0,0.6,0.4,0.4,0.0,0.0,4,0,0,6,0,0.009941816329956,0.0,1.0,0.0,0.0,0.0,0.0,0.0,1.0,0.0,0.0,0.0,0.0,0.0,1.0,1.0,612,54,66,61.2,6.196773353931867,61.2,0.0009980916976928,10,0.9292823475934576,36.0
20.0,6,64.0,2776.9491525423728,0.0,0.0,0.6,0.4,0.4,0.0,0.0,4,0,0,6,0,0.00360107421875,0.0,1.0,0.0,0.0,0.0,0.0,0.0,1.0,0.0,0.0,0.0,0.0,0.0,1.0,1.0,638,54,68,63.8,6.762642481555072,63.8,0.0003612041473388,10,0.9295128600412864,49.0
20.0,6,64.0,202.68310951536444,0.0,0.0,0.7,0.3,0.3,0.0,0.0,3,0,0,7,0,0.0493381023406982,0.0,1.0,0.0,0.0,0.0,0.0,0.0,1.0,0.0,0.0,0.0,0.0,0.0,1.0,1.0,618,54,68,61.8,6.762642481555072,61.8,0.0049350023269653,10,0.9295128600412864,49.0
20.0,6,64.0,680.1316706935413,0.0,0.0,0.9,0.1,0.1,0.0,0.0,1,0,0,9,0,0.0147030353546142,0.0,1.0,0.0,0.0,0.0,0.0,0.0,1.0,0.0,0.0,0.0,0.0,0.0,1.0,1.0,652,54,68,65.2,4.022160834399561,65.2,0.0014732122421264,10,0.928396497437501,15.209876543209877
20.0,6,64.0,593.2621394927793,0.0,0.0,0.8,0.2,0.2,0.0,0.0,2,0,0,8,0,0.0168559551239013,0.0,1.0,0.0,0.0,0.0,0.0,0.0,1.0,0.0,0.0,0.0,0.0,0.0,1.0,1.0,664,54,68,66.4,4.402019738458447,66.4,0.0017993927001953,10,0.9285512367606584,36.75
20.0,6,64.0,312.6088349941493,0.0,0.0,0.6,0.4,0.4,0.0,0.0,4,0,0,6,0,0.0319888591766357,0.0,1.0,0.0,0.0,0.0,0.0,0.0,1.0,0.0,0.0,0.0,0.0,0.0,1.0,1.0,600,54,66,60.0,6.324555320336759,60.0,0.0032043933868408,10,0.9293344008552924,36.0
20.0,6,64.0,3796.43736422882,0.0,0.0,0.6,0.4,0.4,0.0,0.0,4,0,0,6,0,0.002634048461914,0.0,1.0,0.0,0.0,0.0,0.0,0.0,1.0,0.0,0.0,0.0,0.0,0.0,1.0,1.0,616,54,68,61.6,6.586180818788517,61.6,0.0004661083221435,10,0.9294409766183416,39.04
20.0,6,64.0,3434.0134272146715,0.0,0.0,0.5,0.5,0.5,0.0,0.0,5,0,0,5,0,0.0029120445251464,0.0,1.0,0.0,0.0,0.0,0.0,0.0,1.0,0.0,0.0,0.0,0.0,0.0,1.0,1.0,610,54,68,61.0,7.378647873726218,61.0,0.000321888923645,10,0.9297637959978412,49.0
20.0,6,64.0,307.7959036904945,0.0,0.0,0.6,0.4,0.4,0.0,0.0,4,0,0,6,0,0.0324890613555908,0.0,1.0,0.0,0.0,0.0,0.0,0.0,1.0,0.0,0.0,0.0,0.0,0.0,1.0,1.0,622,54,68,62.2,5.921711464320654,62.2,0.0033388137817382,10,0.9291702983821056,49.0
20.0,6,64.0,4775.479904360697,0.0,0.0,0.7,0.3,0.3,0.0,0.0,3,0,0,7,0,0.002094030380249,0.0,1.0,0.0,0.0,0.0,0.0,0.0,1.0,0.0,0.0,0.0,0.0,0.0,1.0,1.0,600,54,64,60.0,5.163977794943222,60.0,0.0002118825912475,10,0.928861627994548,25.0
20.0,6,64.0,5376.623509806435,0.0,0.0,0.6,0.4,0.4,0.0,0.0,4,0,0,6,0,0.0018599033355712,0.0,1.0,0.0,0.0,0.0,0.0,0.0,1.0,0.0,0.0,0.0,0.0,0.0,1.0,1.0,612,54,66,61.2,6.196773353931867,61.2,0.0001872062683105,10,0.9292823475934576,36.0
20.0,6,64.0,308.77705468358903,0.0,0.0,0.7,0.3,0.3,0.0,0.0,3,0,0,7,0,0.0323858261108398,0.0,1.0,0.0,0.0,0.0,0.0,0.0,1.0,0.0,0.0,0.0,0.0,0.0,1.0,1.0,1494,54,356,149.4,142.6637071344122,149.4,0.0033865928649902,10,0.984873517738274,18317.64
20.0,6,64.0,1419.008051965627,0.0,0.0,0.6,0.4,0.4,0.0,0.0,4,0,0,6,0,0.0070471763610839,0.0,1.0,0.0,0.0,0.0,0.0,0.0,1.0,0.0,0.0,0.0,0.0,0.0,1.0,1.0,2352,54,356,235.2,155.95212940728533,235.2,0.0007068157196044,10,0.9902866894353518,22801.0
20.0,6,64.0,1374.5506980402438,0.0,0.0,0.8,0.2,0.2,0.0,0.0,2,0,0,8,0,0.007275104522705,0.0,1.0,0.0,0.0,0.0,0.0,0.0,1.0,0.0,0.0,0.0,0.0,0.0,1.0,1.0,2970,54,358,297.0,128.07376346812367,297.0,0.0007972002029418,10,0.9789301582863748,20402.666666666668
20.0,6,64.0,242.66554040371895,0.0,0.0,0.6,0.4,0.4,0.0,0.0,4,0,0,6,0,0.0412089824676513,0.0,1.0,0.0,0.0,0.0,0.0,0.0,1.0,0.0,0.0,0.0,0.0,0.0,1.0,1.0,1482,54,358,148.2,144.84152259164725,148.2,0.0042868852615356,10,0.9857606726429334,23104.0
20.0,6,64.0,3385.233252623083,0.0,0.0,0.5,0.5,0.5,0.0,0.0,5,0,0,5,0,0.0029540061950683,0.0,1.0,0.0,0.0,0.0,0.0,0.0,1.0,0.0,0.0,0.0,0.0,0.0,1.0,1.0,590,54,64,59.0,5.270462766947299,59.0,0.0002964973449707,10,0.9289050057127436,25.0
20.0,6,64.0,1361.6543843132165,0.0,0.0,0.5,0.5,0.5,0.0,0.0,5,0,0,5,0,0.0073440074920654,0.0,1.0,0.0,0.0,0.0,0.0,0.0,1.0,0.0,0.0,0.0,0.0,0.0,1.0,1.0,596,54,66,59.6,5.94792213951879,59.6,0.0008273124694824,10,0.9291809755627544,31.84
20.0,6,64.0,6431.008892977614,0.0,0.0,0.5,0.5,0.5,0.0,0.0,5,0,0,5,0,0.0015549659729003,0.0,1.0,0.0,0.0,0.0,0.0,0.0,1.0,0.0,0.0,0.0,0.0,0.0,1.0,1.0,600,54,66,60.0,6.324555320336759,60.0,0.0005923986434936,10,0.9293344008552924,36.0
20.0,6,64.0,363.0017742005279,0.0,0.0,0.8,0.2,0.2,0.0,0.0,2,0,0,8,0,0.02754807472229,0.0,1.0,0.0,0.0,0.0,0.0,0.0,1.0,0.0,0.0,0.0,0.0,0.0,1.0,1.0,690,54,75,69.0,8.717797887081348,69.0,0.0030384063720703,10,0.9303093121472816,75.6734693877551
20.0,6,64.0,14558.500520652551,0.0,0.0,1.0,0.0,0.0,0.0,0.0,0,0,0,10,0,0.0006868839263916,0.0,1.0,0.0,0.0,0.0,0.0,0.0,1.0,0.0,0.0,0.0,0.0,0.0,1.0,1.0,762,75,77,76.2,1.0327955589886444,76.2,0.0008088827133178,10,0.8913920195989098,1.0
20.0,6,64.0,264.59814782104013,0.0,0.0,1.0,0.0,0.0,0.0,0.0,0,0,0,10,0,0.0377931594848632,0.0,1.0,0.0,0.0,0.0,0.0,0.0,1.0,0.0,0.0,0.0,0.0,0.0,1.0,1.0,704,66,77,70.4,5.680375574437544,70.4,0.0041123151779174,10,0.9086224277940028,30.25
20.0,6,64.0,60262.988505747126,0.0,0.0,1.0,0.0,0.0,0.0,0.0,0,0,0,10,0,0.0001659393310546,0.0,1.0,0.0,0.0,0.0,0.0,0.0,1.0,0.0,0.0,0.0,0.0,0.0,1.0,1.0,672,66,68,67.2,1.0327955589886444,67.2,0.0012522935867309,10,0.9067291895989096,1.0
20.0,6,64.0,173.27753380402137,0.0,0.0,1.0,0.0,0.0,0.0,0.0,0,0,0,10,0,0.0577108860015869,0.0,1.0,0.0,0.0,0.0,0.0,0.0,1.0,0.0,0.0,0.0,0.0,0.0,1.0,1.0,2606,68,389,260.6,165.76368721767744,260.6,0.005772590637207,10,0.9704257056249932,25760.25
20.0,6,64.0,47393.26553672317,0.0,0.0,1.0,0.0,0.0,0.0,0.0,0,0,0,10,0,0.0002110004425048,0.0,1.0,0.0,0.0,0.0,0.0,0.0,1.0,0.0,0.0,0.0,0.0,0.0,1.0,1.0,3902,389,391,390.2,1.0327955589886444,390.2,0.0001317024230957,10,0.3562951995989096,1.0
20.0,6,64.0,230.5157925398317,0.0,0.0,1.0,0.0,0.0,0.0,0.0,0,0,0,10,0,0.0433809757232666,0.0,1.0,0.0,0.0,0.0,0.0,0.0,1.0,0.0,0.0,0.0,0.0,0.0,1.0,1.0,1960,66,391,196.0,167.82927833565475,196.0,0.0043404102325439,10,0.9746754048228125,26406.25
20.0,6,64.0,128266.17737003058,0.0,0.0,1.0,0.0,0.0,0.0,0.0,0,0,0,10,0,7.796287536621094e-05,0.0,1.0,0.0,0.0,0.0,0.0,0.0,1.0,0.0,0.0,0.0,0.0,0.0,1.0,1.0,672,66,68,67.2,1.0327955589886444,67.2,9.489059448242189e-06,10,0.9067291895989096,1.0
20.0,6,64.0,255.56480358764068,0.0,0.0,0.7,0.3,0.3,0.0,0.0,3,0,0,7,0,0.0391290187835693,0.0,1.0,0.0,0.0,0.0,0.0,0.0,1.0,0.0,0.0,0.0,0.0,0.0,1.0,1.0,629,54,68,62.9,6.279596590015424,62.9,0.0039138078689575,10,0.9293160864669088,35.49
20.0,6,64.0,394.2459675903297,0.0,0.0,0.5,0.5,0.5,0.0,0.0,5,0,0,5,0,0.025364875793457,0.0,1.0,0.0,0.0,0.0,0.0,0.0,1.0,0.0,0.0,0.0,0.0,0.0,1.0,1.0,595,54,65,59.5,5.797509043642029,59.5,0.0043813943862915,10,0.929119703284018,30.25
20.0,6,64.0,2370.1989150090417,0.0,0.0,0.5,0.5,0.5,0.0,0.0,5,0,0,5,0,0.0042190551757812,0.0,1.0,0.0,0.0,0.0,0.0,0.0,1.0,0.0,0.0,0.0,0.0,0.0,1.0,1.0,601,54,67,60.1,6.471304179049056,60.1,0.0004918098449707,10,0.9293941804703776,37.69
20.0,6,64.0,2913.722820423758,0.0,0.0,0.5,0.5,0.5,0.0,0.0,5,0,0,5,0,0.0034320354461669,0.0,1.0,0.0,0.0,0.0,0.0,0.0,1.0,0.0,0.0,0.0,0.0,0.0,1.0,1.0,605,54,67,60.5,6.851601597031489,60.5,0.0004348993301391,10,0.9295490984265669,42.25
20.0,6,64.0,1025.7529958425043,0.0,0.0,0.5,0.5,0.5,0.0,0.0,5,0,0,5,0,0.0097489356994628,0.0,1.0,0.0,0.0,0.0,0.0,0.0,1.0,0.0,0.0,0.0,0.0,0.0,1.0,1.0,596,54,67,59.6,6.003702561290362,59.6,0.0010597944259643,10,0.9292036982753672,42.25
20.0,6,64.0,654.7052947052947,0.0,0.0,0.6,0.4,0.4,0.0,0.0,4,0,0,6,0,0.0152740478515625,0.0,1.0,0.0,0.0,0.0,0.0,0.0,1.0,0.0,0.0,0.0,0.0,0.0,1.0,1.0,610,54,64,61.0,4.83045891539648,61.0,0.0016283988952636,10,0.928725765743776,24.0
20.0,6,64.0,4454.443500424809,0.0,0.0,0.6,0.4,0.4,0.0,0.0,4,0,0,6,0,0.0022449493408203,0.0,1.0,0.0,0.0,0.0,0.0,0.0,1.0,0.0,0.0,0.0,0.0,0.0,1.0,1.0,600,54,66,60.0,6.324555320336759,60.0,0.0002259016036987,10,0.9293344008552924,36.0
20.0,6,64.0,638.7329820607316,0.0,0.0,0.5,0.5,0.5,0.0,0.0,5,0,0,5,0,0.0156559944152832,0.0,1.0,0.0,0.0,0.0,0.0,0.0,1.0,0.0,0.0,0.0,0.0,0.0,1.0,1.0,612,54,66,61.2,6.196773353931867,61.2,0.0017537117004394,10,0.9292823475934576,35.55555555555556
20.0,6,64.0,503.5722947257207,0.0,0.0,0.6,0.4,0.4,0.0,0.0,4,0,0,6,0,0.0198581218719482,0.0,1.0,0.0,0.0,0.0,0.0,0.0,1.0,0.0,0.0,0.0,0.0,0.0,1.0,1.0,600,54,66,60.0,6.324555320336759,60.0,0.001989197731018,10,0.9293344008552924,36.0
20.0,6,64.0,1577.7550406259404,0.0,0.0,0.5,0.5,0.5,0.0,0.0,5,0,0,5,0,0.0063381195068359,0.0,1.0,0.0,0.0,0.0,0.0,0.0,1.0,0.0,0.0,0.0,0.0,0.0,1.0,1.0,616,54,68,61.6,6.586180818788516,61.6,0.0007421970367431,10,0.9294409766183416,39.04
20.0,6,64.0,2043.7090094040832,0.0,0.0,0.6,0.4,0.4,0.0,0.0,4,0,0,6,0,0.0048930644989013,0.0,1.0,0.0,0.0,0.0,0.0,0.0,1.0,0.0,0.0,0.0,0.0,0.0,1.0,1.0,610,54,68,61.0,7.378647873726218,61.0,0.0004924058914184,10,0.9297637959978412,49.0
20.0,6,64.0,382.1619651578104,0.0,0.0,0.6,0.4,0.4,0.0,0.0,4,0,0,6,0,0.0261669158935546,0.0,1.0,0.0,0.0,0.0,0.0,0.0,1.0,0.0,0.0,0.0,0.0,0.0,1.0,1.0,618,54,68,61.8,6.762642481555072,61.8,0.0026971817016601,10,0.9295128600412864,49.0
20.0,6,64.0,2442.5250407640347,0.0,0.0,0.6,0.4,0.4,0.0,0.0,4,0,0,6,0,0.004094123840332,0.0,1.0,0.0,0.0,0.0,0.0,0.0,1.0,0.0,0.0,0.0,0.0,0.0,1.0,1.0,624,54,66,62.4,5.796550698475776,62.4,0.0011946201324462,10,0.9291193128925312,36.0
20.0,6,64.0,2125.850988342625,0.0,0.0,0.6,0.4,0.4,0.0,0.0,4,0,0,6,0,0.0047039985656738,0.0,1.0,0.0,0.0,0.0,0.0,0.0,1.0,0.0,0.0,0.0,0.0,0.0,1.0,1.0,618,54,67,61.8,6.713171133426189,61.8,0.0004733800888061,10,0.9294927073929125,42.25
20.0,6,64.0,355.8566156195648,0.0,0.0,0.6,0.4,0.4,0.0,0.0,4,0,0,6,0,0.0281012058258056,0.0,1.0,0.0,0.0,0.0,0.0,0.0,1.0,0.0,0.0,0.0,0.0,0.0,1.0,1.0,606,54,68,60.6,6.963396361610395,60.6,0.0028122186660766,10,0.9295946391418656,43.64
20.0,6,64.0,724.317267342463,0.0,0.0,0.5,0.5,0.5,0.0,0.0,5,0,0,5,0,0.0138061046600341,0.0,1.0,0.0,0.0,0.0,0.0,0.0,1.0,0.0,0.0,0.0,0.0,0.0,1.0,1.0,610,54,68,61.0,7.378647873726218,61.0,0.0017092943191528,10,0.9297637959978412,49.0
20.0,6,64.0,888.3414169225881,0.0,0.0,0.5,0.5,0.5,0.0,0.0,5,0,0,5,0,0.0112569332122802,0.0,1.0,0.0,0.0,0.0,0.0,0.0,1.0,0.0,0.0,0.0,0.0,0.0,1.0,1.0,612,54,70,61.2,7.612854625930772,61.2,0.0011281013488769,10,0.9298592024604192,52.16
20.0,6,64.0,3336.757358790772,0.0,0.0,0.5,0.5,0.5,0.0,0.0,5,0,0,5,0,0.0029969215393066,0.0,1.0,0.0,0.0,0.0,0.0,0.0,1.0,0.0,0.0,0.0,0.0,0.0,1.0,1.0,620,54,70,62.0,8.432740427115679,62.0,0.0003012895584106,10,0.93019319114039,64.0
20.0,6,64.0,488.9263982468002,0.0,0.0,0.5,0.5,0.5,0.0,0.0,5,0,0,5,0,0.0204529762268066,0.0,1.0,0.0,0.0,0.0,0.0,0.0,1.0,0.0,0.0,0.0,0.0,0.0,1.0,1.0,616,54,70,61.6,8.099382692526634,61.6,0.0020743131637573,10,0.9300573945336276,64.0
20.0,6,64.0,1002.9900999569564,0.0,0.0,0.5,0.5,0.5,0.0,0.0,5,0,0,5,0,0.0099701881408691,0.0,1.0,0.0,0.0,0.0,0.0,0.0,1.0,0.0,0.0,0.0,0.0,0.0,1.0,1.0,600,54,66,60.0,6.324555320336759,60.0,0.0014487028121948,10,0.9293344008552924,36.0
20.0,6,64.0,2550.969468434497,0.0,0.0,0.5,0.5,0.5,0.0,0.0,5,0,0,5,0,0.0039200782775878,0.0,1.0,0.0,0.0,0.0,0.0,0.0,1.0,0.0,0.0,0.0,0.0,0.0,1.0,1.0,602,54,68,60.2,6.562519841239848,60.2,0.0004730939865112,10,0.9294313380825274,38.76
20.0,6,64.0,636.2139368382732,0.0,0.0,0.5,0.5,0.5,0.0,0.0,5,0,0,5,0,0.0157179832458496,0.0,1.0,0.0,0.0,0.0,0.0,0.0,1.0,0.0,0.0,0.0,0.0,0.0,1.0,1.0,610,54,68,61.0,7.378647873726218,61.0,0.0016870975494384,10,0.9297637959978412,49.0
20.0,6,64.0,827.0668270463195,0.0,0.0,0.5,0.5,0.5,0.0,0.0,5,0,0,5,0,0.0120909214019775,0.0,1.0,0.0,0.0,0.0,0.0,0.0,1.0,0.0,0.0,0.0,0.0,0.0,1.0,1.0,608,54,68,60.8,7.192588778272627,60.8,0.0013818979263305,10,0.9296880029647172,49.0
20.0,6,64.0,576.6634586300767,0.0,0.0,0.5,0.5,0.5,0.0,0.0,5,0,0,5,0,0.017341136932373,0.0,1.0,0.0,0.0,0.0,0.0,0.0,1.0,0.0,0.0,0.0,0.0,0.0,1.0,1.0,600,54,66,60.0,6.324555320336759,60.0,0.0022499084472656,10,0.9293344008552924,36.0
20.0,6,64.0,1086.016415939515,0.0,0.0,0.5,0.5,0.5,0.0,0.0,5,0,0,5,0,0.0092079639434814,0.0,1.0,0.0,0.0,0.0,0.0,0.0,1.0,0.0,0.0,0.0,0.0,0.0,1.0,1.0,616,54,68,61.6,6.586180818788516,61.6,0.0010676860809326,10,0.9294409766183416,39.04
20.0,6,64.0,1007.035774309724,0.0,0.0,0.5,0.5,0.5,0.0,0.0,5,0,0,5,0,0.00993013381958,0.0,1.0,0.0,0.0,0.0,0.0,0.0,1.0,0.0,0.0,0.0,0.0,0.0,1.0,1.0,610,54,68,61.0,7.378647873726218,61.0,0.0009966135025024,10,0.9297637959978412,49.0
20.0,6,64.0,304.7588045950286,0.0,0.0,0.7,0.3,0.3,0.0,0.0,3,0,0,7,0,0.0328128337860107,0.0,1.0,0.0,0.0,0.0,0.0,0.0,1.0,0.0,0.0,0.0,0.0,0.0,1.0,1.0,612,54,68,61.2,6.408327915038888,61.2,0.0032848834991455,10,0.9293685264594702,49.0
20.0,6,64.0,52363.34581772784,0.0,0.0,1.0,0.0,0.0,0.0,0.0,0,0,0,10,0,0.0001909732818603,0.0,1.0,0.0,0.0,0.0,0.0,0.0,1.0,0.0,0.0,0.0,0.0,0.0,1.0,1.0,646,64,66,64.6,0.966091783079296,64.6,2.2101402282714844e-05,10,0.0,0.8400000000000001
20.0,6,64.0,316.1646892101732,0.0,0.0,0.9,0.1,0.1,0.0,0.0,1,0,0,9,0,0.0316290855407714,0.0,1.0,0.0,0.0,0.0,0.0,0.0,1.0,0.0,0.0,0.0,0.0,0.0,1.0,1.0,648,54,66,64.8,3.794733192202055,64.8,0.003165316581726,10,0.9283038525131756,14.22222222222222
20.0,6,64.0,1598.439024390244,0.0,0.0,0.5,0.5,0.5,0.0,0.0,5,0,0,5,0,0.006256103515625,0.0,1.0,0.0,0.0,0.0,0.0,0.0,1.0,0.0,0.0,0.0,0.0,0.0,1.0,1.0,612,54,66,61.2,6.196773353931867,61.2,0.0007608890533447,10,0.9292823475934576,36.0
20.0,6,64.0,1473.1846440237434,0.0,0.0,0.6,0.4,0.4,0.0,0.0,4,0,0,6,0,0.0067880153656005,0.0,1.0,0.0,0.0,0.0,0.0,0.0,1.0,0.0,0.0,0.0,0.0,0.0,1.0,1.0,620,54,68,62.0,6.928203230275509,62.0,0.0006801128387451,10,0.9295803028678852,43.55555555555556
20.0,6,64.0,1296.5391035548687,0.0,0.0,0.6,0.4,0.4,0.0,0.0,4,0,0,6,0,0.0077128410339355,0.0,1.0,0.0,0.0,0.0,0.0,0.0,1.0,0.0,0.0,0.0,0.0,0.0,1.0,1.0,610,54,68,61.0,7.378647873726218,61.0,0.0007729768753051,10,0.9297637959978412,49.0
20.0,6,64.0,261.9246381155782,0.0,0.0,0.9,0.1,0.1,0.0,0.0,1,0,0,9,0,0.0381789207458496,0.0,1.0,0.0,0.0,0.0,0.0,0.0,1.0,0.0,0.0,0.0,0.0,0.0,1.0,1.0,650,54,68,65.0,3.915780041490244,65.0,0.00382080078125,10,0.9283531621577016,49.0
20.0,6,64.0,2859.6877343696733,0.0,0.0,1.0,0.0,0.0,0.0,0.0,0,0,0,10,0,0.0034968852996826,0.0,1.0,0.0,0.0,0.0,0.0,0.0,1.0,0.0,0.0,0.0,0.0,0.0,1.0,1.0,676,66,68,67.6,0.8432740427115678,67.6,0.00035080909729,10,0.0,1.0
20.0,6,64.0,185.55336816446427,0.0,0.0,1.0,0.0,0.0,0.0,0.0,0,0,0,10,0,0.0538928508758544,0.0,1.0,0.0,0.0,0.0,0.0,0.0,1.0,0.0,0.0,0.0,0.0,0.0,1.0,1.0,728,68,74,72.8,2.529822128134703,72.8,0.005390191078186,10,0.903930758342117,9.0
20.0,6,64.0,6557.698561601001,0.0,0.0,1.0,0.0,0.0,0.0,0.0,0,0,0,10,0,0.0015249252319335,0.0,1.0,0.0,0.0,0.0,0.0,0.0,1.0,0.0,0.0,0.0,0.0,0.0,1.0,1.0,756,74,76,75.6,0.8432740427115678,75.6,0.0001548051834106,10,0.0,1.0
20.0,6,64.0,224.36152002738788,0.0,0.0,0.6,0.4,0.4,0.0,0.0,4,0,0,6,0,0.0445709228515625,0.0,1.0,0.0,0.0,0.0,0.0,0.0,1.0,0.0,0.0,0.0,0.0,0.0,1.0,1.0,624,54,76,62.4,8.579044235810887,62.4,0.0044588088989257,10,0.9302527894599,84.75
20.0,6,64.0,530.4746607307726,0.0,0.0,0.6,0.4,0.4,0.0,0.0,4,0,0,6,0,0.0188510417938232,0.0,1.0,0.0,0.0,0.0,0.0,0.0,1.0,0.0,0.0,0.0,0.0,0.0,1.0,1.0,612,54,66,61.2,5.00666222813829,61.2,0.0019409894943237,10,0.9287975439252544,24.0
20.0,6,64.0,3385.233252623083,0.0,0.0,0.6,0.4,0.4,0.0,0.0,4,0,0,6,0,0.0029540061950683,0.0,1.0,0.0,0.0,0.0,0.0,0.0,1.0,0.0,0.0,0.0,0.0,0.0,1.0,1.0,600,54,66,60.0,6.324555320336759,60.0,0.0002984046936035,10,0.9293344008552924,36.0
20.0,6,64.0,487.4716998675066,0.0,0.0,0.5,0.5,0.5,0.0,0.0,5,0,0,5,0,0.0205140113830566,0.0,1.0,0.0,0.0,0.0,0.0,0.0,1.0,0.0,0.0,0.0,0.0,0.0,1.0,1.0,612,54,66,61.2,6.196773353931867,61.2,0.0021106958389282,10,0.9292823475934576,36.0
20.0,6,64.0,838.0730113693129,0.0,0.0,0.6,0.4,0.4,0.0,0.0,4,0,0,6,0,0.0119321346282958,0.0,1.0,0.0,0.0,0.0,0.0,0.0,1.0,0.0,0.0,0.0,0.0,0.0,1.0,1.0,600,54,66,60.0,6.324555320336759,60.0,0.0011948108673095,10,0.9293344008552924,36.0
20.0,6,64.0,3815.084591595416,0.0,0.0,0.7,0.3,0.3,0.0,0.0,3,0,0,7,0,0.0026211738586425,0.0,1.0,0.0,0.0,0.0,0.0,0.0,1.0,0.0,0.0,0.0,0.0,0.0,1.0,1.0,632,54,68,63.2,6.408327915038888,63.2,0.0012474060058593,10,0.9293685264594702,38.22222222222222
20.0,6,64.0,2716.69408640456,0.0,0.0,0.6,0.4,0.4,0.0,0.0,4,0,0,6,0,0.003680944442749,0.0,1.0,0.0,0.0,0.0,0.0,0.0,1.0,0.0,0.0,0.0,0.0,0.0,1.0,1.0,624,54,68,62.4,7.229568912920511,62.4,0.0005095958709716,10,0.9297030671923672,49.0
20.0,6,64.0,1169.7308754218143,0.0,0.0,0.5,0.5,0.5,0.0,0.0,5,0,0,5,0,0.0085489749908447,0.0,1.0,0.0,0.0,0.0,0.0,0.0,1.0,0.0,0.0,0.0,0.0,0.0,1.0,1.0,6390,54,1224,639.0,616.644143732834,639.0,0.0029536962509155,10,1.0,342225.0
20.0,6,64.0,715.9714588098733,0.0,0.0,0.5,0.5,0.5,0.0,0.0,5,0,0,5,0,0.0139670372009277,0.0,1.0,0.0,0.0,0.0,0.0,0.0,1.0,0.0,0.0,0.0,0.0,0.0,1.0,1.0,6390,54,1224,639.0,616.644143732834,639.0,0.0015866041183471,10,1.0,342225.0
20.0,6,64.0,1959.2227204783255,0.0,0.0,0.5,0.5,0.5,0.0,0.0,5,0,0,5,0,0.0051040649414062,0.0,1.0,0.0,0.0,0.0,0.0,0.0,1.0,0.0,0.0,0.0,0.0,0.0,1.0,1.0,7572,54,1226,757.2,605.2181975673457,757.2,0.0006103992462158,10,1.0,343396.0
20.0,6,64.0,438.9275623181733,0.0,0.0,0.7,0.3,0.3,0.0,0.0,3,0,0,7,0,0.0227828025817871,0.0,1.0,0.0,0.0,0.0,0.0,0.0,1.0,0.0,0.0,0.0,0.0,0.0,1.0,1.0,5252,54,1226,525.2,603.170291045572,525.2,0.0022807836532592,10,1.0,343396.0
20.0,6,64.0,1794.354652406417,0.0,0.0,1.0,0.0,0.0,0.0,0.0,0,0,0,10,0,0.005573034286499,0.0,1.0,0.0,0.0,0.0,0.0,0.0,1.0,0.0,0.0,0.0,0.0,0.0,1.0,1.0,664,66,68,66.4,0.8432740427115678,66.4,0.0010301113128662,10,0.0,0.64
20.0,6,64.0,297.1775142059545,0.0,0.0,0.9,0.1,0.1,0.0,0.0,1,0,0,9,0,0.0336499214172363,0.0,1.0,0.0,0.0,0.0,0.0,0.0,1.0,0.0,0.0,0.0,0.0,0.0,1.0,1.0,662,54,68,66.2,4.467164151400255,66.2,0.0038538932800292,10,0.9285777739887144,17.96
20.0,6,64.0,992.9461897208872,0.0,0.0,0.5,0.5,0.5,0.0,0.0,5,0,0,5,0,0.0100710391998291,0.0,1.0,0.0,0.0,0.0,0.0,0.0,1.0,0.0,0.0,0.0,0.0,0.0,1.0,1.0,600,54,64,60.0,5.163977794943222,60.0,0.0021932125091552,10,0.928861627994548,25.0
20.0,6,64.0,2408.99661133766,0.0,0.0,0.5,0.5,0.5,0.0,0.0,5,0,0,5,0,0.0041511058807373,0.0,1.0,0.0,0.0,0.0,0.0,0.0,1.0,0.0,0.0,0.0,0.0,0.0,1.0,1.0,594,54,66,59.4,5.738757124441959,59.4,0.0004204034805297,10,0.9290957701022128,29.64
20.0,6,64.0,3135.693779904306,0.0,0.0,0.6,0.4,0.4,0.0,0.0,4,0,0,6,0,0.0031890869140625,0.0,1.0,0.0,0.0,0.0,0.0,0.0,1.0,0.0,0.0,0.0,0.0,0.0,1.0,1.0,600,54,66,60.0,6.324555320336759,60.0,0.0003212928771972,10,0.9293344008552924,36.0
20.0,6,64.0,278.4045667252995,0.0,0.0,0.6,0.4,0.4,0.0,0.0,4,0,0,6,0,0.0359189510345459,0.0,1.0,0.0,0.0,0.0,0.0,0.0,1.0,0.0,0.0,0.0,0.0,0.0,1.0,1.0,645,54,77,64.5,10.0912503354804,64.5,0.0037500858306884,10,0.9308688017366612,91.65
20.0,6,64.0,21003.02453680521,0.0,0.0,1.0,0.0,0.0,0.0,0.0,0,0,0,10,0,0.0004761219024658,0.0,1.0,0.0,0.0,0.0,0.0,0.0,1.0,0.0,0.0,0.0,0.0,0.0,1.0,1.0,776,77,79,77.6,0.966091783079296,77.6,0.0007396221160888,10,0.0,0.8400000000000001
20.0,6,64.0,324.0020702494341,0.0,0.0,0.8,0.2,0.2,0.0,0.0,2,0,0,8,0,0.0308640003204345,0.0,1.0,0.0,0.0,0.0,0.0,0.0,1.0,0.0,0.0,0.0,0.0,0.0,1.0,1.0,725,54,79,72.5,10.814085465005556,72.5,0.0030884981155395,10,0.9311632558550248,117.1875
20.0,6,64.0,776.9963505677923,0.0,0.0,0.5,0.5,0.5,0.0,0.0,5,0,0,5,0,0.0128700733184814,0.0,1.0,0.0,0.0,0.0,0.0,0.0,1.0,0.0,0.0,0.0,0.0,0.0,1.0,1.0,600,54,64,60.0,5.163977794943222,60.0,0.001698088645935,10,0.928861627994548,25.0
20.0,6,64.0,2960.1976145105514,0.0,0.0,0.6,0.4,0.4,0.0,0.0,4,0,0,6,0,0.00337815284729,0.0,1.0,0.0,0.0,0.0,0.0,0.0,1.0,0.0,0.0,0.0,0.0,0.0,1.0,1.0,594,54,66,59.4,5.738757124441959,59.4,0.0003395080566406,10,0.9290957701022128,29.64
20.0,6,64.0,2476.999940943719,0.0,0.0,0.5,0.5,0.5,0.0,0.0,5,0,0,5,0,0.0040371417999267,0.0,1.0,0.0,0.0,0.0,0.0,0.0,1.0,0.0,0.0,0.0,0.0,0.0,1.0,1.0,612,54,66,61.2,6.196773353931867,61.2,0.0010540008544921,10,0.9292823475934576,36.0
20.0,6,64.0,380.17022125137095,0.0,0.0,0.6,0.4,0.4,0.0,0.0,4,0,0,6,0,0.026304006576538,0.0,1.0,0.0,0.0,0.0,0.0,0.0,1.0,0.0,0.0,0.0,0.0,0.0,1.0,1.0,594,54,66,59.4,5.738757124441959,59.4,0.0026334047317504,10,0.9290957701022128,36.0
20.0,6,64.0,1472.0988347606346,0.0,0.0,0.5,0.5,0.5,0.0,0.0,5,0,0,5,0,0.0067930221557617,0.0,1.0,0.0,0.0,0.0,0.0,0.0,1.0,0.0,0.0,0.0,0.0,0.0,1.0,1.0,590,54,64,59.0,5.270462766947299,59.0,0.0014762878417968,10,0.9289050057127436,25.0
20.0,6,64.0,1682.6348938901592,0.0,0.0,0.5,0.5,0.5,0.0,0.0,5,0,0,5,0,0.0059430599212646,0.0,1.0,0.0,0.0,0.0,0.0,0.0,1.0,0.0,0.0,0.0,0.0,0.0,1.0,1.0,608,54,66,60.8,5.902918298980975,60.8,0.0012989997863769,10,0.9291626427982728,31.50617283950617
20.0,6,64.0,3593.474982864976,0.0,0.0,0.6,0.4,0.4,0.0,0.0,4,0,0,6,0,0.0027828216552734,0.0,1.0,0.0,0.0,0.0,0.0,0.0,1.0,0.0,0.0,0.0,0.0,0.0,1.0,1.0,600,54,66,60.0,6.324555320336759,60.0,0.0002816915512084,10,0.9293344008552924,36.0
20.0,6,64.0,356.4311875929467,0.0,0.0,0.8,0.2,0.2,0.0,0.0,2,0,0,8,0,0.0280559062957763,0.0,1.0,0.0,0.0,0.0,0.0,0.0,1.0,0.0,0.0,0.0,0.0,0.0,1.0,1.0,629,54,66,62.9,4.701063709417264,62.9,0.0028423070907592,10,0.9286730553126682,36.0
20.0,6,64.0,1998.8105223027069,0.0,0.0,1.0,0.0,0.0,0.0,0.0,0,0,0,10,0,0.0050029754638671,0.0,1.0,0.0,0.0,0.0,0.0,0.0,1.0,0.0,0.0,0.0,0.0,0.0,1.0,1.0,664,65,67,66.4,0.9660917830792958,66.4,0.0005023956298828,10,0.0,1.0
20.0,6,64.0,222.5189397958534,0.0,0.0,1.0,0.0,0.0,0.0,0.0,0,0,0,10,0,0.0449399948120117,0.0,1.0,0.0,0.0,0.0,0.0,0.0,1.0,0.0,0.0,0.0,0.0,0.0,1.0,1.0,10043,67,1406,1004.3,646.7984487715887,1004.3,0.0044960021972656,10,1.0,448230.25
20.0,6,64.0,668.8946654971693,0.0,0.0,1.0,0.0,0.0,0.0,0.0,0,0,0,10,0,0.0149500370025634,0.0,1.0,0.0,0.0,0.0,0.0,0.0,1.0,0.0,0.0,0.0,0.0,0.0,1.0,1.0,14060,1406,1406,1406.0,0.0,1406.0,0.0014970064163208,10,0.0,0.0
20.0,6,64.0,296.2790500543916,0.0,0.0,0.7,0.3,0.3,0.0,0.0,3,0,0,7,0,0.0337519645690918,0.0,1.0,0.0,0.0,0.0,0.0,0.0,1.0,0.0,0.0,0.0,0.0,0.0,1.0,1.0,4644,54,1406,464.4,649.786836842155,464.4,0.0033848047256469,10,1.0,451600.0
20.0,6,64.0,891.4946437680667,0.0,0.0,0.6,0.4,0.4,0.0,0.0,4,0,0,6,0,0.0112171173095703,0.0,1.0,0.0,0.0,0.0,0.0,0.0,1.0,0.0,0.0,0.0,0.0,0.0,1.0,1.0,626,54,68,62.6,5.966573556070519,62.6,0.0012104034423828,10,0.9291885734038008,36.0
20.0,6,64.0,3034.9522431259043,0.0,0.0,0.7,0.3,0.3,0.0,0.0,3,0,0,7,0,0.0032949447631835,0.0,1.0,0.0,0.0,0.0,0.0,0.0,1.0,0.0,0.0,0.0,0.0,0.0,1.0,1.0,638,54,68,63.8,6.762642481555072,63.8,0.0003331899642944,10,0.9295128600412864,49.0
20.0,6,64.0,272.8002601626016,0.0,0.0,0.9,0.1,0.1,0.0,0.0,1,0,0,9,0,0.0366568565368652,0.0,1.0,0.0,0.0,0.0,0.0,0.0,1.0,0.0,0.0,0.0,0.0,0.0,1.0,1.0,640,54,68,64.0,5.333333333333333,64.0,0.0036670923233032,10,0.9289306166666668,49.0
20.0,6,64.0,905.7015763334052,0.0,0.0,1.0,0.0,0.0,0.0,0.0,0,0,0,10,0,0.0110411643981933,0.0,1.0,0.0,0.0,0.0,0.0,0.0,1.0,0.0,0.0,0.0,0.0,0.0,1.0,1.0,672,66,68,67.2,1.0327955589886444,67.2,0.0011051177978515,10,0.9067291895989096,1.0
20.0,6,64.0,204.5532975366623,0.0,0.0,0.7,0.3,0.3,0.0,0.0,3,0,0,7,0,0.048887014389038,0.0,1.0,0.0,0.0,0.0,0.0,0.0,1.0,0.0,0.0,0.0,0.0,0.0,1.0,1.0,632,54,68,63.2,6.408327915038888,63.2,0.0048900842666625,10,0.9293685264594702,36.96
20.0,6,64.0,2187.26741760534,0.0,0.0,0.5,0.5,0.5,0.0,0.0,5,0,0,5,0,0.0045719146728515,0.0,1.0,0.0,0.0,0.0,0.0,0.0,1.0,0.0,0.0,0.0,0.0,0.0,1.0,1.0,600,54,66,60.0,6.324555320336759,60.0,0.0005671977996826,10,0.9293344008552924,36.0
20.0,6,64.0,2413.7100765379523,0.0,0.0,0.5,0.5,0.5,0.0,0.0,5,0,0,5,0,0.0041429996490478,0.0,1.0,0.0,0.0,0.0,0.0,0.0,1.0,0.0,0.0,0.0,0.0,0.0,1.0,1.0,620,54,68,62.0,6.928203230275509,62.0,0.0004666090011596,10,0.9295803028678852,43.55555555555556
20.0,6,64.0,1729.1820580474937,0.0,0.0,0.6,0.4,0.4,0.0,0.0,4,0,0,6,0,0.0057830810546875,0.0,1.0,0.0,0.0,0.0,0.0,0.0,1.0,0.0,0.0,0.0,0.0,0.0,1.0,1.0,624,54,68,62.4,7.229568912920511,62.4,0.0005820989608764,10,0.9297030671923672,49.0
20.0,6,64.0,279.52522808911635,0.0,0.0,1.0,0.0,0.0,0.0,0.0,0,0,0,10,0,0.0357749462127685,0.0,1.0,0.0,0.0,0.0,0.0,0.0,1.0,0.0,0.0,0.0,0.0,0.0,1.0,1.0,648,54,66,64.8,3.794733192202056,64.8,0.0035861015319824,10,0.9283038525131756,36.0
20.0,6,64.0,1953.837983882238,0.0,0.0,1.0,0.0,0.0,0.0,0.0,0,0,0,10,0,0.0051181316375732,0.0,1.0,0.0,0.0,0.0,0.0,0.0,1.0,0.0,0.0,0.0,0.0,0.0,1.0,1.0,678,66,68,67.8,0.6324555320336757,67.8,0.000514006614685,10,0.0,1.0
20.0,6,64.0,272.5308313082351,0.0,0.0,0.7,0.3,0.3,0.0,0.0,3,0,0,7,0,0.0366930961608886,0.0,1.0,0.0,0.0,0.0,0.0,0.0,1.0,0.0,0.0,0.0,0.0,0.0,1.0,1.0,614,54,68,61.4,5.253570214625479,61.4,0.0037833929061889,10,0.92889812436263,34.666666666666664
20.0,6,64.0,1230.470267257312,0.0,0.0,0.5,0.5,0.5,0.0,0.0,5,0,0,5,0,0.0081269741058349,0.0,1.0,0.0,0.0,0.0,0.0,0.0,1.0,0.0,0.0,0.0,0.0,0.0,1.0,1.0,604,54,66,60.4,5.561774297230456,60.4,0.0011194944381713,10,0.9290236743777198,27.84
20.0,6,64.0,998.311039177417,0.0,0.0,0.6,0.4,0.4,0.0,0.0,4,0,0,6,0,0.010016918182373,0.0,1.0,0.0,0.0,0.0,0.0,0.0,1.0,0.0,0.0,0.0,0.0,0.0,1.0,1.0,612,54,66,61.2,6.196773353931867,61.2,0.001003098487854,10,0.9292823475934576,36.0
20.0,6,64.0,216.6658401520787,0.0,0.0,0.7,0.3,0.3,0.0,0.0,3,0,0,7,0,0.0461540222167968,0.0,1.0,0.0,0.0,0.0,0.0,0.0,1.0,0.0,0.0,0.0,0.0,0.0,1.0,1.0,5916,54,1392,591.6,688.8901218626959,591.6,0.0046183109283447,10,1.0,438888.8888888889
20.0,6,64.0,2834.372212461144,0.0,0.0,0.5,0.5,0.5,0.0,0.0,5,0,0,5,0,0.0035281181335449,0.0,1.0,0.0,0.0,0.0,0.0,0.0,1.0,0.0,0.0,0.0,0.0,0.0,1.0,1.0,7230,54,1392,723.0,705.1879182175486,723.0,0.0004899024963378,10,1.0,447561.0
20.0,6,64.0,2433.032078426823,0.0,0.0,0.5,0.5,0.5,0.0,0.0,5,0,0,5,0,0.0041100978851318,0.0,1.0,0.0,0.0,0.0,0.0,0.0,1.0,0.0,0.0,0.0,0.0,0.0,1.0,1.0,8578,54,1394,857.8,691.8011596148451,857.8,0.0005548954010009,10,1.0,448230.75
20.0,6,64.0,2333.7992432673045,0.0,0.0,0.5,0.5,0.5,0.0,0.0,5,0,0,5,0,0.0042848587036132,0.0,1.0,0.0,0.0,0.0,0.0,0.0,1.0,0.0,0.0,0.0,0.0,0.0,1.0,1.0,7240,54,1394,724.0,706.242010770938,724.0,0.000431489944458,10,1.0,448900.0
20.0,6,64.0,420.6629424212944,0.0,0.0,0.5,0.5,0.5,0.0,0.0,5,0,0,5,0,0.0237720012664794,0.0,1.0,0.0,0.0,0.0,0.0,0.0,1.0,0.0,0.0,0.0,0.0,0.0,1.0,1.0,590,54,64,59.0,5.270462766947299,59.0,0.0023802995681762,10,0.9289050057127436,25.0
20.0,6,64.0,621.663875261231,0.0,0.0,0.5,0.5,0.5,0.0,0.0,5,0,0,5,0,0.0160858631134033,0.0,1.0,0.0,0.0,0.0,0.0,0.0,1.0,0.0,0.0,0.0,0.0,0.0,1.0,1.0,590,54,64,59.0,5.270462766947299,59.0,0.0016123056411743,10,0.9289050057127436,25.0
20.0,6,64.0,2209.505346889322,0.0,0.0,0.5,0.5,0.5,0.0,0.0,5,0,0,5,0,0.0045258998870849,0.0,1.0,0.0,0.0,0.0,0.0,0.0,1.0,0.0,0.0,0.0,0.0,0.0,1.0,1.0,600,54,66,60.0,6.324555320336759,60.0,0.0004555940628051,10,0.9293344008552924,36.0
20.0,6,64.0,1813.5178139052232,0.0,0.0,0.5,0.5,0.5,0.0,0.0,5,0,0,5,0,0.0055141448974609,0.0,1.0,0.0,0.0,0.0,0.0,0.0,1.0,0.0,0.0,0.0,0.0,0.0,1.0,1.0,600,54,66,60.0,6.324555320336759,60.0,0.0005544185638427,10,0.9293344008552924,36.0
20.0,6,64.0,370.0704088655173,0.0,0.0,1.0,0.0,0.0,0.0,0.0,0,0,0,10,0,0.0270218849182128,0.0,1.0,0.0,0.0,0.0,0.0,0.0,1.0,0.0,0.0,0.0,0.0,0.0,1.0,1.0,2124,54,230,212.4,55.656086818963466,212.4,0.0027038812637329,10,0.9494300935265728,7744.0
20.0,6,64.0,33000.031471282455,0.0,0.0,1.0,0.0,0.0,0.0,0.0,0,0,0,10,0,0.000303030014038,0.0,1.0,0.0,0.0,0.0,0.0,0.0,1.0,0.0,0.0,0.0,0.0,0.0,1.0,1.0,2318,230,232,231.8,0.632455532033676,231.8,0.0008722066879272,10,0.0,1.0
20.0,6,64.0,218.1590458704144,0.0,0.0,0.5,0.5,0.5,0.0,0.0,5,0,0,5,0,0.0458381175994873,0.0,1.0,0.0,0.0,0.0,0.0,0.0,1.0,0.0,0.0,0.0,0.0,0.0,1.0,1.0,808,54,232,80.8,53.87392690346602,80.8,0.0046432018280029,10,0.948704112863396,6400.88888888889
20.0,6,64.0,1041.9077901430842,0.0,0.0,0.6,0.4,0.4,0.0,0.0,4,0,0,6,0,0.0095977783203125,0.0,1.0,0.0,0.0,0.0,0.0,0.0,1.0,0.0,0.0,0.0,0.0,0.0,1.0,1.0,630,54,72,63.0,9.486832980505138,63.0,0.0009636878967285,10,0.9306225862829386,81.0
20.0,6,64.0,2462.4575823401638,0.0,0.0,0.5,0.5,0.5,0.0,0.0,5,0,0,5,0,0.0040609836578369,0.0,1.0,0.0,0.0,0.0,0.0,0.0,1.0,0.0,0.0,0.0,0.0,0.0,1.0,1.0,640,54,74,64.0,10.540925533894598,64.0,0.0005083084106445,10,0.9310519814254872,100.0
20.0,6,64.0,3474.69472288957,0.0,0.0,0.5,0.5,0.5,0.0,0.0,5,0,0,5,0,0.0028779506683349,0.0,1.0,0.0,0.0,0.0,0.0,0.0,1.0,0.0,0.0,0.0,0.0,0.0,1.0,1.0,640,54,74,64.0,10.540925533894598,64.0,0.0004009008407592,10,0.9310519814254872,100.0
20.0,6,64.0,471.895771922324,0.0,0.0,1.0,0.0,0.0,0.0,0.0,0,0,0,10,0,0.021191120147705,0.0,1.0,0.0,0.0,0.0,0.0,0.0,1.0,0.0,0.0,0.0,0.0,0.0,1.0,1.0,12240,1224,1224,1224.0,0.0,1224.0,0.004102611541748,10,0.0,0.0
20.0,6,64.0,2390.597891137076,0.0,0.0,1.0,0.0,0.0,0.0,0.0,0,0,0,10,0,0.0041830539703369,0.0,1.0,0.0,0.0,0.0,0.0,0.0,1.0,0.0,0.0,0.0,0.0,0.0,1.0,1.0,12260,1226,1226,1226.0,0.0,1226.0,0.0004196882247924,10,0.0,0.0
20.0,6,64.0,1307.5328885840763,0.0,0.0,0.5,0.5,0.5,0.0,0.0,5,0,0,5,0,0.0076479911804199,0.0,1.0,0.0,0.0,0.0,0.0,0.0,1.0,0.0,0.0,0.0,0.0,0.0,1.0,1.0,600,54,64,60.0,5.163977794943222,60.0,0.0043882131576538,10,0.928861627994548,24.691358024691358
20.0,6,64.0,2302.538427755819,0.0,0.0,0.5,0.5,0.5,0.0,0.0,5,0,0,5,0,0.004343032836914,0.0,1.0,0.0,0.0,0.0,0.0,0.0,1.0,0.0,0.0,0.0,0.0,0.0,1.0,1.0,592,54,66,59.2,5.513619500836088,59.2,0.0004364013671875,10,0.9290040580398606,27.360000000000003
20.0,6,64.0,2717.398121153223,0.0,0.0,0.5,0.5,0.5,0.0,0.0,5,0,0,5,0,0.0036799907684326,0.0,1.0,0.0,0.0,0.0,0.0,0.0,1.0,0.0,0.0,0.0,0.0,0.0,1.0,1.0,600,54,66,60.0,6.324555320336759,60.0,0.0003702878952026,10,0.9293344008552924,36.0
20.0,6,64.0,407.51467101939295,0.0,0.0,0.6,0.4,0.4,0.0,0.0,4,0,0,6,0,0.0245389938354492,0.0,1.0,0.0,0.0,0.0,0.0,0.0,1.0,0.0,0.0,0.0,0.0,0.0,1.0,1.0,598,54,66,59.8,6.142746399887703,59.8,0.0024578094482421,10,0.9292603391734584,36.0
20.0,6,64.0,1073.8655333094373,0.0,0.0,0.5,0.5,0.5,0.0,0.0,5,0,0,5,0,0.0093121528625488,0.0,1.0,0.0,0.0,0.0,0.0,0.0,1.0,0.0,0.0,0.0,0.0,0.0,1.0,1.0,600,54,64,60.0,5.163977794943222,60.0,0.0017431020736694,10,0.928861627994548,25.0
20.0,6,64.0,2155.235599403936,0.0,0.0,0.7,0.3,0.3,0.0,0.0,3,0,0,7,0,0.0046398639678955,0.0,1.0,0.0,0.0,0.0,0.0,0.0,1.0,0.0,0.0,0.0,0.0,0.0,1.0,1.0,606,54,66,60.6,5.738757124441958,60.6,0.0004682779312133,10,0.9290957701022128,29.64
20.0,6,64.0,2766.3263421712177,0.0,0.0,0.6,0.4,0.4,0.0,0.0,4,0,0,6,0,0.0036149024963378,0.0,1.0,0.0,0.0,0.0,0.0,0.0,1.0,0.0,0.0,0.0,0.0,0.0,1.0,1.0,612,54,66,61.2,6.196773353931867,61.2,0.000363802909851,10,0.9292823475934576,36.0
20.0,6,64.0,307.58824003930744,0.0,0.0,0.6,0.4,0.4,0.0,0.0,4,0,0,6,0,0.0325109958648681,0.0,1.0,0.0,0.0,0.0,0.0,0.0,1.0,0.0,0.0,0.0,0.0,0.0,1.0,1.0,612,54,66,61.2,6.196773353931867,61.2,0.0033164978027343,10,0.9292823475934576,36.0
20.0,6,64.0,1527.145093755689,0.0,0.0,0.5,0.5,0.5,0.0,0.0,5,0,0,5,0,0.0065481662750244,0.0,1.0,0.0,0.0,0.0,0.0,0.0,1.0,0.0,0.0,0.0,0.0,0.0,1.0,1.0,600,54,66,60.0,6.324555320336759,60.0,0.0006568193435668,10,0.9293344008552924,36.0
20.0,6,64.0,899.2161907212075,0.0,0.0,0.5,0.5,0.5,0.0,0.0,5,0,0,5,0,0.0111207962036132,0.0,1.0,0.0,0.0,0.0,0.0,0.0,1.0,0.0,0.0,0.0,0.0,0.0,1.0,1.0,610,54,68,61.0,7.378647873726218,61.0,0.0012535810470581,10,0.9297637959978412,49.0
20.0,6,64.0,335.6275556337972,0.0,0.0,0.5,0.5,0.5,0.0,0.0,5,0,0,5,0,0.0297949314117431,0.0,1.0,0.0,0.0,0.0,0.0,0.0,1.0,0.0,0.0,0.0,0.0,0.0,1.0,1.0,622,54,68,62.2,7.083627444874398,62.2,0.0030877113342285,10,0.929643616475944,49.0
20.0,6,64.0,1172.182661673467,0.0,0.0,0.7,0.3,0.3,0.0,0.0,3,0,0,7,0,0.0085310935974121,0.0,1.0,0.0,0.0,0.0,0.0,0.0,1.0,0.0,0.0,0.0,0.0,0.0,1.0,1.0,612,54,66,61.2,6.196773353931867,61.2,0.0008589029312133,10,0.9292823475934576,36.0
20.0,6,64.0,885.1170152151434,0.0,0.0,0.6,0.4,0.4,0.0,0.0,4,0,0,6,0,0.0112979412078857,0.0,1.0,0.0,0.0,0.0,0.0,0.0,1.0,0.0,0.0,0.0,0.0,0.0,1.0,1.0,618,54,68,61.8,6.762642481555071,61.8,0.0011343955993652,10,0.9295128600412864,41.16
20.0,6,64.0,3476.9990881206995,0.0,0.0,0.6,0.4,0.4,0.0,0.0,4,0,0,6,0,0.0028760433197021,0.0,1.0,0.0,0.0,0.0,0.0,0.0,1.0,0.0,0.0,0.0,0.0,0.0,1.0,1.0,624,54,68,62.4,7.229568912920511,62.4,0.0003217935562133,10,0.9297030671923672,49.0
20.0,6,64.0,307.8252700798497,0.0,0.0,0.5,0.5,0.5,0.0,0.0,5,0,0,5,0,0.0324859619140625,0.0,1.0,0.0,0.0,0.0,0.0,0.0,1.0,0.0,0.0,0.0,0.0,0.0,1.0,1.0,594,54,68,59.4,5.815687596683837,59.4,0.0033620119094848,10,0.9291271084993852,49.0
20.0,6,64.0,849.1697204057255,0.0,0.0,0.5,0.5,0.5,0.0,0.0,5,0,0,5,0,0.0117762088775634,0.0,1.0,0.0,0.0,0.0,0.0,0.0,1.0,0.0,0.0,0.0,0.0,0.0,1.0,1.0,600,54,64,60.0,5.163977794943222,60.0,0.0011800050735473,10,0.928861627994548,25.0
20.0,6,64.0,1572.0779610194902,0.0,0.0,0.5,0.5,0.5,0.0,0.0,5,0,0,5,0,0.0063610076904296,0.0,1.0,0.0,0.0,0.0,0.0,0.0,1.0,0.0,0.0,0.0,0.0,0.0,1.0,1.0,600,54,66,60.0,6.324555320336759,60.0,0.0006384849548339,10,0.9293344008552924,36.0
20.0,6,64.0,1831.493821230514,0.0,0.0,0.5,0.5,0.5,0.0,0.0,5,0,0,5,0,0.0054600238800048,0.0,1.0,0.0,0.0,0.0,0.0,0.0,1.0,0.0,0.0,0.0,0.0,0.0,1.0,1.0,600,54,66,60.0,6.324555320336759,60.0,0.0005491018295288,10,0.9293344008552924,36.0
20.0,6,64.0,334.2687504482893,0.0,0.0,1.0,0.0,0.0,0.0,0.0,0,0,0,10,0,0.0299160480499267,0.0,1.0,0.0,0.0,0.0,0.0,0.0,1.0,0.0,0.0,0.0,0.0,0.0,1.0,1.0,630,54,64,63.0,3.1622776601683795,63.0,0.0029953002929687,10,0.9280462154276462,25.0
20.0,6,64.0,449.75755171193583,0.0,0.0,1.0,0.0,0.0,0.0,0.0,0,0,0,10,0,0.0222342014312744,0.0,1.0,0.0,0.0,0.0,0.0,0.0,1.0,0.0,0.0,0.0,0.0,0.0,1.0,1.0,658,64,66,65.8,0.6324555320336757,65.8,0.0022256135940551,10,0.0,1.0
20.0,6,64.0,324.31773720878084,0.0,0.0,0.5,0.5,0.5,0.0,0.0,5,0,0,5,0,0.0308339595794677,0.0,1.0,0.0,0.0,0.0,0.0,0.0,1.0,0.0,0.0,0.0,0.0,0.0,1.0,1.0,602,54,66,60.2,5.370702416299421,60.2,0.0030866861343383,10,0.9289458393363036,27.84
20.0,6,64.0,2184.3058014790126,0.0,0.0,0.5,0.5,0.5,0.0,0.0,5,0,0,5,0,0.0045781135559082,0.0,1.0,0.0,0.0,0.0,0.0,0.0,1.0,0.0,0.0,0.0,0.0,0.0,1.0,1.0,590,54,64,59.0,5.270462766947299,59.0,0.0004595041275024,10,0.9289050057127436,25.0
20.0,6,64.0,966.8304826886728,0.0,0.0,0.5,0.5,0.5,0.0,0.0,5,0,0,5,0,0.0103430747985839,0.0,1.0,0.0,0.0,0.0,0.0,0.0,1.0,0.0,0.0,0.0,0.0,0.0,1.0,1.0,600,54,66,60.0,6.324555320336759,60.0,0.0010380983352661,10,0.9293344008552924,36.0
20.0,6,64.0,1766.469002695418,0.0,0.0,0.5,0.5,0.5,0.0,0.0,5,0,0,5,0,0.0056610107421875,0.0,1.0,0.0,0.0,0.0,0.0,0.0,1.0,0.0,0.0,0.0,0.0,0.0,1.0,1.0,600,54,66,60.0,6.324555320336759,60.0,0.0005702972412109,10,0.9293344008552924,36.0
20.0,6,64.0,363.18722615728313,0.0,0.0,0.5,0.5,0.5,0.0,0.0,5,0,0,5,0,0.027534008026123,0.0,1.0,0.0,0.0,0.0,0.0,0.0,1.0,0.0,0.0,0.0,0.0,0.0,1.0,1.0,590,54,64,59.0,5.270462766947299,59.0,0.0027570009231567,10,0.9289050057127436,25.0
20.0,6,64.0,602.7424662652506,0.0,0.0,0.6,0.4,0.4,0.0,0.0,4,0,0,6,0,0.0165908336639404,0.0,1.0,0.0,0.0,0.0,0.0,0.0,1.0,0.0,0.0,0.0,0.0,0.0,1.0,1.0,602,54,66,60.2,5.370702416299421,60.2,0.0016613960266113,10,0.9289458393363036,25.96
20.0,6,64.0,2207.063776047148,0.0,0.0,0.5,0.5,0.5,0.0,0.0,5,0,0,5,0,0.004530906677246,0.0,1.0,0.0,0.0,0.0,0.0,0.0,1.0,0.0,0.0,0.0,0.0,0.0,1.0,1.0,600,54,66,60.0,6.324555320336759,60.0,0.0004565954208374,10,0.9293344008552924,36.0
20.0,6,64.0,433.38988830221433,0.0,0.0,0.6,0.4,0.4,0.0,0.0,4,0,0,6,0,0.0230739116668701,0.0,1.0,0.0,0.0,0.0,0.0,0.0,1.0,0.0,0.0,0.0,0.0,0.0,1.0,1.0,598,54,66,59.8,6.142746399887703,59.8,0.0023112058639526,10,0.9292603391734584,36.0
20.0,6,64.0,794.7821802815834,0.0,0.0,1.0,0.0,0.0,0.0,0.0,0,0,0,10,0,0.0125820636749267,0.0,1.0,0.0,0.0,0.0,0.0,0.0,1.0,0.0,0.0,0.0,0.0,0.0,1.0,1.0,642,64,66,64.2,0.6324555320336759,64.2,0.001468801498413,10,0.0,0.36
20.0,6,64.0,271.5709050412442,0.0,0.0,1.0,0.0,0.0,0.0,0.0,0,0,0,10,0,0.0368227958679199,0.0,1.0,0.0,0.0,0.0,0.0,0.0,1.0,0.0,0.0,0.0,0.0,0.0,1.0,1.0,660,66,66,66.0,0.0,66.0,0.0036840915679931,10,0.0,0.0
20.0,6,64.0,488.7839554369487,0.0,0.0,1.0,0.0,0.0,0.0,0.0,0,0,0,10,0,0.0204589366912841,0.0,1.0,0.0,0.0,0.0,0.0,0.0,1.0,0.0,0.0,0.0,0.0,0.0,1.0,1.0,662,66,68,66.2,0.6324555320336759,66.2,0.0022876024246215,10,0.0,0.36
20.0,6,64.0,349.4408851194295,0.0,0.0,1.0,0.0,0.0,0.0,0.0,0,0,0,10,0,0.0286171436309814,0.0,1.0,0.0,0.0,0.0,0.0,0.0,1.0,0.0,0.0,0.0,0.0,0.0,1.0,1.0,678,66,68,67.8,0.6324555320336759,67.8,0.0028638124465942,10,0.0,0.36
20.0,6,64.0,887.5331160861653,0.0,0.0,1.0,0.0,0.0,0.0,0.0,0,0,0,10,0,0.0112671852111816,0.0,1.0,0.0,0.0,0.0,0.0,0.0,1.0,0.0,0.0,0.0,0.0,0.0,1.0,1.0,662,66,68,66.2,0.6324555320336759,66.2,0.0012433052062988,10,0.0,0.36
20.0,6,64.0,251.14840873027757,0.0,0.0,1.0,0.0,0.0,0.0,0.0,0,0,0,10,0,0.0398170948028564,0.0,1.0,0.0,0.0,0.0,0.0,0.0,1.0,0.0,0.0,0.0,0.0,0.0,1.0,1.0,678,66,68,67.8,0.6324555320336759,67.8,0.0039825916290283,10,0.0,0.36
20.0,6,64.0,501.07566960552407,0.0,0.0,0.7,0.3,0.3,0.0,0.0,3,0,0,7,0,0.0199570655822753,0.0,1.0,0.0,0.0,0.0,0.0,0.0,1.0,0.0,0.0,0.0,0.0,0.0,1.0,1.0,636,54,66,63.6,5.059644256269407,63.6,0.0024717092514038,10,0.928819126684234,27.0
20.0,6,64.0,7861.863167760075,0.0,0.0,0.7,0.3,0.3,0.0,0.0,3,0,0,7,0,0.0012719631195068,0.0,1.0,0.0,0.0,0.0,0.0,0.0,1.0,0.0,0.0,0.0,0.0,0.0,1.0,1.0,636,54,68,63.6,6.65331997326648,63.6,0.000130295753479,10,0.92946832642431,41.87654320987654
20.0,6,64.0,351.56735371281525,0.0,0.0,0.7,0.3,0.3,0.0,0.0,3,0,0,7,0,0.0284440517425537,0.0,1.0,0.0,0.0,0.0,0.0,0.0,1.0,0.0,0.0,0.0,0.0,0.0,1.0,1.0,620,54,68,62.0,6.928203230275509,62.0,0.0028460979461669,10,0.9295803028678852,49.0
20.0,6,64.0,1169.3069417340396,0.0,0.0,0.5,0.5,0.5,0.0,0.0,5,0,0,5,0,0.008552074432373,0.0,1.0,0.0,0.0,0.0,0.0,0.0,1.0,0.0,0.0,0.0,0.0,0.0,1.0,1.0,612,54,66,61.2,6.196773353931867,61.2,0.0009573936462402,10,0.9292823475934576,36.0
20.0,6,64.0,1697.205519362279,0.0,0.0,0.5,0.5,0.5,0.0,0.0,5,0,0,5,0,0.0058920383453369,0.0,1.0,0.0,0.0,0.0,0.0,0.0,1.0,0.0,0.0,0.0,0.0,0.0,1.0,1.0,606,54,68,60.6,6.995236474439826,60.6,0.0005922079086303,10,0.9296076095302278,44.04
20.0,6,64.0,1789.9133700337131,0.0,0.0,0.5,0.5,0.5,0.0,0.0,5,0,0,5,0,0.0055868625640869,0.0,1.0,0.0,0.0,0.0,0.0,0.0,1.0,0.0,0.0,0.0,0.0,0.0,1.0,1.0,610,54,68,61.0,7.378647873726218,61.0,0.0005616903305053,10,0.9297637959978412,49.0
20.0,6,64.0,310.2318804133167,0.0,0.0,0.6,0.4,0.4,0.0,0.0,4,0,0,6,0,0.0322339534759521,0.0,1.0,0.0,0.0,0.0,0.0,0.0,1.0,0.0,0.0,0.0,0.0,0.0,1.0,1.0,604,54,68,60.4,6.785605679999719,60.4,0.0032251119613647,10,0.9295222143298046,49.0
20.0,6,64.0,670.1986162376364,0.0,0.0,0.8,0.2,0.2,0.0,0.0,2,0,0,8,0,0.014920949935913,0.0,1.0,0.0,0.0,0.0,0.0,0.0,1.0,0.0,0.0,0.0,0.0,0.0,1.0,1.0,638,54,68,63.8,5.202563470700445,63.8,0.0021044969558715,10,0.9288773462554244,24.360000000000003
20.0,6,64.0,3521.074546675621,0.0,0.0,0.8,0.2,0.2,0.0,0.0,2,0,0,8,0,0.0028400421142578,0.0,1.0,0.0,0.0,0.0,0.0,0.0,1.0,0.0,0.0,0.0,0.0,0.0,1.0,1.0,652,54,68,65.2,5.902918298980975,65.2,0.0002851963043212,10,0.9291626427982728,36.75
20.0,6,64.0,229.6424210900928,0.0,0.0,1.0,0.0,0.0,0.0,0.0,0,0,0,10,0,0.0435459613800048,0.0,1.0,0.0,0.0,0.0,0.0,0.0,1.0,0.0,0.0,0.0,0.0,0.0,1.0,1.0,662,66,68,66.2,0.6324555320336757,66.2,0.0043582916259765,10,0.0,1.0
20.0,6,64.0,1758.6917690469202,0.0,0.0,1.0,0.0,0.0,0.0,0.0,0,0,0,10,0,0.0056860446929931,0.0,1.0,0.0,0.0,0.0,0.0,0.0,1.0,0.0,0.0,0.0,0.0,0.0,1.0,1.0,678,66,68,67.8,0.6324555320336757,67.8,0.0005731105804443,10,0.0,1.0
20.0,6,64.0,279.11971198317684,0.0,0.0,0.5,0.5,0.5,0.0,0.0,5,0,0,5,0,0.0358269214630126,0.0,1.0,0.0,0.0,0.0,0.0,0.0,1.0,0.0,0.0,0.0,0.0,0.0,1.0,1.0,604,54,68,60.4,5.641118880348314,60.4,0.003584885597229,10,0.9290559961870988,34.666666666666664
20.0,6,64.0,1347.6974487500804,0.0,0.0,0.5,0.5,0.5,0.0,0.0,5,0,0,5,0,0.0074200630187988,0.0,1.0,0.0,0.0,0.0,0.0,0.0,1.0,0.0,0.0,0.0,0.0,0.0,1.0,1.0,590,54,64,59.0,5.270462766947299,59.0,0.0007439136505126,10,0.9289050057127436,25.0
20.0,6,64.0,1215.6698162425366,0.0,0.0,0.5,0.5,0.5,0.0,0.0,5,0,0,5,0,0.0082259178161621,0.0,1.0,0.0,0.0,0.0,0.0,0.0,1.0,0.0,0.0,0.0,0.0,0.0,1.0,1.0,600,54,66,60.0,6.324555320336759,60.0,0.0008265972137451,10,0.9293344008552924,36.0
20.0,6,64.0,2418.8604382929643,0.0,0.0,0.5,0.5,0.5,0.0,0.0,5,0,0,5,0,0.004134178161621,0.0,1.0,0.0,0.0,0.0,0.0,0.0,1.0,0.0,0.0,0.0,0.0,0.0,1.0,1.0,600,54,66,60.0,6.324555320336759,60.0,0.0004151105880737,10,0.9293344008552924,36.0
20.0,6,64.0,278.3805453049088,0.0,0.0,1.0,0.0,0.0,0.0,0.0,0,0,0,10,0,0.0359220504760742,0.0,1.0,0.0,0.0,0.0,0.0,0.0,1.0,0.0,0.0,0.0,0.0,0.0,1.0,1.0,648,54,66,64.8,3.794733192202056,64.8,0.0035941839218139,10,0.9283038525131756,36.0
20.0,6,64.0,103307.9802955665,0.0,0.0,1.0,0.0,0.0,0.0,0.0,0,0,0,10,0,9.679794311523438e-05,0.0,1.0,0.0,0.0,0.0,0.0,0.0,1.0,0.0,0.0,0.0,0.0,0.0,1.0,1.0,678,66,68,67.8,0.6324555320336757,67.8,1.0895729064941409e-05,10,0.0,1.0
20.0,6,64.0,174.73718416064324,0.0,0.0,1.0,0.0,0.0,0.0,0.0,0,0,0,10,0,0.0572288036346435,0.0,1.0,0.0,0.0,0.0,0.0,0.0,1.0,0.0,0.0,0.0,0.0,0.0,1.0,1.0,6269,68,689,626.9,196.37744269645628,626.9,0.0057240009307861,10,0.9828965250568286,96410.25
20.0,6,64.0,67108.864,0.0,0.0,1.0,0.0,0.0,0.0,0.0,0,0,0,10,0,0.0001490116119384,0.0,1.0,0.0,0.0,0.0,0.0,0.0,1.0,0.0,0.0,0.0,0.0,0.0,1.0,1.0,6908,689,691,690.8,0.6324555320336759,690.8,1.64031982421875e-05,10,0.0,1.0
20.0,6,64.0,257.66545235623323,0.0,0.0,0.7,0.3,0.3,0.0,0.0,3,0,0,7,0,0.0388100147247314,0.0,1.0,0.0,0.0,0.0,0.0,0.0,1.0,0.0,0.0,0.0,0.0,0.0,1.0,1.0,1237,54,691,123.7,199.38463665321197,123.7,0.0038836002349853,10,1.0,98282.25
20.0,6,64.0,725.8464999567361,0.0,0.0,0.6,0.4,0.4,0.0,0.0,4,0,0,6,0,0.0137770175933837,0.0,1.0,0.0,0.0,0.0,0.0,0.0,1.0,0.0,0.0,0.0,0.0,0.0,1.0,1.0,602,54,65,60.2,5.3499740393970345,60.2,0.001462697982788,10,0.9289373954246888,25.76
20.0,6,64.0,2473.3482722019107,0.0,0.0,0.6,0.4,0.4,0.0,0.0,4,0,0,6,0,0.0040431022644042,0.0,1.0,0.0,0.0,0.0,0.0,0.0,1.0,0.0,0.0,0.0,0.0,0.0,1.0,1.0,606,54,65,60.6,5.680375574437545,60.6,0.0004064083099365,10,0.9290719877940028,30.25
20.0,6,64.0,266.8726497629879,0.0,0.0,0.5,0.5,0.5,0.0,0.0,5,0,0,5,0,0.037471055984497,0.0,1.0,0.0,0.0,0.0,0.0,0.0,1.0,0.0,0.0,0.0,0.0,0.0,1.0,1.0,592,54,65,59.2,5.493430419854044,59.2,0.0038110971450805,10,0.9289958338158316,30.25
20.0,6,64.0,326.41260107239856,0.0,0.0,0.5,0.5,0.5,0.0,0.0,5,0,0,5,0,0.0306360721588134,0.0,1.0,0.0,0.0,0.0,0.0,0.0,1.0,0.0,0.0,0.0,0.0,0.0,1.0,1.0,600,54,64,60.0,5.163977794943222,60.0,0.0039797067642211,10,0.928861627994548,25.0
20.0,6,64.0,2510.056253740275,0.0,0.0,0.6,0.4,0.4,0.0,0.0,4,0,0,6,0,0.0039839744567871,0.0,1.0,0.0,0.0,0.0,0.0,0.0,1.0,0.0,0.0,0.0,0.0,0.0,1.0,1.0,598,54,66,59.8,6.142746399887703,59.8,0.0004050016403198,10,0.9292603391734584,33.959999999999994
20.0,6,64.0,946.6886355941768,0.0,0.0,0.5,0.5,0.5,0.0,0.0,5,0,0,5,0,0.0105631351470947,0.0,1.0,0.0,0.0,0.0,0.0,0.0,1.0,0.0,0.0,0.0,0.0,0.0,1.0,1.0,600,54,66,60.0,6.324555320336759,60.0,0.0012109994888305,10,0.9293344008552924,36.0
20.0,6,64.0,469.7921146953405,0.0,0.0,1.0,0.0,0.0,0.0,0.0,0,0,0,10,0,0.0212860107421875,0.0,1.0,0.0,0.0,0.0,0.0,0.0,1.0,0.0,0.0,0.0,0.0,0.0,1.0,1.0,804,66,82,80.4,5.059644256269406,80.4,0.0023059844970703,10,0.908369566684234,64.0
20.0,6,64.0,75301.68761220826,0.0,0.0,1.0,0.0,0.0,0.0,0.0,0,0,0,10,0,0.0001327991485595,0.0,1.0,0.0,0.0,0.0,0.0,0.0,1.0,0.0,0.0,0.0,0.0,0.0,1.0,1.0,838,82,84,83.8,0.6324555320336757,83.8,1.4901161193847656e-05,10,0.0,1.0
20.0,6,64.0,302.6914056016223,0.0,0.0,1.0,0.0,0.0,0.0,0.0,0,0,0,10,0,0.0330369472503662,0.0,1.0,0.0,0.0,0.0,0.0,0.0,1.0,0.0,0.0,0.0,0.0,0.0,1.0,1.0,660,64,84,66.0,6.324555320336759,66.0,0.0033054113388061,10,0.9122931008552924,100.0
20.0,6,64.0,72440.48359240069,0.0,0.0,1.0,0.0,0.0,0.0,0.0,0,0,0,10,0,0.0001380443572998,0.0,1.0,0.0,0.0,0.0,0.0,0.0,1.0,0.0,0.0,0.0,0.0,0.0,1.0,1.0,658,64,66,65.8,0.6324555320336757,65.8,1.5401840209960936e-05,10,0.0,1.0
20.0,6,64.0,234.06106129008856,0.0,0.0,0.6,0.4,0.4,0.0,0.0,4,0,0,6,0,0.0427238941192626,0.0,1.0,0.0,0.0,0.0,0.0,0.0,1.0,0.0,0.0,0.0,0.0,0.0,1.0,1.0,612,54,66,61.2,6.196773353931867,61.2,0.0042739868164062,10,0.9292823475934576,34.56
20.0,6,64.0,2859.492773384238,0.0,0.0,0.5,0.5,0.5,0.0,0.0,5,0,0,5,0,0.0034971237182617,0.0,1.0,0.0,0.0,0.0,0.0,0.0,1.0,0.0,0.0,0.0,0.0,0.0,1.0,1.0,600,54,66,60.0,6.324555320336759,60.0,0.0004567146301269,10,0.9293344008552924,36.0
20.0,6,64.0,2130.3860219423,0.0,0.0,0.6,0.4,0.4,0.0,0.0,4,0,0,6,0,0.0046939849853515,0.0,1.0,0.0,0.0,0.0,0.0,0.0,1.0,0.0,0.0,0.0,0.0,0.0,1.0,1.0,624,54,68,62.4,7.229568912920511,62.4,0.0017289876937866,10,0.9297030671923672,48.0
20.0,6,64.0,384.97159273434846,0.0,0.0,0.7,0.3,0.3,0.0,0.0,3,0,0,7,0,0.0259759426116943,0.0,1.0,0.0,0.0,0.0,0.0,0.0,1.0,0.0,0.0,0.0,0.0,0.0,1.0,1.0,632,54,68,63.2,6.408327915038888,63.2,0.0026010990142822,10,0.9293685264594702,48.0
20.0,6,64.0,1082.5965980951398,0.0,0.0,1.0,0.0,0.0,0.0,0.0,0,0,0,10,0,0.0092370510101318,0.0,1.0,0.0,0.0,0.0,0.0,0.0,1.0,0.0,0.0,0.0,0.0,0.0,1.0,1.0,666,66,68,66.6,0.966091783079296,66.6,0.0009247064590454,10,0.0,0.8400000000000001
20.0,6,64.0,223.06093578820847,0.0,0.0,1.0,0.0,0.0,0.0,0.0,0,0,0,10,0,0.0448307991027832,0.0,1.0,0.0,0.0,0.0,0.0,0.0,1.0,0.0,0.0,0.0,0.0,0.0,1.0,1.0,758,68,94,75.8,12.559193180030848,75.8,0.0044853925704956,10,0.9080163229338176,141.96
20.0,6,64.0,2372.4780813394423,0.0,0.0,1.0,0.0,0.0,0.0,0.0,0,0,0,10,0,0.0042150020599365,0.0,1.0,0.0,0.0,0.0,0.0,0.0,1.0,0.0,0.0,0.0,0.0,0.0,1.0,1.0,946,94,96,94.6,0.966091783079296,94.6,0.0004247188568115,10,0.0,0.8400000000000001
20.0,6,64.0,183.3014596626169,0.0,0.0,0.8,0.2,0.2,0.0,0.0,2,0,0,8,0,0.0545549392700195,0.0,1.0,0.0,0.0,0.0,0.0,0.0,1.0,0.0,0.0,0.0,0.0,0.0,1.0,1.0,858,54,96,85.8,16.745148551147583,85.8,0.0062415838241577,10,0.9335793337137956,252.36
20.0,6,64.0,530.5618944012953,0.0,0.0,0.6,0.4,0.4,0.0,0.0,4,0,0,6,0,0.0188479423522949,0.0,1.0,0.0,0.0,0.0,0.0,0.0,1.0,0.0,0.0,0.0,0.0,0.0,1.0,1.0,600,54,66,60.0,6.324555320336759,60.0,0.0019678115844726,10,0.9293344008552924,36.0
20.0,6,64.0,3015.5323891005823,0.0,0.0,0.5,0.5,0.5,0.0,0.0,5,0,0,5,0,0.0033161640167236,0.0,1.0,0.0,0.0,0.0,0.0,0.0,1.0,0.0,0.0,0.0,0.0,0.0,1.0,1.0,604,54,68,60.4,6.785605679999719,60.4,0.0003648996353149,10,0.9295222143298046,41.44
20.0,6,64.0,2056.333774574692,0.0,0.0,0.5,0.5,0.5,0.0,0.0,5,0,0,5,0,0.0048630237579345,0.0,1.0,0.0,0.0,0.0,0.0,0.0,1.0,0.0,0.0,0.0,0.0,0.0,1.0,1.0,610,54,68,61.0,7.378647873726218,61.0,0.0005888938903808,10,0.9297637959978412,49.0
20.0,6,64.0,861.5541359406775,0.0,0.0,0.6,0.4,0.4,0.0,0.0,4,0,0,6,0,0.0116069316864013,0.0,1.0,0.0,0.0,0.0,0.0,0.0,1.0,0.0,0.0,0.0,0.0,0.0,1.0,1.0,651,54,77,65.1,10.23555893279242,65.1,0.0014559984207153,10,0.9309275872868624,94.29
20.0,6,64.0,1194.4479567136552,0.0,0.0,1.0,0.0,0.0,0.0,0.0,0,0,0,10,0,0.0083720684051513,0.0,1.0,0.0,0.0,0.0,0.0,0.0,1.0,0.0,0.0,0.0,0.0,0.0,1.0,1.0,776,77,79,77.6,0.966091783079296,77.6,0.0008397102355957,10,0.0,0.8400000000000001
20.0,6,64.0,305.1556952447471,0.0,0.0,0.8,0.2,0.2,0.0,0.0,2,0,0,8,0,0.0327701568603515,0.0,1.0,0.0,0.0,0.0,0.0,0.0,1.0,0.0,0.0,0.0,0.0,0.0,1.0,1.0,739,54,79,73.9,8.83742043811428,73.9,0.0032778978347778,10,0.9303580415896704,70.39506172839506
20.0,6,64.0,1156.4432435413162,0.0,0.0,0.5,0.5,0.5,0.0,0.0,5,0,0,5,0,0.0086472034454345,0.0,1.0,0.0,0.0,0.0,0.0,0.0,1.0,0.0,0.0,0.0,0.0,0.0,1.0,1.0,600,54,66,60.0,6.324555320336759,60.0,0.0008681058883666,10,0.9293344008552924,36.0
20.0,6,64.0,1023.0259274616454,0.0,0.0,0.6,0.4,0.4,0.0,0.0,4,0,0,6,0,0.0097749233245849,0.0,1.0,0.0,0.0,0.0,0.0,0.0,1.0,0.0,0.0,0.0,0.0,0.0,1.0,1.0,604,54,68,60.4,6.785605679999719,60.4,0.0009792804718017,10,0.9295222143298046,41.44
20.0,6,64.0,2191.037977328527,0.0,0.0,0.5,0.5,0.5,0.0,0.0,5,0,0,5,0,0.0045640468597412,0.0,1.0,0.0,0.0,0.0,0.0,0.0,1.0,0.0,0.0,0.0,0.0,0.0,1.0,1.0,624,54,68,62.4,7.229568912920511,62.4,0.0005446195602416,10,0.9297030671923672,49.0
20.0,6,64.0,342.806329279456,0.0,0.0,0.6,0.4,0.4,0.0,0.0,4,0,0,6,0,0.0291709899902343,0.0,1.0,0.0,0.0,0.0,0.0,0.0,1.0,0.0,0.0,0.0,0.0,0.0,1.0,1.0,604,54,68,60.4,6.785605679999719,60.4,0.0029200792312622,10,0.9295222143298046,49.0
20.0,6,64.0,674.1736586620375,0.0,0.0,0.6,0.4,0.4,0.0,0.0,4,0,0,6,0,0.0148329734802246,0.0,1.0,0.0,0.0,0.0,0.0,0.0,1.0,0.0,0.0,0.0,0.0,0.0,1.0,1.0,624,54,66,62.4,5.796550698475776,62.4,0.001626706123352,10,0.9291193128925312,36.0
20.0,6,64.0,4409.023441606223,0.0,0.0,0.7,0.3,0.3,0.0,0.0,3,0,0,7,0,0.0022680759429931,0.0,1.0,0.0,0.0,0.0,0.0,0.0,1.0,0.0,0.0,0.0,0.0,0.0,1.0,1.0,612,54,66,61.2,6.196773353931867,61.2,0.0002305030822753,10,0.9292823475934576,36.0
20.0,6,64.0,172.31011930193577,0.0,0.0,0.7,0.3,0.3,0.0,0.0,3,0,0,7,0,0.0580348968505859,0.0,1.0,0.0,0.0,0.0,0.0,0.0,1.0,0.0,0.0,0.0,0.0,0.0,1.0,1.0,618,54,66,61.8,5.4528280124476085,61.8,0.0059583902359008,10,0.9289792940191508,36.0
20.0,6,64.0,59158.02538787024,0.0,0.0,1.0,0.0,0.0,0.0,0.0,0,0,0,10,0,0.000169038772583,0.0,1.0,0.0,0.0,0.0,0.0,0.0,1.0,0.0,0.0,0.0,0.0,0.0,1.0,1.0,646,64,66,64.6,0.966091783079296,64.6,0.0005367040634155,10,0.0,0.8400000000000001
20.0,6,64.0,558.1911340014107,0.0,0.0,1.0,0.0,0.0,0.0,0.0,0,0,0,10,0,0.0179150104522705,0.0,1.0,0.0,0.0,0.0,0.0,0.0,1.0,0.0,0.0,0.0,0.0,0.0,1.0,1.0,654,64,66,65.4,0.966091783079296,65.4,0.0017925977706909,10,0.0,0.8400000000000001
20.0,6,64.0,593.9342103399935,0.0,0.0,1.0,0.0,0.0,0.0,0.0,0,0,0,10,0,0.0168368816375732,0.0,1.0,0.0,0.0,0.0,0.0,0.0,1.0,0.0,0.0,0.0,0.0,0.0,1.0,1.0,646,64,66,64.6,0.966091783079296,64.6,0.0016865015029907,10,0.0,0.8400000000000001
20.0,6,64.0,256.44922441043576,0.0,0.0,1.0,0.0,0.0,0.0,0.0,0,0,0,10,0,0.0389940738677978,0.0,1.0,0.0,0.0,0.0,0.0,0.0,1.0,0.0,0.0,0.0,0.0,0.0,1.0,1.0,654,64,66,65.4,0.966091783079296,65.4,0.0039008140563964,10,0.0,0.8400000000000001
20.0,6,64.0,1001.9119508874184,0.0,0.0,1.0,0.0,0.0,0.0,0.0,0,0,0,10,0,0.0099809169769287,0.0,1.0,0.0,0.0,0.0,0.0,0.0,1.0,0.0,0.0,0.0,0.0,0.0,1.0,1.0,646,64,66,64.6,0.966091783079296,64.6,0.0010012865066528,10,0.0,0.8400000000000001
20.0,6,64.0,300.06467305766205,0.0,0.0,1.0,0.0,0.0,0.0,0.0,0,0,0,10,0,0.0333261489868164,0.0,1.0,0.0,0.0,0.0,0.0,0.0,1.0,0.0,0.0,0.0,0.0,0.0,1.0,1.0,1083,66,207,108.3,68.10947070709035,108.3,0.004111909866333,10,0.9340535439872404,4175.01
20.0,6,64.0,810.5091885833542,0.0,0.0,1.0,0.0,0.0,0.0,0.0,0,0,0,10,0,0.0123379230499267,0.0,1.0,0.0,0.0,0.0,0.0,0.0,1.0,0.0,0.0,0.0,0.0,0.0,1.0,1.0,2076,207,209,207.6,0.966091783079296,207.6,0.0012346982955932,10,0.0,0.8400000000000001
20.0,6,64.0,244.60006064988687,0.0,0.0,0.9,0.1,0.1,0.0,0.0,1,0,0,9,0,0.0408830642700195,0.0,1.0,0.0,0.0,0.0,0.0,0.0,1.0,0.0,0.0,0.0,0.0,0.0,1.0,1.0,1645,54,209,164.5,71.70347891761521,164.5,0.0040915966033935,10,0.9559671591718796,4627.25
20.0,6,64.0,1936.8755483722005,0.0,0.0,0.5,0.5,0.5,0.0,0.0,5,0,0,5,0,0.0051629543304443,0.0,1.0,0.0,0.0,0.0,0.0,0.0,1.0,0.0,0.0,0.0,0.0,0.0,1.0,1.0,600,54,64,60.0,5.163977794943222,60.0,0.0009464979171752,10,0.928861627994548,24.691358024691358
20.0,6,64.0,2565.951303071088,0.0,0.0,0.6,0.4,0.4,0.0,0.0,4,0,0,6,0,0.0038971900939941,0.0,1.0,0.0,0.0,0.0,0.0,0.0,1.0,0.0,0.0,0.0,0.0,0.0,1.0,1.0,608,54,66,60.8,5.902918298980975,60.8,0.000391411781311,10,0.9291626427982728,31.50617283950617
20.0,6,64.0,3487.9866943866946,0.0,0.0,0.6,0.4,0.4,0.0,0.0,4,0,0,6,0,0.0028669834136962,0.0,1.0,0.0,0.0,0.0,0.0,0.0,1.0,0.0,0.0,0.0,0.0,0.0,1.0,1.0,600,54,66,60.0,6.324555320336759,60.0,0.0002885818481445,10,0.9293344008552924,36.0
20.0,6,64.0,202.83503559269576,0.0,0.0,0.5,0.5,0.5,0.0,0.0,5,0,0,5,0,0.0493011474609375,0.0,1.0,0.0,0.0,0.0,0.0,0.0,1.0,0.0,0.0,0.0,0.0,0.0,1.0,1.0,5960,54,1406,596.0,697.1465651735891,596.0,0.0050433158874511,10,1.0,449746.17283950624
20.0,6,64.0,2529.7370325693605,0.0,0.0,0.5,0.5,0.5,0.0,0.0,5,0,0,5,0,0.0039529800415039,0.0,1.0,0.0,0.0,0.0,0.0,0.0,1.0,0.0,0.0,0.0,0.0,0.0,1.0,1.0,7300,54,1406,730.0,712.5665660912748,730.0,0.0004952907562255,10,1.0,456976.0
20.0,6,64.0,2497.5014886268905,0.0,0.0,0.5,0.5,0.5,0.0,0.0,5,0,0,5,0,0.0040040016174316,0.0,1.0,0.0,0.0,0.0,0.0,0.0,1.0,0.0,0.0,0.0,0.0,0.0,1.0,1.0,7300,54,1406,730.0,712.5665660912748,730.0,0.0004985094070434,10,1.0,456976.0
20.0,6,64.0,3025.7567450584334,0.0,0.0,0.5,0.5,0.5,0.0,0.0,5,0,0,5,0,0.0033049583435058,0.0,1.0,0.0,0.0,0.0,0.0,0.0,1.0,0.0,0.0,0.0,0.0,0.0,1.0,1.0,8652,54,1406,865.2,698.1697978763237,865.2,0.0003840923309326,10,1.0,456976.0
20.0,6,64.0,400.5102937244567,0.0,0.0,0.5,0.5,0.5,0.0,0.0,5,0,0,5,0,0.024968147277832,0.0,1.0,0.0,0.0,0.0,0.0,0.0,1.0,0.0,0.0,0.0,0.0,0.0,1.0,1.0,590,54,64,59.0,5.270462766947299,59.0,0.0024990081787109,10,0.9289050057127436,25.0
20.0,6,64.0,672.7678686000256,0.0,0.0,0.5,0.5,0.5,0.0,0.0,5,0,0,5,0,0.0148639678955078,0.0,1.0,0.0,0.0,0.0,0.0,0.0,1.0,0.0,0.0,0.0,0.0,0.0,1.0,1.0,590,54,64,59.0,5.270462766947299,59.0,0.001488184928894,10,0.9289050057127436,25.0
20.0,6,64.0,2094.22009187138,0.0,0.0,0.5,0.5,0.5,0.0,0.0,5,0,0,5,0,0.004775047302246,0.0,1.0,0.0,0.0,0.0,0.0,0.0,1.0,0.0,0.0,0.0,0.0,0.0,1.0,1.0,600,54,66,60.0,6.324555320336759,60.0,0.000481104850769,10,0.9293344008552924,36.0
20.0,6,64.0,1992.8274813512612,0.0,0.0,0.5,0.5,0.5,0.0,0.0,5,0,0,5,0,0.0050179958343505,0.0,1.0,0.0,0.0,0.0,0.0,0.0,1.0,0.0,0.0,0.0,0.0,0.0,1.0,1.0,600,54,66,60.0,6.324555320336759,60.0,0.0005056142807006,10,0.9293344008552924,36.0
20.0,6,64.0,350.14099792134505,0.0,0.0,1.0,0.0,0.0,0.0,0.0,0,0,0,10,0,0.028559923171997,0.0,1.0,0.0,0.0,0.0,0.0,0.0,1.0,0.0,0.0,0.0,0.0,0.0,1.0,1.0,630,54,64,63.0,3.1622776601683795,63.0,0.0028587818145751,10,0.9280462154276462,25.0
20.0,6,64.0,970.117728692032,0.0,0.0,0.8,0.2,0.2,0.0,0.0,2,0,0,8,0,0.010308027267456,0.0,1.0,0.0,0.0,0.0,0.0,0.0,1.0,0.0,0.0,0.0,0.0,0.0,1.0,1.0,634,54,66,63.4,4.993328882953068,63.4,0.0010321140289306,10,0.9287921124537598,27.55555555555556
20.0,6,64.0,266.3608248077375,0.0,0.0,0.6,0.4,0.4,0.0,0.0,4,0,0,6,0,0.0375430583953857,0.0,1.0,0.0,0.0,0.0,0.0,0.0,1.0,0.0,0.0,0.0,0.0,0.0,1.0,1.0,1164,54,201,116.4,72.97670861309108,116.4,0.0037574052810668,10,0.9564858220206288,4793.04
20.0,6,64.0,2306.844131558684,0.0,0.0,0.6,0.4,0.4,0.0,0.0,4,0,0,6,0,0.0043349266052246,0.0,1.0,0.0,0.0,0.0,0.0,0.0,1.0,0.0,0.0,0.0,0.0,0.0,1.0,1.0,1275,54,201,127.5,77.47580267412529,127.5,0.0004358768463134,10,0.9583185729773316,5402.25
20.0,6,64.0,1001.1944716301052,0.0,0.0,0.6,0.4,0.4,0.0,0.0,4,0,0,6,0,0.0099880695343017,0.0,1.0,0.0,0.0,0.0,0.0,0.0,1.0,0.0,0.0,0.0,0.0,0.0,1.0,1.0,1581,54,203,158.1,71.83847622734399,158.1,0.0010300159454345,10,0.9560221516759708,5402.25
20.0,6,64.0,332.3142257259438,0.0,0.0,0.5,0.5,0.5,0.0,0.0,5,0,0,5,0,0.0300920009613037,0.0,1.0,0.0,0.0,0.0,0.0,0.0,1.0,0.0,0.0,0.0,0.0,0.0,1.0,1.0,1146,54,203,114.6,76.14343190467726,114.6,0.0030104875564575,10,0.9577758184206894,5550.25
20.0,6,64.0,835.5520140244631,0.0,0.0,0.6,0.4,0.4,0.0,0.0,4,0,0,6,0,0.0119681358337402,0.0,1.0,0.0,0.0,0.0,0.0,0.0,1.0,0.0,0.0,0.0,0.0,0.0,1.0,1.0,590,54,64,59.0,5.270462766947299,59.0,0.001201319694519,10,0.9289050057127436,25.0
20.0,6,64.0,1653.1231278574808,0.0,0.0,0.6,0.4,0.4,0.0,0.0,4,0,0,6,0,0.0060491561889648,0.0,1.0,0.0,0.0,0.0,0.0,0.0,1.0,0.0,0.0,0.0,0.0,0.0,1.0,1.0,616,54,66,61.6,5.316640543300503,61.6,0.0006067991256713,10,0.9289238166917188,25.876543209876544
20.0,6,64.0,1293.3407338883749,0.0,0.0,0.6,0.4,0.4,0.0,0.0,4,0,0,6,0,0.0077319145202636,0.0,1.0,0.0,0.0,0.0,0.0,0.0,1.0,0.0,0.0,0.0,0.0,0.0,1.0,1.0,612,54,66,61.2,6.196773353931867,61.2,0.0007753849029541,10,0.9292823475934576,36.0
20.0,6,64.0,288.40905183972933,0.0,0.0,0.9,0.1,0.1,0.0,0.0,1,0,0,9,0,0.0346729755401611,0.0,1.0,0.0,0.0,0.0,0.0,0.0,1.0,0.0,0.0,0.0,0.0,0.0,1.0,1.0,636,54,66,63.6,5.059644256269407,63.6,0.0034683942794799,10,0.928819126684234,36.0
20.0,6,64.0,723.1184593900316,0.0,0.0,1.0,0.0,0.0,0.0,0.0,0,0,0,10,0,0.0138289928436279,0.0,1.0,0.0,0.0,0.0,0.0,0.0,1.0,0.0,0.0,0.0,0.0,0.0,1.0,1.0,674,66,68,67.4,0.9660917830792958,67.4,0.0013853073120117,10,0.0,1.0
20.0,6,64.0,193.2885708097347,0.0,0.0,0.7,0.3,0.3,0.0,0.0,3,0,0,7,0,0.0517361164093017,0.0,1.0,0.0,0.0,0.0,0.0,0.0,1.0,0.0,0.0,0.0,0.0,0.0,1.0,1.0,642,54,68,64.2,5.4528280124476085,64.2,0.0051748037338256,10,0.9289792940191508,29.76
20.0,6,64.0,1255.8172400371268,0.0,0.0,0.8,0.2,0.2,0.0,0.0,2,0,0,8,0,0.007962942123413,0.0,1.0,0.0,0.0,0.0,0.0,0.0,1.0,0.0,0.0,0.0,0.0,0.0,1.0,1.0,628,54,68,62.8,6.124631508189788,62.8,0.0007978916168212,10,0.9292529598911762,36.0
20.0,6,64.0,5684.87937110328,0.0,0.0,0.8,0.2,0.2,0.0,0.0,2,0,0,8,0,0.0017590522766113,0.0,1.0,0.0,0.0,0.0,0.0,0.0,1.0,0.0,0.0,0.0,0.0,0.0,1.0,1.0,652,54,68,65.2,5.902918298980975,65.2,0.00017991065979,10,0.9291626427982728,49.0
20.0,6,64.0,516.5844346187479,0.0,0.0,1.0,0.0,0.0,0.0,0.0,0,0,0,10,0,0.0193579196929931,0.0,1.0,0.0,0.0,0.0,0.0,0.0,1.0,0.0,0.0,0.0,0.0,0.0,1.0,1.0,800,80,80,80.0,0.0,80.0,0.0040130853652954,10,0.0,0.0
20.0,6,64.0,129854.61300309598,0.0,0.0,1.0,0.0,0.0,0.0,0.0,0,0,0,10,0,7.700920104980469e-05,0.0,1.0,0.0,0.0,0.0,0.0,0.0,1.0,0.0,0.0,0.0,0.0,0.0,1.0,1.0,820,82,82,82.0,0.0,82.0,8.606910705566407e-06,10,0.0,0.0
20.0,6,64.0,655.5648640200062,0.0,0.0,1.0,0.0,0.0,0.0,0.0,0,0,0,10,0,0.0152540206909179,0.0,1.0,0.0,0.0,0.0,0.0,0.0,1.0,0.0,0.0,0.0,0.0,0.0,1.0,1.0,660,66,66,66.0,0.0,66.0,0.0045863151550292,10,0.0,0.0
20.0,6,64.0,45639.86942328618,0.0,0.0,1.0,0.0,0.0,0.0,0.0,0,0,0,10,0,0.0002191066741943,0.0,1.0,0.0,0.0,0.0,0.0,0.0,1.0,0.0,0.0,0.0,0.0,0.0,1.0,1.0,680,68,68,68.0,0.0,68.0,2.3293495178222657e-05,10,0.0,0.0
20.0,6,64.0,1010.4078437040783,0.0,0.0,0.5,0.5,0.5,0.0,0.0,5,0,0,5,0,0.0098969936370849,0.0,1.0,0.0,0.0,0.0,0.0,0.0,1.0,0.0,0.0,0.0,0.0,0.0,1.0,1.0,612,54,66,61.2,6.196773353931867,61.2,0.0046730995178222,10,0.9292823475934576,36.0
20.0,6,64.0,887.2327283496213,0.0,0.0,0.5,0.5,0.5,0.0,0.0,5,0,0,5,0,0.0112709999084472,0.0,1.0,0.0,0.0,0.0,0.0,0.0,1.0,0.0,0.0,0.0,0.0,0.0,1.0,1.0,602,54,68,60.2,6.562519841239848,60.2,0.0011321067810058,10,0.9294313380825274,38.76
20.0,6,64.0,990.7882739234168,0.0,0.0,0.6,0.4,0.4,0.0,0.0,4,0,0,6,0,0.0100929737091064,0.0,1.0,0.0,0.0,0.0,0.0,0.0,1.0,0.0,0.0,0.0,0.0,0.0,1.0,1.0,610,54,68,61.0,7.378647873726218,61.0,0.0010110855102539,10,0.9297637959978412,49.0
20.0,6,64.0,324.2124465675703,0.0,0.0,0.7,0.3,0.3,0.0,0.0,3,0,0,7,0,0.03084397315979,0.0,1.0,0.0,0.0,0.0,0.0,0.0,1.0,0.0,0.0,0.0,0.0,0.0,1.0,1.0,626,54,68,62.6,6.186005711819757,62.6,0.0030864000320434,10,0.9292779612867668,49.0
20.0,6,64.0,72440.48359240069,0.0,0.0,1.0,0.0,0.0,0.0,0.0,0,0,0,10,0,0.0001380443572998,0.0,1.0,0.0,0.0,0.0,0.0,0.0,1.0,0.0,0.0,0.0,0.0,0.0,1.0,1.0,646,64,66,64.6,0.966091783079296,64.6,1.7714500427246093e-05,10,0.0,0.8400000000000001
20.0,6,64.0,172.14039465475918,0.0,0.0,1.0,0.0,0.0,0.0,0.0,0,0,0,10,0,0.0580921173095703,0.0,1.0,0.0,0.0,0.0,0.0,0.0,1.0,0.0,0.0,0.0,0.0,0.0,1.0,1.0,654,64,66,65.4,0.966091783079296,65.4,0.0060874938964843,10,0.0,0.8400000000000001
20.0,6,64.0,40175.32567049808,0.0,0.0,1.0,0.0,0.0,0.0,0.0,0,0,0,10,0,0.000248908996582,0.0,1.0,0.0,0.0,0.0,0.0,0.0,1.0,0.0,0.0,0.0,0.0,0.0,1.0,1.0,646,64,66,64.6,0.966091783079296,64.6,0.0003671884536743,10,0.0,0.8400000000000001
20.0,6,64.0,288.2762412712377,0.0,0.0,0.9,0.1,0.1,0.0,0.0,1,0,0,9,0,0.0346889495849609,0.0,1.0,0.0,0.0,0.0,0.0,0.0,1.0,0.0,0.0,0.0,0.0,0.0,1.0,1.0,648,54,66,64.8,3.794733192202055,64.8,0.0034703969955444,10,0.9283038525131756,12.96
20.0,6,64.0,3209.107880642693,0.0,0.0,0.5,0.5,0.5,0.0,0.0,5,0,0,5,0,0.0031161308288574,0.0,1.0,0.0,0.0,0.0,0.0,0.0,1.0,0.0,0.0,0.0,0.0,0.0,1.0,1.0,600,54,66,60.0,6.324555320336759,60.0,0.0007587194442749,10,0.9293344008552924,36.0
20.0,6,64.0,618.2368114617573,0.0,0.0,0.5,0.5,0.5,0.0,0.0,5,0,0,5,0,0.0161750316619873,0.0,1.0,0.0,0.0,0.0,0.0,0.0,1.0,0.0,0.0,0.0,0.0,0.0,1.0,1.0,618,54,68,61.8,6.762642481555071,61.8,0.0016691923141479,10,0.9295128600412864,41.16
20.0,6,64.0,1966.20288768048,0.0,0.0,0.5,0.5,0.5,0.0,0.0,5,0,0,5,0,0.0050859451293945,0.0,1.0,0.0,0.0,0.0,0.0,0.0,1.0,0.0,0.0,0.0,0.0,0.0,1.0,1.0,610,54,68,61.0,7.378647873726218,61.0,0.0005110025405883,10,0.9297637959978412,49.0
20.0,6,64.0,385.33942138965705,0.0,0.0,0.8,0.2,0.2,0.0,0.0,2,0,0,8,0,0.0259511470794677,0.0,1.0,0.0,0.0,0.0,0.0,0.0,1.0,0.0,0.0,0.0,0.0,0.0,1.0,1.0,628,54,68,62.8,6.124631508189787,62.8,0.0025979995727539,10,0.9292529598911762,49.0
20.0,6,64.0,763.1835219622257,0.0,0.0,1.0,0.0,0.0,0.0,0.0,0,0,0,10,0,0.0131030082702636,0.0,1.0,0.0,0.0,0.0,0.0,0.0,1.0,0.0,0.0,0.0,0.0,0.0,1.0,1.0,670,66,68,67.0,1.0540925533894598,67.0,0.0013120889663696,10,0.9067378651425488,1.0
20.0,6,64.0,277.63976964321176,0.0,0.0,1.0,0.0,0.0,0.0,0.0,0,0,0,10,0,0.036017894744873,0.0,1.0,0.0,0.0,0.0,0.0,0.0,1.0,0.0,0.0,0.0,0.0,0.0,1.0,1.0,670,66,68,67.0,1.0540925533894598,67.0,0.0036113023757934,10,0.9067378651425488,1.0
20.0,6,64.0,2249.680326110277,0.0,0.0,1.0,0.0,0.0,0.0,0.0,0,0,0,10,0,0.0044450759887695,0.0,1.0,0.0,0.0,0.0,0.0,0.0,1.0,0.0,0.0,0.0,0.0,0.0,1.0,1.0,670,66,68,67.0,1.0540925533894598,67.0,0.0005916118621826,10,0.9067378651425488,1.0
20.0,6,64.0,151.35225640692548,0.0,0.0,1.0,0.0,0.0,0.0,0.0,0,0,0,10,0,0.0660710334777832,0.0,1.0,0.0,0.0,0.0,0.0,0.0,1.0,0.0,0.0,0.0,0.0,0.0,1.0,1.0,660,64,68,66.0,2.10818510677892,66.0,0.0071198940277099,10,0.9105755202850976,4.0
20.0,6,64.0,611.6642361313656,0.0,0.0,0.9,0.1,0.1,0.0,0.0,1,0,0,9,0,0.0163488388061523,0.0,1.0,0.0,0.0,0.0,0.0,0.0,1.0,0.0,0.0,0.0,0.0,0.0,1.0,1.0,638,54,66,63.8,3.583914681524164,63.8,0.0016378879547119,10,0.9282179734846656,18.75
20.0,6,64.0,434.931353436476,0.0,0.0,0.9,0.1,0.1,0.0,0.0,1,0,0,9,0,0.0229921340942382,0.0,1.0,0.0,0.0,0.0,0.0,0.0,1.0,0.0,0.0,0.0,0.0,0.0,1.0,1.0,642,54,66,64.2,3.705851229249946,64.2,0.0023016214370727,10,0.9282676455567472,23.04
20.0,6,64.0,65844.64678178963,0.0,0.0,1.0,0.0,0.0,0.0,0.0,0,0,0,10,0,0.0001518726348876,0.0,1.0,0.0,0.0,0.0,0.0,0.0,1.0,0.0,0.0,0.0,0.0,0.0,1.0,1.0,646,64,66,64.6,0.966091783079296,64.6,1.938343048095703e-05,10,0.0,0.8400000000000001
20.0,6,64.0,233.3448680645574,0.0,0.0,1.0,0.0,0.0,0.0,0.0,0,0,0,10,0,0.0428550243377685,0.0,1.0,0.0,0.0,0.0,0.0,0.0,1.0,0.0,0.0,0.0,0.0,0.0,1.0,1.0,1095,66,211,109.5,70.04165427324895,109.5,0.0042879104614257,10,0.9348406382847508,4415.25
20.0,6,64.0,650.7942714394327,0.0,0.0,1.0,0.0,0.0,0.0,0.0,0,0,0,10,0,0.0153658390045166,0.0,1.0,0.0,0.0,0.0,0.0,0.0,1.0,0.0,0.0,0.0,0.0,0.0,1.0,1.0,2116,211,213,211.6,0.966091783079296,211.6,0.0015420913696289,10,0.0,0.8400000000000001
20.0,6,64.0,344.043572412888,0.0,0.0,0.8,0.2,0.2,0.0,0.0,2,0,0,8,0,0.0290660858154296,0.0,1.0,0.0,0.0,0.0,0.0,0.0,1.0,0.0,0.0,0.0,0.0,0.0,1.0,1.0,1673,54,213,167.3,73.63430661798283,167.3,0.0029083013534545,10,0.9567537011439016,4879.81
20.0,6,64.0,804.1226993865031,0.0,0.0,0.6,0.4,0.4,0.0,0.0,4,0,0,6,0,0.0124359130859375,0.0,1.0,0.0,0.0,0.0,0.0,0.0,1.0,0.0,0.0,0.0,0.0,0.0,1.0,1.0,590,54,64,59.0,5.270462766947299,59.0,0.001247501373291,10,0.9289050057127436,25.0
20.0,6,64.0,1427.7509616366544,0.0,0.0,0.5,0.5,0.5,0.0,0.0,5,0,0,5,0,0.0070040225982666,0.0,1.0,0.0,0.0,0.0,0.0,0.0,1.0,0.0,0.0,0.0,0.0,0.0,1.0,1.0,594,54,66,59.4,5.738757124441959,59.4,0.0008016109466552,10,0.9290957701022128,29.64
20.0,6,64.0,2888.4401900695543,0.0,0.0,0.5,0.5,0.5,0.0,0.0,5,0,0,5,0,0.0034620761871337,0.0,1.0,0.0,0.0,0.0,0.0,0.0,1.0,0.0,0.0,0.0,0.0,0.0,1.0,1.0,612,54,66,61.2,6.196773353931867,61.2,0.0004338979721069,10,0.9292823475934576,36.0
20.0,6,64.0,314.64202124467386,0.0,0.0,0.8,0.2,0.2,0.0,0.0,2,0,0,8,0,0.0317821502685546,0.0,1.0,0.0,0.0,0.0,0.0,0.0,1.0,0.0,0.0,0.0,0.0,0.0,1.0,1.0,614,54,66,61.4,5.168279318217149,61.4,0.0031816959381103,10,0.9288633802630688,36.0
20.0,6,64.0,905.5451444362884,0.0,0.0,0.6,0.4,0.4,0.0,0.0,4,0,0,6,0,0.0110430717468261,0.0,1.0,0.0,0.0,0.0,0.0,0.0,1.0,0.0,0.0,0.0,0.0,0.0,1.0,1.0,614,54,66,61.4,5.168279318217149,61.4,0.0011059999465942,10,0.9288633802630688,24.09876543209877
20.0,6,64.0,2436.565586150808,0.0,0.0,0.6,0.4,0.4,0.0,0.0,4,0,0,6,0,0.0041041374206542,0.0,1.0,0.0,0.0,0.0,0.0,0.0,1.0,0.0,0.0,0.0,0.0,0.0,1.0,1.0,612,54,66,61.2,6.196773353931867,61.2,0.000412106513977,10,0.9292823475934576,36.0
20.0,6,64.0,219.85721324708817,0.0,0.0,1.0,0.0,0.0,0.0,0.0,0,0,0,10,0,0.0454840660095214,0.0,1.0,0.0,0.0,0.0,0.0,0.0,1.0,0.0,0.0,0.0,0.0,0.0,1.0,1.0,648,54,66,64.8,3.794733192202056,64.8,0.0045511960983276,10,0.9283038525131756,36.0
20.0,6,64.0,67541.12721417069,0.0,0.0,1.0,0.0,0.0,0.0,0.0,0,0,0,10,0,0.000148057937622,0.0,1.0,0.0,0.0,0.0,0.0,0.0,1.0,0.0,0.0,0.0,0.0,0.0,1.0,1.0,674,66,68,67.4,0.9660917830792958,67.4,0.0003289937973022,10,0.0,1.0
20.0,6,64.0,271.1057390877184,0.0,0.0,0.7,0.3,0.3,0.0,0.0,3,0,0,7,0,0.0368859767913818,0.0,1.0,0.0,0.0,0.0,0.0,0.0,1.0,0.0,0.0,0.0,0.0,0.0,1.0,1.0,630,54,68,63.0,6.27162924074226,63.0,0.0036900043487548,10,0.9293128408875088,36.24489795918368
20.0,6,64.0,1497.9122174208064,0.0,0.0,0.5,0.5,0.5,0.0,0.0,5,0,0,5,0,0.0066759586334228,0.0,1.0,0.0,0.0,0.0,0.0,0.0,1.0,0.0,0.0,0.0,0.0,0.0,1.0,1.0,600,54,66,60.0,6.324555320336759,60.0,0.0008270025253295,10,0.9293344008552924,36.0
20.0,6,64.0,1436.1595617188837,0.0,0.0,0.6,0.4,0.4,0.0,0.0,4,0,0,6,0,0.0069630146026611,0.0,1.0,0.0,0.0,0.0,0.0,0.0,1.0,0.0,0.0,0.0,0.0,0.0,1.0,1.0,636,54,68,63.6,6.65331997326648,63.6,0.0006983041763305,10,0.92946832642431,43.75
20.0,6,64.0,237.8910113889015,0.0,0.0,0.8,0.2,0.2,0.0,0.0,2,0,0,8,0,0.0420360565185546,0.0,1.0,0.0,0.0,0.0,0.0,0.0,1.0,0.0,0.0,0.0,0.0,0.0,1.0,1.0,4652,54,1406,465.2,649.2424303242459,465.2,0.0042053937911987,10,1.0,379364.16
20.0,6,64.0,1475.1535187985792,0.0,0.0,1.0,0.0,0.0,0.0,0.0,0,0,0,10,0,0.0067789554595947,0.0,1.0,0.0,0.0,0.0,0.0,0.0,1.0,0.0,0.0,0.0,0.0,0.0,1.0,1.0,14060,1406,1406,1406.0,0.0,1406.0,0.0006799936294555,10,0.0,0.0
20.0,6,64.0,264.38965967183765,0.0,0.0,0.8,0.2,0.2,0.0,0.0,2,0,0,8,0,0.0378229618072509,0.0,1.0,0.0,0.0,0.0,0.0,0.0,1.0,0.0,0.0,0.0,0.0,0.0,1.0,1.0,10028,54,1406,1002.8,649.2218932434939,1002.8,0.0037832021713256,10,1.0,379340.16
20.0,6,64.0,621.8850915560828,0.0,0.0,0.6,0.4,0.4,0.0,0.0,4,0,0,6,0,0.0160801410675048,0.0,1.0,0.0,0.0,0.0,0.0,0.0,1.0,0.0,0.0,0.0,0.0,0.0,1.0,1.0,600,54,66,60.0,6.324555320336759,60.0,0.0016112089157104,10,0.9293344008552924,36.0
20.0,6,64.0,3758.000179195413,0.0,0.0,0.5,0.5,0.5,0.0,0.0,5,0,0,5,0,0.0026609897613525,0.0,1.0,0.0,0.0,0.0,0.0,0.0,1.0,0.0,0.0,0.0,0.0,0.0,1.0,1.0,604,54,68,60.4,6.785605679999719,60.4,0.0003467798233032,10,0.9295222143298046,41.44
20.0,6,64.0,1984.5299266619352,0.0,0.0,0.5,0.5,0.5,0.0,0.0,5,0,0,5,0,0.0050389766693115,0.0,1.0,0.0,0.0,0.0,0.0,0.0,1.0,0.0,0.0,0.0,0.0,0.0,1.0,1.0,610,54,68,61.0,7.378647873726218,61.0,0.0006539106369018,10,0.9297637959978412,49.0
20.0,6,64.0,282.3420439705427,0.0,0.0,0.6,0.4,0.4,0.0,0.0,4,0,0,6,0,0.0354180335998535,0.0,1.0,0.0,0.0,0.0,0.0,0.0,1.0,0.0,0.0,0.0,0.0,0.0,1.0,1.0,612,54,68,61.2,6.408327915038888,61.2,0.0036421060562133,10,0.9293685264594702,49.0
20.0,6,64.0,1680.6122530752896,0.0,0.0,0.5,0.5,0.5,0.0,0.0,5,0,0,5,0,0.0059502124786376,0.0,1.0,0.0,0.0,0.0,0.0,0.0,1.0,0.0,0.0,0.0,0.0,0.0,1.0,1.0,600,54,64,60.0,5.163977794943222,60.0,0.0005969047546386,10,0.928861627994548,25.0
20.0,6,64.0,3658.6741102582,0.0,0.0,0.7,0.3,0.3,0.0,0.0,3,0,0,7,0,0.0027332305908203,0.0,1.0,0.0,0.0,0.0,0.0,0.0,1.0,0.0,0.0,0.0,0.0,0.0,1.0,1.0,610,54,66,61.0,6.055300708194984,61.0,0.0002748012542724,10,0.9292247172964904,33.0
20.0,6,64.0,339.7407983411094,0.0,0.0,0.5,0.5,0.5,0.0,0.0,5,0,0,5,0,0.0294342041015625,0.0,1.0,0.0,0.0,0.0,0.0,0.0,1.0,0.0,0.0,0.0,0.0,0.0,1.0,1.0,613,54,67,61.3,6.290204024248074,61.3,0.0030524969100952,10,0.9293204075113176,36.0
20.0,6,64.0,245.8877463682304,0.0,0.0,0.6,0.4,0.4,0.0,0.0,4,0,0,6,0,0.0406689643859863,0.0,1.0,0.0,0.0,0.0,0.0,0.0,1.0,0.0,0.0,0.0,0.0,0.0,1.0,1.0,605,54,67,60.5,6.851601597031489,60.5,0.0040723800659179,10,0.9295490984265669,42.25
20.0,6,64.0,2693.8368657675014,0.0,0.0,0.5,0.5,0.5,0.0,0.0,5,0,0,5,0,0.0037121772766113,0.0,1.0,0.0,0.0,0.0,0.0,0.0,1.0,0.0,0.0,0.0,0.0,0.0,1.0,1.0,622,54,69,62.2,7.09929573971954,62.2,0.0004741191864013,10,0.9296499991125322,45.36
20.0,6,64.0,916.5072983130846,0.0,0.0,0.6,0.4,0.4,0.0,0.0,4,0,0,6,0,0.0109109878540039,0.0,1.0,0.0,0.0,0.0,0.0,0.0,1.0,0.0,0.0,0.0,0.0,0.0,1.0,1.0,615,54,69,61.5,7.905694150420948,61.5,0.0010926008224487,10,0.9299784935691154,56.25
20.0,6,64.0,1212.2616260585569,0.0,0.0,0.7,0.3,0.3,0.0,0.0,3,0,0,7,0,0.0082490444183349,0.0,1.0,0.0,0.0,0.0,0.0,0.0,1.0,0.0,0.0,0.0,0.0,0.0,1.0,1.0,633,54,69,63.3,6.549809157525126,63.3,0.0009266853332519,10,0.9294261602584094,56.25
20.0,6,64.0,758.1483289047954,0.0,0.0,1.0,0.0,0.0,0.0,0.0,0,0,0,10,0,0.0131900310516357,0.0,1.0,0.0,0.0,0.0,0.0,0.0,1.0,0.0,0.0,0.0,0.0,0.0,1.0,1.0,668,66,68,66.8,1.0327955589886444,66.8,0.0014173984527587,10,0.9067291895989096,0.96
20.0,6,64.0,394.2904414529593,0.0,0.0,0.8,0.2,0.2,0.0,0.0,2,0,0,8,0,0.0253620147705078,0.0,1.0,0.0,0.0,0.0,0.0,0.0,1.0,0.0,0.0,0.0,0.0,0.0,1.0,1.0,748,54,116,74.8,22.45390339735561,74.8,0.0025402069091796,10,0.9359048520879468,453.7600000000001
20.0,6,64.0,523.3916917279159,0.0,0.0,0.5,0.5,0.5,0.0,0.0,5,0,0,5,0,0.0191061496734619,0.0,1.0,0.0,0.0,0.0,0.0,0.0,1.0,0.0,0.0,0.0,0.0,0.0,1.0,1.0,912,54,116,91.2,32.01666232864798,91.2,0.0021243095397949,10,0.939800337566198,949.1358024691358
20.0,6,64.0,2515.0230856868743,0.0,0.0,0.5,0.5,0.5,0.0,0.0,5,0,0,5,0,0.0039761066436767,0.0,1.0,0.0,0.0,0.0,0.0,0.0,1.0,0.0,0.0,0.0,0.0,0.0,1.0,1.0,856,54,118,85.6,33.317329491489026,85.6,0.0004014015197753,10,0.940330177341653,999.04
20.0,6,64.0,1604.6153257584451,0.0,0.0,0.5,0.5,0.5,0.0,0.0,5,0,0,5,0,0.0062320232391357,0.0,1.0,0.0,0.0,0.0,0.0,0.0,1.0,0.0,0.0,0.0,0.0,0.0,1.0,1.0,860,54,118,86.0,33.730961708462715,86.0,0.0006260871887207,10,0.9404986745615592,1024.0
20.0,6,64.0,280.0571558297611,0.0,0.0,0.8,0.2,0.2,0.0,0.0,2,0,0,8,0,0.0357069969177246,0.0,1.0,0.0,0.0,0.0,0.0,0.0,1.0,0.0,0.0,0.0,0.0,0.0,1.0,1.0,718,54,118,71.8,24.7736419069408,71.8,0.0035758018493652,10,0.9368498207672116,1024.0
20.0,6,64.0,29746.836879432623,0.0,0.0,1.0,0.0,0.0,0.0,0.0,0,0,0,10,0,0.0003361701965332,0.0,1.0,0.0,0.0,0.0,0.0,0.0,1.0,0.0,0.0,0.0,0.0,0.0,1.0,1.0,650,64,66,65.0,1.0540925533894598,65.0,3.590583801269531e-05,10,0.9101461251425488,1.0
20.0,6,64.0,226.79882120745123,0.0,0.0,0.7,0.3,0.3,0.0,0.0,3,0,0,7,0,0.0440919399261474,0.0,1.0,0.0,0.0,0.0,0.0,0.0,1.0,0.0,0.0,0.0,0.0,0.0,1.0,1.0,654,54,72,65.4,6.603029607687671,65.4,0.0044114828109741,10,0.9294478401409876,39.24
20.0,6,64.0,620.3490504644146,0.0,0.0,0.6,0.4,0.4,0.0,0.0,4,0,0,6,0,0.0161199569702148,0.0,1.0,0.0,0.0,0.0,0.0,0.0,1.0,0.0,0.0,0.0,0.0,0.0,1.0,1.0,630,54,72,63.0,9.486832980505138,63.0,0.0016151189804077,10,0.9306225862829386,81.0
20.0,6,64.0,4840.512406231967,0.0,0.0,0.6,0.4,0.4,0.0,0.0,4,0,0,6,0,0.002065896987915,0.0,1.0,0.0,0.0,0.0,0.0,0.0,1.0,0.0,0.0,0.0,0.0,0.0,1.0,1.0,656,54,74,65.6,10.01332445627658,65.6,0.0004057884216308,10,0.9308370578505089,90.24
20.0,6,64.0,2290.9678828927244,0.0,0.0,0.5,0.5,0.5,0.0,0.0,5,0,0,5,0,0.0043649673461914,0.0,1.0,0.0,0.0,0.0,0.0,0.0,1.0,0.0,0.0,0.0,0.0,0.0,1.0,1.0,640,54,74,64.0,10.540925533894598,64.0,0.0005418062210083,10,0.9310519814254872,100.0
20.0,6,64.0,277.8402368823736,0.0,0.0,0.9,0.1,0.1,0.0,0.0,1,0,0,9,0,0.0359919071197509,0.0,1.0,0.0,0.0,0.0,0.0,0.0,1.0,0.0,0.0,0.0,0.0,0.0,1.0,1.0,656,54,74,65.6,4.7888759989514575,65.6,0.0037036895751953,10,0.9287088265269328,100.0
20.0,6,64.0,74104.3109540636,0.0,0.0,1.0,0.0,0.0,0.0,0.0,0,0,0,10,0,0.0001349449157714,0.0,1.0,0.0,0.0,0.0,0.0,0.0,1.0,0.0,0.0,0.0,0.0,0.0,1.0,1.0,660,66,66,66.0,0.0,66.0,1.64031982421875e-05,10,0.0,0.0
20.0,6,64.0,189.92673362374228,0.0,0.0,0.9,0.1,0.1,0.0,0.0,1,0,0,9,0,0.0526518821716308,0.0,1.0,0.0,0.0,0.0,0.0,0.0,1.0,0.0,0.0,0.0,0.0,0.0,1.0,1.0,634,54,66,63.4,3.40587727318528,63.4,0.0052665948867797,10,0.9281454481660047,14.693877551020408
20.0,6,64.0,3165.5124528301885,0.0,0.0,0.5,0.5,0.5,0.0,0.0,5,0,0,5,0,0.0031590461730957,0.0,1.0,0.0,0.0,0.0,0.0,0.0,1.0,0.0,0.0,0.0,0.0,0.0,1.0,1.0,594,54,66,59.4,5.738757124441959,59.4,0.000319218635559,10,0.9290957701022128,29.64
20.0,6,64.0,3706.525273948392,0.0,0.0,0.7,0.3,0.3,0.0,0.0,3,0,0,7,0,0.0026979446411132,0.0,1.0,0.0,0.0,0.0,0.0,0.0,1.0,0.0,0.0,0.0,0.0,0.0,1.0,1.0,624,54,66,62.4,5.796550698475775,62.4,0.0003731966018676,10,0.9291193128925312,36.0
20.0,6,64.0,244.2766870701153,0.0,0.0,0.5,0.5,0.5,0.0,0.0,5,0,0,5,0,0.0409371852874755,0.0,1.0,0.0,0.0,0.0,0.0,0.0,1.0,0.0,0.0,0.0,0.0,0.0,1.0,1.0,592,54,66,59.2,5.513619500836088,59.2,0.0040955066680908,10,0.9290040580398606,36.0
20.0,6,64.0,1919.6777884571377,0.0,0.0,0.5,0.5,0.5,0.0,0.0,5,0,0,5,0,0.00520920753479,0.0,1.0,0.0,0.0,0.0,0.0,0.0,1.0,0.0,0.0,0.0,0.0,0.0,1.0,1.0,590,54,64,59.0,5.270462766947299,59.0,0.0006165981292724,10,0.9289050057127436,25.0
20.0,6,64.0,2867.1160024608653,0.0,0.0,0.5,0.5,0.5,0.0,0.0,5,0,0,5,0,0.0034878253936767,0.0,1.0,0.0,0.0,0.0,0.0,0.0,1.0,0.0,0.0,0.0,0.0,0.0,1.0,1.0,598,54,66,59.8,6.142746399887703,59.8,0.0004625797271728,10,0.9292603391734584,33.959999999999994
20.0,6,64.0,2049.601250977326,0.0,0.0,0.5,0.5,0.5,0.0,0.0,5,0,0,5,0,0.0048789978027343,0.0,1.0,0.0,0.0,0.0,0.0,0.0,1.0,0.0,0.0,0.0,0.0,0.0,1.0,1.0,600,54,66,60.0,6.324555320336759,60.0,0.0006133079528808,10,0.9293344008552924,36.0
20.0,6,64.0,314.7317395284619,0.0,0.0,0.9,0.1,0.1,0.0,0.0,1,0,0,9,0,0.0317730903625488,0.0,1.0,0.0,0.0,0.0,0.0,0.0,1.0,0.0,0.0,0.0,0.0,0.0,1.0,1.0,9912,54,1224,991.2,490.7936429906158,991.2,0.0032124042510986,10,1.0,338742.0
20.0,6,64.0,828.9138339920949,0.0,0.0,1.0,0.0,0.0,0.0,0.0,0,0,0,10,0,0.012063980102539,0.0,1.0,0.0,0.0,0.0,0.0,0.0,1.0,0.0,0.0,0.0,0.0,0.0,1.0,1.0,12256,1224,1226,1225.6,0.8432740427115679,1225.6,0.0012094020843505,10,0.0,1.0
20.0,6,64.0,233.57877561021792,0.0,0.0,0.7,0.3,0.3,0.0,0.0,3,0,0,7,0,0.0428121089935302,0.0,1.0,0.0,0.0,0.0,0.0,0.0,1.0,0.0,0.0,0.0,0.0,0.0,1.0,1.0,2956,54,1226,295.6,490.3883268503759,295.6,0.0042840957641601,10,1.0,336400.0
20.0,6,64.0,2769.9801875577864,0.0,0.0,0.6,0.4,0.4,0.0,0.0,4,0,0,6,0,0.0036101341247558,0.0,1.0,0.0,0.0,0.0,0.0,0.0,1.0,0.0,0.0,0.0,0.0,0.0,1.0,1.0,602,54,68,60.2,6.562519841239848,60.2,0.0003709077835083,10,0.9294313380825274,38.76
20.0,6,64.0,1468.4395896789554,0.0,0.0,0.6,0.4,0.4,0.0,0.0,4,0,0,6,0,0.0068099498748779,0.0,1.0,0.0,0.0,0.0,0.0,0.0,1.0,0.0,0.0,0.0,0.0,0.0,1.0,1.0,624,54,68,62.4,7.229568912920511,62.4,0.000804591178894,10,0.9297030671923672,49.0
20.0,6,64.0,328.018268839741,0.0,0.0,0.8,0.2,0.2,0.0,0.0,2,0,0,8,0,0.0304861068725585,0.0,1.0,0.0,0.0,0.0,0.0,0.0,1.0,0.0,0.0,0.0,0.0,0.0,1.0,1.0,642,54,68,64.2,5.4528280124476085,64.2,0.0030513048171997,10,0.9289792940191508,49.0
20.0,6,64.0,298.8737111381888,0.0,0.0,1.0,0.0,0.0,0.0,0.0,0,0,0,10,0,0.0334589481353759,0.0,1.0,0.0,0.0,0.0,0.0,0.0,1.0,0.0,0.0,0.0,0.0,0.0,1.0,1.0,670,66,68,67.0,1.0540925533894598,67.0,0.0040009975433349,10,0.9067378651425488,1.0
20.0,6,64.0,421.96217303822937,0.0,0.0,0.7,0.3,0.3,0.0,0.0,3,0,0,7,0,0.0236988067626953,0.0,1.0,0.0,0.0,0.0,0.0,0.0,1.0,0.0,0.0,0.0,0.0,0.0,1.0,1.0,640,54,68,64.0,5.57773351022717,64.0,0.0023717880249023,10,0.9290301755227262,31.11111111111111
20.0,6,64.0,1793.3572772361897,0.0,0.0,0.7,0.3,0.3,0.0,0.0,3,0,0,7,0,0.0055761337280273,0.0,1.0,0.0,0.0,0.0,0.0,0.0,1.0,0.0,0.0,0.0,0.0,0.0,1.0,1.0,610,54,64,61.0,4.83045891539648,61.0,0.0005646228790283,10,0.928725765743776,25.0
20.0,6,64.0,4165.147964250248,0.0,0.0,0.6,0.4,0.4,0.0,0.0,4,0,0,6,0,0.0024008750915527,0.0,1.0,0.0,0.0,0.0,0.0,0.0,1.0,0.0,0.0,0.0,0.0,0.0,1.0,1.0,600,54,66,60.0,6.324555320336759,60.0,0.0002426862716674,10,0.9293344008552924,36.0
20.0,6,64.0,311.1201441997433,0.0,0.0,0.6,0.4,0.4,0.0,0.0,4,0,0,6,0,0.0321419239044189,0.0,1.0,0.0,0.0,0.0,0.0,0.0,1.0,0.0,0.0,0.0,0.0,0.0,1.0,1.0,672,54,126,67.2,21.50348808914498,67.2,0.0032937049865722,10,0.935517690907994,416.16
20.0,6,64.0,1063.275787765863,0.0,0.0,1.0,0.0,0.0,0.0,0.0,0,0,0,10,0,0.0094048976898193,0.0,1.0,0.0,0.0,0.0,0.0,0.0,1.0,0.0,0.0,0.0,0.0,0.0,1.0,1.0,1262,126,128,126.2,0.6324555320336759,126.2,0.0027109861373901,10,0.0,0.36
20.0,6,64.0,605.2212057372082,0.0,0.0,1.0,0.0,0.0,0.0,0.0,0,0,0,10,0,0.0165228843688964,0.0,1.0,0.0,0.0,0.0,0.0,0.0,1.0,0.0,0.0,0.0,0.0,0.0,1.0,1.0,2558,128,1406,255.8,404.1390849695189,255.8,0.0016544103622436,10,0.9652825076531834,146995.56
20.0,6,64.0,509.3698310724652,0.0,0.0,1.0,0.0,0.0,0.0,0.0,0,0,0,10,0,0.0196321010589599,0.0,1.0,0.0,0.0,0.0,0.0,0.0,1.0,0.0,0.0,0.0,0.0,0.0,1.0,1.0,14060,1406,1406,1406.0,0.0,1406.0,0.0022663116455078,10,0.0,0.0
20.0,6,64.0,325.5309868446583,0.0,0.0,1.0,0.0,0.0,0.0,0.0,0,0,0,10,0,0.0307190418243408,0.0,1.0,0.0,0.0,0.0,0.0,0.0,1.0,0.0,0.0,0.0,0.0,0.0,1.0,1.0,12720,66,1406,1272.0,423.7452064625628,1272.0,0.0030730962753295,10,1.0,161604.0
20.0,6,64.0,434.7420137233359,0.0,0.0,0.5,0.5,0.5,0.0,0.0,5,0,0,5,0,0.0230021476745605,0.0,1.0,0.0,0.0,0.0,0.0,0.0,1.0,0.0,0.0,0.0,0.0,0.0,1.0,1.0,612,54,66,61.2,6.196773353931867,61.2,0.0025871992111206,10,0.9292823475934576,36.0
20.0,6,64.0,2037.5535584163224,0.0,0.0,0.6,0.4,0.4,0.0,0.0,4,0,0,6,0,0.0049078464508056,0.0,1.0,0.0,0.0,0.0,0.0,0.0,1.0,0.0,0.0,0.0,0.0,0.0,1.0,1.0,604,54,68,60.4,6.785605679999719,60.4,0.0004938840866088,10,0.9295222143298046,41.44
20.0,6,64.0,1397.588884075839,0.0,0.0,0.5,0.5,0.5,0.0,0.0,5,0,0,5,0,0.0071551799774169,0.0,1.0,0.0,0.0,0.0,0.0,0.0,1.0,0.0,0.0,0.0,0.0,0.0,1.0,1.0,624,54,68,62.4,7.229568912920511,62.4,0.0008328199386596,10,0.9297030671923672,49.0
20.0,6,64.0,337.5425720263963,0.0,0.0,0.9,0.1,0.1,0.0,0.0,1,0,0,9,0,0.0296258926391601,0.0,1.0,0.0,0.0,0.0,0.0,0.0,1.0,0.0,0.0,0.0,0.0,0.0,1.0,1.0,640,54,68,64.0,5.333333333333333,64.0,0.0029653787612915,10,0.9289306166666668,49.0
20.0,6,64.0,9033.60758130519,0.0,0.0,1.0,0.0,0.0,0.0,0.0,0,0,0,10,0,0.0011069774627685,0.0,1.0,0.0,0.0,0.0,0.0,0.0,1.0,0.0,0.0,0.0,0.0,0.0,1.0,1.0,672,66,68,67.2,1.0327955589886444,67.2,0.0001119136810302,10,0.9067291895989096,1.0
20.0,6,64.0,226.3154373280095,0.0,0.0,0.9,0.1,0.1,0.0,0.0,1,0,0,9,0,0.0441861152648925,0.0,1.0,0.0,0.0,0.0,0.0,0.0,1.0,0.0,0.0,0.0,0.0,0.0,1.0,1.0,706,54,76,70.6,7.058485830702094,70.6,0.0044198989868164,10,0.9296333747879948,44.84
20.0,6,64.0,5162.855736090596,0.0,0.0,0.9,0.1,0.1,0.0,0.0,1,0,0,9,0,0.001936912536621,0.0,1.0,0.0,0.0,0.0,0.0,0.0,1.0,0.0,0.0,0.0,0.0,0.0,1.0,1.0,746,54,78,74.6,7.306009702825325,74.6,0.0001988887786865,10,0.929734206112543,107.55555555555556
20.0,6,64.0,228.6658852391986,0.0,0.0,0.9,0.1,0.1,0.0,0.0,1,0,0,9,0,0.0437319278717041,0.0,1.0,0.0,0.0,0.0,0.0,0.0,1.0,0.0,0.0,0.0,0.0,0.0,1.0,1.0,2454,54,644,245.4,275.15983233992085,245.4,0.0043743133544921,10,1.0,68141.64
20.0,6,64.0,72440.48359240069,0.0,0.0,1.0,0.0,0.0,0.0,0.0,0,0,0,10,0,0.0001380443572998,0.0,1.0,0.0,0.0,0.0,0.0,0.0,1.0,0.0,0.0,0.0,0.0,0.0,1.0,1.0,6446,644,646,644.6,0.966091783079296,644.6,0.001399803161621,10,0.0,0.8400000000000001
20.0,6,64.0,275.42824872113107,0.0,0.0,1.0,0.0,0.0,0.0,0.0,0,0,0,10,0,0.0363070964813232,0.0,1.0,0.0,0.0,0.0,0.0,0.0,1.0,0.0,0.0,0.0,0.0,0.0,1.0,1.0,4714,64,646,471.4,281.1327088760751,471.4,0.0036319017410278,10,1.0,71132.04000000001
20.0,6,64.0,912.1621504066808,0.0,0.0,1.0,0.0,0.0,0.0,0.0,0,0,0,10,0,0.010962963104248,0.0,1.0,0.0,0.0,0.0,0.0,0.0,1.0,0.0,0.0,0.0,0.0,0.0,1.0,1.0,646,64,66,64.6,0.966091783079296,64.6,0.0010977983474731,10,0.0,0.8400000000000001
20.0,6,64.0,192.7343408954099,0.0,0.0,0.9,0.1,0.1,0.0,0.0,1,0,0,9,0,0.0518848896026611,0.0,1.0,0.0,0.0,0.0,0.0,0.0,1.0,0.0,0.0,0.0,0.0,0.0,1.0,1.0,648,54,66,64.8,3.794733192202055,64.8,0.0051906824111938,10,0.9283038525131756,12.96
20.0,6,64.0,2003.6803133807864,0.0,0.0,0.5,0.5,0.5,0.0,0.0,5,0,0,5,0,0.004990816116333,0.0,1.0,0.0,0.0,0.0,0.0,0.0,1.0,0.0,0.0,0.0,0.0,0.0,1.0,1.0,600,54,66,60.0,6.324555320336759,60.0,0.000567603111267,10,0.9293344008552924,36.0
20.0,6,64.0,1977.4192635896468,0.0,0.0,0.5,0.5,0.5,0.0,0.0,5,0,0,5,0,0.0050570964813232,0.0,1.0,0.0,0.0,0.0,0.0,0.0,1.0,0.0,0.0,0.0,0.0,0.0,1.0,1.0,618,54,68,61.8,6.762642481555072,61.8,0.0006271123886108,10,0.9295128600412864,41.16
20.0,6,64.0,1690.2974127508664,0.0,0.0,0.6,0.4,0.4,0.0,0.0,4,0,0,6,0,0.0059161186218261,0.0,1.0,0.0,0.0,0.0,0.0,0.0,1.0,0.0,0.0,0.0,0.0,0.0,1.0,1.0,624,54,68,62.4,7.229568912920511,62.4,0.0005949974060058,10,0.9297030671923672,49.0
20.0,6,64.0,192.5962796805907,0.0,0.0,0.6,0.4,0.4,0.0,0.0,4,0,0,6,0,0.0519220829010009,0.0,1.0,0.0,0.0,0.0,0.0,0.0,1.0,0.0,0.0,0.0,0.0,0.0,1.0,1.0,7314,54,1406,731.4,711.1030867602811,731.4,0.0051958084106445,10,1.0,455100.84
20.0,6,64.0,902.9329200034445,0.0,0.0,0.6,0.4,0.4,0.0,0.0,4,0,0,6,0,0.0110750198364257,0.0,1.0,0.0,0.0,0.0,0.0,0.0,1.0,0.0,0.0,0.0,0.0,0.0,1.0,1.0,8652,54,1406,865.2,698.1697978763237,865.2,0.0011117935180664,10,1.0,456976.0
20.0,6,64.0,2083.8155802861684,0.0,0.0,0.6,0.4,0.4,0.0,0.0,4,0,0,6,0,0.0047988891601562,0.0,1.0,0.0,0.0,0.0,0.0,0.0,1.0,0.0,0.0,0.0,0.0,0.0,1.0,1.0,7300,54,1406,730.0,712.5665660912748,730.0,0.0004833936691284,10,1.0,456976.0
20.0,6,64.0,1147.4268205941894,0.0,0.0,0.5,0.5,0.5,0.0,0.0,5,0,0,5,0,0.0087151527404785,0.0,1.0,0.0,0.0,0.0,0.0,0.0,1.0,0.0,0.0,0.0,0.0,0.0,1.0,1.0,5968,54,1406,596.8,696.4591078368412,596.8,0.0009817123413085,10,1.0,456976.0
20.0,6,64.0,543.9236435314866,0.0,0.0,0.6,0.4,0.4,0.0,0.0,4,0,0,6,0,0.0183849334716796,0.0,1.0,0.0,0.0,0.0,0.0,0.0,1.0,0.0,0.0,0.0,0.0,0.0,1.0,1.0,590,54,64,59.0,5.270462766947299,59.0,0.001841378211975,10,0.9289050057127436,25.0
20.0,6,64.0,3083.593589178062,0.0,0.0,0.6,0.4,0.4,0.0,0.0,4,0,0,6,0,0.0032429695129394,0.0,1.0,0.0,0.0,0.0,0.0,0.0,1.0,0.0,0.0,0.0,0.0,0.0,1.0,1.0,606,54,66,60.6,5.738757124441959,60.6,0.0004094123840332,10,0.9290957701022128,29.64
20.0,6,64.0,2120.370052070168,0.0,0.0,0.6,0.4,0.4,0.0,0.0,4,0,0,6,0,0.004716157913208,0.0,1.0,0.0,0.0,0.0,0.0,0.0,1.0,0.0,0.0,0.0,0.0,0.0,1.0,1.0,624,54,66,62.4,5.796550698475776,62.4,0.0004733085632324,10,0.9291193128925312,36.0
20.0,6,64.0,274.8164746891012,0.0,0.0,0.7,0.3,0.3,0.0,0.0,3,0,0,7,0,0.0363879203796386,0.0,1.0,0.0,0.0,0.0,0.0,0.0,1.0,0.0,0.0,0.0,0.0,0.0,1.0,1.0,600,54,64,60.0,5.163977794943222,60.0,0.0036425828933715,10,0.928861627994548,25.0
20.0,6,64.0,5319.345592897907,0.0,0.0,0.7,0.3,0.3,0.0,0.0,3,0,0,7,0,0.0018799304962158,0.0,1.0,0.0,0.0,0.0,0.0,0.0,1.0,0.0,0.0,0.0,0.0,0.0,1.0,1.0,628,54,66,62.8,4.732863826479693,62.8,0.0001908063888549,10,0.9286860094083548,22.0
20.0,6,64.0,4915.968120018753,0.0,0.0,0.7,0.3,0.3,0.0,0.0,3,0,0,7,0,0.0020341873168945,0.0,1.0,0.0,0.0,0.0,0.0,0.0,1.0,0.0,0.0,0.0,0.0,0.0,1.0,1.0,612,54,66,61.2,6.196773353931867,61.2,0.0002062082290649,10,0.9292823475934576,36.0
20.0,6,64.0,479.453138395766,0.0,0.0,0.5,0.5,0.5,0.0,0.0,5,0,0,5,0,0.0208570957183837,0.0,1.0,0.0,0.0,0.0,0.0,0.0,1.0,0.0,0.0,0.0,0.0,0.0,1.0,1.0,612,54,66,61.2,6.196773353931867,61.2,0.0049613952636718,10,0.9292823475934576,35.55555555555556
20.0,6,64.0,1489.4016547707822,0.0,0.0,0.7,0.3,0.3,0.0,0.0,3,0,0,7,0,0.0067141056060791,0.0,1.0,0.0,0.0,0.0,0.0,0.0,1.0,0.0,0.0,0.0,0.0,0.0,1.0,1.0,616,54,68,61.6,6.586180818788517,61.6,0.0006752014160156,10,0.9294409766183416,39.04
20.0,6,64.0,2506.3065431729906,0.0,0.0,0.6,0.4,0.4,0.0,0.0,4,0,0,6,0,0.0039899349212646,0.0,1.0,0.0,0.0,0.0,0.0,0.0,1.0,0.0,0.0,0.0,0.0,0.0,1.0,1.0,624,54,68,62.4,7.229568912920511,62.4,0.0004019975662231,10,0.9297030671923672,49.0
20.0,6,64.0,315.6364949881099,0.0,0.0,0.5,0.5,0.5,0.0,0.0,5,0,0,5,0,0.031682014465332,0.0,1.0,0.0,0.0,0.0,0.0,0.0,1.0,0.0,0.0,0.0,0.0,0.0,1.0,1.0,608,54,68,60.8,6.051629716218782,60.8,0.0031698942184448,10,0.9292232218811988,49.0
20.0,6,64.0,692.815328708292,0.0,0.0,0.6,0.4,0.4,0.0,0.0,4,0,0,6,0,0.0144338607788085,0.0,1.0,0.0,0.0,0.0,0.0,0.0,1.0,0.0,0.0,0.0,0.0,0.0,1.0,1.0,590,54,64,59.0,5.270462766947299,59.0,0.001445198059082,10,0.9289050057127436,25.0
20.0,6,64.0,2642.08125984252,0.0,0.0,0.5,0.5,0.5,0.0,0.0,5,0,0,5,0,0.0037848949432373,0.0,1.0,0.0,0.0,0.0,0.0,0.0,1.0,0.0,0.0,0.0,0.0,0.0,1.0,1.0,598,54,66,59.8,6.142746399887703,59.8,0.0003803014755249,10,0.9292603391734584,33.959999999999994
20.0,6,64.0,5189.043671903996,0.0,0.0,0.5,0.5,0.5,0.0,0.0,5,0,0,5,0,0.0019271373748779,0.0,1.0,0.0,0.0,0.0,0.0,0.0,1.0,0.0,0.0,0.0,0.0,0.0,1.0,1.0,600,54,66,60.0,6.324555320336759,60.0,0.000241208076477,10,0.9293344008552924,36.0
20.0,6,64.0,278.6524139488842,0.0,0.0,0.6,0.4,0.4,0.0,0.0,4,0,0,6,0,0.0358870029449462,0.0,1.0,0.0,0.0,0.0,0.0,0.0,1.0,0.0,0.0,0.0,0.0,0.0,1.0,1.0,612,54,66,61.2,6.196773353931867,61.2,0.0036334037780761,10,0.9292823475934576,36.0
20.0,6,64.0,5576.790320436112,0.0,0.0,0.6,0.4,0.4,0.0,0.0,4,0,0,6,0,0.0017931461334228,0.0,1.0,0.0,0.0,0.0,0.0,0.0,1.0,0.0,0.0,0.0,0.0,0.0,1.0,1.0,613,54,67,61.3,6.290204024248074,61.3,0.0004400014877319,10,0.9293204075113176,36.0
20.0,6,64.0,1959.2227204783255,0.0,0.0,0.5,0.5,0.5,0.0,0.0,5,0,0,5,0,0.0051040649414062,0.0,1.0,0.0,0.0,0.0,0.0,0.0,1.0,0.0,0.0,0.0,0.0,0.0,1.0,1.0,618,54,67,61.8,6.713171133426189,61.8,0.0005121946334838,10,0.9294927073929125,41.72839506172839
20.0,6,64.0,312.63679663682643,0.0,0.0,0.7,0.3,0.3,0.0,0.0,3,0,0,7,0,0.0319859981536865,0.0,1.0,0.0,0.0,0.0,0.0,0.0,1.0,0.0,0.0,0.0,0.0,0.0,1.0,1.0,615,54,67,61.5,6.467869303977419,61.5,0.0032013893127441,10,0.9293927812396684,42.25
20.0,6,64.0,495.0725321939071,0.0,0.0,0.9,0.1,0.1,0.0,0.0,1,0,0,9,0,0.0201990604400634,0.0,1.0,0.0,0.0,0.0,0.0,0.0,1.0,0.0,0.0,0.0,0.0,0.0,1.0,1.0,652,54,68,65.2,4.022160834399561,65.2,0.0020230054855346,10,0.928396497437501,17.63265306122449
20.0,6,64.0,3087.225084645959,0.0,0.0,0.6,0.4,0.4,0.0,0.0,4,0,0,6,0,0.0032391548156738,0.0,1.0,0.0,0.0,0.0,0.0,0.0,1.0,0.0,0.0,0.0,0.0,0.0,1.0,1.0,624,54,68,62.4,7.229568912920511,62.4,0.0003255128860473,10,0.9297030671923672,49.0
20.0,6,64.0,274.51430067412787,0.0,0.0,1.0,0.0,0.0,0.0,0.0,0,0,0,10,0,0.0364279747009277,0.0,1.0,0.0,0.0,0.0,0.0,0.0,1.0,0.0,0.0,0.0,0.0,0.0,1.0,1.0,11384,68,1406,1138.4,564.1503345740388,1138.4,0.003645896911621,10,1.0,447561.0
20.0,6,64.0,1808.0455211656176,0.0,0.0,1.0,0.0,0.0,0.0,0.0,0,0,0,10,0,0.005530834197998,0.0,1.0,0.0,0.0,0.0,0.0,0.0,1.0,0.0,0.0,0.0,0.0,0.0,1.0,1.0,14060,1406,1406,1406.0,0.0,1406.0,0.0005576848983764,10,0.0,0.0
20.0,6,64.0,226.24463287807197,0.0,0.0,0.6,0.4,0.4,0.0,0.0,4,0,0,6,0,0.0441999435424804,0.0,1.0,0.0,0.0,0.0,0.0,0.0,1.0,0.0,0.0,0.0,0.0,0.0,1.0,1.0,3284,54,1406,328.4,567.9646311366774,328.4,0.0044214963912963,10,1.0,453614.75
20.0,6,64.0,1208.036866359447,0.0,0.0,0.5,0.5,0.5,0.0,0.0,5,0,0,5,0,0.0082778930664062,0.0,1.0,0.0,0.0,0.0,0.0,0.0,1.0,0.0,0.0,0.0,0.0,0.0,1.0,1.0,590,54,64,59.0,5.270462766947299,59.0,0.0008304119110107,10,0.9289050057127436,25.0
20.0,6,64.0,1688.052481184851,0.0,0.0,0.7,0.3,0.3,0.0,0.0,3,0,0,7,0,0.0059239864349365,0.0,1.0,0.0,0.0,0.0,0.0,0.0,1.0,0.0,0.0,0.0,0.0,0.0,1.0,1.0,622,54,66,62.2,5.692099788303083,62.2,0.0005948066711425,10,0.9290767637697632,30.61728395061728
20.0,6,64.0,375.8134867301041,0.0,0.0,0.6,0.4,0.4,0.0,0.0,4,0,0,6,0,0.0266089439392089,0.0,1.0,0.0,0.0,0.0,0.0,0.0,1.0,0.0,0.0,0.0,0.0,0.0,1.0,1.0,608,54,66,60.8,5.902918298980975,60.8,0.0030546903610229,10,0.9291626427982728,36.0
20.0,6,64.0,964.6069638011132,0.0,0.0,1.0,0.0,0.0,0.0,0.0,0,0,0,10,0,0.0103669166564941,0.0,1.0,0.0,0.0,0.0,0.0,0.0,1.0,0.0,0.0,0.0,0.0,0.0,1.0,1.0,644,64,66,64.4,0.8432740427115678,64.4,0.001039695739746,10,0.0,0.64
20.0,6,64.0,284.25360035241096,0.0,0.0,0.9,0.1,0.1,0.0,0.0,1,0,0,9,0,0.035179853439331,0.0,1.0,0.0,0.0,0.0,0.0,0.0,1.0,0.0,0.0,0.0,0.0,0.0,1.0,1.0,660,54,78,66.0,5.656854249492381,66.0,0.0035223960876464,10,0.9290624061470732,28.8
20.0,6,64.0,257.611645118693,0.0,0.0,0.5,0.5,0.5,0.0,0.0,5,0,0,5,0,0.0388181209564209,0.0,1.0,0.0,0.0,0.0,0.0,0.0,1.0,0.0,0.0,0.0,0.0,0.0,1.0,1.0,684,54,78,68.4,12.393546707863734,68.4,0.0041678190231323,10,0.9318066651869154,144.0
20.0,6,64.0,3073.200468933177,0.0,0.0,0.6,0.4,0.4,0.0,0.0,4,0,0,6,0,0.0032539367675781,0.0,1.0,0.0,0.0,0.0,0.0,0.0,1.0,0.0,0.0,0.0,0.0,0.0,1.0,1.0,690,54,80,69.0,12.935738607954836,69.0,0.0003276824951171,10,0.9320275324793365,152.39506172839506
20.0,6,64.0,1402.3551439366076,0.0,0.0,0.5,0.5,0.5,0.0,0.0,5,0,0,5,0,0.0071308612823486,0.0,1.0,0.0,0.0,0.0,0.0,0.0,1.0,0.0,0.0,0.0,0.0,0.0,1.0,1.0,670,54,80,67.0,13.703203194062976,67.0,0.0007138967514038,10,0.9323401668531336,169.0
20.0,6,64.0,341.8563557526163,0.0,0.0,0.7,0.3,0.3,0.0,0.0,3,0,0,7,0,0.0292520523071289,0.0,1.0,0.0,0.0,0.0,0.0,0.0,1.0,0.0,0.0,0.0,0.0,0.0,1.0,1.0,632,54,80,63.2,10.031062866028815,63.2,0.0029274225234985,10,0.9308442837691056,169.0
20.0,6,64.0,3143.6846050067456,0.0,0.0,0.7,0.3,0.3,0.0,0.0,3,0,0,7,0,0.003180980682373,0.0,1.0,0.0,0.0,0.0,0.0,0.0,1.0,0.0,0.0,0.0,0.0,0.0,1.0,1.0,611,54,65,61.1,4.909175083453431,61.1,0.0003192901611328,10,0.9287578315619957,22.222222222222225
20.0,6,64.0,5814.116994732464,0.0,0.0,0.8,0.2,0.2,0.0,0.0,2,0,0,8,0,0.0017199516296386,0.0,1.0,0.0,0.0,0.0,0.0,0.0,1.0,0.0,0.0,0.0,0.0,0.0,1.0,1.0,628,54,65,62.8,4.638007234913623,62.8,0.0002085924148559,10,0.9286473686272144,22.6875
20.0,6,64.0,375.09425862994095,0.0,0.0,0.5,0.5,0.5,0.0,0.0,5,0,0,5,0,0.0266599655151367,0.0,1.0,0.0,0.0,0.0,0.0,0.0,1.0,0.0,0.0,0.0,0.0,0.0,1.0,1.0,611,54,66,61.1,6.118278625016463,61.1,0.002767014503479,10,0.9292503719806868,34.46913580246914
20.0,6,64.0,643.4659343693908,0.0,0.0,0.5,0.5,0.5,0.0,0.0,5,0,0,5,0,0.0155408382415771,0.0,1.0,0.0,0.0,0.0,0.0,0.0,1.0,0.0,0.0,0.0,0.0,0.0,1.0,1.0,600,54,66,60.0,6.324555320336759,60.0,0.001557183265686,10,0.9293344008552924,36.0
20.0,6,64.0,1697.205519362279,0.0,0.0,0.5,0.5,0.5,0.0,0.0,5,0,0,5,0,0.0058920383453369,0.0,1.0,0.0,0.0,0.0,0.0,0.0,1.0,0.0,0.0,0.0,0.0,0.0,1.0,1.0,610,54,68,61.0,7.378647873726218,61.0,0.0005922079086303,10,0.9297637959978412,49.0
20.0,6,64.0,2650.429067930489,0.0,0.0,0.5,0.5,0.5,0.0,0.0,5,0,0,5,0,0.0037729740142822,0.0,1.0,0.0,0.0,0.0,0.0,0.0,1.0,0.0,0.0,0.0,0.0,0.0,1.0,1.0,610,54,68,61.0,7.378647873726218,61.0,0.0003791093826293,10,0.9297637959978412,49.0
20.0,6,64.0,248.6751331032929,0.0,0.0,0.7,0.3,0.3,0.0,0.0,3,0,0,7,0,0.0402131080627441,0.0,1.0,0.0,0.0,0.0,0.0,0.0,1.0,0.0,0.0,0.0,0.0,0.0,1.0,1.0,610,54,64,61.0,4.83045891539648,61.0,0.0040246963500976,10,0.928725765743776,25.0
20.0,6,64.0,3327.7562678514755,0.0,0.0,0.8,0.2,0.2,0.0,0.0,2,0,0,8,0,0.003005027770996,0.0,1.0,0.0,0.0,0.0,0.0,0.0,1.0,0.0,0.0,0.0,0.0,0.0,1.0,1.0,618,54,66,61.8,5.452828012447608,61.8,0.0003035068511962,10,0.9289792940191508,27.55555555555556
20.0,6,64.0,2424.3130454887,0.0,0.0,0.5,0.5,0.5,0.0,0.0,5,0,0,5,0,0.0041248798370361,0.0,1.0,0.0,0.0,0.0,0.0,0.0,1.0,0.0,0.0,0.0,0.0,0.0,1.0,1.0,612,54,66,61.2,6.196773353931867,61.2,0.0005063772201538,10,0.9292823475934576,36.0
20.0,6,64.0,287.5726078490525,0.0,0.0,0.6,0.4,0.4,0.0,0.0,4,0,0,6,0,0.034773826599121,0.0,1.0,0.0,0.0,0.0,0.0,0.0,1.0,0.0,0.0,0.0,0.0,0.0,1.0,1.0,590,54,64,59.0,5.270462766947299,59.0,0.003481101989746,10,0.9289050057127436,25.0
20.0,6,64.0,3234.0997763898527,0.0,0.0,0.6,0.4,0.4,0.0,0.0,4,0,0,6,0,0.0030920505523681,0.0,1.0,0.0,0.0,0.0,0.0,0.0,1.0,0.0,0.0,0.0,0.0,0.0,1.0,1.0,614,54,66,61.4,5.168279318217149,61.4,0.0005200147628784,10,0.9288633802630688,24.09876543209877
20.0,6,64.0,1100.953880883009,0.0,0.0,0.7,0.3,0.3,0.0,0.0,3,0,0,7,0,0.0090830326080322,0.0,1.0,0.0,0.0,0.0,0.0,0.0,1.0,0.0,0.0,0.0,0.0,0.0,1.0,1.0,612,54,66,61.2,6.196773353931867,61.2,0.0009119033813476,10,0.9292823475934576,36.0
20.0,6,64.0,284.21892893686515,0.0,0.0,0.9,0.1,0.1,0.0,0.0,1,0,0,9,0,0.0351841449737548,0.0,1.0,0.0,0.0,0.0,0.0,0.0,1.0,0.0,0.0,0.0,0.0,0.0,1.0,1.0,634,54,66,63.4,3.40587727318528,63.4,0.0035202980041503,10,0.9281454481660047,36.0
20.0,6,64.0,17697.48523206751,0.0,0.0,1.0,0.0,0.0,0.0,0.0,0,0,0,10,0,0.0005650520324707,0.0,1.0,0.0,0.0,0.0,0.0,0.0,1.0,0.0,0.0,0.0,0.0,0.0,1.0,1.0,654,64,66,65.4,0.9660917830792958,65.4,5.779266357421875e-05,10,0.0,1.0
20.0,6,64.0,185.63220578277208,0.0,0.0,0.7,0.3,0.3,0.0,0.0,3,0,0,7,0,0.0538699626922607,0.0,1.0,0.0,0.0,0.0,0.0,0.0,1.0,0.0,0.0,0.0,0.0,0.0,1.0,1.0,626,54,66,62.6,4.623610902506587,62.6,0.0053879022598266,10,0.9286415041372452,26.285714285714285
20.0,6,64.0,2414.9608475356977,0.0,0.0,0.7,0.3,0.3,0.0,0.0,3,0,0,7,0,0.0041408538818359,0.0,1.0,0.0,0.0,0.0,0.0,0.0,1.0,0.0,0.0,0.0,0.0,0.0,1.0,1.0,602,54,66,60.2,5.370702416299421,60.2,0.0004174947738647,10,0.9289458393363036,25.96
20.0,6,64.0,1473.1846440237434,0.0,0.0,0.7,0.3,0.3,0.0,0.0,3,0,0,7,0,0.0067880153656005,0.0,1.0,0.0,0.0,0.0,0.0,0.0,1.0,0.0,0.0,0.0,0.0,0.0,1.0,1.0,624,54,66,62.4,5.796550698475776,62.4,0.0006804943084716,10,0.9291193128925312,36.0
20.0,6,64.0,300.6712641041449,0.0,0.0,0.5,0.5,0.5,0.0,0.0,5,0,0,5,0,0.0332589149475097,0.0,1.0,0.0,0.0,0.0,0.0,0.0,1.0,0.0,0.0,0.0,0.0,0.0,1.0,1.0,627,54,75,62.7,9.741663102366044,62.7,0.0033286094665527,10,0.9307263938813798,85.55555555555556
20.0,6,64.0,583.7421366141513,0.0,0.0,0.5,0.5,0.5,0.0,0.0,5,0,0,5,0,0.0171308517456054,0.0,1.0,0.0,0.0,0.0,0.0,0.0,1.0,0.0,0.0,0.0,0.0,0.0,1.0,1.0,645,54,75,64.5,11.067971810589327,64.5,0.0017143964767456,10,0.9312666789967616,110.25
20.0,6,64.0,1659.9928760834289,0.0,0.0,0.5,0.5,0.5,0.0,0.0,5,0,0,5,0,0.0060241222381591,0.0,1.0,0.0,0.0,0.0,0.0,0.0,1.0,0.0,0.0,0.0,0.0,0.0,1.0,1.0,651,54,77,65.1,11.723196378690128,65.1,0.0006854057312011,10,0.9315335912768232,123.69
20.0,6,64.0,3287.329728035113,0.0,0.0,0.5,0.5,0.5,0.0,0.0,5,0,0,5,0,0.0030419826507568,0.0,1.0,0.0,0.0,0.0,0.0,0.0,1.0,0.0,0.0,0.0,0.0,0.0,1.0,1.0,655,54,77,65.5,12.122064363978788,65.5,0.0004101037979125,10,0.9316960741393104,132.25
20.0,6,64.0,486.5217492170282,0.0,0.0,0.8,0.2,0.2,0.0,0.0,2,0,0,8,0,0.0205540657043457,0.0,1.0,0.0,0.0,0.0,0.0,0.0,1.0,0.0,0.0,0.0,0.0,0.0,1.0,1.0,3094,54,472,309.4,210.0556540009761,309.4,0.0021281003952026,10,1.0,41376.6875
20.0,6,64.0,1020.8348139314138,0.0,0.0,1.0,0.0,0.0,0.0,0.0,0,0,0,10,0,0.0097959041595458,0.0,1.0,0.0,0.0,0.0,0.0,0.0,1.0,0.0,0.0,0.0,0.0,0.0,1.0,1.0,4732,472,474,473.2,1.0327955589886444,473.2,0.0009822845458984,10,0.2148524095989096,1.0
20.0,6,64.0,194.3444939717725,0.0,0.0,0.8,0.2,0.2,0.0,0.0,2,0,0,8,0,0.051455020904541,0.0,1.0,0.0,0.0,0.0,0.0,0.0,1.0,0.0,0.0,0.0,0.0,0.0,1.0,1.0,2300,54,474,230.0,210.1428085850192,230.0,0.0051470041275024,10,1.0,42075.0
20.0,6,64.0,3154.560770156438,0.0,0.0,0.7,0.3,0.3,0.0,0.0,3,0,0,7,0,0.0031700134277343,0.0,1.0,0.0,0.0,0.0,0.0,0.0,1.0,0.0,0.0,0.0,0.0,0.0,1.0,1.0,704,54,76,70.4,8.682037651253177,70.4,0.0015180110931396,10,0.9302947448576144,100.0
20.0,6,64.0,2076.388118811881,0.0,0.0,0.6,0.4,0.4,0.0,0.0,4,0,0,6,0,0.0048160552978515,0.0,1.0,0.0,0.0,0.0,0.0,0.0,1.0,0.0,0.0,0.0,0.0,0.0,1.0,1.0,650,54,76,65.0,11.59501808728406,65.0,0.0004853010177612,10,0.931481376568036,121.0
20.0,6,64.0,169.58056716828256,0.0,0.0,0.9,0.1,0.1,0.0,0.0,1,0,0,9,0,0.0589690208435058,0.0,1.0,0.0,0.0,0.0,0.0,0.0,1.0,0.0,0.0,0.0,0.0,0.0,1.0,1.0,3336,54,509,333.6,226.52946828172264,333.6,0.0059007883071899,10,1.0,48115.9375
20.0,6,64.0,3750.94258629941,0.0,0.0,1.0,0.0,0.0,0.0,0.0,0,0,0,10,0,0.0026659965515136,0.0,1.0,0.0,0.0,0.0,0.0,0.0,1.0,0.0,0.0,0.0,0.0,0.0,1.0,1.0,5102,509,511,510.2,1.0327955589886444,510.2,0.0002675056457519,10,0.1517995995989096,1.0
20.0,6,64.0,1010.724372258904,0.0,0.0,0.7,0.3,0.3,0.0,0.0,3,0,0,7,0,0.0098938941955566,0.0,1.0,0.0,0.0,0.0,0.0,0.0,1.0,0.0,0.0,0.0,0.0,0.0,1.0,1.0,3120,54,511,312.0,185.93069198554127,312.0,0.0013211965560913,10,1.0,33965.28395061728
20.0,6,64.0,486.329947590557,0.0,0.0,0.5,0.5,0.5,0.0,0.0,5,0,0,5,0,0.0205621719360351,0.0,1.0,0.0,0.0,0.0,0.0,0.0,1.0,0.0,0.0,0.0,0.0,0.0,1.0,1.0,1480,54,242,148.0,99.0847000186092,148.0,0.0020599126815795,10,0.9671211733995808,8836.0
20.0,6,64.0,2061.7922626947843,0.0,0.0,0.6,0.4,0.4,0.0,0.0,4,0,0,6,0,0.004850149154663,0.0,1.0,0.0,0.0,0.0,0.0,0.0,1.0,0.0,0.0,0.0,0.0,0.0,1.0,1.0,1488,54,244,148.8,99.92975310464624,148.8,0.0004889965057373,10,0.9674654142247088,8987.36
20.0,6,64.0,1299.3909352830012,0.0,0.0,0.5,0.5,0.5,0.0,0.0,5,0,0,5,0,0.0076959133148193,0.0,1.0,0.0,0.0,0.0,0.0,0.0,1.0,0.0,0.0,0.0,0.0,0.0,1.0,1.0,1680,54,244,168.0,98.11557810392122,168.0,0.0008756875991821,10,0.9667263918964134,9025.0
20.0,6,64.0,449.622554537171,0.0,0.0,1.0,0.0,0.0,0.0,0.0,0,0,0,10,0,0.0222408771514892,0.0,1.0,0.0,0.0,0.0,0.0,0.0,1.0,0.0,0.0,0.0,0.0,0.0,1.0,1.0,648,54,66,64.8,3.794733192202056,64.8,0.0022269010543823,10,0.9283038525131756,36.0
20.0,6,64.0,1121.4416726825486,0.0,0.0,1.0,0.0,0.0,0.0,0.0,0,0,0,10,0,0.0089170932769775,0.0,1.0,0.0,0.0,0.0,0.0,0.0,1.0,0.0,0.0,0.0,0.0,0.0,1.0,1.0,660,66,66,66.0,0.0,66.0,0.0008933067321777,10,0.0,0.0
20.0,6,64.0,205.0813860814888,0.0,0.0,1.0,0.0,0.0,0.0,0.0,0,0,0,10,0,0.0487611293792724,0.0,1.0,0.0,0.0,0.0,0.0,0.0,1.0,0.0,0.0,0.0,0.0,0.0,1.0,1.0,642,64,66,64.2,0.6324555320336757,64.2,0.0048778057098388,10,0.0,1.0
20.0,6,64.0,3303.3819012365125,0.0,0.0,1.0,0.0,0.0,0.0,0.0,0,0,0,10,0,0.0030272006988525,0.0,1.0,0.0,0.0,0.0,0.0,0.0,1.0,0.0,0.0,0.0,0.0,0.0,1.0,1.0,658,64,66,65.8,0.6324555320336757,65.8,0.0003036022186279,10,0.0,1.0
20.0,6,64.0,199.4969654306425,0.0,0.0,0.5,0.5,0.5,0.0,0.0,5,0,0,5,0,0.0501260757446289,0.0,1.0,0.0,0.0,0.0,0.0,0.0,1.0,0.0,0.0,0.0,0.0,0.0,1.0,1.0,7312,54,1406,731.2,711.3106525593754,731.2,0.0050158977508544,10,1.0,455366.56
20.0,6,64.0,778.0918282163065,0.0,0.0,0.6,0.4,0.4,0.0,0.0,4,0,0,6,0,0.0128519535064697,0.0,1.0,0.0,0.0,0.0,0.0,0.0,1.0,0.0,0.0,0.0,0.0,0.0,1.0,1.0,7300,54,1406,730.0,712.5665660912748,730.0,0.0012890815734863,10,1.0,456976.0
20.0,6,64.0,2430.212642679182,0.0,0.0,0.5,0.5,0.5,0.0,0.0,5,0,0,5,0,0.0041148662567138,0.0,1.0,0.0,0.0,0.0,0.0,0.0,1.0,0.0,0.0,0.0,0.0,0.0,1.0,1.0,8652,54,1406,865.2,698.1697978763236,865.2,0.0004137992858886,10,1.0,456976.0
20.0,6,64.0,507.84647051701177,0.0,0.0,0.6,0.4,0.4,0.0,0.0,4,0,0,6,0,0.019690990447998,0.0,1.0,0.0,0.0,0.0,0.0,0.0,1.0,0.0,0.0,0.0,0.0,0.0,1.0,1.0,5960,54,1406,596.0,697.1465651735891,596.0,0.0019708156585693,10,1.0,456976.0
20.0,6,64.0,663.7502175942776,0.0,0.0,1.0,0.0,0.0,0.0,0.0,0,0,0,10,0,0.0150659084320068,0.0,1.0,0.0,0.0,0.0,0.0,0.0,1.0,0.0,0.0,0.0,0.0,0.0,1.0,1.0,662,66,68,66.2,0.6324555320336759,66.2,0.0017051935195922,10,0.0,0.36
20.0,6,64.0,295.9278648736365,0.0,0.0,1.0,0.0,0.0,0.0,0.0,0,0,0,10,0,0.0337920188903808,0.0,1.0,0.0,0.0,0.0,0.0,0.0,1.0,0.0,0.0,0.0,0.0,0.0,1.0,1.0,688,68,76,68.8,2.5298221281347035,68.8,0.0033802986145019,10,0.903930758342117,5.76
20.0,6,64.0,733.039253381803,0.0,0.0,0.5,0.5,0.5,0.0,0.0,5,0,0,5,0,0.0136418342590332,0.0,1.0,0.0,0.0,0.0,0.0,0.0,1.0,0.0,0.0,0.0,0.0,0.0,1.0,1.0,650,54,76,65.0,11.59501808728406,65.0,0.0015209913253784,10,0.931481376568036,121.0
20.0,6,64.0,1677.5873930085593,0.0,0.0,0.5,0.5,0.5,0.0,0.0,5,0,0,5,0,0.0059609413146972,0.0,1.0,0.0,0.0,0.0,0.0,0.0,1.0,0.0,0.0,0.0,0.0,0.0,1.0,1.0,652,54,78,65.2,11.820885471627468,65.2,0.0007173061370849,10,0.931573385905722,125.76000000000002
20.0,6,64.0,2616.53399875234,0.0,0.0,0.5,0.5,0.5,0.0,0.0,5,0,0,5,0,0.003821849822998,0.0,1.0,0.0,0.0,0.0,0.0,0.0,1.0,0.0,0.0,0.0,0.0,0.0,1.0,1.0,660,54,78,66.0,12.649110640673518,66.0,0.0004977941513061,10,0.9319107717105848,144.0
20.0,6,64.0,274.3401335626966,0.0,0.0,0.6,0.4,0.4,0.0,0.0,4,0,0,6,0,0.0364511013031005,0.0,1.0,0.0,0.0,0.0,0.0,0.0,1.0,0.0,0.0,0.0,0.0,0.0,1.0,1.0,656,54,78,65.6,11.345091939297411,65.6,0.0037643194198608,10,0.9313795666523922,144.0
20.0,6,64.0,61771.78203240059,0.0,0.0,1.0,0.0,0.0,0.0,0.0,0,0,0,10,0,0.0001618862152099,0.0,1.0,0.0,0.0,0.0,0.0,0.0,1.0,0.0,0.0,0.0,0.0,0.0,1.0,1.0,644,64,66,64.4,0.8432740427115678,64.4,0.0005659818649291,10,0.0,0.64
20.0,6,64.0,300.29024521209953,0.0,0.0,0.9,0.1,0.1,0.0,0.0,1,0,0,9,0,0.0333011150360107,0.0,1.0,0.0,0.0,0.0,0.0,0.0,1.0,0.0,0.0,0.0,0.0,0.0,1.0,1.0,648,54,66,64.8,3.794733192202055,64.8,0.0033316135406494,10,0.9283038525131756,12.96
20.0,6,64.0,829.3891756144826,0.0,0.0,0.5,0.5,0.5,0.0,0.0,5,0,0,5,0,0.0120570659637451,0.0,1.0,0.0,0.0,0.0,0.0,0.0,1.0,0.0,0.0,0.0,0.0,0.0,1.0,1.0,612,54,66,61.2,6.196773353931867,61.2,0.0016226053237915,10,0.9292823475934576,35.55555555555556
20.0,6,64.0,2322.298876031228,0.0,0.0,0.5,0.5,0.5,0.0,0.0,5,0,0,5,0,0.0043060779571533,0.0,1.0,0.0,0.0,0.0,0.0,0.0,1.0,0.0,0.0,0.0,0.0,0.0,1.0,1.0,604,54,68,60.4,6.785605679999719,60.4,0.0004334926605224,10,0.9295222143298046,41.44
20.0,6,64.0,790.3342754852082,0.0,0.0,0.7,0.3,0.3,0.0,0.0,3,0,0,7,0,0.0126528739929199,0.0,1.0,0.0,0.0,0.0,0.0,0.0,1.0,0.0,0.0,0.0,0.0,0.0,1.0,1.0,624,54,68,62.4,7.229568912920511,62.4,0.0012682914733886,10,0.9297030671923672,49.0
20.0,6,64.0,429.0891978434562,0.0,0.0,0.6,0.4,0.4,0.0,0.0,4,0,0,6,0,0.0233051776885986,0.0,1.0,0.0,0.0,0.0,0.0,0.0,1.0,0.0,0.0,0.0,0.0,0.0,1.0,1.0,616,54,68,61.6,6.586180818788518,61.6,0.0023321151733398,10,0.9294409766183416,49.0
20.0,6,64.0,1604.922323410117,0.0,0.0,0.7,0.3,0.3,0.0,0.0,3,0,0,7,0,0.0062308311462402,0.0,1.0,0.0,0.0,0.0,0.0,0.0,1.0,0.0,0.0,0.0,0.0,0.0,1.0,1.0,624,54,66,62.4,5.796550698475775,62.4,0.0018211841583251,10,0.9291193128925312,36.0
20.0,6,64.0,4193.046086174148,0.0,0.0,0.6,0.4,0.4,0.0,0.0,4,0,0,6,0,0.0023849010467529,0.0,1.0,0.0,0.0,0.0,0.0,0.0,1.0,0.0,0.0,0.0,0.0,0.0,1.0,1.0,612,54,66,61.2,6.196773353931867,61.2,0.0003822088241577,10,0.9292823475934576,34.56
20.0,6,64.0,205.43999373046893,0.0,0.0,0.8,0.2,0.2,0.0,0.0,2,0,0,8,0,0.0486760139465332,0.0,1.0,0.0,0.0,0.0,0.0,0.0,1.0,0.0,0.0,0.0,0.0,0.0,1.0,1.0,6426,54,1224,642.6,612.8650748737441,642.6,0.0050110101699829,10,1.0,338043.24
20.0,6,64.0,1800.8260701558545,0.0,0.0,1.0,0.0,0.0,0.0,0.0,0,0,0,10,0,0.0055530071258544,0.0,1.0,0.0,0.0,0.0,0.0,0.0,1.0,0.0,0.0,0.0,0.0,0.0,1.0,1.0,12245,1224,1225,1224.5,0.5270462766947299,1224.5,0.0010892868041992,10,0.0,0.25
20.0,6,64.0,470.0342918618464,0.0,0.0,1.0,0.0,0.0,0.0,0.0,0,0,0,10,0,0.0212750434875488,0.0,1.0,0.0,0.0,0.0,0.0,0.0,1.0,0.0,0.0,0.0,0.0,0.0,1.0,1.0,6445,64,1225,644.5,611.9007272425814,644.5,0.0027013063430786,10,1.0,336980.25
20.0,6,64.0,912.9165941145744,0.0,0.0,1.0,0.0,0.0,0.0,0.0,0,0,0,10,0,0.0109539031982421,0.0,1.0,0.0,0.0,0.0,0.0,0.0,1.0,0.0,0.0,0.0,0.0,0.0,1.0,1.0,650,64,66,65.0,1.0540925533894598,65.0,0.0010962963104248,10,0.9101461251425488,1.0
20.0,6,64.0,270.9078695809435,0.0,0.0,1.0,0.0,0.0,0.0,0.0,0,0,0,10,0,0.0369129180908203,0.0,1.0,0.0,0.0,0.0,0.0,0.0,1.0,0.0,0.0,0.0,0.0,0.0,1.0,1.0,650,64,66,65.0,1.0540925533894598,65.0,0.0036938905715942,10,0.9101461251425488,1.0
20.0,6,64.0,661.5099755539784,0.0,0.0,1.0,0.0,0.0,0.0,0.0,0,0,0,10,0,0.0151169300079345,0.0,1.0,0.0,0.0,0.0,0.0,0.0,1.0,0.0,0.0,0.0,0.0,0.0,1.0,1.0,650,64,66,65.0,1.0540925533894598,65.0,0.0016153097152709,10,0.9101461251425488,1.0
20.0,6,64.0,298.9802333787165,0.0,0.0,0.7,0.3,0.3,0.0,0.0,3,0,0,7,0,0.0334470272064209,0.0,1.0,0.0,0.0,0.0,0.0,0.0,1.0,0.0,0.0,0.0,0.0,0.0,1.0,1.0,4113,54,1225,411.3,561.526698682559,411.3,0.0033482074737548,10,1.0,283781.01
20.0,6,64.0,842.0437252815643,0.0,0.0,0.6,0.4,0.4,0.0,0.0,4,0,0,6,0,0.0118758678436279,0.0,1.0,0.0,0.0,0.0,0.0,0.0,1.0,0.0,0.0,0.0,0.0,0.0,1.0,1.0,6395,54,1225,639.5,617.1711900095287,639.5,0.0011911869049072,10,1.0,342810.25
20.0,6,64.0,3591.93628500471,0.0,0.0,0.5,0.5,0.5,0.0,0.0,5,0,0,5,0,0.0027840137481689,0.0,1.0,0.0,0.0,0.0,0.0,0.0,1.0,0.0,0.0,0.0,0.0,0.0,1.0,1.0,6398,54,1226,639.8,617.4875257399492,639.8,0.0003100156784057,10,1.0,343161.76
20.0,6,64.0,1372.8859939118197,0.0,0.0,0.5,0.5,0.5,0.0,0.0,5,0,0,5,0,0.0072839260101318,0.0,1.0,0.0,0.0,0.0,0.0,0.0,1.0,0.0,0.0,0.0,0.0,0.0,1.0,1.0,6400,54,1226,640.0,617.6982362862234,640.0,0.0007811784744262,10,1.0,343396.0
20.0,6,64.0,288.8002644045389,0.0,0.0,0.7,0.3,0.3,0.0,0.0,3,0,0,7,0,0.0346260070800781,0.0,1.0,0.0,0.0,0.0,0.0,0.0,1.0,0.0,0.0,0.0,0.0,0.0,1.0,1.0,2956,54,1226,295.6,490.3883268503759,295.6,0.0035250186920166,10,1.0,343396.0
20.0,6,64.0,1352.259728535964,0.0,0.0,0.9,0.1,0.1,0.0,0.0,1,0,0,9,0,0.0073950290679931,0.0,1.0,0.0,0.0,0.0,0.0,0.0,1.0,0.0,0.0,0.0,0.0,0.0,1.0,1.0,636,54,66,63.6,5.059644256269407,63.6,0.0007417917251586,10,0.928819126684234,36.0
20.0,6,64.0,245.4057912505193,0.0,0.0,1.0,0.0,0.0,0.0,0.0,0,0,0,10,0,0.0407488346099853,0.0,1.0,0.0,0.0,0.0,0.0,0.0,1.0,0.0,0.0,0.0,0.0,0.0,1.0,1.0,660,66,66,66.0,0.0,66.0,0.0040757894515991,10,0.0,0.0
20.0,6,64.0,593.0188892659202,0.0,0.0,1.0,0.0,0.0,0.0,0.0,0,0,0,10,0,0.0168628692626953,0.0,1.0,0.0,0.0,0.0,0.0,0.0,1.0,0.0,0.0,0.0,0.0,0.0,1.0,1.0,668,66,68,66.8,1.0327955589886444,66.8,0.0016900062561035,10,0.9067291895989096,0.96
20.0,6,64.0,234.3946083088375,0.0,0.0,1.0,0.0,0.0,0.0,0.0,0,0,0,10,0,0.0426630973815918,0.0,1.0,0.0,0.0,0.0,0.0,0.0,1.0,0.0,0.0,0.0,0.0,0.0,1.0,1.0,2408,68,500,240.8,223.0838407415472,240.8,0.0042679071426391,10,0.9937756433644768,44789.76
20.0,6,64.0,128266.17737003058,0.0,0.0,1.0,0.0,0.0,0.0,0.0,0,0,0,10,0,7.796287536621094e-05,0.0,1.0,0.0,0.0,0.0,0.0,0.0,1.0,0.0,0.0,0.0,0.0,0.0,1.0,1.0,5008,500,502,500.8,1.0327955589886444,500.8,8.89301300048828e-06,10,0.1671367695989096,0.96
20.0,6,64.0,211.5952235613425,0.0,0.0,0.8,0.2,0.2,0.0,0.0,2,0,0,8,0,0.047260046005249,0.0,1.0,0.0,0.0,0.0,0.0,0.0,1.0,0.0,0.0,0.0,0.0,0.0,1.0,1.0,3248,54,502,324.8,228.78850009949755,324.8,0.0047271013259887,10,1.0,47109.76
20.0,6,64.0,1244.4159620234386,0.0,0.0,0.5,0.5,0.5,0.0,0.0,5,0,0,5,0,0.0080358982086181,0.0,1.0,0.0,0.0,0.0,0.0,0.0,1.0,0.0,0.0,0.0,0.0,0.0,1.0,1.0,600,54,64,60.0,5.163977794943222,60.0,0.0015259027481079,10,0.928861627994548,25.0
20.0,6,64.0,2246.788086565245,0.0,0.0,0.5,0.5,0.5,0.0,0.0,5,0,0,5,0,0.0044507980346679,0.0,1.0,0.0,0.0,0.0,0.0,0.0,1.0,0.0,0.0,0.0,0.0,0.0,1.0,1.0,596,54,66,59.6,5.94792213951879,59.6,0.0004479885101318,10,0.9291809755627544,31.84
20.0,6,64.0,2197.3512154233026,0.0,0.0,0.6,0.4,0.4,0.0,0.0,4,0,0,6,0,0.0045509338378906,0.0,1.0,0.0,0.0,0.0,0.0,0.0,1.0,0.0,0.0,0.0,0.0,0.0,1.0,1.0,612,54,66,61.2,6.196773353931867,61.2,0.000458812713623,10,0.9292823475934576,36.0
20.0,6,64.0,484.3978380376034,0.0,0.0,0.7,0.3,0.3,0.0,0.0,3,0,0,7,0,0.020644187927246,0.0,1.0,0.0,0.0,0.0,0.0,0.0,1.0,0.0,0.0,0.0,0.0,0.0,1.0,1.0,612,54,66,61.2,5.006662228138289,61.2,0.0020672082901,10,0.9287975439252544,36.0
20.0,6,64.0,651.1276701440636,0.0,0.0,0.8,0.2,0.2,0.0,0.0,2,0,0,8,0,0.0153579711914062,0.0,1.0,0.0,0.0,0.0,0.0,0.0,1.0,0.0,0.0,0.0,0.0,0.0,1.0,1.0,628,54,66,62.8,4.732863826479693,62.8,0.0015371799468994,10,0.9286860094083548,25.0
20.0,6,64.0,231.1395223242332,0.0,0.0,0.9,0.1,0.1,0.0,0.0,1,0,0,9,0,0.0432639122009277,0.0,1.0,0.0,0.0,0.0,0.0,0.0,1.0,0.0,0.0,0.0,0.0,0.0,1.0,1.0,632,54,66,63.2,4.9170903772228725,63.2,0.0043286085128784,10,0.9287610559360656,36.0
20.0,6,64.0,1095.0327650575673,0.0,0.0,1.0,0.0,0.0,0.0,0.0,0,0,0,10,0,0.0091321468353271,0.0,1.0,0.0,0.0,0.0,0.0,0.0,1.0,0.0,0.0,0.0,0.0,0.0,1.0,1.0,644,64,66,64.4,0.8432740427115678,64.4,0.0009174108505249,10,0.0,0.64
20.0,6,64.0,207.39650705116796,0.0,0.0,0.9,0.1,0.1,0.0,0.0,1,0,0,9,0,0.0482168197631835,0.0,1.0,0.0,0.0,0.0,0.0,0.0,1.0,0.0,0.0,0.0,0.0,0.0,1.0,1.0,648,54,66,64.8,3.794733192202055,64.8,0.0048242807388305,10,0.9283038525131756,12.96
20.0,6,64.0,462.04479108144136,0.0,0.0,0.5,0.5,0.5,0.0,0.0,5,0,0,5,0,0.0216429233551025,0.0,1.0,0.0,0.0,0.0,0.0,0.0,1.0,0.0,0.0,0.0,0.0,0.0,1.0,1.0,612,54,66,61.2,6.196773353931867,61.2,0.0021680116653442,10,0.9292823475934576,36.0
20.0,6,64.0,2023.88728044779,0.0,0.0,0.5,0.5,0.5,0.0,0.0,5,0,0,5,0,0.0049409866333007,0.0,1.0,0.0,0.0,0.0,0.0,0.0,1.0,0.0,0.0,0.0,0.0,0.0,1.0,1.0,604,54,68,60.4,6.785605679999719,60.4,0.0004956007003784,10,0.9295222143298046,41.44
20.0,6,64.0,2577.3036745729382,0.0,0.0,0.6,0.4,0.4,0.0,0.0,4,0,0,6,0,0.0038800239562988,0.0,1.0,0.0,0.0,0.0,0.0,0.0,1.0,0.0,0.0,0.0,0.0,0.0,1.0,1.0,624,54,68,62.4,7.229568912920511,62.4,0.0003911018371582,10,0.9297030671923672,49.0
20.0,6,64.0,684.5161079740184,0.0,0.0,0.9,0.1,0.1,0.0,0.0,1,0,0,9,0,0.0146088600158691,0.0,1.0,0.0,0.0,0.0,0.0,0.0,1.0,0.0,0.0,0.0,0.0,0.0,1.0,1.0,640,54,68,64.0,5.333333333333333,64.0,0.0014634847640991,10,0.9289306166666668,49.0
20.0,6,64.0,2397.430122892255,0.0,0.0,1.0,0.0,0.0,0.0,0.0,0,0,0,10,0,0.0041711330413818,0.0,1.0,0.0,0.0,0.0,0.0,0.0,1.0,0.0,0.0,0.0,0.0,0.0,1.0,1.0,672,66,68,67.2,1.0327955589886444,67.2,0.0004180192947387,10,0.9067291895989096,1.0
20.0,6,64.0,221.4591803330623,0.0,0.0,1.0,0.0,0.0,0.0,0.0,0,0,0,10,0,0.0451550483703613,0.0,1.0,0.0,0.0,0.0,0.0,0.0,1.0,0.0,0.0,0.0,0.0,0.0,1.0,1.0,7616,68,1224,761.6,596.9558330954364,761.6,0.004629898071289,10,1.0,334084.0
20.0,6,64.0,2373.1492587982348,0.0,0.0,1.0,0.0,0.0,0.0,0.0,0,0,0,10,0,0.004213809967041,0.0,1.0,0.0,0.0,0.0,0.0,0.0,1.0,0.0,0.0,0.0,0.0,0.0,1.0,1.0,12246,1224,1225,1224.6,0.5163977794943223,1224.6,0.0012483835220336,10,0.0,0.25
20.0,6,64.0,204.46554707875305,0.0,0.0,1.0,0.0,0.0,0.0,0.0,0,0,0,10,0,0.048907995223999,0.0,1.0,0.0,0.0,0.0,0.0,0.0,1.0,0.0,0.0,0.0,0.0,0.0,1.0,1.0,5284,64,1225,528.4,599.5378219929081,528.4,0.0048923015594482,10,1.0,336980.25
20.0,6,64.0,49286.76850763807,0.0,0.0,1.0,0.0,0.0,0.0,0.0,0,0,0,10,0,0.0002028942108154,0.0,1.0,0.0,0.0,0.0,0.0,0.0,1.0,0.0,0.0,0.0,0.0,0.0,1.0,1.0,652,64,66,65.2,1.0327955589886444,65.2,2.2101402282714844e-05,10,0.9101374495989096,1.0
20.0,6,64.0,273.2303202438961,0.0,0.0,0.7,0.3,0.3,0.0,0.0,3,0,0,7,0,0.0365991592407226,0.0,1.0,0.0,0.0,0.0,0.0,0.0,1.0,0.0,0.0,0.0,0.0,0.0,1.0,1.0,618,54,66,61.8,5.452828012447608,61.8,0.0036624193191528,10,0.9289792940191508,26.76
20.0,6,64.0,4705.827443060698,0.0,0.0,0.5,0.5,0.5,0.0,0.0,5,0,0,5,0,0.0021250247955322,0.0,1.0,0.0,0.0,0.0,0.0,0.0,1.0,0.0,0.0,0.0,0.0,0.0,1.0,1.0,590,54,64,59.0,5.270462766947299,59.0,0.0007666826248168,10,0.9289050057127436,25.0
20.0,6,64.0,631.5866825279707,0.0,0.0,0.5,0.5,0.5,0.0,0.0,5,0,0,5,0,0.0158331394195556,0.0,1.0,0.0,0.0,0.0,0.0,0.0,1.0,0.0,0.0,0.0,0.0,0.0,1.0,1.0,608,54,66,60.8,5.902918298980975,60.8,0.0016404151916503,10,0.9291626427982728,31.50617283950617
20.0,6,64.0,1938.307685198022,0.0,0.0,0.5,0.5,0.5,0.0,0.0,5,0,0,5,0,0.0051591396331787,0.0,1.0,0.0,0.0,0.0,0.0,0.0,1.0,0.0,0.0,0.0,0.0,0.0,1.0,1.0,600,54,66,60.0,6.324555320336759,60.0,0.000518798828125,10,0.9293344008552924,36.0
20.0,6,64.0,223.0099374192485,0.0,0.0,0.9,0.1,0.1,0.0,0.0,1,0,0,9,0,0.0448410511016845,0.0,1.0,0.0,0.0,0.0,0.0,0.0,1.0,0.0,0.0,0.0,0.0,0.0,1.0,1.0,622,54,66,62.2,4.366539438350083,62.2,0.0044869899749755,10,0.9285367835056064,36.0
20.0,6,64.0,5138.818916932125,0.0,0.0,1.0,0.0,0.0,0.0,0.0,0,0,0,10,0,0.0019459724426269,0.0,1.0,0.0,0.0,0.0,0.0,0.0,1.0,0.0,0.0,0.0,0.0,0.0,1.0,1.0,654,64,66,65.4,0.9660917830792958,65.4,0.0001965999603271,10,0.0,1.0
20.0,6,64.0,219.3903127942253,0.0,0.0,0.7,0.3,0.3,0.0,0.0,3,0,0,7,0,0.0455808639526367,0.0,1.0,0.0,0.0,0.0,0.0,0.0,1.0,0.0,0.0,0.0,0.0,0.0,1.0,1.0,5256,54,1224,525.6,601.1069788315555,525.6,0.0045603990554809,10,1.0,333872.0
20.0,6,64.0,2869.469795443661,0.0,0.0,0.6,0.4,0.4,0.0,0.0,4,0,0,6,0,0.0034849643707275,0.0,1.0,0.0,0.0,0.0,0.0,0.0,1.0,0.0,0.0,0.0,0.0,0.0,1.0,1.0,8731,54,1225,873.1,565.2327839041186,873.1,0.0007543087005615,10,1.0,342225.0
20.0,6,64.0,1671.9700231204656,0.0,0.0,0.7,0.3,0.3,0.0,0.0,3,0,0,7,0,0.0059809684753417,0.0,1.0,0.0,0.0,0.0,0.0,0.0,1.0,0.0,0.0,0.0,0.0,0.0,1.0,1.0,7566,54,1225,756.6,604.7017997878514,756.6,0.0006011009216308,10,1.0,342810.25
20.0,6,64.0,419.0741869411,0.0,0.0,0.7,0.3,0.3,0.0,0.0,3,0,0,7,0,0.0238621234893798,0.0,1.0,0.0,0.0,0.0,0.0,0.0,1.0,0.0,0.0,0.0,0.0,0.0,1.0,1.0,4093,54,1225,409.3,562.9033960932669,409.3,0.0023901939392089,10,1.0,342810.25
20.0,6,64.0,851.1341545080054,0.0,0.0,1.0,0.0,0.0,0.0,0.0,0,0,0,10,0,0.0117490291595458,0.0,1.0,0.0,0.0,0.0,0.0,0.0,1.0,0.0,0.0,0.0,0.0,0.0,1.0,1.0,648,64,66,64.8,1.0327955589886444,64.8,0.0011765956878662,10,0.9101374495989096,0.96
20.0,6,64.0,252.5958758913085,0.0,0.0,0.8,0.2,0.2,0.0,0.0,2,0,0,8,0,0.0395889282226562,0.0,1.0,0.0,0.0,0.0,0.0,0.0,1.0,0.0,0.0,0.0,0.0,0.0,1.0,1.0,642,54,66,64.2,3.7058512292499457,64.2,0.0039613008499145,10,0.9282676455567472,15.4375
20.0,6,64.0,851.2896285772275,0.0,0.0,0.6,0.4,0.4,0.0,0.0,4,0,0,6,0,0.0117468833923339,0.0,1.0,0.0,0.0,0.0,0.0,0.0,1.0,0.0,0.0,0.0,0.0,0.0,1.0,1.0,590,54,64,59.0,5.270462766947299,59.0,0.0011780977249145,10,0.9289050057127436,25.0
20.0,6,64.0,2954.151288913932,0.0,0.0,0.5,0.5,0.5,0.0,0.0,5,0,0,5,0,0.0033850669860839,0.0,1.0,0.0,0.0,0.0,0.0,0.0,1.0,0.0,0.0,0.0,0.0,0.0,1.0,1.0,596,54,66,59.6,5.94792213951879,59.6,0.0005911111831665,10,0.9291809755627544,31.84
20.0,6,64.0,1610.5921204208587,0.0,0.0,0.5,0.5,0.5,0.0,0.0,5,0,0,5,0,0.0062088966369628,0.0,1.0,0.0,0.0,0.0,0.0,0.0,1.0,0.0,0.0,0.0,0.0,0.0,1.0,1.0,600,54,66,60.0,6.324555320336759,60.0,0.0007027864456176,10,0.9293344008552924,36.0
20.0,6,64.0,378.4004402623531,0.0,0.0,0.8,0.2,0.2,0.0,0.0,2,0,0,8,0,0.0264270305633544,0.0,1.0,0.0,0.0,0.0,0.0,0.0,1.0,0.0,0.0,0.0,0.0,0.0,1.0,1.0,636,54,66,63.6,5.059644256269407,63.6,0.0027146100997924,10,0.928819126684234,36.0
20.0,6,64.0,747.6610991283267,0.0,0.0,1.0,0.0,0.0,0.0,0.0,0,0,0,10,0,0.0133750438690185,0.0,1.0,0.0,0.0,0.0,0.0,0.0,1.0,0.0,0.0,0.0,0.0,0.0,1.0,1.0,672,66,68,67.2,1.0327955589886444,67.2,0.0013406038284301,10,0.9067291895989096,1.0
20.0,6,64.0,177.30852152151306,0.0,0.0,1.0,0.0,0.0,0.0,0.0,0,0,0,10,0,0.056398868560791,0.0,1.0,0.0,0.0,0.0,0.0,0.0,1.0,0.0,0.0,0.0,0.0,0.0,1.0,1.0,776,68,84,77.6,8.262364471909155,77.6,0.0056423902511596,10,0.906265966791277,64.0
20.0,6,64.0,1016.8749242369142,0.0,0.0,1.0,0.0,0.0,0.0,0.0,0,0,0,10,0,0.0098340511322021,0.0,1.0,0.0,0.0,0.0,0.0,0.0,1.0,0.0,0.0,0.0,0.0,0.0,1.0,1.0,852,84,86,85.2,1.0327955589886444,85.2,0.0009860038757324,10,0.8760548495989098,1.0
20.0,6,64.0,313.9308114905019,0.0,0.0,1.0,0.0,0.0,0.0,0.0,0,0,0,10,0,0.0318541526794433,0.0,1.0,0.0,0.0,0.0,0.0,0.0,1.0,0.0,0.0,0.0,0.0,0.0,1.0,1.0,728,64,86,72.8,11.36075114887509,72.8,0.003187608718872,10,0.914344645588006,121.0
20.0,6,64.0,810.3682522508598,0.0,0.0,1.0,0.0,0.0,0.0,0.0,0,0,0,10,0,0.0123400688171386,0.0,1.0,0.0,0.0,0.0,0.0,0.0,1.0,0.0,0.0,0.0,0.0,0.0,1.0,1.0,652,64,66,65.2,1.0327955589886444,65.2,0.0012356996536254,10,0.9101374495989096,1.0
20.0,6,64.0,270.6072414771994,0.0,0.0,1.0,0.0,0.0,0.0,0.0,0,0,0,10,0,0.0369539260864257,0.0,1.0,0.0,0.0,0.0,0.0,0.0,1.0,0.0,0.0,0.0,0.0,0.0,1.0,1.0,660,66,66,66.0,0.0,66.0,0.0036970853805541,10,0.0,0.0
20.0,6,64.0,1306.3518858815837,0.0,0.0,0.9,0.1,0.1,0.0,0.0,1,0,0,9,0,0.0076549053192138,0.0,1.0,0.0,0.0,0.0,0.0,0.0,1.0,0.0,0.0,0.0,0.0,0.0,1.0,1.0,658,54,68,65.8,4.263540521418528,65.8,0.0007678985595703,10,0.9284948258668052,20.40816326530612
20.0,6,64.0,206.21571924442216,0.0,0.0,0.7,0.3,0.3,0.0,0.0,3,0,0,7,0,0.0484929084777832,0.0,1.0,0.0,0.0,0.0,0.0,0.0,1.0,0.0,0.0,0.0,0.0,0.0,1.0,1.0,646,54,68,64.6,5.660781257427675,64.6,0.0050786018371582,10,0.9290640058530256,43.55555555555557
20.0,6,64.0,985.990267754296,0.0,0.0,0.5,0.5,0.5,0.0,0.0,5,0,0,5,0,0.0101420879364013,0.0,1.0,0.0,0.0,0.0,0.0,0.0,1.0,0.0,0.0,0.0,0.0,0.0,1.0,1.0,600,54,66,60.0,6.324555320336759,60.0,0.0010188102722167,10,0.9293344008552924,36.0
20.0,6,64.0,2336.3992869875224,0.0,0.0,0.6,0.4,0.4,0.0,0.0,4,0,0,6,0,0.0042800903320312,0.0,1.0,0.0,0.0,0.0,0.0,0.0,1.0,0.0,0.0,0.0,0.0,0.0,1.0,1.0,606,54,68,60.6,6.995236474439826,60.6,0.0004317998886108,10,0.9296076095302278,44.04
20.0,6,64.0,2812.1381159906136,0.0,0.0,0.5,0.5,0.5,0.0,0.0,5,0,0,5,0,0.0035560131072998,0.0,1.0,0.0,0.0,0.0,0.0,0.0,1.0,0.0,0.0,0.0,0.0,0.0,1.0,1.0,610,54,68,61.0,7.378647873726218,61.0,0.0003571033477783,10,0.9297637959978412,49.0
20.0,6,64.0,369.3306916743715,0.0,0.0,0.8,0.2,0.2,0.0,0.0,2,0,0,8,0,0.0270760059356689,0.0,1.0,0.0,0.0,0.0,0.0,0.0,1.0,0.0,0.0,0.0,0.0,0.0,1.0,1.0,628,54,68,62.8,4.9170903772228725,62.8,0.0027549028396606,10,0.9287610559360656,49.0
20.0,6,64.0,1751.8603291287277,0.0,0.0,1.0,0.0,0.0,0.0,0.0,0,0,0,10,0,0.0057082176208496,0.0,1.0,0.0,0.0,0.0,0.0,0.0,1.0,0.0,0.0,0.0,0.0,0.0,1.0,1.0,652,64,66,65.2,1.0327955589886444,65.2,0.0005722999572753,10,0.9101374495989096,1.0
20.0,6,64.0,244.57010909811837,0.0,0.0,0.7,0.3,0.3,0.0,0.0,3,0,0,7,0,0.0408880710601806,0.0,1.0,0.0,0.0,0.0,0.0,0.0,1.0,0.0,0.0,0.0,0.0,0.0,1.0,1.0,618,54,66,61.8,5.452828012447608,61.8,0.0040902853012084,10,0.9289792940191508,26.76
20.0,6,64.0,1082.1217750257997,0.0,0.0,0.5,0.5,0.5,0.0,0.0,5,0,0,5,0,0.0092411041259765,0.0,1.0,0.0,0.0,0.0,0.0,0.0,1.0,0.0,0.0,0.0,0.0,0.0,1.0,1.0,600,54,64,60.0,5.163977794943222,60.0,0.0009803056716918,10,0.928861627994548,25.0
20.0,6,64.0,5903.313159746657,0.0,0.0,0.5,0.5,0.5,0.0,0.0,5,0,0,5,0,0.0016939640045166,0.0,1.0,0.0,0.0,0.0,0.0,0.0,1.0,0.0,0.0,0.0,0.0,0.0,1.0,1.0,598,54,66,59.8,6.142746399887703,59.8,0.0001710891723632,10,0.9292603391734584,33.959999999999994
20.0,6,64.0,1080.7276475135277,0.0,0.0,0.5,0.5,0.5,0.0,0.0,5,0,0,5,0,0.0092530250549316,0.0,1.0,0.0,0.0,0.0,0.0,0.0,1.0,0.0,0.0,0.0,0.0,0.0,1.0,1.0,600,54,66,60.0,6.324555320336759,60.0,0.0009270191192626,10,0.9293344008552924,36.0
20.0,6,64.0,281.2628416619726,0.0,0.0,0.9,0.1,0.1,0.0,0.0,1,0,0,9,0,0.0355539321899414,0.0,1.0,0.0,0.0,0.0,0.0,0.0,1.0,0.0,0.0,0.0,0.0,0.0,1.0,1.0,622,54,66,62.2,4.366539438350083,62.2,0.0035582780838012,10,0.9285367835056064,36.0
20.0,6,64.0,1311.826853907985,0.0,0.0,1.0,0.0,0.0,0.0,0.0,0,0,0,10,0,0.0076229572296142,0.0,1.0,0.0,0.0,0.0,0.0,0.0,1.0,0.0,0.0,0.0,0.0,0.0,1.0,1.0,654,64,66,65.4,0.9660917830792958,65.4,0.0007640123367309,10,0.0,1.0
20.0,6,64.0,251.7997514603207,0.0,0.0,0.7,0.3,0.3,0.0,0.0,3,0,0,7,0,0.0397140979766845,0.0,1.0,0.0,0.0,0.0,0.0,0.0,1.0,0.0,0.0,0.0,0.0,0.0,1.0,1.0,624,54,66,62.4,5.796550698475775,62.4,0.0039777040481567,10,0.9291193128925312,30.24
20.0,6,64.0,833.7581998171192,0.0,0.0,0.8,0.2,0.2,0.0,0.0,2,0,0,8,0,0.0119938850402832,0.0,1.0,0.0,0.0,0.0,0.0,0.0,1.0,0.0,0.0,0.0,0.0,0.0,1.0,1.0,654,54,68,65.4,4.115013163202923,65.4,0.0013372898101806,10,0.9284343217621625,20.0
20.0,6,64.0,4784.741044946384,0.0,0.0,0.7,0.3,0.3,0.0,0.0,3,0,0,7,0,0.0020899772644042,0.0,1.0,0.0,0.0,0.0,0.0,0.0,1.0,0.0,0.0,0.0,0.0,0.0,1.0,1.0,624,54,68,62.4,7.229568912920511,62.4,0.0002119064331054,10,0.9297030671923672,49.0
20.0,6,64.0,279.8534778982485,0.0,0.0,0.6,0.4,0.4,0.0,0.0,4,0,0,6,0,0.0357329845428466,0.0,1.0,0.0,0.0,0.0,0.0,0.0,1.0,0.0,0.0,0.0,0.0,0.0,1.0,1.0,604,54,68,60.4,5.641118880348314,60.4,0.0037170886993408,10,0.9290559961870988,49.0
20.0,6,64.0,1038.2197579148,0.0,0.0,0.6,0.4,0.4,0.0,0.0,4,0,0,6,0,0.009631872177124,0.0,1.0,0.0,0.0,0.0,0.0,0.0,1.0,0.0,0.0,0.0,0.0,0.0,1.0,1.0,602,54,66,60.2,5.370702416299421,60.2,0.001092505455017,10,0.9289458393363036,25.96
20.0,6,64.0,2151.476788920236,0.0,0.0,0.7,0.3,0.3,0.0,0.0,3,0,0,7,0,0.0046479701995849,0.0,1.0,0.0,0.0,0.0,0.0,0.0,1.0,0.0,0.0,0.0,0.0,0.0,1.0,1.0,624,54,66,62.4,5.796550698475776,62.4,0.0004667997360229,10,0.9291193128925312,35.26530612244898
20.0,6,64.0,209.88625729969925,0.0,0.0,0.6,0.4,0.4,0.0,0.0,4,0,0,6,0,0.0476448535919189,0.0,1.0,0.0,0.0,0.0,0.0,0.0,1.0,0.0,0.0,0.0,0.0,0.0,1.0,1.0,668,54,80,66.8,12.263767773404712,66.8,0.0047673940658569,10,0.931753798440174,135.36
20.0,6,64.0,2324.486810019951,0.0,0.0,0.6,0.4,0.4,0.0,0.0,4,0,0,6,0,0.0043020248413085,0.0,1.0,0.0,0.0,0.0,0.0,0.0,1.0,0.0,0.0,0.0,0.0,0.0,1.0,1.0,724,54,82,72.4,12.712198865656564,72.4,0.0007877111434936,10,0.931936471329914,158.4375
20.0,6,64.0,4608.112502746649,0.0,0.0,0.6,0.4,0.4,0.0,0.0,4,0,0,6,0,0.0021700859069824,0.0,1.0,0.0,0.0,0.0,0.0,0.0,1.0,0.0,0.0,0.0,0.0,0.0,1.0,1.0,680,54,82,68.0,14.757295747452437,68.0,0.0002223968505859,10,0.9327695619956824,196.0
20.0,6,64.0,294.4983218884723,0.0,0.0,0.6,0.4,0.4,0.0,0.0,4,0,0,6,0,0.0339560508728027,0.0,1.0,0.0,0.0,0.0,0.0,0.0,1.0,0.0,0.0,0.0,0.0,0.0,1.0,1.0,672,54,82,67.2,13.30663994653296,67.2,0.0034353017807006,10,0.9321786228486196,196.0
20.0,6,64.0,490.0975683855061,0.0,0.0,0.6,0.4,0.4,0.0,0.0,4,0,0,6,0,0.0204041004180908,0.0,1.0,0.0,0.0,0.0,0.0,0.0,1.0,0.0,0.0,0.0,0.0,0.0,1.0,1.0,610,54,64,61.0,4.83045891539648,61.0,0.0022197008132934,10,0.928725765743776,24.48979591836735
20.0,6,64.0,1902.610115672488,0.0,0.0,0.5,0.5,0.5,0.0,0.0,5,0,0,5,0,0.0052559375762939,0.0,1.0,0.0,0.0,0.0,0.0,0.0,1.0,0.0,0.0,0.0,0.0,0.0,1.0,1.0,598,54,66,59.8,6.142746399887703,59.8,0.0005286931991577,10,0.9292603391734584,33.959999999999994
20.0,6,64.0,1851.871605810411,0.0,0.0,0.5,0.5,0.5,0.0,0.0,5,0,0,5,0,0.0053999423980712,0.0,1.0,0.0,0.0,0.0,0.0,0.0,1.0,0.0,0.0,0.0,0.0,0.0,1.0,1.0,600,54,66,60.0,6.324555320336759,60.0,0.000543999671936,10,0.9293344008552924,36.0
20.0,6,64.0,409.20039024390246,0.0,0.0,1.0,0.0,0.0,0.0,0.0,0,0,0,10,0,0.0244379043579101,0.0,1.0,0.0,0.0,0.0,0.0,0.0,1.0,0.0,0.0,0.0,0.0,0.0,1.0,1.0,648,54,66,64.8,3.794733192202056,64.8,0.0024476051330566,10,0.9283038525131756,36.0
20.0,6,64.0,2169.6172149803438,0.0,0.0,1.0,0.0,0.0,0.0,0.0,0,0,0,10,0,0.0046091079711914,0.0,1.0,0.0,0.0,0.0,0.0,0.0,1.0,0.0,0.0,0.0,0.0,0.0,1.0,1.0,676,66,68,67.6,0.8432740427115678,67.6,0.0004624128341674,10,0.0,1.0
20.0,6,64.0,257.5926596940311,0.0,0.0,0.6,0.4,0.4,0.0,0.0,4,0,0,6,0,0.0388209819793701,0.0,1.0,0.0,0.0,0.0,0.0,0.0,1.0,0.0,0.0,0.0,0.0,0.0,1.0,1.0,816,54,116,81.6,30.09318859808644,81.6,0.0038846969604492,10,0.9390167913073164,815.04
20.0,6,64.0,820.4820031298905,0.0,0.0,0.5,0.5,0.5,0.0,0.0,5,0,0,5,0,0.0121879577636718,0.0,1.0,0.0,0.0,0.0,0.0,0.0,1.0,0.0,0.0,0.0,0.0,0.0,1.0,1.0,912,54,116,91.2,32.01666232864798,91.2,0.001302695274353,10,0.939800337566198,961.0
20.0,6,64.0,660.4995118263992,0.0,0.0,0.5,0.5,0.5,0.0,0.0,5,0,0,5,0,0.0151400566101074,0.0,1.0,0.0,0.0,0.0,0.0,0.0,1.0,0.0,0.0,0.0,0.0,0.0,1.0,1.0,860,54,118,86.0,33.730961708462715,86.0,0.0015166044235229,10,0.9404986745615592,1024.0
20.0,6,64.0,1732.4675753820736,0.0,0.0,0.5,0.5,0.5,0.0,0.0,5,0,0,5,0,0.0057721138000488,0.0,1.0,0.0,0.0,0.0,0.0,0.0,1.0,0.0,0.0,0.0,0.0,0.0,1.0,1.0,860,54,118,86.0,33.730961708462715,86.0,0.0005805969238281,10,0.9404986745615592,1024.0
20.0,6,64.0,513.900780474656,0.0,0.0,1.0,0.0,0.0,0.0,0.0,0,0,0,10,0,0.0194590091705322,0.0,1.0,0.0,0.0,0.0,0.0,0.0,1.0,0.0,0.0,0.0,0.0,0.0,1.0,1.0,873,54,91,87.3,11.700427342623003,87.3,0.0019492864608764,10,0.9315243160822908,342.25
20.0,6,64.0,1488.7672594327903,0.0,0.0,1.0,0.0,0.0,0.0,0.0,0,0,0,10,0,0.0067169666290283,0.0,1.0,0.0,0.0,0.0,0.0,0.0,1.0,0.0,0.0,0.0,0.0,0.0,1.0,1.0,928,91,93,92.8,0.6324555320336757,92.8,0.0007347106933593,10,0.0,1.0
20.0,6,64.0,183.16057922409124,0.0,0.0,1.0,0.0,0.0,0.0,0.0,0,0,0,10,0,0.0545969009399414,0.0,1.0,0.0,0.0,0.0,0.0,0.0,1.0,0.0,0.0,0.0,0.0,0.0,1.0,1.0,687,66,93,68.7,8.538149682454621,68.7,0.0055330991744995,10,0.9097865706546449,182.25
20.0,6,64.0,34836.41196013289,0.0,0.0,1.0,0.0,0.0,0.0,0.0,0,0,0,10,0,0.0002870559692382,0.0,1.0,0.0,0.0,0.0,0.0,0.0,1.0,0.0,0.0,0.0,0.0,0.0,1.0,1.0,678,66,68,67.8,0.6324555320336757,67.8,3.0994415283203125e-05,10,0.0,1.0
20.0,6,64.0,230.44613423585776,0.0,0.0,0.6,0.4,0.4,0.0,0.0,4,0,0,6,0,0.0433940887451171,0.0,1.0,0.0,0.0,0.0,0.0,0.0,1.0,0.0,0.0,0.0,0.0,0.0,1.0,1.0,3039,54,551,303.9,260.49971209197145,303.9,0.0045144081115722,10,1.0,61074.09
20.0,6,64.0,1078.0332587966177,0.0,0.0,0.6,0.4,0.4,0.0,0.0,4,0,0,6,0,0.0092761516571044,0.0,1.0,0.0,0.0,0.0,0.0,0.0,1.0,0.0,0.0,0.0,0.0,0.0,1.0,1.0,4023,54,553,402.3,240.3511551413427,402.3,0.0009695053100585,10,1.0,61752.25
20.0,6,64.0,2210.902957145116,0.0,0.0,0.6,0.4,0.4,0.0,0.0,4,0,0,6,0,0.0045230388641357,0.0,1.0,0.0,0.0,0.0,0.0,0.0,1.0,0.0,0.0,0.0,0.0,0.0,1.0,1.0,3035,54,553,303.5,262.9960920706702,303.5,0.0004545927047729,10,1.0,62250.25
20.0,6,64.0,305.32452028069764,0.0,0.0,0.7,0.3,0.3,0.0,0.0,3,0,0,7,0,0.0327520370483398,0.0,1.0,0.0,0.0,0.0,0.0,0.0,1.0,0.0,0.0,0.0,0.0,0.0,1.0,1.0,2085,54,553,208.5,237.7852672756101,208.5,0.0033787012100219,10,1.0,62250.25
20.0,6,64.0,707.7082981810819,0.0,0.0,1.0,0.0,0.0,0.0,0.0,0,0,0,10,0,0.0141301155090332,0.0,1.0,0.0,0.0,0.0,0.0,0.0,1.0,0.0,0.0,0.0,0.0,0.0,1.0,1.0,668,66,68,66.8,1.0327955589886444,66.8,0.0014147043228149,10,0.9067291895989096,0.96
20.0,6,64.0,333.0689515520651,0.0,0.0,0.8,0.2,0.2,0.0,0.0,2,0,0,8,0,0.0300238132476806,0.0,1.0,0.0,0.0,0.0,0.0,0.0,1.0,0.0,0.0,0.0,0.0,0.0,1.0,1.0,644,54,68,64.4,5.719362823873924,64.4,0.0030038833618164,10,0.9290878696399332,29.440000000000005
20.0,6,64.0,859.0308442223405,0.0,0.0,0.5,0.5,0.5,0.0,0.0,5,0,0,5,0,0.0116410255432128,0.0,1.0,0.0,0.0,0.0,0.0,0.0,1.0,0.0,0.0,0.0,0.0,0.0,1.0,1.0,590,54,64,59.0,5.270462766947299,59.0,0.0018335103988647,10,0.9289050057127436,25.0
20.0,6,64.0,1456.659026186011,0.0,0.0,0.5,0.5,0.5,0.0,0.0,5,0,0,5,0,0.0068650245666503,0.0,1.0,0.0,0.0,0.0,0.0,0.0,1.0,0.0,0.0,0.0,0.0,0.0,1.0,1.0,594,54,66,59.4,5.738757124441959,59.4,0.0007903099060058,10,0.9290957701022128,29.64
20.0,6,64.0,2274.321657087084,0.0,0.0,0.5,0.5,0.5,0.0,0.0,5,0,0,5,0,0.004396915435791,0.0,1.0,0.0,0.0,0.0,0.0,0.0,1.0,0.0,0.0,0.0,0.0,0.0,1.0,1.0,600,54,66,60.0,6.324555320336759,60.0,0.0005546808242797,10,0.9293344008552924,36.0
20.0,6,64.0,436.2840529660797,0.0,0.0,0.5,0.5,0.5,0.0,0.0,5,0,0,5,0,0.0229208469390869,0.0,1.0,0.0,0.0,0.0,0.0,0.0,1.0,0.0,0.0,0.0,0.0,0.0,1.0,1.0,600,54,66,60.0,6.324555320336759,60.0,0.0023977994918823,10,0.9293344008552924,36.0
20.0,6,64.0,736.8122968818622,0.0,0.0,0.5,0.5,0.5,0.0,0.0,5,0,0,5,0,0.0135719776153564,0.0,1.0,0.0,0.0,0.0,0.0,0.0,1.0,0.0,0.0,0.0,0.0,0.0,1.0,1.0,612,54,66,61.2,6.196773353931867,61.2,0.0013594150543212,10,0.9292823475934576,35.55555555555556
20.0,6,64.0,1496.5760365375008,0.0,0.0,0.5,0.5,0.5,0.0,0.0,5,0,0,5,0,0.0066819190979003,0.0,1.0,0.0,0.0,0.0,0.0,0.0,1.0,0.0,0.0,0.0,0.0,0.0,1.0,1.0,606,54,68,60.6,6.995236474439826,60.6,0.0006718873977661,10,0.9296076095302278,44.04
20.0,6,64.0,1624.6916640842887,0.0,0.0,0.5,0.5,0.5,0.0,0.0,5,0,0,5,0,0.0061550140380859,0.0,1.0,0.0,0.0,0.0,0.0,0.0,1.0,0.0,0.0,0.0,0.0,0.0,1.0,1.0,610,54,68,61.0,7.378647873726218,61.0,0.0006193161010742,10,0.9297637959978412,49.0
20.0,6,64.0,346.5106903274842,0.0,0.0,0.8,0.2,0.2,0.0,0.0,2,0,0,8,0,0.0288591384887695,0.0,1.0,0.0,0.0,0.0,0.0,0.0,1.0,0.0,0.0,0.0,0.0,0.0,1.0,1.0,628,54,68,62.8,6.124631508189787,62.8,0.0028898000717163,10,0.9292529598911762,49.0
20.0,6,64.0,1426.1489289357362,0.0,0.0,1.0,0.0,0.0,0.0,0.0,0,0,0,10,0,0.0070118904113769,0.0,1.0,0.0,0.0,0.0,0.0,0.0,1.0,0.0,0.0,0.0,0.0,0.0,1.0,1.0,665,66,67,66.5,0.5270462766947299,66.5,0.0007028818130493,10,0.0,0.25
20.0,6,64.0,178.9836988990356,0.0,0.0,0.6,0.4,0.4,0.0,0.0,4,0,0,6,0,0.0558710098266601,0.0,1.0,0.0,0.0,0.0,0.0,0.0,1.0,0.0,0.0,0.0,0.0,0.0,1.0,1.0,625,54,67,62.5,5.986094998689324,62.5,0.0055886030197143,10,0.929196525658666,42.25
20.0,6,64.0,750.1885172598819,0.0,0.0,0.6,0.4,0.4,0.0,0.0,4,0,0,6,0,0.0133299827575683,0.0,1.0,0.0,0.0,0.0,0.0,0.0,1.0,0.0,0.0,0.0,0.0,0.0,1.0,1.0,590,54,64,59.0,5.270462766947299,59.0,0.0013364076614379,10,0.9289050057127436,25.0
20.0,6,64.0,766.2788658287051,0.0,0.0,0.5,0.5,0.5,0.0,0.0,5,0,0,5,0,0.0130500793457031,0.0,1.0,0.0,0.0,0.0,0.0,0.0,1.0,0.0,0.0,0.0,0.0,0.0,1.0,1.0,594,54,66,59.4,5.738757124441959,59.4,0.0014461994171142,10,0.9290957701022128,29.64
20.0,6,64.0,2619.148245285375,0.0,0.0,0.7,0.3,0.3,0.0,0.0,3,0,0,7,0,0.0038180351257324,0.0,1.0,0.0,0.0,0.0,0.0,0.0,1.0,0.0,0.0,0.0,0.0,0.0,1.0,1.0,624,54,66,62.4,5.796550698475775,62.4,0.0004931926727294,10,0.9291193128925312,36.0
20.0,6,64.0,538.6151633449764,0.0,0.0,0.5,0.5,0.5,0.0,0.0,5,0,0,5,0,0.0185661315917968,0.0,1.0,0.0,0.0,0.0,0.0,0.0,1.0,0.0,0.0,0.0,0.0,0.0,1.0,1.0,760,54,106,76.0,26.0768096208106,76.0,0.0018592119216918,10,0.9373806791671334,620.246913580247
20.0,6,64.0,735.9460976979225,0.0,0.0,0.5,0.5,0.5,0.0,0.0,5,0,0,5,0,0.0135879516601562,0.0,1.0,0.0,0.0,0.0,0.0,0.0,1.0,0.0,0.0,0.0,0.0,0.0,1.0,1.0,800,54,106,80.0,27.406406388125955,80.0,0.0014462947845458,10,0.937922303706267,676.0
20.0,6,64.0,2739.7635377882293,0.0,0.0,0.5,0.5,0.5,0.0,0.0,5,0,0,5,0,0.0036499500274658,0.0,1.0,0.0,0.0,0.0,0.0,0.0,1.0,0.0,0.0,0.0,0.0,0.0,1.0,1.0,808,54,108,80.8,28.25597281991898,80.8,0.000456690788269,10,0.9382683830879222,718.5600000000001
20.0,6,64.0,2148.281089940586,0.0,0.0,0.5,0.5,0.5,0.0,0.0,5,0,0,5,0,0.0046548843383789,0.0,1.0,0.0,0.0,0.0,0.0,0.0,1.0,0.0,0.0,0.0,0.0,0.0,1.0,1.0,864,54,108,86.4,27.8854800926934,86.4,0.0005491018295288,10,0.9381174591705596,729.0
20.0,6,64.0,530.1394137795922,0.0,0.0,0.6,0.4,0.4,0.0,0.0,4,0,0,6,0,0.0188629627227783,0.0,1.0,0.0,0.0,0.0,0.0,0.0,1.0,0.0,0.0,0.0,0.0,0.0,1.0,1.0,590,54,64,59.0,5.270462766947299,59.0,0.0018893003463745,10,0.9289050057127436,25.0
20.0,6,64.0,1177.1832725231548,0.0,0.0,0.5,0.5,0.5,0.0,0.0,5,0,0,5,0,0.0084948539733886,0.0,1.0,0.0,0.0,0.0,0.0,0.0,1.0,0.0,0.0,0.0,0.0,0.0,1.0,1.0,602,54,66,60.2,5.370702416299421,60.2,0.0009006023406982,10,0.9289458393363036,25.96
20.0,6,64.0,2622.587381979616,0.0,0.0,0.6,0.4,0.4,0.0,0.0,4,0,0,6,0,0.0038130283355712,0.0,1.0,0.0,0.0,0.0,0.0,0.0,1.0,0.0,0.0,0.0,0.0,0.0,1.0,1.0,600,54,66,60.0,6.324555320336759,60.0,0.0003843069076538,10,0.9293344008552924,36.0
20.0,6,64.0,402.1731501280072,0.0,0.0,0.7,0.3,0.3,0.0,0.0,3,0,0,7,0,0.024864912033081,0.0,1.0,0.0,0.0,0.0,0.0,0.0,1.0,0.0,0.0,0.0,0.0,0.0,1.0,1.0,4098,54,1224,409.8,561.8757869849884,409.8,0.0029103994369506,10,1.0,284133.9600000001
20.0,6,64.0,1032.4186481563531,0.0,0.0,1.0,0.0,0.0,0.0,0.0,0,0,0,10,0,0.00968599319458,0.0,1.0,0.0,0.0,0.0,0.0,0.0,1.0,0.0,0.0,0.0,0.0,0.0,1.0,1.0,12246,1224,1226,1224.6,0.966091783079296,1224.6,0.0010663986206054,10,0.0,0.8400000000000001
20.0,6,64.0,201.94729721271295,0.0,0.0,1.0,0.0,0.0,0.0,0.0,0,0,0,10,0,0.0495178699493408,0.0,1.0,0.0,0.0,0.0,0.0,0.0,1.0,0.0,0.0,0.0,0.0,0.0,1.0,1.0,8780,66,1226,878.0,560.3332341859916,878.0,0.0049531936645507,10,1.0,282576.0
20.0,6,64.0,908.5856638433378,0.0,0.0,1.0,0.0,0.0,0.0,0.0,0,0,0,10,0,0.0110061168670654,0.0,1.0,0.0,0.0,0.0,0.0,0.0,1.0,0.0,0.0,0.0,0.0,0.0,1.0,1.0,666,66,68,66.6,0.966091783079296,66.6,0.0011016130447387,10,0.0,0.8400000000000001
20.0,6,64.0,217.83726232581813,0.0,0.0,1.0,0.0,0.0,0.0,0.0,0,0,0,10,0,0.0459058284759521,0.0,1.0,0.0,0.0,0.0,0.0,0.0,1.0,0.0,0.0,0.0,0.0,0.0,1.0,1.0,674,66,68,67.4,0.966091783079296,67.4,0.0045931816101074,10,0.0,0.8400000000000001
20.0,6,64.0,52363.34581772784,0.0,0.0,1.0,0.0,0.0,0.0,0.0,0,0,0,10,0,0.0001909732818603,0.0,1.0,0.0,0.0,0.0,0.0,0.0,1.0,0.0,0.0,0.0,0.0,0.0,1.0,1.0,666,66,68,66.6,0.966091783079296,66.6,2.1409988403320312e-05,10,0.0,0.8400000000000001
20.0,6,64.0,243.4924763143229,0.0,0.0,0.8,0.2,0.2,0.0,0.0,2,0,0,8,0,0.0410690307617187,0.0,1.0,0.0,0.0,0.0,0.0,0.0,1.0,0.0,0.0,0.0,0.0,0.0,1.0,1.0,658,54,68,65.8,4.467164151400255,65.8,0.0041089057922363,10,0.9285777739887144,19.55555555555556
20.0,6,64.0,476.12227986332624,0.0,0.0,0.6,0.4,0.4,0.0,0.0,4,0,0,6,0,0.0210030078887939,0.0,1.0,0.0,0.0,0.0,0.0,0.0,1.0,0.0,0.0,0.0,0.0,0.0,1.0,1.0,590,54,64,59.0,5.270462766947299,59.0,0.0021041870117187,10,0.9289050057127436,25.0
20.0,6,64.0,6565.911083281152,0.0,0.0,0.5,0.5,0.5,0.0,0.0,5,0,0,5,0,0.0015230178833007,0.0,1.0,0.0,0.0,0.0,0.0,0.0,1.0,0.0,0.0,0.0,0.0,0.0,1.0,1.0,606,54,66,60.6,5.738757124441958,60.6,0.0002103090286254,10,0.9290957701022128,29.64
20.0,6,64.0,3606.142206173158,0.0,0.0,0.5,0.5,0.5,0.0,0.0,5,0,0,5,0,0.0027730464935302,0.0,1.0,0.0,0.0,0.0,0.0,0.0,1.0,0.0,0.0,0.0,0.0,0.0,1.0,1.0,600,54,66,60.0,6.324555320336759,60.0,0.0002804040908813,10,0.9293344008552924,36.0
20.0,6,64.0,223.89921528852827,0.0,0.0,0.7,0.3,0.3,0.0,0.0,3,0,0,7,0,0.0446629524230957,0.0,1.0,0.0,0.0,0.0,0.0,0.0,1.0,0.0,0.0,0.0,0.0,0.0,1.0,1.0,612,54,66,61.2,6.196773353931867,61.2,0.0044680833816528,10,0.9292823475934576,36.0
20.0,6,64.0,4214.110318496935,0.0,0.0,0.5,0.5,0.5,0.0,0.0,5,0,0,5,0,0.0023729801177978,0.0,1.0,0.0,0.0,0.0,0.0,0.0,1.0,0.0,0.0,0.0,0.0,0.0,1.0,1.0,600,54,66,60.0,6.324555320336759,60.0,0.0002393007278442,10,0.9293344008552924,36.0
20.0,6,64.0,4591.465790914067,0.0,0.0,0.7,0.3,0.3,0.0,0.0,3,0,0,7,0,0.0021779537200927,0.0,1.0,0.0,0.0,0.0,0.0,0.0,1.0,0.0,0.0,0.0,0.0,0.0,1.0,1.0,650,54,68,65.0,5.830951894845301,65.0,0.0002659082412719,10,0.929133326563884,35.4375
20.0,6,64.0,290.49645390070924,0.0,0.0,1.0,0.0,0.0,0.0,0.0,0,0,0,10,0,0.034423828125,0.0,1.0,0.0,0.0,0.0,0.0,0.0,1.0,0.0,0.0,0.0,0.0,0.0,1.0,1.0,7938,54,1280,793.8,627.6945116854216,793.8,0.0034451961517333,10,1.0,369378.4375
20.0,6,64.0,2097.2568628431422,0.0,0.0,1.0,0.0,0.0,0.0,0.0,0,0,0,10,0,0.0047681331634521,0.0,1.0,0.0,0.0,0.0,0.0,0.0,1.0,0.0,0.0,0.0,0.0,0.0,1.0,1.0,12806,1280,1281,1280.6,0.5163977794943223,1280.6,0.0004819154739379,10,0.0,0.25
20.0,6,64.0,185.4426159927137,0.0,0.0,1.0,0.0,0.0,0.0,0.0,0,0,0,10,0,0.0539250373840332,0.0,1.0,0.0,0.0,0.0,0.0,0.0,1.0,0.0,0.0,0.0,0.0,0.0,1.0,1.0,5520,66,1281,552.0,627.4233020856016,552.0,0.0053951025009155,10,1.0,369056.25
20.0,6,64.0,3705.21554770318,0.0,0.0,0.9,0.1,0.1,0.0,0.0,1,0,0,9,0,0.0026988983154296,0.0,1.0,0.0,0.0,0.0,0.0,0.0,1.0,0.0,0.0,0.0,0.0,0.0,1.0,1.0,658,54,68,65.8,4.263540521418528,65.8,0.000273585319519,10,0.9284948258668052,18.9375
20.0,6,64.0,190.60686207680072,0.0,0.0,1.0,0.0,0.0,0.0,0.0,0,0,0,10,0,0.0524640083312988,0.0,1.0,0.0,0.0,0.0,0.0,0.0,1.0,0.0,0.0,0.0,0.0,0.0,1.0,1.0,670,66,68,67.0,1.0540925533894598,67.0,0.0052497148513793,10,0.9067378651425488,1.0
20.0,6,64.0,52958.38383838384,0.0,0.0,1.0,0.0,0.0,0.0,0.0,0,0,0,10,0,0.0001888275146484,0.0,1.0,0.0,0.0,0.0,0.0,0.0,1.0,0.0,0.0,0.0,0.0,0.0,1.0,1.0,670,66,68,67.0,1.0540925533894598,67.0,2.09808349609375e-05,10,0.9067378651425488,1.0
20.0,6,64.0,219.50512874188823,0.0,0.0,0.7,0.3,0.3,0.0,0.0,3,0,0,7,0,0.0455570220947265,0.0,1.0,0.0,0.0,0.0,0.0,0.0,1.0,0.0,0.0,0.0,0.0,0.0,1.0,1.0,646,54,68,64.6,5.660781257427675,64.6,0.0045578002929687,10,0.9290640058530256,31.80246913580247
20.0,6,64.0,916.5072983130846,0.0,0.0,0.7,0.3,0.3,0.0,0.0,3,0,0,7,0,0.0109109878540039,0.0,1.0,0.0,0.0,0.0,0.0,0.0,1.0,0.0,0.0,0.0,0.0,0.0,1.0,1.0,612,54,66,61.2,6.196773353931867,61.2,0.0010956048965454,10,0.9292823475934576,36.0
20.0,6,64.0,2880.1098674723617,0.0,0.0,0.5,0.5,0.5,0.0,0.0,5,0,0,5,0,0.003472089767456,0.0,1.0,0.0,0.0,0.0,0.0,0.0,1.0,0.0,0.0,0.0,0.0,0.0,1.0,1.0,622,54,68,62.2,7.083627444874398,62.2,0.0005052089691162,10,0.929643616475944,46.02469135802469
20.0,6,64.0,1720.8813030812785,0.0,0.0,0.5,0.5,0.5,0.0,0.0,5,0,0,5,0,0.0058109760284423,0.0,1.0,0.0,0.0,0.0,0.0,0.0,1.0,0.0,0.0,0.0,0.0,0.0,1.0,1.0,610,54,68,61.0,7.378647873726218,61.0,0.0005831003189086,10,0.9297637959978412,49.0
20.0,6,64.0,373.8472097189664,0.0,0.0,0.5,0.5,0.5,0.0,0.0,5,0,0,5,0,0.0267488956451416,0.0,1.0,0.0,0.0,0.0,0.0,0.0,1.0,0.0,0.0,0.0,0.0,0.0,1.0,1.0,590,54,64,59.0,5.270462766947299,59.0,0.0026784896850585,10,0.9289050057127436,25.0
20.0,6,64.0,1406.2576275732583,0.0,0.0,0.6,0.4,0.4,0.0,0.0,4,0,0,6,0,0.0071110725402832,0.0,1.0,0.0,0.0,0.0,0.0,0.0,1.0,0.0,0.0,0.0,0.0,0.0,1.0,1.0,590,54,64,59.0,5.270462766947299,59.0,0.0007461071014404,10,0.9289050057127436,25.0
20.0,6,64.0,843.4661250427333,0.0,0.0,0.5,0.5,0.5,0.0,0.0,5,0,0,5,0,0.0118558406829833,0.0,1.0,0.0,0.0,0.0,0.0,0.0,1.0,0.0,0.0,0.0,0.0,0.0,1.0,1.0,600,54,66,60.0,6.324555320336759,60.0,0.001344084739685,10,0.9293344008552924,36.0
20.0,6,64.0,5356.026050312859,0.0,0.0,0.5,0.5,0.5,0.0,0.0,5,0,0,5,0,0.0018670558929443,0.0,1.0,0.0,0.0,0.0,0.0,0.0,1.0,0.0,0.0,0.0,0.0,0.0,1.0,1.0,600,54,66,60.0,6.324555320336759,60.0,0.0002203226089477,10,0.9293344008552924,36.0
20.0,6,64.0,379.8362674780845,0.0,0.0,0.5,0.5,0.5,0.0,0.0,5,0,0,5,0,0.0263271331787109,0.0,1.0,0.0,0.0,0.0,0.0,0.0,1.0,0.0,0.0,0.0,0.0,0.0,1.0,1.0,600,54,66,60.0,6.324555320336759,60.0,0.0044585943222045,10,0.9293344008552924,36.0
20.0,6,64.0,1702.164684874802,0.0,0.0,0.5,0.5,0.5,0.0,0.0,5,0,0,5,0,0.0058748722076416,0.0,1.0,0.0,0.0,0.0,0.0,0.0,1.0,0.0,0.0,0.0,0.0,0.0,1.0,1.0,600,54,66,60.0,6.324555320336759,60.0,0.0006794929504394,10,0.9293344008552924,36.0
20.0,6,64.0,2058.8572550559597,0.0,0.0,0.5,0.5,0.5,0.0,0.0,5,0,0,5,0,0.004857063293457,0.0,1.0,0.0,0.0,0.0,0.0,0.0,1.0,0.0,0.0,0.0,0.0,0.0,1.0,1.0,605,54,67,60.5,6.851601597031489,60.5,0.0005892038345336,10,0.9295490984265669,42.25
20.0,6,64.0,846.171723692705,0.0,0.0,0.5,0.5,0.5,0.0,0.0,5,0,0,5,0,0.0118179321289062,0.0,1.0,0.0,0.0,0.0,0.0,0.0,1.0,0.0,0.0,0.0,0.0,0.0,1.0,1.0,617,54,67,61.7,6.634087059355726,61.7,0.0012908935546875,10,0.9294604917044992,41.72839506172839
20.0,6,64.0,764.2960749298444,0.0,0.0,0.5,0.5,0.5,0.0,0.0,5,0,0,5,0,0.0130839347839355,0.0,1.0,0.0,0.0,0.0,0.0,0.0,1.0,0.0,0.0,0.0,0.0,0.0,1.0,1.0,600,54,66,60.0,6.324555320336759,60.0,0.0013118028640747,10,0.9293344008552924,36.0
20.0,6,64.0,552.6092226613965,0.0,0.0,0.5,0.5,0.5,0.0,0.0,5,0,0,5,0,0.0180959701538085,0.0,1.0,0.0,0.0,0.0,0.0,0.0,1.0,0.0,0.0,0.0,0.0,0.0,1.0,1.0,602,54,68,60.2,6.562519841239848,60.2,0.0018110990524291,10,0.9294313380825274,38.76
20.0,6,64.0,3619.211321080335,0.0,0.0,0.6,0.4,0.4,0.0,0.0,4,0,0,6,0,0.002763032913208,0.0,1.0,0.0,0.0,0.0,0.0,0.0,1.0,0.0,0.0,0.0,0.0,0.0,1.0,1.0,610,54,68,61.0,7.378647873726218,61.0,0.0002809047698974,10,0.9297637959978412,49.0
20.0,6,64.0,419.74520890668,0.0,0.0,0.7,0.3,0.3,0.0,0.0,3,0,0,7,0,0.0238239765167236,0.0,1.0,0.0,0.0,0.0,0.0,0.0,1.0,0.0,0.0,0.0,0.0,0.0,1.0,1.0,626,54,68,62.6,6.186005711819758,62.6,0.0025122880935668,10,0.9292779612867668,49.0
20.0,6,64.0,799.6156632477981,0.0,0.0,1.0,0.0,0.0,0.0,0.0,0,0,0,10,0,0.0125060081481933,0.0,1.0,0.0,0.0,0.0,0.0,0.0,1.0,0.0,0.0,0.0,0.0,0.0,1.0,1.0,646,64,66,64.6,0.966091783079296,64.6,0.0017064094543457,10,0.0,0.8400000000000001
20.0,6,64.0,324.2450292216828,0.0,0.0,0.9,0.1,0.1,0.0,0.0,1,0,0,9,0,0.0308408737182617,0.0,1.0,0.0,0.0,0.0,0.0,0.0,1.0,0.0,0.0,0.0,0.0,0.0,1.0,1.0,654,54,69,65.4,4.195235392680606,65.4,0.0030854940414428,10,0.9284670010895624,15.839999999999998
20.0,6,64.0,584.6942217885272,0.0,0.0,0.5,0.5,0.5,0.0,0.0,5,0,0,5,0,0.0171029567718505,0.0,1.0,0.0,0.0,0.0,0.0,0.0,1.0,0.0,0.0,0.0,0.0,0.0,1.0,1.0,615,54,69,61.5,7.905694150420948,61.5,0.0017130136489868,10,0.9299784935691154,56.25
20.0,6,64.0,4340.132450331126,0.0,0.0,0.6,0.4,0.4,0.0,0.0,4,0,0,6,0,0.0023040771484375,0.0,1.0,0.0,0.0,0.0,0.0,0.0,1.0,0.0,0.0,0.0,0.0,0.0,1.0,1.0,636,54,71,63.6,8.302610031389728,63.6,0.0003793001174926,10,0.930140181222387,62.17283950617284
20.0,6,64.0,2563.598802029216,0.0,0.0,0.5,0.5,0.5,0.0,0.0,5,0,0,5,0,0.0039007663726806,0.0,1.0,0.0,0.0,0.0,0.0,0.0,1.0,0.0,0.0,0.0,0.0,0.0,1.0,1.0,642,54,71,64.2,8.778762251403478,64.2,0.0004738807678222,10,0.9303341465907318,72.25
20.0,6,64.0,314.04128512492605,0.0,0.0,0.6,0.4,0.4,0.0,0.0,4,0,0,6,0,0.0318429470062255,0.0,1.0,0.0,0.0,0.0,0.0,0.0,1.0,0.0,0.0,0.0,0.0,0.0,1.0,1.0,652,54,73,65.2,9.65861733836106,65.2,0.0031865119934082,10,0.9306925643589548,85.9375
20.0,6,64.0,1487.8694572543454,0.0,0.0,0.7,0.3,0.3,0.0,0.0,3,0,0,7,0,0.006721019744873,0.0,1.0,0.0,0.0,0.0,0.0,0.0,1.0,0.0,0.0,0.0,0.0,0.0,1.0,1.0,656,54,75,65.6,10.002221975363495,65.6,0.0006736040115356,10,0.930832535143884,90.25
20.0,6,64.0,1043.6188106494153,0.0,0.0,0.9,0.1,0.1,0.0,0.0,1,0,0,9,0,0.0095820426940917,0.0,1.0,0.0,0.0,0.0,0.0,0.0,1.0,0.0,0.0,0.0,0.0,0.0,1.0,1.0,729,54,75,72.9,6.640783086353596,72.9,0.0009624004364013,10,0.929463219398057,54.0
20.0,6,64.0,877.1208097199858,0.0,0.0,1.0,0.0,0.0,0.0,0.0,0,0,0,10,0,0.0114009380340576,0.0,1.0,0.0,0.0,0.0,0.0,0.0,1.0,0.0,0.0,0.0,0.0,0.0,1.0,1.0,640,64,64,64.0,0.0,64.0,0.0036098003387451,10,0.0,0.0
20.0,6,64.0,1502.6346146956614,0.0,0.0,1.0,0.0,0.0,0.0,0.0,0,0,0,10,0,0.0066549777984619,0.0,1.0,0.0,0.0,0.0,0.0,0.0,1.0,0.0,0.0,0.0,0.0,0.0,1.0,1.0,660,66,66,66.0,0.0,66.0,0.0008338928222656,10,0.0,0.0
20.0,6,64.0,1012.456610423154,0.0,0.0,0.5,0.5,0.5,0.0,0.0,5,0,0,5,0,0.0098769664764404,0.0,1.0,0.0,0.0,0.0,0.0,0.0,1.0,0.0,0.0,0.0,0.0,0.0,1.0,1.0,600,54,64,60.0,5.163977794943222,60.0,0.0043168067932128,10,0.928861627994548,25.0
20.0,6,64.0,704.5697967411389,0.0,0.0,0.6,0.4,0.4,0.0,0.0,4,0,0,6,0,0.014193058013916,0.0,1.0,0.0,0.0,0.0,0.0,0.0,1.0,0.0,0.0,0.0,0.0,0.0,1.0,1.0,592,54,66,59.2,5.513619500836088,59.2,0.0014211893081665,10,0.9290040580398606,27.360000000000003
20.0,6,64.0,4253.426630159213,0.0,0.0,0.5,0.5,0.5,0.0,0.0,5,0,0,5,0,0.0023510456085205,0.0,1.0,0.0,0.0,0.0,0.0,0.0,1.0,0.0,0.0,0.0,0.0,0.0,1.0,1.0,600,54,66,60.0,6.324555320336759,60.0,0.0002946138381958,10,0.9293344008552924,36.0
20.0,6,64.0,228.8692691338084,0.0,0.0,0.7,0.3,0.3,0.0,0.0,3,0,0,7,0,0.0436930656433105,0.0,1.0,0.0,0.0,0.0,0.0,0.0,1.0,0.0,0.0,0.0,0.0,0.0,1.0,1.0,618,54,66,61.8,5.4528280124476085,61.8,0.0044277906417846,10,0.9289792940191508,36.0
20.0,6,64.0,1213.91062746006,0.0,0.0,1.0,0.0,0.0,0.0,0.0,0,0,0,10,0,0.0082378387451171,0.0,1.0,0.0,0.0,0.0,0.0,0.0,1.0,0.0,0.0,0.0,0.0,0.0,1.0,1.0,646,64,66,64.6,0.966091783079296,64.6,0.0008250951766967,10,0.0,0.8400000000000001
20.0,6,64.0,462.9627912624038,0.0,0.0,1.0,0.0,0.0,0.0,0.0,0,0,0,10,0,0.0216000080108642,0.0,1.0,0.0,0.0,0.0,0.0,0.0,1.0,0.0,0.0,0.0,0.0,0.0,1.0,1.0,660,66,66,66.0,0.0,66.0,0.0031100034713745,10,0.0,0.0
20.0,6,64.0,816.4572140465623,0.0,0.0,1.0,0.0,0.0,0.0,0.0,0,0,0,10,0,0.0122480392456054,0.0,1.0,0.0,0.0,0.0,0.0,0.0,1.0,0.0,0.0,0.0,0.0,0.0,1.0,1.0,666,66,68,66.6,0.966091783079296,66.6,0.0012294054031372,10,0.0,0.8400000000000001
20.0,6,64.0,269.2522596548891,0.0,0.0,0.8,0.2,0.2,0.0,0.0,2,0,0,8,0,0.037139892578125,0.0,1.0,0.0,0.0,0.0,0.0,0.0,1.0,0.0,0.0,0.0,0.0,0.0,1.0,1.0,662,54,68,66.2,4.366539438350084,66.2,0.003714895248413,10,0.9285367835056064,19.06172839506173
20.0,6,64.0,703.577012111249,0.0,0.0,0.5,0.5,0.5,0.0,0.0,5,0,0,5,0,0.0142130851745605,0.0,1.0,0.0,0.0,0.0,0.0,0.0,1.0,0.0,0.0,0.0,0.0,0.0,1.0,1.0,600,54,66,60.0,6.324555320336759,60.0,0.0014259099960327,10,0.9293344008552924,36.0
20.0,6,64.0,1624.4399690162666,0.0,0.0,0.5,0.5,0.5,0.0,0.0,5,0,0,5,0,0.0061559677124023,0.0,1.0,0.0,0.0,0.0,0.0,0.0,1.0,0.0,0.0,0.0,0.0,0.0,1.0,1.0,602,54,67,60.2,6.545566777937908,60.2,0.0006194829940795,10,0.9294244320826608,38.56
20.0,6,64.0,2853.073940548262,0.0,0.0,0.6,0.4,0.4,0.0,0.0,4,0,0,6,0,0.003504991531372,0.0,1.0,0.0,0.0,0.0,0.0,0.0,1.0,0.0,0.0,0.0,0.0,0.0,1.0,1.0,605,54,67,60.5,6.851601597031489,60.5,0.0003542184829711,10,0.9295490984265669,42.25
20.0,6,64.0,408.34783963237726,0.0,0.0,0.5,0.5,0.5,0.0,0.0,5,0,0,5,0,0.0244889259338378,0.0,1.0,0.0,0.0,0.0,0.0,0.0,1.0,0.0,0.0,0.0,0.0,0.0,1.0,1.0,609,54,67,60.9,6.0635523141692005,60.9,0.0028008937835693,10,0.9292280786707,42.25
20.0,6,64.0,1144.2963932995035,0.0,0.0,0.5,0.5,0.5,0.0,0.0,5,0,0,5,0,0.0087389945983886,0.0,1.0,0.0,0.0,0.0,0.0,0.0,1.0,0.0,0.0,0.0,0.0,0.0,1.0,1.0,590,54,64,59.0,5.270462766947299,59.0,0.0008754014968872,10,0.9289050057127436,25.0
20.0,6,64.0,1033.6908517350157,0.0,0.0,0.7,0.3,0.3,0.0,0.0,3,0,0,7,0,0.009674072265625,0.0,1.0,0.0,0.0,0.0,0.0,0.0,1.0,0.0,0.0,0.0,0.0,0.0,1.0,1.0,608,54,66,60.8,5.902918298980975,60.8,0.0009711027145385,10,0.9291626427982728,31.360000000000003
20.0,6,64.0,920.6312693430496,0.0,0.0,0.5,0.5,0.5,0.0,0.0,5,0,0,5,0,0.010862112045288,0.0,1.0,0.0,0.0,0.0,0.0,0.0,1.0,0.0,0.0,0.0,0.0,0.0,1.0,1.0,612,54,66,61.2,6.196773353931867,61.2,0.001087999343872,10,0.9292823475934576,35.55555555555556
20.0,6,64.0,262.46716269406704,0.0,0.0,1.0,0.0,0.0,0.0,0.0,0,0,0,10,0,0.0381000041961669,0.0,1.0,0.0,0.0,0.0,0.0,0.0,1.0,0.0,0.0,0.0,0.0,0.0,1.0,1.0,1926,54,208,192.6,48.69907596659304,192.6,0.0038136959075927,10,0.9465960855857514,5929.0
20.0,6,64.0,8804.16456759026,0.0,0.0,1.0,0.0,0.0,0.0,0.0,0,0,0,10,0,0.0011358261108398,0.0,1.0,0.0,0.0,0.0,0.0,0.0,1.0,0.0,0.0,0.0,0.0,0.0,1.0,1.0,2098,208,210,209.8,0.632455532033676,209.8,0.0001149892807006,10,0.0,1.0
20.0,6,64.0,267.3659920318725,0.0,0.0,0.6,0.4,0.4,0.0,0.0,4,0,0,6,0,0.0374019145965576,0.0,1.0,0.0,0.0,0.0,0.0,0.0,1.0,0.0,0.0,0.0,0.0,0.0,1.0,1.0,746,54,210,74.6,47.83350754904396,74.6,0.0037429094314575,10,0.9462434876351784,5329.0
20.0,6,64.0,648.3797863624418,0.0,0.0,0.5,0.5,0.5,0.0,0.0,5,0,0,5,0,0.0154230594635009,0.0,1.0,0.0,0.0,0.0,0.0,0.0,1.0,0.0,0.0,0.0,0.0,0.0,1.0,1.0,590,54,64,59.0,5.270462766947299,59.0,0.0016057968139648,10,0.9289050057127436,25.0
20.0,6,64.0,2254.759703257714,0.0,0.0,0.5,0.5,0.5,0.0,0.0,5,0,0,5,0,0.0044350624084472,0.0,1.0,0.0,0.0,0.0,0.0,0.0,1.0,0.0,0.0,0.0,0.0,0.0,1.0,1.0,600,54,66,60.0,6.324555320336759,60.0,0.0007270097732543,10,0.9293344008552924,36.0
20.0,6,64.0,458.54422214933857,0.0,0.0,0.6,0.4,0.4,0.0,0.0,4,0,0,6,0,0.0218081474304199,0.0,1.0,0.0,0.0,0.0,0.0,0.0,1.0,0.0,0.0,0.0,0.0,0.0,1.0,1.0,610,54,66,61.0,6.055300708194984,61.0,0.0022794961929321,10,0.9292247172964904,36.0
20.0,6,64.0,748.6620019991432,0.0,0.0,1.0,0.0,0.0,0.0,0.0,0,0,0,10,0,0.0133571624755859,0.0,1.0,0.0,0.0,0.0,0.0,0.0,1.0,0.0,0.0,0.0,0.0,0.0,1.0,1.0,642,64,66,64.2,0.6324555320336759,64.2,0.0017008066177368,10,0.0,0.36
20.0,6,64.0,301.91356425095734,0.0,0.0,1.0,0.0,0.0,0.0,0.0,0,0,0,10,0,0.0331220626831054,0.0,1.0,0.0,0.0,0.0,0.0,0.0,1.0,0.0,0.0,0.0,0.0,0.0,1.0,1.0,658,64,66,65.8,0.6324555320336759,65.8,0.0033135890960693,10,0.0,0.36
20.0,6,64.0,1379.296918675392,0.0,0.0,1.0,0.0,0.0,0.0,0.0,0,0,0,10,0,0.0072500705718994,0.0,1.0,0.0,0.0,0.0,0.0,0.0,1.0,0.0,0.0,0.0,0.0,0.0,1.0,1.0,642,64,66,64.2,0.6324555320336759,64.2,0.0010194063186645,10,0.0,0.36
20.0,6,64.0,252.3147630133608,0.0,0.0,0.9,0.1,0.1,0.0,0.0,1,0,0,9,0,0.03963303565979,0.0,1.0,0.0,0.0,0.0,0.0,0.0,1.0,0.0,0.0,0.0,0.0,0.0,1.0,1.0,658,64,66,65.8,0.6324555320336759,65.8,0.0041642904281616,10,0.0,0.36
20.0,6,64.0,819.8084515851608,0.0,0.0,0.6,0.4,0.4,0.0,0.0,4,0,0,6,0,0.0121979713439941,0.0,1.0,0.0,0.0,0.0,0.0,0.0,1.0,0.0,0.0,0.0,0.0,0.0,1.0,1.0,590,54,64,59.0,5.270462766947299,59.0,0.0012254953384399,10,0.9289050057127436,25.0
20.0,6,64.0,958.4132714850444,0.0,0.0,0.5,0.5,0.5,0.0,0.0,5,0,0,5,0,0.0104339122772216,0.0,1.0,0.0,0.0,0.0,0.0,0.0,1.0,0.0,0.0,0.0,0.0,0.0,1.0,1.0,592,54,66,59.2,5.513619500836088,59.2,0.001149296760559,10,0.9290040580398606,27.360000000000003
20.0,6,64.0,3966.620011348591,0.0,0.0,0.5,0.5,0.5,0.0,0.0,5,0,0,5,0,0.0025210380554199,0.0,1.0,0.0,0.0,0.0,0.0,0.0,1.0,0.0,0.0,0.0,0.0,0.0,1.0,1.0,600,54,66,60.0,6.324555320336759,60.0,0.0003069162368774,10,0.9293344008552924,36.0
20.0,6,64.0,350.8175111661285,0.0,0.0,0.6,0.4,0.4,0.0,0.0,4,0,0,6,0,0.0285048484802246,0.0,1.0,0.0,0.0,0.0,0.0,0.0,1.0,0.0,0.0,0.0,0.0,0.0,1.0,1.0,612,54,66,61.2,6.196773353931867,61.2,0.0029074907302856,10,0.9292823475934576,36.0
20.0,6,64.0,921.663004306935,0.0,0.0,1.0,0.0,0.0,0.0,0.0,0,0,0,10,0,0.0108499526977539,0.0,1.0,0.0,0.0,0.0,0.0,0.0,1.0,0.0,0.0,0.0,0.0,0.0,1.0,1.0,664,66,68,66.4,0.8432740427115678,66.4,0.0012545108795166,10,0.0,0.64
20.0,6,64.0,220.53694804033947,0.0,0.0,0.9,0.1,0.1,0.0,0.0,1,0,0,9,0,0.0453438758850097,0.0,1.0,0.0,0.0,0.0,0.0,0.0,1.0,0.0,0.0,0.0,0.0,0.0,1.0,1.0,694,68,75,69.4,2.951459149490488,69.4,0.0045369863510131,10,0.9041025163991364,7.840000000000001
20.0,6,64.0,880.5088695287079,0.0,0.0,0.5,0.5,0.5,0.0,0.0,5,0,0,5,0,0.0113570690155029,0.0,1.0,0.0,0.0,0.0,0.0,0.0,1.0,0.0,0.0,0.0,0.0,0.0,1.0,1.0,645,54,75,64.5,11.067971810589327,64.5,0.0011561155319213,10,0.9312666789967616,110.25
20.0,6,64.0,2760.1368781258225,0.0,0.0,0.6,0.4,0.4,0.0,0.0,4,0,0,6,0,0.0036230087280273,0.0,1.0,0.0,0.0,0.0,0.0,0.0,1.0,0.0,0.0,0.0,0.0,0.0,1.0,1.0,672,54,77,67.2,11.390054140930731,67.2,0.0003643989562988,10,0.9313978824548496,117.87654320987654
20.0,6,64.0,1397.588884075839,0.0,0.0,0.5,0.5,0.5,0.0,0.0,5,0,0,5,0,0.0071551799774169,0.0,1.0,0.0,0.0,0.0,0.0,0.0,1.0,0.0,0.0,0.0,0.0,0.0,1.0,1.0,655,54,77,65.5,12.122064363978788,65.5,0.0007189035415649,10,0.9316960741393104,132.25
20.0,6,64.0,249.42043981398888,0.0,0.0,0.8,0.2,0.2,0.0,0.0,2,0,0,8,0,0.0400929450988769,0.0,1.0,0.0,0.0,0.0,0.0,0.0,1.0,0.0,0.0,0.0,0.0,0.0,1.0,1.0,2086,54,354,208.6,153.49498725076046,208.6,0.0040129899978637,10,0.9892857480064698,21204.64
20.0,6,64.0,54899.267015706806,0.0,0.0,1.0,0.0,0.0,0.0,0.0,0,0,0,10,0,0.0001821517944335,0.0,1.0,0.0,0.0,0.0,0.0,0.0,1.0,0.0,0.0,0.0,0.0,0.0,1.0,1.0,3550,354,356,355.0,1.0540925533894598,355.0,2.040863037109375e-05,10,0.4159484251425487,1.0
20.0,6,64.0,248.89205371501137,0.0,0.0,1.0,0.0,0.0,0.0,0.0,0,0,0,10,0,0.0401780605316162,0.0,1.0,0.0,0.0,0.0,0.0,0.0,1.0,0.0,0.0,0.0,0.0,0.0,1.0,1.0,2100,64,356,210.0,153.89751279486114,210.0,0.0040197849273681,10,0.9724084208121148,21316.0
20.0,6,64.0,1798.5866209262435,0.0,0.0,1.0,0.0,0.0,0.0,0.0,0,0,0,10,0,0.0055599212646484,0.0,1.0,0.0,0.0,0.0,0.0,0.0,1.0,0.0,0.0,0.0,0.0,0.0,1.0,1.0,650,64,66,65.0,1.0540925533894598,65.0,0.0005630016326904,10,0.9101461251425488,1.0
20.0,6,64.0,234.8355598356158,0.0,0.0,0.7,0.3,0.3,0.0,0.0,3,0,0,7,0,0.0425829887390136,0.0,1.0,0.0,0.0,0.0,0.0,0.0,1.0,0.0,0.0,0.0,0.0,0.0,1.0,1.0,4656,54,1406,465.6,648.9552629675895,465.6,0.0042593002319335,10,1.0,379028.64
20.0,6,64.0,412.9999901533129,0.0,0.0,0.5,0.5,0.5,0.0,0.0,5,0,0,5,0,0.0242130756378173,0.0,1.0,0.0,0.0,0.0,0.0,0.0,1.0,0.0,0.0,0.0,0.0,0.0,1.0,1.0,7300,54,1406,730.0,712.5665660912748,730.0,0.0024249076843261,10,1.0,456976.0
20.0,6,64.0,1743.9933471933473,0.0,0.0,0.5,0.5,0.5,0.0,0.0,5,0,0,5,0,0.0057339668273925,0.0,1.0,0.0,0.0,0.0,0.0,0.0,1.0,0.0,0.0,0.0,0.0,0.0,1.0,1.0,7300,54,1406,730.0,712.5665660912748,730.0,0.0005766868591308,10,1.0,456976.0
20.0,6,64.0,2027.997292331496,0.0,0.0,0.7,0.3,0.3,0.0,0.0,3,0,0,7,0,0.0049309730529785,0.0,1.0,0.0,0.0,0.0,0.0,0.0,1.0,0.0,0.0,0.0,0.0,0.0,1.0,1.0,8652,54,1406,865.2,698.1697978763237,865.2,0.0004966974258422,10,1.0,456976.0
20.0,6,64.0,383.8161037344778,0.0,0.0,0.7,0.3,0.3,0.0,0.0,3,0,0,7,0,0.0260541439056396,0.0,1.0,0.0,0.0,0.0,0.0,0.0,1.0,0.0,0.0,0.0,0.0,0.0,1.0,1.0,1952,54,1406,195.2,425.45787100487394,195.2,0.0029161214828491,10,1.0,456976.0
20.0,6,64.0,830.3579347481786,0.0,0.0,0.8,0.2,0.2,0.0,0.0,2,0,0,8,0,0.0120429992675781,0.0,1.0,0.0,0.0,0.0,0.0,0.0,1.0,0.0,0.0,0.0,0.0,0.0,1.0,1.0,640,54,66,64.0,3.651483716701108,64.0,0.0012065887451171,10,0.9282454984068352,15.555555555555555
20.0,6,64.0,294.378439079169,0.0,0.0,0.8,0.2,0.2,0.0,0.0,2,0,0,8,0,0.0339698791503906,0.0,1.0,0.0,0.0,0.0,0.0,0.0,1.0,0.0,0.0,0.0,0.0,0.0,1.0,1.0,620,54,66,62.0,5.57773351022717,62.0,0.0034020900726318,10,0.9290301755227262,36.0
20.0,6,64.0,3003.0099520297845,0.0,0.0,1.0,0.0,0.0,0.0,0.0,0,0,0,10,0,0.0033299922943115,0.0,1.0,0.0,0.0,0.0,0.0,0.0,1.0,0.0,0.0,0.0,0.0,0.0,1.0,1.0,644,64,66,64.4,0.8432740427115678,64.4,0.0007278203964233,10,0.0,0.64
20.0,6,64.0,272.47240718485074,0.0,0.0,0.9,0.1,0.1,0.0,0.0,1,0,0,9,0,0.036700963973999,0.0,1.0,0.0,0.0,0.0,0.0,0.0,1.0,0.0,0.0,0.0,0.0,0.0,1.0,1.0,956,66,214,95.6,62.40227916065602,95.6,0.0036722898483276,10,0.9317286624388847,3504.6400000000003
20.0,6,64.0,459.7706794115713,0.0,0.0,0.7,0.3,0.3,0.0,0.0,3,0,0,7,0,0.0217499732971191,0.0,1.0,0.0,0.0,0.0,0.0,0.0,1.0,0.0,0.0,0.0,0.0,0.0,1.0,1.0,1500,54,214,150.0,82.62364471909156,150.0,0.0021805047988891,10,0.9604155979127692,6400.0
20.0,6,64.0,4432.787994081589,0.0,0.0,0.9,0.1,0.1,0.0,0.0,1,0,0,9,0,0.0022559165954589,0.0,1.0,0.0,0.0,0.0,0.0,0.0,1.0,0.0,0.0,0.0,0.0,0.0,1.0,1.0,1994,54,216,199.4,51.09511827083984,199.4,0.0002282857894897,10,0.9475721373788092,3187.918367346939
20.0,6,64.0,265.2104963642112,0.0,0.0,0.8,0.2,0.2,0.0,0.0,2,0,0,8,0,0.0377058982849121,0.0,1.0,0.0,0.0,0.0,0.0,0.0,1.0,0.0,0.0,0.0,0.0,0.0,1.0,1.0,1086,54,216,108.6,74.26708557631706,108.6,0.0037743091583251,10,0.9570114699803686,6298.56
20.0,6,64.0,1415.4165963621638,0.0,0.0,1.0,0.0,0.0,0.0,0.0,0,0,0,10,0,0.0070650577545166,0.0,1.0,0.0,0.0,0.0,0.0,0.0,1.0,0.0,0.0,0.0,0.0,0.0,1.0,1.0,670,66,68,67.0,1.0540925533894598,67.0,0.0007107973098754,10,0.9067378651425488,1.0
20.0,6,64.0,269.891575025578,0.0,0.0,0.8,0.2,0.2,0.0,0.0,2,0,0,8,0,0.0370519161224365,0.0,1.0,0.0,0.0,0.0,0.0,0.0,1.0,0.0,0.0,0.0,0.0,0.0,1.0,1.0,646,54,68,64.6,5.660781257427675,64.6,0.0037066936492919,10,0.9290640058530256,31.80246913580247
20.0,6,64.0,785.9800614646579,0.0,0.0,0.6,0.4,0.4,0.0,0.0,4,0,0,6,0,0.0127229690551757,0.0,1.0,0.0,0.0,0.0,0.0,0.0,1.0,0.0,0.0,0.0,0.0,0.0,1.0,1.0,612,54,66,61.2,6.196773353931867,61.2,0.0013213157653808,10,0.9292823475934576,36.0
20.0,6,64.0,3198.096835684331,0.0,0.0,0.5,0.5,0.5,0.0,0.0,5,0,0,5,0,0.0031268596649169,0.0,1.0,0.0,0.0,0.0,0.0,0.0,1.0,0.0,0.0,0.0,0.0,0.0,1.0,1.0,608,54,68,60.8,7.192588778272627,60.8,0.00031578540802,10,0.9296880029647172,46.56
20.0,6,64.0,2457.552000937482,0.0,0.0,0.5,0.5,0.5,0.0,0.0,5,0,0,5,0,0.0040690898895263,0.0,1.0,0.0,0.0,0.0,0.0,0.0,1.0,0.0,0.0,0.0,0.0,0.0,1.0,1.0,624,54,68,62.4,7.229568912920511,62.4,0.0004655122756958,10,0.9297030671923672,49.0
20.0,6,64.0,246.0146636166344,0.0,0.0,0.6,0.4,0.4,0.0,0.0,4,0,0,6,0,0.0406479835510253,0.0,1.0,0.0,0.0,0.0,0.0,0.0,1.0,0.0,0.0,0.0,0.0,0.0,1.0,1.0,600,54,66,60.0,6.324555320336759,60.0,0.0040667057037353,10,0.9293344008552924,36.0
20.0,6,64.0,2356.880197797258,0.0,0.0,0.5,0.5,0.5,0.0,0.0,5,0,0,5,0,0.0042428970336914,0.0,1.0,0.0,0.0,0.0,0.0,0.0,1.0,0.0,0.0,0.0,0.0,0.0,1.0,1.0,600,54,66,60.0,6.324555320336759,60.0,0.0005281925201416,10,0.9293344008552924,36.0
20.0,6,64.0,1184.5304865994522,0.0,0.0,0.5,0.5,0.5,0.0,0.0,5,0,0,5,0,0.0084421634674072,0.0,1.0,0.0,0.0,0.0,0.0,0.0,1.0,0.0,0.0,0.0,0.0,0.0,1.0,1.0,610,54,68,61.0,7.378647873726218,61.0,0.0009555101394653,10,0.9297637959978412,49.0
20.0,6,64.0,370.6852850198851,0.0,0.0,0.7,0.3,0.3,0.0,0.0,3,0,0,7,0,0.0269770622253417,0.0,1.0,0.0,0.0,0.0,0.0,0.0,1.0,0.0,0.0,0.0,0.0,0.0,1.0,1.0,644,54,71,64.4,7.275529763071095,64.4,0.0027406930923461,10,0.9297217898042848,49.0
20.0,6,64.0,6662.913423351866,0.0,0.0,1.0,0.0,0.0,0.0,0.0,0,0,0,10,0,0.0015008449554443,0.0,1.0,0.0,0.0,0.0,0.0,0.0,1.0,0.0,0.0,0.0,0.0,0.0,1.0,1.0,714,71,73,71.4,0.8432740427115678,71.4,0.001096487045288,10,0.0,0.64
20.0,6,64.0,325.9433331779114,0.0,0.0,0.9,0.1,0.1,0.0,0.0,1,0,0,9,0,0.0306801795959472,0.0,1.0,0.0,0.0,0.0,0.0,0.0,1.0,0.0,0.0,0.0,0.0,0.0,1.0,1.0,702,54,73,70.2,6.356099432828282,70.2,0.0034540176391601,10,0.9293472506649568,36.36
20.0,6,64.0,898.7152346260981,0.0,0.0,0.6,0.4,0.4,0.0,0.0,4,0,0,6,0,0.0111269950866699,0.0,1.0,0.0,0.0,0.0,0.0,0.0,1.0,0.0,0.0,0.0,0.0,0.0,1.0,1.0,600,54,64,60.0,5.163977794943222,60.0,0.0013712882995605,10,0.928861627994548,24.0
20.0,6,64.0,3226.8841360209262,0.0,0.0,0.5,0.5,0.5,0.0,0.0,5,0,0,5,0,0.0030989646911621,0.0,1.0,0.0,0.0,0.0,0.0,0.0,1.0,0.0,0.0,0.0,0.0,0.0,1.0,1.0,594,54,66,59.4,5.738757124441959,59.4,0.0004014015197753,10,0.9290957701022128,29.64
20.0,6,64.0,3495.54462871906,0.0,0.0,0.5,0.5,0.5,0.0,0.0,5,0,0,5,0,0.0028607845306396,0.0,1.0,0.0,0.0,0.0,0.0,0.0,1.0,0.0,0.0,0.0,0.0,0.0,1.0,1.0,600,54,66,60.0,6.324555320336759,60.0,0.0003578901290893,10,0.9293344008552924,36.0
20.0,6,64.0,282.9019290435721,0.0,0.0,0.5,0.5,0.5,0.0,0.0,5,0,0,5,0,0.0353479385375976,0.0,1.0,0.0,0.0,0.0,0.0,0.0,1.0,0.0,0.0,0.0,0.0,0.0,1.0,1.0,3280,54,1406,328.0,568.1822868684935,328.0,0.0038736104965209,10,1.0,313562.4691358025
20.0,6,64.0,1369.1215929492412,0.0,0.0,0.5,0.5,0.5,0.0,0.0,5,0,0,5,0,0.0073039531707763,0.0,1.0,0.0,0.0,0.0,0.0,0.0,1.0,0.0,0.0,0.0,0.0,0.0,1.0,1.0,8652,54,1406,865.2,698.1697978763236,865.2,0.0007319927215576,10,1.0,456976.0
20.0,6,64.0,895.8933720657026,0.0,0.0,0.6,0.4,0.4,0.0,0.0,4,0,0,6,0,0.0111620426177978,0.0,1.0,0.0,0.0,0.0,0.0,0.0,1.0,0.0,0.0,0.0,0.0,0.0,1.0,1.0,7300,54,1406,730.0,712.5665660912748,730.0,0.0011192083358764,10,1.0,456976.0
20.0,6,64.0,2727.825182101977,0.0,0.0,0.5,0.5,0.5,0.0,0.0,5,0,0,5,0,0.0036659240722656,0.0,1.0,0.0,0.0,0.0,0.0,0.0,1.0,0.0,0.0,0.0,0.0,0.0,1.0,1.0,7300,54,1406,730.0,712.5665660912748,730.0,0.0007441997528076,10,1.0,456976.0
20.0,6,64.0,337.32539810197846,0.0,0.0,0.5,0.5,0.5,0.0,0.0,5,0,0,5,0,0.0296449661254882,0.0,1.0,0.0,0.0,0.0,0.0,0.0,1.0,0.0,0.0,0.0,0.0,0.0,1.0,1.0,3280,54,1406,328.0,568.1822868684935,328.0,0.003020691871643,10,1.0,456976.0
20.0,6,64.0,1042.3220675944333,0.0,0.0,0.5,0.5,0.5,0.0,0.0,5,0,0,5,0,0.0095939636230468,0.0,1.0,0.0,0.0,0.0,0.0,0.0,1.0,0.0,0.0,0.0,0.0,0.0,1.0,1.0,612,54,66,61.2,6.196773353931867,61.2,0.001612114906311,10,0.9292823475934576,35.55555555555556
20.0,6,64.0,2036.1687460556336,0.0,0.0,0.7,0.3,0.3,0.0,0.0,3,0,0,7,0,0.004911184310913,0.0,1.0,0.0,0.0,0.0,0.0,0.0,1.0,0.0,0.0,0.0,0.0,0.0,1.0,1.0,636,54,68,63.6,6.6533199732664805,63.6,0.0004945039749145,10,0.92946832642431,45.06122448979592
20.0,6,64.0,248.66923578585403,0.0,0.0,0.8,0.2,0.2,0.0,0.0,2,0,0,8,0,0.0402140617370605,0.0,1.0,0.0,0.0,0.0,0.0,0.0,1.0,0.0,0.0,0.0,0.0,0.0,1.0,1.0,626,54,68,62.6,6.186005711819757,62.6,0.0040246963500976,10,0.9292779612867668,49.0
20.0,6,64.0,41486.68644906033,0.0,0.0,1.0,0.0,0.0,0.0,0.0,0,0,0,10,0,0.0002410411834716,0.0,1.0,0.0,0.0,0.0,0.0,0.0,1.0,0.0,0.0,0.0,0.0,0.0,1.0,1.0,646,64,66,64.6,0.966091783079296,64.6,0.0001940965652465,10,0.0,0.8400000000000001
20.0,6,64.0,212.83320647485664,0.0,0.0,0.8,0.2,0.2,0.0,0.0,2,0,0,8,0,0.0469851493835449,0.0,1.0,0.0,0.0,0.0,0.0,0.0,1.0,0.0,0.0,0.0,0.0,0.0,1.0,1.0,648,54,66,64.8,3.794733192202055,64.8,0.0047008037567138,10,0.9283038525131756,14.22222222222222
20.0,6,64.0,1393.9195746095047,0.0,0.0,0.6,0.4,0.4,0.0,0.0,4,0,0,6,0,0.007174015045166,0.0,1.0,0.0,0.0,0.0,0.0,0.0,1.0,0.0,0.0,0.0,0.0,0.0,1.0,1.0,600,54,66,60.0,6.324555320336759,60.0,0.0007222890853881,10,0.9293344008552924,36.0
20.0,6,64.0,2824.0667923511983,0.0,0.0,0.5,0.5,0.5,0.0,0.0,5,0,0,5,0,0.0035409927368164,0.0,1.0,0.0,0.0,0.0,0.0,0.0,1.0,0.0,0.0,0.0,0.0,0.0,1.0,1.0,600,54,66,60.0,6.324555320336759,60.0,0.0003552913665771,10,0.9293344008552924,36.0
20.0,6,64.0,2164.913802002684,0.0,0.0,0.5,0.5,0.5,0.0,0.0,5,0,0,5,0,0.0046191215515136,0.0,1.0,0.0,0.0,0.0,0.0,0.0,1.0,0.0,0.0,0.0,0.0,0.0,1.0,1.0,600,54,66,60.0,6.324555320336759,60.0,0.0005147218704223,10,0.9293344008552924,36.0
20.0,6,64.0,353.68406850551065,0.0,0.0,0.7,0.3,0.3,0.0,0.0,3,0,0,7,0,0.0282738208770751,0.0,1.0,0.0,0.0,0.0,0.0,0.0,1.0,0.0,0.0,0.0,0.0,0.0,1.0,1.0,616,54,66,61.6,5.316640543300503,61.6,0.0029606819152832,10,0.9289238166917188,36.0
20.0,6,64.0,126334.4578313253,0.0,0.0,1.0,0.0,0.0,0.0,0.0,0,0,0,10,0,7.915496826171875e-05,0.0,1.0,0.0,0.0,0.0,0.0,0.0,1.0,0.0,0.0,0.0,0.0,0.0,1.0,1.0,648,64,66,64.8,1.0327955589886444,64.8,9.512901306152343e-06,10,0.9101374495989096,0.96
20.0,6,64.0,211.9459309229642,0.0,0.0,0.8,0.2,0.2,0.0,0.0,2,0,0,8,0,0.0471818447113037,0.0,1.0,0.0,0.0,0.0,0.0,0.0,1.0,0.0,0.0,0.0,0.0,0.0,1.0,1.0,648,54,66,64.8,3.794733192202055,64.8,0.0047190904617309,10,0.9283038525131756,14.22222222222222
20.0,6,64.0,3562.646734052493,0.0,0.0,0.5,0.5,0.5,0.0,0.0,5,0,0,5,0,0.0028069019317626,0.0,1.0,0.0,0.0,0.0,0.0,0.0,1.0,0.0,0.0,0.0,0.0,0.0,1.0,1.0,600,54,66,60.0,6.324555320336759,60.0,0.0002825021743774,10,0.9293344008552924,36.0
20.0,6,64.0,823.4620594875822,0.0,0.0,0.5,0.5,0.5,0.0,0.0,5,0,0,5,0,0.012143850326538,0.0,1.0,0.0,0.0,0.0,0.0,0.0,1.0,0.0,0.0,0.0,0.0,0.0,1.0,1.0,606,54,68,60.6,6.995236474439826,60.6,0.0012172937393188,10,0.9296076095302278,44.04
20.0,6,64.0,1554.4822474242087,0.0,0.0,0.5,0.5,0.5,0.0,0.0,5,0,0,5,0,0.0064330101013183,0.0,1.0,0.0,0.0,0.0,0.0,0.0,1.0,0.0,0.0,0.0,0.0,0.0,1.0,1.0,610,54,68,61.0,7.378647873726218,61.0,0.000645112991333,10,0.9297637959978412,49.0
20.0,6,64.0,229.10554806006348,0.0,0.0,0.8,0.2,0.2,0.0,0.0,2,0,0,8,0,0.0436480045318603,0.0,1.0,0.0,0.0,0.0,0.0,0.0,1.0,0.0,0.0,0.0,0.0,0.0,1.0,1.0,678,54,76,67.8,10.042133460796288,67.8,0.0043686866760253,10,0.93084879348659,92.54320987654322
20.0,6,64.0,1648.5100027512478,0.0,0.0,0.8,0.2,0.2,0.0,0.0,2,0,0,8,0,0.006066083908081,0.0,1.0,0.0,0.0,0.0,0.0,0.0,1.0,0.0,0.0,0.0,0.0,0.0,1.0,1.0,722,54,78,72.2,9.635582205785203,72.2,0.0006164073944091,10,0.9306831807673488,90.75
20.0,6,64.0,5753.503429355281,0.0,0.0,0.7,0.3,0.3,0.0,0.0,3,0,0,7,0,0.0017380714416503,0.0,1.0,0.0,0.0,0.0,0.0,0.0,1.0,0.0,0.0,0.0,0.0,0.0,1.0,1.0,708,54,78,70.8,11.59310139695155,70.8,0.0001748085021972,10,0.931480595785062,138.24
20.0,6,64.0,760.0579878225573,0.0,0.0,1.0,0.0,0.0,0.0,0.0,0,0,0,10,0,0.0131568908691406,0.0,1.0,0.0,0.0,0.0,0.0,0.0,1.0,0.0,0.0,0.0,0.0,0.0,1.0,1.0,3700,370,370,370.0,0.0,370.0,0.0036049842834472,10,0.0,0.0
20.0,6,64.0,536.0201408324707,0.0,0.0,1.0,0.0,0.0,0.0,0.0,0,0,0,10,0,0.0186560153961181,0.0,1.0,0.0,0.0,0.0,0.0,0.0,1.0,0.0,0.0,0.0,0.0,0.0,1.0,1.0,3720,372,372,372.0,0.0,372.0,0.0018699169158935,10,0.0,0.0
20.0,6,64.0,1505.115010585998,0.0,0.0,0.5,0.5,0.5,0.0,0.0,5,0,0,5,0,0.0066440105438232,0.0,1.0,0.0,0.0,0.0,0.0,0.0,1.0,0.0,0.0,0.0,0.0,0.0,1.0,1.0,550,54,56,55.0,1.0540925533894598,55.0,0.0026420831680297,10,0.9271874251425488,1.0
20.0,6,64.0,714.6539444539104,0.0,0.0,0.6,0.4,0.4,0.0,0.0,4,0,0,6,0,0.0139927864074707,0.0,1.0,0.0,0.0,0.0,0.0,0.0,1.0,0.0,0.0,0.0,0.0,0.0,1.0,1.0,554,54,58,55.4,1.349897115421106,55.4,0.0014914989471435,10,0.927307924088938,1.64
20.0,6,64.0,2630.8122687072696,0.0,0.0,0.5,0.5,0.5,0.0,0.0,5,0,0,5,0,0.0038011074066162,0.0,1.0,0.0,0.0,0.0,0.0,0.0,1.0,0.0,0.0,0.0,0.0,0.0,1.0,1.0,560,54,58,56.0,2.10818510677892,56.0,0.0004912137985229,10,0.9276168202850976,4.0
20.0,6,64.0,381.1132716666364,0.0,0.0,0.5,0.5,0.5,0.0,0.0,5,0,0,5,0,0.0262389183044433,0.0,1.0,0.0,0.0,0.0,0.0,0.0,1.0,0.0,0.0,0.0,0.0,0.0,1.0,1.0,568,54,66,56.8,3.794733192202055,56.8,0.0027222871780395,10,0.9283038525131756,13.432098765432098
20.0,6,64.0,495.2712931146457,0.0,0.0,0.5,0.5,0.5,0.0,0.0,5,0,0,5,0,0.020190954208374,0.0,1.0,0.0,0.0,0.0,0.0,0.0,1.0,0.0,0.0,0.0,0.0,0.0,1.0,1.0,600,54,66,60.0,6.324555320336759,60.0,0.0024636030197143,10,0.9293344008552924,36.0
20.0,6,64.0,2571.930340936964,0.0,0.0,0.5,0.5,0.5,0.0,0.0,5,0,0,5,0,0.0038881301879882,0.0,1.0,0.0,0.0,0.0,0.0,0.0,1.0,0.0,0.0,0.0,0.0,0.0,1.0,1.0,616,54,68,61.6,6.586180818788516,61.6,0.000485610961914,10,0.9294409766183416,39.04
20.0,6,64.0,2196.315651673038,0.0,0.0,0.5,0.5,0.5,0.0,0.0,5,0,0,5,0,0.0045530796051025,0.0,1.0,0.0,0.0,0.0,0.0,0.0,1.0,0.0,0.0,0.0,0.0,0.0,1.0,1.0,610,54,68,61.0,7.378647873726218,61.0,0.0004580974578857,10,0.9297637959978412,49.0
20.0,6,64.0,379.4342370704082,0.0,0.0,0.7,0.3,0.3,0.0,0.0,3,0,0,7,0,0.0263550281524658,0.0,1.0,0.0,0.0,0.0,0.0,0.0,1.0,0.0,0.0,0.0,0.0,0.0,1.0,1.0,622,54,68,62.2,5.921711464320655,62.2,0.0026386022567749,10,0.9291702983821056,49.0
20.0,6,64.0,1395.2642959316058,0.0,0.0,0.6,0.4,0.4,0.0,0.0,4,0,0,6,0,0.007167100906372,0.0,1.0,0.0,0.0,0.0,0.0,0.0,1.0,0.0,0.0,0.0,0.0,0.0,1.0,1.0,600,54,64,60.0,5.163977794943222,60.0,0.0007205963134765,10,0.928861627994548,25.0
20.0,6,64.0,902.6802969977402,0.0,0.0,0.6,0.4,0.4,0.0,0.0,4,0,0,6,0,0.0110781192779541,0.0,1.0,0.0,0.0,0.0,0.0,0.0,1.0,0.0,0.0,0.0,0.0,0.0,1.0,1.0,600,54,66,60.0,6.324555320336759,60.0,0.0011116027832031,10,0.9293344008552924,36.0
20.0,6,64.0,330.63244440590586,0.0,0.0,0.7,0.3,0.3,0.0,0.0,3,0,0,7,0,0.0302450656890869,0.0,1.0,0.0,0.0,0.0,0.0,0.0,1.0,0.0,0.0,0.0,0.0,0.0,1.0,1.0,622,54,66,62.2,5.672545969648706,62.2,0.0030262947082519,10,0.9290687983261962,36.0
20.0,6,64.0,981.353299017314,0.0,0.0,1.0,0.0,0.0,0.0,0.0,0,0,0,10,0,0.0101900100708007,0.0,1.0,0.0,0.0,0.0,0.0,0.0,1.0,0.0,0.0,0.0,0.0,0.0,1.0,1.0,654,65,67,65.4,0.8432740427115678,65.4,0.0010224103927612,10,0.0,0.64
20.0,6,64.0,285.6902317914626,0.0,0.0,0.9,0.1,0.1,0.0,0.0,1,0,0,9,0,0.0350029468536376,0.0,1.0,0.0,0.0,0.0,0.0,0.0,1.0,0.0,0.0,0.0,0.0,0.0,1.0,1.0,656,54,67,65.6,4.087922591134904,65.6,0.003503680229187,10,0.9284232861467248,15.04
20.0,6,64.0,598.3742064341251,0.0,0.0,0.5,0.5,0.5,0.0,0.0,5,0,0,5,0,0.016711950302124,0.0,1.0,0.0,0.0,0.0,0.0,0.0,1.0,0.0,0.0,0.0,0.0,0.0,1.0,1.0,612,54,66,61.2,6.196773353931867,61.2,0.0028583049774169,10,0.9292823475934576,36.0
20.0,6,64.0,2602.0869781003785,0.0,0.0,0.7,0.3,0.3,0.0,0.0,3,0,0,7,0,0.003843069076538,0.0,1.0,0.0,0.0,0.0,0.0,0.0,1.0,0.0,0.0,0.0,0.0,0.0,1.0,1.0,624,54,66,62.4,5.796550698475776,62.4,0.0003864049911499,10,0.9291193128925312,36.0
20.0,6,64.0,1850.8092842644076,0.0,0.0,0.7,0.3,0.3,0.0,0.0,3,0,0,7,0,0.0054030418395996,0.0,1.0,0.0,0.0,0.0,0.0,0.0,1.0,0.0,0.0,0.0,0.0,0.0,1.0,1.0,612,54,66,61.2,6.196773353931867,61.2,0.000542402267456,10,0.9292823475934576,36.0
20.0,6,64.0,505.4596288262232,0.0,0.0,1.0,0.0,0.0,0.0,0.0,0,0,0,10,0,0.0197839736938476,0.0,1.0,0.0,0.0,0.0,0.0,0.0,1.0,0.0,0.0,0.0,0.0,0.0,1.0,1.0,660,66,66,66.0,0.0,66.0,0.0037215948104858,10,0.0,0.0
20.0,6,64.0,56833.38753387534,0.0,0.0,1.0,0.0,0.0,0.0,0.0,0,0,0,10,0,0.0001759529113769,0.0,1.0,0.0,0.0,0.0,0.0,0.0,1.0,0.0,0.0,0.0,0.0,0.0,1.0,1.0,680,68,68,68.0,0.0,68.0,1.990795135498047e-05,10,0.0,0.0
20.0,6,64.0,5032.158368326334,0.0,0.0,1.0,0.0,0.0,0.0,0.0,0,0,0,10,0,0.0019872188568115,0.0,1.0,0.0,0.0,0.0,0.0,0.0,1.0,0.0,0.0,0.0,0.0,0.0,1.0,1.0,640,64,64,64.0,0.0,64.0,0.0036318063735961,10,0.0,0.0
20.0,6,64.0,1276.9992388491398,0.0,0.0,1.0,0.0,0.0,0.0,0.0,0,0,0,10,0,0.0078308582305908,0.0,1.0,0.0,0.0,0.0,0.0,0.0,1.0,0.0,0.0,0.0,0.0,0.0,1.0,1.0,660,66,66,66.0,0.0,66.0,0.000875186920166,10,0.0,0.0
20.0,6,64.0,4066.6123715338376,0.0,0.0,1.0,0.0,0.0,0.0,0.0,0,0,0,10,0,0.0024590492248535,0.0,1.0,0.0,0.0,0.0,0.0,0.0,1.0,0.0,0.0,0.0,0.0,0.0,1.0,1.0,660,66,66,66.0,0.0,66.0,0.0052329063415527,10,0.0,0.0
20.0,6,64.0,65433.75975039002,0.0,0.0,1.0,0.0,0.0,0.0,0.0,0,0,0,10,0,0.0001528263092041,0.0,1.0,0.0,0.0,0.0,0.0,0.0,1.0,0.0,0.0,0.0,0.0,0.0,1.0,1.0,680,68,68,68.0,0.0,68.0,0.0004381895065307,10,0.0,0.0
20.0,6,64.0,4745.761484498756,0.0,0.0,1.0,0.0,0.0,0.0,0.0,0,0,0,10,0,0.0021071434020996,0.0,1.0,0.0,0.0,0.0,0.0,0.0,1.0,0.0,0.0,0.0,0.0,0.0,1.0,1.0,640,64,64,64.0,0.0,64.0,0.004335618019104,10,0.0,0.0
20.0,6,64.0,2712.126737795021,0.0,0.0,1.0,0.0,0.0,0.0,0.0,0,0,0,10,0,0.0036871433258056,0.0,1.0,0.0,0.0,0.0,0.0,0.0,1.0,0.0,0.0,0.0,0.0,0.0,1.0,1.0,660,66,66,66.0,0.0,66.0,0.0003700971603393,10,0.0,0.0
20.0,6,64.0,665.6463157226516,0.0,0.0,1.0,0.0,0.0,0.0,0.0,0,0,0,10,0,0.0150229930877685,0.0,1.0,0.0,0.0,0.0,0.0,0.0,1.0,0.0,0.0,0.0,0.0,0.0,1.0,1.0,660,66,66,66.0,0.0,66.0,0.0053258895874023,10,0.0,0.0
20.0,6,64.0,9606.74301420064,0.0,0.0,1.0,0.0,0.0,0.0,0.0,0,0,0,10,0,0.0010409355163574,0.0,1.0,0.0,0.0,0.0,0.0,0.0,1.0,0.0,0.0,0.0,0.0,0.0,1.0,1.0,680,68,68,68.0,0.0,68.0,0.0001054048538208,10,0.0,0.0
20.0,6,64.0,509.2461420783605,0.0,0.0,1.0,0.0,0.0,0.0,0.0,0,0,0,10,0,0.0196368694305419,0.0,1.0,0.0,0.0,0.0,0.0,0.0,1.0,0.0,0.0,0.0,0.0,0.0,1.0,1.0,640,64,64,64.0,0.0,64.0,0.0052939891815185,10,0.0,0.0
20.0,6,64.0,72944.41739130435,0.0,0.0,1.0,0.0,0.0,0.0,0.0,0,0,0,10,0,0.0001370906829833,0.0,1.0,0.0,0.0,0.0,0.0,0.0,1.0,0.0,0.0,0.0,0.0,0.0,1.0,1.0,660,66,66,66.0,0.0,66.0,1.5211105346679689e-05,10,0.0,0.0
20.0,6,64.0,1284.350675199804,0.0,0.0,0.5,0.5,0.5,0.0,0.0,5,0,0,5,0,0.0077860355377197,0.0,1.0,0.0,0.0,0.0,0.0,0.0,1.0,0.0,0.0,0.0,0.0,0.0,1.0,1.0,590,54,64,59.0,5.270462766947299,59.0,0.0039650917053222,10,0.9289050057127436,25.0
20.0,6,64.0,622.780780424066,0.0,0.0,0.5,0.5,0.5,0.0,0.0,5,0,0,5,0,0.016057014465332,0.0,1.0,0.0,0.0,0.0,0.0,0.0,1.0,0.0,0.0,0.0,0.0,0.0,1.0,1.0,590,54,64,59.0,5.270462766947299,59.0,0.0016453981399536,10,0.9289050057127436,25.0
20.0,6,64.0,4655.682095682096,0.0,0.0,0.5,0.5,0.5,0.0,0.0,5,0,0,5,0,0.0021479129791259,0.0,1.0,0.0,0.0,0.0,0.0,0.0,1.0,0.0,0.0,0.0,0.0,0.0,1.0,1.0,612,54,66,61.2,6.196773353931867,61.2,0.0003180980682373,10,0.9292823475934576,35.55555555555556
20.0,6,64.0,363.13377141719263,0.0,0.0,0.5,0.5,0.5,0.0,0.0,5,0,0,5,0,0.0275380611419677,0.0,1.0,0.0,0.0,0.0,0.0,0.0,1.0,0.0,0.0,0.0,0.0,0.0,1.0,1.0,745,54,211,74.5,48.33045968468884,74.5,0.0027556180953979,10,0.9464459260571548,2102.25
20.0,6,64.0,989.8062536873156,0.0,0.0,0.5,0.5,0.5,0.0,0.0,5,0,0,5,0,0.0101029872894287,0.0,1.0,0.0,0.0,0.0,0.0,0.0,1.0,0.0,0.0,0.0,0.0,0.0,1.0,1.0,1325,54,211,132.5,82.7462654410726,132.5,0.0010146856307983,10,0.9604655486900754,6162.25
20.0,6,64.0,751.2634784166219,0.0,0.0,0.5,0.5,0.5,0.0,0.0,5,0,0,5,0,0.0133109092712402,0.0,1.0,0.0,0.0,0.0,0.0,0.0,1.0,0.0,0.0,0.0,0.0,0.0,1.0,1.0,1327,54,213,132.7,82.95922693307438,132.7,0.0013328075408935,10,0.9605523006834572,6194.01
20.0,6,64.0,1472.7708135819375,0.0,0.0,0.5,0.5,0.5,0.0,0.0,5,0,0,5,0,0.0067899227142333,0.0,1.0,0.0,0.0,0.0,0.0,0.0,1.0,0.0,0.0,0.0,0.0,0.0,1.0,1.0,1335,54,213,133.5,83.80035799446205,133.5,0.00068359375,10,0.960894943832624,6320.25
20.0,6,64.0,462.0651515318432,0.0,0.0,0.5,0.5,0.5,0.0,0.0,5,0,0,5,0,0.0216419696807861,0.0,1.0,0.0,0.0,0.0,0.0,0.0,1.0,0.0,0.0,0.0,0.0,0.0,1.0,1.0,2346,54,1224,234.6,356.50469842626194,234.6,0.0021681070327758,10,1.0,114386.04
20.0,6,64.0,995.5150479445552,0.0,0.0,0.6,0.4,0.4,0.0,0.0,4,0,0,6,0,0.010045051574707,0.0,1.0,0.0,0.0,0.0,0.0,0.0,1.0,0.0,0.0,0.0,0.0,0.0,1.0,1.0,6390,54,1224,639.0,616.644143732834,639.0,0.0010097980499267,10,1.0,342225.0
20.0,6,64.0,1214.7544022242816,0.0,0.0,0.6,0.4,0.4,0.0,0.0,4,0,0,6,0,0.0082321166992187,0.0,1.0,0.0,0.0,0.0,0.0,0.0,1.0,0.0,0.0,0.0,0.0,0.0,1.0,1.0,8736,54,1226,873.6,565.5784059998518,873.6,0.0009339094161987,10,1.0,335240.8163265306
20.0,6,64.0,1294.2985866814788,0.0,0.0,0.5,0.5,0.5,0.0,0.0,5,0,0,5,0,0.0077261924743652,0.0,1.0,0.0,0.0,0.0,0.0,0.0,1.0,0.0,0.0,0.0,0.0,0.0,1.0,1.0,6400,54,1226,640.0,617.6982362862234,640.0,0.0007766008377075,10,1.0,343396.0
20.0,6,64.0,261.615862976616,0.0,0.0,0.6,0.4,0.4,0.0,0.0,4,0,0,6,0,0.0382239818572998,0.0,1.0,0.0,0.0,0.0,0.0,0.0,1.0,0.0,0.0,0.0,0.0,0.0,1.0,1.0,2920,54,1226,292.0,492.2916931160947,292.0,0.0038261890411376,10,1.0,343396.0
20.0,6,64.0,1806.9550232638287,0.0,0.0,0.5,0.5,0.5,0.0,0.0,5,0,0,5,0,0.0055341720581054,0.0,1.0,0.0,0.0,0.0,0.0,0.0,1.0,0.0,0.0,0.0,0.0,0.0,1.0,1.0,612,54,66,61.2,6.196773353931867,61.2,0.0006025075912475,10,0.9292823475934576,36.0
20.0,6,64.0,1795.968142502355,0.0,0.0,0.5,0.5,0.5,0.0,0.0,5,0,0,5,0,0.0055680274963378,0.0,1.0,0.0,0.0,0.0,0.0,0.0,1.0,0.0,0.0,0.0,0.0,0.0,1.0,1.0,608,54,68,60.8,7.192588778272627,60.8,0.0005584001541137,10,0.9296880029647172,46.56
20.0,6,64.0,2434.1616853345718,0.0,0.0,0.7,0.3,0.3,0.0,0.0,3,0,0,7,0,0.004108190536499,0.0,1.0,0.0,0.0,0.0,0.0,0.0,1.0,0.0,0.0,0.0,0.0,0.0,1.0,1.0,624,54,68,62.4,7.229568912920511,62.4,0.0004137992858886,10,0.9297030671923672,49.0
20.0,6,64.0,940.1950191656766,0.0,0.0,0.5,0.5,0.5,0.0,0.0,5,0,0,5,0,0.0106360912322998,0.0,1.0,0.0,0.0,0.0,0.0,0.0,1.0,0.0,0.0,0.0,0.0,0.0,1.0,1.0,600,54,64,60.0,5.163977794943222,60.0,0.0031600952148437,10,0.928861627994548,25.0
20.0,6,64.0,654.4090618320254,0.0,0.0,0.6,0.4,0.4,0.0,0.0,4,0,0,6,0,0.0152809619903564,0.0,1.0,0.0,0.0,0.0,0.0,0.0,1.0,0.0,0.0,0.0,0.0,0.0,1.0,1.0,592,54,66,59.2,5.513619500836088,59.2,0.0015604972839355,10,0.9290040580398606,27.360000000000003
20.0,6,64.0,3312.2514412066653,0.0,0.0,0.5,0.5,0.5,0.0,0.0,5,0,0,5,0,0.003019094467163,0.0,1.0,0.0,0.0,0.0,0.0,0.0,1.0,0.0,0.0,0.0,0.0,0.0,1.0,1.0,600,54,66,60.0,6.324555320336759,60.0,0.0004096031188964,10,0.9293344008552924,36.0
20.0,6,64.0,396.1188081409076,0.0,0.0,0.6,0.4,0.4,0.0,0.0,4,0,0,6,0,0.0252449512481689,0.0,1.0,0.0,0.0,0.0,0.0,0.0,1.0,0.0,0.0,0.0,0.0,0.0,1.0,1.0,614,54,67,61.4,6.380525927469546,61.4,0.0026676893234252,10,0.929357201041814,36.83950617283951
20.0,6,64.0,903.0884506071828,0.0,0.0,1.0,0.0,0.0,0.0,0.0,0,0,0,10,0,0.0110731124877929,0.0,1.0,0.0,0.0,0.0,0.0,0.0,1.0,0.0,0.0,0.0,0.0,0.0,1.0,1.0,674,67,69,67.4,0.8432740427115678,67.4,0.0011113166809082,10,0.0,0.64
20.0,6,64.0,289.2763098908223,0.0,0.0,0.9,0.1,0.1,0.0,0.0,1,0,0,9,0,0.0345690250396728,0.0,1.0,0.0,0.0,0.0,0.0,0.0,1.0,0.0,0.0,0.0,0.0,0.0,1.0,1.0,672,54,69,67.2,4.732863826479693,67.2,0.0034601926803588,10,0.9286860094083548,20.16
20.0,6,64.0,654.5009674801822,0.0,0.0,0.8,0.2,0.2,0.0,0.0,2,0,0,8,0,0.0152788162231445,0.0,1.0,0.0,0.0,0.0,0.0,0.0,1.0,0.0,0.0,0.0,0.0,0.0,1.0,1.0,636,54,66,63.6,5.059644256269407,63.6,0.0017284870147705,10,0.928819126684234,27.0
20.0,6,64.0,4894.741510094526,0.0,0.0,0.6,0.4,0.4,0.0,0.0,4,0,0,6,0,0.0020430088043212,0.0,1.0,0.0,0.0,0.0,0.0,0.0,1.0,0.0,0.0,0.0,0.0,0.0,1.0,1.0,636,54,68,63.6,6.65331997326648,63.6,0.0002064228057861,10,0.92946832642431,41.87654320987654
20.0,6,64.0,200.8439238821265,0.0,0.0,0.8,0.2,0.2,0.0,0.0,2,0,0,8,0,0.0497899055480957,0.0,1.0,0.0,0.0,0.0,0.0,0.0,1.0,0.0,0.0,0.0,0.0,0.0,1.0,1.0,626,54,68,62.6,6.1860057118197584,62.6,0.0049797773361206,10,0.9292779612867668,49.0
20.0,6,64.0,1254.390046953973,0.0,0.0,0.6,0.4,0.4,0.0,0.0,4,0,0,6,0,0.0079720020294189,0.0,1.0,0.0,0.0,0.0,0.0,0.0,1.0,0.0,0.0,0.0,0.0,0.0,1.0,1.0,600,54,64,60.0,5.163977794943222,60.0,0.0009024143218994,10,0.928861627994548,25.0
20.0,6,64.0,4269.880891784587,0.0,0.0,0.5,0.5,0.5,0.0,0.0,5,0,0,5,0,0.0023419857025146,0.0,1.0,0.0,0.0,0.0,0.0,0.0,1.0,0.0,0.0,0.0,0.0,0.0,1.0,1.0,610,54,66,61.0,6.055300708194984,61.0,0.0003365993499755,10,0.9292247172964904,33.58024691358025
20.0,6,64.0,1323.1242902208205,0.0,0.0,0.5,0.5,0.5,0.0,0.0,5,0,0,5,0,0.0075578689575195,0.0,1.0,0.0,0.0,0.0,0.0,0.0,1.0,0.0,0.0,0.0,0.0,0.0,1.0,1.0,600,54,66,60.0,6.324555320336759,60.0,0.0007577896118164,10,0.9293344008552924,36.0
20.0,6,64.0,151.58856481983446,0.0,0.0,1.0,0.0,0.0,0.0,0.0,0,0,0,10,0,0.0659680366516113,0.0,1.0,0.0,0.0,0.0,0.0,0.0,1.0,0.0,0.0,0.0,0.0,0.0,1.0,1.0,648,54,66,64.8,3.794733192202056,64.8,0.0065991163253784,10,0.9283038525131756,36.0
20.0,6,64.0,1920.117194652994,0.0,0.0,0.7,0.3,0.3,0.0,0.0,3,0,0,7,0,0.0052080154418945,0.0,1.0,0.0,0.0,0.0,0.0,0.0,1.0,0.0,0.0,0.0,0.0,0.0,1.0,1.0,624,54,66,62.4,5.796550698475775,62.4,0.0005228996276855,10,0.9291193128925312,34.56
20.0,6,64.0,5133.158732101334,0.0,0.0,0.6,0.4,0.4,0.0,0.0,4,0,0,6,0,0.0019481182098388,0.0,1.0,0.0,0.0,0.0,0.0,0.0,1.0,0.0,0.0,0.0,0.0,0.0,1.0,1.0,624,54,66,62.4,5.796550698475775,62.4,0.0009912014007568,10,0.9291193128925312,32.0
20.0,6,64.0,655.3497601599975,0.0,0.0,0.6,0.4,0.4,0.0,0.0,4,0,0,6,0,0.0152590274810791,0.0,1.0,0.0,0.0,0.0,0.0,0.0,1.0,0.0,0.0,0.0,0.0,0.0,1.0,1.0,612,54,66,61.2,6.196773353931867,61.2,0.0015998840332031,10,0.9292823475934576,36.0
20.0,6,64.0,3629.860666378191,0.0,0.0,0.6,0.4,0.4,0.0,0.0,4,0,0,6,0,0.0027549266815185,0.0,1.0,0.0,0.0,0.0,0.0,0.0,1.0,0.0,0.0,0.0,0.0,0.0,1.0,1.0,622,54,68,62.2,7.083627444874398,62.2,0.0002784013748168,10,0.929643616475944,46.02469135802469
20.0,6,64.0,3056.181871174585,0.0,0.0,0.5,0.5,0.5,0.0,0.0,5,0,0,5,0,0.0032720565795898,0.0,1.0,0.0,0.0,0.0,0.0,0.0,1.0,0.0,0.0,0.0,0.0,0.0,1.0,1.0,610,54,68,61.0,7.378647873726218,61.0,0.0003291130065917,10,0.9297637959978412,49.0
20.0,6,64.0,301.7506600766912,0.0,0.0,1.0,0.0,0.0,0.0,0.0,0,0,0,10,0,0.033139944076538,0.0,1.0,0.0,0.0,0.0,0.0,0.0,1.0,0.0,0.0,0.0,0.0,0.0,1.0,1.0,630,54,64,63.0,3.1622776601683795,63.0,0.0033172845840454,10,0.9280462154276462,25.0
20.0,6,64.0,75166.73835125448,0.0,0.0,1.0,0.0,0.0,0.0,0.0,0,0,0,10,0,0.0001330375671386,0.0,1.0,0.0,0.0,0.0,0.0,0.0,1.0,0.0,0.0,0.0,0.0,0.0,1.0,1.0,658,64,66,65.8,0.6324555320336757,65.8,1.4901161193847656e-05,10,0.0,1.0
20.0,6,64.0,198.18855371588415,0.0,0.0,1.0,0.0,0.0,0.0,0.0,0,0,0,10,0,0.0504570007324218,0.0,1.0,0.0,0.0,0.0,0.0,0.0,1.0,0.0,0.0,0.0,0.0,0.0,1.0,1.0,642,64,66,64.2,0.6324555320336757,64.2,0.0050472021102905,10,0.0,1.0
20.0,6,64.0,75709.45848375451,0.0,0.0,1.0,0.0,0.0,0.0,0.0,0,0,0,10,0,0.0001320838928222,0.0,1.0,0.0,0.0,0.0,0.0,0.0,1.0,0.0,0.0,0.0,0.0,0.0,1.0,1.0,658,64,66,65.8,0.6324555320336757,65.8,1.4710426330566409e-05,10,0.0,1.0
20.0,6,64.0,205.233917413281,0.0,0.0,1.0,0.0,0.0,0.0,0.0,0,0,0,10,0,0.048724889755249,0.0,1.0,0.0,0.0,0.0,0.0,0.0,1.0,0.0,0.0,0.0,0.0,0.0,1.0,1.0,11082,66,1224,1108.2,366.1917530474982,1108.2,0.0048739910125732,10,1.0,335241.0
20.0,6,64.0,1845.3535131330016,0.0,0.0,1.0,0.0,0.0,0.0,0.0,0,0,0,10,0,0.0054190158843994,0.0,1.0,0.0,0.0,0.0,0.0,0.0,1.0,0.0,0.0,0.0,0.0,0.0,1.0,1.0,12258,1224,1226,1225.8,0.6324555320336759,1225.8,0.0005427122116088,10,0.0,1.0
20.0,6,64.0,158.92451443251312,0.0,0.0,0.5,0.5,0.5,0.0,0.0,5,0,0,5,0,0.0629229545593261,0.0,1.0,0.0,0.0,0.0,0.0,0.0,1.0,0.0,0.0,0.0,0.0,0.0,1.0,1.0,1762,54,1226,176.2,368.8955889619116,176.2,0.0062956809997558,10,1.0,337561.0
20.0,6,64.0,780.8295479931492,0.0,0.0,0.5,0.5,0.5,0.0,0.0,5,0,0,5,0,0.0128068923950195,0.0,1.0,0.0,0.0,0.0,0.0,0.0,1.0,0.0,0.0,0.0,0.0,0.0,1.0,1.0,590,54,64,59.0,5.270462766947299,59.0,0.001284909248352,10,0.9289050057127436,25.0
20.0,6,64.0,2093.8019169329077,0.0,0.0,0.5,0.5,0.5,0.0,0.0,5,0,0,5,0,0.0047760009765625,0.0,1.0,0.0,0.0,0.0,0.0,0.0,1.0,0.0,0.0,0.0,0.0,0.0,1.0,1.0,600,54,66,60.0,6.324555320336759,60.0,0.0004806041717529,10,0.9293344008552924,36.0
20.0,6,64.0,1670.8377484762775,0.0,0.0,0.5,0.5,0.5,0.0,0.0,5,0,0,5,0,0.0059850215911865,0.0,1.0,0.0,0.0,0.0,0.0,0.0,1.0,0.0,0.0,0.0,0.0,0.0,1.0,1.0,600,54,66,60.0,6.324555320336759,60.0,0.0006017923355102,10,0.9293344008552924,36.0
20.0,6,64.0,412.7439480417241,0.0,0.0,1.0,0.0,0.0,0.0,0.0,0,0,0,10,0,0.0242280960083007,0.0,1.0,0.0,0.0,0.0,0.0,0.0,1.0,0.0,0.0,0.0,0.0,0.0,1.0,1.0,630,54,64,63.0,3.1622776601683795,63.0,0.0024263143539428,10,0.9280462154276462,25.0
20.0,6,64.0,42538.58012170385,0.0,0.0,1.0,0.0,0.0,0.0,0.0,0,0,0,10,0,0.0002350807189941,0.0,1.0,0.0,0.0,0.0,0.0,0.0,1.0,0.0,0.0,0.0,0.0,0.0,1.0,1.0,658,64,66,65.8,0.6324555320336757,65.8,2.4890899658203126e-05,10,0.0,1.0
20.0,6,64.0,214.26621439372263,0.0,0.0,1.0,0.0,0.0,0.0,0.0,0,0,0,10,0,0.046670913696289,0.0,1.0,0.0,0.0,0.0,0.0,0.0,1.0,0.0,0.0,0.0,0.0,0.0,1.0,1.0,642,64,66,64.2,0.6324555320336757,64.2,0.0046701908111572,10,0.0,1.0
20.0,6,64.0,42711.8533604888,0.0,0.0,1.0,0.0,0.0,0.0,0.0,0,0,0,10,0,0.0002341270446777,0.0,1.0,0.0,0.0,0.0,0.0,0.0,1.0,0.0,0.0,0.0,0.0,0.0,1.0,1.0,658,64,66,65.8,0.6324555320336757,65.8,2.701282501220703e-05,10,0.0,1.0
20.0,6,64.0,194.14478800222184,0.0,0.0,0.5,0.5,0.5,0.0,0.0,5,0,0,5,0,0.0515079498291015,0.0,1.0,0.0,0.0,0.0,0.0,0.0,1.0,0.0,0.0,0.0,0.0,0.0,1.0,1.0,612,54,66,61.2,6.196773353931867,61.2,0.0051529884338378,10,0.9292823475934576,35.55555555555556
20.0,6,64.0,1830.454743824736,0.0,0.0,0.5,0.5,0.5,0.0,0.0,5,0,0,5,0,0.0054631233215332,0.0,1.0,0.0,0.0,0.0,0.0,0.0,1.0,0.0,0.0,0.0,0.0,0.0,1.0,1.0,600,54,66,60.0,6.324555320336759,60.0,0.0005503177642822,10,0.9293344008552924,36.0
20.0,6,64.0,1789.5315299940269,0.0,0.0,0.5,0.5,0.5,0.0,0.0,5,0,0,5,0,0.0055880546569824,0.0,1.0,0.0,0.0,0.0,0.0,0.0,1.0,0.0,0.0,0.0,0.0,0.0,1.0,1.0,605,54,67,60.5,6.851601597031489,60.5,0.000561785697937,10,0.9295490984265669,42.25
20.0,6,64.0,2400.4486922680708,0.0,0.0,0.5,0.5,0.5,0.0,0.0,5,0,0,5,0,0.0041658878326416,0.0,1.0,0.0,0.0,0.0,0.0,0.0,1.0,0.0,0.0,0.0,0.0,0.0,1.0,1.0,605,54,67,60.5,6.851601597031489,60.5,0.0004195928573608,10,0.9295490984265669,42.25
20.0,6,64.0,398.83458217641015,0.0,0.0,1.0,0.0,0.0,0.0,0.0,0,0,0,10,0,0.0250730514526367,0.0,1.0,0.0,0.0,0.0,0.0,0.0,1.0,0.0,0.0,0.0,0.0,0.0,1.0,1.0,864,54,90,86.4,11.38419957660617,86.4,0.0025103092193603,10,0.9313954975395264,324.0
20.0,6,64.0,1056.180499597099,0.0,0.0,1.0,0.0,0.0,0.0,0.0,0,0,0,10,0,0.0094680786132812,0.0,1.0,0.0,0.0,0.0,0.0,0.0,1.0,0.0,0.0,0.0,0.0,0.0,1.0,1.0,918,90,92,91.8,0.6324555320336757,91.8,0.0012629985809326,10,0.0,1.0
20.0,6,64.0,262.7367999047852,0.0,0.0,0.9,0.1,0.1,0.0,0.0,1,0,0,9,0,0.0380609035491943,0.0,1.0,0.0,0.0,0.0,0.0,0.0,1.0,0.0,0.0,0.0,0.0,0.0,1.0,1.0,658,54,92,65.8,9.727395449051212,65.8,0.0038075923919677,10,0.9307205818101256,196.0
20.0,6,64.0,702.4928817874251,0.0,0.0,0.6,0.4,0.4,0.0,0.0,4,0,0,6,0,0.0142350196838378,0.0,1.0,0.0,0.0,0.0,0.0,0.0,1.0,0.0,0.0,0.0,0.0,0.0,1.0,1.0,620,54,66,62.0,5.57773351022717,62.0,0.001424503326416,10,0.9290301755227262,29.135802469135804
20.0,6,64.0,296.0511028763014,0.0,0.0,0.8,0.2,0.2,0.0,0.0,2,0,0,8,0,0.0337779521942138,0.0,1.0,0.0,0.0,0.0,0.0,0.0,1.0,0.0,0.0,0.0,0.0,0.0,1.0,1.0,624,54,66,62.4,5.796550698475775,62.4,0.0033934116363525,10,0.9291193128925312,36.0
20.0,6,64.0,923.103197834364,0.0,0.0,0.7,0.3,0.3,0.0,0.0,3,0,0,7,0,0.0108330249786376,0.0,1.0,0.0,0.0,0.0,0.0,0.0,1.0,0.0,0.0,0.0,0.0,0.0,1.0,1.0,624,54,66,62.4,5.796550698475775,62.4,0.0010861873626708,10,0.9291193128925312,32.0
20.0,6,64.0,2359.001124859393,0.0,0.0,0.7,0.3,0.3,0.0,0.0,3,0,0,7,0,0.0042390823364257,0.0,1.0,0.0,0.0,0.0,0.0,0.0,1.0,0.0,0.0,0.0,0.0,0.0,1.0,1.0,636,54,68,63.6,6.65331997326648,63.6,0.0004902124404907,10,0.92946832642431,39.84
20.0,6,64.0,316.3339894864659,0.0,0.0,0.5,0.5,0.5,0.0,0.0,5,0,0,5,0,0.0316121578216552,0.0,1.0,0.0,0.0,0.0,0.0,0.0,1.0,0.0,0.0,0.0,0.0,0.0,1.0,1.0,606,54,68,60.6,7.058485830702094,60.6,0.0033313035964965,10,0.9296333747879948,49.0
20.0,6,64.0,950.399709961026,0.0,0.0,0.5,0.5,0.5,0.0,0.0,5,0,0,5,0,0.0105218887329101,0.0,1.0,0.0,0.0,0.0,0.0,0.0,1.0,0.0,0.0,0.0,0.0,0.0,1.0,1.0,590,54,64,59.0,5.270462766947299,59.0,0.0018694877624511,10,0.9289050057127436,25.0
20.0,6,64.0,2079.888921947833,0.0,0.0,0.5,0.5,0.5,0.0,0.0,5,0,0,5,0,0.0048079490661621,0.0,1.0,0.0,0.0,0.0,0.0,0.0,1.0,0.0,0.0,0.0,0.0,0.0,1.0,1.0,604,54,66,60.4,5.561774297230456,60.4,0.0007863998413085,10,0.9290236743777198,27.84
20.0,6,64.0,1965.37369382878,0.0,0.0,0.5,0.5,0.5,0.0,0.0,5,0,0,5,0,0.0050880908966064,0.0,1.0,0.0,0.0,0.0,0.0,0.0,1.0,0.0,0.0,0.0,0.0,0.0,1.0,1.0,600,54,66,60.0,6.324555320336759,60.0,0.0005118131637573,10,0.9293344008552924,36.0
20.0,6,64.0,363.7825789049151,0.0,0.0,0.7,0.3,0.3,0.0,0.0,3,0,0,7,0,0.0274889469146728,0.0,1.0,0.0,0.0,0.0,0.0,0.0,1.0,0.0,0.0,0.0,0.0,0.0,1.0,1.0,606,54,66,60.6,5.738757124441959,60.6,0.002752685546875,10,0.9290957701022128,36.0
20.0,6,64.0,1493.0067988466878,0.0,0.0,1.0,0.0,0.0,0.0,0.0,0,0,0,10,0,0.0066978931427001,0.0,1.0,0.0,0.0,0.0,0.0,0.0,1.0,0.0,0.0,0.0,0.0,0.0,1.0,1.0,643,64,65,64.3,0.4830458915396479,64.3,0.0006736993789672,10,0.0,0.21
20.0,6,64.0,238.78351067160824,0.0,0.0,0.8,0.2,0.2,0.0,0.0,2,0,0,8,0,0.0418789386749267,0.0,1.0,0.0,0.0,0.0,0.0,0.0,1.0,0.0,0.0,0.0,0.0,0.0,1.0,1.0,641,54,66,64.1,3.5730472522297645,64.1,0.0042776107788085,10,0.9282135465286684,12.320987654320987
20.0,6,64.0,1873.377104828264,0.0,0.0,0.5,0.5,0.5,0.0,0.0,5,0,0,5,0,0.0053379535675048,0.0,1.0,0.0,0.0,0.0,0.0,0.0,1.0,0.0,0.0,0.0,0.0,0.0,1.0,1.0,600,54,66,60.0,6.324555320336759,60.0,0.0005380868911743,10,0.9293344008552924,36.0
20.0,6,64.0,642.9628721218996,0.0,0.0,0.6,0.4,0.4,0.0,0.0,4,0,0,6,0,0.0155529975891113,0.0,1.0,0.0,0.0,0.0,0.0,0.0,1.0,0.0,0.0,0.0,0.0,0.0,1.0,1.0,604,54,68,60.4,6.785605679999719,60.4,0.0015590190887451,10,0.9295222143298046,41.44
20.0,6,64.0,2736.010437051533,0.0,0.0,0.5,0.5,0.5,0.0,0.0,5,0,0,5,0,0.0036549568176269,0.0,1.0,0.0,0.0,0.0,0.0,0.0,1.0,0.0,0.0,0.0,0.0,0.0,1.0,1.0,610,54,68,61.0,7.378647873726218,61.0,0.000419282913208,10,0.9297637959978412,49.0
20.0,6,64.0,418.2884724701565,0.0,0.0,0.5,0.5,0.5,0.0,0.0,5,0,0,5,0,0.0239069461822509,0.0,1.0,0.0,0.0,0.0,0.0,0.0,1.0,0.0,0.0,0.0,0.0,0.0,1.0,1.0,602,54,68,60.2,6.696599468718766,60.2,0.0024662017822265,10,0.9294859567595772,49.0
20.0,6,64.0,719.8421061664407,0.0,0.0,0.5,0.5,0.5,0.0,0.0,5,0,0,5,0,0.0138919353485107,0.0,1.0,0.0,0.0,0.0,0.0,0.0,1.0,0.0,0.0,0.0,0.0,0.0,1.0,1.0,590,54,64,59.0,5.270462766947299,59.0,0.0020009040832519,10,0.9289050057127436,25.0
20.0,6,64.0,2941.9260714035213,0.0,0.0,0.5,0.5,0.5,0.0,0.0,5,0,0,5,0,0.0033991336822509,0.0,1.0,0.0,0.0,0.0,0.0,0.0,1.0,0.0,0.0,0.0,0.0,0.0,1.0,1.0,594,54,66,59.4,5.738757124441959,59.4,0.0007347106933593,10,0.9290957701022128,29.64
20.0,6,64.0,4152.776237623762,0.0,0.0,0.5,0.5,0.5,0.0,0.0,5,0,0,5,0,0.0024080276489257,0.0,1.0,0.0,0.0,0.0,0.0,0.0,1.0,0.0,0.0,0.0,0.0,0.0,1.0,1.0,600,54,66,60.0,6.324555320336759,60.0,0.0003165006637573,10,0.9293344008552924,36.0
20.0,6,64.0,475.6255599024777,0.0,0.0,0.5,0.5,0.5,0.0,0.0,5,0,0,5,0,0.0210249423980712,0.0,1.0,0.0,0.0,0.0,0.0,0.0,1.0,0.0,0.0,0.0,0.0,0.0,1.0,1.0,596,54,66,59.6,5.94792213951879,59.6,0.0021500825881958,10,0.9291809755627544,36.0
20.0,6,64.0,1120.9321716820782,0.0,0.0,0.6,0.4,0.4,0.0,0.0,4,0,0,6,0,0.0089211463928222,0.0,1.0,0.0,0.0,0.0,0.0,0.0,1.0,0.0,0.0,0.0,0.0,0.0,1.0,1.0,600,54,64,60.0,5.163977794943222,60.0,0.001189112663269,10,0.928861627994548,25.0
20.0,6,64.0,1208.1412564449693,0.0,0.0,0.7,0.3,0.3,0.0,0.0,3,0,0,7,0,0.0082771778106689,0.0,1.0,0.0,0.0,0.0,0.0,0.0,1.0,0.0,0.0,0.0,0.0,0.0,1.0,1.0,620,54,66,62.0,5.57773351022717,62.0,0.0008604049682617,10,0.9290301755227262,29.135802469135804
20.0,6,64.0,316.71617672599314,0.0,0.0,0.7,0.3,0.3,0.0,0.0,3,0,0,7,0,0.031574010848999,0.0,1.0,0.0,0.0,0.0,0.0,0.0,1.0,0.0,0.0,0.0,0.0,0.0,1.0,1.0,680,54,94,68.0,14.757295747452437,68.0,0.0032266855239868,10,0.9327695619956824,196.0
20.0,6,64.0,922.0885088047136,0.0,0.0,1.0,0.0,0.0,0.0,0.0,0,0,0,10,0,0.0108449459075927,0.0,1.0,0.0,0.0,0.0,0.0,0.0,1.0,0.0,0.0,0.0,0.0,0.0,1.0,1.0,944,94,96,94.4,0.8432740427115678,94.4,0.0012974977493286,10,0.0,0.64
20.0,6,64.0,234.35138985891885,0.0,0.0,1.0,0.0,0.0,0.0,0.0,0,0,0,10,0,0.0426709651947021,0.0,1.0,0.0,0.0,0.0,0.0,0.0,1.0,0.0,0.0,0.0,0.0,0.0,1.0,1.0,904,68,96,90.4,11.80583659796195,90.4,0.0042685985565185,10,0.9077094355965458,125.44
20.0,6,64.0,1323.625347134562,0.0,0.0,1.0,0.0,0.0,0.0,0.0,0,0,0,10,0,0.0075550079345703,0.0,1.0,0.0,0.0,0.0,0.0,0.0,1.0,0.0,0.0,0.0,0.0,0.0,1.0,1.0,684,68,70,68.4,0.8432740427115678,68.4,0.0009515047073364,10,0.0,0.64
20.0,6,64.0,275.6726345400531,0.0,0.0,1.0,0.0,0.0,0.0,0.0,0,0,0,10,0,0.0362749099731445,0.0,1.0,0.0,0.0,0.0,0.0,0.0,1.0,0.0,0.0,0.0,0.0,0.0,1.0,1.0,3032,70,1236,303.2,491.6287669008441,303.2,0.0036310911178588,10,1.0,217528.96
20.0,6,64.0,560.9458085914514,0.0,0.0,1.0,0.0,0.0,0.0,0.0,0,0,0,10,0,0.017827033996582,0.0,1.0,0.0,0.0,0.0,0.0,0.0,1.0,0.0,0.0,0.0,0.0,0.0,1.0,1.0,12362,1236,1237,1236.2,0.4216370213557839,1236.2,0.001892614364624,10,0.0,0.16
20.0,6,64.0,304.0077699739793,0.0,0.0,0.9,0.1,0.1,0.0,0.0,1,0,0,9,0,0.0328938961029052,0.0,1.0,0.0,0.0,0.0,0.0,0.0,1.0,0.0,0.0,0.0,0.0,0.0,1.0,1.0,10896,500,1237,1089.6,310.74648473921275,1089.6,0.0032914876937866,10,0.2933017380233657,86907.04000000001
20.0,6,64.0,524.5174763959233,0.0,0.0,0.6,0.4,0.4,0.0,0.0,4,0,0,6,0,0.0190651416778564,0.0,1.0,0.0,0.0,0.0,0.0,0.0,1.0,0.0,0.0,0.0,0.0,0.0,1.0,1.0,3216,54,500,321.6,230.31340965446773,321.6,0.0019388198852539,10,1.0,49729.0
20.0,6,64.0,793.4590719055636,0.0,0.0,0.6,0.4,0.4,0.0,0.0,4,0,0,6,0,0.0126030445098876,0.0,1.0,0.0,0.0,0.0,0.0,0.0,1.0,0.0,0.0,0.0,0.0,0.0,1.0,1.0,2776,54,502,277.6,235.69622634041284,277.6,0.0012627840042114,10,1.0,49997.44
20.0,6,64.0,2146.851614884578,0.0,0.0,0.5,0.5,0.5,0.0,0.0,5,0,0,5,0,0.0046579837799072,0.0,1.0,0.0,0.0,0.0,0.0,0.0,1.0,0.0,0.0,0.0,0.0,0.0,1.0,1.0,2780,54,502,278.0,236.116731959239,278.0,0.0005537033081054,10,1.0,50176.0
20.0,6,64.0,376.7620929710308,0.0,0.0,0.8,0.2,0.2,0.0,0.0,2,0,0,8,0,0.0265419483184814,0.0,1.0,0.0,0.0,0.0,0.0,0.0,1.0,0.0,0.0,0.0,0.0,0.0,1.0,1.0,1502,54,502,150.2,185.46925471474896,150.2,0.0029495000839233,10,1.0,50176.0
20.0,6,64.0,65331.83800623053,0.0,0.0,1.0,0.0,0.0,0.0,0.0,0,0,0,10,0,0.0001530647277832,0.0,1.0,0.0,0.0,0.0,0.0,0.0,1.0,0.0,0.0,0.0,0.0,0.0,1.0,1.0,662,65,67,66.2,1.0327955589886444,66.2,2.009868621826172e-05,10,0.9084333195989096,1.0
20.0,6,64.0,231.9922564230205,0.0,0.0,1.0,0.0,0.0,0.0,0.0,0,0,0,10,0,0.0431048870086669,0.0,1.0,0.0,0.0,0.0,0.0,0.0,1.0,0.0,0.0,0.0,0.0,0.0,1.0,1.0,664,66,67,66.4,0.5163977794943222,66.4,0.0043118953704833,10,0.0,0.25
20.0,6,64.0,1144.5461987665776,0.0,0.0,1.0,0.0,0.0,0.0,0.0,0,0,0,10,0,0.0087370872497558,0.0,1.0,0.0,0.0,0.0,0.0,0.0,1.0,0.0,0.0,0.0,0.0,0.0,1.0,1.0,672,66,68,67.2,1.0327955589886444,67.2,0.0008762121200561,10,0.9067291895989096,1.0
20.0,6,64.0,248.4232721500619,0.0,0.0,0.7,0.3,0.3,0.0,0.0,3,0,0,7,0,0.0402538776397705,0.0,1.0,0.0,0.0,0.0,0.0,0.0,1.0,0.0,0.0,0.0,0.0,0.0,1.0,1.0,632,54,68,63.2,6.408327915038888,63.2,0.0040278911590576,10,0.9293685264594702,36.96
20.0,6,64.0,2939.451958791786,0.0,0.0,0.5,0.5,0.5,0.0,0.0,5,0,0,5,0,0.0034019947052001,0.0,1.0,0.0,0.0,0.0,0.0,0.0,1.0,0.0,0.0,0.0,0.0,0.0,1.0,1.0,600,54,66,60.0,6.324555320336759,60.0,0.0018710136413574,10,0.9293344008552924,36.0
20.0,6,64.0,1752.2262606007437,0.0,0.0,0.5,0.5,0.5,0.0,0.0,5,0,0,5,0,0.0057070255279541,0.0,1.0,0.0,0.0,0.0,0.0,0.0,1.0,0.0,0.0,0.0,0.0,0.0,1.0,1.0,606,54,68,60.6,6.995236474439826,60.6,0.0006850004196166,10,0.9296076095302278,44.04
20.0,6,64.0,2680.922978587408,0.0,0.0,0.5,0.5,0.5,0.0,0.0,5,0,0,5,0,0.0037300586700439,0.0,1.0,0.0,0.0,0.0,0.0,0.0,1.0,0.0,0.0,0.0,0.0,0.0,1.0,1.0,624,54,68,62.4,7.229568912920511,62.4,0.0004113912582397,10,0.9297030671923672,49.0
20.0,6,64.0,320.33971573247385,0.0,0.0,0.6,0.4,0.4,0.0,0.0,4,0,0,6,0,0.0312168598175048,0.0,1.0,0.0,0.0,0.0,0.0,0.0,1.0,0.0,0.0,0.0,0.0,0.0,1.0,1.0,602,54,68,60.2,6.562519841239848,60.2,0.0031246900558471,10,0.9294313380825274,49.0
20.0,6,64.0,3680.5054405054407,0.0,0.0,0.6,0.4,0.4,0.0,0.0,4,0,0,6,0,0.0027170181274414,0.0,1.0,0.0,0.0,0.0,0.0,0.0,1.0,0.0,0.0,0.0,0.0,0.0,1.0,1.0,612,54,66,61.2,6.196773353931867,61.2,0.0005532026290893,10,0.9292823475934576,36.0
20.0,6,64.0,4300.968006562756,0.0,0.0,0.5,0.5,0.5,0.0,0.0,5,0,0,5,0,0.0023250579833984,0.0,1.0,0.0,0.0,0.0,0.0,0.0,1.0,0.0,0.0,0.0,0.0,0.0,1.0,1.0,624,54,68,62.4,7.229568912920511,62.4,0.000268816947937,10,0.9297030671923672,49.0
20.0,6,64.0,274.3778210982167,0.0,0.0,0.7,0.3,0.3,0.0,0.0,3,0,0,7,0,0.0364460945129394,0.0,1.0,0.0,0.0,0.0,0.0,0.0,1.0,0.0,0.0,0.0,0.0,0.0,1.0,1.0,616,54,68,61.6,6.719788356455547,61.6,0.003645896911621,10,0.9294954029848858,49.0
20.0,6,64.0,608.1257340041467,0.0,0.0,0.6,0.4,0.4,0.0,0.0,4,0,0,6,0,0.0164439678192138,0.0,1.0,0.0,0.0,0.0,0.0,0.0,1.0,0.0,0.0,0.0,0.0,0.0,1.0,1.0,600,54,64,60.0,5.163977794943222,60.0,0.0018424987792968,10,0.928861627994548,25.0
20.0,6,64.0,4342.379128274149,0.0,0.0,0.6,0.4,0.4,0.0,0.0,4,0,0,6,0,0.0023028850555419,0.0,1.0,0.0,0.0,0.0,0.0,0.0,1.0,0.0,0.0,0.0,0.0,0.0,1.0,1.0,608,54,66,60.8,5.902918298980975,60.8,0.0002348899841308,10,0.9291626427982728,31.360000000000003
20.0,6,64.0,471.2330490860269,0.0,0.0,0.6,0.4,0.4,0.0,0.0,4,0,0,6,0,0.0212209224700927,0.0,1.0,0.0,0.0,0.0,0.0,0.0,1.0,0.0,0.0,0.0,0.0,0.0,1.0,1.0,642,54,84,64.2,8.966604708583958,64.2,0.0021542072296142,10,0.9304106660940888,72.36
20.0,6,64.0,945.429627626003,0.0,0.0,0.6,0.4,0.4,0.0,0.0,4,0,0,6,0,0.0105772018432617,0.0,1.0,0.0,0.0,0.0,0.0,0.0,1.0,0.0,0.0,0.0,0.0,0.0,1.0,1.0,690,54,84,69.0,15.811388300841896,69.0,0.0010611057281494,10,0.933198957138231,225.0
20.0,6,64.0,4088.41407544595,0.0,0.0,0.5,0.5,0.5,0.0,0.0,5,0,0,5,0,0.0024459362030029,0.0,1.0,0.0,0.0,0.0,0.0,0.0,1.0,0.0,0.0,0.0,0.0,0.0,1.0,1.0,692,54,86,69.2,16.03329868326124,69.2,0.000742483139038,10,0.9332893545516132,231.36
20.0,6,64.0,1252.666726398471,0.0,0.0,0.5,0.5,0.5,0.0,0.0,5,0,0,5,0,0.0079829692840576,0.0,1.0,0.0,0.0,0.0,0.0,0.0,1.0,0.0,0.0,0.0,0.0,0.0,1.0,1.0,732,54,86,73.2,16.524728943818314,73.2,0.0008430957794189,10,0.933489543582554,256.0
20.0,6,64.0,331.67565515823435,0.0,0.0,0.5,0.5,0.5,0.0,0.0,5,0,0,5,0,0.0301499366760253,0.0,1.0,0.0,0.0,0.0,0.0,0.0,1.0,0.0,0.0,0.0,0.0,0.0,1.0,1.0,660,54,86,66.0,14.60593486680443,66.0,0.0030168056488037,10,0.9327079036273416,256.0
20.0,6,64.0,872.2868313784211,0.0,0.0,0.7,0.3,0.3,0.0,0.0,3,0,0,7,0,0.0114641189575195,0.0,1.0,0.0,0.0,0.0,0.0,0.0,1.0,0.0,0.0,0.0,0.0,0.0,1.0,1.0,624,54,66,62.4,5.796550698475776,62.4,0.0011479139328002,10,0.9291193128925312,36.0
20.0,6,64.0,1812.2640857241615,0.0,0.0,0.6,0.4,0.4,0.0,0.0,4,0,0,6,0,0.0055179595947265,0.0,1.0,0.0,0.0,0.0,0.0,0.0,1.0,0.0,0.0,0.0,0.0,0.0,1.0,1.0,608,54,68,60.8,7.192588778272627,60.8,0.000607681274414,10,0.9296880029647172,46.56
20.0,6,64.0,2729.955740692528,0.0,0.0,0.5,0.5,0.5,0.0,0.0,5,0,0,5,0,0.0036630630493164,0.0,1.0,0.0,0.0,0.0,0.0,0.0,1.0,0.0,0.0,0.0,0.0,0.0,1.0,1.0,610,54,68,61.0,7.378647873726218,61.0,0.0003682136535644,10,0.9297637959978412,49.0
20.0,6,64.0,254.0139655161972,0.0,0.0,0.5,0.5,0.5,0.0,0.0,5,0,0,5,0,0.0393679141998291,0.0,1.0,0.0,0.0,0.0,0.0,0.0,1.0,0.0,0.0,0.0,0.0,0.0,1.0,1.0,578,54,68,57.8,4.661902329879223,57.8,0.0040524959564208,10,0.9286571025330996,49.0
20.0,6,64.0,6042.794986313212,0.0,0.0,0.5,0.5,0.5,0.0,0.0,5,0,0,5,0,0.0016548633575439,0.0,1.0,0.0,0.0,0.0,0.0,0.0,1.0,0.0,0.0,0.0,0.0,0.0,1.0,1.0,570,54,60,57.0,3.1622776601683795,57.0,0.0001672983169555,10,0.9280462154276462,9.0
20.0,6,64.0,2273.212292016693,0.0,0.0,0.5,0.5,0.5,0.0,0.0,5,0,0,5,0,0.0043990612030029,0.0,1.0,0.0,0.0,0.0,0.0,0.0,1.0,0.0,0.0,0.0,0.0,0.0,1.0,1.0,578,54,62,57.8,4.049691346263317,57.8,0.0004971027374267,10,0.9284077122668138,14.76
20.0,6,64.0,2542.6188166828324,0.0,0.0,0.5,0.5,0.5,0.0,0.0,5,0,0,5,0,0.0039329528808593,0.0,1.0,0.0,0.0,0.0,0.0,0.0,1.0,0.0,0.0,0.0,0.0,0.0,1.0,1.0,580,54,62,58.0,4.216370213557839,58.0,0.0006753921508789,10,0.9284756105701948,16.0
20.0,6,64.0,284.4058694296021,0.0,0.0,0.6,0.4,0.4,0.0,0.0,4,0,0,6,0,0.035161018371582,0.0,1.0,0.0,0.0,0.0,0.0,0.0,1.0,0.0,0.0,0.0,0.0,0.0,1.0,1.0,608,54,64,60.8,4.732863826479693,60.8,0.00361909866333,10,0.9286860094083548,22.53061224489796
20.0,6,64.0,1713.1495323285544,0.0,0.0,0.8,0.2,0.2,0.0,0.0,2,0,0,8,0,0.0058372020721435,0.0,1.0,0.0,0.0,0.0,0.0,0.0,1.0,0.0,0.0,0.0,0.0,0.0,1.0,1.0,616,54,66,61.6,5.316640543300503,61.6,0.0005858182907104,10,0.9289238166917188,25.876543209876544
20.0,6,64.0,288.3337114259592,0.0,0.0,0.8,0.2,0.2,0.0,0.0,2,0,0,8,0,0.0346820354461669,0.0,1.0,0.0,0.0,0.0,0.0,0.0,1.0,0.0,0.0,0.0,0.0,0.0,1.0,1.0,636,54,66,63.6,5.059644256269407,63.6,0.0034715890884399,10,0.928819126684234,32.0
20.0,6,64.0,680.970889549137,0.0,0.0,1.0,0.0,0.0,0.0,0.0,0,0,0,10,0,0.0146849155426025,0.0,1.0,0.0,0.0,0.0,0.0,0.0,1.0,0.0,0.0,0.0,0.0,0.0,1.0,1.0,662,66,68,66.2,0.6324555320336759,66.2,0.0022717952728271,10,0.0,0.36
20.0,6,64.0,14473.098688750862,0.0,0.0,0.9,0.1,0.1,0.0,0.0,1,0,0,9,0,0.0006909370422363,0.0,1.0,0.0,0.0,0.0,0.0,0.0,1.0,0.0,0.0,0.0,0.0,0.0,1.0,1.0,666,54,68,66.6,4.427188724235731,66.6,7.750988006591797e-05,10,0.9285614895987048,17.64
20.0,6,64.0,668.1807175173644,0.0,0.0,0.5,0.5,0.5,0.0,0.0,5,0,0,5,0,0.0149660110473632,0.0,1.0,0.0,0.0,0.0,0.0,0.0,1.0,0.0,0.0,0.0,0.0,0.0,1.0,1.0,2745,54,495,274.5,232.4274080223759,274.5,0.0044679880142211,10,1.0,48620.25
20.0,6,64.0,4789.658558867192,0.0,0.0,0.6,0.4,0.4,0.0,0.0,4,0,0,6,0,0.0020878314971923,0.0,1.0,0.0,0.0,0.0,0.0,0.0,1.0,0.0,0.0,0.0,0.0,0.0,1.0,1.0,3188,54,497,318.8,227.9043659081589,318.8,0.0002377033233642,10,1.0,48620.25
20.0,6,64.0,3694.120133873525,0.0,0.0,0.5,0.5,0.5,0.0,0.0,5,0,0,5,0,0.0027070045471191,0.0,1.0,0.0,0.0,0.0,0.0,0.0,1.0,0.0,0.0,0.0,0.0,0.0,1.0,1.0,2755,54,497,275.5,233.48150057576527,275.5,0.0002727031707763,10,1.0,49062.25
20.0,6,64.0,353.08264094081204,0.0,0.0,0.5,0.5,0.5,0.0,0.0,5,0,0,5,0,0.0283219814300537,0.0,1.0,0.0,0.0,0.0,0.0,0.0,1.0,0.0,0.0,0.0,0.0,0.0,1.0,1.0,2352,54,497,235.2,225.650073245181,235.2,0.0031572103500366,10,1.0,49062.25
20.0,6,64.0,688.7537973956024,0.0,0.0,0.5,0.5,0.5,0.0,0.0,5,0,0,5,0,0.0145189762115478,0.0,1.0,0.0,0.0,0.0,0.0,0.0,1.0,0.0,0.0,0.0,0.0,0.0,1.0,1.0,740,54,94,74.0,21.081851067789195,74.0,0.0017804861068725,10,0.9353459328509748,400.0
20.0,6,64.0,1037.4493556605407,0.0,0.0,0.5,0.5,0.5,0.0,0.0,5,0,0,5,0,0.009639024734497,0.0,1.0,0.0,0.0,0.0,0.0,0.0,1.0,0.0,0.0,0.0,0.0,0.0,1.0,1.0,742,54,96,74.2,21.30101719010933,74.2,0.0011109113693237,10,0.935435212362563,408.36
20.0,6,64.0,2630.8122687072696,0.0,0.0,0.5,0.5,0.5,0.0,0.0,5,0,0,5,0,0.0038011074066162,0.0,1.0,0.0,0.0,0.0,0.0,0.0,1.0,0.0,0.0,0.0,0.0,0.0,1.0,1.0,792,54,96,79.2,21.68870673876153,79.2,0.0004333972930908,10,0.935593141577102,441.0
20.0,6,64.0,435.9394260650848,0.0,0.0,0.6,0.4,0.4,0.0,0.0,4,0,0,6,0,0.0229389667510986,0.0,1.0,0.0,0.0,0.0,0.0,0.0,1.0,0.0,0.0,0.0,0.0,0.0,1.0,1.0,690,54,96,69.0,19.235384061671343,69.0,0.0022969007492065,10,0.9345937560513624,441.0
20.0,6,64.0,4828.809578632282,0.0,0.0,0.5,0.5,0.5,0.0,0.0,5,0,0,5,0,0.0020709037780761,0.0,1.0,0.0,0.0,0.0,0.0,0.0,1.0,0.0,0.0,0.0,0.0,0.0,1.0,1.0,612,54,66,61.2,6.196773353931867,61.2,0.0009260892868041,10,0.9292823475934576,36.0
20.0,6,64.0,716.1303761375472,0.0,0.0,0.5,0.5,0.5,0.0,0.0,5,0,0,5,0,0.0139639377593994,0.0,1.0,0.0,0.0,0.0,0.0,0.0,1.0,0.0,0.0,0.0,0.0,0.0,1.0,1.0,606,54,68,60.6,6.995236474439826,60.6,0.0013983964920043,10,0.9296076095302278,44.04
20.0,6,64.0,1732.8254492873373,0.0,0.0,0.5,0.5,0.5,0.0,0.0,5,0,0,5,0,0.0057709217071533,0.0,1.0,0.0,0.0,0.0,0.0,0.0,1.0,0.0,0.0,0.0,0.0,0.0,1.0,1.0,610,54,68,61.0,7.378647873726218,61.0,0.0005810022354125,10,0.9297637959978412,49.0
20.0,6,64.0,286.3866280657672,0.0,0.0,0.8,0.2,0.2,0.0,0.0,2,0,0,8,0,0.0349178314208984,0.0,1.0,0.0,0.0,0.0,0.0,0.0,1.0,0.0,0.0,0.0,0.0,0.0,1.0,1.0,578,54,68,57.8,5.4528280124476085,57.8,0.0034955978393554,10,0.9289792940191508,49.0
20.0,6,64.0,69442.11920529802,0.0,0.0,1.0,0.0,0.0,0.0,0.0,0,0,0,10,0,0.0001440048217773,0.0,1.0,0.0,0.0,0.0,0.0,0.0,1.0,0.0,0.0,0.0,0.0,0.0,1.0,1.0,570,56,58,57.0,1.0540925533894598,57.0,1.900196075439453e-05,10,0.9237791651425488,1.0
20.0,6,64.0,199.3376803604357,0.0,0.0,0.8,0.2,0.2,0.0,0.0,2,0,0,8,0,0.0501661300659179,0.0,1.0,0.0,0.0,0.0,0.0,0.0,1.0,0.0,0.0,0.0,0.0,0.0,1.0,1.0,608,54,66,60.8,4.638007234913623,60.8,0.0050181150436401,10,0.9286473686272144,19.36
20.0,6,64.0,3473.256045048029,0.0,0.0,0.9,0.1,0.1,0.0,0.0,1,0,0,9,0,0.0028791427612304,0.0,1.0,0.0,0.0,0.0,0.0,0.0,1.0,0.0,0.0,0.0,0.0,0.0,1.0,1.0,640,54,68,64.0,5.333333333333333,64.0,0.0002917051315307,10,0.9289306166666668,36.0
20.0,6,64.0,294.430100733565,0.0,0.0,0.9,0.1,0.1,0.0,0.0,1,0,0,9,0,0.033963918685913,0.0,1.0,0.0,0.0,0.0,0.0,0.0,1.0,0.0,0.0,0.0,0.0,0.0,1.0,1.0,664,54,68,66.4,4.402019738458447,66.4,0.0033984899520874,10,0.9285512367606584,36.75
20.0,6,64.0,648.0491950186954,0.0,0.0,1.0,0.0,0.0,0.0,0.0,0,0,0,10,0,0.0154309272766113,0.0,1.0,0.0,0.0,0.0,0.0,0.0,1.0,0.0,0.0,0.0,0.0,0.0,1.0,1.0,662,66,68,66.2,0.6324555320336759,66.2,0.0017972946166992,10,0.0,0.36
20.0,6,64.0,296.41933865257,0.0,0.0,1.0,0.0,0.0,0.0,0.0,0,0,0,10,0,0.0337359905242919,0.0,1.0,0.0,0.0,0.0,0.0,0.0,1.0,0.0,0.0,0.0,0.0,0.0,1.0,1.0,690,68,78,69.0,3.1622776601683795,69.0,0.0033750057220458,10,0.9041883954276464,9.0
20.0,6,64.0,970.3197149863508,0.0,0.0,1.0,0.0,0.0,0.0,0.0,0,0,0,10,0,0.0103058815002441,0.0,1.0,0.0,0.0,0.0,0.0,0.0,1.0,0.0,0.0,0.0,0.0,0.0,1.0,1.0,782,78,80,78.2,0.6324555320336759,78.2,0.0012151956558227,10,0.0,0.36
20.0,6,64.0,234.4011579494459,0.0,0.0,1.0,0.0,0.0,0.0,0.0,0,0,0,10,0,0.0426619052886962,0.0,1.0,0.0,0.0,0.0,0.0,0.0,1.0,0.0,0.0,0.0,0.0,0.0,1.0,1.0,926,80,206,92.6,39.844698518121575,92.6,0.0042685985565185,10,0.8986817863883421,1428.84
20.0,6,64.0,499.6252486628787,0.0,0.0,0.9,0.1,0.1,0.0,0.0,1,0,0,9,0,0.020015001296997,0.0,1.0,0.0,0.0,0.0,0.0,0.0,1.0,0.0,0.0,0.0,0.0,0.0,1.0,1.0,1908,54,206,190.8,48.066620434559375,190.8,0.0021347999572753,10,0.946338448500222,5776.0
20.0,6,64.0,28416.69376693767,0.0,0.0,1.0,0.0,0.0,0.0,0.0,0,0,0,10,0,0.0003519058227539,0.0,1.0,0.0,0.0,0.0,0.0,0.0,1.0,0.0,0.0,0.0,0.0,0.0,1.0,1.0,2080,208,208,208.0,0.0,208.0,4.1103363037109376e-05,10,0.0,0.0
20.0,6,64.0,1009.7024554646124,0.0,0.0,0.7,0.3,0.3,0.0,0.0,3,0,0,7,0,0.0099039077758789,0.0,1.0,0.0,0.0,0.0,0.0,0.0,1.0,0.0,0.0,0.0,0.0,0.0,1.0,1.0,610,54,64,61.0,4.83045891539648,61.0,0.0035389900207519,10,0.928725765743776,25.0
20.0,6,64.0,3788.208092485549,0.0,0.0,0.6,0.4,0.4,0.0,0.0,4,0,0,6,0,0.0026397705078125,0.0,1.0,0.0,0.0,0.0,0.0,0.0,1.0,0.0,0.0,0.0,0.0,0.0,1.0,1.0,618,54,66,61.8,5.452828012447608,61.8,0.001614499092102,10,0.9289792940191508,27.55555555555556
20.0,6,64.0,2431.9035194526587,0.0,0.0,0.6,0.4,0.4,0.0,0.0,4,0,0,6,0,0.0041120052337646,0.0,1.0,0.0,0.0,0.0,0.0,0.0,1.0,0.0,0.0,0.0,0.0,0.0,1.0,1.0,600,54,66,60.0,6.324555320336759,60.0,0.0004125118255615,10,0.9293344008552924,36.0
20.0,6,64.0,271.3337344175545,0.0,0.0,0.5,0.5,0.5,0.0,0.0,5,0,0,5,0,0.0368549823760986,0.0,1.0,0.0,0.0,0.0,0.0,0.0,1.0,0.0,0.0,0.0,0.0,0.0,1.0,1.0,7037,54,1351,703.7,682.3234895886587,703.7,0.0037739992141723,10,1.0,419008.81
20.0,6,64.0,617.2814505209866,0.0,0.0,0.5,0.5,0.5,0.0,0.0,5,0,0,5,0,0.0162000656127929,0.0,1.0,0.0,0.0,0.0,0.0,0.0,1.0,0.0,0.0,0.0,0.0,0.0,1.0,1.0,7025,54,1351,702.5,683.5790208730647,702.5,0.001623511314392,10,1.0,420552.25
20.0,6,64.0,1607.4441421070785,0.0,0.0,0.5,0.5,0.5,0.0,0.0,5,0,0,5,0,0.006221055984497,0.0,1.0,0.0,0.0,0.0,0.0,0.0,1.0,0.0,0.0,0.0,0.0,0.0,1.0,1.0,7035,54,1353,703.5,684.6331134264541,703.5,0.0006258010864257,10,1.0,421850.25
20.0,6,64.0,2131.252032520325,0.0,0.0,0.6,0.4,0.4,0.0,0.0,4,0,0,6,0,0.0046920776367187,0.0,1.0,0.0,0.0,0.0,0.0,0.0,1.0,0.0,0.0,0.0,0.0,0.0,1.0,1.0,7035,54,1353,703.5,684.6331134264541,703.5,0.0004730939865112,10,1.0,421850.25
20.0,6,64.0,470.4771733034212,0.0,0.0,1.0,0.0,0.0,0.0,0.0,0,0,0,10,0,0.0212550163269042,0.0,1.0,0.0,0.0,0.0,0.0,0.0,1.0,0.0,0.0,0.0,0.0,0.0,1.0,1.0,660,66,66,66.0,0.0,66.0,0.0029849052429199,10,0.0,0.0
20.0,6,64.0,62508.2563338301,0.0,0.0,1.0,0.0,0.0,0.0,0.0,0,0,0,10,0,0.0001599788665771,0.0,1.0,0.0,0.0,0.0,0.0,0.0,1.0,0.0,0.0,0.0,0.0,0.0,1.0,1.0,680,68,68,68.0,0.0,68.0,1.7595291137695312e-05,10,0.0,0.0
20.0,6,64.0,442.4184633559765,0.0,0.0,1.0,0.0,0.0,0.0,0.0,0,0,0,10,0,0.0226030349731445,0.0,1.0,0.0,0.0,0.0,0.0,0.0,1.0,0.0,0.0,0.0,0.0,0.0,1.0,1.0,800,80,80,80.0,0.0,80.0,0.0056335926055908,10,0.0,0.0
20.0,6,64.0,41323.1921182266,0.0,0.0,1.0,0.0,0.0,0.0,0.0,0,0,0,10,0,0.000241994857788,0.0,1.0,0.0,0.0,0.0,0.0,0.0,1.0,0.0,0.0,0.0,0.0,0.0,1.0,1.0,820,82,82,82.0,0.0,82.0,2.6702880859375e-05,10,0.0,0.0
20.0,6,64.0,1658.08981657179,0.0,0.0,1.0,0.0,0.0,0.0,0.0,0,0,0,10,0,0.0060310363769531,0.0,1.0,0.0,0.0,0.0,0.0,0.0,1.0,0.0,0.0,0.0,0.0,0.0,1.0,1.0,750,75,75,75.0,0.0,75.0,0.0034508943557739,10,0.0,0.0
20.0,6,64.0,43464.290155440416,0.0,0.0,1.0,0.0,0.0,0.0,0.0,0,0,0,10,0,0.000230073928833,0.0,1.0,0.0,0.0,0.0,0.0,0.0,1.0,0.0,0.0,0.0,0.0,0.0,1.0,1.0,770,77,77,77.0,0.0,77.0,0.0007019996643066,10,0.0,0.0
20.0,6,64.0,823.5914151628803,0.0,0.0,0.5,0.5,0.5,0.0,0.0,5,0,0,5,0,0.0121419429779052,0.0,1.0,0.0,0.0,0.0,0.0,0.0,1.0,0.0,0.0,0.0,0.0,0.0,1.0,1.0,600,54,66,60.0,6.324555320336759,60.0,0.0048906087875366,10,0.9293344008552924,36.0
20.0,6,64.0,752.6655421167857,0.0,0.0,0.5,0.5,0.5,0.0,0.0,5,0,0,5,0,0.0132861137390136,0.0,1.0,0.0,0.0,0.0,0.0,0.0,1.0,0.0,0.0,0.0,0.0,0.0,1.0,1.0,614,54,68,61.4,6.397916327472042,61.4,0.0014096975326538,10,0.929364285195159,36.84
20.0,6,64.0,561.3211637804127,0.0,0.0,0.5,0.5,0.5,0.0,0.0,5,0,0,5,0,0.0178151130676269,0.0,1.0,0.0,0.0,0.0,0.0,0.0,1.0,0.0,0.0,0.0,0.0,0.0,1.0,1.0,610,54,68,61.0,7.378647873726218,61.0,0.0017853021621704,10,0.9297637959978412,49.0
20.0,6,64.0,622.9750323050188,0.0,0.0,0.5,0.5,0.5,0.0,0.0,5,0,0,5,0,0.0160520076751709,0.0,1.0,0.0,0.0,0.0,0.0,0.0,1.0,0.0,0.0,0.0,0.0,0.0,1.0,1.0,608,54,68,60.8,7.192588778272627,60.8,0.0016093969345092,10,0.9296880029647172,49.0
20.0,6,64.0,480.7941584419455,0.0,0.0,0.6,0.4,0.4,0.0,0.0,4,0,0,6,0,0.020798921585083,0.0,1.0,0.0,0.0,0.0,0.0,0.0,1.0,0.0,0.0,0.0,0.0,0.0,1.0,1.0,600,54,66,60.0,6.324555320336759,60.0,0.0020840883255004,10,0.9293344008552924,36.0
20.0,6,64.0,2583.3357969943336,0.0,0.0,0.5,0.5,0.5,0.0,0.0,5,0,0,5,0,0.0038709640502929,0.0,1.0,0.0,0.0,0.0,0.0,0.0,1.0,0.0,0.0,0.0,0.0,0.0,1.0,1.0,601,54,67,60.1,6.4368729468068056,60.1,0.0004939079284667,10,0.9293801545636112,37.29
20.0,6,64.0,2063.110673880964,0.0,0.0,0.5,0.5,0.5,0.0,0.0,5,0,0,5,0,0.0048470497131347,0.0,1.0,0.0,0.0,0.0,0.0,0.0,1.0,0.0,0.0,0.0,0.0,0.0,1.0,1.0,605,54,67,60.5,6.851601597031489,60.5,0.0005943059921264,10,0.9295490984265669,42.25
20.0,6,64.0,819.4720903424966,0.0,0.0,0.5,0.5,0.5,0.0,0.0,5,0,0,5,0,0.0122029781341552,0.0,1.0,0.0,0.0,0.0,0.0,0.0,1.0,0.0,0.0,0.0,0.0,0.0,1.0,1.0,602,54,67,60.2,6.596295256514153,60.2,0.0013218879699707,10,0.9294450968356937,42.25
20.0,6,64.0,578.4369268111045,0.0,0.0,0.5,0.5,0.5,0.0,0.0,5,0,0,5,0,0.0172879695892334,0.0,1.0,0.0,0.0,0.0,0.0,0.0,1.0,0.0,0.0,0.0,0.0,0.0,1.0,1.0,600,54,64,60.0,5.163977794943222,60.0,0.0020198106765747,10,0.928861627994548,25.0
20.0,6,64.0,2615.0657771681526,0.0,0.0,0.5,0.5,0.5,0.0,0.0,5,0,0,5,0,0.0038239955902099,0.0,1.0,0.0,0.0,0.0,0.0,0.0,1.0,0.0,0.0,0.0,0.0,0.0,1.0,1.0,594,54,66,59.4,5.738757124441959,59.4,0.0003854036331176,10,0.9290957701022128,29.64
20.0,6,64.0,1707.361393796304,0.0,0.0,0.5,0.5,0.5,0.0,0.0,5,0,0,5,0,0.0058569908142089,0.0,1.0,0.0,0.0,0.0,0.0,0.0,1.0,0.0,0.0,0.0,0.0,0.0,1.0,1.0,600,54,66,60.0,6.324555320336759,60.0,0.000588583946228,10,0.9293344008552924,36.0
20.0,6,64.0,260.2409877768816,0.0,0.0,0.7,0.3,0.3,0.0,0.0,3,0,0,7,0,0.0384259223937988,0.0,1.0,0.0,0.0,0.0,0.0,0.0,1.0,0.0,0.0,0.0,0.0,0.0,1.0,1.0,612,54,66,61.2,6.196773353931867,61.2,0.0038454055786132,10,0.9292823475934576,36.0
20.0,6,64.0,3861.091779434779,0.0,0.0,0.6,0.4,0.4,0.0,0.0,4,0,0,6,0,0.0025899410247802,0.0,1.0,0.0,0.0,0.0,0.0,0.0,1.0,0.0,0.0,0.0,0.0,0.0,1.0,1.0,612,54,66,61.2,6.196773353931867,61.2,0.0002759933471679,10,0.9292823475934576,34.56
20.0,6,64.0,2564.852932183697,0.0,0.0,0.5,0.5,0.5,0.0,0.0,5,0,0,5,0,0.0038988590240478,0.0,1.0,0.0,0.0,0.0,0.0,0.0,1.0,0.0,0.0,0.0,0.0,0.0,1.0,1.0,617,54,67,61.7,6.634087059355726,61.7,0.0004806041717529,10,0.9294604917044992,40.543209876543216
20.0,6,64.0,1216.2338340196022,0.0,0.0,0.6,0.4,0.4,0.0,0.0,4,0,0,6,0,0.0082221031188964,0.0,1.0,0.0,0.0,0.0,0.0,0.0,1.0,0.0,0.0,0.0,0.0,0.0,1.0,1.0,605,54,67,60.5,6.851601597031489,60.5,0.0008252143859863,10,0.9295490984265669,42.25
20.0,6,64.0,599.6574451354636,0.0,0.0,1.0,0.0,0.0,0.0,0.0,0,0,0,10,0,0.0166761875152587,0.0,1.0,0.0,0.0,0.0,0.0,0.0,1.0,0.0,0.0,0.0,0.0,0.0,1.0,1.0,640,64,64,64.0,0.0,64.0,0.0037122011184692,10,0.0,0.0
20.0,6,64.0,44667.77422790202,0.0,0.0,1.0,0.0,0.0,0.0,0.0,0,0,0,10,0,0.0002238750457763,0.0,1.0,0.0,0.0,0.0,0.0,0.0,1.0,0.0,0.0,0.0,0.0,0.0,1.0,1.0,660,66,66,66.0,0.0,66.0,2.3984909057617183e-05,10,0.0,0.0
20.0,6,64.0,1137.65433438212,0.0,0.0,1.0,0.0,0.0,0.0,0.0,0,0,0,10,0,0.0087900161743164,0.0,1.0,0.0,0.0,0.0,0.0,0.0,1.0,0.0,0.0,0.0,0.0,0.0,1.0,1.0,640,64,64,64.0,0.0,64.0,0.0041140079498291,10,0.0,0.0
20.0,6,64.0,1187.2127713776215,0.0,0.0,1.0,0.0,0.0,0.0,0.0,0,0,0,10,0,0.0084230899810791,0.0,1.0,0.0,0.0,0.0,0.0,0.0,1.0,0.0,0.0,0.0,0.0,0.0,1.0,1.0,660,66,66,66.0,0.0,66.0,0.0009181976318359,10,0.0,0.0
20.0,6,64.0,690.7956585470297,0.0,0.0,0.6,0.4,0.4,0.0,0.0,4,0,0,6,0,0.0144760608673095,0.0,1.0,0.0,0.0,0.0,0.0,0.0,1.0,0.0,0.0,0.0,0.0,0.0,1.0,1.0,1135,54,139,113.5,41.05890078087008,113.5,0.0051090002059936,10,0.9434837838220952,1605.5555555555557
20.0,6,64.0,725.6330230787862,0.0,0.0,0.6,0.4,0.4,0.0,0.0,4,0,0,6,0,0.0137810707092285,0.0,1.0,0.0,0.0,0.0,0.0,0.0,1.0,0.0,0.0,0.0,0.0,0.0,1.0,1.0,1056,54,141,105.6,44.41771418402047,105.6,0.0013818979263305,10,0.9448520300500026,1818.2222222222224
20.0,6,64.0,1268.8864014521253,0.0,0.0,0.5,0.5,0.5,0.0,0.0,5,0,0,5,0,0.0078809261322021,0.0,1.0,0.0,0.0,0.0,0.0,0.0,1.0,0.0,0.0,0.0,0.0,0.0,1.0,1.0,975,54,141,97.5,45.8530260724415,97.5,0.0007910966873168,10,0.9454367187008698,1892.25
20.0,6,64.0,303.84920203710544,0.0,0.0,0.5,0.5,0.5,0.0,0.0,5,0,0,5,0,0.0329110622406005,0.0,1.0,0.0,0.0,0.0,0.0,0.0,1.0,0.0,0.0,0.0,0.0,0.0,1.0,1.0,750,54,141,75.0,35.21363372331802,75.0,0.0032941102981567,10,0.9411026558335308,1892.25
20.0,6,64.0,3000.217453505007,0.0,0.0,0.6,0.4,0.4,0.0,0.0,4,0,0,6,0,0.0033330917358398,0.0,1.0,0.0,0.0,0.0,0.0,0.0,1.0,0.0,0.0,0.0,0.0,0.0,1.0,1.0,600,54,66,60.0,6.324555320336759,60.0,0.0003365039825439,10,0.9293344008552924,36.0
20.0,6,64.0,3250.8944349713224,0.0,0.0,0.5,0.5,0.5,0.0,0.0,5,0,0,5,0,0.0030760765075683,0.0,1.0,0.0,0.0,0.0,0.0,0.0,1.0,0.0,0.0,0.0,0.0,0.0,1.0,1.0,606,54,68,60.6,6.995236474439826,60.6,0.0003839015960693,10,0.9296076095302278,44.04
20.0,6,64.0,2992.0844628335,0.0,0.0,0.5,0.5,0.5,0.0,0.0,5,0,0,5,0,0.0033421516418457,0.0,1.0,0.0,0.0,0.0,0.0,0.0,1.0,0.0,0.0,0.0,0.0,0.0,1.0,1.0,610,54,68,61.0,7.378647873726218,61.0,0.0004148006439208,10,0.9297637959978412,49.0
20.0,6,64.0,309.943026048402,0.0,0.0,0.8,0.2,0.2,0.0,0.0,2,0,0,8,0,0.0322639942169189,0.0,1.0,0.0,0.0,0.0,0.0,0.0,1.0,0.0,0.0,0.0,0.0,0.0,1.0,1.0,640,54,68,64.0,5.333333333333333,64.0,0.0033127784729003,10,0.9289306166666668,49.0
20.0,6,64.0,1632.4060091850238,0.0,0.0,1.0,0.0,0.0,0.0,0.0,0,0,0,10,0,0.0061259269714355,0.0,1.0,0.0,0.0,0.0,0.0,0.0,1.0,0.0,0.0,0.0,0.0,0.0,1.0,1.0,672,66,68,67.2,1.0327955589886444,67.2,0.0009067058563232,10,0.9067291895989096,1.0
20.0,6,64.0,208.02602864738324,0.0,0.0,0.7,0.3,0.3,0.0,0.0,3,0,0,7,0,0.0480709075927734,0.0,1.0,0.0,0.0,0.0,0.0,0.0,1.0,0.0,0.0,0.0,0.0,0.0,1.0,1.0,644,54,68,64.4,5.561774297230456,64.4,0.0048115968704223,10,0.9290236743777198,30.61728395061728
20.0,6,64.0,2077.725268737306,0.0,0.0,0.6,0.4,0.4,0.0,0.0,4,0,0,6,0,0.0048129558563232,0.0,1.0,0.0,0.0,0.0,0.0,0.0,1.0,0.0,0.0,0.0,0.0,0.0,1.0,1.0,600,54,66,60.0,6.324555320336759,60.0,0.0004846096038818,10,0.9293344008552924,36.0
20.0,6,64.0,2179.0856192851206,0.0,0.0,0.5,0.5,0.5,0.0,0.0,5,0,0,5,0,0.0045890808105468,0.0,1.0,0.0,0.0,0.0,0.0,0.0,1.0,0.0,0.0,0.0,0.0,0.0,1.0,1.0,622,54,68,62.2,7.083627444874398,62.2,0.000545597076416,10,0.929643616475944,46.02469135802469
20.0,6,64.0,2348.5659891371297,0.0,0.0,0.5,0.5,0.5,0.0,0.0,5,0,0,5,0,0.0042579174041748,0.0,1.0,0.0,0.0,0.0,0.0,0.0,1.0,0.0,0.0,0.0,0.0,0.0,1.0,1.0,610,54,68,61.0,7.378647873726218,61.0,0.0004287958145141,10,0.9297637959978412,49.0
20.0,6,64.0,307.286274222499,0.0,0.0,1.0,0.0,0.0,0.0,0.0,0,0,0,10,0,0.0325429439544677,0.0,1.0,0.0,0.0,0.0,0.0,0.0,1.0,0.0,0.0,0.0,0.0,0.0,1.0,1.0,648,54,66,64.8,3.794733192202056,64.8,0.0032578945159912,10,0.9283038525131756,36.0
20.0,6,64.0,1047.0054917623563,0.0,0.0,1.0,0.0,0.0,0.0,0.0,0,0,0,10,0,0.0095510482788085,0.0,1.0,0.0,0.0,0.0,0.0,0.0,1.0,0.0,0.0,0.0,0.0,0.0,1.0,1.0,678,66,68,67.8,0.6324555320336757,67.8,0.001098608970642,10,0.0,1.0
20.0,6,64.0,193.7457098644248,0.0,0.0,0.7,0.3,0.3,0.0,0.0,3,0,0,7,0,0.0516140460968017,0.0,1.0,0.0,0.0,0.0,0.0,0.0,1.0,0.0,0.0,0.0,0.0,0.0,1.0,1.0,626,54,68,62.6,5.966573556070519,62.6,0.0051644086837768,10,0.9291885734038008,36.4375
20.0,6,64.0,7793.206986250464,0.0,0.0,0.8,0.2,0.2,0.0,0.0,2,0,0,8,0,0.0012831687927246,0.0,1.0,0.0,0.0,0.0,0.0,0.0,1.0,0.0,0.0,0.0,0.0,0.0,1.0,1.0,644,54,68,64.4,5.561774297230456,64.4,0.0003051996231079,10,0.9290236743777198,29.33333333333333
20.0,6,64.0,3502.550313152401,0.0,0.0,0.6,0.4,0.4,0.0,0.0,4,0,0,6,0,0.0028550624847412,0.0,1.0,0.0,0.0,0.0,0.0,0.0,1.0,0.0,0.0,0.0,0.0,0.0,1.0,1.0,624,54,68,62.4,7.229568912920511,62.4,0.0003947019577026,10,0.9297030671923672,47.04
20.0,6,64.0,957.5817903700828,0.0,0.0,0.6,0.4,0.4,0.0,0.0,4,0,0,6,0,0.0104429721832275,0.0,1.0,0.0,0.0,0.0,0.0,0.0,1.0,0.0,0.0,0.0,0.0,0.0,1.0,1.0,612,54,66,61.2,6.196773353931867,61.2,0.0039095878601074,10,0.9292823475934576,36.0
20.0,6,64.0,5110.019493177388,0.0,0.0,0.7,0.3,0.3,0.0,0.0,3,0,0,7,0,0.0019569396972656,0.0,1.0,0.0,0.0,0.0,0.0,0.0,1.0,0.0,0.0,0.0,0.0,0.0,1.0,1.0,630,54,68,63.0,6.27162924074226,63.0,0.0001985073089599,10,0.9293128408875088,36.24691358024691
20.0,6,64.0,8388.608,0.0,0.0,0.6,0.4,0.4,0.0,0.0,4,0,0,6,0,0.0011920928955078,0.0,1.0,0.0,0.0,0.0,0.0,0.0,1.0,0.0,0.0,0.0,0.0,0.0,1.0,1.0,638,54,68,63.8,6.762642481555072,63.8,0.0001702070236206,10,0.9295128600412864,43.55555555555557
20.0,6,64.0,262.6183544026398,0.0,0.0,0.6,0.4,0.4,0.0,0.0,4,0,0,6,0,0.0380780696868896,0.0,1.0,0.0,0.0,0.0,0.0,0.0,1.0,0.0,0.0,0.0,0.0,0.0,1.0,1.0,7300,54,1406,730.0,712.5665660912748,730.0,0.0038095951080322,10,1.0,456976.0
20.0,6,64.0,1106.3262291622705,0.0,0.0,0.5,0.5,0.5,0.0,0.0,5,0,0,5,0,0.0090389251708984,0.0,1.0,0.0,0.0,0.0,0.0,0.0,1.0,0.0,0.0,0.0,0.0,0.0,1.0,1.0,8652,54,1406,865.2,698.1697978763236,865.2,0.0014030933380126,10,1.0,451334.3209876543
20.0,6,64.0,2719.512416520781,0.0,0.0,0.5,0.5,0.5,0.0,0.0,5,0,0,5,0,0.0036771297454833,0.0,1.0,0.0,0.0,0.0,0.0,0.0,1.0,0.0,0.0,0.0,0.0,0.0,1.0,1.0,7300,54,1406,730.0,712.5665660912748,730.0,0.0003694057464599,10,1.0,456976.0
20.0,6,64.0,352.32336808151405,0.0,0.0,0.6,0.4,0.4,0.0,0.0,4,0,0,6,0,0.0283830165863037,0.0,1.0,0.0,0.0,0.0,0.0,0.0,1.0,0.0,0.0,0.0,0.0,0.0,1.0,1.0,5958,54,1406,595.8,697.315774157511,595.8,0.0028421878814697,10,1.0,456976.0
20.0,6,64.0,812.2829034007282,0.0,0.0,1.0,0.0,0.0,0.0,0.0,0,0,0,10,0,0.0123109817504882,0.0,1.0,0.0,0.0,0.0,0.0,0.0,1.0,0.0,0.0,0.0,0.0,0.0,1.0,1.0,642,64,66,64.2,0.6324555320336759,64.2,0.0014878988265991,10,0.0,0.36
20.0,6,64.0,188.81099111833367,0.0,0.0,1.0,0.0,0.0,0.0,0.0,0,0,0,10,0,0.0529630184173584,0.0,1.0,0.0,0.0,0.0,0.0,0.0,1.0,0.0,0.0,0.0,0.0,0.0,1.0,1.0,658,64,66,65.8,0.6324555320336759,65.8,0.0055637121200561,10,0.0,0.36
20.0,6,64.0,74631.743772242,0.0,0.0,1.0,0.0,0.0,0.0,0.0,0,0,0,10,0,0.000133991241455,0.0,1.0,0.0,0.0,0.0,0.0,0.0,1.0,0.0,0.0,0.0,0.0,0.0,1.0,1.0,642,64,66,64.2,0.6324555320336759,64.2,1.800060272216797e-05,10,0.0,0.36
20.0,6,64.0,310.2800751601592,0.0,0.0,1.0,0.0,0.0,0.0,0.0,0,0,0,10,0,0.032228946685791,0.0,1.0,0.0,0.0,0.0,0.0,0.0,1.0,0.0,0.0,0.0,0.0,0.0,1.0,1.0,660,66,66,66.0,0.0,66.0,0.0032243013381958,10,0.0,0.0
20.0,6,64.0,496.6200551760067,0.0,0.0,1.0,0.0,0.0,0.0,0.0,0,0,0,10,0,0.0201361179351806,0.0,1.0,0.0,0.0,0.0,0.0,0.0,1.0,0.0,0.0,0.0,0.0,0.0,1.0,1.0,661,66,67,66.1,0.3162277660168379,66.1,0.0026916027069091,10,0.0,0.09
20.0,6,64.0,374.7859032096648,0.0,0.0,1.0,0.0,0.0,0.0,0.0,0,0,0,10,0,0.026681900024414,0.0,1.0,0.0,0.0,0.0,0.0,0.0,1.0,0.0,0.0,0.0,0.0,0.0,1.0,1.0,1827,67,1224,182.7,365.8755252814815,182.7,0.002669882774353,10,1.0,120478.41
20.0,6,64.0,2083.401549771508,0.0,0.0,1.0,0.0,0.0,0.0,0.0,0,0,0,10,0,0.0047998428344726,0.0,1.0,0.0,0.0,0.0,0.0,0.0,1.0,0.0,0.0,0.0,0.0,0.0,1.0,1.0,12241,1224,1225,1224.1,0.3162277660168379,1224.1,0.0009711980819702,10,0.0,0.09
20.0,6,64.0,313.32342285138014,0.0,0.0,1.0,0.0,0.0,0.0,0.0,0,0,0,10,0,0.0319159030914306,0.0,1.0,0.0,0.0,0.0,0.0,0.0,1.0,0.0,0.0,0.0,0.0,0.0,1.0,1.0,11094,69,1225,1109.4,365.5592975154646,1109.4,0.0041794061660766,10,1.0,120270.24
20.0,6,64.0,963.6761327083908,0.0,0.0,1.0,0.0,0.0,0.0,0.0,0,0,0,10,0,0.0103769302368164,0.0,1.0,0.0,0.0,0.0,0.0,0.0,1.0,0.0,0.0,0.0,0.0,0.0,1.0,1.0,692,69,71,69.2,0.6324555320336759,69.2,0.0012799024581909,10,0.0,0.36
20.0,6,64.0,263.7827503364653,0.0,0.0,1.0,0.0,0.0,0.0,0.0,0,0,0,10,0,0.037909984588623,0.0,1.0,0.0,0.0,0.0,0.0,0.0,1.0,0.0,0.0,0.0,0.0,0.0,1.0,1.0,733,71,94,73.3,7.273238618387273,73.3,0.0037925004959106,10,0.9007506464835864,47.61
20.0,6,64.0,676.2279725916969,0.0,0.0,1.0,0.0,0.0,0.0,0.0,0,0,0,10,0,0.0147879123687744,0.0,1.0,0.0,0.0,0.0,0.0,0.0,1.0,0.0,0.0,0.0,0.0,0.0,1.0,1.0,942,94,96,94.2,0.6324555320336759,94.2,0.0016916036605834,10,0.0,0.36
20.0,6,64.0,296.53250380006364,0.0,0.0,1.0,0.0,0.0,0.0,0.0,0,0,0,10,0,0.0337231159210205,0.0,1.0,0.0,0.0,0.0,0.0,0.0,1.0,0.0,0.0,0.0,0.0,0.0,1.0,1.0,939,75,96,93.9,6.640783086353596,93.9,0.0033749103546142,10,0.8936764893980571,39.69
20.0,6,64.0,1001.290076153644,0.0,0.0,1.0,0.0,0.0,0.0,0.0,0,0,0,10,0,0.0099871158599853,0.0,1.0,0.0,0.0,0.0,0.0,0.0,1.0,0.0,0.0,0.0,0.0,0.0,1.0,1.0,752,75,77,75.2,0.6324555320336759,75.2,0.0012368917465209,10,0.0,0.36
20.0,6,64.0,252.25102992031276,0.0,0.0,1.0,0.0,0.0,0.0,0.0,0,0,0,10,0,0.0396430492401123,0.0,1.0,0.0,0.0,0.0,0.0,0.0,1.0,0.0,0.0,0.0,0.0,0.0,1.0,1.0,1182,77,489,118.2,130.28583959893723,118.2,0.0039653062820434,10,0.9406362796190232,15276.96
20.0,6,64.0,1446.9603615413805,0.0,0.0,0.5,0.5,0.5,0.0,0.0,5,0,0,5,0,0.0069110393524169,0.0,1.0,0.0,0.0,0.0,0.0,0.0,1.0,0.0,0.0,0.0,0.0,0.0,1.0,1.0,2715,54,489,271.5,229.26513036220751,271.5,0.0009956836700439,10,1.0,47306.25
20.0,6,64.0,3289.3922045329778,0.0,0.0,0.5,0.5,0.5,0.0,0.0,5,0,0,5,0,0.003040075302124,0.0,1.0,0.0,0.0,0.0,0.0,0.0,1.0,0.0,0.0,0.0,0.0,0.0,1.0,1.0,2717,54,491,271.7,229.4767235836059,271.7,0.0006070137023925,10,1.0,47393.61
20.0,6,64.0,817.7306402557904,0.0,0.0,0.5,0.5,0.5,0.0,0.0,5,0,0,5,0,0.0122289657592773,0.0,1.0,0.0,0.0,0.0,0.0,0.0,1.0,0.0,0.0,0.0,0.0,0.0,1.0,1.0,3162,54,491,316.2,225.6658296390188,316.2,0.0013360977172851,10,1.0,47742.25
20.0,6,64.0,362.0710968387977,0.0,0.0,0.7,0.3,0.3,0.0,0.0,3,0,0,7,0,0.0276188850402832,0.0,1.0,0.0,0.0,0.0,0.0,0.0,1.0,0.0,0.0,0.0,0.0,0.0,1.0,1.0,1887,54,491,188.7,208.67255050277527,188.7,0.0027653932571411,10,1.0,47742.25
20.0,6,64.0,1372.122481025909,0.0,0.0,1.0,0.0,0.0,0.0,0.0,0,0,0,10,0,0.0072879791259765,0.0,1.0,0.0,0.0,0.0,0.0,0.0,1.0,0.0,0.0,0.0,0.0,0.0,1.0,1.0,666,66,68,66.6,0.966091783079296,66.6,0.0010747909545898,10,0.0,0.8400000000000001
20.0,6,64.0,239.43507920650777,0.0,0.0,1.0,0.0,0.0,0.0,0.0,0,0,0,10,0,0.0417649745941162,0.0,1.0,0.0,0.0,0.0,0.0,0.0,1.0,0.0,0.0,0.0,0.0,0.0,1.0,1.0,674,66,68,67.4,0.966091783079296,67.4,0.004178500175476,10,0.0,0.8400000000000001
20.0,6,64.0,9258.949227373068,0.0,0.0,1.0,0.0,0.0,0.0,0.0,0,0,0,10,0,0.00108003616333,0.0,1.0,0.0,0.0,0.0,0.0,0.0,1.0,0.0,0.0,0.0,0.0,0.0,1.0,1.0,663,66,67,66.3,0.4830458915396479,66.3,0.000556206703186,10,0.0,0.21
20.0,6,64.0,259.46502363100984,0.0,0.0,0.8,0.2,0.2,0.0,0.0,2,0,0,8,0,0.0385408401489257,0.0,1.0,0.0,0.0,0.0,0.0,0.0,1.0,0.0,0.0,0.0,0.0,0.0,1.0,1.0,673,54,75,67.3,5.735852159879995,67.3,0.004400897026062,10,0.9290945867358488,29.610000000000003
20.0,6,64.0,908.0152407343264,0.0,0.0,0.5,0.5,0.5,0.0,0.0,5,0,0,5,0,0.0110130310058593,0.0,1.0,0.0,0.0,0.0,0.0,0.0,1.0,0.0,0.0,0.0,0.0,0.0,1.0,1.0,645,54,75,64.5,11.067971810589327,64.5,0.0011056184768676,10,0.9312666789967616,110.25
20.0,6,64.0,1641.5420140111933,0.0,0.0,0.6,0.4,0.4,0.0,0.0,4,0,0,6,0,0.006091833114624,0.0,1.0,0.0,0.0,0.0,0.0,0.0,1.0,0.0,0.0,0.0,0.0,0.0,1.0,1.0,649,54,77,64.9,11.51279481465923,64.9,0.0006122827529907,10,0.9314478820956996,119.29
20.0,6,64.0,1247.636385269796,0.0,0.0,0.6,0.4,0.4,0.0,0.0,4,0,0,6,0,0.0080151557922363,0.0,1.0,0.0,0.0,0.0,0.0,0.0,1.0,0.0,0.0,0.0,0.0,0.0,1.0,1.0,678,54,77,67.8,11.877148928369412,67.8,0.0008170127868652,10,0.9315963053874604,132.25
20.0,6,64.0,268.43373802407666,0.0,0.0,0.8,0.2,0.2,0.0,0.0,2,0,0,8,0,0.0372531414031982,0.0,1.0,0.0,0.0,0.0,0.0,0.0,1.0,0.0,0.0,0.0,0.0,0.0,1.0,1.0,658,54,77,65.8,7.671013260609345,65.8,0.0038094043731689,10,0.929882893961842,132.25
20.0,6,64.0,2577.937307928703,0.0,0.0,1.0,0.0,0.0,0.0,0.0,0,0,0,10,0,0.0038790702819824,0.0,1.0,0.0,0.0,0.0,0.0,0.0,1.0,0.0,0.0,0.0,0.0,0.0,1.0,1.0,672,66,68,67.2,1.0327955589886444,67.2,0.0003893852233886,10,0.9067291895989096,1.0
20.0,6,64.0,185.980383462514,0.0,0.0,0.7,0.3,0.3,0.0,0.0,3,0,0,7,0,0.0537691116333007,0.0,1.0,0.0,0.0,0.0,0.0,0.0,1.0,0.0,0.0,0.0,0.0,0.0,1.0,1.0,4106,54,1224,410.6,561.3325811554739,410.6,0.0056899070739746,10,1.0,299395.0617283951
20.0,6,64.0,1759.9462907015777,0.0,0.0,0.5,0.5,0.5,0.0,0.0,5,0,0,5,0,0.0056819915771484,0.0,1.0,0.0,0.0,0.0,0.0,0.0,1.0,0.0,0.0,0.0,0.0,0.0,1.0,1.0,6390,54,1224,639.0,616.644143732834,639.0,0.000806188583374,10,1.0,342225.0
20.0,6,64.0,1892.138764830604,0.0,0.0,0.5,0.5,0.5,0.0,0.0,5,0,0,5,0,0.0052850246429443,0.0,1.0,0.0,0.0,0.0,0.0,0.0,1.0,0.0,0.0,0.0,0.0,0.0,1.0,1.0,7564,54,1225,756.4,604.5297897264176,756.4,0.0017107009887695,10,1.0,342517.6875
20.0,6,64.0,1975.9287699627832,0.0,0.0,0.5,0.5,0.5,0.0,0.0,5,0,0,5,0,0.0050609111785888,0.0,1.0,0.0,0.0,0.0,0.0,0.0,1.0,0.0,0.0,0.0,0.0,0.0,1.0,1.0,6395,54,1225,639.5,617.1711900095287,639.5,0.0005105018615722,10,1.0,342810.25
20.0,6,64.0,348.32361685518293,0.0,0.0,0.9,0.1,0.1,0.0,0.0,1,0,0,9,0,0.0287089347839355,0.0,1.0,0.0,0.0,0.0,0.0,0.0,1.0,0.0,0.0,0.0,0.0,0.0,1.0,1.0,1781,54,1225,178.1,367.86665760541257,178.1,0.002874207496643,10,1.0,342810.25
20.0,6,64.0,27395.845852384064,0.0,0.0,1.0,0.0,0.0,0.0,0.0,0,0,0,10,0,0.0003650188446044,0.0,1.0,0.0,0.0,0.0,0.0,0.0,1.0,0.0,0.0,0.0,0.0,0.0,1.0,1.0,654,64,66,65.4,0.9660917830792958,65.4,3.979206085205078e-05,10,0.0,1.0
20.0,6,64.0,271.31969286301097,0.0,0.0,1.0,0.0,0.0,0.0,0.0,0,0,0,10,0,0.0368568897247314,0.0,1.0,0.0,0.0,0.0,0.0,0.0,1.0,0.0,0.0,0.0,0.0,0.0,1.0,1.0,646,64,66,64.6,0.9660917830792958,64.6,0.0036880016326904,10,0.0,1.0
20.0,6,64.0,5820.571745767416,0.0,0.0,1.0,0.0,0.0,0.0,0.0,0,0,0,10,0,0.0017180442810058,0.0,1.0,0.0,0.0,0.0,0.0,0.0,1.0,0.0,0.0,0.0,0.0,0.0,1.0,1.0,654,64,66,65.4,0.9660917830792958,65.4,0.0002565145492553,10,0.0,1.0
20.0,6,64.0,233.58918238573395,0.0,0.0,1.0,0.0,0.0,0.0,0.0,0,0,0,10,0,0.0428102016448974,0.0,1.0,0.0,0.0,0.0,0.0,0.0,1.0,0.0,0.0,0.0,0.0,0.0,1.0,1.0,660,66,66,66.0,0.0,66.0,0.0042824983596801,10,0.0,0.0
20.0,6,64.0,1008.755381322302,0.0,0.0,1.0,0.0,0.0,0.0,0.0,0,0,0,10,0,0.0099132061004638,0.0,1.0,0.0,0.0,0.0,0.0,0.0,1.0,0.0,0.0,0.0,0.0,0.0,1.0,1.0,674,66,68,67.4,0.9660917830792958,67.4,0.0010499000549316,10,0.0,1.0
20.0,6,64.0,256.16729675752595,0.0,0.0,1.0,0.0,0.0,0.0,0.0,0,0,0,10,0,0.0390369892120361,0.0,1.0,0.0,0.0,0.0,0.0,0.0,1.0,0.0,0.0,0.0,0.0,0.0,1.0,1.0,652,64,68,65.2,1.932183566158592,65.2,0.0039050817489624,10,0.9105038242975104,4.0
20.0,6,64.0,1270.6546699385017,0.0,0.0,1.0,0.0,0.0,0.0,0.0,0,0,0,10,0,0.0078699588775634,0.0,1.0,0.0,0.0,0.0,0.0,0.0,1.0,0.0,0.0,0.0,0.0,0.0,1.0,1.0,654,64,66,65.4,0.9660917830792958,65.4,0.0007887125015258,10,0.0,1.0
20.0,6,64.0,213.4929578898611,0.0,0.0,1.0,0.0,0.0,0.0,0.0,0,0,0,10,0,0.046839952468872,0.0,1.0,0.0,0.0,0.0,0.0,0.0,1.0,0.0,0.0,0.0,0.0,0.0,1.0,1.0,667,66,67,66.7,0.4830458915396479,66.7,0.0046849012374877,10,0.0,0.25
20.0,6,64.0,995.916894218212,0.0,0.0,1.0,0.0,0.0,0.0,0.0,0,0,0,10,0,0.0100409984588623,0.0,1.0,0.0,0.0,0.0,0.0,0.0,1.0,0.0,0.0,0.0,0.0,0.0,1.0,1.0,684,67,69,68.4,0.9660917830792958,68.4,0.0011756896972656,10,0.0,1.0
20.0,6,64.0,276.8554040317364,0.0,0.0,0.6,0.4,0.4,0.0,0.0,4,0,0,6,0,0.0361199378967285,0.0,1.0,0.0,0.0,0.0,0.0,0.0,1.0,0.0,0.0,0.0,0.0,0.0,1.0,1.0,633,54,69,63.3,6.549809157525126,63.3,0.0036128044128417,10,0.9294261602584094,42.0
20.0,6,64.0,479.9139558566084,0.0,0.0,0.5,0.5,0.5,0.0,0.0,5,0,0,5,0,0.0208370685577392,0.0,1.0,0.0,0.0,0.0,0.0,0.0,1.0,0.0,0.0,0.0,0.0,0.0,1.0,1.0,600,54,66,60.0,6.324555320336759,60.0,0.00208740234375,10,0.9293344008552924,36.0
20.0,6,64.0,4262.504065040651,0.0,0.0,0.6,0.4,0.4,0.0,0.0,4,0,0,6,0,0.0023460388183593,0.0,1.0,0.0,0.0,0.0,0.0,0.0,1.0,0.0,0.0,0.0,0.0,0.0,1.0,1.0,608,54,68,60.8,7.192588778272627,60.8,0.0002366065979003,10,0.9296880029647172,46.56
20.0,6,64.0,6373.353593678772,0.0,0.0,0.6,0.4,0.4,0.0,0.0,4,0,0,6,0,0.0015690326690673,0.0,1.0,0.0,0.0,0.0,0.0,0.0,1.0,0.0,0.0,0.0,0.0,0.0,1.0,1.0,624,54,68,62.4,7.229568912920511,62.4,0.0002677917480468,10,0.9297030671923672,47.04
20.0,6,64.0,1123.6047041174422,0.0,0.0,1.0,0.0,0.0,0.0,0.0,0,0,0,10,0,0.0088999271392822,0.0,1.0,0.0,0.0,0.0,0.0,0.0,1.0,0.0,0.0,0.0,0.0,0.0,1.0,1.0,640,64,64,64.0,0.0,64.0,0.0029902935028076,10,0.0,0.0
20.0,6,64.0,76959.70642201835,0.0,0.0,1.0,0.0,0.0,0.0,0.0,0,0,0,10,0,0.0001299381256103,0.0,1.0,0.0,0.0,0.0,0.0,0.0,1.0,0.0,0.0,0.0,0.0,0.0,1.0,1.0,660,66,66,66.0,0.0,66.0,0.000957703590393,10,0.0,0.0
20.0,6,64.0,1139.8804217849763,0.0,0.0,0.5,0.5,0.5,0.0,0.0,5,0,0,5,0,0.008772850036621,0.0,1.0,0.0,0.0,0.0,0.0,0.0,1.0,0.0,0.0,0.0,0.0,0.0,1.0,1.0,1990,54,344,199.0,152.84342024147168,199.0,0.0041234970092773,10,0.989020325669566,21025.0
20.0,6,64.0,1483.4491051849757,0.0,0.0,0.5,0.5,0.5,0.0,0.0,5,0,0,5,0,0.0067410469055175,0.0,1.0,0.0,0.0,0.0,0.0,0.0,1.0,0.0,0.0,0.0,0.0,0.0,1.0,1.0,1990,54,344,199.0,152.84342024147168,199.0,0.0006766080856323,10,0.989020325669566,21025.0
20.0,6,64.0,1153.0098688731891,0.0,0.0,0.5,0.5,0.5,0.0,0.0,5,0,0,5,0,0.0086729526519775,0.0,1.0,0.0,0.0,0.0,0.0,0.0,1.0,0.0,0.0,0.0,0.0,0.0,1.0,1.0,2292,54,346,229.2,150.7881516123421,229.2,0.0009572029113769,10,0.9881830914408036,21316.0
20.0,6,64.0,309.76905635852023,0.0,0.0,0.7,0.3,0.3,0.0,0.0,3,0,0,7,0,0.0322821140289306,0.0,1.0,0.0,0.0,0.0,0.0,0.0,1.0,0.0,0.0,0.0,0.0,0.0,1.0,1.0,1732,54,346,173.2,148.79426512246138,173.2,0.0032310009002685,10,0.987370861840286,21316.0
20.0,6,64.0,3644.36875488748,0.0,0.0,0.6,0.4,0.4,0.0,0.0,4,0,0,6,0,0.0027439594268798,0.0,1.0,0.0,0.0,0.0,0.0,0.0,1.0,0.0,0.0,0.0,0.0,0.0,1.0,1.0,612,54,66,61.2,6.196773353931867,61.2,0.0003675937652587,10,0.9292823475934576,34.56
20.0,6,64.0,955.748889142076,0.0,0.0,0.5,0.5,0.5,0.0,0.0,5,0,0,5,0,0.010462999343872,0.0,1.0,0.0,0.0,0.0,0.0,0.0,1.0,0.0,0.0,0.0,0.0,0.0,1.0,1.0,620,54,68,62.0,6.928203230275509,62.0,0.0011531114578247,10,0.9295803028678852,43.55555555555556
20.0,6,64.0,3568.7092657193907,0.0,0.0,0.7,0.3,0.3,0.0,0.0,3,0,0,7,0,0.0028021335601806,0.0,1.0,0.0,0.0,0.0,0.0,0.0,1.0,0.0,0.0,0.0,0.0,0.0,1.0,1.0,624,54,68,62.4,7.229568912920511,62.4,0.000282597541809,10,0.9297030671923672,49.0
20.0,6,64.0,1493.4320811821258,0.0,0.0,0.5,0.5,0.5,0.0,0.0,5,0,0,5,0,0.0066959857940673,0.0,1.0,0.0,0.0,0.0,0.0,0.0,1.0,0.0,0.0,0.0,0.0,0.0,1.0,1.0,600,54,66,60.0,6.324555320336759,60.0,0.0057639837265014,10,0.9293344008552924,36.0
20.0,6,64.0,1110.2504102917042,0.0,0.0,0.6,0.4,0.4,0.0,0.0,4,0,0,6,0,0.0090069770812988,0.0,1.0,0.0,0.0,0.0,0.0,0.0,1.0,0.0,0.0,0.0,0.0,0.0,1.0,1.0,628,54,68,62.8,6.124631508189787,62.8,0.0010161161422729,10,0.9292529598911762,34.56
20.0,6,64.0,2399.21290470198,0.0,0.0,0.7,0.3,0.3,0.0,0.0,3,0,0,7,0,0.0041680335998535,0.0,1.0,0.0,0.0,0.0,0.0,0.0,1.0,0.0,0.0,0.0,0.0,0.0,1.0,1.0,624,54,68,62.4,7.229568912920511,62.4,0.0004189014434814,10,0.9297030671923672,49.0
20.0,6,64.0,536.5687164988678,0.0,0.0,0.5,0.5,0.5,0.0,0.0,5,0,0,5,0,0.01863694190979,0.0,1.0,0.0,0.0,0.0,0.0,0.0,1.0,0.0,0.0,0.0,0.0,0.0,1.0,1.0,608,54,68,60.8,6.051629716218782,60.8,0.0019768953323364,10,0.9292232218811988,49.0
20.0,6,64.0,2458.1281134618766,0.0,0.0,0.7,0.3,0.3,0.0,0.0,3,0,0,7,0,0.0040681362152099,0.0,1.0,0.0,0.0,0.0,0.0,0.0,1.0,0.0,0.0,0.0,0.0,0.0,1.0,1.0,612,54,66,61.2,5.00666222813829,61.2,0.0004096031188964,10,0.9287975439252544,25.0
20.0,6,64.0,1390.8226945651093,0.0,0.0,0.9,0.1,0.1,0.0,0.0,1,0,0,9,0,0.0071899890899658,0.0,1.0,0.0,0.0,0.0,0.0,0.0,1.0,0.0,0.0,0.0,0.0,0.0,1.0,1.0,636,54,66,63.6,5.059644256269407,63.6,0.000721001625061,10,0.928819126684234,36.0
20.0,6,64.0,199.59759776908507,0.0,0.0,0.5,0.5,0.5,0.0,0.0,5,0,0,5,0,0.0501008033752441,0.0,1.0,0.0,0.0,0.0,0.0,0.0,1.0,0.0,0.0,0.0,0.0,0.0,1.0,1.0,600,54,66,60.0,6.324555320336759,60.0,0.0050115823745727,10,0.9293344008552924,36.0
20.0,6,64.0,2800.30978768861,0.0,0.0,0.6,0.4,0.4,0.0,0.0,4,0,0,6,0,0.0035710334777832,0.0,1.0,0.0,0.0,0.0,0.0,0.0,1.0,0.0,0.0,0.0,0.0,0.0,1.0,1.0,612,54,66,61.2,6.196773353931867,61.2,0.0004438161849975,10,0.9292823475934576,36.0
20.0,6,64.0,1976.3011826791687,0.0,0.0,0.5,0.5,0.5,0.0,0.0,5,0,0,5,0,0.0050599575042724,0.0,1.0,0.0,0.0,0.0,0.0,0.0,1.0,0.0,0.0,0.0,0.0,0.0,1.0,1.0,600,54,66,60.0,6.324555320336759,60.0,0.0006101846694946,10,0.9293344008552924,36.0
20.0,6,64.0,2045.4032965961185,0.0,0.0,0.5,0.5,0.5,0.0,0.0,5,0,0,5,0,0.0048890113830566,0.0,1.0,0.0,0.0,0.0,0.0,0.0,1.0,0.0,0.0,0.0,0.0,0.0,1.0,1.0,600,54,66,60.0,6.324555320336759,60.0,0.0005892038345336,10,0.9293344008552924,36.0
20.0,6,64.0,464.12570543321897,0.0,0.0,0.9,0.1,0.1,0.0,0.0,1,0,0,9,0,0.0215458869934082,0.0,1.0,0.0,0.0,0.0,0.0,0.0,1.0,0.0,0.0,0.0,0.0,0.0,1.0,1.0,648,54,66,64.8,3.794733192202055,64.8,0.0036761999130249,10,0.9283038525131756,14.22222222222222
20.0,6,64.0,4017.532567049808,0.0,0.0,0.5,0.5,0.5,0.0,0.0,5,0,0,5,0,0.0024890899658203,0.0,1.0,0.0,0.0,0.0,0.0,0.0,1.0,0.0,0.0,0.0,0.0,0.0,1.0,1.0,622,54,68,62.2,7.083627444874398,62.2,0.0003627061843872,10,0.929643616475944,46.02469135802469
20.0,6,64.0,388.9376854599407,0.0,0.0,0.7,0.3,0.3,0.0,0.0,3,0,0,7,0,0.0257110595703125,0.0,1.0,0.0,0.0,0.0,0.0,0.0,1.0,0.0,0.0,0.0,0.0,0.0,1.0,1.0,620,54,68,62.0,6.99205898780101,62.0,0.002573800086975,10,0.9296063151492706,49.0
20.0,6,64.0,1003.806241623588,0.0,0.0,1.0,0.0,0.0,0.0,0.0,0,0,0,10,0,0.0099620819091796,0.0,1.0,0.0,0.0,0.0,0.0,0.0,1.0,0.0,0.0,0.0,0.0,0.0,1.0,1.0,642,64,66,64.2,0.6324555320336759,64.2,0.0013966083526611,10,0.0,0.36
20.0,6,64.0,1242.8672178267698,0.0,0.0,0.9,0.1,0.1,0.0,0.0,1,0,0,9,0,0.0080459117889404,0.0,1.0,0.0,0.0,0.0,0.0,0.0,1.0,0.0,0.0,0.0,0.0,0.0,1.0,1.0,660,66,66,66.0,0.0,66.0,0.0037772893905639,10,0.0,0.0
20.0,6,64.0,761.672871229593,0.0,0.0,0.6,0.4,0.4,0.0,0.0,4,0,0,6,0,0.0131289958953857,0.0,1.0,0.0,0.0,0.0,0.0,0.0,1.0,0.0,0.0,0.0,0.0,0.0,1.0,1.0,600,54,66,60.0,6.324555320336759,60.0,0.0013182878494262,10,0.9293344008552924,36.0
20.0,6,64.0,579.4358025032465,0.0,0.0,0.6,0.4,0.4,0.0,0.0,4,0,0,6,0,0.0172581672668457,0.0,1.0,0.0,0.0,0.0,0.0,0.0,1.0,0.0,0.0,0.0,0.0,0.0,1.0,1.0,616,54,68,61.6,6.586180818788516,61.6,0.0018065214157104,10,0.9294409766183416,39.04
20.0,6,64.0,3702.272045193751,0.0,0.0,0.5,0.5,0.5,0.0,0.0,5,0,0,5,0,0.0027010440826416,0.0,1.0,0.0,0.0,0.0,0.0,0.0,1.0,0.0,0.0,0.0,0.0,0.0,1.0,1.0,610,54,68,61.0,7.378647873726218,61.0,0.0003819942474365,10,0.9297637959978412,49.0
20.0,6,64.0,422.370095867236,0.0,0.0,0.7,0.3,0.3,0.0,0.0,3,0,0,7,0,0.0236759185791015,0.0,1.0,0.0,0.0,0.0,0.0,0.0,1.0,0.0,0.0,0.0,0.0,0.0,1.0,1.0,630,54,68,63.0,6.27162924074226,63.0,0.002421498298645,10,0.9293128408875088,49.0
20.0,6,64.0,1084.4720239942085,0.0,0.0,1.0,0.0,0.0,0.0,0.0,0,0,0,10,0,0.009221076965332,0.0,1.0,0.0,0.0,0.0,0.0,0.0,1.0,0.0,0.0,0.0,0.0,0.0,1.0,1.0,668,66,68,66.8,1.0327955589886444,66.8,0.0011219024658203,10,0.9067291895989096,0.96
20.0,6,64.0,237.59185199451665,0.0,0.0,1.0,0.0,0.0,0.0,0.0,0,0,0,10,0,0.0420889854431152,0.0,1.0,0.0,0.0,0.0,0.0,0.0,1.0,0.0,0.0,0.0,0.0,0.0,1.0,1.0,2000,68,398,200.0,170.41126723312635,200.0,0.0043125867843627,10,0.9723189438200864,26136.0
20.0,6,64.0,1426.2944196959909,0.0,0.0,1.0,0.0,0.0,0.0,0.0,0,0,0,10,0,0.0070111751556396,0.0,1.0,0.0,0.0,0.0,0.0,0.0,1.0,0.0,0.0,0.0,0.0,0.0,1.0,1.0,3988,398,400,398.8,1.0327955589886444,398.8,0.0007026195526123,10,0.3409580295989097,0.96
20.0,6,64.0,249.1789098470221,0.0,0.0,1.0,0.0,0.0,0.0,0.0,0,0,0,10,0,0.0401318073272705,0.0,1.0,0.0,0.0,0.0,0.0,0.0,1.0,0.0,0.0,0.0,0.0,0.0,1.0,1.0,7296,400,1224,729.6,425.5117703033216,729.6,0.0040162801742553,10,0.5104655247507611,162954.24000000002
20.0,6,64.0,79437.57575757576,0.0,0.0,1.0,0.0,0.0,0.0,0.0,0,0,0,10,0,0.0001258850097656,0.0,1.0,0.0,0.0,0.0,0.0,0.0,1.0,0.0,0.0,0.0,0.0,0.0,1.0,1.0,12248,1224,1226,1224.8,1.0327955589886446,1224.8,0.0009582996368408,10,0.0,0.9600000000000002
20.0,6,64.0,218.08304649397377,0.0,0.0,1.0,0.0,0.0,0.0,0.0,0,0,0,10,0,0.0458540916442871,0.0,1.0,0.0,0.0,0.0,0.0,0.0,1.0,0.0,0.0,0.0,0.0,0.0,1.0,1.0,7620,66,1226,762.0,599.0214242134139,762.0,0.0045862197875976,10,1.0,322944.0
20.0,6,64.0,2339.6574998605456,0.0,0.0,1.0,0.0,0.0,0.0,0.0,0,0,0,10,0,0.0042741298675537,0.0,1.0,0.0,0.0,0.0,0.0,0.0,1.0,0.0,0.0,0.0,0.0,0.0,1.0,1.0,668,66,68,66.8,1.0327955589886444,66.8,0.0004283905029296,10,0.9067291895989096,0.96
20.0,6,64.0,179.57835967871762,0.0,0.0,0.8,0.2,0.2,0.0,0.0,2,0,0,8,0,0.0556859970092773,0.0,1.0,0.0,0.0,0.0,0.0,0.0,1.0,0.0,0.0,0.0,0.0,0.0,1.0,1.0,648,54,68,64.8,5.750362307426086,64.8,0.0055696964263916,10,0.9291004975895532,29.76
20.0,6,64.0,1042.1925705056528,0.0,0.0,0.6,0.4,0.4,0.0,0.0,4,0,0,6,0,0.0095951557159423,0.0,1.0,0.0,0.0,0.0,0.0,0.0,1.0,0.0,0.0,0.0,0.0,0.0,1.0,1.0,612,54,66,61.2,6.196773353931867,61.2,0.0026487112045288,10,0.9292823475934576,36.0
20.0,6,64.0,8169.661082976237,0.0,0.0,0.6,0.4,0.4,0.0,0.0,4,0,0,6,0,0.0012240409851074,0.0,1.0,0.0,0.0,0.0,0.0,0.0,1.0,0.0,0.0,0.0,0.0,0.0,1.0,1.0,634,54,68,63.4,6.535373831014651,63.4,0.0002882003784179,10,0.9294202798838022,40.09876543209876
20.0,6,64.0,935.8943234559086,0.0,0.0,0.8,0.2,0.2,0.0,0.0,2,0,0,8,0,0.0106849670410156,0.0,1.0,0.0,0.0,0.0,0.0,0.0,1.0,0.0,0.0,0.0,0.0,0.0,1.0,1.0,690,54,94,69.0,14.643921757659198,69.0,0.0010694980621337,10,0.9327233779672,193.0
20.0,6,64.0,797.4416791832234,0.0,0.0,1.0,0.0,0.0,0.0,0.0,0,0,0,10,0,0.0125401020050048,0.0,1.0,0.0,0.0,0.0,0.0,0.0,1.0,0.0,0.0,0.0,0.0,0.0,1.0,1.0,944,94,96,94.4,0.8432740427115678,94.4,0.0014277935028076,10,0.0,0.64
20.0,6,64.0,327.536702692572,0.0,0.0,0.9,0.1,0.1,0.0,0.0,1,0,0,9,0,0.0305309295654296,0.0,1.0,0.0,0.0,0.0,0.0,0.0,1.0,0.0,0.0,0.0,0.0,0.0,1.0,1.0,894,54,96,89.4,14.546477236774546,89.4,0.0034447908401489,10,0.9326836829671724,190.44
20.0,6,64.0,725.6832416346587,0.0,0.0,0.8,0.2,0.2,0.0,0.0,2,0,0,8,0,0.0137801170349121,0.0,1.0,0.0,0.0,0.0,0.0,0.0,1.0,0.0,0.0,0.0,0.0,0.0,1.0,1.0,684,54,72,68.4,7.58946638440411,68.4,0.0016090154647827,10,0.9298496750263509,56.0
20.0,6,64.0,1831.813774730314,0.0,0.0,0.7,0.3,0.3,0.0,0.0,3,0,0,7,0,0.0054590702056884,0.0,1.0,0.0,0.0,0.0,0.0,0.0,1.0,0.0,0.0,0.0,0.0,0.0,1.0,1.0,678,54,74,67.8,9.542885657214311,67.8,0.0005481004714965,10,0.9306454199013228,90.4375
20.0,6,64.0,314.8498678837377,0.0,0.0,0.5,0.5,0.5,0.0,0.0,5,0,0,5,0,0.0317611694335937,0.0,1.0,0.0,0.0,0.0,0.0,0.0,1.0,0.0,0.0,0.0,0.0,0.0,1.0,1.0,632,54,74,63.2,9.986657765906138,63.2,0.0032562017440795,10,0.9308261949075196,100.0
20.0,6,64.0,473.6650479954828,0.0,0.0,0.6,0.4,0.4,0.0,0.0,4,0,0,6,0,0.0211119651794433,0.0,1.0,0.0,0.0,0.0,0.0,0.0,1.0,0.0,0.0,0.0,0.0,0.0,1.0,1.0,612,54,66,61.2,6.196773353931867,61.2,0.0021137952804565,10,0.9292823475934576,36.0
20.0,6,64.0,3023.7935260615677,0.0,0.0,0.5,0.5,0.5,0.0,0.0,5,0,0,5,0,0.0033071041107177,0.0,1.0,0.0,0.0,0.0,0.0,0.0,1.0,0.0,0.0,0.0,0.0,0.0,1.0,1.0,612,54,66,61.2,6.196773353931867,61.2,0.0004271984100341,10,0.9292823475934576,36.0
20.0,6,64.0,2136.7894441897192,0.0,0.0,0.5,0.5,0.5,0.0,0.0,5,0,0,5,0,0.0046799182891845,0.0,1.0,0.0,0.0,0.0,0.0,0.0,1.0,0.0,0.0,0.0,0.0,0.0,1.0,1.0,600,54,66,60.0,6.324555320336759,60.0,0.0004710912704467,10,0.9293344008552924,36.0
20.0,6,64.0,390.7166345285005,0.0,0.0,0.8,0.2,0.2,0.0,0.0,2,0,0,8,0,0.0255939960479736,0.0,1.0,0.0,0.0,0.0,0.0,0.0,1.0,0.0,0.0,0.0,0.0,0.0,1.0,1.0,614,54,66,61.4,5.168279318217149,61.4,0.0025632143020629,10,0.9288633802630688,36.0
20.0,6,64.0,2918.791927627001,0.0,0.0,1.0,0.0,0.0,0.0,0.0,0,0,0,10,0,0.0034260749816894,0.0,1.0,0.0,0.0,0.0,0.0,0.0,1.0,0.0,0.0,0.0,0.0,0.0,1.0,1.0,650,64,66,65.0,1.0540925533894598,65.0,0.00136079788208,10,0.9101461251425488,1.0
20.0,6,64.0,288.4764950651673,0.0,0.0,0.7,0.3,0.3,0.0,0.0,3,0,0,7,0,0.0346648693084716,0.0,1.0,0.0,0.0,0.0,0.0,0.0,1.0,0.0,0.0,0.0,0.0,0.0,1.0,1.0,636,54,66,63.6,5.059644256269407,63.6,0.0034679889678955,10,0.928819126684234,24.88888888888889
20.0,6,64.0,751.209657198123,0.0,0.0,0.6,0.4,0.4,0.0,0.0,4,0,0,6,0,0.0133118629455566,0.0,1.0,0.0,0.0,0.0,0.0,0.0,1.0,0.0,0.0,0.0,0.0,0.0,1.0,1.0,600,54,66,60.0,6.324555320336759,60.0,0.001333999633789,10,0.9293344008552924,36.0
20.0,6,64.0,3822.7342325920526,0.0,0.0,0.6,0.4,0.4,0.0,0.0,4,0,0,6,0,0.0026159286499023,0.0,1.0,0.0,0.0,0.0,0.0,0.0,1.0,0.0,0.0,0.0,0.0,0.0,1.0,1.0,620,54,68,62.0,6.928203230275509,62.0,0.0008101940155029,10,0.9295803028678852,43.2
20.0,6,64.0,1988.4814867491584,0.0,0.0,0.5,0.5,0.5,0.0,0.0,5,0,0,5,0,0.0050289630889892,0.0,1.0,0.0,0.0,0.0,0.0,0.0,1.0,0.0,0.0,0.0,0.0,0.0,1.0,1.0,610,54,68,61.0,7.378647873726218,61.0,0.0006030082702636,10,0.9297637959978412,49.0
20.0,6,64.0,311.84648212997865,0.0,0.0,0.9,0.1,0.1,0.0,0.0,1,0,0,9,0,0.032067060470581,0.0,1.0,0.0,0.0,0.0,0.0,0.0,1.0,0.0,0.0,0.0,0.0,0.0,1.0,1.0,650,54,68,65.0,3.915780041490244,65.0,0.0033457994461059,10,0.9283531621577016,49.0
20.0,6,64.0,5423.201448151021,0.0,0.0,1.0,0.0,0.0,0.0,0.0,0,0,0,10,0,0.0018439292907714,0.0,1.0,0.0,0.0,0.0,0.0,0.0,1.0,0.0,0.0,0.0,0.0,0.0,1.0,1.0,676,66,68,67.6,0.8432740427115678,67.6,0.0001858949661254,10,0.0,1.0
20.0,6,64.0,182.4784644031812,0.0,0.0,1.0,0.0,0.0,0.0,0.0,0,0,0,10,0,0.0548009872436523,0.0,1.0,0.0,0.0,0.0,0.0,0.0,1.0,0.0,0.0,0.0,0.0,0.0,1.0,1.0,720,68,73,72.0,2.10818510677892,72.0,0.0054815053939819,10,0.9037590002850976,6.25
20.0,6,64.0,2064.0244082476256,0.0,0.0,1.0,0.0,0.0,0.0,0.0,0,0,0,10,0,0.0048449039459228,0.0,1.0,0.0,0.0,0.0,0.0,0.0,1.0,0.0,0.0,0.0,0.0,0.0,1.0,1.0,746,73,75,74.6,0.8432740427115678,74.6,0.0005269050598144,10,0.0,1.0
20.0,6,64.0,227.30890960329504,0.0,0.0,0.6,0.4,0.4,0.0,0.0,4,0,0,6,0,0.0439929962158203,0.0,1.0,0.0,0.0,0.0,0.0,0.0,1.0,0.0,0.0,0.0,0.0,0.0,1.0,1.0,630,54,75,63.0,8.48528137423857,63.0,0.0044007062911987,10,0.9302145942206098,74.25
20.0,6,64.0,1759.9462907015777,0.0,0.0,0.5,0.5,0.5,0.0,0.0,5,0,0,5,0,0.0056819915771484,0.0,1.0,0.0,0.0,0.0,0.0,0.0,1.0,0.0,0.0,0.0,0.0,0.0,1.0,1.0,600,54,66,60.0,6.324555320336759,60.0,0.0011241912841796,10,0.9293344008552924,36.0
20.0,6,64.0,2839.168753807622,0.0,0.0,0.5,0.5,0.5,0.0,0.0,5,0,0,5,0,0.0035221576690673,0.0,1.0,0.0,0.0,0.0,0.0,0.0,1.0,0.0,0.0,0.0,0.0,0.0,1.0,1.0,622,54,68,62.2,7.083627444874397,62.2,0.0004497051239013,10,0.929643616475944,46.02469135802469
20.0,6,64.0,2240.0683614612262,0.0,0.0,0.6,0.4,0.4,0.0,0.0,4,0,0,6,0,0.0044641494750976,0.0,1.0,0.0,0.0,0.0,0.0,0.0,1.0,0.0,0.0,0.0,0.0,0.0,1.0,1.0,610,54,68,61.0,7.378647873726218,61.0,0.0004492998123168,10,0.9297637959978412,49.0
20.0,6,64.0,716.1181492231518,0.0,0.0,1.0,0.0,0.0,0.0,0.0,0,0,0,10,0,0.0139641761779785,0.0,1.0,0.0,0.0,0.0,0.0,0.0,1.0,0.0,0.0,0.0,0.0,0.0,1.0,1.0,640,64,64,64.0,0.0,64.0,0.0032037019729614,10,0.0,0.0
20.0,6,64.0,75846.36528028933,0.0,0.0,1.0,0.0,0.0,0.0,0.0,0,0,0,10,0,0.0001318454742431,0.0,1.0,0.0,0.0,0.0,0.0,0.0,1.0,0.0,0.0,0.0,0.0,0.0,1.0,1.0,660,66,66,66.0,0.0,66.0,1.468658447265625e-05,10,0.0,0.0
20.0,6,64.0,565.7351731207597,0.0,0.0,0.5,0.5,0.5,0.0,0.0,5,0,0,5,0,0.0176761150360107,0.0,1.0,0.0,0.0,0.0,0.0,0.0,1.0,0.0,0.0,0.0,0.0,0.0,1.0,1.0,600,54,66,60.0,6.324555320336759,60.0,0.0056544065475463,10,0.9293344008552924,36.0
20.0,6,64.0,2155.124858699003,0.0,0.0,0.5,0.5,0.5,0.0,0.0,5,0,0,5,0,0.0046401023864746,0.0,1.0,0.0,0.0,0.0,0.0,0.0,1.0,0.0,0.0,0.0,0.0,0.0,1.0,1.0,614,54,68,61.4,6.397916327472042,61.4,0.0006138086318969,10,0.929364285195159,36.84
20.0,6,64.0,1850.8092842644076,0.0,0.0,0.5,0.5,0.5,0.0,0.0,5,0,0,5,0,0.0054030418395996,0.0,1.0,0.0,0.0,0.0,0.0,0.0,1.0,0.0,0.0,0.0,0.0,0.0,1.0,1.0,610,54,68,61.0,7.378647873726218,61.0,0.0005435943603515,10,0.9297637959978412,49.0
20.0,6,64.0,478.49047993885256,0.0,0.0,0.6,0.4,0.4,0.0,0.0,4,0,0,6,0,0.0208990573883056,0.0,1.0,0.0,0.0,0.0,0.0,0.0,1.0,0.0,0.0,0.0,0.0,0.0,1.0,1.0,606,54,68,60.6,7.058485830702094,60.6,0.0020925998687744,10,0.9296333747879948,49.0
20.0,6,64.0,2882.683161512028,0.0,0.0,0.7,0.3,0.3,0.0,0.0,3,0,0,7,0,0.0034689903259277,0.0,1.0,0.0,0.0,0.0,0.0,0.0,1.0,0.0,0.0,0.0,0.0,0.0,1.0,1.0,610,54,64,61.0,4.83045891539648,61.0,0.0013951063156127,10,0.928725765743776,24.48979591836735
20.0,6,64.0,788.1511547062029,0.0,0.0,0.6,0.4,0.4,0.0,0.0,4,0,0,6,0,0.0126879215240478,0.0,1.0,0.0,0.0,0.0,0.0,0.0,1.0,0.0,0.0,0.0,0.0,0.0,1.0,1.0,608,54,66,60.8,5.902918298980975,60.8,0.0012703895568847,10,0.9291626427982728,31.50617283950617
20.0,6,64.0,4175.51418616227,0.0,0.0,0.6,0.4,0.4,0.0,0.0,4,0,0,6,0,0.0023949146270751,0.0,1.0,0.0,0.0,0.0,0.0,0.0,1.0,0.0,0.0,0.0,0.0,0.0,1.0,1.0,612,54,66,61.2,6.196773353931867,61.2,0.0003468036651611,10,0.9292823475934576,36.0
20.0,6,64.0,631.748403422099,0.0,0.0,1.0,0.0,0.0,0.0,0.0,0,0,0,10,0,0.0158290863037109,0.0,1.0,0.0,0.0,0.0,0.0,0.0,1.0,0.0,0.0,0.0,0.0,0.0,1.0,1.0,1040,104,104,104.0,0.0,104.0,0.003893494606018,10,0.0,0.0
20.0,6,64.0,2742.8093120585927,0.0,0.0,1.0,0.0,0.0,0.0,0.0,0,0,0,10,0,0.003645896911621,0.0,1.0,0.0,0.0,0.0,0.0,0.0,1.0,0.0,0.0,0.0,0.0,0.0,1.0,1.0,1060,106,106,106.0,0.0,106.0,0.0003675937652587,10,0.0,0.0
20.0,6,64.0,615.53308580737,0.0,0.0,1.0,0.0,0.0,0.0,0.0,0,0,0,10,0,0.0162460803985595,0.0,1.0,0.0,0.0,0.0,0.0,0.0,1.0,0.0,0.0,0.0,0.0,0.0,1.0,1.0,640,64,64,64.0,0.0,64.0,0.0048245191574096,10,0.0,0.0
20.0,6,64.0,47880.182648401824,0.0,0.0,1.0,0.0,0.0,0.0,0.0,0,0,0,10,0,0.0002088546752929,0.0,1.0,0.0,0.0,0.0,0.0,0.0,1.0,0.0,0.0,0.0,0.0,0.0,1.0,1.0,660,66,66,66.0,0.0,66.0,2.2482872009277343e-05,10,0.0,0.0
20.0,6,64.0,422.1023076071533,0.0,0.0,0.5,0.5,0.5,0.0,0.0,5,0,0,5,0,0.0236909389495849,0.0,1.0,0.0,0.0,0.0,0.0,0.0,1.0,0.0,0.0,0.0,0.0,0.0,1.0,1.0,612,54,66,61.2,6.196773353931867,61.2,0.00572030544281,10,0.9292823475934576,36.0
20.0,6,64.0,607.8260995580031,0.0,0.0,0.5,0.5,0.5,0.0,0.0,5,0,0,5,0,0.0164520740509033,0.0,1.0,0.0,0.0,0.0,0.0,0.0,1.0,0.0,0.0,0.0,0.0,0.0,1.0,1.0,602,54,68,60.2,6.562519841239848,60.2,0.0016504049301147,10,0.9294313380825274,38.76
20.0,6,64.0,2600.79618031872,0.0,0.0,0.6,0.4,0.4,0.0,0.0,4,0,0,6,0,0.0038449764251708,0.0,1.0,0.0,0.0,0.0,0.0,0.0,1.0,0.0,0.0,0.0,0.0,0.0,1.0,1.0,624,54,68,62.4,7.229568912920511,62.4,0.0003857851028442,10,0.9297030671923672,49.0
20.0,6,64.0,783.0891880286028,0.0,0.0,0.7,0.3,0.3,0.0,0.0,3,0,0,7,0,0.0127699375152587,0.0,1.0,0.0,0.0,0.0,0.0,0.0,1.0,0.0,0.0,0.0,0.0,0.0,1.0,1.0,612,54,68,61.2,6.408327915038888,61.2,0.001278805732727,10,0.9293685264594702,49.0
20.0,6,64.0,5396.685537828101,0.0,0.0,0.9,0.1,0.1,0.0,0.0,1,0,0,9,0,0.0018529891967773,0.0,1.0,0.0,0.0,0.0,0.0,0.0,1.0,0.0,0.0,0.0,0.0,0.0,1.0,1.0,634,54,66,63.4,3.40587727318528,63.4,0.0015270948410034,10,0.9281454481660047,16.0
20.0,6,64.0,8005.924794808169,0.0,0.0,0.8,0.2,0.2,0.0,0.0,2,0,0,8,0,0.001249074935913,0.0,1.0,0.0,0.0,0.0,0.0,0.0,1.0,0.0,0.0,0.0,0.0,0.0,1.0,1.0,636,54,66,63.6,5.059644256269407,63.6,0.0001277208328247,10,0.928819126684234,23.04
20.0,6,64.0,686.7689486352398,0.0,0.0,0.7,0.3,0.3,0.0,0.0,3,0,0,7,0,0.0145609378814697,0.0,1.0,0.0,0.0,0.0,0.0,0.0,1.0,0.0,0.0,0.0,0.0,0.0,1.0,1.0,624,54,66,62.4,5.796550698475776,62.4,0.0048245906829833,10,0.9291193128925312,33.75
20.0,6,64.0,6246.1712583767685,0.0,0.0,0.5,0.5,0.5,0.0,0.0,5,0,0,5,0,0.0016009807586669,0.0,1.0,0.0,0.0,0.0,0.0,0.0,1.0,0.0,0.0,0.0,0.0,0.0,1.0,1.0,618,54,68,61.8,6.762642481555072,61.8,0.0001616954803466,10,0.9295128600412864,41.16
20.0,6,64.0,2181.9195755085057,0.0,0.0,0.8,0.2,0.2,0.0,0.0,2,0,0,8,0,0.0045831203460693,0.0,1.0,0.0,0.0,0.0,0.0,0.0,1.0,0.0,0.0,0.0,0.0,0.0,1.0,1.0,638,54,68,63.8,6.762642481555072,63.8,0.0004613161087036,10,0.9295128600412864,49.0
20.0,6,64.0,680.6946022266221,0.0,0.0,1.0,0.0,0.0,0.0,0.0,0,0,0,10,0,0.01469087600708,0.0,1.0,0.0,0.0,0.0,0.0,0.0,1.0,0.0,0.0,0.0,0.0,0.0,1.0,1.0,660,66,66,66.0,0.0,66.0,0.004404878616333,10,0.0,0.0
20.0,6,64.0,75709.45848375451,0.0,0.0,1.0,0.0,0.0,0.0,0.0,0,0,0,10,0,0.0001320838928222,0.0,1.0,0.0,0.0,0.0,0.0,0.0,1.0,0.0,0.0,0.0,0.0,0.0,1.0,1.0,680,68,68,68.0,0.0,68.0,1.4710426330566409e-05,10,0.0,0.0
20.0,6,64.0,4255.584415584415,0.0,0.0,1.0,0.0,0.0,0.0,0.0,0,0,0,10,0,0.002349853515625,0.0,1.0,0.0,0.0,0.0,0.0,0.0,1.0,0.0,0.0,0.0,0.0,0.0,1.0,1.0,640,64,64,64.0,0.0,64.0,0.0041966915130615,10,0.0,0.0
20.0,6,64.0,1858.024275715425,0.0,0.0,1.0,0.0,0.0,0.0,0.0,0,0,0,10,0,0.0053820610046386,0.0,1.0,0.0,0.0,0.0,0.0,0.0,1.0,0.0,0.0,0.0,0.0,0.0,1.0,1.0,660,66,66,66.0,0.0,66.0,0.0005856037139892,10,0.0,0.0
20.0,6,64.0,889.188891244435,0.0,0.0,1.0,0.0,0.0,0.0,0.0,0,0,0,10,0,0.0112462043762207,0.0,1.0,0.0,0.0,0.0,0.0,0.0,1.0,0.0,0.0,0.0,0.0,0.0,1.0,1.0,660,66,66,66.0,0.0,66.0,0.0052554130554199,10,0.0,0.0
20.0,6,64.0,2608.884742178267,0.0,0.0,1.0,0.0,0.0,0.0,0.0,0,0,0,10,0,0.0038330554962158,0.0,1.0,0.0,0.0,0.0,0.0,0.0,1.0,0.0,0.0,0.0,0.0,0.0,1.0,1.0,670,67,67,67.0,0.0,67.0,0.0003870964050292,10,0.0,0.0
20.0,6,64.0,38764.36229205176,0.0,0.0,1.0,0.0,0.0,0.0,0.0,0,0,0,10,0,0.0002579689025878,0.0,1.0,0.0,0.0,0.0,0.0,0.0,1.0,0.0,0.0,0.0,0.0,0.0,1.0,1.0,660,66,66,66.0,0.0,66.0,0.0052922964096069,10,0.0,0.0
20.0,6,64.0,967.031102298665,0.0,0.0,1.0,0.0,0.0,0.0,0.0,0,0,0,10,0,0.010340929031372,0.0,1.0,0.0,0.0,0.0,0.0,0.0,1.0,0.0,0.0,0.0,0.0,0.0,1.0,1.0,680,68,68,68.0,0.0,68.0,0.0013664007186889,10,0.0,0.0
20.0,6,64.0,888.6613839569474,0.0,0.0,0.8,0.2,0.2,0.0,0.0,2,0,0,8,0,0.0112528800964355,0.0,1.0,0.0,0.0,0.0,0.0,0.0,1.0,0.0,0.0,0.0,0.0,0.0,1.0,1.0,12708,54,1406,1270.8,427.5399396547649,1270.8,0.0031060934066772,10,1.0,180533.7283950617
20.0,6,64.0,876.4243475353658,0.0,0.0,0.9,0.1,0.1,0.0,0.0,1,0,0,9,0,0.0114099979400634,0.0,1.0,0.0,0.0,0.0,0.0,0.0,1.0,0.0,0.0,0.0,0.0,0.0,1.0,1.0,11356,54,1406,1135.6,570.0532528730199,1135.6,0.0011445045471191,10,1.0,456976.0
20.0,6,64.0,252.352714670774,0.0,0.0,0.6,0.4,0.4,0.0,0.0,4,0,0,6,0,0.0396270751953125,0.0,1.0,0.0,0.0,0.0,0.0,0.0,1.0,0.0,0.0,0.0,0.0,0.0,1.0,1.0,4636,54,1406,463.6,650.3324278141655,463.6,0.003968596458435,10,1.0,452491.5555555556
20.0,6,64.0,656.5602742513657,0.0,0.0,0.5,0.5,0.5,0.0,0.0,5,0,0,5,0,0.0152308940887451,0.0,1.0,0.0,0.0,0.0,0.0,0.0,1.0,0.0,0.0,0.0,0.0,0.0,1.0,1.0,590,54,64,59.0,5.270462766947299,59.0,0.0015244960784912,10,0.9289050057127436,25.0
20.0,6,64.0,944.8333032978916,0.0,0.0,0.6,0.4,0.4,0.0,0.0,4,0,0,6,0,0.0105838775634765,0.0,1.0,0.0,0.0,0.0,0.0,0.0,1.0,0.0,0.0,0.0,0.0,0.0,1.0,1.0,598,54,66,59.8,6.142746399887703,59.8,0.0010627031326293,10,0.9292603391734584,33.959999999999994
20.0,6,64.0,1868.120434705149,0.0,0.0,0.5,0.5,0.5,0.0,0.0,5,0,0,5,0,0.0053529739379882,0.0,1.0,0.0,0.0,0.0,0.0,0.0,1.0,0.0,0.0,0.0,0.0,0.0,1.0,1.0,612,54,66,61.2,6.196773353931867,61.2,0.0006474018096923,10,0.9292823475934576,36.0
20.0,6,64.0,326.86029566477816,0.0,0.0,1.0,0.0,0.0,0.0,0.0,0,0,0,10,0,0.0305941104888916,0.0,1.0,0.0,0.0,0.0,0.0,0.0,1.0,0.0,0.0,0.0,0.0,0.0,1.0,1.0,5859,54,645,585.9,186.89060971595123,585.9,0.0030631065368652,10,1.0,87320.25
20.0,6,64.0,74631.743772242,0.0,0.0,1.0,0.0,0.0,0.0,0.0,0,0,0,10,0,0.000133991241455,0.0,1.0,0.0,0.0,0.0,0.0,0.0,1.0,0.0,0.0,0.0,0.0,0.0,1.0,1.0,6468,645,647,646.8,0.6324555320336759,646.8,1.499652862548828e-05,10,0.0,1.0
20.0,6,64.0,245.1820025837528,0.0,0.0,0.7,0.3,0.3,0.0,0.0,3,0,0,7,0,0.0407860279083251,0.0,1.0,0.0,0.0,0.0,0.0,0.0,1.0,0.0,0.0,0.0,0.0,0.0,1.0,1.0,8153,54,1224,815.3,554.7043356599983,815.3,0.0040802001953125,10,1.0,276927.21
20.0,6,64.0,1045.0489597608073,0.0,0.0,0.5,0.5,0.5,0.0,0.0,5,0,0,5,0,0.0095689296722412,0.0,1.0,0.0,0.0,0.0,0.0,0.0,1.0,0.0,0.0,0.0,0.0,0.0,1.0,1.0,6392,54,1226,639.2,616.8552504437325,639.2,0.0009589910507202,10,1.0,342459.36
20.0,6,64.0,1987.633399677756,0.0,0.0,0.7,0.3,0.3,0.0,0.0,3,0,0,7,0,0.0050311088562011,0.0,1.0,0.0,0.0,0.0,0.0,0.0,1.0,0.0,0.0,0.0,0.0,0.0,1.0,1.0,9916,54,1226,991.6,494.1585890289787,991.6,0.0005350112915039,10,1.0,305240.88888888893
20.0,6,64.0,256.6657895542025,0.0,0.0,0.6,0.4,0.4,0.0,0.0,4,0,0,6,0,0.0389611721038818,0.0,1.0,0.0,0.0,0.0,0.0,0.0,1.0,0.0,0.0,0.0,0.0,0.0,1.0,1.0,1760,54,1226,176.0,368.9805776279649,176.0,0.0038979053497314,10,1.0,343396.0
20.0,6,64.0,2583.3357969943336,0.0,0.0,0.5,0.5,0.5,0.0,0.0,5,0,0,5,0,0.0038709640502929,0.0,1.0,0.0,0.0,0.0,0.0,0.0,1.0,0.0,0.0,0.0,0.0,0.0,1.0,1.0,612,54,66,61.2,6.196773353931867,61.2,0.0003917932510375,10,0.9292823475934576,35.55555555555556
20.0,6,64.0,1256.3062361468878,0.0,0.0,0.6,0.4,0.4,0.0,0.0,4,0,0,6,0,0.0079598426818847,0.0,1.0,0.0,0.0,0.0,0.0,0.0,1.0,0.0,0.0,0.0,0.0,0.0,1.0,1.0,610,54,68,61.0,7.378647873726218,61.0,0.0007994890213012,10,0.9297637959978412,49.0
20.0,6,64.0,354.1708746390151,0.0,0.0,0.6,0.4,0.4,0.0,0.0,4,0,0,6,0,0.0282349586486816,0.0,1.0,0.0,0.0,0.0,0.0,0.0,1.0,0.0,0.0,0.0,0.0,0.0,1.0,1.0,1165,54,609,116.5,173.18663664125793,116.5,0.002898097038269,10,0.9973073383021828,26994.25
20.0,6,64.0,546.6600630816151,0.0,0.0,1.0,0.0,0.0,0.0,0.0,0,0,0,10,0,0.0182929039001464,0.0,1.0,0.0,0.0,0.0,0.0,0.0,1.0,0.0,0.0,0.0,0.0,0.0,1.0,1.0,6092,609,611,609.2,0.6324555320336759,609.2,0.0020615100860595,10,0.0,0.36
20.0,6,64.0,317.0369698481447,0.0,0.0,1.0,0.0,0.0,0.0,0.0,0,0,0,10,0,0.0315420627593994,0.0,1.0,0.0,0.0,0.0,0.0,0.0,1.0,0.0,0.0,0.0,0.0,0.0,1.0,1.0,5574,75,611,557.4,169.49808258502512,557.4,0.0031557083129882,10,0.960018038921836,25856.64
20.0,6,64.0,15621.243947858473,0.0,0.0,1.0,0.0,0.0,0.0,0.0,0,0,0,10,0,0.0006401538848876,0.0,1.0,0.0,0.0,0.0,0.0,0.0,1.0,0.0,0.0,0.0,0.0,0.0,1.0,1.0,752,75,77,75.2,0.6324555320336759,75.2,0.0015347003936767,10,0.0,0.36
20.0,6,64.0,288.5261057989957,0.0,0.0,1.0,0.0,0.0,0.0,0.0,0,0,0,10,0,0.0346589088439941,0.0,1.0,0.0,0.0,0.0,0.0,0.0,1.0,0.0,0.0,0.0,0.0,0.0,1.0,1.0,757,64,77,75.7,4.110960958218893,75.7,0.0034673929214477,10,0.91139137105594,15.21
20.0,6,64.0,436.8338610231628,0.0,0.0,0.5,0.5,0.5,0.0,0.0,5,0,0,5,0,0.0228919982910156,0.0,1.0,0.0,0.0,0.0,0.0,0.0,1.0,0.0,0.0,0.0,0.0,0.0,1.0,1.0,600,54,64,60.0,5.163977794943222,60.0,0.0025702953338623,10,0.928861627994548,25.0
20.0,6,64.0,1356.107213294966,0.0,0.0,0.7,0.3,0.3,0.0,0.0,3,0,0,7,0,0.0073740482330322,0.0,1.0,0.0,0.0,0.0,0.0,0.0,1.0,0.0,0.0,0.0,0.0,0.0,1.0,1.0,606,54,66,60.6,5.738757124441958,60.6,0.0007403135299682,10,0.9290957701022128,29.64
20.0,6,64.0,3916.981695928278,0.0,0.0,0.7,0.3,0.3,0.0,0.0,3,0,0,7,0,0.0025529861450195,0.0,1.0,0.0,0.0,0.0,0.0,0.0,1.0,0.0,0.0,0.0,0.0,0.0,1.0,1.0,624,54,66,62.4,5.796550698475776,62.4,0.0002578973770141,10,0.9291193128925312,36.0
20.0,6,64.0,301.05973384630846,0.0,0.0,1.0,0.0,0.0,0.0,0.0,0,0,0,10,0,0.0332159996032714,0.0,1.0,0.0,0.0,0.0,0.0,0.0,1.0,0.0,0.0,0.0,0.0,0.0,1.0,1.0,3700,370,370,370.0,0.0,370.0,0.0052343845367431,10,0.0,0.0
20.0,6,64.0,60611.32947976879,0.0,0.0,1.0,0.0,0.0,0.0,0.0,0,0,0,10,0,0.0001649856567382,0.0,1.0,0.0,0.0,0.0,0.0,0.0,1.0,0.0,0.0,0.0,0.0,0.0,1.0,1.0,3720,372,372,372.0,0.0,372.0,1.780986785888672e-05,10,0.0,0.0
20.0,6,64.0,843.669717389118,0.0,0.0,0.5,0.5,0.5,0.0,0.0,5,0,0,5,0,0.0118529796600341,0.0,1.0,0.0,0.0,0.0,0.0,0.0,1.0,0.0,0.0,0.0,0.0,0.0,1.0,1.0,600,54,66,60.0,6.324555320336759,60.0,0.0031483888626098,10,0.9293344008552924,36.0
20.0,6,64.0,1224.292594646662,0.0,0.0,0.5,0.5,0.5,0.0,0.0,5,0,0,5,0,0.0081679821014404,0.0,1.0,0.0,0.0,0.0,0.0,0.0,1.0,0.0,0.0,0.0,0.0,0.0,1.0,1.0,600,54,66,60.0,6.324555320336759,60.0,0.0014336109161376,10,0.9293344008552924,36.0
20.0,6,64.0,2881.890889102652,0.0,0.0,0.5,0.5,0.5,0.0,0.0,5,0,0,5,0,0.0034699440002441,0.0,1.0,0.0,0.0,0.0,0.0,0.0,1.0,0.0,0.0,0.0,0.0,0.0,1.0,1.0,605,54,67,60.5,6.851601597031489,60.5,0.0004097938537597,10,0.9295490984265669,42.25
20.0,6,64.0,531.0119386734526,0.0,0.0,0.6,0.4,0.4,0.0,0.0,4,0,0,6,0,0.0188319683074951,0.0,1.0,0.0,0.0,0.0,0.0,0.0,1.0,0.0,0.0,0.0,0.0,0.0,1.0,1.0,617,54,67,61.7,6.634087059355726,61.7,0.0019644975662231,10,0.9294604917044992,42.25
20.0,6,64.0,651.9271958593033,0.0,0.0,0.6,0.4,0.4,0.0,0.0,4,0,0,6,0,0.0153391361236572,0.0,1.0,0.0,0.0,0.0,0.0,0.0,1.0,0.0,0.0,0.0,0.0,0.0,1.0,1.0,612,54,66,61.2,6.196773353931867,61.2,0.0021351099014282,10,0.9292823475934576,34.56
20.0,6,64.0,2651.7696149712333,0.0,0.0,0.6,0.4,0.4,0.0,0.0,4,0,0,6,0,0.0037710666656494,0.0,1.0,0.0,0.0,0.0,0.0,0.0,1.0,0.0,0.0,0.0,0.0,0.0,1.0,1.0,612,54,66,61.2,6.196773353931867,61.2,0.0004837036132812,10,0.9292823475934576,34.56
20.0,6,64.0,2551.590217788052,0.0,0.0,0.7,0.3,0.3,0.0,0.0,3,0,0,7,0,0.0039191246032714,0.0,1.0,0.0,0.0,0.0,0.0,0.0,1.0,0.0,0.0,0.0,0.0,0.0,1.0,1.0,624,54,66,62.4,5.796550698475776,62.4,0.0004893064498901,10,0.9291193128925312,35.26530612244898
20.0,6,64.0,970.6790094885444,0.0,0.0,0.6,0.4,0.4,0.0,0.0,4,0,0,6,0,0.0103020668029785,0.0,1.0,0.0,0.0,0.0,0.0,0.0,1.0,0.0,0.0,0.0,0.0,0.0,1.0,1.0,612,54,66,61.2,6.196773353931867,61.2,0.0031059980392456,10,0.9292823475934576,36.0
20.0,6,64.0,602.3788938516997,0.0,0.0,0.7,0.3,0.3,0.0,0.0,3,0,0,7,0,0.0166008472442626,0.0,1.0,0.0,0.0,0.0,0.0,0.0,1.0,0.0,0.0,0.0,0.0,0.0,1.0,1.0,630,54,68,63.0,6.27162924074226,63.0,0.0017888784408569,10,0.9293128408875088,36.24691358024691
20.0,6,64.0,2499.287331664879,0.0,0.0,0.5,0.5,0.5,0.0,0.0,5,0,0,5,0,0.0040011405944824,0.0,1.0,0.0,0.0,0.0,0.0,0.0,1.0,0.0,0.0,0.0,0.0,0.0,1.0,1.0,624,54,68,62.4,7.229568912920511,62.4,0.0005066156387329,10,0.9297030671923672,49.0
20.0,6,64.0,355.5911252787127,0.0,0.0,0.6,0.4,0.4,0.0,0.0,4,0,0,6,0,0.0281221866607666,0.0,1.0,0.0,0.0,0.0,0.0,0.0,1.0,0.0,0.0,0.0,0.0,0.0,1.0,1.0,1166,54,207,116.6,77.92047227782953,116.6,0.002814507484436,10,0.9584997135870966,5587.802469135803
20.0,6,64.0,980.6649520692074,0.0,0.0,0.5,0.5,0.5,0.0,0.0,5,0,0,5,0,0.0101971626281738,0.0,1.0,0.0,0.0,0.0,0.0,0.0,1.0,0.0,0.0,0.0,0.0,0.0,1.0,1.0,1458,54,207,145.8,79.0088602626313,145.8,0.0010453939437866,10,0.9589430793165856,5852.25
20.0,6,64.0,1317.8860051530196,0.0,0.0,0.5,0.5,0.5,0.0,0.0,5,0,0,5,0,0.0075879096984863,0.0,1.0,0.0,0.0,0.0,0.0,0.0,1.0,0.0,0.0,0.0,0.0,0.0,1.0,1.0,1315,54,209,131.5,81.69217288768313,131.5,0.0007599830627441,10,0.9600361535475266,6006.25
20.0,6,64.0,2194.936417394945,0.0,0.0,0.6,0.4,0.4,0.0,0.0,4,0,0,6,0,0.0045559406280517,0.0,1.0,0.0,0.0,0.0,0.0,0.0,1.0,0.0,0.0,0.0,0.0,0.0,1.0,1.0,1315,54,209,131.5,81.69217288768313,131.5,0.0004595041275024,10,0.9600361535475266,6006.25
20.0,6,64.0,327.5571660627265,0.0,0.0,0.7,0.3,0.3,0.0,0.0,3,0,0,7,0,0.0305290222167968,0.0,1.0,0.0,0.0,0.0,0.0,0.0,1.0,0.0,0.0,0.0,0.0,0.0,1.0,1.0,620,54,64,62.0,4.216370213557839,62.0,0.0050615072250366,10,0.9284756105701948,20.40816326530612
20.0,6,64.0,2461.3015668094595,0.0,0.0,0.7,0.3,0.3,0.0,0.0,3,0,0,7,0,0.0040628910064697,0.0,1.0,0.0,0.0,0.0,0.0,0.0,1.0,0.0,0.0,0.0,0.0,0.0,1.0,1.0,620,54,66,62.0,5.57773351022717,62.0,0.0004106998443603,10,0.9290301755227262,30.204081632653065
20.0,6,64.0,384.6609011454617,0.0,0.0,0.9,0.1,0.1,0.0,0.0,1,0,0,9,0,0.0259969234466552,0.0,1.0,0.0,0.0,0.0,0.0,0.0,1.0,0.0,0.0,0.0,0.0,0.0,1.0,1.0,636,54,66,63.6,5.059644256269407,63.6,0.0026026964187622,10,0.928819126684234,36.0
20.0,6,64.0,843.5339782394466,0.0,0.0,1.0,0.0,0.0,0.0,0.0,0,0,0,10,0,0.0118548870086669,0.0,1.0,0.0,0.0,0.0,0.0,0.0,1.0,0.0,0.0,0.0,0.0,0.0,1.0,1.0,666,66,68,66.6,0.966091783079296,66.6,0.0011904001235961,10,0.0,0.8400000000000001
20.0,6,64.0,304.9715336905861,0.0,0.0,0.8,0.2,0.2,0.0,0.0,2,0,0,8,0,0.0327899456024169,0.0,1.0,0.0,0.0,0.0,0.0,0.0,1.0,0.0,0.0,0.0,0.0,0.0,1.0,1.0,662,54,68,66.2,4.366539438350084,66.2,0.00328049659729,10,0.9285367835056064,19.06172839506173
20.0,6,64.0,537.9519802996101,0.0,0.0,0.6,0.4,0.4,0.0,0.0,4,0,0,6,0,0.0185890197753906,0.0,1.0,0.0,0.0,0.0,0.0,0.0,1.0,0.0,0.0,0.0,0.0,0.0,1.0,1.0,600,54,66,60.0,6.324555320336759,60.0,0.0018635988235473,10,0.9293344008552924,36.0
20.0,6,64.0,1875.0520810049625,0.0,0.0,0.5,0.5,0.5,0.0,0.0,5,0,0,5,0,0.0053331851959228,0.0,1.0,0.0,0.0,0.0,0.0,0.0,1.0,0.0,0.0,0.0,0.0,0.0,1.0,1.0,618,54,68,61.8,6.762642481555072,61.8,0.0006337165832519,10,0.9295128600412864,41.16
20.0,6,64.0,1694.6682828282828,0.0,0.0,0.6,0.4,0.4,0.0,0.0,4,0,0,6,0,0.0059008598327636,0.0,1.0,0.0,0.0,0.0,0.0,0.0,1.0,0.0,0.0,0.0,0.0,0.0,1.0,1.0,624,54,68,62.4,7.229568912920511,62.4,0.0005936861038208,10,0.9297030671923672,49.0
20.0,6,64.0,264.88054715277207,0.0,0.0,0.8,0.2,0.2,0.0,0.0,2,0,0,8,0,0.0377528667449951,0.0,1.0,0.0,0.0,0.0,0.0,0.0,1.0,0.0,0.0,0.0,0.0,0.0,1.0,1.0,626,54,68,62.6,5.96657355607052,62.6,0.0037781000137329,10,0.9291885734038008,49.0
20.0,6,64.0,87746.94560669456,0.0,0.0,1.0,0.0,0.0,0.0,0.0,0,0,0,10,0,0.0001139640808105,0.0,1.0,0.0,0.0,0.0,0.0,0.0,1.0,0.0,0.0,0.0,0.0,0.0,1.0,1.0,672,66,68,67.2,1.0327955589886444,67.2,8.959770202636719e-05,10,0.9067291895989096,1.0
20.0,6,64.0,268.87425879034583,0.0,0.0,0.7,0.3,0.3,0.0,0.0,3,0,0,7,0,0.0371921062469482,0.0,1.0,0.0,0.0,0.0,0.0,0.0,1.0,0.0,0.0,0.0,0.0,0.0,1.0,1.0,626,54,68,62.6,6.186005711819758,62.6,0.0037201166152954,10,0.9292779612867668,34.44
20.0,6,64.0,624.6543353289846,0.0,0.0,0.5,0.5,0.5,0.0,0.0,5,0,0,5,0,0.0160088539123535,0.0,1.0,0.0,0.0,0.0,0.0,0.0,1.0,0.0,0.0,0.0,0.0,0.0,1.0,1.0,600,54,64,60.0,5.163977794943222,60.0,0.0017835855484008,10,0.928861627994548,25.0
20.0,6,64.0,2941.9260714035213,0.0,0.0,0.6,0.4,0.4,0.0,0.0,4,0,0,6,0,0.0033991336822509,0.0,1.0,0.0,0.0,0.0,0.0,0.0,1.0,0.0,0.0,0.0,0.0,0.0,1.0,1.0,598,54,66,59.8,6.142746399887703,59.8,0.0003436088562011,10,0.9292603391734584,33.959999999999994
20.0,6,64.0,2466.077140169332,0.0,0.0,0.5,0.5,0.5,0.0,0.0,5,0,0,5,0,0.0040550231933593,0.0,1.0,0.0,0.0,0.0,0.0,0.0,1.0,0.0,0.0,0.0,0.0,0.0,1.0,1.0,600,54,66,60.0,6.324555320336759,60.0,0.0005034923553466,10,0.9293344008552924,36.0
20.0,6,64.0,350.1146930666622,0.0,0.0,0.5,0.5,0.5,0.0,0.0,5,0,0,5,0,0.0285620689392089,0.0,1.0,0.0,0.0,0.0,0.0,0.0,1.0,0.0,0.0,0.0,0.0,0.0,1.0,1.0,640,54,76,64.0,10.954451150103322,64.0,0.0029143095016479,10,0.931220435220506,108.0
20.0,6,64.0,2107.478645362275,0.0,0.0,0.6,0.4,0.4,0.0,0.0,4,0,0,6,0,0.0047450065612792,0.0,1.0,0.0,0.0,0.0,0.0,0.0,1.0,0.0,0.0,0.0,0.0,0.0,1.0,1.0,672,54,76,67.2,11.360751148875089,67.2,0.000477385520935,10,0.9313859455880058,121.0
20.0,6,64.0,2486.3975339379926,0.0,0.0,0.5,0.5,0.5,0.0,0.0,5,0,0,5,0,0.0040218830108642,0.0,1.0,0.0,0.0,0.0,0.0,0.0,1.0,0.0,0.0,0.0,0.0,0.0,1.0,1.0,660,54,78,66.0,12.649110640673518,66.0,0.0004034996032714,10,0.9319107717105848,144.0
20.0,6,64.0,293.54609333445313,0.0,0.0,0.7,0.3,0.3,0.0,0.0,3,0,0,7,0,0.0340662002563476,0.0,1.0,0.0,0.0,0.0,0.0,0.0,1.0,0.0,0.0,0.0,0.0,0.0,1.0,1.0,684,54,78,68.4,11.027239001672177,68.4,0.003809118270874,10,0.9312500860797212,144.0
20.0,6,64.0,662.8166877370418,0.0,0.0,1.0,0.0,0.0,0.0,0.0,0,0,0,10,0,0.0150871276855468,0.0,1.0,0.0,0.0,0.0,0.0,0.0,1.0,0.0,0.0,0.0,0.0,0.0,1.0,1.0,664,66,68,66.4,0.8432740427115678,66.4,0.0017663955688476,10,0.0,0.64
20.0,6,64.0,1448.8597188158485,0.0,0.0,0.5,0.5,0.5,0.0,0.0,5,0,0,5,0,0.0069019794464111,0.0,1.0,0.0,0.0,0.0,0.0,0.0,1.0,0.0,0.0,0.0,0.0,0.0,1.0,1.0,624,54,68,62.4,7.229568912920511,62.4,0.0006928920745849,10,0.9297030671923672,49.0
20.0,6,64.0,236.7710250302011,0.0,0.0,0.9,0.1,0.1,0.0,0.0,1,0,0,9,0,0.0422348976135253,0.0,1.0,0.0,0.0,0.0,0.0,0.0,1.0,0.0,0.0,0.0,0.0,0.0,1.0,1.0,628,54,68,62.8,4.9170903772228725,62.8,0.0042243003845214,10,0.9287610559360656,49.0
20.0,6,64.0,73584.28070175438,0.0,0.0,1.0,0.0,0.0,0.0,0.0,0,0,0,10,0,0.0001358985900878,0.0,1.0,0.0,0.0,0.0,0.0,0.0,1.0,0.0,0.0,0.0,0.0,0.0,1.0,1.0,652,64,66,65.2,1.0327955589886444,65.2,1.7094612121582032e-05,10,0.9101374495989096,1.0
20.0,6,64.0,223.84902760284356,0.0,0.0,1.0,0.0,0.0,0.0,0.0,0,0,0,10,0,0.0446729660034179,0.0,1.0,0.0,0.0,0.0,0.0,0.0,1.0,0.0,0.0,0.0,0.0,0.0,1.0,1.0,648,64,66,64.8,1.0327955589886444,64.8,0.0044687032699584,10,0.9101374495989096,1.0
20.0,6,64.0,4828.253712443881,0.0,0.0,1.0,0.0,0.0,0.0,0.0,0,0,0,10,0,0.0020711421966552,0.0,1.0,0.0,0.0,0.0,0.0,0.0,1.0,0.0,0.0,0.0,0.0,0.0,1.0,1.0,652,64,66,65.2,1.0327955589886444,65.2,0.0002086162567138,10,0.9101374495989096,1.0
20.0,6,64.0,207.1936532400684,0.0,0.0,0.7,0.3,0.3,0.0,0.0,3,0,0,7,0,0.0482640266418457,0.0,1.0,0.0,0.0,0.0,0.0,0.0,1.0,0.0,0.0,0.0,0.0,0.0,1.0,1.0,4644,54,1406,464.4,649.786836842155,464.4,0.0049286842346191,10,1.0,401429.3333333333
20.0,6,64.0,1684.0536416927648,0.0,0.0,0.7,0.3,0.3,0.0,0.0,3,0,0,7,0,0.0059380531311035,0.0,1.0,0.0,0.0,0.0,0.0,0.0,1.0,0.0,0.0,0.0,0.0,0.0,1.0,1.0,10004,54,1406,1000.4,653.078045361604,1000.4,0.0006616115570068,10,1.0,456976.0
20.0,6,64.0,4135.578781305462,0.0,0.0,0.7,0.3,0.3,0.0,0.0,3,0,0,7,0,0.002418041229248,0.0,1.0,0.0,0.0,0.0,0.0,0.0,1.0,0.0,0.0,0.0,0.0,0.0,1.0,1.0,11356,54,1406,1135.6,570.0532528730199,1135.6,0.0002445936203002,10,1.0,315934.024691358
20.0,6,64.0,298.28495028944485,0.0,0.0,0.5,0.5,0.5,0.0,0.0,5,0,0,5,0,0.0335249900817871,0.0,1.0,0.0,0.0,0.0,0.0,0.0,1.0,0.0,0.0,0.0,0.0,0.0,1.0,1.0,3274,54,1406,327.4,568.4904377188572,327.4,0.0033561944961547,10,1.0,456976.0
20.0,6,64.0,2361.923640049555,0.0,0.0,0.5,0.5,0.5,0.0,0.0,5,0,0,5,0,0.0042338371276855,0.0,1.0,0.0,0.0,0.0,0.0,0.0,1.0,0.0,0.0,0.0,0.0,0.0,1.0,1.0,590,54,64,59.0,5.270462766947299,59.0,0.0004251956939697,10,0.9289050057127436,25.0
20.0,6,64.0,652.9624036740095,0.0,0.0,0.5,0.5,0.5,0.0,0.0,5,0,0,5,0,0.0153148174285888,0.0,1.0,0.0,0.0,0.0,0.0,0.0,1.0,0.0,0.0,0.0,0.0,0.0,1.0,1.0,596,54,66,59.6,5.94792213951879,59.6,0.0015331983566284,10,0.9291809755627544,31.84
20.0,6,64.0,2151.0354377147546,0.0,0.0,0.5,0.5,0.5,0.0,0.0,5,0,0,5,0,0.0046489238739013,0.0,1.0,0.0,0.0,0.0,0.0,0.0,1.0,0.0,0.0,0.0,0.0,0.0,1.0,1.0,600,54,66,60.0,6.324555320336759,60.0,0.0004667043685913,10,0.9293344008552924,36.0
20.0,6,64.0,233.4487691117456,0.0,0.0,0.6,0.4,0.4,0.0,0.0,4,0,0,6,0,0.0428359508514404,0.0,1.0,0.0,0.0,0.0,0.0,0.0,1.0,0.0,0.0,0.0,0.0,0.0,1.0,1.0,612,54,66,61.2,6.196773353931867,61.2,0.0042875051498413,10,0.9292823475934576,36.0
20.0,6,64.0,1979.8461175359923,0.0,0.0,0.7,0.3,0.3,0.0,0.0,3,0,0,7,0,0.0050508975982666,0.0,1.0,0.0,0.0,0.0,0.0,0.0,1.0,0.0,0.0,0.0,0.0,0.0,1.0,1.0,612,54,66,61.2,6.196773353931867,61.2,0.000580096244812,10,0.9292823475934576,36.0
20.0,6,64.0,3411.66748007158,0.0,0.0,0.6,0.4,0.4,0.0,0.0,4,0,0,6,0,0.0029311180114746,0.0,1.0,0.0,0.0,0.0,0.0,0.0,1.0,0.0,0.0,0.0,0.0,0.0,1.0,1.0,624,54,68,62.4,7.229568912920511,62.4,0.0004011154174804,10,0.9297030671923672,47.04
20.0,6,64.0,388.71060118810414,0.0,0.0,0.5,0.5,0.5,0.0,0.0,5,0,0,5,0,0.0257260799407959,0.0,1.0,0.0,0.0,0.0,0.0,0.0,1.0,0.0,0.0,0.0,0.0,0.0,1.0,1.0,3226,54,1369,322.6,551.5407106964594,322.6,0.0026671886444091,10,1.0,273777.44000000006
20.0,6,64.0,472.54438936457865,0.0,0.0,0.6,0.4,0.4,0.0,0.0,4,0,0,6,0,0.0211620330810546,0.0,1.0,0.0,0.0,0.0,0.0,0.0,1.0,0.0,0.0,0.0,0.0,0.0,1.0,1.0,7115,54,1369,711.5,693.0658538535698,711.5,0.002119493484497,10,1.0,432306.25
20.0,6,64.0,1986.8801515869256,0.0,0.0,0.5,0.5,0.5,0.0,0.0,5,0,0,5,0,0.0050330162048339,0.0,1.0,0.0,0.0,0.0,0.0,0.0,1.0,0.0,0.0,0.0,0.0,0.0,1.0,1.0,8436,54,1371,843.6,679.5799683137617,843.6,0.0005064010620117,10,1.0,432635.4375
20.0,6,64.0,7512.634784166219,0.0,0.0,0.6,0.4,0.4,0.0,0.0,4,0,0,6,0,0.001331090927124,0.0,1.0,0.0,0.0,0.0,0.0,0.0,1.0,0.0,0.0,0.0,0.0,0.0,1.0,1.0,7125,54,1371,712.5,694.1199464069592,712.5,0.0001352071762084,10,1.0,433622.25
20.0,6,64.0,287.1434243855685,0.0,0.0,0.8,0.2,0.2,0.0,0.0,2,0,0,8,0,0.0348258018493652,0.0,1.0,0.0,0.0,0.0,0.0,0.0,1.0,0.0,0.0,0.0,0.0,0.0,1.0,1.0,3234,54,1371,323.4,552.1487722223662,323.4,0.0035667896270751,10,1.0,430348.5
20.0,6,64.0,18412.22124670764,0.0,0.0,0.8,0.2,0.2,0.0,0.0,2,0,0,8,0,0.0005431175231933,0.0,1.0,0.0,0.0,0.0,0.0,0.0,1.0,0.0,0.0,0.0,0.0,0.0,1.0,1.0,628,54,66,62.8,4.732863826479693,62.8,5.5217742919921874e-05,10,0.9286860094083548,21.135802469135804
20.0,6,64.0,3464.9351507641472,0.0,0.0,0.6,0.4,0.4,0.0,0.0,4,0,0,6,0,0.0028860569000244,0.0,1.0,0.0,0.0,0.0,0.0,0.0,1.0,0.0,0.0,0.0,0.0,0.0,1.0,1.0,612,54,66,61.2,6.196773353931867,61.2,0.0006944894790649,10,0.9292823475934576,36.0
20.0,6,64.0,1655.341384481806,0.0,0.0,1.0,0.0,0.0,0.0,0.0,0,0,0,10,0,0.0060410499572753,0.0,1.0,0.0,0.0,0.0,0.0,0.0,1.0,0.0,0.0,0.0,0.0,0.0,1.0,1.0,720,72,72,72.0,0.0,72.0,0.0043621063232421,10,0.0,0.0
20.0,6,64.0,3139.684108091923,0.0,0.0,1.0,0.0,0.0,0.0,0.0,0,0,0,10,0,0.0031850337982177,0.0,1.0,0.0,0.0,0.0,0.0,0.0,1.0,0.0,0.0,0.0,0.0,0.0,1.0,1.0,740,74,74,74.0,0.0,74.0,0.0007405042648315,10,0.0,0.0
20.0,6,64.0,334.9735251132071,0.0,0.0,1.0,0.0,0.0,0.0,0.0,0,0,0,10,0,0.0298531055450439,0.0,1.0,0.0,0.0,0.0,0.0,0.0,1.0,0.0,0.0,0.0,0.0,0.0,1.0,1.0,660,66,66,66.0,0.0,66.0,0.0062211990356445,10,0.0,0.0
20.0,6,64.0,6332.9367356183,0.0,0.0,1.0,0.0,0.0,0.0,0.0,0,0,0,10,0,0.0015790462493896,0.0,1.0,0.0,0.0,0.0,0.0,0.0,1.0,0.0,0.0,0.0,0.0,0.0,1.0,1.0,660,66,66,66.0,0.0,66.0,0.0001669883728027,10,0.0,0.0
20.0,6,64.0,1145.32754430518,0.0,0.0,0.5,0.5,0.5,0.0,0.0,5,0,0,5,0,0.0087311267852783,0.0,1.0,0.0,0.0,0.0,0.0,0.0,1.0,0.0,0.0,0.0,0.0,0.0,1.0,1.0,612,54,66,61.2,6.196773353931867,61.2,0.0029442071914672,10,0.9292823475934576,36.0
20.0,6,64.0,624.6078241574958,0.0,0.0,0.5,0.5,0.5,0.0,0.0,5,0,0,5,0,0.016010046005249,0.0,1.0,0.0,0.0,0.0,0.0,0.0,1.0,0.0,0.0,0.0,0.0,0.0,1.0,1.0,602,54,68,60.2,6.562519841239848,60.2,0.0016366004943847,10,0.9294313380825274,38.76
20.0,6,64.0,1986.8801515869256,0.0,0.0,0.6,0.4,0.4,0.0,0.0,4,0,0,6,0,0.0050330162048339,0.0,1.0,0.0,0.0,0.0,0.0,0.0,1.0,0.0,0.0,0.0,0.0,0.0,1.0,1.0,610,54,68,61.0,7.378647873726218,61.0,0.0005073070526123,10,0.9297637959978412,49.0
20.0,6,64.0,374.94001752096256,0.0,0.0,0.5,0.5,0.5,0.0,0.0,5,0,0,5,0,0.0266709327697753,0.0,1.0,0.0,0.0,0.0,0.0,0.0,1.0,0.0,0.0,0.0,0.0,0.0,1.0,1.0,3300,54,1406,330.0,567.1401943082503,330.0,0.0027711868286132,10,1.0,289483.2
20.0,6,64.0,398.5995856537357,0.0,0.0,0.5,0.5,0.5,0.0,0.0,5,0,0,5,0,0.025087833404541,0.0,1.0,0.0,0.0,0.0,0.0,0.0,1.0,0.0,0.0,0.0,0.0,0.0,1.0,1.0,7300,54,1406,730.0,712.5665660912748,730.0,0.0025130987167358,10,1.0,456976.0
20.0,6,64.0,3045.9724037763253,0.0,0.0,0.6,0.4,0.4,0.0,0.0,4,0,0,6,0,0.0032830238342285,0.0,1.0,0.0,0.0,0.0,0.0,0.0,1.0,0.0,0.0,0.0,0.0,0.0,1.0,1.0,7300,54,1406,730.0,712.5665660912748,730.0,0.0003314018249511,10,1.0,456976.0
20.0,6,64.0,2704.781066615077,0.0,0.0,0.5,0.5,0.5,0.0,0.0,5,0,0,5,0,0.0036971569061279,0.0,1.0,0.0,0.0,0.0,0.0,0.0,1.0,0.0,0.0,0.0,0.0,0.0,1.0,1.0,8652,54,1406,865.2,698.1697978763236,865.2,0.0004558086395263,10,1.0,451334.3209876543
20.0,6,64.0,308.9567388790265,0.0,0.0,1.0,0.0,0.0,0.0,0.0,0,0,0,10,0,0.0323669910430908,0.0,1.0,0.0,0.0,0.0,0.0,0.0,1.0,0.0,0.0,0.0,0.0,0.0,1.0,1.0,3314,54,1406,331.4,566.3725118879112,331.4,0.0032397985458374,10,1.0,456976.0
20.0,6,64.0,62883.11844077961,0.0,0.0,1.0,0.0,0.0,0.0,0.0,0,0,0,10,0,0.0001590251922607,0.0,1.0,0.0,0.0,0.0,0.0,0.0,1.0,0.0,0.0,0.0,0.0,0.0,1.0,1.0,654,64,66,65.4,0.9660917830792958,65.4,1.7404556274414062e-05,10,0.0,1.0
20.0,6,64.0,221.61714898630976,0.0,0.0,0.7,0.3,0.3,0.0,0.0,3,0,0,7,0,0.0451228618621826,0.0,1.0,0.0,0.0,0.0,0.0,0.0,1.0,0.0,0.0,0.0,0.0,0.0,1.0,1.0,636,54,66,63.6,5.059644256269407,63.6,0.0045143842697143,10,0.928819126684234,27.0
20.0,6,64.0,1381.9782537067545,0.0,0.0,0.8,0.2,0.2,0.0,0.0,2,0,0,8,0,0.0072360038757324,0.0,1.0,0.0,0.0,0.0,0.0,0.0,1.0,0.0,0.0,0.0,0.0,0.0,1.0,1.0,628,54,68,62.8,6.124631508189788,62.8,0.0007256031036376,10,0.9292529598911762,36.0
20.0,6,64.0,1912.0641867250183,0.0,0.0,0.6,0.4,0.4,0.0,0.0,4,0,0,6,0,0.0052299499511718,0.0,1.0,0.0,0.0,0.0,0.0,0.0,1.0,0.0,0.0,0.0,0.0,0.0,1.0,1.0,624,54,68,62.4,7.229568912920511,62.4,0.0005244970321655,10,0.9297030671923672,47.04
20.0,6,64.0,4629.474613686534,0.0,0.0,0.6666666666666666,0.3333333333333333,0.3333333333333333,0.0,0.0,1,0,0,2,0,0.000648021697998,0.0,1.0,0.0,0.0,0.0,0.0,0.0,1.0,0.0,0.0,0.0,0.0,0.0,1.0,1.0,190,54,68,63.333333333333336,8.082903768654761,63.333333333333336,0.0004057089487711,3,0.9300506816791992,43.55555555555557
