Header_Length,Protocol Type,Time_To_Live,Rate,fin_flag_number,syn_flag_number,rst_flag_number,psh_flag_number,ack_flag_number,ece_flag_number,cwr_flag_number,ack_count,syn_count,fin_count,rst_count,urg_count,Flow Duration,HTTP,HTTPS,DNS,Telnet,SMTP,SSH,IRC,TCP,UDP,DHCP,ARP,ICMP,IGMP,IPv,LLC,Tot sum,Min,Max,AVG,Std,Tot size,IAT,Number,Variance,Covariance
0.0,47,63.5,682.6444451678005,0.0,0.0,0.0,0.0,0.0,0.0,0.0,0,0,0,0,0,0.0146489143371582,0.0,0.0,0.0,0.0,0.0,0.0,0.0,0.0,0.0,0.0,0.0,0.0,0.0,1.0,1.0,5862,565,628,586.2,22.991785972869145,586.2,0.0014648914337158,10,0.0653135339339079,992.25
0.0,47,63.5,574.2868487711371,0.0,0.0,0.0,0.0,0.0,0.0,0.0,0,0,0,0,0,0.0174129009246826,0.0,0.0,0.0,0.0,0.0,0.0,0.0,0.0,0.0,0.0,0.0,0.0,0.0,1.0,1.0,5840,580,588,584.0,3.333333333333333,584.0,0.001953101158142,10,0.0317435166666667,16.0
0.0,47,63.5,1918.6240336672613,0.0,0.0,0.0,0.0,0.0,0.0,0.0,0,0,0,0,0,0.0052120685577392,0.0,0.0,0.0,0.0,0.0,0.0,0.0,0.0,0.0,0.0,0.0,0.0,0.0,1.0,1.0,5842,579,588,584.2,3.359894178227774,584.2,0.0006093978881835,10,0.0334584664924429,10.16
0.0,47,63.6,1468.1825819098292,0.0,0.0,0.0,0.0,0.0,0.0,0.0,0,0,0,0,0,0.0068111419677734,0.0,0.0,0.0,0.0,0.0,0.0,0.0,0.0,0.0,0.0,0.0,0.1,0.0,1.0,1.0,5804,576,590,580.4,4.926120853842977,580.4,0.0007724046707153,10,0.0392088745910215,49.0
0.0,47,63.5,356.8253860223744,0.0,0.0,0.0,0.0,0.0,0.0,0.0,0,0,0,0,0,0.0280249118804931,0.0,0.0,0.0,0.0,0.0,0.0,0.0,0.0,0.0,0.0,0.0,0.0,0.0,1.0,1.0,5173,420,578,517.3,55.259086733917954,517.3,0.0028034925460815,10,0.3255567915719289,6241.0
0.0,47,63.5,1580.013561365177,0.0,0.0,0.0,0.0,0.0,0.0,0.0,0,0,0,0,0,0.00632905960083,0.0,0.0,0.0,0.0,0.0,0.0,0.0,0.0,0.0,0.0,0.0,0.0,0.0,1.0,1.0,5219,511,540,521.9,9.882082551545274,521.9,0.0006355047225952,10,0.1519961851481975,87.89
0.0,47,63.5,1147.9606973752634,0.0,0.0,0.0,0.0,0.0,0.0,0.0,0,0,0,0,0,0.0087110996246337,0.0,0.0,0.0,0.0,0.0,0.0,0.0,0.0,0.0,0.0,0.0,0.0,0.0,1.0,1.0,5217,511,540,521.7,7.93095202355934,521.7,0.0008723974227905,10,0.1512013726163172,81.0
0.0,47,63.5,5640.537923614847,0.0,0.0,0.0,0.0,0.0,0.0,0.0,0,0,0,0,0,0.0017728805541992,0.0,0.0,0.0,0.0,0.0,0.0,0.0,0.0,0.0,0.0,0.0,0.0,0.0,1.0,1.0,5221,519,526,522.1,2.424412872795757,522.1,0.0001785993576049,10,0.1353251888278621,5.29
0.0,47,63.5,53159.74651457541,0.0,0.0,0.0,0.0,0.0,0.0,0.0,0,0,0,0,0,0.0001881122589111,0.0,0.0,0.0,0.0,0.0,0.0,0.0,0.0,0.0,0.0,0.0,0.0,0.0,1.0,1.0,5190,447,572,519.0,42.7551166528639,519.0,1.981258392333984e-05,10,0.2744516643197107,3168.56
0.0,47,63.5,438.2717004002048,0.0,0.0,0.0,0.0,0.0,0.0,0.0,0,0,0,0,0,0.0228168964385986,0.0,0.0,0.0,0.0,0.0,0.0,0.0,0.0,0.0,0.0,0.0,0.0,0.0,1.0,1.0,5263,511,536,526.3,8.80719402912566,526.3,0.0022832870483398,10,0.1515583185597046,77.50617283950618
0.0,47,63.5,6911.029823694184,0.0,0.0,0.0,0.0,0.0,0.0,0.0,0,0,0,0,0,0.0014469623565673,0.0,0.0,0.0,0.0,0.0,0.0,0.0,0.0,0.0,0.0,0.0,0.0,0.0,1.0,1.0,5303,507,541,530.3,13.08986036764504,530.3,0.0001457929611206,10,0.1601194255193639,232.64
0.0,47,63.5,55924.05333333334,0.0,0.0,0.0,0.0,0.0,0.0,0.0,0,0,0,0,0,0.0001788139343261,0.0,0.0,0.0,0.0,0.0,0.0,0.0,0.0,0.0,0.0,0.0,0.0,0.0,1.0,1.0,5268,521,532,526.8,3.8239014399199966,526.8,1.900196075439453e-05,10,0.1324870244905658,14.285714285714286
0.0,47,63.5,51781.53086419753,0.0,0.0,0.0,0.0,0.0,0.0,0.0,0,0,0,0,0,0.0001931190490722,0.0,0.0,0.0,0.0,0.0,0.0,0.0,0.0,0.0,0.0,0.0,0.0,0.0,1.0,1.0,5734,532,578,573.4,14.546477236774548,573.4,2.031326293945313e-05,10,0.1181095429671725,529.0
0.0,47,63.5,56223.91420911528,0.0,0.0,0.0,0.0,0.0,0.0,0.0,0,0,0,0,0,0.0001778602600097,0.0,0.0,0.0,0.0,0.0,0.0,0.0,0.0,0.0,0.0,0.0,0.0,0.0,1.0,1.0,5780,578,578,578.0,0.0,578.0,1.8787384033203124e-05,10,0.0,0.0
0.0,47,63.5,2245.5851804261697,0.0,0.0,0.0,0.0,0.0,0.0,0.0,0,0,0,0,0,0.0044531822204589,0.0,0.0,0.0,0.0,0.0,0.0,0.0,0.0,0.0,0.0,0.0,0.1,0.0,1.0,1.0,5792,578,590,579.2,3.794733192202055,579.2,0.0004464149475097,10,0.0353397325131754,17.632653061224488
0.0,47,63.5,2550.969468434497,0.0,0.0,0.0,0.0,0.0,0.0,0.0,0,0,0,0,0,0.0039200782775878,0.0,0.0,0.0,0.0,0.0,0.0,0.0,0.0,0.0,0.0,0.0,0.0,0.0,1.0,1.0,5780,578,578,578.0,0.0,578.0,0.0009654998779296,10,0.0,0.0
0.0,47,63.5,1225.795364877108,0.0,0.0,0.0,0.0,0.0,0.0,0.0,0,0,0,0,0,0.0081579685211181,0.0,0.0,0.0,0.0,0.0,0.0,0.0,0.0,0.0,0.0,0.0,0.0,0.0,1.0,1.0,5886,567,630,588.6,22.780108281861462,588.6,0.0008173942565917,10,0.0618190449096991,754.8888888888888
0.0,47,63.5,2040.4280988519167,0.0,0.0,0.0,0.0,0.0,0.0,0.0,0,0,0,0,0,0.0049009323120117,0.0,0.0,0.0,0.0,0.0,0.0,0.0,0.0,0.0,0.0,0.0,0.0,0.0,1.0,1.0,5776,571,581,577.6,4.195235392680606,577.6,0.0004930973052978,10,0.0474317910895624,20.22222222222222
0.0,47,63.5,418.34270895671256,0.0,0.0,0.0,0.0,0.0,0.0,0.0,0,0,0,0,0,0.0239038467407226,0.0,0.0,0.0,0.0,0.0,0.0,0.0,0.0,0.0,0.0,0.0,0.0,0.0,1.0,1.0,5772,573,587,577.2,5.902918298980975,577.2,0.0023943901062011,10,0.0447191727982728,49.0
0.0,47,63.5,2987.821627012395,0.0,0.0,0.0,0.0,0.0,0.0,0.0,0,0,0,0,0,0.0033469200134277,0.0,0.0,0.0,0.0,0.0,0.0,0.0,0.0,0.0,0.0,0.0,0.0,0.0,1.0,1.0,5800,575,585,580.0,4.109609335312651,580.0,0.0008326053619384,10,0.040580390458833,16.88888888888889
0.0,47,63.5,89430.78891257996,0.0,0.0,0.0,0.0,0.0,0.0,0.0,0,0,0,0,0,0.0001118183135986,0.0,0.0,0.0,0.0,0.0,0.0,0.0,0.0,0.0,0.0,0.0,0.0,0.0,1.0,1.0,5568,497,589,556.8,33.77309909117347,556.8,1.2898445129394532e-05,10,0.1855862496457805,1760.9599999999998
0.0,47,63.5,64133.08868501529,0.0,0.0,0.0,0.0,0.0,0.0,0.0,0,0,0,0,0,0.0001559257507324,0.0,0.0,0.0,0.0,0.0,0.0,0.0,0.0,0.0,0.0,0.0,0.0,0.0,1.0,1.0,5396,532,549,539.6,8.154071920757682,539.6,1.7309188842773436e-05,10,0.1155055327376399,72.25
0.0,47,63.5,8756.375782881001,0.0,0.0,0.0,0.0,0.0,0.0,0.0,0,0,0,0,0,0.0011420249938964,0.0,0.0,0.0,0.0,0.0,0.0,0.0,0.0,0.0,0.0,0.0,0.0,0.0,1.0,1.0,5482,543,552,548.2,3.489667287547307,548.2,0.0002449989318847,10,0.0948600108662552,12.1875
0.0,47,63.5,4786.925359506962,0.0,0.0,0.0,0.0,0.0,0.0,0.0,0,0,0,0,0,0.0020890235900878,0.0,0.0,0.0,0.0,0.0,0.0,0.0,0.0,0.0,0.0,0.0,0.0,0.0,1.0,1.0,5460,538,556,546.0,6.765927710061479,546.0,0.0002109050750732,10,0.1047152783119706,41.2
0.0,47,63.5,94466.3063063063,0.0,0.0,0.0,0.0,0.0,0.0,0.0,0,0,0,0,0,0.000105857849121,0.0,0.0,0.0,0.0,0.0,0.0,0.0,0.0,0.0,0.0,0.0,0.0,0.0,1.0,1.0,5810,545,626,581.0,28.635642126552707,581.0,1.2183189392089844e-05,10,0.1016952151766725,1206.0
0.0,47,63.5,4424.838063086823,0.0,0.0,0.0,0.0,0.0,0.0,0.0,0,0,0,0,0,0.0022599697113037,0.0,0.0,0.0,0.0,0.0,0.0,0.0,0.0,0.0,0.0,0.0,0.0,0.0,1.0,1.0,5808,576,586,580.8,3.489667287547307,580.8,0.0002274990081787,10,0.0386237208662553,10.96
0.0,47,63.5,2023.88728044779,0.0,0.0,0.0,0.0,0.0,0.0,0.0,0,0,0,0,0,0.0049409866333007,0.0,0.0,0.0,0.0,0.0,0.0,0.0,0.0,0.0,0.0,0.0,0.0,0.0,1.0,1.0,5824,579,584,582.4,2.1705094128132942,582.4,0.0004971027374267,10,0.0329739587144036,4.5
0.0,47,63.5,3004.9462673735493,0.0,0.0,0.0,0.0,0.0,0.0,0.0,0,0,0,0,0,0.0033278465270996,0.0,0.0,0.0,0.0,0.0,0.0,0.0,0.0,0.0,0.0,0.0,0.0,0.0,1.0,1.0,5770,574,581,577.0,2.748737083745107,577.0,0.0006572008132934,10,0.0417301555384343,7.265306122448979
0.0,47,63.5,79437.57575757576,0.0,0.0,0.0,0.0,0.0,0.0,0.0,0,0,0,0,0,0.0001258850097656,0.0,0.0,0.0,0.0,0.0,0.0,0.0,0.0,0.0,0.0,0.0,0.0,0.0,1.0,1.0,5788,578,582,578.8,1.6865480854231354,578.8,0.0005172967910766,10,0.0344809422280779,4.0
0.0,47,63.5,1930.101698035065,0.0,0.0,0.0,0.0,0.0,0.0,0.0,0,0,0,0,0,0.005181074142456,0.0,0.0,0.0,0.0,0.0,0.0,0.0,0.0,0.0,0.0,0.0,0.0,0.0,1.0,1.0,5780,578,578,578.0,0.0,578.0,0.0007412195205688,10,0.0,0.0
0.0,47,63.5,1927.5294117647056,0.0,0.0,0.0,0.0,0.0,0.0,0.0,0,0,0,0,0,0.00518798828125,0.0,0.0,0.0,0.0,0.0,0.0,0.0,0.0,0.0,0.0,0.0,0.0,0.0,1.0,1.0,5780,578,578,578.0,0.0,578.0,0.0006311893463134,10,0.0,0.0
0.0,47,63.5,3885.053723601334,0.0,0.0,0.0,0.0,0.0,0.0,0.0,0,0,0,0,0,0.0025739669799804,0.0,0.0,0.0,0.0,0.0,0.0,0.0,0.0,0.0,0.0,0.0,0.0,0.0,1.0,1.0,5780,578,578,578.0,0.0,578.0,0.0002583980560302,10,0.0,0.0
0.0,47,63.5,2887.644750430293,0.0,0.0,0.0,0.0,0.0,0.0,0.0,0,0,0,0,0,0.0034630298614501,0.0,0.0,0.0,0.0,0.0,0.0,0.0,0.0,0.0,0.0,0.0,0.0,0.0,1.0,1.0,5780,578,578,578.0,0.0,578.0,0.0003473997116088,10,0.0,0.0
0.0,47,63.5,725.1562932226833,0.0,0.0,0.0,0.0,0.0,0.0,0.0,0,0,0,0,0,0.0137901306152343,0.0,0.0,0.0,0.0,0.0,0.0,0.0,0.0,0.0,0.0,0.0,0.0,0.0,1.0,1.0,5780,578,578,578.0,0.0,578.0,0.0013806104660034,10,0.0,0.0
0.0,47,63.5,182361.0434782609,0.0,0.0,0.0,0.0,0.0,0.0,0.0,0,0,0,0,0,5.4836273193359375e-05,0.0,0.0,0.0,0.0,0.0,0.0,0.0,0.0,0.0,0.0,0.0,0.0,0.0,1.0,1.0,5780,578,578,578.0,0.0,578.0,6.389617919921875e-06,10,0.0,0.0
0.0,47,63.5,188932.6126126126,0.0,0.0,0.0,0.0,0.0,0.0,0.0,0,0,0,0,0,5.292892456054688e-05,0.0,0.0,0.0,0.0,0.0,0.0,0.0,0.0,0.0,0.0,0.0,0.0,0.0,1.0,1.0,5780,578,578,578.0,0.0,578.0,6.198883056640625e-06,10,0.0,0.0
0.0,47,63.5,161319.38461538462,0.0,0.0,0.0,0.0,0.0,0.0,0.0,0,0,0,0,0,6.198883056640625e-05,0.0,0.0,0.0,0.0,0.0,0.0,0.0,0.0,0.0,0.0,0.0,0.0,0.0,1.0,1.0,5216,420,578,521.6,58.5096383323105,521.6,7.104873657226563e-06,10,0.3268809362710501,6241.0
0.0,47,63.5,9497.971014492754,0.0,0.0,0.0,0.0,0.0,0.0,0.0,0,0,0,0,0,0.0010528564453125,0.0,0.0,0.0,0.0,0.0,0.0,0.0,0.0,0.0,0.0,0.0,0.0,0.0,1.0,1.0,5188,512,525,518.8,4.779586221049312,518.8,0.0001061916351318,10,0.1482135022430066,23.25
0.0,47,63.5,3610.177311069031,0.0,0.0,0.0,0.0,0.0,0.0,0.0,0,0,0,0,0,0.0027699470520019,0.0,0.0,0.0,0.0,0.0,0.0,0.0,0.0,0.0,0.0,0.0,0.0,0.0,1.0,1.0,5276,511,542,527.6,12.084884957848976,527.6,0.0002794027328491,10,0.1528935187364294,135.5
0.0,47,63.5,2059.666077391475,0.0,0.0,0.0,0.0,0.0,0.0,0.0,0,0,0,0,0,0.0048551559448242,0.0,0.0,0.0,0.0,0.0,0.0,0.0,0.0,0.0,0.0,0.0,0.0,0.0,1.0,1.0,5206,511,531,520.6,7.961016127215029,520.6,0.0005978107452392,10,0.1512136195295823,58.5
0.0,47,63.5,2998.501572776666,0.0,0.0,0.0,0.0,0.0,0.0,0.0,0,0,0,0,0,0.0033349990844726,0.0,0.0,0.0,0.0,0.0,0.0,0.0,0.0,0.0,0.0,0.0,0.0,0.0,1.0,1.0,5146,425,564,514.6,49.58315126016991,514.6,0.0005156993865966,10,0.3147239924973429,3440.6666666666665
0.0,47,63.5,72944.41739130435,0.0,0.0,0.0,0.0,0.0,0.0,0.0,0,0,0,0,0,0.0001370906829833,0.0,0.0,0.0,0.0,0.0,0.0,0.0,0.0,0.0,0.0,0.0,0.0,0.0,1.0,1.0,5212,508,532,521.2,8.62554346113913,521.2,0.0011990070343017,10,0.1565967113843296,66.96000000000001
0.0,47,63.5,107546.2564102564,0.0,0.0,0.0,0.0,0.0,0.0,0.0,0,0,0,0,0,9.298324584960938e-05,0.0,0.0,0.0,0.0,0.0,0.0,0.0,0.0,0.0,0.0,0.0,0.0,0.0,1.0,1.0,5194,506,530,519.4,9.559172442098625,519.4,1.0895729064941409e-05,10,0.1603852944860133,82.24
0.0,47,63.5,10080.03845229512,0.0,0.0,0.0,0.0,0.0,0.0,0.0,0,0,0,0,0,0.0009920597076416,0.0,0.0,0.0,0.0,0.0,0.0,0.0,0.0,0.0,0.0,0.0,0.0,0.0,1.0,1.0,5210,515,527,521.0,4.371625682868,521.0,0.0001008033752441,10,0.1429349254381731,24.222222222222225
0.0,47,63.5,5293.833144011107,0.0,0.0,0.0,0.0,0.0,0.0,0.0,0,0,0,0,0,0.0018889904022216,0.0,0.0,0.0,0.0,0.0,0.0,0.0,0.0,0.0,0.0,0.0,0.0,0.0,1.0,1.0,5438,512,595,543.8,31.884513830733287,543.8,0.0001906871795654,10,0.1592549655540875,1494.8888888888887
0.0,47,63.5,889.8491566776281,0.0,0.0,0.0,0.0,0.0,0.0,0.0,0,0,0,0,0,0.0112378597259521,0.0,0.0,0.0,0.0,0.0,0.0,0.0,0.0,0.0,0.0,0.0,0.0,0.0,1.0,1.0,5518,550,554,551.8,1.3984117975602022,551.8,0.0011276960372924,10,0.0820792070298541,1.7599999999999998
0.0,47,63.6,626.68897920153,0.0,0.0,0.0,0.0,0.0,0.0,0.0,0,0,0,0,0,0.0159568786621093,0.0,0.0,0.0,0.0,0.0,0.0,0.0,0.0,0.0,0.0,0.0,0.1,0.0,1.0,1.0,5528,547,577,552.8,8.727988186161674,552.8,0.0018506050109863,10,0.0901773732675148,68.55999999999999
0.0,47,63.5,1534.6886205634833,0.0,0.0,0.0,0.0,0.0,0.0,0.0,0,0,0,0,0,0.0065159797668457,0.0,0.0,0.0,0.0,0.0,0.0,0.0,0.0,0.0,0.0,0.0,0.0,0.0,1.0,1.0,5496,546,555,549.6,2.7568097504180447,549.6,0.0006531000137329,10,0.0894490840199303,6.840000000000001
0.0,47,63.5,48321.47465437788,0.0,0.0,0.0,0.0,0.0,0.0,0.0,0,0,0,0,0,0.0002069473266601,0.0,0.0,0.0,0.0,0.0,0.0,0.0,0.0,0.0,0.0,0.0,0.0,0.0,1.0,1.0,5715,548,615,571.5,25.82526755804177,571.5,2.2196769714355467e-05,10,0.0954379909924438,841.0612244897959
0.0,47,63.5,954.2919548598472,0.0,0.0,0.0,0.0,0.0,0.0,0.0,0,0,0,0,0,0.0104789733886718,0.0,0.0,0.0,0.0,0.0,0.0,0.0,0.0,0.0,0.0,0.0,0.0,0.0,1.0,1.0,5764,575,578,576.4,1.07496769977314,576.4,0.0010493993759155,10,0.0393441988421796,1.3877551020408163
0.0,47,63.5,4953.12234293812,0.0,0.0,0.0,0.0,0.0,0.0,0.0,0,0,0,0,0,0.002018928527832,0.0,0.0,0.0,0.0,0.0,0.0,0.0,0.0,0.0,0.0,0.0,0.0,0.0,1.0,1.0,5774,574,583,577.4,3.470510689285432,577.4,0.0002036094665527,10,0.0420241772343872,10.84
0.0,47,63.5,57456.21917808219,0.0,0.0,0.0,0.0,0.0,0.0,0.0,0,0,0,0,0,0.0001740455627441,0.0,0.0,0.0,0.0,0.0,0.0,0.0,0.0,0.0,0.0,0.0,0.0,0.0,1.0,1.0,5746,569,581,574.6,4.168666186896928,574.6,1.8405914306640626e-05,10,0.0508292278578943,20.816326530612248
0.0,47,63.5,58173.42579750347,0.0,0.0,0.0,0.0,0.0,0.0,0.0,0,0,0,0,0,0.0001718997955322,0.0,0.0,0.0,0.0,0.0,0.0,0.0,0.0,0.0,0.0,0.0,0.0,0.0,1.0,1.0,5443,473,581,544.3,42.93159934386584,544.3,1.8191337585449215e-05,10,0.2302161763087172,2621.04
0.0,47,63.5,479.8919920824704,0.0,0.0,0.0,0.0,0.0,0.0,0.0,0,0,0,0,0,0.0208380222320556,0.0,0.0,0.0,0.0,0.0,0.0,0.0,0.0,0.0,0.0,0.0,0.0,0.0,1.0,1.0,5366,519,549,536.6,8.809086218218095,536.6,0.0020847082138061,10,0.1379260493618534,69.84
0.0,47,63.5,872.9040582726327,0.0,0.0,0.0,0.0,0.0,0.0,0.0,0,0,0,0,0,0.01145601272583,0.0,0.0,0.0,0.0,0.0,0.0,0.0,0.0,0.0,0.0,0.0,0.0,0.0,1.0,1.0,5409,519,556,540.9,11.939197814109807,540.9,0.0011476993560791,10,0.1392011316215558,342.25
0.0,47,63.5,2631.4724888637934,0.0,0.0,0.0,0.0,0.0,0.0,0.0,0,0,0,0,0,0.0038001537322998,0.0,0.0,0.0,0.0,0.0,0.0,0.0,0.0,0.0,0.0,0.0,0.0,0.0,1.0,1.0,5313,517,547,531.3,10.832564075252192,531.3,0.0003808975219726,10,0.1421585933016947,128.16
0.0,47,63.5,2176.37193856372,0.0,0.0,0.0,0.0,0.0,0.0,0.0,0,0,0,0,0,0.0045948028564453,0.0,0.0,0.0,0.0,0.0,0.0,0.0,0.0,0.0,0.0,0.0,0.0,0.0,1.0,1.0,5657,517,578,565.7,21.42195135836136,565.7,0.0004614830017089,10,0.1464722861053421,523.44
0.0,47,63.5,2553.6097412480976,0.0,0.0,0.0,0.0,0.0,0.0,0.0,0,0,0,0,0,0.0039160251617431,0.0,0.0,0.0,0.0,0.0,0.0,0.0,0.0,0.0,0.0,0.0,0.0,0.0,1.0,1.0,5780,578,578,578.0,0.0,578.0,0.0003933191299438,10,0.0,0.0
0.0,47,63.5,981.5370214359262,0.0,0.0,0.0,0.0,0.0,0.0,0.0,0,0,0,0,0,0.0101881027221679,0.0,0.0,0.0,0.0,0.0,0.0,0.0,0.0,0.0,0.0,0.0,0.0,0.0,1.0,1.0,5780,578,578,578.0,0.0,578.0,0.0010206937789916,10,0.0,0.0
0.0,47,63.5,7178.339893890125,0.0,0.0,0.0,0.0,0.0,0.0,0.0,0,0,0,0,0,0.0013930797576904,0.0,0.0,0.0,0.0,0.0,0.0,0.0,0.0,0.0,0.0,0.0,0.0,0.0,1.0,1.0,5780,578,578,578.0,0.0,578.0,0.0001405954360961,10,0.0,0.0
0.0,47,63.5,1078.8651387709956,0.0,0.0,0.0,0.0,0.0,0.0,0.0,0,0,0,0,0,0.0092689990997314,0.0,0.0,0.0,0.0,0.0,0.0,0.0,0.0,0.0,0.0,0.0,0.0,0.0,1.0,1.0,5248,420,578,524.8,61.19513415660141,524.8,0.000927996635437,10,0.3279748998500332,5991.36
0.0,47,63.5,1723.2852623361682,0.0,0.0,0.0,0.0,0.0,0.0,0.0,0,0,0,0,0,0.0058028697967529,0.0,0.0,0.0,0.0,0.0,0.0,0.0,0.0,0.0,0.0,0.0,0.0,0.0,1.0,1.0,5162,508,528,516.2,6.811754546370561,516.2,0.0005810976028442,10,0.1558578463320095,56.693877551020414
0.0,47,63.5,3120.29757476566,0.0,0.0,0.0,0.0,0.0,0.0,0.0,0,0,0,0,0,0.0032048225402832,0.0,0.0,0.0,0.0,0.0,0.0,0.0,0.0,0.0,0.0,0.0,0.0,0.0,1.0,1.0,5173,503,531,517.3,10.56251232740898,517.3,0.0003226995468139,10,0.1659064050216933,115.67346938775508
0.0,47,63.5,1468.4395896789554,0.0,0.0,0.0,0.0,0.0,0.0,0.0,0,0,0,0,0,0.0068099498748779,0.0,0.0,0.0,0.0,0.0,0.0,0.0,0.0,0.0,0.0,0.0,0.0,0.0,1.0,1.0,5171,505,530,517.1,9.677580046455596,517.1,0.0006829023361206,10,0.1621376590077241,93.50617283950618
0.0,47,63.5,16637.46132487108,0.0,0.0,0.0,0.0,0.0,0.0,0.0,0,0,0,0,0,0.000601053237915,0.0,0.0,0.0,0.0,0.0,0.0,0.0,0.0,0.0,0.0,0.0,0.0,0.0,1.0,1.0,5624,516,578,562.4,25.447986167867978,562.4,6.0510635375976565e-05,10,0.1498164616453427,701.0
0.0,47,63.5,1671.9700231204656,0.0,0.0,0.0,0.0,0.0,0.0,0.0,0,0,0,0,0,0.0059809684753417,0.0,0.0,0.0,0.0,0.0,0.0,0.0,0.0,0.0,0.0,0.0,0.0,0.0,1.0,1.0,5780,578,578,578.0,0.0,578.0,0.0005990982055664,10,0.0,0.0
0.0,47,63.5,862.4399070589928,0.0,0.0,0.0,0.0,0.0,0.0,0.0,0,0,0,0,0,0.0115950107574462,0.0,0.0,0.0,0.0,0.0,0.0,0.0,0.0,0.0,0.0,0.0,0.0,0.0,1.0,1.0,5780,578,578,578.0,0.0,578.0,0.0011600971221923,10,0.0,0.0
0.0,47,63.5,137068.75816993465,0.0,0.0,0.0,0.0,0.0,0.0,0.0,0,0,0,0,0,7.295608520507812e-05,0.0,0.0,0.0,0.0,0.0,0.0,0.0,0.0,0.0,0.0,0.0,0.0,0.0,1.0,1.0,5780,578,578,578.0,0.0,578.0,8.392333984375e-06,10,0.0,0.0
0.0,47,63.5,2179.0856192851206,0.0,0.0,0.0,0.0,0.0,0.0,0.0,0,0,0,0,0,0.0045890808105468,0.0,0.0,0.0,0.0,0.0,0.0,0.0,0.0,0.0,0.0,0.0,0.0,0.0,1.0,1.0,5809,556,619,580.9,21.804433799879632,580.9,0.0004592180252075,10,0.0801670241527189,589.1020408163265
0.0,47,63.5,8967.936711567245,0.0,0.0,0.0,0.0,0.0,0.0,0.0,0,0,0,0,0,0.001115083694458,0.0,0.0,0.0,0.0,0.0,0.0,0.0,0.0,0.0,0.0,0.0,0.0,0.0,1.0,1.0,5822,577,585,582.2,2.485513584307633,582.2,0.0001121997833251,10,0.0365105388137035,12.25
0.0,47,63.5,2290.9678828927244,0.0,0.0,0.0,0.0,0.0,0.0,0.0,0,0,0,0,0,0.0043649673461914,0.0,0.0,0.0,0.0,0.0,0.0,0.0,0.0,0.0,0.0,0.0,0.0,0.0,1.0,1.0,5810,575,585,581.0,4.055175020198813,581.0,0.0004377841949462,10,0.0405582160962282,18.33333333333333
0.0,47,63.5,1286.5173915710693,0.0,0.0,0.0,0.0,0.0,0.0,0.0,0,0,0,0,0,0.0077729225158691,0.0,0.0,0.0,0.0,0.0,0.0,0.0,0.0,0.0,0.0,0.0,0.0,0.0,1.0,1.0,5815,576,587,581.5,4.116363011742823,581.5,0.0007776021957397,10,0.0388790116364635,18.20408163265306
0.0,47,63.5,5210.962852528264,0.0,0.0,0.0,0.0,0.0,0.0,0.0,0,0,0,0,0,0.0019190311431884,0.0,0.0,0.0,0.0,0.0,0.0,0.0,0.0,0.0,0.0,0.0,0.0,0.0,1.0,1.0,5261,420,578,526.1,60.815659533087725,526.1,0.0001923084259033,10,0.3278203170673986,5941.039999999999
0.0,47,63.5,99864.38095238096,0.0,0.0,0.0,0.0,0.0,0.0,0.0,0,0,0,0,0,0.0001001358032226,0.0,0.0,0.0,0.0,0.0,0.0,0.0,0.0,0.0,0.0,0.0,0.0,0.0,1.0,1.0,5288,508,542,528.8,12.099586769803338,528.8,1.0704994201660156e-05,10,0.1580118976665471,233.76
0.0,47,63.5,2966.4785345498267,0.0,0.0,0.0,0.0,0.0,0.0,0.0,0,0,0,0,0,0.0033710002899169,0.0,0.0,0.0,0.0,0.0,0.0,0.0,0.0,0.0,0.0,0.0,0.0,0.0,1.0,1.0,5271,514,543,527.1,11.120051958311866,527.1,0.0003376960754394,10,0.1473880943657379,128.40816326530611
0.0,47,63.5,1542.9878968472942,0.0,0.0,0.0,0.0,0.0,0.0,0.0,0,0,0,0,0,0.0064809322357177,0.0,0.0,0.0,0.0,0.0,0.0,0.0,0.0,0.0,0.0,0.0,0.0,0.0,1.0,1.0,5281,518,535,528.1,4.95423500093046,528.1,0.0006492853164672,10,0.138059867169979,56.25
0.0,47,63.5,1256.9086005394067,0.0,0.0,0.0,0.0,0.0,0.0,0.0,0,0,0,0,0,0.0079560279846191,0.0,0.0,0.0,0.0,0.0,0.0,0.0,0.0,0.0,0.0,0.0,0.0,0.0,1.0,1.0,5629,524,578,562.9,24.49693858423945,562.9,0.0007969141006469,10,0.1357960029016758,646.8055555555555
0.0,47,63.5,47880.182648401824,0.0,0.0,0.0,0.0,0.0,0.0,0.0,0,0,0,0,0,0.0002088546752929,0.0,0.0,0.0,0.0,0.0,0.0,0.0,0.0,0.0,0.0,0.0,0.0,0.0,1.0,1.0,5780,578,578,578.0,0.0,578.0,2.288818359375e-05,10,0.0,0.0
0.0,47,63.5,457.4140638632001,0.0,0.0,0.0,0.0,0.0,0.0,0.0,0,0,0,0,0,0.0218620300292968,0.0,0.0,0.0,0.0,0.0,0.0,0.0,0.0,0.0,0.0,0.0,0.0,0.0,1.0,1.0,5780,578,578,578.0,0.0,578.0,0.0021870136260986,10,0.0,0.0
0.0,47,63.5,1012.456610423154,0.0,0.0,0.0,0.0,0.0,0.0,0.0,0,0,0,0,0,0.0098769664764404,0.0,0.0,0.0,0.0,0.0,0.0,0.0,0.0,0.0,0.0,0.0,0.0,0.0,1.0,1.0,5780,578,578,578.0,0.0,578.0,0.0009882926940917,10,0.0,0.0
0.0,47,63.5,430.3836642552973,0.0,0.0,0.0,0.0,0.0,0.0,0.0,0,0,0,0,0,0.0232350826263427,0.0,0.0,0.0,0.0,0.0,0.0,0.0,0.0,0.0,0.0,0.0,0.0,0.0,1.0,1.0,5280,420,578,528.0,60.8276253029822,528.0,0.0023252010345458,10,0.3278251914434229,5991.36
0.0,47,63.5,512.4817027723813,0.0,0.0,0.0,0.0,0.0,0.0,0.0,0,0,0,0,0,0.0195128917694091,0.0,0.0,0.0,0.0,0.0,0.0,0.0,0.0,0.0,0.0,0.0,0.0,0.0,1.0,1.0,5228,515,530,522.8,4.7093288033198295,522.8,0.0019526958465576,10,0.1430724921813204,56.25
0.0,47,63.5,93414.3429844098,0.0,0.0,0.0,0.0,0.0,0.0,0.0,0,0,0,0,0,0.0001070499420166,0.0,0.0,0.0,0.0,0.0,0.0,0.0,0.0,0.0,0.0,0.0,0.0,0.0,1.0,1.0,5218,513,529,521.8,6.232531142677463,521.8,1.1301040649414062e-05,10,0.1471012438862811,40.24489795918368
0.0,47,63.5,101067.56626506025,0.0,0.0,0.0,0.0,0.0,0.0,0.0,0,0,0,0,0,9.894371032714844e-05,0.0,0.0,0.0,0.0,0.0,0.0,0.0,0.0,0.0,0.0,0.0,0.0,0.0,1.0,1.0,5188,512,544,518.8,9.413937657655389,518.8,1.0395050048828124e-05,10,0.1501013516442225,79.75999999999999
0.0,47,63.5,1178.4069901385103,0.0,0.0,0.0,0.0,0.0,0.0,0.0,0,0,0,0,0,0.0084860324859619,0.0,0.0,0.0,0.0,0.0,0.0,0.0,0.0,0.0,0.0,0.0,0.0,0.0,1.0,1.0,5081,420,563,508.1,51.55891990938351,508.1,0.0008493185043334,10,0.3240494916142865,3363.836734693877
0.0,47,63.5,166440.6349206349,0.0,0.0,0.0,0.0,0.0,0.0,0.0,0,0,0,0,0,6.008148193359375e-05,0.0,0.0,0.0,0.0,0.0,0.0,0.0,0.0,0.0,0.0,0.0,0.0,0.0,1.0,1.0,5238,517,533,523.8,6.124631508189788,523.8,6.389617919921875e-06,10,0.1402407698911762,33.760000000000005
0.0,47,63.5,161319.38461538462,0.0,0.0,0.0,0.0,0.0,0.0,0.0,0,0,0,0,0,6.198883056640625e-05,0.0,0.0,0.0,0.0,0.0,0.0,0.0,0.0,0.0,0.0,0.0,0.0,0.0,1.0,1.0,5286,511,543,528.6,12.020353109991772,528.6,6.508827209472656e-06,10,0.1528672310428863,130.04
0.0,47,63.5,163840.0,0.0,0.0,0.0,0.0,0.0,0.0,0.0,0,0,0,0,0,6.103515625e-05,0.0,0.0,0.0,0.0,0.0,0.0,0.0,0.0,0.0,0.0,0.0,0.0,0.0,1.0,1.0,5177,511,525,517.7,5.2925524193068805,517.7,6.4849853515625e-06,10,0.1501265941535289,26.320987654320987
0.0,47,63.5,696.3349603214132,0.0,0.0,0.0,0.0,0.0,0.0,0.0,0,0,0,0,0,0.0143609046936035,0.0,0.0,0.0,0.0,0.0,0.0,0.0,0.0,0.0,0.0,0.0,0.0,0.0,1.0,1.0,5614,514,578,561.4,26.961701232179937,561.4,0.0014364957809448,10,0.1538413486139408,784.2222222222222
0.0,47,63.5,4914.240187463386,0.0,0.0,0.0,0.0,0.0,0.0,0.0,0,0,0,0,0,0.0020349025726318,0.0,0.0,0.0,0.0,0.0,0.0,0.0,0.0,0.0,0.0,0.0,0.0,0.0,1.0,1.0,5780,578,578,578.0,0.0,578.0,0.0002041101455688,10,0.0,0.0
0.0,47,63.5,7112.606410039003,0.0,0.0,0.0,0.0,0.0,0.0,0.0,0,0,0,0,0,0.0014059543609619,0.0,0.0,0.0,0.0,0.0,0.0,0.0,0.0,0.0,0.0,0.0,0.0,0.0,1.0,1.0,5780,578,578,578.0,0.0,578.0,0.0001419067382812,10,0.0,0.0
0.0,47,63.5,696.774536514054,0.0,0.0,0.0,0.0,0.0,0.0,0.0,0,0,0,0,0,0.0143518447875976,0.0,0.0,0.0,0.0,0.0,0.0,0.0,0.0,0.0,0.0,0.0,0.0,0.0,1.0,1.0,5780,578,578,578.0,0.0,578.0,0.0014376878738403,10,0.0,0.0
0.0,47,63.5,64133.08868501529,0.0,0.0,0.0,0.0,0.0,0.0,0.0,0,0,0,0,0,0.0001559257507324,0.0,0.0,0.0,0.0,0.0,0.0,0.0,0.0,0.0,0.0,0.0,0.0,0.0,1.0,1.0,5565,502,591,556.5,33.18048288443742,556.5,1.659393310546875e-05,10,0.1768241915078044,1416.8055555555554
0.0,47,63.5,81284.96124031008,0.0,0.0,0.0,0.0,0.0,0.0,0.0,0,0,0,0,0,0.0001230239868164,0.0,0.0,0.0,0.0,0.0,0.0,0.0,0.0,0.0,0.0,0.0,0.0,0.0,1.0,1.0,5476,546,555,547.6,2.836272984824353,547.6,1.3303756713867189e-05,10,0.089481454163098,7.24
0.0,47,63.5,47393.26553672317,0.0,0.0,0.0,0.0,0.0,0.0,0.0,0,0,0,0,0,0.0002110004425048,0.0,0.0,0.0,0.0,0.0,0.0,0.0,0.0,0.0,0.0,0.0,0.0,0.0,1.0,1.0,5492,547,555,549.2,2.4404006956964173,549.2,2.1696090698242188e-05,10,0.0876160616273989,12.25
0.0,47,63.5,49056.18713450292,0.0,0.0,0.0,0.0,0.0,0.0,0.0,0,0,0,0,0,0.0002038478851318,0.0,0.0,0.0,0.0,0.0,0.0,0.0,0.0,0.0,0.0,0.0,0.0,0.0,1.0,1.0,5477,545,552,547.7,2.0575065816014617,547.7,2.2006034851074215e-05,10,0.0908683458810812,3.81
0.0,47,63.5,42196.21730382294,0.0,0.0,0.0,0.0,0.0,0.0,0.0,0,0,0,0,0,0.0002369880676269,0.0,0.0,0.0,0.0,0.0,0.0,0.0,0.0,0.0,0.0,0.0,0.0,0.0,1.0,1.0,5407,481,584,540.7,35.20432422933928,540.7,2.460479736328125e-05,10,0.2134353535180637,1567.918367346939
0.0,47,63.5,60611.32947976879,0.0,0.0,0.0,0.0,0.0,0.0,0.0,0,0,0,0,0,0.0001649856567382,0.0,0.0,0.0,0.0,0.0,0.0,0.0,0.0,0.0,0.0,0.0,0.0,0.0,1.0,1.0,5407,526,551,540.7,8.407007658957959,540.7,1.800060272216797e-05,10,0.1258333486399531,63.61
0.0,47,63.5,89240.51063829787,0.0,0.0,0.0,0.0,0.0,0.0,0.0,0,0,0,0,0,0.0001120567321777,0.0,0.0,0.0,0.0,0.0,0.0,0.0,0.0,0.0,0.0,0.0,0.0,0.0,1.0,1.0,5388,526,549,538.8,9.715966241192897,538.8,1.1801719665527344e-05,10,0.1263665660080123,93.1358024691358
0.0,47,63.5,99864.38095238096,0.0,0.0,0.0,0.0,0.0,0.0,0.0,0,0,0,0,0,0.0001001358032226,0.0,0.0,0.0,0.0,0.0,0.0,0.0,0.0,0.0,0.0,0.0,0.0,0.0,1.0,1.0,5378,524,549,537.8,8.651268372004445,537.8,1.0609626770019531e-05,10,0.1293411106840197,73.06172839506172
0.0,47,63.5,84733.41414141415,0.0,0.0,0.0,0.0,0.0,0.0,0.0,0,0,0,0,0,0.0001180171966552,0.0,0.0,0.0,0.0,0.0,0.0,0.0,0.0,0.0,0.0,0.0,0.0,0.0,1.0,1.0,5485,515,596,548.5,29.044984267702937,548.5,1.239776611328125e-05,10,0.1529858647912915,1057.7142857142858
0.0,47,63.5,58497.96373779637,0.0,0.0,0.0,0.0,0.0,0.0,0.0,0,0,0,0,0,0.0001709461212158,0.0,0.0,0.0,0.0,0.0,0.0,0.0,0.0,0.0,0.0,0.0,0.0,0.0,1.0,1.0,5513,548,555,551.3,2.540778533354601,551.3,1.7690658569335938e-05,10,0.0859528215433473,6.246913580246914
0.0,47,63.5,39831.94681861348,0.0,0.0,0.0,0.0,0.0,0.0,0.0,0,0,0,0,0,0.0002510547637939,0.0,0.0,0.0,0.0,0.0,0.0,0.0,0.0,0.0,0.0,0.0,0.0,0.0,1.0,1.0,5523,547,557,552.3,3.7431418769679454,552.3,2.610683441162109e-05,10,0.0881467462750016,12.61
0.0,47,63.5,60963.72093023256,0.0,0.0,0.0,0.0,0.0,0.0,0.0,0,0,0,0,0,0.0001640319824218,0.0,0.0,0.0,0.0,0.0,0.0,0.0,0.0,0.0,0.0,0.0,0.0,0.0,1.0,1.0,5497,546,555,549.7,3.301514803843836,549.7,1.728534698486328e-05,10,0.0896709750704938,18.1875
0.0,47,63.5,120.69279665284488,0.0,0.0,0.0,0.0,0.0,0.0,0.0,0,0,0,0,0,0.0828549861907959,0.0,0.0,0.0,0.0,0.0,0.0,0.0,0.0,0.0,0.0,0.0,0.1,0.0,1.0,1.0,5716,548,590,571.6,13.712929827153808,571.6,0.0082864999771118,10,0.0905039090943893,182.98765432098764
0.0,47,63.6,16.019071778496052,0.0,0.0,0.0,0.0,0.0,0.0,0.0,0,0,0,0,0,0.624255895614624,0.0,0.0,0.0,0.0,0.0,0.0,0.0,0.0,0.0,0.0,0.0,0.1,0.0,1.0,1.0,5792,578,590,579.2,3.794733192202055,579.2,0.0858782052993774,10,0.0353397325131754,12.96
0.0,47,63.5,8.693429184881163,0.0,0.0,0.0,0.0,0.0,0.0,0.0,0,0,0,0,0,1.150294065475464,0.0,0.0,0.0,0.0,0.0,0.0,0.0,0.0,0.0,0.0,0.0,0.0,0.0,1.0,1.0,5780,578,578,578.0,0.0,578.0,0.1150304079055786,10,0.0,0.0
0.0,47,63.5,10.675354292230004,0.0,0.0,0.0,0.0,0.0,0.0,0.0,0,0,0,0,0,0.936737060546875,0.0,0.0,0.0,0.0,0.0,0.0,0.0,0.0,0.0,0.0,0.0,0.1,0.0,1.0,1.0,5792,578,590,579.2,3.794733192202056,579.2,0.0936775922775268,10,0.0353397325131754,32.0
0.0,47,63.5,102.96864029381004,0.0,0.0,0.0,0.0,0.0,0.0,0.0,0,0,0,0,0,0.0971169471740722,0.0,0.0,0.0,0.0,0.0,0.0,0.0,0.0,0.0,0.0,0.0,0.0,0.0,1.0,1.0,5780,578,578,578.0,0.0,578.0,0.010526704788208,10,0.0,0.0
0.0,47,63.5,3714.732087503321,0.0,0.0,0.0,0.0,0.0,0.0,0.0,0,0,0,0,0,0.0026919841766357,0.0,0.0,0.0,0.0,0.0,0.0,0.0,0.0,0.0,0.0,0.0,0.0,0.0,1.0,1.0,5780,578,578,578.0,0.0,578.0,0.000757098197937,10,0.0,0.0
0.0,47,63.5,1076.0695777105034,0.0,0.0,0.0,0.0,0.0,0.0,0.0,0,0,0,0,0,0.0092930793762207,0.0,0.0,0.0,0.0,0.0,0.0,0.0,0.0,0.0,0.0,0.0,0.0,0.0,1.0,1.0,5780,578,578,578.0,0.0,578.0,0.0009315013885498,10,0.0,0.0
0.0,47,63.5,1603.3272171253825,0.0,0.0,0.0,0.0,0.0,0.0,0.0,0,0,0,0,0,0.0062370300292968,0.0,0.0,0.0,0.0,0.0,0.0,0.0,0.0,0.0,0.0,0.0,0.0,0.0,1.0,1.0,5780,578,578,578.0,0.0,578.0,0.0007252931594848,10,0.0,0.0
0.0,47,63.5,1018.8262728332686,0.0,0.0,0.0,0.0,0.0,0.0,0.0,0,0,0,0,0,0.0098152160644531,0.0,0.0,0.0,0.0,0.0,0.0,0.0,0.0,0.0,0.0,0.0,0.0,0.0,1.0,1.0,5842,562,625,584.2,22.473688319158175,584.2,0.0009847164154052,10,0.0702148716736923,454.56000000000006
0.0,47,63.5,2027.605143575365,0.0,0.0,0.0,0.0,0.0,0.0,0.0,0,0,0,0,0,0.0049319267272949,0.0,0.0,0.0,0.0,0.0,0.0,0.0,0.0,0.0,0.0,0.0,0.0,0.0,1.0,1.0,5798,573,586,579.8,4.685675570881488,579.8,0.000499677658081,10,0.0442233168005542,19.76
0.0,47,63.5,2578.0957649517486,0.0,0.0,0.0,0.0,0.0,0.0,0.0,0,0,0,0,0,0.0038788318634033,0.0,0.0,0.0,0.0,0.0,0.0,0.0,0.0,0.0,0.0,0.0,0.0,0.0,1.0,1.0,5774,575,580,577.4,1.9550504398153568,577.4,0.0003905057907104,10,0.0397027093471632,6.25
0.0,47,63.5,1449.9115044247787,0.0,0.0,0.0,0.0,0.0,0.0,0.0,0,0,0,0,0,0.00689697265625,0.0,0.0,0.0,0.0,0.0,0.0,0.0,0.0,0.0,0.0,0.0,0.0,0.0,1.0,1.0,5782,571,585,578.2,4.917090377222873,578.2,0.0007154941558837,10,0.0477258459360655,21.76
0.0,47,63.5,838.4918635800248,0.0,0.0,0.0,0.0,0.0,0.0,0.0,0,0,0,0,0,0.0119261741638183,0.0,0.0,0.0,0.0,0.0,0.0,0.0,0.0,0.0,0.0,0.0,0.0,0.0,1.0,1.0,5626,491,587,562.6,38.17270694561175,562.6,0.0018560171127319,10,0.1976032539013644,1453.25
0.0,47,63.5,776.0331557134399,0.0,0.0,0.0,0.0,0.0,0.0,0.0,0,0,0,0,0,0.0128860473632812,0.0,0.0,0.0,0.0,0.0,0.0,0.0,0.0,0.0,0.0,0.0,0.0,0.0,1.0,1.0,5442,530,561,544.2,13.323329580518193,544.2,0.0015246868133544,10,0.1210195415379199,169.0
0.0,47,63.5,1663.6801396215938,0.0,0.0,0.0,0.0,0.0,0.0,0.0,0,0,0,0,0,0.0060107707977294,0.0,0.0,0.0,0.0,0.0,0.0,0.0,0.0,0.0,0.0,0.0,0.0,0.0,1.0,1.0,5438,531,552,543.8,7.315128919650775,543.8,0.0006042957305908,10,0.1168679109167089,58.6875
0.0,47,63.5,1894.617399945795,0.0,0.0,0.0,0.0,0.0,0.0,0.0,0,0,0,0,0,0.0052781105041503,0.0,0.0,0.0,0.0,0.0,0.0,0.0,0.0,0.0,0.0,0.0,0.0,0.0,1.0,1.0,5388,525,554,538.8,10.654159333852252,538.8,0.0005303144454956,10,0.1284528783462381,132.25
0.0,47,63.5,2014.5552353506243,0.0,0.0,0.0,0.0,0.0,0.0,0.0,0,0,0,0,0,0.0049638748168945,0.0,0.0,0.0,0.0,0.0,0.0,0.0,0.0,0.0,0.0,0.0,0.0,0.0,1.0,1.0,5656,525,634,565.6,39.31977167335086,565.6,0.0004994869232177,10,0.1401301021888562,1391.44
0.0,47,63.5,4108.437653051229,0.0,0.0,0.0,0.0,0.0,0.0,0.0,0,0,0,0,0,0.0024340152740478,0.0,0.0,0.0,0.0,0.0,0.0,0.0,0.0,0.0,0.0,0.0,0.0,0.0,1.0,1.0,5770,572,579,577.0,2.6666666666666665,577.0,0.0003097057342529,10,0.0451049833333333,9.76
0.0,47,63.5,1440.3021874248825,0.0,0.0,0.0,0.0,0.0,0.0,0.0,0,0,0,0,0,0.0069429874420166,0.0,0.0,0.0,0.0,0.0,0.0,0.0,0.0,0.0,0.0,0.0,0.0,0.0,1.0,1.0,5836,582,585,583.6,1.4298407059684812,583.6,0.0008517980575561,10,0.0275598499099833,1.84
0.0,47,63.5,1405.503652570203,0.0,0.0,0.0,0.0,0.0,0.0,0.0,0,0,0,0,0,0.0071148872375488,0.0,0.0,0.0,0.0,0.0,0.0,0.0,0.0,0.0,0.0,0.0,0.0,0.0,1.0,1.0,5840,579,587,584.0,2.8284271247461903,584.0,0.0007138967514038,10,0.0332419680735366,8.6875
0.0,47,63.5,1268.0424464129153,0.0,0.0,0.0,0.0,0.0,0.0,0.0,0,0,0,0,0,0.0078861713409423,0.0,0.0,0.0,0.0,0.0,0.0,0.0,0.0,0.0,0.0,0.0,0.0,0.0,1.0,1.0,5818,578,587,581.8,3.675746333890726,581.8,0.0007907152175903,10,0.0352912620265737,12.16
0.0,47,63.5,1682.972474119252,0.0,0.0,0.0,0.0,0.0,0.0,0.0,0,0,0,0,0,0.0059418678283691,0.0,0.0,0.0,0.0,0.0,0.0,0.0,0.0,0.0,0.0,0.0,0.0,0.0,1.0,1.0,5780,578,578,578.0,0.0,578.0,0.000596284866333,10,0.0,0.0
0.0,47,63.5,3429.240454582618,0.0,0.0,0.0,0.0,0.0,0.0,0.0,0,0,0,0,0,0.0029160976409912,0.0,0.0,0.0,0.0,0.0,0.0,0.0,0.0,0.0,0.0,0.0,0.0,0.0,1.0,1.0,5780,578,578,578.0,0.0,578.0,0.000295615196228,10,0.0,0.0
0.0,47,63.5,2895.0193263390397,0.0,0.0,0.0,0.0,0.0,0.0,0.0,0,0,0,0,0,0.0034542083740234,0.0,0.0,0.0,0.0,0.0,0.0,0.0,0.0,0.0,0.0,0.0,0.0,0.0,1.0,1.0,5780,578,578,578.0,0.0,578.0,0.0010539054870605,10,0.0,0.0
0.0,47,63.5,53159.74651457541,0.0,0.0,0.0,0.0,0.0,0.0,0.0,0,0,0,0,0,0.0001881122589111,0.0,0.0,0.0,0.0,0.0,0.0,0.0,0.0,0.0,0.0,0.0,0.0,0.0,1.0,1.0,5780,578,578,578.0,0.0,578.0,2.2792816162109374e-05,10,0.0,0.0
0.0,47,63.5,1602.5308524051504,0.0,0.0,0.0,0.0,0.0,0.0,0.0,0,0,0,0,0,0.0062401294708251,0.0,0.0,0.0,0.0,0.0,0.0,0.0,0.0,0.0,0.0,0.0,0.0,0.0,1.0,1.0,5780,578,578,578.0,0.0,578.0,0.0006263971328735,10,0.0,0.0
0.0,47,63.5,3183.7741005009866,0.0,0.0,0.0,0.0,0.0,0.0,0.0,0,0,0,0,0,0.0031409263610839,0.0,0.0,0.0,0.0,0.0,0.0,0.0,0.0,0.0,0.0,0.0,0.0,0.0,1.0,1.0,5780,578,578,578.0,0.0,578.0,0.0003182888031005,10,0.0,0.0
0.0,47,63.5,2174.45383379128,0.0,0.0,0.0,0.0,0.0,0.0,0.0,0,0,0,0,0,0.00459885597229,0.0,0.0,0.0,0.0,0.0,0.0,0.0,0.0,0.0,0.0,0.0,0.0,0.0,1.0,1.0,5780,578,578,578.0,0.0,578.0,0.000575304031372,10,0.0,0.0
0.0,47,63.5,1116.0703547005137,0.0,0.0,0.0,0.0,0.0,0.0,0.0,0,0,0,0,0,0.0089600086212158,0.0,0.0,0.0,0.0,0.0,0.0,0.0,0.0,0.0,0.0,0.0,0.0,0.0,1.0,1.0,5862,567,630,586.2,23.51736946740997,586.2,0.0008985996246337,10,0.0621193756262441,497.7600000000001
0.0,47,63.5,2347.9086430810567,0.0,0.0,0.0,0.0,0.0,0.0,0.0,0,0,0,0,0,0.0042591094970703,0.0,0.0,0.0,0.0,0.0,0.0,0.0,0.0,0.0,0.0,0.0,0.0,0.0,1.0,1.0,5814,571,591,581.4,6.94742158406028,581.4,0.0004289150238037,10,0.0485529216564828,100.0
0.0,47,63.5,1316.6449020592668,0.0,0.0,0.0,0.0,0.0,0.0,0.0,0,0,0,0,0,0.0075950622558593,0.0,0.0,0.0,0.0,0.0,0.0,0.0,0.0,0.0,0.0,0.0,0.0,0.0,1.0,1.0,5828,577,591,582.8,5.593647190240809,582.8,0.0008708953857421,10,0.0377766681194165,49.0
0.0,47,63.5,2216.862579281184,0.0,0.0,0.0,0.0,0.0,0.0,0.0,0,0,0,0,0,0.0045108795166015,0.0,0.0,0.0,0.0,0.0,0.0,0.0,0.0,0.0,0.0,0.0,0.0,0.0,1.0,1.0,5778,573,580,577.8,2.780887148615228,577.8,0.0004529953002929,10,0.0434473821888599,12.25
0.0,47,63.5,851.3587463971096,0.0,0.0,0.0,0.0,0.0,0.0,0.0,0,0,0,0,0,0.0117459297180175,0.0,0.0,0.0,0.0,0.0,0.0,0.0,0.0,0.0,0.0,0.0,0.0,0.0,1.0,1.0,5660,494,588,566.0,38.07011076071796,566.0,0.0011765003204345,10,0.1924490703194861,1479.25
0.0,47,63.5,5070.483558994198,0.0,0.0,0.0,0.0,0.0,0.0,0.0,0,0,0,0,0,0.0019721984863281,0.0,0.0,0.0,0.0,0.0,0.0,0.0,0.0,0.0,0.0,0.0,0.0,0.0,1.0,1.0,5438,525,562,543.8,15.935983043275227,543.8,0.0002010107040405,10,0.1306044820525086,239.1875
0.0,47,63.5,1886.7764282501123,0.0,0.0,0.0,0.0,0.0,0.0,0.0,0,0,0,0,0,0.0053000450134277,0.0,0.0,0.0,0.0,0.0,0.0,0.0,0.0,0.0,0.0,0.0,0.0,0.0,1.0,1.0,5474,536,556,547.4,6.785605679999717,547.4,0.0006253957748413,10,0.1081315543298047,41.44
0.0,47,63.5,81284.96124031008,0.0,0.0,0.0,0.0,0.0,0.0,0.0,0,0,0,0,0,0.0001230239868164,0.0,0.0,0.0,0.0,0.0,0.0,0.0,0.0,0.0,0.0,0.0,0.0,0.0,1.0,1.0,5510,547,559,551.0,4.570436400267363,551.0,0.0004420042037963,10,0.0884837529720129,18.913580246913583
0.0,47,63.5,3066.4600087732124,0.0,0.0,0.0,0.0,0.0,0.0,0.0,0,0,0,0,0,0.0032610893249511,0.0,0.0,0.0,0.0,0.0,0.0,0.0,0.0,0.0,0.0,0.0,0.0,0.0,1.0,1.0,5584,536,616,558.4,30.97382407417233,558.4,0.0014560937881469,10,0.1179848669748549,863.4399999999999
0.0,47,63.5,7570.9458483754515,0.0,0.0,0.0,0.0,0.0,0.0,0.0,0,0,0,0,0,0.0013208389282226,0.0,0.0,0.0,0.0,0.0,0.0,0.0,0.0,0.0,0.0,0.0,0.0,0.0,1.0,1.0,5792,577,581,579.2,1.3984117975602022,579.2,0.0001340866088867,10,0.0360676970298541,1.7599999999999998
0.0,47,63.5,107546.2564102564,0.0,0.0,0.0,0.0,0.0,0.0,0.0,0,0,0,0,0,9.298324584960938e-05,0.0,0.0,0.0,0.0,0.0,0.0,0.0,0.0,0.0,0.0,0.0,0.0,0.0,1.0,1.0,5800,576,582,580.0,2.309401076758503,580.0,1.1205673217773438e-05,10,0.0381429276226283,4.8
0.0,47,63.5,703.8721911762239,0.0,0.0,0.0,0.0,0.0,0.0,0.0,0,0,0,0,0,0.014207124710083,0.0,0.0,0.0,0.0,0.0,0.0,0.0,0.0,0.0,0.0,0.0,0.0,0.0,1.0,1.0,5794,574,584,579.4,3.747591819348053,579.4,0.0018201112747192,10,0.0421370490035295,17.555555555555554
0.0,47,63.5,1782.837711468163,0.0,0.0,0.0,0.0,0.0,0.0,0.0,0,0,0,0,0,0.0056090354919433,0.0,0.0,0.0,0.0,0.0,0.0,0.0,0.0,0.0,0.0,0.0,0.0,0.0,1.0,1.0,5802,578,584,580.2,2.3475755815545347,580.2,0.0005632877349853,10,0.034750218388902,4.96
0.0,47,63.5,1365.7334505551758,0.0,0.0,0.0,0.0,0.0,0.0,0.0,0,0,0,0,0,0.007322072982788,0.0,0.0,0.0,0.0,0.0,0.0,0.0,0.0,0.0,0.0,0.0,0.0,0.0,1.0,1.0,5780,578,578,578.0,0.0,578.0,0.0009384155273437,10,0.0,0.0
0.0,47,63.5,2057.5442727495706,0.0,0.0,0.0,0.0,0.0,0.0,0.0,0,0,0,0,0,0.0048601627349853,0.0,0.0,0.0,0.0,0.0,0.0,0.0,0.0,0.0,0.0,0.0,0.0,0.0,1.0,1.0,5780,578,578,578.0,0.0,578.0,0.0004873991012573,10,0.0,0.0
0.0,47,63.5,3201.025719300924,0.0,0.0,0.0,0.0,0.0,0.0,0.0,0,0,0,0,0,0.0031239986419677,0.0,0.0,0.0,0.0,0.0,0.0,0.0,0.0,0.0,0.0,0.0,0.0,0.0,1.0,1.0,5780,578,578,578.0,0.0,578.0,0.0003150939941406,10,0.0,0.0
0.0,47,63.5,32463.653250773998,0.0,0.0,0.0,0.0,0.0,0.0,0.0,0,0,0,0,0,0.0003080368041992,0.0,0.0,0.0,0.0,0.0,0.0,0.0,0.0,0.0,0.0,0.0,0.0,0.0,1.0,1.0,5468,433,578,546.8,60.14574890306971,546.8,0.0015147924423217,10,0.3053937322731545,3942.1875
0.0,47,63.5,1345.5357372000512,0.0,0.0,0.0,0.0,0.0,0.0,0.0,0,0,0,0,0,0.0074319839477539,0.0,0.0,0.0,0.0,0.0,0.0,0.0,0.0,0.0,0.0,0.0,0.0,0.0,1.0,1.0,5286,522,538,528.6,6.310485101972923,528.6,0.0007456064224243,10,0.1317958292111397,42.6875
0.0,47,63.5,575.6425071709922,0.0,0.0,0.0,0.0,0.0,0.0,0.0,0,0,0,0,0,0.0173718929290771,0.0,0.0,0.0,0.0,0.0,0.0,0.0,0.0,0.0,0.0,0.0,0.0,0.0,1.0,1.0,5244,517,535,524.4,6.310485101972924,524.4,0.0017416954040527,10,0.1403164792111397,35.84
0.0,47,63.5,178481.02127659574,0.0,0.0,0.0,0.0,0.0,0.0,0.0,0,0,0,0,0,5.602836608886719e-05,0.0,0.0,0.0,0.0,0.0,0.0,0.0,0.0,0.0,0.0,0.0,0.0,0.0,1.0,1.0,5214,496,535,521.4,15.32753513560916,521.4,6.699562072753907e-06,10,0.1797763947128417,380.25
0.0,47,63.5,116185.70637119112,0.0,0.0,0.0,0.0,0.0,0.0,0.0,0,0,0,0,0,8.606910705566406e-05,0.0,0.0,0.0,0.0,0.0,0.0,0.0,0.0,0.0,0.0,0.0,0.0,0.0,1.0,1.0,5270,470,580,527.0,36.76350847723264,527.0,1.0013580322265623e-05,10,0.2328159328132855,1216.4
0.0,47,63.5,188085.38116591927,0.0,0.0,0.0,0.0,0.0,0.0,0.0,0,0,0,0,0,5.316734313964844e-05,0.0,0.0,0.0,0.0,0.0,0.0,0.0,0.0,0.0,0.0,0.0,0.0,0.0,1.0,1.0,5442,533,567,544.2,12.778454088382087,544.2,6.29425048828125e-06,10,0.1156851910574433,147.80246913580245
0.0,47,63.5,15644.550540842967,0.0,0.0,0.0,0.0,0.0,0.0,0.0,0,0,0,0,0,0.0006392002105712,0.0,0.0,0.0,0.0,0.0,0.0,0.0,0.0,0.0,0.0,0.0,0.0,0.0,1.0,1.0,5396,531,547,539.6,6.0955357070199785,539.6,6.530284881591796e-05,10,0.1163710974256116,33.44
0.0,47,63.5,181571.60173160167,0.0,0.0,0.0,0.0,0.0,0.0,0.0,0,0,0,0,0,5.507469177246094e-05,0.0,0.0,0.0,0.0,0.0,0.0,0.0,0.0,0.0,0.0,0.0,0.0,0.0,1.0,1.0,5344,526,551,534.4,9.67470929795826,534.4,6.389617919921875e-06,10,0.1263497595796162,84.24
0.0,47,63.5,169809.87854251012,0.0,0.0,0.0,0.0,0.0,0.0,0.0,0,0,0,0,0,5.888938903808594e-05,0.0,0.0,0.0,0.0,0.0,0.0,0.0,0.0,0.0,0.0,0.0,0.0,0.0,1.0,1.0,5376,508,593,537.6,30.634766016551996,537.6,6.794929504394531e-06,10,0.1655623882845026,844.64
0.0,47,63.5,1422.28009494744,0.0,0.0,0.0,0.0,0.0,0.0,0.0,0,0,0,0,0,0.007030963897705,0.0,0.0,0.0,0.0,0.0,0.0,0.0,0.0,0.0,0.0,0.0,0.0,0.0,1.0,1.0,5500,547,554,550.0,2.581988897471611,550.0,0.0007040977478027,10,0.087673738997274,6.0
0.0,47,63.5,901.0707226948526,0.0,0.0,0.0,0.0,0.0,0.0,0.0,0,0,0,0,0,0.0110979080200195,0.0,0.0,0.0,0.0,0.0,0.0,0.0,0.0,0.0,0.0,0.0,0.0,0.0,1.0,1.0,5516,548,556,551.6,3.0983866769659336,551.6,0.0012871026992797,10,0.0861799687967288,9.0
0.0,47,63.5,298.3019216818628,0.0,0.0,0.0,0.0,0.0,0.0,0.0,0,0,0,0,0,0.0335230827331543,0.0,0.0,0.0,0.0,0.0,0.0,0.0,0.0,0.0,0.0,0.0,0.0,0.0,1.0,1.0,5506,545,554,550.6,3.687817782917155,550.6,0.003823709487915,10,0.0915324694520492,16.8
0.0,47,63.5,867.003741447382,0.0,0.0,0.0,0.0,0.0,0.0,0.0,0,0,0,0,0,0.0115339756011962,0.0,0.0,0.0,0.0,0.0,0.0,0.0,0.0,0.0,0.0,0.0,0.0,0.0,1.0,1.0,5670,545,629,567.0,33.63199534834517,567.0,0.0018436908721923,10,0.1037305296251019,1018.0
0.0,47,63.5,579.0038652678079,0.0,0.0,0.0,0.0,0.0,0.0,0.0,0,0,0,0,0,0.0172710418701171,0.0,0.0,0.0,0.0,0.0,0.0,0.0,0.0,0.0,0.0,0.0,0.0,0.0,1.0,1.0,5814,576,584,581.4,3.238655413730965,581.4,0.0018556118011474,10,0.0385214686693374,16.0
0.0,47,63.5,102051.19221411191,0.0,0.0,0.0,0.0,0.0,0.0,0.0,0,0,0,0,0,9.79900360107422e-05,0.0,0.0,0.0,0.0,0.0,0.0,0.0,0.0,0.0,0.0,0.0,0.0,0.0,1.0,1.0,5822,576,587,582.2,3.852848873813304,582.2,1.2183189392089844e-05,10,0.0387716665172366,13.36
0.0,47,63.5,161319.38461538462,0.0,0.0,0.0,0.0,0.0,0.0,0.0,0,0,0,0,0,6.198883056640625e-05,0.0,0.0,0.0,0.0,0.0,0.0,0.0,0.0,0.0,0.0,0.0,0.0,0.0,1.0,1.0,6056,580,686,605.6,42.48189156700901,605.6,7.414817810058594e-06,10,0.0476910733487368,2178.0
0.0,47,63.5,138884.23841059604,0.0,0.0,0.0,0.0,0.0,0.0,0.0,0,0,0,0,0,7.200241088867188e-05,0.0,0.0,0.0,0.0,0.0,0.0,0.0,0.0,0.0,0.0,0.0,0.0,0.0,1.0,1.0,5454,420,585,545.4,66.54856205141559,545.4,8.20159912109375e-06,10,0.3301556722372647,4885.5
0.0,47,63.5,941.7149015469588,0.0,0.0,0.0,0.0,0.0,0.0,0.0,0,0,0,0,0,0.0106189250946044,0.0,0.0,0.0,0.0,0.0,0.0,0.0,0.0,0.0,0.0,0.0,0.0,0.0,1.0,1.0,5248,517,536,524.8,7.554248252914824,524.8,0.0010634899139404,10,0.1408231385683074,90.25
0.0,47,63.5,2612.947919262397,0.0,0.0,0.0,0.0,0.0,0.0,0.0,0,0,0,0,0,0.0038270950317382,0.0,0.0,0.0,0.0,0.0,0.0,0.0,0.0,0.0,0.0,0.0,0.0,0.0,1.0,1.0,5196,513,528,519.6,5.601587076693334,519.6,0.0003858089447021,10,0.1468442225115618,34.5
0.0,47,63.5,70492.50420168067,0.0,0.0,0.0,0.0,0.0,0.0,0.0,0,0,0,0,0,0.0001418590545654,0.0,0.0,0.0,0.0,0.0,0.0,0.0,0.0,0.0,0.0,0.0,0.0,0.0,1.0,1.0,5196,511,528,519.6,6.275171533733382,519.6,1.6689300537109375e-05,10,0.1505268738759816,40.25
0.0,47,63.5,1841.62634467618,0.0,0.0,0.0,0.0,0.0,0.0,0.0,0,0,0,0,0,0.005429983139038,0.0,0.0,0.0,0.0,0.0,0.0,0.0,0.0,0.0,0.0,0.0,0.0,0.0,1.0,1.0,5132,420,563,513.2,51.43885258785965,513.2,0.0007558107376098,10,0.3240005809901906,2381.36
0.0,47,63.5,7842.752430815258,0.0,0.0,0.0,0.0,0.0,0.0,0.0,0,0,0,0,0,0.0012750625610351,0.0,0.0,0.0,0.0,0.0,0.0,0.0,0.0,0.0,0.0,0.0,0.0,0.0,1.0,1.0,5232,517,533,523.2,5.71158666416104,523.2,0.0002541065216064,10,0.1400725119435126,48.24
0.0,47,63.5,2630.152379757948,0.0,0.0,0.0,0.0,0.0,0.0,0.0,0,0,0,0,0,0.0038020610809326,0.0,0.0,0.0,0.0,0.0,0.0,0.0,0.0,0.0,0.0,0.0,0.0,0.0,1.0,1.0,5232,506,535,523.2,9.94205433723053,523.2,0.0005189895629882,10,0.1605412652548143,110.1875
0.0,47,63.5,1859.7543564049129,0.0,0.0,0.0,0.0,0.0,0.0,0.0,0,0,0,0,0,0.0053770542144775,0.0,0.0,0.0,0.0,0.0,0.0,0.0,0.0,0.0,0.0,0.0,0.0,0.0,1.0,1.0,5222,508,531,522.2,8.011103405759894,522.2,0.0005402088165283,10,0.1563464130833703,57.760000000000005
0.0,47,63.5,1927.5294117647056,0.0,0.0,0.0,0.0,0.0,0.0,0.0,0,0,0,0,0,0.00518798828125,0.0,0.0,0.0,0.0,0.0,0.0,0.0,0.0,0.0,0.0,0.0,0.0,0.0,1.0,1.0,5484,511,620,548.4,41.06147153286697,548.4,0.0005215883255004,10,0.1646974210436287,1517.44
0.0,47,63.5,1178.93695364983,0.0,0.0,0.0,0.0,0.0,0.0,0.0,0,0,0,0,0,0.0084822177886962,0.0,0.0,0.0,0.0,0.0,0.0,0.0,0.0,0.0,0.0,0.0,0.0,0.0,1.0,1.0,5790,573,582,579.0,3.333333333333333,579.0,0.0008494138717651,10,0.0436724266666666,10.0
0.0,47,63.5,1002.6064923268156,0.0,0.0,0.0,0.0,0.0,0.0,0.0,0,0,0,0,0,0.0099740028381347,0.0,0.0,0.0,0.0,0.0,0.0,0.0,0.0,0.0,0.0,0.0,0.0,0.0,1.0,1.0,5790,577,583,579.0,2.211083193570267,579.0,0.0013109922409057,10,0.0363987468497327,6.25
0.0,47,63.5,919.359957915041,0.0,0.0,0.0,0.0,0.0,0.0,0.0,0,0,0,0,0,0.0108771324157714,0.0,0.0,0.0,0.0,0.0,0.0,0.0,0.0,0.0,0.0,0.0,0.0,0.0,1.0,1.0,5808,577,583,580.8,2.250925735484551,580.8,0.0010909080505371,10,0.0364149771076069,6.25
0.0,47,63.5,1856.2974109316224,0.0,0.0,0.0,0.0,0.0,0.0,0.0,0,0,0,0,0,0.0053870677947998,0.0,0.0,0.0,0.0,0.0,0.0,0.0,0.0,0.0,0.0,0.0,0.0,0.0,1.0,1.0,5726,522,598,572.6,27.580991844223284,572.6,0.0005406856536865,10,0.1404605828376627,684.6400000000001
0.0,47,63.5,5837.583855254002,0.0,0.0,0.0,0.0,0.0,0.0,0.0,0,0,0,0,0,0.0017130374908447,0.0,0.0,0.0,0.0,0.0,0.0,0.0,0.0,0.0,0.0,0.0,0.0,0.0,1.0,1.0,5508,548,553,550.8,2.14993539954628,550.8,0.0008779048919677,10,0.0857936076843591,4.285714285714286
0.0,47,63.5,420.0815263658671,0.0,0.0,0.0,0.0,0.0,0.0,0.0,0,0,0,0,0,0.0238049030303955,0.0,0.0,0.0,0.0,0.0,0.0,0.0,0.0,0.0,0.0,0.0,0.0,0.0,1.0,1.0,5544,550,559,554.4,3.438345855527367,554.4,0.0026953935623168,10,0.0829101945677076,20.25
0.0,47,63.5,2691.762289821589,0.0,0.0,0.0,0.0,0.0,0.0,0.0,0,0,0,0,0,0.0037150382995605,0.0,0.0,0.0,0.0,0.0,0.0,0.0,0.0,0.0,0.0,0.0,0.0,0.0,1.0,1.0,5520,549,558,552.0,3.5276684147527875,552.0,0.0005314111709594,10,0.0846507110054337,13.6875
0.0,47,63.5,3359.205510171392,0.0,0.0,0.0,0.0,0.0,0.0,0.0,0,0,0,0,0,0.0029768943786621,0.0,0.0,0.0,0.0,0.0,0.0,0.0,0.0,0.0,0.0,0.0,0.0,0.0,1.0,1.0,5466,498,590,546.6,30.81558047481825,546.6,0.0003899812698364,10,0.182677344862222,854.64
0.0,47,63.5,3822.7342325920526,0.0,0.0,0.0,0.0,0.0,0.0,0.0,0,0,0,0,0,0.0026159286499023,0.0,0.0,0.0,0.0,0.0,0.0,0.0,0.0,0.0,0.0,0.0,0.0,0.0,1.0,1.0,5394,529,550,539.4,9.53589709116732,539.4,0.0005876064300537,10,0.1211808230390579,93.36
0.0,47,63.5,2008.3815361041943,0.0,0.0,0.0,0.0,0.0,0.0,0.0,0,0,0,0,0,0.004979133605957,0.0,0.0,0.0,0.0,0.0,0.0,0.0,0.0,0.0,0.0,0.0,0.0,0.0,1.0,1.0,5376,527,554,537.6,10.167486305758064,537.6,0.0006162166595458,10,0.1248463672215135,114.1875
0.0,47,63.5,2137.6606696906374,0.0,0.0,0.0,0.0,0.0,0.0,0.0,0,0,0,0,0,0.0046780109405517,0.0,0.0,0.0,0.0,0.0,0.0,0.0,0.0,0.0,0.0,0.0,0.0,0.0,1.0,1.0,5448,527,559,544.8,13.138577633146678,544.8,0.000705599784851,10,0.1260566709846386,256.0
0.0,47,63.5,2079.888921947833,0.0,0.0,0.0,0.0,0.0,0.0,0.0,0,0,0,0,0,0.0048079490661621,0.0,0.0,0.0,0.0,0.0,0.0,0.0,0.0,0.0,0.0,0.0,0.0,0.0,1.0,1.0,5200,420,563,520.0,53.72357231441541,520.0,0.0007780790328979,10,0.3249312844180003,2669.1875
0.0,47,63.5,1150.1011818256602,0.0,0.0,0.0,0.0,0.0,0.0,0.0,0,0,0,0,0,0.0086948871612548,0.0,0.0,0.0,0.0,0.0,0.0,0.0,0.0,0.0,0.0,0.0,0.0,0.0,1.0,1.0,5226,513,531,522.6,6.94742158406028,522.6,0.0009819030761718,10,0.1473924616564828,59.55555555555557
0.0,47,63.5,609.4246193188422,0.0,0.0,0.0,0.0,0.0,0.0,0.0,0,0,0,0,0,0.0164089202880859,0.0,0.0,0.0,0.0,0.0,0.0,0.0,0.0,0.0,0.0,0.0,0.0,0.0,1.0,1.0,5260,514,538,526.0,8.353309390761112,526.0,0.0019314050674438,10,0.1462610341134204,99.55555555555556
0.0,47,63.5,1278.4394050231651,0.0,0.0,0.0,0.0,0.0,0.0,0.0,0,0,0,0,0,0.007822036743164,0.0,0.0,0.0,0.0,0.0,0.0,0.0,0.0,0.0,0.0,0.0,0.0,0.0,1.0,1.0,5162,498,534,516.2,12.795832654944082,516.2,0.0012896060943603,10,0.1753368203903181,216.88888888888889
0.0,47,63.5,2234.6976397250787,0.0,0.0,0.0,0.0,0.0,0.0,0.0,0,0,0,0,0,0.0044748783111572,0.0,0.0,0.0,0.0,0.0,0.0,0.0,0.0,0.0,0.0,0.0,0.0,0.0,1.0,1.0,5442,501,617,544.2,42.95423921648091,544.2,0.000448989868164,10,0.1825097588872256,1660.5600000000002
0.0,47,63.5,1449.7110465920089,0.0,0.0,0.0,0.0,0.0,0.0,0.0,0,0,0,0,0,0.0068979263305664,0.0,0.0,0.0,0.0,0.0,0.0,0.0,0.0,0.0,0.0,0.0,0.0,0.0,1.0,1.0,5814,576,586,581.4,3.5023801430836525,581.4,0.00069420337677,10,0.0386288995750865,11.04
0.0,47,63.5,2308.4946887555725,0.0,0.0,0.0,0.0,0.0,0.0,0.0,0,0,0,0,0,0.0043318271636962,0.0,0.0,0.0,0.0,0.0,0.0,0.0,0.0,0.0,0.0,0.0,0.0,0.0,1.0,1.0,5788,575,583,578.8,2.699794230842212,578.8,0.0004364967346191,10,0.0400060881778759,8.0
0.0,47,63.5,1795.6605873790563,0.0,0.0,0.0,0.0,0.0,0.0,0.0,0,0,0,0,0,0.0055689811706542,0.0,0.0,0.0,0.0,0.0,0.0,0.0,0.0,0.0,0.0,0.0,0.0,0.0,1.0,1.0,5774,571,585,577.4,4.74224513167433,577.4,0.0007426023483276,10,0.0476546209768389,33.55555555555556
0.0,47,63.5,949.3886235541772,0.0,0.0,0.0,0.0,0.0,0.0,0.0,0,0,0,0,0,0.0105330944061279,0.0,0.0,0.0,0.0,0.0,0.0,0.0,0.0,0.0,0.0,0.0,0.0,0.0,1.0,1.0,5796,578,581,579.6,1.4298407059684812,579.6,0.0010550022125244,10,0.0343763699099833,1.84
0.0,47,63.5,44810.94017094017,0.0,0.0,0.0,0.0,0.0,0.0,0.0,0,0,0,0,0,0.000223159790039,0.0,0.0,0.0,0.0,0.0,0.0,0.0,0.0,0.0,0.0,0.0,0.0,0.0,1.0,1.0,5780,578,578,578.0,0.0,578.0,2.510547637939453e-05,10,0.0,0.0
0.0,47,63.5,1688.9361359426591,0.0,0.0,0.0,0.0,0.0,0.0,0.0,0,0,0,0,0,0.0059208869934082,0.0,0.0,0.0,0.0,0.0,0.0,0.0,0.0,0.0,0.0,0.0,0.0,0.0,1.0,1.0,5780,578,578,578.0,0.0,578.0,0.0005934953689575,10,0.0,0.0
0.0,47,63.5,50778.498789346246,0.0,0.0,0.0,0.0,0.0,0.0,0.0,0,0,0,0,0,0.0001969337463378,0.0,0.0,0.0,0.0,0.0,0.0,0.0,0.0,0.0,0.0,0.0,0.0,0.0,1.0,1.0,5780,578,578,578.0,0.0,578.0,0.0008337020874023,10,0.0,0.0
0.0,47,63.5,57143.10626702997,0.0,0.0,0.0,0.0,0.0,0.0,0.0,0,0,0,0,0,0.0001749992370605,0.0,0.0,0.0,0.0,0.0,0.0,0.0,0.0,0.0,0.0,0.0,0.0,0.0,1.0,1.0,5878,571,634,587.8,24.516661001585568,587.8,0.0006021976470947,10,0.0557099270256059,540.96
0.0,47,63.5,1169.86137840627,0.0,0.0,0.0,0.0,0.0,0.0,0.0,0,0,0,0,0,0.0085480213165283,0.0,0.0,0.0,0.0,0.0,0.0,0.0,0.0,0.0,0.0,0.0,0.0,0.0,1.0,1.0,5830,578,585,583.0,2.6666666666666665,583.0,0.0008563995361328,10,0.0348802033333333,8.0
0.0,47,63.5,1590.31773716539,0.0,0.0,0.0,0.0,0.0,0.0,0.0,0,0,0,0,0,0.0062880516052246,0.0,0.0,0.0,0.0,0.0,0.0,0.0,0.0,0.0,0.0,0.0,0.0,0.0,1.0,1.0,5806,571,585,580.6,5.521674464226307,580.6,0.0006315946578979,10,0.0479721293097472,42.25
0.0,47,63.5,181571.60173160167,0.0,0.0,0.0,0.0,0.0,0.0,0.0,0,0,0,0,0,5.507469177246094e-05,0.0,0.0,0.0,0.0,0.0,0.0,0.0,0.0,0.0,0.0,0.0,0.0,0.0,1.0,1.0,5790,575,584,579.0,3.829708431025352,579.0,6.9141387939453125e-06,10,0.0404663700264625,13.2
0.0,47,63.5,2445.515713369483,0.0,0.0,0.0,0.0,0.0,0.0,0.0,0,0,0,0,0,0.0040891170501708,0.0,0.0,0.0,0.0,0.0,0.0,0.0,0.0,0.0,0.0,0.0,0.0,0.0,1.0,1.0,5870,567,630,587.0,23.38090388900024,587.0,0.0004097938537597,10,0.0620637850082231,492.0
0.0,47,63.5,182361.0434782609,0.0,0.0,0.0,0.0,0.0,0.0,0.0,0,0,0,0,0,5.4836273193359375e-05,0.0,0.0,0.0,0.0,0.0,0.0,0.0,0.0,0.0,0.0,0.0,0.0,0.0,1.0,1.0,5788,575,583,578.8,2.8596814119369625,578.8,6.890296936035156e-06,10,0.0400712198199667,7.359999999999999
0.0,47,63.5,2608.884742178267,0.0,0.0,0.0,0.0,0.0,0.0,0.0,0,0,0,0,0,0.0038330554962158,0.0,0.0,0.0,0.0,0.0,0.0,0.0,0.0,0.0,0.0,0.0,0.0,0.0,1.0,1.0,5818,573,587,581.8,5.223876806442596,581.8,0.0007495164871215,10,0.0444425584558724,36.22222222222222
0.0,47,63.5,968.706175804887,0.0,0.0,0.0,0.0,0.0,0.0,0.0,0,0,0,0,0,0.0103230476379394,0.0,0.0,0.0,0.0,0.0,0.0,0.0,0.0,0.0,0.0,0.0,0.0,0.0,1.0,1.0,5788,573,584,578.8,3.675746333890726,578.8,0.001035189628601,10,0.0438119120265737,20.22222222222222
0.0,47,63.5,104077.0223325062,0.0,0.0,0.0,0.0,0.0,0.0,0.0,0,0,0,0,0,9.608268737792967e-05,0.0,0.0,0.0,0.0,0.0,0.0,0.0,0.0,0.0,0.0,0.0,0.0,0.0,1.0,1.0,5802,538,604,580.2,23.686845857282616,580.2,1.3303756713867189e-05,10,0.1116081835284226,504.9599999999999
0.0,47,63.5,1324.335827728837,0.0,0.0,0.0,0.0,0.0,0.0,0.0,0,0,0,0,0,0.0075509548187255,0.0,0.0,0.0,0.0,0.0,0.0,0.0,0.0,0.0,0.0,0.0,0.0,0.0,1.0,1.0,5630,559,565,563.0,2.309401076758503,563.0,0.0007560014724731,10,0.0671131376226283,4.8395061728395055
0.0,47,63.5,1694.0522638232562,0.0,0.0,0.0,0.0,0.0,0.0,0.0,0,0,0,0,0,0.0059030055999755,0.0,0.0,0.0,0.0,0.0,0.0,0.0,0.0,0.0,0.0,0.0,0.0,0.0,1.0,1.0,5572,554,560,557.2,2.14993539954628,557.2,0.0009144067764282,10,0.0755688276843592,4.16
0.0,47,63.5,2621.27617023936,0.0,0.0,0.0,0.0,0.0,0.0,0.0,0,0,0,0,0,0.0038149356842041,0.0,0.0,0.0,0.0,0.0,0.0,0.0,0.0,0.0,0.0,0.0,0.0,0.0,1.0,1.0,5574,555,562,557.4,2.875181153713044,557.4,0.0005839824676513,10,0.0741601337947765,8.5
0.0,47,63.5,4530.95387274495,0.0,0.0,0.0,0.0,0.0,0.0,0.0,0,0,0,0,0,0.0022070407867431,0.0,0.0,0.0,0.0,0.0,0.0,0.0,0.0,0.0,0.0,0.0,0.0,0.0,1.0,1.0,5692,550,614,569.2,24.06842098869157,569.2,0.0002218008041381,10,0.0913140619739534,521.36
0.0,47,63.5,6513.905886007144,0.0,0.0,0.0,0.0,0.0,0.0,0.0,0,0,0,0,0,0.0015351772308349,0.0,0.0,0.0,0.0,0.0,0.0,0.0,0.0,0.0,0.0,0.0,0.0,0.0,1.0,1.0,5784,574,580,578.4,2.4585451886114367,578.4,0.0001587152481079,10,0.0416119429680327,6.0
0.0,47,63.5,3293.783571540757,0.0,0.0,0.0,0.0,0.0,0.0,0.0,0,0,0,0,0,0.0030360221862792,0.0,0.0,0.0,0.0,0.0,0.0,0.0,0.0,0.0,0.0,0.0,0.0,0.0,1.0,1.0,5782,572,582,578.2,3.5527766918597945,578.2,0.0003579854965209,10,0.045465949113196,14.1875
0.0,47,63.5,1103.12555888696,0.0,0.0,0.0,0.0,0.0,0.0,0.0,0,0,0,0,0,0.0090651512145996,0.0,0.0,0.0,0.0,0.0,0.0,0.0,0.0,0.0,0.0,0.0,0.0,0.0,1.0,1.0,5780,574,582,578.0,2.98142396999972,578.0,0.0009996175765991,10,0.041824942868419,10.666666666666666
0.0,47,63.5,3290.4244135875106,0.0,0.0,0.0,0.0,0.0,0.0,0.0,0,0,0,0,0,0.0030391216278076,0.0,0.0,0.0,0.0,0.0,0.0,0.0,0.0,0.0,0.0,0.0,0.0,0.0,1.0,1.0,5784,575,582,578.4,2.3664319132398464,578.4,0.0003974914550781,10,0.0398702897041774,8.222222222222221
0.0,47,63.5,151418.91696750902,0.0,0.0,0.0,0.0,0.0,0.0,0.0,0,0,0,0,0,6.604194641113281e-05,0.0,0.0,0.0,0.0,0.0,0.0,0.0,0.0,0.0,0.0,0.0,0.0,0.0,1.0,1.0,5780,578,578,578.0,0.0,578.0,7.796287536621094e-06,10,0.0,0.0
0.0,47,63.5,1027.2100313479625,0.0,0.0,0.0,0.0,0.0,0.0,0.0,0,0,0,0,0,0.009735107421875,0.0,0.0,0.0,0.0,0.0,0.0,0.0,0.0,0.0,0.0,0.0,0.0,0.0,1.0,1.0,5780,578,578,578.0,0.0,578.0,0.0009746074676513,10,0.0,0.0
0.0,47,63.5,832.847640038919,0.0,0.0,0.0,0.0,0.0,0.0,0.0,0,0,0,0,0,0.0120069980621337,0.0,0.0,0.0,0.0,0.0,0.0,0.0,0.0,0.0,0.0,0.0,0.0,0.0,1.0,1.0,5780,578,578,578.0,0.0,578.0,0.0012018918991088,10,0.0,0.0
0.0,47,63.5,2491.271085768591,0.0,0.0,0.0,0.0,0.0,0.0,0.0,0,0,0,0,0,0.0040140151977539,0.0,0.0,0.0,0.0,0.0,0.0,0.0,0.0,0.0,0.0,0.0,0.0,0.0,1.0,1.0,5850,564,627,585.0,22.861904265976328,585.0,0.0004038095474243,10,0.0669647553217881,470.4
0.0,47,63.5,115228.13186813188,0.0,0.0,0.0,0.0,0.0,0.0,0.0,0,0,0,0,0,8.678436279296875e-05,0.0,0.0,0.0,0.0,0.0,0.0,0.0,0.0,0.0,0.0,0.0,0.0,0.0,1.0,1.0,5792,574,586,579.2,4.871686908385363,579.2,1.068115234375e-05,10,0.0425949603789998,25.6875
0.0,47,63.5,3178.707086017431,0.0,0.0,0.0,0.0,0.0,0.0,0.0,0,0,0,0,0,0.0031459331512451,0.0,0.0,0.0,0.0,0.0,0.0,0.0,0.0,0.0,0.0,0.0,0.0,0.0,1.0,1.0,5808,574,584,580.8,4.077035960378841,580.8,0.0003159999847412,10,0.0422712513688199,20.22222222222222
0.0,47,63.5,1289.9597109026604,0.0,0.0,0.0,0.0,0.0,0.0,0.0,0,0,0,0,0,0.0077521800994873,0.0,0.0,0.0,0.0,0.0,0.0,0.0,0.0,0.0,0.0,0.0,0.0,0.0,1.0,1.0,5824,579,585,582.4,2.270584848790187,582.4,0.000778317451477,10,0.0330147254440032,5.6875
0.0,47,63.5,117817.52808988764,0.0,0.0,0.0,0.0,0.0,0.0,0.0,0,0,0,0,0,8.487701416015625e-05,0.0,0.0,0.0,0.0,0.0,0.0,0.0,0.0,0.0,0.0,0.0,0.0,0.0,1.0,1.0,5494,444,584,549.4,55.75980232708466,549.4,9.989738464355468e-06,10,0.2848616430759612,3352.0
0.0,47,63.5,7128.320870156356,0.0,0.0,0.0,0.0,0.0,0.0,0.0,0,0,0,0,0,0.0014028549194335,0.0,0.0,0.0,0.0,0.0,0.0,0.0,0.0,0.0,0.0,0.0,0.0,0.0,1.0,1.0,5278,523,533,527.8,3.675746333890726,527.8,0.0001415967941284,10,0.1290184120265738,12.16
0.0,47,63.5,3266.846327595607,0.0,0.0,0.0,0.0,0.0,0.0,0.0,0,0,0,0,0,0.0030610561370849,0.0,0.0,0.0,0.0,0.0,0.0,0.0,0.0,0.0,0.0,0.0,0.0,0.0,1.0,1.0,5296,523,539,529.6,6.653319973266479,529.6,0.000355315208435,10,0.1302313564243099,64.0
0.0,47,63.5,6142.800234329233,0.0,0.0,0.0,0.0,0.0,0.0,0.0,0,0,0,0,0,0.0016279220581054,0.0,0.0,0.0,0.0,0.0,0.0,0.0,0.0,0.0,0.0,0.0,0.0,0.0,1.0,1.0,5270,523,529,527.0,2.211083193570267,527.0,0.000163984298706,10,0.1284217668497328,4.4
0.0,47,63.5,670.2842988413903,0.0,0.0,0.0,0.0,0.0,0.0,0.0,0,0,0,0,0,0.0149190425872802,0.0,0.0,0.0,0.0,0.0,0.0,0.0,0.0,0.0,0.0,0.0,0.0,0.0,1.0,1.0,5436,514,578,543.6,29.86339267769525,543.6,0.0016221046447753,10,0.1550233816411859,802.6400000000001
0.0,47,63.5,3217.477753912243,0.0,0.0,0.0,0.0,0.0,0.0,0.0,0,0,0,0,0,0.0031080245971679,0.0,0.0,0.0,0.0,0.0,0.0,0.0,0.0,0.0,0.0,0.0,0.0,0.0,1.0,1.0,5780,578,578,578.0,0.0,578.0,0.0003909111022949,10,0.0,0.0
0.0,47,63.5,507.3550260070159,0.0,0.0,0.0,0.0,0.0,0.0,0.0,0,0,0,0,0,0.0197100639343261,0.0,0.0,0.0,0.0,0.0,0.0,0.0,0.0,0.0,0.0,0.0,0.0,0.0,1.0,1.0,5780,578,578,578.0,0.0,578.0,0.002374792098999,10,0.0,0.0
0.0,47,63.5,75166.73835125448,0.0,0.0,0.0,0.0,0.0,0.0,0.0,0,0,0,0,0,0.0001330375671386,0.0,0.0,0.0,0.0,0.0,0.0,0.0,0.0,0.0,0.0,0.0,0.0,0.0,1.0,1.0,5780,578,578,578.0,0.0,578.0,6.079673767089844e-05,10,0.0,0.0
0.0,47,63.5,598.4425071696605,0.0,0.0,0.0,0.0,0.0,0.0,0.0,0,0,0,0,0,0.0167100429534912,0.0,0.0,0.0,0.0,0.0,0.0,0.0,0.0,0.0,0.0,0.0,0.0,0.0,1.0,1.0,5780,578,578,578.0,0.0,578.0,0.0016736030578613,10,0.0,0.0
0.0,47,63.5,89430.78891257996,0.0,0.0,0.0,0.0,0.0,0.0,0.0,0,0,0,0,0,0.0001118183135986,0.0,0.0,0.0,0.0,0.0,0.0,0.0,0.0,0.0,0.0,0.0,0.0,0.0,1.0,1.0,5780,578,578,578.0,0.0,578.0,1.5687942504882812e-05,10,0.0,0.0
0.0,47,63.5,941.2710951526032,0.0,0.0,0.0,0.0,0.0,0.0,0.0,0,0,0,0,0,0.0106239318847656,0.0,0.0,0.0,0.0,0.0,0.0,0.0,0.0,0.0,0.0,0.0,0.0,0.0,1.0,1.0,5780,578,578,578.0,0.0,578.0,0.0010647058486938,10,0.0,0.0
0.0,47,63.5,769.1031447694141,0.0,0.0,0.0,0.0,0.0,0.0,0.0,0,0,0,0,0,0.0130021572113037,0.0,0.0,0.0,0.0,0.0,0.0,0.0,0.0,0.0,0.0,0.0,0.0,0.0,1.0,1.0,5780,578,578,578.0,0.0,578.0,0.0033475160598754,10,0.0,0.0
0.0,47,63.5,18244.036537625056,0.0,0.0,0.0,0.0,0.0,0.0,0.0,0,0,0,0,0,0.0005481243133544,0.0,0.0,0.0,0.0,0.0,0.0,0.0,0.0,0.0,0.0,0.0,0.0,0.0,1.0,1.0,5796,550,614,579.6,21.4331000505708,579.6,0.003340196609497,10,0.0902405376366005,413.44000000000005
0.0,47,63.5,91779.08096280089,0.0,0.0,0.0,0.0,0.0,0.0,0.0,0,0,0,0,0,0.0001089572906494,0.0,0.0,0.0,0.0,0.0,0.0,0.0,0.0,0.0,0.0,0.0,0.0,0.0,1.0,1.0,5806,577,584,580.6,2.547329756605707,580.6,0.0001176834106445,10,0.0365357202496509,5.840000000000001
0.0,47,63.5,628.0590578299542,0.0,0.0,0.0,0.0,0.0,0.0,0.0,0,0,0,0,0,0.0159220695495605,0.0,0.0,0.0,0.0,0.0,0.0,0.0,0.0,0.0,0.0,0.0,0.0,0.0,1.0,1.0,5788,575,583,578.8,3.552776691859794,578.8,0.0015937089920043,10,0.040353559113196,16.0
0.0,47,63.5,117817.52808988764,0.0,0.0,0.0,0.0,0.0,0.0,0.0,0,0,0,0,0,8.487701416015625e-05,0.0,0.0,0.0,0.0,0.0,0.0,0.0,0.0,0.0,0.0,0.0,0.0,0.0,1.0,1.0,5768,575,580,576.8,1.8135294011647256,576.8,9.989738464355468e-06,10,0.0396450593368585,4.222222222222222
0.0,47,63.5,112447.82841823057,0.0,0.0,0.0,0.0,0.0,0.0,0.0,0,0,0,0,0,8.893013000488281e-05,0.0,0.0,0.0,0.0,0.0,0.0,0.0,0.0,0.0,0.0,0.0,0.0,0.0,1.0,1.0,5770,574,580,577.0,2.309401076758503,577.0,1.0204315185546874e-05,10,0.0415511876226283,6.959999999999999
0.0,47,63.5,181571.60173160167,0.0,0.0,0.0,0.0,0.0,0.0,0.0,0,0,0,0,0,5.507469177246094e-05,0.0,0.0,0.0,0.0,0.0,0.0,0.0,0.0,0.0,0.0,0.0,0.0,0.0,1.0,1.0,5780,578,578,578.0,0.0,578.0,6.604194641113281e-06,10,0.0,0.0
0.0,47,63.5,4527.0415542363735,0.0,0.0,0.0,0.0,0.0,0.0,0.0,0,0,0,0,0,0.0022089481353759,0.0,0.0,0.0,0.0,0.0,0.0,0.0,0.0,0.0,0.0,0.0,0.0,0.0,1.0,1.0,5780,578,578,578.0,0.0,578.0,0.0002222061157226,10,0.0,0.0
0.0,47,63.5,184771.1013215859,0.0,0.0,0.0,0.0,0.0,0.0,0.0,0,0,0,0,0,5.412101745605469e-05,0.0,0.0,0.0,0.0,0.0,0.0,0.0,0.0,0.0,0.0,0.0,0.0,0.0,1.0,1.0,5780,578,578,578.0,0.0,578.0,6.699562072753907e-06,10,0.0,0.0
0.0,47,63.5,172605.10288065844,0.0,0.0,0.0,0.0,0.0,0.0,0.0,0,0,0,0,0,5.793571472167969e-05,0.0,0.0,0.0,0.0,0.0,0.0,0.0,0.0,0.0,0.0,0.0,0.0,0.0,1.0,1.0,5780,578,578,578.0,0.0,578.0,6.699562072753907e-06,10,0.0,0.0
0.0,47,63.5,192399.26605504588,0.0,0.0,0.0,0.0,0.0,0.0,0.0,0,0,0,0,0,5.197525024414063e-05,0.0,0.0,0.0,0.0,0.0,0.0,0.0,0.0,0.0,0.0,0.0,0.0,0.0,1.0,1.0,5780,578,578,578.0,0.0,578.0,6.103515625e-06,10,0.0,0.0
0.0,47,63.5,195995.5140186916,0.0,0.0,0.0,0.0,0.0,0.0,0.0,0,0,0,0,0,5.1021575927734375e-05,0.0,0.0,0.0,0.0,0.0,0.0,0.0,0.0,0.0,0.0,0.0,0.0,0.0,1.0,1.0,5780,578,578,578.0,0.0,578.0,5.984306335449219e-06,10,0.0,0.0
0.0,47,63.5,114912.43835616438,0.0,0.0,0.0,0.0,0.0,0.0,0.0,0,0,0,0,0,8.702278137207031e-05,0.0,0.0,0.0,0.0,0.0,0.0,0.0,0.0,0.0,0.0,0.0,0.0,0.0,1.0,1.0,5780,578,578,578.0,0.0,578.0,1.010894775390625e-05,10,0.0,0.0
0.0,47,63.5,178481.02127659574,0.0,0.0,0.0,0.0,0.0,0.0,0.0,0,0,0,0,0,5.602836608886719e-05,0.0,0.0,0.0,0.0,0.0,0.0,0.0,0.0,0.0,0.0,0.0,0.0,0.0,1.0,1.0,5778,577,578,577.8,0.4216370213557839,577.8,6.508827209472656e-06,10,0.0,0.1875
0.0,47,63.5,7283.042194825491,0.0,0.0,0.0,0.0,0.0,0.0,0.0,0,0,0,0,0,0.0013730525970458,0.0,0.0,0.0,0.0,0.0,0.0,0.0,0.0,0.0,0.0,0.0,0.0,0.0,1.0,1.0,5780,578,578,578.0,0.0,578.0,0.0001381874084472,10,0.0,0.0
0.0,47,63.5,108660.72538860104,0.0,0.0,0.0,0.0,0.0,0.0,0.0,0,0,0,0,0,9.202957153320312e-05,0.0,0.0,0.0,0.0,0.0,0.0,0.0,0.0,0.0,0.0,0.0,0.0,0.0,1.0,1.0,5780,578,578,578.0,0.0,578.0,1.1110305786132813e-05,10,0.0,0.0
0.0,47,63.5,116508.44444444444,0.0,0.0,0.0,0.0,0.0,0.0,0.0,0,0,0,0,0,8.58306884765625e-05,0.0,0.0,0.0,0.0,0.0,0.0,0.0,0.0,0.0,0.0,0.0,0.0,0.0,1.0,1.0,5780,578,578,578.0,0.0,578.0,1.0085105895996091e-05,10,0.0,0.0
0.0,47,63.5,110960.42328042327,0.0,0.0,0.0,0.0,0.0,0.0,0.0,0,0,0,0,0,9.012222290039062e-05,0.0,0.0,0.0,0.0,0.0,0.0,0.0,0.0,0.0,0.0,0.0,0.0,0.0,1.0,1.0,5780,578,578,578.0,0.0,578.0,1.0514259338378908e-05,10,0.0,0.0
0.0,47,63.5,2639.9194360523666,0.0,0.0,0.0,0.0,0.0,0.0,0.0,0,0,0,0,0,0.0037879943847656,0.0,0.0,0.0,0.0,0.0,0.0,0.0,0.0,0.0,0.0,0.0,0.0,0.0,1.0,1.0,5780,578,578,578.0,0.0,578.0,0.0003803014755249,10,0.0,0.0
0.0,47,63.5,10092.165543792107,0.0,0.0,0.0,0.0,0.0,0.0,0.0,0,0,0,0,0,0.000990867614746,0.0,0.0,0.0,0.0,0.0,0.0,0.0,0.0,0.0,0.0,0.0,0.0,0.0,1.0,1.0,5780,578,578,578.0,0.0,578.0,0.0001001834869384,10,0.0,0.0
0.0,47,63.5,56148.64792503347,0.0,0.0,0.0,0.0,0.0,0.0,0.0,0,0,0,0,0,0.0001780986785888,0.0,0.0,0.0,0.0,0.0,0.0,0.0,0.0,0.0,0.0,0.0,0.0,0.0,1.0,1.0,5414,534,549,541.4,6.586180818788516,541.4,2.1409988403320312e-05,10,0.1114585766183417,39.04
0.0,47,63.5,110960.42328042327,0.0,0.0,0.0,0.0,0.0,0.0,0.0,0,0,0,0,0,9.012222290039062e-05,0.0,0.0,0.0,0.0,0.0,0.0,0.0,0.0,0.0,0.0,0.0,0.0,0.0,1.0,1.0,5554,534,567,555.4,12.799305536716522,555.4,1.0609626770019531e-05,10,0.1139895551034368,180.25
0.0,47,63.5,2417.187644075611,0.0,0.0,0.0,0.0,0.0,0.0,0.0,0,0,0,0,0,0.0041370391845703,0.0,0.0,0.0,0.0,0.0,0.0,0.0,0.0,0.0,0.0,0.0,0.0,0.0,1.0,1.0,5446,536,552,544.6,7.105553383719587,544.6,0.0004151821136474,10,0.108261888226392,45.44
0.0,47,63.5,584.9633204094725,0.0,0.0,0.0,0.0,0.0,0.0,0.0,0,0,0,0,0,0.0170950889587402,0.0,0.0,0.0,0.0,0.0,0.0,0.0,0.0,0.0,0.0,0.0,0.0,0.0,1.0,1.0,5636,534,578,563.6,19.340228655433325,563.6,0.0019442081451416,10,0.1166540655450773,356.0
0.0,47,63.5,1604.6153257584451,0.0,0.0,0.0,0.0,0.0,0.0,0.0,0,0,0,0,0,0.0062320232391357,0.0,0.0,0.0,0.0,0.0,0.0,0.0,0.0,0.0,0.0,0.0,0.0,0.0,1.0,1.0,5780,578,578,578.0,0.0,578.0,0.0006242036819458,10,0.0,0.0
0.0,47,63.5,95979.49656750572,0.0,0.0,0.0,0.0,0.0,0.0,0.0,0,0,0,0,0,0.0001041889190673,0.0,0.0,0.0,0.0,0.0,0.0,0.0,0.0,0.0,0.0,0.0,0.0,0.0,1.0,1.0,5780,578,578,578.0,0.0,578.0,1.270771026611328e-05,10,0.0,0.0
0.0,47,63.5,2663.7266607392357,0.0,0.0,0.0,0.0,0.0,0.0,0.0,0,0,0,0,0,0.0037541389465332,0.0,0.0,0.0,0.0,0.0,0.0,0.0,0.0,0.0,0.0,0.0,0.0,0.0,1.0,1.0,5780,578,578,578.0,0.0,578.0,0.0003768920898437,10,0.0,0.0
0.0,47,63.5,97090.37037037036,0.0,0.0,0.0,0.0,0.0,0.0,0.0,0,0,0,0,0,0.0001029968261718,0.0,0.0,0.0,0.0,0.0,0.0,0.0,0.0,0.0,0.0,0.0,0.0,0.0,1.0,1.0,5570,491,587,557.0,37.04051835490427,557.0,1.3303756713867189e-05,10,0.1971420455570538,1682.0
0.0,47,63.5,112447.82841823057,0.0,0.0,0.0,0.0,0.0,0.0,0.0,0,0,0,0,0,8.893013000488281e-05,0.0,0.0,0.0,0.0,0.0,0.0,0.0,0.0,0.0,0.0,0.0,0.0,0.0,1.0,1.0,5408,530,561,540.8,11.59310139695155,540.8,1.0395050048828124e-05,10,0.1203147157850621,161.55555555555557
0.0,47,63.5,108660.72538860104,0.0,0.0,0.0,0.0,0.0,0.0,0.0,0,0,0,0,0,9.202957153320312e-05,0.0,0.0,0.0,0.0,0.0,0.0,0.0,0.0,0.0,0.0,0.0,0.0,0.0,1.0,1.0,5428,539,547,542.8,3.084008934992101,542.8,1.0704994201660156e-05,10,0.1015112818797583,8.559999999999999
0.0,47,63.5,585.6903076257104,0.0,0.0,0.0,0.0,0.0,0.0,0.0,0,0,0,0,0,0.0170738697052001,0.0,0.0,0.0,0.0,0.0,0.0,0.0,0.0,0.0,0.0,0.0,0.0,0.0,1.0,1.0,5456,539,549,545.6,3.627058802329452,545.6,0.0017088890075683,10,0.1017324986737169,11.84
0.0,47,63.5,42196.21730382294,0.0,0.0,0.0,0.0,0.0,0.0,0.0,0,0,0,0,0,0.0002369880676269,0.0,0.0,0.0,0.0,0.0,0.0,0.0,0.0,0.0,0.0,0.0,0.0,0.0,1.0,1.0,5144,420,563,514.4,53.03499892628557,514.4,0.0016423940658569,10,0.3246507871626117,3239.9591836734694
0.0,47,63.5,12118.76336318983,0.0,0.0,0.0,0.0,0.0,0.0,0.0,0,0,0,0,0,0.0008251667022705,0.0,0.0,0.0,0.0,0.0,0.0,0.0,0.0,0.0,0.0,0.0,0.0,0.0,1.0,1.0,5164,503,522,516.4,7.734482673212359,516.4,0.0002842187881469,10,0.1647543788617598,81.0
0.0,47,63.5,1252.9660941000748,0.0,0.0,0.0,0.0,0.0,0.0,0.0,0,0,0,0,0,0.0079810619354248,0.0,0.0,0.0,0.0,0.0,0.0,0.0,0.0,0.0,0.0,0.0,0.0,0.0,1.0,1.0,5174,503,527,517.4,9.559172442098625,517.4,0.001108694076538,10,0.1654976844860133,91.84
0.0,47,63.5,12644.871872173651,0.0,0.0,0.0,0.0,0.0,0.0,0.0,0,0,0,0,0,0.0007908344268798,0.0,0.0,0.0,0.0,0.0,0.0,0.0,0.0,0.0,0.0,0.0,0.0,0.0,1.0,1.0,5234,512,527,523.4,6.131883886702355,523.4,8.518695831298828e-05,10,0.1487643742200871,42.0
0.0,47,63.5,99864.38095238096,0.0,0.0,0.0,0.0,0.0,0.0,0.0,0,0,0,0,0,0.0001001358032226,0.0,0.0,0.0,0.0,0.0,0.0,0.0,0.0,0.0,0.0,0.0,0.0,0.0,1.0,1.0,5342,485,585,534.2,34.65640873874076,534.2,0.0002416133880615,10,0.2063956346638135,1282.75
0.0,47,63.5,131896.35220125786,0.0,0.0,0.0,0.0,0.0,0.0,0.0,0,0,0,0,0,7.581710815429688e-05,0.0,0.0,0.0,0.0,0.0,0.0,0.0,0.0,0.0,0.0,0.0,0.0,0.0,1.0,1.0,5474,530,557,547.4,10.035492569431312,547.4,8.988380432128907e-06,10,0.1196802082530835,126.0
0.0,47,63.5,78692.38273921201,0.0,0.0,0.0,0.0,0.0,0.0,0.0,0,0,0,0,0,0.0001270771026611,0.0,0.0,0.0,0.0,0.0,0.0,0.0,0.0,0.0,0.0,0.0,0.0,0.0,1.0,1.0,5434,522,561,543.4,13.175735273600482,543.4,1.41143798828125e-05,10,0.1345924575210539,156.23999999999998
0.0,47,63.5,3661.548668703623,0.0,0.0,0.0,0.0,0.0,0.0,0.0,0,0,0,0,0,0.0027310848236083,0.0,0.0,0.0,0.0,0.0,0.0,0.0,0.0,0.0,0.0,0.0,0.0,0.0,1.0,1.0,5458,539,555,545.8,5.71158666416104,545.8,0.0002754926681518,10,0.1025816519435126,42.66666666666666
0.0,47,63.5,110960.42328042327,0.0,0.0,0.0,0.0,0.0,0.0,0.0,0,0,0,0,0,9.012222290039062e-05,0.0,0.0,0.0,0.0,0.0,0.0,0.0,0.0,0.0,0.0,0.0,0.0,0.0,1.0,1.0,5472,502,591,547.2,29.72017646126767,547.2,1.0204315185546874e-05,10,0.175414601083262,991.25
0.0,47,63.5,84733.41414141415,0.0,0.0,0.0,0.0,0.0,0.0,0.0,0,0,0,0,0,0.0001180171966552,0.0,0.0,0.0,0.0,0.0,0.0,0.0,0.0,0.0,0.0,0.0,0.0,0.0,1.0,1.0,5480,543,554,548.0,3.944053188733077,548.0,1.3303756713867189e-05,10,0.0950451095069623,16.25
0.0,47,63.5,124830.47619047618,0.0,0.0,0.0,0.0,0.0,0.0,0.0,0,0,0,0,0,8.0108642578125e-05,0.0,0.0,0.0,0.0,0.0,0.0,0.0,0.0,0.0,0.0,0.0,0.0,0.0,1.0,1.0,5484,545,554,548.4,3.565264521898917,548.4,9.79900360107422e-06,10,0.0914825461556408,18.0
0.0,47,63.5,114912.43835616438,0.0,0.0,0.0,0.0,0.0,0.0,0.0,0,0,0,0,0,8.702278137207031e-05,0.0,0.0,0.0,0.0,0.0,0.0,0.0,0.0,0.0,0.0,0.0,0.0,0.0,1.0,1.0,5430,538,548,543.0,3.39934634239519,543.0,1.049041748046875e-05,10,0.1033438677260381,10.4
0.0,47,63.5,113359.56756756756,0.0,0.0,0.0,0.0,0.0,0.0,0.0,0,0,0,0,0,8.821487426757812e-05,0.0,0.0,0.0,0.0,0.0,0.0,0.0,0.0,0.0,0.0,0.0,0.0,0.0,1.0,1.0,5658,546,578,565.8,15.781846110853657,565.8,1.0514259338378908e-05,10,0.0947549628317173,233.6875
0.0,47,63.5,3173.416055080578,0.0,0.0,0.0,0.0,0.0,0.0,0.0,0,0,0,0,0,0.0031511783599853,0.0,0.0,0.0,0.0,0.0,0.0,0.0,0.0,0.0,0.0,0.0,0.0,0.0,1.0,1.0,5780,578,578,578.0,0.0,578.0,0.0003165960311889,10,0.0,0.0
0.0,47,63.5,3329.076910865942,0.0,0.0,0.0,0.0,0.0,0.0,0.0,0,0,0,0,0,0.0030038356781005,0.0,0.0,0.0,0.0,0.0,0.0,0.0,0.0,0.0,0.0,0.0,0.0,0.0,1.0,1.0,5780,578,578,578.0,0.0,578.0,0.0003018856048583,10,0.0,0.0
0.0,47,63.5,1479.733286293879,0.0,0.0,0.0,0.0,0.0,0.0,0.0,0,0,0,0,0,0.0067579746246337,0.0,0.0,0.0,0.0,0.0,0.0,0.0,0.0,0.0,0.0,0.0,0.0,0.0,1.0,1.0,5780,578,578,578.0,0.0,578.0,0.0007748126983642,10,0.0,0.0
0.0,47,63.5,539.4880765569933,0.0,0.0,0.0,0.0,0.0,0.0,0.0,0,0,0,0,0,0.01853609085083,0.0,0.0,0.0,0.0,0.0,0.0,0.0,0.0,0.0,0.0,0.0,0.0,0.0,1.0,1.0,5526,476,582,552.6,42.25636046798162,552.6,0.001857304573059,10,0.224828721000237,2312.0
0.0,47,63.5,41323.1921182266,0.0,0.0,0.0,0.0,0.0,0.0,0.0,0,0,0,0,0,0.000241994857788,0.0,0.0,0.0,0.0,0.0,0.0,0.0,0.0,0.0,0.0,0.0,0.0,0.0,1.0,1.0,5384,533,543,538.4,4.087922591134904,538.4,2.5796890258789063e-05,10,0.1121450161467247,19.061224489795915
0.0,47,63.5,67541.12721417069,0.0,0.0,0.0,0.0,0.0,0.0,0.0,0,0,0,0,0,0.000148057937622,0.0,0.0,0.0,0.0,0.0,0.0,0.0,0.0,0.0,0.0,0.0,0.0,0.0,1.0,1.0,5440,539,547,544.0,3.265986323710904,544.0,1.64031982421875e-05,10,0.1015854121888268,14.22222222222222
0.0,47,63.5,112147.16577540108,0.0,0.0,0.0,0.0,0.0,0.0,0.0,0,0,0,0,0,8.916854858398438e-05,0.0,0.0,0.0,0.0,0.0,0.0,0.0,0.0,0.0,0.0,0.0,0.0,0.0,1.0,1.0,5450,535,555,545.0,6.79869268479038,545.0,1.0395050048828124e-05,10,0.1098410154520762,67.55555555555556
0.0,47,63.5,324.6666873084187,0.0,0.0,0.0,0.0,0.0,0.0,0.0,0,0,0,0,0,0.0308008193969726,0.0,0.0,0.0,0.0,0.0,0.0,0.0,0.0,0.0,0.0,0.0,0.0,0.0,1.0,1.0,5632,534,578,563.2,19.66836150889149,563.2,0.0030815839767456,10,0.116787733744262,366.75
0.0,47,63.5,6016.789556735045,0.0,0.0,0.0,0.0,0.0,0.0,0.0,0,0,0,0,0,0.0016620159149169,0.0,0.0,0.0,0.0,0.0,0.0,0.0,0.0,0.0,0.0,0.0,0.0,0.0,1.0,1.0,5780,578,578,578.0,0.0,578.0,0.0002609014511108,10,0.0,0.0
0.0,47,63.5,78106.21973929237,0.0,0.0,0.0,0.0,0.0,0.0,0.0,0,0,0,0,0,0.0001280307769775,0.0,0.0,0.0,0.0,0.0,0.0,0.0,0.0,0.0,0.0,0.0,0.0,0.0,1.0,1.0,5780,578,578,578.0,0.0,578.0,1.5115737915039062e-05,10,0.0,0.0
0.0,47,63.5,1130.9669417030686,0.0,0.0,0.0,0.0,0.0,0.0,0.0,0,0,0,0,0,0.0088419914245605,0.0,0.0,0.0,0.0,0.0,0.0,0.0,0.0,0.0,0.0,0.0,0.0,0.0,1.0,1.0,5780,578,578,578.0,0.0,578.0,0.0008862972259521,10,0.0,0.0
0.0,47,63.5,217.1223282274805,0.0,0.0,0.0,0.0,0.0,0.0,0.0,0,0,0,0,0,0.0460569858551025,0.0,0.0,0.0,0.0,0.0,0.0,0.0,0.0,0.0,0.0,0.0,0.0,0.0,1.0,1.0,5818,556,619,581.8,21.565404393766112,581.8,0.0046066999435424,10,0.0800696531338445,518.6875
0.0,47,63.5,31254.12816691505,0.0,0.0,0.0,0.0,0.0,0.0,0.0,0,0,0,0,0,0.0003199577331542,0.0,0.0,0.0,0.0,0.0,0.0,0.0,0.0,0.0,0.0,0.0,0.0,0.0,1.0,1.0,5806,576,584,580.6,2.7968235951204043,580.6,3.478527069091797e-05,10,0.0383414840597082,16.0
0.0,47,63.5,453.02197980234376,0.0,0.0,0.0,0.0,0.0,0.0,0.0,0,0,0,0,0,0.0220739841461181,0.0,0.0,0.0,0.0,0.0,0.0,0.0,0.0,0.0,0.0,0.0,0.0,0.0,1.0,1.0,5790,576,582,579.0,2.6666666666666665,579.0,0.0022166013717651,10,0.0382884633333333,6.4
0.0,47,63.5,76398.97996357013,0.0,0.0,0.0,0.0,0.0,0.0,0.0,0,0,0,0,0,0.0001308917999267,0.0,0.0,0.0,0.0,0.0,0.0,0.0,0.0,0.0,0.0,0.0,0.0,0.0,1.0,1.0,5806,577,583,580.6,2.1705094128132942,580.6,1.5401840209960936e-05,10,0.0363822187144036,6.222222222222221
0.0,47,63.5,59493.67375886525,0.0,0.0,0.0,0.0,0.0,0.0,0.0,0,0,0,0,0,0.0001680850982666,0.0,0.0,0.0,0.0,0.0,0.0,0.0,0.0,0.0,0.0,0.0,0.0,0.0,1.0,1.0,5826,555,618,582.6,21.3915871313935,582.6,1.8715858459472656e-05,10,0.0817029769338444,514.6875
0.0,47,63.5,4293.923013923014,0.0,0.0,0.0,0.0,0.0,0.0,0.0,0,0,0,0,0,0.002328872680664,0.0,0.0,0.0,0.0,0.0,0.0,0.0,0.0,0.0,0.0,0.0,0.0,0.0,1.0,1.0,5776,575,582,577.6,2.547329756605707,577.6,0.0002355813980102,10,0.0399439802496509,8.222222222222221
0.0,47,63.5,101067.56626506025,0.0,0.0,0.0,0.0,0.0,0.0,0.0,0,0,0,0,0,9.894371032714844e-05,0.0,0.0,0.0,0.0,0.0,0.0,0.0,0.0,0.0,0.0,0.0,0.0,0.0,1.0,1.0,5800,574,584,580.0,3.4641016151377544,580.0,5.960464477539063e-05,10,0.0420215664339424,10.8
0.0,47,63.5,123725.78171091444,0.0,0.0,0.0,0.0,0.0,0.0,0.0,0,0,0,0,0,8.082389831542969e-05,0.0,0.0,0.0,0.0,0.0,0.0,0.0,0.0,0.0,0.0,0.0,0.0,0.0,1.0,1.0,5794,576,584,579.4,2.716206504995115,579.4,9.894371032714844e-06,10,0.0383086438818748,8.25
0.0,47,63.5,109798.5340314136,0.0,0.0,0.0,0.0,0.0,0.0,0.0,0,0,0,0,0,9.107589721679688e-05,0.0,0.0,0.0,0.0,0.0,0.0,0.0,0.0,0.0,0.0,0.0,0.0,0.0,1.0,1.0,5774,576,579,577.4,1.264911064067352,577.4,1.0418891906738282e-05,10,0.0377174441710585,2.25
0.0,47,63.5,366.05899807994416,0.0,0.0,0.0,0.0,0.0,0.0,0.0,0,0,0,0,0,0.027318000793457,0.0,0.0,0.0,0.0,0.0,0.0,0.0,0.0,0.0,0.0,0.0,0.0,0.0,1.0,1.0,5780,578,578,578.0,0.0,578.0,0.0043488979339599,10,0.0,0.0
0.0,47,63.5,112447.82841823057,0.0,0.0,0.0,0.0,0.0,0.0,0.0,0,0,0,0,0,8.893013000488281e-05,0.0,0.0,0.0,0.0,0.0,0.0,0.0,0.0,0.0,0.0,0.0,0.0,0.0,1.0,1.0,5780,578,578,578.0,0.0,578.0,1.1396408081054689e-05,10,0.0,0.0
0.0,47,63.5,101067.56626506025,0.0,0.0,0.0,0.0,0.0,0.0,0.0,0,0,0,0,0,9.894371032714844e-05,0.0,0.0,0.0,0.0,0.0,0.0,0.0,0.0,0.0,0.0,0.0,0.0,0.0,1.0,1.0,5780,578,578,578.0,0.0,578.0,1.1801719665527344e-05,10,0.0,0.0
0.0,47,63.5,1601.796448348291,0.0,0.0,0.0,0.0,0.0,0.0,0.0,0,0,0,0,0,0.0062429904937744,0.0,0.0,0.0,0.0,0.0,0.0,0.0,0.0,0.0,0.0,0.0,0.0,0.0,1.0,1.0,5568,486,586,556.8,38.77226958650847,556.8,0.0008782863616943,10,0.2063681417387601,1880.8888888888887
0.0,47,63.5,154202.35294117648,0.0,0.0,0.0,0.0,0.0,0.0,0.0,0,0,0,0,0,6.4849853515625e-05,0.0,0.0,0.0,0.0,0.0,0.0,0.0,0.0,0.0,0.0,0.0,0.0,0.0,1.0,1.0,5438,526,566,543.8,14.505171491574997,543.8,7.700920104980468e-06,10,0.1283174966588079,400.0
0.0,47,63.5,2636.4347224841285,0.0,0.0,0.0,0.0,0.0,0.0,0.0,0,0,0,0,0,0.0037930011749267,0.0,0.0,0.0,0.0,0.0,0.0,0.0,0.0,0.0,0.0,0.0,0.0,0.0,1.0,1.0,5452,531,558,545.2,11.222992272810114,545.2,0.000380516052246,10,0.1184598181322519,113.36
0.0,47,63.5,62883.11844077961,0.0,0.0,0.0,0.0,0.0,0.0,0.0,0,0,0,0,0,0.0001590251922607,0.0,0.0,0.0,0.0,0.0,0.0,0.0,0.0,0.0,0.0,0.0,0.0,0.0,1.0,1.0,5414,536,551,541.4,5.601587076693334,541.4,1.919269561767578e-05,10,0.1076492325115618,37.55555555555556
0.0,47,63.5,54971.218872870246,0.0,0.0,0.0,0.0,0.0,0.0,0.0,0,0,0,0,0,0.0001819133758544,0.0,0.0,0.0,0.0,0.0,0.0,0.0,0.0,0.0,0.0,0.0,0.0,0.0,1.0,1.0,5684,547,614,568.4,27.411270998948183,568.4,2.079010009765625e-05,10,0.0977881953541315,795.6875
0.0,47,63.5,62045.91715976331,0.0,0.0,0.0,0.0,0.0,0.0,0.0,0,0,0,0,0,0.0001611709594726,0.0,0.0,0.0,0.0,0.0,0.0,0.0,0.0,0.0,0.0,0.0,0.0,0.0,1.0,1.0,5436,420,582,543.6,65.48485830072985,543.6,1.9216537475585936e-05,10,0.3297223618773854,4706.6875
0.0,47,63.5,67978.99513776337,0.0,0.0,0.0,0.0,0.0,0.0,0.0,0,0,0,0,0,0.0001471042633056,0.0,0.0,0.0,0.0,0.0,0.0,0.0,0.0,0.0,0.0,0.0,0.0,0.0,1.0,1.0,5262,512,533,526.2,8.175845182269809,526.2,1.7404556274414062e-05,10,0.1495970022934494,86.0
0.0,47,63.5,67978.99513776337,0.0,0.0,0.0,0.0,0.0,0.0,0.0,0,0,0,0,0,0.0001471042633056,0.0,0.0,0.0,0.0,0.0,0.0,0.0,0.0,0.0,0.0,0.0,0.0,0.0,1.0,1.0,5204,508,531,520.4,9.99110715697826,520.4,1.7189979553222655e-05,10,0.1571529874114667,89.84
0.0,47,63.5,71943.46483704975,0.0,0.0,0.0,0.0,0.0,0.0,0.0,0,0,0,0,0,0.0001389980316162,0.0,0.0,0.0,0.0,0.0,0.0,0.0,0.0,0.0,0.0,0.0,0.0,0.0,1.0,1.0,5210,509,525,521.0,6.429100507328637,521.0,1.64031982421875e-05,10,0.1539978383826654,64.0
0.0,47,63.5,774.4712594863083,0.0,0.0,0.0,0.0,0.0,0.0,0.0,0,0,0,0,0,0.0129120349884033,0.0,0.0,0.0,0.0,0.0,0.0,0.0,0.0,0.0,0.0,0.0,0.0,0.0,1.0,1.0,5450,520,583,545.0,26.05123157677323,545.0,0.0012929916381835,10,0.1432456796951144,610.8
0.0,47,63.5,44858.866310160425,0.0,0.0,0.0,0.0,0.0,0.0,0.0,0,0,0,0,0,0.0002229213714599,0.0,0.0,0.0,0.0,0.0,0.0,0.0,0.0,0.0,0.0,0.0,0.0,0.0,1.0,1.0,5806,578,583,580.6,2.1705094128132942,580.6,0.0016509056091308,10,0.0346780887144036,4.5
0.0,47,63.5,57772.78236914601,0.0,0.0,0.0,0.0,0.0,0.0,0.0,0,0,0,0,0,0.0001730918884277,0.0,0.0,0.0,0.0,0.0,0.0,0.0,0.0,0.0,0.0,0.0,0.0,0.0,1.0,1.0,5808,576,584,580.8,3.155242550986462,580.8,0.0014080047607421,10,0.0384874896055698,8.959999999999999
0.0,47,63.5,62883.11844077961,0.0,0.0,0.0,0.0,0.0,0.0,0.0,0,0,0,0,0,0.0001590251922607,0.0,0.0,0.0,0.0,0.0,0.0,0.0,0.0,0.0,0.0,0.0,0.0,0.0,1.0,1.0,5738,538,585,573.8,18.9431899226198,573.8,1.8405914306640626e-05,10,0.1096758078468784,322.96
0.0,47,63.5,383.9390721687232,0.0,0.0,0.0,0.0,0.0,0.0,0.0,0,0,0,0,0,0.026045799255371,0.0,0.0,0.0,0.0,0.0,0.0,0.0,0.0,0.0,0.0,0.0,0.0,0.0,1.0,1.0,5650,549,604,565.0,21.007935008784973,565.0,0.0026071786880493,10,0.0917714724051787,756.25
0.0,47,63.5,8687.456503728252,0.0,0.0,0.0,0.0,0.0,0.0,0.0,0,0,0,0,0,0.0011510848999023,0.0,0.0,0.0,0.0,0.0,0.0,0.0,0.0,0.0,0.0,0.0,0.0,0.0,1.0,1.0,5514,524,562,551.4,14.690889088895274,551.4,0.0001164197921752,10,0.1318014105792524,194.24
0.0,47,63.5,1239.451536643026,0.0,0.0,0.0,0.0,0.0,0.0,0.0,0,0,0,0,0,0.0080680847167968,0.0,0.0,0.0,0.0,0.0,0.0,0.0,0.0,0.0,0.0,0.0,0.0,0.0,1.0,1.0,5326,473,581,532.6,36.96003848001845,532.6,0.0026357889175415,10,0.2277836012752203,1976.0
0.0,47,63.5,146653.98601398602,0.0,0.0,0.0,0.0,0.0,0.0,0.0,0,0,0,0,0,6.818771362304688e-05,0.0,0.0,0.0,0.0,0.0,0.0,0.0,0.0,0.0,0.0,0.0,0.0,0.0,1.0,1.0,5344,520,543,534.4,8.630694577430537,534.4,8.0108642578125e-06,10,0.1361492497430621,80.1875
0.0,47,63.5,147168.56140350876,0.0,0.0,0.0,0.0,0.0,0.0,0.0,0,0,0,0,0,6.794929504394531e-05,0.0,0.0,0.0,0.0,0.0,0.0,0.0,0.0,0.0,0.0,0.0,0.0,0.0,1.0,1.0,5390,530,551,539.0,7.688375063113864,539.0,7.987022399902344e-06,10,0.11872408646571,87.84
0.0,47,63.5,144631.1724137931,0.0,0.0,0.0,0.0,0.0,0.0,0.0,0,0,0,0,0,6.914138793945312e-05,0.0,0.0,0.0,0.0,0.0,0.0,0.0,0.0,0.0,0.0,0.0,0.0,0.0,1.0,1.0,5378,534,541,537.8,2.3475755815545347,537.8,8.0108642578125e-06,10,0.109731938388902,4.96
0.0,47,63.5,140748.45637583893,0.0,0.0,0.0,0.0,0.0,0.0,0.0,0,0,0,0,0,7.104873657226562e-05,0.0,0.0,0.0,0.0,0.0,0.0,0.0,0.0,0.0,0.0,0.0,0.0,0.0,1.0,1.0,5760,552,615,576.0,23.636130534981117,576.0,8.296966552734374e-06,10,0.0877297041347299,829.5555555555555
0.0,47,63.5,144631.1724137931,0.0,0.0,0.0,0.0,0.0,0.0,0.0,0,0,0,0,0,6.914138793945312e-05,0.0,0.0,0.0,0.0,0.0,0.0,0.0,0.0,0.0,0.0,0.0,0.0,0.0,1.0,1.0,5780,574,583,578.0,3.651483716701108,578.0,8.20159912109375e-06,10,0.0420978984068353,12.0
0.0,47,63.5,144631.1724137931,0.0,0.0,0.0,0.0,0.0,0.0,0.0,0,0,0,0,0,6.914138793945312e-05,0.0,0.0,0.0,0.0,0.0,0.0,0.0,0.0,0.0,0.0,0.0,0.0,0.0,1.0,1.0,5788,576,581,578.8,2.043961295567452,578.8,8.20159912109375e-06,10,0.0380347980733623,4.5
0.0,47,63.5,1653.7097346528408,0.0,0.0,0.0,0.0,0.0,0.0,0.0,0,0,0,0,0,0.0060470104217529,0.0,0.0,0.0,0.0,0.0,0.0,0.0,0.0,0.0,0.0,0.0,0.0,0.0,1.0,1.0,5770,575,580,577.0,2.581988897471611,577.0,0.0006057977676391,10,0.039958098997274,6.25
0.0,47,63.5,161319.38461538462,0.0,0.0,0.0,0.0,0.0,0.0,0.0,0,0,0,0,0,6.198883056640625e-05,0.0,0.0,0.0,0.0,0.0,0.0,0.0,0.0,0.0,0.0,0.0,0.0,0.0,1.0,1.0,5776,576,578,577.6,0.8432740427115677,577.6,7.796287536621094e-06,10,0.0,1.0
0.0,47,63.5,192399.26605504588,0.0,0.0,0.0,0.0,0.0,0.0,0.0,0,0,0,0,0,5.197525024414063e-05,0.0,0.0,0.0,0.0,0.0,0.0,0.0,0.0,0.0,0.0,0.0,0.0,0.0,1.0,1.0,5780,578,578,578.0,0.0,578.0,6.103515625e-06,10,0.0,0.0
0.0,47,63.5,192399.26605504588,0.0,0.0,0.0,0.0,0.0,0.0,0.0,0,0,0,0,0,5.197525024414063e-05,0.0,0.0,0.0,0.0,0.0,0.0,0.0,0.0,0.0,0.0,0.0,0.0,0.0,1.0,1.0,5780,578,578,578.0,0.0,578.0,6.198883056640625e-06,10,0.0,0.0
0.0,47,63.5,196915.6807511737,0.0,0.0,0.0,0.0,0.0,0.0,0.0,0,0,0,0,0,5.078315734863281e-05,0.0,0.0,0.0,0.0,0.0,0.0,0.0,0.0,0.0,0.0,0.0,0.0,0.0,1.0,1.0,5780,578,578,578.0,0.0,578.0,5.984306335449219e-06,10,0.0,0.0
0.0,47,63.5,166440.6349206349,0.0,0.0,0.0,0.0,0.0,0.0,0.0,0,0,0,0,0,6.008148193359375e-05,0.0,0.0,0.0,0.0,0.0,0.0,0.0,0.0,0.0,0.0,0.0,0.0,0.0,1.0,1.0,5566,512,595,556.6,30.019253081240304,556.6,6.9141387939453125e-06,10,0.1584951329351741,1281.5555555555557
0.0,47,63.5,192399.26605504588,0.0,0.0,0.0,0.0,0.0,0.0,0.0,0,0,0,0,0,5.197525024414063e-05,0.0,0.0,0.0,0.0,0.0,0.0,0.0,0.0,0.0,0.0,0.0,0.0,0.0,1.0,1.0,5504,543,554,550.4,4.033195589934446,550.4,6.103515625e-06,10,0.0950814225555157,18.1875
0.0,47,63.5,181571.60173160167,0.0,0.0,0.0,0.0,0.0,0.0,0.0,0,0,0,0,0,5.507469177246094e-05,0.0,0.0,0.0,0.0,0.0,0.0,0.0,0.0,0.0,0.0,0.0,0.0,0.0,1.0,1.0,5486,540,557,548.6,6.310485101972924,548.6,6.389617919921875e-06,10,0.1011214892111397,35.84
0.0,47,63.5,895.4916947777446,0.0,0.0,0.0,0.0,0.0,0.0,0.0,0,0,0,0,0,0.0111670494079589,0.0,0.0,0.0,0.0,0.0,0.0,0.0,0.0,0.0,0.0,0.0,0.0,0.0,1.0,1.0,5462,542,549,546.2,2.616188916046478,546.2,0.0011176109313964,10,0.0962083207168407,9.0
0.0,47,63.5,632.4724048495084,0.0,0.0,0.0,0.0,0.0,0.0,0.0,0,0,0,0,0,0.0158109664916992,0.0,0.0,0.0,0.0,0.0,0.0,0.0,0.0,0.0,0.0,0.0,0.0,0.0,1.0,1.0,5448,536,549,544.8,4.825856285561029,544.8,0.001583194732666,10,0.1073332308164862,20.96
0.0,47,63.5,71453.21976149915,0.0,0.0,0.0,0.0,0.0,0.0,0.0,0,0,0,0,0,0.0001399517059326,0.0,0.0,0.0,0.0,0.0,0.0,0.0,0.0,0.0,0.0,0.0,0.0,0.0,1.0,1.0,5446,489,587,544.6,33.503565316080746,544.6,1.609325408935547e-05,10,0.1991094923671587,1602.6666666666667
0.0,47,63.5,65331.83800623053,0.0,0.0,0.0,0.0,0.0,0.0,0.0,0,0,0,0,0,0.0001530647277832,0.0,0.0,0.0,0.0,0.0,0.0,0.0,0.0,0.0,0.0,0.0,0.0,0.0,1.0,1.0,5430,532,553,543.0,8.563488385776752,543.0,2.2602081298828124e-05,10,0.11567231262883,71.25
0.0,47,63.5,80043.96946564886,0.0,0.0,0.0,0.0,0.0,0.0,0.0,0,0,0,0,0,0.0001249313354492,0.0,0.0,0.0,0.0,0.0,0.0,0.0,0.0,0.0,0.0,0.0,0.0,0.0,1.0,1.0,5430,529,549,543.0,7.972173828734266,543.0,1.4591217041015626e-05,10,0.1205438247308732,80.22222222222223
0.0,47,63.5,47608.44494892168,0.0,0.0,0.0,0.0,0.0,0.0,0.0,0,0,0,0,0,0.0002100467681884,0.0,0.0,0.0,0.0,0.0,0.0,0.0,0.0,0.0,0.0,0.0,0.0,0.0,1.0,1.0,5410,529,555,541.0,9.955456348712053,541.0,2.322196960449219e-05,10,0.1213517346982113,169.0
0.0,47,63.5,54050.30927835051,0.0,0.0,0.0,0.0,0.0,0.0,0.0,0,0,0,0,0,0.0001850128173828,0.0,0.0,0.0,0.0,0.0,0.0,0.0,0.0,0.0,0.0,0.0,0.0,0.0,1.0,1.0,5734,548,615,573.4,25.153749444389224,573.4,2.229213714599609e-05,10,0.0951644413736663,941.5555555555557
0.0,47,63.5,67541.12721417069,0.0,0.0,0.0,0.0,0.0,0.0,0.0,0,0,0,0,0,0.000148057937622,0.0,0.0,0.0,0.0,0.0,0.0,0.0,0.0,0.0,0.0,0.0,0.0,0.0,1.0,1.0,5788,576,582,578.8,2.250925735484551,578.8,1.7595291137695312e-05,10,0.038119107107607,4.6875
0.0,47,63.5,67108.864,0.0,0.0,0.0,0.0,0.0,0.0,0.0,0,0,0,0,0,0.0001490116119384,0.0,0.0,0.0,0.0,0.0,0.0,0.0,0.0,0.0,0.0,0.0,0.0,0.0,1.0,1.0,5790,578,582,579.0,1.632993161855452,579.0,1.7309188842773436e-05,10,0.0344591260944134,3.0
0.0,47,63.5,64927.30650154799,0.0,0.0,0.0,0.0,0.0,0.0,0.0,0,0,0,0,0,0.0001540184020996,0.0,0.0,0.0,0.0,0.0,0.0,0.0,0.0,0.0,0.0,0.0,0.0,0.0,1.0,1.0,5788,577,580,578.8,1.0327955589886446,578.8,1.800060272216797e-05,10,0.0359187595989096,1.1875
0.0,47,63.6,14.15766799535673,0.0,0.0,0.0,0.0,0.0,0.0,0.0,0,0,0,0,0,0.7063310146331787,0.0,0.0,0.0,0.0,0.0,0.0,0.0,0.0,0.0,0.0,0.0,0.1,0.0,1.0,1.0,5584,499,590,558.4,34.33559863076998,558.4,0.0706357955932617,10,0.1824071294582304,1696.16
0.0,47,63.5,24.23196758674837,0.0,0.0,0.0,0.0,0.0,0.0,0.0,0,0,0,0,0,0.4126780033111572,0.0,0.0,0.0,0.0,0.0,0.0,0.0,0.0,0.0,0.0,0.0,0.0,0.0,1.0,1.0,5510,542,565,551.0,8.137703743822469,551.0,0.0412709951400756,10,0.0984575649970835,76.81632653061224
0.0,47,63.5,11.908349265818588,0.0,0.0,0.0,0.0,0.0,0.0,0.0,0,0,0,0,0,0.8397469520568848,0.0,0.0,0.0,0.0,0.0,0.0,0.0,0.0,0.0,0.0,0.0,0.0,0.0,1.0,1.0,5500,528,564,550.0,12.036980056845191,550.0,0.0839781999588012,10,0.1239037941959565,130.4
0.0,47,63.5,5.180922641362605,0.0,0.0,0.0,0.0,0.0,0.0,0.0,0,0,0,0,0,1.9301581382751465,0.0,0.0,0.0,0.0,0.0,0.0,0.0,0.0,0.0,0.0,0.0,0.0,0.0,1.0,1.0,5456,528,560,545.6,11.730302638892145,545.6,0.1930200099945068,10,0.1237788660829791,225.0
0.0,47,63.5,185.0654123959248,0.0,0.0,0.0,0.0,0.0,0.0,0.0,0,0,0,0,0,0.054034948348999,0.0,0.0,0.0,0.0,0.0,0.0,0.0,0.0,0.0,0.0,0.0,0.0,0.0,1.0,1.0,5776,541,635,577.6,32.84035457921989,577.6,0.0054071903228759,10,0.110224566841391,1373.9591836734694
0.0,47,63.5,309.261998333616,0.0,0.0,0.0,0.0,0.0,0.0,0.0,0,0,0,0,0,0.0323350429534912,0.0,0.0,0.0,0.0,0.0,0.0,0.0,0.0,0.0,0.0,0.0,0.0,0.0,1.0,1.0,5819,576,585,581.9,2.846049894151541,581.9,0.0032364130020141,10,0.0383615368848816,16.0
0.0,47,63.5,66260.72669826224,0.0,0.0,0.0,0.0,0.0,0.0,0.0,0,0,0,0,0,0.0001509189605712,0.0,0.0,0.0,0.0,0.0,0.0,0.0,0.0,0.0,0.0,0.0,0.0,0.0,1.0,1.0,5784,575,582,578.4,2.3664319132398464,578.4,1.587867736816406e-05,10,0.0398702897041774,7.2
0.0,47,63.5,900.5676987160218,0.0,0.0,0.0,0.0,0.0,0.0,0.0,0,0,0,0,0,0.0111041069030761,0.0,0.0,0.0,0.0,0.0,0.0,0.0,0.0,0.0,0.0,0.0,0.0,0.0,1.0,1.0,5770,572,584,577.0,4.216370213557839,577.0,0.0011114120483398,10,0.0457362705701949,20.25
0.0,47,63.5,56527.00808625337,0.0,0.0,0.0,0.0,0.0,0.0,0.0,0,0,0,0,0,0.0001769065856933,0.0,0.0,0.0,0.0,0.0,0.0,0.0,0.0,0.0,0.0,0.0,0.0,0.0,1.0,1.0,5837,559,622,583.7,21.82786190985172,583.7,1.9288063049316408e-05,10,0.0750641778275972,603.3469387755102
0.0,47,63.5,2175.356049997407,0.0,0.0,0.0,0.0,0.0,0.0,0.0,0,0,0,0,0,0.0045969486236572,0.0,0.0,0.0,0.0,0.0,0.0,0.0,0.0,0.0,0.0,0.0,0.0,0.0,1.0,1.0,5796,576,584,579.6,3.1340424729448424,579.6,0.0004605054855346,10,0.0384788535417788,8.84
0.0,47,63.5,3019.43992513138,0.0,0.0,0.0,0.0,0.0,0.0,0.0,0,0,0,0,0,0.0033118724822998,0.0,0.0,0.0,0.0,0.0,0.0,0.0,0.0,0.0,0.0,0.0,0.0,0.0,1.0,1.0,5786,571,584,578.6,4.351245032554857,578.6,0.0003968000411987,10,0.0474953431764616,42.25
0.0,47,63.5,636.0113424416577,0.0,0.0,0.0,0.0,0.0,0.0,0.0,0,0,0,0,0,0.0157229900360107,0.0,0.0,0.0,0.0,0.0,0.0,0.0,0.0,0.0,0.0,0.0,0.0,0.0,1.0,1.0,5793,578,582,579.3,1.567021236472421,579.3,0.0015726089477539,10,0.0344322517708893,2.5
0.0,47,63.5,39494.3879472693,0.0,0.0,0.0,0.0,0.0,0.0,0.0,0,0,0,0,0,0.0002532005310058,0.0,0.0,0.0,0.0,0.0,0.0,0.0,0.0,0.0,0.0,0.0,0.0,0.0,1.0,1.0,5274,429,579,527.4,58.2259964849608,527.4,2.8705596923828126e-05,10,0.3114282219281137,5352.24
0.0,47,63.5,1015.742135470903,0.0,0.0,0.0,0.0,0.0,0.0,0.0,0,0,0,0,0,0.0098450183868408,0.0,0.0,0.0,0.0,0.0,0.0,0.0,0.0,0.0,0.0,0.0,0.0,0.0,1.0,1.0,5220,505,536,522.0,11.527744310527057,522.0,0.0009855985641479,10,0.1628913419223362,168.40816326530611
0.0,47,63.5,109798.5340314136,0.0,0.0,0.0,0.0,0.0,0.0,0.0,0,0,0,0,0,9.107589721679688e-05,0.0,0.0,0.0,0.0,0.0,0.0,0.0,0.0,0.0,0.0,0.0,0.0,0.0,1.0,1.0,5221,518,529,522.1,4.121757985239901,522.1,9.393692016601562e-06,10,0.1377207493328673,16.444444444444443
0.0,47,63.5,1490.5131485429993,0.0,0.0,0.0,0.0,0.0,0.0,0.0,0,0,0,0,0,0.0067090988159179,0.0,0.0,0.0,0.0,0.0,0.0,0.0,0.0,0.0,0.0,0.0,0.0,0.0,1.0,1.0,5232,516,531,523.2,6.303438215238834,523.2,0.0006716012954711,10,0.1420177385913597,35.760000000000005
0.0,47,63.5,2042.9126686474112,0.0,0.0,0.0,0.0,0.0,0.0,0.0,0,0,0,0,0,0.0048949718475341,0.0,0.0,0.0,0.0,0.0,0.0,0.0,0.0,0.0,0.0,0.0,0.0,0.0,1.0,1.0,5624,516,578,562.4,25.447986167867978,562.4,0.0004906892776489,10,0.1498164616453427,701.0
0.0,47,63.5,1557.1369171369172,0.0,0.0,0.0,0.0,0.0,0.0,0.0,0,0,0,0,0,0.0064220428466796,0.0,0.0,0.0,0.0,0.0,0.0,0.0,0.0,0.0,0.0,0.0,0.0,0.0,1.0,1.0,5780,578,578,578.0,0.0,578.0,0.0006428003311157,10,0.0,0.0
0.0,47,63.5,2129.8451226324078,0.0,0.0,0.0,0.0,0.0,0.0,0.0,0,0,0,0,0,0.004695177078247,0.0,0.0,0.0,0.0,0.0,0.0,0.0,0.0,0.0,0.0,0.0,0.0,0.0,1.0,1.0,5780,578,578,578.0,0.0,578.0,0.0004706144332885,10,0.0,0.0
0.0,47,63.5,1011.9192260368164,0.0,0.0,0.0,0.0,0.0,0.0,0.0,0,0,0,0,0,0.0098822116851806,0.0,0.0,0.0,0.0,0.0,0.0,0.0,0.0,0.0,0.0,0.0,0.0,0.0,1.0,1.0,5780,578,578,578.0,0.0,578.0,0.0009912014007568,10,0.0,0.0
0.0,47,63.5,809.5236624720142,0.0,0.0,0.0,0.0,0.0,0.0,0.0,0,0,0,0,0,0.0123529434204101,0.0,0.0,0.0,0.0,0.0,0.0,0.0,0.0,0.0,0.0,0.0,0.0,0.0,1.0,1.0,5780,578,578,578.0,0.0,578.0,0.0012367963790893,10,0.0,0.0
0.0,47,63.5,67108.864,0.0,0.0,0.0,0.0,0.0,0.0,0.0,0,0,0,0,0,0.0001490116119384,0.0,0.0,0.0,0.0,0.0,0.0,0.0,0.0,0.0,0.0,0.0,0.0,0.0,1.0,1.0,5780,578,578,578.0,0.0,578.0,1.6498565673828126e-05,10,0.0,0.0
0.0,47,63.5,75166.73835125448,0.0,0.0,0.0,0.0,0.0,0.0,0.0,0,0,0,0,0,0.0001330375671386,0.0,0.0,0.0,0.0,0.0,0.0,0.0,0.0,0.0,0.0,0.0,0.0,0.0,1.0,1.0,5780,578,578,578.0,0.0,578.0,1.399517059326172e-05,10,0.0,0.0
0.0,47,63.5,1812.577355229041,0.0,0.0,0.0,0.0,0.0,0.0,0.0,0,0,0,0,0,0.0055170059204101,0.0,0.0,0.0,0.0,0.0,0.0,0.0,0.0,0.0,0.0,0.0,0.0,0.0,1.0,1.0,5780,578,578,578.0,0.0,578.0,0.0005523920059204,10,0.0,0.0
0.0,47,63.5,535.3018352604845,0.0,0.0,0.0,0.0,0.0,0.0,0.0,0,0,0,0,0,0.0186810493469238,0.0,0.0,0.0,0.0,0.0,0.0,0.0,0.0,0.0,0.0,0.0,0.0,0.0,1.0,1.0,5780,578,578,578.0,0.0,578.0,0.0018699169158935,10,0.0,0.0
0.0,47,63.5,527.7580089085739,0.0,0.0,0.0,0.0,0.0,0.0,0.0,0,0,0,0,0,0.0189480781555175,0.0,0.0,0.0,0.0,0.0,0.0,0.0,0.0,0.0,0.0,0.0,0.0,0.0,1.0,1.0,5780,578,578,578.0,0.0,578.0,0.001896595954895,10,0.0,0.0
0.0,47,63.5,816.3300895289996,0.0,0.0,0.0,0.0,0.0,0.0,0.0,0,0,0,0,0,0.0122499465942382,0.0,0.0,0.0,0.0,0.0,0.0,0.0,0.0,0.0,0.0,0.0,0.0,0.0,1.0,1.0,5780,578,578,578.0,0.0,578.0,0.0012269973754882,10,0.0,0.0
0.0,47,63.5,1232.603738098037,0.0,0.0,0.0,0.0,0.0,0.0,0.0,0,0,0,0,0,0.0081129074096679,0.0,0.0,0.0,0.0,0.0,0.0,0.0,0.0,0.0,0.0,0.0,0.0,0.0,1.0,1.0,5780,578,578,578.0,0.0,578.0,0.0008121967315673,10,0.0,0.0
0.0,47,63.5,1098.7907366656189,0.0,0.0,0.0,0.0,0.0,0.0,0.0,0,0,0,0,0,0.0091009140014648,0.0,0.0,0.0,0.0,0.0,0.0,0.0,0.0,0.0,0.0,0.0,0.0,0.0,1.0,1.0,5233,420,578,523.3,61.48179495680905,523.3,0.0009120941162109,10,0.3280916739936058,5991.36
0.0,47,63.5,352.2493953238377,0.0,0.0,0.0,0.0,0.0,0.0,0.0,0,0,0,0,0,0.0283889770507812,0.0,0.0,0.0,0.0,0.0,0.0,0.0,0.0,0.0,0.0,0.0,0.0,0.0,1.0,1.0,5232,502,547,523.2,15.576335327098674,523.2,0.0028409957885742,10,0.169652965958847,229.77777777777777
0.0,47,63.5,1076.207630923973,0.0,0.0,0.0,0.0,0.0,0.0,0.0,0,0,0,0,0,0.0092918872833251,0.0,0.0,0.0,0.0,0.0,0.0,0.0,0.0,0.0,0.0,0.0,0.0,0.0,1.0,1.0,5197,512,534,519.7,6.515792780280505,519.7,0.0009315013885498,10,0.1489207633469751,38.21
0.0,47,63.5,2523.344964504873,0.0,0.0,0.0,0.0,0.0,0.0,0.0,0,0,0,0,0,0.0039629936218261,0.0,0.0,0.0,0.0,0.0,0.0,0.0,0.0,0.0,0.0,0.0,0.0,0.0,1.0,1.0,5266,514,536,526.6,8.422192905255336,526.6,0.0003973007202148,10,0.1462890945018848,65.63265306122449
0.0,47,63.5,585.8211936254312,0.0,0.0,0.0,0.0,0.0,0.0,0.0,0,0,0,0,0,0.0170700550079345,0.0,0.0,0.0,0.0,0.0,0.0,0.0,0.0,0.0,0.0,0.0,0.0,0.0,1.0,1.0,5208,448,572,520.8,43.317432980267895,520.8,0.0017084121704101,10,0.2729765994988419,2224.0
0.0,47,63.5,630.8741952951086,0.0,0.0,0.0,0.0,0.0,0.0,0.0,0,0,0,0,0,0.0158510208129882,0.0,0.0,0.0,0.0,0.0,0.0,0.0,0.0,0.0,0.0,0.0,0.0,0.0,1.0,1.0,5196,505,538,519.6,9.406853293683753,519.6,0.0015867948532104,10,0.162027375757715,90.25
0.0,47,63.5,97090.37037037036,0.0,0.0,0.0,0.0,0.0,0.0,0.0,0,0,0,0,0,0.0001029968261718,0.0,0.0,0.0,0.0,0.0,0.0,0.0,0.0,0.0,0.0,0.0,0.0,0.0,1.0,1.0,5295,513,538,529.5,8.922505876216116,529.5,1.0991096496582032e-05,10,0.1481970319937354,156.25
0.0,47,63.5,1001.5052531041068,0.0,0.0,0.0,0.0,0.0,0.0,0.0,0,0,0,0,0,0.0099849700927734,0.0,0.0,0.0,0.0,0.0,0.0,0.0,0.0,0.0,0.0,0.0,0.0,0.0,1.0,1.0,5349,523,543,534.9,7.694875639743055,534.9,0.000999116897583,10,0.1306556445406058,59.11111111111112
0.0,47,63.5,2398.664074116436,0.0,0.0,0.0,0.0,0.0,0.0,0.0,0,0,0,0,0,0.0041689872741699,0.0,0.0,0.0,0.0,0.0,0.0,0.0,0.0,0.0,0.0,0.0,0.0,0.0,1.0,1.0,5100,420,563,510.0,50.966219749512085,510.0,0.0004186868667602,10,0.3238080492771613,3323.836734693877
0.0,47,63.5,1826.4692562271384,0.0,0.0,0.0,0.0,0.0,0.0,0.0,0,0,0,0,0,0.0054750442504882,0.0,0.0,0.0,0.0,0.0,0.0,0.0,0.0,0.0,0.0,0.0,0.0,0.0,1.0,1.0,5126,507,520,512.6,3.977715704047012,512.6,0.0005489110946655,10,0.1564075022692006,27.76
0.0,47,63.5,2745.682115737104,0.0,0.0,0.0,0.0,0.0,0.0,0.0,0,0,0,0,0,0.0036420822143554,0.0,0.0,0.0,0.0,0.0,0.0,0.0,0.0,0.0,0.0,0.0,0.0,0.0,1.0,1.0,5220,508,535,522.0,10.011104945120804,522.0,0.0003670930862426,10,0.1571611337104444,92.32098765432096
0.0,47,63.5,5373.179605431719,0.0,0.0,0.0,0.0,0.0,0.0,0.0,0,0,0,0,0,0.0018610954284667,0.0,0.0,0.0,0.0,0.0,0.0,0.0,0.0,0.0,0.0,0.0,0.0,0.0,1.0,1.0,5183,514,530,518.3,4.738729318662922,518.3,0.0001877069473266,10,0.1447885987752505,36.0
0.0,47,63.5,853.2465366071973,0.0,0.0,0.0,0.0,0.0,0.0,0.0,0,0,0,0,0,0.0117199420928955,0.0,0.0,0.0,0.0,0.0,0.0,0.0,0.0,0.0,0.0,0.0,0.0,0.0,1.0,1.0,5482,518,597,548.2,29.947361226733225,548.2,0.0011740922927856,10,0.148241067069322,1118.571428571429
0.0,47,63.5,71331.70068027212,0.0,0.0,0.0,0.0,0.0,0.0,0.0,0,0,0,0,0,0.0001401901245117,0.0,0.0,0.0,0.0,0.0,0.0,0.0,0.0,0.0,0.0,0.0,0.0,0.0,1.0,1.0,5512,544,557,551.2,4.7093288033198295,551.2,1.461505889892578e-05,10,0.0936527221813203,22.17283950617284
0.0,47,63.5,2013.6847664314175,0.0,0.0,0.0,0.0,0.0,0.0,0.0,0,0,0,0,0,0.0049660205841064,0.0,0.0,0.0,0.0,0.0,0.0,0.0,0.0,0.0,0.0,0.0,0.0,0.0,1.0,1.0,5549,551,557,554.9,1.7288403306519922,554.9,0.0004973888397216,10,0.0805096803970944,5.04
0.0,47,63.5,1253.4528719144105,0.0,0.0,0.0,0.0,0.0,0.0,0.0,0,0,0,0,0,0.0079779624938964,0.0,0.0,0.0,0.0,0.0,0.0,0.0,0.0,0.0,0.0,0.0,0.0,0.0,1.0,1.0,5511,546,556,551.1,4.067486256208427,551.1,0.0007982969284057,10,0.0899830012013291,14.9375
0.0,47,63.5,1511.951263472838,0.0,0.0,0.0,0.0,0.0,0.0,0.0,0,0,0,0,0,0.0066139698028564,0.0,0.0,0.0,0.0,0.0,0.0,0.0,0.0,0.0,0.0,0.0,0.0,0.0,1.0,1.0,5699,549,578,569.9,13.144073442683842,569.9,0.0006632089614868,10,0.0885680497576117,186.25
0.0,47,63.5,1818.5501214013184,0.0,0.0,0.0,0.0,0.0,0.0,0.0,0,0,0,0,0,0.0054988861083984,0.0,0.0,0.0,0.0,0.0,0.0,0.0,0.0,0.0,0.0,0.0,0.0,0.0,1.0,1.0,5780,578,578,578.0,0.0,578.0,0.0005514860153198,10,0.0,0.0
0.0,47,63.5,1707.987131978662,0.0,0.0,0.0,0.0,0.0,0.0,0.0,0,0,0,0,0,0.005854845046997,0.0,0.0,0.0,0.0,0.0,0.0,0.0,0.0,0.0,0.0,0.0,0.0,0.0,1.0,1.0,5780,578,578,578.0,0.0,578.0,0.000586199760437,10,0.0,0.0
0.0,47,63.5,145.97921495743452,0.0,0.0,0.0,0.0,0.0,0.0,0.0,0,0,0,0,0,0.0685029029846191,0.0,0.0,0.0,0.0,0.0,0.0,0.0,0.0,0.0,0.0,0.0,0.0,0.0,1.0,1.0,5780,578,578,578.0,0.0,578.0,0.0068521976470947,10,0.0,0.0
0.0,47,63.5,612.6291189530264,0.0,0.0,0.0,0.0,0.0,0.0,0.0,0,0,0,0,0,0.0163230895996093,0.0,0.0,0.0,0.0,0.0,0.0,0.0,0.0,0.0,0.0,0.0,0.0,0.0,1.0,1.0,5400,458,578,540.0,48.17329827473584,540.0,0.0016343116760253,10,0.2579133847851964,3456.0
0.0,47,63.5,750.5241120157466,0.0,0.0,0.0,0.0,0.0,0.0,0.0,0,0,0,0,0,0.0133240222930908,0.0,0.0,0.0,0.0,0.0,0.0,0.0,0.0,0.0,0.0,0.0,0.0,0.0,1.0,1.0,5336,527,548,533.6,7.089898917944222,533.6,0.0013345003128051,10,0.1235926812232137,100.0
0.0,47,63.5,94254.02247191012,0.0,0.0,0.0,0.0,0.0,0.0,0.0,0,0,0,0,0,0.0001060962677001,0.0,0.0,0.0,0.0,0.0,0.0,0.0,0.0,0.0,0.0,0.0,0.0,0.0,1.0,1.0,5311,519,544,531.1,8.710785141293394,531.1,1.2302398681640624e-05,10,0.1378860054351573,92.48979591836736
0.0,47,63.5,2993.1520730750017,0.0,0.0,0.0,0.0,0.0,0.0,0.0,0,0,0,0,0,0.0033409595489501,0.0,0.0,0.0,0.0,0.0,0.0,0.0,0.0,0.0,0.0,0.0,0.0,0.0,1.0,1.0,5387,527,542,538.7,4.571651780264984,538.7,0.0003346920013427,10,0.1225668480692087,36.0
0.0,47,63.5,1323.834232869362,0.0,0.0,0.0,0.0,0.0,0.0,0.0,0,0,0,0,0,0.0075538158416748,0.0,0.0,0.0,0.0,0.0,0.0,0.0,0.0,0.0,0.0,0.0,0.0,0.0,1.0,1.0,5431,503,592,543.1,30.978307822661257,543.1,0.0007560968399047,10,0.1742229834746393,1207.061224489796
0.0,47,63.5,219.04429659184677,0.0,0.0,0.0,0.0,0.0,0.0,0.0,0,0,0,0,0,0.0456528663635253,0.0,0.0,0.0,0.0,0.0,0.0,0.0,0.0,0.0,0.0,0.0,0.0,0.0,1.0,1.0,5510,547,555,551.0,2.98142396999972,551.0,0.0045665979385375,10,0.0878364528684191,9.959183673469386
0.0,47,63.5,99156.12293144208,0.0,0.0,0.0,0.0,0.0,0.0,0.0,0,0,0,0,0,0.0001008510589599,0.0,0.0,0.0,0.0,0.0,0.0,0.0,0.0,0.0,0.0,0.0,0.0,0.0,1.0,1.0,5506,545,555,550.6,3.596294389136314,550.6,1.0704994201660156e-05,10,0.0914951864823586,13.44
0.0,47,63.5,458.7347974450958,0.0,0.0,0.0,0.0,0.0,0.0,0.0,0,0,0,0,0,0.021799087524414,0.0,0.0,0.0,0.0,0.0,0.0,0.0,0.0,0.0,0.0,0.0,0.0,0.0,1.0,1.0,5462,542,549,546.2,2.616188916046478,546.2,0.0021804094314575,10,0.0962083207168407,8.24
0.0,47,63.5,72944.41739130435,0.0,0.0,0.0,0.0,0.0,0.0,0.0,0,0,0,0,0,0.0001370906829833,0.0,0.0,0.0,0.0,0.0,0.0,0.0,0.0,0.0,0.0,0.0,0.0,0.0,1.0,1.0,5293,446,572,529.3,45.77978690305241,529.3,1.6903877258300783e-05,10,0.2773879239928275,2694.25
0.0,47,63.5,102051.19221411191,0.0,0.0,0.0,0.0,0.0,0.0,0.0,0,0,0,0,0,9.79900360107422e-05,0.0,0.0,0.0,0.0,0.0,0.0,0.0,0.0,0.0,0.0,0.0,0.0,0.0,1.0,1.0,5256,520,534,525.6,5.232377832092955,525.6,1.0395050048828124e-05,10,0.1347649114336814,27.358024691358025
0.0,47,63.5,99156.12293144208,0.0,0.0,0.0,0.0,0.0,0.0,0.0,0,0,0,0,0,0.0001008510589599,0.0,0.0,0.0,0.0,0.0,0.0,0.0,0.0,0.0,0.0,0.0,0.0,0.0,1.0,1.0,5293,512,546,529.3,11.652848960185182,529.3,1.0585784912109376e-05,10,0.151013394552421,166.57142857142858
0.0,47,63.5,58497.96373779637,0.0,0.0,0.0,0.0,0.0,0.0,0.0,0,0,0,0,0,0.0001709461212158,0.0,0.0,0.0,0.0,0.0,0.0,0.0,0.0,0.0,0.0,0.0,0.0,0.0,1.0,1.0,5268,516,551,526.8,10.282671507606052,526.8,1.800060272216797e-05,10,0.1436387190653384,95.16
0.0,47,63.5,64133.08868501529,0.0,0.0,0.0,0.0,0.0,0.0,0.0,0,0,0,0,0,0.0001559257507324,0.0,0.0,0.0,0.0,0.0,0.0,0.0,0.0,0.0,0.0,0.0,0.0,0.0,1.0,1.0,5642,516,614,564.2,34.81315204855136,564.2,1.6498565673828126e-05,10,0.1536314556184979,1435.5510204081634
0.0,47,63.5,94254.02247191012,0.0,0.0,0.0,0.0,0.0,0.0,0.0,0,0,0,0,0,0.0001060962677001,0.0,0.0,0.0,0.0,0.0,0.0,0.0,0.0,0.0,0.0,0.0,0.0,0.0,1.0,1.0,5790,574,583,579.0,3.366501646120693,579.0,1.1515617370605468e-05,10,0.0419818081105637,11.959183673469388
0.0,47,63.5,101067.56626506025,0.0,0.0,0.0,0.0,0.0,0.0,0.0,0,0,0,0,0,9.894371032714844e-05,0.0,0.0,0.0,0.0,0.0,0.0,0.0,0.0,0.0,0.0,0.0,0.0,0.0,1.0,1.0,5797,577,583,579.7,2.311805451253293,579.7,1.0395050048828124e-05,10,0.0364397770686225,5.76
0.0,47,63.5,100102.72076372316,0.0,0.0,0.0,0.0,0.0,0.0,0.0,0,0,0,0,0,9.989738464355467e-05,0.0,0.0,0.0,0.0,0.0,0.0,0.0,0.0,0.0,0.0,0.0,0.0,0.0,1.0,1.0,5796,577,585,579.6,2.988868236194653,579.6,1.049041748046875e-05,10,0.0367155853646962,14.24
0.0,47,63.5,97090.37037037036,0.0,0.0,0.0,0.0,0.0,0.0,0.0,0,0,0,0,0,0.0001029968261718,0.0,0.0,0.0,0.0,0.0,0.0,0.0,0.0,0.0,0.0,0.0,0.0,0.0,1.0,1.0,5774,574,580,577.4,1.897366596101028,577.4,1.0919570922851562e-05,10,0.0413833412565876,9.0
0.0,47,63.5,102051.19221411191,0.0,0.0,0.0,0.0,0.0,0.0,0.0,0,0,0,0,0,9.79900360107422e-05,0.0,0.0,0.0,0.0,0.0,0.0,0.0,0.0,0.0,0.0,0.0,0.0,0.0,1.0,1.0,5780,578,578,578.0,0.0,578.0,1.02996826171875e-05,10,0.0,0.0
0.0,47,63.5,90200.08602150538,0.0,0.0,0.0,0.0,0.0,0.0,0.0,0,0,0,0,0,0.0001108646392822,0.0,0.0,0.0,0.0,0.0,0.0,0.0,0.0,0.0,0.0,0.0,0.0,0.0,1.0,1.0,5780,578,578,578.0,0.0,578.0,1.1587142944335938e-05,10,0.0,0.0
0.0,47,63.5,1733.398355167996,0.0,0.0,0.0,0.0,0.0,0.0,0.0,0,0,0,0,0,0.0057690143585205,0.0,0.0,0.0,0.0,0.0,0.0,0.0,0.0,0.0,0.0,0.0,0.0,0.0,1.0,1.0,5780,578,578,578.0,0.0,578.0,0.0005779027938842,10,0.0,0.0
0.0,47,63.5,2882.683161512028,0.0,0.0,0.0,0.0,0.0,0.0,0.0,0,0,0,0,0,0.0034689903259277,0.0,0.0,0.0,0.0,0.0,0.0,0.0,0.0,0.0,0.0,0.0,0.0,0.0,1.0,1.0,5544,501,591,554.4,34.189667055023115,554.4,0.0003475904464721,10,0.1789394227715341,1452.25
0.0,47,63.5,564.1144824618033,0.0,0.0,0.0,0.0,0.0,0.0,0.0,0,0,0,0,0,0.0177268981933593,0.0,0.0,0.0,0.0,0.0,0.0,0.0,0.0,0.0,0.0,0.0,0.0,0.0,1.0,1.0,5460,540,552,546.0,3.711842908553348,546.0,0.0017744064331054,10,0.1000629063272283,13.28395061728395
0.0,47,63.5,197.32793865117264,0.0,0.0,0.0,0.0,0.0,0.0,0.0,0,0,0,0,0,0.0506770610809326,0.0,0.0,0.0,0.0,0.0,0.0,0.0,0.0,0.0,0.0,0.0,0.0,0.0,1.0,1.0,5484,543,556,548.4,5.253570214625479,548.4,0.0050713062286376,10,0.0955785543626298,24.84
0.0,47,63.5,1381.022686115044,0.0,0.0,0.0,0.0,0.0,0.0,0.0,0,0,0,0,0,0.0072410106658935,0.0,0.0,0.0,0.0,0.0,0.0,0.0,0.0,0.0,0.0,0.0,0.0,0.0,1.0,1.0,5472,540,554,547.2,5.370702416299422,547.2,0.0007252931594848,10,0.1007386593363038,42.25
0.0,47,63.5,357.1444141689373,0.0,0.0,0.0,0.0,0.0,0.0,0.0,0,0,0,0,0,0.0279998779296875,0.0,0.0,0.0,0.0,0.0,0.0,0.0,0.0,0.0,0.0,0.0,0.0,0.0,1.0,1.0,5298,453,574,529.8,42.89211271706412,529.8,0.0028017044067382,10,0.2642826910364232,2334.122448979592
0.0,47,63.5,2333.7992432673045,0.0,0.0,0.0,0.0,0.0,0.0,0.0,0,0,0,0,0,0.0042848587036132,0.0,0.0,0.0,0.0,0.0,0.0,0.0,0.0,0.0,0.0,0.0,0.0,0.0,1.0,1.0,5311,512,547,531.1,11.140017953306897,531.1,0.0004313945770263,10,0.1508044877134591,196.0
0.0,47,63.5,2173.890328599565,0.0,0.0,0.0,0.0,0.0,0.0,0.0,0,0,0,0,0,0.0046000480651855,0.0,0.0,0.0,0.0,0.0,0.0,0.0,0.0,0.0,0.0,0.0,0.0,0.0,1.0,1.0,5331,528,547,533.1,6.261877602693229,533.1,0.0004611015319824,10,0.1215512484602331,81.0
0.0,47,63.5,61320.23391812865,0.0,0.0,0.0,0.0,0.0,0.0,0.0,0,0,0,0,0,0.0001630783081054,0.0,0.0,0.0,0.0,0.0,0.0,0.0,0.0,0.0,0.0,0.0,0.0,0.0,1.0,1.0,5306,527,540,530.6,3.8930136855083823,530.6,1.6903877258300783e-05,10,0.1222903980549286,42.25
0.0,47,63.5,2653.2793522267207,0.0,0.0,0.0,0.0,0.0,0.0,0.0,0,0,0,0,0,0.0037689208984375,0.0,0.0,0.0,0.0,0.0,0.0,0.0,0.0,0.0,0.0,0.0,0.0,0.0,1.0,1.0,5117,420,563,511.7,50.88560154350585,511.7,0.0003777027130126,10,0.3237752086447626,3209.3469387755104
0.0,47,63.5,3261.51166407465,0.0,0.0,0.0,0.0,0.0,0.0,0.0,0,0,0,0,0,0.003066062927246,0.0,0.0,0.0,0.0,0.0,0.0,0.0,0.0,0.0,0.0,0.0,0.0,0.0,1.0,1.0,5151,507,527,515.1,7.279346735036659,515.1,0.0003073930740356,10,0.1577524546859846,81.0
0.0,47,63.5,1104.8399757658774,0.0,0.0,0.0,0.0,0.0,0.0,0.0,0,0,0,0,0,0.0090510845184326,0.0,0.0,0.0,0.0,0.0,0.0,0.0,0.0,0.0,0.0,0.0,0.0,0.0,1.0,1.0,5221,516,527,522.1,5.321862664727663,522.1,0.0009062051773071,10,0.1416178839751035,25.49
0.0,47,63.5,101067.56626506025,0.0,0.0,0.0,0.0,0.0,0.0,0.0,0,0,0,0,0,9.894371032714844e-05,0.0,0.0,0.0,0.0,0.0,0.0,0.0,0.0,0.0,0.0,0.0,0.0,0.0,1.0,1.0,5226,513,527,522.6,5.295700562196133,522.6,1.0395050048828124e-05,10,0.1467196165810162,25.24
0.0,47,63.5,84733.41414141415,0.0,0.0,0.0,0.0,0.0,0.0,0.0,0,0,0,0,0,0.0001180171966552,0.0,0.0,0.0,0.0,0.0,0.0,0.0,0.0,0.0,0.0,0.0,0.0,0.0,1.0,1.0,5075,420,563,507.5,49.65715792645944,507.5,1.239776611328125e-05,10,0.3232747898529226,3093.6326530612246
0.0,47,63.5,10705.216947422154,0.0,0.0,0.0,0.0,0.0,0.0,0.0,0,0,0,0,0,0.0009341239929199,0.0,0.0,0.0,0.0,0.0,0.0,0.0,0.0,0.0,0.0,0.0,0.0,0.0,1.0,1.0,5234,517,532,523.4,7.026932316294057,523.4,9.431838989257812e-05,10,0.1406083311483655,48.24
0.0,47,63.5,59493.67375886525,0.0,0.0,0.0,0.0,0.0,0.0,0.0,0,0,0,0,0,0.0001680850982666,0.0,0.0,0.0,0.0,0.0,0.0,0.0,0.0,0.0,0.0,0.0,0.0,0.0,1.0,1.0,5259,518,531,525.9,4.306326095924976,525.9,1.7690658569335938e-05,10,0.1377959349984359,25.0
0.0,47,63.5,78106.21973929237,0.0,0.0,0.0,0.0,0.0,0.0,0.0,0,0,0,0,0,0.0001280307769775,0.0,0.0,0.0,0.0,0.0,0.0,0.0,0.0,0.0,0.0,0.0,0.0,0.0,1.0,1.0,5222,503,535,522.2,12.568037060557849,522.2,1.3899803161621091e-05,10,0.1667233755769888,155.11111111111111
0.0,47,63.5,55260.922266139656,0.0,0.0,0.0,0.0,0.0,0.0,0.0,0,0,0,0,0,0.000180959701538,0.0,0.0,0.0,0.0,0.0,0.0,0.0,0.0,0.0,0.0,0.0,0.0,0.0,1.0,1.0,5239,459,570,523.9,39.25543132980313,523.9,1.919269561767578e-05,10,0.2525764725065086,1779.8367346938774
0.0,47,63.5,62137.83703703704,0.0,0.0,0.0,0.0,0.0,0.0,0.0,0,0,0,0,0,0.0001609325408935,0.0,0.0,0.0,0.0,0.0,0.0,0.0,0.0,0.0,0.0,0.0,0.0,0.0,1.0,1.0,5353,525,556,535.3,11.700427342623003,535.3,1.6999244689941406e-05,10,0.1288790860822909,148.28571428571428
0.0,47,63.5,62137.83703703704,0.0,0.0,0.0,0.0,0.0,0.0,0.0,0,0,0,0,0,0.0001609325408935,0.0,0.0,0.0,0.0,0.0,0.0,0.0,0.0,0.0,0.0,0.0,0.0,0.0,1.0,1.0,5347,525,548,534.7,7.439384681843281,534.7,1.6999244689941406e-05,10,0.1271433077439957,49.81
0.0,47,63.5,1749.7409369655,0.0,0.0,0.0,0.0,0.0,0.0,0.0,0,0,0,0,0,0.0057151317596435,0.0,0.0,0.0,0.0,0.0,0.0,0.0,0.0,0.0,0.0,0.0,0.0,0.0,1.0,1.0,5370,526,549,537.0,8.831760866327848,537.0,0.0005725145339965,10,0.1260063761065073,70.2
0.0,47,63.5,92589.49227373068,0.0,0.0,0.0,0.0,0.0,0.0,0.0,0,0,0,0,0,0.000108003616333,0.0,0.0,0.0,0.0,0.0,0.0,0.0,0.0,0.0,0.0,0.0,0.0,0.0,1.0,1.0,5652,526,614,565.2,31.94022194315152,565.2,1.1396408081054689e-05,10,0.1354198388107622,1229.6326530612243
0.0,47,63.5,785.6120174567795,0.0,0.0,0.0,0.0,0.0,0.0,0.0,0,0,0,0,0,0.0127289295196533,0.0,0.0,0.0,0.0,0.0,0.0,0.0,0.0,0.0,0.0,0.0,0.0,0.0,1.0,1.0,5770,573,580,577.0,2.788866755113585,577.0,0.001273488998413,10,0.043450632761363,7.0
0.0,47,63.5,855.8756070685222,0.0,0.0,0.0,0.0,0.0,0.0,0.0,0,0,0,0,0,0.0116839408874511,0.0,0.0,0.0,0.0,0.0,0.0,0.0,0.0,0.0,0.0,0.0,0.0,0.0,1.0,1.0,5744,537,618,574.4,29.002681868329965,574.4,0.0011711120605468,10,0.1154777724858829,1045.9591836734694
0.0,47,63.5,64527.75384615385,0.0,0.0,0.0,0.0,0.0,0.0,0.0,0,0,0,0,0,0.000154972076416,0.0,0.0,0.0,0.0,0.0,0.0,0.0,0.0,0.0,0.0,0.0,0.0,0.0,1.0,1.0,5777,576,579,577.7,1.2516655570345727,577.7,1.64031982421875e-05,10,0.0377120484813136,2.16
0.0,47,63.5,1227.445494717743,0.0,0.0,0.0,0.0,0.0,0.0,0.0,0,0,0,0,0,0.0081470012664794,0.0,0.0,0.0,0.0,0.0,0.0,0.0,0.0,0.0,0.0,0.0,0.0,0.0,1.0,1.0,5793,578,582,579.3,1.4944341180973264,579.3,0.0008155822753906,10,0.0344026826823481,2.01
0.0,47,63.5,604.2969110189027,0.0,0.0,0.0,0.0,0.0,0.0,0.0,0,0,0,0,0,0.0165481567382812,0.0,0.0,0.0,0.0,0.0,0.0,0.0,0.0,0.0,0.0,0.0,0.0,0.0,1.0,1.0,5797,573,583,579.7,3.802046232695699,579.7,0.0016552209854125,10,0.0438633615533509,13.01
0.0,47,63.5,803.152633896942,0.0,0.0,0.0,0.0,0.0,0.0,0.0,0,0,0,0,0,0.0124509334564208,0.0,0.0,0.0,0.0,0.0,0.0,0.0,0.0,0.0,0.0,0.0,0.0,0.0,1.0,1.0,5779,541,614,577.9,24.55583207486337,577.9,0.001246690750122,10,0.1068497837540164,771.9591836734693
0.0,47,63.5,57772.78236914601,0.0,0.0,0.0,0.0,0.0,0.0,0.0,0,0,0,0,0,0.0001730918884277,0.0,0.0,0.0,0.0,0.0,0.0,0.0,0.0,0.0,0.0,0.0,0.0,0.0,1.0,1.0,5783,576,582,578.3,2.311805451253293,578.3,1.8405914306640626e-05,10,0.0381439070686225,6.244897959183674
0.0,47,63.5,60611.32947976879,0.0,0.0,0.0,0.0,0.0,0.0,0.0,0,0,0,0,0,0.0001649856567382,0.0,0.0,0.0,0.0,0.0,0.0,0.0,0.0,0.0,0.0,0.0,0.0,0.0,1.0,1.0,5803,578,584,580.3,2.057506581601462,580.3,1.749992370605469e-05,10,0.0346320558810811,3.81
0.0,47,63.5,240.67848740460207,0.0,0.0,0.0,0.0,0.0,0.0,0.0,0,0,0,0,0,0.0415492057800293,0.0,0.0,0.0,0.0,0.0,0.0,0.0,0.0,0.0,0.0,0.0,0.0,0.0,1.0,1.0,5790,575,581,579.0,2.3570226039551585,579.0,0.0041558027267456,10,0.0398664567279472,5.484375
0.0,47,63.5,95325.09090909093,0.0,0.0,0.0,0.0,0.0,0.0,0.0,0,0,0,0,0,0.0001049041748046,0.0,0.0,0.0,0.0,0.0,0.0,0.0,0.0,0.0,0.0,0.0,0.0,0.0,1.0,1.0,5298,427,580,529.8,58.928959113683845,529.8,1.0991096496582032e-05,10,0.3151228407845503,5618.160000000001
0.0,47,63.5,116185.70637119112,0.0,0.0,0.0,0.0,0.0,0.0,0.0,0,0,0,0,0,8.606910705566406e-05,0.0,0.0,0.0,0.0,0.0,0.0,0.0,0.0,0.0,0.0,0.0,0.0,0.0,1.0,1.0,5229,516,538,522.9,8.319321553534946,522.9,9.107589721679688e-06,10,0.142838928828048,82.56
0.0,47,63.5,7331.417584338403,0.0,0.0,0.0,0.0,0.0,0.0,0.0,0,0,0,0,0,0.00136399269104,0.0,0.0,0.0,0.0,0.0,0.0,0.0,0.0,0.0,0.0,0.0,0.0,0.0,1.0,1.0,5221,514,529,522.1,5.971227307309239,522.1,0.0001368999481201,10,0.1452906691559054,32.09
0.0,47,63.5,6502.796899224806,0.0,0.0,0.0,0.0,0.0,0.0,0.0,0,0,0,0,0,0.001537799835205,0.0,0.0,0.0,0.0,0.0,0.0,0.0,0.0,0.0,0.0,0.0,0.0,0.0,1.0,1.0,5227,514,528,522.7,3.888730155490636,522.7,0.0001547813415527,10,0.1444423431161406,26.160000000000004
0.0,47,63.5,64927.30650154799,0.0,0.0,0.0,0.0,0.0,0.0,0.0,0,0,0,0,0,0.0001540184020996,0.0,0.0,0.0,0.0,0.0,0.0,0.0,0.0,0.0,0.0,0.0,0.0,0.0,1.0,1.0,5442,510,598,544.2,33.551949769474405,544.2,1.590251922607422e-05,10,0.1633424722580931,1372.9795918367347
0.0,47,63.5,67108.864,0.0,0.0,0.0,0.0,0.0,0.0,0.0,0,0,0,0,0,0.0001490116119384,0.0,0.0,0.0,0.0,0.0,0.0,0.0,0.0,0.0,0.0,0.0,0.0,0.0,1.0,1.0,5531,545,561,553.1,5.877452206904319,553.1,1.5807151794433593e-05,10,0.0924244389310046,34.44444444444444
0.0,47,63.5,3039.5709834045947,0.0,0.0,0.0,0.0,0.0,0.0,0.0,0,0,0,0,0,0.0032899379730224,0.0,0.0,0.0,0.0,0.0,0.0,0.0,0.0,0.0,0.0,0.0,0.0,0.0,1.0,1.0,5532,552,554,553.2,0.7888106377466155,553.2,0.00032958984375,10,0.0,1.0
0.0,47,63.5,935.018056979803,0.0,0.0,0.0,0.0,0.0,0.0,0.0,0,0,0,0,0,0.0106949806213378,0.0,0.0,0.0,0.0,0.0,0.0,0.0,0.0,0.0,0.0,0.0,0.0,0.0,1.0,1.0,5530,546,561,553.0,5.0771820705759385,553.0,0.0010710000991821,10,0.0903943108882698,32.69387755102041
0.0,47,63.5,46500.04434589801,0.0,0.0,0.0,0.0,0.0,0.0,0.0,0,0,0,0,0,0.0002150535583496,0.0,0.0,0.0,0.0,0.0,0.0,0.0,0.0,0.0,0.0,0.0,0.0,0.0,1.0,1.0,5225,432,567,522.5,51.54771252603423,522.5,2.341270446777344e-05,10,0.3035953661746053,3732.16
0.0,47,63.5,917.5097344358402,0.0,0.0,0.0,0.0,0.0,0.0,0.0,0,0,0,0,0,0.0108990669250488,0.0,0.0,0.0,0.0,0.0,0.0,0.0,0.0,0.0,0.0,0.0,0.0,0.0,1.0,1.0,5218,508,539,521.8,12.778454088382087,521.8,0.0010909080505371,10,0.1582884410574433,161.3469387755102
0.0,47,63.5,2692.453460007703,0.0,0.0,0.0,0.0,0.0,0.0,0.0,0,0,0,0,0,0.0037140846252441,0.0,0.0,0.0,0.0,0.0,0.0,0.0,0.0,0.0,0.0,0.0,0.0,0.0,1.0,1.0,5241,515,539,524.1,9.085397319019371,524.1,0.0004853963851928,10,0.1448551274518758,76.8
0.0,47,63.5,100102.72076372316,0.0,0.0,0.0,0.0,0.0,0.0,0.0,0,0,0,0,0,9.989738464355467e-05,0.0,0.0,0.0,0.0,0.0,0.0,0.0,0.0,0.0,0.0,0.0,0.0,0.0,1.0,1.0,5272,517,532,527.2,5.7310072800899885,527.2,1.049041748046875e-05,10,0.1400804231256174,32.666666666666664
0.0,47,63.5,644.8707738195907,0.0,0.0,0.0,0.0,0.0,0.0,0.0,0,0,0,0,0,0.0155069828033447,0.0,0.0,0.0,0.0,0.0,0.0,0.0,0.0,0.0,0.0,0.0,0.0,0.0,1.0,1.0,5253,510,534,525.3,10.583530181896355,525.3,0.0015512943267822,10,0.1539860568548973,100.81
0.0,47,63.5,156503.8805970149,0.0,0.0,0.0,0.0,0.0,0.0,0.0,0,0,0,0,0,6.389617919921875e-05,0.0,0.0,0.0,0.0,0.0,0.0,0.0,0.0,0.0,0.0,0.0,0.0,0.0,1.0,1.0,5286,511,537,528.6,8.355969256897861,528.6,8.702278137207031e-06,10,0.1513745076364899,94.64
0.0,47,63.5,151418.91696750902,0.0,0.0,0.0,0.0,0.0,0.0,0.0,0,0,0,0,0,6.604194641113281e-05,0.0,0.0,0.0,0.0,0.0,0.0,0.0,0.0,0.0,0.0,0.0,0.0,0.0,1.0,1.0,5489,514,595,548.9,28.915393824051577,548.9,7.009506225585937e-06,10,0.1546372048281656,1491.7599999999998
0.0,47,63.5,87563.75782881002,0.0,0.0,0.0,0.0,0.0,0.0,0.0,0,0,0,0,0,0.0001142024993896,0.0,0.0,0.0,0.0,0.0,0.0,0.0,0.0,0.0,0.0,0.0,0.0,0.0,1.0,1.0,5487,543,553,548.7,3.5916569992135945,548.7,1.170635223388672e-05,10,0.0949015573951996,20.0
0.0,47,63.5,77528.72458410352,0.0,0.0,0.0,0.0,0.0,0.0,0.0,0,0,0,0,0,0.0001289844512939,0.0,0.0,0.0,0.0,0.0,0.0,0.0,0.0,0.0,0.0,0.0,0.0,0.0,1.0,1.0,5496,544,556,549.6,5.58171618371586,549.6,1.4495849609375e-05,10,0.0940080979045984,31.25
0.0,47,63.5,56223.91420911528,0.0,0.0,0.0,0.0,0.0,0.0,0.0,0,0,0,0,0,0.0001778602600097,0.0,0.0,0.0,0.0,0.0,0.0,0.0,0.0,0.0,0.0,0.0,0.0,0.0,1.0,1.0,5742,545,582,574.2,10.601886624558857,574.2,1.8787384033203124e-05,10,0.0943489845353803,225.0
0.0,47,63.5,58092.853185595566,0.0,0.0,0.0,0.0,0.0,0.0,0.0,0,0,0,0,0,0.0001721382141113,0.0,0.0,0.0,0.0,0.0,0.0,0.0,0.0,0.0,0.0,0.0,0.0,0.0,1.0,1.0,5886,574,637,588.6,25.75612117104938,588.6,1.8215179443359376e-05,10,0.0511024435202386,942.64
0.0,47,63.5,10109.192576524463,0.0,0.0,0.0,0.0,0.0,0.0,0.0,0,0,0,0,0,0.0009891986846923,0.0,0.0,0.0,0.0,0.0,0.0,0.0,0.0,0.0,0.0,0.0,0.0,0.0,1.0,1.0,5784,574,585,578.4,4.948624949305502,578.4,9.980201721191408e-05,10,0.042626301859349,24.246913580246915
0.0,47,63.5,10267.574051407588,0.0,0.0,0.0,0.0,0.0,0.0,0.0,0,0,0,0,0,0.0009739398956298,0.0,0.0,0.0,0.0,0.0,0.0,0.0,0.0,0.0,0.0,0.0,0.0,0.0,1.0,1.0,5782,575,585,578.2,3.910100879630715,578.2,9.789466857910155e-05,10,0.0404991186943264,13.76
0.0,47,63.5,2317.551110619958,0.0,0.0,0.0,0.0,0.0,0.0,0.0,0,0,0,0,0,0.00431489944458,0.0,0.0,0.0,0.0,0.0,0.0,0.0,0.0,0.0,0.0,0.0,0.0,0.0,1.0,1.0,5804,575,585,580.4,4.718756898449704,580.4,0.0004319906234741,10,0.0408285328101525,25.0
0.0,47,63.5,86838.59213250517,0.0,0.0,0.0,0.0,0.0,0.0,0.0,0,0,0,0,0,0.000115156173706,0.0,0.0,0.0,0.0,0.0,0.0,0.0,0.0,0.0,0.0,0.0,0.0,0.0,1.0,1.0,5507,498,590,550.7,33.14295634905787,550.7,1.3113021850585938e-05,10,0.1836254246983522,1964.1875
0.0,47,63.5,61771.78203240059,0.0,0.0,0.0,0.0,0.0,0.0,0.0,0,0,0,0,0,0.0001618862152099,0.0,0.0,0.0,0.0,0.0,0.0,0.0,0.0,0.0,0.0,0.0,0.0,0.0,1.0,1.0,5441,531,563,544.1,12.740573857649514,544.1,1.678466796875e-05,10,0.119078020166652,146.08999999999995
0.0,47,63.5,455.1851972434749,0.0,0.0,0.0,0.0,0.0,0.0,0.0,0,0,0,0,0,0.0219690799713134,0.0,0.0,0.0,0.0,0.0,0.0,0.0,0.0,0.0,0.0,0.0,0.0,0.0,1.0,1.0,5453,534,563,545.3,10.16584696149044,545.3,0.0021978139877319,10,0.1129167894182327,156.25
0.0,47,63.5,208.66353577967047,0.0,0.0,0.0,0.0,0.0,0.0,0.0,0,0,0,0,0,0.0479240417480468,0.0,0.0,0.0,0.0,0.0,0.0,0.0,0.0,0.0,0.0,0.0,0.0,0.0,1.0,1.0,5493,537,557,549.3,7.454305243727726,549.3,0.0047931909561157,10,0.1066998257840849,50.010000000000005
0.0,47,63.5,1134.331458243185,0.0,0.0,0.0,0.0,0.0,0.0,0.0,0,0,0,0,0,0.0088157653808593,0.0,0.0,0.0,0.0,0.0,0.0,0.0,0.0,0.0,0.0,0.0,0.0,0.0,1.0,1.0,5418,491,587,541.8,32.9572113167631,541.8,0.0008838891983032,10,0.1954786696019966,1895.04
0.0,47,63.5,58173.42579750347,0.0,0.0,0.0,0.0,0.0,0.0,0.0,0,0,0,0,0,0.0001718997955322,0.0,0.0,0.0,0.0,0.0,0.0,0.0,0.0,0.0,0.0,0.0,0.0,0.0,1.0,1.0,5471,527,559,547.1,11.967084486670556,547.1,1.8310546875e-05,10,0.12557945153649,133.4375
0.0,47,63.5,1455.3953988688015,0.0,0.0,0.0,0.0,0.0,0.0,0.0,0,0,0,0,0,0.0068709850311279,0.0,0.0,0.0,0.0,0.0,0.0,0.0,0.0,0.0,0.0,0.0,0.0,0.0,1.0,1.0,5429,533,556,542.9,9.480389115314717,542.9,0.0006879091262817,10,0.1143416913100146,81.0
0.0,47,63.5,136622.28013029316,0.0,0.0,0.0,0.0,0.0,0.0,0.0,0,0,0,0,0,7.319450378417969e-05,0.0,0.0,0.0,0.0,0.0,0.0,0.0,0.0,0.0,0.0,0.0,0.0,0.0,1.0,1.0,5460,533,564,546.0,11.53737886658452,546.0,7.700920104980468e-06,10,0.1151796266550919,172.95999999999998
0.0,47,63.5,104077.0223325062,0.0,0.0,0.0,0.0,0.0,0.0,0.0,0,0,0,0,0,9.608268737792967e-05,0.0,0.0,0.0,0.0,0.0,0.0,0.0,0.0,0.0,0.0,0.0,0.0,0.0,1.0,1.0,5306,463,578,530.6,39.42982514684932,530.6,9.989738464355468e-06,10,0.2458309935718206,2699.76
0.0,47,63.5,532.6506146500051,0.0,0.0,0.0,0.0,0.0,0.0,0.0,0,0,0,0,0,0.0187740325927734,0.0,0.0,0.0,0.0,0.0,0.0,0.0,0.0,0.0,0.0,0.0,0.0,0.0,1.0,1.0,5381,532,548,538.1,6.349978127696364,538.1,0.0018778085708618,10,0.1147706170900984,38.24691358024691
0.0,47,63.5,46294.74613686535,0.0,0.0,0.0,0.0,0.0,0.0,0.0,0,0,0,0,0,0.000216007232666,0.0,0.0,0.0,0.0,0.0,0.0,0.0,0.0,0.0,0.0,0.0,0.0,0.0,1.0,1.0,5304,517,544,530.4,9.203863922891902,530.4,2.2792816162109374e-05,10,0.1414951260076292,82.32098765432097
0.0,47,63.5,45889.54048140044,0.0,0.0,0.0,0.0,0.0,0.0,0.0,0,0,0,0,0,0.0002179145812988,0.0,0.0,0.0,0.0,0.0,0.0,0.0,0.0,0.0,0.0,0.0,0.0,0.0,1.0,1.0,5336,526,548,533.6,6.4670103001481465,533.6,2.338886260986328e-05,10,0.1250430713158683,37.64
0.0,47,63.5,58826.14305750351,0.0,0.0,0.0,0.0,0.0,0.0,0.0,0,0,0,0,0,0.0001699924468994,0.0,0.0,0.0,0.0,0.0,0.0,0.0,0.0,0.0,0.0,0.0,0.0,0.0,1.0,1.0,5126,420,563,512.6,51.88277384857349,512.6,1.862049102783203e-05,10,0.324181416754955,4618.1875
0.0,47,63.5,59158.02538787024,0.0,0.0,0.0,0.0,0.0,0.0,0.0,0,0,0,0,0,0.000169038772583,0.0,0.0,0.0,0.0,0.0,0.0,0.0,0.0,0.0,0.0,0.0,0.0,0.0,1.0,1.0,5174,510,530,517.4,7.47142705393168,517.4,1.7690658569335938e-05,10,0.1527183105246896,54.98765432098765
0.0,47,63.5,56833.38753387534,0.0,0.0,0.0,0.0,0.0,0.0,0.0,0,0,0,0,0,0.0001759529113769,0.0,0.0,0.0,0.0,0.0,0.0,0.0,0.0,0.0,0.0,0.0,0.0,0.0,1.0,1.0,5264,516,538,526.4,8.783823515733655,526.4,1.86920166015625e-05,10,0.1430281483473693,89.14285714285714
0.0,47,63.5,27999.35914552737,0.0,0.0,0.0,0.0,0.0,0.0,0.0,0,0,0,0,0,0.0003571510314941,0.0,0.0,0.0,0.0,0.0,0.0,0.0,0.0,0.0,0.0,0.0,0.0,0.0,1.0,1.0,5282,512,546,528.2,12.416834450767947,528.2,3.721714019775391e-05,10,0.1513246116818648,176.48979591836738
0.0,47,63.5,3635.208875021668,0.0,0.0,0.0,0.0,0.0,0.0,0.0,0,0,0,0,0,0.0027508735656738,0.0,0.0,0.0,0.0,0.0,0.0,0.0,0.0,0.0,0.0,0.0,0.0,0.0,1.0,1.0,5290,467,579,529.0,38.53713937374064,529.0,0.0002761840820312,10,0.238650829095287,2510.24
0.0,47,63.5,64927.30650154799,0.0,0.0,0.0,0.0,0.0,0.0,0.0,0,0,0,0,0,0.0001540184020996,0.0,0.0,0.0,0.0,0.0,0.0,0.0,0.0,0.0,0.0,0.0,0.0,0.0,1.0,1.0,5314,517,541,531.4,9.070097390142328,531.4,1.621246337890625e-05,10,0.1414406348728484,82.0246913580247
0.0,47,63.5,58497.96373779637,0.0,0.0,0.0,0.0,0.0,0.0,0.0,0,0,0,0,0,0.0001709461212158,0.0,0.0,0.0,0.0,0.0,0.0,0.0,0.0,0.0,0.0,0.0,0.0,0.0,1.0,1.0,5411,530,553,541.1,8.171087238958268,541.1,1.86920166015625e-05,10,0.118920724097662,60.09
0.0,47,63.5,45889.54048140044,0.0,0.0,0.0,0.0,0.0,0.0,0.0,0,0,0,0,0,0.0002179145812988,0.0,0.0,0.0,0.0,0.0,0.0,0.0,0.0,0.0,0.0,0.0,0.0,0.0,1.0,1.0,5315,518,553,531.5,10.700467279516348,531.5,2.269744873046875e-05,10,0.1404006523509837,170.16
0.0,47,63.5,42196.21730382294,0.0,0.0,0.0,0.0,0.0,0.0,0.0,0,0,0,0,0,0.0002369880676269,0.0,0.0,0.0,0.0,0.0,0.0,0.0,0.0,0.0,0.0,0.0,0.0,0.0,1.0,1.0,5494,513,595,549.4,28.320389200087707,549.4,2.4700164794921877e-05,10,0.1560989537445477,1408.8
0.0,47,63.5,41486.68644906033,0.0,0.0,0.0,0.0,0.0,0.0,0.0,0,0,0,0,0,0.0002410411834716,0.0,0.0,0.0,0.0,0.0,0.0,0.0,0.0,0.0,0.0,0.0,0.0,0.0,1.0,1.0,5513,541,557,551.3,6.019413038937712,551.3,2.560615539550781e-05,10,0.0992987880955417,51.36
0.0,47,63.5,312.8723388384132,0.0,0.0,0.0,0.0,0.0,0.0,0.0,0,0,0,0,0,0.0319619178771972,0.0,0.0,0.0,0.0,0.0,0.0,0.0,0.0,0.0,0.0,0.0,0.0,0.0,1.0,1.0,5510,545,555,551.0,3.741657386773941,551.0,0.0031971931457519,10,0.0915544015530762,14.693877551020408
0.0,47,63.5,67541.12721417069,0.0,0.0,0.0,0.0,0.0,0.0,0.0,0,0,0,0,0,0.000148057937622,0.0,0.0,0.0,0.0,0.0,0.0,0.0,0.0,0.0,0.0,0.0,0.0,0.0,1.0,1.0,5516,547,555,551.6,2.913569784454954,551.6,1.800060272216797e-05,10,0.0878088117873955,16.0
0.0,47,63.5,49286.76850763807,0.0,0.0,0.0,0.0,0.0,0.0,0.0,0,0,0,0,0,0.0002028942108154,0.0,0.0,0.0,0.0,0.0,0.0,0.0,0.0,0.0,0.0,0.0,0.0,0.0,1.0,1.0,5182,420,563,518.2,53.61343115302359,518.2,2.1195411682128908e-05,10,0.3248864173144957,4648.5
0.0,47,63.5,48998.878504672895,0.0,0.0,0.0,0.0,0.0,0.0,0.0,0,0,0,0,0,0.0002040863037109,0.0,0.0,0.0,0.0,0.0,0.0,0.0,0.0,0.0,0.0,0.0,0.0,0.0,1.0,1.0,5209,505,535,520.9,11.019679366176373,520.9,2.1219253540039062e-05,10,0.1626843765866056,144.69387755102042
0.0,47,63.5,56833.38753387534,0.0,0.0,0.0,0.0,0.0,0.0,0.0,0,0,0,0,0,0.0001759529113769,0.0,0.0,0.0,0.0,0.0,0.0,0.0,0.0,0.0,0.0,0.0,0.0,0.0,1.0,1.0,5279,511,547,527.9,12.982466808909791,527.9,1.86920166015625e-05,10,0.1532591576792775,179.76
0.0,47,63.5,66260.72669826224,0.0,0.0,0.0,0.0,0.0,0.0,0.0,0,0,0,0,0,0.0001509189605712,0.0,0.0,0.0,0.0,0.0,0.0,0.0,0.0,0.0,0.0,0.0,0.0,0.0,1.0,1.0,5473,511,578,547.3,32.45526836192306,547.3,1.5997886657714842e-05,10,0.161191598119913,948.01
0.0,47,63.5,58173.42579750347,0.0,0.0,0.0,0.0,0.0,0.0,0.0,0,0,0,0,0,0.0001718997955322,0.0,0.0,0.0,0.0,0.0,0.0,0.0,0.0,0.0,0.0,0.0,0.0,0.0,1.0,1.0,5780,578,578,578.0,0.0,578.0,1.7690658569335938e-05,10,0.0,0.0
0.0,47,63.5,98922.2641509434,0.0,0.0,0.0,0.0,0.0,0.0,0.0,0,0,0,0,0,0.000101089477539,0.0,0.0,0.0,0.0,0.0,0.0,0.0,0.0,0.0,0.0,0.0,0.0,0.0,1.0,1.0,5780,578,578,578.0,0.0,578.0,1.1014938354492188e-05,10,0.0,0.0
0.0,47,63.5,87746.94560669456,0.0,0.0,0.0,0.0,0.0,0.0,0.0,0,0,0,0,0,0.0001139640808105,0.0,0.0,0.0,0.0,0.0,0.0,0.0,0.0,0.0,0.0,0.0,0.0,0.0,1.0,1.0,5780,578,578,578.0,0.0,578.0,1.1897087097167968e-05,10,0.0,0.0
0.0,47,63.5,859.4004712631903,0.0,0.0,0.0,0.0,0.0,0.0,0.0,0,0,0,0,0,0.0116360187530517,0.0,0.0,0.0,0.0,0.0,0.0,0.0,0.0,0.0,0.0,0.0,0.0,0.0,1.0,1.0,5511,465,578,551.1,47.31795524839264,551.1,0.0011643886566162,10,0.2456360422499852,2605.918367346939
0.0,47,63.5,110960.42328042327,0.0,0.0,0.0,0.0,0.0,0.0,0.0,0,0,0,0,0,9.012222290039062e-05,0.0,0.0,0.0,0.0,0.0,0.0,0.0,0.0,0.0,0.0,0.0,0.0,0.0,1.0,1.0,5338,525,548,533.8,8.941787044856053,533.8,9.512901306152343e-06,10,0.1277553263705926,73.75
0.0,47,63.5,375.1244510826305,0.0,0.0,0.0,0.0,0.0,0.0,0.0,0,0,0,0,0,0.0266578197479248,0.0,0.0,0.0,0.0,0.0,0.0,0.0,0.0,0.0,0.0,0.0,0.0,0.0,1.0,1.0,5359,521,546,535.9,8.99938269487907,535.9,0.0026661872863769,10,0.1345953085345859,100.0
0.0,47,63.5,97090.37037037036,0.0,0.0,0.0,0.0,0.0,0.0,0.0,0,0,0,0,0,0.0001029968261718,0.0,0.0,0.0,0.0,0.0,0.0,0.0,0.0,0.0,0.0,0.0,0.0,0.0,1.0,1.0,5354,520,557,535.4,13.150411907363711,535.4,1.0919570922851562e-05,10,0.1379904017945837,155.64
0.0,47,63.5,58173.42579750347,0.0,0.0,0.0,0.0,0.0,0.0,0.0,0,0,0,0,0,0.0001718997955322,0.0,0.0,0.0,0.0,0.0,0.0,0.0,0.0,0.0,0.0,0.0,0.0,0.0,1.0,1.0,5611,520,621,561.1,35.3661797013286,561.1,1.778602600097656e-05,10,0.1470402169631332,1211.20987654321
0.0,47,63.5,18691.19429590018,0.0,0.0,0.0,0.0,0.0,0.0,0.0,0,0,0,0,0,0.0005350112915039,0.0,0.0,0.0,0.0,0.0,0.0,0.0,0.0,0.0,0.0,0.0,0.0,0.0,1.0,1.0,5827,576,587,582.7,4.001388647846034,582.7,5.450248718261719e-05,10,0.0388321756795865,16.0
0.0,47,63.5,47608.44494892168,0.0,0.0,0.0,0.0,0.0,0.0,0.0,0,0,0,0,0,0.0002100467681884,0.0,0.0,0.0,0.0,0.0,0.0,0.0,0.0,0.0,0.0,0.0,0.0,0.0,1.0,1.0,5773,571,580,577.3,3.591656999213594,577.3,2.1696090698242188e-05,10,0.0471859173951997,12.88888888888889
0.0,47,63.5,63262.503770739066,0.0,0.0,0.0,0.0,0.0,0.0,0.0,0,0,0,0,0,0.0001580715179443,0.0,0.0,0.0,0.0,0.0,0.0,0.0,0.0,0.0,0.0,0.0,0.0,0.0,1.0,1.0,5796,575,584,579.6,3.1692971530679235,579.6,1.6903877258300783e-05,10,0.0401973448882738,9.80246913580247
0.0,47,63.5,143.83117350735392,0.0,0.0,0.0,0.0,0.0,0.0,0.0,0,0,0,0,0,0.0695259571075439,0.0,0.0,0.0,0.0,0.0,0.0,0.0,0.0,0.0,0.0,0.0,0.0,0.0,1.0,1.0,5379,420,581,537.9,64.90069337071833,537.9,0.0069534063339233,10,0.3294843964514959,5160.244897959184
0.0,47,63.5,28.895644955168148,0.0,0.0,0.0,0.0,0.0,0.0,0.0,0,0,0,0,0,0.3460729122161865,0.0,0.0,0.0,0.0,0.0,0.0,0.0,0.0,0.0,0.0,0.0,0.0,0.0,1.0,1.0,5123,506,518,512.3,5.056349144063003,512.3,0.0346104860305786,10,0.1585510243873255,30.25
0.0,47,63.5,19.8079794775115,0.0,0.0,0.0,0.0,0.0,0.0,0.0,0,0,0,0,0,0.5048470497131348,0.0,0.0,0.0,0.0,0.0,0.0,0.0,0.0,0.0,0.0,0.0,0.1,0.0,1.0,1.0,5202,510,539,520.2,11.914510294408055,520.2,0.0504857063293457,10,0.1545282449135301,156.5
0.0,47,63.5,15.105056081649264,0.0,0.0,0.0,0.0,0.0,0.0,0.0,0,0,0,0,0,0.6620299816131592,0.0,0.0,0.0,0.0,0.0,0.0,0.0,0.0,0.0,0.0,0.0,0.0,0.0,1.0,1.0,5200,512,527,520.0,5.92546294487706,520.0,0.0692842960357666,10,0.1486802865852251,38.25
0.0,47,63.5,39.19602573255931,0.0,0.0,0.0,0.0,0.0,0.0,0.0,0,0,0,0,0,0.2551279067993164,0.0,0.0,0.0,0.0,0.0,0.0,0.0,0.0,0.0,0.0,0.0,0.0,0.0,1.0,1.0,5566,520,635,556.6,45.64890165406198,556.6,0.0301650047302246,10,0.1512289865777987,1875.44
0.0,47,63.5,238.18010426012788,0.0,0.0,0.0,0.0,0.0,0.0,0.0,0,0,0,0,0,0.0419850349426269,0.0,0.0,0.0,0.0,0.0,0.0,0.0,0.0,0.0,0.0,0.0,0.0,0.0,1.0,1.0,5824,576,585,582.4,3.565264521898917,582.4,0.0046708106994628,10,0.0386545161556407,12.1875
0.0,47,63.5,501.75902000191405,0.0,0.0,0.0,0.0,0.0,0.0,0.0,0,0,0,0,0,0.0199298858642578,0.0,0.0,0.0,0.0,0.0,0.0,0.0,0.0,0.0,0.0,0.0,0.0,0.0,1.0,1.0,5798,578,582,579.8,1.5491933384829664,579.8,0.0028052806854248,10,0.0344249893983644,4.0
0.0,47,63.5,69442.11920529802,0.0,0.0,0.0,0.0,0.0,0.0,0.0,0,0,0,0,0,0.0001440048217773,0.0,0.0,0.0,0.0,0.0,0.0,0.0,0.0,0.0,0.0,0.0,0.0,0.0,1.0,1.0,5836,575,593,583.6,6.785605679999718,583.6,1.800060272216797e-05,10,0.0416704843298047,51.1875
0.0,47,63.5,46294.74613686535,0.0,0.0,0.0,0.0,0.0,0.0,0.0,0,0,0,0,0,0.000216007232666,0.0,0.0,0.0,0.0,0.0,0.0,0.0,0.0,0.0,0.0,0.0,0.0,0.0,1.0,1.0,5550,455,590,555.0,53.00314456080255,555.0,2.3818016052246092e-05,10,0.2649932609682885,3035.5
0.0,47,63.5,565.4529767040552,0.0,0.0,0.0,0.0,0.0,0.0,0.0,0,0,0,0,0,0.0176849365234375,0.0,0.0,0.0,0.0,0.0,0.0,0.0,0.0,0.0,0.0,0.0,0.0,0.0,1.0,1.0,5346,527,540,534.6,6.168017869984201,534.6,0.0017707824707031,10,0.1232171437595167,34.239999999999995
0.0,47,63.5,58173.42579750347,0.0,0.0,0.0,0.0,0.0,0.0,0.0,0,0,0,0,0,0.0001718997955322,0.0,0.0,0.0,0.0,0.0,0.0,0.0,0.0,0.0,0.0,0.0,0.0,0.0,1.0,1.0,5288,520,537,528.8,6.679986693266853,528.8,2.520084381103516e-05,10,0.1353546093793692,45.6875
0.0,47,63.5,3612.664944013781,0.0,0.0,0.0,0.0,0.0,0.0,0.0,0,0,0,0,0,0.0027680397033691,0.0,0.0,0.0,0.0,0.0,0.0,0.0,0.0,0.0,0.0,0.0,0.0,0.0,1.0,1.0,5276,514,542,527.6,10.637460014287036,527.6,0.0002791166305541,10,0.1471915057114199,126.6875
0.0,47,63.5,67541.12721417069,0.0,0.0,0.0,0.0,0.0,0.0,0.0,0,0,0,0,0,0.000148057937622,0.0,0.0,0.0,0.0,0.0,0.0,0.0,0.0,0.0,0.0,0.0,0.0,0.0,1.0,1.0,5622,530,635,562.2,41.63545497663153,562.2,1.5687942504882812e-05,10,0.1325527689392806,1560.16
0.0,47,63.5,444.1895240717599,0.0,0.0,0.0,0.0,0.0,0.0,0.0,0,0,0,0,0,0.0225129127502441,0.0,0.0,0.0,0.0,0.0,0.0,0.0,0.0,0.0,0.0,0.0,0.0,0.0,1.0,1.0,5776,573,584,577.6,3.921450978627398,577.6,0.0022526979446411,10,0.0439120022706536,13.84
0.0,47,63.5,68534.37908496732,0.0,0.0,0.0,0.0,0.0,0.0,0.0,0,0,0,0,0,0.0001459121704101,0.0,0.0,0.0,0.0,0.0,0.0,0.0,0.0,0.0,0.0,0.0,0.0,0.0,1.0,1.0,5814,575,585,581.4,4.033195589934446,581.4,1.8906593322753906e-05,10,0.0405492625555157,16.1875
0.0,47,63.5,73584.28070175438,0.0,0.0,0.0,0.0,0.0,0.0,0.0,0,0,0,0,0,0.0001358985900878,0.0,0.0,0.0,0.0,0.0,0.0,0.0,0.0,0.0,0.0,0.0,0.0,0.0,1.0,1.0,5810,576,588,581.0,4.898979485566356,581.0,1.5997886657714842e-05,10,0.0391978182832403,25.0
0.0,47,63.5,44620.255319148935,0.0,0.0,0.0,0.0,0.0,0.0,0.0,0,0,0,0,0,0.0002241134643554,0.0,0.0,0.0,0.0,0.0,0.0,0.0,0.0,0.0,0.0,0.0,0.0,0.0,1.0,1.0,5848,563,626,584.8,22.83661776864322,584.8,2.4509429931640624e-05,10,0.0686585846142345,469.36
0.0,47,63.5,70021.76961602671,0.0,0.0,0.0,0.0,0.0,0.0,0.0,0,0,0,0,0,0.0001428127288818,0.0,0.0,0.0,0.0,0.0,0.0,0.0,0.0,0.0,0.0,0.0,0.0,0.0,1.0,1.0,5802,575,585,580.2,3.489667287547307,580.2,1.6880035400390624e-05,10,0.0403278508662553,16.666666666666668
0.0,47,63.5,781.688130160091,0.0,0.0,0.0,0.0,0.0,0.0,0.0,0,0,0,0,0,0.0127928256988525,0.0,0.0,0.0,0.0,0.0,0.0,0.0,0.0,0.0,0.0,0.0,0.0,0.0,1.0,1.0,5836,579,590,583.6,5.521674464226307,583.6,0.0012819051742553,10,0.0343390893097472,27.876543209876544
0.0,47,63.5,914.7483206839396,0.0,0.0,0.0,0.0,0.0,0.0,0.0,0,0,0,0,0,0.0109319686889648,0.0,0.0,0.0,0.0,0.0,0.0,0.0,0.0,0.0,0.0,0.0,0.0,0.0,1.0,1.0,5822,579,585,582.2,2.616188916046478,582.2,0.0010957956314086,10,0.0331555107168407,9.0
0.0,47,63.5,1025.9537204637738,0.0,0.0,0.0,0.0,0.0,0.0,0.0,0,0,0,0,0,0.00974702835083,0.0,0.0,0.0,0.0,0.0,0.0,0.0,0.0,0.0,0.0,0.0,0.0,0.0,1.0,1.0,5808,577,589,580.8,4.491968140779472,580.8,0.0009791135787963,10,0.0373278881418279,20.25
0.0,47,63.5,4735.046285843306,0.0,0.0,0.0,0.0,0.0,0.0,0.0,0,0,0,0,0,0.0021119117736816,0.0,0.0,0.0,0.0,0.0,0.0,0.0,0.0,0.0,0.0,0.0,0.0,0.0,1.0,1.0,5780,578,578,578.0,0.0,578.0,0.0012816905975341,10,0.0,0.0
0.0,47,63.5,1553.2733399992594,0.0,0.0,0.0,0.0,0.0,0.0,0.0,0,0,0,0,0,0.0064380168914794,0.0,0.0,0.0,0.0,0.0,0.0,0.0,0.0,0.0,0.0,0.0,0.0,0.0,1.0,1.0,5780,578,578,578.0,0.0,578.0,0.0006462097167968,10,0.0,0.0
0.0,47,63.5,109798.5340314136,0.0,0.0,0.0,0.0,0.0,0.0,0.0,0,0,0,0,0,9.107589721679688e-05,0.0,0.0,0.0,0.0,0.0,0.0,0.0,0.0,0.0,0.0,0.0,0.0,0.0,1.0,1.0,5780,578,578,578.0,0.0,578.0,1.0704994201660156e-05,10,0.0,0.0
0.0,47,63.5,13609.033095392602,0.0,0.0,0.0,0.0,0.0,0.0,0.0,0,0,0,0,0,0.000734806060791,0.0,0.0,0.0,0.0,0.0,0.0,0.0,0.0,0.0,0.0,0.0,0.0,0.0,1.0,1.0,5842,562,625,584.2,22.473688319158175,584.2,7.49826431274414e-05,10,0.0702148716736923,454.56000000000006
0.0,47,63.5,182361.0434782609,0.0,0.0,0.0,0.0,0.0,0.0,0.0,0,0,0,0,0,5.4836273193359375e-05,0.0,0.0,0.0,0.0,0.0,0.0,0.0,0.0,0.0,0.0,0.0,0.0,0.0,1.0,1.0,5814,577,590,581.4,5.274677451960661,581.4,7.200241088867187e-06,10,0.0376467326068307,33.2
0.0,47,63.5,17825.34636634084,0.0,0.0,0.0,0.0,0.0,0.0,0.0,0,0,0,0,0,0.0005609989166259,0.0,0.0,0.0,0.0,0.0,0.0,0.0,0.0,0.0,0.0,0.0,0.0,0.0,1.0,1.0,5804,575,586,580.4,3.806427312965386,580.4,5.700588226318359e-05,10,0.0404568862302096,15.6875
0.0,47,63.5,188932.6126126126,0.0,0.0,0.0,0.0,0.0,0.0,0.0,0,0,0,0,0,5.292892456054688e-05,0.0,0.0,0.0,0.0,0.0,0.0,0.0,0.0,0.0,0.0,0.0,0.0,0.0,1.0,1.0,5812,576,586,581.2,3.425395354310701,581.2,6.198883056640625e-06,10,0.038597539051532,10.56
0.0,47,63.5,145131.62629757787,0.0,0.0,0.0,0.0,0.0,0.0,0.0,0,0,0,0,0,6.890296936035156e-05,0.0,0.0,0.0,0.0,0.0,0.0,0.0,0.0,0.0,0.0,0.0,0.0,0.0,1.0,1.0,5796,578,581,579.6,1.4298407059684812,579.6,8.106231689453125e-06,10,0.0343763699099833,1.84
0.0,47,63.5,3392.077638495754,0.0,0.0,0.0,0.0,0.0,0.0,0.0,0,0,0,0,0,0.0029480457305908,0.0,0.0,0.0,0.0,0.0,0.0,0.0,0.0,0.0,0.0,0.0,0.0,0.0,1.0,1.0,5780,578,578,578.0,0.0,578.0,0.0002958059310913,10,0.0,0.0
0.0,47,63.5,2395.2395637028158,0.0,0.0,0.0,0.0,0.0,0.0,0.0,0,0,0,0,0,0.0041749477386474,0.0,0.0,0.0,0.0,0.0,0.0,0.0,0.0,0.0,0.0,0.0,0.0,0.0,1.0,1.0,5780,578,578,578.0,0.0,578.0,0.0004195928573608,10,0.0,0.0
0.0,47,63.5,2915.343018002364,0.0,0.0,0.0,0.0,0.0,0.0,0.0,0,0,0,0,0,0.0034301280975341,0.0,0.0,0.0,0.0,0.0,0.0,0.0,0.0,0.0,0.0,0.0,0.0,0.0,1.0,1.0,5780,578,578,578.0,0.0,578.0,0.0003443002700805,10,0.0,0.0
0.0,47,63.5,1065.409469619996,0.0,0.0,0.0,0.0,0.0,0.0,0.0,0,0,0,0,0,0.0093860626220703,0.0,0.0,0.0,0.0,0.0,0.0,0.0,0.0,0.0,0.0,0.0,0.0,0.0,1.0,1.0,5890,574,637,589.0,25.350871122442054,589.0,0.0009397983551025,10,0.0509373608604379,578.4
0.0,47,63.5,116185.70637119112,0.0,0.0,0.0,0.0,0.0,0.0,0.0,0,0,0,0,0,8.606910705566406e-05,0.0,0.0,0.0,0.0,0.0,0.0,0.0,0.0,0.0,0.0,0.0,0.0,0.0,1.0,1.0,5782,575,585,578.2,3.852848873813304,578.2,1.0704994201660156e-05,10,0.0404757965172366,13.36
0.0,47,63.5,3286.2994593747558,0.0,0.0,0.0,0.0,0.0,0.0,0.0,0,0,0,0,0,0.0030429363250732,0.0,0.0,0.0,0.0,0.0,0.0,0.0,0.0,0.0,0.0,0.0,0.0,0.0,1.0,1.0,5794,574,583,579.4,3.687817782917155,579.4,0.0003057956695556,10,0.0421126994520491,20.25
0.0,47,63.5,2322.4274640088597,0.0,0.0,0.0,0.0,0.0,0.0,0.0,0,0,0,0,0,0.0043058395385742,0.0,0.0,0.0,0.0,0.0,0.0,0.0,0.0,0.0,0.0,0.0,0.0,0.0,1.0,1.0,5808,578,585,580.8,2.4404006956964173,580.8,0.0006069898605346,10,0.0347880316273988,5.359999999999999
0.0,47,63.5,623.6790530995821,0.0,0.0,0.0,0.0,0.0,0.0,0.0,0,0,0,0,0,0.0160338878631591,0.0,0.0,0.0,0.0,0.0,0.0,0.0,0.0,0.0,0.0,0.0,0.0,0.0,1.0,1.0,5636,495,589,563.6,36.48804979411448,563.6,0.002289605140686,10,0.1901004719641305,1296.1875
0.0,47,63.5,75166.73835125448,0.0,0.0,0.0,0.0,0.0,0.0,0.0,0,0,0,0,0,0.0001330375671386,0.0,0.0,0.0,0.0,0.0,0.0,0.0,0.0,0.0,0.0,0.0,0.0,0.0,1.0,1.0,5374,526,548,537.4,8.909420731886994,537.4,1.5997886657714842e-05,10,0.1260380116293414,71.44
0.0,47,63.5,76398.97996357013,0.0,0.0,0.0,0.0,0.0,0.0,0.0,0,0,0,0,0,0.0001308917999267,0.0,0.0,0.0,0.0,0.0,0.0,0.0,0.0,0.0,0.0,0.0,0.0,0.0,1.0,1.0,5434,532,551,543.4,7.501111028818775,543.4,1.5306472778320313e-05,10,0.1152395425886996,61.5
0.0,47,63.5,923.1844694385138,0.0,0.0,0.0,0.0,0.0,0.0,0.0,0,0,0,0,0,0.0108320713043212,0.0,0.0,0.0,0.0,0.0,0.0,0.0,0.0,0.0,0.0,0.0,0.0,0.0,1.0,1.0,5524,539,561,552.4,7.876829593462363,552.4,0.0010854959487915,10,0.1034636853031928,55.84
0.0,47,63.5,108660.72538860104,0.0,0.0,0.0,0.0,0.0,0.0,0.0,0,0,0,0,0,9.202957153320312e-05,0.0,0.0,0.0,0.0,0.0,0.0,0.0,0.0,0.0,0.0,0.0,0.0,0.0,1.0,1.0,5672,542,635,567.2,37.66165158354052,567.2,1.010894775390625e-05,10,0.1104844403890711,1276.56
0.0,47,63.5,175493.8912133891,0.0,0.0,0.0,0.0,0.0,0.0,0.0,0,0,0,0,0,5.698204040527344e-05,0.0,0.0,0.0,0.0,0.0,0.0,0.0,0.0,0.0,0.0,0.0,0.0,0.0,1.0,1.0,5796,572,590,579.6,6.8507907086214015,579.6,6.604194641113281e-06,10,0.046809428103064,42.24
0.0,47,63.5,100102.72076372316,0.0,0.0,0.0,0.0,0.0,0.0,0.0,0,0,0,0,0,9.989738464355467e-05,0.0,0.0,0.0,0.0,0.0,0.0,0.0,0.0,0.0,0.0,0.0,0.0,0.0,1.0,1.0,5796,575,584,579.6,3.3065591380365986,579.6,1.118183135986328e-05,10,0.0402532599304706,20.25
0.0,47,63.5,2224.740890044025,0.0,0.0,0.0,0.0,0.0,0.0,0.0,0,0,0,0,0,0.0044949054718017,0.0,0.0,0.0,0.0,0.0,0.0,0.0,0.0,0.0,0.0,0.0,0.0,0.0,1.0,1.0,5806,572,585,580.6,5.103375789067902,580.6,0.0004512071609497,10,0.0460976011614347,42.25
0.0,47,63.5,1729.7525569119102,0.0,0.0,0.0,0.0,0.0,0.0,0.0,0,0,0,0,0,0.0057811737060546,0.0,0.0,0.0,0.0,0.0,0.0,0.0,0.0,0.0,0.0,0.0,0.0,0.0,1.0,1.0,5666,497,589,566.6,36.797342899242665,566.6,0.000579810142517,10,0.1868182056034355,1366.5
0.0,47,63.5,811.6855672098154,0.0,0.0,0.0,0.0,0.0,0.0,0.0,0,0,0,0,0,0.0123200416564941,0.0,0.0,0.0,0.0,0.0,0.0,0.0,0.0,0.0,0.0,0.0,0.0,0.0,1.0,1.0,5420,530,561,542.0,11.944315244779276,542.0,0.0012356996536254,10,0.1204577862581132,240.25
0.0,47,63.5,67978.99513776337,0.0,0.0,0.0,0.0,0.0,0.0,0.0,0,0,0,0,0,0.0001471042633056,0.0,0.0,0.0,0.0,0.0,0.0,0.0,0.0,0.0,0.0,0.0,0.0,0.0,1.0,1.0,5410,532,551,541.0,6.896053621859067,541.0,1.749992370605469e-05,10,0.1149930664034005,66.8888888888889
0.0,47,63.5,67650.06451612903,0.0,0.0,0.0,0.0,0.0,0.0,0.0,0,0,0,0,0,0.0001478195190429,0.0,0.0,0.0,0.0,0.0,0.0,0.0,0.0,0.0,0.0,0.0,0.0,0.0,1.0,1.0,5406,528,552,540.6,8.342661445845684,540.6,1.728534698486328e-05,10,0.1223988765665797,62.64
0.0,47,63.5,1559.104899263995,0.0,0.0,0.0,0.0,0.0,0.0,0.0,0,0,0,0,0,0.0064139366149902,0.0,0.0,0.0,0.0,0.0,0.0,0.0,0.0,0.0,0.0,0.0,0.0,0.0,1.0,1.0,5332,451,573,533.2,44.79285657334214,533.2,0.0006441116333007,10,0.2684652380537167,1810.8395061728395
0.0,47,63.5,5379.38181351802,0.0,0.0,0.0,0.0,0.0,0.0,0.0,0,0,0,0,0,0.0018589496612548,0.0,0.0,0.0,0.0,0.0,0.0,0.0,0.0,0.0,0.0,0.0,0.0,0.0,1.0,1.0,5376,513,553,537.6,14.229859060752814,537.6,0.0001873970031738,10,0.1503590353869882,400.0
0.0,47,63.5,11641.143491534833,0.0,0.0,0.0,0.0,0.0,0.0,0.0,0,0,0,0,0,0.0008590221405029,0.0,0.0,0.0,0.0,0.0,0.0,0.0,0.0,0.0,0.0,0.0,0.0,0.0,1.0,1.0,5290,517,538,529.0,7.688375063113864,529.0,0.0005157947540283,10,0.14087777646571,74.8888888888889
0.0,47,63.5,1043.2035019648808,0.0,0.0,0.0,0.0,0.0,0.0,0.0,0,0,0,0,0,0.0095858573913574,0.0,0.0,0.0,0.0,0.0,0.0,0.0,0.0,0.0,0.0,0.0,0.0,0.0,1.0,1.0,5300,516,543,530.0,11.095544651395493,530.0,0.0009603977203369,10,0.1439698510691925,137.25
0.0,47,63.5,97090.37037037036,0.0,0.0,0.0,0.0,0.0,0.0,0.0,0,0,0,0,0,0.0001029968261718,0.0,0.0,0.0,0.0,0.0,0.0,0.0,0.0,0.0,0.0,0.0,0.0,0.0,1.0,1.0,5246,472,581,524.6,36.62785825024445,524.6,1.1515617370605468e-05,10,0.2293524143368196,1207.44
0.0,47,63.5,20540.176297747308,0.0,0.0,0.0,0.0,0.0,0.0,0.0,0,0,0,0,0,0.0004868507385253,0.0,0.0,0.0,0.0,0.0,0.0,0.0,0.0,0.0,0.0,0.0,0.0,0.0,1.0,1.0,5326,531,537,532.6,2.3664319132398464,532.6,5.078315734863281e-05,10,0.1148520097041773,5.04
0.0,47,63.5,2599.9900818249444,0.0,0.0,0.0,0.0,0.0,0.0,0.0,0,0,0,0,0,0.0038461685180664,0.0,0.0,0.0,0.0,0.0,0.0,0.0,0.0,0.0,0.0,0.0,0.0,0.0,1.0,1.0,5396,527,551,539.6,8.369255907453446,539.6,0.0003862142562866,10,0.1241138400864602,96.0
0.0,47,63.5,3029.253213924599,0.0,0.0,0.0,0.0,0.0,0.0,0.0,0,0,0,0,0,0.0033011436462402,0.0,0.0,0.0,0.0,0.0,0.0,0.0,0.0,0.0,0.0,0.0,0.0,0.0,1.0,1.0,5364,529,548,536.4,6.883151732874829,536.4,0.0003324031829833,10,0.1201002006899039,90.25
0.0,47,63.5,542.9449456964959,0.0,0.0,0.0,0.0,0.0,0.0,0.0,0,0,0,0,0,0.0184180736541748,0.0,0.0,0.0,0.0,0.0,0.0,0.0,0.0,0.0,0.0,0.0,0.0,0.0,1.0,1.0,5402,487,586,540.2,33.6478495267941,540.2,0.0021502017974853,10,0.2025765279832348,1018.96
0.0,47,63.5,550.4841652120274,0.0,0.0,0.0,0.0,0.0,0.0,0.0,0,0,0,0,0,0.0181658267974853,0.0,0.0,0.0,0.0,0.0,0.0,0.0,0.0,0.0,0.0,0.0,0.0,0.0,1.0,1.0,5496,538,556,549.6,6.484168755086841,549.6,0.0042216777801513,10,0.1046005009840722,37.84
0.0,47,63.5,58497.96373779637,0.0,0.0,0.0,0.0,0.0,0.0,0.0,0,0,0,0,0,0.0001709461212158,0.0,0.0,0.0,0.0,0.0,0.0,0.0,0.0,0.0,0.0,0.0,0.0,0.0,1.0,1.0,5490,539,562,549.0,8.459051693633013,549.0,1.950263977050781e-05,10,0.1037008592979183,80.1875
0.0,47,63.5,3672.4489974608177,0.0,0.0,0.0,0.0,0.0,0.0,0.0,0,0,0,0,0,0.0027229785919189,0.0,0.0,0.0,0.0,0.0,0.0,0.0,0.0,0.0,0.0,0.0,0.0,0.0,1.0,1.0,5418,533,548,541.8,6.408327915038889,541.8,0.0002748012542724,10,0.1130902564594702,56.25
0.0,47,63.5,5980.755739341224,0.0,0.0,0.0,0.0,0.0,0.0,0.0,0,0,0,0,0,0.0016720294952392,0.0,0.0,0.0,0.0,0.0,0.0,0.0,0.0,0.0,0.0,0.0,0.0,0.0,1.0,1.0,5456,494,588,545.6,31.96247800155676,545.6,0.0001697063446044,10,0.1899610650387142,919.44
0.0,47,63.5,78106.21973929237,0.0,0.0,0.0,0.0,0.0,0.0,0.0,0,0,0,0,0,0.0001280307769775,0.0,0.0,0.0,0.0,0.0,0.0,0.0,0.0,0.0,0.0,0.0,0.0,0.0,1.0,1.0,5496,538,563,549.6,10.699948078794067,549.6,1.5211105346679689e-05,10,0.1063178408493775,103.04
0.0,47,63.5,84733.41414141415,0.0,0.0,0.0,0.0,0.0,0.0,0.0,0,0,0,0,0,0.0001180171966552,0.0,0.0,0.0,0.0,0.0,0.0,0.0,0.0,0.0,0.0,0.0,0.0,0.0,1.0,1.0,5448,538,559,544.8,8.625543461139129,544.8,1.3780593872070312e-05,10,0.1054728113843296,76.9795918367347
0.0,47,63.5,74631.743772242,0.0,0.0,0.0,0.0,0.0,0.0,0.0,0,0,0,0,0,0.000133991241455,0.0,0.0,0.0,0.0,0.0,0.0,0.0,0.0,0.0,0.0,0.0,0.0,0.0,1.0,1.0,5578,546,569,557.8,8.256983576208551,557.8,1.5616416931152344e-05,10,0.0916896348296043,76.25
0.0,47,63.5,1858.3535666814355,0.0,0.0,0.0,0.0,0.0,0.0,0.0,0,0,0,0,0,0.0053811073303222,0.0,0.0,0.0,0.0,0.0,0.0,0.0,0.0,0.0,0.0,0.0,0.0,0.0,1.0,1.0,5600,537,615,560.0,29.5296461204668,560.0,0.0005403995513916,10,0.1156924366436334,784.8
0.0,47,63.5,3096.1127925001847,0.0,0.0,0.0,0.0,0.0,0.0,0.0,0,0,0,0,0,0.0032298564910888,0.0,0.0,0.0,0.0,0.0,0.0,0.0,0.0,0.0,0.0,0.0,0.0,0.0,1.0,1.0,5782,576,583,578.2,2.699794230842212,578.2,0.0004268884658813,10,0.0383019581778759,8.1875
0.0,47,63.5,2265.599308593961,0.0,0.0,0.0,0.0,0.0,0.0,0.0,0,0,0,0,0,0.0044138431549072,0.0,0.0,0.0,0.0,0.0,0.0,0.0,0.0,0.0,0.0,0.0,0.0,0.0,1.0,1.0,5766,572,581,576.6,3.1692971530679235,576.6,0.0016278982162475,10,0.0453097348882737,9.04
0.0,47,63.5,102051.19221411191,0.0,0.0,0.0,0.0,0.0,0.0,0.0,0,0,0,0,0,9.79900360107422e-05,0.0,0.0,0.0,0.0,0.0,0.0,0.0,0.0,0.0,0.0,0.0,0.0,0.0,1.0,1.0,5770,573,579,577.0,2.309401076758503,577.0,0.000812816619873,10,0.0432553176226283,4.8395061728395055
0.0,47,63.5,125203.10447761194,0.0,0.0,0.0,0.0,0.0,0.0,0.0,0,0,0,0,0,7.987022399902344e-05,0.0,0.0,0.0,0.0,0.0,0.0,0.0,0.0,0.0,0.0,0.0,0.0,0.0,1.0,1.0,5794,576,585,579.4,3.238655413730965,579.4,9.083747863769532e-06,10,0.0385214686693374,20.25
0.0,47,63.5,195995.5140186916,0.0,0.0,0.0,0.0,0.0,0.0,0.0,0,0,0,0,0,5.1021575927734375e-05,0.0,0.0,0.0,0.0,0.0,0.0,0.0,0.0,0.0,0.0,0.0,0.0,0.0,1.0,1.0,5780,578,578,578.0,0.0,578.0,6.008148193359375e-06,10,0.0,0.0
0.0,47,63.5,14222.800949474398,0.0,0.0,0.0,0.0,0.0,0.0,0.0,0,0,0,0,0,0.0007030963897705,0.0,0.0,0.0,0.0,0.0,0.0,0.0,0.0,0.0,0.0,0.0,0.0,0.0,1.0,1.0,5780,578,578,578.0,0.0,578.0,7.150173187255859e-05,10,0.0,0.0
0.0,47,63.5,51845.53770086527,0.0,0.0,0.0,0.0,0.0,0.0,0.0,0,0,0,0,0,0.0001928806304931,0.0,0.0,0.0,0.0,0.0,0.0,0.0,0.0,0.0,0.0,0.0,0.0,0.0,1.0,1.0,5780,578,578,578.0,0.0,578.0,2.079010009765625e-05,10,0.0,0.0
0.0,47,63.5,858.1520582699076,0.0,0.0,0.0,0.0,0.0,0.0,0.0,0,0,0,0,0,0.0116529464721679,0.0,0.0,0.0,0.0,0.0,0.0,0.0,0.0,0.0,0.0,0.0,0.0,0.0,1.0,1.0,5780,578,578,578.0,0.0,578.0,0.0011677980422973,10,0.0,0.0
0.0,47,63.5,106454.41624365482,0.0,0.0,0.0,0.0,0.0,0.0,0.0,0,0,0,0,0,9.393692016601562e-05,0.0,0.0,0.0,0.0,0.0,0.0,0.0,0.0,0.0,0.0,0.0,0.0,0.0,1.0,1.0,5780,578,578,578.0,0.0,578.0,1.02996826171875e-05,10,0.0,0.0
0.0,47,63.5,62045.91715976331,0.0,0.0,0.0,0.0,0.0,0.0,0.0,0,0,0,0,0,0.0001611709594726,0.0,0.0,0.0,0.0,0.0,0.0,0.0,0.0,0.0,0.0,0.0,0.0,0.0,1.0,1.0,5528,484,585,552.8,40.08546425382204,552.8,0.0002174139022827,10,0.2103113447184369,1963.5555555555557
0.0,47,63.5,2648.9225716811925,0.0,0.0,0.0,0.0,0.0,0.0,0.0,0,0,0,0,0,0.0037751197814941,0.0,0.0,0.0,0.0,0.0,0.0,0.0,0.0,0.0,0.0,0.0,0.0,0.0,1.0,1.0,5424,534,556,542.4,8.809086218218097,542.4,0.0003798961639404,10,0.1123640993618533,69.84
0.0,47,63.5,435.7673167032031,0.0,0.0,0.0,0.0,0.0,0.0,0.0,0,0,0,0,0,0.0229480266571044,0.0,0.0,0.0,0.0,0.0,0.0,0.0,0.0,0.0,0.0,0.0,0.0,0.0,1.0,1.0,5404,525,559,540.4,12.747112962898262,540.4,0.0022984981536865,10,0.1293054639365662,146.23999999999998
0.0,47,63.5,71453.21976149915,0.0,0.0,0.0,0.0,0.0,0.0,0.0,0,0,0,0,0,0.0001399517059326,0.0,0.0,0.0,0.0,0.0,0.0,0.0,0.0,0.0,0.0,0.0,0.0,0.0,1.0,1.0,5412,533,550,541.2,5.672545969648706,541.2,1.659393310546875e-05,10,0.1127905283261961,36.1875
0.0,47,63.5,62977.53753753754,0.0,0.0,0.0,0.0,0.0,0.0,0.0,0,0,0,0,0,0.0001587867736816,0.0,0.0,0.0,0.0,0.0,0.0,0.0,0.0,0.0,0.0,0.0,0.0,0.0,1.0,1.0,5576,534,602,557.6,25.277130638846916,557.6,1.8095970153808595e-05,10,0.1190725219370407,717.0
0.0,47,63.5,78840.3007518797,0.0,0.0,0.0,0.0,0.0,0.0,0.0,0,0,0,0,0,0.000126838684082,0.0,0.0,0.0,0.0,0.0,0.0,0.0,0.0,0.0,0.0,0.0,0.0,0.0,1.0,1.0,5592,554,563,559.2,3.614784456460256,559.2,1.4901161193847656e-05,10,0.0761655485961837,14.285714285714286
0.0,47,63.5,4955.463137996219,0.0,0.0,0.0,0.0,0.0,0.0,0.0,0,0,0,0,0,0.0020179748535156,0.0,0.0,0.0,0.0,0.0,0.0,0.0,0.0,0.0,0.0,0.0,0.0,0.0,1.0,1.0,5572,554,560,557.2,2.616188916046478,557.2,0.000203800201416,10,0.0757587607168407,6.25
0.0,47,63.5,4076.49334240451,0.0,0.0,0.0,0.0,0.0,0.0,0.0,0,0,0,0,0,0.0024530887603759,0.0,0.0,0.0,0.0,0.0,0.0,0.0,0.0,0.0,0.0,0.0,0.0,0.0,1.0,1.0,5618,556,569,561.8,4.779586221049312,561.8,0.0002479076385498,10,0.0732317822430066,20.56
0.0,47,63.5,60963.72093023256,0.0,0.0,0.0,0.0,0.0,0.0,0.0,0,0,0,0,0,0.0001640319824218,0.0,0.0,0.0,0.0,0.0,0.0,0.0,0.0,0.0,0.0,0.0,0.0,0.0,1.0,1.0,5608,527,600,560.8,24.47129838084699,560.8,1.8906593322753906e-05,10,0.1306731681084218,673.5
0.0,47,63.5,71943.46483704975,0.0,0.0,0.0,0.0,0.0,0.0,0.0,0,0,0,0,0,0.0001389980316162,0.0,0.0,0.0,0.0,0.0,0.0,0.0,0.0,0.0,0.0,0.0,0.0,0.0,1.0,1.0,5560,552,559,556.0,2.748737083745107,556.0,1.6283988952636718e-05,10,0.0792210155384344,12.25
0.0,47,63.5,2283.60864594109,0.0,0.0,0.0,0.0,0.0,0.0,0.0,0,0,0,0,0,0.0043790340423583,0.0,0.0,0.0,0.0,0.0,0.0,0.0,0.0,0.0,0.0,0.0,0.0,0.0,1.0,1.0,5560,554,562,556.0,3.265986323710904,556.0,0.0004402160644531,10,0.0760234621888269,11.555555555555555
0.0,47,63.5,377.8141692564068,0.0,0.0,0.0,0.0,0.0,0.0,0.0,0,0,0,0,0,0.0264680385589599,0.0,0.0,0.0,0.0,0.0,0.0,0.0,0.0,0.0,0.0,0.0,0.0,0.0,1.0,1.0,5544,548,563,554.4,5.481281277625191,554.4,0.0027657985687255,10,0.0871506647412533,30.1875
0.0,47,63.5,10868.888313034466,0.0,0.0,0.0,0.0,0.0,0.0,0.0,0,0,0,0,0,0.0009200572967529,0.0,0.0,0.0,0.0,0.0,0.0,0.0,0.0,0.0,0.0,0.0,0.0,0.0,1.0,1.0,5690,547,614,569.0,25.69046515733026,569.0,9.429454803466796e-05,10,0.09708720788649,731.25
0.0,47,63.5,108660.72538860104,0.0,0.0,0.0,0.0,0.0,0.0,0.0,0,0,0,0,0,9.202957153320312e-05,0.0,0.0,0.0,0.0,0.0,0.0,0.0,0.0,0.0,0.0,0.0,0.0,0.0,1.0,1.0,5786,572,584,578.6,4.6475800154489,578.6,0.000114107131958,10,0.0459119281950932,29.555555555555557
0.0,47,63.5,120180.63037249284,0.0,0.0,0.0,0.0,0.0,0.0,0.0,0,0,0,0,0,8.320808410644531e-05,0.0,0.0,0.0,0.0,0.0,0.0,0.0,0.0,0.0,0.0,0.0,0.0,0.0,1.0,1.0,5802,578,585,580.2,2.616188916046478,580.2,9.703636169433594e-06,10,0.0348596407168406,7.25
0.0,47,63.5,12090.815797059671,0.0,0.0,0.0,0.0,0.0,0.0,0.0,0,0,0,0,0,0.0008270740509033,0.0,0.0,0.0,0.0,0.0,0.0,0.0,0.0,0.0,0.0,0.0,0.0,0.0,1.0,1.0,5778,576,582,577.8,2.3475755815545347,577.8,0.0007006883621215,10,0.038158478388902,6.222222222222221
0.0,47,63.5,595.3843314832427,0.0,0.0,0.0,0.0,0.0,0.0,0.0,0,0,0,0,0,0.0167958736419677,0.0,0.0,0.0,0.0,0.0,0.0,0.0,0.0,0.0,0.0,0.0,0.0,0.0,1.0,1.0,5580,502,591,558.0,33.724372986511305,558.0,0.0016819953918457,10,0.1770457505797853,1250.2040816326532
0.0,47,63.5,2970.891061056807,0.0,0.0,0.0,0.0,0.0,0.0,0.0,0,0,0,0,0,0.0033659934997558,0.0,0.0,0.0,0.0,0.0,0.0,0.0,0.0,0.0,0.0,0.0,0.0,0.0,1.0,1.0,5456,541,554,545.6,5.103375789067903,545.6,0.0003381013870239,10,0.0989256311614347,23.44
0.0,47,63.5,138884.23841059604,0.0,0.0,0.0,0.0,0.0,0.0,0.0,0,0,0,0,0,7.200241088867188e-05,0.0,0.0,0.0,0.0,0.0,0.0,0.0,0.0,0.0,0.0,0.0,0.0,0.0,1.0,1.0,5486,541,555,548.6,5.015531433014407,548.6,8.606910705566407e-06,10,0.0988898468845528,49.0
0.0,47,63.5,138884.23841059604,0.0,0.0,0.0,0.0,0.0,0.0,0.0,0,0,0,0,0,7.200241088867188e-05,0.0,0.0,0.0,0.0,0.0,0.0,0.0,0.0,0.0,0.0,0.0,0.0,0.0,1.0,1.0,5464,543,550,546.4,2.875181153713044,546.4,8.392333984375e-06,10,0.0946096937947765,9.555555555555555
0.0,47,63.5,113666.77506775068,0.0,0.0,0.0,0.0,0.0,0.0,0.0,0,0,0,0,0,8.797645568847656e-05,0.0,0.0,0.0,0.0,0.0,0.0,0.0,0.0,0.0,0.0,0.0,0.0,0.0,1.0,1.0,5446,492,588,544.6,32.390670810521286,544.6,1.010894775390625e-05,10,0.1935437536613739,1158.25
0.0,47,63.5,134865.08038585208,0.0,0.0,0.0,0.0,0.0,0.0,0.0,0,0,0,0,0,7.414817810058594e-05,0.0,0.0,0.0,0.0,0.0,0.0,0.0,0.0,0.0,0.0,0.0,0.0,0.0,1.0,1.0,5410,531,551,541.0,8.353309390761112,541.0,8.702278137207031e-06,10,0.1172908241134204,100.0
0.0,47,63.5,138884.23841059604,0.0,0.0,0.0,0.0,0.0,0.0,0.0,0,0,0,0,0,7.200241088867188e-05,0.0,0.0,0.0,0.0,0.0,0.0,0.0,0.0,0.0,0.0,0.0,0.0,0.0,1.0,1.0,5520,544,560,552.0,7.333333333333333,552.0,8.702278137207031e-06,10,0.0947216366666666,64.0
0.0,47,63.5,135300.12903225806,0.0,0.0,0.0,0.0,0.0,0.0,0.0,0,0,0,0,0,7.390975952148438e-05,0.0,0.0,0.0,0.0,0.0,0.0,0.0,0.0,0.0,0.0,0.0,0.0,0.0,1.0,1.0,5396,530,551,539.6,7.676804890925217,539.6,8.58306884765625e-06,10,0.1187193732403673,53.04
0.0,47,63.5,123361.88235294116,0.0,0.0,0.0,0.0,0.0,0.0,0.0,0,0,0,0,0,8.106231689453125e-05,0.0,0.0,0.0,0.0,0.0,0.0,0.0,0.0,0.0,0.0,0.0,0.0,0.0,1.0,1.0,5640,542,578,564.0,18.086213288334047,564.0,9.41753387451172e-06,10,0.1025101898451357,306.75
0.0,47,63.5,117.62753978826332,0.0,0.0,0.0,0.0,0.0,0.0,0.0,0,0,0,0,0,0.0850141048431396,0.0,0.0,0.0,0.0,0.0,0.0,0.0,0.0,0.0,0.0,0.0,0.0,0.0,1.0,1.0,5780,578,578,578.0,0.0,578.0,0.0233325958251953,10,0.0,0.0
0.0,47,63.5,22.44190221197767,0.0,0.0,0.0,0.0,0.0,0.0,0.0,0,0,0,0,0,0.4455950260162353,0.0,0.0,0.0,0.0,0.0,0.0,0.0,0.0,0.0,0.0,0.0,0.0,0.0,1.0,1.0,5780,578,578,578.0,0.0,578.0,0.0560746908187866,10,0.0,0.0
0.0,47,63.5,43.43957686248963,0.0,0.0,0.0,0.0,0.0,0.0,0.0,0,0,0,0,0,0.2302048206329345,0.0,0.0,0.0,0.0,0.0,0.0,0.0,0.0,0.0,0.0,0.0,0.0,0.0,1.0,1.0,5780,578,578,578.0,0.0,578.0,0.0233099937438964,10,0.0,0.0
0.0,47,63.5,635.1541583378763,0.0,0.0,0.0,0.0,0.0,0.0,0.0,0,0,0,0,0,0.0157442092895507,0.0,0.0,0.0,0.0,0.0,0.0,0.0,0.0,0.0,0.0,0.0,0.0,0.0,1.0,1.0,5632,513,595,563.2,30.165469589508398,563.2,0.0159050226211547,10,0.1568505656919821,987.8367346938776
0.0,47,63.5,1620.486033303713,0.0,0.0,0.0,0.0,0.0,0.0,0.0,0,0,0,0,0,0.0061709880828857,0.0,0.0,0.0,0.0,0.0,0.0,0.0,0.0,0.0,0.0,0.0,0.0,0.0,1.0,1.0,5530,550,557,553.0,2.905932629027116,553.0,0.0010257959365844,10,0.0826933107157605,8.222222222222221
0.0,47,63.5,1121.6815981600837,0.0,0.0,0.0,0.0,0.0,0.0,0.0,0,0,0,0,0,0.0089151859283447,0.0,0.0,0.0,0.0,0.0,0.0,0.0,0.0,0.0,0.0,0.0,0.0,0.0,1.0,1.0,5522,549,555,552.2,2.0439612955674527,552.2,0.0012439012527465,10,0.0840463080733624,6.222222222222221
0.0,47,63.5,364.114174595458,0.0,0.0,0.0,0.0,0.0,0.0,0.0,0,0,0,0,0,0.0274639129638671,0.0,0.0,0.0,0.0,0.0,0.0,0.0,0.0,0.0,0.0,0.0,0.0,0.0,1.0,1.0,5498,546,555,549.8,3.425395354310701,549.8,0.0031503915786743,10,0.089721439051532,10.56
0.0,47,63.5,1806.9550232638287,0.0,0.0,0.0,0.0,0.0,0.0,0.0,0,0,0,0,0,0.0055341720581054,0.0,0.0,0.0,0.0,0.0,0.0,0.0,0.0,0.0,0.0,0.0,0.0,0.0,1.0,1.0,5368,460,577,536.8,42.56968143852826,536.8,0.000556206703186,10,0.2522224354307989,2061.6326530612246
0.0,47,63.5,686.3419024398227,0.0,0.0,0.0,0.0,0.0,0.0,0.0,0,0,0,0,0,0.0145699977874755,0.0,0.0,0.0,0.0,0.0,0.0,0.0,0.0,0.0,0.0,0.0,0.0,0.0,1.0,1.0,5380,516,548,538.0,11.98146717040762,538.0,0.0014588832855224,10,0.1443307404665373,181.55555555555557
0.0,47,63.5,68985.26315789473,0.0,0.0,0.0,0.0,0.0,0.0,0.0,0,0,0,0,0,0.0001449584960937,0.0,0.0,0.0,0.0,0.0,0.0,0.0,0.0,0.0,0.0,0.0,0.0,0.0,1.0,1.0,5414,533,552,541.4,8.01664934163062,541.4,1.7714500427246093e-05,10,0.1137454222758066,90.25
0.0,47,63.5,727.7482041850296,0.0,0.0,0.0,0.0,0.0,0.0,0.0,0,0,0,0,0,0.0137410163879394,0.0,0.0,0.0,0.0,0.0,0.0,0.0,0.0,0.0,0.0,0.0,0.0,0.0,1.0,1.0,5300,523,545,530.0,8.537498983243799,530.0,0.0013763904571533,10,0.1309988955858142,66.8395061728395
0.0,47,63.5,151418.91696750902,0.0,0.0,0.0,0.0,0.0,0.0,0.0,0,0,0,0,0,6.604194641113281e-05,0.0,0.0,0.0,0.0,0.0,0.0,0.0,0.0,0.0,0.0,0.0,0.0,0.0,1.0,1.0,5644,541,578,564.4,17.671068633975327,564.4,8.606910705566407e-06,10,0.1040452065187362,293.5
0.0,47,63.5,191520.7305936073,0.0,0.0,0.0,0.0,0.0,0.0,0.0,0,0,0,0,0,5.221366882324219e-05,0.0,0.0,0.0,0.0,0.0,0.0,0.0,0.0,0.0,0.0,0.0,0.0,0.0,1.0,1.0,5780,578,578,578.0,0.0,578.0,6.008148193359375e-06,10,0.0,0.0
0.0,47,63.5,1569.372146972985,0.0,0.0,0.0,0.0,0.0,0.0,0.0,0,0,0,0,0,0.0063719749450683,0.0,0.0,0.0,0.0,0.0,0.0,0.0,0.0,0.0,0.0,0.0,0.0,0.0,1.0,1.0,5780,578,578,578.0,0.0,578.0,0.0006380796432495,10,0.0,0.0
0.0,47,63.5,3976.0204758744894,0.0,0.0,0.0,0.0,0.0,0.0,0.0,0,0,0,0,0,0.0025150775909423,0.0,0.0,0.0,0.0,0.0,0.0,0.0,0.0,0.0,0.0,0.0,0.0,0.0,1.0,1.0,5780,578,578,578.0,0.0,578.0,0.0002535104751586,10,0.0,0.0
0.0,47,63.5,56223.91420911528,0.0,0.0,0.0,0.0,0.0,0.0,0.0,0,0,0,0,0,0.0001778602600097,0.0,0.0,0.0,0.0,0.0,0.0,0.0,0.0,0.0,0.0,0.0,0.0,0.0,1.0,1.0,5780,578,578,578.0,0.0,578.0,0.0004215955734252,10,0.0,0.0
0.0,47,63.5,2049.601250977326,0.0,0.0,0.0,0.0,0.0,0.0,0.0,0,0,0,0,0,0.0048789978027343,0.0,0.0,0.0,0.0,0.0,0.0,0.0,0.0,0.0,0.0,0.0,0.0,0.0,1.0,1.0,5780,578,578,578.0,0.0,578.0,0.0004902124404907,10,0.0,0.0
0.0,47,63.5,4045.432098765432,0.0,0.0,0.0,0.0,0.0,0.0,0.0,0,0,0,0,0,0.002471923828125,0.0,0.0,0.0,0.0,0.0,0.0,0.0,0.0,0.0,0.0,0.0,0.0,0.0,1.0,1.0,5780,578,578,578.0,0.0,578.0,0.000249695777893,10,0.0,0.0
0.0,47,63.5,2852.2978578714724,0.0,0.0,0.0,0.0,0.0,0.0,0.0,0,0,0,0,0,0.0035059452056884,0.0,0.0,0.0,0.0,0.0,0.0,0.0,0.0,0.0,0.0,0.0,0.0,0.0,1.0,1.0,5780,578,578,578.0,0.0,578.0,0.0004377841949462,10,0.0,0.0
0.0,47,63.5,765.4677519436435,0.0,0.0,0.0,0.0,0.0,0.0,0.0,0,0,0,0,0,0.013063907623291,0.0,0.0,0.0,0.0,0.0,0.0,0.0,0.0,0.0,0.0,0.0,0.0,0.0,1.0,1.0,5620,506,593,562.0,32.173142698703074,562.0,0.0014611005783081,10,0.1695973214097437,1173.6734693877552
0.0,47,63.5,51275.11002444988,0.0,0.0,0.0,0.0,0.0,0.0,0.0,0,0,0,0,0,0.000195026397705,0.0,0.0,0.0,0.0,0.0,0.0,0.0,0.0,0.0,0.0,0.0,0.0,0.0,1.0,1.0,5478,545,550,547.8,1.8135294011647256,547.8,0.0001748085021972,10,0.0907689593368585,4.222222222222222
0.0,47,63.5,968.8180537269304,0.0,0.0,0.0,0.0,0.0,0.0,0.0,0,0,0,0,0,0.0103218555450439,0.0,0.0,0.0,0.0,0.0,0.0,0.0,0.0,0.0,0.0,0.0,0.0,0.0,1.0,1.0,5524,550,555,552.4,1.9550504398153568,552.4,0.0010349988937377,10,0.0823059593471632,3.44
0.0,47,63.5,94466.3063063063,0.0,0.0,0.0,0.0,0.0,0.0,0.0,0,0,0,0,0,0.000105857849121,0.0,0.0,0.0,0.0,0.0,0.0,0.0,0.0,0.0,0.0,0.0,0.0,0.0,1.0,1.0,5490,545,553,549.0,2.905932629027116,549.0,1.1992454528808591e-05,10,0.0912139607157605,8.25
0.0,47,63.5,121927.44186046511,0.0,0.0,0.0,0.0,0.0,0.0,0.0,0,0,0,0,0,8.20159912109375e-05,0.0,0.0,0.0,0.0,0.0,0.0,0.0,0.0,0.0,0.0,0.0,0.0,0.0,1.0,1.0,5646,545,578,564.6,16.873384696352748,564.6,1.0514259338378908e-05,10,0.0969037419899063,264.1875
0.0,47,63.5,2010.4994727255296,0.0,0.0,0.0,0.0,0.0,0.0,0.0,0,0,0,0,0,0.0049738883972167,0.0,0.0,0.0,0.0,0.0,0.0,0.0,0.0,0.0,0.0,0.0,0.0,0.0,1.0,1.0,5780,578,578,578.0,0.0,578.0,0.0004984855651855,10,0.0,0.0
0.0,47,63.5,147168.56140350876,0.0,0.0,0.0,0.0,0.0,0.0,0.0,0,0,0,0,0,6.794929504394531e-05,0.0,0.0,0.0,0.0,0.0,0.0,0.0,0.0,0.0,0.0,0.0,0.0,0.0,1.0,1.0,5780,578,578,578.0,0.0,578.0,8.0108642578125e-06,10,0.0,0.0
0.0,47,63.5,1822.1052174290803,0.0,0.0,0.0,0.0,0.0,0.0,0.0,0,0,0,0,0,0.0054881572723388,0.0,0.0,0.0,0.0,0.0,0.0,0.0,0.0,0.0,0.0,0.0,0.0,0.0,1.0,1.0,5780,578,578,578.0,0.0,578.0,0.0005500078201293,10,0.0,0.0
0.0,47,63.5,994.7359184157476,0.0,0.0,0.0,0.0,0.0,0.0,0.0,0,0,0,0,0,0.0100529193878173,0.0,0.0,0.0,0.0,0.0,0.0,0.0,0.0,0.0,0.0,0.0,0.0,0.0,1.0,1.0,5806,551,614,580.6,21.119764308449195,580.6,0.0010440826416015,10,0.0884087671886898,501.1875
0.0,47,63.5,49056.18713450292,0.0,0.0,0.0,0.0,0.0,0.0,0.0,0,0,0,0,0,0.0002038478851318,0.0,0.0,0.0,0.0,0.0,0.0,0.0,0.0,0.0,0.0,0.0,0.0,0.0,1.0,1.0,5782,574,581,578.2,2.616188916046478,578.2,2.460479736328125e-05,10,0.0416761607168406,8.222222222222221
0.0,47,63.5,716.0203489364608,0.0,0.0,0.0,0.0,0.0,0.0,0.0,0,0,0,0,0,0.0139660835266113,0.0,0.0,0.0,0.0,0.0,0.0,0.0,0.0,0.0,0.0,0.0,0.0,0.0,1.0,1.0,5792,575,584,579.2,3.22490309931942,579.2,0.002664303779602,10,0.0402199965265388,9.36
0.0,47,63.5,74631.743772242,0.0,0.0,0.0,0.0,0.0,0.0,0.0,0,0,0,0,0,0.000133991241455,0.0,0.0,0.0,0.0,0.0,0.0,0.0,0.0,0.0,0.0,0.0,0.0,0.0,1.0,1.0,5754,570,581,575.4,3.806427312965386,575.4,1.590251922607422e-05,10,0.0489775362302095,16.25
0.0,47,63.5,67541.12721417069,0.0,0.0,0.0,0.0,0.0,0.0,0.0,0,0,0,0,0,0.000148057937622,0.0,0.0,0.0,0.0,0.0,0.0,0.0,0.0,0.0,0.0,0.0,0.0,0.0,1.0,1.0,5584,504,592,558.4,32.101228775373826,558.4,1.6808509826660156e-05,10,0.1729762865539363,1133.9183673469388
0.0,47,63.5,2544.469788886193,0.0,0.0,0.0,0.0,0.0,0.0,0.0,0,0,0,0,0,0.0039300918579101,0.0,0.0,0.0,0.0,0.0,0.0,0.0,0.0,0.0,0.0,0.0,0.0,0.0,1.0,1.0,5464,543,549,546.4,2.951459149490488,546.4,0.000395393371582,10,0.0946407663991364,9.0
0.0,47,63.5,134865.08038585208,0.0,0.0,0.0,0.0,0.0,0.0,0.0,0,0,0,0,0,7.414817810058594e-05,0.0,0.0,0.0,0.0,0.0,0.0,0.0,0.0,0.0,0.0,0.0,0.0,0.0,1.0,1.0,5482,543,554,548.2,4.685675570881488,548.2,8.606910705566407e-06,10,0.0953472168005542,19.76
0.0,47,63.5,137068.75816993465,0.0,0.0,0.0,0.0,0.0,0.0,0.0,0,0,0,0,0,7.295608520507812e-05,0.0,0.0,0.0,0.0,0.0,0.0,0.0,0.0,0.0,0.0,0.0,0.0,0.0,1.0,1.0,5464,541,552,546.4,4.247875285886397,546.4,8.487701416015625e-06,10,0.0985771344764587,16.240000000000002
0.0,47,63.5,1767.0643747893496,0.0,0.0,0.0,0.0,0.0,0.0,0.0,0,0,0,0,0,0.0056591033935546,0.0,0.0,0.0,0.0,0.0,0.0,0.0,0.0,0.0,0.0,0.0,0.0,0.0,1.0,1.0,5222,420,563,522.2,55.55537777749333,522.2,0.0005669116973876,10,0.3256774886914397,3872.0
0.0,47,63.5,146653.98601398602,0.0,0.0,0.0,0.0,0.0,0.0,0.0,0,0,0,0,0,6.818771362304688e-05,0.0,0.0,0.0,0.0,0.0,0.0,0.0,0.0,0.0,0.0,0.0,0.0,0.0,1.0,1.0,5262,518,531,526.2,5.553777493242275,526.2,8.20159912109375e-06,10,0.1383040967996471,28.0
0.0,47,63.5,838.7769223077693,0.0,0.0,0.0,0.0,0.0,0.0,0.0,0,0,0,0,0,0.0119221210479736,0.0,0.0,0.0,0.0,0.0,0.0,0.0,0.0,0.0,0.0,0.0,0.0,0.0,1.0,1.0,5182,506,538,518.2,12.951190421476062,518.2,0.0011935949325561,10,0.1617670669300925,256.0
0.0,47,63.5,116185.70637119112,0.0,0.0,0.0,0.0,0.0,0.0,0.0,0,0,0,0,0,8.606910705566406e-05,0.0,0.0,0.0,0.0,0.0,0.0,0.0,0.0,0.0,0.0,0.0,0.0,0.0,1.0,1.0,5170,501,538,517.0,12.806248474865695,517.0,1.6903877258300783e-05,10,0.1702286733787212,147.6
0.0,47,63.5,128266.17737003058,0.0,0.0,0.0,0.0,0.0,0.0,0.0,0,0,0,0,0,7.796287536621094e-05,0.0,0.0,0.0,0.0,0.0,0.0,0.0,0.0,0.0,0.0,0.0,0.0,0.0,1.0,1.0,5534,508,578,553.4,32.26005441891118,553.4,8.988380432128907e-06,10,0.1662244657680877,981.6875
0.0,47,63.5,1055.6488472767542,0.0,0.0,0.0,0.0,0.0,0.0,0.0,0,0,0,0,0,0.0094728469848632,0.0,0.0,0.0,0.0,0.0,0.0,0.0,0.0,0.0,0.0,0.0,0.0,0.0,1.0,1.0,5780,578,578,578.0,0.0,578.0,0.0009485960006713,10,0.0,0.0
0.0,47,63.5,133576.56050955414,0.0,0.0,0.0,0.0,0.0,0.0,0.0,0,0,0,0,0,7.486343383789062e-05,0.0,0.0,0.0,0.0,0.0,0.0,0.0,0.0,0.0,0.0,0.0,0.0,0.0,1.0,1.0,5780,578,578,578.0,0.0,578.0,9.79900360107422e-06,10,0.0,0.0
0.0,47,63.5,975.0567230797844,0.0,0.0,0.0,0.0,0.0,0.0,0.0,0,0,0,0,0,0.0102558135986328,0.0,0.0,0.0,0.0,0.0,0.0,0.0,0.0,0.0,0.0,0.0,0.0,0.0,1.0,1.0,5780,578,578,578.0,0.0,578.0,0.0010267972946166,10,0.0,0.0
0.0,47,63.5,4094.800351459533,0.0,0.0,0.0,0.0,0.0,0.0,0.0,0,0,0,0,0,0.0024421215057373,0.0,0.0,0.0,0.0,0.0,0.0,0.0,0.0,0.0,0.0,0.0,0.0,0.0,1.0,1.0,5790,545,614,579.0,23.01690200217609,579.0,0.0002462148666381,10,0.0994063651996065,595.6875
0.0,47,63.5,185588.67256637168,0.0,0.0,0.0,0.0,0.0,0.0,0.0,0,0,0,0,0,5.3882598876953125e-05,0.0,0.0,0.0,0.0,0.0,0.0,0.0,0.0,0.0,0.0,0.0,0.0,0.0,1.0,1.0,5778,577,579,577.8,1.0327955589886446,577.8,6.389617919921875e-06,10,0.0359187595989096,1.0
0.0,47,63.5,1614.187192118227,0.0,0.0,0.0,0.0,0.0,0.0,0.0,0,0,0,0,0,0.006195068359375,0.0,0.0,0.0,0.0,0.0,0.0,0.0,0.0,0.0,0.0,0.0,0.0,0.0,1.0,1.0,5784,574,582,578.4,3.0983866769659336,578.4,0.000620412826538,10,0.0418725887967288,10.0
0.0,47,63.5,123361.88235294116,0.0,0.0,0.0,0.0,0.0,0.0,0.0,0,0,0,0,0,8.106231689453125e-05,0.0,0.0,0.0,0.0,0.0,0.0,0.0,0.0,0.0,0.0,0.0,0.0,0.0,1.0,1.0,5762,573,579,576.2,2.440400695696417,576.2,0.0007983922958374,10,0.0433086816273988,6.25
0.0,47,63.5,1176.192933258553,0.0,0.0,0.0,0.0,0.0,0.0,0.0,0,0,0,0,0,0.0085020065307617,0.0,0.0,0.0,0.0,0.0,0.0,0.0,0.0,0.0,0.0,0.0,0.0,0.0,1.0,1.0,5842,559,622,584.2,21.973721679416176,584.2,0.0008513927459716,10,0.075123595263327,542.1875
0.0,47,63.5,3290.682567079868,0.0,0.0,0.0,0.0,0.0,0.0,0.0,0,0,0,0,0,0.0030388832092285,0.0,0.0,0.0,0.0,0.0,0.0,0.0,0.0,0.0,0.0,0.0,0.0,0.0,1.0,1.0,5798,577,584,579.8,2.9363620727393656,579.8,0.0003072023391723,10,0.0366941964539511,7.76
0.0,47,63.5,827.9484395665133,0.0,0.0,0.0,0.0,0.0,0.0,0.0,0,0,0,0,0,0.012078046798706,0.0,0.0,0.0,0.0,0.0,0.0,0.0,0.0,0.0,0.0,0.0,0.0,0.0,1.0,1.0,5804,576,590,580.4,5.274677451960661,580.4,0.0012107133865356,10,0.0393508626068307,40.66666666666666
0.0,47,63.5,188085.38116591927,0.0,0.0,0.0,0.0,0.0,0.0,0.0,0,0,0,0,0,5.316734313964844e-05,0.0,0.0,0.0,0.0,0.0,0.0,0.0,0.0,0.0,0.0,0.0,0.0,0.0,1.0,1.0,5798,573,586,579.8,4.917090377222873,579.8,6.198883056640625e-06,10,0.0443175859360655,26.1875
0.0,47,63.5,1123.966020848407,0.0,0.0,0.0,0.0,0.0,0.0,0.0,0,0,0,0,0,0.008897066116333,0.0,0.0,0.0,0.0,0.0,0.0,0.0,0.0,0.0,0.0,0.0,0.0,0.0,1.0,1.0,5790,578,582,579.0,1.632993161855452,579.0,0.0008905887603759,10,0.0344591260944134,2.888888888888889
0.0,47,63.5,2220.265735006088,0.0,0.0,0.0,0.0,0.0,0.0,0.0,0,0,0,0,0,0.0045039653778076,0.0,0.0,0.0,0.0,0.0,0.0,0.0,0.0,0.0,0.0,0.0,0.0,0.0,1.0,1.0,5780,578,578,578.0,0.0,578.0,0.000453495979309,10,0.0,0.0
0.0,47,63.5,2621.112360954881,0.0,0.0,0.0,0.0,0.0,0.0,0.0,0,0,0,0,0,0.0038151741027832,0.0,0.0,0.0,0.0,0.0,0.0,0.0,0.0,0.0,0.0,0.0,0.0,0.0,1.0,1.0,5780,578,578,578.0,0.0,578.0,0.0003831148147583,10,0.0,0.0
0.0,47,63.5,1223.8639082606285,0.0,0.0,0.0,0.0,0.0,0.0,0.0,0,0,0,0,0,0.0081708431243896,0.0,0.0,0.0,0.0,0.0,0.0,0.0,0.0,0.0,0.0,0.0,0.0,0.0,1.0,1.0,5780,578,578,578.0,0.0,578.0,0.0008180856704711,10,0.0,0.0
0.0,47,63.5,1642.0561406256118,0.0,0.0,0.0,0.0,0.0,0.0,0.0,0,0,0,0,0,0.0060899257659912,0.0,0.0,0.0,0.0,0.0,0.0,0.0,0.0,0.0,0.0,0.0,0.0,0.0,1.0,1.0,5804,551,614,580.4,21.10923968313402,580.4,0.0006118059158325,10,0.0884044798773214,501.1875
0.0,47,63.5,4632.030922142463,0.0,0.0,0.0,0.0,0.0,0.0,0.0,0,0,0,0,0,0.0021588802337646,0.0,0.0,0.0,0.0,0.0,0.0,0.0,0.0,0.0,0.0,0.0,0.0,0.0,1.0,1.0,5772,576,578,577.2,1.0327955589886446,577.2,0.0002178907394409,10,0.0376228895989096,1.0
0.0,47,63.5,1031.6822039109582,0.0,0.0,0.0,0.0,0.0,0.0,0.0,0,0,0,0,0,0.009692907333374,0.0,0.0,0.0,0.0,0.0,0.0,0.0,0.0,0.0,0.0,0.0,0.0,0.0,1.0,1.0,5780,574,582,578.0,2.905932629027116,578.0,0.0010286092758178,10,0.0417941907157604,8.25
0.0,47,63.5,3919.910280373832,0.0,0.0,0.0,0.0,0.0,0.0,0.0,0,0,0,0,0,0.0025510787963867,0.0,0.0,0.0,0.0,0.0,0.0,0.0,0.0,0.0,0.0,0.0,0.0,0.0,1.0,1.0,5794,576,582,579.4,2.4585451886114367,579.4,0.0002577066421508,10,0.0382036829680327,6.244897959183674
0.0,47,63.5,16390.402500976943,0.0,0.0,0.0,0.0,0.0,0.0,0.0,0,0,0,0,0,0.0006101131439208,0.0,0.0,0.0,0.0,0.0,0.0,0.0,0.0,0.0,0.0,0.0,0.0,0.0,1.0,1.0,5666,519,597,566.6,28.107729265176232,566.6,0.0004332065582275,10,0.1457875445934622,870.75
0.0,47,63.5,1448.059382012774,0.0,0.0,0.0,0.0,0.0,0.0,0.0,0,0,0,0,0,0.0069057941436767,0.0,0.0,0.0,0.0,0.0,0.0,0.0,0.0,0.0,0.0,0.0,0.0,0.0,1.0,1.0,5528,547,556,552.8,3.359894178227774,552.8,0.0008336782455444,10,0.0879906264924428,10.16
0.0,47,63.5,9615.552498853736,0.0,0.0,0.0,0.0,0.0,0.0,0.0,0,0,0,0,0,0.001039981842041,0.0,0.0,0.0,0.0,0.0,0.0,0.0,0.0,0.0,0.0,0.0,0.0,0.0,1.0,1.0,5526,546,559,552.6,4.402019738458447,552.6,0.0003743171691894,10,0.0901192767606584,21.1875
0.0,47,63.5,2486.839796039369,0.0,0.0,0.0,0.0,0.0,0.0,0.0,0,0,0,0,0,0.0040211677551269,0.0,0.0,0.0,0.0,0.0,0.0,0.0,0.0,0.0,0.0,0.0,0.0,0.0,1.0,1.0,5498,548,552,549.8,1.9321835661585915,549.8,0.0005295991897583,10,0.0857049042975103,3.3600000000000003
0.0,47,63.5,1968.509879382363,0.0,0.0,0.0,0.0,0.0,0.0,0.0,0,0,0,0,0,0.0050799846649169,0.0,0.0,0.0,0.0,0.0,0.0,0.0,0.0,0.0,0.0,0.0,0.0,0.0,1.0,1.0,5784,549,638,578.4,33.74808636550128,578.4,0.0006183862686157,10,0.0969613004618506,1281.25
0.0,47,63.5,2262.910169948745,0.0,0.0,0.0,0.0,0.0,0.0,0.0,0,0,0,0,0,0.0044190883636474,0.0,0.0,0.0,0.0,0.0,0.0,0.0,0.0,0.0,0.0,0.0,0.0,0.0,1.0,1.0,5814,576,591,581.4,5.440588203494176,581.4,0.0004440069198608,10,0.0394184480105754,38.88888888888889
0.0,47,63.5,1617.1122334888382,0.0,0.0,0.0,0.0,0.0,0.0,0.0,0,0,0,0,0,0.0061838626861572,0.0,0.0,0.0,0.0,0.0,0.0,0.0,0.0,0.0,0.0,0.0,0.0,0.0,1.0,1.0,5802,575,586,580.2,4.077035960378842,580.2,0.000743293762207,10,0.0405671213688199,17.1875
0.0,47,63.5,936.688552414132,0.0,0.0,0.0,0.0,0.0,0.0,0.0,0,0,0,0,0,0.0106759071350097,0.0,0.0,0.0,0.0,0.0,0.0,0.0,0.0,0.0,0.0,0.0,0.0,0.0,1.0,1.0,5822,581,583,582.2,1.0327955589886446,582.2,0.0011260032653808,10,0.0291022395989096,1.0
0.0,47,63.5,2552.211269319703,0.0,0.0,0.0,0.0,0.0,0.0,0.0,0,0,0,0,0,0.003918170928955,0.0,0.0,0.0,0.0,0.0,0.0,0.0,0.0,0.0,0.0,0.0,0.0,0.0,1.0,1.0,5340,420,584,534.0,64.86567316813691,534.0,0.0003934144973754,10,0.3294701306217723,5940.666666666667
0.0,47,63.5,10954.045442674327,0.0,0.0,0.0,0.0,0.0,0.0,0.0,0,0,0,0,0,0.0009129047393798,0.0,0.0,0.0,0.0,0.0,0.0,0.0,0.0,0.0,0.0,0.0,0.0,0.0,1.0,1.0,5260,509,539,526.0,11.175369742826806,526.0,9.388923645019532e-05,10,0.1559312786184379,112.4
0.0,47,63.5,5165.399014778325,0.0,0.0,0.0,0.0,0.0,0.0,0.0,0,0,0,0,0,0.0019359588623046,0.0,0.0,0.0,0.0,0.0,0.0,0.0,0.0,0.0,0.0,0.0,0.0,0.0,1.0,1.0,5220,514,537,522.0,8.819171036881968,522.0,0.0001962900161743,10,0.1464508075135842,88.22222222222223
0.0,47,63.5,2942.1324354657686,0.0,0.0,0.0,0.0,0.0,0.0,0.0,0,0,0,0,0,0.0033988952636718,0.0,0.0,0.0,0.0,0.0,0.0,0.0,0.0,0.0,0.0,0.0,0.0,0.0,1.0,1.0,5194,508,529,519.4,7.167829363048326,519.4,0.0005834102630615,10,0.1560028969693314,57.1875
0.0,47,63.5,2217.2141460062376,0.0,0.0,0.0,0.0,0.0,0.0,0.0,0,0,0,0,0,0.0045101642608642,0.0,0.0,0.0,0.0,0.0,0.0,0.0,0.0,0.0,0.0,0.0,0.0,0.0,1.0,1.0,5408,500,591,540.8,32.852532457770884,540.8,0.0006189107894897,10,0.1800988576219975,1193.1875
0.0,47,63.5,1913.5471508736712,0.0,0.0,0.0,0.0,0.0,0.0,0.0,0,0,0,0,0,0.0052258968353271,0.0,0.0,0.0,0.0,0.0,0.0,0.0,0.0,0.0,0.0,0.0,0.0,0.0,1.0,1.0,5458,540,555,545.8,5.266244708835067,545.8,0.0005963802337646,10,0.1006961074445911,31.1875
0.0,47,63.5,1748.8654463578368,0.0,0.0,0.0,0.0,0.0,0.0,0.0,0,0,0,0,0,0.0057179927825927,0.0,0.0,0.0,0.0,0.0,0.0,0.0,0.0,0.0,0.0,0.0,0.0,0.0,1.0,1.0,5488,544,553,548.8,4.184627953726724,548.8,0.0006402969360351,10,0.09343898004323,15.76
0.0,47,63.5,73584.28070175438,0.0,0.0,0.0,0.0,0.0,0.0,0.0,0,0,0,0,0,0.0001358985900878,0.0,0.0,0.0,0.0,0.0,0.0,0.0,0.0,0.0,0.0,0.0,0.0,0.0,1.0,1.0,5466,544,550,546.6,2.1705094128132942,546.6,1.590251922607422e-05,10,0.0926185087144036,6.0
0.0,47,63.5,835.3356834159846,0.0,0.0,0.0,0.0,0.0,0.0,0.0,0,0,0,0,0,0.0119712352752685,0.0,0.0,0.0,0.0,0.0,0.0,0.0,0.0,0.0,0.0,0.0,0.0,0.0,1.0,1.0,5656,547,578,565.6,15.586318787107276,565.6,0.0011987209320068,10,0.092971182821116,225.25
0.0,47,63.5,110086.719160105,0.0,0.0,0.0,0.0,0.0,0.0,0.0,0,0,0,0,0,9.083747863769533e-05,0.0,0.0,0.0,0.0,0.0,0.0,0.0,0.0,0.0,0.0,0.0,0.0,0.0,1.0,1.0,5780,578,578,578.0,0.0,578.0,1.0776519775390626e-05,10,0.0,0.0
0.0,47,63.5,87018.75518672199,0.0,0.0,0.0,0.0,0.0,0.0,0.0,0,0,0,0,0,0.0001149177551269,0.0,0.0,0.0,0.0,0.0,0.0,0.0,0.0,0.0,0.0,0.0,0.0,0.0,1.0,1.0,5780,578,578,578.0,0.0,578.0,9.870529174804688e-05,10,0.0,0.0
0.0,47,63.5,109798.5340314136,0.0,0.0,0.0,0.0,0.0,0.0,0.0,0,0,0,0,0,9.107589721679688e-05,0.0,0.0,0.0,0.0,0.0,0.0,0.0,0.0,0.0,0.0,0.0,0.0,0.0,1.0,1.0,5780,578,578,578.0,0.0,578.0,1.0609626770019531e-05,10,0.0,0.0
0.0,47,63.5,664.9392815244618,0.0,0.0,0.0,0.0,0.0,0.0,0.0,0,0,0,0,0,0.0150389671325683,0.0,0.0,0.0,0.0,0.0,0.0,0.0,0.0,0.0,0.0,0.0,0.0,0.0,1.0,1.0,5780,578,578,578.0,0.0,578.0,0.0015054941177368,10,0.0,0.0
0.0,47,63.5,31.46880544999606,0.0,0.0,0.0,0.0,0.0,0.0,0.0,0,0,0,0,0,0.317775011062622,0.0,0.0,0.0,0.0,0.0,0.0,0.0,0.0,0.0,0.0,0.0,0.0,0.0,1.0,1.0,5780,578,578,578.0,0.0,578.0,0.0355683088302612,10,0.0,0.0
0.0,47,63.5,41.00512966907915,0.0,0.0,0.0,0.0,0.0,0.0,0.0,0,0,0,0,0,0.2438719272613525,0.0,0.0,0.0,0.0,0.0,0.0,0.0,0.0,0.0,0.0,0.0,0.0,0.0,1.0,1.0,5780,578,578,578.0,0.0,578.0,0.0255170822143554,10,0.0,0.0
0.0,47,63.5,41.11554847146333,0.0,0.0,0.0,0.0,0.0,0.0,0.0,0,0,0,0,0,0.2432169914245605,0.0,0.0,0.0,0.0,0.0,0.0,0.0,0.0,0.0,0.0,0.0,0.0,0.0,1.0,1.0,5780,578,578,578.0,0.0,578.0,0.0250182151794433,10,0.0,0.0
0.0,47,63.5,75.73857818980945,0.0,0.0,0.0,0.0,0.0,0.0,0.0,0,0,0,0,0,0.132033109664917,0.0,0.0,0.0,0.0,0.0,0.0,0.0,0.0,0.0,0.0,0.0,0.0,0.0,1.0,1.0,5780,578,578,578.0,0.0,578.0,0.0145730972290039,10,0.0,0.0
0.0,47,63.5,1273.393648673265,0.0,0.0,0.0,0.0,0.0,0.0,0.0,0,0,0,0,0,0.0078530311584472,0.0,0.0,0.0,0.0,0.0,0.0,0.0,0.0,0.0,0.0,0.0,0.0,0.0,1.0,1.0,5780,578,578,578.0,0.0,578.0,0.0010003089904785,10,0.0,0.0
0.0,47,63.5,360.7258716480039,0.0,0.0,0.0,0.0,0.0,0.0,0.0,0,0,0,0,0,0.027721881866455,0.0,0.0,0.0,0.0,0.0,0.0,0.0,0.0,0.0,0.0,0.0,0.0,0.0,1.0,1.0,5780,578,578,578.0,0.0,578.0,0.0032688856124877,10,0.0,0.0
0.0,47,63.5,439.6959880911197,0.0,0.0,0.0,0.0,0.0,0.0,0.0,0,0,0,0,0,0.0227429866790771,0.0,0.0,0.0,0.0,0.0,0.0,0.0,0.0,0.0,0.0,0.0,0.0,0.0,1.0,1.0,5780,578,578,578.0,0.0,578.0,0.0029127120971679,10,0.0,0.0
0.0,47,63.5,129854.61300309598,0.0,0.0,0.0,0.0,0.0,0.0,0.0,0,0,0,0,0,7.700920104980469e-05,0.0,0.0,0.0,0.0,0.0,0.0,0.0,0.0,0.0,0.0,0.0,0.0,0.0,1.0,1.0,5672,526,600,567.2,26.58654630531097,567.2,0.0001631021499633,10,0.1332389655029314,740.75
0.0,47,63.5,192399.26605504588,0.0,0.0,0.0,0.0,0.0,0.0,0.0,0,0,0,0,0,5.197525024414063e-05,0.0,0.0,0.0,0.0,0.0,0.0,0.0,0.0,0.0,0.0,0.0,0.0,0.0,1.0,1.0,5548,549,561,554.8,4.825856285561029,554.8,6.079673767089844e-06,10,0.0851795408164862,20.96
0.0,47,63.5,1729.1820580474937,0.0,0.0,0.0,0.0,0.0,0.0,0.0,0,0,0,0,0,0.0057830810546875,0.0,0.0,0.0,0.0,0.0,0.0,0.0,0.0,0.0,0.0,0.0,0.0,0.0,1.0,1.0,5532,549,558,553.2,3.852848873813304,553.2,0.0005792140960693,10,0.0847831765172366,13.36
0.0,47,63.5,1149.6913546406447,0.0,0.0,0.0,0.0,0.0,0.0,0.0,0,0,0,0,0,0.0086979866027832,0.0,0.0,0.0,0.0,0.0,0.0,0.0,0.0,0.0,0.0,0.0,0.0,0.0,1.0,1.0,5522,551,555,552.2,1.5491933384829668,552.2,0.001075005531311,10,0.0804364993983644,2.16
0.0,47,63.5,3776.270820203475,0.0,0.0,0.0,0.0,0.0,0.0,0.0,0,0,0,0,0,0.002648115158081,0.0,0.0,0.0,0.0,0.0,0.0,0.0,0.0,0.0,0.0,0.0,0.0,0.0,1.0,1.0,5792,553,634,579.2,30.741936612169813,579.2,0.0003751993179321,10,0.0889201952983335,1062.1875
0.0,47,63.5,1931.9686780285583,0.0,0.0,0.0,0.0,0.0,0.0,0.0,0,0,0,0,0,0.0051760673522949,0.0,0.0,0.0,0.0,0.0,0.0,0.0,0.0,0.0,0.0,0.0,0.0,0.0,1.0,1.0,5802,575,582,580.2,2.780887148615228,580.2,0.000754690170288,10,0.0400391221888599,8.5
0.0,47,63.5,2135.3752163730783,0.0,0.0,0.0,0.0,0.0,0.0,0.0,0,0,0,0,0,0.0046830177307128,0.0,0.0,0.0,0.0,0.0,0.0,0.0,0.0,0.0,0.0,0.0,0.0,0.0,1.0,1.0,5814,578,587,581.4,3.3065591380365986,581.4,0.0006608963012695,10,0.0351408699304705,12.25
0.0,47,63.5,1343.8974687600128,0.0,0.0,0.0,0.0,0.0,0.0,0.0,0,0,0,0,0,0.0074410438537597,0.0,0.0,0.0,0.0,0.0,0.0,0.0,0.0,0.0,0.0,0.0,0.0,0.0,1.0,1.0,5786,576,582,578.6,2.6331223544175333,578.6,0.0007465124130249,10,0.0382747987222955,6.24
0.0,47,63.5,8305.552475247525,0.0,0.0,0.0,0.0,0.0,0.0,0.0,0,0,0,0,0,0.0012040138244628,0.0,0.0,0.0,0.0,0.0,0.0,0.0,0.0,0.0,0.0,0.0,0.0,0.0,1.0,1.0,5808,545,614,580.8,23.241724931204608,580.8,0.0004029989242553,10,0.0994979490679755,607.5
0.0,47,63.5,834.4548782428776,0.0,0.0,0.0,0.0,0.0,0.0,0.0,0,0,0,0,0,0.0119838714599609,0.0,0.0,0.0,0.0,0.0,0.0,0.0,0.0,0.0,0.0,0.0,0.0,0.0,1.0,1.0,5748,573,578,574.8,1.932183566158592,574.8,0.0014036893844604,10,0.0431016542975103,4.1875
0.0,47,63.5,3571.14005959983,0.0,0.0,0.0,0.0,0.0,0.0,0.0,0,0,0,0,0,0.0028002262115478,0.0,0.0,0.0,0.0,0.0,0.0,0.0,0.0,0.0,0.0,0.0,0.0,0.0,1.0,1.0,5792,575,585,579.2,3.9665266081716046,579.2,0.0002822160720825,10,0.0405221042791048,17.25
0.0,47,63.5,107546.2564102564,0.0,0.0,0.0,0.0,0.0,0.0,0.0,0,0,0,0,0,9.298324584960938e-05,0.0,0.0,0.0,0.0,0.0,0.0,0.0,0.0,0.0,0.0,0.0,0.0,0.0,1.0,1.0,5766,575,580,576.6,2.1705094128132942,576.6,1.0991096496582032e-05,10,0.0397904787144036,4.5
0.0,47,63.5,1711.1227154046996,0.0,0.0,0.0,0.0,0.0,0.0,0.0,0,0,0,0,0,0.0058441162109375,0.0,0.0,0.0,0.0,0.0,0.0,0.0,0.0,0.0,0.0,0.0,0.0,0.0,1.0,1.0,5780,577,579,578.0,0.6666666666666666,578.0,0.0005866050720214,10,0.0,1.0
0.0,47,63.5,2431.3396324850733,0.0,0.0,0.0,0.0,0.0,0.0,0.0,0,0,0,0,0,0.004112958908081,0.0,0.0,0.0,0.0,0.0,0.0,0.0,0.0,0.0,0.0,0.0,0.0,0.0,1.0,1.0,5780,578,578,578.0,0.0,578.0,0.0004133939743041,10,0.0,0.0
0.0,47,63.5,476.2141786638812,0.0,0.0,0.0,0.0,0.0,0.0,0.0,0,0,0,0,0,0.0209989547729492,0.0,0.0,0.0,0.0,0.0,0.0,0.0,0.0,0.0,0.0,0.0,0.0,0.0,1.0,1.0,5780,578,578,578.0,0.0,578.0,0.0021018981933593,10,0.0,0.0
0.0,47,63.5,60611.32947976879,0.0,0.0,0.0,0.0,0.0,0.0,0.0,0,0,0,0,0,0.0001649856567382,0.0,0.0,0.0,0.0,0.0,0.0,0.0,0.0,0.0,0.0,0.0,0.0,0.0,1.0,1.0,5780,578,578,578.0,0.0,578.0,2.009868621826172e-05,10,0.0,0.0
0.0,47,63.5,63358.0664652568,0.0,0.0,0.0,0.0,0.0,0.0,0.0,0,0,0,0,0,0.0001578330993652,0.0,0.0,0.0,0.0,0.0,0.0,0.0,0.0,0.0,0.0,0.0,0.0,0.0,1.0,1.0,5476,474,581,547.6,44.23472743344431,547.6,1.8191337585449215e-05,10,0.2290428885672878,2403.555555555556
0.0,47,63.5,1773.3400980889564,0.0,0.0,0.0,0.0,0.0,0.0,0.0,0,0,0,0,0,0.0056390762329101,0.0,0.0,0.0,0.0,0.0,0.0,0.0,0.0,0.0,0.0,0.0,0.0,0.0,1.0,1.0,5344,523,542,534.4,8.23542483556387,534.4,0.0005706071853637,10,0.1308758426610153,72.25
0.0,47,63.5,600.3097224806423,0.0,0.0,0.0,0.0,0.0,0.0,0.0,0,0,0,0,0,0.016658067703247,0.0,0.0,0.0,0.0,0.0,0.0,0.0,0.0,0.0,0.0,0.0,0.0,0.0,1.0,1.0,5320,526,540,532.0,4.944132324730441,532.0,0.0016674995422363,10,0.1244227117438021,27.5
0.0,47,63.5,145131.62629757787,0.0,0.0,0.0,0.0,0.0,0.0,0.0,0,0,0,0,0,6.890296936035156e-05,0.0,0.0,0.0,0.0,0.0,0.0,0.0,0.0,0.0,0.0,0.0,0.0,0.0,1.0,1.0,5382,529,553,538.2,9.942054337230532,538.2,8.797645568847656e-06,10,0.1213462752548142,88.96000000000001
0.0,47,63.5,121927.44186046511,0.0,0.0,0.0,0.0,0.0,0.0,0.0,0,0,0,0,0,8.20159912109375e-05,0.0,0.0,0.0,0.0,0.0,0.0,0.0,0.0,0.0,0.0,0.0,0.0,0.0,1.0,1.0,5638,541,578,563.8,18.359375443262405,563.8,9.41753387451172e-06,10,0.1043255951805674,316.1875
0.0,47,63.5,943.112450250714,0.0,0.0,0.0,0.0,0.0,0.0,0.0,0,0,0,0,0,0.0106031894683837,0.0,0.0,0.0,0.0,0.0,0.0,0.0,0.0,0.0,0.0,0.0,0.0,0.0,1.0,1.0,5780,578,578,578.0,0.0,578.0,0.0010622978210449,10,0.0,0.0
0.0,47,63.5,653.939724660503,0.0,0.0,0.0,0.0,0.0,0.0,0.0,0,0,0,0,0,0.0152919292449951,0.0,0.0,0.0,0.0,0.0,0.0,0.0,0.0,0.0,0.0,0.0,0.0,0.0,1.0,1.0,5780,578,578,578.0,0.0,578.0,0.0015721797943115,10,0.0,0.0
0.0,47,63.5,188085.38116591927,0.0,0.0,0.0,0.0,0.0,0.0,0.0,0,0,0,0,0,5.316734313964844e-05,0.0,0.0,0.0,0.0,0.0,0.0,0.0,0.0,0.0,0.0,0.0,0.0,0.0,1.0,1.0,5780,578,578,578.0,0.0,578.0,6.318092346191406e-06,10,0.0,0.0
0.0,47,63.5,155922.08178438662,0.0,0.0,0.0,0.0,0.0,0.0,0.0,0,0,0,0,0,6.413459777832031e-05,0.0,0.0,0.0,0.0,0.0,0.0,0.0,0.0,0.0,0.0,0.0,0.0,0.0,1.0,1.0,5482,470,580,548.2,44.91176534792044,548.2,7.200241088867187e-06,10,0.2361352067321288,2592.0
0.0,47,63.5,161319.38461538462,0.0,0.0,0.0,0.0,0.0,0.0,0.0,0,0,0,0,0,6.198883056640625e-05,0.0,0.0,0.0,0.0,0.0,0.0,0.0,0.0,0.0,0.0,0.0,0.0,0.0,1.0,1.0,5276,510,540,527.6,11.403703102257811,527.6,7.081031799316406e-06,10,0.1543201624957358,119.1358024691358
0.0,47,63.5,113666.77506775068,0.0,0.0,0.0,0.0,0.0,0.0,0.0,0,0,0,0,0,8.797645568847656e-05,0.0,0.0,0.0,0.0,0.0,0.0,0.0,0.0,0.0,0.0,0.0,0.0,0.0,1.0,1.0,5326,529,538,532.6,3.921450978627398,532.6,1.0418891906738282e-05,10,0.1188937222706536,14.888888888888888
0.0,47,63.5,490.7053524422346,0.0,0.0,0.0,0.0,0.0,0.0,0.0,0,0,0,0,0,0.020378828048706,0.0,0.0,0.0,0.0,0.0,0.0,0.0,0.0,0.0,0.0,0.0,0.0,0.0,1.0,1.0,5360,527,548,536.0,9.189365834726814,536.0,0.0020393848419189,10,0.1244479200664342,110.25
0.0,47,63.5,119156.36363636365,0.0,0.0,0.0,0.0,0.0,0.0,0.0,0,0,0,0,0,8.392333984375e-05,0.0,0.0,0.0,0.0,0.0,0.0,0.0,0.0,0.0,0.0,0.0,0.0,0.0,1.0,1.0,5638,533,614,563.8,30.95085710534613,563.8,1.1897087097167968e-05,10,0.1230879011504338,1005.5
0.0,47,63.5,133152.50793650793,0.0,0.0,0.0,0.0,0.0,0.0,0.0,0,0,0,0,0,7.510185241699219e-05,0.0,0.0,0.0,0.0,0.0,0.0,0.0,0.0,0.0,0.0,0.0,0.0,0.0,1.0,1.0,5772,575,579,577.2,1.5491933384829668,577.2,9.512901306152343e-06,10,0.0395373793983644,2.16
0.0,47,63.5,126334.4578313253,0.0,0.0,0.0,0.0,0.0,0.0,0.0,0,0,0,0,0,7.915496826171875e-05,0.0,0.0,0.0,0.0,0.0,0.0,0.0,0.0,0.0,0.0,0.0,0.0,0.0,1.0,1.0,5788,576,581,578.8,1.8135294011647256,578.8,9.202957153320313e-06,10,0.0379409293368585,2.96
0.0,47,63.5,120525.97701149424,0.0,0.0,0.0,0.0,0.0,0.0,0.0,0,0,0,0,0,8.296966552734375e-05,0.0,0.0,0.0,0.0,0.0,0.0,0.0,0.0,0.0,0.0,0.0,0.0,0.0,1.0,1.0,5756,572,578,575.6,2.1705094128132942,575.6,9.393692016601562e-06,10,0.0449028687144036,4.24
0.0,47,63.5,2206.5993265993266,0.0,0.0,0.0,0.0,0.0,0.0,0.0,0,0,0,0,0,0.0045318603515625,0.0,0.0,0.0,0.0,0.0,0.0,0.0,0.0,0.0,0.0,0.0,0.0,0.0,1.0,1.0,5314,420,581,531.4,62.583632933148834,531.4,0.0004545927047729,10,0.3285405187116476,5456.222222222223
0.0,47,63.5,722.1722137089138,0.0,0.0,0.0,0.0,0.0,0.0,0.0,0,0,0,0,0,0.0138471126556396,0.0,0.0,0.0,0.0,0.0,0.0,0.0,0.0,0.0,0.0,0.0,0.0,0.0,1.0,1.0,5178,505,527,517.8,8.829244336609761,517.8,0.0013934135437011,10,0.1617920809729613,70.16
0.0,47,63.5,2042.1169482448024,0.0,0.0,0.0,0.0,0.0,0.0,0.0,0,0,0,0,0,0.0048968791961669,0.0,0.0,0.0,0.0,0.0,0.0,0.0,0.0,0.0,0.0,0.0,0.0,0.0,1.0,1.0,5210,513,529,521.0,7.333333333333333,521.0,0.0004921913146972,10,0.1475496666666666,64.0
0.0,47,63.5,627.3545028942369,0.0,0.0,0.0,0.0,0.0,0.0,0.0,0,0,0,0,0,0.0159399509429931,0.0,0.0,0.0,0.0,0.0,0.0,0.0,0.0,0.0,0.0,0.0,0.0,0.0,1.0,1.0,5260,507,548,526.0,14.681810363696826,526.0,0.0015960931777954,10,0.1607679222697556,194.0
0.0,47,63.5,953.4676062741532,0.0,0.0,0.0,0.0,0.0,0.0,0.0,0,0,0,0,0,0.0104880332946777,0.0,0.0,0.0,0.0,0.0,0.0,0.0,0.0,0.0,0.0,0.0,0.0,0.0,1.0,1.0,5314,477,582,531.4,35.76839076304353,531.4,0.0010513067245483,10,0.2204816516612334,1381.5
0.0,47,63.5,84054.1883767535,0.0,0.0,0.0,0.0,0.0,0.0,0.0,0,0,0,0,0,0.0001189708709716,0.0,0.0,0.0,0.0,0.0,0.0,0.0,0.0,0.0,0.0,0.0,0.0,0.0,1.0,1.0,5334,522,542,533.4,7.471427053931679,533.4,1.4495849609375e-05,10,0.1322687505246896,100.0
0.0,47,63.5,85423.7067209776,0.0,0.0,0.0,0.0,0.0,0.0,0.0,0,0,0,0,0,0.0001170635223388,0.0,0.0,0.0,0.0,0.0,0.0,0.0,0.0,0.0,0.0,0.0,0.0,0.0,1.0,1.0,5482,539,553,548.2,5.266244708835067,548.2,1.3709068298339844e-05,10,0.102400237444591,32.0
0.0,47,63.5,249.32703224847677,0.0,0.0,0.0,0.0,0.0,0.0,0.0,0,0,0,0,0,0.0401079654693603,0.0,0.0,0.0,0.0,0.0,0.0,0.0,0.0,0.0,0.0,0.0,0.0,0.0,1.0,1.0,5436,527,553,543.6,9.697651491183027,543.6,0.0040127992630004,10,0.1246549753114482,105.1875
0.0,47,63.5,65331.83800623053,0.0,0.0,0.0,0.0,0.0,0.0,0.0,0,0,0,0,0,0.0001530647277832,0.0,0.0,0.0,0.0,0.0,0.0,0.0,0.0,0.0,0.0,0.0,0.0,0.0,1.0,1.0,5284,457,575,528.4,40.9964768133935,528.4,1.900196075439453e-05,10,0.2566939647947039,1890.6875
0.0,47,63.5,46091.25274725275,0.0,0.0,0.0,0.0,0.0,0.0,0.0,0,0,0,0,0,0.0002169609069824,0.0,0.0,0.0,0.0,0.0,0.0,0.0,0.0,0.0,0.0,0.0,0.0,0.0,1.0,1.0,5394,529,548,539.4,6.915361322607968,539.4,2.4890899658203126e-05,10,0.1201133215883776,60.66666666666666
0.0,47,63.5,55553.69536423841,0.0,0.0,0.0,0.0,0.0,0.0,0.0,0,0,0,0,0,0.0001800060272216,0.0,0.0,0.0,0.0,0.0,0.0,0.0,0.0,0.0,0.0,0.0,0.0,0.0,1.0,1.0,5404,529,548,540.4,7.848566748139433,540.4,2.2101402282714844e-05,10,0.1204934721505221,90.25
0.0,47,63.5,1213.278565229968,0.0,0.0,0.0,0.0,0.0,0.0,0.0,0,0,0,0,0,0.008242130279541,0.0,0.0,0.0,0.0,0.0,0.0,0.0,0.0,0.0,0.0,0.0,0.0,0.0,1.0,1.0,5344,517,551,534.4,12.285492799775406,534.4,0.0008283138275146,10,0.1427504583469165,203.55555555555557
0.0,47,63.5,99156.12293144208,0.0,0.0,0.0,0.0,0.0,0.0,0.0,0,0,0,0,0,0.0001008510589599,0.0,0.0,0.0,0.0,0.0,0.0,0.0,0.0,0.0,0.0,0.0,0.0,0.0,1.0,1.0,5638,534,578,563.8,19.18795918741172,563.8,1.1682510375976562e-05,10,0.116592037054584,351.1875
0.0,47,63.5,112147.16577540108,0.0,0.0,0.0,0.0,0.0,0.0,0.0,0,0,0,0,0,8.916854858398438e-05,0.0,0.0,0.0,0.0,0.0,0.0,0.0,0.0,0.0,0.0,0.0,0.0,0.0,1.0,1.0,5780,578,578,578.0,0.0,578.0,1.0514259338378908e-05,10,0.0,0.0
0.0,47,63.5,17483.551479783244,0.0,0.0,0.0,0.0,0.0,0.0,0.0,0,0,0,0,0,0.0005719661712646,0.0,0.0,0.0,0.0,0.0,0.0,0.0,0.0,0.0,0.0,0.0,0.0,0.0,1.0,1.0,5780,578,578,578.0,0.0,578.0,5.879402160644531e-05,10,0.0,0.0
0.0,47,63.5,95325.09090909093,0.0,0.0,0.0,0.0,0.0,0.0,0.0,0,0,0,0,0,0.0001049041748046,0.0,0.0,0.0,0.0,0.0,0.0,0.0,0.0,0.0,0.0,0.0,0.0,0.0,1.0,1.0,5780,578,578,578.0,0.0,578.0,1.239776611328125e-05,10,0.0,0.0
0.0,47,63.5,77528.72458410352,0.0,0.0,0.0,0.0,0.0,0.0,0.0,0,0,0,0,0,0.0001289844512939,0.0,0.0,0.0,0.0,0.0,0.0,0.0,0.0,0.0,0.0,0.0,0.0,0.0,1.0,1.0,5322,420,578,532.2,62.95818718271146,532.2,1.4805793762207032e-05,10,0.3286930971307494,5547.555555555555
0.0,47,63.5,94254.02247191012,0.0,0.0,0.0,0.0,0.0,0.0,0.0,0,0,0,0,0,0.0001060962677001,0.0,0.0,0.0,0.0,0.0,0.0,0.0,0.0,0.0,0.0,0.0,0.0,0.0,1.0,1.0,5222,518,527,522.2,3.489667287547307,522.2,1.239776611328125e-05,10,0.1374632608662552,20.25
0.0,47,63.5,93414.3429844098,0.0,0.0,0.0,0.0,0.0,0.0,0.0,0,0,0,0,0,0.0001070499420166,0.0,0.0,0.0,0.0,0.0,0.0,0.0,0.0,0.0,0.0,0.0,0.0,0.0,1.0,1.0,5212,512,535,521.2,7.983315935958775,521.2,1.2493133544921876e-05,10,0.1495185735796722,59.44
0.0,47,63.5,119.61579703862564,0.0,0.0,0.0,0.0,0.0,0.0,0.0,0,0,0,0,0,0.0836009979248046,0.0,0.0,0.0,0.0,0.0,0.0,0.0,0.0,0.0,0.0,0.0,0.0,0.0,1.0,1.0,5250,522,529,525.0,2.581988897471611,525.0,0.0083620071411132,10,0.130276988997274,6.0
0.0,47,63.5,743.2755626439837,0.0,0.0,0.0,0.0,0.0,0.0,0.0,0,0,0,0,0,0.0134539604187011,0.0,0.0,0.0,0.0,0.0,0.0,0.0,0.0,0.0,0.0,0.0,0.0,0.0,1.0,1.0,5284,479,583,528.4,34.77930419085465,528.4,0.0026231050491333,10,0.2166704773551865,1360.6875
0.0,47,63.5,403.2092902531171,0.0,0.0,0.0,0.0,0.0,0.0,0.0,0,0,0,0,0,0.0248010158538818,0.0,0.0,0.0,0.0,0.0,0.0,0.0,0.0,0.0,0.0,0.0,0.0,0.0,1.0,1.0,5432,530,551,543.2,8.256983576208553,543.2,0.0027674913406372,10,0.1189557148296043,61.36
0.0,47,63.5,989.222641509434,0.0,0.0,0.0,0.0,0.0,0.0,0.0,0,0,0,0,0,0.0101089477539062,0.0,0.0,0.0,0.0,0.0,0.0,0.0,0.0,0.0,0.0,0.0,0.0,0.0,1.0,1.0,5422,532,553,542.2,9.02835040918944,542.2,0.0011291027069091,10,0.1158616788226874,73.36
0.0,47,63.5,4995.002977253781,0.0,0.0,0.0,0.0,0.0,0.0,0.0,0,0,0,0,0,0.0020020008087158,0.0,0.0,0.0,0.0,0.0,0.0,0.0,0.0,0.0,0.0,0.0,0.0,0.0,1.0,1.0,5380,532,545,538.0,4.47213595499958,538.0,0.000201392173767,10,0.1140056593026287,18.0
0.0,47,63.5,1258.7947178871548,0.0,0.0,0.0,0.0,0.0,0.0,0.0,0,0,0,0,0,0.007944107055664,0.0,0.0,0.0,0.0,0.0,0.0,0.0,0.0,0.0,0.0,0.0,0.0,0.0,1.0,1.0,5410,494,588,541.0,31.467796589882525,541.0,0.0007958173751831,10,0.1897595516188546,1111.1875
0.0,47,63.5,76398.97996357013,0.0,0.0,0.0,0.0,0.0,0.0,0.0,0,0,0,0,0,0.0001308917999267,0.0,0.0,0.0,0.0,0.0,0.0,0.0,0.0,0.0,0.0,0.0,0.0,0.0,1.0,1.0,5466,535,566,546.6,12.084884957848978,546.6,1.7690658569335938e-05,10,0.1119943987364293,180.2222222222222
0.0,47,63.5,1908.757622644944,0.0,0.0,0.0,0.0,0.0,0.0,0.0,0,0,0,0,0,0.0052390098571777,0.0,0.0,0.0,0.0,0.0,0.0,0.0,0.0,0.0,0.0,0.0,0.0,0.0,1.0,1.0,5410,533,557,541.0,9.018499505645789,541.0,0.0005255937576293,10,0.1141535359586199,73.4320987654321
0.0,47,63.5,86302.55144032922,0.0,0.0,0.0,0.0,0.0,0.0,0.0,0,0,0,0,0,0.0001158714294433,0.0,0.0,0.0,0.0,0.0,0.0,0.0,0.0,0.0,0.0,0.0,0.0,0.0,1.0,1.0,5430,534,550,543.0,6.394442031083626,543.0,1.3804435729980468e-05,10,0.1113804699057822,44.75
0.0,47,63.5,722.5454357525539,0.0,0.0,0.0,0.0,0.0,0.0,0.0,0,0,0,0,0,0.0138399600982666,0.0,0.0,0.0,0.0,0.0,0.0,0.0,0.0,0.0,0.0,0.0,0.0,0.0,1.0,1.0,5192,420,563,519.2,54.28893891842876,519.2,0.0013859987258911,10,0.3251615921578112,3560.222222222222
0.0,47,63.5,2236.127312470011,0.0,0.0,0.0,0.0,0.0,0.0,0.0,0,0,0,0,0,0.004472017288208,0.0,0.0,0.0,0.0,0.0,0.0,0.0,0.0,0.0,0.0,0.0,0.0,0.0,1.0,1.0,5226,512,531,522.6,6.415259585983684,522.6,0.0006752014160156,10,0.1488798101449463,90.25
0.0,47,63.5,2395.1027866605755,0.0,0.0,0.0,0.0,0.0,0.0,0.0,0,0,0,0,0,0.0041751861572265,0.0,0.0,0.0,0.0,0.0,0.0,0.0,0.0,0.0,0.0,0.0,0.0,0.0,1.0,1.0,5166,500,531,516.6,11.673331429659086,516.6,0.0004197120666503,10,0.1714712982911859,122.64
0.0,47,63.5,601.5408886211743,0.0,0.0,0.0,0.0,0.0,0.0,0.0,0,0,0,0,0,0.0166239738464355,0.0,0.0,0.0,0.0,0.0,0.0,0.0,0.0,0.0,0.0,0.0,0.0,0.0,1.0,1.0,5158,507,525,515.8,6.779052703405953,515.8,0.0016644954681396,10,0.1575486549092594,54.88888888888889
0.0,47,63.5,108660.72538860104,0.0,0.0,0.0,0.0,0.0,0.0,0.0,0,0,0,0,0,9.202957153320312e-05,0.0,0.0,0.0,0.0,0.0,0.0,0.0,0.0,0.0,0.0,0.0,0.0,0.0,1.0,1.0,5570,525,578,557.0,27.11293254355034,557.0,0.0001065969467163,10,0.1351575242009406,689.1875
0.0,47,63.5,110960.42328042327,0.0,0.0,0.0,0.0,0.0,0.0,0.0,0,0,0,0,0,9.012222290039062e-05,0.0,0.0,0.0,0.0,0.0,0.0,0.0,0.0,0.0,0.0,0.0,0.0,0.0,1.0,1.0,5780,578,578,578.0,0.0,578.0,1.0204315185546874e-05,10,0.0,0.0
0.0,47,63.5,153637.50915750916,0.0,0.0,0.0,0.0,0.0,0.0,0.0,0,0,0,0,0,6.508827209472656e-05,0.0,0.0,0.0,0.0,0.0,0.0,0.0,0.0,0.0,0.0,0.0,0.0,0.0,1.0,1.0,5780,578,578,578.0,0.0,578.0,7.891654968261719e-06,10,0.0,0.0
0.0,47,63.5,188932.6126126126,0.0,0.0,0.0,0.0,0.0,0.0,0.0,0,0,0,0,0,5.292892456054688e-05,0.0,0.0,0.0,0.0,0.0,0.0,0.0,0.0,0.0,0.0,0.0,0.0,0.0,1.0,1.0,5780,578,578,578.0,0.0,578.0,6.389617919921875e-06,10,0.0,0.0
0.0,47,63.5,161319.38461538462,0.0,0.0,0.0,0.0,0.0,0.0,0.0,0,0,0,0,0,6.198883056640625e-05,0.0,0.0,0.0,0.0,0.0,0.0,0.0,0.0,0.0,0.0,0.0,0.0,0.0,1.0,1.0,5884,574,637,588.4,25.66969679083361,588.4,7.009506225585937e-06,10,0.0510672376847139,685.1875
0.0,47,63.5,1230.2898040596035,0.0,0.0,0.0,0.0,0.0,0.0,0.0,0,0,0,0,0,0.0081281661987304,0.0,0.0,0.0,0.0,0.0,0.0,0.0,0.0,0.0,0.0,0.0,0.0,0.0,1.0,1.0,5794,574,586,579.4,5.059644256269407,579.4,0.0008767127990722,10,0.0426715266842338,23.04
0.0,47,63.5,561.9528926284198,0.0,0.0,0.0,0.0,0.0,0.0,0.0,0,0,0,0,0,0.0177950859069824,0.0,0.0,0.0,0.0,0.0,0.0,0.0,0.0,0.0,0.0,0.0,0.0,0.0,1.0,1.0,5784,574,583,578.4,3.921450978627398,578.4,0.001780891418457,10,0.0422078722706536,13.84
0.0,47,63.5,719.2742613139437,0.0,0.0,0.0,0.0,0.0,0.0,0.0,0,0,0,0,0,0.0139029026031494,0.0,0.0,0.0,0.0,0.0,0.0,0.0,0.0,0.0,0.0,0.0,0.0,0.0,1.0,1.0,5810,577,586,581.0,3.4641016151377544,581.0,0.001393985748291,10,0.0369091764339425,10.8
0.0,47,63.5,64133.08868501529,0.0,0.0,0.0,0.0,0.0,0.0,0.0,0,0,0,0,0,0.0001559257507324,0.0,0.0,0.0,0.0,0.0,0.0,0.0,0.0,0.0,0.0,0.0,0.0,0.0,1.0,1.0,5578,497,589,557.8,37.1088488997795,557.8,1.8906593322753906e-05,10,0.1869451006878142,1606.222222222222
0.0,47,63.5,1101.6768228619458,0.0,0.0,0.0,0.0,0.0,0.0,0.0,0,0,0,0,0,0.0090770721435546,0.0,0.0,0.0,0.0,0.0,0.0,0.0,0.0,0.0,0.0,0.0,0.0,0.0,1.0,1.0,5400,526,554,540.0,9.775252199076789,540.0,0.000910210609436,10,0.1263907167358159,106.25
0.0,47,63.5,2515.777351247601,0.0,0.0,0.0,0.0,0.0,0.0,0.0,0,0,0,0,0,0.0039749145507812,0.0,0.0,0.0,0.0,0.0,0.0,0.0,0.0,0.0,0.0,0.0,0.0,0.0,1.0,1.0,5400,531,551,540.0,8.110350040397625,540.0,0.0004010915756225,10,0.1171918521924563,59.72839506172839
0.0,47,63.5,2390.597891137076,0.0,0.0,0.0,0.0,0.0,0.0,0.0,0,0,0,0,0,0.0041830539703369,0.0,0.0,0.0,0.0,0.0,0.0,0.0,0.0,0.0,0.0,0.0,0.0,0.0,1.0,1.0,5530,544,575,553.0,11.944315244779276,553.0,0.0004192113876342,10,0.0965999662581132,225.0
0.0,47,63.5,10491.005502751375,0.0,0.0,0.0,0.0,0.0,0.0,0.0,0,0,0,0,0,0.000953197479248,0.0,0.0,0.0,0.0,0.0,0.0,0.0,0.0,0.0,0.0,0.0,0.0,0.0,1.0,1.0,5502,520,598,550.2,27.891854645318148,550.2,0.0004683017730712,10,0.1439954759083168,870.6875
0.0,47,63.5,271.82786779001947,0.0,0.0,0.0,0.0,0.0,0.0,0.0,0,0,0,0,0,0.036787986755371,0.0,0.0,0.0,0.0,0.0,0.0,0.0,0.0,0.0,0.0,0.0,0.0,0.0,1.0,1.0,5548,551,559,554.8,3.011090610836324,554.8,0.0045761823654174,10,0.0810320178712303,8.16
0.0,47,63.5,67108.864,0.0,0.0,0.0,0.0,0.0,0.0,0.0,0,0,0,0,0,0.0001490116119384,0.0,0.0,0.0,0.0,0.0,0.0,0.0,0.0,0.0,0.0,0.0,0.0,0.0,1.0,1.0,5530,549,557,553.0,3.197221015541813,553.0,1.7404556274414062e-05,10,0.0845160999528911,10.888888888888888
0.0,47,63.5,66156.214511041,0.0,0.0,0.0,0.0,0.0,0.0,0.0,0,0,0,0,0,0.0001511573791503,0.0,0.0,0.0,0.0,0.0,0.0,0.0,0.0,0.0,0.0,0.0,0.0,0.0,1.0,1.0,5502,544,556,550.2,4.289522117905444,550.2,1.7714500427246093e-05,10,0.0934817097299499,16.560000000000002
0.0,47,63.5,58416.49025069638,0.0,0.0,0.0,0.0,0.0,0.0,0.0,0,0,0,0,0,0.0001711845397949,0.0,0.0,0.0,0.0,0.0,0.0,0.0,0.0,0.0,0.0,0.0,0.0,0.0,1.0,1.0,5730,547,619,573.0,27.284509239574835,573.0,1.959800720214844e-05,10,0.0977365576838332,806.25
0.0,47,63.5,62137.83703703704,0.0,0.0,0.0,0.0,0.0,0.0,0.0,0,0,0,0,0,0.0001609325408935,0.0,0.0,0.0,0.0,0.0,0.0,0.0,0.0,0.0,0.0,0.0,0.0,0.0,1.0,1.0,5780,574,583,578.0,3.944053188733077,578.0,1.8787384033203124e-05,10,0.0422170795069622,16.0
0.0,47,63.5,67541.12721417069,0.0,0.0,0.0,0.0,0.0,0.0,0.0,0,0,0,0,0,0.000148057937622,0.0,0.0,0.0,0.0,0.0,0.0,0.0,0.0,0.0,0.0,0.0,0.0,0.0,1.0,1.0,5786,575,582,578.6,2.7968235951204043,578.6,1.7213821411132813e-05,10,0.0400456140597083,8.666666666666666
0.0,47,63.5,104.52599129262416,0.0,0.0,0.0,0.0,0.0,0.0,0.0,0,0,0,0,0,0.0956699848175048,0.0,0.0,0.0,0.0,0.0,0.0,0.0,0.0,0.0,0.0,0.0,0.0,0.0,1.0,1.0,5796,573,582,579.6,3.565264521898917,579.6,0.0129918813705444,10,0.0437669061556407,11.44
0.0,47,63.5,266.4318882007305,0.0,0.0,0.0,0.0,0.0,0.0,0.0,0,0,0,0,0,0.0375330448150634,0.0,0.0,0.0,0.0,0.0,0.0,0.0,0.0,0.0,0.0,0.0,0.0,0.0,1.0,1.0,5300,420,578,530.0,62.847257519940975,530.0,0.0043944120407104,10,0.3286479088233232,5444.222222222223
0.0,47,63.5,848.6199291856348,0.0,0.0,0.0,0.0,0.0,0.0,0.0,0,0,0,0,0,0.0117838382720947,0.0,0.0,0.0,0.0,0.0,0.0,0.0,0.0,0.0,0.0,0.0,0.0,0.0,1.0,1.0,5178,505,527,517.8,7.583608053631933,517.8,0.001393985748291,10,0.1612846585767275,51.760000000000005
0.0,47,63.5,175493.8912133891,0.0,0.0,0.0,0.0,0.0,0.0,0.0,0,0,0,0,0,5.698204040527344e-05,0.0,0.0,0.0,0.0,0.0,0.0,0.0,0.0,0.0,0.0,0.0,0.0,0.0,1.0,1.0,5192,498,528,519.2,11.38029486046434,519.2,7.319450378417969e-06,10,0.1747601869143588,116.56
0.0,47,63.5,1233.50998441314,0.0,0.0,0.0,0.0,0.0,0.0,0.0,0,0,0,0,0,0.0081069469451904,0.0,0.0,0.0,0.0,0.0,0.0,0.0,0.0,0.0,0.0,0.0,0.0,0.0,1.0,1.0,5242,514,531,524.2,5.940445175985458,524.2,0.0011501789093017,10,0.1452781297468894,31.76
0.0,47,63.5,1299.3909352830012,0.0,0.0,0.0,0.0,0.0,0.0,0.0,0,0,0,0,0,0.0076959133148193,0.0,0.0,0.0,0.0,0.0,0.0,0.0,0.0,0.0,0.0,0.0,0.0,0.0,1.0,1.0,5590,518,618,559.0,39.6540596212348,559.0,0.0009035110473632,10,0.1521951877273062,1603.6875
0.0,47,63.5,870.4765067242238,0.0,0.0,0.0,0.0,0.0,0.0,0.0,0,0,0,0,0,0.0114879608154296,0.0,0.0,0.0,0.0,0.0,0.0,0.0,0.0,0.0,0.0,0.0,0.0,0.0,1.0,1.0,5798,575,584,579.8,3.22490309931942,579.8,0.0013488054275512,10,0.0402199965265388,20.25
0.0,47,63.5,331.20421990239896,0.0,0.0,0.0,0.0,0.0,0.0,0.0,0,0,0,0,0,0.0301928520202636,0.0,0.0,0.0,0.0,0.0,0.0,0.0,0.0,0.0,0.0,0.0,0.0,0.0,1.0,1.0,5792,574,582,579.2,2.936362072739365,579.2,0.0040578842163085,10,0.041806586453951,7.76
0.0,47,63.5,972.5696795436628,0.0,0.0,0.0,0.0,0.0,0.0,0.0,0,0,0,0,0,0.0102820396423339,0.0,0.0,0.0,0.0,0.0,0.0,0.0,0.0,0.0,0.0,0.0,0.0,0.0,1.0,1.0,5782,574,584,578.2,3.489667287547307,578.2,0.001971411705017,10,0.0420319808662552,13.25
0.0,47,63.5,1255.0281268701376,0.0,0.0,0.0,0.0,0.0,0.0,0.0,0,0,0,0,0,0.0079679489135742,0.0,0.0,0.0,0.0,0.0,0.0,0.0,0.0,0.0,0.0,0.0,0.0,0.0,1.0,1.0,5768,574,578,576.8,1.6865480854231354,576.8,0.0010901927947998,10,0.0412974622280779,2.7755102040816326
0.0,47,63.5,625.6980039979712,0.0,0.0,0.0,0.0,0.0,0.0,0.0,0,0,0,0,0,0.0159821510314941,0.0,0.0,0.0,0.0,0.0,0.0,0.0,0.0,0.0,0.0,0.0,0.0,0.0,1.0,1.0,5780,578,578,578.0,0.0,578.0,0.0020861148834228,10,0.0,0.0
0.0,47,63.5,397.5342154149448,0.0,0.0,0.0,0.0,0.0,0.0,0.0,0,0,0,0,0,0.0251550674438476,0.0,0.0,0.0,0.0,0.0,0.0,0.0,0.0,0.0,0.0,0.0,0.0,0.0,1.0,1.0,5780,578,578,578.0,0.0,578.0,0.0032047986984252,10,0.0,0.0
0.0,47,63.5,1482.348118042057,0.0,0.0,0.0,0.0,0.0,0.0,0.0,0,0,0,0,0,0.0067460536956787,0.0,0.0,0.0,0.0,0.0,0.0,0.0,0.0,0.0,0.0,0.0,0.0,0.0,1.0,1.0,5780,578,578,578.0,0.0,578.0,0.0011389970779418,10,0.0,0.0
0.0,47,63.5,1558.5834788748095,0.0,0.0,0.0,0.0,0.0,0.0,0.0,0,0,0,0,0,0.0064160823822021,0.0,0.0,0.0,0.0,0.0,0.0,0.0,0.0,0.0,0.0,0.0,0.0,0.0,1.0,1.0,5480,479,583,548.0,43.36409164786511,548.0,0.0008192062377929,10,0.2201675763736743,2178.0
0.0,47,63.5,5420.398035668131,0.0,0.0,0.0,0.0,0.0,0.0,0.0,0,0,0,0,0,0.0018448829650878,0.0,0.0,0.0,0.0,0.0,0.0,0.0,0.0,0.0,0.0,0.0,0.0,0.0,1.0,1.0,5456,534,561,545.6,10.46900186264192,545.6,0.0001860857009887,10,0.1130402825987658,122.0
0.0,47,63.5,849.032205825793,0.0,0.0,0.0,0.0,0.0,0.0,0.0,0,0,0,0,0,0.0117781162261962,0.0,0.0,0.0,0.0,0.0,0.0,0.0,0.0,0.0,0.0,0.0,0.0,0.0,1.0,1.0,5438,534,552,543.8,7.435649863252633,543.8,0.0011789083480834,10,0.1118046163282946,54.22222222222223
0.0,47,63.5,999.4052611513534,0.0,0.0,0.0,0.0,0.0,0.0,0.0,0,0,0,0,0,0.0100059509277343,0.0,0.0,0.0,0.0,0.0,0.0,0.0,0.0,0.0,0.0,0.0,0.0,0.0,1.0,1.0,5456,540,553,545.6,4.550946177566936,545.6,0.0010340929031372,10,0.1004047234348937,18.64
0.0,47,63.5,45245.9978425027,0.0,0.0,0.0,0.0,0.0,0.0,0.0,0,0,0,0,0,0.0002210140228271,0.0,0.0,0.0,0.0,0.0,0.0,0.0,0.0,0.0,0.0,0.0,0.0,0.0,1.0,1.0,5566,531,601,556.6,25.6003472198675,556.6,2.529621124267578e-05,10,0.1243165774434852,728.1875
0.0,47,63.5,49991.70441001192,0.0,0.0,0.0,0.0,0.0,0.0,0.0,0,0,0,0,0,0.0002000331878662,0.0,0.0,0.0,0.0,0.0,0.0,0.0,0.0,0.0,0.0,0.0,0.0,0.0,1.0,1.0,5566,555,562,556.6,2.875181153713044,556.6,2.4104118347167967e-05,10,0.0741601337947765,8.5
0.0,47,63.5,1400.201635787014,0.0,0.0,0.0,0.0,0.0,0.0,0.0,0,0,0,0,0,0.0071418285369873,0.0,0.0,0.0,0.0,0.0,0.0,0.0,0.0,0.0,0.0,0.0,0.0,0.0,1.0,1.0,5546,549,561,554.6,4.087922591134904,554.6,0.0007170915603637,10,0.0848789361467247,18.0
0.0,47,63.5,1073.2060795251011,0.0,0.0,0.0,0.0,0.0,0.0,0.0,0,0,0,0,0,0.0093178749084472,0.0,0.0,0.0,0.0,0.0,0.0,0.0,0.0,0.0,0.0,0.0,0.0,0.0,1.0,1.0,5556,551,562,555.6,3.747591819348053,555.6,0.0009361028671264,10,0.0813320390035296,12.64
0.0,47,63.5,53430.62420382166,0.0,0.0,0.0,0.0,0.0,0.0,0.0,0,0,0,0,0,0.0001871585845947,0.0,0.0,0.0,0.0,0.0,0.0,0.0,0.0,0.0,0.0,0.0,0.0,0.0,1.0,1.0,5550,513,595,555.0,27.430720815254645,555.0,2.0718574523925783e-05,10,0.1557365384313021,843.6875
0.0,47,63.5,810.0395913401186,0.0,0.0,0.0,0.0,0.0,0.0,0.0,0,0,0,0,0,0.0123450756072998,0.0,0.0,0.0,0.0,0.0,0.0,0.0,0.0,0.0,0.0,0.0,0.0,0.0,1.0,1.0,5506,546,554,550.6,3.238655413730965,550.6,0.0012369871139526,10,0.0896453686693374,9.44
0.0,47,63.5,81920.0,0.0,0.0,0.0,0.0,0.0,0.0,0.0,0,0,0,0,0,0.0001220703125,0.0,0.0,0.0,0.0,0.0,0.0,0.0,0.0,0.0,0.0,0.0,0.0,0.0,1.0,1.0,5488,545,551,548.8,2.250925735484551,548.8,1.5997886657714842e-05,10,0.090947137107607,4.5600000000000005
0.0,47,63.5,555.6473471550639,0.0,0.0,0.0,0.0,0.0,0.0,0.0,0,0,0,0,0,0.0179970264434814,0.0,0.0,0.0,0.0,0.0,0.0,0.0,0.0,0.0,0.0,0.0,0.0,0.0,1.0,1.0,5506,544,553,550.6,3.5023801430836525,550.6,0.0018018007278442,10,0.0931610595750865,11.04
0.0,47,63.5,1582.9951690821256,0.0,0.0,0.0,0.0,0.0,0.0,0.0,0,0,0,0,0,0.006317138671875,0.0,0.0,0.0,0.0,0.0,0.0,0.0,0.0,0.0,0.0,0.0,0.0,0.0,1.0,1.0,5566,526,600,556.6,25.31227194684648,556.6,0.0006359100341796,10,0.1327198771002674,716.75
0.0,47,63.5,107546.2564102564,0.0,0.0,0.0,0.0,0.0,0.0,0.0,0,0,0,0,0,9.298324584960938e-05,0.0,0.0,0.0,0.0,0.0,0.0,0.0,0.0,0.0,0.0,0.0,0.0,0.0,1.0,1.0,5532,549,559,553.2,3.794733192202055,553.2,1.1587142944335938e-05,10,0.0847595025131755,13.135802469135804
0.0,47,63.5,5521.727224855187,0.0,0.0,0.0,0.0,0.0,0.0,0.0,0,0,0,0,0,0.0018110275268554,0.0,0.0,0.0,0.0,0.0,0.0,0.0,0.0,0.0,0.0,0.0,0.0,0.0,1.0,1.0,5582,555,565,558.2,3.910100879630715,558.2,0.0001832008361816,10,0.0745817186943264,17.0
0.0,47,63.5,74631.743772242,0.0,0.0,0.0,0.0,0.0,0.0,0.0,0,0,0,0,0,0.000133991241455,0.0,0.0,0.0,0.0,0.0,0.0,0.0,0.0,0.0,0.0,0.0,0.0,0.0,1.0,1.0,5544,548,559,554.4,4.402019738458447,554.4,1.5401840209960936e-05,10,0.0867110167606584,30.25
0.0,47,63.5,1636.9293213128828,0.0,0.0,0.0,0.0,0.0,0.0,0.0,0,0,0,0,0,0.0061089992523193,0.0,0.0,0.0,0.0,0.0,0.0,0.0,0.0,0.0,0.0,0.0,0.0,0.0,1.0,1.0,5256,420,563,525.6,57.49048230407843,525.6,0.0007585048675537,10,0.3264657728713894,4332.666666666667
0.0,47,63.5,1450.964818210122,0.0,0.0,0.0,0.0,0.0,0.0,0.0,0,0,0,0,0,0.0068919658660888,0.0,0.0,0.0,0.0,0.0,0.0,0.0,0.0,0.0,0.0,0.0,0.0,0.0,1.0,1.0,5284,524,540,528.4,6.275171533733382,528.4,0.0006924867630004,10,0.1283731838759816,35.44
0.0,47,63.5,195995.5140186916,0.0,0.0,0.0,0.0,0.0,0.0,0.0,0,0,0,0,0,5.1021575927734375e-05,0.0,0.0,0.0,0.0,0.0,0.0,0.0,0.0,0.0,0.0,0.0,0.0,0.0,1.0,1.0,5252,511,531,525.2,7.612854625930772,525.2,6.008148193359375e-06,10,0.1510717924604192,64.8888888888889
0.0,47,63.5,1044.0604386030418,0.0,0.0,0.0,0.0,0.0,0.0,0.0,0,0,0,0,0,0.009577989578247,0.0,0.0,0.0,0.0,0.0,0.0,0.0,0.0,0.0,0.0,0.0,0.0,0.0,1.0,1.0,5262,521,537,526.2,6.051629716218783,526.2,0.0009587049484252,10,0.1333945118811989,32.96
0.0,47,63.5,62883.11844077961,0.0,0.0,0.0,0.0,0.0,0.0,0.0,0,0,0,0,0,0.0001590251922607,0.0,0.0,0.0,0.0,0.0,0.0,0.0,0.0,0.0,0.0,0.0,0.0,0.0,1.0,1.0,5534,511,578,553.4,31.96942984234227,553.4,0.0001527070999145,10,0.1609936869405765,960.6875
0.0,47,63.5,77528.72458410352,0.0,0.0,0.0,0.0,0.0,0.0,0.0,0,0,0,0,0,0.0001289844512939,0.0,0.0,0.0,0.0,0.0,0.0,0.0,0.0,0.0,0.0,0.0,0.0,0.0,1.0,1.0,5780,578,578,578.0,0.0,578.0,1.4901161193847656e-05,10,0.0,0.0
0.0,47,63.5,555.5516702429203,0.0,0.0,0.0,0.0,0.0,0.0,0.0,0,0,0,0,0,0.0180001258850097,0.0,0.0,0.0,0.0,0.0,0.0,0.0,0.0,0.0,0.0,0.0,0.0,0.0,1.0,1.0,5780,578,578,578.0,0.0,578.0,0.0043545007705688,10,0.0,0.0
0.0,47,63.5,108660.72538860104,0.0,0.0,0.0,0.0,0.0,0.0,0.0,0,0,0,0,0,9.202957153320312e-05,0.0,0.0,0.0,0.0,0.0,0.0,0.0,0.0,0.0,0.0,0.0,0.0,0.0,1.0,1.0,5780,578,578,578.0,0.0,578.0,1.080036163330078e-05,10,0.0,0.0
0.0,47,63.5,98922.2641509434,0.0,0.0,0.0,0.0,0.0,0.0,0.0,0,0,0,0,0,0.000101089477539,0.0,0.0,0.0,0.0,0.0,0.0,0.0,0.0,0.0,0.0,0.0,0.0,0.0,1.0,1.0,5332,420,578,533.2,62.81330361564429,533.2,1.1587142944335938e-05,10,0.3286340773608689,5547.555555555555
0.0,47,63.5,109798.5340314136,0.0,0.0,0.0,0.0,0.0,0.0,0.0,0,0,0,0,0,9.107589721679688e-05,0.0,0.0,0.0,0.0,0.0,0.0,0.0,0.0,0.0,0.0,0.0,0.0,0.0,1.0,1.0,5204,511,535,520.4,9.2520268049763,520.4,1.0704994201660156e-05,10,0.1517395256392752,77.03999999999999
0.0,47,63.5,844.0262405924257,0.0,0.0,0.0,0.0,0.0,0.0,0.0,0,0,0,0,0,0.011847972869873,0.0,0.0,0.0,0.0,0.0,0.0,0.0,0.0,0.0,0.0,0.0,0.0,0.0,1.0,1.0,5174,505,531,517.4,9.85675177508065,517.4,0.001186990737915,10,0.1622106464030968,87.44
0.0,47,63.5,63262.503770739066,0.0,0.0,0.0,0.0,0.0,0.0,0.0,0,0,0,0,0,0.0001580715179443,0.0,0.0,0.0,0.0,0.0,0.0,0.0,0.0,0.0,0.0,0.0,0.0,0.0,1.0,1.0,5164,501,525,516.4,9.057838839615354,516.4,1.971721649169922e-05,10,0.1687017212297057,73.84
0.0,47,63.5,24272.59259259259,0.0,0.0,0.0,0.0,0.0,0.0,0.0,0,0,0,0,0,0.0004119873046875,0.0,0.0,0.0,0.0,0.0,0.0,0.0,0.0,0.0,0.0,0.0,0.0,0.0,1.0,1.0,5222,451,573,522.2,41.86433114504784,522.2,0.0004929780960083,10,0.2672722739352467,1912.1875
0.0,47,63.5,67650.06451612903,0.0,0.0,0.0,0.0,0.0,0.0,0.0,0,0,0,0,0,0.0001478195190429,0.0,0.0,0.0,0.0,0.0,0.0,0.0,0.0,0.0,0.0,0.0,0.0,0.0,1.0,1.0,5310,512,551,531.0,13.743685418725535,531.0,1.7404556274414062e-05,10,0.151865117692172,209.6875
0.0,47,63.5,86125.3388090349,0.0,0.0,0.0,0.0,0.0,0.0,0.0,0,0,0,0,0,0.0001161098480224,0.0,0.0,0.0,0.0,0.0,0.0,0.0,0.0,0.0,0.0,0.0,0.0,0.0,1.0,1.0,5276,519,532,527.6,4.74224513167433,527.6,1.4209747314453124e-05,10,0.1362693809768389,22.96
0.0,47,63.5,68985.26315789473,0.0,0.0,0.0,0.0,0.0,0.0,0.0,0,0,0,0,0,0.0001449584960937,0.0,0.0,0.0,0.0,0.0,0.0,0.0,0.0,0.0,0.0,0.0,0.0,0.0,1.0,1.0,5268,516,549,526.8,12.281874630708636,526.8,1.6689300537109375e-05,10,0.1444531144495655,167.25
0.0,47,63.5,55260.922266139656,0.0,0.0,0.0,0.0,0.0,0.0,0.0,0,0,0,0,0,0.000180959701538,0.0,0.0,0.0,0.0,0.0,0.0,0.0,0.0,0.0,0.0,0.0,0.0,0.0,1.0,1.0,5618,530,578,561.8,21.503488089144977,561.8,0.0005900144577026,10,0.1243518109079941,438.1875
0.0,47,63.5,2843.981556821264,0.0,0.0,0.0,0.0,0.0,0.0,0.0,0,0,0,0,0,0.0035161972045898,0.0,0.0,0.0,0.0,0.0,0.0,0.0,0.0,0.0,0.0,0.0,0.0,0.0,1.0,1.0,5780,578,578,578.0,0.0,578.0,0.0003535032272338,10,0.0,0.0
0.0,47,63.5,108660.72538860104,0.0,0.0,0.0,0.0,0.0,0.0,0.0,0,0,0,0,0,9.202957153320312e-05,0.0,0.0,0.0,0.0,0.0,0.0,0.0,0.0,0.0,0.0,0.0,0.0,0.0,1.0,1.0,5780,578,578,578.0,0.0,578.0,1.1086463928222656e-05,10,0.0,0.0
0.0,47,63.5,443.08680449181816,0.0,0.0,0.0,0.0,0.0,0.0,0.0,0,0,0,0,0,0.022568941116333,0.0,0.0,0.0,0.0,0.0,0.0,0.0,0.0,0.0,0.0,0.0,0.0,0.0,1.0,1.0,5780,578,578,578.0,0.0,578.0,0.0022593021392822,10,0.0,0.0
0.0,47,63.5,103054.15233415231,0.0,0.0,0.0,0.0,0.0,0.0,0.0,0,0,0,0,0,9.703636169433594e-05,0.0,0.0,0.0,0.0,0.0,0.0,0.0,0.0,0.0,0.0,0.0,0.0,0.0,1.0,1.0,5308,420,578,530.8,63.27857281716915,530.8,1.0609626770019531e-05,10,0.3288236094228021,5547.555555555555
0.0,47,63.5,105384.52261306532,0.0,0.0,0.0,0.0,0.0,0.0,0.0,0,0,0,0,0,9.489059448242188e-05,0.0,0.0,0.0,0.0,0.0,0.0,0.0,0.0,0.0,0.0,0.0,0.0,0.0,1.0,1.0,5342,517,549,534.2,12.025897979869203,534.2,1.1086463928222656e-05,10,0.1426447098010795,256.0
0.0,47,63.5,912.2415068076036,0.0,0.0,0.0,0.0,0.0,0.0,0.0,0,0,0,0,0,0.0109620094299316,0.0,0.0,0.0,0.0,0.0,0.0,0.0,0.0,0.0,0.0,0.0,0.0,0.0,1.0,1.0,5208,514,532,520.8,7.130529043797834,520.8,0.0010977983474731,10,0.1457629223112814,45.760000000000005
0.0,47,63.5,74631.743772242,0.0,0.0,0.0,0.0,0.0,0.0,0.0,0,0,0,0,0,0.000133991241455,0.0,0.0,0.0,0.0,0.0,0.0,0.0,0.0,0.0,0.0,0.0,0.0,0.0,1.0,1.0,5244,516,533,524.4,6.883151732874829,524.4,1.590251922607422e-05,10,0.1422538906899039,59.44
0.0,47,63.5,59578.181818181816,0.0,0.0,0.0,0.0,0.0,0.0,0.0,0,0,0,0,0,0.0001678466796875,0.0,0.0,0.0,0.0,0.0,0.0,0.0,0.0,0.0,0.0,0.0,0.0,0.0,1.0,1.0,5486,513,604,548.6,34.29026424835805,548.6,1.9097328186035155e-05,10,0.1585308420442111,1248.6875
0.0,47,63.5,329.0992404745465,0.0,0.0,0.0,0.0,0.0,0.0,0.0,0,0,0,0,0,0.0303859710693359,0.0,0.0,0.0,0.0,0.0,0.0,0.0,0.0,0.0,0.0,0.0,0.0,0.0,1.0,1.0,5606,558,563,560.6,1.837873166945363,560.6,0.0030413150787353,10,0.0686251860132869,3.04
0.0,47,63.5,49991.70441001192,0.0,0.0,0.0,0.0,0.0,0.0,0.0,0,0,0,0,0,0.0002000331878662,0.0,0.0,0.0,0.0,0.0,0.0,0.0,0.0,0.0,0.0,0.0,0.0,0.0,1.0,1.0,5584,553,565,558.4,5.358275012642698,558.4,2.338886260986328e-05,10,0.0785799069091502,25.84
0.0,47,63.5,62883.11844077961,0.0,0.0,0.0,0.0,0.0,0.0,0.0,0,0,0,0,0,0.0001590251922607,0.0,0.0,0.0,0.0,0.0,0.0,0.0,0.0,0.0,0.0,0.0,0.0,0.0,1.0,1.0,5616,558,565,561.6,2.547329756605707,561.6,1.850128173828125e-05,10,0.0689141902496509,8.222222222222221
0.0,47,63.5,68871.986863711,0.0,0.0,0.0,0.0,0.0,0.0,0.0,0,0,0,0,0,0.0001451969146728,0.0,0.0,0.0,0.0,0.0,0.0,0.0,0.0,0.0,0.0,0.0,0.0,0.0,1.0,1.0,5688,541,614,568.8,27.963468231883464,568.8,1.671314239501953e-05,10,0.1082379184189401,816.6875
0.0,47,63.5,86302.55144032922,0.0,0.0,0.0,0.0,0.0,0.0,0.0,0,0,0,0,0,0.0001158714294433,0.0,0.0,0.0,0.0,0.0,0.0,0.0,0.0,0.0,0.0,0.0,0.0,0.0,1.0,1.0,5798,576,583,579.8,2.4404006956964173,579.8,1.3685226440429687e-05,10,0.0381962916273989,5.36
0.0,47,63.5,86125.3388090349,0.0,0.0,0.0,0.0,0.0,0.0,0.0,0,0,0,0,0,0.0001161098480224,0.0,0.0,0.0,0.0,0.0,0.0,0.0,0.0,0.0,0.0,0.0,0.0,0.0,1.0,1.0,5784,572,582,578.4,3.565264521898917,578.4,1.3709068298339844e-05,10,0.0454710361556407,11.44
0.0,47,63.5,75166.73835125448,0.0,0.0,0.0,0.0,0.0,0.0,0.0,0,0,0,0,0,0.0001330375671386,0.0,0.0,0.0,0.0,0.0,0.0,0.0,0.0,0.0,0.0,0.0,0.0,0.0,1.0,1.0,5770,573,581,577.0,3.197221015541813,577.0,1.5401840209960936e-05,10,0.0436169799528911,9.2
0.0,47,63.5,69905.06666666667,0.0,0.0,0.0,0.0,0.0,0.0,0.0,0,0,0,0,0,0.0001430511474609,0.0,0.0,0.0,0.0,0.0,0.0,0.0,0.0,0.0,0.0,0.0,0.0,0.0,1.0,1.0,5888,570,633,588.8,23.714974172450624,588.8,1.659393310546875e-05,10,0.0570874818788894,596.25
0.0,47,63.5,1293.81948300327,0.0,0.0,0.0,0.0,0.0,0.0,0.0,0,0,0,0,0,0.0077290534973144,0.0,0.0,0.0,0.0,0.0,0.0,0.0,0.0,0.0,0.0,0.0,0.0,0.0,1.0,1.0,5852,581,588,585.2,2.780887148615228,585.2,0.0007755041122436,10,0.0298143421888599,8.408163265306122
0.0,47,63.5,72440.48359240069,0.0,0.0,0.0,0.0,0.0,0.0,0.0,0,0,0,0,0,0.0001380443572998,0.0,0.0,0.0,0.0,0.0,0.0,0.0,0.0,0.0,0.0,0.0,0.0,0.0,1.0,1.0,5832,580,587,583.2,2.3475755815545347,583.2,1.8596649169921875e-05,10,0.031341958388902,4.96
0.0,47,63.5,2804.991640473484,0.0,0.0,0.0,0.0,0.0,0.0,0.0,0,0,0,0,0,0.0035650730133056,0.0,0.0,0.0,0.0,0.0,0.0,0.0,0.0,0.0,0.0,0.0,0.0,0.0,1.0,1.0,5806,578,584,580.6,2.6331223544175333,580.6,0.0003587961196899,10,0.0348665387222955,6.959999999999999
0.0,47,63.5,1308.0222042038297,0.0,0.0,0.0,0.0,0.0,0.0,0.0,0,0,0,0,0,0.0076451301574707,0.0,0.0,0.0,0.0,0.0,0.0,0.0,0.0,0.0,0.0,0.0,0.0,0.0,1.0,1.0,5860,564,627,586.0,22.939534045447004,586.0,0.0007667064666748,10,0.0669963785887533,566.6875
0.0,47,63.5,50778.498789346246,0.0,0.0,0.0,0.0,0.0,0.0,0.0,0,0,0,0,0,0.0001969337463378,0.0,0.0,0.0,0.0,0.0,0.0,0.0,0.0,0.0,0.0,0.0,0.0,0.0,1.0,1.0,5846,579,591,584.6,4.835057163858332,584.6,2.3794174194335937e-05,10,0.0340593888862694,24.0
0.0,47,63.5,848.4654286523445,0.0,0.0,0.0,0.0,0.0,0.0,0.0,0,0,0,0,0,0.0117859840393066,0.0,0.0,0.0,0.0,0.0,0.0,0.0,0.0,0.0,0.0,0.0,0.0,0.0,1.0,1.0,5832,580,586,583.2,2.4404006956964173,583.2,0.0015887975692749,10,0.0313797716273989,9.0
0.0,47,63.5,109798.5340314136,0.0,0.0,0.0,0.0,0.0,0.0,0.0,0,0,0,0,0,9.107589721679688e-05,0.0,0.0,0.0,0.0,0.0,0.0,0.0,0.0,0.0,0.0,0.0,0.0,0.0,1.0,1.0,5838,580,586,583.8,2.859681411936962,583.8,1.0704994201660156e-05,10,0.0315505698199666,7.359999999999999
0.0,47,63.5,78840.3007518797,0.0,0.0,0.0,0.0,0.0,0.0,0.0,0,0,0,0,0,0.000126838684082,0.0,0.0,0.0,0.0,0.0,0.0,0.0,0.0,0.0,0.0,0.0,0.0,0.0,1.0,1.0,5340,420,581,534.0,63.641356225509696,534.0,0.0001880884170532,10,0.3289713928720237,5724.666666666667
0.0,47,63.5,850.0646521148741,0.0,0.0,0.0,0.0,0.0,0.0,0.0,0,0,0,0,0,0.0117638111114501,0.0,0.0,0.0,0.0,0.0,0.0,0.0,0.0,0.0,0.0,0.0,0.0,0.0,1.0,1.0,5222,508,536,522.2,11.203174153386668,522.2,0.0011780023574829,10,0.1576467350231236,132.66666666666666
0.0,47,63.5,728.6458315237219,0.0,0.0,0.0,0.0,0.0,0.0,0.0,0,0,0,0,0,0.0137240886688232,0.0,0.0,0.0,0.0,0.0,0.0,0.0,0.0,0.0,0.0,0.0,0.0,0.0,1.0,1.0,5174,504,533,517.4,11.087530533591927,517.4,0.0013858079910278,10,0.164416146438164,137.6875
0.0,47,63.5,154202.35294117648,0.0,0.0,0.0,0.0,0.0,0.0,0.0,0,0,0,0,0,6.4849853515625e-05,0.0,0.0,0.0,0.0,0.0,0.0,0.0,0.0,0.0,0.0,0.0,0.0,0.0,1.0,1.0,5254,518,530,525.4,4.247875285886397,525.4,7.390975952148437e-06,10,0.1377721244764586,20.25
0.0,47,63.5,161319.38461538462,0.0,0.0,0.0,0.0,0.0,0.0,0.0,0,0,0,0,0,6.198883056640625e-05,0.0,0.0,0.0,0.0,0.0,0.0,0.0,0.0,0.0,0.0,0.0,0.0,0.0,1.0,1.0,5552,514,578,555.2,29.80231161802349,555.2,7.104873657226563e-06,10,0.154998499660718,836.75
0.0,47,63.5,15341.27286027798,0.0,0.0,0.0,0.0,0.0,0.0,0.0,0,0,0,0,0,0.0006518363952636,0.0,0.0,0.0,0.0,0.0,0.0,0.0,0.0,0.0,0.0,0.0,0.0,0.0,1.0,1.0,5780,578,578,578.0,0.0,578.0,6.59942626953125e-05,10,0.0,0.0
0.0,47,63.5,53159.74651457541,0.0,0.0,0.0,0.0,0.0,0.0,0.0,0,0,0,0,0,0.0001881122589111,0.0,0.0,0.0,0.0,0.0,0.0,0.0,0.0,0.0,0.0,0.0,0.0,0.0,1.0,1.0,5780,578,578,578.0,0.0,578.0,0.0007248163223266,10,0.0,0.0
0.0,47,63.5,80659.69230769231,0.0,0.0,0.0,0.0,0.0,0.0,0.0,0,0,0,0,0,0.0001239776611328,0.0,0.0,0.0,0.0,0.0,0.0,0.0,0.0,0.0,0.0,0.0,0.0,0.0,1.0,1.0,5780,578,578,578.0,0.0,578.0,1.4495849609375e-05,10,0.0,0.0
0.0,47,63.5,71943.46483704975,0.0,0.0,0.0,0.0,0.0,0.0,0.0,0,0,0,0,0,0.0001389980316162,0.0,0.0,0.0,0.0,0.0,0.0,0.0,0.0,0.0,0.0,0.0,0.0,0.0,1.0,1.0,5586,500,591,558.6,34.62561672134279,558.6,1.609325408935547e-05,10,0.1808211412276062,1352.0
0.0,47,63.5,84054.1883767535,0.0,0.0,0.0,0.0,0.0,0.0,0.0,0,0,0,0,0,0.0001189708709716,0.0,0.0,0.0,0.0,0.0,0.0,0.0,0.0,0.0,0.0,0.0,0.0,0.0,1.0,1.0,5454,540,548,545.4,3.238655413730965,545.4,1.399517059326172e-05,10,0.0998701486693375,11.10204081632653
0.0,47,63.5,303.8051847398576,0.0,0.0,0.0,0.0,0.0,0.0,0.0,0,0,0,0,0,0.0329158306121826,0.0,0.0,0.0,0.0,0.0,0.0,0.0,0.0,0.0,0.0,0.0,0.0,0.0,1.0,1.0,5486,542,553,548.6,3.864367132317184,548.6,0.0032938003540039,10,0.0967167785950207,13.44
0.0,47,63.5,638.7816207489986,0.0,0.0,0.0,0.0,0.0,0.0,0.0,0,0,0,0,0,0.0156548023223876,0.0,0.0,0.0,0.0,0.0,0.0,0.0,0.0,0.0,0.0,0.0,0.0,0.0,1.0,1.0,5440,541,547,544.0,2.4037008503093262,544.0,0.0015671968460083,10,0.097825891578382,5.2
0.0,47,63.5,34351.38411138411,0.0,0.0,0.0,0.0,0.0,0.0,0.0,0,0,0,0,0,0.000291109085083,0.0,0.0,0.0,0.0,0.0,0.0,0.0,0.0,0.0,0.0,0.0,0.0,0.0,1.0,1.0,5474,502,591,547.4,29.997036890703423,547.4,3.142356872558594e-05,10,0.175527382947797,998.6875
0.0,47,63.5,120180.63037249284,0.0,0.0,0.0,0.0,0.0,0.0,0.0,0,0,0,0,0,8.320808410644531e-05,0.0,0.0,0.0,0.0,0.0,0.0,0.0,0.0,0.0,0.0,0.0,0.0,0.0,1.0,1.0,5484,547,551,548.4,1.577621275493231,548.4,9.79900360107422e-06,10,0.0872645998027849,2.2469135802469133
0.0,47,63.5,117487.50700280113,0.0,0.0,0.0,0.0,0.0,0.0,0.0,0,0,0,0,0,8.511543273925781e-05,0.0,0.0,0.0,0.0,0.0,0.0,0.0,0.0,0.0,0.0,0.0,0.0,0.0,1.0,1.0,5438,538,551,543.8,4.589843860815602,543.8,9.989738464355468e-06,10,0.1038288287951418,42.25
0.0,47,63.5,67108.864,0.0,0.0,0.0,0.0,0.0,0.0,0.0,0,0,0,0,0,0.0001490116119384,0.0,0.0,0.0,0.0,0.0,0.0,0.0,0.0,0.0,0.0,0.0,0.0,0.0,1.0,1.0,5462,544,551,546.2,2.699794230842212,546.2,1.64031982421875e-05,10,0.0928341181778758,12.25
0.0,47,63.5,110086.719160105,0.0,0.0,0.0,0.0,0.0,0.0,0.0,0,0,0,0,0,9.083747863769533e-05,0.0,0.0,0.0,0.0,0.0,0.0,0.0,0.0,0.0,0.0,0.0,0.0,0.0,1.0,1.0,5652,546,578,565.2,16.52472894381831,565.2,1.049041748046875e-05,10,0.0950575835825538,256.0
0.0,47,63.5,117817.52808988764,0.0,0.0,0.0,0.0,0.0,0.0,0.0,0,0,0,0,0,8.487701416015625e-05,0.0,0.0,0.0,0.0,0.0,0.0,0.0,0.0,0.0,0.0,0.0,0.0,0.0,1.0,1.0,5780,578,578,578.0,0.0,578.0,9.894371032714844e-06,10,0.0,0.0
0.0,47,63.5,117487.50700280113,0.0,0.0,0.0,0.0,0.0,0.0,0.0,0,0,0,0,0,8.511543273925781e-05,0.0,0.0,0.0,0.0,0.0,0.0,0.0,0.0,0.0,0.0,0.0,0.0,0.0,1.0,1.0,5780,578,578,578.0,0.0,578.0,1.0013580322265623e-05,10,0.0,0.0
0.0,47,63.5,67108.864,0.0,0.0,0.0,0.0,0.0,0.0,0.0,0,0,0,0,0,0.0001490116119384,0.0,0.0,0.0,0.0,0.0,0.0,0.0,0.0,0.0,0.0,0.0,0.0,0.0,1.0,1.0,5780,578,578,578.0,0.0,578.0,1.6307830810546876e-05,10,0.0,0.0
0.0,47,63.5,108660.72538860104,0.0,0.0,0.0,0.0,0.0,0.0,0.0,0,0,0,0,0,9.202957153320312e-05,0.0,0.0,0.0,0.0,0.0,0.0,0.0,0.0,0.0,0.0,0.0,0.0,0.0,1.0,1.0,5708,538,604,570.8,23.57399697406728,570.8,1.0585784912109376e-05,10,0.111562213407356,556.75
0.0,47,63.5,47825.58722919042,0.0,0.0,0.0,0.0,0.0,0.0,0.0,0,0,0,0,0,0.000209093093872,0.0,0.0,0.0,0.0,0.0,0.0,0.0,0.0,0.0,0.0,0.0,0.0,0.0,1.0,1.0,5556,552,563,555.6,4.351245032554859,555.6,0.001552414894104,10,0.0798738131764615,17.04
0.0,47,63.5,154202.35294117648,0.0,0.0,0.0,0.0,0.0,0.0,0.0,0,0,0,0,0,6.4849853515625e-05,0.0,0.0,0.0,0.0,0.0,0.0,0.0,0.0,0.0,0.0,0.0,0.0,0.0,1.0,1.0,5606,556,565,560.6,3.3065591380365986,560.6,8.082389831542968e-06,10,0.0726317299304705,9.84
0.0,47,63.5,1626.8342254285935,0.0,0.0,0.0,0.0,0.0,0.0,0.0,0,0,0,0,0,0.0061469078063964,0.0,0.0,0.0,0.0,0.0,0.0,0.0,0.0,0.0,0.0,0.0,0.0,0.0,1.0,1.0,5578,551,565,557.8,4.962078417580906,557.8,0.0006155014038085,10,0.0818267722641857,27.6875
0.0,47,63.5,647.7089381678918,0.0,0.0,0.0,0.0,0.0,0.0,0.0,0,0,0,0,0,0.0154390335083007,0.0,0.0,0.0,0.0,0.0,0.0,0.0,0.0,0.0,0.0,0.0,0.0,0.0,1.0,1.0,5602,522,598,560.2,25.459335768589444,560.2,0.0019497156143188,10,0.1395963050186925,726.75
0.0,47,63.5,102051.19221411191,0.0,0.0,0.0,0.0,0.0,0.0,0.0,0,0,0,0,0,9.79900360107422e-05,0.0,0.0,0.0,0.0,0.0,0.0,0.0,0.0,0.0,0.0,0.0,0.0,0.0,1.0,1.0,5562,551,562,556.2,4.077035960378842,556.2,1.1992454528808591e-05,10,0.0814662413688199,30.25
0.0,47,63.5,192399.26605504588,0.0,0.0,0.0,0.0,0.0,0.0,0.0,0,0,0,0,0,5.197525024414063e-05,0.0,0.0,0.0,0.0,0.0,0.0,0.0,0.0,0.0,0.0,0.0,0.0,0.0,1.0,1.0,5518,548,558,551.8,3.5527766918597945,551.8,6.103515625e-06,10,0.0863650691131959,17.555555555555554
0.0,47,63.5,196915.6807511737,0.0,0.0,0.0,0.0,0.0,0.0,0.0,0,0,0,0,0,5.078315734863281e-05,0.0,0.0,0.0,0.0,0.0,0.0,0.0,0.0,0.0,0.0,0.0,0.0,0.0,1.0,1.0,5548,546,562,554.8,5.633234713140696,554.8,5.984306335449219e-06,10,0.090620824492745,35.6875
0.0,47,63.5,149263.487544484,0.0,0.0,0.0,0.0,0.0,0.0,0.0,0,0,0,0,0,6.699562072753906e-05,0.0,0.0,0.0,0.0,0.0,0.0,0.0,0.0,0.0,0.0,0.0,0.0,0.0,1.0,1.0,5462,495,589,546.2,32.293102118632774,546.2,7.605552673339843e-06,10,0.1883916180790462,1146.75
0.0,47,63.5,12178.583042973289,0.0,0.0,0.0,0.0,0.0,0.0,0.0,0,0,0,0,0,0.0008211135864257,0.0,0.0,0.0,0.0,0.0,0.0,0.0,0.0,0.0,0.0,0.0,0.0,0.0,1.0,1.0,5454,528,560,545.4,12.029593139882625,545.4,8.361339569091797e-05,10,0.1239007850614626,156.1875
0.0,47,63.5,71943.46483704975,0.0,0.0,0.0,0.0,0.0,0.0,0.0,0,0,0,0,0,0.0001389980316162,0.0,0.0,0.0,0.0,0.0,0.0,0.0,0.0,0.0,0.0,0.0,0.0,0.0,1.0,1.0,5472,541,554,547.2,4.779586221049312,547.2,1.5497207641601562e-05,10,0.0987937322430067,29.55555555555556
0.0,47,63.5,1956.5722815692493,0.0,0.0,0.0,0.0,0.0,0.0,0.0,0,0,0,0,0,0.0051109790802001,0.0,0.0,0.0,0.0,0.0,0.0,0.0,0.0,0.0,0.0,0.0,0.0,0.0,1.0,1.0,5440,541,547,544.0,2.6666666666666665,544.0,0.0005137920379638,10,0.0979330133333333,7.6875
0.0,47,63.5,1165.7644737207816,0.0,0.0,0.0,0.0,0.0,0.0,0.0,0,0,0,0,0,0.0085780620574951,0.0,0.0,0.0,0.0,0.0,0.0,0.0,0.0,0.0,0.0,0.0,0.0,0.0,1.0,1.0,5154,420,563,515.4,53.61840480034196,515.4,0.0010183095932006,10,0.3248884433794674,3354.888888888889
0.0,47,63.5,185588.67256637168,0.0,0.0,0.0,0.0,0.0,0.0,0.0,0,0,0,0,0,5.3882598876953125e-05,0.0,0.0,0.0,0.0,0.0,0.0,0.0,0.0,0.0,0.0,0.0,0.0,0.0,1.0,1.0,5144,503,528,514.4,8.604908160140027,514.4,6.580352783203125e-06,10,0.1651089553881146,66.64
0.0,47,63.5,626.4081961826816,0.0,0.0,0.0,0.0,0.0,0.0,0.0,0,0,0,0,0,0.0159640312194824,0.0,0.0,0.0,0.0,0.0,0.0,0.0,0.0,0.0,0.0,0.0,0.0,0.0,1.0,1.0,5162,510,526,516.2,5.672545969648706,516.2,0.0015973091125488,10,0.1519855183261961,28.96
0.0,47,63.5,108660.72538860104,0.0,0.0,0.0,0.0,0.0,0.0,0.0,0,0,0,0,0,9.202957153320312e-05,0.0,0.0,0.0,0.0,0.0,0.0,0.0,0.0,0.0,0.0,0.0,0.0,0.0,1.0,1.0,5156,507,523,515.6,5.87272414547873,515.6,1.1110305786132813e-05,10,0.1571794529079022,43.55555555555557
0.0,47,63.5,7715.79102281089,0.0,0.0,0.0,0.0,0.0,0.0,0.0,0,0,0,0,0,0.001296043395996,0.0,0.0,0.0,0.0,0.0,0.0,0.0,0.0,0.0,0.0,0.0,0.0,0.0,1.0,1.0,5632,523,623,563.2,37.97308988686009,563.2,0.0001312017440795,10,0.1429897778963114,1544.1875
0.0,47,63.5,161319.38461538462,0.0,0.0,0.0,0.0,0.0,0.0,0.0,0,0,0,0,0,6.198883056640625e-05,0.0,0.0,0.0,0.0,0.0,0.0,0.0,0.0,0.0,0.0,0.0,0.0,0.0,1.0,1.0,5814,576,585,581.4,3.565264521898917,581.4,6.439685821533204e-05,10,0.0386545161556407,12.1875
0.0,47,63.5,1717.0067136073358,0.0,0.0,0.0,0.0,0.0,0.0,0.0,0,0,0,0,0,0.0058240890502929,0.0,0.0,0.0,0.0,0.0,0.0,0.0,0.0,0.0,0.0,0.0,0.0,0.0,1.0,1.0,5820,576,587,582.0,3.711842908553348,582.0,0.0005832910537719,10,0.0387142263272283,12.4
0.0,47,63.5,6200.005912786401,0.0,0.0,0.0,0.0,0.0,0.0,0.0,0,0,0,0,0,0.001612901687622,0.0,0.0,0.0,0.0,0.0,0.0,0.0,0.0,0.0,0.0,0.0,0.0,0.0,1.0,1.0,5812,575,585,581.2,3.5527766918597945,581.2,0.0001653909683227,10,0.040353559113196,11.36
0.0,47,63.5,1937.2333841393008,0.0,0.0,0.0,0.0,0.0,0.0,0.0,0,0,0,0,0,0.0051620006561279,0.0,0.0,0.0,0.0,0.0,0.0,0.0,0.0,0.0,0.0,0.0,0.0,0.0,1.0,1.0,5906,575,638,590.6,25.17141235608364,590.6,0.0006097078323364,10,0.0491601265373742,646.1875
0.0,47,63.5,1417.0424676509342,0.0,0.0,0.0,0.0,0.0,0.0,0.0,0,0,0,0,0,0.0070569515228271,0.0,0.0,0.0,0.0,0.0,0.0,0.0,0.0,0.0,0.0,0.0,0.0,0.0,1.0,1.0,5792,578,583,579.2,2.0439612955674527,579.2,0.0009335994720458,10,0.0346265380733623,4.6875
0.0,47,63.5,525.7864915007772,0.0,0.0,0.0,0.0,0.0,0.0,0.0,0,0,0,0,0,0.0190191268920898,0.0,0.0,0.0,0.0,0.0,0.0,0.0,0.0,0.0,0.0,0.0,0.0,0.0,1.0,1.0,5800,575,589,580.0,4.988876515698588,580.0,0.0019039154052734,10,0.040938568737435,49.0
0.0,47,63.5,86125.3388090349,0.0,0.0,0.0,0.0,0.0,0.0,0.0,0,0,0,0,0,0.0001161098480224,0.0,0.0,0.0,0.0,0.0,0.0,0.0,0.0,0.0,0.0,0.0,0.0,0.0,1.0,1.0,5818,578,586,581.8,3.084008934992101,581.8,1.559257507324219e-05,10,0.0350502118797583,8.559999999999999
0.0,47,63.5,23471.203133743704,0.0,0.0,0.0,0.0,0.0,0.0,0.0,0,0,0,0,0,0.0004260540008544,0.0,0.0,0.0,0.0,0.0,0.0,0.0,0.0,0.0,0.0,0.0,0.0,0.0,1.0,1.0,5778,576,581,577.8,1.932183566158592,577.8,4.3892860412597655e-05,10,0.0379892642975104,6.25
0.0,47,63.5,51025.59610705597,0.0,0.0,0.0,0.0,0.0,0.0,0.0,0,0,0,0,0,0.0001959800720214,0.0,0.0,0.0,0.0,0.0,0.0,0.0,0.0,0.0,0.0,0.0,0.0,0.0,1.0,1.0,5780,578,578,578.0,0.0,578.0,3.781318664550781e-05,10,0.0,0.0
0.0,47,63.5,515.7269329136337,0.0,0.0,0.0,0.0,0.0,0.0,0.0,0,0,0,0,0,0.0193901062011718,0.0,0.0,0.0,0.0,0.0,0.0,0.0,0.0,0.0,0.0,0.0,0.0,0.0,1.0,1.0,5780,578,578,578.0,0.0,578.0,0.0019407987594604,10,0.0,0.0
0.0,47,63.5,17727.40490278952,0.0,0.0,0.0,0.0,0.0,0.0,0.0,0,0,0,0,0,0.0005640983581542,0.0,0.0,0.0,0.0,0.0,0.0,0.0,0.0,0.0,0.0,0.0,0.0,0.0,1.0,1.0,5780,578,578,578.0,0.0,578.0,6.039142608642578e-05,10,0.0,0.0
0.0,47,63.5,136622.28013029316,0.0,0.0,0.0,0.0,0.0,0.0,0.0,0,0,0,0,0,7.319450378417969e-05,0.0,0.0,0.0,0.0,0.0,0.0,0.0,0.0,0.0,0.0,0.0,0.0,0.0,1.0,1.0,5780,578,578,578.0,0.0,578.0,9.04083251953125e-05,10,0.0,0.0
0.0,47,63.5,184771.1013215859,0.0,0.0,0.0,0.0,0.0,0.0,0.0,0,0,0,0,0,5.412101745605469e-05,0.0,0.0,0.0,0.0,0.0,0.0,0.0,0.0,0.0,0.0,0.0,0.0,0.0,1.0,1.0,5780,578,578,578.0,0.0,578.0,6.29425048828125e-06,10,0.0,0.0
0.0,47,63.5,195995.5140186916,0.0,0.0,0.0,0.0,0.0,0.0,0.0,0,0,0,0,0,5.1021575927734375e-05,0.0,0.0,0.0,0.0,0.0,0.0,0.0,0.0,0.0,0.0,0.0,0.0,0.0,1.0,1.0,5780,578,578,578.0,0.0,578.0,6.008148193359375e-06,10,0.0,0.0
0.0,47,63.5,195995.5140186916,0.0,0.0,0.0,0.0,0.0,0.0,0.0,0,0,0,0,0,5.1021575927734375e-05,0.0,0.0,0.0,0.0,0.0,0.0,0.0,0.0,0.0,0.0,0.0,0.0,0.0,1.0,1.0,5780,578,578,578.0,0.0,578.0,5.984306335449219e-06,10,0.0,0.0
0.0,47,63.5,178481.02127659574,0.0,0.0,0.0,0.0,0.0,0.0,0.0,0,0,0,0,0,5.602836608886719e-05,0.0,0.0,0.0,0.0,0.0,0.0,0.0,0.0,0.0,0.0,0.0,0.0,0.0,1.0,1.0,5638,516,596,563.8,29.396900819266268,563.8,6.508827209472656e-06,10,0.1514250915177363,921.0
0.0,47,63.5,195995.5140186916,0.0,0.0,0.0,0.0,0.0,0.0,0.0,0,0,0,0,0,5.1021575927734375e-05,0.0,0.0,0.0,0.0,0.0,0.0,0.0,0.0,0.0,0.0,0.0,0.0,0.0,1.0,1.0,5502,546,553,550.2,2.780887148615228,550.2,6.008148193359375e-06,10,0.0894588921888599,12.25
0.0,47,63.5,2245.7054130749048,0.0,0.0,0.0,0.0,0.0,0.0,0.0,0,0,0,0,0,0.0044529438018798,0.0,0.0,0.0,0.0,0.0,0.0,0.0,0.0,0.0,0.0,0.0,0.0,0.0,1.0,1.0,5508,545,553,550.8,3.2930904093942583,550.8,0.00066978931427,10,0.0913716733091709,12.0
0.0,47,63.5,889.1323426536367,0.0,0.0,0.0,0.0,0.0,0.0,0.0,0,0,0,0,0,0.011246919631958,0.0,0.0,0.0,0.0,0.0,0.0,0.0,0.0,0.0,0.0,0.0,0.0,0.0,1.0,1.0,5548,551,558,554.8,2.9363620727393656,554.8,0.0011282920837402,10,0.0810015764539511,9.25
0.0,47,63.5,38764.36229205176,0.0,0.0,0.0,0.0,0.0,0.0,0.0,0,0,0,0,0,0.0002579689025878,0.0,0.0,0.0,0.0,0.0,0.0,0.0,0.0,0.0,0.0,0.0,0.0,0.0,1.0,1.0,5496,513,595,549.6,27.7256399585494,549.6,2.839565277099609e-05,10,0.1558566766935147,860.75
0.0,47,63.5,1797.2764279898872,0.0,0.0,0.0,0.0,0.0,0.0,0.0,0,0,0,0,0,0.0055639743804931,0.0,0.0,0.0,0.0,0.0,0.0,0.0,0.0,0.0,0.0,0.0,0.0,0.0,1.0,1.0,5494,548,552,549.4,1.577621275493231,549.4,0.0005596160888671,10,0.0855604698027849,2.2469135802469133
0.0,47,63.5,1729.538575728836,0.0,0.0,0.0,0.0,0.0,0.0,0.0,0,0,0,0,0,0.0057818889617919,0.0,0.0,0.0,0.0,0.0,0.0,0.0,0.0,0.0,0.0,0.0,0.0,0.0,1.0,1.0,5526,546,560,552.6,4.6951511631090685,552.6,0.0019599914550781,10,0.0902386867778041,19.84
0.0,47,63.5,50778.498789346246,0.0,0.0,0.0,0.0,0.0,0.0,0.0,0,0,0,0,0,0.0001969337463378,0.0,0.0,0.0,0.0,0.0,0.0,0.0,0.0,0.0,0.0,0.0,0.0,0.0,1.0,1.0,5510,548,553,551.0,2.0,551.0,2.269744873046875e-05,10,0.0857325299999999,4.1875
0.0,47,63.5,44667.77422790202,0.0,0.0,0.0,0.0,0.0,0.0,0.0,0,0,0,0,0,0.0002238750457763,0.0,0.0,0.0,0.0,0.0,0.0,0.0,0.0,0.0,0.0,0.0,0.0,0.0,1.0,1.0,5698,556,578,569.8,10.633281086601004,569.8,2.520084381103516e-05,10,0.0756163433834377,106.1875
0.0,47,63.5,1282.1912448031303,0.0,0.0,0.0,0.0,0.0,0.0,0.0,0,0,0,0,0,0.0077991485595703,0.0,0.0,0.0,0.0,0.0,0.0,0.0,0.0,0.0,0.0,0.0,0.0,0.0,1.0,1.0,5780,578,578,578.0,0.0,578.0,0.0007835149765014,10,0.0,0.0
0.0,47,63.5,185588.67256637168,0.0,0.0,0.0,0.0,0.0,0.0,0.0,0,0,0,0,0,5.3882598876953125e-05,0.0,0.0,0.0,0.0,0.0,0.0,0.0,0.0,0.0,0.0,0.0,0.0,0.0,1.0,1.0,5780,578,578,578.0,0.0,578.0,6.389617919921875e-06,10,0.0,0.0
0.0,47,63.5,175493.8912133891,0.0,0.0,0.0,0.0,0.0,0.0,0.0,0,0,0,0,0,5.698204040527344e-05,0.0,0.0,0.0,0.0,0.0,0.0,0.0,0.0,0.0,0.0,0.0,0.0,0.0,1.0,1.0,5780,578,578,578.0,0.0,578.0,6.699562072753907e-06,10,0.0,0.0
0.0,47,63.5,938.6170165152396,0.0,0.0,0.0,0.0,0.0,0.0,0.0,0,0,0,0,0,0.0106539726257324,0.0,0.0,0.0,0.0,0.0,0.0,0.0,0.0,0.0,0.0,0.0,0.0,0.0,1.0,1.0,5810,554,617,581.0,21.354156504062622,581.0,0.0010669946670532,10,0.083391859193495,510.1875
0.0,47,63.5,59158.02538787024,0.0,0.0,0.0,0.0,0.0,0.0,0.0,0,0,0,0,0,0.000169038772583,0.0,0.0,0.0,0.0,0.0,0.0,0.0,0.0,0.0,0.0,0.0,0.0,0.0,1.0,1.0,5784,576,581,578.4,1.9550504398153568,578.4,2.040863037109375e-05,10,0.0379985793471632,4.666666666666667
0.0,47,63.5,120525.97701149424,0.0,0.0,0.0,0.0,0.0,0.0,0.0,0,0,0,0,0,8.296966552734375e-05,0.0,0.0,0.0,0.0,0.0,0.0,0.0,0.0,0.0,0.0,0.0,0.0,0.0,1.0,1.0,5790,576,582,579.0,2.10818510677892,579.0,9.703636169433594e-06,10,0.0380609602850974,5.0
0.0,47,63.5,291.8934116484449,0.0,0.0,0.0,0.0,0.0,0.0,0.0,0,0,0,0,0,0.0342590808868408,0.0,0.0,0.0,0.0,0.0,0.0,0.0,0.0,0.0,0.0,0.0,0.0,0.0,1.0,1.0,5790,574,586,579.0,4.521553322083512,579.0,0.0034272909164428,10,0.0424523299612839,18.4
0.0,47,63.5,489.9086597986311,0.0,0.0,0.0,0.0,0.0,0.0,0.0,0,0,0,0,0,0.0204119682312011,0.0,0.0,0.0,0.0,0.0,0.0,0.0,0.0,0.0,0.0,0.0,0.0,0.0,1.0,1.0,5334,422,582,533.4,62.83523427716863,533.4,0.002046799659729,10,0.3252347510351474,5550.222222222222
0.0,47,63.5,12271.222937390286,0.0,0.0,0.0,0.0,0.0,0.0,0.0,0,0,0,0,0,0.0008149147033691,0.0,0.0,0.0,0.0,0.0,0.0,0.0,0.0,0.0,0.0,0.0,0.0,0.0,1.0,1.0,5174,510,528,517.4,6.310485101972924,517.4,8.399486541748047e-05,10,0.1522453892111397,41.1875
0.0,47,63.5,6434.955507824486,0.0,0.0,0.0,0.0,0.0,0.0,0.0,0,0,0,0,0,0.0015540122985839,0.0,0.0,0.0,0.0,0.0,0.0,0.0,0.0,0.0,0.0,0.0,0.0,0.0,1.0,1.0,5216,510,531,521.6,7.676804890925216,521.6,0.0013302087783813,10,0.1528019732403673,110.25
0.0,47,63.5,1620.1730531520395,0.0,0.0,0.0,0.0,0.0,0.0,0.0,0,0,0,0,0,0.0061721801757812,0.0,0.0,0.0,0.0,0.0,0.0,0.0,0.0,0.0,0.0,0.0,0.0,0.0,1.0,1.0,5250,521,531,525.0,3.590109871423002,525.0,0.0006195068359375,10,0.1323917871572228,12.25
0.0,47,63.5,76398.97996357013,0.0,0.0,0.0,0.0,0.0,0.0,0.0,0,0,0,0,0,0.0001308917999267,0.0,0.0,0.0,0.0,0.0,0.0,0.0,0.0,0.0,0.0,0.0,0.0,0.0,1.0,1.0,5572,516,578,557.2,27.667871459711375,557.2,1.5091896057128906e-05,10,0.150720754117828,726.0
0.0,47,63.5,72565.81314878893,0.0,0.0,0.0,0.0,0.0,0.0,0.0,0,0,0,0,0,0.0001378059387207,0.0,0.0,0.0,0.0,0.0,0.0,0.0,0.0,0.0,0.0,0.0,0.0,0.0,1.0,1.0,5780,578,578,578.0,0.0,578.0,2.079010009765625e-05,10,0.0,0.0
0.0,47,63.5,2276.9143911839747,0.0,0.0,0.0,0.0,0.0,0.0,0.0,0,0,0,0,0,0.0043919086456298,0.0,0.0,0.0,0.0,0.0,0.0,0.0,0.0,0.0,0.0,0.0,0.0,0.0,1.0,1.0,5780,578,578,578.0,0.0,578.0,0.0004413127899169,10,0.0,0.0
0.0,47,63.5,4819.377226243824,0.0,0.0,0.0,0.0,0.0,0.0,0.0,0,0,0,0,0,0.0020749568939208,0.0,0.0,0.0,0.0,0.0,0.0,0.0,0.0,0.0,0.0,0.0,0.0,0.0,1.0,1.0,5780,578,578,578.0,0.0,578.0,0.0002099990844726,10,0.0,0.0
0.0,47,63.5,61771.78203240059,0.0,0.0,0.0,0.0,0.0,0.0,0.0,0,0,0,0,0,0.0001618862152099,0.0,0.0,0.0,0.0,0.0,0.0,0.0,0.0,0.0,0.0,0.0,0.0,0.0,1.0,1.0,5812,556,619,581.2,21.719422951205065,581.2,1.9788742065429688e-05,10,0.0801323941334029,518.6875
0.0,47,63.5,97090.37037037036,0.0,0.0,0.0,0.0,0.0,0.0,0.0,0,0,0,0,0,0.0001029968261718,0.0,0.0,0.0,0.0,0.0,0.0,0.0,0.0,0.0,0.0,0.0,0.0,0.0,1.0,1.0,5806,575,583,580.6,3.0258148581093915,580.6,1.3017654418945313e-05,10,0.0401388959405995,9.555555555555555
0.0,47,63.5,62883.11844077961,0.0,0.0,0.0,0.0,0.0,0.0,0.0,0,0,0,0,0,0.0001590251922607,0.0,0.0,0.0,0.0,0.0,0.0,0.0,0.0,0.0,0.0,0.0,0.0,0.0,1.0,1.0,5796,575,585,579.6,3.627058802329452,579.6,1.7595291137695312e-05,10,0.0403838186737169,11.84
0.0,47,63.5,1301.2453076040083,0.0,0.0,0.0,0.0,0.0,0.0,0.0,0,0,0,0,0,0.0076849460601806,0.0,0.0,0.0,0.0,0.0,0.0,0.0,0.0,0.0,0.0,0.0,0.0,0.0,1.0,1.0,5796,577,583,579.6,2.5473297566057065,579.6,0.0007725954055786,10,0.0365357202496509,5.84
0.0,47,63.5,294.56036856003146,0.0,0.0,0.0,0.0,0.0,0.0,0.0,0,0,0,0,0,0.0339488983154296,0.0,0.0,0.0,0.0,0.0,0.0,0.0,0.0,0.0,0.0,0.0,0.0,0.0,1.0,1.0,5334,420,584,533.4,64.79917694950556,533.4,0.003409194946289,10,0.3294430427221506,5904.88888888889
0.0,47,63.5,62137.83703703704,0.0,0.0,0.0,0.0,0.0,0.0,0.0,0,0,0,0,0,0.0001609325408935,0.0,0.0,0.0,0.0,0.0,0.0,0.0,0.0,0.0,0.0,0.0,0.0,0.0,1.0,1.0,5170,507,523,517.0,6.3595946761129705,517.0,2.25067138671875e-05,10,0.1573777844872614,42.88888888888889
0.0,47,63.5,63743.22188449848,0.0,0.0,0.0,0.0,0.0,0.0,0.0,0,0,0,0,0,0.0001568794250488,0.0,0.0,0.0,0.0,0.0,0.0,0.0,0.0,0.0,0.0,0.0,0.0,0.0,1.0,1.0,5178,506,529,517.8,9.174844836714012,517.8,1.8191337585449215e-05,10,0.1602287347926839,100.0
0.0,47,63.5,67541.12721417069,0.0,0.0,0.0,0.0,0.0,0.0,0.0,0,0,0,0,0,0.000148057937622,0.0,0.0,0.0,0.0,0.0,0.0,0.0,0.0,0.0,0.0,0.0,0.0,0.0,1.0,1.0,5202,510,529,520.2,6.545566777937908,520.2,1.7309188842773436e-05,10,0.1523411520826608,38.56
0.0,47,63.5,99864.38095238096,0.0,0.0,0.0,0.0,0.0,0.0,0.0,0,0,0,0,0,0.0001001358032226,0.0,0.0,0.0,0.0,0.0,0.0,0.0,0.0,0.0,0.0,0.0,0.0,0.0,1.0,1.0,5406,511,600,540.6,34.580662547473295,540.6,1.1610984802246094e-05,10,0.1620573986953387,1311.5
0.0,47,63.5,107546.2564102564,0.0,0.0,0.0,0.0,0.0,0.0,0.0,0,0,0,0,0,9.298324584960938e-05,0.0,0.0,0.0,0.0,0.0,0.0,0.0,0.0,0.0,0.0,0.0,0.0,0.0,1.0,1.0,5550,553,559,555.0,2.309401076758503,555.0,1.0895729064941409e-05,10,0.0773379176226284,6.0
0.0,47,63.5,65844.64678178963,0.0,0.0,0.0,0.0,0.0,0.0,0.0,0,0,0,0,0,0.0001518726348876,0.0,0.0,0.0,0.0,0.0,0.0,0.0,0.0,0.0,0.0,0.0,0.0,0.0,1.0,1.0,5556,551,562,555.6,3.747591819348053,555.6,1.7690658569335938e-05,10,0.0813320390035296,30.25
0.0,47,63.5,41486.68644906033,0.0,0.0,0.0,0.0,0.0,0.0,0.0,0,0,0,0,0,0.0002410411834716,0.0,0.0,0.0,0.0,0.0,0.0,0.0,0.0,0.0,0.0,0.0,0.0,0.0,1.0,1.0,5564,555,557,556.4,0.8432740427115678,556.4,2.6798248291015623e-05,10,0.0,0.64
0.0,47,63.5,45.62835062312888,0.0,0.0,0.0,0.0,0.0,0.0,0.0,0,0,0,0,0,0.2191619873046875,0.0,0.0,0.0,0.0,0.0,0.0,0.0,0.0,0.0,0.0,0.0,0.0,0.0,1.0,1.0,5526,507,593,552.6,28.92595912171472,552.6,0.0219190120697021,10,0.1665704187078217,937.25
0.0,47,63.5,758.9577301679212,0.0,0.0,0.0,0.0,0.0,0.0,0.0,0,0,0,0,0,0.0131759643554687,0.0,0.0,0.0,0.0,0.0,0.0,0.0,0.0,0.0,0.0,0.0,0.0,0.0,1.0,1.0,5494,539,557,549.4,6.619835513230084,549.4,0.0015188932418823,10,0.1029516361946694,57.55555555555557
0.0,47,63.5,103054.15233415231,0.0,0.0,0.0,0.0,0.0,0.0,0.0,0,0,0,0,0,9.703636169433594e-05,0.0,0.0,0.0,0.0,0.0,0.0,0.0,0.0,0.0,0.0,0.0,0.0,0.0,1.0,1.0,5480,546,552,548.0,2.211083193570267,548.0,1.1801719665527344e-05,10,0.0892267768497328,6.959999999999999
0.0,47,63.5,108660.72538860104,0.0,0.0,0.0,0.0,0.0,0.0,0.0,0,0,0,0,0,9.202957153320312e-05,0.0,0.0,0.0,0.0,0.0,0.0,0.0,0.0,0.0,0.0,0.0,0.0,0.0,1.0,1.0,5490,547,555,549.0,3.265986323710904,549.0,1.080036163330078e-05,10,0.0879523721888268,10.75
0.0,47,63.5,1037.038941772778,0.0,0.0,0.0,0.0,0.0,0.0,0.0,0,0,0,0,0,0.0096428394317626,0.0,0.0,0.0,0.0,0.0,0.0,0.0,0.0,0.0,0.0,0.0,0.0,0.0,1.0,1.0,5260,442,570,526.0,47.02245326555295,526.0,0.0009657859802246,10,0.2847106565622557,2534.244897959184
0.0,47,63.5,185588.67256637168,0.0,0.0,0.0,0.0,0.0,0.0,0.0,0,0,0,0,0,5.3882598876953125e-05,0.0,0.0,0.0,0.0,0.0,0.0,0.0,0.0,0.0,0.0,0.0,0.0,0.0,1.0,1.0,5230,507,542,523.0,11.86966254317657,523.0,6.699562072753907e-06,10,0.1596223657335884,306.25
0.0,47,63.5,16282.23602484472,0.0,0.0,0.0,0.0,0.0,0.0,0.0,0,0,0,0,0,0.0006141662597656,0.0,0.0,0.0,0.0,0.0,0.0,0.0,0.0,0.0,0.0,0.0,0.0,0.0,1.0,1.0,5306,522,540,530.6,6.8507907086214015,530.6,6.232261657714843e-05,10,0.132015928103064,42.24
0.0,47,63.5,7829.57625536681,0.0,0.0,0.0,0.0,0.0,0.0,0.0,0,0,0,0,0,0.001277208328247,0.0,0.0,0.0,0.0,0.0,0.0,0.0,0.0,0.0,0.0,0.0,0.0,0.0,1.0,1.0,5310,529,535,531.0,2.4037008503093262,531.0,0.0006494998931884,10,0.118275451578382,6.888888888888888
0.0,47,63.5,1979.378952336008,0.0,0.0,0.0,0.0,0.0,0.0,0.0,0,0,0,0,0,0.0050520896911621,0.0,0.0,0.0,0.0,0.0,0.0,0.0,0.0,0.0,0.0,0.0,0.0,0.0,1.0,1.0,5454,519,597,545.4,28.6945600729089,545.4,0.0005766868591308,10,0.1460265959913002,926.1875
0.0,47,63.5,1612.6356261294168,0.0,0.0,0.0,0.0,0.0,0.0,0.0,0,0,0,0,0,0.0062010288238525,0.0,0.0,0.0,0.0,0.0,0.0,0.0,0.0,0.0,0.0,0.0,0.0,0.0,1.0,1.0,5532,550,555,553.2,2.0439612955674527,553.2,0.0006235122680664,10,0.0823421780733624,4.25
0.0,47,63.5,3153.612030075188,0.0,0.0,0.0,0.0,0.0,0.0,0.0,0,0,0,0,0,0.0031709671020507,0.0,0.0,0.0,0.0,0.0,0.0,0.0,0.0,0.0,0.0,0.0,0.0,0.0,1.0,1.0,5514,548,558,551.4,4.195235392680606,551.4,0.000318694114685,10,0.0866267810895623,21.04
0.0,47,63.5,88487.42616033755,0.0,0.0,0.0,0.0,0.0,0.0,0.0,0,0,0,0,0,0.0001130104064941,0.0,0.0,0.0,0.0,0.0,0.0,0.0,0.0,0.0,0.0,0.0,0.0,0.0,1.0,1.0,5496,546,555,549.6,3.565264521898917,549.6,0.0009420871734619,10,0.0897784161556407,20.25
0.0,47,63.5,71943.46483704975,0.0,0.0,0.0,0.0,0.0,0.0,0.0,0,0,0,0,0,0.0001389980316162,0.0,0.0,0.0,0.0,0.0,0.0,0.0,0.0,0.0,0.0,0.0,0.0,0.0,1.0,1.0,5654,545,578,565.4,16.297239029970694,565.4,1.5401840209960936e-05,10,0.0966690432912489,249.1875
0.0,47,63.5,296.71710633360925,0.0,0.0,0.0,0.0,0.0,0.0,0.0,0,0,0,0,0,0.0337021350860595,0.0,0.0,0.0,0.0,0.0,0.0,0.0,0.0,0.0,0.0,0.0,0.0,0.0,1.0,1.0,5780,578,578,578.0,0.0,578.0,0.0033727169036865,10,0.0,0.0
0.0,47,63.5,181.72264392915324,0.0,0.0,0.0,0.0,0.0,0.0,0.0,0,0,0,0,0,0.0550289154052734,0.0,0.0,0.0,0.0,0.0,0.0,0.0,0.0,0.0,0.0,0.0,0.0,0.0,1.0,1.0,5780,578,578,578.0,0.0,578.0,0.0087165832519531,10,0.0,0.0
0.0,47,63.5,97.04858556269754,0.0,0.0,0.0,0.0,0.0,0.0,0.0,0,0,0,0,0,0.1030411720275878,0.0,0.0,0.0,0.0,0.0,0.0,0.0,0.0,0.0,0.0,0.0,0.0,0.0,1.0,1.0,5780,578,578,578.0,0.0,578.0,0.0126983165740966,10,0.0,0.0
0.0,47,63.5,199.16729980246163,0.0,0.0,0.0,0.0,0.0,0.0,0.0,0,0,0,0,0,0.0502090454101562,0.0,0.0,0.0,0.0,0.0,0.0,0.0,0.0,0.0,0.0,0.0,0.0,0.0,1.0,1.0,5798,551,614,579.8,21.128180233990808,579.8,0.0055099964141845,10,0.0884121955001185,501.1875
0.0,47,63.5,572.7967224308637,0.0,0.0,0.0,0.0,0.0,0.0,0.0,0,0,0,0,0,0.0174582004547119,0.0,0.0,0.0,0.0,0.0,0.0,0.0,0.0,0.0,0.0,0.0,0.0,0.0,1.0,1.0,5782,576,580,578.2,1.6865480854231356,578.2,0.0022109031677246,10,0.037889202228078,3.1875
0.0,47,63.5,735.0690501226779,0.0,0.0,0.0,0.0,0.0,0.0,0.0,0,0,0,0,0,0.0136041641235351,0.0,0.0,0.0,0.0,0.0,0.0,0.0,0.0,0.0,0.0,0.0,0.0,0.0,1.0,1.0,5774,573,581,577.4,3.3730961708462712,577.4,0.0016541957855224,10,0.0436886244561559,10.24
0.0,47,63.5,383.7318280376568,0.0,0.0,0.0,0.0,0.0,0.0,0.0,0,0,0,0,0,0.026059865951538,0.0,0.0,0.0,0.0,0.0,0.0,0.0,0.0,0.0,0.0,0.0,0.0,0.0,1.0,1.0,5768,575,579,576.8,1.6865480854231356,576.8,0.0028410911560058,10,0.039593332228078,3.1875
0.0,47,63.5,1190.4813805631245,0.0,0.0,0.0,0.0,0.0,0.0,0.0,0,0,0,0,0,0.0083999633789062,0.0,0.0,0.0,0.0,0.0,0.0,0.0,0.0,0.0,0.0,0.0,0.0,0.0,1.0,1.0,5830,556,619,583.0,21.447610589527216,583.0,0.0009915113449096,10,0.0800216686497498,514.6875
0.0,47,63.5,2126.821155113838,0.0,0.0,0.0,0.0,0.0,0.0,0.0,0,0,0,0,0,0.0047018527984619,0.0,0.0,0.0,0.0,0.0,0.0,0.0,0.0,0.0,0.0,0.0,0.0,0.0,1.0,1.0,5796,575,583,579.6,2.951459149490488,579.6,0.0004721879959106,10,0.0401086063991365,11.555555555555555
0.0,47,63.5,1217.6108224228526,0.0,0.0,0.0,0.0,0.0,0.0,0.0,0,0,0,0,0,0.0082128047943115,0.0,0.0,0.0,0.0,0.0,0.0,0.0,0.0,0.0,0.0,0.0,0.0,0.0,1.0,1.0,5808,578,584,580.8,2.14993539954628,580.8,0.0008245944976806,10,0.0346697076843591,4.16
0.0,47,63.5,1664.6705826321638,0.0,0.0,0.0,0.0,0.0,0.0,0.0,0,0,0,0,0,0.0060071945190429,0.0,0.0,0.0,0.0,0.0,0.0,0.0,0.0,0.0,0.0,0.0,0.0,0.0,1.0,1.0,5794,577,582,579.4,2.1705094128132942,579.4,0.0008143186569213,10,0.0363822187144036,6.25
0.0,47,63.5,9595.75383207504,0.0,0.0,0.0,0.0,0.0,0.0,0.0,0,0,0,0,0,0.0010421276092529,0.0,0.0,0.0,0.0,0.0,0.0,0.0,0.0,0.0,0.0,0.0,0.0,0.0,1.0,1.0,5668,525,599,566.8,27.034134801107367,566.8,0.0001096010208129,10,0.1351254251525791,762.6875
0.0,47,63.5,4187.603833865815,0.0,0.0,0.0,0.0,0.0,0.0,0.0,0,0,0,0,0,0.0023880004882812,0.0,0.0,0.0,0.0,0.0,0.0,0.0,0.0,0.0,0.0,0.0,0.0,0.0,1.0,1.0,5542,553,557,554.2,1.5491933384829668,554.2,0.0003028869628906,10,0.0770282393983644,2.25
0.0,47,63.5,2951.6565798733286,0.0,0.0,0.0,0.0,0.0,0.0,0.0,0,0,0,0,0,0.0033879280090332,0.0,0.0,0.0,0.0,0.0,0.0,0.0,0.0,0.0,0.0,0.0,0.0,0.0,1.0,1.0,5554,552,562,555.4,3.747591819348053,555.4,0.0003407001495361,10,0.0796279090035296,18.666666666666668
0.0,47,63.5,9362.285714285714,0.0,0.0,0.0,0.0,0.0,0.0,0.0,0,0,0,0,0,0.001068115234375,0.0,0.0,0.0,0.0,0.0,0.0,0.0,0.0,0.0,0.0,0.0,0.0,0.0,1.0,1.0,5522,550,555,552.2,1.8135294011647256,552.2,0.0009323120117187,10,0.0822483093368585,3.25
0.0,47,63.5,3166.46836780915,0.0,0.0,0.0,0.0,0.0,0.0,0.0,0,0,0,0,0,0.0031580924987792,0.0,0.0,0.0,0.0,0.0,0.0,0.0,0.0,0.0,0.0,0.0,0.0,0.0,1.0,1.0,5458,488,586,545.8,34.98825199660277,545.8,0.000320291519165,10,0.2014184243333361,1340.75
0.0,47,63.5,996.2244073915728,0.0,0.0,0.0,0.0,0.0,0.0,0.0,0,0,0,0,0,0.0100378990173339,0.0,0.0,0.0,0.0,0.0,0.0,0.0,0.0,0.0,0.0,0.0,0.0,0.0,1.0,1.0,5368,528,543,536.8,6.0882400303098,536.8,0.0010063886642456,10,0.121480515458747,56.25
0.0,47,63.5,5479.169170476813,0.0,0.0,0.0,0.0,0.0,0.0,0.0,0,0,0,0,0,0.0018250942230224,0.0,0.0,0.0,0.0,0.0,0.0,0.0,0.0,0.0,0.0,0.0,0.0,0.0,1.0,1.0,5488,531,564,548.8,13.733980567272628,548.8,0.0001845121383666,10,0.1194826943238841,256.0
0.0,47,63.5,670.1129555367385,0.0,0.0,0.0,0.0,0.0,0.0,0.0,0,0,0,0,0,0.0149228572845458,0.0,0.0,0.0,0.0,0.0,0.0,0.0,0.0,0.0,0.0,0.0,0.0,0.0,1.0,1.0,5384,529,551,538.4,9.008637830191397,538.4,0.0016584873199462,10,0.1209660387065068,78.5
0.0,47,63.5,588.8560678384905,0.0,0.0,0.0,0.0,0.0,0.0,0.0,0,0,0,0,0,0.016982078552246,0.0,0.0,0.0,0.0,0.0,0.0,0.0,0.0,0.0,0.0,0.0,0.0,0.0,1.0,1.0,5420,492,588,542.0,32.48931448269655,542.0,0.0020068168640136,10,0.1935839371476712,1162.1875
0.0,47,63.5,914.8281277264002,0.0,0.0,0.0,0.0,0.0,0.0,0.0,0,0,0,0,0,0.0109310150146484,0.0,0.0,0.0,0.0,0.0,0.0,0.0,0.0,0.0,0.0,0.0,0.0,0.0,1.0,1.0,5444,536,552,544.4,6.619835513230084,544.4,0.0013227939605712,10,0.1080640261946694,39.44
0.0,47,63.5,811.4971172077545,0.0,0.0,0.0,0.0,0.0,0.0,0.0,0,0,0,0,0,0.0123229026794433,0.0,0.0,0.0,0.0,0.0,0.0,0.0,0.0,0.0,0.0,0.0,0.0,0.0,1.0,1.0,5452,538,555,545.2,6.972963661329537,545.2,0.0017097949981689,10,0.1047996164770792,44.46913580246914
0.0,47,63.5,1362.2292952257226,0.0,0.0,0.0,0.0,0.0,0.0,0.0,0,0,0,0,0,0.0073409080505371,0.0,0.0,0.0,0.0,0.0,0.0,0.0,0.0,0.0,0.0,0.0,0.0,0.0,1.0,1.0,5506,540,564,550.6,8.422192905255336,550.6,0.0008188962936401,10,0.1019817145018849,73.1875
0.0,47,63.5,2052.1082244728213,0.0,0.0,0.0,0.0,0.0,0.0,0.0,0,0,0,0,0,0.0048730373382568,0.0,0.0,0.0,0.0,0.0,0.0,0.0,0.0,0.0,0.0,0.0,0.0,0.0,1.0,1.0,5640,536,578,564.0,18.666666666666668,564.0,0.0004892110824584,10,0.1129714233333334,330.75
0.0,47,63.5,106454.41624365482,0.0,0.0,0.0,0.0,0.0,0.0,0.0,0,0,0,0,0,9.393692016601562e-05,0.0,0.0,0.0,0.0,0.0,0.0,0.0,0.0,0.0,0.0,0.0,0.0,0.0,1.0,1.0,5780,578,578,578.0,0.0,578.0,1.1396408081054689e-05,10,0.0,0.0
0.0,47,63.5,1002.3908419568388,0.0,0.0,0.0,0.0,0.0,0.0,0.0,0,0,0,0,0,0.0099761486053466,0.0,0.0,0.0,0.0,0.0,0.0,0.0,0.0,0.0,0.0,0.0,0.0,0.0,1.0,1.0,5780,578,578,578.0,0.0,578.0,0.0009992122650146,10,0.0,0.0
0.0,47,63.5,3229.866009548745,0.0,0.0,0.0,0.0,0.0,0.0,0.0,0,0,0,0,0,0.0030961036682128,0.0,0.0,0.0,0.0,0.0,0.0,0.0,0.0,0.0,0.0,0.0,0.0,0.0,1.0,1.0,5780,578,578,578.0,0.0,578.0,0.0003115892410278,10,0.0,0.0
0.0,47,63.5,1567.3781763826607,0.0,0.0,0.0,0.0,0.0,0.0,0.0,0,0,0,0,0,0.0063800811767578,0.0,0.0,0.0,0.0,0.0,0.0,0.0,0.0,0.0,0.0,0.0,0.0,0.0,1.0,1.0,5340,420,578,534.0,62.74817394421397,534.0,0.0066498041152954,10,0.3286075461379151,5547.555555555555
0.0,47,63.5,52103.1552795031,0.0,0.0,0.0,0.0,0.0,0.0,0.0,0,0,0,0,0,0.0001919269561767,0.0,0.0,0.0,0.0,0.0,0.0,0.0,0.0,0.0,0.0,0.0,0.0,0.0,1.0,1.0,5214,511,542,521.4,12.048051940274645,521.4,2.1696090698242188e-05,10,0.1528785144383903,206.8888888888889
0.0,47,63.5,72440.48359240069,0.0,0.0,0.0,0.0,0.0,0.0,0.0,0,0,0,0,0,0.0001380443572998,0.0,0.0,0.0,0.0,0.0,0.0,0.0,0.0,0.0,0.0,0.0,0.0,0.0,1.0,1.0,5194,496,535,519.4,15.98054372597434,519.4,1.800060272216797e-05,10,0.1800424042922129,229.84
0.0,47,63.5,75846.36528028933,0.0,0.0,0.0,0.0,0.0,0.0,0.0,0,0,0,0,0,0.0001318454742431,0.0,0.0,0.0,0.0,0.0,0.0,0.0,0.0,0.0,0.0,0.0,0.0,0.0,1.0,1.0,5236,513,531,523.6,7.3816589523554175,523.6,1.5687942504882812e-05,10,0.1475693525908315,72.25
0.0,47,63.5,69905.06666666667,0.0,0.0,0.0,0.0,0.0,0.0,0.0,0,0,0,0,0,0.0001430511474609,0.0,0.0,0.0,0.0,0.0,0.0,0.0,0.0,0.0,0.0,0.0,0.0,0.0,1.0,1.0,5074,427,565,507.4,47.32206438626465,507.4,1.652240753173828e-05,10,0.3103946561483888,2517.1875
0.0,47,63.5,58497.96373779637,0.0,0.0,0.0,0.0,0.0,0.0,0.0,0,0,0,0,0,0.0001709461212158,0.0,0.0,0.0,0.0,0.0,0.0,0.0,0.0,0.0,0.0,0.0,0.0,0.0,1.0,1.0,5186,510,530,518.6,7.290785661062568,518.6,1.9288063049316408e-05,10,0.1526447244468905,47.84
0.0,47,63.5,54330.36269430052,0.0,0.0,0.0,0.0,0.0,0.0,0.0,0,0,0,0,0,0.0001840591430664,0.0,0.0,0.0,0.0,0.0,0.0,0.0,0.0,0.0,0.0,0.0,0.0,0.0,1.0,1.0,5262,518,535,526.2,6.941021378570864,526.2,2.0909309387207032e-05,10,0.1388692044687746,44.02469135802469
0.0,47,63.5,44858.866310160425,0.0,0.0,0.0,0.0,0.0,0.0,0.0,0,0,0,0,0,0.0002229213714599,0.0,0.0,0.0,0.0,0.0,0.0,0.0,0.0,0.0,0.0,0.0,0.0,0.0,1.0,1.0,5240,512,536,524.0,10.21980647783726,524.0,2.6488304138183592e-05,10,0.1504296303668118,106.6938775510204
0.0,47,63.5,437.3120914180855,0.0,0.0,0.0,0.0,0.0,0.0,0.0,0,0,0,0,0,0.0228669643402099,0.0,0.0,0.0,0.0,0.0,0.0,0.0,0.0,0.0,0.0,0.0,0.0,0.0,1.0,1.0,5598,529,578,559.8,23.6116731959239,559.8,0.0022891044616699,10,0.1269147311930916,523.6875
0.0,47,63.5,520.5336510418606,0.0,0.0,0.0,0.0,0.0,0.0,0.0,0,0,0,0,0,0.0192110538482666,0.0,0.0,0.0,0.0,0.0,0.0,0.0,0.0,0.0,0.0,0.0,0.0,0.0,1.0,1.0,5780,578,578,578.0,0.0,578.0,0.0019243001937866,10,0.0,0.0
0.0,47,63.5,813.7327331988204,0.0,0.0,0.0,0.0,0.0,0.0,0.0,0,0,0,0,0,0.0122890472412109,0.0,0.0,0.0,0.0,0.0,0.0,0.0,0.0,0.0,0.0,0.0,0.0,0.0,1.0,1.0,5780,578,578,578.0,0.0,578.0,0.0012336015701293,10,0.0,0.0
0.0,47,63.5,151418.91696750902,0.0,0.0,0.0,0.0,0.0,0.0,0.0,0,0,0,0,0,6.604194641113281e-05,0.0,0.0,0.0,0.0,0.0,0.0,0.0,0.0,0.0,0.0,0.0,0.0,0.0,1.0,1.0,5780,578,578,578.0,0.0,578.0,7.796287536621094e-06,10,0.0,0.0
0.0,47,63.5,107546.2564102564,0.0,0.0,0.0,0.0,0.0,0.0,0.0,0,0,0,0,0,9.298324584960938e-05,0.0,0.0,0.0,0.0,0.0,0.0,0.0,0.0,0.0,0.0,0.0,0.0,0.0,1.0,1.0,5868,567,630,586.8,23.31809025913857,586.8,1.049041748046875e-05,10,0.0620381972479627,601.1875
0.0,47,63.5,102051.19221411191,0.0,0.0,0.0,0.0,0.0,0.0,0.0,0,0,0,0,0,9.79900360107422e-05,0.0,0.0,0.0,0.0,0.0,0.0,0.0,0.0,0.0,0.0,0.0,0.0,0.0,1.0,1.0,5816,576,588,581.6,5.274677451960661,581.6,1.1420249938964843e-05,10,0.0393508626068307,25.04
0.0,47,63.5,66682.09856915739,0.0,0.0,0.0,0.0,0.0,0.0,0.0,0,0,0,0,0,0.0001499652862548,0.0,0.0,0.0,0.0,0.0,0.0,0.0,0.0,0.0,0.0,0.0,0.0,0.0,1.0,1.0,5826,576,592,582.6,5.834761729877617,582.6,1.659393310546875e-05,10,0.0395790185382829,37.5
0.0,47,63.5,631.23498780965,0.0,0.0,0.0,0.0,0.0,0.0,0.0,0,0,0,0,0,0.0158419609069824,0.0,0.0,0.0,0.0,0.0,0.0,0.0,0.0,0.0,0.0,0.0,0.0,0.0,1.0,1.0,5816,577,589,581.6,4.971027168615265,581.6,0.001586890220642,10,0.0375230376274071,36.0
0.0,47,63.5,49991.70441001192,0.0,0.0,0.0,0.0,0.0,0.0,0.0,0,0,0,0,0,0.0002000331878662,0.0,0.0,0.0,0.0,0.0,0.0,0.0,0.0,0.0,0.0,0.0,0.0,0.0,1.0,1.0,5316,420,584,531.6,64.89855331378521,531.6,3.5715103149414065e-05,10,0.3294835246779036,5834.666666666667
0.0,47,63.5,64927.30650154799,0.0,0.0,0.0,0.0,0.0,0.0,0.0,0,0,0,0,0,0.0001540184020996,0.0,0.0,0.0,0.0,0.0,0.0,0.0,0.0,0.0,0.0,0.0,0.0,0.0,1.0,1.0,5162,511,531,516.2,7.871185143010901,516.2,1.7881393432617188e-05,10,0.1511770259798569,81.0
0.0,47,63.5,1006.431673665267,0.0,0.0,0.0,0.0,0.0,0.0,0.0,0,0,0,0,0,0.0099360942840576,0.0,0.0,0.0,0.0,0.0,0.0,0.0,0.0,0.0,0.0,0.0,0.0,0.0,1.0,1.0,5170,509,529,517.0,7.272474743090476,517.0,0.0009966135025024,10,0.1543413953113453,72.25
0.0,47,63.5,17274.72817133443,0.0,0.0,0.0,0.0,0.0,0.0,0.0,0,0,0,0,0,0.0005788803100585,0.0,0.0,0.0,0.0,0.0,0.0,0.0,0.0,0.0,0.0,0.0,0.0,0.0,1.0,1.0,5214,508,533,521.4,10.885260166339108,521.4,5.939006805419922e-05,10,0.1575172295813599,106.64
0.0,47,63.5,113666.77506775068,0.0,0.0,0.0,0.0,0.0,0.0,0.0,0,0,0,0,0,8.797645568847656e-05,0.0,0.0,0.0,0.0,0.0,0.0,0.0,0.0,0.0,0.0,0.0,0.0,0.0,1.0,1.0,5062,420,563,506.2,49.57329029942547,506.2,1.1205673217773438e-05,10,0.323240625536374,2763.6875
0.0,47,63.5,142663.40136054423,0.0,0.0,0.0,0.0,0.0,0.0,0.0,0,0,0,0,0,7.009506225585938e-05,0.0,0.0,0.0,0.0,0.0,0.0,0.0,0.0,0.0,0.0,0.0,0.0,0.0,1.0,1.0,5164,512,524,516.4,4.501851470969101,516.4,8.20159912109375e-06,10,0.148100364215214,36.0
0.0,47,63.5,138884.23841059604,0.0,0.0,0.0,0.0,0.0,0.0,0.0,0,0,0,0,0,7.200241088867188e-05,0.0,0.0,0.0,0.0,0.0,0.0,0.0,0.0,0.0,0.0,0.0,0.0,0.0,1.0,1.0,5206,498,532,520.6,12.53616989177937,520.6,8.392333984375e-06,10,0.1752310441671153,159.6875
0.0,47,63.5,141222.3569023569,0.0,0.0,0.0,0.0,0.0,0.0,0.0,0,0,0,0,0,7.081031799316406e-05,0.0,0.0,0.0,0.0,0.0,0.0,0.0,0.0,0.0,0.0,0.0,0.0,0.0,1.0,1.0,5166,509,525,516.6,5.985166849990251,516.6,8.296966552734374e-06,10,0.153816997568012,32.239999999999995
0.0,47,63.5,137068.75816993465,0.0,0.0,0.0,0.0,0.0,0.0,0.0,0,0,0,0,0,7.295608520507812e-05,0.0,0.0,0.0,0.0,0.0,0.0,0.0,0.0,0.0,0.0,0.0,0.0,0.0,1.0,1.0,5358,498,590,535.8,32.58083963176995,535.8,8.511543273925782e-06,10,0.1833964408323978,1188.6875
0.0,47,63.5,147168.56140350876,0.0,0.0,0.0,0.0,0.0,0.0,0.0,0,0,0,0,0,6.794929504394531e-05,0.0,0.0,0.0,0.0,0.0,0.0,0.0,0.0,0.0,0.0,0.0,0.0,0.0,1.0,1.0,5500,542,561,550.0,7.972173828734266,550.0,7.987022399902344e-06,10,0.0983901347308732,90.25
0.0,47,63.5,22274.583112055232,0.0,0.0,0.0,0.0,0.0,0.0,0.0,0,0,0,0,0,0.0004489421844482,0.0,0.0,0.0,0.0,0.0,0.0,0.0,0.0,0.0,0.0,0.0,0.0,0.0,1.0,1.0,5442,534,562,544.2,10.881176406988354,544.2,4.611015319824219e-05,10,0.1132081860211507,106.56
0.0,47,63.5,66682.09856915739,0.0,0.0,0.0,0.0,0.0,0.0,0.0,0,0,0,0,0,0.0001499652862548,0.0,0.0,0.0,0.0,0.0,0.0,0.0,0.0,0.0,0.0,0.0,0.0,0.0,1.0,1.0,5446,534,553,544.6,6.9793345750946125,544.6,1.7690658569335938e-05,10,0.1116187317325105,54.6875
0.0,47,63.5,1560.4970607932137,0.0,0.0,0.0,0.0,0.0,0.0,0.0,0,0,0,0,0,0.0064082145690917,0.0,0.0,0.0,0.0,0.0,0.0,0.0,0.0,0.0,0.0,0.0,0.0,0.0,1.0,1.0,5250,453,574,525.0,41.57990967870047,525.0,0.0006434202194213,10,0.2637481520067154,3660.25
0.0,47,63.5,2001.5767120019088,0.0,0.0,0.0,0.0,0.0,0.0,0.0,0,0,0,0,0,0.0049960613250732,0.0,0.0,0.0,0.0,0.0,0.0,0.0,0.0,0.0,0.0,0.0,0.0,0.0,1.0,1.0,5290,523,537,529.0,6.110100926607787,529.0,0.000501799583435,10,0.130010070713463,39.04
0.0,47,63.5,4178.842283550862,0.0,0.0,0.0,0.0,0.0,0.0,0.0,0,0,0,0,0,0.0023930072784423,0.0,0.0,0.0,0.0,0.0,0.0,0.0,0.0,0.0,0.0,0.0,0.0,0.0,1.0,1.0,5326,518,547,532.6,12.764534199622531,532.6,0.0002413988113403,10,0.1412414706515582,146.64
0.0,47,63.5,1732.4675753820736,0.0,0.0,0.0,0.0,0.0,0.0,0.0,0,0,0,0,0,0.0057721138000488,0.0,0.0,0.0,0.0,0.0,0.0,0.0,0.0,0.0,0.0,0.0,0.0,0.0,1.0,1.0,5366,529,544,536.6,5.274677451960661,536.6,0.0010751962661743,10,0.1194449726068307,38.88888888888889
0.0,47,63.5,2549.1090312386045,0.0,0.0,0.0,0.0,0.0,0.0,0.0,0,0,0,0,0,0.0039229393005371,0.0,0.0,0.0,0.0,0.0,0.0,0.0,0.0,0.0,0.0,0.0,0.0,0.0,1.0,1.0,5810,552,615,581.0,21.12397269033981,581.0,0.0003948926925659,10,0.0867063515151368,992.25
0.0,47,63.5,1006.5524358051356,0.0,0.0,0.0,0.0,0.0,0.0,0.0,0,0,0,0,0,0.0099349021911621,0.0,0.0,0.0,0.0,0.0,0.0,0.0,0.0,0.0,0.0,0.0,0.0,0.0,1.0,1.0,5758,573,579,575.8,2.14993539954628,575.8,0.0012846946716308,10,0.0431903576843591,9.0
0.0,47,63.5,839.4316134971781,0.0,0.0,0.0,0.0,0.0,0.0,0.0,0,0,0,0,0,0.0119128227233886,0.0,0.0,0.0,0.0,0.0,0.0,0.0,0.0,0.0,0.0,0.0,0.0,0.0,1.0,1.0,5766,573,581,576.6,2.875181153713044,576.6,0.0015285968780517,10,0.0434857937947765,10.888888888888888
0.0,47,63.5,670.370003356402,0.0,0.0,0.0,0.0,0.0,0.0,0.0,0,0,0,0,0,0.0149171352386474,0.0,0.0,0.0,0.0,0.0,0.0,0.0,0.0,0.0,0.0,0.0,0.0,0.0,1.0,1.0,5774,574,579,577.4,2.1705094128132942,577.4,0.0015827178955078,10,0.0414946087144036,4.24
0.0,47,63.5,83886.08,0.0,0.0,0.0,0.0,0.0,0.0,0.0,0,0,0,0,0,0.0001192092895507,0.0,0.0,0.0,0.0,0.0,0.0,0.0,0.0,0.0,0.0,0.0,0.0,0.0,1.0,1.0,5160,420,563,516.0,53.12040829829697,516.0,1.3804435729980468e-05,10,0.3246855795243943,5112.25
0.0,47,63.5,840.1882975100659,0.0,0.0,0.0,0.0,0.0,0.0,0.0,0,0,0,0,0,0.0119020938873291,0.0,0.0,0.0,0.0,0.0,0.0,0.0,0.0,0.0,0.0,0.0,0.0,0.0,1.0,1.0,5204,514,538,520.4,9.395034149308168,520.4,0.0013906002044677,10,0.1466853911110621,86.5
0.0,47,63.5,1495.242237353392,0.0,0.0,0.0,0.0,0.0,0.0,0.0,0,0,0,0,0,0.0066878795623779,0.0,0.0,0.0,0.0,0.0,0.0,0.0,0.0,0.0,0.0,0.0,0.0,0.0,1.0,1.0,5270,517,533,527.0,6.531972647421808,527.0,0.0006719827651977,10,0.1404067043776537,38.4
0.0,47,63.5,626.5204791921848,0.0,0.0,0.0,0.0,0.0,0.0,0.0,0,0,0,0,0,0.0159611701965332,0.0,0.0,0.0,0.0,0.0,0.0,0.0,0.0,0.0,0.0,0.0,0.0,0.0,1.0,1.0,5136,505,525,513.6,7.471427053931679,513.6,0.0017995119094848,10,0.1612389605246895,50.24
0.0,47,63.5,1224.6143065693432,0.0,0.0,0.0,0.0,0.0,0.0,0.0,0,0,0,0,0,0.0081658363342285,0.0,0.0,0.0,0.0,0.0,0.0,0.0,0.0,0.0,0.0,0.0,0.0,0.0,1.0,1.0,5826,558,621,582.6,21.83371500938654,582.6,0.0009358882904052,10,0.0767706921462237,992.25
0.0,47,63.5,308.2415191957199,0.0,0.0,0.0,0.0,0.0,0.0,0.0,0,0,0,0,0,0.0324420928955078,0.0,0.0,0.0,0.0,0.0,0.0,0.0,0.0,0.0,0.0,0.0,0.0,0.0,1.0,1.0,5814,575,585,581.4,3.806427312965386,581.4,0.0035186052322387,10,0.0404568862302096,14.1875
0.0,47,63.5,53159.74651457541,0.0,0.0,0.0,0.0,0.0,0.0,0.0,0,0,0,0,0,0.0001881122589111,0.0,0.0,0.0,0.0,0.0,0.0,0.0,0.0,0.0,0.0,0.0,0.0,0.0,1.0,1.0,5796,577,584,579.6,2.4585451886114367,579.6,2.040863037109375e-05,10,0.0364995529680327,5.44
0.0,47,63.5,106454.41624365482,0.0,0.0,0.0,0.0,0.0,0.0,0.0,0,0,0,0,0,9.393692016601562e-05,0.0,0.0,0.0,0.0,0.0,0.0,0.0,0.0,0.0,0.0,0.0,0.0,0.0,1.0,1.0,5812,578,588,581.2,3.675746333890726,581.2,1.0991096496582032e-05,10,0.0352912620265737,25.0
0.0,47,63.5,186.8320148243176,0.0,0.0,0.0,0.0,0.0,0.0,0.0,0,0,0,0,0,0.0535240173339843,0.0,0.0,0.0,0.0,0.0,0.0,0.0,0.0,0.0,0.0,0.0,0.0,0.0,1.0,1.0,5776,576,578,577.6,0.8432740427115677,577.6,0.005354905128479,10,0.0,1.0
0.0,47,63.5,121927.44186046511,0.0,0.0,0.0,0.0,0.0,0.0,0.0,0,0,0,0,0,8.20159912109375e-05,0.0,0.0,0.0,0.0,0.0,0.0,0.0,0.0,0.0,0.0,0.0,0.0,0.0,1.0,1.0,5780,578,578,578.0,0.0,578.0,1.5187263488769532e-05,10,0.0,0.0
0.0,47,63.5,71331.70068027212,0.0,0.0,0.0,0.0,0.0,0.0,0.0,0,0,0,0,0,0.0001401901245117,0.0,0.0,0.0,0.0,0.0,0.0,0.0,0.0,0.0,0.0,0.0,0.0,0.0,1.0,1.0,5780,578,578,578.0,0.0,578.0,1.6117095947265624e-05,10,0.0,0.0
0.0,47,63.5,117817.52808988764,0.0,0.0,0.0,0.0,0.0,0.0,0.0,0,0,0,0,0,8.487701416015625e-05,0.0,0.0,0.0,0.0,0.0,0.0,0.0,0.0,0.0,0.0,0.0,0.0,0.0,1.0,1.0,5780,578,578,578.0,0.0,578.0,1.018047332763672e-05,10,0.0,0.0
0.0,47,63.5,2820.837985069608,0.0,0.0,0.0,0.0,0.0,0.0,0.0,0,0,0,0,0,0.0035450458526611,0.0,0.0,0.0,0.0,0.0,0.0,0.0,0.0,0.0,0.0,0.0,0.0,0.0,1.0,1.0,5630,537,603,563.0,23.065125189341597,563.0,0.0003559112548828,10,0.1130590493971302,1089.0
0.0,47,63.5,7569.579498285508,0.0,0.0,0.0,0.0,0.0,0.0,0.0,0,0,0,0,0,0.0013210773468017,0.0,0.0,0.0,0.0,0.0,0.0,0.0,0.0,0.0,0.0,0.0,0.0,0.0,1.0,1.0,5554,553,557,555.4,2.065591117977289,555.4,0.0001368999481201,10,0.0772385991978193,4.0
0.0,47,63.5,426.62326830359865,0.0,0.0,0.0,0.0,0.0,0.0,0.0,0,0,0,0,0,0.023439884185791,0.0,0.0,0.0,0.0,0.0,0.0,0.0,0.0,0.0,0.0,0.0,0.0,0.0,1.0,1.0,5576,554,561,557.6,2.547329756605707,557.6,0.0023464918136596,10,0.0757307102496509,6.6875
0.0,47,63.5,50472.97232250301,0.0,0.0,0.0,0.0,0.0,0.0,0.0,0,0,0,0,0,0.0001981258392333,0.0,0.0,0.0,0.0,0.0,0.0,0.0,0.0,0.0,0.0,0.0,0.0,0.0,1.0,1.0,5554,550,560,555.4,3.438345855527367,555.4,0.0008469104766845,10,0.0829101945677076,16.666666666666668
0.0,47,63.5,1710.2854346762356,0.0,0.0,0.0,0.0,0.0,0.0,0.0,0,0,0,0,0,0.0058469772338867,0.0,0.0,0.0,0.0,0.0,0.0,0.0,0.0,0.0,0.0,0.0,0.0,0.0,1.0,1.0,5560,519,597,556.0,26.068286394689537,556.0,0.0005882024765014,10,0.1449567571457408,1521.0
0.0,47,63.5,105384.52261306532,0.0,0.0,0.0,0.0,0.0,0.0,0.0,0,0,0,0,0,9.489059448242188e-05,0.0,0.0,0.0,0.0,0.0,0.0,0.0,0.0,0.0,0.0,0.0,0.0,0.0,1.0,1.0,5648,548,591,564.8,17.529657409341713,564.8,1.1491775512695311e-05,10,0.0920586912422694,462.25
0.0,47,63.5,112447.82841823057,0.0,0.0,0.0,0.0,0.0,0.0,0.0,0,0,0,0,0,8.893013000488281e-05,0.0,0.0,0.0,0.0,0.0,0.0,0.0,0.0,0.0,0.0,0.0,0.0,0.0,1.0,1.0,5526,548,556,552.6,3.238655413730965,552.6,1.0395050048828124e-05,10,0.0862371086693374,11.6875
0.0,47,63.5,112147.16577540108,0.0,0.0,0.0,0.0,0.0,0.0,0.0,0,0,0,0,0,8.916854858398438e-05,0.0,0.0,0.0,0.0,0.0,0.0,0.0,0.0,0.0,0.0,0.0,0.0,0.0,1.0,1.0,5546,550,558,554.6,2.951459149490488,554.6,1.0418891906738282e-05,10,0.0827118563991364,11.555555555555555
0.0,47,63.5,99864.38095238096,0.0,0.0,0.0,0.0,0.0,0.0,0.0,0,0,0,0,0,0.0001001358032226,0.0,0.0,0.0,0.0,0.0,0.0,0.0,0.0,0.0,0.0,0.0,0.0,0.0,1.0,1.0,5780,578,578,578.0,0.0,578.0,1.1491775512695311e-05,10,0.0,0.0
0.0,47,63.5,112447.82841823057,0.0,0.0,0.0,0.0,0.0,0.0,0.0,0,0,0,0,0,8.893013000488281e-05,0.0,0.0,0.0,0.0,0.0,0.0,0.0,0.0,0.0,0.0,0.0,0.0,0.0,1.0,1.0,5780,578,578,578.0,0.0,578.0,1.049041748046875e-05,10,0.0,0.0
0.0,47,63.5,112447.82841823057,0.0,0.0,0.0,0.0,0.0,0.0,0.0,0,0,0,0,0,8.893013000488281e-05,0.0,0.0,0.0,0.0,0.0,0.0,0.0,0.0,0.0,0.0,0.0,0.0,0.0,1.0,1.0,5780,578,578,578.0,0.0,578.0,1.0395050048828124e-05,10,0.0,0.0
0.0,47,63.5,75709.45848375451,0.0,0.0,0.0,0.0,0.0,0.0,0.0,0,0,0,0,0,0.0001320838928222,0.0,0.0,0.0,0.0,0.0,0.0,0.0,0.0,0.0,0.0,0.0,0.0,0.0,1.0,1.0,5780,578,578,578.0,0.0,578.0,1.4710426330566409e-05,10,0.0,0.0
0.0,47,63.5,99864.38095238096,0.0,0.0,0.0,0.0,0.0,0.0,0.0,0,0,0,0,0,0.0001001358032226,0.0,0.0,0.0,0.0,0.0,0.0,0.0,0.0,0.0,0.0,0.0,0.0,0.0,1.0,1.0,5788,548,614,578.8,22.444004396126225,578.8,1.3208389282226562e-05,10,0.0940605996308059,1089.0
0.0,47,63.5,76398.97996357013,0.0,0.0,0.0,0.0,0.0,0.0,0.0,0,0,0,0,0,0.0001308917999267,0.0,0.0,0.0,0.0,0.0,0.0,0.0,0.0,0.0,0.0,0.0,0.0,0.0,1.0,1.0,5786,574,583,578.6,3.627058802329452,578.6,1.4591217041015626e-05,10,0.0420879486737169,12.25
0.0,47,63.5,70969.61082910321,0.0,0.0,0.0,0.0,0.0,0.0,0.0,0,0,0,0,0,0.000140905380249,0.0,0.0,0.0,0.0,0.0,0.0,0.0,0.0,0.0,0.0,0.0,0.0,0.0,1.0,1.0,5778,575,581,577.8,2.250925735484551,577.8,1.659393310546875e-05,10,0.039823237107607,6.959999999999999
0.0,47,63.5,87563.75782881002,0.0,0.0,0.0,0.0,0.0,0.0,0.0,0,0,0,0,0,0.0001142024993896,0.0,0.0,0.0,0.0,0.0,0.0,0.0,0.0,0.0,0.0,0.0,0.0,0.0,1.0,1.0,5780,575,582,578.0,2.581988897471611,578.0,1.3518333435058594e-05,10,0.039958098997274,6.0
0.0,47,63.5,10277.63783386425,0.0,0.0,0.0,0.0,0.0,0.0,0.0,0,0,0,0,0,0.0009729862213134,0.0,0.0,0.0,0.0,0.0,0.0,0.0,0.0,0.0,0.0,0.0,0.0,0.0,1.0,1.0,5780,578,578,578.0,0.0,578.0,9.918212890625e-05,10,0.0,0.0
0.0,47,63.5,95108.9342403628,0.0,0.0,0.0,0.0,0.0,0.0,0.0,0,0,0,0,0,0.0001051425933837,0.0,0.0,0.0,0.0,0.0,0.0,0.0,0.0,0.0,0.0,0.0,0.0,0.0,1.0,1.0,5780,578,578,578.0,0.0,578.0,0.0001583099365234,10,0.0,0.0
0.0,47,63.5,76398.97996357013,0.0,0.0,0.0,0.0,0.0,0.0,0.0,0,0,0,0,0,0.0001308917999267,0.0,0.0,0.0,0.0,0.0,0.0,0.0,0.0,0.0,0.0,0.0,0.0,0.0,1.0,1.0,5780,578,578,578.0,0.0,578.0,1.4591217041015626e-05,10,0.0,0.0
0.0,47,63.5,68534.37908496732,0.0,0.0,0.0,0.0,0.0,0.0,0.0,0,0,0,0,0,0.0001459121704101,0.0,0.0,0.0,0.0,0.0,0.0,0.0,0.0,0.0,0.0,0.0,0.0,0.0,1.0,1.0,5818,556,619,581.8,21.565404393766112,581.8,1.7094612121582032e-05,10,0.0800696531338445,418.56
0.0,47,63.5,1155.423817525688,0.0,0.0,0.0,0.0,0.0,0.0,0.0,0,0,0,0,0,0.0086548328399658,0.0,0.0,0.0,0.0,0.0,0.0,0.0,0.0,0.0,0.0,0.0,0.0,0.0,1.0,1.0,5788,572,582,578.8,4.077035960378842,578.8,0.0008676052093505,10,0.0456795113688199,14.96
0.0,47,63.5,74104.3109540636,0.0,0.0,0.0,0.0,0.0,0.0,0.0,0,0,0,0,0,0.0001349449157714,0.0,0.0,0.0,0.0,0.0,0.0,0.0,0.0,0.0,0.0,0.0,0.0,0.0,1.0,1.0,5804,577,584,580.4,2.875181153713044,580.4,1.6498565673828126e-05,10,0.0366692737947765,7.44
0.0,47,63.5,3354.6380868591536,0.0,0.0,0.0,0.0,0.0,0.0,0.0,0,0,0,0,0,0.0029809474945068,0.0,0.0,0.0,0.0,0.0,0.0,0.0,0.0,0.0,0.0,0.0,0.0,0.0,1.0,1.0,5752,573,576,575.2,1.2292725943057186,575.2,0.0003004074096679,10,0.0428153164840163,2.25
0.0,47,63.5,8920.255210548703,0.0,0.0,0.0,0.0,0.0,0.0,0.0,0,0,0,0,0,0.0011210441589355,0.0,0.0,0.0,0.0,0.0,0.0,0.0,0.0,0.0,0.0,0.0,0.0,0.0,1.0,1.0,5798,577,586,579.8,3.4253953543107016,579.8,0.0010041952133178,10,0.036893409051532,20.25
0.0,47,63.5,110960.42328042327,0.0,0.0,0.0,0.0,0.0,0.0,0.0,0,0,0,0,0,9.012222290039062e-05,0.0,0.0,0.0,0.0,0.0,0.0,0.0,0.0,0.0,0.0,0.0,0.0,0.0,1.0,1.0,5780,578,578,578.0,0.0,578.0,1.1014938354492188e-05,10,0.0,0.0
0.0,47,63.5,2644.079934438631,0.0,0.0,0.0,0.0,0.0,0.0,0.0,0,0,0,0,0,0.003782033920288,0.0,0.0,0.0,0.0,0.0,0.0,0.0,0.0,0.0,0.0,0.0,0.0,0.0,1.0,1.0,5780,578,578,578.0,0.0,578.0,0.0003798007965087,10,0.0,0.0
0.0,47,63.5,378.2127720968818,0.0,0.0,0.0,0.0,0.0,0.0,0.0,0,0,0,0,0,0.026440143585205,0.0,0.0,0.0,0.0,0.0,0.0,0.0,0.0,0.0,0.0,0.0,0.0,0.0,1.0,1.0,5780,578,578,578.0,0.0,578.0,0.0026458978652954,10,0.0,0.0
0.0,47,63.5,52363.34581772784,0.0,0.0,0.0,0.0,0.0,0.0,0.0,0,0,0,0,0,0.0001909732818603,0.0,0.0,0.0,0.0,0.0,0.0,0.0,0.0,0.0,0.0,0.0,0.0,0.0,1.0,1.0,5806,553,616,580.6,21.26656217320201,580.6,0.0002750873565673,10,0.0850603067668756,407.04
0.0,47,63.5,2498.096486003574,0.0,0.0,0.0,0.0,0.0,0.0,0.0,0,0,0,0,0,0.0040030479431152,0.0,0.0,0.0,0.0,0.0,0.0,0.0,0.0,0.0,0.0,0.0,0.0,0.0,1.0,1.0,5776,572,582,577.6,4.141926551202418,577.6,0.0004039049148559,10,0.0457059451998978,18.666666666666668
0.0,47,63.5,95108.9342403628,0.0,0.0,0.0,0.0,0.0,0.0,0.0,0,0,0,0,0,0.0001051425933837,0.0,0.0,0.0,0.0,0.0,0.0,0.0,0.0,0.0,0.0,0.0,0.0,0.0,1.0,1.0,5768,574,579,576.8,2.440400695696417,576.8,0.0001851081848144,10,0.0416045516273988,5.359999999999999
0.0,47,63.5,1351.5625302097767,0.0,0.0,0.0,0.0,0.0,0.0,0.0,0,0,0,0,0,0.0073988437652587,0.0,0.0,0.0,0.0,0.0,0.0,0.0,0.0,0.0,0.0,0.0,0.0,0.0,1.0,1.0,5788,578,580,578.8,0.7888106377466155,578.8,0.0007414817810058,10,0.0,0.6875
0.0,47,63.5,21698.416968442834,0.0,0.0,0.0,0.0,0.0,0.0,0.0,0,0,0,0,0,0.0004608631134033,0.0,0.0,0.0,0.0,0.0,0.0,0.0,0.0,0.0,0.0,0.0,0.0,0.0,1.0,1.0,5842,568,631,584.2,24.867649667791287,584.2,4.689693450927734e-05,10,0.0609652957686714,556.5600000000001
0.0,47,63.5,59158.02538787024,0.0,0.0,0.0,0.0,0.0,0.0,0.0,0,0,0,0,0,0.000169038772583,0.0,0.0,0.0,0.0,0.0,0.0,0.0,0.0,0.0,0.0,0.0,0.0,0.0,1.0,1.0,5842,579,590,584.2,4.184627953726724,584.2,1.8310546875e-05,10,0.0337944300432301,17.25
0.0,47,63.5,5913.300437050613,0.0,0.0,0.0,0.0,0.0,0.0,0.0,0,0,0,0,0,0.0016911029815673,0.0,0.0,0.0,0.0,0.0,0.0,0.0,0.0,0.0,0.0,0.0,0.0,0.0,1.0,1.0,5840,579,590,584.0,3.771236166328253,584.0,0.0001728057861328,10,0.0336260307647155,12.8
0.0,47,63.5,54971.218872870246,0.0,0.0,0.0,0.0,0.0,0.0,0.0,0,0,0,0,0,0.0001819133758544,0.0,0.0,0.0,0.0,0.0,0.0,0.0,0.0,0.0,0.0,0.0,0.0,0.0,1.0,1.0,5852,580,592,585.2,5.138093031466052,585.2,2.3698806762695317e-05,10,0.032478703577298,26.0
0.0,47,63.5,55849.58721704394,0.0,0.0,0.0,0.0,0.0,0.0,0.0,0,0,0,0,0,0.0001790523529052,0.0,0.0,0.0,0.0,0.0,0.0,0.0,0.0,0.0,0.0,0.0,0.0,0.0,1.0,1.0,5636,479,590,563.6,44.75910832196926,563.6,1.990795135498047e-05,10,0.2207358503660373,2136.1875
0.0,47,63.5,4100.003910068426,0.0,0.0,0.0,0.0,0.0,0.0,0.0,0,0,0,0,0,0.0024390220642089,0.0,0.0,0.0,0.0,0.0,0.0,0.0,0.0,0.0,0.0,0.0,0.0,0.0,1.0,1.0,5384,529,550,538.4,7.441624673267106,538.4,0.0002465963363647,10,0.1203277002269021,49.84
0.0,47,63.5,6184.464759657918,0.0,0.0,0.0,0.0,0.0,0.0,0.0,0,0,0,0,0,0.0016169548034667,0.0,0.0,0.0,0.0,0.0,0.0,0.0,0.0,0.0,0.0,0.0,0.0,0.0,1.0,1.0,5416,522,549,541.6,10.46900186264192,541.6,0.0004947900772094,10,0.1334898425987658,182.25
0.0,47,63.5,13477.84061696658,0.0,0.0,0.0,0.0,0.0,0.0,0.0,0,0,0,0,0,0.000741958618164,0.0,0.0,0.0,0.0,0.0,0.0,0.0,0.0,0.0,0.0,0.0,0.0,0.0,1.0,1.0,5394,530,553,539.4,7.988881162104128,539.4,0.0006443977355957,10,0.1188465006301947,72.25
0.0,47,63.5,310.76284748977537,0.0,0.0,0.0,0.0,0.0,0.0,0.0,0,0,0,0,0,0.0321788787841796,0.0,0.0,0.0,0.0,0.0,0.0,0.0,0.0,0.0,0.0,0.0,0.0,0.0,1.0,1.0,5594,544,578,559.4,16.187786891494603,559.4,0.0032191038131713,10,0.0983285868681192,235.84
0.0,47,63.5,143150.3071672355,0.0,0.0,0.0,0.0,0.0,0.0,0.0,0,0,0,0,0,6.985664367675781e-05,0.0,0.0,0.0,0.0,0.0,0.0,0.0,0.0,0.0,0.0,0.0,0.0,0.0,1.0,1.0,5780,578,578,578.0,0.0,578.0,8.392333984375e-06,10,0.0,0.0
0.0,47,63.5,143150.3071672355,0.0,0.0,0.0,0.0,0.0,0.0,0.0,0,0,0,0,0,6.985664367675781e-05,0.0,0.0,0.0,0.0,0.0,0.0,0.0,0.0,0.0,0.0,0.0,0.0,0.0,1.0,1.0,5780,578,578,578.0,0.0,578.0,8.20159912109375e-06,10,0.0,0.0
0.0,47,63.5,140748.45637583893,0.0,0.0,0.0,0.0,0.0,0.0,0.0,0,0,0,0,0,7.104873657226562e-05,0.0,0.0,0.0,0.0,0.0,0.0,0.0,0.0,0.0,0.0,0.0,0.0,0.0,1.0,1.0,5780,578,578,578.0,0.0,578.0,8.20159912109375e-06,10,0.0,0.0
0.0,47,63.5,111254.74801061008,0.0,0.0,0.0,0.0,0.0,0.0,0.0,0,0,0,0,0,8.988380432128906e-05,0.0,0.0,0.0,0.0,0.0,0.0,0.0,0.0,0.0,0.0,0.0,0.0,0.0,1.0,1.0,5780,578,578,578.0,0.0,578.0,1.0204315185546874e-05,10,0.0,0.0
0.0,47,63.5,141222.3569023569,0.0,0.0,0.0,0.0,0.0,0.0,0.0,0,0,0,0,0,7.081031799316406e-05,0.0,0.0,0.0,0.0,0.0,0.0,0.0,0.0,0.0,0.0,0.0,0.0,0.0,1.0,1.0,5780,578,578,578.0,0.0,578.0,8.392333984375e-06,10,0.0,0.0
0.0,47,63.5,9578.223338661795,0.0,0.0,0.0,0.0,0.0,0.0,0.0,0,0,0,0,0,0.0010440349578857,0.0,0.0,0.0,0.0,0.0,0.0,0.0,0.0,0.0,0.0,0.0,0.0,0.0,1.0,1.0,5780,578,578,578.0,0.0,578.0,0.0001061201095581,10,0.0,0.0
0.0,47,63.5,1011.0410991924792,0.0,0.0,0.0,0.0,0.0,0.0,0.0,0,0,0,0,0,0.0098907947540283,0.0,0.0,0.0,0.0,0.0,0.0,0.0,0.0,0.0,0.0,0.0,0.0,0.0,1.0,1.0,5780,578,578,578.0,0.0,578.0,0.0030976772308349,10,0.0,0.0
0.0,47,63.5,893.2603556596741,0.0,0.0,0.0,0.0,0.0,0.0,0.0,0,0,0,0,0,0.0111949443817138,0.0,0.0,0.0,0.0,0.0,0.0,0.0,0.0,0.0,0.0,0.0,0.0,0.0,1.0,1.0,5780,578,578,578.0,0.0,578.0,0.0011222124099731,10,0.0,0.0
0.0,47,63.5,45245.9978425027,0.0,0.0,0.0,0.0,0.0,0.0,0.0,0,0,0,0,0,0.0002210140228271,0.0,0.0,0.0,0.0,0.0,0.0,0.0,0.0,0.0,0.0,0.0,0.0,0.0,1.0,1.0,5780,578,578,578.0,0.0,578.0,2.639293670654297e-05,10,0.0,0.0
0.0,47,63.5,72944.41739130435,0.0,0.0,0.0,0.0,0.0,0.0,0.0,0,0,0,0,0,0.0001370906829833,0.0,0.0,0.0,0.0,0.0,0.0,0.0,0.0,0.0,0.0,0.0,0.0,0.0,1.0,1.0,5780,578,578,578.0,0.0,578.0,1.7309188842773436e-05,10,0.0,0.0
0.0,47,63.5,76959.70642201835,0.0,0.0,0.0,0.0,0.0,0.0,0.0,0,0,0,0,0,0.0001299381256103,0.0,0.0,0.0,0.0,0.0,0.0,0.0,0.0,0.0,0.0,0.0,0.0,0.0,1.0,1.0,5780,578,578,578.0,0.0,578.0,1.5187263488769532e-05,10,0.0,0.0
0.0,47,63.5,66682.09856915739,0.0,0.0,0.0,0.0,0.0,0.0,0.0,0,0,0,0,0,0.0001499652862548,0.0,0.0,0.0,0.0,0.0,0.0,0.0,0.0,0.0,0.0,0.0,0.0,0.0,1.0,1.0,5882,572,635,588.2,24.78709341572747,588.2,1.7309188842773436e-05,10,0.0541159603738307,552.96
0.0,47,63.5,333.21183714001984,0.0,0.0,0.0,0.0,0.0,0.0,0.0,0,0,0,0,0,0.0300109386444091,0.0,0.0,0.0,0.0,0.0,0.0,0.0,0.0,0.0,0.0,0.0,0.0,0.0,1.0,1.0,5796,573,584,579.6,4.926120853842978,579.6,0.0030096054077148,10,0.0443212645910214,21.84
0.0,47,63.5,149263.487544484,0.0,0.0,0.0,0.0,0.0,0.0,0.0,0,0,0,0,0,6.699562072753906e-05,0.0,0.0,0.0,0.0,0.0,0.0,0.0,0.0,0.0,0.0,0.0,0.0,0.0,1.0,1.0,5810,573,587,581.0,5.291502622129181,581.0,7.700920104980468e-06,10,0.0444701065081505,33.55555555555556
0.0,47,63.5,119156.36363636365,0.0,0.0,0.0,0.0,0.0,0.0,0.0,0,0,0,0,0,8.392333984375e-05,0.0,0.0,0.0,0.0,0.0,0.0,0.0,0.0,0.0,0.0,0.0,0.0,0.0,1.0,1.0,5778,573,582,577.8,3.794733192202055,577.8,9.894371032714844e-06,10,0.0438603825131754,12.96
0.0,47,63.5,11725.759015935142,0.0,0.0,0.0,0.0,0.0,0.0,0.0,0,0,0,0,0,0.0008528232574462,0.0,0.0,0.0,0.0,0.0,0.0,0.0,0.0,0.0,0.0,0.0,0.0,0.0,1.0,1.0,5786,532,602,578.6,25.391162066969503,578.6,8.668899536132813e-05,10,0.1225272337796007,580.24
0.0,47,63.5,147168.56140350876,0.0,0.0,0.0,0.0,0.0,0.0,0.0,0,0,0,0,0,6.794929504394531e-05,0.0,0.0,0.0,0.0,0.0,0.0,0.0,0.0,0.0,0.0,0.0,0.0,0.0,1.0,1.0,5542,551,559,554.2,3.359894178227774,554.2,8.416175842285156e-06,10,0.0811741064924428,12.25
0.0,47,63.5,1658.352048078444,0.0,0.0,0.0,0.0,0.0,0.0,0.0,0,0,0,0,0,0.0060300827026367,0.0,0.0,0.0,0.0,0.0,0.0,0.0,0.0,0.0,0.0,0.0,0.0,0.0,1.0,1.0,5556,552,561,555.6,3.3065591380365986,555.6,0.0009846925735473,10,0.0794482499304705,9.84
0.0,47,63.5,73584.28070175438,0.0,0.0,0.0,0.0,0.0,0.0,0.0,0,0,0,0,0,0.0001358985900878,0.0,0.0,0.0,0.0,0.0,0.0,0.0,0.0,0.0,0.0,0.0,0.0,0.0,1.0,1.0,5558,553,559,555.8,2.440400695696417,555.8,1.5997886657714842e-05,10,0.0773912816273989,5.36
0.0,47,63.5,64133.08868501529,0.0,0.0,0.0,0.0,0.0,0.0,0.0,0,0,0,0,0,0.0001559257507324,0.0,0.0,0.0,0.0,0.0,0.0,0.0,0.0,0.0,0.0,0.0,0.0,0.0,1.0,1.0,5726,554,629,572.6,30.03405474531277,572.6,1.800060272216797e-05,10,0.0869277025410506,811.8399999999999
0.0,47,63.5,3664.427747684781,0.0,0.0,0.0,0.0,0.0,0.0,0.0,0,0,0,0,0,0.0027289390563964,0.0,0.0,0.0,0.0,0.0,0.0,0.0,0.0,0.0,0.0,0.0,0.0,0.0,1.0,1.0,5822,580,585,582.2,2.043961295567452,582.2,0.0002753973007202,10,0.0312182780733623,3.7777777777777777
0.0,47,63.5,67541.12721417069,0.0,0.0,0.0,0.0,0.0,0.0,0.0,0,0,0,0,0,0.000148057937622,0.0,0.0,0.0,0.0,0.0,0.0,0.0,0.0,0.0,0.0,0.0,0.0,0.0,1.0,1.0,5832,577,587,583.2,4.022160834399562,583.2,1.7404556274414062e-05,10,0.037136507437501,25.0
0.0,47,63.5,64527.75384615385,0.0,0.0,0.0,0.0,0.0,0.0,0.0,0,0,0,0,0,0.000154972076416,0.0,0.0,0.0,0.0,0.0,0.0,0.0,0.0,0.0,0.0,0.0,0.0,0.0,1.0,1.0,5846,583,587,584.6,1.4298407059684812,584.6,1.8095970153808595e-05,10,0.0258557199099833,2.25
0.0,47,63.5,81284.96124031008,0.0,0.0,0.0,0.0,0.0,0.0,0.0,0,0,0,0,0,0.0001230239868164,0.0,0.0,0.0,0.0,0.0,0.0,0.0,0.0,0.0,0.0,0.0,0.0,0.0,1.0,1.0,5438,420,580,543.8,65.57912947136629,543.8,1.5115737915039062e-05,10,0.3297607641814558,4723.0
0.0,47,63.5,108660.72538860104,0.0,0.0,0.0,0.0,0.0,0.0,0.0,0,0,0,0,0,9.202957153320312e-05,0.0,0.0,0.0,0.0,0.0,0.0,0.0,0.0,0.0,0.0,0.0,0.0,0.0,1.0,1.0,5242,517,533,524.2,5.71158666416104,524.2,1.0895729064941409e-05,10,0.1400725119435126,34.25
0.0,47,63.5,108660.72538860104,0.0,0.0,0.0,0.0,0.0,0.0,0.0,0,0,0,0,0,9.202957153320312e-05,0.0,0.0,0.0,0.0,0.0,0.0,0.0,0.0,0.0,0.0,0.0,0.0,0.0,1.0,1.0,5260,492,541,526.0,18.93849694845572,526.0,1.080036163330078e-05,10,0.1880638761169229,440.88888888888886
0.0,47,63.5,107546.2564102564,0.0,0.0,0.0,0.0,0.0,0.0,0.0,0,0,0,0,0,9.298324584960938e-05,0.0,0.0,0.0,0.0,0.0,0.0,0.0,0.0,0.0,0.0,0.0,0.0,0.0,1.0,1.0,5262,522,537,526.2,5.788878225624643,526.2,1.0895729064941409e-05,10,0.1315833474339904,56.25
0.0,47,63.5,73584.28070175438,0.0,0.0,0.0,0.0,0.0,0.0,0.0,0,0,0,0,0,0.0001358985900878,0.0,0.0,0.0,0.0,0.0,0.0,0.0,0.0,0.0,0.0,0.0,0.0,0.0,1.0,1.0,5530,521,629,553.0,43.701004310859695,553.0,1.5187263488769532e-05,10,0.1487313611160718,1718.8
0.0,47,63.5,110086.719160105,0.0,0.0,0.0,0.0,0.0,0.0,0.0,0,0,0,0,0,9.083747863769533e-05,0.0,0.0,0.0,0.0,0.0,0.0,0.0,0.0,0.0,0.0,0.0,0.0,0.0,1.0,1.0,5832,577,589,583.2,4.442221666388715,583.2,1.0704994201660156e-05,10,0.0373076234180201,20.25
0.0,47,63.5,6648.128071009669,0.0,0.0,0.0,0.0,0.0,0.0,0.0,0,0,0,0,0,0.0015041828155517,0.0,0.0,0.0,0.0,0.0,0.0,0.0,0.0,0.0,0.0,0.0,0.0,0.0,1.0,1.0,5790,572,588,579.0,5.773502691896258,579.0,0.0001520156860351,10,0.0463705840565708,64.0
0.0,47,63.5,9173.893263342085,0.0,0.0,0.0,0.0,0.0,0.0,0.0,0,0,0,0,0,0.0010900497436523,0.0,0.0,0.0,0.0,0.0,0.0,0.0,0.0,0.0,0.0,0.0,0.0,0.0,1.0,1.0,5838,580,588,583.8,3.359894178227774,583.8,0.0007210969924926,10,0.0317543364924429,12.25
0.0,47,63.5,243.8251143755704,0.0,0.0,0.0,0.0,0.0,0.0,0.0,0,0,0,0,0,0.0410130023956298,0.0,0.0,0.0,0.0,0.0,0.0,0.0,0.0,0.0,0.0,0.0,0.0,0.0,1.0,1.0,5652,495,589,565.2,37.25229299430216,565.2,0.0041034936904907,10,0.1904117940741589,1384.1875
0.0,47,63.5,1391.0071966305177,0.0,0.0,0.0,0.0,0.0,0.0,0.0,0,0,0,0,0,0.0071890354156494,0.0,0.0,0.0,0.0,0.0,0.0,0.0,0.0,0.0,0.0,0.0,0.0,0.0,1.0,1.0,5444,537,558,544.4,8.071899129421498,544.4,0.0009927034378051,10,0.1069514088293611,74.66666666666667
0.0,47,63.5,1727.1171505044265,0.0,0.0,0.0,0.0,0.0,0.0,0.0,0,0,0,0,0,0.0057899951934814,0.0,0.0,0.0,0.0,0.0,0.0,0.0,0.0,0.0,0.0,0.0,0.0,0.0,1.0,1.0,5454,534,560,545.4,11.305849027040042,545.4,0.0005806922912597,10,0.113381180659655,156.25
0.0,47,63.5,425.549806213348,0.0,0.0,0.0,0.0,0.0,0.0,0.0,0,0,0,0,0,0.0234990119934082,0.0,0.0,0.0,0.0,0.0,0.0,0.0,0.0,0.0,0.0,0.0,0.0,0.0,1.0,1.0,5462,538,557,546.2,6.579429222120175,546.2,0.0028476953506469,10,0.1046393062879229,60.66666666666666
0.0,47,63.5,3762.38249013276,0.0,0.0,0.0,0.0,0.0,0.0,0.0,0,0,0,0,0,0.0026578903198242,0.0,0.0,0.0,0.0,0.0,0.0,0.0,0.0,0.0,0.0,0.0,0.0,0.0,1.0,1.0,5624,547,578,562.4,13.929983648391136,562.4,0.0002686977386474,10,0.0922964581390086,174.64
0.0,47,63.5,1990.4631738800304,0.0,0.0,0.0,0.0,0.0,0.0,0.0,0,0,0,0,0,0.0050239562988281,0.0,0.0,0.0,0.0,0.0,0.0,0.0,0.0,0.0,0.0,0.0,0.0,0.0,1.0,1.0,5780,578,578,578.0,0.0,578.0,0.0005037069320678,10,0.0,0.0
0.0,47,63.5,485.7892054667593,0.0,0.0,0.0,0.0,0.0,0.0,0.0,0,0,0,0,0,0.0205850601196289,0.0,0.0,0.0,0.0,0.0,0.0,0.0,0.0,0.0,0.0,0.0,0.0,0.0,1.0,1.0,5780,578,578,578.0,0.0,578.0,0.0022170066833496,10,0.0,0.0
0.0,47,63.5,89240.51063829787,0.0,0.0,0.0,0.0,0.0,0.0,0.0,0,0,0,0,0,0.0001120567321777,0.0,0.0,0.0,0.0,0.0,0.0,0.0,0.0,0.0,0.0,0.0,0.0,0.0,1.0,1.0,5780,578,578,578.0,0.0,578.0,0.0001054048538208,10,0.0,0.0
0.0,47,63.5,76398.97996357013,0.0,0.0,0.0,0.0,0.0,0.0,0.0,0,0,0,0,0,0.0001308917999267,0.0,0.0,0.0,0.0,0.0,0.0,0.0,0.0,0.0,0.0,0.0,0.0,0.0,1.0,1.0,5792,548,614,579.2,22.05447800334436,579.2,1.4591217041015626e-05,10,0.0939019221594423,437.75999999999993
0.0,47,63.5,1271.1167681910476,0.0,0.0,0.0,0.0,0.0,0.0,0.0,0,0,0,0,0,0.0078670978546142,0.0,0.0,0.0,0.0,0.0,0.0,0.0,0.0,0.0,0.0,0.0,0.0,0.0,1.0,1.0,5776,575,581,577.6,2.270584848790187,577.6,0.0007894039154052,10,0.0398312454440032,4.64
0.0,47,63.5,17924.37606837607,0.0,0.0,0.0,0.0,0.0,0.0,0.0,0,0,0,0,0,0.0005578994750976,0.0,0.0,0.0,0.0,0.0,0.0,0.0,0.0,0.0,0.0,0.0,0.0,0.0,1.0,1.0,5780,574,581,578.0,2.581988897471611,578.0,5.6695938110351565e-05,10,0.041662228997274,7.1875
0.0,47,63.5,1912.4129126390665,0.0,0.0,0.0,0.0,0.0,0.0,0.0,0,0,0,0,0,0.0052289962768554,0.0,0.0,0.0,0.0,0.0,0.0,0.0,0.0,0.0,0.0,0.0,0.0,0.0,1.0,1.0,5790,575,581,579.0,2.211083193570267,579.0,0.0006160974502563,10,0.0398070068497328,6.888888888888888
0.0,47,63.5,2436.1410234070977,0.0,0.0,0.0,0.0,0.0,0.0,0.0,0,0,0,0,0,0.0041048526763916,0.0,0.0,0.0,0.0,0.0,0.0,0.0,0.0,0.0,0.0,0.0,0.0,0.0,1.0,1.0,5876,570,633,587.6,24.2542092566768,587.6,0.000527000427246,10,0.0573071446827998,529.44
0.0,47,63.5,518.8658518481865,0.0,0.0,0.0,0.0,0.0,0.0,0.0,0,0,0,0,0,0.0192728042602539,0.0,0.0,0.0,0.0,0.0,0.0,0.0,0.0,0.0,0.0,0.0,0.0,0.0,1.0,1.0,5774,571,591,577.4,7.961016127215029,577.4,0.002188491821289,10,0.0489658195295823,57.04
0.0,47,63.5,178481.02127659574,0.0,0.0,0.0,0.0,0.0,0.0,0.0,0,0,0,0,0,5.602836608886719e-05,0.0,0.0,0.0,0.0,0.0,0.0,0.0,0.0,0.0,0.0,0.0,0.0,0.0,1.0,1.0,5832,581,588,583.2,2.699794230842212,583.2,8.511543273925782e-06,10,0.0297813081778759,12.25
0.0,47,63.5,185588.67256637168,0.0,0.0,0.0,0.0,0.0,0.0,0.0,0,0,0,0,0,5.3882598876953125e-05,0.0,0.0,0.0,0.0,0.0,0.0,0.0,0.0,0.0,0.0,0.0,0.0,0.0,1.0,1.0,5816,575,587,581.6,4.402019738458447,581.6,6.29425048828125e-06,10,0.0406995067606584,24.222222222222225
0.0,47,63.5,169809.87854251012,0.0,0.0,0.0,0.0,0.0,0.0,0.0,0,0,0,0,0,5.888938903808594e-05,0.0,0.0,0.0,0.0,0.0,0.0,0.0,0.0,0.0,0.0,0.0,0.0,0.0,1.0,1.0,5732,522,598,573.2,27.85996729678227,573.2,6.794929504394531e-06,10,0.1405742262780172,700.246913580247
0.0,47,63.5,6661.855146124523,0.0,0.0,0.0,0.0,0.0,0.0,0.0,0,0,0,0,0,0.0015010833740234,0.0,0.0,0.0,0.0,0.0,0.0,0.0,0.0,0.0,0.0,0.0,0.0,0.0,1.0,1.0,5516,550,554,551.6,1.4298407059684812,551.6,0.0001511096954345,10,0.0820920099099833,2.888888888888889
0.0,47,63.5,6280.778676250375,0.0,0.0,0.0,0.0,0.0,0.0,0.0,0,0,0,0,0,0.0015921592712402,0.0,0.0,0.0,0.0,0.0,0.0,0.0,0.0,0.0,0.0,0.0,0.0,0.0,1.0,1.0,5526,548,556,552.6,3.0258148581093915,552.6,0.0005849123001098,10,0.0861504059405994,10.888888888888888
0.0,47,63.5,70492.50420168067,0.0,0.0,0.0,0.0,0.0,0.0,0.0,0,0,0,0,0,0.0001418590545654,0.0,0.0,0.0,0.0,0.0,0.0,0.0,0.0,0.0,0.0,0.0,0.0,0.0,1.0,1.0,5550,553,561,555.0,3.197221015541813,555.0,0.000947880744934,10,0.0776995799528911,13.04
0.0,47,63.5,1025.8282583706311,0.0,0.0,0.0,0.0,0.0,0.0,0.0,0,0,0,0,0,0.0097482204437255,0.0,0.0,0.0,0.0,0.0,0.0,0.0,0.0,0.0,0.0,0.0,0.0,0.0,1.0,1.0,5510,501,591,551.0,30.37542866638538,551.0,0.0009764194488525,10,0.1773856546215387,830.4
0.0,47,63.5,195.38561872286508,0.0,0.0,0.0,0.0,0.0,0.0,0.0,0,0,0,0,0,0.0511808395385742,0.0,0.0,0.0,0.0,0.0,0.0,0.0,0.0,0.0,0.0,0.0,0.0,0.0,1.0,1.0,5492,543,555,549.2,4.3410188256265885,549.2,0.0063182830810546,10,0.0952068174288072,16.96
0.0,47,63.5,1698.6489551271668,0.0,0.0,0.0,0.0,0.0,0.0,0.0,0,0,0,0,0,0.0058870315551757,0.0,0.0,0.0,0.0,0.0,0.0,0.0,0.0,0.0,0.0,0.0,0.0,0.0,1.0,1.0,5472,545,549,547.2,1.5491933384829668,547.2,0.0005908012390136,10,0.0906612793983644,2.16
0.0,47,63.5,192399.26605504588,0.0,0.0,0.0,0.0,0.0,0.0,0.0,0,0,0,0,0,5.197525024414063e-05,0.0,0.0,0.0,0.0,0.0,0.0,0.0,0.0,0.0,0.0,0.0,0.0,0.0,1.0,1.0,5470,543,549,547.0,2.309401076758503,547.0,6.008148193359375e-06,10,0.0943792176226283,6.222222222222221
0.0,47,63.5,3209.3534317851404,0.0,0.0,0.0,0.0,0.0,0.0,0.0,0,0,0,0,0,0.0031158924102783,0.0,0.0,0.0,0.0,0.0,0.0,0.0,0.0,0.0,0.0,0.0,0.0,0.0,1.0,1.0,5616,547,578,561.6,14.462211295495427,561.6,0.0003124952316284,10,0.092513266393333,188.24
0.0,47,63.5,1579.775517890772,0.0,0.0,0.0,0.0,0.0,0.0,0.0,0,0,0,0,0,0.0063300132751464,0.0,0.0,0.0,0.0,0.0,0.0,0.0,0.0,0.0,0.0,0.0,0.0,0.0,1.0,1.0,5780,578,578,578.0,0.0,578.0,0.0006357908248901,10,0.0,0.0
0.0,47,63.5,109798.5340314136,0.0,0.0,0.0,0.0,0.0,0.0,0.0,0,0,0,0,0,9.107589721679688e-05,0.0,0.0,0.0,0.0,0.0,0.0,0.0,0.0,0.0,0.0,0.0,0.0,0.0,1.0,1.0,5780,578,578,578.0,0.0,578.0,1.1014938354492188e-05,10,0.0,0.0
0.0,47,63.5,110086.719160105,0.0,0.0,0.0,0.0,0.0,0.0,0.0,0,0,0,0,0,9.083747863769533e-05,0.0,0.0,0.0,0.0,0.0,0.0,0.0,0.0,0.0,0.0,0.0,0.0,0.0,1.0,1.0,5780,578,578,578.0,0.0,578.0,1.0585784912109376e-05,10,0.0,0.0
0.0,47,63.5,85423.7067209776,0.0,0.0,0.0,0.0,0.0,0.0,0.0,0,0,0,0,0,0.0001170635223388,0.0,0.0,0.0,0.0,0.0,0.0,0.0,0.0,0.0,0.0,0.0,0.0,0.0,1.0,1.0,5862,567,630,586.2,23.51736946740997,586.2,1.3208389282226562e-05,10,0.0621193756262441,497.7600000000001
0.0,47,63.5,43464.290155440416,0.0,0.0,0.0,0.0,0.0,0.0,0.0,0,0,0,0,0,0.000230073928833,0.0,0.0,0.0,0.0,0.0,0.0,0.0,0.0,0.0,0.0,0.0,0.0,0.0,1.0,1.0,5806,576,583,580.6,2.716206504995115,580.6,2.460479736328125e-05,10,0.0383086438818748,8.1875
0.0,47,63.5,69442.11920529802,0.0,0.0,0.0,0.0,0.0,0.0,0.0,0,0,0,0,0,0.0001440048217773,0.0,0.0,0.0,0.0,0.0,0.0,0.0,0.0,0.0,0.0,0.0,0.0,0.0,1.0,1.0,5842,581,588,584.2,2.4404006956964173,584.2,1.6999244689941406e-05,10,0.0296756416273989,6.5
0.0,47,63.5,70021.76961602671,0.0,0.0,0.0,0.0,0.0,0.0,0.0,0,0,0,0,0,0.0001428127288818,0.0,0.0,0.0,0.0,0.0,0.0,0.0,0.0,0.0,0.0,0.0,0.0,0.0,1.0,1.0,5796,573,583,579.6,3.864367132317183,579.6,1.6689300537109375e-05,10,0.0438887485950207,22.222222222222214
0.0,47,63.5,102051.19221411191,0.0,0.0,0.0,0.0,0.0,0.0,0.0,0,0,0,0,0,9.79900360107422e-05,0.0,0.0,0.0,0.0,0.0,0.0,0.0,0.0,0.0,0.0,0.0,0.0,0.0,1.0,1.0,5638,490,587,563.8,39.00655215615847,563.8,1.2302398681640624e-05,10,0.1996470590863327,1543.5
0.0,47,63.5,112147.16577540108,0.0,0.0,0.0,0.0,0.0,0.0,0.0,0,0,0,0,0,8.916854858398438e-05,0.0,0.0,0.0,0.0,0.0,0.0,0.0,0.0,0.0,0.0,0.0,0.0,0.0,1.0,1.0,5518,548,556,551.8,3.794733192202055,551.8,1.0514259338378908e-05,10,0.0864636325131754,16.0
0.0,47,63.5,113666.77506775068,0.0,0.0,0.0,0.0,0.0,0.0,0.0,0,0,0,0,0,8.797645568847656e-05,0.0,0.0,0.0,0.0,0.0,0.0,0.0,0.0,0.0,0.0,0.0,0.0,0.0,1.0,1.0,5438,530,556,543.8,11.820885471627468,543.8,1.02996826171875e-05,10,0.1204075059057221,169.0
0.0,47,63.5,88674.50317124736,0.0,0.0,0.0,0.0,0.0,0.0,0.0,0,0,0,0,0,0.000112771987915,0.0,0.0,0.0,0.0,0.0,0.0,0.0,0.0,0.0,0.0,0.0,0.0,0.0,1.0,1.0,5412,521,562,541.2,17.943120006162683,541.2,1.277923583984375e-05,10,0.1382386293657104,343.1875
0.0,47,63.5,93414.3429844098,0.0,0.0,0.0,0.0,0.0,0.0,0.0,0,0,0,0,0,0.0001070499420166,0.0,0.0,0.0,0.0,0.0,0.0,0.0,0.0,0.0,0.0,0.0,0.0,0.0,1.0,1.0,5440,495,589,544.0,31.692971530679237,544.0,1.3017654418945313e-05,10,0.1881471488827375,904.0
0.0,47,63.5,97090.37037037036,0.0,0.0,0.0,0.0,0.0,0.0,0.0,0,0,0,0,0,0.0001029968261718,0.0,0.0,0.0,0.0,0.0,0.0,0.0,0.0,0.0,0.0,0.0,0.0,0.0,1.0,1.0,5460,537,555,546.0,6.9602043392737,546.0,1.1897087097167968e-05,10,0.1064985488396465,43.6
0.0,47,63.5,58497.96373779637,0.0,0.0,0.0,0.0,0.0,0.0,0.0,0,0,0,0,0,0.0001709461212158,0.0,0.0,0.0,0.0,0.0,0.0,0.0,0.0,0.0,0.0,0.0,0.0,0.0,1.0,1.0,5390,524,550,539.0,10.198039027185567,539.0,1.8596649169921875e-05,10,0.1299712031781143,118.22222222222224
0.0,47,63.5,61320.23391812865,0.0,0.0,0.0,0.0,0.0,0.0,0.0,0,0,0,0,0,0.0001630783081054,0.0,0.0,0.0,0.0,0.0,0.0,0.0,0.0,0.0,0.0,0.0,0.0,0.0,1.0,1.0,5780,578,578,578.0,0.0,578.0,1.8811225891113283e-05,10,0.0,0.0
0.0,47,63.5,44431.18644067797,0.0,0.0,0.0,0.0,0.0,0.0,0.0,0,0,0,0,0,0.0002250671386718,0.0,0.0,0.0,0.0,0.0,0.0,0.0,0.0,0.0,0.0,0.0,0.0,0.0,1.0,1.0,5724,550,578,572.4,11.80583659796195,572.4,2.4890899658203126e-05,10,0.0863187755965458,125.44
0.0,47,63.5,30.42055508774831,0.0,0.0,0.0,0.0,0.0,0.0,0.0,0,0,0,0,0,0.3287250995635986,0.0,0.0,0.0,0.0,0.0,0.0,0.0,0.0,0.0,0.0,0.0,0.0,0.0,1.0,1.0,5862,575,614,586.2,14.972567507871778,586.2,0.032875108718872,10,0.0450055251000067,380.25
0.0,47,63.5,22.11209502977852,0.0,0.0,0.0,0.0,0.0,0.0,0.0,0,0,0,0,0,0.4522411823272705,0.0,0.0,0.0,0.0,0.0,0.0,0.0,0.0,0.0,0.0,0.0,0.0,0.0,1.0,1.0,5784,576,580,578.4,1.4298407059684812,578.4,0.0509207963943481,10,0.0377846299099833,2.25
0.0,47,63.5,28.08389203550607,0.0,0.0,0.0,0.0,0.0,0.0,0.0,0,0,0,0,0,0.3560760021209717,0.0,0.0,0.0,0.0,0.0,0.0,0.0,0.0,0.0,0.0,0.0,0.0,0.0,1.0,1.0,5812,580,583,581.2,1.5491933384829668,581.2,0.0965128898620605,10,0.0310167293983644,2.25
0.0,47,63.5,49.522100321622375,0.0,0.0,0.0,0.0,0.0,0.0,0.0,0,0,0,0,0,0.2019300460815429,0.0,0.0,0.0,0.0,0.0,0.0,0.0,0.0,0.0,0.0,0.0,0.0,0.0,1.0,1.0,5786,571,583,578.6,4.550946177566935,578.6,0.0282706975936889,10,0.0475766934348937,30.25
0.0,47,63.5,1896.416331328842,0.0,0.0,0.0,0.0,0.0,0.0,0.0,0,0,0,0,0,0.0052731037139892,0.0,0.0,0.0,0.0,0.0,0.0,0.0,0.0,0.0,0.0,0.0,0.0,0.0,1.0,1.0,5780,578,578,578.0,0.0,578.0,0.0008334159851074,10,0.0,0.0
0.0,47,63.5,1102.3137976346911,0.0,0.0,0.0,0.0,0.0,0.0,0.0,0,0,0,0,0,0.0090718269348144,0.0,0.0,0.0,0.0,0.0,0.0,0.0,0.0,0.0,0.0,0.0,0.0,0.0,1.0,1.0,5780,578,578,578.0,0.0,578.0,0.0010060787200927,10,0.0,0.0
0.0,47,63.5,6397.657107992679,0.0,0.0,0.0,0.0,0.0,0.0,0.0,0,0,0,0,0,0.0015630722045898,0.0,0.0,0.0,0.0,0.0,0.0,0.0,0.0,0.0,0.0,0.0,0.0,0.0,1.0,1.0,5780,578,578,578.0,0.0,578.0,0.0001593112945556,10,0.0,0.0
0.0,47,63.5,53498.77551020408,0.0,0.0,0.0,0.0,0.0,0.0,0.0,0,0,0,0,0,0.0001869201660156,0.0,0.0,0.0,0.0,0.0,0.0,0.0,0.0,0.0,0.0,0.0,0.0,0.0,1.0,1.0,5602,489,578,560.2,37.52569490066477,560.2,0.000973892211914,10,0.2007479470747348,1267.36
0.0,47,63.5,3097.9422409336,0.0,0.0,0.0,0.0,0.0,0.0,0.0,0,0,0,0,0,0.003227949142456,0.0,0.0,0.0,0.0,0.0,0.0,0.0,0.0,0.0,0.0,0.0,0.0,0.0,1.0,1.0,5462,524,587,546.2,23.241724931204608,546.2,0.00032479763031,10,0.1352846790679755,992.25
0.0,47,63.5,1074.1130374657482,0.0,0.0,0.0,0.0,0.0,0.0,0.0,0,0,0,0,0,0.0093100070953369,0.0,0.0,0.0,0.0,0.0,0.0,0.0,0.0,0.0,0.0,0.0,0.0,0.0,1.0,1.0,5446,528,553,544.6,10.254538290706,544.6,0.0011290073394775,10,0.123177698718102,104.66666666666669
0.0,47,63.5,51590.455104551045,0.0,0.0,0.0,0.0,0.0,0.0,0.0,0,0,0,0,0,0.0001938343048095,0.0,0.0,0.0,0.0,0.0,0.0,0.0,0.0,0.0,0.0,0.0,0.0,0.0,1.0,1.0,5460,537,553,546.0,6.073622386096199,546.0,0.0001267910003662,10,0.1061373908152002,36.5
0.0,47,63.5,1636.6738205798572,0.0,0.0,0.0,0.0,0.0,0.0,0.0,0,0,0,0,0,0.0061099529266357,0.0,0.0,0.0,0.0,0.0,0.0,0.0,0.0,0.0,0.0,0.0,0.0,0.0,1.0,1.0,5258,451,554,525.8,39.8519482306421,525.8,0.0006134033203125,10,0.2664525096312344,1429.36
0.0,47,63.5,1044.7105708877154,0.0,0.0,0.0,0.0,0.0,0.0,0.0,0,0,0,0,0,0.0095720291137695,0.0,0.0,0.0,0.0,0.0,0.0,0.0,0.0,0.0,0.0,0.0,0.0,0.0,1.0,1.0,5438,532,573,543.8,15.711283984590324,543.8,0.0009598016738891,10,0.1185840386439627,282.23999999999995
0.0,47,63.5,72440.48359240069,0.0,0.0,0.0,0.0,0.0,0.0,0.0,0,0,0,0,0,0.0001380443572998,0.0,0.0,0.0,0.0,0.0,0.0,0.0,0.0,0.0,0.0,0.0,0.0,0.0,1.0,1.0,5322,521,540,532.2,7.1616261343977525,532.2,1.7118453979492187e-05,10,0.1338466800221082,50.88888888888889
0.0,47,63.5,84733.41414141415,0.0,0.0,0.0,0.0,0.0,0.0,0.0,0,0,0,0,0,0.0001180171966552,0.0,0.0,0.0,0.0,0.0,0.0,0.0,0.0,0.0,0.0,0.0,0.0,0.0,1.0,1.0,5316,519,543,531.6,8.959166627910582,531.6,1.3780593872070312e-05,10,0.1379871861175457,72.24
0.0,47,63.5,1729.823895739679,0.0,0.0,0.0,0.0,0.0,0.0,0.0,0,0,0,0,0,0.0057809352874755,0.0,0.0,0.0,0.0,0.0,0.0,0.0,0.0,0.0,0.0,0.0,0.0,0.0,1.0,1.0,5204,513,531,520.4,7.167829363048326,520.4,0.0005803108215332,10,0.1474822469693313,50.88888888888889
0.0,47,63.5,2370.1989150090417,0.0,0.0,0.0,0.0,0.0,0.0,0.0,0,0,0,0,0,0.0042190551757812,0.0,0.0,0.0,0.0,0.0,0.0,0.0,0.0,0.0,0.0,0.0,0.0,0.0,1.0,1.0,5602,544,595,560.2,18.93145530591877,560.2,0.0005152940750122,10,0.099446247633419,650.25
0.0,47,63.5,3916.981695928278,0.0,0.0,0.0,0.0,0.0,0.0,0.0,0,0,0,0,0,0.0025529861450195,0.0,0.0,0.0,0.0,0.0,0.0,0.0,0.0,0.0,0.0,0.0,0.0,0.0,1.0,1.0,5462,542,548,546.2,2.3475755815545347,546.2,0.0002568006515502,10,0.096098898388902,9.0
0.0,47,63.5,109.93350474797592,0.0,0.0,0.0,0.0,0.0,0.0,0.0,0,0,0,0,0,0.0909640789031982,0.0,0.0,0.0,0.0,0.0,0.0,0.0,0.0,0.0,0.0,0.0,0.0,0.0,1.0,1.0,5490,541,553,549.0,4.760952285695233,549.0,0.0116621017456054,10,0.0987861415231008,20.4
0.0,47,63.5,111.60347185635752,0.0,0.0,0.0,0.0,0.0,0.0,0.0,0,0,0,0,0,0.0896029472351074,0.0,0.0,0.0,0.0,0.0,0.0,0.0,0.0,0.0,0.0,0.0,0.0,0.0,1.0,1.0,5536,544,558,553.6,5.274677451960661,553.6,0.0112797021865844,10,0.0938830226068306,34.666666666666664
0.0,47,63.5,186.8736355292587,0.0,0.0,0.0,0.0,0.0,0.0,0.0,0,0,0,0,0,0.0535120964050293,0.0,0.0,0.0,0.0,0.0,0.0,0.0,0.0,0.0,0.0,0.0,0.0,0.0,1.0,1.0,5868,577,620,586.8,17.554992958636518,586.8,0.0061572074890136,10,0.0426492419316301,462.25
0.0,47,63.5,296.76119318503424,0.0,0.0,0.0,0.0,0.0,0.0,0.0,0,0,0,0,0,0.0336971282958984,0.0,0.0,0.0,0.0,0.0,0.0,0.0,0.0,0.0,0.0,0.0,0.0,0.0,1.0,1.0,5798,572,586,579.8,5.094659513211414,579.8,0.0042079925537109,10,0.0460940504993018,26.75
0.0,47,63.5,1612.3876523276824,0.0,0.0,0.0,0.0,0.0,0.0,0.0,0,0,0,0,0,0.0062019824981689,0.0,0.0,0.0,0.0,0.0,0.0,0.0,0.0,0.0,0.0,0.0,0.0,0.0,1.0,1.0,5798,578,583,579.8,1.8135294011647256,579.8,0.00085129737854,10,0.0345326693368584,4.666666666666667
0.0,47,63.5,1740.9530134484476,0.0,0.0,0.0,0.0,0.0,0.0,0.0,0,0,0,0,0,0.0057439804077148,0.0,0.0,0.0,0.0,0.0,0.0,0.0,0.0,0.0,0.0,0.0,0.0,0.0,1.0,1.0,5814,578,584,581.4,2.1705094128132942,581.4,0.0005759954452514,10,0.0346780887144036,4.24
0.0,47,63.5,3251.146422757926,0.0,0.0,0.0,0.0,0.0,0.0,0.0,0,0,0,0,0,0.0030758380889892,0.0,0.0,0.0,0.0,0.0,0.0,0.0,0.0,0.0,0.0,0.0,0.0,0.0,1.0,1.0,5780,578,578,578.0,0.0,578.0,0.0003088951110839,10,0.0,0.0
0.0,47,63.5,2447.370755047263,0.0,0.0,0.0,0.0,0.0,0.0,0.0,0,0,0,0,0,0.0040860176086425,0.0,0.0,0.0,0.0,0.0,0.0,0.0,0.0,0.0,0.0,0.0,0.0,0.0,1.0,1.0,5780,578,578,578.0,0.0,578.0,0.0004106044769287,10,0.0,0.0
0.0,47,63.5,1073.8930281383618,0.0,0.0,0.0,0.0,0.0,0.0,0.0,0,0,0,0,0,0.0093119144439697,0.0,0.0,0.0,0.0,0.0,0.0,0.0,0.0,0.0,0.0,0.0,0.0,0.0,1.0,1.0,5780,578,578,578.0,0.0,578.0,0.0009331941604614,10,0.0,0.0
0.0,47,63.5,57456.21917808219,0.0,0.0,0.0,0.0,0.0,0.0,0.0,0,0,0,0,0,0.0001740455627441,0.0,0.0,0.0,0.0,0.0,0.0,0.0,0.0,0.0,0.0,0.0,0.0,0.0,1.0,1.0,5464,420,578,546.4,66.61864937421386,546.4,6.060600280761719e-05,10,0.3301842230090798,3994.24
0.0,47,63.5,60611.32947976879,0.0,0.0,0.0,0.0,0.0,0.0,0.0,0,0,0,0,0,0.0001649856567382,0.0,0.0,0.0,0.0,0.0,0.0,0.0,0.0,0.0,0.0,0.0,0.0,0.0,1.0,1.0,5314,518,563,531.4,18.21598809349145,531.4,1.9097328186035155e-05,10,0.1434621749097646,484.0
0.0,47,63.5,1910.9317053168709,0.0,0.0,0.0,0.0,0.0,0.0,0.0,0,0,0,0,0,0.0052330493927001,0.0,0.0,0.0,0.0,0.0,0.0,0.0,0.0,0.0,0.0,0.0,0.0,0.0,1.0,1.0,5200,511,534,520.0,9.237604307034012,520.0,0.0014585018157958,10,0.1517336504905134,95.6875
0.0,47,63.5,66682.09856915739,0.0,0.0,0.0,0.0,0.0,0.0,0.0,0,0,0,0,0,0.0001499652862548,0.0,0.0,0.0,0.0,0.0,0.0,0.0,0.0,0.0,0.0,0.0,0.0,0.0,1.0,1.0,5218,511,530,521.8,6.646636576327743,521.8,1.7714500427246093e-05,10,0.1506781938757329,49.0
0.0,47,63.5,656.1699597941208,0.0,0.0,0.0,0.0,0.0,0.0,0.0,0,0,0,0,0,0.0152399539947509,0.0,0.0,0.0,0.0,0.0,0.0,0.0,0.0,0.0,0.0,0.0,0.0,0.0,1.0,1.0,5040,420,533,504.0,44.80575359879081,504.0,0.0015265941619873,10,0.3212985217860035,1806.8
0.0,47,63.5,741.5671852899576,0.0,0.0,0.0,0.0,0.0,0.0,0.0,0,0,0,0,0,0.0134849548339843,0.0,0.0,0.0,0.0,0.0,0.0,0.0,0.0,0.0,0.0,0.0,0.0,0.0,1.0,1.0,5276,498,563,527.6,22.17706523014761,527.6,0.0013514995574951,10,0.1791583592921529,442.64
0.0,47,63.5,88674.50317124736,0.0,0.0,0.0,0.0,0.0,0.0,0.0,0,0,0,0,0,0.000112771987915,0.0,0.0,0.0,0.0,0.0,0.0,0.0,0.0,0.0,0.0,0.0,0.0,0.0,1.0,1.0,5188,508,537,518.8,11.89584427903758,518.8,1.468658447265625e-05,10,0.1579289011255087,138.1875
0.0,47,63.5,38026.32819582956,0.0,0.0,0.0,0.0,0.0,0.0,0.0,0,0,0,0,0,0.000262975692749,0.0,0.0,0.0,0.0,0.0,0.0,0.0,0.0,0.0,0.0,0.0,0.0,0.0,1.0,1.0,5240,512,540,524.0,9.545214042184236,524.0,2.7918815612792967e-05,10,0.1501548283922242,82.0
0.0,47,63.5,73071.49825783972,0.0,0.0,0.0,0.0,0.0,0.0,0.0,0,0,0,0,0,0.0001368522644042,0.0,0.0,0.0,0.0,0.0,0.0,0.0,0.0,0.0,0.0,0.0,0.0,0.0,1.0,1.0,5328,524,546,532.8,7.64198926981712,532.8,1.6283988952636718e-05,10,0.1289299707489527,52.56
0.0,47,63.5,4050.119737350328,0.0,0.0,0.0,0.0,0.0,0.0,0.0,0,0,0,0,0,0.0024690628051757,0.0,0.0,0.0,0.0,0.0,0.0,0.0,0.0,0.0,0.0,0.0,0.0,0.0,1.0,1.0,5862,579,614,586.2,14.657572938397555,586.2,0.0002485036849975,10,0.0380606889121857,289.0
0.0,47,63.5,51527.07616707616,0.0,0.0,0.0,0.0,0.0,0.0,0.0,0,0,0,0,0,0.0001940727233886,0.0,0.0,0.0,0.0,0.0,0.0,0.0,0.0,0.0,0.0,0.0,0.0,0.0,1.0,1.0,5764,572,581,576.4,3.0983866769659336,576.4,2.231597900390625e-05,10,0.0452808487967288,20.25
0.0,47,63.5,1116.0703547005137,0.0,0.0,0.0,0.0,0.0,0.0,0.0,0,0,0,0,0,0.0089600086212158,0.0,0.0,0.0,0.0,0.0,0.0,0.0,0.0,0.0,0.0,0.0,0.0,0.0,1.0,1.0,5776,573,584,577.6,3.977715704047012,577.6,0.0008983850479125,10,0.0439349222692005,20.22222222222222
0.0,47,63.5,96199.63302752294,0.0,0.0,0.0,0.0,0.0,0.0,0.0,0,0,0,0,0,0.0001039505004882,0.0,0.0,0.0,0.0,0.0,0.0,0.0,0.0,0.0,0.0,0.0,0.0,0.0,1.0,1.0,5672,528,582,567.2,20.863578046176283,567.2,1.220703125e-05,10,0.1274993971528904,391.76
0.0,47,63.5,609.0440994961302,0.0,0.0,0.0,0.0,0.0,0.0,0.0,0,0,0,0,0,0.0164191722869873,0.0,0.0,0.0,0.0,0.0,0.0,0.0,0.0,0.0,0.0,0.0,0.0,0.0,1.0,1.0,5638,550,600,563.8,19.303425142244112,563.8,0.0016437053680419,10,0.0893729932659446,529.0
0.0,47,63.5,89240.51063829787,0.0,0.0,0.0,0.0,0.0,0.0,0.0,0,0,0,0,0,0.0001120567321777,0.0,0.0,0.0,0.0,0.0,0.0,0.0,0.0,0.0,0.0,0.0,0.0,0.0,1.0,1.0,5572,554,563,557.2,3.2930904093942583,557.2,0.0003051996231079,10,0.0760345033091709,9.760000000000002
0.0,47,63.5,106454.41624365482,0.0,0.0,0.0,0.0,0.0,0.0,0.0,0,0,0,0,0,9.393692016601562e-05,0.0,0.0,0.0,0.0,0.0,0.0,0.0,0.0,0.0,0.0,0.0,0.0,0.0,1.0,1.0,5538,550,558,553.8,3.2930904093942583,553.8,1.0991096496582032e-05,10,0.0828510233091709,11.1875
0.0,47,63.5,60963.72093023256,0.0,0.0,0.0,0.0,0.0,0.0,0.0,0,0,0,0,0,0.0001640319824218,0.0,0.0,0.0,0.0,0.0,0.0,0.0,0.0,0.0,0.0,0.0,0.0,0.0,1.0,1.0,5462,510,557,546.2,19.17637435318088,546.2,1.800060272216797e-05,10,0.1574864378565118,330.96
0.0,47,63.5,623.0490648999539,0.0,0.0,0.0,0.0,0.0,0.0,0.0,0,0,0,0,0,0.016050100326538,0.0,0.0,0.0,0.0,0.0,0.0,0.0,0.0,0.0,0.0,0.0,0.0,0.0,1.0,1.0,5598,545,594,559.8,18.54004674571597,559.8,0.0016066074371337,10,0.0975826734423349,600.25
0.0,47,63.5,538.6497489308694,0.0,0.0,0.0,0.0,0.0,0.0,0.0,0,0,0,0,0,0.0185649394989013,0.0,0.0,0.0,0.0,0.0,0.0,0.0,0.0,0.0,0.0,0.0,0.0,0.0,1.0,1.0,5522,546,556,552.2,3.910100879630715,552.2,0.0018602848052978,10,0.0899188886943264,20.22222222222222
0.0,47,63.5,10131.169082125603,0.0,0.0,0.0,0.0,0.0,0.0,0.0,0,0,0,0,0,0.0009870529174804,0.0,0.0,0.0,0.0,0.0,0.0,0.0,0.0,0.0,0.0,0.0,0.0,0.0,1.0,1.0,5506,547,554,550.6,2.4585451886114367,550.6,0.0015087127685546,10,0.0876234529680327,5.44
0.0,47,63.5,97997.7570093458,0.0,0.0,0.0,0.0,0.0,0.0,0.0,0,0,0,0,0,0.0001020431518554,0.0,0.0,0.0,0.0,0.0,0.0,0.0,0.0,0.0,0.0,0.0,0.0,0.0,1.0,1.0,5546,545,578,554.6,12.729667884294722,554.6,1.1992454528808591e-05,10,0.0952157575093463,145.83999999999995
0.0,47,63.5,102051.19221411191,0.0,0.0,0.0,0.0,0.0,0.0,0.0,0,0,0,0,0,9.79900360107422e-05,0.0,0.0,0.0,0.0,0.0,0.0,0.0,0.0,0.0,0.0,0.0,0.0,0.0,1.0,1.0,5780,578,578,578.0,0.0,578.0,1.1396408081054689e-05,10,0.0,0.0
0.0,47,63.5,109798.5340314136,0.0,0.0,0.0,0.0,0.0,0.0,0.0,0,0,0,0,0,9.107589721679688e-05,0.0,0.0,0.0,0.0,0.0,0.0,0.0,0.0,0.0,0.0,0.0,0.0,0.0,1.0,1.0,5780,578,578,578.0,0.0,578.0,1.0704994201660156e-05,10,0.0,0.0
0.0,47,63.5,113666.77506775068,0.0,0.0,0.0,0.0,0.0,0.0,0.0,0,0,0,0,0,8.797645568847656e-05,0.0,0.0,0.0,0.0,0.0,0.0,0.0,0.0,0.0,0.0,0.0,0.0,0.0,1.0,1.0,5780,578,578,578.0,0.0,578.0,1.02996826171875e-05,10,0.0,0.0
0.0,47,63.5,62508.2563338301,0.0,0.0,0.0,0.0,0.0,0.0,0.0,0,0,0,0,0,0.0001599788665771,0.0,0.0,0.0,0.0,0.0,0.0,0.0,0.0,0.0,0.0,0.0,0.0,0.0,1.0,1.0,5768,572,578,576.8,2.5298221281347035,576.8,1.749992370605469e-05,10,0.0450492383421169,5.76
0.0,47,63.5,2174.3411093831,0.0,0.0,0.0,0.0,0.0,0.0,0.0,0,0,0,0,0,0.0045990943908691,0.0,0.0,0.0,0.0,0.0,0.0,0.0,0.0,0.0,0.0,0.0,0.0,0.0,1.0,1.0,5896,572,635,589.6,24.31826017168535,589.6,0.0004624128341674,10,0.0539249764635377,729.0
0.0,47,63.5,84733.41414141415,0.0,0.0,0.0,0.0,0.0,0.0,0.0,0,0,0,0,0,0.0001180171966552,0.0,0.0,0.0,0.0,0.0,0.0,0.0,0.0,0.0,0.0,0.0,0.0,0.0,1.0,1.0,5818,578,587,581.8,3.852848873813304,581.8,1.3685226440429687e-05,10,0.0353634065172365,16.5
0.0,47,63.5,780.6406223826983,0.0,0.0,0.0,0.0,0.0,0.0,0.0,0,0,0,0,0,0.0128099918365478,0.0,0.0,0.0,0.0,0.0,0.0,0.0,0.0,0.0,0.0,0.0,0.0,0.0,1.0,1.0,5808,578,582,580.8,1.5491933384829666,580.8,0.0012825965881347,10,0.0344249893983644,2.25
0.0,47,63.5,659.7203391163471,0.0,0.0,0.0,0.0,0.0,0.0,0.0,0,0,0,0,0,0.01515793800354,0.0,0.0,0.0,0.0,0.0,0.0,0.0,0.0,0.0,0.0,0.0,0.0,0.0,1.0,1.0,5724,535,584,572.4,20.051045968837748,572.4,0.0015227079391479,10,0.1152394940858657,361.84
0.0,47,63.5,638.5676659105096,0.0,0.0,0.0,0.0,0.0,0.0,0.0,0,0,0,0,0,0.0156600475311279,0.0,0.0,0.0,0.0,0.0,0.0,0.0,0.0,0.0,0.0,0.0,0.0,0.0,1.0,1.0,5680,556,603,568.0,18.65475810617763,568.0,0.0015691995620727,10,0.0788839722621325,484.0
0.0,47,63.5,64927.30650154799,0.0,0.0,0.0,0.0,0.0,0.0,0.0,0,0,0,0,0,0.0001540184020996,0.0,0.0,0.0,0.0,0.0,0.0,0.0,0.0,0.0,0.0,0.0,0.0,0.0,1.0,1.0,5564,551,562,556.4,4.195235392680606,556.4,1.800060272216797e-05,10,0.0815143910895623,30.25
0.0,47,63.5,3602.4254917117582,0.0,0.0,0.0,0.0,0.0,0.0,0.0,0,0,0,0,0,0.0027759075164794,0.0,0.0,0.0,0.0,0.0,0.0,0.0,0.0,0.0,0.0,0.0,0.0,0.0,1.0,1.0,5534,550,557,553.4,2.875181153713044,553.4,0.0002801895141601,10,0.0826807837947765,9.76
0.0,47,63.5,36503.951261966926,0.0,0.0,0.0,0.0,0.0,0.0,0.0,0,0,0,0,0,0.0002739429473876,0.0,0.0,0.0,0.0,0.0,0.0,0.0,0.0,0.0,0.0,0.0,0.0,0.0,1.0,1.0,5312,420,564,531.2,58.72497102785341,531.2,0.001106309890747,10,0.3269686541979064,3103.76
0.0,47,63.5,4006.403667972108,0.0,0.0,0.0,0.0,0.0,0.0,0.0,0,0,0,0,0,0.0024960041046142,0.0,0.0,0.0,0.0,0.0,0.0,0.0,0.0,0.0,0.0,0.0,0.0,0.0,1.0,1.0,5292,509,563,529.2,20.746083967823903,529.2,0.0002532005310058,10,0.1598300047651327,729.0
0.0,47,63.5,383.7142752589015,0.0,0.0,0.0,0.0,0.0,0.0,0.0,0,0,0,0,0,0.0260610580444335,0.0,0.0,0.0,0.0,0.0,0.0,0.0,0.0,0.0,0.0,0.0,0.0,0.0,1.0,1.0,5184,515,525,518.4,3.921450978627397,518.4,0.0038629055023193,10,0.1427515422706537,15.5
0.0,47,63.5,1371.5391910009482,0.0,0.0,0.0,0.0,0.0,0.0,0.0,0,0,0,0,0,0.0072910785675048,0.0,0.0,0.0,0.0,0.0,0.0,0.0,0.0,0.0,0.0,0.0,0.0,0.0,1.0,1.0,5220,516,533,522.0,6.253887679764573,522.0,0.0007308006286621,10,0.1419975536852289,35.2
0.0,47,63.5,1229.3882815018906,0.0,0.0,0.0,0.0,0.0,0.0,0.0,0,0,0,0,0,0.008134126663208,0.0,0.0,0.0,0.0,0.0,0.0,0.0,0.0,0.0,0.0,0.0,0.0,0.0,1.0,1.0,5256,520,532,525.6,4.141926551202418,525.6,0.0016397953033447,10,0.1343207051998978,15.44
0.0,47,63.5,20450.04388103364,0.0,0.0,0.0,0.0,0.0,0.0,0.0,0,0,0,0,0,0.0004889965057373,0.0,0.0,0.0,0.0,0.0,0.0,0.0,0.0,0.0,0.0,0.0,0.0,0.0,1.0,1.0,5594,546,598,559.4,20.48956373918738,559.4,0.0012253999710083,10,0.0966726986847954,600.25
0.0,47,63.5,102051.19221411191,0.0,0.0,0.0,0.0,0.0,0.0,0.0,0,0,0,0,0,9.79900360107422e-05,0.0,0.0,0.0,0.0,0.0,0.0,0.0,0.0,0.0,0.0,0.0,0.0,0.0,1.0,1.0,5498,543,556,549.8,4.491968140779472,549.8,1.080036163330078e-05,10,0.0952683081418279,18.160000000000004
0.0,47,63.5,116185.70637119112,0.0,0.0,0.0,0.0,0.0,0.0,0.0,0,0,0,0,0,8.606910705566406e-05,0.0,0.0,0.0,0.0,0.0,0.0,0.0,0.0,0.0,0.0,0.0,0.0,0.0,1.0,1.0,5526,547,557,552.6,4.087922591134904,552.6,1.010894775390625e-05,10,0.0882871961467247,18.666666666666668
0.0,47,63.5,108660.72538860104,0.0,0.0,0.0,0.0,0.0,0.0,0.0,0,0,0,0,0,9.202957153320312e-05,0.0,0.0,0.0,0.0,0.0,0.0,0.0,0.0,0.0,0.0,0.0,0.0,0.0,1.0,1.0,5498,547,551,549.8,1.5491933384829668,549.8,1.068115234375e-05,10,0.0872530193983644,2.16
0.0,47,63.5,114912.43835616438,0.0,0.0,0.0,0.0,0.0,0.0,0.0,0,0,0,0,0,8.702278137207031e-05,0.0,0.0,0.0,0.0,0.0,0.0,0.0,0.0,0.0,0.0,0.0,0.0,0.0,1.0,1.0,5838,574,614,583.8,16.143798258842995,583.8,1.02996826171875e-05,10,0.0471867676587222,306.16
0.0,47,63.5,2304.6892686411343,0.0,0.0,0.0,0.0,0.0,0.0,0.0,0,0,0,0,0,0.0043389797210693,0.0,0.0,0.0,0.0,0.0,0.0,0.0,0.0,0.0,0.0,0.0,0.0,0.0,1.0,1.0,5806,578,583,580.6,2.2705848487901865,580.6,0.0004354000091552,10,0.0347188554440031,4.64
0.0,47,63.5,320.51351805719,0.0,0.0,0.0,0.0,0.0,0.0,0.0,0,0,0,0,0,0.0311999320983886,0.0,0.0,0.0,0.0,0.0,0.0,0.0,0.0,0.0,0.0,0.0,0.0,0.0,1.0,1.0,5776,572,583,577.6,3.687817782917155,577.6,0.0031224966049194,10,0.0455209594520491,20.22222222222222
0.0,47,63.5,154202.35294117648,0.0,0.0,0.0,0.0,0.0,0.0,0.0,0,0,0,0,0,6.4849853515625e-05,0.0,0.0,0.0,0.0,0.0,0.0,0.0,0.0,0.0,0.0,0.0,0.0,0.0,1.0,1.0,5770,567,584,577.0,6.073622386096199,577.0,8.106231689453125e-06,10,0.0550134908152001,33.2
0.0,47,63.5,142663.40136054423,0.0,0.0,0.0,0.0,0.0,0.0,0.0,0,0,0,0,0,7.009506225585938e-05,0.0,0.0,0.0,0.0,0.0,0.0,0.0,0.0,0.0,0.0,0.0,0.0,0.0,1.0,1.0,5924,575,630,592.4,20.391719452322363,592.4,8.106231689453125e-06,10,0.047213070836098,552.25
0.0,47,63.5,125203.10447761194,0.0,0.0,0.0,0.0,0.0,0.0,0.0,0,0,0,0,0,7.987022399902344e-05,0.0,0.0,0.0,0.0,0.0,0.0,0.0,0.0,0.0,0.0,0.0,0.0,0.0,1.0,1.0,5832,579,589,583.2,4.237399621885522,583.2,5.929470062255859e-05,10,0.0338159271099713,16.8
0.0,47,63.5,19526.55493482309,0.0,0.0,0.0,0.0,0.0,0.0,0.0,0,0,0,0,0,0.0005121231079101,0.0,0.0,0.0,0.0,0.0,0.0,0.0,0.0,0.0,0.0,0.0,0.0,0.0,1.0,1.0,5812,577,589,581.2,4.3410188256265885,581.2,0.0003045082092285,10,0.0372663974288072,19.6875
0.0,47,63.5,4653.099622808963,0.0,0.0,0.0,0.0,0.0,0.0,0.0,0,0,0,0,0,0.0021491050720214,0.0,0.0,0.0,0.0,0.0,0.0,0.0,0.0,0.0,0.0,0.0,0.0,0.0,1.0,1.0,5794,562,591,579.4,10.123679612121714,579.4,0.0002161979675292,10,0.0651839721267939,92.24
0.0,47,63.5,98922.2641509434,0.0,0.0,0.0,0.0,0.0,0.0,0.0,0,0,0,0,0,0.000101089477539,0.0,0.0,0.0,0.0,0.0,0.0,0.0,0.0,0.0,0.0,0.0,0.0,0.0,1.0,1.0,5780,578,578,578.0,0.0,578.0,1.2803077697753909e-05,10,0.0,0.0
0.0,47,63.5,4328.933842501806,0.0,0.0,0.0,0.0,0.0,0.0,0.0,0,0,0,0,0,0.002310037612915,0.0,0.0,0.0,0.0,0.0,0.0,0.0,0.0,0.0,0.0,0.0,0.0,0.0,1.0,1.0,5780,578,578,578.0,0.0,578.0,0.0002867937088012,10,0.0,0.0
0.0,47,63.5,110086.719160105,0.0,0.0,0.0,0.0,0.0,0.0,0.0,0,0,0,0,0,9.083747863769533e-05,0.0,0.0,0.0,0.0,0.0,0.0,0.0,0.0,0.0,0.0,0.0,0.0,0.0,1.0,1.0,5646,554,578,564.6,11.616080807799737,564.6,1.0395050048828124e-05,10,0.0794249566778653,138.1875
0.0,47,63.5,3572.660988074957,0.0,0.0,0.0,0.0,0.0,0.0,0.0,0,0,0,0,0,0.0027990341186523,0.0,0.0,0.0,0.0,0.0,0.0,0.0,0.0,0.0,0.0,0.0,0.0,0.0,1.0,1.0,5558,550,560,555.8,3.5527766918597945,555.8,0.0002808094024658,10,0.082956809113196,25.0
0.0,47,63.5,1996.0519678294388,0.0,0.0,0.0,0.0,0.0,0.0,0.0,0,0,0,0,0,0.0050098896026611,0.0,0.0,0.0,0.0,0.0,0.0,0.0,0.0,0.0,0.0,0.0,0.0,0.0,1.0,1.0,5560,554,559,556.0,2.0,556.0,0.000503396987915,10,0.07550775,4.285714285714286
0.0,47,63.5,2472.765004126872,0.0,0.0,0.0,0.0,0.0,0.0,0.0,0,0,0,0,0,0.0040440559387207,0.0,0.0,0.0,0.0,0.0,0.0,0.0,0.0,0.0,0.0,0.0,0.0,0.0,1.0,1.0,5698,556,578,569.8,10.633281086601004,569.8,0.0004086017608642,10,0.0756163433834377,106.1875
0.0,47,63.5,64527.75384615385,0.0,0.0,0.0,0.0,0.0,0.0,0.0,0,0,0,0,0,0.000154972076416,0.0,0.0,0.0,0.0,0.0,0.0,0.0,0.0,0.0,0.0,0.0,0.0,0.0,1.0,1.0,5780,578,578,578.0,0.0,578.0,0.0003643035888671,10,0.0,0.0
0.0,47,63.5,76260.07272727272,0.0,0.0,0.0,0.0,0.0,0.0,0.0,0,0,0,0,0,0.0001311302185058,0.0,0.0,0.0,0.0,0.0,0.0,0.0,0.0,0.0,0.0,0.0,0.0,0.0,1.0,1.0,5780,578,578,578.0,0.0,578.0,1.5401840209960936e-05,10,0.0,0.0
0.0,47,63.5,668.9480063795853,0.0,0.0,0.0,0.0,0.0,0.0,0.0,0,0,0,0,0,0.0149488449096679,0.0,0.0,0.0,0.0,0.0,0.0,0.0,0.0,0.0,0.0,0.0,0.0,0.0,1.0,1.0,5780,578,578,578.0,0.0,578.0,0.0014969825744628,10,0.0,0.0
0.0,47,63.5,166440.6349206349,0.0,0.0,0.0,0.0,0.0,0.0,0.0,0,0,0,0,0,6.008148193359375e-05,0.0,0.0,0.0,0.0,0.0,0.0,0.0,0.0,0.0,0.0,0.0,0.0,0.0,1.0,1.0,5674,530,601,567.4,26.056349194262296,567.4,7.009506225585937e-06,10,0.1262064644077747,669.1875
0.0,47,63.5,110086.719160105,0.0,0.0,0.0,0.0,0.0,0.0,0.0,0,0,0,0,0,9.083747863769533e-05,0.0,0.0,0.0,0.0,0.0,0.0,0.0,0.0,0.0,0.0,0.0,0.0,0.0,1.0,1.0,5572,550,565,557.2,6.014796569941312,557.2,1.0395050048828124e-05,10,0.0839597375307313,56.25
0.0,47,63.5,112447.82841823057,0.0,0.0,0.0,0.0,0.0,0.0,0.0,0,0,0,0,0,8.893013000488281e-05,0.0,0.0,0.0,0.0,0.0,0.0,0.0,0.0,0.0,0.0,0.0,0.0,0.0,1.0,1.0,5542,547,558,554.2,4.022160834399562,554.2,1.0395050048828124e-05,10,0.088260407437501,30.25
0.0,47,63.5,104077.0223325062,0.0,0.0,0.0,0.0,0.0,0.0,0.0,0,0,0,0,0,9.608268737792967e-05,0.0,0.0,0.0,0.0,0.0,0.0,0.0,0.0,0.0,0.0,0.0,0.0,0.0,1.0,1.0,5712,557,586,571.2,11.688550903436328,571.2,1.1110305786132813e-05,10,0.0743420880960238,122.96
0.0,47,63.5,104077.0223325062,0.0,0.0,0.0,0.0,0.0,0.0,0.0,0,0,0,0,0,9.608268737792967e-05,0.0,0.0,0.0,0.0,0.0,0.0,0.0,0.0,0.0,0.0,0.0,0.0,0.0,1.0,1.0,5778,574,583,577.8,3.675746333890726,577.8,1.1205673217773438e-05,10,0.0421077820265737,12.16
0.0,47,63.5,9932.048306890836,0.0,0.0,0.0,0.0,0.0,0.0,0.0,0,0,0,0,0,0.0010068416595458,0.0,0.0,0.0,0.0,0.0,0.0,0.0,0.0,0.0,0.0,0.0,0.0,0.0,1.0,1.0,5790,573,587,579.0,5.206833117271103,579.0,0.0002966880798339,10,0.0444356155386515,30.25
0.0,47,63.5,1346.2699406194831,0.0,0.0,0.0,0.0,0.0,0.0,0.0,0,0,0,0,0,0.0074279308319091,0.0,0.0,0.0,0.0,0.0,0.0,0.0,0.0,0.0,0.0,0.0,0.0,0.0,1.0,1.0,5576,476,583,557.6,43.218308877398506,557.6,0.0007472038269042,10,0.2252205803042971,1915.25
0.0,47,63.5,192399.26605504588,0.0,0.0,0.0,0.0,0.0,0.0,0.0,0,0,0,0,0,5.197525024414063e-05,0.0,0.0,0.0,0.0,0.0,0.0,0.0,0.0,0.0,0.0,0.0,0.0,0.0,1.0,1.0,5332,516,553,533.2,12.76105185493909,533.2,6.103515625e-06,10,0.144648312083628,146.56
0.0,47,63.5,987.2434977050724,0.0,0.0,0.0,0.0,0.0,0.0,0.0,0,0,0,0,0,0.0101292133331298,0.0,0.0,0.0,0.0,0.0,0.0,0.0,0.0,0.0,0.0,0.0,0.0,0.0,1.0,1.0,5466,535,556,546.6,7.0742098106038975,546.6,0.001013708114624,10,0.1099532501084475,110.25
0.0,47,63.5,9765.550640279394,0.0,0.0,0.0,0.0,0.0,0.0,0.0,0,0,0,0,0,0.0010240077972412,0.0,0.0,0.0,0.0,0.0,0.0,0.0,0.0,0.0,0.0,0.0,0.0,0.0,1.0,1.0,5362,529,543,536.2,5.71158666416104,536.2,0.0001040935516357,10,0.1196229519435126,33.5
0.0,47,63.5,97090.37037037036,0.0,0.0,0.0,0.0,0.0,0.0,0.0,0,0,0,0,0,0.0001029968261718,0.0,0.0,0.0,0.0,0.0,0.0,0.0,0.0,0.0,0.0,0.0,0.0,0.0,1.0,1.0,5406,501,591,540.6,30.67101418458658,540.6,1.1992454528808591e-05,10,0.1775060643382331,846.64
0.0,47,63.5,100824.6153846154,0.0,0.0,0.0,0.0,0.0,0.0,0.0,0,0,0,0,0,9.918212890625e-05,0.0,0.0,0.0,0.0,0.0,0.0,0.0,0.0,0.0,0.0,0.0,0.0,0.0,1.0,1.0,5474,542,551,547.4,3.3065591380365986,547.4,1.1515617370605468e-05,10,0.0964895499304706,9.84
0.0,47,63.5,149263.487544484,0.0,0.0,0.0,0.0,0.0,0.0,0.0,0,0,0,0,0,6.699562072753906e-05,0.0,0.0,0.0,0.0,0.0,0.0,0.0,0.0,0.0,0.0,0.0,0.0,0.0,1.0,1.0,5492,543,553,549.2,4.237399621885522,549.2,8.289813995361328e-05,10,0.0951646071099712,19.1875
0.0,47,63.5,169125.16129032258,0.0,0.0,0.0,0.0,0.0,0.0,0.0,0,0,0,0,0,5.91278076171875e-05,0.0,0.0,0.0,0.0,0.0,0.0,0.0,0.0,0.0,0.0,0.0,0.0,0.0,1.0,1.0,5440,536,552,544.0,5.617433182117573,544.0,6.794929504394531e-06,10,0.1076556875810674,35.1875
0.0,47,63.5,179243.7606837607,0.0,0.0,0.0,0.0,0.0,0.0,0.0,0,0,0,0,0,5.5789947509765625e-05,0.0,0.0,0.0,0.0,0.0,0.0,0.0,0.0,0.0,0.0,0.0,0.0,0.0,1.0,1.0,5396,475,582,539.6,36.94801152370118,539.6,6.4849853515625e-06,10,0.2243704419742949,1228.64
0.0,47,63.5,195995.5140186916,0.0,0.0,0.0,0.0,0.0,0.0,0.0,0,0,0,0,0,5.1021575927734375e-05,0.0,0.0,0.0,0.0,0.0,0.0,0.0,0.0,0.0,0.0,0.0,0.0,0.0,1.0,1.0,5348,527,543,534.8,6.014796569941312,534.8,6.008148193359375e-06,10,0.1231547275307312,32.56
0.0,47,63.5,161319.38461538462,0.0,0.0,0.0,0.0,0.0,0.0,0.0,0,0,0,0,0,6.198883056640625e-05,0.0,0.0,0.0,0.0,0.0,0.0,0.0,0.0,0.0,0.0,0.0,0.0,0.0,1.0,1.0,5364,533,540,536.4,2.875181153713044,536.4,7.104873657226563e-06,10,0.1116509937947765,9.555555555555555
0.0,47,63.5,131896.35220125786,0.0,0.0,0.0,0.0,0.0,0.0,0.0,0,0,0,0,0,7.581710815429688e-05,0.0,0.0,0.0,0.0,0.0,0.0,0.0,0.0,0.0,0.0,0.0,0.0,0.0,1.0,1.0,5352,508,547,535.2,14.898172893195849,535.2,6.709098815917968e-05,10,0.1591519297097722,321.55555555555554
0.0,47,63.5,52103.1552795031,0.0,0.0,0.0,0.0,0.0,0.0,0.0,0,0,0,0,0,0.0001919269561767,0.0,0.0,0.0,0.0,0.0,0.0,0.0,0.0,0.0,0.0,0.0,0.0,0.0,1.0,1.0,5432,514,595,543.2,28.8089492268558,543.2,0.0009608030319213,10,0.1545938435570519,746.9599999999999
0.0,47,63.5,84733.41414141415,0.0,0.0,0.0,0.0,0.0,0.0,0.0,0,0,0,0,0,0.0001180171966552,0.0,0.0,0.0,0.0,0.0,0.0,0.0,0.0,0.0,0.0,0.0,0.0,0.0,1.0,1.0,5512,546,556,551.2,3.852848873813304,551.2,1.3804435729980468e-05,10,0.0898955665172366,15.6875
0.0,47,63.5,87018.75518672199,0.0,0.0,0.0,0.0,0.0,0.0,0.0,0,0,0,0,0,0.0001149177551269,0.0,0.0,0.0,0.0,0.0,0.0,0.0,0.0,0.0,0.0,0.0,0.0,0.0,1.0,1.0,5502,544,558,550.2,5.3499740393970345,550.2,1.3494491577148438e-05,10,0.0939136954246887,25.76
0.0,47,63.5,367.8504148322253,0.0,0.0,0.0,0.0,0.0,0.0,0.0,0,0,0,0,0,0.0271849632263183,0.0,0.0,0.0,0.0,0.0,0.0,0.0,0.0,0.0,0.0,0.0,0.0,0.0,1.0,1.0,5470,543,551,547.0,3.5276684147527875,547.0,0.0027205944061279,10,0.0948754910054337,11.2
0.0,47,63.5,723.0561301889395,0.0,0.0,0.0,0.0,0.0,0.0,0.0,0,0,0,0,0,0.0138301849365234,0.0,0.0,0.0,0.0,0.0,0.0,0.0,0.0,0.0,0.0,0.0,0.0,0.0,1.0,1.0,5272,420,563,527.2,56.75835719179257,527.2,0.0019522190093994,10,0.3261675343856487,3223.6875
0.0,47,63.5,1595.1563094242033,0.0,0.0,0.0,0.0,0.0,0.0,0.0,0,0,0,0,0,0.0062689781188964,0.0,0.0,0.0,0.0,0.0,0.0,0.0,0.0,0.0,0.0,0.0,0.0,0.0,1.0,1.0,5246,511,543,524.6,11.403703102257811,524.6,0.0006284952163696,10,0.1526160324957358,171.55555555555554
0.0,47,63.5,1098.5605028810896,0.0,0.0,0.0,0.0,0.0,0.0,0.0,0,0,0,0,0,0.0091028213500976,0.0,0.0,0.0,0.0,0.0,0.0,0.0,0.0,0.0,0.0,0.0,0.0,0.0,1.0,1.0,5178,505,527,517.8,8.573862088412147,517.8,0.0009127855300903,10,0.1616880484603355,90.25
0.0,47,63.5,605.6931608133087,0.0,0.0,0.0,0.0,0.0,0.0,0.0,0,0,0,0,0,0.016510009765625,0.0,0.0,0.0,0.0,0.0,0.0,0.0,0.0,0.0,0.0,0.0,0.0,0.0,1.0,1.0,5232,508,534,523.2,9.693067396627114,523.2,0.0016530036926269,10,0.15703157793469,95.1875
0.0,47,63.5,53159.74651457541,0.0,0.0,0.0,0.0,0.0,0.0,0.0,0,0,0,0,0,0.0001881122589111,0.0,0.0,0.0,0.0,0.0,0.0,0.0,0.0,0.0,0.0,0.0,0.0,0.0,1.0,1.0,5084,420,563,508.4,50.26861181028708,508.4,0.0006364107131958,10,0.3235238717070386,2274.24
0.0,47,63.5,6188.114488049572,0.0,0.0,0.0,0.0,0.0,0.0,0.0,0,0,0,0,0,0.0016160011291503,0.0,0.0,0.0,0.0,0.0,0.0,0.0,0.0,0.0,0.0,0.0,0.0,0.0,1.0,1.0,5312,521,542,531.2,7.130529043797834,531.2,0.0001638889312744,10,0.1338340123112815,45.760000000000005
0.0,47,63.5,7304.604667363288,0.0,0.0,0.0,0.0,0.0,0.0,0.0,0,0,0,0,0,0.0013689994812011,0.0,0.0,0.0,0.0,0.0,0.0,0.0,0.0,0.0,0.0,0.0,0.0,0.0,1.0,1.0,5780,578,578,578.0,0.0,578.0,0.0001410961151123,10,0.0,0.0
0.0,47,63.5,1008.9009693791644,0.0,0.0,0.0,0.0,0.0,0.0,0.0,0,0,0,0,0,0.0099117755889892,0.0,0.0,0.0,0.0,0.0,0.0,0.0,0.0,0.0,0.0,0.0,0.0,0.0,1.0,1.0,5780,578,578,578.0,0.0,578.0,0.000993800163269,10,0.0,0.0
0.0,47,63.5,552.0273756251645,0.0,0.0,0.0,0.0,0.0,0.0,0.0,0,0,0,0,0,0.0181150436401367,0.0,0.0,0.0,0.0,0.0,0.0,0.0,0.0,0.0,0.0,0.0,0.0,0.0,1.0,1.0,5780,578,578,578.0,0.0,578.0,0.0018155097961425,10,0.0,0.0
0.0,47,63.5,45051.60042964554,0.0,0.0,0.0,0.0,0.0,0.0,0.0,0,0,0,0,0,0.0002219676971435,0.0,0.0,0.0,0.0,0.0,0.0,0.0,0.0,0.0,0.0,0.0,0.0,0.0,1.0,1.0,5780,578,578,578.0,0.0,578.0,2.460479736328125e-05,10,0.0,0.0
0.0,47,63.5,1150.7638279192274,0.0,0.0,0.0,0.0,0.0,0.0,0.0,0,0,0,0,0,0.0086898803710937,0.0,0.0,0.0,0.0,0.0,0.0,0.0,0.0,0.0,0.0,0.0,0.0,0.0,1.0,1.0,5866,565,628,586.6,22.78986129351773,586.6,0.0008715867996215,10,0.0652312778965273,992.25
0.0,47,63.5,119156.36363636365,0.0,0.0,0.0,0.0,0.0,0.0,0.0,0,0,0,0,0,8.392333984375e-05,0.0,0.0,0.0,0.0,0.0,0.0,0.0,0.0,0.0,0.0,0.0,0.0,0.0,1.0,1.0,5810,575,584,581.0,3.4641016151377544,581.0,1.0013580322265623e-05,10,0.0403174364339425,13.5
0.0,47,63.5,6527.08372237784,0.0,0.0,0.0,0.0,0.0,0.0,0.0,0,0,0,0,0,0.0015320777893066,0.0,0.0,0.0,0.0,0.0,0.0,0.0,0.0,0.0,0.0,0.0,0.0,0.0,1.0,1.0,5782,574,581,578.2,2.4404006956964173,578.2,0.0001544952392578,10,0.0416045516273988,6.5
0.0,47,63.5,70492.50420168067,0.0,0.0,0.0,0.0,0.0,0.0,0.0,0,0,0,0,0,0.0001418590545654,0.0,0.0,0.0,0.0,0.0,0.0,0.0,0.0,0.0,0.0,0.0,0.0,0.0,1.0,1.0,5852,584,587,585.2,1.5491933384829668,585.2,1.6498565673828126e-05,10,0.0242002093983644,2.25
0.0,47,63.5,5841.649025069638,0.0,0.0,0.0,0.0,0.0,0.0,0.0,0,0,0,0,0,0.0017118453979492,0.0,0.0,0.0,0.0,0.0,0.0,0.0,0.0,0.0,0.0,0.0,0.0,0.0,1.0,1.0,5880,570,633,588.0,24.110855093366837,588.0,0.0001735925674438,10,0.0572487479308338,992.25
0.0,47,63.5,456.62228512329216,0.0,0.0,0.0,0.0,0.0,0.0,0.0,0,0,0,0,0,0.021899938583374,0.0,0.0,0.0,0.0,0.0,0.0,0.0,0.0,0.0,0.0,0.0,0.0,0.0,1.0,1.0,5842,577,588,584.2,4.685675570881488,584.2,0.0024893045425415,10,0.0374067968005542,30.25
0.0,47,63.5,3700.9653225094858,0.0,0.0,0.0,0.0,0.0,0.0,0.0,0,0,0,0,0,0.002701997756958,0.0,0.0,0.0,0.0,0.0,0.0,0.0,0.0,0.0,0.0,0.0,0.0,0.0,1.0,1.0,5824,575,585,582.4,3.921450978627398,582.4,0.0002736091613769,10,0.0405037422706537,13.84
0.0,47,63.5,104077.0223325062,0.0,0.0,0.0,0.0,0.0,0.0,0.0,0,0,0,0,0,9.608268737792967e-05,0.0,0.0,0.0,0.0,0.0,0.0,0.0,0.0,0.0,0.0,0.0,0.0,0.0,1.0,1.0,5780,575,585,578.0,3.8873012632302,578.0,1.1992454528808591e-05,10,0.0404898310425895,13.6
0.0,47,63.5,90006.52360515021,0.0,0.0,0.0,0.0,0.0,0.0,0.0,0,0,0,0,0,0.0001111030578613,0.0,0.0,0.0,0.0,0.0,0.0,0.0,0.0,0.0,0.0,0.0,0.0,0.0,1.0,1.0,5102,420,563,510.2,50.38253665706005,510.2,1.2803077697753909e-05,10,0.32357028013262,5112.25
0.0,47,63.5,65741.44200626959,0.0,0.0,0.0,0.0,0.0,0.0,0.0,0,0,0,0,0,0.0001521110534667,0.0,0.0,0.0,0.0,0.0,0.0,0.0,0.0,0.0,0.0,0.0,0.0,0.0,1.0,1.0,5270,514,536,527.0,9.3571125650788,527.0,1.6808509826660156e-05,10,0.1466699433745104,82.8888888888889
0.0,47,63.5,88487.42616033755,0.0,0.0,0.0,0.0,0.0,0.0,0.0,0,0,0,0,0,0.0001130104064941,0.0,0.0,0.0,0.0,0.0,0.0,0.0,0.0,0.0,0.0,0.0,0.0,0.0,1.0,1.0,5272,521,538,527.2,6.0882400303098,527.2,1.3399124145507811e-05,10,0.133409425458747,41.6875
0.0,47,63.5,4707.94028510495,0.0,0.0,0.0,0.0,0.0,0.0,0.0,0,0,0,0,0,0.0021240711212158,0.0,0.0,0.0,0.0,0.0,0.0,0.0,0.0,0.0,0.0,0.0,0.0,0.0,1.0,1.0,5170,510,529,517.0,7.71722460186015,517.0,0.000213599205017,10,0.1528184386138138,75.44
0.0,47,63.5,3215.257953238789,0.0,0.0,0.0,0.0,0.0,0.0,0.0,0,0,0,0,0,0.0031101703643798,0.0,0.0,0.0,0.0,0.0,0.0,0.0,0.0,0.0,0.0,0.0,0.0,0.0,1.0,1.0,5856,564,627,585.6,23.08053532982091,585.6,0.0003993034362792,10,0.0670538168719558,992.25
0.0,47,63.5,51590.455104551045,0.0,0.0,0.0,0.0,0.0,0.0,0.0,0,0,0,0,0,0.0001938343048095,0.0,0.0,0.0,0.0,0.0,0.0,0.0,0.0,0.0,0.0,0.0,0.0,0.0,1.0,1.0,5812,577,585,581.2,3.0840089349921005,581.2,0.0011289834976196,10,0.0367543418797583,8.559999999999999
0.0,47,63.5,59493.67375886525,0.0,0.0,0.0,0.0,0.0,0.0,0.0,0,0,0,0,0,0.0001680850982666,0.0,0.0,0.0,0.0,0.0,0.0,0.0,0.0,0.0,0.0,0.0,0.0,0.0,1.0,1.0,5816,577,586,581.6,3.3730961708462712,581.6,1.9216537475585936e-05,10,0.0368721044561559,10.6875
0.0,47,63.5,662.3456770627714,0.0,0.0,0.0,0.0,0.0,0.0,0.0,0,0,0,0,0,0.0150978565216064,0.0,0.0,0.0,0.0,0.0,0.0,0.0,0.0,0.0,0.0,0.0,0.0,0.0,1.0,1.0,5818,581,585,581.8,1.6865480854231354,581.8,0.0029616832733154,10,0.0293685522280779,4.0
0.0,47,63.5,65741.44200626959,0.0,0.0,0.0,0.0,0.0,0.0,0.0,0,0,0,0,0,0.0001521110534667,0.0,0.0,0.0,0.0,0.0,0.0,0.0,0.0,0.0,0.0,0.0,0.0,0.0,1.0,1.0,5492,511,594,549.2,27.836027813688585,549.2,1.7309188842773436e-05,10,0.1593099042901842,1722.25
0.0,47,63.5,71453.21976149915,0.0,0.0,0.0,0.0,0.0,0.0,0.0,0,0,0,0,0,0.0001399517059326,0.0,0.0,0.0,0.0,0.0,0.0,0.0,0.0,0.0,0.0,0.0,0.0,0.0,1.0,1.0,5488,547,551,548.8,1.5491933384829668,548.8,1.6498565673828126e-05,10,0.0872530193983644,2.25
0.0,47,63.5,70492.50420168067,0.0,0.0,0.0,0.0,0.0,0.0,0.0,0,0,0,0,0,0.0001418590545654,0.0,0.0,0.0,0.0,0.0,0.0,0.0,0.0,0.0,0.0,0.0,0.0,0.0,1.0,1.0,5452,538,555,545.2,5.827139568909908,545.2,1.6689300537109375e-05,10,0.1043328535747911,36.6875
0.0,47,63.5,73584.28070175438,0.0,0.0,0.0,0.0,0.0,0.0,0.0,0,0,0,0,0,0.0001358985900878,0.0,0.0,0.0,0.0,0.0,0.0,0.0,0.0,0.0,0.0,0.0,0.0,0.0,1.0,1.0,5502,546,552,550.2,2.3475755815545343,550.2,1.590251922607422e-05,10,0.089282378388902,4.959999999999999
0.0,47,63.5,1319.4199251313348,0.0,0.0,0.0,0.0,0.0,0.0,0.0,0,0,0,0,0,0.0075790882110595,0.0,0.0,0.0,0.0,0.0,0.0,0.0,0.0,0.0,0.0,0.0,0.0,0.0,1.0,1.0,5780,578,578,578.0,0.0,578.0,0.0007604122161865,10,0.0,0.0
0.0,47,63.5,2675.962740844711,0.0,0.0,0.0,0.0,0.0,0.0,0.0,0,0,0,0,0,0.0037369728088378,0.0,0.0,0.0,0.0,0.0,0.0,0.0,0.0,0.0,0.0,0.0,0.0,0.0,1.0,1.0,5780,578,578,578.0,0.0,578.0,0.0004319906234741,10,0.0,0.0
0.0,47,63.5,3408.3406468389403,0.0,0.0,0.0,0.0,0.0,0.0,0.0,0,0,0,0,0,0.0029339790344238,0.0,0.0,0.0,0.0,0.0,0.0,0.0,0.0,0.0,0.0,0.0,0.0,0.0,1.0,1.0,5780,578,578,578.0,0.0,578.0,0.0007045030593872,10,0.0,0.0
0.0,47,63.5,2091.6092355258565,0.0,0.0,0.0,0.0,0.0,0.0,0.0,0,0,0,0,0,0.0047810077667236,0.0,0.0,0.0,0.0,0.0,0.0,0.0,0.0,0.0,0.0,0.0,0.0,0.0,1.0,1.0,5780,578,578,578.0,0.0,578.0,0.0006076097488403,10,0.0,0.0
0.0,47,63.5,412.1517992256746,0.0,0.0,0.0,0.0,0.0,0.0,0.0,0,0,0,0,0,0.0242629051208496,0.0,0.0,0.0,0.0,0.0,0.0,0.0,0.0,0.0,0.0,0.0,0.0,0.0,1.0,1.0,5474,504,592,547.4,29.36816114244964,547.4,0.0024273872375488,10,0.1718629441229883,1936.0
0.0,47,63.5,68871.986863711,0.0,0.0,0.0,0.0,0.0,0.0,0.0,0,0,0,0,0,0.0001451969146728,0.0,0.0,0.0,0.0,0.0,0.0,0.0,0.0,0.0,0.0,0.0,0.0,0.0,1.0,1.0,5472,545,548,547.2,1.2292725943057183,547.2,1.621246337890625e-05,10,0.0905309564840164,1.5555555555555556
0.0,47,63.5,47393.26553672317,0.0,0.0,0.0,0.0,0.0,0.0,0.0,0,0,0,0,0,0.0002110004425048,0.0,0.0,0.0,0.0,0.0,0.0,0.0,0.0,0.0,0.0,0.0,0.0,0.0,1.0,1.0,5462,542,548,546.2,2.3475755815545343,546.2,2.3603439331054688e-05,10,0.096098898388902,4.959999999999999
0.0,47,63.5,112447.82841823057,0.0,0.0,0.0,0.0,0.0,0.0,0.0,0,0,0,0,0,8.893013000488281e-05,0.0,0.0,0.0,0.0,0.0,0.0,0.0,0.0,0.0,0.0,0.0,0.0,0.0,1.0,1.0,5486,546,552,548.6,2.270584848790187,548.6,1.049041748046875e-05,10,0.0892510154440032,5.0
0.0,47,63.5,98922.2641509434,0.0,0.0,0.0,0.0,0.0,0.0,0.0,0,0,0,0,0,0.000101089477539,0.0,0.0,0.0,0.0,0.0,0.0,0.0,0.0,0.0,0.0,0.0,0.0,0.0,1.0,1.0,5780,578,578,578.0,0.0,578.0,1.170635223388672e-05,10,0.0,0.0
0.0,47,63.5,1674.2391825003992,0.0,0.0,0.0,0.0,0.0,0.0,0.0,0,0,0,0,0,0.0059728622436523,0.0,0.0,0.0,0.0,0.0,0.0,0.0,0.0,0.0,0.0,0.0,0.0,0.0,1.0,1.0,5780,578,578,578.0,0.0,578.0,0.0005987882614135,10,0.0,0.0
0.0,47,63.5,494.68132282870215,0.0,0.0,0.0,0.0,0.0,0.0,0.0,0,0,0,0,0,0.0202150344848632,0.0,0.0,0.0,0.0,0.0,0.0,0.0,0.0,0.0,0.0,0.0,0.0,0.0,1.0,1.0,5780,578,578,578.0,0.0,578.0,0.00242280960083,10,0.0,0.0
0.0,47,63.5,1985.37536684654,0.0,0.0,0.0,0.0,0.0,0.0,0.0,0,0,0,0,0,0.0050368309020996,0.0,0.0,0.0,0.0,0.0,0.0,0.0,0.0,0.0,0.0,0.0,0.0,0.0,1.0,1.0,5780,578,578,578.0,0.0,578.0,0.0005056858062744,10,0.0,0.0
0.0,47,63.5,952.2986104804288,0.0,0.0,0.0,0.0,0.0,0.0,0.0,0,0,0,0,0,0.0105009078979492,0.0,0.0,0.0,0.0,0.0,0.0,0.0,0.0,0.0,0.0,0.0,0.0,0.0,1.0,1.0,5410,496,589,541.0,32.910653459193284,541.0,0.0010518074035644,10,0.1869390537931369,2162.25
0.0,47,63.5,7277.987159465556,0.0,0.0,0.0,0.0,0.0,0.0,0.0,0,0,0,0,0,0.0013740062713623,0.0,0.0,0.0,0.0,0.0,0.0,0.0,0.0,0.0,0.0,0.0,0.0,0.0,1.0,1.0,5402,529,553,540.2,8.829244336609761,540.2,0.0001394987106323,10,0.1208929609729613,70.16
0.0,47,63.5,745.2168505587833,0.0,0.0,0.0,0.0,0.0,0.0,0.0,0,0,0,0,0,0.0134189128875732,0.0,0.0,0.0,0.0,0.0,0.0,0.0,0.0,0.0,0.0,0.0,0.0,0.0,1.0,1.0,5432,531,559,543.2,12.865112168617538,543.2,0.0015285968780517,10,0.119128752093008,154.9795918367347
0.0,47,63.5,402.5436921157445,0.0,0.0,0.0,0.0,0.0,0.0,0.0,0,0,0,0,0,0.0248420238494873,0.0,0.0,0.0,0.0,0.0,0.0,0.0,0.0,0.0,0.0,0.0,0.0,0.0,1.0,1.0,5464,536,556,546.4,8.579044235810887,546.4,0.0030017137527465,10,0.1088621294599,66.46913580246914
0.0,47,63.5,129854.61300309598,0.0,0.0,0.0,0.0,0.0,0.0,0.0,0,0,0,0,0,7.700920104980469e-05,0.0,0.0,0.0,0.0,0.0,0.0,0.0,0.0,0.0,0.0,0.0,0.0,0.0,1.0,1.0,5854,561,624,585.4,21.93525827419307,585.4,0.0004653930664062,10,0.0716996668105752,992.25
0.0,47,63.5,195995.5140186916,0.0,0.0,0.0,0.0,0.0,0.0,0.0,0,0,0,0,0,5.1021575927734375e-05,0.0,0.0,0.0,0.0,0.0,0.0,0.0,0.0,0.0,0.0,0.0,0.0,0.0,1.0,1.0,5826,577,587,582.6,3.921450978627398,582.6,6.008148193359375e-06,10,0.0370954822706536,13.84
0.0,47,63.5,192399.26605504588,0.0,0.0,0.0,0.0,0.0,0.0,0.0,0,0,0,0,0,5.197525024414063e-05,0.0,0.0,0.0,0.0,0.0,0.0,0.0,0.0,0.0,0.0,0.0,0.0,0.0,1.0,1.0,5802,575,584,580.2,3.084008934992101,580.2,6.079673767089844e-06,10,0.0401626018797584,13.555555555555555
0.0,47,63.5,178481.02127659574,0.0,0.0,0.0,0.0,0.0,0.0,0.0,0,0,0,0,0,5.602836608886719e-05,0.0,0.0,0.0,0.0,0.0,0.0,0.0,0.0,0.0,0.0,0.0,0.0,0.0,1.0,1.0,5816,578,588,581.6,3.627058802329452,581.6,6.508827209472656e-06,10,0.0352714286737169,18.666666666666668
0.0,47,63.5,138884.23841059604,0.0,0.0,0.0,0.0,0.0,0.0,0.0,0,0,0,0,0,7.200241088867188e-05,0.0,0.0,0.0,0.0,0.0,0.0,0.0,0.0,0.0,0.0,0.0,0.0,0.0,1.0,1.0,5914,571,634,591.4,23.1862027939031,591.4,0.0005017042160034,10,0.0551679515701244,992.25
0.0,47,63.5,4494.539219888556,0.0,0.0,0.0,0.0,0.0,0.0,0.0,0,0,0,0,0,0.0022249221801757,0.0,0.0,0.0,0.0,0.0,0.0,0.0,0.0,0.0,0.0,0.0,0.0,0.0,1.0,1.0,5814,575,587,581.4,5.18973345494095,581.4,0.0002233982086181,10,0.0410203898202048,24.24
0.0,47,63.5,655.7390991667057,0.0,0.0,0.0,0.0,0.0,0.0,0.0,0,0,0,0,0,0.0152499675750732,0.0,0.0,0.0,0.0,0.0,0.0,0.0,0.0,0.0,0.0,0.0,0.0,0.0,1.0,1.0,5806,579,582,580.6,1.4298407059684812,580.6,0.0019949913024902,10,0.0326722399099833,2.25
0.0,47,63.5,614.9735348884947,0.0,0.0,0.0,0.0,0.0,0.0,0.0,0,0,0,0,0,0.0162608623504638,0.0,0.0,0.0,0.0,0.0,0.0,0.0,0.0,0.0,0.0,0.0,0.0,0.0,1.0,1.0,5794,576,582,579.4,2.4585451886114367,579.4,0.0031913042068481,10,0.0382036829680327,5.44
0.0,47,63.5,166440.6349206349,0.0,0.0,0.0,0.0,0.0,0.0,0.0,0,0,0,0,0,6.008148193359375e-05,0.0,0.0,0.0,0.0,0.0,0.0,0.0,0.0,0.0,0.0,0.0,0.0,0.0,1.0,1.0,5780,578,578,578.0,0.0,578.0,6.9141387939453125e-06,10,0.0,0.0
0.0,47,63.5,166440.6349206349,0.0,0.0,0.0,0.0,0.0,0.0,0.0,0,0,0,0,0,6.008148193359375e-05,0.0,0.0,0.0,0.0,0.0,0.0,0.0,0.0,0.0,0.0,0.0,0.0,0.0,1.0,1.0,5780,578,578,578.0,0.0,578.0,6.890296936035156e-06,10,0.0,0.0
0.0,47,63.5,65331.83800623053,0.0,0.0,0.0,0.0,0.0,0.0,0.0,0,0,0,0,0,0.0001530647277832,0.0,0.0,0.0,0.0,0.0,0.0,0.0,0.0,0.0,0.0,0.0,0.0,0.0,1.0,1.0,5780,578,578,578.0,0.0,578.0,2.269744873046875e-05,10,0.0,0.0
0.0,47,63.5,93414.3429844098,0.0,0.0,0.0,0.0,0.0,0.0,0.0,0,0,0,0,0,0.0001070499420166,0.0,0.0,0.0,0.0,0.0,0.0,0.0,0.0,0.0,0.0,0.0,0.0,0.0,1.0,1.0,5780,578,578,578.0,0.0,578.0,1.3208389282226562e-05,10,0.0,0.0
0.0,47,63.5,103307.9802955665,0.0,0.0,0.0,0.0,0.0,0.0,0.0,0,0,0,0,0,9.679794311523438e-05,0.0,0.0,0.0,0.0,0.0,0.0,0.0,0.0,0.0,0.0,0.0,0.0,0.0,1.0,1.0,5790,551,614,579.0,21.270741511391755,579.0,1.118183135986328e-05,10,0.0884702692620805,992.25
0.0,47,63.5,99864.38095238096,0.0,0.0,0.0,0.0,0.0,0.0,0.0,0,0,0,0,0,0.0001001358032226,0.0,0.0,0.0,0.0,0.0,0.0,0.0,0.0,0.0,0.0,0.0,0.0,0.0,1.0,1.0,5782,576,580,578.2,1.3984117975602015,578.2,1.1515617370605468e-05,10,0.0377718270298541,2.0
0.0,47,63.5,7225.329888027562,0.0,0.0,0.0,0.0,0.0,0.0,0.0,0,0,0,0,0,0.0013840198516845,0.0,0.0,0.0,0.0,0.0,0.0,0.0,0.0,0.0,0.0,0.0,0.0,0.0,1.0,1.0,5772,574,580,577.2,2.440400695696417,577.2,0.0003665924072265,10,0.0416045516273988,5.36
0.0,47,63.5,192399.26605504588,0.0,0.0,0.0,0.0,0.0,0.0,0.0,0,0,0,0,0,5.197525024414063e-05,0.0,0.0,0.0,0.0,0.0,0.0,0.0,0.0,0.0,0.0,0.0,0.0,0.0,1.0,1.0,5796,577,583,579.6,2.6331223544175333,579.6,6.103515625e-06,10,0.0365706687222955,7.6875
0.0,47,63.5,10493.630222667,0.0,0.0,0.0,0.0,0.0,0.0,0.0,0,0,0,0,0,0.0009529590606689,0.0,0.0,0.0,0.0,0.0,0.0,0.0,0.0,0.0,0.0,0.0,0.0,0.0,1.0,1.0,5780,578,578,578.0,0.0,578.0,9.610652923583984e-05,10,0.0,0.0
0.0,47,63.5,3915.519044062733,0.0,0.0,0.0,0.0,0.0,0.0,0.0,0,0,0,0,0,0.0025539398193359,0.0,0.0,0.0,0.0,0.0,0.0,0.0,0.0,0.0,0.0,0.0,0.0,0.0,1.0,1.0,5780,578,578,578.0,0.0,578.0,0.0002576828002929,10,0.0,0.0
0.0,47,63.5,69442.11920529802,0.0,0.0,0.0,0.0,0.0,0.0,0.0,0,0,0,0,0,0.0001440048217773,0.0,0.0,0.0,0.0,0.0,0.0,0.0,0.0,0.0,0.0,0.0,0.0,0.0,1.0,1.0,5780,578,578,578.0,0.0,578.0,0.0010866165161132,10,0.0,0.0
0.0,47,63.5,1641.7347737591983,0.0,0.0,0.0,0.0,0.0,0.0,0.0,0,0,0,0,0,0.0060911178588867,0.0,0.0,0.0,0.0,0.0,0.0,0.0,0.0,0.0,0.0,0.0,0.0,0.0,1.0,1.0,5780,578,578,578.0,0.0,578.0,0.0006109952926635,10,0.0,0.0
0.0,47,63.5,71453.21976149915,0.0,0.0,0.0,0.0,0.0,0.0,0.0,0,0,0,0,0,0.0001399517059326,0.0,0.0,0.0,0.0,0.0,0.0,0.0,0.0,0.0,0.0,0.0,0.0,0.0,1.0,1.0,5802,545,614,580.2,23.097859448682925,580.2,1.6188621520996095e-05,10,0.0994393440250155,1190.25
0.0,47,63.5,2558.2824031716987,0.0,0.0,0.0,0.0,0.0,0.0,0.0,0,0,0,0,0,0.0039088726043701,0.0,0.0,0.0,0.0,0.0,0.0,0.0,0.0,0.0,0.0,0.0,0.0,0.0,1.0,1.0,5794,578,581,579.4,1.4298407059684812,579.4,0.000393009185791,10,0.0343763699099833,2.25
0.0,47,63.5,1714.3399002697622,0.0,0.0,0.0,0.0,0.0,0.0,0.0,0,0,0,0,0,0.0058331489562988,0.0,0.0,0.0,0.0,0.0,0.0,0.0,0.0,0.0,0.0,0.0,0.0,0.0,1.0,1.0,5776,574,584,577.6,3.687817782917155,577.6,0.0005845069885253,10,0.0421126994520491,17.555555555555554
0.0,47,63.5,2418.3025830258302,0.0,0.0,0.0,0.0,0.0,0.0,0.0,0,0,0,0,0,0.0041351318359375,0.0,0.0,0.0,0.0,0.0,0.0,0.0,0.0,0.0,0.0,0.0,0.0,0.0,1.0,1.0,5764,573,580,576.4,2.716206504995115,576.4,0.0004148006439208,10,0.0434210338818748,12.25
0.0,47,63.5,13107.2,0.0,0.0,0.0,0.0,0.0,0.0,0.0,0,0,0,0,0,0.000762939453125,0.0,0.0,0.0,0.0,0.0,0.0,0.0,0.0,0.0,0.0,0.0,0.0,0.0,1.0,1.0,5134,442,570,513.4,43.161711427297845,513.4,7.779598236083985e-05,10,0.2831379447670241,4096.0
0.0,47,63.5,994.0286763834578,0.0,0.0,0.0,0.0,0.0,0.0,0.0,0,0,0,0,0,0.0100600719451904,0.0,0.0,0.0,0.0,0.0,0.0,0.0,0.0,0.0,0.0,0.0,0.0,0.0,1.0,1.0,5278,519,532,527.8,5.138093031466052,527.8,0.0010672092437744,10,0.136430633577298,28.222222222222225
0.0,47,63.5,1392.161444503452,0.0,0.0,0.0,0.0,0.0,0.0,0.0,0,0,0,0,0,0.0071830749511718,0.0,0.0,0.0,0.0,0.0,0.0,0.0,0.0,0.0,0.0,0.0,0.0,0.0,1.0,1.0,5256,519,536,525.6,6.0955357070199785,525.6,0.0020648956298828,10,0.1368206574256117,42.25
0.0,47,63.5,119156.36363636365,0.0,0.0,0.0,0.0,0.0,0.0,0.0,0,0,0,0,0,8.392333984375e-05,0.0,0.0,0.0,0.0,0.0,0.0,0.0,0.0,0.0,0.0,0.0,0.0,0.0,1.0,1.0,5228,512,530,522.8,8.469553313683864,522.8,9.989738464355468e-06,10,0.1497166472378623,72.25
0.0,47,63.5,101067.56626506025,0.0,0.0,0.0,0.0,0.0,0.0,0.0,0,0,0,0,0,9.894371032714844e-05,0.0,0.0,0.0,0.0,0.0,0.0,0.0,0.0,0.0,0.0,0.0,0.0,0.0,1.0,1.0,5098,420,563,509.8,50.294245308097736,509.8,1.080036163330078e-05,10,0.3235343137687068,5112.25
0.0,47,63.5,228.60232400967973,0.0,0.0,0.0,0.0,0.0,0.0,0.0,0,0,0,0,0,0.0437440872192382,0.0,0.0,0.0,0.0,0.0,0.0,0.0,0.0,0.0,0.0,0.0,0.0,0.0,1.0,1.0,5208,499,537,520.8,13.5219985373629,520.8,0.0043755054473876,10,0.1739285013241802,361.0
0.0,47,63.5,84733.41414141415,0.0,0.0,0.0,0.0,0.0,0.0,0.0,0,0,0,0,0,0.0001180171966552,0.0,0.0,0.0,0.0,0.0,0.0,0.0,0.0,0.0,0.0,0.0,0.0,0.0,1.0,1.0,5242,516,531,524.2,6.713171133426189,524.2,7.98940658569336e-05,10,0.1421846473929125,56.25
0.0,47,63.5,415.0228572559419,0.0,0.0,0.0,0.0,0.0,0.0,0.0,0,0,0,0,0,0.0240950584411621,0.0,0.0,0.0,0.0,0.0,0.0,0.0,0.0,0.0,0.0,0.0,0.0,0.0,1.0,1.0,5254,515,533,525.4,6.484168755086841,525.4,0.0024110078811645,10,0.1437954909840722,54.22222222222223
0.0,47,63.5,153637.50915750916,0.0,0.0,0.0,0.0,0.0,0.0,0.0,0,0,0,0,0,6.508827209472656e-05,0.0,0.0,0.0,0.0,0.0,0.0,0.0,0.0,0.0,0.0,0.0,0.0,0.0,1.0,1.0,5110,420,563,511.0,50.53931363030391,511.0,8.702278137207031e-06,10,0.3236341448004406,5112.25
0.0,47,63.5,149263.487544484,0.0,0.0,0.0,0.0,0.0,0.0,0.0,0,0,0,0,0,6.699562072753906e-05,0.0,0.0,0.0,0.0,0.0,0.0,0.0,0.0,0.0,0.0,0.0,0.0,0.0,1.0,1.0,5216,516,531,521.6,7.260241808033056,521.6,7.987022399902344e-06,10,0.1424075021029203,47.44
0.0,47,63.5,163840.0,0.0,0.0,0.0,0.0,0.0,0.0,0.0,0,0,0,0,0,6.103515625e-05,0.0,0.0,0.0,0.0,0.0,0.0,0.0,0.0,0.0,0.0,0.0,0.0,0.0,1.0,1.0,5218,509,533,521.8,9.2951600308978,521.8,7.104873657226563e-06,10,0.1551653563901865,96.75
0.0,47,63.5,166440.6349206349,0.0,0.0,0.0,0.0,0.0,0.0,0.0,0,0,0,0,0,6.008148193359375e-05,0.0,0.0,0.0,0.0,0.0,0.0,0.0,0.0,0.0,0.0,0.0,0.0,0.0,1.0,1.0,5140,501,528,514.0,11.527744310527057,514.0,7.104873657226563e-06,10,0.1697078619223362,119.6
0.0,47,63.5,128266.17737003058,0.0,0.0,0.0,0.0,0.0,0.0,0.0,0,0,0,0,0,7.796287536621094e-05,0.0,0.0,0.0,0.0,0.0,0.0,0.0,0.0,0.0,0.0,0.0,0.0,0.0,1.0,1.0,5634,538,604,563.4,23.051632865759807,563.4,8.797645568847656e-06,10,0.1113494231641959,1089.0
0.0,47,63.5,153637.50915750916,0.0,0.0,0.0,0.0,0.0,0.0,0.0,0,0,0,0,0,6.508827209472656e-05,0.0,0.0,0.0,0.0,0.0,0.0,0.0,0.0,0.0,0.0,0.0,0.0,0.0,1.0,1.0,5592,553,563,559.2,4.184627953726724,559.2,7.605552673339843e-06,10,0.0781018100432301,15.76
0.0,47,63.5,154202.35294117648,0.0,0.0,0.0,0.0,0.0,0.0,0.0,0,0,0,0,0,6.4849853515625e-05,0.0,0.0,0.0,0.0,0.0,0.0,0.0,0.0,0.0,0.0,0.0,0.0,0.0,1.0,1.0,5570,554,562,557.0,3.197221015541813,557.0,7.581710815429688e-06,10,0.0759954499528911,12.25
0.0,47,63.5,154202.35294117648,0.0,0.0,0.0,0.0,0.0,0.0,0.0,0,0,0,0,0,6.4849853515625e-05,0.0,0.0,0.0,0.0,0.0,0.0,0.0,0.0,0.0,0.0,0.0,0.0,0.0,1.0,1.0,5574,552,563,557.4,3.747591819348053,557.4,7.605552673339843e-06,10,0.0796279090035296,12.64
0.0,47,63.5,66682.09856915739,0.0,0.0,0.0,0.0,0.0,0.0,0.0,0,0,0,0,0,0.0001499652862548,0.0,0.0,0.0,0.0,0.0,0.0,0.0,0.0,0.0,0.0,0.0,0.0,0.0,1.0,1.0,5780,578,578,578.0,0.0,578.0,1.590251922607422e-05,10,0.0,0.0
0.0,47,63.5,812.0312863006272,0.0,0.0,0.0,0.0,0.0,0.0,0.0,0,0,0,0,0,0.0123147964477539,0.0,0.0,0.0,0.0,0.0,0.0,0.0,0.0,0.0,0.0,0.0,0.0,0.0,1.0,1.0,5780,578,578,578.0,0.0,578.0,0.0012337923049926,10,0.0,0.0
0.0,47,63.5,2176.259015202615,0.0,0.0,0.0,0.0,0.0,0.0,0.0,0,0,0,0,0,0.0045950412750244,0.0,0.0,0.0,0.0,0.0,0.0,0.0,0.0,0.0,0.0,0.0,0.0,0.0,1.0,1.0,5780,578,578,578.0,0.0,578.0,0.000462007522583,10,0.0,0.0
0.0,47,63.5,660.7180101132623,0.0,0.0,0.0,0.0,0.0,0.0,0.0,0,0,0,0,0,0.0151350498199462,0.0,0.0,0.0,0.0,0.0,0.0,0.0,0.0,0.0,0.0,0.0,0.0,0.0,1.0,1.0,5780,578,578,578.0,0.0,578.0,0.0015160083770751,10,0.0,0.0
0.0,47,63.5,862.4399070589928,0.0,0.0,0.0,0.0,0.0,0.0,0.0,0,0,0,0,0,0.0115950107574462,0.0,0.0,0.0,0.0,0.0,0.0,0.0,0.0,0.0,0.0,0.0,0.0,0.0,1.0,1.0,5900,571,634,590.0,23.683092891108817,590.0,0.0011677980422973,10,0.0553703647201221,992.25
0.0,47,63.5,27253.437296946067,0.0,0.0,0.0,0.0,0.0,0.0,0.0,0,0,0,0,0,0.0003669261932373,0.0,0.0,0.0,0.0,0.0,0.0,0.0,0.0,0.0,0.0,0.0,0.0,0.0,1.0,1.0,5774,573,581,577.4,2.875181153713044,577.4,0.0013676881790161,10,0.0434857937947765,9.1875
0.0,47,63.5,2621.27617023936,0.0,0.0,0.0,0.0,0.0,0.0,0.0,0,0,0,0,0,0.0038149356842041,0.0,0.0,0.0,0.0,0.0,0.0,0.0,0.0,0.0,0.0,0.0,0.0,0.0,1.0,1.0,5842,573,593,584.2,7.03641322771134,584.2,0.0003839969635009,10,0.0451809132924404,56.25
0.0,47,63.5,44243.71308016877,0.0,0.0,0.0,0.0,0.0,0.0,0.0,0,0,0,0,0,0.0002260208129882,0.0,0.0,0.0,0.0,0.0,0.0,0.0,0.0,0.0,0.0,0.0,0.0,0.0,1.0,1.0,5810,576,585,581.0,3.4641016151377544,581.0,2.6702880859375e-05,10,0.0386133064339425,10.88888888888889
0.0,47,63.5,5675.648173207037,0.0,0.0,0.0,0.0,0.0,0.0,0.0,0,0,0,0,0,0.0017619132995605,0.0,0.0,0.0,0.0,0.0,0.0,0.0,0.0,0.0,0.0,0.0,0.0,0.0,1.0,1.0,5482,506,593,548.2,29.05473761330117,548.2,0.0001784086227416,10,0.1683270079141544,1892.25
0.0,47,63.5,39681.21097445601,0.0,0.0,0.0,0.0,0.0,0.0,0.0,0,0,0,0,0,0.0002520084381103,0.0,0.0,0.0,0.0,0.0,0.0,0.0,0.0,0.0,0.0,0.0,0.0,0.0,1.0,1.0,5504,546,556,550.4,4.087922591134904,550.4,2.839565277099609e-05,10,0.0899913261467247,18.666666666666668
0.0,47,63.5,580.6550931694215,0.0,0.0,0.0,0.0,0.0,0.0,0.0,0,0,0,0,0,0.0172219276428222,0.0,0.0,0.0,0.0,0.0,0.0,0.0,0.0,0.0,0.0,0.0,0.0,0.0,1.0,1.0,5448,540,550,544.8,3.489667287547307,544.8,0.0017262935638427,10,0.0999724008662553,16.666666666666668
0.0,47,63.5,50231.18562874252,0.0,0.0,0.0,0.0,0.0,0.0,0.0,0,0,0,0,0,0.0001990795135498,0.0,0.0,0.0,0.0,0.0,0.0,0.0,0.0,0.0,0.0,0.0,0.0,0.0,1.0,1.0,5512,547,556,551.2,3.22490309931942,551.2,2.281665802001953e-05,10,0.0879356365265387,14.0
0.0,47,63.5,42886.543967280166,0.0,0.0,0.0,0.0,0.0,0.0,0.0,0,0,0,0,0,0.0002331733703613,0.0,0.0,0.0,0.0,0.0,0.0,0.0,0.0,0.0,0.0,0.0,0.0,0.0,1.0,1.0,5784,548,614,578.4,22.13694749608546,578.4,2.560615539550781e-05,10,0.0939355169320053,1089.0
0.0,47,63.5,63262.503770739066,0.0,0.0,0.0,0.0,0.0,0.0,0.0,0,0,0,0,0,0.0001580715179443,0.0,0.0,0.0,0.0,0.0,0.0,0.0,0.0,0.0,0.0,0.0,0.0,0.0,1.0,1.0,5774,575,578,577.4,1.2649110640673518,577.4,2.009868621826172e-05,10,0.0394215741710585,1.44
0.0,47,63.5,960.7183105043748,0.0,0.0,0.0,0.0,0.0,0.0,0.0,0,0,0,0,0,0.010408878326416,0.0,0.0,0.0,0.0,0.0,0.0,0.0,0.0,0.0,0.0,0.0,0.0,0.0,1.0,1.0,5790,574,583,579.0,3.333333333333333,579.0,0.0010429859161376,10,0.0419682966666666,10.0
0.0,47,63.5,48099.81651376147,0.0,0.0,0.0,0.0,0.0,0.0,0.0,0,0,0,0,0,0.0002079010009765,0.0,0.0,0.0,0.0,0.0,0.0,0.0,0.0,0.0,0.0,0.0,0.0,0.0,1.0,1.0,5760,572,580,576.0,3.197221015541813,576.0,2.4700164794921877e-05,10,0.0453211099528911,9.2
0.0,47,63.5,67650.06451612903,0.0,0.0,0.0,0.0,0.0,0.0,0.0,0,0,0,0,0,0.0001478195190429,0.0,0.0,0.0,0.0,0.0,0.0,0.0,0.0,0.0,0.0,0.0,0.0,0.0,1.0,1.0,5826,555,618,582.6,21.308318667704512,582.6,1.7094612121582032e-05,10,0.0816690566924761,992.25
0.0,47,63.5,13967.046287046289,0.0,0.0,0.0,0.0,0.0,0.0,0.0,0,0,0,0,0,0.0007159709930419,0.0,0.0,0.0,0.0,0.0,0.0,0.0,0.0,0.0,0.0,0.0,0.0,0.0,1.0,1.0,5818,578,586,581.8,3.675746333890726,581.8,7.390975952148438e-05,10,0.0352912620265737,12.666666666666666
0.0,47,63.5,2010.885032121968,0.0,0.0,0.0,0.0,0.0,0.0,0.0,0,0,0,0,0,0.0049729347229003,0.0,0.0,0.0,0.0,0.0,0.0,0.0,0.0,0.0,0.0,0.0,0.0,0.0,1.0,1.0,5790,572,582,579.0,4.0,579.0,0.0004997968673706,10,0.04564813,17.6875
0.0,47,63.5,1098.5605028810896,0.0,0.0,0.0,0.0,0.0,0.0,0.0,0,0,0,0,0,0.0091028213500976,0.0,0.0,0.0,0.0,0.0,0.0,0.0,0.0,0.0,0.0,0.0,0.0,0.0,1.0,1.0,5806,577,583,580.6,2.3664319132398464,580.6,0.0009115934371948,10,0.0364620297041773,6.0
0.0,47,63.5,2646.248580441641,0.0,0.0,0.0,0.0,0.0,0.0,0.0,0,0,0,0,0,0.0037789344787597,0.0,0.0,0.0,0.0,0.0,0.0,0.0,0.0,0.0,0.0,0.0,0.0,0.0,1.0,1.0,5120,420,563,512.0,51.22065555569897,512.0,0.0003811120986938,10,0.3239116962471696,5112.25
0.0,47,63.5,87563.75782881002,0.0,0.0,0.0,0.0,0.0,0.0,0.0,0,0,0,0,0,0.0001142024993896,0.0,0.0,0.0,0.0,0.0,0.0,0.0,0.0,0.0,0.0,0.0,0.0,0.0,1.0,1.0,5232,514,531,523.2,6.779052703405953,523.2,1.270771026611328e-05,10,0.1456197449092594,56.25
0.0,47,63.5,663.6136953357383,0.0,0.0,0.0,0.0,0.0,0.0,0.0,0,0,0,0,0,0.0150690078735351,0.0,0.0,0.0,0.0,0.0,0.0,0.0,0.0,0.0,0.0,0.0,0.0,0.0,1.0,1.0,5270,519,542,527.0,8.273115763993903,527.0,0.0015084981918334,10,0.1377077164376206,61.6
0.0,47,63.5,120525.97701149424,0.0,0.0,0.0,0.0,0.0,0.0,0.0,0,0,0,0,0,8.296966552734375e-05,0.0,0.0,0.0,0.0,0.0,0.0,0.0,0.0,0.0,0.0,0.0,0.0,0.0,1.0,1.0,5214,516,541,521.4,10.340857475728662,521.4,9.79900360107422e-06,10,0.1436624217013128,96.24
0.0,47,63.5,113666.77506775068,0.0,0.0,0.0,0.0,0.0,0.0,0.0,0,0,0,0,0,8.797645568847656e-05,0.0,0.0,0.0,0.0,0.0,0.0,0.0,0.0,0.0,0.0,0.0,0.0,0.0,1.0,1.0,5788,547,614,578.8,22.404364654137275,578.8,1.02996826171875e-05,10,0.0957485819855093,1122.25
0.0,47,63.5,1347.1780047536456,0.0,0.0,0.0,0.0,0.0,0.0,0.0,0,0,0,0,0,0.007422924041748,0.0,0.0,0.0,0.0,0.0,0.0,0.0,0.0,0.0,0.0,0.0,0.0,0.0,1.0,1.0,5806,573,588,580.6,5.103375789067903,580.6,0.000743293762207,10,0.0443934711614347,23.44
0.0,47,63.5,73071.49825783972,0.0,0.0,0.0,0.0,0.0,0.0,0.0,0,0,0,0,0,0.0001368522644042,0.0,0.0,0.0,0.0,0.0,0.0,0.0,0.0,0.0,0.0,0.0,0.0,0.0,1.0,1.0,5780,573,582,578.0,3.333333333333333,578.0,1.919269561767578e-05,10,0.0436724266666666,14.0
0.0,47,63.5,1400.762782620312,0.0,0.0,0.0,0.0,0.0,0.0,0.0,0,0,0,0,0,0.007138967514038,0.0,0.0,0.0,0.0,0.0,0.0,0.0,0.0,0.0,0.0,0.0,0.0,0.0,1.0,1.0,5786,574,583,578.6,3.438345855527367,578.6,0.0007174015045166,10,0.0420110745677076,11.1875
0.0,47,63.5,431.6859645330945,0.0,0.0,0.0,0.0,0.0,0.0,0.0,0,0,0,0,0,0.0231649875640869,0.0,0.0,0.0,0.0,0.0,0.0,0.0,0.0,0.0,0.0,0.0,0.0,0.0,1.0,1.0,5864,563,626,586.4,22.136947496085465,586.4,0.0023175954818725,10,0.0683735669320054,992.25
0.0,47,63.5,143150.3071672355,0.0,0.0,0.0,0.0,0.0,0.0,0.0,0,0,0,0,0,6.985664367675781e-05,0.0,0.0,0.0,0.0,0.0,0.0,0.0,0.0,0.0,0.0,0.0,0.0,0.0,1.0,1.0,5806,579,584,580.6,1.837873166945363,580.6,8.20159912109375e-06,10,0.0328384560132869,3.555555555555556
0.0,47,63.5,126716.1329305136,0.0,0.0,0.0,0.0,0.0,0.0,0.0,0,0,0,0,0,7.891654968261719e-05,0.0,0.0,0.0,0.0,0.0,0.0,0.0,0.0,0.0,0.0,0.0,0.0,0.0,1.0,1.0,5810,575,585,581.0,3.711842908553348,581.0,9.107589721679688e-06,10,0.0404183563272283,15.1875
0.0,47,63.5,195995.5140186916,0.0,0.0,0.0,0.0,0.0,0.0,0.0,0,0,0,0,0,5.1021575927734375e-05,0.0,0.0,0.0,0.0,0.0,0.0,0.0,0.0,0.0,0.0,0.0,0.0,0.0,1.0,1.0,5814,576,585,581.4,3.0983866769659336,581.4,6.103515625e-06,10,0.0384643287967288,8.64
0.0,47,63.5,149263.487544484,0.0,0.0,0.0,0.0,0.0,0.0,0.0,0,0,0,0,0,6.699562072753906e-05,0.0,0.0,0.0,0.0,0.0,0.0,0.0,0.0,0.0,0.0,0.0,0.0,0.0,1.0,1.0,5872,567,630,587.2,23.384705352953336,587.2,7.605552673339843e-06,10,0.0620653335725791,992.25
0.0,47,63.5,192399.26605504588,0.0,0.0,0.0,0.0,0.0,0.0,0.0,0,0,0,0,0,5.197525024414063e-05,0.0,0.0,0.0,0.0,0.0,0.0,0.0,0.0,0.0,0.0,0.0,0.0,0.0,1.0,1.0,5832,579,589,583.2,4.237399621885522,583.2,6.079673767089844e-06,10,0.0338159271099713,17.0
0.0,47,63.5,192399.26605504588,0.0,0.0,0.0,0.0,0.0,0.0,0.0,0,0,0,0,0,5.197525024414063e-05,0.0,0.0,0.0,0.0,0.0,0.0,0.0,0.0,0.0,0.0,0.0,0.0,0.0,1.0,1.0,5798,577,583,579.8,2.0439612955674527,579.8,6.103515625e-06,10,0.0363306680733623,4.5
0.0,47,63.5,154.6481033567341,0.0,0.0,0.0,0.0,0.0,0.0,0.0,0,0,0,0,0,0.0646629333496093,0.0,0.0,0.0,0.0,0.0,0.0,0.0,0.0,0.0,0.0,0.0,0.0,0.0,1.0,1.0,5820,579,588,582.0,3.5276684147527875,582.0,0.0064671993255615,10,0.0335268110054337,13.6875
0.0,47,63.5,4759.763958238766,0.0,0.0,0.0,0.0,0.0,0.0,0.0,0,0,0,0,0,0.0021009445190429,0.0,0.0,0.0,0.0,0.0,0.0,0.0,0.0,0.0,0.0,0.0,0.0,0.0,1.0,1.0,5790,543,614,579.0,23.692474191889147,579.0,0.0004815101623535,10,0.1030898262868079,1260.25
0.0,47,63.5,185588.67256637168,0.0,0.0,0.0,0.0,0.0,0.0,0.0,0,0,0,0,0,5.3882598876953125e-05,0.0,0.0,0.0,0.0,0.0,0.0,0.0,0.0,0.0,0.0,0.0,0.0,0.0,1.0,1.0,5770,572,582,577.0,3.39934634239519,577.0,6.29425048828125e-06,10,0.0454034477260381,13.0
0.0,47,63.5,192399.26605504588,0.0,0.0,0.0,0.0,0.0,0.0,0.0,0,0,0,0,0,5.197525024414063e-05,0.0,0.0,0.0,0.0,0.0,0.0,0.0,0.0,0.0,0.0,0.0,0.0,0.0,1.0,1.0,5758,571,579,575.8,3.084008934992101,575.8,6.103515625e-06,10,0.0469791218797584,12.25
0.0,47,63.5,192399.26605504588,0.0,0.0,0.0,0.0,0.0,0.0,0.0,0,0,0,0,0,5.197525024414063e-05,0.0,0.0,0.0,0.0,0.0,0.0,0.0,0.0,0.0,0.0,0.0,0.0,0.0,1.0,1.0,5794,576,582,579.4,2.5473297566057065,579.4,6.008148193359375e-06,10,0.0382398502496509,5.84
0.0,47,63.5,166440.6349206349,0.0,0.0,0.0,0.0,0.0,0.0,0.0,0,0,0,0,0,6.008148193359375e-05,0.0,0.0,0.0,0.0,0.0,0.0,0.0,0.0,0.0,0.0,0.0,0.0,0.0,1.0,1.0,5104,420,563,510.4,50.68683808993766,510.4,6.890296936035156e-06,10,0.3236942403643171,5112.25
0.0,47,63.5,6083.109499637419,0.0,0.0,0.0,0.0,0.0,0.0,0.0,0,0,0,0,0,0.0016438961029052,0.0,0.0,0.0,0.0,0.0,0.0,0.0,0.0,0.0,0.0,0.0,0.0,0.0,1.0,1.0,5182,511,531,518.2,7.465476095557023,518.2,0.0001652956008911,10,0.1510117563422861,66.8888888888889
0.0,47,63.5,2652.608145712117,0.0,0.0,0.0,0.0,0.0,0.0,0.0,0,0,0,0,0,0.0037698745727539,0.0,0.0,0.0,0.0,0.0,0.0,0.0,0.0,0.0,0.0,0.0,0.0,0.0,1.0,1.0,5210,505,535,521.0,10.974718422102884,521.0,0.0003793954849243,10,0.1626660612964278,108.4
0.0,47,63.5,195995.5140186916,0.0,0.0,0.0,0.0,0.0,0.0,0.0,0,0,0,0,0,5.1021575927734375e-05,0.0,0.0,0.0,0.0,0.0,0.0,0.0,0.0,0.0,0.0,0.0,0.0,0.0,1.0,1.0,5214,510,533,521.4,8.126773310757747,521.4,6.008148193359375e-06,10,0.1529852723758703,59.44
0.0,47,63.5,9100.24734215665,0.0,0.0,0.0,0.0,0.0,0.0,0.0,0,0,0,0,0,0.0010988712310791,0.0,0.0,0.0,0.0,0.0,0.0,0.0,0.0,0.0,0.0,0.0,0.0,0.0,1.0,1.0,5054,420,563,505.4,49.299988731123335,505.4,0.0001107931137084,10,0.3231292934095104,5112.25
0.0,47,63.5,110960.42328042327,0.0,0.0,0.0,0.0,0.0,0.0,0.0,0,0,0,0,0,9.012222290039062e-05,0.0,0.0,0.0,0.0,0.0,0.0,0.0,0.0,0.0,0.0,0.0,0.0,0.0,1.0,1.0,5198,513,526,519.8,5.094659513211414,519.8,1.0609626770019531e-05,10,0.1466377204993018,23.36
0.0,47,63.5,582.5503131987945,0.0,0.0,0.0,0.0,0.0,0.0,0.0,0,0,0,0,0,0.0171658992767334,0.0,0.0,0.0,0.0,0.0,0.0,0.0,0.0,0.0,0.0,0.0,0.0,0.0,1.0,1.0,5202,503,535,520.2,12.461496254017367,520.2,0.0017180919647216,10,0.1666799751140365,210.25
0.0,47,63.5,3456.654029998352,0.0,0.0,0.0,0.0,0.0,0.0,0.0,0,0,0,0,0,0.0028929710388183,0.0,0.0,0.0,0.0,0.0,0.0,0.0,0.0,0.0,0.0,0.0,0.0,0.0,1.0,1.0,5232,520,527,523.2,2.699794230842212,523.2,0.0003046989440917,10,0.1337332381778759,6.6913580246913575
0.0,47,63.5,163840.0,0.0,0.0,0.0,0.0,0.0,0.0,0.0,0,0,0,0,0,6.103515625e-05,0.0,0.0,0.0,0.0,0.0,0.0,0.0,0.0,0.0,0.0,0.0,0.0,0.0,1.0,1.0,5780,578,578,578.0,0.0,578.0,7.104873657226563e-06,10,0.0,0.0
0.0,47,63.5,195995.5140186916,0.0,0.0,0.0,0.0,0.0,0.0,0.0,0,0,0,0,0,5.1021575927734375e-05,0.0,0.0,0.0,0.0,0.0,0.0,0.0,0.0,0.0,0.0,0.0,0.0,0.0,1.0,1.0,5780,578,578,578.0,0.0,578.0,6.008148193359375e-06,10,0.0,0.0
0.0,47,63.5,192399.26605504588,0.0,0.0,0.0,0.0,0.0,0.0,0.0,0,0,0,0,0,5.197525024414063e-05,0.0,0.0,0.0,0.0,0.0,0.0,0.0,0.0,0.0,0.0,0.0,0.0,0.0,1.0,1.0,5780,578,578,578.0,0.0,578.0,6.103515625e-06,10,0.0,0.0
0.0,47,63.5,191520.7305936073,0.0,0.0,0.0,0.0,0.0,0.0,0.0,0,0,0,0,0,5.221366882324219e-05,0.0,0.0,0.0,0.0,0.0,0.0,0.0,0.0,0.0,0.0,0.0,0.0,0.0,1.0,1.0,5780,578,578,578.0,0.0,578.0,6.103515625e-06,10,0.0,0.0
0.0,47,63.5,184771.1013215859,0.0,0.0,0.0,0.0,0.0,0.0,0.0,0,0,0,0,0,5.412101745605469e-05,0.0,0.0,0.0,0.0,0.0,0.0,0.0,0.0,0.0,0.0,0.0,0.0,0.0,1.0,1.0,5868,567,630,586.8,23.35617929180865,586.8,6.29425048828125e-06,10,0.0620537131963112,992.25
0.0,47,63.5,192399.26605504588,0.0,0.0,0.0,0.0,0.0,0.0,0.0,0,0,0,0,0,5.197525024414063e-05,0.0,0.0,0.0,0.0,0.0,0.0,0.0,0.0,0.0,0.0,0.0,0.0,0.0,1.0,1.0,5790,576,581,579.0,1.7638342073763935,579.0,5.984306335449219e-06,10,0.0379206855027168,3.5
0.0,47,63.5,192399.26605504588,0.0,0.0,0.0,0.0,0.0,0.0,0.0,0,0,0,0,0,5.197525024414063e-05,0.0,0.0,0.0,0.0,0.0,0.0,0.0,0.0,0.0,0.0,0.0,0.0,0.0,1.0,1.0,5790,576,584,579.0,3.126943839882286,579.0,6.008148193359375e-06,10,0.0384759618426144,16.0
0.0,47,63.5,62883.11844077961,0.0,0.0,0.0,0.0,0.0,0.0,0.0,0,0,0,0,0,0.0001590251922607,0.0,0.0,0.0,0.0,0.0,0.0,0.0,0.0,0.0,0.0,0.0,0.0,0.0,1.0,1.0,5802,576,585,580.2,3.852848873813304,580.2,1.671314239501953e-05,10,0.0387716665172366,16.25
0.0,47,63.5,138884.23841059604,0.0,0.0,0.0,0.0,0.0,0.0,0.0,0,0,0,0,0,7.200241088867188e-05,0.0,0.0,0.0,0.0,0.0,0.0,0.0,0.0,0.0,0.0,0.0,0.0,0.0,1.0,1.0,5546,518,597,554.6,26.47094843618398,554.6,8.487701416015625e-06,10,0.1468249155549638,1560.25
0.0,47,63.5,192399.26605504588,0.0,0.0,0.0,0.0,0.0,0.0,0.0,0,0,0,0,0,5.197525024414063e-05,0.0,0.0,0.0,0.0,0.0,0.0,0.0,0.0,0.0,0.0,0.0,0.0,0.0,1.0,1.0,5518,548,555,551.8,2.4404006956964173,551.8,6.103515625e-06,10,0.0859119316273988,6.25
0.0,47,63.5,128.04611035468093,0.0,0.0,0.0,0.0,0.0,0.0,0.0,0,0,0,0,0,0.078096866607666,0.0,0.0,0.0,0.0,0.0,0.0,0.0,0.0,0.0,0.0,0.0,0.0,0.0,1.0,1.0,5518,549,555,551.8,2.14993539954628,551.8,0.0078105926513671,10,0.0840894776843592,6.222222222222221
0.0,47,63.5,172.20541623556846,0.0,0.0,0.0,0.0,0.0,0.0,0.0,0,0,0,0,0,0.0580701828002929,0.0,0.0,0.0,0.0,0.0,0.0,0.0,0.0,0.0,0.0,0.0,0.0,0.0,1.0,1.0,5498,547,555,549.8,2.9363620727393656,549.8,0.0075368165969848,10,0.0878180964539511,13.04
0.0,47,63.5,367.444370466412,0.0,0.0,0.0,0.0,0.0,0.0,0.0,0,0,0,0,0,0.0272150039672851,0.0,0.0,0.0,0.0,0.0,0.0,0.0,0.0,0.0,0.0,0.0,0.0,0.0,1.0,1.0,5062,420,563,506.2,49.91281287293763,506.2,0.0034308910369873,10,0.3233789334519199,5112.25
0.0,47,63.5,407.00060162633184,0.0,0.0,0.0,0.0,0.0,0.0,0.0,0,0,0,0,0,0.0245699882507324,0.0,0.0,0.0,0.0,0.0,0.0,0.0,0.0,0.0,0.0,0.0,0.0,0.0,1.0,1.0,5176,512,521,517.6,3.1692971530679235,517.6,0.0028277873992919,10,0.1475575348882737,14.0
0.0,47,63.5,1090.1374918778426,0.0,0.0,0.0,0.0,0.0,0.0,0.0,0,0,0,0,0,0.0091731548309326,0.0,0.0,0.0,0.0,0.0,0.0,0.0,0.0,0.0,0.0,0.0,0.0,0.0,1.0,1.0,5164,507,533,516.4,10.101705026600431,516.4,0.0009193181991577,10,0.1589021705596359,91.84
0.0,47,63.5,431.0914229919318,0.0,0.0,0.0,0.0,0.0,0.0,0.0,0,0,0,0,0,0.0231969356536865,0.0,0.0,0.0,0.0,0.0,0.0,0.0,0.0,0.0,0.0,0.0,0.0,0.0,1.0,1.0,5218,499,534,521.8,12.916827955982242,521.8,0.0027491807937622,10,0.1736819790361489,225.0
0.0,47,63.5,84054.1883767535,0.0,0.0,0.0,0.0,0.0,0.0,0.0,0,0,0,0,0,0.0001189708709716,0.0,0.0,0.0,0.0,0.0,0.0,0.0,0.0,0.0,0.0,0.0,0.0,0.0,1.0,1.0,5776,576,578,577.6,0.8432740427115677,577.6,1.4805793762207032e-05,10,0.0,1.0
0.0,47,63.5,710.176769387064,0.0,0.0,0.0,0.0,0.0,0.0,0.0,0,0,0,0,0,0.0140810012817382,0.0,0.0,0.0,0.0,0.0,0.0,0.0,0.0,0.0,0.0,0.0,0.0,0.0,1.0,1.0,5780,578,578,578.0,0.0,578.0,0.0015568971633911,10,0.0,0.0
0.0,47,63.5,119156.36363636365,0.0,0.0,0.0,0.0,0.0,0.0,0.0,0,0,0,0,0,8.392333984375e-05,0.0,0.0,0.0,0.0,0.0,0.0,0.0,0.0,0.0,0.0,0.0,0.0,0.0,1.0,1.0,5780,578,578,578.0,0.0,578.0,1.2302398681640624e-05,10,0.0,0.0
0.0,47,63.5,31138.1143281366,0.0,0.0,0.0,0.0,0.0,0.0,0.0,0,0,0,0,0,0.0003211498260498,0.0,0.0,0.0,0.0,0.0,0.0,0.0,0.0,0.0,0.0,0.0,0.0,0.0,1.0,1.0,5780,578,578,578.0,0.0,578.0,3.321170806884766e-05,10,0.0,0.0
0.0,47,63.5,400.6901229496451,0.0,0.0,0.0,0.0,0.0,0.0,0.0,0,0,0,0,0,0.0249569416046142,0.0,0.0,0.0,0.0,0.0,0.0,0.0,0.0,0.0,0.0,0.0,0.0,0.0,1.0,1.0,5166,426,565,516.6,51.14076434487245,516.6,0.0038741827011108,10,0.3136543717635273,4830.25
0.0,47,63.5,554.4134403130081,0.0,0.0,0.0,0.0,0.0,0.0,0.0,0,0,0,0,0,0.0180370807647705,0.0,0.0,0.0,0.0,0.0,0.0,0.0,0.0,0.0,0.0,0.0,0.0,0.0,1.0,1.0,5222,513,533,522.2,8.599741598185119,522.2,0.0018055200576782,10,0.1480655507374366,66.56
0.0,47,63.5,75166.73835125448,0.0,0.0,0.0,0.0,0.0,0.0,0.0,0,0,0,0,0,0.0001330375671386,0.0,0.0,0.0,0.0,0.0,0.0,0.0,0.0,0.0,0.0,0.0,0.0,0.0,1.0,1.0,5260,515,538,526.0,7.972173828734266,526.0,1.559257507324219e-05,10,0.1444016447308732,132.25
0.0,47,63.5,54684.5371577575,0.0,0.0,0.0,0.0,0.0,0.0,0.0,0,0,0,0,0,0.0001828670501708,0.0,0.0,0.0,0.0,0.0,0.0,0.0,0.0,0.0,0.0,0.0,0.0,0.0,1.0,1.0,5254,513,535,525.4,7.501111028818775,525.4,2.0694732666015624e-05,10,0.1476180125886996,80.8888888888889
0.0,47,63.5,2218.8562662011323,0.0,0.0,0.0,0.0,0.0,0.0,0.0,0,0,0,0,0,0.0045068264007568,0.0,0.0,0.0,0.0,0.0,0.0,0.0,0.0,0.0,0.0,0.0,0.0,0.0,1.0,1.0,5462,500,591,546.2,30.46601020445208,546.2,0.000455093383789,10,0.1791266839168856,2070.25
0.0,47,63.5,384.8514933247695,0.0,0.0,0.0,0.0,0.0,0.0,0.0,0,0,0,0,0,0.0259840488433837,0.0,0.0,0.0,0.0,0.0,0.0,0.0,0.0,0.0,0.0,0.0,0.0,0.0,1.0,1.0,5474,543,552,547.4,3.0983866769659336,547.4,0.0026009082794189,10,0.0947006187967288,20.25
0.0,47,63.5,79287.41020793951,0.0,0.0,0.0,0.0,0.0,0.0,0.0,0,0,0,0,0,0.0001261234283447,0.0,0.0,0.0,0.0,0.0,0.0,0.0,0.0,0.0,0.0,0.0,0.0,0.0,1.0,1.0,5464,541,550,546.4,3.687817782917155,546.4,1.671314239501953e-05,10,0.0983489894520491,12.24
0.0,47,63.5,83886.08,0.0,0.0,0.0,0.0,0.0,0.0,0.0,0,0,0,0,0,0.0001192092895507,0.0,0.0,0.0,0.0,0.0,0.0,0.0,0.0,0.0,0.0,0.0,0.0,0.0,1.0,1.0,5470,544,549,547.0,1.8856180831641267,547.0,1.3899803161621091e-05,10,0.0925024553823577,3.6875
0.0,47,63.5,75709.45848375451,0.0,0.0,0.0,0.0,0.0,0.0,0.0,0,0,0,0,0,0.0001320838928222,0.0,0.0,0.0,0.0,0.0,0.0,0.0,0.0,0.0,0.0,0.0,0.0,0.0,1.0,1.0,5242,455,575,524.2,40.83244897001512,524.2,1.5187263488769532e-05,10,0.2600354064124254,3600.0
0.0,47,63.5,72440.48359240069,0.0,0.0,0.0,0.0,0.0,0.0,0.0,0,0,0,0,0,0.0001380443572998,0.0,0.0,0.0,0.0,0.0,0.0,0.0,0.0,0.0,0.0,0.0,0.0,0.0,1.0,1.0,5272,517,542,527.2,8.625543461139127,527.2,0.001568603515625,10,0.1412595413843296,156.25
0.0,47,63.5,169125.16129032258,0.0,0.0,0.0,0.0,0.0,0.0,0.0,0,0,0,0,0,5.91278076171875e-05,0.0,0.0,0.0,0.0,0.0,0.0,0.0,0.0,0.0,0.0,0.0,0.0,0.0,1.0,1.0,5300,526,538,530.0,4.47213595499958,530.0,7.104873657226563e-06,10,0.1242304393026286,18.024691358024693
0.0,47,63.5,181571.60173160167,0.0,0.0,0.0,0.0,0.0,0.0,0.0,0,0,0,0,0,5.507469177246094e-05,0.0,0.0,0.0,0.0,0.0,0.0,0.0,0.0,0.0,0.0,0.0,0.0,0.0,1.0,1.0,5310,516,554,531.0,15.944347657468532,531.0,7.104873657226563e-06,10,0.1459450594617464,228.8
0.0,47,63.5,161319.38461538462,0.0,0.0,0.0,0.0,0.0,0.0,0.0,0,0,0,0,0,6.198883056640625e-05,0.0,0.0,0.0,0.0,0.0,0.0,0.0,0.0,0.0,0.0,0.0,0.0,0.0,1.0,1.0,5492,501,591,549.2,30.246395561197776,549.2,7.081031799316406e-06,10,0.1773330916958095,2025.0
0.0,47,63.5,13210.406299212598,0.0,0.0,0.0,0.0,0.0,0.0,0.0,0,0,0,0,0,0.0007569789886474,0.0,0.0,0.0,0.0,0.0,0.0,0.0,0.0,0.0,0.0,0.0,0.0,0.0,1.0,1.0,5482,543,552,548.2,3.489667287547307,548.2,7.76052474975586e-05,10,0.0948600108662552,12.1875
0.0,47,63.5,112447.82841823057,0.0,0.0,0.0,0.0,0.0,0.0,0.0,0,0,0,0,0,8.893013000488281e-05,0.0,0.0,0.0,0.0,0.0,0.0,0.0,0.0,0.0,0.0,0.0,0.0,0.0,1.0,1.0,5434,536,547,543.4,4.141926551202418,543.4,1.0395050048828124e-05,10,0.1070546251998978,18.5
0.0,47,63.5,81284.96124031008,0.0,0.0,0.0,0.0,0.0,0.0,0.0,0,0,0,0,0,0.0001230239868164,0.0,0.0,0.0,0.0,0.0,0.0,0.0,0.0,0.0,0.0,0.0,0.0,0.0,1.0,1.0,5440,538,547,544.0,3.265986323710904,544.0,1.4805793762207032e-05,10,0.1032895421888269,20.25
0.0,47,63.5,80659.69230769231,0.0,0.0,0.0,0.0,0.0,0.0,0.0,0,0,0,0,0,0.0001239776611328,0.0,0.0,0.0,0.0,0.0,0.0,0.0,0.0,0.0,0.0,0.0,0.0,0.0,1.0,1.0,5644,536,603,564.4,22.82883167303039,564.4,1.430511474609375e-05,10,0.1146669228703257,1122.25
0.0,47,63.5,84733.41414141415,0.0,0.0,0.0,0.0,0.0,0.0,0.0,0,0,0,0,0,0.0001180171966552,0.0,0.0,0.0,0.0,0.0,0.0,0.0,0.0,0.0,0.0,0.0,0.0,0.0,1.0,1.0,5580,550,563,558.0,4.666666666666667,558.0,1.3804435729980468e-05,10,0.0834105633333333,30.88888888888889
0.0,47,63.5,89430.78891257996,0.0,0.0,0.0,0.0,0.0,0.0,0.0,0,0,0,0,0,0.0001118183135986,0.0,0.0,0.0,0.0,0.0,0.0,0.0,0.0,0.0,0.0,0.0,0.0,0.0,1.0,1.0,5628,561,565,562.8,1.3984117975602022,562.8,1.3184547424316406e-05,10,0.0633337770298541,2.25
0.0,47,63.5,86838.59213250517,0.0,0.0,0.0,0.0,0.0,0.0,0.0,0,0,0,0,0,0.000115156173706,0.0,0.0,0.0,0.0,0.0,0.0,0.0,0.0,0.0,0.0,0.0,0.0,0.0,1.0,1.0,5590,554,566,559.0,4.320493798938574,559.0,1.361370086669922e-05,10,0.0764530263539356,25.0
0.0,47,63.5,79437.57575757576,0.0,0.0,0.0,0.0,0.0,0.0,0.0,0,0,0,0,0,0.0001258850097656,0.0,0.0,0.0,0.0,0.0,0.0,0.0,0.0,0.0,0.0,0.0,0.0,0.0,1.0,1.0,5780,578,578,578.0,0.0,578.0,1.4591217041015626e-05,10,0.0,0.0
0.0,47,63.5,1731.2519090271185,0.0,0.0,0.0,0.0,0.0,0.0,0.0,0,0,0,0,0,0.0057761669158935,0.0,0.0,0.0,0.0,0.0,0.0,0.0,0.0,0.0,0.0,0.0,0.0,0.0,1.0,1.0,5780,578,578,578.0,0.0,578.0,0.0005855083465576,10,0.0,0.0
0.0,47,63.5,3594.3988345188104,0.0,0.0,0.0,0.0,0.0,0.0,0.0,0,0,0,0,0,0.0027821063995361,0.0,0.0,0.0,0.0,0.0,0.0,0.0,0.0,0.0,0.0,0.0,0.0,0.0,1.0,1.0,5780,578,578,578.0,0.0,578.0,0.0002799987792968,10,0.0,0.0
0.0,47,63.5,13626.718648473034,0.0,0.0,0.0,0.0,0.0,0.0,0.0,0,0,0,0,0,0.0007338523864746,0.0,0.0,0.0,0.0,0.0,0.0,0.0,0.0,0.0,0.0,0.0,0.0,0.0,1.0,1.0,5780,578,578,578.0,0.0,578.0,7.488727569580079e-05,10,0.0,0.0
0.0,47,63.5,108942.96103896105,0.0,0.0,0.0,0.0,0.0,0.0,0.0,0,0,0,0,0,9.179115295410156e-05,0.0,0.0,0.0,0.0,0.0,0.0,0.0,0.0,0.0,0.0,0.0,0.0,0.0,1.0,1.0,5776,542,614,577.6,24.051795959738417,577.6,1.1396408081054689e-05,10,0.104940329602159,1296.0
0.0,47,63.5,5882.614305750351,0.0,0.0,0.0,0.0,0.0,0.0,0.0,0,0,0,0,0,0.0016999244689941,0.0,0.0,0.0,0.0,0.0,0.0,0.0,0.0,0.0,0.0,0.0,0.0,0.0,1.0,1.0,5788,575,580,578.8,2.0439612955674527,578.8,0.0001713037490844,10,0.0397389280733624,4.666666666666667
0.0,47,63.5,1399.9679572763685,0.0,0.0,0.0,0.0,0.0,0.0,0.0,0,0,0,0,0,0.0071430206298828,0.0,0.0,0.0,0.0,0.0,0.0,0.0,0.0,0.0,0.0,0.0,0.0,0.0,1.0,1.0,5764,571,583,576.4,4.835057163858332,576.4,0.0007869005203247,10,0.0476924288862693,21.04
0.0,47,63.5,1327.6895318286854,0.0,0.0,0.0,0.0,0.0,0.0,0.0,0,0,0,0,0,0.0075318813323974,0.0,0.0,0.0,0.0,0.0,0.0,0.0,0.0,0.0,0.0,0.0,0.0,0.0,1.0,1.0,5776,575,580,577.6,1.7126976771553506,577.6,0.0007565975189208,10,0.039603984525766,2.64
0.0,47,63.5,784.627357078719,0.0,0.0,0.0,0.0,0.0,0.0,0.0,0,0,0,0,0,0.0127449035644531,0.0,0.0,0.0,0.0,0.0,0.0,0.0,0.0,0.0,0.0,0.0,0.0,0.0,1.0,1.0,5808,552,615,580.8,21.138695429104523,580.8,0.0013899087905883,10,0.08671234897,992.25
0.0,47,63.5,188932.6126126126,0.0,0.0,0.0,0.0,0.0,0.0,0.0,0,0,0,0,0,5.292892456054688e-05,0.0,0.0,0.0,0.0,0.0,0.0,0.0,0.0,0.0,0.0,0.0,0.0,0.0,1.0,1.0,5792,576,582,579.2,2.440400695696417,579.2,6.604194641113281e-06,10,0.0381962916273989,5.6875
0.0,47,63.5,429.0584721142436,0.0,0.0,0.0,0.0,0.0,0.0,0.0,0,0,0,0,0,0.0233068466186523,0.0,0.0,0.0,0.0,0.0,0.0,0.0,0.0,0.0,0.0,0.0,0.0,0.0,1.0,1.0,5782,576,582,578.2,2.3475755815545347,578.2,0.0027566909790039,10,0.038158478388902,6.222222222222221
0.0,47,63.5,65331.83800623053,0.0,0.0,0.0,0.0,0.0,0.0,0.0,0,0,0,0,0,0.0001530647277832,0.0,0.0,0.0,0.0,0.0,0.0,0.0,0.0,0.0,0.0,0.0,0.0,0.0,1.0,1.0,5770,574,582,577.0,2.905932629027116,577.0,4.7707557678222655e-05,10,0.0417941907157604,7.6
0.0,47,63.5,966.0065869780512,0.0,0.0,0.0,0.0,0.0,0.0,0.0,0,0,0,0,0,0.0103518962860107,0.0,0.0,0.0,0.0,0.0,0.0,0.0,0.0,0.0,0.0,0.0,0.0,0.0,1.0,1.0,5780,578,578,578.0,0.0,578.0,0.0010372877120971,10,0.0,0.0
0.0,47,63.5,67978.99513776337,0.0,0.0,0.0,0.0,0.0,0.0,0.0,0,0,0,0,0,0.0001471042633056,0.0,0.0,0.0,0.0,0.0,0.0,0.0,0.0,0.0,0.0,0.0,0.0,0.0,1.0,1.0,5780,578,578,578.0,0.0,578.0,1.7118453979492187e-05,10,0.0,0.0
0.0,47,63.5,70374.22818791946,0.0,0.0,0.0,0.0,0.0,0.0,0.0,0,0,0,0,0,0.0001420974731445,0.0,0.0,0.0,0.0,0.0,0.0,0.0,0.0,0.0,0.0,0.0,0.0,0.0,1.0,1.0,5780,578,578,578.0,0.0,578.0,1.6999244689941406e-05,10,0.0,0.0
0.0,47,63.5,72944.41739130435,0.0,0.0,0.0,0.0,0.0,0.0,0.0,0,0,0,0,0,0.0001370906829833,0.0,0.0,0.0,0.0,0.0,0.0,0.0,0.0,0.0,0.0,0.0,0.0,0.0,1.0,1.0,5780,578,578,578.0,0.0,578.0,1.6498565673828126e-05,10,0.0,0.0
0.0,47,63.5,1322.41510861683,0.0,0.0,0.0,0.0,0.0,0.0,0.0,0,0,0,0,0,0.0075619220733642,0.0,0.0,0.0,0.0,0.0,0.0,0.0,0.0,0.0,0.0,0.0,0.0,0.0,1.0,1.0,5780,578,578,578.0,0.0,578.0,0.0007587909698486,10,0.0,0.0
0.0,47,63.5,185588.67256637168,0.0,0.0,0.0,0.0,0.0,0.0,0.0,0,0,0,0,0,5.3882598876953125e-05,0.0,0.0,0.0,0.0,0.0,0.0,0.0,0.0,0.0,0.0,0.0,0.0,0.0,1.0,1.0,5780,578,578,578.0,0.0,578.0,6.29425048828125e-06,10,0.0,0.0
0.0,47,63.5,1419.2481304774474,0.0,0.0,0.0,0.0,0.0,0.0,0.0,0,0,0,0,0,0.0070459842681884,0.0,0.0,0.0,0.0,0.0,0.0,0.0,0.0,0.0,0.0,0.0,0.0,0.0,1.0,1.0,5780,578,578,578.0,0.0,578.0,0.0007750988006591,10,0.0,0.0
0.0,47,63.5,98922.2641509434,0.0,0.0,0.0,0.0,0.0,0.0,0.0,0,0,0,0,0,0.000101089477539,0.0,0.0,0.0,0.0,0.0,0.0,0.0,0.0,0.0,0.0,0.0,0.0,0.0,1.0,1.0,5780,578,578,578.0,0.0,578.0,1.1610984802246094e-05,10,0.0,0.0
0.0,47,63.5,539.4325693854978,0.0,0.0,0.0,0.0,0.0,0.0,0.0,0,0,0,0,0,0.0185379981994628,0.0,0.0,0.0,0.0,0.0,0.0,0.0,0.0,0.0,0.0,0.0,0.0,0.0,1.0,1.0,5780,578,578,578.0,0.0,578.0,0.0025099992752075,10,0.0,0.0
0.0,47,63.5,110960.42328042327,0.0,0.0,0.0,0.0,0.0,0.0,0.0,0,0,0,0,0,9.012222290039062e-05,0.0,0.0,0.0,0.0,0.0,0.0,0.0,0.0,0.0,0.0,0.0,0.0,0.0,1.0,1.0,5780,578,578,578.0,0.0,578.0,1.1205673217773438e-05,10,0.0,0.0
0.0,47,63.5,195995.5140186916,0.0,0.0,0.0,0.0,0.0,0.0,0.0,0,0,0,0,0,5.1021575927734375e-05,0.0,0.0,0.0,0.0,0.0,0.0,0.0,0.0,0.0,0.0,0.0,0.0,0.0,1.0,1.0,5780,578,578,578.0,0.0,578.0,6.4849853515625e-06,10,0.0,0.0
0.0,47,63.5,199728.7619047619,0.0,0.0,0.0,0.0,0.0,0.0,0.0,0,0,0,0,0,5.0067901611328125e-05,0.0,0.0,0.0,0.0,0.0,0.0,0.0,0.0,0.0,0.0,0.0,0.0,0.0,1.0,1.0,5780,578,578,578.0,0.0,578.0,5.91278076171875e-06,10,0.0,0.0
0.0,47,63.5,15202.26168901776,0.0,0.0,0.0,0.0,0.0,0.0,0.0,0,0,0,0,0,0.0006577968597412,0.0,0.0,0.0,0.0,0.0,0.0,0.0,0.0,0.0,0.0,0.0,0.0,0.0,1.0,1.0,5780,578,578,578.0,0.0,578.0,6.668567657470703e-05,10,0.0,0.0
0.0,47,63.5,1408.287949501393,0.0,0.0,0.0,0.0,0.0,0.0,0.0,0,0,0,0,0,0.0071008205413818,0.0,0.0,0.0,0.0,0.0,0.0,0.0,0.0,0.0,0.0,0.0,0.0,0.0,1.0,1.0,5780,578,578,578.0,0.0,578.0,0.002281904220581,10,0.0,0.0
0.0,47,63.5,113666.77506775068,0.0,0.0,0.0,0.0,0.0,0.0,0.0,0,0,0,0,0,8.797645568847656e-05,0.0,0.0,0.0,0.0,0.0,0.0,0.0,0.0,0.0,0.0,0.0,0.0,0.0,1.0,1.0,5780,578,578,578.0,0.0,578.0,1.0609626770019531e-05,10,0.0,0.0
0.0,47,63.5,111254.74801061008,0.0,0.0,0.0,0.0,0.0,0.0,0.0,0,0,0,0,0,8.988380432128906e-05,0.0,0.0,0.0,0.0,0.0,0.0,0.0,0.0,0.0,0.0,0.0,0.0,0.0,1.0,1.0,5780,578,578,578.0,0.0,578.0,1.049041748046875e-05,10,0.0,0.0
0.0,47,63.5,99864.38095238096,0.0,0.0,0.0,0.0,0.0,0.0,0.0,0,0,0,0,0,0.0001001358032226,0.0,0.0,0.0,0.0,0.0,0.0,0.0,0.0,0.0,0.0,0.0,0.0,0.0,1.0,1.0,5440,497,589,544.0,30.840089349921005,544.0,1.1515617370605468e-05,10,0.1843914587975839,2116.0
0.0,47,63.5,922.007430041107,0.0,0.0,0.0,0.0,0.0,0.0,0.0,0,0,0,0,0,0.0108458995819091,0.0,0.0,0.0,0.0,0.0,0.0,0.0,0.0,0.0,0.0,0.0,0.0,0.0,1.0,1.0,5512,545,559,551.2,6.338594306135847,551.2,0.0010860919952392,10,0.0926122897765475,36.16
0.0,47,63.5,108660.72538860104,0.0,0.0,0.0,0.0,0.0,0.0,0.0,0,0,0,0,0,9.202957153320312e-05,0.0,0.0,0.0,0.0,0.0,0.0,0.0,0.0,0.0,0.0,0.0,0.0,0.0,1.0,1.0,5442,533,555,544.2,10.14122499723009,544.2,1.1396408081054689e-05,10,0.1146108894148716,92.56
0.0,47,63.5,109798.5340314136,0.0,0.0,0.0,0.0,0.0,0.0,0.0,0,0,0,0,0,9.107589721679688e-05,0.0,0.0,0.0,0.0,0.0,0.0,0.0,0.0,0.0,0.0,0.0,0.0,0.0,1.0,1.0,5438,533,556,543.8,9.942054337230532,543.8,1.080036163330078e-05,10,0.1145297552548142,106.6875
0.0,47,63.5,1110.9856170370567,0.0,0.0,0.0,0.0,0.0,0.0,0.0,0,0,0,0,0,0.0090010166168212,0.0,0.0,0.0,0.0,0.0,0.0,0.0,0.0,0.0,0.0,0.0,0.0,0.0,1.0,1.0,5774,541,614,577.4,24.35478506486057,577.4,0.0009016990661621,10,0.1067678852440216,1332.25
0.0,47,63.5,19608.714352501167,0.0,0.0,0.0,0.0,0.0,0.0,0.0,0,0,0,0,0,0.0005099773406982,0.0,0.0,0.0,0.0,0.0,0.0,0.0,0.0,0.0,0.0,0.0,0.0,0.0,1.0,1.0,5786,576,580,578.6,1.577621275493231,578.6,0.0001795053482055,10,0.0378448298027849,2.2469135802469133
0.0,47,63.5,1100.7227397979268,0.0,0.0,0.0,0.0,0.0,0.0,0.0,0,0,0,0,0,0.009084939956665,0.0,0.0,0.0,0.0,0.0,0.0,0.0,0.0,0.0,0.0,0.0,0.0,0.0,1.0,1.0,5772,574,584,577.2,3.73571352696584,577.2,0.0009109020233154,10,0.0421322102623447,16.0
0.0,47,63.5,493.6101303958951,0.0,0.0,0.0,0.0,0.0,0.0,0.0,0,0,0,0,0,0.0202589035034179,0.0,0.0,0.0,0.0,0.0,0.0,0.0,0.0,0.0,0.0,0.0,0.0,0.0,1.0,1.0,5774,575,579,577.4,1.577621275493231,577.4,0.0020341873168945,10,0.0395489598027849,4.0
0.0,47,63.5,1408.4771147452902,0.0,0.0,0.0,0.0,0.0,0.0,0.0,0,0,0,0,0,0.0070998668670654,0.0,0.0,0.0,0.0,0.0,0.0,0.0,0.0,0.0,0.0,0.0,0.0,0.0,1.0,1.0,5088,420,563,508.8,50.36930282093119,508.8,0.0008522033691406,10,0.3235648891971346,5112.25
0.0,47,63.5,9293.826722800795,0.0,0.0,0.0,0.0,0.0,0.0,0.0,0,0,0,0,0,0.0010759830474853,0.0,0.0,0.0,0.0,0.0,0.0,0.0,0.0,0.0,0.0,0.0,0.0,0.0,1.0,1.0,5320,520,544,532.0,8.192137151629671,532.0,0.0001085042953491,10,0.1359705989900879,98.0
0.0,47,63.5,188932.6126126126,0.0,0.0,0.0,0.0,0.0,0.0,0.0,0,0,0,0,0,5.292892456054688e-05,0.0,0.0,0.0,0.0,0.0,0.0,0.0,0.0,0.0,0.0,0.0,0.0,0.0,1.0,1.0,5210,508,531,521.0,10.434983894999018,521.0,6.890296936035156e-06,10,0.1573338050394668,98.0
0.0,47,63.5,110960.42328042327,0.0,0.0,0.0,0.0,0.0,0.0,0.0,0,0,0,0,0,9.012222290039062e-05,0.0,0.0,0.0,0.0,0.0,0.0,0.0,0.0,0.0,0.0,0.0,0.0,0.0,1.0,1.0,5224,516,531,522.4,5.274677451960661,522.4,1.0418891906738282e-05,10,0.1415986626068307,38.88888888888889
0.0,47,63.5,58826.14305750351,0.0,0.0,0.0,0.0,0.0,0.0,0.0,0,0,0,0,0,0.0001699924468994,0.0,0.0,0.0,0.0,0.0,0.0,0.0,0.0,0.0,0.0,0.0,0.0,0.0,1.0,1.0,5780,578,578,578.0,0.0,578.0,1.850128173828125e-05,10,0.0,0.0
0.0,47,63.5,6816.681293677881,0.0,0.0,0.0,0.0,0.0,0.0,0.0,0,0,0,0,0,0.0014669895172119,0.0,0.0,0.0,0.0,0.0,0.0,0.0,0.0,0.0,0.0,0.0,0.0,0.0,1.0,1.0,5780,578,578,578.0,0.0,578.0,0.0001482963562011,10,0.0,0.0
0.0,47,63.5,153637.50915750916,0.0,0.0,0.0,0.0,0.0,0.0,0.0,0,0,0,0,0,6.508827209472656e-05,0.0,0.0,0.0,0.0,0.0,0.0,0.0,0.0,0.0,0.0,0.0,0.0,0.0,1.0,1.0,5780,578,578,578.0,0.0,578.0,1.2302398681640624e-05,10,0.0,0.0
0.0,47,63.5,1112.3409446521866,0.0,0.0,0.0,0.0,0.0,0.0,0.0,0,0,0,0,0,0.0089900493621826,0.0,0.0,0.0,0.0,0.0,0.0,0.0,0.0,0.0,0.0,0.0,0.0,0.0,1.0,1.0,5780,578,578,578.0,0.0,578.0,0.0008998870849609,10,0.0,0.0
0.0,47,63.5,59918.62857142857,0.0,0.0,0.0,0.0,0.0,0.0,0.0,0,0,0,0,0,0.000166893005371,0.0,0.0,0.0,0.0,0.0,0.0,0.0,0.0,0.0,0.0,0.0,0.0,0.0,1.0,1.0,5556,516,596,555.6,27.26495512150676,555.6,1.850128173828125e-05,10,0.150556622118297,1600.0
0.0,47,63.5,3799.532566355648,0.0,0.0,0.0,0.0,0.0,0.0,0.0,0,0,0,0,0,0.0026319026947021,0.0,0.0,0.0,0.0,0.0,0.0,0.0,0.0,0.0,0.0,0.0,0.0,0.0,1.0,1.0,5520,550,553,552.0,1.3333333333333333,552.0,0.0002656936645507,10,0.0820526966666667,2.25
0.0,47,63.5,3245.611700069643,0.0,0.0,0.0,0.0,0.0,0.0,0.0,0,0,0,0,0,0.0030810832977294,0.0,0.0,0.0,0.0,0.0,0.0,0.0,0.0,0.0,0.0,0.0,0.0,0.0,1.0,1.0,5530,549,556,553.0,2.748737083745107,553.0,0.0003105163574218,10,0.0843334055384344,6.959999999999999
0.0,47,63.5,1729.538575728836,0.0,0.0,0.0,0.0,0.0,0.0,0.0,0,0,0,0,0,0.0057818889617919,0.0,0.0,0.0,0.0,0.0,0.0,0.0,0.0,0.0,0.0,0.0,0.0,0.0,1.0,1.0,5506,544,559,550.6,5.103375789067903,550.6,0.0005812883377075,10,0.0938132411614346,23.44
0.0,47,63.5,1394.7075449738968,0.0,0.0,0.0,0.0,0.0,0.0,0.0,0,0,0,0,0,0.0071699619293212,0.0,0.0,0.0,0.0,0.0,0.0,0.0,0.0,0.0,0.0,0.0,0.0,0.0,1.0,1.0,5894,570,633,589.4,23.557023015086884,589.4,0.0007187128067016,10,0.0570231388954257,992.25
0.0,47,63.5,36377.31136166522,0.0,0.0,0.0,0.0,0.0,0.0,0.0,0,0,0,0,0,0.0002748966217041,0.0,0.0,0.0,0.0,0.0,0.0,0.0,0.0,0.0,0.0,0.0,0.0,0.0,1.0,1.0,5820,575,590,582.0,5.374838498865699,582.0,3.159046173095703e-05,10,0.0410957942108979,31.25
0.0,47,63.5,1540.3812112086378,0.0,0.0,0.0,0.0,0.0,0.0,0.0,0,0,0,0,0,0.0064918994903564,0.0,0.0,0.0,0.0,0.0,0.0,0.0,0.0,0.0,0.0,0.0,0.0,0.0,1.0,1.0,5840,581,585,584.0,1.632993161855452,584.0,0.0006521940231323,10,0.0293467360944134,2.888888888888889
0.0,47,63.5,5814.116994732464,0.0,0.0,0.0,0.0,0.0,0.0,0.0,0,0,0,0,0,0.0017199516296386,0.0,0.0,0.0,0.0,0.0,0.0,0.0,0.0,0.0,0.0,0.0,0.0,0.0,1.0,1.0,5770,574,583,577.0,3.4641016151377544,577.0,0.0016879081726074,10,0.0420215664339424,16.0
0.0,47,63.5,121927.44186046511,0.0,0.0,0.0,0.0,0.0,0.0,0.0,0,0,0,0,0,8.20159912109375e-05,0.0,0.0,0.0,0.0,0.0,0.0,0.0,0.0,0.0,0.0,0.0,0.0,0.0,1.0,1.0,5890,572,635,589.0,24.801433650317698,589.0,5.009174346923828e-05,10,0.0541218020117934,992.25
0.0,47,63.5,192399.26605504588,0.0,0.0,0.0,0.0,0.0,0.0,0.0,0,0,0,0,0,5.197525024414063e-05,0.0,0.0,0.0,0.0,0.0,0.0,0.0,0.0,0.0,0.0,0.0,0.0,0.0,1.0,1.0,5790,575,582,579.0,3.4641016151377544,579.0,6.008148193359375e-06,10,0.0403174364339425,10.88888888888889
0.0,47,63.5,188932.6126126126,0.0,0.0,0.0,0.0,0.0,0.0,0.0,0,0,0,0,0,5.292892456054688e-05,0.0,0.0,0.0,0.0,0.0,0.0,0.0,0.0,0.0,0.0,0.0,0.0,0.0,1.0,1.0,5810,578,585,581.0,2.581988897471611,581.0,6.198883056640625e-06,10,0.034845708997274,6.0
0.0,47,63.5,1310.2695948267783,0.0,0.0,0.0,0.0,0.0,0.0,0.0,0,0,0,0,0,0.0076320171356201,0.0,0.0,0.0,0.0,0.0,0.0,0.0,0.0,0.0,0.0,0.0,0.0,0.0,1.0,1.0,5798,576,588,579.8,4.442221666388715,579.8,0.0007640123367309,10,0.0390117534180201,17.950617283950617
0.0,47,63.5,80043.96946564886,0.0,0.0,0.0,0.0,0.0,0.0,0.0,0,0,0,0,0,0.0001249313354492,0.0,0.0,0.0,0.0,0.0,0.0,0.0,0.0,0.0,0.0,0.0,0.0,0.0,1.0,1.0,5570,523,599,557.0,25.74231276841043,557.0,1.4185905456542969e-05,10,0.1380074485293397,1444.0
0.0,47,63.5,192399.26605504588,0.0,0.0,0.0,0.0,0.0,0.0,0.0,0,0,0,0,0,5.197525024414063e-05,0.0,0.0,0.0,0.0,0.0,0.0,0.0,0.0,0.0,0.0,0.0,0.0,0.0,1.0,1.0,5520,547,556,552.0,3.197221015541813,552.0,6.103515625e-06,10,0.0879243599528911,13.555555555555555
0.0,47,63.5,192399.26605504588,0.0,0.0,0.0,0.0,0.0,0.0,0.0,0,0,0,0,0,5.197525024414063e-05,0.0,0.0,0.0,0.0,0.0,0.0,0.0,0.0,0.0,0.0,0.0,0.0,0.0,1.0,1.0,5536,549,557,553.6,3.565264521898917,553.6,6.103515625e-06,10,0.0846660261556408,12.25
0.0,47,63.5,163840.0,0.0,0.0,0.0,0.0,0.0,0.0,0.0,0,0,0,0,0,6.103515625e-05,0.0,0.0,0.0,0.0,0.0,0.0,0.0,0.0,0.0,0.0,0.0,0.0,0.0,1.0,1.0,5548,552,558,554.8,2.250925735484551,554.8,6.890296936035156e-06,10,0.0790182271076069,4.6875
0.0,47,63.5,5885.916362615773,0.0,0.0,0.0,0.0,0.0,0.0,0.0,0,0,0,0,0,0.0016989707946777,0.0,0.0,0.0,0.0,0.0,0.0,0.0,0.0,0.0,0.0,0.0,0.0,0.0,1.0,1.0,5038,420,563,503.8,49.08677124349401,503.8,0.0001713991165161,10,0.3230424371337498,5112.25
0.0,47,63.5,400.414705629648,0.0,0.0,0.0,0.0,0.0,0.0,0.0,0,0,0,0,0,0.0249741077423095,0.0,0.0,0.0,0.0,0.0,0.0,0.0,0.0,0.0,0.0,0.0,0.0,0.0,1.0,1.0,5156,507,527,515.6,6.9793345750946125,515.6,0.0024989128112792,10,0.1576302417325105,72.22222222222223
0.0,47,63.5,372.9132066077494,0.0,0.0,0.0,0.0,0.0,0.0,0.0,0,0,0,0,0,0.0268158912658691,0.0,0.0,0.0,0.0,0.0,0.0,0.0,0.0,0.0,0.0,0.0,0.0,0.0,1.0,1.0,5266,519,533,526.6,5.98516684999025,526.6,0.0026899814605712,10,0.136775697568012,32.666666666666664
0.0,47,63.5,185588.67256637168,0.0,0.0,0.0,0.0,0.0,0.0,0.0,0,0,0,0,0,5.3882598876953125e-05,0.0,0.0,0.0,0.0,0.0,0.0,0.0,0.0,0.0,0.0,0.0,0.0,0.0,1.0,1.0,5190,507,527,519.0,7.333333333333333,519.0,6.604194641113281e-06,10,0.1577744466666667,64.0
0.0,47,63.5,97090.37037037036,0.0,0.0,0.0,0.0,0.0,0.0,0.0,0,0,0,0,0,0.0001029968261718,0.0,0.0,0.0,0.0,0.0,0.0,0.0,0.0,0.0,0.0,0.0,0.0,0.0,1.0,1.0,5780,578,578,578.0,0.0,578.0,1.1205673217773438e-05,10,0.0,0.0
0.0,47,63.5,192399.26605504588,0.0,0.0,0.0,0.0,0.0,0.0,0.0,0,0,0,0,0,5.197525024414063e-05,0.0,0.0,0.0,0.0,0.0,0.0,0.0,0.0,0.0,0.0,0.0,0.0,0.0,1.0,1.0,5780,578,578,578.0,0.0,578.0,6.29425048828125e-06,10,0.0,0.0
0.0,47,63.5,188932.6126126126,0.0,0.0,0.0,0.0,0.0,0.0,0.0,0,0,0,0,0,5.292892456054688e-05,0.0,0.0,0.0,0.0,0.0,0.0,0.0,0.0,0.0,0.0,0.0,0.0,0.0,1.0,1.0,5780,578,578,578.0,0.0,578.0,6.103515625e-06,10,0.0,0.0
0.0,47,63.5,1755.0123436127035,0.0,0.0,0.0,0.0,0.0,0.0,0.0,0,0,0,0,0,0.0056979656219482,0.0,0.0,0.0,0.0,0.0,0.0,0.0,0.0,0.0,0.0,0.0,0.0,0.0,1.0,1.0,5780,578,578,578.0,0.0,578.0,0.0005707025527954,10,0.0,0.0
0.0,47,63.5,163840.0,0.0,0.0,0.0,0.0,0.0,0.0,0.0,0,0,0,0,0,6.103515625e-05,0.0,0.0,0.0,0.0,0.0,0.0,0.0,0.0,0.0,0.0,0.0,0.0,0.0,1.0,1.0,5780,578,578,578.0,0.0,578.0,7.104873657226563e-06,10,0.0,0.0
0.0,47,63.5,105384.52261306532,0.0,0.0,0.0,0.0,0.0,0.0,0.0,0,0,0,0,0,9.489059448242188e-05,0.0,0.0,0.0,0.0,0.0,0.0,0.0,0.0,0.0,0.0,0.0,0.0,0.0,1.0,1.0,5780,578,578,578.0,0.0,578.0,1.0395050048828124e-05,10,0.0,0.0
0.0,47,63.5,1130.723027982962,0.0,0.0,0.0,0.0,0.0,0.0,0.0,0,0,0,0,0,0.0088438987731933,0.0,0.0,0.0,0.0,0.0,0.0,0.0,0.0,0.0,0.0,0.0,0.0,0.0,1.0,1.0,5780,578,578,578.0,0.0,578.0,0.0008853912353515,10,0.0,0.0
0.0,47,63.5,95108.9342403628,0.0,0.0,0.0,0.0,0.0,0.0,0.0,0,0,0,0,0,0.0001051425933837,0.0,0.0,0.0,0.0,0.0,0.0,0.0,0.0,0.0,0.0,0.0,0.0,0.0,1.0,1.0,5780,578,578,578.0,0.0,578.0,0.0004263162612915,10,0.0,0.0
0.0,47,63.5,90982.73318872016,0.0,0.0,0.0,0.0,0.0,0.0,0.0,0,0,0,0,0,0.0001099109649658,0.0,0.0,0.0,0.0,0.0,0.0,0.0,0.0,0.0,0.0,0.0,0.0,0.0,1.0,1.0,5812,553,616,581.2,21.20167708251192,581.2,1.2993812561035156e-05,10,0.0850338751763321,992.25
0.0,47,63.5,87746.94560669456,0.0,0.0,0.0,0.0,0.0,0.0,0.0,0,0,0,0,0,0.0001139640808105,0.0,0.0,0.0,0.0,0.0,0.0,0.0,0.0,0.0,0.0,0.0,0.0,0.0,1.0,1.0,5774,574,579,577.4,1.9550504398153572,577.4,1.3494491577148438e-05,10,0.0414068393471631,6.25
0.0,47,63.5,59158.02538787024,0.0,0.0,0.0,0.0,0.0,0.0,0.0,0,0,0,0,0,0.000169038772583,0.0,0.0,0.0,0.0,0.0,0.0,0.0,0.0,0.0,0.0,0.0,0.0,0.0,1.0,1.0,5786,573,585,578.6,4.141926551202418,578.6,1.8715858459472656e-05,10,0.0440018151998978,15.44
0.0,47,63.5,341.0308238948199,0.0,0.0,0.0,0.0,0.0,0.0,0.0,0,0,0,0,0,0.029322862625122,0.0,0.0,0.0,0.0,0.0,0.0,0.0,0.0,0.0,0.0,0.0,0.0,0.0,1.0,1.0,5816,580,585,581.6,1.837873166945363,581.6,0.0031617879867553,10,0.0311343260132869,6.25
0.0,47,63.5,47608.44494892168,0.0,0.0,0.0,0.0,0.0,0.0,0.0,0,0,0,0,0,0.0002100467681884,0.0,0.0,0.0,0.0,0.0,0.0,0.0,0.0,0.0,0.0,0.0,0.0,0.0,1.0,1.0,5780,578,578,578.0,0.0,578.0,0.0007084131240844,10,0.0,0.0
0.0,47,63.5,28728.10958904109,0.0,0.0,0.0,0.0,0.0,0.0,0.0,0,0,0,0,0,0.0003480911254882,0.0,0.0,0.0,0.0,0.0,0.0,0.0,0.0,0.0,0.0,0.0,0.0,0.0,1.0,1.0,5780,578,578,578.0,0.0,578.0,3.7288665771484376e-05,10,0.0,0.0
0.0,47,63.5,67541.12721417069,0.0,0.0,0.0,0.0,0.0,0.0,0.0,0,0,0,0,0,0.000148057937622,0.0,0.0,0.0,0.0,0.0,0.0,0.0,0.0,0.0,0.0,0.0,0.0,0.0,1.0,1.0,5780,578,578,578.0,0.0,578.0,1.7309188842773436e-05,10,0.0,0.0
0.0,47,63.5,76260.07272727272,0.0,0.0,0.0,0.0,0.0,0.0,0.0,0,0,0,0,0,0.0001311302185058,0.0,0.0,0.0,0.0,0.0,0.0,0.0,0.0,0.0,0.0,0.0,0.0,0.0,1.0,1.0,5780,578,578,578.0,0.0,578.0,1.5401840209960936e-05,10,0.0,0.0
0.0,47,63.5,57772.78236914601,0.0,0.0,0.0,0.0,0.0,0.0,0.0,0,0,0,0,0,0.0001730918884277,0.0,0.0,0.0,0.0,0.0,0.0,0.0,0.0,0.0,0.0,0.0,0.0,0.0,1.0,1.0,5074,420,563,507.4,49.87807356165855,507.4,4.329681396484375e-05,10,0.3233647820460773,5112.25
0.0,47,63.5,526.3143100938614,0.0,0.0,0.0,0.0,0.0,0.0,0.0,0,0,0,0,0,0.0190000534057617,0.0,0.0,0.0,0.0,0.0,0.0,0.0,0.0,0.0,0.0,0.0,0.0,0.0,1.0,1.0,5220,512,538,522.0,9.140872800534726,522.0,0.0019026041030883,10,0.1499901159440258,89.0
0.0,47,63.5,55.32871634545622,0.0,0.0,0.0,0.0,0.0,0.0,0.0,0,0,0,0,0,0.1807379722595214,0.0,0.0,0.0,0.0,0.0,0.0,0.0,0.0,0.0,0.0,0.0,0.0,0.0,1.0,1.0,5250,511,542,525.0,11.215069227507149,525.0,0.0240966796875,10,0.1525391906005173,113.2
0.0,47,63.5,71.18714718751379,0.0,0.0,0.0,0.0,0.0,0.0,0.0,0,0,0,0,0,0.140474796295166,0.0,0.0,0.0,0.0,0.0,0.0,0.0,0.0,0.0,0.0,0.0,0.0,0.0,1.0,1.0,5234,505,537,523.4,11.246727919216722,523.4,0.015804100036621,10,0.1627768670851721,138.25
0.0,47,63.5,834.8036542403917,0.0,0.0,0.0,0.0,0.0,0.0,0.0,0,0,0,0,0,0.0119788646697998,0.0,0.0,0.0,0.0,0.0,0.0,0.0,0.0,0.0,0.0,0.0,0.0,0.0,1.0,1.0,5878,575,638,587.8,26.460872581564235,587.8,0.0015310049057006,10,0.049685401054826,992.25
0.0,47,63.5,711.1882799782962,0.0,0.0,0.0,0.0,0.0,0.0,0.0,0,0,0,0,0,0.0140609741210937,0.0,0.0,0.0,0.0,0.0,0.0,0.0,0.0,0.0,0.0,0.0,0.0,0.0,1.0,1.0,5800,576,586,580.0,3.590109871423002,580.0,0.0015166044235229,10,0.0386646371572229,11.6
0.0,47,63.5,1119.9444607620624,0.0,0.0,0.0,0.0,0.0,0.0,0.0,0,0,0,0,0,0.0089290142059326,0.0,0.0,0.0,0.0,0.0,0.0,0.0,0.0,0.0,0.0,0.0,0.0,0.0,1.0,1.0,5790,575,588,579.0,5.291502622129181,579.0,0.0011945009231567,10,0.0410618465081506,29.10204081632653
0.0,47,63.5,850.7025799123803,0.0,0.0,0.0,0.0,0.0,0.0,0.0,0,0,0,0,0,0.0117549896240234,0.0,0.0,0.0,0.0,0.0,0.0,0.0,0.0,0.0,0.0,0.0,0.0,0.0,1.0,1.0,5804,576,586,580.4,3.806427312965386,580.4,0.0013489007949829,10,0.0387527562302096,13.04
0.0,47,63.5,538.2142948800205,0.0,0.0,0.0,0.0,0.0,0.0,0.0,0,0,0,0,0,0.0185799598693847,0.0,0.0,0.0,0.0,0.0,0.0,0.0,0.0,0.0,0.0,0.0,0.0,0.0,1.0,1.0,5202,463,578,520.2,38.42684247010445,520.2,0.001987886428833,10,0.2454224185486218,3306.25
0.0,47,63.5,1972.026893601016,0.0,0.0,0.0,0.0,0.0,0.0,0.0,0,0,0,0,0,0.0050709247589111,0.0,0.0,0.0,0.0,0.0,0.0,0.0,0.0,0.0,0.0,0.0,0.0,0.0,1.0,1.0,5392,522,553,539.2,10.633281086601006,539.2,0.0005089998245239,10,0.1335567633834377,122.6875
0.0,47,63.5,1312.647951679029,0.0,0.0,0.0,0.0,0.0,0.0,0.0,0,0,0,0,0,0.0076181888580322,0.0,0.0,0.0,0.0,0.0,0.0,0.0,0.0,0.0,0.0,0.0,0.0,0.0,1.0,1.0,5326,522,546,532.6,11.027239001672177,532.6,0.0007638216018676,10,0.1337172460797211,109.43999999999998
0.0,47,63.5,192399.26605504588,0.0,0.0,0.0,0.0,0.0,0.0,0.0,0,0,0,0,0,5.197525024414063e-05,0.0,0.0,0.0,0.0,0.0,0.0,0.0,0.0,0.0,0.0,0.0,0.0,0.0,1.0,1.0,5388,528,548,538.8,7.223418704310154,538.8,6.079673767089844e-06,10,0.1219429418433878,100.0
0.0,47,63.5,606.946530641777,0.0,0.0,0.0,0.0,0.0,0.0,0.0,0,0,0,0,0,0.0164759159088134,0.0,0.0,0.0,0.0,0.0,0.0,0.0,0.0,0.0,0.0,0.0,0.0,0.0,1.0,1.0,5780,578,578,578.0,0.0,578.0,0.0017101049423217,10,0.0,0.0
0.0,47,63.5,69442.11920529802,0.0,0.0,0.0,0.0,0.0,0.0,0.0,0,0,0,0,0,0.0001440048217773,0.0,0.0,0.0,0.0,0.0,0.0,0.0,0.0,0.0,0.0,0.0,0.0,0.0,1.0,1.0,5780,578,578,578.0,0.0,578.0,1.6903877258300783e-05,10,0.0,0.0
0.0,47,63.5,70492.50420168067,0.0,0.0,0.0,0.0,0.0,0.0,0.0,0,0,0,0,0,0.0001418590545654,0.0,0.0,0.0,0.0,0.0,0.0,0.0,0.0,0.0,0.0,0.0,0.0,0.0,1.0,1.0,5780,578,578,578.0,0.0,578.0,1.6689300537109375e-05,10,0.0,0.0
0.0,47,63.5,1407.8625134264232,0.0,0.0,0.0,0.0,0.0,0.0,0.0,0,0,0,0,0,0.0071029663085937,0.0,0.0,0.0,0.0,0.0,0.0,0.0,0.0,0.0,0.0,0.0,0.0,0.0,1.0,1.0,5780,578,578,578.0,0.0,578.0,0.0007127046585083,10,0.0,0.0
0.0,47,63.5,53430.62420382166,0.0,0.0,0.0,0.0,0.0,0.0,0.0,0,0,0,0,0,0.0001871585845947,0.0,0.0,0.0,0.0,0.0,0.0,0.0,0.0,0.0,0.0,0.0,0.0,0.0,1.0,1.0,5222,441,570,522.2,45.37938837059056,522.2,2.2912025451660155e-05,10,0.2857454676466437,4160.25
0.0,47,63.5,415.36809998217433,0.0,0.0,0.0,0.0,0.0,0.0,0.0,0,0,0,0,0,0.0240750312805175,0.0,0.0,0.0,0.0,0.0,0.0,0.0,0.0,0.0,0.0,0.0,0.0,0.0,1.0,1.0,5294,513,545,529.4,12.393546707863734,529.4,0.0024100065231323,10,0.1496109951869153,168.75
0.0,47,63.5,106454.41624365482,0.0,0.0,0.0,0.0,0.0,0.0,0.0,0,0,0,0,0,9.393692016601562e-05,0.0,0.0,0.0,0.0,0.0,0.0,0.0,0.0,0.0,0.0,0.0,0.0,0.0,1.0,1.0,5306,523,541,530.6,6.415259585983684,530.6,1.2278556823730469e-05,10,0.1301343801449463,54.22222222222223
0.0,47,63.5,2078.9610904584883,0.0,0.0,0.0,0.0,0.0,0.0,0.0,0,0,0,0,0,0.004810094833374,0.0,0.0,0.0,0.0,0.0,0.0,0.0,0.0,0.0,0.0,0.0,0.0,0.0,1.0,1.0,5264,515,545,526.4,11.91823998937949,526.4,0.0004829168319702,10,0.1460091142420737,127.84
0.0,47,63.5,84054.1883767535,0.0,0.0,0.0,0.0,0.0,0.0,0.0,0,0,0,0,0,0.0001189708709716,0.0,0.0,0.0,0.0,0.0,0.0,0.0,0.0,0.0,0.0,0.0,0.0,0.0,1.0,1.0,5818,554,617,581.8,21.24356111599204,581.8,1.3899803161621091e-05,10,0.0833468070562105,992.25
0.0,47,63.5,4646.913361400399,0.0,0.0,0.0,0.0,0.0,0.0,0.0,0,0,0,0,0,0.0021519660949707,0.0,0.0,0.0,0.0,0.0,0.0,0.0,0.0,0.0,0.0,0.0,0.0,0.0,1.0,1.0,5784,573,586,578.4,4.550946177566935,578.4,0.000216794013977,10,0.0441684334348936,30.88888888888889
0.0,47,63.5,24818.366863905325,0.0,0.0,0.0,0.0,0.0,0.0,0.0,0,0,0,0,0,0.0004029273986816,0.0,0.0,0.0,0.0,0.0,0.0,0.0,0.0,0.0,0.0,0.0,0.0,0.0,1.0,1.0,5784,576,582,578.4,2.4585451886114367,578.4,4.119873046875e-05,10,0.0382036829680327,5.44
0.0,47,63.5,195995.5140186916,0.0,0.0,0.0,0.0,0.0,0.0,0.0,0,0,0,0,0,5.1021575927734375e-05,0.0,0.0,0.0,0.0,0.0,0.0,0.0,0.0,0.0,0.0,0.0,0.0,0.0,1.0,1.0,5806,578,583,580.6,1.7126976771553506,580.6,6.008148193359375e-06,10,0.0344915945257659,3.25
0.0,47,63.5,182361.0434782609,0.0,0.0,0.0,0.0,0.0,0.0,0.0,0,0,0,0,0,5.4836273193359375e-05,0.0,0.0,0.0,0.0,0.0,0.0,0.0,0.0,0.0,0.0,0.0,0.0,0.0,1.0,1.0,5780,578,578,578.0,0.0,578.0,6.4849853515625e-06,10,0.0,0.0
0.0,47,63.5,195995.5140186916,0.0,0.0,0.0,0.0,0.0,0.0,0.0,0,0,0,0,0,5.1021575927734375e-05,0.0,0.0,0.0,0.0,0.0,0.0,0.0,0.0,0.0,0.0,0.0,0.0,0.0,1.0,1.0,5780,578,578,578.0,0.0,578.0,6.008148193359375e-06,10,0.0,0.0
0.0,47,63.5,842.6696668943625,0.0,0.0,0.0,0.0,0.0,0.0,0.0,0,0,0,0,0,0.0118670463562011,0.0,0.0,0.0,0.0,0.0,0.0,0.0,0.0,0.0,0.0,0.0,0.0,0.0,1.0,1.0,5780,578,578,578.0,0.0,578.0,0.0011876106262207,10,0.0,0.0
0.0,47,63.5,194.6583747157377,0.0,0.0,0.0,0.0,0.0,0.0,0.0,0,0,0,0,0,0.0513720512390136,0.0,0.0,0.0,0.0,0.0,0.0,0.0,0.0,0.0,0.0,0.0,0.0,0.0,1.0,1.0,5780,578,578,578.0,0.0,578.0,0.0051384925842285,10,0.0,0.0
0.0,47,63.5,137068.75816993465,0.0,0.0,0.0,0.0,0.0,0.0,0.0,0,0,0,0,0,7.295608520507812e-05,0.0,0.0,0.0,0.0,0.0,0.0,0.0,0.0,0.0,0.0,0.0,0.0,0.0,1.0,1.0,5840,559,622,584.0,21.735787182534807,584.0,6.220340728759765e-05,10,0.0750266702666774,992.25
0.0,47,63.5,188932.6126126126,0.0,0.0,0.0,0.0,0.0,0.0,0.0,0,0,0,0,0,5.292892456054688e-05,0.0,0.0,0.0,0.0,0.0,0.0,0.0,0.0,0.0,0.0,0.0,0.0,0.0,1.0,1.0,5812,577,584,581.2,2.616188916046478,581.2,6.29425048828125e-06,10,0.0365637707168407,9.0
0.0,47,63.5,158875.15151515152,0.0,0.0,0.0,0.0,0.0,0.0,0.0,0,0,0,0,0,6.29425048828125e-05,0.0,0.0,0.0,0.0,0.0,0.0,0.0,0.0,0.0,0.0,0.0,0.0,0.0,1.0,1.0,5780,571,587,578.0,5.456901847914967,578.0,7.200241088867187e-06,10,0.0479457435367666,26.8
0.0,47,63.5,3029.4720115565187,0.0,0.0,0.0,0.0,0.0,0.0,0.0,0,0,0,0,0,0.0033009052276611,0.0,0.0,0.0,0.0,0.0,0.0,0.0,0.0,0.0,0.0,0.0,0.0,0.0,1.0,1.0,5820,575,586,582.0,4.521553322083512,582.0,0.000331687927246,10,0.040748199961284,18.4
0.0,47,63.5,74631.743772242,0.0,0.0,0.0,0.0,0.0,0.0,0.0,0,0,0,0,0,0.000133991241455,0.0,0.0,0.0,0.0,0.0,0.0,0.0,0.0,0.0,0.0,0.0,0.0,0.0,1.0,1.0,5618,534,602,561.8,23.498463306730883,561.8,1.6617774963378907e-05,10,0.1183479640126299,1156.0
0.0,47,63.5,2956.025089858341,0.0,0.0,0.0,0.0,0.0,0.0,0.0,0,0,0,0,0,0.003382921218872,0.0,0.0,0.0,0.0,0.0,0.0,0.0,0.0,0.0,0.0,0.0,0.0,0.0,1.0,1.0,5596,550,569,559.6,6.3456021516217564,559.6,0.0003398895263671,10,0.0840944944924846,36.24
0.0,47,63.5,195995.5140186916,0.0,0.0,0.0,0.0,0.0,0.0,0.0,0,0,0,0,0,5.1021575927734375e-05,0.0,0.0,0.0,0.0,0.0,0.0,0.0,0.0,0.0,0.0,0.0,0.0,0.0,1.0,1.0,5558,554,558,555.8,1.3984117975602022,555.8,6.008148193359375e-06,10,0.0752626870298541,1.7599999999999998
0.0,47,63.5,192399.26605504588,0.0,0.0,0.0,0.0,0.0,0.0,0.0,0,0,0,0,0,5.197525024414063e-05,0.0,0.0,0.0,0.0,0.0,0.0,0.0,0.0,0.0,0.0,0.0,0.0,0.0,1.0,1.0,5562,552,559,556.2,2.859681411936962,556.2,6.103515625e-06,10,0.0792662098199666,7.359999999999999
0.0,47,63.5,181571.60173160167,0.0,0.0,0.0,0.0,0.0,0.0,0.0,0,0,0,0,0,5.507469177246094e-05,0.0,0.0,0.0,0.0,0.0,0.0,0.0,0.0,0.0,0.0,0.0,0.0,0.0,1.0,1.0,5404,480,584,540.4,35.718653701143644,540.4,6.389617919921875e-06,10,0.2153490007716979,2704.0
0.0,47,63.5,195995.5140186916,0.0,0.0,0.0,0.0,0.0,0.0,0.0,0,0,0,0,0,5.1021575927734375e-05,0.0,0.0,0.0,0.0,0.0,0.0,0.0,0.0,0.0,0.0,0.0,0.0,0.0,1.0,1.0,5444,526,559,544.4,11.843422928641308,544.4,6.008148193359375e-06,10,0.1272332067642113,148.6875
0.0,47,63.5,74499.18294849023,0.0,0.0,0.0,0.0,0.0,0.0,0.0,0,0,0,0,0,0.0001342296600341,0.0,0.0,0.0,0.0,0.0,0.0,0.0,0.0,0.0,0.0,0.0,0.0,0.0,1.0,1.0,5438,539,550,543.8,4.237399621885522,543.8,1.430511474609375e-05,10,0.1019811271099712,16.16
0.0,47,63.5,1651.3007874015748,0.0,0.0,0.0,0.0,0.0,0.0,0.0,0,0,0,0,0,0.0060558319091796,0.0,0.0,0.0,0.0,0.0,0.0,0.0,0.0,0.0,0.0,0.0,0.0,0.0,1.0,1.0,5364,528,552,536.4,8.909420731886994,536.4,0.0006071805953979,10,0.1226297516293415,76.5
0.0,47,63.5,330.20815619587466,0.0,0.0,0.0,0.0,0.0,0.0,0.0,0,0,0,0,0,0.0302839279174804,0.0,0.0,0.0,0.0,0.0,0.0,0.0,0.0,0.0,0.0,0.0,0.0,0.0,1.0,1.0,5028,420,563,502.8,49.11392651557985,502.8,0.0030301094055175,10,0.3230534991053866,5112.25
0.0,47,63.5,53.68289963919617,0.0,0.0,0.0,0.0,0.0,0.0,0.0,0,0,0,0,0,0.1862790584564209,0.0,0.0,0.0,0.0,0.0,0.0,0.0,0.0,0.0,0.0,0.0,0.0,0.0,1.0,1.0,5262,523,530,526.2,3.2930904093942583,526.2,0.0304145097732543,10,0.1288625333091709,10.6875
0.0,47,63.5,72.97995545657015,0.0,0.0,0.0,0.0,0.0,0.0,0.0,0,0,0,0,0,0.13702392578125,0.0,0.0,0.0,0.0,0.0,0.0,0.0,0.0,0.0,0.0,0.0,0.0,0.0,1.0,1.0,5196,502,531,519.6,11.403703102257811,519.6,0.0219950914382934,10,0.1679532024957358,117.04
0.0,47,63.5,109.3040903973648,0.0,0.0,0.0,0.0,0.0,0.0,0.0,0,0,0,0,0,0.0914878845214843,0.0,0.0,0.0,0.0,0.0,0.0,0.0,0.0,0.0,0.0,0.0,0.0,0.0,1.0,1.0,5178,503,529,517.8,9.319036669336828,517.8,0.0175320863723754,10,0.1653998627776211,97.6875
0.0,47,63.5,575.145215698105,0.0,0.0,0.0,0.0,0.0,0.0,0.0,0,0,0,0,0,0.0173869132995605,0.0,0.0,0.0,0.0,0.0,0.0,0.0,0.0,0.0,0.0,0.0,0.0,0.0,1.0,1.0,5066,420,563,506.6,49.51587848581727,506.6,0.0018933057785034,10,0.3232172382599826,5112.25
0.0,47,63.5,1344.802334156273,0.0,0.0,0.0,0.0,0.0,0.0,0.0,0,0,0,0,0,0.0074360370635986,0.0,0.0,0.0,0.0,0.0,0.0,0.0,0.0,0.0,0.0,0.0,0.0,0.0,1.0,1.0,5186,516,524,518.6,3.238655413730965,518.6,0.0007457971572875,10,0.1407692686693374,11.0
0.0,47,63.5,6485.702798824803,0.0,0.0,0.0,0.0,0.0,0.0,0.0,0,0,0,0,0,0.0015418529510498,0.0,0.0,0.0,0.0,0.0,0.0,0.0,0.0,0.0,0.0,0.0,0.0,0.0,1.0,1.0,5204,514,526,520.4,5.015531433014407,520.4,0.0001559972763061,10,0.1449013568845527,22.76543209876543
0.0,47,63.5,2261.9338834061373,0.0,0.0,0.0,0.0,0.0,0.0,0.0,0,0,0,0,0,0.0044209957122802,0.0,0.0,0.0,0.0,0.0,0.0,0.0,0.0,0.0,0.0,0.0,0.0,0.0,1.0,1.0,5214,513,531,521.4,7.32120208708925,521.4,0.0006465196609497,10,0.1475447248821966,48.24
0.0,47,63.5,782.6070082471919,0.0,0.0,0.0,0.0,0.0,0.0,0.0,0,0,0,0,0,0.0127778053283691,0.0,0.0,0.0,0.0,0.0,0.0,0.0,0.0,0.0,0.0,0.0,0.0,0.0,1.0,1.0,5930,570,633,593.0,22.3308456325923,593.0,0.0012818813323974,10,0.0565236432768927,992.25
0.0,47,63.5,105384.52261306532,0.0,0.0,0.0,0.0,0.0,0.0,0.0,0,0,0,0,0,9.489059448242188e-05,0.0,0.0,0.0,0.0,0.0,0.0,0.0,0.0,0.0,0.0,0.0,0.0,0.0,1.0,1.0,5796,575,590,579.6,5.947922139518789,579.6,1.2898445129394532e-05,10,0.0413292455627544,44.22222222222223
0.0,47,63.5,110960.42328042327,0.0,0.0,0.0,0.0,0.0,0.0,0.0,0,0,0,0,0,9.012222290039062e-05,0.0,0.0,0.0,0.0,0.0,0.0,0.0,0.0,0.0,0.0,0.0,0.0,0.0,1.0,1.0,5824,578,587,582.4,3.3065591380365986,582.4,1.0514259338378908e-05,10,0.0351408699304705,20.25
0.0,47,63.5,4159.777843895666,0.0,0.0,0.0,0.0,0.0,0.0,0.0,0,0,0,0,0,0.002403974533081,0.0,0.0,0.0,0.0,0.0,0.0,0.0,0.0,0.0,0.0,0.0,0.0,0.0,1.0,1.0,5788,574,585,578.8,4.638007234913623,578.8,0.0015588998794555,10,0.0424997686272143,19.36
0.0,47,63.5,99156.12293144208,0.0,0.0,0.0,0.0,0.0,0.0,0.0,0,0,0,0,0,0.0001008510589599,0.0,0.0,0.0,0.0,0.0,0.0,0.0,0.0,0.0,0.0,0.0,0.0,0.0,1.0,1.0,5622,532,602,562.2,24.096103880549283,562.2,1.1587142944335938e-05,10,0.1219996788767806,1225.0
0.0,47,63.5,2066.15960591133,0.0,0.0,0.0,0.0,0.0,0.0,0.0,0,0,0,0,0,0.0048398971557617,0.0,0.0,0.0,0.0,0.0,0.0,0.0,0.0,0.0,0.0,0.0,0.0,0.0,1.0,1.0,5568,553,559,556.8,2.529822128134704,556.8,0.0004857063293457,10,0.077427708342117,6.222222222222221
0.0,47,63.5,942.9640287769784,0.0,0.0,0.0,0.0,0.0,0.0,0.0,0,0,0,0,0,0.0106048583984375,0.0,0.0,0.0,0.0,0.0,0.0,0.0,0.0,0.0,0.0,0.0,0.0,0.0,1.0,1.0,5532,552,554,553.2,0.7888106377466155,553.2,0.0010633945465087,10,0.0,0.6666666666666666
0.0,47,63.5,63646.49468892261,0.0,0.0,0.0,0.0,0.0,0.0,0.0,0,0,0,0,0,0.0001571178436279,0.0,0.0,0.0,0.0,0.0,0.0,0.0,0.0,0.0,0.0,0.0,0.0,0.0,1.0,1.0,5544,548,558,554.4,4.6951511631090685,554.4,3.101825714111328e-05,10,0.086830426777804,19.84
0.0,47,63.5,92589.49227373068,0.0,0.0,0.0,0.0,0.0,0.0,0.0,0,0,0,0,0,0.000108003616333,0.0,0.0,0.0,0.0,0.0,0.0,0.0,0.0,0.0,0.0,0.0,0.0,0.0,1.0,1.0,5618,538,604,561.8,23.4037034106428,561.8,1.3494491577148438e-05,10,0.1114928426213594,1089.0
0.0,47,63.5,113666.77506775068,0.0,0.0,0.0,0.0,0.0,0.0,0.0,0,0,0,0,0,8.797645568847656e-05,0.0,0.0,0.0,0.0,0.0,0.0,0.0,0.0,0.0,0.0,0.0,0.0,0.0,1.0,1.0,5544,552,556,554.4,1.7126976771553506,554.4,1.02996826171875e-05,10,0.078798974525766,2.64
0.0,47,63.5,646.0826568493045,0.0,0.0,0.0,0.0,0.0,0.0,0.0,0,0,0,0,0,0.0154778957366943,0.0,0.0,0.0,0.0,0.0,0.0,0.0,0.0,0.0,0.0,0.0,0.0,0.0,1.0,1.0,5586,558,559,558.6,0.5163977794943223,558.6,0.0015492916107177,10,0.0,0.25
0.0,47,63.5,7794.655268537446,0.0,0.0,0.0,0.0,0.0,0.0,0.0,0,0,0,0,0,0.0012829303741455,0.0,0.0,0.0,0.0,0.0,0.0,0.0,0.0,0.0,0.0,0.0,0.0,0.0,1.0,1.0,5586,553,565,558.6,4.351245032554858,558.6,0.0001328945159912,10,0.0781696831764616,17.04
0.0,47,63.5,1292.663112152125,0.0,0.0,0.0,0.0,0.0,0.0,0.0,0,0,0,0,0,0.0077359676361083,0.0,0.0,0.0,0.0,0.0,0.0,0.0,0.0,0.0,0.0,0.0,0.0,0.0,1.0,1.0,5890,575,638,589.0,25.880065258375563,589.0,0.0007760047912597,10,0.0494488033836519,992.25
0.0,47,63.5,867.1650678134304,0.0,0.0,0.0,0.0,0.0,0.0,0.0,0,0,0,0,0,0.0115318298339843,0.0,0.0,0.0,0.0,0.0,0.0,0.0,0.0,0.0,0.0,0.0,0.0,0.0,1.0,1.0,5820,578,588,582.0,3.829708431025352,582.0,0.0021801948547363,10,0.0353539800264624,13.6875
0.0,47,63.5,104335.92039800996,0.0,0.0,0.0,0.0,0.0,0.0,0.0,0,0,0,0,0,9.584426879882812e-05,0.0,0.0,0.0,0.0,0.0,0.0,0.0,0.0,0.0,0.0,0.0,0.0,0.0,1.0,1.0,5790,575,583,579.0,3.771236166328253,579.0,1.1205673217773438e-05,10,0.0404425507647155,12.8
0.0,47,63.5,104077.0223325062,0.0,0.0,0.0,0.0,0.0,0.0,0.0,0,0,0,0,0,9.608268737792967e-05,0.0,0.0,0.0,0.0,0.0,0.0,0.0,0.0,0.0,0.0,0.0,0.0,0.0,1.0,1.0,5920,578,643,592.0,26.898988002442685,592.0,1.1205673217773438e-05,10,0.044751481752675,752.75
0.0,47,63.5,97090.37037037036,0.0,0.0,0.0,0.0,0.0,0.0,0.0,0,0,0,0,0,0.0001029968261718,0.0,0.0,0.0,0.0,0.0,0.0,0.0,0.0,0.0,0.0,0.0,0.0,0.0,1.0,1.0,5780,578,578,578.0,0.0,578.0,1.1897087097167968e-05,10,0.0,0.0
0.0,47,63.5,59833.15263908702,0.0,0.0,0.0,0.0,0.0,0.0,0.0,0,0,0,0,0,0.0001671314239501,0.0,0.0,0.0,0.0,0.0,0.0,0.0,0.0,0.0,0.0,0.0,0.0,0.0,1.0,1.0,5780,578,578,578.0,0.0,578.0,1.8310546875e-05,10,0.0,0.0
0.0,47,63.5,40681.90106692532,0.0,0.0,0.0,0.0,0.0,0.0,0.0,0,0,0,0,0,0.0002458095550537,0.0,0.0,0.0,0.0,0.0,0.0,0.0,0.0,0.0,0.0,0.0,0.0,0.0,1.0,1.0,5780,578,578,578.0,0.0,578.0,2.8681755065917968e-05,10,0.0,0.0
0.0,47,63.5,51845.53770086527,0.0,0.0,0.0,0.0,0.0,0.0,0.0,0,0,0,0,0,0.0001928806304931,0.0,0.0,0.0,0.0,0.0,0.0,0.0,0.0,0.0,0.0,0.0,0.0,0.0,1.0,1.0,5780,578,578,578.0,0.0,578.0,2.350807189941406e-05,10,0.0,0.0
0.0,47,63.5,48.55029870044183,0.0,0.0,0.0,0.0,0.0,0.0,0.0,0,0,0,0,0,0.2059719562530517,0.0,0.0,0.0,0.0,0.0,0.0,0.0,0.0,0.0,0.0,0.0,0.0,0.0,1.0,1.0,5094,420,563,509.4,50.27303231134738,509.4,0.020605993270874,10,0.3235256724423505,5112.25
0.0,47,63.5,20.59918964712816,0.0,0.0,0.0,0.0,0.0,0.0,0.0,0,0,0,0,0,0.4854559898376465,0.0,0.0,0.0,0.0,0.0,0.0,0.0,0.0,0.0,0.0,0.0,0.0,0.0,1.0,1.0,5178,511,524,517.8,4.541169697580374,517.8,0.083896517753601,10,0.1498205108880063,18.56
0.0,47,63.5,7.907282241237202,0.0,0.0,0.0,0.0,0.0,0.0,0.0,0,0,0,0,0,1.2646570205688477,0.0,0.0,0.0,0.0,0.0,0.0,0.0,0.0,0.0,0.0,0.0,0.0,0.0,1.0,1.0,5236,505,538,523.6,11.899579824514817,523.6,0.1850378990173339,10,0.1630428128373143,149.5
0.0,47,63.5,28.116649494453164,0.0,0.0,0.0,0.0,0.0,0.0,0.0,0,0,0,0,0,0.3556611537933349,0.0,0.0,0.0,0.0,0.0,0.0,0.0,0.0,0.0,0.0,0.0,0.0,0.0,1.0,1.0,5200,504,529,520.0,9.26162932629987,520.0,0.0409528017044067,10,0.1636723473223615,96.5
0.0,47,63.5,2115.023952397761,0.0,0.0,0.0,0.0,0.0,0.0,0.0,0,0,0,0,0,0.004728078842163,0.0,0.0,0.0,0.0,0.0,0.0,0.0,0.0,0.0,0.0,0.0,0.0,0.0,1.0,1.0,5126,420,563,512.6,51.30995138480556,512.6,0.0008879899978637,10,0.3239480717961144,5112.25
0.0,47,63.5,2192.4123150906903,0.0,0.0,0.0,0.0,0.0,0.0,0.0,0,0,0,0,0,0.0045611858367919,0.0,0.0,0.0,0.0,0.0,0.0,0.0,0.0,0.0,0.0,0.0,0.0,0.0,1.0,1.0,5312,514,546,531.2,12.336035739968402,531.2,0.0007486104965209,10,0.1478834375190335,136.95999999999998
0.0,47,63.5,1440.0549337361808,0.0,0.0,0.0,0.0,0.0,0.0,0.0,0,0,0,0,0,0.0069441795349121,0.0,0.0,0.0,0.0,0.0,0.0,0.0,0.0,0.0,0.0,0.0,0.0,0.0,1.0,1.0,5204,510,535,520.4,9.901739465591104,520.4,0.0009593963623046,10,0.1537083225887032,88.24
0.0,47,63.5,2338.613883468079,0.0,0.0,0.0,0.0,0.0,0.0,0.0,0,0,0,0,0,0.0042760372161865,0.0,0.0,0.0,0.0,0.0,0.0,0.0,0.0,0.0,0.0,0.0,0.0,0.0,1.0,1.0,5204,503,537,520.4,11.82464469750454,520.4,0.0006363868713378,10,0.1664205472639754,151.25
0.0,47,63.5,809.664305156072,0.0,0.0,0.0,0.0,0.0,0.0,0.0,0,0,0,0,0,0.0123507976531982,0.0,0.0,0.0,0.0,0.0,0.0,0.0,0.0,0.0,0.0,0.0,0.0,0.0,1.0,1.0,5868,567,630,586.8,23.35617929180865,586.8,0.0014966964721679,10,0.0620537131963112,992.25
0.0,47,63.5,726.2109564374264,0.0,0.0,0.0,0.0,0.0,0.0,0.0,0,0,0,0,0,0.0137701034545898,0.0,0.0,0.0,0.0,0.0,0.0,0.0,0.0,0.0,0.0,0.0,0.0,0.0,1.0,1.0,5788,576,581,578.8,2.043961295567452,578.8,0.0016568183898925,10,0.0380347980733623,4.666666666666667
0.0,47,63.5,90200.08602150538,0.0,0.0,0.0,0.0,0.0,0.0,0.0,0,0,0,0,0,0.0001108646392822,0.0,0.0,0.0,0.0,0.0,0.0,0.0,0.0,0.0,0.0,0.0,0.0,0.0,1.0,1.0,5782,568,583,578.2,5.865151319446072,578.2,1.3589859008789062e-05,10,0.0532244380414895,42.0
0.0,47,63.5,5330.838840874428,0.0,0.0,0.0,0.0,0.0,0.0,0.0,0,0,0,0,0,0.001875877380371,0.0,0.0,0.0,0.0,0.0,0.0,0.0,0.0,0.0,0.0,0.0,0.0,0.0,1.0,1.0,5786,571,585,578.6,5.232377832092955,578.6,0.0001900911331176,10,0.0478542814336814,24.98765432098765
0.0,47,63.5,2129.9532805200083,0.0,0.0,0.0,0.0,0.0,0.0,0.0,0,0,0,0,0,0.0046949386596679,0.0,0.0,0.0,0.0,0.0,0.0,0.0,0.0,0.0,0.0,0.0,0.0,0.0,1.0,1.0,5780,578,578,578.0,0.0,578.0,0.0008952140808105,10,0.0,0.0
0.0,47,63.5,2977.006175030165,0.0,0.0,0.0,0.0,0.0,0.0,0.0,0,0,0,0,0,0.0033590793609619,0.0,0.0,0.0,0.0,0.0,0.0,0.0,0.0,0.0,0.0,0.0,0.0,0.0,1.0,1.0,5780,578,578,578.0,0.0,578.0,0.0003380060195922,10,0.0,0.0
0.0,47,63.5,86125.3388090349,0.0,0.0,0.0,0.0,0.0,0.0,0.0,0,0,0,0,0,0.0001161098480224,0.0,0.0,0.0,0.0,0.0,0.0,0.0,0.0,0.0,0.0,0.0,0.0,0.0,1.0,1.0,5780,578,578,578.0,0.0,578.0,0.0006006956100463,10,0.0,0.0
0.0,47,63.5,3637.731136166522,0.0,0.0,0.0,0.0,0.0,0.0,0.0,0,0,0,0,0,0.002748966217041,0.0,0.0,0.0,0.0,0.0,0.0,0.0,0.0,0.0,0.0,0.0,0.0,0.0,1.0,1.0,5780,578,578,578.0,0.0,578.0,0.0002758026123046,10,0.0,0.0
0.0,47,63.5,1822.8179052585836,0.0,0.0,0.0,0.0,0.0,0.0,0.0,0,0,0,0,0,0.0054860115051269,0.0,0.0,0.0,0.0,0.0,0.0,0.0,0.0,0.0,0.0,0.0,0.0,0.0,1.0,1.0,5792,552,615,579.2,21.451754654987496,579.2,0.0005513906478881,10,0.0868398767762557,992.25
0.0,47,63.5,643.6634286328131,0.0,0.0,0.0,0.0,0.0,0.0,0.0,0,0,0,0,0,0.0155360698699951,0.0,0.0,0.0,0.0,0.0,0.0,0.0,0.0,0.0,0.0,0.0,0.0,0.0,1.0,1.0,5786,575,582,578.6,2.7968235951204043,578.6,0.0015557050704956,10,0.0400456140597083,7.040000000000001
0.0,47,63.5,121927.44186046511,0.0,0.0,0.0,0.0,0.0,0.0,0.0,0,0,0,0,0,8.20159912109375e-05,0.0,0.0,0.0,0.0,0.0,0.0,0.0,0.0,0.0,0.0,0.0,0.0,0.0,1.0,1.0,5794,576,581,579.4,2.1705094128132942,579.4,8.990764617919922e-05,10,0.0380863487144036,6.25
0.0,47,63.5,195995.5140186916,0.0,0.0,0.0,0.0,0.0,0.0,0.0,0,0,0,0,0,5.1021575927734375e-05,0.0,0.0,0.0,0.0,0.0,0.0,0.0,0.0,0.0,0.0,0.0,0.0,0.0,1.0,1.0,5776,575,580,577.6,1.837873166945363,577.6,6.079673767089844e-06,10,0.0396549760132869,3.1875
0.0,47,63.5,4464.400212879191,0.0,0.0,0.0,0.0,0.0,0.0,0.0,0,0,0,0,0,0.0022399425506591,0.0,0.0,0.0,0.0,0.0,0.0,0.0,0.0,0.0,0.0,0.0,0.0,0.0,1.0,1.0,5780,578,578,578.0,0.0,578.0,0.0002249002456665,10,0.0,0.0
0.0,47,63.5,582.7850493261082,0.0,0.0,0.0,0.0,0.0,0.0,0.0,0,0,0,0,0,0.0171589851379394,0.0,0.0,0.0,0.0,0.0,0.0,0.0,0.0,0.0,0.0,0.0,0.0,0.0,1.0,1.0,5780,578,578,578.0,0.0,578.0,0.0017170190811157,10,0.0,0.0
0.0,47,63.5,318.256620380909,0.0,0.0,0.0,0.0,0.0,0.0,0.0,0,0,0,0,0,0.0314211845397949,0.0,0.0,0.0,0.0,0.0,0.0,0.0,0.0,0.0,0.0,0.0,0.0,0.0,1.0,1.0,5780,578,578,578.0,0.0,578.0,0.00327889919281,10,0.0,0.0
0.0,47,63.5,142.73719746263373,0.0,0.0,0.0,0.0,0.0,0.0,0.0,0,0,0,0,0,0.0700588226318359,0.0,0.0,0.0,0.0,0.0,0.0,0.0,0.0,0.0,0.0,0.0,0.0,0.0,1.0,1.0,5780,578,578,578.0,0.0,578.0,0.0085173845291137,10,0.0,0.0
0.0,47,63.5,394.83606171572734,0.0,0.0,0.0,0.0,0.0,0.0,0.0,0,0,0,0,0,0.0253269672393798,0.0,0.0,0.0,0.0,0.0,0.0,0.0,0.0,0.0,0.0,0.0,0.0,0.0,1.0,1.0,5346,489,587,534.6,33.02927993967373,534.6,0.0027686119079589,10,0.1989162874762255,2401.0
0.0,47,63.5,549.35938912101,0.0,0.0,0.0,0.0,0.0,0.0,0.0,0,0,0,0,0,0.0182030200958251,0.0,0.0,0.0,0.0,0.0,0.0,0.0,0.0,0.0,0.0,0.0,0.0,0.0,1.0,1.0,5454,528,563,545.4,12.729667884294722,545.4,0.0021985054016113,10,0.1241859675093463,220.2222222222222
0.0,47,63.5,592.1732623642858,0.0,0.0,0.0,0.0,0.0,0.0,0.0,0,0,0,0,0,0.0168869495391845,0.0,0.0,0.0,0.0,0.0,0.0,0.0,0.0,0.0,0.0,0.0,0.0,0.0,1.0,1.0,5404,525,559,540.4,14.660604807897023,540.4,0.0020808935165405,10,0.1300849439745449,193.44
0.0,47,63.5,459.2873568252994,0.0,0.0,0.0,0.0,0.0,0.0,0.0,0,0,0,0,0,0.0217728614807128,0.0,0.0,0.0,0.0,0.0,0.0,0.0,0.0,0.0,0.0,0.0,0.0,0.0,1.0,1.0,5424,529,557,542.4,10.057611821677924,542.4,0.0024978876113891,10,0.1213933487516787,91.04
0.0,47,63.5,417.3976733308786,0.0,0.0,0.0,0.0,0.0,0.0,0.0,0,0,0,0,0,0.0239579677581787,0.0,0.0,0.0,0.0,0.0,0.0,0.0,0.0,0.0,0.0,0.0,0.0,0.0,1.0,1.0,5780,578,578,578.0,0.0,578.0,0.0026924133300781,10,0.0,0.0
0.0,47,63.5,379.5200694922002,0.0,0.0,0.0,0.0,0.0,0.0,0.0,0,0,0,0,0,0.0263490676879882,0.0,0.0,0.0,0.0,0.0,0.0,0.0,0.0,0.0,0.0,0.0,0.0,0.0,1.0,1.0,5780,578,578,578.0,0.0,578.0,0.0026381969451904,10,0.0,0.0
0.0,47,63.5,449.9408918782652,0.0,0.0,0.0,0.0,0.0,0.0,0.0,0,0,0,0,0,0.0222251415252685,0.0,0.0,0.0,0.0,0.0,0.0,0.0,0.0,0.0,0.0,0.0,0.0,0.0,1.0,1.0,5780,578,578,578.0,0.0,578.0,0.0033637046813964,10,0.0,0.0
0.0,47,63.5,68534.37908496732,0.0,0.0,0.0,0.0,0.0,0.0,0.0,0,0,0,0,0,0.0001459121704101,0.0,0.0,0.0,0.0,0.0,0.0,0.0,0.0,0.0,0.0,0.0,0.0,0.0,1.0,1.0,5780,578,578,578.0,0.0,578.0,1.7094612121582032e-05,10,0.0,0.0
0.0,47,63.5,61410.01464128844,0.0,0.0,0.0,0.0,0.0,0.0,0.0,0,0,0,0,0,0.0001628398895263,0.0,0.0,0.0,0.0,0.0,0.0,0.0,0.0,0.0,0.0,0.0,0.0,0.0,1.0,1.0,5780,578,578,578.0,0.0,578.0,1.86920166015625e-05,10,0.0,0.0
0.0,47,63.5,69905.06666666667,0.0,0.0,0.0,0.0,0.0,0.0,0.0,0,0,0,0,0,0.0001430511474609,0.0,0.0,0.0,0.0,0.0,0.0,0.0,0.0,0.0,0.0,0.0,0.0,0.0,1.0,1.0,5780,578,578,578.0,0.0,578.0,1.671314239501953e-05,10,0.0,0.0
0.0,47,63.5,69905.06666666667,0.0,0.0,0.0,0.0,0.0,0.0,0.0,0,0,0,0,0,0.0001430511474609,0.0,0.0,0.0,0.0,0.0,0.0,0.0,0.0,0.0,0.0,0.0,0.0,0.0,1.0,1.0,5780,578,578,578.0,0.0,578.0,1.6689300537109375e-05,10,0.0,0.0
0.0,47,63.5,68534.37908496732,0.0,0.0,0.0,0.0,0.0,0.0,0.0,0,0,0,0,0,0.0001459121704101,0.0,0.0,0.0,0.0,0.0,0.0,0.0,0.0,0.0,0.0,0.0,0.0,0.0,1.0,1.0,5780,578,578,578.0,0.0,578.0,1.6999244689941406e-05,10,0.0,0.0
0.0,47,63.5,66156.214511041,0.0,0.0,0.0,0.0,0.0,0.0,0.0,0,0,0,0,0,0.0001511573791503,0.0,0.0,0.0,0.0,0.0,0.0,0.0,0.0,0.0,0.0,0.0,0.0,0.0,1.0,1.0,5794,551,614,579.4,21.235190918221885,579.4,1.7714500427246093e-05,10,0.0884557873724468,992.25
0.0,47,63.5,669.7919228373868,0.0,0.0,0.0,0.0,0.0,0.0,0.0,0,0,0,0,0,0.0149300098419189,0.0,0.0,0.0,0.0,0.0,0.0,0.0,0.0,0.0,0.0,0.0,0.0,0.0,1.0,1.0,5774,574,580,577.4,2.1705094128132942,577.4,0.0029634952545166,10,0.0414946087144036,6.0
0.0,47,63.5,530.9850489296249,0.0,0.0,0.0,0.0,0.0,0.0,0.0,0,0,0,0,0,0.0188329219818115,0.0,0.0,0.0,0.0,0.0,0.0,0.0,0.0,0.0,0.0,0.0,0.0,0.0,1.0,1.0,5812,580,584,581.2,1.6865480854231354,581.2,0.0021505832672119,10,0.031072682228078,2.7755102040816326
0.0,47,63.5,572.5777783845031,0.0,0.0,0.0,0.0,0.0,0.0,0.0,0,0,0,0,0,0.0174648761749267,0.0,0.0,0.0,0.0,0.0,0.0,0.0,0.0,0.0,0.0,0.0,0.0,0.0,1.0,1.0,5758,574,578,575.8,1.9321835661585915,575.8,0.0036379098892211,10,0.0413975242975103,3.3600000000000003
0.0,47,63.5,1785.342016770953,0.0,0.0,0.0,0.0,0.0,0.0,0.0,0,0,0,0,0,0.005601167678833,0.0,0.0,0.0,0.0,0.0,0.0,0.0,0.0,0.0,0.0,0.0,0.0,0.0,1.0,1.0,5112,420,563,511.2,51.00501064710321,511.2,0.0011083126068115,10,0.323823851137204,5112.25
0.0,47,63.5,2223.67935531757,0.0,0.0,0.0,0.0,0.0,0.0,0.0,0,0,0,0,0,0.0044970512390136,0.0,0.0,0.0,0.0,0.0,0.0,0.0,0.0,0.0,0.0,0.0,0.0,0.0,1.0,1.0,5324,527,540,532.4,4.926120853842977,532.4,0.0004516839981079,10,0.1227112445910214,24.0
0.0,47,63.5,640.9878505387026,0.0,0.0,0.0,0.0,0.0,0.0,0.0,0,0,0,0,0,0.0156009197235107,0.0,0.0,0.0,0.0,0.0,0.0,0.0,0.0,0.0,0.0,0.0,0.0,0.0,1.0,1.0,5214,512,531,521.4,8.0718991294215,521.4,0.0017694950103759,10,0.1495546588293611,58.64
0.0,47,63.5,2214.4047304788555,0.0,0.0,0.0,0.0,0.0,0.0,0.0,0,0,0,0,0,0.0045158863067626,0.0,0.0,0.0,0.0,0.0,0.0,0.0,0.0,0.0,0.0,0.0,0.0,0.0,1.0,1.0,5268,514,543,526.8,12.318008497047456,526.8,0.0004544019699096,10,0.1478760939413572,136.56
0.0,47,63.5,52363.34581772784,0.0,0.0,0.0,0.0,0.0,0.0,0.0,0,0,0,0,0,0.0001909732818603,0.0,0.0,0.0,0.0,0.0,0.0,0.0,0.0,0.0,0.0,0.0,0.0,0.0,1.0,1.0,5070,420,563,507.0,50.18631951704236,507.0,0.0006461143493652,10,0.3234903491184625,5112.25
0.0,47,63.5,70969.61082910321,0.0,0.0,0.0,0.0,0.0,0.0,0.0,0,0,0,0,0,0.000140905380249,0.0,0.0,0.0,0.0,0.0,0.0,0.0,0.0,0.0,0.0,0.0,0.0,0.0,1.0,1.0,5266,515,544,526.6,11.345091939297411,526.6,1.778602600097656e-05,10,0.1457756366523922,144.0
0.0,47,63.5,62883.11844077961,0.0,0.0,0.0,0.0,0.0,0.0,0.0,0,0,0,0,0,0.0001590251922607,0.0,0.0,0.0,0.0,0.0,0.0,0.0,0.0,0.0,0.0,0.0,0.0,0.0,1.0,1.0,5188,498,538,518.8,14.718091663738956,518.8,1.850128173828125e-05,10,0.1761198718201407,194.96
0.0,47,63.5,70849.72972972973,0.0,0.0,0.0,0.0,0.0,0.0,0.0,0,0,0,0,0,0.0001411437988281,0.0,0.0,0.0,0.0,0.0,0.0,0.0,0.0,0.0,0.0,0.0,0.0,0.0,1.0,1.0,5208,512,529,520.8,6.268084945889685,520.8,1.6617774963378907e-05,10,0.1488198570835576,35.36
0.0,47,63.5,184.81913801384505,0.0,0.0,0.0,0.0,0.0,0.0,0.0,0,0,0,0,0,0.0541069507598876,0.0,0.0,0.0,0.0,0.0,0.0,0.0,0.0,0.0,0.0,0.0,0.0,0.0,1.0,1.0,5444,486,586,544.4,34.824001939913664,544.4,0.0054132938385009,10,0.2047597754302432,2500.0
0.0,47,63.5,304.4601559210813,0.0,0.0,0.0,0.0,0.0,0.0,0.0,0,0,0,0,0,0.0328450202941894,0.0,0.0,0.0,0.0,0.0,0.0,0.0,0.0,0.0,0.0,0.0,0.0,0.0,1.0,1.0,5478,534,559,547.8,9.174844836714012,547.8,0.0049680948257446,10,0.1125130947926838,75.76
0.0,47,63.5,133.4579784204481,0.0,0.0,0.0,0.0,0.0,0.0,0.0,0,0,0,0,0,0.0749299526214599,0.0,0.0,0.0,0.0,0.0,0.0,0.0,0.0,0.0,0.0,0.0,0.0,0.0,1.0,1.0,5446,534,552,544.6,6.345602151621756,544.6,0.0210891962051391,10,0.1113605744924846,42.25
0.0,47,63.5,83.19737215331486,0.0,0.0,0.0,0.0,0.0,0.0,0.0,0,0,0,0,0,0.1201961040496826,0.0,0.0,0.0,0.0,0.0,0.0,0.0,0.0,0.0,0.0,0.0,0.0,0.0,1.0,1.0,5446,539,548,544.6,3.438345855527367,544.6,0.012753415107727,10,0.1016556245677076,12.5
0.0,47,63.5,578.7402204959088,0.0,0.0,0.0,0.0,0.0,0.0,0.0,0,0,0,0,0,0.0172789096832275,0.0,0.0,0.0,0.0,0.0,0.0,0.0,0.0,0.0,0.0,0.0,0.0,0.0,1.0,1.0,5780,578,578,578.0,0.0,578.0,0.0020959854125976,10,0.0,0.0
0.0,47,63.5,725.4322183403092,0.0,0.0,0.0,0.0,0.0,0.0,0.0,0,0,0,0,0,0.0137848854064941,0.0,0.0,0.0,0.0,0.0,0.0,0.0,0.0,0.0,0.0,0.0,0.0,0.0,1.0,1.0,5780,578,578,578.0,0.0,578.0,0.0021672010421752,10,0.0,0.0
0.0,47,63.5,1901.8336809649045,0.0,0.0,0.0,0.0,0.0,0.0,0.0,0,0,0,0,0,0.0052580833435058,0.0,0.0,0.0,0.0,0.0,0.0,0.0,0.0,0.0,0.0,0.0,0.0,0.0,1.0,1.0,5780,578,578,578.0,0.0,578.0,0.0005269050598144,10,0.0,0.0
0.0,47,63.5,2716.69408640456,0.0,0.0,0.0,0.0,0.0,0.0,0.0,0,0,0,0,0,0.003680944442749,0.0,0.0,0.0,0.0,0.0,0.0,0.0,0.0,0.0,0.0,0.0,0.0,0.0,1.0,1.0,5780,578,578,578.0,0.0,578.0,0.0003701925277709,10,0.0,0.0
0.0,47,63.5,1385.0358286827593,0.0,0.0,0.0,0.0,0.0,0.0,0.0,0,0,0,0,0,0.0072200298309326,0.0,0.0,0.0,0.0,0.0,0.0,0.0,0.0,0.0,0.0,0.0,0.0,0.0,1.0,1.0,5784,546,614,578.4,22.77035109278926,578.4,0.0008331060409545,10,0.0976018002211586,1156.0
0.0,47,63.5,116185.70637119112,0.0,0.0,0.0,0.0,0.0,0.0,0.0,0,0,0,0,0,8.606910705566406e-05,0.0,0.0,0.0,0.0,0.0,0.0,0.0,0.0,0.0,0.0,0.0,0.0,0.0,1.0,1.0,5778,574,581,577.8,2.616188916046478,577.8,1.0204315185546874e-05,10,0.0416761607168406,7.5
0.0,47,63.5,1241.46929110552,0.0,0.0,0.0,0.0,0.0,0.0,0.0,0,0,0,0,0,0.0080549716949462,0.0,0.0,0.0,0.0,0.0,0.0,0.0,0.0,0.0,0.0,0.0,0.0,0.0,1.0,1.0,5778,574,581,577.8,2.9363620727393656,577.8,0.0008069992065429,10,0.041806586453951,7.760000000000001
0.0,47,63.5,949.5820692777904,0.0,0.0,0.0,0.0,0.0,0.0,0.0,0,0,0,0,0,0.010530948638916,0.0,0.0,0.0,0.0,0.0,0.0,0.0,0.0,0.0,0.0,0.0,0.0,0.0,1.0,1.0,5778,575,581,577.8,2.250925735484551,577.8,0.0010571002960205,10,0.039823237107607,6.25
0.0,47,63.5,55260.922266139656,0.0,0.0,0.0,0.0,0.0,0.0,0.0,0,0,0,0,0,0.000180959701538,0.0,0.0,0.0,0.0,0.0,0.0,0.0,0.0,0.0,0.0,0.0,0.0,0.0,1.0,1.0,5894,570,633,589.4,23.51925924759442,589.4,0.0002554893493652,10,0.0570077554471,992.25
0.0,47,63.5,101067.56626506025,0.0,0.0,0.0,0.0,0.0,0.0,0.0,0,0,0,0,0,9.894371032714844e-05,0.0,0.0,0.0,0.0,0.0,0.0,0.0,0.0,0.0,0.0,0.0,0.0,0.0,1.0,1.0,5836,578,590,583.6,4.6475800154489,583.6,1.5997886657714842e-05,10,0.0356871481950932,19.44
0.0,47,63.5,184771.1013215859,0.0,0.0,0.0,0.0,0.0,0.0,0.0,0,0,0,0,0,5.412101745605469e-05,0.0,0.0,0.0,0.0,0.0,0.0,0.0,0.0,0.0,0.0,0.0,0.0,0.0,1.0,1.0,5778,575,581,577.8,2.043961295567452,577.8,6.318092346191406e-06,10,0.0397389280733624,4.6875
0.0,47,63.5,7031.523889354568,0.0,0.0,0.0,0.0,0.0,0.0,0.0,0,0,0,0,0,0.0014221668243408,0.0,0.0,0.0,0.0,0.0,0.0,0.0,0.0,0.0,0.0,0.0,0.0,0.0,1.0,1.0,5844,581,590,584.4,3.1692971530679235,584.4,0.0001430988311767,10,0.0299725648882737,10.6875
0.0,47,63.5,2417.7449850126814,0.0,0.0,0.0,0.0,0.0,0.0,0.0,0,0,0,0,0,0.0041360855102539,0.0,0.0,0.0,0.0,0.0,0.0,0.0,0.0,0.0,0.0,0.0,0.0,0.0,1.0,1.0,5774,544,614,577.4,23.37710180687266,577.4,0.000416088104248,10,0.1012572261920476,1225.0
0.0,47,63.5,840.5418837675351,0.0,0.0,0.0,0.0,0.0,0.0,0.0,0,0,0,0,0,0.0118970870971679,0.0,0.0,0.0,0.0,0.0,0.0,0.0,0.0,0.0,0.0,0.0,0.0,0.0,1.0,1.0,5794,576,584,579.4,2.7968235951204043,579.4,0.0011922121047973,10,0.0383414840597082,7.040000000000001
0.0,47,63.5,2148.1710627400766,0.0,0.0,0.0,0.0,0.0,0.0,0.0,0,0,0,0,0,0.004655122756958,0.0,0.0,0.0,0.0,0.0,0.0,0.0,0.0,0.0,0.0,0.0,0.0,0.0,1.0,1.0,5790,576,583,579.0,2.905932629027116,579.0,0.0004679918289184,10,0.0383859307157605,9.5
0.0,47,63.5,4130.691353161315,0.0,0.0,0.0,0.0,0.0,0.0,0.0,0,0,0,0,0,0.0024209022521972,0.0,0.0,0.0,0.0,0.0,0.0,0.0,0.0,0.0,0.0,0.0,0.0,0.0,1.0,1.0,5764,569,581,576.4,4.4522154285504,576.4,0.0002431869506835,10,0.0509447344769742,17.84
0.0,47,63.5,2742.8093120585927,0.0,0.0,0.0,0.0,0.0,0.0,0.0,0,0,0,0,0,0.003645896911621,0.0,0.0,0.0,0.0,0.0,0.0,0.0,0.0,0.0,0.0,0.0,0.0,0.0,1.0,1.0,5082,420,563,508.2,51.08337411635131,508.2,0.0005012035369873,10,0.3238557732800369,5112.25
0.0,47,63.5,5838.396436525612,0.0,0.0,0.0,0.0,0.0,0.0,0.0,0,0,0,0,0,0.0017127990722656,0.0,0.0,0.0,0.0,0.0,0.0,0.0,0.0,0.0,0.0,0.0,0.0,0.0,1.0,1.0,5172,505,529,517.2,10.206751578135806,517.2,0.0004698991775512,10,0.1623532223228694,93.76
0.0,47,63.5,751.1423915184728,0.0,0.0,0.0,0.0,0.0,0.0,0.0,0,0,0,0,0,0.0133130550384521,0.0,0.0,0.0,0.0,0.0,0.0,0.0,0.0,0.0,0.0,0.0,0.0,0.0,1.0,1.0,5242,511,533,524.2,7.612854625930771,524.2,0.0014877080917358,10,0.1510717924604192,86.22222222222223
0.0,47,63.5,913.155098841766,0.0,0.0,0.0,0.0,0.0,0.0,0.0,0,0,0,0,0,0.0109510421752929,0.0,0.0,0.0,0.0,0.0,0.0,0.0,0.0,0.0,0.0,0.0,0.0,0.0,1.0,1.0,5162,512,521,516.2,3.794733192202055,516.2,0.0017228126525878,10,0.1478123125131754,15.06122448979592
0.0,47,63.5,2157.0089997428645,0.0,0.0,0.0,0.0,0.0,0.0,0.0,0,0,0,0,0,0.0046360492706298,0.0,0.0,0.0,0.0,0.0,0.0,0.0,0.0,0.0,0.0,0.0,0.0,0.0,1.0,1.0,5164,441,570,516.4,44.043412926591216,516.4,0.0005564928054809,10,0.2852012446897762,4160.25
0.0,47,63.5,1931.257021825214,0.0,0.0,0.0,0.0,0.0,0.0,0.0,0,0,0,0,0,0.0051779747009277,0.0,0.0,0.0,0.0,0.0,0.0,0.0,0.0,0.0,0.0,0.0,0.0,0.0,1.0,1.0,5274,508,540,527.4,12.32161605562445,527.4,0.0005192041397094,10,0.1581023435164192,170.1875
0.0,47,63.5,1431.0634958545156,0.0,0.0,0.0,0.0,0.0,0.0,0.0,0,0,0,0,0,0.0069878101348876,0.0,0.0,0.0,0.0,0.0,0.0,0.0,0.0,0.0,0.0,0.0,0.0,0.0,1.0,1.0,5330,525,542,533.0,7.118052168020874,533.0,0.0007815837860107,10,0.127012409731165,50.88888888888889
0.0,47,63.5,1263.8775387211474,0.0,0.0,0.0,0.0,0.0,0.0,0.0,0,0,0,0,0,0.0079121589660644,0.0,0.0,0.0,0.0,0.0,0.0,0.0,0.0,0.0,0.0,0.0,0.0,0.0,1.0,1.0,5254,518,533,525.4,5.399588461684423,525.4,0.0011304140090942,10,0.1382412863557517,56.25
0.0,47,63.5,1262.1660497728026,0.0,0.0,0.0,0.0,0.0,0.0,0.0,0,0,0,0,0,0.007922887802124,0.0,0.0,0.0,0.0,0.0,0.0,0.0,0.0,0.0,0.0,0.0,0.0,0.0,1.0,1.0,5780,578,578,578.0,0.0,578.0,0.0009822845458984,10,0.0,0.0
0.0,47,63.5,996.5084343074363,0.0,0.0,0.0,0.0,0.0,0.0,0.0,0,0,0,0,0,0.0100350379943847,0.0,0.0,0.0,0.0,0.0,0.0,0.0,0.0,0.0,0.0,0.0,0.0,0.0,1.0,1.0,5780,578,578,578.0,0.0,578.0,0.001004409790039,10,0.0,0.0
0.0,47,63.5,1267.5825803136995,0.0,0.0,0.0,0.0,0.0,0.0,0.0,0,0,0,0,0,0.0078890323638916,0.0,0.0,0.0,0.0,0.0,0.0,0.0,0.0,0.0,0.0,0.0,0.0,0.0,1.0,1.0,5780,578,578,578.0,0.0,578.0,0.0010801076889038,10,0.0,0.0
0.0,47,63.5,2264.98757965223,0.0,0.0,0.0,0.0,0.0,0.0,0.0,0,0,0,0,0,0.0044150352478027,0.0,0.0,0.0,0.0,0.0,0.0,0.0,0.0,0.0,0.0,0.0,0.0,0.0,1.0,1.0,5780,578,578,578.0,0.0,578.0,0.000442886352539,10,0.0,0.0
0.0,47,63.5,2515.173902614536,0.0,0.0,0.0,0.0,0.0,0.0,0.0,0,0,0,0,0,0.0039758682250976,0.0,0.0,0.0,0.0,0.0,0.0,0.0,0.0,0.0,0.0,0.0,0.0,0.0,1.0,1.0,5536,515,596,553.6,27.06863703829787,553.6,0.0004215955734252,10,0.152180779983921,1640.25
0.0,47,63.5,2548.334649735707,0.0,0.0,0.0,0.0,0.0,0.0,0.0,0,0,0,0,0,0.0039241313934326,0.0,0.0,0.0,0.0,0.0,0.0,0.0,0.0,0.0,0.0,0.0,0.0,0.0,1.0,1.0,5502,546,559,550.2,5.00666222813829,550.2,0.0004819154739379,10,0.0903655839252544,22.56
0.0,47,63.5,2244.263470490663,0.0,0.0,0.0,0.0,0.0,0.0,0.0,0,0,0,0,0,0.0044558048248291,0.0,0.0,0.0,0.0,0.0,0.0,0.0,0.0,0.0,0.0,0.0,0.0,0.0,1.0,1.0,5512,548,554,551.2,2.4404006956964173,551.2,0.0008731842041015,10,0.0859119316273988,5.36
0.0,47,63.5,47180.02249718785,0.0,0.0,0.0,0.0,0.0,0.0,0.0,0,0,0,0,0,0.0002119541168212,0.0,0.0,0.0,0.0,0.0,0.0,0.0,0.0,0.0,0.0,0.0,0.0,0.0,1.0,1.0,5546,551,559,554.6,2.716206504995115,554.6,0.0013375043869018,10,0.0809118938818748,8.1875
0.0,47,63.5,3966.620011348591,0.0,0.0,0.0,0.0,0.0,0.0,0.0,0,0,0,0,0,0.0025210380554199,0.0,0.0,0.0,0.0,0.0,0.0,0.0,0.0,0.0,0.0,0.0,0.0,0.0,1.0,1.0,5780,578,578,578.0,0.0,578.0,0.0002540111541748,10,0.0,0.0
0.0,47,63.5,192399.26605504588,0.0,0.0,0.0,0.0,0.0,0.0,0.0,0,0,0,0,0,5.197525024414063e-05,0.0,0.0,0.0,0.0,0.0,0.0,0.0,0.0,0.0,0.0,0.0,0.0,0.0,1.0,1.0,5780,578,578,578.0,0.0,578.0,6.198883056640625e-06,10,0.0,0.0
0.0,47,63.5,1855.312071482284,0.0,0.0,0.0,0.0,0.0,0.0,0.0,0,0,0,0,0,0.005389928817749,0.0,0.0,0.0,0.0,0.0,0.0,0.0,0.0,0.0,0.0,0.0,0.0,0.0,1.0,1.0,5780,578,578,578.0,0.0,578.0,0.0005399942398071,10,0.0,0.0
0.0,47,63.5,53773.1282051282,0.0,0.0,0.0,0.0,0.0,0.0,0.0,0,0,0,0,0,0.0001859664916992,0.0,0.0,0.0,0.0,0.0,0.0,0.0,0.0,0.0,0.0,0.0,0.0,0.0,1.0,1.0,5780,578,578,578.0,0.0,578.0,2.2792816162109374e-05,10,0.0,0.0
0.0,47,63.5,549.5105334870559,0.0,0.0,0.0,0.0,0.0,0.0,0.0,0,0,0,0,0,0.018198013305664,0.0,0.0,0.0,0.0,0.0,0.0,0.0,0.0,0.0,0.0,0.0,0.0,0.0,1.0,1.0,5858,562,625,585.8,22.144976857066258,585.8,0.0018230199813842,10,0.0700809677724945,992.25
0.0,47,63.5,114912.43835616438,0.0,0.0,0.0,0.0,0.0,0.0,0.0,0,0,0,0,0,8.702278137207031e-05,0.0,0.0,0.0,0.0,0.0,0.0,0.0,0.0,0.0,0.0,0.0,0.0,0.0,1.0,1.0,5806,577,582,580.6,2.065591117977289,580.6,5.698204040527344e-05,10,0.0363394791978192,6.25
0.0,47,63.5,7397.361552028218,0.0,0.0,0.0,0.0,0.0,0.0,0.0,0,0,0,0,0,0.0013518333435058,0.0,0.0,0.0,0.0,0.0,0.0,0.0,0.0,0.0,0.0,0.0,0.0,0.0,1.0,1.0,5808,579,585,580.8,2.3475755815545347,580.8,0.0020226955413818,10,0.0330460883889021,9.0
0.0,47,63.5,576.7665461146024,0.0,0.0,0.0,0.0,0.0,0.0,0.0,0,0,0,0,0,0.0173380374908447,0.0,0.0,0.0,0.0,0.0,0.0,0.0,0.0,0.0,0.0,0.0,0.0,0.0,1.0,1.0,5802,574,590,580.2,5.672545969648706,580.2,0.0017350196838378,10,0.042921198326196,28.96
0.0,47,63.5,65741.44200626959,0.0,0.0,0.0,0.0,0.0,0.0,0.0,0,0,0,0,0,0.0001521110534667,0.0,0.0,0.0,0.0,0.0,0.0,0.0,0.0,0.0,0.0,0.0,0.0,0.0,1.0,1.0,5526,509,594,552.6,28.85673424196008,552.6,1.7595291137695312e-05,10,0.1631339592608048,1806.25
0.0,47,63.5,11875.15288788222,0.0,0.0,0.0,0.0,0.0,0.0,0.0,0,0,0,0,0,0.0008420944213867,0.0,0.0,0.0,0.0,0.0,0.0,0.0,0.0,0.0,0.0,0.0,0.0,0.0,1.0,1.0,5502,546,557,550.2,4.289522117905444,550.2,8.649826049804688e-05,10,0.0900734497299499,16.56
0.0,47,63.5,192399.26605504588,0.0,0.0,0.0,0.0,0.0,0.0,0.0,0,0,0,0,0,5.197525024414063e-05,0.0,0.0,0.0,0.0,0.0,0.0,0.0,0.0,0.0,0.0,0.0,0.0,0.0,1.0,1.0,5506,549,554,550.6,2.1705094128132942,550.6,6.198883056640625e-06,10,0.0840978587144036,4.24
0.0,47,63.5,192399.26605504588,0.0,0.0,0.0,0.0,0.0,0.0,0.0,0,0,0,0,0,5.197525024414063e-05,0.0,0.0,0.0,0.0,0.0,0.0,0.0,0.0,0.0,0.0,0.0,0.0,0.0,1.0,1.0,5482,547,550,548.2,1.0327955589886446,548.2,6.103515625e-06,10,0.0870426595989096,1.5555555555555556
0.0,47,63.5,169125.16129032258,0.0,0.0,0.0,0.0,0.0,0.0,0.0,0,0,0,0,0,5.91278076171875e-05,0.0,0.0,0.0,0.0,0.0,0.0,0.0,0.0,0.0,0.0,0.0,0.0,0.0,1.0,1.0,5344,461,577,534.4,41.07770414443556,534.4,6.699562072753907e-06,10,0.2499105335602773,3364.0
0.0,47,63.5,192399.26605504588,0.0,0.0,0.0,0.0,0.0,0.0,0.0,0,0,0,0,0,5.197525024414063e-05,0.0,0.0,0.0,0.0,0.0,0.0,0.0,0.0,0.0,0.0,0.0,0.0,0.0,1.0,1.0,5394,526,553,539.4,9.155447680054875,539.4,6.103515625e-06,10,0.1261382331669471,92.5
0.0,47,63.5,184771.1013215859,0.0,0.0,0.0,0.0,0.0,0.0,0.0,0,0,0,0,0,5.412101745605469e-05,0.0,0.0,0.0,0.0,0.0,0.0,0.0,0.0,0.0,0.0,0.0,0.0,0.0,1.0,1.0,5342,523,548,534.2,8.416914187779534,534.2,6.29425048828125e-06,10,0.1309497741635339,105.55555555555556
0.0,47,63.5,93622.85714285714,0.0,0.0,0.0,0.0,0.0,0.0,0.0,0,0,0,0,0,0.0001068115234375,0.0,0.0,0.0,0.0,0.0,0.0,0.0,0.0,0.0,0.0,0.0,0.0,0.0,1.0,1.0,5254,521,533,525.4,4.550946177566936,525.4,1.208782196044922e-05,10,0.1327831934348936,18.64
0.0,47,63.5,169809.87854251012,0.0,0.0,0.0,0.0,0.0,0.0,0.0,0,0,0,0,0,5.888938903808594e-05,0.0,0.0,0.0,0.0,0.0,0.0,0.0,0.0,0.0,0.0,0.0,0.0,0.0,1.0,1.0,5786,544,614,578.6,23.339046919510466,578.6,7.200241088867187e-06,10,0.1012417241531317,1225.0
0.0,47,63.5,15060.337522441652,0.0,0.0,0.0,0.0,0.0,0.0,0.0,0,0,0,0,0,0.0006639957427978,0.0,0.0,0.0,0.0,0.0,0.0,0.0,0.0,0.0,0.0,0.0,0.0,0.0,1.0,1.0,5772,574,581,577.2,2.699794230842212,577.2,6.73055648803711e-05,10,0.0417102181778758,8.666666666666666
0.0,47,63.5,8787.56337733082,0.0,0.0,0.0,0.0,0.0,0.0,0.0,0,0,0,0,0,0.0011379718780517,0.0,0.0,0.0,0.0,0.0,0.0,0.0,0.0,0.0,0.0,0.0,0.0,0.0,1.0,1.0,5786,574,582,578.6,2.951459149490488,578.6,0.0001147031784057,10,0.0418127363991364,10.888888888888888
0.0,47,63.5,78106.21973929237,0.0,0.0,0.0,0.0,0.0,0.0,0.0,0,0,0,0,0,0.0001280307769775,0.0,0.0,0.0,0.0,0.0,0.0,0.0,0.0,0.0,0.0,0.0,0.0,0.0,1.0,1.0,5772,573,582,577.2,3.614784456460256,577.2,0.0007221937179565,10,0.0437870785961836,14.6875
0.0,47,63.5,114912.43835616438,0.0,0.0,0.0,0.0,0.0,0.0,0.0,0,0,0,0,0,8.702278137207031e-05,0.0,0.0,0.0,0.0,0.0,0.0,0.0,0.0,0.0,0.0,0.0,0.0,0.0,1.0,1.0,5560,519,597,556.0,26.0768096208106,556.0,1.0609626770019531e-05,10,0.1449602291671334,1521.0
0.0,47,63.5,1211.526285384171,0.0,0.0,0.0,0.0,0.0,0.0,0.0,0,0,0,0,0,0.008254051208496,0.0,0.0,0.0,0.0,0.0,0.0,0.0,0.0,0.0,0.0,0.0,0.0,0.0,1.0,1.0,5544,549,561,554.4,4.6951511631090685,554.4,0.0008266925811767,10,0.0851262967778041,19.84
0.0,47,63.5,84733.41414141415,0.0,0.0,0.0,0.0,0.0,0.0,0.0,0,0,0,0,0,0.0001180171966552,0.0,0.0,0.0,0.0,0.0,0.0,0.0,0.0,0.0,0.0,0.0,0.0,0.0,1.0,1.0,5530,545,558,553.0,4.714045207910317,553.0,1.4400482177734376e-05,10,0.0919505134558944,20.0
0.0,47,63.5,4152.776237623762,0.0,0.0,0.0,0.0,0.0,0.0,0.0,0,0,0,0,0,0.0024080276489257,0.0,0.0,0.0,0.0,0.0,0.0,0.0,0.0,0.0,0.0,0.0,0.0,0.0,1.0,1.0,5538,552,556,553.8,1.9321835661585915,553.8,0.0002429008483886,10,0.0788883842975103,3.3600000000000003
0.0,47,63.5,2558.2824031716987,0.0,0.0,0.0,0.0,0.0,0.0,0.0,0,0,0,0,0,0.0039088726043701,0.0,0.0,0.0,0.0,0.0,0.0,0.0,0.0,0.0,0.0,0.0,0.0,0.0,1.0,1.0,5340,469,580,534.0,37.95318753997409,534.0,0.0003926992416381,10,0.2350046904762838,3080.25
0.0,47,63.5,2455.250248785342,0.0,0.0,0.0,0.0,0.0,0.0,0.0,0,0,0,0,0,0.0040729045867919,0.0,0.0,0.0,0.0,0.0,0.0,0.0,0.0,0.0,0.0,0.0,0.0,0.0,1.0,1.0,5338,525,541,533.8,6.014796569941312,533.8,0.0004091024398803,10,0.1265629875307313,42.88888888888889
0.0,47,63.5,2002.819214974692,0.0,0.0,0.0,0.0,0.0,0.0,0.0,0,0,0,0,0,0.0049929618835449,0.0,0.0,0.0,0.0,0.0,0.0,0.0,0.0,0.0,0.0,0.0,0.0,0.0,1.0,1.0,5412,534,555,541.2,7.671013260609347,541.2,0.0005012989044189,10,0.1119004939618418,52.96
0.0,47,63.5,2829.591850502597,0.0,0.0,0.0,0.0,0.0,0.0,0.0,0,0,0,0,0,0.0035340785980224,0.0,0.0,0.0,0.0,0.0,0.0,0.0,0.0,0.0,0.0,0.0,0.0,0.0,1.0,1.0,5456,539,552,545.6,4.402019738458447,545.6,0.0008371114730834,10,0.1020481867606584,17.44
0.0,47,63.5,81284.96124031008,0.0,0.0,0.0,0.0,0.0,0.0,0.0,0,0,0,0,0,0.0001230239868164,0.0,0.0,0.0,0.0,0.0,0.0,0.0,0.0,0.0,0.0,0.0,0.0,0.0,1.0,1.0,5890,570,633,589.0,23.683092891108817,589.0,0.0003648996353149,10,0.057074494720122,992.25
0.0,47,63.5,112447.82841823057,0.0,0.0,0.0,0.0,0.0,0.0,0.0,0,0,0,0,0,8.893013000488281e-05,0.0,0.0,0.0,0.0,0.0,0.0,0.0,0.0,0.0,0.0,0.0,0.0,0.0,1.0,1.0,5802,578,585,580.2,2.699794230842212,580.2,1.049041748046875e-05,10,0.0348936981778758,12.25
0.0,47,63.5,1753.7648436193344,0.0,0.0,0.0,0.0,0.0,0.0,0.0,0,0,0,0,0,0.0057020187377929,0.0,0.0,0.0,0.0,0.0,0.0,0.0,0.0,0.0,0.0,0.0,0.0,0.0,1.0,1.0,5824,578,590,582.4,4.351245032554857,582.4,0.0005718946456909,10,0.0355664331764615,36.0
0.0,47,63.5,1101.0694878324102,0.0,0.0,0.0,0.0,0.0,0.0,0.0,0,0,0,0,0,0.0090820789337158,0.0,0.0,0.0,0.0,0.0,0.0,0.0,0.0,0.0,0.0,0.0,0.0,0.0,1.0,1.0,5822,574,588,582.2,5.940445175985458,582.2,0.000910210609436,10,0.0430303297468894,32.5
0.0,47,63.5,1711.4718243767086,0.0,0.0,0.0,0.0,0.0,0.0,0.0,0,0,0,0,0,0.0058429241180419,0.0,0.0,0.0,0.0,0.0,0.0,0.0,0.0,0.0,0.0,0.0,0.0,0.0,1.0,1.0,5086,420,563,508.6,49.98044061875049,508.6,0.0005863904953002,10,0.3234064822904542,5112.25
0.0,47,63.5,110960.42328042327,0.0,0.0,0.0,0.0,0.0,0.0,0.0,0,0,0,0,0,9.012222290039062e-05,0.0,0.0,0.0,0.0,0.0,0.0,0.0,0.0,0.0,0.0,0.0,0.0,0.0,1.0,1.0,5212,506,537,521.2,12.299954832798733,521.2,1.2111663818359374e-05,10,0.1615017796006889,136.16
0.0,47,63.5,58826.14305750351,0.0,0.0,0.0,0.0,0.0,0.0,0.0,0,0,0,0,0,0.0001699924468994,0.0,0.0,0.0,0.0,0.0,0.0,0.0,0.0,0.0,0.0,0.0,0.0,0.0,1.0,1.0,5186,507,537,518.6,10.76207332358511,518.6,1.8787384033203124e-05,10,0.1591711781890956,104.23999999999998
0.0,47,63.5,6365.615419638792,0.0,0.0,0.0,0.0,0.0,0.0,0.0,0,0,0,0,0,0.0015709400177001,0.0,0.0,0.0,0.0,0.0,0.0,0.0,0.0,0.0,0.0,0.0,0.0,0.0,1.0,1.0,5170,506,532,517.0,9.47511360236793,517.0,0.0001593112945556,10,0.1603510522770606,85.6875
0.0,47,63.5,2480.2223404884394,0.0,0.0,0.0,0.0,0.0,0.0,0.0,0,0,0,0,0,0.0040318965911865,0.0,0.0,0.0,0.0,0.0,0.0,0.0,0.0,0.0,0.0,0.0,0.0,0.0,1.0,1.0,5520,510,594,552.0,28.126697479638647,552.0,0.0005214929580688,10,0.1611324414853056,1764.0
0.0,47,63.5,435.7673167032031,0.0,0.0,0.0,0.0,0.0,0.0,0.0,0,0,0,0,0,0.0229480266571044,0.0,0.0,0.0,0.0,0.0,0.0,0.0,0.0,0.0,0.0,0.0,0.0,0.0,1.0,1.0,5504,546,553,550.4,2.716206504995115,550.4,0.0023473024368286,10,0.0894325438818748,9.555555555555555
0.0,47,63.5,22932.225259704755,0.0,0.0,0.0,0.0,0.0,0.0,0.0,0,0,0,0,0,0.0004360675811767,0.0,0.0,0.0,0.0,0.0,0.0,0.0,0.0,0.0,0.0,0.0,0.0,0.0,1.0,1.0,5512,547,560,551.2,5.0508525133002165,551.2,5.071163177490234e-05,10,0.0886794552798179,23.33333333333333
0.0,47,63.5,123361.88235294116,0.0,0.0,0.0,0.0,0.0,0.0,0.0,0,0,0,0,0,8.106231689453125e-05,0.0,0.0,0.0,0.0,0.0,0.0,0.0,0.0,0.0,0.0,0.0,0.0,0.0,1.0,1.0,5490,544,552,549.0,2.98142396999972,549.0,9.393692016601562e-06,10,0.092948842868419,12.666666666666666
0.0,47,63.5,888.1721158732847,0.0,0.0,0.0,0.0,0.0,0.0,0.0,0,0,0,0,0,0.0112590789794921,0.0,0.0,0.0,0.0,0.0,0.0,0.0,0.0,0.0,0.0,0.0,0.0,0.0,1.0,1.0,5866,565,628,586.6,22.819095317542963,586.6,0.0017931938171386,10,0.0652431866685542,992.25
0.0,47,63.5,226.06050479953,0.0,0.0,0.0,0.0,0.0,0.0,0.0,0,0,0,0,0,0.0442359447479248,0.0,0.0,0.0,0.0,0.0,0.0,0.0,0.0,0.0,0.0,0.0,0.0,0.0,1.0,1.0,5796,578,583,579.6,1.9550504398153572,579.6,0.0052470922470092,10,0.0345903193471631,5.5555555555555545
0.0,47,63.5,700.030709660191,0.0,0.0,0.0,0.0,0.0,0.0,0.0,0,0,0,0,0,0.0142850875854492,0.0,0.0,0.0,0.0,0.0,0.0,0.0,0.0,0.0,0.0,0.0,0.0,0.0,1.0,1.0,5832,579,587,583.2,2.699794230842212,583.2,0.0019275188446044,10,0.0331895681778759,8.1875
0.0,47,63.5,312.4039356765654,0.0,0.0,0.0,0.0,0.0,0.0,0.0,0,0,0,0,0,0.0320098400115966,0.0,0.0,0.0,0.0,0.0,0.0,0.0,0.0,0.0,0.0,0.0,0.0,0.0,1.0,1.0,5814,574,585,581.4,4.141926551202418,581.4,0.0038185834884643,10,0.0422976851998977,19.25
0.0,47,63.5,255.15436511074745,0.0,0.0,0.0,0.0,0.0,0.0,0.0,0,0,0,0,0,0.0391919612884521,0.0,0.0,0.0,0.0,0.0,0.0,0.0,0.0,0.0,0.0,0.0,0.0,0.0,1.0,1.0,5416,488,586,541.6,33.20374811506811,541.6,0.0043571949005126,10,0.2006914888321541,2401.0
0.0,47,63.5,7423.546902654867,0.0,0.0,0.0,0.0,0.0,0.0,0.0,0,0,0,0,0,0.0013470649719238,0.0,0.0,0.0,0.0,0.0,0.0,0.0,0.0,0.0,0.0,0.0,0.0,0.0,1.0,1.0,5382,532,545,538.2,4.3410188256265885,538.2,0.0001383066177368,10,0.1139522474288073,21.1875
0.0,47,63.5,1845.3535131330016,0.0,0.0,0.0,0.0,0.0,0.0,0.0,0,0,0,0,0,0.0054190158843994,0.0,0.0,0.0,0.0,0.0,0.0,0.0,0.0,0.0,0.0,0.0,0.0,0.0,1.0,1.0,5456,536,557,545.6,7.260241808033056,545.6,0.0006266117095947,10,0.1083249021029204,59.25
0.0,47,63.5,76959.70642201835,0.0,0.0,0.0,0.0,0.0,0.0,0.0,0,0,0,0,0,0.0001299381256103,0.0,0.0,0.0,0.0,0.0,0.0,0.0,0.0,0.0,0.0,0.0,0.0,0.0,1.0,1.0,5416,530,554,541.6,8.395766128763288,541.6,1.559257507324219e-05,10,0.119012249290213,96.8888888888889
0.0,47,63.5,746.543260416852,0.0,0.0,0.0,0.0,0.0,0.0,0.0,0,0,0,0,0,0.013395071029663,0.0,0.0,0.0,0.0,0.0,0.0,0.0,0.0,0.0,0.0,0.0,0.0,0.0,1.0,1.0,5780,578,578,578.0,0.0,578.0,0.001565408706665,10,0.0,0.0
0.0,47,63.5,93414.3429844098,0.0,0.0,0.0,0.0,0.0,0.0,0.0,0,0,0,0,0,0.0001070499420166,0.0,0.0,0.0,0.0,0.0,0.0,0.0,0.0,0.0,0.0,0.0,0.0,0.0,1.0,1.0,5780,578,578,578.0,0.0,578.0,1.2493133544921876e-05,10,0.0,0.0
0.0,47,63.5,484.5209435575168,0.0,0.0,0.0,0.0,0.0,0.0,0.0,0,0,0,0,0,0.0206389427185058,0.0,0.0,0.0,0.0,0.0,0.0,0.0,0.0,0.0,0.0,0.0,0.0,0.0,1.0,1.0,5780,578,578,578.0,0.0,578.0,0.0020653963088989,10,0.0,0.0
0.0,47,63.5,680.5510214015674,0.0,0.0,0.0,0.0,0.0,0.0,0.0,0,0,0,0,0,0.0146939754486083,0.0,0.0,0.0,0.0,0.0,0.0,0.0,0.0,0.0,0.0,0.0,0.0,0.0,1.0,1.0,5780,578,578,578.0,0.0,578.0,0.0014723062515258,10,0.0,0.0
0.0,47,63.5,1633.1687563273888,0.0,0.0,0.0,0.0,0.0,0.0,0.0,0,0,0,0,0,0.0061230659484863,0.0,0.0,0.0,0.0,0.0,0.0,0.0,0.0,0.0,0.0,0.0,0.0,0.0,1.0,1.0,5880,566,629,588.0,22.77425447005163,588.0,0.0006572008132934,10,0.0635207903009203,992.25
0.0,47,63.5,534.2722119610216,0.0,0.0,0.0,0.0,0.0,0.0,0.0,0,0,0,0,0,0.0187170505523681,0.0,0.0,0.0,0.0,0.0,0.0,0.0,0.0,0.0,0.0,0.0,0.0,0.0,1.0,1.0,5844,579,589,584.4,3.3730961708462712,584.4,0.0018733978271484,10,0.033463844456156,16.88888888888889
0.0,47,63.5,44243.71308016877,0.0,0.0,0.0,0.0,0.0,0.0,0.0,0,0,0,0,0,0.0002260208129882,0.0,0.0,0.0,0.0,0.0,0.0,0.0,0.0,0.0,0.0,0.0,0.0,0.0,1.0,1.0,5816,580,583,581.6,1.2649110640673518,581.6,0.0007209062576293,10,0.0309009241710585,1.44
0.0,47,63.5,110086.719160105,0.0,0.0,0.0,0.0,0.0,0.0,0.0,0,0,0,0,0,9.083747863769533e-05,0.0,0.0,0.0,0.0,0.0,0.0,0.0,0.0,0.0,0.0,0.0,0.0,0.0,1.0,1.0,5800,573,584,580.0,4.109609335312651,580.0,1.068115234375e-05,10,0.0439886504588329,16.1875
0.0,47,63.5,99156.12293144208,0.0,0.0,0.0,0.0,0.0,0.0,0.0,0,0,0,0,0,0.0001008510589599,0.0,0.0,0.0,0.0,0.0,0.0,0.0,0.0,0.0,0.0,0.0,0.0,0.0,1.0,1.0,5780,578,578,578.0,0.0,578.0,1.170635223388672e-05,10,0.0,0.0
0.0,47,63.5,103054.15233415231,0.0,0.0,0.0,0.0,0.0,0.0,0.0,0,0,0,0,0,9.703636169433594e-05,0.0,0.0,0.0,0.0,0.0,0.0,0.0,0.0,0.0,0.0,0.0,0.0,0.0,1.0,1.0,5780,578,578,578.0,0.0,578.0,1.1610984802246094e-05,10,0.0,0.0
0.0,47,63.5,1755.894000921003,0.0,0.0,0.0,0.0,0.0,0.0,0.0,0,0,0,0,0,0.005695104598999,0.0,0.0,0.0,0.0,0.0,0.0,0.0,0.0,0.0,0.0,0.0,0.0,0.0,1.0,1.0,5780,578,578,578.0,0.0,578.0,0.0005717039108276,10,0.0,0.0
0.0,47,63.5,112447.82841823057,0.0,0.0,0.0,0.0,0.0,0.0,0.0,0,0,0,0,0,8.893013000488281e-05,0.0,0.0,0.0,0.0,0.0,0.0,0.0,0.0,0.0,0.0,0.0,0.0,0.0,1.0,1.0,5780,578,578,578.0,0.0,578.0,1.049041748046875e-05,10,0.0,0.0
0.0,47,63.5,2108.326128480949,0.0,0.0,0.0,0.0,0.0,0.0,0.0,0,0,0,0,0,0.0047430992126464,0.0,0.0,0.0,0.0,0.0,0.0,0.0,0.0,0.0,0.0,0.0,0.0,0.0,1.0,1.0,5164,420,563,516.4,52.38150649057568,516.4,0.0004759073257446,10,0.324384580484001,5112.25
0.0,47,63.5,913.155098841766,0.0,0.0,0.0,0.0,0.0,0.0,0.0,0,0,0,0,0,0.0109510421752929,0.0,0.0,0.0,0.0,0.0,0.0,0.0,0.0,0.0,0.0,0.0,0.0,0.0,1.0,1.0,5224,516,530,522.4,5.834761729877616,522.4,0.0010967016220092,10,0.1418268185382829,49.0
0.0,47,63.5,52958.38383838384,0.0,0.0,0.0,0.0,0.0,0.0,0.0,0,0,0,0,0,0.0001888275146484,0.0,0.0,0.0,0.0,0.0,0.0,0.0,0.0,0.0,0.0,0.0,0.0,0.0,1.0,1.0,5272,520,535,527.2,6.124631508189788,527.2,0.0005237817764282,10,0.1351283798911762,38.0
0.0,47,63.5,2486.987251704714,0.0,0.0,0.0,0.0,0.0,0.0,0.0,0,0,0,0,0,0.0040209293365478,0.0,0.0,0.0,0.0,0.0,0.0,0.0,0.0,0.0,0.0,0.0,0.0,0.0,1.0,1.0,5224,508,540,522.4,11.187294380481616,522.4,0.0016441106796264,10,0.157640266238833,184.88888888888889
0.0,47,63.5,36889.21723834653,0.0,0.0,0.0,0.0,0.0,0.0,0.0,0,0,0,0,0,0.0002710819244384,0.0,0.0,0.0,0.0,0.0,0.0,0.0,0.0,0.0,0.0,0.0,0.0,0.0,1.0,1.0,5438,481,584,543.8,35.823021772163344,543.8,3.1495094299316405e-05,10,0.2136873861491085,2652.25
0.0,47,63.5,80659.69230769231,0.0,0.0,0.0,0.0,0.0,0.0,0.0,0,0,0,0,0,0.0001239776611328,0.0,0.0,0.0,0.0,0.0,0.0,0.0,0.0,0.0,0.0,0.0,0.0,0.0,1.0,1.0,5344,525,542,534.4,5.758086101783782,534.4,1.6808509826660156e-05,10,0.1264584139544226,36.5
0.0,47,63.5,77528.72458410352,0.0,0.0,0.0,0.0,0.0,0.0,0.0,0,0,0,0,0,0.0001289844512939,0.0,0.0,0.0,0.0,0.0,0.0,0.0,0.0,0.0,0.0,0.0,0.0,0.0,1.0,1.0,5340,529,542,534.0,6.073622386096199,534.0,1.5091896057128906e-05,10,0.1197704308152001,33.80246913580247
0.0,47,63.5,75846.36528028933,0.0,0.0,0.0,0.0,0.0,0.0,0.0,0,0,0,0,0,0.0001318454742431,0.0,0.0,0.0,0.0,0.0,0.0,0.0,0.0,0.0,0.0,0.0,0.0,0.0,1.0,1.0,5408,531,553,540.8,8.954204474869767,540.8,1.5497207641601562e-05,10,0.1175356047348829,72.25
0.0,47,63.5,70969.61082910321,0.0,0.0,0.0,0.0,0.0,0.0,0.0,0,0,0,0,0,0.000140905380249,0.0,0.0,0.0,0.0,0.0,0.0,0.0,0.0,0.0,0.0,0.0,0.0,0.0,1.0,1.0,5148,420,563,514.8,52.14253968157329,514.8,1.6498565673828126e-05,10,0.3242872349646857,5112.25
0.0,47,63.5,70021.76961602671,0.0,0.0,0.0,0.0,0.0,0.0,0.0,0,0,0,0,0,0.0001428127288818,0.0,0.0,0.0,0.0,0.0,0.0,0.0,0.0,0.0,0.0,0.0,0.0,0.0,1.0,1.0,5212,508,531,521.2,8.36394378003317,521.2,1.6498565673828126e-05,10,0.1564901461382343,101.36
0.0,47,63.5,586.8211262679258,0.0,0.0,0.0,0.0,0.0,0.0,0.0,0,0,0,0,0,0.0170409679412841,0.0,0.0,0.0,0.0,0.0,0.0,0.0,0.0,0.0,0.0,0.0,0.0,0.0,1.0,1.0,5228,511,528,522.8,6.779052703405953,522.8,0.001707911491394,10,0.1507321349092595,43.25
0.0,47,63.5,95325.09090909093,0.0,0.0,0.0,0.0,0.0,0.0,0.0,0,0,0,0,0,0.0001049041748046,0.0,0.0,0.0,0.0,0.0,0.0,0.0,0.0,0.0,0.0,0.0,0.0,0.0,1.0,1.0,5148,504,540,514.8,14.006347767272445,514.8,3.5595893859863284e-05,10,0.1656051558264761,240.25
0.0,47,63.5,98922.2641509434,0.0,0.0,0.0,0.0,0.0,0.0,0.0,0,0,0,0,0,0.000101089477539,0.0,0.0,0.0,0.0,0.0,0.0,0.0,0.0,0.0,0.0,0.0,0.0,0.0,1.0,1.0,5334,477,582,533.4,36.08385296007682,533.4,1.1610984802246094e-05,10,0.2206101583418169,2756.25
0.0,47,63.5,2676.64582003829,0.0,0.0,0.0,0.0,0.0,0.0,0.0,0,0,0,0,0,0.0037360191345214,0.0,0.0,0.0,0.0,0.0,0.0,0.0,0.0,0.0,0.0,0.0,0.0,0.0,1.0,1.0,5384,532,543,538.4,4.141926551202418,538.4,0.0003750801086425,10,0.1138711451998978,15.555555555555555
0.0,47,63.5,2509.3054142985343,0.0,0.0,0.0,0.0,0.0,0.0,0.0,0,0,0,0,0,0.0039851665496826,0.0,0.0,0.0,0.0,0.0,0.0,0.0,0.0,0.0,0.0,0.0,0.0,0.0,1.0,1.0,5376,527,549,537.6,9.605553948974867,537.6,0.0009878158569335,10,0.1246174584566543,83.03999999999999
0.0,47,63.5,112447.82841823057,0.0,0.0,0.0,0.0,0.0,0.0,0.0,0,0,0,0,0,8.893013000488281e-05,0.0,0.0,0.0,0.0,0.0,0.0,0.0,0.0,0.0,0.0,0.0,0.0,0.0,1.0,1.0,5388,534,542,538.8,3.425395354310701,538.8,1.049041748046875e-05,10,0.110170999051532,10.765432098765432
0.0,47,63.5,1027.1094132628073,0.0,0.0,0.0,0.0,0.0,0.0,0.0,0,0,0,0,0,0.0097360610961914,0.0,0.0,0.0,0.0,0.0,0.0,0.0,0.0,0.0,0.0,0.0,0.0,0.0,1.0,1.0,5088,420,563,508.8,50.08171101088477,508.8,0.0009751081466674,10,0.3234477357973941,5112.25
0.0,47,63.5,71943.46483704975,0.0,0.0,0.0,0.0,0.0,0.0,0.0,0,0,0,0,0,0.0001389980316162,0.0,0.0,0.0,0.0,0.0,0.0,0.0,0.0,0.0,0.0,0.0,0.0,0.0,1.0,1.0,5196,512,527,519.6,5.103375789067902,519.6,1.6999244689941406e-05,10,0.1483454011614347,38.0
0.0,47,63.5,2804.241492277863,0.0,0.0,0.0,0.0,0.0,0.0,0.0,0,0,0,0,0,0.003566026687622,0.0,0.0,0.0,0.0,0.0,0.0,0.0,0.0,0.0,0.0,0.0,0.0,0.0,1.0,1.0,5152,503,526,515.2,8.52186729667989,515.2,0.0003587961196899,10,0.1650751278619755,81.5
0.0,47,63.5,693.6288015346706,0.0,0.0,0.0,0.0,0.0,0.0,0.0,0,0,0,0,0,0.0144169330596923,0.0,0.0,0.0,0.0,0.0,0.0,0.0,0.0,0.0,0.0,0.0,0.0,0.0,1.0,1.0,5206,511,529,520.6,6.94742158406028,520.6,0.0015503883361816,10,0.1508007216564828,81.0
0.0,47,63.5,1052.2061110832371,0.0,0.0,0.0,0.0,0.0,0.0,0.0,0,0,0,0,0,0.0095038414001464,0.0,0.0,0.0,0.0,0.0,0.0,0.0,0.0,0.0,0.0,0.0,0.0,0.0,1.0,1.0,5840,562,625,584.0,22.617593938249836,584.0,0.0014739036560058,10,0.0702734930666855,992.25
0.0,47,63.5,547.4949418475636,0.0,0.0,0.0,0.0,0.0,0.0,0.0,0,0,0,0,0,0.0182650089263916,0.0,0.0,0.0,0.0,0.0,0.0,0.0,0.0,0.0,0.0,0.0,0.0,0.0,1.0,1.0,5822,576,586,582.2,3.910100879630715,582.2,0.0020135164260864,10,0.0387949886943264,15.6875
0.0,47,63.5,5837.583855254002,0.0,0.0,0.0,0.0,0.0,0.0,0.0,0,0,0,0,0,0.0017130374908447,0.0,0.0,0.0,0.0,0.0,0.0,0.0,0.0,0.0,0.0,0.0,0.0,0.0,1.0,1.0,5832,577,590,583.2,4.685675570881488,583.2,0.0003270864486694,10,0.0374067968005542,28.222222222222225
0.0,47,63.5,843.2287247944352,0.0,0.0,0.0,0.0,0.0,0.0,0.0,0,0,0,0,0,0.0118591785430908,0.0,0.0,0.0,0.0,0.0,0.0,0.0,0.0,0.0,0.0,0.0,0.0,0.0,1.0,1.0,5828,580,588,582.8,3.0840089349921005,582.8,0.0018499135971069,10,0.0316419518797584,9.6875
0.0,47,63.5,684.9744418859112,0.0,0.0,0.0,0.0,0.0,0.0,0.0,0,0,0,0,0,0.0145990848541259,0.0,0.0,0.0,0.0,0.0,0.0,0.0,0.0,0.0,0.0,0.0,0.0,0.0,1.0,1.0,5876,571,634,587.6,24.97643333669205,587.6,0.0015810012817382,10,0.0558972198840349,992.25
0.0,47,63.5,1093.1491568714328,0.0,0.0,0.0,0.0,0.0,0.0,0.0,0,0,0,0,0,0.0091478824615478,0.0,0.0,0.0,0.0,0.0,0.0,0.0,0.0,0.0,0.0,0.0,0.0,0.0,1.0,1.0,5780,573,582,578.0,3.829708431025352,578.0,0.001242184638977,10,0.0438746300264624,13.2
0.0,47,63.5,775.8608953015168,0.0,0.0,0.0,0.0,0.0,0.0,0.0,0,0,0,0,0,0.0128889083862304,0.0,0.0,0.0,0.0,0.0,0.0,0.0,0.0,0.0,0.0,0.0,0.0,0.0,1.0,1.0,5776,571,584,577.6,4.742245131674331,577.6,0.0012903928756713,10,0.0476546209768389,24.5
0.0,47,63.5,75166.73835125448,0.0,0.0,0.0,0.0,0.0,0.0,0.0,0,0,0,0,0,0.0001330375671386,0.0,0.0,0.0,0.0,0.0,0.0,0.0,0.0,0.0,0.0,0.0,0.0,0.0,1.0,1.0,5802,572,585,580.2,5.513619500836089,580.2,1.571178436279297e-05,10,0.0462647180398606,29.6875
0.0,47,63.5,74631.743772242,0.0,0.0,0.0,0.0,0.0,0.0,0.0,0,0,0,0,0,0.000133991241455,0.0,0.0,0.0,0.0,0.0,0.0,0.0,0.0,0.0,0.0,0.0,0.0,0.0,1.0,1.0,5270,461,577,527.0,39.66526608171604,527.0,1.5807151794433593e-05,10,0.2493351627910478,3364.0
0.0,47,63.5,2602.7328575861,0.0,0.0,0.0,0.0,0.0,0.0,0.0,0,0,0,0,0,0.0038421154022216,0.0,0.0,0.0,0.0,0.0,0.0,0.0,0.0,0.0,0.0,0.0,0.0,0.0,1.0,1.0,5292,516,539,529.2,7.983315935958774,529.2,0.0007637977600097,10,0.1427020535796722,94.8888888888889
0.0,47,63.5,1396.844173577114,0.0,0.0,0.0,0.0,0.0,0.0,0.0,0,0,0,0,0,0.0071589946746826,0.0,0.0,0.0,0.0,0.0,0.0,0.0,0.0,0.0,0.0,0.0,0.0,0.0,1.0,1.0,5350,526,544,535.0,6.733003292241386,535.0,0.00101318359375,10,0.1251514262211274,40.8
0.0,47,63.5,82727.88954635109,0.0,0.0,0.0,0.0,0.0,0.0,0.0,0,0,0,0,0,0.0001208782196044,0.0,0.0,0.0,0.0,0.0,0.0,0.0,0.0,0.0,0.0,0.0,0.0,0.0,1.0,1.0,5384,531,552,538.4,7.848566748139433,538.4,0.0007646083831787,10,0.117085212150522,60.1875
0.0,47,63.5,3847.632327309421,0.0,0.0,0.0,0.0,0.0,0.0,0.0,0,0,0,0,0,0.0025990009307861,0.0,0.0,0.0,0.0,0.0,0.0,0.0,0.0,0.0,0.0,0.0,0.0,0.0,1.0,1.0,5096,420,563,509.6,50.43631848402719,509.6,0.0002614974975585,10,0.3235921886976534,5112.25
0.0,47,63.5,1233.9454561501575,0.0,0.0,0.0,0.0,0.0,0.0,0.0,0,0,0,0,0,0.0081040859222412,0.0,0.0,0.0,0.0,0.0,0.0,0.0,0.0,0.0,0.0,0.0,0.0,0.0,1.0,1.0,5204,514,528,520.4,4.880801391392834,520.4,0.0009904146194458,10,0.1448464732547977,26.0
0.0,47,63.5,2696.2612496785805,0.0,0.0,0.0,0.0,0.0,0.0,0.0,0,0,0,0,0,0.0037088394165039,0.0,0.0,0.0,0.0,0.0,0.0,0.0,0.0,0.0,0.0,0.0,0.0,0.0,1.0,1.0,5202,512,529,520.2,6.972963661329537,520.2,0.0003724813461303,10,0.1491069964770792,50.88888888888889
0.0,47,63.5,713.219970072099,0.0,0.0,0.0,0.0,0.0,0.0,0.0,0,0,0,0,0,0.0140209197998046,0.0,0.0,0.0,0.0,0.0,0.0,0.0,0.0,0.0,0.0,0.0,0.0,0.0,1.0,1.0,5252,513,537,525.2,8.469553313683862,525.2,0.00140380859375,10,0.1480125172378622,144.0
0.0,47,63.5,1220.1256690714451,0.0,0.0,0.0,0.0,0.0,0.0,0.0,0,0,0,0,0,0.0081958770751953,0.0,0.0,0.0,0.0,0.0,0.0,0.0,0.0,0.0,0.0,0.0,0.0,0.0,1.0,1.0,5778,549,614,577.8,21.94336143600409,577.8,0.0008239984512329,10,0.0921525277145706,1056.25
0.0,47,63.5,3506.356796522321,0.0,0.0,0.0,0.0,0.0,0.0,0.0,0,0,0,0,0,0.0028519630432128,0.0,0.0,0.0,0.0,0.0,0.0,0.0,0.0,0.0,0.0,0.0,0.0,0.0,1.0,1.0,5774,574,582,577.4,3.627058802329452,577.4,0.0002880096435546,10,0.0420879486737169,11.84
0.0,47,63.5,8459.669221460266,0.0,0.0,0.0,0.0,0.0,0.0,0.0,0,0,0,0,0,0.0011820793151855,0.0,0.0,0.0,0.0,0.0,0.0,0.0,0.0,0.0,0.0,0.0,0.0,0.0,1.0,1.0,5770,574,580,577.0,2.10818510677892,577.0,0.0001204967498779,10,0.0414692202850974,4.6875
0.0,47,63.5,1922.669722667889,0.0,0.0,0.0,0.0,0.0,0.0,0.0,0,0,0,0,0,0.0052011013031005,0.0,0.0,0.0,0.0,0.0,0.0,0.0,0.0,0.0,0.0,0.0,0.0,0.0,1.0,1.0,5774,576,580,577.4,1.577621275493231,577.4,0.0006005048751831,10,0.0378448298027849,2.2469135802469133
0.0,47,63.5,1044.5024404821197,0.0,0.0,0.0,0.0,0.0,0.0,0.0,0,0,0,0,0,0.0095739364624023,0.0,0.0,0.0,0.0,0.0,0.0,0.0,0.0,0.0,0.0,0.0,0.0,0.0,1.0,1.0,5446,499,590,544.6,30.69998190372249,544.6,0.0009593963623046,10,0.1809261246283004,2070.25
0.0,47,63.5,3460.0758950668205,0.0,0.0,0.0,0.0,0.0,0.0,0.0,0,0,0,0,0,0.0028901100158691,0.0,0.0,0.0,0.0,0.0,0.0,0.0,0.0,0.0,0.0,0.0,0.0,0.0,1.0,1.0,5472,539,564,547.2,9.342852288722586,547.2,0.0002922058105468,10,0.104060884308334,113.55555555555556
0.0,47,63.5,2324.486810019951,0.0,0.0,0.0,0.0,0.0,0.0,0.0,0,0,0,0,0,0.0043020248413085,0.0,0.0,0.0,0.0,0.0,0.0,0.0,0.0,0.0,0.0,0.0,0.0,0.0,1.0,1.0,5420,522,555,542.0,12.684198393626966,542.0,0.0004315853118896,10,0.1343922250576278,165.6875
0.0,47,63.5,2493.789167013497,0.0,0.0,0.0,0.0,0.0,0.0,0.0,0,0,0,0,0,0.0040099620819091,0.0,0.0,0.0,0.0,0.0,0.0,0.0,0.0,0.0,0.0,0.0,0.0,0.0,1.0,1.0,5432,530,554,543.2,8.416914187779536,543.2,0.0007069110870361,10,0.1190208641635338,76.5
0.0,47,63.5,2370.1989150090417,0.0,0.0,0.0,0.0,0.0,0.0,0.0,0,0,0,0,0,0.0042190551757812,0.0,0.0,0.0,0.0,0.0,0.0,0.0,0.0,0.0,0.0,0.0,0.0,0.0,1.0,1.0,5780,578,578,578.0,0.0,578.0,0.000516390800476,10,0.0,0.0
0.0,47,63.6,1768.7037193219196,0.0,0.0,0.0,0.0,0.0,0.0,0.0,0,0,0,0,0,0.0028269290924072,0.0,0.0,0.0,0.0,0.0,0.0,0.0,0.0,0.0,0.0,0.0,0.0,0.0,1.0,1.0,2890,578,578,578.0,0.0,578.0,0.0005695819854736,5,0.0,0.0
0.0,47,63.5,1183.5611490490437,0.0,0.0,0.0,0.0,0.0,0.0,0.0,0,0,0,0,0,0.0084490776062011,0.0,0.0,0.0,0.0,0.0,0.0,0.0,0.0,0.0,0.0,0.0,0.0,0.0,1.0,1.0,5780,578,578,578.0,0.0,578.0,0.0008449077606201,10,0.0,0.0
0.0,47,63.5,99864.38095238096,0.0,0.0,0.0,0.0,0.0,0.0,0.0,0,0,0,0,0,0.0001001358032226,0.0,0.0,0.0,0.0,0.0,0.0,0.0,0.0,0.0,0.0,0.0,0.0,0.0,1.0,1.0,5780,578,578,578.0,0.0,578.0,1.0609626770019531e-05,10,0.0,0.0
0.0,47,63.5,2186.81126173097,0.0,0.0,0.0,0.0,0.0,0.0,0.0,0,0,0,0,0,0.0045728683471679,0.0,0.0,0.0,0.0,0.0,0.0,0.0,0.0,0.0,0.0,0.0,0.0,0.0,1.0,1.0,5558,481,584,555.8,41.58204740830671,555.8,0.0004578828811645,10,0.2160333828322478,1920.204081632653
0.0,47,63.5,952.5797733415094,0.0,0.0,0.0,0.0,0.0,0.0,0.0,0,0,0,0,0,0.0104978084564208,0.0,0.0,0.0,0.0,0.0,0.0,0.0,0.0,0.0,0.0,0.0,0.0,0.0,1.0,1.0,5440,531,562,544.0,11.489125293076055,544.0,0.0010509014129638,10,0.1185682300793874,118.8
0.0,47,63.5,2455.250248785342,0.0,0.0,0.0,0.0,0.0,0.0,0.0,0,0,0,0,0,0.0040729045867919,0.0,0.0,0.0,0.0,0.0,0.0,0.0,0.0,0.0,0.0,0.0,0.0,0.0,1.0,1.0,5391,517,562,539.1,12.022663783223932,539.1,0.0004090070724487,10,0.1426433923187341,130.08999999999995
0.0,47,63.5,1134.423498228437,0.0,0.0,0.0,0.0,0.0,0.0,0.0,0,0,0,0,0,0.008815050125122,0.0,0.0,0.0,0.0,0.0,0.0,0.0,0.0,0.0,0.0,0.0,0.0,0.0,1.0,1.0,5322,517,553,532.2,8.879439421745296,532.2,0.0008831024169921,10,0.1413629684428421,72.25
0.0,47,63.5,1430.185153612712,0.0,0.0,0.0,0.0,0.0,0.0,0.0,0,0,0,0,0,0.0069921016693115,0.0,0.0,0.0,0.0,0.0,0.0,0.0,0.0,0.0,0.0,0.0,0.0,0.0,1.0,1.0,5448,505,592,544.8,29.555221384911174,544.8,0.000700306892395,10,0.1702350149833574,873.5061728395062
0.0,47,63.5,881.0637538073731,0.0,0.0,0.0,0.0,0.0,0.0,0.0,0,0,0,0,0,0.0113499164581298,0.0,0.0,0.0,0.0,0.0,0.0,0.0,0.0,0.0,0.0,0.0,0.0,0.0,1.0,1.0,5468,542,555,546.8,3.7653389990514494,546.8,0.0011369943618774,10,0.0966764384946536,12.76
0.0,47,63.5,6459.73201909749,0.0,0.0,0.0,0.0,0.0,0.0,0.0,0,0,0,0,0,0.0015480518341064,0.0,0.0,0.0,0.0,0.0,0.0,0.0,0.0,0.0,0.0,0.0,0.0,0.0,1.0,1.0,5479,543,555,547.9,4.121757985239901,547.9,0.0001574993133544,10,0.0951174993328673,36.0
0.0,47,63.5,1311.293690989808,0.0,0.0,0.0,0.0,0.0,0.0,0.0,0,0,0,0,0,0.0076260566711425,0.0,0.0,0.0,0.0,0.0,0.0,0.0,0.0,0.0,0.0,0.0,0.0,0.0,1.0,1.0,5493,546,553,549.3,3.056868404829433,549.3,0.0007646083831787,10,0.0895713159133913,10.8
0.0,47,63.5,3217.477753912243,0.0,0.0,0.0,0.0,0.0,0.0,0.0,0,0,0,0,0,0.0031080245971679,0.0,0.0,0.0,0.0,0.0,0.0,0.0,0.0,0.0,0.0,0.0,0.0,0.0,1.0,1.0,5729,548,631,572.9,32.831048989908595,572.9,0.0003123998641967,10,0.0982918661165291,1062.6666666666667
0.0,47,63.5,59158.02538787024,0.0,0.0,0.0,0.0,0.0,0.0,0.0,0,0,0,0,0,0.000169038772583,0.0,0.0,0.0,0.0,0.0,0.0,0.0,0.0,0.0,0.0,0.0,0.0,0.0,1.0,1.0,5835,581,587,583.5,2.6352313834736494,583.5,1.8286705017089844e-05,10,0.0297550078563718,6.25
0.0,47,63.5,861.0235460759961,0.0,0.0,0.0,0.0,0.0,0.0,0.0,0,0,0,0,0,0.0116140842437744,0.0,0.0,0.0,0.0,0.0,0.0,0.0,0.0,0.0,0.0,0.0,0.0,0.0,1.0,1.0,5820,579,587,582.0,2.6246692913372702,582.0,0.0012304067611694,10,0.0331589652825192,12.25
0.0,47,63.5,70969.61082910321,0.0,0.0,0.0,0.0,0.0,0.0,0.0,0,0,0,0,0,0.000140905380249,0.0,0.0,0.0,0.0,0.0,0.0,0.0,0.0,0.0,0.0,0.0,0.0,0.0,1.0,1.0,5794,569,587,579.4,6.221825384170718,579.4,1.5687942504882812e-05,10,0.0516656027884957,47.3469387755102
0.0,47,63.5,50963.59659781288,0.0,0.0,0.0,0.0,0.0,0.0,0.0,0,0,0,0,0,0.0001962184906005,0.0,0.0,0.0,0.0,0.0,0.0,0.0,0.0,0.0,0.0,0.0,0.0,0.0,1.0,1.0,5795,578,583,579.5,1.7795130420052183,579.5,2.1219253540039062e-05,10,0.0345188124327912,2.888888888888889
0.0,47,63.5,3491.761571761572,0.0,0.0,0.0,0.0,0.0,0.0,0.0,0,0,0,0,0,0.0028638839721679,0.0,0.0,0.0,0.0,0.0,0.0,0.0,0.0,0.0,0.0,0.0,0.0,0.0,1.0,1.0,5780,578,578,578.0,0.0,578.0,0.0002874851226806,10,0.0,0.0
0.0,47,63.5,4861.270282800186,0.0,0.0,0.0,0.0,0.0,0.0,0.0,0,0,0,0,0,0.0020570755004882,0.0,0.0,0.0,0.0,0.0,0.0,0.0,0.0,0.0,0.0,0.0,0.0,0.0,1.0,1.0,5780,578,578,578.0,0.0,578.0,0.000206708908081,10,0.0,0.0
0.0,47,63.5,485.5586297912735,0.0,0.0,0.0,0.0,0.0,0.0,0.0,0,0,0,0,0,0.020594835281372,0.0,0.0,0.0,0.0,0.0,0.0,0.0,0.0,0.0,0.0,0.0,0.0,0.0,1.0,1.0,5780,578,578,578.0,0.0,578.0,0.0020604848861694,10,0.0,0.0
0.0,47,63.5,30772.589875275127,0.0,0.0,0.0,0.0,0.0,0.0,0.0,0,0,0,0,0,0.0003249645233154,0.0,0.0,0.0,0.0,0.0,0.0,0.0,0.0,0.0,0.0,0.0,0.0,0.0,1.0,1.0,5791,548,614,579.1,22.06278918601786,579.1,3.550052642822266e-05,10,0.0939053078028162,486.22222222222223
0.0,47,63.5,2387.8758895530887,0.0,0.0,0.0,0.0,0.0,0.0,0.0,0,0,0,0,0,0.0041878223419189,0.0,0.0,0.0,0.0,0.0,0.0,0.0,0.0,0.0,0.0,0.0,0.0,0.0,1.0,1.0,5802,577,581,580.2,1.2292725943057186,580.2,0.0004199028015136,10,0.0359987964840163,4.0
0.0,47,63.5,19915.97340930674,0.0,0.0,0.0,0.0,0.0,0.0,0.0,0,0,0,0,0,0.0005021095275878,0.0,0.0,0.0,0.0,0.0,0.0,0.0,0.0,0.0,0.0,0.0,0.0,0.0,1.0,1.0,5779,575,582,577.9,2.2335820757001272,577.9,5.080699920654297e-05,10,0.0398161719943572,4.8
0.0,47,63.5,114912.43835616438,0.0,0.0,0.0,0.0,0.0,0.0,0.0,0,0,0,0,0,8.702278137207031e-05,0.0,0.0,0.0,0.0,0.0,0.0,0.0,0.0,0.0,0.0,0.0,0.0,0.0,1.0,1.0,5757,572,582,575.7,2.98328677803526,575.7,9.107589721679688e-06,10,0.0452339617019004,25.0
0.0,47,63.5,102051.19221411191,0.0,0.0,0.0,0.0,0.0,0.0,0.0,0,0,0,0,0,9.79900360107422e-05,0.0,0.0,0.0,0.0,0.0,0.0,0.0,0.0,0.0,0.0,0.0,0.0,0.0,1.0,1.0,5688,529,601,568.8,25.594270192108752,568.8,1.0395050048828124e-05,10,0.1277223619054574,606.6666666666666
0.0,47,63.5,502.08336325983385,0.0,0.0,0.0,0.0,0.0,0.0,0.0,0,0,0,0,0,0.0199170112609863,0.0,0.0,0.0,0.0,0.0,0.0,0.0,0.0,0.0,0.0,0.0,0.0,0.0,1.0,1.0,5534,549,555,553.4,1.837873166945363,553.4,0.0019922018051147,10,0.0839623560132869,4.0
0.0,47,63.5,48044.71935853379,0.0,0.0,0.0,0.0,0.0,0.0,0.0,0,0,0,0,0,0.0002081394195556,0.0,0.0,0.0,0.0,0.0,0.0,0.0,0.0,0.0,0.0,0.0,0.0,0.0,1.0,1.0,5566,553,561,556.6,3.3065591380365986,556.6,2.2101402282714844e-05,10,0.0777441199304706,15.36
0.0,47,63.5,46551.65371809101,0.0,0.0,0.0,0.0,0.0,0.0,0.0,0,0,0,0,0,0.0002148151397705,0.0,0.0,0.0,0.0,0.0,0.0,0.0,0.0,0.0,0.0,0.0,0.0,0.0,1.0,1.0,5570,551,561,557.0,3.559026084010437,557.0,2.2482872009277343e-05,10,0.0812552248655825,12.234375
0.0,47,63.5,29495.80872011252,0.0,0.0,0.0,0.0,0.0,0.0,0.0,0,0,0,0,0,0.0003390312194824,0.0,0.0,0.0,0.0,0.0,0.0,0.0,0.0,0.0,0.0,0.0,0.0,0.0,1.0,1.0,5679,554,578,567.9,10.908202825804482,567.9,3.511905670166016e-05,10,0.0791365955031197,107.09
0.0,47,63.5,35335.33277169334,0.0,0.0,0.0,0.0,0.0,0.0,0.0,0,0,0,0,0,0.0002830028533935,0.0,0.0,0.0,0.0,0.0,0.0,0.0,0.0,0.0,0.0,0.0,0.0,0.0,1.0,1.0,5780,578,578,578.0,0.0,578.0,3.0088424682617188e-05,10,0.0,0.0
0.0,47,63.5,12405.513161786454,0.0,0.0,0.0,0.0,0.0,0.0,0.0,0,0,0,0,0,0.0008060932159423,0.0,0.0,0.0,0.0,0.0,0.0,0.0,0.0,0.0,0.0,0.0,0.0,0.0,1.0,1.0,5780,578,578,578.0,0.0,578.0,8.18014144897461e-05,10,0.0,0.0
0.0,47,63.5,1144.2963932995035,0.0,0.0,0.0,0.0,0.0,0.0,0.0,0,0,0,0,0,0.0087389945983886,0.0,0.0,0.0,0.0,0.0,0.0,0.0,0.0,0.0,0.0,0.0,0.0,0.0,1.0,1.0,5780,578,578,578.0,0.0,578.0,0.0008754968643188,10,0.0,0.0
0.0,47,63.5,7266.638946638946,0.0,0.0,0.0,0.0,0.0,0.0,0.0,0,0,0,0,0,0.0013761520385742,0.0,0.0,0.0,0.0,0.0,0.0,0.0,0.0,0.0,0.0,0.0,0.0,0.0,1.0,1.0,5861,567,630,586.1,23.55820215739921,586.1,0.0001392126083374,10,0.0621360092308381,544.7654320987654
0.0,47,63.5,372.5521615163924,0.0,0.0,0.0,0.0,0.0,0.0,0.0,0,0,0,0,0,0.0268418788909912,0.0,0.0,0.0,0.0,0.0,0.0,0.0,0.0,0.0,0.0,0.0,0.0,0.0,1.0,1.0,5814,577,585,581.4,3.3065591380365986,581.4,0.0026857852935791,10,0.0368449999304706,16.0
0.0,47,63.5,46040.6586169045,0.0,0.0,0.0,0.0,0.0,0.0,0.0,0,0,0,0,0,0.0002171993255615,0.0,0.0,0.0,0.0,0.0,0.0,0.0,0.0,0.0,0.0,0.0,0.0,0.0,1.0,1.0,5815,577,587,581.5,3.4075080500434787,581.5,2.281665802001953e-05,10,0.0368861224792657,18.56
0.0,47,63.5,1004.407193658852,0.0,0.0,0.0,0.0,0.0,0.0,0.0,0,0,0,0,0,0.0099561214447021,0.0,0.0,0.0,0.0,0.0,0.0,0.0,0.0,0.0,0.0,0.0,0.0,0.0,1.0,1.0,5809,573,587,580.9,4.605552204797065,580.9,0.0009964942932128,10,0.0441906777461461,19.09
0.0,47,63.5,7564.119026149684,0.0,0.0,0.0,0.0,0.0,0.0,0.0,0,0,0,0,0,0.0013220310211181,0.0,0.0,0.0,0.0,0.0,0.0,0.0,0.0,0.0,0.0,0.0,0.0,0.0,1.0,1.0,5470,439,589,547.0,60.64102022008974,547.0,0.0001343965530395,10,0.2953707059968558,4472.489795918367
0.0,47,63.5,128266.17737003058,0.0,0.0,0.0,0.0,0.0,0.0,0.0,0,0,0,0,0,7.796287536621094e-05,0.0,0.0,0.0,0.0,0.0,0.0,0.0,0.0,0.0,0.0,0.0,0.0,0.0,1.0,1.0,5284,519,539,528.4,7.705697747626607,528.4,8.89301300048828e-06,10,0.1374765730344732,100.0
0.0,47,63.5,128266.17737003058,0.0,0.0,0.0,0.0,0.0,0.0,0.0,0,0,0,0,0,7.796287536621094e-05,0.0,0.0,0.0,0.0,0.0,0.0,0.0,0.0,0.0,0.0,0.0,0.0,0.0,1.0,1.0,5248,513,535,524.8,8.416914187779536,524.8,8.20159912109375e-06,10,0.1479910741635338,97.2
0.0,47,63.5,135300.12903225806,0.0,0.0,0.0,0.0,0.0,0.0,0.0,0,0,0,0,0,7.390975952148438e-05,0.0,0.0,0.0,0.0,0.0,0.0,0.0,0.0,0.0,0.0,0.0,0.0,0.0,1.0,1.0,5289,524,537,528.9,4.90917508345343,528.9,7.796287536621094e-06,10,0.1278167315619956,23.061728395061728
0.0,47,63.5,124830.47619047618,0.0,0.0,0.0,0.0,0.0,0.0,0.0,0,0,0,0,0,8.0108642578125e-05,0.0,0.0,0.0,0.0,0.0,0.0,0.0,0.0,0.0,0.0,0.0,0.0,0.0,1.0,1.0,5503,526,603,550.3,29.518544077315948,550.3,8.416175842285156e-06,10,0.1344333441153354,851.4320987654322
0.0,47,63.5,133152.50793650793,0.0,0.0,0.0,0.0,0.0,0.0,0.0,0,0,0,0,0,7.510185241699219e-05,0.0,0.0,0.0,0.0,0.0,0.0,0.0,0.0,0.0,0.0,0.0,0.0,0.0,1.0,1.0,5592,552,563,559.2,4.1311822359545785,559.2,7.891654968261719e-06,10,0.0797841683956384,17.061728395061728
0.0,47,63.5,50291.41486810552,0.0,0.0,0.0,0.0,0.0,0.0,0.0,0,0,0,0,0,0.0001988410949707,0.0,0.0,0.0,0.0,0.0,0.0,0.0,0.0,0.0,0.0,0.0,0.0,0.0,1.0,1.0,5617,558,564,561.7,2.311805451253293,561.7,2.0289421081542967e-05,10,0.0688182470686225,4.8100000000000005
0.0,47,63.5,65741.44200626959,0.0,0.0,0.0,0.0,0.0,0.0,0.0,0,0,0,0,0,0.0001521110534667,0.0,0.0,0.0,0.0,0.0,0.0,0.0,0.0,0.0,0.0,0.0,0.0,0.0,1.0,1.0,5570,556,558,557.0,0.9428090415820634,557.0,1.6021728515625e-05,10,0.0,0.8
0.0,47,63.5,2570.669281686688,0.0,0.0,0.0,0.0,0.0,0.0,0.0,0,0,0,0,0,0.003890037536621,0.0,0.0,0.0,0.0,0.0,0.0,0.0,0.0,0.0,0.0,0.0,0.0,0.0,1.0,1.0,5688,558,578,568.8,9.80702695916442,568.8,0.0003898859024047,10,0.0718715005020852,86.56
0.0,47,63.5,1447.6095810036584,0.0,0.0,0.0,0.0,0.0,0.0,0.0,0,0,0,0,0,0.0069079399108886,0.0,0.0,0.0,0.0,0.0,0.0,0.0,0.0,0.0,0.0,0.0,0.0,0.0,1.0,1.0,5780,578,578,578.0,0.0,578.0,0.000691795349121,10,0.0,0.0
0.0,47,63.5,6153.615023474178,0.0,0.0,0.0,0.0,0.0,0.0,0.0,0,0,0,0,0,0.0016250610351562,0.0,0.0,0.0,0.0,0.0,0.0,0.0,0.0,0.0,0.0,0.0,0.0,0.0,1.0,1.0,5780,578,578,578.0,0.0,578.0,0.0001634120941162,10,0.0,0.0
0.0,47,63.5,1566.6171142569003,0.0,0.0,0.0,0.0,0.0,0.0,0.0,0,0,0,0,0,0.0063831806182861,0.0,0.0,0.0,0.0,0.0,0.0,0.0,0.0,0.0,0.0,0.0,0.0,0.0,1.0,1.0,5780,578,578,578.0,0.0,578.0,0.0006396055221557,10,0.0,0.0
0.0,47,63.5,2662.374000253904,0.0,0.0,0.0,0.0,0.0,0.0,0.0,0,0,0,0,0,0.003756046295166,0.0,0.0,0.0,0.0,0.0,0.0,0.0,0.0,0.0,0.0,0.0,0.0,0.0,1.0,1.0,5563,484,585,556.3,40.70230678693503,556.3,0.0003773927688598,10,0.2105626216927258,1803.265306122449
0.0,47,63.5,491.7408992320769,0.0,0.0,0.0,0.0,0.0,0.0,0.0,0,0,0,0,0,0.0203359127044677,0.0,0.0,0.0,0.0,0.0,0.0,0.0,0.0,0.0,0.0,0.0,0.0,0.0,1.0,1.0,5467,534,565,546.7,11.576316819745005,546.7,0.0020339965820312,10,0.1134913584196913,168.47222222222223
0.0,47,63.5,91779.08096280089,0.0,0.0,0.0,0.0,0.0,0.0,0.0,0,0,0,0,0,0.0001089572906494,0.0,0.0,0.0,0.0,0.0,0.0,0.0,0.0,0.0,0.0,0.0,0.0,0.0,1.0,1.0,5480,537,556,548.0,6.616477747093069,548.0,1.1801719665527344e-05,10,0.1063585283750558,55.91836734693878
0.0,47,63.5,97997.7570093458,0.0,0.0,0.0,0.0,0.0,0.0,0.0,0,0,0,0,0,0.0001020431518554,0.0,0.0,0.0,0.0,0.0,0.0,0.0,0.0,0.0,0.0,0.0,0.0,0.0,1.0,1.0,5483,539,561,548.3,8.628763269180325,548.3,1.0704994201660156e-05,10,0.1037699930053333,67.87654320987654
0.0,47,63.5,5913.300437050613,0.0,0.0,0.0,0.0,0.0,0.0,0.0,0,0,0,0,0,0.0016911029815673,0.0,0.0,0.0,0.0,0.0,0.0,0.0,0.0,0.0,0.0,0.0,0.0,0.0,1.0,1.0,5626,541,614,562.6,29.01800207534013,562.6,0.0001698017120361,10,0.1086674933254106,816.4444444444445
0.0,47,63.5,129854.61300309598,0.0,0.0,0.0,0.0,0.0,0.0,0.0,0,0,0,0,0,7.700920104980469e-05,0.0,0.0,0.0,0.0,0.0,0.0,0.0,0.0,0.0,0.0,0.0,0.0,0.0,1.0,1.0,5791,575,582,579.1,2.685351208149711,579.1,8.082389831542968e-06,10,0.0400002046681519,7.918367346938775
0.0,47,63.5,8772.859234469775,0.0,0.0,0.0,0.0,0.0,0.0,0.0,0,0,0,0,0,0.0011398792266845,0.0,0.0,0.0,0.0,0.0,0.0,0.0,0.0,0.0,0.0,0.0,0.0,0.0,1.0,1.0,5799,577,582,579.9,1.66332999331662,579.9,0.0001827001571655,10,0.0361756141060774,2.49
0.0,47,63.5,2037.8505490234184,0.0,0.0,0.0,0.0,0.0,0.0,0.0,0,0,0,0,0,0.0049071311950683,0.0,0.0,0.0,0.0,0.0,0.0,0.0,0.0,0.0,0.0,0.0,0.0,0.0,1.0,1.0,5759,570,582,575.9,4.3576242252962665,575.9,0.000491714477539,10,0.0492020718044166,17.09
0.0,47,63.5,708.9164201808502,0.0,0.0,0.0,0.0,0.0,0.0,0.0,0,0,0,0,0,0.0141060352325439,0.0,0.0,0.0,0.0,0.0,0.0,0.0,0.0,0.0,0.0,0.0,0.0,0.0,1.0,1.0,5562,480,584,556.2,41.94122872147008,556.2,0.0014108896255493,10,0.2178838289319781,1977.061224489796
0.0,47,63.5,45839.38797814208,0.0,0.0,0.0,0.0,0.0,0.0,0.0,0,0,0,0,0,0.0002181529998779,0.0,0.0,0.0,0.0,0.0,0.0,0.0,0.0,0.0,0.0,0.0,0.0,0.0,1.0,1.0,5310,516,546,531.0,10.98483803552272,531.0,2.341270446777344e-05,10,0.1439247536221505,108.6
0.0,47,63.5,2100.8284497871277,0.0,0.0,0.0,0.0,0.0,0.0,0.0,0,0,0,0,0,0.0047600269317626,0.0,0.0,0.0,0.0,0.0,0.0,0.0,0.0,0.0,0.0,0.0,0.0,0.0,1.0,1.0,5375,516,547,537.5,10.606601717798211,537.5,0.0004776000976562,10,0.1437706752757623,240.25
0.0,47,63.5,153.98383176815256,0.0,0.0,0.0,0.0,0.0,0.0,0.0,0,0,0,0,0,0.0649418830871582,0.0,0.0,0.0,0.0,0.0,0.0,0.0,0.0,0.0,0.0,0.0,0.0,0.0,1.0,1.0,5341,524,543,534.1,7.187179944564874,534.1,0.0064973831176757,10,0.128744699622218,52.6875
0.0,47,63.5,2661.022712853699,0.0,0.0,0.0,0.0,0.0,0.0,0.0,0,0,0,0,0,0.0037579536437988,0.0,0.0,0.0,0.0,0.0,0.0,0.0,0.0,0.0,0.0,0.0,0.0,0.0,1.0,1.0,5397,489,587,539.7,33.93474129364576,539.7,0.0003775119781494,10,0.1992851362133796,1114.617283950617
0.0,47,63.5,1778.4531886024424,0.0,0.0,0.0,0.0,0.0,0.0,0.0,0,0,0,0,0,0.0056228637695312,0.0,0.0,0.0,0.0,0.0,0.0,0.0,0.0,0.0,0.0,0.0,0.0,0.0,1.0,1.0,5404,531,557,540.4,7.39669595908275,540.4,0.0005641937255859,10,0.1169011380658919,169.0
0.0,47,63.5,137068.75816993465,0.0,0.0,0.0,0.0,0.0,0.0,0.0,0,0,0,0,0,7.295608520507812e-05,0.0,0.0,0.0,0.0,0.0,0.0,0.0,0.0,0.0,0.0,0.0,0.0,0.0,1.0,1.0,5379,528,547,537.9,7.370361064576295,537.9,8.511543273925782e-06,10,0.1220028002832658,53.876543209876544
0.0,47,63.5,19645.45199063232,0.0,0.0,0.0,0.0,0.0,0.0,0.0,0,0,0,0,0,0.0005090236663818,0.0,0.0,0.0,0.0,0.0,0.0,0.0,0.0,0.0,0.0,0.0,0.0,0.0,1.0,1.0,5436,532,555,543.6,8.859395514869448,543.6,5.1188468933105466e-05,10,0.1157928533569372,70.64
0.0,47,63.5,98922.2641509434,0.0,0.0,0.0,0.0,0.0,0.0,0.0,0,0,0,0,0,0.000101089477539,0.0,0.0,0.0,0.0,0.0,0.0,0.0,0.0,0.0,0.0,0.0,0.0,0.0,1.0,1.0,5498,517,596,549.8,27.56326057151681,549.8,1.1110305786132813e-05,10,0.1489740098264131,759.1358024691358
0.0,47,63.5,78692.38273921201,0.0,0.0,0.0,0.0,0.0,0.0,0.0,0,0,0,0,0,0.0001270771026611,0.0,0.0,0.0,0.0,0.0,0.0,0.0,0.0,0.0,0.0,0.0,0.0,0.0,1.0,1.0,5530,548,556,553.0,2.8284271247461903,553.0,1.2993812561035156e-05,10,0.0860699980735365,7.2
0.0,47,63.5,87746.94560669456,0.0,0.0,0.0,0.0,0.0,0.0,0.0,0,0,0,0,0,0.0001139640808105,0.0,0.0,0.0,0.0,0.0,0.0,0.0,0.0,0.0,0.0,0.0,0.0,0.0,1.0,1.0,5483,543,557,548.3,4.967673276069772,548.3,1.270771026611328e-05,10,0.0954620913857397,24.617283950617285
0.0,47,63.5,3717.3659487724894,0.0,0.0,0.0,0.0,0.0,0.0,0.0,0,0,0,0,0,0.0026900768280029,0.0,0.0,0.0,0.0,0.0,0.0,0.0,0.0,0.0,0.0,0.0,0.0,0.0,1.0,1.0,5513,547,555,551.3,3.198958163736021,551.3,0.0002698898315429,10,0.0879250675975795,9.21
0.0,47,63.5,95108.9342403628,0.0,0.0,0.0,0.0,0.0,0.0,0.0,0,0,0,0,0,0.0001051425933837,0.0,0.0,0.0,0.0,0.0,0.0,0.0,0.0,0.0,0.0,0.0,0.0,0.0,1.0,1.0,5429,480,584,542.9,36.27809256286774,542.9,1.1110305786132813e-05,10,0.2155768937864098,1311.8024691358023
0.0,47,63.5,97090.37037037036,0.0,0.0,0.0,0.0,0.0,0.0,0.0,0,0,0,0,0,0.0001029968261718,0.0,0.0,0.0,0.0,0.0,0.0,0.0,0.0,0.0,0.0,0.0,0.0,0.0,1.0,1.0,5380,530,546,538.0,6.146362971528592,538.0,1.0895729064941409e-05,10,0.1180959324200818,34.69135802469136
0.0,47,63.5,101067.56626506025,0.0,0.0,0.0,0.0,0.0,0.0,0.0,0,0,0,0,0,9.894371032714844e-05,0.0,0.0,0.0,0.0,0.0,0.0,0.0,0.0,0.0,0.0,0.0,0.0,0.0,1.0,1.0,5346,524,546,534.6,7.545418035691151,534.6,1.0395050048828124e-05,10,0.1288906314910192,69.6734693877551
0.0,47,63.5,101067.56626506025,0.0,0.0,0.0,0.0,0.0,0.0,0.0,0,0,0,0,0,9.894371032714844e-05,0.0,0.0,0.0,0.0,0.0,0.0,0.0,0.0,0.0,0.0,0.0,0.0,0.0,1.0,1.0,5304,521,537,530.4,5.947922139518789,530.4,1.0395050048828124e-05,10,0.1333522655627544,51.84
0.0,47,63.5,76260.07272727272,0.0,0.0,0.0,0.0,0.0,0.0,0.0,0,0,0,0,0,0.0001311302185058,0.0,0.0,0.0,0.0,0.0,0.0,0.0,0.0,0.0,0.0,0.0,0.0,0.0,1.0,1.0,5149,422,563,514.9,51.36027431563989,514.9,1.3709068298339844e-05,10,0.3205603113452191,2643.5
0.0,47,63.5,959.9707040190424,0.0,0.0,0.0,0.0,0.0,0.0,0.0,0,0,0,0,0,0.0104169845581054,0.0,0.0,0.0,0.0,0.0,0.0,0.0,0.0,0.0,0.0,0.0,0.0,0.0,1.0,1.0,5184,509,529,518.4,7.306009702825323,518.4,0.0010422945022583,10,0.1543550561125429,84.0
0.0,47,63.5,98922.2641509434,0.0,0.0,0.0,0.0,0.0,0.0,0.0,0,0,0,0,0,0.000101089477539,0.0,0.0,0.0,0.0,0.0,0.0,0.0,0.0,0.0,0.0,0.0,0.0,0.0,1.0,1.0,5143,509,524,514.3,4.321779468896786,514.3,1.0704994201660156e-05,10,0.1531394000844498,56.25
0.0,47,63.5,102051.19221411191,0.0,0.0,0.0,0.0,0.0,0.0,0.0,0,0,0,0,0,9.79900360107422e-05,0.0,0.0,0.0,0.0,0.0,0.0,0.0,0.0,0.0,0.0,0.0,0.0,0.0,1.0,1.0,5197,511,526,519.7,4.98998997994986,519.7,1.0395050048828124e-05,10,0.1500033423182324,33.84
0.0,47,63.5,94254.02247191012,0.0,0.0,0.0,0.0,0.0,0.0,0.0,0,0,0,0,0,0.0001060962677001,0.0,0.0,0.0,0.0,0.0,0.0,0.0,0.0,0.0,0.0,0.0,0.0,0.0,1.0,1.0,5452,511,578,545.2,34.58580312466052,545.2,1.1205673217773438e-05,10,0.1620594927608617,1076.56
0.0,47,63.5,15923.705391040245,0.0,0.0,0.0,0.0,0.0,0.0,0.0,0,0,0,0,0,0.0006279945373535,0.0,0.0,0.0,0.0,0.0,0.0,0.0,0.0,0.0,0.0,0.0,0.0,0.0,1.0,1.0,5780,578,578,578.0,0.0,578.0,6.339550018310546e-05,10,0.0,0.0
0.0,47,63.5,172605.10288065844,0.0,0.0,0.0,0.0,0.0,0.0,0.0,0,0,0,0,0,5.793571472167969e-05,0.0,0.0,0.0,0.0,0.0,0.0,0.0,0.0,0.0,0.0,0.0,0.0,0.0,1.0,1.0,5780,578,578,578.0,0.0,578.0,6.198883056640625e-06,10,0.0,0.0
0.0,47,63.5,172605.10288065844,0.0,0.0,0.0,0.0,0.0,0.0,0.0,0,0,0,0,0,5.793571472167969e-05,0.0,0.0,0.0,0.0,0.0,0.0,0.0,0.0,0.0,0.0,0.0,0.0,0.0,1.0,1.0,5780,578,578,578.0,0.0,578.0,6.103515625e-06,10,0.0,0.0
0.0,47,63.5,407.0361492551798,0.0,0.0,0.0,0.0,0.0,0.0,0.0,0,0,0,0,0,0.0245678424835205,0.0,0.0,0.0,0.0,0.0,0.0,0.0,0.0,0.0,0.0,0.0,0.0,0.0,1.0,1.0,5463,447,578,546.3,53.94863812512374,546.3,0.0024570941925048,10,0.2790114572266504,3502.244897959184
0.0,47,63.5,13586.990605766116,0.0,0.0,0.0,0.0,0.0,0.0,0.0,0,0,0,0,0,0.0007359981536865,0.0,0.0,0.0,0.0,0.0,0.0,0.0,0.0,0.0,0.0,0.0,0.0,0.0,1.0,1.0,5262,524,535,526.2,3.3266599866332403,526.2,7.419586181640625e-05,10,0.1271720782121549,16.6875
0.0,47,63.5,117487.50700280113,0.0,0.0,0.0,0.0,0.0,0.0,0.0,0,0,0,0,0,8.511543273925781e-05,0.0,0.0,0.0,0.0,0.0,0.0,0.0,0.0,0.0,0.0,0.0,0.0,0.0,1.0,1.0,5223,515,540,522.3,8.179242018671413,522.3,8.916854858398437e-06,10,0.144485996028726,60.21
0.0,47,63.5,151418.91696750902,0.0,0.0,0.0,0.0,0.0,0.0,0.0,0,0,0,0,0,6.604194641113281e-05,0.0,0.0,0.0,0.0,0.0,0.0,0.0,0.0,0.0,0.0,0.0,0.0,0.0,1.0,1.0,5350,526,540,535.0,5.14241620684717,535.0,7.295608520507813e-06,10,0.1245034846660212,39.04
0.0,47,63.5,140748.45637583893,0.0,0.0,0.0,0.0,0.0,0.0,0.0,0,0,0,0,0,7.104873657226562e-05,0.0,0.0,0.0,0.0,0.0,0.0,0.0,0.0,0.0,0.0,0.0,0.0,0.0,1.0,1.0,5627,523,630,562.7,40.84945260071153,562.7,7.700920104980468e-06,10,0.1441614930114259,1617.8024691358023
0.0,47,63.5,171897.70491803277,0.0,0.0,0.0,0.0,0.0,0.0,0.0,0,0,0,0,0,5.817413330078125e-05,0.0,0.0,0.0,0.0,0.0,0.0,0.0,0.0,0.0,0.0,0.0,0.0,0.0,1.0,1.0,5803,577,583,580.3,1.888562063228706,580.3,6.103515625e-06,10,0.0362673646420768,3.555555555555556
0.0,47,63.5,1453.2774332143724,0.0,0.0,0.0,0.0,0.0,0.0,0.0,0,0,0,0,0,0.0068809986114501,0.0,0.0,0.0,0.0,0.0,0.0,0.0,0.0,0.0,0.0,0.0,0.0,0.0,1.0,1.0,5810,576,585,581.0,3.197221015541813,581.0,0.0006884813308715,10,0.0385045899528911,12.979591836734697
0.0,47,63.5,5428.816981620502,0.0,0.0,0.0,0.0,0.0,0.0,0.0,0,0,0,0,0,0.0018420219421386,0.0,0.0,0.0,0.0,0.0,0.0,0.0,0.0,0.0,0.0,0.0,0.0,0.0,1.0,1.0,5807,577,585,580.7,2.540778533354601,580.7,0.000185203552246,10,0.0365330515433473,5.8100000000000005
0.0,47,63.5,2956.858653507226,0.0,0.0,0.0,0.0,0.0,0.0,0.0,0,0,0,0,0,0.0033819675445556,0.0,0.0,0.0,0.0,0.0,0.0,0.0,0.0,0.0,0.0,0.0,0.0,0.0,1.0,1.0,5451,433,585,545.1,60.733388218050585,545.1,0.0003391981124877,10,0.3056331130245051,4570.69387755102
0.0,47,63.5,3432.8891798985105,0.0,0.0,0.0,0.0,0.0,0.0,0.0,0,0,0,0,0,0.0029129981994628,0.0,0.0,0.0,0.0,0.0,0.0,0.0,0.0,0.0,0.0,0.0,0.0,0.0,1.0,1.0,5275,514,538,527.5,7.8351061823621055,527.5,0.0002923011779785,10,0.146049938854447,144.0
0.0,47,63.5,1169.86137840627,0.0,0.0,0.0,0.0,0.0,0.0,0.0,0,0,0,0,0,0.0085480213165283,0.0,0.0,0.0,0.0,0.0,0.0,0.0,0.0,0.0,0.0,0.0,0.0,0.0,1.0,1.0,5274,524,531,527.4,2.590581230363393,527.4,0.0008552074432373,10,0.1268722291700008,9.0
0.0,47,63.5,138884.23841059604,0.0,0.0,0.0,0.0,0.0,0.0,0.0,0,0,0,0,0,7.200241088867188e-05,0.0,0.0,0.0,0.0,0.0,0.0,0.0,0.0,0.0,0.0,0.0,0.0,0.0,1.0,1.0,5201,506,532,520.1,9.746224340168292,520.1,7.605552673339843e-06,10,0.160461491947211,151.2
0.0,47,63.5,107546.2564102564,0.0,0.0,0.0,0.0,0.0,0.0,0.0,0,0,0,0,0,9.298324584960938e-05,0.0,0.0,0.0,0.0,0.0,0.0,0.0,0.0,0.0,0.0,0.0,0.0,0.0,1.0,1.0,5468,499,578,546.8,34.457058622129786,546.8,9.894371032714844e-06,10,0.1824566074003108,1068.56
0.0,47,63.5,2055.0240078392944,0.0,0.0,0.0,0.0,0.0,0.0,0.0,0,0,0,0,0,0.0048661231994628,0.0,0.0,0.0,0.0,0.0,0.0,0.0,0.0,0.0,0.0,0.0,0.0,0.0,1.0,1.0,5780,578,578,578.0,0.0,578.0,0.0004871129989624,10,0.0,0.0
0.0,47,63.5,518.5066508430995,0.0,0.0,0.0,0.0,0.0,0.0,0.0,0,0,0,0,0,0.0192861557006835,0.0,0.0,0.0,0.0,0.0,0.0,0.0,0.0,0.0,0.0,0.0,0.0,0.0,1.0,1.0,5780,578,578,578.0,0.0,578.0,0.0019289970397949,10,0.0,0.0
0.0,47,63.5,8064.418381080562,0.0,0.0,0.0,0.0,0.0,0.0,0.0,0,0,0,0,0,0.0012400150299072,0.0,0.0,0.0,0.0,0.0,0.0,0.0,0.0,0.0,0.0,0.0,0.0,0.0,1.0,1.0,5780,578,578,578.0,0.0,578.0,0.0001276969909667,10,0.0,0.0
0.0,47,63.5,100102.72076372316,0.0,0.0,0.0,0.0,0.0,0.0,0.0,0,0,0,0,0,9.989738464355467e-05,0.0,0.0,0.0,0.0,0.0,0.0,0.0,0.0,0.0,0.0,0.0,0.0,0.0,1.0,1.0,5780,578,578,578.0,0.0,578.0,1.049041748046875e-05,10,0.0,0.0
0.0,47,63.5,116185.70637119112,0.0,0.0,0.0,0.0,0.0,0.0,0.0,0,0,0,0,0,8.606910705566406e-05,0.0,0.0,0.0,0.0,0.0,0.0,0.0,0.0,0.0,0.0,0.0,0.0,0.0,1.0,1.0,5780,578,578,578.0,0.0,578.0,9.012222290039062e-06,10,0.0,0.0
0.0,47,63.5,163840.0,0.0,0.0,0.0,0.0,0.0,0.0,0.0,0,0,0,0,0,6.103515625e-05,0.0,0.0,0.0,0.0,0.0,0.0,0.0,0.0,0.0,0.0,0.0,0.0,0.0,1.0,1.0,5780,578,578,578.0,0.0,578.0,6.699562072753907e-06,10,0.0,0.0
0.0,47,63.5,804.9560511265497,0.0,0.0,0.0,0.0,0.0,0.0,0.0,0,0,0,0,0,0.012423038482666,0.0,0.0,0.0,0.0,0.0,0.0,0.0,0.0,0.0,0.0,0.0,0.0,0.0,1.0,1.0,5780,578,578,578.0,0.0,578.0,0.0012425899505615,10,0.0,0.0
0.0,47,63.5,108660.72538860104,0.0,0.0,0.0,0.0,0.0,0.0,0.0,0,0,0,0,0,9.202957153320312e-05,0.0,0.0,0.0,0.0,0.0,0.0,0.0,0.0,0.0,0.0,0.0,0.0,0.0,1.0,1.0,5376,420,578,537.6,64.4811772707526,537.6,1.0704994201660156e-05,10,0.3293135023730139,5094.693877551021
0.0,47,63.5,14146.050590219224,0.0,0.0,0.0,0.0,0.0,0.0,0.0,0,0,0,0,0,0.0007069110870361,0.0,0.0,0.0,0.0,0.0,0.0,0.0,0.0,0.0,0.0,0.0,0.0,0.0,1.0,1.0,5258,510,535,525.8,9.750213672872336,525.8,7.109642028808593e-05,10,0.1536465970417813,106.16
0.0,47,63.5,87746.94560669456,0.0,0.0,0.0,0.0,0.0,0.0,0.0,0,0,0,0,0,0.0001139640808105,0.0,0.0,0.0,0.0,0.0,0.0,0.0,0.0,0.0,0.0,0.0,0.0,0.0,1.0,1.0,5250,510,537,525.0,8.96908269804914,525.0,1.239776611328125e-05,10,0.1533283955278774,72.4
0.0,47,63.5,143150.3071672355,0.0,0.0,0.0,0.0,0.0,0.0,0.0,0,0,0,0,0,6.985664367675781e-05,0.0,0.0,0.0,0.0,0.0,0.0,0.0,0.0,0.0,0.0,0.0,0.0,0.0,1.0,1.0,5167,510,522,516.7,5.417051268397268,516.7,7.295608520507813e-06,10,0.1518814400046944,36.0
0.0,47,63.5,2018.1417504691333,0.0,0.0,0.0,0.0,0.0,0.0,0.0,0,0,0,0,0,0.0049550533294677,0.0,0.0,0.0,0.0,0.0,0.0,0.0,0.0,0.0,0.0,0.0,0.0,0.0,1.0,1.0,5551,518,620,555.1,38.98845983108336,555.1,0.0004960060119628,10,0.1519240489967901,1476.0
0.0,47,63.5,1005.6353697132444,0.0,0.0,0.0,0.0,0.0,0.0,0.0,0,0,0,0,0,0.0099439620971679,0.0,0.0,0.0,0.0,0.0,0.0,0.0,0.0,0.0,0.0,0.0,0.0,0.0,1.0,1.0,5801,574,581,580.1,2.2335820757001272,580.1,0.0009948015213012,10,0.0415203019943571,12.25
0.0,47,63.5,94466.3063063063,0.0,0.0,0.0,0.0,0.0,0.0,0.0,0,0,0,0,0,0.000105857849121,0.0,0.0,0.0,0.0,0.0,0.0,0.0,0.0,0.0,0.0,0.0,0.0,0.0,1.0,1.0,5790,574,583,579.0,3.197221015541813,579.0,1.1396408081054689e-05,10,0.041912849952891,16.240000000000002
0.0,47,63.5,638.4024353120244,0.0,0.0,0.0,0.0,0.0,0.0,0.0,0,0,0,0,0,0.0156641006469726,0.0,0.0,0.0,0.0,0.0,0.0,0.0,0.0,0.0,0.0,0.0,0.0,0.0,1.0,1.0,5801,577,584,580.1,2.998147576235848,580.1,0.001567006111145,10,0.0367193653966554,10.16
0.0,47,63.5,21140.64516129032,0.0,0.0,0.0,0.0,0.0,0.0,0.0,0,0,0,0,0,0.0004730224609375,0.0,0.0,0.0,0.0,0.0,0.0,0.0,0.0,0.0,0.0,0.0,0.0,0.0,1.0,1.0,5897,569,632,589.7,22.98816120431461,589.7,4.949569702148437e-05,10,0.0584955373481895,522.9135802469135
0.0,47,63.5,218.5796997222353,0.0,0.0,0.0,0.0,0.0,0.0,0.0,0,0,0,0,0,0.0457499027252197,0.0,0.0,0.0,0.0,0.0,0.0,0.0,0.0,0.0,0.0,0.0,0.0,0.0,1.0,1.0,5807,578,583,580.7,1.8885620632287057,580.7,0.0045758962631225,10,0.0345632346420768,3.5061728395061724
0.0,47,63.5,1189.9072314108205,0.0,0.0,0.0,0.0,0.0,0.0,0.0,0,0,0,0,0,0.0084040164947509,0.0,0.0,0.0,0.0,0.0,0.0,0.0,0.0,0.0,0.0,0.0,0.0,0.0,1.0,1.0,5846,580,587,584.6,2.875181153713044,584.6,0.0008424997329711,10,0.0315568837947765,12.25
0.0,47,63.5,609.8676825544537,0.0,0.0,0.0,0.0,0.0,0.0,0.0,0,0,0,0,0,0.0163969993591308,0.0,0.0,0.0,0.0,0.0,0.0,0.0,0.0,0.0,0.0,0.0,0.0,0.0,1.0,1.0,5794,573,587,579.4,5.295700562196133,579.4,0.0016402959823608,10,0.0444718165810162,25.24
0.0,47,63.5,357.97350812508535,0.0,0.0,0.0,0.0,0.0,0.0,0.0,0,0,0,0,0,0.0279350280761718,0.0,0.0,0.0,0.0,0.0,0.0,0.0,0.0,0.0,0.0,0.0,0.0,0.0,1.0,1.0,5514,460,584,551.4,49.96710028720008,551.4,0.0027956008911132,10,0.2552358479729938,2968.0
0.0,47,63.5,342.677494730306,0.0,0.0,0.0,0.0,0.0,0.0,0.0,0,0,0,0,0,0.029181957244873,0.0,0.0,0.0,0.0,0.0,0.0,0.0,0.0,0.0,0.0,0.0,0.0,0.0,1.0,1.0,5332,527,546,533.2,5.71158666416104,533.2,0.0029206037521362,10,0.1230312119435126,30.25
0.0,47,63.5,1729.1820580474937,0.0,0.0,0.0,0.0,0.0,0.0,0.0,0,0,0,0,0,0.0057830810546875,0.0,0.0,0.0,0.0,0.0,0.0,0.0,0.0,0.0,0.0,0.0,0.0,0.0,1.0,1.0,5343,521,546,534.3,8.138386408455508,534.3,0.0006198167800903,10,0.1342445730873484,64.0
0.0,47,63.5,1517.9154603358425,0.0,0.0,0.0,0.0,0.0,0.0,0.0,0,0,0,0,0,0.0065879821777343,0.0,0.0,0.0,0.0,0.0,0.0,0.0,0.0,0.0,0.0,0.0,0.0,0.0,1.0,1.0,5345,521,545,534.5,8.682677518420737,534.5,0.0007147789001464,10,0.1344662955139038,96.23999999999998
0.0,47,63.5,90785.80086580086,0.0,0.0,0.0,0.0,0.0,0.0,0.0,0,0,0,0,0,0.0001101493835449,0.0,0.0,0.0,0.0,0.0,0.0,0.0,0.0,0.0,0.0,0.0,0.0,0.0,1.0,1.0,5520,515,578,552.0,28.21740991342441,552.0,1.1515617370605468e-05,10,0.1526487441023326,716.6
0.0,47,63.5,105384.52261306532,0.0,0.0,0.0,0.0,0.0,0.0,0.0,0,0,0,0,0,9.489059448242188e-05,0.0,0.0,0.0,0.0,0.0,0.0,0.0,0.0,0.0,0.0,0.0,0.0,0.0,1.0,1.0,5780,578,578,578.0,0.0,578.0,9.989738464355468e-06,10,0.0,0.0
0.0,47,63.5,4446.41577440899,0.0,0.0,0.0,0.0,0.0,0.0,0.0,0,0,0,0,0,0.002249002456665,0.0,0.0,0.0,0.0,0.0,0.0,0.0,0.0,0.0,0.0,0.0,0.0,0.0,1.0,1.0,5780,578,578,578.0,0.0,578.0,0.0002254962921142,10,0.0,0.0
0.0,47,63.5,175493.8912133891,0.0,0.0,0.0,0.0,0.0,0.0,0.0,0,0,0,0,0,5.698204040527344e-05,0.0,0.0,0.0,0.0,0.0,0.0,0.0,0.0,0.0,0.0,0.0,0.0,0.0,1.0,1.0,5780,578,578,578.0,0.0,578.0,6.103515625e-06,10,0.0,0.0
0.0,47,63.5,156503.8805970149,0.0,0.0,0.0,0.0,0.0,0.0,0.0,0,0,0,0,0,6.389617919921875e-05,0.0,0.0,0.0,0.0,0.0,0.0,0.0,0.0,0.0,0.0,0.0,0.0,0.0,1.0,1.0,5780,578,578,578.0,0.0,578.0,6.699562072753907e-06,10,0.0,0.0
0.0,47,63.5,172605.10288065844,0.0,0.0,0.0,0.0,0.0,0.0,0.0,0,0,0,0,0,5.793571472167969e-05,0.0,0.0,0.0,0.0,0.0,0.0,0.0,0.0,0.0,0.0,0.0,0.0,0.0,1.0,1.0,5780,578,578,578.0,0.0,578.0,6.198883056640625e-06,10,0.0,0.0
0.0,47,63.5,175493.8912133891,0.0,0.0,0.0,0.0,0.0,0.0,0.0,0,0,0,0,0,5.698204040527344e-05,0.0,0.0,0.0,0.0,0.0,0.0,0.0,0.0,0.0,0.0,0.0,0.0,0.0,1.0,1.0,5780,578,578,578.0,0.0,578.0,6.008148193359375e-06,10,0.0,0.0
0.0,47,63.5,174762.66666666666,0.0,0.0,0.0,0.0,0.0,0.0,0.0,0,0,0,0,0,5.7220458984375e-05,0.0,0.0,0.0,0.0,0.0,0.0,0.0,0.0,0.0,0.0,0.0,0.0,0.0,1.0,1.0,5780,578,578,578.0,0.0,578.0,6.008148193359375e-06,10,0.0,0.0
0.0,47,63.5,138884.23841059604,0.0,0.0,0.0,0.0,0.0,0.0,0.0,0,0,0,0,0,7.200241088867188e-05,0.0,0.0,0.0,0.0,0.0,0.0,0.0,0.0,0.0,0.0,0.0,0.0,0.0,1.0,1.0,5380,420,578,538.0,64.37218170745635,538.0,7.486343383789062e-06,10,0.3292691019403495,5094.693877551021
0.0,47,63.5,102051.19221411191,0.0,0.0,0.0,0.0,0.0,0.0,0.0,0,0,0,0,0,9.79900360107422e-05,0.0,0.0,0.0,0.0,0.0,0.0,0.0,0.0,0.0,0.0,0.0,0.0,0.0,1.0,1.0,5192,507,529,519.2,7.814516406449388,519.2,1.0395050048828124e-05,10,0.1579704614033312,60.98765432098766
0.0,47,63.5,70969.61082910321,0.0,0.0,0.0,0.0,0.0,0.0,0.0,0,0,0,0,0,0.000140905380249,0.0,0.0,0.0,0.0,0.0,0.0,0.0,0.0,0.0,0.0,0.0,0.0,0.0,1.0,1.0,5242,517,540,524.2,8.586811592979858,524.2,1.4710426330566409e-05,10,0.1412437635705163,117.36
0.0,47,63.5,61410.01464128844,0.0,0.0,0.0,0.0,0.0,0.0,0.0,0,0,0,0,0,0.0001628398895263,0.0,0.0,0.0,0.0,0.0,0.0,0.0,0.0,0.0,0.0,0.0,0.0,0.0,1.0,1.0,5240,513,533,524.0,6.879922480183431,524.0,1.7189979553222655e-05,10,0.1473649652215275,47.333333333333336
0.0,47,63.5,680.2750746074997,0.0,0.0,0.0,0.0,0.0,0.0,0.0,0,0,0,0,0,0.0146999359130859,0.0,0.0,0.0,0.0,0.0,0.0,0.0,0.0,0.0,0.0,0.0,0.0,0.0,1.0,1.0,5622,517,633,562.2,43.57063231122542,562.2,0.0014708995819091,10,0.1554947727783008,1859.283950617284
0.0,47,63.5,3152.4269071777526,0.0,0.0,0.0,0.0,0.0,0.0,0.0,0,0,0,0,0,0.0031721591949462,0.0,0.0,0.0,0.0,0.0,0.0,0.0,0.0,0.0,0.0,0.0,0.0,0.0,1.0,1.0,5825,577,585,582.5,2.718251071716682,582.5,0.0003188133239746,10,0.0366053467565745,6.65
0.0,47,63.5,3552.688463493139,0.0,0.0,0.0,0.0,0.0,0.0,0.0,0,0,0,0,0,0.002814769744873,0.0,0.0,0.0,0.0,0.0,0.0,0.0,0.0,0.0,0.0,0.0,0.0,0.0,1.0,1.0,5794,577,583,579.4,2.6331223544175333,579.4,0.0002823829650878,10,0.0365706687222955,8.64
0.0,47,63.5,1747.04431856048,0.0,0.0,0.0,0.0,0.0,0.0,0.0,0,0,0,0,0,0.0057239532470703,0.0,0.0,0.0,0.0,0.0,0.0,0.0,0.0,0.0,0.0,0.0,0.0,0.0,1.0,1.0,5785,572,585,578.5,5.060742150229659,578.5,0.0005741119384765,10,0.0460802339223175,28.122448979591837
0.0,47,63.5,1886.8613073012727,0.0,0.0,0.0,0.0,0.0,0.0,0.0,0,0,0,0,0,0.0052998065948486,0.0,0.0,0.0,0.0,0.0,0.0,0.0,0.0,0.0,0.0,0.0,0.0,0.0,1.0,1.0,5798,578,584,579.8,2.898275349237888,579.8,0.0005302906036376,10,0.0349745514462655,9.0
0.0,47,63.5,55553.69536423841,0.0,0.0,0.0,0.0,0.0,0.0,0.0,0,0,0,0,0,0.0001800060272216,0.0,0.0,0.0,0.0,0.0,0.0,0.0,0.0,0.0,0.0,0.0,0.0,0.0,1.0,1.0,5780,578,578,578.0,0.0,578.0,1.971721649169922e-05,10,0.0,0.0
0.0,47,63.5,687.9517123737043,0.0,0.0,0.0,0.0,0.0,0.0,0.0,0,0,0,0,0,0.014535903930664,0.0,0.0,0.0,0.0,0.0,0.0,0.0,0.0,0.0,0.0,0.0,0.0,0.0,1.0,1.0,5780,578,578,578.0,0.0,578.0,0.0014540910720825,10,0.0,0.0
0.0,47,63.5,125203.10447761194,0.0,0.0,0.0,0.0,0.0,0.0,0.0,0,0,0,0,0,7.987022399902344e-05,0.0,0.0,0.0,0.0,0.0,0.0,0.0,0.0,0.0,0.0,0.0,0.0,0.0,1.0,1.0,5780,578,578,578.0,0.0,578.0,9.393692016601562e-06,10,0.0,0.0
0.0,47,63.5,3790.9472161966737,0.0,0.0,0.0,0.0,0.0,0.0,0.0,0,0,0,0,0,0.0026378631591796,0.0,0.0,0.0,0.0,0.0,0.0,0.0,0.0,0.0,0.0,0.0,0.0,0.0,1.0,1.0,5872,569,632,587.2,23.924882444852265,587.2,0.0002640962600708,10,0.058877120112735,566.0
0.0,47,63.5,1411.0358284272495,0.0,0.0,0.0,0.0,0.0,0.0,0.0,0,0,0,0,0,0.0070869922637939,0.0,0.0,0.0,0.0,0.0,0.0,0.0,0.0,0.0,0.0,0.0,0.0,0.0,1.0,1.0,5804,577,584,580.4,2.875181153713044,580.4,0.0007094144821166,10,0.0366692737947765,8.246913580246915
0.0,47,63.5,648.2595323101652,0.0,0.0,0.0,0.0,0.0,0.0,0.0,0,0,0,0,0,0.0154259204864501,0.0,0.0,0.0,0.0,0.0,0.0,0.0,0.0,0.0,0.0,0.0,0.0,0.0,1.0,1.0,5784,573,584,578.4,4.452215428550399,578.4,0.0015445947647094,10,0.0441282144769742,19.50617283950617
0.0,47,63.5,5192.255508789304,0.0,0.0,0.0,0.0,0.0,0.0,0.0,0,0,0,0,0,0.0019259452819824,0.0,0.0,0.0,0.0,0.0,0.0,0.0,0.0,0.0,0.0,0.0,0.0,0.0,1.0,1.0,5809,574,591,580.9,6.1544924874255695,580.9,0.000192904472351,10,0.0431175240596776,36.0
0.0,47,63.5,4928.676850763807,0.0,0.0,0.0,0.0,0.0,0.0,0.0,0,0,0,0,0,0.0020289421081542,0.0,0.0,0.0,0.0,0.0,0.0,0.0,0.0,0.0,0.0,0.0,0.0,0.0,1.0,1.0,5734,537,603,573.4,23.52398303386945,573.4,0.0002043962478637,10,0.1132459697286771,511.5802469135802
0.0,47,63.5,158875.15151515152,0.0,0.0,0.0,0.0,0.0,0.0,0.0,0,0,0,0,0,6.29425048828125e-05,0.0,0.0,0.0,0.0,0.0,0.0,0.0,0.0,0.0,0.0,0.0,0.0,0.0,1.0,1.0,5578,553,566,557.8,4.685675570881488,557.8,7.295608520507813e-06,10,0.0783059168005543,20.98765432098765
0.0,47,63.5,172605.10288065844,0.0,0.0,0.0,0.0,0.0,0.0,0.0,0,0,0,0,0,5.793571472167969e-05,0.0,0.0,0.0,0.0,0.0,0.0,0.0,0.0,0.0,0.0,0.0,0.0,0.0,1.0,1.0,5580,555,563,558.0,2.6666666666666665,558.0,6.103515625e-06,10,0.0740751933333333,9.0
0.0,47,63.5,1455.3953988688015,0.0,0.0,0.0,0.0,0.0,0.0,0.0,0,0,0,0,0,0.0068709850311279,0.0,0.0,0.0,0.0,0.0,0.0,0.0,0.0,0.0,0.0,0.0,0.0,0.0,1.0,1.0,5586,549,563,558.6,4.376706016578627,558.6,0.0006874084472656,10,0.0849965749629135,17.240000000000002
0.0,47,63.5,236.37339104168075,0.0,0.0,0.0,0.0,0.0,0.0,0.0,0,0,0,0,0,0.0423059463500976,0.0,0.0,0.0,0.0,0.0,0.0,0.0,0.0,0.0,0.0,0.0,0.0,0.0,1.0,1.0,5570,520,598,557.0,26.28476533828843,557.0,0.0042325973510742,10,0.1433408120082052,686.4444444444445
0.0,47,63.5,126716.1329305136,0.0,0.0,0.0,0.0,0.0,0.0,0.0,0,0,0,0,0,7.891654968261719e-05,0.0,0.0,0.0,0.0,0.0,0.0,0.0,0.0,0.0,0.0,0.0,0.0,0.0,1.0,1.0,5542,551,557,554.2,1.9321835661585915,554.2,9.489059448242189e-06,10,0.0805925142975103,9.0
0.0,47,63.5,172605.10288065844,0.0,0.0,0.0,0.0,0.0,0.0,0.0,0,0,0,0,0,5.793571472167969e-05,0.0,0.0,0.0,0.0,0.0,0.0,0.0,0.0,0.0,0.0,0.0,0.0,0.0,1.0,1.0,5537,550,562,553.7,4.270050741306634,553.7,6.103515625e-06,10,0.0832489978699787,16.41
0.0,47,63.5,25130.64110245656,0.0,0.0,0.0,0.0,0.0,0.0,0.0,0,0,0,0,0,0.0003979206085205,0.0,0.0,0.0,0.0,0.0,0.0,0.0,0.0,0.0,0.0,0.0,0.0,0.0,1.0,1.0,5544,550,562,554.4,3.806427312965386,554.4,4.010200500488281e-05,10,0.0830601362302096,13.04
0.0,47,63.5,145131.62629757787,0.0,0.0,0.0,0.0,0.0,0.0,0.0,0,0,0,0,0,6.890296936035156e-05,0.0,0.0,0.0,0.0,0.0,0.0,0.0,0.0,0.0,0.0,0.0,0.0,0.0,1.0,1.0,5654,550,578,565.4,13.326664999166146,565.4,7.200241088867187e-06,10,0.0869383002540603,159.83999999999995
0.0,47,63.5,172605.10288065844,0.0,0.0,0.0,0.0,0.0,0.0,0.0,0,0,0,0,0,5.793571472167969e-05,0.0,0.0,0.0,0.0,0.0,0.0,0.0,0.0,0.0,0.0,0.0,0.0,0.0,1.0,1.0,5780,578,578,578.0,0.0,578.0,6.198883056640625e-06,10,0.0,0.0
0.0,47,63.5,14644.916201117318,0.0,0.0,0.0,0.0,0.0,0.0,0.0,0,0,0,0,0,0.0006828308105468,0.0,0.0,0.0,0.0,0.0,0.0,0.0,0.0,0.0,0.0,0.0,0.0,0.0,1.0,1.0,5780,578,578,578.0,0.0,578.0,6.859302520751953e-05,10,0.0,0.0
0.0,47,63.5,109798.5340314136,0.0,0.0,0.0,0.0,0.0,0.0,0.0,0,0,0,0,0,9.107589721679688e-05,0.0,0.0,0.0,0.0,0.0,0.0,0.0,0.0,0.0,0.0,0.0,0.0,0.0,1.0,1.0,5780,578,578,578.0,0.0,578.0,9.608268737792968e-06,10,0.0,0.0
0.0,47,63.5,62137.83703703704,0.0,0.0,0.0,0.0,0.0,0.0,0.0,0,0,0,0,0,0.0001609325408935,0.0,0.0,0.0,0.0,0.0,0.0,0.0,0.0,0.0,0.0,0.0,0.0,0.0,1.0,1.0,5774,540,614,577.4,24.6765745867074,577.4,1.6903877258300783e-05,10,0.1086030994236412,608.6913580246913
0.0,47,63.5,56527.00808625337,0.0,0.0,0.0,0.0,0.0,0.0,0.0,0,0,0,0,0,0.0001769065856933,0.0,0.0,0.0,0.0,0.0,0.0,0.0,0.0,0.0,0.0,0.0,0.0,0.0,1.0,1.0,5775,575,580,577.5,1.8408935028645437,577.5,1.8596649169921875e-05,10,0.0396562063773269,4.0
0.0,47,63.5,356.1376218456,0.0,0.0,0.0,0.0,0.0,0.0,0.0,0,0,0,0,0,0.0280790328979492,0.0,0.0,0.0,0.0,0.0,0.0,0.0,0.0,0.0,0.0,0.0,0.0,0.0,1.0,1.0,5798,575,581,579.8,1.8135294011647252,579.8,0.0028089046478271,10,0.0396450593368585,6.25
0.0,47,63.5,3513.7002596967413,0.0,0.0,0.0,0.0,0.0,0.0,0.0,0,0,0,0,0,0.0028460025787353,0.0,0.0,0.0,0.0,0.0,0.0,0.0,0.0,0.0,0.0,0.0,0.0,0.0,1.0,1.0,5791,577,581,579.1,1.3703203194062978,579.1,0.0002856016159057,10,0.0360562536853133,1.7777777777777777
0.0,47,63.5,149263.487544484,0.0,0.0,0.0,0.0,0.0,0.0,0.0,0,0,0,0,0,6.699562072753906e-05,0.0,0.0,0.0,0.0,0.0,0.0,0.0,0.0,0.0,0.0,0.0,0.0,0.0,1.0,1.0,5490,463,580,549.0,47.82375049189588,549.0,6.985664367675781e-06,10,0.2492503430003788,2609.3469387755104
0.0,47,63.5,119156.36363636365,0.0,0.0,0.0,0.0,0.0,0.0,0.0,0,0,0,0,0,8.392333984375e-05,0.0,0.0,0.0,0.0,0.0,0.0,0.0,0.0,0.0,0.0,0.0,0.0,0.0,1.0,1.0,5344,516,544,534.4,9.033271832508971,534.4,8.702278137207031e-06,10,0.1431297636136909,73.44
0.0,47,63.5,1724.7024959907892,0.0,0.0,0.0,0.0,0.0,0.0,0.0,0,0,0,0,0,0.0057981014251708,0.0,0.0,0.0,0.0,0.0,0.0,0.0,0.0,0.0,0.0,0.0,0.0,0.0,1.0,1.0,5344,516,552,534.4,10.035492569431312,534.4,0.0005807161331176,10,0.1435380282530835,90.64
0.0,47,63.5,1106.822535954611,0.0,0.0,0.0,0.0,0.0,0.0,0.0,0,0,0,0,0,0.0090348720550537,0.0,0.0,0.0,0.0,0.0,0.0,0.0,0.0,0.0,0.0,0.0,0.0,0.0,1.0,1.0,5404,530,552,540.4,6.569288816573339,540.4,0.0009046792984008,10,0.1182682154923193,49.83673469387755
0.0,47,63.5,140748.45637583893,0.0,0.0,0.0,0.0,0.0,0.0,0.0,0,0,0,0,0,7.104873657226562e-05,0.0,0.0,0.0,0.0,0.0,0.0,0.0,0.0,0.0,0.0,0.0,0.0,0.0,1.0,1.0,5787,542,618,578.7,25.03797116381437,578.7,8.106231689453125e-06,10,0.1053420579332914,1110.64
0.0,47,63.5,39681.21097445601,0.0,0.0,0.0,0.0,0.0,0.0,0.0,0,0,0,0,0,0.0002520084381103,0.0,0.0,0.0,0.0,0.0,0.0,0.0,0.0,0.0,0.0,0.0,0.0,0.0,1.0,1.0,5805,577,583,580.5,2.273030282830976,580.5,3.0994415283203125e-05,10,0.036423981616014,9.0
0.0,47,63.5,2027.115170847228,0.0,0.0,0.0,0.0,0.0,0.0,0.0,0,0,0,0,0,0.0049331188201904,0.0,0.0,0.0,0.0,0.0,0.0,0.0,0.0,0.0,0.0,0.0,0.0,0.0,1.0,1.0,5782,576,582,578.2,2.485513584307633,578.2,0.0004943132400512,10,0.0382146688137035,9.0
0.0,47,63.5,336.1224506150579,0.0,0.0,0.0,0.0,0.0,0.0,0.0,0,0,0,0,0,0.0297510623931884,0.0,0.0,0.0,0.0,0.0,0.0,0.0,0.0,0.0,0.0,0.0,0.0,0.0,1.0,1.0,5769,573,581,576.9,3.071373199943852,576.9,0.0029768943786621,10,0.0435657145867291,8.49
0.0,47,63.5,7936.2421948912015,0.0,0.0,0.0,0.0,0.0,0.0,0.0,0,0,0,0,0,0.0012600421905517,0.0,0.0,0.0,0.0,0.0,0.0,0.0,0.0,0.0,0.0,0.0,0.0,0.0,1.0,1.0,5783,578,581,578.3,0.9486832980505135,578.3,0.0001909971237182,10,0.0,2.25
0.0,47,63.5,60611.32947976879,0.0,0.0,0.0,0.0,0.0,0.0,0.0,0,0,0,0,0,0.0001649856567382,0.0,0.0,0.0,0.0,0.0,0.0,0.0,0.0,0.0,0.0,0.0,0.0,0.0,1.0,1.0,5780,578,578,578.0,0.0,578.0,1.7404556274414062e-05,10,0.0,0.0
0.0,47,63.5,99864.38095238096,0.0,0.0,0.0,0.0,0.0,0.0,0.0,0,0,0,0,0,0.0001001358032226,0.0,0.0,0.0,0.0,0.0,0.0,0.0,0.0,0.0,0.0,0.0,0.0,0.0,1.0,1.0,5780,578,578,578.0,0.0,578.0,1.0704994201660156e-05,10,0.0,0.0
0.0,47,63.5,102051.19221411191,0.0,0.0,0.0,0.0,0.0,0.0,0.0,0,0,0,0,0,9.79900360107422e-05,0.0,0.0,0.0,0.0,0.0,0.0,0.0,0.0,0.0,0.0,0.0,0.0,0.0,1.0,1.0,5780,578,578,578.0,0.0,578.0,1.0395050048828124e-05,10,0.0,0.0
0.0,47,63.5,96199.63302752294,0.0,0.0,0.0,0.0,0.0,0.0,0.0,0,0,0,0,0,0.0001039505004882,0.0,0.0,0.0,0.0,0.0,0.0,0.0,0.0,0.0,0.0,0.0,0.0,0.0,1.0,1.0,5815,554,617,581.5,21.42298869076032,581.5,1.0991096496582032e-05,10,0.0834198986730681,802.8
0.0,47,63.5,102051.19221411191,0.0,0.0,0.0,0.0,0.0,0.0,0.0,0,0,0,0,0,9.79900360107422e-05,0.0,0.0,0.0,0.0,0.0,0.0,0.0,0.0,0.0,0.0,0.0,0.0,0.0,1.0,1.0,5784,575,585,578.4,2.836272984824353,578.4,1.0418891906738282e-05,10,0.0400616841630981,11.04
0.0,47,63.5,63358.0664652568,0.0,0.0,0.0,0.0,0.0,0.0,0.0,0,0,0,0,0,0.0001578330993652,0.0,0.0,0.0,0.0,0.0,0.0,0.0,0.0,0.0,0.0,0.0,0.0,0.0,1.0,1.0,5778,575,580,577.8,1.9888578520235063,577.8,1.6379356384277344e-05,10,0.0397164811346003,6.25
0.0,47,63.5,754.7648953590901,0.0,0.0,0.0,0.0,0.0,0.0,0.0,0,0,0,0,0,0.0132491588592529,0.0,0.0,0.0,0.0,0.0,0.0,0.0,0.0,0.0,0.0,0.0,0.0,0.0,1.0,1.0,5790,577,582,579.0,2.0,579.0,0.0013263225555419,10,0.03631276,3.6
0.0,47,63.5,68534.37908496732,0.0,0.0,0.0,0.0,0.0,0.0,0.0,0,0,0,0,0,0.0001459121704101,0.0,0.0,0.0,0.0,0.0,0.0,0.0,0.0,0.0,0.0,0.0,0.0,0.0,1.0,1.0,5779,577,578,577.9,0.3162277660168379,577.9,1.6188621520996095e-05,10,0.0,0.25
0.0,47,63.5,89240.51063829787,0.0,0.0,0.0,0.0,0.0,0.0,0.0,0,0,0,0,0,0.0001120567321777,0.0,0.0,0.0,0.0,0.0,0.0,0.0,0.0,0.0,0.0,0.0,0.0,0.0,1.0,1.0,5780,578,578,578.0,0.0,578.0,1.1610984802246094e-05,10,0.0,0.0
0.0,47,63.5,446.15034410866815,0.0,0.0,0.0,0.0,0.0,0.0,0.0,0,0,0,0,0,0.0224139690399169,0.0,0.0,0.0,0.0,0.0,0.0,0.0,0.0,0.0,0.0,0.0,0.0,0.0,1.0,1.0,5780,578,578,578.0,0.0,578.0,0.0022417783737182,10,0.0,0.0
0.0,47,63.5,95325.09090909093,0.0,0.0,0.0,0.0,0.0,0.0,0.0,0,0,0,0,0,0.0001049041748046,0.0,0.0,0.0,0.0,0.0,0.0,0.0,0.0,0.0,0.0,0.0,0.0,0.0,1.0,1.0,5780,578,578,578.0,0.0,578.0,1.1801719665527344e-05,10,0.0,0.0
0.0,47,63.5,90006.52360515021,0.0,0.0,0.0,0.0,0.0,0.0,0.0,0,0,0,0,0,0.0001111030578613,0.0,0.0,0.0,0.0,0.0,0.0,0.0,0.0,0.0,0.0,0.0,0.0,0.0,1.0,1.0,5848,562,625,584.8,22.38948165744105,584.8,1.1610984802246094e-05,10,0.0701805692479752,832.24
0.0,47,63.5,662.4712144425315,0.0,0.0,0.0,0.0,0.0,0.0,0.0,0,0,0,0,0,0.0150949954986572,0.0,0.0,0.0,0.0,0.0,0.0,0.0,0.0,0.0,0.0,0.0,0.0,0.0,1.0,1.0,5777,571,581,577.7,3.8311588035185618,577.7,0.0015100955963134,10,0.0472834808502013,13.333333333333334
0.0,47,63.5,3003.8702284609326,0.0,0.0,0.0,0.0,0.0,0.0,0.0,0,0,0,0,0,0.0033290386199951,0.0,0.0,0.0,0.0,0.0,0.0,0.0,0.0,0.0,0.0,0.0,0.0,0.0,1.0,1.0,5796,576,585,579.6,3.3730961708462712,579.6,0.0003957986831665,10,0.0385762344561559,11.135802469135804
0.0,47,63.5,9504.427826875142,0.0,0.0,0.0,0.0,0.0,0.0,0.0,0,0,0,0,0,0.0010521411895751,0.0,0.0,0.0,0.0,0.0,0.0,0.0,0.0,0.0,0.0,0.0,0.0,0.0,1.0,1.0,5792,575,585,579.2,2.859681411936962,579.2,0.0001058101654052,10,0.0400712198199667,7.359999999999999
0.0,47,63.5,4894.741510094526,0.0,0.0,0.0,0.0,0.0,0.0,0.0,0,0,0,0,0,0.0020430088043212,0.0,0.0,0.0,0.0,0.0,0.0,0.0,0.0,0.0,0.0,0.0,0.0,0.0,1.0,1.0,5193,421,585,519.3,56.41522647103154,519.3,0.0002053976058959,10,0.3243236266552394,6724.0
0.0,47,63.5,196.56776503559428,0.0,0.0,0.0,0.0,0.0,0.0,0.0,0,0,0,0,0,0.0508730411529541,0.0,0.0,0.0,0.0,0.0,0.0,0.0,0.0,0.0,0.0,0.0,0.0,0.0,1.0,1.0,5219,511,532,521.9,5.858517066820085,521.9,0.0050883054733276,10,0.1503571455123399,30.89
0.0,47,63.5,287.77780827181164,0.0,0.0,0.0,0.0,0.0,0.0,0.0,0,0,0,0,0,0.0347490310668945,0.0,0.0,0.0,0.0,0.0,0.0,0.0,0.0,0.0,0.0,0.0,0.0,0.0,1.0,1.0,5176,511,521,517.6,3.777124126457412,517.6,0.0034770965576171,10,0.1495092692841537,12.84
0.0,47,63.5,2512.461962381694,0.0,0.0,0.0,0.0,0.0,0.0,0.0,0,0,0,0,0,0.0039801597595214,0.0,0.0,0.0,0.0,0.0,0.0,0.0,0.0,0.0,0.0,0.0,0.0,0.0,1.0,1.0,5262,507,536,526.2,10.042133460796288,526.2,0.0004004001617431,10,0.15887790348659,90.76
0.0,47,63.5,619.2682710763326,0.0,0.0,0.0,0.0,0.0,0.0,0.0,0,0,0,0,0,0.0161480903625488,0.0,0.0,0.0,0.0,0.0,0.0,0.0,0.0,0.0,0.0,0.0,0.0,0.0,1.0,1.0,5709,507,578,570.9,22.452171387195506,570.9,0.0016159057617187,10,0.163933256536288,1260.25
0.0,47,63.5,1468.388180927041,0.0,0.0,0.0,0.0,0.0,0.0,0.0,0,0,0,0,0,0.006810188293457,0.0,0.0,0.0,0.0,0.0,0.0,0.0,0.0,0.0,0.0,0.0,0.0,0.0,1.0,1.0,5780,578,578,578.0,0.0,578.0,0.0006829977035522,10,0.0,0.0
0.0,47,63.5,93414.3429844098,0.0,0.0,0.0,0.0,0.0,0.0,0.0,0,0,0,0,0,0.0001070499420166,0.0,0.0,0.0,0.0,0.0,0.0,0.0,0.0,0.0,0.0,0.0,0.0,0.0,1.0,1.0,5780,578,578,578.0,0.0,578.0,1.1301040649414062e-05,10,0.0,0.0
0.0,47,63.5,4564.483621721623,0.0,0.0,0.0,0.0,0.0,0.0,0.0,0,0,0,0,0,0.0021908283233642,0.0,0.0,0.0,0.0,0.0,0.0,0.0,0.0,0.0,0.0,0.0,0.0,0.0,1.0,1.0,5780,578,578,578.0,0.0,578.0,0.0002196788787841,10,0.0,0.0
0.0,47,63.5,634.8080881462647,0.0,0.0,0.0,0.0,0.0,0.0,0.0,0,0,0,0,0,0.0157527923583984,0.0,0.0,0.0,0.0,0.0,0.0,0.0,0.0,0.0,0.0,0.0,0.0,0.0,1.0,1.0,5893,572,635,589.3,24.331278452048327,589.3,0.0015769004821777,10,0.0539302795902264,897.8399999999999
0.0,47,63.5,80659.69230769231,0.0,0.0,0.0,0.0,0.0,0.0,0.0,0,0,0,0,0,0.0001239776611328,0.0,0.0,0.0,0.0,0.0,0.0,0.0,0.0,0.0,0.0,0.0,0.0,0.0,1.0,1.0,5783,573,582,578.3,3.683295625749672,578.3,1.4019012451171874e-05,10,0.0438149873061053,16.56
0.0,47,63.5,100102.72076372316,0.0,0.0,0.0,0.0,0.0,0.0,0.0,0,0,0,0,0,9.989738464355467e-05,0.0,0.0,0.0,0.0,0.0,0.0,0.0,0.0,0.0,0.0,0.0,0.0,0.0,1.0,1.0,5819,578,590,581.9,4.557045826702499,581.9,1.0585784912109376e-05,10,0.0356502681879655,24.816326530612248
0.0,47,63.5,99864.38095238096,0.0,0.0,0.0,0.0,0.0,0.0,0.0,0,0,0,0,0,0.0001001358032226,0.0,0.0,0.0,0.0,0.0,0.0,0.0,0.0,0.0,0.0,0.0,0.0,0.0,1.0,1.0,5801,578,584,580.1,2.330951164939612,580.1,1.0514259338378908e-05,10,0.0347434462665497,7.840000000000001
0.0,47,63.5,575.1767642138175,0.0,0.0,0.0,0.0,0.0,0.0,0.0,0,0,0,0,0,0.0173859596252441,0.0,0.0,0.0,0.0,0.0,0.0,0.0,0.0,0.0,0.0,0.0,0.0,0.0,1.0,1.0,5319,455,578,531.9,44.622988594569854,531.9,0.0017391920089721,10,0.261579520633884,3782.25
0.0,47,63.5,82565.03937007874,0.0,0.0,0.0,0.0,0.0,0.0,0.0,0,0,0,0,0,0.0001211166381835,0.0,0.0,0.0,0.0,0.0,0.0,0.0,0.0,0.0,0.0,0.0,0.0,0.0,1.0,1.0,5373,525,552,537.3,10.424863441684872,537.3,1.3899803161621091e-05,10,0.1283594723716047,119.71428571428572
0.0,47,63.5,101067.56626506025,0.0,0.0,0.0,0.0,0.0,0.0,0.0,0,0,0,0,0,9.894371032714844e-05,0.0,0.0,0.0,0.0,0.0,0.0,0.0,0.0,0.0,0.0,0.0,0.0,0.0,1.0,1.0,5307,518,546,530.7,10.371435130523963,530.7,1.0395050048828124e-05,10,0.1402666178147702,196.0
0.0,47,63.5,99864.38095238096,0.0,0.0,0.0,0.0,0.0,0.0,0.0,0,0,0,0,0,0.0001001358032226,0.0,0.0,0.0,0.0,0.0,0.0,0.0,0.0,0.0,0.0,0.0,0.0,0.0,1.0,1.0,5271,516,534,527.1,7.4899933244296015,527.1,1.0609626770019531e-05,10,0.1425010936806396,61.04
0.0,47,63.5,90006.52360515021,0.0,0.0,0.0,0.0,0.0,0.0,0.0,0,0,0,0,0,0.0001111030578613,0.0,0.0,0.0,0.0,0.0,0.0,0.0,0.0,0.0,0.0,0.0,0.0,0.0,1.0,1.0,5501,513,595,550.1,29.647746775916872,550.1,1.170635223388672e-05,10,0.1566396661266375,1552.16
0.0,47,63.5,76959.70642201835,0.0,0.0,0.0,0.0,0.0,0.0,0.0,0,0,0,0,0,0.0001299381256103,0.0,0.0,0.0,0.0,0.0,0.0,0.0,0.0,0.0,0.0,0.0,0.0,0.0,1.0,1.0,5526,550,557,552.6,2.503331114069145,552.6,1.3589859008789062e-05,10,0.0825293069626272,7.25
0.0,47,63.5,943.4943200989763,0.0,0.0,0.0,0.0,0.0,0.0,0.0,0,0,0,0,0,0.0105988979339599,0.0,0.0,0.0,0.0,0.0,0.0,0.0,0.0,0.0,0.0,0.0,0.0,0.0,1.0,1.0,5597,548,582,559.7,14.430292212333516,559.7,0.0010608911514282,10,0.0907961338356161,187.41
0.0,47,63.5,49286.76850763807,0.0,0.0,0.0,0.0,0.0,0.0,0.0,0,0,0,0,0,0.0002028942108154,0.0,0.0,0.0,0.0,0.0,0.0,0.0,0.0,0.0,0.0,0.0,0.0,0.0,1.0,1.0,5786,576,581,578.6,1.6465452046971292,578.6,2.2196769714355467e-05,10,0.0378729066545854,6.25
0.0,47,63.5,96199.63302752294,0.0,0.0,0.0,0.0,0.0,0.0,0.0,0,0,0,0,0,0.0001039505004882,0.0,0.0,0.0,0.0,0.0,0.0,0.0,0.0,0.0,0.0,0.0,0.0,0.0,1.0,1.0,5796,576,584,579.6,2.590581230363393,579.6,1.1014938354492188e-05,10,0.0382574691700008,8.64
0.0,47,63.5,100102.72076372316,0.0,0.0,0.0,0.0,0.0,0.0,0.0,0,0,0,0,0,9.989738464355467e-05,0.0,0.0,0.0,0.0,0.0,0.0,0.0,0.0,0.0,0.0,0.0,0.0,0.0,1.0,1.0,5772,574,581,577.2,2.573367875415838,577.2,1.0585784912109376e-05,10,0.0416587171377293,6.25
0.0,47,63.5,2089.421141775431,0.0,0.0,0.0,0.0,0.0,0.0,0.0,0,0,0,0,0,0.0047860145568847,0.0,0.0,0.0,0.0,0.0,0.0,0.0,0.0,0.0,0.0,0.0,0.0,0.0,1.0,1.0,5774,574,578,577.4,1.264911064067352,577.4,0.0004791021347045,10,0.0411257041710584,2.25
0.0,47,63.5,1544.8633517495396,0.0,0.0,0.0,0.0,0.0,0.0,0.0,0,0,0,0,0,0.0064730644226074,0.0,0.0,0.0,0.0,0.0,0.0,0.0,0.0,0.0,0.0,0.0,0.0,0.0,1.0,1.0,5784,576,586,578.4,2.7968235951204043,578.4,0.0007057189941406,10,0.0383414840597082,7.040000000000001
0.0,47,63.5,84054.1883767535,0.0,0.0,0.0,0.0,0.0,0.0,0.0,0,0,0,0,0,0.0001189708709716,0.0,0.0,0.0,0.0,0.0,0.0,0.0,0.0,0.0,0.0,0.0,0.0,0.0,1.0,1.0,5789,575,586,578.9,2.923088169119167,578.9,1.2993812561035156e-05,10,0.0400970491965724,9.0
0.0,47,63.5,100102.72076372316,0.0,0.0,0.0,0.0,0.0,0.0,0.0,0,0,0,0,0,9.989738464355467e-05,0.0,0.0,0.0,0.0,0.0,0.0,0.0,0.0,0.0,0.0,0.0,0.0,0.0,1.0,1.0,5797,573,584,579.7,4.522781838156198,579.7,1.049041748046875e-05,10,0.0441569604095913,26.160000000000004
0.0,47,63.5,61320.23391812865,0.0,0.0,0.0,0.0,0.0,0.0,0.0,0,0,0,0,0,0.0001630783081054,0.0,0.0,0.0,0.0,0.0,0.0,0.0,0.0,0.0,0.0,0.0,0.0,0.0,1.0,1.0,5780,578,578,578.0,0.0,578.0,1.6903877258300783e-05,10,0.0,0.0
0.0,47,63.5,810.4465441616911,0.0,0.0,0.0,0.0,0.0,0.0,0.0,0,0,0,0,0,0.0123388767242431,0.0,0.0,0.0,0.0,0.0,0.0,0.0,0.0,0.0,0.0,0.0,0.0,0.0,1.0,1.0,5780,578,578,578.0,0.0,578.0,0.001235294342041,10,0.0,0.0
0.0,47,63.5,80659.69230769231,0.0,0.0,0.0,0.0,0.0,0.0,0.0,0,0,0,0,0,0.0001239776611328,0.0,0.0,0.0,0.0,0.0,0.0,0.0,0.0,0.0,0.0,0.0,0.0,0.0,1.0,1.0,5780,578,578,578.0,0.0,578.0,1.430511474609375e-05,10,0.0,0.0
0.0,47,63.5,99864.38095238096,0.0,0.0,0.0,0.0,0.0,0.0,0.0,0,0,0,0,0,0.0001001358032226,0.0,0.0,0.0,0.0,0.0,0.0,0.0,0.0,0.0,0.0,0.0,0.0,0.0,1.0,1.0,5780,578,578,578.0,0.0,578.0,1.0609626770019531e-05,10,0.0,0.0
0.0,47,63.5,92589.49227373068,0.0,0.0,0.0,0.0,0.0,0.0,0.0,0,0,0,0,0,0.000108003616333,0.0,0.0,0.0,0.0,0.0,0.0,0.0,0.0,0.0,0.0,0.0,0.0,0.0,1.0,1.0,5412,483,585,541.2,36.54768574524703,541.2,1.1301040649414062e-05,10,0.2105743252651838,2431.6875
0.0,47,63.5,99156.12293144208,0.0,0.0,0.0,0.0,0.0,0.0,0.0,0,0,0,0,0,0.0001008510589599,0.0,0.0,0.0,0.0,0.0,0.0,0.0,0.0,0.0,0.0,0.0,0.0,0.0,1.0,1.0,5348,526,544,534.8,6.613118276073197,534.8,1.068115234375e-05,10,0.1251025898609411,49.0
0.0,47,63.5,100824.6153846154,0.0,0.0,0.0,0.0,0.0,0.0,0.0,0,0,0,0,0,9.918212890625e-05,0.0,0.0,0.0,0.0,0.0,0.0,0.0,0.0,0.0,0.0,0.0,0.0,0.0,1.0,1.0,5420,526,557,542.0,9.899494936611664,542.0,1.0418891906738282e-05,10,0.1264413282573781,129.83999999999995
0.0,47,63.5,53227.20812182741,0.0,0.0,0.0,0.0,0.0,0.0,0.0,0,0,0,0,0,0.000187873840332,0.0,0.0,0.0,0.0,0.0,0.0,0.0,0.0,0.0,0.0,0.0,0.0,0.0,1.0,1.0,5415,527,551,541.5,8.36991968632648,541.5,1.938343048095703e-05,10,0.1241141104834219,63.05
0.0,47,63.5,57456.21917808219,0.0,0.0,0.0,0.0,0.0,0.0,0.0,0,0,0,0,0,0.0001740455627441,0.0,0.0,0.0,0.0,0.0,0.0,0.0,0.0,0.0,0.0,0.0,0.0,0.0,1.0,1.0,5413,496,589,541.3,32.13876164384683,541.3,1.8405914306640626e-05,10,0.1866246159432374,1768.2400000000002
0.0,47,63.5,62137.83703703704,0.0,0.0,0.0,0.0,0.0,0.0,0.0,0,0,0,0,0,0.0001609325408935,0.0,0.0,0.0,0.0,0.0,0.0,0.0,0.0,0.0,0.0,0.0,0.0,0.0,1.0,1.0,5466,526,566,546.6,10.72069649478677,546.6,1.6999244689941406e-05,10,0.1267758529241163,103.44
0.0,47,63.5,62508.2563338301,0.0,0.0,0.0,0.0,0.0,0.0,0.0,0,0,0,0,0,0.0001599788665771,0.0,0.0,0.0,0.0,0.0,0.0,0.0,0.0,0.0,0.0,0.0,0.0,0.0,1.0,1.0,5499,543,566,549.9,7.15619389837301,549.9,1.6903877258300783e-05,10,0.0963536071464412,64.0
0.0,47,63.5,4397.46697420843,0.0,0.0,0.0,0.0,0.0,0.0,0.0,0,0,0,0,0,0.0022740364074707,0.0,0.0,0.0,0.0,0.0,0.0,0.0,0.0,0.0,0.0,0.0,0.0,0.0,1.0,1.0,5484,531,558,548.4,10.297788327813134,548.4,0.0002283096313476,10,0.1180829270532179,130.69387755102042
0.0,47,63.5,827.8830704853641,0.0,0.0,0.0,0.0,0.0,0.0,0.0,0,0,0,0,0,0.0120790004730224,0.0,0.0,0.0,0.0,0.0,0.0,0.0,0.0,0.0,0.0,0.0,0.0,0.0,1.0,1.0,5608,536,603,560.8,24.03608398498669,560.8,0.0012081861495971,10,0.1151587091721242,993.84
0.0,47,63.5,2878.528584174044,0.0,0.0,0.0,0.0,0.0,0.0,0.0,0,0,0,0,0,0.0034739971160888,0.0,0.0,0.0,0.0,0.0,0.0,0.0,0.0,0.0,0.0,0.0,0.0,0.0,1.0,1.0,5597,556,563,559.7,2.8693785622209798,559.7,0.0003483057022094,10,0.0724536400511063,7.410000000000001
0.0,47,63.5,80659.69230769231,0.0,0.0,0.0,0.0,0.0,0.0,0.0,0,0,0,0,0,0.0001239776611328,0.0,0.0,0.0,0.0,0.0,0.0,0.0,0.0,0.0,0.0,0.0,0.0,0.0,1.0,1.0,5589,551,564,558.9,4.817791102892602,558.9,1.399517059326172e-05,10,0.0817679953836743,22.666666666666668
0.0,47,63.5,98922.2641509434,0.0,0.0,0.0,0.0,0.0,0.0,0.0,0,0,0,0,0,0.000101089477539,0.0,0.0,0.0,0.0,0.0,0.0,0.0,0.0,0.0,0.0,0.0,0.0,0.0,1.0,1.0,5575,554,561,557.5,2.592724864350674,557.5,1.0609626770019531e-05,10,0.0757492024007419,7.265306122448979
0.0,47,63.5,3707.835926449788,0.0,0.0,0.0,0.0,0.0,0.0,0.0,0,0,0,0,0,0.0026969909667968,0.0,0.0,0.0,0.0,0.0,0.0,0.0,0.0,0.0,0.0,0.0,0.0,0.0,1.0,1.0,5814,556,620,581.4,23.16222979095253,581.4,0.0002702951431274,10,0.0807201359276424,962.8
0.0,47,63.5,633.6763861610515,0.0,0.0,0.0,0.0,0.0,0.0,0.0,0,0,0,0,0,0.0157809257507324,0.0,0.0,0.0,0.0,0.0,0.0,0.0,0.0,0.0,0.0,0.0,0.0,0.0,1.0,1.0,5789,574,584,578.9,3.695342413844157,578.9,0.0015786886215209,10,0.0421157646857035,16.0
0.0,47,63.5,166440.6349206349,0.0,0.0,0.0,0.0,0.0,0.0,0.0,0,0,0,0,0,6.008148193359375e-05,0.0,0.0,0.0,0.0,0.0,0.0,0.0,0.0,0.0,0.0,0.0,0.0,0.0,1.0,1.0,5790,574,581,579.0,2.748737083745107,579.0,6.318092346191406e-06,10,0.0417301555384343,7.061728395061729
0.0,47,63.5,169125.16129032258,0.0,0.0,0.0,0.0,0.0,0.0,0.0,0,0,0,0,0,5.91278076171875e-05,0.0,0.0,0.0,0.0,0.0,0.0,0.0,0.0,0.0,0.0,0.0,0.0,0.0,1.0,1.0,5826,577,588,582.6,3.687817782917155,582.6,6.198883056640625e-06,10,0.0370003094520491,12.285714285714286
0.0,47,63.5,151418.91696750902,0.0,0.0,0.0,0.0,0.0,0.0,0.0,0,0,0,0,0,6.604194641113281e-05,0.0,0.0,0.0,0.0,0.0,0.0,0.0,0.0,0.0,0.0,0.0,0.0,0.0,1.0,1.0,5542,512,595,554.2,28.9628114043586,554.2,6.985664367675781e-06,10,0.1580647808536795,1466.16
0.0,47,63.5,3906.402160752538,0.0,0.0,0.0,0.0,0.0,0.0,0.0,0,0,0,0,0,0.0025599002838134,0.0,0.0,0.0,0.0,0.0,0.0,0.0,0.0,0.0,0.0,0.0,0.0,0.0,1.0,1.0,5524,549,556,552.4,3.062315754094894,552.4,0.0002562999725341,10,0.0844611449455881,8.543209876543209
0.0,47,63.5,495.37073343569153,0.0,0.0,0.0,0.0,0.0,0.0,0.0,0,0,0,0,0,0.0201869010925292,0.0,0.0,0.0,0.0,0.0,0.0,0.0,0.0,0.0,0.0,0.0,0.0,0.0,1.0,1.0,5523,547,560,552.3,4.762119042797836,552.3,0.0020199060440063,10,0.0885618368132741,20.41
0.0,47,63.5,138884.23841059604,0.0,0.0,0.0,0.0,0.0,0.0,0.0,0,0,0,0,0,7.200241088867188e-05,0.0,0.0,0.0,0.0,0.0,0.0,0.0,0.0,0.0,0.0,0.0,0.0,0.0,1.0,1.0,5517,545,560,551.7,5.034326612809746,551.7,7.510185241699219e-06,10,0.0920809832889942,30.25
0.0,47,63.5,149263.487544484,0.0,0.0,0.0,0.0,0.0,0.0,0.0,0,0,0,0,0,6.699562072753906e-05,0.0,0.0,0.0,0.0,0.0,0.0,0.0,0.0,0.0,0.0,0.0,0.0,0.0,1.0,1.0,5848,545,635,584.8,28.299195120081496,584.8,6.985664367675781e-06,10,0.1015581601241164,1341.36
0.0,47,63.5,175493.8912133891,0.0,0.0,0.0,0.0,0.0,0.0,0.0,0,0,0,0,0,5.698204040527344e-05,0.0,0.0,0.0,0.0,0.0,0.0,0.0,0.0,0.0,0.0,0.0,0.0,0.0,1.0,1.0,5790,572,588,579.0,6.27162924074226,579.0,6.008148193359375e-06,10,0.0465735008875087,51.36
0.0,47,63.5,6535.2196946089125,0.0,0.0,0.0,0.0,0.0,0.0,0.0,0,0,0,0,0,0.0015301704406738,0.0,0.0,0.0,0.0,0.0,0.0,0.0,0.0,0.0,0.0,0.0,0.0,0.0,1.0,1.0,5840,581,593,584.0,4.898979485566356,584.0,0.0001533031463623,10,0.0306771682832403,34.56
0.0,47,63.5,563.4400397630338,0.0,0.0,0.0,0.0,0.0,0.0,0.0,0,0,0,0,0,0.0177481174468994,0.0,0.0,0.0,0.0,0.0,0.0,0.0,0.0,0.0,0.0,0.0,0.0,0.0,1.0,1.0,5820,578,587,582.0,3.265986323710904,582.0,0.001858901977539,10,0.0351243421888268,16.56
0.0,47,63.5,2158.452037875669,0.0,0.0,0.0,0.0,0.0,0.0,0.0,0,0,0,0,0,0.0046329498291015,0.0,0.0,0.0,0.0,0.0,0.0,0.0,0.0,0.0,0.0,0.0,0.0,0.0,1.0,1.0,5361,467,585,536.1,42.04349599587974,536.1,0.0004649877548217,10,0.2400791785288816,3481.0
0.0,47,63.5,44620.255319148935,0.0,0.0,0.0,0.0,0.0,0.0,0.0,0,0,0,0,0,0.0002241134643554,0.0,0.0,0.0,0.0,0.0,0.0,0.0,0.0,0.0,0.0,0.0,0.0,0.0,1.0,1.0,5394,527,546,539.4,7.633260552782582,539.4,2.3603439331054688e-05,10,0.1238140250187814,59.760000000000005
0.0,47,63.5,1947.0355584439696,0.0,0.0,0.0,0.0,0.0,0.0,0.0,0,0,0,0,0,0.0051360130310058,0.0,0.0,0.0,0.0,0.0,0.0,0.0,0.0,0.0,0.0,0.0,0.0,0.0,1.0,1.0,5366,520,552,536.6,12.249263016379576,536.6,0.0005146980285644,10,0.1376233097823524,136.17283950617286
0.0,47,63.5,1280.4298317916782,0.0,0.0,0.0,0.0,0.0,0.0,0.0,0,0,0,0,0,0.0078098773956298,0.0,0.0,0.0,0.0,0.0,0.0,0.0,0.0,0.0,0.0,0.0,0.0,0.0,1.0,1.0,5385,526,558,538.5,12.642520845675254,538.5,0.000782299041748,10,0.1275587272916942,157.33333333333334
0.0,47,63.5,1310.2695948267783,0.0,0.0,0.0,0.0,0.0,0.0,0.0,0,0,0,0,0,0.0076320171356201,0.0,0.0,0.0,0.0,0.0,0.0,0.0,0.0,0.0,0.0,0.0,0.0,0.0,1.0,1.0,5852,543,633,585.2,27.776088837543547,585.2,0.0007642984390258,10,0.1047533275488617,1341.36
0.0,47,63.5,2964.5914616906985,0.0,0.0,0.0,0.0,0.0,0.0,0.0,0,0,0,0,0,0.0033731460571289,0.0,0.0,0.0,0.0,0.0,0.0,0.0,0.0,0.0,0.0,0.0,0.0,0.0,1.0,1.0,5802,575,587,580.2,4.184627953726724,580.2,0.0003394126892089,10,0.0406109500432301,22.40816326530612
0.0,47,63.5,175493.8912133891,0.0,0.0,0.0,0.0,0.0,0.0,0.0,0,0,0,0,0,5.698204040527344e-05,0.0,0.0,0.0,0.0,0.0,0.0,0.0,0.0,0.0,0.0,0.0,0.0,0.0,1.0,1.0,5842,581,588,584.2,2.8205594401741574,584.2,5.984306335449219e-06,10,0.0298305030935493,7.160000000000001
0.0,47,63.5,178481.02127659574,0.0,0.0,0.0,0.0,0.0,0.0,0.0,0,0,0,0,0,5.602836608886719e-05,0.0,0.0,0.0,0.0,0.0,0.0,0.0,0.0,0.0,0.0,0.0,0.0,0.0,1.0,1.0,5833,580,587,583.3,2.0575065816014617,583.3,6.008148193359375e-06,10,0.0312237958810812,9.0
0.0,47,63.5,129854.61300309598,0.0,0.0,0.0,0.0,0.0,0.0,0.0,0,0,0,0,0,7.700920104980469e-05,0.0,0.0,0.0,0.0,0.0,0.0,0.0,0.0,0.0,0.0,0.0,0.0,0.0,1.0,1.0,5642,538,604,564.2,23.989812652688872,564.2,8.20159912109375e-06,10,0.1117316000821993,884.1600000000001
0.0,47,63.5,175493.8912133891,0.0,0.0,0.0,0.0,0.0,0.0,0.0,0,0,0,0,0,5.698204040527344e-05,0.0,0.0,0.0,0.0,0.0,0.0,0.0,0.0,0.0,0.0,0.0,0.0,0.0,1.0,1.0,5584,554,564,558.4,3.8355066303046734,558.4,6.103515625e-06,10,0.0762554619809209,13.24
0.0,47,63.5,175493.8912133891,0.0,0.0,0.0,0.0,0.0,0.0,0.0,0,0,0,0,0,5.698204040527344e-05,0.0,0.0,0.0,0.0,0.0,0.0,0.0,0.0,0.0,0.0,0.0,0.0,0.0,1.0,1.0,5586,554,564,558.6,3.3730961708462712,558.6,5.984306335449219e-06,10,0.0760670944561559,10.543209876543209
0.0,47,63.5,172605.10288065844,0.0,0.0,0.0,0.0,0.0,0.0,0.0,0,0,0,0,0,5.793571472167969e-05,0.0,0.0,0.0,0.0,0.0,0.0,0.0,0.0,0.0,0.0,0.0,0.0,0.0,1.0,1.0,5610,556,565,561.0,3.2317865716108862,561.0,6.103515625e-06,10,0.0726012705778114,20.25
0.0,47,63.5,1627.9076266252669,0.0,0.0,0.0,0.0,0.0,0.0,0.0,0,0,0,0,0,0.0061428546905517,0.0,0.0,0.0,0.0,0.0,0.0,0.0,0.0,0.0,0.0,0.0,0.0,0.0,1.0,1.0,5255,456,575,525.5,41.743262929483606,525.5,0.000614595413208,10,0.2587023055869544,3121.2
0.0,47,63.5,1794.354652406417,0.0,0.0,0.0,0.0,0.0,0.0,0.0,0,0,0,0,0,0.005573034286499,0.0,0.0,0.0,0.0,0.0,0.0,0.0,0.0,0.0,0.0,0.0,0.0,0.0,1.0,1.0,5307,521,544,530.7,7.008724721532601,530.7,0.0005583047866821,10,0.1337843941025635,44.21
0.0,47,63.5,962.1949484985432,0.0,0.0,0.0,0.0,0.0,0.0,0.0,0,0,0,0,0,0.0103929042816162,0.0,0.0,0.0,0.0,0.0,0.0,0.0,0.0,0.0,0.0,0.0,0.0,0.0,1.0,1.0,5362,526,547,536.2,7.77174369109018,536.2,0.001039695739746,10,0.1255745675100024,55.65432098765432
0.0,47,63.5,64428.63287250384,0.0,0.0,0.0,0.0,0.0,0.0,0.0,0,0,0,0,0,0.0001552104949951,0.0,0.0,0.0,0.0,0.0,0.0,0.0,0.0,0.0,0.0,0.0,0.0,0.0,1.0,1.0,5343,524,550,534.3,9.238205693988656,534.3,1.862049102783203e-05,10,0.1295802054715032,108.57142857142856
0.0,47,63.5,90200.08602150538,0.0,0.0,0.0,0.0,0.0,0.0,0.0,0,0,0,0,0,0.0001108646392822,0.0,0.0,0.0,0.0,0.0,0.0,0.0,0.0,0.0,0.0,0.0,0.0,0.0,1.0,1.0,5826,537,627,582.6,27.35040117520115,582.6,1.1682510375976562e-05,10,0.1148046994227299,1341.36
0.0,47,63.5,1090.3925544636822,0.0,0.0,0.0,0.0,0.0,0.0,0.0,0,0,0,0,0,0.0091710090637207,0.0,0.0,0.0,0.0,0.0,0.0,0.0,0.0,0.0,0.0,0.0,0.0,0.0,1.0,1.0,5832,579,586,583.2,1.9321835661585915,583.2,0.0009176015853881,10,0.0328768742975104,4.0
0.0,47,63.5,5717.42639040349,0.0,0.0,0.0,0.0,0.0,0.0,0.0,0,0,0,0,0,0.001749038696289,0.0,0.0,0.0,0.0,0.0,0.0,0.0,0.0,0.0,0.0,0.0,0.0,0.0,1.0,1.0,5839,581,588,583.9,2.884826203122508,583.9,0.000219702720642,10,0.029856682802104,10.16
0.0,47,63.5,353.53202966958867,0.0,0.0,0.0,0.0,0.0,0.0,0.0,0,0,0,0,0,0.0282859802246093,0.0,0.0,0.0,0.0,0.0,0.0,0.0,0.0,0.0,0.0,0.0,0.0,0.0,1.0,1.0,5812,576,586,581.2,3.966526608171604,581.2,0.0028302907943725,10,0.0388179742791048,14.16
0.0,47,63.5,21982.72536687631,0.0,0.0,0.0,0.0,0.0,0.0,0.0,0,0,0,0,0,0.0004549026489257,0.0,0.0,0.0,0.0,0.0,0.0,0.0,0.0,0.0,0.0,0.0,0.0,0.0,1.0,1.0,5784,576,586,578.4,2.7968235951204043,578.4,4.86135482788086e-05,10,0.0383414840597082,25.0
0.0,47,63.5,52626.14805520703,0.0,0.0,0.0,0.0,0.0,0.0,0.0,0,0,0,0,0,0.0001900196075439,0.0,0.0,0.0,0.0,0.0,0.0,0.0,0.0,0.0,0.0,0.0,0.0,0.0,1.0,1.0,5780,578,578,578.0,0.0,578.0,2.0194053649902344e-05,10,0.0,0.0
0.0,47,63.5,315.4560770156438,0.0,0.0,0.0,0.0,0.0,0.0,0.0,0,0,0,0,0,0.0317001342773437,0.0,0.0,0.0,0.0,0.0,0.0,0.0,0.0,0.0,0.0,0.0,0.0,0.0,1.0,1.0,5780,578,578,578.0,0.0,578.0,0.0031712055206298,10,0.0,0.0
0.0,47,63.5,167103.74501992032,0.0,0.0,0.0,0.0,0.0,0.0,0.0,0,0,0,0,0,5.984306335449219e-05,0.0,0.0,0.0,0.0,0.0,0.0,0.0,0.0,0.0,0.0,0.0,0.0,0.0,1.0,1.0,5780,578,578,578.0,0.0,578.0,6.389617919921875e-06,10,0.0,0.0
0.0,47,63.5,149263.487544484,0.0,0.0,0.0,0.0,0.0,0.0,0.0,0,0,0,0,0,6.699562072753906e-05,0.0,0.0,0.0,0.0,0.0,0.0,0.0,0.0,0.0,0.0,0.0,0.0,0.0,1.0,1.0,5780,543,614,578.0,23.786083699881697,578.0,7.009506225585937e-06,10,0.1031279590559838,1008.24
0.0,47,63.5,1178.274573700031,0.0,0.0,0.0,0.0,0.0,0.0,0.0,0,0,0,0,0,0.0084869861602783,0.0,0.0,0.0,0.0,0.0,0.0,0.0,0.0,0.0,0.0,0.0,0.0,0.0,1.0,1.0,5787,576,581,578.7,1.8885620632287057,578.7,0.0008491039276123,10,0.0379714946420768,3.21
0.0,47,63.5,1535.8687612142517,0.0,0.0,0.0,0.0,0.0,0.0,0.0,0,0,0,0,0,0.0065109729766845,0.0,0.0,0.0,0.0,0.0,0.0,0.0,0.0,0.0,0.0,0.0,0.0,0.0,1.0,1.0,5774,576,581,577.4,1.7126976771553508,577.4,0.0006531000137329,10,0.037899854525766,2.984375
0.0,47,63.5,47180.02249718785,0.0,0.0,0.0,0.0,0.0,0.0,0.0,0,0,0,0,0,0.0002119541168212,0.0,0.0,0.0,0.0,0.0,0.0,0.0,0.0,0.0,0.0,0.0,0.0,0.0,1.0,1.0,5781,575,582,578.1,2.378141197564929,578.1,2.229213714599609e-05,10,0.0398750595982401,5.65432098765432
0.0,47,63.5,411.7754935744509,0.0,0.0,0.0,0.0,0.0,0.0,0.0,0,0,0,0,0,0.024285078048706,0.0,0.0,0.0,0.0,0.0,0.0,0.0,0.0,0.0,0.0,0.0,0.0,0.0,1.0,1.0,5840,559,622,584.0,21.78174567027272,584.0,0.0024295091629028,10,0.0750453919162423,818.8
0.0,47,63.5,175493.8912133891,0.0,0.0,0.0,0.0,0.0,0.0,0.0,0,0,0,0,0,5.698204040527344e-05,0.0,0.0,0.0,0.0,0.0,0.0,0.0,0.0,0.0,0.0,0.0,0.0,0.0,1.0,1.0,5811,575,584,581.1,2.601281735350223,581.1,6.103515625e-06,10,0.0399659581277123,6.09
0.0,47,63.5,171897.70491803277,0.0,0.0,0.0,0.0,0.0,0.0,0.0,0,0,0,0,0,5.817413330078125e-05,0.0,0.0,0.0,0.0,0.0,0.0,0.0,0.0,0.0,0.0,0.0,0.0,0.0,1.0,1.0,5783,575,583,578.3,2.7507574714370344,578.3,6.198883056640625e-06,10,0.0400268485635646,8.0
0.0,47,63.5,137068.75816993465,0.0,0.0,0.0,0.0,0.0,0.0,0.0,0,0,0,0,0,7.295608520507812e-05,0.0,0.0,0.0,0.0,0.0,0.0,0.0,0.0,0.0,0.0,0.0,0.0,0.0,1.0,1.0,5790,575,583,579.0,3.333333333333333,579.0,7.581710815429688e-06,10,0.0402641666666667,12.25
0.0,47,63.5,147168.56140350876,0.0,0.0,0.0,0.0,0.0,0.0,0.0,0,0,0,0,0,6.794929504394531e-05,0.0,0.0,0.0,0.0,0.0,0.0,0.0,0.0,0.0,0.0,0.0,0.0,0.0,1.0,1.0,5118,420,580,511.8,54.91771622669278,511.8,7.104873657226563e-06,10,0.3254177308821056,6400.0
0.0,47,63.5,175493.8912133891,0.0,0.0,0.0,0.0,0.0,0.0,0.0,0,0,0,0,0,5.698204040527344e-05,0.0,0.0,0.0,0.0,0.0,0.0,0.0,0.0,0.0,0.0,0.0,0.0,0.0,1.0,1.0,5132,499,518,513.2,7.583608053631933,513.2,6.008148193359375e-06,10,0.1715094385767275,54.66666666666666
0.0,47,63.5,175493.8912133891,0.0,0.0,0.0,0.0,0.0,0.0,0.0,0,0,0,0,0,5.698204040527344e-05,0.0,0.0,0.0,0.0,0.0,0.0,0.0,0.0,0.0,0.0,0.0,0.0,0.0,1.0,1.0,5229,515,528,522.9,5.546770832355223,522.9,6.103515625e-06,10,0.1434136325662683,35.760000000000005
0.0,47,63.5,169125.16129032258,0.0,0.0,0.0,0.0,0.0,0.0,0.0,0,0,0,0,0,5.91278076171875e-05,0.0,0.0,0.0,0.0,0.0,0.0,0.0,0.0,0.0,0.0,0.0,0.0,0.0,1.0,1.0,5255,519,531,525.5,5.104464277037851,525.5,6.198883056640625e-06,10,0.1364169345678942,36.0
0.0,47,63.5,158275.62264150943,0.0,0.0,0.0,0.0,0.0,0.0,0.0,0,0,0,0,0,6.318092346191406e-05,0.0,0.0,0.0,0.0,0.0,0.0,0.0,0.0,0.0,0.0,0.0,0.0,0.0,1.0,1.0,5722,520,578,572.2,18.3412104289766,572.2,6.604194641113281e-06,10,0.1401049254803479,841.0
0.0,47,63.5,278.9637719234069,0.0,0.0,0.0,0.0,0.0,0.0,0.0,0,0,0,0,0,0.0358469486236572,0.0,0.0,0.0,0.0,0.0,0.0,0.0,0.0,0.0,0.0,0.0,0.0,0.0,1.0,1.0,5780,578,578,578.0,0.0,578.0,0.0035849809646606,10,0.0,0.0
0.0,47,63.5,143150.3071672355,0.0,0.0,0.0,0.0,0.0,0.0,0.0,0,0,0,0,0,6.985664367675781e-05,0.0,0.0,0.0,0.0,0.0,0.0,0.0,0.0,0.0,0.0,0.0,0.0,0.0,1.0,1.0,5780,578,578,578.0,0.0,578.0,8.20159912109375e-06,10,0.0,0.0
0.0,47,63.5,172605.10288065844,0.0,0.0,0.0,0.0,0.0,0.0,0.0,0,0,0,0,0,5.793571472167969e-05,0.0,0.0,0.0,0.0,0.0,0.0,0.0,0.0,0.0,0.0,0.0,0.0,0.0,1.0,1.0,5780,578,578,578.0,0.0,578.0,6.103515625e-06,10,0.0,0.0
0.0,47,63.5,149263.487544484,0.0,0.0,0.0,0.0,0.0,0.0,0.0,0,0,0,0,0,6.699562072753906e-05,0.0,0.0,0.0,0.0,0.0,0.0,0.0,0.0,0.0,0.0,0.0,0.0,0.0,1.0,1.0,5144,420,578,514.4,55.10031256213022,514.4,7.104873657226563e-06,10,0.3254921133253095,6241.0
0.0,47,63.5,122282.91545189504,0.0,0.0,0.0,0.0,0.0,0.0,0.0,0,0,0,0,0,8.177757263183594e-05,0.0,0.0,0.0,0.0,0.0,0.0,0.0,0.0,0.0,0.0,0.0,0.0,0.0,1.0,1.0,5125,503,520,512.5,5.816642788871716,512.5,8.487701416015625e-06,10,0.1639731276064748,64.0
0.0,47,63.5,99864.38095238096,0.0,0.0,0.0,0.0,0.0,0.0,0.0,0,0,0,0,0,0.0001001358032226,0.0,0.0,0.0,0.0,0.0,0.0,0.0,0.0,0.0,0.0,0.0,0.0,0.0,1.0,1.0,5173,503,534,517.3,11.402241495035572,517.3,1.0514259338378908e-05,10,0.1662484770954177,179.76
0.0,47,63.5,1134.30078156692,0.0,0.0,0.0,0.0,0.0,0.0,0.0,0,0,0,0,0,0.0088160037994384,0.0,0.0,0.0,0.0,0.0,0.0,0.0,0.0,0.0,0.0,0.0,0.0,0.0,1.0,1.0,5199,509,525,519.9,6.026792034094276,519.9,0.0008821010589599,10,0.1538339540030086,32.69
0.0,47,63.5,158275.62264150943,0.0,0.0,0.0,0.0,0.0,0.0,0.0,0,0,0,0,0,6.318092346191406e-05,0.0,0.0,0.0,0.0,0.0,0.0,0.0,0.0,0.0,0.0,0.0,0.0,0.0,1.0,1.0,5573,509,602,557.3,28.779043301217172,557.3,6.604194641113281e-06,10,0.1631023110791838,1481.76
0.0,47,63.5,169125.16129032258,0.0,0.0,0.0,0.0,0.0,0.0,0.0,0,0,0,0,0,5.91278076171875e-05,0.0,0.0,0.0,0.0,0.0,0.0,0.0,0.0,0.0,0.0,0.0,0.0,0.0,1.0,1.0,5574,554,561,557.4,2.6331223544175333,557.4,6.198883056640625e-06,10,0.0757656587222955,8.693877551020408
0.0,47,63.5,174762.66666666666,0.0,0.0,0.0,0.0,0.0,0.0,0.0,0,0,0,0,0,5.7220458984375e-05,0.0,0.0,0.0,0.0,0.0,0.0,0.0,0.0,0.0,0.0,0.0,0.0,0.0,1.0,1.0,5584,557,561,558.4,1.6465452046971292,558.4,6.103515625e-06,10,0.0702513766545853,2.44
0.0,47,63.5,166440.6349206349,0.0,0.0,0.0,0.0,0.0,0.0,0.0,0,0,0,0,0,6.008148193359375e-05,0.0,0.0,0.0,0.0,0.0,0.0,0.0,0.0,0.0,0.0,0.0,0.0,0.0,1.0,1.0,5556,552,560,555.6,2.547329756605707,555.6,6.29425048828125e-06,10,0.0791389702496508,8.24
0.0,47,63.5,123361.88235294116,0.0,0.0,0.0,0.0,0.0,0.0,0.0,0,0,0,0,0,8.106231689453125e-05,0.0,0.0,0.0,0.0,0.0,0.0,0.0,0.0,0.0,0.0,0.0,0.0,0.0,1.0,1.0,5527,518,597,552.7,26.671041307838816,552.7,8.702278137207031e-06,10,0.1469064253871612,1253.0400000000002
0.0,47,63.5,105120.40100250626,0.0,0.0,0.0,0.0,0.0,0.0,0.0,0,0,0,0,0,9.512901306152344e-05,0.0,0.0,0.0,0.0,0.0,0.0,0.0,0.0,0.0,0.0,0.0,0.0,0.0,1.0,1.0,5518,547,555,551.8,2.973961069759395,551.8,9.79900360107422e-06,10,0.0878334127813772,7.959999999999999
0.0,47,63.5,175493.8912133891,0.0,0.0,0.0,0.0,0.0,0.0,0.0,0,0,0,0,0,5.698204040527344e-05,0.0,0.0,0.0,0.0,0.0,0.0,0.0,0.0,0.0,0.0,0.0,0.0,0.0,1.0,1.0,5501,544,556,550.1,4.3576242252962665,550.1,5.984306335449219e-06,10,0.0935094518044166,18.0
0.0,47,63.5,1829.4966413678792,0.0,0.0,0.0,0.0,0.0,0.0,0.0,0,0,0,0,0,0.0054659843444824,0.0,0.0,0.0,0.0,0.0,0.0,0.0,0.0,0.0,0.0,0.0,0.0,0.0,1.0,1.0,5516,548,557,551.6,3.687817782917155,551.6,0.0005470037460327,10,0.0864200794520491,15.06122448979592
0.0,47,63.5,93414.3429844098,0.0,0.0,0.0,0.0,0.0,0.0,0.0,0,0,0,0,0,0.0001070499420166,0.0,0.0,0.0,0.0,0.0,0.0,0.0,0.0,0.0,0.0,0.0,0.0,0.0,1.0,1.0,5809,552,620,580.9,23.699273312816057,580.9,1.1301040649414062e-05,10,0.0877554259767087,1006.9599999999998
0.0,47,63.5,3035.830920671685,0.0,0.0,0.0,0.0,0.0,0.0,0.0,0,0,0,0,0,0.0032939910888671,0.0,0.0,0.0,0.0,0.0,0.0,0.0,0.0,0.0,0.0,0.0,0.0,0.0,1.0,1.0,5796,571,583,579.6,3.3730961708462712,579.6,0.0003298997879028,10,0.0470968844561559,10.24
0.0,47,63.5,166440.6349206349,0.0,0.0,0.0,0.0,0.0,0.0,0.0,0,0,0,0,0,6.008148193359375e-05,0.0,0.0,0.0,0.0,0.0,0.0,0.0,0.0,0.0,0.0,0.0,0.0,0.0,1.0,1.0,5782,571,584,578.2,5.028805910838963,578.2,7.009506225585937e-06,10,0.0477713543758394,32.12244897959183
0.0,47,63.5,169125.16129032258,0.0,0.0,0.0,0.0,0.0,0.0,0.0,0,0,0,0,0,5.91278076171875e-05,0.0,0.0,0.0,0.0,0.0,0.0,0.0,0.0,0.0,0.0,0.0,0.0,0.0,1.0,1.0,5799,577,582,579.9,2.330951164939612,579.9,6.198883056640625e-06,10,0.0364475762665498,5.109375
0.0,47,63.5,161319.38461538462,0.0,0.0,0.0,0.0,0.0,0.0,0.0,0,0,0,0,0,6.198883056640625e-05,0.0,0.0,0.0,0.0,0.0,0.0,0.0,0.0,0.0,0.0,0.0,0.0,0.0,1.0,1.0,5116,420,578,511.6,54.31022003269735,511.6,6.604194641113281e-06,10,0.3251702612325197,6241.0
0.0,47,63.5,175493.8912133891,0.0,0.0,0.0,0.0,0.0,0.0,0.0,0,0,0,0,0,5.698204040527344e-05,0.0,0.0,0.0,0.0,0.0,0.0,0.0,0.0,0.0,0.0,0.0,0.0,0.0,1.0,1.0,5212,510,532,521.2,8.508818954473059,521.2,5.984306335449219e-06,10,0.1531409024892942,121.0
0.0,47,63.5,175493.8912133891,0.0,0.0,0.0,0.0,0.0,0.0,0.0,0,0,0,0,0,5.698204040527344e-05,0.0,0.0,0.0,0.0,0.0,0.0,0.0,0.0,0.0,0.0,0.0,0.0,0.0,1.0,1.0,5187,513,525,518.7,4.595891885393109,518.7,6.008148193359375e-06,10,0.1464345425184337,20.76543209876543
0.0,47,63.5,2421.9332486430303,0.0,0.0,0.0,0.0,0.0,0.0,0.0,0,0,0,0,0,0.0041289329528808,0.0,0.0,0.0,0.0,0.0,0.0,0.0,0.0,0.0,0.0,0.0,0.0,0.0,1.0,1.0,5197,505,534,519.7,11.823235127869566,519.7,0.0004132032394409,10,0.1630117130616889,125.81
0.0,47,63.5,799.0976985215668,0.0,0.0,0.0,0.0,0.0,0.0,0.0,0,0,0,0,0,0.0125141143798828,0.0,0.0,0.0,0.0,0.0,0.0,0.0,0.0,0.0,0.0,0.0,0.0,0.0,1.0,1.0,5477,509,594,547.7,28.917699309131308,547.7,0.0012530088424682,10,0.1631587939905677,1494.0
0.0,47,63.5,26395.871617369416,0.0,0.0,0.0,0.0,0.0,0.0,0.0,0,0,0,0,0,0.0003788471221923,0.0,0.0,0.0,0.0,0.0,0.0,0.0,0.0,0.0,0.0,0.0,0.0,0.0,1.0,1.0,5490,545,553,549.0,2.6246692913372702,549.0,6.937980651855469e-05,10,0.0910993852825192,6.395061728395062
0.0,47,63.5,1442.3824753258366,0.0,0.0,0.0,0.0,0.0,0.0,0.0,0,0,0,0,0,0.0069329738616943,0.0,0.0,0.0,0.0,0.0,0.0,0.0,0.0,0.0,0.0,0.0,0.0,0.0,1.0,1.0,5489,545,552,548.9,2.558211180579986,548.9,0.000693917274475,10,0.0910723129065211,10.8
0.0,47,63.5,775.6743661346698,0.0,0.0,0.0,0.0,0.0,0.0,0.0,0,0,0,0,0,0.0128920078277587,0.0,0.0,0.0,0.0,0.0,0.0,0.0,0.0,0.0,0.0,0.0,0.0,0.0,1.0,1.0,5511,543,558,551.1,5.130518708885313,551.1,0.0012898921966552,10,0.0955284281012515,23.69
0.0,47,63.5,92589.49227373068,0.0,0.0,0.0,0.0,0.0,0.0,0.0,0,0,0,0,0,0.000108003616333,0.0,0.0,0.0,0.0,0.0,0.0,0.0,0.0,0.0,0.0,0.0,0.0,0.0,1.0,1.0,5745,543,578,574.5,11.067971810589327,574.5,1.1396408081054689e-05,10,0.0979471089967616,306.25
0.0,47,63.5,776.5791520088873,0.0,0.0,0.0,0.0,0.0,0.0,0.0,0,0,0,0,0,0.0128769874572753,0.0,0.0,0.0,0.0,0.0,0.0,0.0,0.0,0.0,0.0,0.0,0.0,0.0,1.0,1.0,5780,578,578,578.0,0.0,578.0,0.0012882947921752,10,0.0,0.0
0.0,47,63.5,996.887388886248,0.0,0.0,0.0,0.0,0.0,0.0,0.0,0,0,0,0,0,0.0100312232971191,0.0,0.0,0.0,0.0,0.0,0.0,0.0,0.0,0.0,0.0,0.0,0.0,0.0,1.0,1.0,5780,578,578,578.0,0.0,578.0,0.0010042190551757,10,0.0,0.0
0.0,47,63.5,506.0450750446407,0.0,0.0,0.0,0.0,0.0,0.0,0.0,0,0,0,0,0,0.0197610855102539,0.0,0.0,0.0,0.0,0.0,0.0,0.0,0.0,0.0,0.0,0.0,0.0,0.0,1.0,1.0,5780,578,578,578.0,0.0,578.0,0.0019770860671997,10,0.0,0.0
0.0,47,63.5,147168.56140350876,0.0,0.0,0.0,0.0,0.0,0.0,0.0,0,0,0,0,0,6.794929504394531e-05,0.0,0.0,0.0,0.0,0.0,0.0,0.0,0.0,0.0,0.0,0.0,0.0,0.0,1.0,1.0,5879,566,629,587.9,22.95623856142136,587.9,7.200241088867187e-06,10,0.0635949233403806,854.64
0.0,47,63.5,166440.6349206349,0.0,0.0,0.0,0.0,0.0,0.0,0.0,0,0,0,0,0,6.008148193359375e-05,0.0,0.0,0.0,0.0,0.0,0.0,0.0,0.0,0.0,0.0,0.0,0.0,0.0,1.0,1.0,5806,571,587,580.6,6.239658110292048,580.6,6.413459777832031e-06,10,0.0482646071278086,35.04
0.0,47,63.5,175493.8912133891,0.0,0.0,0.0,0.0,0.0,0.0,0.0,0,0,0,0,0,5.698204040527344e-05,0.0,0.0,0.0,0.0,0.0,0.0,0.0,0.0,0.0,0.0,0.0,0.0,0.0,1.0,1.0,5810,573,589,581.0,6.110100926607787,581.0,5.984306335449219e-06,10,0.0448035707134629,36.83950617283951
0.0,47,63.5,169809.87854251012,0.0,0.0,0.0,0.0,0.0,0.0,0.0,0,0,0,0,0,5.888938903808594e-05,0.0,0.0,0.0,0.0,0.0,0.0,0.0,0.0,0.0,0.0,0.0,0.0,0.0,1.0,1.0,5835,576,591,583.5,5.441609239104836,583.5,6.198883056640625e-06,10,0.0394188639396417,26.65
0.0,47,63.5,55260.922266139656,0.0,0.0,0.0,0.0,0.0,0.0,0.0,0,0,0,0,0,0.000180959701538,0.0,0.0,0.0,0.0,0.0,0.0,0.0,0.0,0.0,0.0,0.0,0.0,0.0,1.0,1.0,5782,540,614,578.2,24.73324348591048,578.2,1.8405914306640626e-05,10,0.1086261840664205,1095.36
0.0,47,63.5,167103.74501992032,0.0,0.0,0.0,0.0,0.0,0.0,0.0,0,0,0,0,0,5.984306335449219e-05,0.0,0.0,0.0,0.0,0.0,0.0,0.0,0.0,0.0,0.0,0.0,0.0,0.0,1.0,1.0,5795,577,582,579.5,1.6499158227686108,579.5,6.389617919921875e-06,10,0.036170149709563,2.45
0.0,47,63.5,175493.8912133891,0.0,0.0,0.0,0.0,0.0,0.0,0.0,0,0,0,0,0,5.698204040527344e-05,0.0,0.0,0.0,0.0,0.0,0.0,0.0,0.0,0.0,0.0,0.0,0.0,0.0,1.0,1.0,5780,575,581,578.0,2.160246899469287,578.0,6.008148193359375e-06,10,0.0397862981769678,7.359999999999999
0.0,47,63.5,175493.8912133891,0.0,0.0,0.0,0.0,0.0,0.0,0.0,0,0,0,0,0,5.698204040527344e-05,0.0,0.0,0.0,0.0,0.0,0.0,0.0,0.0,0.0,0.0,0.0,0.0,0.0,1.0,1.0,5792,575,585,579.2,3.2930904093942583,579.2,6.008148193359375e-06,10,0.0402477733091709,9.760000000000002
0.0,47,63.5,2.462956449230896,0.0,0.0,0.0,0.0,0.0,0.0,0.0,0,0,0,0,0,4.060161113739014,0.0,0.0,0.0,0.0,0.0,0.0,0.0,0.0,0.0,0.0,0.0,0.0,0.0,1.0,1.0,5177,420,575,517.7,54.71755761280935,517.7,0.4060163974761963,10,0.3253361942691541,6006.25
0.0,47,63.5,1.4589696949015976,0.0,0.0,0.0,0.0,0.0,0.0,0.0,0,0,0,0,0,6.854151964187622,0.0,0.0,0.0,0.0,0.0,0.0,0.0,0.0,0.0,0.0,0.0,0.0,0.0,1.0,1.0,5255,520,535,525.5,5.873670062235365,525.5,0.6854188919067383,10,0.1350261482365522,37.04
0.0,47,63.5,0.9684737537351596,0.0,0.0,0.0,0.0,0.0,0.0,0.0,0,0,0,0,0,10.325525045394896,0.0,0.0,0.0,0.0,0.0,0.0,0.0,0.0,0.0,0.0,0.0,0.0,0.0,1.0,1.0,5176,508,531,517.6,6.752777206453652,517.6,1.0325555086135865,10,0.1558338213228209,45.358024691358025
0.0,47,63.5,1.273902389702901,0.0,0.0,0.0,0.0,0.0,0.0,0.0,0,0,0,0,0,7.849895000457764,0.0,0.0,0.0,0.0,0.0,0.0,0.0,0.0,0.0,0.0,0.0,0.0,0.0,1.0,1.0,5182,497,529,518.2,11.545080722493408,518.2,0.7849936008453369,10,0.176531444083115,119.96
0.0,47,63.5,211.29569177447303,0.0,0.0,0.0,0.0,0.0,0.0,0.0,0,0,0,0,0,0.0473270416259765,0.0,0.0,0.0,0.0,0.0,0.0,0.0,0.0,0.0,0.0,0.0,0.0,0.0,1.0,1.0,5184,442,570,518.4,45.465982399543016,518.4,0.0047355890274047,10,0.2840766125902779,3289.76
0.0,47,63.5,1182.5933966786026,0.0,0.0,0.0,0.0,0.0,0.0,0.0,0,0,0,0,0,0.0084559917449951,0.0,0.0,0.0,0.0,0.0,0.0,0.0,0.0,0.0,0.0,0.0,0.0,0.0,1.0,1.0,5292,523,534,529.2,4.984420171338332,529.2,0.0008474111557006,10,0.1295515134009964,23.061728395061728
0.0,47,63.5,2130.818939239992,0.0,0.0,0.0,0.0,0.0,0.0,0.0,0,0,0,0,0,0.0046930313110351,0.0,0.0,0.0,0.0,0.0,0.0,0.0,0.0,0.0,0.0,0.0,0.0,0.0,1.0,1.0,5258,521,533,525.8,5.308274463305169,525.8,0.0004698991775512,10,0.133091698685372,36.0
0.0,47,63.5,135300.12903225806,0.0,0.0,0.0,0.0,0.0,0.0,0.0,0,0,0,0,0,7.390975952148438e-05,0.0,0.0,0.0,0.0,0.0,0.0,0.0,0.0,0.0,0.0,0.0,0.0,0.0,1.0,1.0,5273,518,538,527.3,7.409453421137082,527.3,8.392333984375e-06,10,0.1390600249456343,49.41
0.0,47,63.5,11137.291556027616,0.0,0.0,0.0,0.0,0.0,0.0,0.0,0,0,0,0,0,0.0008978843688964,0.0,0.0,0.0,0.0,0.0,0.0,0.0,0.0,0.0,0.0,0.0,0.0,0.0,1.0,1.0,5847,538,633,584.7,28.97527681777461,584.7,9.009838104248046e-05,10,0.1137624787644886,1438.96
0.0,47,63.5,598.5876980162694,0.0,0.0,0.0,0.0,0.0,0.0,0.0,0,0,0,0,0,0.0167059898376464,0.0,0.0,0.0,0.0,0.0,0.0,0.0,0.0,0.0,0.0,0.0,0.0,0.0,1.0,1.0,5809,574,593,580.9,5.933895104491745,580.9,0.0016726016998291,10,0.0430276615097657,90.25
0.0,47,63.5,92589.49227373068,0.0,0.0,0.0,0.0,0.0,0.0,0.0,0,0,0,0,0,0.000108003616333,0.0,0.0,0.0,0.0,0.0,0.0,0.0,0.0,0.0,0.0,0.0,0.0,0.0,1.0,1.0,5800,577,584,580.0,2.0,580.0,1.1897087097167968e-05,10,0.03631276,5.142857142857143
0.0,47,63.5,145131.62629757787,0.0,0.0,0.0,0.0,0.0,0.0,0.0,0,0,0,0,0,6.890296936035156e-05,0.0,0.0,0.0,0.0,0.0,0.0,0.0,0.0,0.0,0.0,0.0,0.0,0.0,1.0,1.0,5813,580,583,581.3,1.2516655570345725,581.3,7.295608520507813e-06,10,0.0308955284813136,2.25
0.0,47,63.5,9478.653107344631,0.0,0.0,0.0,0.0,0.0,0.0,0.0,0,0,0,0,0,0.0010550022125244,0.0,0.0,0.0,0.0,0.0,0.0,0.0,0.0,0.0,0.0,0.0,0.0,0.0,1.0,1.0,5189,432,583,518.9,51.713849423749366,518.9,0.0001060009002685,10,0.3036630437012585,5700.25
0.0,47,63.5,521.3748182032891,0.0,0.0,0.0,0.0,0.0,0.0,0.0,0,0,0,0,0,0.0191800594329834,0.0,0.0,0.0,0.0,0.0,0.0,0.0,0.0,0.0,0.0,0.0,0.0,0.0,1.0,1.0,5215,510,535,521.5,9.548123724935005,521.5,0.0019189119338989,10,0.1535642736805896,90.25
0.0,47,63.5,5015.31029534856,0.0,0.0,0.0,0.0,0.0,0.0,0.0,0,0,0,0,0,0.0019938945770263,0.0,0.0,0.0,0.0,0.0,0.0,0.0,0.0,0.0,0.0,0.0,0.0,0.0,1.0,1.0,5264,511,534,526.4,8.126773310757747,526.4,0.0002012968063354,10,0.1512811423758703,132.25
0.0,47,63.5,99864.38095238096,0.0,0.0,0.0,0.0,0.0,0.0,0.0,0,0,0,0,0,0.0001001358032226,0.0,0.0,0.0,0.0,0.0,0.0,0.0,0.0,0.0,0.0,0.0,0.0,0.0,1.0,1.0,5276,515,538,527.6,8.248905651323964,527.6,1.0704994201660156e-05,10,0.1445143742061234,69.63265306122449
0.0,47,63.5,90006.52360515021,0.0,0.0,0.0,0.0,0.0,0.0,0.0,0,0,0,0,0,0.0001111030578613,0.0,0.0,0.0,0.0,0.0,0.0,0.0,0.0,0.0,0.0,0.0,0.0,0.0,1.0,1.0,5735,533,578,573.5,14.230249470757707,573.5,1.170635223388672e-05,10,0.1162765944244079,506.25
0.0,47,63.5,101067.56626506025,0.0,0.0,0.0,0.0,0.0,0.0,0.0,0,0,0,0,0,9.894371032714844e-05,0.0,0.0,0.0,0.0,0.0,0.0,0.0,0.0,0.0,0.0,0.0,0.0,0.0,1.0,1.0,5780,578,578,578.0,0.0,578.0,1.049041748046875e-05,10,0.0,0.0
0.0,47,63.5,646.4510958355168,0.0,0.0,0.0,0.0,0.0,0.0,0.0,0,0,0,0,0,0.0154690742492675,0.0,0.0,0.0,0.0,0.0,0.0,0.0,0.0,0.0,0.0,0.0,0.0,0.0,1.0,1.0,5780,578,578,578.0,0.0,578.0,0.0015475034713745,10,0.0,0.0
0.0,47,63.5,62137.83703703704,0.0,0.0,0.0,0.0,0.0,0.0,0.0,0,0,0,0,0,0.0001609325408935,0.0,0.0,0.0,0.0,0.0,0.0,0.0,0.0,0.0,0.0,0.0,0.0,0.0,1.0,1.0,5780,578,578,578.0,0.0,578.0,1.6689300537109375e-05,10,0.0,0.0
0.0,47,63.5,1523.207437536316,0.0,0.0,0.0,0.0,0.0,0.0,0.0,0,0,0,0,0,0.0065650939941406,0.0,0.0,0.0,0.0,0.0,0.0,0.0,0.0,0.0,0.0,0.0,0.0,0.0,1.0,1.0,5780,578,578,578.0,0.0,578.0,0.0006574153900146,10,0.0,0.0
0.0,47,63.5,110086.719160105,0.0,0.0,0.0,0.0,0.0,0.0,0.0,0,0,0,0,0,9.083747863769533e-05,0.0,0.0,0.0,0.0,0.0,0.0,0.0,0.0,0.0,0.0,0.0,0.0,0.0,1.0,1.0,5780,578,578,578.0,0.0,578.0,9.679794311523438e-06,10,0.0,0.0
0.0,47,63.5,103054.15233415231,0.0,0.0,0.0,0.0,0.0,0.0,0.0,0,0,0,0,0,9.703636169433594e-05,0.0,0.0,0.0,0.0,0.0,0.0,0.0,0.0,0.0,0.0,0.0,0.0,0.0,1.0,1.0,5780,578,578,578.0,0.0,578.0,1.0204315185546874e-05,10,0.0,0.0
0.0,47,63.5,578.365140650855,0.0,0.0,0.0,0.0,0.0,0.0,0.0,0,0,0,0,0,0.0172901153564453,0.0,0.0,0.0,0.0,0.0,0.0,0.0,0.0,0.0,0.0,0.0,0.0,0.0,1.0,1.0,5780,578,578,578.0,0.0,578.0,0.0017296075820922,10,0.0,0.0
0.0,47,63.5,101067.56626506025,0.0,0.0,0.0,0.0,0.0,0.0,0.0,0,0,0,0,0,9.894371032714844e-05,0.0,0.0,0.0,0.0,0.0,0.0,0.0,0.0,0.0,0.0,0.0,0.0,0.0,1.0,1.0,5840,555,618,584.0,21.176506899024787,584.0,1.1301040649414062e-05,10,0.0816153618503867,805.3599999999999
0.0,47,63.5,643.8808123915813,0.0,0.0,0.0,0.0,0.0,0.0,0.0,0,0,0,0,0,0.0155308246612548,0.0,0.0,0.0,0.0,0.0,0.0,0.0,0.0,0.0,0.0,0.0,0.0,0.0,1.0,1.0,5806,579,582,580.6,1.1737877907772674,580.6,0.0015533924102783,10,0.032567934194451,1.44
0.0,47,63.5,11522.813186813188,0.0,0.0,0.0,0.0,0.0,0.0,0.0,0,0,0,0,0,0.0008678436279296,0.0,0.0,0.0,0.0,0.0,0.0,0.0,0.0,0.0,0.0,0.0,0.0,0.0,1.0,1.0,5772,574,580,577.2,2.3944379994757297,577.2,0.0001266956329345,10,0.0415858282634664,5.16
0.0,47,63.5,38908.20037105752,0.0,0.0,0.0,0.0,0.0,0.0,0.0,0,0,0,0,0,0.0002570152282714,0.0,0.0,0.0,0.0,0.0,0.0,0.0,0.0,0.0,0.0,0.0,0.0,0.0,1.0,1.0,5781,573,581,578.1,3.5103022978402048,578.1,2.6702880859375e-05,10,0.0437445167440481,14.24
0.0,47,63.5,587.4375350140056,0.0,0.0,0.0,0.0,0.0,0.0,0.0,0,0,0,0,0,0.0170230865478515,0.0,0.0,0.0,0.0,0.0,0.0,0.0,0.0,0.0,0.0,0.0,0.0,0.0,1.0,1.0,5441,486,586,544.1,36.48576586987193,544.1,0.0017033100128173,10,0.205436711584751,2379.6875
0.0,47,63.5,2425.4345689007114,0.0,0.0,0.0,0.0,0.0,0.0,0.0,0,0,0,0,0,0.0041229724884033,0.0,0.0,0.0,0.0,0.0,0.0,0.0,0.0,0.0,0.0,0.0,0.0,0.0,1.0,1.0,5449,528,552,544.9,9.585289655392671,544.9,0.0004133939743041,10,0.1229050735940208,109.55555555555556
0.0,47,63.5,105120.40100250626,0.0,0.0,0.0,0.0,0.0,0.0,0.0,0,0,0,0,0,9.512901306152344e-05,0.0,0.0,0.0,0.0,0.0,0.0,0.0,0.0,0.0,0.0,0.0,0.0,0.0,1.0,1.0,5408,533,552,540.8,8.0938934457473,540.8,1.0013580322265623e-05,10,0.1137768884340596,72.25
0.0,47,63.5,106454.41624365482,0.0,0.0,0.0,0.0,0.0,0.0,0.0,0,0,0,0,0,9.393692016601562e-05,0.0,0.0,0.0,0.0,0.0,0.0,0.0,0.0,0.0,0.0,0.0,0.0,0.0,1.0,1.0,5394,532,557,539.4,7.515909052728677,539.4,9.989738464355468e-06,10,0.1152455707117196,50.84
0.0,47,63.5,898.3110235377268,0.0,0.0,0.0,0.0,0.0,0.0,0.0,0,0,0,0,0,0.011132001876831,0.0,0.0,0.0,0.0,0.0,0.0,0.0,0.0,0.0,0.0,0.0,0.0,0.0,1.0,1.0,5878,557,635,587.8,26.16953275174099,587.8,0.0011137962341308,10,0.0802410608617491,1139.76
0.0,47,63.5,80043.96946564886,0.0,0.0,0.0,0.0,0.0,0.0,0.0,0,0,0,0,0,0.0001249313354492,0.0,0.0,0.0,0.0,0.0,0.0,0.0,0.0,0.0,0.0,0.0,0.0,0.0,1.0,1.0,5808,575,587,580.8,4.802776974487434,580.8,1.4400482177734376e-05,10,0.0408627592283272,36.0
0.0,47,63.5,1080.14318456903,0.0,0.0,0.0,0.0,0.0,0.0,0.0,0,0,0,0,0,0.0092580318450927,0.0,0.0,0.0,0.0,0.0,0.0,0.0,0.0,0.0,0.0,0.0,0.0,0.0,1.0,1.0,5799,572,585,579.9,4.90917508345343,579.9,0.0009263038635253,10,0.0460184915619956,42.25
0.0,47,63.5,97090.37037037036,0.0,0.0,0.0,0.0,0.0,0.0,0.0,0,0,0,0,0,0.0001029968261718,0.0,0.0,0.0,0.0,0.0,0.0,0.0,0.0,0.0,0.0,0.0,0.0,0.0,1.0,1.0,5831,575,587,583.1,3.7549966711037177,583.1,1.0991096496582032e-05,10,0.0404359354439408,12.69
0.0,47,63.5,3498.752085418752,0.0,0.0,0.0,0.0,0.0,0.0,0.0,0,0,0,0,0,0.0028581619262695,0.0,0.0,0.0,0.0,0.0,0.0,0.0,0.0,0.0,0.0,0.0,0.0,0.0,1.0,1.0,5334,470,580,533.4,39.63500136663721,533.4,0.000286316871643,10,0.2339856641567133,2892.1875
0.0,47,63.5,12104.773448773449,0.0,0.0,0.0,0.0,0.0,0.0,0.0,0,0,0,0,0,0.0008261203765869,0.0,0.0,0.0,0.0,0.0,0.0,0.0,0.0,0.0,0.0,0.0,0.0,0.0,1.0,1.0,5425,535,555,542.5,7.011894655987543,542.5,8.440017700195312e-05,10,0.109927865407063,100.0
0.0,47,63.5,233.3240989525097,0.0,0.0,0.0,0.0,0.0,0.0,0.0,0,0,0,0,0,0.0428588390350341,0.0,0.0,0.0,0.0,0.0,0.0,0.0,0.0,0.0,0.0,0.0,0.0,0.0,1.0,1.0,5352,531,546,535.2,4.289522117905444,535.2,0.0042869806289672,10,0.1156353997299499,16.56
0.0,47,63.5,39681.21097445601,0.0,0.0,0.0,0.0,0.0,0.0,0.0,0,0,0,0,0,0.0002520084381103,0.0,0.0,0.0,0.0,0.0,0.0,0.0,0.0,0.0,0.0,0.0,0.0,0.0,1.0,1.0,5412,535,547,541.2,5.223876806442596,541.2,2.7513504028320317e-05,10,0.1091994984558724,27.44
0.0,47,63.5,674.0328153373937,0.0,0.0,0.0,0.0,0.0,0.0,0.0,0,0,0,0,0,0.0148360729217529,0.0,0.0,0.0,0.0,0.0,0.0,0.0,0.0,0.0,0.0,0.0,0.0,0.0,1.0,1.0,5748,546,578,574.8,10.11928851253881,574.8,0.0014847993850708,10,0.0924482633684678,256.0
0.0,47,63.5,2863.592544548372,0.0,0.0,0.0,0.0,0.0,0.0,0.0,0,0,0,0,0,0.0034921169281005,0.0,0.0,0.0,0.0,0.0,0.0,0.0,0.0,0.0,0.0,0.0,0.0,0.0,1.0,1.0,5780,578,578,578.0,0.0,578.0,0.0003514051437377,10,0.0,0.0
0.0,47,63.5,13774.3973727422,0.0,0.0,0.0,0.0,0.0,0.0,0.0,0,0,0,0,0,0.0007259845733642,0.0,0.0,0.0,0.0,0.0,0.0,0.0,0.0,0.0,0.0,0.0,0.0,0.0,1.0,1.0,5780,578,578,578.0,0.0,578.0,7.46011734008789e-05,10,0.0,0.0
0.0,47,63.5,60611.32947976879,0.0,0.0,0.0,0.0,0.0,0.0,0.0,0,0,0,0,0,0.0001649856567382,0.0,0.0,0.0,0.0,0.0,0.0,0.0,0.0,0.0,0.0,0.0,0.0,0.0,1.0,1.0,5780,578,578,578.0,0.0,578.0,1.749992370605469e-05,10,0.0,0.0
0.0,47,63.5,423.94113366216544,0.0,0.0,0.0,0.0,0.0,0.0,0.0,0,0,0,0,0,0.0235881805419921,0.0,0.0,0.0,0.0,0.0,0.0,0.0,0.0,0.0,0.0,0.0,0.0,0.0,1.0,1.0,5533,510,594,553.3,29.41673748811116,553.3,0.0023597002029418,10,0.161657952183157,1519.36
0.0,47,63.5,10549.054325955734,0.0,0.0,0.0,0.0,0.0,0.0,0.0,0,0,0,0,0,0.0009479522705078,0.0,0.0,0.0,0.0,0.0,0.0,0.0,0.0,0.0,0.0,0.0,0.0,0.0,1.0,1.0,5482,547,551,548.2,1.5491933384829668,548.2,9.529590606689451e-05,10,0.0872530193983644,2.25
0.0,47,63.5,78106.21973929237,0.0,0.0,0.0,0.0,0.0,0.0,0.0,0,0,0,0,0,0.0001280307769775,0.0,0.0,0.0,0.0,0.0,0.0,0.0,0.0,0.0,0.0,0.0,0.0,0.0,1.0,1.0,5476,541,553,547.6,4.168666186896929,547.6,1.3804435729980468e-05,10,0.0985448678578943,15.64
0.0,47,63.5,77528.72458410352,0.0,0.0,0.0,0.0,0.0,0.0,0.0,0,0,0,0,0,0.0001289844512939,0.0,0.0,0.0,0.0,0.0,0.0,0.0,0.0,0.0,0.0,0.0,0.0,0.0,1.0,1.0,5502,541,560,550.2,6.511528238439883,550.2,1.3589859008789062e-05,10,0.0994992561432109,90.25
0.0,47,63.5,2215.340410922728,0.0,0.0,0.0,0.0,0.0,0.0,0.0,0,0,0,0,0,0.0045139789581298,0.0,0.0,0.0,0.0,0.0,0.0,0.0,0.0,0.0,0.0,0.0,0.0,0.0,1.0,1.0,5495,506,593,549.5,29.0181935267438,549.5,0.0004519939422607,10,0.1683121213150544,1513.84
0.0,47,63.5,764.6304736208846,0.0,0.0,0.0,0.0,0.0,0.0,0.0,0,0,0,0,0,0.0130782127380371,0.0,0.0,0.0,0.0,0.0,0.0,0.0,0.0,0.0,0.0,0.0,0.0,0.0,1.0,1.0,5464,539,554,546.4,5.232377832092955,546.4,0.0013084173202514,10,0.1023864414336813,24.64
0.0,47,63.5,9049.19956850054,0.0,0.0,0.0,0.0,0.0,0.0,0.0,0,0,0,0,0,0.0011050701141357,0.0,0.0,0.0,0.0,0.0,0.0,0.0,0.0,0.0,0.0,0.0,0.0,0.0,1.0,1.0,5482,543,554,548.2,4.417138339593985,548.2,0.0001191854476928,10,0.095237825474017,21.26530612244898
0.0,47,63.5,116185.70637119112,0.0,0.0,0.0,0.0,0.0,0.0,0.0,0,0,0,0,0,8.606910705566406e-05,0.0,0.0,0.0,0.0,0.0,0.0,0.0,0.0,0.0,0.0,0.0,0.0,0.0,1.0,1.0,5460,539,552,546.0,4.570436400267363,546.0,9.107589721679688e-06,10,0.1021167929720129,20.39506172839506
0.0,47,63.5,151967.53623188406,0.0,0.0,0.0,0.0,0.0,0.0,0.0,0,0,0,0,0,6.580352783203125e-05,0.0,0.0,0.0,0.0,0.0,0.0,0.0,0.0,0.0,0.0,0.0,0.0,0.0,1.0,1.0,5849,544,631,584.9,27.127067253534392,584.9,6.985664367675781e-06,10,0.1027848121163997,1286.64
0.0,47,63.5,135300.12903225806,0.0,0.0,0.0,0.0,0.0,0.0,0.0,0,0,0,0,0,7.390975952148438e-05,0.0,0.0,0.0,0.0,0.0,0.0,0.0,0.0,0.0,0.0,0.0,0.0,0.0,1.0,1.0,5798,574,584,579.8,4.077035960378842,579.8,7.700920104980468e-06,10,0.0422712513688199,16.54320987654321
0.0,47,63.5,134865.08038585208,0.0,0.0,0.0,0.0,0.0,0.0,0.0,0,0,0,0,0,7.414817810058594e-05,0.0,0.0,0.0,0.0,0.0,0.0,0.0,0.0,0.0,0.0,0.0,0.0,0.0,1.0,1.0,5842,579,591,584.2,4.516635916254487,584.2,8.320808410644531e-06,10,0.0339296768068454,23.714285714285715
0.0,47,63.5,32896.50196078431,0.0,0.0,0.0,0.0,0.0,0.0,0.0,0,0,0,0,0,0.0003039836883544,0.0,0.0,0.0,0.0,0.0,0.0,0.0,0.0,0.0,0.0,0.0,0.0,0.0,1.0,1.0,5797,574,585,579.7,4.372896319628699,579.7,6.608963012695312e-05,10,0.0423917730447639,20.48979591836735
0.0,47,63.5,63262.503770739066,0.0,0.0,0.0,0.0,0.0,0.0,0.0,0,0,0,0,0,0.0001580715179443,0.0,0.0,0.0,0.0,0.0,0.0,0.0,0.0,0.0,0.0,0.0,0.0,0.0,1.0,1.0,5883,574,637,588.3,25.75547406755396,588.3,1.6307830810546876e-05,10,0.0511021799161587,897.8399999999999
0.0,47,63.5,59493.67375886525,0.0,0.0,0.0,0.0,0.0,0.0,0.0,0,0,0,0,0,0.0001680850982666,0.0,0.0,0.0,0.0,0.0,0.0,0.0,0.0,0.0,0.0,0.0,0.0,0.0,1.0,1.0,5799,577,586,579.9,3.6347092196090616,579.9,1.7690658569335938e-05,10,0.0369786751476999,13.209876543209877
0.0,47,63.5,1502.6346146956614,0.0,0.0,0.0,0.0,0.0,0.0,0.0,0,0,0,0,0,0.0066549777984619,0.0,0.0,0.0,0.0,0.0,0.0,0.0,0.0,0.0,0.0,0.0,0.0,0.0,1.0,1.0,5796,574,588,579.6,4.948624949305502,579.6,0.0006664037704467,10,0.042626301859349,24.17283950617284
0.0,47,63.5,95979.49656750572,0.0,0.0,0.0,0.0,0.0,0.0,0.0,0,0,0,0,0,0.0001041889190673,0.0,0.0,0.0,0.0,0.0,0.0,0.0,0.0,0.0,0.0,0.0,0.0,0.0,1.0,1.0,5768,574,583,576.8,3.614784456460256,576.8,1.1205673217773438e-05,10,0.0420829485961836,13.959183673469388
0.0,47,63.5,90982.73318872016,0.0,0.0,0.0,0.0,0.0,0.0,0.0,0,0,0,0,0,0.0001099109649658,0.0,0.0,0.0,0.0,0.0,0.0,0.0,0.0,0.0,0.0,0.0,0.0,0.0,1.0,1.0,5780,578,578,578.0,0.0,578.0,1.1491775512695311e-05,10,0.0,0.0
0.0,47,63.5,101067.56626506025,0.0,0.0,0.0,0.0,0.0,0.0,0.0,0,0,0,0,0,9.894371032714844e-05,0.0,0.0,0.0,0.0,0.0,0.0,0.0,0.0,0.0,0.0,0.0,0.0,0.0,1.0,1.0,5780,578,578,578.0,0.0,578.0,1.080036163330078e-05,10,0.0,0.0
0.0,47,63.5,103054.15233415231,0.0,0.0,0.0,0.0,0.0,0.0,0.0,0,0,0,0,0,9.703636169433594e-05,0.0,0.0,0.0,0.0,0.0,0.0,0.0,0.0,0.0,0.0,0.0,0.0,0.0,1.0,1.0,5780,578,578,578.0,0.0,578.0,1.02996826171875e-05,10,0.0,0.0
0.0,47,63.5,2421.9332486430303,0.0,0.0,0.0,0.0,0.0,0.0,0.0,0,0,0,0,0,0.0041289329528808,0.0,0.0,0.0,0.0,0.0,0.0,0.0,0.0,0.0,0.0,0.0,0.0,0.0,1.0,1.0,5780,578,578,578.0,0.0,578.0,0.0004133939743041,10,0.0,0.0
0.0,47,63.5,2179.0856192851206,0.0,0.0,0.0,0.0,0.0,0.0,0.0,0,0,0,0,0,0.0045890808105468,0.0,0.0,0.0,0.0,0.0,0.0,0.0,0.0,0.0,0.0,0.0,0.0,0.0,1.0,1.0,5780,578,578,578.0,0.0,578.0,0.0004608154296875,10,0.0,0.0
0.0,47,63.5,438.8081687311684,0.0,0.0,0.0,0.0,0.0,0.0,0.0,0,0,0,0,0,0.0227890014648437,0.0,0.0,0.0,0.0,0.0,0.0,0.0,0.0,0.0,0.0,0.0,0.0,0.0,1.0,1.0,5780,578,578,578.0,0.0,578.0,0.0022791862487792,10,0.0,0.0
0.0,47,63.5,63262.503770739066,0.0,0.0,0.0,0.0,0.0,0.0,0.0,0,0,0,0,0,0.0001580715179443,0.0,0.0,0.0,0.0,0.0,0.0,0.0,0.0,0.0,0.0,0.0,0.0,0.0,1.0,1.0,5780,578,578,578.0,0.0,578.0,1.8215179443359376e-05,10,0.0,0.0
0.0,47,63.5,44431.18644067797,0.0,0.0,0.0,0.0,0.0,0.0,0.0,0,0,0,0,0,0.0002250671386718,0.0,0.0,0.0,0.0,0.0,0.0,0.0,0.0,0.0,0.0,0.0,0.0,0.0,1.0,1.0,5780,578,578,578.0,0.0,578.0,2.319812774658203e-05,10,0.0,0.0
0.0,47,63.5,44858.866310160425,0.0,0.0,0.0,0.0,0.0,0.0,0.0,0,0,0,0,0,0.0002229213714599,0.0,0.0,0.0,0.0,0.0,0.0,0.0,0.0,0.0,0.0,0.0,0.0,0.0,1.0,1.0,5780,578,578,578.0,0.0,578.0,2.3794174194335937e-05,10,0.0,0.0
0.0,47,63.5,2383.804489911907,0.0,0.0,0.0,0.0,0.0,0.0,0.0,0,0,0,0,0,0.0041949748992919,0.0,0.0,0.0,0.0,0.0,0.0,0.0,0.0,0.0,0.0,0.0,0.0,0.0,1.0,1.0,5780,578,578,578.0,0.0,578.0,0.0004209995269775,10,0.0,0.0
0.0,47,63.5,116185.70637119112,0.0,0.0,0.0,0.0,0.0,0.0,0.0,0,0,0,0,0,8.606910705566406e-05,0.0,0.0,0.0,0.0,0.0,0.0,0.0,0.0,0.0,0.0,0.0,0.0,0.0,1.0,1.0,5780,578,578,578.0,0.0,578.0,8.89301300048828e-06,10,0.0,0.0
0.0,47,63.5,5088.939577772386,0.0,0.0,0.0,0.0,0.0,0.0,0.0,0,0,0,0,0,0.001965045928955,0.0,0.0,0.0,0.0,0.0,0.0,0.0,0.0,0.0,0.0,0.0,0.0,0.0,1.0,1.0,5780,578,578,578.0,0.0,578.0,0.0001971006393432,10,0.0,0.0
0.0,47,63.5,1424.5021056921614,0.0,0.0,0.0,0.0,0.0,0.0,0.0,0,0,0,0,0,0.0070199966430664,0.0,0.0,0.0,0.0,0.0,0.0,0.0,0.0,0.0,0.0,0.0,0.0,0.0,1.0,1.0,5776,576,578,577.6,0.8432740427115677,577.6,0.0007039070129394,10,0.0,1.0
0.0,47,63.5,3880.381163844944,0.0,0.0,0.0,0.0,0.0,0.0,0.0,0,0,0,0,0,0.0025770664215087,0.0,0.0,0.0,0.0,0.0,0.0,0.0,0.0,0.0,0.0,0.0,0.0,0.0,1.0,1.0,5780,578,578,578.0,0.0,578.0,0.0002599000930786,10,0.0,0.0
0.0,47,63.5,203.35132042722984,0.0,0.0,0.0,0.0,0.0,0.0,0.0,0,0,0,0,0,0.0491759777069091,0.0,0.0,0.0,0.0,0.0,0.0,0.0,0.0,0.0,0.0,0.0,0.0,0.0,1.0,1.0,5780,578,578,578.0,0.0,578.0,0.0049190998077392,10,0.0,0.0
0.0,47,63.5,103054.15233415231,0.0,0.0,0.0,0.0,0.0,0.0,0.0,0,0,0,0,0,9.703636169433594e-05,0.0,0.0,0.0,0.0,0.0,0.0,0.0,0.0,0.0,0.0,0.0,0.0,0.0,1.0,1.0,5780,578,578,578.0,0.0,578.0,1.0395050048828124e-05,10,0.0,0.0
0.0,47,63.5,16.90265397568435,0.0,0.0,0.0,0.0,0.0,0.0,0.0,0,0,0,0,0,0.591623067855835,0.0,0.0,0.0,0.0,0.0,0.0,0.0,0.0,0.0,0.0,0.0,0.0,0.0,1.0,1.0,5101,420,578,510.1,54.769111327056926,510.1,0.0591628074645996,10,0.3253571951901899,6241.0
0.0,47,63.5,22.2591211203264,0.0,0.0,0.0,0.0,0.0,0.0,0.0,0,0,0,0,0,0.449254035949707,0.0,0.0,0.0,0.0,0.0,0.0,0.0,0.0,0.0,0.0,0.0,0.0,0.0,1.0,1.0,5223,514,530,522.3,6.412661087428699,522.3,0.0449282884597778,10,0.1454704916205749,59.04
0.0,47,63.5,3.074078905900719,0.0,0.0,0.0,0.0,0.0,0.0,0.0,0,0,0,0,0,3.253006935119629,0.0,0.0,0.0,0.0,0.0,0.0,0.0,0.0,0.0,0.0,0.0,0.0,0.0,1.0,1.0,5175,499,524,517.5,9.947082207584517,517.5,0.3253046989440918,10,0.1724722234080816,97.4320987654321
0.0,47,63.5,2.3152880182869104,0.0,0.0,0.0,0.0,0.0,0.0,0.0,0,0,0,0,0,4.319117069244385,0.0,0.0,0.0,0.0,0.0,0.0,0.0,0.0,0.0,0.0,0.0,0.0,0.0,1.0,1.0,5192,509,534,519.2,9.88601706114921,519.2,0.4319146156311035,10,0.1554060479100297,118.8888888888889
0.0,47,63.5,679.9993515020833,0.0,0.0,0.0,0.0,0.0,0.0,0.0,0,0,0,0,0,0.0147058963775634,0.0,0.0,0.0,0.0,0.0,0.0,0.0,0.0,0.0,0.0,0.0,0.0,0.0,1.0,1.0,5060,420,563,506.0,49.74155428032202,506.0,0.0014736890792846,10,0.3233091695516321,4291.4400000000005
0.0,47,63.5,779.3641414422951,0.0,0.0,0.0,0.0,0.0,0.0,0.0,0,0,0,0,0,0.0128309726715087,0.0,0.0,0.0,0.0,0.0,0.0,0.0,0.0,0.0,0.0,0.0,0.0,0.0,1.0,1.0,5190,507,536,519.0,10.519822558706334,519.0,0.0012839078903198,10,0.1590724949175146,185.84
0.0,47,63.5,23750.30577576444,0.0,0.0,0.0,0.0,0.0,0.0,0.0,0,0,0,0,0,0.0004210472106933,0.0,0.0,0.0,0.0,0.0,0.0,0.0,0.0,0.0,0.0,0.0,0.0,0.0,1.0,1.0,5217,507,535,521.7,10.382142788889432,521.7,4.2390823364257815e-05,10,0.159016409686482,162.56
0.0,47,63.5,153637.50915750916,0.0,0.0,0.0,0.0,0.0,0.0,0.0,0,0,0,0,0,6.508827209472656e-05,0.0,0.0,0.0,0.0,0.0,0.0,0.0,0.0,0.0,0.0,0.0,0.0,0.0,1.0,1.0,5170,512,526,517.0,4.136557881996952,517.0,7.414817810058594e-06,10,0.1479515582188103,15.4
0.0,47,63.5,5861.240916713247,0.0,0.0,0.0,0.0,0.0,0.0,0.0,0,0,0,0,0,0.0017061233520507,0.0,0.0,0.0,0.0,0.0,0.0,0.0,0.0,0.0,0.0,0.0,0.0,0.0,1.0,1.0,5505,513,595,550.5,28.66763564253832,550.5,0.0001708984375,10,0.1562404080553444,1470.2400000000002
0.0,47,63.5,885.9770600536533,0.0,0.0,0.0,0.0,0.0,0.0,0.0,0,0,0,0,0,0.011286973953247,0.0,0.0,0.0,0.0,0.0,0.0,0.0,0.0,0.0,0.0,0.0,0.0,0.0,1.0,1.0,5528,546,556,552.8,3.7058512292499457,552.8,0.0011297941207885,10,0.0898356855567472,13.135802469135802
0.0,47,63.5,51527.07616707616,0.0,0.0,0.0,0.0,0.0,0.0,0.0,0,0,0,0,0,0.0001940727233886,0.0,0.0,0.0,0.0,0.0,0.0,0.0,0.0,0.0,0.0,0.0,0.0,0.0,1.0,1.0,5510,548,557,551.0,2.867441755680876,551.0,2.0599365234375e-05,10,0.0860858910735941,7.4
0.0,47,63.5,1213.1732855118155,0.0,0.0,0.0,0.0,0.0,0.0,0.0,0,0,0,0,0,0.0082428455352783,0.0,0.0,0.0,0.0,0.0,0.0,0.0,0.0,0.0,0.0,0.0,0.0,0.0,1.0,1.0,5520,546,557,552.0,4.027681991198191,552.0,0.0008256912231445,10,0.0899667865359345,15.11111111111111
0.0,47,63.5,89240.51063829787,0.0,0.0,0.0,0.0,0.0,0.0,0.0,0,0,0,0,0,0.0001120567321777,0.0,0.0,0.0,0.0,0.0,0.0,0.0,0.0,0.0,0.0,0.0,0.0,0.0,1.0,1.0,5876,555,634,587.6,25.99658097177824,587.6,1.1610984802246094e-05,10,0.0835788672246636,1154.8
0.0,47,63.5,24272.59259259259,0.0,0.0,0.0,0.0,0.0,0.0,0.0,0,0,0,0,0,0.0004119873046875,0.0,0.0,0.0,0.0,0.0,0.0,0.0,0.0,0.0,0.0,0.0,0.0,0.0,1.0,1.0,5804,575,590,580.4,5.316640543300502,580.4,4.1604042053222656e-05,10,0.0410720866917189,46.96
0.0,47,63.5,2463.614684287812,0.0,0.0,0.0,0.0,0.0,0.0,0.0,0,0,0,0,0,0.0040590763092041,0.0,0.0,0.0,0.0,0.0,0.0,0.0,0.0,0.0,0.0,0.0,0.0,0.0,1.0,1.0,5776,571,582,577.6,3.9777157040470126,577.6,0.000406789779663,10,0.0473431822692006,18.816326530612248
0.0,47,63.5,1129.6875673346262,0.0,0.0,0.0,0.0,0.0,0.0,0.0,0,0,0,0,0,0.0088520050048828,0.0,0.0,0.0,0.0,0.0,0.0,0.0,0.0,0.0,0.0,0.0,0.0,0.0,1.0,1.0,5833,572,591,583.3,6.272515001532037,583.3,0.0008862972259521,10,0.0465738617110241,35.410000000000004
0.0,47,63.5,1958.490847964139,0.0,0.0,0.0,0.0,0.0,0.0,0.0,0,0,0,0,0,0.005105972290039,0.0,0.0,0.0,0.0,0.0,0.0,0.0,0.0,0.0,0.0,0.0,0.0,0.0,1.0,1.0,5774,572,578,577.4,1.897366596101028,577.4,0.0005115032196044,10,0.0447916012565877,9.0
0.0,47,63.5,172605.10288065844,0.0,0.0,0.0,0.0,0.0,0.0,0.0,0,0,0,0,0,5.793571472167969e-05,0.0,0.0,0.0,0.0,0.0,0.0,0.0,0.0,0.0,0.0,0.0,0.0,0.0,1.0,1.0,5780,578,578,578.0,0.0,578.0,6.198883056640625e-06,10,0.0,0.0
0.0,47,63.5,172605.10288065844,0.0,0.0,0.0,0.0,0.0,0.0,0.0,0,0,0,0,0,5.793571472167969e-05,0.0,0.0,0.0,0.0,0.0,0.0,0.0,0.0,0.0,0.0,0.0,0.0,0.0,1.0,1.0,5780,578,578,578.0,0.0,578.0,6.103515625e-06,10,0.0,0.0
0.0,47,63.5,14493.102971665516,0.0,0.0,0.0,0.0,0.0,0.0,0.0,0,0,0,0,0,0.0006899833679199,0.0,0.0,0.0,0.0,0.0,0.0,0.0,0.0,0.0,0.0,0.0,0.0,0.0,1.0,1.0,5780,578,578,578.0,0.0,578.0,6.940364837646485e-05,10,0.0,0.0
0.0,47,63.5,2391.279361459521,0.0,0.0,0.0,0.0,0.0,0.0,0.0,0,0,0,0,0,0.0041818618774414,0.0,0.0,0.0,0.0,0.0,0.0,0.0,0.0,0.0,0.0,0.0,0.0,0.0,1.0,1.0,5883,566,629,588.3,22.6276625198254,588.3,0.0004191875457763,10,0.0634610746040761,854.64
0.0,47,63.5,5770.125189159444,0.0,0.0,0.0,0.0,0.0,0.0,0.0,0,0,0,0,0,0.0017330646514892,0.0,0.0,0.0,0.0,0.0,0.0,0.0,0.0,0.0,0.0,0.0,0.0,0.0,1.0,1.0,5804,576,587,580.4,4.087922591134904,580.4,0.0001737117767333,10,0.0388674261467247,16.666666666666668
0.0,47,63.5,1193.1907146108329,0.0,0.0,0.0,0.0,0.0,0.0,0.0,0,0,0,0,0,0.0083808898925781,0.0,0.0,0.0,0.0,0.0,0.0,0.0,0.0,0.0,0.0,0.0,0.0,0.0,1.0,1.0,5830,580,588,583.0,3.197221015541813,583.0,0.0008396863937377,10,0.0316880699528911,12.25
0.0,47,63.5,5760.61530009614,0.0,0.0,0.0,0.0,0.0,0.0,0.0,0,0,0,0,0,0.0017359256744384,0.0,0.0,0.0,0.0,0.0,0.0,0.0,0.0,0.0,0.0,0.0,0.0,0.0,1.0,1.0,5832,579,587,583.2,3.32665998663324,583.2,0.0001744985580444,10,0.0334449282121549,9.96
0.0,47,63.5,27.93576704564376,0.0,0.0,0.0,0.0,0.0,0.0,0.0,0,0,0,0,0,0.3579640388488769,0.0,0.0,0.0,0.0,0.0,0.0,0.0,0.0,0.0,0.0,0.0,0.0,0.0,1.0,1.0,5781,540,614,578.1,24.72268414050366,578.1,0.0358007192611694,10,0.1086218826114756,1095.84
0.0,47,63.5,16.141791162528822,0.0,0.0,0.0,0.0,0.0,0.0,0.0,0,0,0,0,0,0.6195099353790283,0.0,0.0,0.0,0.0,0.0,0.0,0.0,0.0,0.0,0.0,0.0,0.0,0.0,1.0,1.0,5805,575,585,580.5,3.5978388574871505,580.5,0.0619536876678466,10,0.040371915636986,11.959183673469388
0.0,47,63.5,12.224641972775474,0.0,0.0,0.0,0.0,0.0,0.0,0.0,0,0,0,0,0,0.8180198669433594,0.0,0.0,0.0,0.0,0.0,0.0,0.0,0.0,0.0,0.0,0.0,0.0,0.0,1.0,1.0,5797,576,585,579.7,2.7507574714370344,579.7,0.0818043947219848,10,0.0383227185635646,7.555555555555555
0.0,47,63.5,21.96764276099743,0.0,0.0,0.0,0.0,0.0,0.0,0.0,0,0,0,0,0,0.4552149772644043,0.0,0.0,0.0,0.0,0.0,0.0,0.0,0.0,0.0,0.0,0.0,0.0,0.0,1.0,1.0,5779,575,581,577.9,2.4244128727957577,577.9,0.0455240011215209,10,0.0398939088278621,5.290000000000001
0.0,47,63.5,1137.5309177695813,0.0,0.0,0.0,0.0,0.0,0.0,0.0,0,0,0,0,0,0.0087909698486328,0.0,0.0,0.0,0.0,0.0,0.0,0.0,0.0,0.0,0.0,0.0,0.0,0.0,1.0,1.0,5182,420,575,518.2,54.826595330692896,518.2,0.0008820056915283,10,0.3253806118739111,6006.25
0.0,47,63.5,617.8179086449941,0.0,0.0,0.0,0.0,0.0,0.0,0.0,0,0,0,0,0,0.0161859989166259,0.0,0.0,0.0,0.0,0.0,0.0,0.0,0.0,0.0,0.0,0.0,0.0,0.0,1.0,1.0,5232,517,531,523.2,5.3499740393970345,523.2,0.001619005203247,10,0.1399252054246887,26.839506172839503
0.0,47,63.5,718.1412550295352,0.0,0.0,0.0,0.0,0.0,0.0,0.0,0,0,0,0,0,0.0139248371124267,0.0,0.0,0.0,0.0,0.0,0.0,0.0,0.0,0.0,0.0,0.0,0.0,0.0,1.0,1.0,5151,496,527,515.1,10.898012051134218,515.1,0.0013938903808593,10,0.17797198418915,179.76
0.0,47,63.5,1093.6051938570647,0.0,0.0,0.0,0.0,0.0,0.0,0.0,0,0,0,0,0,0.0091440677642822,0.0,0.0,0.0,0.0,0.0,0.0,0.0,0.0,0.0,0.0,0.0,0.0,0.0,1.0,1.0,5133,503,525,513.3,7.986794656737387,513.3,0.0009153127670288,10,0.1648571606713685,63.13580246913581
0.0,47,63.5,339.570265062582,0.0,0.0,0.0,0.0,0.0,0.0,0.0,0,0,0,0,0,0.0294489860534667,0.0,0.0,0.0,0.0,0.0,0.0,0.0,0.0,0.0,0.0,0.0,0.0,0.0,1.0,1.0,5711,511,614,571.1,30.650176725972287,571.1,0.0029465913772583,10,0.1604562759910921,1655.2
0.0,47,63.5,375.9515977233003,0.0,0.0,0.0,0.0,0.0,0.0,0.0,0,0,0,0,0,0.0265991687774658,0.0,0.0,0.0,0.0,0.0,0.0,0.0,0.0,0.0,0.0,0.0,0.0,0.0,1.0,1.0,5787,576,584,578.7,2.9832867780352594,578.7,0.0026636123657226,10,0.0384174417019004,8.543209876543209
0.0,47,63.5,57772.78236914601,0.0,0.0,0.0,0.0,0.0,0.0,0.0,0,0,0,0,0,0.0001730918884277,0.0,0.0,0.0,0.0,0.0,0.0,0.0,0.0,0.0,0.0,0.0,0.0,0.0,1.0,1.0,5770,575,581,577.0,2.4037008503093262,577.0,1.8286705017089844e-05,10,0.039885471578382,5.2
0.0,47,63.5,421.5846978057876,0.0,0.0,0.0,0.0,0.0,0.0,0.0,0,0,0,0,0,0.0237200260162353,0.0,0.0,0.0,0.0,0.0,0.0,0.0,0.0,0.0,0.0,0.0,0.0,0.0,1.0,1.0,5796,578,584,579.6,2.503331114069145,579.6,0.0023728132247924,10,0.0348136669626271,6.222222222222222
0.0,47,63.5,67541.12721417069,0.0,0.0,0.0,0.0,0.0,0.0,0.0,0,0,0,0,0,0.000148057937622,0.0,0.0,0.0,0.0,0.0,0.0,0.0,0.0,0.0,0.0,0.0,0.0,0.0,1.0,1.0,5353,469,580,535.3,40.56832371307557,535.3,1.7094612121582032e-05,10,0.2360699923477585,3052.6875
0.0,47,63.5,101067.56626506025,0.0,0.0,0.0,0.0,0.0,0.0,0.0,0,0,0,0,0,9.894371032714844e-05,0.0,0.0,0.0,0.0,0.0,0.0,0.0,0.0,0.0,0.0,0.0,0.0,0.0,1.0,1.0,5380,526,546,538.0,6.289320754704403,538.0,1.049041748046875e-05,10,0.1249706877026363,35.6
0.0,47,63.5,60611.32947976879,0.0,0.0,0.0,0.0,0.0,0.0,0.0,0,0,0,0,0,0.0001649856567382,0.0,0.0,0.0,0.0,0.0,0.0,0.0,0.0,0.0,0.0,0.0,0.0,0.0,1.0,1.0,5369,530,542,536.9,4.3576242252962665,536.9,1.6999244689941406e-05,10,0.1173672718044167,36.0
0.0,47,63.5,90785.80086580086,0.0,0.0,0.0,0.0,0.0,0.0,0.0,0,0,0,0,0,0.0001101493835449,0.0,0.0,0.0,0.0,0.0,0.0,0.0,0.0,0.0,0.0,0.0,0.0,0.0,1.0,1.0,5380,527,548,538.0,7.760297817881877,538.0,1.1610984802246094e-05,10,0.1238657749190923,71.91836734693878
0.0,47,63.5,316.3769394974844,0.0,0.0,0.0,0.0,0.0,0.0,0.0,0,0,0,0,0,0.0316078662872314,0.0,0.0,0.0,0.0,0.0,0.0,0.0,0.0,0.0,0.0,0.0,0.0,0.0,1.0,1.0,5737,535,578,573.7,13.59779393872403,573.7,0.0031616926193237,10,0.1126106973388786,462.25
0.0,47,63.5,60611.32947976879,0.0,0.0,0.0,0.0,0.0,0.0,0.0,0,0,0,0,0,0.0001649856567382,0.0,0.0,0.0,0.0,0.0,0.0,0.0,0.0,0.0,0.0,0.0,0.0,0.0,1.0,1.0,5780,578,578,578.0,0.0,578.0,1.850128173828125e-05,10,0.0,0.0
0.0,47,63.5,80659.69230769231,0.0,0.0,0.0,0.0,0.0,0.0,0.0,0,0,0,0,0,0.0001239776611328,0.0,0.0,0.0,0.0,0.0,0.0,0.0,0.0,0.0,0.0,0.0,0.0,0.0,1.0,1.0,5780,578,578,578.0,0.0,578.0,1.3399124145507811e-05,10,0.0,0.0
0.0,47,63.5,3252.154764673955,0.0,0.0,0.0,0.0,0.0,0.0,0.0,0,0,0,0,0,0.0030748844146728,0.0,0.0,0.0,0.0,0.0,0.0,0.0,0.0,0.0,0.0,0.0,0.0,0.0,1.0,1.0,5780,578,578,578.0,0.0,578.0,0.0003083944320678,10,0.0,0.0
0.0,47,63.5,15744.384384384384,0.0,0.0,0.0,0.0,0.0,0.0,0.0,0,0,0,0,0,0.0006351470947265,0.0,0.0,0.0,0.0,0.0,0.0,0.0,0.0,0.0,0.0,0.0,0.0,0.0,1.0,1.0,5113,420,578,511.3,55.50385372005964,511.3,6.411075592041015e-05,10,0.3256564998514035,6241.0
0.0,47,63.5,4159.777843895666,0.0,0.0,0.0,0.0,0.0,0.0,0.0,0,0,0,0,0,0.002403974533081,0.0,0.0,0.0,0.0,0.0,0.0,0.0,0.0,0.0,0.0,0.0,0.0,0.0,1.0,1.0,5237,501,533,523.7,9.202052911050757,523.7,0.0002409934997558,10,0.1687604682738456,144.0
0.0,47,63.5,642.9234495232839,0.0,0.0,0.0,0.0,0.0,0.0,0.0,0,0,0,0,0,0.0155539512634277,0.0,0.0,0.0,0.0,0.0,0.0,0.0,0.0,0.0,0.0,0.0,0.0,0.0,1.0,1.0,5291,518,537,529.1,7.340148348485728,529.1,0.0015573978424072,10,0.1390317928312391,73.2
0.0,47,63.5,100824.6153846154,0.0,0.0,0.0,0.0,0.0,0.0,0.0,0,0,0,0,0,9.918212890625e-05,0.0,0.0,0.0,0.0,0.0,0.0,0.0,0.0,0.0,0.0,0.0,0.0,0.0,1.0,1.0,5207,507,528,520.7,7.674633541739957,520.7,1.0514259338378908e-05,10,0.1579134787195632,66.0
0.0,47,63.5,372.5786364645792,0.0,0.0,0.0,0.0,0.0,0.0,0.0,0,0,0,0,0,0.0268399715423584,0.0,0.0,0.0,0.0,0.0,0.0,0.0,0.0,0.0,0.0,0.0,0.0,0.0,1.0,1.0,5106,426,565,510.6,48.270533915054685,510.6,0.0026844978332519,10,0.3124851546956367,3994.16
0.0,47,63.5,60176.52797704448,0.0,0.0,0.0,0.0,0.0,0.0,0.0,0,0,0,0,0,0.0001661777496337,0.0,0.0,0.0,0.0,0.0,0.0,0.0,0.0,0.0,0.0,0.0,0.0,0.0,1.0,1.0,5249,514,531,524.9,6.1544924874255695,524.9,1.749992370605469e-05,10,0.1453653240596776,45.142857142857146
0.0,47,63.5,62137.83703703704,0.0,0.0,0.0,0.0,0.0,0.0,0.0,0,0,0,0,0,0.0001609325408935,0.0,0.0,0.0,0.0,0.0,0.0,0.0,0.0,0.0,0.0,0.0,0.0,0.0,1.0,1.0,5221,515,534,522.1,5.762908216439952,522.1,1.7094612121582032e-05,10,0.143501678291049,29.89
0.0,47,63.5,54613.333333333336,0.0,0.0,0.0,0.0,0.0,0.0,0.0,0,0,0,0,0,0.00018310546875,0.0,0.0,0.0,0.0,0.0,0.0,0.0,0.0,0.0,0.0,0.0,0.0,0.0,1.0,1.0,5176,501,534,517.6,10.616548926610337,517.6,1.8906593322753906e-05,10,0.1693366773707439,145.44
0.0,47,63.5,54050.30927835051,0.0,0.0,0.0,0.0,0.0,0.0,0.0,0,0,0,0,0,0.0001850128173828,0.0,0.0,0.0,0.0,0.0,0.0,0.0,0.0,0.0,0.0,0.0,0.0,0.0,1.0,1.0,5728,526,578,572.8,16.44384383287557,572.8,1.938343048095703e-05,10,0.1291072342237602,676.0
0.0,47,63.5,63646.49468892261,0.0,0.0,0.0,0.0,0.0,0.0,0.0,0,0,0,0,0,0.0001571178436279,0.0,0.0,0.0,0.0,0.0,0.0,0.0,0.0,0.0,0.0,0.0,0.0,0.0,1.0,1.0,5780,578,578,578.0,0.0,578.0,1.6617774963378907e-05,10,0.0,0.0
0.0,47,63.5,66260.72669826224,0.0,0.0,0.0,0.0,0.0,0.0,0.0,0,0,0,0,0,0.0001509189605712,0.0,0.0,0.0,0.0,0.0,0.0,0.0,0.0,0.0,0.0,0.0,0.0,0.0,1.0,1.0,5780,578,578,578.0,0.0,578.0,1.587867736816406e-05,10,0.0,0.0
0.0,47,63.5,1474.9460210289412,0.0,0.0,0.0,0.0,0.0,0.0,0.0,0,0,0,0,0,0.0067799091339111,0.0,0.0,0.0,0.0,0.0,0.0,0.0,0.0,0.0,0.0,0.0,0.0,0.0,1.0,1.0,5780,578,578,578.0,0.0,578.0,0.00067880153656,10,0.0,0.0
0.0,47,63.5,68985.26315789473,0.0,0.0,0.0,0.0,0.0,0.0,0.0,0,0,0,0,0,0.0001449584960937,0.0,0.0,0.0,0.0,0.0,0.0,0.0,0.0,0.0,0.0,0.0,0.0,0.0,1.0,1.0,5863,564,627,586.3,22.563736885148742,586.3,1.5211105346679689e-05,10,0.0668432938575342,842.8
0.0,47,63.5,67108.864,0.0,0.0,0.0,0.0,0.0,0.0,0.0,0,0,0,0,0,0.0001490116119384,0.0,0.0,0.0,0.0,0.0,0.0,0.0,0.0,0.0,0.0,0.0,0.0,0.0,1.0,1.0,5813,579,584,581.3,2.1628170930011112,581.3,1.559257507324219e-05,10,0.032970825171005,4.489795918367347
0.0,47,63.5,64927.30650154799,0.0,0.0,0.0,0.0,0.0,0.0,0.0,0,0,0,0,0,0.0001540184020996,0.0,0.0,0.0,0.0,0.0,0.0,0.0,0.0,0.0,0.0,0.0,0.0,0.0,1.0,1.0,5957,577,655,595.7,31.39373610557792,595.7,1.621246337890625e-05,10,0.0482865923399682,951.1358024691358
0.0,47,63.5,1133.258760908919,0.0,0.0,0.0,0.0,0.0,0.0,0.0,0,0,0,0,0,0.0088241100311279,0.0,0.0,0.0,0.0,0.0,0.0,0.0,0.0,0.0,0.0,0.0,0.0,0.0,1.0,1.0,5985,577,670,598.5,37.760208332758616,598.5,0.0008831977844238,10,0.0508800384664325,1383.5802469135804
0.0,47,63.5,5353.29164007658,0.0,0.0,0.0,0.0,0.0,0.0,0.0,0,0,0,0,0,0.0018680095672607,0.0,0.0,0.0,0.0,0.0,0.0,0.0,0.0,0.0,0.0,0.0,0.0,0.0,1.0,1.0,5358,482,584,535.8,37.75299840925074,535.8,0.0001884937286376,10,0.2127694514319924,2502.0
0.0,47,63.5,1240.0745055139994,0.0,0.0,0.0,0.0,0.0,0.0,0.0,0,0,0,0,0,0.0080640316009521,0.0,0.0,0.0,0.0,0.0,0.0,0.0,0.0,0.0,0.0,0.0,0.0,0.0,1.0,1.0,5394,530,558,539.4,10.946333734279357,539.4,0.000807499885559,10,0.120051248509996,108.91358024691355
0.0,47,63.5,1574.793121573928,0.0,0.0,0.0,0.0,0.0,0.0,0.0,0,0,0,0,0,0.006350040435791,0.0,0.0,0.0,0.0,0.0,0.0,0.0,0.0,0.0,0.0,0.0,0.0,0.0,1.0,1.0,5379,530,543,537.9,4.306326095924976,537.9,0.0006361007690429,10,0.117346374998436,20.25
0.0,47,63.5,64527.75384615385,0.0,0.0,0.0,0.0,0.0,0.0,0.0,0,0,0,0,0,0.000154972076416,0.0,0.0,0.0,0.0,0.0,0.0,0.0,0.0,0.0,0.0,0.0,0.0,0.0,1.0,1.0,5452,534,556,545.2,8.416914187779536,545.2,1.7404556274414062e-05,10,0.1122043441635338,63.760000000000005
0.0,47,63.5,60611.32947976879,0.0,0.0,0.0,0.0,0.0,0.0,0.0,0,0,0,0,0,0.0001649856567382,0.0,0.0,0.0,0.0,0.0,0.0,0.0,0.0,0.0,0.0,0.0,0.0,0.0,1.0,1.0,5460,506,593,546.0,29.374970449157715,546.0,1.728534698486328e-05,10,0.1684574579621689,1547.44
0.0,47,63.5,1744.5736627568422,0.0,0.0,0.0,0.0,0.0,0.0,0.0,0,0,0,0,0,0.0057320594787597,0.0,0.0,0.0,0.0,0.0,0.0,0.0,0.0,0.0,0.0,0.0,0.0,0.0,1.0,1.0,5450,542,548,545.0,2.160246899469287,545.0,0.0005742073059082,10,0.0960225881769678,7.2
0.0,47,63.5,2309.511590771433,0.0,0.0,0.0,0.0,0.0,0.0,0.0,0,0,0,0,0,0.0043299198150634,0.0,0.0,0.0,0.0,0.0,0.0,0.0,0.0,0.0,0.0,0.0,0.0,0.0,1.0,1.0,5485,543,554,548.5,4.006938426723769,548.5,0.0004338979721069,10,0.0950707264375101,15.142857142857142
0.0,47,63.5,1707.987131978662,0.0,0.0,0.0,0.0,0.0,0.0,0.0,0,0,0,0,0,0.005854845046997,0.0,0.0,0.0,0.0,0.0,0.0,0.0,0.0,0.0,0.0,0.0,0.0,0.0,1.0,1.0,5493,543,556,549.3,5.271516754112509,549.3,0.000586199760437,10,0.0955858650649552,32.204081632653065
0.0,47,63.5,2406.6467753041084,0.0,0.0,0.0,0.0,0.0,0.0,0.0,0,0,0,0,0,0.004155158996582,0.0,0.0,0.0,0.0,0.0,0.0,0.0,0.0,0.0,0.0,0.0,0.0,0.0,1.0,1.0,5118,420,563,511.8,51.64365078755246,511.8,0.0004171133041381,10,0.3240840075848174,4710.25
0.0,47,63.5,834.7205858939659,0.0,0.0,0.0,0.0,0.0,0.0,0.0,0,0,0,0,0,0.0119800567626953,0.0,0.0,0.0,0.0,0.0,0.0,0.0,0.0,0.0,0.0,0.0,0.0,0.0,1.0,1.0,5193,503,530,519.3,9.753062197188234,519.3,0.0011996984481811,10,0.1655766674166466,110.12244897959184
0.0,47,63.5,137068.75816993465,0.0,0.0,0.0,0.0,0.0,0.0,0.0,0,0,0,0,0,7.295608520507812e-05,0.0,0.0,0.0,0.0,0.0,0.0,0.0,0.0,0.0,0.0,0.0,0.0,0.0,1.0,1.0,5130,509,520,513.0,4.47213595499958,513.0,8.988380432128907e-06,10,0.1532006493026286,18.0
0.0,47,63.5,10605.067003792668,0.0,0.0,0.0,0.0,0.0,0.0,0.0,0,0,0,0,0,0.0009429454803466,0.0,0.0,0.0,0.0,0.0,0.0,0.0,0.0,0.0,0.0,0.0,0.0,0.0,1.0,1.0,5170,509,532,517.0,8.432740427115679,517.0,9.469985961914062e-05,10,0.1548140411403898,64.0
0.0,47,63.5,2414.2658147700454,0.0,0.0,0.0,0.0,0.0,0.0,0.0,0,0,0,0,0,0.0041420459747314,0.0,0.0,0.0,0.0,0.0,0.0,0.0,0.0,0.0,0.0,0.0,0.0,0.0,1.0,1.0,5734,532,578,573.4,14.546477236774548,573.4,0.0004157066345214,10,0.1181095429671725,529.0
0.0,47,63.5,1716.7256057629338,0.0,0.0,0.0,0.0,0.0,0.0,0.0,0,0,0,0,0,0.0058250427246093,0.0,0.0,0.0,0.0,0.0,0.0,0.0,0.0,0.0,0.0,0.0,0.0,0.0,1.0,1.0,5780,578,578,578.0,0.0,578.0,0.0005831003189086,10,0.0,0.0
0.0,47,63.5,1992.4488147831455,0.0,0.0,0.0,0.0,0.0,0.0,0.0,0,0,0,0,0,0.0050189495086669,0.0,0.0,0.0,0.0,0.0,0.0,0.0,0.0,0.0,0.0,0.0,0.0,0.0,1.0,1.0,5780,578,578,578.0,0.0,578.0,0.0005033016204833,10,0.0,0.0
0.0,47,63.5,1164.6962123736532,0.0,0.0,0.0,0.0,0.0,0.0,0.0,0,0,0,0,0,0.0085859298706054,0.0,0.0,0.0,0.0,0.0,0.0,0.0,0.0,0.0,0.0,0.0,0.0,0.0,1.0,1.0,5780,578,578,578.0,0.0,578.0,0.0008594989776611,10,0.0,0.0
0.0,47,63.5,1053.8452261306534,0.0,0.0,0.0,0.0,0.0,0.0,0.0,0,0,0,0,0,0.0094890594482421,0.0,0.0,0.0,0.0,0.0,0.0,0.0,0.0,0.0,0.0,0.0,0.0,0.0,1.0,1.0,5780,578,578,578.0,0.0,578.0,0.0009506940841674,10,0.0,0.0
0.0,47,63.5,1018.5541173899318,0.0,0.0,0.0,0.0,0.0,0.0,0.0,0,0,0,0,0,0.0098178386688232,0.0,0.0,0.0,0.0,0.0,0.0,0.0,0.0,0.0,0.0,0.0,0.0,0.0,1.0,1.0,5780,578,578,578.0,0.0,578.0,0.0009835004806518,10,0.0,0.0
0.0,47,63.5,38728.56879039705,0.0,0.0,0.0,0.0,0.0,0.0,0.0,0,0,0,0,0,0.0002582073211669,0.0,0.0,0.0,0.0,0.0,0.0,0.0,0.0,0.0,0.0,0.0,0.0,0.0,1.0,1.0,5780,578,578,578.0,0.0,578.0,2.7513504028320317e-05,10,0.0,0.0
0.0,47,63.5,1283.5253075463615,0.0,0.0,0.0,0.0,0.0,0.0,0.0,0,0,0,0,0,0.0077910423278808,0.0,0.0,0.0,0.0,0.0,0.0,0.0,0.0,0.0,0.0,0.0,0.0,0.0,1.0,1.0,5780,578,578,578.0,0.0,578.0,0.0007799863815307,10,0.0,0.0
0.0,47,63.5,904.4906409039938,0.0,0.0,0.0,0.0,0.0,0.0,0.0,0,0,0,0,0,0.0110559463500976,0.0,0.0,0.0,0.0,0.0,0.0,0.0,0.0,0.0,0.0,0.0,0.0,0.0,1.0,1.0,5129,420,578,512.9,54.77925398055971,512.9,0.0011073112487792,10,0.3253613269015208,6241.0
0.0,47,63.5,793.8946093276802,0.0,0.0,0.0,0.0,0.0,0.0,0.0,0,0,0,0,0,0.0125961303710937,0.0,0.0,0.0,0.0,0.0,0.0,0.0,0.0,0.0,0.0,0.0,0.0,0.0,1.0,1.0,5161,505,526,516.1,7.415449338299662,516.1,0.0012608051300048,10,0.1612161574424497,49.49
0.0,47,63.5,77528.72458410352,0.0,0.0,0.0,0.0,0.0,0.0,0.0,0,0,0,0,0,0.0001289844512939,0.0,0.0,0.0,0.0,0.0,0.0,0.0,0.0,0.0,0.0,0.0,0.0,0.0,1.0,1.0,5303,517,543,530.3,9.47569991551489,530.3,1.3685226440429687e-05,10,0.1416058611175841,89.58024691358025
0.0,47,63.5,72440.48359240069,0.0,0.0,0.0,0.0,0.0,0.0,0.0,0,0,0,0,0,0.0001380443572998,0.0,0.0,0.0,0.0,0.0,0.0,0.0,0.0,0.0,0.0,0.0,0.0,0.0,1.0,1.0,5205,507,534,520.5,10.047111248734357,520.5,1.4495849609375e-05,10,0.1588799312382844,157.36
0.0,47,63.5,1728.0421885299934,0.0,0.0,0.0,0.0,0.0,0.0,0.0,0,0,0,0,0,0.0057868957519531,0.0,0.0,0.0,0.0,0.0,0.0,0.0,0.0,0.0,0.0,0.0,0.0,0.0,1.0,1.0,5816,514,628,581.6,32.40781798681711,581.6,0.0005795001983642,10,0.1560598787351098,1882.8
0.0,47,63.5,658.5912131394655,0.0,0.0,0.0,0.0,0.0,0.0,0.0,0,0,0,0,0,0.0151839256286621,0.0,0.0,0.0,0.0,0.0,0.0,0.0,0.0,0.0,0.0,0.0,0.0,0.0,1.0,1.0,5807,578,583,580.7,2.1628170930011112,580.7,0.0015202045440673,10,0.0346749551710049,4.979591836734693
0.0,47,63.5,11821.600901916572,0.0,0.0,0.0,0.0,0.0,0.0,0.0,0,0,0,0,0,0.0008459091186523,0.0,0.0,0.0,0.0,0.0,0.0,0.0,0.0,0.0,0.0,0.0,0.0,0.0,1.0,1.0,5834,576,587,583.4,4.376706016578627,583.4,8.499622344970703e-05,10,0.0389850649629135,19.95918367346939
0.0,47,63.5,84904.93927125506,0.0,0.0,0.0,0.0,0.0,0.0,0.0,0,0,0,0,0,0.0001177787780761,0.0,0.0,0.0,0.0,0.0,0.0,0.0,0.0,0.0,0.0,0.0,0.0,0.0,1.0,1.0,5818,578,584,581.8,2.250925735484551,581.8,1.3494491577148438e-05,10,0.0347108471076069,5.63265306122449
0.0,47,63.5,897.2540966071963,0.0,0.0,0.0,0.0,0.0,0.0,0.0,0,0,0,0,0,0.0111451148986816,0.0,0.0,0.0,0.0,0.0,0.0,0.0,0.0,0.0,0.0,0.0,0.0,0.0,1.0,1.0,5785,578,583,578.5,1.5811388300841898,578.5,0.0011149168014526,10,0.034438002713823,6.25
0.0,47,63.5,286.1638807395784,0.0,0.0,0.0,0.0,0.0,0.0,0.0,0,0,0,0,0,0.034945011138916,0.0,0.0,0.0,0.0,0.0,0.0,0.0,0.0,0.0,0.0,0.0,0.0,0.0,1.0,1.0,5780,578,578,578.0,0.0,578.0,0.0034966945648193,10,0.0,0.0
0.0,47,63.5,1458.5839476978715,0.0,0.0,0.0,0.0,0.0,0.0,0.0,0,0,0,0,0,0.0068559646606445,0.0,0.0,0.0,0.0,0.0,0.0,0.0,0.0,0.0,0.0,0.0,0.0,0.0,1.0,1.0,5780,578,578,578.0,0.0,578.0,0.0006871938705444,10,0.0,0.0
0.0,47,63.5,76959.70642201835,0.0,0.0,0.0,0.0,0.0,0.0,0.0,0,0,0,0,0,0.0001299381256103,0.0,0.0,0.0,0.0,0.0,0.0,0.0,0.0,0.0,0.0,0.0,0.0,0.0,1.0,1.0,5780,578,578,578.0,0.0,578.0,1.3709068298339844e-05,10,0.0,0.0
0.0,47,63.5,67978.99513776337,0.0,0.0,0.0,0.0,0.0,0.0,0.0,0,0,0,0,0,0.0001471042633056,0.0,0.0,0.0,0.0,0.0,0.0,0.0,0.0,0.0,0.0,0.0,0.0,0.0,1.0,1.0,5165,420,578,516.5,54.88422157394398,516.5,1.5497207641601562e-05,10,0.3254040865003619,6241.0
0.0,47,63.5,51275.11002444988,0.0,0.0,0.0,0.0,0.0,0.0,0.0,0,0,0,0,0,0.000195026397705,0.0,0.0,0.0,0.0,0.0,0.0,0.0,0.0,0.0,0.0,0.0,0.0,0.0,1.0,1.0,5294,523,538,529.4,5.501514942874068,529.4,2.110004425048828e-05,10,0.1297621571271292,38.64
0.0,47,63.5,64927.30650154799,0.0,0.0,0.0,0.0,0.0,0.0,0.0,0,0,0,0,0,0.0001540184020996,0.0,0.0,0.0,0.0,0.0,0.0,0.0,0.0,0.0,0.0,0.0,0.0,0.0,1.0,1.0,5202,511,529,520.2,6.356099432828282,520.2,1.6307830810546876e-05,10,0.1505598406649569,42.25
0.0,47,63.5,58826.14305750351,0.0,0.0,0.0,0.0,0.0,0.0,0.0,0,0,0,0,0,0.0001699924468994,0.0,0.0,0.0,0.0,0.0,0.0,0.0,0.0,0.0,0.0,0.0,0.0,0.0,1.0,1.0,5220,512,536,522.0,8.339997335464536,522.0,1.800060272216797e-05,10,0.1496638713145748,115.36
0.0,47,63.5,4730.240216533213,0.0,0.0,0.0,0.0,0.0,0.0,0.0,0,0,0,0,0,0.0021140575408935,0.0,0.0,0.0,0.0,0.0,0.0,0.0,0.0,0.0,0.0,0.0,0.0,0.0,1.0,1.0,5802,521,630,580.2,31.477681687895068,580.2,0.000212287902832,10,0.1437520684123809,1754.8
0.0,47,63.5,34017.06407137064,0.0,0.0,0.0,0.0,0.0,0.0,0.0,0,0,0,0,0,0.0002939701080322,0.0,0.0,0.0,0.0,0.0,0.0,0.0,0.0,0.0,0.0,0.0,0.0,0.0,1.0,1.0,5824,579,585,582.4,1.897366596101028,582.4,3.130435943603516e-05,10,0.0328626912565877,3.24
0.0,47,63.5,17036.1657189277,0.0,0.0,0.0,0.0,0.0,0.0,0.0,0,0,0,0,0,0.000586986541748,0.0,0.0,0.0,0.0,0.0,0.0,0.0,0.0,0.0,0.0,0.0,0.0,0.0,1.0,1.0,5805,573,584,580.5,4.428443418528808,580.5,5.950927734375e-05,10,0.0441185307109718,18.09876543209877
0.0,47,63.5,3762.38249013276,0.0,0.0,0.0,0.0,0.0,0.0,0.0,0,0,0,0,0,0.0026578903198242,0.0,0.0,0.0,0.0,0.0,0.0,0.0,0.0,0.0,0.0,0.0,0.0,0.0,1.0,1.0,5799,575,584,579.9,3.984692933938295,579.9,0.0002667903900146,10,0.0405295045135691,14.839506172839505
0.0,47,63.5,37854.729241877256,0.0,0.0,0.0,0.0,0.0,0.0,0.0,0,0,0,0,0,0.0002641677856445,0.0,0.0,0.0,0.0,0.0,0.0,0.0,0.0,0.0,0.0,0.0,0.0,0.0,1.0,1.0,5645,538,604,564.5,23.599670430843823,564.5,2.86102294921875e-05,10,0.1115726717467085,876.96
0.0,47,63.5,1009.8969469324858,0.0,0.0,0.0,0.0,0.0,0.0,0.0,0,0,0,0,0,0.009902000427246,0.0,0.0,0.0,0.0,0.0,0.0,0.0,0.0,0.0,0.0,0.0,0.0,0.0,1.0,1.0,5572,554,561,557.2,2.3475755815545347,557.2,0.0009912014007568,10,0.0756493383889021,12.25
0.0,47,63.5,243.1438293826774,0.0,0.0,0.0,0.0,0.0,0.0,0.0,0,0,0,0,0,0.0411279201507568,0.0,0.0,0.0,0.0,0.0,0.0,0.0,0.0,0.0,0.0,0.0,0.0,0.0,1.0,1.0,5591,555,563,559.1,2.8067379246694517,559.1,0.004116678237915,10,0.0741322527609933,7.387755102040815
0.0,47,63.5,72440.48359240069,0.0,0.0,0.0,0.0,0.0,0.0,0.0,0,0,0,0,0,0.0001380443572998,0.0,0.0,0.0,0.0,0.0,0.0,0.0,0.0,0.0,0.0,0.0,0.0,0.0,1.0,1.0,5609,555,567,560.9,4.5325979795746765,560.9,1.461505889892578e-05,10,0.0748352991129595,19.50617283950617
0.0,47,63.5,1244.083763421724,0.0,0.0,0.0,0.0,0.0,0.0,0.0,0,0,0,0,0,0.00803804397583,0.0,0.0,0.0,0.0,0.0,0.0,0.0,0.0,0.0,0.0,0.0,0.0,0.0,1.0,1.0,5760,558,578,576.0,6.324555320336759,576.0,0.0008044004440307,10,0.0704528808552924,100.0
0.0,47,63.5,72944.41739130435,0.0,0.0,0.0,0.0,0.0,0.0,0.0,0,0,0,0,0,0.0001370906829833,0.0,0.0,0.0,0.0,0.0,0.0,0.0,0.0,0.0,0.0,0.0,0.0,0.0,1.0,1.0,5780,578,578,578.0,0.0,578.0,1.4400482177734376e-05,10,0.0,0.0
0.0,47,63.5,4913.664479850047,0.0,0.0,0.0,0.0,0.0,0.0,0.0,0,0,0,0,0,0.0020351409912109,0.0,0.0,0.0,0.0,0.0,0.0,0.0,0.0,0.0,0.0,0.0,0.0,0.0,1.0,1.0,5780,578,578,578.0,0.0,578.0,0.0002042055130004,10,0.0,0.0
0.0,47,63.5,816.5207911540258,0.0,0.0,0.0,0.0,0.0,0.0,0.0,0,0,0,0,0,0.012247085571289,0.0,0.0,0.0,0.0,0.0,0.0,0.0,0.0,0.0,0.0,0.0,0.0,0.0,1.0,1.0,5780,578,578,578.0,0.0,578.0,0.0013392925262451,10,0.0,0.0
0.0,47,63.5,1079.0871903058994,0.0,0.0,0.0,0.0,0.0,0.0,0.0,0,0,0,0,0,0.0092670917510986,0.0,0.0,0.0,0.0,0.0,0.0,0.0,0.0,0.0,0.0,0.0,0.0,0.0,1.0,1.0,5780,578,578,578.0,0.0,578.0,0.0009283065795898,10,0.0,0.0
0.0,47,63.5,48321.47465437788,0.0,0.0,0.0,0.0,0.0,0.0,0.0,0,0,0,0,0,0.0002069473266601,0.0,0.0,0.0,0.0,0.0,0.0,0.0,0.0,0.0,0.0,0.0,0.0,0.0,1.0,1.0,5780,578,578,578.0,0.0,578.0,2.229213714599609e-05,10,0.0,0.0
0.0,47,63.5,1423.9217816404127,0.0,0.0,0.0,0.0,0.0,0.0,0.0,0,0,0,0,0,0.0070228576660156,0.0,0.0,0.0,0.0,0.0,0.0,0.0,0.0,0.0,0.0,0.0,0.0,0.0,1.0,1.0,5780,578,578,578.0,0.0,578.0,0.0007031917572021,10,0.0,0.0
0.0,47,63.5,44858.866310160425,0.0,0.0,0.0,0.0,0.0,0.0,0.0,0,0,0,0,0,0.0002229213714599,0.0,0.0,0.0,0.0,0.0,0.0,0.0,0.0,0.0,0.0,0.0,0.0,0.0,1.0,1.0,5780,578,578,578.0,0.0,578.0,2.350807189941406e-05,10,0.0,0.0
0.0,47,63.5,46091.25274725275,0.0,0.0,0.0,0.0,0.0,0.0,0.0,0,0,0,0,0,0.0002169609069824,0.0,0.0,0.0,0.0,0.0,0.0,0.0,0.0,0.0,0.0,0.0,0.0,0.0,1.0,1.0,5645,535,603,564.5,23.796591726080813,564.5,2.3293495178222657e-05,10,0.1167652796055362,937.76
0.0,47,63.5,411.8604057424537,0.0,0.0,0.0,0.0,0.0,0.0,0.0,0,0,0,0,0,0.0242800712585449,0.0,0.0,0.0,0.0,0.0,0.0,0.0,0.0,0.0,0.0,0.0,0.0,0.0,1.0,1.0,5591,556,566,559.1,3.7549966711037177,559.1,0.002428913116455,10,0.0728144054439408,20.25
0.0,47,63.5,11161.000532197975,0.0,0.0,0.0,0.0,0.0,0.0,0.0,0,0,0,0,0,0.0008959770202636,0.0,0.0,0.0,0.0,0.0,0.0,0.0,0.0,0.0,0.0,0.0,0.0,0.0,1.0,1.0,5557,553,559,555.7,1.8287822299126932,555.7,9.198188781738282e-05,10,0.0771421327291773,3.01
0.0,47,63.5,60963.72093023256,0.0,0.0,0.0,0.0,0.0,0.0,0.0,0,0,0,0,0,0.0001640319824218,0.0,0.0,0.0,0.0,0.0,0.0,0.0,0.0,0.0,0.0,0.0,0.0,0.0,1.0,1.0,5592,557,561,559.2,1.3984117975602015,559.2,1.7213821411132813e-05,10,0.070150297029854,2.2857142857142856
0.0,47,63.5,69905.06666666667,0.0,0.0,0.0,0.0,0.0,0.0,0.0,0,0,0,0,0,0.0001430511474609,0.0,0.0,0.0,0.0,0.0,0.0,0.0,0.0,0.0,0.0,0.0,0.0,0.0,1.0,1.0,5524,513,595,552.4,27.673493133723152,552.4,1.499652862548828e-05,10,0.1558354341629534,1348.8
0.0,47,63.5,1042.7366746221162,0.0,0.0,0.0,0.0,0.0,0.0,0.0,0,0,0,0,0,0.0095901489257812,0.0,0.0,0.0,0.0,0.0,0.0,0.0,0.0,0.0,0.0,0.0,0.0,0.0,1.0,1.0,5502,546,557,550.2,4.077035960378842,550.2,0.0009597063064575,10,0.0899868913688199,30.25
0.0,47,63.5,78106.21973929237,0.0,0.0,0.0,0.0,0.0,0.0,0.0,0,0,0,0,0,0.0001280307769775,0.0,0.0,0.0,0.0,0.0,0.0,0.0,0.0,0.0,0.0,0.0,0.0,0.0,1.0,1.0,5508,548,555,550.8,2.898275349237888,550.8,1.468658447265625e-05,10,0.0860984514462655,7.56
0.0,47,63.5,2552.9880090084607,0.0,0.0,0.0,0.0,0.0,0.0,0.0,0,0,0,0,0,0.0039169788360595,0.0,0.0,0.0,0.0,0.0,0.0,0.0,0.0,0.0,0.0,0.0,0.0,0.0,1.0,1.0,5519,548,555,551.9,2.6436506745197805,551.9,0.0003922939300537,10,0.0859947275387723,6.484375
0.0,47,63.5,2346.201264194216,0.0,0.0,0.0,0.0,0.0,0.0,0.0,0,0,0,0,0,0.0042622089385986,0.0,0.0,0.0,0.0,0.0,0.0,0.0,0.0,0.0,0.0,0.0,0.0,0.0,1.0,1.0,5756,554,578,575.6,7.589466384404109,575.6,0.0004277229309082,10,0.0777846750263509,144.0
0.0,47,63.5,1115.7140957093077,0.0,0.0,0.0,0.0,0.0,0.0,0.0,0,0,0,0,0,0.008962869644165,0.0,0.0,0.0,0.0,0.0,0.0,0.0,0.0,0.0,0.0,0.0,0.0,0.0,1.0,1.0,5780,578,578,578.0,0.0,578.0,0.0008968830108642,10,0.0,0.0
0.0,47,63.5,925.2413306273714,0.0,0.0,0.0,0.0,0.0,0.0,0.0,0,0,0,0,0,0.010807991027832,0.0,0.0,0.0,0.0,0.0,0.0,0.0,0.0,0.0,0.0,0.0,0.0,0.0,1.0,1.0,5780,578,578,578.0,0.0,578.0,0.0010813951492309,10,0.0,0.0
0.0,47,63.5,9774.653926823585,0.0,0.0,0.0,0.0,0.0,0.0,0.0,0,0,0,0,0,0.0010230541229248,0.0,0.0,0.0,0.0,0.0,0.0,0.0,0.0,0.0,0.0,0.0,0.0,0.0,1.0,1.0,5780,578,578,578.0,0.0,578.0,0.0001054048538208,10,0.0,0.0
0.0,47,63.5,39681.21097445601,0.0,0.0,0.0,0.0,0.0,0.0,0.0,0,0,0,0,0,0.0002520084381103,0.0,0.0,0.0,0.0,0.0,0.0,0.0,0.0,0.0,0.0,0.0,0.0,0.0,1.0,1.0,5780,578,578,578.0,0.0,578.0,2.6702880859375e-05,10,0.0,0.0
0.0,47,63.5,1768.3308739828828,0.0,0.0,0.0,0.0,0.0,0.0,0.0,0,0,0,0,0,0.0056550502777099,0.0,0.0,0.0,0.0,0.0,0.0,0.0,0.0,0.0,0.0,0.0,0.0,0.0,1.0,1.0,5780,578,578,578.0,0.0,578.0,0.0005665063858032,10,0.0,0.0
0.0,47,63.5,43873.47280334728,0.0,0.0,0.0,0.0,0.0,0.0,0.0,0,0,0,0,0,0.000227928161621,0.0,0.0,0.0,0.0,0.0,0.0,0.0,0.0,0.0,0.0,0.0,0.0,0.0,1.0,1.0,5780,578,578,578.0,0.0,578.0,2.319812774658203e-05,10,0.0,0.0
0.0,47,63.5,560.0395230528887,0.0,0.0,0.0,0.0,0.0,0.0,0.0,0,0,0,0,0,0.0178558826446533,0.0,0.0,0.0,0.0,0.0,0.0,0.0,0.0,0.0,0.0,0.0,0.0,0.0,1.0,1.0,5780,578,578,578.0,0.0,578.0,0.0017879962921142,10,0.0,0.0
0.0,47,63.5,82565.03937007874,0.0,0.0,0.0,0.0,0.0,0.0,0.0,0,0,0,0,0,0.0001211166381835,0.0,0.0,0.0,0.0,0.0,0.0,0.0,0.0,0.0,0.0,0.0,0.0,0.0,1.0,1.0,5440,490,587,544.0,34.7467024814346,544.0,1.270771026611328e-05,10,0.1979117667228372,2149.1875
0.0,47,63.5,609.4600406858472,0.0,0.0,0.0,0.0,0.0,0.0,0.0,0,0,0,0,0,0.0164079666137695,0.0,0.0,0.0,0.0,0.0,0.0,0.0,0.0,0.0,0.0,0.0,0.0,0.0,1.0,1.0,5447,538,554,544.7,5.4984846397287805,544.7,0.0016417026519775,10,0.1041989727028399,37.10204081632653
0.0,47,63.5,294.19467065070245,0.0,0.0,0.0,0.0,0.0,0.0,0.0,0,0,0,0,0,0.0339910984039306,0.0,0.0,0.0,0.0,0.0,0.0,0.0,0.0,0.0,0.0,0.0,0.0,0.0,1.0,1.0,5420,535,548,542.0,5.312459150169742,542.0,0.003401494026184,10,0.1092355833594131,29.44
0.0,47,63.5,65741.44200626959,0.0,0.0,0.0,0.0,0.0,0.0,0.0,0,0,0,0,0,0.0001521110534667,0.0,0.0,0.0,0.0,0.0,0.0,0.0,0.0,0.0,0.0,0.0,0.0,0.0,1.0,1.0,5430,536,547,543.0,4.876246279442598,543.0,1.6903877258300783e-05,10,0.1073537576843938,25.0
0.0,47,63.5,58826.14305750351,0.0,0.0,0.0,0.0,0.0,0.0,0.0,0,0,0,0,0,0.0001699924468994,0.0,0.0,0.0,0.0,0.0,0.0,0.0,0.0,0.0,0.0,0.0,0.0,0.0,1.0,1.0,5860,547,637,586.0,28.53068523537421,586.0,1.7690658569335938e-05,10,0.098244199937482,1341.36
0.0,47,63.5,67108.864,0.0,0.0,0.0,0.0,0.0,0.0,0.0,0,0,0,0,0,0.0001490116119384,0.0,0.0,0.0,0.0,0.0,0.0,0.0,0.0,0.0,0.0,0.0,0.0,0.0,1.0,1.0,5816,577,585,581.6,3.238655413730965,581.6,1.5807151794433593e-05,10,0.0368173386693374,9.44
0.0,47,63.5,68534.37908496732,0.0,0.0,0.0,0.0,0.0,0.0,0.0,0,0,0,0,0,0.0001459121704101,0.0,0.0,0.0,0.0,0.0,0.0,0.0,0.0,0.0,0.0,0.0,0.0,0.0,1.0,1.0,5802,577,585,580.2,3.359894178227774,580.2,1.5497207641601562e-05,10,0.0368667264924428,10.693877551020408
0.0,47,63.5,67650.06451612903,0.0,0.0,0.0,0.0,0.0,0.0,0.0,0,0,0,0,0,0.0001478195190429,0.0,0.0,0.0,0.0,0.0,0.0,0.0,0.0,0.0,0.0,0.0,0.0,0.0,1.0,1.0,5831,574,591,583.1,5.586690532964137,583.1,1.559257507324219e-05,10,0.0428862242555082,28.09
0.0,47,63.5,62508.2563338301,0.0,0.0,0.0,0.0,0.0,0.0,0.0,0,0,0,0,0,0.0001599788665771,0.0,0.0,0.0,0.0,0.0,0.0,0.0,0.0,0.0,0.0,0.0,0.0,0.0,1.0,1.0,5155,427,574,515.5,51.8486043956612,515.5,1.6903877258300783e-05,10,0.3122385874866165,5402.25
0.0,47,63.5,42027.09418837675,0.0,0.0,0.0,0.0,0.0,0.0,0.0,0,0,0,0,0,0.0002379417419433,0.0,0.0,0.0,0.0,0.0,0.0,0.0,0.0,0.0,0.0,0.0,0.0,0.0,1.0,1.0,5282,510,542,528.2,13.00256384974389,528.2,2.4700164794921877e-05,10,0.1549714744098317,163.109375
0.0,47,63.5,46294.74613686535,0.0,0.0,0.0,0.0,0.0,0.0,0.0,0,0,0,0,0,0.000216007232666,0.0,0.0,0.0,0.0,0.0,0.0,0.0,0.0,0.0,0.0,0.0,0.0,0.0,1.0,1.0,5281,522,537,528.1,5.10881590977792,528.1,2.2602081298828124e-05,10,0.1313063172490071,36.0
0.0,47,63.5,66682.09856915739,0.0,0.0,0.0,0.0,0.0,0.0,0.0,0,0,0,0,0,0.0001499652862548,0.0,0.0,0.0,0.0,0.0,0.0,0.0,0.0,0.0,0.0,0.0,0.0,0.0,1.0,1.0,5236,508,538,523.6,10.844353369380766,523.6,1.5807151794433593e-05,10,0.1575005657885509,180.16
0.0,47,63.5,54330.36269430052,0.0,0.0,0.0,0.0,0.0,0.0,0.0,0,0,0,0,0,0.0001840591430664,0.0,0.0,0.0,0.0,0.0,0.0,0.0,0.0,0.0,0.0,0.0,0.0,0.0,1.0,1.0,5761,534,616,576.1,25.96343582810257,576.1,1.9097328186035155e-05,10,0.1193520952189358,1201.84
0.0,47,63.5,66260.72669826224,0.0,0.0,0.0,0.0,0.0,0.0,0.0,0,0,0,0,0,0.0001509189605712,0.0,0.0,0.0,0.0,0.0,0.0,0.0,0.0,0.0,0.0,0.0,0.0,0.0,1.0,1.0,5766,573,581,576.6,2.3664319132398464,576.6,1.609325408935547e-05,10,0.0432785497041773,5.04
0.0,47,63.5,254.40067932310305,0.0,0.0,0.0,0.0,0.0,0.0,0.0,0,0,0,0,0,0.0393080711364746,0.0,0.0,0.0,0.0,0.0,0.0,0.0,0.0,0.0,0.0,0.0,0.0,0.0,1.0,1.0,5802,576,586,580.2,3.614784456460256,580.2,0.003931713104248,10,0.0386746885961836,20.0
0.0,47,63.5,154202.35294117648,0.0,0.0,0.0,0.0,0.0,0.0,0.0,0,0,0,0,0,6.4849853515625e-05,0.0,0.0,0.0,0.0,0.0,0.0,0.0,0.0,0.0,0.0,0.0,0.0,0.0,1.0,1.0,5790,574,586,579.0,4.242640687119285,579.0,8.082389831542968e-06,10,0.0423387121103048,18.0
0.0,47,63.5,129854.61300309598,0.0,0.0,0.0,0.0,0.0,0.0,0.0,0,0,0,0,0,7.700920104980469e-05,0.0,0.0,0.0,0.0,0.0,0.0,0.0,0.0,0.0,0.0,0.0,0.0,0.0,1.0,1.0,5554,513,595,555.4,28.833622349225877,555.4,8.296966552734374e-06,10,0.1563080244001806,1444.8
0.0,47,63.5,1950.1134461595689,0.0,0.0,0.0,0.0,0.0,0.0,0.0,0,0,0,0,0,0.0051279067993164,0.0,0.0,0.0,0.0,0.0,0.0,0.0,0.0,0.0,0.0,0.0,0.0,0.0,1.0,1.0,5498,546,559,549.8,4.417138339593985,549.8,0.0005134105682373,10,0.090125435474017,36.0
0.0,47,63.5,57456.21917808219,0.0,0.0,0.0,0.0,0.0,0.0,0.0,0,0,0,0,0,0.0001740455627441,0.0,0.0,0.0,0.0,0.0,0.0,0.0,0.0,0.0,0.0,0.0,0.0,0.0,1.0,1.0,5508,547,554,550.8,2.485513584307633,550.8,2.229213714599609e-05,10,0.0876344388137035,7.840000000000001
0.0,47,63.5,67108.864,0.0,0.0,0.0,0.0,0.0,0.0,0.0,0,0,0,0,0,0.0001490116119384,0.0,0.0,0.0,0.0,0.0,0.0,0.0,0.0,0.0,0.0,0.0,0.0,0.0,1.0,1.0,5511,547,554,551.1,2.8067379246694517,551.1,1.571178436279297e-05,10,0.0877652927609933,7.090000000000001
0.0,47,63.5,1422.9073514943857,0.0,0.0,0.0,0.0,0.0,0.0,0.0,0,0,0,0,0,0.0070278644561767,0.0,0.0,0.0,0.0,0.0,0.0,0.0,0.0,0.0,0.0,0.0,0.0,0.0,1.0,1.0,5754,554,578,575.4,7.5306779981029,575.4,0.0007036924362182,10,0.0777607269893072,132.25
0.0,47,63.5,95325.09090909093,0.0,0.0,0.0,0.0,0.0,0.0,0.0,0,0,0,0,0,0.0001049041748046,0.0,0.0,0.0,0.0,0.0,0.0,0.0,0.0,0.0,0.0,0.0,0.0,0.0,1.0,1.0,5780,578,578,578.0,0.0,578.0,1.239776611328125e-05,10,0.0,0.0
0.0,47,63.5,1809.9180115646843,0.0,0.0,0.0,0.0,0.0,0.0,0.0,0,0,0,0,0,0.0055251121520996,0.0,0.0,0.0,0.0,0.0,0.0,0.0,0.0,0.0,0.0,0.0,0.0,0.0,1.0,1.0,5780,578,578,578.0,0.0,578.0,0.0005531072616577,10,0.0,0.0
0.0,47,63.5,12018.063037249283,0.0,0.0,0.0,0.0,0.0,0.0,0.0,0,0,0,0,0,0.0008320808410644,0.0,0.0,0.0,0.0,0.0,0.0,0.0,0.0,0.0,0.0,0.0,0.0,0.0,1.0,1.0,5780,578,578,578.0,0.0,578.0,8.440017700195312e-05,10,0.0,0.0
0.0,47,63.5,116508.44444444444,0.0,0.0,0.0,0.0,0.0,0.0,0.0,0,0,0,0,0,8.58306884765625e-05,0.0,0.0,0.0,0.0,0.0,0.0,0.0,0.0,0.0,0.0,0.0,0.0,0.0,1.0,1.0,5780,578,578,578.0,0.0,578.0,8.988380432128907e-06,10,0.0,0.0
0.0,47,63.5,99864.38095238096,0.0,0.0,0.0,0.0,0.0,0.0,0.0,0,0,0,0,0,0.0001001358032226,0.0,0.0,0.0,0.0,0.0,0.0,0.0,0.0,0.0,0.0,0.0,0.0,0.0,1.0,1.0,5780,578,578,578.0,0.0,578.0,1.0418891906738282e-05,10,0.0,0.0
0.0,47,63.5,81284.96124031008,0.0,0.0,0.0,0.0,0.0,0.0,0.0,0,0,0,0,0,0.0001230239868164,0.0,0.0,0.0,0.0,0.0,0.0,0.0,0.0,0.0,0.0,0.0,0.0,0.0,1.0,1.0,5780,578,578,578.0,0.0,578.0,1.3184547424316406e-05,10,0.0,0.0
0.0,47,63.5,569.2517745416051,0.0,0.0,0.0,0.0,0.0,0.0,0.0,0,0,0,0,0,0.0175669193267822,0.0,0.0,0.0,0.0,0.0,0.0,0.0,0.0,0.0,0.0,0.0,0.0,0.0,1.0,1.0,5780,578,578,578.0,0.0,578.0,0.0017570972442626,10,0.0,0.0
0.0,47,63.5,86302.55144032922,0.0,0.0,0.0,0.0,0.0,0.0,0.0,0,0,0,0,0,0.0001158714294433,0.0,0.0,0.0,0.0,0.0,0.0,0.0,0.0,0.0,0.0,0.0,0.0,0.0,1.0,1.0,5780,578,578,578.0,0.0,578.0,1.2302398681640624e-05,10,0.0,0.0
0.0,47,63.5,99864.38095238096,0.0,0.0,0.0,0.0,0.0,0.0,0.0,0,0,0,0,0,0.0001001358032226,0.0,0.0,0.0,0.0,0.0,0.0,0.0,0.0,0.0,0.0,0.0,0.0,0.0,1.0,1.0,5780,578,578,578.0,0.0,578.0,1.0514259338378908e-05,10,0.0,0.0
0.0,47,63.5,90982.73318872016,0.0,0.0,0.0,0.0,0.0,0.0,0.0,0,0,0,0,0,0.0001099109649658,0.0,0.0,0.0,0.0,0.0,0.0,0.0,0.0,0.0,0.0,0.0,0.0,0.0,1.0,1.0,5780,578,578,578.0,0.0,578.0,1.1587142944335938e-05,10,0.0,0.0
0.0,47,63.5,60963.72093023256,0.0,0.0,0.0,0.0,0.0,0.0,0.0,0,0,0,0,0,0.0001640319824218,0.0,0.0,0.0,0.0,0.0,0.0,0.0,0.0,0.0,0.0,0.0,0.0,0.0,1.0,1.0,5780,578,578,578.0,0.0,578.0,1.7404556274414062e-05,10,0.0,0.0
0.0,47,63.5,802.9527528907267,0.0,0.0,0.0,0.0,0.0,0.0,0.0,0,0,0,0,0,0.0124540328979492,0.0,0.0,0.0,0.0,0.0,0.0,0.0,0.0,0.0,0.0,0.0,0.0,0.0,1.0,1.0,5608,530,601,560.8,25.624640918893327,560.8,0.0012463092803955,10,0.1260306037247203,1033.2
0.0,47,63.5,10459.610972568578,0.0,0.0,0.0,0.0,0.0,0.0,0.0,0,0,0,0,0,0.0009560585021972,0.0,0.0,0.0,0.0,0.0,0.0,0.0,0.0,0.0,0.0,0.0,0.0,0.0,1.0,1.0,5567,552,563,556.7,4.029061098237818,556.7,9.620189666748048e-05,10,0.0797425683289781,14.61
0.0,47,63.5,3197.121731839317,0.0,0.0,0.0,0.0,0.0,0.0,0.0,0,0,0,0,0,0.0031278133392333,0.0,0.0,0.0,0.0,0.0,0.0,0.0,0.0,0.0,0.0,0.0,0.0,0.0,1.0,1.0,5592,547,563,559.2,4.491968140779471,559.2,0.000313377380371,10,0.0884517881418279,18.16
0.0,47,63.5,100102.72076372316,0.0,0.0,0.0,0.0,0.0,0.0,0.0,0,0,0,0,0,9.989738464355467e-05,0.0,0.0,0.0,0.0,0.0,0.0,0.0,0.0,0.0,0.0,0.0,0.0,0.0,1.0,1.0,5556,547,561,555.6,3.470510689285432,555.6,1.0609626770019531e-05,10,0.0880356872343873,20.25
0.0,47,63.5,3514.87806921981,0.0,0.0,0.0,0.0,0.0,0.0,0.0,0,0,0,0,0,0.0028450489044189,0.0,0.0,0.0,0.0,0.0,0.0,0.0,0.0,0.0,0.0,0.0,0.0,0.0,1.0,1.0,5763,561,578,576.3,5.375872022286245,576.3,0.0002851009368896,10,0.0649540352269985,72.25
0.0,47,63.5,790.8260271131475,0.0,0.0,0.0,0.0,0.0,0.0,0.0,0,0,0,0,0,0.0126450061798095,0.0,0.0,0.0,0.0,0.0,0.0,0.0,0.0,0.0,0.0,0.0,0.0,0.0,1.0,1.0,5780,578,578,578.0,0.0,578.0,0.0012660980224609,10,0.0,0.0
0.0,47,63.5,744.2119271101333,0.0,0.0,0.0,0.0,0.0,0.0,0.0,0,0,0,0,0,0.0134370326995849,0.0,0.0,0.0,0.0,0.0,0.0,0.0,0.0,0.0,0.0,0.0,0.0,0.0,1.0,1.0,5780,578,578,578.0,0.0,578.0,0.001344895362854,10,0.0,0.0
0.0,47,63.5,59493.67375886525,0.0,0.0,0.0,0.0,0.0,0.0,0.0,0,0,0,0,0,0.0001680850982666,0.0,0.0,0.0,0.0,0.0,0.0,0.0,0.0,0.0,0.0,0.0,0.0,0.0,1.0,1.0,5780,578,578,578.0,0.0,578.0,1.780986785888672e-05,10,0.0,0.0
0.0,47,63.5,36889.21723834653,0.0,0.0,0.0,0.0,0.0,0.0,0.0,0,0,0,0,0,0.0002710819244384,0.0,0.0,0.0,0.0,0.0,0.0,0.0,0.0,0.0,0.0,0.0,0.0,0.0,1.0,1.0,5166,420,578,516.6,55.11442642357808,516.6,2.789497375488281e-05,10,0.3254978627479088,6241.0
0.0,47,63.5,971.713464924474,0.0,0.0,0.0,0.0,0.0,0.0,0.0,0,0,0,0,0,0.0102910995483398,0.0,0.0,0.0,0.0,0.0,0.0,0.0,0.0,0.0,0.0,0.0,0.0,0.0,1.0,1.0,5226,512,538,522.6,8.771164878927618,522.6,0.0010302066802978,10,0.1498395117250799,69.24
0.0,47,63.5,77528.72458410352,0.0,0.0,0.0,0.0,0.0,0.0,0.0,0,0,0,0,0,0.0001289844512939,0.0,0.0,0.0,0.0,0.0,0.0,0.0,0.0,0.0,0.0,0.0,0.0,0.0,1.0,1.0,5155,507,525,515.5,5.986094998689324,515.5,1.3685226440429687e-05,10,0.1572256356586661,32.25
0.0,47,63.5,71453.21976149915,0.0,0.0,0.0,0.0,0.0,0.0,0.0,0,0,0,0,0,0.0001399517059326,0.0,0.0,0.0,0.0,0.0,0.0,0.0,0.0,0.0,0.0,0.0,0.0,0.0,1.0,1.0,5220,507,531,522.0,8.743251365736,522.0,1.4805793762207032e-05,10,0.1583487908763462,100.0
0.0,47,63.5,71943.46483704975,0.0,0.0,0.0,0.0,0.0,0.0,0.0,0,0,0,0,0,0.0001389980316162,0.0,0.0,0.0,0.0,0.0,0.0,0.0,0.0,0.0,0.0,0.0,0.0,0.0,1.0,1.0,5105,420,563,510.5,50.555250304328766,510.5,1.461505889892578e-05,10,0.3236406367639714,4339.4400000000005
0.0,47,63.5,57143.10626702997,0.0,0.0,0.0,0.0,0.0,0.0,0.0,0,0,0,0,0,0.0001749992370605,0.0,0.0,0.0,0.0,0.0,0.0,0.0,0.0,0.0,0.0,0.0,0.0,0.0,1.0,1.0,5182,514,522,518.2,3.32665998663324,518.2,1.8191337585449215e-05,10,0.1442133782121548,15.36
0.0,47,63.5,522.1927017840914,0.0,0.0,0.0,0.0,0.0,0.0,0.0,0,0,0,0,0,0.0191500186920166,0.0,0.0,0.0,0.0,0.0,0.0,0.0,0.0,0.0,0.0,0.0,0.0,0.0,1.0,1.0,5185,509,527,518.5,7.531415685130002,518.5,0.00191650390625,10,0.1544468774934945,51.05
0.0,47,63.5,2628.8335944844875,0.0,0.0,0.0,0.0,0.0,0.0,0.0,0,0,0,0,0,0.0038039684295654,0.0,0.0,0.0,0.0,0.0,0.0,0.0,0.0,0.0,0.0,0.0,0.0,0.0,1.0,1.0,5195,506,542,519.5,13.360389215887388,519.5,0.000418996810913,10,0.1619337581509839,163.6875
0.0,47,63.5,42196.21730382294,0.0,0.0,0.0,0.0,0.0,0.0,0.0,0,0,0,0,0,0.0002369880676269,0.0,0.0,0.0,0.0,0.0,0.0,0.0,0.0,0.0,0.0,0.0,0.0,0.0,1.0,1.0,5562,524,599,556.2,25.990596590134505,556.2,2.4700164794921877e-05,10,0.1364044594269572,1185.84
0.0,47,63.5,2637.2635814889336,0.0,0.0,0.0,0.0,0.0,0.0,0.0,0,0,0,0,0,0.0037918090820312,0.0,0.0,0.0,0.0,0.0,0.0,0.0,0.0,0.0,0.0,0.0,0.0,0.0,1.0,1.0,5563,552,561,556.3,2.8303906287138374,556.3,0.0003800868988037,10,0.0792542779265128,7.80246913580247
0.0,47,63.5,820.337577500049,0.0,0.0,0.0,0.0,0.0,0.0,0.0,0,0,0,0,0,0.0121901035308837,0.0,0.0,0.0,0.0,0.0,0.0,0.0,0.0,0.0,0.0,0.0,0.0,0.0,1.0,1.0,5517,548,558,551.7,3.1287200080686173,551.7,0.0012209177017211,10,0.0861923253824868,8.81
0.0,47,63.5,97997.7570093458,0.0,0.0,0.0,0.0,0.0,0.0,0.0,0,0,0,0,0,0.0001020431518554,0.0,0.0,0.0,0.0,0.0,0.0,0.0,0.0,0.0,0.0,0.0,0.0,0.0,1.0,1.0,5562,550,560,556.2,2.9363620727393656,556.2,1.0991096496582032e-05,10,0.0827057064539511,7.760000000000001
0.0,47,63.5,50717.09794437727,0.0,0.0,0.0,0.0,0.0,0.0,0.0,0,0,0,0,0,0.0001971721649169,0.0,0.0,0.0,0.0,0.0,0.0,0.0,0.0,0.0,0.0,0.0,0.0,0.0,1.0,1.0,5444,493,588,544.4,31.906808747420108,544.4,2.031326293945313e-05,10,0.1916425176113491,1819.44
0.0,47,63.5,794.7219432707429,0.0,0.0,0.0,0.0,0.0,0.0,0.0,0,0,0,0,0,0.0125830173492431,0.0,0.0,0.0,0.0,0.0,0.0,0.0,0.0,0.0,0.0,0.0,0.0,0.0,1.0,1.0,5465,537,558,546.5,7.199537022151725,546.5,0.0012592792510986,10,0.1065960434013437,63.38775510204082
0.0,47,63.5,3818.557902403496,0.0,0.0,0.0,0.0,0.0,0.0,0.0,0,0,0,0,0,0.0026187896728515,0.0,0.0,0.0,0.0,0.0,0.0,0.0,0.0,0.0,0.0,0.0,0.0,0.0,1.0,1.0,5497,543,556,549.7,5.143496432929215,549.7,0.0002624988555908,10,0.095533714706918,26.09876543209877
0.0,47,63.5,2920.6211266624887,0.0,0.0,0.0,0.0,0.0,0.0,0.0,0,0,0,0,0,0.0034239292144775,0.0,0.0,0.0,0.0,0.0,0.0,0.0,0.0,0.0,0.0,0.0,0.0,0.0,1.0,1.0,5382,521,548,538.2,10.96256255525038,538.2,0.0003443002700805,10,0.1353950294825068,182.25
0.0,47,63.5,90982.73318872016,0.0,0.0,0.0,0.0,0.0,0.0,0.0,0,0,0,0,0,0.0001099109649658,0.0,0.0,0.0,0.0,0.0,0.0,0.0,0.0,0.0,0.0,0.0,0.0,0.0,1.0,1.0,5750,548,578,575.0,9.486832980505138,575.0,1.1610984802246094e-05,10,0.0887823662829385,225.0
0.0,47,63.5,99864.38095238096,0.0,0.0,0.0,0.0,0.0,0.0,0.0,0,0,0,0,0,0.0001001358032226,0.0,0.0,0.0,0.0,0.0,0.0,0.0,0.0,0.0,0.0,0.0,0.0,0.0,1.0,1.0,5780,578,578,578.0,0.0,578.0,1.0609626770019531e-05,10,0.0,0.0
0.0,47,63.5,536.9740110101139,0.0,0.0,0.0,0.0,0.0,0.0,0.0,0,0,0,0,0,0.018622875213623,0.0,0.0,0.0,0.0,0.0,0.0,0.0,0.0,0.0,0.0,0.0,0.0,0.0,1.0,1.0,5780,578,578,578.0,0.0,578.0,0.0018627882003784,10,0.0,0.0
0.0,47,63.5,169809.87854251012,0.0,0.0,0.0,0.0,0.0,0.0,0.0,0,0,0,0,0,5.888938903808594e-05,0.0,0.0,0.0,0.0,0.0,0.0,0.0,0.0,0.0,0.0,0.0,0.0,0.0,1.0,1.0,5780,578,578,578.0,0.0,578.0,6.29425048828125e-06,10,0.0,0.0
0.0,47,63.5,128266.17737003058,0.0,0.0,0.0,0.0,0.0,0.0,0.0,0,0,0,0,0,7.796287536621094e-05,0.0,0.0,0.0,0.0,0.0,0.0,0.0,0.0,0.0,0.0,0.0,0.0,0.0,1.0,1.0,5814,551,614,581.4,21.072362099310187,581.4,8.106231689453125e-06,10,0.088389457424775,797.0400000000001
0.0,47,63.5,172605.10288065844,0.0,0.0,0.0,0.0,0.0,0.0,0.0,0,0,0,0,0,5.793571472167969e-05,0.0,0.0,0.0,0.0,0.0,0.0,0.0,0.0,0.0,0.0,0.0,0.0,0.0,1.0,1.0,5784,577,582,578.4,2.118699810942761,578.4,6.103515625e-06,10,0.0363611135549856,5.138888888888888
0.0,47,63.5,1158.871605006493,0.0,0.0,0.0,0.0,0.0,0.0,0.0,0,0,0,0,0,0.0086290836334228,0.0,0.0,0.0,0.0,0.0,0.0,0.0,0.0,0.0,0.0,0.0,0.0,0.0,1.0,1.0,5796,578,581,579.6,1.4298407059684812,579.6,0.0008631944656372,10,0.0343763699099833,2.25
0.0,47,63.5,85423.7067209776,0.0,0.0,0.0,0.0,0.0,0.0,0.0,0,0,0,0,0,0.0001170635223388,0.0,0.0,0.0,0.0,0.0,0.0,0.0,0.0,0.0,0.0,0.0,0.0,0.0,1.0,1.0,5775,575,580,577.5,2.3213980461973533,577.5,1.3804435729980468e-05,10,0.039851944708099,4.85
0.0,47,63.5,1905.895396919162,0.0,0.0,0.0,0.0,0.0,0.0,0.0,0,0,0,0,0,0.005246877670288,0.0,0.0,0.0,0.0,0.0,0.0,0.0,0.0,0.0,0.0,0.0,0.0,0.0,1.0,1.0,5358,472,581,535.8,39.78497762277169,535.8,0.000525689125061,10,0.2306384984844123,2813.5
0.0,47,63.5,791.0795926065636,0.0,0.0,0.0,0.0,0.0,0.0,0.0,0,0,0,0,0,0.0126409530639648,0.0,0.0,0.0,0.0,0.0,0.0,0.0,0.0,0.0,0.0,0.0,0.0,0.0,1.0,1.0,5369,523,549,536.9,8.11651266109884,536.9,0.0012647151947021,10,0.1308274025976253,78.12244897959184
0.0,47,63.5,99864.38095238096,0.0,0.0,0.0,0.0,0.0,0.0,0.0,0,0,0,0,0,0.0001001358032226,0.0,0.0,0.0,0.0,0.0,0.0,0.0,0.0,0.0,0.0,0.0,0.0,0.0,1.0,1.0,5361,529,548,536.1,6.690789689316699,536.1,1.0704994201660156e-05,10,0.12002184008784,75.44
0.0,47,63.5,195.93325485359796,0.0,0.0,0.0,0.0,0.0,0.0,0.0,0,0,0,0,0,0.0510377883911132,0.0,0.0,0.0,0.0,0.0,0.0,0.0,0.0,0.0,0.0,0.0,0.0,0.0,1.0,1.0,5347,516,553,534.7,12.614365708279674,534.7,0.0051083803176879,10,0.1445885580149248,198.77551020408168
0.0,47,63.5,680.9266685065832,0.0,0.0,0.0,0.0,0.0,0.0,0.0,0,0,0,0,0,0.0146858692169189,0.0,0.0,0.0,0.0,0.0,0.0,0.0,0.0,0.0,0.0,0.0,0.0,0.0,1.0,1.0,5766,538,615,576.6,25.11396247331574,576.6,0.0014713048934936,10,0.1121895337531299,1125.0400000000002
0.0,47,63.5,1039.068523014418,0.0,0.0,0.0,0.0,0.0,0.0,0.0,0,0,0,0,0,0.0096240043640136,0.0,0.0,0.0,0.0,0.0,0.0,0.0,0.0,0.0,0.0,0.0,0.0,0.0,1.0,1.0,5774,576,580,577.4,1.264911064067352,577.4,0.0009631156921386,10,0.0377174441710585,4.0
0.0,47,63.5,1241.1753913532389,0.0,0.0,0.0,0.0,0.0,0.0,0.0,0,0,0,0,0,0.0080568790435791,0.0,0.0,0.0,0.0,0.0,0.0,0.0,0.0,0.0,0.0,0.0,0.0,0.0,1.0,1.0,5771,573,580,577.1,2.685351208149711,577.1,0.0008068799972534,10,0.0434084646681518,8.408163265306124
0.0,47,63.5,1039.8155539579047,0.0,0.0,0.0,0.0,0.0,0.0,0.0,0,0,0,0,0,0.0096170902252197,0.0,0.0,0.0,0.0,0.0,0.0,0.0,0.0,0.0,0.0,0.0,0.0,0.0,1.0,1.0,5769,574,580,576.9,2.282785822435191,576.9,0.0009625196456909,10,0.0415403456326271,4.69
0.0,47,63.5,648.5101119426063,0.0,0.0,0.0,0.0,0.0,0.0,0.0,0,0,0,0,0,0.0154199600219726,0.0,0.0,0.0,0.0,0.0,0.0,0.0,0.0,0.0,0.0,0.0,0.0,0.0,1.0,1.0,5782,578,580,578.2,0.6324555320336759,578.2,0.0015430927276611,10,0.0,1.0
0.0,47,63.5,339.5235358400453,0.0,0.0,0.0,0.0,0.0,0.0,0.0,0,0,0,0,0,0.0294530391693115,0.0,0.0,0.0,0.0,0.0,0.0,0.0,0.0,0.0,0.0,0.0,0.0,0.0,1.0,1.0,5780,578,578,578.0,0.0,578.0,0.0029469013214111,10,0.0,0.0
0.0,47,63.5,1004.8162522159936,0.0,0.0,0.0,0.0,0.0,0.0,0.0,0,0,0,0,0,0.0099520683288574,0.0,0.0,0.0,0.0,0.0,0.0,0.0,0.0,0.0,0.0,0.0,0.0,0.0,1.0,1.0,5780,578,578,578.0,0.0,578.0,0.0009973049163818,10,0.0,0.0
0.0,47,63.5,1003.20600827573,0.0,0.0,0.0,0.0,0.0,0.0,0.0,0,0,0,0,0,0.0099680423736572,0.0,0.0,0.0,0.0,0.0,0.0,0.0,0.0,0.0,0.0,0.0,0.0,0.0,1.0,1.0,5780,578,578,578.0,0.0,578.0,0.0009987831115722,10,0.0,0.0
0.0,47,63.5,1980.9682142351107,0.0,0.0,0.0,0.0,0.0,0.0,0.0,0,0,0,0,0,0.0050480365753173,0.0,0.0,0.0,0.0,0.0,0.0,0.0,0.0,0.0,0.0,0.0,0.0,0.0,1.0,1.0,5155,420,578,515.5,55.02978991217192,515.5,0.0005067110061645,10,0.3254633852186224,6241.0
0.0,47,63.5,845.3701501562027,0.0,0.0,0.0,0.0,0.0,0.0,0.0,0,0,0,0,0,0.011829137802124,0.0,0.0,0.0,0.0,0.0,0.0,0.0,0.0,0.0,0.0,0.0,0.0,0.0,1.0,1.0,5184,498,533,518.4,12.094075684675811,518.4,0.0011841058731079,10,0.1750509526709096,306.25
0.0,47,63.5,5938.417103213932,0.0,0.0,0.0,0.0,0.0,0.0,0.0,0,0,0,0,0,0.0016839504241943,0.0,0.0,0.0,0.0,0.0,0.0,0.0,0.0,0.0,0.0,0.0,0.0,0.0,1.0,1.0,5195,507,527,519.5,7.137537701787952,519.5,0.0001695871353149,10,0.1576946873582003,89.84
0.0,47,63.5,1449.7110465920089,0.0,0.0,0.0,0.0,0.0,0.0,0.0,0,0,0,0,0,0.0068979263305664,0.0,0.0,0.0,0.0,0.0,0.0,0.0,0.0,0.0,0.0,0.0,0.0,0.0,1.0,1.0,5167,509,520,516.7,4.191260749066642,516.7,0.0006916046142578,10,0.1530862319787397,30.25
0.0,47,63.5,610.3469150174622,0.0,0.0,0.0,0.0,0.0,0.0,0.0,0,0,0,0,0,0.0163841247558593,0.0,0.0,0.0,0.0,0.0,0.0,0.0,0.0,0.0,0.0,0.0,0.0,0.0,1.0,1.0,5719,517,578,571.9,19.28989372702712,571.9,0.0016411066055297,10,0.1456037711086417,930.25
0.0,47,63.5,58497.96373779637,0.0,0.0,0.0,0.0,0.0,0.0,0.0,0,0,0,0,0,0.0001709461212158,0.0,0.0,0.0,0.0,0.0,0.0,0.0,0.0,0.0,0.0,0.0,0.0,0.0,1.0,1.0,5780,578,578,578.0,0.0,578.0,1.8095970153808595e-05,10,0.0,0.0
0.0,47,63.5,1329.077888332594,0.0,0.0,0.0,0.0,0.0,0.0,0.0,0,0,0,0,0,0.0075240135192871,0.0,0.0,0.0,0.0,0.0,0.0,0.0,0.0,0.0,0.0,0.0,0.0,0.0,1.0,1.0,5780,578,578,578.0,0.0,578.0,0.0007534027099609,10,0.0,0.0
0.0,47,63.5,957.1229063027704,0.0,0.0,0.0,0.0,0.0,0.0,0.0,0,0,0,0,0,0.0104479789733886,0.0,0.0,0.0,0.0,0.0,0.0,0.0,0.0,0.0,0.0,0.0,0.0,0.0,1.0,1.0,5780,578,578,578.0,0.0,578.0,0.001046085357666,10,0.0,0.0
0.0,47,63.5,86125.3388090349,0.0,0.0,0.0,0.0,0.0,0.0,0.0,0,0,0,0,0,0.0001161098480224,0.0,0.0,0.0,0.0,0.0,0.0,0.0,0.0,0.0,0.0,0.0,0.0,0.0,1.0,1.0,5899,574,637,589.9,24.968647006462596,589.9,1.220703125e-05,10,0.0507816580445525,914.8
0.0,47,63.5,898.5419567685683,0.0,0.0,0.0,0.0,0.0,0.0,0.0,0,0,0,0,0,0.0111291408538818,0.0,0.0,0.0,0.0,0.0,0.0,0.0,0.0,0.0,0.0,0.0,0.0,0.0,1.0,1.0,5793,574,583,579.3,3.8311588035185618,579.3,0.0011135101318359,10,0.0421710908502013,14.40816326530612
0.0,47,63.5,822.2352041716492,0.0,0.0,0.0,0.0,0.0,0.0,0.0,0,0,0,0,0,0.0121619701385498,0.0,0.0,0.0,0.0,0.0,0.0,0.0,0.0,0.0,0.0,0.0,0.0,0.0,1.0,1.0,5813,574,591,581.3,7.616502551113018,581.3,0.001218295097351,10,0.0437130884792213,63.26530612244898
0.0,47,63.5,1168.4925477085944,0.0,0.0,0.0,0.0,0.0,0.0,0.0,0,0,0,0,0,0.0085580348968505,0.0,0.0,0.0,0.0,0.0,0.0,0.0,0.0,0.0,0.0,0.0,0.0,0.0,1.0,1.0,5819,574,586,581.9,4.581363212940979,581.9,0.0008589029312133,10,0.0424766941184236,18.89
0.0,47,63.5,513.875595741292,0.0,0.0,0.0,0.0,0.0,0.0,0.0,0,0,0,0,0,0.0194599628448486,0.0,0.0,0.0,0.0,0.0,0.0,0.0,0.0,0.0,0.0,0.0,0.0,0.0,1.0,1.0,5142,420,574,514.2,54.28279858502344,514.2,0.0019480943679809,10,0.3251590908315952,5929.0
0.0,47,63.5,522.2447175426145,0.0,0.0,0.0,0.0,0.0,0.0,0.0,0,0,0,0,0,0.0191481113433837,0.0,0.0,0.0,0.0,0.0,0.0,0.0,0.0,0.0,0.0,0.0,0.0,0.0,1.0,1.0,5242,512,537,524.2,9.101892355133872,524.2,0.0019169092178344,10,0.1499742368697873,74.56
0.0,47,63.5,1564.2216752442753,0.0,0.0,0.0,0.0,0.0,0.0,0.0,0,0,0,0,0,0.0063929557800292,0.0,0.0,0.0,0.0,0.0,0.0,0.0,0.0,0.0,0.0,0.0,0.0,0.0,1.0,1.0,5159,499,531,515.9,11.883228143526956,515.9,0.0006414890289306,10,0.1732609318165471,127.09
0.0,47,63.5,1471.0146249079366,0.0,0.0,0.0,0.0,0.0,0.0,0.0,0,0,0,0,0,0.0067980289459228,0.0,0.0,0.0,0.0,0.0,0.0,0.0,0.0,0.0,0.0,0.0,0.0,0.0,1.0,1.0,5224,511,532,522.4,7.501111028818775,522.4,0.0006808042526245,10,0.1510262725886996,71.26530612244899
0.0,47,63.5,1122.1917808219175,0.0,0.0,0.0,0.0,0.0,0.0,0.0,0,0,0,0,0,0.0089111328125,0.0,0.0,0.0,0.0,0.0,0.0,0.0,0.0,0.0,0.0,0.0,0.0,0.0,1.0,1.0,5335,467,579,533.5,39.59587520605314,533.5,0.0008939027786254,10,0.2390821157239379,2509.44
0.0,47,63.5,224.46718328552467,0.0,0.0,0.0,0.0,0.0,0.0,0.0,0,0,0,0,0,0.0445499420166015,0.0,0.0,0.0,0.0,0.0,0.0,0.0,0.0,0.0,0.0,0.0,0.0,0.0,1.0,1.0,5381,520,558,538.1,11.259070417519672,538.1,0.0044566869735717,10,0.1372199449252808,125.58024691358024
0.0,47,63.5,1994.438421302901,0.0,0.0,0.0,0.0,0.0,0.0,0.0,0,0,0,0,0,0.0050139427185058,0.0,0.0,0.0,0.0,0.0,0.0,0.0,0.0,0.0,0.0,0.0,0.0,0.0,1.0,1.0,5345,526,550,534.5,7.074995092263708,534.5,0.0005038022994995,10,0.1252907400007845,45.05
0.0,47,63.5,2384.34654084475,0.0,0.0,0.0,0.0,0.0,0.0,0.0,0,0,0,0,0,0.0041940212249755,0.0,0.0,0.0,0.0,0.0,0.0,0.0,0.0,0.0,0.0,0.0,0.0,0.0,1.0,1.0,5361,519,550,536.1,9.8482937044388,536.1,0.0004197120666503,10,0.1383493809234402,91.11111111111111
0.0,47,63.5,1560.5551214793318,0.0,0.0,0.0,0.0,0.0,0.0,0.0,0,0,0,0,0,0.0064079761505126,0.0,0.0,0.0,0.0,0.0,0.0,0.0,0.0,0.0,0.0,0.0,0.0,0.0,1.0,1.0,5442,497,589,544.2,31.56228410267194,544.2,0.0006423950195312,10,0.1846856520520645,1692.8
0.0,47,63.5,394.7580235294118,0.0,0.0,0.0,0.0,0.0,0.0,0.0,0,0,0,0,0,0.025331974029541,0.0,0.0,0.0,0.0,0.0,0.0,0.0,0.0,0.0,0.0,0.0,0.0,0.0,1.0,1.0,5478,543,558,547.8,5.553777493242275,547.8,0.0025337934494018,10,0.0957008467996471,41.760000000000005
0.0,47,63.5,649.9471588179691,0.0,0.0,0.0,0.0,0.0,0.0,0.0,0,0,0,0,0,0.0153858661651611,0.0,0.0,0.0,0.0,0.0,0.0,0.0,0.0,0.0,0.0,0.0,0.0,0.0,1.0,1.0,5419,526,553,541.9,8.37257427557379,541.9,0.0015408992767333,10,0.1258193218568977,63.09
0.0,47,63.5,1245.783533325413,0.0,0.0,0.0,0.0,0.0,0.0,0.0,0,0,0,0,0,0.0080270767211914,0.0,0.0,0.0,0.0,0.0,0.0,0.0,0.0,0.0,0.0,0.0,0.0,0.0,1.0,1.0,5475,526,559,547.5,9.131751687868483,547.5,0.0008037090301513,10,0.1261285803675701,150.1875
0.0,47,63.5,1609.04745463613,0.0,0.0,0.0,0.0,0.0,0.0,0.0,0,0,0,0,0,0.0062148571014404,0.0,0.0,0.0,0.0,0.0,0.0,0.0,0.0,0.0,0.0,0.0,0.0,0.0,1.0,1.0,5769,545,616,576.9,24.14516284660116,576.9,0.0006224870681762,10,0.0998659735371915,1043.44
0.0,47,63.5,2047.9000048825744,0.0,0.0,0.0,0.0,0.0,0.0,0.0,0,0,0,0,0,0.0048830509185791,0.0,0.0,0.0,0.0,0.0,0.0,0.0,0.0,0.0,0.0,0.0,0.0,0.0,1.0,1.0,5776,574,581,577.6,2.3664319132398464,577.6,0.0004891157150268,10,0.0415744197041773,6.25
0.0,47,63.5,1011.4311895632884,0.0,0.0,0.0,0.0,0.0,0.0,0.0,0,0,0,0,0,0.0098869800567626,0.0,0.0,0.0,0.0,0.0,0.0,0.0,0.0,0.0,0.0,0.0,0.0,0.0,1.0,1.0,5763,572,580,576.3,2.7507574714370344,576.3,0.0009893894195556,10,0.0451392385635646,7.506172839506173
0.0,47,63.5,4205.237617806296,0.0,0.0,0.0,0.0,0.0,0.0,0.0,0,0,0,0,0,0.0023779869079589,0.0,0.0,0.0,0.0,0.0,0.0,0.0,0.0,0.0,0.0,0.0,0.0,0.0,1.0,1.0,5779,573,582,577.9,3.142893217686178,577.9,0.0002393007278442,10,0.0435948489811566,9.142857142857142
0.0,47,63.5,1047.65929811415,0.0,0.0,0.0,0.0,0.0,0.0,0.0,0,0,0,0,0,0.009545087814331,0.0,0.0,0.0,0.0,0.0,0.0,0.0,0.0,0.0,0.0,0.0,0.0,0.0,1.0,1.0,5902,573,636,590.2,24.3529601212392,590.2,0.0009592056274414,10,0.052234981834988,874.8
0.0,47,63.5,149263.487544484,0.0,0.0,0.0,0.0,0.0,0.0,0.0,0,0,0,0,0,6.699562072753906e-05,0.0,0.0,0.0,0.0,0.0,0.0,0.0,0.0,0.0,0.0,0.0,0.0,0.0,1.0,1.0,5840,580,586,584.0,1.9436506316151,584.0,7.796287536621094e-06,10,0.0311774155212947,3.4
0.0,47,63.5,1475.1535187985792,0.0,0.0,0.0,0.0,0.0,0.0,0.0,0,0,0,0,0,0.0067789554595947,0.0,0.0,0.0,0.0,0.0,0.0,0.0,0.0,0.0,0.0,0.0,0.0,0.0,1.0,1.0,5807,577,585,580.7,3.056868404829433,580.7,0.0006783008575439,10,0.0367432859133913,8.987654320987653
0.0,47,63.5,774.9434631586727,0.0,0.0,0.0,0.0,0.0,0.0,0.0,0,0,0,0,0,0.0129041671752929,0.0,0.0,0.0,0.0,0.0,0.0,0.0,0.0,0.0,0.0,0.0,0.0,0.0,1.0,1.0,5794,574,583,579.4,3.3065591380365986,579.4,0.0012922048568725,10,0.0419573899304705,11.63265306122449
0.0,47,63.5,979.725771413889,0.0,0.0,0.0,0.0,0.0,0.0,0.0,0,0,0,0,0,0.0102069377899169,0.0,0.0,0.0,0.0,0.0,0.0,0.0,0.0,0.0,0.0,0.0,0.0,0.0,1.0,1.0,5179,430,583,517.9,52.0799598907509,517.9,0.0010223865509033,10,0.3072204424610963,5852.25
0.0,47,63.5,1497.9122174208064,0.0,0.0,0.0,0.0,0.0,0.0,0.0,0,0,0,0,0,0.0066759586334228,0.0,0.0,0.0,0.0,0.0,0.0,0.0,0.0,0.0,0.0,0.0,0.0,0.0,1.0,1.0,5319,522,539,531.9,4.90917508345343,531.9,0.0006704092025756,10,0.1312249915619955,38.96
0.0,47,63.5,21465.22006141249,0.0,0.0,0.0,0.0,0.0,0.0,0.0,0,0,0,0,0,0.0004658699035644,0.0,0.0,0.0,0.0,0.0,0.0,0.0,0.0,0.0,0.0,0.0,0.0,0.0,1.0,1.0,5247,510,538,524.7,10.43551627855565,524.7,4.699230194091797e-05,10,0.1539257619112325,131.76
0.0,47,63.5,166440.6349206349,0.0,0.0,0.0,0.0,0.0,0.0,0.0,0,0,0,0,0,6.008148193359375e-05,0.0,0.0,0.0,0.0,0.0,0.0,0.0,0.0,0.0,0.0,0.0,0.0,0.0,1.0,1.0,5290,520,538,529.0,5.887840577551898,529.0,7.009506225585937e-06,10,0.1350319207376716,81.0
0.0,47,63.5,565.1939091766608,0.0,0.0,0.0,0.0,0.0,0.0,0.0,0,0,0,0,0,0.0176930427551269,0.0,0.0,0.0,0.0,0.0,0.0,0.0,0.0,0.0,0.0,0.0,0.0,0.0,1.0,1.0,5260,451,573,526.0,42.71871824960212,526.0,0.0017695903778076,10,0.2676203170661579,3008.16
0.0,47,63.5,92589.49227373068,0.0,0.0,0.0,0.0,0.0,0.0,0.0,0,0,0,0,0,0.000108003616333,0.0,0.0,0.0,0.0,0.0,0.0,0.0,0.0,0.0,0.0,0.0,0.0,0.0,1.0,1.0,5309,509,542,530.9,9.30292666016692,530.9,1.270771026611328e-05,10,0.1551685202042856,77.89
0.0,47,63.5,101067.56626506025,0.0,0.0,0.0,0.0,0.0,0.0,0.0,0,0,0,0,0,9.894371032714844e-05,0.0,0.0,0.0,0.0,0.0,0.0,0.0,0.0,0.0,0.0,0.0,0.0,0.0,1.0,1.0,5296,509,557,529.6,16.351690364539618,529.6,1.0395050048828124e-05,10,0.1580399045868988,576.0
0.0,47,63.5,102051.19221411191,0.0,0.0,0.0,0.0,0.0,0.0,0.0,0,0,0,0,0,9.79900360107422e-05,0.0,0.0,0.0,0.0,0.0,0.0,0.0,0.0,0.0,0.0,0.0,0.0,0.0,1.0,1.0,5354,521,549,535.4,9.395034149308168,535.4,1.0395050048828124e-05,10,0.1347564811110622,157.44
0.0,47,63.5,91779.08096280089,0.0,0.0,0.0,0.0,0.0,0.0,0.0,0,0,0,0,0,0.0001089572906494,0.0,0.0,0.0,0.0,0.0,0.0,0.0,0.0,0.0,0.0,0.0,0.0,0.0,1.0,1.0,5739,537,578,573.9,12.965338406690355,573.9,1.1515617370605468e-05,10,0.1089448002533494,420.25
0.0,47,63.5,2658.155776665188,0.0,0.0,0.0,0.0,0.0,0.0,0.0,0,0,0,0,0,0.0037620067596435,0.0,0.0,0.0,0.0,0.0,0.0,0.0,0.0,0.0,0.0,0.0,0.0,0.0,1.0,1.0,5780,578,578,578.0,0.0,578.0,0.0003767967224121,10,0.0,0.0
0.0,47,63.5,1470.138100245356,0.0,0.0,0.0,0.0,0.0,0.0,0.0,0,0,0,0,0,0.0068020820617675,0.0,0.0,0.0,0.0,0.0,0.0,0.0,0.0,0.0,0.0,0.0,0.0,0.0,1.0,1.0,5780,578,578,578.0,0.0,578.0,0.0006809949874877,10,0.0,0.0
0.0,47,63.5,1927.1751516265392,0.0,0.0,0.0,0.0,0.0,0.0,0.0,0,0,0,0,0,0.0051889419555664,0.0,0.0,0.0,0.0,0.0,0.0,0.0,0.0,0.0,0.0,0.0,0.0,0.0,1.0,1.0,5780,578,578,578.0,0.0,578.0,0.0005204916000366,10,0.0,0.0
0.0,47,63.5,1382.342627381188,0.0,0.0,0.0,0.0,0.0,0.0,0.0,0,0,0,0,0,0.0072340965270996,0.0,0.0,0.0,0.0,0.0,0.0,0.0,0.0,0.0,0.0,0.0,0.0,0.0,1.0,1.0,5598,522,598,559.8,26.46926939343476,559.8,0.0007244110107421,10,0.1400077115801095,1207.0400000000002
0.0,47,63.5,606.0957775786827,0.0,0.0,0.0,0.0,0.0,0.0,0.0,0,0,0,0,0,0.0164990425109863,0.0,0.0,0.0,0.0,0.0,0.0,0.0,0.0,0.0,0.0,0.0,0.0,0.0,1.0,1.0,5507,544,553,550.7,3.6530048514126623,550.7,0.0016510963439941,10,0.0932224180562714,14.138888888888888
0.0,47,63.5,58497.96373779637,0.0,0.0,0.0,0.0,0.0,0.0,0.0,0,0,0,0,0,0.0001709461212158,0.0,0.0,0.0,0.0,0.0,0.0,0.0,0.0,0.0,0.0,0.0,0.0,0.0,1.0,1.0,5528,549,559,552.8,3.583914681524164,552.8,1.919269561767578e-05,10,0.0846736234846657,20.16
0.0,47,63.5,587.643292469352,0.0,0.0,0.0,0.0,0.0,0.0,0.0,0,0,0,0,0,0.017017126083374,0.0,0.0,0.0,0.0,0.0,0.0,0.0,0.0,0.0,0.0,0.0,0.0,0.0,1.0,1.0,5550,548,564,555.0,5.676462121975467,555.0,0.0017027139663696,10,0.0872301736100079,39.632653061224495
0.0,47,63.5,42711.8533604888,0.0,0.0,0.0,0.0,0.0,0.0,0.0,0,0,0,0,0,0.0002341270446777,0.0,0.0,0.0,0.0,0.0,0.0,0.0,0.0,0.0,0.0,0.0,0.0,0.0,1.0,1.0,5755,553,578,575.5,7.905694150420948,575.5,2.720355987548828e-05,10,0.0796176235691155,156.25
0.0,47,63.5,396.3246716432014,0.0,0.0,0.0,0.0,0.0,0.0,0.0,0,0,0,0,0,0.0252318382263183,0.0,0.0,0.0,0.0,0.0,0.0,0.0,0.0,0.0,0.0,0.0,0.0,0.0,1.0,1.0,5780,578,578,578.0,0.0,578.0,0.002524185180664,10,0.0,0.0
0.0,47,63.5,954.378811322472,0.0,0.0,0.0,0.0,0.0,0.0,0.0,0,0,0,0,0,0.0104780197143554,0.0,0.0,0.0,0.0,0.0,0.0,0.0,0.0,0.0,0.0,0.0,0.0,0.0,1.0,1.0,5780,578,578,578.0,0.0,578.0,0.0010513067245483,10,0.0,0.0
0.0,47,63.5,1952.3828143182984,0.0,0.0,0.0,0.0,0.0,0.0,0.0,0,0,0,0,0,0.0051219463348388,0.0,0.0,0.0,0.0,0.0,0.0,0.0,0.0,0.0,0.0,0.0,0.0,0.0,1.0,1.0,5780,578,578,578.0,0.0,578.0,0.0005127906799316,10,0.0,0.0
0.0,47,63.5,3980.9263477600607,0.0,0.0,0.0,0.0,0.0,0.0,0.0,0,0,0,0,0,0.002511978149414,0.0,0.0,0.0,0.0,0.0,0.0,0.0,0.0,0.0,0.0,0.0,0.0,0.0,1.0,1.0,5254,448,578,525.4,46.2149566939343,525.4,0.0002530097961425,10,0.2741569347588411,4225.0
0.0,47,63.5,1117.2000106544497,0.0,0.0,0.0,0.0,0.0,0.0,0.0,0,0,0,0,0,0.0089509487152099,0.0,0.0,0.0,0.0,0.0,0.0,0.0,0.0,0.0,0.0,0.0,0.0,0.0,1.0,1.0,5289,516,544,528.9,11.541711792932238,528.9,0.0008961915969848,10,0.1441516017159689,139.44
0.0,47,63.5,101067.56626506025,0.0,0.0,0.0,0.0,0.0,0.0,0.0,0,0,0,0,0,9.894371032714844e-05,0.0,0.0,0.0,0.0,0.0,0.0,0.0,0.0,0.0,0.0,0.0,0.0,0.0,1.0,1.0,5342,520,546,534.2,8.829244336609761,534.2,1.0514259338378908e-05,10,0.1362301309729613,76.98765432098764
0.0,47,63.5,5181.35145151328,0.0,0.0,0.0,0.0,0.0,0.0,0.0,0,0,0,0,0,0.0019299983978271,0.0,0.0,0.0,0.0,0.0,0.0,0.0,0.0,0.0,0.0,0.0,0.0,0.0,1.0,1.0,5310,520,538,531.0,6.815016100086957,531.0,0.0001935958862304,10,0.1354096149585314,54.9795918367347
0.0,47,63.5,1968.87950053983,0.0,0.0,0.0,0.0,0.0,0.0,0.0,0,0,0,0,0,0.0050790309906005,0.0,0.0,0.0,0.0,0.0,0.0,0.0,0.0,0.0,0.0,0.0,0.0,0.0,1.0,1.0,5131,426,565,513.1,48.974936900872514,513.1,0.0005095958709716,10,0.3127721002959394,4113.84
0.0,47,63.5,1227.3018288222386,0.0,0.0,0.0,0.0,0.0,0.0,0.0,0,0,0,0,0,0.0081479549407958,0.0,0.0,0.0,0.0,0.0,0.0,0.0,0.0,0.0,0.0,0.0,0.0,0.0,1.0,1.0,5236,504,538,523.6,11.606511582345108,523.6,0.0008163928985595,10,0.1646275585581841,173.10204081632654
0.0,47,63.5,2421.9332486430303,0.0,0.0,0.0,0.0,0.0,0.0,0.0,0,0,0,0,0,0.0041289329528808,0.0,0.0,0.0,0.0,0.0,0.0,0.0,0.0,0.0,0.0,0.0,0.0,0.0,1.0,1.0,5184,506,532,518.4,9.901739465591104,518.4,0.000413703918457,10,0.1605248425887032,88.24
0.0,47,63.5,932.0675555555556,0.0,0.0,0.0,0.0,0.0,0.0,0.0,0,0,0,0,0,0.0107288360595703,0.0,0.0,0.0,0.0,0.0,0.0,0.0,0.0,0.0,0.0,0.0,0.0,0.0,1.0,1.0,5154,500,528,515.4,10.490207073477835,515.4,0.0010746002197265,10,0.1709893407534519,99.04
0.0,47,63.5,86125.3388090349,0.0,0.0,0.0,0.0,0.0,0.0,0.0,0,0,0,0,0,0.0001161098480224,0.0,0.0,0.0,0.0,0.0,0.0,0.0,0.0,0.0,0.0,0.0,0.0,0.0,1.0,1.0,5012,420,563,501.2,48.6684931164118,501.2,1.3113021850585938e-05,10,0.3228720473559016,4101.36
0.0,47,63.5,8734.493960849646,0.0,0.0,0.0,0.0,0.0,0.0,0.0,0,0,0,0,0,0.0011448860168457,0.0,0.0,0.0,0.0,0.0,0.0,0.0,0.0,0.0,0.0,0.0,0.0,0.0,1.0,1.0,5200,515,527,520.0,4.242640687119285,520.0,0.0001150846481323,10,0.1428823821103049,20.69387755102041
0.0,47,63.5,1309.6150123333437,0.0,0.0,0.0,0.0,0.0,0.0,0.0,0,0,0,0,0,0.0076358318328857,0.0,0.0,0.0,0.0,0.0,0.0,0.0,0.0,0.0,0.0,0.0,0.0,0.0,1.0,1.0,5237,518,531,523.7,4.945255863507525,523.7,0.0007652997970581,10,0.1380562094285584,42.25
0.0,47,63.5,974.1734990128904,0.0,0.0,0.0,0.0,0.0,0.0,0.0,0,0,0,0,0,0.0102651119232177,0.0,0.0,0.0,0.0,0.0,0.0,0.0,0.0,0.0,0.0,0.0,0.0,0.0,1.0,1.0,5164,511,526,516.4,6.275171533733382,516.4,0.0010271072387695,10,0.1505268738759816,41.760000000000005
0.0,47,63.5,89240.51063829787,0.0,0.0,0.0,0.0,0.0,0.0,0.0,0,0,0,0,0,0.0001120567321777,0.0,0.0,0.0,0.0,0.0,0.0,0.0,0.0,0.0,0.0,0.0,0.0,0.0,1.0,1.0,5139,432,567,513.9,47.66888106744506,513.9,1.1801719665527344e-05,10,0.3020152853916344,3666.16
0.0,47,63.5,102051.19221411191,0.0,0.0,0.0,0.0,0.0,0.0,0.0,0,0,0,0,0,9.79900360107422e-05,0.0,0.0,0.0,0.0,0.0,0.0,0.0,0.0,0.0,0.0,0.0,0.0,0.0,1.0,1.0,5239,519,534,523.9,4.04007700696685,523.9,1.02996826171875e-05,10,0.1359833457695581,25.0
0.0,47,63.5,2100.4076318293355,0.0,0.0,0.0,0.0,0.0,0.0,0.0,0,0,0,0,0,0.0047609806060791,0.0,0.0,0.0,0.0,0.0,0.0,0.0,0.0,0.0,0.0,0.0,0.0,0.0,1.0,1.0,5211,511,533,521.1,8.06156863698926,521.1,0.0004766941070556,10,0.151254580599964,98.24
0.0,47,63.5,476.3710291094529,0.0,0.0,0.0,0.0,0.0,0.0,0.0,0,0,0,0,0,0.0209920406341552,0.0,0.0,0.0,0.0,0.0,0.0,0.0,0.0,0.0,0.0,0.0,0.0,0.0,1.0,1.0,5250,513,545,525.0,12.87547194388531,525.0,0.0021005153656005,10,0.1498073122510611,153.359375
0.0,47,63.5,58497.96373779637,0.0,0.0,0.0,0.0,0.0,0.0,0.0,0,0,0,0,0,0.0001709461212158,0.0,0.0,0.0,0.0,0.0,0.0,0.0,0.0,0.0,0.0,0.0,0.0,0.0,1.0,1.0,5738,536,578,573.8,13.28156617270719,573.8,1.888275146484375e-05,10,0.110777748796114,441.0
0.0,47,63.5,76959.70642201835,0.0,0.0,0.0,0.0,0.0,0.0,0.0,0,0,0,0,0,0.0001299381256103,0.0,0.0,0.0,0.0,0.0,0.0,0.0,0.0,0.0,0.0,0.0,0.0,0.0,1.0,1.0,5780,578,578,578.0,0.0,578.0,1.3709068298339844e-05,10,0.0,0.0
0.0,47,63.5,69442.11920529802,0.0,0.0,0.0,0.0,0.0,0.0,0.0,0,0,0,0,0,0.0001440048217773,0.0,0.0,0.0,0.0,0.0,0.0,0.0,0.0,0.0,0.0,0.0,0.0,0.0,1.0,1.0,5780,578,578,578.0,0.0,578.0,1.5187263488769532e-05,10,0.0,0.0
0.0,47,63.5,694.4901811438223,0.0,0.0,0.0,0.0,0.0,0.0,0.0,0,0,0,0,0,0.0143990516662597,0.0,0.0,0.0,0.0,0.0,0.0,0.0,0.0,0.0,0.0,0.0,0.0,0.0,1.0,1.0,5780,578,578,578.0,0.0,578.0,0.0014407157897949,10,0.0,0.0
0.0,47,63.5,145131.62629757787,0.0,0.0,0.0,0.0,0.0,0.0,0.0,0,0,0,0,0,6.890296936035156e-05,0.0,0.0,0.0,0.0,0.0,0.0,0.0,0.0,0.0,0.0,0.0,0.0,0.0,1.0,1.0,5841,561,624,584.1,22.37285061060491,584.1,7.295608520507813e-06,10,0.0718779244247359,827.4399999999999
0.0,47,63.5,3242.600695786625,0.0,0.0,0.0,0.0,0.0,0.0,0.0,0,0,0,0,0,0.0030839443206787,0.0,0.0,0.0,0.0,0.0,0.0,0.0,0.0,0.0,0.0,0.0,0.0,0.0,1.0,1.0,5818,575,587,581.8,4.366539438350085,581.8,0.0003087043762207,10,0.0406850535056063,30.25
0.0,47,63.5,280.0814674831222,0.0,0.0,0.0,0.0,0.0,0.0,0.0,0,0,0,0,0,0.0357038974761962,0.0,0.0,0.0,0.0,0.0,0.0,0.0,0.0,0.0,0.0,0.0,0.0,0.0,1.0,1.0,5801,570,583,580.1,4.254409477236529,580.1,0.0035729885101318,10,0.049160026244647,16.29
0.0,47,63.5,628.3789776472703,0.0,0.0,0.0,0.0,0.0,0.0,0.0,0,0,0,0,0,0.015913963317871,0.0,0.0,0.0,0.0,0.0,0.0,0.0,0.0,0.0,0.0,0.0,0.0,0.0,1.0,1.0,5818,570,587,581.8,4.894441291460708,581.8,0.0015936136245727,10,0.0494207496044894,26.75
0.0,47,63.5,1161.8570637119117,0.0,0.0,0.0,0.0,0.0,0.0,0.0,0,0,0,0,0,0.0086069107055664,0.0,0.0,0.0,0.0,0.0,0.0,0.0,0.0,0.0,0.0,0.0,0.0,0.0,1.0,1.0,5782,578,580,578.2,0.6324555320336759,578.2,0.0008623838424682,10,0.0,1.0
0.0,47,63.5,2260.836567485985,0.0,0.0,0.0,0.0,0.0,0.0,0.0,0,0,0,0,0,0.0044231414794921,0.0,0.0,0.0,0.0,0.0,0.0,0.0,0.0,0.0,0.0,0.0,0.0,0.0,1.0,1.0,5780,578,578,578.0,0.0,578.0,0.0004439115524291,10,0.0,0.0
0.0,47,63.5,4297.44262295082,0.0,0.0,0.0,0.0,0.0,0.0,0.0,0,0,0,0,0,0.0023269653320312,0.0,0.0,0.0,0.0,0.0,0.0,0.0,0.0,0.0,0.0,0.0,0.0,0.0,1.0,1.0,5780,578,578,578.0,0.0,578.0,0.0002346038818359,10,0.0,0.0
0.0,47,63.5,1318.5488839987424,0.0,0.0,0.0,0.0,0.0,0.0,0.0,0,0,0,0,0,0.0075840950012207,0.0,0.0,0.0,0.0,0.0,0.0,0.0,0.0,0.0,0.0,0.0,0.0,0.0,1.0,1.0,5780,578,578,578.0,0.0,578.0,0.0007591009140014,10,0.0,0.0
0.0,47,63.5,564.2055421038472,0.0,0.0,0.0,0.0,0.0,0.0,0.0,0,0,0,0,0,0.0177240371704101,0.0,0.0,0.0,0.0,0.0,0.0,0.0,0.0,0.0,0.0,0.0,0.0,0.0,1.0,1.0,5526,513,595,552.6,29.037140967312112,552.6,0.0017740964889526,10,0.1563909297444442,1436.96
0.0,47,63.5,605.1775433938852,0.0,0.0,0.0,0.0,0.0,0.0,0.0,0,0,0,0,0,0.0165240764617919,0.0,0.0,0.0,0.0,0.0,0.0,0.0,0.0,0.0,0.0,0.0,0.0,0.0,1.0,1.0,5478,546,550,547.8,1.6865480854231356,547.8,0.0016546010971069,10,0.089013102228078,2.839506172839506
0.0,47,63.5,1064.7333282562893,0.0,0.0,0.0,0.0,0.0,0.0,0.0,0,0,0,0,0,0.0093920230865478,0.0,0.0,0.0,0.0,0.0,0.0,0.0,0.0,0.0,0.0,0.0,0.0,0.0,1.0,1.0,5504,545,555,550.4,3.687817782917155,550.4,0.0009413003921508,10,0.0915324694520492,12.88888888888889
0.0,47,63.5,992.2649633309676,0.0,0.0,0.0,0.0,0.0,0.0,0.0,0,0,0,0,0,0.010077953338623,0.0,0.0,0.0,0.0,0.0,0.0,0.0,0.0,0.0,0.0,0.0,0.0,0.0,1.0,1.0,5501,546,555,550.1,3.2472210341220142,550.1,0.0010092973709106,10,0.0896488579604599,10.16
0.0,47,63.5,1865.3786969090504,0.0,0.0,0.0,0.0,0.0,0.0,0.0,0,0,0,0,0,0.0053608417510986,0.0,0.0,0.0,0.0,0.0,0.0,0.0,0.0,0.0,0.0,0.0,0.0,0.0,1.0,1.0,5757,555,578,575.7,7.273238618387273,575.7,0.0005379915237426,10,0.0759517264835862,132.25
0.0,47,63.5,839.4316134971781,0.0,0.0,0.0,0.0,0.0,0.0,0.0,0,0,0,0,0,0.0119128227233886,0.0,0.0,0.0,0.0,0.0,0.0,0.0,0.0,0.0,0.0,0.0,0.0,0.0,1.0,1.0,5780,578,578,578.0,0.0,578.0,0.0011929988861083,10,0.0,0.0
0.0,47,63.5,1007.6648087641744,0.0,0.0,0.0,0.0,0.0,0.0,0.0,0,0,0,0,0,0.0099239349365234,0.0,0.0,0.0,0.0,0.0,0.0,0.0,0.0,0.0,0.0,0.0,0.0,0.0,1.0,1.0,5780,578,578,578.0,0.0,578.0,0.0009932041168212,10,0.0,0.0
0.0,47,63.5,713.6204168438962,0.0,0.0,0.0,0.0,0.0,0.0,0.0,0,0,0,0,0,0.0140130519866943,0.0,0.0,0.0,0.0,0.0,0.0,0.0,0.0,0.0,0.0,0.0,0.0,0.0,1.0,1.0,5780,578,578,578.0,0.0,578.0,0.0014019966125488,10,0.0,0.0
0.0,47,63.5,76959.70642201835,0.0,0.0,0.0,0.0,0.0,0.0,0.0,0,0,0,0,0,0.0001299381256103,0.0,0.0,0.0,0.0,0.0,0.0,0.0,0.0,0.0,0.0,0.0,0.0,0.0,1.0,1.0,5196,420,578,519.6,55.53017197884407,519.6,1.4901161193847656e-05,10,0.325667220857302,6241.0
0.0,47,63.5,1220.0901765715448,0.0,0.0,0.0,0.0,0.0,0.0,0.0,0,0,0,0,0,0.0081961154937744,0.0,0.0,0.0,0.0,0.0,0.0,0.0,0.0,0.0,0.0,0.0,0.0,0.0,1.0,1.0,5156,501,526,515.6,11.157458890306918,515.6,0.0008201122283935,10,0.1695570224535554,138.1875
0.0,47,63.5,2012.9116475500311,0.0,0.0,0.0,0.0,0.0,0.0,0.0,0,0,0,0,0,0.0049679279327392,0.0,0.0,0.0,0.0,0.0,0.0,0.0,0.0,0.0,0.0,0.0,0.0,0.0,1.0,1.0,5209,513,533,520.9,7.738073260042047,520.9,0.0004979848861694,10,0.1477145415232107,53.89
0.0,47,63.5,48044.71935853379,0.0,0.0,0.0,0.0,0.0,0.0,0.0,0,0,0,0,0,0.0002081394195556,0.0,0.0,0.0,0.0,0.0,0.0,0.0,0.0,0.0,0.0,0.0,0.0,0.0,1.0,1.0,5195,509,533,519.5,8.771798244627178,519.5,2.1910667419433595e-05,10,0.1549521597329313,121.0
0.0,47,63.5,308.33669043593324,0.0,0.0,0.0,0.0,0.0,0.0,0.0,0,0,0,0,0,0.0324320793151855,0.0,0.0,0.0,0.0,0.0,0.0,0.0,0.0,0.0,0.0,0.0,0.0,0.0,1.0,1.0,5096,420,563,509.6,50.211109881733904,509.6,0.0032443046569824,10,0.3235004477214232,4258.8
0.0,47,63.5,1638.2720099992189,0.0,0.0,0.0,0.0,0.0,0.0,0.0,0,0,0,0,0,0.0061039924621582,0.0,0.0,0.0,0.0,0.0,0.0,0.0,0.0,0.0,0.0,0.0,0.0,0.0,1.0,1.0,5195,509,535,519.5,8.809716857601675,519.5,0.0006107807159423,10,0.1549676062591126,69.85
0.0,47,63.5,2390.0529944726195,0.0,0.0,0.0,0.0,0.0,0.0,0.0,0,0,0,0,0,0.0041840076446533,0.0,0.0,0.0,0.0,0.0,0.0,0.0,0.0,0.0,0.0,0.0,0.0,0.0,1.0,1.0,5253,520,535,525.3,5.271516754112509,525.3,0.0004194021224975,10,0.1347808550649553,29.95918367346939
0.0,47,63.5,67650.06451612903,0.0,0.0,0.0,0.0,0.0,0.0,0.0,0,0,0,0,0,0.0001478195190429,0.0,0.0,0.0,0.0,0.0,0.0,0.0,0.0,0.0,0.0,0.0,0.0,0.0,1.0,1.0,5272,514,533,527.2,6.425643072011462,527.2,1.5401840209960936e-05,10,0.1454757799618145,42.25
0.0,47,63.5,80659.69230769231,0.0,0.0,0.0,0.0,0.0,0.0,0.0,0,0,0,0,0,0.0001239776611328,0.0,0.0,0.0,0.0,0.0,0.0,0.0,0.0,0.0,0.0,0.0,0.0,0.0,1.0,1.0,5006,420,563,500.6,48.603154904457256,500.6,1.2898445129394532e-05,10,0.3228454311818798,4170.8
0.0,47,63.5,3138.74429394597,0.0,0.0,0.0,0.0,0.0,0.0,0.0,0,0,0,0,0,0.0031859874725341,0.0,0.0,0.0,0.0,0.0,0.0,0.0,0.0,0.0,0.0,0.0,0.0,0.0,1.0,1.0,5170,511,530,517.0,5.94418483337567,517.0,0.000319504737854,10,0.1503920431337239,31.8
0.0,47,63.5,172605.10288065844,0.0,0.0,0.0,0.0,0.0,0.0,0.0,0,0,0,0,0,5.793571472167969e-05,0.0,0.0,0.0,0.0,0.0,0.0,0.0,0.0,0.0,0.0,0.0,0.0,0.0,1.0,1.0,5208,516,530,520.8,4.211096452627668,520.8,6.103515625e-06,10,0.1411654022509424,49.0
0.0,47,63.5,172605.10288065844,0.0,0.0,0.0,0.0,0.0,0.0,0.0,0,0,0,0,0,5.793571472167969e-05,0.0,0.0,0.0,0.0,0.0,0.0,0.0,0.0,0.0,0.0,0.0,0.0,0.0,1.0,1.0,5177,510,531,517.7,7.288499312082167,517.7,6.103515625e-06,10,0.1526437930797698,47.81
0.0,47,63.5,158275.62264150943,0.0,0.0,0.0,0.0,0.0,0.0,0.0,0,0,0,0,0,6.318092346191406e-05,0.0,0.0,0.0,0.0,0.0,0.0,0.0,0.0,0.0,0.0,0.0,0.0,0.0,1.0,1.0,5568,531,602,556.8,25.913531428794325,556.8,6.604194641113281e-06,10,0.1244441561628336,1187.36
0.0,47,63.5,169125.16129032258,0.0,0.0,0.0,0.0,0.0,0.0,0.0,0,0,0,0,0,5.91278076171875e-05,0.0,0.0,0.0,0.0,0.0,0.0,0.0,0.0,0.0,0.0,0.0,0.0,0.0,1.0,1.0,5524,545,557,552.4,3.0983866769659336,552.4,6.198883056640625e-06,10,0.0912923587967289,8.64
0.0,47,63.5,178481.02127659574,0.0,0.0,0.0,0.0,0.0,0.0,0.0,0,0,0,0,0,5.602836608886719e-05,0.0,0.0,0.0,0.0,0.0,0.0,0.0,0.0,0.0,0.0,0.0,0.0,0.0,1.0,1.0,5568,545,562,556.8,5.750362307426087,556.8,5.888938903808594e-06,10,0.0923726675895531,49.0
0.0,47,63.5,175493.8912133891,0.0,0.0,0.0,0.0,0.0,0.0,0.0,0,0,0,0,0,5.698204040527344e-05,0.0,0.0,0.0,0.0,0.0,0.0,0.0,0.0,0.0,0.0,0.0,0.0,0.0,1.0,1.0,5569,549,561,556.9,4.653553003411002,556.9,6.103515625e-06,10,0.0851093513514695,21.26530612244898
0.0,47,63.5,661.812673567281,0.0,0.0,0.0,0.0,0.0,0.0,0.0,0,0,0,0,0,0.0151100158691406,0.0,0.0,0.0,0.0,0.0,0.0,0.0,0.0,0.0,0.0,0.0,0.0,0.0,1.0,1.0,5871,554,631,587.1,25.251842617036,587.1,0.0015113115310668,10,0.0849796206084758,1125.0400000000002
0.0,47,63.5,4904.471468662301,0.0,0.0,0.0,0.0,0.0,0.0,0.0,0,0,0,0,0,0.0020389556884765,0.0,0.0,0.0,0.0,0.0,0.0,0.0,0.0,0.0,0.0,0.0,0.0,0.0,1.0,1.0,5807,576,584,580.7,3.1287200080686173,580.7,0.0002054929733276,10,0.0384766853824868,12.25
0.0,47,63.5,755.4582132564841,0.0,0.0,0.0,0.0,0.0,0.0,0.0,0,0,0,0,0,0.0132369995117187,0.0,0.0,0.0,0.0,0.0,0.0,0.0,0.0,0.0,0.0,0.0,0.0,0.0,1.0,1.0,5805,573,584,580.5,4.169998667732268,580.5,0.0013243913650512,10,0.0440132506572874,16.61728395061728
0.0,47,63.5,163840.0,0.0,0.0,0.0,0.0,0.0,0.0,0.0,0,0,0,0,0,6.103515625e-05,0.0,0.0,0.0,0.0,0.0,0.0,0.0,0.0,0.0,0.0,0.0,0.0,0.0,1.0,1.0,5830,581,585,583.0,1.3333333333333333,583.0,6.604194641113281e-06,10,0.0292246666666666,2.2857142857142856
0.0,47,63.5,100102.72076372316,0.0,0.0,0.0,0.0,0.0,0.0,0.0,0,0,0,0,0,9.989738464355467e-05,0.0,0.0,0.0,0.0,0.0,0.0,0.0,0.0,0.0,0.0,0.0,0.0,0.0,1.0,1.0,5894,571,634,589.4,23.917450625943488,589.4,1.02996826171875e-05,10,0.0554658326869843,854.64
0.0,47,63.5,2807.4323962516733,0.0,0.0,0.0,0.0,0.0,0.0,0.0,0,0,0,0,0,0.0035619735717773,0.0,0.0,0.0,0.0,0.0,0.0,0.0,0.0,0.0,0.0,0.0,0.0,0.0,1.0,1.0,5798,575,585,579.8,3.22490309931942,579.8,0.0003571033477783,10,0.0402199965265388,25.0
0.0,47,63.5,3004.9462673735493,0.0,0.0,0.0,0.0,0.0,0.0,0.0,0,0,0,0,0,0.0033278465270996,0.0,0.0,0.0,0.0,0.0,0.0,0.0,0.0,0.0,0.0,0.0,0.0,0.0,1.0,1.0,5829,578,588,582.9,3.178049716414141,582.9,0.0003330945968627,10,0.0350885203324784,9.09
0.0,47,63.5,2366.321015514809,0.0,0.0,0.0,0.0,0.0,0.0,0.0,0,0,0,0,0,0.0042259693145751,0.0,0.0,0.0,0.0,0.0,0.0,0.0,0.0,0.0,0.0,0.0,0.0,0.0,1.0,1.0,5806,576,584,580.6,2.836272984824353,580.6,0.0004231929779052,10,0.038357554163098,7.24
0.0,47,63.5,963.7647058823528,0.0,0.0,0.0,0.0,0.0,0.0,0.0,0,0,0,0,0,0.0103759765625,0.0,0.0,0.0,0.0,0.0,0.0,0.0,0.0,0.0,0.0,0.0,0.0,0.0,1.0,1.0,5778,576,578,577.8,0.6324555320336759,577.8,0.0010398149490356,10,0.0,1.0
0.0,47,63.5,559.218164606749,0.0,0.0,0.0,0.0,0.0,0.0,0.0,0,0,0,0,0,0.0178821086883544,0.0,0.0,0.0,0.0,0.0,0.0,0.0,0.0,0.0,0.0,0.0,0.0,0.0,1.0,1.0,5780,578,578,578.0,0.0,578.0,0.0017894983291625,10,0.0,0.0
0.0,47,63.5,12512.840095465392,0.0,0.0,0.0,0.0,0.0,0.0,0.0,0,0,0,0,0,0.0007991790771484,0.0,0.0,0.0,0.0,0.0,0.0,0.0,0.0,0.0,0.0,0.0,0.0,0.0,1.0,1.0,5780,578,578,578.0,0.0,578.0,8.120536804199219e-05,10,0.0,0.0
0.0,47,63.5,2197.236104562837,0.0,0.0,0.0,0.0,0.0,0.0,0.0,0,0,0,0,0,0.0045511722564697,0.0,0.0,0.0,0.0,0.0,0.0,0.0,0.0,0.0,0.0,0.0,0.0,0.0,1.0,1.0,5780,578,578,578.0,0.0,578.0,0.0004559993743896,10,0.0,0.0
0.0,47,63.5,89240.51063829787,0.0,0.0,0.0,0.0,0.0,0.0,0.0,0,0,0,0,0,0.0001120567321777,0.0,0.0,0.0,0.0,0.0,0.0,0.0,0.0,0.0,0.0,0.0,0.0,0.0,1.0,1.0,5322,460,578,532.2,43.04984191479557,532.2,1.1897087097167968e-05,10,0.2524180336024111,3481.0
0.0,47,63.5,98922.2641509434,0.0,0.0,0.0,0.0,0.0,0.0,0.0,0,0,0,0,0,0.000101089477539,0.0,0.0,0.0,0.0,0.0,0.0,0.0,0.0,0.0,0.0,0.0,0.0,0.0,1.0,1.0,5309,521,543,530.9,8.595218308907445,530.9,1.0704994201660156e-05,10,0.1344306681303165,66.49
0.0,47,63.5,74631.743772242,0.0,0.0,0.0,0.0,0.0,0.0,0.0,0,0,0,0,0,0.000133991241455,0.0,0.0,0.0,0.0,0.0,0.0,0.0,0.0,0.0,0.0,0.0,0.0,0.0,1.0,1.0,5361,518,548,536.1,10.94887107321014,536.1,1.3899803161621091e-05,10,0.1405018421203828,107.89
0.0,47,63.5,69905.06666666667,0.0,0.0,0.0,0.0,0.0,0.0,0.0,0,0,0,0,0,0.0001430511474609,0.0,0.0,0.0,0.0,0.0,0.0,0.0,0.0,0.0,0.0,0.0,0.0,0.0,1.0,1.0,5337,517,547,533.7,10.055954565441423,533.7,1.5187263488769532e-05,10,0.1418422336517782,210.25
0.0,47,63.5,65331.83800623053,0.0,0.0,0.0,0.0,0.0,0.0,0.0,0,0,0,0,0,0.0001530647277832,0.0,0.0,0.0,0.0,0.0,0.0,0.0,0.0,0.0,0.0,0.0,0.0,0.0,1.0,1.0,5556,517,599,555.6,28.55871145552614,555.6,1.621246337890625e-05,10,0.1493795166985231,1441.84
0.0,47,63.5,69442.11920529802,0.0,0.0,0.0,0.0,0.0,0.0,0.0,0,0,0,0,0,0.0001440048217773,0.0,0.0,0.0,0.0,0.0,0.0,0.0,0.0,0.0,0.0,0.0,0.0,0.0,1.0,1.0,5549,549,560,554.9,4.38304815295373,554.9,1.5187263488769532e-05,10,0.0849991584955873,19.11111111111111
0.0,47,63.5,2932.669556705356,0.0,0.0,0.0,0.0,0.0,0.0,0.0,0,0,0,0,0,0.0034098625183105,0.0,0.0,0.0,0.0,0.0,0.0,0.0,0.0,0.0,0.0,0.0,0.0,0.0,1.0,1.0,5505,546,555,550.5,3.3082388735465345,550.5,0.000341796875,10,0.0896737141875279,13.04
0.0,47,63.5,1351.170671992784,0.0,0.0,0.0,0.0,0.0,0.0,0.0,0,0,0,0,0,0.0074009895324707,0.0,0.0,0.0,0.0,0.0,0.0,0.0,0.0,0.0,0.0,0.0,0.0,0.0,1.0,1.0,5539,550,562,553.9,3.573047252229764,553.9,0.0007404088973999,10,0.0829650665286683,11.49
0.0,47,63.5,3407.23314378554,0.0,0.0,0.0,0.0,0.0,0.0,0.0,0,0,0,0,0,0.0029349327087402,0.0,0.0,0.0,0.0,0.0,0.0,0.0,0.0,0.0,0.0,0.0,0.0,0.0,1.0,1.0,5834,559,622,583.4,22.73616795621754,583.4,0.0002954006195068,10,0.0754341853786448,923.76
0.0,47,63.5,3209.3534317851404,0.0,0.0,0.0,0.0,0.0,0.0,0.0,0,0,0,0,0,0.0031158924102783,0.0,0.0,0.0,0.0,0.0,0.0,0.0,0.0,0.0,0.0,0.0,0.0,0.0,1.0,1.0,5827,579,585,582.7,1.766981104093143,582.7,0.0003119945526123,10,0.0328095774225634,2.81
0.0,47,63.5,2547.096617477379,0.0,0.0,0.0,0.0,0.0,0.0,0.0,0,0,0,0,0,0.0039260387420654,0.0,0.0,0.0,0.0,0.0,0.0,0.0,0.0,0.0,0.0,0.0,0.0,0.0,1.0,1.0,5774,570,584,577.4,4.742245131674331,577.4,0.0003937005996704,10,0.0493587509768388,22.17283950617284
0.0,47,63.5,415.1789673740893,0.0,0.0,0.0,0.0,0.0,0.0,0.0,0,0,0,0,0,0.0240859985351562,0.0,0.0,0.0,0.0,0.0,0.0,0.0,0.0,0.0,0.0,0.0,0.0,0.0,1.0,1.0,5812,577,586,581.2,3.22490309931942,581.2,0.0024091958999633,10,0.0368117365265387,12.489795918367347
0.0,47,63.5,624.0223762906537,0.0,0.0,0.0,0.0,0.0,0.0,0.0,0,0,0,0,0,0.0160250663757324,0.0,0.0,0.0,0.0,0.0,0.0,0.0,0.0,0.0,0.0,0.0,0.0,0.0,1.0,1.0,5348,459,583,534.8,44.022216613382334,534.8,0.0016031026840209,10,0.2545182701596274,3844.0
0.0,47,63.5,97090.37037037036,0.0,0.0,0.0,0.0,0.0,0.0,0.0,0,0,0,0,0,0.0001029968261718,0.0,0.0,0.0,0.0,0.0,0.0,0.0,0.0,0.0,0.0,0.0,0.0,0.0,1.0,1.0,5291,514,544,529.1,9.711962840858805,529.1,1.270771026611328e-05,10,0.1468144951828522,84.89
0.0,47,63.5,55849.58721704394,0.0,0.0,0.0,0.0,0.0,0.0,0.0,0,0,0,0,0,0.0001790523529052,0.0,0.0,0.0,0.0,0.0,0.0,0.0,0.0,0.0,0.0,0.0,0.0,0.0,1.0,1.0,5362,514,552,536.2,13.472605951007068,536.2,1.8405914306640626e-05,10,0.1483464307602022,220.12244897959184
0.0,47,63.5,62883.11844077961,0.0,0.0,0.0,0.0,0.0,0.0,0.0,0,0,0,0,0,0.0001590251922607,0.0,0.0,0.0,0.0,0.0,0.0,0.0,0.0,0.0,0.0,0.0,0.0,0.0,1.0,1.0,5373,521,547,537.3,9.092732140439296,537.3,1.7094612121582032e-05,10,0.1346333353647293,74.41
0.0,47,63.5,1012.8722530789664,0.0,0.0,0.0,0.0,0.0,0.0,0.0,0,0,0,0,0,0.0098729133605957,0.0,0.0,0.0,0.0,0.0,0.0,0.0,0.0,0.0,0.0,0.0,0.0,0.0,1.0,1.0,5854,521,636,585.4,32.67754920770868,585.4,0.0012934923171997,10,0.1442408464452522,1909.36
0.0,47,63.5,119156.36363636365,0.0,0.0,0.0,0.0,0.0,0.0,0.0,0,0,0,0,0,8.392333984375e-05,0.0,0.0,0.0,0.0,0.0,0.0,0.0,0.0,0.0,0.0,0.0,0.0,0.0,1.0,1.0,5802,576,585,580.2,2.898275349237888,580.2,8.89301300048828e-06,10,0.0383828114462655,20.25
0.0,47,63.5,117487.50700280113,0.0,0.0,0.0,0.0,0.0,0.0,0.0,0,0,0,0,0,8.511543273925781e-05,0.0,0.0,0.0,0.0,0.0,0.0,0.0,0.0,0.0,0.0,0.0,0.0,0.0,1.0,1.0,5814,579,583,581.4,1.7126976771553506,581.4,9.012222290039062e-06,10,0.032787464525766,2.888888888888889
0.0,47,63.5,125203.10447761194,0.0,0.0,0.0,0.0,0.0,0.0,0.0,0,0,0,0,0,7.987022399902344e-05,0.0,0.0,0.0,0.0,0.0,0.0,0.0,0.0,0.0,0.0,0.0,0.0,0.0,1.0,1.0,5802,573,589,580.2,4.802776974487434,580.2,8.487701416015625e-06,10,0.0442710192283272,25.0
0.0,47,63.5,120180.63037249284,0.0,0.0,0.0,0.0,0.0,0.0,0.0,0,0,0,0,0,8.320808410644531e-05,0.0,0.0,0.0,0.0,0.0,0.0,0.0,0.0,0.0,0.0,0.0,0.0,0.0,1.0,1.0,5222,436,589,522.2,51.29825641394756,522.2,8.821487426757812e-06,10,0.2966772277327856,5852.25
0.0,47,63.5,125203.10447761194,0.0,0.0,0.0,0.0,0.0,0.0,0.0,0,0,0,0,0,7.987022399902344e-05,0.0,0.0,0.0,0.0,0.0,0.0,0.0,0.0,0.0,0.0,0.0,0.0,0.0,1.0,1.0,5317,524,539,531.7,6.464432603785802,531.7,8.487701416015625e-06,10,0.1284502812654782,41.13580246913581
0.0,47,63.5,121927.44186046511,0.0,0.0,0.0,0.0,0.0,0.0,0.0,0,0,0,0,0,8.20159912109375e-05,0.0,0.0,0.0,0.0,0.0,0.0,0.0,0.0,0.0,0.0,0.0,0.0,0.0,1.0,1.0,5220,506,534,522.0,6.99205898780101,522.0,8.702278137207031e-06,10,0.1593395551492707,56.25
0.0,47,63.5,512.1625515910812,0.0,0.0,0.0,0.0,0.0,0.0,0.0,0,0,0,0,0,0.0195250511169433,0.0,0.0,0.0,0.0,0.0,0.0,0.0,0.0,0.0,0.0,0.0,0.0,0.0,1.0,1.0,5300,506,542,530.0,11.832159566199232,530.0,0.0019529104232788,10,0.1613112185208869,176.56
0.0,47,63.5,133152.50793650793,0.0,0.0,0.0,0.0,0.0,0.0,0.0,0,0,0,0,0,7.510185241699219e-05,0.0,0.0,0.0,0.0,0.0,0.0,0.0,0.0,0.0,0.0,0.0,0.0,0.0,1.0,1.0,5759,542,614,575.9,24.587485525047992,575.9,7.796287536621094e-06,10,0.1051585481034835,1075.2
0.0,47,63.5,886.6700490444782,0.0,0.0,0.0,0.0,0.0,0.0,0.0,0,0,0,0,0,0.0112781524658203,0.0,0.0,0.0,0.0,0.0,0.0,0.0,0.0,0.0,0.0,0.0,0.0,0.0,1.0,1.0,5779,575,582,577.9,2.8067379246694517,577.9,0.0011281013488769,10,0.0400496527609934,7.840000000000001
0.0,47,63.5,41323.1921182266,0.0,0.0,0.0,0.0,0.0,0.0,0.0,0,0,0,0,0,0.000241994857788,0.0,0.0,0.0,0.0,0.0,0.0,0.0,0.0,0.0,0.0,0.0,0.0,0.0,1.0,1.0,5765,574,581,576.5,2.838231060987733,576.5,6.53982162475586e-05,10,0.0417666118050039,7.283950617283951
0.0,47,63.5,352.9222096007405,0.0,0.0,0.0,0.0,0.0,0.0,0.0,0,0,0,0,0,0.0283348560333251,0.0,0.0,0.0,0.0,0.0,0.0,0.0,0.0,0.0,0.0,0.0,0.0,0.0,1.0,1.0,5799,574,582,579.9,2.282785822435191,579.9,0.0028340816497802,10,0.0415403456326271,4.69
0.0,47,63.5,50778.498789346246,0.0,0.0,0.0,0.0,0.0,0.0,0.0,0,0,0,0,0,0.0001969337463378,0.0,0.0,0.0,0.0,0.0,0.0,0.0,0.0,0.0,0.0,0.0,0.0,0.0,1.0,1.0,5820,556,619,582.0,21.612753436596435,582.0,2.2101402282714844e-05,10,0.0800889412399319,822.96
0.0,47,63.5,298.2934357442572,0.0,0.0,0.0,0.0,0.0,0.0,0.0,0,0,0,0,0,0.0335240364074707,0.0,0.0,0.0,0.0,0.0,0.0,0.0,0.0,0.0,0.0,0.0,0.0,0.0,1.0,1.0,5796,576,584,579.6,2.913569784454954,579.6,0.003353214263916,10,0.0383890417873956,8.469135802469136
0.0,47,63.5,8635.585752522133,0.0,0.0,0.0,0.0,0.0,0.0,0.0,0,0,0,0,0,0.0011579990386962,0.0,0.0,0.0,0.0,0.0,0.0,0.0,0.0,0.0,0.0,0.0,0.0,0.0,1.0,1.0,5783,575,581,578.3,2.359378449224852,578.3,0.0001181840896606,10,0.0398674164050762,6.25
0.0,47,63.5,1117.0809918235811,0.0,0.0,0.0,0.0,0.0,0.0,0.0,0,0,0,0,0,0.0089519023895263,0.0,0.0,0.0,0.0,0.0,0.0,0.0,0.0,0.0,0.0,0.0,0.0,0.0,1.0,1.0,5811,576,585,581.1,2.558211180579986,581.1,0.000896406173706,10,0.0382442829065211,5.89
0.0,47,63.5,8446.04107933951,0.0,0.0,0.0,0.0,0.0,0.0,0.0,0,0,0,0,0,0.0011839866638183,0.0,0.0,0.0,0.0,0.0,0.0,0.0,0.0,0.0,0.0,0.0,0.0,0.0,1.0,1.0,5778,576,578,577.8,0.6324555320336759,577.8,0.0001207113265991,10,0.0,1.0
0.0,47,63.5,908.349539794261,0.0,0.0,0.0,0.0,0.0,0.0,0.0,0,0,0,0,0,0.0110089778900146,0.0,0.0,0.0,0.0,0.0,0.0,0.0,0.0,0.0,0.0,0.0,0.0,0.0,1.0,1.0,5780,578,578,578.0,0.0,578.0,0.0011013984680175,10,0.0,0.0
0.0,47,63.5,1791.4423610814504,0.0,0.0,0.0,0.0,0.0,0.0,0.0,0,0,0,0,0,0.0055820941925048,0.0,0.0,0.0,0.0,0.0,0.0,0.0,0.0,0.0,0.0,0.0,0.0,0.0,1.0,1.0,5780,578,578,578.0,0.0,578.0,0.0005588054656982,10,0.0,0.0
0.0,47,63.5,104335.92039800996,0.0,0.0,0.0,0.0,0.0,0.0,0.0,0,0,0,0,0,9.584426879882812e-05,0.0,0.0,0.0,0.0,0.0,0.0,0.0,0.0,0.0,0.0,0.0,0.0,0.0,1.0,1.0,5780,578,578,578.0,0.0,578.0,1.018047332763672e-05,10,0.0,0.0
0.0,47,63.5,4215.804603477736,0.0,0.0,0.0,0.0,0.0,0.0,0.0,0,0,0,0,0,0.0023720264434814,0.0,0.0,0.0,0.0,0.0,0.0,0.0,0.0,0.0,0.0,0.0,0.0,0.0,1.0,1.0,5112,420,578,511.2,54.30735575305512,511.2,0.0002377033233642,10,0.3251690944395646,6241.0
0.0,47,63.5,2313.205382748732,0.0,0.0,0.0,0.0,0.0,0.0,0.0,0,0,0,0,0,0.0043230056762695,0.0,0.0,0.0,0.0,0.0,0.0,0.0,0.0,0.0,0.0,0.0,0.0,0.0,1.0,1.0,5203,512,528,520.3,5.598610938835137,520.3,0.0004333972930908,10,0.1485471401520439,36.775510204081634
0.0,47,63.5,2001.5767120019088,0.0,0.0,0.0,0.0,0.0,0.0,0.0,0,0,0,0,0,0.0049960613250732,0.0,0.0,0.0,0.0,0.0,0.0,0.0,0.0,0.0,0.0,0.0,0.0,0.0,1.0,1.0,5174,495,538,517.4,14.206414826486736,517.4,0.0005016088485717,10,0.1810238251437176,181.64
0.0,47,63.5,53159.74651457541,0.0,0.0,0.0,0.0,0.0,0.0,0.0,0,0,0,0,0,0.0001881122589111,0.0,0.0,0.0,0.0,0.0,0.0,0.0,0.0,0.0,0.0,0.0,0.0,0.0,1.0,1.0,5211,495,536,521.1,14.12995242580652,521.1,2.1409988403320312e-05,10,0.1809926774201765,420.25
0.0,47,63.5,51781.53086419753,0.0,0.0,0.0,0.0,0.0,0.0,0.0,0,0,0,0,0,0.0001931190490722,0.0,0.0,0.0,0.0,0.0,0.0,0.0,0.0,0.0,0.0,0.0,0.0,0.0,1.0,1.0,5326,482,584,532.6,35.3905197600839,532.6,2.0194053649902344e-05,10,0.2118070721294678,2180.8
0.0,47,63.5,37052.1554770318,0.0,0.0,0.0,0.0,0.0,0.0,0.0,0,0,0,0,0,0.0002698898315429,0.0,0.0,0.0,0.0,0.0,0.0,0.0,0.0,0.0,0.0,0.0,0.0,0.0,1.0,1.0,5385,526,551,538.5,8.396427811873332,538.5,2.789497375488281e-05,10,0.1258290388334447,121.0
0.0,47,63.5,87018.75518672199,0.0,0.0,0.0,0.0,0.0,0.0,0.0,0,0,0,0,0,0.0001149177551269,0.0,0.0,0.0,0.0,0.0,0.0,0.0,0.0,0.0,0.0,0.0,0.0,0.0,1.0,1.0,5419,537,551,541.9,4.408325456829761,541.9,1.239776611328125e-05,10,0.1054590154580942,36.0
0.0,47,63.5,99864.38095238096,0.0,0.0,0.0,0.0,0.0,0.0,0.0,0,0,0,0,0,0.0001001358032226,0.0,0.0,0.0,0.0,0.0,0.0,0.0,0.0,0.0,0.0,0.0,0.0,0.0,1.0,1.0,5464,540,549,546.4,2.6749870196985173,546.4,1.0514259338378908e-05,10,0.0996405327123444,6.44
0.0,47,63.5,93622.85714285714,0.0,0.0,0.0,0.0,0.0,0.0,0.0,0,0,0,0,0,0.0001068115234375,0.0,0.0,0.0,0.0,0.0,0.0,0.0,0.0,0.0,0.0,0.0,0.0,0.0,1.0,1.0,5742,540,578,574.2,12.01665510863984,574.2,1.118183135986328e-05,10,0.1034459546250556,361.0
0.0,47,63.5,71331.70068027212,0.0,0.0,0.0,0.0,0.0,0.0,0.0,0,0,0,0,0,0.0001401901245117,0.0,0.0,0.0,0.0,0.0,0.0,0.0,0.0,0.0,0.0,0.0,0.0,0.0,1.0,1.0,5780,578,578,578.0,0.0,578.0,1.461505889892578e-05,10,0.0,0.0
0.0,47,63.5,7586.008319768493,0.0,0.0,0.0,0.0,0.0,0.0,0.0,0,0,0,0,0,0.0013182163238525,0.0,0.0,0.0,0.0,0.0,0.0,0.0,0.0,0.0,0.0,0.0,0.0,0.0,1.0,1.0,5780,578,578,578.0,0.0,578.0,0.0001327037811279,10,0.0,0.0
0.0,47,63.5,172605.10288065844,0.0,0.0,0.0,0.0,0.0,0.0,0.0,0,0,0,0,0,5.793571472167969e-05,0.0,0.0,0.0,0.0,0.0,0.0,0.0,0.0,0.0,0.0,0.0,0.0,0.0,1.0,1.0,5780,578,578,578.0,0.0,578.0,6.079673767089844e-06,10,0.0,0.0
0.0,47,63.5,2063.5166781462167,0.0,0.0,0.0,0.0,0.0,0.0,0.0,0,0,0,0,0,0.0048460960388183,0.0,0.0,0.0,0.0,0.0,0.0,0.0,0.0,0.0,0.0,0.0,0.0,0.0,1.0,1.0,5780,578,578,578.0,0.0,578.0,0.0004850149154663,10,0.0,0.0
0.0,47,63.5,72440.48359240069,0.0,0.0,0.0,0.0,0.0,0.0,0.0,0,0,0,0,0,0.0001380443572998,0.0,0.0,0.0,0.0,0.0,0.0,0.0,0.0,0.0,0.0,0.0,0.0,0.0,1.0,1.0,5780,578,578,578.0,0.0,578.0,1.5687942504882812e-05,10,0.0,0.0
0.0,47,63.5,338.2721465901026,0.0,0.0,0.0,0.0,0.0,0.0,0.0,0,0,0,0,0,0.0295619964599609,0.0,0.0,0.0,0.0,0.0,0.0,0.0,0.0,0.0,0.0,0.0,0.0,0.0,1.0,1.0,5780,578,578,578.0,0.0,578.0,0.0029567956924438,10,0.0,0.0
0.0,47,63.5,48044.71935853379,0.0,0.0,0.0,0.0,0.0,0.0,0.0,0,0,0,0,0,0.0002081394195556,0.0,0.0,0.0,0.0,0.0,0.0,0.0,0.0,0.0,0.0,0.0,0.0,0.0,1.0,1.0,5780,578,578,578.0,0.0,578.0,2.281665802001953e-05,10,0.0,0.0
0.0,47,63.5,64133.08868501529,0.0,0.0,0.0,0.0,0.0,0.0,0.0,0,0,0,0,0,0.0001559257507324,0.0,0.0,0.0,0.0,0.0,0.0,0.0,0.0,0.0,0.0,0.0,0.0,0.0,1.0,1.0,5642,531,601,564.2,24.30729200146418,564.2,1.659393310546875e-05,10,0.1237898384697164,1003.0400000000002
0.0,47,63.5,75166.73835125448,0.0,0.0,0.0,0.0,0.0,0.0,0.0,0,0,0,0,0,0.0001330375671386,0.0,0.0,0.0,0.0,0.0,0.0,0.0,0.0,0.0,0.0,0.0,0.0,0.0,1.0,1.0,5546,550,560,554.6,3.2041639575194445,554.6,1.3899803161621091e-05,10,0.0828147982297351,9.24
0.0,47,63.5,101067.56626506025,0.0,0.0,0.0,0.0,0.0,0.0,0.0,0,0,0,0,0,9.894371032714844e-05,0.0,0.0,0.0,0.0,0.0,0.0,0.0,0.0,0.0,0.0,0.0,0.0,0.0,1.0,1.0,5575,553,566,557.5,4.904646323187388,557.5,1.0395050048828124e-05,10,0.0783951167262136,33.84
0.0,47,63.5,1360.373637778931,0.0,0.0,0.0,0.0,0.0,0.0,0.0,0,0,0,0,0,0.0073509216308593,0.0,0.0,0.0,0.0,0.0,0.0,0.0,0.0,0.0,0.0,0.0,0.0,0.0,1.0,1.0,5560,553,558,556.0,2.10818510677892,556.0,0.000735592842102,10,0.0772559502850975,4.138888888888888
0.0,47,63.5,3479.595155135225,0.0,0.0,0.0,0.0,0.0,0.0,0.0,0,0,0,0,0,0.0028738975524902,0.0,0.0,0.0,0.0,0.0,0.0,0.0,0.0,0.0,0.0,0.0,0.0,0.0,1.0,1.0,5755,553,578,575.5,7.905694150420948,575.5,0.0002880096435546,10,0.0796176235691155,156.25
0.0,47,63.5,151418.91696750902,0.0,0.0,0.0,0.0,0.0,0.0,0.0,0,0,0,0,0,6.604194641113281e-05,0.0,0.0,0.0,0.0,0.0,0.0,0.0,0.0,0.0,0.0,0.0,0.0,0.0,1.0,1.0,5780,578,578,578.0,0.0,578.0,7.700920104980468e-06,10,0.0,0.0
0.0,47,63.5,175493.8912133891,0.0,0.0,0.0,0.0,0.0,0.0,0.0,0,0,0,0,0,5.698204040527344e-05,0.0,0.0,0.0,0.0,0.0,0.0,0.0,0.0,0.0,0.0,0.0,0.0,0.0,1.0,1.0,5780,578,578,578.0,0.0,578.0,6.008148193359375e-06,10,0.0,0.0
0.0,47,63.5,169125.16129032258,0.0,0.0,0.0,0.0,0.0,0.0,0.0,0,0,0,0,0,5.91278076171875e-05,0.0,0.0,0.0,0.0,0.0,0.0,0.0,0.0,0.0,0.0,0.0,0.0,0.0,1.0,1.0,5780,578,578,578.0,0.0,578.0,6.198883056640625e-06,10,0.0,0.0
0.0,47,63.5,155922.08178438662,0.0,0.0,0.0,0.0,0.0,0.0,0.0,0,0,0,0,0,6.413459777832031e-05,0.0,0.0,0.0,0.0,0.0,0.0,0.0,0.0,0.0,0.0,0.0,0.0,0.0,1.0,1.0,5773,542,614,577.3,24.06495838812571,577.3,6.699562072753907e-06,10,0.1049456914489869,1036.8
0.0,47,63.5,178481.02127659574,0.0,0.0,0.0,0.0,0.0,0.0,0.0,0,0,0,0,0,5.602836608886719e-05,0.0,0.0,0.0,0.0,0.0,0.0,0.0,0.0,0.0,0.0,0.0,0.0,0.0,1.0,1.0,5775,574,585,577.5,4.301162633521313,577.5,5.888938903808594e-06,10,0.0423625516103912,18.609375
0.0,47,63.5,84733.41414141415,0.0,0.0,0.0,0.0,0.0,0.0,0.0,0,0,0,0,0,0.0001180171966552,0.0,0.0,0.0,0.0,0.0,0.0,0.0,0.0,0.0,0.0,0.0,0.0,0.0,1.0,1.0,5782,576,584,578.2,3.155242550986462,578.2,1.220703125e-05,10,0.0384874896055698,11.26530612244898
0.0,47,63.5,1021.1330493000607,0.0,0.0,0.0,0.0,0.0,0.0,0.0,0,0,0,0,0,0.0097930431365966,0.0,0.0,0.0,0.0,0.0,0.0,0.0,0.0,0.0,0.0,0.0,0.0,0.0,1.0,1.0,5759,573,581,575.9,2.4698178070456938,575.9,0.0009798049926757,10,0.0433206649818781,5.49
0.0,47,63.5,64428.63287250384,0.0,0.0,0.0,0.0,0.0,0.0,0.0,0,0,0,0,0,0.0001552104949951,0.0,0.0,0.0,0.0,0.0,0.0,0.0,0.0,0.0,0.0,0.0,0.0,0.0,1.0,1.0,5905,575,638,590.5,25.264159946013997,590.5,1.7905235290527342e-05,10,0.0491979081956083,897.8399999999999
0.0,47,63.5,4565.974308730677,0.0,0.0,0.0,0.0,0.0,0.0,0.0,0,0,0,0,0,0.0021901130676269,0.0,0.0,0.0,0.0,0.0,0.0,0.0,0.0,0.0,0.0,0.0,0.0,0.0,1.0,1.0,5795,576,584,579.5,2.9154759474226504,579.5,0.0002826929092407,10,0.0383898182819421,13.44
0.0,47,63.5,416.4403582279235,0.0,0.0,0.0,0.0,0.0,0.0,0.0,0,0,0,0,0,0.0240130424499511,0.0,0.0,0.0,0.0,0.0,0.0,0.0,0.0,0.0,0.0,0.0,0.0,0.0,1.0,1.0,5792,575,586,579.2,4.022160834399561,579.2,0.00240159034729,10,0.040544767437501,14.56
0.0,47,63.5,96199.63302752294,0.0,0.0,0.0,0.0,0.0,0.0,0.0,0,0,0,0,0,0.0001039505004882,0.0,0.0,0.0,0.0,0.0,0.0,0.0,0.0,0.0,0.0,0.0,0.0,0.0,1.0,1.0,5771,575,583,577.1,3.142893217686178,577.1,1.1801719665527344e-05,10,0.0401865889811567,10.693877551020408
0.0,47,63.5,114912.43835616438,0.0,0.0,0.0,0.0,0.0,0.0,0.0,0,0,0,0,0,8.702278137207031e-05,0.0,0.0,0.0,0.0,0.0,0.0,0.0,0.0,0.0,0.0,0.0,0.0,0.0,1.0,1.0,5349,461,577,534.9,42.88602465968501,534.9,9.012222290039062e-06,10,0.2506471710053693,3335.1875
0.0,47,63.5,97997.7570093458,0.0,0.0,0.0,0.0,0.0,0.0,0.0,0,0,0,0,0,0.0001020431518554,0.0,0.0,0.0,0.0,0.0,0.0,0.0,0.0,0.0,0.0,0.0,0.0,0.0,1.0,1.0,5355,522,543,535.5,8.579691784155834,535.5,1.0585784912109376e-05,10,0.1327202132451937,66.25
0.0,47,63.5,147168.56140350876,0.0,0.0,0.0,0.0,0.0,0.0,0.0,0,0,0,0,0,6.794929504394531e-05,0.0,0.0,0.0,0.0,0.0,0.0,0.0,0.0,0.0,0.0,0.0,0.0,0.0,1.0,1.0,5332,512,550,533.2,11.48719093406023,533.2,7.295608520507813e-06,10,0.1509459120988988,118.76
0.0,47,63.5,1539.6461346450335,0.0,0.0,0.0,0.0,0.0,0.0,0.0,0,0,0,0,0,0.0064949989318847,0.0,0.0,0.0,0.0,0.0,0.0,0.0,0.0,0.0,0.0,0.0,0.0,0.0,1.0,1.0,5313,512,544,531.3,10.11105006086575,531.3,0.0006499052047729,10,0.1503853273527943,149.44
0.0,47,63.5,1455.142936441854,0.0,0.0,0.0,0.0,0.0,0.0,0.0,0,0,0,0,0,0.0068721771240234,0.0,0.0,0.0,0.0,0.0,0.0,0.0,0.0,0.0,0.0,0.0,0.0,0.0,1.0,1.0,5399,489,587,539.9,33.31816321467917,539.9,0.00068781375885,10,0.1990339669671317,1947.84
0.0,47,63.5,21269.290060851927,0.0,0.0,0.0,0.0,0.0,0.0,0.0,0,0,0,0,0,0.0004701614379882,0.0,0.0,0.0,0.0,0.0,0.0,0.0,0.0,0.0,0.0,0.0,0.0,0.0,1.0,1.0,5424,529,550,542.4,7.748835037890821,542.4,4.739761352539063e-05,10,0.1204528454410352,65.83673469387756
0.0,47,63.5,125203.10447761194,0.0,0.0,0.0,0.0,0.0,0.0,0.0,0,0,0,0,0,7.987022399902344e-05,0.0,0.0,0.0,0.0,0.0,0.0,0.0,0.0,0.0,0.0,0.0,0.0,0.0,1.0,1.0,5510,538,563,551.0,9.428090415820634,551.0,8.487701416015625e-06,10,0.1057997369117887,110.25
0.0,47,63.5,107546.2564102564,0.0,0.0,0.0,0.0,0.0,0.0,0.0,0,0,0,0,0,9.298324584960938e-05,0.0,0.0,0.0,0.0,0.0,0.0,0.0,0.0,0.0,0.0,0.0,0.0,0.0,1.0,1.0,5392,537,546,539.2,3.0840089349921005,539.2,9.703636169433594e-06,10,0.1049195418797584,8.559999999999999
0.0,47,63.5,477.5534276833392,0.0,0.0,0.0,0.0,0.0,0.0,0.0,0,0,0,0,0,0.0209400653839111,0.0,0.0,0.0,0.0,0.0,0.0,0.0,0.0,0.0,0.0,0.0,0.0,0.0,1.0,1.0,5489,509,594,548.9,28.45835163493799,548.9,0.0020945072174072,10,0.1629716741220083,1449.84
0.0,47,63.5,175493.8912133891,0.0,0.0,0.0,0.0,0.0,0.0,0.0,0,0,0,0,0,5.698204040527344e-05,0.0,0.0,0.0,0.0,0.0,0.0,0.0,0.0,0.0,0.0,0.0,0.0,0.0,1.0,1.0,5517,547,555,551.7,3.465704994818675,551.7,5.984306335449219e-06,10,0.0880337295866893,11.358024691358024
0.0,47,63.5,68985.26315789473,0.0,0.0,0.0,0.0,0.0,0.0,0.0,0,0,0,0,0,0.0001449584960937,0.0,0.0,0.0,0.0,0.0,0.0,0.0,0.0,0.0,0.0,0.0,0.0,0.0,1.0,1.0,5479,542,554,547.9,4.067486256208426,547.9,1.4901161193847656e-05,10,0.096799521201329,36.0
0.0,47,63.5,1733.398355167996,0.0,0.0,0.0,0.0,0.0,0.0,0.0,0,0,0,0,0,0.0057690143585205,0.0,0.0,0.0,0.0,0.0,0.0,0.0,0.0,0.0,0.0,0.0,0.0,0.0,1.0,1.0,5455,540,549,545.5,2.9154759474226504,545.5,0.0005787134170532,10,0.0997384982819421,7.65
0.0,47,63.5,5086.471016250303,0.0,0.0,0.0,0.0,0.0,0.0,0.0,0,0,0,0,0,0.0019659996032714,0.0,0.0,0.0,0.0,0.0,0.0,0.0,0.0,0.0,0.0,0.0,0.0,0.0,1.0,1.0,5286,463,578,528.6,39.2320730468778,528.6,0.0001975059509277,10,0.2457504372763762,2705.84
0.0,47,63.5,111254.74801061008,0.0,0.0,0.0,0.0,0.0,0.0,0.0,0,0,0,0,0,8.988380432128906e-05,0.0,0.0,0.0,0.0,0.0,0.0,0.0,0.0,0.0,0.0,0.0,0.0,0.0,1.0,1.0,5408,522,556,540.8,11.193251935380031,540.8,9.679794311523438e-06,10,0.1337848731083964,225.0
0.0,47,63.5,135300.12903225806,0.0,0.0,0.0,0.0,0.0,0.0,0.0,0,0,0,0,0,7.390975952148438e-05,0.0,0.0,0.0,0.0,0.0,0.0,0.0,0.0,0.0,0.0,0.0,0.0,0.0,1.0,1.0,5344,522,556,534.4,9.359487165438072,534.4,7.700920104980468e-06,10,0.1330378706917128,196.0
0.0,47,63.5,1688.052481184851,0.0,0.0,0.0,0.0,0.0,0.0,0.0,0,0,0,0,0,0.0059239864349365,0.0,0.0,0.0,0.0,0.0,0.0,0.0,0.0,0.0,0.0,0.0,0.0,0.0,1.0,1.0,5379,522,554,537.9,12.233378746509713,537.9,0.0005928993225097,10,0.1342085791661781,179.2
0.0,47,63.5,6321.483044461191,0.0,0.0,0.0,0.0,0.0,0.0,0.0,0,0,0,0,0,0.0015819072723388,0.0,0.0,0.0,0.0,0.0,0.0,0.0,0.0,0.0,0.0,0.0,0.0,0.0,1.0,1.0,5117,420,563,511.7,51.34642690154356,511.7,0.0001598119735717,10,0.3239629304626129,4392.56
0.0,47,63.5,517.8153086419753,0.0,0.0,0.0,0.0,0.0,0.0,0.0,0,0,0,0,0,0.0193119049072265,0.0,0.0,0.0,0.0,0.0,0.0,0.0,0.0,0.0,0.0,0.0,0.0,0.0,1.0,1.0,5237,513,542,523.7,11.44115378797086,523.7,0.0019321918487548,10,0.1492230284070678,196.0
0.0,47,63.5,8264.63842364532,0.0,0.0,0.0,0.0,0.0,0.0,0.0,0,0,0,0,0,0.0012099742889404,0.0,0.0,0.0,0.0,0.0,0.0,0.0,0.0,0.0,0.0,0.0,0.0,0.0,1.0,1.0,5208,512,531,520.8,7.9414524280301935,520.8,0.0001224994659423,10,0.1495015200610824,83.76
0.0,47,63.5,21410.433894844307,0.0,0.0,0.0,0.0,0.0,0.0,0.0,0,0,0,0,0,0.0004670619964599,0.0,0.0,0.0,0.0,0.0,0.0,0.0,0.0,0.0,0.0,0.0,0.0,0.0,1.0,1.0,5229,513,533,522.9,8.55634916954136,522.9,4.780292510986328e-05,10,0.1480478743977043,70.0
0.0,47,63.5,151418.91696750902,0.0,0.0,0.0,0.0,0.0,0.0,0.0,0,0,0,0,0,6.604194641113281e-05,0.0,0.0,0.0,0.0,0.0,0.0,0.0,0.0,0.0,0.0,0.0,0.0,0.0,1.0,1.0,5730,528,578,573.0,15.811388300841896,573.0,6.9141387939453125e-06,10,0.125441337138231,625.0
0.0,47,63.5,1608.4921000153397,0.0,0.0,0.0,0.0,0.0,0.0,0.0,0,0,0,0,0,0.0062170028686523,0.0,0.0,0.0,0.0,0.0,0.0,0.0,0.0,0.0,0.0,0.0,0.0,0.0,1.0,1.0,5780,578,578,578.0,0.0,578.0,0.0006219863891601,10,0.0,0.0
0.0,47,63.5,1689.14018766864,0.0,0.0,0.0,0.0,0.0,0.0,0.0,0,0,0,0,0,0.0059201717376708,0.0,0.0,0.0,0.0,0.0,0.0,0.0,0.0,0.0,0.0,0.0,0.0,0.0,1.0,1.0,5780,578,578,578.0,0.0,578.0,0.0005927085876464,10,0.0,0.0
0.0,47,63.5,7605.265639165911,0.0,0.0,0.0,0.0,0.0,0.0,0.0,0,0,0,0,0,0.0013148784637451,0.0,0.0,0.0,0.0,0.0,0.0,0.0,0.0,0.0,0.0,0.0,0.0,0.0,1.0,1.0,5780,578,578,578.0,0.0,578.0,0.0002025842666625,10,0.0,0.0
0.0,47,63.5,179.5268607333787,0.0,0.0,0.0,0.0,0.0,0.0,0.0,0,0,0,0,0,0.0557019710540771,0.0,0.0,0.0,0.0,0.0,0.0,0.0,0.0,0.0,0.0,0.0,0.0,0.0,1.0,1.0,5601,527,600,560.1,25.601432251601345,560.1,0.0055708169937133,10,0.1311335394420122,1099.44
0.0,47,63.5,63743.22188449848,0.0,0.0,0.0,0.0,0.0,0.0,0.0,0,0,0,0,0,0.0001568794250488,0.0,0.0,0.0,0.0,0.0,0.0,0.0,0.0,0.0,0.0,0.0,0.0,0.0,1.0,1.0,5539,548,561,553.9,4.771442828607157,553.9,1.728534698486328e-05,10,0.0868615049506613,21.44
0.0,47,63.5,45245.9978425027,0.0,0.0,0.0,0.0,0.0,0.0,0.0,0,0,0,0,0,0.0002210140228271,0.0,0.0,0.0,0.0,0.0,0.0,0.0,0.0,0.0,0.0,0.0,0.0,0.0,1.0,1.0,5568,554,559,556.8,1.8135294011647256,556.8,2.3603439331054688e-05,10,0.0754317893368585,3.111111111111111
0.0,47,63.5,45442.08017334778,0.0,0.0,0.0,0.0,0.0,0.0,0.0,0,0,0,0,0,0.0002200603485107,0.0,0.0,0.0,0.0,0.0,0.0,0.0,0.0,0.0,0.0,0.0,0.0,0.0,1.0,1.0,5562,554,561,556.2,3.011090610836324,556.2,2.3102760314941408e-05,10,0.0759196278712303,8.666666666666666
0.0,47,63.5,1549.1999704513555,0.0,0.0,0.0,0.0,0.0,0.0,0.0,0,0,0,0,0,0.0064549446105957,0.0,0.0,0.0,0.0,0.0,0.0,0.0,0.0,0.0,0.0,0.0,0.0,0.0,1.0,1.0,5490,504,592,549.0,29.54845361624041,549.0,0.0006470918655395,10,0.1719363880651117,1564.8
0.0,47,63.5,46551.65371809101,0.0,0.0,0.0,0.0,0.0,0.0,0.0,0,0,0,0,0,0.0002148151397705,0.0,0.0,0.0,0.0,0.0,0.0,0.0,0.0,0.0,0.0,0.0,0.0,0.0,1.0,1.0,5491,544,555,549.1,3.725288952252936,549.1,2.3102760314941408e-05,10,0.0932518637075897,20.64
0.0,47,63.5,563.1298837302973,0.0,0.0,0.0,0.0,0.0,0.0,0.0,0,0,0,0,0,0.0177578926086425,0.0,0.0,0.0,0.0,0.0,0.0,0.0,0.0,0.0,0.0,0.0,0.0,0.0,1.0,1.0,5479,546,550,547.9,1.5951314818673863,547.9,0.0017770051956176,10,0.0889758627604535,2.29
0.0,47,63.5,126716.1329305136,0.0,0.0,0.0,0.0,0.0,0.0,0.0,0,0,0,0,0,7.891654968261719e-05,0.0,0.0,0.0,0.0,0.0,0.0,0.0,0.0,0.0,0.0,0.0,0.0,0.0,1.0,1.0,5502,544,552,550.2,2.3944379994757297,550.2,8.392333984375e-06,10,0.0927097282634664,5.16
0.0,47,63.5,112147.16577540108,0.0,0.0,0.0,0.0,0.0,0.0,0.0,0,0,0,0,0,8.916854858398438e-05,0.0,0.0,0.0,0.0,0.0,0.0,0.0,0.0,0.0,0.0,0.0,0.0,0.0,1.0,1.0,5746,544,578,574.6,10.75174404457249,574.6,9.41753387451172e-06,10,0.096114160453997,289.0
0.0,47,63.5,109798.5340314136,0.0,0.0,0.0,0.0,0.0,0.0,0.0,0,0,0,0,0,9.107589721679688e-05,0.0,0.0,0.0,0.0,0.0,0.0,0.0,0.0,0.0,0.0,0.0,0.0,0.0,1.0,1.0,5780,578,578,578.0,0.0,578.0,9.489059448242189e-06,10,0.0,0.0
0.0,47,63.5,123361.88235294116,0.0,0.0,0.0,0.0,0.0,0.0,0.0,0,0,0,0,0,8.106231689453125e-05,0.0,0.0,0.0,0.0,0.0,0.0,0.0,0.0,0.0,0.0,0.0,0.0,0.0,1.0,1.0,5780,578,578,578.0,0.0,578.0,8.511543273925782e-06,10,0.0,0.0
0.0,47,63.5,82080.31311154598,0.0,0.0,0.0,0.0,0.0,0.0,0.0,0,0,0,0,0,0.0001218318939208,0.0,0.0,0.0,0.0,0.0,0.0,0.0,0.0,0.0,0.0,0.0,0.0,0.0,1.0,1.0,5780,578,578,578.0,0.0,578.0,1.2683868408203126e-05,10,0.0,0.0
0.0,47,63.5,564.5244824894345,0.0,0.0,0.0,0.0,0.0,0.0,0.0,0,0,0,0,0,0.0177140235900878,0.0,0.0,0.0,0.0,0.0,0.0,0.0,0.0,0.0,0.0,0.0,0.0,0.0,1.0,1.0,5865,564,627,586.5,22.436329666166188,586.5,0.0017722129821777,10,0.0667913932528094,842.8
0.0,47,63.5,2749.461815798099,0.0,0.0,0.0,0.0,0.0,0.0,0.0,0,0,0,0,0,0.0036370754241943,0.0,0.0,0.0,0.0,0.0,0.0,0.0,0.0,0.0,0.0,0.0,0.0,0.0,1.0,1.0,5810,579,586,581.0,2.70801280154532,581.0,0.0003643035888671,10,0.0331929160948375,9.76
0.0,47,63.5,84054.1883767535,0.0,0.0,0.0,0.0,0.0,0.0,0.0,0,0,0,0,0,0.0001189708709716,0.0,0.0,0.0,0.0,0.0,0.0,0.0,0.0,0.0,0.0,0.0,0.0,0.0,1.0,1.0,5806,571,588,580.6,5.910442735813733,580.6,1.3589859008789062e-05,10,0.0481304979528611,41.55102040816327
0.0,47,63.5,62137.83703703704,0.0,0.0,0.0,0.0,0.0,0.0,0.0,0,0,0,0,0,0.0001609325408935,0.0,0.0,0.0,0.0,0.0,0.0,0.0,0.0,0.0,0.0,0.0,0.0,0.0,1.0,1.0,5825,580,585,582.5,1.8408935028645437,582.5,1.6689300537109375e-05,10,0.0311355563773269,4.0
0.0,47,63.5,5411.306928138305,0.0,0.0,0.0,0.0,0.0,0.0,0.0,0,0,0,0,0,0.0018479824066162,0.0,0.0,0.0,0.0,0.0,0.0,0.0,0.0,0.0,0.0,0.0,0.0,0.0,1.0,1.0,5318,462,584,531.8,43.24555211553875,531.8,0.0001855134963989,10,0.2490894981097858,3721.0
0.0,47,63.5,63646.49468892261,0.0,0.0,0.0,0.0,0.0,0.0,0.0,0,0,0,0,0,0.0001571178436279,0.0,0.0,0.0,0.0,0.0,0.0,0.0,0.0,0.0,0.0,0.0,0.0,0.0,1.0,1.0,5363,528,546,536.3,5.578729445153459,536.3,1.6307830810546876e-05,10,0.1212729612267777,49.2
0.0,47,63.5,1046.352500935512,0.0,0.0,0.0,0.0,0.0,0.0,0.0,0,0,0,0,0,0.0095570087432861,0.0,0.0,0.0,0.0,0.0,0.0,0.0,0.0,0.0,0.0,0.0,0.0,0.0,1.0,1.0,5365,528,548,536.5,7.412451985979028,536.5,0.0009562969207763,10,0.1220199464410084,52.44444444444444
0.0,47,63.5,13370.430347465732,0.0,0.0,0.0,0.0,0.0,0.0,0.0,0,0,0,0,0,0.0007479190826416,0.0,0.0,0.0,0.0,0.0,0.0,0.0,0.0,0.0,0.0,0.0,0.0,0.0,1.0,1.0,5382,530,553,538.2,9.425733098515172,538.2,7.538795471191406e-05,10,0.1194318166350111,86.66666666666667
0.0,47,63.5,14493.102971665516,0.0,0.0,0.0,0.0,0.0,0.0,0.0,0,0,0,0,0,0.0006899833679199,0.0,0.0,0.0,0.0,0.0,0.0,0.0,0.0,0.0,0.0,0.0,0.0,0.0,1.0,1.0,5266,466,579,526.6,38.01227871797919,526.6,6.959438323974609e-05,10,0.240141151858556,2574.96
0.0,47,63.5,4875.396954550738,0.0,0.0,0.0,0.0,0.0,0.0,0.0,0,0,0,0,0,0.0020511150360107,0.0,0.0,0.0,0.0,0.0,0.0,0.0,0.0,0.0,0.0,0.0,0.0,0.0,1.0,1.0,5353,530,545,535.3,5.8509258526607,535.3,0.0002061128616333,10,0.1179755831553398,30.81
0.0,47,63.5,939.0583230717564,0.0,0.0,0.0,0.0,0.0,0.0,0.0,0,0,0,0,0,0.0106489658355712,0.0,0.0,0.0,0.0,0.0,0.0,0.0,0.0,0.0,0.0,0.0,0.0,0.0,1.0,1.0,5425,512,555,542.5,13.091557924436987,542.5,0.0010660886764526,10,0.1515994670360986,154.25
0.0,47,63.5,58826.14305750351,0.0,0.0,0.0,0.0,0.0,0.0,0.0,0,0,0,0,0,0.0001699924468994,0.0,0.0,0.0,0.0,0.0,0.0,0.0,0.0,0.0,0.0,0.0,0.0,0.0,1.0,1.0,5324,512,550,532.4,9.547541859324603,532.4,1.8215179443359376e-05,10,0.1501557766518145,144.0
0.0,47,63.5,703.9312567132116,0.0,0.0,0.0,0.0,0.0,0.0,0.0,0,0,0,0,0,0.0142059326171875,0.0,0.0,0.0,0.0,0.0,0.0,0.0,0.0,0.0,0.0,0.0,0.0,0.0,1.0,1.0,5752,550,578,575.2,8.854377448471459,575.2,0.0014212846755981,10,0.0851164691974093,196.0
0.0,47,63.5,2472.9107953540474,0.0,0.0,0.0,0.0,0.0,0.0,0.0,0,0,0,0,0,0.0040438175201416,0.0,0.0,0.0,0.0,0.0,0.0,0.0,0.0,0.0,0.0,0.0,0.0,0.0,1.0,1.0,5780,578,578,578.0,0.0,578.0,0.0004055023193359,10,0.0,0.0
0.0,47,63.5,850.1163403461835,0.0,0.0,0.0,0.0,0.0,0.0,0.0,0,0,0,0,0,0.0117630958557128,0.0,0.0,0.0,0.0,0.0,0.0,0.0,0.0,0.0,0.0,0.0,0.0,0.0,1.0,1.0,5780,578,578,578.0,0.0,578.0,0.0011772155761718,10,0.0,0.0
0.0,47,63.5,3201.025719300924,0.0,0.0,0.0,0.0,0.0,0.0,0.0,0,0,0,0,0,0.0031239986419677,0.0,0.0,0.0,0.0,0.0,0.0,0.0,0.0,0.0,0.0,0.0,0.0,0.0,1.0,1.0,5780,578,578,578.0,0.0,578.0,0.0003837823867797,10,0.0,0.0
0.0,47,63.5,33235.372424722664,0.0,0.0,0.0,0.0,0.0,0.0,0.0,0,0,0,0,0,0.0003008842468261,0.0,0.0,0.0,0.0,0.0,0.0,0.0,0.0,0.0,0.0,0.0,0.0,0.0,1.0,1.0,5780,578,578,578.0,0.0,578.0,3.070831298828125e-05,10,0.0,0.0
0.0,47,63.5,1845.3535131330016,0.0,0.0,0.0,0.0,0.0,0.0,0.0,0,0,0,0,0,0.0054190158843994,0.0,0.0,0.0,0.0,0.0,0.0,0.0,0.0,0.0,0.0,0.0,0.0,0.0,1.0,1.0,5780,578,578,578.0,0.0,578.0,0.0005427122116088,10,0.0,0.0
0.0,47,63.5,1064.5982029544648,0.0,0.0,0.0,0.0,0.0,0.0,0.0,0,0,0,0,0,0.0093932151794433,0.0,0.0,0.0,0.0,0.0,0.0,0.0,0.0,0.0,0.0,0.0,0.0,0.0,1.0,1.0,5780,578,578,578.0,0.0,578.0,0.0009413003921508,10,0.0,0.0
0.0,47,63.5,665.5195722196659,0.0,0.0,0.0,0.0,0.0,0.0,0.0,0,0,0,0,0,0.0150258541107177,0.0,0.0,0.0,0.0,0.0,0.0,0.0,0.0,0.0,0.0,0.0,0.0,0.0,1.0,1.0,5780,578,578,578.0,0.0,578.0,0.0015037775039672,10,0.0,0.0
0.0,47,63.5,1507.6578001437815,0.0,0.0,0.0,0.0,0.0,0.0,0.0,0,0,0,0,0,0.0066328048706054,0.0,0.0,0.0,0.0,0.0,0.0,0.0,0.0,0.0,0.0,0.0,0.0,0.0,1.0,1.0,5180,427,578,518.0,53.040864749109566,518.0,0.0006644010543823,10,0.3127242666641973,5700.25
0.0,47,63.5,8935.458031529612,0.0,0.0,0.0,0.0,0.0,0.0,0.0,0,0,0,0,0,0.0011191368103027,0.0,0.0,0.0,0.0,0.0,0.0,0.0,0.0,0.0,0.0,0.0,0.0,0.0,1.0,1.0,5246,503,538,524.6,14.151560573543357,524.6,0.0001129150390625,10,0.1673684397152386,180.484375
0.0,47,63.5,57143.10626702997,0.0,0.0,0.0,0.0,0.0,0.0,0.0,0,0,0,0,0,0.0001749992370605,0.0,0.0,0.0,0.0,0.0,0.0,0.0,0.0,0.0,0.0,0.0,0.0,0.0,1.0,1.0,5236,516,538,523.6,7.486283753935889,523.6,1.8191337585449215e-05,10,0.1424995825500033,58.8
0.0,47,63.5,58826.14305750351,0.0,0.0,0.0,0.0,0.0,0.0,0.0,0,0,0,0,0,0.0001699924468994,0.0,0.0,0.0,0.0,0.0,0.0,0.0,0.0,0.0,0.0,0.0,0.0,0.0,1.0,1.0,5208,514,525,520.8,4.685675570881488,520.8,1.800060272216797e-05,10,0.1447669868005542,20.69135802469136
0.0,47,63.5,37183.54609929078,0.0,0.0,0.0,0.0,0.0,0.0,0.0,0,0,0,0,0,0.0002689361572265,0.0,0.0,0.0,0.0,0.0,0.0,0.0,0.0,0.0,0.0,0.0,0.0,0.0,1.0,1.0,5734,524,614,573.4,29.447505082019354,573.4,2.7799606323242183e-05,10,0.1378126656702114,1483.44
0.0,47,63.5,58497.96373779637,0.0,0.0,0.0,0.0,0.0,0.0,0.0,0,0,0,0,0,0.0001709461212158,0.0,0.0,0.0,0.0,0.0,0.0,0.0,0.0,0.0,0.0,0.0,0.0,0.0,1.0,1.0,5792,574,582,579.2,2.780887148615228,579.2,1.800060272216797e-05,10,0.0417432521888598,6.959999999999999
0.0,47,63.5,58173.42579750347,0.0,0.0,0.0,0.0,0.0,0.0,0.0,0,0,0,0,0,0.0001718997955322,0.0,0.0,0.0,0.0,0.0,0.0,0.0,0.0,0.0,0.0,0.0,0.0,0.0,1.0,1.0,5745,571,577,574.5,2.173067468400883,574.5,1.8191337585449215e-05,10,0.0466080407639278,7.2
0.0,47,63.5,53704.27656850192,0.0,0.0,0.0,0.0,0.0,0.0,0.0,0,0,0,0,0,0.0001862049102783,0.0,0.0,0.0,0.0,0.0,0.0,0.0,0.0,0.0,0.0,0.0,0.0,0.0,1.0,1.0,5791,575,584,579.1,3.212821536005731,579.1,1.9621849060058596e-05,10,0.0402150749809073,13.04
0.0,47,63.5,56148.64792503347,0.0,0.0,0.0,0.0,0.0,0.0,0.0,0,0,0,0,0,0.0001780986785888,0.0,0.0,0.0,0.0,0.0,0.0,0.0,0.0,0.0,0.0,0.0,0.0,0.0,1.0,1.0,5853,560,623,585.3,21.71558580067935,585.3,1.86920166015625e-05,10,0.0733143110317647,802.8
0.0,47,63.5,8320.380876810157,0.0,0.0,0.0,0.0,0.0,0.0,0.0,0,0,0,0,0,0.0012018680572509,0.0,0.0,0.0,0.0,0.0,0.0,0.0,0.0,0.0,0.0,0.0,0.0,0.0,1.0,1.0,5789,575,583,578.9,2.923088169119167,578.9,0.0001211881637573,10,0.0400970491965724,13.44
0.0,47,63.5,87746.94560669456,0.0,0.0,0.0,0.0,0.0,0.0,0.0,0,0,0,0,0,0.0001139640808105,0.0,0.0,0.0,0.0,0.0,0.0,0.0,0.0,0.0,0.0,0.0,0.0,0.0,1.0,1.0,5769,571,581,576.9,4.012480529547776,576.9,1.2516975402832031e-05,10,0.0473573440685166,20.13888888888889
0.0,47,63.5,64133.08868501529,0.0,0.0,0.0,0.0,0.0,0.0,0.0,0,0,0,0,0,0.0001559257507324,0.0,0.0,0.0,0.0,0.0,0.0,0.0,0.0,0.0,0.0,0.0,0.0,0.0,1.0,1.0,5786,569,585,578.6,6.131883886702356,578.6,1.609325408935547e-05,10,0.051628964220087,33.84
0.0,47,63.5,97997.7570093458,0.0,0.0,0.0,0.0,0.0,0.0,0.0,0,0,0,0,0,0.0001020431518554,0.0,0.0,0.0,0.0,0.0,0.0,0.0,0.0,0.0,0.0,0.0,0.0,0.0,1.0,1.0,5166,423,569,516.6,53.06222762003119,516.6,1.0704994201660156e-05,10,0.3195494890432959,5329.0
0.0,47,63.5,59918.62857142857,0.0,0.0,0.0,0.0,0.0,0.0,0.0,0,0,0,0,0,0.000166893005371,0.0,0.0,0.0,0.0,0.0,0.0,0.0,0.0,0.0,0.0,0.0,0.0,0.0,1.0,1.0,5225,513,539,522.5,8.501633829904566,522.5,1.7189979553222655e-05,10,0.1480255855569499,121.0
0.0,47,63.5,104077.0223325062,0.0,0.0,0.0,0.0,0.0,0.0,0.0,0,0,0,0,0,9.608268737792967e-05,0.0,0.0,0.0,0.0,0.0,0.0,0.0,0.0,0.0,0.0,0.0,0.0,0.0,1.0,1.0,5224,506,534,522.4,7.820201759261428,522.4,1.0204315185546874e-05,10,0.1596769073886528,55.04
0.0,47,63.5,108660.72538860104,0.0,0.0,0.0,0.0,0.0,0.0,0.0,0,0,0,0,0,9.202957153320312e-05,0.0,0.0,0.0,0.0,0.0,0.0,0.0,0.0,0.0,0.0,0.0,0.0,0.0,1.0,1.0,5230,506,533,523.0,8.831760866327848,523.0,9.79900360107422e-06,10,0.1600889761065073,182.25
0.0,47,63.5,489.0233067891663,0.0,0.0,0.0,0.0,0.0,0.0,0.0,0,0,0,0,0,0.0204489231109619,0.0,0.0,0.0,0.0,0.0,0.0,0.0,0.0,0.0,0.0,0.0,0.0,0.0,1.0,1.0,5798,528,626,579.8,28.95513771336617,579.8,0.0020453929901123,10,0.1307955748989169,1501.36
0.0,47,63.5,4189.276867758689,0.0,0.0,0.0,0.0,0.0,0.0,0.0,0,0,0,0,0,0.0023870468139648,0.0,0.0,0.0,0.0,0.0,0.0,0.0,0.0,0.0,0.0,0.0,0.0,0.0,1.0,1.0,5834,580,590,583.4,3.747591819348053,583.4,0.0002416133880615,10,0.0319122690035296,25.0
0.0,47,63.5,91779.08096280089,0.0,0.0,0.0,0.0,0.0,0.0,0.0,0,0,0,0,0,0.0001089572906494,0.0,0.0,0.0,0.0,0.0,0.0,0.0,0.0,0.0,0.0,0.0,0.0,0.0,1.0,1.0,5808,577,584,580.8,2.250925735484551,580.8,1.1587142944335938e-05,10,0.0364149771076069,4.775510204081633
0.0,47,63.5,5518.821052631579,0.0,0.0,0.0,0.0,0.0,0.0,0.0,0,0,0,0,0,0.0018119812011718,0.0,0.0,0.0,0.0,0.0,0.0,0.0,0.0,0.0,0.0,0.0,0.0,0.0,1.0,1.0,5825,577,587,582.5,3.24037034920393,582.5,0.0001821041107177,10,0.0368180372654517,9.45
0.0,47,63.5,1682.0950471225185,0.0,0.0,0.0,0.0,0.0,0.0,0.0,0,0,0,0,0,0.0059449672698974,0.0,0.0,0.0,0.0,0.0,0.0,0.0,0.0,0.0,0.0,0.0,0.0,0.0,1.0,1.0,5368,463,578,536.8,43.083381689205616,536.8,0.0005954980850219,10,0.2473193063649148,3277.6875
0.0,47,63.5,1989.99098543436,0.0,0.0,0.0,0.0,0.0,0.0,0.0,0,0,0,0,0,0.0050251483917236,0.0,0.0,0.0,0.0,0.0,0.0,0.0,0.0,0.0,0.0,0.0,0.0,0.0,1.0,1.0,5373,528,543,537.3,4.620004810002307,537.3,0.0005031108856201,10,0.1208824151594026,19.21
0.0,47,63.5,96199.63302752294,0.0,0.0,0.0,0.0,0.0,0.0,0.0,0,0,0,0,0,0.0001039505004882,0.0,0.0,0.0,0.0,0.0,0.0,0.0,0.0,0.0,0.0,0.0,0.0,0.0,1.0,1.0,5392,523,559,539.2,12.873745893613613,539.2,1.0991096496582032e-05,10,0.1327653091272225,162.39506172839506
0.0,47,63.5,946.7741134511635,0.0,0.0,0.0,0.0,0.0,0.0,0.0,0,0,0,0,0,0.0105621814727783,0.0,0.0,0.0,0.0,0.0,0.0,0.0,0.0,0.0,0.0,0.0,0.0,0.0,1.0,1.0,5278,518,545,527.8,10.633281086601006,527.8,0.0010568141937255,10,0.1403732833834377,112.66666666666669
0.0,47,63.5,162.83184191626066,0.0,0.0,0.0,0.0,0.0,0.0,0.0,0,0,0,0,0,0.0614130496978759,0.0,0.0,0.0,0.0,0.0,0.0,0.0,0.0,0.0,0.0,0.0,0.0,0.0,1.0,1.0,5730,526,614,573.0,27.884683171152503,573.0,0.0061426877975463,10,0.1337677745366007,1373.0400000000002
0.0,47,63.5,93414.3429844098,0.0,0.0,0.0,0.0,0.0,0.0,0.0,0,0,0,0,0,0.0001070499420166,0.0,0.0,0.0,0.0,0.0,0.0,0.0,0.0,0.0,0.0,0.0,0.0,0.0,1.0,1.0,5779,573,585,577.9,4.1486276177925525,577.9,1.1396408081054689e-05,10,0.0440045449463839,16.240000000000002
0.0,47,63.5,1375.3169164180083,0.0,0.0,0.0,0.0,0.0,0.0,0.0,0,0,0,0,0,0.0072710514068603,0.0,0.0,0.0,0.0,0.0,0.0,0.0,0.0,0.0,0.0,0.0,0.0,0.0,1.0,1.0,5768,573,580,576.8,2.4404006956964173,576.8,0.0007281064987182,10,0.0433086816273988,7.1020408163265305
0.0,47,63.5,102051.19221411191,0.0,0.0,0.0,0.0,0.0,0.0,0.0,0,0,0,0,0,9.79900360107422e-05,0.0,0.0,0.0,0.0,0.0,0.0,0.0,0.0,0.0,0.0,0.0,0.0,0.0,1.0,1.0,5776,577,578,577.6,0.5163977794943223,577.6,1.049041748046875e-05,10,0.0,0.25
0.0,47,63.5,328.2775677600632,0.0,0.0,0.0,0.0,0.0,0.0,0.0,0,0,0,0,0,0.0304620265960693,0.0,0.0,0.0,0.0,0.0,0.0,0.0,0.0,0.0,0.0,0.0,0.0,0.0,1.0,1.0,5285,454,577,528.5,45.79725853027546,528.5,0.0030466079711914,10,0.2637620012348931,3782.25
0.0,47,63.5,555.3089459956839,0.0,0.0,0.0,0.0,0.0,0.0,0.0,0,0,0,0,0,0.0180079936981201,0.0,0.0,0.0,0.0,0.0,0.0,0.0,0.0,0.0,0.0,0.0,0.0,0.0,1.0,1.0,5316,519,546,531.6,10.595596569644703,531.6,0.001802110671997,10,0.1386538022186105,111.55555555555556
0.0,47,63.5,625.5113788886568,0.0,0.0,0.0,0.0,0.0,0.0,0.0,0,0,0,0,0,0.0159869194030761,0.0,0.0,0.0,0.0,0.0,0.0,0.0,0.0,0.0,0.0,0.0,0.0,0.0,1.0,1.0,5275,515,537,527.5,6.867799259345505,527.5,0.0016002893447875,10,0.143951766706287,42.45
0.0,47,63.5,161319.38461538462,0.0,0.0,0.0,0.0,0.0,0.0,0.0,0,0,0,0,0,6.198883056640625e-05,0.0,0.0,0.0,0.0,0.0,0.0,0.0,0.0,0.0,0.0,0.0,0.0,0.0,1.0,1.0,5296,515,543,529.6,11.127543404643372,529.6,6.604194641113281e-06,10,0.1456870160813156,111.43999999999998
0.0,47,63.5,128266.17737003058,0.0,0.0,0.0,0.0,0.0,0.0,0.0,0,0,0,0,0,7.796287536621094e-05,0.0,0.0,0.0,0.0,0.0,0.0,0.0,0.0,0.0,0.0,0.0,0.0,0.0,1.0,1.0,5410,487,586,541.0,33.396606614045886,541.0,8.296966552734374e-06,10,0.2024741816702977,1966.96
0.0,47,63.5,169809.87854251012,0.0,0.0,0.0,0.0,0.0,0.0,0.0,0,0,0,0,0,5.888938903808594e-05,0.0,0.0,0.0,0.0,0.0,0.0,0.0,0.0,0.0,0.0,0.0,0.0,0.0,1.0,1.0,5406,526,560,540.6,11.749231653365442,540.6,6.198883056640625e-06,10,0.1271948370063149,135.65432098765433
0.0,47,63.5,172605.10288065844,0.0,0.0,0.0,0.0,0.0,0.0,0.0,0,0,0,0,0,5.793571472167969e-05,0.0,0.0,0.0,0.0,0.0,0.0,0.0,0.0,0.0,0.0,0.0,0.0,0.0,1.0,1.0,5423,532,555,542.3,7.498888806572166,542.3,6.103515625e-06,10,0.1152386373442453,50.61
0.0,47,63.5,171897.70491803277,0.0,0.0,0.0,0.0,0.0,0.0,0.0,0,0,0,0,0,5.817413330078125e-05,0.0,0.0,0.0,0.0,0.0,0.0,0.0,0.0,0.0,0.0,0.0,0.0,0.0,1.0,1.0,5388,529,548,538.8,7.969385867876589,538.8,6.103515625e-06,10,0.1205426890271382,76.0
0.0,47,63.5,166440.6349206349,0.0,0.0,0.0,0.0,0.0,0.0,0.0,0,0,0,0,0,6.008148193359375e-05,0.0,0.0,0.0,0.0,0.0,0.0,0.0,0.0,0.0,0.0,0.0,0.0,0.0,1.0,1.0,5466,499,590,546.6,31.697178283107647,546.6,6.29425048828125e-06,10,0.1813323425454067,1673.84
0.0,47,63.5,102051.19221411191,0.0,0.0,0.0,0.0,0.0,0.0,0.0,0,0,0,0,0,9.79900360107422e-05,0.0,0.0,0.0,0.0,0.0,0.0,0.0,0.0,0.0,0.0,0.0,0.0,0.0,1.0,1.0,5443,538,563,544.3,8.179242018671413,544.3,1.010894775390625e-05,10,0.105291006028726,60.21
0.0,47,63.5,569.9014905498865,0.0,0.0,0.0,0.0,0.0,0.0,0.0,0,0,0,0,0,0.0175468921661376,0.0,0.0,0.0,0.0,0.0,0.0,0.0,0.0,0.0,0.0,0.0,0.0,0.0,1.0,1.0,5522,545,563,552.2,5.633234713140696,552.2,0.0017563819885253,10,0.092324954492745,36.0
0.0,47,63.5,58497.96373779637,0.0,0.0,0.0,0.0,0.0,0.0,0.0,0,0,0,0,0,0.0001709461212158,0.0,0.0,0.0,0.0,0.0,0.0,0.0,0.0,0.0,0.0,0.0,0.0,0.0,1.0,1.0,5438,532,554,543.8,7.699927849589818,543.8,1.8310546875e-05,10,0.1153205326088089,73.06122448979592
0.0,47,63.5,14349.312350325008,0.0,0.0,0.0,0.0,0.0,0.0,0.0,0,0,0,0,0,0.0006968975067138,0.0,0.0,0.0,0.0,0.0,0.0,0.0,0.0,0.0,0.0,0.0,0.0,0.0,1.0,1.0,5745,543,578,574.5,11.067971810589327,574.5,7.069110870361328e-05,10,0.0979471089967616,306.25
0.0,47,63.5,175493.8912133891,0.0,0.0,0.0,0.0,0.0,0.0,0.0,0,0,0,0,0,5.698204040527344e-05,0.0,0.0,0.0,0.0,0.0,0.0,0.0,0.0,0.0,0.0,0.0,0.0,0.0,1.0,1.0,5780,578,578,578.0,0.0,578.0,6.103515625e-06,10,0.0,0.0
0.0,47,63.5,172605.10288065844,0.0,0.0,0.0,0.0,0.0,0.0,0.0,0,0,0,0,0,5.793571472167969e-05,0.0,0.0,0.0,0.0,0.0,0.0,0.0,0.0,0.0,0.0,0.0,0.0,0.0,1.0,1.0,5780,578,578,578.0,0.0,578.0,6.103515625e-06,10,0.0,0.0
0.0,47,63.5,10504.142248935636,0.0,0.0,0.0,0.0,0.0,0.0,0.0,0,0,0,0,0,0.0009520053863525,0.0,0.0,0.0,0.0,0.0,0.0,0.0,0.0,0.0,0.0,0.0,0.0,0.0,1.0,1.0,5780,578,578,578.0,0.0,578.0,9.551048278808594e-05,10,0.0,0.0
0.0,47,63.5,1287.8604765413904,0.0,0.0,0.0,0.0,0.0,0.0,0.0,0,0,0,0,0,0.0077648162841796,0.0,0.0,0.0,0.0,0.0,0.0,0.0,0.0,0.0,0.0,0.0,0.0,0.0,1.0,1.0,5752,564,578,575.2,5.902918298980975,575.2,0.0007780790328979,10,0.0600563427982729,49.0
0.0,47,63.5,1230.2898040596035,0.0,0.0,0.0,0.0,0.0,0.0,0.0,0,0,0,0,0,0.0081281661987304,0.0,0.0,0.0,0.0,0.0,0.0,0.0,0.0,0.0,0.0,0.0,0.0,0.0,1.0,1.0,5571,518,597,557.1,27.452787755627945,557.1,0.0008148193359375,10,0.1472248776201326,1315.44
0.0,47,63.5,1858.7653445601595,0.0,0.0,0.0,0.0,0.0,0.0,0.0,0,0,0,0,0,0.0053799152374267,0.0,0.0,0.0,0.0,0.0,0.0,0.0,0.0,0.0,0.0,0.0,0.0,0.0,1.0,1.0,5541,550,559,554.1,3.3482997343593826,554.1,0.0005412817001342,10,0.0828735133797886,11.209876543209877
0.0,47,63.5,9066.805015131864,0.0,0.0,0.0,0.0,0.0,0.0,0.0,0,0,0,0,0,0.0011029243469238,0.0,0.0,0.0,0.0,0.0,0.0,0.0,0.0,0.0,0.0,0.0,0.0,0.0,1.0,1.0,5525,547,559,552.5,3.9791121287711073,552.5,0.0001121044158935,10,0.0882428711167762,14.25
0.0,47,63.5,14857.612469004604,0.0,0.0,0.0,0.0,0.0,0.0,0.0,0,0,0,0,0,0.0006730556488037,0.0,0.0,0.0,0.0,0.0,0.0,0.0,0.0,0.0,0.0,0.0,0.0,0.0,1.0,1.0,5517,547,555,551.7,2.4060109910158114,551.7,6.7901611328125e-05,10,0.0876020526373002,5.432098765432098
0.0,47,63.5,419.8502502502503,0.0,0.0,0.0,0.0,0.0,0.0,0.0,0,0,0,0,0,0.023818016052246,0.0,0.0,0.0,0.0,0.0,0.0,0.0,0.0,0.0,0.0,0.0,0.0,0.0,1.0,1.0,5072,422,550,507.2,45.79616674885453,507.2,0.0023823022842407,10,0.3182937164868134,4096.0
0.0,47,63.5,71943.46483704975,0.0,0.0,0.0,0.0,0.0,0.0,0.0,0,0,0,0,0,0.0001389980316162,0.0,0.0,0.0,0.0,0.0,0.0,0.0,0.0,0.0,0.0,0.0,0.0,0.0,1.0,1.0,5289,522,533,528.9,4.483302354291978,528.9,1.499652862548828e-05,10,0.1310515080470443,22.285714285714285
0.0,47,63.5,71943.46483704975,0.0,0.0,0.0,0.0,0.0,0.0,0.0,0,0,0,0,0,0.0001389980316162,0.0,0.0,0.0,0.0,0.0,0.0,0.0,0.0,0.0,0.0,0.0,0.0,0.0,1.0,1.0,5237,514,534,523.7,7.10320741324337,523.7,1.4710426330566409e-05,10,0.1457517925718588,84.0
0.0,47,63.5,67541.12721417069,0.0,0.0,0.0,0.0,0.0,0.0,0.0,0,0,0,0,0,0.000148057937622,0.0,0.0,0.0,0.0,0.0,0.0,0.0,0.0,0.0,0.0,0.0,0.0,0.0,1.0,1.0,5406,510,632,540.6,38.569417937013256,540.6,1.5497207641601562e-05,10,0.1653863880908218,1338.84
0.0,47,63.5,70849.72972972973,0.0,0.0,0.0,0.0,0.0,0.0,0.0,0,0,0,0,0,0.0001411437988281,0.0,0.0,0.0,0.0,0.0,0.0,0.0,0.0,0.0,0.0,0.0,0.0,0.0,1.0,1.0,5882,577,632,588.2,16.294511686795374,588.2,1.4901161193847656e-05,10,0.0421357722807329,756.25
0.0,47,63.5,67108.864,0.0,0.0,0.0,0.0,0.0,0.0,0.0,0,0,0,0,0,0.0001490116119384,0.0,0.0,0.0,0.0,0.0,0.0,0.0,0.0,0.0,0.0,0.0,0.0,0.0,1.0,1.0,5814,578,586,581.4,2.590581230363393,581.4,1.5687942504882812e-05,10,0.0348492091700008,6.04
0.0,47,63.5,71453.21976149915,0.0,0.0,0.0,0.0,0.0,0.0,0.0,0,0,0,0,0,0.0001399517059326,0.0,0.0,0.0,0.0,0.0,0.0,0.0,0.0,0.0,0.0,0.0,0.0,0.0,1.0,1.0,5824,577,588,582.4,4.376706016578627,582.4,1.4710426330566409e-05,10,0.0372809349629134,19.44
0.0,47,63.5,43284.87100103199,0.0,0.0,0.0,0.0,0.0,0.0,0.0,0,0,0,0,0,0.0002310276031494,0.0,0.0,0.0,0.0,0.0,0.0,0.0,0.0,0.0,0.0,0.0,0.0,0.0,1.0,1.0,5521,444,588,552.1,57.196445110979866,552.1,2.3889541625976563e-05,10,0.2854468738804088,3227.333333333333
0.0,47,63.5,45889.54048140044,0.0,0.0,0.0,0.0,0.0,0.0,0.0,0,0,0,0,0,0.0002179145812988,0.0,0.0,0.0,0.0,0.0,0.0,0.0,0.0,0.0,0.0,0.0,0.0,0.0,1.0,1.0,5370,525,571,537.0,13.449494001221344,537.0,2.269744873046875e-05,10,0.1295915858763375,529.0
0.0,47,63.5,42755.39245667686,0.0,0.0,0.0,0.0,0.0,0.0,0.0,0,0,0,0,0,0.0002338886260986,0.0,0.0,0.0,0.0,0.0,0.0,0.0,0.0,0.0,0.0,0.0,0.0,0.0,1.0,1.0,5335,516,546,533.5,9.419247433963196,533.5,2.510547637939453e-05,10,0.1432869946346993,79.85
0.0,47,63.5,52103.1552795031,0.0,0.0,0.0,0.0,0.0,0.0,0.0,0,0,0,0,0,0.0001919269561767,0.0,0.0,0.0,0.0,0.0,0.0,0.0,0.0,0.0,0.0,0.0,0.0,0.0,1.0,1.0,5249,511,535,524.9,9.791719858011552,524.9,2.0194053649902344e-05,10,0.1519593750013596,87.91836734693878
0.0,47,63.5,276.92303629317115,0.0,0.0,0.0,0.0,0.0,0.0,0.0,0,0,0,0,0,0.0361111164093017,0.0,0.0,0.0,0.0,0.0,0.0,0.0,0.0,0.0,0.0,0.0,0.0,0.0,1.0,1.0,5475,522,618,547.5,27.212129648375555,547.5,0.0036126136779785,10,0.1403103231335622,666.45
0.0,47,63.5,46759.24191750279,0.0,0.0,0.0,0.0,0.0,0.0,0.0,0,0,0,0,0,0.0002138614654541,0.0,0.0,0.0,0.0,0.0,0.0,0.0,0.0,0.0,0.0,0.0,0.0,0.0,1.0,1.0,5813,573,618,581.3,13.532265967760983,581.3,2.238750457763672e-05,10,0.0478270638646271,420.25
0.0,47,63.5,1131.0889380292326,0.0,0.0,0.0,0.0,0.0,0.0,0.0,0,0,0,0,0,0.0088410377502441,0.0,0.0,0.0,0.0,0.0,0.0,0.0,0.0,0.0,0.0,0.0,0.0,0.0,1.0,1.0,5790,577,583,579.0,2.10818510677892,579.0,0.0008851051330566,10,0.0363568302850974,4.0
0.0,47,63.5,153637.50915750916,0.0,0.0,0.0,0.0,0.0,0.0,0.0,0,0,0,0,0,6.508827209472656e-05,0.0,0.0,0.0,0.0,0.0,0.0,0.0,0.0,0.0,0.0,0.0,0.0,0.0,1.0,1.0,5821,576,589,582.1,4.677368680976279,582.1,7.510185241699219e-06,10,0.0391075429058825,19.80246913580247
0.0,47,63.5,149263.487544484,0.0,0.0,0.0,0.0,0.0,0.0,0.0,0,0,0,0,0,6.699562072753906e-05,0.0,0.0,0.0,0.0,0.0,0.0,0.0,0.0,0.0,0.0,0.0,0.0,0.0,1.0,1.0,5713,529,601,571.3,23.471259020342305,571.3,7.104873657226563e-06,10,0.1268575320745266,495.81
0.0,47,63.5,171897.70491803277,0.0,0.0,0.0,0.0,0.0,0.0,0.0,0,0,0,0,0,5.817413330078125e-05,0.0,0.0,0.0,0.0,0.0,0.0,0.0,0.0,0.0,0.0,0.0,0.0,0.0,1.0,1.0,5599,551,601,559.9,14.96254583210283,559.9,6.198883056640625e-06,10,0.0859005626701654,380.25
0.0,47,63.5,175493.8912133891,0.0,0.0,0.0,0.0,0.0,0.0,0.0,0,0,0,0,0,5.698204040527344e-05,0.0,0.0,0.0,0.0,0.0,0.0,0.0,0.0,0.0,0.0,0.0,0.0,0.0,1.0,1.0,5559,550,560,555.9,4.067486256208427,555.9,5.984306335449219e-06,10,0.0831664812013291,20.16
0.0,47,63.5,558.7562778924931,0.0,0.0,0.0,0.0,0.0,0.0,0.0,0,0,0,0,0,0.0178968906402587,0.0,0.0,0.0,0.0,0.0,0.0,0.0,0.0,0.0,0.0,0.0,0.0,0.0,1.0,1.0,5546,551,559,554.6,2.065591117977289,554.6,0.0017900943756103,10,0.0806468591978192,4.8
0.0,47,63.5,1231.6626534327831,0.0,0.0,0.0,0.0,0.0,0.0,0.0,0,0,0,0,0,0.0081191062927246,0.0,0.0,0.0,0.0,0.0,0.0,0.0,0.0,0.0,0.0,0.0,0.0,0.0,1.0,1.0,5631,551,578,563.1,10.660935960578486,563.1,0.0008854150772094,10,0.0841482588729012,102.29
0.0,47,63.5,52363.34581772784,0.0,0.0,0.0,0.0,0.0,0.0,0.0,0,0,0,0,0,0.0001909732818603,0.0,0.0,0.0,0.0,0.0,0.0,0.0,0.0,0.0,0.0,0.0,0.0,0.0,1.0,1.0,5780,578,578,578.0,0.0,578.0,2.0289421081542967e-05,10,0.0,0.0
0.0,47,63.5,782.169177980009,0.0,0.0,0.0,0.0,0.0,0.0,0.0,0,0,0,0,0,0.0127849578857421,0.0,0.0,0.0,0.0,0.0,0.0,0.0,0.0,0.0,0.0,0.0,0.0,0.0,1.0,1.0,5780,578,578,578.0,0.0,578.0,0.0012798070907592,10,0.0,0.0
0.0,47,63.5,42538.58012170385,0.0,0.0,0.0,0.0,0.0,0.0,0.0,0,0,0,0,0,0.0002350807189941,0.0,0.0,0.0,0.0,0.0,0.0,0.0,0.0,0.0,0.0,0.0,0.0,0.0,1.0,1.0,5780,578,578,578.0,0.0,578.0,2.4199485778808597e-05,10,0.0,0.0
0.0,47,63.5,2009.2474251497008,0.0,0.0,0.0,0.0,0.0,0.0,0.0,0,0,0,0,0,0.0049769878387451,0.0,0.0,0.0,0.0,0.0,0.0,0.0,0.0,0.0,0.0,0.0,0.0,0.0,1.0,1.0,5801,564,627,580.1,17.47665109033574,580.1,0.0004990100860595,10,0.0647710185881591,274.89
0.0,47,63.5,44620.255319148935,0.0,0.0,0.0,0.0,0.0,0.0,0.0,0,0,0,0,0,0.0002241134643554,0.0,0.0,0.0,0.0,0.0,0.0,0.0,0.0,0.0,0.0,0.0,0.0,0.0,1.0,1.0,5920,571,627,592.0,23.981474331473265,592.0,2.3889541625976563e-05,10,0.055491913383669,576.0
0.0,47,63.5,57772.78236914601,0.0,0.0,0.0,0.0,0.0,0.0,0.0,0,0,0,0,0,0.0001730918884277,0.0,0.0,0.0,0.0,0.0,0.0,0.0,0.0,0.0,0.0,0.0,0.0,0.0,1.0,1.0,5829,576,590,582.9,5.152130088074683,582.9,1.8310546875e-05,10,0.0393009417126781,28.0
0.0,47,63.5,45839.38797814208,0.0,0.0,0.0,0.0,0.0,0.0,0.0,0,0,0,0,0,0.0002181529998779,0.0,0.0,0.0,0.0,0.0,0.0,0.0,0.0,0.0,0.0,0.0,0.0,0.0,1.0,1.0,5880,583,622,588.0,12.046207333061767,588.0,2.319812774658203e-05,10,0.0301804030191961,130.6
0.0,47,63.5,1104.1128777508686,0.0,0.0,0.0,0.0,0.0,0.0,0.0,0,0,0,0,0,0.0090570449829101,0.0,0.0,0.0,0.0,0.0,0.0,0.0,0.0,0.0,0.0,0.0,0.0,0.0,1.0,1.0,5836,577,622,583.6,13.672356539138873,583.6,0.0009068012237548,10,0.0410676111597836,380.25
0.0,47,63.5,156503.8805970149,0.0,0.0,0.0,0.0,0.0,0.0,0.0,0,0,0,0,0,6.389617919921875e-05,0.0,0.0,0.0,0.0,0.0,0.0,0.0,0.0,0.0,0.0,0.0,0.0,0.0,1.0,1.0,5780,578,578,578.0,0.0,578.0,6.890296936035156e-06,10,0.0,0.0
0.0,47,63.5,1997.572986617136,0.0,0.0,0.0,0.0,0.0,0.0,0.0,0,0,0,0,0,0.0050060749053955,0.0,0.0,0.0,0.0,0.0,0.0,0.0,0.0,0.0,0.0,0.0,0.0,0.0,1.0,1.0,5780,578,578,578.0,0.0,578.0,0.0005012035369873,10,0.0,0.0
0.0,47,63.5,155922.08178438662,0.0,0.0,0.0,0.0,0.0,0.0,0.0,0,0,0,0,0,6.413459777832031e-05,0.0,0.0,0.0,0.0,0.0,0.0,0.0,0.0,0.0,0.0,0.0,0.0,0.0,1.0,1.0,5780,578,578,578.0,0.0,578.0,7.200241088867187e-06,10,0.0,0.0
0.0,47,63.5,70849.72972972973,0.0,0.0,0.0,0.0,0.0,0.0,0.0,0,0,0,0,0,0.0001411437988281,0.0,0.0,0.0,0.0,0.0,0.0,0.0,0.0,0.0,0.0,0.0,0.0,0.0,1.0,1.0,5780,578,578,578.0,0.0,578.0,1.4400482177734376e-05,10,0.0,0.0
0.0,47,63.5,68871.986863711,0.0,0.0,0.0,0.0,0.0,0.0,0.0,0,0,0,0,0,0.0001451969146728,0.0,0.0,0.0,0.0,0.0,0.0,0.0,0.0,0.0,0.0,0.0,0.0,0.0,1.0,1.0,5780,578,578,578.0,0.0,578.0,1.5306472778320313e-05,10,0.0,0.0
0.0,47,63.5,1808.0455211656176,0.0,0.0,0.0,0.0,0.0,0.0,0.0,0,0,0,0,0,0.005530834197998,0.0,0.0,0.0,0.0,0.0,0.0,0.0,0.0,0.0,0.0,0.0,0.0,0.0,1.0,1.0,5780,578,578,578.0,0.0,578.0,0.0005535840988159,10,0.0,0.0
0.0,47,63.5,128266.17737003058,0.0,0.0,0.0,0.0,0.0,0.0,0.0,0,0,0,0,0,7.796287536621094e-05,0.0,0.0,0.0,0.0,0.0,0.0,0.0,0.0,0.0,0.0,0.0,0.0,0.0,1.0,1.0,5780,578,578,578.0,0.0,578.0,8.296966552734374e-06,10,0.0,0.0
0.0,47,63.5,116185.70637119112,0.0,0.0,0.0,0.0,0.0,0.0,0.0,0,0,0,0,0,8.606910705566406e-05,0.0,0.0,0.0,0.0,0.0,0.0,0.0,0.0,0.0,0.0,0.0,0.0,0.0,1.0,1.0,5831,574,637,583.1,19.0114000887187,583.1,9.012222290039062e-06,10,0.0483549139401404,325.29
0.0,47,63.5,133576.56050955414,0.0,0.0,0.0,0.0,0.0,0.0,0.0,0,0,0,0,0,7.486343383789062e-05,0.0,0.0,0.0,0.0,0.0,0.0,0.0,0.0,0.0,0.0,0.0,0.0,0.0,1.0,1.0,5826,574,637,582.6,19.236539305302408,582.6,7.891654968261719e-06,10,0.0484466266514079,900.0
0.0,47,63.5,133152.50793650793,0.0,0.0,0.0,0.0,0.0,0.0,0.0,0,0,0,0,0,7.510185241699219e-05,0.0,0.0,0.0,0.0,0.0,0.0,0.0,0.0,0.0,0.0,0.0,0.0,0.0,1.0,1.0,5829,578,588,582.9,3.1073389830457114,582.9,7.915496826171876e-06,10,0.0350597156081334,8.690000000000001
0.0,47,63.5,133152.50793650793,0.0,0.0,0.0,0.0,0.0,0.0,0.0,0,0,0,0,0,7.510185241699219e-05,0.0,0.0,0.0,0.0,0.0,0.0,0.0,0.0,0.0,0.0,0.0,0.0,0.0,1.0,1.0,5848,578,588,584.8,3.675746333890726,584.8,7.891654968261719e-06,10,0.0352912620265737,25.0
0.0,47,63.5,110086.719160105,0.0,0.0,0.0,0.0,0.0,0.0,0.0,0,0,0,0,0,9.083747863769533e-05,0.0,0.0,0.0,0.0,0.0,0.0,0.0,0.0,0.0,0.0,0.0,0.0,0.0,1.0,1.0,5745,535,603,574.5,22.056745000112777,574.5,9.489059448242189e-06,10,0.1160565356432459,437.85
0.0,47,63.5,123361.88235294116,0.0,0.0,0.0,0.0,0.0,0.0,0.0,0,0,0,0,0,8.106231689453125e-05,0.0,0.0,0.0,0.0,0.0,0.0,0.0,0.0,0.0,0.0,0.0,0.0,0.0,1.0,1.0,5637,556,603,563.7,13.976567691834944,563.7,8.606910705566407e-06,10,0.0769782646149458,484.0
0.0,47,63.5,120525.97701149424,0.0,0.0,0.0,0.0,0.0,0.0,0.0,0,0,0,0,0,8.296966552734375e-05,0.0,0.0,0.0,0.0,0.0,0.0,0.0,0.0,0.0,0.0,0.0,0.0,0.0,1.0,1.0,5591,556,563,559.1,2.4698178070456938,559.1,8.797645568847656e-06,10,0.0722908749818781,5.654320987654321
0.0,47,63.5,2096.837474378843,0.0,0.0,0.0,0.0,0.0,0.0,0.0,0,0,0,0,0,0.0047690868377685,0.0,0.0,0.0,0.0,0.0,0.0,0.0,0.0,0.0,0.0,0.0,0.0,0.0,1.0,1.0,5607,559,566,560.7,2.110818693198342,560.7,0.0004775047302246,10,0.0670322431028613,4.01
0.0,47,63.5,703.8840034906357,0.0,0.0,0.0,0.0,0.0,0.0,0.0,0,0,0,0,0,0.0142068862915039,0.0,0.0,0.0,0.0,0.0,0.0,0.0,0.0,0.0,0.0,0.0,0.0,0.0,1.0,1.0,5638,551,620,563.8,20.252846164867243,563.8,0.0014210939407348,10,0.0880556194137203,369.16
0.0,47,63.5,1285.6892376544156,0.0,0.0,0.0,0.0,0.0,0.0,0.0,0,0,0,0,0,0.0077779293060302,0.0,0.0,0.0,0.0,0.0,0.0,0.0,0.0,0.0,0.0,0.0,0.0,0.0,1.0,1.0,5832,577,620,583.2,13.12165301239816,583.2,0.0007782936096191,10,0.0408432765711305,441.0
0.0,47,63.5,27025.154639175256,0.0,0.0,0.0,0.0,0.0,0.0,0.0,0,0,0,0,0,0.0003700256347656,0.0,0.0,0.0,0.0,0.0,0.0,0.0,0.0,0.0,0.0,0.0,0.0,0.0,1.0,1.0,5796,577,582,579.6,1.776388345929897,579.6,3.740787506103516e-05,10,0.036221669556598,3.6326530612244894
0.0,47,63.5,134865.08038585208,0.0,0.0,0.0,0.0,0.0,0.0,0.0,0,0,0,0,0,7.414817810058594e-05,0.0,0.0,0.0,0.0,0.0,0.0,0.0,0.0,0.0,0.0,0.0,0.0,0.0,1.0,1.0,5796,577,584,579.6,2.716206504995115,579.6,8.511543273925782e-06,10,0.0366045138818748,7.918367346938775
0.0,47,63.5,532.2248023652721,0.0,0.0,0.0,0.0,0.0,0.0,0.0,0,0,0,0,0,0.0187890529632568,0.0,0.0,0.0,0.0,0.0,0.0,0.0,0.0,0.0,0.0,0.0,0.0,0.0,1.0,1.0,5790,577,584,579.0,2.6666666666666665,579.0,0.0018791913986206,10,0.0365843333333333,10.8
0.0,47,63.5,158875.15151515152,0.0,0.0,0.0,0.0,0.0,0.0,0.0,0,0,0,0,0,6.29425048828125e-05,0.0,0.0,0.0,0.0,0.0,0.0,0.0,0.0,0.0,0.0,0.0,0.0,0.0,1.0,1.0,5780,578,578,578.0,0.0,578.0,7.390975952148437e-06,10,0.0,0.0
0.0,47,63.5,169809.87854251012,0.0,0.0,0.0,0.0,0.0,0.0,0.0,0,0,0,0,0,5.888938903808594e-05,0.0,0.0,0.0,0.0,0.0,0.0,0.0,0.0,0.0,0.0,0.0,0.0,0.0,1.0,1.0,5780,578,578,578.0,0.0,578.0,6.198883056640625e-06,10,0.0,0.0
0.0,47,63.5,175493.8912133891,0.0,0.0,0.0,0.0,0.0,0.0,0.0,0,0,0,0,0,5.698204040527344e-05,0.0,0.0,0.0,0.0,0.0,0.0,0.0,0.0,0.0,0.0,0.0,0.0,0.0,1.0,1.0,5780,578,578,578.0,0.0,578.0,6.008148193359375e-06,10,0.0,0.0
0.0,47,63.5,161319.38461538462,0.0,0.0,0.0,0.0,0.0,0.0,0.0,0,0,0,0,0,6.198883056640625e-05,0.0,0.0,0.0,0.0,0.0,0.0,0.0,0.0,0.0,0.0,0.0,0.0,0.0,1.0,1.0,5679,518,597,567.9,26.958610251024936,567.9,6.604194641113281e-06,10,0.1470235694718575,654.09
0.0,47,63.5,175493.8912133891,0.0,0.0,0.0,0.0,0.0,0.0,0.0,0,0,0,0,0,5.698204040527344e-05,0.0,0.0,0.0,0.0,0.0,0.0,0.0,0.0,0.0,0.0,0.0,0.0,0.0,1.0,1.0,5546,547,597,554.6,15.093780912091653,554.6,6.008148193359375e-06,10,0.0927705425923496,484.0
0.0,47,63.5,178481.02127659574,0.0,0.0,0.0,0.0,0.0,0.0,0.0,0,0,0,0,0,5.602836608886719e-05,0.0,0.0,0.0,0.0,0.0,0.0,0.0,0.0,0.0,0.0,0.0,0.0,0.0,1.0,1.0,5485,544,556,548.5,3.3082388735465345,548.5,5.984306335449219e-06,10,0.0930819741875279,9.85
0.0,47,63.5,15335.663619744058,0.0,0.0,0.0,0.0,0.0,0.0,0.0,0,0,0,0,0,0.0006520748138427,0.0,0.0,0.0,0.0,0.0,0.0,0.0,0.0,0.0,0.0,0.0,0.0,0.0,1.0,1.0,5537,549,559,553.7,3.020301677353145,553.7,6.551742553710938e-05,10,0.0844440300912866,8.209999999999999
0.0,47,63.5,1983.68520620507,0.0,0.0,0.0,0.0,0.0,0.0,0.0,0,0,0,0,0,0.0050411224365234,0.0,0.0,0.0,0.0,0.0,0.0,0.0,0.0,0.0,0.0,0.0,0.0,0.0,1.0,1.0,5599,549,578,559.9,12.801475609388856,559.9,0.0005043983459472,10,0.0884284891042407,147.48999999999998
0.0,47,63.5,100102.72076372316,0.0,0.0,0.0,0.0,0.0,0.0,0.0,0,0,0,0,0,9.989738464355467e-05,0.0,0.0,0.0,0.0,0.0,0.0,0.0,0.0,0.0,0.0,0.0,0.0,0.0,1.0,1.0,5780,578,578,578.0,0.0,578.0,1.068115234375e-05,10,0.0,0.0
0.0,47,63.5,48.41982044174978,0.0,0.0,0.0,0.0,0.0,0.0,0.0,0,0,0,0,0,0.2065269947052002,0.0,0.0,0.0,0.0,0.0,0.0,0.0,0.0,0.0,0.0,0.0,0.0,0.0,1.0,1.0,5780,578,578,578.0,0.0,578.0,0.0206533193588256,10,0.0,0.0
0.0,47,63.5,11.65445732621557,0.0,0.0,0.0,0.0,0.0,0.0,0.0,0,0,0,0,0,0.8580408096313477,0.0,0.0,0.0,0.0,0.0,0.0,0.0,0.0,0.0,0.0,0.0,0.0,0.0,1.0,1.0,5780,578,578,578.0,0.0,578.0,0.0858066797256469,10,0.0,0.0
0.0,47,63.5,118.49186663427255,0.0,0.0,0.0,0.0,0.0,0.0,0.0,0,0,0,0,0,0.0843939781188964,0.0,0.0,0.0,0.0,0.0,0.0,0.0,0.0,0.0,0.0,0.0,0.0,0.0,1.0,1.0,5716,534,602,571.6,21.182802248784533,571.6,0.008442211151123,10,0.1174046563240648,403.84
0.0,47,63.5,223.76781903542468,0.0,0.0,0.0,0.0,0.0,0.0,0.0,0,0,0,0,0,0.0446891784667968,0.0,0.0,0.0,0.0,0.0,0.0,0.0,0.0,0.0,0.0,0.0,0.0,0.0,1.0,1.0,5593,550,602,559.3,15.585249436566617,559.3,0.0044707059860229,10,0.0878583572104798,441.0
0.0,47,63.5,921.9061016353086,0.0,0.0,0.0,0.0,0.0,0.0,0.0,0,0,0,0,0,0.0108470916748046,0.0,0.0,0.0,0.0,0.0,0.0,0.0,0.0,0.0,0.0,0.0,0.0,0.0,1.0,1.0,5581,551,567,558.1,6.314885412877874,558.1,0.0010880947113037,10,0.0823778517217899,51.84
0.0,47,63.5,74499.18294849023,0.0,0.0,0.0,0.0,0.0,0.0,0.0,0,0,0,0,0,0.0001342296600341,0.0,0.0,0.0,0.0,0.0,0.0,0.0,0.0,0.0,0.0,0.0,0.0,0.0,1.0,1.0,5542,545,562,554.2,5.633234713140696,554.2,1.4209747314453124e-05,10,0.092324954492745,31.728395061728392
0.0,47,63.5,67108.864,0.0,0.0,0.0,0.0,0.0,0.0,0.0,0,0,0,0,0,0.0001490116119384,0.0,0.0,0.0,0.0,0.0,0.0,0.0,0.0,0.0,0.0,0.0,0.0,0.0,1.0,1.0,5642,554,614,564.2,17.868656605601018,564.2,1.5687942504882812e-05,10,0.0819720059548576,287.36
0.0,47,63.5,954.8350672706993,0.0,0.0,0.0,0.0,0.0,0.0,0.0,0,0,0,0,0,0.0104730129241943,0.0,0.0,0.0,0.0,0.0,0.0,0.0,0.0,0.0,0.0,0.0,0.0,0.0,1.0,1.0,5971,575,653,597.1,31.680523284118205,597.1,0.0010481119155883,10,0.0518116779650184,1225.25
0.0,47,63.5,2513.817201078813,0.0,0.0,0.0,0.0,0.0,0.0,0.0,0,0,0,0,0,0.0039780139923095,0.0,0.0,0.0,0.0,0.0,0.0,0.0,0.0,0.0,0.0,0.0,0.0,0.0,1.0,1.0,5782,575,585,578.2,2.936362072739366,578.2,0.0004005908966064,10,0.0401024564539511,13.5
0.0,47,63.5,172605.10288065844,0.0,0.0,0.0,0.0,0.0,0.0,0.0,0,0,0,0,0,5.793571472167969e-05,0.0,0.0,0.0,0.0,0.0,0.0,0.0,0.0,0.0,0.0,0.0,0.0,0.0,1.0,1.0,5780,575,581,578.0,1.8257418583505536,578.0,6.29425048828125e-06,10,0.0396500342034177,4.0
0.0,47,63.5,12807.035114503817,0.0,0.0,0.0,0.0,0.0,0.0,0.0,0,0,0,0,0,0.0007808208465576,0.0,0.0,0.0,0.0,0.0,0.0,0.0,0.0,0.0,0.0,0.0,0.0,0.0,1.0,1.0,5898,556,639,589.8,31.108412581379547,589.8,7.839202880859375e-05,10,0.0839570929491507,870.96
0.0,47,63.5,2169.1683905668183,0.0,0.0,0.0,0.0,0.0,0.0,0.0,0,0,0,0,0,0.0046100616455078,0.0,0.0,0.0,0.0,0.0,0.0,0.0,0.0,0.0,0.0,0.0,0.0,0.0,1.0,1.0,5853,578,619,585.3,12.000462954032692,585.3,0.0004628181457519,10,0.0386824185889547,361.0
0.0,47,63.5,439.09758063671865,0.0,0.0,0.0,0.0,0.0,0.0,0.0,0,0,0,0,0,0.0227739810943603,0.0,0.0,0.0,0.0,0.0,0.0,0.0,0.0,0.0,0.0,0.0,0.0,0.0,1.0,1.0,5815,578,585,581.5,1.7159383568311668,581.5,0.0022791862487792,10,0.0344929146490387,4.0
0.0,47,63.5,9795.198505371322,0.0,0.0,0.0,0.0,0.0,0.0,0.0,0,0,0,0,0,0.0010209083557128,0.0,0.0,0.0,0.0,0.0,0.0,0.0,0.0,0.0,0.0,0.0,0.0,0.0,1.0,1.0,5837,580,586,583.7,2.2632326929023945,583.7,0.0001029014587402,10,0.0313076004697807,6.25
0.0,47,63.5,14836.590024761232,0.0,0.0,0.0,0.0,0.0,0.0,0.0,0,0,0,0,0,0.0006740093231201,0.0,0.0,0.0,0.0,0.0,0.0,0.0,0.0,0.0,0.0,0.0,0.0,0.0,1.0,1.0,5782,548,614,578.2,18.978350238568623,578.2,6.780624389648437e-05,10,0.0926488307531833,324.16
0.0,47,63.5,88487.42616033755,0.0,0.0,0.0,0.0,0.0,0.0,0.0,0,0,0,0,0,0.0001130104064941,0.0,0.0,0.0,0.0,0.0,0.0,0.0,0.0,0.0,0.0,0.0,0.0,0.0,1.0,1.0,5830,576,614,583.0,11.00504934614612,583.0,1.2493133544921876e-05,10,0.0416851869016461,306.25
0.0,47,63.5,2778.6048360384234,0.0,0.0,0.0,0.0,0.0,0.0,0.0,0,0,0,0,0,0.003598928451538,0.0,0.0,0.0,0.0,0.0,0.0,0.0,0.0,0.0,0.0,0.0,0.0,0.0,1.0,1.0,5771,571,584,577.1,4.408325456829761,577.1,0.0003618955612182,10,0.0475185954580942,34.160000000000004
0.0,47,63.5,444.2083412763975,0.0,0.0,0.0,0.0,0.0,0.0,0.0,0,0,0,0,0,0.0225119590759277,0.0,0.0,0.0,0.0,0.0,0.0,0.0,0.0,0.0,0.0,0.0,0.0,0.0,1.0,1.0,5797,577,582,579.7,2.1628170930011112,579.7,0.0022521018981933,10,0.0363790851710049,4.320987654320987
0.0,47,63.5,2284.728183898028,0.0,0.0,0.0,0.0,0.0,0.0,0.0,0,0,0,0,0,0.0043768882751464,0.0,0.0,0.0,0.0,0.0,0.0,0.0,0.0,0.0,0.0,0.0,0.0,0.0,1.0,1.0,5784,555,618,578.4,17.26396375240763,578.4,0.0004409074783325,10,0.0800215482741808,268.24
0.0,47,63.5,56833.38753387534,0.0,0.0,0.0,0.0,0.0,0.0,0.0,0,0,0,0,0,0.0001759529113769,0.0,0.0,0.0,0.0,0.0,0.0,0.0,0.0,0.0,0.0,0.0,0.0,0.0,1.0,1.0,5851,579,618,585.1,11.666190466471908,585.1,1.850128173828125e-05,10,0.036842119348422,342.25
0.0,47,63.5,54684.5371577575,0.0,0.0,0.0,0.0,0.0,0.0,0.0,0,0,0,0,0,0.0001828670501708,0.0,0.0,0.0,0.0,0.0,0.0,0.0,0.0,0.0,0.0,0.0,0.0,0.0,1.0,1.0,5797,576,584,579.7,3.0930028559098792,579.7,1.919269561767578e-05,10,0.0384621356433834,12.96
0.0,47,63.5,59158.02538787024,0.0,0.0,0.0,0.0,0.0,0.0,0.0,0,0,0,0,0,0.000169038772583,0.0,0.0,0.0,0.0,0.0,0.0,0.0,0.0,0.0,0.0,0.0,0.0,0.0,1.0,1.0,5801,577,583,580.1,2.5144029554194813,580.1,1.8310546875e-05,10,0.0365223071879196,6.775510204081633
0.0,47,63.5,66156.214511041,0.0,0.0,0.0,0.0,0.0,0.0,0.0,0,0,0,0,0,0.0001511573791503,0.0,0.0,0.0,0.0,0.0,0.0,0.0,0.0,0.0,0.0,0.0,0.0,0.0,1.0,1.0,5769,575,579,576.9,1.3703203194062976,576.9,1.590251922607422e-05,10,0.0394645136853134,1.734375
0.0,47,63.5,66682.09856915739,0.0,0.0,0.0,0.0,0.0,0.0,0.0,0,0,0,0,0,0.0001499652862548,0.0,0.0,0.0,0.0,0.0,0.0,0.0,0.0,0.0,0.0,0.0,0.0,0.0,1.0,1.0,5780,578,578,578.0,0.0,578.0,1.590251922607422e-05,10,0.0,0.0
0.0,47,63.5,3603.663544978091,0.0,0.0,0.0,0.0,0.0,0.0,0.0,0,0,0,0,0,0.002774953842163,0.0,0.0,0.0,0.0,0.0,0.0,0.0,0.0,0.0,0.0,0.0,0.0,0.0,1.0,1.0,5780,578,578,578.0,0.0,578.0,0.0002790927886962,10,0.0,0.0
0.0,47,63.5,3081.554624935714,0.0,0.0,0.0,0.0,0.0,0.0,0.0,0,0,0,0,0,0.0032451152801513,0.0,0.0,0.0,0.0,0.0,0.0,0.0,0.0,0.0,0.0,0.0,0.0,0.0,1.0,1.0,5780,578,578,578.0,0.0,578.0,0.0003252029418945,10,0.0,0.0
0.0,47,63.5,1902.9554012975816,0.0,0.0,0.0,0.0,0.0,0.0,0.0,0,0,0,0,0,0.0052549839019775,0.0,0.0,0.0,0.0,0.0,0.0,0.0,0.0,0.0,0.0,0.0,0.0,0.0,1.0,1.0,5804,565,628,580.4,17.57649946187617,580.4,0.0005261898040771,10,0.0631075628207898,278.04
0.0,47,63.5,1123.4843168242571,0.0,0.0,0.0,0.0,0.0,0.0,0.0,0,0,0,0,0,0.0089008808135986,0.0,0.0,0.0,0.0,0.0,0.0,0.0,0.0,0.0,0.0,0.0,0.0,0.0,1.0,1.0,5841,571,628,584.1,16.079317287883974,584.1,0.0008908987045288,10,0.0522728906903924,812.25
0.0,47,63.5,1440.3021874248825,0.0,0.0,0.0,0.0,0.0,0.0,0.0,0,0,0,0,0,0.0069429874420166,0.0,0.0,0.0,0.0,0.0,0.0,0.0,0.0,0.0,0.0,0.0,0.0,0.0,1.0,1.0,5814,576,587,581.4,3.806427312965386,581.4,0.000697112083435,10,0.0387527562302096,14.17283950617284
0.0,47,63.5,2653.9508985067077,0.0,0.0,0.0,0.0,0.0,0.0,0.0,0,0,0,0,0,0.003767967224121,0.0,0.0,0.0,0.0,0.0,0.0,0.0,0.0,0.0,0.0,0.0,0.0,0.0,1.0,1.0,5841,580,588,584.1,2.7264140062238043,584.1,0.0003775835037231,10,0.0314962820095753,6.69
0.0,47,63.5,861.1826544021025,0.0,0.0,0.0,0.0,0.0,0.0,0.0,0,0,0,0,0,0.0116119384765625,0.0,0.0,0.0,0.0,0.0,0.0,0.0,0.0,0.0,0.0,0.0,0.0,0.0,1.0,1.0,5731,518,597,573.1,29.42202500773112,573.1,0.0011629104614257,10,0.1480270661071493,795.1358024691358
0.0,47,63.5,2302.032930845225,0.0,0.0,0.0,0.0,0.0,0.0,0.0,0,0,0,0,0,0.0043439865112304,0.0,0.0,0.0,0.0,0.0,0.0,0.0,0.0,0.0,0.0,0.0,0.0,0.0,1.0,1.0,5564,545,597,556.4,14.901155809011748,556.4,0.0004379987716674,10,0.096100334830359,576.0
0.0,47,63.5,97997.7570093458,0.0,0.0,0.0,0.0,0.0,0.0,0.0,0,0,0,0,0,0.0001020431518554,0.0,0.0,0.0,0.0,0.0,0.0,0.0,0.0,0.0,0.0,0.0,0.0,0.0,1.0,1.0,5527,545,556,552.7,3.198958163736021,552.7,1.0704994201660156e-05,10,0.0913333275975795,16.0
0.0,47,63.5,9337.27515583259,0.0,0.0,0.0,0.0,0.0,0.0,0.0,0,0,0,0,0,0.0010709762573242,0.0,0.0,0.0,0.0,0.0,0.0,0.0,0.0,0.0,0.0,0.0,0.0,0.0,1.0,1.0,5522,544,560,552.2,5.072803301265814,552.2,0.0001076936721801,10,0.0938007871528036,28.8
0.0,47,63.5,904.393125902926,0.0,0.0,0.0,0.0,0.0,0.0,0.0,0,0,0,0,0,0.0110571384429931,0.0,0.0,0.0,0.0,0.0,0.0,0.0,0.0,0.0,0.0,0.0,0.0,0.0,1.0,1.0,5659,544,633,565.9,25.24304084517377,565.9,0.001106309890747,10,0.1020173351186899,573.49
0.0,47,63.5,158275.62264150943,0.0,0.0,0.0,0.0,0.0,0.0,0.0,0,0,0,0,0,6.318092346191406e-05,0.0,0.0,0.0,0.0,0.0,0.0,0.0,0.0,0.0,0.0,0.0,0.0,0.0,1.0,1.0,5852,575,633,585.2,17.171035042898385,585.2,7.200241088867187e-06,10,0.0459010928350751,702.25
0.0,47,63.5,179243.7606837607,0.0,0.0,0.0,0.0,0.0,0.0,0.0,0,0,0,0,0,5.5789947509765625e-05,0.0,0.0,0.0,0.0,0.0,0.0,0.0,0.0,0.0,0.0,0.0,0.0,0.0,1.0,1.0,5801,572,585,580.1,5.300943312279427,580.1,5.984306335449219e-06,10,0.0461780822676901,42.25
0.0,47,63.5,178481.02127659574,0.0,0.0,0.0,0.0,0.0,0.0,0.0,0,0,0,0,0,5.602836608886719e-05,0.0,0.0,0.0,0.0,0.0,0.0,0.0,0.0,0.0,0.0,0.0,0.0,0.0,1.0,1.0,5813,575,585,581.3,3.622460796505909,581.3,6.008148193359375e-06,10,0.0403819456300647,11.81
0.0,47,63.5,1058.6597339660264,0.0,0.0,0.0,0.0,0.0,0.0,0.0,0,0,0,0,0,0.0094459056854248,0.0,0.0,0.0,0.0,0.0,0.0,0.0,0.0,0.0,0.0,0.0,0.0,0.0,1.0,1.0,5791,575,581,579.1,1.852925614624973,579.1,0.0009449005126953,10,0.0396611077783736,6.25
0.0,47,63.5,10140.967117988395,0.0,0.0,0.0,0.0,0.0,0.0,0.0,0,0,0,0,0,0.000986099243164,0.0,0.0,0.0,0.0,0.0,0.0,0.0,0.0,0.0,0.0,0.0,0.0,0.0,1.0,1.0,5780,578,578,578.0,0.0,578.0,0.0001006126403808,10,0.0,0.0
0.0,47,63.5,1492.7942484962807,0.0,0.0,0.0,0.0,0.0,0.0,0.0,0,0,0,0,0,0.0066988468170166,0.0,0.0,0.0,0.0,0.0,0.0,0.0,0.0,0.0,0.0,0.0,0.0,0.0,1.0,1.0,5780,578,578,578.0,0.0,578.0,0.0006704807281494,10,0.0,0.0
0.0,47,63.5,602.4740727972651,0.0,0.0,0.0,0.0,0.0,0.0,0.0,0,0,0,0,0,0.0165982246398925,0.0,0.0,0.0,0.0,0.0,0.0,0.0,0.0,0.0,0.0,0.0,0.0,0.0,1.0,1.0,5780,578,578,578.0,0.0,578.0,0.001660418510437,10,0.0,0.0
0.0,47,63.5,64133.08868501529,0.0,0.0,0.0,0.0,0.0,0.0,0.0,0,0,0,0,0,0.0001559257507324,0.0,0.0,0.0,0.0,0.0,0.0,0.0,0.0,0.0,0.0,0.0,0.0,0.0,1.0,1.0,5528,454,578,552.8,52.08710652999134,552.8,1.6283988952636718e-05,10,0.2663242337160573,2657.58024691358
0.0,47,63.5,72440.48359240069,0.0,0.0,0.0,0.0,0.0,0.0,0.0,0,0,0,0,0,0.0001380443572998,0.0,0.0,0.0,0.0,0.0,0.0,0.0,0.0,0.0,0.0,0.0,0.0,0.0,1.0,1.0,5387,519,574,538.7,15.180762680298889,538.7,1.4710426330566409e-05,10,0.1405216154854466,309.36
0.0,47,63.5,225.7077205387749,0.0,0.0,0.0,0.0,0.0,0.0,0.0,0,0,0,0,0,0.0443050861358642,0.0,0.0,0.0,0.0,0.0,0.0,0.0,0.0,0.0,0.0,0.0,0.0,0.0,1.0,1.0,5357,519,541,535.7,6.3779132776934,535.7,0.0044312000274658,10,0.1369356867528012,81.0
0.0,47,63.5,109798.5340314136,0.0,0.0,0.0,0.0,0.0,0.0,0.0,0,0,0,0,0,9.107589721679688e-05,0.0,0.0,0.0,0.0,0.0,0.0,0.0,0.0,0.0,0.0,0.0,0.0,0.0,1.0,1.0,5329,523,543,532.9,8.1574778237176,532.9,9.894371032714844e-06,10,0.1308440901662697,59.89
0.0,47,63.5,64133.08868501529,0.0,0.0,0.0,0.0,0.0,0.0,0.0,0,0,0,0,0,0.0001559257507324,0.0,0.0,0.0,0.0,0.0,0.0,0.0,0.0,0.0,0.0,0.0,0.0,0.0,1.0,1.0,5310,502,591,531.0,25.09537363295828,531.0,1.5997886657714842e-05,10,0.1735306414031219,566.8
0.0,47,63.5,62883.11844077961,0.0,0.0,0.0,0.0,0.0,0.0,0.0,0,0,0,0,0,0.0001590251922607,0.0,0.0,0.0,0.0,0.0,0.0,0.0,0.0,0.0,0.0,0.0,0.0,0.0,1.0,1.0,5502,541,591,550.2,14.68786347067991,550.2,1.6808509826660156e-05,10,0.1028299680634162,625.0
0.0,47,63.5,64927.30650154799,0.0,0.0,0.0,0.0,0.0,0.0,0.0,0,0,0,0,0,0.0001540184020996,0.0,0.0,0.0,0.0,0.0,0.0,0.0,0.0,0.0,0.0,0.0,0.0,0.0,1.0,1.0,5485,543,555,548.5,4.116363011742823,548.5,1.6283988952636718e-05,10,0.0951153016364635,15.25
0.0,47,63.5,60963.72093023256,0.0,0.0,0.0,0.0,0.0,0.0,0.0,0,0,0,0,0,0.0001640319824218,0.0,0.0,0.0,0.0,0.0,0.0,0.0,0.0,0.0,0.0,0.0,0.0,0.0,1.0,1.0,5451,541,550,545.1,3.6347092196090616,545.1,1.7309188842773436e-05,10,0.0983273551477,11.89
0.0,47,63.5,60963.72093023256,0.0,0.0,0.0,0.0,0.0,0.0,0.0,0,0,0,0,0,0.0001640319824218,0.0,0.0,0.0,0.0,0.0,0.0,0.0,0.0,0.0,0.0,0.0,0.0,0.0,1.0,1.0,5547,541,614,554.7,21.05046845612283,554.7,1.7404556274414062e-05,10,0.1054218388302862,398.81000000000006
0.0,47,63.5,66260.72669826224,0.0,0.0,0.0,0.0,0.0,0.0,0.0,0,0,0,0,0,0.0001509189605712,0.0,0.0,0.0,0.0,0.0,0.0,0.0,0.0,0.0,0.0,0.0,0.0,0.0,1.0,1.0,5838,574,614,583.8,11.272385136547928,583.8,1.5997886657714842e-05,10,0.0452023488092241,272.25
0.0,47,63.5,43690.66666666666,0.0,0.0,0.0,0.0,0.0,0.0,0.0,0,0,0,0,0,0.0002288818359375,0.0,0.0,0.0,0.0,0.0,0.0,0.0,0.0,0.0,0.0,0.0,0.0,0.0,1.0,1.0,5794,577,584,579.4,2.6331223544175333,579.4,2.3794174194335937e-05,10,0.0365706687222955,9.84
0.0,47,63.5,780.1469412049179,0.0,0.0,0.0,0.0,0.0,0.0,0.0,0,0,0,0,0,0.0128180980682373,0.0,0.0,0.0,0.0,0.0,0.0,0.0,0.0,0.0,0.0,0.0,0.0,0.0,1.0,1.0,5792,575,583,579.2,2.780887148615228,579.2,0.0012829065322875,10,0.0400391221888599,7.65432098765432
0.0,47,63.5,836.1183318714616,0.0,0.0,0.0,0.0,0.0,0.0,0.0,0,0,0,0,0,0.0119600296020507,0.0,0.0,0.0,0.0,0.0,0.0,0.0,0.0,0.0,0.0,0.0,0.0,0.0,1.0,1.0,5766,549,614,576.6,18.20988742414406,576.6,0.0011993885040283,10,0.0906316597410994,298.44
0.0,47,63.5,100102.72076372316,0.0,0.0,0.0,0.0,0.0,0.0,0.0,0,0,0,0,0,9.989738464355467e-05,0.0,0.0,0.0,0.0,0.0,0.0,0.0,0.0,0.0,0.0,0.0,0.0,0.0,1.0,1.0,5820,576,614,582.0,11.460075625114056,582.0,1.0609626770019531e-05,10,0.0418705464066464,289.0
0.0,47,63.5,98922.2641509434,0.0,0.0,0.0,0.0,0.0,0.0,0.0,0,0,0,0,0,0.000101089477539,0.0,0.0,0.0,0.0,0.0,0.0,0.0,0.0,0.0,0.0,0.0,0.0,0.0,1.0,1.0,5780,575,581,578.0,2.70801280154532,578.0,1.0704994201660156e-05,10,0.0400094360948375,7.333333333333333
0.0,47,63.5,102051.19221411191,0.0,0.0,0.0,0.0,0.0,0.0,0.0,0,0,0,0,0,9.79900360107422e-05,0.0,0.0,0.0,0.0,0.0,0.0,0.0,0.0,0.0,0.0,0.0,0.0,0.0,1.0,1.0,5779,575,582,577.9,2.558211180579986,577.9,1.02996826171875e-05,10,0.0399484129065211,8.204081632653061
0.0,47,63.5,2501.821652251715,0.0,0.0,0.0,0.0,0.0,0.0,0.0,0,0,0,0,0,0.0039970874786376,0.0,0.0,0.0,0.0,0.0,0.0,0.0,0.0,0.0,0.0,0.0,0.0,0.0,1.0,1.0,5188,420,579,518.8,55.52136725822071,518.8,0.0004003047943115,10,0.3256636341663089,6320.25
0.0,47,63.5,1675.3091548170637,0.0,0.0,0.0,0.0,0.0,0.0,0.0,0,0,0,0,0,0.0059690475463867,0.0,0.0,0.0,0.0,0.0,0.0,0.0,0.0,0.0,0.0,0.0,0.0,0.0,1.0,1.0,5297,514,540,529.7,9.38142372516619,529.7,0.0005980014801025,10,0.1466798467686836,96.24489795918366
0.0,47,63.5,2261.446055965924,0.0,0.0,0.0,0.0,0.0,0.0,0.0,0,0,0,0,0,0.0044219493865966,0.0,0.0,0.0,0.0,0.0,0.0,0.0,0.0,0.0,0.0,0.0,0.0,0.0,1.0,1.0,5174,496,540,517.4,14.307729068972163,517.4,0.0004425764083862,10,0.1793609665135365,214.77551020408163
0.0,47,63.5,1795.968142502355,0.0,0.0,0.0,0.0,0.0,0.0,0.0,0,0,0,0,0,0.0055680274963378,0.0,0.0,0.0,0.0,0.0,0.0,0.0,0.0,0.0,0.0,0.0,0.0,0.0,1.0,1.0,5222,509,538,522.2,10.47536793307678,522.2,0.0005574226379394,10,0.1556461258812181,100.6938775510204
0.0,47,63.5,4102.00880195599,0.0,0.0,0.0,0.0,0.0,0.0,0.0,0,0,0,0,0,0.0024378299713134,0.0,0.0,0.0,0.0,0.0,0.0,0.0,0.0,0.0,0.0,0.0,0.0,0.0,1.0,1.0,5740,538,578,574.0,12.649110640673518,574.0,0.0002453804016113,10,0.1071118517105847,400.0
0.0,47,63.5,3178.707086017431,0.0,0.0,0.0,0.0,0.0,0.0,0.0,0,0,0,0,0,0.0031459331512451,0.0,0.0,0.0,0.0,0.0,0.0,0.0,0.0,0.0,0.0,0.0,0.0,0.0,1.0,1.0,5780,578,578,578.0,0.0,578.0,0.0003149986267089,10,0.0,0.0
0.0,47,63.5,2284.728183898028,0.0,0.0,0.0,0.0,0.0,0.0,0.0,0,0,0,0,0,0.0043768882751464,0.0,0.0,0.0,0.0,0.0,0.0,0.0,0.0,0.0,0.0,0.0,0.0,0.0,1.0,1.0,5780,578,578,578.0,0.0,578.0,0.0004388093948364,10,0.0,0.0
0.0,47,63.5,1802.7611106335423,0.0,0.0,0.0,0.0,0.0,0.0,0.0,0,0,0,0,0,0.0055470466613769,0.0,0.0,0.0,0.0,0.0,0.0,0.0,0.0,0.0,0.0,0.0,0.0,0.0,1.0,1.0,5780,578,578,578.0,0.0,578.0,0.0005552053451538,10,0.0,0.0
0.0,47,63.5,975.2380952380952,0.0,0.0,0.0,0.0,0.0,0.0,0.0,0,0,0,0,0,0.01025390625,0.0,0.0,0.0,0.0,0.0,0.0,0.0,0.0,0.0,0.0,0.0,0.0,0.0,1.0,1.0,5856,563,626,585.6,22.52011446586264,585.6,0.0010262966156005,10,0.0685296538288138,837.36
0.0,47,63.5,8612.533880903491,0.0,0.0,0.0,0.0,0.0,0.0,0.0,0,0,0,0,0,0.0011610984802246,0.0,0.0,0.0,0.0,0.0,0.0,0.0,0.0,0.0,0.0,0.0,0.0,0.0,1.0,1.0,5798,579,581,579.8,0.7888106377466155,579.8,0.0001198053359985,10,0.0,0.6172839506172839
0.0,47,63.5,3411.66748007158,0.0,0.0,0.0,0.0,0.0,0.0,0.0,0,0,0,0,0,0.0029311180114746,0.0,0.0,0.0,0.0,0.0,0.0,0.0,0.0,0.0,0.0,0.0,0.0,0.0,1.0,1.0,5820,577,587,582.0,3.80058475033046,582.0,0.0002933979034423,10,0.0370462462038946,20.64
0.0,47,63.5,1665.5299209784378,0.0,0.0,0.0,0.0,0.0,0.0,0.0,0,0,0,0,0,0.0060040950775146,0.0,0.0,0.0,0.0,0.0,0.0,0.0,0.0,0.0,0.0,0.0,0.0,0.0,1.0,1.0,5805,572,587,580.5,5.562773089426212,580.5,0.0006016969680786,10,0.0462847412457086,27.85
0.0,47,63.5,626.0902794363506,0.0,0.0,0.0,0.0,0.0,0.0,0.0,0,0,0,0,0,0.0159721374511718,0.0,0.0,0.0,0.0,0.0,0.0,0.0,0.0,0.0,0.0,0.0,0.0,0.0,1.0,1.0,5298,452,587,529.8,46.40593831732218,529.8,0.0015989065170288,10,0.2674182130329444,4556.25
0.0,47,63.5,25450.873786407767,0.0,0.0,0.0,0.0,0.0,0.0,0.0,0,0,0,0,0,0.0003929138183593,0.0,0.0,0.0,0.0,0.0,0.0,0.0,0.0,0.0,0.0,0.0,0.0,0.0,1.0,1.0,5289,519,536,528.9,6.172519744804386,528.9,5.788803100585938e-05,10,0.1368520176432436,34.29
0.0,47,63.5,167103.74501992032,0.0,0.0,0.0,0.0,0.0,0.0,0.0,0,0,0,0,0,5.984306335449219e-05,0.0,0.0,0.0,0.0,0.0,0.0,0.0,0.0,0.0,0.0,0.0,0.0,0.0,1.0,1.0,5358,526,546,535.8,8.230026326405847,535.8,6.29425048828125e-06,10,0.1257612535243246,70.33333333333333
0.0,47,63.5,38.95445426851921,0.0,0.0,0.0,0.0,0.0,0.0,0.0,0,0,0,0,0,0.2567100524902344,0.0,0.0,0.0,0.0,0.0,0.0,0.0,0.0,0.0,0.0,0.0,0.0,0.0,1.0,1.0,5285,517,544,528.5,8.383184226639527,528.5,0.0256713151931762,10,0.1411608139265638,63.25
0.0,47,63.5,470.1660146397785,0.0,0.0,0.0,0.0,0.0,0.0,0.0,0,0,0,0,0,0.0212690830230712,0.0,0.0,0.0,0.0,0.0,0.0,0.0,0.0,0.0,0.0,0.0,0.0,0.0,1.0,1.0,5779,539,616,577.9,25.17692947477467,577.9,0.0021306037902832,10,0.1105110539908442,1125.0400000000002
0.0,47,63.5,346.848816631659,0.0,0.0,0.0,0.0,0.0,0.0,0.0,0,0,0,0,0,0.0288310050964355,0.0,0.0,0.0,0.0,0.0,0.0,0.0,0.0,0.0,0.0,0.0,0.0,0.0,1.0,1.0,5810,578,584,581.0,2.260776661041756,581.0,0.0028854846954345,10,0.0347148599806419,4.6
0.0,47,63.5,958.1286549707602,0.0,0.0,0.0,0.0,0.0,0.0,0.0,0,0,0,0,0,0.01043701171875,0.0,0.0,0.0,0.0,0.0,0.0,0.0,0.0,0.0,0.0,0.0,0.0,0.0,1.0,1.0,5777,572,582,577.7,3.802046232695699,577.7,0.0010455131530761,10,0.0455674915533509,20.16
0.0,47,63.5,946.5390864777036,0.0,0.0,0.0,0.0,0.0,0.0,0.0,0,0,0,0,0,0.0105648040771484,0.0,0.0,0.0,0.0,0.0,0.0,0.0,0.0,0.0,0.0,0.0,0.0,0.0,1.0,1.0,5794,577,581,579.4,1.837873166945363,579.4,0.0010579824447631,10,0.0362467160132868,3.061728395061728
0.0,47,63.5,7385.638316605036,0.0,0.0,0.0,0.0,0.0,0.0,0.0,0,0,0,0,0,0.0013539791107177,0.0,0.0,0.0,0.0,0.0,0.0,0.0,0.0,0.0,0.0,0.0,0.0,0.0,1.0,1.0,5289,452,581,528.9,45.85835680537288,528.9,0.0001384019851684,10,0.2671951502282367,4160.25
0.0,47,63.5,1631.0094882563385,0.0,0.0,0.0,0.0,0.0,0.0,0.0,0,0,0,0,0,0.0061311721801757,0.0,0.0,0.0,0.0,0.0,0.0,0.0,0.0,0.0,0.0,0.0,0.0,0.0,1.0,1.0,5290,526,533,529.0,2.449489742783178,529.0,0.000615119934082,10,0.1234064941416201,7.1020408163265305
0.0,47,63.5,2008.4777091414069,0.0,0.0,0.0,0.0,0.0,0.0,0.0,0,0,0,0,0,0.0049788951873779,0.0,0.0,0.0,0.0,0.0,0.0,0.0,0.0,0.0,0.0,0.0,0.0,0.0,1.0,1.0,5357,528,543,535.7,6.700746227100382,535.7,0.0004985809326171,10,0.1217300259830716,56.25
0.0,47,63.5,2271.611785095321,0.0,0.0,0.0,0.0,0.0,0.0,0.0,0,0,0,0,0,0.0044021606445312,0.0,0.0,0.0,0.0,0.0,0.0,0.0,0.0,0.0,0.0,0.0,0.0,0.0,1.0,1.0,5326,524,545,532.6,7.515909052728677,532.6,0.0004408121109008,10,0.1288786107117196,56.17283950617284
0.0,47,63.5,408.3120625371144,0.0,0.0,0.0,0.0,0.0,0.0,0.0,0,0,0,0,0,0.0244910717010498,0.0,0.0,0.0,0.0,0.0,0.0,0.0,0.0,0.0,0.0,0.0,0.0,0.0,1.0,1.0,5544,522,598,554.4,26.90807396385784,554.4,0.0024502038955688,10,0.1401864630099171,1289.7599999999998
0.0,47,63.5,59158.02538787024,0.0,0.0,0.0,0.0,0.0,0.0,0.0,0,0,0,0,0,0.000169038772583,0.0,0.0,0.0,0.0,0.0,0.0,0.0,0.0,0.0,0.0,0.0,0.0,0.0,1.0,1.0,5534,548,557,553.4,3.3065591380365986,553.4,1.850128173828125e-05,10,0.0862647699304705,11.63265306122449
0.0,47,63.5,71943.46483704975,0.0,0.0,0.0,0.0,0.0,0.0,0.0,0,0,0,0,0,0.0001389980316162,0.0,0.0,0.0,0.0,0.0,0.0,0.0,0.0,0.0,0.0,0.0,0.0,0.0,1.0,1.0,5502,542,557,550.2,5.159672685570493,550.2,1.4781951904296877e-05,10,0.097244434265194,26.54320987654321
0.0,47,63.5,68534.37908496732,0.0,0.0,0.0,0.0,0.0,0.0,0.0,0,0,0,0,0,0.0001459121704101,0.0,0.0,0.0,0.0,0.0,0.0,0.0,0.0,0.0,0.0,0.0,0.0,0.0,1.0,1.0,5536,549,557,553.6,2.503331114069145,553.6,1.5497207641601562e-05,10,0.0842334369626272,5.76
0.0,47,63.5,646.7002790755046,0.0,0.0,0.0,0.0,0.0,0.0,0.0,0,0,0,0,0,0.01546311378479,0.0,0.0,0.0,0.0,0.0,0.0,0.0,0.0,0.0,0.0,0.0,0.0,0.0,1.0,1.0,5751,549,578,575.1,9.1706052144883,575.1,0.0015473127365112,10,0.086949417740174,210.25
0.0,47,63.5,99864.38095238096,0.0,0.0,0.0,0.0,0.0,0.0,0.0,0,0,0,0,0,0.0001001358032226,0.0,0.0,0.0,0.0,0.0,0.0,0.0,0.0,0.0,0.0,0.0,0.0,0.0,1.0,1.0,5780,578,578,578.0,0.0,578.0,1.0609626770019531e-05,10,0.0,0.0
0.0,47,63.5,1462.857142857143,0.0,0.0,0.0,0.0,0.0,0.0,0.0,0,0,0,0,0,0.0068359375,0.0,0.0,0.0,0.0,0.0,0.0,0.0,0.0,0.0,0.0,0.0,0.0,0.0,1.0,1.0,5780,578,578,578.0,0.0,578.0,0.0006840944290161,10,0.0,0.0
0.0,47,63.5,708.7726650556804,0.0,0.0,0.0,0.0,0.0,0.0,0.0,0,0,0,0,0,0.0141088962554931,0.0,0.0,0.0,0.0,0.0,0.0,0.0,0.0,0.0,0.0,0.0,0.0,0.0,1.0,1.0,5780,578,578,578.0,0.0,578.0,0.0014123916625976,10,0.0,0.0
0.0,47,63.5,81920.0,0.0,0.0,0.0,0.0,0.0,0.0,0.0,0,0,0,0,0,0.0001220703125,0.0,0.0,0.0,0.0,0.0,0.0,0.0,0.0,0.0,0.0,0.0,0.0,0.0,1.0,1.0,5144,420,578,514.4,54.703646029208045,514.4,1.2612342834472656e-05,10,0.3253305272464583,6241.0
0.0,47,63.5,1025.1262373212758,0.0,0.0,0.0,0.0,0.0,0.0,0.0,0,0,0,0,0,0.0097548961639404,0.0,0.0,0.0,0.0,0.0,0.0,0.0,0.0,0.0,0.0,0.0,0.0,0.0,1.0,1.0,5217,511,532,521.7,8.994442728707543,521.7,0.0009760856628417,10,0.1516345961899663,79.55555555555556
0.0,47,63.5,371.2233374046342,0.0,0.0,0.0,0.0,0.0,0.0,0.0,0,0,0,0,0,0.0269379615783691,0.0,0.0,0.0,0.0,0.0,0.0,0.0,0.0,0.0,0.0,0.0,0.0,0.0,1.0,1.0,5133,507,525,513.3,6.429964575675705,513.3,0.0026957035064697,10,0.1574064503695473,37.876543209876544
0.0,47,63.5,1949.6602054571651,0.0,0.0,0.0,0.0,0.0,0.0,0.0,0,0,0,0,0,0.0051290988922119,0.0,0.0,0.0,0.0,0.0,0.0,0.0,0.0,0.0,0.0,0.0,0.0,0.0,1.0,1.0,5143,503,522,514.3,7.703534542302283,514.3,0.0005167007446289,10,0.1647417718311523,53.80246913580247
0.0,47,63.5,2167.823030804217,0.0,0.0,0.0,0.0,0.0,0.0,0.0,0,0,0,0,0,0.004612922668457,0.0,0.0,0.0,0.0,0.0,0.0,0.0,0.0,0.0,0.0,0.0,0.0,0.0,1.0,1.0,5752,521,616,575.2,28.50263145746371,575.2,0.0004648923873901,10,0.1425401519505124,1438.96
0.0,47,63.5,907.0334328099996,0.0,0.0,0.0,0.0,0.0,0.0,0.0,0,0,0,0,0,0.0110249519348144,0.0,0.0,0.0,0.0,0.0,0.0,0.0,0.0,0.0,0.0,0.0,0.0,0.0,1.0,1.0,5781,572,582,578.1,3.6347092196090616,578.1,0.0011037111282348,10,0.0454993251476999,14.24
0.0,47,63.5,347.94796920626493,0.0,0.0,0.0,0.0,0.0,0.0,0.0,0,0,0,0,0,0.0287399291992187,0.0,0.0,0.0,0.0,0.0,0.0,0.0,0.0,0.0,0.0,0.0,0.0,0.0,1.0,1.0,5793,574,583,579.3,3.683295625749672,579.3,0.0028749942779541,10,0.0421108573061053,13.555555555555555
0.0,47,63.5,1446.112260377879,0.0,0.0,0.0,0.0,0.0,0.0,0.0,0,0,0,0,0,0.0069150924682617,0.0,0.0,0.0,0.0,0.0,0.0,0.0,0.0,0.0,0.0,0.0,0.0,0.0,1.0,1.0,5772,571,585,577.2,4.1041983924323695,577.2,0.0006925106048583,10,0.0473947062571413,16.0
0.0,47,63.5,1058.5528607122126,0.0,0.0,0.0,0.0,0.0,0.0,0.0,0,0,0,0,0,0.0094468593597412,0.0,0.0,0.0,0.0,0.0,0.0,0.0,0.0,0.0,0.0,0.0,0.0,0.0,1.0,1.0,5620,533,602,562.0,25.42090128658349,562.0,0.0009451866149902,10,0.1208352183481027,1001.2
0.0,47,63.5,378.4721445200411,0.0,0.0,0.0,0.0,0.0,0.0,0.0,0,0,0,0,0,0.0264220237731933,0.0,0.0,0.0,0.0,0.0,0.0,0.0,0.0,0.0,0.0,0.0,0.0,0.0,1.0,1.0,5558,550,564,555.8,5.593647190240809,555.8,0.0026432037353515,10,0.0837881781194165,33.42857142857143
0.0,47,63.5,1539.194128440367,0.0,0.0,0.0,0.0,0.0,0.0,0.0,0,0,0,0,0,0.0064969062805175,0.0,0.0,0.0,0.0,0.0,0.0,0.0,0.0,0.0,0.0,0.0,0.0,0.0,1.0,1.0,5578,553,560,557.8,2.780887148615228,557.8,0.0006520986557006,10,0.0775299821888599,6.959999999999999
0.0,47,63.5,894.3078891257995,0.0,0.0,0.0,0.0,0.0,0.0,0.0,0,0,0,0,0,0.0111818313598632,0.0,0.0,0.0,0.0,0.0,0.0,0.0,0.0,0.0,0.0,0.0,0.0,0.0,1.0,1.0,5540,547,559,554.0,4.136557881996952,554.0,0.0011189937591552,10,0.0883070082188102,16.987654320987655
0.0,47,63.5,54971.218872870246,0.0,0.0,0.0,0.0,0.0,0.0,0.0,0,0,0,0,0,0.0001819133758544,0.0,0.0,0.0,0.0,0.0,0.0,0.0,0.0,0.0,0.0,0.0,0.0,0.0,1.0,1.0,5550,518,597,555.0,26.67916373835165,555.0,1.940727233886719e-05,10,0.1469097341404549,1249.2
0.0,47,63.5,1666.3901470003973,0.0,0.0,0.0,0.0,0.0,0.0,0.0,0,0,0,0,0,0.0060009956359863,0.0,0.0,0.0,0.0,0.0,0.0,0.0,0.0,0.0,0.0,0.0,0.0,0.0,1.0,1.0,5525,547,557,552.5,3.7785946829182113,552.5,0.0006010055541992,10,0.0881611883300335,17.346938775510203
0.0,47,63.5,665.9210923235692,0.0,0.0,0.0,0.0,0.0,0.0,0.0,0,0,0,0,0,0.0150167942047119,0.0,0.0,0.0,0.0,0.0,0.0,0.0,0.0,0.0,0.0,0.0,0.0,0.0,1.0,1.0,5498,547,554,549.8,2.043961295567452,549.8,0.0015025854110717,10,0.0874545680733623,3.76
0.0,47,63.5,100102.72076372316,0.0,0.0,0.0,0.0,0.0,0.0,0.0,0,0,0,0,0,9.989738464355467e-05,0.0,0.0,0.0,0.0,0.0,0.0,0.0,0.0,0.0,0.0,0.0,0.0,0.0,1.0,1.0,5543,544,560,554.3,5.831904586934796,554.3,1.0609626770019531e-05,10,0.0941100146525337,31.28395061728395
0.0,47,63.5,90006.52360515021,0.0,0.0,0.0,0.0,0.0,0.0,0.0,0,0,0,0,0,0.0001111030578613,0.0,0.0,0.0,0.0,0.0,0.0,0.0,0.0,0.0,0.0,0.0,0.0,0.0,1.0,1.0,5158,420,563,515.8,53.08651220204411,515.8,1.170635223388672e-05,10,0.3246717716106247,4972.25
0.0,47,63.5,4063.4605696570434,0.0,0.0,0.0,0.0,0.0,0.0,0.0,0,0,0,0,0,0.0024609565734863,0.0,0.0,0.0,0.0,0.0,0.0,0.0,0.0,0.0,0.0,0.0,0.0,0.0,1.0,1.0,5204,498,535,520.4,13.01452180365371,520.4,0.0002465963363647,10,0.1754259056019364,164.0
0.0,47,63.5,4073.3262115179177,0.0,0.0,0.0,0.0,0.0,0.0,0.0,0,0,0,0,0,0.0024549961090087,0.0,0.0,0.0,0.0,0.0,0.0,0.0,0.0,0.0,0.0,0.0,0.0,0.0,1.0,1.0,5195,504,532,519.5,9.033886821911768,519.5,0.0002461910247802,10,0.1635795741357739,73.45
0.0,47,63.5,1761.2026034012176,0.0,0.0,0.0,0.0,0.0,0.0,0.0,0,0,0,0,0,0.0056779384613037,0.0,0.0,0.0,0.0,0.0,0.0,0.0,0.0,0.0,0.0,0.0,0.0,0.0,1.0,1.0,5270,514,539,527.0,9.273618495495704,527.0,0.0005695104598999,10,0.1466359312303251,85.87654320987653
0.0,47,63.5,670.3807179618323,0.0,0.0,0.0,0.0,0.0,0.0,0.0,0,0,0,0,0,0.0149168968200683,0.0,0.0,0.0,0.0,0.0,0.0,0.0,0.0,0.0,0.0,0.0,0.0,0.0,1.0,1.0,5728,526,578,572.8,16.44384383287557,572.8,0.0014922857284545,10,0.1291072342237602,676.0
0.0,47,63.5,14789.50634696756,0.0,0.0,0.0,0.0,0.0,0.0,0.0,0,0,0,0,0,0.000676155090332,0.0,0.0,0.0,0.0,0.0,0.0,0.0,0.0,0.0,0.0,0.0,0.0,0.0,1.0,1.0,5780,578,578,578.0,0.0,578.0,7.531642913818359e-05,10,0.0,0.0
0.0,47,63.5,2723.9277828289387,0.0,0.0,0.0,0.0,0.0,0.0,0.0,0,0,0,0,0,0.0036711692810058,0.0,0.0,0.0,0.0,0.0,0.0,0.0,0.0,0.0,0.0,0.0,0.0,0.0,1.0,1.0,5780,578,578,578.0,0.0,578.0,0.0003679037094116,10,0.0,0.0
0.0,47,63.5,1622.8058500348216,0.0,0.0,0.0,0.0,0.0,0.0,0.0,0,0,0,0,0,0.0061621665954589,0.0,0.0,0.0,0.0,0.0,0.0,0.0,0.0,0.0,0.0,0.0,0.0,0.0,1.0,1.0,5780,578,578,578.0,0.0,578.0,0.0006165027618408,10,0.0,0.0
0.0,47,63.5,1966.940536484712,0.0,0.0,0.0,0.0,0.0,0.0,0.0,0,0,0,0,0,0.0050840377807617,0.0,0.0,0.0,0.0,0.0,0.0,0.0,0.0,0.0,0.0,0.0,0.0,0.0,1.0,1.0,5780,578,578,578.0,0.0,578.0,0.0005091905593872,10,0.0,0.0
0.0,47,63.5,696.8671495979265,0.0,0.0,0.0,0.0,0.0,0.0,0.0,0,0,0,0,0,0.0143499374389648,0.0,0.0,0.0,0.0,0.0,0.0,0.0,0.0,0.0,0.0,0.0,0.0,0.0,1.0,1.0,5780,578,578,578.0,0.0,578.0,0.0014355897903442,10,0.0,0.0
0.0,47,63.5,92589.49227373068,0.0,0.0,0.0,0.0,0.0,0.0,0.0,0,0,0,0,0,0.000108003616333,0.0,0.0,0.0,0.0,0.0,0.0,0.0,0.0,0.0,0.0,0.0,0.0,0.0,1.0,1.0,5780,578,578,578.0,0.0,578.0,1.1801719665527344e-05,10,0.0,0.0
0.0,47,63.5,83385.76540755467,0.0,0.0,0.0,0.0,0.0,0.0,0.0,0,0,0,0,0,0.000119924545288,0.0,0.0,0.0,0.0,0.0,0.0,0.0,0.0,0.0,0.0,0.0,0.0,0.0,1.0,1.0,5780,578,578,578.0,0.0,578.0,1.239776611328125e-05,10,0.0,0.0
0.0,47,63.5,1834.2169939213716,0.0,0.0,0.0,0.0,0.0,0.0,0.0,0,0,0,0,0,0.0054519176483154,0.0,0.0,0.0,0.0,0.0,0.0,0.0,0.0,0.0,0.0,0.0,0.0,0.0,1.0,1.0,5780,578,578,578.0,0.0,578.0,0.0005458116531372,10,0.0,0.0
0.0,47,63.5,99864.38095238096,0.0,0.0,0.0,0.0,0.0,0.0,0.0,0,0,0,0,0,0.0001001358032226,0.0,0.0,0.0,0.0,0.0,0.0,0.0,0.0,0.0,0.0,0.0,0.0,0.0,1.0,1.0,5780,578,578,578.0,0.0,578.0,1.0704994201660156e-05,10,0.0,0.0
0.0,47,63.5,937.1280470094064,0.0,0.0,0.0,0.0,0.0,0.0,0.0,0,0,0,0,0,0.0106709003448486,0.0,0.0,0.0,0.0,0.0,0.0,0.0,0.0,0.0,0.0,0.0,0.0,0.0,1.0,1.0,5780,578,578,578.0,0.0,578.0,0.0010675907135009,10,0.0,0.0
0.0,47,63.5,1421.4606703494087,0.0,0.0,0.0,0.0,0.0,0.0,0.0,0,0,0,0,0,0.0070350170135498,0.0,0.0,0.0,0.0,0.0,0.0,0.0,0.0,0.0,0.0,0.0,0.0,0.0,1.0,1.0,5780,578,578,578.0,0.0,578.0,0.0007071018218994,10,0.0,0.0
0.0,47,63.5,363.2281139313952,0.0,0.0,0.0,0.0,0.0,0.0,0.0,0,0,0,0,0,0.0275309085845947,0.0,0.0,0.0,0.0,0.0,0.0,0.0,0.0,0.0,0.0,0.0,0.0,0.0,1.0,1.0,5480,492,588,548.0,34.11744421846396,548.0,0.0027560949325561,10,0.1942471720768334,2082.75
0.0,47,63.5,2397.430122892255,0.0,0.0,0.0,0.0,0.0,0.0,0.0,0,0,0,0,0,0.0041711330413818,0.0,0.0,0.0,0.0,0.0,0.0,0.0,0.0,0.0,0.0,0.0,0.0,0.0,1.0,1.0,5433,535,554,543.3,7.024560089033651,543.3,0.0004181146621704,10,0.1099330247978687,44.41
0.0,47,63.5,796.0492702461614,0.0,0.0,0.0,0.0,0.0,0.0,0.0,0,0,0,0,0,0.0125620365142822,0.0,0.0,0.0,0.0,0.0,0.0,0.0,0.0,0.0,0.0,0.0,0.0,0.0,1.0,1.0,5473,535,557,547.3,7.616502551113017,547.3,0.0012584924697875,10,0.1101741584792213,72.6938775510204
0.0,47,63.5,5500.005245213743,0.0,0.0,0.0,0.0,0.0,0.0,0.0,0,0,0,0,0,0.0018181800842285,0.0,0.0,0.0,0.0,0.0,0.0,0.0,0.0,0.0,0.0,0.0,0.0,0.0,1.0,1.0,5478,544,552,547.8,3.0110906108363245,547.8,0.0001826047897338,10,0.0929609278712302,8.16
0.0,47,63.5,636.7354870051008,0.0,0.0,0.0,0.0,0.0,0.0,0.0,0,0,0,0,0,0.0157051086425781,0.0,0.0,0.0,0.0,0.0,0.0,0.0,0.0,0.0,0.0,0.0,0.0,0.0,1.0,1.0,5752,552,578,575.2,8.16224370024702,575.2,0.0015713930130004,10,0.0814262615937326,156.25
0.0,47,63.5,906.3082607662222,0.0,0.0,0.0,0.0,0.0,0.0,0.0,0,0,0,0,0,0.0110337734222412,0.0,0.0,0.0,0.0,0.0,0.0,0.0,0.0,0.0,0.0,0.0,0.0,0.0,1.0,1.0,5780,578,578,578.0,0.0,578.0,0.0011046886444091,10,0.0,0.0
0.0,47,63.5,968.3483400286282,0.0,0.0,0.0,0.0,0.0,0.0,0.0,0,0,0,0,0,0.010326862335205,0.0,0.0,0.0,0.0,0.0,0.0,0.0,0.0,0.0,0.0,0.0,0.0,0.0,1.0,1.0,5780,578,578,578.0,0.0,578.0,0.0010338068008422,10,0.0,0.0
0.0,47,63.5,1983.7790285200776,0.0,0.0,0.0,0.0,0.0,0.0,0.0,0,0,0,0,0,0.0050408840179443,0.0,0.0,0.0,0.0,0.0,0.0,0.0,0.0,0.0,0.0,0.0,0.0,0.0,1.0,1.0,5780,578,578,578.0,0.0,578.0,0.0005064964294433,10,0.0,0.0
0.0,47,63.5,1107.6702054613638,0.0,0.0,0.0,0.0,0.0,0.0,0.0,0,0,0,0,0,0.0090279579162597,0.0,0.0,0.0,0.0,0.0,0.0,0.0,0.0,0.0,0.0,0.0,0.0,0.0,1.0,1.0,5912,571,634,591.2,23.322854790002783,591.2,0.0009037971496582,10,0.0552236181272555,889.8399999999999
0.0,47,63.5,1665.0009924179271,0.0,0.0,0.0,0.0,0.0,0.0,0.0,0,0,0,0,0,0.0060060024261474,0.0,0.0,0.0,0.0,0.0,0.0,0.0,0.0,0.0,0.0,0.0,0.0,0.0,1.0,1.0,5805,578,585,580.5,3.24037034920393,580.5,0.0006035089492797,10,0.0351139072654516,9.45
0.0,47,63.5,1746.3896406711913,0.0,0.0,0.0,0.0,0.0,0.0,0.0,0,0,0,0,0,0.0057260990142822,0.0,0.0,0.0,0.0,0.0,0.0,0.0,0.0,0.0,0.0,0.0,0.0,0.0,1.0,1.0,5795,571,588,579.5,5.739725119240855,579.5,0.0005752086639404,10,0.048060954424574,29.65
0.0,47,63.5,420.5954493948237,0.0,0.0,0.0,0.0,0.0,0.0,0.0,0,0,0,0,0,0.0237758159637451,0.0,0.0,0.0,0.0,0.0,0.0,0.0,0.0,0.0,0.0,0.0,0.0,0.0,1.0,1.0,5797,571,588,579.7,5.207899981971834,579.7,0.0023785829544067,10,0.0478443101366561,72.25
0.0,47,63.5,243.90735216296528,0.0,0.0,0.0,0.0,0.0,0.0,0.0,0,0,0,0,0,0.0409991741180419,0.0,0.0,0.0,0.0,0.0,0.0,0.0,0.0,0.0,0.0,0.0,0.0,0.0,1.0,1.0,5185,428,581,518.5,52.94493995337672,518.5,0.0041025161743164,10,0.3109810607394075,5852.25
0.0,47,63.5,594.9536157054101,0.0,0.0,0.0,0.0,0.0,0.0,0.0,0,0,0,0,0,0.0168080329895019,0.0,0.0,0.0,0.0,0.0,0.0,0.0,0.0,0.0,0.0,0.0,0.0,0.0,1.0,1.0,5216,506,533,521.6,11.217050513491602,521.6,0.0016877889633178,10,0.161060647697176,121.95061728395063
0.0,47,63.5,902.0396576196824,0.0,0.0,0.0,0.0,0.0,0.0,0.0,0,0,0,0,0,0.0110859870910644,0.0,0.0,0.0,0.0,0.0,0.0,0.0,0.0,0.0,0.0,0.0,0.0,0.0,1.0,1.0,5267,516,541,526.7,9.165757530674217,526.7,0.0011106014251708,10,0.1431837329876955,156.25
0.0,47,63.5,987.3596986817324,0.0,0.0,0.0,0.0,0.0,0.0,0.0,0,0,0,0,0,0.0101280212402343,0.0,0.0,0.0,0.0,0.0,0.0,0.0,0.0,0.0,0.0,0.0,0.0,0.0,1.0,1.0,5237,507,543,523.7,12.211561006776414,523.7,0.0010136127471923,10,0.1597616414917204,189.55102040816328
0.0,47,63.5,468.4750533334823,0.0,0.0,0.0,0.0,0.0,0.0,0.0,0,0,0,0,0,0.0213458538055419,0.0,0.0,0.0,0.0,0.0,0.0,0.0,0.0,0.0,0.0,0.0,0.0,0.0,1.0,1.0,5136,433,567,513.6,46.37336400229003,513.6,0.0021355867385864,10,0.2997834135599729,3655.2
0.0,47,63.5,988.5232147065756,0.0,0.0,0.0,0.0,0.0,0.0,0.0,0,0,0,0,0,0.0101161003112792,0.0,0.0,0.0,0.0,0.0,0.0,0.0,0.0,0.0,0.0,0.0,0.0,0.0,1.0,1.0,5191,509,524,519.1,5.626327003965868,519.1,0.001012110710144,10,0.1536708205683355,42.0
0.0,47,63.5,169809.87854251012,0.0,0.0,0.0,0.0,0.0,0.0,0.0,0,0,0,0,0,5.888938903808594e-05,0.0,0.0,0.0,0.0,0.0,0.0,0.0,0.0,0.0,0.0,0.0,0.0,0.0,1.0,1.0,5200,504,531,520.0,8.96908269804914,520.0,6.29425048828125e-06,10,0.1635531755278773,72.4
0.0,47,63.5,512.2188435000305,0.0,0.0,0.0,0.0,0.0,0.0,0.0,0,0,0,0,0,0.0195229053497314,0.0,0.0,0.0,0.0,0.0,0.0,0.0,0.0,0.0,0.0,0.0,0.0,0.0,1.0,1.0,5241,513,533,524.1,8.543353491977777,524.1,0.0019526004791259,10,0.148042580478492,73.0
0.0,47,63.5,723.904729030031,0.0,0.0,0.0,0.0,0.0,0.0,0.0,0,0,0,0,0,0.0138139724731445,0.0,0.0,0.0,0.0,0.0,0.0,0.0,0.0,0.0,0.0,0.0,0.0,0.0,1.0,1.0,5801,526,623,580.1,28.788307811795168,580.1,0.0013825893402099,10,0.1341358750702128,1480.24
0.0,47,63.5,714.7391919295196,0.0,0.0,0.0,0.0,0.0,0.0,0.0,0,0,0,0,0,0.0139911174774169,0.0,0.0,0.0,0.0,0.0,0.0,0.0,0.0,0.0,0.0,0.0,0.0,0.0,1.0,1.0,5807,578,585,580.7,2.213594362117865,580.7,0.0014011144638061,10,0.0346956397993523,5.142857142857143
0.0,47,63.5,1556.2125259720983,0.0,0.0,0.0,0.0,0.0,0.0,0.0,0,0,0,0,0,0.0064258575439453,0.0,0.0,0.0,0.0,0.0,0.0,0.0,0.0,0.0,0.0,0.0,0.0,0.0,1.0,1.0,5840,576,589,584.0,4.136557881996952,584.0,0.000645089149475,10,0.0388872382188103,15.4
0.0,47,63.5,326.4253027425832,0.0,0.0,0.0,0.0,0.0,0.0,0.0,0,0,0,0,0,0.0306348800659179,0.0,0.0,0.0,0.0,0.0,0.0,0.0,0.0,0.0,0.0,0.0,0.0,0.0,1.0,1.0,5814,576,588,581.4,3.3730961708462712,581.4,0.0030642986297607,10,0.0385762344561559,10.24
0.0,47,63.5,55849.58721704394,0.0,0.0,0.0,0.0,0.0,0.0,0.0,0,0,0,0,0,0.0001790523529052,0.0,0.0,0.0,0.0,0.0,0.0,0.0,0.0,0.0,0.0,0.0,0.0,0.0,1.0,1.0,5529,503,592,552.9,32.27468908534296,552.9,1.950263977050781e-05,10,0.1747510773458053,1894.25
0.0,47,63.5,75846.36528028933,0.0,0.0,0.0,0.0,0.0,0.0,0.0,0,0,0,0,0,0.0001318454742431,0.0,0.0,0.0,0.0,0.0,0.0,0.0,0.0,0.0,0.0,0.0,0.0,0.0,1.0,1.0,5481,543,551,548.1,2.282785822435191,548.1,1.399517059326172e-05,10,0.0943683756326272,16.0
0.0,47,63.5,1679.266525203187,0.0,0.0,0.0,0.0,0.0,0.0,0.0,0,0,0,0,0,0.0059549808502197,0.0,0.0,0.0,0.0,0.0,0.0,0.0,0.0,0.0,0.0,0.0,0.0,0.0,1.0,1.0,5496,547,554,549.6,2.716206504995115,549.6,0.0005962133407592,10,0.0877284138818748,6.734375
0.0,47,63.5,794.2854978600917,0.0,0.0,0.0,0.0,0.0,0.0,0.0,0,0,0,0,0,0.0125899314880371,0.0,0.0,0.0,0.0,0.0,0.0,0.0,0.0,0.0,0.0,0.0,0.0,0.0,1.0,1.0,5481,542,552,548.1,3.725288952252936,548.1,0.0012598991394042,10,0.0966601237075897,12.691358024691358
0.0,47,63.5,1224.435556853014,0.0,0.0,0.0,0.0,0.0,0.0,0.0,0,0,0,0,0,0.008167028427124,0.0,0.0,0.0,0.0,0.0,0.0,0.0,0.0,0.0,0.0,0.0,0.0,0.0,1.0,1.0,5810,545,621,581.0,24.88640860657345,581.0,0.0008169889450073,10,0.1001679274099738,1110.64
0.0,47,63.5,547.8238835991275,0.0,0.0,0.0,0.0,0.0,0.0,0.0,0,0,0,0,0,0.0182540416717529,0.0,0.0,0.0,0.0,0.0,0.0,0.0,0.0,0.0,0.0,0.0,0.0,0.0,1.0,1.0,5796,575,583,579.6,2.6331223544175333,579.6,0.0018258094787597,10,0.0399789287222955,8.204081632653061
0.0,47,63.5,795.8529088080148,0.0,0.0,0.0,0.0,0.0,0.0,0.0,0,0,0,0,0,0.0125651359558105,0.0,0.0,0.0,0.0,0.0,0.0,0.0,0.0,0.0,0.0,0.0,0.0,0.0,1.0,1.0,5809,579,585,580.9,2.282785822435191,580.9,0.0012571096420288,10,0.0330196956326272,9.0
0.0,47,63.5,282.6845673770337,0.0,0.0,0.0,0.0,0.0,0.0,0.0,0,0,0,0,0,0.0353751182556152,0.0,0.0,0.0,0.0,0.0,0.0,0.0,0.0,0.0,0.0,0.0,0.0,0.0,1.0,1.0,5806,576,585,580.6,3.3065591380365986,580.6,0.0035389900207519,10,0.0385491299304706,9.84
0.0,47,63.5,1402.918018530287,0.0,0.0,0.0,0.0,0.0,0.0,0.0,0,0,0,0,0,0.0071280002593994,0.0,0.0,0.0,0.0,0.0,0.0,0.0,0.0,0.0,0.0,0.0,0.0,0.0,1.0,1.0,5845,562,625,584.5,22.594247055390007,584.5,0.0007158041000366,10,0.0702639824804837,808.24
0.0,47,63.5,108660.72538860104,0.0,0.0,0.0,0.0,0.0,0.0,0.0,0,0,0,0,0,9.202957153320312e-05,0.0,0.0,0.0,0.0,0.0,0.0,0.0,0.0,0.0,0.0,0.0,0.0,0.0,1.0,1.0,5819,577,584,581.9,2.4698178070456938,581.9,9.703636169433594e-06,10,0.0365041449818781,12.25
0.0,47,63.5,114912.43835616438,0.0,0.0,0.0,0.0,0.0,0.0,0.0,0,0,0,0,0,8.702278137207031e-05,0.0,0.0,0.0,0.0,0.0,0.0,0.0,0.0,0.0,0.0,0.0,0.0,0.0,1.0,1.0,5800,577,584,580.0,2.10818510677892,580.0,9.298324584960938e-06,10,0.0363568302850974,6.25
0.0,47,63.5,1351.911039484287,0.0,0.0,0.0,0.0,0.0,0.0,0.0,0,0,0,0,0,0.0073969364166259,0.0,0.0,0.0,0.0,0.0,0.0,0.0,0.0,0.0,0.0,0.0,0.0,0.0,1.0,1.0,5825,580,590,582.5,3.9791121287711073,582.5,0.0007402896881103,10,0.0320065811167762,25.0
0.0,47,63.5,1100.60720564696,0.0,0.0,0.0,0.0,0.0,0.0,0.0,0,0,0,0,0,0.0090858936309814,0.0,0.0,0.0,0.0,0.0,0.0,0.0,0.0,0.0,0.0,0.0,0.0,0.0,1.0,1.0,5523,507,593,552.3,30.470568677915345,552.3,0.0009104967117309,10,0.1671996308566356,1632.9599999999998
0.0,47,63.5,844.4510660572993,0.0,0.0,0.0,0.0,0.0,0.0,0.0,0,0,0,0,0,0.0118420124053955,0.0,0.0,0.0,0.0,0.0,0.0,0.0,0.0,0.0,0.0,0.0,0.0,0.0,1.0,1.0,5488,546,554,548.8,2.616188916046477,548.8,0.0011861085891723,10,0.0893918007168407,6.159999999999999
0.0,47,63.5,3192.0121765601216,0.0,0.0,0.0,0.0,0.0,0.0,0.0,0,0,0,0,0,0.0031328201293945,0.0,0.0,0.0,0.0,0.0,0.0,0.0,0.0,0.0,0.0,0.0,0.0,0.0,1.0,1.0,5484,544,554,548.4,3.3399933466334266,548.4,0.0003162860870361,10,0.0930949096896845,11.135802469135804
0.0,47,63.5,522.6612169622051,0.0,0.0,0.0,0.0,0.0,0.0,0.0,0,0,0,0,0,0.0191328525543212,0.0,0.0,0.0,0.0,0.0,0.0,0.0,0.0,0.0,0.0,0.0,0.0,0.0,1.0,1.0,5472,540,550,547.2,3.910100879630715,547.2,0.00191490650177,10,0.1001436686943264,16.555555555555554
0.0,47,63.5,756.8759924931428,0.0,0.0,0.0,0.0,0.0,0.0,0.0,0,0,0,0,0,0.0132122039794921,0.0,0.0,0.0,0.0,0.0,0.0,0.0,0.0,0.0,0.0,0.0,0.0,0.0,1.0,1.0,5750,548,578,575.0,9.486832980505138,575.0,0.001366114616394,10,0.0887823662829385,225.0
0.0,47,63.5,59158.02538787024,0.0,0.0,0.0,0.0,0.0,0.0,0.0,0,0,0,0,0,0.000169038772583,0.0,0.0,0.0,0.0,0.0,0.0,0.0,0.0,0.0,0.0,0.0,0.0,0.0,1.0,1.0,5780,578,578,578.0,0.0,578.0,1.7690658569335938e-05,10,0.0,0.0
0.0,47,63.5,662.9109702707401,0.0,0.0,0.0,0.0,0.0,0.0,0.0,0,0,0,0,0,0.0150849819183349,0.0,0.0,0.0,0.0,0.0,0.0,0.0,0.0,0.0,0.0,0.0,0.0,0.0,1.0,1.0,5780,578,578,578.0,0.0,578.0,0.0015161037445068,10,0.0,0.0
0.0,47,63.5,311.5083367373464,0.0,0.0,0.0,0.0,0.0,0.0,0.0,0,0,0,0,0,0.0321018695831298,0.0,0.0,0.0,0.0,0.0,0.0,0.0,0.0,0.0,0.0,0.0,0.0,0.0,1.0,1.0,5780,578,578,578.0,0.0,578.0,0.0032111883163452,10,0.0,0.0
0.0,47,63.5,41486.68644906033,0.0,0.0,0.0,0.0,0.0,0.0,0.0,0,0,0,0,0,0.0002410411834716,0.0,0.0,0.0,0.0,0.0,0.0,0.0,0.0,0.0,0.0,0.0,0.0,0.0,1.0,1.0,5890,567,630,589.0,22.83759084394752,589.0,2.701282501220703e-05,10,0.0618424610061905,861.04
0.0,47,63.5,59578.181818181816,0.0,0.0,0.0,0.0,0.0,0.0,0.0,0,0,0,0,0,0.0001678466796875,0.0,0.0,0.0,0.0,0.0,0.0,0.0,0.0,0.0,0.0,0.0,0.0,0.0,1.0,1.0,5810,575,589,581.0,5.120763831912406,581.0,1.778602600097656e-05,10,0.0409922943545679,23.6
0.0,47,63.5,624.4497379704621,0.0,0.0,0.0,0.0,0.0,0.0,0.0,0,0,0,0,0,0.0160140991210937,0.0,0.0,0.0,0.0,0.0,0.0,0.0,0.0,0.0,0.0,0.0,0.0,0.0,1.0,1.0,5833,576,592,583.3,5.2925524193068805,583.3,0.0016023159027099,10,0.0393581441535288,35.26530612244898
0.0,47,63.5,496.8200608838824,0.0,0.0,0.0,0.0,0.0,0.0,0.0,0,0,0,0,0,0.0201280117034912,0.0,0.0,0.0,0.0,0.0,0.0,0.0,0.0,0.0,0.0,0.0,0.0,0.0,1.0,1.0,5854,580,595,585.4,6.203941399536982,585.4,0.0020143032073974,10,0.0329128875685154,36.098765432098766
0.0,47,63.5,1232.712417340191,0.0,0.0,0.0,0.0,0.0,0.0,0.0,0,0,0,0,0,0.0081121921539306,0.0,0.0,0.0,0.0,0.0,0.0,0.0,0.0,0.0,0.0,0.0,0.0,0.0,1.0,1.0,5874,561,624,587.4,21.64973697556419,587.4,0.0008141994476318,10,0.0715833568543658,814.9599999999999
0.0,47,63.5,103054.15233415231,0.0,0.0,0.0,0.0,0.0,0.0,0.0,0,0,0,0,0,9.703636169433594e-05,0.0,0.0,0.0,0.0,0.0,0.0,0.0,0.0,0.0,0.0,0.0,0.0,0.0,1.0,1.0,5807,577,584,580.7,2.359378449224852,580.7,9.989738464355468e-06,10,0.0364591564050762,5.01
0.0,47,63.5,917.5097344358402,0.0,0.0,0.0,0.0,0.0,0.0,0.0,0,0,0,0,0,0.0108990669250488,0.0,0.0,0.0,0.0,0.0,0.0,0.0,0.0,0.0,0.0,0.0,0.0,0.0,1.0,1.0,5815,580,584,581.5,1.35400640077266,581.5,0.0010905027389526,10,0.0309372180474187,2.8
0.0,47,63.5,1431.6496569614635,0.0,0.0,0.0,0.0,0.0,0.0,0.0,0,0,0,0,0,0.0069849491119384,0.0,0.0,0.0,0.0,0.0,0.0,0.0,0.0,0.0,0.0,0.0,0.0,0.0,1.0,1.0,5823,576,586,582.3,2.9458068127047605,582.3,0.0006994009017944,10,0.0384021738632234,7.81
0.0,47,63.5,1018.4304584304584,0.0,0.0,0.0,0.0,0.0,0.0,0.0,0,0,0,0,0,0.0098190307617187,0.0,0.0,0.0,0.0,0.0,0.0,0.0,0.0,0.0,0.0,0.0,0.0,0.0,1.0,1.0,5506,505,592,550.6,30.37981786208293,550.6,0.0009841918945312,10,0.1705709226042981,1634.8
0.0,47,63.5,445.80891340624765,0.0,0.0,0.0,0.0,0.0,0.0,0.0,0,0,0,0,0,0.0224311351776123,0.0,0.0,0.0,0.0,0.0,0.0,0.0,0.0,0.0,0.0,0.0,0.0,0.0,1.0,1.0,5491,547,552,549.1,1.9119507199599983,549.1,0.0022453069686889,10,0.0874007922452829,3.29
0.0,47,63.5,64527.75384615385,0.0,0.0,0.0,0.0,0.0,0.0,0.0,0,0,0,0,0,0.000154972076416,0.0,0.0,0.0,0.0,0.0,0.0,0.0,0.0,0.0,0.0,0.0,0.0,0.0,1.0,1.0,5490,545,555,549.0,4.08248290463863,549.0,1.6498565673828126e-05,10,0.0916932402360336,16.489795918367346
0.0,47,63.5,760.0579878225573,0.0,0.0,0.0,0.0,0.0,0.0,0.0,0,0,0,0,0,0.0131568908691406,0.0,0.0,0.0,0.0,0.0,0.0,0.0,0.0,0.0,0.0,0.0,0.0,0.0,1.0,1.0,5471,544,553,547.1,3.034981237357344,547.1,0.001316499710083,10,0.0929706599568498,20.25
0.0,47,63.5,1607.7522232444037,0.0,0.0,0.0,0.0,0.0,0.0,0.0,0,0,0,0,0,0.0062198638916015,0.0,0.0,0.0,0.0,0.0,0.0,0.0,0.0,0.0,0.0,0.0,0.0,0.0,1.0,1.0,5117,420,563,511.7,51.65064267643616,511.7,0.0006238937377929,10,0.3240868558006731,4618.1875
0.0,47,63.5,462.6870084168956,0.0,0.0,0.0,0.0,0.0,0.0,0.0,0,0,0,0,0,0.0216128826141357,0.0,0.0,0.0,0.0,0.0,0.0,0.0,0.0,0.0,0.0,0.0,0.0,0.0,1.0,1.0,5262,511,538,526.2,9.635582205785202,526.2,0.0021620988845825,10,0.1518957707673487,182.25
0.0,47,63.5,52891.60151324086,0.0,0.0,0.0,0.0,0.0,0.0,0.0,0,0,0,0,0,0.0001890659332275,0.0,0.0,0.0,0.0,0.0,0.0,0.0,0.0,0.0,0.0,0.0,0.0,0.0,1.0,1.0,5265,522,528,526.5,1.90029237516523,526.5,2.2006034851074215e-05,10,0.1299992931019473,3.25
0.0,47,63.5,472.76809666584006,0.0,0.0,0.0,0.0,0.0,0.0,0.0,0,0,0,0,0,0.0211520195007324,0.0,0.0,0.0,0.0,0.0,0.0,0.0,0.0,0.0,0.0,0.0,0.0,0.0,1.0,1.0,5172,511,532,517.2,6.762642481555071,517.2,0.0021161079406738,10,0.1507254500412863,41.16
0.0,47,63.5,369.9170084226309,0.0,0.0,0.0,0.0,0.0,0.0,0.0,0,0,0,0,0,0.0270330905914306,0.0,0.0,0.0,0.0,0.0,0.0,0.0,0.0,0.0,0.0,0.0,0.0,0.0,1.0,1.0,5215,442,570,521.5,45.043805838810336,521.5,0.0027091026306152,10,0.2839046347464978,3384.96
0.0,47,63.5,45889.54048140044,0.0,0.0,0.0,0.0,0.0,0.0,0.0,0,0,0,0,0,0.0002179145812988,0.0,0.0,0.0,0.0,0.0,0.0,0.0,0.0,0.0,0.0,0.0,0.0,0.0,1.0,1.0,5299,517,538,529.9,7.563802688536441,529.9,2.2792816162109374e-05,10,0.1408270306632022,82.8
0.0,47,63.5,64035.17557251908,0.0,0.0,0.0,0.0,0.0,0.0,0.0,0,0,0,0,0,0.0001561641693115,0.0,0.0,0.0,0.0,0.0,0.0,0.0,0.0,0.0,0.0,0.0,0.0,0.0,1.0,1.0,5351,527,549,535.1,8.006247560499238,535.1,1.64031982421875e-05,10,0.1239659650062449,62.81632653061224
0.0,47,63.5,403.2596865685992,0.0,0.0,0.0,0.0,0.0,0.0,0.0,0,0,0,0,0,0.0247979164123535,0.0,0.0,0.0,0.0,0.0,0.0,0.0,0.0,0.0,0.0,0.0,0.0,0.0,1.0,1.0,5243,520,527,524.3,2.9832867780352594,524.3,0.0024806976318359,10,0.1338487217019004,8.64
0.0,47,63.5,2267.5590636319403,0.0,0.0,0.0,0.0,0.0,0.0,0.0,0,0,0,0,0,0.0044100284576416,0.0,0.0,0.0,0.0,0.0,0.0,0.0,0.0,0.0,0.0,0.0,0.0,0.0,1.0,1.0,5094,420,563,509.4,50.12473330491534,509.4,0.0004441022872924,10,0.3234652613590904,4219.76
0.0,47,63.5,84054.1883767535,0.0,0.0,0.0,0.0,0.0,0.0,0.0,0,0,0,0,0,0.0001189708709716,0.0,0.0,0.0,0.0,0.0,0.0,0.0,0.0,0.0,0.0,0.0,0.0,0.0,1.0,1.0,5144,507,530,514.4,7.848566748139433,514.4,1.2803077697753909e-05,10,0.1579843321505221,90.25
0.0,47,63.5,456.97550771376274,0.0,0.0,0.0,0.0,0.0,0.0,0.0,0,0,0,0,0,0.0218830108642578,0.0,0.0,0.0,0.0,0.0,0.0,0.0,0.0,0.0,0.0,0.0,0.0,0.0,1.0,1.0,5259,513,538,525.9,9.21894185299424,525.9,0.0021891832351684,10,0.1483177881532357,99.9591836734694
0.0,47,63.5,22894.67248908297,0.0,0.0,0.0,0.0,0.0,0.0,0.0,0,0,0,0,0,0.000436782836914,0.0,0.0,0.0,0.0,0.0,0.0,0.0,0.0,0.0,0.0,0.0,0.0,0.0,1.0,1.0,5101,488,533,510.1,14.39482931858211,510.1,4.429817199707032e-05,10,0.1930294876712175,232.8571428571429
0.0,47,63.5,1791.748472809603,0.0,0.0,0.0,0.0,0.0,0.0,0.0,0,0,0,0,0,0.0055811405181884,0.0,0.0,0.0,0.0,0.0,0.0,0.0,0.0,0.0,0.0,0.0,0.0,0.0,1.0,1.0,5110,420,563,511.0,50.59644256269407,511.0,0.0005586147308349,10,0.3236574168423391,4219.76
0.0,47,63.5,617.0181090663018,0.0,0.0,0.0,0.0,0.0,0.0,0.0,0,0,0,0,0,0.0162069797515869,0.0,0.0,0.0,0.0,0.0,0.0,0.0,0.0,0.0,0.0,0.0,0.0,0.0,1.0,1.0,5216,510,530,521.6,6.834552736727628,521.6,0.0016211986541748,10,0.1524588734028334,48.69387755102041
0.0,47,63.5,997.7173576916672,0.0,0.0,0.0,0.0,0.0,0.0,0.0,0,0,0,0,0,0.0100228786468505,0.0,0.0,0.0,0.0,0.0,0.0,0.0,0.0,0.0,0.0,0.0,0.0,0.0,1.0,1.0,5155,509,530,515.5,6.996030620605119,515.5,0.0010052919387817,10,0.1542287830336097,110.25
0.0,47,63.5,21743.411093831,0.0,0.0,0.0,0.0,0.0,0.0,0.0,0,0,0,0,0,0.0004599094390869,0.0,0.0,0.0,0.0,0.0,0.0,0.0,0.0,0.0,0.0,0.0,0.0,0.0,1.0,1.0,5224,515,529,522.4,5.059644256269406,522.4,4.6706199645996095e-05,10,0.1432151966842339,49.0
0.0,47,63.5,35335.33277169334,0.0,0.0,0.0,0.0,0.0,0.0,0.0,0,0,0,0,0,0.0002830028533935,0.0,0.0,0.0,0.0,0.0,0.0,0.0,0.0,0.0,0.0,0.0,0.0,0.0,1.0,1.0,5848,527,628,584.8,29.69399490357155,584.8,2.9397010803222656e-05,10,0.1328006857639188,1566.64
0.0,47,63.5,447.8892851803601,0.0,0.0,0.0,0.0,0.0,0.0,0.0,0,0,0,0,0,0.0223269462585449,0.0,0.0,0.0,0.0,0.0,0.0,0.0,0.0,0.0,0.0,0.0,0.0,0.0,1.0,1.0,5823,578,587,582.3,3.802046232695699,582.3,0.0022332906723022,10,0.0353427115533509,13.80246913580247
0.0,47,63.5,120180.63037249284,0.0,0.0,0.0,0.0,0.0,0.0,0.0,0,0,0,0,0,8.320808410644531e-05,0.0,0.0,0.0,0.0,0.0,0.0,0.0,0.0,0.0,0.0,0.0,0.0,0.0,1.0,1.0,5829,579,587,582.9,2.923088169119167,582.9,8.821487426757812e-06,10,0.0332805291965724,8.0
0.0,47,63.5,131896.35220125786,0.0,0.0,0.0,0.0,0.0,0.0,0.0,0,0,0,0,0,7.581710815429688e-05,0.0,0.0,0.0,0.0,0.0,0.0,0.0,0.0,0.0,0.0,0.0,0.0,0.0,1.0,1.0,5841,578,588,584.1,3.6347092196090616,584.1,8.082389831542968e-06,10,0.0352745451476999,11.89
0.0,47,63.5,715.4097018489459,0.0,0.0,0.0,0.0,0.0,0.0,0.0,0,0,0,0,0,0.0139780044555664,0.0,0.0,0.0,0.0,0.0,0.0,0.0,0.0,0.0,0.0,0.0,0.0,0.0,1.0,1.0,5892,569,632,589.2,23.241724931204608,589.2,0.0013982057571411,10,0.0585988290679755,874.8
0.0,47,63.5,1490.089526786983,0.0,0.0,0.0,0.0,0.0,0.0,0.0,0,0,0,0,0,0.0067110061645507,0.0,0.0,0.0,0.0,0.0,0.0,0.0,0.0,0.0,0.0,0.0,0.0,0.0,1.0,1.0,5759,570,586,575.9,4.581363212940978,575.9,0.0006715059280395,10,0.0492932141184236,64.0
0.0,47,63.5,549.7193934389703,0.0,0.0,0.0,0.0,0.0,0.0,0.0,0,0,0,0,0,0.0181910991668701,0.0,0.0,0.0,0.0,0.0,0.0,0.0,0.0,0.0,0.0,0.0,0.0,0.0,1.0,1.0,5817,577,587,581.7,3.056868404829433,581.7,0.0018203020095825,10,0.0367432859133913,11.26530612244898
0.0,47,63.5,2986.119891784138,0.0,0.0,0.0,0.0,0.0,0.0,0.0,0,0,0,0,0,0.0033488273620605,0.0,0.0,0.0,0.0,0.0,0.0,0.0,0.0,0.0,0.0,0.0,0.0,0.0,1.0,1.0,5823,580,586,582.3,2.311805451253294,582.3,0.0003353834152221,10,0.0313273870686225,9.0
0.0,47,63.5,1165.926502474009,0.0,0.0,0.0,0.0,0.0,0.0,0.0,0,0,0,0,0,0.0085768699645996,0.0,0.0,0.0,0.0,0.0,0.0,0.0,0.0,0.0,0.0,0.0,0.0,0.0,1.0,1.0,5437,495,589,543.7,34.37715649801317,543.7,0.0008598089218139,10,0.1892405784710306,2074.75
0.0,47,63.5,433.103476761356,0.0,0.0,0.0,0.0,0.0,0.0,0.0,0,0,0,0,0,0.0230891704559326,0.0,0.0,0.0,0.0,0.0,0.0,0.0,0.0,0.0,0.0,0.0,0.0,0.0,1.0,1.0,5435,540,548,543.5,2.8771127502720115,543.5,0.0023126125335693,10,0.0997228706499508,8.0
0.0,47,63.5,75166.73835125448,0.0,0.0,0.0,0.0,0.0,0.0,0.0,0,0,0,0,0,0.0001330375671386,0.0,0.0,0.0,0.0,0.0,0.0,0.0,0.0,0.0,0.0,0.0,0.0,0.0,1.0,1.0,5479,534,566,547.9,11.169900029394473,547.9,1.4185905456542969e-05,10,0.1133258004759741,117.06172839506172
0.0,47,63.5,1343.8974687600128,0.0,0.0,0.0,0.0,0.0,0.0,0.0,0,0,0,0,0,0.0074410438537597,0.0,0.0,0.0,0.0,0.0,0.0,0.0,0.0,0.0,0.0,0.0,0.0,0.0,1.0,1.0,5435,530,560,543.5,10.25508004194344,543.5,0.0007447957992553,10,0.119769659405886,102.66666666666669
0.0,47,63.5,1643.9225523242142,0.0,0.0,0.0,0.0,0.0,0.0,0.0,0,0,0,0,0,0.0060830116271972,0.0,0.0,0.0,0.0,0.0,0.0,0.0,0.0,0.0,0.0,0.0,0.0,0.0,1.0,1.0,5567,529,601,556.7,25.66471854078625,556.7,0.0006092071533203,10,0.1277510597447747,1144.96
0.0,47,63.5,408.2643694943301,0.0,0.0,0.0,0.0,0.0,0.0,0.0,0,0,0,0,0,0.024493932723999,0.0,0.0,0.0,0.0,0.0,0.0,0.0,0.0,0.0,0.0,0.0,0.0,0.0,1.0,1.0,5576,555,564,557.6,3.533962208186286,557.6,0.0024503946304321,10,0.0744284948451267,18.1875
0.0,47,63.5,39531.61168708765,0.0,0.0,0.0,0.0,0.0,0.0,0.0,0,0,0,0,0,0.0002529621124267,0.0,0.0,0.0,0.0,0.0,0.0,0.0,0.0,0.0,0.0,0.0,0.0,0.0,1.0,1.0,5564,549,566,556.4,5.103375789067903,556.4,2.610683441162109e-05,10,0.0852925911614347,23.44
0.0,47,63.5,3753.628065151244,0.0,0.0,0.0,0.0,0.0,0.0,0.0,0,0,0,0,0,0.0026640892028808,0.0,0.0,0.0,0.0,0.0,0.0,0.0,0.0,0.0,0.0,0.0,0.0,0.0,1.0,1.0,5565,551,566,556.5,4.301162633521313,556.5,0.0002671957015991,10,0.0815575416103912,30.0
0.0,47,63.5,814.728540626639,0.0,0.0,0.0,0.0,0.0,0.0,0.0,0,0,0,0,0,0.0122740268707275,0.0,0.0,0.0,0.0,0.0,0.0,0.0,0.0,0.0,0.0,0.0,0.0,0.0,1.0,1.0,5423,479,583,542.3,36.42358820569135,542.3,0.0012285947799682,10,0.2173402928914704,2255.36
0.0,47,63.5,610.5779252918741,0.0,0.0,0.0,0.0,0.0,0.0,0.0,0,0,0,0,0,0.0163779258728027,0.0,0.0,0.0,0.0,0.0,0.0,0.0,0.0,0.0,0.0,0.0,0.0,0.0,1.0,1.0,5299,516,555,529.9,14.448760039071402,529.9,0.0016386032104492,10,0.1453358168895161,208.66666666666663
0.0,47,63.5,919.9649061238814,0.0,0.0,0.0,0.0,0.0,0.0,0.0,0,0,0,0,0,0.0108699798583984,0.0,0.0,0.0,0.0,0.0,0.0,0.0,0.0,0.0,0.0,0.0,0.0,0.0,1.0,1.0,5176,507,529,517.6,8.89694079757506,517.6,0.0010893106460571,10,0.1584113978033002,100.0
0.0,47,63.5,237.2706239074972,0.0,0.0,0.0,0.0,0.0,0.0,0.0,0,0,0,0,0,0.0421459674835205,0.0,0.0,0.0,0.0,0.0,0.0,0.0,0.0,0.0,0.0,0.0,0.0,0.0,1.0,1.0,5312,522,555,531.2,12.968337510173685,531.2,0.0042158842086791,10,0.1345079719681443,197.25
0.0,47,63.5,116185.70637119112,0.0,0.0,0.0,0.0,0.0,0.0,0.0,0,0,0,0,0,8.606910705566406e-05,0.0,0.0,0.0,0.0,0.0,0.0,0.0,0.0,0.0,0.0,0.0,0.0,0.0,1.0,1.0,5167,425,564,516.7,50.455811249933234,516.7,1.0514259338378908e-05,10,0.3150794792707728,2550.359375
0.0,47,63.5,142663.40136054423,0.0,0.0,0.0,0.0,0.0,0.0,0.0,0,0,0,0,0,7.009506225585938e-05,0.0,0.0,0.0,0.0,0.0,0.0,0.0,0.0,0.0,0.0,0.0,0.0,0.0,1.0,1.0,5199,506,536,519.9,11.75159563633807,519.9,7.295608520507813e-06,10,0.1612783999984187,143.04
0.0,47,63.5,140748.45637583893,0.0,0.0,0.0,0.0,0.0,0.0,0.0,0,0,0,0,0,7.104873657226562e-05,0.0,0.0,0.0,0.0,0.0,0.0,0.0,0.0,0.0,0.0,0.0,0.0,0.0,1.0,1.0,5252,514,536,525.2,7.927448797970533,525.2,7.510185241699219e-06,10,0.1460875555423412,96.8
0.0,47,63.5,1030.7187968446665,0.0,0.0,0.0,0.0,0.0,0.0,0.0,0,0,0,0,0,0.0097019672393798,0.0,0.0,0.0,0.0,0.0,0.0,0.0,0.0,0.0,0.0,0.0,0.0,0.0,1.0,1.0,5213,510,533,521.3,8.731170215574387,521.3,0.0009704828262329,10,0.1532314794990164,107.04
0.0,47,63.5,2020.5723094710472,0.0,0.0,0.0,0.0,0.0,0.0,0.0,0,0,0,0,0,0.0049490928649902,0.0,0.0,0.0,0.0,0.0,0.0,0.0,0.0,0.0,0.0,0.0,0.0,0.0,1.0,1.0,5142,420,563,514.2,51.589835346811405,514.2,0.0004983186721801,10,0.3240620853268772,2654.0
0.0,47,63.5,1617.0498881949263,0.0,0.0,0.0,0.0,0.0,0.0,0.0,0,0,0,0,0,0.0061841011047363,0.0,0.0,0.0,0.0,0.0,0.0,0.0,0.0,0.0,0.0,0.0,0.0,0.0,1.0,1.0,5199,507,524,519.9,4.976611966656298,519.9,0.0006187915802001,10,0.1568144126507371,22.29
0.0,47,63.5,590.1734933656024,0.0,0.0,0.0,0.0,0.0,0.0,0.0,0,0,0,0,0,0.0169441699981689,0.0,0.0,0.0,0.0,0.0,0.0,0.0,0.0,0.0,0.0,0.0,0.0,0.0,1.0,1.0,5188,507,539,518.8,9.077444574328174,518.8,0.0016951084136962,10,0.1584849278217983,74.16
0.0,47,63.5,3184.7410782080487,0.0,0.0,0.0,0.0,0.0,0.0,0.0,0,0,0,0,0,0.0031399726867675,0.0,0.0,0.0,0.0,0.0,0.0,0.0,0.0,0.0,0.0,0.0,0.0,0.0,1.0,1.0,5191,506,539,519.1,8.987027688099479,519.1,0.0003145933151245,10,0.1601522255990242,81.0
0.0,47,63.5,602.889751329596,0.0,0.0,0.0,0.0,0.0,0.0,0.0,0,0,0,0,0,0.0165867805480957,0.0,0.0,0.0,0.0,0.0,0.0,0.0,0.0,0.0,0.0,0.0,0.0,0.0,1.0,1.0,5455,506,614,545.5,42.05089508890124,545.5,0.0016595840454101,10,0.1736211226234149,1645.7777777777778
0.0,47,63.5,315.38728767040885,0.0,0.0,0.0,0.0,0.0,0.0,0.0,0,0,0,0,0,0.0317070484161376,0.0,0.0,0.0,0.0,0.0,0.0,0.0,0.0,0.0,0.0,0.0,0.0,0.0,1.0,1.0,5777,575,580,577.7,1.888562063228706,577.7,0.0031732082366943,10,0.0396756246420769,3.21
0.0,47,63.5,97997.7570093458,0.0,0.0,0.0,0.0,0.0,0.0,0.0,0,0,0,0,0,0.0001020431518554,0.0,0.0,0.0,0.0,0.0,0.0,0.0,0.0,0.0,0.0,0.0,0.0,0.0,1.0,1.0,5778,576,580,577.8,1.6865480854231354,577.8,1.0895729064941409e-05,10,0.037889202228078,3.142857142857143
0.0,47,63.5,101067.56626506025,0.0,0.0,0.0,0.0,0.0,0.0,0.0,0,0,0,0,0,9.894371032714844e-05,0.0,0.0,0.0,0.0,0.0,0.0,0.0,0.0,0.0,0.0,0.0,0.0,0.0,1.0,1.0,5787,574,582,578.7,3.529242915351047,578.7,1.0395050048828124e-05,10,0.0420481023939973,13.551020408163266
0.0,47,63.5,71331.70068027212,0.0,0.0,0.0,0.0,0.0,0.0,0.0,0,0,0,0,0,0.0001401901245117,0.0,0.0,0.0,0.0,0.0,0.0,0.0,0.0,0.0,0.0,0.0,0.0,0.0,1.0,1.0,5533,473,581,553.3,44.19665648490216,553.3,1.4519691467285156e-05,10,0.2307315099856897,2225.9591836734694
0.0,47,63.5,451.5733941990913,0.0,0.0,0.0,0.0,0.0,0.0,0.0,0,0,0,0,0,0.0221447944641113,0.0,0.0,0.0,0.0,0.0,0.0,0.0,0.0,0.0,0.0,0.0,0.0,0.0,1.0,1.0,5387,520,552,538.7,11.766713880925105,538.7,0.0022154808044433,10,0.1374267385665337,129.95061728395063
0.0,47,63.5,1378.2091808234482,0.0,0.0,0.0,0.0,0.0,0.0,0.0,0,0,0,0,0,0.0072557926177978,0.0,0.0,0.0,0.0,0.0,0.0,0.0,0.0,0.0,0.0,0.0,0.0,0.0,1.0,1.0,5330,523,547,533.0,7.557189365836423,533.0,0.0007272005081176,10,0.1305995566600672,63.26530612244898
0.0,47,63.5,4982.542171537182,0.0,0.0,0.0,0.0,0.0,0.0,0.0,0,0,0,0,0,0.0020070075988769,0.0,0.0,0.0,0.0,0.0,0.0,0.0,0.0,0.0,0.0,0.0,0.0,0.0,1.0,1.0,5373,525,558,537.3,11.963370019447789,537.3,0.0002016067504882,10,0.1289861984111222,272.25
0.0,47,63.5,405.2350173424925,0.0,0.0,0.0,0.0,0.0,0.0,0.0,0,0,0,0,0,0.024677038192749,0.0,0.0,0.0,0.0,0.0,0.0,0.0,0.0,0.0,0.0,0.0,0.0,0.0,1.0,1.0,5219,421,563,521.9,54.41701122912863,521.9,0.0024687051773071,10,0.3235096336942978,3174.775510204082
0.0,47,63.5,88674.50317124736,0.0,0.0,0.0,0.0,0.0,0.0,0.0,0,0,0,0,0,0.000112771987915,0.0,0.0,0.0,0.0,0.0,0.0,0.0,0.0,0.0,0.0,0.0,0.0,0.0,1.0,1.0,5227,516,535,522.7,7.30372811955952,522.7,1.208782196044922e-05,10,0.1424252166867838,53.47222222222223
0.0,47,63.5,61680.94117647059,0.0,0.0,0.0,0.0,0.0,0.0,0.0,0,0,0,0,0,0.000162124633789,0.0,0.0,0.0,0.0,0.0,0.0,0.0,0.0,0.0,0.0,0.0,0.0,0.0,1.0,1.0,5269,510,539,526.9,10.386422761363884,526.9,1.7213821411132813e-05,10,0.1539057631760692,117.76
0.0,47,63.5,735.5589070884921,0.0,0.0,0.0,0.0,0.0,0.0,0.0,0,0,0,0,0,0.0135951042175292,0.0,0.0,0.0,0.0,0.0,0.0,0.0,0.0,0.0,0.0,0.0,0.0,0.0,1.0,1.0,5224,515,528,522.4,4.575295983139597,522.4,0.0013602972030639,10,0.1430178925716918,20.88888888888889
0.0,47,63.5,312.89101081685936,0.0,0.0,0.0,0.0,0.0,0.0,0.0,0,0,0,0,0,0.0319600105285644,0.0,0.0,0.0,0.0,0.0,0.0,0.0,0.0,0.0,0.0,0.0,0.0,0.0,1.0,1.0,5502,509,616,550.2,42.120989753064656,550.2,0.003197693824768,10,0.1685372863858084,1624.6666666666667
0.0,47,63.5,3039.350724637681,0.0,0.0,0.0,0.0,0.0,0.0,0.0,0,0,0,0,0,0.0032901763916015,0.0,0.0,0.0,0.0,0.0,0.0,0.0,0.0,0.0,0.0,0.0,0.0,0.0,1.0,1.0,5795,576,585,579.5,3.4075080500434787,579.5,0.0003321170806884,10,0.0385902524792657,12.96
0.0,47,63.5,28649.6174863388,0.0,0.0,0.0,0.0,0.0,0.0,0.0,0,0,0,0,0,0.0003490447998046,0.0,0.0,0.0,0.0,0.0,0.0,0.0,0.0,0.0,0.0,0.0,0.0,0.0,1.0,1.0,5792,576,582,579.2,2.043961295567452,579.2,7.088184356689453e-05,10,0.0380347980733623,9.0
0.0,47,63.5,4538.798831295315,0.0,0.0,0.0,0.0,0.0,0.0,0.0,0,0,0,0,0,0.0022032260894775,0.0,0.0,0.0,0.0,0.0,0.0,0.0,0.0,0.0,0.0,0.0,0.0,0.0,1.0,1.0,5781,574,581,578.1,2.5144029554194813,578.1,0.0002209186553955,10,0.0416346971879196,9.0
0.0,47,63.5,765.8730941294623,0.0,0.0,0.0,0.0,0.0,0.0,0.0,0,0,0,0,0,0.013056993484497,0.0,0.0,0.0,0.0,0.0,0.0,0.0,0.0,0.0,0.0,0.0,0.0,0.0,1.0,1.0,5872,570,633,587.2,24.74671695397189,587.2,0.0013063907623291,10,0.0575077726183699,610.2222222222222
0.0,47,63.5,1155.0101889078592,0.0,0.0,0.0,0.0,0.0,0.0,0.0,0,0,0,0,0,0.0086579322814941,0.0,0.0,0.0,0.0,0.0,0.0,0.0,0.0,0.0,0.0,0.0,0.0,0.0,1.0,1.0,5801,572,585,580.1,4.605552204797064,580.1,0.0008668899536132,10,0.0458948077461461,30.25
0.0,47,63.5,582.8498374141908,0.0,0.0,0.0,0.0,0.0,0.0,0.0,0,0,0,0,0,0.0171570777893066,0.0,0.0,0.0,0.0,0.0,0.0,0.0,0.0,0.0,0.0,0.0,0.0,0.0,1.0,1.0,5828,578,587,582.8,3.22490309931942,582.8,0.0017165184020996,10,0.0351076065265387,10.22222222222222
0.0,47,63.5,532.2518178241945,0.0,0.0,0.0,0.0,0.0,0.0,0.0,0,0,0,0,0,0.0187880992889404,0.0,0.0,0.0,0.0,0.0,0.0,0.0,0.0,0.0,0.0,0.0,0.0,0.0,1.0,1.0,5827,580,584,582.7,1.494434118097326,582.7,0.0018822908401489,10,0.0309944226823481,2.8
0.0,47,63.5,451.32557864267807,0.0,0.0,0.0,0.0,0.0,0.0,0.0,0,0,0,0,0,0.0221569538116455,0.0,0.0,0.0,0.0,0.0,0.0,0.0,0.0,0.0,0.0,0.0,0.0,0.0,1.0,1.0,5794,541,614,579.4,24.98088157860816,579.4,0.0022177934646606,10,0.1070229319198618,623.7283950617284
0.0,47,63.5,798.3372035479082,0.0,0.0,0.0,0.0,0.0,0.0,0.0,0,0,0,0,0,0.0125260353088378,0.0,0.0,0.0,0.0,0.0,0.0,0.0,0.0,0.0,0.0,0.0,0.0,0.0,1.0,1.0,5809,577,583,580.9,2.1832697191750423,580.9,0.0012530088424682,10,0.0363874167528031,5.918367346938775
0.0,47,63.5,112147.16577540108,0.0,0.0,0.0,0.0,0.0,0.0,0.0,0,0,0,0,0,8.916854858398438e-05,0.0,0.0,0.0,0.0,0.0,0.0,0.0,0.0,0.0,0.0,0.0,0.0,0.0,1.0,1.0,5815,573,595,581.5,8.031189202104505,581.5,1.1205673217773438e-05,10,0.0455861452333692,59.28395061728395
0.0,47,63.5,95108.9342403628,0.0,0.0,0.0,0.0,0.0,0.0,0.0,0,0,0,0,0,0.0001051425933837,0.0,0.0,0.0,0.0,0.0,0.0,0.0,0.0,0.0,0.0,0.0,0.0,0.0,1.0,1.0,5746,570,577,574.6,2.547329756605707,574.6,1.0895729064941409e-05,10,0.0484646302496508,6.469135802469136
0.0,47,63.5,245.38138419235943,0.0,0.0,0.0,0.0,0.0,0.0,0.0,0,0,0,0,0,0.04075288772583,0.0,0.0,0.0,0.0,0.0,0.0,0.0,0.0,0.0,0.0,0.0,0.0,0.0,1.0,1.0,5769,543,614,576.9,23.741431202763568,576.9,0.0040756940841674,10,0.1031097694147577,562.6172839506173
0.0,47,63.5,30481.86046511628,0.0,0.0,0.0,0.0,0.0,0.0,0.0,0,0,0,0,0,0.0003280639648437,0.0,0.0,0.0,0.0,0.0,0.0,0.0,0.0,0.0,0.0,0.0,0.0,0.0,1.0,1.0,5771,574,580,577.1,2.378141197564929,577.1,3.3807754516601565e-05,10,0.04157918959824,5.209876543209877
0.0,47,63.5,98922.2641509434,0.0,0.0,0.0,0.0,0.0,0.0,0.0,0,0,0,0,0,0.000101089477539,0.0,0.0,0.0,0.0,0.0,0.0,0.0,0.0,0.0,0.0,0.0,0.0,0.0,1.0,1.0,5766,573,580,576.6,3.062315754094894,576.6,1.0991096496582032e-05,10,0.0435620249455881,8.440000000000001
0.0,47,63.5,99864.38095238096,0.0,0.0,0.0,0.0,0.0,0.0,0.0,0,0,0,0,0,0.0001001358032226,0.0,0.0,0.0,0.0,0.0,0.0,0.0,0.0,0.0,0.0,0.0,0.0,0.0,1.0,1.0,5755,573,580,575.5,2.223610677354389,575.5,1.0609626770019531e-05,10,0.043220370045527,4.45
0.0,47,63.5,433.9728295171186,0.0,0.0,0.0,0.0,0.0,0.0,0.0,0,0,0,0,0,0.0230429172515869,0.0,0.0,0.0,0.0,0.0,0.0,0.0,0.0,0.0,0.0,0.0,0.0,0.0,1.0,1.0,5802,556,619,580.2,22.049439398265385,580.2,0.0023047924041748,10,0.0802668296332773,485.5802469135802
0.0,47,63.5,81920.0,0.0,0.0,0.0,0.0,0.0,0.0,0.0,0,0,0,0,0,0.0001220703125,0.0,0.0,0.0,0.0,0.0,0.0,0.0,0.0,0.0,0.0,0.0,0.0,0.0,1.0,1.0,5807,577,583,580.7,2.0027758514399734,580.7,1.3303756713867189e-05,10,0.0363138907708426,6.25
0.0,47,63.5,119156.36363636365,0.0,0.0,0.0,0.0,0.0,0.0,0.0,0,0,0,0,0,8.392333984375e-05,0.0,0.0,0.0,0.0,0.0,0.0,0.0,0.0,0.0,0.0,0.0,0.0,0.0,1.0,1.0,5795,576,583,579.5,3.064129385141706,579.5,8.89301300048828e-06,10,0.0384503737463313,8.45
0.0,47,63.5,928.1487054658112,0.0,0.0,0.0,0.0,0.0,0.0,0.0,0,0,0,0,0,0.0107741355895996,0.0,0.0,0.0,0.0,0.0,0.0,0.0,0.0,0.0,0.0,0.0,0.0,0.0,1.0,1.0,5778,572,584,577.8,4.049691346263318,577.8,0.001077914237976,10,0.0456683722668138,16.39506172839506
0.0,47,63.5,1261.5206929740134,0.0,0.0,0.0,0.0,0.0,0.0,0.0,0,0,0,0,0,0.0079269409179687,0.0,0.0,0.0,0.0,0.0,0.0,0.0,0.0,0.0,0.0,0.0,0.0,0.0,1.0,1.0,5591,491,587,559.1,40.01513602514817,559.1,0.0007933855056762,10,0.1983537858112044,1677.6326530612246
0.0,47,63.5,505.7948748869461,0.0,0.0,0.0,0.0,0.0,0.0,0.0,0,0,0,0,0,0.019770860671997,0.0,0.0,0.0,0.0,0.0,0.0,0.0,0.0,0.0,0.0,0.0,0.0,0.0,1.0,1.0,5503,527,572,550.3,14.981840860039712,550.3,0.0019809007644653,10,0.1268075426927457,202.01
0.0,47,63.5,1898.5623755205504,0.0,0.0,0.0,0.0,0.0,0.0,0.0,0,0,0,0,0,0.0052671432495117,0.0,0.0,0.0,0.0,0.0,0.0,0.0,0.0,0.0,0.0,0.0,0.0,0.0,1.0,1.0,5453,528,557,545.3,9.177871939253311,545.3,0.0005293130874633,10,0.1227391079131742,100.0
0.0,47,63.5,2249.800997693504,0.0,0.0,0.0,0.0,0.0,0.0,0.0,0,0,0,0,0,0.0044448375701904,0.0,0.0,0.0,0.0,0.0,0.0,0.0,0.0,0.0,0.0,0.0,0.0,0.0,1.0,1.0,5458,535,558,545.8,8.66410218468519,545.8,0.0004470825195312,10,0.1106009086659533,72.25
0.0,47,63.5,436.1479509603086,0.0,0.0,0.0,0.0,0.0,0.0,0.0,0,0,0,0,0,0.0229279994964599,0.0,0.0,0.0,0.0,0.0,0.0,0.0,0.0,0.0,0.0,0.0,0.0,0.0,1.0,1.0,5608,539,614,560.8,29.90280551683701,560.8,0.0022943019866943,10,0.1124361868553387,869.283950617284
0.0,47,63.5,5152.074683699791,0.0,0.0,0.0,0.0,0.0,0.0,0.0,0,0,0,0,0,0.0019409656524658,0.0,0.0,0.0,0.0,0.0,0.0,0.0,0.0,0.0,0.0,0.0,0.0,0.0,1.0,1.0,5773,574,584,577.3,3.831158803518562,577.3,0.0001971960067749,10,0.0421710908502013,20.25
0.0,47,63.5,1333.5147680666391,0.0,0.0,0.0,0.0,0.0,0.0,0.0,0,0,0,0,0,0.0074989795684814,0.0,0.0,0.0,0.0,0.0,0.0,0.0,0.0,0.0,0.0,0.0,0.0,0.0,1.0,1.0,5785,573,586,578.5,4.648775226993784,578.5,0.0007521152496337,10,0.0442082850764681,36.0
0.0,47,63.5,675.3568955800661,0.0,0.0,0.0,0.0,0.0,0.0,0.0,0,0,0,0,0,0.0148069858551025,0.0,0.0,0.0,0.0,0.0,0.0,0.0,0.0,0.0,0.0,0.0,0.0,0.0,1.0,1.0,5764,573,579,576.4,2.221110833194357,576.4,0.0014814853668212,10,0.04321935170901,9.0
0.0,47,63.5,89430.78891257996,0.0,0.0,0.0,0.0,0.0,0.0,0.0,0,0,0,0,0,0.0001118183135986,0.0,0.0,0.0,0.0,0.0,0.0,0.0,0.0,0.0,0.0,0.0,0.0,0.0,1.0,1.0,5779,577,579,577.9,0.7378647873726216,577.9,1.1897087097167968e-05,10,0.0,1.0
0.0,47,63.5,271.841961994141,0.0,0.0,0.0,0.0,0.0,0.0,0.0,0,0,0,0,0,0.0367860794067382,0.0,0.0,0.0,0.0,0.0,0.0,0.0,0.0,0.0,0.0,0.0,0.0,0.0,1.0,1.0,5780,578,578,578.0,0.0,578.0,0.0036791086196899,10,0.0,0.0
0.0,47,63.5,60611.32947976879,0.0,0.0,0.0,0.0,0.0,0.0,0.0,0,0,0,0,0,0.0001649856567382,0.0,0.0,0.0,0.0,0.0,0.0,0.0,0.0,0.0,0.0,0.0,0.0,0.0,1.0,1.0,5780,578,578,578.0,0.0,578.0,1.8095970153808595e-05,10,0.0,0.0
0.0,47,63.5,63262.503770739066,0.0,0.0,0.0,0.0,0.0,0.0,0.0,0,0,0,0,0,0.0001580715179443,0.0,0.0,0.0,0.0,0.0,0.0,0.0,0.0,0.0,0.0,0.0,0.0,0.0,1.0,1.0,5780,578,578,578.0,0.0,578.0,1.671314239501953e-05,10,0.0,0.0
0.0,47,63.5,48998.878504672895,0.0,0.0,0.0,0.0,0.0,0.0,0.0,0,0,0,0,0,0.0002040863037109,0.0,0.0,0.0,0.0,0.0,0.0,0.0,0.0,0.0,0.0,0.0,0.0,0.0,1.0,1.0,5861,566,629,586.1,23.196982562393757,586.1,2.129077911376953e-05,10,0.0636929928166167,534.8888888888889
0.0,47,63.5,743.7764221875443,0.0,0.0,0.0,0.0,0.0,0.0,0.0,0,0,0,0,0,0.0134449005126953,0.0,0.0,0.0,0.0,0.0,0.0,0.0,0.0,0.0,0.0,0.0,0.0,0.0,1.0,1.0,5793,571,584,579.3,4.667856991049415,579.3,0.0013454914093017,10,0.0476243182238739,19.61
0.0,47,63.5,1617.0498881949263,0.0,0.0,0.0,0.0,0.0,0.0,0.0,0,0,0,0,0,0.0061841011047363,0.0,0.0,0.0,0.0,0.0,0.0,0.0,0.0,0.0,0.0,0.0,0.0,0.0,1.0,1.0,5817,580,585,581.7,2.213594362117865,581.7,0.0006209135055541,10,0.0312873797993523,4.41
0.0,47,63.5,405.466145934032,0.0,0.0,0.0,0.0,0.0,0.0,0.0,0,0,0,0,0,0.024662971496582,0.0,0.0,0.0,0.0,0.0,0.0,0.0,0.0,0.0,0.0,0.0,0.0,0.0,1.0,1.0,5801,577,585,580.1,2.685351208149711,580.1,0.0024669885635375,10,0.0365919446681518,9.0
0.0,47,63.5,220.4198920577864,0.0,0.0,0.0,0.0,0.0,0.0,0.0,0,0,0,0,0,0.045367956161499,0.0,0.0,0.0,0.0,0.0,0.0,0.0,0.0,0.0,0.0,0.0,0.0,0.0,1.0,1.0,5798,578,584,579.8,2.3944379994757297,579.8,0.0045401096343994,10,0.0347693082634664,5.4375
0.0,47,63.5,375.5442938237559,0.0,0.0,0.0,0.0,0.0,0.0,0.0,0,0,0,0,0,0.0266280174255371,0.0,0.0,0.0,0.0,0.0,0.0,0.0,0.0,0.0,0.0,0.0,0.0,0.0,1.0,1.0,5780,578,578,578.0,0.0,578.0,0.0026637077331542,10,0.0,0.0
0.0,47,63.5,20194.04910929225,0.0,0.0,0.0,0.0,0.0,0.0,0.0,0,0,0,0,0,0.0004951953887939,0.0,0.0,0.0,0.0,0.0,0.0,0.0,0.0,0.0,0.0,0.0,0.0,0.0,1.0,1.0,5780,578,578,578.0,0.0,578.0,5.249977111816406e-05,10,0.0,0.0
0.0,47,63.5,2203.585163391825,0.0,0.0,0.0,0.0,0.0,0.0,0.0,0,0,0,0,0,0.0045380592346191,0.0,0.0,0.0,0.0,0.0,0.0,0.0,0.0,0.0,0.0,0.0,0.0,0.0,1.0,1.0,5780,578,578,578.0,0.0,578.0,0.0004545927047729,10,0.0,0.0
0.0,47,63.5,581.1619625611395,0.0,0.0,0.0,0.0,0.0,0.0,0.0,0,0,0,0,0,0.0172069072723388,0.0,0.0,0.0,0.0,0.0,0.0,0.0,0.0,0.0,0.0,0.0,0.0,0.0,1.0,1.0,5856,564,627,585.6,22.736167956217542,585.6,0.0017226934432983,10,0.0669135353786447,516.6172839506173
0.0,47,63.5,1745.2269795697582,0.0,0.0,0.0,0.0,0.0,0.0,0.0,0,0,0,0,0,0.0057299137115478,0.0,0.0,0.0,0.0,0.0,0.0,0.0,0.0,0.0,0.0,0.0,0.0,0.0,1.0,1.0,5823,579,588,582.3,3.400980250849256,582.3,0.0005753993988037,10,0.033475203314986,12.979591836734697
0.0,47,63.5,362.7788541378356,0.0,0.0,0.0,0.0,0.0,0.0,0.0,0,0,0,0,0,0.0275650024414062,0.0,0.0,0.0,0.0,0.0,0.0,0.0,0.0,0.0,0.0,0.0,0.0,0.0,1.0,1.0,5830,580,586,583.0,2.160246899469287,583.0,0.0027575016021728,10,0.0312656481769678,5.142857142857143
0.0,47,63.5,61771.78203240059,0.0,0.0,0.0,0.0,0.0,0.0,0.0,0,0,0,0,0,0.0001618862152099,0.0,0.0,0.0,0.0,0.0,0.0,0.0,0.0,0.0,0.0,0.0,0.0,0.0,1.0,1.0,5823,580,585,582.3,2.2632326929023945,582.3,1.6999244689941406e-05,10,0.0313076004697807,5.359999999999999
0.0,47,63.5,37449.142857142855,0.0,0.0,0.0,0.0,0.0,0.0,0.0,0,0,0,0,0,0.0002670288085937,0.0,0.0,0.0,0.0,0.0,0.0,0.0,0.0,0.0,0.0,0.0,0.0,0.0,1.0,1.0,5798,578,584,579.8,2.485513584307633,579.8,2.8514862060546877e-05,10,0.0348064088137035,6.25
0.0,47,63.5,552.1872613812897,0.0,0.0,0.0,0.0,0.0,0.0,0.0,0,0,0,0,0,0.0181097984313964,0.0,0.0,0.0,0.0,0.0,0.0,0.0,0.0,0.0,0.0,0.0,0.0,0.0,1.0,1.0,5780,578,578,578.0,0.0,578.0,0.0018119812011718,10,0.0,0.0
0.0,47,63.5,841.8240205523442,0.0,0.0,0.0,0.0,0.0,0.0,0.0,0,0,0,0,0,0.0118789672851562,0.0,0.0,0.0,0.0,0.0,0.0,0.0,0.0,0.0,0.0,0.0,0.0,0.0,1.0,1.0,5780,578,578,578.0,0.0,578.0,0.0011895179748535,10,0.0,0.0
0.0,47,63.5,75166.73835125448,0.0,0.0,0.0,0.0,0.0,0.0,0.0,0,0,0,0,0,0.0001330375671386,0.0,0.0,0.0,0.0,0.0,0.0,0.0,0.0,0.0,0.0,0.0,0.0,0.0,1.0,1.0,5780,578,578,578.0,0.0,578.0,1.4185905456542969e-05,10,0.0,0.0
0.0,47,63.5,504.8755356540999,0.0,0.0,0.0,0.0,0.0,0.0,0.0,0,0,0,0,0,0.0198068618774414,0.0,0.0,0.0,0.0,0.0,0.0,0.0,0.0,0.0,0.0,0.0,0.0,0.0,1.0,1.0,5371,420,578,537.1,64.65197427594751,537.1,0.0019814014434814,10,0.32938307824105,5094.693877551021
0.0,47,63.5,654.9199756413659,0.0,0.0,0.0,0.0,0.0,0.0,0.0,0,0,0,0,0,0.0152690410614013,0.0,0.0,0.0,0.0,0.0,0.0,0.0,0.0,0.0,0.0,0.0,0.0,0.0,1.0,1.0,5205,506,545,520.5,15.994790818680103,520.5,0.001528000831604,10,0.1630069079878976,230.25
0.0,47,63.5,1758.7655149278764,0.0,0.0,0.0,0.0,0.0,0.0,0.0,0,0,0,0,0,0.005685806274414,0.0,0.0,0.0,0.0,0.0,0.0,0.0,0.0,0.0,0.0,0.0,0.0,0.0,1.0,1.0,5222,506,533,522.2,8.337332373793856,522.2,0.0005713939666748,10,0.1598875657157887,100.0
0.0,47,63.5,1193.9039594659987,0.0,0.0,0.0,0.0,0.0,0.0,0.0,0,0,0,0,0,0.0083758831024169,0.0,0.0,0.0,0.0,0.0,0.0,0.0,0.0,0.0,0.0,0.0,0.0,0.0,1.0,1.0,5235,518,527,523.5,2.798809270624444,523.5,0.0008383989334106,10,0.1371818329444815,9.551020408163266
0.0,47,63.5,418.2717871495957,0.0,0.0,0.0,0.0,0.0,0.0,0.0,0,0,0,0,0,0.0239078998565673,0.0,0.0,0.0,0.0,0.0,0.0,0.0,0.0,0.0,0.0,0.0,0.0,0.0,1.0,1.0,5595,506,638,559.5,50.62114182829147,559.5,0.0023977041244506,10,0.1771122983351729,2306.25
0.0,47,63.5,1819.812565081569,0.0,0.0,0.0,0.0,0.0,0.0,0.0,0,0,0,0,0,0.0054950714111328,0.0,0.0,0.0,0.0,0.0,0.0,0.0,0.0,0.0,0.0,0.0,0.0,0.0,1.0,1.0,5848,574,638,584.8,18.778237995675266,584.8,0.0005505084991455,10,0.0482599330299182,870.25
0.0,47,63.5,660.1564492012277,0.0,0.0,0.0,0.0,0.0,0.0,0.0,0,0,0,0,0,0.0151479244232177,0.0,0.0,0.0,0.0,0.0,0.0,0.0,0.0,0.0,0.0,0.0,0.0,0.0,1.0,1.0,5770,572,582,577.0,4.216370213557839,577.0,0.0015158891677856,10,0.0457362705701949,21.44
0.0,47,63.5,347.6076975352638,0.0,0.0,0.0,0.0,0.0,0.0,0.0,0,0,0,0,0,0.0287680625915527,0.0,0.0,0.0,0.0,0.0,0.0,0.0,0.0,0.0,0.0,0.0,0.0,0.0,1.0,1.0,5805,576,584,580.5,3.064129385141706,580.5,0.0028773069381713,10,0.0384503737463313,10.16
0.0,47,63.5,2273.212292016693,0.0,0.0,0.0,0.0,0.0,0.0,0.0,0,0,0,0,0,0.0043990612030029,0.0,0.0,0.0,0.0,0.0,0.0,0.0,0.0,0.0,0.0,0.0,0.0,0.0,1.0,1.0,5886,573,636,588.6,25.09183134009951,588.6,0.0004441022872924,10,0.0525359684147029,612.9876543209876
0.0,47,63.5,24877.247924080664,0.0,0.0,0.0,0.0,0.0,0.0,0.0,0,0,0,0,0,0.0004019737243652,0.0,0.0,0.0,0.0,0.0,0.0,0.0,0.0,0.0,0.0,0.0,0.0,0.0,1.0,1.0,5792,574,586,579.2,4.565571644870382,579.2,4.119873046875e-05,10,0.0424702612652543,19.061728395061728
0.0,47,63.5,4292.165370446172,0.0,0.0,0.0,0.0,0.0,0.0,0.0,0,0,0,0,0,0.0023298263549804,0.0,0.0,0.0,0.0,0.0,0.0,0.0,0.0,0.0,0.0,0.0,0.0,0.0,1.0,1.0,5777,574,583,577.7,2.9458068127047605,577.7,0.0002342939376831,10,0.0418104338632233,20.25
0.0,47,63.5,672.8542094455852,0.0,0.0,0.0,0.0,0.0,0.0,0.0,0,0,0,0,0,0.014862060546875,0.0,0.0,0.0,0.0,0.0,0.0,0.0,0.0,0.0,0.0,0.0,0.0,0.0,1.0,1.0,5791,573,583,579.1,3.9285281382896233,579.1,0.0014868021011352,10,0.0439148852224136,13.89
0.0,47,63.5,1698.9241736876215,0.0,0.0,0.0,0.0,0.0,0.0,0.0,0,0,0,0,0,0.0058860778808593,0.0,0.0,0.0,0.0,0.0,0.0,0.0,0.0,0.0,0.0,0.0,0.0,0.0,1.0,1.0,5390,420,583,539.0,64.07981134664975,539.0,0.0005900144577026,10,0.3291500019501713,5071.102040816326
0.0,47,63.5,481.0974742492716,0.0,0.0,0.0,0.0,0.0,0.0,0.0,0,0,0,0,0,0.0207858085632324,0.0,0.0,0.0,0.0,0.0,0.0,0.0,0.0,0.0,0.0,0.0,0.0,0.0,1.0,1.0,5224,509,537,522.4,10.024414640710392,522.4,0.0020806789398193,10,0.1554624255480397,121.0
0.0,47,63.5,76959.70642201835,0.0,0.0,0.0,0.0,0.0,0.0,0.0,0,0,0,0,0,0.0001299381256103,0.0,0.0,0.0,0.0,0.0,0.0,0.0,0.0,0.0,0.0,0.0,0.0,0.0,1.0,1.0,5216,514,533,521.6,8.669230390037836,521.6,1.3709068298339844e-05,10,0.1463897276916858,72.25
0.0,47,63.5,391.1903673789161,0.0,0.0,0.0,0.0,0.0,0.0,0.0,0,0,0,0,0,0.0255630016326904,0.0,0.0,0.0,0.0,0.0,0.0,0.0,0.0,0.0,0.0,0.0,0.0,0.0,1.0,1.0,5159,506,529,515.9,6.7073757080462455,515.9,0.0025569915771484,10,0.1592235865684297,72.25
0.0,47,63.5,64927.30650154799,0.0,0.0,0.0,0.0,0.0,0.0,0.0,0,0,0,0,0,0.0001540184020996,0.0,0.0,0.0,0.0,0.0,0.0,0.0,0.0,0.0,0.0,0.0,0.0,0.0,1.0,1.0,5046,420,563,504.6,49.21201298689399,504.6,1.64031982421875e-05,10,0.3230934556103412,2420.395061728395
0.0,47,63.5,2916.1537926719043,0.0,0.0,0.0,0.0,0.0,0.0,0.0,0,0,0,0,0,0.0034291744232177,0.0,0.0,0.0,0.0,0.0,0.0,0.0,0.0,0.0,0.0,0.0,0.0,0.0,1.0,1.0,5252,508,532,525.2,8.778762251403478,525.2,0.0003435134887695,10,0.1566591265907317,132.25
0.0,47,63.5,616.7912708449752,0.0,0.0,0.0,0.0,0.0,0.0,0.0,0,0,0,0,0,0.0162129402160644,0.0,0.0,0.0,0.0,0.0,0.0,0.0,0.0,0.0,0.0,0.0,0.0,0.0,1.0,1.0,5227,504,533,522.7,11.372969904314546,522.7,0.0016240835189819,10,0.1645324230202215,120.83950617283952
0.0,47,63.5,964.695708174249,0.0,0.0,0.0,0.0,0.0,0.0,0.0,0,0,0,0,0,0.0103659629821777,0.0,0.0,0.0,0.0,0.0,0.0,0.0,0.0,0.0,0.0,0.0,0.0,0.0,1.0,1.0,5233,512,531,523.3,6.412661087428699,523.3,0.0010374069213867,10,0.1488787516205749,37.010000000000005
0.0,47,63.5,1135.5906321916882,0.0,0.0,0.0,0.0,0.0,0.0,0.0,0,0,0,0,0,0.0088059902191162,0.0,0.0,0.0,0.0,0.0,0.0,0.0,0.0,0.0,0.0,0.0,0.0,0.0,1.0,1.0,5474,511,578,547.4,32.64012527209076,547.4,0.0008827924728393,10,0.1612669014308389,958.84
0.0,47,63.5,796.623805815654,0.0,0.0,0.0,0.0,0.0,0.0,0.0,0,0,0,0,0,0.0125529766082763,0.0,0.0,0.0,0.0,0.0,0.0,0.0,0.0,0.0,0.0,0.0,0.0,0.0,1.0,1.0,5780,578,578,578.0,0.0,578.0,0.0012560129165649,10,0.0,0.0
0.0,47,63.5,832.9303360076257,0.0,0.0,0.0,0.0,0.0,0.0,0.0,0,0,0,0,0,0.0120058059692382,0.0,0.0,0.0,0.0,0.0,0.0,0.0,0.0,0.0,0.0,0.0,0.0,0.0,1.0,1.0,5780,578,578,578.0,0.0,578.0,0.0012014865875244,10,0.0,0.0
0.0,47,63.5,352.299693419008,0.0,0.0,0.0,0.0,0.0,0.0,0.0,0,0,0,0,0,0.0283849239349365,0.0,0.0,0.0,0.0,0.0,0.0,0.0,0.0,0.0,0.0,0.0,0.0,0.0,1.0,1.0,5780,578,578,578.0,0.0,578.0,0.0028396129608154,10,0.0,0.0
0.0,47,63.5,1290.9920280710394,0.0,0.0,0.0,0.0,0.0,0.0,0.0,0,0,0,0,0,0.0077459812164306,0.0,0.0,0.0,0.0,0.0,0.0,0.0,0.0,0.0,0.0,0.0,0.0,0.0,1.0,1.0,5792,549,614,579.2,21.76541599265526,579.2,0.0007756948471069,10,0.0920800398587681,472.46913580246905
0.0,47,63.5,50231.18562874252,0.0,0.0,0.0,0.0,0.0,0.0,0.0,0,0,0,0,0,0.0001990795135498,0.0,0.0,0.0,0.0,0.0,0.0,0.0,0.0,0.0,0.0,0.0,0.0,0.0,1.0,1.0,5763,569,581,576.3,4.24394994210713,576.3,2.0909309387207032e-05,10,0.0508598954484167,24.56
0.0,47,63.5,876.809097750648,0.0,0.0,0.0,0.0,0.0,0.0,0.0,0,0,0,0,0,0.0114049911499023,0.0,0.0,0.0,0.0,0.0,0.0,0.0,0.0,0.0,0.0,0.0,0.0,0.0,1.0,1.0,5774,575,581,577.4,2.3190036174568114,577.4,0.0011412858963012,10,0.0398509693136072,6.25
0.0,47,63.5,1141.2761557508638,0.0,0.0,0.0,0.0,0.0,0.0,0.0,0,0,0,0,0,0.0087621212005615,0.0,0.0,0.0,0.0,0.0,0.0,0.0,0.0,0.0,0.0,0.0,0.0,0.0,1.0,1.0,5757,574,578,575.7,1.4181364924121764,575.7,0.0008781194686889,10,0.041188122081549,3.3600000000000003
0.0,47,63.5,478.6488337061213,0.0,0.0,0.0,0.0,0.0,0.0,0.0,0,0,0,0,0,0.0208921432495117,0.0,0.0,0.0,0.0,0.0,0.0,0.0,0.0,0.0,0.0,0.0,0.0,0.0,1.0,1.0,5659,519,597,565.9,27.68653904778357,565.9,0.0020911931991577,10,0.1456159685465052,746.0
0.0,47,63.5,1263.116304282359,0.0,0.0,0.0,0.0,0.0,0.0,0.0,0,0,0,0,0,0.0079169273376464,0.0,0.0,0.0,0.0,0.0,0.0,0.0,0.0,0.0,0.0,0.0,0.0,0.0,1.0,1.0,5516,547,559,551.6,3.470510689285432,551.6,0.0007922887802124,10,0.0880356872343873,10.84
0.0,47,63.5,3761.03299856528,0.0,0.0,0.0,0.0,0.0,0.0,0.0,0,0,0,0,0,0.0026588439941406,0.0,0.0,0.0,0.0,0.0,0.0,0.0,0.0,0.0,0.0,0.0,0.0,0.0,1.0,1.0,5515,545,559,551.5,4.576510072581994,551.5,0.0002665996551513,10,0.091894487143167,35.760000000000005
0.0,47,63.5,383.4792228571429,0.0,0.0,0.0,0.0,0.0,0.0,0.0,0,0,0,0,0,0.0260770320892334,0.0,0.0,0.0,0.0,0.0,0.0,0.0,0.0,0.0,0.0,0.0,0.0,0.0,1.0,1.0,5536,550,559,553.6,2.988868236194653,553.6,0.0026085138320922,10,0.0827270953646963,10.857142857142858
0.0,47,63.5,87018.75518672199,0.0,0.0,0.0,0.0,0.0,0.0,0.0,0,0,0,0,0,0.0001149177551269,0.0,0.0,0.0,0.0,0.0,0.0,0.0,0.0,0.0,0.0,0.0,0.0,0.0,1.0,1.0,5359,467,579,535.9,40.231137747327566,535.9,1.208782196044922e-05,10,0.2393408962727514,1574.4444444444443
0.0,47,63.5,2485.0716909586445,0.0,0.0,0.0,0.0,0.0,0.0,0.0,0,0,0,0,0,0.0040240287780761,0.0,0.0,0.0,0.0,0.0,0.0,0.0,0.0,0.0,0.0,0.0,0.0,0.0,1.0,1.0,5325,517,544,532.5,9.25262725452134,532.5,0.0004029035568237,10,0.1415149902384018,144.0
0.0,47,63.5,503.1916884612616,0.0,0.0,0.0,0.0,0.0,0.0,0.0,0,0,0,0,0,0.0198731422424316,0.0,0.0,0.0,0.0,0.0,0.0,0.0,0.0,0.0,0.0,0.0,0.0,0.0,1.0,1.0,5401,535,553,540.1,6.26187760269323,540.1,0.0019895076751708,10,0.1096223384602331,35.29
0.0,47,63.5,1944.417968568912,0.0,0.0,0.0,0.0,0.0,0.0,0.0,0,0,0,0,0,0.0051429271697998,0.0,0.0,0.0,0.0,0.0,0.0,0.0,0.0,0.0,0.0,0.0,0.0,0.0,1.0,1.0,5428,538,553,542.8,4.685675570881488,542.8,0.0005152940750122,10,0.1038678668005543,36.0
0.0,47,63.5,1133.0138577487237,0.0,0.0,0.0,0.0,0.0,0.0,0.0,0,0,0,0,0,0.0088260173797607,0.0,0.0,0.0,0.0,0.0,0.0,0.0,0.0,0.0,0.0,0.0,0.0,0.0,1.0,1.0,5484,522,598,548.4,28.237878422037618,548.4,0.0008830070495605,10,0.1407281721540012,796.5432098765433
0.0,47,63.5,821.9612761621071,0.0,0.0,0.0,0.0,0.0,0.0,0.0,0,0,0,0,0,0.0121660232543945,0.0,0.0,0.0,0.0,0.0,0.0,0.0,0.0,0.0,0.0,0.0,0.0,0.0,1.0,1.0,5534,549,561,553.4,4.575295983139597,553.4,0.0012188911437988,10,0.0850774725716918,18.84
0.0,47,63.5,451.4470228613252,0.0,0.0,0.0,0.0,0.0,0.0,0.0,0,0,0,0,0,0.0221509933471679,0.0,0.0,0.0,0.0,0.0,0.0,0.0,0.0,0.0,0.0,0.0,0.0,0.0,1.0,1.0,5503,545,555,550.3,3.945461527713414,550.3,0.0022156953811645,10,0.0916374232079293,20.16
0.0,47,63.5,1119.1973529725692,0.0,0.0,0.0,0.0,0.0,0.0,0.0,0,0,0,0,0,0.0089349746704101,0.0,0.0,0.0,0.0,0.0,0.0,0.0,0.0,0.0,0.0,0.0,0.0,0.0,1.0,1.0,5526,550,556,552.6,2.590581230363393,552.6,0.0009036064147949,10,0.0825648491700008,6.666666666666667
0.0,47,63.5,4125.409658699715,0.0,0.0,0.0,0.0,0.0,0.0,0.0,0,0,0,0,0,0.0024240016937255,0.0,0.0,0.0,0.0,0.0,0.0,0.0,0.0,0.0,0.0,0.0,0.0,0.0,1.0,1.0,5690,552,617,569.0,26.633312473917574,569.0,0.0002429962158203,10,0.088950636169375,694.395061728395
0.0,47,63.5,447.4497002282959,0.0,0.0,0.0,0.0,0.0,0.0,0.0,0,0,0,0,0,0.0223488807678222,0.0,0.0,0.0,0.0,0.0,0.0,0.0,0.0,0.0,0.0,0.0,0.0,0.0,1.0,1.0,5812,577,586,581.2,3.852848873813304,581.2,0.0022367000579833,10,0.0370675365172366,14.9375
0.0,47,63.5,60611.32947976879,0.0,0.0,0.0,0.0,0.0,0.0,0.0,0,0,0,0,0,0.0001649856567382,0.0,0.0,0.0,0.0,0.0,0.0,0.0,0.0,0.0,0.0,0.0,0.0,0.0,1.0,1.0,5790,577,581,579.0,1.563471919941143,579.0,1.950263977050781e-05,10,0.0361349359213072,3.3600000000000003
0.0,47,63.5,323.0288887348567,0.0,0.0,0.0,0.0,0.0,0.0,0.0,0,0,0,0,0,0.0309569835662841,0.0,0.0,0.0,0.0,0.0,0.0,0.0,0.0,0.0,0.0,0.0,0.0,0.0,1.0,1.0,5776,573,580,577.6,2.503331114069145,577.6,0.0030965089797973,10,0.0433343169626272,6.122448979591836
0.0,47,63.5,81920.0,0.0,0.0,0.0,0.0,0.0,0.0,0.0,0,0,0,0,0,0.0001220703125,0.0,0.0,0.0,0.0,0.0,0.0,0.0,0.0,0.0,0.0,0.0,0.0,0.0,1.0,1.0,5544,475,582,554.4,43.82338290101404,554.4,1.2803077697753909e-05,10,0.227171193258557,2182.408163265306
0.0,47,63.5,133152.50793650793,0.0,0.0,0.0,0.0,0.0,0.0,0.0,0,0,0,0,0,7.510185241699219e-05,0.0,0.0,0.0,0.0,0.0,0.0,0.0,0.0,0.0,0.0,0.0,0.0,0.0,1.0,1.0,5332,522,539,533.2,6.795423296438403,533.2,8.296966552734374e-06,10,0.1319933736340371,64.0
0.0,47,63.5,2177.7279335410176,0.0,0.0,0.0,0.0,0.0,0.0,0.0,0,0,0,0,0,0.004591941833496,0.0,0.0,0.0,0.0,0.0,0.0,0.0,0.0,0.0,0.0,0.0,0.0,0.0,1.0,1.0,5395,532,555,539.5,6.519202405202649,539.5,0.0004596948623657,10,0.1148395522917834,38.25
0.0,47,63.5,839.4988191025179,0.0,0.0,0.0,0.0,0.0,0.0,0.0,0,0,0,0,0,0.0119118690490722,0.0,0.0,0.0,0.0,0.0,0.0,0.0,0.0,0.0,0.0,0.0,0.0,0.0,1.0,1.0,5359,523,555,535.9,9.893319856235204,535.9,0.0011920928955078,10,0.131551202776636,96.0
0.0,47,63.5,654.6644190547544,0.0,0.0,0.0,0.0,0.0,0.0,0.0,0,0,0,0,0,0.0152750015258789,0.0,0.0,0.0,0.0,0.0,0.0,0.0,0.0,0.0,0.0,0.0,0.0,0.0,1.0,1.0,5596,521,617,559.6,34.951394821952384,559.6,0.0015278100967407,10,0.1451671201946705,1170.2222222222222
0.0,47,63.5,322.4874481973843,0.0,0.0,0.0,0.0,0.0,0.0,0.0,0,0,0,0,0,0.0310089588165283,0.0,0.0,0.0,0.0,0.0,0.0,0.0,0.0,0.0,0.0,0.0,0.0,0.0,1.0,1.0,5787,578,580,578.7,0.6749485577105528,578.7,0.0031019926071166,10,0.0,0.56
0.0,47,63.5,34017.06407137064,0.0,0.0,0.0,0.0,0.0,0.0,0.0,0,0,0,0,0,0.0002939701080322,0.0,0.0,0.0,0.0,0.0,0.0,0.0,0.0,0.0,0.0,0.0,0.0,0.0,1.0,1.0,5782,573,581,578.2,2.485513584307633,578.2,3.2806396484375e-05,10,0.0433270588137035,5.56
0.0,47,63.5,32363.45679012345,0.0,0.0,0.0,0.0,0.0,0.0,0.0,0,0,0,0,0,0.0003089904785156,0.0,0.0,0.0,0.0,0.0,0.0,0.0,0.0,0.0,0.0,0.0,0.0,0.0,1.0,1.0,5771,573,581,577.1,2.923088169119167,577.1,3.209114074707031e-05,10,0.0435053091965723,13.04
0.0,47,63.5,3287.329728035113,0.0,0.0,0.0,0.0,0.0,0.0,0.0,0,0,0,0,0,0.0030419826507568,0.0,0.0,0.0,0.0,0.0,0.0,0.0,0.0,0.0,0.0,0.0,0.0,0.0,1.0,1.0,5916,575,638,591.6,24.766464781590805,591.6,0.0003059148788452,10,0.0489951670934288,583.3333333333334
0.0,47,63.5,1022.7016482980592,0.0,0.0,0.0,0.0,0.0,0.0,0.0,0,0,0,0,0,0.0097780227661132,0.0,0.0,0.0,0.0,0.0,0.0,0.0,0.0,0.0,0.0,0.0,0.0,0.0,1.0,1.0,5797,575,588,579.7,5.598610938835137,579.7,0.0009802818298339,10,0.0411869501520439,36.0
0.0,47,63.5,974.7394840808738,0.0,0.0,0.0,0.0,0.0,0.0,0.0,0,0,0,0,0,0.0102591514587402,0.0,0.0,0.0,0.0,0.0,0.0,0.0,0.0,0.0,0.0,0.0,0.0,0.0,1.0,1.0,5807,575,586,580.7,4.691600058733813,580.7,0.0010270118713378,10,0.0408174701999258,29.04
0.0,47,63.5,555.7430570277719,0.0,0.0,0.0,0.0,0.0,0.0,0.0,0,0,0,0,0,0.0179939270019531,0.0,0.0,0.0,0.0,0.0,0.0,0.0,0.0,0.0,0.0,0.0,0.0,0.0,1.0,1.0,5799,578,586,579.9,2.378141197564929,579.9,0.0018004894256591,10,0.03476266959824,16.0
0.0,47,63.5,5814.116994732464,0.0,0.0,0.0,0.0,0.0,0.0,0.0,0,0,0,0,0,0.0017199516296386,0.0,0.0,0.0,0.0,0.0,0.0,0.0,0.0,0.0,0.0,0.0,0.0,0.0,1.0,1.0,5787,575,584,578.7,3.0930028559098792,578.7,0.0001729011535644,10,0.0401662656433835,16.240000000000002
0.0,47,63.5,64527.75384615385,0.0,0.0,0.0,0.0,0.0,0.0,0.0,0,0,0,0,0,0.000154972076416,0.0,0.0,0.0,0.0,0.0,0.0,0.0,0.0,0.0,0.0,0.0,0.0,0.0,1.0,1.0,5780,578,578,578.0,0.0,578.0,1.6498565673828126e-05,10,0.0,0.0
0.0,47,63.5,664.8865780004121,0.0,0.0,0.0,0.0,0.0,0.0,0.0,0,0,0,0,0,0.0150401592254638,0.0,0.0,0.0,0.0,0.0,0.0,0.0,0.0,0.0,0.0,0.0,0.0,0.0,1.0,1.0,5780,578,578,578.0,0.0,578.0,0.0015055179595947,10,0.0,0.0
0.0,47,63.5,1474.4793644097588,0.0,0.0,0.0,0.0,0.0,0.0,0.0,0,0,0,0,0,0.006782054901123,0.0,0.0,0.0,0.0,0.0,0.0,0.0,0.0,0.0,0.0,0.0,0.0,0.0,1.0,1.0,5780,578,578,578.0,0.0,578.0,0.0006788969039916,10,0.0,0.0
0.0,47,63.5,429.2956131911322,0.0,0.0,0.0,0.0,0.0,0.0,0.0,0,0,0,0,0,0.0232939720153808,0.0,0.0,0.0,0.0,0.0,0.0,0.0,0.0,0.0,0.0,0.0,0.0,0.0,1.0,1.0,5850,563,626,585.0,22.568414506414346,585.0,0.0023305892944335,10,0.0685493293333329,508.22222222222223
0.0,47,63.5,85598.04081632652,0.0,0.0,0.0,0.0,0.0,0.0,0.0,0,0,0,0,0,0.0001168251037597,0.0,0.0,0.0,0.0,0.0,0.0,0.0,0.0,0.0,0.0,0.0,0.0,0.0,1.0,1.0,5844,580,587,584.4,2.716206504995115,584.4,1.2493133544921876e-05,10,0.0314921238818748,7.061728395061729
0.0,47,63.5,97997.7570093458,0.0,0.0,0.0,0.0,0.0,0.0,0.0,0,0,0,0,0,0.0001020431518554,0.0,0.0,0.0,0.0,0.0,0.0,0.0,0.0,0.0,0.0,0.0,0.0,0.0,1.0,1.0,5848,579,589,584.8,3.583914681524164,584.8,1.0704994201660156e-05,10,0.0335497234846657,16.122448979591834
0.0,47,63.5,912.5590705365302,0.0,0.0,0.0,0.0,0.0,0.0,0.0,0,0,0,0,0,0.010958194732666,0.0,0.0,0.0,0.0,0.0,0.0,0.0,0.0,0.0,0.0,0.0,0.0,0.0,1.0,1.0,5821,580,586,582.1,2.4244128727957577,582.1,0.0010964155197143,10,0.0313732588278621,7.359999999999999
0.0,47,63.5,1276.4940045042304,0.0,0.0,0.0,0.0,0.0,0.0,0.0,0,0,0,0,0,0.0078339576721191,0.0,0.0,0.0,0.0,0.0,0.0,0.0,0.0,0.0,0.0,0.0,0.0,0.0,1.0,1.0,5816,554,617,581.6,21.329166259686133,581.6,0.0007840871810913,10,0.0833816791675458,452.32098765432096
0.0,47,63.5,765.0488837005691,0.0,0.0,0.0,0.0,0.0,0.0,0.0,0,0,0,0,0,0.013071060180664,0.0,0.0,0.0,0.0,0.0,0.0,0.0,0.0,0.0,0.0,0.0,0.0,0.0,1.0,1.0,5442,420,577,544.2,65.60453913835197,544.2,0.0013091087341308,10,0.3297711150633991,4260.3209876543215
0.0,47,63.5,535.75996014664,0.0,0.0,0.0,0.0,0.0,0.0,0.0,0,0,0,0,0,0.018665075302124,0.0,0.0,0.0,0.0,0.0,0.0,0.0,0.0,0.0,0.0,0.0,0.0,0.0,1.0,1.0,5323,516,563,532.3,12.472636716695735,532.3,0.001867389678955,10,0.1445308232929132,196.0
0.0,47,63.5,484.6833146515364,0.0,0.0,0.0,0.0,0.0,0.0,0.0,0,0,0,0,0,0.0206320285797119,0.0,0.0,0.0,0.0,0.0,0.0,0.0,0.0,0.0,0.0,0.0,0.0,0.0,1.0,1.0,5272,516,536,527.2,8.390470785361211,527.2,0.0020648956298828,10,0.1428679121791247,81.63265306122449
0.0,47,63.5,613.6509144111193,0.0,0.0,0.0,0.0,0.0,0.0,0.0,0,0,0,0,0,0.0162959098815917,0.0,0.0,0.0,0.0,0.0,0.0,0.0,0.0,0.0,0.0,0.0,0.0,0.0,1.0,1.0,5251,505,538,525.1,11.976365614548234,525.1,0.0016323089599609,10,0.1630740922967423,129.08999999999995
0.0,47,63.5,129854.61300309598,0.0,0.0,0.0,0.0,0.0,0.0,0.0,0,0,0,0,0,7.700920104980469e-05,0.0,0.0,0.0,0.0,0.0,0.0,0.0,0.0,0.0,0.0,0.0,0.0,0.0,1.0,1.0,5216,484,585,521.6,30.6999819037225,521.6,8.797645568847656e-06,10,0.2064880746283003,848.24
0.0,47,63.5,326.31863942614405,0.0,0.0,0.0,0.0,0.0,0.0,0.0,0,0,0,0,0,0.0306448936462402,0.0,0.0,0.0,0.0,0.0,0.0,0.0,0.0,0.0,0.0,0.0,0.0,0.0,1.0,1.0,5435,535,585,543.5,14.886608448908405,543.5,0.0030648946762084,10,0.1131357088177473,441.0
0.0,47,63.5,3559.925309794602,0.0,0.0,0.0,0.0,0.0,0.0,0.0,0,0,0,0,0,0.0028090476989746,0.0,0.0,0.0,0.0,0.0,0.0,0.0,0.0,0.0,0.0,0.0,0.0,0.0,1.0,1.0,5403,532,548,540.3,5.396500923952689,540.3,0.0002844095230102,10,0.1143822086163814,51.84
0.0,47,63.5,60611.32947976879,0.0,0.0,0.0,0.0,0.0,0.0,0.0,0,0,0,0,0,0.0001649856567382,0.0,0.0,0.0,0.0,0.0,0.0,0.0,0.0,0.0,0.0,0.0,0.0,0.0,1.0,1.0,5391,535,552,539.1,4.771442828607157,539.1,1.7595291137695312e-05,10,0.1090151949506613,20.49
0.0,47,63.42857142857143,64245.35667396061,0.0,0.0,0.0,0.0,0.0,0.0,0.0,0,0,0,0,0,0.0001089572906494,0.0,0.0,0.0,0.0,0.0,0.0,0.0,0.0,0.0,0.0,0.0,0.0,0.0,1.0,1.0,3850,547,552,550.0,2.23606797749979,550.0,1.6859599522181918e-05,7,0.0875328246513143,6.25
