Header_Length,Protocol Type,Time_To_Live,Rate,fin_flag_number,syn_flag_number,rst_flag_number,psh_flag_number,ack_flag_number,ece_flag_number,cwr_flag_number,ack_count,syn_count,fin_count,rst_count,urg_count,Flow Duration,HTTP,HTTPS,DNS,Telnet,SMTP,SSH,IRC,TCP,UDP,DHCP,ARP,ICMP,IGMP,IPv,LLC,Tot sum,Min,Max,AVG,Std,Tot size,IAT,Number,Variance,Covariance
20.0,6,64.0,530.4746607307726,0.0,0.0,0.5,0.5,0.5,0.0,0.0,5,0,0,5,0,0.0188510417938232,0.0,1.0,0.0,0.0,0.0,0.0,0.0,1.0,0.0,0.0,0.0,0.0,0.0,1.0,1.0,590,54,64,59.0,5.270462766947299,59.0,0.0018851041793823,10,0.9289050057127436,25.0
20.0,6,64.0,668.0849301540275,0.0,0.0,0.5,0.5,0.5,0.0,0.0,5,0,0,5,0,0.0149681568145751,0.0,1.0,0.0,0.0,0.0,0.0,0.0,1.0,0.0,0.0,0.0,0.0,0.0,1.0,1.0,590,54,64,59.0,5.270462766947299,59.0,0.0018162965774536,10,0.9289050057127436,25.0
20.0,6,64.0,262.2472598585693,0.0,0.0,0.5,0.5,0.5,0.0,0.0,5,0,0,5,0,0.0381319522857666,0.0,1.0,0.0,0.0,0.0,0.0,0.0,1.0,0.0,0.0,0.0,0.0,0.0,1.0,1.0,600,54,66,60.0,6.324555320336759,60.0,0.0045943975448608,10,0.9293344008552924,36.0
20.0,6,64.0,721.030066527995,0.0,0.0,0.5,0.5,0.5,0.0,0.0,5,0,0,5,0,0.0138690471649169,0.0,1.0,0.0,0.0,0.0,0.0,0.0,1.0,0.0,0.0,0.0,0.0,0.0,1.0,1.0,600,54,66,60.0,6.324555320336759,60.0,0.0020791053771972,10,0.9293344008552924,36.0
20.0,6,64.0,257.6844485129232,0.0,0.0,1.0,0.0,0.0,0.0,0.0,0,0,0,10,0,0.0388071537017822,0.0,1.0,0.0,0.0,0.0,0.0,0.0,1.0,0.0,0.0,0.0,0.0,0.0,1.0,1.0,640,64,64,64.0,0.0,64.0,0.004303503036499,10,0.0,0.0
20.0,6,64.0,262.30794246404,0.0,0.0,1.0,0.0,0.0,0.0,0.0,0,0,0,10,0,0.0381231307983398,0.0,1.0,0.0,0.0,0.0,0.0,0.0,1.0,0.0,0.0,0.0,0.0,0.0,1.0,1.0,660,66,66,66.0,0.0,66.0,0.0042799949645996,10,0.0,0.0
20.0,6,64.0,1897.875113122172,0.0,0.0,1.0,0.0,0.0,0.0,0.0,0,0,0,10,0,0.0052690505981445,0.0,1.0,0.0,0.0,0.0,0.0,0.0,1.0,0.0,0.0,0.0,0.0,0.0,1.0,1.0,660,66,66,66.0,0.0,66.0,0.0008640050888061,10,0.0,0.0
20.0,6,64.0,354.4582100904251,0.0,0.0,1.0,0.0,0.0,0.0,0.0,0,0,0,10,0,0.0282120704650878,0.0,1.0,0.0,0.0,0.0,0.0,0.0,1.0,0.0,0.0,0.0,0.0,0.0,1.0,1.0,680,68,68,68.0,0.0,68.0,0.0031045913696289,10,0.0,0.0
20.0,6,64.0,646.4112443362204,0.0,0.0,0.5,0.5,0.5,0.0,0.0,5,0,0,5,0,0.0154700279235839,0.0,1.0,0.0,0.0,0.0,0.0,0.0,1.0,0.0,0.0,0.0,0.0,0.0,1.0,1.0,590,54,64,59.0,5.270462766947299,59.0,0.0035965919494628,10,0.9289050057127436,25.0
20.0,6,64.0,2483.747261206845,0.0,0.0,0.5,0.5,0.5,0.0,0.0,5,0,0,5,0,0.004026174545288,0.0,1.0,0.0,0.0,0.0,0.0,0.0,1.0,0.0,0.0,0.0,0.0,0.0,1.0,1.0,590,54,64,59.0,5.270462766947299,59.0,0.0005472183227539,10,0.9289050057127436,25.0
20.0,6,64.0,511.87503051012936,0.0,0.0,0.5,0.5,0.5,0.0,0.0,5,0,0,5,0,0.019536018371582,0.0,1.0,0.0,0.0,0.0,0.0,0.0,1.0,0.0,0.0,0.0,0.0,0.0,1.0,1.0,612,54,66,61.2,6.196773353931867,61.2,0.0020070791244506,10,0.9292823475934576,36.0
20.0,6,64.0,546.9238091512473,0.0,0.0,0.6,0.4,0.4,0.0,0.0,4,0,0,6,0,0.0182840824127197,0.0,1.0,0.0,0.0,0.0,0.0,0.0,1.0,0.0,0.0,0.0,0.0,0.0,1.0,1.0,1758,54,1224,175.8,368.3482048279861,175.8,0.001830506324768,10,1.0,133848.8888888889
20.0,6,64.0,479.6176144355125,0.0,0.0,0.5,0.5,0.5,0.0,0.0,5,0,0,5,0,0.0208499431610107,0.0,1.0,0.0,0.0,0.0,0.0,0.0,1.0,0.0,0.0,0.0,0.0,0.0,1.0,1.0,7560,54,1224,756.0,604.1854020083571,756.0,0.002278995513916,10,1.0,338000.0
20.0,6,64.0,239.6991690573888,0.0,0.0,0.5,0.5,0.5,0.0,0.0,5,0,0,5,0,0.0417189598083496,0.0,1.0,0.0,0.0,0.0,0.0,0.0,1.0,0.0,0.0,0.0,0.0,0.0,1.0,1.0,6394,54,1226,639.4,617.0662129067764,639.4,0.004193902015686,10,1.0,342693.64
20.0,6,64.0,420.20357457722207,0.0,0.0,0.5,0.5,0.5,0.0,0.0,5,0,0,5,0,0.0237979888916015,0.0,1.0,0.0,0.0,0.0,0.0,0.0,1.0,0.0,0.0,0.0,0.0,0.0,1.0,1.0,6400,54,1226,640.0,617.6982362862234,640.0,0.0023833990097045,10,1.0,343396.0
20.0,6,64.0,1134.9453404048056,0.0,0.0,0.5,0.5,0.5,0.0,0.0,5,0,0,5,0,0.0088109970092773,0.0,1.0,0.0,0.0,0.0,0.0,0.0,1.0,0.0,0.0,0.0,0.0,0.0,1.0,1.0,4080,54,1226,408.0,564.4938736012406,408.0,0.0008860111236572,10,1.0,343396.0
20.0,6,64.0,984.925208406716,0.0,0.0,0.5,0.5,0.5,0.0,0.0,5,0,0,5,0,0.01015305519104,0.0,1.0,0.0,0.0,0.0,0.0,0.0,1.0,0.0,0.0,0.0,0.0,0.0,1.0,1.0,600,54,66,60.0,6.324555320336759,60.0,0.00101900100708,10,0.9293344008552924,36.0
20.0,6,64.0,284.4058694296021,0.0,0.0,0.6,0.4,0.4,0.0,0.0,4,0,0,6,0,0.035161018371582,0.0,1.0,0.0,0.0,0.0,0.0,0.0,1.0,0.0,0.0,0.0,0.0,0.0,1.0,1.0,604,54,68,60.4,6.785605679999719,60.4,0.0035191059112548,10,0.9295222143298046,41.44
20.0,6,64.0,831.5267342043179,0.0,0.0,0.5,0.5,0.5,0.0,0.0,5,0,0,5,0,0.0120260715484619,0.0,1.0,0.0,0.0,0.0,0.0,0.0,1.0,0.0,0.0,0.0,0.0,0.0,1.0,1.0,610,54,68,61.0,7.378647873726218,61.0,0.0012061834335327,10,0.9297637959978412,49.0
20.0,6,64.0,396.5270004537891,0.0,0.0,0.6,0.4,0.4,0.0,0.0,4,0,0,6,0,0.0252189636230468,0.0,1.0,0.0,0.0,0.0,0.0,0.0,1.0,0.0,0.0,0.0,0.0,0.0,1.0,1.0,618,54,68,61.8,6.762642481555072,61.8,0.0029860973358154,10,0.9295128600412864,49.0
20.0,6,64.0,317.4400775000189,0.0,0.0,0.9,0.1,0.1,0.0,0.0,1,0,0,9,0,0.0315020084381103,0.0,1.0,0.0,0.0,0.0,0.0,0.0,1.0,0.0,0.0,0.0,0.0,0.0,1.0,1.0,666,66,68,66.6,0.966091783079296,66.6,0.0035247087478637,10,0.0,0.8400000000000001
20.0,6,64.0,240.72130808831548,0.0,0.0,0.8,0.2,0.2,0.0,0.0,2,0,0,8,0,0.0415418148040771,0.0,1.0,0.0,0.0,0.0,0.0,0.0,1.0,0.0,0.0,0.0,0.0,0.0,1.0,1.0,638,54,68,63.8,6.762642481555072,63.8,0.0041581869125366,10,0.9295128600412864,49.0
20.0,6,64.0,148.8825389838811,0.0,0.0,1.0,0.0,0.0,0.0,0.0,0,0,0,10,0,0.067167043685913,0.0,1.0,0.0,0.0,0.0,0.0,0.0,1.0,0.0,0.0,0.0,0.0,0.0,1.0,1.0,940,94,94,94.0,0.0,94.0,0.0072596073150634,10,0.0,0.0
20.0,6,64.0,2875.174115711544,0.0,0.0,1.0,0.0,0.0,0.0,0.0,0,0,0,10,0,0.0034780502319335,0.0,1.0,0.0,0.0,0.0,0.0,0.0,1.0,0.0,0.0,0.0,0.0,0.0,1.0,1.0,960,96,96,96.0,0.0,96.0,0.0007739067077636,10,0.0,0.0
20.0,6,64.0,181.82741952964128,0.0,0.0,1.0,0.0,0.0,0.0,0.0,0,0,0,10,0,0.0549972057342529,0.0,1.0,0.0,0.0,0.0,0.0,0.0,1.0,0.0,0.0,0.0,0.0,0.0,1.0,1.0,4980,498,498,498.0,0.0,498.0,0.0057043075561523,10,0.0,0.0
20.0,6,64.0,608.1698228112404,0.0,0.0,1.0,0.0,0.0,0.0,0.0,0,0,0,10,0,0.0164427757263183,0.0,1.0,0.0,0.0,0.0,0.0,0.0,1.0,0.0,0.0,0.0,0.0,0.0,1.0,1.0,5000,500,500,500.0,0.0,500.0,0.0019648790359497,10,0.0,0.0
20.0,6,64.0,199.98779371376256,0.0,0.0,0.6,0.4,0.4,0.0,0.0,4,0,0,6,0,0.0500030517578125,0.0,1.0,0.0,0.0,0.0,0.0,0.0,1.0,0.0,0.0,0.0,0.0,0.0,1.0,1.0,778,54,88,77.8,16.42356031234803,77.8,0.0053016185760498,10,0.933448331528838,289.0
20.0,6,64.0,854.2022728198444,0.0,0.0,0.6,0.4,0.4,0.0,0.0,4,0,0,6,0,0.0117068290710449,0.0,1.0,0.0,0.0,0.0,0.0,0.0,1.0,0.0,0.0,0.0,0.0,0.0,1.0,1.0,714,54,90,71.4,18.355743878506622,71.4,0.0011752843856811,10,0.9342354258263484,303.24
20.0,6,64.0,757.5731960624944,0.0,0.0,0.5,0.5,0.5,0.0,0.0,5,0,0,5,0,0.013200044631958,0.0,1.0,0.0,0.0,0.0,0.0,0.0,1.0,0.0,0.0,0.0,0.0,0.0,1.0,1.0,720,54,90,72.0,18.97366596101028,72.0,0.0016241073608398,10,0.9344871425658772,324.0
20.0,6,64.0,1701.2671371785511,0.0,0.0,0.5,0.5,0.5,0.0,0.0,5,0,0,5,0,0.0058779716491699,0.0,1.0,0.0,0.0,0.0,0.0,0.0,1.0,0.0,0.0,0.0,0.0,0.0,1.0,1.0,678,54,90,67.8,15.929009176133128,67.8,0.0007055044174194,10,0.9332468711779895,324.0
20.0,6,64.0,518.7824215512869,0.0,0.0,0.5,0.5,0.5,0.0,0.0,5,0,0,5,0,0.0192759037017822,0.0,1.0,0.0,0.0,0.0,0.0,0.0,1.0,0.0,0.0,0.0,0.0,0.0,1.0,1.0,590,54,64,59.0,5.270462766947299,59.0,0.0019305944442749,10,0.9289050057127436,25.0
20.0,6,64.0,227.8881397004091,0.0,0.0,0.5,0.5,0.5,0.0,0.0,5,0,0,5,0,0.0438811779022216,0.0,1.0,0.0,0.0,0.0,0.0,0.0,1.0,0.0,0.0,0.0,0.0,0.0,1.0,1.0,596,54,66,59.6,5.94792213951879,59.6,0.0043914079666137,10,0.9291809755627544,31.84
20.0,6,64.0,843.8903867047603,0.0,0.0,0.6,0.4,0.4,0.0,0.0,4,0,0,6,0,0.0118498802185058,0.0,1.0,0.0,0.0,0.0,0.0,0.0,1.0,0.0,0.0,0.0,0.0,0.0,1.0,1.0,600,54,66,60.0,6.324555320336759,60.0,0.0011906862258911,10,0.9293344008552924,36.0
20.0,6,64.0,980.000467300638,0.0,0.0,0.8,0.2,0.2,0.0,0.0,2,0,0,8,0,0.0102040767669677,0.0,1.0,0.0,0.0,0.0,0.0,0.0,1.0,0.0,0.0,0.0,0.0,0.0,1.0,1.0,636,54,66,63.6,5.059644256269407,63.6,0.0011160135269165,10,0.928819126684234,36.0
20.0,6,64.0,240.65086924092031,0.0,0.0,1.0,0.0,0.0,0.0,0.0,0,0,0,10,0,0.0415539741516113,0.0,1.0,0.0,0.0,0.0,0.0,0.0,1.0,0.0,0.0,0.0,0.0,0.0,1.0,1.0,672,66,68,67.2,1.0327955589886444,67.2,0.0045559883117675,10,0.9067291895989096,1.0
20.0,6,64.0,224.71973682800595,0.0,0.0,0.7,0.3,0.3,0.0,0.0,3,0,0,7,0,0.0444998741149902,0.0,1.0,0.0,0.0,0.0,0.0,0.0,1.0,0.0,0.0,0.0,0.0,0.0,1.0,1.0,632,54,68,63.2,6.408327915038888,63.2,0.0048460006713867,10,0.9293685264594702,36.96
20.0,6,64.0,357.3087080231033,0.0,0.0,0.5,0.5,0.5,0.0,0.0,5,0,0,5,0,0.027987003326416,0.0,1.0,0.0,0.0,0.0,0.0,0.0,1.0,0.0,0.0,0.0,0.0,0.0,1.0,1.0,600,54,66,60.0,6.324555320336759,60.0,0.0028013944625854,10,0.9293344008552924,36.0
20.0,6,64.0,2013.2981327701243,0.0,0.0,0.5,0.5,0.5,0.0,0.0,5,0,0,5,0,0.0049669742584228,0.0,1.0,0.0,0.0,0.0,0.0,0.0,1.0,0.0,0.0,0.0,0.0,0.0,1.0,1.0,620,54,68,62.0,6.928203230275509,62.0,0.0004993200302124,10,0.9295803028678852,43.55555555555556
20.0,6,64.0,591.9559664102745,0.0,0.0,0.5,0.5,0.5,0.0,0.0,5,0,0,5,0,0.0168931484222412,0.0,1.0,0.0,0.0,0.0,0.0,0.0,1.0,0.0,0.0,0.0,0.0,0.0,1.0,1.0,610,54,68,61.0,7.378647873726218,61.0,0.0016921997070312,10,0.9297637959978412,49.0
20.0,6,64.0,151.9620303612188,0.0,0.0,0.5,0.5,0.5,0.0,0.0,5,0,0,5,0,0.0658059120178222,0.0,1.0,0.0,0.0,0.0,0.0,0.0,1.0,0.0,0.0,0.0,0.0,0.0,1.0,1.0,594,54,68,59.4,5.815687596683838,59.4,0.0065831899642944,10,0.9291271084993852,49.0
20.0,6,64.0,357.70485092447296,0.0,0.0,0.6,0.4,0.4,0.0,0.0,4,0,0,6,0,0.0279560089111328,0.0,1.0,0.0,0.0,0.0,0.0,0.0,1.0,0.0,0.0,0.0,0.0,0.0,1.0,1.0,590,54,64,59.0,5.270462766947299,59.0,0.0027996063232421,10,0.9289050057127436,25.0
20.0,6,64.0,153.09243280335215,0.0,0.0,0.6,0.4,0.4,0.0,0.0,4,0,0,6,0,0.0653200149536132,0.0,1.0,0.0,0.0,0.0,0.0,0.0,1.0,0.0,0.0,0.0,0.0,0.0,1.0,1.0,610,54,66,61.0,6.055300708194984,61.0,0.0067035913467407,10,0.9292247172964904,33.0
20.0,6,64.0,420.4689583270679,0.0,0.0,0.6,0.4,0.4,0.0,0.0,4,0,0,6,0,0.0237829685211181,0.0,1.0,0.0,0.0,0.0,0.0,0.0,1.0,0.0,0.0,0.0,0.0,0.0,1.0,1.0,612,54,66,61.2,6.196773353931867,61.2,0.0031794071197509,10,0.9292823475934576,36.0
20.0,6,64.0,289.8220011055832,0.0,0.0,1.0,0.0,0.0,0.0,0.0,0,0,0,10,0,0.0345039367675781,0.0,1.0,0.0,0.0,0.0,0.0,0.0,1.0,0.0,0.0,0.0,0.0,0.0,1.0,1.0,662,66,68,66.2,0.6324555320336759,66.2,0.0037678956985473,10,0.0,0.36
20.0,6,64.0,649.9874475042229,0.0,0.0,1.0,0.0,0.0,0.0,0.0,0,0,0,10,0,0.0153849124908447,0.0,1.0,0.0,0.0,0.0,0.0,0.0,1.0,0.0,0.0,0.0,0.0,0.0,1.0,1.0,676,64,68,67.6,1.2649110640673518,67.6,0.0015405893325805,10,0.9102320041710584,1.44
20.0,6,64.0,260.52548542181694,0.0,0.0,1.0,0.0,0.0,0.0,0.0,0,0,0,10,0,0.0383839607238769,0.0,1.0,0.0,0.0,0.0,0.0,0.0,1.0,0.0,0.0,0.0,0.0,0.0,1.0,1.0,641,64,65,64.1,0.3162277660168379,64.1,0.0041236162185668,10,0.0,0.09
20.0,6,64.0,793.8345067756833,0.0,0.0,1.0,0.0,0.0,0.0,0.0,0,0,0,10,0,0.0125970840454101,0.0,1.0,0.0,0.0,0.0,0.0,0.0,1.0,0.0,0.0,0.0,0.0,0.0,1.0,1.0,1084,65,499,108.4,137.24285045130767,108.4,0.0012629985809326,10,0.9639198475598448,16952.04
20.0,6,64.0,195.26282221384244,0.0,0.0,1.0,0.0,0.0,0.0,0.0,0,0,0,10,0,0.0512130260467529,0.0,1.0,0.0,0.0,0.0,0.0,0.0,1.0,0.0,0.0,0.0,0.0,0.0,1.0,1.0,4992,499,501,499.2,0.6324555320336759,499.2,0.0053855895996093,10,0.0,0.36
20.0,6,64.0,576.1327454293211,0.0,0.0,1.0,0.0,0.0,0.0,0.0,0,0,0,10,0,0.0173571109771728,0.0,1.0,0.0,0.0,0.0,0.0,0.0,1.0,0.0,0.0,0.0,0.0,0.0,1.0,1.0,4573,64,501,457.3,138.19153374935817,457.3,0.0017372131347656,10,0.9660104331881386,17187.21
20.0,6,64.0,266.91510754740995,0.0,0.0,1.0,0.0,0.0,0.0,0.0,0,0,0,10,0,0.0374650955200195,0.0,1.0,0.0,0.0,0.0,0.0,0.0,1.0,0.0,0.0,0.0,0.0,0.0,1.0,1.0,642,64,66,64.2,0.6324555320336759,64.2,0.0038450002670288,10,0.0,0.36
20.0,6,64.0,286.36903014372035,0.0,0.0,1.0,0.0,0.0,0.0,0.0,0,0,0,10,0,0.0349199771881103,0.0,1.0,0.0,0.0,0.0,0.0,0.0,1.0,0.0,0.0,0.0,0.0,0.0,1.0,1.0,660,66,66,66.0,0.0,66.0,0.0037675857543945,10,0.0,0.0
20.0,6,64.0,394.8026130009978,0.0,0.0,1.0,0.0,0.0,0.0,0.0,0,0,0,10,0,0.0253291130065917,0.0,1.0,0.0,0.0,0.0,0.0,0.0,1.0,0.0,0.0,0.0,0.0,0.0,1.0,1.0,662,66,68,66.2,0.6324555320336759,66.2,0.0030989170074462,10,0.0,0.36
20.0,6,64.0,267.917624814758,0.0,0.0,0.9,0.1,0.1,0.0,0.0,1,0,0,9,0,0.0373249053955078,0.0,1.0,0.0,0.0,0.0,0.0,0.0,1.0,0.0,0.0,0.0,0.0,0.0,1.0,1.0,676,64,68,67.6,1.2649110640673518,67.6,0.0040932893753051,10,0.9102320041710584,1.44
20.0,6,64.0,200.3201833986054,0.0,0.0,0.6,0.4,0.4,0.0,0.0,4,0,0,6,0,0.0499200820922851,0.0,1.0,0.0,0.0,0.0,0.0,0.0,1.0,0.0,0.0,0.0,0.0,0.0,1.0,1.0,590,54,64,59.0,5.270462766947299,59.0,0.0049976110458374,10,0.9289050057127436,25.0
20.0,6,64.0,966.0065869780512,0.0,0.0,0.5,0.5,0.5,0.0,0.0,5,0,0,5,0,0.0103518962860107,0.0,1.0,0.0,0.0,0.0,0.0,0.0,1.0,0.0,0.0,0.0,0.0,0.0,1.0,1.0,592,54,66,59.2,5.513619500836088,59.2,0.0010382890701293,10,0.9290040580398606,27.360000000000003
20.0,6,64.0,1168.1020413846882,0.0,0.0,0.5,0.5,0.5,0.0,0.0,5,0,0,5,0,0.0085608959197998,0.0,1.0,0.0,0.0,0.0,0.0,0.0,1.0,0.0,0.0,0.0,0.0,0.0,1.0,1.0,612,54,66,61.2,6.196773353931867,61.2,0.0010387897491455,10,0.9292823475934576,36.0
20.0,6,64.0,295.00165284606027,0.0,0.0,0.9,0.1,0.1,0.0,0.0,1,0,0,9,0,0.033898115158081,0.0,1.0,0.0,0.0,0.0,0.0,0.0,1.0,0.0,0.0,0.0,0.0,0.0,1.0,1.0,626,54,66,62.6,4.623610902506588,62.6,0.0033928155899047,10,0.9286415041372452,36.0
20.0,6,64.0,480.9981651376147,0.0,0.0,0.7,0.3,0.3,0.0,0.0,3,0,0,7,0,0.0207901000976562,0.0,1.0,0.0,0.0,0.0,0.0,0.0,1.0,0.0,0.0,0.0,0.0,0.0,1.0,1.0,614,54,66,61.4,5.168279318217149,61.4,0.0029268980026245,10,0.9288633802630688,25.0
20.0,6,64.0,231.400938998218,0.0,0.0,0.8,0.2,0.2,0.0,0.0,2,0,0,8,0,0.0432150363922119,0.0,1.0,0.0,0.0,0.0,0.0,0.0,1.0,0.0,0.0,0.0,0.0,0.0,1.0,1.0,636,54,66,63.6,5.059644256269407,63.6,0.0046173095703125,10,0.928819126684234,29.387755102040817
20.0,6,64.0,1678.6616505242937,0.0,0.0,0.5,0.5,0.5,0.0,0.0,5,0,0,5,0,0.0059571266174316,0.0,1.0,0.0,0.0,0.0,0.0,0.0,1.0,0.0,0.0,0.0,0.0,0.0,1.0,1.0,612,54,66,61.2,6.196773353931867,61.2,0.0005971908569335,10,0.9292823475934576,36.0
20.0,6,64.0,754.6019466383607,0.0,0.0,0.5,0.5,0.5,0.0,0.0,5,0,0,5,0,0.0132520198822021,0.0,1.0,0.0,0.0,0.0,0.0,0.0,1.0,0.0,0.0,0.0,0.0,0.0,1.0,1.0,600,54,66,60.0,6.324555320336759,60.0,0.0013282060623168,10,0.9293344008552924,36.0
20.0,6,64.0,781.8046934705213,0.0,0.0,0.5,0.5,0.5,0.0,0.0,5,0,0,5,0,0.0127909183502197,0.0,1.0,0.0,0.0,0.0,0.0,0.0,1.0,0.0,0.0,0.0,0.0,0.0,1.0,1.0,600,54,66,60.0,6.324555320336759,60.0,0.0012821912765502,10,0.9293344008552924,36.0
20.0,6,64.0,360.3477782741675,0.0,0.0,0.6,0.4,0.4,0.0,0.0,4,0,0,6,0,0.0277509689331054,0.0,1.0,0.0,0.0,0.0,0.0,0.0,1.0,0.0,0.0,0.0,0.0,0.0,1.0,1.0,598,54,66,59.8,6.142746399887703,59.8,0.0027780055999755,10,0.9292603391734584,36.0
20.0,6,64.0,246.3527863922564,0.0,0.0,0.5,0.5,0.5,0.0,0.0,5,0,0,5,0,0.0405921936035156,0.0,1.0,0.0,0.0,0.0,0.0,0.0,1.0,0.0,0.0,0.0,0.0,0.0,1.0,1.0,590,54,64,59.0,5.270462766947299,59.0,0.0043858051300048,10,0.9289050057127436,25.0
20.0,6,64.0,2469.1258020839464,0.0,0.0,0.5,0.5,0.5,0.0,0.0,5,0,0,5,0,0.0040500164031982,0.0,1.0,0.0,0.0,0.0,0.0,0.0,1.0,0.0,0.0,0.0,0.0,0.0,1.0,1.0,604,54,66,60.4,5.561774297230456,60.4,0.000442099571228,10,0.9290236743777198,27.84
20.0,6,64.0,423.2609112467834,0.0,0.0,0.5,0.5,0.5,0.0,0.0,5,0,0,5,0,0.0236260890960693,0.0,1.0,0.0,0.0,0.0,0.0,0.0,1.0,0.0,0.0,0.0,0.0,0.0,1.0,1.0,600,54,66,60.0,6.324555320336759,60.0,0.002365493774414,10,0.9293344008552924,36.0
20.0,6,64.0,394.1829801231145,0.0,0.0,0.7,0.3,0.3,0.0,0.0,3,0,0,7,0,0.0253689289093017,0.0,1.0,0.0,0.0,0.0,0.0,0.0,1.0,0.0,0.0,0.0,0.0,0.0,1.0,1.0,1515,54,367,151.5,148.80132167871807,151.5,0.0025398969650268,10,0.9873737363990426,19927.65
20.0,6,64.0,607.2716742920021,0.0,0.0,1.0,0.0,0.0,0.0,0.0,0,0,0,10,0,0.0164670944213867,0.0,1.0,0.0,0.0,0.0,0.0,0.0,1.0,0.0,0.0,0.0,0.0,0.0,1.0,1.0,3676,367,369,367.6,0.966091783079296,367.6,0.0019896030426025,10,0.0,0.8400000000000001
20.0,6,64.0,264.94412825550035,0.0,0.0,1.0,0.0,0.0,0.0,0.0,0,0,0,10,0,0.0377438068389892,0.0,1.0,0.0,0.0,0.0,0.0,0.0,1.0,0.0,0.0,0.0,0.0,0.0,1.0,1.0,2781,66,369,278.1,146.36290513651332,278.1,0.0037773847579956,10,0.96593086303641,19279.89
20.0,6,64.0,406.7519419688316,0.0,0.0,1.0,0.0,0.0,0.0,0.0,0,0,0,10,0,0.0245850086212158,0.0,1.0,0.0,0.0,0.0,0.0,0.0,1.0,0.0,0.0,0.0,0.0,0.0,1.0,1.0,666,66,68,66.6,0.966091783079296,66.6,0.0024617195129394,10,0.0,0.8400000000000001
20.0,6,64.0,153.14441779033808,0.0,0.0,0.8,0.2,0.2,0.0,0.0,2,0,0,8,0,0.0652978420257568,0.0,1.0,0.0,0.0,0.0,0.0,0.0,1.0,0.0,0.0,0.0,0.0,0.0,1.0,1.0,658,54,68,65.8,4.467164151400255,65.8,0.0068957805633544,10,0.9285777739887144,19.55555555555556
20.0,6,64.0,619.8814714097808,0.0,0.0,0.6,0.4,0.4,0.0,0.0,4,0,0,6,0,0.016132116317749,0.0,1.0,0.0,0.0,0.0,0.0,0.0,1.0,0.0,0.0,0.0,0.0,0.0,1.0,1.0,590,54,64,59.0,5.270462766947299,59.0,0.0016193151473999,10,0.9289050057127436,25.0
20.0,6,64.0,358.0774156094729,0.0,0.0,0.5,0.5,0.5,0.0,0.0,5,0,0,5,0,0.0279269218444824,0.0,1.0,0.0,0.0,0.0,0.0,0.0,1.0,0.0,0.0,0.0,0.0,0.0,1.0,1.0,594,54,66,59.4,5.738757124441959,59.4,0.0031287908554077,10,0.9290957701022128,29.64
20.0,6,64.0,1019.4701278498858,0.0,0.0,0.5,0.5,0.5,0.0,0.0,5,0,0,5,0,0.0098090171813964,0.0,1.0,0.0,0.0,0.0,0.0,0.0,1.0,0.0,0.0,0.0,0.0,0.0,1.0,1.0,600,54,66,60.0,6.324555320336759,60.0,0.0010998010635375,10,0.9293344008552924,36.0
20.0,6,64.0,455.1901371765932,0.0,0.0,0.8,0.2,0.2,0.0,0.0,2,0,0,8,0,0.0219688415527343,0.0,1.0,0.0,0.0,0.0,0.0,0.0,1.0,0.0,0.0,0.0,0.0,0.0,1.0,1.0,636,54,66,63.6,5.059644256269407,63.6,0.0021991968154907,10,0.928819126684234,36.0
20.0,6,64.0,244.9114201964288,0.0,0.0,1.0,0.0,0.0,0.0,0.0,0,0,0,10,0,0.0408310890197753,0.0,1.0,0.0,0.0,0.0,0.0,0.0,1.0,0.0,0.0,0.0,0.0,0.0,1.0,1.0,670,66,68,67.0,1.0540925533894598,67.0,0.0044639110565185,10,0.9067378651425488,1.0
20.0,6,64.0,705.7197180017836,0.0,0.0,1.0,0.0,0.0,0.0,0.0,0,0,0,10,0,0.0141699314117431,0.0,1.0,0.0,0.0,0.0,0.0,0.0,1.0,0.0,0.0,0.0,0.0,0.0,1.0,1.0,670,66,68,67.0,1.0540925533894598,67.0,0.0018678903579711,10,0.9067378651425488,1.0
20.0,6,64.0,275.3613445378151,0.0,0.0,1.0,0.0,0.0,0.0,0.0,0,0,0,10,0,0.03631591796875,0.0,1.0,0.0,0.0,0.0,0.0,0.0,1.0,0.0,0.0,0.0,0.0,0.0,1.0,1.0,670,66,68,67.0,1.0540925533894598,67.0,0.0038346052169799,10,0.9067378651425488,1.0
20.0,6,64.0,191.80274193105845,0.0,0.0,1.0,0.0,0.0,0.0,0.0,0,0,0,10,0,0.0521368980407714,0.0,1.0,0.0,0.0,0.0,0.0,0.0,1.0,0.0,0.0,0.0,0.0,0.0,1.0,1.0,660,64,68,66.0,2.10818510677892,66.0,0.0057569980621337,10,0.9105755202850976,4.0
20.0,6,64.0,292.9024148381961,0.0,0.0,1.0,0.0,0.0,0.0,0.0,0,0,0,10,0,0.0341410636901855,0.0,1.0,0.0,0.0,0.0,0.0,0.0,1.0,0.0,0.0,0.0,0.0,0.0,1.0,1.0,650,64,66,65.0,1.0540925533894598,65.0,0.0037862062454223,10,0.9101461251425488,1.0
20.0,6,64.0,252.8760912554864,0.0,0.0,0.7,0.3,0.3,0.0,0.0,3,0,0,7,0,0.0395450592041015,0.0,1.0,0.0,0.0,0.0,0.0,0.0,1.0,0.0,0.0,0.0,0.0,0.0,1.0,1.0,630,54,66,63.0,4.83045891539648,63.0,0.0046550989151,10,0.928725765743776,23.20987654320988
20.0,6,64.0,276.4120442069052,0.0,0.0,0.6,0.4,0.4,0.0,0.0,4,0,0,6,0,0.0361778736114501,0.0,1.0,0.0,0.0,0.0,0.0,0.0,1.0,0.0,0.0,0.0,0.0,0.0,1.0,1.0,590,54,64,59.0,5.270462766947299,59.0,0.00362069606781,10,0.9289050057127436,25.0
20.0,6,64.0,1117.6763397020811,0.0,0.0,0.5,0.5,0.5,0.0,0.0,5,0,0,5,0,0.0089471340179443,0.0,1.0,0.0,0.0,0.0,0.0,0.0,1.0,0.0,0.0,0.0,0.0,0.0,1.0,1.0,596,54,66,59.6,5.94792213951879,59.6,0.0012072086334228,10,0.9291809755627544,31.84
20.0,6,64.0,306.67290594291063,0.0,0.0,0.5,0.5,0.5,0.0,0.0,5,0,0,5,0,0.0326080322265625,0.0,1.0,0.0,0.0,0.0,0.0,0.0,1.0,0.0,0.0,0.0,0.0,0.0,1.0,1.0,600,54,66,60.0,6.324555320336759,60.0,0.0043787002563476,10,0.9293344008552924,36.0
20.0,6,64.0,950.8521683933712,0.0,0.0,1.0,0.0,0.0,0.0,0.0,0,0,0,10,0,0.010516881942749,0.0,1.0,0.0,0.0,0.0,0.0,0.0,1.0,0.0,0.0,0.0,0.0,0.0,1.0,1.0,660,66,66,66.0,0.0,66.0,0.0016647815704345,10,0.0,0.0
20.0,6,64.0,216.2960059820024,0.0,0.0,1.0,0.0,0.0,0.0,0.0,0,0,0,10,0,0.0462329387664794,0.0,1.0,0.0,0.0,0.0,0.0,0.0,1.0,0.0,0.0,0.0,0.0,0.0,1.0,1.0,676,66,68,67.6,0.8432740427115678,67.6,0.0048871040344238,10,0.0,1.0
20.0,6,64.0,564.7221025420077,0.0,0.0,1.0,0.0,0.0,0.0,0.0,0,0,0,10,0,0.0177078247070312,0.0,1.0,0.0,0.0,0.0,0.0,0.0,1.0,0.0,0.0,0.0,0.0,0.0,1.0,1.0,712,68,72,71.2,1.686548085423136,71.2,0.0017745971679687,10,0.903587242228078,4.0
20.0,6,64.0,320.13189027461874,0.0,0.0,1.0,0.0,0.0,0.0,0.0,0,0,0,10,0,0.0312371253967285,0.0,1.0,0.0,0.0,0.0,0.0,0.0,1.0,0.0,0.0,0.0,0.0,0.0,1.0,1.0,736,72,74,73.6,0.8432740427115678,73.6,0.0035143136978149,10,0.0,1.0
20.0,6,64.0,4847.785483125289,0.0,0.0,0.6,0.4,0.4,0.0,0.0,4,0,0,6,0,0.0020627975463867,0.0,1.0,0.0,0.0,0.0,0.0,0.0,1.0,0.0,0.0,0.0,0.0,0.0,1.0,1.0,628,54,74,62.8,8.175845182269809,62.8,0.000783085823059,10,0.9300885422934494,67.55555555555556
20.0,6,64.0,580.6872490654853,0.0,0.0,0.6,0.4,0.4,0.0,0.0,4,0,0,6,0,0.0172209739685058,0.0,1.0,0.0,0.0,0.0,0.0,0.0,1.0,0.0,0.0,0.0,0.0,0.0,1.0,1.0,612,54,66,61.2,6.196773353931867,61.2,0.0018063068389892,10,0.9292823475934576,36.0
20.0,6,64.0,498.5562647838439,0.0,0.0,0.6,0.4,0.4,0.0,0.0,4,0,0,6,0,0.0200579166412353,0.0,1.0,0.0,0.0,0.0,0.0,0.0,1.0,0.0,0.0,0.0,0.0,0.0,1.0,1.0,624,54,68,62.4,7.229568912920511,62.4,0.0023154020309448,10,0.9297030671923672,49.0
20.0,6,64.0,334.2128161404963,0.0,0.0,0.6,0.4,0.4,0.0,0.0,4,0,0,6,0,0.0299210548400878,0.0,1.0,0.0,0.0,0.0,0.0,0.0,1.0,0.0,0.0,0.0,0.0,0.0,1.0,1.0,620,54,68,62.0,6.928203230275509,62.0,0.0029953002929687,10,0.9295803028678852,49.0
20.0,6,64.0,848.1051460924073,0.0,0.0,1.0,0.0,0.0,0.0,0.0,0,0,0,10,0,0.0117909908294677,0.0,1.0,0.0,0.0,0.0,0.0,0.0,1.0,0.0,0.0,0.0,0.0,0.0,1.0,1.0,664,66,68,66.4,0.8432740427115678,66.4,0.0011826038360595,10,0.0,0.64
20.0,6,64.0,352.4743688863491,0.0,0.0,1.0,0.0,0.0,0.0,0.0,0,0,0,10,0,0.0283708572387695,0.0,1.0,0.0,0.0,0.0,0.0,0.0,1.0,0.0,0.0,0.0,0.0,0.0,1.0,1.0,672,64,68,67.2,1.6865480854231356,67.2,0.0033151865005493,10,0.910403762228078,2.56
20.0,6,64.0,1549.1427516158817,0.0,0.0,1.0,0.0,0.0,0.0,0.0,0,0,0,10,0,0.0064551830291748,0.0,1.0,0.0,0.0,0.0,0.0,0.0,1.0,0.0,0.0,0.0,0.0,0.0,1.0,1.0,644,64,66,64.4,0.8432740427115678,64.4,0.0042172193527221,10,0.0,0.64
20.0,6,64.0,361.35052940821726,0.0,0.0,1.0,0.0,0.0,0.0,0.0,0,0,0,10,0,0.0276739597320556,0.0,1.0,0.0,0.0,0.0,0.0,0.0,1.0,0.0,0.0,0.0,0.0,0.0,1.0,1.0,660,66,66,66.0,0.0,66.0,0.00277099609375,10,0.0,0.0
20.0,6,64.0,564.9122523468961,0.0,0.0,1.0,0.0,0.0,0.0,0.0,0,0,0,10,0,0.0177018642425537,0.0,1.0,0.0,0.0,0.0,0.0,0.0,1.0,0.0,0.0,0.0,0.0,0.0,1.0,1.0,664,66,68,66.4,0.8432740427115678,66.4,0.0017721891403198,10,0.0,0.64
20.0,6,64.0,345.75658654004684,0.0,0.0,0.9,0.1,0.1,0.0,0.0,1,0,0,9,0,0.0289220809936523,0.0,1.0,0.0,0.0,0.0,0.0,0.0,1.0,0.0,0.0,0.0,0.0,0.0,1.0,1.0,662,54,68,66.2,4.467164151400255,66.2,0.0031161069869995,10,0.9285777739887144,17.96
20.0,6,64.0,560.5035346313693,0.0,0.0,0.5,0.5,0.5,0.0,0.0,5,0,0,5,0,0.017841100692749,0.0,1.0,0.0,0.0,0.0,0.0,0.0,1.0,0.0,0.0,0.0,0.0,0.0,1.0,1.0,590,54,64,59.0,5.270462766947299,59.0,0.0020205974578857,10,0.9289050057127436,25.0
20.0,6,64.0,404.18845342147614,0.0,0.0,0.5,0.5,0.5,0.0,0.0,5,0,0,5,0,0.0247409343719482,0.0,1.0,0.0,0.0,0.0,0.0,0.0,1.0,0.0,0.0,0.0,0.0,0.0,1.0,1.0,592,54,66,59.2,5.513619500836088,59.2,0.0034882068634033,10,0.9290040580398606,27.360000000000003
20.0,6,64.0,1008.5855816861445,0.0,0.0,0.5,0.5,0.5,0.0,0.0,5,0,0,5,0,0.0099148750305175,0.0,1.0,0.0,0.0,0.0,0.0,0.0,1.0,0.0,0.0,0.0,0.0,0.0,1.0,1.0,612,54,66,61.2,6.196773353931867,61.2,0.0010814905166625,10,0.9292823475934576,36.0
20.0,6,64.0,378.4721445200411,0.0,0.0,0.7,0.3,0.3,0.0,0.0,3,0,0,7,0,0.0264220237731933,0.0,1.0,0.0,0.0,0.0,0.0,0.0,1.0,0.0,0.0,0.0,0.0,0.0,1.0,1.0,612,54,66,61.2,6.196773353931867,61.2,0.0026458024978637,10,0.9292823475934576,36.0
20.0,6,64.0,234.50600200159903,0.0,0.0,1.0,0.0,0.0,0.0,0.0,0,0,0,10,0,0.0426428318023681,0.0,1.0,0.0,0.0,0.0,0.0,0.0,1.0,0.0,0.0,0.0,0.0,0.0,1.0,1.0,660,66,66,66.0,0.0,66.0,0.0042671918869018,10,0.0,0.0
20.0,6,64.0,549.935622598959,0.0,0.0,1.0,0.0,0.0,0.0,0.0,0,0,0,10,0,0.018183946609497,0.0,1.0,0.0,0.0,0.0,0.0,0.0,1.0,0.0,0.0,0.0,0.0,0.0,1.0,1.0,654,64,66,65.4,0.966091783079296,65.4,0.0018227100372314,10,0.0,0.8400000000000001
20.0,6,64.0,334.07971453149395,0.0,0.0,1.0,0.0,0.0,0.0,0.0,0,0,0,10,0,0.0299329757690429,0.0,1.0,0.0,0.0,0.0,0.0,0.0,1.0,0.0,0.0,0.0,0.0,0.0,1.0,1.0,646,64,66,64.6,0.966091783079296,64.6,0.0033535957336425,10,0.0,0.8400000000000001
20.0,6,64.0,315.62699416049605,0.0,0.0,1.0,0.0,0.0,0.0,0.0,0,0,0,10,0,0.0316829681396484,0.0,1.0,0.0,0.0,0.0,0.0,0.0,1.0,0.0,0.0,0.0,0.0,0.0,1.0,1.0,660,66,66,66.0,0.0,66.0,0.0034167051315307,10,0.0,0.0
20.0,6,64.0,203.14842709418065,0.0,0.0,1.0,0.0,0.0,0.0,0.0,0,0,0,10,0,0.0492250919342041,0.0,1.0,0.0,0.0,0.0,0.0,0.0,1.0,0.0,0.0,0.0,0.0,0.0,1.0,1.0,663,66,67,66.3,0.4830458915396479,66.3,0.0051062107086181,10,0.0,0.21
20.0,6,64.0,398.864924493134,0.0,0.0,1.0,0.0,0.0,0.0,0.0,0,0,0,10,0,0.0250711441040039,0.0,1.0,0.0,0.0,0.0,0.0,0.0,1.0,0.0,0.0,0.0,0.0,0.0,1.0,1.0,685,67,72,68.5,2.41522945769824,68.5,0.0025116920471191,10,0.905588207871888,5.25
20.0,6,64.0,313.1853887279352,0.0,0.0,1.0,0.0,0.0,0.0,0.0,0,0,0,10,0,0.0319299697875976,0.0,1.0,0.0,0.0,0.0,0.0,0.0,1.0,0.0,0.0,0.0,0.0,0.0,1.0,1.0,726,72,74,72.6,0.966091783079296,72.6,0.0036826848983764,10,0.0,0.8400000000000001
20.0,6,64.0,207.81782327351283,0.0,0.0,1.0,0.0,0.0,0.0,0.0,0,0,0,10,0,0.0481190681457519,0.0,1.0,0.0,0.0,0.0,0.0,0.0,1.0,0.0,0.0,0.0,0.0,0.0,1.0,1.0,719,67,74,71.9,3.381321240777535,71.9,0.0052548170089721,10,0.9059817550206432,10.29
20.0,6,64.0,1393.734299195853,0.0,0.0,1.0,0.0,0.0,0.0,0.0,0,0,0,10,0,0.0071749687194824,0.0,1.0,0.0,0.0,0.0,0.0,0.0,1.0,0.0,0.0,0.0,0.0,0.0,1.0,1.0,676,67,69,67.6,0.966091783079296,67.6,0.000723385810852,10,0.0,0.8400000000000001
20.0,6,64.0,349.27211105282004,0.0,0.0,0.9,0.1,0.1,0.0,0.0,1,0,0,9,0,0.0286309719085693,0.0,1.0,0.0,0.0,0.0,0.0,0.0,1.0,0.0,0.0,0.0,0.0,0.0,1.0,1.0,669,54,69,66.9,4.701063709417263,66.9,0.0031795978546142,10,0.9286730553126682,19.89
20.0,6,64.0,174.16759405365002,0.0,0.0,0.8,0.2,0.2,0.0,0.0,2,0,0,8,0,0.0574159622192382,0.0,1.0,0.0,0.0,0.0,0.0,0.0,1.0,0.0,0.0,0.0,0.0,0.0,1.0,1.0,650,54,68,65.0,3.915780041490244,65.0,0.0061272144317626,10,0.9283531621577016,27.0
20.0,6,64.0,289.84603477347486,0.0,0.0,1.0,0.0,0.0,0.0,0.0,0,0,0,10,0,0.0345010757446289,0.0,1.0,0.0,0.0,0.0,0.0,0.0,1.0,0.0,0.0,0.0,0.0,0.0,1.0,1.0,666,54,68,66.6,4.42718872423573,66.6,0.0034533977508544,10,0.9285614895987048,49.0
20.0,6,64.0,1307.0439389217825,0.0,0.0,0.5,0.5,0.5,0.0,0.0,5,0,0,5,0,0.0076508522033691,0.0,1.0,0.0,0.0,0.0,0.0,0.0,1.0,0.0,0.0,0.0,0.0,0.0,1.0,1.0,2286,54,345,228.6,150.27175383284776,228.6,0.0007680892944335,10,0.9879727316413488,21170.25
20.0,6,64.0,1394.7075449738968,0.0,0.0,0.6,0.4,0.4,0.0,0.0,4,0,0,6,0,0.0071699619293212,0.0,1.0,0.0,0.0,0.0,0.0,0.0,1.0,0.0,0.0,0.0,0.0,0.0,1.0,1.0,1997,54,347,199.7,153.5824425729278,199.7,0.0007184028625488,10,0.989321373806508,21228.81
20.0,6,64.0,374.1273225164795,0.0,0.0,0.6,0.4,0.4,0.0,0.0,4,0,0,6,0,0.026728868484497,0.0,1.0,0.0,0.0,0.0,0.0,0.0,1.0,0.0,0.0,0.0,0.0,0.0,1.0,1.0,2298,54,347,229.8,151.30454939183642,229.8,0.0029948949813842,10,0.9883934512402583,21462.25
20.0,6,64.0,241.16699345089896,0.0,0.0,0.8,0.2,0.2,0.0,0.0,2,0,0,8,0,0.0414650440216064,0.0,1.0,0.0,0.0,0.0,0.0,0.0,1.0,0.0,0.0,0.0,0.0,0.0,1.0,1.0,1469,54,347,146.9,138.13958319194555,146.9,0.0047258138656616,10,0.983030570609071,20987.80555555556
20.0,6,64.0,1524.4253834411572,0.0,0.0,0.9,0.1,0.1,0.0,0.0,1,0,0,9,0,0.0065598487854003,0.0,1.0,0.0,0.0,0.0,0.0,0.0,1.0,0.0,0.0,0.0,0.0,0.0,1.0,1.0,638,54,66,63.8,3.583914681524164,63.8,0.0006583929061889,10,0.9282179734846656,18.75
20.0,6,64.0,198.53095845541424,0.0,0.0,0.9,0.1,0.1,0.0,0.0,1,0,0,9,0,0.0503699779510498,0.0,1.0,0.0,0.0,0.0,0.0,0.0,1.0,0.0,0.0,0.0,0.0,0.0,1.0,1.0,654,54,68,65.4,4.115013163202923,65.4,0.0054168939590454,10,0.9284343217621625,16.098765432098766
20.0,6,64.0,942.879237478644,0.0,0.0,0.6,0.4,0.4,0.0,0.0,4,0,0,6,0,0.0106058120727539,0.0,1.0,0.0,0.0,0.0,0.0,0.0,1.0,0.0,0.0,0.0,0.0,0.0,1.0,1.0,638,54,68,63.8,6.762642481555072,63.8,0.0011852025985717,10,0.9295128600412864,47.04
20.0,6,64.0,302.47093777944445,0.0,0.0,0.7,0.3,0.3,0.0,0.0,3,0,0,7,0,0.0330610275268554,0.0,1.0,0.0,0.0,0.0,0.0,0.0,1.0,0.0,0.0,0.0,0.0,0.0,1.0,1.0,636,54,70,63.6,8.262364471909157,63.6,0.0033099174499511,10,0.9301237867912768,64.0
20.0,6,64.0,359.9056109971769,0.0,0.0,0.9,0.1,0.1,0.0,0.0,1,0,0,9,0,0.0277850627899169,0.0,1.0,0.0,0.0,0.0,0.0,0.0,1.0,0.0,0.0,0.0,0.0,0.0,1.0,1.0,654,54,70,65.4,4.993328882953067,65.4,0.0028903007507324,10,0.9287921124537598,64.0
20.0,6,64.0,304.3585278068037,0.0,0.0,1.0,0.0,0.0,0.0,0.0,0,0,0,10,0,0.0328559875488281,0.0,1.0,0.0,0.0,0.0,0.0,0.0,1.0,0.0,0.0,0.0,0.0,0.0,1.0,1.0,650,64,66,65.0,1.0540925533894598,65.0,0.0035972833633422,10,0.9101461251425488,1.0
20.0,6,64.0,385.2084787480254,0.0,0.0,0.8,0.2,0.2,0.0,0.0,2,0,0,8,0,0.0259599685668945,0.0,1.0,0.0,0.0,0.0,0.0,0.0,1.0,0.0,0.0,0.0,0.0,0.0,1.0,1.0,648,54,66,64.8,3.794733192202055,64.8,0.0027261972427368,10,0.9283038525131756,17.63265306122449
20.0,6,64.0,285.08632174220384,0.0,0.0,0.6,0.4,0.4,0.0,0.0,4,0,0,6,0,0.0350770950317382,0.0,1.0,0.0,0.0,0.0,0.0,0.0,1.0,0.0,0.0,0.0,0.0,0.0,1.0,1.0,600,54,66,60.0,6.324555320336759,60.0,0.0035118103027343,10,0.9293344008552924,36.0
20.0,6,64.0,1407.2484482469383,0.0,0.0,0.6,0.4,0.4,0.0,0.0,4,0,0,6,0,0.007106065750122,0.0,1.0,0.0,0.0,0.0,0.0,0.0,1.0,0.0,0.0,0.0,0.0,0.0,1.0,1.0,622,54,68,62.2,7.083627444874398,62.2,0.0010997056961059,10,0.929643616475944,46.02469135802469
20.0,6,64.0,357.1930780760322,0.0,0.0,0.5,0.5,0.5,0.0,0.0,5,0,0,5,0,0.0279960632324218,0.0,1.0,0.0,0.0,0.0,0.0,0.0,1.0,0.0,0.0,0.0,0.0,0.0,1.0,1.0,612,54,68,61.2,7.192588778272627,61.2,0.0031589031219482,10,0.9296880029647172,49.0
20.0,6,64.0,359.40292368596937,0.0,0.0,0.8,0.2,0.2,0.0,0.0,2,0,0,8,0,0.0278239250183105,0.0,1.0,0.0,0.0,0.0,0.0,0.0,1.0,0.0,0.0,0.0,0.0,0.0,1.0,1.0,554,54,56,55.4,0.966091783079296,55.4,0.0027840852737426,10,0.0,1.0
20.0,6,64.0,151.4118109980398,0.0,0.0,0.7,0.3,0.3,0.0,0.0,3,0,0,7,0,0.0660450458526611,0.0,1.0,0.0,0.0,0.0,0.0,0.0,1.0,0.0,0.0,0.0,0.0,0.0,1.0,1.0,564,54,58,56.4,1.837873166945363,56.4,0.0070280075073242,10,0.9275067060132868,3.061728395061728
20.0,6,64.0,204.24053252564997,0.0,0.0,0.6,0.4,0.4,0.0,0.0,4,0,0,6,0,0.0489618778228759,0.0,1.0,0.0,0.0,0.0,0.0,0.0,1.0,0.0,0.0,0.0,0.0,0.0,1.0,1.0,588,54,68,58.8,5.181162460726786,58.8,0.0052125930786132,10,0.9288686283400016,24.160000000000004
20.0,6,64.0,565.3919982745606,0.0,0.0,0.6,0.4,0.4,0.0,0.0,4,0,0,6,0,0.0176868438720703,0.0,1.0,0.0,0.0,0.0,0.0,0.0,1.0,0.0,0.0,0.0,0.0,0.0,1.0,1.0,624,54,68,62.4,7.229568912920511,62.4,0.0017704963684082,10,0.9297030671923672,49.0
20.0,6,64.0,518.4041133138874,0.0,0.0,0.5,0.5,0.5,0.0,0.0,5,0,0,5,0,0.0192899703979492,0.0,1.0,0.0,0.0,0.0,0.0,0.0,1.0,0.0,0.0,0.0,0.0,0.0,1.0,1.0,616,54,70,61.6,8.044321668799123,61.6,0.0019325971603393,10,0.930034964875002,58.24
20.0,6,64.0,401.8456350118801,0.0,0.0,0.5,0.5,0.5,0.0,0.0,5,0,0,5,0,0.0248851776123046,0.0,1.0,0.0,0.0,0.0,0.0,0.0,1.0,0.0,0.0,0.0,0.0,0.0,1.0,1.0,620,54,70,62.0,8.432740427115679,62.0,0.0024921178817749,10,0.93019319114039,64.0
20.0,6,64.0,301.81580064618726,0.0,0.0,0.8,0.2,0.2,0.0,0.0,2,0,0,8,0,0.033132791519165,0.0,1.0,0.0,0.0,0.0,0.0,0.0,1.0,0.0,0.0,0.0,0.0,0.0,1.0,1.0,632,54,70,63.2,6.545566777937908,63.2,0.0033162832260131,10,0.9294244320826608,64.0
20.0,6,64.0,209.4199179157388,0.0,0.0,1.0,0.0,0.0,0.0,0.0,0,0,0,10,0,0.0477509498596191,0.0,1.0,0.0,0.0,0.0,0.0,0.0,1.0,0.0,0.0,0.0,0.0,0.0,1.0,1.0,670,66,68,67.0,1.0540925533894598,67.0,0.0047770023345947,10,0.9067378651425488,1.0
20.0,6,64.0,763.5308466677589,0.0,0.0,0.7,0.3,0.3,0.0,0.0,3,0,0,7,0,0.0130970478057861,0.0,1.0,0.0,0.0,0.0,0.0,0.0,1.0,0.0,0.0,0.0,0.0,0.0,1.0,1.0,646,54,68,64.6,5.660781257427675,64.6,0.0013123035430908,10,0.9290640058530256,31.80246913580247
20.0,6,64.0,638.9373143422957,0.0,0.0,0.7,0.3,0.3,0.0,0.0,3,0,0,7,0,0.015650987625122,0.0,1.0,0.0,0.0,0.0,0.0,0.0,1.0,0.0,0.0,0.0,0.0,0.0,1.0,1.0,612,54,66,61.2,6.196773353931867,61.2,0.0015676021575927,10,0.9292823475934576,36.0
20.0,6,64.0,529.7978981406629,0.0,0.0,0.5,0.5,0.5,0.0,0.0,5,0,0,5,0,0.0188751220703125,0.0,1.0,0.0,0.0,0.0,0.0,0.0,1.0,0.0,0.0,0.0,0.0,0.0,1.0,1.0,622,54,68,62.2,7.083627444874398,62.2,0.0021898031234741,10,0.929643616475944,46.02469135802469
20.0,6,64.0,754.4390682615343,0.0,0.0,0.6,0.4,0.4,0.0,0.0,4,0,0,6,0,0.0132548809051513,0.0,1.0,0.0,0.0,0.0,0.0,0.0,1.0,0.0,0.0,0.0,0.0,0.0,1.0,1.0,620,54,68,62.0,6.99205898780101,62.0,0.0013293981552124,10,0.9296063151492706,49.0
20.0,6,64.0,223.0953432089572,0.0,0.0,0.8,0.2,0.2,0.0,0.0,2,0,0,8,0,0.0448238849639892,0.0,1.0,0.0,0.0,0.0,0.0,0.0,1.0,0.0,0.0,0.0,0.0,0.0,1.0,1.0,610,54,64,61.0,4.83045891539648,61.0,0.0044863939285278,10,0.928725765743776,25.0
20.0,6,64.0,4791.299977153301,0.0,0.0,0.8,0.2,0.2,0.0,0.0,2,0,0,8,0,0.002087116241455,0.0,1.0,0.0,0.0,0.0,0.0,0.0,1.0,0.0,0.0,0.0,0.0,0.0,1.0,1.0,632,54,66,63.2,4.917090377222873,63.2,0.0012230157852172,10,0.9287610559360656,21.76
20.0,6,64.0,591.0217425000352,0.0,0.0,0.7,0.3,0.3,0.0,0.0,3,0,0,7,0,0.0169198513031005,0.0,1.0,0.0,0.0,0.0,0.0,0.0,1.0,0.0,0.0,0.0,0.0,0.0,1.0,1.0,4644,54,1406,464.4,649.786836842155,464.4,0.0018123865127563,10,1.0,380000.64
20.0,6,64.0,249.68175919421856,0.0,0.0,0.5,0.5,0.5,0.0,0.0,5,0,0,5,0,0.040050983428955,0.0,1.0,0.0,0.0,0.0,0.0,0.0,1.0,0.0,0.0,0.0,0.0,0.0,1.0,1.0,8652,54,1406,865.2,698.1697978763236,865.2,0.004106593132019,10,1.0,451334.3209876543
20.0,6,64.0,1164.534525363023,0.0,0.0,0.5,0.5,0.5,0.0,0.0,5,0,0,5,0,0.0085871219635009,0.0,1.0,0.0,0.0,0.0,0.0,0.0,1.0,0.0,0.0,0.0,0.0,0.0,1.0,1.0,7300,54,1406,730.0,712.5665660912748,730.0,0.0008616209030151,10,1.0,456976.0
20.0,6,64.0,372.509147749476,0.0,0.0,0.9,0.1,0.1,0.0,0.0,1,0,0,9,0,0.0268449783325195,0.0,1.0,0.0,0.0,0.0,0.0,0.0,1.0,0.0,0.0,0.0,0.0,0.0,1.0,1.0,9284,54,1406,928.4,625.5115595343631,928.4,0.0026874780654907,10,1.0,456976.0
20.0,6,64.0,960.8063407706052,0.0,0.0,0.5,0.5,0.5,0.0,0.0,5,0,0,5,0,0.0104079246520996,0.0,1.0,0.0,0.0,0.0,0.0,0.0,1.0,0.0,0.0,0.0,0.0,0.0,1.0,1.0,2436,54,370,243.6,163.18169832020584,243.6,0.0010416030883789,10,0.9932317266277192,24655.8024691358
20.0,6,64.0,262.8668839308097,0.0,0.0,0.6,0.4,0.4,0.0,0.0,4,0,0,6,0,0.0380420684814453,0.0,1.0,0.0,0.0,0.0,0.0,0.0,1.0,0.0,0.0,0.0,0.0,0.0,1.0,1.0,2444,54,372,244.4,163.87203679836426,244.4,0.0038070201873779,10,0.9935129429101816,24964.0
20.0,6,64.0,380.5634544019308,0.0,0.0,0.7,0.3,0.3,0.0,0.0,3,0,0,7,0,0.0262768268585205,0.0,1.0,0.0,0.0,0.0,0.0,0.0,1.0,0.0,0.0,0.0,0.0,0.0,1.0,1.0,2448,54,372,244.8,164.2144938791945,244.8,0.0026302814483642,10,0.9936524462266288,25281.0
20.0,6,64.0,882.4540290342941,0.0,0.0,0.6,0.4,0.4,0.0,0.0,4,0,0,6,0,0.0113320350646972,0.0,1.0,0.0,0.0,0.0,0.0,0.0,1.0,0.0,0.0,0.0,0.0,0.0,1.0,1.0,8430,54,1369,843.0,679.0630800350337,843.0,0.0011352062225341,10,1.0,432306.25
20.0,6,64.0,822.832032016322,0.0,0.0,0.5,0.5,0.5,0.0,0.0,5,0,0,5,0,0.012153148651123,0.0,1.0,0.0,0.0,0.0,0.0,0.0,1.0,0.0,0.0,0.0,0.0,0.0,1.0,1.0,8434,54,1371,843.4,679.4077813311629,843.4,0.0014157056808471,10,1.0,432306.25
20.0,6,64.0,498.6511003055414,0.0,0.0,0.5,0.5,0.5,0.0,0.0,5,0,0,5,0,0.0200541019439697,0.0,1.0,0.0,0.0,0.0,0.0,0.0,1.0,0.0,0.0,0.0,0.0,0.0,1.0,1.0,7125,54,1371,712.5,694.1199464069592,712.5,0.0020076990127563,10,1.0,433622.25
20.0,6,64.0,202.1224694356498,0.0,0.0,0.7,0.3,0.3,0.0,0.0,3,0,0,7,0,0.0494749546051025,0.0,1.0,0.0,0.0,0.0,0.0,0.0,1.0,0.0,0.0,0.0,0.0,0.0,1.0,1.0,4521,54,1371,452.1,634.1162616849795,452.1,0.0049515008926391,10,1.0,433622.25
20.0,6,64.0,408.6303011408474,0.0,0.0,1.0,0.0,0.0,0.0,0.0,0,0,0,10,0,0.0244719982147216,0.0,1.0,0.0,0.0,0.0,0.0,0.0,1.0,0.0,0.0,0.0,0.0,0.0,1.0,1.0,646,64,66,64.6,0.966091783079296,64.6,0.0029109001159667,10,0.0,0.8400000000000001
20.0,6,64.0,436.4747385399865,0.0,0.0,0.9,0.1,0.1,0.0,0.0,1,0,0,9,0,0.0229108333587646,0.0,1.0,0.0,0.0,0.0,0.0,0.0,1.0,0.0,0.0,0.0,0.0,0.0,1.0,1.0,644,54,66,64.4,3.747591819348053,64.4,0.0025555849075317,10,0.9282846490035296,12.64
20.0,6,64.0,1164.275919500347,0.0,0.0,0.5,0.5,0.5,0.0,0.0,5,0,0,5,0,0.0085890293121337,0.0,1.0,0.0,0.0,0.0,0.0,0.0,1.0,0.0,0.0,0.0,0.0,0.0,1.0,1.0,590,54,64,59.0,5.270462766947299,59.0,0.0028264045715332,10,0.9289050057127436,25.0
20.0,6,64.0,404.2351988743145,0.0,0.0,0.6,0.4,0.4,0.0,0.0,4,0,0,6,0,0.024738073348999,0.0,1.0,0.0,0.0,0.0,0.0,0.0,1.0,0.0,0.0,0.0,0.0,0.0,1.0,1.0,606,54,66,60.6,5.738757124441958,60.6,0.002616810798645,10,0.9290957701022128,29.64
20.0,6,64.0,205.6464843079669,0.0,0.0,0.6,0.4,0.4,0.0,0.0,4,0,0,6,0,0.0486271381378173,0.0,1.0,0.0,0.0,0.0,0.0,0.0,1.0,0.0,0.0,0.0,0.0,0.0,1.0,1.0,612,54,66,61.2,6.196773353931867,61.2,0.0052103996276855,10,0.9292823475934576,36.0
20.0,6,64.0,748.7288241489495,0.0,0.0,0.9,0.1,0.1,0.0,0.0,1,0,0,9,0,0.0133559703826904,0.0,1.0,0.0,0.0,0.0,0.0,0.0,1.0,0.0,0.0,0.0,0.0,0.0,1.0,1.0,11368,54,1406,1136.8,567.5304788682671,1136.8,0.0013392925262451,10,1.0,452947.0
20.0,6,64.0,177.91019452480128,0.0,0.0,1.0,0.0,0.0,0.0,0.0,0,0,0,10,0,0.0562081336975097,0.0,1.0,0.0,0.0,0.0,0.0,0.0,1.0,0.0,0.0,0.0,0.0,0.0,1.0,1.0,14060,1406,1406,1406.0,0.0,1406.0,0.0058026075363159,10,0.0,0.0
20.0,6,64.0,66260.72669826224,0.0,0.0,1.0,0.0,0.0,0.0,0.0,0,0,0,10,0,0.0001509189605712,0.0,1.0,0.0,0.0,0.0,0.0,0.0,1.0,0.0,0.0,0.0,0.0,0.0,1.0,1.0,3476,83,1406,347.6,557.8257792537023,347.6,1.609325408935547e-05,10,1.0,437582.25
20.0,6,64.0,306.1848656067043,0.0,0.0,1.0,0.0,0.0,0.0,0.0,0,0,0,10,0,0.0326600074768066,0.0,1.0,0.0,0.0,0.0,0.0,0.0,1.0,0.0,0.0,0.0,0.0,0.0,1.0,1.0,846,83,85,84.6,0.8432740427115678,84.6,0.0032669067382812,10,0.0,1.0
20.0,6,64.0,327.05144799837814,0.0,0.0,1.0,0.0,0.0,0.0,0.0,0,0,0,10,0,0.0305762290954589,0.0,1.0,0.0,0.0,0.0,0.0,0.0,1.0,0.0,0.0,0.0,0.0,0.0,1.0,1.0,682,64,85,68.2,8.85437744847146,68.2,0.0034182071685791,10,0.9133236491974094,110.25
20.0,6,64.0,237.24780813394423,0.0,0.0,0.9,0.1,0.1,0.0,0.0,1,0,0,9,0,0.0421500205993652,0.0,1.0,0.0,0.0,0.0,0.0,0.0,1.0,0.0,0.0,0.0,0.0,0.0,1.0,1.0,644,54,66,64.4,3.747591819348053,64.4,0.0044661998748779,10,0.9282846490035296,22.0
20.0,6,64.0,359.0644796767455,0.0,0.0,0.6,0.4,0.4,0.0,0.0,4,0,0,6,0,0.0278501510620117,0.0,1.0,0.0,0.0,0.0,0.0,0.0,1.0,0.0,0.0,0.0,0.0,0.0,1.0,1.0,616,54,66,61.6,5.316640543300503,61.6,0.0032948970794677,10,0.9289238166917188,27.55555555555556
20.0,6,64.0,456.8759531175112,0.0,0.0,0.5,0.5,0.5,0.0,0.0,5,0,0,5,0,0.0218877792358398,0.0,1.0,0.0,0.0,0.0,0.0,0.0,1.0,0.0,0.0,0.0,0.0,0.0,1.0,1.0,590,54,64,59.0,5.270462766947299,59.0,0.0021902799606323,10,0.9289050057127436,25.0
20.0,6,64.0,221.72375877526852,0.0,0.0,0.5,0.5,0.5,0.0,0.0,5,0,0,5,0,0.0451011657714843,0.0,1.0,0.0,0.0,0.0,0.0,0.0,1.0,0.0,0.0,0.0,0.0,0.0,1.0,1.0,598,54,66,59.8,6.142746399887703,59.8,0.0045146226882934,10,0.9292603391734584,33.959999999999994
20.0,6,64.0,562.4276231981227,0.0,0.0,0.5,0.5,0.5,0.0,0.0,5,0,0,5,0,0.017780065536499,0.0,1.0,0.0,0.0,0.0,0.0,0.0,1.0,0.0,0.0,0.0,0.0,0.0,1.0,1.0,600,54,66,60.0,6.324555320336759,60.0,0.0017843961715698,10,0.9293344008552924,36.0
20.0,6,64.0,299.240466592944,0.0,0.0,0.9,0.1,0.1,0.0,0.0,1,0,0,9,0,0.0334179401397705,0.0,1.0,0.0,0.0,0.0,0.0,0.0,1.0,0.0,0.0,0.0,0.0,0.0,1.0,1.0,832,54,94,83.2,17.693690024035874,83.2,0.0033455848693847,10,0.9339657315681912,340.0
20.0,6,64.0,276.80789841873235,0.0,0.0,1.0,0.0,0.0,0.0,0.0,0,0,0,10,0,0.0361261367797851,0.0,1.0,0.0,0.0,0.0,0.0,0.0,1.0,0.0,0.0,0.0,0.0,0.0,1.0,1.0,954,94,96,95.4,0.9660917830792958,95.4,0.0039724111557006,10,0.0,1.0
20.0,6,64.0,318.8784563569599,0.0,0.0,1.0,0.0,0.0,0.0,0.0,0,0,0,10,0,0.0313599109649658,0.0,1.0,0.0,0.0,0.0,0.0,0.0,1.0,0.0,0.0,0.0,0.0,0.0,1.0,1.0,869,83,96,86.9,6.279596590015423,86.9,0.0038359880447387,10,0.8798963164669087,42.25
20.0,6,64.0,194.5825176057972,0.0,0.0,1.0,0.0,0.0,0.0,0.0,0,0,0,10,0,0.0513920783996582,0.0,1.0,0.0,0.0,0.0,0.0,0.0,1.0,0.0,0.0,0.0,0.0,0.0,1.0,1.0,844,83,85,84.4,0.9660917830792958,84.4,0.005492615699768,10,0.0,1.0
20.0,6,64.0,782.9137811957515,0.0,0.0,0.7,0.3,0.3,0.0,0.0,3,0,0,7,0,0.012772798538208,0.0,1.0,0.0,0.0,0.0,0.0,0.0,1.0,0.0,0.0,0.0,0.0,0.0,1.0,1.0,693,54,85,69.3,11.84201559420242,69.3,0.0013832807540893,10,0.9315819934724544,138.88888888888889
20.0,6,64.0,630.2769471200805,0.0,0.0,0.6,0.4,0.4,0.0,0.0,4,0,0,6,0,0.0158660411834716,0.0,1.0,0.0,0.0,0.0,0.0,0.0,1.0,0.0,0.0,0.0,0.0,0.0,1.0,1.0,612,54,66,61.2,6.196773353931867,61.2,0.0015904188156127,10,0.9292823475934576,36.0
20.0,6,64.0,445.7094278670408,0.0,0.0,0.6,0.4,0.4,0.0,0.0,4,0,0,6,0,0.0224361419677734,0.0,1.0,0.0,0.0,0.0,0.0,0.0,1.0,0.0,0.0,0.0,0.0,0.0,1.0,1.0,600,54,66,60.0,6.324555320336759,60.0,0.0022480964660644,10,0.9293344008552924,36.0
20.0,6,64.0,209.14006482174025,0.0,0.0,0.6,0.4,0.4,0.0,0.0,4,0,0,6,0,0.0478148460388183,0.0,1.0,0.0,0.0,0.0,0.0,0.0,1.0,0.0,0.0,0.0,0.0,0.0,1.0,1.0,608,54,66,60.8,5.902918298980975,60.8,0.0050618886947631,10,0.9291626427982728,34.56
20.0,6,64.0,377.41640571572543,0.0,0.0,0.5,0.5,0.5,0.0,0.0,5,0,0,5,0,0.0264959335327148,0.0,1.0,0.0,0.0,0.0,0.0,0.0,1.0,0.0,0.0,0.0,0.0,0.0,1.0,1.0,590,54,64,59.0,5.270462766947299,59.0,0.0027616024017333,10,0.9289050057127436,25.0
20.0,6,64.0,340.4605706400422,0.0,0.0,0.5,0.5,0.5,0.0,0.0,5,0,0,5,0,0.0293719768524169,0.0,1.0,0.0,0.0,0.0,0.0,0.0,1.0,0.0,0.0,0.0,0.0,0.0,1.0,1.0,594,54,66,59.4,5.738757124441959,59.4,0.0029392957687377,10,0.9290957701022128,29.64
20.0,6,64.0,2014.071548619448,0.0,0.0,0.5,0.5,0.5,0.0,0.0,5,0,0,5,0,0.00496506690979,0.0,1.0,0.0,0.0,0.0,0.0,0.0,1.0,0.0,0.0,0.0,0.0,0.0,1.0,1.0,600,54,66,60.0,6.324555320336759,60.0,0.0006053209304809,10,0.9293344008552924,36.0
20.0,6,64.0,440.68461918320605,0.0,0.0,0.5,0.5,0.5,0.0,0.0,5,0,0,5,0,0.0226919651031494,0.0,1.0,0.0,0.0,0.0,0.0,0.0,1.0,0.0,0.0,0.0,0.0,0.0,1.0,1.0,4086,54,1224,408.6,562.7038297363897,408.6,0.0023775815963745,10,1.0,284972.04
20.0,6,64.0,319.2838329552548,0.0,0.0,0.6,0.4,0.4,0.0,0.0,4,0,0,6,0,0.0313200950622558,0.0,1.0,0.0,0.0,0.0,0.0,0.0,1.0,0.0,0.0,0.0,0.0,0.0,1.0,1.0,6390,54,1224,639.0,616.644143732834,639.0,0.0031355142593383,10,1.0,342225.0
20.0,6,64.0,2612.296960637768,0.0,0.0,0.5,0.5,0.5,0.0,0.0,5,0,0,5,0,0.0038280487060546,0.0,1.0,0.0,0.0,0.0,0.0,0.0,1.0,0.0,0.0,0.0,0.0,0.0,1.0,1.0,6393,54,1225,639.3,616.9604795554844,639.3,0.0004802942276,10,1.0,342576.21
20.0,6,64.0,463.56145004420864,0.0,0.0,0.6,0.4,0.4,0.0,0.0,4,0,0,6,0,0.0215721130371093,0.0,1.0,0.0,0.0,0.0,0.0,0.0,1.0,0.0,0.0,0.0,0.0,0.0,1.0,1.0,7566,54,1225,756.6,604.7017997878514,756.6,0.0025572061538696,10,1.0,342810.25
20.0,6,64.0,425.1874379092918,0.0,0.0,0.7,0.3,0.3,0.0,0.0,3,0,0,7,0,0.0235190391540527,0.0,1.0,0.0,0.0,0.0,0.0,0.0,1.0,0.0,0.0,0.0,0.0,0.0,1.0,1.0,1777,54,1225,177.7,368.0202440083969,177.7,0.0030762910842895,10,1.0,342810.25
20.0,6,64.0,603.4969784172662,0.0,0.0,0.6,0.4,0.4,0.0,0.0,4,0,0,6,0,0.0165700912475585,0.0,1.0,0.0,0.0,0.0,0.0,0.0,1.0,0.0,0.0,0.0,0.0,0.0,1.0,1.0,610,54,67,61.0,6.073622386096199,61.0,0.0018201112747192,10,0.9292321808152002,33.2
20.0,6,64.0,439.5992118391816,0.0,0.0,0.7,0.3,0.3,0.0,0.0,3,0,0,7,0,0.0227479934692382,0.0,1.0,0.0,0.0,0.0,0.0,0.0,1.0,0.0,0.0,0.0,0.0,0.0,1.0,1.0,631,54,67,63.1,6.279596590015423,63.1,0.0027190923690795,10,0.9293160864669088,42.25
20.0,6,64.0,333.3336512250753,0.0,0.0,0.6,0.4,0.4,0.0,0.0,4,0,0,6,0,0.0299999713897705,0.0,1.0,0.0,0.0,0.0,0.0,0.0,1.0,0.0,0.0,0.0,0.0,0.0,1.0,1.0,603,54,67,60.3,5.4984846397287805,60.3,0.0034121990203857,10,0.92899789270284,30.88888888888889
20.0,6,64.0,329.2516622314329,0.0,0.0,0.7,0.3,0.3,0.0,0.0,3,0,0,7,0,0.0303719043731689,0.0,1.0,0.0,0.0,0.0,0.0,0.0,1.0,0.0,0.0,0.0,0.0,0.0,1.0,1.0,626,54,66,62.6,4.623610902506587,62.6,0.0039254903793334,10,0.9286415041372452,25.0
20.0,6,64.0,377.3586806898848,0.0,0.0,0.8,0.2,0.2,0.0,0.0,2,0,0,8,0,0.0264999866485595,0.0,1.0,0.0,0.0,0.0,0.0,0.0,1.0,0.0,0.0,0.0,0.0,0.0,1.0,1.0,624,54,66,62.4,5.796550698475775,62.4,0.0026537179946899,10,0.9291193128925312,36.0
20.0,6,64.0,768.9903378985388,0.0,0.0,0.7,0.3,0.3,0.0,0.0,3,0,0,7,0,0.0130040645599365,0.0,1.0,0.0,0.0,0.0,0.0,0.0,1.0,0.0,0.0,0.0,0.0,0.0,1.0,1.0,620,54,64,62.0,4.216370213557839,62.0,0.004824686050415,10,0.9284756105701948,22.222222222222225
20.0,6,64.0,173.13876929300602,0.0,0.0,0.7,0.3,0.3,0.0,0.0,3,0,0,7,0,0.0577571392059326,0.0,1.0,0.0,0.0,0.0,0.0,0.0,1.0,0.0,0.0,0.0,0.0,0.0,1.0,1.0,608,54,66,60.8,5.902918298980975,60.8,0.0057772159576416,10,0.9291626427982728,31.360000000000003
20.0,6,64.0,1206.6814350240224,0.0,0.0,0.6,0.4,0.4,0.0,0.0,4,0,0,6,0,0.0082871913909912,0.0,1.0,0.0,0.0,0.0,0.0,0.0,1.0,0.0,0.0,0.0,0.0,0.0,1.0,1.0,622,54,66,62.2,5.692099788303083,62.2,0.0035778999328613,10,0.9290767637697632,36.0
20.0,6,64.0,1858.7653445601595,0.0,0.0,0.5,0.5,0.5,0.0,0.0,5,0,0,5,0,0.0053799152374267,0.0,1.0,0.0,0.0,0.0,0.0,0.0,1.0,0.0,0.0,0.0,0.0,0.0,1.0,1.0,590,54,64,59.0,5.270462766947299,59.0,0.000541877746582,10,0.9289050057127436,25.0
20.0,6,64.0,752.5034985108903,0.0,0.0,0.5,0.5,0.5,0.0,0.0,5,0,0,5,0,0.0132889747619628,0.0,1.0,0.0,0.0,0.0,0.0,0.0,1.0,0.0,0.0,0.0,0.0,0.0,1.0,1.0,592,54,66,59.2,5.513619500836088,59.2,0.0013326168060302,10,0.9290040580398606,27.360000000000003
20.0,6,64.0,787.3965607869641,0.0,0.0,0.5,0.5,0.5,0.0,0.0,5,0,0,5,0,0.012700080871582,0.0,1.0,0.0,0.0,0.0,0.0,0.0,1.0,0.0,0.0,0.0,0.0,0.0,1.0,1.0,600,54,66,60.0,6.324555320336759,60.0,0.0012717008590698,10,0.9293344008552924,36.0
20.0,6,64.0,699.0972731515434,0.0,0.0,0.6,0.4,0.4,0.0,0.0,4,0,0,6,0,0.0143041610717773,0.0,1.0,0.0,0.0,0.0,0.0,0.0,1.0,0.0,0.0,0.0,0.0,0.0,1.0,1.0,740,54,206,74.0,46.76180777800048,74.0,0.0014333009719848,10,0.9458069200164464,1968.0
20.0,6,64.0,610.3913264934876,0.0,0.0,0.9,0.1,0.1,0.0,0.0,1,0,0,9,0,0.0163829326629638,0.0,1.0,0.0,0.0,0.0,0.0,0.0,1.0,0.0,0.0,0.0,0.0,0.0,1.0,1.0,1908,54,206,190.8,48.06662043455937,190.8,0.0016425848007202,10,0.946338448500222,3696.64
20.0,6,64.0,812.0784526321903,0.0,0.0,1.0,0.0,0.0,0.0,0.0,0,0,0,10,0,0.0123140811920166,0.0,1.0,0.0,0.0,0.0,0.0,0.0,1.0,0.0,0.0,0.0,0.0,0.0,1.0,1.0,2080,208,208,208.0,0.0,208.0,0.0027361154556274,10,0.0,0.0
20.0,6,64.0,282.12554147496434,0.0,0.0,1.0,0.0,0.0,0.0,0.0,0,0,0,10,0,0.035445213317871,0.0,1.0,0.0,0.0,0.0,0.0,0.0,1.0,0.0,0.0,0.0,0.0,0.0,1.0,1.0,12240,1224,1224,1224.0,0.0,1224.0,0.0037240028381347,10,0.0,0.0
20.0,6,64.0,333.18801436242893,0.0,0.0,0.9,0.1,0.1,0.0,0.0,1,0,0,9,0,0.030013084411621,0.0,1.0,0.0,0.0,0.0,0.0,0.0,1.0,0.0,0.0,0.0,0.0,0.0,1.0,1.0,11088,54,1226,1108.8,370.6189417717341,1108.8,0.0034658908843994,10,1.0,305240.88888888893
20.0,6,64.0,227.9562599186939,0.0,0.0,1.0,0.0,0.0,0.0,0.0,0,0,0,10,0,0.043868064880371,0.0,1.0,0.0,0.0,0.0,0.0,0.0,1.0,0.0,0.0,0.0,0.0,0.0,1.0,1.0,1820,66,1226,182.0,366.824208579532,182.0,0.0049740076065063,10,1.0,336400.0
20.0,6,64.0,639.7949875680705,0.0,0.0,1.0,0.0,0.0,0.0,0.0,0,0,0,10,0,0.0156300067901611,0.0,1.0,0.0,0.0,0.0,0.0,0.0,1.0,0.0,0.0,0.0,0.0,0.0,1.0,1.0,660,66,66,66.0,0.0,66.0,0.0015651941299438,10,0.0,0.0
20.0,6,64.0,102.31332342961409,0.0,0.0,1.0,0.0,0.0,0.0,0.0,0,0,0,10,0,0.0977389812469482,0.0,1.0,0.0,0.0,0.0,0.0,0.0,1.0,0.0,0.0,0.0,0.0,0.0,1.0,1.0,660,66,66,66.0,0.0,66.0,0.0097782850265502,10,0.0,0.0
20.0,6,64.0,1790.1425522833974,0.0,0.0,1.0,0.0,0.0,0.0,0.0,0,0,0,10,0,0.0055861473083496,0.0,1.0,0.0,0.0,0.0,0.0,0.0,1.0,0.0,0.0,0.0,0.0,0.0,1.0,1.0,678,66,68,67.8,0.6324555320336757,67.8,0.0005621194839477,10,0.0,1.0
20.0,6,64.0,472.5230949484025,0.0,0.0,0.5,0.5,0.5,0.0,0.0,5,0,0,5,0,0.021162986755371,0.0,1.0,0.0,0.0,0.0,0.0,0.0,1.0,0.0,0.0,0.0,0.0,0.0,1.0,1.0,604,54,68,60.4,5.641118880348314,60.4,0.0024091958999633,10,0.9290559961870988,34.666666666666664
20.0,6,64.0,321.10979260291384,0.0,0.0,0.5,0.5,0.5,0.0,0.0,5,0,0,5,0,0.0311419963836669,0.0,1.0,0.0,0.0,0.0,0.0,0.0,1.0,0.0,0.0,0.0,0.0,0.0,1.0,1.0,590,54,64,59.0,5.270462766947299,59.0,0.0031169891357421,10,0.9289050057127436,25.0
20.0,6,64.0,292.8696915106065,0.0,0.0,0.5,0.5,0.5,0.0,0.0,5,0,0,5,0,0.0341448783874511,0.0,1.0,0.0,0.0,0.0,0.0,0.0,1.0,0.0,0.0,0.0,0.0,0.0,1.0,1.0,600,54,66,60.0,6.324555320336759,60.0,0.0034173965454101,10,0.9293344008552924,36.0
20.0,6,64.0,764.3517877318949,0.0,0.0,0.7,0.3,0.3,0.0,0.0,3,0,0,7,0,0.0130829811096191,0.0,1.0,0.0,0.0,0.0,0.0,0.0,1.0,0.0,0.0,0.0,0.0,0.0,1.0,1.0,612,54,66,61.2,6.196773353931867,61.2,0.0013147115707397,10,0.9292823475934576,36.0
20.0,6,64.0,401.38032670794377,0.0,0.0,1.0,0.0,0.0,0.0,0.0,0,0,0,10,0,0.0249140262603759,0.0,1.0,0.0,0.0,0.0,0.0,0.0,1.0,0.0,0.0,0.0,0.0,0.0,1.0,1.0,661,66,67,66.1,0.3162277660168379,66.1,0.0027601957321166,10,0.0,0.09
20.0,6,64.0,248.1029250835527,0.0,0.0,1.0,0.0,0.0,0.0,0.0,0,0,0,10,0,0.0403058528900146,0.0,1.0,0.0,0.0,0.0,0.0,0.0,1.0,0.0,0.0,0.0,0.0,0.0,1.0,1.0,707,67,104,70.7,11.700427342623003,70.7,0.0040323972702026,10,0.909370626082291,123.21
20.0,6,64.0,222.53428763947176,0.0,0.0,1.0,0.0,0.0,0.0,0.0,0,0,0,10,0,0.0449368953704834,0.0,1.0,0.0,0.0,0.0,0.0,0.0,1.0,0.0,0.0,0.0,0.0,0.0,1.0,1.0,1042,104,106,104.2,0.6324555320336759,104.2,0.0056560039520263,10,0.0,0.36
20.0,6,64.0,235.84307507183303,0.0,0.0,1.0,0.0,0.0,0.0,0.0,0,0,0,10,0,0.0424010753631591,0.0,1.0,0.0,0.0,0.0,0.0,0.0,1.0,0.0,0.0,0.0,0.0,0.0,1.0,1.0,1020,66,106,102.0,12.649110640673518,102.0,0.0045974016189575,10,0.9114612117105848,144.0
20.0,6,64.0,261.0963508920457,0.0,0.0,0.5,0.5,0.5,0.0,0.0,5,0,0,5,0,0.0383000373840332,0.0,1.0,0.0,0.0,0.0,0.0,0.0,1.0,0.0,0.0,0.0,0.0,0.0,1.0,1.0,600,54,66,60.0,6.324555320336759,60.0,0.0041212081909179,10,0.9293344008552924,36.0
20.0,6,64.0,1212.2616260585569,0.0,0.0,0.5,0.5,0.5,0.0,0.0,5,0,0,5,0,0.0082490444183349,0.0,1.0,0.0,0.0,0.0,0.0,0.0,1.0,0.0,0.0,0.0,0.0,0.0,1.0,1.0,602,54,68,60.2,6.562519841239848,60.2,0.0009106874465942,10,0.9294313380825274,38.76
20.0,6,64.0,1362.5833279189137,0.0,0.0,0.5,0.5,0.5,0.0,0.0,5,0,0,5,0,0.0073390007019042,0.0,1.0,0.0,0.0,0.0,0.0,0.0,1.0,0.0,0.0,0.0,0.0,0.0,1.0,1.0,610,54,68,61.0,7.378647873726218,61.0,0.0010159015655517,10,0.9297637959978412,49.0
20.0,6,64.0,860.1406804339356,0.0,0.0,0.5,0.5,0.5,0.0,0.0,5,0,0,5,0,0.0116260051727294,0.0,1.0,0.0,0.0,0.0,0.0,0.0,1.0,0.0,0.0,0.0,0.0,0.0,1.0,1.0,620,54,68,62.0,6.928203230275509,62.0,0.001340103149414,10,0.9295803028678852,48.0
20.0,6,64.0,221.22439937762076,0.0,0.0,0.5,0.5,0.5,0.0,0.0,5,0,0,5,0,0.0452029705047607,0.0,1.0,0.0,0.0,0.0,0.0,0.0,1.0,0.0,0.0,0.0,0.0,0.0,1.0,1.0,600,54,66,60.0,6.324555320336759,60.0,0.0045252084732055,10,0.9293344008552924,36.0
20.0,6,64.0,1081.34062081056,0.0,0.0,0.6,0.4,0.4,0.0,0.0,4,0,0,6,0,0.0092477798461914,0.0,1.0,0.0,0.0,0.0,0.0,0.0,1.0,0.0,0.0,0.0,0.0,0.0,1.0,1.0,602,54,67,60.2,6.545566777937908,60.2,0.0009298801422119,10,0.9294244320826608,38.56
20.0,6,64.0,372.7872582480091,0.0,0.0,0.5,0.5,0.5,0.0,0.0,5,0,0,5,0,0.026824951171875,0.0,1.0,0.0,0.0,0.0,0.0,0.0,1.0,0.0,0.0,0.0,0.0,0.0,1.0,1.0,605,54,67,60.5,6.851601597031489,60.5,0.0030868053436279,10,0.9295490984265669,42.25
20.0,6,64.0,669.877501477329,0.0,0.0,0.7,0.3,0.3,0.0,0.0,3,0,0,7,0,0.0149281024932861,0.0,1.0,0.0,0.0,0.0,0.0,0.0,1.0,0.0,0.0,0.0,0.0,0.0,1.0,1.0,707,54,86,70.7,14.19741760556006,70.7,0.0016071081161499,10,0.932541490035801,181.41000000000005
20.0,6,64.0,197.1841474307743,0.0,0.0,1.0,0.0,0.0,0.0,0.0,0,0,0,10,0,0.0507140159606933,0.0,1.0,0.0,0.0,0.0,0.0,0.0,1.0,0.0,0.0,0.0,0.0,0.0,1.0,1.0,868,86,88,86.8,1.0327955589886444,86.8,0.0052762985229492,10,0.8726465895989097,0.96
20.0,6,64.0,164.10089478193848,0.0,0.0,1.0,0.0,0.0,0.0,0.0,0,0,0,10,0,0.0609381198883056,0.0,1.0,0.0,0.0,0.0,0.0,0.0,1.0,0.0,0.0,0.0,0.0,0.0,1.0,1.0,792,66,88,79.2,11.360751148875089,79.2,0.0063879013061523,10,0.9109363855880058,116.16
20.0,6,64.0,1586.52797216023,0.0,0.0,1.0,0.0,0.0,0.0,0.0,0,0,0,10,0,0.006303071975708,0.0,1.0,0.0,0.0,0.0,0.0,0.0,1.0,0.0,0.0,0.0,0.0,0.0,1.0,1.0,668,66,68,66.8,1.0327955589886444,66.8,0.000632095336914,10,0.9067291895989096,0.96
20.0,6,64.0,197.32051203643155,0.0,0.0,1.0,0.0,0.0,0.0,0.0,0,0,0,10,0,0.0506789684295654,0.0,1.0,0.0,0.0,0.0,0.0,0.0,1.0,0.0,0.0,0.0,0.0,0.0,1.0,1.0,672,66,68,67.2,1.0327955589886444,67.2,0.0053915977478027,10,0.9067291895989096,0.96
20.0,6,64.0,169.11015958261768,0.0,0.0,1.0,0.0,0.0,0.0,0.0,0,0,0,10,0,0.0591330528259277,0.0,1.0,0.0,0.0,0.0,0.0,0.0,1.0,0.0,0.0,0.0,0.0,0.0,1.0,1.0,668,66,68,66.8,1.0327955589886444,66.8,0.0063192129135131,10,0.9067291895989096,0.96
20.0,6,64.0,242.47194778617305,0.0,0.0,0.8,0.2,0.2,0.0,0.0,2,0,0,8,0,0.0412418842315673,0.0,1.0,0.0,0.0,0.0,0.0,0.0,1.0,0.0,0.0,0.0,0.0,0.0,1.0,1.0,648,54,68,64.8,5.750362307426086,64.8,0.0044649839401245,10,0.9291004975895532,29.76
20.0,6,64.0,613.2382010643897,0.0,0.0,0.5,0.5,0.5,0.0,0.0,5,0,0,5,0,0.0163068771362304,0.0,1.0,0.0,0.0,0.0,0.0,0.0,1.0,0.0,0.0,0.0,0.0,0.0,1.0,1.0,612,54,66,61.2,6.196773353931867,61.2,0.0021311998367309,10,0.9292823475934576,35.55555555555556
20.0,6,64.0,675.1286095998455,0.0,0.0,0.6,0.4,0.4,0.0,0.0,4,0,0,6,0,0.0148119926452636,0.0,1.0,0.0,0.0,0.0,0.0,0.0,1.0,0.0,0.0,0.0,0.0,0.0,1.0,1.0,606,54,68,60.6,6.995236474439826,60.6,0.0014850139617919,10,0.9296076095302278,44.04
20.0,6,64.0,481.0919560005965,0.0,0.0,0.5,0.5,0.5,0.0,0.0,5,0,0,5,0,0.0207860469818115,0.0,1.0,0.0,0.0,0.0,0.0,0.0,1.0,0.0,0.0,0.0,0.0,0.0,1.0,1.0,610,54,68,61.0,7.378647873726218,61.0,0.0023936033248901,10,0.9297637959978412,49.0
20.0,6,64.0,773.9282221607159,0.0,0.0,0.5,0.5,0.5,0.0,0.0,5,0,0,5,0,0.0129210948944091,0.0,1.0,0.0,0.0,0.0,0.0,0.0,1.0,0.0,0.0,0.0,0.0,0.0,1.0,1.0,604,54,68,60.4,6.785605679999719,60.4,0.0016264915466308,10,0.9295222143298046,49.0
20.0,6,64.0,454.25347109407153,0.0,0.0,0.5,0.5,0.5,0.0,0.0,5,0,0,5,0,0.0220141410827636,0.0,1.0,0.0,0.0,0.0,0.0,0.0,1.0,0.0,0.0,0.0,0.0,0.0,1.0,1.0,600,54,66,60.0,6.324555320336759,60.0,0.0025855064392089,10,0.9293344008552924,36.0
20.0,6,64.0,202.5363008175229,0.0,0.0,0.5,0.5,0.5,0.0,0.0,5,0,0,5,0,0.0493738651275634,0.0,1.0,0.0,0.0,0.0,0.0,0.0,1.0,0.0,0.0,0.0,0.0,0.0,1.0,1.0,606,54,68,60.6,6.995236474439826,60.6,0.005595588684082,10,0.9296076095302278,44.04
20.0,6,64.0,1660.5843693087338,0.0,0.0,0.6,0.4,0.4,0.0,0.0,4,0,0,6,0,0.0060219764709472,0.0,1.0,0.0,0.0,0.0,0.0,0.0,1.0,0.0,0.0,0.0,0.0,0.0,1.0,1.0,624,54,68,62.4,7.229568912920511,62.4,0.0007136106491088,10,0.9297030671923672,49.0
20.0,6,64.0,691.7526759355467,0.0,0.0,0.9,0.1,0.1,0.0,0.0,1,0,0,9,0,0.014456033706665,0.0,1.0,0.0,0.0,0.0,0.0,0.0,1.0,0.0,0.0,0.0,0.0,0.0,1.0,1.0,634,54,68,63.4,3.5339622081862854,63.4,0.0015483856201171,10,0.9281976248451268,49.0
20.0,6,64.0,148.03391050844587,0.0,0.0,1.0,0.0,0.0,0.0,0.0,0,0,0,10,0,0.0675520896911621,0.0,1.0,0.0,0.0,0.0,0.0,0.0,1.0,0.0,0.0,0.0,0.0,0.0,1.0,1.0,656,64,66,65.6,0.8432740427115678,65.6,0.0070568084716796,10,0.0,1.0
20.0,6,64.0,323.34266133197656,0.0,0.0,0.6,0.4,0.4,0.0,0.0,4,0,0,6,0,0.0309269428253173,0.0,1.0,0.0,0.0,0.0,0.0,0.0,1.0,0.0,0.0,0.0,0.0,0.0,1.0,1.0,614,54,66,61.4,5.168279318217149,61.4,0.0035573005676269,10,0.9288633802630688,27.9375
20.0,6,64.0,344.56644787105574,0.0,0.0,0.5,0.5,0.5,0.0,0.0,5,0,0,5,0,0.0290219783782959,0.0,1.0,0.0,0.0,0.0,0.0,0.0,1.0,0.0,0.0,0.0,0.0,0.0,1.0,1.0,590,54,64,59.0,5.270462766947299,59.0,0.0029058933258056,10,0.9289050057127436,25.0
20.0,6,64.0,1117.825275838175,0.0,0.0,0.5,0.5,0.5,0.0,0.0,5,0,0,5,0,0.0089459419250488,0.0,1.0,0.0,0.0,0.0,0.0,0.0,1.0,0.0,0.0,0.0,0.0,0.0,1.0,1.0,600,54,66,60.0,6.324555320336759,60.0,0.0008969068527221,10,0.9293344008552924,36.0
20.0,6,64.0,1328.9094480704646,0.0,0.0,0.6,0.4,0.4,0.0,0.0,4,0,0,6,0,0.0075249671936035,0.0,1.0,0.0,0.0,0.0,0.0,0.0,1.0,0.0,0.0,0.0,0.0,0.0,1.0,1.0,600,54,66,60.0,6.324555320336759,60.0,0.0007560968399047,10,0.9293344008552924,36.0
20.0,6,64.0,668.1913622532699,0.0,0.0,0.5,0.5,0.5,0.0,0.0,5,0,0,5,0,0.0149657726287841,0.0,1.0,0.0,0.0,0.0,0.0,0.0,1.0,0.0,0.0,0.0,0.0,0.0,1.0,1.0,600,54,66,60.0,6.324555320336759,60.0,0.0029496908187866,10,0.9293344008552924,36.0
20.0,6,64.0,215.35977982932664,0.0,0.0,0.5,0.5,0.5,0.0,0.0,5,0,0,5,0,0.0464339256286621,0.0,1.0,0.0,0.0,0.0,0.0,0.0,1.0,0.0,0.0,0.0,0.0,0.0,1.0,1.0,614,54,68,61.4,6.397916327472042,61.4,0.0049479007720947,10,0.929364285195159,36.84
20.0,6,64.0,1523.7054528281324,0.0,0.0,0.6,0.4,0.4,0.0,0.0,4,0,0,6,0,0.0065629482269287,0.0,1.0,0.0,0.0,0.0,0.0,0.0,1.0,0.0,0.0,0.0,0.0,0.0,1.0,1.0,610,54,68,61.0,7.378647873726218,61.0,0.0006600141525268,10,0.9297637959978412,49.0
20.0,6,64.0,209.81486205947823,0.0,0.0,0.6,0.4,0.4,0.0,0.0,4,0,0,6,0,0.0476610660552978,0.0,1.0,0.0,0.0,0.0,0.0,0.0,1.0,0.0,0.0,0.0,0.0,0.0,1.0,1.0,616,54,68,61.6,6.719788356455548,61.6,0.0047699928283691,10,0.9294954029848858,49.0
20.0,6,64.0,4093.201912754952,0.0,0.0,1.0,0.0,0.0,0.0,0.0,0,0,0,10,0,0.0024430751800537,0.0,1.0,0.0,0.0,0.0,0.0,0.0,1.0,0.0,0.0,0.0,0.0,0.0,1.0,1.0,644,64,66,64.4,0.8432740427115678,64.4,0.0002658128738403,10,0.0,0.64
20.0,6,64.0,375.3325756830039,0.0,0.0,0.9,0.1,0.1,0.0,0.0,1,0,0,9,0,0.0266430377960205,0.0,1.0,0.0,0.0,0.0,0.0,0.0,1.0,0.0,0.0,0.0,0.0,0.0,1.0,1.0,657,54,75,65.7,4.98998997994986,65.7,0.0029517889022827,10,0.9287907523182324,22.410000000000004
20.0,6,64.0,507.9018176093775,0.0,0.0,0.5,0.5,0.5,0.0,0.0,5,0,0,5,0,0.0196888446807861,0.0,1.0,0.0,0.0,0.0,0.0,0.0,1.0,0.0,0.0,0.0,0.0,0.0,1.0,1.0,645,54,75,64.5,11.067971810589327,64.5,0.0021960973739624,10,0.9312666789967616,110.25
20.0,6,64.0,774.3425765240188,0.0,0.0,0.5,0.5,0.5,0.0,0.0,5,0,0,5,0,0.0129141807556152,0.0,1.0,0.0,0.0,0.0,0.0,0.0,1.0,0.0,0.0,0.0,0.0,0.0,1.0,1.0,670,54,77,67.0,11.215069227507149,67.0,0.0013996124267578,10,0.9313266006005172,113.4320987654321
20.0,6,64.0,465.78535891968727,0.0,0.0,0.6,0.4,0.4,0.0,0.0,4,0,0,6,0,0.0214691162109375,0.0,1.0,0.0,0.0,0.0,0.0,0.0,1.0,0.0,0.0,0.0,0.0,0.0,1.0,1.0,655,54,77,65.5,12.122064363978788,65.5,0.0021503925323486,10,0.9316960741393104,132.25
20.0,6,64.0,196.67284057712777,0.0,0.0,0.6,0.4,0.4,0.0,0.0,4,0,0,6,0,0.0508458614349365,0.0,1.0,0.0,0.0,0.0,0.0,0.0,1.0,0.0,0.0,0.0,0.0,0.0,1.0,1.0,639,54,77,63.9,10.03826014141229,63.9,0.0052481889724731,10,0.9308472156512058,132.25
20.0,6,64.0,1405.079896820877,0.0,0.0,0.7,0.3,0.3,0.0,0.0,3,0,0,7,0,0.0071170330047607,0.0,1.0,0.0,0.0,0.0,0.0,0.0,1.0,0.0,0.0,0.0,0.0,0.0,1.0,1.0,622,54,66,62.2,4.366539438350085,62.2,0.0008130073547363,10,0.9285367835056064,18.75
20.0,6,64.0,1116.9322539412017,0.0,0.0,0.6,0.4,0.4,0.0,0.0,4,0,0,6,0,0.0089530944824218,0.0,1.0,0.0,0.0,0.0,0.0,0.0,1.0,0.0,0.0,0.0,0.0,0.0,1.0,1.0,600,54,66,60.0,6.324555320336759,60.0,0.0008975028991699,10,0.9293344008552924,36.0
20.0,6,64.0,382.1898235894445,0.0,0.0,0.9,0.1,0.1,0.0,0.0,1,0,0,9,0,0.0261650085449218,0.0,1.0,0.0,0.0,0.0,0.0,0.0,1.0,0.0,0.0,0.0,0.0,0.0,1.0,1.0,648,54,66,64.8,3.794733192202056,64.8,0.0030246973037719,10,0.9283038525131756,27.0
20.0,6,64.0,206.3811131175854,0.0,0.0,1.0,0.0,0.0,0.0,0.0,0,0,0,10,0,0.0484540462493896,0.0,1.0,0.0,0.0,0.0,0.0,0.0,1.0,0.0,0.0,0.0,0.0,0.0,1.0,1.0,660,66,66,66.0,0.0,66.0,0.0052024126052856,10,0.0,0.0
20.0,6,64.0,203.79495651328892,0.0,0.0,1.0,0.0,0.0,0.0,0.0,0,0,0,10,0,0.0490689277648925,0.0,1.0,0.0,0.0,0.0,0.0,0.0,1.0,0.0,0.0,0.0,0.0,0.0,1.0,1.0,660,66,66,66.0,0.0,66.0,0.0052456855773925,10,0.0,0.0
20.0,6,64.0,216.99988617903003,0.0,0.0,1.0,0.0,0.0,0.0,0.0,0,0,0,10,0,0.0460829734802246,0.0,1.0,0.0,0.0,0.0,0.0,0.0,1.0,0.0,0.0,0.0,0.0,0.0,1.0,1.0,670,66,68,67.0,1.0540925533894598,67.0,0.0049395084381103,10,0.9067378651425488,1.0
20.0,6,64.0,167.8950591833222,0.0,0.0,0.8,0.2,0.2,0.0,0.0,2,0,0,8,0,0.059561014175415,0.0,1.0,0.0,0.0,0.0,0.0,0.0,1.0,0.0,0.0,0.0,0.0,0.0,1.0,1.0,2005,54,519,200.5,219.85664521329448,200.5,0.0062211990356445,10,1.0,45687.28395061728
20.0,6,64.0,146.88818535847366,0.0,0.0,0.6,0.4,0.4,0.0,0.0,4,0,0,6,0,0.0680789947509765,0.0,1.0,0.0,0.0,0.0,0.0,0.0,1.0,0.0,0.0,0.0,0.0,0.0,1.0,1.0,3330,54,519,333.0,240.12496746485985,333.0,0.0073843002319335,10,1.0,54056.25
20.0,6,64.0,1021.8545047020416,0.0,0.0,0.5,0.5,0.5,0.0,0.0,5,0,0,5,0,0.0097861289978027,0.0,1.0,0.0,0.0,0.0,0.0,0.0,1.0,0.0,0.0,0.0,0.0,0.0,1.0,1.0,3340,54,521,334.0,240.98639887853517,334.0,0.0009829998016357,10,1.0,54405.9375
20.0,6,64.0,753.977961135379,0.0,0.0,0.6,0.4,0.4,0.0,0.0,4,0,0,6,0,0.0132629871368408,0.0,1.0,0.0,0.0,0.0,0.0,0.0,1.0,0.0,0.0,0.0,0.0,0.0,1.0,1.0,2875,54,521,287.5,246.1306112164389,287.5,0.0013284921646118,10,1.0,54522.25
20.0,6,64.0,344.756205819497,0.0,0.0,1.0,0.0,0.0,0.0,0.0,0,0,0,10,0,0.029006004333496,0.0,1.0,0.0,0.0,0.0,0.0,0.0,1.0,0.0,0.0,0.0,0.0,0.0,1.0,1.0,12430,1243,1243,1243.0,0.0,1243.0,0.0040691137313842,10,0.0,0.0
20.0,6,64.0,352.646252669458,0.0,0.0,1.0,0.0,0.0,0.0,0.0,0,0,0,10,0,0.0283570289611816,0.0,1.0,0.0,0.0,0.0,0.0,0.0,1.0,0.0,0.0,0.0,0.0,0.0,1.0,1.0,12450,1245,1245,1245.0,0.0,1245.0,0.0031658887863159,10,0.0,0.0
20.0,6,64.0,912.7377973146477,0.0,0.0,0.5,0.5,0.5,0.0,0.0,5,0,0,5,0,0.0109560489654541,0.0,1.0,0.0,0.0,0.0,0.0,0.0,1.0,0.0,0.0,0.0,0.0,0.0,1.0,1.0,2292,54,346,229.2,150.7881516123421,229.2,0.0010982036590576,10,0.9881830914408036,21052.83950617284
20.0,6,64.0,698.9574723370217,0.0,0.0,0.5,0.5,0.5,0.0,0.0,5,0,0,5,0,0.0143070220947265,0.0,1.0,0.0,0.0,0.0,0.0,0.0,1.0,0.0,0.0,0.0,0.0,0.0,1.0,1.0,2002,54,348,200.2,154.10948489088312,200.2,0.0014332056045532,10,0.9895360697651502,21374.76
20.0,6,64.0,300.63462710102857,0.0,0.0,0.6,0.4,0.4,0.0,0.0,4,0,0,6,0,0.0332629680633544,0.0,1.0,0.0,0.0,0.0,0.0,0.0,1.0,0.0,0.0,0.0,0.0,0.0,1.0,1.0,2304,54,348,230.4,151.82094717133074,230.4,0.0033298015594482,10,0.9886038110397132,21609.0
20.0,6,64.0,1155.8058915924937,0.0,0.0,0.7,0.3,0.3,0.0,0.0,3,0,0,7,0,0.0086519718170166,0.0,1.0,0.0,0.0,0.0,0.0,0.0,1.0,0.0,0.0,0.0,0.0,0.0,1.0,1.0,1629,54,348,162.9,131.23299889890498,162.9,0.0008688926696777,10,0.980217104431458,21609.0
20.0,6,64.0,426.2374114610327,0.0,0.0,1.0,0.0,0.0,0.0,0.0,0,0,0,10,0,0.023461103439331,0.0,1.0,0.0,0.0,0.0,0.0,0.0,1.0,0.0,0.0,0.0,0.0,0.0,1.0,1.0,1236,123,125,123.6,0.966091783079296,123.6,0.0023473978042602,10,0.0,0.8400000000000001
20.0,6,64.0,773.7568948659767,0.0,0.0,0.9,0.1,0.1,0.0,0.0,1,0,0,9,0,0.0129239559173583,0.0,1.0,0.0,0.0,0.0,0.0,0.0,1.0,0.0,0.0,0.0,0.0,0.0,1.0,1.0,1061,54,125,106.1,30.606644158853264,106.1,0.0015336036682128,10,0.9392259525645504,843.0899999999999
20.0,6,64.0,337.0407810679417,0.0,0.0,0.6,0.4,0.4,0.0,0.0,4,0,0,6,0,0.0296700000762939,0.0,1.0,0.0,0.0,0.0,0.0,0.0,1.0,0.0,0.0,0.0,0.0,0.0,1.0,1.0,612,54,66,61.2,6.196773353931867,61.2,0.0035125017166137,10,0.9292823475934576,35.26530612244898
20.0,6,64.0,1997.19251464216,0.0,0.0,0.5,0.5,0.5,0.0,0.0,5,0,0,5,0,0.0050070285797119,0.0,1.0,0.0,0.0,0.0,0.0,0.0,1.0,0.0,0.0,0.0,0.0,0.0,1.0,1.0,606,54,68,60.6,6.995236474439826,60.6,0.0008595943450927,10,0.9296076095302278,44.04
20.0,6,64.0,591.71378590373,0.0,0.0,0.6,0.4,0.4,0.0,0.0,4,0,0,6,0,0.0169000625610351,0.0,1.0,0.0,0.0,0.0,0.0,0.0,1.0,0.0,0.0,0.0,0.0,0.0,1.0,1.0,624,54,68,62.4,7.229568912920511,62.4,0.0018435001373291,10,0.9297030671923672,49.0
20.0,6,64.0,332.40113486868177,0.0,0.0,0.7,0.3,0.3,0.0,0.0,3,0,0,7,0,0.0300841331481933,0.0,1.0,0.0,0.0,0.0,0.0,0.0,1.0,0.0,0.0,0.0,0.0,0.0,1.0,1.0,626,54,68,62.6,5.966573556070519,62.6,0.0035813093185424,10,0.9291885734038008,49.0
20.0,6,64.0,945.6214631946792,0.0,0.0,0.5,0.5,0.5,0.0,0.0,5,0,0,5,0,0.0105750560760498,0.0,1.0,0.0,0.0,0.0,0.0,0.0,1.0,0.0,0.0,0.0,0.0,0.0,1.0,1.0,616,54,68,61.6,6.586180818788516,61.6,0.0011250019073486,10,0.9294409766183416,39.04
20.0,6,64.0,299.46480079965727,0.0,0.0,0.6,0.4,0.4,0.0,0.0,4,0,0,6,0,0.0333929061889648,0.0,1.0,0.0,0.0,0.0,0.0,0.0,1.0,0.0,0.0,0.0,0.0,0.0,1.0,1.0,610,54,68,61.0,7.378647873726218,61.0,0.0033415794372558,10,0.9297637959978412,49.0
20.0,6,64.0,642.5491758073412,0.0,0.0,0.7,0.3,0.3,0.0,0.0,3,0,0,7,0,0.0155630111694335,0.0,1.0,0.0,0.0,0.0,0.0,0.0,1.0,0.0,0.0,0.0,0.0,0.0,1.0,1.0,742,54,94,74.2,17.974055376198958,74.2,0.0015607118606567,10,0.9340799411980484,290.76
20.0,6,64.0,305.37120224825446,0.0,0.0,0.5,0.5,0.5,0.0,0.0,5,0,0,5,0,0.0327470302581787,0.0,1.0,0.0,0.0,0.0,0.0,0.0,1.0,0.0,0.0,0.0,0.0,0.0,1.0,1.0,780,54,94,78.0,20.65591117977289,78.0,0.003511905670166,10,0.9351724219781924,400.0
20.0,6,64.0,850.6335685892756,0.0,0.0,0.6,0.4,0.4,0.0,0.0,4,0,0,6,0,0.0117559432983398,0.0,1.0,0.0,0.0,0.0,0.0,0.0,1.0,0.0,0.0,0.0,0.0,0.0,1.0,1.0,792,54,96,79.2,21.68870673876153,79.2,0.0011787891387939,10,0.935593141577102,441.0
20.0,6,64.0,205.09442265752597,0.0,0.0,0.8,0.2,0.2,0.0,0.0,2,0,0,8,0,0.0487580299377441,0.0,1.0,0.0,0.0,0.0,0.0,0.0,1.0,0.0,0.0,0.0,0.0,0.0,1.0,1.0,771,54,96,77.1,18.38749575118917,77.1,0.0048797130584716,10,0.9342483602692044,441.0
20.0,6,64.0,398.2627356027157,0.0,0.0,1.0,0.0,0.0,0.0,0.0,0,0,0,10,0,0.025109052658081,0.0,1.0,0.0,0.0,0.0,0.0,0.0,1.0,0.0,0.0,0.0,0.0,0.0,1.0,1.0,756,75,77,75.6,0.966091783079296,75.6,0.0040256023406982,10,0.0,0.8400000000000001
20.0,6,64.0,130.15400751574057,0.0,0.0,0.8,0.2,0.2,0.0,0.0,2,0,0,8,0,0.0768320560455322,0.0,1.0,0.0,0.0,0.0,0.0,0.0,1.0,0.0,0.0,0.0,0.0,0.0,1.0,1.0,721,54,77,72.1,8.345990387938123,72.1,0.0081069946289062,10,0.9301578526444304,62.69
20.0,6,64.0,826.920074129569,0.0,0.0,0.5,0.5,0.5,0.0,0.0,5,0,0,5,0,0.0120930671691894,0.0,1.0,0.0,0.0,0.0,0.0,0.0,1.0,0.0,0.0,0.0,0.0,0.0,1.0,1.0,590,54,64,59.0,5.270462766947299,59.0,0.0012203931808471,10,0.9289050057127436,25.0
20.0,6,64.0,399.7773456860727,0.0,0.0,0.6,0.4,0.4,0.0,0.0,4,0,0,6,0,0.0250139236450195,0.0,1.0,0.0,0.0,0.0,0.0,0.0,1.0,0.0,0.0,0.0,0.0,0.0,1.0,1.0,594,54,66,59.4,5.738757124441959,59.4,0.0025044918060302,10,0.9290957701022128,29.64
20.0,6,64.0,212.41822187333824,0.0,0.0,0.5,0.5,0.5,0.0,0.0,5,0,0,5,0,0.047076940536499,0.0,1.0,0.0,0.0,0.0,0.0,0.0,1.0,0.0,0.0,0.0,0.0,0.0,1.0,1.0,600,54,66,60.0,6.324555320336759,60.0,0.0052714109420776,10,0.9293344008552924,36.0
20.0,6,64.0,1066.547322382139,0.0,0.0,0.7,0.3,0.3,0.0,0.0,3,0,0,7,0,0.009376049041748,0.0,1.0,0.0,0.0,0.0,0.0,0.0,1.0,0.0,0.0,0.0,0.0,0.0,1.0,1.0,624,54,66,62.4,5.796550698475776,62.4,0.0010462999343872,10,0.9291193128925312,36.0
20.0,6,64.0,606.2797588933378,0.0,0.0,1.0,0.0,0.0,0.0,0.0,0,0,0,10,0,0.0164940357208251,0.0,1.0,0.0,0.0,0.0,0.0,0.0,1.0,0.0,0.0,0.0,0.0,0.0,1.0,1.0,668,66,68,66.8,1.0327955589886444,66.8,0.0016529083251953,10,0.9067291895989096,0.96
20.0,6,64.0,295.5608484250581,0.0,0.0,0.8,0.2,0.2,0.0,0.0,2,0,0,8,0,0.0338339805603027,0.0,1.0,0.0,0.0,0.0,0.0,0.0,1.0,0.0,0.0,0.0,0.0,0.0,1.0,1.0,648,54,68,64.8,5.750362307426086,64.8,0.003786277770996,10,0.9291004975895532,29.76
20.0,6,64.0,345.5685731705308,0.0,0.0,0.5,0.5,0.5,0.0,0.0,5,0,0,5,0,0.028937816619873,0.0,1.0,0.0,0.0,0.0,0.0,0.0,1.0,0.0,0.0,0.0,0.0,0.0,1.0,1.0,612,54,66,61.2,6.196773353931867,61.2,0.0038130044937133,10,0.9292823475934576,35.55555555555556
20.0,6,64.0,1564.6885025740503,0.0,0.0,0.5,0.5,0.5,0.0,0.0,5,0,0,5,0,0.0063910484313964,0.0,1.0,0.0,0.0,0.0,0.0,0.0,1.0,0.0,0.0,0.0,0.0,0.0,1.0,1.0,606,54,68,60.6,6.995236474439826,60.6,0.0006421089172363,10,0.9296076095302278,44.04
20.0,6,64.0,615.4247061758103,0.0,0.0,0.5,0.5,0.5,0.0,0.0,5,0,0,5,0,0.0162489414215087,0.0,1.0,0.0,0.0,0.0,0.0,0.0,1.0,0.0,0.0,0.0,0.0,0.0,1.0,1.0,610,54,68,61.0,7.378647873726218,61.0,0.0016284942626953,10,0.9297637959978412,49.0
20.0,6,64.0,331.7858498924187,0.0,0.0,0.8,0.2,0.2,0.0,0.0,2,0,0,8,0,0.0301399230957031,0.0,1.0,0.0,0.0,0.0,0.0,0.0,1.0,0.0,0.0,0.0,0.0,0.0,1.0,1.0,618,54,68,61.8,5.613475849338903,61.8,0.0030180931091308,10,0.9290447355219869,49.0
20.0,6,64.0,488.5163875235855,0.0,0.0,1.0,0.0,0.0,0.0,0.0,0,0,0,10,0,0.0204701423645019,0.0,1.0,0.0,0.0,0.0,0.0,0.0,1.0,0.0,0.0,0.0,0.0,0.0,1.0,1.0,650,64,66,65.0,1.0540925533894598,65.0,0.0020479202270507,10,0.9101461251425488,1.0
20.0,6,64.0,229.2783775658021,0.0,0.0,1.0,0.0,0.0,0.0,0.0,0,0,0,10,0,0.0436151027679443,0.0,1.0,0.0,0.0,0.0,0.0,0.0,1.0,0.0,0.0,0.0,0.0,0.0,1.0,1.0,650,64,66,65.0,1.0540925533894598,65.0,0.0049947023391723,10,0.9101461251425488,1.0
20.0,6,64.0,1283.3682149195276,0.0,0.0,1.0,0.0,0.0,0.0,0.0,0,0,0,10,0,0.0077919960021972,0.0,1.0,0.0,0.0,0.0,0.0,0.0,1.0,0.0,0.0,0.0,0.0,0.0,1.0,1.0,650,64,66,65.0,1.0540925533894598,65.0,0.0007804870605468,10,0.9101461251425488,1.0
20.0,6,64.0,297.5844478342616,0.0,0.0,1.0,0.0,0.0,0.0,0.0,0,0,0,10,0,0.0336039066314697,0.0,1.0,0.0,0.0,0.0,0.0,0.0,1.0,0.0,0.0,0.0,0.0,0.0,1.0,1.0,660,66,66,66.0,0.0,66.0,0.0034945011138916,10,0.0,0.0
20.0,6,64.0,185.2059681984572,0.0,0.0,1.0,0.0,0.0,0.0,0.0,0,0,0,10,0,0.0539939403533935,0.0,1.0,0.0,0.0,0.0,0.0,0.0,1.0,0.0,0.0,0.0,0.0,0.0,1.0,1.0,670,66,68,67.0,1.0540925533894598,67.0,0.0060009002685546,10,0.9067378651425488,1.0
20.0,6,64.0,1212.7172844503557,0.0,0.0,0.7,0.3,0.3,0.0,0.0,3,0,0,7,0,0.0082459449768066,0.0,1.0,0.0,0.0,0.0,0.0,0.0,1.0,0.0,0.0,0.0,0.0,0.0,1.0,1.0,646,54,68,64.6,5.660781257427675,64.6,0.0024044036865234,10,0.9290640058530256,31.80246913580247
20.0,6,64.0,653.0844090123476,0.0,0.0,0.6,0.4,0.4,0.0,0.0,4,0,0,6,0,0.0153119564056396,0.0,1.0,0.0,0.0,0.0,0.0,0.0,1.0,0.0,0.0,0.0,0.0,0.0,1.0,1.0,600,54,66,60.0,6.324555320336759,60.0,0.00153329372406,10,0.9293344008552924,36.0
20.0,6,64.0,514.8785937001301,0.0,0.0,0.6,0.4,0.4,0.0,0.0,4,0,0,6,0,0.0194220542907714,0.0,1.0,0.0,0.0,0.0,0.0,0.0,1.0,0.0,0.0,0.0,0.0,0.0,1.0,1.0,620,54,68,62.0,6.928203230275509,62.0,0.0022243976593017,10,0.9295803028678852,43.2
20.0,6,64.0,929.1973681295552,0.0,0.0,0.7,0.3,0.3,0.0,0.0,3,0,0,7,0,0.0107619762420654,0.0,1.0,0.0,0.0,0.0,0.0,0.0,1.0,0.0,0.0,0.0,0.0,0.0,1.0,1.0,916,54,346,91.6,89.63035200198647,91.6,0.0012258052825927,10,0.9632698501915292,7230.24
20.0,6,64.0,226.94239738553603,0.0,0.0,1.0,0.0,0.0,0.0,0.0,0,0,0,10,0,0.0440640449523925,0.0,1.0,0.0,0.0,0.0,0.0,0.0,1.0,0.0,0.0,0.0,0.0,0.0,1.0,1.0,3462,346,348,346.2,0.6324555320336759,346.2,0.0046128034591674,10,0.0,0.36
20.0,6,64.0,596.4850605116828,0.0,0.0,1.0,0.0,0.0,0.0,0.0,0,0,0,10,0,0.0167648792266845,0.0,1.0,0.0,0.0,0.0,0.0,0.0,1.0,0.0,0.0,0.0,0.0,0.0,1.0,1.0,3198,66,348,319.8,89.17623001674829,319.8,0.0016779899597167,10,0.9426352990596226,7157.159999999999
20.0,6,64.0,244.7556414012033,0.0,0.0,1.0,0.0,0.0,0.0,0.0,0,0,0,10,0,0.0408570766448974,0.0,1.0,0.0,0.0,0.0,0.0,0.0,1.0,0.0,0.0,0.0,0.0,0.0,1.0,1.0,662,66,68,66.2,0.6324555320336759,66.2,0.0040914058685302,10,0.0,0.36
20.0,6,64.0,699.4003668500917,0.0,0.0,0.9,0.1,0.1,0.0,0.0,1,0,0,9,0,0.0142979621887207,0.0,1.0,0.0,0.0,0.0,0.0,0.0,1.0,0.0,0.0,0.0,0.0,0.0,1.0,1.0,687,68,75,68.7,2.213594362117865,68.7,0.0018426895141601,10,0.9038019397993524,4.41
20.0,6,64.0,201.22742712391332,0.0,0.0,0.7,0.3,0.3,0.0,0.0,3,0,0,7,0,0.0496950149536132,0.0,1.0,0.0,0.0,0.0,0.0,0.0,1.0,0.0,0.0,0.0,0.0,0.0,1.0,1.0,666,54,75,66.6,10.844353369380766,66.6,0.0049753189086914,10,0.931175585788551,110.25
20.0,6,64.0,1989.613395948959,0.0,0.0,0.6,0.4,0.4,0.0,0.0,4,0,0,6,0,0.00502610206604,0.0,1.0,0.0,0.0,0.0,0.0,0.0,1.0,0.0,0.0,0.0,0.0,0.0,1.0,1.0,672,54,77,67.2,11.390054140930731,67.2,0.0005096912384033,10,0.9313978824548496,116.76
20.0,6,64.0,392.47887561174167,0.0,0.0,0.7,0.3,0.3,0.0,0.0,3,0,0,7,0,0.0254790782928466,0.0,1.0,0.0,0.0,0.0,0.0,0.0,1.0,0.0,0.0,0.0,0.0,0.0,1.0,1.0,713,54,77,71.3,9.741663102366042,71.3,0.002684211730957,10,0.9307263938813798,117.55555555555556
20.0,6,64.0,262.75655121000835,0.0,0.0,0.6,0.4,0.4,0.0,0.0,4,0,0,6,0,0.0380580425262451,0.0,1.0,0.0,0.0,0.0,0.0,0.0,1.0,0.0,0.0,0.0,0.0,0.0,1.0,1.0,612,54,66,61.2,6.196773353931867,61.2,0.0038108825683593,10,0.9292823475934576,36.0
20.0,6,64.0,6770.466505246166,0.0,0.0,0.6,0.4,0.4,0.0,0.0,4,0,0,6,0,0.0014770030975341,0.0,1.0,0.0,0.0,0.0,0.0,0.0,1.0,0.0,0.0,0.0,0.0,0.0,1.0,1.0,604,54,68,60.4,6.785605679999719,60.4,0.0001512050628662,10,0.9295222143298046,41.44
20.0,6,64.0,523.1175245388443,0.0,0.0,0.5,0.5,0.5,0.0,0.0,5,0,0,5,0,0.0191161632537841,0.0,1.0,0.0,0.0,0.0,0.0,0.0,1.0,0.0,0.0,0.0,0.0,0.0,1.0,1.0,624,54,68,62.4,7.229568912920511,62.4,0.0029580116271972,10,0.9297030671923672,49.0
20.0,6,64.0,227.65065701274943,0.0,0.0,0.7,0.3,0.3,0.0,0.0,3,0,0,7,0,0.0439269542694091,0.0,1.0,0.0,0.0,0.0,0.0,0.0,1.0,0.0,0.0,0.0,0.0,0.0,1.0,1.0,644,54,73,64.4,9.155447680054875,64.4,0.004398488998413,10,0.9304875931669472,75.44000000000001
20.0,6,64.0,2663.219252016001,0.0,0.0,0.7,0.3,0.3,0.0,0.0,3,0,0,7,0,0.0037548542022705,0.0,1.0,0.0,0.0,0.0,0.0,0.0,1.0,0.0,0.0,0.0,0.0,0.0,1.0,1.0,675,54,75,67.5,9.336309049440612,67.5,0.0004370927810668,10,0.9305612688543802,80.22222222222223
20.0,6,64.0,218.54667097406184,0.0,0.0,0.6,0.4,0.4,0.0,0.0,4,0,0,6,0,0.0457568168640136,0.0,1.0,0.0,0.0,0.0,0.0,0.0,1.0,0.0,0.0,0.0,0.0,0.0,1.0,1.0,687,54,75,68.7,10.143963722332607,68.7,0.0048460006713867,10,0.9308902750619296,110.25
20.0,6,64.0,1893.249074659204,0.0,0.0,0.9,0.1,0.1,0.0,0.0,1,0,0,9,0,0.005281925201416,0.0,1.0,0.0,0.0,0.0,0.0,0.0,1.0,0.0,0.0,0.0,0.0,0.0,1.0,1.0,642,54,75,64.2,7.004760286167307,64.2,0.000534701347351,10,0.9296114891501732,110.25
20.0,6,64.0,402.3814960138914,0.0,0.0,1.0,0.0,0.0,0.0,0.0,0,0,0,10,0,0.0248520374298095,0.0,1.0,0.0,0.0,0.0,0.0,0.0,1.0,0.0,0.0,0.0,0.0,0.0,1.0,1.0,652,64,66,65.2,1.0327955589886444,65.2,0.0024875164031982,10,0.9101374495989096,1.0
20.0,6,64.0,290.6212497055196,0.0,0.0,1.0,0.0,0.0,0.0,0.0,0,0,0,10,0,0.0344090461730957,0.0,1.0,0.0,0.0,0.0,0.0,0.0,1.0,0.0,0.0,0.0,0.0,0.0,1.0,1.0,648,64,66,64.8,1.0327955589886444,64.8,0.0036906003952026,10,0.9101374495989096,1.0
20.0,6,64.0,191.61872738569497,0.0,0.0,1.0,0.0,0.0,0.0,0.0,0,0,0,10,0,0.0521869659423828,0.0,1.0,0.0,0.0,0.0,0.0,0.0,1.0,0.0,0.0,0.0,0.0,0.0,1.0,1.0,652,64,66,65.2,1.0327955589886444,65.2,0.0052212953567504,10,0.9101374495989096,1.0
20.0,6,64.0,323.5821356107421,0.0,0.0,0.7,0.3,0.3,0.0,0.0,3,0,0,7,0,0.0309040546417236,0.0,1.0,0.0,0.0,0.0,0.0,0.0,1.0,0.0,0.0,0.0,0.0,0.0,1.0,1.0,1161,54,245,116.1,89.10349787372735,116.1,0.0040689945220947,10,0.9630552308938416,7463.333333333333
20.0,6,64.0,619.2317004753891,0.0,0.0,0.6,0.4,0.4,0.0,0.0,4,0,0,6,0,0.0161490440368652,0.0,1.0,0.0,0.0,0.0,0.0,0.0,1.0,0.0,0.0,0.0,0.0,0.0,1.0,1.0,1686,54,245,168.6,98.63197588341556,168.6,0.0020889997482299,10,0.966936751695868,9120.25
20.0,6,64.0,451.3692910335328,0.0,0.0,0.5,0.5,0.5,0.0,0.0,5,0,0,5,0,0.0221548080444335,0.0,1.0,0.0,0.0,0.0,0.0,0.0,1.0,0.0,0.0,0.0,0.0,0.0,1.0,1.0,1696,54,247,169.6,99.49450012717062,169.6,0.0025400876998901,10,0.9672881095718042,9248.472222222224
20.0,6,64.0,851.7045039191,0.0,0.0,0.6,0.4,0.4,0.0,0.0,4,0,0,6,0,0.0117411613464355,0.0,1.0,0.0,0.0,0.0,0.0,0.0,1.0,0.0,0.0,0.0,0.0,0.0,1.0,1.0,1505,54,247,150.5,101.71993140208288,150.5,0.0011777162551879,10,0.9681946612559524,9312.25
20.0,6,64.0,330.2497559131996,0.0,0.0,1.0,0.0,0.0,0.0,0.0,0,0,0,10,0,0.0302801132202148,0.0,1.0,0.0,0.0,0.0,0.0,0.0,1.0,0.0,0.0,0.0,0.0,0.0,1.0,1.0,640,64,64,64.0,0.0,64.0,0.0047183990478515,10,0.0,0.0
20.0,6,64.0,273.0826676042216,0.0,0.0,1.0,0.0,0.0,0.0,0.0,0,0,0,10,0,0.036618947982788,0.0,1.0,0.0,0.0,0.0,0.0,0.0,1.0,0.0,0.0,0.0,0.0,0.0,1.0,1.0,660,66,66,66.0,0.0,66.0,0.0036630868911743,10,0.0,0.0
20.0,6,64.0,118.31104466665728,0.0,0.0,1.0,0.0,0.0,0.0,0.0,0,0,0,10,0,0.0845229625701904,0.0,1.0,0.0,0.0,0.0,0.0,0.0,1.0,0.0,0.0,0.0,0.0,0.0,1.0,1.0,660,66,66,66.0,0.0,66.0,0.0088605165481567,10,0.0,0.0
20.0,6,64.0,2034.5884065001208,0.0,0.0,1.0,0.0,0.0,0.0,0.0,0,0,0,10,0,0.0049149990081787,0.0,1.0,0.0,0.0,0.0,0.0,0.0,1.0,0.0,0.0,0.0,0.0,0.0,1.0,1.0,680,68,68,68.0,0.0,68.0,0.0004930973052978,10,0.0,0.0
20.0,6,64.0,165.1521857256483,0.0,0.0,0.6,0.4,0.4,0.0,0.0,4,0,0,6,0,0.0605502128601074,0.0,1.0,0.0,0.0,0.0,0.0,0.0,1.0,0.0,0.0,0.0,0.0,0.0,1.0,1.0,624,54,66,62.4,5.796550698475775,62.4,0.0060574054718017,10,0.9291193128925312,36.0
20.0,6,64.0,208.16437540324583,0.0,0.0,0.8,0.2,0.2,0.0,0.0,2,0,0,8,0,0.0480389595031738,0.0,1.0,0.0,0.0,0.0,0.0,0.0,1.0,0.0,0.0,0.0,0.0,0.0,1.0,1.0,632,54,68,63.2,6.408327915038888,63.2,0.0048072814941406,10,0.9293685264594702,36.96
20.0,6,64.0,551.8167585417516,0.0,0.0,0.5,0.5,0.5,0.0,0.0,5,0,0,5,0,0.0181219577789306,0.0,1.0,0.0,0.0,0.0,0.0,0.0,1.0,0.0,0.0,0.0,0.0,0.0,1.0,1.0,624,54,68,62.4,7.229568912920511,62.4,0.0029390096664428,10,0.9297030671923672,49.0
20.0,6,64.0,160.40323536722948,0.0,0.0,1.0,0.0,0.0,0.0,0.0,0,0,0,10,0,0.062342882156372,0.0,1.0,0.0,0.0,0.0,0.0,0.0,1.0,0.0,0.0,0.0,0.0,0.0,1.0,1.0,648,54,66,64.8,3.794733192202056,64.8,0.0062357902526855,10,0.9283038525131756,36.0
20.0,6,64.0,1101.3296922592165,0.0,0.0,1.0,0.0,0.0,0.0,0.0,0,0,0,10,0,0.0090799331665039,0.0,1.0,0.0,0.0,0.0,0.0,0.0,1.0,0.0,0.0,0.0,0.0,0.0,1.0,1.0,678,66,68,67.8,0.6324555320336757,67.8,0.00102059841156,10,0.0,1.0
20.0,6,64.0,365.6441461075757,0.0,0.0,1.0,0.0,0.0,0.0,0.0,0,0,0,10,0,0.0273489952087402,0.0,1.0,0.0,0.0,0.0,0.0,0.0,1.0,0.0,0.0,0.0,0.0,0.0,1.0,1.0,662,66,68,66.2,0.6324555320336757,66.2,0.0027373075485229,10,0.0,1.0
20.0,6,64.0,983.677853608199,0.0,0.0,1.0,0.0,0.0,0.0,0.0,0,0,0,10,0,0.0101659297943115,0.0,1.0,0.0,0.0,0.0,0.0,0.0,1.0,0.0,0.0,0.0,0.0,0.0,1.0,1.0,678,66,68,67.8,0.6324555320336757,67.8,0.0031065940856933,10,0.0,1.0
20.0,6,64.0,269.5776023857881,0.0,0.0,1.0,0.0,0.0,0.0,0.0,0,0,0,10,0,0.0370950698852539,0.0,1.0,0.0,0.0,0.0,0.0,0.0,1.0,0.0,0.0,0.0,0.0,0.0,1.0,1.0,5027,68,551,502.7,152.73801098613276,502.7,0.0040903091430664,10,0.9651195661553112,58322.25
20.0,6,64.0,202.94692021096435,0.0,0.0,1.0,0.0,0.0,0.0,0.0,0,0,0,10,0,0.0492739677429199,0.0,1.0,0.0,0.0,0.0,0.0,0.0,1.0,0.0,0.0,0.0,0.0,0.0,1.0,1.0,5528,551,553,552.8,0.6324555320336759,552.8,0.0056001901626586,10,0.0,1.0
20.0,6,64.0,1102.0531280380462,0.0,0.0,1.0,0.0,0.0,0.0,0.0,0,0,0,10,0,0.0090739727020263,0.0,1.0,0.0,0.0,0.0,0.0,0.0,1.0,0.0,0.0,0.0,0.0,0.0,1.0,1.0,1129,64,553,112.9,154.63537758223373,112.9,0.0014912128448486,10,0.9727089974118988,59780.25
20.0,6,64.0,182.0073162158761,0.0,0.0,1.0,0.0,0.0,0.0,0.0,0,0,0,10,0,0.0549428462982177,0.0,1.0,0.0,0.0,0.0,0.0,0.0,1.0,0.0,0.0,0.0,0.0,0.0,1.0,1.0,658,64,66,65.8,0.6324555320336757,65.8,0.0057776927947998,10,0.0,1.0
20.0,6,64.0,423.1200064562989,0.0,0.0,1.0,0.0,0.0,0.0,0.0,0,0,0,10,0,0.0236339569091796,0.0,1.0,0.0,0.0,0.0,0.0,0.0,1.0,0.0,0.0,0.0,0.0,0.0,1.0,1.0,642,64,66,64.2,0.6324555320336757,64.2,0.0023649930953979,10,0.0,1.0
20.0,6,64.0,252.9462422656165,0.0,0.0,1.0,0.0,0.0,0.0,0.0,0,0,0,10,0,0.0395340919494628,0.0,1.0,0.0,0.0,0.0,0.0,0.0,1.0,0.0,0.0,0.0,0.0,0.0,1.0,1.0,658,64,66,65.8,0.6324555320336757,65.8,0.0044539213180541,10,0.0,1.0
20.0,6,64.0,520.4819755537632,0.0,0.0,0.6,0.4,0.4,0.0,0.0,4,0,0,6,0,0.0192129611968994,0.0,1.0,0.0,0.0,0.0,0.0,0.0,1.0,0.0,0.0,0.0,0.0,0.0,1.0,1.0,624,54,66,62.4,5.796550698475775,62.4,0.0022224903106689,10,0.9291193128925312,32.0
20.0,6,64.0,275.08142318412854,0.0,0.0,0.6,0.4,0.4,0.0,0.0,4,0,0,6,0,0.0363528728485107,0.0,1.0,0.0,0.0,0.0,0.0,0.0,1.0,0.0,0.0,0.0,0.0,0.0,1.0,1.0,602,54,68,60.2,6.562519841239848,60.2,0.0036393880844116,10,0.9294313380825274,38.76
20.0,6,64.0,320.39844472114214,0.0,0.0,0.5,0.5,0.5,0.0,0.0,5,0,0,5,0,0.0312111377716064,0.0,1.0,0.0,0.0,0.0,0.0,0.0,1.0,0.0,0.0,0.0,0.0,0.0,1.0,1.0,624,54,68,62.4,7.229568912920511,62.4,0.0039497137069702,10,0.9297030671923672,49.0
20.0,6,64.0,337.29013373219783,0.0,0.0,0.7,0.3,0.3,0.0,0.0,3,0,0,7,0,0.0296480655670166,0.0,1.0,0.0,0.0,0.0,0.0,0.0,1.0,0.0,0.0,0.0,0.0,0.0,1.0,1.0,618,54,68,61.8,6.762642481555071,61.8,0.0029689073562622,10,0.9295128600412864,49.0
20.0,6,64.0,1000.4780192257232,0.0,0.0,0.6,0.4,0.4,0.0,0.0,4,0,0,6,0,0.0099952220916748,0.0,1.0,0.0,0.0,0.0,0.0,0.0,1.0,0.0,0.0,0.0,0.0,0.0,1.0,1.0,612,54,66,61.2,6.196773353931867,61.2,0.001001501083374,10,0.9292823475934576,36.0
20.0,6,64.0,474.11480116654985,0.0,0.0,0.5,0.5,0.5,0.0,0.0,5,0,0,5,0,0.0210919380187988,0.0,1.0,0.0,0.0,0.0,0.0,0.0,1.0,0.0,0.0,0.0,0.0,0.0,1.0,1.0,622,54,68,62.2,7.083627444874397,62.2,0.0024164915084838,10,0.929643616475944,46.02469135802469
20.0,6,64.0,257.9713139961129,0.0,0.0,0.5,0.5,0.5,0.0,0.0,5,0,0,5,0,0.0387639999389648,0.0,1.0,0.0,0.0,0.0,0.0,0.0,1.0,0.0,0.0,0.0,0.0,0.0,1.0,1.0,610,54,68,61.0,7.378647873726218,61.0,0.0038794040679931,10,0.9297637959978412,49.0
20.0,6,64.0,365.0553984072414,0.0,0.0,0.7,0.3,0.3,0.0,0.0,3,0,0,7,0,0.027393102645874,0.0,1.0,0.0,0.0,0.0,0.0,0.0,1.0,0.0,0.0,0.0,0.0,0.0,1.0,1.0,2682,54,411,268.2,184.35400727947305,268.2,0.0027436017990112,10,1.0,31862.25
20.0,6,64.0,6203.674012720012,0.0,0.0,1.0,0.0,0.0,0.0,0.0,0,0,0,10,0,0.0016119480133056,0.0,1.0,0.0,0.0,0.0,0.0,0.0,1.0,0.0,0.0,0.0,0.0,0.0,1.0,1.0,4122,411,413,412.2,1.0327955589886444,412.2,0.0006294965744018,10,0.3188043395989097,1.0
20.0,6,64.0,293.5728034380665,0.0,0.0,0.8,0.2,0.2,0.0,0.0,2,0,0,8,0,0.0340631008148193,0.0,1.0,0.0,0.0,0.0,0.0,0.0,1.0,0.0,0.0,0.0,0.0,0.0,1.0,1.0,2016,54,413,201.6,181.98485895504848,201.6,0.0037368059158325,10,1.0,30897.4375
20.0,6,64.0,164.98652747019327,0.0,0.0,0.7,0.3,0.3,0.0,0.0,3,0,0,7,0,0.0606110095977783,0.0,1.0,0.0,0.0,0.0,0.0,0.0,1.0,0.0,0.0,0.0,0.0,0.0,1.0,1.0,612,54,66,61.2,5.00666222813829,61.2,0.0069624900817871,10,0.9287975439252544,25.0
20.0,6,64.0,172.5419085191021,0.0,0.0,0.8,0.2,0.2,0.0,0.0,2,0,0,8,0,0.0579569339752197,0.0,1.0,0.0,0.0,0.0,0.0,0.0,1.0,0.0,0.0,0.0,0.0,0.0,1.0,1.0,636,54,66,63.6,5.059644256269407,63.6,0.0069063901901245,10,0.928819126684234,36.0
20.0,6,64.0,249.45752570820224,0.0,0.0,0.8,0.2,0.2,0.0,0.0,2,0,0,8,0,0.0400869846343994,0.0,1.0,0.0,0.0,0.0,0.0,0.0,1.0,0.0,0.0,0.0,0.0,0.0,1.0,1.0,1651,54,211,165.1,73.97814992730399,165.1,0.0046365022659301,10,0.9568937691543866,5746.530612244897
20.0,6,64.0,905.3887665673705,0.0,0.0,0.6,0.4,0.4,0.0,0.0,4,0,0,6,0,0.0110449790954589,0.0,1.0,0.0,0.0,0.0,0.0,0.0,1.0,0.0,0.0,0.0,0.0,0.0,1.0,1.0,1647,54,213,164.7,76.39524418007532,164.7,0.0011069059371948,10,0.9578783966691956,5836.734375
20.0,6,64.0,435.8442961946921,0.0,0.0,0.9,0.1,0.1,0.0,0.0,1,0,0,9,0,0.0229439735412597,0.0,1.0,0.0,0.0,0.0,0.0,0.0,1.0,0.0,0.0,0.0,0.0,0.0,1.0,1.0,1518,54,213,151.8,79.11004993046079,151.8,0.0022984027862548,10,0.9589842999396724,6320.25
20.0,6,64.0,243.13255386613028,0.0,0.0,1.0,0.0,0.0,0.0,0.0,0,0,0,10,0,0.0411298274993896,0.0,1.0,0.0,0.0,0.0,0.0,0.0,1.0,0.0,0.0,0.0,0.0,0.0,1.0,1.0,664,66,68,66.4,0.8432740427115678,66.4,0.004365587234497,10,0.0,0.64
20.0,6,64.0,366.5676755141102,0.0,0.0,0.9,0.1,0.1,0.0,0.0,1,0,0,9,0,0.0272800922393798,0.0,1.0,0.0,0.0,0.0,0.0,0.0,1.0,0.0,0.0,0.0,0.0,0.0,1.0,1.0,672,54,74,67.2,5.00666222813829,67.2,0.0031611204147338,10,0.9287975439252544,22.56
20.0,6,64.0,751.7616905346549,0.0,0.0,0.6,0.4,0.4,0.0,0.0,4,0,0,6,0,0.0133020877838134,0.0,1.0,0.0,0.0,0.0,0.0,0.0,1.0,0.0,0.0,0.0,0.0,0.0,1.0,1.0,660,54,74,66.0,10.327955589886445,66.0,0.0013320922851562,10,0.930965225989096,100.0
20.0,6,64.0,240.211214771289,0.0,0.0,0.6,0.4,0.4,0.0,0.0,4,0,0,6,0,0.0416300296783447,0.0,1.0,0.0,0.0,0.0,0.0,0.0,1.0,0.0,0.0,0.0,0.0,0.0,1.0,1.0,666,54,76,66.6,10.87504789261485,66.6,0.0047553062438964,10,0.9311880895095356,106.44
20.0,6,64.0,1169.7308754218143,0.0,0.0,0.5,0.5,0.5,0.0,0.0,5,0,0,5,0,0.0085489749908447,0.0,1.0,0.0,0.0,0.0,0.0,0.0,1.0,0.0,0.0,0.0,0.0,0.0,1.0,1.0,650,54,76,65.0,11.59501808728406,65.0,0.0008567810058593,10,0.931481376568036,121.0
20.0,6,64.0,673.2646312883238,0.0,0.0,0.8,0.2,0.2,0.0,0.0,2,0,0,8,0,0.0148530006408691,0.0,1.0,0.0,0.0,0.0,0.0,0.0,1.0,0.0,0.0,0.0,0.0,0.0,1.0,1.0,656,54,76,65.6,7.351492667781452,65.6,0.0014882087707519,10,0.9297527340531476,121.0
20.0,6,64.0,164.2223301122927,0.0,0.0,1.0,0.0,0.0,0.0,0.0,0,0,0,10,0,0.0608930587768554,0.0,1.0,0.0,0.0,0.0,0.0,0.0,1.0,0.0,0.0,0.0,0.0,0.0,1.0,1.0,672,66,68,67.2,1.0327955589886444,67.2,0.0063333988189697,10,0.9067291895989096,1.0
20.0,6,64.0,1216.1280408246107,0.0,0.0,0.7,0.3,0.3,0.0,0.0,3,0,0,7,0,0.0082228183746337,0.0,1.0,0.0,0.0,0.0,0.0,0.0,1.0,0.0,0.0,0.0,0.0,0.0,1.0,1.0,636,54,68,63.6,5.399588461684424,63.6,0.0010283946990966,10,0.9289576063557518,29.135802469135804
20.0,6,64.0,388.6061594337176,0.0,0.0,0.6,0.4,0.4,0.0,0.0,4,0,0,6,0,0.0257329940795898,0.0,1.0,0.0,0.0,0.0,0.0,0.0,1.0,0.0,0.0,0.0,0.0,0.0,1.0,1.0,590,54,64,59.0,5.270462766947299,59.0,0.0025767087936401,10,0.9289050057127436,25.0
20.0,6,64.0,1255.0281268701376,0.0,0.0,0.5,0.5,0.5,0.0,0.0,5,0,0,5,0,0.0079679489135742,0.0,1.0,0.0,0.0,0.0,0.0,0.0,1.0,0.0,0.0,0.0,0.0,0.0,1.0,1.0,598,54,66,59.8,6.142746399887703,59.8,0.000896406173706,10,0.9292603391734584,33.959999999999994
20.0,6,64.0,311.7491322347835,0.0,0.0,0.5,0.5,0.5,0.0,0.0,5,0,0,5,0,0.0320770740509033,0.0,1.0,0.0,0.0,0.0,0.0,0.0,1.0,0.0,0.0,0.0,0.0,0.0,1.0,1.0,600,54,66,60.0,6.324555320336759,60.0,0.0035830974578857,10,0.9293344008552924,36.0
20.0,6,64.0,411.7754935744509,0.0,0.0,0.9,0.1,0.1,0.0,0.0,1,0,0,9,0,0.024285078048706,0.0,1.0,0.0,0.0,0.0,0.0,0.0,1.0,0.0,0.0,0.0,0.0,0.0,1.0,1.0,648,54,66,64.8,3.794733192202056,64.8,0.0028409957885742,10,0.9283038525131756,36.0
20.0,6,64.0,318.4813625215457,0.0,0.0,1.0,0.0,0.0,0.0,0.0,0,0,0,10,0,0.0313990116119384,0.0,1.0,0.0,0.0,0.0,0.0,0.0,1.0,0.0,0.0,0.0,0.0,0.0,1.0,1.0,676,66,68,67.6,0.8432740427115678,67.6,0.0034328937530517,10,0.0,1.0
20.0,6,64.0,1520.5017219503354,0.0,0.0,0.6,0.4,0.4,0.0,0.0,4,0,0,6,0,0.0065767765045166,0.0,1.0,0.0,0.0,0.0,0.0,0.0,1.0,0.0,0.0,0.0,0.0,0.0,1.0,1.0,608,54,68,60.8,6.051629716218782,60.8,0.0006598949432373,10,0.9292232218811988,34.666666666666664
20.0,6,64.0,1212.8575559539645,0.0,0.0,0.5,0.5,0.5,0.0,0.0,5,0,0,5,0,0.0082449913024902,0.0,1.0,0.0,0.0,0.0,0.0,0.0,1.0,0.0,0.0,0.0,0.0,0.0,1.0,1.0,590,54,64,59.0,5.270462766947299,59.0,0.0008750200271606,10,0.9289050057127436,25.0
20.0,6,64.0,213.46905330232133,0.0,0.0,0.5,0.5,0.5,0.0,0.0,5,0,0,5,0,0.0468451976776123,0.0,1.0,0.0,0.0,0.0,0.0,0.0,1.0,0.0,0.0,0.0,0.0,0.0,1.0,1.0,598,54,66,59.8,6.142746399887703,59.8,0.0053951025009155,10,0.9292603391734584,33.959999999999994
20.0,6,64.0,367.9439965611924,0.0,0.0,0.5,0.5,0.5,0.0,0.0,5,0,0,5,0,0.0271780490875244,0.0,1.0,0.0,0.0,0.0,0.0,0.0,1.0,0.0,0.0,0.0,0.0,0.0,1.0,1.0,612,54,66,61.2,6.196773353931867,61.2,0.0031059980392456,10,0.9292823475934576,36.0
20.0,6,64.0,368.21532978078994,0.0,0.0,1.0,0.0,0.0,0.0,0.0,0,0,0,10,0,0.0271580219268798,0.0,1.0,0.0,0.0,0.0,0.0,0.0,1.0,0.0,0.0,0.0,0.0,0.0,1.0,1.0,630,54,64,63.0,3.1622776601683795,63.0,0.0027209997177124,10,0.9280462154276462,25.0
20.0,6,64.0,284.9488094024933,0.0,0.0,1.0,0.0,0.0,0.0,0.0,0,0,0,10,0,0.0350940227508544,0.0,1.0,0.0,0.0,0.0,0.0,0.0,1.0,0.0,0.0,0.0,0.0,0.0,1.0,1.0,658,64,66,65.8,0.6324555320336757,65.8,0.0041096925735473,10,0.0,1.0
20.0,6,64.0,324.92826376622975,0.0,0.0,1.0,0.0,0.0,0.0,0.0,0,0,0,10,0,0.030776023864746,0.0,1.0,0.0,0.0,0.0,0.0,0.0,1.0,0.0,0.0,0.0,0.0,0.0,1.0,1.0,642,64,66,64.2,0.6324555320336757,64.2,0.0033765077590942,10,0.0,1.0
20.0,6,64.0,168.90789669739328,0.0,0.0,1.0,0.0,0.0,0.0,0.0,0,0,0,10,0,0.0592038631439209,0.0,1.0,0.0,0.0,0.0,0.0,0.0,1.0,0.0,0.0,0.0,0.0,0.0,1.0,1.0,658,64,66,65.8,0.6324555320336757,65.8,0.0066430807113647,10,0.0,1.0
20.0,6,64.0,1579.5375461324095,0.0,0.0,0.7,0.3,0.3,0.0,0.0,3,0,0,7,0,0.0063309669494628,0.0,1.0,0.0,0.0,0.0,0.0,0.0,1.0,0.0,0.0,0.0,0.0,0.0,1.0,1.0,7572,54,1224,757.2,602.6461648430196,757.2,0.0006355047225952,10,1.0,339905.0
20.0,6,64.0,1812.2640857241615,0.0,0.0,0.9,0.1,0.1,0.0,0.0,1,0,0,9,0,0.0055179595947265,0.0,1.0,0.0,0.0,0.0,0.0,0.0,1.0,0.0,0.0,0.0,0.0,0.0,1.0,1.0,11080,54,1226,1108.0,370.3391838721784,1108.0,0.0005548954010009,10,1.0,190255.5555555556
20.0,6,64.0,977.8983936023876,0.0,0.0,0.7,0.3,0.3,0.0,0.0,3,0,0,7,0,0.0102260112762451,0.0,1.0,0.0,0.0,0.0,0.0,0.0,1.0,0.0,0.0,0.0,0.0,0.0,1.0,1.0,6454,54,1226,645.4,612.0855423150518,645.4,0.0024742126464843,10,1.0,343396.0
20.0,6,64.0,815.1877478037783,0.0,0.0,0.5,0.5,0.5,0.0,0.0,5,0,0,5,0,0.0122671127319335,0.0,1.0,0.0,0.0,0.0,0.0,0.0,1.0,0.0,0.0,0.0,0.0,0.0,1.0,1.0,702,54,81,70.2,13.9427400463467,70.2,0.0013288974761962,10,0.9324377445852798,182.25
20.0,6,64.0,591.4718034775005,0.0,0.0,0.5,0.5,0.5,0.0,0.0,5,0,0,5,0,0.0169069766998291,0.0,1.0,0.0,0.0,0.0,0.0,0.0,1.0,0.0,0.0,0.0,0.0,0.0,1.0,1.0,681,54,83,68.1,14.880636187116911,68.1,0.0016923904418945,10,0.932819805957184,199.29
20.0,6,64.0,601.3166647551325,0.0,0.0,0.5,0.5,0.5,0.0,0.0,5,0,0,5,0,0.0166301727294921,0.0,1.0,0.0,0.0,0.0,0.0,0.0,1.0,0.0,0.0,0.0,0.0,0.0,1.0,1.0,685,54,83,68.5,15.284342024147168,68.5,0.0016646146774291,10,0.9329842595669566,210.25
20.0,6,64.0,305.0558210236157,0.0,0.0,0.8,0.2,0.2,0.0,0.0,2,0,0,8,0,0.0327808856964111,0.0,1.0,0.0,0.0,0.0,0.0,0.0,1.0,0.0,0.0,0.0,0.0,0.0,1.0,1.0,658,54,83,65.8,10.591401124392265,65.8,0.0032815933227539,10,0.9310725431620324,210.25
20.0,6,64.0,419.8334401024984,0.0,0.0,0.7,0.3,0.3,0.0,0.0,3,0,0,7,0,0.0238189697265625,0.0,1.0,0.0,0.0,0.0,0.0,0.0,1.0,0.0,0.0,0.0,0.0,0.0,1.0,1.0,628,54,68,62.8,6.124631508189787,62.8,0.0023864984512329,10,0.9292529598911762,34.56
20.0,6,64.0,618.6289085545723,0.0,0.0,0.7,0.3,0.3,0.0,0.0,3,0,0,7,0,0.0161647796630859,0.0,1.0,0.0,0.0,0.0,0.0,0.0,1.0,0.0,0.0,0.0,0.0,0.0,1.0,1.0,652,54,68,65.2,5.902918298980975,65.2,0.0039619922637939,10,0.9291626427982728,43.55555555555557
20.0,6,64.0,935.1848383500558,0.0,0.0,0.7,0.3,0.3,0.0,0.0,3,0,0,7,0,0.010693073272705,0.0,1.0,0.0,0.0,0.0,0.0,0.0,1.0,0.0,0.0,0.0,0.0,0.0,1.0,1.0,612,54,66,61.2,6.196773353931867,61.2,0.0010724067687988,10,0.9292823475934576,36.0
20.0,6,64.0,1140.9036259282432,0.0,0.0,0.5,0.5,0.5,0.0,0.0,5,0,0,5,0,0.0087649822235107,0.0,1.0,0.0,0.0,0.0,0.0,0.0,1.0,0.0,0.0,0.0,0.0,0.0,1.0,1.0,616,54,68,61.6,6.586180818788516,61.6,0.0010003089904785,10,0.9294409766183416,39.04
20.0,6,64.0,375.9819283588512,0.0,0.0,0.6,0.4,0.4,0.0,0.0,4,0,0,6,0,0.0265970230102539,0.0,1.0,0.0,0.0,0.0,0.0,0.0,1.0,0.0,0.0,0.0,0.0,0.0,1.0,1.0,624,54,68,62.4,7.229568912920511,62.4,0.0026638031005859,10,0.9297030671923672,49.0
20.0,6,64.0,1634.2505357490743,0.0,0.0,0.5,0.5,0.5,0.0,0.0,5,0,0,5,0,0.0061190128326416,0.0,1.0,0.0,0.0,0.0,0.0,0.0,1.0,0.0,0.0,0.0,0.0,0.0,1.0,1.0,625,54,73,62.5,9.143911149563468,62.5,0.0006148815155029,10,0.9304828936458862,75.25
20.0,6,64.0,1510.372344256392,0.0,0.0,0.6,0.4,0.4,0.0,0.0,4,0,0,6,0,0.0066208839416503,0.0,1.0,0.0,0.0,0.0,0.0,0.0,1.0,0.0,0.0,0.0,0.0,0.0,1.0,1.0,635,54,73,63.5,10.013879257199868,63.5,0.0006628990173339,10,0.9308372838542128,90.25
20.0,6,64.0,527.2538026398491,0.0,0.0,0.5,0.5,0.5,0.0,0.0,5,0,0,5,0,0.0189661979675292,0.0,1.0,0.0,0.0,0.0,0.0,0.0,1.0,0.0,0.0,0.0,0.0,0.0,1.0,1.0,641,54,75,64.1,10.67135313715078,64.1,0.0023603200912475,10,0.9311051124139498,102.49
20.0,6,64.0,313.7054045564016,0.0,0.0,0.5,0.5,0.5,0.0,0.0,5,0,0,5,0,0.0318770408630371,0.0,1.0,0.0,0.0,0.0,0.0,0.0,1.0,0.0,0.0,0.0,0.0,0.0,1.0,1.0,645,54,75,64.5,11.067971810589327,64.5,0.0034792900085449,10,0.9312666789967616,110.25
20.0,6,64.0,277.0931768933989,0.0,0.0,0.9,0.1,0.1,0.0,0.0,1,0,0,9,0,0.0360889434814453,0.0,1.0,0.0,0.0,0.0,0.0,0.0,1.0,0.0,0.0,0.0,0.0,0.0,1.0,1.0,9136,54,1276,913.6,583.5474273784436,913.6,0.0036113023757934,10,1.0,364865.0
20.0,6,64.0,819.744361490052,0.0,0.0,1.0,0.0,0.0,0.0,0.0,0,0,0,10,0,0.0121989250183105,0.0,1.0,0.0,0.0,0.0,0.0,0.0,1.0,0.0,0.0,0.0,0.0,0.0,1.0,1.0,12774,1276,1278,1277.4,0.966091783079296,1277.4,0.0029332876205444,10,0.0,1.0
20.0,6,64.0,385.6370272978862,0.0,0.0,0.6,0.4,0.4,0.0,0.0,4,0,0,6,0,0.0259311199188232,0.0,1.0,0.0,0.0,0.0,0.0,0.0,1.0,0.0,0.0,0.0,0.0,0.0,1.0,1.0,4260,54,1278,426.0,587.9591822567278,426.0,0.0028802156448364,10,1.0,369680.0
20.0,6,64.0,331.1702236855611,0.0,0.0,0.5,0.5,0.5,0.0,0.0,5,0,0,5,0,0.0301959514617919,0.0,1.0,0.0,0.0,0.0,0.0,0.0,1.0,0.0,0.0,0.0,0.0,0.0,1.0,1.0,600,54,66,60.0,6.324555320336759,60.0,0.0030230998992919,10,0.9293344008552924,36.0
20.0,6,64.0,1032.2916000098446,0.0,0.0,0.6,0.4,0.4,0.0,0.0,4,0,0,6,0,0.0096871852874755,0.0,1.0,0.0,0.0,0.0,0.0,0.0,1.0,0.0,0.0,0.0,0.0,0.0,1.0,1.0,622,54,68,62.2,7.083627444874398,62.2,0.0009710073471069,10,0.929643616475944,46.02469135802469
20.0,6,64.0,452.1575645199543,0.0,0.0,0.6,0.4,0.4,0.0,0.0,4,0,0,6,0,0.0221161842346191,0.0,1.0,0.0,0.0,0.0,0.0,0.0,1.0,0.0,0.0,0.0,0.0,0.0,1.0,1.0,610,54,68,61.0,7.378647873726218,61.0,0.0022156000137329,10,0.9297637959978412,49.0
20.0,6,64.0,360.9462750531397,0.0,0.0,0.5,0.5,0.5,0.0,0.0,5,0,0,5,0,0.0277049541473388,0.0,1.0,0.0,0.0,0.0,0.0,0.0,1.0,0.0,0.0,0.0,0.0,0.0,1.0,1.0,740,54,94,74.0,21.081851067789195,74.0,0.0031770944595336,10,0.9353459328509748,400.0
20.0,6,64.0,232.86681916098516,0.0,0.0,0.5,0.5,0.5,0.0,0.0,5,0,0,5,0,0.042943000793457,0.0,1.0,0.0,0.0,0.0,0.0,0.0,1.0,0.0,0.0,0.0,0.0,0.0,1.0,1.0,740,54,94,74.0,21.081851067789195,74.0,0.0051234006881713,10,0.9353459328509748,400.0
20.0,6,64.0,276.4557696237073,0.0,0.0,0.5,0.5,0.5,0.0,0.0,5,0,0,5,0,0.0361721515655517,0.0,1.0,0.0,0.0,0.0,0.0,0.0,1.0,0.0,0.0,0.0,0.0,0.0,1.0,1.0,750,54,96,75.0,22.13594362117865,75.0,0.0045037031173706,10,0.9357753279935234,441.0
20.0,6,64.0,1044.4764300122022,0.0,0.0,0.5,0.5,0.5,0.0,0.0,5,0,0,5,0,0.0095741748809814,0.0,1.0,0.0,0.0,0.0,0.0,0.0,1.0,0.0,0.0,0.0,0.0,0.0,1.0,1.0,750,54,96,75.0,22.13594362117865,75.0,0.0012264966964721,10,0.9357753279935234,441.0
20.0,6,64.0,332.3142257259438,0.0,0.0,1.0,0.0,0.0,0.0,0.0,0,0,0,10,0,0.0300920009613037,0.0,1.0,0.0,0.0,0.0,0.0,0.0,1.0,0.0,0.0,0.0,0.0,0.0,1.0,1.0,560,56,56,56.0,0.0,56.0,0.0030858993530273,10,0.0,0.0
20.0,6,64.0,229.6424210900928,0.0,0.0,1.0,0.0,0.0,0.0,0.0,0,0,0,10,0,0.0435459613800048,0.0,1.0,0.0,0.0,0.0,0.0,0.0,1.0,0.0,0.0,0.0,0.0,0.0,1.0,1.0,580,58,58,58.0,0.0,58.0,0.0045418977737426,10,0.0,0.0
20.0,6,64.0,747.7277427175812,0.0,0.0,1.0,0.0,0.0,0.0,0.0,0,0,0,10,0,0.013373851776123,0.0,1.0,0.0,0.0,0.0,0.0,0.0,1.0,0.0,0.0,0.0,0.0,0.0,1.0,1.0,660,66,66,66.0,0.0,66.0,0.0016491889953613,10,0.0,0.0
20.0,6,64.0,184.96258240910197,0.0,0.0,1.0,0.0,0.0,0.0,0.0,0,0,0,10,0,0.0540649890899658,0.0,1.0,0.0,0.0,0.0,0.0,0.0,1.0,0.0,0.0,0.0,0.0,0.0,1.0,1.0,680,68,68,68.0,0.0,68.0,0.0060445070266723,10,0.0,0.0
20.0,6,64.0,269.18659427265845,0.0,0.0,0.5,0.5,0.5,0.0,0.0,5,0,0,5,0,0.0371489524841308,0.0,1.0,0.0,0.0,0.0,0.0,0.0,1.0,0.0,0.0,0.0,0.0,0.0,1.0,1.0,600,54,66,60.0,6.324555320336759,60.0,0.0041642904281616,10,0.9293344008552924,36.0
20.0,6,64.0,1327.8156261871598,0.0,0.0,0.5,0.5,0.5,0.0,0.0,5,0,0,5,0,0.0075311660766601,0.0,1.0,0.0,0.0,0.0,0.0,0.0,1.0,0.0,0.0,0.0,0.0,0.0,1.0,1.0,614,54,68,61.4,6.397916327472042,61.4,0.0009110212326049,10,0.929364285195159,36.84
20.0,6,64.0,784.1286221723686,0.0,0.0,0.5,0.5,0.5,0.0,0.0,5,0,0,5,0,0.0127530097961425,0.0,1.0,0.0,0.0,0.0,0.0,0.0,1.0,0.0,0.0,0.0,0.0,0.0,1.0,1.0,610,54,68,61.0,7.378647873726218,61.0,0.0012779951095581,10,0.9297637959978412,49.0
20.0,6,64.0,589.0710935086094,0.0,0.0,0.6,0.4,0.4,0.0,0.0,4,0,0,6,0,0.0169758796691894,0.0,1.0,0.0,0.0,0.0,0.0,0.0,1.0,0.0,0.0,0.0,0.0,0.0,1.0,1.0,608,54,68,60.8,7.192588778272627,60.8,0.0017005920410156,10,0.9296880029647172,49.0
20.0,6,64.0,290.29338685676714,0.0,0.0,1.0,0.0,0.0,0.0,0.0,0,0,0,10,0,0.0344479084014892,0.0,1.0,0.0,0.0,0.0,0.0,0.0,1.0,0.0,0.0,0.0,0.0,0.0,1.0,1.0,662,66,68,66.2,0.6324555320336759,66.2,0.0036020994186401,10,0.0,0.36
20.0,6,64.0,143.16985253959584,0.0,0.0,0.9,0.1,0.1,0.0,0.0,1,0,0,9,0,0.0698471069335937,0.0,1.0,0.0,0.0,0.0,0.0,0.0,1.0,0.0,0.0,0.0,0.0,0.0,1.0,1.0,676,64,68,67.6,1.2649110640673518,67.6,0.0078473091125488,10,0.9102320041710584,1.44
20.0,6,64.0,554.8167940950818,0.0,0.0,0.6,0.4,0.4,0.0,0.0,4,0,0,6,0,0.0180239677429199,0.0,1.0,0.0,0.0,0.0,0.0,0.0,1.0,0.0,0.0,0.0,0.0,0.0,1.0,1.0,590,54,64,59.0,5.270462766947299,59.0,0.0018066883087158,10,0.9289050057127436,25.0
20.0,6,64.0,519.0713331023217,0.0,0.0,0.6,0.4,0.4,0.0,0.0,4,0,0,6,0,0.0192651748657226,0.0,1.0,0.0,0.0,0.0,0.0,0.0,1.0,0.0,0.0,0.0,0.0,0.0,1.0,1.0,604,54,66,60.4,5.561774297230456,60.4,0.0023378133773803,10,0.9290236743777198,27.84
20.0,6,64.0,723.8047905018292,0.0,0.0,0.5,0.5,0.5,0.0,0.0,5,0,0,5,0,0.0138158798217773,0.0,1.0,0.0,0.0,0.0,0.0,0.0,1.0,0.0,0.0,0.0,0.0,0.0,1.0,1.0,612,54,66,61.2,6.196773353931867,61.2,0.0026883840560913,10,0.9292823475934576,36.0
20.0,6,64.0,675.8574904526338,0.0,0.0,0.9,0.1,0.1,0.0,0.0,1,0,0,9,0,0.0147960186004638,0.0,1.0,0.0,0.0,0.0,0.0,0.0,1.0,0.0,0.0,0.0,0.0,0.0,1.0,1.0,636,54,66,63.6,5.059644256269407,63.6,0.0014820098876953,10,0.928819126684234,36.0
20.0,6,64.0,143.05509984822388,0.0,0.0,1.0,0.0,0.0,0.0,0.0,0,0,0,10,0,0.0699031352996826,0.0,1.0,0.0,0.0,0.0,0.0,0.0,1.0,0.0,0.0,0.0,0.0,0.0,1.0,1.0,672,66,68,67.2,1.0327955589886444,67.2,0.0073239088058471,10,0.9067291895989096,1.0
20.0,6,64.0,911.2505431476492,0.0,0.0,0.9,0.1,0.1,0.0,0.0,1,0,0,9,0,0.0109739303588867,0.0,1.0,0.0,0.0,0.0,0.0,0.0,1.0,0.0,0.0,0.0,0.0,0.0,1.0,1.0,656,54,68,65.6,4.195235392680606,65.6,0.0011006832122802,10,0.9284670010895624,15.84
20.0,6,64.0,179.8656037325626,0.0,0.0,0.7,0.3,0.3,0.0,0.0,3,0,0,7,0,0.0555970668792724,0.0,1.0,0.0,0.0,0.0,0.0,0.0,1.0,0.0,0.0,0.0,0.0,0.0,1.0,1.0,628,54,68,62.8,6.124631508189787,62.8,0.0061787128448486,10,0.9292529598911762,36.0
20.0,6,64.0,839.2132695732207,0.0,0.0,0.6,0.4,0.4,0.0,0.0,4,0,0,6,0,0.0119159221649169,0.0,1.0,0.0,0.0,0.0,0.0,0.0,1.0,0.0,0.0,0.0,0.0,0.0,1.0,1.0,624,54,68,62.4,7.229568912920511,62.4,0.0011963844299316,10,0.9297030671923672,47.04
20.0,6,64.0,942.4131577764796,0.0,0.0,0.6,0.4,0.4,0.0,0.0,4,0,0,6,0,0.0106110572814941,0.0,1.0,0.0,0.0,0.0,0.0,0.0,1.0,0.0,0.0,0.0,0.0,0.0,1.0,1.0,608,54,68,60.8,6.051629716218782,60.8,0.0013127088546752,10,0.9292232218811988,49.0
20.0,6,64.0,1712.0306951304135,0.0,0.0,0.6,0.4,0.4,0.0,0.0,4,0,0,6,0,0.0058410167694091,0.0,1.0,0.0,0.0,0.0,0.0,0.0,1.0,0.0,0.0,0.0,0.0,0.0,1.0,1.0,600,54,64,60.0,5.163977794943222,60.0,0.0005857944488525,10,0.928861627994548,24.0
20.0,6,64.0,541.4729993157847,0.0,0.0,0.7,0.3,0.3,0.0,0.0,3,0,0,7,0,0.0184681415557861,0.0,1.0,0.0,0.0,0.0,0.0,0.0,1.0,0.0,0.0,0.0,0.0,0.0,1.0,1.0,636,54,66,63.6,5.059644256269407,63.6,0.0019291162490844,10,0.928819126684234,34.56
20.0,6,64.0,343.41821278268134,0.0,0.0,0.8,0.2,0.2,0.0,0.0,2,0,0,8,0,0.0291190147399902,0.0,1.0,0.0,0.0,0.0,0.0,0.0,1.0,0.0,0.0,0.0,0.0,0.0,1.0,1.0,639,54,69,63.9,6.93541635375988,63.9,0.0029176950454711,10,0.9295832412058675,45.984375
20.0,6,64.0,167.65279121265658,0.0,0.0,1.0,0.0,0.0,0.0,0.0,0,0,0,10,0,0.0596470832824707,0.0,1.0,0.0,0.0,0.0,0.0,0.0,1.0,0.0,0.0,0.0,0.0,0.0,1.0,1.0,700,69,71,70.0,1.0540925533894598,70.0,0.0061230897903442,10,0.9016254751425488,1.0
20.0,6,64.0,187.1320983688475,0.0,0.0,1.0,0.0,0.0,0.0,0.0,0,0,0,10,0,0.0534381866455078,0.0,1.0,0.0,0.0,0.0,0.0,0.0,1.0,0.0,0.0,0.0,0.0,0.0,1.0,1.0,685,66,71,68.5,2.6352313834736494,68.5,0.0055621147155761,10,0.907381957856372,6.25
20.0,6,64.0,385.2226304188097,0.0,0.0,1.0,0.0,0.0,0.0,0.0,0,0,0,10,0,0.0259590148925781,0.0,1.0,0.0,0.0,0.0,0.0,0.0,1.0,0.0,0.0,0.0,0.0,0.0,1.0,1.0,670,66,68,67.0,1.0540925533894598,67.0,0.0025982856750488,10,0.9067378651425488,1.0
20.0,6,64.0,175.886139381969,0.0,0.0,0.8,0.2,0.2,0.0,0.0,2,0,0,8,0,0.0568549633026123,0.0,1.0,0.0,0.0,0.0,0.0,0.0,1.0,0.0,0.0,0.0,0.0,0.0,1.0,1.0,640,54,68,64.0,5.57773351022717,64.0,0.0062721014022827,10,0.9290301755227262,31.11111111111111
20.0,6,64.0,446.2120470648312,0.0,0.0,0.5,0.5,0.5,0.0,0.0,5,0,0,5,0,0.0224108695983886,0.0,1.0,0.0,0.0,0.0,0.0,0.0,1.0,0.0,0.0,0.0,0.0,0.0,1.0,1.0,590,54,64,59.0,5.270462766947299,59.0,0.0022857904434204,10,0.9289050057127436,25.0
20.0,6,64.0,279.8534778982485,0.0,0.0,0.5,0.5,0.5,0.0,0.0,5,0,0,5,0,0.0357329845428466,0.0,1.0,0.0,0.0,0.0,0.0,0.0,1.0,0.0,0.0,0.0,0.0,0.0,1.0,1.0,596,54,66,59.6,5.94792213951879,59.6,0.0043950080871582,10,0.9291809755627544,31.84
20.0,6,64.0,212.0219993529602,0.0,0.0,0.5,0.5,0.5,0.0,0.0,5,0,0,5,0,0.0471649169921875,0.0,1.0,0.0,0.0,0.0,0.0,0.0,1.0,0.0,0.0,0.0,0.0,0.0,1.0,1.0,600,54,66,60.0,6.324555320336759,60.0,0.0049587965011596,10,0.9293344008552924,36.0
20.0,6,64.0,323.53970286490073,0.0,0.0,0.8,0.2,0.2,0.0,0.0,2,0,0,8,0,0.0309081077575683,0.0,1.0,0.0,0.0,0.0,0.0,0.0,1.0,0.0,0.0,0.0,0.0,0.0,1.0,1.0,636,54,66,63.6,5.059644256269407,63.6,0.0035422086715698,10,0.928819126684234,36.0
20.0,6,64.0,42930.44012282498,0.0,0.0,1.0,0.0,0.0,0.0,0.0,0,0,0,10,0,0.0002329349517822,0.0,1.0,0.0,0.0,0.0,0.0,0.0,1.0,0.0,0.0,0.0,0.0,0.0,1.0,1.0,672,66,68,67.2,1.0327955589886444,67.2,0.0001947879791259,10,0.9067291895989096,1.0
20.0,6,64.0,227.03575797598813,0.0,0.0,1.0,0.0,0.0,0.0,0.0,0,0,0,10,0,0.0440459251403808,0.0,1.0,0.0,0.0,0.0,0.0,0.0,1.0,0.0,0.0,0.0,0.0,0.0,1.0,1.0,656,64,68,65.6,2.065591117977289,65.6,0.0044069051742553,10,0.9105581691978192,4.0
20.0,6,64.0,80043.96946564886,0.0,0.0,1.0,0.0,0.0,0.0,0.0,0,0,0,10,0,0.0001249313354492,0.0,1.0,0.0,0.0,0.0,0.0,0.0,1.0,0.0,0.0,0.0,0.0,0.0,1.0,1.0,652,64,66,65.2,1.0327955589886444,65.2,4.940032958984375e-05,10,0.9101374495989096,1.0
20.0,6,64.0,433.80226917786257,0.0,0.0,1.0,0.0,0.0,0.0,0.0,0,0,0,10,0,0.0230519771575927,0.0,1.0,0.0,0.0,0.0,0.0,0.0,1.0,0.0,0.0,0.0,0.0,0.0,1.0,1.0,696,66,72,69.6,3.0983866769659336,69.6,0.0023066997528076,10,0.9075706287967288,9.0
20.0,6,64.0,160.37195644194298,0.0,0.0,1.0,0.0,0.0,0.0,0.0,0,0,0,10,0,0.0623550415039062,0.0,1.0,0.0,0.0,0.0,0.0,0.0,1.0,0.0,0.0,0.0,0.0,0.0,1.0,1.0,732,72,74,73.2,1.0327955589886444,73.2,0.00691339969635,10,0.8965044095989098,1.0
20.0,6,64.0,298.85454519544555,0.0,0.0,1.0,0.0,0.0,0.0,0.0,0,0,0,10,0,0.0334610939025878,0.0,1.0,0.0,0.0,0.0,0.0,0.0,1.0,0.0,0.0,0.0,0.0,0.0,1.0,1.0,692,66,74,69.2,4.131182235954578,69.2,0.0035052061080932,10,0.9079913483956384,16.0
20.0,6,64.0,395.9580092138056,0.0,0.0,1.0,0.0,0.0,0.0,0.0,0,0,0,10,0,0.0252552032470703,0.0,1.0,0.0,0.0,0.0,0.0,0.0,1.0,0.0,0.0,0.0,0.0,0.0,1.0,1.0,672,66,68,67.2,1.0327955589886444,67.2,0.002626609802246,10,0.9067291895989096,1.0
20.0,6,64.0,304.387241917341,0.0,0.0,1.0,0.0,0.0,0.0,0.0,0,0,0,10,0,0.0328528881072998,0.0,1.0,0.0,0.0,0.0,0.0,0.0,1.0,0.0,0.0,0.0,0.0,0.0,1.0,1.0,656,64,68,65.6,2.065591117977289,65.6,0.0039339780807495,10,0.9105581691978192,4.0
20.0,6,64.0,1653.4489691331255,0.0,0.0,1.0,0.0,0.0,0.0,0.0,0,0,0,10,0,0.0060479640960693,0.0,1.0,0.0,0.0,0.0,0.0,0.0,1.0,0.0,0.0,0.0,0.0,0.0,1.0,1.0,652,64,66,65.2,1.0327955589886444,65.2,0.0006065130233764,10,0.9101374495989096,1.0
20.0,6,64.0,368.3770277272767,0.0,0.0,1.0,0.0,0.0,0.0,0.0,0,0,0,10,0,0.0271461009979248,0.0,1.0,0.0,0.0,0.0,0.0,0.0,1.0,0.0,0.0,0.0,0.0,0.0,1.0,1.0,660,66,66,66.0,0.0,66.0,0.0027225971221923,10,0.0,0.0
20.0,6,64.0,965.3395935464569,0.0,0.0,0.9,0.1,0.1,0.0,0.0,1,0,0,9,0,0.0103590488433837,0.0,1.0,0.0,0.0,0.0,0.0,0.0,1.0,0.0,0.0,0.0,0.0,0.0,1.0,1.0,658,54,68,65.8,4.263540521418528,65.8,0.0011029005050659,10,0.9284948258668052,18.9375
20.0,6,64.0,247.64734362268695,0.0,0.0,0.7,0.3,0.3,0.0,0.0,3,0,0,7,0,0.0403800010681152,0.0,1.0,0.0,0.0,0.0,0.0,0.0,1.0,0.0,0.0,0.0,0.0,0.0,1.0,1.0,640,54,68,64.0,5.57773351022717,64.0,0.0045016050338745,10,0.9290301755227262,31.11111111111111
20.0,6,64.0,1441.341580756014,0.0,0.0,0.5,0.5,0.5,0.0,0.0,5,0,0,5,0,0.0069379806518554,0.0,1.0,0.0,0.0,0.0,0.0,0.0,1.0,0.0,0.0,0.0,0.0,0.0,1.0,1.0,590,54,64,59.0,5.270462766947299,59.0,0.0006968021392822,10,0.9289050057127436,25.0
20.0,6,64.0,1032.1899840039375,0.0,0.0,0.5,0.5,0.5,0.0,0.0,5,0,0,5,0,0.0096881389617919,0.0,1.0,0.0,0.0,0.0,0.0,0.0,1.0,0.0,0.0,0.0,0.0,0.0,1.0,1.0,596,54,66,59.6,5.94792213951879,59.6,0.0009706020355224,10,0.9291809755627544,31.84
20.0,6,64.0,286.19707546075483,0.0,0.0,0.5,0.5,0.5,0.0,0.0,5,0,0,5,0,0.0349409580230712,0.0,1.0,0.0,0.0,0.0,0.0,0.0,1.0,0.0,0.0,0.0,0.0,0.0,1.0,1.0,600,54,66,60.0,6.324555320336759,60.0,0.003495979309082,10,0.9293344008552924,36.0
20.0,6,64.0,133.8096620545983,0.0,0.0,0.8,0.2,0.2,0.0,0.0,2,0,0,8,0,0.074733018875122,0.0,1.0,0.0,0.0,0.0,0.0,0.0,1.0,0.0,0.0,0.0,0.0,0.0,1.0,1.0,624,54,66,62.4,5.796550698475776,62.4,0.00747971534729,10,0.9291193128925312,36.0
20.0,6,64.0,200.24845432193072,0.0,0.0,1.0,0.0,0.0,0.0,0.0,0,0,0,10,0,0.0499379634857177,0.0,1.0,0.0,0.0,0.0,0.0,0.0,1.0,0.0,0.0,0.0,0.0,0.0,1.0,1.0,670,66,68,67.0,1.0540925533894598,67.0,0.0053128004074096,10,0.9067378651425488,1.0
20.0,6,64.0,840.8283383116493,0.0,0.0,1.0,0.0,0.0,0.0,0.0,0,0,0,10,0,0.0118930339813232,0.0,1.0,0.0,0.0,0.0,0.0,0.0,1.0,0.0,0.0,0.0,0.0,0.0,1.0,1.0,1375,68,207,137.5,73.25943246056745,137.5,0.0022165060043334,10,0.9327431724071368,4830.25
20.0,6,64.0,299.50115321722615,0.0,0.0,1.0,0.0,0.0,0.0,0.0,0,0,0,10,0,0.0333888530731201,0.0,1.0,0.0,0.0,0.0,0.0,0.0,1.0,0.0,0.0,0.0,0.0,0.0,1.0,1.0,2080,207,209,208.0,1.0540925533894598,208.0,0.0037191867828369,10,0.6664555351425487,1.0
20.0,6,64.0,1515.6117655561177,0.0,0.0,0.9,0.1,0.1,0.0,0.0,1,0,0,9,0,0.0065979957580566,0.0,1.0,0.0,0.0,0.0,0.0,0.0,1.0,0.0,0.0,0.0,0.0,0.0,1.0,1.0,1355,54,209,135.5,77.53314703331014,135.5,0.0006644010543823,10,0.9583419327754892,5410.25
20.0,6,64.0,368.568014059754,0.0,0.0,0.7,0.3,0.3,0.0,0.0,3,0,0,7,0,0.0271320343017578,0.0,1.0,0.0,0.0,0.0,0.0,0.0,1.0,0.0,0.0,0.0,0.0,0.0,1.0,1.0,612,54,66,61.2,5.00666222813829,61.2,0.0030156135559082,10,0.9287975439252544,25.0
20.0,6,64.0,293.1603668083203,0.0,0.0,0.6,0.4,0.4,0.0,0.0,4,0,0,6,0,0.0341110229492187,0.0,1.0,0.0,0.0,0.0,0.0,0.0,1.0,0.0,0.0,0.0,0.0,0.0,1.0,1.0,624,54,66,62.4,5.796550698475775,62.4,0.0040274858474731,10,0.9291193128925312,36.0
20.0,6,64.0,1325.0470714601631,0.0,0.0,0.6,0.4,0.4,0.0,0.0,4,0,0,6,0,0.0075469017028808,0.0,1.0,0.0,0.0,0.0,0.0,0.0,1.0,0.0,0.0,0.0,0.0,0.0,1.0,1.0,699,54,99,69.9,20.64218980631658,69.9,0.0007570028305053,10,0.9351668324395012,394.8888888888889
20.0,6,64.0,584.4823790080964,0.0,0.0,0.5,0.5,0.5,0.0,0.0,5,0,0,5,0,0.0171091556549072,0.0,1.0,0.0,0.0,0.0,0.0,0.0,1.0,0.0,0.0,0.0,0.0,0.0,1.0,1.0,765,54,99,76.5,23.717082451262844,76.5,0.0018084049224853,10,0.9364194207073464,506.25
20.0,6,64.0,387.536172964982,0.0,0.0,0.5,0.5,0.5,0.0,0.0,5,0,0,5,0,0.0258040428161621,0.0,1.0,0.0,0.0,0.0,0.0,0.0,1.0,0.0,0.0,0.0,0.0,0.0,1.0,1.0,771,54,101,77.1,24.36048713251304,77.1,0.0029975891113281,10,0.9366815180383006,534.09
20.0,6,64.0,682.4112067422677,0.0,0.0,0.6,0.4,0.4,0.0,0.0,4,0,0,6,0,0.0146539211273193,0.0,1.0,0.0,0.0,0.0,0.0,0.0,1.0,0.0,0.0,0.0,0.0,0.0,1.0,1.0,822,54,101,82.2,24.270695636233143,82.2,0.0020679950714111,10,0.936644940574376,552.25
20.0,6,64.0,433.73049440038056,0.0,0.0,0.5,0.5,0.5,0.0,0.0,5,0,0,5,0,0.0230557918548584,0.0,1.0,0.0,0.0,0.0,0.0,0.0,1.0,0.0,0.0,0.0,0.0,0.0,1.0,1.0,627,54,101,62.7,14.345343805182534,62.7,0.0023082017898559,10,0.9326017492524792,552.25
20.0,6,64.0,737.6286447891387,0.0,0.0,0.5,0.5,0.5,0.0,0.0,5,0,0,5,0,0.013556957244873,0.0,1.0,0.0,0.0,0.0,0.0,0.0,1.0,0.0,0.0,0.0,0.0,0.0,1.0,1.0,600,54,64,60.0,5.163977794943222,60.0,0.001358413696289,10,0.928861627994548,25.0
20.0,6,64.0,328.0516209768879,0.0,0.0,0.5,0.5,0.5,0.0,0.0,5,0,0,5,0,0.0304830074310302,0.0,1.0,0.0,0.0,0.0,0.0,0.0,1.0,0.0,0.0,0.0,0.0,0.0,1.0,1.0,600,54,66,60.0,6.324555320336759,60.0,0.0030516862869262,10,0.9293344008552924,36.0
20.0,6,64.0,494.3373366176765,0.0,0.0,0.6,0.4,0.4,0.0,0.0,4,0,0,6,0,0.0202291011810302,0.0,1.0,0.0,0.0,0.0,0.0,0.0,1.0,0.0,0.0,0.0,0.0,0.0,1.0,1.0,600,54,66,60.0,6.324555320336759,60.0,0.0020273208618164,10,0.9293344008552924,36.0
20.0,6,64.0,1109.9859740122265,0.0,0.0,0.8,0.2,0.2,0.0,0.0,2,0,0,8,0,0.0090091228485107,0.0,1.0,0.0,0.0,0.0,0.0,0.0,1.0,0.0,0.0,0.0,0.0,0.0,1.0,1.0,693,54,71,69.3,5.375872022286245,69.3,0.0010015964508056,10,0.9289479452269984,72.25
20.0,6,64.0,535.3018352604845,0.0,0.0,0.7,0.3,0.3,0.0,0.0,3,0,0,7,0,0.0186810493469238,0.0,1.0,0.0,0.0,0.0,0.0,0.0,1.0,0.0,0.0,0.0,0.0,0.0,1.0,1.0,652,54,73,65.2,9.65861733836106,65.2,0.0018715858459472,10,0.9306925643589548,85.77777777777777
20.0,6,64.0,234.37889066464007,0.0,0.0,0.6,0.4,0.4,0.0,0.0,4,0,0,6,0,0.042665958404541,0.0,1.0,0.0,0.0,0.0,0.0,0.0,1.0,0.0,0.0,0.0,0.0,0.0,1.0,1.0,659,54,73,65.9,8.67243397848096,65.9,0.004895806312561,10,0.930290832705474,75.20987654320987
20.0,6,64.0,351.7413035456711,0.0,0.0,0.6,0.4,0.4,0.0,0.0,4,0,0,6,0,0.0284299850463867,0.0,1.0,0.0,0.0,0.0,0.0,0.0,1.0,0.0,0.0,0.0,0.0,0.0,1.0,1.0,600,54,66,60.0,6.324555320336759,60.0,0.0028469085693359,10,0.9293344008552924,36.0
20.0,6,64.0,1335.1278051886045,0.0,0.0,0.5,0.5,0.5,0.0,0.0,5,0,0,5,0,0.0074899196624755,0.0,1.0,0.0,0.0,0.0,0.0,0.0,1.0,0.0,0.0,0.0,0.0,0.0,1.0,1.0,618,54,68,61.8,6.762642481555072,61.8,0.0010016918182373,10,0.9295128600412864,41.16
20.0,6,64.0,459.5792426367461,0.0,0.0,0.6,0.4,0.4,0.0,0.0,4,0,0,6,0,0.021759033203125,0.0,1.0,0.0,0.0,0.0,0.0,0.0,1.0,0.0,0.0,0.0,0.0,0.0,1.0,1.0,610,54,68,61.0,7.378647873726218,61.0,0.0021795988082885,10,0.9297637959978412,49.0
20.0,6,64.0,365.6058994787399,0.0,0.0,0.5,0.5,0.5,0.0,0.0,5,0,0,5,0,0.0273518562316894,0.0,1.0,0.0,0.0,0.0,0.0,0.0,1.0,0.0,0.0,0.0,0.0,0.0,1.0,1.0,576,54,68,57.6,5.561774297230456,57.6,0.0033092975616455,10,0.9290236743777198,43.55555555555557
20.0,6,64.0,233.20863821364236,0.0,0.0,0.6,0.4,0.4,0.0,0.0,4,0,0,6,0,0.0428800582885742,0.0,1.0,0.0,0.0,0.0,0.0,0.0,1.0,0.0,0.0,0.0,0.0,0.0,1.0,1.0,550,54,56,55.0,1.0540925533894598,55.0,0.0042917013168334,10,0.9271874251425488,1.0
20.0,6,64.0,2215.223407626492,0.0,0.0,0.5,0.5,0.5,0.0,0.0,5,0,0,5,0,0.0045142173767089,0.0,1.0,0.0,0.0,0.0,0.0,0.0,1.0,0.0,0.0,0.0,0.0,0.0,1.0,1.0,558,54,58,55.8,1.988857852023506,55.8,0.0005669116973876,10,0.9275682111346004,3.56
20.0,6,64.0,920.38884378223,0.0,0.0,0.5,0.5,0.5,0.0,0.0,5,0,0,5,0,0.0108649730682373,0.0,1.0,0.0,0.0,0.0,0.0,0.0,1.0,0.0,0.0,0.0,0.0,0.0,1.0,1.0,560,54,58,56.0,2.10818510677892,56.0,0.0012167930603027,10,0.9276168202850976,4.0
20.0,6,64.0,202.2199187129061,0.0,0.0,0.9,0.1,0.1,0.0,0.0,1,0,0,9,0,0.0494511127471923,0.0,1.0,0.0,0.0,0.0,0.0,0.0,1.0,0.0,0.0,0.0,0.0,0.0,1.0,1.0,624,54,64,62.4,3.502380143083652,62.4,0.0056554079055786,10,0.9281847595750866,18.0
20.0,6,64.0,540.4264859362719,0.0,0.0,1.0,0.0,0.0,0.0,0.0,0,0,0,10,0,0.0185039043426513,0.0,1.0,0.0,0.0,0.0,0.0,0.0,1.0,0.0,0.0,0.0,0.0,0.0,1.0,1.0,656,64,66,65.6,0.8432740427115678,65.6,0.0018524885177612,10,0.0,1.0
20.0,6,64.0,836.7354918506992,0.0,0.0,1.0,0.0,0.0,0.0,0.0,0,0,0,10,0,0.011951208114624,0.0,1.0,0.0,0.0,0.0,0.0,0.0,1.0,0.0,0.0,0.0,0.0,0.0,1.0,1.0,700,66,71,70.0,2.10818510677892,70.0,0.0028757095336914,10,0.9071672602850976,6.25
20.0,6,64.0,479.50246936162426,0.0,0.0,1.0,0.0,0.0,0.0,0.0,0,0,0,10,0,0.0208549499511718,0.0,1.0,0.0,0.0,0.0,0.0,0.0,1.0,0.0,0.0,0.0,0.0,0.0,1.0,1.0,726,71,73,72.6,0.8432740427115678,72.6,0.0020901918411254,10,0.0,1.0
20.0,6,64.0,188.0229878874275,0.0,0.0,0.6,0.4,0.4,0.0,0.0,4,0,0,6,0,0.0531849861145019,0.0,1.0,0.0,0.0,0.0,0.0,0.0,1.0,0.0,0.0,0.0,0.0,0.0,1.0,1.0,5986,54,1406,598.6,694.9377590035592,598.6,0.0059290885925292,10,1.0,446322.5432098766
20.0,6,64.0,2557.5024390243902,0.0,0.0,0.5,0.5,0.5,0.0,0.0,5,0,0,5,0,0.0039100646972656,0.0,1.0,0.0,0.0,0.0,0.0,0.0,1.0,0.0,0.0,0.0,0.0,0.0,1.0,1.0,7300,54,1406,730.0,712.5665660912748,730.0,0.00050630569458,10,1.0,456976.0
20.0,6,64.0,666.3125119145961,0.0,0.0,0.6,0.4,0.4,0.0,0.0,4,0,0,6,0,0.0150079727172851,0.0,1.0,0.0,0.0,0.0,0.0,0.0,1.0,0.0,0.0,0.0,0.0,0.0,1.0,1.0,8652,54,1406,865.2,698.1697978763237,865.2,0.0015957117080688,10,1.0,438696.96
20.0,6,64.0,1072.2732385724512,0.0,0.0,0.6,0.4,0.4,0.0,0.0,4,0,0,6,0,0.0093259811401367,0.0,1.0,0.0,0.0,0.0,0.0,0.0,1.0,0.0,0.0,0.0,0.0,0.0,1.0,1.0,7310,54,1406,731.0,711.5187199848567,731.0,0.0014232873916625,10,1.0,455633.0
20.0,6,64.0,250.16276697899957,0.0,0.0,0.5,0.5,0.5,0.0,0.0,5,0,0,5,0,0.0399739742279052,0.0,1.0,0.0,0.0,0.0,0.0,0.0,1.0,0.0,0.0,0.0,0.0,0.0,1.0,1.0,590,54,64,59.0,5.270462766947299,59.0,0.0044661998748779,10,0.9289050057127436,25.0
20.0,6,64.0,1375.136552899905,0.0,0.0,0.5,0.5,0.5,0.0,0.0,5,0,0,5,0,0.0072720050811767,0.0,1.0,0.0,0.0,0.0,0.0,0.0,1.0,0.0,0.0,0.0,0.0,0.0,1.0,1.0,592,54,66,59.2,5.513619500836088,59.2,0.0008891105651855,10,0.9290040580398606,27.360000000000003
20.0,6,64.0,1876.1424226158529,0.0,0.0,0.5,0.5,0.5,0.0,0.0,5,0,0,5,0,0.0053300857543945,0.0,1.0,0.0,0.0,0.0,0.0,0.0,1.0,0.0,0.0,0.0,0.0,0.0,1.0,1.0,612,54,66,61.2,6.196773353931867,61.2,0.0006577014923095,10,0.9292823475934576,36.0
20.0,6,64.0,478.8127582821526,0.0,0.0,0.5,0.5,0.5,0.0,0.0,5,0,0,5,0,0.0208849906921386,0.0,1.0,0.0,0.0,0.0,0.0,0.0,1.0,0.0,0.0,0.0,0.0,0.0,1.0,1.0,618,54,75,61.8,8.854377448471462,61.8,0.0020905017852783,10,0.9303649491974092,70.56
20.0,6,64.0,321.8539407751867,0.0,0.0,0.6,0.4,0.4,0.0,0.0,4,0,0,6,0,0.0310699939727783,0.0,1.0,0.0,0.0,0.0,0.0,0.0,1.0,0.0,0.0,0.0,0.0,0.0,1.0,1.0,645,54,75,64.5,11.067971810589327,64.5,0.0031100988388061,10,0.9312666789967616,110.25
20.0,6,64.0,1168.9158909759767,0.0,0.0,0.5,0.5,0.5,0.0,0.0,5,0,0,5,0,0.0085549354553222,0.0,1.0,0.0,0.0,0.0,0.0,0.0,1.0,0.0,0.0,0.0,0.0,0.0,1.0,1.0,649,54,77,64.9,11.51279481465923,64.9,0.0008591890335083,10,0.9314478820956996,119.29
20.0,6,64.0,1001.122780217682,0.0,0.0,0.6,0.4,0.4,0.0,0.0,4,0,0,6,0,0.009988784790039,0.0,1.0,0.0,0.0,0.0,0.0,0.0,1.0,0.0,0.0,0.0,0.0,0.0,1.0,1.0,678,54,77,67.8,11.877148928369412,67.8,0.0030000925064086,10,0.9315963053874604,126.96
20.0,6,64.0,432.2064218292733,0.0,0.0,0.5,0.5,0.5,0.0,0.0,5,0,0,5,0,0.023137092590332,0.0,1.0,0.0,0.0,0.0,0.0,0.0,1.0,0.0,0.0,0.0,0.0,0.0,1.0,1.0,634,54,77,63.4,9.131143289740765,63.4,0.0023969173431396,10,0.9304776925305088,132.25
20.0,6,64.0,164.68982523097702,0.0,0.0,0.6,0.4,0.4,0.0,0.0,4,0,0,6,0,0.0607202053070068,0.0,1.0,0.0,0.0,0.0,0.0,0.0,1.0,0.0,0.0,0.0,0.0,0.0,1.0,1.0,612,54,66,61.2,6.196773353931867,61.2,0.0060770034790039,10,0.9292823475934576,36.0
20.0,6,64.0,1083.1837198491814,0.0,0.0,0.5,0.5,0.5,0.0,0.0,5,0,0,5,0,0.0092320442199707,0.0,1.0,0.0,0.0,0.0,0.0,0.0,1.0,0.0,0.0,0.0,0.0,0.0,1.0,1.0,610,54,68,61.0,7.378647873726218,61.0,0.0009541988372802,10,0.9297637959978412,49.0
20.0,6,64.0,1391.7918768250595,0.0,0.0,0.8,0.2,0.2,0.0,0.0,2,0,0,8,0,0.0071849822998046,0.0,1.0,0.0,0.0,0.0,0.0,0.0,1.0,0.0,0.0,0.0,0.0,0.0,1.0,1.0,630,54,68,63.0,6.411794687223781,63.0,0.0007221937179565,10,0.9293699386837876,49.0
20.0,6,64.0,363.6501096766922,0.0,0.0,1.0,0.0,0.0,0.0,0.0,0,0,0,10,0,0.0274989604949951,0.0,1.0,0.0,0.0,0.0,0.0,0.0,1.0,0.0,0.0,0.0,0.0,0.0,1.0,1.0,644,64,66,64.4,0.8432740427115678,64.4,0.0032233953475952,10,0.0,0.64
20.0,6,64.0,273.1644794685597,0.0,0.0,0.9,0.1,0.1,0.0,0.0,1,0,0,9,0,0.0366079807281494,0.0,1.0,0.0,0.0,0.0,0.0,0.0,1.0,0.0,0.0,0.0,0.0,0.0,1.0,1.0,638,54,66,63.8,4.661902329879224,63.8,0.0040518045425415,10,0.9286571025330996,19.56
20.0,6,64.0,423.96255976387584,0.0,0.0,0.5,0.5,0.5,0.0,0.0,5,0,0,5,0,0.0235869884490966,0.0,1.0,0.0,0.0,0.0,0.0,0.0,1.0,0.0,0.0,0.0,0.0,0.0,1.0,1.0,550,54,56,55.0,1.0540925533894598,55.0,0.0033555030822753,10,0.9271874251425488,1.0
20.0,6,64.0,1822.5010862952984,0.0,0.0,0.5,0.5,0.5,0.0,0.0,5,0,0,5,0,0.0054869651794433,0.0,1.0,0.0,0.0,0.0,0.0,0.0,1.0,0.0,0.0,0.0,0.0,0.0,1.0,1.0,552,54,58,55.2,1.3984117975602022,55.2,0.00084068775177,10,0.927327687029854,1.7777777777777777
20.0,6,64.0,599.9576598483765,0.0,0.0,0.5,0.5,0.5,0.0,0.0,5,0,0,5,0,0.0166678428649902,0.0,1.0,0.0,0.0,0.0,0.0,0.0,1.0,0.0,0.0,0.0,0.0,0.0,1.0,1.0,560,54,58,56.0,2.10818510677892,56.0,0.0022413969039916,10,0.9276168202850976,4.0
20.0,6,64.0,240.4246391598932,0.0,0.0,0.6,0.4,0.4,0.0,0.0,4,0,0,6,0,0.0415930747985839,0.0,1.0,0.0,0.0,0.0,0.0,0.0,1.0,0.0,0.0,0.0,0.0,0.0,1.0,1.0,584,54,68,58.4,5.399588461684423,58.4,0.0050263166427612,10,0.9289576063557518,26.24
20.0,6,64.0,191.3983754677375,0.0,0.0,1.0,0.0,0.0,0.0,0.0,0,0,0,10,0,0.0522470474243164,0.0,1.0,0.0,0.0,0.0,0.0,0.0,1.0,0.0,0.0,0.0,0.0,0.0,1.0,1.0,684,68,70,68.4,0.8432740427115678,68.4,0.0052263975143432,10,0.0,0.64
20.0,6,64.0,53498.77551020408,0.0,0.0,0.9,0.1,0.1,0.0,0.0,1,0,0,9,0,0.0001869201660156,0.0,1.0,0.0,0.0,0.0,0.0,0.0,1.0,0.0,0.0,0.0,0.0,0.0,1.0,1.0,692,66,70,69.2,1.6865480854231356,69.2,0.0004190921783447,10,0.906995502228078,2.56
20.0,6,64.0,724.1171900626694,0.0,0.0,0.7,0.3,0.3,0.0,0.0,3,0,0,7,0,0.0138099193572998,0.0,1.0,0.0,0.0,0.0,0.0,0.0,1.0,0.0,0.0,0.0,0.0,0.0,1.0,1.0,624,54,66,62.4,5.796550698475776,62.4,0.0013849020004272,10,0.9291193128925312,36.0
20.0,6,64.0,437.9422175352135,0.0,0.0,0.7,0.3,0.3,0.0,0.0,3,0,0,7,0,0.0228340625762939,0.0,1.0,0.0,0.0,0.0,0.0,0.0,1.0,0.0,0.0,0.0,0.0,0.0,1.0,1.0,636,54,68,63.6,6.6533199732664805,63.6,0.0022865056991577,10,0.92946832642431,45.06122448979592
20.0,6,64.0,498.0530553114684,0.0,0.0,0.6,0.4,0.4,0.0,0.0,4,0,0,6,0,0.0200781822204589,0.0,1.0,0.0,0.0,0.0,0.0,0.0,1.0,0.0,0.0,0.0,0.0,0.0,1.0,1.0,608,54,68,60.8,7.192588778272627,60.8,0.002010703086853,10,0.9296880029647172,49.0
20.0,6,64.0,254.62770833459808,0.0,0.0,1.0,0.0,0.0,0.0,0.0,0,0,0,10,0,0.0392730236053466,0.0,1.0,0.0,0.0,0.0,0.0,0.0,1.0,0.0,0.0,0.0,0.0,0.0,1.0,1.0,662,66,68,66.2,0.6324555320336759,66.2,0.0046130895614624,10,0.0,0.36
20.0,6,64.0,334.4259994578131,0.0,0.0,0.9,0.1,0.1,0.0,0.0,1,0,0,9,0,0.0299019813537597,0.0,1.0,0.0,0.0,0.0,0.0,0.0,1.0,0.0,0.0,0.0,0.0,0.0,1.0,1.0,676,64,68,67.6,1.2649110640673518,67.6,0.0035629987716674,10,0.9102320041710584,1.44
20.0,6,64.0,586.9525182272351,0.0,0.0,0.6,0.4,0.4,0.0,0.0,4,0,0,6,0,0.0170371532440185,0.0,1.0,0.0,0.0,0.0,0.0,0.0,1.0,0.0,0.0,0.0,0.0,0.0,1.0,1.0,600,54,64,60.0,5.163977794943222,60.0,0.001707911491394,10,0.928861627994548,25.0
20.0,6,64.0,288.6094902565232,0.0,0.0,0.7,0.3,0.3,0.0,0.0,3,0,0,7,0,0.0346488952636718,0.0,1.0,0.0,0.0,0.0,0.0,0.0,1.0,0.0,0.0,0.0,0.0,0.0,1.0,1.0,606,54,66,60.6,5.738757124441959,60.6,0.0034674882888793,10,0.9290957701022128,29.64
20.0,6,64.0,873.2857232088946,0.0,0.0,0.6,0.4,0.4,0.0,0.0,4,0,0,6,0,0.0114510059356689,0.0,1.0,0.0,0.0,0.0,0.0,0.0,1.0,0.0,0.0,0.0,0.0,0.0,1.0,1.0,612,54,66,61.2,6.196773353931867,61.2,0.0011466026306152,10,0.9292823475934576,36.0
20.0,6,64.0,262.97895819226045,0.0,0.0,1.0,0.0,0.0,0.0,0.0,0,0,0,10,0,0.0380258560180664,0.0,1.0,0.0,0.0,0.0,0.0,0.0,1.0,0.0,0.0,0.0,0.0,0.0,1.0,1.0,642,64,66,64.2,0.6324555320336757,64.2,0.0043766975402832,10,0.0,1.0
20.0,6,64.0,258.25086816245107,0.0,0.0,1.0,0.0,0.0,0.0,0.0,0,0,0,10,0,0.0387220382690429,0.0,1.0,0.0,0.0,0.0,0.0,0.0,1.0,0.0,0.0,0.0,0.0,0.0,1.0,1.0,658,64,66,65.8,0.6324555320336757,65.8,0.0042026042938232,10,0.0,1.0
20.0,6,64.0,195.92501763384203,0.0,0.0,1.0,0.0,0.0,0.0,0.0,0,0,0,10,0,0.0510399341583251,0.0,1.0,0.0,0.0,0.0,0.0,0.0,1.0,0.0,0.0,0.0,0.0,0.0,1.0,1.0,705,66,71,70.5,1.5811388300841898,70.5,0.0058425903320312,10,0.9069525627138232,6.25
20.0,6,64.0,76260.07272727272,0.0,0.0,1.0,0.0,0.0,0.0,0.0,0,0,0,10,0,0.0001311302185058,0.0,1.0,0.0,0.0,0.0,0.0,0.0,1.0,0.0,0.0,0.0,0.0,0.0,1.0,1.0,728,71,73,72.8,0.6324555320336757,72.8,1.4519691467285156e-05,10,0.0,1.0
20.0,6,64.0,382.4232975008434,0.0,0.0,1.0,0.0,0.0,0.0,0.0,0,0,0,10,0,0.026149034500122,0.0,1.0,0.0,0.0,0.0,0.0,0.0,1.0,0.0,0.0,0.0,0.0,0.0,1.0,1.0,649,64,73,64.9,2.8460498941515424,64.9,0.0028748989105224,10,0.9108760968848816,20.25
20.0,6,64.0,197.1961992881893,0.0,0.0,1.0,0.0,0.0,0.0,0.0,0,0,0,10,0,0.050710916519165,0.0,1.0,0.0,0.0,0.0,0.0,0.0,1.0,0.0,0.0,0.0,0.0,0.0,1.0,1.0,658,64,66,65.8,0.6324555320336757,65.8,0.0055688858032226,10,0.0,1.0
20.0,6,64.0,2489.348922784735,0.0,0.0,0.6,0.4,0.4,0.0,0.0,4,0,0,6,0,0.0040171146392822,0.0,1.0,0.0,0.0,0.0,0.0,0.0,1.0,0.0,0.0,0.0,0.0,0.0,1.0,1.0,602,54,66,60.2,5.370702416299421,60.2,0.0004038095474243,10,0.9289458393363036,25.96
20.0,6,64.0,476.62003840865447,0.0,0.0,0.6,0.4,0.4,0.0,0.0,4,0,0,6,0,0.0209810733795166,0.0,1.0,0.0,0.0,0.0,0.0,0.0,1.0,0.0,0.0,0.0,0.0,0.0,1.0,1.0,614,54,66,61.4,5.168279318217149,61.4,0.0022089004516601,10,0.9288633802630688,24.09876543209877
20.0,6,64.0,158.89681926323286,0.0,0.0,0.6,0.4,0.4,0.0,0.0,4,0,0,6,0,0.0629339218139648,0.0,1.0,0.0,0.0,0.0,0.0,0.0,1.0,0.0,0.0,0.0,0.0,0.0,1.0,1.0,612,54,66,61.2,6.196773353931867,61.2,0.0062969923019409,10,0.9292823475934576,36.0
20.0,6,64.0,1138.549906349249,0.0,0.0,0.5,0.5,0.5,0.0,0.0,5,0,0,5,0,0.0087831020355224,0.0,1.0,0.0,0.0,0.0,0.0,0.0,1.0,0.0,0.0,0.0,0.0,0.0,1.0,1.0,594,54,66,59.4,5.738757124441959,59.4,0.0008835077285766,10,0.9290957701022128,36.0
20.0,6,64.0,1265.1737451737451,0.0,0.0,0.5,0.5,0.5,0.0,0.0,5,0,0,5,0,0.007904052734375,0.0,1.0,0.0,0.0,0.0,0.0,0.0,1.0,0.0,0.0,0.0,0.0,0.0,1.0,1.0,590,54,64,59.0,5.270462766947299,59.0,0.0007936954498291,10,0.9289050057127436,25.0
20.0,6,64.0,646.2917193133841,0.0,0.0,0.5,0.5,0.5,0.0,0.0,5,0,0,5,0,0.0154728889465332,0.0,1.0,0.0,0.0,0.0,0.0,0.0,1.0,0.0,0.0,0.0,0.0,0.0,1.0,1.0,596,54,66,59.6,5.94792213951879,59.6,0.0015507936477661,10,0.9291809755627544,31.84
20.0,6,64.0,272.0870823143241,0.0,0.0,0.6,0.4,0.4,0.0,0.0,4,0,0,6,0,0.0367529392242431,0.0,1.0,0.0,0.0,0.0,0.0,0.0,1.0,0.0,0.0,0.0,0.0,0.0,1.0,1.0,612,54,66,61.2,6.196773353931867,61.2,0.0036782979965209,10,0.9292823475934576,36.0
20.0,6,64.0,1614.7464870067372,0.0,0.0,0.6,0.4,0.4,0.0,0.0,4,0,0,6,0,0.006192922592163,0.0,1.0,0.0,0.0,0.0,0.0,0.0,1.0,0.0,0.0,0.0,0.0,0.0,1.0,1.0,664,54,82,66.4,13.91402170474087,66.4,0.000622010231018,10,0.9324260458816432,174.6172839506173
20.0,6,64.0,375.3023497199306,0.0,0.0,0.5,0.5,0.5,0.0,0.0,5,0,0,5,0,0.0266451835632324,0.0,1.0,0.0,0.0,0.0,0.0,0.0,1.0,0.0,0.0,0.0,0.0,0.0,1.0,1.0,680,54,82,68.0,14.757295747452437,68.0,0.0030636072158813,10,0.9327695619956824,196.0
20.0,6,64.0,908.7628374572084,0.0,0.0,0.5,0.5,0.5,0.0,0.0,5,0,0,5,0,0.0110039710998535,0.0,1.0,0.0,0.0,0.0,0.0,0.0,1.0,0.0,0.0,0.0,0.0,0.0,1.0,1.0,718,54,84,71.8,15.331883989473267,71.8,0.0034157991409301,10,0.933003626261952,217.9375
20.0,6,64.0,754.4933532406325,0.0,0.0,0.6,0.4,0.4,0.0,0.0,4,0,0,6,0,0.0132539272308349,0.0,1.0,0.0,0.0,0.0,0.0,0.0,1.0,0.0,0.0,0.0,0.0,0.0,1.0,1.0,690,54,84,69.0,15.811388300841896,69.0,0.001327896118164,10,0.933198957138231,225.0
20.0,6,64.0,253.02406389691555,0.0,0.0,0.6,0.4,0.4,0.0,0.0,4,0,0,6,0,0.0395219326019287,0.0,1.0,0.0,0.0,0.0,0.0,0.0,1.0,0.0,0.0,0.0,0.0,0.0,1.0,1.0,610,54,64,61.0,4.83045891539648,61.0,0.0042410850524902,10,0.928725765743776,23.4375
20.0,6,64.0,448.5934608926299,0.0,0.0,0.6,0.4,0.4,0.0,0.0,4,0,0,6,0,0.0222918987274169,0.0,1.0,0.0,0.0,0.0,0.0,0.0,1.0,0.0,0.0,0.0,0.0,0.0,1.0,1.0,606,54,66,60.6,5.738757124441958,60.6,0.0022334098815917,10,0.9290957701022128,29.64
20.0,6,64.0,204.41074126419417,0.0,0.0,0.6,0.4,0.4,0.0,0.0,4,0,0,6,0,0.0489211082458496,0.0,1.0,0.0,0.0,0.0,0.0,0.0,1.0,0.0,0.0,0.0,0.0,0.0,1.0,1.0,612,54,66,61.2,6.196773353931867,61.2,0.0049045085906982,10,0.9292823475934576,36.0
20.0,6,64.0,457.7735091242469,0.0,0.0,1.0,0.0,0.0,0.0,0.0,0,0,0,10,0,0.0218448638916015,0.0,1.0,0.0,0.0,0.0,0.0,0.0,1.0,0.0,0.0,0.0,0.0,0.0,1.0,1.0,632,54,66,63.2,3.2930904093942592,63.2,0.0021885871887207,10,0.9280995033091708,36.0
20.0,6,64.0,223.65446449996,0.0,0.0,1.0,0.0,0.0,0.0,0.0,0,0,0,10,0,0.0447118282318115,0.0,1.0,0.0,0.0,0.0,0.0,0.0,1.0,0.0,0.0,0.0,0.0,0.0,1.0,1.0,656,64,66,65.6,0.8432740427115678,65.6,0.0047389984130859,10,0.0,1.0
20.0,6,64.0,572.83583720295,0.0,0.0,1.0,0.0,0.0,0.0,0.0,0,0,0,10,0,0.0174570083618164,0.0,1.0,0.0,0.0,0.0,0.0,0.0,1.0,0.0,0.0,0.0,0.0,0.0,1.0,1.0,2604,66,309,260.4,102.45779618945552,260.4,0.0023283004760742,10,0.9480456778557368,14762.25
20.0,6,64.0,258.3654059381545,0.0,0.0,1.0,0.0,0.0,0.0,0.0,0,0,0,10,0,0.0387048721313476,0.0,1.0,0.0,0.0,0.0,0.0,0.0,1.0,0.0,0.0,0.0,0.0,0.0,1.0,1.0,3106,309,311,310.6,0.8432740427115677,310.6,0.0042026996612548,10,0.0,1.0
20.0,6,64.0,155.9847076149532,0.0,0.0,1.0,0.0,0.0,0.0,0.0,0,0,0,10,0,0.0641088485717773,0.0,1.0,0.0,0.0,0.0,0.0,0.0,1.0,0.0,0.0,0.0,0.0,0.0,1.0,1.0,1150,66,311,115.0,103.30107023216706,115.0,0.0068140029907226,10,0.9483891939697756,15006.25
20.0,6,64.0,751.3038493918713,0.0,0.0,1.0,0.0,0.0,0.0,0.0,0,0,0,10,0,0.0133101940155029,0.0,1.0,0.0,0.0,0.0,0.0,0.0,1.0,0.0,0.0,0.0,0.0,0.0,1.0,1.0,676,66,68,67.6,0.8432740427115678,67.6,0.0013363122940063,10,0.0,1.0
20.0,6,64.0,275.64002470985633,0.0,0.0,0.7,0.3,0.3,0.0,0.0,3,0,0,7,0,0.0362792015075683,0.0,1.0,0.0,0.0,0.0,0.0,0.0,1.0,0.0,0.0,0.0,0.0,0.0,1.0,1.0,658,54,72,65.8,8.297255235585105,65.8,0.0039263010025024,10,0.930137999892768,61.96
20.0,6,64.0,2996.7876536153185,0.0,0.0,0.6,0.4,0.4,0.0,0.0,4,0,0,6,0,0.0033369064331054,0.0,1.0,0.0,0.0,0.0,0.0,0.0,1.0,0.0,0.0,0.0,0.0,0.0,1.0,1.0,650,54,74,65.0,9.486832980505138,65.0,0.0004779815673828,10,0.9306225862829386,81.0
20.0,6,64.0,650.5318340442032,0.0,0.0,0.5,0.5,0.5,0.0,0.0,5,0,0,5,0,0.0153720378875732,0.0,1.0,0.0,0.0,0.0,0.0,0.0,1.0,0.0,0.0,0.0,0.0,0.0,1.0,1.0,660,54,74,66.0,10.327955589886445,66.0,0.0021655082702636,10,0.930965225989096,98.76543209876542
20.0,6,64.0,552.8568792344397,0.0,0.0,0.7,0.3,0.3,0.0,0.0,3,0,0,7,0,0.0180878639221191,0.0,1.0,0.0,0.0,0.0,0.0,0.0,1.0,0.0,0.0,0.0,0.0,0.0,1.0,1.0,630,54,74,63.0,8.755950357709132,63.0,0.0018126964569091,10,0.9303248539377164,100.0
20.0,6,64.0,740.4674811100911,0.0,0.0,1.0,0.0,0.0,0.0,0.0,0,0,0,10,0,0.0135049819946289,0.0,1.0,0.0,0.0,0.0,0.0,0.0,1.0,0.0,0.0,0.0,0.0,0.0,1.0,1.0,646,64,66,64.6,0.966091783079296,64.6,0.0027271032333374,10,0.0,0.8400000000000001
20.0,6,64.0,182.3586648869797,0.0,0.0,0.8,0.2,0.2,0.0,0.0,2,0,0,8,0,0.0548369884490966,0.0,1.0,0.0,0.0,0.0,0.0,0.0,1.0,0.0,0.0,0.0,0.0,0.0,1.0,1.0,666,54,75,66.6,5.796550698475776,66.6,0.0058851957321166,10,0.9291193128925312,30.24
20.0,6,64.0,535.5615710710455,0.0,0.0,0.7,0.3,0.3,0.0,0.0,3,0,0,7,0,0.0186719894409179,0.0,1.0,0.0,0.0,0.0,0.0,0.0,1.0,0.0,0.0,0.0,0.0,0.0,1.0,1.0,666,54,75,66.6,10.844353369380766,66.6,0.0018705129623413,10,0.931175585788551,110.25
20.0,6,64.0,401.5109656050468,0.0,0.0,0.5,0.5,0.5,0.0,0.0,5,0,0,5,0,0.0249059200286865,0.0,1.0,0.0,0.0,0.0,0.0,0.0,1.0,0.0,0.0,0.0,0.0,0.0,1.0,1.0,651,54,77,65.1,11.723196378690128,65.1,0.0024921894073486,10,0.9315335912768232,123.69
20.0,6,64.0,1411.22573264695,0.0,0.0,0.5,0.5,0.5,0.0,0.0,5,0,0,5,0,0.0070860385894775,0.0,1.0,0.0,0.0,0.0,0.0,0.0,1.0,0.0,0.0,0.0,0.0,0.0,1.0,1.0,678,54,77,67.8,11.877148928369412,67.8,0.0009920120239257,10,0.9315963053874604,132.25
20.0,6,64.0,872.1417283539882,0.0,0.0,0.5,0.5,0.5,0.0,0.0,5,0,0,5,0,0.0114660263061523,0.0,1.0,0.0,0.0,0.0,0.0,0.0,1.0,0.0,0.0,0.0,0.0,0.0,1.0,1.0,679,54,83,67.9,14.76068351323128,67.9,0.0011494874954223,10,0.93277094203595,196.09
20.0,6,64.0,531.0657263323162,0.0,0.0,0.6,0.4,0.4,0.0,0.0,4,0,0,6,0,0.0188300609588623,0.0,1.0,0.0,0.0,0.0,0.0,0.0,1.0,0.0,0.0,0.0,0.0,0.0,1.0,1.0,685,54,83,68.5,15.284342024147168,68.5,0.0018850088119506,10,0.9329842595669566,210.25
20.0,6,64.0,446.33075457844274,0.0,0.0,0.5,0.5,0.5,0.0,0.0,5,0,0,5,0,0.0224049091339111,0.0,1.0,0.0,0.0,0.0,0.0,0.0,1.0,0.0,0.0,0.0,0.0,0.0,1.0,1.0,693,54,85,69.3,16.138635492369097,69.3,0.0026996850967407,10,0.9333322645541716,234.41
20.0,6,64.0,3831.464328126428,0.0,0.0,0.5,0.5,0.5,0.0,0.0,5,0,0,5,0,0.0026099681854248,0.0,1.0,0.0,0.0,0.0,0.0,0.0,1.0,0.0,0.0,0.0,0.0,0.0,1.0,1.0,726,54,85,72.6,16.00833116432399,72.6,0.0003113985061645,10,0.933279183783099,240.25
20.0,6,64.0,388.77185176946034,0.0,0.0,1.0,0.0,0.0,0.0,0.0,0,0,0,10,0,0.0257220268249511,0.0,1.0,0.0,0.0,0.0,0.0,0.0,1.0,0.0,0.0,0.0,0.0,0.0,1.0,1.0,675,54,69,67.5,4.743416490252569,67.5,0.0025735139846801,10,0.9286903081414692,56.25
20.0,6,64.0,174.0801275000934,0.0,0.0,1.0,0.0,0.0,0.0,0.0,0,0,0,10,0,0.0574448108673095,0.0,1.0,0.0,0.0,0.0,0.0,0.0,1.0,0.0,0.0,0.0,0.0,0.0,1.0,1.0,708,69,71,70.8,0.6324555320336757,70.8,0.0063248872756958,10,0.0,1.0
20.0,6,64.0,829.668077699094,0.0,0.0,0.6,0.4,0.4,0.0,0.0,4,0,0,6,0,0.0120530128479003,0.0,1.0,0.0,0.0,0.0,0.0,0.0,1.0,0.0,0.0,0.0,0.0,0.0,1.0,1.0,617,54,71,61.7,6.79950978625175,61.7,0.0012075185775756,10,0.9295278783065276,50.888888888888886
20.0,6,64.0,312.6740866090664,0.0,0.0,0.6,0.4,0.4,0.0,0.0,4,0,0,6,0,0.0319821834564209,0.0,1.0,0.0,0.0,0.0,0.0,0.0,1.0,0.0,0.0,0.0,0.0,0.0,1.0,1.0,614,54,68,61.4,6.397916327472042,61.4,0.0035851001739501,10,0.929364285195159,36.84
20.0,6,64.0,908.6053463888046,0.0,0.0,0.6,0.4,0.4,0.0,0.0,4,0,0,6,0,0.0110058784484863,0.0,1.0,0.0,0.0,0.0,0.0,0.0,1.0,0.0,0.0,0.0,0.0,0.0,1.0,1.0,624,54,68,62.4,7.229568912920511,62.4,0.0014877796173095,10,0.9297030671923672,49.0
20.0,6,64.0,811.5599241515421,0.0,0.0,0.5,0.5,0.5,0.0,0.0,5,0,0,5,0,0.0123219490051269,0.0,1.0,0.0,0.0,0.0,0.0,0.0,1.0,0.0,0.0,0.0,0.0,0.0,1.0,1.0,636,54,72,63.6,8.422192905255336,63.6,0.0013370037078857,10,0.9301888945018848,63.84
20.0,6,64.0,486.2904777915618,0.0,0.0,0.5,0.5,0.5,0.0,0.0,5,0,0,5,0,0.0205638408660888,0.0,1.0,0.0,0.0,0.0,0.0,0.0,1.0,0.0,0.0,0.0,0.0,0.0,1.0,1.0,630,54,72,63.0,9.486832980505138,63.0,0.0020601034164428,10,0.9306225862829386,81.0
20.0,6,64.0,256.0562623623355,0.0,0.0,0.6,0.4,0.4,0.0,0.0,4,0,0,6,0,0.0390539169311523,0.0,1.0,0.0,0.0,0.0,0.0,0.0,1.0,0.0,0.0,0.0,0.0,0.0,1.0,1.0,636,54,74,63.6,10.145606602531624,63.6,0.0039083003997802,10,0.9308909443056071,92.64
20.0,6,64.0,2129.9532805200083,0.0,0.0,0.5,0.5,0.5,0.0,0.0,5,0,0,5,0,0.0046949386596679,0.0,1.0,0.0,0.0,0.0,0.0,0.0,1.0,0.0,0.0,0.0,0.0,0.0,1.0,1.0,660,54,74,66.0,10.327955589886445,66.0,0.0023173093795776,10,0.930965225989096,98.76543209876542
20.0,6,64.0,787.8994627493707,0.0,0.0,0.9,0.1,0.1,0.0,0.0,1,0,0,9,0,0.0126919746398925,0.0,1.0,0.0,0.0,0.0,0.0,0.0,1.0,0.0,0.0,0.0,0.0,0.0,1.0,1.0,644,54,74,64.4,6.022181221672649,64.4,0.0012708902359008,10,0.9292112257424606,100.0
20.0,6,64.0,332.05902843751977,0.0,0.0,1.0,0.0,0.0,0.0,0.0,0,0,0,10,0,0.0301151275634765,0.0,1.0,0.0,0.0,0.0,0.0,0.0,1.0,0.0,0.0,0.0,0.0,0.0,1.0,1.0,674,66,68,67.4,0.9660917830792958,67.4,0.0034058094024658,10,0.0,1.0
20.0,6,64.0,597.189964974229,0.0,0.0,0.7,0.3,0.3,0.0,0.0,3,0,0,7,0,0.0167450904846191,0.0,1.0,0.0,0.0,0.0,0.0,0.0,1.0,0.0,0.0,0.0,0.0,0.0,1.0,1.0,5262,54,1224,526.2,600.5978132938325,526.2,0.0016762018203735,10,1.0,333190.22222222225
20.0,6,64.0,700.9666421552242,0.0,0.0,0.5,0.5,0.5,0.0,0.0,5,0,0,5,0,0.014266014099121,0.0,1.0,0.0,0.0,0.0,0.0,0.0,1.0,0.0,0.0,0.0,0.0,0.0,1.0,1.0,6390,54,1224,639.0,616.644143732834,639.0,0.0016283988952636,10,1.0,342225.0
20.0,6,64.0,894.5367684695444,0.0,0.0,0.5,0.5,0.5,0.0,0.0,5,0,0,5,0,0.011178970336914,0.0,1.0,0.0,0.0,0.0,0.0,0.0,1.0,0.0,0.0,0.0,0.0,0.0,1.0,1.0,6398,54,1226,639.8,617.4877056805801,639.8,0.0026810884475708,10,1.0,343161.96
20.0,6,64.0,396.0851417455191,0.0,0.0,0.5,0.5,0.5,0.0,0.0,5,0,0,5,0,0.0252470970153808,0.0,1.0,0.0,0.0,0.0,0.0,0.0,1.0,0.0,0.0,0.0,0.0,0.0,1.0,1.0,7572,54,1226,757.2,605.2181975673457,757.2,0.002703309059143,10,1.0,343396.0
20.0,6,64.0,221.9502050535785,0.0,0.0,1.0,0.0,0.0,0.0,0.0,0,0,0,10,0,0.0450551509857177,0.0,1.0,0.0,0.0,0.0,0.0,0.0,1.0,0.0,0.0,0.0,0.0,0.0,1.0,1.0,918,54,96,91.8,13.281566172707196,91.8,0.0045083999633789,10,0.932168408796114,441.0
20.0,6,64.0,927.5534620402929,0.0,0.0,1.0,0.0,0.0,0.0,0.0,0,0,0,10,0,0.0107810497283935,0.0,1.0,0.0,0.0,0.0,0.0,0.0,1.0,0.0,0.0,0.0,0.0,0.0,1.0,1.0,978,96,98,97.8,0.6324555320336757,97.8,0.002993106842041,10,0.0,1.0
20.0,6,64.0,661.812673567281,0.0,0.0,0.7,0.3,0.3,0.0,0.0,3,0,0,7,0,0.0151100158691406,0.0,1.0,0.0,0.0,0.0,0.0,0.0,1.0,0.0,0.0,0.0,0.0,0.0,1.0,1.0,806,54,98,80.6,18.48242408343668,80.6,0.0016070842742919,10,0.9342870302746288,372.6666666666667
20.0,6,64.0,244.58294457921252,0.0,0.0,0.7,0.3,0.3,0.0,0.0,3,0,0,7,0,0.0408859252929687,0.0,1.0,0.0,0.0,0.0,0.0,0.0,1.0,0.0,0.0,0.0,0.0,0.0,1.0,1.0,805,54,93,80.5,18.307557637944683,80.5,0.0043878078460693,10,0.9342157966793933,304.22222222222223
20.0,6,64.0,603.6793851379554,0.0,0.0,0.6,0.4,0.4,0.0,0.0,4,0,0,6,0,0.0165650844573974,0.0,1.0,0.0,0.0,0.0,0.0,0.0,1.0,0.0,0.0,0.0,0.0,0.0,1.0,1.0,813,54,93,81.3,18.83878977004627,81.3,0.0023406982421875,10,0.934432199400726,380.25
20.0,6,64.0,440.4902382927777,0.0,0.0,0.6,0.4,0.4,0.0,0.0,4,0,0,6,0,0.0227019786834716,0.0,1.0,0.0,0.0,0.0,0.0,0.0,1.0,0.0,0.0,0.0,0.0,0.0,1.0,1.0,6390,54,1224,639.0,616.644143732834,639.0,0.0022737979888916,10,1.0,342225.0
20.0,6,64.0,221.7788611523839,0.0,0.0,0.7,0.3,0.3,0.0,0.0,3,0,0,7,0,0.0450899600982666,0.0,1.0,0.0,0.0,0.0,0.0,0.0,1.0,0.0,0.0,0.0,0.0,0.0,1.0,1.0,8734,54,1226,873.4,565.4402807645658,873.4,0.0050987005233764,10,1.0,287750.44
20.0,6,64.0,295.29034074908475,0.0,0.0,0.8,0.2,0.2,0.0,0.0,2,0,0,8,0,0.0338649749755859,0.0,1.0,0.0,0.0,0.0,0.0,0.0,1.0,0.0,0.0,0.0,0.0,0.0,1.0,1.0,9916,54,1226,991.6,494.15858902897867,991.6,0.0040853977203369,10,1.0,219773.44
20.0,6,64.0,398.3724331819995,0.0,0.0,1.0,0.0,0.0,0.0,0.0,0,0,0,10,0,0.0251021385192871,0.0,1.0,0.0,0.0,0.0,0.0,0.0,1.0,0.0,0.0,0.0,0.0,0.0,1.0,1.0,12240,1224,1224,1224.0,0.0,1224.0,0.0025128126144409,10,0.0,0.0
20.0,6,64.0,171.2240365774004,0.0,0.0,1.0,0.0,0.0,0.0,0.0,0,0,0,10,0,0.0584030151367187,0.0,1.0,0.0,0.0,0.0,0.0,0.0,1.0,0.0,0.0,0.0,0.0,0.0,1.0,1.0,12260,1226,1226,1226.0,0.0,1226.0,0.0061625003814697,10,0.0,0.0
20.0,6,64.0,272.3167319166618,0.0,0.0,0.7,0.3,0.3,0.0,0.0,3,0,0,7,0,0.0367219448089599,0.0,1.0,0.0,0.0,0.0,0.0,0.0,1.0,0.0,0.0,0.0,0.0,0.0,1.0,1.0,636,54,66,63.6,5.059644256269407,63.6,0.0039743900299072,10,0.928819126684234,36.0
20.0,6,64.0,745.9855935971543,0.0,0.0,0.6,0.4,0.4,0.0,0.0,4,0,0,6,0,0.0134050846099853,0.0,1.0,0.0,0.0,0.0,0.0,0.0,1.0,0.0,0.0,0.0,0.0,0.0,1.0,1.0,606,54,68,60.6,6.995236474439826,60.6,0.0013447046279907,10,0.9296076095302278,44.04
20.0,6,64.0,854.2544654677284,0.0,0.0,0.5,0.5,0.5,0.0,0.0,5,0,0,5,0,0.0117061138153076,0.0,1.0,0.0,0.0,0.0,0.0,0.0,1.0,0.0,0.0,0.0,0.0,0.0,1.0,1.0,624,54,68,62.4,7.229568912920511,62.4,0.001497197151184,10,0.9297030671923672,49.0
20.0,6,64.0,532.3396370097728,0.0,0.0,0.6,0.4,0.4,0.0,0.0,4,0,0,6,0,0.0187849998474121,0.0,1.0,0.0,0.0,0.0,0.0,0.0,1.0,0.0,0.0,0.0,0.0,0.0,1.0,1.0,610,54,68,61.0,7.378647873726218,61.0,0.0018819093704223,10,0.9297637959978412,49.0
20.0,6,64.0,1184.697774262795,0.0,0.0,0.5,0.5,0.5,0.0,0.0,5,0,0,5,0,0.0084409713745117,0.0,1.0,0.0,0.0,0.0,0.0,0.0,1.0,0.0,0.0,0.0,0.0,0.0,1.0,1.0,610,54,68,61.0,7.378647873726218,61.0,0.0012532949447631,10,0.9297637959978412,49.0
20.0,6,64.0,356.2283637104856,0.0,0.0,0.6,0.4,0.4,0.0,0.0,4,0,0,6,0,0.0280718803405761,0.0,1.0,0.0,0.0,0.0,0.0,0.0,1.0,0.0,0.0,0.0,0.0,0.0,1.0,1.0,634,54,70,63.4,8.113089560840693,63.4,0.0029261827468872,10,0.930062978163504,60.44444444444444
20.0,6,64.0,816.060081327704,0.0,0.0,0.5,0.5,0.5,0.0,0.0,5,0,0,5,0,0.012253999710083,0.0,1.0,0.0,0.0,0.0,0.0,0.0,1.0,0.0,0.0,0.0,0.0,0.0,1.0,1.0,620,54,70,62.0,8.432740427115679,62.0,0.0013829231262207,10,0.93019319114039,64.0
20.0,6,64.0,253.4337971830645,0.0,0.0,0.8,0.2,0.2,0.0,0.0,2,0,0,8,0,0.0394580364227294,0.0,1.0,0.0,0.0,0.0,0.0,0.0,1.0,0.0,0.0,0.0,0.0,0.0,1.0,1.0,636,54,66,63.6,5.059644256269407,63.6,0.0044031858444213,10,0.928819126684234,27.0
20.0,6,64.0,1443.623597439251,0.0,0.0,0.7,0.3,0.3,0.0,0.0,3,0,0,7,0,0.0069270133972167,0.0,1.0,0.0,0.0,0.0,0.0,0.0,1.0,0.0,0.0,0.0,0.0,0.0,1.0,1.0,648,54,68,64.8,5.750362307426086,64.8,0.0007851123809814,10,0.9291004975895532,39.04
20.0,6,64.0,551.207601224817,0.0,0.0,0.6,0.4,0.4,0.0,0.0,4,0,0,6,0,0.0181419849395751,0.0,1.0,0.0,0.0,0.0,0.0,0.0,1.0,0.0,0.0,0.0,0.0,0.0,1.0,1.0,608,54,68,60.8,7.192588778272627,60.8,0.0018171787261962,10,0.9296880029647172,49.0
20.0,6,64.0,645.0393700787401,0.0,0.0,0.5,0.5,0.5,0.0,0.0,5,0,0,5,0,0.0155029296875,0.0,1.0,0.0,0.0,0.0,0.0,0.0,1.0,0.0,0.0,0.0,0.0,0.0,1.0,1.0,600,54,66,60.0,6.324555320336759,60.0,0.0015537023544311,10,0.9293344008552924,36.0
20.0,6,64.0,276.7238899518374,0.0,0.0,0.6,0.4,0.4,0.0,0.0,4,0,0,6,0,0.0361371040344238,0.0,1.0,0.0,0.0,0.0,0.0,0.0,1.0,0.0,0.0,0.0,0.0,0.0,1.0,1.0,624,54,66,62.4,5.796550698475776,62.4,0.0039208173751831,10,0.9291193128925312,34.56
20.0,6,64.0,226.67992563448485,0.0,0.0,0.5,0.5,0.5,0.0,0.0,5,0,0,5,0,0.0441150665283203,0.0,1.0,0.0,0.0,0.0,0.0,0.0,1.0,0.0,0.0,0.0,0.0,0.0,1.0,1.0,600,54,66,60.0,6.324555320336759,60.0,0.0044157981872558,10,0.9293344008552924,36.0
20.0,6,64.0,227.57284081907264,0.0,0.0,0.5,0.5,0.5,0.0,0.0,5,0,0,5,0,0.0439419746398925,0.0,1.0,0.0,0.0,0.0,0.0,0.0,1.0,0.0,0.0,0.0,0.0,0.0,1.0,1.0,630,54,76,63.0,10.16530045465127,63.0,0.0043977975845336,10,0.9308989667932068,93.0
20.0,6,64.0,771.1251654655097,0.0,0.0,0.6,0.4,0.4,0.0,0.0,4,0,0,6,0,0.0129680633544921,0.0,1.0,0.0,0.0,0.0,0.0,0.0,1.0,0.0,0.0,0.0,0.0,0.0,1.0,1.0,650,54,76,65.0,11.59501808728406,65.0,0.0013009071350097,10,0.931481376568036,121.0
20.0,6,64.0,725.3694896494475,0.0,0.0,0.5,0.5,0.5,0.0,0.0,5,0,0,5,0,0.0137860774993896,0.0,1.0,0.0,0.0,0.0,0.0,0.0,1.0,0.0,0.0,0.0,0.0,0.0,1.0,1.0,680,54,78,68.0,12.073846850849888,68.0,0.0013815879821777,10,0.9316764322531622,133.4320987654321
20.0,6,64.0,435.197609388132,0.0,0.0,0.5,0.5,0.5,0.0,0.0,5,0,0,5,0,0.0229780673980712,0.0,1.0,0.0,0.0,0.0,0.0,0.0,1.0,0.0,0.0,0.0,0.0,0.0,1.0,1.0,660,54,78,66.0,12.649110640673518,66.0,0.0023008108139038,10,0.9319107717105848,144.0
20.0,6,64.0,510.7530443253775,0.0,0.0,0.9,0.1,0.1,0.0,0.0,1,0,0,9,0,0.0195789337158203,0.0,1.0,0.0,0.0,0.0,0.0,0.0,1.0,0.0,0.0,0.0,0.0,0.0,1.0,1.0,8754,54,1224,875.4,561.3373317355616,875.4,0.0019609928131103,10,1.0,337625.0
20.0,6,64.0,275.3685758554584,0.0,0.0,1.0,0.0,0.0,0.0,0.0,0,0,0,10,0,0.0363149642944335,0.0,1.0,0.0,0.0,0.0,0.0,0.0,1.0,0.0,0.0,0.0,0.0,0.0,1.0,1.0,12254,1224,1226,1225.4,0.966091783079296,1225.4,0.0039319992065429,10,0.0,1.0
20.0,6,64.0,217.7467903625216,0.0,0.0,0.7,0.3,0.3,0.0,0.0,3,0,0,7,0,0.0459249019622802,0.0,1.0,0.0,0.0,0.0,0.0,0.0,1.0,0.0,0.0,0.0,0.0,0.0,1.0,1.0,4841,54,1226,484.1,515.7666246580047,484.1,0.0056098937988281,10,1.0,289443.04
20.0,6,64.0,216.8630046326936,0.0,0.0,0.6,0.4,0.4,0.0,0.0,4,0,0,6,0,0.046112060546875,0.0,1.0,0.0,0.0,0.0,0.0,0.0,1.0,0.0,0.0,0.0,0.0,0.0,1.0,1.0,1325,54,211,132.5,82.7462654410726,132.5,0.0046152114868164,10,0.9604655486900754,6162.25
20.0,6,64.0,1420.065005417118,0.0,0.0,0.5,0.5,0.5,0.0,0.0,5,0,0,5,0,0.0070419311523437,0.0,1.0,0.0,0.0,0.0,0.0,0.0,1.0,0.0,0.0,0.0,0.0,0.0,1.0,1.0,1335,54,213,133.5,83.80035799446205,133.5,0.0007066965103149,10,0.960894943832624,6320.25
20.0,6,64.0,365.8450722653013,0.0,0.0,0.6,0.4,0.4,0.0,0.0,4,0,0,6,0,0.0273339748382568,0.0,1.0,0.0,0.0,0.0,0.0,0.0,1.0,0.0,0.0,0.0,0.0,0.0,1.0,1.0,1347,54,213,134.7,82.6129529795419,134.7,0.0028807878494262,10,0.9604112425257462,6320.25
20.0,6,64.0,263.23477911596177,0.0,0.0,0.6,0.4,0.4,0.0,0.0,4,0,0,6,0,0.0379889011383056,0.0,1.0,0.0,0.0,0.0,0.0,0.0,1.0,0.0,0.0,0.0,0.0,0.0,1.0,1.0,612,54,66,61.2,6.196773353931867,61.2,0.0041054964065551,10,0.9292823475934576,36.0
20.0,6,64.0,286.1463101808581,0.0,0.0,0.7,0.3,0.3,0.0,0.0,3,0,0,7,0,0.0349471569061279,0.0,1.0,0.0,0.0,0.0,0.0,0.0,1.0,0.0,0.0,0.0,0.0,0.0,1.0,1.0,632,54,68,63.2,6.408327915038888,63.2,0.0037010192871093,10,0.9293685264594702,39.0
20.0,6,64.0,1823.5311508195296,0.0,0.0,0.6,0.4,0.4,0.0,0.0,4,0,0,6,0,0.005483865737915,0.0,1.0,0.0,0.0,0.0,0.0,0.0,1.0,0.0,0.0,0.0,0.0,0.0,1.0,1.0,636,54,68,63.6,6.65331997326648,63.6,0.0005535840988159,10,0.92946832642431,43.55555555555557
20.0,6,64.0,903.6526984810944,0.0,0.0,0.6,0.4,0.4,0.0,0.0,4,0,0,6,0,0.011066198348999,0.0,1.0,0.0,0.0,0.0,0.0,0.0,1.0,0.0,0.0,0.0,0.0,0.0,1.0,1.0,600,54,66,60.0,6.324555320336759,60.0,0.0011102199554443,10,0.9293344008552924,36.0
20.0,6,64.0,400.39941576852215,0.0,0.0,0.5,0.5,0.5,0.0,0.0,5,0,0,5,0,0.0249750614166259,0.0,1.0,0.0,0.0,0.0,0.0,0.0,1.0,0.0,0.0,0.0,0.0,0.0,1.0,1.0,602,54,68,60.2,6.562519841239848,60.2,0.0028429985046386,10,0.9294313380825274,38.76
20.0,6,64.0,911.745755711584,0.0,0.0,0.5,0.5,0.5,0.0,0.0,5,0,0,5,0,0.0109679698944091,0.0,1.0,0.0,0.0,0.0,0.0,0.0,1.0,0.0,0.0,0.0,0.0,0.0,1.0,1.0,624,54,68,62.4,7.229568912920511,62.4,0.001099681854248,10,0.9297030671923672,49.0
20.0,6,64.0,527.0351708279406,0.0,0.0,0.6,0.4,0.4,0.0,0.0,4,0,0,6,0,0.0189740657806396,0.0,1.0,0.0,0.0,0.0,0.0,0.0,1.0,0.0,0.0,0.0,0.0,0.0,1.0,1.0,806,54,166,80.6,45.4610944777082,80.6,0.0019144058227539,10,0.9452770614464392,1979.358024691358
20.0,6,64.0,229.13183139217276,0.0,0.0,0.7,0.3,0.3,0.0,0.0,3,0,0,7,0,0.0436429977416992,0.0,1.0,0.0,0.0,0.0,0.0,0.0,1.0,0.0,0.0,0.0,0.0,0.0,1.0,1.0,1324,54,166,132.4,54.10113985244057,132.4,0.0047657012939453,10,0.9487966703302902,3136.0
20.0,6,64.0,632.0339953587896,0.0,0.0,0.6,0.4,0.4,0.0,0.0,4,0,0,6,0,0.0158219337463378,0.0,1.0,0.0,0.0,0.0,0.0,0.0,1.0,0.0,0.0,0.0,0.0,0.0,1.0,1.0,1336,54,168,133.6,54.93268608032926,133.6,0.0015861988067626,10,0.9491354090016828,3136.0
20.0,6,64.0,544.1847551086604,0.0,0.0,0.8,0.2,0.2,0.0,0.0,2,0,0,8,0,0.0183761119842529,0.0,1.0,0.0,0.0,0.0,0.0,0.0,1.0,0.0,0.0,0.0,0.0,0.0,1.0,1.0,1026,54,168,102.6,56.43521359340578,102.6,0.0018412113189697,10,0.9497474786094098,3249.0
20.0,6,64.0,205.45710156996253,0.0,0.0,1.0,0.0,0.0,0.0,0.0,0,0,0,10,0,0.0486719608306884,0.0,1.0,0.0,0.0,0.0,0.0,0.0,1.0,0.0,0.0,0.0,0.0,0.0,1.0,1.0,646,64,66,64.6,0.966091783079296,64.6,0.0050774812698364,10,0.0,0.8400000000000001
20.0,6,64.0,204.83000439517508,0.0,0.0,1.0,0.0,0.0,0.0,0.0,0,0,0,10,0,0.0488209724426269,0.0,1.0,0.0,0.0,0.0,0.0,0.0,1.0,0.0,0.0,0.0,0.0,0.0,1.0,1.0,825,66,121,82.5,26.56752403468064,82.5,0.0054800033569335,10,0.9171310165907676,635.25
20.0,6,64.0,259.323853097564,0.0,0.0,1.0,0.0,0.0,0.0,0.0,0,0,0,10,0,0.0385618209838867,0.0,1.0,0.0,0.0,0.0,0.0,0.0,1.0,0.0,0.0,0.0,0.0,0.0,1.0,1.0,1216,121,123,121.6,0.966091783079296,121.6,0.0042063951492309,10,0.0,0.8400000000000001
20.0,6,64.0,160.5450634248662,0.0,0.0,1.0,0.0,0.0,0.0,0.0,0,0,0,10,0,0.0622878074645996,0.0,1.0,0.0,0.0,0.0,0.0,0.0,1.0,0.0,0.0,0.0,0.0,0.0,1.0,1.0,1053,64,123,105.3,28.499707600839223,105.3,0.0071182012557983,10,0.921326370888278,731.01
20.0,6,64.0,238.6014893023944,0.0,0.0,1.0,0.0,0.0,0.0,0.0,0,0,0,10,0,0.0419108867645263,0.0,1.0,0.0,0.0,0.0,0.0,0.0,1.0,0.0,0.0,0.0,0.0,0.0,1.0,1.0,646,64,66,64.6,0.966091783079296,64.6,0.0041953086853027,10,0.0,0.8400000000000001
20.0,6,64.0,212.254829029336,0.0,0.0,0.8,0.2,0.2,0.0,0.0,2,0,0,8,0,0.0471131801605224,0.0,1.0,0.0,0.0,0.0,0.0,0.0,1.0,0.0,0.0,0.0,0.0,0.0,1.0,1.0,668,54,76,66.8,6.124631508189787,66.8,0.0051896095275878,10,0.9292529598911762,33.760000000000005
20.0,6,64.0,258.0316210396801,0.0,0.0,0.5,0.5,0.5,0.0,0.0,5,0,0,5,0,0.0387549400329589,0.0,1.0,0.0,0.0,0.0,0.0,0.0,1.0,0.0,0.0,0.0,0.0,0.0,1.0,1.0,650,54,76,65.0,11.59501808728406,65.0,0.0038792848587036,10,0.931481376568036,121.0
20.0,6,64.0,813.5433315230041,0.0,0.0,0.5,0.5,0.5,0.0,0.0,5,0,0,5,0,0.0122919082641601,0.0,1.0,0.0,0.0,0.0,0.0,0.0,1.0,0.0,0.0,0.0,0.0,0.0,1.0,1.0,654,54,78,65.4,12.038826077875422,65.4,0.0012336015701293,10,0.9316621661910832,130.44
20.0,6,64.0,887.2327283496213,0.0,0.0,0.5,0.5,0.5,0.0,0.0,5,0,0,5,0,0.0112709999084472,0.0,1.0,0.0,0.0,0.0,0.0,0.0,1.0,0.0,0.0,0.0,0.0,0.0,1.0,1.0,660,54,78,66.0,12.649110640673518,66.0,0.0011288166046142,10,0.9319107717105848,144.0
20.0,6,64.0,370.30238286526526,0.0,0.0,0.5,0.5,0.5,0.0,0.0,5,0,0,5,0,0.0270049571990966,0.0,1.0,0.0,0.0,0.0,0.0,0.0,1.0,0.0,0.0,0.0,0.0,0.0,1.0,1.0,636,54,78,63.6,11.02723900167218,63.6,0.0027035951614379,10,0.9312500860797212,144.0
20.0,6,64.0,1111.0150455605,0.0,0.0,0.5,0.5,0.5,0.0,0.0,5,0,0,5,0,0.0090007781982421,0.0,1.0,0.0,0.0,0.0,0.0,0.0,1.0,0.0,0.0,0.0,0.0,0.0,1.0,1.0,600,54,66,60.0,6.324555320336759,60.0,0.0009030818939208,10,0.9293344008552924,36.0
20.0,6,64.0,615.0096042463965,0.0,0.0,0.7,0.3,0.3,0.0,0.0,3,0,0,7,0,0.0162599086761474,0.0,1.0,0.0,0.0,0.0,0.0,0.0,1.0,0.0,0.0,0.0,0.0,0.0,1.0,1.0,612,54,66,61.2,6.196773353931867,61.2,0.0017080068588256,10,0.9292823475934576,36.0
20.0,6,64.0,818.2570865604089,0.0,0.0,0.6,0.4,0.4,0.0,0.0,4,0,0,6,0,0.0122210979461669,0.0,1.0,0.0,0.0,0.0,0.0,0.0,1.0,0.0,0.0,0.0,0.0,0.0,1.0,1.0,612,54,66,61.2,6.196773353931867,61.2,0.0013877153396606,10,0.9292823475934576,36.0
20.0,6,64.0,211.62298117529528,0.0,0.0,1.0,0.0,0.0,0.0,0.0,0,0,0,10,0,0.0472538471221923,0.0,1.0,0.0,0.0,0.0,0.0,0.0,1.0,0.0,0.0,0.0,0.0,0.0,1.0,1.0,660,66,66,66.0,0.0,66.0,0.0050826787948608,10,0.0,0.0
20.0,6,64.0,1153.5489548954895,0.0,0.0,1.0,0.0,0.0,0.0,0.0,0,0,0,10,0,0.0086688995361328,0.0,1.0,0.0,0.0,0.0,0.0,0.0,1.0,0.0,0.0,0.0,0.0,0.0,1.0,1.0,660,66,66,66.0,0.0,66.0,0.001265001296997,10,0.0,0.0
20.0,6,64.0,812.8653656078607,0.0,0.0,1.0,0.0,0.0,0.0,0.0,0,0,0,10,0,0.0123021602630615,0.0,1.0,0.0,0.0,0.0,0.0,0.0,1.0,0.0,0.0,0.0,0.0,0.0,1.0,1.0,660,66,66,66.0,0.0,66.0,0.0012368202209472,10,0.0,0.0
20.0,6,64.0,187.8108236389852,0.0,0.0,1.0,0.0,0.0,0.0,0.0,0,0,0,10,0,0.0532450675964355,0.0,1.0,0.0,0.0,0.0,0.0,0.0,1.0,0.0,0.0,0.0,0.0,0.0,1.0,1.0,678,66,68,67.8,0.6324555320336757,67.8,0.0056036949157714,10,0.0,1.0
20.0,6,64.0,992.8521718546574,0.0,0.0,0.5,0.5,0.5,0.0,0.0,5,0,0,5,0,0.0100719928741455,0.0,1.0,0.0,0.0,0.0,0.0,0.0,1.0,0.0,0.0,0.0,0.0,0.0,1.0,1.0,604,54,68,60.4,5.641118880348314,60.4,0.0012151956558227,10,0.9290559961870988,34.666666666666664
20.0,6,64.0,627.5891788364855,0.0,0.0,0.5,0.5,0.5,0.0,0.0,5,0,0,5,0,0.0159339904785156,0.0,1.0,0.0,0.0,0.0,0.0,0.0,1.0,0.0,0.0,0.0,0.0,0.0,1.0,1.0,590,54,64,59.0,5.270462766947299,59.0,0.0015964031219482,10,0.9289050057127436,25.0
20.0,6,64.0,396.0851417455191,0.0,0.0,0.5,0.5,0.5,0.0,0.0,5,0,0,5,0,0.0252470970153808,0.0,1.0,0.0,0.0,0.0,0.0,0.0,1.0,0.0,0.0,0.0,0.0,0.0,1.0,1.0,600,54,66,60.0,6.324555320336759,60.0,0.0025285959243774,10,0.9293344008552924,36.0
20.0,6,64.0,378.0729950693624,0.0,0.0,0.5,0.5,0.5,0.0,0.0,5,0,0,5,0,0.0264499187469482,0.0,1.0,0.0,0.0,0.0,0.0,0.0,1.0,0.0,0.0,0.0,0.0,0.0,1.0,1.0,600,54,66,60.0,6.324555320336759,60.0,0.0026484966278076,10,0.9293344008552924,36.0
20.0,6,64.0,989.1060016507488,0.0,0.0,1.0,0.0,0.0,0.0,0.0,0,0,0,10,0,0.0101101398468017,0.0,1.0,0.0,0.0,0.0,0.0,0.0,1.0,0.0,0.0,0.0,0.0,0.0,1.0,1.0,630,54,64,63.0,3.1622776601683795,63.0,0.001015305519104,10,0.9280462154276462,25.0
20.0,6,64.0,310.75133545227567,0.0,0.0,1.0,0.0,0.0,0.0,0.0,0,0,0,10,0,0.0321800708770751,0.0,1.0,0.0,0.0,0.0,0.0,0.0,1.0,0.0,0.0,0.0,0.0,0.0,1.0,1.0,658,64,66,65.8,0.6324555320336757,65.8,0.003386902809143,10,0.0,1.0
20.0,6,64.0,602.6991608230832,0.0,0.0,0.7,0.3,0.3,0.0,0.0,3,0,0,7,0,0.0165920257568359,0.0,1.0,0.0,0.0,0.0,0.0,0.0,1.0,0.0,0.0,0.0,0.0,0.0,1.0,1.0,624,54,66,62.4,5.796550698475775,62.4,0.0023597002029418,10,0.9291193128925312,30.24
20.0,6,64.0,1053.8452261306534,0.0,0.0,0.5,0.5,0.5,0.0,0.0,5,0,0,5,0,0.0094890594482421,0.0,1.0,0.0,0.0,0.0,0.0,0.0,1.0,0.0,0.0,0.0,0.0,0.0,1.0,1.0,616,54,68,61.6,6.586180818788517,61.6,0.0013475894927978,10,0.9294409766183416,39.04
20.0,6,64.0,974.8527600232424,0.0,0.0,0.5,0.5,0.5,0.0,0.0,5,0,0,5,0,0.0102579593658447,0.0,1.0,0.0,0.0,0.0,0.0,0.0,1.0,0.0,0.0,0.0,0.0,0.0,1.0,1.0,610,54,68,61.0,7.378647873726218,61.0,0.0010286092758178,10,0.9297637959978412,49.0
20.0,6,64.0,1179.5005624296964,0.0,0.0,0.5,0.5,0.5,0.0,0.0,5,0,0,5,0,0.0084781646728515,0.0,1.0,0.0,0.0,0.0,0.0,0.0,1.0,0.0,0.0,0.0,0.0,0.0,1.0,1.0,606,54,68,60.6,6.995236474439825,60.6,0.0008501052856445,10,0.9296076095302278,49.0
20.0,6,64.0,747.8343971757658,0.0,0.0,0.5,0.5,0.5,0.0,0.0,5,0,0,5,0,0.0133719444274902,0.0,1.0,0.0,0.0,0.0,0.0,0.0,1.0,0.0,0.0,0.0,0.0,0.0,1.0,1.0,600,54,66,60.0,6.324555320336759,60.0,0.0013388872146606,10,0.9293344008552924,36.0
20.0,6,64.0,714.7513718005521,0.0,0.0,0.6,0.4,0.4,0.0,0.0,4,0,0,6,0,0.0139908790588378,0.0,1.0,0.0,0.0,0.0,0.0,0.0,1.0,0.0,0.0,0.0,0.0,0.0,1.0,1.0,604,54,68,60.4,6.785605679999719,60.4,0.0014339923858642,10,0.9295222143298046,41.44
20.0,6,64.0,378.6737448425918,0.0,0.0,0.5,0.5,0.5,0.0,0.0,5,0,0,5,0,0.0264079570770263,0.0,1.0,0.0,0.0,0.0,0.0,0.0,1.0,0.0,0.0,0.0,0.0,0.0,1.0,1.0,610,54,68,61.0,7.378647873726218,61.0,0.0028546094894409,10,0.9297637959978412,49.0
20.0,6,64.0,2509.3054142985343,0.0,0.0,0.7,0.3,0.3,0.0,0.0,3,0,0,7,0,0.0039851665496826,0.0,1.0,0.0,0.0,0.0,0.0,0.0,1.0,0.0,0.0,0.0,0.0,0.0,1.0,1.0,622,54,68,62.2,5.921711464320655,62.2,0.0004548072814941,10,0.9291702983821056,49.0
20.0,6,64.0,254.7576212197596,0.0,0.0,1.0,0.0,0.0,0.0,0.0,0,0,0,10,0,0.0392529964447021,0.0,1.0,0.0,0.0,0.0,0.0,0.0,1.0,0.0,0.0,0.0,0.0,0.0,1.0,1.0,648,64,66,64.8,1.0327955589886444,64.8,0.0040401935577392,10,0.9101374495989096,0.96
20.0,6,64.0,4589.456176824598,0.0,0.0,0.8,0.2,0.2,0.0,0.0,2,0,0,8,0,0.0021789073944091,0.0,1.0,0.0,0.0,0.0,0.0,0.0,1.0,0.0,0.0,0.0,0.0,0.0,1.0,1.0,636,54,66,63.6,5.059644256269407,63.6,0.0002197980880737,10,0.928819126684234,23.04
20.0,6,64.0,488.4765620450708,0.0,0.0,0.5,0.5,0.5,0.0,0.0,5,0,0,5,0,0.0204718112945556,0.0,1.0,0.0,0.0,0.0,0.0,0.0,1.0,0.0,0.0,0.0,0.0,0.0,1.0,1.0,600,54,66,60.0,6.324555320336759,60.0,0.0030252933502197,10,0.9293344008552924,36.0
20.0,6,64.0,216.60877424019415,0.0,0.0,0.5,0.5,0.5,0.0,0.0,5,0,0,5,0,0.046166181564331,0.0,1.0,0.0,0.0,0.0,0.0,0.0,1.0,0.0,0.0,0.0,0.0,0.0,1.0,1.0,602,54,67,60.2,6.545566777937908,60.2,0.004966115951538,10,0.9294244320826608,38.56
20.0,6,64.0,2179.0856192851206,0.0,0.0,0.5,0.5,0.5,0.0,0.0,5,0,0,5,0,0.0045890808105468,0.0,1.0,0.0,0.0,0.0,0.0,0.0,1.0,0.0,0.0,0.0,0.0,0.0,1.0,1.0,605,54,67,60.5,6.851601597031489,60.5,0.0004617929458618,10,0.9295490984265669,42.25
20.0,6,64.0,811.2302961143454,0.0,0.0,0.5,0.5,0.5,0.0,0.0,5,0,0,5,0,0.012326955795288,0.0,1.0,0.0,0.0,0.0,0.0,0.0,1.0,0.0,0.0,0.0,0.0,0.0,1.0,1.0,603,54,67,60.3,6.650814486462039,60.3,0.0013190984725952,10,0.9294673057892052,42.25
20.0,6,64.0,786.407424767976,0.0,0.0,0.5,0.5,0.5,0.0,0.0,5,0,0,5,0,0.0127160549163818,0.0,1.0,0.0,0.0,0.0,0.0,0.0,1.0,0.0,0.0,0.0,0.0,0.0,1.0,1.0,600,54,66,60.0,6.324555320336759,60.0,0.0012736082077026,10,0.9293344008552924,36.0
20.0,6,64.0,261.5196219027073,0.0,0.0,0.5,0.5,0.5,0.0,0.0,5,0,0,5,0,0.0382380485534668,0.0,1.0,0.0,0.0,0.0,0.0,0.0,1.0,0.0,0.0,0.0,0.0,0.0,1.0,1.0,604,54,68,60.4,6.785605679999719,60.4,0.0041214942932128,10,0.9295222143298046,41.44
20.0,6,64.0,422.5445533582503,0.0,0.0,0.5,0.5,0.5,0.0,0.0,5,0,0,5,0,0.0236661434173584,0.0,1.0,0.0,0.0,0.0,0.0,0.0,1.0,0.0,0.0,0.0,0.0,0.0,1.0,1.0,610,54,68,61.0,7.378647873726218,61.0,0.0026153087615966,10,0.9297637959978412,49.0
20.0,6,64.0,564.744913759442,0.0,0.0,0.6,0.4,0.4,0.0,0.0,4,0,0,6,0,0.0177071094512939,0.0,1.0,0.0,0.0,0.0,0.0,0.0,1.0,0.0,0.0,0.0,0.0,0.0,1.0,1.0,618,54,68,61.8,6.762642481555071,61.8,0.0022516965866088,10,0.9295128600412864,47.04
20.0,6,64.0,528.070303549171,0.0,0.0,0.5,0.5,0.5,0.0,0.0,5,0,0,5,0,0.0189368724822998,0.0,1.0,0.0,0.0,0.0,0.0,0.0,1.0,0.0,0.0,0.0,0.0,0.0,1.0,1.0,600,54,66,60.0,6.324555320336759,60.0,0.0026868820190429,10,0.9293344008552924,36.0
20.0,6,64.0,570.2579162757814,0.0,0.0,0.5,0.5,0.5,0.0,0.0,5,0,0,5,0,0.017535924911499,0.0,1.0,0.0,0.0,0.0,0.0,0.0,1.0,0.0,0.0,0.0,0.0,0.0,1.0,1.0,606,54,68,60.6,6.995236474439826,60.6,0.0017563104629516,10,0.9296076095302278,44.04
20.0,6,64.0,227.7285264415246,0.0,0.0,0.6,0.4,0.4,0.0,0.0,4,0,0,6,0,0.0439119338989257,0.0,1.0,0.0,0.0,0.0,0.0,0.0,1.0,0.0,0.0,0.0,0.0,0.0,1.0,1.0,624,54,68,62.4,7.229568912920511,62.4,0.005067491531372,10,0.9297030671923672,47.04
20.0,6,64.0,1905.895396919162,0.0,0.0,0.9,0.1,0.1,0.0,0.0,1,0,0,9,0,0.005246877670288,0.0,1.0,0.0,0.0,0.0,0.0,0.0,1.0,0.0,0.0,0.0,0.0,0.0,1.0,1.0,634,54,68,63.4,3.5339622081862854,63.4,0.0013180017471313,10,0.9281976248451268,49.0
20.0,6,64.0,427.5713586690589,0.0,0.0,1.0,0.0,0.0,0.0,0.0,0,0,0,10,0,0.0233879089355468,0.0,1.0,0.0,0.0,0.0,0.0,0.0,1.0,0.0,0.0,0.0,0.0,0.0,1.0,1.0,656,64,66,65.6,0.8432740427115678,65.6,0.0023406982421875,10,0.0,1.0
20.0,6,64.0,278.3657649526136,0.0,0.0,1.0,0.0,0.0,0.0,0.0,0,0,0,10,0,0.035923957824707,0.0,1.0,0.0,0.0,0.0,0.0,0.0,1.0,0.0,0.0,0.0,0.0,0.0,1.0,1.0,660,66,66,66.0,0.0,66.0,0.0035940170288085,10,0.0,0.0
20.0,6,64.0,1279.258242596151,0.0,0.0,1.0,0.0,0.0,0.0,0.0,0,0,0,10,0,0.0078170299530029,0.0,1.0,0.0,0.0,0.0,0.0,0.0,1.0,0.0,0.0,0.0,0.0,0.0,1.0,1.0,676,66,68,67.6,0.8432740427115678,67.6,0.0007856845855712,10,0.0,1.0
20.0,6,64.0,341.8563557526163,0.0,0.0,0.6,0.4,0.4,0.0,0.0,4,0,0,6,0,0.0292520523071289,0.0,1.0,0.0,0.0,0.0,0.0,0.0,1.0,0.0,0.0,0.0,0.0,0.0,1.0,1.0,608,54,68,60.8,6.051629716218782,60.8,0.003198218345642,10,0.9292232218811988,34.666666666666664
20.0,6,64.0,171.46132179984548,0.0,0.0,0.5,0.5,0.5,0.0,0.0,5,0,0,5,0,0.0583221912384033,0.0,1.0,0.0,0.0,0.0,0.0,0.0,1.0,0.0,0.0,0.0,0.0,0.0,1.0,1.0,600,54,64,60.0,5.163977794943222,60.0,0.0066143989562988,10,0.928861627994548,25.0
20.0,6,64.0,931.1777634704616,0.0,0.0,0.5,0.5,0.5,0.0,0.0,5,0,0,5,0,0.0107390880584716,0.0,1.0,0.0,0.0,0.0,0.0,0.0,1.0,0.0,0.0,0.0,0.0,0.0,1.0,1.0,600,54,66,60.0,6.324555320336759,60.0,0.0010783910751342,10,0.9293344008552924,36.0
20.0,6,64.0,910.993245151061,0.0,0.0,0.5,0.5,0.5,0.0,0.0,5,0,0,5,0,0.010977029800415,0.0,1.0,0.0,0.0,0.0,0.0,0.0,1.0,0.0,0.0,0.0,0.0,0.0,1.0,1.0,600,54,66,60.0,6.324555320336759,60.0,0.0011008024215698,10,0.9293344008552924,36.0
20.0,6,64.0,373.4577508681329,0.0,0.0,0.9,0.1,0.1,0.0,0.0,1,0,0,9,0,0.0267767906188964,0.0,1.0,0.0,0.0,0.0,0.0,0.0,1.0,0.0,0.0,0.0,0.0,0.0,1.0,1.0,636,54,66,63.6,5.059644256269407,63.6,0.0026805877685546,10,0.928819126684234,36.0
20.0,6,64.0,343.1821826572191,0.0,0.0,0.9,0.1,0.1,0.0,0.0,1,0,0,9,0,0.0291390419006347,0.0,1.0,0.0,0.0,0.0,0.0,0.0,1.0,0.0,0.0,0.0,0.0,0.0,1.0,1.0,662,54,68,66.2,4.366539438350084,66.2,0.0034268140792846,10,0.9285367835056064,20.4375
20.0,6,64.0,156.39941979051306,0.0,0.0,1.0,0.0,0.0,0.0,0.0,0,0,0,10,0,0.0639388561248779,0.0,1.0,0.0,0.0,0.0,0.0,0.0,1.0,0.0,0.0,0.0,0.0,0.0,1.0,1.0,666,66,68,66.6,0.9660917830792958,66.6,0.006396484375,10,0.0,1.0
20.0,6,64.0,164.22811723017287,0.0,0.0,1.0,0.0,0.0,0.0,0.0,0,0,0,10,0,0.0608909130096435,0.0,1.0,0.0,0.0,0.0,0.0,0.0,1.0,0.0,0.0,0.0,0.0,0.0,1.0,1.0,674,66,68,67.4,0.9660917830792958,67.4,0.0067737102508544,10,0.0,1.0
20.0,6,64.0,1529.9861384693952,0.0,0.0,0.8,0.2,0.2,0.0,0.0,2,0,0,8,0,0.0065360069274902,0.0,1.0,0.0,0.0,0.0,0.0,0.0,1.0,0.0,0.0,0.0,0.0,0.0,1.0,1.0,2092,54,356,209.2,154.8252061017341,209.2,0.0034264087677001,10,0.9898276259576024,21573.76
20.0,6,64.0,313.2040980913408,0.0,0.0,0.5,0.5,0.5,0.0,0.0,5,0,0,5,0,0.0319280624389648,0.0,1.0,0.0,0.0,0.0,0.0,0.0,1.0,0.0,0.0,0.0,0.0,0.0,1.0,1.0,2354,54,358,235.4,156.12544813564364,235.4,0.0031975984573364,10,0.9903572925525358,22519.50617283951
20.0,6,64.0,1436.1595617188837,0.0,0.0,0.6,0.4,0.4,0.0,0.0,4,0,0,6,0,0.0069630146026611,0.0,1.0,0.0,0.0,0.0,0.0,0.0,1.0,0.0,0.0,0.0,0.0,0.0,1.0,1.0,2060,54,358,206.0,160.22206811519789,206.0,0.0007007837295532,10,0.9920260916674072,23104.0
20.0,6,64.0,266.7436610044454,0.0,0.0,0.7,0.3,0.3,0.0,0.0,3,0,0,7,0,0.0374891757965087,0.0,1.0,0.0,0.0,0.0,0.0,0.0,1.0,0.0,0.0,0.0,0.0,0.0,1.0,1.0,1786,54,358,178.6,154.4568979791234,178.6,0.0039099216461181,10,0.9896775919607758,23104.0
20.0,6,64.0,349.7614222933814,0.0,0.0,0.5,0.5,0.5,0.0,0.0,5,0,0,5,0,0.0285909175872802,0.0,1.0,0.0,0.0,0.0,0.0,0.0,1.0,0.0,0.0,0.0,0.0,0.0,1.0,1.0,600,54,64,60.0,5.163977794943222,60.0,0.0030501842498779,10,0.928861627994548,25.0
20.0,6,64.0,1620.7365045017195,0.0,0.0,0.6,0.4,0.4,0.0,0.0,4,0,0,6,0,0.0061700344085693,0.0,1.0,0.0,0.0,0.0,0.0,0.0,1.0,0.0,0.0,0.0,0.0,0.0,1.0,1.0,598,54,66,59.8,6.142746399887703,59.8,0.000620698928833,10,0.9292603391734584,33.959999999999994
20.0,6,64.0,464.1667957769859,0.0,0.0,0.6,0.4,0.4,0.0,0.0,4,0,0,6,0,0.0215439796447753,0.0,1.0,0.0,0.0,0.0,0.0,0.0,1.0,0.0,0.0,0.0,0.0,0.0,1.0,1.0,612,54,66,61.2,6.196773353931867,61.2,0.0024287939071655,10,0.9292823475934576,35.26530612244898
20.0,6,64.0,226.54157552188823,0.0,0.0,1.0,0.0,0.0,0.0,0.0,0,0,0,10,0,0.0441420078277587,0.0,1.0,0.0,0.0,0.0,0.0,0.0,1.0,0.0,0.0,0.0,0.0,0.0,1.0,1.0,660,66,66,66.0,0.0,66.0,0.0046976089477539,10,0.0,0.0
20.0,6,64.0,1524.5916178982952,0.0,0.0,1.0,0.0,0.0,0.0,0.0,0,0,0,10,0,0.006559133529663,0.0,1.0,0.0,0.0,0.0,0.0,0.0,1.0,0.0,0.0,0.0,0.0,0.0,1.0,1.0,680,68,68,68.0,0.0,68.0,0.0006595134735107,10,0.0,0.0
20.0,6,64.0,611.3254627605305,0.0,0.0,0.5,0.5,0.5,0.0,0.0,5,0,0,5,0,0.0163578987121582,0.0,1.0,0.0,0.0,0.0,0.0,0.0,1.0,0.0,0.0,0.0,0.0,0.0,1.0,1.0,590,54,64,59.0,5.270462766947299,59.0,0.0017064809799194,10,0.9289050057127436,25.0
20.0,6,64.0,540.0090123727002,0.0,0.0,0.5,0.5,0.5,0.0,0.0,5,0,0,5,0,0.0185182094573974,0.0,1.0,0.0,0.0,0.0,0.0,0.0,1.0,0.0,0.0,0.0,0.0,0.0,1.0,1.0,602,54,66,60.2,5.370702416299421,60.2,0.0022317171096801,10,0.9289458393363036,25.96
20.0,6,64.0,345.34095213002456,0.0,0.0,0.7,0.3,0.3,0.0,0.0,3,0,0,7,0,0.0289568901062011,0.0,1.0,0.0,0.0,0.0,0.0,0.0,1.0,0.0,0.0,0.0,0.0,0.0,1.0,1.0,612,54,66,61.2,6.196773353931867,61.2,0.0029007911682128,10,0.9292823475934576,36.0
20.0,6,64.0,847.9679760629157,0.0,0.0,0.5,0.5,0.5,0.0,0.0,5,0,0,5,0,0.0117928981781005,0.0,1.0,0.0,0.0,0.0,0.0,0.0,1.0,0.0,0.0,0.0,0.0,0.0,1.0,1.0,620,54,76,62.0,9.189365834726814,62.0,0.0035485982894897,10,0.9305014100664344,76.54320987654322
20.0,6,64.0,721.7000189273363,0.0,0.0,0.5,0.5,0.5,0.0,0.0,5,0,0,5,0,0.0138561725616455,0.0,1.0,0.0,0.0,0.0,0.0,0.0,1.0,0.0,0.0,0.0,0.0,0.0,1.0,1.0,650,54,76,65.0,11.59501808728406,65.0,0.00172700881958,10,0.931481376568036,121.0
20.0,6,64.0,450.7968444358462,0.0,0.0,0.5,0.5,0.5,0.0,0.0,5,0,0,5,0,0.0221829414367675,0.0,1.0,0.0,0.0,0.0,0.0,0.0,1.0,0.0,0.0,0.0,0.0,0.0,1.0,1.0,654,54,78,65.4,12.038826077875422,65.4,0.0026249885559082,10,0.9316621661910832,130.44
20.0,6,64.0,325.7458838148493,0.0,0.0,0.5,0.5,0.5,0.0,0.0,5,0,0,5,0,0.0306987762451171,0.0,1.0,0.0,0.0,0.0,0.0,0.0,1.0,0.0,0.0,0.0,0.0,0.0,1.0,1.0,660,54,78,66.0,12.649110640673518,66.0,0.0038214921951293,10,0.9319107717105848,144.0
20.0,6,64.0,1509.2310460220936,0.0,0.0,0.7,0.3,0.3,0.0,0.0,3,0,0,7,0,0.0066258907318115,0.0,1.0,0.0,0.0,0.0,0.0,0.0,1.0,0.0,0.0,0.0,0.0,0.0,1.0,1.0,660,54,78,66.0,9.797958971132712,66.0,0.0007564067840576,10,0.9307493265664808,144.0
20.0,6,64.0,265.0127631612202,0.0,0.0,1.0,0.0,0.0,0.0,0.0,0,0,0,10,0,0.037734031677246,0.0,1.0,0.0,0.0,0.0,0.0,0.0,1.0,0.0,0.0,0.0,0.0,0.0,1.0,1.0,668,66,68,66.8,1.0327955589886444,66.8,0.0037744045257568,10,0.9067291895989096,0.96
20.0,6,64.0,988.732938874614,0.0,0.0,0.8,0.2,0.2,0.0,0.0,2,0,0,8,0,0.0101139545440673,0.0,1.0,0.0,0.0,0.0,0.0,0.0,1.0,0.0,0.0,0.0,0.0,0.0,1.0,1.0,2964,54,1224,296.4,488.9215342635939,296.4,0.0010128021240234,10,1.0,231790.22222222225
20.0,6,64.0,244.58294457921252,0.0,0.0,0.5,0.5,0.5,0.0,0.0,5,0,0,5,0,0.0408859252929687,0.0,1.0,0.0,0.0,0.0,0.0,0.0,1.0,0.0,0.0,0.0,0.0,0.0,1.0,1.0,7560,54,1224,756.0,604.1854020083571,756.0,0.0052980899810791,10,1.0,342225.0
20.0,6,64.0,649.9068751258968,0.0,0.0,0.6,0.4,0.4,0.0,0.0,4,0,0,6,0,0.0153868198394775,0.0,1.0,0.0,0.0,0.0,0.0,0.0,1.0,0.0,0.0,0.0,0.0,0.0,1.0,1.0,6396,54,1226,639.6,617.2770312698614,639.6,0.0015424966812133,10,1.0,342927.84
20.0,6,64.0,434.345836008533,0.0,0.0,0.5,0.5,0.5,0.0,0.0,5,0,0,5,0,0.0230231285095214,0.0,1.0,0.0,0.0,0.0,0.0,0.0,1.0,0.0,0.0,0.0,0.0,0.0,1.0,1.0,6400,54,1226,640.0,617.6982362862234,640.0,0.0027757167816162,10,1.0,343396.0
20.0,6,64.0,415.3351949775216,0.0,0.0,0.8,0.2,0.2,0.0,0.0,2,0,0,8,0,0.0240769386291503,0.0,1.0,0.0,0.0,0.0,0.0,0.0,1.0,0.0,0.0,0.0,0.0,0.0,1.0,1.0,2956,54,1226,295.6,490.3883268503759,295.6,0.003373098373413,10,1.0,343396.0
20.0,6,64.0,244.01519602994992,0.0,0.0,1.0,0.0,0.0,0.0,0.0,0,0,0,10,0,0.0409810543060302,0.0,1.0,0.0,0.0,0.0,0.0,0.0,1.0,0.0,0.0,0.0,0.0,0.0,1.0,1.0,666,66,67,66.6,0.5163977794943222,66.6,0.0050957918167114,10,0.0,0.25
20.0,6,64.0,281.39681858131,0.0,0.0,0.7,0.3,0.3,0.0,0.0,3,0,0,7,0,0.0355370044708251,0.0,1.0,0.0,0.0,0.0,0.0,0.0,1.0,0.0,0.0,0.0,0.0,0.0,1.0,1.0,1156,54,242,115.6,87.40861894954448,115.6,0.0039047002792358,10,0.9623648050152864,7171.802469135803
20.0,6,64.0,518.0519496560157,0.0,0.0,0.6,0.4,0.4,0.0,0.0,4,0,0,6,0,0.0193030834197998,0.0,1.0,0.0,0.0,0.0,0.0,0.0,1.0,0.0,0.0,0.0,0.0,0.0,1.0,1.0,1668,54,242,166.8,97.08278254493258,166.8,0.0023169040679931,10,0.9663056722975036,8836.0
20.0,6,64.0,635.6836058865431,0.0,0.0,0.5,0.5,0.5,0.0,0.0,5,0,0,5,0,0.0157310962677001,0.0,1.0,0.0,0.0,0.0,0.0,0.0,1.0,0.0,0.0,0.0,0.0,0.0,1.0,1.0,1488,54,244,148.8,99.92975310464624,148.8,0.0015758991241455,10,0.9674654142247088,8987.36
20.0,6,64.0,586.6815867509652,0.0,0.0,0.5,0.5,0.5,0.0,0.0,5,0,0,5,0,0.0170450210571289,0.0,1.0,0.0,0.0,0.0,0.0,0.0,1.0,0.0,0.0,0.0,0.0,0.0,1.0,1.0,1490,54,244,149.0,100.13879257199868,149.0,0.0020183086395263,10,0.9675505685421294,9025.0
20.0,6,64.0,174.21244569235498,0.0,0.0,0.9,0.1,0.1,0.0,0.0,1,0,0,9,0,0.0574011802673339,0.0,1.0,0.0,0.0,0.0,0.0,0.0,1.0,0.0,0.0,0.0,0.0,0.0,1.0,1.0,826,54,244,82.6,56.83543495625479,82.6,0.0060374021530151,10,0.94991051278378,9025.0
20.0,6,64.0,52363.34581772784,0.0,0.0,1.0,0.0,0.0,0.0,0.0,0,0,0,10,0,0.0001909732818603,0.0,1.0,0.0,0.0,0.0,0.0,0.0,1.0,0.0,0.0,0.0,0.0,0.0,1.0,1.0,676,66,68,67.6,0.8432740427115678,67.6,0.0005215883255004,10,0.0,1.0
20.0,6,64.0,788.0919186035587,0.0,0.0,0.6,0.4,0.4,0.0,0.0,4,0,0,6,0,0.0126888751983642,0.0,1.0,0.0,0.0,0.0,0.0,0.0,1.0,0.0,0.0,0.0,0.0,0.0,1.0,1.0,620,54,68,62.0,6.896053621859067,62.0,0.0012707948684692,10,0.9295672064034004,42.8
20.0,6,64.0,620.3490504644146,0.0,0.0,0.5,0.5,0.5,0.0,0.0,5,0,0,5,0,0.0161199569702148,0.0,1.0,0.0,0.0,0.0,0.0,0.0,1.0,0.0,0.0,0.0,0.0,0.0,1.0,1.0,605,54,67,60.5,6.851601597031489,60.5,0.0021059036254882,10,0.9295490984265669,42.25
20.0,6,64.0,1256.9086005394067,0.0,0.0,0.5,0.5,0.5,0.0,0.0,5,0,0,5,0,0.0079560279846191,0.0,1.0,0.0,0.0,0.0,0.0,0.0,1.0,0.0,0.0,0.0,0.0,0.0,1.0,1.0,613,54,69,61.3,7.717944458640957,61.3,0.0007976055145263,10,0.929902011854672,53.61
20.0,6,64.0,900.7224154962848,0.0,0.0,0.5,0.5,0.5,0.0,0.0,5,0,0,5,0,0.0111021995544433,0.0,1.0,0.0,0.0,0.0,0.0,0.0,1.0,0.0,0.0,0.0,0.0,0.0,1.0,1.0,615,54,69,61.5,7.905694150420948,61.5,0.0014692068099975,10,0.9299784935691154,56.25
20.0,6,64.0,444.28362604071776,0.0,0.0,0.5,0.5,0.5,0.0,0.0,5,0,0,5,0,0.0225081443786621,0.0,1.0,0.0,0.0,0.0,0.0,0.0,1.0,0.0,0.0,0.0,0.0,0.0,1.0,1.0,820,54,107,82.0,26.729093595639277,82.0,0.0026293992996215,10,0.9376463935671197,643.0
20.0,6,64.0,264.0534364120547,0.0,0.0,0.5,0.5,0.5,0.0,0.0,5,0,0,5,0,0.0378711223602294,0.0,1.0,0.0,0.0,0.0,0.0,0.0,1.0,0.0,0.0,0.0,0.0,0.0,1.0,1.0,805,54,107,80.5,27.933452664820685,80.5,0.0037904024124145,10,0.9381370012775414,702.25
20.0,6,64.0,823.7855248944319,0.0,0.0,0.6,0.4,0.4,0.0,0.0,4,0,0,6,0,0.012139081954956,0.0,1.0,0.0,0.0,0.0,0.0,0.0,1.0,0.0,0.0,0.0,0.0,0.0,1.0,1.0,815,54,109,81.5,28.987545218210144,81.5,0.0012172937393188,10,0.93856639642009,756.25
20.0,6,64.0,1309.5741226426876,0.0,0.0,0.5,0.5,0.5,0.0,0.0,5,0,0,5,0,0.0076360702514648,0.0,1.0,0.0,0.0,0.0,0.0,0.0,1.0,0.0,0.0,0.0,0.0,0.0,1.0,1.0,827,54,109,82.7,27.95253914127381,82.7,0.0020410060882568,10,0.9381447763445891,746.9135802469136
20.0,6,64.0,416.3700799126421,0.0,0.0,0.6,0.4,0.4,0.0,0.0,4,0,0,6,0,0.0240170955657959,0.0,1.0,0.0,0.0,0.0,0.0,0.0,1.0,0.0,0.0,0.0,0.0,0.0,1.0,1.0,600,54,66,60.0,6.324555320336759,60.0,0.0024046897888183,10,0.9293344008552924,36.0
20.0,6,64.0,674.2603607369064,0.0,0.0,0.5,0.5,0.5,0.0,0.0,5,0,0,5,0,0.0148310661315917,0.0,1.0,0.0,0.0,0.0,0.0,0.0,1.0,0.0,0.0,0.0,0.0,0.0,1.0,1.0,616,54,68,61.6,6.586180818788516,61.6,0.0015882015228271,10,0.9294409766183416,39.04
20.0,6,64.0,880.213216931439,0.0,0.0,0.6,0.4,0.4,0.0,0.0,4,0,0,6,0,0.0113608837127685,0.0,1.0,0.0,0.0,0.0,0.0,0.0,1.0,0.0,0.0,0.0,0.0,0.0,1.0,1.0,610,54,68,61.0,7.378647873726218,61.0,0.0011406898498535,10,0.9297637959978412,49.0
20.0,6,64.0,241.31823621467368,0.0,0.0,0.5,0.5,0.5,0.0,0.0,5,0,0,5,0,0.0414390563964843,0.0,1.0,0.0,0.0,0.0,0.0,0.0,1.0,0.0,0.0,0.0,0.0,0.0,1.0,1.0,606,54,68,60.6,6.995236474439825,60.6,0.0047258138656616,10,0.9296076095302278,49.0
20.0,6,64.0,589.6922406399821,0.0,0.0,0.5,0.5,0.5,0.0,0.0,5,0,0,5,0,0.0169579982757568,0.0,1.0,0.0,0.0,0.0,0.0,0.0,1.0,0.0,0.0,0.0,0.0,0.0,1.0,1.0,600,54,66,60.0,6.324555320336759,60.0,0.0018794059753417,10,0.9293344008552924,36.0
20.0,6,64.0,566.2239622004724,0.0,0.0,0.5,0.5,0.5,0.0,0.0,5,0,0,5,0,0.0176608562469482,0.0,1.0,0.0,0.0,0.0,0.0,0.0,1.0,0.0,0.0,0.0,0.0,0.0,1.0,1.0,604,54,68,60.4,6.785605679999719,60.4,0.0021784782409667,10,0.9295222143298046,41.44
20.0,6,64.0,816.9979352526394,0.0,0.0,0.5,0.5,0.5,0.0,0.0,5,0,0,5,0,0.012239933013916,0.0,1.0,0.0,0.0,0.0,0.0,0.0,1.0,0.0,0.0,0.0,0.0,0.0,1.0,1.0,610,54,68,61.0,7.378647873726218,61.0,0.0016175031661987,10,0.9297637959978412,49.0
20.0,6,64.0,513.2153782150111,0.0,0.0,0.6,0.4,0.4,0.0,0.0,4,0,0,6,0,0.0194849967956542,0.0,1.0,0.0,0.0,0.0,0.0,0.0,1.0,0.0,0.0,0.0,0.0,0.0,1.0,1.0,618,54,68,61.8,6.762642481555072,61.8,0.0021721124649047,10,0.9295128600412864,49.0
20.0,6,64.0,371.6641264665225,0.0,0.0,0.9,0.1,0.1,0.0,0.0,1,0,0,9,0,0.0269060134887695,0.0,1.0,0.0,0.0,0.0,0.0,0.0,1.0,0.0,0.0,0.0,0.0,0.0,1.0,1.0,652,54,68,65.2,4.022160834399561,65.2,0.0029389858245849,10,0.928396497437501,20.0
20.0,6,64.0,150.9844958728856,0.0,0.0,1.0,0.0,0.0,0.0,0.0,0,0,0,10,0,0.0662319660186767,0.0,1.0,0.0,0.0,0.0,0.0,0.0,1.0,0.0,0.0,0.0,0.0,0.0,1.0,1.0,2992,68,1224,299.2,487.41239668728616,299.2,0.0074766159057617,10,1.0,213813.75999999995
20.0,6,64.0,323.14337003166486,0.0,0.0,0.8,0.2,0.2,0.0,0.0,2,0,0,8,0,0.0309460163116455,0.0,1.0,0.0,0.0,0.0,0.0,0.0,1.0,0.0,0.0,0.0,0.0,0.0,1.0,1.0,9900,54,1224,990.0,493.3153149862672,990.0,0.0030968904495239,10,1.0,236600.0
20.0,6,64.0,243.57024639810453,0.0,0.0,0.9,0.1,0.1,0.0,0.0,1,0,0,9,0,0.0410559177398681,0.0,1.0,0.0,0.0,0.0,0.0,0.0,1.0,0.0,0.0,0.0,0.0,0.0,1.0,1.0,12260,1226,1226,1226.0,0.0,1226.0,0.0044991970062255,10,0.0,0.0
20.0,6,64.0,347.2824673980542,0.0,0.0,0.6,0.4,0.4,0.0,0.0,4,0,0,6,0,0.0287950038909912,0.0,1.0,0.0,0.0,0.0,0.0,0.0,1.0,0.0,0.0,0.0,0.0,0.0,1.0,1.0,1420,54,230,142.0,92.76014469827248,142.0,0.0028888940811157,10,0.9645448025442884,7744.0
20.0,6,64.0,919.7833380846912,0.0,0.0,0.7,0.3,0.3,0.0,0.0,3,0,0,7,0,0.0108721256256103,0.0,1.0,0.0,0.0,0.0,0.0,0.0,1.0,0.0,0.0,0.0,0.0,0.0,1.0,1.0,1776,54,232,177.6,85.29582508996427,177.6,0.0013068199157714,10,0.9615041373086478,7260.0
20.0,6,64.0,846.4620290206051,0.0,0.0,0.6,0.4,0.4,0.0,0.0,4,0,0,6,0,0.0118138790130615,0.0,1.0,0.0,0.0,0.0,0.0,0.0,1.0,0.0,0.0,0.0,0.0,0.0,1.0,1.0,1608,54,232,160.8,91.91880474998938,160.8,0.001186180114746,10,0.9642020743029556,7921.0
20.0,6,64.0,573.7918958111029,0.0,0.0,0.8,0.2,0.2,0.0,0.0,2,0,0,8,0,0.017427921295166,0.0,1.0,0.0,0.0,0.0,0.0,0.0,1.0,0.0,0.0,0.0,0.0,0.0,1.0,1.0,1604,54,232,160.4,61.194044735669415,160.4,0.0017461061477661,10,0.9516860360635224,7921.0
20.0,6,64.0,271.1635785308835,0.0,0.0,1.0,0.0,0.0,0.0,0.0,0,0,0,10,0,0.0368781089782714,0.0,1.0,0.0,0.0,0.0,0.0,0.0,1.0,0.0,0.0,0.0,0.0,0.0,1.0,1.0,1732,172,174,173.2,1.0327955589886444,173.2,0.0037919044494628,10,0.7260914095989097,1.0
20.0,6,64.0,1175.2371879290538,0.0,0.0,1.0,0.0,0.0,0.0,0.0,0,0,0,10,0,0.0085089206695556,0.0,1.0,0.0,0.0,0.0,0.0,0.0,1.0,0.0,0.0,0.0,0.0,0.0,1.0,1.0,1080,64,174,108.0,56.80375574437544,108.0,0.0008517980575561,10,0.9328563079400288,3025.0
20.0,6,64.0,367.8375107431638,0.0,0.0,1.0,0.0,0.0,0.0,0.0,0,0,0,10,0,0.0271859169006347,0.0,1.0,0.0,0.0,0.0,0.0,0.0,1.0,0.0,0.0,0.0,0.0,0.0,1.0,1.0,652,64,66,65.2,1.0327955589886444,65.2,0.0027204990386962,10,0.9101374495989096,1.0
20.0,6,64.0,357.3726409065735,0.0,0.0,0.7,0.3,0.3,0.0,0.0,3,0,0,7,0,0.0279819965362548,0.0,1.0,0.0,0.0,0.0,0.0,0.0,1.0,0.0,0.0,0.0,0.0,0.0,1.0,1.0,4098,54,1224,409.8,561.8757869849884,409.8,0.0032453060150146,10,1.0,300075.5555555556
20.0,6,64.0,239.9926760047606,0.0,0.0,0.6,0.4,0.4,0.0,0.0,4,0,0,6,0,0.0416679382324218,0.0,1.0,0.0,0.0,0.0,0.0,0.0,1.0,0.0,0.0,0.0,0.0,0.0,1.0,1.0,7560,54,1224,756.0,604.1854020083571,756.0,0.0041704893112182,10,1.0,342225.0
20.0,6,64.0,288.32380114386274,0.0,0.0,0.5,0.5,0.5,0.0,0.0,5,0,0,5,0,0.0346832275390625,0.0,1.0,0.0,0.0,0.0,0.0,0.0,1.0,0.0,0.0,0.0,0.0,0.0,1.0,1.0,6394,54,1225,639.4,617.0658527796419,639.4,0.0043716192245483,10,1.0,342693.24
20.0,6,64.0,725.0560088507814,0.0,0.0,0.6,0.4,0.4,0.0,0.0,4,0,0,6,0,0.0137920379638671,0.0,1.0,0.0,0.0,0.0,0.0,0.0,1.0,0.0,0.0,0.0,0.0,0.0,1.0,1.0,7566,54,1225,756.6,604.7017997878513,756.6,0.0014359951019287,10,1.0,342810.25
20.0,6,64.0,1295.33786287832,0.0,0.0,0.7,0.3,0.3,0.0,0.0,3,0,0,7,0,0.0077199935913085,0.0,1.0,0.0,0.0,0.0,0.0,0.0,1.0,0.0,0.0,0.0,0.0,0.0,1.0,1.0,624,54,66,62.4,5.796550698475776,62.4,0.0007761001586914,10,0.9291193128925312,33.75
20.0,6,64.0,562.6464196603439,0.0,0.0,0.7,0.3,0.3,0.0,0.0,3,0,0,7,0,0.017773151397705,0.0,1.0,0.0,0.0,0.0,0.0,0.0,1.0,0.0,0.0,0.0,0.0,0.0,1.0,1.0,632,54,68,63.2,6.408327915038888,63.2,0.0021183013916015,10,0.9293685264594702,36.96
20.0,6,64.0,273.50648503778865,0.0,0.0,0.6,0.4,0.4,0.0,0.0,4,0,0,6,0,0.0365622043609619,0.0,1.0,0.0,0.0,0.0,0.0,0.0,1.0,0.0,0.0,0.0,0.0,0.0,1.0,1.0,651,54,81,65.1,8.646772037394456,65.1,0.0040266036987304,10,0.930280379057153,67.28999999999999
20.0,6,64.0,1233.2198406397931,0.0,0.0,0.6,0.4,0.4,0.0,0.0,4,0,0,6,0,0.0081088542938232,0.0,1.0,0.0,0.0,0.0,0.0,0.0,1.0,0.0,0.0,0.0,0.0,0.0,1.0,1.0,675,54,81,67.5,14.230249470757707,67.5,0.0008140802383422,10,0.9325548644244078,182.25
20.0,6,64.0,1260.8380929477544,0.0,0.0,0.5,0.5,0.5,0.0,0.0,5,0,0,5,0,0.0079312324523925,0.0,1.0,0.0,0.0,0.0,0.0,0.0,1.0,0.0,0.0,0.0,0.0,0.0,1.0,1.0,677,54,83,67.7,14.453373308677804,67.7,0.0011771202087402,10,0.932645756151023,188.01
20.0,6,64.0,709.6240652387237,0.0,0.0,0.5,0.5,0.5,0.0,0.0,5,0,0,5,0,0.0140919685363769,0.0,1.0,0.0,0.0,0.0,0.0,0.0,1.0,0.0,0.0,0.0,0.0,0.0,1.0,1.0,685,54,83,68.5,15.284342024147168,68.5,0.0014123916625976,10,0.9329842595669566,210.25
20.0,6,64.0,686.8139317820826,0.0,0.0,0.5,0.5,0.5,0.0,0.0,5,0,0,5,0,0.0145599842071533,0.0,1.0,0.0,0.0,0.0,0.0,0.0,1.0,0.0,0.0,0.0,0.0,0.0,1.0,1.0,666,54,83,66.6,14.439144326755962,66.6,0.0021509885787963,10,0.9326399598329472,210.25
20.0,6,64.0,253.04848839524348,0.0,0.0,0.6,0.4,0.4,0.0,0.0,4,0,0,6,0,0.039518117904663,0.0,1.0,0.0,0.0,0.0,0.0,0.0,1.0,0.0,0.0,0.0,0.0,0.0,1.0,1.0,600,54,64,60.0,5.163977794943222,60.0,0.0050443172454833,10,0.928861627994548,24.0
20.0,6,64.0,687.0389359367066,0.0,0.0,0.5,0.5,0.5,0.0,0.0,5,0,0,5,0,0.0145552158355712,0.0,1.0,0.0,0.0,0.0,0.0,0.0,1.0,0.0,0.0,0.0,0.0,0.0,1.0,1.0,594,54,66,59.4,5.738757124441959,59.4,0.0016999006271362,10,0.9290957701022128,29.64
20.0,6,64.0,533.0771088318654,0.0,0.0,0.5,0.5,0.5,0.0,0.0,5,0,0,5,0,0.01875901222229,0.0,1.0,0.0,0.0,0.0,0.0,0.0,1.0,0.0,0.0,0.0,0.0,0.0,1.0,1.0,612,54,66,61.2,6.196773353931867,61.2,0.0018795013427734,10,0.9292823475934576,36.0
20.0,6,64.0,368.59392575928007,0.0,0.0,0.5,0.5,0.5,0.0,0.0,5,0,0,5,0,0.027130126953125,0.0,1.0,0.0,0.0,0.0,0.0,0.0,1.0,0.0,0.0,0.0,0.0,0.0,1.0,1.0,600,54,66,60.0,6.324555320336759,60.0,0.0027158975601196,10,0.9293344008552924,36.0
20.0,6,64.0,252.28896240601503,0.0,0.0,0.5,0.5,0.5,0.0,0.0,5,0,0,5,0,0.0396370887756347,0.0,1.0,0.0,0.0,0.0,0.0,0.0,1.0,0.0,0.0,0.0,0.0,0.0,1.0,1.0,600,54,66,60.0,6.324555320336759,60.0,0.0039664030075073,10,0.9293344008552924,36.0
20.0,6,64.0,915.6669431952146,0.0,0.0,0.5,0.5,0.5,0.0,0.0,5,0,0,5,0,0.0109210014343261,0.0,1.0,0.0,0.0,0.0,0.0,0.0,1.0,0.0,0.0,0.0,0.0,0.0,1.0,1.0,606,54,68,60.6,6.995236474439826,60.6,0.0010948896408081,10,0.9296076095302278,44.04
20.0,6,64.0,957.4943499600504,0.0,0.0,0.5,0.5,0.5,0.0,0.0,5,0,0,5,0,0.0104439258575439,0.0,1.0,0.0,0.0,0.0,0.0,0.0,1.0,0.0,0.0,0.0,0.0,0.0,1.0,1.0,610,54,68,61.0,7.378647873726218,61.0,0.001047396659851,10,0.9297637959978412,49.0
20.0,6,64.0,569.4063344239149,0.0,0.0,0.5,0.5,0.5,0.0,0.0,5,0,0,5,0,0.0175621509552001,0.0,1.0,0.0,0.0,0.0,0.0,0.0,1.0,0.0,0.0,0.0,0.0,0.0,1.0,1.0,598,54,68,59.8,6.285786435372357,59.8,0.0017574071884155,10,0.9293186079623132,49.0
20.0,6,64.0,617.399573121366,0.0,0.0,0.6,0.4,0.4,0.0,0.0,4,0,0,6,0,0.0161969661712646,0.0,1.0,0.0,0.0,0.0,0.0,0.0,1.0,0.0,0.0,0.0,0.0,0.0,1.0,1.0,590,54,64,59.0,5.270462766947299,59.0,0.0016233921051025,10,0.9289050057127436,25.0
20.0,6,64.0,624.496225600405,0.0,0.0,0.5,0.5,0.5,0.0,0.0,5,0,0,5,0,0.0160129070281982,0.0,1.0,0.0,0.0,0.0,0.0,0.0,1.0,0.0,0.0,0.0,0.0,0.0,1.0,1.0,608,54,66,60.8,5.902918298980975,60.8,0.0017086029052734,10,0.9291626427982728,31.50617283950617
20.0,6,64.0,387.8515285458009,0.0,0.0,0.5,0.5,0.5,0.0,0.0,5,0,0,5,0,0.0257830619812011,0.0,1.0,0.0,0.0,0.0,0.0,0.0,1.0,0.0,0.0,0.0,0.0,0.0,1.0,1.0,600,54,66,60.0,6.324555320336759,60.0,0.0025813102722167,10,0.9293344008552924,36.0
20.0,6,64.0,321.06800575645303,0.0,0.0,0.6,0.4,0.4,0.0,0.0,4,0,0,6,0,0.0311460494995117,0.0,1.0,0.0,0.0,0.0,0.0,0.0,1.0,0.0,0.0,0.0,0.0,0.0,1.0,1.0,600,54,66,60.0,6.324555320336759,60.0,0.0031183958053588,10,0.9293344008552924,36.0
20.0,6,64.0,3177.5030303030303,0.0,0.0,0.5,0.5,0.5,0.0,0.0,5,0,0,5,0,0.0031471252441406,0.0,1.0,0.0,0.0,0.0,0.0,0.0,1.0,0.0,0.0,0.0,0.0,0.0,1.0,1.0,600,54,66,60.0,6.324555320336759,60.0,0.0011733055114746,10,0.9293344008552924,36.0
20.0,6,64.0,447.46402091001227,0.0,0.0,0.5,0.5,0.5,0.0,0.0,5,0,0,5,0,0.0223481655120849,0.0,1.0,0.0,0.0,0.0,0.0,0.0,1.0,0.0,0.0,0.0,0.0,0.0,1.0,1.0,604,54,67,60.4,6.752777206453652,60.4,0.0023380994796752,10,0.929508841322821,41.04
20.0,6,64.0,356.1527422792463,0.0,0.0,0.5,0.5,0.5,0.0,0.0,5,0,0,5,0,0.0280778408050537,0.0,1.0,0.0,0.0,0.0,0.0,0.0,1.0,0.0,0.0,0.0,0.0,0.0,1.0,1.0,605,54,67,60.5,6.851601597031489,60.5,0.003578782081604,10,0.9295490984265669,42.25
20.0,6,64.0,588.1294520163779,0.0,0.0,0.7,0.3,0.3,0.0,0.0,3,0,0,7,0,0.017003059387207,0.0,1.0,0.0,0.0,0.0,0.0,0.0,1.0,0.0,0.0,0.0,0.0,0.0,1.0,1.0,7573,54,1224,757.3,602.5187963872995,757.3,0.0022924184799194,10,1.0,340342.234375
20.0,6,64.0,301.05973384630846,0.0,0.0,0.5,0.5,0.5,0.0,0.0,5,0,0,5,0,0.0332159996032714,0.0,1.0,0.0,0.0,0.0,0.0,0.0,1.0,0.0,0.0,0.0,0.0,0.0,1.0,1.0,6392,54,1226,639.2,616.8552504437325,639.2,0.0040251970291137,10,1.0,342459.36
20.0,6,64.0,1158.615507858899,0.0,0.0,0.7,0.3,0.3,0.0,0.0,3,0,0,7,0,0.0086309909820556,0.0,1.0,0.0,0.0,0.0,0.0,0.0,1.0,0.0,0.0,0.0,0.0,0.0,1.0,1.0,8744,54,1226,874.4,566.1297848844674,874.4,0.0008659839630126,10,1.0,343396.0
20.0,6,64.0,697.5393314485282,0.0,0.0,0.8,0.2,0.2,0.0,0.0,2,0,0,8,0,0.0143361091613769,0.0,1.0,0.0,0.0,0.0,0.0,0.0,1.0,0.0,0.0,0.0,0.0,0.0,1.0,1.0,2944,54,1226,294.4,491.013283368632,294.4,0.0023357152938842,10,1.0,343396.0
20.0,6,64.0,227.99839097204855,0.0,0.0,1.0,0.0,0.0,0.0,0.0,0,0,0,10,0,0.0438599586486816,0.0,1.0,0.0,0.0,0.0,0.0,0.0,1.0,0.0,0.0,0.0,0.0,0.0,1.0,1.0,652,64,66,65.2,1.0327955589886444,65.2,0.0050418853759765,10,0.9101374495989096,1.0
20.0,6,64.0,311.5083367373464,0.0,0.0,0.9,0.1,0.1,0.0,0.0,1,0,0,9,0,0.0321018695831298,0.0,1.0,0.0,0.0,0.0,0.0,0.0,1.0,0.0,0.0,0.0,0.0,0.0,1.0,1.0,638,54,66,63.8,3.583914681524164,63.8,0.0034101009368896,10,0.9282179734846656,19.22222222222222
20.0,6,64.0,188.66830701134896,0.0,0.0,0.6,0.4,0.4,0.0,0.0,4,0,0,6,0,0.0530030727386474,0.0,1.0,0.0,0.0,0.0,0.0,0.0,1.0,0.0,0.0,0.0,0.0,0.0,1.0,1.0,614,54,66,61.4,5.168279318217149,61.4,0.0055453062057495,10,0.9288633802630688,24.09876543209877
20.0,6,64.0,249.5079802264088,0.0,0.0,0.9,0.1,0.1,0.0,0.0,1,0,0,9,0,0.0400788784027099,0.0,1.0,0.0,0.0,0.0,0.0,0.0,1.0,0.0,0.0,0.0,0.0,0.0,1.0,1.0,636,54,66,63.6,5.059644256269407,63.6,0.0040117979049682,10,0.928819126684234,36.0
20.0,6,64.0,733.0905023246058,0.0,0.0,0.8,0.2,0.2,0.0,0.0,2,0,0,8,0,0.0136408805847167,0.0,1.0,0.0,0.0,0.0,0.0,0.0,1.0,0.0,0.0,0.0,0.0,0.0,1.0,1.0,1372,54,158,137.2,43.85025022100152,137.2,0.0013659000396728,10,0.9446208679300272,2028.0
20.0,6,64.0,534.905881752793,0.0,0.0,0.7,0.3,0.3,0.0,0.0,3,0,0,7,0,0.0186948776245117,0.0,1.0,0.0,0.0,0.0,0.0,0.0,1.0,0.0,0.0,0.0,0.0,0.0,1.0,1.0,1278,54,160,127.8,50.93307155255589,127.8,0.0021564960479736,10,0.9475061260276492,2700.5714285714284
20.0,6,64.0,207.48165993084447,0.0,0.0,0.8,0.2,0.2,0.0,0.0,2,0,0,8,0,0.0481970310211181,0.0,1.0,0.0,0.0,0.0,0.0,0.0,1.0,0.0,0.0,0.0,0.0,0.0,1.0,1.0,1106,54,160,110.6,52.25620643628,110.6,0.0052381992340087,10,0.948045118253883,2485.135802469136
20.0,6,64.0,823.4458928851892,0.0,0.0,1.0,0.0,0.0,0.0,0.0,0,0,0,10,0,0.0121440887451171,0.0,1.0,0.0,0.0,0.0,0.0,0.0,1.0,0.0,0.0,0.0,0.0,0.0,1.0,1.0,666,66,68,66.6,0.966091783079296,66.6,0.0012165069580078,10,0.0,0.8400000000000001
20.0,6,64.0,256.31758098718507,0.0,0.0,0.9,0.1,0.1,0.0,0.0,1,0,0,9,0,0.0390141010284423,0.0,1.0,0.0,0.0,0.0,0.0,0.0,1.0,0.0,0.0,0.0,0.0,0.0,1.0,1.0,662,54,68,66.2,4.366539438350084,66.2,0.0043652057647705,10,0.9285367835056064,19.06172839506173
20.0,6,64.0,291.27313384120725,0.0,0.0,0.5,0.5,0.5,0.0,0.0,5,0,0,5,0,0.0343320369720459,0.0,1.0,0.0,0.0,0.0,0.0,0.0,1.0,0.0,0.0,0.0,0.0,0.0,1.0,1.0,600,54,66,60.0,6.324555320336759,60.0,0.003436803817749,10,0.9293344008552924,36.0
20.0,6,64.0,221.40540540540545,0.0,0.0,0.5,0.5,0.5,0.0,0.0,5,0,0,5,0,0.045166015625,0.0,1.0,0.0,0.0,0.0,0.0,0.0,1.0,0.0,0.0,0.0,0.0,0.0,1.0,1.0,604,54,68,60.4,6.785605679999719,60.4,0.0055997848510742,10,0.9295222143298046,41.44
20.0,6,64.0,773.4572545548425,0.0,0.0,0.5,0.5,0.5,0.0,0.0,5,0,0,5,0,0.0129289627075195,0.0,1.0,0.0,0.0,0.0,0.0,0.0,1.0,0.0,0.0,0.0,0.0,0.0,1.0,1.0,610,54,68,61.0,7.378647873726218,61.0,0.0017051935195922,10,0.9297637959978412,49.0
20.0,6,64.0,559.8526388851811,0.0,0.0,0.7,0.3,0.3,0.0,0.0,3,0,0,7,0,0.0178618431091308,0.0,1.0,0.0,0.0,0.0,0.0,0.0,1.0,0.0,0.0,0.0,0.0,0.0,1.0,1.0,622,54,68,62.2,5.921711464320655,62.2,0.001788306236267,10,0.9291702983821056,49.0
20.0,6,64.0,366.75678984278,0.0,0.0,0.6,0.4,0.4,0.0,0.0,4,0,0,6,0,0.0272660255432128,0.0,1.0,0.0,0.0,0.0,0.0,0.0,1.0,0.0,0.0,0.0,0.0,0.0,1.0,1.0,600,54,64,60.0,5.163977794943222,60.0,0.0032998085021972,10,0.928861627994548,24.0
20.0,6,64.0,1522.5439233338172,0.0,0.0,0.6,0.4,0.4,0.0,0.0,4,0,0,6,0,0.0065679550170898,0.0,1.0,0.0,0.0,0.0,0.0,0.0,1.0,0.0,0.0,0.0,0.0,0.0,1.0,1.0,612,54,66,61.2,6.196773353931867,61.2,0.001029086112976,10,0.9292823475934576,36.0
20.0,6,64.0,835.9850115602328,0.0,0.0,0.6,0.4,0.4,0.0,0.0,4,0,0,6,0,0.0119619369506835,0.0,1.0,0.0,0.0,0.0,0.0,0.0,1.0,0.0,0.0,0.0,0.0,0.0,1.0,1.0,618,54,66,61.8,5.4528280124476085,61.8,0.0027837991714477,10,0.9289792940191508,36.0
20.0,6,64.0,766.5169319614758,0.0,0.0,0.5,0.5,0.5,0.0,0.0,5,0,0,5,0,0.0130460262298583,0.0,1.0,0.0,0.0,0.0,0.0,0.0,1.0,0.0,0.0,0.0,0.0,0.0,1.0,1.0,590,54,64,59.0,5.270462766947299,59.0,0.0013059139251708,10,0.9289050057127436,25.0
20.0,6,64.0,150.43754281635682,0.0,0.0,0.7,0.3,0.3,0.0,0.0,3,0,0,7,0,0.0664727687835693,0.0,1.0,0.0,0.0,0.0,0.0,0.0,1.0,0.0,0.0,0.0,0.0,0.0,1.0,1.0,608,54,66,60.8,5.902918298980975,60.8,0.0066501855850219,10,0.9291626427982728,31.360000000000003
20.0,6,64.0,873.1402876949019,0.0,0.0,0.6,0.4,0.4,0.0,0.0,4,0,0,6,0,0.0114529132843017,0.0,1.0,0.0,0.0,0.0,0.0,0.0,1.0,0.0,0.0,0.0,0.0,0.0,1.0,1.0,612,54,66,61.2,6.196773353931867,61.2,0.0026968002319335,10,0.9292823475934576,36.0
20.0,6,64.0,60963.72093023256,0.0,0.0,0.9,0.1,0.1,0.0,0.0,1,0,0,9,0,0.0001640319824218,0.0,1.0,0.0,0.0,0.0,0.0,0.0,1.0,0.0,0.0,0.0,0.0,0.0,1.0,1.0,648,54,66,64.8,3.794733192202055,64.8,0.0001146078109741,10,0.9283038525131756,14.22222222222222
20.0,6,64.0,3429.240454582618,0.0,0.0,0.7,0.3,0.3,0.0,0.0,3,0,0,7,0,0.0029160976409912,0.0,1.0,0.0,0.0,0.0,0.0,0.0,1.0,0.0,0.0,0.0,0.0,0.0,1.0,1.0,636,54,68,63.6,6.65331997326648,63.6,0.0004017114639282,10,0.92946832642431,41.0
20.0,6,64.0,368.8143223945693,0.0,0.0,0.9,0.1,0.1,0.0,0.0,1,0,0,9,0,0.027113914489746,0.0,1.0,0.0,0.0,0.0,0.0,0.0,1.0,0.0,0.0,0.0,0.0,0.0,1.0,1.0,701,54,75,70.1,6.640783086353596,70.1,0.0027130842208862,10,0.929463219398057,42.109375
20.0,6,64.0,184.5532147068659,0.0,0.0,1.0,0.0,0.0,0.0,0.0,0,0,0,10,0,0.0541849136352539,0.0,1.0,0.0,0.0,0.0,0.0,0.0,1.0,0.0,0.0,0.0,0.0,0.0,1.0,1.0,760,75,77,76.0,1.0540925533894598,76.0,0.0057429075241088,10,0.8914006951425488,1.0
20.0,6,64.0,276.0754577886603,0.0,0.0,0.8,0.2,0.2,0.0,0.0,2,0,0,8,0,0.0362219810485839,0.0,1.0,0.0,0.0,0.0,0.0,0.0,1.0,0.0,0.0,0.0,0.0,0.0,1.0,1.0,685,54,77,68.5,9.675283515799997,68.5,0.0041842937469482,10,0.9306993534929964,84.25
20.0,6,64.0,861.3241333990471,0.0,0.0,0.5,0.5,0.5,0.0,0.0,5,0,0,5,0,0.0116100311279296,0.0,1.0,0.0,0.0,0.0,0.0,0.0,1.0,0.0,0.0,0.0,0.0,0.0,1.0,1.0,590,54,64,59.0,5.270462766947299,59.0,0.0011620998382568,10,0.9289050057127436,25.0
20.0,6,64.0,319.58062844777663,0.0,0.0,0.5,0.5,0.5,0.0,0.0,5,0,0,5,0,0.0312910079956054,0.0,1.0,0.0,0.0,0.0,0.0,0.0,1.0,0.0,0.0,0.0,0.0,0.0,1.0,1.0,608,54,66,60.8,5.902918298980975,60.8,0.0036206007003784,10,0.9291626427982728,31.50617283950617
20.0,6,64.0,773.5143110061965,0.0,0.0,0.5,0.5,0.5,0.0,0.0,5,0,0,5,0,0.0129280090332031,0.0,1.0,0.0,0.0,0.0,0.0,0.0,1.0,0.0,0.0,0.0,0.0,0.0,1.0,1.0,600,54,66,60.0,6.324555320336759,60.0,0.0012968063354492,10,0.9293344008552924,36.0
20.0,6,64.0,887.9464814971632,0.0,0.0,0.9,0.1,0.1,0.0,0.0,1,0,0,9,0,0.0112619400024414,0.0,1.0,0.0,0.0,0.0,0.0,0.0,1.0,0.0,0.0,0.0,0.0,0.0,1.0,1.0,636,54,66,63.6,5.059644256269407,63.6,0.0011291027069091,10,0.928819126684234,36.0
20.0,6,64.0,952.2121322193972,0.0,0.0,1.0,0.0,0.0,0.0,0.0,0,0,0,10,0,0.0105018615722656,0.0,1.0,0.0,0.0,0.0,0.0,0.0,1.0,0.0,0.0,0.0,0.0,0.0,1.0,1.0,674,66,68,67.4,0.9660917830792958,67.4,0.0010520935058593,10,0.0,1.0
20.0,6,64.0,324.98365126838263,0.0,0.0,0.6,0.4,0.4,0.0,0.0,4,0,0,6,0,0.0307707786560058,0.0,1.0,0.0,0.0,0.0,0.0,0.0,1.0,0.0,0.0,0.0,0.0,0.0,1.0,1.0,622,54,68,62.2,5.921711464320654,62.2,0.003428292274475,10,0.9291702983821056,34.666666666666664
20.0,6,64.0,843.8055002313557,0.0,0.0,0.6,0.4,0.4,0.0,0.0,4,0,0,6,0,0.0118510723114013,0.0,1.0,0.0,0.0,0.0,0.0,0.0,1.0,0.0,0.0,0.0,0.0,0.0,1.0,1.0,590,54,64,59.0,5.270462766947299,59.0,0.0011880159378051,10,0.9289050057127436,25.0
20.0,6,64.0,465.9612949096807,0.0,0.0,0.5,0.5,0.5,0.0,0.0,5,0,0,5,0,0.021461009979248,0.0,1.0,0.0,0.0,0.0,0.0,0.0,1.0,0.0,0.0,0.0,0.0,0.0,1.0,1.0,610,54,66,61.0,6.055300708194984,61.0,0.0024731874465942,10,0.9292247172964904,33.58024691358025
20.0,6,64.0,318.62410550145097,0.0,0.0,0.6,0.4,0.4,0.0,0.0,4,0,0,6,0,0.0313849449157714,0.0,1.0,0.0,0.0,0.0,0.0,0.0,1.0,0.0,0.0,0.0,0.0,0.0,1.0,1.0,610,54,66,61.0,6.055300708194984,61.0,0.0031414985656738,10,0.9292247172964904,36.0
20.0,6,64.0,1799.8214898729832,0.0,0.0,0.5,0.5,0.5,0.0,0.0,5,0,0,5,0,0.0055561065673828,0.0,1.0,0.0,0.0,0.0,0.0,0.0,1.0,0.0,0.0,0.0,0.0,0.0,1.0,1.0,590,54,64,59.0,5.270462766947299,59.0,0.0005570173263549,10,0.9289050057127436,25.0
20.0,6,64.0,528.4029378787307,0.0,0.0,0.5,0.5,0.5,0.0,0.0,5,0,0,5,0,0.0189249515533447,0.0,1.0,0.0,0.0,0.0,0.0,0.0,1.0,0.0,0.0,0.0,0.0,0.0,1.0,1.0,592,54,66,59.2,5.513619500836088,59.2,0.0018960952758789,10,0.9290040580398606,27.360000000000003
20.0,6,64.0,979.3368824133744,0.0,0.0,0.5,0.5,0.5,0.0,0.0,5,0,0,5,0,0.0102109909057617,0.0,1.0,0.0,0.0,0.0,0.0,0.0,1.0,0.0,0.0,0.0,0.0,0.0,1.0,1.0,600,54,66,60.0,6.324555320336759,60.0,0.0010242938995361,10,0.9293344008552924,36.0
20.0,6,64.0,610.8713825898254,0.0,0.0,0.6,0.4,0.4,0.0,0.0,4,0,0,6,0,0.0163700580596923,0.0,1.0,0.0,0.0,0.0,0.0,0.0,1.0,0.0,0.0,0.0,0.0,0.0,1.0,1.0,598,54,66,59.8,6.142746399887703,59.8,0.0016400098800659,10,0.9292603391734584,36.0
20.0,6,64.0,349.5748564379954,0.0,0.0,1.0,0.0,0.0,0.0,0.0,0,0,0,10,0,0.0286061763763427,0.0,1.0,0.0,0.0,0.0,0.0,0.0,1.0,0.0,0.0,0.0,0.0,0.0,1.0,1.0,641,64,65,64.1,0.3162277660168379,64.1,0.0038527011871337,10,0.0,0.09
20.0,6,64.0,228.6658852391986,0.0,0.0,1.0,0.0,0.0,0.0,0.0,0,0,0,10,0,0.0437319278717041,0.0,1.0,0.0,0.0,0.0,0.0,0.0,1.0,0.0,0.0,0.0,0.0,0.0,1.0,1.0,649,64,65,64.9,0.3162277660168379,64.9,0.0047621965408325,10,0.0,0.09
20.0,6,64.0,940.3004080168588,0.0,0.0,1.0,0.0,0.0,0.0,0.0,0,0,0,10,0,0.0106348991394042,0.0,1.0,0.0,0.0,0.0,0.0,0.0,1.0,0.0,0.0,0.0,0.0,0.0,1.0,1.0,642,64,66,64.2,0.6324555320336759,64.2,0.0010654926300048,10,0.0,0.36
20.0,6,64.0,178.1959078240772,0.0,0.0,1.0,0.0,0.0,0.0,0.0,0,0,0,10,0,0.0561180114746093,0.0,1.0,0.0,0.0,0.0,0.0,0.0,1.0,0.0,0.0,0.0,0.0,0.0,1.0,1.0,660,66,66,66.0,0.0,66.0,0.0058927059173583,10,0.0,0.0
20.0,6,64.0,570.3509702334816,0.0,0.0,1.0,0.0,0.0,0.0,0.0,0,0,0,10,0,0.0175330638885498,0.0,1.0,0.0,0.0,0.0,0.0,0.0,1.0,0.0,0.0,0.0,0.0,0.0,1.0,1.0,662,66,68,66.2,0.6324555320336759,66.2,0.0017555952072143,10,0.0,0.36
20.0,6,64.0,269.49099834230714,0.0,0.0,1.0,0.0,0.0,0.0,0.0,0,0,0,10,0,0.0371069908142089,0.0,1.0,0.0,0.0,0.0,0.0,0.0,1.0,0.0,0.0,0.0,0.0,0.0,1.0,1.0,676,64,68,67.6,1.2649110640673518,67.6,0.0043122053146362,10,0.9102320041710584,1.44
20.0,6,64.0,466.1788111857022,0.0,0.0,0.8,0.2,0.2,0.0,0.0,2,0,0,8,0,0.0214509963989257,0.0,1.0,0.0,0.0,0.0,0.0,0.0,1.0,0.0,0.0,0.0,0.0,0.0,1.0,1.0,620,54,64,62.0,4.216370213557839,62.0,0.0021479845046997,10,0.9284756105701948,20.40816326530612
20.0,6,64.0,293.7969487678794,0.0,0.0,0.8,0.2,0.2,0.0,0.0,2,0,0,8,0,0.0340371131896972,0.0,1.0,0.0,0.0,0.0,0.0,0.0,1.0,0.0,0.0,0.0,0.0,0.0,1.0,1.0,634,54,66,63.4,4.993328882953068,63.4,0.0040408134460449,10,0.9287921124537598,29.88888888888889
20.0,6,64.0,7961.852695520121,0.0,0.0,0.7,0.3,0.3,0.0,0.0,3,0,0,7,0,0.001255989074707,0.0,1.0,0.0,0.0,0.0,0.0,0.0,1.0,0.0,0.0,0.0,0.0,0.0,1.0,1.0,624,54,66,62.4,5.796550698475775,62.4,0.0001275062561035,10,0.9291193128925312,30.24
20.0,6,64.0,661.3326605909622,0.0,0.0,0.6,0.4,0.4,0.0,0.0,4,0,0,6,0,0.0151209831237792,0.0,1.0,0.0,0.0,0.0,0.0,0.0,1.0,0.0,0.0,0.0,0.0,0.0,1.0,1.0,612,54,66,61.2,6.196773353931867,61.2,0.0016122817993164,10,0.9292823475934576,36.0
20.0,6,64.0,419.1830819816308,0.0,0.0,0.6,0.4,0.4,0.0,0.0,4,0,0,6,0,0.0238559246063232,0.0,1.0,0.0,0.0,0.0,0.0,0.0,1.0,0.0,0.0,0.0,0.0,0.0,1.0,1.0,624,54,68,62.4,7.229568912920511,62.4,0.0026785135269165,10,0.9297030671923672,49.0
20.0,6,64.0,935.7064138315671,0.0,0.0,0.6,0.4,0.4,0.0,0.0,4,0,0,6,0,0.0106871128082275,0.0,1.0,0.0,0.0,0.0,0.0,0.0,1.0,0.0,0.0,0.0,0.0,0.0,1.0,1.0,620,54,68,62.0,6.928203230275509,62.0,0.0011003971099853,10,0.9295803028678852,49.0
20.0,6,64.0,1583.234183904575,0.0,0.0,0.5,0.5,0.5,0.0,0.0,5,0,0,5,0,0.0063161849975585,0.0,1.0,0.0,0.0,0.0,0.0,0.0,1.0,0.0,0.0,0.0,0.0,0.0,1.0,1.0,600,54,66,60.0,6.324555320336759,60.0,0.0007265090942382,10,0.9293344008552924,36.0
20.0,6,64.0,517.0365622149355,0.0,0.0,0.5,0.5,0.5,0.0,0.0,5,0,0,5,0,0.0193409919738769,0.0,1.0,0.0,0.0,0.0,0.0,0.0,1.0,0.0,0.0,0.0,0.0,0.0,1.0,1.0,618,54,68,61.8,6.762642481555072,61.8,0.0022491931915283,10,0.9295128600412864,41.16
20.0,6,64.0,301.41238187632496,0.0,0.0,0.5,0.5,0.5,0.0,0.0,5,0,0,5,0,0.0331771373748779,0.0,1.0,0.0,0.0,0.0,0.0,0.0,1.0,0.0,0.0,0.0,0.0,0.0,1.0,1.0,610,54,68,61.0,7.378647873726218,61.0,0.0033221006393432,10,0.9297637959978412,49.0
20.0,6,64.0,664.538944166297,0.0,0.0,0.6,0.4,0.4,0.0,0.0,4,0,0,6,0,0.0150480270385742,0.0,1.0,0.0,0.0,0.0,0.0,0.0,1.0,0.0,0.0,0.0,0.0,0.0,1.0,1.0,598,54,68,59.8,6.285786435372357,59.8,0.0015084981918334,10,0.9293186079623132,49.0
20.0,6,64.0,627.0356251214663,0.0,0.0,0.5,0.5,0.5,0.0,0.0,5,0,0,5,0,0.0159480571746826,0.0,1.0,0.0,0.0,0.0,0.0,0.0,1.0,0.0,0.0,0.0,0.0,0.0,1.0,1.0,590,54,64,59.0,5.270462766947299,59.0,0.001811408996582,10,0.9289050057127436,25.0
20.0,6,64.0,325.6674767646808,0.0,0.0,0.5,0.5,0.5,0.0,0.0,5,0,0,5,0,0.0307061672210693,0.0,1.0,0.0,0.0,0.0,0.0,0.0,1.0,0.0,0.0,0.0,0.0,0.0,1.0,1.0,596,54,66,59.6,5.94792213951879,59.6,0.0040828943252563,10,0.9291809755627544,31.84
20.0,6,64.0,686.4879374120266,0.0,0.0,0.5,0.5,0.5,0.0,0.0,5,0,0,5,0,0.0145668983459472,0.0,1.0,0.0,0.0,0.0,0.0,0.0,1.0,0.0,0.0,0.0,0.0,0.0,1.0,1.0,612,54,66,61.2,6.196773353931867,61.2,0.0015379905700683,10,0.9292823475934576,36.0
20.0,6,64.0,238.9780639279813,0.0,0.0,1.0,0.0,0.0,0.0,0.0,0,0,0,10,0,0.0418448448181152,0.0,1.0,0.0,0.0,0.0,0.0,0.0,1.0,0.0,0.0,0.0,0.0,0.0,1.0,1.0,632,54,66,63.2,3.2930904093942592,63.2,0.0041873931884765,10,0.9280995033091708,36.0
20.0,6,64.0,163.80288840809504,0.0,0.0,1.0,0.0,0.0,0.0,0.0,0,0,0,10,0,0.0610489845275878,0.0,1.0,0.0,0.0,0.0,0.0,0.0,1.0,0.0,0.0,0.0,0.0,0.0,1.0,1.0,656,64,66,65.6,0.8432740427115678,65.6,0.0067008018493652,10,0.0,1.0
20.0,6,64.0,362.1492527003808,0.0,0.0,0.9,0.1,0.1,0.0,0.0,1,0,0,9,0,0.0276129245758056,0.0,1.0,0.0,0.0,0.0,0.0,0.0,1.0,0.0,0.0,0.0,0.0,0.0,1.0,1.0,708,66,72,70.8,2.529822128134703,70.8,0.0034693002700805,10,0.9073390183421168,9.0
20.0,6,64.0,265.99258014395787,0.0,0.0,0.8,0.2,0.2,0.0,0.0,2,0,0,8,0,0.0375950336456298,0.0,1.0,0.0,0.0,0.0,0.0,0.0,1.0,0.0,0.0,0.0,0.0,0.0,1.0,1.0,676,54,74,67.6,9.41865760663966,67.6,0.0037630081176757,10,0.9305948143626408,88.9795918367347
20.0,6,64.0,2032.5179298313624,0.0,0.0,0.7,0.3,0.3,0.0,0.0,3,0,0,7,0,0.0049200057983398,0.0,1.0,0.0,0.0,0.0,0.0,0.0,1.0,0.0,0.0,0.0,0.0,0.0,1.0,1.0,670,54,74,67.0,8.232726023485645,67.0,0.0004956007003784,10,0.9301117132729272,66.66666666666667
20.0,6,64.0,1725.624948572369,0.0,0.0,0.5,0.5,0.5,0.0,0.0,5,0,0,5,0,0.0057950019836425,0.0,1.0,0.0,0.0,0.0,0.0,0.0,1.0,0.0,0.0,0.0,0.0,0.0,1.0,1.0,590,54,64,59.0,5.270462766947299,59.0,0.0005824089050292,10,0.9289050057127436,25.0
20.0,6,64.0,1007.7616530514176,0.0,0.0,0.5,0.5,0.5,0.0,0.0,5,0,0,5,0,0.009922981262207,0.0,1.0,0.0,0.0,0.0,0.0,0.0,1.0,0.0,0.0,0.0,0.0,0.0,1.0,1.0,596,54,66,59.6,5.94792213951879,59.6,0.0009954929351806,10,0.9291809755627544,31.84
20.0,6,64.0,344.756205819497,0.0,0.0,0.5,0.5,0.5,0.0,0.0,5,0,0,5,0,0.029006004333496,0.0,1.0,0.0,0.0,0.0,0.0,0.0,1.0,0.0,0.0,0.0,0.0,0.0,1.0,1.0,600,54,66,60.0,6.324555320336759,60.0,0.0029016971588134,10,0.9293344008552924,36.0
20.0,6,64.0,1512.6055753903854,0.0,0.0,0.8,0.2,0.2,0.0,0.0,2,0,0,8,0,0.0066111087799072,0.0,1.0,0.0,0.0,0.0,0.0,0.0,1.0,0.0,0.0,0.0,0.0,0.0,1.0,1.0,624,54,66,62.4,5.796550698475776,62.4,0.0006628036499023,10,0.9291193128925312,36.0
20.0,6,64.0,241.2016654015136,0.0,0.0,1.0,0.0,0.0,0.0,0.0,0,0,0,10,0,0.0414590835571289,0.0,1.0,0.0,0.0,0.0,0.0,0.0,1.0,0.0,0.0,0.0,0.0,0.0,1.0,1.0,670,66,68,67.0,1.0540925533894598,67.0,0.004554009437561,10,0.9067378651425488,1.0
20.0,6,64.0,945.7920490675808,0.0,0.0,1.0,0.0,0.0,0.0,0.0,0,0,0,10,0,0.0105731487274169,0.0,1.0,0.0,0.0,0.0,0.0,0.0,1.0,0.0,0.0,0.0,0.0,0.0,1.0,1.0,660,64,68,66.0,2.10818510677892,66.0,0.001329493522644,10,0.9105755202850976,4.0
20.0,6,64.0,212.3278947448352,0.0,0.0,1.0,0.0,0.0,0.0,0.0,0,0,0,10,0,0.0470969676971435,0.0,1.0,0.0,0.0,0.0,0.0,0.0,1.0,0.0,0.0,0.0,0.0,0.0,1.0,1.0,650,64,66,65.0,1.0540925533894598,65.0,0.0051074028015136,10,0.9101461251425488,1.0
20.0,6,64.0,197.99208844327376,0.0,0.0,1.0,0.0,0.0,0.0,0.0,0,0,0,10,0,0.0505070686340332,0.0,1.0,0.0,0.0,0.0,0.0,0.0,1.0,0.0,0.0,0.0,0.0,0.0,1.0,1.0,1540,66,242,154.0,92.76014469827248,154.0,0.0058387994766235,10,0.9440952425442884,7744.0
20.0,6,64.0,425.3167842946378,0.0,0.0,1.0,0.0,0.0,0.0,0.0,0,0,0,10,0,0.0235118865966796,0.0,1.0,0.0,0.0,0.0,0.0,0.0,1.0,0.0,0.0,0.0,0.0,0.0,1.0,1.0,2430,242,244,243.0,1.0540925533894598,243.0,0.0023552894592285,10,0.6068109851425487,1.0
20.0,6,64.0,153.76818395119662,0.0,0.0,0.7,0.3,0.3,0.0,0.0,3,0,0,7,0,0.065032958984375,0.0,1.0,0.0,0.0,0.0,0.0,0.0,1.0,0.0,0.0,0.0,0.0,0.0,1.0,1.0,1526,54,244,152.6,96.44365079038523,152.6,0.0068531990051269,10,0.9660453155859714,8375.506172839505
20.0,6,64.0,944.2802467468144,0.0,0.0,0.6,0.4,0.4,0.0,0.0,4,0,0,6,0,0.0105900764465332,0.0,1.0,0.0,0.0,0.0,0.0,0.0,1.0,0.0,0.0,0.0,0.0,0.0,1.0,1.0,600,54,66,60.0,6.324555320336759,60.0,0.0010632038116455,10,0.9293344008552924,36.0
20.0,6,64.0,555.6547082825499,0.0,0.0,0.5,0.5,0.5,0.0,0.0,5,0,0,5,0,0.0179967880249023,0.0,1.0,0.0,0.0,0.0,0.0,0.0,1.0,0.0,0.0,0.0,0.0,0.0,1.0,1.0,620,54,68,62.0,6.928203230275509,62.0,0.0018035888671875,10,0.9295803028678852,43.55555555555556
20.0,6,64.0,621.4612318679527,0.0,0.0,0.7,0.3,0.3,0.0,0.0,3,0,0,7,0,0.0160911083221435,0.0,1.0,0.0,0.0,0.0,0.0,0.0,1.0,0.0,0.0,0.0,0.0,0.0,1.0,1.0,624,54,68,62.4,7.229568912920511,62.4,0.0016131162643432,10,0.9297030671923672,49.0
20.0,6,64.0,811.9526879222565,0.0,0.0,0.6,0.4,0.4,0.0,0.0,4,0,0,6,0,0.0123159885406494,0.0,1.0,0.0,0.0,0.0,0.0,0.0,1.0,0.0,0.0,0.0,0.0,0.0,1.0,1.0,610,54,64,61.0,4.83045891539648,61.0,0.0019146919250488,10,0.928725765743776,24.48979591836735
20.0,6,64.0,263.57388834426763,0.0,0.0,0.7,0.3,0.3,0.0,0.0,3,0,0,7,0,0.0379400253295898,0.0,1.0,0.0,0.0,0.0,0.0,0.0,1.0,0.0,0.0,0.0,0.0,0.0,1.0,1.0,618,54,66,61.8,5.452828012447608,61.8,0.0037982940673828,10,0.9289792940191508,27.9375
20.0,6,64.0,422.5488102194193,0.0,0.0,0.8,0.2,0.2,0.0,0.0,2,0,0,8,0,0.0236659049987792,0.0,1.0,0.0,0.0,0.0,0.0,0.0,1.0,0.0,0.0,0.0,0.0,0.0,1.0,1.0,630,54,72,63.0,6.48074069840786,63.0,0.0023684024810791,10,0.9293980245309036,37.8
20.0,6,64.0,159.95850685704696,0.0,0.0,1.0,0.0,0.0,0.0,0.0,0,0,0,10,0,0.0625162124633789,0.0,1.0,0.0,0.0,0.0,0.0,0.0,1.0,0.0,0.0,0.0,0.0,0.0,1.0,1.0,722,72,74,72.2,0.6324555320336759,72.2,0.0065754175186157,10,0.0,0.36
20.0,6,64.0,1475.568689533861,0.0,0.0,1.0,0.0,0.0,0.0,0.0,0,0,0,10,0,0.0067770481109619,0.0,1.0,0.0,0.0,0.0,0.0,0.0,1.0,0.0,0.0,0.0,0.0,0.0,1.0,1.0,877,74,211,87.7,43.3232039443068,87.7,0.0006814002990722,10,0.9103235703587528,1689.2099999999998
20.0,6,64.0,308.7565975928448,0.0,0.0,1.0,0.0,0.0,0.0,0.0,0,0,0,10,0,0.0323879718780517,0.0,1.0,0.0,0.0,0.0,0.0,0.0,1.0,0.0,0.0,0.0,0.0,0.0,1.0,1.0,2112,211,213,211.2,0.6324555320336759,211.2,0.0036241769790649,10,0.0,0.36
20.0,6,64.0,277.39371974286394,0.0,0.0,1.0,0.0,0.0,0.0,0.0,0,0,0,10,0,0.0360498428344726,0.0,1.0,0.0,0.0,0.0,0.0,0.0,1.0,0.0,0.0,0.0,0.0,0.0,1.0,1.0,1983,66,213,198.3,46.485481604475176,198.3,0.0040349006652832,10,0.9252447957863992,1944.81
20.0,6,64.0,362.83220443083417,0.0,0.0,1.0,0.0,0.0,0.0,0.0,0,0,0,10,0,0.0275609493255615,0.0,1.0,0.0,0.0,0.0,0.0,0.0,1.0,0.0,0.0,0.0,0.0,0.0,1.0,1.0,662,66,68,66.2,0.6324555320336759,66.2,0.0030249118804931,10,0.0,0.36
20.0,6,64.0,270.4903168389622,0.0,0.0,0.9,0.1,0.1,0.0,0.0,1,0,0,9,0,0.0369699001312255,0.0,1.0,0.0,0.0,0.0,0.0,0.0,1.0,0.0,0.0,0.0,0.0,0.0,1.0,1.0,1257,68,645,125.7,182.46342099171548,125.7,0.0039836883544921,10,0.9772285091751852,29963.609999999997
20.0,6,64.0,356.5432938336252,0.0,0.0,0.6,0.4,0.4,0.0,0.0,4,0,0,6,0,0.0280470848083496,0.0,1.0,0.0,0.0,0.0,0.0,0.0,1.0,0.0,0.0,0.0,0.0,0.0,1.0,1.0,4086,54,645,408.6,305.19108768114444,408.6,0.0028077125549316,10,1.0,87320.25
20.0,6,64.0,507.4102660263002,0.0,0.0,0.6,0.4,0.4,0.0,0.0,4,0,0,6,0,0.0197079181671142,0.0,1.0,0.0,0.0,0.0,0.0,0.0,1.0,0.0,0.0,0.0,0.0,0.0,1.0,1.0,4092,54,647,409.2,305.7085758256273,409.2,0.0019757986068725,10,1.0,87468.4375
20.0,6,64.0,550.0870842513903,0.0,0.0,0.5,0.5,0.5,0.0,0.0,5,0,0,5,0,0.0181789398193359,0.0,1.0,0.0,0.0,0.0,0.0,0.0,1.0,0.0,0.0,0.0,0.0,0.0,1.0,1.0,3505,54,647,350.5,312.53844207997486,350.5,0.0018213987350463,10,1.0,87912.25
20.0,6,64.0,665.424546262216,0.0,0.0,0.6,0.4,0.4,0.0,0.0,4,0,0,6,0,0.0150279998779296,0.0,1.0,0.0,0.0,0.0,0.0,0.0,1.0,0.0,0.0,0.0,0.0,0.0,1.0,1.0,1774,54,647,177.4,247.56556931671884,177.4,0.0015069961547851,10,1.0,87912.25
20.0,6,64.0,1217.7168737661132,0.0,0.0,0.5,0.5,0.5,0.0,0.0,5,0,0,5,0,0.0082120895385742,0.0,1.0,0.0,0.0,0.0,0.0,0.0,1.0,0.0,0.0,0.0,0.0,0.0,1.0,1.0,600,54,66,60.0,6.324555320336759,60.0,0.0008248090744018,10,0.9293344008552924,36.0
20.0,6,64.0,177.12881238544895,0.0,0.0,0.6,0.4,0.4,0.0,0.0,4,0,0,6,0,0.0564560890197753,0.0,1.0,0.0,0.0,0.0,0.0,0.0,1.0,0.0,0.0,0.0,0.0,0.0,1.0,1.0,622,54,68,62.2,7.083627444874398,62.2,0.0056488990783691,10,0.929643616475944,46.02469135802469
20.0,6,64.0,430.96296905182686,0.0,0.0,0.5,0.5,0.5,0.0,0.0,5,0,0,5,0,0.0232038497924804,0.0,1.0,0.0,0.0,0.0,0.0,0.0,1.0,0.0,0.0,0.0,0.0,0.0,1.0,1.0,610,54,68,61.0,7.378647873726218,61.0,0.0023243904113769,10,0.9297637959978412,49.0
20.0,6,64.0,2468.5445235713023,0.0,0.0,1.0,0.0,0.0,0.0,0.0,0,0,0,10,0,0.0040509700775146,0.0,1.0,0.0,0.0,0.0,0.0,0.0,1.0,0.0,0.0,0.0,0.0,0.0,1.0,1.0,639,54,65,63.9,3.478505426185218,63.9,0.0004085063934326,10,0.9281750339704108,30.25
20.0,6,64.0,336.305716141344,0.0,0.0,1.0,0.0,0.0,0.0,0.0,0,0,0,10,0,0.0297348499298095,0.0,1.0,0.0,0.0,0.0,0.0,0.0,1.0,0.0,0.0,0.0,0.0,0.0,1.0,1.0,668,65,67,66.8,0.6324555320336757,66.8,0.0030792951583862,10,0.0,1.0
20.0,6,64.0,245.7192067723132,0.0,0.0,0.6,0.4,0.4,0.0,0.0,4,0,0,6,0,0.0406968593597412,0.0,1.0,0.0,0.0,0.0,0.0,0.0,1.0,0.0,0.0,0.0,0.0,0.0,1.0,1.0,613,54,67,61.3,6.290204024248075,61.3,0.0046545982360839,10,0.9293204075113176,35.61
20.0,6,64.0,729.9265601614981,0.0,0.0,0.6,0.4,0.4,0.0,0.0,4,0,0,6,0,0.0137000083923339,0.0,1.0,0.0,0.0,0.0,0.0,0.0,1.0,0.0,0.0,0.0,0.0,0.0,1.0,1.0,614,54,68,61.4,6.397916327472042,61.4,0.0013712167739868,10,0.929364285195159,36.84
20.0,6,64.0,370.7967042681849,0.0,0.0,0.7,0.3,0.3,0.0,0.0,3,0,0,7,0,0.0269689559936523,0.0,1.0,0.0,0.0,0.0,0.0,0.0,1.0,0.0,0.0,0.0,0.0,0.0,1.0,1.0,638,54,68,63.8,6.762642481555071,63.8,0.0026999950408935,10,0.9295128600412864,43.55555555555557
20.0,6,64.0,167.8869947043778,0.0,0.0,1.0,0.0,0.0,0.0,0.0,0,0,0,10,0,0.0595638751983642,0.0,1.0,0.0,0.0,0.0,0.0,0.0,1.0,0.0,0.0,0.0,0.0,0.0,1.0,1.0,664,66,68,66.4,0.8432740427115678,66.4,0.0063304901123046,10,0.0,1.0
20.0,6,64.0,45051.60042964554,0.0,0.0,1.0,0.0,0.0,0.0,0.0,0,0,0,10,0,0.0002219676971435,0.0,1.0,0.0,0.0,0.0,0.0,0.0,1.0,0.0,0.0,0.0,0.0,0.0,1.0,1.0,676,66,68,67.6,0.8432740427115678,67.6,0.0005365133285522,10,0.0,1.0
20.0,6,64.0,289.8220011055832,0.0,0.0,1.0,0.0,0.0,0.0,0.0,0,0,0,10,0,0.0345039367675781,0.0,1.0,0.0,0.0,0.0,0.0,0.0,1.0,0.0,0.0,0.0,0.0,0.0,1.0,1.0,648,64,68,64.8,1.686548085423136,64.8,0.0034524917602539,10,0.910403762228078,4.0
20.0,6,64.0,258.2254291132071,0.0,0.0,1.0,0.0,0.0,0.0,0.0,0,0,0,10,0,0.0387258529663085,0.0,1.0,0.0,0.0,0.0,0.0,0.0,1.0,0.0,0.0,0.0,0.0,0.0,1.0,1.0,656,64,66,65.6,0.8432740427115678,65.6,0.0041261911392211,10,0.0,1.0
20.0,6,64.0,259.5726088436427,0.0,0.0,0.6,0.4,0.4,0.0,0.0,4,0,0,6,0,0.0385248661041259,0.0,1.0,0.0,0.0,0.0,0.0,0.0,1.0,0.0,0.0,0.0,0.0,0.0,1.0,1.0,612,54,66,61.2,6.196773353931867,61.2,0.0041609048843383,10,0.9292823475934576,34.56
20.0,6,64.0,1193.1567718260178,0.0,0.0,0.5,0.5,0.5,0.0,0.0,5,0,0,5,0,0.0083811283111572,0.0,1.0,0.0,0.0,0.0,0.0,0.0,1.0,0.0,0.0,0.0,0.0,0.0,1.0,1.0,612,54,66,61.2,6.196773353931867,61.2,0.0009576082229614,10,0.9292823475934576,36.0
20.0,6,64.0,464.0332787538169,0.0,0.0,0.6,0.4,0.4,0.0,0.0,4,0,0,6,0,0.021550178527832,0.0,1.0,0.0,0.0,0.0,0.0,0.0,1.0,0.0,0.0,0.0,0.0,0.0,1.0,1.0,624,54,68,62.4,7.229568912920511,62.4,0.0021584033966064,10,0.9297030671923672,49.0
20.0,6,64.0,701.5646065066488,0.0,0.0,0.6,0.4,0.4,0.0,0.0,4,0,0,6,0,0.0142538547515869,0.0,1.0,0.0,0.0,0.0,0.0,0.0,1.0,0.0,0.0,0.0,0.0,0.0,1.0,1.0,606,54,68,60.6,7.058485830702094,60.6,0.0014294862747192,10,0.9296333747879948,49.0
20.0,6,64.0,284.30176913170203,0.0,0.0,1.0,0.0,0.0,0.0,0.0,0,0,0,10,0,0.0351738929748535,0.0,1.0,0.0,0.0,0.0,0.0,0.0,1.0,0.0,0.0,0.0,0.0,0.0,1.0,1.0,642,64,66,64.2,0.6324555320336759,64.2,0.0039381027221679,10,0.0,0.36
20.0,6,64.0,58416.49025069638,0.0,0.0,1.0,0.0,0.0,0.0,0.0,0,0,0,10,0,0.0001711845397949,0.0,1.0,0.0,0.0,0.0,0.0,0.0,1.0,0.0,0.0,0.0,0.0,0.0,1.0,1.0,658,64,66,65.8,0.6324555320336759,65.8,1.931190490722656e-05,10,0.0,0.36
20.0,6,64.0,261.9655359786146,0.0,0.0,1.0,0.0,0.0,0.0,0.0,0,0,0,10,0,0.038172960281372,0.0,1.0,0.0,0.0,0.0,0.0,0.0,1.0,0.0,0.0,0.0,0.0,0.0,1.0,1.0,642,64,66,64.2,0.6324555320336759,64.2,0.0041478872299194,10,0.0,0.36
20.0,6,64.0,162.01417617861213,0.0,0.0,0.9,0.1,0.1,0.0,0.0,1,0,0,9,0,0.061722993850708,0.0,1.0,0.0,0.0,0.0,0.0,0.0,1.0,0.0,0.0,0.0,0.0,0.0,1.0,1.0,660,66,66,66.0,0.0,66.0,0.0064847946166992,10,0.0,0.0
20.0,6,64.0,194.31118111695352,0.0,0.0,0.6,0.4,0.4,0.0,0.0,4,0,0,6,0,0.0514638423919677,0.0,1.0,0.0,0.0,0.0,0.0,0.0,1.0,0.0,0.0,0.0,0.0,0.0,1.0,1.0,600,54,66,60.0,6.324555320336759,60.0,0.0051501035690307,10,0.9293344008552924,36.0
20.0,6,64.0,2474.6616319546874,0.0,0.0,0.6,0.4,0.4,0.0,0.0,4,0,0,6,0,0.0040409564971923,0.0,1.0,0.0,0.0,0.0,0.0,0.0,1.0,0.0,0.0,0.0,0.0,0.0,1.0,1.0,624,54,66,62.4,5.796550698475776,62.4,0.0004796981811523,10,0.9291193128925312,36.0
20.0,6,64.0,835.9850115602328,0.0,0.0,0.6,0.4,0.4,0.0,0.0,4,0,0,6,0,0.0119619369506835,0.0,1.0,0.0,0.0,0.0,0.0,0.0,1.0,0.0,0.0,0.0,0.0,0.0,1.0,1.0,600,54,66,60.0,6.324555320336759,60.0,0.001199197769165,10,0.9293344008552924,36.0
20.0,6,64.0,346.1989385322691,0.0,0.0,0.8,0.2,0.2,0.0,0.0,2,0,0,8,0,0.0288851261138916,0.0,1.0,0.0,0.0,0.0,0.0,0.0,1.0,0.0,0.0,0.0,0.0,0.0,1.0,1.0,624,54,66,62.4,4.501851470969102,62.4,0.0032795190811157,10,0.928591904215214,36.0
20.0,6,64.0,250.7595178878898,0.0,0.0,1.0,0.0,0.0,0.0,0.0,0,0,0,10,0,0.0398788452148437,0.0,1.0,0.0,0.0,0.0,0.0,0.0,1.0,0.0,0.0,0.0,0.0,0.0,1.0,1.0,652,64,66,65.2,1.0327955589886444,65.2,0.0046811819076538,10,0.9101374495989096,1.0
20.0,6,64.0,211.35318720080625,0.0,0.0,1.0,0.0,0.0,0.0,0.0,0,0,0,10,0,0.047314167022705,0.0,1.0,0.0,0.0,0.0,0.0,0.0,1.0,0.0,0.0,0.0,0.0,0.0,1.0,1.0,828,66,94,82.8,14.459137825841022,82.8,0.0051375150680541,10,0.9121985443847346,196.0
20.0,6,64.0,1652.927684729064,0.0,0.0,1.0,0.0,0.0,0.0,0.0,0,0,0,10,0,0.0060498714447021,0.0,1.0,0.0,0.0,0.0,0.0,0.0,1.0,0.0,0.0,0.0,0.0,0.0,1.0,1.0,952,94,96,95.2,1.0327955589886444,95.2,0.0006059885025024,10,0.8590135495989097,1.0
20.0,6,64.0,398.4367667594449,0.0,0.0,0.9,0.1,0.1,0.0,0.0,1,0,0,9,0,0.0250980854034423,0.0,1.0,0.0,0.0,0.0,0.0,0.0,1.0,0.0,0.0,0.0,0.0,0.0,1.0,1.0,758,54,96,75.8,17.64967736563791,75.8,0.002511715888977,10,0.9339478025716664,294.32098765432096
20.0,6,64.0,389.9392913920214,0.0,0.0,0.8,0.2,0.2,0.0,0.0,2,0,0,8,0,0.0256450176239013,0.0,1.0,0.0,0.0,0.0,0.0,0.0,1.0,0.0,0.0,0.0,0.0,0.0,1.0,1.0,626,54,66,62.6,4.623610902506587,62.6,0.0025683879852294,10,0.9286415041372452,22.222222222222225
20.0,6,64.0,1217.1161602971474,0.0,0.0,0.8,0.2,0.2,0.0,0.0,2,0,0,8,0,0.0082161426544189,0.0,1.0,0.0,0.0,0.0,0.0,0.0,1.0,0.0,0.0,0.0,0.0,0.0,1.0,1.0,648,54,66,64.8,3.794733192202055,64.8,0.0010065078735351,10,0.9283038525131756,14.22222222222222
20.0,6,64.0,1007.4711760184472,0.0,0.0,0.5,0.5,0.5,0.0,0.0,5,0,0,5,0,0.0099258422851562,0.0,1.0,0.0,0.0,0.0,0.0,0.0,1.0,0.0,0.0,0.0,0.0,0.0,1.0,1.0,600,54,66,60.0,6.324555320336759,60.0,0.0009941816329956,10,0.9293344008552924,36.0
20.0,6,64.0,947.8653107344632,0.0,0.0,0.6,0.4,0.4,0.0,0.0,4,0,0,6,0,0.0105500221252441,0.0,1.0,0.0,0.0,0.0,0.0,0.0,1.0,0.0,0.0,0.0,0.0,0.0,1.0,1.0,615,54,67,61.5,6.467869303977419,61.5,0.0010565042495727,10,0.9293927812396684,38.098765432098766
20.0,6,64.0,460.1742259671296,0.0,0.0,0.6,0.4,0.4,0.0,0.0,4,0,0,6,0,0.021730899810791,0.0,1.0,0.0,0.0,0.0,0.0,0.0,1.0,0.0,0.0,0.0,0.0,0.0,1.0,1.0,605,54,67,60.5,6.851601597031489,60.5,0.0021759986877441,10,0.9295490984265669,42.25
20.0,6,64.0,395.8832634877487,0.0,0.0,0.8,0.2,0.2,0.0,0.0,2,0,0,8,0,0.0252599716186523,0.0,1.0,0.0,0.0,0.0,0.0,0.0,1.0,0.0,0.0,0.0,0.0,0.0,1.0,1.0,626,54,67,62.6,4.695151163109069,62.6,0.0032907009124755,10,0.928670646777804,42.25
20.0,6,64.0,141.19906143430882,0.0,0.0,1.0,0.0,0.0,0.0,0.0,0,0,0,10,0,0.07082200050354,0.0,1.0,0.0,0.0,0.0,0.0,0.0,1.0,0.0,0.0,0.0,0.0,0.0,1.0,1.0,652,64,66,65.2,1.0327955589886444,65.2,0.0076822996139526,10,0.9101374495989096,1.0
20.0,6,64.0,1079.4482190652666,0.0,0.0,1.0,0.0,0.0,0.0,0.0,0,0,0,10,0,0.0092639923095703,0.0,1.0,0.0,0.0,0.0,0.0,0.0,1.0,0.0,0.0,0.0,0.0,0.0,1.0,1.0,660,66,66,66.0,0.0,66.0,0.0015087127685546,10,0.0,0.0
20.0,6,64.0,1337.5973466849507,0.0,0.0,1.0,0.0,0.0,0.0,0.0,0,0,0,10,0,0.0074760913848876,0.0,1.0,0.0,0.0,0.0,0.0,0.0,1.0,0.0,0.0,0.0,0.0,0.0,1.0,1.0,672,66,68,67.2,1.0327955589886444,67.2,0.0015711069107055,10,0.9067291895989096,1.0
20.0,6,64.0,143.2050476632706,0.0,0.0,1.0,0.0,0.0,0.0,0.0,0,0,0,10,0,0.0698299407958984,0.0,1.0,0.0,0.0,0.0,0.0,0.0,1.0,0.0,0.0,0.0,0.0,0.0,1.0,1.0,7616,68,1224,761.6,596.9558330954364,761.6,0.0072421789169311,10,1.0,334084.0
20.0,6,64.0,3941.644582276102,0.0,0.0,1.0,0.0,0.0,0.0,0.0,0,0,0,10,0,0.0025370121002197,0.0,1.0,0.0,0.0,0.0,0.0,0.0,1.0,0.0,0.0,0.0,0.0,0.0,1.0,1.0,12252,1224,1226,1225.2,1.0327955589886446,1225.2,0.0002590179443359,10,0.0,1.0
20.0,6,64.0,205.58802048868955,0.0,0.0,0.9,0.1,0.1,0.0,0.0,1,0,0,9,0,0.0486409664154052,0.0,1.0,0.0,0.0,0.0,0.0,0.0,1.0,0.0,0.0,0.0,0.0,0.0,1.0,1.0,5288,64,1226,528.8,600.0542197724025,528.8,0.0051775932312011,10,1.0,337561.0
20.0,6,64.0,205.57492108926223,0.0,0.0,0.7,0.3,0.3,0.0,0.0,3,0,0,7,0,0.0486440658569335,0.0,1.0,0.0,0.0,0.0,0.0,0.0,1.0,0.0,0.0,0.0,0.0,0.0,1.0,1.0,604,54,66,60.4,5.561774297230456,60.4,0.00486900806427,10,0.9290236743777198,27.84
20.0,6,64.0,1668.378679395386,0.0,0.0,0.6,0.4,0.4,0.0,0.0,4,0,0,6,0,0.0059938430786132,0.0,1.0,0.0,0.0,0.0,0.0,0.0,1.0,0.0,0.0,0.0,0.0,0.0,1.0,1.0,612,54,66,61.2,6.196773353931867,61.2,0.0006009817123413,10,0.9292823475934576,36.0
20.0,6,64.0,772.2041387436483,0.0,0.0,0.5,0.5,0.5,0.0,0.0,5,0,0,5,0,0.0129499435424804,0.0,1.0,0.0,0.0,0.0,0.0,0.0,1.0,0.0,0.0,0.0,0.0,0.0,1.0,1.0,5972,54,1406,597.2,696.1195299659391,597.2,0.0014024972915649,10,1.0,436124.16
20.0,6,64.0,193.71886474378215,0.0,0.0,0.6,0.4,0.4,0.0,0.0,4,0,0,6,0,0.0516211986541748,0.0,1.0,0.0,0.0,0.0,0.0,0.0,1.0,0.0,0.0,0.0,0.0,0.0,1.0,1.0,8652,54,1406,865.2,698.1697978763236,865.2,0.0051636219024658,10,1.0,456976.0
20.0,6,64.0,714.8975626384864,0.0,0.0,0.5,0.5,0.5,0.0,0.0,5,0,0,5,0,0.0139880180358886,0.0,1.0,0.0,0.0,0.0,0.0,0.0,1.0,0.0,0.0,0.0,0.0,0.0,1.0,1.0,7300,54,1406,730.0,712.5665660912748,730.0,0.0014002799987792,10,1.0,456976.0
20.0,6,64.0,550.419149103698,0.0,0.0,0.5,0.5,0.5,0.0,0.0,5,0,0,5,0,0.0181679725646972,0.0,1.0,0.0,0.0,0.0,0.0,0.0,1.0,0.0,0.0,0.0,0.0,0.0,1.0,1.0,7300,54,1406,730.0,712.5665660912748,730.0,0.0018222093582153,10,1.0,456976.0
20.0,6,64.0,348.47120792934703,0.0,0.0,0.6,0.4,0.4,0.0,0.0,4,0,0,6,0,0.0286967754364013,0.0,1.0,0.0,0.0,0.0,0.0,0.0,1.0,0.0,0.0,0.0,0.0,0.0,1.0,1.0,600,54,66,60.0,6.324555320336759,60.0,0.0028740882873535,10,0.9293344008552924,36.0
20.0,6,64.0,1408.4298186702486,0.0,0.0,0.5,0.5,0.5,0.0,0.0,5,0,0,5,0,0.0071001052856445,0.0,1.0,0.0,0.0,0.0,0.0,0.0,1.0,0.0,0.0,0.0,0.0,0.0,1.0,1.0,600,54,66,60.0,6.324555320336759,60.0,0.0008024215698242,10,0.9293344008552924,36.0
20.0,6,64.0,756.8896508165659,0.0,0.0,0.5,0.5,0.5,0.0,0.0,5,0,0,5,0,0.013211965560913,0.0,1.0,0.0,0.0,0.0,0.0,0.0,1.0,0.0,0.0,0.0,0.0,0.0,1.0,1.0,624,54,68,62.4,7.229568912920511,62.4,0.0015396833419799,10,0.9297030671923672,49.0
20.0,6,64.0,352.4477122809966,0.0,0.0,0.5,0.5,0.5,0.0,0.0,5,0,0,5,0,0.0283730030059814,0.0,1.0,0.0,0.0,0.0,0.0,0.0,1.0,0.0,0.0,0.0,0.0,0.0,1.0,1.0,1948,54,1406,194.8,425.62915522527095,194.8,0.0028408050537109,10,1.0,163044.16
20.0,6,64.0,414.2686130810106,0.0,0.0,0.8,0.2,0.2,0.0,0.0,2,0,0,8,0,0.0241389274597167,0.0,1.0,0.0,0.0,0.0,0.0,0.0,1.0,0.0,0.0,0.0,0.0,0.0,1.0,1.0,10004,54,1406,1000.4,653.078045361604,1000.4,0.0024173021316528,10,1.0,456976.0
20.0,6,64.0,220.1341492856918,0.0,0.0,0.9,0.1,0.1,0.0,0.0,1,0,0,9,0,0.0454268455505371,0.0,1.0,0.0,0.0,0.0,0.0,0.0,1.0,0.0,0.0,0.0,0.0,0.0,1.0,1.0,14060,1406,1406,1406.0,0.0,1406.0,0.0049352884292602,10,0.0,0.0
20.0,6,64.0,282.2945369130227,0.0,0.0,1.0,0.0,0.0,0.0,0.0,0,0,0,10,0,0.035423994064331,0.0,1.0,0.0,0.0,0.0,0.0,0.0,1.0,0.0,0.0,0.0,0.0,0.0,1.0,1.0,12708,54,1406,1270.8,427.5399396547649,1270.8,0.0035902023315429,10,1.0,456976.0
20.0,6,64.0,277.73904751814376,0.0,0.0,1.0,0.0,0.0,0.0,0.0,0,0,0,10,0,0.0360050201416015,0.0,1.0,0.0,0.0,0.0,0.0,0.0,1.0,0.0,0.0,0.0,0.0,0.0,1.0,1.0,14060,1406,1406,1406.0,0.0,1406.0,0.0041529178619384,10,0.0,0.0
20.0,6,64.0,358.7849755780433,0.0,0.0,0.6,0.4,0.4,0.0,0.0,4,0,0,6,0,0.0278718471527099,0.0,1.0,0.0,0.0,0.0,0.0,0.0,1.0,0.0,0.0,0.0,0.0,0.0,1.0,1.0,4644,54,1406,464.4,649.786836842155,464.4,0.0031159877777099,10,1.0,451600.0
20.0,6,64.0,948.4011305822498,0.0,0.0,0.6,0.4,0.4,0.0,0.0,4,0,0,6,0,0.0105440616607666,0.0,1.0,0.0,0.0,0.0,0.0,0.0,1.0,0.0,0.0,0.0,0.0,0.0,1.0,1.0,612,54,66,61.2,6.196773353931867,61.2,0.0010581016540527,10,0.9292823475934576,36.0
20.0,6,64.0,613.2023391812866,0.0,0.0,0.7,0.3,0.3,0.0,0.0,3,0,0,7,0,0.0163078308105468,0.0,1.0,0.0,0.0,0.0,0.0,0.0,1.0,0.0,0.0,0.0,0.0,0.0,1.0,1.0,624,54,68,62.4,7.229568912920511,62.4,0.001633596420288,10,0.9297030671923672,49.0
20.0,6,64.0,569.5377763293683,0.0,0.0,0.7,0.3,0.3,0.0,0.0,3,0,0,7,0,0.0175580978393554,0.0,1.0,0.0,0.0,0.0,0.0,0.0,1.0,0.0,0.0,0.0,0.0,0.0,1.0,1.0,4106,54,1224,410.6,561.3325811554739,410.6,0.0017585039138793,10,1.0,283584.84
20.0,6,64.0,291.62146189519353,0.0,0.0,1.0,0.0,0.0,0.0,0.0,0,0,0,10,0,0.0342910289764404,0.0,1.0,0.0,0.0,0.0,0.0,0.0,1.0,0.0,0.0,0.0,0.0,0.0,1.0,1.0,12246,1224,1226,1224.6,0.966091783079296,1224.6,0.0037827014923095,10,0.0,0.8400000000000001
20.0,6,64.0,195.95156226640756,0.0,0.0,0.8,0.2,0.2,0.0,0.0,2,0,0,8,0,0.0510330200195312,0.0,1.0,0.0,0.0,0.0,0.0,0.0,1.0,0.0,0.0,0.0,0.0,0.0,1.0,1.0,8768,54,1226,876.8,562.2749031093836,876.8,0.0053776025772094,10,1.0,284537.76
20.0,6,64.0,292.2004709423026,0.0,0.0,0.5,0.5,0.5,0.0,0.0,5,0,0,5,0,0.0342230796813964,0.0,1.0,0.0,0.0,0.0,0.0,0.0,1.0,0.0,0.0,0.0,0.0,0.0,1.0,1.0,600,54,66,60.0,6.324555320336759,60.0,0.003426194190979,10,0.9293344008552924,36.0
20.0,6,64.0,210.69493143115488,0.0,0.0,0.5,0.5,0.5,0.0,0.0,5,0,0,5,0,0.047461986541748,0.0,1.0,0.0,0.0,0.0,0.0,0.0,1.0,0.0,0.0,0.0,0.0,0.0,1.0,1.0,604,54,68,60.4,6.785605679999719,60.4,0.0047513961791992,10,0.9295222143298046,41.44
20.0,6,64.0,1086.2414212829876,0.0,0.0,0.6,0.4,0.4,0.0,0.0,4,0,0,6,0,0.0092060565948486,0.0,1.0,0.0,0.0,0.0,0.0,0.0,1.0,0.0,0.0,0.0,0.0,0.0,1.0,1.0,610,54,68,61.0,7.378647873726218,61.0,0.0009247064590454,10,0.9297637959978412,49.0
20.0,6,64.0,249.19667524195992,0.0,0.0,0.7,0.3,0.3,0.0,0.0,3,0,0,7,0,0.0401289463043212,0.0,1.0,0.0,0.0,0.0,0.0,0.0,1.0,0.0,0.0,0.0,0.0,0.0,1.0,1.0,2994,54,657,299.4,307.8261414066929,299.4,0.0043982982635498,10,1.0,85281.24
20.0,6,64.0,383.1989402037367,0.0,0.0,1.0,0.0,0.0,0.0,0.0,0,0,0,10,0,0.0260961055755615,0.0,1.0,0.0,0.0,0.0,0.0,0.0,1.0,0.0,0.0,0.0,0.0,0.0,1.0,1.0,6578,657,659,657.8,1.0327955589886446,657.8,0.0033249139785766,10,0.0,0.9600000000000002
20.0,6,64.0,524.9901743582041,0.0,0.0,0.8,0.2,0.2,0.0,0.0,2,0,0,8,0,0.0190479755401611,0.0,1.0,0.0,0.0,0.0,0.0,0.0,1.0,0.0,0.0,0.0,0.0,0.0,1.0,1.0,4194,54,659,419.4,309.34813182992826,419.4,0.0019080877304077,10,1.0,86126.64
20.0,6,64.0,289.08490650566205,0.0,0.0,0.5,0.5,0.5,0.0,0.0,5,0,0,5,0,0.0345919132232666,0.0,1.0,0.0,0.0,0.0,0.0,0.0,1.0,0.0,0.0,0.0,0.0,0.0,1.0,1.0,612,54,66,61.2,6.196773353931867,61.2,0.004087495803833,10,0.9292823475934576,35.55555555555556
20.0,6,64.0,582.7769518278195,0.0,0.0,0.5,0.5,0.5,0.0,0.0,5,0,0,5,0,0.0171592235565185,0.0,1.0,0.0,0.0,0.0,0.0,0.0,1.0,0.0,0.0,0.0,0.0,0.0,1.0,1.0,606,54,68,60.6,6.995236474439826,60.6,0.0017212152481079,10,0.9296076095302278,44.04
20.0,6,64.0,506.5584541062802,0.0,0.0,0.5,0.5,0.5,0.0,0.0,5,0,0,5,0,0.0197410583496093,0.0,1.0,0.0,0.0,0.0,0.0,0.0,1.0,0.0,0.0,0.0,0.0,0.0,1.0,1.0,610,54,68,61.0,7.378647873726218,61.0,0.0019757986068725,10,0.9297637959978412,49.0
20.0,6,64.0,234.47716053868817,0.0,0.0,0.8,0.2,0.2,0.0,0.0,2,0,0,8,0,0.0426480770111084,0.0,1.0,0.0,0.0,0.0,0.0,0.0,1.0,0.0,0.0,0.0,0.0,0.0,1.0,1.0,618,54,68,61.8,5.613475849338903,61.8,0.004268193244934,10,0.9290447355219869,49.0
20.0,6,64.0,1442.977947500602,0.0,0.0,1.0,0.0,0.0,0.0,0.0,0,0,0,10,0,0.0069301128387451,0.0,1.0,0.0,0.0,0.0,0.0,0.0,1.0,0.0,0.0,0.0,0.0,0.0,1.0,1.0,650,64,66,65.0,1.0540925533894598,65.0,0.0006951093673706,10,0.9101461251425488,1.0
20.0,6,64.0,244.62431251786143,0.0,0.0,1.0,0.0,0.0,0.0,0.0,0,0,0,10,0,0.0408790111541748,0.0,1.0,0.0,0.0,0.0,0.0,0.0,1.0,0.0,0.0,0.0,0.0,0.0,1.0,1.0,650,64,66,65.0,1.0540925533894598,65.0,0.0044062852859497,10,0.9101461251425488,1.0
20.0,6,64.0,1172.4775668800492,0.0,0.0,1.0,0.0,0.0,0.0,0.0,0,0,0,10,0,0.0085289478302001,0.0,1.0,0.0,0.0,0.0,0.0,0.0,1.0,0.0,0.0,0.0,0.0,0.0,1.0,1.0,650,64,66,65.0,1.0540925533894598,65.0,0.0008552074432373,10,0.9101461251425488,1.0
20.0,6,64.0,96.82321003157952,0.0,0.0,1.0,0.0,0.0,0.0,0.0,0,0,0,10,0,0.103281021118164,0.0,1.0,0.0,0.0,0.0,0.0,0.0,1.0,0.0,0.0,0.0,0.0,0.0,1.0,1.0,2135,66,361,213.5,155.47865162494531,213.5,0.0103312015533447,10,0.9696442535259376,21756.25
20.0,6,64.0,249.57033458089623,0.0,0.0,1.0,0.0,0.0,0.0,0.0,0,0,0,10,0,0.0400688648223876,0.0,1.0,0.0,0.0,0.0,0.0,0.0,1.0,0.0,0.0,0.0,0.0,0.0,1.0,1.0,3620,361,363,362.0,1.0540925533894598,362.0,0.0043263912200927,10,0.4040195151425488,1.0
20.0,6,64.0,265.7599969586182,0.0,0.0,0.7,0.3,0.3,0.0,0.0,3,0,0,7,0,0.0376279354095459,0.0,1.0,0.0,0.0,0.0,0.0,0.0,1.0,0.0,0.0,0.0,0.0,0.0,1.0,1.0,2121,54,363,212.1,159.1229084701508,212.1,0.0039726972579956,10,0.9915783379944006,22788.09
20.0,6,64.0,356.96508055387704,0.0,0.0,0.6,0.4,0.4,0.0,0.0,4,0,0,6,0,0.0280139446258544,0.0,1.0,0.0,0.0,0.0,0.0,0.0,1.0,0.0,0.0,0.0,0.0,0.0,1.0,1.0,600,54,66,60.0,6.324555320336759,60.0,0.0028047084808349,10,0.9293344008552924,36.0
20.0,6,64.0,1440.5000515162965,0.0,0.0,0.5,0.5,0.5,0.0,0.0,5,0,0,5,0,0.0069420337677001,0.0,1.0,0.0,0.0,0.0,0.0,0.0,1.0,0.0,0.0,0.0,0.0,0.0,1.0,1.0,600,54,66,60.0,6.324555320336759,60.0,0.0008409976959228,10,0.9293344008552924,36.0
20.0,6,64.0,827.262578647364,0.0,0.0,0.5,0.5,0.5,0.0,0.0,5,0,0,5,0,0.0120880603790283,0.0,1.0,0.0,0.0,0.0,0.0,0.0,1.0,0.0,0.0,0.0,0.0,0.0,1.0,1.0,600,54,66,60.0,6.324555320336759,60.0,0.0016047000885009,10,0.9293344008552924,36.0
20.0,6,64.0,295.90281207229833,0.0,0.0,0.8,0.2,0.2,0.0,0.0,2,0,0,8,0,0.03379487991333,0.0,1.0,0.0,0.0,0.0,0.0,0.0,1.0,0.0,0.0,0.0,0.0,0.0,1.0,1.0,678,54,73,67.8,7.814516406449389,67.8,0.004052996635437,10,0.9299413514033312,61.95918367346939
20.0,6,64.0,813.1490277427735,0.0,0.0,1.0,0.0,0.0,0.0,0.0,0,0,0,10,0,0.0122978687286376,0.0,1.0,0.0,0.0,0.0,0.0,0.0,1.0,0.0,0.0,0.0,0.0,0.0,1.0,1.0,742,73,75,74.2,1.0327955589886444,74.2,0.0012341976165771,10,0.8948002795989097,1.0
20.0,6,64.0,302.3793526061567,0.0,0.0,1.0,0.0,0.0,0.0,0.0,0,0,0,10,0,0.0330710411071777,0.0,1.0,0.0,0.0,0.0,0.0,0.0,1.0,0.0,0.0,0.0,0.0,0.0,1.0,1.0,696,66,75,69.6,4.6475800154489,69.6,0.0036002159118652,10,0.9082017081950932,20.25
20.0,6,64.0,263.9138724068283,0.0,0.0,1.0,0.0,0.0,0.0,0.0,0,0,0,10,0,0.037891149520874,0.0,1.0,0.0,0.0,0.0,0.0,0.0,1.0,0.0,0.0,0.0,0.0,0.0,1.0,1.0,672,66,68,67.2,1.0327955589886444,67.2,0.00378999710083,10,0.9067291895989096,1.0
20.0,6,64.0,408.1610727805296,0.0,0.0,0.7,0.3,0.3,0.0,0.0,3,0,0,7,0,0.0245001316070556,0.0,1.0,0.0,0.0,0.0,0.0,0.0,1.0,0.0,0.0,0.0,0.0,0.0,1.0,1.0,632,54,68,63.2,6.408327915038888,63.2,0.0031378030776977,10,0.9293685264594702,36.96
20.0,6,64.0,1289.1667435069924,0.0,0.0,0.5,0.5,0.5,0.0,0.0,5,0,0,5,0,0.0077569484710693,0.0,1.0,0.0,0.0,0.0,0.0,0.0,1.0,0.0,0.0,0.0,0.0,0.0,1.0,1.0,600,54,66,60.0,6.324555320336759,60.0,0.0010312795639038,10,0.9293344008552924,36.0
20.0,6,64.0,566.8591199048545,0.0,0.0,0.5,0.5,0.5,0.0,0.0,5,0,0,5,0,0.0176410675048828,0.0,1.0,0.0,0.0,0.0,0.0,0.0,1.0,0.0,0.0,0.0,0.0,0.0,1.0,1.0,620,54,68,62.0,6.928203230275509,62.0,0.0017973184585571,10,0.9295803028678852,43.55555555555556
20.0,6,64.0,671.9056773036011,0.0,0.0,0.6,0.4,0.4,0.0,0.0,4,0,0,6,0,0.0148830413818359,0.0,1.0,0.0,0.0,0.0,0.0,0.0,1.0,0.0,0.0,0.0,0.0,0.0,1.0,1.0,610,54,68,61.0,7.378647873726218,61.0,0.0014912843704223,10,0.9297637959978412,49.0
20.0,6,64.0,455.3927667936984,0.0,0.0,0.9,0.1,0.1,0.0,0.0,1,0,0,9,0,0.0219590663909912,0.0,1.0,0.0,0.0,0.0,0.0,0.0,1.0,0.0,0.0,0.0,0.0,0.0,1.0,1.0,650,54,68,65.0,3.915780041490244,65.0,0.0030420064926147,10,0.9283531621577016,49.0
20.0,6,64.0,213.92197565118047,0.0,0.0,1.0,0.0,0.0,0.0,0.0,0,0,0,10,0,0.046746015548706,0.0,1.0,0.0,0.0,0.0,0.0,0.0,1.0,0.0,0.0,0.0,0.0,0.0,1.0,1.0,676,66,68,67.6,0.8432740427115678,67.6,0.0049873113632202,10,0.0,1.0
20.0,6,64.0,148.3659002476123,0.0,0.0,1.0,0.0,0.0,0.0,0.0,0,0,0,10,0,0.0674009323120117,0.0,1.0,0.0,0.0,0.0,0.0,0.0,1.0,0.0,0.0,0.0,0.0,0.0,1.0,1.0,1384,68,156,138.4,37.10405787930899,138.4,0.0071828842163085,10,0.9180149190177154,1936.0
20.0,6,64.0,255.0504104591061,0.0,0.0,1.0,0.0,0.0,0.0,0.0,0,0,0,10,0,0.0392079353332519,0.0,1.0,0.0,0.0,0.0,0.0,0.0,1.0,0.0,0.0,0.0,0.0,0.0,1.0,1.0,1576,156,158,157.6,0.8432740427115678,157.6,0.0046447038650512,10,0.0,1.0
20.0,6,64.0,1308.5527095747668,0.0,0.0,0.8,0.2,0.2,0.0,0.0,2,0,0,8,0,0.0076420307159423,0.0,1.0,0.0,0.0,0.0,0.0,0.0,1.0,0.0,0.0,0.0,0.0,0.0,1.0,1.0,832,54,158,83.2,39.60022446625496,83.2,0.0007720947265625,10,0.9428895774385736,2231.04
20.0,6,64.0,798.8541825384733,0.0,0.0,0.6,0.4,0.4,0.0,0.0,4,0,0,6,0,0.0125179290771484,0.0,1.0,0.0,0.0,0.0,0.0,0.0,1.0,0.0,0.0,0.0,0.0,0.0,1.0,1.0,600,54,66,60.0,6.324555320336759,60.0,0.0012556076049804,10,0.9293344008552924,36.0
20.0,6,64.0,698.9108844897687,0.0,0.0,0.7,0.3,0.3,0.0,0.0,3,0,0,7,0,0.0143079757690429,0.0,1.0,0.0,0.0,0.0,0.0,0.0,1.0,0.0,0.0,0.0,0.0,0.0,1.0,1.0,624,54,66,62.4,5.796550698475775,62.4,0.0015894889831542,10,0.9291193128925312,36.0
20.0,6,64.0,250.56327847307267,0.0,0.0,0.9,0.1,0.1,0.0,0.0,1,0,0,9,0,0.039910078048706,0.0,1.0,0.0,0.0,0.0,0.0,0.0,1.0,0.0,0.0,0.0,0.0,0.0,1.0,1.0,4088,54,496,408.8,183.85549881481504,408.8,0.0043621063232421,10,1.0,47542.0
20.0,6,64.0,256.3708489453128,0.0,0.0,1.0,0.0,0.0,0.0,0.0,0,0,0,10,0,0.0390059947967529,0.0,1.0,0.0,0.0,0.0,0.0,0.0,1.0,0.0,0.0,0.0,0.0,0.0,1.0,1.0,4976,496,498,497.6,0.8432740427115677,497.6,0.0049322128295898,10,0.0,1.0
20.0,6,64.0,410.2209398992616,0.0,0.0,0.6,0.4,0.4,0.0,0.0,4,0,0,6,0,0.0243771076202392,0.0,1.0,0.0,0.0,0.0,0.0,0.0,1.0,0.0,0.0,0.0,0.0,0.0,1.0,1.0,1468,54,498,146.8,185.15867069444343,146.8,0.0029505968093872,10,1.0,48192.75
20.0,6,64.0,1310.433342706283,0.0,0.0,0.5,0.5,0.5,0.0,0.0,5,0,0,5,0,0.0076310634613037,0.0,1.0,0.0,0.0,0.0,0.0,0.0,1.0,0.0,0.0,0.0,0.0,0.0,1.0,1.0,600,54,64,60.0,5.163977794943222,60.0,0.0018857955932617,10,0.928861627994548,25.0
20.0,6,64.0,291.48567695664866,0.0,0.0,0.5,0.5,0.5,0.0,0.0,5,0,0,5,0,0.0343070030212402,0.0,1.0,0.0,0.0,0.0,0.0,0.0,1.0,0.0,0.0,0.0,0.0,0.0,1.0,1.0,600,54,66,60.0,6.324555320336759,60.0,0.0034332036972045,10,0.9293344008552924,36.0
20.0,6,64.0,433.01405077274086,0.0,0.0,0.5,0.5,0.5,0.0,0.0,5,0,0,5,0,0.0230939388275146,0.0,1.0,0.0,0.0,0.0,0.0,0.0,1.0,0.0,0.0,0.0,0.0,0.0,1.0,1.0,600,54,66,60.0,6.324555320336759,60.0,0.0023123979568481,10,0.9293344008552924,36.0
20.0,6,64.0,198.06688641021523,0.0,0.0,0.9,0.1,0.1,0.0,0.0,1,0,0,9,0,0.050487995147705,0.0,1.0,0.0,0.0,0.0,0.0,0.0,1.0,0.0,0.0,0.0,0.0,0.0,1.0,1.0,5268,54,645,526.8,249.18747962126827,526.8,0.0050543069839477,10,1.0,87320.25
20.0,6,64.0,904.7442783494035,0.0,0.0,0.8,0.2,0.2,0.0,0.0,2,0,0,8,0,0.0110528469085693,0.0,1.0,0.0,0.0,0.0,0.0,0.0,1.0,0.0,0.0,0.0,0.0,0.0,1.0,1.0,5873,54,647,587.3,187.38436434238585,587.3,0.0011469841003417,10,1.0,34672.88888888889
20.0,6,64.0,567.2117491142185,0.0,0.0,1.0,0.0,0.0,0.0,0.0,0,0,0,10,0,0.0176301002502441,0.0,1.0,0.0,0.0,0.0,0.0,0.0,1.0,0.0,0.0,0.0,0.0,0.0,1.0,1.0,2385,54,647,238.5,281.9122203807419,238.5,0.0017644166946411,10,1.0,87912.25
20.0,6,64.0,163.8700855235141,0.0,0.0,1.0,0.0,0.0,0.0,0.0,0,0,0,10,0,0.0610239505767822,0.0,1.0,0.0,0.0,0.0,0.0,0.0,1.0,0.0,0.0,0.0,0.0,0.0,1.0,1.0,662,65,67,66.2,1.0327955589886444,66.2,0.0064487934112548,10,0.9084333195989096,1.0
20.0,6,64.0,4334.749896651509,0.0,0.0,0.8,0.2,0.2,0.0,0.0,2,0,0,8,0,0.0023069381713867,0.0,1.0,0.0,0.0,0.0,0.0,0.0,1.0,0.0,0.0,0.0,0.0,0.0,1.0,1.0,652,54,67,65.2,3.966526608171604,65.2,0.000925588607788,10,0.9283738342791048,22.88888888888889
20.0,6,64.0,1571.8423025033728,0.0,0.0,0.7,0.3,0.3,0.0,0.0,3,0,0,7,0,0.006361961364746,0.0,1.0,0.0,0.0,0.0,0.0,0.0,1.0,0.0,0.0,0.0,0.0,0.0,1.0,1.0,614,54,68,61.4,6.397916327472042,61.4,0.0006376028060913,10,0.929364285195159,36.84
20.0,6,64.0,733.026442265681,0.0,0.0,0.5,0.5,0.5,0.0,0.0,5,0,0,5,0,0.0136420726776123,0.0,1.0,0.0,0.0,0.0,0.0,0.0,1.0,0.0,0.0,0.0,0.0,0.0,1.0,1.0,624,54,68,62.4,7.229568912920511,62.4,0.0014265060424804,10,0.9297030671923672,49.0
20.0,6,64.0,622.3926398575456,0.0,0.0,0.7,0.3,0.3,0.0,0.0,3,0,0,7,0,0.0160670280456542,0.0,1.0,0.0,0.0,0.0,0.0,0.0,1.0,0.0,0.0,0.0,0.0,0.0,1.0,1.0,612,54,68,61.2,6.408327915038888,61.2,0.0016098976135253,10,0.9293685264594702,49.0
20.0,6,64.0,219.1106653293213,0.0,0.0,0.7,0.3,0.3,0.0,0.0,3,0,0,7,0,0.0456390380859375,0.0,1.0,0.0,0.0,0.0,0.0,0.0,1.0,0.0,0.0,0.0,0.0,0.0,1.0,1.0,610,54,64,61.0,4.83045891539648,61.0,0.0049685955047607,10,0.928725765743776,25.0
20.0,6,64.0,934.830499030468,0.0,0.0,0.6,0.4,0.4,0.0,0.0,4,0,0,6,0,0.0106971263885498,0.0,1.0,0.0,0.0,0.0,0.0,0.0,1.0,0.0,0.0,0.0,0.0,0.0,1.0,1.0,612,54,66,61.2,6.196773353931867,61.2,0.0011526107788085,10,0.9292823475934576,35.55555555555556
20.0,6,64.0,3055.2913752913755,0.0,0.0,0.5,0.5,0.5,0.0,0.0,5,0,0,5,0,0.0032730102539062,0.0,1.0,0.0,0.0,0.0,0.0,0.0,1.0,0.0,0.0,0.0,0.0,0.0,1.0,1.0,598,54,66,59.8,6.142746399887703,59.8,0.0014844894409179,10,0.9292603391734584,36.0
20.0,6,64.0,2517.589435774309,0.0,0.0,0.5,0.5,0.5,0.0,0.0,5,0,0,5,0,0.003972053527832,0.0,1.0,0.0,0.0,0.0,0.0,0.0,1.0,0.0,0.0,0.0,0.0,0.0,1.0,1.0,590,54,64,59.0,5.270462766947299,59.0,0.0004976987838745,10,0.9289050057127436,25.0
20.0,6,64.0,1208.3152800184375,0.0,0.0,0.5,0.5,0.5,0.0,0.0,5,0,0,5,0,0.0082759857177734,0.0,1.0,0.0,0.0,0.0,0.0,0.0,1.0,0.0,0.0,0.0,0.0,0.0,1.0,1.0,604,54,66,60.4,5.561774297230456,60.4,0.0009187936782836,10,0.9290236743777198,27.84
20.0,6,64.0,718.1904419444872,0.0,0.0,0.5,0.5,0.5,0.0,0.0,5,0,0,5,0,0.0139238834381103,0.0,1.0,0.0,0.0,0.0,0.0,0.0,1.0,0.0,0.0,0.0,0.0,0.0,1.0,1.0,600,54,66,60.0,6.324555320336759,60.0,0.001396107673645,10,0.9293344008552924,36.0
20.0,6,64.0,829.4547827634624,0.0,0.0,0.5,0.5,0.5,0.0,0.0,5,0,0,5,0,0.0120561122894287,0.0,1.0,0.0,0.0,0.0,0.0,0.0,1.0,0.0,0.0,0.0,0.0,0.0,1.0,1.0,596,54,66,59.6,5.94792213951879,59.6,0.0012086153030395,10,0.9291809755627544,36.0
20.0,6,64.0,870.0972928119489,0.0,0.0,0.5,0.5,0.5,0.0,0.0,5,0,0,5,0,0.0114929676055908,0.0,1.0,0.0,0.0,0.0,0.0,0.0,1.0,0.0,0.0,0.0,0.0,0.0,1.0,1.0,590,54,64,59.0,5.270462766947299,59.0,0.0011520862579345,10,0.9289050057127436,25.0
20.0,6,64.0,382.9680152664786,0.0,0.0,0.5,0.5,0.5,0.0,0.0,5,0,0,5,0,0.0261118412017822,0.0,1.0,0.0,0.0,0.0,0.0,0.0,1.0,0.0,0.0,0.0,0.0,0.0,1.0,1.0,594,54,66,59.4,5.738757124441959,59.4,0.0026140928268432,10,0.9290957701022128,29.64
20.0,6,64.0,721.6131030211272,0.0,0.0,0.5,0.5,0.5,0.0,0.0,5,0,0,5,0,0.0138578414916992,0.0,1.0,0.0,0.0,0.0,0.0,0.0,1.0,0.0,0.0,0.0,0.0,0.0,1.0,1.0,600,54,66,60.0,6.324555320336759,60.0,0.0013875007629394,10,0.9293344008552924,36.0
20.0,6,64.0,333.27802940007945,0.0,0.0,0.7,0.3,0.3,0.0,0.0,3,0,0,7,0,0.0300049781799316,0.0,1.0,0.0,0.0,0.0,0.0,0.0,1.0,0.0,0.0,0.0,0.0,0.0,1.0,1.0,612,54,66,61.2,6.196773353931867,61.2,0.0030038118362426,10,0.9292823475934576,36.0
20.0,6,64.0,475.25908467700816,0.0,0.0,1.0,0.0,0.0,0.0,0.0,0,0,0,10,0,0.0210411548614501,0.0,1.0,0.0,0.0,0.0,0.0,0.0,1.0,0.0,0.0,0.0,0.0,0.0,1.0,1.0,666,66,68,66.6,0.966091783079296,66.6,0.0021085023880004,10,0.0,0.8400000000000001
20.0,6,64.0,225.1491760158892,0.0,0.0,0.8,0.2,0.2,0.0,0.0,2,0,0,8,0,0.04441499710083,0.0,1.0,0.0,0.0,0.0,0.0,0.0,1.0,0.0,0.0,0.0,0.0,0.0,1.0,1.0,680,54,75,68.0,5.715476066494082,68.0,0.0049170970916748,10,0.929086286330447,29.4
20.0,6,64.0,340.2644687099444,0.0,0.0,0.5,0.5,0.5,0.0,0.0,5,0,0,5,0,0.0293889045715332,0.0,1.0,0.0,0.0,0.0,0.0,0.0,1.0,0.0,0.0,0.0,0.0,0.0,1.0,1.0,645,54,75,64.5,11.067971810589327,64.5,0.0029424905776977,10,0.9312666789967616,110.25
20.0,6,64.0,254.3945073207419,0.0,0.0,0.5,0.5,0.5,0.0,0.0,5,0,0,5,0,0.039309024810791,0.0,1.0,0.0,0.0,0.0,0.0,0.0,1.0,0.0,0.0,0.0,0.0,0.0,1.0,1.0,649,54,77,64.9,11.51279481465923,64.9,0.0039353132247924,10,0.9314478820956996,119.29
20.0,6,64.0,500.9260608376826,0.0,0.0,0.6,0.4,0.4,0.0,0.0,4,0,0,6,0,0.0199630260467529,0.0,1.0,0.0,0.0,0.0,0.0,0.0,1.0,0.0,0.0,0.0,0.0,0.0,1.0,1.0,655,54,77,65.5,12.122064363978788,65.5,0.0019999980926513,10,0.9316960741393104,132.25
20.0,6,64.0,322.8399233368484,0.0,0.0,0.7,0.3,0.3,0.0,0.0,3,0,0,7,0,0.0309751033782959,0.0,1.0,0.0,0.0,0.0,0.0,0.0,1.0,0.0,0.0,0.0,0.0,0.0,1.0,1.0,657,54,77,65.7,9.39325999498222,65.7,0.0037642955780029,10,0.930584468391556,132.25
20.0,6,64.0,238.8855095740924,0.0,0.0,1.0,0.0,0.0,0.0,0.0,0,0,0,10,0,0.0418610572814941,0.0,1.0,0.0,0.0,0.0,0.0,0.0,1.0,0.0,0.0,0.0,0.0,0.0,1.0,1.0,668,66,68,66.8,1.0327955589886444,66.8,0.0045993089675903,10,0.9067291895989096,0.96
20.0,6,64.0,311.06246013735,0.0,0.0,1.0,0.0,0.0,0.0,0.0,0,0,0,10,0,0.0321478843688964,0.0,1.0,0.0,0.0,0.0,0.0,0.0,1.0,0.0,0.0,0.0,0.0,0.0,1.0,1.0,672,66,68,67.2,1.0327955589886444,67.2,0.0040608882904052,10,0.9067291895989096,0.96
20.0,6,64.0,431.9082287279505,0.0,0.0,1.0,0.0,0.0,0.0,0.0,0,0,0,10,0,0.0231530666351318,0.0,1.0,0.0,0.0,0.0,0.0,0.0,1.0,0.0,0.0,0.0,0.0,0.0,1.0,1.0,668,66,68,66.8,1.0327955589886444,66.8,0.0025943040847778,10,0.9067291895989096,0.96
20.0,6,64.0,161.47278375995657,0.0,0.0,0.8,0.2,0.2,0.0,0.0,2,0,0,8,0,0.0619299411773681,0.0,1.0,0.0,0.0,0.0,0.0,0.0,1.0,0.0,0.0,0.0,0.0,0.0,1.0,1.0,660,54,68,66.0,4.320493798938574,66.0,0.0065665006637573,10,0.9285180263539357,18.666666666666668
20.0,6,64.0,808.7276092782909,0.0,0.0,0.6,0.4,0.4,0.0,0.0,4,0,0,6,0,0.0123651027679443,0.0,1.0,0.0,0.0,0.0,0.0,0.0,1.0,0.0,0.0,0.0,0.0,0.0,1.0,1.0,600,54,66,60.0,6.324555320336759,60.0,0.0012449026107788,10,0.9293344008552924,36.0
20.0,6,64.0,371.6081474984274,0.0,0.0,0.7,0.3,0.3,0.0,0.0,3,0,0,7,0,0.0269100666046142,0.0,1.0,0.0,0.0,0.0,0.0,0.0,1.0,0.0,0.0,0.0,0.0,0.0,1.0,1.0,634,54,68,63.4,6.535373831014651,63.4,0.0027776002883911,10,0.9294202798838022,38.44
20.0,6,64.0,322.40564514889235,0.0,0.0,0.6,0.4,0.4,0.0,0.0,4,0,0,6,0,0.0310168266296386,0.0,1.0,0.0,0.0,0.0,0.0,0.0,1.0,0.0,0.0,0.0,0.0,0.0,1.0,1.0,1785,54,1229,178.5,369.1736267214475,178.5,0.0037819862365722,10,1.0,134375.5555555556
20.0,6,64.0,969.5346848200458,0.0,0.0,0.5,0.5,0.5,0.0,0.0,5,0,0,5,0,0.0103142261505126,0.0,1.0,0.0,0.0,0.0,0.0,0.0,1.0,0.0,0.0,0.0,0.0,0.0,1.0,1.0,7590,54,1229,759.0,606.7673909058286,759.0,0.0025425195693969,10,1.0,340895.06172839506
20.0,6,64.0,1153.263493634689,0.0,0.0,0.5,0.5,0.5,0.0,0.0,5,0,0,5,0,0.0086710453033447,0.0,1.0,0.0,0.0,0.0,0.0,0.0,1.0,0.0,0.0,0.0,0.0,0.0,1.0,1.0,6419,54,1231,641.9,619.7014424525554,641.9,0.0008709907531738,10,1.0,345626.89
20.0,6,64.0,752.7871206274566,0.0,0.0,0.5,0.5,0.5,0.0,0.0,5,0,0,5,0,0.0132839679718017,0.0,1.0,0.0,0.0,0.0,0.0,0.0,1.0,0.0,0.0,0.0,0.0,0.0,1.0,1.0,6425,54,1231,642.5,620.3334676696971,642.5,0.0013323068618774,10,1.0,346332.25
20.0,6,64.0,950.3781750617452,0.0,0.0,0.6,0.4,0.4,0.0,0.0,4,0,0,6,0,0.0105221271514892,0.0,1.0,0.0,0.0,0.0,0.0,0.0,1.0,0.0,0.0,0.0,0.0,0.0,1.0,1.0,6411,54,1231,641.1,618.8630166146086,641.1,0.001055097579956,10,1.0,346332.25
20.0,6,64.0,596.7311632142045,0.0,0.0,0.6,0.4,0.4,0.0,0.0,4,0,0,6,0,0.0167579650878906,0.0,1.0,0.0,0.0,0.0,0.0,0.0,1.0,0.0,0.0,0.0,0.0,0.0,1.0,1.0,7560,54,1224,756.0,604.1854020083571,756.0,0.0019577980041503,10,1.0,335240.8163265306
20.0,6,64.0,276.02095343388874,0.0,0.0,0.5,0.5,0.5,0.0,0.0,5,0,0,5,0,0.036229133605957,0.0,1.0,0.0,0.0,0.0,0.0,0.0,1.0,0.0,0.0,0.0,0.0,0.0,1.0,1.0,7568,54,1226,756.8,604.8744222288348,756.8,0.004048204421997,10,1.0,342615.5555555556
20.0,6,64.0,356.2132368552914,0.0,0.0,0.5,0.5,0.5,0.0,0.0,5,0,0,5,0,0.0280730724334716,0.0,1.0,0.0,0.0,0.0,0.0,0.0,1.0,0.0,0.0,0.0,0.0,0.0,1.0,1.0,6400,54,1226,640.0,617.6982362862234,640.0,0.0028126001358032,10,1.0,343396.0
20.0,6,64.0,1028.368557838474,0.0,0.0,0.6,0.4,0.4,0.0,0.0,4,0,0,6,0,0.0097241401672363,0.0,1.0,0.0,0.0,0.0,0.0,0.0,1.0,0.0,0.0,0.0,0.0,0.0,1.0,1.0,1760,54,1226,176.0,368.9805776279649,176.0,0.0009820938110351,10,1.0,343396.0
20.0,6,64.0,261.9524472729317,0.0,0.0,0.5,0.5,0.5,0.0,0.0,5,0,0,5,0,0.0381748676300048,0.0,1.0,0.0,0.0,0.0,0.0,0.0,1.0,0.0,0.0,0.0,0.0,0.0,1.0,1.0,600,54,66,60.0,6.324555320336759,60.0,0.0041164875030517,10,0.9293344008552924,36.0
20.0,6,64.0,984.2549396911812,0.0,0.0,0.5,0.5,0.5,0.0,0.0,5,0,0,5,0,0.0101599693298339,0.0,1.0,0.0,0.0,0.0,0.0,0.0,1.0,0.0,0.0,0.0,0.0,0.0,1.0,1.0,608,54,68,60.8,7.192588778272627,60.8,0.0011250019073486,10,0.9296880029647172,46.56
20.0,6,64.0,2407.8902348010797,0.0,0.0,0.5,0.5,0.5,0.0,0.0,5,0,0,5,0,0.0041530132293701,0.0,1.0,0.0,0.0,0.0,0.0,0.0,1.0,0.0,0.0,0.0,0.0,0.0,1.0,1.0,610,54,68,61.0,7.378647873726218,61.0,0.0005633115768432,10,0.9297637959978412,49.0
20.0,6,64.0,794.3456687246695,0.0,0.0,0.9,0.1,0.1,0.0,0.0,1,0,0,9,0,0.0125889778137207,0.0,1.0,0.0,0.0,0.0,0.0,0.0,1.0,0.0,0.0,0.0,0.0,0.0,1.0,1.0,650,54,68,65.0,3.915780041490244,65.0,0.0013771057128906,10,0.9283531621577016,49.0
20.0,6,64.0,350.97603427500337,0.0,0.0,1.0,0.0,0.0,0.0,0.0,0,0,0,10,0,0.0284919738769531,0.0,1.0,0.0,0.0,0.0,0.0,0.0,1.0,0.0,0.0,0.0,0.0,0.0,1.0,1.0,660,66,66,66.0,0.0,66.0,0.0029783964157104,10,0.0,0.0
20.0,6,64.0,302.3531955998328,0.0,0.0,1.0,0.0,0.0,0.0,0.0,0,0,0,10,0,0.0330739021301269,0.0,1.0,0.0,0.0,0.0,0.0,0.0,1.0,0.0,0.0,0.0,0.0,0.0,1.0,1.0,4132,66,500,413.2,182.99046726841016,413.2,0.003560185432434,10,0.9808514667464596,47089.0
20.0,6,64.0,244.58722337230665,0.0,0.0,1.0,0.0,0.0,0.0,0.0,0,0,0,10,0,0.0408852100372314,0.0,1.0,0.0,0.0,0.0,0.0,0.0,1.0,0.0,0.0,0.0,0.0,0.0,1.0,1.0,5016,500,502,501.6,0.8432740427115677,501.6,0.0045728206634521,10,0.0,1.0
20.0,6,64.0,659.150113150616,0.0,0.0,0.6,0.4,0.4,0.0,0.0,4,0,0,6,0,0.0151710510253906,0.0,1.0,0.0,0.0,0.0,0.0,0.0,1.0,0.0,0.0,0.0,0.0,0.0,1.0,1.0,1484,54,502,148.4,186.4493973650164,148.4,0.0015216827392578,10,1.0,48859.0
20.0,6,64.0,434.04468452805975,0.0,0.0,0.5,0.5,0.5,0.0,0.0,5,0,0,5,0,0.0230391025543212,0.0,1.0,0.0,0.0,0.0,0.0,0.0,1.0,0.0,0.0,0.0,0.0,0.0,1.0,1.0,600,54,66,60.0,6.324555320336759,60.0,0.003179907798767,10,0.9293344008552924,36.0
20.0,6,64.0,270.694564557975,0.0,0.0,0.5,0.5,0.5,0.0,0.0,5,0,0,5,0,0.0369420051574707,0.0,1.0,0.0,0.0,0.0,0.0,0.0,1.0,0.0,0.0,0.0,0.0,0.0,1.0,1.0,608,54,68,60.8,7.192588778272627,60.8,0.0042272090911865,10,0.9296880029647172,46.56
20.0,6,64.0,630.400096191421,0.0,0.0,0.5,0.5,0.5,0.0,0.0,5,0,0,5,0,0.0158629417419433,0.0,1.0,0.0,0.0,0.0,0.0,0.0,1.0,0.0,0.0,0.0,0.0,0.0,1.0,1.0,610,54,68,61.0,7.378647873726218,61.0,0.0015906810760498,10,0.9297637959978412,49.0
20.0,6,64.0,3977.528686581318,0.0,0.0,0.9,0.1,0.1,0.0,0.0,1,0,0,9,0,0.0025141239166259,0.0,1.0,0.0,0.0,0.0,0.0,0.0,1.0,0.0,0.0,0.0,0.0,0.0,1.0,1.0,634,54,68,63.4,3.5339622081862854,63.4,0.0003589153289794,10,0.9281976248451268,49.0
20.0,6,64.0,334.716899823636,0.0,0.0,1.0,0.0,0.0,0.0,0.0,0,0,0,10,0,0.0298759937286376,0.0,1.0,0.0,0.0,0.0,0.0,0.0,1.0,0.0,0.0,0.0,0.0,0.0,1.0,1.0,656,64,66,65.6,0.8432740427115678,65.6,0.0029891014099121,10,0.0,1.0
20.0,6,64.0,482.0429600855064,0.0,0.0,0.6,0.4,0.4,0.0,0.0,4,0,0,6,0,0.020745038986206,0.0,1.0,0.0,0.0,0.0,0.0,0.0,1.0,0.0,0.0,0.0,0.0,0.0,1.0,1.0,724,54,94,72.4,19.15550399580584,72.4,0.0026361942291259,10,0.9345612161077316,330.24
20.0,6,64.0,458.1485324798742,0.0,0.0,0.5,0.5,0.5,0.0,0.0,5,0,0,5,0,0.0218269824981689,0.0,1.0,0.0,0.0,0.0,0.0,0.0,1.0,0.0,0.0,0.0,0.0,0.0,1.0,1.0,740,54,94,74.0,21.081851067789195,74.0,0.0021873950958251,10,0.9353459328509748,400.0
20.0,6,64.0,645.1584322894234,0.0,0.0,0.5,0.5,0.5,0.0,0.0,5,0,0,5,0,0.0155000686645507,0.0,1.0,0.0,0.0,0.0,0.0,0.0,1.0,0.0,0.0,0.0,0.0,0.0,1.0,1.0,748,54,96,74.8,21.93323201597673,74.8,0.0016451120376586,10,0.9356927513940284,432.96
20.0,6,64.0,243.0142240505229,0.0,0.0,0.6,0.4,0.4,0.0,0.0,4,0,0,6,0,0.0411498546600341,0.0,1.0,0.0,0.0,0.0,0.0,0.0,1.0,0.0,0.0,0.0,0.0,0.0,1.0,1.0,792,54,96,79.2,21.68870673876153,79.2,0.0045777797698974,10,0.935593141577102,441.0
20.0,6,64.0,2233.1508891491853,0.0,0.0,0.5,0.5,0.5,0.0,0.0,5,0,0,5,0,0.0044779777526855,0.0,1.0,0.0,0.0,0.0,0.0,0.0,1.0,0.0,0.0,0.0,0.0,0.0,1.0,1.0,590,54,64,59.0,5.270462766947299,59.0,0.0014176130294799,10,0.9289050057127436,25.0
20.0,6,64.0,1905.1162790697676,0.0,0.0,0.5,0.5,0.5,0.0,0.0,5,0,0,5,0,0.0052490234375,0.0,1.0,0.0,0.0,0.0,0.0,0.0,1.0,0.0,0.0,0.0,0.0,0.0,1.0,1.0,590,54,64,59.0,5.270462766947299,59.0,0.000704288482666,10,0.9289050057127436,25.0
20.0,6,64.0,2136.7894441897192,0.0,0.0,0.5,0.5,0.5,0.0,0.0,5,0,0,5,0,0.0046799182891845,0.0,1.0,0.0,0.0,0.0,0.0,0.0,1.0,0.0,0.0,0.0,0.0,0.0,1.0,1.0,600,54,66,60.0,6.324555320336759,60.0,0.0005665063858032,10,0.9293344008552924,36.0
20.0,6,64.0,1632.9144280931246,0.0,0.0,0.5,0.5,0.5,0.0,0.0,5,0,0,5,0,0.0061240196228027,0.0,1.0,0.0,0.0,0.0,0.0,0.0,1.0,0.0,0.0,0.0,0.0,0.0,1.0,1.0,600,54,66,60.0,6.324555320336759,60.0,0.0007107973098754,10,0.9293344008552924,36.0
20.0,6,64.0,334.0903587586822,0.0,0.0,1.0,0.0,0.0,0.0,0.0,0,0,0,10,0,0.0299320220947265,0.0,1.0,0.0,0.0,0.0,0.0,0.0,1.0,0.0,0.0,0.0,0.0,0.0,1.0,1.0,640,64,64,64.0,0.0,64.0,0.0031001091003417,10,0.0,0.0
20.0,6,64.0,151.5036934024454,0.0,0.0,1.0,0.0,0.0,0.0,0.0,0,0,0,10,0,0.066004991531372,0.0,1.0,0.0,0.0,0.0,0.0,0.0,1.0,0.0,0.0,0.0,0.0,0.0,1.0,1.0,660,66,66,66.0,0.0,66.0,0.0066030979156494,10,0.0,0.0
20.0,6,64.0,7299.519665854507,0.0,0.0,0.5,0.5,0.5,0.0,0.0,5,0,0,5,0,0.0013699531555175,0.0,1.0,0.0,0.0,0.0,0.0,0.0,1.0,0.0,0.0,0.0,0.0,0.0,1.0,1.0,6390,54,1224,639.0,616.644143732834,639.0,0.0002207040786743,10,1.0,342225.0
20.0,6,64.0,466.3498593491144,0.0,0.0,0.5,0.5,0.5,0.0,0.0,5,0,0,5,0,0.0214431285858154,0.0,1.0,0.0,0.0,0.0,0.0,0.0,1.0,0.0,0.0,0.0,0.0,0.0,1.0,1.0,6390,54,1224,639.0,616.644143732834,639.0,0.0029041051864624,10,1.0,342225.0
20.0,6,64.0,312.8326682826776,0.0,0.0,0.5,0.5,0.5,0.0,0.0,5,0,0,5,0,0.0319659709930419,0.0,1.0,0.0,0.0,0.0,0.0,0.0,1.0,0.0,0.0,0.0,0.0,0.0,1.0,1.0,7566,54,1225,756.6,604.7017997878514,756.6,0.0038607835769653,10,1.0,342810.25
20.0,6,64.0,3066.4600087732124,0.0,0.0,0.6,0.4,0.4,0.0,0.0,4,0,0,6,0,0.0032610893249511,0.0,1.0,0.0,0.0,0.0,0.0,0.0,1.0,0.0,0.0,0.0,0.0,0.0,1.0,1.0,5244,54,1225,524.4,602.9927583865885,524.4,0.0003291130065917,10,1.0,342810.25
20.0,6,64.0,406.40511603120007,0.0,0.0,0.6,0.4,0.4,0.0,0.0,4,0,0,6,0,0.0246059894561767,0.0,1.0,0.0,0.0,0.0,0.0,0.0,1.0,0.0,0.0,0.0,0.0,0.0,1.0,1.0,590,54,64,59.0,5.270462766947299,59.0,0.0024634838104248,10,0.9289050057127436,25.0
20.0,6,64.0,1286.6752561506842,0.0,0.0,0.5,0.5,0.5,0.0,0.0,5,0,0,5,0,0.0077719688415527,0.0,1.0,0.0,0.0,0.0,0.0,0.0,1.0,0.0,0.0,0.0,0.0,0.0,1.0,1.0,606,54,66,60.6,5.738757124441958,60.6,0.0011409044265747,10,0.9290957701022128,29.64
20.0,6,64.0,2438.4070693564327,0.0,0.0,0.5,0.5,0.5,0.0,0.0,5,0,0,5,0,0.0041010379791259,0.0,1.0,0.0,0.0,0.0,0.0,0.0,1.0,0.0,0.0,0.0,0.0,0.0,1.0,1.0,600,54,66,60.0,6.324555320336759,60.0,0.0004131078720092,10,0.9293344008552924,36.0
20.0,6,64.0,960.7183105043748,0.0,0.0,0.7,0.3,0.3,0.0,0.0,3,0,0,7,0,0.010408878326416,0.0,1.0,0.0,0.0,0.0,0.0,0.0,1.0,0.0,0.0,0.0,0.0,0.0,1.0,1.0,612,54,66,61.2,6.196773353931867,61.2,0.001044487953186,10,0.9292823475934576,36.0
20.0,6,64.0,311.4690113023719,0.0,0.0,1.0,0.0,0.0,0.0,0.0,0,0,0,10,0,0.0321059226989746,0.0,1.0,0.0,0.0,0.0,0.0,0.0,1.0,0.0,0.0,0.0,0.0,0.0,1.0,1.0,668,66,68,66.8,1.0327955589886444,66.8,0.004099702835083,10,0.9067291895989096,0.96
20.0,6,64.0,401.62246011835225,0.0,0.0,0.8,0.2,0.2,0.0,0.0,2,0,0,8,0,0.0248990058898925,0.0,1.0,0.0,0.0,0.0,0.0,0.0,1.0,0.0,0.0,0.0,0.0,0.0,1.0,1.0,644,54,68,64.4,5.719362823873924,64.4,0.0031773090362548,10,0.9290878696399332,29.440000000000005
20.0,6,64.0,192.47784646025207,0.0,0.0,0.9,0.1,0.1,0.0,0.0,1,0,0,9,0,0.0519540309906005,0.0,1.0,0.0,0.0,0.0,0.0,0.0,1.0,0.0,0.0,0.0,0.0,0.0,1.0,1.0,632,54,66,63.2,3.2930904093942583,63.2,0.0054168939590454,10,0.9280995033091708,10.9375
20.0,6,64.0,6887.1986863711,0.0,0.0,0.6,0.4,0.4,0.0,0.0,4,0,0,6,0,0.0014519691467285,0.0,1.0,0.0,0.0,0.0,0.0,0.0,1.0,0.0,0.0,0.0,0.0,0.0,1.0,1.0,612,54,66,61.2,6.196773353931867,61.2,0.0001483917236328,10,0.9292823475934576,34.56
20.0,6,64.0,536.9671365108627,0.0,0.0,0.9,0.1,0.1,0.0,0.0,1,0,0,9,0,0.0186231136322021,0.0,1.0,0.0,0.0,0.0,0.0,0.0,1.0,0.0,0.0,0.0,0.0,0.0,1.0,1.0,636,54,66,63.6,3.502380143083652,63.6,0.0019538164138793,10,0.9281847595750866,32.0
20.0,6,64.0,349.333200073293,0.0,0.0,0.9,0.1,0.1,0.0,0.0,1,0,0,9,0,0.0286259651184082,0.0,1.0,0.0,0.0,0.0,0.0,0.0,1.0,0.0,0.0,0.0,0.0,0.0,1.0,1.0,640,54,66,64.0,3.651483716701108,64.0,0.0033901929855346,10,0.9282454984068352,25.0
20.0,6,64.0,192.03809349388763,0.0,0.0,0.7,0.3,0.3,0.0,0.0,3,0,0,7,0,0.0520730018615722,0.0,1.0,0.0,0.0,0.0,0.0,0.0,1.0,0.0,0.0,0.0,0.0,0.0,1.0,1.0,636,54,66,63.6,5.059644256269407,63.6,0.0060388088226318,10,0.928819126684234,36.0
20.0,6,64.0,879.825474072831,0.0,0.0,0.7,0.3,0.3,0.0,0.0,3,0,0,7,0,0.0113658905029296,0.0,1.0,0.0,0.0,0.0,0.0,0.0,1.0,0.0,0.0,0.0,0.0,0.0,1.0,1.0,612,54,66,61.2,6.196773353931867,61.2,0.0011407852172851,10,0.9292823475934576,36.0
20.0,6,64.0,1480.830391187685,0.0,0.0,0.5,0.5,0.5,0.0,0.0,5,0,0,5,0,0.0067529678344726,0.0,1.0,0.0,0.0,0.0,0.0,0.0,1.0,0.0,0.0,0.0,0.0,0.0,1.0,1.0,617,54,67,61.7,6.634087059355726,61.7,0.0008847951889038,10,0.9294604917044992,40.734375
20.0,6,64.0,1293.9791448139692,0.0,0.0,0.5,0.5,0.5,0.0,0.0,5,0,0,5,0,0.007728099822998,0.0,1.0,0.0,0.0,0.0,0.0,0.0,1.0,0.0,0.0,0.0,0.0,0.0,1.0,1.0,605,54,67,60.5,6.851601597031489,60.5,0.0007757186889648,10,0.9295490984265669,42.25
20.0,6,64.0,183.516398893906,0.0,0.0,1.0,0.0,0.0,0.0,0.0,0,0,0,10,0,0.0544910430908203,0.0,1.0,0.0,0.0,0.0,0.0,0.0,1.0,0.0,0.0,0.0,0.0,0.0,1.0,1.0,648,54,66,64.8,3.794733192202056,64.8,0.005451488494873,10,0.9283038525131756,36.0
20.0,6,64.0,1134.30078156692,0.0,0.0,1.0,0.0,0.0,0.0,0.0,0,0,0,10,0,0.0088160037994384,0.0,1.0,0.0,0.0,0.0,0.0,0.0,1.0,0.0,0.0,0.0,0.0,0.0,1.0,1.0,678,66,68,67.8,0.6324555320336757,67.8,0.0010383129119873,10,0.0,1.0
20.0,6,64.0,905.5451444362884,0.0,0.0,1.0,0.0,0.0,0.0,0.0,0,0,0,10,0,0.0110430717468261,0.0,1.0,0.0,0.0,0.0,0.0,0.0,1.0,0.0,0.0,0.0,0.0,0.0,1.0,1.0,662,66,68,66.2,0.6324555320336757,66.2,0.0012104988098144,10,0.0,1.0
20.0,6,64.0,321.63674705724475,0.0,0.0,1.0,0.0,0.0,0.0,0.0,0,0,0,10,0,0.0310909748077392,0.0,1.0,0.0,0.0,0.0,0.0,0.0,1.0,0.0,0.0,0.0,0.0,0.0,1.0,1.0,678,66,68,67.8,0.6324555320336757,67.8,0.0033993959426879,10,0.0,1.0
20.0,6,64.0,267.451235453531,0.0,0.0,0.6,0.4,0.4,0.0,0.0,4,0,0,6,0,0.0373899936676025,0.0,1.0,0.0,0.0,0.0,0.0,0.0,1.0,0.0,0.0,0.0,0.0,0.0,1.0,1.0,1496,54,211,149.6,79.37001952878681,149.6,0.0041049003601074,10,0.9590902011552466,5908.9375
20.0,6,64.0,335.77264539887125,0.0,0.0,0.6,0.4,0.4,0.0,0.0,4,0,0,6,0,0.0297820568084716,0.0,1.0,0.0,0.0,0.0,0.0,0.0,1.0,0.0,0.0,0.0,0.0,0.0,1.0,1.0,1327,54,213,132.7,82.95922693307438,132.7,0.0029818058013916,10,0.9605523006834572,6194.01
20.0,6,64.0,1022.6019114491904,0.0,0.0,0.5,0.5,0.5,0.0,0.0,5,0,0,5,0,0.0097789764404296,0.0,1.0,0.0,0.0,0.0,0.0,0.0,1.0,0.0,0.0,0.0,0.0,0.0,1.0,1.0,1494,54,213,149.4,82.10724693959725,149.4,0.0009809970855712,10,0.9602052381133144,6320.25
20.0,6,64.0,407.8633941421292,0.0,0.0,0.6,0.4,0.4,0.0,0.0,4,0,0,6,0,0.0245180130004882,0.0,1.0,0.0,0.0,0.0,0.0,0.0,1.0,0.0,0.0,0.0,0.0,0.0,1.0,1.0,1047,54,213,104.7,74.8614275400445,104.7,0.0024546861648559,10,0.9572535811227124,6320.25
20.0,6,64.0,538.4146544973748,0.0,0.0,0.6,0.4,0.4,0.0,0.0,4,0,0,6,0,0.0185730457305908,0.0,1.0,0.0,0.0,0.0,0.0,0.0,1.0,0.0,0.0,0.0,0.0,0.0,1.0,1.0,600,54,64,60.0,5.163977794943222,60.0,0.0018615007400512,10,0.928861627994548,25.0
20.0,6,64.0,471.0319501375709,0.0,0.0,0.5,0.5,0.5,0.0,0.0,5,0,0,5,0,0.0212299823760986,0.0,1.0,0.0,0.0,0.0,0.0,0.0,1.0,0.0,0.0,0.0,0.0,0.0,1.0,1.0,598,54,66,59.8,6.142746399887703,59.8,0.0021253108978271,10,0.9292603391734584,33.959999999999994
20.0,6,64.0,725.3193145070642,0.0,0.0,0.6,0.4,0.4,0.0,0.0,4,0,0,6,0,0.013787031173706,0.0,1.0,0.0,0.0,0.0,0.0,0.0,1.0,0.0,0.0,0.0,0.0,0.0,1.0,1.0,612,54,66,61.2,6.196773353931867,61.2,0.001383090019226,10,0.9292823475934576,36.0
20.0,6,64.0,401.8494850299401,0.0,0.0,1.0,0.0,0.0,0.0,0.0,0,0,0,10,0,0.0248849391937255,0.0,1.0,0.0,0.0,0.0,0.0,0.0,1.0,0.0,0.0,0.0,0.0,0.0,1.0,1.0,5535,54,609,553.5,175.50641013934506,553.5,0.0024914026260375,10,0.9982523212343636,77006.25
20.0,6,64.0,269.7388340461108,0.0,0.0,1.0,0.0,0.0,0.0,0.0,0,0,0,10,0,0.0370728969573974,0.0,1.0,0.0,0.0,0.0,0.0,0.0,1.0,0.0,0.0,0.0,0.0,0.0,1.0,1.0,6108,609,611,610.8,0.6324555320336759,610.8,0.0040252923965454,10,0.0,1.0
20.0,6,64.0,218.34529789947683,0.0,0.0,0.7,0.3,0.3,0.0,0.0,3,0,0,7,0,0.0457990169525146,0.0,1.0,0.0,0.0,0.0,0.0,0.0,1.0,0.0,0.0,0.0,0.0,0.0,1.0,1.0,1181,54,611,118.1,173.2592469874744,118.1,0.0045848131179809,10,0.9973369168528176,74256.25
20.0,6,64.0,3154.560770156438,0.0,0.0,0.6,0.4,0.4,0.0,0.0,4,0,0,6,0,0.0031700134277343,0.0,1.0,0.0,0.0,0.0,0.0,0.0,1.0,0.0,0.0,0.0,0.0,0.0,1.0,1.0,604,54,68,60.4,6.785605679999719,60.4,0.0003210067749023,10,0.9295222143298046,41.44
20.0,6,64.0,361.6901797109448,0.0,0.0,0.5,0.5,0.5,0.0,0.0,5,0,0,5,0,0.0276479721069335,0.0,1.0,0.0,0.0,0.0,0.0,0.0,1.0,0.0,0.0,0.0,0.0,0.0,1.0,1.0,624,54,68,62.4,7.229568912920511,62.4,0.0034597873687744,10,0.9297030671923672,48.39506172839506
20.0,6,64.0,398.1228643025287,0.0,0.0,0.6,0.4,0.4,0.0,0.0,4,0,0,6,0,0.0251178741455078,0.0,1.0,0.0,0.0,0.0,0.0,0.0,1.0,0.0,0.0,0.0,0.0,0.0,1.0,1.0,679,54,91,67.9,16.888194430166624,67.9,0.0025151014328002,10,0.9336376048830728,261.358024691358
20.0,6,64.0,893.6600332381643,0.0,0.0,0.6,0.4,0.4,0.0,0.0,4,0,0,6,0,0.0111899375915527,0.0,1.0,0.0,0.0,0.0,0.0,0.0,1.0,0.0,0.0,0.0,0.0,0.0,1.0,1.0,762,54,91,76.2,19.106717841289925,76.2,0.001120901107788,10,0.934541342579828,342.25
20.0,6,64.0,445.1748622859993,0.0,0.0,0.6,0.4,0.4,0.0,0.0,4,0,0,6,0,0.0224630832672119,0.0,1.0,0.0,0.0,0.0,0.0,0.0,1.0,0.0,0.0,0.0,0.0,0.0,1.0,1.0,811,54,93,81.1,18.710959355415213,81.1,0.0026631116867065,10,0.934380126403022,332.6172839506173
20.0,6,64.0,320.67770174700865,0.0,0.0,0.7,0.3,0.3,0.0,0.0,3,0,0,7,0,0.0311839580535888,0.0,1.0,0.0,0.0,0.0,0.0,0.0,1.0,0.0,0.0,0.0,0.0,0.0,1.0,1.0,716,54,93,71.6,18.816068782943063,71.6,0.003121280670166,10,0.9344229437794196,380.25
20.0,6,64.0,354.1948014659933,0.0,0.0,0.5,0.5,0.5,0.0,0.0,5,0,0,5,0,0.0282330513000488,0.0,1.0,0.0,0.0,0.0,0.0,0.0,1.0,0.0,0.0,0.0,0.0,0.0,1.0,1.0,590,54,64,59.0,5.270462766947299,59.0,0.003019905090332,10,0.9289050057127436,25.0
20.0,6,64.0,980.1836834848448,0.0,0.0,0.5,0.5,0.5,0.0,0.0,5,0,0,5,0,0.0102021694183349,0.0,1.0,0.0,0.0,0.0,0.0,0.0,1.0,0.0,0.0,0.0,0.0,0.0,1.0,1.0,594,54,66,59.4,5.738757124441959,59.4,0.0012813091278076,10,0.9290957701022128,29.64
20.0,6,64.0,373.4976580170617,0.0,0.0,0.5,0.5,0.5,0.0,0.0,5,0,0,5,0,0.0267739295959472,0.0,1.0,0.0,0.0,0.0,0.0,0.0,1.0,0.0,0.0,0.0,0.0,0.0,1.0,1.0,600,54,66,60.0,6.324555320336759,60.0,0.0027786970138549,10,0.9293344008552924,36.0
20.0,6,64.0,264.24974011655377,0.0,0.0,0.5,0.5,0.5,0.0,0.0,5,0,0,5,0,0.0378429889678955,0.0,1.0,0.0,0.0,0.0,0.0,0.0,1.0,0.0,0.0,0.0,0.0,0.0,1.0,1.0,606,54,66,60.6,5.738757124441959,60.6,0.0046891927719116,10,0.9290957701022128,36.0
20.0,6,64.0,708.2699809182864,0.0,0.0,0.6,0.4,0.4,0.0,0.0,4,0,0,6,0,0.0141189098358154,0.0,1.0,0.0,0.0,0.0,0.0,0.0,1.0,0.0,0.0,0.0,0.0,0.0,1.0,1.0,600,54,64,60.0,5.163977794943222,60.0,0.001415205001831,10,0.928861627994548,25.0
20.0,6,64.0,663.0052796307419,0.0,0.0,0.6,0.4,0.4,0.0,0.0,4,0,0,6,0,0.015082836151123,0.0,1.0,0.0,0.0,0.0,0.0,0.0,1.0,0.0,0.0,0.0,0.0,0.0,1.0,1.0,598,54,66,59.8,6.142746399887703,59.8,0.0015116930007934,10,0.9292603391734584,33.959999999999994
20.0,6,64.0,867.9187187021479,0.0,0.0,0.5,0.5,0.5,0.0,0.0,5,0,0,5,0,0.0115218162536621,0.0,1.0,0.0,0.0,0.0,0.0,0.0,1.0,0.0,0.0,0.0,0.0,0.0,1.0,1.0,612,54,66,61.2,6.196773353931867,61.2,0.0022830963134765,10,0.9292823475934576,36.0
20.0,6,64.0,543.1207106414938,0.0,0.0,0.6,0.4,0.4,0.0,0.0,4,0,0,6,0,0.0184121131896972,0.0,1.0,0.0,0.0,0.0,0.0,0.0,1.0,0.0,0.0,0.0,0.0,0.0,1.0,1.0,590,54,64,59.0,5.270462766947299,59.0,0.0018446207046508,10,0.9289050057127436,25.0
20.0,6,64.0,742.4992476411337,0.0,0.0,0.5,0.5,0.5,0.0,0.0,5,0,0,5,0,0.0134680271148681,0.0,1.0,0.0,0.0,0.0,0.0,0.0,1.0,0.0,0.0,0.0,0.0,0.0,1.0,1.0,590,54,64,59.0,5.270462766947299,59.0,0.0017097949981689,10,0.9289050057127436,25.0
20.0,6,64.0,901.4774217121242,0.0,0.0,0.5,0.5,0.5,0.0,0.0,5,0,0,5,0,0.0110929012298583,0.0,1.0,0.0,0.0,0.0,0.0,0.0,1.0,0.0,0.0,0.0,0.0,0.0,1.0,1.0,600,54,66,60.0,6.324555320336759,60.0,0.0013556957244873,10,0.9293344008552924,36.0
20.0,6,64.0,259.484286067805,0.0,0.0,0.5,0.5,0.5,0.0,0.0,5,0,0,5,0,0.0385379791259765,0.0,1.0,0.0,0.0,0.0,0.0,0.0,1.0,0.0,0.0,0.0,0.0,0.0,1.0,1.0,612,54,66,61.2,6.196773353931867,61.2,0.0039777040481567,10,0.9292823475934576,35.55555555555556
20.0,6,64.0,265.5278201581403,0.0,0.0,0.7,0.3,0.3,0.0,0.0,3,0,0,7,0,0.0376608371734619,0.0,1.0,0.0,0.0,0.0,0.0,0.0,1.0,0.0,0.0,0.0,0.0,0.0,1.0,1.0,612,54,66,61.2,6.196773353931867,61.2,0.0037696838378906,10,0.9292823475934576,36.0
20.0,6,64.0,753.2332447381654,0.0,0.0,0.5,0.5,0.5,0.0,0.0,5,0,0,5,0,0.0132761001586914,0.0,1.0,0.0,0.0,0.0,0.0,0.0,1.0,0.0,0.0,0.0,0.0,0.0,1.0,1.0,604,54,68,60.4,6.785605679999719,60.4,0.0015910148620605,10,0.9295222143298046,41.44
20.0,6,64.0,820.1450890674801,0.0,0.0,0.6,0.4,0.4,0.0,0.0,4,0,0,6,0,0.012192964553833,0.0,1.0,0.0,0.0,0.0,0.0,0.0,1.0,0.0,0.0,0.0,0.0,0.0,1.0,1.0,624,54,68,62.4,7.229568912920511,62.4,0.001221489906311,10,0.9297030671923672,49.0
20.0,6,64.0,298.53334946653666,0.0,0.0,0.5,0.5,0.5,0.0,0.0,5,0,0,5,0,0.0334970951080322,0.0,1.0,0.0,0.0,0.0,0.0,0.0,1.0,0.0,0.0,0.0,0.0,0.0,1.0,1.0,608,54,68,60.8,6.051629716218782,60.8,0.0042215108871459,10,0.9292232218811988,49.0
20.0,6,64.0,649.1826216161835,0.0,0.0,0.5,0.5,0.5,0.0,0.0,5,0,0,5,0,0.0154039859771728,0.0,1.0,0.0,0.0,0.0,0.0,0.0,1.0,0.0,0.0,0.0,0.0,0.0,1.0,1.0,590,54,64,59.0,5.270462766947299,59.0,0.0015449047088623,10,0.9289050057127436,25.0
20.0,6,64.0,551.5120116763751,0.0,0.0,0.5,0.5,0.5,0.0,0.0,5,0,0,5,0,0.0181319713592529,0.0,1.0,0.0,0.0,0.0,0.0,0.0,1.0,0.0,0.0,0.0,0.0,0.0,1.0,1.0,598,54,66,59.8,6.142746399887703,59.8,0.0018140792846679,10,0.9292603391734584,33.959999999999994
20.0,6,64.0,797.0022422376771,0.0,0.0,0.5,0.5,0.5,0.0,0.0,5,0,0,5,0,0.0125470161437988,0.0,1.0,0.0,0.0,0.0,0.0,0.0,1.0,0.0,0.0,0.0,0.0,0.0,1.0,1.0,600,54,66,60.0,6.324555320336759,60.0,0.0012583017349243,10,0.9293344008552924,36.0
20.0,6,64.0,417.55141861622695,0.0,0.0,0.9,0.1,0.1,0.0,0.0,1,0,0,9,0,0.0239491462707519,0.0,1.0,0.0,0.0,0.0,0.0,0.0,1.0,0.0,0.0,0.0,0.0,0.0,1.0,1.0,622,54,66,62.2,4.366539438350083,62.2,0.0023963212966918,10,0.9285367835056064,36.0
20.0,6,64.0,188.5826304336097,0.0,0.0,1.0,0.0,0.0,0.0,0.0,0,0,0,10,0,0.0530271530151367,0.0,1.0,0.0,0.0,0.0,0.0,0.0,1.0,0.0,0.0,0.0,0.0,0.0,1.0,1.0,654,64,66,65.4,0.9660917830792958,65.4,0.0055269956588745,10,0.0,1.0
20.0,6,64.0,895.4916947777446,0.0,0.0,1.0,0.0,0.0,0.0,0.0,0,0,0,10,0,0.0111670494079589,0.0,1.0,0.0,0.0,0.0,0.0,0.0,1.0,0.0,0.0,0.0,0.0,0.0,1.0,1.0,660,66,66,66.0,0.0,66.0,0.0011200904846191,10,0.0,0.0
20.0,6,64.0,344.26948584936633,0.0,0.0,1.0,0.0,0.0,0.0,0.0,0,0,0,10,0,0.0290470123291015,0.0,1.0,0.0,0.0,0.0,0.0,0.0,1.0,0.0,0.0,0.0,0.0,0.0,1.0,1.0,674,66,68,67.4,0.9660917830792958,67.4,0.0031297922134399,10,0.0,1.0
20.0,6,64.0,798.1549000951475,0.0,0.0,1.0,0.0,0.0,0.0,0.0,0,0,0,10,0,0.0125288963317871,0.0,1.0,0.0,0.0,0.0,0.0,0.0,1.0,0.0,0.0,0.0,0.0,0.0,1.0,1.0,666,66,68,66.6,0.9660917830792958,66.6,0.0012552022933959,10,0.0,1.0
20.0,6,64.0,461.36375136122143,0.0,0.0,1.0,0.0,0.0,0.0,0.0,0,0,0,10,0,0.0216748714447021,0.0,1.0,0.0,0.0,0.0,0.0,0.0,1.0,0.0,0.0,0.0,0.0,0.0,1.0,1.0,674,66,68,67.4,0.9660917830792958,67.4,0.0021708965301513,10,0.0,1.0
20.0,6,64.0,296.2602154335158,0.0,0.0,0.7,0.3,0.3,0.0,0.0,3,0,0,7,0,0.0337541103363037,0.0,1.0,0.0,0.0,0.0,0.0,0.0,1.0,0.0,0.0,0.0,0.0,0.0,1.0,1.0,630,54,68,63.0,6.27162924074226,63.0,0.0038965225219726,10,0.9293128408875088,35.4
20.0,6,64.0,538.2142948800205,0.0,0.0,0.6,0.4,0.4,0.0,0.0,4,0,0,6,0,0.0185799598693847,0.0,1.0,0.0,0.0,0.0,0.0,0.0,1.0,0.0,0.0,0.0,0.0,0.0,1.0,1.0,626,54,68,62.6,5.966573556070519,62.6,0.0024459838867187,10,0.9291885734038008,36.0
20.0,6,64.0,590.3562430503752,0.0,0.0,0.8,0.2,0.2,0.0,0.0,2,0,0,8,0,0.0169389247894287,0.0,1.0,0.0,0.0,0.0,0.0,0.0,1.0,0.0,0.0,0.0,0.0,0.0,1.0,1.0,638,54,68,63.8,6.762642481555072,63.8,0.0016968965530395,10,0.9295128600412864,49.0
20.0,6,64.0,283.1253586062116,0.0,0.0,1.0,0.0,0.0,0.0,0.0,0,0,0,10,0,0.0353200435638427,0.0,1.0,0.0,0.0,0.0,0.0,0.0,1.0,0.0,0.0,0.0,0.0,0.0,1.0,1.0,648,64,68,64.8,1.686548085423136,64.8,0.0038865089416503,10,0.910403762228078,4.0
20.0,6,64.0,475.1729372712957,0.0,0.0,1.0,0.0,0.0,0.0,0.0,0,0,0,10,0,0.0210449695587158,0.0,1.0,0.0,0.0,0.0,0.0,0.0,1.0,0.0,0.0,0.0,0.0,0.0,1.0,1.0,656,64,66,65.6,0.8432740427115678,65.6,0.0021944046020507,10,0.0,1.0
20.0,6,64.0,212.27738807405385,0.0,0.0,0.7,0.3,0.3,0.0,0.0,3,0,0,7,0,0.0471081733703613,0.0,1.0,0.0,0.0,0.0,0.0,0.0,1.0,0.0,0.0,0.0,0.0,0.0,1.0,1.0,624,54,66,62.4,4.501851470969102,62.4,0.0052814006805419,10,0.928591904215214,19.950617283950617
20.0,6,64.0,412.48822320348535,0.0,0.0,0.7,0.3,0.3,0.0,0.0,3,0,0,7,0,0.0242431163787841,0.0,1.0,0.0,0.0,0.0,0.0,0.0,1.0,0.0,0.0,0.0,0.0,0.0,1.0,1.0,616,54,66,61.6,5.316640543300503,61.6,0.0024276971817016,10,0.9289238166917188,25.876543209876544
20.0,6,64.0,243.1424198859157,0.0,0.0,0.5,0.5,0.5,0.0,0.0,5,0,0,5,0,0.0411281585693359,0.0,1.0,0.0,0.0,0.0,0.0,0.0,1.0,0.0,0.0,0.0,0.0,0.0,1.0,1.0,600,54,66,60.0,6.324555320336759,60.0,0.004117202758789,10,0.9293344008552924,36.0
20.0,6,64.0,771.0826362717162,0.0,0.0,0.7,0.3,0.3,0.0,0.0,3,0,0,7,0,0.0129687786102294,0.0,1.0,0.0,0.0,0.0,0.0,0.0,1.0,0.0,0.0,0.0,0.0,0.0,1.0,1.0,724,54,94,72.4,19.15550399580584,72.4,0.0013003826141357,10,0.9345612161077316,330.24
20.0,6,64.0,1751.9335031953551,0.0,0.0,0.5,0.5,0.5,0.0,0.0,5,0,0,5,0,0.0057079792022705,0.0,1.0,0.0,0.0,0.0,0.0,0.0,1.0,0.0,0.0,0.0,0.0,0.0,1.0,1.0,740,54,94,74.0,21.081851067789195,74.0,0.0005740165710449,10,0.9353459328509748,400.0
20.0,6,64.0,383.2584659807379,0.0,0.0,0.5,0.5,0.5,0.0,0.0,5,0,0,5,0,0.0260920524597167,0.0,1.0,0.0,0.0,0.0,0.0,0.0,1.0,0.0,0.0,0.0,0.0,0.0,1.0,1.0,748,54,96,74.8,21.93323201597673,74.8,0.0027950048446655,10,0.9356927513940284,432.96
20.0,6,64.0,455.5411466988151,0.0,0.0,0.5,0.5,0.5,0.0,0.0,5,0,0,5,0,0.0219519138336181,0.0,1.0,0.0,0.0,0.0,0.0,0.0,1.0,0.0,0.0,0.0,0.0,0.0,1.0,1.0,792,54,96,79.2,21.68870673876153,79.2,0.0021998882293701,10,0.935593141577102,435.55555555555554
20.0,6,64.0,384.33310119854855,0.0,0.0,0.5,0.5,0.5,0.0,0.0,5,0,0,5,0,0.0260190963745117,0.0,1.0,0.0,0.0,0.0,0.0,0.0,1.0,0.0,0.0,0.0,0.0,0.0,1.0,1.0,590,54,64,59.0,5.270462766947299,59.0,0.0026055097579956,10,0.9289050057127436,25.0
20.0,6,64.0,715.9225753593008,0.0,0.0,0.6,0.4,0.4,0.0,0.0,4,0,0,6,0,0.0139679908752441,0.0,1.0,0.0,0.0,0.0,0.0,0.0,1.0,0.0,0.0,0.0,0.0,0.0,1.0,1.0,590,54,64,59.0,5.270462766947299,59.0,0.0014011859893798,10,0.9289050057127436,25.0
20.0,6,64.0,262.5279471226669,0.0,0.0,0.5,0.5,0.5,0.0,0.0,5,0,0,5,0,0.0380911827087402,0.0,1.0,0.0,0.0,0.0,0.0,0.0,1.0,0.0,0.0,0.0,0.0,0.0,1.0,1.0,600,54,66,60.0,6.324555320336759,60.0,0.0046851158142089,10,0.9293344008552924,36.0
20.0,6,64.0,1161.5996455079207,0.0,0.0,0.5,0.5,0.5,0.0,0.0,5,0,0,5,0,0.0086088180541992,0.0,1.0,0.0,0.0,0.0,0.0,0.0,1.0,0.0,0.0,0.0,0.0,0.0,1.0,1.0,600,54,66,60.0,6.324555320336759,60.0,0.0014661788940429,10,0.9293344008552924,36.0
20.0,6,64.0,346.6567487375303,0.0,0.0,1.0,0.0,0.0,0.0,0.0,0,0,0,10,0,0.0288469791412353,0.0,1.0,0.0,0.0,0.0,0.0,0.0,1.0,0.0,0.0,0.0,0.0,0.0,1.0,1.0,660,66,66,66.0,0.0,66.0,0.0032437086105346,10,0.0,0.0
20.0,6,64.0,173.06732796646187,0.0,0.0,1.0,0.0,0.0,0.0,0.0,0,0,0,10,0,0.0577809810638427,0.0,1.0,0.0,0.0,0.0,0.0,0.0,1.0,0.0,0.0,0.0,0.0,0.0,1.0,1.0,680,68,68,68.0,0.0,68.0,0.0063534975051879,10,0.0,0.0
20.0,6,64.0,1917.9221729388632,0.0,0.0,0.8,0.2,0.2,0.0,0.0,2,0,0,8,0,0.005213975906372,0.0,1.0,0.0,0.0,0.0,0.0,0.0,1.0,0.0,0.0,0.0,0.0,0.0,1.0,1.0,873,54,91,87.3,11.700427342623003,87.3,0.0005268096923828,10,0.9315243160822908,135.20987654320987
20.0,6,64.0,653.6849323608254,0.0,0.0,0.9,0.1,0.1,0.0,0.0,1,0,0,9,0,0.0152978897094726,0.0,1.0,0.0,0.0,0.0,0.0,0.0,1.0,0.0,0.0,0.0,0.0,0.0,1.0,1.0,850,54,93,85.0,16.350331291240963,85.0,0.0015327930450439,10,0.9334185009548,342.25
20.0,6,64.0,273.2694838617203,0.0,0.0,1.0,0.0,0.0,0.0,0.0,0,0,0,10,0,0.0365939140319824,0.0,1.0,0.0,0.0,0.0,0.0,0.0,1.0,0.0,0.0,0.0,0.0,0.0,1.0,1.0,741,66,93,74.1,13.042239071570494,74.1,0.0037646055221557,10,0.911621356508195,182.25
20.0,6,64.0,1258.4925588094095,0.0,0.0,1.0,0.0,0.0,0.0,0.0,0,0,0,10,0,0.0079460144042968,0.0,1.0,0.0,0.0,0.0,0.0,0.0,1.0,0.0,0.0,0.0,0.0,0.0,1.0,1.0,660,66,66,66.0,0.0,66.0,0.0028970956802368,10,0.0,0.0
20.0,6,64.0,1012.456610423154,0.0,0.0,0.7,0.3,0.3,0.0,0.0,3,0,0,7,0,0.0098769664764404,0.0,1.0,0.0,0.0,0.0,0.0,0.0,1.0,0.0,0.0,0.0,0.0,0.0,1.0,1.0,616,54,66,61.6,5.316640543300503,61.6,0.0009891986846923,10,0.9289238166917188,26.285714285714285
20.0,6,64.0,361.2322691217887,0.0,0.0,0.5,0.5,0.5,0.0,0.0,5,0,0,5,0,0.0276830196380615,0.0,1.0,0.0,0.0,0.0,0.0,0.0,1.0,0.0,0.0,0.0,0.0,0.0,1.0,1.0,600,54,64,60.0,5.163977794943222,60.0,0.003110909461975,10,0.928861627994548,24.691358024691358
20.0,6,64.0,1087.6780249987034,0.0,0.0,0.5,0.5,0.5,0.0,0.0,5,0,0,5,0,0.0091938972473144,0.0,1.0,0.0,0.0,0.0,0.0,0.0,1.0,0.0,0.0,0.0,0.0,0.0,1.0,1.0,600,54,66,60.0,6.324555320336759,60.0,0.0009229898452758,10,0.9293344008552924,36.0
20.0,6,64.0,758.7243356668656,0.0,0.0,0.5,0.5,0.5,0.0,0.0,5,0,0,5,0,0.0131800174713134,0.0,1.0,0.0,0.0,0.0,0.0,0.0,1.0,0.0,0.0,0.0,0.0,0.0,1.0,1.0,600,54,66,60.0,6.324555320336759,60.0,0.0013209104537963,10,0.9293344008552924,36.0
20.0,6,64.0,328.9056876014523,0.0,0.0,1.0,0.0,0.0,0.0,0.0,0,0,0,10,0,0.0304038524627685,0.0,1.0,0.0,0.0,0.0,0.0,0.0,1.0,0.0,0.0,0.0,0.0,0.0,1.0,1.0,630,54,64,63.0,3.1622776601683795,63.0,0.0030440807342529,10,0.9280462154276462,25.0
20.0,6,64.0,403.01557560558456,0.0,0.0,1.0,0.0,0.0,0.0,0.0,0,0,0,10,0,0.0248129367828369,0.0,1.0,0.0,0.0,0.0,0.0,0.0,1.0,0.0,0.0,0.0,0.0,0.0,1.0,1.0,658,64,66,65.8,0.6324555320336757,65.8,0.0030310153961181,10,0.0,1.0
20.0,6,64.0,262.5493104980814,0.0,0.0,0.5,0.5,0.5,0.0,0.0,5,0,0,5,0,0.0380880832672119,0.0,1.0,0.0,0.0,0.0,0.0,0.0,1.0,0.0,0.0,0.0,0.0,0.0,1.0,1.0,802,54,104,80.2,25.34122684042305,80.2,0.0041773080825805,10,0.9370810321657148,577.9599999999999
20.0,6,64.0,2781.553153392135,0.0,0.0,0.6,0.4,0.4,0.0,0.0,4,0,0,6,0,0.0035951137542724,0.0,1.0,0.0,0.0,0.0,0.0,0.0,1.0,0.0,0.0,0.0,0.0,0.0,1.0,1.0,790,54,104,79.0,26.352313834736496,79.0,0.0003623962402343,10,0.9374929085637184,625.0
20.0,6,64.0,312.1598047095948,0.0,0.0,0.5,0.5,0.5,0.0,0.0,5,0,0,5,0,0.0320348739624023,0.0,1.0,0.0,0.0,0.0,0.0,0.0,1.0,0.0,0.0,0.0,0.0,0.0,1.0,1.0,852,54,106,85.2,26.85268453370476,85.2,0.003356385231018,10,0.93769673957165,667.6543209876543
20.0,6,64.0,477.4392714854866,0.0,0.0,0.5,0.5,0.5,0.0,0.0,5,0,0,5,0,0.0209450721740722,0.0,1.0,0.0,0.0,0.0,0.0,0.0,1.0,0.0,0.0,0.0,0.0,0.0,1.0,1.0,758,54,106,75.8,26.16953275174099,75.8,0.0021028041839599,10,0.9374184508617492,676.0
20.0,6,64.0,412.8170705301077,0.0,0.0,0.5,0.5,0.5,0.0,0.0,5,0,0,5,0,0.0242238044738769,0.0,1.0,0.0,0.0,0.0,0.0,0.0,1.0,0.0,0.0,0.0,0.0,0.0,1.0,1.0,590,54,64,59.0,5.270462766947299,59.0,0.002425193786621,10,0.9289050057127436,25.0
20.0,6,64.0,338.74204490389275,0.0,0.0,0.5,0.5,0.5,0.0,0.0,5,0,0,5,0,0.0295209884643554,0.0,1.0,0.0,0.0,0.0,0.0,0.0,1.0,0.0,0.0,0.0,0.0,0.0,1.0,1.0,592,54,66,59.2,5.513619500836088,59.2,0.0029597997665405,10,0.9290040580398606,27.360000000000003
20.0,6,64.0,491.6140980109474,0.0,0.0,0.5,0.5,0.5,0.0,0.0,5,0,0,5,0,0.020341157913208,0.0,1.0,0.0,0.0,0.0,0.0,0.0,1.0,0.0,0.0,0.0,0.0,0.0,1.0,1.0,600,54,66,60.0,6.324555320336759,60.0,0.0020387172698974,10,0.9293344008552924,36.0
20.0,6,64.0,565.6741338152589,0.0,0.0,0.6,0.4,0.4,0.0,0.0,4,0,0,6,0,0.0176780223846435,0.0,1.0,0.0,0.0,0.0,0.0,0.0,1.0,0.0,0.0,0.0,0.0,0.0,1.0,1.0,600,54,66,60.0,6.324555320336759,60.0,0.0017706871032714,10,0.9293344008552924,36.0
20.0,6,64.0,254.0139655161972,0.0,0.0,1.0,0.0,0.0,0.0,0.0,0,0,0,10,0,0.0393679141998291,0.0,1.0,0.0,0.0,0.0,0.0,0.0,1.0,0.0,0.0,0.0,0.0,0.0,1.0,1.0,662,66,68,66.2,0.6324555320336759,66.2,0.0043292045593261,10,0.0,0.36
20.0,6,64.0,680.6393716631777,0.0,0.0,0.9,0.1,0.1,0.0,0.0,1,0,0,9,0,0.0146920680999755,0.0,1.0,0.0,0.0,0.0,0.0,0.0,1.0,0.0,0.0,0.0,0.0,0.0,1.0,1.0,678,66,68,67.8,0.6324555320336759,67.8,0.0014708042144775,10,0.0,0.36
20.0,6,64.0,186.25043850495345,0.0,0.0,0.5,0.5,0.5,0.0,0.0,5,0,0,5,0,0.0536911487579345,0.0,1.0,0.0,0.0,0.0,0.0,0.0,1.0,0.0,0.0,0.0,0.0,0.0,1.0,1.0,600,54,66,60.0,6.324555320336759,60.0,0.0053725004196166,10,0.9293344008552924,36.0
20.0,6,64.0,1634.2505357490743,0.0,0.0,0.6,0.4,0.4,0.0,0.0,4,0,0,6,0,0.0061190128326416,0.0,1.0,0.0,0.0,0.0,0.0,0.0,1.0,0.0,0.0,0.0,0.0,0.0,1.0,1.0,602,54,68,60.2,6.562519841239848,60.2,0.0006151914596557,10,0.9294313380825274,38.76
20.0,6,64.0,1750.9827168740085,0.0,0.0,0.5,0.5,0.5,0.0,0.0,5,0,0,5,0,0.0057110786437988,0.0,1.0,0.0,0.0,0.0,0.0,0.0,1.0,0.0,0.0,0.0,0.0,0.0,1.0,1.0,610,54,68,61.0,7.378647873726218,61.0,0.0006075143814086,10,0.9297637959978412,49.0
20.0,6,64.0,1575.7989254987417,0.0,0.0,0.6,0.4,0.4,0.0,0.0,4,0,0,6,0,0.0063459873199462,0.0,1.0,0.0,0.0,0.0,0.0,0.0,1.0,0.0,0.0,0.0,0.0,0.0,1.0,1.0,620,54,68,62.0,6.928203230275509,62.0,0.0007462978363037,10,0.9295803028678852,49.0
20.0,6,64.0,223.62346116730023,0.0,0.0,1.0,0.0,0.0,0.0,0.0,0,0,0,10,0,0.0447180271148681,0.0,1.0,0.0,0.0,0.0,0.0,0.0,1.0,0.0,0.0,0.0,0.0,0.0,1.0,1.0,660,66,66,66.0,0.0,66.0,0.0044754981994628,10,0.0,0.0
20.0,6,64.0,554.7580879824353,0.0,0.0,0.9,0.1,0.1,0.0,0.0,1,0,0,9,0,0.0180258750915527,0.0,1.0,0.0,0.0,0.0,0.0,0.0,1.0,0.0,0.0,0.0,0.0,0.0,1.0,1.0,646,54,66,64.6,3.777124126457412,64.6,0.0018041849136352,10,0.9282966792841536,12.84
20.0,6,64.0,301.37772955572643,0.0,0.0,0.5,0.5,0.5,0.0,0.0,5,0,0,5,0,0.0331809520721435,0.0,1.0,0.0,0.0,0.0,0.0,0.0,1.0,0.0,0.0,0.0,0.0,0.0,1.0,1.0,590,54,64,59.0,5.270462766947299,59.0,0.0038892030715942,10,0.9289050057127436,25.0
20.0,6,64.0,2848.2303408936573,0.0,0.0,0.5,0.5,0.5,0.0,0.0,5,0,0,5,0,0.0035109519958496,0.0,1.0,0.0,0.0,0.0,0.0,0.0,1.0,0.0,0.0,0.0,0.0,0.0,1.0,1.0,592,54,66,59.2,5.513619500836088,59.2,0.0011266946792602,10,0.9290040580398606,27.360000000000003
20.0,6,64.0,479.5243974939406,0.0,0.0,0.5,0.5,0.5,0.0,0.0,5,0,0,5,0,0.0208539962768554,0.0,1.0,0.0,0.0,0.0,0.0,0.0,1.0,0.0,0.0,0.0,0.0,0.0,1.0,1.0,612,54,66,61.2,6.196773353931867,61.2,0.0021896123886108,10,0.9292823475934576,35.55555555555556
20.0,6,64.0,440.45323280162137,0.0,0.0,0.5,0.5,0.5,0.0,0.0,5,0,0,5,0,0.0227038860321044,0.0,1.0,0.0,0.0,0.0,0.0,0.0,1.0,0.0,0.0,0.0,0.0,0.0,1.0,1.0,596,54,66,59.6,5.94792213951879,59.6,0.0022732973098754,10,0.9291809755627544,36.0
20.0,6,64.0,627.7018856629752,0.0,0.0,0.5,0.5,0.5,0.0,0.0,5,0,0,5,0,0.0159311294555664,0.0,1.0,0.0,0.0,0.0,0.0,0.0,1.0,0.0,0.0,0.0,0.0,0.0,1.0,1.0,590,54,64,59.0,5.270462766947299,59.0,0.0015958070755004,10,0.9289050057127436,25.0
20.0,6,64.0,284.8191658404748,0.0,0.0,0.6,0.4,0.4,0.0,0.0,4,0,0,6,0,0.0351099967956543,0.0,1.0,0.0,0.0,0.0,0.0,0.0,1.0,0.0,0.0,0.0,0.0,0.0,1.0,1.0,594,54,66,59.4,5.738757124441958,59.4,0.0035137891769409,10,0.9290957701022128,29.64
20.0,6,64.0,1559.8586782699244,0.0,0.0,0.5,0.5,0.5,0.0,0.0,5,0,0,5,0,0.0064108371734619,0.0,1.0,0.0,0.0,0.0,0.0,0.0,1.0,0.0,0.0,0.0,0.0,0.0,1.0,1.0,600,54,66,60.0,6.324555320336759,60.0,0.0006428956985473,10,0.9293344008552924,36.0
20.0,6,64.0,747.7277427175812,0.0,0.0,0.5,0.5,0.5,0.0,0.0,5,0,0,5,0,0.013373851776123,0.0,1.0,0.0,0.0,0.0,0.0,0.0,1.0,0.0,0.0,0.0,0.0,0.0,1.0,1.0,596,54,66,59.6,5.94792213951879,59.6,0.0014821052551269,10,0.9291809755627544,36.0
20.0,6,64.0,187.68728213251717,0.0,0.0,0.5,0.5,0.5,0.0,0.0,5,0,0,5,0,0.0532801151275634,0.0,1.0,0.0,0.0,0.0,0.0,0.0,1.0,0.0,0.0,0.0,0.0,0.0,1.0,1.0,600,54,64,60.0,5.163977794943222,60.0,0.0064103126525878,10,0.928861627994548,24.691358024691358
20.0,6,64.0,1155.2646945408471,0.0,0.0,0.6,0.4,0.4,0.0,0.0,4,0,0,6,0,0.0086560249328613,0.0,1.0,0.0,0.0,0.0,0.0,0.0,1.0,0.0,0.0,0.0,0.0,0.0,1.0,1.0,608,54,66,60.8,5.902918298980975,60.8,0.0008692026138305,10,0.9291626427982728,31.50617283950617
20.0,6,64.0,1075.738394460118,0.0,0.0,0.6,0.4,0.4,0.0,0.0,4,0,0,6,0,0.0092959403991699,0.0,1.0,0.0,0.0,0.0,0.0,0.0,1.0,0.0,0.0,0.0,0.0,0.0,1.0,1.0,600,54,66,60.0,6.324555320336759,60.0,0.0009326934814453,10,0.9293344008552924,36.0
20.0,6,64.0,483.7441900697768,0.0,0.0,0.5,0.5,0.5,0.0,0.0,5,0,0,5,0,0.0206720829010009,0.0,1.0,0.0,0.0,0.0,0.0,0.0,1.0,0.0,0.0,0.0,0.0,0.0,1.0,1.0,612,54,66,61.2,6.196773353931867,61.2,0.0023396968841552,10,0.9292823475934576,36.0
20.0,6,64.0,222.9364459256188,0.0,0.0,0.6,0.4,0.4,0.0,0.0,4,0,0,6,0,0.0448558330535888,0.0,1.0,0.0,0.0,0.0,0.0,0.0,1.0,0.0,0.0,0.0,0.0,0.0,1.0,1.0,612,54,66,61.2,6.196773353931867,61.2,0.0044885873794555,10,0.9292823475934576,36.0
20.0,6,64.0,2313.205382748732,0.0,0.0,0.5,0.5,0.5,0.0,0.0,5,0,0,5,0,0.0043230056762695,0.0,1.0,0.0,0.0,0.0,0.0,0.0,1.0,0.0,0.0,0.0,0.0,0.0,1.0,1.0,600,54,66,60.0,6.324555320336759,60.0,0.0004369020462036,10,0.9293344008552924,36.0
20.0,6,64.0,259.14120132959334,0.0,0.0,0.6,0.4,0.4,0.0,0.0,4,0,0,6,0,0.0385890007019043,0.0,1.0,0.0,0.0,0.0,0.0,0.0,1.0,0.0,0.0,0.0,0.0,0.0,1.0,1.0,600,54,66,60.0,6.324555320336759,60.0,0.0038619041442871,10,0.9293344008552924,36.0
20.0,6,64.0,260.8852287711791,0.0,0.0,1.0,0.0,0.0,0.0,0.0,0,0,0,10,0,0.0383310317993164,0.0,1.0,0.0,0.0,0.0,0.0,0.0,1.0,0.0,0.0,0.0,0.0,0.0,1.0,1.0,662,66,68,66.2,0.6324555320336759,66.2,0.0044929027557373,10,0.0,0.36
20.0,6,64.0,278.0631132325643,0.0,0.0,1.0,0.0,0.0,0.0,0.0,0,0,0,10,0,0.0359630584716796,0.0,1.0,0.0,0.0,0.0,0.0,0.0,1.0,0.0,0.0,0.0,0.0,0.0,1.0,1.0,1111,68,499,111.1,136.29416715325712,111.1,0.0039283990859985,10,0.9584210019315508,16718.489999999998
20.0,6,64.0,901.3805553167712,0.0,0.0,1.0,0.0,0.0,0.0,0.0,0,0,0,10,0,0.0110940933227539,0.0,1.0,0.0,0.0,0.0,0.0,0.0,1.0,0.0,0.0,0.0,0.0,0.0,1.0,1.0,4992,499,501,499.2,0.6324555320336759,499.2,0.001111102104187,10,0.0,0.36
20.0,6,64.0,228.3422162941993,0.0,0.0,1.0,0.0,0.0,0.0,0.0,0,0,0,10,0,0.0437939167022705,0.0,1.0,0.0,0.0,0.0,0.0,0.0,1.0,0.0,0.0,0.0,0.0,0.0,1.0,1.0,4575,66,501,457.5,137.5590782173245,457.5,0.0046819925308227,10,0.9623445361026092,17030.25
20.0,6,64.0,215.16092296012064,0.0,0.0,1.0,0.0,0.0,0.0,0.0,0,0,0,10,0,0.0464768409729003,0.0,1.0,0.0,0.0,0.0,0.0,0.0,1.0,0.0,0.0,0.0,0.0,0.0,1.0,1.0,662,66,68,66.2,0.6324555320336759,66.2,0.0052659034729003,10,0.0,0.36
20.0,6,64.0,1172.3137123371905,0.0,0.0,1.0,0.0,0.0,0.0,0.0,0,0,0,10,0,0.0085301399230957,0.0,1.0,0.0,0.0,0.0,0.0,0.0,1.0,0.0,0.0,0.0,0.0,0.0,1.0,1.0,678,66,68,67.8,0.6324555320336759,67.8,0.000855016708374,10,0.0,0.36
20.0,6,64.0,435.7492078333593,0.0,0.0,0.8,0.2,0.2,0.0,0.0,2,0,0,8,0,0.0229489803314209,0.0,1.0,0.0,0.0,0.0,0.0,0.0,1.0,0.0,0.0,0.0,0.0,0.0,1.0,1.0,636,54,66,63.6,5.059644256269407,63.6,0.0026241779327392,10,0.928819126684234,36.0
20.0,6,64.0,230.17676338073,0.0,0.0,0.8,0.2,0.2,0.0,0.0,2,0,0,8,0,0.0434448719024658,0.0,1.0,0.0,0.0,0.0,0.0,0.0,1.0,0.0,0.0,0.0,0.0,0.0,1.0,1.0,664,54,68,66.4,4.402019738458447,66.4,0.0047266006469726,10,0.9285512367606584,38.22222222222222
20.0,6,64.0,607.8613353429661,0.0,0.0,1.0,0.0,0.0,0.0,0.0,0,0,0,10,0,0.0164511203765869,0.0,1.0,0.0,0.0,0.0,0.0,0.0,1.0,0.0,0.0,0.0,0.0,0.0,1.0,1.0,652,54,68,65.2,4.0221608343995605,65.2,0.0016496181488037,10,0.928396497437501,49.0
20.0,6,64.0,340.13753730374987,0.0,0.0,1.0,0.0,0.0,0.0,0.0,0,0,0,10,0,0.0293998718261718,0.0,1.0,0.0,0.0,0.0,0.0,0.0,1.0,0.0,0.0,0.0,0.0,0.0,1.0,1.0,674,66,68,67.4,0.9660917830792958,67.4,0.0030224800109863,10,0.0,1.0
20.0,6,64.0,174.42254270838532,0.0,0.0,1.0,0.0,0.0,0.0,0.0,0,0,0,10,0,0.0573320388793945,0.0,1.0,0.0,0.0,0.0,0.0,0.0,1.0,0.0,0.0,0.0,0.0,0.0,1.0,1.0,953,68,107,95.3,18.838789770046265,95.3,0.0059900045394897,10,0.9105743794007262,380.25
20.0,6,64.0,243.59995353699617,0.0,0.0,1.0,0.0,0.0,0.0,0.0,0,0,0,10,0,0.041050910949707,0.0,1.0,0.0,0.0,0.0,0.0,0.0,1.0,0.0,0.0,0.0,0.0,0.0,1.0,1.0,1084,107,109,108.4,0.9660917830792958,108.4,0.0041080951690673,10,0.0,1.0
20.0,6,64.0,1255.478927203065,0.0,0.0,1.0,0.0,0.0,0.0,0.0,0,0,0,10,0,0.007965087890625,0.0,1.0,0.0,0.0,0.0,0.0,0.0,1.0,0.0,0.0,0.0,0.0,0.0,1.0,1.0,775,64,109,77.5,21.73706511928416,77.5,0.0008000135421752,10,0.9185715408469916,506.25
20.0,6,64.0,289.4200288433008,0.0,0.0,1.0,0.0,0.0,0.0,0.0,0,0,0,10,0,0.0345518589019775,0.0,1.0,0.0,0.0,0.0,0.0,0.0,1.0,0.0,0.0,0.0,0.0,0.0,1.0,1.0,654,64,66,65.4,0.9660917830792958,65.4,0.003752589225769,10,0.0,1.0
20.0,6,64.0,199.87152728139148,0.0,0.0,0.6,0.4,0.4,0.0,0.0,4,0,0,6,0,0.0500321388244628,0.0,1.0,0.0,0.0,0.0,0.0,0.0,1.0,0.0,0.0,0.0,0.0,0.0,1.0,1.0,624,54,66,62.4,5.796550698475775,62.4,0.0054004192352294,10,0.9291193128925312,32.0
20.0,6,64.0,1620.2356395101788,0.0,0.0,0.6,0.4,0.4,0.0,0.0,4,0,0,6,0,0.0061719417572021,0.0,1.0,0.0,0.0,0.0,0.0,0.0,1.0,0.0,0.0,0.0,0.0,0.0,1.0,1.0,600,54,66,60.0,6.324555320336759,60.0,0.0006205797195434,10,0.9293344008552924,36.0
20.0,6,64.0,1467.3607612650435,0.0,0.0,0.5,0.5,0.5,0.0,0.0,5,0,0,5,0,0.006814956665039,0.0,1.0,0.0,0.0,0.0,0.0,0.0,1.0,0.0,0.0,0.0,0.0,0.0,1.0,1.0,608,54,68,60.8,7.192588778272627,60.8,0.0006844997406005,10,0.9296880029647172,46.56
20.0,6,64.0,663.9288314813056,0.0,0.0,0.5,0.5,0.5,0.0,0.0,5,0,0,5,0,0.0150618553161621,0.0,1.0,0.0,0.0,0.0,0.0,0.0,1.0,0.0,0.0,0.0,0.0,0.0,1.0,1.0,610,54,68,61.0,7.378647873726218,61.0,0.0023292064666748,10,0.9297637959978412,49.0
20.0,6,64.0,364.68403297047263,0.0,0.0,0.6,0.4,0.4,0.0,0.0,4,0,0,6,0,0.0274209976196289,0.0,1.0,0.0,0.0,0.0,0.0,0.0,1.0,0.0,0.0,0.0,0.0,0.0,1.0,1.0,614,54,68,61.4,6.397916327472042,61.4,0.0030406951904296,10,0.929364285195159,49.0
20.0,6,64.0,532.029022274088,0.0,0.0,0.8,0.2,0.2,0.0,0.0,2,0,0,8,0,0.0187959671020507,0.0,1.0,0.0,0.0,0.0,0.0,0.0,1.0,0.0,0.0,0.0,0.0,0.0,1.0,1.0,642,54,68,64.2,5.4528280124476085,64.2,0.001929497718811,10,0.9289792940191508,36.0
20.0,6,64.0,413.3581685046664,0.0,0.0,0.8,0.2,0.2,0.0,0.0,2,0,0,8,0,0.0241920948028564,0.0,1.0,0.0,0.0,0.0,0.0,0.0,1.0,0.0,0.0,0.0,0.0,0.0,1.0,1.0,1808,54,1224,180.8,366.5893251764614,180.8,0.002720022201538,10,1.0,120948.96
20.0,6,64.0,161.52501838879496,0.0,0.0,1.0,0.0,0.0,0.0,0.0,0,0,0,10,0,0.0619099140167236,0.0,1.0,0.0,0.0,0.0,0.0,0.0,1.0,0.0,0.0,0.0,0.0,0.0,1.0,1.0,12242,1224,1226,1224.2,0.6324555320336759,1224.2,0.0066894769668579,10,0.0,0.36
20.0,6,64.0,285.6085254162269,0.0,0.0,0.9,0.1,0.1,0.0,0.0,1,0,0,9,0,0.0350129604339599,0.0,1.0,0.0,0.0,0.0,0.0,0.0,1.0,0.0,0.0,0.0,0.0,0.0,1.0,1.0,11138,104,1226,1113.8,354.8075534708922,1113.8,0.0036997079849243,10,0.9860859349819028,113299.56
20.0,6,64.0,311.62405735725696,0.0,0.0,0.5,0.5,0.5,0.0,0.0,5,0,0,5,0,0.0320899486541748,0.0,1.0,0.0,0.0,0.0,0.0,0.0,1.0,0.0,0.0,0.0,0.0,0.0,1.0,1.0,790,54,104,79.0,26.352313834736496,79.0,0.0032134056091308,10,0.9374929085637184,625.0
20.0,6,64.0,386.50411448686407,0.0,0.0,0.5,0.5,0.5,0.0,0.0,5,0,0,5,0,0.0258729457855224,0.0,1.0,0.0,0.0,0.0,0.0,0.0,1.0,0.0,0.0,0.0,0.0,0.0,1.0,1.0,792,54,106,79.2,26.56982415364384,79.2,0.0025893926620483,10,0.9375815135672284,635.36
20.0,6,64.0,473.59551957363686,0.0,0.0,0.5,0.5,0.5,0.0,0.0,5,0,0,5,0,0.0211150646209716,0.0,1.0,0.0,0.0,0.0,0.0,0.0,1.0,0.0,0.0,0.0,0.0,0.0,1.0,1.0,800,54,106,80.0,27.406406388125955,80.0,0.0021181106567382,10,0.937922303706267,676.0
20.0,6,64.0,860.2818172495129,0.0,0.0,0.7,0.3,0.3,0.0,0.0,3,0,0,7,0,0.0116240978240966,0.0,1.0,0.0,0.0,0.0,0.0,0.0,1.0,0.0,0.0,0.0,0.0,0.0,1.0,1.0,1418,54,389,141.8,132.57182539623147,141.8,0.0011641025543212,10,0.9807624887934088,15817.76
20.0,6,64.0,241.9027845064249,0.0,0.0,1.0,0.0,0.0,0.0,0.0,0,0,0,10,0,0.0413389205932617,0.0,1.0,0.0,0.0,0.0,0.0,0.0,1.0,0.0,0.0,0.0,0.0,0.0,1.0,1.0,3894,389,391,389.4,0.8432740427115678,389.4,0.00413658618927,10,0.0,0.64
20.0,6,64.0,963.9640550665348,0.0,0.0,0.9,0.1,0.1,0.0,0.0,1,0,0,9,0,0.010373830795288,0.0,1.0,0.0,0.0,0.0,0.0,0.0,1.0,0.0,0.0,0.0,0.0,0.0,1.0,1.0,3248,54,391,324.8,139.59051225320118,324.8,0.0021229982376098,10,0.983621621071464,17536.96
20.0,6,64.0,566.1169674310627,0.0,0.0,0.5,0.5,0.5,0.0,0.0,5,0,0,5,0,0.0176641941070556,0.0,1.0,0.0,0.0,0.0,0.0,0.0,1.0,0.0,0.0,0.0,0.0,0.0,1.0,1.0,600,54,66,60.0,6.324555320336759,60.0,0.0020377159118652,10,0.9293344008552924,36.0
20.0,6,64.0,795.5510033761997,0.0,0.0,0.5,0.5,0.5,0.0,0.0,5,0,0,5,0,0.0125699043273925,0.0,1.0,0.0,0.0,0.0,0.0,0.0,1.0,0.0,0.0,0.0,0.0,0.0,1.0,1.0,601,54,67,60.1,6.4368729468068056,60.1,0.0013091802597045,10,0.9293801545636112,37.29
20.0,6,64.0,827.7523632847191,0.0,0.0,0.5,0.5,0.5,0.0,0.0,5,0,0,5,0,0.0120809078216552,0.0,1.0,0.0,0.0,0.0,0.0,0.0,1.0,0.0,0.0,0.0,0.0,0.0,1.0,1.0,605,54,67,60.5,6.851601597031489,60.5,0.0013270139694213,10,0.9295490984265669,42.25
20.0,6,64.0,320.0512777468314,0.0,0.0,0.5,0.5,0.5,0.0,0.0,5,0,0,5,0,0.0312449932098388,0.0,1.0,0.0,0.0,0.0,0.0,0.0,1.0,0.0,0.0,0.0,0.0,0.0,1.0,1.0,612,54,67,61.2,6.303438215238833,61.2,0.0040159940719604,10,0.9293257985913596,41.38775510204082
20.0,6,64.0,874.7427475025548,0.0,0.0,0.5,0.5,0.5,0.0,0.0,5,0,0,5,0,0.0114319324493408,0.0,1.0,0.0,0.0,0.0,0.0,0.0,1.0,0.0,0.0,0.0,0.0,0.0,1.0,1.0,590,54,64,59.0,5.270462766947299,59.0,0.0011461973190307,10,0.9289050057127436,25.0
20.0,6,64.0,644.3358168830172,0.0,0.0,0.6,0.4,0.4,0.0,0.0,4,0,0,6,0,0.0155198574066162,0.0,1.0,0.0,0.0,0.0,0.0,0.0,1.0,0.0,0.0,0.0,0.0,0.0,1.0,1.0,594,54,66,59.4,5.738757124441959,59.4,0.0015537977218627,10,0.9290957701022128,29.64
20.0,6,64.0,658.6325806350303,0.0,0.0,0.5,0.5,0.5,0.0,0.0,5,0,0,5,0,0.0151829719543457,0.0,1.0,0.0,0.0,0.0,0.0,0.0,1.0,0.0,0.0,0.0,0.0,0.0,1.0,1.0,600,54,66,60.0,6.324555320336759,60.0,0.0020652055740356,10,0.9293344008552924,36.0
20.0,6,64.0,313.44049620745056,0.0,0.0,0.7,0.3,0.3,0.0,0.0,3,0,0,7,0,0.0319039821624755,0.0,1.0,0.0,0.0,0.0,0.0,0.0,1.0,0.0,0.0,0.0,0.0,0.0,1.0,1.0,624,54,66,62.4,5.796550698475776,62.4,0.0035176038742065,10,0.9291193128925312,36.0
20.0,6,64.0,173.7800851021516,0.0,0.0,1.0,0.0,0.0,0.0,0.0,0,0,0,10,0,0.0575439929962158,0.0,1.0,0.0,0.0,0.0,0.0,0.0,1.0,0.0,0.0,0.0,0.0,0.0,1.0,1.0,660,66,66,66.0,0.0,66.0,0.0062728881835937,10,0.0,0.0
20.0,6,64.0,911.66648553481,0.0,0.0,0.8,0.2,0.2,0.0,0.0,2,0,0,8,0,0.0109689235687255,0.0,1.0,0.0,0.0,0.0,0.0,0.0,1.0,0.0,0.0,0.0,0.0,0.0,1.0,1.0,636,54,66,63.6,5.059644256269407,63.6,0.0011017084121704,10,0.928819126684234,23.04
20.0,6,64.0,1084.9489122843322,0.0,0.0,0.5,0.5,0.5,0.0,0.0,5,0,0,5,0,0.0092170238494873,0.0,1.0,0.0,0.0,0.0,0.0,0.0,1.0,0.0,0.0,0.0,0.0,0.0,1.0,1.0,600,54,66,60.0,6.324555320336759,60.0,0.0009235143661499,10,0.9293344008552924,36.0
20.0,6,64.0,762.3096635829955,0.0,0.0,0.6,0.4,0.4,0.0,0.0,4,0,0,6,0,0.013118028640747,0.0,1.0,0.0,0.0,0.0,0.0,0.0,1.0,0.0,0.0,0.0,0.0,0.0,1.0,1.0,632,54,68,63.2,6.408327915038888,63.2,0.0014163970947265,10,0.9293685264594702,38.22222222222222
20.0,6,64.0,783.8794924028632,0.0,0.0,0.5,0.5,0.5,0.0,0.0,5,0,0,5,0,0.0127570629119873,0.0,1.0,0.0,0.0,0.0,0.0,0.0,1.0,0.0,0.0,0.0,0.0,0.0,1.0,1.0,610,54,68,61.0,7.378647873726218,61.0,0.0012785911560058,10,0.9297637959978412,49.0
20.0,6,64.0,367.9310859057695,0.0,0.0,0.9,0.1,0.1,0.0,0.0,1,0,0,9,0,0.0271790027618408,0.0,1.0,0.0,0.0,0.0,0.0,0.0,1.0,0.0,0.0,0.0,0.0,0.0,1.0,1.0,638,54,68,63.8,5.202563470700445,63.8,0.0027195930480957,10,0.9288773462554244,49.0
20.0,6,64.0,365.81954559330165,0.0,0.0,1.0,0.0,0.0,0.0,0.0,0,0,0,10,0,0.0273358821868896,0.0,1.0,0.0,0.0,0.0,0.0,0.0,1.0,0.0,0.0,0.0,0.0,0.0,1.0,1.0,674,66,68,67.4,0.9660917830792958,67.4,0.0031872034072875,10,0.0,1.0
20.0,6,64.0,341.0197328303237,0.0,0.0,1.0,0.0,0.0,0.0,0.0,0,0,0,10,0,0.0293238162994384,0.0,1.0,0.0,0.0,0.0,0.0,0.0,1.0,0.0,0.0,0.0,0.0,0.0,1.0,1.0,652,64,68,65.2,1.932183566158592,65.2,0.0031790971755981,10,0.9105038242975104,4.0
20.0,6,64.0,204.490468529082,0.0,0.0,1.0,0.0,0.0,0.0,0.0,0,0,0,10,0,0.0489020347595214,0.0,1.0,0.0,0.0,0.0,0.0,0.0,1.0,0.0,0.0,0.0,0.0,0.0,1.0,1.0,654,64,66,65.4,0.9660917830792958,65.4,0.0052970170974731,10,0.0,1.0
20.0,6,64.0,443.3631424282785,0.0,0.0,1.0,0.0,0.0,0.0,0.0,0,0,0,10,0,0.022554874420166,0.0,1.0,0.0,0.0,0.0,0.0,0.0,1.0,0.0,0.0,0.0,0.0,0.0,1.0,1.0,646,64,66,64.6,0.9660917830792958,64.6,0.0027927875518798,10,0.0,1.0
20.0,6,64.0,207.80958609550424,0.0,0.0,1.0,0.0,0.0,0.0,0.0,0,0,0,10,0,0.0481209754943847,0.0,1.0,0.0,0.0,0.0,0.0,0.0,1.0,0.0,0.0,0.0,0.0,0.0,1.0,1.0,654,64,66,65.4,0.9660917830792958,65.4,0.0048136949539184,10,0.0,1.0
20.0,6,64.0,1249.3830985076406,0.0,0.0,0.7,0.3,0.3,0.0,0.0,3,0,0,7,0,0.0080039501190185,0.0,1.0,0.0,0.0,0.0,0.0,0.0,1.0,0.0,0.0,0.0,0.0,0.0,1.0,1.0,664,54,76,66.4,9.605553948974867,66.4,0.0008036136627197,10,0.9306709484566544,83.03999999999999
20.0,6,64.0,527.0351708279406,0.0,0.0,0.5,0.5,0.5,0.0,0.0,5,0,0,5,0,0.0189740657806396,0.0,1.0,0.0,0.0,0.0,0.0,0.0,1.0,0.0,0.0,0.0,0.0,0.0,1.0,1.0,672,54,76,67.2,11.36075114887509,67.2,0.0019855022430419,10,0.9313859455880058,121.0
20.0,6,64.0,524.7668497503972,0.0,0.0,0.5,0.5,0.5,0.0,0.0,5,0,0,5,0,0.0190560817718505,0.0,1.0,0.0,0.0,0.0,0.0,0.0,1.0,0.0,0.0,0.0,0.0,0.0,1.0,1.0,660,54,78,66.0,12.649110640673518,66.0,0.0019093990325927,10,0.9319107717105848,144.0
20.0,6,64.0,305.50243277102817,0.0,0.0,0.5,0.5,0.5,0.0,0.0,5,0,0,5,0,0.0327329635620117,0.0,1.0,0.0,0.0,0.0,0.0,0.0,1.0,0.0,0.0,0.0,0.0,0.0,1.0,1.0,660,54,78,66.0,12.649110640673518,66.0,0.0032749891281127,10,0.9319107717105848,144.0
20.0,6,64.0,198.40887051377263,0.0,0.0,1.0,0.0,0.0,0.0,0.0,0,0,0,10,0,0.050400972366333,0.0,1.0,0.0,0.0,0.0,0.0,0.0,1.0,0.0,0.0,0.0,0.0,0.0,1.0,1.0,648,54,66,64.8,3.794733192202056,64.8,0.0050446987152099,10,0.9283038525131756,36.0
20.0,6,64.0,295.7796974718804,0.0,0.0,1.0,0.0,0.0,0.0,0.0,0,0,0,10,0,0.033808946609497,0.0,1.0,0.0,0.0,0.0,0.0,0.0,1.0,0.0,0.0,0.0,0.0,0.0,1.0,1.0,678,66,68,67.8,0.6324555320336757,67.8,0.0033828020095825,10,0.0,1.0
20.0,6,64.0,236.84857246114925,0.0,0.0,0.6,0.4,0.4,0.0,0.0,4,0,0,6,0,0.0422210693359375,0.0,1.0,0.0,0.0,0.0,0.0,0.0,1.0,0.0,0.0,0.0,0.0,0.0,1.0,1.0,614,54,68,61.4,6.397916327472042,61.4,0.0048896074295043,10,0.929364285195159,39.04
20.0,6,64.0,3246.616611192817,0.0,0.0,0.6,0.4,0.4,0.0,0.0,4,0,0,6,0,0.003080129623413,0.0,1.0,0.0,0.0,0.0,0.0,0.0,1.0,0.0,0.0,0.0,0.0,0.0,1.0,1.0,613,54,67,61.3,6.290204024248074,61.3,0.0003092050552368,10,0.9293204075113176,36.0
20.0,6,64.0,769.1736658719971,0.0,0.0,0.6,0.4,0.4,0.0,0.0,4,0,0,6,0,0.0130009651184082,0.0,1.0,0.0,0.0,0.0,0.0,0.0,1.0,0.0,0.0,0.0,0.0,0.0,1.0,1.0,618,54,67,61.8,6.713171133426189,61.8,0.001301884651184,10,0.9294927073929125,42.25
20.0,6,64.0,1023.6501195880314,0.0,0.0,0.5,0.5,0.5,0.0,0.0,5,0,0,5,0,0.0097689628601074,0.0,1.0,0.0,0.0,0.0,0.0,0.0,1.0,0.0,0.0,0.0,0.0,0.0,1.0,1.0,3209,54,1369,320.9,552.4290703590623,320.9,0.0009804964065551,10,1.0,296383.3580246914
20.0,6,64.0,419.4807376885226,0.0,0.0,0.7,0.3,0.3,0.0,0.0,3,0,0,7,0,0.023838996887207,0.0,1.0,0.0,0.0,0.0,0.0,0.0,1.0,0.0,0.0,0.0,0.0,0.0,1.0,1.0,9745,54,1369,974.5,635.2053473746371,974.5,0.002736210823059,10,1.0,432306.25
20.0,6,64.0,655.3907214400675,0.0,0.0,0.5,0.5,0.5,0.0,0.0,5,0,0,5,0,0.0152580738067626,0.0,1.0,0.0,0.0,0.0,0.0,0.0,1.0,0.0,0.0,0.0,0.0,0.0,1.0,1.0,8440,54,1371,844.0,679.9240153625011,844.0,0.0031986951828002,10,1.0,432964.5
20.0,6,64.0,588.0964666292765,0.0,0.0,0.6,0.4,0.4,0.0,0.0,4,0,0,6,0,0.0170040130615234,0.0,1.0,0.0,0.0,0.0,0.0,0.0,1.0,0.0,0.0,0.0,0.0,0.0,1.0,1.0,7125,54,1371,712.5,694.1199464069592,712.5,0.0017043113708496,10,1.0,433622.25
20.0,6,64.0,257.3729489586785,0.0,0.0,0.5,0.5,0.5,0.0,0.0,5,0,0,5,0,0.0388541221618652,0.0,1.0,0.0,0.0,0.0,0.0,0.0,1.0,0.0,0.0,0.0,0.0,0.0,1.0,1.0,612,54,66,61.2,6.196773353931867,61.2,0.0043910980224609,10,0.9292823475934576,35.55555555555556
20.0,6,64.0,916.0069012208172,0.0,0.0,0.5,0.5,0.5,0.0,0.0,5,0,0,5,0,0.0109169483184814,0.0,1.0,0.0,0.0,0.0,0.0,0.0,1.0,0.0,0.0,0.0,0.0,0.0,1.0,1.0,602,54,68,60.2,6.562519841239848,60.2,0.0010946989059448,10,0.9294313380825274,38.76
20.0,6,64.0,337.7817865541346,0.0,0.0,0.5,0.5,0.5,0.0,0.0,5,0,0,5,0,0.0296049118041992,0.0,1.0,0.0,0.0,0.0,0.0,0.0,1.0,0.0,0.0,0.0,0.0,0.0,1.0,1.0,610,54,68,61.0,7.378647873726218,61.0,0.0029636859893798,10,0.9297637959978412,49.0
20.0,6,64.0,276.3810804043279,0.0,0.0,0.5,0.5,0.5,0.0,0.0,5,0,0,5,0,0.0361819267272949,0.0,1.0,0.0,0.0,0.0,0.0,0.0,1.0,0.0,0.0,0.0,0.0,0.0,1.0,1.0,608,54,68,60.8,7.192588778272627,60.8,0.0036209106445312,10,0.9296880029647172,49.0
20.0,6,64.0,767.8781443374464,0.0,0.0,0.5,0.5,0.5,0.0,0.0,5,0,0,5,0,0.0130228996276855,0.0,1.0,0.0,0.0,0.0,0.0,0.0,1.0,0.0,0.0,0.0,0.0,0.0,1.0,1.0,600,54,66,60.0,6.324555320336759,60.0,0.0013056993484497,10,0.9293344008552924,36.0
20.0,6,64.0,368.1636164143077,0.0,0.0,0.5,0.5,0.5,0.0,0.0,5,0,0,5,0,0.0271618366241455,0.0,1.0,0.0,0.0,0.0,0.0,0.0,1.0,0.0,0.0,0.0,0.0,0.0,1.0,1.0,602,54,68,60.2,6.562519841239848,60.2,0.0027190923690795,10,0.9294313380825274,38.76
20.0,6,64.0,227.1907093643021,0.0,0.0,0.5,0.5,0.5,0.0,0.0,5,0,0,5,0,0.044015884399414,0.0,1.0,0.0,0.0,0.0,0.0,0.0,1.0,0.0,0.0,0.0,0.0,0.0,1.0,1.0,610,54,68,61.0,7.378647873726218,61.0,0.0044059038162231,10,0.9297637959978412,49.0
20.0,6,64.0,1344.9748276414944,0.0,0.0,0.6,0.4,0.4,0.0,0.0,4,0,0,6,0,0.0074350833892822,0.0,1.0,0.0,0.0,0.0,0.0,0.0,1.0,0.0,0.0,0.0,0.0,0.0,1.0,1.0,1948,54,1406,194.8,425.62915522527095,194.8,0.0007467031478881,10,1.0,178712.69135802472
20.0,6,64.0,1000.4064303773316,0.0,0.0,0.5,0.5,0.5,0.0,0.0,5,0,0,5,0,0.0099959373474121,0.0,1.0,0.0,0.0,0.0,0.0,0.0,1.0,0.0,0.0,0.0,0.0,0.0,1.0,1.0,7300,54,1406,730.0,712.5665660912748,730.0,0.0010633945465087,10,1.0,456976.0
20.0,6,64.0,492.7287251538932,0.0,0.0,0.5,0.5,0.5,0.0,0.0,5,0,0,5,0,0.0202951431274414,0.0,1.0,0.0,0.0,0.0,0.0,0.0,1.0,0.0,0.0,0.0,0.0,0.0,1.0,1.0,8652,54,1406,865.2,698.1697978763237,865.2,0.0022719144821166,10,1.0,456976.0
20.0,6,64.0,528.0370631483534,0.0,0.0,0.5,0.5,0.5,0.0,0.0,5,0,0,5,0,0.0189380645751953,0.0,1.0,0.0,0.0,0.0,0.0,0.0,1.0,0.0,0.0,0.0,0.0,0.0,1.0,1.0,7300,54,1406,730.0,712.5665660912748,730.0,0.0018976926803588,10,1.0,456976.0
20.0,6,64.0,180.9824294935966,0.0,0.0,0.7,0.3,0.3,0.0,0.0,3,0,0,7,0,0.0552539825439453,0.0,1.0,0.0,0.0,0.0,0.0,0.0,1.0,0.0,0.0,0.0,0.0,0.0,1.0,1.0,4626,54,1406,462.6,651.0224778505475,462.6,0.00552818775177,10,1.0,456976.0
20.0,6,64.0,488.4481192500291,0.0,0.0,1.0,0.0,0.0,0.0,0.0,0,0,0,10,0,0.0204730033874511,0.0,1.0,0.0,0.0,0.0,0.0,0.0,1.0,0.0,0.0,0.0,0.0,0.0,1.0,1.0,646,64,66,64.6,0.966091783079296,64.6,0.0023061037063598,10,0.0,0.8400000000000001
20.0,6,64.0,247.708771349602,0.0,0.0,0.8,0.2,0.2,0.0,0.0,2,0,0,8,0,0.0403699874877929,0.0,1.0,0.0,0.0,0.0,0.0,0.0,1.0,0.0,0.0,0.0,0.0,0.0,1.0,1.0,648,54,66,64.8,3.794733192202055,64.8,0.0045845985412597,10,0.9283038525131756,14.22222222222222
20.0,6,64.0,625.6980039979712,0.0,0.0,0.5,0.5,0.5,0.0,0.0,5,0,0,5,0,0.0159821510314941,0.0,1.0,0.0,0.0,0.0,0.0,0.0,1.0,0.0,0.0,0.0,0.0,0.0,1.0,1.0,600,54,66,60.0,6.324555320336759,60.0,0.0016013145446777,10,0.9293344008552924,36.0
20.0,6,64.0,499.2505832500119,0.0,0.0,0.5,0.5,0.5,0.0,0.0,5,0,0,5,0,0.0200300216674804,0.0,1.0,0.0,0.0,0.0,0.0,0.0,1.0,0.0,0.0,0.0,0.0,0.0,1.0,1.0,604,54,68,60.4,6.785605679999719,60.4,0.0020057916641235,10,0.9295222143298046,41.44
20.0,6,64.0,317.4400775000189,0.0,0.0,0.7,0.3,0.3,0.0,0.0,3,0,0,7,0,0.0315020084381103,0.0,1.0,0.0,0.0,0.0,0.0,0.0,1.0,0.0,0.0,0.0,0.0,0.0,1.0,1.0,624,54,68,62.4,7.229568912920511,62.4,0.0031538963317871,10,0.9297030671923672,49.0
20.0,6,64.0,746.2776008398129,0.0,0.0,0.5,0.5,0.5,0.0,0.0,5,0,0,5,0,0.0133998394012451,0.0,1.0,0.0,0.0,0.0,0.0,0.0,1.0,0.0,0.0,0.0,0.0,0.0,1.0,1.0,616,54,68,61.6,6.586180818788518,61.6,0.0017504930496215,10,0.9294409766183416,49.0
20.0,6,64.0,285.81287904599657,0.0,0.0,0.6,0.4,0.4,0.0,0.0,4,0,0,6,0,0.0349879264831543,0.0,1.0,0.0,0.0,0.0,0.0,0.0,1.0,0.0,0.0,0.0,0.0,0.0,1.0,1.0,612,54,66,61.2,6.196773353931867,61.2,0.0035009145736694,10,0.9292823475934576,36.0
20.0,6,64.0,2187.26741760534,0.0,0.0,0.6,0.4,0.4,0.0,0.0,4,0,0,6,0,0.0045719146728515,0.0,1.0,0.0,0.0,0.0,0.0,0.0,1.0,0.0,0.0,0.0,0.0,0.0,1.0,1.0,610,54,68,61.0,7.378647873726218,61.0,0.0004608869552612,10,0.9297637959978412,49.0
20.0,6,64.0,604.9593261408874,0.0,0.0,0.7,0.3,0.3,0.0,0.0,3,0,0,7,0,0.0165300369262695,0.0,1.0,0.0,0.0,0.0,0.0,0.0,1.0,0.0,0.0,0.0,0.0,0.0,1.0,1.0,630,54,68,63.0,6.411794687223781,63.0,0.0016883134841918,10,0.9293699386837876,49.0
20.0,6,64.0,194.8066472834013,0.0,0.0,1.0,0.0,0.0,0.0,0.0,0,0,0,10,0,0.051332950592041,0.0,1.0,0.0,0.0,0.0,0.0,0.0,1.0,0.0,0.0,0.0,0.0,0.0,1.0,1.0,644,64,66,64.4,0.8432740427115678,64.4,0.0054446935653686,10,0.0,0.64
20.0,6,64.0,2523.344964504873,0.0,0.0,1.0,0.0,0.0,0.0,0.0,0,0,0,10,0,0.0039629936218261,0.0,1.0,0.0,0.0,0.0,0.0,0.0,1.0,0.0,0.0,0.0,0.0,0.0,1.0,1.0,660,66,66,66.0,0.0,66.0,0.000398302078247,10,0.0,0.0
20.0,6,64.0,735.5073124539683,0.0,0.0,1.0,0.0,0.0,0.0,0.0,0,0,0,10,0,0.0135960578918457,0.0,1.0,0.0,0.0,0.0,0.0,0.0,1.0,0.0,0.0,0.0,0.0,0.0,1.0,1.0,662,66,67,66.2,0.4216370213557839,66.2,0.0013611078262329,10,0.0,0.16
20.0,6,64.0,331.9828084311506,0.0,0.0,0.9,0.1,0.1,0.0,0.0,1,0,0,9,0,0.0301220417022705,0.0,1.0,0.0,0.0,0.0,0.0,0.0,1.0,0.0,0.0,0.0,0.0,0.0,1.0,1.0,946,54,356,94.6,91.93741832838732,94.6,0.0032593965530395,10,0.9642096567302518,8248.987654320988
20.0,6,64.0,849.7546546729067,0.0,0.0,0.7,0.3,0.3,0.0,0.0,3,0,0,7,0,0.011768102645874,0.0,1.0,0.0,0.0,0.0,0.0,0.0,1.0,0.0,0.0,0.0,0.0,0.0,1.0,1.0,2956,54,356,295.6,127.33438044944675,295.6,0.0011852025985717,10,0.9786289632198868,15763.654320987656
20.0,6,64.0,418.0258332004465,0.0,0.0,0.7,0.3,0.3,0.0,0.0,3,0,0,7,0,0.0239219665527343,0.0,1.0,0.0,0.0,0.0,0.0,0.0,1.0,0.0,0.0,0.0,0.0,0.0,1.0,1.0,2362,54,358,236.2,156.81397330028412,236.2,0.0023943901062011,10,0.9906377701636038,22801.0
20.0,6,64.0,194.96602054571653,0.0,0.0,0.6,0.4,0.4,0.0,0.0,4,0,0,6,0,0.0512909889221191,0.0,1.0,0.0,0.0,0.0,0.0,0.0,1.0,0.0,0.0,0.0,0.0,0.0,1.0,1.0,2080,54,358,208.0,158.15604109022624,208.0,0.0059101104736328,10,0.9911844748985146,23104.0
20.0,6,64.0,465.07262768057126,0.0,0.0,0.5,0.5,0.5,0.0,0.0,5,0,0,5,0,0.0215020179748535,0.0,1.0,0.0,0.0,0.0,0.0,0.0,1.0,0.0,0.0,0.0,0.0,0.0,1.0,1.0,590,54,64,59.0,5.270462766947299,59.0,0.0021530866622924,10,0.9289050057127436,25.0
20.0,6,64.0,893.8123854579551,0.0,0.0,0.5,0.5,0.5,0.0,0.0,5,0,0,5,0,0.0111880302429199,0.0,1.0,0.0,0.0,0.0,0.0,0.0,1.0,0.0,0.0,0.0,0.0,0.0,1.0,1.0,594,54,66,59.4,5.738757124441959,59.4,0.0011255979537963,10,0.9290957701022128,29.64
20.0,6,64.0,618.118368309361,0.0,0.0,0.5,0.5,0.5,0.0,0.0,5,0,0,5,0,0.0161781311035156,0.0,1.0,0.0,0.0,0.0,0.0,0.0,1.0,0.0,0.0,0.0,0.0,0.0,1.0,1.0,600,54,66,60.0,6.324555320336759,60.0,0.0016218185424804,10,0.9293344008552924,36.0
20.0,6,64.0,846.6670703889864,0.0,0.0,0.6,0.4,0.4,0.0,0.0,4,0,0,6,0,0.0118110179901123,0.0,1.0,0.0,0.0,0.0,0.0,0.0,1.0,0.0,0.0,0.0,0.0,0.0,1.0,1.0,600,54,66,60.0,6.324555320336759,60.0,0.0012476921081542,10,0.9293344008552924,36.0
20.0,6,64.0,709.3240432260574,0.0,0.0,0.5,0.5,0.5,0.0,0.0,5,0,0,5,0,0.0140979290008544,0.0,1.0,0.0,0.0,0.0,0.0,0.0,1.0,0.0,0.0,0.0,0.0,0.0,1.0,1.0,600,54,66,60.0,6.324555320336759,60.0,0.0017242908477783,10,0.9293344008552924,36.0
20.0,6,64.0,399.1572055310766,0.0,0.0,0.5,0.5,0.5,0.0,0.0,5,0,0,5,0,0.025052785873413,0.0,1.0,0.0,0.0,0.0,0.0,0.0,1.0,0.0,0.0,0.0,0.0,0.0,1.0,1.0,604,54,68,60.4,6.785605679999719,60.4,0.0025074958801269,10,0.9295222143298046,41.44
20.0,6,64.0,1215.6345825000724,0.0,0.0,0.5,0.5,0.5,0.0,0.0,5,0,0,5,0,0.0082261562347412,0.0,1.0,0.0,0.0,0.0,0.0,0.0,1.0,0.0,0.0,0.0,0.0,0.0,1.0,1.0,610,54,68,61.0,7.378647873726218,61.0,0.0033150196075439,10,0.9297637959978412,49.0
20.0,6,64.0,841.6888746187188,0.0,0.0,0.7,0.3,0.3,0.0,0.0,3,0,0,7,0,0.011880874633789,0.0,1.0,0.0,0.0,0.0,0.0,0.0,1.0,0.0,0.0,0.0,0.0,0.0,1.0,1.0,622,54,68,62.2,5.921711464320655,62.2,0.0014465808868408,10,0.9291702983821056,49.0
20.0,6,64.0,187.56809695235117,0.0,0.0,1.0,0.0,0.0,0.0,0.0,0,0,0,10,0,0.0533139705657959,0.0,1.0,0.0,0.0,0.0,0.0,0.0,1.0,0.0,0.0,0.0,0.0,0.0,1.0,1.0,648,64,66,64.8,1.0327955589886444,64.8,0.0053332090377807,10,0.9101374495989096,0.96
20.0,6,64.0,974.3771779027088,0.0,0.0,0.8,0.2,0.2,0.0,0.0,2,0,0,8,0,0.0102629661560058,0.0,1.0,0.0,0.0,0.0,0.0,0.0,1.0,0.0,0.0,0.0,0.0,0.0,1.0,1.0,632,54,66,63.2,4.917090377222873,63.2,0.0014265060424804,10,0.9287610559360656,36.0
20.0,6,64.0,273.928041954845,0.0,0.0,1.0,0.0,0.0,0.0,0.0,0,0,0,10,0,0.0365059375762939,0.0,1.0,0.0,0.0,0.0,0.0,0.0,1.0,0.0,0.0,0.0,0.0,0.0,1.0,1.0,644,64,66,64.4,0.8432740427115678,64.4,0.0037467956542968,10,0.0,0.64
20.0,6,64.0,293.60773937026613,0.0,0.0,0.9,0.1,0.1,0.0,0.0,1,0,0,9,0,0.0340590476989746,0.0,1.0,0.0,0.0,0.0,0.0,0.0,1.0,0.0,0.0,0.0,0.0,0.0,1.0,1.0,1227,54,645,122.7,183.55625840597207,122.7,0.0038327932357788,10,1.0,33110.22222222222
20.0,6,64.0,568.9274717523704,0.0,0.0,0.6,0.4,0.4,0.0,0.0,4,0,0,6,0,0.0175769329071044,0.0,1.0,0.0,0.0,0.0,0.0,0.0,1.0,0.0,0.0,0.0,0.0,0.0,1.0,1.0,4677,54,645,467.7,285.480121899932,467.7,0.001971411705017,10,1.0,85538.20408163265
20.0,6,64.0,242.32485585200425,0.0,0.0,0.8,0.2,0.2,0.0,0.0,2,0,0,8,0,0.041266918182373,0.0,1.0,0.0,0.0,0.0,0.0,0.0,1.0,0.0,0.0,0.0,0.0,0.0,1.0,1.0,4687,54,647,468.7,286.1712967981085,468.7,0.004128885269165,10,1.0,87320.25
20.0,6,64.0,1076.8984286741295,0.0,0.0,0.6,0.4,0.4,0.0,0.0,4,0,0,6,0,0.0092859268188476,0.0,1.0,0.0,0.0,0.0,0.0,0.0,1.0,0.0,0.0,0.0,0.0,0.0,1.0,1.0,3517,54,647,351.7,311.2940910314732,351.7,0.0013266086578369,10,1.0,87912.25
20.0,6,64.0,839.0621749219813,0.0,0.0,0.5,0.5,0.5,0.0,0.0,5,0,0,5,0,0.0119180679321289,0.0,1.0,0.0,0.0,0.0,0.0,0.0,1.0,0.0,0.0,0.0,0.0,0.0,1.0,1.0,612,54,66,61.2,6.196773353931867,61.2,0.0011959075927734,10,0.9292823475934576,35.55555555555556
20.0,6,64.0,769.1595606168968,0.0,0.0,0.5,0.5,0.5,0.0,0.0,5,0,0,5,0,0.0130012035369873,0.0,1.0,0.0,0.0,0.0,0.0,0.0,1.0,0.0,0.0,0.0,0.0,0.0,1.0,1.0,604,54,68,60.4,6.785605679999719,60.4,0.0013030052185058,10,0.9295222143298046,41.44
20.0,6,64.0,864.7514586726594,0.0,0.0,0.6,0.4,0.4,0.0,0.0,4,0,0,6,0,0.011564016342163,0.0,1.0,0.0,0.0,0.0,0.0,0.0,1.0,0.0,0.0,0.0,0.0,0.0,1.0,1.0,610,54,68,61.0,7.378647873726218,61.0,0.0011578798294067,10,0.9297637959978412,49.0
20.0,6,64.0,1355.2308636789558,0.0,0.0,0.6,0.4,0.4,0.0,0.0,4,0,0,6,0,0.0073788166046142,0.0,1.0,0.0,0.0,0.0,0.0,0.0,1.0,0.0,0.0,0.0,0.0,0.0,1.0,1.0,612,54,68,61.2,6.408327915038888,61.2,0.0026288986206054,10,0.9293685264594702,49.0
20.0,6,64.0,1301.0434890501892,0.0,0.0,0.5,0.5,0.5,0.0,0.0,5,0,0,5,0,0.0076861381530761,0.0,1.0,0.0,0.0,0.0,0.0,0.0,1.0,0.0,0.0,0.0,0.0,0.0,1.0,1.0,590,54,64,59.0,5.270462766947299,59.0,0.0009672164916992,10,0.9289050057127436,25.0
20.0,6,64.0,356.1255264230404,0.0,0.0,0.6,0.4,0.4,0.0,0.0,4,0,0,6,0,0.0280799865722656,0.0,1.0,0.0,0.0,0.0,0.0,0.0,1.0,0.0,0.0,0.0,0.0,0.0,1.0,1.0,620,54,66,62.0,5.57773351022717,62.0,0.0028600931167602,10,0.9290301755227262,30.0
20.0,6,64.0,206.7391893690328,0.0,0.0,0.6,0.4,0.4,0.0,0.0,4,0,0,6,0,0.0483701229095459,0.0,1.0,0.0,0.0,0.0,0.0,0.0,1.0,0.0,0.0,0.0,0.0,0.0,1.0,1.0,600,54,66,60.0,6.324555320336759,60.0,0.0048429012298583,10,0.9293344008552924,36.0
20.0,6,64.0,258.79902263247527,0.0,0.0,0.5,0.5,0.5,0.0,0.0,5,0,0,5,0,0.038640022277832,0.0,1.0,0.0,0.0,0.0,0.0,0.0,1.0,0.0,0.0,0.0,0.0,0.0,1.0,1.0,590,54,64,59.0,5.270462766947299,59.0,0.0047395944595336,10,0.9289050057127436,25.0
20.0,6,64.0,1268.2341557813256,0.0,0.0,0.6,0.4,0.4,0.0,0.0,4,0,0,6,0,0.0078849792480468,0.0,1.0,0.0,0.0,0.0,0.0,0.0,1.0,0.0,0.0,0.0,0.0,0.0,1.0,1.0,602,54,66,60.2,5.370702416299421,60.2,0.0008753061294555,10,0.9289458393363036,25.96
20.0,6,64.0,1975.9287699627832,0.0,0.0,0.6,0.4,0.4,0.0,0.0,4,0,0,6,0,0.0050609111785888,0.0,1.0,0.0,0.0,0.0,0.0,0.0,1.0,0.0,0.0,0.0,0.0,0.0,1.0,1.0,612,54,66,61.2,6.196773353931867,61.2,0.0006150960922241,10,0.9292823475934576,35.26530612244898
20.0,6,64.0,537.4350037799675,0.0,0.0,0.5,0.5,0.5,0.0,0.0,5,0,0,5,0,0.0186069011688232,0.0,1.0,0.0,0.0,0.0,0.0,0.0,1.0,0.0,0.0,0.0,0.0,0.0,1.0,1.0,630,54,72,63.0,8.12403840463596,63.0,0.0023766994476318,10,0.9300674382845124,59.4
20.0,6,64.0,283.54260605036336,0.0,0.0,0.5,0.5,0.5,0.0,0.0,5,0,0,5,0,0.0352680683135986,0.0,1.0,0.0,0.0,0.0,0.0,0.0,1.0,0.0,0.0,0.0,0.0,0.0,1.0,1.0,630,54,72,63.0,9.486832980505138,63.0,0.0035318136215209,10,0.9306225862829386,81.0
20.0,6,64.0,736.372478449411,0.0,0.0,0.6,0.4,0.4,0.0,0.0,4,0,0,6,0,0.0135800838470458,0.0,1.0,0.0,0.0,0.0,0.0,0.0,1.0,0.0,0.0,0.0,0.0,0.0,1.0,1.0,636,54,74,63.6,10.145606602531624,63.6,0.0013612985610961,10,0.9308909443056071,92.64
20.0,6,64.0,419.9889853505162,0.0,0.0,0.5,0.5,0.5,0.0,0.0,5,0,0,5,0,0.0238101482391357,0.0,1.0,0.0,0.0,0.0,0.0,0.0,1.0,0.0,0.0,0.0,0.0,0.0,1.0,1.0,640,54,74,64.0,10.540925533894598,64.0,0.0027215957641601,10,0.9310519814254872,100.0
20.0,6,64.0,1001.816227577806,0.0,0.0,0.7,0.3,0.3,0.0,0.0,3,0,0,7,0,0.0099818706512451,0.0,1.0,0.0,0.0,0.0,0.0,0.0,1.0,0.0,0.0,0.0,0.0,0.0,1.0,1.0,630,54,74,63.0,7.378647873726218,63.0,0.0012199878692626,10,0.9297637959978412,100.0
20.0,6,64.0,589.9078775263358,0.0,0.0,0.7,0.3,0.3,0.0,0.0,3,0,0,7,0,0.0169517993927001,0.0,1.0,0.0,0.0,0.0,0.0,0.0,1.0,0.0,0.0,0.0,0.0,0.0,1.0,1.0,614,54,66,61.4,5.168279318217149,61.4,0.0016973972320556,10,0.9288633802630688,24.04
20.0,6,64.0,288.62537847508946,0.0,0.0,0.6,0.4,0.4,0.0,0.0,4,0,0,6,0,0.034646987915039,0.0,1.0,0.0,0.0,0.0,0.0,0.0,1.0,0.0,0.0,0.0,0.0,0.0,1.0,1.0,624,54,66,62.4,5.796550698475775,62.4,0.0037960052490234,10,0.9291193128925312,36.0
20.0,6,64.0,1026.9082362158456,0.0,0.0,1.0,0.0,0.0,0.0,0.0,0,0,0,10,0,0.0097379684448242,0.0,1.0,0.0,0.0,0.0,0.0,0.0,1.0,0.0,0.0,0.0,0.0,0.0,1.0,1.0,648,54,66,64.8,3.794733192202056,64.8,0.0009767055511474,10,0.9283038525131756,36.0
20.0,6,64.0,230.22351029728188,0.0,0.0,0.9,0.1,0.1,0.0,0.0,1,0,0,9,0,0.043436050415039,0.0,1.0,0.0,0.0,0.0,0.0,0.0,1.0,0.0,0.0,0.0,0.0,0.0,1.0,1.0,662,54,68,66.2,4.366539438350084,66.2,0.0047240018844604,10,0.9285367835056064,17.16
20.0,6,64.0,994.3350244179982,0.0,0.0,0.6,0.4,0.4,0.0,0.0,4,0,0,6,0,0.0100569725036621,0.0,1.0,0.0,0.0,0.0,0.0,0.0,1.0,0.0,0.0,0.0,0.0,0.0,1.0,1.0,794,54,107,79.4,24.432219165137933,79.4,0.001007604598999,10,0.9367107387991106,537.24
20.0,6,64.0,794.2253361105851,0.0,0.0,0.5,0.5,0.5,0.0,0.0,5,0,0,5,0,0.0125908851623535,0.0,1.0,0.0,0.0,0.0,0.0,0.0,1.0,0.0,0.0,0.0,0.0,0.0,1.0,1.0,805,54,107,80.5,27.933452664820685,80.5,0.0012617826461791,10,0.9381370012775414,702.25
20.0,6,64.0,773.6998026230839,0.0,0.0,0.5,0.5,0.5,0.0,0.0,5,0,0,5,0,0.0129249095916748,0.0,1.0,0.0,0.0,0.0,0.0,0.0,1.0,0.0,0.0,0.0,0.0,0.0,1.0,1.0,813,54,109,81.3,28.78290387635611,81.3,0.0012967109680175,10,0.9384830337230724,745.61
20.0,6,64.0,319.1842139307647,0.0,0.0,0.5,0.5,0.5,0.0,0.0,5,0,0,5,0,0.031329870223999,0.0,1.0,0.0,0.0,0.0,0.0,0.0,1.0,0.0,0.0,0.0,0.0,0.0,1.0,1.0,815,54,109,81.5,28.987545218210144,81.5,0.0031358957290649,10,0.93856639642009,756.25
20.0,6,64.0,228.16458863720436,0.0,0.0,0.9,0.1,0.1,0.0,0.0,1,0,0,9,0,0.043828010559082,0.0,1.0,0.0,0.0,0.0,0.0,0.0,1.0,0.0,0.0,0.0,0.0,0.0,1.0,1.0,679,54,109,67.9,15.278525234240815,67.9,0.0043859004974365,10,0.9329818900394204,756.25
20.0,6,64.0,324.3378003232317,0.0,0.0,1.0,0.0,0.0,0.0,0.0,0,0,0,10,0,0.0308320522308349,0.0,1.0,0.0,0.0,0.0,0.0,0.0,1.0,0.0,0.0,0.0,0.0,0.0,1.0,1.0,674,66,68,67.4,0.9660917830792958,67.4,0.0034003973007202,10,0.0,1.0
20.0,6,64.0,263.1637595683273,0.0,0.0,1.0,0.0,0.0,0.0,0.0,0,0,0,10,0,0.037999153137207,0.0,1.0,0.0,0.0,0.0,0.0,0.0,1.0,0.0,0.0,0.0,0.0,0.0,1.0,1.0,708,68,72,70.8,1.932183566158592,70.8,0.0038015127182006,10,0.9036873042975104,4.0
20.0,6,64.0,176.2794040389182,0.0,0.0,1.0,0.0,0.0,0.0,0.0,0,0,0,10,0,0.0567281246185302,0.0,1.0,0.0,0.0,0.0,0.0,0.0,1.0,0.0,0.0,0.0,0.0,0.0,1.0,1.0,734,72,74,73.4,0.9660917830792958,73.4,0.0056771039962768,10,0.0,1.0
20.0,6,64.0,358.7696308208164,0.0,0.0,0.6,0.4,0.4,0.0,0.0,4,0,0,6,0,0.0278730392456054,0.0,1.0,0.0,0.0,0.0,0.0,0.0,1.0,0.0,0.0,0.0,0.0,0.0,1.0,1.0,648,54,74,64.8,8.230026326405849,64.8,0.0047053813934326,10,0.9301106135243248,68.57142857142857
20.0,6,64.0,751.209657198123,0.0,0.0,0.6,0.4,0.4,0.0,0.0,4,0,0,6,0,0.0133118629455566,0.0,1.0,0.0,0.0,0.0,0.0,0.0,1.0,0.0,0.0,0.0,0.0,0.0,1.0,1.0,600,54,66,60.0,6.324555320336759,60.0,0.0013349056243896,10,0.9293344008552924,36.0
20.0,6,64.0,675.2699112907121,0.0,0.0,0.6,0.4,0.4,0.0,0.0,4,0,0,6,0,0.0148088932037353,0.0,1.0,0.0,0.0,0.0,0.0,0.0,1.0,0.0,0.0,0.0,0.0,0.0,1.0,1.0,636,54,68,63.6,6.65331997326648,63.6,0.0014848947525024,10,0.92946832642431,41.87654320987654
20.0,6,64.0,1461.735554471318,0.0,0.0,0.6,0.4,0.4,0.0,0.0,4,0,0,6,0,0.0068411827087402,0.0,1.0,0.0,0.0,0.0,0.0,0.0,1.0,0.0,0.0,0.0,0.0,0.0,1.0,1.0,616,54,68,61.6,6.719788356455548,61.6,0.00068781375885,10,0.9294954029848858,49.0
20.0,6,64.0,600.5245976748182,0.0,0.0,0.7,0.3,0.3,0.0,0.0,3,0,0,7,0,0.0166521072387695,0.0,1.0,0.0,0.0,0.0,0.0,0.0,1.0,0.0,0.0,0.0,0.0,0.0,1.0,1.0,600,54,64,60.0,5.163977794943222,60.0,0.0016690969467163,10,0.928861627994548,25.0
20.0,6,64.0,319.4175659312624,0.0,0.0,0.5,0.5,0.5,0.0,0.0,5,0,0,5,0,0.0313069820404052,0.0,1.0,0.0,0.0,0.0,0.0,0.0,1.0,0.0,0.0,0.0,0.0,0.0,1.0,1.0,596,54,66,59.6,5.94792213951879,59.6,0.003541088104248,10,0.9291809755627544,31.84
20.0,6,64.0,1231.807342143906,0.0,0.0,0.5,0.5,0.5,0.0,0.0,5,0,0,5,0,0.0081181526184082,0.0,1.0,0.0,0.0,0.0,0.0,0.0,1.0,0.0,0.0,0.0,0.0,0.0,1.0,1.0,600,54,66,60.0,6.324555320336759,60.0,0.0012822151184082,10,0.9293344008552924,36.0
20.0,6,64.0,538.3593679805928,0.0,0.0,0.7,0.3,0.3,0.0,0.0,3,0,0,7,0,0.0185749530792236,0.0,1.0,0.0,0.0,0.0,0.0,0.0,1.0,0.0,0.0,0.0,0.0,0.0,1.0,1.0,719,54,85,71.9,14.487159065109273,71.9,0.001975393295288,10,0.9326595191167628,188.89
20.0,6,64.0,253.26699193275687,0.0,0.0,1.0,0.0,0.0,0.0,0.0,0,0,0,10,0,0.0394840240478515,0.0,1.0,0.0,0.0,0.0,0.0,0.0,1.0,0.0,0.0,0.0,0.0,0.0,1.0,1.0,860,85,87,86.0,1.0540925533894598,86.0,0.0039520025253295,10,0.8743593951425488,1.0
20.0,6,64.0,9100.24734215665,0.0,0.0,0.7,0.3,0.3,0.0,0.0,3,0,0,7,0,0.0010988712310791,0.0,1.0,0.0,0.0,0.0,0.0,0.0,1.0,0.0,0.0,0.0,0.0,0.0,1.0,1.0,735,54,87,73.5,14.691267247359342,73.5,0.0001112937927246,10,0.9327426646258844,242.0
20.0,6,64.0,374.8126965970832,0.0,0.0,0.5,0.5,0.5,0.0,0.0,5,0,0,5,0,0.0266799926757812,0.0,1.0,0.0,0.0,0.0,0.0,0.0,1.0,0.0,0.0,0.0,0.0,0.0,1.0,1.0,590,54,64,59.0,5.270462766947299,59.0,0.0026698112487792,10,0.9289050057127436,25.0
20.0,6,64.0,1325.3820388042725,0.0,0.0,0.6,0.4,0.4,0.0,0.0,4,0,0,6,0,0.007544994354248,0.0,1.0,0.0,0.0,0.0,0.0,0.0,1.0,0.0,0.0,0.0,0.0,0.0,1.0,1.0,596,54,66,59.6,5.94792213951879,59.6,0.0007589817047119,10,0.9291809755627544,31.84
20.0,6,64.0,548.0099821001608,0.0,0.0,0.5,0.5,0.5,0.0,0.0,5,0,0,5,0,0.0182478427886962,0.0,1.0,0.0,0.0,0.0,0.0,0.0,1.0,0.0,0.0,0.0,0.0,0.0,1.0,1.0,612,54,66,61.2,6.196773353931867,61.2,0.0023952007293701,10,0.9292823475934576,35.55555555555556
20.0,6,64.0,378.7900188749108,0.0,0.0,0.6,0.4,0.4,0.0,0.0,4,0,0,6,0,0.0263998508453369,0.0,1.0,0.0,0.0,0.0,0.0,0.0,1.0,0.0,0.0,0.0,0.0,0.0,1.0,1.0,600,54,66,60.0,6.324555320336759,60.0,0.0026453018188476,10,0.9293344008552924,36.0
20.0,6,64.0,787.2044443610292,0.0,0.0,0.5,0.5,0.5,0.0,0.0,5,0,0,5,0,0.0127031803131103,0.0,1.0,0.0,0.0,0.0,0.0,0.0,1.0,0.0,0.0,0.0,0.0,0.0,1.0,1.0,600,54,66,60.0,6.324555320336759,60.0,0.0012713193893432,10,0.9293344008552924,36.0
20.0,6,64.0,297.90360384675483,0.0,0.0,0.5,0.5,0.5,0.0,0.0,5,0,0,5,0,0.0335679054260253,0.0,1.0,0.0,0.0,0.0,0.0,0.0,1.0,0.0,0.0,0.0,0.0,0.0,1.0,1.0,622,54,68,62.2,7.083627444874397,62.2,0.0038453817367553,10,0.929643616475944,46.02469135802469
20.0,6,64.0,1728.8969497114592,0.0,0.0,0.6,0.4,0.4,0.0,0.0,4,0,0,6,0,0.0057840347290039,0.0,1.0,0.0,0.0,0.0,0.0,0.0,1.0,0.0,0.0,0.0,0.0,0.0,1.0,1.0,610,54,68,61.0,7.378647873726218,61.0,0.0005813121795654,10,0.9297637959978412,49.0
20.0,6,64.0,746.2643228239983,0.0,0.0,0.5,0.5,0.5,0.0,0.0,5,0,0,5,0,0.0134000778198242,0.0,1.0,0.0,0.0,0.0,0.0,0.0,1.0,0.0,0.0,0.0,0.0,0.0,1.0,1.0,595,54,65,59.5,5.797509043642029,59.5,0.0017159938812255,10,0.929119703284018,30.25
20.0,6,64.0,412.1517992256746,0.0,0.0,0.5,0.5,0.5,0.0,0.0,5,0,0,5,0,0.0242629051208496,0.0,1.0,0.0,0.0,0.0,0.0,0.0,1.0,0.0,0.0,0.0,0.0,0.0,1.0,1.0,595,54,65,59.5,5.797509043642029,59.5,0.0026809930801391,10,0.929119703284018,30.25
20.0,6,64.0,1455.3953988688015,0.0,0.0,0.5,0.5,0.5,0.0,0.0,5,0,0,5,0,0.0068709850311279,0.0,1.0,0.0,0.0,0.0,0.0,0.0,1.0,0.0,0.0,0.0,0.0,0.0,1.0,1.0,605,54,67,60.5,6.851601597031489,60.5,0.0009035110473632,10,0.9295490984265669,42.25
20.0,6,64.0,498.37854537244976,0.0,0.0,0.6,0.4,0.4,0.0,0.0,4,0,0,6,0,0.0200650691986084,0.0,1.0,0.0,0.0,0.0,0.0,0.0,1.0,0.0,0.0,0.0,0.0,0.0,1.0,1.0,617,54,67,61.7,6.634087059355726,61.7,0.0024210929870605,10,0.9294604917044992,42.25
20.0,6,64.0,205.02725188563497,0.0,0.0,1.0,0.0,0.0,0.0,0.0,0,0,0,10,0,0.0487740039825439,0.0,1.0,0.0,0.0,0.0,0.0,0.0,1.0,0.0,0.0,0.0,0.0,0.0,1.0,1.0,662,66,68,66.2,0.6324555320336759,66.2,0.0048885107040405,10,0.0,0.36
20.0,6,64.0,288.0426332632851,0.0,0.0,1.0,0.0,0.0,0.0,0.0,0,0,0,10,0,0.0347170829772949,0.0,1.0,0.0,0.0,0.0,0.0,0.0,1.0,0.0,0.0,0.0,0.0,0.0,1.0,1.0,678,66,68,67.8,0.6324555320336759,67.8,0.0034744977951049,10,0.0,0.36
20.0,6,64.0,334.51401682816925,0.0,0.0,0.8,0.2,0.2,0.0,0.0,2,0,0,8,0,0.0298941135406494,0.0,1.0,0.0,0.0,0.0,0.0,0.0,1.0,0.0,0.0,0.0,0.0,0.0,1.0,1.0,636,54,66,63.6,5.059644256269407,63.6,0.0035083055496215,10,0.928819126684234,23.04
20.0,6,64.0,1286.6752561506842,0.0,0.0,0.6,0.4,0.4,0.0,0.0,4,0,0,6,0,0.0077719688415527,0.0,1.0,0.0,0.0,0.0,0.0,0.0,1.0,0.0,0.0,0.0,0.0,0.0,1.0,1.0,622,54,68,62.2,7.083627444874398,62.2,0.0008844852447509,10,0.929643616475944,45.16
20.0,6,64.0,250.80900072355007,0.0,0.0,0.9,0.1,0.1,0.0,0.0,1,0,0,9,0,0.0398709774017334,0.0,1.0,0.0,0.0,0.0,0.0,0.0,1.0,0.0,0.0,0.0,0.0,0.0,1.0,1.0,1230,54,209,123.0,74.13950813612583,123.0,0.0042824983596801,10,0.9569595000343324,4947.0
20.0,6,64.0,465.5475392367972,0.0,0.0,1.0,0.0,0.0,0.0,0.0,0,0,0,10,0,0.0214800834655761,0.0,1.0,0.0,0.0,0.0,0.0,0.0,1.0,0.0,0.0,0.0,0.0,0.0,1.0,1.0,2098,209,211,209.8,1.0327955589886444,209.8,0.0021505117416381,10,0.6630385995989097,0.96
20.0,6,64.0,396.9698461072517,0.0,0.0,0.8,0.2,0.2,0.0,0.0,2,0,0,8,0,0.0251908302307128,0.0,1.0,0.0,0.0,0.0,0.0,0.0,1.0,0.0,0.0,0.0,0.0,0.0,1.0,1.0,1641,54,211,164.1,62.450780619620765,164.1,0.0031097888946533,10,0.9521979799932088,3510.09
20.0,6,64.0,327.9233806340644,0.0,0.0,0.6,0.4,0.4,0.0,0.0,4,0,0,6,0,0.0304949283599853,0.0,1.0,0.0,0.0,0.0,0.0,0.0,1.0,0.0,0.0,0.0,0.0,0.0,1.0,1.0,858,54,107,85.8,27.36908231319908,85.8,0.0030524969100952,10,0.9379070993711048,702.25
20.0,6,64.0,1047.5546342316245,0.0,0.0,0.7,0.3,0.3,0.0,0.0,3,0,0,7,0,0.0095460414886474,0.0,1.0,0.0,0.0,0.0,0.0,0.0,1.0,0.0,0.0,0.0,0.0,0.0,1.0,1.0,868,54,109,86.8,28.236304448154844,86.8,0.000959300994873,10,0.9382603709800004,738.4722222222223
20.0,6,64.0,327.08715453241,0.0,0.0,0.7,0.3,0.3,0.0,0.0,3,0,0,7,0,0.0305728912353515,0.0,1.0,0.0,0.0,0.0,0.0,0.0,1.0,0.0,0.0,0.0,0.0,0.0,1.0,1.0,1167,54,230,116.7,64.7766247276833,116.7,0.003450608253479,10,0.9531454358490692,3776.41
20.0,6,64.0,487.23952464481954,0.0,0.0,0.7,0.3,0.3,0.0,0.0,3,0,0,7,0,0.0205237865447998,0.0,1.0,0.0,0.0,0.0,0.0,0.0,1.0,0.0,0.0,0.0,0.0,0.0,1.0,1.0,1948,54,230,194.8,74.20811575861798,194.8,0.0022847890853881,10,0.9569874480354308,6883.555555555555
20.0,6,64.0,191.30322145140912,0.0,0.0,0.7,0.3,0.3,0.0,0.0,3,0,0,7,0,0.0522730350494384,0.0,1.0,0.0,0.0,0.0,0.0,0.0,1.0,0.0,0.0,0.0,0.0,0.0,1.0,1.0,1608,54,232,160.8,91.91880474998938,160.8,0.0052311182022094,10,0.9642020743029556,7921.0
20.0,6,64.0,907.6026226386516,0.0,0.0,0.9,0.1,0.1,0.0,0.0,1,0,0,9,0,0.0110180377960205,0.0,1.0,0.0,0.0,0.0,0.0,0.0,1.0,0.0,0.0,0.0,0.0,0.0,1.0,1.0,1302,54,232,130.2,87.66831430644332,130.2,0.0012212038040161,10,0.9624705945158728,7276.9375
20.0,6,64.0,238.98895739079896,0.0,0.0,1.0,0.0,0.0,0.0,0.0,0,0,0,10,0,0.0418429374694824,0.0,1.0,0.0,0.0,0.0,0.0,0.0,1.0,0.0,0.0,0.0,0.0,0.0,1.0,1.0,650,64,66,65.0,1.0540925533894598,65.0,0.0042954921722412,10,0.9101461251425488,1.0
20.0,6,64.0,690.5568178076328,0.0,0.0,0.7,0.3,0.3,0.0,0.0,3,0,0,7,0,0.0144810676574707,0.0,1.0,0.0,0.0,0.0,0.0,0.0,1.0,0.0,0.0,0.0,0.0,0.0,1.0,1.0,636,54,66,63.6,5.059644256269407,63.6,0.0014498949050903,10,0.928819126684234,24.88888888888889
20.0,6,64.0,321.2450598939984,0.0,0.0,0.6,0.4,0.4,0.0,0.0,4,0,0,6,0,0.0311288833618164,0.0,1.0,0.0,0.0,0.0,0.0,0.0,1.0,0.0,0.0,0.0,0.0,0.0,1.0,1.0,600,54,66,60.0,6.324555320336759,60.0,0.0031137943267822,10,0.9293344008552924,36.0
20.0,6,64.0,2427.259259259259,0.0,0.0,0.5,0.5,0.5,0.0,0.0,5,0,0,5,0,0.004119873046875,0.0,1.0,0.0,0.0,0.0,0.0,0.0,1.0,0.0,0.0,0.0,0.0,0.0,1.0,1.0,606,54,68,60.6,6.995236474439826,60.6,0.0013308048248291,10,0.9296076095302278,44.04
20.0,6,64.0,353.80639066032325,0.0,0.0,0.5,0.5,0.5,0.0,0.0,5,0,0,5,0,0.028264045715332,0.0,1.0,0.0,0.0,0.0,0.0,0.0,1.0,0.0,0.0,0.0,0.0,0.0,1.0,1.0,624,54,68,62.4,7.229568912920511,62.4,0.0029139995574951,10,0.9297030671923672,49.0
20.0,6,64.0,574.4126871088347,0.0,0.0,0.5,0.5,0.5,0.0,0.0,5,0,0,5,0,0.0174090862274169,0.0,1.0,0.0,0.0,0.0,0.0,0.0,1.0,0.0,0.0,0.0,0.0,0.0,1.0,1.0,594,54,68,59.4,5.815687596683838,59.4,0.0017441034317016,10,0.9291271084993852,49.0
20.0,6,64.0,811.9369700723993,0.0,0.0,0.5,0.5,0.5,0.0,0.0,5,0,0,5,0,0.0123162269592285,0.0,1.0,0.0,0.0,0.0,0.0,0.0,1.0,0.0,0.0,0.0,0.0,0.0,1.0,1.0,590,54,64,59.0,5.270462766947299,59.0,0.0012334108352661,10,0.9289050057127436,25.0
20.0,6,64.0,325.5739435526438,0.0,0.0,0.5,0.5,0.5,0.0,0.0,5,0,0,5,0,0.030714988708496,0.0,1.0,0.0,0.0,0.0,0.0,0.0,1.0,0.0,0.0,0.0,0.0,0.0,1.0,1.0,598,54,66,59.8,6.142746399887703,59.8,0.0030752897262573,10,0.9292603391734584,33.959999999999994
20.0,6,64.0,300.5527648993572,0.0,0.0,0.5,0.5,0.5,0.0,0.0,5,0,0,5,0,0.0332720279693603,0.0,1.0,0.0,0.0,0.0,0.0,0.0,1.0,0.0,0.0,0.0,0.0,0.0,1.0,1.0,600,54,66,60.0,6.324555320336759,60.0,0.0033322095870971,10,0.9293344008552924,36.0
20.0,6,64.0,1143.6411724608045,0.0,0.0,0.6,0.4,0.4,0.0,0.0,4,0,0,6,0,0.0087440013885498,0.0,1.0,0.0,0.0,0.0,0.0,0.0,1.0,0.0,0.0,0.0,0.0,0.0,1.0,1.0,592,54,66,59.2,5.513619500836088,59.2,0.0008773803710937,10,0.9290040580398606,36.0
20.0,6,64.0,414.6248974386857,0.0,0.0,0.5,0.5,0.5,0.0,0.0,5,0,0,5,0,0.0241181850433349,0.0,1.0,0.0,0.0,0.0,0.0,0.0,1.0,0.0,0.0,0.0,0.0,0.0,1.0,1.0,590,54,64,59.0,5.270462766947299,59.0,0.0024139165878295,10,0.9289050057127436,25.0
20.0,6,64.0,1033.4870885077862,0.0,0.0,0.5,0.5,0.5,0.0,0.0,5,0,0,5,0,0.0096759796142578,0.0,1.0,0.0,0.0,0.0,0.0,0.0,1.0,0.0,0.0,0.0,0.0,0.0,1.0,1.0,598,54,66,59.8,6.142746399887703,59.8,0.0010830879211425,10,0.9292603391734584,33.959999999999994
20.0,6,64.0,633.0738230721628,0.0,0.0,0.5,0.5,0.5,0.0,0.0,5,0,0,5,0,0.0157959461212158,0.0,1.0,0.0,0.0,0.0,0.0,0.0,1.0,0.0,0.0,0.0,0.0,0.0,1.0,1.0,600,54,66,60.0,6.324555320336759,60.0,0.0019089937210083,10,0.9293344008552924,36.0
20.0,6,64.0,164.51993002329942,0.0,0.0,0.9,0.1,0.1,0.0,0.0,1,0,0,9,0,0.0607829093933105,0.0,1.0,0.0,0.0,0.0,0.0,0.0,1.0,0.0,0.0,0.0,0.0,0.0,1.0,1.0,648,54,66,64.8,3.794733192202056,64.8,0.0061875104904174,10,0.9283038525131756,36.0
20.0,6,64.0,865.6438197841206,0.0,0.0,1.0,0.0,0.0,0.0,0.0,0,0,0,10,0,0.011552095413208,0.0,1.0,0.0,0.0,0.0,0.0,0.0,1.0,0.0,0.0,0.0,0.0,0.0,1.0,1.0,676,66,68,67.6,0.8432740427115678,67.6,0.0011604070663452,10,0.0,1.0
20.0,6,64.0,376.207877010288,0.0,0.0,1.0,0.0,0.0,0.0,0.0,0,0,0,10,0,0.0265810489654541,0.0,1.0,0.0,0.0,0.0,0.0,0.0,1.0,0.0,0.0,0.0,0.0,0.0,1.0,1.0,760,68,78,76.0,4.216370213557839,76.0,0.0026607036590576,10,0.904617790570195,25.0
20.0,6,64.0,276.80972525623173,0.0,0.0,1.0,0.0,0.0,0.0,0.0,0,0,0,10,0,0.036125898361206,0.0,1.0,0.0,0.0,0.0,0.0,0.0,1.0,0.0,0.0,0.0,0.0,0.0,1.0,1.0,796,78,80,79.6,0.8432740427115678,79.6,0.003882884979248,10,0.0,1.0
20.0,6,64.0,242.6248322458235,0.0,0.0,1.0,0.0,0.0,0.0,0.0,0,0,0,10,0,0.0412158966064453,0.0,1.0,0.0,0.0,0.0,0.0,0.0,1.0,0.0,0.0,0.0,0.0,0.0,1.0,1.0,912,80,94,91.2,5.902918298980975,91.2,0.0050204038619995,10,0.8848552627982729,49.0
20.0,6,64.0,1200.7741196679071,0.0,0.0,1.0,0.0,0.0,0.0,0.0,0,0,0,10,0,0.0083279609680175,0.0,1.0,0.0,0.0,0.0,0.0,0.0,1.0,0.0,0.0,0.0,0.0,0.0,1.0,1.0,956,94,96,95.6,0.8432740427115678,95.6,0.002491807937622,10,0.0,1.0
20.0,6,64.0,225.40811281411897,0.0,0.0,1.0,0.0,0.0,0.0,0.0,0,0,0,10,0,0.0443639755249023,0.0,1.0,0.0,0.0,0.0,0.0,0.0,1.0,0.0,0.0,0.0,0.0,0.0,1.0,1.0,704,64,96,70.4,13.492384683385083,70.4,0.0047386884689331,10,0.9152129878246238,256.0
20.0,6,64.0,731.84973216311,0.0,0.0,1.0,0.0,0.0,0.0,0.0,0,0,0,10,0,0.0136640071868896,0.0,1.0,0.0,0.0,0.0,0.0,0.0,1.0,0.0,0.0,0.0,0.0,0.0,1.0,1.0,656,64,66,65.6,0.8432740427115678,65.6,0.0013683080673217,10,0.0,1.0
20.0,6,64.0,329.42492263709335,0.0,0.0,0.7,0.3,0.3,0.0,0.0,3,0,0,7,0,0.0303559303283691,0.0,1.0,0.0,0.0,0.0,0.0,0.0,1.0,0.0,0.0,0.0,0.0,0.0,1.0,1.0,7584,54,1224,758.4,601.1003244051694,758.4,0.0033838987350463,10,1.0,338742.0
20.0,6,64.0,203.79495651328892,0.0,0.0,0.8,0.2,0.2,0.0,0.0,2,0,0,8,0,0.0490689277648925,0.0,1.0,0.0,0.0,0.0,0.0,0.0,1.0,0.0,0.0,0.0,0.0,0.0,1.0,1.0,8736,54,1226,873.6,565.5784059998518,873.6,0.0049098968505859,10,1.0,342225.0
20.0,6,64.0,805.4043051635078,0.0,0.0,0.7,0.3,0.3,0.0,0.0,3,0,0,7,0,0.012416124343872,0.0,1.0,0.0,0.0,0.0,0.0,0.0,1.0,0.0,0.0,0.0,0.0,0.0,1.0,1.0,8744,54,1226,874.4,566.1297848844674,874.4,0.0033760070800781,10,1.0,343396.0
20.0,6,64.0,401.995840401775,0.0,0.0,1.0,0.0,0.0,0.0,0.0,0,0,0,10,0,0.0248758792877197,0.0,1.0,0.0,0.0,0.0,0.0,0.0,1.0,0.0,0.0,0.0,0.0,0.0,1.0,1.0,660,66,66,66.0,0.0,66.0,0.0025276899337768,10,0.0,0.0
20.0,6,64.0,302.9209458190695,0.0,0.0,1.0,0.0,0.0,0.0,0.0,0,0,0,10,0,0.0330119132995605,0.0,1.0,0.0,0.0,0.0,0.0,0.0,1.0,0.0,0.0,0.0,0.0,0.0,1.0,1.0,680,68,68,68.0,0.0,68.0,0.0036998987197875,10,0.0,0.0
20.0,6,64.0,927.040933604456,0.0,0.0,0.5,0.5,0.5,0.0,0.0,5,0,0,5,0,0.010787010192871,0.0,1.0,0.0,0.0,0.0,0.0,0.0,1.0,0.0,0.0,0.0,0.0,0.0,1.0,1.0,7300,54,1406,730.0,712.5665660912748,730.0,0.0013946056365966,10,1.0,456976.0
20.0,6,64.0,1525.978316233719,0.0,0.0,0.5,0.5,0.5,0.0,0.0,5,0,0,5,0,0.0065531730651855,0.0,1.0,0.0,0.0,0.0,0.0,0.0,1.0,0.0,0.0,0.0,0.0,0.0,1.0,1.0,7300,54,1406,730.0,712.5665660912748,730.0,0.0010374069213867,10,1.0,456976.0
20.0,6,64.0,287.50558655388454,0.0,0.0,0.5,0.5,0.5,0.0,0.0,5,0,0,5,0,0.0347819328308105,0.0,1.0,0.0,0.0,0.0,0.0,0.0,1.0,0.0,0.0,0.0,0.0,0.0,1.0,1.0,8652,54,1406,865.2,698.1697978763237,865.2,0.0038620948791503,10,1.0,456976.0
20.0,6,64.0,302.49929681583785,0.0,0.0,0.6,0.4,0.4,0.0,0.0,4,0,0,6,0,0.0330579280853271,0.0,1.0,0.0,0.0,0.0,0.0,0.0,1.0,0.0,0.0,0.0,0.0,0.0,1.0,1.0,5958,54,1406,595.8,697.315774157511,595.8,0.0033109903335571,10,1.0,456976.0
20.0,6,64.0,185.1716267344785,0.0,0.0,1.0,0.0,0.0,0.0,0.0,0,0,0,10,0,0.0540039539337158,0.0,1.0,0.0,0.0,0.0,0.0,0.0,1.0,0.0,0.0,0.0,0.0,0.0,1.0,1.0,642,64,66,64.2,0.6324555320336759,64.2,0.005672812461853,10,0.0,0.36
20.0,6,64.0,269.9627975232676,0.0,0.0,1.0,0.0,0.0,0.0,0.0,0,0,0,10,0,0.0370421409606933,0.0,1.0,0.0,0.0,0.0,0.0,0.0,1.0,0.0,0.0,0.0,0.0,0.0,1.0,1.0,658,64,66,65.8,0.6324555320336759,65.8,0.0049273967742919,10,0.0,0.36
20.0,6,64.0,401.10779588401806,0.0,0.0,1.0,0.0,0.0,0.0,0.0,0,0,0,10,0,0.0249309539794921,0.0,1.0,0.0,0.0,0.0,0.0,0.0,1.0,0.0,0.0,0.0,0.0,0.0,1.0,1.0,642,64,66,64.2,0.6324555320336759,64.2,0.0024945020675659,10,0.0,0.36
20.0,6,64.0,181.10668284447289,0.0,0.0,1.0,0.0,0.0,0.0,0.0,0,0,0,10,0,0.0552160739898681,0.0,1.0,0.0,0.0,0.0,0.0,0.0,1.0,0.0,0.0,0.0,0.0,0.0,1.0,1.0,658,64,66,65.8,0.6324555320336759,65.8,0.0060389995574951,10,0.0,0.36
20.0,6,64.0,95108.9342403628,0.0,0.0,1.0,0.0,0.0,0.0,0.0,0,0,0,10,0,0.0001051425933837,0.0,1.0,0.0,0.0,0.0,0.0,0.0,1.0,0.0,0.0,0.0,0.0,0.0,1.0,1.0,642,64,66,64.2,0.6324555320336759,64.2,1.170635223388672e-05,10,0.0,0.36
20.0,6,64.0,510.7530443253775,0.0,0.0,0.9,0.1,0.1,0.0,0.0,1,0,0,9,0,0.0195789337158203,0.0,1.0,0.0,0.0,0.0,0.0,0.0,1.0,0.0,0.0,0.0,0.0,0.0,1.0,1.0,660,66,66,66.0,0.0,66.0,0.0019589900970458,10,0.0,0.0
20.0,6,64.0,783.645161893018,0.0,0.0,0.6,0.4,0.4,0.0,0.0,4,0,0,6,0,0.0127608776092529,0.0,1.0,0.0,0.0,0.0,0.0,0.0,1.0,0.0,0.0,0.0,0.0,0.0,1.0,1.0,600,54,66,60.0,6.324555320336759,60.0,0.0012789964675903,10,0.9293344008552924,36.0
20.0,6,64.0,1384.2587458745877,0.0,0.0,0.5,0.5,0.5,0.0,0.0,5,0,0,5,0,0.0072240829467773,0.0,1.0,0.0,0.0,0.0,0.0,0.0,1.0,0.0,0.0,0.0,0.0,0.0,1.0,1.0,602,54,68,60.2,6.562519841239848,60.2,0.0007269144058227,10,0.9294313380825274,38.76
20.0,6,64.0,456.06123869171887,0.0,0.0,0.5,0.5,0.5,0.0,0.0,5,0,0,5,0,0.0219268798828125,0.0,1.0,0.0,0.0,0.0,0.0,0.0,1.0,0.0,0.0,0.0,0.0,0.0,1.0,1.0,610,54,68,61.0,7.378647873726218,61.0,0.0022925853729248,10,0.9297637959978412,49.0
20.0,6,64.0,1134.423498228437,0.0,0.0,0.6,0.4,0.4,0.0,0.0,4,0,0,6,0,0.008815050125122,0.0,1.0,0.0,0.0,0.0,0.0,0.0,1.0,0.0,0.0,0.0,0.0,0.0,1.0,1.0,2936,54,1224,293.6,490.4082652919572,293.6,0.0011868000030517,10,1.0,216450.24
20.0,6,64.0,438.693428442929,0.0,0.0,0.6,0.4,0.4,0.0,0.0,4,0,0,6,0,0.0227949619293212,0.0,1.0,0.0,0.0,0.0,0.0,0.0,1.0,0.0,0.0,0.0,0.0,0.0,1.0,1.0,7560,54,1224,756.0,604.1854020083571,756.0,0.0023973941802978,10,1.0,342225.0
20.0,6,64.0,971.3309094277575,0.0,0.0,0.8,0.2,0.2,0.0,0.0,2,0,0,8,0,0.0102951526641845,0.0,1.0,0.0,0.0,0.0,0.0,0.0,1.0,0.0,0.0,0.0,0.0,0.0,1.0,1.0,9912,54,1226,991.2,493.9484453530213,991.2,0.0010326147079467,10,1.0,257254.75
20.0,6,64.0,340.8562233852355,0.0,0.0,0.6,0.4,0.4,0.0,0.0,4,0,0,6,0,0.0293378829956054,0.0,1.0,0.0,0.0,0.0,0.0,0.0,1.0,0.0,0.0,0.0,0.0,0.0,1.0,1.0,5252,54,1226,525.2,603.170291045572,525.2,0.0032960891723632,10,1.0,343396.0
20.0,6,64.0,254.97753758427208,0.0,0.0,1.0,0.0,0.0,0.0,0.0,0,0,0,10,0,0.0392191410064697,0.0,1.0,0.0,0.0,0.0,0.0,0.0,1.0,0.0,0.0,0.0,0.0,0.0,1.0,1.0,664,66,68,66.4,0.8432740427115678,66.4,0.0039241075515747,10,0.0,0.64
20.0,6,64.0,553.126640203616,0.0,0.0,0.9,0.1,0.1,0.0,0.0,1,0,0,9,0,0.0180790424346923,0.0,1.0,0.0,0.0,0.0,0.0,0.0,1.0,0.0,0.0,0.0,0.0,0.0,1.0,1.0,664,54,68,66.4,4.402019738458447,66.4,0.0042411088943481,10,0.9285512367606584,17.44
20.0,6,64.0,545.4302396650152,0.0,0.0,0.5,0.5,0.5,0.0,0.0,5,0,0,5,0,0.018334150314331,0.0,1.0,0.0,0.0,0.0,0.0,0.0,1.0,0.0,0.0,0.0,0.0,0.0,1.0,1.0,600,54,66,60.0,6.324555320336759,60.0,0.0025048971176147,10,0.9293344008552924,36.0
20.0,6,64.0,540.3081362395012,0.0,0.0,0.5,0.5,0.5,0.0,0.0,5,0,0,5,0,0.018507957458496,0.0,1.0,0.0,0.0,0.0,0.0,0.0,1.0,0.0,0.0,0.0,0.0,0.0,1.0,1.0,616,54,68,61.6,6.586180818788516,61.6,0.0024295806884765,10,0.9294409766183416,39.04
20.0,6,64.0,362.4998055399507,0.0,0.0,0.5,0.5,0.5,0.0,0.0,5,0,0,5,0,0.0275862216949462,0.0,1.0,0.0,0.0,0.0,0.0,0.0,1.0,0.0,0.0,0.0,0.0,0.0,1.0,1.0,610,54,68,61.0,7.378647873726218,61.0,0.0027617216110229,10,0.9297637959978412,49.0
20.0,6,64.0,1686.6269905098925,0.0,0.0,0.7,0.3,0.3,0.0,0.0,3,0,0,7,0,0.0059289932250976,0.0,1.0,0.0,0.0,0.0,0.0,0.0,1.0,0.0,0.0,0.0,0.0,0.0,1.0,1.0,2487,54,689,248.7,303.8972962477071,248.7,0.0005970001220703,10,1.0,83118.20999999999
20.0,6,64.0,219.46607783835825,0.0,0.0,1.0,0.0,0.0,0.0,0.0,0,0,0,10,0,0.045565128326416,0.0,1.0,0.0,0.0,0.0,0.0,0.0,1.0,0.0,0.0,0.0,0.0,0.0,1.0,1.0,6896,689,691,689.6,0.966091783079296,689.6,0.0046864986419677,10,0.0,0.8400000000000001
20.0,6,64.0,965.5395948434624,0.0,0.0,0.9,0.1,0.1,0.0,0.0,1,0,0,9,0,0.0103569030761718,0.0,1.0,0.0,0.0,0.0,0.0,0.0,1.0,0.0,0.0,0.0,0.0,0.0,1.0,1.0,5019,54,691,501.9,304.4920907566128,501.9,0.0013436794281005,10,1.0,83443.89
20.0,6,64.0,1026.7071379614215,0.0,0.0,0.6,0.4,0.4,0.0,0.0,4,0,0,6,0,0.009739875793457,0.0,1.0,0.0,0.0,0.0,0.0,0.0,1.0,0.0,0.0,0.0,0.0,0.0,1.0,1.0,600,54,64,60.0,5.163977794943222,60.0,0.0009757995605468,10,0.928861627994548,24.0
20.0,6,64.0,593.5811833967819,0.0,0.0,0.5,0.5,0.5,0.0,0.0,5,0,0,5,0,0.0168468952178955,0.0,1.0,0.0,0.0,0.0,0.0,0.0,1.0,0.0,0.0,0.0,0.0,0.0,1.0,1.0,608,54,66,60.8,5.902918298980975,60.8,0.0020070075988769,10,0.9291626427982728,31.50617283950617
20.0,6,64.0,320.34705567860686,0.0,0.0,0.5,0.5,0.5,0.0,0.0,5,0,0,5,0,0.0312161445617675,0.0,1.0,0.0,0.0,0.0,0.0,0.0,1.0,0.0,0.0,0.0,0.0,0.0,1.0,1.0,600,54,66,60.0,6.324555320336759,60.0,0.0031237125396728,10,0.9293344008552924,36.0
20.0,6,64.0,1008.6826030493964,0.0,0.0,0.6,0.4,0.4,0.0,0.0,4,0,0,6,0,0.0099139213562011,0.0,1.0,0.0,0.0,0.0,0.0,0.0,1.0,0.0,0.0,0.0,0.0,0.0,1.0,1.0,5960,54,1406,596.0,697.1465651735891,596.0,0.0009940862655639,10,1.0,449746.17283950624
20.0,6,64.0,334.7516281445537,0.0,0.0,0.5,0.5,0.5,0.0,0.0,5,0,0,5,0,0.0298728942871093,0.0,1.0,0.0,0.0,0.0,0.0,0.0,1.0,0.0,0.0,0.0,0.0,0.0,1.0,1.0,7300,54,1406,730.0,712.5665660912748,730.0,0.003682804107666,10,1.0,456976.0
20.0,6,64.0,2018.238860552401,0.0,0.0,0.5,0.5,0.5,0.0,0.0,5,0,0,5,0,0.0049548149108886,0.0,1.0,0.0,0.0,0.0,0.0,0.0,1.0,0.0,0.0,0.0,0.0,0.0,1.0,1.0,7300,54,1406,730.0,712.5665660912748,730.0,0.0006058931350708,10,1.0,456976.0
20.0,6,64.0,397.6774438228881,0.0,0.0,0.5,0.5,0.5,0.0,0.0,5,0,0,5,0,0.0251460075378417,0.0,1.0,0.0,0.0,0.0,0.0,0.0,1.0,0.0,0.0,0.0,0.0,0.0,1.0,1.0,7300,54,1406,730.0,712.5665660912748,730.0,0.0026074171066284,10,1.0,456976.0
20.0,6,64.0,385.9528498076817,0.0,0.0,0.6,0.4,0.4,0.0,0.0,4,0,0,6,0,0.0259099006652832,0.0,1.0,0.0,0.0,0.0,0.0,0.0,1.0,0.0,0.0,0.0,0.0,0.0,1.0,1.0,1942,54,1406,194.2,425.8121129742032,194.2,0.0028814792633056,10,1.0,450241.0
20.0,6,64.0,4317.792876261066,0.0,0.0,0.5,0.5,0.5,0.0,0.0,5,0,0,5,0,0.0023159980773925,0.0,1.0,0.0,0.0,0.0,0.0,0.0,1.0,0.0,0.0,0.0,0.0,0.0,1.0,1.0,590,54,64,59.0,5.270462766947299,59.0,0.0003379106521606,10,0.9289050057127436,25.0
20.0,6,64.0,600.3870598339536,0.0,0.0,0.5,0.5,0.5,0.0,0.0,5,0,0,5,0,0.0166559219360351,0.0,1.0,0.0,0.0,0.0,0.0,0.0,1.0,0.0,0.0,0.0,0.0,0.0,1.0,1.0,600,54,66,60.0,6.324555320336759,60.0,0.0020350933074951,10,0.9293344008552924,36.0
20.0,6,64.0,387.4753110940719,0.0,0.0,0.6,0.4,0.4,0.0,0.0,4,0,0,6,0,0.0258080959320068,0.0,1.0,0.0,0.0,0.0,0.0,0.0,1.0,0.0,0.0,0.0,0.0,0.0,1.0,1.0,612,54,66,61.2,6.196773353931867,61.2,0.0029425144195556,10,0.9292823475934576,36.0
20.0,6,64.0,311.34184995212183,0.0,0.0,0.5,0.5,0.5,0.0,0.0,5,0,0,5,0,0.0321190357208251,0.0,1.0,0.0,0.0,0.0,0.0,0.0,1.0,0.0,0.0,0.0,0.0,0.0,1.0,1.0,612,54,66,61.2,6.196773353931867,61.2,0.0038208961486816,10,0.9292823475934576,36.0
20.0,6,64.0,874.2140147567635,0.0,0.0,0.7,0.3,0.3,0.0,0.0,3,0,0,7,0,0.0114388465881347,0.0,1.0,0.0,0.0,0.0,0.0,0.0,1.0,0.0,0.0,0.0,0.0,0.0,1.0,1.0,618,54,68,61.8,6.762642481555071,61.8,0.0011509895324707,10,0.9295128600412864,41.16
20.0,6,64.0,1476.2438406307194,0.0,0.0,0.5,0.5,0.5,0.0,0.0,5,0,0,5,0,0.0067739486694335,0.0,1.0,0.0,0.0,0.0,0.0,0.0,1.0,0.0,0.0,0.0,0.0,0.0,1.0,1.0,624,54,68,62.4,7.229568912920511,62.4,0.0018573999404907,10,0.9297030671923672,48.39506172839506
20.0,6,64.0,212.9336927661605,0.0,0.0,0.6,0.4,0.4,0.0,0.0,4,0,0,6,0,0.0469629764556884,0.0,1.0,0.0,0.0,0.0,0.0,0.0,1.0,0.0,0.0,0.0,0.0,0.0,1.0,1.0,5242,54,1226,524.2,604.0282921997758,524.2,0.0046993970870971,10,1.0,337555.35802469135
20.0,6,64.0,1137.407527931446,0.0,0.0,0.5,0.5,0.5,0.0,0.0,5,0,0,5,0,0.0087919235229492,0.0,1.0,0.0,0.0,0.0,0.0,0.0,1.0,0.0,0.0,0.0,0.0,0.0,1.0,1.0,6400,54,1226,640.0,617.6982362862234,640.0,0.0013924121856689,10,1.0,343396.0
20.0,6,64.0,1317.8445973544474,0.0,0.0,0.5,0.5,0.5,0.0,0.0,5,0,0,5,0,0.0075881481170654,0.0,1.0,0.0,0.0,0.0,0.0,0.0,1.0,0.0,0.0,0.0,0.0,0.0,1.0,1.0,6408,54,1228,640.8,618.541797743334,640.8,0.0008717060089111,10,1.0,344334.55999999994
20.0,6,64.0,491.22833317717607,0.0,0.0,0.5,0.5,0.5,0.0,0.0,5,0,0,5,0,0.0203571319580078,0.0,1.0,0.0,0.0,0.0,0.0,0.0,1.0,0.0,0.0,0.0,0.0,0.0,1.0,1.0,6410,54,1228,641.0,618.7523288396129,641.0,0.0022737979888916,10,1.0,344569.0
20.0,6,64.0,374.64195435666113,0.0,0.0,0.9,0.1,0.1,0.0,0.0,1,0,0,9,0,0.0266921520233154,0.0,1.0,0.0,0.0,0.0,0.0,0.0,1.0,0.0,0.0,0.0,0.0,0.0,1.0,1.0,11074,54,1228,1107.4,370.129166643214,1107.4,0.0031255006790161,10,1.0,344569.0
20.0,6,64.0,1303.955729652428,0.0,0.0,0.8,0.2,0.2,0.0,0.0,2,0,0,8,0,0.0076689720153808,0.0,1.0,0.0,0.0,0.0,0.0,0.0,1.0,0.0,0.0,0.0,0.0,0.0,1.0,1.0,9912,54,1226,991.2,493.9484453530214,991.2,0.0024624824523925,10,1.0,304200.0
20.0,6,64.0,585.6494177441425,0.0,0.0,0.7,0.3,0.3,0.0,0.0,3,0,0,7,0,0.0170750617980957,0.0,1.0,0.0,0.0,0.0,0.0,0.0,1.0,0.0,0.0,0.0,0.0,0.0,1.0,1.0,5258,54,1226,525.8,602.6500366437114,525.8,0.0021601200103759,10,1.0,341941.9375
20.0,6,64.0,261.9573553842887,0.0,0.0,1.0,0.0,0.0,0.0,0.0,0,0,0,10,0,0.0381741523742675,0.0,1.0,0.0,0.0,0.0,0.0,0.0,1.0,0.0,0.0,0.0,0.0,0.0,1.0,1.0,646,64,66,64.6,0.966091783079296,64.6,0.0041836023330688,10,0.0,0.8400000000000001
20.0,6,64.0,188.18918057942275,0.0,0.0,1.0,0.0,0.0,0.0,0.0,0,0,0,10,0,0.0531380176544189,0.0,1.0,0.0,0.0,0.0,0.0,0.0,1.0,0.0,0.0,0.0,0.0,0.0,1.0,1.0,660,66,66,66.0,0.0,66.0,0.0061086893081665,10,0.0,0.0
20.0,6,64.0,662.5967994186506,0.0,0.0,0.8,0.2,0.2,0.0,0.0,2,0,0,8,0,0.015092134475708,0.0,1.0,0.0,0.0,0.0,0.0,0.0,1.0,0.0,0.0,0.0,0.0,0.0,1.0,1.0,638,54,68,63.8,5.202563470700445,63.8,0.0016993045806884,10,0.9288773462554244,29.387755102040817
20.0,6,64.0,356.55844873462377,0.0,0.0,0.9,0.1,0.1,0.0,0.0,1,0,0,9,0,0.0280458927154541,0.0,1.0,0.0,0.0,0.0,0.0,0.0,1.0,0.0,0.0,0.0,0.0,0.0,1.0,1.0,666,54,68,66.6,4.42718872423573,66.6,0.003102684020996,10,0.9285614895987048,49.0
20.0,6,64.0,403.92765654192107,0.0,0.0,1.0,0.0,0.0,0.0,0.0,0,0,0,10,0,0.024756908416748,0.0,1.0,0.0,0.0,0.0,0.0,0.0,1.0,0.0,0.0,0.0,0.0,0.0,1.0,1.0,700,70,70,70.0,0.0,70.0,0.0024790048599243,10,0.0,0.0
20.0,6,64.0,454.3371210069651,0.0,0.0,1.0,0.0,0.0,0.0,0.0,0,0,0,10,0,0.0220100879669189,0.0,1.0,0.0,0.0,0.0,0.0,0.0,1.0,0.0,0.0,0.0,0.0,0.0,1.0,1.0,720,72,72,72.0,0.0,72.0,0.0022019147872924,10,0.0,0.0
20.0,6,64.0,292.02957681756783,0.0,0.0,1.0,0.0,0.0,0.0,0.0,0,0,0,10,0,0.034243106842041,0.0,1.0,0.0,0.0,0.0,0.0,0.0,1.0,0.0,0.0,0.0,0.0,0.0,1.0,1.0,640,64,64,64.0,0.0,64.0,0.0037997961044311,10,0.0,0.0
20.0,6,64.0,249.09160015203344,0.0,0.0,1.0,0.0,0.0,0.0,0.0,0,0,0,10,0,0.0401458740234375,0.0,1.0,0.0,0.0,0.0,0.0,0.0,1.0,0.0,0.0,0.0,0.0,0.0,1.0,1.0,660,66,66,66.0,0.0,66.0,0.0044067859649658,10,0.0,0.0
20.0,6,64.0,2603.540657976412,0.0,0.0,0.6,0.4,0.4,0.0,0.0,4,0,0,6,0,0.0038409233093261,0.0,1.0,0.0,0.0,0.0,0.0,0.0,1.0,0.0,0.0,0.0,0.0,0.0,1.0,1.0,654,54,73,65.4,9.811557810392122,65.4,0.0012212991714477,10,0.9307548661896412,86.64
20.0,6,64.0,718.3995615237051,0.0,0.0,0.8,0.2,0.2,0.0,0.0,2,0,0,8,0,0.0139198303222656,0.0,1.0,0.0,0.0,0.0,0.0,0.0,1.0,0.0,0.0,0.0,0.0,0.0,1.0,1.0,700,54,75,70.0,8.48528137423857,70.0,0.0014925003051757,10,0.9302145942206098,68.91358024691357
20.0,6,64.0,433.6721948798544,0.0,0.0,0.7,0.3,0.3,0.0,0.0,3,0,0,7,0,0.0230588912963867,0.0,1.0,0.0,0.0,0.0,0.0,0.0,1.0,0.0,0.0,0.0,0.0,0.0,1.0,1.0,678,54,75,67.8,9.919677414109795,67.8,0.0025983095169067,10,0.9307989097914118,98.0
20.0,6,64.0,715.5195414456064,0.0,0.0,0.5,0.5,0.5,0.0,0.0,5,0,0,5,0,0.0139758586883544,0.0,1.0,0.0,0.0,0.0,0.0,0.0,1.0,0.0,0.0,0.0,0.0,0.0,1.0,1.0,600,54,66,60.0,6.324555320336759,60.0,0.0017936944961547,10,0.9293344008552924,36.0
20.0,6,64.0,259.8073575777848,0.0,0.0,0.5,0.5,0.5,0.0,0.0,5,0,0,5,0,0.0384900569915771,0.0,1.0,0.0,0.0,0.0,0.0,0.0,1.0,0.0,0.0,0.0,0.0,0.0,1.0,1.0,602,54,68,60.2,6.562519841239848,60.2,0.0050177097320556,10,0.9294313380825274,38.76
20.0,6,64.0,541.4520293297531,0.0,0.0,0.6,0.4,0.4,0.0,0.0,4,0,0,6,0,0.0184688568115234,0.0,1.0,0.0,0.0,0.0,0.0,0.0,1.0,0.0,0.0,0.0,0.0,0.0,1.0,1.0,638,54,68,63.8,6.762642481555072,63.8,0.0018509864807128,10,0.9295128600412864,48.0
20.0,6,64.0,517.7322158172145,0.0,0.0,0.5,0.5,0.5,0.0,0.0,5,0,0,5,0,0.0193150043487548,0.0,1.0,0.0,0.0,0.0,0.0,0.0,1.0,0.0,0.0,0.0,0.0,0.0,1.0,1.0,604,54,68,60.4,6.785605679999719,60.4,0.0019345045089721,10,0.9295222143298046,49.0
20.0,6,64.0,593.6820054070122,0.0,0.0,0.6,0.4,0.4,0.0,0.0,4,0,0,6,0,0.0168440341949462,0.0,1.0,0.0,0.0,0.0,0.0,0.0,1.0,0.0,0.0,0.0,0.0,0.0,1.0,1.0,612,54,66,61.2,6.196773353931867,61.2,0.0016927003860473,10,0.9292823475934576,36.0
20.0,6,64.0,320.89360171987727,0.0,0.0,0.5,0.5,0.5,0.0,0.0,5,0,0,5,0,0.0311629772186279,0.0,1.0,0.0,0.0,0.0,0.0,0.0,1.0,0.0,0.0,0.0,0.0,0.0,1.0,1.0,604,54,67,60.4,6.752777206453652,60.4,0.0031192064285278,10,0.929508841322821,41.04
20.0,6,64.0,780.2775607396659,0.0,0.0,0.5,0.5,0.5,0.0,0.0,5,0,0,5,0,0.0128159523010253,0.0,1.0,0.0,0.0,0.0,0.0,0.0,1.0,0.0,0.0,0.0,0.0,0.0,1.0,1.0,605,54,67,60.5,6.851601597031489,60.5,0.0012858867645263,10,0.9295490984265669,42.25
20.0,6,64.0,400.4949965625239,0.0,0.0,0.5,0.5,0.5,0.0,0.0,5,0,0,5,0,0.0249691009521484,0.0,1.0,0.0,0.0,0.0,0.0,0.0,1.0,0.0,0.0,0.0,0.0,0.0,1.0,1.0,5813,54,1369,581.3,677.9557589630102,581.3,0.0025005102157592,10,1.0,413661.61
20.0,6,64.0,713.7782920935298,0.0,0.0,0.6,0.4,0.4,0.0,0.0,4,0,0,6,0,0.014009952545166,0.0,1.0,0.0,0.0,0.0,0.0,0.0,1.0,0.0,0.0,0.0,0.0,0.0,1.0,1.0,7115,54,1369,711.5,693.0658538535698,711.5,0.0014039993286132,10,1.0,432306.25
20.0,6,64.0,240.17682696382147,0.0,0.0,0.5,0.5,0.5,0.0,0.0,5,0,0,5,0,0.0416359901428222,0.0,1.0,0.0,0.0,0.0,0.0,0.0,1.0,0.0,0.0,0.0,0.0,0.0,1.0,1.0,7119,54,1370,711.9,693.4875549632371,711.9,0.0046637058258056,10,1.0,432832.4900000001
20.0,6,64.0,329.0114682857188,0.0,0.0,0.5,0.5,0.5,0.0,0.0,5,0,0,5,0,0.0303940773010253,0.0,1.0,0.0,0.0,0.0,0.0,0.0,1.0,0.0,0.0,0.0,0.0,0.0,1.0,1.0,7120,54,1370,712.0,693.5929001302645,712.0,0.003987693786621,10,1.0,432964.0
20.0,6,64.0,421.90275011567786,0.0,0.0,0.5,0.5,0.5,0.0,0.0,5,0,0,5,0,0.0237021446228027,0.0,1.0,0.0,0.0,0.0,0.0,0.0,1.0,0.0,0.0,0.0,0.0,0.0,1.0,1.0,1904,54,1370,190.4,414.51208265461537,190.4,0.0030043125152587,10,1.0,432964.0
20.0,6,64.0,378.7181941309255,0.0,0.0,0.5,0.5,0.5,0.0,0.0,5,0,0,5,0,0.026404857635498,0.0,1.0,0.0,0.0,0.0,0.0,0.0,1.0,0.0,0.0,0.0,0.0,0.0,1.0,1.0,600,54,66,60.0,6.324555320336759,60.0,0.0026416778564453,10,0.9293344008552924,36.0
20.0,6,64.0,2037.058766391452,0.0,0.0,0.5,0.5,0.5,0.0,0.0,5,0,0,5,0,0.0049090385437011,0.0,1.0,0.0,0.0,0.0,0.0,0.0,1.0,0.0,0.0,0.0,0.0,0.0,1.0,1.0,608,54,68,60.8,7.192588778272627,60.8,0.0005950212478637,10,0.9296880029647172,46.56
20.0,6,64.0,776.1624012287422,0.0,0.0,0.5,0.5,0.5,0.0,0.0,5,0,0,5,0,0.0128839015960693,0.0,1.0,0.0,0.0,0.0,0.0,0.0,1.0,0.0,0.0,0.0,0.0,0.0,1.0,1.0,610,54,68,61.0,7.378647873726218,61.0,0.0013702869415283,10,0.9297637959978412,49.0
20.0,6,64.0,272.52374826192613,0.0,0.0,0.9,0.1,0.1,0.0,0.0,1,0,0,9,0,0.036694049835205,0.0,1.0,0.0,0.0,0.0,0.0,0.0,1.0,0.0,0.0,0.0,0.0,0.0,1.0,1.0,5242,54,640,524.2,244.1501359591858,524.2,0.00451500415802,10,1.0,83834.75
20.0,6,64.0,307.701065944788,0.0,0.0,0.9,0.1,0.1,0.0,0.0,1,0,0,9,0,0.032499074935913,0.0,1.0,0.0,0.0,0.0,0.0,0.0,1.0,0.0,0.0,0.0,0.0,0.0,1.0,1.0,5828,54,642,582.8,185.8032412108154,582.8,0.0036334037780761,10,1.0,85849.0
20.0,6,64.0,487.500029057266,0.0,0.0,0.6,0.4,0.4,0.0,0.0,4,0,0,6,0,0.0205128192901611,0.0,1.0,0.0,0.0,0.0,0.0,0.0,1.0,0.0,0.0,0.0,0.0,0.0,1.0,1.0,2352,54,642,235.2,280.7675194889893,235.2,0.0023918867111206,10,1.0,84116.0
20.0,6,64.0,1001.5052531041068,0.0,0.0,0.6,0.4,0.4,0.0,0.0,4,0,0,6,0,0.0099849700927734,0.0,1.0,0.0,0.0,0.0,0.0,0.0,1.0,0.0,0.0,0.0,0.0,0.0,1.0,1.0,600,54,66,60.0,6.324555320336759,60.0,0.0009999990463256,10,0.9293344008552924,36.0
20.0,6,64.0,751.8290671829067,0.0,0.0,0.6,0.4,0.4,0.0,0.0,4,0,0,6,0,0.0133008956909179,0.0,1.0,0.0,0.0,0.0,0.0,0.0,1.0,0.0,0.0,0.0,0.0,0.0,1.0,1.0,622,54,68,62.2,7.083627444874397,62.2,0.0014846086502075,10,0.929643616475944,46.02469135802469
20.0,6,64.0,674.1194811874186,0.0,0.0,0.5,0.5,0.5,0.0,0.0,5,0,0,5,0,0.0148341655731201,0.0,1.0,0.0,0.0,0.0,0.0,0.0,1.0,0.0,0.0,0.0,0.0,0.0,1.0,1.0,622,54,68,62.2,7.083627444874398,62.2,0.0014866113662719,10,0.929643616475944,49.0
20.0,6,64.0,323.72948858461586,0.0,0.0,0.5,0.5,0.5,0.0,0.0,5,0,0,5,0,0.0308899879455566,0.0,1.0,0.0,0.0,0.0,0.0,0.0,1.0,0.0,0.0,0.0,0.0,0.0,1.0,1.0,600,54,66,60.0,6.324555320336759,60.0,0.0030938863754272,10,0.9293344008552924,36.0
20.0,6,64.0,255.2848160974808,0.0,0.0,0.5,0.5,0.5,0.0,0.0,5,0,0,5,0,0.0391719341278076,0.0,1.0,0.0,0.0,0.0,0.0,0.0,1.0,0.0,0.0,0.0,0.0,0.0,1.0,1.0,602,54,68,60.2,6.562519841239848,60.2,0.0039216995239257,10,0.9294313380825274,38.76
20.0,6,64.0,1351.911039484287,0.0,0.0,0.6,0.4,0.4,0.0,0.0,4,0,0,6,0,0.0073969364166259,0.0,1.0,0.0,0.0,0.0,0.0,0.0,1.0,0.0,0.0,0.0,0.0,0.0,1.0,1.0,610,54,68,61.0,7.378647873726218,61.0,0.0007457971572875,10,0.9297637959978412,49.0
20.0,6,64.0,1153.1366673081682,0.0,0.0,0.6,0.4,0.4,0.0,0.0,4,0,0,6,0,0.0086719989776611,0.0,1.0,0.0,0.0,0.0,0.0,0.0,1.0,0.0,0.0,0.0,0.0,0.0,1.0,1.0,616,54,68,61.6,6.719788356455548,61.6,0.0008691072463989,10,0.9294954029848858,49.0
20.0,6,64.0,306.3525940209333,0.0,0.0,1.0,0.0,0.0,0.0,0.0,0,0,0,10,0,0.032642126083374,0.0,1.0,0.0,0.0,0.0,0.0,0.0,1.0,0.0,0.0,0.0,0.0,0.0,1.0,1.0,644,64,66,64.4,0.8432740427115678,64.4,0.0034651041030883,10,0.0,0.64
20.0,6,64.0,754.3169556147039,0.0,0.0,0.9,0.1,0.1,0.0,0.0,1,0,0,9,0,0.0132570266723632,0.0,1.0,0.0,0.0,0.0,0.0,0.0,1.0,0.0,0.0,0.0,0.0,0.0,1.0,1.0,648,54,66,64.8,3.794733192202055,64.8,0.0032582998275756,10,0.9283038525131756,12.96
20.0,6,64.0,609.008726459613,0.0,0.0,0.6,0.4,0.4,0.0,0.0,4,0,0,6,0,0.0164201259613037,0.0,1.0,0.0,0.0,0.0,0.0,0.0,1.0,0.0,0.0,0.0,0.0,0.0,1.0,1.0,624,54,66,62.4,5.796550698475775,62.4,0.0016463994979858,10,0.9291193128925312,32.0
20.0,6,64.0,218.3123399471175,0.0,0.0,0.5,0.5,0.5,0.0,0.0,5,0,0,5,0,0.0458059310913085,0.0,1.0,0.0,0.0,0.0,0.0,0.0,1.0,0.0,0.0,0.0,0.0,0.0,1.0,1.0,606,54,68,60.6,6.995236474439826,60.6,0.0045846939086914,10,0.9296076095302278,44.04
20.0,6,64.0,1336.0208957125565,0.0,0.0,0.6,0.4,0.4,0.0,0.0,4,0,0,6,0,0.0074849128723144,0.0,1.0,0.0,0.0,0.0,0.0,0.0,1.0,0.0,0.0,0.0,0.0,0.0,1.0,1.0,610,54,68,61.0,7.378647873726218,61.0,0.0007493019104003,10,0.9297637959978412,49.0
20.0,6,64.0,1138.457195591987,0.0,0.0,0.5,0.5,0.5,0.0,0.0,5,0,0,5,0,0.0087838172912597,0.0,1.0,0.0,0.0,0.0,0.0,0.0,1.0,0.0,0.0,0.0,0.0,0.0,1.0,1.0,604,54,68,60.4,6.785605679999719,60.4,0.0008801937103271,10,0.9295222143298046,49.0
20.0,6,64.0,333.0557276033478,0.0,0.0,0.5,0.5,0.5,0.0,0.0,5,0,0,5,0,0.0300250053405761,0.0,1.0,0.0,0.0,0.0,0.0,0.0,1.0,0.0,0.0,0.0,0.0,0.0,1.0,1.0,600,54,66,60.0,6.324555320336759,60.0,0.0033061981201171,10,0.9293344008552924,36.0
20.0,6,64.0,2606.1289921709954,0.0,0.0,0.5,0.5,0.5,0.0,0.0,5,0,0,5,0,0.0038371086120605,0.0,1.0,0.0,0.0,0.0,0.0,0.0,1.0,0.0,0.0,0.0,0.0,0.0,1.0,1.0,620,54,68,62.0,6.928203230275509,62.0,0.0010728120803833,10,0.9295803028678852,43.55555555555556
20.0,6,64.0,592.3405216850965,0.0,0.0,0.7,0.3,0.3,0.0,0.0,3,0,0,7,0,0.0168821811676025,0.0,1.0,0.0,0.0,0.0,0.0,0.0,1.0,0.0,0.0,0.0,0.0,0.0,1.0,1.0,624,54,68,62.4,7.229568912920511,62.4,0.0016900062561035,10,0.9297030671923672,49.0
20.0,6,64.0,184.7605203226247,0.0,0.0,1.0,0.0,0.0,0.0,0.0,0,0,0,10,0,0.054124116897583,0.0,1.0,0.0,0.0,0.0,0.0,0.0,1.0,0.0,0.0,0.0,0.0,0.0,1.0,1.0,660,66,66,66.0,0.0,66.0,0.0060369968414306,10,0.0,0.0
20.0,6,64.0,1116.3376982859577,0.0,0.0,1.0,0.0,0.0,0.0,0.0,0,0,0,10,0,0.0089578628540039,0.0,1.0,0.0,0.0,0.0,0.0,0.0,1.0,0.0,0.0,0.0,0.0,0.0,1.0,1.0,680,68,68,68.0,0.0,68.0,0.0008982896804809,10,0.0,0.0
20.0,6,64.0,406.5035859662725,0.0,0.0,0.5,0.5,0.5,0.0,0.0,5,0,0,5,0,0.0246000289916992,0.0,1.0,0.0,0.0,0.0,0.0,0.0,1.0,0.0,0.0,0.0,0.0,0.0,1.0,1.0,600,54,64,60.0,5.163977794943222,60.0,0.0027199983596801,10,0.928861627994548,24.691358024691358
20.0,6,64.0,912.8371202228608,0.0,0.0,0.6,0.4,0.4,0.0,0.0,4,0,0,6,0,0.0109548568725585,0.0,1.0,0.0,0.0,0.0,0.0,0.0,1.0,0.0,0.0,0.0,0.0,0.0,1.0,1.0,592,54,66,59.2,5.513619500836088,59.2,0.0010982990264892,10,0.9290040580398606,27.360000000000003
20.0,6,64.0,560.3537694887176,0.0,0.0,0.6,0.4,0.4,0.0,0.0,4,0,0,6,0,0.017845869064331,0.0,1.0,0.0,0.0,0.0,0.0,0.0,1.0,0.0,0.0,0.0,0.0,0.0,1.0,1.0,624,54,66,62.4,5.796550698475776,62.4,0.0024590015411376,10,0.9291193128925312,36.0
20.0,6,64.0,310.00029563932003,0.0,0.0,0.5,0.5,0.5,0.0,0.0,5,0,0,5,0,0.0322580337524414,0.0,1.0,0.0,0.0,0.0,0.0,0.0,1.0,0.0,0.0,0.0,0.0,0.0,1.0,1.0,600,54,66,60.0,6.324555320336759,60.0,0.0032276153564453,10,0.9293344008552924,36.0
20.0,6,64.0,487.7835021573029,0.0,0.0,0.6,0.4,0.4,0.0,0.0,4,0,0,6,0,0.020500898361206,0.0,1.0,0.0,0.0,0.0,0.0,0.0,1.0,0.0,0.0,0.0,0.0,0.0,1.0,1.0,612,54,66,61.2,6.196773353931867,61.2,0.0021169900894165,10,0.9292823475934576,36.0
20.0,6,64.0,335.15286145781727,0.0,0.0,0.5,0.5,0.5,0.0,0.0,5,0,0,5,0,0.0298371315002441,0.0,1.0,0.0,0.0,0.0,0.0,0.0,1.0,0.0,0.0,0.0,0.0,0.0,1.0,1.0,608,54,68,60.8,7.192588778272627,60.8,0.0029869079589843,10,0.9296880029647172,46.56
20.0,6,64.0,1241.3223238332002,0.0,0.0,0.6,0.4,0.4,0.0,0.0,4,0,0,6,0,0.0080559253692626,0.0,1.0,0.0,0.0,0.0,0.0,0.0,1.0,0.0,0.0,0.0,0.0,0.0,1.0,1.0,610,54,68,61.0,7.378647873726218,61.0,0.0008092880249023,10,0.9297637959978412,49.0
20.0,6,64.0,550.6287004581676,0.0,0.0,0.5,0.5,0.5,0.0,0.0,5,0,0,5,0,0.0181610584259033,0.0,1.0,0.0,0.0,0.0,0.0,0.0,1.0,0.0,0.0,0.0,0.0,0.0,1.0,1.0,664,54,76,66.4,10.946333734279357,66.4,0.0018670082092285,10,0.931217128509996,108.44444444444444
20.0,6,64.0,272.10826451106453,0.0,0.0,0.6,0.4,0.4,0.0,0.0,4,0,0,6,0,0.0367500782012939,0.0,1.0,0.0,0.0,0.0,0.0,0.0,1.0,0.0,0.0,0.0,0.0,0.0,1.0,1.0,650,54,76,65.0,11.59501808728406,65.0,0.0036777019500732,10,0.931481376568036,121.0
20.0,6,64.0,789.4566056202827,0.0,0.0,0.5,0.5,0.5,0.0,0.0,5,0,0,5,0,0.0126669406890869,0.0,1.0,0.0,0.0,0.0,0.0,0.0,1.0,0.0,0.0,0.0,0.0,0.0,1.0,1.0,684,54,78,68.4,12.393546707863734,68.4,0.0013121843338012,10,0.9318066651869154,144.0
20.0,6,64.0,340.9947805726736,0.0,0.0,0.6,0.4,0.4,0.0,0.0,4,0,0,6,0,0.0293259620666503,0.0,1.0,0.0,0.0,0.0,0.0,0.0,1.0,0.0,0.0,0.0,0.0,0.0,1.0,1.0,648,54,78,64.8,11.933147112141038,64.8,0.00293390750885,10,0.9316191168076018,144.0
20.0,6,64.0,670.5521982414069,0.0,0.0,0.6,0.4,0.4,0.0,0.0,4,0,0,6,0,0.0149130821228027,0.0,1.0,0.0,0.0,0.0,0.0,0.0,1.0,0.0,0.0,0.0,0.0,0.0,1.0,1.0,612,54,66,61.2,6.196773353931867,61.2,0.0015964031219482,10,0.9292823475934576,36.0
20.0,6,64.0,256.4758829860092,0.0,0.0,0.5,0.5,0.5,0.0,0.0,5,0,0,5,0,0.0389900207519531,0.0,1.0,0.0,0.0,0.0,0.0,0.0,1.0,0.0,0.0,0.0,0.0,0.0,1.0,1.0,618,54,68,61.8,6.762642481555071,61.8,0.004111099243164,10,0.9295128600412864,41.16
20.0,6,64.0,1031.2509834775767,0.0,0.0,0.6,0.4,0.4,0.0,0.0,4,0,0,6,0,0.0096969604492187,0.0,1.0,0.0,0.0,0.0,0.0,0.0,1.0,0.0,0.0,0.0,0.0,0.0,1.0,1.0,624,54,68,62.4,7.229568912920511,62.4,0.0009733915328979,10,0.9297030671923672,49.0
20.0,6,64.0,368.2282603924323,0.0,0.0,0.9,0.1,0.1,0.0,0.0,1,0,0,9,0,0.0271570682525634,0.0,1.0,0.0,0.0,0.0,0.0,0.0,1.0,0.0,0.0,0.0,0.0,0.0,1.0,1.0,638,54,68,63.8,5.202563470700445,63.8,0.0027193069458007,10,0.9288773462554244,49.0
20.0,6,64.0,181.3698179946985,0.0,0.0,1.0,0.0,0.0,0.0,0.0,0,0,0,10,0,0.05513596534729,0.0,1.0,0.0,0.0,0.0,0.0,0.0,1.0,0.0,0.0,0.0,0.0,0.0,1.0,1.0,674,66,68,67.4,0.9660917830792958,67.4,0.0059964895248413,10,0.0,1.0
20.0,6,64.0,1644.5026465398942,0.0,0.0,1.0,0.0,0.0,0.0,0.0,0,0,0,10,0,0.0060808658599853,0.0,1.0,0.0,0.0,0.0,0.0,0.0,1.0,0.0,0.0,0.0,0.0,0.0,1.0,1.0,10046,68,1406,1004.6,646.315402880049,1004.6,0.0010164022445678,10,1.0,447561.0
20.0,6,64.0,362.1867795000216,0.0,0.0,1.0,0.0,0.0,0.0,0.0,0,0,0,10,0,0.0276100635528564,0.0,1.0,0.0,0.0,0.0,0.0,0.0,1.0,0.0,0.0,0.0,0.0,0.0,1.0,1.0,14060,1406,1406,1406.0,0.0,1406.0,0.0027625083923339,10,0.0,0.0
20.0,6,64.0,166.83322262307732,0.0,0.0,0.7,0.3,0.3,0.0,0.0,3,0,0,7,0,0.0599400997161865,0.0,1.0,0.0,0.0,0.0,0.0,0.0,1.0,0.0,0.0,0.0,0.0,0.0,1.0,1.0,4644,54,1406,464.4,649.786836842155,464.4,0.0065840005874633,10,1.0,451600.0
20.0,6,64.0,629.3312527195523,0.0,0.0,0.5,0.5,0.5,0.0,0.0,5,0,0,5,0,0.0158898830413818,0.0,1.0,0.0,0.0,0.0,0.0,0.0,1.0,0.0,0.0,0.0,0.0,0.0,1.0,1.0,600,54,66,60.0,6.324555320336759,60.0,0.0018425941467285,10,0.9293344008552924,36.0
20.0,6,64.0,2057.645211930926,0.0,0.0,0.5,0.5,0.5,0.0,0.0,5,0,0,5,0,0.0048599243164062,0.0,1.0,0.0,0.0,0.0,0.0,0.0,1.0,0.0,0.0,0.0,0.0,0.0,1.0,1.0,608,54,68,60.8,7.192588778272627,60.8,0.000603699684143,10,0.9296880029647172,46.56
20.0,6,64.0,1249.9788407092833,0.0,0.0,0.5,0.5,0.5,0.0,0.0,5,0,0,5,0,0.0080001354217529,0.0,1.0,0.0,0.0,0.0,0.0,0.0,1.0,0.0,0.0,0.0,0.0,0.0,1.0,1.0,624,54,68,62.4,7.229568912920511,62.4,0.0008689165115356,10,0.9297030671923672,49.0
20.0,6,64.0,238.6693752596209,0.0,0.0,0.7,0.3,0.3,0.0,0.0,3,0,0,7,0,0.0418989658355712,0.0,1.0,0.0,0.0,0.0,0.0,0.0,1.0,0.0,0.0,0.0,0.0,0.0,1.0,1.0,612,54,66,61.2,6.196773353931867,61.2,0.0041940927505493,10,0.9292823475934576,36.0
20.0,6,64.0,982.3186097709496,0.0,0.0,0.9,0.1,0.1,0.0,0.0,1,0,0,9,0,0.0101799964904785,0.0,1.0,0.0,0.0,0.0,0.0,0.0,1.0,0.0,0.0,0.0,0.0,0.0,1.0,1.0,658,54,68,65.8,4.263540521418529,65.8,0.0013148069381713,10,0.9284948258668052,17.580246913580243
20.0,6,64.0,421.44067200546607,0.0,0.0,0.6,0.4,0.4,0.0,0.0,4,0,0,6,0,0.0237281322479248,0.0,1.0,0.0,0.0,0.0,0.0,0.0,1.0,0.0,0.0,0.0,0.0,0.0,1.0,1.0,622,54,68,62.2,7.083627444874398,62.2,0.0023757934570312,10,0.929643616475944,48.0
20.0,6,64.0,330.84108316177225,0.0,0.0,0.6,0.4,0.4,0.0,0.0,4,0,0,6,0,0.0302259922027587,0.0,1.0,0.0,0.0,0.0,0.0,0.0,1.0,0.0,0.0,0.0,0.0,0.0,1.0,1.0,624,54,66,62.4,5.796550698475776,62.4,0.0036349058151245,10,0.9291193128925312,33.75
20.0,6,64.0,669.9631019886591,0.0,0.0,0.5,0.5,0.5,0.0,0.0,5,0,0,5,0,0.0149261951446533,0.0,1.0,0.0,0.0,0.0,0.0,0.0,1.0,0.0,0.0,0.0,0.0,0.0,1.0,1.0,606,54,68,60.6,6.995236474439826,60.6,0.0014945983886718,10,0.9296076095302278,44.04
20.0,6,64.0,482.7642407430854,0.0,0.0,0.6,0.4,0.4,0.0,0.0,4,0,0,6,0,0.0207140445709228,0.0,1.0,0.0,0.0,0.0,0.0,0.0,1.0,0.0,0.0,0.0,0.0,0.0,1.0,1.0,610,54,68,61.0,7.378647873726218,61.0,0.0020766019821166,10,0.9297637959978412,49.0
20.0,6,64.0,222.4339746717295,0.0,0.0,0.5,0.5,0.5,0.0,0.0,5,0,0,5,0,0.044957160949707,0.0,1.0,0.0,0.0,0.0,0.0,0.0,1.0,0.0,0.0,0.0,0.0,0.0,1.0,1.0,616,54,68,61.6,6.586180818788517,61.6,0.0048388957977294,10,0.9294409766183416,43.55555555555557
20.0,6,64.0,1486.7619013859842,0.0,0.0,0.5,0.5,0.5,0.0,0.0,5,0,0,5,0,0.0067260265350341,0.0,1.0,0.0,0.0,0.0,0.0,0.0,1.0,0.0,0.0,0.0,0.0,0.0,1.0,1.0,600,54,66,60.0,6.324555320336759,60.0,0.0006767034530639,10,0.9293344008552924,36.0
20.0,6,64.0,354.78802233124685,0.0,0.0,0.6,0.4,0.4,0.0,0.0,4,0,0,6,0,0.0281858444213867,0.0,1.0,0.0,0.0,0.0,0.0,0.0,1.0,0.0,0.0,0.0,0.0,0.0,1.0,1.0,608,54,68,60.8,7.192588778272627,60.8,0.0028222799301147,10,0.9296880029647172,46.56
20.0,6,64.0,1587.3085074174992,0.0,0.0,0.5,0.5,0.5,0.0,0.0,5,0,0,5,0,0.0062999725341796,0.0,1.0,0.0,0.0,0.0,0.0,0.0,1.0,0.0,0.0,0.0,0.0,0.0,1.0,1.0,624,54,68,62.4,7.229568912920511,62.4,0.0007172107696533,10,0.9297030671923672,49.0
20.0,6,64.0,298.41865230414584,0.0,0.0,1.0,0.0,0.0,0.0,0.0,0,0,0,10,0,0.0335099697113037,0.0,1.0,0.0,0.0,0.0,0.0,0.0,1.0,0.0,0.0,0.0,0.0,0.0,1.0,1.0,648,54,66,64.8,3.794733192202056,64.8,0.0033524990081787,10,0.9283038525131756,36.0
20.0,6,64.0,292.8267532376863,0.0,0.0,1.0,0.0,0.0,0.0,0.0,0,0,0,10,0,0.0341498851776123,0.0,1.0,0.0,0.0,0.0,0.0,0.0,1.0,0.0,0.0,0.0,0.0,0.0,1.0,1.0,678,66,68,67.8,0.6324555320336757,67.8,0.0034271001815795,10,0.0,1.0
20.0,6,64.0,385.66894091251817,0.0,0.0,1.0,0.0,0.0,0.0,0.0,0,0,0,10,0,0.0259289741516113,0.0,1.0,0.0,0.0,0.0,0.0,0.0,1.0,0.0,0.0,0.0,0.0,0.0,1.0,1.0,3272,68,356,327.2,91.07359661284931,327.2,0.0027013063430786,10,0.9399999503162104,20736.0
20.0,6,64.0,268.2191640660971,0.0,0.0,1.0,0.0,0.0,0.0,0.0,0,0,0,10,0,0.0372829437255859,0.0,1.0,0.0,0.0,0.0,0.0,0.0,1.0,0.0,0.0,0.0,0.0,0.0,1.0,1.0,3578,356,358,357.8,0.632455532033676,357.8,0.0040650844573974,10,0.0,1.0
20.0,6,64.0,392.570711892327,0.0,0.0,0.8,0.2,0.2,0.0,0.0,2,0,0,8,0,0.0254731178283691,0.0,1.0,0.0,0.0,0.0,0.0,0.0,1.0,0.0,0.0,0.0,0.0,0.0,1.0,1.0,928,54,358,92.8,93.31523634076773,92.8,0.0025487184524536,10,0.9647709246757752,21316.0
20.0,6,64.0,261.4723429191265,0.0,0.0,0.6,0.4,0.4,0.0,0.0,4,0,0,6,0,0.0382449626922607,0.0,1.0,0.0,0.0,0.0,0.0,0.0,1.0,0.0,0.0,0.0,0.0,0.0,1.0,1.0,618,54,68,61.8,6.762642481555072,61.8,0.0044924974441528,10,0.9295128600412864,41.16
20.0,6,64.0,1271.4635625075784,0.0,0.0,0.6,0.4,0.4,0.0,0.0,4,0,0,6,0,0.0078649520874023,0.0,1.0,0.0,0.0,0.0,0.0,0.0,1.0,0.0,0.0,0.0,0.0,0.0,1.0,1.0,624,54,68,62.4,7.229568912920511,62.4,0.0007894992828369,10,0.9297030671923672,49.0
20.0,6,64.0,633.9924724518947,0.0,0.0,0.6,0.4,0.4,0.0,0.0,4,0,0,6,0,0.015773057937622,0.0,1.0,0.0,0.0,0.0,0.0,0.0,1.0,0.0,0.0,0.0,0.0,0.0,1.0,1.0,614,54,68,61.4,6.397916327472042,61.4,0.001579999923706,10,0.929364285195159,49.0
20.0,6,64.0,757.9154318756777,0.0,0.0,0.6,0.4,0.4,0.0,0.0,4,0,0,6,0,0.0131940841674804,0.0,1.0,0.0,0.0,0.0,0.0,0.0,1.0,0.0,0.0,0.0,0.0,0.0,1.0,1.0,624,54,66,62.4,5.796550698475775,62.4,0.0022078990936279,10,0.9291193128925312,32.0
20.0,6,64.0,628.0590578299542,0.0,0.0,0.5,0.5,0.5,0.0,0.0,5,0,0,5,0,0.0159220695495605,0.0,1.0,0.0,0.0,0.0,0.0,0.0,1.0,0.0,0.0,0.0,0.0,0.0,1.0,1.0,600,54,66,60.0,6.324555320336759,60.0,0.0015950918197631,10,0.9293344008552924,36.0
20.0,6,64.0,288.94948228469866,0.0,0.0,0.6,0.4,0.4,0.0,0.0,4,0,0,6,0,0.0346081256866455,0.0,1.0,0.0,0.0,0.0,0.0,0.0,1.0,0.0,0.0,0.0,0.0,0.0,1.0,1.0,600,54,66,60.0,6.324555320336759,60.0,0.0034645080566406,10,0.9293344008552924,36.0
20.0,6,64.0,1182.7267856639314,0.0,0.0,0.5,0.5,0.5,0.0,0.0,5,0,0,5,0,0.0084550380706787,0.0,1.0,0.0,0.0,0.0,0.0,0.0,1.0,0.0,0.0,0.0,0.0,0.0,1.0,1.0,612,54,66,61.2,6.196773353931867,61.2,0.0008960962295532,10,0.9292823475934576,35.55555555555556
20.0,6,64.0,520.7533863898786,0.0,0.0,0.5,0.5,0.5,0.0,0.0,5,0,0,5,0,0.0192029476165771,0.0,1.0,0.0,0.0,0.0,0.0,0.0,1.0,0.0,0.0,0.0,0.0,0.0,1.0,1.0,606,54,68,60.6,6.995236474439826,60.6,0.0019224882125854,10,0.9296076095302278,44.04
20.0,6,64.0,155.5837305488065,0.0,0.0,0.5,0.5,0.5,0.0,0.0,5,0,0,5,0,0.0642740726470947,0.0,1.0,0.0,0.0,0.0,0.0,0.0,1.0,0.0,0.0,0.0,0.0,0.0,1.0,1.0,610,54,68,61.0,7.378647873726218,61.0,0.0064298152923583,10,0.9297637959978412,49.0
20.0,6,64.0,2082.4705823941213,0.0,0.0,0.6,0.4,0.4,0.0,0.0,4,0,0,6,0,0.0048019886016845,0.0,1.0,0.0,0.0,0.0,0.0,0.0,1.0,0.0,0.0,0.0,0.0,0.0,1.0,1.0,604,54,68,60.4,6.785605679999719,60.4,0.0004852056503295,10,0.9295222143298046,49.0
20.0,6,64.0,3516.0566686226844,0.0,0.0,0.5,0.5,0.5,0.0,0.0,5,0,0,5,0,0.0028440952301025,0.0,1.0,0.0,0.0,0.0,0.0,0.0,1.0,0.0,0.0,0.0,0.0,0.0,1.0,1.0,600,54,66,60.0,6.324555320336759,60.0,0.0004174947738647,10,0.9293344008552924,36.0
20.0,6,64.0,1503.550329796387,0.0,0.0,0.5,0.5,0.5,0.0,0.0,5,0,0,5,0,0.0066509246826171,0.0,1.0,0.0,0.0,0.0,0.0,0.0,1.0,0.0,0.0,0.0,0.0,0.0,1.0,1.0,606,54,68,60.6,6.995236474439826,60.6,0.0007300853729248,10,0.9296076095302278,44.04
20.0,6,64.0,646.6603968486455,0.0,0.0,0.5,0.5,0.5,0.0,0.0,5,0,0,5,0,0.0154640674591064,0.0,1.0,0.0,0.0,0.0,0.0,0.0,1.0,0.0,0.0,0.0,0.0,0.0,1.0,1.0,610,54,68,61.0,7.378647873726218,61.0,0.0020754098892211,10,0.9297637959978412,49.0
20.0,6,64.0,314.5358420385605,0.0,0.0,0.5,0.5,0.5,0.0,0.0,5,0,0,5,0,0.0317928791046142,0.0,1.0,0.0,0.0,0.0,0.0,0.0,1.0,0.0,0.0,0.0,0.0,0.0,1.0,1.0,598,54,68,59.8,6.285786435372356,59.8,0.0034250974655151,10,0.9293186079623132,49.0
20.0,6,64.0,419.67381081027,0.0,0.0,0.5,0.5,0.5,0.0,0.0,5,0,0,5,0,0.0238280296325683,0.0,1.0,0.0,0.0,0.0,0.0,0.0,1.0,0.0,0.0,0.0,0.0,0.0,1.0,1.0,590,54,64,59.0,5.270462766947299,59.0,0.0026479005813598,10,0.9289050057127436,25.0
20.0,6,64.0,4710.055025266704,0.0,0.0,0.5,0.5,0.5,0.0,0.0,5,0,0,5,0,0.0021231174468994,0.0,1.0,0.0,0.0,0.0,0.0,0.0,1.0,0.0,0.0,0.0,0.0,0.0,1.0,1.0,608,54,66,60.8,5.902918298980975,60.8,0.0010996103286743,10,0.9291626427982728,31.50617283950617
20.0,6,64.0,403.7643434732384,0.0,0.0,0.5,0.5,0.5,0.0,0.0,5,0,0,5,0,0.0247669219970703,0.0,1.0,0.0,0.0,0.0,0.0,0.0,1.0,0.0,0.0,0.0,0.0,0.0,1.0,1.0,600,54,66,60.0,6.324555320336759,60.0,0.0024802923202514,10,0.9293344008552924,36.0
20.0,6,64.0,343.6545678000819,0.0,0.0,0.9,0.1,0.1,0.0,0.0,1,0,0,9,0,0.0290989875793457,0.0,1.0,0.0,0.0,0.0,0.0,0.0,1.0,0.0,0.0,0.0,0.0,0.0,1.0,1.0,636,54,66,63.6,5.059644256269407,63.6,0.0029136896133422,10,0.928819126684234,36.0
20.0,6,64.0,191.73172303768072,0.0,0.0,1.0,0.0,0.0,0.0,0.0,0,0,0,10,0,0.0521562099456787,0.0,1.0,0.0,0.0,0.0,0.0,0.0,1.0,0.0,0.0,0.0,0.0,0.0,1.0,1.0,674,66,68,67.4,0.9660917830792958,67.4,0.0054441213607788,10,0.0,1.0
20.0,6,64.0,1254.0899985050082,0.0,0.0,1.0,0.0,0.0,0.0,0.0,0,0,0,10,0,0.0079739093780517,0.0,1.0,0.0,0.0,0.0,0.0,0.0,1.0,0.0,0.0,0.0,0.0,0.0,1.0,1.0,652,64,68,65.2,1.932183566158592,65.2,0.0008627891540527,10,0.9105038242975104,4.0
20.0,6,64.0,194.06933056948787,0.0,0.0,1.0,0.0,0.0,0.0,0.0,0,0,0,10,0,0.051527976989746,0.0,1.0,0.0,0.0,0.0,0.0,0.0,1.0,0.0,0.0,0.0,0.0,0.0,1.0,1.0,654,64,66,65.4,0.9660917830792958,65.4,0.0054305076599121,10,0.0,1.0
20.0,6,64.0,1124.4782841823055,0.0,0.0,0.6,0.4,0.4,0.0,0.0,4,0,0,6,0,0.0088930130004882,0.0,1.0,0.0,0.0,0.0,0.0,0.0,1.0,0.0,0.0,0.0,0.0,0.0,1.0,1.0,644,54,71,64.4,7.501111028818776,64.4,0.0008908033370971,10,0.9298136825886996,50.888888888888886
20.0,6,64.0,631.3490080380528,0.0,0.0,0.5,0.5,0.5,0.0,0.0,5,0,0,5,0,0.0158390998840332,0.0,1.0,0.0,0.0,0.0,0.0,0.0,1.0,0.0,0.0,0.0,0.0,0.0,1.0,1.0,625,54,71,62.5,8.959786703810408,62.5,0.0015867948532104,10,0.9304078887116642,72.25
20.0,6,64.0,204.81700141124995,0.0,0.0,0.5,0.5,0.5,0.0,0.0,5,0,0,5,0,0.0488240718841552,0.0,1.0,0.0,0.0,0.0,0.0,0.0,1.0,0.0,0.0,0.0,0.0,0.0,1.0,1.0,633,54,73,63.3,9.82117892900621,63.3,0.0048845052719116,10,0.93075878544852,86.81
20.0,6,64.0,886.8387778834972,0.0,0.0,0.6,0.4,0.4,0.0,0.0,4,0,0,6,0,0.0112760066986083,0.0,1.0,0.0,0.0,0.0,0.0,0.0,1.0,0.0,0.0,0.0,0.0,0.0,1.0,1.0,654,54,73,65.4,9.811557810392122,65.4,0.0011321783065795,10,0.9307548661896412,90.25
20.0,6,64.0,768.9339468715053,0.0,0.0,0.6,0.4,0.4,0.0,0.0,4,0,0,6,0,0.0130050182342529,0.0,1.0,0.0,0.0,0.0,0.0,0.0,1.0,0.0,0.0,0.0,0.0,0.0,1.0,1.0,612,54,66,61.2,6.196773353931867,61.2,0.0013068199157714,10,0.9292823475934576,36.0
20.0,6,64.0,346.9090608328853,0.0,0.0,0.8,0.2,0.2,0.0,0.0,2,0,0,8,0,0.0288259983062744,0.0,1.0,0.0,0.0,0.0,0.0,0.0,1.0,0.0,0.0,0.0,0.0,0.0,1.0,1.0,630,54,68,63.0,6.27162924074226,63.0,0.0028846979141235,10,0.9293128408875088,36.0
20.0,6,64.0,1088.0166018158236,0.0,0.0,0.7,0.3,0.3,0.0,0.0,3,0,0,7,0,0.0091910362243652,0.0,1.0,0.0,0.0,0.0,0.0,0.0,1.0,0.0,0.0,0.0,0.0,0.0,1.0,1.0,660,54,76,66.0,6.79869268479038,66.0,0.0032266855239868,10,0.9295275454520762,41.6
20.0,6,64.0,842.9575738087103,0.0,0.0,0.5,0.5,0.5,0.0,0.0,5,0,0,5,0,0.0118629932403564,0.0,1.0,0.0,0.0,0.0,0.0,0.0,1.0,0.0,0.0,0.0,0.0,0.0,1.0,1.0,650,54,76,65.0,11.59501808728406,65.0,0.0011892080307006,10,0.931481376568036,121.0
20.0,6,64.0,424.5719665144905,0.0,0.0,0.5,0.5,0.5,0.0,0.0,5,0,0,5,0,0.0235531330108642,0.0,1.0,0.0,0.0,0.0,0.0,0.0,1.0,0.0,0.0,0.0,0.0,0.0,1.0,1.0,652,54,78,65.2,11.820885471627468,65.2,0.0023576021194458,10,0.931573385905722,125.76000000000002
20.0,6,64.0,703.5298064342984,0.0,0.0,0.5,0.5,0.5,0.0,0.0,5,0,0,5,0,0.0142140388488769,0.0,1.0,0.0,0.0,0.0,0.0,0.0,1.0,0.0,0.0,0.0,0.0,0.0,1.0,1.0,660,54,78,66.0,12.649110640673518,66.0,0.0014245986938476,10,0.9319107717105848,144.0
20.0,6,64.0,276.01368781258225,0.0,0.0,0.6,0.4,0.4,0.0,0.0,4,0,0,6,0,0.0362300872802734,0.0,1.0,0.0,0.0,0.0,0.0,0.0,1.0,0.0,0.0,0.0,0.0,0.0,1.0,1.0,646,54,78,64.6,11.927559124425528,64.6,0.0036266088485717,10,0.931616840484926,144.0
20.0,6,64.0,377.2025720580961,0.0,0.0,1.0,0.0,0.0,0.0,0.0,0,0,0,10,0,0.0265109539031982,0.0,1.0,0.0,0.0,0.0,0.0,0.0,1.0,0.0,0.0,0.0,0.0,0.0,1.0,1.0,642,64,66,64.2,0.6324555320336759,64.2,0.0026542901992797,10,0.0,0.36
20.0,6,64.0,217.65639351748547,0.0,0.0,1.0,0.0,0.0,0.0,0.0,0,0,0,10,0,0.0459439754486084,0.0,1.0,0.0,0.0,0.0,0.0,0.0,1.0,0.0,0.0,0.0,0.0,0.0,1.0,1.0,658,64,66,65.8,0.6324555320336759,65.8,0.0051907062530517,10,0.0,0.36
20.0,6,64.0,211.9587837257369,0.0,0.0,1.0,0.0,0.0,0.0,0.0,0,0,0,10,0,0.0471789836883544,0.0,1.0,0.0,0.0,0.0,0.0,0.0,1.0,0.0,0.0,0.0,0.0,0.0,1.0,1.0,642,64,66,64.2,0.6324555320336759,64.2,0.0053244829177856,10,0.0,0.36
20.0,6,64.0,253.4981294233547,0.0,0.0,1.0,0.0,0.0,0.0,0.0,0,0,0,10,0,0.0394480228424072,0.0,1.0,0.0,0.0,0.0,0.0,0.0,1.0,0.0,0.0,0.0,0.0,0.0,1.0,1.0,660,66,66,66.0,0.0,66.0,0.0045271158218383,10,0.0,0.0
20.0,6,64.0,4610.64526767066,0.0,0.0,1.0,0.0,0.0,0.0,0.0,0,0,0,10,0,0.0021688938140869,0.0,1.0,0.0,0.0,0.0,0.0,0.0,1.0,0.0,0.0,0.0,0.0,0.0,1.0,1.0,662,66,68,66.2,0.6324555320336759,66.2,0.0008549928665161,10,0.0,0.36
20.0,6,64.0,489.0689241030305,0.0,0.0,1.0,0.0,0.0,0.0,0.0,0,0,0,10,0,0.0204470157623291,0.0,1.0,0.0,0.0,0.0,0.0,0.0,1.0,0.0,0.0,0.0,0.0,0.0,1.0,1.0,679,67,68,67.9,0.3162277660168379,67.9,0.002324891090393,10,0.0,0.09
20.0,6,64.0,231.7884103142235,0.0,0.0,1.0,0.0,0.0,0.0,0.0,0,0,0,10,0,0.0431427955627441,0.0,1.0,0.0,0.0,0.0,0.0,0.0,1.0,0.0,0.0,0.0,0.0,0.0,1.0,1.0,672,67,69,67.2,0.6324555320336759,67.2,0.0046756982803344,10,0.0,0.36
20.0,6,64.0,1851.1360225968756,0.0,0.0,1.0,0.0,0.0,0.0,0.0,0,0,0,10,0,0.0054020881652832,0.0,1.0,0.0,0.0,0.0,0.0,0.0,1.0,0.0,0.0,0.0,0.0,0.0,1.0,1.0,687,66,69,68.7,0.9486832980505138,68.7,0.0008536100387573,10,0.0,0.8099999999999999
20.0,6,64.0,383.6265354467544,0.0,0.0,1.0,0.0,0.0,0.0,0.0,0,0,0,10,0,0.0260670185089111,0.0,1.0,0.0,0.0,0.0,0.0,0.0,1.0,0.0,0.0,0.0,0.0,0.0,1.0,1.0,662,66,68,66.2,0.6324555320336759,66.2,0.0028661012649536,10,0.0,0.36
20.0,6,64.0,157.97517174882486,0.0,0.0,1.0,0.0,0.0,0.0,0.0,0,0,0,10,0,0.0633010864257812,0.0,1.0,0.0,0.0,0.0,0.0,0.0,1.0,0.0,0.0,0.0,0.0,0.0,1.0,1.0,865,68,253,86.5,58.50213671311501,86.5,0.0066970109939575,10,0.9267316404114546,3080.25
20.0,6,64.0,1600.5128596504617,0.0,0.0,0.6,0.4,0.4,0.0,0.0,4,0,0,6,0,0.0062479972839355,0.0,1.0,0.0,0.0,0.0,0.0,0.0,1.0,0.0,0.0,0.0,0.0,0.0,1.0,1.0,1734,54,253,173.4,102.76315811937012,173.4,0.0006278991699218,10,0.9686196300915066,9900.25
20.0,6,64.0,2900.224035403125,0.0,0.0,0.5,0.5,0.5,0.0,0.0,5,0,0,5,0,0.0034480094909667,0.0,1.0,0.0,0.0,0.0,0.0,0.0,1.0,0.0,0.0,0.0,0.0,0.0,1.0,1.0,1539,54,255,153.9,105.30637840764126,153.9,0.0004545927047729,10,0.9696556363081368,9980.490000000002
20.0,6,64.0,334.96282453660444,0.0,0.0,0.6,0.4,0.4,0.0,0.0,4,0,0,6,0,0.0298540592193603,0.0,1.0,0.0,0.0,0.0,0.0,0.0,1.0,0.0,0.0,0.0,0.0,0.0,1.0,1.0,1746,54,255,174.6,103.79595367835876,174.6,0.0031275987625122,10,0.9690403496904162,10100.25
20.0,6,64.0,804.1689514350902,0.0,0.0,0.5,0.5,0.5,0.0,0.0,5,0,0,5,0,0.0124351978302001,0.0,1.0,0.0,0.0,0.0,0.0,0.0,1.0,0.0,0.0,0.0,0.0,0.0,1.0,1.0,978,54,255,97.8,83.03252374822772,97.8,0.0013580083847045,10,0.960582158874078,10100.25
20.0,6,64.0,656.036537679482,0.0,0.0,0.5,0.5,0.5,0.0,0.0,5,0,0,5,0,0.0152430534362792,0.0,1.0,0.0,0.0,0.0,0.0,0.0,1.0,0.0,0.0,0.0,0.0,0.0,1.0,1.0,612,54,66,61.2,6.196773353931867,61.2,0.0018553018569946,10,0.9292823475934576,36.0
20.0,6,64.0,560.6983490408395,0.0,0.0,0.6,0.4,0.4,0.0,0.0,4,0,0,6,0,0.0178349018096923,0.0,1.0,0.0,0.0,0.0,0.0,0.0,1.0,0.0,0.0,0.0,0.0,0.0,1.0,1.0,608,54,68,60.8,7.192588778272627,60.8,0.0017862796783447,10,0.9296880029647172,46.56
20.0,6,64.0,407.51467101939295,0.0,0.0,0.6,0.4,0.4,0.0,0.0,4,0,0,6,0,0.0245389938354492,0.0,1.0,0.0,0.0,0.0,0.0,0.0,1.0,0.0,0.0,0.0,0.0,0.0,1.0,1.0,624,54,68,62.4,7.229568912920511,62.4,0.0026280164718627,10,0.9297030671923672,49.0
20.0,6,64.0,383.7318280376568,0.0,0.0,0.9,0.1,0.1,0.0,0.0,1,0,0,9,0,0.026059865951538,0.0,1.0,0.0,0.0,0.0,0.0,0.0,1.0,0.0,0.0,0.0,0.0,0.0,1.0,1.0,864,54,90,86.4,11.384199576606166,86.4,0.0027572870254516,10,0.9313954975395264,158.69387755102042
20.0,6,64.0,408.2127146027173,0.0,0.0,0.8,0.2,0.2,0.0,0.0,2,0,0,8,0,0.0244970321655273,0.0,1.0,0.0,0.0,0.0,0.0,0.0,1.0,0.0,0.0,0.0,0.0,0.0,1.0,1.0,842,54,92,84.2,15.929009176133128,84.2,0.0025458097457885,10,0.9332468711779895,304.8888888888889
20.0,6,64.0,497.4151466995565,0.0,0.0,0.8,0.2,0.2,0.0,0.0,2,0,0,8,0,0.0201039314270019,0.0,1.0,0.0,0.0,0.0,0.0,0.0,1.0,0.0,0.0,0.0,0.0,0.0,1.0,1.0,759,54,92,75.9,13.90803125296076,75.9,0.0022819995880126,10,0.932423605611206,346.56000000000006
20.0,6,64.0,205.2881608120873,0.0,0.0,1.0,0.0,0.0,0.0,0.0,0,0,0,10,0,0.0487120151519775,0.0,1.0,0.0,0.0,0.0,0.0,0.0,1.0,0.0,0.0,0.0,0.0,0.0,1.0,1.0,760,75,77,76.0,1.0540925533894598,76.0,0.0051537990570068,10,0.8914006951425488,1.0
20.0,6,64.0,349.62730796482305,0.0,0.0,1.0,0.0,0.0,0.0,0.0,0,0,0,10,0,0.0286018848419189,0.0,1.0,0.0,0.0,0.0,0.0,0.0,1.0,0.0,0.0,0.0,0.0,0.0,1.0,1.0,805,77,84,80.5,3.689323936863109,80.5,0.0033931970596313,10,0.8890659229989206,12.25
20.0,6,64.0,189.4155369094177,0.0,0.0,1.0,0.0,0.0,0.0,0.0,0,0,0,10,0,0.0527939796447753,0.0,1.0,0.0,0.0,0.0,0.0,0.0,1.0,0.0,0.0,0.0,0.0,0.0,1.0,1.0,850,84,86,85.0,1.0540925533894598,85.0,0.0055046081542968,10,0.8760635251425488,1.0
20.0,6,64.0,344.65988462865874,0.0,0.0,0.7,0.3,0.3,0.0,0.0,3,0,0,7,0,0.0290141105651855,0.0,1.0,0.0,0.0,0.0,0.0,0.0,1.0,0.0,0.0,0.0,0.0,0.0,1.0,1.0,736,54,86,73.6,13.78566082726702,73.6,0.0029053926467895,10,0.9323737567945956,182.9135802469136
20.0,6,64.0,750.1214343199499,0.0,0.0,0.5,0.5,0.5,0.0,0.0,5,0,0,5,0,0.0133311748504638,0.0,1.0,0.0,0.0,0.0,0.0,0.0,1.0,0.0,0.0,0.0,0.0,0.0,1.0,1.0,600,54,66,60.0,6.324555320336759,60.0,0.0013380050659179,10,0.9293344008552924,36.0
20.0,6,64.0,732.4887794484903,0.0,0.0,0.6,0.4,0.4,0.0,0.0,4,0,0,6,0,0.0136520862579345,0.0,1.0,0.0,0.0,0.0,0.0,0.0,1.0,0.0,0.0,0.0,0.0,0.0,1.0,1.0,606,54,68,60.6,6.995236474439826,60.6,0.0013679981231689,10,0.9296076095302278,44.04
20.0,6,64.0,1049.2055233139884,0.0,0.0,0.5,0.5,0.5,0.0,0.0,5,0,0,5,0,0.009531021118164,0.0,1.0,0.0,0.0,0.0,0.0,0.0,1.0,0.0,0.0,0.0,0.0,0.0,1.0,1.0,610,54,68,61.0,7.378647873726218,61.0,0.0014342069625854,10,0.9297637959978412,49.0
20.0,6,64.0,585.3388411298425,0.0,0.0,0.6,0.4,0.4,0.0,0.0,4,0,0,6,0,0.0170841217041015,0.0,1.0,0.0,0.0,0.0,0.0,0.0,1.0,0.0,0.0,0.0,0.0,0.0,1.0,1.0,618,54,68,61.8,5.613475849338903,61.8,0.0019819974899291,10,0.9290447355219869,49.0
20.0,6,64.0,909.590562109646,0.0,0.0,0.6,0.4,0.4,0.0,0.0,4,0,0,6,0,0.0109939575195312,0.0,1.0,0.0,0.0,0.0,0.0,0.0,1.0,0.0,0.0,0.0,0.0,0.0,1.0,1.0,590,54,64,59.0,5.270462766947299,59.0,0.0011022806167602,10,0.9289050057127436,25.0
20.0,6,64.0,1001.1944716301052,0.0,0.0,0.7,0.3,0.3,0.0,0.0,3,0,0,7,0,0.0099880695343017,0.0,1.0,0.0,0.0,0.0,0.0,0.0,1.0,0.0,0.0,0.0,0.0,0.0,1.0,1.0,624,54,66,62.4,5.796550698475775,62.4,0.0014630079269409,10,0.9291193128925312,32.0
20.0,6,64.0,518.8594331803506,0.0,0.0,0.6,0.4,0.4,0.0,0.0,4,0,0,6,0,0.019273042678833,0.0,1.0,0.0,0.0,0.0,0.0,0.0,1.0,0.0,0.0,0.0,0.0,0.0,1.0,1.0,615,54,67,61.5,6.467869303977419,61.5,0.0020081043243408,10,0.9293927812396684,37.65
20.0,6,64.0,166.4142199650849,0.0,0.0,0.6,0.4,0.4,0.0,0.0,4,0,0,6,0,0.0600910186767578,0.0,1.0,0.0,0.0,0.0,0.0,0.0,1.0,0.0,0.0,0.0,0.0,0.0,1.0,1.0,631,54,67,63.1,6.279596590015424,63.1,0.0066154956817626,10,0.9293160864669088,42.25
20.0,6,64.0,3162.409711226721,0.0,0.0,0.7,0.3,0.3,0.0,0.0,3,0,0,7,0,0.003162145614624,0.0,1.0,0.0,0.0,0.0,0.0,0.0,1.0,0.0,0.0,0.0,0.0,0.0,1.0,1.0,645,54,69,64.5,7.245688373094719,64.5,0.0003189086914062,10,0.9297096336156638,56.25
20.0,6,64.0,679.7128364691202,0.0,0.0,0.7,0.3,0.3,0.0,0.0,3,0,0,7,0,0.0147120952606201,0.0,1.0,0.0,0.0,0.0,0.0,0.0,1.0,0.0,0.0,0.0,0.0,0.0,1.0,1.0,615,54,69,61.5,6.7700320038633,61.5,0.0014724969863891,10,0.9295158702370938,56.25
20.0,6,64.0,472.6775229616273,0.0,0.0,0.5,0.5,0.5,0.0,0.0,5,0,0,5,0,0.0211560726165771,0.0,1.0,0.0,0.0,0.0,0.0,0.0,1.0,0.0,0.0,0.0,0.0,0.0,1.0,1.0,590,54,64,59.0,5.270462766947299,59.0,0.002514100074768,10,0.9289050057127436,25.0
20.0,6,64.0,819.4080528259128,0.0,0.0,0.5,0.5,0.5,0.0,0.0,5,0,0,5,0,0.0122039318084716,0.0,1.0,0.0,0.0,0.0,0.0,0.0,1.0,0.0,0.0,0.0,0.0,0.0,1.0,1.0,596,54,66,59.6,5.94792213951879,59.6,0.0015426874160766,10,0.9291809755627544,31.84
20.0,6,64.0,405.7289339021252,0.0,0.0,0.5,0.5,0.5,0.0,0.0,5,0,0,5,0,0.0246469974517822,0.0,1.0,0.0,0.0,0.0,0.0,0.0,1.0,0.0,0.0,0.0,0.0,0.0,1.0,1.0,600,54,66,60.0,6.324555320336759,60.0,0.0027310132980346,10,0.9293344008552924,36.0
20.0,6,64.0,882.8440926982256,0.0,0.0,0.5,0.5,0.5,0.0,0.0,5,0,0,5,0,0.0113270282745361,0.0,1.0,0.0,0.0,0.0,0.0,0.0,1.0,0.0,0.0,0.0,0.0,0.0,1.0,1.0,676,54,82,67.6,13.226236552146393,67.6,0.0011352062225341,10,0.9321458697218824,157.44
20.0,6,64.0,263.08782758144844,0.0,0.0,0.5,0.5,0.5,0.0,0.0,5,0,0,5,0,0.0380101203918457,0.0,1.0,0.0,0.0,0.0,0.0,0.0,1.0,0.0,0.0,0.0,0.0,0.0,1.0,1.0,680,54,82,68.0,14.757295747452437,68.0,0.0038028955459594,10,0.9327695619956824,196.0
20.0,6,64.0,902.272512154197,0.0,0.0,0.6,0.4,0.4,0.0,0.0,4,0,0,6,0,0.0110831260681152,0.0,1.0,0.0,0.0,0.0,0.0,0.0,1.0,0.0,0.0,0.0,0.0,0.0,1.0,1.0,688,54,84,68.8,15.611961226358888,68.8,0.0011147022247314,10,0.9331177185251696,219.36
20.0,6,64.0,638.6940764428201,0.0,0.0,0.5,0.5,0.5,0.0,0.0,5,0,0,5,0,0.0156569480895996,0.0,1.0,0.0,0.0,0.0,0.0,0.0,1.0,0.0,0.0,0.0,0.0,0.0,1.0,1.0,720,54,84,72.0,15.491933384829668,72.0,0.0016697883605957,10,0.9330688239836442,225.0
20.0,6,64.0,303.3525476440169,0.0,0.0,0.7,0.3,0.3,0.0,0.0,3,0,0,7,0,0.0329649448394775,0.0,1.0,0.0,0.0,0.0,0.0,0.0,1.0,0.0,0.0,0.0,0.0,0.0,1.0,1.0,612,54,66,61.2,6.196773353931867,61.2,0.0033005952835083,10,0.9292823475934576,36.0
20.0,6,64.0,678.9866122739709,0.0,0.0,0.7,0.3,0.3,0.0,0.0,3,0,0,7,0,0.0147278308868408,0.0,1.0,0.0,0.0,0.0,0.0,0.0,1.0,0.0,0.0,0.0,0.0,0.0,1.0,1.0,630,54,68,63.0,6.27162924074226,63.0,0.0015769004821777,10,0.9293128408875088,36.4375
20.0,6,64.0,534.5650123626724,0.0,0.0,0.6,0.4,0.4,0.0,0.0,4,0,0,6,0,0.0187067985534667,0.0,1.0,0.0,0.0,0.0,0.0,0.0,1.0,0.0,0.0,0.0,0.0,0.0,1.0,1.0,624,54,68,62.4,7.229568912920511,62.4,0.0021224975585937,10,0.9297030671923672,49.0
20.0,6,64.0,366.7952776563183,0.0,0.0,0.5,0.5,0.5,0.0,0.0,5,0,0,5,0,0.0272631645202636,0.0,1.0,0.0,0.0,0.0,0.0,0.0,1.0,0.0,0.0,0.0,0.0,0.0,1.0,1.0,604,54,68,60.4,5.641118880348314,60.4,0.0030423164367675,10,0.9290559961870988,49.0
20.0,6,64.0,477.9234511913036,0.0,0.0,0.6,0.4,0.4,0.0,0.0,4,0,0,6,0,0.0209238529205322,0.0,1.0,0.0,0.0,0.0,0.0,0.0,1.0,0.0,0.0,0.0,0.0,0.0,1.0,1.0,590,54,64,59.0,5.270462766947299,59.0,0.0020974874496459,10,0.9289050057127436,25.0
20.0,6,64.0,207.67068213438696,0.0,0.0,0.5,0.5,0.5,0.0,0.0,5,0,0,5,0,0.0481531620025634,0.0,1.0,0.0,0.0,0.0,0.0,0.0,1.0,0.0,0.0,0.0,0.0,0.0,1.0,1.0,600,54,66,60.0,6.324555320336759,60.0,0.0055848121643066,10,0.9293344008552924,36.0
20.0,6,64.0,821.751924923101,0.0,0.0,0.5,0.5,0.5,0.0,0.0,5,0,0,5,0,0.0121691226959228,0.0,1.0,0.0,0.0,0.0,0.0,0.0,1.0,0.0,0.0,0.0,0.0,0.0,1.0,1.0,600,54,66,60.0,6.324555320336759,60.0,0.0015166044235229,10,0.9293344008552924,36.0
20.0,6,64.0,856.9773001246348,0.0,0.0,0.7,0.3,0.3,0.0,0.0,3,0,0,7,0,0.0116689205169677,0.0,1.0,0.0,0.0,0.0,0.0,0.0,1.0,0.0,0.0,0.0,0.0,0.0,1.0,1.0,624,54,66,62.4,5.796550698475775,62.4,0.001270580291748,10,0.9291193128925312,30.24
20.0,6,64.0,327.05399820655776,0.0,0.0,0.7,0.3,0.3,0.0,0.0,3,0,0,7,0,0.0305759906768798,0.0,1.0,0.0,0.0,0.0,0.0,0.0,1.0,0.0,0.0,0.0,0.0,0.0,1.0,1.0,646,54,68,64.6,5.660781257427675,64.6,0.0031553030014038,10,0.9290640058530256,30.61728395061728
20.0,6,64.0,162.44336776387388,0.0,0.0,0.7,0.3,0.3,0.0,0.0,3,0,0,7,0,0.0615599155426025,0.0,1.0,0.0,0.0,0.0,0.0,0.0,1.0,0.0,0.0,0.0,0.0,0.0,1.0,1.0,620,54,68,62.0,6.99205898780101,62.0,0.0061578035354614,10,0.9296063151492706,49.0
20.0,6,64.0,52626.14805520703,0.0,0.0,1.0,0.0,0.0,0.0,0.0,0,0,0,10,0,0.0001900196075439,0.0,1.0,0.0,0.0,0.0,0.0,0.0,1.0,0.0,0.0,0.0,0.0,0.0,1.0,1.0,642,64,66,64.2,0.6324555320336759,64.2,0.0002309083938598,10,0.0,0.36
20.0,6,64.0,562.7521064777545,0.0,0.0,0.9,0.1,0.1,0.0,0.0,1,0,0,9,0,0.0177698135375976,0.0,1.0,0.0,0.0,0.0,0.0,0.0,1.0,0.0,0.0,0.0,0.0,0.0,1.0,1.0,1238,66,644,123.8,182.77964875773236,123.8,0.002022385597229,10,0.98076558771795,30067.560000000005
20.0,6,64.0,545.5224618266004,0.0,0.0,0.7,0.3,0.3,0.0,0.0,3,0,0,7,0,0.0183310508728027,0.0,1.0,0.0,0.0,0.0,0.0,0.0,1.0,0.0,0.0,0.0,0.0,0.0,1.0,1.0,4080,54,644,408.0,304.67468990165014,408.0,0.0018371105194091,10,1.0,87025.0
20.0,6,64.0,357.97350812508535,0.0,0.0,0.6,0.4,0.4,0.0,0.0,4,0,0,6,0,0.0279350280761718,0.0,1.0,0.0,0.0,0.0,0.0,0.0,1.0,0.0,0.0,0.0,0.0,0.0,1.0,1.0,4086,54,646,408.6,305.1921798910756,408.6,0.0031742095947265,10,1.0,87025.0
20.0,6,64.0,1096.607404308722,0.0,0.0,0.5,0.5,0.5,0.0,0.0,5,0,0,5,0,0.0091190338134765,0.0,1.0,0.0,0.0,0.0,0.0,0.0,1.0,0.0,0.0,0.0,0.0,0.0,1.0,1.0,4092,54,646,409.2,305.7074854606388,409.2,0.0009904861450195,10,1.0,87616.0
20.0,6,64.0,500.4777700880605,0.0,0.0,0.8,0.2,0.2,0.0,0.0,2,0,0,8,0,0.0199809074401855,0.0,1.0,0.0,0.0,0.0,0.0,0.0,1.0,0.0,0.0,0.0,0.0,0.0,1.0,1.0,1372,54,646,137.2,179.7657735313742,137.2,0.0020009994506835,10,0.9999874155057408,87616.0
20.0,6,64.0,255.67697062427231,0.0,0.0,0.9,0.1,0.1,0.0,0.0,1,0,0,9,0,0.039111852645874,0.0,1.0,0.0,0.0,0.0,0.0,0.0,1.0,0.0,0.0,0.0,0.0,0.0,1.0,1.0,910,54,96,91.0,13.038404810405298,91.0,0.0042217969894409,10,0.9320693545835668,256.0
20.0,6,64.0,438.38622015970566,0.0,0.0,1.0,0.0,0.0,0.0,0.0,0,0,0,10,0,0.022810935974121,0.0,1.0,0.0,0.0,0.0,0.0,0.0,1.0,0.0,0.0,0.0,0.0,0.0,1.0,1.0,810,66,96,81.0,15.811388300841896,81.0,0.0022830009460449,10,0.912749397138231,225.0
20.0,6,64.0,257.9046916313104,0.0,0.0,1.0,0.0,0.0,0.0,0.0,0,0,0,10,0,0.0387740135192871,0.0,1.0,0.0,0.0,0.0,0.0,0.0,1.0,0.0,0.0,0.0,0.0,0.0,1.0,1.0,670,66,68,67.0,1.0540925533894598,67.0,0.0042196035385131,10,0.9067378651425488,1.0
20.0,6,64.0,174.84353180012425,0.0,0.0,0.8,0.2,0.2,0.0,0.0,2,0,0,8,0,0.0571939945220947,0.0,1.0,0.0,0.0,0.0,0.0,0.0,1.0,0.0,0.0,0.0,0.0,0.0,1.0,1.0,1090,54,214,109.0,72.67125367785471,109.0,0.0059297084808349,10,0.9563613918982108,4753.0
20.0,6,64.0,1331.9056238290304,0.0,0.0,0.6,0.4,0.4,0.0,0.0,4,0,0,6,0,0.0075080394744873,0.0,1.0,0.0,0.0,0.0,0.0,0.0,1.0,0.0,0.0,0.0,0.0,0.0,1.0,1.0,1500,54,214,150.0,82.62364471909156,150.0,0.0012409925460815,10,0.9604155979127692,6400.0
20.0,6,64.0,372.8966295930796,0.0,0.0,0.6,0.4,0.4,0.0,0.0,4,0,0,6,0,0.0268170833587646,0.0,1.0,0.0,0.0,0.0,0.0,0.0,1.0,0.0,0.0,0.0,0.0,0.0,1.0,1.0,1510,54,216,151.0,83.48652585896721,151.0,0.0027307033538818,10,0.9607671011739088,6507.555555555555
20.0,6,64.0,953.6627179918602,0.0,0.0,0.5,0.5,0.5,0.0,0.0,5,0,0,5,0,0.0104858875274658,0.0,1.0,0.0,0.0,0.0,0.0,0.0,1.0,0.0,0.0,0.0,0.0,0.0,1.0,1.0,1350,54,216,135.0,85.38149682454625,135.0,0.0013819932937622,10,0.9615390365464472,6561.0
20.0,6,64.0,229.4627656082456,0.0,0.0,0.5,0.5,0.5,0.0,0.0,5,0,0,5,0,0.0435800552368164,0.0,1.0,0.0,0.0,0.0,0.0,0.0,1.0,0.0,0.0,0.0,0.0,0.0,1.0,1.0,612,54,66,61.2,6.196773353931867,61.2,0.0048134088516235,10,0.9292823475934576,36.0
20.0,6,64.0,1419.4402517851704,0.0,0.0,0.5,0.5,0.5,0.0,0.0,5,0,0,5,0,0.007045030593872,0.0,1.0,0.0,0.0,0.0,0.0,0.0,1.0,0.0,0.0,0.0,0.0,0.0,1.0,1.0,602,54,68,60.2,6.562519841239848,60.2,0.0007092952728271,10,0.9294313380825274,38.76
20.0,6,64.0,443.1055283814192,0.0,0.0,0.5,0.5,0.5,0.0,0.0,5,0,0,5,0,0.0225679874420166,0.0,1.0,0.0,0.0,0.0,0.0,0.0,1.0,0.0,0.0,0.0,0.0,0.0,1.0,1.0,610,54,68,61.0,7.378647873726218,61.0,0.0022603034973144,10,0.9297637959978412,49.0
20.0,6,64.0,432.93806771263417,0.0,0.0,0.6,0.4,0.4,0.0,0.0,4,0,0,6,0,0.0230979919433593,0.0,1.0,0.0,0.0,0.0,0.0,0.0,1.0,0.0,0.0,0.0,0.0,0.0,1.0,1.0,1470,54,491,147.0,181.4239969427051,147.0,0.0023118019104003,10,1.0,29623.2
20.0,6,64.0,981.0548967323932,0.0,0.0,0.5,0.5,0.5,0.0,0.0,5,0,0,5,0,0.0101931095123291,0.0,1.0,0.0,0.0,0.0,0.0,0.0,1.0,0.0,0.0,0.0,0.0,0.0,1.0,1.0,2725,54,491,272.5,230.31922291559692,272.5,0.0010210037231445,10,1.0,47742.25
20.0,6,64.0,586.3371264014315,0.0,0.0,0.5,0.5,0.5,0.0,0.0,5,0,0,5,0,0.0170550346374511,0.0,1.0,0.0,0.0,0.0,0.0,0.0,1.0,0.0,0.0,0.0,0.0,0.0,1.0,1.0,2729,54,493,272.9,230.74201563169584,272.9,0.0017091989517211,10,1.0,47917.69
20.0,6,64.0,772.9726143525857,0.0,0.0,0.5,0.5,0.5,0.0,0.0,5,0,0,5,0,0.0129370689392089,0.0,1.0,0.0,0.0,0.0,0.0,0.0,1.0,0.0,0.0,0.0,0.0,0.0,1.0,1.0,2735,54,493,273.5,231.3733154689864,273.5,0.0012964963912963,10,1.0,48180.25
20.0,6,64.0,472.3262125426516,0.0,0.0,0.6,0.4,0.4,0.0,0.0,4,0,0,6,0,0.0211718082427978,0.0,1.0,0.0,0.0,0.0,0.0,0.0,1.0,0.0,0.0,0.0,0.0,0.0,1.0,1.0,1877,54,493,187.7,210.71468334640988,187.7,0.0021196842193603,10,1.0,48180.25
20.0,6,64.0,217.33383767986777,0.0,0.0,0.6,0.4,0.4,0.0,0.0,4,0,0,6,0,0.0460121631622314,0.0,1.0,0.0,0.0,0.0,0.0,0.0,1.0,0.0,0.0,0.0,0.0,0.0,1.0,1.0,610,54,64,61.0,4.83045891539648,61.0,0.0048836231231689,10,0.928725765743776,25.0
20.0,6,64.0,440.5874072984727,0.0,0.0,0.7,0.3,0.3,0.0,0.0,3,0,0,7,0,0.0226969718933105,0.0,1.0,0.0,0.0,0.0,0.0,0.0,1.0,0.0,0.0,0.0,0.0,0.0,1.0,1.0,610,54,66,61.0,6.055300708194984,61.0,0.0022766828536987,10,0.9292247172964904,33.0
20.0,6,64.0,355.82038904960257,0.0,0.0,0.9,0.1,0.1,0.0,0.0,1,0,0,9,0,0.0281040668487548,0.0,1.0,0.0,0.0,0.0,0.0,0.0,1.0,0.0,0.0,0.0,0.0,0.0,1.0,1.0,648,54,66,64.8,3.794733192202056,64.8,0.0029226064682006,10,0.9283038525131756,23.04
20.0,6,64.0,251.88291956425127,0.0,0.0,1.0,0.0,0.0,0.0,0.0,0,0,0,10,0,0.0397009849548339,0.0,1.0,0.0,0.0,0.0,0.0,0.0,1.0,0.0,0.0,0.0,0.0,0.0,1.0,1.0,668,66,68,66.8,1.0327955589886444,66.8,0.00397310256958,10,0.9067291895989096,0.96
20.0,6,64.0,148.09977119290414,0.0,0.0,1.0,0.0,0.0,0.0,0.0,0,0,0,10,0,0.0675220489501953,0.0,1.0,0.0,0.0,0.0,0.0,0.0,1.0,0.0,0.0,0.0,0.0,0.0,1.0,1.0,672,66,68,67.2,1.0327955589886444,67.2,0.0068664073944091,10,0.9067291895989096,0.96
20.0,6,64.0,47825.58722919042,0.0,0.0,1.0,0.0,0.0,0.0,0.0,0,0,0,10,0,0.000209093093872,0.0,1.0,0.0,0.0,0.0,0.0,0.0,1.0,0.0,0.0,0.0,0.0,0.0,1.0,1.0,668,66,68,66.8,1.0327955589886444,66.8,0.0003850936889648,10,0.9067291895989096,0.96
20.0,6,64.0,537.4074596076723,0.0,0.0,1.0,0.0,0.0,0.0,0.0,0,0,0,10,0,0.0186078548431396,0.0,1.0,0.0,0.0,0.0,0.0,0.0,1.0,0.0,0.0,0.0,0.0,0.0,1.0,1.0,784,68,94,78.4,13.426342266852378,78.4,0.0018626928329467,10,0.9083695647858252,162.24
20.0,6,64.0,279.1029957811523,0.0,0.0,1.0,0.0,0.0,0.0,0.0,0,0,0,10,0,0.0358290672302246,0.0,1.0,0.0,0.0,0.0,0.0,0.0,1.0,0.0,0.0,0.0,0.0,0.0,1.0,1.0,948,94,96,94.8,1.0327955589886444,94.8,0.0039915084838867,10,0.8590135495989097,0.96
20.0,6,64.0,428.5017827406189,0.0,0.0,0.8,0.2,0.2,0.0,0.0,2,0,0,8,0,0.0233371257781982,0.0,1.0,0.0,0.0,0.0,0.0,0.0,1.0,0.0,0.0,0.0,0.0,0.0,1.0,1.0,822,54,96,82.2,18.04808392415476,82.2,0.0023350954055786,10,0.9341100974673436,293.16
20.0,6,64.0,312.66476328207114,0.0,0.0,0.6,0.4,0.4,0.0,0.0,4,0,0,6,0,0.0319831371307373,0.0,1.0,0.0,0.0,0.0,0.0,0.0,1.0,0.0,0.0,0.0,0.0,0.0,1.0,1.0,600,54,64,60.0,5.163977794943222,60.0,0.003203010559082,10,0.928861627994548,25.0
20.0,6,64.0,851.6353299492386,0.0,0.0,0.6,0.4,0.4,0.0,0.0,4,0,0,6,0,0.0117421150207519,0.0,1.0,0.0,0.0,0.0,0.0,0.0,1.0,0.0,0.0,0.0,0.0,0.0,1.0,1.0,598,54,66,59.8,6.142746399887703,59.8,0.0011756896972656,10,0.9292603391734584,33.959999999999994
20.0,6,64.0,250.33148313936135,0.0,0.0,0.8,0.2,0.2,0.0,0.0,2,0,0,8,0,0.0399470329284668,0.0,1.0,0.0,0.0,0.0,0.0,0.0,1.0,0.0,0.0,0.0,0.0,0.0,1.0,1.0,636,54,66,63.6,5.059644256269407,63.6,0.0042902946472167,10,0.928819126684234,36.0
20.0,6,64.0,352.6343932336769,0.0,0.0,1.0,0.0,0.0,0.0,0.0,0,0,0,10,0,0.028357982635498,0.0,1.0,0.0,0.0,0.0,0.0,0.0,1.0,0.0,0.0,0.0,0.0,0.0,1.0,1.0,664,66,68,66.4,0.8432740427115678,66.4,0.0028399944305419,10,0.0,0.64
20.0,6,64.0,281.5630517235592,0.0,0.0,1.0,0.0,0.0,0.0,0.0,0,0,0,10,0,0.0355160236358642,0.0,1.0,0.0,0.0,0.0,0.0,0.0,1.0,0.0,0.0,0.0,0.0,0.0,1.0,1.0,676,66,68,67.6,0.8432740427115678,67.6,0.0035533189773559,10,0.0,0.64
20.0,6,64.0,797.0022422376771,0.0,0.0,1.0,0.0,0.0,0.0,0.0,0,0,0,10,0,0.0125470161437988,0.0,1.0,0.0,0.0,0.0,0.0,0.0,1.0,0.0,0.0,0.0,0.0,0.0,1.0,1.0,664,66,68,66.4,0.8432740427115678,66.4,0.0019892930984497,10,0.0,0.64
20.0,6,64.0,326.4684958163067,0.0,0.0,0.9,0.1,0.1,0.0,0.0,1,0,0,9,0,0.0306308269500732,0.0,1.0,0.0,0.0,0.0,0.0,0.0,1.0,0.0,0.0,0.0,0.0,0.0,1.0,1.0,662,54,68,66.2,4.467164151400255,66.2,0.0032754898071289,10,0.9285777739887144,17.96
20.0,6,64.0,435.690364399385,0.0,0.0,0.5,0.5,0.5,0.0,0.0,5,0,0,5,0,0.0229520797729492,0.0,1.0,0.0,0.0,0.0,0.0,0.0,1.0,0.0,0.0,0.0,0.0,0.0,1.0,1.0,590,54,64,59.0,5.270462766947299,59.0,0.0030703067779541,10,0.9289050057127436,25.0
20.0,6,64.0,663.1730069885842,0.0,0.0,0.5,0.5,0.5,0.0,0.0,5,0,0,5,0,0.0150790214538574,0.0,1.0,0.0,0.0,0.0,0.0,0.0,1.0,0.0,0.0,0.0,0.0,0.0,1.0,1.0,592,54,66,59.2,5.513619500836088,59.2,0.0017811059951782,10,0.9290040580398606,27.360000000000003
20.0,6,64.0,292.9883483751991,0.0,0.0,0.5,0.5,0.5,0.0,0.0,5,0,0,5,0,0.0341310501098632,0.0,1.0,0.0,0.0,0.0,0.0,0.0,1.0,0.0,0.0,0.0,0.0,0.0,1.0,1.0,612,54,66,61.2,6.196773353931867,61.2,0.0035079956054687,10,0.9292823475934576,36.0
20.0,6,64.0,1409.8500840336137,0.0,0.0,0.6,0.4,0.4,0.0,0.0,4,0,0,6,0,0.0070929527282714,0.0,1.0,0.0,0.0,0.0,0.0,0.0,1.0,0.0,0.0,0.0,0.0,0.0,1.0,1.0,600,54,66,60.0,6.324555320336759,60.0,0.0007112026214599,10,0.9293344008552924,36.0
20.0,6,64.0,528.0636551342096,0.0,0.0,0.6,0.4,0.4,0.0,0.0,4,0,0,6,0,0.0189371109008789,0.0,1.0,0.0,0.0,0.0,0.0,0.0,1.0,0.0,0.0,0.0,0.0,0.0,1.0,1.0,612,54,66,61.2,6.196773353931867,61.2,0.0018965005874633,10,0.9292823475934576,36.0
20.0,6,64.0,908.9991764552902,0.0,0.0,0.5,0.5,0.5,0.0,0.0,5,0,0,5,0,0.0110011100769042,0.0,1.0,0.0,0.0,0.0,0.0,0.0,1.0,0.0,0.0,0.0,0.0,0.0,1.0,1.0,620,54,68,62.0,6.928203230275509,62.0,0.0011039972305297,10,0.9295803028678852,43.55555555555556
20.0,6,64.0,348.19927442987955,0.0,0.0,0.6,0.4,0.4,0.0,0.0,4,0,0,6,0,0.0287191867828369,0.0,1.0,0.0,0.0,0.0,0.0,0.0,1.0,0.0,0.0,0.0,0.0,0.0,1.0,1.0,624,54,68,62.4,7.229568912920511,62.4,0.0028747081756591,10,0.9297030671923672,49.0
20.0,6,64.0,302.3074317262853,0.0,0.0,0.5,0.5,0.5,0.0,0.0,5,0,0,5,0,0.033078908920288,0.0,1.0,0.0,0.0,0.0,0.0,0.0,1.0,0.0,0.0,0.0,0.0,0.0,1.0,1.0,590,54,64,59.0,5.270462766947299,59.0,0.0033109903335571,10,0.9289050057127436,25.0
20.0,6,64.0,1740.0141049574777,0.0,0.0,0.6,0.4,0.4,0.0,0.0,4,0,0,6,0,0.0057470798492431,0.0,1.0,0.0,0.0,0.0,0.0,0.0,1.0,0.0,0.0,0.0,0.0,0.0,1.0,1.0,590,54,64,59.0,5.270462766947299,59.0,0.0005757093429565,10,0.9289050057127436,25.0
20.0,6,64.0,621.7375965372586,0.0,0.0,0.5,0.5,0.5,0.0,0.0,5,0,0,5,0,0.0160839557647705,0.0,1.0,0.0,0.0,0.0,0.0,0.0,1.0,0.0,0.0,0.0,0.0,0.0,1.0,1.0,600,54,66,60.0,6.324555320336759,60.0,0.001611590385437,10,0.9293344008552924,36.0
20.0,6,64.0,356.4039291662418,0.0,0.0,0.5,0.5,0.5,0.0,0.0,5,0,0,5,0,0.0280580520629882,0.0,1.0,0.0,0.0,0.0,0.0,0.0,1.0,0.0,0.0,0.0,0.0,0.0,1.0,1.0,612,54,66,61.2,6.196773353931867,61.2,0.0031229019165039,10,0.9292823475934576,35.55555555555556
20.0,6,64.0,1290.8331025143875,0.0,0.0,0.6,0.4,0.4,0.0,0.0,4,0,0,6,0,0.007746934890747,0.0,1.0,0.0,0.0,0.0,0.0,0.0,1.0,0.0,0.0,0.0,0.0,0.0,1.0,1.0,600,54,66,60.0,6.324555320336759,60.0,0.0007782936096191,10,0.9293344008552924,36.0
20.0,6,64.0,419.76201198947166,0.0,0.0,0.5,0.5,0.5,0.0,0.0,5,0,0,5,0,0.0238230228424072,0.0,1.0,0.0,0.0,0.0,0.0,0.0,1.0,0.0,0.0,0.0,0.0,0.0,1.0,1.0,616,54,68,61.6,6.586180818788517,61.6,0.0029879093170166,10,0.9294409766183416,39.04
20.0,6,64.0,190.46923604394007,0.0,0.0,0.5,0.5,0.5,0.0,0.0,5,0,0,5,0,0.0525019168853759,0.0,1.0,0.0,0.0,0.0,0.0,0.0,1.0,0.0,0.0,0.0,0.0,0.0,1.0,1.0,610,54,68,61.0,7.378647873726218,61.0,0.0052543878555297,10,0.9297637959978412,49.0
20.0,6,64.0,1050.4142248935636,0.0,0.0,0.8,0.2,0.2,0.0,0.0,2,0,0,8,0,0.0095200538635253,0.0,1.0,0.0,0.0,0.0,0.0,0.0,1.0,0.0,0.0,0.0,0.0,0.0,1.0,1.0,686,54,80,68.6,11.354881475970291,68.6,0.0010364055633544,10,0.9313835545180512,116.04
20.0,6,64.0,169.21317943607764,0.0,0.0,1.0,0.0,0.0,0.0,0.0,0,0,0,10,0,0.0590970516204834,0.0,1.0,0.0,0.0,0.0,0.0,0.0,1.0,0.0,0.0,0.0,0.0,0.0,1.0,1.0,808,80,82,80.8,1.0327955589886444,80.8,0.0061702966690063,10,0.8828713695989097,0.96
20.0,6,64.0,42153.80904522613,0.0,0.0,0.8,0.2,0.2,0.0,0.0,2,0,0,8,0,0.000237226486206,0.0,1.0,0.0,0.0,0.0,0.0,0.0,1.0,0.0,0.0,0.0,0.0,0.0,1.0,1.0,728,54,82,72.8,12.336035739968404,72.8,3.001689910888672e-05,10,0.9317832375190336,136.95999999999998
20.0,6,64.0,556.7315299052271,0.0,0.0,0.6,0.4,0.4,0.0,0.0,4,0,0,6,0,0.0179619789123535,0.0,1.0,0.0,0.0,0.0,0.0,0.0,1.0,0.0,0.0,0.0,0.0,0.0,1.0,1.0,600,54,64,60.0,5.163977794943222,60.0,0.001929497718811,10,0.928861627994548,25.0
20.0,6,64.0,276.57061468869927,0.0,0.0,0.5,0.5,0.5,0.0,0.0,5,0,0,5,0,0.0361571311950683,0.0,1.0,0.0,0.0,0.0,0.0,0.0,1.0,0.0,0.0,0.0,0.0,0.0,1.0,1.0,608,54,66,60.8,5.902918298980975,60.8,0.0039175987243652,10,0.9291626427982728,31.50617283950617
20.0,6,64.0,1142.0841388699796,0.0,0.0,0.6,0.4,0.4,0.0,0.0,4,0,0,6,0,0.0087559223175048,0.0,1.0,0.0,0.0,0.0,0.0,0.0,1.0,0.0,0.0,0.0,0.0,0.0,1.0,1.0,600,54,66,60.0,6.324555320336759,60.0,0.0009728908538818,10,0.9293344008552924,36.0
20.0,6,64.0,727.3822034927076,0.0,0.0,0.6,0.4,0.4,0.0,0.0,4,0,0,6,0,0.0137479305267333,0.0,1.0,0.0,0.0,0.0,0.0,0.0,1.0,0.0,0.0,0.0,0.0,0.0,1.0,1.0,612,54,66,61.2,6.196773353931867,61.2,0.0016191959381103,10,0.9292823475934576,36.0
20.0,6,64.0,685.4894013434226,0.0,0.0,0.6,0.4,0.4,0.0,0.0,4,0,0,6,0,0.0145881175994873,0.0,1.0,0.0,0.0,0.0,0.0,0.0,1.0,0.0,0.0,0.0,0.0,0.0,1.0,1.0,614,54,68,61.4,6.397916327472042,61.4,0.0018602132797241,10,0.929364285195159,36.84
20.0,6,64.0,240.0036621652552,0.0,0.0,0.6,0.4,0.4,0.0,0.0,4,0,0,6,0,0.041666030883789,0.0,1.0,0.0,0.0,0.0,0.0,0.0,1.0,0.0,0.0,0.0,0.0,0.0,1.0,1.0,638,54,68,63.8,6.762642481555072,63.8,0.0049221038818359,10,0.9295128600412864,45.9375
20.0,6,64.0,986.2916803837652,0.0,0.0,0.5,0.5,0.5,0.0,0.0,5,0,0,5,0,0.010138988494873,0.0,1.0,0.0,0.0,0.0,0.0,0.0,1.0,0.0,0.0,0.0,0.0,0.0,1.0,1.0,640,54,78,64.0,11.15546702045434,64.0,0.0010191917419433,10,0.9313023210454524,112.0
20.0,6,64.0,405.31725324210976,0.0,0.0,0.6,0.4,0.4,0.0,0.0,4,0,0,6,0,0.0246720314025878,0.0,1.0,0.0,0.0,0.0,0.0,0.0,1.0,0.0,0.0,0.0,0.0,0.0,1.0,1.0,660,54,78,66.0,12.649110640673518,66.0,0.0024708986282348,10,0.9319107717105848,144.0
20.0,6,64.0,756.0846522695317,0.0,0.0,0.6,0.4,0.4,0.0,0.0,4,0,0,6,0,0.01322603225708,0.0,1.0,0.0,0.0,0.0,0.0,0.0,1.0,0.0,0.0,0.0,0.0,0.0,1.0,1.0,692,54,80,69.2,13.10470653365932,69.2,0.0039222002029418,10,0.9320963632535516,157.33333333333334
20.0,6,64.0,800.1953601953602,0.0,0.0,0.7,0.3,0.3,0.0,0.0,3,0,0,7,0,0.0124969482421875,0.0,1.0,0.0,0.0,0.0,0.0,0.0,1.0,0.0,0.0,0.0,0.0,0.0,1.0,1.0,708,54,80,70.8,12.372011423639515,70.8,0.0013520002365112,10,0.9317978925735338,150.22222222222223
20.0,6,64.0,241.66723324325727,0.0,0.0,1.0,0.0,0.0,0.0,0.0,0,0,0,10,0,0.0413792133331298,0.0,1.0,0.0,0.0,0.0,0.0,0.0,1.0,0.0,0.0,0.0,0.0,0.0,1.0,1.0,662,66,68,66.2,0.6324555320336759,66.2,0.0047491073608398,10,0.0,0.36
20.0,6,64.0,994.830293399113,0.0,0.0,0.9,0.1,0.1,0.0,0.0,1,0,0,9,0,0.0100519657135009,0.0,1.0,0.0,0.0,0.0,0.0,0.0,1.0,0.0,0.0,0.0,0.0,0.0,1.0,1.0,678,66,68,67.8,0.6324555320336759,67.8,0.0027190923690795,10,0.0,0.36
20.0,6,64.0,740.4151955938427,0.0,0.0,0.6,0.4,0.4,0.0,0.0,4,0,0,6,0,0.0135059356689453,0.0,1.0,0.0,0.0,0.0,0.0,0.0,1.0,0.0,0.0,0.0,0.0,0.0,1.0,1.0,600,54,66,60.0,6.324555320336759,60.0,0.0014518022537231,10,0.9293344008552924,36.0
20.0,6,64.0,459.7908399289645,0.0,0.0,0.5,0.5,0.5,0.0,0.0,5,0,0,5,0,0.0217490196228027,0.0,1.0,0.0,0.0,0.0,0.0,0.0,1.0,0.0,0.0,0.0,0.0,0.0,1.0,1.0,600,54,66,60.0,6.324555320336759,60.0,0.0024041891098022,10,0.9293344008552924,36.0
20.0,6,64.0,225.97281411123265,0.0,0.0,0.5,0.5,0.5,0.0,0.0,5,0,0,5,0,0.0442531108856201,0.0,1.0,0.0,0.0,0.0,0.0,0.0,1.0,0.0,0.0,0.0,0.0,0.0,1.0,1.0,600,54,66,60.0,6.324555320336759,60.0,0.004497218132019,10,0.9293344008552924,36.0
20.0,6,64.0,910.5976856776884,0.0,0.0,0.6,0.4,0.4,0.0,0.0,4,0,0,6,0,0.010981798171997,0.0,1.0,0.0,0.0,0.0,0.0,0.0,1.0,0.0,0.0,0.0,0.0,0.0,1.0,1.0,608,54,66,60.8,5.902918298980975,60.8,0.001203179359436,10,0.9291626427982728,36.0
20.0,6,64.0,245.52502487853425,0.0,0.0,1.0,0.0,0.0,0.0,0.0,0,0,0,10,0,0.0407290458679199,0.0,1.0,0.0,0.0,0.0,0.0,0.0,1.0,0.0,0.0,0.0,0.0,0.0,1.0,1.0,644,64,66,64.4,0.8432740427115678,64.4,0.0044150114059448,10,0.0,0.64
20.0,6,64.0,215.37857975464848,0.0,0.0,1.0,0.0,0.0,0.0,0.0,0,0,0,10,0,0.0464298725128173,0.0,1.0,0.0,0.0,0.0,0.0,0.0,1.0,0.0,0.0,0.0,0.0,0.0,1.0,1.0,1240,66,356,124.0,122.27473619317732,124.0,0.0052326917648315,10,0.9561183065356528,13456.0
20.0,6,64.0,347.1502470596999,0.0,0.0,1.0,0.0,0.0,0.0,0.0,0,0,0,10,0,0.0288059711456298,0.0,1.0,0.0,0.0,0.0,0.0,0.0,1.0,0.0,0.0,0.0,0.0,0.0,1.0,1.0,3564,356,358,356.4,0.8432740427115678,356.4,0.0028830051422119,10,0.0,0.64
20.0,6,64.0,214.46780659412585,0.0,0.0,1.0,0.0,0.0,0.0,0.0,0,0,0,10,0,0.0466270446777343,0.0,1.0,0.0,0.0,0.0,0.0,0.0,1.0,0.0,0.0,0.0,0.0,0.0,1.0,1.0,2996,66,358,299.6,123.1180102358889,299.6,0.0047677040100097,10,0.9564618226496916,13642.24
20.0,6,64.0,910.4988494768376,0.0,0.0,1.0,0.0,0.0,0.0,0.0,0,0,0,10,0,0.0109829902648925,0.0,1.0,0.0,0.0,0.0,0.0,0.0,1.0,0.0,0.0,0.0,0.0,0.0,1.0,1.0,664,66,68,66.4,0.8432740427115678,66.4,0.0012073993682861,10,0.0,0.64
20.0,6,64.0,278.80059292347164,0.0,0.0,1.0,0.0,0.0,0.0,0.0,0,0,0,10,0,0.0358679294586181,0.0,1.0,0.0,0.0,0.0,0.0,0.0,1.0,0.0,0.0,0.0,0.0,0.0,1.0,1.0,672,64,68,67.2,1.6865480854231356,67.2,0.0035882949829101,10,0.910403762228078,2.56
20.0,6,64.0,263.0267836426005,0.0,0.0,1.0,0.0,0.0,0.0,0.0,0,0,0,10,0,0.0380189418792724,0.0,1.0,0.0,0.0,0.0,0.0,0.0,1.0,0.0,0.0,0.0,0.0,0.0,1.0,1.0,644,64,66,64.4,0.8432740427115678,64.4,0.0045181035995483,10,0.0,0.64
20.0,6,64.0,1311.7858259836116,0.0,0.0,0.9,0.1,0.1,0.0,0.0,1,0,0,9,0,0.0076231956481933,0.0,1.0,0.0,0.0,0.0,0.0,0.0,1.0,0.0,0.0,0.0,0.0,0.0,1.0,1.0,646,54,66,64.6,3.777124126457412,64.6,0.000766110420227,10,0.9282966792841536,12.84
20.0,6,64.0,438.0565651501859,0.0,0.0,0.8,0.2,0.2,0.0,0.0,2,0,0,8,0,0.0228281021118164,0.0,1.0,0.0,0.0,0.0,0.0,0.0,1.0,0.0,0.0,0.0,0.0,0.0,1.0,1.0,620,54,64,62.0,4.216370213557839,62.0,0.0026835918426513,10,0.9284756105701948,25.0
20.0,6,64.0,489.1658891584251,0.0,0.0,0.7,0.3,0.3,0.0,0.0,3,0,0,7,0,0.0204429626464843,0.0,1.0,0.0,0.0,0.0,0.0,0.0,1.0,0.0,0.0,0.0,0.0,0.0,1.0,1.0,622,54,66,62.2,5.692099788303083,62.2,0.0023972034454345,10,0.9290767637697632,29.160000000000004
20.0,6,64.0,286.21269917090314,0.0,0.0,0.6,0.4,0.4,0.0,0.0,4,0,0,6,0,0.0349390506744384,0.0,1.0,0.0,0.0,0.0,0.0,0.0,1.0,0.0,0.0,0.0,0.0,0.0,1.0,1.0,608,54,66,60.8,5.902918298980975,60.8,0.0039707899093627,10,0.9291626427982728,36.0
20.0,6,64.0,911.6466701443228,0.0,0.0,0.8,0.2,0.2,0.0,0.0,2,0,0,8,0,0.0109691619873046,0.0,1.0,0.0,0.0,0.0,0.0,0.0,1.0,0.0,0.0,0.0,0.0,0.0,1.0,1.0,620,54,64,62.0,4.216370213557839,62.0,0.0011001110076904,10,0.9284756105701948,18.75
20.0,6,64.0,368.6101224217178,0.0,0.0,0.5,0.5,0.5,0.0,0.0,5,0,0,5,0,0.0271289348602294,0.0,1.0,0.0,0.0,0.0,0.0,0.0,1.0,0.0,0.0,0.0,0.0,0.0,1.0,1.0,600,54,66,60.0,6.324555320336759,60.0,0.002989387512207,10,0.9293344008552924,36.0
20.0,6,64.0,1200.1900020030332,0.0,0.0,0.8,0.2,0.2,0.0,0.0,2,0,0,8,0,0.0083320140838623,0.0,1.0,0.0,0.0,0.0,0.0,0.0,1.0,0.0,0.0,0.0,0.0,0.0,1.0,1.0,636,54,66,63.6,5.059644256269407,63.6,0.001424503326416,10,0.928819126684234,34.56
20.0,6,64.0,301.1678203176609,0.0,0.0,1.0,0.0,0.0,0.0,0.0,0,0,0,10,0,0.0332040786743164,0.0,1.0,0.0,0.0,0.0,0.0,0.0,1.0,0.0,0.0,0.0,0.0,0.0,1.0,1.0,666,66,68,66.6,0.966091783079296,66.6,0.0035257101058959,10,0.0,0.8400000000000001
20.0,6,64.0,286.0331294284526,0.0,0.0,0.8,0.2,0.2,0.0,0.0,2,0,0,8,0,0.0349609851837158,0.0,1.0,0.0,0.0,0.0,0.0,0.0,1.0,0.0,0.0,0.0,0.0,0.0,1.0,1.0,658,54,68,65.8,4.467164151400255,65.8,0.0035354852676391,10,0.9285777739887144,19.55555555555556
20.0,6,64.0,823.9311672494401,0.0,0.0,0.5,0.5,0.5,0.0,0.0,5,0,0,5,0,0.0121369361877441,0.0,1.0,0.0,0.0,0.0,0.0,0.0,1.0,0.0,0.0,0.0,0.0,0.0,1.0,1.0,590,54,64,59.0,5.270462766947299,59.0,0.00121910572052,10,0.9289050057127436,25.0
20.0,6,64.0,213.82600494506892,0.0,0.0,0.6,0.4,0.4,0.0,0.0,4,0,0,6,0,0.0467669963836669,0.0,1.0,0.0,0.0,0.0,0.0,0.0,1.0,0.0,0.0,0.0,0.0,0.0,1.0,1.0,606,54,66,60.6,5.738757124441958,60.6,0.0046776056289672,10,0.9290957701022128,29.64
20.0,6,64.0,1074.580856732937,0.0,0.0,0.5,0.5,0.5,0.0,0.0,5,0,0,5,0,0.0093059539794921,0.0,1.0,0.0,0.0,0.0,0.0,0.0,1.0,0.0,0.0,0.0,0.0,0.0,1.0,1.0,600,54,66,60.0,6.324555320336759,60.0,0.0009335994720458,10,0.9293344008552924,36.0
20.0,6,64.0,456.9307027769002,0.0,0.0,0.6,0.4,0.4,0.0,0.0,4,0,0,6,0,0.0218851566314697,0.0,1.0,0.0,0.0,0.0,0.0,0.0,1.0,0.0,0.0,0.0,0.0,0.0,1.0,1.0,4620,54,1406,462.0,651.4394318225857,462.0,0.0021923065185546,10,1.0,381936.0
20.0,6,64.0,1253.3030538456942,0.0,0.0,0.5,0.5,0.5,0.0,0.0,5,0,0,5,0,0.0079789161682128,0.0,1.0,0.0,0.0,0.0,0.0,0.0,1.0,0.0,0.0,0.0,0.0,0.0,1.0,1.0,8652,54,1406,865.2,698.1697978763237,865.2,0.0023666858673095,10,1.0,456976.0
20.0,6,64.0,300.7337831346034,0.0,0.0,0.5,0.5,0.5,0.0,0.0,5,0,0,5,0,0.0332520008087158,0.0,1.0,0.0,0.0,0.0,0.0,0.0,1.0,0.0,0.0,0.0,0.0,0.0,1.0,1.0,7300,54,1406,730.0,712.5665660912748,730.0,0.0033282995223999,10,1.0,456976.0
20.0,6,64.0,245.58540412675364,0.0,0.0,0.6,0.4,0.4,0.0,0.0,4,0,0,6,0,0.0407190322875976,0.0,1.0,0.0,0.0,0.0,0.0,0.0,1.0,0.0,0.0,0.0,0.0,0.0,1.0,1.0,7300,54,1406,730.0,712.5665660912748,730.0,0.0040761947631835,10,1.0,456976.0
20.0,6,64.0,405.5484756775573,0.0,0.0,0.5,0.5,0.5,0.0,0.0,5,0,0,5,0,0.0246579647064209,0.0,1.0,0.0,0.0,0.0,0.0,0.0,1.0,0.0,0.0,0.0,0.0,0.0,1.0,1.0,1952,54,1406,195.2,425.4735401095269,195.2,0.0036980152130126,10,1.0,456976.0
20.0,6,64.0,310.80199479811193,0.0,0.0,0.6,0.4,0.4,0.0,0.0,4,0,0,6,0,0.0321748256683349,0.0,1.0,0.0,0.0,0.0,0.0,0.0,1.0,0.0,0.0,0.0,0.0,0.0,1.0,1.0,600,54,66,60.0,6.324555320336759,60.0,0.0032204866409301,10,0.9293344008552924,36.0
20.0,6,64.0,1096.8655038050158,0.0,0.0,0.5,0.5,0.5,0.0,0.0,5,0,0,5,0,0.0091168880462646,0.0,1.0,0.0,0.0,0.0,0.0,0.0,1.0,0.0,0.0,0.0,0.0,0.0,1.0,1.0,610,54,68,61.0,7.378647873726218,61.0,0.0019160985946655,10,0.9297637959978412,49.0
20.0,6,64.0,1126.774124220933,0.0,0.0,0.5,0.5,0.5,0.0,0.0,5,0,0,5,0,0.0088748931884765,0.0,1.0,0.0,0.0,0.0,0.0,0.0,1.0,0.0,0.0,0.0,0.0,0.0,1.0,1.0,610,54,68,61.0,7.378647873726218,61.0,0.0008897066116333,10,0.9297637959978412,49.0
20.0,6,64.0,812.6133875811295,0.0,0.0,1.0,0.0,0.0,0.0,0.0,0,0,0,10,0,0.0123059749603271,0.0,1.0,0.0,0.0,0.0,0.0,0.0,1.0,0.0,0.0,0.0,0.0,0.0,1.0,1.0,14060,1406,1406,1406.0,0.0,1406.0,0.0028079032897949,10,0.0,0.0
20.0,6,64.0,220.5995834472893,0.0,0.0,1.0,0.0,0.0,0.0,0.0,0,0,0,10,0,0.0453310012817382,0.0,1.0,0.0,0.0,0.0,0.0,0.0,1.0,0.0,0.0,0.0,0.0,0.0,1.0,1.0,14060,1406,1406,1406.0,0.0,1406.0,0.0048444032669067,10,0.0,0.0
20.0,6,64.0,651.6739691122091,0.0,0.0,0.5,0.5,0.5,0.0,0.0,5,0,0,5,0,0.0153450965881347,0.0,1.0,0.0,0.0,0.0,0.0,0.0,1.0,0.0,0.0,0.0,0.0,0.0,1.0,1.0,612,54,66,61.2,6.196773353931867,61.2,0.0019541025161743,10,0.9292823475934576,36.0
20.0,6,64.0,1243.0145511661678,0.0,0.0,0.6,0.4,0.4,0.0,0.0,4,0,0,6,0,0.008044958114624,0.0,1.0,0.0,0.0,0.0,0.0,0.0,1.0,0.0,0.0,0.0,0.0,0.0,1.0,1.0,602,54,68,60.2,6.562519841239848,60.2,0.0008065938949584,10,0.9294313380825274,38.76
20.0,6,64.0,764.1846736872791,0.0,0.0,0.5,0.5,0.5,0.0,0.0,5,0,0,5,0,0.0130858421325683,0.0,1.0,0.0,0.0,0.0,0.0,0.0,1.0,0.0,0.0,0.0,0.0,0.0,1.0,1.0,624,54,68,62.4,7.229568912920511,62.4,0.0013109922409057,10,0.9297030671923672,49.0
20.0,6,64.0,532.3396370097728,0.0,0.0,0.8,0.2,0.2,0.0,0.0,2,0,0,8,0,0.0187849998474121,0.0,1.0,0.0,0.0,0.0,0.0,0.0,1.0,0.0,0.0,0.0,0.0,0.0,1.0,1.0,622,54,68,62.2,5.921711464320655,62.2,0.0018814086914062,10,0.9291702983821056,49.0
20.0,6,64.0,142.5639944936354,0.0,0.0,1.0,0.0,0.0,0.0,0.0,0,0,0,10,0,0.0701439380645752,0.0,1.0,0.0,0.0,0.0,0.0,0.0,1.0,0.0,0.0,0.0,0.0,0.0,1.0,1.0,648,64,66,64.8,1.0327955589886444,64.8,0.0070163965225219,10,0.9101374495989096,0.96
20.0,6,64.0,932.04684340348,0.0,0.0,1.0,0.0,0.0,0.0,0.0,0,0,0,10,0,0.0107290744781494,0.0,1.0,0.0,0.0,0.0,0.0,0.0,1.0,0.0,0.0,0.0,0.0,0.0,1.0,1.0,652,64,66,65.2,1.0327955589886444,65.2,0.0012654066085815,10,0.9101374495989096,0.96
20.0,6,64.0,303.67320933398014,0.0,0.0,1.0,0.0,0.0,0.0,0.0,0,0,0,10,0,0.0329301357269287,0.0,1.0,0.0,0.0,0.0,0.0,0.0,1.0,0.0,0.0,0.0,0.0,0.0,1.0,1.0,648,64,66,64.8,1.0327955589886444,64.8,0.0036128044128417,10,0.9101374495989096,0.96
20.0,6,64.0,202.2901403967377,0.0,0.0,1.0,0.0,0.0,0.0,0.0,0,0,0,10,0,0.049433946609497,0.0,1.0,0.0,0.0,0.0,0.0,0.0,1.0,0.0,0.0,0.0,0.0,0.0,1.0,1.0,660,66,66,66.0,0.0,66.0,0.0056299924850463,10,0.0,0.0
20.0,6,64.0,151.3320512774256,0.0,0.0,1.0,0.0,0.0,0.0,0.0,0,0,0,10,0,0.0660798549652099,0.0,1.0,0.0,0.0,0.0,0.0,0.0,1.0,0.0,0.0,0.0,0.0,0.0,1.0,1.0,668,66,68,66.8,1.0327955589886444,66.8,0.0069583892822265,10,0.9067291895989096,0.96
20.0,6,64.0,66576.25396825396,0.0,0.0,1.0,0.0,0.0,0.0,0.0,0,0,0,10,0,0.0001502037048339,0.0,1.0,0.0,0.0,0.0,0.0,0.0,1.0,0.0,0.0,0.0,0.0,0.0,1.0,1.0,672,66,68,67.2,1.0327955589886444,67.2,0.0009167194366455,10,0.9067291895989096,0.96
20.0,6,64.0,1182.293381440974,0.0,0.0,1.0,0.0,0.0,0.0,0.0,0,0,0,10,0,0.008458137512207,0.0,1.0,0.0,0.0,0.0,0.0,0.0,1.0,0.0,0.0,0.0,0.0,0.0,1.0,1.0,660,66,66,66.0,0.0,66.0,0.0008471965789794,10,0.0,0.0
20.0,6,64.0,477.07542341071695,0.0,0.0,0.8,0.2,0.2,0.0,0.0,2,0,0,8,0,0.020961046218872,0.0,1.0,0.0,0.0,0.0,0.0,0.0,1.0,0.0,0.0,0.0,0.0,0.0,1.0,1.0,636,54,66,63.6,5.059644256269407,63.6,0.0022729873657226,10,0.928819126684234,23.04
20.0,6,64.0,659.7618485835181,0.0,0.0,0.6,0.4,0.4,0.0,0.0,4,0,0,6,0,0.0151569843292236,0.0,1.0,0.0,0.0,0.0,0.0,0.0,1.0,0.0,0.0,0.0,0.0,0.0,1.0,1.0,624,54,66,62.4,5.796550698475776,62.4,0.0015191078186035,10,0.9291193128925312,33.75
20.0,6,64.0,548.2463662030743,0.0,0.0,0.6,0.4,0.4,0.0,0.0,4,0,0,6,0,0.0182399749755859,0.0,1.0,0.0,0.0,0.0,0.0,0.0,1.0,0.0,0.0,0.0,0.0,0.0,1.0,1.0,608,54,68,60.8,7.192588778272627,60.8,0.0018266916275024,10,0.9296880029647172,46.56
20.0,6,64.0,224.2967304463149,0.0,0.0,0.5,0.5,0.5,0.0,0.0,5,0,0,5,0,0.0445837974548339,0.0,1.0,0.0,0.0,0.0,0.0,0.0,1.0,0.0,0.0,0.0,0.0,0.0,1.0,1.0,610,54,68,61.0,7.378647873726218,61.0,0.0049155950546264,10,0.9297637959978412,49.0
20.0,6,64.0,971.1509875199704,0.0,0.0,0.5,0.5,0.5,0.0,0.0,5,0,0,5,0,0.0102970600128173,0.0,1.0,0.0,0.0,0.0,0.0,0.0,1.0,0.0,0.0,0.0,0.0,0.0,1.0,1.0,624,54,68,62.4,7.229568912920511,62.4,0.0011256217956542,10,0.9297030671923672,49.0
20.0,6,64.0,2081.127319638781,0.0,0.0,0.6,0.4,0.4,0.0,0.0,4,0,0,6,0,0.0048050880432128,0.0,1.0,0.0,0.0,0.0,0.0,0.0,1.0,0.0,0.0,0.0,0.0,0.0,1.0,1.0,610,54,68,61.0,7.378647873726218,61.0,0.00048189163208,10,0.9297637959978412,49.0
20.0,6,64.0,557.879307822247,0.0,0.0,0.6,0.4,0.4,0.0,0.0,4,0,0,6,0,0.0179250240325927,0.0,1.0,0.0,0.0,0.0,0.0,0.0,1.0,0.0,0.0,0.0,0.0,0.0,1.0,1.0,636,54,70,63.6,8.262364471909157,63.6,0.0021926879882812,10,0.9301237867912768,61.44
20.0,6,64.0,500.0243198779237,0.0,0.0,0.7,0.3,0.3,0.0,0.0,3,0,0,7,0,0.0199990272521972,0.0,1.0,0.0,0.0,0.0,0.0,0.0,1.0,0.0,0.0,0.0,0.0,0.0,1.0,1.0,688,54,82,68.8,11.477514248883915,68.8,0.0020021200180053,10,0.9314335102044252,118.56
20.0,6,64.0,296.4821975132361,0.0,0.0,0.6,0.4,0.4,0.0,0.0,4,0,0,6,0,0.0337288379669189,0.0,1.0,0.0,0.0,0.0,0.0,0.0,1.0,0.0,0.0,0.0,0.0,0.0,1.0,1.0,708,54,82,70.8,14.459137825841022,70.8,0.003901982307434,10,0.9326481043847346,196.0
20.0,6,64.0,612.3339708308393,0.0,0.0,0.6,0.4,0.4,0.0,0.0,4,0,0,6,0,0.0163309574127197,0.0,1.0,0.0,0.0,0.0,0.0,0.0,1.0,0.0,0.0,0.0,0.0,0.0,1.0,1.0,718,54,84,71.8,15.331883989473267,71.8,0.0017992973327636,10,0.933003626261952,211.56
20.0,6,64.0,298.098392346946,0.0,0.0,0.6,0.4,0.4,0.0,0.0,4,0,0,6,0,0.033545970916748,0.0,1.0,0.0,0.0,0.0,0.0,0.0,1.0,0.0,0.0,0.0,0.0,0.0,1.0,1.0,702,54,84,70.2,14.979986648859205,70.2,0.0037695169448852,10,0.9328602773612792,225.0
20.0,6,64.0,668.8519989156262,0.0,0.0,0.5,0.5,0.5,0.0,0.0,5,0,0,5,0,0.0149509906768798,0.0,1.0,0.0,0.0,0.0,0.0,0.0,1.0,0.0,0.0,0.0,0.0,0.0,1.0,1.0,600,54,66,60.0,6.324555320336759,60.0,0.0023600816726684,10,0.9293344008552924,36.0
20.0,6,64.0,1242.8672178267698,0.0,0.0,0.5,0.5,0.5,0.0,0.0,5,0,0,5,0,0.0080459117889404,0.0,1.0,0.0,0.0,0.0,0.0,0.0,1.0,0.0,0.0,0.0,0.0,0.0,1.0,1.0,601,54,67,60.1,6.4368729468068056,60.1,0.0026901006698608,10,0.9293801545636112,37.29
20.0,6,64.0,1138.95182751317,0.0,0.0,0.5,0.5,0.5,0.0,0.0,5,0,0,5,0,0.0087800025939941,0.0,1.0,0.0,0.0,0.0,0.0,0.0,1.0,0.0,0.0,0.0,0.0,0.0,1.0,1.0,605,54,67,60.5,6.851601597031489,60.5,0.0009741067886352,10,0.9295490984265669,42.25
20.0,6,64.0,367.3092214729836,0.0,0.0,0.5,0.5,0.5,0.0,0.0,5,0,0,5,0,0.0272250175476074,0.0,1.0,0.0,0.0,0.0,0.0,0.0,1.0,0.0,0.0,0.0,0.0,0.0,1.0,1.0,612,54,67,61.2,6.303438215238833,61.2,0.0027255058288574,10,0.9293257985913596,42.25
20.0,6,64.0,997.1006775228813,0.0,0.0,0.5,0.5,0.5,0.0,0.0,5,0,0,5,0,0.0100290775299072,0.0,1.0,0.0,0.0,0.0,0.0,0.0,1.0,0.0,0.0,0.0,0.0,0.0,1.0,1.0,590,54,64,59.0,5.270462766947299,59.0,0.0010050058364868,10,0.9289050057127436,25.0
20.0,6,64.0,316.3554630341977,0.0,0.0,0.5,0.5,0.5,0.0,0.0,5,0,0,5,0,0.0316100120544433,0.0,1.0,0.0,0.0,0.0,0.0,0.0,1.0,0.0,0.0,0.0,0.0,0.0,1.0,1.0,594,54,66,59.4,5.738757124441959,59.4,0.0031644821166992,10,0.9290957701022128,29.64
20.0,6,64.0,270.554874666185,0.0,0.0,0.7,0.3,0.3,0.0,0.0,3,0,0,7,0,0.0369610786437988,0.0,1.0,0.0,0.0,0.0,0.0,0.0,1.0,0.0,0.0,0.0,0.0,0.0,1.0,1.0,612,54,66,61.2,6.196773353931867,61.2,0.0037057161331176,10,0.9292823475934576,36.0
20.0,6,64.0,334.2580948510133,0.0,0.0,0.6,0.4,0.4,0.0,0.0,4,0,0,6,0,0.0299170017242431,0.0,1.0,0.0,0.0,0.0,0.0,0.0,1.0,0.0,0.0,0.0,0.0,0.0,1.0,1.0,612,54,66,61.2,6.196773353931867,61.2,0.0033248901367187,10,0.9292823475934576,36.0
20.0,6,64.0,2143.560075637553,0.0,0.0,0.6,0.4,0.4,0.0,0.0,4,0,0,6,0,0.0046651363372802,0.0,1.0,0.0,0.0,0.0,0.0,0.0,1.0,0.0,0.0,0.0,0.0,0.0,1.0,1.0,612,54,66,61.2,6.196773353931867,61.2,0.000773811340332,10,0.9292823475934576,36.0
20.0,6,64.0,619.5792956747814,0.0,0.0,0.6,0.4,0.4,0.0,0.0,4,0,0,6,0,0.0161399841308593,0.0,1.0,0.0,0.0,0.0,0.0,0.0,1.0,0.0,0.0,0.0,0.0,0.0,1.0,1.0,624,54,68,62.4,7.229568912920511,62.4,0.0016156911849975,10,0.9297030671923672,47.04
20.0,6,64.0,544.2765565388908,0.0,0.0,0.6,0.4,0.4,0.0,0.0,4,0,0,6,0,0.0183730125427246,0.0,1.0,0.0,0.0,0.0,0.0,0.0,1.0,0.0,0.0,0.0,0.0,0.0,1.0,1.0,632,54,68,63.2,6.408327915038888,63.2,0.0022062063217163,10,0.9293685264594702,49.0
20.0,6,64.0,726.7898111245885,0.0,0.0,0.6,0.4,0.4,0.0,0.0,4,0,0,6,0,0.0137591361999511,0.0,1.0,0.0,0.0,0.0,0.0,0.0,1.0,0.0,0.0,0.0,0.0,0.0,1.0,1.0,600,54,66,60.0,6.324555320336759,60.0,0.0013792991638183,10,0.9293344008552924,36.0
20.0,6,64.0,444.2459804689983,0.0,0.0,0.5,0.5,0.5,0.0,0.0,5,0,0,5,0,0.0225100517272949,0.0,1.0,0.0,0.0,0.0,0.0,0.0,1.0,0.0,0.0,0.0,0.0,0.0,1.0,1.0,620,54,68,62.0,6.928203230275509,62.0,0.0028929948806762,10,0.9295803028678852,43.55555555555556
20.0,6,64.0,353.80639066032325,0.0,0.0,0.5,0.5,0.5,0.0,0.0,5,0,0,5,0,0.028264045715332,0.0,1.0,0.0,0.0,0.0,0.0,0.0,1.0,0.0,0.0,0.0,0.0,0.0,1.0,1.0,610,54,68,61.0,7.378647873726218,61.0,0.0028294086456298,10,0.9297637959978412,49.0
20.0,6,64.0,1383.1175597691674,0.0,0.0,0.7,0.3,0.3,0.0,0.0,3,0,0,7,0,0.0072300434112548,0.0,1.0,0.0,0.0,0.0,0.0,0.0,1.0,0.0,0.0,0.0,0.0,0.0,1.0,1.0,604,54,68,60.4,5.641118880348314,60.4,0.0007251977920532,10,0.9290559961870988,49.0
20.0,6,64.0,647.9190546072449,0.0,0.0,0.7,0.3,0.3,0.0,0.0,3,0,0,7,0,0.0154340267181396,0.0,1.0,0.0,0.0,0.0,0.0,0.0,1.0,0.0,0.0,0.0,0.0,0.0,1.0,1.0,614,54,66,61.4,5.168279318217149,61.4,0.0015450000762939,10,0.9288633802630688,24.04
20.0,6,64.0,308.27097068183656,0.0,0.0,0.7,0.3,0.3,0.0,0.0,3,0,0,7,0,0.0324389934539794,0.0,1.0,0.0,0.0,0.0,0.0,0.0,1.0,0.0,0.0,0.0,0.0,0.0,1.0,1.0,624,54,66,62.4,5.796550698475776,62.4,0.003641390800476,10,0.9291193128925312,36.0
20.0,6,64.0,799.8748974960429,0.0,0.0,0.9,0.1,0.1,0.0,0.0,1,0,0,9,0,0.0125019550323486,0.0,1.0,0.0,0.0,0.0,0.0,0.0,1.0,0.0,0.0,0.0,0.0,0.0,1.0,1.0,648,54,66,64.8,3.794733192202056,64.8,0.0012541055679321,10,0.9283038525131756,36.0
20.0,6,64.0,275.58026005427104,0.0,0.0,1.0,0.0,0.0,0.0,0.0,0,0,0,10,0,0.0362870693206787,0.0,1.0,0.0,0.0,0.0,0.0,0.0,1.0,0.0,0.0,0.0,0.0,0.0,1.0,1.0,676,66,68,67.6,0.8432740427115678,67.6,0.0039205074310302,10,0.0,1.0
20.0,6,64.0,392.3870822886652,0.0,0.0,0.6,0.4,0.4,0.0,0.0,4,0,0,6,0,0.0254850387573242,0.0,1.0,0.0,0.0,0.0,0.0,0.0,1.0,0.0,0.0,0.0,0.0,0.0,1.0,1.0,5976,54,1406,597.6,695.7808083968207,597.6,0.0029328823089599,10,1.0,447629.3333333333
20.0,6,64.0,645.0790525992003,0.0,0.0,0.7,0.3,0.3,0.0,0.0,3,0,0,7,0,0.0155019760131835,0.0,1.0,0.0,0.0,0.0,0.0,0.0,1.0,0.0,0.0,0.0,0.0,0.0,1.0,1.0,10004,54,1406,1000.4,653.078045361604,1000.4,0.0033812046051025,10,1.0,406200.8888888889
20.0,6,64.0,2027.605143575365,0.0,0.0,0.6,0.4,0.4,0.0,0.0,4,0,0,6,0,0.0049319267272949,0.0,1.0,0.0,0.0,0.0,0.0,0.0,1.0,0.0,0.0,0.0,0.0,0.0,1.0,1.0,8652,54,1406,865.2,698.1697978763237,865.2,0.0004971981048583,10,1.0,456976.0
20.0,6,64.0,398.62610365048135,0.0,0.0,0.8,0.2,0.2,0.0,0.0,2,0,0,8,0,0.0250861644744873,0.0,1.0,0.0,0.0,0.0,0.0,0.0,1.0,0.0,0.0,0.0,0.0,0.0,1.0,1.0,4646,54,1406,464.6,649.6399344594237,464.6,0.0025113105773925,10,1.0,454736.5555555556
20.0,6,64.0,199.76395841172013,0.0,0.0,1.0,0.0,0.0,0.0,0.0,0,0,0,10,0,0.0500590801239013,0.0,1.0,0.0,0.0,0.0,0.0,0.0,1.0,0.0,0.0,0.0,0.0,0.0,1.0,1.0,650,64,66,65.0,1.0540925533894598,65.0,0.0054647922515869,10,0.9101461251425488,1.0
20.0,6,64.0,524.0259870064967,0.0,0.0,0.7,0.3,0.3,0.0,0.0,3,0,0,7,0,0.019083023071289,0.0,1.0,0.0,0.0,0.0,0.0,0.0,1.0,0.0,0.0,0.0,0.0,0.0,1.0,1.0,711,54,91,71.1,14.54074734438823,71.1,0.0019109964370727,10,0.93268134883821,190.29
20.0,6,64.0,455.8530594500598,0.0,0.0,0.6,0.4,0.4,0.0,0.0,4,0,0,6,0,0.0219368934631347,0.0,1.0,0.0,0.0,0.0,0.0,0.0,1.0,0.0,0.0,0.0,0.0,0.0,1.0,1.0,725,54,91,72.5,19.50071223770501,72.5,0.0021959066390991,10,0.9347018401371516,342.25
20.0,6,64.0,670.3807179618323,0.0,0.0,0.5,0.5,0.5,0.0,0.0,5,0,0,5,0,0.0149168968200683,0.0,1.0,0.0,0.0,0.0,0.0,0.0,1.0,0.0,0.0,0.0,0.0,0.0,1.0,1.0,731,54,93,73.1,20.14640855779952,73.1,0.0019064903259277,10,0.9349648709901052,365.29
20.0,6,64.0,242.529432173008,0.0,0.0,0.5,0.5,0.5,0.0,0.0,5,0,0,5,0,0.0412321090698242,0.0,1.0,0.0,0.0,0.0,0.0,0.0,1.0,0.0,0.0,0.0,0.0,0.0,1.0,1.0,774,54,93,77.4,20.139513400278567,77.4,0.00451180934906,10,0.9349620621787376,380.25
20.0,6,64.0,482.0872843465168,0.0,0.0,0.9,0.1,0.1,0.0,0.0,1,0,0,9,0,0.0207431316375732,0.0,1.0,0.0,0.0,0.0,0.0,0.0,1.0,0.0,0.0,0.0,0.0,0.0,1.0,1.0,670,54,93,67.0,10.614455552060438,67.0,0.00208261013031,10,0.9310819346136874,380.25
20.0,6,64.0,321.47158010914217,0.0,0.0,1.0,0.0,0.0,0.0,0.0,0,0,0,10,0,0.031106948852539,0.0,1.0,0.0,0.0,0.0,0.0,0.0,1.0,0.0,0.0,0.0,0.0,0.0,1.0,1.0,684,67,69,68.4,0.9660917830792958,68.4,0.0037849903106689,10,0.0,1.0
20.0,6,64.0,540.0090123727002,0.0,0.0,0.9,0.1,0.1,0.0,0.0,1,0,0,9,0,0.0185182094573974,0.0,1.0,0.0,0.0,0.0,0.0,0.0,1.0,0.0,0.0,0.0,0.0,0.0,1.0,1.0,655,64,69,65.5,2.41522945769824,65.5,0.0020883083343505,10,0.910700597871888,6.25
20.0,6,64.0,293.3428449535959,0.0,0.0,0.9,0.1,0.1,0.0,0.0,1,0,0,9,0,0.0340898036956787,0.0,1.0,0.0,0.0,0.0,0.0,0.0,1.0,0.0,0.0,0.0,0.0,0.0,1.0,1.0,630,54,66,63.0,4.83045891539648,63.0,0.0034130811691284,10,0.928725765743776,25.0
20.0,6,64.0,235.96514224955132,0.0,0.0,0.7,0.3,0.3,0.0,0.0,3,0,0,7,0,0.0423791408538818,0.0,1.0,0.0,0.0,0.0,0.0,0.0,1.0,0.0,0.0,0.0,0.0,0.0,1.0,1.0,620,54,66,62.0,5.57773351022717,62.0,0.0050324201583862,10,0.9290301755227262,28.0
20.0,6,64.0,1995.577124369588,0.0,0.0,0.5,0.5,0.5,0.0,0.0,5,0,0,5,0,0.0050110816955566,0.0,1.0,0.0,0.0,0.0,0.0,0.0,1.0,0.0,0.0,0.0,0.0,0.0,1.0,1.0,590,54,64,59.0,5.270462766947299,59.0,0.0005023956298828,10,0.9289050057127436,25.0
20.0,6,64.0,2902.030028367813,0.0,0.0,0.5,0.5,0.5,0.0,0.0,5,0,0,5,0,0.0034458637237548,0.0,1.0,0.0,0.0,0.0,0.0,0.0,1.0,0.0,0.0,0.0,0.0,0.0,1.0,1.0,594,54,66,59.4,5.738757124441959,59.4,0.0011138916015625,10,0.9290957701022128,29.64
20.0,6,64.0,1187.515288788222,0.0,0.0,0.5,0.5,0.5,0.0,0.0,5,0,0,5,0,0.0084209442138671,0.0,1.0,0.0,0.0,0.0,0.0,0.0,1.0,0.0,0.0,0.0,0.0,0.0,1.0,1.0,600,54,66,60.0,6.324555320336759,60.0,0.001291799545288,10,0.9293344008552924,36.0
20.0,6,64.0,416.3907475429365,0.0,0.0,0.5,0.5,0.5,0.0,0.0,5,0,0,5,0,0.0240159034729003,0.0,1.0,0.0,0.0,0.0,0.0,0.0,1.0,0.0,0.0,0.0,0.0,0.0,1.0,1.0,2916,54,1224,291.6,491.4484713578831,291.6,0.0028537988662719,10,1.0,234552.0
20.0,6,64.0,592.3154267638254,0.0,0.0,0.5,0.5,0.5,0.0,0.0,5,0,0,5,0,0.0168828964233398,0.0,1.0,0.0,0.0,0.0,0.0,0.0,1.0,0.0,0.0,0.0,0.0,0.0,1.0,1.0,6390,54,1224,639.0,616.644143732834,639.0,0.0019577026367187,10,1.0,342225.0
20.0,6,64.0,738.6028492436649,0.0,0.0,0.5,0.5,0.5,0.0,0.0,5,0,0,5,0,0.0135390758514404,0.0,1.0,0.0,0.0,0.0,0.0,0.0,1.0,0.0,0.0,0.0,0.0,0.0,1.0,1.0,7566,54,1226,756.6,604.7023510234877,756.6,0.00208740234375,10,1.0,342225.0
20.0,6,64.0,392.3283570920792,0.0,0.0,0.5,0.5,0.5,0.0,0.0,5,0,0,5,0,0.0254888534545898,0.0,1.0,0.0,0.0,0.0,0.0,0.0,1.0,0.0,0.0,0.0,0.0,0.0,1.0,1.0,6400,54,1226,640.0,617.6982362862234,640.0,0.002551794052124,10,1.0,343396.0
20.0,6,64.0,311.9253337299669,0.0,0.0,0.5,0.5,0.5,0.0,0.0,5,0,0,5,0,0.0320589542388916,0.0,1.0,0.0,0.0,0.0,0.0,0.0,1.0,0.0,0.0,0.0,0.0,0.0,1.0,1.0,2914,54,1226,291.4,492.5985970115808,291.4,0.0032094001770019,10,1.0,343396.0
20.0,6,64.0,498.082627747628,0.0,0.0,0.5,0.5,0.5,0.0,0.0,5,0,0,5,0,0.0200769901275634,0.0,1.0,0.0,0.0,0.0,0.0,0.0,1.0,0.0,0.0,0.0,0.0,0.0,1.0,1.0,590,54,64,59.0,5.270462766947299,59.0,0.0020116090774536,10,0.9289050057127436,25.0
20.0,6,64.0,823.3165829145729,0.0,0.0,0.5,0.5,0.5,0.0,0.0,5,0,0,5,0,0.01214599609375,0.0,1.0,0.0,0.0,0.0,0.0,0.0,1.0,0.0,0.0,0.0,0.0,0.0,1.0,1.0,596,54,66,59.6,5.94792213951879,59.6,0.001218295097351,10,0.9291809755627544,31.84
20.0,6,64.0,553.7766041721679,0.0,0.0,0.6,0.4,0.4,0.0,0.0,4,0,0,6,0,0.0180578231811523,0.0,1.0,0.0,0.0,0.0,0.0,0.0,1.0,0.0,0.0,0.0,0.0,0.0,1.0,1.0,600,54,66,60.0,6.324555320336759,60.0,0.0018086910247802,10,0.9293344008552924,36.0
20.0,6,64.0,250.19410410279048,0.0,0.0,0.9,0.1,0.1,0.0,0.0,1,0,0,9,0,0.0399689674377441,0.0,1.0,0.0,0.0,0.0,0.0,0.0,1.0,0.0,0.0,0.0,0.0,0.0,1.0,1.0,648,54,66,64.8,3.794733192202056,64.8,0.0046792030334472,10,0.9283038525131756,36.0
20.0,6,64.0,259.00038285312024,0.0,0.0,1.0,0.0,0.0,0.0,0.0,0,0,0,10,0,0.0386099815368652,0.0,1.0,0.0,0.0,0.0,0.0,0.0,1.0,0.0,0.0,0.0,0.0,0.0,1.0,1.0,660,66,66,66.0,0.0,66.0,0.0040884971618652,10,0.0,0.0
20.0,6,64.0,524.104563402809,0.0,0.0,0.8,0.2,0.2,0.0,0.0,2,0,0,8,0,0.0190801620483398,0.0,1.0,0.0,0.0,0.0,0.0,0.0,1.0,0.0,0.0,0.0,0.0,0.0,1.0,1.0,648,54,66,64.8,3.794733192202056,64.8,0.0019126176834106,10,0.9283038525131756,23.04
20.0,6,64.0,483.58244748310926,0.0,0.0,0.7,0.3,0.3,0.0,0.0,3,0,0,7,0,0.0206789970397949,0.0,1.0,0.0,0.0,0.0,0.0,0.0,1.0,0.0,0.0,0.0,0.0,0.0,1.0,1.0,616,54,68,61.6,6.586180818788516,61.6,0.0020712852478027,10,0.9294409766183416,39.04
20.0,6,64.0,454.67202896508365,0.0,0.0,0.6,0.4,0.4,0.0,0.0,4,0,0,6,0,0.02199387550354,0.0,1.0,0.0,0.0,0.0,0.0,0.0,1.0,0.0,0.0,0.0,0.0,0.0,1.0,1.0,624,54,68,62.4,7.229568912920511,62.4,0.0027493000030517,10,0.9297030671923672,48.0
20.0,6,64.0,342.7138946766352,0.0,0.0,0.5,0.5,0.5,0.0,0.0,5,0,0,5,0,0.0291788578033447,0.0,1.0,0.0,0.0,0.0,0.0,0.0,1.0,0.0,0.0,0.0,0.0,0.0,1.0,1.0,598,54,68,59.8,6.285786435372356,59.8,0.0029201984405517,10,0.9293186079623132,49.0
20.0,6,64.0,258.5262483126745,0.0,0.0,0.5,0.5,0.5,0.0,0.0,5,0,0,5,0,0.0386807918548584,0.0,1.0,0.0,0.0,0.0,0.0,0.0,1.0,0.0,0.0,0.0,0.0,0.0,1.0,1.0,590,54,64,59.0,5.270462766947299,59.0,0.0047286987304687,10,0.9289050057127436,25.0
20.0,6,64.0,834.4548782428776,0.0,0.0,0.5,0.5,0.5,0.0,0.0,5,0,0,5,0,0.0119838714599609,0.0,1.0,0.0,0.0,0.0,0.0,0.0,1.0,0.0,0.0,0.0,0.0,0.0,1.0,1.0,596,54,66,59.6,5.94792213951879,59.6,0.0032978057861328,10,0.9291809755627544,31.84
20.0,6,64.0,704.0730544551132,0.0,0.0,0.5,0.5,0.5,0.0,0.0,5,0,0,5,0,0.0142030715942382,0.0,1.0,0.0,0.0,0.0,0.0,0.0,1.0,0.0,0.0,0.0,0.0,0.0,1.0,1.0,600,54,66,60.0,6.324555320336759,60.0,0.0014233112335205,10,0.9293344008552924,36.0
20.0,6,64.0,665.2029245238133,0.0,0.0,0.8,0.2,0.2,0.0,0.0,2,0,0,8,0,0.0150330066680908,0.0,1.0,0.0,0.0,0.0,0.0,0.0,1.0,0.0,0.0,0.0,0.0,0.0,1.0,1.0,732,54,82,73.2,12.044362443345298,73.2,0.002003788948059,10,0.9316644214849212,139.10204081632654
20.0,6,64.0,483.3706725671876,0.0,0.0,1.0,0.0,0.0,0.0,0.0,0,0,0,10,0,0.0206880569458007,0.0,1.0,0.0,0.0,0.0,0.0,0.0,1.0,0.0,0.0,0.0,0.0,0.0,1.0,1.0,832,82,84,83.2,1.0327955589886444,83.2,0.0020729064941406,10,0.8794631095989097,1.0
20.0,6,64.0,555.6179045953716,0.0,0.0,0.7,0.3,0.3,0.0,0.0,3,0,0,7,0,0.0179979801177978,0.0,1.0,0.0,0.0,0.0,0.0,0.0,1.0,0.0,0.0,0.0,0.0,0.0,1.0,1.0,690,54,84,69.0,13.5400640077266,69.0,0.0020570039749145,10,0.9322737104741876,168.75
20.0,6,64.0,320.1441078366269,0.0,0.0,0.5,0.5,0.5,0.0,0.0,5,0,0,5,0,0.031235933303833,0.0,1.0,0.0,0.0,0.0,0.0,0.0,1.0,0.0,0.0,0.0,0.0,0.0,1.0,1.0,600,54,64,60.0,5.163977794943222,60.0,0.0038678884506225,10,0.928861627994548,25.0
20.0,6,64.0,900.2584245546254,0.0,0.0,0.5,0.5,0.5,0.0,0.0,5,0,0,5,0,0.0111079216003417,0.0,1.0,0.0,0.0,0.0,0.0,0.0,1.0,0.0,0.0,0.0,0.0,0.0,1.0,1.0,598,54,66,59.8,6.142746399887703,59.8,0.0011142969131469,10,0.9292603391734584,33.959999999999994
20.0,6,64.0,816.7274851523707,0.0,0.0,0.5,0.5,0.5,0.0,0.0,5,0,0,5,0,0.0122439861297607,0.0,1.0,0.0,0.0,0.0,0.0,0.0,1.0,0.0,0.0,0.0,0.0,0.0,1.0,1.0,600,54,66,60.0,6.324555320336759,60.0,0.0012273073196411,10,0.9293344008552924,36.0
20.0,6,64.0,373.820554184009,0.0,0.0,0.9,0.1,0.1,0.0,0.0,1,0,0,9,0,0.0267508029937744,0.0,1.0,0.0,0.0,0.0,0.0,0.0,1.0,0.0,0.0,0.0,0.0,0.0,1.0,1.0,811,54,91,81.1,16.271652241449445,81.1,0.0026779890060424,10,0.9333864502570768,288.25
20.0,6,64.0,227.17471253161747,0.0,0.0,1.0,0.0,0.0,0.0,0.0,0,0,0,10,0,0.0440189838409423,0.0,1.0,0.0,0.0,0.0,0.0,0.0,1.0,0.0,0.0,0.0,0.0,0.0,1.0,1.0,924,91,93,92.4,0.9660917830792958,92.4,0.0047662019729614,10,0.0,1.0
20.0,6,64.0,190.76637588349269,0.0,0.0,1.0,0.0,0.0,0.0,0.0,0,0,0,10,0,0.0524201393127441,0.0,1.0,0.0,0.0,0.0,0.0,0.0,1.0,0.0,0.0,0.0,0.0,0.0,1.0,1.0,1686,93,201,168.6,52.16895628628199,168.6,0.006324815750122,10,0.8815485060327799,2916.0
20.0,6,64.0,529.3565893429588,0.0,0.0,1.0,0.0,0.0,0.0,0.0,0,0,0,10,0,0.0188908576965332,0.0,1.0,0.0,0.0,0.0,0.0,0.0,1.0,0.0,0.0,0.0,0.0,0.0,1.0,1.0,2024,201,203,202.4,0.9660917830792958,202.4,0.0023295879364013,10,0.0,1.0
20.0,6,64.0,168.3364236922163,0.0,0.0,0.6,0.4,0.4,0.0,0.0,4,0,0,6,0,0.0594048500061035,0.0,1.0,0.0,0.0,0.0,0.0,0.0,1.0,0.0,0.0,0.0,0.0,0.0,1.0,1.0,1027,54,203,102.7,69.3510394058133,102.7,0.0062099933624267,10,0.955008869412352,5092.489795918367
20.0,6,64.0,2180.5583571614243,0.0,0.0,0.5,0.5,0.5,0.0,0.0,5,0,0,5,0,0.0045859813690185,0.0,1.0,0.0,0.0,0.0,0.0,0.0,1.0,0.0,0.0,0.0,0.0,0.0,1.0,1.0,590,54,64,59.0,5.270462766947299,59.0,0.000462007522583,10,0.9289050057127436,25.0
20.0,6,64.0,2409.688613121912,0.0,0.0,0.5,0.5,0.5,0.0,0.0,5,0,0,5,0,0.0041499137878417,0.0,1.0,0.0,0.0,0.0,0.0,0.0,1.0,0.0,0.0,0.0,0.0,0.0,1.0,1.0,598,54,66,59.8,6.142746399887703,59.8,0.0004178047180175,10,0.9292603391734584,33.959999999999994
20.0,6,64.0,1019.4701278498858,0.0,0.0,0.5,0.5,0.5,0.0,0.0,5,0,0,5,0,0.0098090171813964,0.0,1.0,0.0,0.0,0.0,0.0,0.0,1.0,0.0,0.0,0.0,0.0,0.0,1.0,1.0,600,54,66,60.0,6.324555320336759,60.0,0.0009839057922363,10,0.9293344008552924,36.0
20.0,6,64.0,819.4720903424966,0.0,0.0,0.5,0.5,0.5,0.0,0.0,5,0,0,5,0,0.0122029781341552,0.0,1.0,0.0,0.0,0.0,0.0,0.0,1.0,0.0,0.0,0.0,0.0,0.0,1.0,1.0,5960,54,1406,596.0,697.1465651735891,596.0,0.0012312889099121,10,1.0,437412.0
20.0,6,64.0,516.2601545960317,0.0,0.0,0.7,0.3,0.3,0.0,0.0,3,0,0,7,0,0.0193700790405273,0.0,1.0,0.0,0.0,0.0,0.0,0.0,1.0,0.0,0.0,0.0,0.0,0.0,1.0,1.0,8652,54,1406,865.2,698.1697978763237,865.2,0.0019400119781494,10,1.0,456976.0
20.0,6,64.0,238.8229399170956,0.0,0.0,0.5,0.5,0.5,0.0,0.0,5,0,0,5,0,0.0418720245361328,0.0,1.0,0.0,0.0,0.0,0.0,0.0,1.0,0.0,0.0,0.0,0.0,0.0,1.0,1.0,8652,54,1406,865.2,698.1697978763237,865.2,0.0046290874481201,10,1.0,456976.0
20.0,6,64.0,370.9081905166163,0.0,0.0,0.6,0.4,0.4,0.0,0.0,4,0,0,6,0,0.0269608497619628,0.0,1.0,0.0,0.0,0.0,0.0,0.0,1.0,0.0,0.0,0.0,0.0,0.0,1.0,1.0,5958,54,1406,595.8,697.315774157511,595.8,0.0026998996734619,10,1.0,456976.0
20.0,6,64.0,676.7735377168214,0.0,0.0,0.5,0.5,0.5,0.0,0.0,5,0,0,5,0,0.0147759914398193,0.0,1.0,0.0,0.0,0.0,0.0,0.0,1.0,0.0,0.0,0.0,0.0,0.0,1.0,1.0,590,54,64,59.0,5.270462766947299,59.0,0.0015916109085083,10,0.9289050057127436,25.0
20.0,6,64.0,833.6753393890004,0.0,0.0,0.6,0.4,0.4,0.0,0.0,4,0,0,6,0,0.0119950771331787,0.0,1.0,0.0,0.0,0.0,0.0,0.0,1.0,0.0,0.0,0.0,0.0,0.0,1.0,1.0,604,54,66,60.4,5.561774297230456,60.4,0.0013207912445068,10,0.9290236743777198,27.84
20.0,6,64.0,381.1721511855103,0.0,0.0,0.5,0.5,0.5,0.0,0.0,5,0,0,5,0,0.0262348651885986,0.0,1.0,0.0,0.0,0.0,0.0,0.0,1.0,0.0,0.0,0.0,0.0,0.0,1.0,1.0,600,54,66,60.0,6.324555320336759,60.0,0.0031086921691894,10,0.9293344008552924,36.0
20.0,6,64.0,966.4517615613264,0.0,0.0,0.5,0.5,0.5,0.0,0.0,5,0,0,5,0,0.0103471279144287,0.0,1.0,0.0,0.0,0.0,0.0,0.0,1.0,0.0,0.0,0.0,0.0,0.0,1.0,1.0,612,54,66,61.2,6.196773353931867,61.2,0.0010810136795043,10,0.9292823475934576,36.0
20.0,6,64.0,333.0001984835854,0.0,0.0,0.7,0.3,0.3,0.0,0.0,3,0,0,7,0,0.0300300121307373,0.0,1.0,0.0,0.0,0.0,0.0,0.0,1.0,0.0,0.0,0.0,0.0,0.0,1.0,1.0,612,54,66,61.2,6.196773353931867,61.2,0.0030060052871704,10,0.9292823475934576,36.0
20.0,6,64.0,196.20914360027507,0.0,0.0,0.8,0.2,0.2,0.0,0.0,2,0,0,8,0,0.0509660243988037,0.0,1.0,0.0,0.0,0.0,0.0,0.0,1.0,0.0,0.0,0.0,0.0,0.0,1.0,1.0,656,54,67,65.6,4.087922591134904,65.6,0.0057687997817993,10,0.9284232861467248,20.285714285714285
20.0,6,64.0,163.55378088345395,0.0,0.0,0.7,0.3,0.3,0.0,0.0,3,0,0,7,0,0.0611419677734375,0.0,1.0,0.0,0.0,0.0,0.0,0.0,1.0,0.0,0.0,0.0,0.0,0.0,1.0,1.0,614,54,67,61.4,6.380525927469546,61.4,0.006117296218872,10,0.929357201041814,42.25
20.0,6,64.0,4796.230989136649,0.0,0.0,0.6,0.4,0.4,0.0,0.0,4,0,0,6,0,0.0020849704742431,0.0,1.0,0.0,0.0,0.0,0.0,0.0,1.0,0.0,0.0,0.0,0.0,0.0,1.0,1.0,626,54,68,62.6,5.966573556070519,62.6,0.0002120971679687,10,0.9291885734038008,36.0
20.0,6,64.0,499.87533817202376,0.0,0.0,0.6,0.4,0.4,0.0,0.0,4,0,0,6,0,0.0200049877166748,0.0,1.0,0.0,0.0,0.0,0.0,0.0,1.0,0.0,0.0,0.0,0.0,0.0,1.0,1.0,610,54,68,61.0,7.378647873726218,61.0,0.0020035982131958,10,0.9297637959978412,49.0
20.0,6,64.0,816.6638758542806,0.0,0.0,0.6,0.4,0.4,0.0,0.0,4,0,0,6,0,0.0122449398040771,0.0,1.0,0.0,0.0,0.0,0.0,0.0,1.0,0.0,0.0,0.0,0.0,0.0,1.0,1.0,616,54,68,61.6,6.719788356455548,61.6,0.0016392946243286,10,0.9294954029848858,49.0
20.0,6,64.0,533.42286659036,0.0,0.0,0.9,0.1,0.1,0.0,0.0,1,0,0,9,0,0.0187468528747558,0.0,1.0,0.0,0.0,0.0,0.0,0.0,1.0,0.0,0.0,0.0,0.0,0.0,1.0,1.0,632,54,66,63.2,3.2930904093942583,63.2,0.0020051002502441,10,0.9280995033091708,9.876543209876544
20.0,6,64.0,319.99023467301413,0.0,0.0,1.0,0.0,0.0,0.0,0.0,0,0,0,10,0,0.0312509536743164,0.0,1.0,0.0,0.0,0.0,0.0,0.0,1.0,0.0,0.0,0.0,0.0,0.0,1.0,1.0,660,66,66,66.0,0.0,66.0,0.0031270027160644,10,0.0,0.0
20.0,6,64.0,330.3720157218586,0.0,0.0,1.0,0.0,0.0,0.0,0.0,0,0,0,10,0,0.030268907546997,0.0,1.0,0.0,0.0,0.0,0.0,0.0,1.0,0.0,0.0,0.0,0.0,0.0,1.0,1.0,662,66,68,66.2,0.6324555320336759,66.2,0.0038702964782714,10,0.0,0.36
20.0,6,64.0,192.99063184436716,0.0,0.0,0.9,0.1,0.1,0.0,0.0,1,0,0,9,0,0.0518159866333007,0.0,1.0,0.0,0.0,0.0,0.0,0.0,1.0,0.0,0.0,0.0,0.0,0.0,1.0,1.0,676,64,68,67.6,1.2649110640673518,67.6,0.0057487964630126,10,0.9102320041710584,1.44
20.0,6,64.0,670.777399286731,0.0,0.0,0.5,0.5,0.5,0.0,0.0,5,0,0,5,0,0.0149080753326416,0.0,1.0,0.0,0.0,0.0,0.0,0.0,1.0,0.0,0.0,0.0,0.0,0.0,1.0,1.0,590,54,64,59.0,5.270462766947299,59.0,0.0014952182769775,10,0.9289050057127436,25.0
20.0,6,64.0,707.3621721898979,0.0,0.0,0.6,0.4,0.4,0.0,0.0,4,0,0,6,0,0.0141370296478271,0.0,1.0,0.0,0.0,0.0,0.0,0.0,1.0,0.0,0.0,0.0,0.0,0.0,1.0,1.0,592,54,66,59.2,5.513619500836088,59.2,0.0014189004898071,10,0.9290040580398606,27.360000000000003
20.0,6,64.0,934.8513350867026,0.0,0.0,0.5,0.5,0.5,0.0,0.0,5,0,0,5,0,0.0106968879699707,0.0,1.0,0.0,0.0,0.0,0.0,0.0,1.0,0.0,0.0,0.0,0.0,0.0,1.0,1.0,600,54,66,60.0,6.324555320336759,60.0,0.0010737895965576,10,0.9293344008552924,36.0
20.0,6,64.0,478.4686462623059,0.0,0.0,0.6,0.4,0.4,0.0,0.0,4,0,0,6,0,0.020900011062622,0.0,1.0,0.0,0.0,0.0,0.0,0.0,1.0,0.0,0.0,0.0,0.0,0.0,1.0,1.0,688,54,104,68.8,19.395302982366054,68.8,0.0020913124084472,10,0.9346589006228968,338.56
20.0,6,64.0,346.72839097943256,0.0,0.0,1.0,0.0,0.0,0.0,0.0,0,0,0,10,0,0.0288410186767578,0.0,1.0,0.0,0.0,0.0,0.0,0.0,1.0,0.0,0.0,0.0,0.0,0.0,1.0,1.0,1044,104,106,104.4,0.8432740427115678,104.4,0.0028870820999145,10,0.0,0.64
20.0,6,64.0,197.64408736422968,0.0,0.0,1.0,0.0,0.0,0.0,0.0,0,0,0,10,0,0.050595998764038,0.0,1.0,0.0,0.0,0.0,0.0,0.0,1.0,0.0,0.0,0.0,0.0,0.0,1.0,1.0,976,64,106,97.6,17.708754896942924,97.6,0.0054584980010986,10,0.9169305683948188,282.24
20.0,6,64.0,3502.550313152401,0.0,0.0,0.7,0.3,0.3,0.0,0.0,3,0,0,7,0,0.0028550624847412,0.0,1.0,0.0,0.0,0.0,0.0,0.0,1.0,0.0,0.0,0.0,0.0,0.0,1.0,1.0,610,54,64,61.0,4.83045891539648,61.0,0.0002900123596191,10,0.928725765743776,25.0
20.0,6,64.0,569.0586926437468,0.0,0.0,0.9,0.1,0.1,0.0,0.0,1,0,0,9,0,0.0175728797912597,0.0,1.0,0.0,0.0,0.0,0.0,0.0,1.0,0.0,0.0,0.0,0.0,0.0,1.0,1.0,646,54,66,64.6,3.777124126457412,64.6,0.0018679857254028,10,0.9282966792841536,15.4375
20.0,6,64.0,276.4102226147013,0.0,0.0,0.8,0.2,0.2,0.0,0.0,2,0,0,8,0,0.0361781120300293,0.0,1.0,0.0,0.0,0.0,0.0,0.0,1.0,0.0,0.0,0.0,0.0,0.0,1.0,1.0,2688,54,408,268.8,179.7509388014427,268.8,0.0039883136749267,10,0.9999813724301556,29945.0
20.0,6,64.0,414.7971162119129,0.0,0.0,0.8,0.2,0.2,0.0,0.0,2,0,0,8,0,0.0241081714630126,0.0,1.0,0.0,0.0,0.0,0.0,0.0,1.0,0.0,0.0,0.0,0.0,0.0,1.0,1.0,3380,54,410,338.0,149.6841118266509,338.0,0.0024131059646606,10,0.9877333497937044,27848.0
20.0,6,64.0,564.4333198761943,0.0,0.0,0.5,0.5,0.5,0.0,0.0,5,0,0,5,0,0.0177168846130371,0.0,1.0,0.0,0.0,0.0,0.0,0.0,1.0,0.0,0.0,0.0,0.0,0.0,1.0,1.0,2676,54,410,267.6,183.83760949997875,267.6,0.0017736911773681,10,1.0,31684.0
20.0,6,64.0,452.836120617989,0.0,0.0,1.0,0.0,0.0,0.0,0.0,0,0,0,10,0,0.022083044052124,0.0,1.0,0.0,0.0,0.0,0.0,0.0,1.0,0.0,0.0,0.0,0.0,0.0,1.0,1.0,648,54,66,64.8,3.794733192202056,64.8,0.0022114038467407,10,0.9283038525131756,36.0
20.0,6,64.0,149.82172007444106,0.0,0.0,1.0,0.0,0.0,0.0,0.0,0,0,0,10,0,0.0667459964752197,0.0,1.0,0.0,0.0,0.0,0.0,0.0,1.0,0.0,0.0,0.0,0.0,0.0,1.0,1.0,678,66,68,67.8,0.6324555320336757,67.8,0.0070227861404418,10,0.0,1.0
20.0,6,64.0,544.7501785830249,0.0,0.0,1.0,0.0,0.0,0.0,0.0,0,0,0,10,0,0.0183570384979248,0.0,1.0,0.0,0.0,0.0,0.0,0.0,1.0,0.0,0.0,0.0,0.0,0.0,1.0,1.0,662,66,68,66.2,0.6324555320336757,66.2,0.0018372058868408,10,0.0,1.0
20.0,6,64.0,310.7904798601025,0.0,0.0,1.0,0.0,0.0,0.0,0.0,0,0,0,10,0,0.0321760177612304,0.0,1.0,0.0,0.0,0.0,0.0,0.0,1.0,0.0,0.0,0.0,0.0,0.0,1.0,1.0,660,66,66,66.0,0.0,66.0,0.0038798093795776,10,0.0,0.0
20.0,6,64.0,232.43966372397435,0.0,0.0,1.0,0.0,0.0,0.0,0.0,0,0,0,10,0,0.0430219173431396,0.0,1.0,0.0,0.0,0.0,0.0,0.0,1.0,0.0,0.0,0.0,0.0,0.0,1.0,1.0,660,66,66,66.0,0.0,66.0,0.005276083946228,10,0.0,0.0
20.0,6,64.0,2783.214333112144,0.0,0.0,1.0,0.0,0.0,0.0,0.0,0,0,0,10,0,0.0035929679870605,0.0,1.0,0.0,0.0,0.0,0.0,0.0,1.0,0.0,0.0,0.0,0.0,0.0,1.0,1.0,678,66,68,67.8,0.6324555320336757,67.8,0.0028887033462524,10,0.0,1.0
20.0,6,64.0,619.9181188016377,0.0,0.0,0.9,0.1,0.1,0.0,0.0,1,0,0,9,0,0.0161311626434326,0.0,1.0,0.0,0.0,0.0,0.0,0.0,1.0,0.0,0.0,0.0,0.0,0.0,1.0,1.0,9914,54,1224,991.4,490.3749585776175,991.4,0.0016147136688232,10,1.0,334084.0
20.0,6,64.0,329.0114682857188,0.0,0.0,0.9,0.1,0.1,0.0,0.0,1,0,0,9,0,0.0303940773010253,0.0,1.0,0.0,0.0,0.0,0.0,0.0,1.0,0.0,0.0,0.0,0.0,0.0,1.0,1.0,11077,54,1225,1107.7,370.23267458901216,1107.7,0.0033375978469848,10,1.0,190320.25
20.0,6,64.0,863.5585752522132,0.0,0.0,0.7,0.3,0.3,0.0,0.0,3,0,0,7,0,0.0115799903869628,0.0,1.0,0.0,0.0,0.0,0.0,0.0,1.0,0.0,0.0,0.0,0.0,0.0,1.0,1.0,4093,54,1225,409.3,562.9033960932668,409.3,0.0011615991592407,10,1.0,338929.13888888893
20.0,6,64.0,1005.8282973621104,0.0,0.0,0.5,0.5,0.5,0.0,0.0,5,0,0,5,0,0.0099420547485351,0.0,1.0,0.0,0.0,0.0,0.0,0.0,1.0,0.0,0.0,0.0,0.0,0.0,1.0,1.0,590,54,64,59.0,5.270462766947299,59.0,0.0012646913528442,10,0.9289050057127436,25.0
20.0,6,64.0,260.2135407942328,0.0,0.0,0.5,0.5,0.5,0.0,0.0,5,0,0,5,0,0.0384299755096435,0.0,1.0,0.0,0.0,0.0,0.0,0.0,1.0,0.0,0.0,0.0,0.0,0.0,1.0,1.0,598,54,66,59.8,6.142746399887703,59.8,0.0046049118041992,10,0.9292603391734584,33.959999999999994
20.0,6,64.0,913.314171239439,0.0,0.0,0.7,0.3,0.3,0.0,0.0,3,0,0,7,0,0.0109491348266601,0.0,1.0,0.0,0.0,0.0,0.0,0.0,1.0,0.0,0.0,0.0,0.0,0.0,1.0,1.0,914,54,356,91.4,93.14290096405632,91.4,0.0014533042907714,10,0.964700722136718,7808.040000000003
20.0,6,64.0,1130.814483297835,0.0,0.0,1.0,0.0,0.0,0.0,0.0,0,0,0,10,0,0.008843183517456,0.0,1.0,0.0,0.0,0.0,0.0,0.0,1.0,0.0,0.0,0.0,0.0,0.0,1.0,1.0,3562,356,358,356.2,0.6324555320336759,356.2,0.0009690999984741,10,0.0,0.36
20.0,6,64.0,349.6010802340507,0.0,0.0,1.0,0.0,0.0,0.0,0.0,0,0,0,10,0,0.0286040306091308,0.0,1.0,0.0,0.0,0.0,0.0,0.0,1.0,0.0,0.0,0.0,0.0,0.0,1.0,1.0,3288,66,358,328.8,92.33850767691668,328.8,0.0028614997863769,10,0.9439234844872688,7673.76
20.0,6,64.0,576.4970105147413,0.0,0.0,1.0,0.0,0.0,0.0,0.0,0,0,0,10,0,0.0173461437225341,0.0,1.0,0.0,0.0,0.0,0.0,0.0,1.0,0.0,0.0,0.0,0.0,0.0,1.0,1.0,662,66,68,66.2,0.6324555320336759,66.2,0.0017369985580444,10,0.0,0.36
20.0,6,64.0,412.13559988208704,0.0,0.0,1.0,0.0,0.0,0.0,0.0,0,0,0,10,0,0.024263858795166,0.0,1.0,0.0,0.0,0.0,0.0,0.0,1.0,0.0,0.0,0.0,0.0,0.0,1.0,1.0,678,66,68,67.8,0.6324555320336759,67.8,0.002818489074707,10,0.0,0.36
20.0,6,64.0,668.3617241654051,0.0,0.0,1.0,0.0,0.0,0.0,0.0,0,0,0,10,0,0.0149619579315185,0.0,1.0,0.0,0.0,0.0,0.0,0.0,1.0,0.0,0.0,0.0,0.0,0.0,1.0,1.0,662,66,68,66.2,0.6324555320336759,66.2,0.0018768072128295,10,0.0,0.36
20.0,6,64.0,199.88009969453063,0.0,0.0,1.0,0.0,0.0,0.0,0.0,0,0,0,10,0,0.0500299930572509,0.0,1.0,0.0,0.0,0.0,0.0,0.0,1.0,0.0,0.0,0.0,0.0,0.0,1.0,1.0,676,64,68,67.6,1.2649110640673518,67.6,0.005333399772644,10,0.9102320041710584,1.44
20.0,6,64.0,1086.9733329877938,0.0,0.0,1.0,0.0,0.0,0.0,0.0,0,0,0,10,0,0.0091998577117919,0.0,1.0,0.0,0.0,0.0,0.0,0.0,1.0,0.0,0.0,0.0,0.0,0.0,1.0,1.0,642,64,66,64.2,0.6324555320336759,64.2,0.0009229898452758,10,0.0,0.36
20.0,6,64.0,749.678987631372,0.0,0.0,1.0,0.0,0.0,0.0,0.0,0,0,0,10,0,0.0133390426635742,0.0,1.0,0.0,0.0,0.0,0.0,0.0,1.0,0.0,0.0,0.0,0.0,0.0,1.0,1.0,660,66,66,66.0,0.0,66.0,0.0013355016708374,10,0.0,0.0
20.0,6,64.0,262.84711603539466,0.0,0.0,1.0,0.0,0.0,0.0,0.0,0,0,0,10,0,0.0380449295043945,0.0,1.0,0.0,0.0,0.0,0.0,0.0,1.0,0.0,0.0,0.0,0.0,0.0,1.0,1.0,662,66,68,66.2,0.6324555320336759,66.2,0.0041229009628295,10,0.0,0.36
20.0,6,64.0,252.7861718990134,0.0,0.0,1.0,0.0,0.0,0.0,0.0,0,0,0,10,0,0.0395591259002685,0.0,1.0,0.0,0.0,0.0,0.0,0.0,1.0,0.0,0.0,0.0,0.0,0.0,1.0,1.0,1836,68,1224,183.6,365.5592975154647,183.6,0.0047383069992065,10,1.0,120270.24000000002
20.0,6,64.0,500.05412687625926,0.0,0.0,1.0,0.0,0.0,0.0,0.0,0,0,0,10,0,0.0199978351593017,0.0,1.0,0.0,0.0,0.0,0.0,0.0,1.0,0.0,0.0,0.0,0.0,0.0,1.0,1.0,12242,1224,1226,1224.2,0.6324555320336759,1224.2,0.0020017862319946,10,0.0,0.36
20.0,6,64.0,293.22185092490315,0.0,0.0,0.9,0.1,0.1,0.0,0.0,1,0,0,9,0,0.0341038703918457,0.0,1.0,0.0,0.0,0.0,0.0,0.0,1.0,0.0,0.0,0.0,0.0,0.0,1.0,1.0,11098,64,1226,1109.8,367.4566641115657,1109.8,0.0036715030670166,10,1.0,121521.96
20.0,6,64.0,520.559492634009,0.0,0.0,0.6,0.4,0.4,0.0,0.0,4,0,0,6,0,0.0192101001739501,0.0,1.0,0.0,0.0,0.0,0.0,0.0,1.0,0.0,0.0,0.0,0.0,0.0,1.0,1.0,590,54,64,59.0,5.270462766947299,59.0,0.00192391872406,10,0.9289050057127436,25.0
20.0,6,64.0,444.783032873807,0.0,0.0,0.6,0.4,0.4,0.0,0.0,4,0,0,6,0,0.0224828720092773,0.0,1.0,0.0,0.0,0.0,0.0,0.0,1.0,0.0,0.0,0.0,0.0,0.0,1.0,1.0,604,54,66,60.4,5.561774297230456,60.4,0.0026900768280029,10,0.9290236743777198,27.84
20.0,6,64.0,461.8972314604762,0.0,0.0,0.5,0.5,0.5,0.0,0.0,5,0,0,5,0,0.0216498374938964,0.0,1.0,0.0,0.0,0.0,0.0,0.0,1.0,0.0,0.0,0.0,0.0,0.0,1.0,1.0,600,54,66,60.0,6.324555320336759,60.0,0.0022722005844116,10,0.9293344008552924,36.0
20.0,6,64.0,1262.1660497728026,0.0,0.0,0.6,0.4,0.4,0.0,0.0,4,0,0,6,0,0.007922887802124,0.0,1.0,0.0,0.0,0.0,0.0,0.0,1.0,0.0,0.0,0.0,0.0,0.0,1.0,1.0,4086,54,1224,408.6,562.7038297363898,408.6,0.0039061069488525,10,1.0,301112.0
20.0,6,64.0,849.3932766302147,0.0,0.0,0.5,0.5,0.5,0.0,0.0,5,0,0,5,0,0.0117731094360351,0.0,1.0,0.0,0.0,0.0,0.0,0.0,1.0,0.0,0.0,0.0,0.0,0.0,1.0,1.0,7560,54,1224,756.0,604.1854020083571,756.0,0.0011790037155151,10,1.0,342225.0
20.0,6,64.0,467.6393395100958,0.0,0.0,0.5,0.5,0.5,0.0,0.0,5,0,0,5,0,0.0213840007781982,0.0,1.0,0.0,0.0,0.0,0.0,0.0,1.0,0.0,0.0,0.0,0.0,0.0,1.0,1.0,6394,54,1225,639.4,617.0658527796419,639.4,0.0021408081054687,10,1.0,342693.24
20.0,6,64.0,461.1861984034482,0.0,0.0,0.7,0.3,0.3,0.0,0.0,3,0,0,7,0,0.0216832160949707,0.0,1.0,0.0,0.0,0.0,0.0,0.0,1.0,0.0,0.0,0.0,0.0,0.0,1.0,1.0,7566,54,1225,756.6,604.7017997878514,756.6,0.0021713018417358,10,1.0,342810.25
20.0,6,64.0,186.67568674226916,0.0,0.0,0.5,0.5,0.5,0.0,0.0,5,0,0,5,0,0.0535688400268554,0.0,1.0,0.0,0.0,0.0,0.0,0.0,1.0,0.0,0.0,0.0,0.0,0.0,1.0,1.0,600,54,66,60.0,6.324555320336759,60.0,0.0061901807785034,10,0.9293344008552924,36.0
20.0,6,64.0,1978.6319464100384,0.0,0.0,0.5,0.5,0.5,0.0,0.0,5,0,0,5,0,0.0050539970397949,0.0,1.0,0.0,0.0,0.0,0.0,0.0,1.0,0.0,0.0,0.0,0.0,0.0,1.0,1.0,600,54,66,60.0,6.324555320336759,60.0,0.0005107164382934,10,0.9293344008552924,36.0
20.0,6,64.0,1031.0481809242872,0.0,0.0,0.5,0.5,0.5,0.0,0.0,5,0,0,5,0,0.0096988677978515,0.0,1.0,0.0,0.0,0.0,0.0,0.0,1.0,0.0,0.0,0.0,0.0,0.0,1.0,1.0,610,54,68,61.0,7.378647873726218,61.0,0.0010471820831298,10,0.9297637959978412,49.0
20.0,6,64.0,2152.360034895058,0.0,0.0,0.5,0.5,0.5,0.0,0.0,5,0,0,5,0,0.0046460628509521,0.0,1.0,0.0,0.0,0.0,0.0,0.0,1.0,0.0,0.0,0.0,0.0,0.0,1.0,1.0,610,54,68,61.0,7.378647873726218,61.0,0.0023456096649169,10,0.9297637959978412,49.0
20.0,6,64.0,513.6113049973673,0.0,0.0,1.0,0.0,0.0,0.0,0.0,0,0,0,10,0,0.0194699764251709,0.0,1.0,0.0,0.0,0.0,0.0,0.0,1.0,0.0,0.0,0.0,0.0,0.0,1.0,1.0,660,66,66,66.0,0.0,66.0,0.0022921085357666,10,0.0,0.0
20.0,6,64.0,256.15478102613275,0.0,0.0,1.0,0.0,0.0,0.0,0.0,0,0,0,10,0,0.0390388965606689,0.0,1.0,0.0,0.0,0.0,0.0,0.0,1.0,0.0,0.0,0.0,0.0,0.0,1.0,1.0,680,68,68,68.0,0.0,68.0,0.0042563915252685,10,0.0,0.0
20.0,6,64.0,622.6605899556123,0.0,0.0,1.0,0.0,0.0,0.0,0.0,0,0,0,10,0,0.0160601139068603,0.0,1.0,0.0,0.0,0.0,0.0,0.0,1.0,0.0,0.0,0.0,0.0,0.0,1.0,1.0,660,66,66,66.0,0.0,66.0,0.001607608795166,10,0.0,0.0
20.0,6,64.0,196.90458753497452,0.0,0.0,1.0,0.0,0.0,0.0,0.0,0,0,0,10,0,0.050786018371582,0.0,1.0,0.0,0.0,0.0,0.0,0.0,1.0,0.0,0.0,0.0,0.0,0.0,1.0,1.0,660,66,66,66.0,0.0,66.0,0.0056243896484375,10,0.0,0.0
20.0,6,64.0,247.9855736541816,0.0,0.0,0.9,0.1,0.1,0.0,0.0,1,0,0,9,0,0.0403249263763427,0.0,1.0,0.0,0.0,0.0,0.0,0.0,1.0,0.0,0.0,0.0,0.0,0.0,1.0,1.0,648,54,66,64.8,3.794733192202055,64.8,0.0043657064437866,10,0.9283038525131756,15.75
20.0,6,64.0,204.6660876184528,0.0,0.0,0.8,0.2,0.2,0.0,0.0,2,0,0,8,0,0.0488600730895996,0.0,1.0,0.0,0.0,0.0,0.0,0.0,1.0,0.0,0.0,0.0,0.0,0.0,1.0,1.0,664,54,68,66.4,4.402019738458447,66.4,0.0056575059890747,10,0.9285512367606584,21.0
20.0,6,64.0,357.5889644824117,0.0,0.0,0.6,0.4,0.4,0.0,0.0,4,0,0,6,0,0.0279650688171386,0.0,1.0,0.0,0.0,0.0,0.0,0.0,1.0,0.0,0.0,0.0,0.0,0.0,1.0,1.0,598,54,68,59.8,6.285786435372356,59.8,0.0027999877929687,10,0.9293186079623132,49.0
20.0,6,64.0,809.5236624720142,0.0,0.0,0.5,0.5,0.5,0.0,0.0,5,0,0,5,0,0.0123529434204101,0.0,1.0,0.0,0.0,0.0,0.0,0.0,1.0,0.0,0.0,0.0,0.0,0.0,1.0,1.0,590,54,64,59.0,5.270462766947299,59.0,0.0027596950531005,10,0.9289050057127436,25.0
20.0,6,64.0,659.855263985904,0.0,0.0,0.5,0.5,0.5,0.0,0.0,5,0,0,5,0,0.0151548385620117,0.0,1.0,0.0,0.0,0.0,0.0,0.0,1.0,0.0,0.0,0.0,0.0,0.0,1.0,1.0,596,54,66,59.6,5.94792213951879,59.6,0.0016577005386352,10,0.9291809755627544,31.84
20.0,6,64.0,787.7662791352853,0.0,0.0,0.5,0.5,0.5,0.0,0.0,5,0,0,5,0,0.0126941204071044,0.0,1.0,0.0,0.0,0.0,0.0,0.0,1.0,0.0,0.0,0.0,0.0,0.0,1.0,1.0,600,54,66,60.0,6.324555320336759,60.0,0.001271915435791,10,0.9293344008552924,36.0
20.0,6,64.0,580.149107155207,0.0,0.0,0.5,0.5,0.5,0.0,0.0,5,0,0,5,0,0.0172369480133056,0.0,1.0,0.0,0.0,0.0,0.0,0.0,1.0,0.0,0.0,0.0,0.0,0.0,1.0,1.0,600,54,66,60.0,6.324555320336759,60.0,0.0021096944808959,10,0.9293344008552924,36.0
20.0,6,64.0,359.649465795476,0.0,0.0,0.5,0.5,0.5,0.0,0.0,5,0,0,5,0,0.0278048515319824,0.0,1.0,0.0,0.0,0.0,0.0,0.0,1.0,0.0,0.0,0.0,0.0,0.0,1.0,1.0,612,54,66,61.2,6.196773353931867,61.2,0.0030860900878906,10,0.9292823475934576,36.0
20.0,6,64.0,888.8120364484001,0.0,0.0,0.5,0.5,0.5,0.0,0.0,5,0,0,5,0,0.0112509727478027,0.0,1.0,0.0,0.0,0.0,0.0,0.0,1.0,0.0,0.0,0.0,0.0,0.0,1.0,1.0,604,54,67,60.4,6.752777206453652,60.4,0.0011301040649414,10,0.929508841322821,41.04
20.0,6,64.0,376.63691384853,0.0,0.0,0.5,0.5,0.5,0.0,0.0,5,0,0,5,0,0.0265507698059082,0.0,1.0,0.0,0.0,0.0,0.0,0.0,1.0,0.0,0.0,0.0,0.0,0.0,1.0,1.0,605,54,67,60.5,6.851601597031489,60.5,0.0026588916778564,10,0.9295490984265669,42.25
20.0,6,64.0,342.2999518497058,0.0,0.0,0.9,0.1,0.1,0.0,0.0,1,0,0,9,0,0.0292141437530517,0.0,1.0,0.0,0.0,0.0,0.0,0.0,1.0,0.0,0.0,0.0,0.0,0.0,1.0,1.0,623,54,67,62.3,4.47337804249888,62.3,0.0029573202133178,10,0.9285803052793924,42.25
20.0,6,64.0,874.0500552232896,0.0,0.0,1.0,0.0,0.0,0.0,0.0,0,0,0,10,0,0.0114409923553466,0.0,1.0,0.0,0.0,0.0,0.0,0.0,1.0,0.0,0.0,0.0,0.0,0.0,1.0,1.0,654,64,66,65.4,0.9660917830792958,65.4,0.0011492013931274,10,0.0,1.0
20.0,6,64.0,238.53771170535848,0.0,0.0,0.9,0.1,0.1,0.0,0.0,1,0,0,9,0,0.0419220924377441,0.0,1.0,0.0,0.0,0.0,0.0,0.0,1.0,0.0,0.0,0.0,0.0,0.0,1.0,1.0,636,54,66,63.6,3.5023801430836525,63.6,0.0048099994659423,10,0.9281847595750866,12.246913580246916
20.0,6,64.0,749.678987631372,0.0,0.0,0.7,0.3,0.3,0.0,0.0,3,0,0,7,0,0.0133390426635742,0.0,1.0,0.0,0.0,0.0,0.0,0.0,1.0,0.0,0.0,0.0,0.0,0.0,1.0,1.0,616,54,66,61.6,5.316640543300503,61.6,0.0015550851821899,10,0.9289238166917188,25.876543209876544
20.0,6,64.0,537.3454955416624,0.0,0.0,0.6,0.4,0.4,0.0,0.0,4,0,0,6,0,0.0186100006103515,0.0,1.0,0.0,0.0,0.0,0.0,0.0,1.0,0.0,0.0,0.0,0.0,0.0,1.0,1.0,624,54,66,62.4,5.796550698475776,62.4,0.0018639087677001,10,0.9291193128925312,36.0
20.0,6,64.0,484.77854831252887,0.0,0.0,0.6,0.4,0.4,0.0,0.0,4,0,0,6,0,0.0206279754638671,0.0,1.0,0.0,0.0,0.0,0.0,0.0,1.0,0.0,0.0,0.0,0.0,0.0,1.0,1.0,7300,54,1406,730.0,712.5665660912748,730.0,0.0020655870437622,10,1.0,456976.0
20.0,6,64.0,545.7922132000833,0.0,0.0,0.6,0.4,0.4,0.0,0.0,4,0,0,6,0,0.0183219909667968,0.0,1.0,0.0,0.0,0.0,0.0,0.0,1.0,0.0,0.0,0.0,0.0,0.0,1.0,1.0,8652,54,1406,865.2,698.1697978763236,865.2,0.0018345117568969,10,1.0,456976.0
20.0,6,64.0,348.8595929434662,0.0,0.0,0.6,0.4,0.4,0.0,0.0,4,0,0,6,0,0.0286648273468017,0.0,1.0,0.0,0.0,0.0,0.0,0.0,1.0,0.0,0.0,0.0,0.0,0.0,1.0,1.0,8652,54,1406,865.2,698.1697978763237,865.2,0.0033963918685913,10,1.0,456976.0
20.0,6,64.0,421.3179042108647,0.0,0.0,0.8,0.2,0.2,0.0,0.0,2,0,0,8,0,0.0237350463867187,0.0,1.0,0.0,0.0,0.0,0.0,0.0,1.0,0.0,0.0,0.0,0.0,0.0,1.0,1.0,4646,54,1406,464.6,649.6399344594237,464.6,0.0026278018951416,10,1.0,456976.0
20.0,6,64.0,265.62535227323104,0.0,0.0,1.0,0.0,0.0,0.0,0.0,0,0,0,10,0,0.037647008895874,0.0,1.0,0.0,0.0,0.0,0.0,0.0,1.0,0.0,0.0,0.0,0.0,0.0,1.0,1.0,650,64,66,65.0,1.0540925533894598,65.0,0.0041533946990966,10,0.9101461251425488,1.0
20.0,6,64.0,291.64782288233414,0.0,0.0,0.7,0.3,0.3,0.0,0.0,3,0,0,7,0,0.0342879295349121,0.0,1.0,0.0,0.0,0.0,0.0,0.0,1.0,0.0,0.0,0.0,0.0,0.0,1.0,1.0,4656,54,1406,465.6,648.9552629675895,465.6,0.0039415121078491,10,1.0,379028.64
20.0,6,64.0,2392.916476494752,0.0,0.0,0.8,0.2,0.2,0.0,0.0,2,0,0,8,0,0.0041790008544921,0.0,1.0,0.0,0.0,0.0,0.0,0.0,1.0,0.0,0.0,0.0,0.0,0.0,1.0,1.0,10004,54,1406,1000.4,653.078045361604,1000.4,0.0004215955734252,10,1.0,456976.0
20.0,6,64.0,666.8845994848475,0.0,0.0,0.5,0.5,0.5,0.0,0.0,5,0,0,5,0,0.0149950981140136,0.0,1.0,0.0,0.0,0.0,0.0,0.0,1.0,0.0,0.0,0.0,0.0,0.0,1.0,1.0,8652,54,1406,865.2,698.1697978763237,865.2,0.0015010118484497,10,1.0,456976.0
20.0,6,64.0,1137.5309177695813,0.0,0.0,0.6,0.4,0.4,0.0,0.0,4,0,0,6,0,0.0087909698486328,0.0,1.0,0.0,0.0,0.0,0.0,0.0,1.0,0.0,0.0,0.0,0.0,0.0,1.0,1.0,5960,54,1406,596.0,697.1465651735891,596.0,0.0008819818496704,10,1.0,456976.0
20.0,6,64.0,391.6689078141342,0.0,0.0,1.0,0.0,0.0,0.0,0.0,0,0,0,10,0,0.0255317687988281,0.0,1.0,0.0,0.0,0.0,0.0,0.0,1.0,0.0,0.0,0.0,0.0,0.0,1.0,1.0,662,66,68,66.2,0.6324555320336759,66.2,0.0029536962509155,10,0.0,0.36
20.0,6,64.0,216.88655390486437,0.0,0.0,0.9,0.1,0.1,0.0,0.0,1,0,0,9,0,0.0461070537567138,0.0,1.0,0.0,0.0,0.0,0.0,0.0,1.0,0.0,0.0,0.0,0.0,0.0,1.0,1.0,681,68,69,68.1,0.3162277660168379,68.1,0.0052135229110717,10,0.0,0.09
20.0,6,64.0,807.8864341159929,0.0,0.0,0.5,0.5,0.5,0.0,0.0,5,0,0,5,0,0.0123779773712158,0.0,1.0,0.0,0.0,0.0,0.0,0.0,1.0,0.0,0.0,0.0,0.0,0.0,1.0,1.0,615,54,69,61.5,7.905694150420948,61.5,0.0012429952621459,10,0.9299784935691154,56.25
20.0,6,64.0,280.5836037060575,0.0,0.0,0.5,0.5,0.5,0.0,0.0,5,0,0,5,0,0.035640001296997,0.0,1.0,0.0,0.0,0.0,0.0,0.0,1.0,0.0,0.0,0.0,0.0,0.0,1.0,1.0,617,54,71,61.7,8.138386408455506,61.7,0.0035676956176757,10,0.9300732830873484,59.61
20.0,6,64.0,983.470268242356,0.0,0.0,0.6,0.4,0.4,0.0,0.0,4,0,0,6,0,0.0101680755615234,0.0,1.0,0.0,0.0,0.0,0.0,0.0,1.0,0.0,0.0,0.0,0.0,0.0,1.0,1.0,625,54,71,62.5,8.959786703810408,62.5,0.0010211944580078,10,0.9304078887116642,72.25
20.0,6,64.0,693.1931842596724,0.0,0.0,0.5,0.5,0.5,0.0,0.0,5,0,0,5,0,0.0144259929656982,0.0,1.0,0.0,0.0,0.0,0.0,0.0,1.0,0.0,0.0,0.0,0.0,0.0,1.0,1.0,618,54,71,61.8,8.482662055955993,61.8,0.0015528917312622,10,0.9302135272151142,72.25
20.0,6,64.0,936.3330728875992,0.0,0.0,0.5,0.5,0.5,0.0,0.0,5,0,0,5,0,0.0106799602508544,0.0,1.0,0.0,0.0,0.0,0.0,0.0,1.0,0.0,0.0,0.0,0.0,0.0,1.0,1.0,600,54,64,60.0,5.163977794943222,60.0,0.0015539169311523,10,0.928861627994548,25.0
20.0,6,64.0,247.09003935245187,0.0,0.0,0.7,0.3,0.3,0.0,0.0,3,0,0,7,0,0.040471076965332,0.0,1.0,0.0,0.0,0.0,0.0,0.0,1.0,0.0,0.0,0.0,0.0,0.0,1.0,1.0,618,54,66,61.8,5.452828012447608,61.8,0.0040498971939086,10,0.9289792940191508,27.9375
20.0,6,64.0,1150.8901328064976,0.0,0.0,0.6,0.4,0.4,0.0,0.0,4,0,0,6,0,0.0086889266967773,0.0,1.0,0.0,0.0,0.0,0.0,0.0,1.0,0.0,0.0,0.0,0.0,0.0,1.0,1.0,600,54,66,60.0,6.324555320336759,60.0,0.0008724927902221,10,0.9293344008552924,36.0
20.0,6,64.0,394.96247469278217,0.0,0.0,1.0,0.0,0.0,0.0,0.0,0,0,0,10,0,0.0253188610076904,0.0,1.0,0.0,0.0,0.0,0.0,0.0,1.0,0.0,0.0,0.0,0.0,0.0,1.0,1.0,4692,66,514,469.2,141.67003917554342,469.2,0.0026598930358886,10,0.9640191771585492,50176.0
20.0,6,64.0,1197.1753960325389,0.0,0.0,1.0,0.0,0.0,0.0,0.0,0,0,0,10,0,0.0083529949188232,0.0,1.0,0.0,0.0,0.0,0.0,0.0,1.0,0.0,0.0,0.0,0.0,0.0,1.0,1.0,5158,514,516,515.8,0.6324555320336759,515.8,0.002613615989685,10,0.0,1.0
20.0,6,64.0,284.99721410613574,0.0,0.0,0.6,0.4,0.4,0.0,0.0,4,0,0,6,0,0.0350880622863769,0.0,1.0,0.0,0.0,0.0,0.0,0.0,1.0,0.0,0.0,0.0,0.0,0.0,1.0,1.0,1038,54,516,103.8,144.8599323484586,103.8,0.003700304031372,10,0.9857681720414682,51984.0
20.0,6,64.0,296.7108092812677,0.0,0.0,0.5,0.5,0.5,0.0,0.0,5,0,0,5,0,0.0337028503417968,0.0,1.0,0.0,0.0,0.0,0.0,0.0,1.0,0.0,0.0,0.0,0.0,0.0,1.0,1.0,572,54,62,57.2,3.425395354310701,57.2,0.0033739805221557,10,0.928153399051532,10.56
20.0,6,64.0,662.073842559707,0.0,0.0,0.6,0.4,0.4,0.0,0.0,4,0,0,6,0,0.015104055404663,0.0,1.0,0.0,0.0,0.0,0.0,0.0,1.0,0.0,0.0,0.0,0.0,0.0,1.0,1.0,580,54,62,58.0,4.216370213557839,58.0,0.0015133142471313,10,0.9284756105701948,16.0
20.0,6,64.0,1210.9316626728644,0.0,0.0,0.6,0.4,0.4,0.0,0.0,4,0,0,6,0,0.0082581043243408,0.0,1.0,0.0,0.0,0.0,0.0,0.0,1.0,0.0,0.0,0.0,0.0,0.0,1.0,1.0,594,54,65,59.4,4.788875998951459,59.4,0.0025954961776733,10,0.9287088265269328,20.64
20.0,6,64.0,598.9124971441627,0.0,0.0,1.0,0.0,0.0,0.0,0.0,0,0,0,10,0,0.0166969299316406,0.0,1.0,0.0,0.0,0.0,0.0,0.0,1.0,0.0,0.0,0.0,0.0,0.0,1.0,1.0,654,65,67,65.4,0.8432740427115678,65.4,0.0016722917556762,10,0.0,0.64
20.0,6,64.0,269.52736526215,0.0,0.0,0.9,0.1,0.1,0.0,0.0,1,0,0,9,0,0.0371019840240478,0.0,1.0,0.0,0.0,0.0,0.0,0.0,1.0,0.0,0.0,0.0,0.0,0.0,1.0,1.0,668,66,67,66.8,0.4216370213557839,66.8,0.0043382167816162,10,0.0,0.16
20.0,6,64.0,1528.1466098298538,0.0,0.0,0.5,0.5,0.5,0.0,0.0,5,0,0,5,0,0.0065438747406005,0.0,1.0,0.0,0.0,0.0,0.0,0.0,1.0,0.0,0.0,0.0,0.0,0.0,1.0,1.0,600,54,66,60.0,6.324555320336759,60.0,0.0006574869155883,10,0.9293344008552924,36.0
20.0,6,64.0,363.57130473978015,0.0,0.0,0.5,0.5,0.5,0.0,0.0,5,0,0,5,0,0.0275049209594726,0.0,1.0,0.0,0.0,0.0,0.0,0.0,1.0,0.0,0.0,0.0,0.0,0.0,1.0,1.0,604,54,68,60.4,6.785605679999719,60.4,0.0027534008026123,10,0.9295222143298046,41.44
20.0,6,64.0,245.22357343311504,0.0,0.0,0.6,0.4,0.4,0.0,0.0,4,0,0,6,0,0.0407791137695312,0.0,1.0,0.0,0.0,0.0,0.0,0.0,1.0,0.0,0.0,0.0,0.0,0.0,1.0,1.0,624,54,68,62.4,7.229568912920511,62.4,0.0040830135345458,10,0.9297030671923672,49.0
20.0,6,64.0,638.3635699500792,0.0,0.0,0.9,0.1,0.1,0.0,0.0,1,0,0,9,0,0.015665054321289,0.0,1.0,0.0,0.0,0.0,0.0,0.0,1.0,0.0,0.0,0.0,0.0,0.0,1.0,1.0,700,54,76,70.0,9.043106644167024,70.0,0.001570701599121,10,0.930441829922568,83.10204081632654
20.0,6,64.0,241.52250649253432,0.0,0.0,1.0,0.0,0.0,0.0,0.0,0,0,0,10,0,0.0414040088653564,0.0,1.0,0.0,0.0,0.0,0.0,0.0,1.0,0.0,0.0,0.0,0.0,0.0,1.0,1.0,772,76,78,77.2,1.0327955589886444,77.2,0.0044410943984985,10,0.8896878895989098,1.0
20.0,6,64.0,1184.2963632256608,0.0,0.0,0.7,0.3,0.3,0.0,0.0,3,0,0,7,0,0.0084438323974609,0.0,1.0,0.0,0.0,0.0,0.0,0.0,1.0,0.0,0.0,0.0,0.0,0.0,1.0,1.0,672,54,78,67.2,10.507140429250958,67.2,0.0010563850402832,10,0.9310382187252596,99.36
20.0,6,64.0,716.1303761375472,0.0,0.0,0.6,0.4,0.4,0.0,0.0,4,0,0,6,0,0.0139639377593994,0.0,1.0,0.0,0.0,0.0,0.0,0.0,1.0,0.0,0.0,0.0,0.0,0.0,1.0,1.0,624,54,66,62.4,5.796550698475776,62.4,0.0014584064483642,10,0.9291193128925312,36.0
20.0,6,64.0,359.40292368596937,0.0,0.0,0.6,0.4,0.4,0.0,0.0,4,0,0,6,0,0.0278239250183105,0.0,1.0,0.0,0.0,0.0,0.0,0.0,1.0,0.0,0.0,0.0,0.0,0.0,1.0,1.0,610,54,68,61.0,7.378647873726218,61.0,0.0027869939804077,10,0.9297637959978412,49.0
20.0,6,64.0,579.9726213028388,0.0,0.0,0.5,0.5,0.5,0.0,0.0,5,0,0,5,0,0.0172421932220459,0.0,1.0,0.0,0.0,0.0,0.0,0.0,1.0,0.0,0.0,0.0,0.0,0.0,1.0,1.0,610,54,68,61.0,7.378647873726218,61.0,0.0023825168609619,10,0.9297637959978412,49.0
20.0,6,64.0,333.3124597693842,0.0,0.0,0.5,0.5,0.5,0.0,0.0,5,0,0,5,0,0.0300018787384033,0.0,1.0,0.0,0.0,0.0,0.0,0.0,1.0,0.0,0.0,0.0,0.0,0.0,1.0,1.0,8652,54,1406,865.2,698.1697978763236,865.2,0.003218388557434,10,1.0,451334.3209876543
20.0,6,64.0,1062.9254941713127,0.0,0.0,0.5,0.5,0.5,0.0,0.0,5,0,0,5,0,0.0094079971313476,0.0,1.0,0.0,0.0,0.0,0.0,0.0,1.0,0.0,0.0,0.0,0.0,0.0,1.0,1.0,7300,54,1406,730.0,712.5665660912748,730.0,0.0009443044662475,10,1.0,456976.0
20.0,6,64.0,429.3879055292227,0.0,0.0,0.6,0.4,0.4,0.0,0.0,4,0,0,6,0,0.0232889652252197,0.0,1.0,0.0,0.0,0.0,0.0,0.0,1.0,0.0,0.0,0.0,0.0,0.0,1.0,1.0,7300,54,1406,730.0,712.5665660912748,730.0,0.0023319959640502,10,1.0,456976.0
20.0,6,64.0,1018.010242469843,0.0,0.0,0.6,0.4,0.4,0.0,0.0,4,0,0,6,0,0.0098230838775634,0.0,1.0,0.0,0.0,0.0,0.0,0.0,1.0,0.0,0.0,0.0,0.0,0.0,1.0,1.0,5972,54,1406,597.2,696.1195299659391,597.2,0.0014728069305419,10,1.0,456976.0
20.0,6,64.0,228.45041884987853,0.0,0.0,1.0,0.0,0.0,0.0,0.0,0,0,0,10,0,0.0437731742858886,0.0,1.0,0.0,0.0,0.0,0.0,0.0,1.0,0.0,0.0,0.0,0.0,0.0,1.0,1.0,664,66,68,66.4,0.8432740427115678,66.4,0.0054187059402465,10,0.0,0.64
20.0,6,64.0,249.45752570820224,0.0,0.0,1.0,0.0,0.0,0.0,0.0,0,0,0,10,0,0.0400869846343994,0.0,1.0,0.0,0.0,0.0,0.0,0.0,1.0,0.0,0.0,0.0,0.0,0.0,1.0,1.0,676,66,68,67.6,0.8432740427115678,67.6,0.0049230813980102,10,0.0,0.64
20.0,6,64.0,454.4651157751027,0.0,0.0,0.9,0.1,0.1,0.0,0.0,1,0,0,9,0,0.0220038890838623,0.0,1.0,0.0,0.0,0.0,0.0,0.0,1.0,0.0,0.0,0.0,0.0,0.0,1.0,1.0,649,54,67,64.9,3.842742076521227,64.9,0.0027903079986572,10,0.9283234094122916,27.0
20.0,6,64.0,437.2710592160133,0.0,0.0,0.9,0.1,0.1,0.0,0.0,1,0,0,9,0,0.0228691101074218,0.0,1.0,0.0,0.0,0.0,0.0,0.0,1.0,0.0,0.0,0.0,0.0,0.0,1.0,1.0,710,67,107,71.0,12.649110640673518,71.0,0.0023889064788818,10,0.9097570817105848,144.0
20.0,6,64.0,316.224281309137,0.0,0.0,0.8,0.2,0.2,0.0,0.0,2,0,0,8,0,0.0316231250762939,0.0,1.0,0.0,0.0,0.0,0.0,0.0,1.0,0.0,0.0,0.0,0.0,0.0,1.0,1.0,911,54,107,91.1,25.601432251601345,91.1,0.0031666994094848,10,0.9371870294420124,702.25
20.0,6,64.0,1369.0769029899466,0.0,0.0,0.5,0.5,0.5,0.0,0.0,5,0,0,5,0,0.0073041915893554,0.0,1.0,0.0,0.0,0.0,0.0,0.0,1.0,0.0,0.0,0.0,0.0,0.0,1.0,1.0,811,54,109,81.1,28.575241809028395,81.1,0.0007657051086425,10,0.9383984405033258,734.8900000000001
20.0,6,64.0,538.3593679805928,0.0,0.0,0.9,0.1,0.1,0.0,0.0,1,0,0,9,0,0.0185749530792236,0.0,1.0,0.0,0.0,0.0,0.0,0.0,1.0,0.0,0.0,0.0,0.0,0.0,1.0,1.0,3629,54,1406,362.9,550.0293830535076,362.9,0.0019183874130249,10,1.0,272279.09
20.0,6,64.0,248.58817602607795,0.0,0.0,1.0,0.0,0.0,0.0,0.0,0,0,0,10,0,0.0402271747589111,0.0,1.0,0.0,0.0,0.0,0.0,0.0,1.0,0.0,0.0,0.0,0.0,0.0,1.0,1.0,14060,1406,1406,1406.0,0.0,1406.0,0.0043641090393066,10,0.0,0.0
20.0,6,64.0,838.995039206273,0.0,0.0,0.9,0.1,0.1,0.0,0.0,1,0,0,9,0,0.0119190216064453,0.0,1.0,0.0,0.0,0.0,0.0,0.0,1.0,0.0,0.0,0.0,0.0,0.0,1.0,1.0,11366,54,1406,1136.6,567.9499586720256,1136.6,0.0011927843093872,10,1.0,290310.44
20.0,6,64.0,1016.1604806667312,0.0,0.0,0.5,0.5,0.5,0.0,0.0,5,0,0,5,0,0.009840965270996,0.0,1.0,0.0,0.0,0.0,0.0,0.0,1.0,0.0,0.0,0.0,0.0,0.0,1.0,1.0,590,54,64,59.0,5.270462766947299,59.0,0.0012827157974243,10,0.9289050057127436,25.0
20.0,6,64.0,598.4510458579459,0.0,0.0,0.5,0.5,0.5,0.0,0.0,5,0,0,5,0,0.0167098045349121,0.0,1.0,0.0,0.0,0.0,0.0,0.0,1.0,0.0,0.0,0.0,0.0,0.0,1.0,1.0,604,54,66,60.4,5.561774297230456,60.4,0.0019194841384887,10,0.9290236743777198,27.84
20.0,6,64.0,304.5817569186752,0.0,0.0,0.6,0.4,0.4,0.0,0.0,4,0,0,6,0,0.0328319072723388,0.0,1.0,0.0,0.0,0.0,0.0,0.0,1.0,0.0,0.0,0.0,0.0,0.0,1.0,1.0,600,54,66,60.0,6.324555320336759,60.0,0.0032860994338989,10,0.9293344008552924,36.0
20.0,6,64.0,600.1980481382902,0.0,0.0,0.8,0.2,0.2,0.0,0.0,2,0,0,8,0,0.0166611671447753,0.0,1.0,0.0,0.0,0.0,0.0,0.0,1.0,0.0,0.0,0.0,0.0,0.0,1.0,1.0,626,54,66,62.6,4.623610902506588,62.6,0.0016696214675903,10,0.9286415041372452,36.0
20.0,6,64.0,192.14190167298847,0.0,0.0,1.0,0.0,0.0,0.0,0.0,0,0,0,10,0,0.0520448684692382,0.0,1.0,0.0,0.0,0.0,0.0,0.0,1.0,0.0,0.0,0.0,0.0,0.0,1.0,1.0,650,64,66,65.0,1.0540925533894598,65.0,0.0056364774703979,10,0.9101461251425488,1.0
20.0,6,64.0,1887.200899887514,0.0,0.0,0.7,0.3,0.3,0.0,0.0,3,0,0,7,0,0.0052988529205322,0.0,1.0,0.0,0.0,0.0,0.0,0.0,1.0,0.0,0.0,0.0,0.0,0.0,1.0,1.0,1506,54,356,150.6,141.8200738024534,150.6,0.003911805152893,10,0.9845298552641676,18101.64
20.0,6,64.0,2304.6892686411343,0.0,0.0,0.6,0.4,0.4,0.0,0.0,4,0,0,6,0,0.0043389797210693,0.0,1.0,0.0,0.0,0.0,0.0,0.0,1.0,0.0,0.0,0.0,0.0,0.0,1.0,1.0,2352,54,356,235.2,155.95212940728533,235.2,0.0004379987716674,10,0.9902866894353518,22801.0
20.0,6,64.0,296.7905916983909,0.0,0.0,0.6,0.4,0.4,0.0,0.0,4,0,0,6,0,0.033693790435791,0.0,1.0,0.0,0.0,0.0,0.0,0.0,1.0,0.0,0.0,0.0,0.0,0.0,1.0,1.0,2362,54,358,236.2,156.81397330028412,236.2,0.0033725976943969,10,0.9906377701636038,23003.222222222223
20.0,6,64.0,401.364963014708,0.0,0.0,0.6,0.4,0.4,0.0,0.0,4,0,0,6,0,0.0249149799346923,0.0,1.0,0.0,0.0,0.0,0.0,0.0,1.0,0.0,0.0,0.0,0.0,0.0,1.0,1.0,2060,54,358,206.0,160.22206811519789,206.0,0.0024947166442871,10,0.9920260916674072,23104.0
20.0,6,64.0,348.44515335792374,0.0,0.0,1.0,0.0,0.0,0.0,0.0,0,0,0,10,0,0.0286989212036132,0.0,1.0,0.0,0.0,0.0,0.0,0.0,1.0,0.0,0.0,0.0,0.0,0.0,1.0,1.0,660,66,66,66.0,0.0,66.0,0.0029713869094848,10,0.0,0.0
20.0,6,64.0,250.01812112541725,0.0,0.0,1.0,0.0,0.0,0.0,0.0,0,0,0,10,0,0.0399971008300781,0.0,1.0,0.0,0.0,0.0,0.0,0.0,1.0,0.0,0.0,0.0,0.0,0.0,1.0,1.0,680,68,68,68.0,0.0,68.0,0.0043131113052368,10,0.0,0.0
20.0,6,64.0,567.0890457261837,0.0,0.0,0.6,0.4,0.4,0.0,0.0,4,0,0,6,0,0.0176339149475097,0.0,1.0,0.0,0.0,0.0,0.0,0.0,1.0,0.0,0.0,0.0,0.0,0.0,1.0,1.0,612,54,66,61.2,6.196773353931867,61.2,0.001765489578247,10,0.9292823475934576,35.55555555555556
20.0,6,64.0,198.99248969289815,0.0,0.0,0.5,0.5,0.5,0.0,0.0,5,0,0,5,0,0.05025315284729,0.0,1.0,0.0,0.0,0.0,0.0,0.0,1.0,0.0,0.0,0.0,0.0,0.0,1.0,1.0,616,54,68,61.6,6.586180818788516,61.6,0.0051514148712158,10,0.9294409766183416,39.04
20.0,6,64.0,2760.1368781258225,0.0,0.0,0.5,0.5,0.5,0.0,0.0,5,0,0,5,0,0.0036230087280273,0.0,1.0,0.0,0.0,0.0,0.0,0.0,1.0,0.0,0.0,0.0,0.0,0.0,1.0,1.0,610,54,68,61.0,7.378647873726218,61.0,0.0003670930862426,10,0.9297637959978412,49.0
20.0,6,64.0,843.8903867047603,0.0,0.0,0.7,0.3,0.3,0.0,0.0,3,0,0,7,0,0.0118498802185058,0.0,1.0,0.0,0.0,0.0,0.0,0.0,1.0,0.0,0.0,0.0,0.0,0.0,1.0,1.0,612,54,68,61.2,6.408327915038888,61.2,0.0011878967285156,10,0.9293685264594702,49.0
20.0,6,64.0,221.1206005778031,0.0,0.0,1.0,0.0,0.0,0.0,0.0,0,0,0,10,0,0.0452241897583007,0.0,1.0,0.0,0.0,0.0,0.0,0.0,1.0,0.0,0.0,0.0,0.0,0.0,1.0,1.0,646,64,66,64.6,0.966091783079296,64.6,0.0048273086547851,10,0.0,0.8400000000000001
20.0,6,64.0,289.98230088495575,0.0,0.0,0.8,0.2,0.2,0.0,0.0,2,0,0,8,0,0.03448486328125,0.0,1.0,0.0,0.0,0.0,0.0,0.0,1.0,0.0,0.0,0.0,0.0,0.0,1.0,1.0,648,54,66,64.8,3.794733192202055,64.8,0.0038659811019897,10,0.9283038525131756,14.22222222222222
20.0,6,64.0,312.1017345169619,0.0,0.0,0.6,0.4,0.4,0.0,0.0,4,0,0,6,0,0.0320408344268798,0.0,1.0,0.0,0.0,0.0,0.0,0.0,1.0,0.0,0.0,0.0,0.0,0.0,1.0,1.0,612,54,66,61.2,6.196773353931867,61.2,0.0032083988189697,10,0.9292823475934576,36.0
20.0,6,64.0,335.3886996433655,0.0,0.0,0.6,0.4,0.4,0.0,0.0,4,0,0,6,0,0.0298161506652832,0.0,1.0,0.0,0.0,0.0,0.0,0.0,1.0,0.0,0.0,0.0,0.0,0.0,1.0,1.0,616,54,67,61.6,6.552353266829661,61.6,0.0029857158660888,10,0.9294271966267758,39.333333333333336
20.0,6,64.0,527.0947797019127,0.0,0.0,0.6,0.4,0.4,0.0,0.0,4,0,0,6,0,0.0189719200134277,0.0,1.0,0.0,0.0,0.0,0.0,0.0,1.0,0.0,0.0,0.0,0.0,0.0,1.0,1.0,605,54,67,60.5,6.851601597031489,60.5,0.0018990993499755,10,0.9295490984265669,42.25
20.0,6,64.0,459.4936514718288,0.0,0.0,0.5,0.5,0.5,0.0,0.0,5,0,0,5,0,0.0217630863189697,0.0,1.0,0.0,0.0,0.0,0.0,0.0,1.0,0.0,0.0,0.0,0.0,0.0,1.0,1.0,603,54,67,60.3,5.49848463972878,60.3,0.0024132966995239,10,0.92899789270284,42.25
20.0,6,64.0,574.6802767691992,0.0,0.0,0.6,0.4,0.4,0.0,0.0,4,0,0,6,0,0.0174009799957275,0.0,1.0,0.0,0.0,0.0,0.0,0.0,1.0,0.0,0.0,0.0,0.0,0.0,1.0,1.0,590,54,64,59.0,5.270462766947299,59.0,0.0017446041107177,10,0.9289050057127436,25.0
20.0,6,64.0,384.73499789025664,0.0,0.0,0.5,0.5,0.5,0.0,0.0,5,0,0,5,0,0.0259919166564941,0.0,1.0,0.0,0.0,0.0,0.0,0.0,1.0,0.0,0.0,0.0,0.0,0.0,1.0,1.0,612,54,66,61.2,6.196773353931867,61.2,0.0026005983352661,10,0.9292823475934576,35.55555555555556
20.0,6,64.0,1135.8366506891975,0.0,0.0,0.5,0.5,0.5,0.0,0.0,5,0,0,5,0,0.0088040828704833,0.0,1.0,0.0,0.0,0.0,0.0,0.0,1.0,0.0,0.0,0.0,0.0,0.0,1.0,1.0,598,54,66,59.8,6.142746399887703,59.8,0.0008836030960083,10,0.9292603391734584,36.0
20.0,6,64.0,716.1792879706309,0.0,0.0,0.5,0.5,0.5,0.0,0.0,5,0,0,5,0,0.013962984085083,0.0,1.0,0.0,0.0,0.0,0.0,0.0,1.0,0.0,0.0,0.0,0.0,0.0,1.0,1.0,590,54,64,59.0,5.270462766947299,59.0,0.0013995885848999,10,0.9289050057127436,25.0
20.0,6,64.0,676.8172209581901,0.0,0.0,0.5,0.5,0.5,0.0,0.0,5,0,0,5,0,0.0147750377655029,0.0,1.0,0.0,0.0,0.0,0.0,0.0,1.0,0.0,0.0,0.0,0.0,0.0,1.0,1.0,592,54,66,59.2,5.513619500836088,59.2,0.0014803171157836,10,0.9290040580398606,27.360000000000003
20.0,6,64.0,238.56620386433312,0.0,0.0,0.5,0.5,0.5,0.0,0.0,5,0,0,5,0,0.041917085647583,0.0,1.0,0.0,0.0,0.0,0.0,0.0,1.0,0.0,0.0,0.0,0.0,0.0,1.0,1.0,600,54,66,60.0,6.324555320336759,60.0,0.004194688796997,10,0.9293344008552924,36.0
20.0,6,64.0,2449.8008293908065,0.0,0.0,0.7,0.3,0.3,0.0,0.0,3,0,0,7,0,0.0040819644927978,0.0,1.0,0.0,0.0,0.0,0.0,0.0,1.0,0.0,0.0,0.0,0.0,0.0,1.0,1.0,612,54,66,61.2,6.196773353931867,61.2,0.000412106513977,10,0.9292823475934576,36.0
20.0,6,64.0,292.96379079123824,0.0,0.0,1.0,0.0,0.0,0.0,0.0,0,0,0,10,0,0.0341339111328125,0.0,1.0,0.0,0.0,0.0,0.0,0.0,1.0,0.0,0.0,0.0,0.0,0.0,1.0,1.0,664,66,68,66.4,0.8432740427115678,66.4,0.0034149885177612,10,0.0,0.64
20.0,6,64.0,278.3417502272893,0.0,0.0,0.9,0.1,0.1,0.0,0.0,1,0,0,9,0,0.0359270572662353,0.0,1.0,0.0,0.0,0.0,0.0,0.0,1.0,0.0,0.0,0.0,0.0,0.0,1.0,1.0,662,54,68,66.2,4.467164151400255,66.2,0.0039112091064453,10,0.9285777739887144,17.96
20.0,6,64.0,788.5808829059187,0.0,0.0,0.5,0.5,0.5,0.0,0.0,5,0,0,5,0,0.0126810073852539,0.0,1.0,0.0,0.0,0.0,0.0,0.0,1.0,0.0,0.0,0.0,0.0,0.0,1.0,1.0,600,54,64,60.0,5.163977794943222,60.0,0.0016754865646362,10,0.928861627994548,25.0
20.0,6,64.0,561.3887810688902,0.0,0.0,0.5,0.5,0.5,0.0,0.0,5,0,0,5,0,0.017812967300415,0.0,1.0,0.0,0.0,0.0,0.0,0.0,1.0,0.0,0.0,0.0,0.0,0.0,1.0,1.0,594,54,66,59.4,5.738757124441959,59.4,0.0017851114273071,10,0.9290957701022128,29.64
20.0,6,64.0,529.690846635684,0.0,0.0,0.5,0.5,0.5,0.0,0.0,5,0,0,5,0,0.0188789367675781,0.0,1.0,0.0,0.0,0.0,0.0,0.0,1.0,0.0,0.0,0.0,0.0,0.0,1.0,1.0,600,54,66,60.0,6.324555320336759,60.0,0.0018908977508544,10,0.9293344008552924,36.0
20.0,6,64.0,577.6959947110352,0.0,0.0,0.7,0.3,0.3,0.0,0.0,3,0,0,7,0,0.0173101425170898,0.0,1.0,0.0,0.0,0.0,0.0,0.0,1.0,0.0,0.0,0.0,0.0,0.0,1.0,1.0,612,54,66,61.2,6.196773353931867,61.2,0.001734709739685,10,0.9292823475934576,36.0
20.0,6,64.0,397.6133552001669,0.0,0.0,0.9,0.1,0.1,0.0,0.0,1,0,0,9,0,0.0251500606536865,0.0,1.0,0.0,0.0,0.0,0.0,0.0,1.0,0.0,0.0,0.0,0.0,0.0,1.0,1.0,652,54,68,65.2,4.022160834399561,65.2,0.0028977870941162,10,0.928396497437501,14.56
20.0,6,64.0,375.2620560078733,0.0,0.0,0.9,0.1,0.1,0.0,0.0,1,0,0,9,0,0.0266480445861816,0.0,1.0,0.0,0.0,0.0,0.0,0.0,1.0,0.0,0.0,0.0,0.0,0.0,1.0,1.0,664,54,68,66.4,4.402019738458447,66.4,0.0029262065887451,10,0.9285512367606584,17.44
20.0,6,64.0,543.8883774005732,0.0,0.0,0.5,0.5,0.5,0.0,0.0,5,0,0,5,0,0.0183861255645751,0.0,1.0,0.0,0.0,0.0,0.0,0.0,1.0,0.0,0.0,0.0,0.0,0.0,1.0,1.0,612,54,66,61.2,6.196773353931867,61.2,0.002329397201538,10,0.9292823475934576,36.0
20.0,6,64.0,514.222102346566,0.0,0.0,0.6,0.4,0.4,0.0,0.0,4,0,0,6,0,0.019446849822998,0.0,1.0,0.0,0.0,0.0,0.0,0.0,1.0,0.0,0.0,0.0,0.0,0.0,1.0,1.0,604,54,68,60.4,6.785605679999719,60.4,0.0019476890563964,10,0.9295222143298046,41.44
20.0,6,64.0,326.9902549310049,0.0,0.0,0.5,0.5,0.5,0.0,0.0,5,0,0,5,0,0.0305819511413574,0.0,1.0,0.0,0.0,0.0,0.0,0.0,1.0,0.0,0.0,0.0,0.0,0.0,1.0,1.0,610,54,68,61.0,7.378647873726218,61.0,0.0034763097763061,10,0.9297637959978412,49.0
20.0,6,64.0,1868.7863126002492,0.0,0.0,0.5,0.5,0.5,0.0,0.0,5,0,0,5,0,0.0053510665893554,0.0,1.0,0.0,0.0,0.0,0.0,0.0,1.0,0.0,0.0,0.0,0.0,0.0,1.0,1.0,602,54,68,60.2,6.696599468718766,60.2,0.0006294012069702,10,0.9294859567595772,49.0
20.0,6,64.0,880.5828137137579,0.0,0.0,0.5,0.5,0.5,0.0,0.0,5,0,0,5,0,0.0113561153411865,0.0,1.0,0.0,0.0,0.0,0.0,0.0,1.0,0.0,0.0,0.0,0.0,0.0,1.0,1.0,590,54,64,59.0,5.270462766947299,59.0,0.0015336036682128,10,0.9289050057127436,25.0
20.0,6,64.0,591.2966983393013,0.0,0.0,0.5,0.5,0.5,0.0,0.0,5,0,0,5,0,0.0169119834899902,0.0,1.0,0.0,0.0,0.0,0.0,0.0,1.0,0.0,0.0,0.0,0.0,0.0,1.0,1.0,594,54,66,59.4,5.738757124441959,59.4,0.0018368005752563,10,0.9290957701022128,29.64
20.0,6,64.0,438.2717004002048,0.0,0.0,0.6,0.4,0.4,0.0,0.0,4,0,0,6,0,0.0228168964385986,0.0,1.0,0.0,0.0,0.0,0.0,0.0,1.0,0.0,0.0,0.0,0.0,0.0,1.0,1.0,612,54,66,61.2,6.196773353931867,61.2,0.0027243852615356,10,0.9292823475934576,36.0
20.0,6,64.0,762.2403954494239,0.0,0.0,0.5,0.5,0.5,0.0,0.0,5,0,0,5,0,0.0131192207336425,0.0,1.0,0.0,0.0,0.0,0.0,0.0,1.0,0.0,0.0,0.0,0.0,0.0,1.0,1.0,1893,54,497,189.3,212.3869895575841,189.3,0.0014061212539672,10,1.0,42848.22222222222
20.0,6,64.0,674.4880598215003,0.0,0.0,0.5,0.5,0.5,0.0,0.0,5,0,0,5,0,0.0148260593414306,0.0,1.0,0.0,0.0,0.0,0.0,0.0,1.0,0.0,0.0,0.0,0.0,0.0,1.0,1.0,3198,54,497,319.8,228.76421631598475,319.8,0.0014848947525024,10,1.0,49062.25
20.0,6,64.0,376.4915398770253,0.0,0.0,0.5,0.5,0.5,0.0,0.0,5,0,0,5,0,0.0265610218048095,0.0,1.0,0.0,0.0,0.0,0.0,0.0,1.0,0.0,0.0,0.0,0.0,0.0,1.0,1.0,2763,54,499,276.3,234.32553329834877,276.3,0.0026597023010253,10,1.0,49417.61
20.0,6,64.0,874.5968263235816,0.0,0.0,0.6,0.4,0.4,0.0,0.0,4,0,0,6,0,0.0114338397979736,0.0,1.0,0.0,0.0,0.0,0.0,0.0,1.0,0.0,0.0,0.0,0.0,0.0,1.0,1.0,3210,54,499,321.0,229.7970118749734,321.0,0.0011448860168457,10,1.0,49506.25
20.0,6,64.0,555.22073521041,0.0,0.0,0.5,0.5,0.5,0.0,0.0,5,0,0,5,0,0.0180108547210693,0.0,1.0,0.0,0.0,0.0,0.0,0.0,1.0,0.0,0.0,0.0,0.0,0.0,1.0,1.0,600,54,66,60.0,6.324555320336759,60.0,0.0018043994903564,10,0.9293344008552924,36.0
20.0,6,64.0,248.9969604863222,0.0,0.0,0.8,0.2,0.2,0.0,0.0,2,0,0,8,0,0.0401611328125,0.0,1.0,0.0,0.0,0.0,0.0,0.0,1.0,0.0,0.0,0.0,0.0,0.0,1.0,1.0,628,54,68,62.8,6.124631508189787,62.8,0.004019808769226,10,0.9292529598911762,36.0
20.0,6,64.0,522.6286540234755,0.0,0.0,0.6,0.4,0.4,0.0,0.0,4,0,0,6,0,0.0191340446472167,0.0,1.0,0.0,0.0,0.0,0.0,0.0,1.0,0.0,0.0,0.0,0.0,0.0,1.0,1.0,624,54,68,62.4,7.229568912920511,62.4,0.0019155979156494,10,0.9297030671923672,49.0
20.0,6,64.0,495.1017517352094,0.0,0.0,0.6,0.4,0.4,0.0,0.0,4,0,0,6,0,0.0201978683471679,0.0,1.0,0.0,0.0,0.0,0.0,0.0,1.0,0.0,0.0,0.0,0.0,0.0,1.0,1.0,616,54,68,61.6,6.586180818788518,61.6,0.0030231952667236,10,0.9294409766183416,49.0
20.0,6,64.0,863.5585752522132,0.0,0.0,0.7,0.3,0.3,0.0,0.0,3,0,0,7,0,0.0115799903869628,0.0,1.0,0.0,0.0,0.0,0.0,0.0,1.0,0.0,0.0,0.0,0.0,0.0,1.0,1.0,625,54,67,62.5,5.873670062235365,62.5,0.0015645027160644,10,0.9291507282365522,32.0
20.0,6,64.0,496.6729821902236,0.0,0.0,0.7,0.3,0.3,0.0,0.0,3,0,0,7,0,0.0201339721679687,0.0,1.0,0.0,0.0,0.0,0.0,0.0,1.0,0.0,0.0,0.0,0.0,0.0,1.0,1.0,644,54,67,64.4,5.481281277625191,64.4,0.0023624897003173,10,0.9289908847412534,37.55555555555556
20.0,6,64.0,339.950072945372,0.0,0.0,0.9,0.1,0.1,0.0,0.0,1,0,0,9,0,0.0294160842895507,0.0,1.0,0.0,0.0,0.0,0.0,0.0,1.0,0.0,0.0,0.0,0.0,0.0,1.0,1.0,623,54,67,62.3,4.47337804249888,62.3,0.0029447078704833,10,0.9285803052793924,42.25
20.0,6,64.0,122.8851602166888,0.0,0.0,1.0,0.0,0.0,0.0,0.0,0,0,0,10,0,0.0813767910003662,0.0,1.0,0.0,0.0,0.0,0.0,0.0,1.0,0.0,0.0,0.0,0.0,0.0,1.0,1.0,654,64,66,65.4,0.9660917830792958,65.4,0.0086823940277099,10,0.0,1.0
20.0,6,64.0,4809.981651376147,0.0,0.0,0.6,0.4,0.4,0.0,0.0,4,0,0,6,0,0.0020790100097656,0.0,1.0,0.0,0.0,0.0,0.0,0.0,1.0,0.0,0.0,0.0,0.0,0.0,1.0,1.0,5984,54,1406,598.4,695.0886753980867,598.4,0.0002106189727783,10,1.0,434833.44
20.0,6,64.0,1177.150234346496,0.0,0.0,0.6,0.4,0.4,0.0,0.0,4,0,0,6,0,0.0084950923919677,0.0,1.0,0.0,0.0,0.0,0.0,0.0,1.0,0.0,0.0,0.0,0.0,0.0,1.0,1.0,7300,54,1406,730.0,712.5665660912748,730.0,0.0008514881134033,10,1.0,456976.0
20.0,6,64.0,1997.9536035821463,0.0,0.0,0.5,0.5,0.5,0.0,0.0,5,0,0,5,0,0.0050051212310791,0.0,1.0,0.0,0.0,0.0,0.0,0.0,1.0,0.0,0.0,0.0,0.0,0.0,1.0,1.0,7300,54,1406,730.0,712.5665660912748,730.0,0.0008438110351562,10,1.0,456976.0
20.0,6,64.0,591.0550568606175,0.0,0.0,0.5,0.5,0.5,0.0,0.0,5,0,0,5,0,0.0169188976287841,0.0,1.0,0.0,0.0,0.0,0.0,0.0,1.0,0.0,0.0,0.0,0.0,0.0,1.0,1.0,7300,54,1406,730.0,712.5665660912748,730.0,0.0021727800369262,10,1.0,456976.0
20.0,6,64.0,321.2549019607843,0.0,0.0,0.5,0.5,0.5,0.0,0.0,5,0,0,5,0,0.0311279296875,0.0,1.0,0.0,0.0,0.0,0.0,0.0,1.0,0.0,0.0,0.0,0.0,0.0,1.0,1.0,1932,54,1406,193.2,426.1634532534304,193.2,0.0036189079284667,10,1.0,456976.0
20.0,6,64.0,1045.3615133464596,0.0,0.0,0.5,0.5,0.5,0.0,0.0,5,0,0,5,0,0.0095660686492919,0.0,1.0,0.0,0.0,0.0,0.0,0.0,1.0,0.0,0.0,0.0,0.0,0.0,1.0,1.0,590,54,64,59.0,5.270462766947299,59.0,0.0009590148925781,10,0.9289050057127436,25.0
20.0,6,64.0,412.5409658699715,0.0,0.0,0.5,0.5,0.5,0.0,0.0,5,0,0,5,0,0.0242400169372558,0.0,1.0,0.0,0.0,0.0,0.0,0.0,1.0,0.0,0.0,0.0,0.0,0.0,1.0,1.0,598,54,66,59.8,6.142746399887703,59.8,0.0027275800704956,10,0.9292603391734584,33.959999999999994
20.0,6,64.0,222.18770692842727,0.0,0.0,0.5,0.5,0.5,0.0,0.0,5,0,0,5,0,0.0450069904327392,0.0,1.0,0.0,0.0,0.0,0.0,0.0,1.0,0.0,0.0,0.0,0.0,0.0,1.0,1.0,600,54,66,60.0,6.324555320336759,60.0,0.0045037984848022,10,0.9293344008552924,36.0
20.0,6,64.0,643.6239200822503,0.0,0.0,0.6,0.4,0.4,0.0,0.0,4,0,0,6,0,0.0155370235443115,0.0,1.0,0.0,0.0,0.0,0.0,0.0,1.0,0.0,0.0,0.0,0.0,0.0,1.0,1.0,657,54,75,65.7,10.435516278555651,65.7,0.0018786191940307,10,0.9310090419112323,98.22222222222224
20.0,6,64.0,242.72452127013156,0.0,0.0,0.8,0.2,0.2,0.0,0.0,2,0,0,8,0,0.0411989688873291,0.0,1.0,0.0,0.0,0.0,0.0,0.0,1.0,0.0,0.0,0.0,0.0,0.0,1.0,1.0,737,54,77,73.7,6.992853494818836,73.7,0.0044114828109741,10,0.9296066387996494,56.20408163265306
20.0,6,64.0,295.68378086865795,0.0,0.0,0.8,0.2,0.2,0.0,0.0,2,0,0,8,0,0.0338199138641357,0.0,1.0,0.0,0.0,0.0,0.0,0.0,1.0,0.0,0.0,0.0,0.0,0.0,1.0,1.0,688,54,77,68.8,10.972693379476162,68.8,0.0033884048461914,10,0.9312278663750634,132.25
20.0,6,64.0,902.6997245179064,0.0,0.0,1.0,0.0,0.0,0.0,0.0,0,0,0,10,0,0.011077880859375,0.0,1.0,0.0,0.0,0.0,0.0,0.0,1.0,0.0,0.0,0.0,0.0,0.0,1.0,1.0,642,64,66,64.2,0.6324555320336759,64.2,0.0011091947555541,10,0.0,0.36
20.0,6,64.0,253.42154712489503,0.0,0.0,0.9,0.1,0.1,0.0,0.0,1,0,0,9,0,0.0394599437713623,0.0,1.0,0.0,0.0,0.0,0.0,0.0,1.0,0.0,0.0,0.0,0.0,0.0,1.0,1.0,660,66,66,66.0,0.0,66.0,0.0040693998336791,10,0.0,0.0
20.0,6,64.0,252.53200072249984,0.0,0.0,0.5,0.5,0.5,0.0,0.0,5,0,0,5,0,0.0395989418029785,0.0,1.0,0.0,0.0,0.0,0.0,0.0,1.0,0.0,0.0,0.0,0.0,0.0,1.0,1.0,600,54,66,60.0,6.324555320336759,60.0,0.0039654970169067,10,0.9293344008552924,36.0
20.0,6,64.0,636.3394171104335,0.0,0.0,0.5,0.5,0.5,0.0,0.0,5,0,0,5,0,0.0157148838043212,0.0,1.0,0.0,0.0,0.0,0.0,0.0,1.0,0.0,0.0,0.0,0.0,0.0,1.0,1.0,602,54,68,60.2,6.562519841239848,60.2,0.0015753030776977,10,0.9294313380825274,38.76
20.0,6,64.0,631.1589972010714,0.0,0.0,0.5,0.5,0.5,0.0,0.0,5,0,0,5,0,0.0158438682556152,0.0,1.0,0.0,0.0,0.0,0.0,0.0,1.0,0.0,0.0,0.0,0.0,0.0,1.0,1.0,610,54,68,61.0,7.378647873726218,61.0,0.0015887975692749,10,0.9297637959978412,49.0
20.0,6,64.0,318.6652585833568,0.0,0.0,0.6,0.4,0.4,0.0,0.0,4,0,0,6,0,0.0313808917999267,0.0,1.0,0.0,0.0,0.0,0.0,0.0,1.0,0.0,0.0,0.0,0.0,0.0,1.0,1.0,608,54,68,60.8,7.192588778272627,60.8,0.0031419992446899,10,0.9296880029647172,49.0
20.0,6,64.0,353.83026826387714,0.0,0.0,0.5,0.5,0.5,0.0,0.0,5,0,0,5,0,0.0282621383666992,0.0,1.0,0.0,0.0,0.0,0.0,0.0,1.0,0.0,0.0,0.0,0.0,0.0,1.0,1.0,600,54,66,60.0,6.324555320336759,60.0,0.0031745195388793,10,0.9293344008552924,36.0
20.0,6,64.0,193.4945517285921,0.0,0.0,0.5,0.5,0.5,0.0,0.0,5,0,0,5,0,0.0516810417175293,0.0,1.0,0.0,0.0,0.0,0.0,0.0,1.0,0.0,0.0,0.0,0.0,0.0,1.0,1.0,616,54,68,61.6,6.586180818788516,61.6,0.0059736013412475,10,0.9294409766183416,39.04
20.0,6,64.0,1046.1176235845762,0.0,0.0,0.6,0.4,0.4,0.0,0.0,4,0,0,6,0,0.009559154510498,0.0,1.0,0.0,0.0,0.0,0.0,0.0,1.0,0.0,0.0,0.0,0.0,0.0,1.0,1.0,624,54,68,62.4,7.229568912920511,62.4,0.0009588003158569,10,0.9297030671923672,49.0
20.0,6,64.0,617.972654408298,0.0,0.0,0.6,0.4,0.4,0.0,0.0,4,0,0,6,0,0.0161819458007812,0.0,1.0,0.0,0.0,0.0,0.0,0.0,1.0,0.0,0.0,0.0,0.0,0.0,1.0,1.0,2341,54,645,234.1,283.60279343554504,234.1,0.0016210794448852,10,1.0,76426.0987654321
20.0,6,64.0,1454.3356449375867,0.0,0.0,0.6,0.4,0.4,0.0,0.0,4,0,0,6,0,0.006875991821289,0.0,1.0,0.0,0.0,0.0,0.0,0.0,1.0,0.0,0.0,0.0,0.0,0.0,1.0,1.0,4086,54,645,408.6,305.19108768114444,408.6,0.0020498991012573,10,1.0,87320.25
20.0,6,64.0,1399.5475324501986,0.0,0.0,0.5,0.5,0.5,0.0,0.0,5,0,0,5,0,0.0071451663970947,0.0,1.0,0.0,0.0,0.0,0.0,0.0,1.0,0.0,0.0,0.0,0.0,0.0,1.0,1.0,3503,54,647,350.3,312.3281927716421,350.3,0.0010902166366577,10,1.0,87794.01
20.0,6,64.0,1213.138196332504,0.0,0.0,0.5,0.5,0.5,0.0,0.0,5,0,0,5,0,0.0082430839538574,0.0,1.0,0.0,0.0,0.0,0.0,0.0,1.0,0.0,0.0,0.0,0.0,0.0,1.0,1.0,4098,54,647,409.8,306.2238832401331,409.8,0.000918698310852,10,1.0,87912.25
20.0,6,64.0,933.623594880356,0.0,0.0,0.6,0.4,0.4,0.0,0.0,4,0,0,6,0,0.0107109546661376,0.0,1.0,0.0,0.0,0.0,0.0,0.0,1.0,0.0,0.0,0.0,0.0,0.0,1.0,1.0,612,54,66,61.2,6.196773353931867,61.2,0.0010731935501098,10,0.9292823475934576,36.0
20.0,6,64.0,359.58163300298344,0.0,0.0,0.8,0.2,0.2,0.0,0.0,2,0,0,8,0,0.0278100967407226,0.0,1.0,0.0,0.0,0.0,0.0,0.0,1.0,0.0,0.0,0.0,0.0,0.0,1.0,1.0,630,54,68,63.0,6.27162924074226,63.0,0.0027831077575683,10,0.9293128408875088,36.24691358024691
20.0,6,64.0,240.92318473459588,0.0,0.0,0.5,0.5,0.5,0.0,0.0,5,0,0,5,0,0.0415070056915283,0.0,1.0,0.0,0.0,0.0,0.0,0.0,1.0,0.0,0.0,0.0,0.0,0.0,1.0,1.0,624,54,68,62.4,7.229568912920511,62.4,0.0047302961349487,10,0.9297030671923672,49.0
20.0,6,64.0,582.8822368603908,0.0,0.0,0.8,0.2,0.2,0.0,0.0,2,0,0,8,0,0.0171561241149902,0.0,1.0,0.0,0.0,0.0,0.0,0.0,1.0,0.0,0.0,0.0,0.0,0.0,1.0,1.0,614,54,68,61.4,5.25357021462548,61.4,0.0017184019088745,10,0.92889812436263,49.0
20.0,6,64.0,267.22290534470784,0.0,0.0,0.9,0.1,0.1,0.0,0.0,1,0,0,9,0,0.0374219417572021,0.0,1.0,0.0,0.0,0.0,0.0,0.0,1.0,0.0,0.0,0.0,0.0,0.0,1.0,1.0,640,54,66,64.0,3.651483716701108,64.0,0.0041895866394042,10,0.9282454984068352,13.75
20.0,6,64.0,611.0582750582751,0.0,0.0,0.9,0.1,0.1,0.0,0.0,1,0,0,9,0,0.0163650512695312,0.0,1.0,0.0,0.0,0.0,0.0,0.0,1.0,0.0,0.0,0.0,0.0,0.0,1.0,1.0,648,54,66,64.8,3.794733192202056,64.8,0.0020862102508544,10,0.9283038525131756,23.04
20.0,6,64.0,249.19667524195992,0.0,0.0,1.0,0.0,0.0,0.0,0.0,0,0,0,10,0,0.0401289463043212,0.0,1.0,0.0,0.0,0.0,0.0,0.0,1.0,0.0,0.0,0.0,0.0,0.0,1.0,1.0,660,66,66,66.0,0.0,66.0,0.0042139053344726,10,0.0,0.0
20.0,6,64.0,172.7024701168972,0.0,0.0,1.0,0.0,0.0,0.0,0.0,0,0,0,10,0,0.0579030513763427,0.0,1.0,0.0,0.0,0.0,0.0,0.0,1.0,0.0,0.0,0.0,0.0,0.0,1.0,1.0,652,64,66,65.2,1.0327955589886444,65.2,0.0063411951065063,10,0.9101374495989096,0.96
20.0,6,64.0,539.9255950465352,0.0,0.0,0.8,0.2,0.2,0.0,0.0,2,0,0,8,0,0.0185210704803466,0.0,1.0,0.0,0.0,0.0,0.0,0.0,1.0,0.0,0.0,0.0,0.0,0.0,1.0,1.0,636,54,66,63.6,3.5023801430836525,63.6,0.0018541097640991,10,0.9281847595750866,16.0
20.0,6,64.0,326.63629496374864,0.0,0.0,0.8,0.2,0.2,0.0,0.0,2,0,0,8,0,0.0306150913238525,0.0,1.0,0.0,0.0,0.0,0.0,0.0,1.0,0.0,0.0,0.0,0.0,0.0,1.0,1.0,624,54,66,62.4,5.796550698475775,62.4,0.0030663013458251,10,0.9291193128925312,36.0
20.0,6,64.0,246.1966143081872,0.0,0.0,1.0,0.0,0.0,0.0,0.0,0,0,0,10,0,0.0406179428100585,0.0,1.0,0.0,0.0,0.0,0.0,0.0,1.0,0.0,0.0,0.0,0.0,0.0,1.0,1.0,5000,500,500,500.0,0.0,500.0,0.0043067932128906,10,0.0,0.0
20.0,6,64.0,397.25183031359217,0.0,0.0,1.0,0.0,0.0,0.0,0.0,0,0,0,10,0,0.0251729488372802,0.0,1.0,0.0,0.0,0.0,0.0,0.0,1.0,0.0,0.0,0.0,0.0,0.0,1.0,1.0,5020,502,502,502.0,0.0,502.0,0.0025207996368408,10,0.0,0.0
20.0,6,64.0,678.3277537884301,0.0,0.0,0.7,0.3,0.3,0.0,0.0,3,0,0,7,0,0.0147421360015869,0.0,1.0,0.0,0.0,0.0,0.0,0.0,1.0,0.0,0.0,0.0,0.0,0.0,1.0,1.0,2640,54,354,264.0,144.9137674618944,264.0,0.0014750003814697,10,0.9857901023132772,22500.0
20.0,6,64.0,371.12479648899273,0.0,0.0,0.8,0.2,0.2,0.0,0.0,2,0,0,8,0,0.0269451141357421,0.0,1.0,0.0,0.0,0.0,0.0,0.0,1.0,0.0,0.0,0.0,0.0,0.0,1.0,1.0,2950,54,356,295.0,127.02143301208834,295.0,0.0029886007308959,10,0.9785014809518044,14521.0
20.0,6,64.0,334.2900636810686,0.0,0.0,0.6,0.4,0.4,0.0,0.0,4,0,0,6,0,0.0299141407012939,0.0,1.0,0.0,0.0,0.0,0.0,0.0,1.0,0.0,0.0,0.0,0.0,0.0,1.0,1.0,2074,54,356,207.4,156.69942919842148,207.4,0.0038589000701904,10,0.990591109478269,22801.0
20.0,6,64.0,937.2955820241792,0.0,0.0,0.5,0.5,0.5,0.0,0.0,5,0,0,5,0,0.0106689929962158,0.0,1.0,0.0,0.0,0.0,0.0,0.0,1.0,0.0,0.0,0.0,0.0,0.0,1.0,1.0,600,54,66,60.0,6.324555320336759,60.0,0.0010699033737182,10,0.9293344008552924,36.0
20.0,6,64.0,458.3387789446077,0.0,0.0,0.6,0.4,0.4,0.0,0.0,4,0,0,6,0,0.021817922592163,0.0,1.0,0.0,0.0,0.0,0.0,0.0,1.0,0.0,0.0,0.0,0.0,0.0,1.0,1.0,602,54,67,60.2,6.545566777937908,60.2,0.0021845817565917,10,0.9294244320826608,38.56
20.0,6,64.0,616.1751138533862,0.0,0.0,0.5,0.5,0.5,0.0,0.0,5,0,0,5,0,0.0162291526794433,0.0,1.0,0.0,0.0,0.0,0.0,0.0,1.0,0.0,0.0,0.0,0.0,0.0,1.0,1.0,618,54,67,61.8,6.713171133426189,61.8,0.0017207145690917,10,0.9294927073929125,42.25
20.0,6,64.0,277.25253005995467,0.0,0.0,0.6,0.4,0.4,0.0,0.0,4,0,0,6,0,0.0360682010650634,0.0,1.0,0.0,0.0,0.0,0.0,0.0,1.0,0.0,0.0,0.0,0.0,0.0,1.0,1.0,608,54,68,60.8,7.177124153246278,60.8,0.0036102056503295,10,0.9296817032950664,46.36
20.0,6,64.0,2496.312343768599,0.0,0.0,0.6,0.4,0.4,0.0,0.0,4,0,0,6,0,0.0040059089660644,0.0,1.0,0.0,0.0,0.0,0.0,0.0,1.0,0.0,0.0,0.0,0.0,0.0,1.0,1.0,624,54,68,62.4,7.229568912920511,62.4,0.0004772901535034,10,0.9297030671923672,49.0
20.0,6,64.0,1693.5050672265515,0.0,0.0,0.5,0.5,0.5,0.0,0.0,5,0,0,5,0,0.0059049129486083,0.0,1.0,0.0,0.0,0.0,0.0,0.0,1.0,0.0,0.0,0.0,0.0,0.0,1.0,1.0,618,54,70,61.8,8.243515970479804,61.8,0.0007998943328857,10,0.9301161086657348,61.16
20.0,6,64.0,692.2321796966546,0.0,0.0,0.5,0.5,0.5,0.0,0.0,5,0,0,5,0,0.0144460201263427,0.0,1.0,0.0,0.0,0.0,0.0,0.0,1.0,0.0,0.0,0.0,0.0,0.0,1.0,1.0,636,54,70,63.6,8.262364471909157,63.6,0.0015798091888427,10,0.9301237867912768,64.0
20.0,6,64.0,212.8515678523037,0.0,0.0,0.8,0.2,0.2,0.0,0.0,2,0,0,8,0,0.0469810962677001,0.0,1.0,0.0,0.0,0.0,0.0,0.0,1.0,0.0,0.0,0.0,0.0,0.0,1.0,1.0,624,54,66,62.4,5.796550698475776,62.4,0.0046998977661132,10,0.9291193128925312,36.0
20.0,6,64.0,370.6983896911955,0.0,0.0,0.7,0.3,0.3,0.0,0.0,3,0,0,7,0,0.0269761085510253,0.0,1.0,0.0,0.0,0.0,0.0,0.0,1.0,0.0,0.0,0.0,0.0,0.0,1.0,1.0,628,54,67,62.8,6.0882400303098,62.8,0.0028177976608276,10,0.929238135458747,34.888888888888886
20.0,6,64.0,877.5796125036616,0.0,0.0,0.6,0.4,0.4,0.0,0.0,4,0,0,6,0,0.01139497756958,0.0,1.0,0.0,0.0,0.0,0.0,0.0,1.0,0.0,0.0,0.0,0.0,0.0,1.0,1.0,618,54,67,61.8,6.713171133426189,61.8,0.0012487888336181,10,0.9294927073929125,42.25
20.0,6,64.0,164.78817571416783,0.0,0.0,1.0,0.0,0.0,0.0,0.0,0,0,0,10,0,0.0606839656829834,0.0,1.0,0.0,0.0,0.0,0.0,0.0,1.0,0.0,0.0,0.0,0.0,0.0,1.0,1.0,640,64,64,64.0,0.0,64.0,0.0065504074096679,10,0.0,0.0
20.0,6,64.0,3629.860666378191,0.0,0.0,1.0,0.0,0.0,0.0,0.0,0,0,0,10,0,0.0027549266815185,0.0,1.0,0.0,0.0,0.0,0.0,0.0,1.0,0.0,0.0,0.0,0.0,0.0,1.0,1.0,660,66,66,66.0,0.0,66.0,0.0011965990066528,10,0.0,0.0
20.0,6,64.0,399.252194109696,0.0,0.0,1.0,0.0,0.0,0.0,0.0,0,0,0,10,0,0.0250468254089355,0.0,1.0,0.0,0.0,0.0,0.0,0.0,1.0,0.0,0.0,0.0,0.0,0.0,1.0,1.0,660,66,66,66.0,0.0,66.0,0.0027956962585449,10,0.0,0.0
20.0,6,64.0,485.4799467561781,0.0,0.0,1.0,0.0,0.0,0.0,0.0,0,0,0,10,0,0.0205981731414794,0.0,1.0,0.0,0.0,0.0,0.0,0.0,1.0,0.0,0.0,0.0,0.0,0.0,1.0,1.0,680,68,68,68.0,0.0,68.0,0.0034046173095703,10,0.0,0.0
20.0,6,64.0,240.2332281362941,0.0,0.0,1.0,0.0,0.0,0.0,0.0,0,0,0,10,0,0.0416262149810791,0.0,1.0,0.0,0.0,0.0,0.0,0.0,1.0,0.0,0.0,0.0,0.0,0.0,1.0,1.0,640,64,64,64.0,0.0,64.0,0.0046504020690917,10,0.0,0.0
20.0,6,64.0,803.860704908293,0.0,0.0,1.0,0.0,0.0,0.0,0.0,0,0,0,10,0,0.0124399662017822,0.0,1.0,0.0,0.0,0.0,0.0,0.0,1.0,0.0,0.0,0.0,0.0,0.0,1.0,1.0,660,66,66,66.0,0.0,66.0,0.0012455940246582,10,0.0,0.0
20.0,6,64.0,398.9294172476436,0.0,0.0,0.6,0.4,0.4,0.0,0.0,4,0,0,6,0,0.0250670909881591,0.0,1.0,0.0,0.0,0.0,0.0,0.0,1.0,0.0,0.0,0.0,0.0,0.0,1.0,1.0,624,54,66,62.4,5.796550698475775,62.4,0.0028058052062988,10,0.9291193128925312,32.0
20.0,6,64.0,1395.6821509383735,0.0,0.0,0.5,0.5,0.5,0.0,0.0,5,0,0,5,0,0.0071649551391601,0.0,1.0,0.0,0.0,0.0,0.0,0.0,1.0,0.0,0.0,0.0,0.0,0.0,1.0,1.0,604,54,68,60.4,6.785605679999719,60.4,0.0007203817367553,10,0.9295222143298046,41.44
20.0,6,64.0,652.8201217139566,0.0,0.0,0.6,0.4,0.4,0.0,0.0,4,0,0,6,0,0.0153181552886962,0.0,1.0,0.0,0.0,0.0,0.0,0.0,1.0,0.0,0.0,0.0,0.0,0.0,1.0,1.0,610,54,68,61.0,7.378647873726218,61.0,0.0015334129333496,10,0.9297637959978412,49.0
20.0,6,64.0,213.3192283631962,0.0,0.0,0.6,0.4,0.4,0.0,0.0,4,0,0,6,0,0.0468780994415283,0.0,1.0,0.0,0.0,0.0,0.0,0.0,1.0,0.0,0.0,0.0,0.0,0.0,1.0,1.0,618,54,68,61.8,6.762642481555072,61.8,0.005154800415039,10,0.9295128600412864,49.0
20.0,6,64.0,3096.79858239811,0.0,0.0,0.6,0.4,0.4,0.0,0.0,4,0,0,6,0,0.0032291412353515,0.0,1.0,0.0,0.0,0.0,0.0,0.0,1.0,0.0,0.0,0.0,0.0,0.0,1.0,1.0,624,54,66,62.4,5.796550698475775,62.4,0.0003278017044067,10,0.9291193128925312,32.0
20.0,6,64.0,1096.7507779201424,0.0,0.0,0.7,0.3,0.3,0.0,0.0,3,0,0,7,0,0.009117841720581,0.0,1.0,0.0,0.0,0.0,0.0,0.0,1.0,0.0,0.0,0.0,0.0,0.0,1.0,1.0,624,54,68,62.4,7.229568912920511,62.4,0.0009173870086669,10,0.9297030671923672,49.0
20.0,6,64.0,397.4588734743386,0.0,0.0,0.5,0.5,0.5,0.0,0.0,5,0,0,5,0,0.0251598358154296,0.0,1.0,0.0,0.0,0.0,0.0,0.0,1.0,0.0,0.0,0.0,0.0,0.0,1.0,1.0,909,54,367,90.9,97.26076061575684,90.9,0.0027781963348388,10,0.9663781734444348,9291.555555555557
20.0,6,64.0,521.4526014794554,0.0,0.0,0.5,0.5,0.5,0.0,0.0,5,0,0,5,0,0.0191771984100341,0.0,1.0,0.0,0.0,0.0,0.0,0.0,1.0,0.0,0.0,0.0,0.0,0.0,1.0,1.0,2105,54,367,210.5,164.96548460545046,210.5,0.0022208213806152,10,0.9939583698088764,24492.25
20.0,6,64.0,208.2077757039037,0.0,0.0,0.6,0.4,0.4,0.0,0.0,4,0,0,6,0,0.0480289459228515,0.0,1.0,0.0,0.0,0.0,0.0,0.0,1.0,0.0,0.0,0.0,0.0,0.0,1.0,1.0,2737,54,369,273.7,151.6099161224841,273.7,0.0049534797668457,10,0.9885178454316552,24492.25
20.0,6,64.0,1566.4415894831193,0.0,0.0,0.7,0.3,0.3,0.0,0.0,3,0,0,7,0,0.0063838958740234,0.0,1.0,0.0,0.0,0.0,0.0,0.0,1.0,0.0,0.0,0.0,0.0,0.0,1.0,1.0,2430,54,369,243.0,162.6653005407115,243.0,0.0006422042846679,10,0.9930213668282644,24806.25
20.0,6,64.0,673.5457348406989,0.0,0.0,0.7,0.3,0.3,0.0,0.0,3,0,0,7,0,0.0148468017578125,0.0,1.0,0.0,0.0,0.0,0.0,0.0,1.0,0.0,0.0,0.0,0.0,0.0,1.0,1.0,939,54,369,93.9,96.78894564980033,93.9,0.0015594959259033,10,0.9661859748999028,22952.25
20.0,6,64.0,456.97550771376274,0.0,0.0,0.7,0.3,0.3,0.0,0.0,3,0,0,7,0,0.0218830108642578,0.0,1.0,0.0,0.0,0.0,0.0,0.0,1.0,0.0,0.0,0.0,0.0,0.0,1.0,1.0,618,54,68,61.8,6.762642481555071,61.8,0.0021914005279541,10,0.9295128600412864,41.16
20.0,6,64.0,1903.300812270273,0.0,0.0,0.9,0.1,0.1,0.0,0.0,1,0,0,9,0,0.0052540302276611,0.0,1.0,0.0,0.0,0.0,0.0,0.0,1.0,0.0,0.0,0.0,0.0,0.0,1.0,1.0,662,54,68,66.2,4.366539438350084,66.2,0.0020368099212646,10,0.9285367835056064,21.4375
20.0,6,64.0,526.2350697581049,0.0,0.0,1.0,0.0,0.0,0.0,0.0,0,0,0,10,0,0.0190029144287109,0.0,1.0,0.0,0.0,0.0,0.0,0.0,1.0,0.0,0.0,0.0,0.0,0.0,1.0,1.0,664,66,68,66.4,0.8432740427115678,66.4,0.0019048929214477,10,0.0,0.64
20.0,6,64.0,241.49330385417028,0.0,0.0,1.0,0.0,0.0,0.0,0.0,0,0,0,10,0,0.0414090156555175,0.0,1.0,0.0,0.0,0.0,0.0,0.0,1.0,0.0,0.0,0.0,0.0,0.0,1.0,1.0,972,68,214,97.2,61.55900511794445,97.2,0.0044867038726806,10,0.927976886324846,3410.56
20.0,6,64.0,140.79901172568674,0.0,0.0,1.0,0.0,0.0,0.0,0.0,0,0,0,10,0,0.0710232257843017,0.0,1.0,0.0,0.0,0.0,0.0,0.0,1.0,0.0,0.0,0.0,0.0,0.0,1.0,1.0,2144,214,216,214.4,0.8432740427115678,214.4,0.0080011129379272,10,0.0,0.64
20.0,6,64.0,560.9758185319923,0.0,0.0,0.9,0.1,0.1,0.0,0.0,1,0,0,9,0,0.0178260803222656,0.0,1.0,0.0,0.0,0.0,0.0,0.0,1.0,0.0,0.0,0.0,0.0,0.0,1.0,1.0,3006,54,1224,300.6,328.4198532366763,300.6,0.0017839908599853,10,1.0,100352.0
20.0,6,64.0,502.7634402157626,0.0,0.0,0.5,0.5,0.5,0.0,0.0,5,0,0,5,0,0.0198900699615478,0.0,1.0,0.0,0.0,0.0,0.0,0.0,1.0,0.0,0.0,0.0,0.0,0.0,1.0,1.0,6390,54,1224,639.0,616.644143732834,639.0,0.0026874065399169,10,1.0,342225.0
20.0,6,64.0,656.3753305895057,0.0,0.0,0.5,0.5,0.5,0.0,0.0,5,0,0,5,0,0.0152351856231689,0.0,1.0,0.0,0.0,0.0,0.0,0.0,1.0,0.0,0.0,0.0,0.0,0.0,1.0,1.0,7562,54,1225,756.2,604.3576571681522,756.2,0.0016175031661987,10,1.0,342225.0
20.0,6,64.0,343.6067077916226,0.0,0.0,0.5,0.5,0.5,0.0,0.0,5,0,0,5,0,0.0291030406951904,0.0,1.0,0.0,0.0,0.0,0.0,0.0,1.0,0.0,0.0,0.0,0.0,0.0,1.0,1.0,6395,54,1225,639.5,617.1711900095287,639.5,0.0029124975204467,10,1.0,342810.25
20.0,6,64.0,258.4179363798234,0.0,0.0,0.5,0.5,0.5,0.0,0.0,5,0,0,5,0,0.0386970043182373,0.0,1.0,0.0,0.0,0.0,0.0,0.0,1.0,0.0,0.0,0.0,0.0,0.0,1.0,1.0,4133,54,1225,413.3,560.3528749318991,413.3,0.0038728952407836,10,1.0,342810.25
20.0,6,64.0,1568.3745279138466,0.0,0.0,0.5,0.5,0.5,0.0,0.0,5,0,0,5,0,0.006376028060913,0.0,1.0,0.0,0.0,0.0,0.0,0.0,1.0,0.0,0.0,0.0,0.0,0.0,1.0,1.0,740,54,94,74.0,21.081851067789195,74.0,0.0006396055221557,10,0.9353459328509748,400.0
20.0,6,64.0,379.0741644523977,0.0,0.0,0.5,0.5,0.5,0.0,0.0,5,0,0,5,0,0.0263800621032714,0.0,1.0,0.0,0.0,0.0,0.0,0.0,1.0,0.0,0.0,0.0,0.0,0.0,1.0,1.0,744,54,96,74.4,21.515885604207263,74.4,0.0026417016983032,10,0.93552274115973,416.64
20.0,6,64.0,739.3189029119368,0.0,0.0,0.6,0.4,0.4,0.0,0.0,4,0,0,6,0,0.0135259628295898,0.0,1.0,0.0,0.0,0.0,0.0,0.0,1.0,0.0,0.0,0.0,0.0,0.0,1.0,1.0,750,54,96,75.0,22.13594362117865,75.0,0.0013554811477661,10,0.9357753279935234,441.0
20.0,6,64.0,785.906425078229,0.0,0.0,0.5,0.5,0.5,0.0,0.0,5,0,0,5,0,0.0127241611480712,0.0,1.0,0.0,0.0,0.0,0.0,0.0,1.0,0.0,0.0,0.0,0.0,0.0,1.0,1.0,696,54,96,69.6,19.172897537930982,69.6,0.0012750148773193,10,0.9345683015410516,441.0
20.0,6,64.0,688.9913923385242,0.0,0.0,0.5,0.5,0.5,0.0,0.0,5,0,0,5,0,0.0145139694213867,0.0,1.0,0.0,0.0,0.0,0.0,0.0,1.0,0.0,0.0,0.0,0.0,0.0,1.0,1.0,630,54,69,63.0,7.745966692414834,63.0,0.0018373966217041,10,0.929913426991822,55.55555555555556
20.0,6,64.0,407.2021203265924,0.0,0.0,0.7,0.3,0.3,0.0,0.0,3,0,0,7,0,0.0245578289031982,0.0,1.0,0.0,0.0,0.0,0.0,0.0,1.0,0.0,0.0,0.0,0.0,0.0,1.0,1.0,638,54,71,63.8,8.469553313683864,63.8,0.0024576902389526,10,0.9302081872378622,65.33333333333333
20.0,6,64.0,184.284007029877,0.0,0.0,0.6,0.4,0.4,0.0,0.0,4,0,0,6,0,0.0542640686035156,0.0,1.0,0.0,0.0,0.0,0.0,0.0,1.0,0.0,0.0,0.0,0.0,0.0,1.0,1.0,1812,54,1224,181.2,366.4901999599261,181.2,0.0054294109344482,10,1.0,120883.55999999998
20.0,6,64.0,1668.6441756842776,0.0,0.0,0.7,0.3,0.3,0.0,0.0,3,0,0,7,0,0.0059928894042968,0.0,1.0,0.0,0.0,0.0,0.0,0.0,1.0,0.0,0.0,0.0,0.0,0.0,1.0,1.0,7560,54,1224,756.0,604.1854020083571,756.0,0.000600790977478,10,1.0,342225.0
20.0,6,64.0,1100.3473424628785,0.0,0.0,0.6,0.4,0.4,0.0,0.0,4,0,0,6,0,0.0090880393981933,0.0,1.0,0.0,0.0,0.0,0.0,0.0,1.0,0.0,0.0,0.0,0.0,0.0,1.0,1.0,8738,54,1226,873.8,565.7164189473968,873.8,0.0009104013442993,10,1.0,304720.8888888889
20.0,6,64.0,2527.755077442295,0.0,0.0,0.6,0.4,0.4,0.0,0.0,4,0,0,6,0,0.0039560794830322,0.0,1.0,0.0,0.0,0.0,0.0,0.0,1.0,0.0,0.0,0.0,0.0,0.0,1.0,1.0,6400,54,1226,640.0,617.6982362862234,640.0,0.0003993988037109,10,1.0,343396.0
20.0,6,64.0,686.0612405129547,0.0,0.0,1.0,0.0,0.0,0.0,0.0,0,0,0,10,0,0.0145759582519531,0.0,1.0,0.0,0.0,0.0,0.0,0.0,1.0,0.0,0.0,0.0,0.0,0.0,1.0,1.0,3503,253,1226,350.3,307.6896163343834,350.3,0.002045202255249,10,0.7129766021099745,236682.25
20.0,6,64.0,322.3412234860129,0.0,0.0,1.0,0.0,0.0,0.0,0.0,0,0,0,10,0,0.0310230255126953,0.0,1.0,0.0,0.0,0.0,0.0,0.0,1.0,0.0,0.0,0.0,0.0,0.0,1.0,1.0,2548,253,255,254.8,0.632455532033676,254.8,0.00363450050354,10,0.0,1.0
20.0,6,64.0,2781.553153392135,0.0,0.0,0.5,0.5,0.5,0.0,0.0,5,0,0,5,0,0.0035951137542724,0.0,1.0,0.0,0.0,0.0,0.0,0.0,1.0,0.0,0.0,0.0,0.0,0.0,1.0,1.0,791,54,255,79.1,62.00439052554621,79.1,0.0003618001937866,10,0.9520161385244864,9120.25
20.0,6,64.0,530.7901797013415,0.0,0.0,0.5,0.5,0.5,0.0,0.0,5,0,0,5,0,0.0188398361206054,0.0,1.0,0.0,0.0,0.0,0.0,0.0,1.0,0.0,0.0,0.0,0.0,0.0,1.0,1.0,590,54,64,59.0,5.270462766947299,59.0,0.0018868923187255,10,0.9289050057127436,25.0
20.0,6,64.0,214.71153747709192,0.0,0.0,0.6,0.4,0.4,0.0,0.0,4,0,0,6,0,0.0465741157531738,0.0,1.0,0.0,0.0,0.0,0.0,0.0,1.0,0.0,0.0,0.0,0.0,0.0,1.0,1.0,600,54,66,60.0,6.324555320336759,60.0,0.0046610116958618,10,0.9293344008552924,36.0
20.0,6,64.0,397.8358690291004,0.0,0.0,0.5,0.5,0.5,0.0,0.0,5,0,0,5,0,0.0251359939575195,0.0,1.0,0.0,0.0,0.0,0.0,0.0,1.0,0.0,0.0,0.0,0.0,0.0,1.0,1.0,610,54,66,61.0,6.055300708194984,61.0,0.0031122922897338,10,0.9292247172964904,36.0
20.0,6,64.0,412.1153524932449,0.0,0.0,0.5,0.5,0.5,0.0,0.0,5,0,0,5,0,0.0242650508880615,0.0,1.0,0.0,0.0,0.0,0.0,0.0,1.0,0.0,0.0,0.0,0.0,0.0,1.0,1.0,590,54,64,59.0,5.270462766947299,59.0,0.0024286031723022,10,0.9289050057127436,25.0
20.0,6,64.0,698.817727424192,0.0,0.0,0.5,0.5,0.5,0.0,0.0,5,0,0,5,0,0.0143098831176757,0.0,1.0,0.0,0.0,0.0,0.0,0.0,1.0,0.0,0.0,0.0,0.0,0.0,1.0,1.0,592,54,66,59.2,5.513619500836088,59.2,0.0014338970184326,10,0.9290040580398606,27.360000000000003
20.0,6,64.0,615.2351336286561,0.0,0.0,0.6,0.4,0.4,0.0,0.0,4,0,0,6,0,0.0162539482116699,0.0,1.0,0.0,0.0,0.0,0.0,0.0,1.0,0.0,0.0,0.0,0.0,0.0,1.0,1.0,600,54,66,60.0,6.324555320336759,60.0,0.001628303527832,10,0.9293344008552924,36.0
20.0,6,64.0,279.8833570222676,0.0,0.0,0.5,0.5,0.5,0.0,0.0,5,0,0,5,0,0.035729169845581,0.0,1.0,0.0,0.0,0.0,0.0,0.0,1.0,0.0,0.0,0.0,0.0,0.0,1.0,1.0,600,54,66,60.0,6.324555320336759,60.0,0.0038711071014404,10,0.9293344008552924,36.0
20.0,6,64.0,2076.7993662111307,0.0,0.0,0.5,0.5,0.5,0.0,0.0,5,0,0,5,0,0.0048151016235351,0.0,1.0,0.0,0.0,0.0,0.0,0.0,1.0,0.0,0.0,0.0,0.0,0.0,1.0,1.0,600,54,66,60.0,6.324555320336759,60.0,0.0005923986434936,10,0.9293344008552924,36.0
20.0,6,64.0,537.0290133415277,0.0,0.0,0.5,0.5,0.5,0.0,0.0,5,0,0,5,0,0.0186209678649902,0.0,1.0,0.0,0.0,0.0,0.0,0.0,1.0,0.0,0.0,0.0,0.0,0.0,1.0,1.0,616,54,68,61.6,6.586180818788516,61.6,0.0020042896270751,10,0.9294409766183416,39.04
20.0,6,64.0,780.4663106380603,0.0,0.0,0.6,0.4,0.4,0.0,0.0,4,0,0,6,0,0.012812852859497,0.0,1.0,0.0,0.0,0.0,0.0,0.0,1.0,0.0,0.0,0.0,0.0,0.0,1.0,1.0,610,54,68,61.0,7.378647873726218,61.0,0.0012851953506469,10,0.9297637959978412,49.0
20.0,6,64.0,436.2432134462172,0.0,0.0,0.5,0.5,0.5,0.0,0.0,5,0,0,5,0,0.0229229927062988,0.0,1.0,0.0,0.0,0.0,0.0,0.0,1.0,0.0,0.0,0.0,0.0,0.0,1.0,1.0,602,54,68,60.2,6.696599468718766,60.2,0.0025294065475463,10,0.9294859567595772,49.0
20.0,6,64.0,500.9260608376826,0.0,0.0,0.5,0.5,0.5,0.0,0.0,5,0,0,5,0,0.0199630260467529,0.0,1.0,0.0,0.0,0.0,0.0,0.0,1.0,0.0,0.0,0.0,0.0,0.0,1.0,1.0,590,54,64,59.0,5.270462766947299,59.0,0.0028012037277221,10,0.9289050057127436,25.0
20.0,6,64.0,501.1535014875796,0.0,0.0,0.5,0.5,0.5,0.0,0.0,5,0,0,5,0,0.019953966140747,0.0,1.0,0.0,0.0,0.0,0.0,0.0,1.0,0.0,0.0,0.0,0.0,0.0,1.0,1.0,594,54,66,59.4,5.738757124441959,59.4,0.0022986888885498,10,0.9290957701022128,29.64
20.0,6,64.0,362.0961030440113,0.0,0.0,0.5,0.5,0.5,0.0,0.0,5,0,0,5,0,0.0276169776916503,0.0,1.0,0.0,0.0,0.0,0.0,0.0,1.0,0.0,0.0,0.0,0.0,0.0,1.0,1.0,612,54,66,61.2,6.196773353931867,61.2,0.0036233186721801,10,0.9292823475934576,36.0
20.0,6,64.0,362.3839228629192,0.0,0.0,0.8,0.2,0.2,0.0,0.0,2,0,0,8,0,0.027595043182373,0.0,1.0,0.0,0.0,0.0,0.0,0.0,1.0,0.0,0.0,0.0,0.0,0.0,1.0,1.0,624,54,66,62.4,5.796550698475776,62.4,0.002761697769165,10,0.9291193128925312,36.0
20.0,6,64.0,271.3986955171343,0.0,0.0,1.0,0.0,0.0,0.0,0.0,0,0,0,10,0,0.0368461608886718,0.0,1.0,0.0,0.0,0.0,0.0,0.0,1.0,0.0,0.0,0.0,0.0,0.0,1.0,1.0,670,66,68,67.0,1.0540925533894598,67.0,0.0040030002593994,10,0.9067378651425488,1.0
20.0,6,64.0,270.8553863639299,0.0,0.0,0.8,0.2,0.2,0.0,0.0,2,0,0,8,0,0.0369200706481933,0.0,1.0,0.0,0.0,0.0,0.0,0.0,1.0,0.0,0.0,0.0,0.0,0.0,1.0,1.0,673,54,75,67.3,7.703534542302283,67.3,0.0040128946304321,10,0.9298961418311524,53.41
20.0,6,64.0,229.6210487129233,0.0,0.0,0.9,0.1,0.1,0.0,0.0,1,0,0,9,0,0.0435500144958496,0.0,1.0,0.0,0.0,0.0,0.0,0.0,1.0,0.0,0.0,0.0,0.0,0.0,1.0,1.0,733,54,77,73.3,6.832113712298543,73.3,0.0047225952148437,10,0.929541159841842,54.0
20.0,6,64.0,1240.84492041891,0.0,0.0,0.9,0.1,0.1,0.0,0.0,1,0,0,9,0,0.008059024810791,0.0,1.0,0.0,0.0,0.0,0.0,0.0,1.0,0.0,0.0,0.0,0.0,0.0,1.0,1.0,1190,54,520,119.0,141.08232427282385,119.0,0.0008095026016235,10,0.9842293256157776,17913.8
20.0,6,64.0,2566.7364298390557,0.0,0.0,0.5,0.5,0.5,0.0,0.0,5,0,0,5,0,0.0038959980010986,0.0,1.0,0.0,0.0,0.0,0.0,0.0,1.0,0.0,0.0,0.0,0.0,0.0,1.0,1.0,3336,54,520,333.6,240.64136524435415,333.6,0.0003911018371582,10,1.0,54289.0
20.0,6,64.0,485.2945804600361,0.0,0.0,0.5,0.5,0.5,0.0,0.0,5,0,0,5,0,0.0206060409545898,0.0,1.0,0.0,0.0,0.0,0.0,0.0,1.0,0.0,0.0,0.0,0.0,0.0,1.0,1.0,2874,54,522,287.4,246.0262858585101,287.4,0.0020622968673706,10,1.0,54476.04
20.0,6,64.0,743.53908881404,0.0,0.0,0.6,0.4,0.4,0.0,0.0,4,0,0,6,0,0.0134491920471191,0.0,1.0,0.0,0.0,0.0,0.0,0.0,1.0,0.0,0.0,0.0,0.0,0.0,1.0,1.0,3348,54,522,334.8,241.6741608033428,334.8,0.0013471126556396,10,1.0,54756.0
20.0,6,64.0,575.5082327113063,0.0,0.0,0.7,0.3,0.3,0.0,0.0,3,0,0,7,0,0.0173759460449218,0.0,1.0,0.0,0.0,0.0,0.0,0.0,1.0,0.0,0.0,0.0,0.0,0.0,1.0,1.0,1516,54,522,151.6,195.2748490376236,151.6,0.0017414808273315,10,1.0,54756.0
20.0,6,64.0,724.4173474498696,0.0,0.0,0.6,0.4,0.4,0.0,0.0,4,0,0,6,0,0.0138041973114013,0.0,1.0,0.0,0.0,0.0,0.0,0.0,1.0,0.0,0.0,0.0,0.0,0.0,1.0,1.0,612,54,66,61.2,5.00666222813829,61.2,0.0028024196624755,10,0.9287975439252544,25.0
20.0,6,64.0,431.63265516141314,0.0,0.0,0.8,0.2,0.2,0.0,0.0,2,0,0,8,0,0.0231678485870361,0.0,1.0,0.0,0.0,0.0,0.0,0.0,1.0,0.0,0.0,0.0,0.0,0.0,1.0,1.0,624,54,66,62.4,5.796550698475775,62.4,0.002320384979248,10,0.9291193128925312,36.0
20.0,6,64.0,169.51477185466598,0.0,0.0,0.6,0.4,0.4,0.0,0.0,4,0,0,6,0,0.0589919090270996,0.0,1.0,0.0,0.0,0.0,0.0,0.0,1.0,0.0,0.0,0.0,0.0,0.0,1.0,1.0,612,54,66,61.2,6.196773353931867,61.2,0.0061764001846313,10,0.9292823475934576,36.0
20.0,6,64.0,2751.806849494817,0.0,0.0,0.5,0.5,0.5,0.0,0.0,5,0,0,5,0,0.003633975982666,0.0,1.0,0.0,0.0,0.0,0.0,0.0,1.0,0.0,0.0,0.0,0.0,0.0,1.0,1.0,612,54,66,61.2,6.196773353931867,61.2,0.0007740020751953,10,0.9292823475934576,36.0
20.0,6,64.0,338.9610473573622,0.0,0.0,0.6,0.4,0.4,0.0,0.0,4,0,0,6,0,0.0295019149780273,0.0,1.0,0.0,0.0,0.0,0.0,0.0,1.0,0.0,0.0,0.0,0.0,0.0,1.0,1.0,610,54,68,61.0,7.378647873726218,61.0,0.0029520034790039,10,0.9297637959978412,49.0
20.0,6,64.0,637.955769172269,0.0,0.0,0.6,0.4,0.4,0.0,0.0,4,0,0,6,0,0.0156750679016113,0.0,1.0,0.0,0.0,0.0,0.0,0.0,1.0,0.0,0.0,0.0,0.0,0.0,1.0,1.0,634,54,68,63.4,6.535373831014651,63.4,0.001670503616333,10,0.9294202798838022,47.04
20.0,6,64.0,571.7894048041006,0.0,0.0,0.6,0.4,0.4,0.0,0.0,4,0,0,6,0,0.017488956451416,0.0,1.0,0.0,0.0,0.0,0.0,0.0,1.0,0.0,0.0,0.0,0.0,0.0,1.0,1.0,600,54,66,60.0,6.324555320336759,60.0,0.0017534971237182,10,0.9293344008552924,36.0
20.0,6,64.0,553.9301892523673,0.0,0.0,0.6,0.4,0.4,0.0,0.0,4,0,0,6,0,0.0180528163909912,0.0,1.0,0.0,0.0,0.0,0.0,0.0,1.0,0.0,0.0,0.0,0.0,0.0,1.0,1.0,618,54,68,61.8,6.762642481555071,61.8,0.0021699905395507,10,0.9295128600412864,41.16
20.0,6,64.0,491.4931214699196,0.0,0.0,0.6,0.4,0.4,0.0,0.0,4,0,0,6,0,0.0203461647033691,0.0,1.0,0.0,0.0,0.0,0.0,0.0,1.0,0.0,0.0,0.0,0.0,0.0,1.0,1.0,638,54,68,63.8,6.762642481555072,63.8,0.0021952152252197,10,0.9295128600412864,49.0
20.0,6,64.0,333.8138291098943,0.0,0.0,0.5,0.5,0.5,0.0,0.0,5,0,0,5,0,0.0299568176269531,0.0,1.0,0.0,0.0,0.0,0.0,0.0,1.0,0.0,0.0,0.0,0.0,0.0,1.0,1.0,590,54,64,59.0,5.270462766947299,59.0,0.0029987812042236,10,0.9289050057127436,25.0
20.0,6,64.0,821.3496259742294,0.0,0.0,0.5,0.5,0.5,0.0,0.0,5,0,0,5,0,0.0121750831604003,0.0,1.0,0.0,0.0,0.0,0.0,0.0,1.0,0.0,0.0,0.0,0.0,0.0,1.0,1.0,590,54,64,59.0,5.270462766947299,59.0,0.0012205123901367,10,0.9289050057127436,25.0
20.0,6,64.0,615.9127153115318,0.0,0.0,0.5,0.5,0.5,0.0,0.0,5,0,0,5,0,0.0162360668182373,0.0,1.0,0.0,0.0,0.0,0.0,0.0,1.0,0.0,0.0,0.0,0.0,0.0,1.0,1.0,600,54,66,60.0,6.324555320336759,60.0,0.001625108718872,10,0.9293344008552924,36.0
20.0,6,64.0,309.4627955878555,0.0,0.0,0.5,0.5,0.5,0.0,0.0,5,0,0,5,0,0.0323140621185302,0.0,1.0,0.0,0.0,0.0,0.0,0.0,1.0,0.0,0.0,0.0,0.0,0.0,1.0,1.0,600,54,66,60.0,6.324555320336759,60.0,0.0032615900039672,10,0.9293344008552924,36.0
20.0,6,64.0,910.1629668207364,0.0,0.0,1.0,0.0,0.0,0.0,0.0,0,0,0,10,0,0.0109870433807373,0.0,1.0,0.0,0.0,0.0,0.0,0.0,1.0,0.0,0.0,0.0,0.0,0.0,1.0,1.0,1953,54,211,195.3,49.64775926464354,195.3,0.0011008977890014,10,0.9469825412140452,6162.25
20.0,6,64.0,231.17009667214143,0.0,0.0,1.0,0.0,0.0,0.0,0.0,0,0,0,10,0,0.0432581901550293,0.0,1.0,0.0,0.0,0.0,0.0,0.0,1.0,0.0,0.0,0.0,0.0,0.0,1.0,1.0,2128,211,213,212.8,0.632455532033676,212.8,0.0046209096908569,10,0.0,1.0
20.0,6,64.0,441.384884136973,0.0,0.0,1.0,0.0,0.0,0.0,0.0,0,0,0,10,0,0.022655963897705,0.0,1.0,0.0,0.0,0.0,0.0,0.0,1.0,0.0,0.0,0.0,0.0,0.0,1.0,1.0,789,64,213,78.9,47.11793713650883,78.9,0.0022687911987304,10,0.9289106928719284,5550.25
20.0,6,64.0,240.5639134399752,0.0,0.0,1.0,0.0,0.0,0.0,0.0,0,0,0,10,0,0.0415689945220947,0.0,1.0,0.0,0.0,0.0,0.0,0.0,1.0,0.0,0.0,0.0,0.0,0.0,1.0,1.0,658,64,66,65.8,0.6324555320336757,65.8,0.0044307947158813,10,0.0,1.0
20.0,6,64.0,757.6279330214411,0.0,0.0,0.5,0.5,0.5,0.0,0.0,5,0,0,5,0,0.0131990909576416,0.0,1.0,0.0,0.0,0.0,0.0,0.0,1.0,0.0,0.0,0.0,0.0,0.0,1.0,1.0,602,54,66,60.2,5.370702416299421,60.2,0.0030140161514282,10,0.9289458393363036,27.84
20.0,6,64.0,1809.9180115646843,0.0,0.0,0.6,0.4,0.4,0.0,0.0,4,0,0,6,0,0.0055251121520996,0.0,1.0,0.0,0.0,0.0,0.0,0.0,1.0,0.0,0.0,0.0,0.0,0.0,1.0,1.0,590,54,64,59.0,5.270462766947299,59.0,0.0005558967590332,10,0.9289050057127436,25.0
20.0,6,64.0,1005.9247889485802,0.0,0.0,0.5,0.5,0.5,0.0,0.0,5,0,0,5,0,0.0099411010742187,0.0,1.0,0.0,0.0,0.0,0.0,0.0,1.0,0.0,0.0,0.0,0.0,0.0,1.0,1.0,600,54,66,60.0,6.324555320336759,60.0,0.0017899990081787,10,0.9293344008552924,36.0
20.0,6,64.0,434.1255498628577,0.0,0.0,0.5,0.5,0.5,0.0,0.0,5,0,0,5,0,0.0230348110198974,0.0,1.0,0.0,0.0,0.0,0.0,0.0,1.0,0.0,0.0,0.0,0.0,0.0,1.0,1.0,600,54,66,60.0,6.324555320336759,60.0,0.0026193857192993,10,0.9293344008552924,36.0
20.0,6,64.0,209.384372691148,0.0,0.0,1.0,0.0,0.0,0.0,0.0,0,0,0,10,0,0.0477590560913085,0.0,1.0,0.0,0.0,0.0,0.0,0.0,1.0,0.0,0.0,0.0,0.0,0.0,1.0,1.0,660,66,66,66.0,0.0,66.0,0.0051809072494506,10,0.0,0.0
20.0,6,64.0,304.15326937440625,0.0,0.0,1.0,0.0,0.0,0.0,0.0,0,0,0,10,0,0.0328781604766845,0.0,1.0,0.0,0.0,0.0,0.0,0.0,1.0,0.0,0.0,0.0,0.0,0.0,1.0,1.0,680,68,68,68.0,0.0,68.0,0.0032900094985961,10,0.0,0.0
20.0,6,64.0,859.3300415906903,0.0,0.0,1.0,0.0,0.0,0.0,0.0,0,0,0,10,0,0.0116369724273681,0.0,1.0,0.0,0.0,0.0,0.0,0.0,1.0,0.0,0.0,0.0,0.0,0.0,1.0,1.0,660,66,66,66.0,0.0,66.0,0.0017266988754272,10,0.0,0.0
20.0,6,64.0,308.4047058823529,0.0,0.0,1.0,0.0,0.0,0.0,0.0,0,0,0,10,0,0.0324249267578125,0.0,1.0,0.0,0.0,0.0,0.0,0.0,1.0,0.0,0.0,0.0,0.0,0.0,1.0,1.0,680,68,68,68.0,0.0,68.0,0.0037166833877563,10,0.0,0.0
20.0,6,64.0,306.6280667894845,0.0,0.0,0.5,0.5,0.5,0.0,0.0,5,0,0,5,0,0.0326128005981445,0.0,1.0,0.0,0.0,0.0,0.0,0.0,1.0,0.0,0.0,0.0,0.0,0.0,1.0,1.0,655,54,77,65.5,12.122064363978788,65.5,0.0035809993743896,10,0.9316960741393104,132.25
20.0,6,64.0,384.00937522888745,0.0,0.0,0.5,0.5,0.5,0.0,0.0,5,0,0,5,0,0.026041030883789,0.0,1.0,0.0,0.0,0.0,0.0,0.0,1.0,0.0,0.0,0.0,0.0,0.0,1.0,1.0,680,54,79,68.0,12.064640713902572,68.0,0.0028962135314941,10,0.9316726820412152,131.0
20.0,6,64.0,398.629892223764,0.0,0.0,0.5,0.5,0.5,0.0,0.0,5,0,0,5,0,0.0250859260559082,0.0,1.0,0.0,0.0,0.0,0.0,0.0,1.0,0.0,0.0,0.0,0.0,0.0,1.0,1.0,665,54,79,66.5,13.176156917368248,66.5,0.0025115966796875,10,0.9321254692818592,156.25
20.0,6,64.0,850.1852677666518,0.0,0.0,0.7,0.3,0.3,0.0,0.0,3,0,0,7,0,0.0117621421813964,0.0,1.0,0.0,0.0,0.0,0.0,0.0,1.0,0.0,0.0,0.0,0.0,0.0,1.0,1.0,664,54,79,66.4,11.78699848703364,66.4,0.001181411743164,10,0.931559581703678,156.25
20.0,6,64.0,356.77075270280613,0.0,0.0,1.0,0.0,0.0,0.0,0.0,0,0,0,10,0,0.0280292034149169,0.0,1.0,0.0,0.0,0.0,0.0,0.0,1.0,0.0,0.0,0.0,0.0,0.0,1.0,1.0,664,66,68,66.4,0.8432740427115678,66.4,0.0028043985366821,10,0.0,0.64
20.0,6,64.0,145.02824975968687,0.0,0.0,1.0,0.0,0.0,0.0,0.0,0,0,0,10,0,0.0689520835876464,0.0,1.0,0.0,0.0,0.0,0.0,0.0,1.0,0.0,0.0,0.0,0.0,0.0,1.0,1.0,746,68,101,74.6,13.914021704740868,74.6,0.0072196960449218,10,0.9085682258816432,174.23999999999998
20.0,6,64.0,10172.942032500609,0.0,0.0,1.0,0.0,0.0,0.0,0.0,0,0,0,10,0,0.0009829998016357,0.0,1.0,0.0,0.0,0.0,0.0,0.0,1.0,0.0,0.0,0.0,0.0,0.0,1.0,1.0,1014,101,103,101.4,0.8432740427115678,101.4,0.00029718875885,10,0.0,0.64
20.0,6,64.0,370.64597656457113,0.0,0.0,0.9,0.1,0.1,0.0,0.0,1,0,0,9,0,0.026979923248291,0.0,1.0,0.0,0.0,0.0,0.0,0.0,1.0,0.0,0.0,0.0,0.0,0.0,1.0,1.0,952,64,103,95.2,16.443843832875572,95.2,0.0026993989944458,10,0.9164152942237602,243.36
20.0,6,64.0,826.920074129569,0.0,0.0,0.7,0.3,0.3,0.0,0.0,3,0,0,7,0,0.0120930671691894,0.0,1.0,0.0,0.0,0.0,0.0,0.0,1.0,0.0,0.0,0.0,0.0,0.0,1.0,1.0,600,54,64,60.0,5.163977794943222,60.0,0.0012127161026,10,0.928861627994548,25.0
20.0,6,64.0,465.5888817352308,0.0,0.0,0.6,0.4,0.4,0.0,0.0,4,0,0,6,0,0.0214781761169433,0.0,1.0,0.0,0.0,0.0,0.0,0.0,1.0,0.0,0.0,0.0,0.0,0.0,1.0,1.0,608,54,66,60.8,5.902918298980975,60.8,0.0024564981460571,10,0.9291626427982728,31.360000000000003
20.0,6,64.0,550.3613698989634,0.0,0.0,0.7,0.3,0.3,0.0,0.0,3,0,0,7,0,0.01816987991333,0.0,1.0,0.0,0.0,0.0,0.0,0.0,1.0,0.0,0.0,0.0,0.0,0.0,1.0,1.0,1964,54,1406,196.4,425.04776202210496,196.4,0.002039885520935,10,1.0,162599.03999999998
20.0,6,64.0,308.32762397635884,0.0,0.0,1.0,0.0,0.0,0.0,0.0,0,0,0,10,0,0.0324330329895019,0.0,1.0,0.0,0.0,0.0,0.0,0.0,1.0,0.0,0.0,0.0,0.0,0.0,1.0,1.0,14060,1406,1406,1406.0,0.0,1406.0,0.0036069154739379,10,0.0,0.0
20.0,6,64.0,288.8161736352118,0.0,0.0,0.9,0.1,0.1,0.0,0.0,1,0,0,9,0,0.0346240997314453,0.0,1.0,0.0,0.0,0.0,0.0,0.0,1.0,0.0,0.0,0.0,0.0,0.0,1.0,1.0,12718,64,1406,1271.8,424.3776619945965,1271.8,0.0035984992980957,10,1.0,162086.76
20.0,6,64.0,398.88009738283625,0.0,0.0,0.5,0.5,0.5,0.0,0.0,5,0,0,5,0,0.0250701904296875,0.0,1.0,0.0,0.0,0.0,0.0,0.0,1.0,0.0,0.0,0.0,0.0,0.0,1.0,1.0,590,54,64,59.0,5.270462766947299,59.0,0.0025110006332397,10,0.9289050057127436,25.0
20.0,6,64.0,912.6583545488172,0.0,0.0,0.6,0.4,0.4,0.0,0.0,4,0,0,6,0,0.0109570026397705,0.0,1.0,0.0,0.0,0.0,0.0,0.0,1.0,0.0,0.0,0.0,0.0,0.0,1.0,1.0,592,54,66,59.2,5.513619500836088,59.2,0.0010983943939208,10,0.9290040580398606,27.360000000000003
20.0,6,64.0,1176.7539208259686,0.0,0.0,0.5,0.5,0.5,0.0,0.0,5,0,0,5,0,0.0084979534149169,0.0,1.0,0.0,0.0,0.0,0.0,0.0,1.0,0.0,0.0,0.0,0.0,0.0,1.0,1.0,600,54,66,60.0,6.324555320336759,60.0,0.0012820959091186,10,0.9293344008552924,36.0
20.0,6,64.0,285.67466506834853,0.0,0.0,0.6,0.4,0.4,0.0,0.0,4,0,0,6,0,0.0350048542022705,0.0,1.0,0.0,0.0,0.0,0.0,0.0,1.0,0.0,0.0,0.0,0.0,0.0,1.0,1.0,618,54,66,61.8,5.4528280124476085,61.8,0.0041734933853149,10,0.9289792940191508,36.0
20.0,6,64.0,114.49773696365492,0.0,0.0,0.5,0.5,0.5,0.0,0.0,5,0,0,5,0,0.0873379707336425,0.0,1.0,0.0,0.0,0.0,0.0,0.0,1.0,0.0,0.0,0.0,0.0,0.0,1.0,1.0,590,54,64,59.0,5.270462766947299,59.0,0.0087392091751098,10,0.9289050057127436,25.0
20.0,6,64.0,1224.435556853014,0.0,0.0,0.6,0.4,0.4,0.0,0.0,4,0,0,6,0,0.008167028427124,0.0,1.0,0.0,0.0,0.0,0.0,0.0,1.0,0.0,0.0,0.0,0.0,0.0,1.0,1.0,608,54,66,60.8,5.902918298980975,60.8,0.000818395614624,10,0.9291626427982728,31.50617283950617
20.0,6,64.0,1338.6646240265543,0.0,0.0,0.6,0.4,0.4,0.0,0.0,4,0,0,6,0,0.0074701309204101,0.0,1.0,0.0,0.0,0.0,0.0,0.0,1.0,0.0,0.0,0.0,0.0,0.0,1.0,1.0,612,54,66,61.2,6.196773353931867,61.2,0.0007491111755371,10,0.9292823475934576,36.0
20.0,6,64.0,403.0930391242924,0.0,0.0,1.0,0.0,0.0,0.0,0.0,0,0,0,10,0,0.0248081684112548,0.0,1.0,0.0,0.0,0.0,0.0,0.0,1.0,0.0,0.0,0.0,0.0,0.0,1.0,1.0,1188,54,126,118.8,22.76839915321233,118.8,0.0024837970733642,10,0.9360329650790524,1296.0
20.0,6,64.0,187.41723452266584,0.0,0.0,1.0,0.0,0.0,0.0,0.0,0,0,0,10,0,0.0533568859100341,0.0,1.0,0.0,0.0,0.0,0.0,0.0,1.0,0.0,0.0,0.0,0.0,0.0,1.0,1.0,1278,126,128,127.8,0.6324555320336757,127.8,0.0076464891433715,10,0.0,1.0
20.0,6,64.0,1122.8226475706065,0.0,0.0,1.0,0.0,0.0,0.0,0.0,0,0,0,10,0,0.0089061260223388,0.0,1.0,0.0,0.0,0.0,0.0,0.0,1.0,0.0,0.0,0.0,0.0,0.0,1.0,1.0,5888,128,640,588.8,161.90861620062103,588.8,0.0024310111999511,10,0.866607503895485,65536.0
20.0,6,64.0,1077.4793844889152,0.0,0.0,1.0,0.0,0.0,0.0,0.0,0,0,0,10,0,0.0092809200286865,0.0,1.0,0.0,0.0,0.0,0.0,0.0,1.0,0.0,0.0,0.0,0.0,0.0,1.0,1.0,6418,640,642,641.8,0.6324555320336759,641.8,0.0012012958526611,10,0.0,1.0
20.0,6,64.0,480.1227120273813,0.0,0.0,0.5,0.5,0.5,0.0,0.0,5,0,0,5,0,0.0208280086517334,0.0,1.0,0.0,0.0,0.0,0.0,0.0,1.0,0.0,0.0,0.0,0.0,0.0,1.0,1.0,1178,54,642,117.8,184.252121953709,117.8,0.0020863056182861,10,1.0,83521.0
20.0,6,64.0,792.8291401243786,0.0,0.0,0.5,0.5,0.5,0.0,0.0,5,0,0,5,0,0.0126130580902099,0.0,1.0,0.0,0.0,0.0,0.0,0.0,1.0,0.0,0.0,0.0,0.0,0.0,1.0,1.0,590,54,64,59.0,5.270462766947299,59.0,0.0012641906738281,10,0.9289050057127436,25.0
20.0,6,64.0,320.03174142943254,0.0,0.0,0.5,0.5,0.5,0.0,0.0,5,0,0,5,0,0.0312469005584716,0.0,1.0,0.0,0.0,0.0,0.0,0.0,1.0,0.0,0.0,0.0,0.0,0.0,1.0,1.0,600,54,66,60.0,6.324555320336759,60.0,0.0031276941299438,10,0.9293344008552924,36.0
20.0,6,64.0,736.9806016305876,0.0,0.0,0.5,0.5,0.5,0.0,0.0,5,0,0,5,0,0.0135688781738281,0.0,1.0,0.0,0.0,0.0,0.0,0.0,1.0,0.0,0.0,0.0,0.0,0.0,1.0,1.0,600,54,66,60.0,6.324555320336759,60.0,0.0013586997985839,10,0.9293344008552924,36.0
20.0,6,64.0,450.2306808789274,0.0,0.0,1.0,0.0,0.0,0.0,0.0,0,0,0,10,0,0.0222108364105224,0.0,1.0,0.0,0.0,0.0,0.0,0.0,1.0,0.0,0.0,0.0,0.0,0.0,1.0,1.0,648,54,66,64.8,3.794733192202056,64.8,0.0022248983383178,10,0.9283038525131756,36.0
20.0,6,64.0,221.66985529611972,0.0,0.0,1.0,0.0,0.0,0.0,0.0,0,0,0,10,0,0.045112133026123,0.0,1.0,0.0,0.0,0.0,0.0,0.0,1.0,0.0,0.0,0.0,0.0,0.0,1.0,1.0,678,66,68,67.8,0.6324555320336757,67.8,0.0050679206848144,10,0.0,1.0
20.0,6,64.0,1099.2514938672816,0.0,0.0,0.5,0.5,0.5,0.0,0.0,5,0,0,5,0,0.0090970993041992,0.0,1.0,0.0,0.0,0.0,0.0,0.0,1.0,0.0,0.0,0.0,0.0,0.0,1.0,1.0,684,54,80,68.4,12.920268315067352,68.4,0.0009137868881225,10,0.932021230500826,150.320987654321
20.0,6,64.0,1004.9366269736684,0.0,0.0,0.5,0.5,0.5,0.0,0.0,5,0,0,5,0,0.0099508762359619,0.0,1.0,0.0,0.0,0.0,0.0,0.0,1.0,0.0,0.0,0.0,0.0,0.0,1.0,1.0,670,54,80,67.0,13.703203194062976,67.0,0.0010035991668701,10,0.9323401668531336,169.0
20.0,6,64.0,590.663850161949,0.0,0.0,0.5,0.5,0.5,0.0,0.0,5,0,0,5,0,0.0169301033020019,0.0,1.0,0.0,0.0,0.0,0.0,0.0,1.0,0.0,0.0,0.0,0.0,0.0,1.0,1.0,680,54,82,68.0,14.757295747452437,68.0,0.0016945123672485,10,0.9327695619956824,196.0
20.0,6,64.0,476.5279829125861,0.0,0.0,0.5,0.5,0.5,0.0,0.0,5,0,0,5,0,0.0209851264953613,0.0,1.0,0.0,0.0,0.0,0.0,0.0,1.0,0.0,0.0,0.0,0.0,0.0,1.0,1.0,680,54,82,68.0,14.757295747452437,68.0,0.002100396156311,10,0.9327695619956824,196.0
20.0,6,64.0,221.8727154426817,0.0,0.0,1.0,0.0,0.0,0.0,0.0,0,0,0,10,0,0.0450708866119384,0.0,1.0,0.0,0.0,0.0,0.0,0.0,1.0,0.0,0.0,0.0,0.0,0.0,1.0,1.0,4518,54,496,451.8,139.77267257944231,451.8,0.0045100927352905,10,0.9836958259019616,48841.0
20.0,6,64.0,157.09709799691373,0.0,0.0,1.0,0.0,0.0,0.0,0.0,0,0,0,10,0,0.0636548995971679,0.0,1.0,0.0,0.0,0.0,0.0,0.0,1.0,0.0,0.0,0.0,0.0,0.0,1.0,1.0,4978,496,498,497.8,0.632455532033676,497.8,0.0067265033721923,10,0.0,1.0
20.0,6,64.0,351.54378053993344,0.0,0.0,1.0,0.0,0.0,0.0,0.0,0,0,0,10,0,0.0284459590911865,0.0,1.0,0.0,0.0,0.0,0.0,0.0,1.0,0.0,0.0,0.0,0.0,0.0,1.0,1.0,1092,66,498,109.2,136.61039491927394,109.2,0.0029397964477539,10,0.9619580804743156,46656.0
20.0,6,64.0,300.0195992875587,0.0,0.0,1.0,0.0,0.0,0.0,0.0,0,0,0,10,0,0.0333311557769775,0.0,1.0,0.0,0.0,0.0,0.0,0.0,1.0,0.0,0.0,0.0,0.0,0.0,1.0,1.0,678,66,68,67.8,0.6324555320336757,67.8,0.0037933111190795,10,0.0,1.0
20.0,6,64.0,448.7950608301144,0.0,0.0,1.0,0.0,0.0,0.0,0.0,0,0,0,10,0,0.0222818851470947,0.0,1.0,0.0,0.0,0.0,0.0,0.0,1.0,0.0,0.0,0.0,0.0,0.0,1.0,1.0,662,66,68,66.2,0.6324555320336757,66.2,0.0023512840270996,10,0.0,1.0
20.0,6,64.0,279.39116591062,0.0,0.0,1.0,0.0,0.0,0.0,0.0,0,0,0,10,0,0.0357921123504638,0.0,1.0,0.0,0.0,0.0,0.0,0.0,1.0,0.0,0.0,0.0,0.0,0.0,1.0,1.0,678,66,68,67.8,0.6324555320336757,67.8,0.0035812139511108,10,0.0,1.0
20.0,6,64.0,292.83493098561064,0.0,0.0,1.0,0.0,0.0,0.0,0.0,0,0,0,10,0,0.0341489315032959,0.0,1.0,0.0,0.0,0.0,0.0,0.0,1.0,0.0,0.0,0.0,0.0,0.0,1.0,1.0,662,66,68,66.2,0.6324555320336757,66.2,0.0037202835083007,10,0.0,1.0
20.0,6,64.0,443.5178546881113,0.0,0.0,1.0,0.0,0.0,0.0,0.0,0,0,0,10,0,0.0225470066070556,0.0,1.0,0.0,0.0,0.0,0.0,0.0,1.0,0.0,0.0,0.0,0.0,0.0,1.0,1.0,678,66,68,67.8,0.6324555320336757,67.8,0.0029096126556396,10,0.0,1.0
20.0,6,64.0,857.1174006334934,0.0,0.0,0.6,0.4,0.4,0.0,0.0,4,0,0,6,0,0.0116670131683349,0.0,1.0,0.0,0.0,0.0,0.0,0.0,1.0,0.0,0.0,0.0,0.0,0.0,1.0,1.0,604,54,68,60.4,5.641118880348314,60.4,0.0011674880981445,10,0.9290559961870988,34.666666666666664
20.0,6,64.0,1246.8575165730254,0.0,0.0,0.5,0.5,0.5,0.0,0.0,5,0,0,5,0,0.0080201625823974,0.0,1.0,0.0,0.0,0.0,0.0,0.0,1.0,0.0,0.0,0.0,0.0,0.0,1.0,1.0,590,54,64,59.0,5.270462766947299,59.0,0.0008045196533203,10,0.9289050057127436,25.0
20.0,6,64.0,975.6010420543356,0.0,0.0,0.5,0.5,0.5,0.0,0.0,5,0,0,5,0,0.0102500915527343,0.0,1.0,0.0,0.0,0.0,0.0,0.0,1.0,0.0,0.0,0.0,0.0,0.0,1.0,1.0,612,54,66,61.2,6.196773353931867,61.2,0.0013175964355468,10,0.9292823475934576,36.0
20.0,6,64.0,626.2491974617394,0.0,0.0,0.6,0.4,0.4,0.0,0.0,4,0,0,6,0,0.0159680843353271,0.0,1.0,0.0,0.0,0.0,0.0,0.0,1.0,0.0,0.0,0.0,0.0,0.0,1.0,1.0,1758,54,1224,175.8,368.3482048279861,175.8,0.001599097251892,10,1.0,133848.8888888889
20.0,6,64.0,882.9184296389853,0.0,0.0,0.5,0.5,0.5,0.0,0.0,5,0,0,5,0,0.0113260746002197,0.0,1.0,0.0,0.0,0.0,0.0,0.0,1.0,0.0,0.0,0.0,0.0,0.0,1.0,1.0,6390,54,1224,639.0,616.644143732834,639.0,0.0014214992523193,10,1.0,342225.0
20.0,6,64.0,880.9712245326612,0.0,0.0,0.5,0.5,0.5,0.0,0.0,5,0,0,5,0,0.0113511085510253,0.0,1.0,0.0,0.0,0.0,0.0,0.0,1.0,0.0,0.0,0.0,0.0,0.0,1.0,1.0,6392,54,1226,639.2,616.8552504437325,639.2,0.0019572973251342,10,1.0,342459.36
20.0,6,64.0,744.6082834774272,0.0,0.0,0.6,0.4,0.4,0.0,0.0,4,0,0,6,0,0.0134298801422119,0.0,1.0,0.0,0.0,0.0,0.0,0.0,1.0,0.0,0.0,0.0,0.0,0.0,1.0,1.0,7572,54,1226,757.2,605.2181975673457,757.2,0.0018075942993164,10,1.0,343396.0
20.0,6,64.0,243.74151557415155,0.0,0.0,0.8,0.2,0.2,0.0,0.0,2,0,0,8,0,0.0410270690917968,0.0,1.0,0.0,0.0,0.0,0.0,0.0,1.0,0.0,0.0,0.0,0.0,0.0,1.0,1.0,4816,54,1226,481.6,517.2420881732052,481.6,0.0044945001602172,10,1.0,343396.0
20.0,6,64.0,2045.004388103364,0.0,0.0,0.7,0.3,0.3,0.0,0.0,3,0,0,7,0,0.004889965057373,0.0,1.0,0.0,0.0,0.0,0.0,0.0,1.0,0.0,0.0,0.0,0.0,0.0,1.0,1.0,1608,54,208,160.8,73.70330913722788,160.8,0.0004919052124023,10,0.9567818100101412,5776.0
20.0,6,64.0,450.81622562823793,0.0,0.0,0.8,0.2,0.2,0.0,0.0,2,0,0,8,0,0.0221819877624511,0.0,1.0,0.0,0.0,0.0,0.0,0.0,1.0,0.0,0.0,0.0,0.0,0.0,1.0,1.0,1772,54,208,177.2,64.93210128879072,177.2,0.0022207021713256,10,0.9532087707810016,5270.222222222222
20.0,6,64.0,398.50112111883857,0.0,0.0,0.5,0.5,0.5,0.0,0.0,5,0,0,5,0,0.0250940322875976,0.0,1.0,0.0,0.0,0.0,0.0,0.0,1.0,0.0,0.0,0.0,0.0,0.0,1.0,1.0,7300,54,1406,730.0,712.5665660912748,730.0,0.0028111934661865,10,1.0,456976.0
20.0,6,64.0,424.5590736091991,0.0,0.0,0.5,0.5,0.5,0.0,0.0,5,0,0,5,0,0.0235538482666015,0.0,1.0,0.0,0.0,0.0,0.0,0.0,1.0,0.0,0.0,0.0,0.0,0.0,1.0,1.0,7300,54,1406,730.0,712.5665660912748,730.0,0.0027627944946289,10,1.0,456976.0
20.0,6,64.0,883.0857335354556,0.0,0.0,0.5,0.5,0.5,0.0,0.0,5,0,0,5,0,0.0113239288330078,0.0,1.0,0.0,0.0,0.0,0.0,0.0,1.0,0.0,0.0,0.0,0.0,0.0,1.0,1.0,7300,54,1406,730.0,712.5665660912748,730.0,0.0011346101760864,10,1.0,456976.0
20.0,6,64.0,711.1882799782962,0.0,0.0,0.5,0.5,0.5,0.0,0.0,5,0,0,5,0,0.0140609741210937,0.0,1.0,0.0,0.0,0.0,0.0,0.0,1.0,0.0,0.0,0.0,0.0,0.0,1.0,1.0,7300,54,1406,730.0,712.5665660912748,730.0,0.0019000053405761,10,1.0,456976.0
20.0,6,64.0,732.3864568964012,0.0,0.0,0.5,0.5,0.5,0.0,0.0,5,0,0,5,0,0.0136539936065673,0.0,1.0,0.0,0.0,0.0,0.0,0.0,1.0,0.0,0.0,0.0,0.0,0.0,1.0,1.0,790,54,104,79.0,26.352313834736496,79.0,0.0013684034347534,10,0.9374929085637184,625.0
20.0,6,64.0,243.84779512223483,0.0,0.0,0.6,0.4,0.4,0.0,0.0,4,0,0,6,0,0.0410091876983642,0.0,1.0,0.0,0.0,0.0,0.0,0.0,1.0,0.0,0.0,0.0,0.0,0.0,1.0,1.0,894,54,106,89.4,24.441312930728124,89.4,0.004426097869873,10,0.9367144432354614,600.0
20.0,6,64.0,774.5856802526363,0.0,0.0,0.6,0.4,0.4,0.0,0.0,4,0,0,6,0,0.0129101276397705,0.0,1.0,0.0,0.0,0.0,0.0,0.0,1.0,0.0,0.0,0.0,0.0,0.0,1.0,1.0,800,54,106,80.0,27.406406388125955,80.0,0.0012948989868164,10,0.937922303706267,676.0
20.0,6,64.0,476.1006617705484,0.0,0.0,0.7,0.3,0.3,0.0,0.0,3,0,0,7,0,0.0210039615631103,0.0,1.0,0.0,0.0,0.0,0.0,0.0,1.0,0.0,0.0,0.0,0.0,0.0,1.0,1.0,5376,54,1224,537.6,591.140366861656,537.6,0.0026518821716308,10,1.0,314502.24
20.0,6,64.0,382.9365470647312,0.0,0.0,0.7,0.3,0.3,0.0,0.0,3,0,0,7,0,0.0261139869689941,0.0,1.0,0.0,0.0,0.0,0.0,0.0,1.0,0.0,0.0,0.0,0.0,0.0,1.0,1.0,9904,54,1226,990.4,493.5268089082001,990.4,0.0029251098632812,10,1.0,342225.0
20.0,6,64.0,277.3313585210066,0.0,0.0,0.8,0.2,0.2,0.0,0.0,2,0,0,8,0,0.0360579490661621,0.0,1.0,0.0,0.0,0.0,0.0,0.0,1.0,0.0,0.0,0.0,0.0,0.0,1.0,1.0,8744,54,1226,874.4,566.1297848844674,874.4,0.0036081075668334,10,1.0,343396.0
20.0,6,64.0,999.0005954507562,0.0,0.0,0.5,0.5,0.5,0.0,0.0,5,0,0,5,0,0.0100100040435791,0.0,1.0,0.0,0.0,0.0,0.0,0.0,1.0,0.0,0.0,0.0,0.0,0.0,1.0,1.0,1772,54,1226,177.2,368.5589957297655,177.2,0.0012269020080566,10,1.0,336400.0
20.0,6,64.0,613.2292352003743,0.0,0.0,0.5,0.5,0.5,0.0,0.0,5,0,0,5,0,0.0163071155548095,0.0,1.0,0.0,0.0,0.0,0.0,0.0,1.0,0.0,0.0,0.0,0.0,0.0,1.0,1.0,600,54,66,60.0,6.324555320336759,60.0,0.0016336917877197,10,0.9293344008552924,36.0
20.0,6,64.0,327.12797154801274,0.0,0.0,0.6,0.4,0.4,0.0,0.0,4,0,0,6,0,0.0305690765380859,0.0,1.0,0.0,0.0,0.0,0.0,0.0,1.0,0.0,0.0,0.0,0.0,0.0,1.0,1.0,610,54,68,61.0,7.378647873726218,61.0,0.0030596017837524,10,0.9297637959978412,49.0
20.0,6,64.0,546.0551223132104,0.0,0.0,0.5,0.5,0.5,0.0,0.0,5,0,0,5,0,0.0183131694793701,0.0,1.0,0.0,0.0,0.0,0.0,0.0,1.0,0.0,0.0,0.0,0.0,0.0,1.0,1.0,622,54,68,62.2,7.083627444874398,62.2,0.0020925045013427,10,0.929643616475944,49.0
20.0,6,64.0,1385.630657416584,0.0,0.0,0.5,0.5,0.5,0.0,0.0,5,0,0,5,0,0.0072169303894042,0.0,1.0,0.0,0.0,0.0,0.0,0.0,1.0,0.0,0.0,0.0,0.0,0.0,1.0,1.0,600,54,66,60.0,6.324555320336759,60.0,0.0007252931594848,10,0.9293344008552924,36.0
20.0,6,64.0,317.3800263329146,0.0,0.0,0.5,0.5,0.5,0.0,0.0,5,0,0,5,0,0.0315079689025878,0.0,1.0,0.0,0.0,0.0,0.0,0.0,1.0,0.0,0.0,0.0,0.0,0.0,1.0,1.0,602,54,68,60.2,6.562519841239848,60.2,0.0031544923782348,10,0.9294313380825274,38.76
20.0,6,64.0,506.6869616690223,0.0,0.0,0.6,0.4,0.4,0.0,0.0,4,0,0,6,0,0.0197360515594482,0.0,1.0,0.0,0.0,0.0,0.0,0.0,1.0,0.0,0.0,0.0,0.0,0.0,1.0,1.0,610,54,68,61.0,7.378647873726218,61.0,0.0019767045974731,10,0.9297637959978412,49.0
20.0,6,64.0,525.1545049331397,0.0,0.0,0.6,0.4,0.4,0.0,0.0,4,0,0,6,0,0.0190420150756835,0.0,1.0,0.0,0.0,0.0,0.0,0.0,1.0,0.0,0.0,0.0,0.0,0.0,1.0,1.0,616,54,68,61.6,6.719788356455548,61.6,0.002355408668518,10,0.9294954029848858,49.0
20.0,6,64.0,139.60212616534696,0.0,0.0,1.0,0.0,0.0,0.0,0.0,0,0,0,10,0,0.0716321468353271,0.0,1.0,0.0,0.0,0.0,0.0,0.0,1.0,0.0,0.0,0.0,0.0,0.0,1.0,1.0,644,64,66,64.4,0.8432740427115678,64.4,0.007551097869873,10,0.0,0.64
20.0,6,64.0,62137.83703703704,0.0,0.0,1.0,0.0,0.0,0.0,0.0,0,0,0,10,0,0.0001609325408935,0.0,1.0,0.0,0.0,0.0,0.0,0.0,1.0,0.0,0.0,0.0,0.0,0.0,1.0,1.0,660,66,66,66.0,0.0,66.0,0.0004768848419189,10,0.0,0.0
20.0,6,64.0,568.0183096111916,0.0,0.0,1.0,0.0,0.0,0.0,0.0,0,0,0,10,0,0.0176050662994384,0.0,1.0,0.0,0.0,0.0,0.0,0.0,1.0,0.0,0.0,0.0,0.0,0.0,1.0,1.0,664,66,68,66.4,0.8432740427115678,66.4,0.0017619132995605,10,0.0,0.64
20.0,6,64.0,275.1554115223637,0.0,0.0,0.9,0.1,0.1,0.0,0.0,1,0,0,9,0,0.0363430976867675,0.0,1.0,0.0,0.0,0.0,0.0,0.0,1.0,0.0,0.0,0.0,0.0,0.0,1.0,1.0,664,54,68,66.4,4.402019738458447,66.4,0.0040066003799438,10,0.9285512367606584,17.44
20.0,6,64.0,784.9357162908207,0.0,0.0,0.5,0.5,0.5,0.0,0.0,5,0,0,5,0,0.0127398967742919,0.0,1.0,0.0,0.0,0.0,0.0,0.0,1.0,0.0,0.0,0.0,0.0,0.0,1.0,1.0,612,54,66,61.2,6.196773353931867,61.2,0.0012775897979736,10,0.9292823475934576,36.0
20.0,6,64.0,259.02757449436467,0.0,0.0,0.6,0.4,0.4,0.0,0.0,4,0,0,6,0,0.0386059284210205,0.0,1.0,0.0,0.0,0.0,0.0,0.0,1.0,0.0,0.0,0.0,0.0,0.0,1.0,1.0,604,54,68,60.4,6.785605679999719,60.4,0.0038640022277832,10,0.9295222143298046,41.44
20.0,6,64.0,3259.483991296239,0.0,0.0,0.6,0.4,0.4,0.0,0.0,4,0,0,6,0,0.0030679702758789,0.0,1.0,0.0,0.0,0.0,0.0,0.0,1.0,0.0,0.0,0.0,0.0,0.0,1.0,1.0,624,54,68,62.4,7.229568912920511,62.4,0.0010545015335083,10,0.9297030671923672,49.0
20.0,6,64.0,406.9650602058935,0.0,0.0,0.8,0.2,0.2,0.0,0.0,2,0,0,8,0,0.0245721340179443,0.0,1.0,0.0,0.0,0.0,0.0,0.0,1.0,0.0,0.0,0.0,0.0,0.0,1.0,1.0,628,54,68,62.8,4.9170903772228725,62.8,0.0024599075317382,10,0.9287610559360656,49.0
20.0,6,64.0,309.9521877609536,0.0,0.0,1.0,0.0,0.0,0.0,0.0,0,0,0,10,0,0.0322630405426025,0.0,1.0,0.0,0.0,0.0,0.0,0.0,1.0,0.0,0.0,0.0,0.0,0.0,1.0,1.0,646,64,65,64.6,0.5163977794943222,64.6,0.0037427902221679,10,0.0,0.25
20.0,6,64.0,419.6234267763171,0.0,0.0,0.7,0.3,0.3,0.0,0.0,3,0,0,7,0,0.0238308906555175,0.0,1.0,0.0,0.0,0.0,0.0,0.0,1.0,0.0,0.0,0.0,0.0,0.0,1.0,1.0,620,54,66,62.0,5.537749241945384,62.0,0.0026571035385131,10,0.9290138875311988,27.6
20.0,6,64.0,695.2153950705276,0.0,0.0,0.5,0.5,0.5,0.0,0.0,5,0,0,5,0,0.0143840312957763,0.0,1.0,0.0,0.0,0.0,0.0,0.0,1.0,0.0,0.0,0.0,0.0,0.0,1.0,1.0,600,54,66,60.0,6.324555320336759,60.0,0.0014409065246582,10,0.9293344008552924,36.0
20.0,6,64.0,529.6640905187654,0.0,0.0,0.6,0.4,0.4,0.0,0.0,4,0,0,6,0,0.0188798904418945,0.0,1.0,0.0,0.0,0.0,0.0,0.0,1.0,0.0,0.0,0.0,0.0,0.0,1.0,1.0,634,54,68,63.4,6.535373831014651,63.4,0.002108097076416,10,0.9294202798838022,40.09876543209876
20.0,6,64.0,305.0269806408448,0.0,0.0,0.6,0.4,0.4,0.0,0.0,4,0,0,6,0,0.0327839851379394,0.0,1.0,0.0,0.0,0.0,0.0,0.0,1.0,0.0,0.0,0.0,0.0,0.0,1.0,1.0,610,54,68,61.0,7.378647873726218,61.0,0.0032813072204589,10,0.9297637959978412,49.0
20.0,6,64.0,461.8311146346029,0.0,0.0,0.5,0.5,0.5,0.0,0.0,5,0,0,5,0,0.0216529369354248,0.0,1.0,0.0,0.0,0.0,0.0,0.0,1.0,0.0,0.0,0.0,0.0,0.0,1.0,1.0,600,54,64,60.0,5.163977794943222,60.0,0.0026533842086791,10,0.928861627994548,25.0
20.0,6,64.0,353.7825162792267,0.0,0.0,0.6,0.4,0.4,0.0,0.0,4,0,0,6,0,0.0282659530639648,0.0,1.0,0.0,0.0,0.0,0.0,0.0,1.0,0.0,0.0,0.0,0.0,0.0,1.0,1.0,592,54,66,59.2,5.513619500836088,59.2,0.0028295040130615,10,0.9290040580398606,27.360000000000003
20.0,6,64.0,415.2118476280985,0.0,0.0,0.5,0.5,0.5,0.0,0.0,5,0,0,5,0,0.0240840911865234,0.0,1.0,0.0,0.0,0.0,0.0,0.0,1.0,0.0,0.0,0.0,0.0,0.0,1.0,1.0,612,54,66,61.2,6.196773353931867,61.2,0.0027234077453613,10,0.9292823475934576,36.0
20.0,6,64.0,601.4977556610403,0.0,0.0,0.6,0.4,0.4,0.0,0.0,4,0,0,6,0,0.016625165939331,0.0,1.0,0.0,0.0,0.0,0.0,0.0,1.0,0.0,0.0,0.0,0.0,0.0,1.0,1.0,596,54,66,59.6,5.94792213951879,59.6,0.0016663074493408,10,0.9291809755627544,36.0
20.0,6,64.0,978.5828608758544,0.0,0.0,0.5,0.5,0.5,0.0,0.0,5,0,0,5,0,0.010218858718872,0.0,1.0,0.0,0.0,0.0,0.0,0.0,1.0,0.0,0.0,0.0,0.0,0.0,1.0,1.0,600,54,64,60.0,5.163977794943222,60.0,0.0021521806716918,10,0.928861627994548,24.691358024691358
20.0,6,64.0,2543.8524987869964,0.0,0.0,0.6,0.4,0.4,0.0,0.0,4,0,0,6,0,0.0039310455322265,0.0,1.0,0.0,0.0,0.0,0.0,0.0,1.0,0.0,0.0,0.0,0.0,0.0,1.0,1.0,608,54,66,60.8,5.902918298980975,60.8,0.0003946065902709,10,0.9291626427982728,31.50617283950617
20.0,6,64.0,693.2963073159443,0.0,0.0,0.5,0.5,0.5,0.0,0.0,5,0,0,5,0,0.0144238471984863,0.0,1.0,0.0,0.0,0.0,0.0,0.0,1.0,0.0,0.0,0.0,0.0,0.0,1.0,1.0,600,54,66,60.0,6.324555320336759,60.0,0.0014436960220336,10,0.9293344008552924,36.0
20.0,6,64.0,648.5101119426063,0.0,0.0,0.6,0.4,0.4,0.0,0.0,4,0,0,6,0,0.0154199600219726,0.0,1.0,0.0,0.0,0.0,0.0,0.0,1.0,0.0,0.0,0.0,0.0,0.0,1.0,1.0,600,54,66,60.0,6.324555320336759,60.0,0.0015439987182617,10,0.9293344008552924,36.0
20.0,6,64.0,773.7568948659767,0.0,0.0,0.5,0.5,0.5,0.0,0.0,5,0,0,5,0,0.0129239559173583,0.0,1.0,0.0,0.0,0.0,0.0,0.0,1.0,0.0,0.0,0.0,0.0,0.0,1.0,1.0,612,54,66,61.2,6.196773353931867,61.2,0.0017678022384643,10,0.9292823475934576,36.0
20.0,6,64.0,512.8451427523385,0.0,0.0,0.5,0.5,0.5,0.0,0.0,5,0,0,5,0,0.0194990634918212,0.0,1.0,0.0,0.0,0.0,0.0,0.0,1.0,0.0,0.0,0.0,0.0,0.0,1.0,1.0,610,54,68,61.0,7.378647873726218,61.0,0.0019535064697265,10,0.9297637959978412,49.0
20.0,6,64.0,307.3425661317506,0.0,0.0,0.5,0.5,0.5,0.0,0.0,5,0,0,5,0,0.0325369834899902,0.0,1.0,0.0,0.0,0.0,0.0,0.0,1.0,0.0,0.0,0.0,0.0,0.0,1.0,1.0,610,54,68,61.0,7.378647873726218,61.0,0.0032552003860473,10,0.9297637959978412,49.0
20.0,6,64.0,1813.9099597803051,0.0,0.0,0.6,0.4,0.4,0.0,0.0,4,0,0,6,0,0.0055129528045654,0.0,1.0,0.0,0.0,0.0,0.0,0.0,1.0,0.0,0.0,0.0,0.0,0.0,1.0,1.0,7300,54,1406,730.0,712.5665660912748,730.0,0.0005542039871215,10,1.0,456976.0
20.0,6,64.0,311.5453579837925,0.0,0.0,0.5,0.5,0.5,0.0,0.0,5,0,0,5,0,0.0320980548858642,0.0,1.0,0.0,0.0,0.0,0.0,0.0,1.0,0.0,0.0,0.0,0.0,0.0,1.0,1.0,7300,54,1406,730.0,712.5665660912748,730.0,0.0036756038665771,10,1.0,456976.0
20.0,6,64.0,3358.12970376301,0.0,0.0,0.5,0.5,0.5,0.0,0.0,5,0,0,5,0,0.0029778480529785,0.0,1.0,0.0,0.0,0.0,0.0,0.0,1.0,0.0,0.0,0.0,0.0,0.0,1.0,1.0,7300,54,1406,730.0,712.5665660912748,730.0,0.0010043859481811,10,1.0,456976.0
20.0,6,64.0,512.4817027723813,0.0,0.0,0.5,0.5,0.5,0.0,0.0,5,0,0,5,0,0.0195128917694091,0.0,1.0,0.0,0.0,0.0,0.0,0.0,1.0,0.0,0.0,0.0,0.0,0.0,1.0,1.0,7300,54,1406,730.0,712.5665660912748,730.0,0.002158498764038,10,1.0,456976.0
20.0,6,64.0,659.2433553903462,0.0,0.0,1.0,0.0,0.0,0.0,0.0,0,0,0,10,0,0.0151689052581787,0.0,1.0,0.0,0.0,0.0,0.0,0.0,1.0,0.0,0.0,0.0,0.0,0.0,1.0,1.0,640,64,64,64.0,0.0,64.0,0.0021296024322509,10,0.0,0.0
20.0,6,64.0,211.4650734830724,0.0,0.0,0.9,0.1,0.1,0.0,0.0,1,0,0,9,0,0.0472891330718994,0.0,1.0,0.0,0.0,0.0,0.0,0.0,1.0,0.0,0.0,0.0,0.0,0.0,1.0,1.0,648,54,66,64.8,3.794733192202055,64.8,0.004909610748291,10,0.9283038525131756,14.22222222222222
20.0,6,64.0,2959.5709850409257,0.0,0.0,0.5,0.5,0.5,0.0,0.0,5,0,0,5,0,0.0033788681030273,0.0,1.0,0.0,0.0,0.0,0.0,0.0,1.0,0.0,0.0,0.0,0.0,0.0,1.0,1.0,612,54,66,61.2,6.196773353931867,61.2,0.0006035804748535,10,0.9292823475934576,35.55555555555556
20.0,6,64.0,340.7260822589948,0.0,0.0,0.5,0.5,0.5,0.0,0.0,5,0,0,5,0,0.0293490886688232,0.0,1.0,0.0,0.0,0.0,0.0,0.0,1.0,0.0,0.0,0.0,0.0,0.0,1.0,1.0,600,54,66,60.0,6.324555320336759,60.0,0.0029367208480834,10,0.9293344008552924,36.0
20.0,6,64.0,229.3473315835521,0.0,0.0,0.6,0.4,0.4,0.0,0.0,4,0,0,6,0,0.0436019897460937,0.0,1.0,0.0,0.0,0.0,0.0,0.0,1.0,0.0,0.0,0.0,0.0,0.0,1.0,1.0,605,54,67,60.5,6.851601597031489,60.5,0.0043640851974487,10,0.9295490984265669,42.25
20.0,6,64.0,3138.74429394597,0.0,0.0,0.6,0.4,0.4,0.0,0.0,4,0,0,6,0,0.0031859874725341,0.0,1.0,0.0,0.0,0.0,0.0,0.0,1.0,0.0,0.0,0.0,0.0,0.0,1.0,1.0,617,54,67,61.7,6.634087059355726,61.7,0.0003220081329345,10,0.9294604917044992,41.72839506172839
20.0,6,64.0,592.2401547563576,0.0,0.0,0.5,0.5,0.5,0.0,0.0,5,0,0,5,0,0.0168850421905517,0.0,1.0,0.0,0.0,0.0,0.0,0.0,1.0,0.0,0.0,0.0,0.0,0.0,1.0,1.0,600,54,66,60.0,6.324555320336759,60.0,0.0017687082290649,10,0.9293344008552924,36.0
20.0,6,64.0,587.125059492147,0.0,0.0,0.5,0.5,0.5,0.0,0.0,5,0,0,5,0,0.0170321464538574,0.0,1.0,0.0,0.0,0.0,0.0,0.0,1.0,0.0,0.0,0.0,0.0,0.0,1.0,1.0,602,54,68,60.2,6.562519841239848,60.2,0.0020931005477905,10,0.9294313380825274,38.76
20.0,6,64.0,290.4280629838386,0.0,0.0,0.6,0.4,0.4,0.0,0.0,4,0,0,6,0,0.0344319343566894,0.0,1.0,0.0,0.0,0.0,0.0,0.0,1.0,0.0,0.0,0.0,0.0,0.0,1.0,1.0,638,54,68,63.8,6.762642481555072,63.8,0.0037936925888061,10,0.9295128600412864,45.9375
20.0,6,64.0,403.0310659274135,0.0,0.0,0.5,0.5,0.5,0.0,0.0,5,0,0,5,0,0.0248119831085205,0.0,1.0,0.0,0.0,0.0,0.0,0.0,1.0,0.0,0.0,0.0,0.0,0.0,1.0,1.0,604,54,68,60.4,6.785605679999719,60.4,0.0024848937988281,10,0.9295222143298046,49.0
20.0,6,64.0,996.7215607994108,0.0,0.0,0.5,0.5,0.5,0.0,0.0,5,0,0,5,0,0.0100328922271728,0.0,1.0,0.0,0.0,0.0,0.0,0.0,1.0,0.0,0.0,0.0,0.0,0.0,1.0,1.0,600,54,66,60.0,6.324555320336759,60.0,0.0010071992874145,10,0.9293344008552924,36.0
20.0,6,64.0,812.015565407624,0.0,0.0,0.5,0.5,0.5,0.0,0.0,5,0,0,5,0,0.012315034866333,0.0,1.0,0.0,0.0,0.0,0.0,0.0,1.0,0.0,0.0,0.0,0.0,0.0,1.0,1.0,606,54,68,60.6,6.995236474439826,60.6,0.0012323141098022,10,0.9296076095302278,44.04
20.0,6,64.0,562.080915559963,0.0,0.0,0.6,0.4,0.4,0.0,0.0,4,0,0,6,0,0.0177910327911376,0.0,1.0,0.0,0.0,0.0,0.0,0.0,1.0,0.0,0.0,0.0,0.0,0.0,1.0,1.0,610,54,68,61.0,7.378647873726218,61.0,0.0017856836318969,10,0.9297637959978412,49.0
20.0,6,64.0,376.0122638887644,0.0,0.0,0.9,0.1,0.1,0.0,0.0,1,0,0,9,0,0.0265948772430419,0.0,1.0,0.0,0.0,0.0,0.0,0.0,1.0,0.0,0.0,0.0,0.0,0.0,1.0,1.0,673,54,69,67.3,4.691600058733813,67.3,0.0029736995697021,10,0.9286692001999258,43.55555555555557
20.0,6,64.0,327.32199157171846,0.0,0.0,1.0,0.0,0.0,0.0,0.0,0,0,0,10,0,0.0305509567260742,0.0,1.0,0.0,0.0,0.0,0.0,0.0,1.0,0.0,0.0,0.0,0.0,0.0,1.0,1.0,704,69,71,70.4,0.9660917830792958,70.4,0.0033745050430297,10,0.0,1.0
20.0,6,64.0,236.0780340639177,0.0,0.0,0.7,0.3,0.3,0.0,0.0,3,0,0,7,0,0.0423588752746582,0.0,1.0,0.0,0.0,0.0,0.0,0.0,1.0,0.0,0.0,0.0,0.0,0.0,1.0,1.0,607,54,71,60.7,7.318925239860473,60.7,0.0046660900115966,10,0.9297394673857096,57.38775510204082
20.0,6,64.0,1455.142936441854,0.0,0.0,0.5,0.5,0.5,0.0,0.0,5,0,0,5,0,0.0068721771240234,0.0,1.0,0.0,0.0,0.0,0.0,0.0,1.0,0.0,0.0,0.0,0.0,0.0,1.0,1.0,560,54,58,56.0,2.10818510677892,56.0,0.0006898164749145,10,0.9276168202850976,4.0
20.0,6,64.0,560.4735751987706,0.0,0.0,0.5,0.5,0.5,0.0,0.0,5,0,0,5,0,0.0178420543670654,0.0,1.0,0.0,0.0,0.0,0.0,0.0,1.0,0.0,0.0,0.0,0.0,0.0,1.0,1.0,574,54,60,57.4,2.9888682361946524,57.4,0.0018532991409301,10,0.9279755753646962,8.098765432098766
20.0,6,64.0,583.6690277062663,0.0,0.0,0.5,0.5,0.5,0.0,0.0,5,0,0,5,0,0.0171329975128173,0.0,1.0,0.0,0.0,0.0,0.0,0.0,1.0,0.0,0.0,0.0,0.0,0.0,1.0,1.0,570,54,60,57.0,3.1622776601683795,57.0,0.00171639919281,10,0.9280462154276462,9.0
20.0,6,64.0,436.66559087170623,0.0,0.0,1.0,0.0,0.0,0.0,0.0,0,0,0,10,0,0.0229008197784423,0.0,1.0,0.0,0.0,0.0,0.0,0.0,1.0,0.0,0.0,0.0,0.0,0.0,1.0,1.0,11070,54,1224,1107.0,369.9864862397004,1107.0,0.0022930860519409,10,1.0,342225.0
20.0,6,64.0,231.91657358974643,0.0,0.0,1.0,0.0,0.0,0.0,0.0,0,0,0,10,0,0.0431189537048339,0.0,1.0,0.0,0.0,0.0,0.0,0.0,1.0,0.0,0.0,0.0,0.0,0.0,1.0,1.0,12258,1224,1226,1225.8,0.6324555320336759,1225.8,0.00485360622406,10,0.0,1.0
20.0,6,64.0,1203.4960259389975,0.0,0.0,0.5,0.5,0.5,0.0,0.0,5,0,0,5,0,0.0083091259002685,0.0,1.0,0.0,0.0,0.0,0.0,0.0,1.0,0.0,0.0,0.0,0.0,0.0,1.0,1.0,1762,54,1226,176.2,368.8955889619116,176.2,0.0008325099945068,10,1.0,337561.0
20.0,6,64.0,680.8824532069284,0.0,0.0,0.5,0.5,0.5,0.0,0.0,5,0,0,5,0,0.0146868228912353,0.0,1.0,0.0,0.0,0.0,0.0,0.0,1.0,0.0,0.0,0.0,0.0,0.0,1.0,1.0,590,54,64,59.0,5.270462766947299,59.0,0.0014716863632202,10,0.9289050057127436,25.0
20.0,6,64.0,566.0252898071551,0.0,0.0,0.5,0.5,0.5,0.0,0.0,5,0,0,5,0,0.0176670551300048,0.0,1.0,0.0,0.0,0.0,0.0,0.0,1.0,0.0,0.0,0.0,0.0,0.0,1.0,1.0,600,54,66,60.0,6.324555320336759,60.0,0.0017696142196655,10,0.9293344008552924,36.0
20.0,6,64.0,551.4540028136053,0.0,0.0,0.5,0.5,0.5,0.0,0.0,5,0,0,5,0,0.0181338787078857,0.0,1.0,0.0,0.0,0.0,0.0,0.0,1.0,0.0,0.0,0.0,0.0,0.0,1.0,1.0,600,54,66,60.0,6.324555320336759,60.0,0.0018175840377807,10,0.9293344008552924,36.0
20.0,6,64.0,403.0310659274135,0.0,0.0,0.5,0.5,0.5,0.0,0.0,5,0,0,5,0,0.0248119831085205,0.0,1.0,0.0,0.0,0.0,0.0,0.0,1.0,0.0,0.0,0.0,0.0,0.0,1.0,1.0,600,54,66,60.0,6.324555320336759,60.0,0.0024846076965332,10,0.9293344008552924,36.0
20.0,6,64.0,334.85050974381085,0.0,0.0,0.6,0.4,0.4,0.0,0.0,4,0,0,6,0,0.0298640727996826,0.0,1.0,0.0,0.0,0.0,0.0,0.0,1.0,0.0,0.0,0.0,0.0,0.0,1.0,1.0,600,54,66,60.0,6.324555320336759,60.0,0.0029901027679443,10,0.9293344008552924,36.0
20.0,6,64.0,356.9407779962045,0.0,0.0,0.5,0.5,0.5,0.0,0.0,5,0,0,5,0,0.0280158519744873,0.0,1.0,0.0,0.0,0.0,0.0,0.0,1.0,0.0,0.0,0.0,0.0,0.0,1.0,1.0,624,54,68,62.4,7.229568912920511,62.4,0.0032033920288085,10,0.9297030671923672,49.0
20.0,6,64.0,907.681187647428,0.0,0.0,0.6,0.4,0.4,0.0,0.0,4,0,0,6,0,0.0110170841217041,0.0,1.0,0.0,0.0,0.0,0.0,0.0,1.0,0.0,0.0,0.0,0.0,0.0,1.0,1.0,608,54,68,60.8,7.192588778272627,60.8,0.001104712486267,10,0.9296880029647172,49.0
20.0,6,64.0,262.2472598585693,0.0,0.0,1.0,0.0,0.0,0.0,0.0,0,0,0,10,0,0.0381319522857666,0.0,1.0,0.0,0.0,0.0,0.0,0.0,1.0,0.0,0.0,0.0,0.0,0.0,1.0,1.0,662,66,68,66.2,0.6324555320336759,66.2,0.0038168907165527,10,0.0,0.36
20.0,6,64.0,269.9853881160969,0.0,0.0,0.9,0.1,0.1,0.0,0.0,1,0,0,9,0,0.037039041519165,0.0,1.0,0.0,0.0,0.0,0.0,0.0,1.0,0.0,0.0,0.0,0.0,0.0,1.0,1.0,678,66,68,67.8,0.6324555320336759,67.8,0.0039890050888061,10,0.0,0.36
20.0,6,64.0,336.58639146798487,0.0,0.0,0.5,0.5,0.5,0.0,0.0,5,0,0,5,0,0.029710054397583,0.0,1.0,0.0,0.0,0.0,0.0,0.0,1.0,0.0,0.0,0.0,0.0,0.0,1.0,1.0,600,54,66,60.0,6.324555320336759,60.0,0.0029751062393188,10,0.9293344008552924,36.0
20.0,6,64.0,1617.6111689613945,0.0,0.0,0.5,0.5,0.5,0.0,0.0,5,0,0,5,0,0.0061819553375244,0.0,1.0,0.0,0.0,0.0,0.0,0.0,1.0,0.0,0.0,0.0,0.0,0.0,1.0,1.0,600,54,66,60.0,6.324555320336759,60.0,0.0006228923797607,10,0.9293344008552924,36.0
20.0,6,64.0,388.6349653459842,0.0,0.0,0.6,0.4,0.4,0.0,0.0,4,0,0,6,0,0.025731086730957,0.0,1.0,0.0,0.0,0.0,0.0,0.0,1.0,0.0,0.0,0.0,0.0,0.0,1.0,1.0,600,54,66,60.0,6.324555320336759,60.0,0.0025783061981201,10,0.9293344008552924,36.0
20.0,6,64.0,1213.278565229968,0.0,0.0,0.5,0.5,0.5,0.0,0.0,5,0,0,5,0,0.008242130279541,0.0,1.0,0.0,0.0,0.0,0.0,0.0,1.0,0.0,0.0,0.0,0.0,0.0,1.0,1.0,622,54,88,62.2,10.850499220466004,62.2,0.0011528968811035,10,0.9311780893624492,109.43209876543207
20.0,6,64.0,606.911400830572,0.0,0.0,0.6,0.4,0.4,0.0,0.0,4,0,0,6,0,0.0164768695831298,0.0,1.0,0.0,0.0,0.0,0.0,0.0,1.0,0.0,0.0,0.0,0.0,0.0,1.0,1.0,744,54,88,74.4,17.557524502806956,74.4,0.0019362926483154,10,0.9339102631814634,289.0
20.0,6,64.0,355.1906237826669,0.0,0.0,0.5,0.5,0.5,0.0,0.0,5,0,0,5,0,0.0281538963317871,0.0,1.0,0.0,0.0,0.0,0.0,0.0,1.0,0.0,0.0,0.0,0.0,0.0,1.0,1.0,750,54,90,75.0,18.092355660149213,75.0,0.0030997037887573,10,0.9341281320017184,299.55555555555554
20.0,6,64.0,379.3209977028958,0.0,0.0,0.5,0.5,0.5,0.0,0.0,5,0,0,5,0,0.0263628959655761,0.0,1.0,0.0,0.0,0.0,0.0,0.0,1.0,0.0,0.0,0.0,0.0,0.0,1.0,1.0,720,54,90,72.0,18.97366596101028,72.0,0.0026381969451904,10,0.9344871425658772,324.0
20.0,6,64.0,721.5510330471882,0.0,0.0,0.5,0.5,0.5,0.0,0.0,5,0,0,5,0,0.0138590335845947,0.0,1.0,0.0,0.0,0.0,0.0,0.0,1.0,0.0,0.0,0.0,0.0,0.0,1.0,1.0,642,54,90,64.2,14.34340731253677,64.2,0.0013893127441406,10,0.932600960402835,324.0
20.0,6,64.0,385.13419953170194,0.0,0.0,0.5,0.5,0.5,0.0,0.0,5,0,0,5,0,0.0259649753570556,0.0,1.0,0.0,0.0,0.0,0.0,0.0,1.0,0.0,0.0,0.0,0.0,0.0,1.0,1.0,590,54,64,59.0,5.270462766947299,59.0,0.0026093959808349,10,0.9289050057127436,25.0
20.0,6,64.0,459.15663178175765,0.0,0.0,0.6,0.4,0.4,0.0,0.0,4,0,0,6,0,0.0217790603637695,0.0,1.0,0.0,0.0,0.0,0.0,0.0,1.0,0.0,0.0,0.0,0.0,0.0,1.0,1.0,608,54,66,60.8,5.902918298980975,60.8,0.0021806001663208,10,0.9291626427982728,31.50617283950617
20.0,6,64.0,255.3625288434024,0.0,0.0,0.6,0.4,0.4,0.0,0.0,4,0,0,6,0,0.0391600131988525,0.0,1.0,0.0,0.0,0.0,0.0,0.0,1.0,0.0,0.0,0.0,0.0,0.0,1.0,1.0,612,54,66,61.2,6.196773353931867,61.2,0.0039191007614135,10,0.9292823475934576,36.0
20.0,6,64.0,1508.7424460431655,0.0,0.0,0.5,0.5,0.5,0.0,0.0,5,0,0,5,0,0.0066280364990234,0.0,1.0,0.0,0.0,0.0,0.0,0.0,1.0,0.0,0.0,0.0,0.0,0.0,1.0,1.0,590,54,64,59.0,5.270462766947299,59.0,0.0006656885147094,10,0.9289050057127436,25.0
20.0,6,64.0,757.6963653443167,0.0,0.0,0.5,0.5,0.5,0.0,0.0,5,0,0,5,0,0.013197898864746,0.0,1.0,0.0,0.0,0.0,0.0,0.0,1.0,0.0,0.0,0.0,0.0,0.0,1.0,1.0,590,54,64,59.0,5.270462766947299,59.0,0.0013222932815551,10,0.9289050057127436,25.0
20.0,6,64.0,284.90816215628735,0.0,0.0,0.5,0.5,0.5,0.0,0.0,5,0,0,5,0,0.0350990295410156,0.0,1.0,0.0,0.0,0.0,0.0,0.0,1.0,0.0,0.0,0.0,0.0,0.0,1.0,1.0,600,54,66,60.0,6.324555320336759,60.0,0.0035122156143188,10,0.9293344008552924,36.0
20.0,6,64.0,2113.7448974449426,0.0,0.0,0.5,0.5,0.5,0.0,0.0,5,0,0,5,0,0.0047309398651123,0.0,1.0,0.0,0.0,0.0,0.0,0.0,1.0,0.0,0.0,0.0,0.0,0.0,1.0,1.0,600,54,66,60.0,6.324555320336759,60.0,0.000476598739624,10,0.9293344008552924,36.0
20.0,6,64.0,368.07961316706303,0.0,0.0,1.0,0.0,0.0,0.0,0.0,0,0,0,10,0,0.0271680355072021,0.0,1.0,0.0,0.0,0.0,0.0,0.0,1.0,0.0,0.0,0.0,0.0,0.0,1.0,1.0,630,54,64,63.0,3.1622776601683795,63.0,0.0027184963226318,10,0.9280462154276462,25.0
20.0,6,64.0,261.74483912034145,0.0,0.0,1.0,0.0,0.0,0.0,0.0,0,0,0,10,0,0.0382051467895507,0.0,1.0,0.0,0.0,0.0,0.0,0.0,1.0,0.0,0.0,0.0,0.0,0.0,1.0,1.0,658,64,66,65.8,0.6324555320336757,65.8,0.0041263103485107,10,0.0,1.0
20.0,6,64.0,273.8368327588008,0.0,0.0,0.6,0.4,0.4,0.0,0.0,4,0,0,6,0,0.0365180969238281,0.0,1.0,0.0,0.0,0.0,0.0,0.0,1.0,0.0,0.0,0.0,0.0,0.0,1.0,1.0,612,54,66,61.2,5.00666222813829,61.2,0.0036540985107421,10,0.9287975439252544,25.75
20.0,6,64.0,624.6078241574958,0.0,0.0,0.6,0.4,0.4,0.0,0.0,4,0,0,6,0,0.016010046005249,0.0,1.0,0.0,0.0,0.0,0.0,0.0,1.0,0.0,0.0,0.0,0.0,0.0,1.0,1.0,592,54,66,59.2,5.513619500836088,59.2,0.0016041994094848,10,0.9290040580398606,27.360000000000003
20.0,6,64.0,455.9769527640376,0.0,0.0,0.5,0.5,0.5,0.0,0.0,5,0,0,5,0,0.0219309329986572,0.0,1.0,0.0,0.0,0.0,0.0,0.0,1.0,0.0,0.0,0.0,0.0,0.0,1.0,1.0,612,54,66,61.2,6.196773353931867,61.2,0.0026968955993652,10,0.9292823475934576,35.55555555555556
20.0,6,64.0,479.1081056383076,0.0,0.0,0.7,0.3,0.3,0.0,0.0,3,0,0,7,0,0.0208721160888671,0.0,1.0,0.0,0.0,0.0,0.0,0.0,1.0,0.0,0.0,0.0,0.0,0.0,1.0,1.0,612,54,66,61.2,6.196773353931867,61.2,0.0020889043807983,10,0.9292823475934576,36.0
20.0,6,64.0,277.2543627710206,0.0,0.0,0.8,0.2,0.2,0.0,0.0,2,0,0,8,0,0.0360679626464843,0.0,1.0,0.0,0.0,0.0,0.0,0.0,1.0,0.0,0.0,0.0,0.0,0.0,1.0,1.0,638,54,68,63.8,5.202563470700445,63.8,0.0040336847305297,10,0.9288773462554244,29.387755102040817
20.0,6,64.0,307.11527337428885,0.0,0.0,1.0,0.0,0.0,0.0,0.0,0,0,0,10,0,0.0325610637664794,0.0,1.0,0.0,0.0,0.0,0.0,0.0,1.0,0.0,0.0,0.0,0.0,0.0,1.0,1.0,678,66,68,67.8,0.6324555320336759,67.8,0.0034752130508422,10,0.0,0.36
20.0,6,64.0,346.9463653508917,0.0,0.0,1.0,0.0,0.0,0.0,0.0,0,0,0,10,0,0.028822898864746,0.0,1.0,0.0,0.0,0.0,0.0,0.0,1.0,0.0,0.0,0.0,0.0,0.0,1.0,1.0,662,66,68,66.2,0.6324555320336759,66.2,0.0028837919235229,10,0.0,0.36
20.0,6,64.0,668.3617241654051,0.0,0.0,1.0,0.0,0.0,0.0,0.0,0,0,0,10,0,0.0149619579315185,0.0,1.0,0.0,0.0,0.0,0.0,0.0,1.0,0.0,0.0,0.0,0.0,0.0,1.0,1.0,678,66,68,67.8,0.6324555320336759,67.8,0.0030005931854248,10,0.0,0.36
20.0,6,64.0,255.4154005419724,0.0,0.0,1.0,0.0,0.0,0.0,0.0,0,0,0,10,0,0.039151906967163,0.0,1.0,0.0,0.0,0.0,0.0,0.0,1.0,0.0,0.0,0.0,0.0,0.0,1.0,1.0,662,66,68,66.2,0.6324555320336759,66.2,0.004131007194519,10,0.0,0.36
20.0,6,64.0,116.90038545902512,0.0,0.0,0.9,0.1,0.1,0.0,0.0,1,0,0,9,0,0.0855429172515869,0.0,1.0,0.0,0.0,0.0,0.0,0.0,1.0,0.0,0.0,0.0,0.0,0.0,1.0,1.0,678,66,68,67.8,0.6324555320336759,67.8,0.0085561990737915,10,0.0,0.36
20.0,6,64.0,1047.0054917623563,0.0,0.0,0.7,0.3,0.3,0.0,0.0,3,0,0,7,0,0.0095510482788085,0.0,1.0,0.0,0.0,0.0,0.0,0.0,1.0,0.0,0.0,0.0,0.0,0.0,1.0,1.0,612,54,66,61.2,6.196773353931867,61.2,0.0009586095809936,10,0.9292823475934576,36.0
20.0,6,64.0,217.3867794466731,0.0,0.0,0.7,0.3,0.3,0.0,0.0,3,0,0,7,0,0.0460009574890136,0.0,1.0,0.0,0.0,0.0,0.0,0.0,1.0,0.0,0.0,0.0,0.0,0.0,1.0,1.0,646,54,68,64.6,5.660781257427675,64.6,0.0048961877822875,10,0.9290640058530256,30.61728395061728
20.0,6,64.0,948.937556561086,0.0,0.0,0.6,0.4,0.4,0.0,0.0,4,0,0,6,0,0.010538101196289,0.0,1.0,0.0,0.0,0.0,0.0,0.0,1.0,0.0,0.0,0.0,0.0,0.0,1.0,1.0,622,54,68,62.2,7.083627444874398,62.2,0.0010569095611572,10,0.929643616475944,49.0
20.0,6,64.0,328.2441696666145,0.0,0.0,0.6,0.4,0.4,0.0,0.0,4,0,0,6,0,0.0304651260375976,0.0,1.0,0.0,0.0,0.0,0.0,0.0,1.0,0.0,0.0,0.0,0.0,0.0,1.0,1.0,612,54,66,61.2,6.196773353931867,61.2,0.0030488014221191,10,0.9292823475934576,36.0
20.0,6,64.0,182.9257272449736,0.0,0.0,0.5,0.5,0.5,0.0,0.0,5,0,0,5,0,0.0546669960021972,0.0,1.0,0.0,0.0,0.0,0.0,0.0,1.0,0.0,0.0,0.0,0.0,0.0,1.0,1.0,604,54,68,60.4,6.785605679999719,60.4,0.0054717063903808,10,0.9295222143298046,41.44
20.0,6,64.0,913.4931939453338,0.0,0.0,0.5,0.5,0.5,0.0,0.0,5,0,0,5,0,0.0109469890594482,0.0,1.0,0.0,0.0,0.0,0.0,0.0,1.0,0.0,0.0,0.0,0.0,0.0,1.0,1.0,610,54,68,61.0,7.378647873726218,61.0,0.0010963916778564,10,0.9297637959978412,49.0
20.0,6,64.0,531.9143215857355,0.0,0.0,0.8,0.2,0.2,0.0,0.0,2,0,0,8,0,0.0188000202178955,0.0,1.0,0.0,0.0,0.0,0.0,0.0,1.0,0.0,0.0,0.0,0.0,0.0,1.0,1.0,622,54,68,62.2,5.921711464320655,62.2,0.0018898963928222,10,0.9291702983821056,49.0
20.0,6,64.0,202.08546333190395,0.0,0.0,0.7,0.3,0.3,0.0,0.0,3,0,0,7,0,0.0494840145111084,0.0,1.0,0.0,0.0,0.0,0.0,0.0,1.0,0.0,0.0,0.0,0.0,0.0,1.0,1.0,612,54,66,61.2,5.00666222813829,61.2,0.0053987979888916,10,0.9287975439252544,25.0
20.0,6,64.0,1187.918885238473,0.0,0.0,0.9,0.1,0.1,0.0,0.0,1,0,0,9,0,0.0084180831909179,0.0,1.0,0.0,0.0,0.0,0.0,0.0,1.0,0.0,0.0,0.0,0.0,0.0,1.0,1.0,648,54,66,64.8,3.794733192202055,64.8,0.0008460998535156,10,0.9283038525131756,14.22222222222222
20.0,6,64.0,906.7785104313048,0.0,0.0,0.5,0.5,0.5,0.0,0.0,5,0,0,5,0,0.0110280513763427,0.0,1.0,0.0,0.0,0.0,0.0,0.0,1.0,0.0,0.0,0.0,0.0,0.0,1.0,1.0,684,54,78,68.4,12.393546707863734,68.4,0.0016693115234375,10,0.9318066651869154,144.0
20.0,6,64.0,292.585714983293,0.0,0.0,0.5,0.5,0.5,0.0,0.0,5,0,0,5,0,0.0341780185699462,0.0,1.0,0.0,0.0,0.0,0.0,0.0,1.0,0.0,0.0,0.0,0.0,0.0,1.0,1.0,662,54,80,66.2,12.873745893613613,66.2,0.0034215927124023,10,0.9320022791272224,149.16
20.0,6,64.0,262.8191166057811,0.0,0.0,0.5,0.5,0.5,0.0,0.0,5,0,0,5,0,0.0380489826202392,0.0,1.0,0.0,0.0,0.0,0.0,0.0,1.0,0.0,0.0,0.0,0.0,0.0,1.0,1.0,670,54,80,67.0,13.703203194062976,67.0,0.0038088083267211,10,0.9323401668531336,169.0
20.0,6,64.0,1094.204320150266,0.0,0.0,0.5,0.5,0.5,0.0,0.0,5,0,0,5,0,0.009139060974121,0.0,1.0,0.0,0.0,0.0,0.0,0.0,1.0,0.0,0.0,0.0,0.0,0.0,1.0,1.0,654,54,80,65.4,12.928865207571604,65.4,0.0009188890457153,10,0.9320247325309564,169.0
20.0,6,64.0,520.2624691449906,0.0,0.0,0.6,0.4,0.4,0.0,0.0,4,0,0,6,0,0.0192210674285888,0.0,1.0,0.0,0.0,0.0,0.0,0.0,1.0,0.0,0.0,0.0,0.0,0.0,1.0,1.0,590,54,64,59.0,5.270462766947299,59.0,0.0019253015518188,10,0.9289050057127436,25.0
20.0,6,64.0,1190.1773502454528,0.0,0.0,0.6,0.4,0.4,0.0,0.0,4,0,0,6,0,0.0084021091461181,0.0,1.0,0.0,0.0,0.0,0.0,0.0,1.0,0.0,0.0,0.0,0.0,0.0,1.0,1.0,604,54,66,60.4,5.561774297230456,60.4,0.0025382995605468,10,0.9290236743777198,27.84
20.0,6,64.0,596.4426495264639,0.0,0.0,0.5,0.5,0.5,0.0,0.0,5,0,0,5,0,0.01676607131958,0.0,1.0,0.0,0.0,0.0,0.0,0.0,1.0,0.0,0.0,0.0,0.0,0.0,1.0,1.0,612,54,66,61.2,6.196773353931867,61.2,0.0017764091491699,10,0.9292823475934576,36.0
20.0,6,64.0,433.4257163819739,0.0,0.0,0.7,0.3,0.3,0.0,0.0,3,0,0,7,0,0.0230720043182373,0.0,1.0,0.0,0.0,0.0,0.0,0.0,1.0,0.0,0.0,0.0,0.0,0.0,1.0,1.0,612,54,66,61.2,6.196773353931867,61.2,0.002310299873352,10,0.9292823475934576,36.0
20.0,6,64.0,371.5390202852334,0.0,0.0,0.8,0.2,0.2,0.0,0.0,2,0,0,8,0,0.0269150733947753,0.0,1.0,0.0,0.0,0.0,0.0,0.0,1.0,0.0,0.0,0.0,0.0,0.0,1.0,1.0,640,54,68,64.0,5.333333333333333,64.0,0.0030886888504028,10,0.9289306166666668,29.387755102040817
20.0,6,64.0,1779.962654897301,0.0,0.0,0.7,0.3,0.3,0.0,0.0,3,0,0,7,0,0.0056180953979492,0.0,1.0,0.0,0.0,0.0,0.0,0.0,1.0,0.0,0.0,0.0,0.0,0.0,1.0,1.0,638,54,68,63.8,6.762642481555072,63.8,0.0005660057067871,10,0.9295128600412864,49.0
20.0,6,64.0,343.3479317938097,0.0,0.0,1.0,0.0,0.0,0.0,0.0,0,0,0,10,0,0.0291249752044677,0.0,1.0,0.0,0.0,0.0,0.0,0.0,1.0,0.0,0.0,0.0,0.0,0.0,1.0,1.0,662,66,68,66.2,0.6324555320336757,66.2,0.0029140949249267,10,0.0,1.0
20.0,6,64.0,281.58573509764824,0.0,0.0,1.0,0.0,0.0,0.0,0.0,0,0,0,10,0,0.035513162612915,0.0,1.0,0.0,0.0,0.0,0.0,0.0,1.0,0.0,0.0,0.0,0.0,0.0,1.0,1.0,678,66,68,67.8,0.6324555320336757,67.8,0.0039230108261108,10,0.0,1.0
20.0,6,64.0,265.84421922635687,0.0,0.0,1.0,0.0,0.0,0.0,0.0,0,0,0,10,0,0.0376160144805908,0.0,1.0,0.0,0.0,0.0,0.0,0.0,1.0,0.0,0.0,0.0,0.0,0.0,1.0,1.0,662,66,68,66.2,0.6324555320336757,66.2,0.003764796257019,10,0.0,1.0
20.0,6,64.0,343.1484905506013,0.0,0.0,1.0,0.0,0.0,0.0,0.0,0,0,0,10,0,0.0291419029235839,0.0,1.0,0.0,0.0,0.0,0.0,0.0,1.0,0.0,0.0,0.0,0.0,0.0,1.0,1.0,678,66,68,67.8,0.6324555320336757,67.8,0.0029809951782226,10,0.0,1.0
20.0,6,64.0,298.28495028944485,0.0,0.0,0.8,0.2,0.2,0.0,0.0,2,0,0,8,0,0.0335249900817871,0.0,1.0,0.0,0.0,0.0,0.0,0.0,1.0,0.0,0.0,0.0,0.0,0.0,1.0,1.0,939,54,109,93.9,24.61007020622972,93.9,0.0037000894546508,10,0.9367831881992096,639.1020408163265
20.0,6,64.0,722.1846482316885,0.0,0.0,0.5,0.5,0.5,0.0,0.0,5,0,0,5,0,0.0138468742370605,0.0,1.0,0.0,0.0,0.0,0.0,0.0,1.0,0.0,0.0,0.0,0.0,0.0,1.0,1.0,819,54,111,81.9,29.41824830497787,81.9,0.0013863086700439,10,0.9387418476295158,778.8900000000001
20.0,6,64.0,250.31206173200528,0.0,0.0,0.7,0.3,0.3,0.0,0.0,3,0,0,7,0,0.0399501323699951,0.0,1.0,0.0,0.0,0.0,0.0,0.0,1.0,0.0,0.0,0.0,0.0,0.0,1.0,1.0,939,54,111,93.9,27.53361581775993,93.9,0.0041011095046997,10,0.9379741237395228,722.0
20.0,6,64.0,255.2055978095528,0.0,0.0,0.6,0.4,0.4,0.0,0.0,4,0,0,6,0,0.0391840934753418,0.0,1.0,0.0,0.0,0.0,0.0,0.0,1.0,0.0,0.0,0.0,0.0,0.0,1.0,1.0,1653,54,230,165.3,85.13264160512503,165.3,0.0043808937072753,10,0.9614376628842638,6845.359375
20.0,6,64.0,998.0022366573868,0.0,0.0,0.6,0.4,0.4,0.0,0.0,4,0,0,6,0,0.0100200176239013,0.0,1.0,0.0,0.0,0.0,0.0,0.0,1.0,0.0,0.0,0.0,0.0,0.0,1.0,1.0,1422,54,232,142.2,92.97287537532416,142.2,0.0010071039199829,10,0.964631460512892,7779.56
20.0,6,64.0,276.3264553192611,0.0,0.0,0.5,0.5,0.5,0.0,0.0,5,0,0,5,0,0.0361890792846679,0.0,1.0,0.0,0.0,0.0,0.0,0.0,1.0,0.0,0.0,0.0,0.0,0.0,1.0,1.0,1608,54,232,160.8,91.91880474998938,160.8,0.0037904977798461,10,0.9642020743029556,7921.0
20.0,6,64.0,885.4159717970911,0.0,0.0,0.7,0.3,0.3,0.0,0.0,3,0,0,7,0,0.0112941265106201,0.0,1.0,0.0,0.0,0.0,0.0,0.0,1.0,0.0,0.0,0.0,0.0,0.0,1.0,1.0,1110,54,232,111.0,83.66201846317918,111.0,0.0011337995529174,10,0.9608385898411608,7921.0
20.0,6,64.0,251.9706836477232,0.0,0.0,1.0,0.0,0.0,0.0,0.0,0,0,0,10,0,0.039687156677246,0.0,1.0,0.0,0.0,0.0,0.0,0.0,1.0,0.0,0.0,0.0,0.0,0.0,1.0,1.0,660,66,66,66.0,0.0,66.0,0.0039715051651,10,0.0,0.0
20.0,6,64.0,339.9390520650976,0.0,0.0,0.8,0.2,0.2,0.0,0.0,2,0,0,8,0,0.0294170379638671,0.0,1.0,0.0,0.0,0.0,0.0,0.0,1.0,0.0,0.0,0.0,0.0,0.0,1.0,1.0,2966,54,1225,296.6,489.3240689404563,296.6,0.0029450893402099,10,1.0,215494.24
20.0,6,64.0,461.4652715890462,0.0,0.0,0.5,0.5,0.5,0.0,0.0,5,0,0,5,0,0.0216701030731201,0.0,1.0,0.0,0.0,0.0,0.0,0.0,1.0,0.0,0.0,0.0,0.0,0.0,1.0,1.0,6395,54,1225,639.5,617.1711900095287,639.5,0.0021685123443603,10,1.0,342810.25
20.0,6,64.0,2204.6275952693823,0.0,0.0,0.6,0.4,0.4,0.0,0.0,4,0,0,6,0,0.0045359134674072,0.0,1.0,0.0,0.0,0.0,0.0,0.0,1.0,0.0,0.0,0.0,0.0,0.0,1.0,1.0,6397,54,1226,639.7,617.3821165030437,639.7,0.0004583835601806,10,1.0,343044.61
20.0,6,64.0,323.677025535757,0.0,0.0,0.6,0.4,0.4,0.0,0.0,4,0,0,6,0,0.0308949947357177,0.0,1.0,0.0,0.0,0.0,0.0,0.0,1.0,0.0,0.0,0.0,0.0,0.0,1.0,1.0,7572,54,1226,757.2,605.2181975673457,757.2,0.003543996810913,10,1.0,339156.5432098766
20.0,6,64.0,1201.7718690008885,0.0,0.0,0.5,0.5,0.5,0.0,0.0,5,0,0,5,0,0.0083210468292236,0.0,1.0,0.0,0.0,0.0,0.0,0.0,1.0,0.0,0.0,0.0,0.0,0.0,1.0,1.0,2924,54,1226,292.4,492.0729846498609,292.4,0.0011799097061157,10,1.0,343396.0
20.0,6,64.0,478.1522817177578,0.0,0.0,0.5,0.5,0.5,0.0,0.0,5,0,0,5,0,0.0209138393402099,0.0,1.0,0.0,0.0,0.0,0.0,0.0,1.0,0.0,0.0,0.0,0.0,0.0,1.0,1.0,590,54,64,59.0,5.270462766947299,59.0,0.002094292640686,10,0.9289050057127436,25.0
20.0,6,64.0,626.0155223880597,0.0,0.0,0.6,0.4,0.4,0.0,0.0,4,0,0,6,0,0.0159740447998046,0.0,1.0,0.0,0.0,0.0,0.0,0.0,1.0,0.0,0.0,0.0,0.0,0.0,1.0,1.0,598,54,66,59.8,6.142746399887703,59.8,0.0015992164611816,10,0.9292603391734584,33.959999999999994
20.0,6,64.0,202.84386410349413,0.0,0.0,0.5,0.5,0.5,0.0,0.0,5,0,0,5,0,0.0492990016937255,0.0,1.0,0.0,0.0,0.0,0.0,0.0,1.0,0.0,0.0,0.0,0.0,0.0,1.0,1.0,600,54,66,60.0,6.324555320336759,60.0,0.0051415920257568,10,0.9293344008552924,36.0
20.0,6,64.0,1078.5322327650492,0.0,0.0,0.9,0.1,0.1,0.0,0.0,1,0,0,9,0,0.0092718601226806,0.0,1.0,0.0,0.0,0.0,0.0,0.0,1.0,0.0,0.0,0.0,0.0,0.0,1.0,1.0,632,54,66,63.2,3.2930904093942592,63.2,0.0013268947601318,10,0.9280995033091708,36.0
20.0,6,64.0,231.46606624504707,0.0,0.0,1.0,0.0,0.0,0.0,0.0,0,0,0,10,0,0.0432028770446777,0.0,1.0,0.0,0.0,0.0,0.0,0.0,1.0,0.0,0.0,0.0,0.0,0.0,1.0,1.0,656,64,66,65.6,0.8432740427115678,65.6,0.004562497138977,10,0.0,1.0
20.0,6,64.0,313.00776119402985,0.0,0.0,1.0,0.0,0.0,0.0,0.0,0,0,0,10,0,0.0319480895996093,0.0,1.0,0.0,0.0,0.0,0.0,0.0,1.0,0.0,0.0,0.0,0.0,0.0,1.0,1.0,2156,66,253,215.6,78.8461229935316,215.6,0.0031963109970092,10,0.9384272266626452,8742.25
20.0,6,64.0,199.98016554144257,0.0,0.0,1.0,0.0,0.0,0.0,0.0,0,0,0,10,0,0.0500049591064453,0.0,1.0,0.0,0.0,0.0,0.0,0.0,1.0,0.0,0.0,0.0,0.0,0.0,1.0,1.0,2546,253,255,254.6,0.8432740427115678,254.6,0.005300498008728,10,0.0,1.0
20.0,6,64.0,314.5358420385605,0.0,0.0,0.7,0.3,0.3,0.0,0.0,3,0,0,7,0,0.0317928791046142,0.0,1.0,0.0,0.0,0.0,0.0,0.0,1.0,0.0,0.0,0.0,0.0,0.0,1.0,1.0,1002,54,255,100.2,81.77041029614564,100.2,0.0034616947174072,10,0.960068024338238,8958.960000000001
20.0,6,64.0,584.7920471815178,0.0,0.0,0.6,0.4,0.4,0.0,0.0,4,0,0,6,0,0.0171000957489013,0.0,1.0,0.0,0.0,0.0,0.0,0.0,1.0,0.0,0.0,0.0,0.0,0.0,1.0,1.0,614,54,68,61.4,6.397916327472042,61.4,0.0018316030502319,10,0.929364285195159,36.84
20.0,6,64.0,367.17417186077455,0.0,0.0,0.7,0.3,0.3,0.0,0.0,3,0,0,7,0,0.0272350311279296,0.0,1.0,0.0,0.0,0.0,0.0,0.0,1.0,0.0,0.0,0.0,0.0,0.0,1.0,1.0,638,54,68,63.8,6.762642481555072,63.8,0.0031023025512695,10,0.9295128600412864,47.04
20.0,6,64.0,765.6913359377852,0.0,0.0,0.6,0.4,0.4,0.0,0.0,4,0,0,6,0,0.0130600929260253,0.0,1.0,0.0,0.0,0.0,0.0,0.0,1.0,0.0,0.0,0.0,0.0,0.0,1.0,1.0,628,54,68,62.8,6.124631508189787,62.8,0.0013087034225463,10,0.9292529598911762,49.0
20.0,6,64.0,736.7087629318672,0.0,0.0,0.5,0.5,0.5,0.0,0.0,5,0,0,5,0,0.0135738849639892,0.0,1.0,0.0,0.0,0.0,0.0,0.0,1.0,0.0,0.0,0.0,0.0,0.0,1.0,1.0,600,54,66,60.0,6.324555320336759,60.0,0.0013603925704956,10,0.9293344008552924,36.0
20.0,6,64.0,319.51976475786364,0.0,0.0,0.5,0.5,0.5,0.0,0.0,5,0,0,5,0,0.031296968460083,0.0,1.0,0.0,0.0,0.0,0.0,0.0,1.0,0.0,0.0,0.0,0.0,0.0,1.0,1.0,600,54,66,60.0,6.324555320336759,60.0,0.0031312942504882,10,0.9293344008552924,36.0
20.0,6,64.0,1732.181382671182,0.0,0.0,0.5,0.5,0.5,0.0,0.0,5,0,0,5,0,0.0057730674743652,0.0,1.0,0.0,0.0,0.0,0.0,0.0,1.0,0.0,0.0,0.0,0.0,0.0,1.0,1.0,600,54,66,60.0,6.324555320336759,60.0,0.000656509399414,10,0.9293344008552924,36.0
20.0,6,64.0,518.3464537736198,0.0,0.0,0.5,0.5,0.5,0.0,0.0,5,0,0,5,0,0.0192921161651611,0.0,1.0,0.0,0.0,0.0,0.0,0.0,1.0,0.0,0.0,0.0,0.0,0.0,1.0,1.0,590,54,64,59.0,5.270462766947299,59.0,0.0019329071044921,10,0.9289050057127436,25.0
20.0,6,64.0,424.7740576451763,0.0,0.0,0.5,0.5,0.5,0.0,0.0,5,0,0,5,0,0.0235419273376464,0.0,1.0,0.0,0.0,0.0,0.0,0.0,1.0,0.0,0.0,0.0,0.0,0.0,1.0,1.0,590,54,64,59.0,5.270462766947299,59.0,0.0023655891418457,10,0.9289050057127436,25.0
20.0,6,64.0,328.9675997458804,0.0,0.0,0.5,0.5,0.5,0.0,0.0,5,0,0,5,0,0.0303981304168701,0.0,1.0,0.0,0.0,0.0,0.0,0.0,1.0,0.0,0.0,0.0,0.0,0.0,1.0,1.0,600,54,66,60.0,6.324555320336759,60.0,0.0030415058135986,10,0.9293344008552924,36.0
20.0,6,64.0,644.4546194858873,0.0,0.0,0.5,0.5,0.5,0.0,0.0,5,0,0,5,0,0.0155169963836669,0.0,1.0,0.0,0.0,0.0,0.0,0.0,1.0,0.0,0.0,0.0,0.0,0.0,1.0,1.0,600,54,66,60.0,6.324555320336759,60.0,0.001554799079895,10,0.9293344008552924,36.0
20.0,6,64.0,648.3797863624418,0.0,0.0,0.6,0.4,0.4,0.0,0.0,4,0,0,6,0,0.0154230594635009,0.0,1.0,0.0,0.0,0.0,0.0,0.0,1.0,0.0,0.0,0.0,0.0,0.0,1.0,1.0,610,54,68,61.0,7.378647873726218,61.0,0.0015440940856933,10,0.9297637959978412,49.0
20.0,6,64.0,545.9982556398808,0.0,0.0,0.5,0.5,0.5,0.0,0.0,5,0,0,5,0,0.0183150768280029,0.0,1.0,0.0,0.0,0.0,0.0,0.0,1.0,0.0,0.0,0.0,0.0,0.0,1.0,1.0,626,54,70,62.6,7.4266786355379315,62.6,0.0021178007125854,10,0.9297833618089728,49.64
20.0,6,64.0,203.30597901165748,0.0,0.0,0.6,0.4,0.4,0.0,0.0,4,0,0,6,0,0.0491869449615478,0.0,1.0,0.0,0.0,0.0,0.0,0.0,1.0,0.0,0.0,0.0,0.0,0.0,1.0,1.0,636,54,70,63.6,8.262364471909157,63.6,0.0049215078353881,10,0.9301237867912768,64.0
20.0,6,64.0,1479.263595965296,0.0,0.0,0.6,0.4,0.4,0.0,0.0,4,0,0,6,0,0.0067601203918457,0.0,1.0,0.0,0.0,0.0,0.0,0.0,1.0,0.0,0.0,0.0,0.0,0.0,1.0,1.0,1180,54,350,118.0,122.49263016379577,118.0,0.0006778001785278,10,0.9766566278235238,14498.765432098766
20.0,6,64.0,426.5668636285049,0.0,0.0,1.0,0.0,0.0,0.0,0.0,0,0,0,10,0,0.0234429836273193,0.0,1.0,0.0,0.0,0.0,0.0,0.0,1.0,0.0,0.0,0.0,0.0,0.0,1.0,1.0,3504,350,352,350.4,0.8432740427115678,350.4,0.0023469924926757,10,0.0,0.64
20.0,6,64.0,556.827613674079,0.0,0.0,0.9,0.1,0.1,0.0,0.0,1,0,0,9,0,0.0179588794708251,0.0,1.0,0.0,0.0,0.0,0.0,0.0,1.0,0.0,0.0,0.0,0.0,0.0,1.0,1.0,2934,54,352,293.4,123.56213012084244,293.4,0.0017967939376831,10,0.9770922993260264,19734.222222222223
20.0,6,64.0,310.6546679998519,0.0,0.0,1.0,0.0,0.0,0.0,0.0,0,0,0,10,0,0.0321900844573974,0.0,1.0,0.0,0.0,0.0,0.0,0.0,1.0,0.0,0.0,0.0,0.0,0.0,1.0,1.0,642,64,66,64.2,0.6324555320336759,64.2,0.0035549163818359,10,0.0,0.36
20.0,6,64.0,304.9138902418634,0.0,0.0,1.0,0.0,0.0,0.0,0.0,0,0,0,10,0,0.0327961444854736,0.0,1.0,0.0,0.0,0.0,0.0,0.0,1.0,0.0,0.0,0.0,0.0,0.0,1.0,1.0,667,66,73,66.7,2.213594362117865,66.7,0.0034317970275878,10,0.9072101997993524,4.41
20.0,6,64.0,267.57920255183416,0.0,0.0,1.0,0.0,0.0,0.0,0.0,0,0,0,10,0,0.0373721122741699,0.0,1.0,0.0,0.0,0.0,0.0,0.0,1.0,0.0,0.0,0.0,0.0,0.0,1.0,1.0,732,73,75,73.2,0.6324555320336759,73.2,0.0040590047836303,10,0.0,0.36
20.0,6,64.0,633.954142168347,0.0,0.0,1.0,0.0,0.0,0.0,0.0,0,0,0,10,0,0.0157740116119384,0.0,1.0,0.0,0.0,0.0,0.0,0.0,1.0,0.0,0.0,0.0,0.0,0.0,1.0,1.0,741,66,75,74.1,2.846049894151541,74.1,0.0015829801559448,10,0.9074678368848816,7.290000000000001
20.0,6,64.0,334.1010036641708,0.0,0.0,1.0,0.0,0.0,0.0,0.0,0,0,0,10,0,0.0299310684204101,0.0,1.0,0.0,0.0,0.0,0.0,0.0,1.0,0.0,0.0,0.0,0.0,0.0,1.0,1.0,662,66,68,66.2,0.6324555320336759,66.2,0.0033732175827026,10,0.0,0.36
20.0,6,64.0,174.94125252862298,0.0,0.0,1.0,0.0,0.0,0.0,0.0,0,0,0,10,0,0.0571620464324951,0.0,1.0,0.0,0.0,0.0,0.0,0.0,1.0,0.0,0.0,0.0,0.0,0.0,1.0,1.0,678,66,68,67.8,0.6324555320336759,67.8,0.0064262866973876,10,0.0,0.36
20.0,6,64.0,591.3300437050614,0.0,0.0,0.5,0.5,0.5,0.0,0.0,5,0,0,5,0,0.0169110298156738,0.0,1.0,0.0,0.0,0.0,0.0,0.0,1.0,0.0,0.0,0.0,0.0,0.0,1.0,1.0,600,54,66,60.0,6.324555320336759,60.0,0.0016962051391601,10,0.9293344008552924,36.0
20.0,6,64.0,211.38514262675133,0.0,0.0,0.5,0.5,0.5,0.0,0.0,5,0,0,5,0,0.047307014465332,0.0,1.0,0.0,0.0,0.0,0.0,0.0,1.0,0.0,0.0,0.0,0.0,0.0,1.0,1.0,614,54,67,61.4,6.380525927469546,61.4,0.0052303075790405,10,0.929357201041814,36.83950617283951
20.0,6,64.0,1037.885776502029,0.0,0.0,0.6,0.4,0.4,0.0,0.0,4,0,0,6,0,0.0096349716186523,0.0,1.0,0.0,0.0,0.0,0.0,0.0,1.0,0.0,0.0,0.0,0.0,0.0,1.0,1.0,618,54,67,61.8,6.713171133426189,61.8,0.0009672880172729,10,0.9294927073929125,42.25
20.0,6,64.0,969.355427673392,0.0,0.0,0.8,0.2,0.2,0.0,0.0,2,0,0,8,0,0.0103161334991455,0.0,1.0,0.0,0.0,0.0,0.0,0.0,1.0,0.0,0.0,0.0,0.0,0.0,1.0,1.0,616,54,67,61.6,5.378971401051816,61.6,0.0010352134704589,10,0.9289492077899324,42.25
20.0,6,64.0,322.0417533649158,0.0,0.0,1.0,0.0,0.0,0.0,0.0,0,0,0,10,0,0.0310518741607666,0.0,1.0,0.0,0.0,0.0,0.0,0.0,1.0,0.0,0.0,0.0,0.0,0.0,1.0,1.0,650,64,66,65.0,1.0540925533894598,65.0,0.0034572839736938,10,0.9101461251425488,1.0
20.0,6,64.0,246.6584727572113,0.0,0.0,1.0,0.0,0.0,0.0,0.0,0,0,0,10,0,0.0405418872833251,0.0,1.0,0.0,0.0,0.0,0.0,0.0,1.0,0.0,0.0,0.0,0.0,0.0,1.0,1.0,660,66,66,66.0,0.0,66.0,0.0047230005264282,10,0.0,0.0
20.0,6,64.0,382.2629713004566,0.0,0.0,1.0,0.0,0.0,0.0,0.0,0,0,0,10,0,0.0261600017547607,0.0,1.0,0.0,0.0,0.0,0.0,0.0,1.0,0.0,0.0,0.0,0.0,0.0,1.0,1.0,665,66,67,66.5,0.5270462766947299,66.5,0.0034757137298583,10,0.0,0.25
20.0,6,64.0,518.2119647137315,0.0,0.0,1.0,0.0,0.0,0.0,0.0,0,0,0,10,0,0.0192971229553222,0.0,1.0,0.0,0.0,0.0,0.0,0.0,1.0,0.0,0.0,0.0,0.0,0.0,1.0,1.0,655,64,67,65.5,1.5811388300841898,65.5,0.0019320011138916,10,0.9103608227138232,2.25
20.0,6,64.0,209.2579713326382,0.0,0.0,1.0,0.0,0.0,0.0,0.0,0,0,0,10,0,0.0477879047393798,0.0,1.0,0.0,0.0,0.0,0.0,0.0,1.0,0.0,0.0,0.0,0.0,0.0,1.0,1.0,650,64,66,65.0,1.0540925533894598,65.0,0.0049667835235595,10,0.9101461251425488,1.0
20.0,6,64.0,718.7442593735005,0.0,0.0,0.7,0.3,0.3,0.0,0.0,3,0,0,7,0,0.0139131546020507,0.0,1.0,0.0,0.0,0.0,0.0,0.0,1.0,0.0,0.0,0.0,0.0,0.0,1.0,1.0,636,54,66,63.6,5.059644256269407,63.6,0.0013928174972534,10,0.928819126684234,24.88888888888889
20.0,6,64.0,144.67806806344126,0.0,0.0,0.7,0.3,0.3,0.0,0.0,3,0,0,7,0,0.0691189765930175,0.0,1.0,0.0,0.0,0.0,0.0,0.0,1.0,0.0,0.0,0.0,0.0,0.0,1.0,1.0,624,54,66,62.4,5.796550698475776,62.4,0.006915283203125,10,0.9291193128925312,36.0
20.0,6,64.0,977.5109536683136,0.0,0.0,0.5,0.5,0.5,0.0,0.0,5,0,0,5,0,0.0102300643920898,0.0,1.0,0.0,0.0,0.0,0.0,0.0,1.0,0.0,0.0,0.0,0.0,0.0,1.0,1.0,610,54,68,61.0,7.378647873726218,61.0,0.0010300159454345,10,0.9297637959978412,49.0
20.0,6,64.0,736.7087629318672,0.0,0.0,0.7,0.3,0.3,0.0,0.0,3,0,0,7,0,0.0135738849639892,0.0,1.0,0.0,0.0,0.0,0.0,0.0,1.0,0.0,0.0,0.0,0.0,0.0,1.0,1.0,640,54,84,64.0,9.888264649460885,64.0,0.0013609886169433,10,0.9307861134876044,88.0
20.0,6,64.0,826.5941429190808,0.0,0.0,0.5,0.5,0.5,0.0,0.0,5,0,0,5,0,0.0120978355407714,0.0,1.0,0.0,0.0,0.0,0.0,0.0,1.0,0.0,0.0,0.0,0.0,0.0,1.0,1.0,690,54,84,69.0,15.811388300841896,69.0,0.0015008926391601,10,0.933198957138231,225.0
20.0,6,64.0,630.7224060150376,0.0,0.0,0.5,0.5,0.5,0.0,0.0,5,0,0,5,0,0.0158548355102539,0.0,1.0,0.0,0.0,0.0,0.0,0.0,1.0,0.0,0.0,0.0,0.0,0.0,1.0,1.0,692,54,86,69.2,16.03329868326124,69.2,0.0016170024871826,10,0.9332893545516132,231.36
20.0,6,64.0,279.0658558330783,0.0,0.0,0.5,0.5,0.5,0.0,0.0,5,0,0,5,0,0.0358338356018066,0.0,1.0,0.0,0.0,0.0,0.0,0.0,1.0,0.0,0.0,0.0,0.0,0.0,1.0,1.0,700,54,86,70.0,16.865480854231357,70.0,0.003586196899414,10,0.9336283522807796,256.0
20.0,6,64.0,1099.51083964663,0.0,0.0,0.5,0.5,0.5,0.0,0.0,5,0,0,5,0,0.0090949535369873,0.0,1.0,0.0,0.0,0.0,0.0,0.0,1.0,0.0,0.0,0.0,0.0,0.0,1.0,1.0,1538,54,489,153.8,177.30877022866073,153.8,0.0012452125549316,10,0.9989865306403471,28294.56
20.0,6,64.0,257.7256164627664,0.0,0.0,0.8,0.2,0.2,0.0,0.0,2,0,0,8,0,0.0388009548187255,0.0,1.0,0.0,0.0,0.0,0.0,0.0,1.0,0.0,0.0,0.0,0.0,0.0,1.0,1.0,3585,54,489,358.5,210.12496281974688,358.5,0.0038830995559692,10,1.0,47306.25
20.0,6,64.0,1969.2492605286636,0.0,0.0,0.8,0.2,0.2,0.0,0.0,2,0,0,8,0,0.0050780773162841,0.0,1.0,0.0,0.0,0.0,0.0,0.0,1.0,0.0,0.0,0.0,0.0,0.0,1.0,1.0,4034,54,491,403.4,184.15102497678367,403.4,0.0035290956497192,10,1.0,42244.22222222223
20.0,6,64.0,969.6691711940816,0.0,0.0,0.6,0.4,0.4,0.0,0.0,4,0,0,6,0,0.010312795639038,0.0,1.0,0.0,0.0,0.0,0.0,0.0,1.0,0.0,0.0,0.0,0.0,0.0,1.0,1.0,1881,54,491,188.1,209.0664168791025,188.1,0.001033592224121,10,1.0,47027.80555555556
20.0,6,64.0,489.83428124306585,0.0,0.0,0.5,0.5,0.5,0.0,0.0,5,0,0,5,0,0.0204150676727294,0.0,1.0,0.0,0.0,0.0,0.0,0.0,1.0,0.0,0.0,0.0,0.0,0.0,1.0,1.0,590,54,64,59.0,5.270462766947299,59.0,0.0021418094635009,10,0.9289050057127436,25.0
20.0,6,64.0,336.1224506150579,0.0,0.0,0.5,0.5,0.5,0.0,0.0,5,0,0,5,0,0.0297510623931884,0.0,1.0,0.0,0.0,0.0,0.0,0.0,1.0,0.0,0.0,0.0,0.0,0.0,1.0,1.0,596,54,66,59.6,5.94792213951879,59.6,0.0029772996902465,10,0.9291809755627544,31.84
20.0,6,64.0,2523.344964504873,0.0,0.0,0.5,0.5,0.5,0.0,0.0,5,0,0,5,0,0.0039629936218261,0.0,1.0,0.0,0.0,0.0,0.0,0.0,1.0,0.0,0.0,0.0,0.0,0.0,1.0,1.0,600,54,66,60.0,6.324555320336759,60.0,0.000486397743225,10,0.9293344008552924,36.0
20.0,6,64.0,415.4215817362452,0.0,0.0,0.5,0.5,0.5,0.0,0.0,5,0,0,5,0,0.0240719318389892,0.0,1.0,0.0,0.0,0.0,0.0,0.0,1.0,0.0,0.0,0.0,0.0,0.0,1.0,1.0,1732,54,346,173.2,148.79426512246138,173.2,0.0029371976852416,10,0.987370861840286,19925.76
20.0,6,64.0,245.57965244273737,0.0,0.0,0.6,0.4,0.4,0.0,0.0,4,0,0,6,0,0.040719985961914,0.0,1.0,0.0,0.0,0.0,0.0,0.0,1.0,0.0,0.0,0.0,0.0,0.0,1.0,1.0,2000,54,346,200.0,153.89751279486114,200.0,0.0040756940841674,10,0.9894497208121148,21316.0
20.0,6,64.0,455.6599202598616,0.0,0.0,0.7,0.3,0.3,0.0,0.0,3,0,0,7,0,0.0219461917877197,0.0,1.0,0.0,0.0,0.0,0.0,0.0,1.0,0.0,0.0,0.0,0.0,0.0,1.0,1.0,2596,54,348,259.6,141.87882153443482,259.6,0.0023196220397949,10,0.9845537867402674,20651.2
20.0,6,64.0,828.2263733659809,0.0,0.0,0.7,0.3,0.3,0.0,0.0,3,0,0,7,0,0.0120739936828613,0.0,1.0,0.0,0.0,0.0,0.0,0.0,1.0,0.0,0.0,0.0,0.0,0.0,1.0,1.0,1746,54,348,174.6,149.29478669174395,174.6,0.0012115955352783,10,0.9875747543067488,21609.0
20.0,6,64.0,237.19145855953676,0.0,0.0,1.0,0.0,0.0,0.0,0.0,0,0,0,10,0,0.0421600341796875,0.0,1.0,0.0,0.0,0.0,0.0,0.0,1.0,0.0,0.0,0.0,0.0,0.0,1.0,1.0,646,64,66,64.6,0.966091783079296,64.6,0.0047533988952636,10,0.0,0.8400000000000001
20.0,6,64.0,194.11064522996327,0.0,0.0,0.9,0.1,0.1,0.0,0.0,1,0,0,9,0,0.0515170097351074,0.0,1.0,0.0,0.0,0.0,0.0,0.0,1.0,0.0,0.0,0.0,0.0,0.0,1.0,1.0,4680,66,1406,468.0,647.2814946631282,468.0,0.0056910037994384,10,1.0,377076.0
20.0,6,64.0,1351.736762383577,0.0,0.0,0.6,0.4,0.4,0.0,0.0,4,0,0,6,0,0.0073978900909423,0.0,1.0,0.0,0.0,0.0,0.0,0.0,1.0,0.0,0.0,0.0,0.0,0.0,1.0,1.0,7300,54,1406,730.0,712.5665660912748,730.0,0.0007445812225341,10,1.0,456976.0
20.0,6,64.0,571.6880886502106,0.0,0.0,0.5,0.5,0.5,0.0,0.0,5,0,0,5,0,0.0174920558929443,0.0,1.0,0.0,0.0,0.0,0.0,0.0,1.0,0.0,0.0,0.0,0.0,0.0,1.0,1.0,8652,54,1406,865.2,698.1697978763236,865.2,0.0017515182495117,10,1.0,456976.0
20.0,6,64.0,380.08065027683887,0.0,0.0,0.6,0.4,0.4,0.0,0.0,4,0,0,6,0,0.0263102054595947,0.0,1.0,0.0,0.0,0.0,0.0,0.0,1.0,0.0,0.0,0.0,0.0,0.0,1.0,1.0,8652,54,1406,865.2,698.1697978763237,865.2,0.0026340007781982,10,1.0,456976.0
20.0,6,64.0,179.57528428551856,0.0,0.0,1.0,0.0,0.0,0.0,0.0,0,0,0,10,0,0.0556869506835937,0.0,1.0,0.0,0.0,0.0,0.0,0.0,1.0,0.0,0.0,0.0,0.0,0.0,1.0,1.0,648,54,66,64.8,3.794733192202056,64.8,0.0055725812911987,10,0.9283038525131756,36.0
20.0,6,64.0,201.23128886159515,0.0,0.0,1.0,0.0,0.0,0.0,0.0,0,0,0,10,0,0.0496940612792968,0.0,1.0,0.0,0.0,0.0,0.0,0.0,1.0,0.0,0.0,0.0,0.0,0.0,1.0,1.0,678,66,68,67.8,0.6324555320336757,67.8,0.005116319656372,10,0.0,1.0
20.0,6,64.0,233.74279010928385,0.0,0.0,0.6,0.4,0.4,0.0,0.0,4,0,0,6,0,0.0427820682525634,0.0,1.0,0.0,0.0,0.0,0.0,0.0,1.0,0.0,0.0,0.0,0.0,0.0,1.0,1.0,649,54,73,64.9,9.503800409426864,64.9,0.0045449972152709,10,0.930629498134784,81.29
20.0,6,64.0,837.2365610715212,0.0,0.0,0.5,0.5,0.5,0.0,0.0,5,0,0,5,0,0.0119440555572509,0.0,1.0,0.0,0.0,0.0,0.0,0.0,1.0,0.0,0.0,0.0,0.0,0.0,1.0,1.0,635,54,73,63.5,10.013879257199868,63.5,0.0016769886016845,10,0.9308372838542128,90.25
20.0,6,64.0,1441.5397305471542,0.0,0.0,0.5,0.5,0.5,0.0,0.0,5,0,0,5,0,0.006937026977539,0.0,1.0,0.0,0.0,0.0,0.0,0.0,1.0,0.0,0.0,0.0,0.0,0.0,1.0,1.0,645,54,75,64.5,11.067971810589327,64.5,0.0013880968093872,10,0.9312666789967616,110.25
20.0,6,64.0,306.86137367943576,0.0,0.0,0.5,0.5,0.5,0.0,0.0,5,0,0,5,0,0.0325880050659179,0.0,1.0,0.0,0.0,0.0,0.0,0.0,1.0,0.0,0.0,0.0,0.0,0.0,1.0,1.0,645,54,75,64.5,11.067971810589327,64.5,0.0036058187484741,10,0.9312666789967616,110.25
20.0,6,64.0,4948.447380840019,0.0,0.0,0.5,0.5,0.5,0.0,0.0,5,0,0,5,0,0.0020208358764648,0.0,1.0,0.0,0.0,0.0,0.0,0.0,1.0,0.0,0.0,0.0,0.0,0.0,1.0,1.0,590,54,64,59.0,5.270462766947299,59.0,0.000278878211975,10,0.9289050057127436,25.0
20.0,6,64.0,2196.430666108085,0.0,0.0,0.5,0.5,0.5,0.0,0.0,5,0,0,5,0,0.0045528411865234,0.0,1.0,0.0,0.0,0.0,0.0,0.0,1.0,0.0,0.0,0.0,0.0,0.0,1.0,1.0,590,54,64,59.0,5.270462766947299,59.0,0.0005069017410278,10,0.9289050057127436,25.0
20.0,6,64.0,624.3289025170807,0.0,0.0,0.5,0.5,0.5,0.0,0.0,5,0,0,5,0,0.016017198562622,0.0,1.0,0.0,0.0,0.0,0.0,0.0,1.0,0.0,0.0,0.0,0.0,0.0,1.0,1.0,600,54,66,60.0,6.324555320336759,60.0,0.0016331195831298,10,0.9293344008552924,36.0
20.0,6,64.0,265.02783412001844,0.0,0.0,0.5,0.5,0.5,0.0,0.0,5,0,0,5,0,0.0377318859100341,0.0,1.0,0.0,0.0,0.0,0.0,0.0,1.0,0.0,0.0,0.0,0.0,0.0,1.0,1.0,600,54,66,60.0,6.324555320336759,60.0,0.0037758827209472,10,0.9293344008552924,36.0
20.0,6,64.0,764.3517877318949,0.0,0.0,1.0,0.0,0.0,0.0,0.0,0,0,0,10,0,0.0130829811096191,0.0,1.0,0.0,0.0,0.0,0.0,0.0,1.0,0.0,0.0,0.0,0.0,0.0,1.0,1.0,3560,356,356,356.0,0.0,356.0,0.0013916969299316,10,0.0,0.0
20.0,6,64.0,244.73136348784016,0.0,0.0,1.0,0.0,0.0,0.0,0.0,0,0,0,10,0,0.0408611297607421,0.0,1.0,0.0,0.0,0.0,0.0,0.0,1.0,0.0,0.0,0.0,0.0,0.0,1.0,1.0,3580,358,358,358.0,0.0,358.0,0.0043942213058471,10,0.0,0.0
20.0,6,64.0,365.9408290218728,0.0,0.0,1.0,0.0,0.0,0.0,0.0,0,0,0,10,0,0.0273268222808837,0.0,1.0,0.0,0.0,0.0,0.0,0.0,1.0,0.0,0.0,0.0,0.0,0.0,1.0,1.0,640,64,64,64.0,0.0,64.0,0.0027373790740966,10,0.0,0.0
20.0,6,64.0,821.4300542488396,0.0,0.0,1.0,0.0,0.0,0.0,0.0,0,0,0,10,0,0.0121738910675048,0.0,1.0,0.0,0.0,0.0,0.0,0.0,1.0,0.0,0.0,0.0,0.0,0.0,1.0,1.0,660,66,66,66.0,0.0,66.0,0.0015850067138671,10,0.0,0.0
