Header_Length,Protocol Type,Time_To_Live,Rate,fin_flag_number,syn_flag_number,rst_flag_number,psh_flag_number,ack_flag_number,ece_flag_number,cwr_flag_number,ack_count,syn_count,fin_count,rst_count,urg_count,Flow Duration,HTTP,HTTPS,DNS,Telnet,SMTP,SSH,IRC,TCP,UDP,DHCP,ARP,ICMP,IGMP,IPv,LLC,Tot sum,Min,Max,AVG,Std,Tot size,IAT,Number,Variance,Covariance
20.0,6,64.0,651.63347108722,0.0,0.0,0.7,0.3,0.3,0.0,0.0,3,0,0,7,0,0.0153460502624511,0.0,1.0,0.0,0.0,0.0,0.0,0.0,1.0,0.0,0.0,0.0,0.0,0.0,1.0,1.0,624,54,66,62.4,5.796550698475775,62.4,0.0015346050262451,10,0.9291193128925312,34.56
20.0,6,64.0,678.3277537884301,0.0,0.0,0.6,0.4,0.4,0.0,0.0,4,0,0,6,0,0.0147421360015869,0.0,1.0,0.0,0.0,0.0,0.0,0.0,1.0,0.0,0.0,0.0,0.0,0.0,1.0,1.0,618,54,68,61.8,6.762642481555072,61.8,0.0016667127609252,10,0.9295128600412864,41.16
20.0,6,64.0,697.446539625528,0.0,0.0,0.6,0.4,0.4,0.0,0.0,4,0,0,6,0,0.0143380165100097,0.0,1.0,0.0,0.0,0.0,0.0,0.0,1.0,0.0,0.0,0.0,0.0,0.0,1.0,1.0,638,54,68,63.8,6.762642481555072,63.8,0.0014355897903442,10,0.9295128600412864,49.0
20.0,6,64.0,509.3760170994146,0.0,0.0,0.9,0.1,0.1,0.0,0.0,1,0,0,9,0,0.0196318626403808,0.0,1.0,0.0,0.0,0.0,0.0,0.0,1.0,0.0,0.0,0.0,0.0,0.0,1.0,1.0,636,54,66,63.6,5.059644256269407,63.6,0.0019659996032714,10,0.928819126684234,36.0
20.0,6,64.0,578.1020771022563,0.0,0.0,0.8,0.2,0.2,0.0,0.0,2,0,0,8,0,0.0172979831695556,0.0,1.0,0.0,0.0,0.0,0.0,0.0,1.0,0.0,0.0,0.0,0.0,0.0,1.0,1.0,662,54,68,66.2,4.366539438350084,66.2,0.0019315004348754,10,0.9285367835056064,25.0
20.0,6,64.0,360.2177983132654,0.0,0.0,0.9,0.1,0.1,0.0,0.0,1,0,0,9,0,0.0277609825134277,0.0,1.0,0.0,0.0,0.0,0.0,0.0,1.0,0.0,0.0,0.0,0.0,0.0,1.0,1.0,732,54,84,73.2,12.479316220584096,73.2,0.0027790069580078,10,0.9318416042556172,141.33333333333334
20.0,6,64.0,499.3219047619048,0.0,0.0,1.0,0.0,0.0,0.0,0.0,0,0,0,10,0,0.0200271606445312,0.0,1.0,0.0,0.0,0.0,0.0,0.0,1.0,0.0,0.0,0.0,0.0,0.0,1.0,1.0,850,84,86,85.0,1.0540925533894598,85.0,0.0021718025207519,10,0.8760635251425488,1.0
20.0,6,64.0,445.5342518137687,0.0,0.0,0.7,0.3,0.3,0.0,0.0,3,0,0,7,0,0.0224449634552001,0.0,1.0,0.0,0.0,0.0,0.0,0.0,1.0,0.0,0.0,0.0,0.0,0.0,1.0,1.0,811,54,91,81.1,14.464131882387932,81.1,0.0024453878402709,10,0.9326501387636096,197.11111111111111
20.0,6,64.0,971.0610515592804,0.0,0.0,0.5,0.5,0.5,0.0,0.0,5,0,0,5,0,0.0102980136871337,0.0,1.0,0.0,0.0,0.0,0.0,0.0,1.0,0.0,0.0,0.0,0.0,0.0,1.0,1.0,725,54,91,72.5,19.50071223770501,72.5,0.0010323047637939,10,0.9347018401371516,342.25
20.0,6,64.0,862.5285843546927,0.0,0.0,0.6,0.4,0.4,0.0,0.0,4,0,0,6,0,0.0115938186645507,0.0,1.0,0.0,0.0,0.0,0.0,0.0,1.0,0.0,0.0,0.0,0.0,0.0,1.0,1.0,731,54,93,73.1,20.14640855779952,73.1,0.0011612892150878,10,0.9349648709901052,365.29
20.0,6,64.0,1080.8390455084266,0.0,0.0,0.5,0.5,0.5,0.0,0.0,5,0,0,5,0,0.0092520713806152,0.0,1.0,0.0,0.0,0.0,0.0,0.0,1.0,0.0,0.0,0.0,0.0,0.0,1.0,1.0,735,54,93,73.5,20.554804791094465,73.5,0.0011871099472045,10,0.9351312352797002,380.25
20.0,6,64.0,297.1585651838155,0.0,0.0,0.8,0.2,0.2,0.0,0.0,2,0,0,8,0,0.0336520671844482,0.0,1.0,0.0,0.0,0.0,0.0,0.0,1.0,0.0,0.0,0.0,0.0,0.0,1.0,1.0,918,54,104,91.8,20.42221013178218,91.8,0.0035825014114379,10,0.9350772215192829,460.22222222222223
20.0,6,64.0,1199.1948764867338,0.0,0.0,1.0,0.0,0.0,0.0,0.0,0,0,0,10,0,0.0083389282226562,0.0,1.0,0.0,0.0,0.0,0.0,0.0,1.0,0.0,0.0,0.0,0.0,0.0,1.0,1.0,1052,104,106,105.2,1.0327955589886444,105.2,0.0008352994918823,10,0.8419722495989097,1.0
20.0,6,64.0,344.8157252197075,0.0,0.0,1.0,0.0,0.0,0.0,0.0,0,0,0,10,0,0.0290009975433349,0.0,1.0,0.0,0.0,0.0,0.0,0.0,1.0,0.0,0.0,0.0,0.0,0.0,1.0,1.0,2608,106,364,260.8,133.2306271095351,260.8,0.0031759977340698,10,0.8924160982593403,16641.0
20.0,6,64.0,355.705720222194,0.0,0.0,1.0,0.0,0.0,0.0,0.0,0,0,0,10,0,0.0281131267547607,0.0,1.0,0.0,0.0,0.0,0.0,0.0,1.0,0.0,0.0,0.0,0.0,0.0,1.0,1.0,3652,364,366,365.2,1.0327955589886444,365.2,0.0030105113983154,10,0.3988984495989097,1.0
20.0,6,64.0,414.4364408873079,0.0,0.0,0.7,0.3,0.3,0.0,0.0,3,0,0,7,0,0.0241291522979736,0.0,1.0,0.0,0.0,0.0,0.0,0.0,1.0,0.0,0.0,0.0,0.0,0.0,1.0,1.0,1824,54,366,182.4,158.09364313595913,182.4,0.0024148941040039,10,0.9911590564678644,23427.0
20.0,6,64.0,1657.5000987947046,0.0,0.0,0.5,0.5,0.5,0.0,0.0,5,0,0,5,0,0.006033182144165,0.0,1.0,0.0,0.0,0.0,0.0,0.0,1.0,0.0,0.0,0.0,0.0,0.0,1.0,1.0,612,54,66,61.2,6.196773353931867,61.2,0.0006617069244384,10,0.9292823475934576,36.0
20.0,6,64.0,790.4534318344578,0.0,0.0,0.5,0.5,0.5,0.0,0.0,5,0,0,5,0,0.0126509666442871,0.0,1.0,0.0,0.0,0.0,0.0,0.0,1.0,0.0,0.0,0.0,0.0,0.0,1.0,1.0,608,54,68,60.8,7.192588778272627,60.8,0.0012674808502197,10,0.9296880029647172,46.56
20.0,6,64.0,819.5361378690478,0.0,0.0,0.6,0.4,0.4,0.0,0.0,4,0,0,6,0,0.0122020244598388,0.0,1.0,0.0,0.0,0.0,0.0,0.0,1.0,0.0,0.0,0.0,0.0,0.0,1.0,1.0,610,54,68,61.0,7.378647873726218,61.0,0.0012245178222656,10,0.9297637959978412,49.0
20.0,6,64.0,591.9643209981087,0.0,0.0,0.7,0.3,0.3,0.0,0.0,3,0,0,7,0,0.0168929100036621,0.0,1.0,0.0,0.0,0.0,0.0,0.0,1.0,0.0,0.0,0.0,0.0,0.0,1.0,1.0,566,54,68,56.6,4.115013163202925,56.6,0.0019455909729003,10,0.9284343217621625,49.0
20.0,6,64.0,551.2365782176136,0.0,0.0,0.7,0.3,0.3,0.0,0.0,3,0,0,7,0,0.0181410312652587,0.0,1.0,0.0,0.0,0.0,0.0,0.0,1.0,0.0,0.0,0.0,0.0,0.0,1.0,1.0,564,54,58,56.4,1.577621275493231,56.4,0.0019905090332031,10,0.9274006898027848,2.24
20.0,6,64.0,481.22995020537417,0.0,0.0,0.8,0.2,0.2,0.0,0.0,2,0,0,8,0,0.0207800865173339,0.0,1.0,0.0,0.0,0.0,0.0,0.0,1.0,0.0,0.0,0.0,0.0,0.0,1.0,1.0,574,54,64,57.4,2.988868236194653,57.4,0.0020808935165405,10,0.9279755753646962,8.04
20.0,6,64.0,459.9370565723247,0.0,0.0,1.0,0.0,0.0,0.0,0.0,0,0,0,10,0,0.0217421054840087,0.0,1.0,0.0,0.0,0.0,0.0,0.0,1.0,0.0,0.0,0.0,0.0,0.0,1.0,1.0,642,64,66,64.2,0.6324555320336759,64.2,0.0023940086364746,10,0.0,0.36
20.0,6,64.0,567.6339473007538,0.0,0.0,0.9,0.1,0.1,0.0,0.0,1,0,0,9,0,0.0176169872283935,0.0,1.0,0.0,0.0,0.0,0.0,0.0,1.0,0.0,0.0,0.0,0.0,0.0,1.0,1.0,648,54,66,64.8,3.794733192202056,64.8,0.0020010948181152,10,0.9283038525131756,32.0
20.0,6,64.0,591.1216968501162,0.0,0.0,1.0,0.0,0.0,0.0,0.0,0,0,0,10,0,0.0169169902801513,0.0,1.0,0.0,0.0,0.0,0.0,0.0,1.0,0.0,0.0,0.0,0.0,0.0,1.0,1.0,660,66,66,66.0,0.0,66.0,0.0026895999908447,10,0.0,0.0
20.0,6,64.0,505.6363395257441,0.0,0.0,1.0,0.0,0.0,0.0,0.0,0,0,0,10,0,0.0197770595550537,0.0,1.0,0.0,0.0,0.0,0.0,0.0,1.0,0.0,0.0,0.0,0.0,0.0,1.0,1.0,660,66,66,66.0,0.0,66.0,0.0021903038024902,10,0.0,0.0
20.0,6,64.0,910.9141057660984,0.0,0.0,0.6,0.4,0.4,0.0,0.0,4,0,0,6,0,0.0109779834747314,0.0,1.0,0.0,0.0,0.0,0.0,0.0,1.0,0.0,0.0,0.0,0.0,0.0,1.0,1.0,612,54,66,61.2,6.196773353931867,61.2,0.0023600816726684,10,0.9292823475934576,35.26530612244898
20.0,6,64.0,833.1950735001986,0.0,0.0,0.6,0.4,0.4,0.0,0.0,4,0,0,6,0,0.0120019912719726,0.0,1.0,0.0,0.0,0.0,0.0,0.0,1.0,0.0,0.0,0.0,0.0,0.0,1.0,1.0,612,54,66,61.2,6.196773353931867,61.2,0.0014158010482788,10,0.9292823475934576,35.55555555555556
20.0,6,64.0,1151.9332069978852,0.0,0.0,0.5,0.5,0.5,0.0,0.0,5,0,0,5,0,0.0086810588836669,0.0,1.0,0.0,0.0,0.0,0.0,0.0,1.0,0.0,0.0,0.0,0.0,0.0,1.0,1.0,600,54,66,60.0,6.324555320336759,60.0,0.0010600090026855,10,0.9293344008552924,36.0
20.0,6,64.0,551.207601224817,0.0,0.0,0.6,0.4,0.4,0.0,0.0,4,0,0,6,0,0.0181419849395751,0.0,1.0,0.0,0.0,0.0,0.0,0.0,1.0,0.0,0.0,0.0,0.0,0.0,1.0,1.0,612,54,66,61.2,6.196773353931867,61.2,0.0023469924926757,10,0.9292823475934576,36.0
20.0,6,64.0,1476.9196098454172,0.0,0.0,0.5,0.5,0.5,0.0,0.0,5,0,0,5,0,0.0067708492279052,0.0,1.0,0.0,0.0,0.0,0.0,0.0,1.0,0.0,0.0,0.0,0.0,0.0,1.0,1.0,600,54,66,60.0,6.324555320336759,60.0,0.0006783008575439,10,0.9293344008552924,36.0
20.0,6,64.0,726.4751017580323,0.0,0.0,0.6,0.4,0.4,0.0,0.0,4,0,0,6,0,0.0137650966644287,0.0,1.0,0.0,0.0,0.0,0.0,0.0,1.0,0.0,0.0,0.0,0.0,0.0,1.0,1.0,634,54,68,63.4,6.535373831014651,63.4,0.0015637159347534,10,0.9294202798838022,40.09876543209876
20.0,6,64.0,952.2986104804288,0.0,0.0,0.6,0.4,0.4,0.0,0.0,4,0,0,6,0,0.0105009078979492,0.0,1.0,0.0,0.0,0.0,0.0,0.0,1.0,0.0,0.0,0.0,0.0,0.0,1.0,1.0,610,54,68,61.0,7.378647873726218,61.0,0.001052188873291,10,0.9297637959978412,49.0
20.0,6,64.0,462.83507316104254,0.0,0.0,1.0,0.0,0.0,0.0,0.0,0,0,0,10,0,0.0216059684753417,0.0,1.0,0.0,0.0,0.0,0.0,0.0,1.0,0.0,0.0,0.0,0.0,0.0,1.0,1.0,640,64,64,64.0,0.0,64.0,0.0031455039978027,10,0.0,0.0
20.0,6,64.0,400.27331895482223,0.0,0.0,1.0,0.0,0.0,0.0,0.0,0,0,0,10,0,0.0249829292297363,0.0,1.0,0.0,0.0,0.0,0.0,0.0,1.0,0.0,0.0,0.0,0.0,0.0,1.0,1.0,660,66,66,66.0,0.0,66.0,0.002829885482788,10,0.0,0.0
20.0,6,64.0,936.960571875349,0.0,0.0,0.6,0.4,0.4,0.0,0.0,4,0,0,6,0,0.0106728076934814,0.0,1.0,0.0,0.0,0.0,0.0,0.0,1.0,0.0,0.0,0.0,0.0,0.0,1.0,1.0,600,54,64,60.0,5.163977794943222,60.0,0.0013633012771606,10,0.928861627994548,25.0
20.0,6,64.0,1580.5494215623469,0.0,0.0,0.6,0.4,0.4,0.0,0.0,4,0,0,6,0,0.0063269138336181,0.0,1.0,0.0,0.0,0.0,0.0,0.0,1.0,0.0,0.0,0.0,0.0,0.0,1.0,1.0,604,54,66,60.4,5.561774297230456,60.4,0.0011480093002319,10,0.9290236743777198,27.84
20.0,6,64.0,880.6567703193567,0.0,0.0,0.6,0.4,0.4,0.0,0.0,4,0,0,6,0,0.0113551616668701,0.0,1.0,0.0,0.0,0.0,0.0,0.0,1.0,0.0,0.0,0.0,0.0,0.0,1.0,1.0,612,54,66,61.2,6.196773353931867,61.2,0.0014105081558227,10,0.9292823475934576,35.55555555555556
20.0,6,64.0,478.97679517632014,0.0,0.0,0.5,0.5,0.5,0.0,0.0,5,0,0,5,0,0.0208778381347656,0.0,1.0,0.0,0.0,0.0,0.0,0.0,1.0,0.0,0.0,0.0,0.0,0.0,1.0,1.0,612,54,66,61.2,6.196773353931867,61.2,0.0022833824157714,10,0.9292823475934576,36.0
20.0,6,64.0,714.3861561520644,0.0,0.0,0.5,0.5,0.5,0.0,0.0,5,0,0,5,0,0.0139980316162109,0.0,1.0,0.0,0.0,0.0,0.0,0.0,1.0,0.0,0.0,0.0,0.0,0.0,1.0,1.0,600,54,66,60.0,6.324555320336759,60.0,0.0014011144638061,10,0.9293344008552924,36.0
20.0,6,64.0,845.6769562675162,0.0,0.0,0.6,0.4,0.4,0.0,0.0,4,0,0,6,0,0.0118248462677001,0.0,1.0,0.0,0.0,0.0,0.0,0.0,1.0,0.0,0.0,0.0,0.0,0.0,1.0,1.0,608,54,68,60.8,7.192588778272627,60.8,0.0011854887008666,10,0.9296880029647172,46.56
20.0,6,64.0,6575.174792287193,0.0,0.0,0.5,0.5,0.5,0.0,0.0,5,0,0,5,0,0.0015208721160888,0.0,1.0,0.0,0.0,0.0,0.0,0.0,1.0,0.0,0.0,0.0,0.0,0.0,1.0,1.0,610,54,68,61.0,7.378647873726218,61.0,0.0014194965362548,10,0.9297637959978412,49.0
20.0,6,64.0,766.9374097167621,0.0,0.0,0.6,0.4,0.4,0.0,0.0,4,0,0,6,0,0.0130388736724853,0.0,1.0,0.0,0.0,0.0,0.0,0.0,1.0,0.0,0.0,0.0,0.0,0.0,1.0,1.0,1124,54,168,112.4,58.7559926021735,112.4,0.0013628005981445,10,0.9506928711464214,3107.04
20.0,6,64.0,573.0001775980546,0.0,0.0,0.9,0.1,0.1,0.0,0.0,1,0,0,9,0,0.0174520015716552,0.0,1.0,0.0,0.0,0.0,0.0,0.0,1.0,0.0,0.0,0.0,0.0,0.0,1.0,1.0,1574,54,170,157.4,36.344646556725976,157.4,0.0019258022308349,10,0.941563385221348,1188.84
20.0,6,64.0,827.8830704853641,0.0,0.0,0.6,0.4,0.4,0.0,0.0,4,0,0,6,0,0.0120790004730224,0.0,1.0,0.0,0.0,0.0,0.0,0.0,1.0,0.0,0.0,0.0,0.0,0.0,1.0,1.0,1236,54,170,123.6,59.90214242134138,123.6,0.0013914108276367,10,0.9511597667367576,3229.44
20.0,6,64.0,1115.447050688793,0.0,0.0,0.8,0.2,0.2,0.0,0.0,2,0,0,8,0,0.0089650154113769,0.0,1.0,0.0,0.0,0.0,0.0,0.0,1.0,0.0,0.0,0.0,0.0,0.0,1.0,1.0,636,54,66,63.6,5.059644256269407,63.6,0.0023031949996948,10,0.928819126684234,32.0
20.0,6,64.0,582.5422222222222,0.0,0.0,0.9,0.1,0.1,0.0,0.0,1,0,0,9,0,0.0171661376953125,0.0,1.0,0.0,0.0,0.0,0.0,0.0,1.0,0.0,0.0,0.0,0.0,0.0,1.0,1.0,662,54,68,66.2,4.366539438350083,66.2,0.0019220113754272,10,0.9285367835056064,36.0
20.0,6,64.0,370.0149089144722,0.0,0.0,0.6,0.4,0.4,0.0,0.0,4,0,0,6,0,0.0270259380340576,0.0,1.0,0.0,0.0,0.0,0.0,0.0,1.0,0.0,0.0,0.0,0.0,0.0,1.0,1.0,630,54,68,63.0,6.27162924074226,63.0,0.0029589891433715,10,0.9293128408875088,38.22222222222222
20.0,6,64.0,613.9922707577,0.0,0.0,0.5,0.5,0.5,0.0,0.0,5,0,0,5,0,0.0162868499755859,0.0,1.0,0.0,0.0,0.0,0.0,0.0,1.0,0.0,0.0,0.0,0.0,0.0,1.0,1.0,600,54,66,60.0,6.324555320336759,60.0,0.0016331911087036,10,0.9293344008552924,36.0
20.0,6,64.0,1218.4597507480464,0.0,0.0,0.5,0.5,0.5,0.0,0.0,5,0,0,5,0,0.008207082748413,0.0,1.0,0.0,0.0,0.0,0.0,0.0,1.0,0.0,0.0,0.0,0.0,0.0,1.0,1.0,608,54,68,60.8,7.192588778272627,60.8,0.000822114944458,10,0.9296880029647172,46.56
20.0,6,64.0,880.1947452362965,0.0,0.0,0.5,0.5,0.5,0.0,0.0,5,0,0,5,0,0.0113611221313476,0.0,1.0,0.0,0.0,0.0,0.0,0.0,1.0,0.0,0.0,0.0,0.0,0.0,1.0,1.0,610,54,68,61.0,7.378647873726218,61.0,0.0011379957199096,10,0.9297637959978412,49.0
20.0,6,64.0,704.2267331553586,0.0,0.0,0.6,0.4,0.4,0.0,0.0,4,0,0,6,0,0.0141999721527099,0.0,1.0,0.0,0.0,0.0,0.0,0.0,1.0,0.0,0.0,0.0,0.0,0.0,1.0,1.0,659,54,75,65.9,10.461038826681284,65.9,0.0014221906661987,10,0.9310194387764368,99.20987654320987
20.0,6,64.0,710.1286739807666,0.0,0.0,0.7,0.3,0.3,0.0,0.0,3,0,0,7,0,0.0140819549560546,0.0,1.0,0.0,0.0,0.0,0.0,0.0,1.0,0.0,0.0,0.0,0.0,0.0,1.0,1.0,668,54,77,66.8,11.033282980751164,66.8,0.0014110088348388,10,0.9312525481550388,110.25
20.0,6,64.0,704.6644938006116,0.0,0.0,0.6,0.4,0.4,0.0,0.0,4,0,0,6,0,0.0141911506652832,0.0,1.0,0.0,0.0,0.0,0.0,0.0,1.0,0.0,0.0,0.0,0.0,0.0,1.0,1.0,701,54,77,70.1,11.110055505411903,70.1,0.0016236066818237,10,0.9312838222106846,132.25
20.0,6,64.0,423.7655212827223,0.0,0.0,0.9,0.1,0.1,0.0,0.0,1,0,0,9,0,0.0235979557037353,0.0,1.0,0.0,0.0,0.0,0.0,0.0,1.0,0.0,0.0,0.0,0.0,0.0,1.0,1.0,658,54,77,65.8,7.671013260609345,65.8,0.0023635864257812,10,0.929882893961842,132.25
20.0,6,64.0,586.8211262679258,0.0,0.0,1.0,0.0,0.0,0.0,0.0,0,0,0,10,0,0.0170409679412841,0.0,1.0,0.0,0.0,0.0,0.0,0.0,1.0,0.0,0.0,0.0,0.0,0.0,1.0,1.0,672,66,68,67.2,1.0327955589886444,67.2,0.0020818948745727,10,0.9067291895989096,1.0
20.0,6,64.0,396.3845993913849,0.0,0.0,0.7,0.3,0.3,0.0,0.0,3,0,0,7,0,0.0252280235290527,0.0,1.0,0.0,0.0,0.0,0.0,0.0,1.0,0.0,0.0,0.0,0.0,0.0,1.0,1.0,648,54,68,64.8,5.71158666416104,64.8,0.0027224063873291,10,0.9290847019435128,32.02469135802469
20.0,6,64.0,747.1017616358811,0.0,0.0,0.6,0.4,0.4,0.0,0.0,4,0,0,6,0,0.0133850574493408,0.0,1.0,0.0,0.0,0.0,0.0,0.0,1.0,0.0,0.0,0.0,0.0,0.0,1.0,1.0,605,54,67,60.5,6.851601597031489,60.5,0.0013405084609985,10,0.9295490984265669,42.25
20.0,6,64.0,935.6437940572856,0.0,0.0,0.6,0.4,0.4,0.0,0.0,4,0,0,6,0,0.0106878280639648,0.0,1.0,0.0,0.0,0.0,0.0,0.0,1.0,0.0,0.0,0.0,0.0,0.0,1.0,1.0,628,54,69,62.8,7.598245411496876,62.8,0.0010701894760131,10,0.9298532512508274,51.96
20.0,6,64.0,1097.3246474635691,0.0,0.0,0.5,0.5,0.5,0.0,0.0,5,0,0,5,0,0.009113073348999,0.0,1.0,0.0,0.0,0.0,0.0,0.0,1.0,0.0,0.0,0.0,0.0,0.0,1.0,1.0,615,54,69,61.5,7.905694150420948,61.5,0.0010966062545776,10,0.9299784935691154,56.25
20.0,6,64.0,476.6687880716429,0.0,0.0,1.0,0.0,0.0,0.0,0.0,0,0,0,10,0,0.0209789276123046,0.0,1.0,0.0,0.0,0.0,0.0,0.0,1.0,0.0,0.0,0.0,0.0,0.0,1.0,1.0,660,66,66,66.0,0.0,66.0,0.0030824899673461,10,0.0,0.0
20.0,6,64.0,493.2154280338664,0.0,0.0,1.0,0.0,0.0,0.0,0.0,0,0,0,10,0,0.0202751159667968,0.0,1.0,0.0,0.0,0.0,0.0,0.0,1.0,0.0,0.0,0.0,0.0,0.0,1.0,1.0,680,68,68,68.0,0.0,68.0,0.0022378206253051,10,0.0,0.0
20.0,6,64.0,1599.4752698013194,0.0,0.0,0.5,0.5,0.5,0.0,0.0,5,0,0,5,0,0.0062520503997802,0.0,1.0,0.0,0.0,0.0,0.0,0.0,1.0,0.0,0.0,0.0,0.0,0.0,1.0,1.0,2050,54,356,205.0,159.16797556180842,205.0,0.0017730951309204,10,0.9915966965248584,22801.0
20.0,6,64.0,873.5949345996834,0.0,0.0,0.5,0.5,0.5,0.0,0.0,5,0,0,5,0,0.0114469528198242,0.0,1.0,0.0,0.0,0.0,0.0,0.0,1.0,0.0,0.0,0.0,0.0,0.0,1.0,1.0,2354,54,358,235.4,156.12544813564364,235.4,0.0014246940612792,10,0.9903572925525358,22801.0
20.0,6,64.0,783.3817074765133,0.0,0.0,0.6,0.4,0.4,0.0,0.0,4,0,0,6,0,0.0127651691436767,0.0,1.0,0.0,0.0,0.0,0.0,0.0,1.0,0.0,0.0,0.0,0.0,0.0,1.0,1.0,2364,54,358,236.4,156.98492496627395,236.4,0.0012803077697753,10,0.9907074090342614,23104.0
20.0,6,64.0,465.8733103042285,0.0,0.0,0.7,0.3,0.3,0.0,0.0,3,0,0,7,0,0.0214650630950927,0.0,1.0,0.0,0.0,0.0,0.0,0.0,1.0,0.0,0.0,0.0,0.0,0.0,1.0,1.0,1482,54,358,148.2,144.84152259164728,148.2,0.002148699760437,10,0.9857606726429334,23104.0
20.0,6,64.0,519.1548563577626,0.0,0.0,1.0,0.0,0.0,0.0,0.0,0,0,0,10,0,0.0192620754241943,0.0,1.0,0.0,0.0,0.0,0.0,0.0,1.0,0.0,0.0,0.0,0.0,0.0,1.0,1.0,646,64,66,64.6,0.966091783079296,64.6,0.0020478963851928,10,0.0,0.8400000000000001
20.0,6,64.0,386.0096817537595,0.0,0.0,0.8,0.2,0.2,0.0,0.0,2,0,0,8,0,0.0259060859680175,0.0,1.0,0.0,0.0,0.0,0.0,0.0,1.0,0.0,0.0,0.0,0.0,0.0,1.0,1.0,644,54,66,64.4,3.747591819348053,64.4,0.0027924060821533,10,0.9282846490035296,14.024691358024691
20.0,6,64.0,918.8564418253115,0.0,0.0,0.5,0.5,0.5,0.0,0.0,5,0,0,5,0,0.010883092880249,0.0,1.0,0.0,0.0,0.0,0.0,0.0,1.0,0.0,0.0,0.0,0.0,0.0,1.0,1.0,590,54,64,59.0,5.270462766947299,59.0,0.0010905981063842,10,0.9289050057127436,25.0
20.0,6,64.0,956.468120040135,0.0,0.0,0.5,0.5,0.5,0.0,0.0,5,0,0,5,0,0.0104551315307617,0.0,1.0,0.0,0.0,0.0,0.0,0.0,1.0,0.0,0.0,0.0,0.0,0.0,1.0,1.0,594,54,66,59.4,5.738757124441959,59.4,0.0010483026504516,10,0.9290957701022128,29.64
20.0,6,64.0,743.4995479765303,0.0,0.0,0.5,0.5,0.5,0.0,0.0,5,0,0,5,0,0.0134499073028564,0.0,1.0,0.0,0.0,0.0,0.0,0.0,1.0,0.0,0.0,0.0,0.0,0.0,1.0,1.0,600,54,66,60.0,6.324555320336759,60.0,0.0013470888137817,10,0.9293344008552924,36.0
20.0,6,64.0,523.4243498227924,0.0,0.0,0.7,0.3,0.3,0.0,0.0,3,0,0,7,0,0.0191049575805664,0.0,1.0,0.0,0.0,0.0,0.0,0.0,1.0,0.0,0.0,0.0,0.0,0.0,1.0,1.0,4086,54,1224,408.6,562.7038297363898,408.6,0.001912498474121,10,1.0,284972.04
20.0,6,64.0,327.69536072003376,0.0,0.0,1.0,0.0,0.0,0.0,0.0,0,0,0,10,0,0.0305161476135253,0.0,1.0,0.0,0.0,0.0,0.0,0.0,1.0,0.0,0.0,0.0,0.0,0.0,1.0,1.0,12246,1224,1226,1224.6,0.966091783079296,1224.6,0.0032328128814697,10,0.0,0.8400000000000001
20.0,6,64.0,542.0678246484698,0.0,0.0,0.9,0.1,0.1,0.0,0.0,1,0,0,9,0,0.0184478759765625,0.0,1.0,0.0,0.0,0.0,0.0,0.0,1.0,0.0,0.0,0.0,0.0,0.0,1.0,1.0,8772,54,1226,877.2,561.6342819546066,877.2,0.0018463850021362,10,1.0,283889.76
20.0,6,64.0,1129.41379217492,0.0,0.0,0.5,0.5,0.5,0.0,0.0,5,0,0,5,0,0.0088541507720947,0.0,1.0,0.0,0.0,0.0,0.0,0.0,1.0,0.0,0.0,0.0,0.0,0.0,1.0,1.0,610,54,68,61.0,7.378647873726218,61.0,0.0008865118026733,10,0.9297637959978412,49.0
20.0,6,64.0,628.539059807286,0.0,0.0,0.8,0.2,0.2,0.0,0.0,2,0,0,8,0,0.0159099102020263,0.0,1.0,0.0,0.0,0.0,0.0,0.0,1.0,0.0,0.0,0.0,0.0,0.0,1.0,1.0,662,54,70,66.2,6.4944420682440285,66.2,0.001838994026184,10,0.92940360592092,40.39506172839506
20.0,6,64.0,434.21543558155184,0.0,0.0,0.7,0.3,0.3,0.0,0.0,3,0,0,7,0,0.0230300426483154,0.0,1.0,0.0,0.0,0.0,0.0,0.0,1.0,0.0,0.0,0.0,0.0,0.0,1.0,1.0,644,54,70,64.4,7.351492667781452,64.4,0.0023746967315673,10,0.9297527340531476,56.88888888888889
20.0,6,64.0,780.219502213624,0.0,0.0,0.5,0.5,0.5,0.0,0.0,5,0,0,5,0,0.0128169059753417,0.0,1.0,0.0,0.0,0.0,0.0,0.0,1.0,0.0,0.0,0.0,0.0,0.0,1.0,1.0,600,54,66,60.0,6.324555320336759,60.0,0.001481294631958,10,0.9293344008552924,36.0
20.0,6,64.0,1192.173270422375,0.0,0.0,0.5,0.5,0.5,0.0,0.0,5,0,0,5,0,0.0083880424499511,0.0,1.0,0.0,0.0,0.0,0.0,0.0,1.0,0.0,0.0,0.0,0.0,0.0,1.0,1.0,604,54,68,60.4,6.785605679999719,60.4,0.0008407115936279,10,0.9295222143298046,41.44
20.0,6,64.0,1129.1705478530084,0.0,0.0,0.5,0.5,0.5,0.0,0.0,5,0,0,5,0,0.0088560581207275,0.0,1.0,0.0,0.0,0.0,0.0,0.0,1.0,0.0,0.0,0.0,0.0,0.0,1.0,1.0,610,54,68,61.0,7.378647873726218,61.0,0.0011007070541381,10,0.9297637959978412,49.0
20.0,6,64.0,587.1004045296119,0.0,0.0,0.5,0.5,0.5,0.0,0.0,5,0,0,5,0,0.0170328617095947,0.0,1.0,0.0,0.0,0.0,0.0,0.0,1.0,0.0,0.0,0.0,0.0,0.0,1.0,1.0,602,54,68,60.2,6.696599468718766,60.2,0.0018793821334838,10,0.9294859567595772,49.0
20.0,6,64.0,1189.9072314108205,0.0,0.0,0.5,0.5,0.5,0.0,0.0,5,0,0,5,0,0.0084040164947509,0.0,1.0,0.0,0.0,0.0,0.0,0.0,1.0,0.0,0.0,0.0,0.0,0.0,1.0,1.0,590,54,64,59.0,5.270462766947299,59.0,0.0010473012924194,10,0.9289050057127436,25.0
20.0,6,64.0,1346.2699406194831,0.0,0.0,0.5,0.5,0.5,0.0,0.0,5,0,0,5,0,0.0074279308319091,0.0,1.0,0.0,0.0,0.0,0.0,0.0,1.0,0.0,0.0,0.0,0.0,0.0,1.0,1.0,594,54,66,59.4,5.738757124441959,59.4,0.0011652946472167,10,0.9290957701022128,29.64
20.0,6,64.0,1211.666281488329,0.0,0.0,0.5,0.5,0.5,0.0,0.0,5,0,0,5,0,0.0082530975341796,0.0,1.0,0.0,0.0,0.0,0.0,0.0,1.0,0.0,0.0,0.0,0.0,0.0,1.0,1.0,600,54,66,60.0,6.324555320336759,60.0,0.0010393142700195,10,0.9293344008552924,36.0
20.0,6,64.0,599.48602872865,0.0,0.0,0.5,0.5,0.5,0.0,0.0,5,0,0,5,0,0.0166809558868408,0.0,1.0,0.0,0.0,0.0,0.0,0.0,1.0,0.0,0.0,0.0,0.0,0.0,1.0,1.0,618,54,75,61.8,8.854377448471462,61.8,0.0019762992858886,10,0.9303649491974092,70.88888888888889
20.0,6,64.0,1125.9876510067113,0.0,0.0,0.5,0.5,0.5,0.0,0.0,5,0,0,5,0,0.0088810920715332,0.0,1.0,0.0,0.0,0.0,0.0,0.0,1.0,0.0,0.0,0.0,0.0,0.0,1.0,1.0,645,54,75,64.5,11.067971810589327,64.5,0.0010982990264892,10,0.9312666789967616,110.25
20.0,6,64.0,918.7759304286872,0.0,0.0,0.5,0.5,0.5,0.0,0.0,5,0,0,5,0,0.0108840465545654,0.0,1.0,0.0,0.0,0.0,0.0,0.0,1.0,0.0,0.0,0.0,0.0,0.0,1.0,1.0,672,54,77,67.2,11.390054140930731,67.2,0.0012912034988403,10,0.9313978824548496,117.87654320987654
20.0,6,64.0,915.1474951998604,0.0,0.0,0.6,0.4,0.4,0.0,0.0,4,0,0,6,0,0.0109272003173828,0.0,1.0,0.0,0.0,0.0,0.0,0.0,1.0,0.0,0.0,0.0,0.0,0.0,1.0,1.0,655,54,77,65.5,12.122064363978788,65.5,0.0010946035385131,10,0.9316960741393104,132.25
20.0,6,64.0,411.6421308836808,0.0,0.0,0.5,0.5,0.5,0.0,0.0,5,0,0,5,0,0.0242929458618164,0.0,1.0,0.0,0.0,0.0,0.0,0.0,1.0,0.0,0.0,0.0,0.0,0.0,1.0,1.0,622,54,77,62.2,9.531235200352809,62.2,0.0026312828063964,10,0.9306406739712156,132.25
20.0,6,64.0,1935.7134945541811,0.0,0.0,0.8,0.2,0.2,0.0,0.0,2,0,0,8,0,0.0051660537719726,0.0,1.0,0.0,0.0,0.0,0.0,0.0,1.0,0.0,0.0,0.0,0.0,0.0,1.0,1.0,638,54,68,63.8,5.202563470700445,63.8,0.0008644104003906,10,0.9288773462554244,36.0
20.0,6,64.0,585.5513053190004,0.0,0.0,0.8,0.2,0.2,0.0,0.0,2,0,0,8,0,0.0170779228210449,0.0,1.0,0.0,0.0,0.0,0.0,0.0,1.0,0.0,0.0,0.0,0.0,0.0,1.0,1.0,666,54,68,66.6,4.42718872423573,66.6,0.0019491910934448,10,0.9285614895987048,36.75
20.0,6,64.0,447.97060739728073,0.0,0.0,0.6,0.4,0.4,0.0,0.0,4,0,0,6,0,0.0223228931427001,0.0,1.0,0.0,0.0,0.0,0.0,0.0,1.0,0.0,0.0,0.0,0.0,0.0,1.0,1.0,1944,54,288,194.4,120.8370804016714,194.4,0.0022361993789672,10,0.9759822230724248,13689.0
20.0,6,64.0,762.3096635829955,0.0,0.0,0.7,0.3,0.3,0.0,0.0,3,0,0,7,0,0.013118028640747,0.0,1.0,0.0,0.0,0.0,0.0,0.0,1.0,0.0,0.0,0.0,0.0,0.0,1.0,1.0,1948,54,290,194.8,121.18379062857834,194.8,0.0013138055801391,10,0.9761234589504576,13689.0
20.0,6,64.0,881.4525891055818,0.0,0.0,0.6,0.4,0.4,0.0,0.0,4,0,0,6,0,0.0113449096679687,0.0,1.0,0.0,0.0,0.0,0.0,0.0,1.0,0.0,0.0,0.0,0.0,0.0,1.0,1.0,1956,54,290,195.6,121.86987596066004,195.6,0.0013253927230834,10,0.9764029426713344,13367.04
20.0,6,64.0,518.9428882510146,0.0,0.0,0.6,0.4,0.4,0.0,0.0,4,0,0,6,0,0.0192699432373046,0.0,1.0,0.0,0.0,0.0,0.0,0.0,1.0,0.0,0.0,0.0,0.0,0.0,1.0,1.0,2796,54,500,279.6,210.3178546866623,279.6,0.0022056102752685,10,1.0,39810.24
20.0,6,64.0,453.330451135946,0.0,0.0,0.6,0.4,0.4,0.0,0.0,4,0,0,6,0,0.0220589637756347,0.0,1.0,0.0,0.0,0.0,0.0,0.0,1.0,0.0,0.0,0.0,0.0,0.0,1.0,1.0,3216,54,500,321.6,230.31340965446773,321.6,0.0025058984756469,10,1.0,48714.12244897959
20.0,6,64.0,387.0390978970001,0.0,0.0,0.7,0.3,0.3,0.0,0.0,3,0,0,7,0,0.0258371829986572,0.0,1.0,0.0,0.0,0.0,0.0,0.0,1.0,0.0,0.0,0.0,0.0,0.0,1.0,1.0,3676,54,502,367.6,216.40455940976227,367.6,0.0025865077972412,10,1.0,50176.0
20.0,6,64.0,8230.580847723704,0.0,0.0,0.6,0.4,0.4,0.0,0.0,4,0,0,6,0,0.0012149810791015,0.0,1.0,0.0,0.0,0.0,0.0,0.0,1.0,0.0,0.0,0.0,0.0,0.0,1.0,1.0,1914,54,502,191.4,214.37879248346064,191.4,0.0001864910125732,10,1.0,50176.0
20.0,6,64.0,913.6523841679918,0.0,0.0,0.5,0.5,0.5,0.0,0.0,5,0,0,5,0,0.0109450817108154,0.0,1.0,0.0,0.0,0.0,0.0,0.0,1.0,0.0,0.0,0.0,0.0,0.0,1.0,1.0,600,54,64,60.0,5.163977794943222,60.0,0.0014063119888305,10,0.928861627994548,25.0
20.0,6,64.0,892.6140160463087,0.0,0.0,0.5,0.5,0.5,0.0,0.0,5,0,0,5,0,0.0112030506134033,0.0,1.0,0.0,0.0,0.0,0.0,0.0,1.0,0.0,0.0,0.0,0.0,0.0,1.0,1.0,598,54,66,59.8,6.142746399887703,59.8,0.0011219978332519,10,0.9292603391734584,33.959999999999994
20.0,6,64.0,906.5433246158168,0.0,0.0,0.6,0.4,0.4,0.0,0.0,4,0,0,6,0,0.0110309123992919,0.0,1.0,0.0,0.0,0.0,0.0,0.0,1.0,0.0,0.0,0.0,0.0,0.0,1.0,1.0,600,54,66,60.0,6.324555320336759,60.0,0.0011061906814575,10,0.9293344008552924,36.0
20.0,6,64.0,519.6951937254513,0.0,0.0,0.9,0.1,0.1,0.0,0.0,1,0,0,9,0,0.0192420482635498,0.0,1.0,0.0,0.0,0.0,0.0,0.0,1.0,0.0,0.0,0.0,0.0,0.0,1.0,1.0,648,54,66,64.8,3.794733192202056,64.8,0.0021762132644653,10,0.9283038525131756,36.0
20.0,6,64.0,480.7721140289543,0.0,0.0,1.0,0.0,0.0,0.0,0.0,0,0,0,10,0,0.0207998752593994,0.0,1.0,0.0,0.0,0.0,0.0,0.0,1.0,0.0,0.0,0.0,0.0,0.0,1.0,1.0,676,66,68,67.6,0.8432740427115678,67.6,0.0022859811782836,10,0.0,1.0
20.0,6,64.0,424.5032134001316,0.0,0.0,0.7,0.3,0.3,0.0,0.0,3,0,0,7,0,0.0235569477081298,0.0,1.0,0.0,0.0,0.0,0.0,0.0,1.0,0.0,0.0,0.0,0.0,0.0,1.0,1.0,618,54,68,61.8,5.613475849338902,61.8,0.0025205135345458,10,0.9290447355219869,32.75
20.0,6,64.0,1113.4630598104543,0.0,0.0,0.5,0.5,0.5,0.0,0.0,5,0,0,5,0,0.0089809894561767,0.0,1.0,0.0,0.0,0.0,0.0,0.0,1.0,0.0,0.0,0.0,0.0,0.0,1.0,1.0,590,54,64,59.0,5.270462766947299,59.0,0.0012825012207031,10,0.9289050057127436,25.0
20.0,6,64.0,1150.7638279192274,0.0,0.0,0.5,0.5,0.5,0.0,0.0,5,0,0,5,0,0.0086898803710937,0.0,1.0,0.0,0.0,0.0,0.0,0.0,1.0,0.0,0.0,0.0,0.0,0.0,1.0,1.0,600,54,66,60.0,6.324555320336759,60.0,0.0011408805847167,10,0.9293344008552924,36.0
20.0,6,64.0,588.9304820342886,0.0,0.0,0.6,0.4,0.4,0.0,0.0,4,0,0,6,0,0.0169799327850341,0.0,1.0,0.0,0.0,0.0,0.0,0.0,1.0,0.0,0.0,0.0,0.0,0.0,1.0,1.0,613,54,67,61.3,6.290204024248074,61.3,0.0019464015960693,10,0.9293204075113176,36.0
20.0,6,64.0,526.7307136847129,0.0,0.0,1.0,0.0,0.0,0.0,0.0,0,0,0,10,0,0.0189850330352783,0.0,1.0,0.0,0.0,0.0,0.0,0.0,1.0,0.0,0.0,0.0,0.0,0.0,1.0,1.0,672,67,69,67.2,0.6324555320336759,67.2,0.0019005060195922,10,0.0,0.36
20.0,6,64.0,319.06038430525336,0.0,0.0,0.9,0.1,0.1,0.0,0.0,1,0,0,9,0,0.0313420295715332,0.0,1.0,0.0,0.0,0.0,0.0,0.0,1.0,0.0,0.0,0.0,0.0,0.0,1.0,1.0,687,66,69,68.7,0.9486832980505138,68.7,0.0033303022384643,10,0.0,0.8099999999999999
20.0,6,64.0,768.9339468715053,0.0,0.0,0.6,0.4,0.4,0.0,0.0,4,0,0,6,0,0.0130050182342529,0.0,1.0,0.0,0.0,0.0,0.0,0.0,1.0,0.0,0.0,0.0,0.0,0.0,1.0,1.0,612,54,66,61.2,6.196773353931867,61.2,0.0013050079345703,10,0.9292823475934576,36.0
20.0,6,64.0,993.8402483235787,0.0,0.0,0.6,0.4,0.4,0.0,0.0,4,0,0,6,0,0.0100619792938232,0.0,1.0,0.0,0.0,0.0,0.0,0.0,1.0,0.0,0.0,0.0,0.0,0.0,1.0,1.0,604,54,68,60.4,6.785605679999719,60.4,0.0010089874267578,10,0.9295222143298046,41.44
20.0,6,64.0,888.4166825527949,0.0,0.0,0.5,0.5,0.5,0.0,0.0,5,0,0,5,0,0.0112559795379638,0.0,1.0,0.0,0.0,0.0,0.0,0.0,1.0,0.0,0.0,0.0,0.0,0.0,1.0,1.0,624,54,68,62.4,7.229568912920511,62.4,0.0013376951217651,10,0.9297030671923672,49.0
20.0,6,64.0,574.3183031863182,0.0,0.0,0.5,0.5,0.5,0.0,0.0,5,0,0,5,0,0.0174119472503662,0.0,1.0,0.0,0.0,0.0,0.0,0.0,1.0,0.0,0.0,0.0,0.0,0.0,1.0,1.0,604,54,68,60.4,6.785605679999719,60.4,0.0017443180084228,10,0.9295222143298046,49.0
20.0,6,64.0,902.1172624424656,0.0,0.0,0.5,0.5,0.5,0.0,0.0,5,0,0,5,0,0.011085033416748,0.0,1.0,0.0,0.0,0.0,0.0,0.0,1.0,0.0,0.0,0.0,0.0,0.0,1.0,1.0,600,54,66,60.0,6.324555320336759,60.0,0.0011108875274658,10,0.9293344008552924,36.0
20.0,6,64.0,766.993508274664,0.0,0.0,0.5,0.5,0.5,0.0,0.0,5,0,0,5,0,0.0130379199981689,0.0,1.0,0.0,0.0,0.0,0.0,0.0,1.0,0.0,0.0,0.0,0.0,0.0,1.0,1.0,606,54,68,60.6,6.995236474439826,60.6,0.0013057947158813,10,0.9296076095302278,44.04
20.0,6,64.0,873.5949345996834,0.0,0.0,0.5,0.5,0.5,0.0,0.0,5,0,0,5,0,0.0114469528198242,0.0,1.0,0.0,0.0,0.0,0.0,0.0,1.0,0.0,0.0,0.0,0.0,0.0,1.0,1.0,610,54,68,61.0,7.378647873726218,61.0,0.001146912574768,10,0.9297637959978412,49.0
20.0,6,64.0,545.763805756519,0.0,0.0,0.6,0.4,0.4,0.0,0.0,4,0,0,6,0,0.0183229446411132,0.0,1.0,0.0,0.0,0.0,0.0,0.0,1.0,0.0,0.0,0.0,0.0,0.0,1.0,1.0,616,54,68,61.6,6.586180818788518,61.6,0.0018332004547119,10,0.9294409766183416,49.0
20.0,6,64.0,853.2465366071973,0.0,0.0,0.5,0.5,0.5,0.0,0.0,5,0,0,5,0,0.0117199420928955,0.0,1.0,0.0,0.0,0.0,0.0,0.0,1.0,0.0,0.0,0.0,0.0,0.0,1.0,1.0,600,54,66,60.0,6.324555320336759,60.0,0.0011744022369384,10,0.9293344008552924,36.0
20.0,6,64.0,871.0911734164071,0.0,0.0,0.6,0.4,0.4,0.0,0.0,4,0,0,6,0,0.0114798545837402,0.0,1.0,0.0,0.0,0.0,0.0,0.0,1.0,0.0,0.0,0.0,0.0,0.0,1.0,1.0,608,54,68,60.8,7.192588778272627,60.8,0.0011520862579345,10,0.9296880029647172,46.56
20.0,6,64.0,984.0701984890432,0.0,0.0,0.5,0.5,0.5,0.0,0.0,5,0,0,5,0,0.0101618766784667,0.0,1.0,0.0,0.0,0.0,0.0,0.0,1.0,0.0,0.0,0.0,0.0,0.0,1.0,1.0,610,54,68,61.0,7.378647873726218,61.0,0.0011868000030517,10,0.9297637959978412,49.0
20.0,6,64.0,401.75325670498086,0.0,0.0,0.9,0.1,0.1,0.0,0.0,1,0,0,9,0,0.0248908996582031,0.0,1.0,0.0,0.0,0.0,0.0,0.0,1.0,0.0,0.0,0.0,0.0,0.0,1.0,1.0,2874,54,344,287.4,119.3688960045008,287.4,0.0026734113693237,10,0.9753841434763936,20046.75
20.0,6,64.0,501.632999653164,0.0,0.0,1.0,0.0,0.0,0.0,0.0,0,0,0,10,0,0.0199348926544189,0.0,1.0,0.0,0.0,0.0,0.0,0.0,1.0,0.0,0.0,0.0,0.0,0.0,1.0,1.0,3456,344,346,345.6,0.8432740427115677,345.6,0.0020886898040771,10,0.0,1.0
20.0,6,64.0,369.4380438995173,0.0,0.0,1.0,0.0,0.0,0.0,0.0,0,0,0,10,0,0.0270681381225585,0.0,1.0,0.0,0.0,0.0,0.0,0.0,1.0,0.0,0.0,0.0,0.0,0.0,1.0,1.0,1220,66,346,122.0,118.0583659796195,122.0,0.0029147148132324,10,0.954400725965458,19600.0
20.0,6,64.0,413.2929989653644,0.0,0.0,1.0,0.0,0.0,0.0,0.0,0,0,0,10,0,0.024195909500122,0.0,1.0,0.0,0.0,0.0,0.0,0.0,1.0,0.0,0.0,0.0,0.0,0.0,1.0,1.0,676,66,68,67.6,0.8432740427115678,67.6,0.002619981765747,10,0.0,1.0
20.0,6,64.0,477.50993317167024,0.0,0.0,0.6,0.4,0.4,0.0,0.0,4,0,0,6,0,0.0209419727325439,0.0,1.0,0.0,0.0,0.0,0.0,0.0,1.0,0.0,0.0,0.0,0.0,0.0,1.0,1.0,618,54,68,61.8,5.613475849338903,61.8,0.0020955085754394,10,0.9290447355219869,30.913580246913583
20.0,6,64.0,894.6894197952219,0.0,0.0,0.6,0.4,0.4,0.0,0.0,4,0,0,6,0,0.0111770629882812,0.0,1.0,0.0,0.0,0.0,0.0,0.0,1.0,0.0,0.0,0.0,0.0,0.0,1.0,1.0,590,54,64,59.0,5.270462766947299,59.0,0.0011193990707397,10,0.9289050057127436,25.0
20.0,6,64.0,1012.7499698176988,0.0,0.0,0.5,0.5,0.5,0.0,0.0,5,0,0,5,0,0.0098741054534912,0.0,1.0,0.0,0.0,0.0,0.0,0.0,1.0,0.0,0.0,0.0,0.0,0.0,1.0,1.0,600,54,66,60.0,6.324555320336759,60.0,0.0012854099273681,10,0.9293344008552924,36.0
20.0,6,64.0,2558.1263722859235,0.0,0.0,0.5,0.5,0.5,0.0,0.0,5,0,0,5,0,0.0039091110229492,0.0,1.0,0.0,0.0,0.0,0.0,0.0,1.0,0.0,0.0,0.0,0.0,0.0,1.0,1.0,600,54,66,60.0,6.324555320336759,60.0,0.0011935949325561,10,0.9293344008552924,36.0
20.0,6,64.0,1230.001173020528,0.0,0.0,0.5,0.5,0.5,0.0,0.0,5,0,0,5,0,0.0081300735473632,0.0,1.0,0.0,0.0,0.0,0.0,0.0,1.0,0.0,0.0,0.0,0.0,0.0,1.0,1.0,590,54,64,59.0,5.270462766947299,59.0,0.0016858100891113,10,0.9289050057127436,25.0
20.0,6,64.0,1398.1945463030868,0.0,0.0,0.5,0.5,0.5,0.0,0.0,5,0,0,5,0,0.0071520805358886,0.0,1.0,0.0,0.0,0.0,0.0,0.0,1.0,0.0,0.0,0.0,0.0,0.0,1.0,1.0,590,54,64,59.0,5.270462766947299,59.0,0.0010495901107788,10,0.9289050057127436,25.0
20.0,6,64.0,1096.836820083682,0.0,0.0,0.5,0.5,0.5,0.0,0.0,5,0,0,5,0,0.0091171264648437,0.0,1.0,0.0,0.0,0.0,0.0,0.0,1.0,0.0,0.0,0.0,0.0,0.0,1.0,1.0,612,54,66,61.2,6.196773353931867,61.2,0.0011672019958496,10,0.9292823475934576,36.0
20.0,6,64.0,510.2807922526644,0.0,0.0,0.6,0.4,0.4,0.0,0.0,4,0,0,6,0,0.019597053527832,0.0,1.0,0.0,0.0,0.0,0.0,0.0,1.0,0.0,0.0,0.0,0.0,0.0,1.0,1.0,598,54,66,59.8,6.142746399887703,59.8,0.0019617080688476,10,0.9292603391734584,36.0
20.0,6,64.0,861.9967939496074,0.0,0.0,0.6,0.4,0.4,0.0,0.0,4,0,0,6,0,0.0116009712219238,0.0,1.0,0.0,0.0,0.0,0.0,0.0,1.0,0.0,0.0,0.0,0.0,0.0,1.0,1.0,600,54,64,60.0,5.163977794943222,60.0,0.0013162851333618,10,0.928861627994548,25.0
20.0,6,64.0,855.0729837723233,0.0,0.0,0.6,0.4,0.4,0.0,0.0,4,0,0,6,0,0.0116949081420898,0.0,1.0,0.0,0.0,0.0,0.0,0.0,1.0,0.0,0.0,0.0,0.0,0.0,1.0,1.0,606,54,66,60.6,5.738757124441959,60.6,0.0013196945190429,10,0.9290957701022128,29.64
20.0,6,64.0,898.8693155029789,0.0,0.0,0.5,0.5,0.5,0.0,0.0,5,0,0,5,0,0.0111250877380371,0.0,1.0,0.0,0.0,0.0,0.0,0.0,1.0,0.0,0.0,0.0,0.0,0.0,1.0,1.0,612,54,66,61.2,6.196773353931867,61.2,0.0012875080108642,10,0.9292823475934576,36.0
20.0,6,64.0,478.9056987246093,0.0,0.0,0.5,0.5,0.5,0.0,0.0,5,0,0,5,0,0.0208809375762939,0.0,1.0,0.0,0.0,0.0,0.0,0.0,1.0,0.0,0.0,0.0,0.0,0.0,1.0,1.0,600,54,66,60.0,6.324555320336759,60.0,0.0020901918411254,10,0.9293344008552924,36.0
20.0,6,64.0,979.6342403363308,0.0,0.0,0.5,0.5,0.5,0.0,0.0,5,0,0,5,0,0.0102078914642333,0.0,1.0,0.0,0.0,0.0,0.0,0.0,1.0,0.0,0.0,0.0,0.0,0.0,1.0,1.0,600,54,66,60.0,6.324555320336759,60.0,0.0010231018066406,10,0.9293344008552924,36.0
20.0,6,64.0,948.7658342381468,0.0,0.0,0.6,0.4,0.4,0.0,0.0,4,0,0,6,0,0.0105400085449218,0.0,1.0,0.0,0.0,0.0,0.0,0.0,1.0,0.0,0.0,0.0,0.0,0.0,1.0,1.0,608,54,68,60.8,7.192588778272627,60.8,0.0010560035705566,10,0.9296880029647172,46.56
20.0,6,64.0,1045.0489597608073,0.0,0.0,0.5,0.5,0.5,0.0,0.0,5,0,0,5,0,0.0095689296722412,0.0,1.0,0.0,0.0,0.0,0.0,0.0,1.0,0.0,0.0,0.0,0.0,0.0,1.0,1.0,610,54,68,61.0,7.378647873726218,61.0,0.0011568069458007,10,0.9297637959978412,49.0
20.0,6,64.0,420.8064370491507,0.0,0.0,0.9,0.1,0.1,0.0,0.0,1,0,0,9,0,0.02376389503479,0.0,1.0,0.0,0.0,0.0,0.0,0.0,1.0,0.0,0.0,0.0,0.0,0.0,1.0,1.0,634,54,68,63.4,3.5339622081862854,63.4,0.0025837898254394,10,0.9281976248451268,49.0
20.0,6,64.0,498.4318478906714,0.0,0.0,1.0,0.0,0.0,0.0,0.0,0,0,0,10,0,0.0200629234313964,0.0,1.0,0.0,0.0,0.0,0.0,0.0,1.0,0.0,0.0,0.0,0.0,0.0,1.0,1.0,648,64,65,64.8,0.4216370213557839,64.8,0.0022022008895874,10,0.0,0.25
20.0,6,64.0,525.648114496259,0.0,0.0,0.6,0.4,0.4,0.0,0.0,4,0,0,6,0,0.0190241336822509,0.0,1.0,0.0,0.0,0.0,0.0,0.0,1.0,0.0,0.0,0.0,0.0,0.0,1.0,1.0,610,54,66,61.0,6.036923425424944,61.0,0.002104115486145,10,0.9292172311265812,32.8
20.0,6,64.0,714.3374889297636,0.0,0.0,0.6,0.4,0.4,0.0,0.0,4,0,0,6,0,0.0139989852905273,0.0,1.0,0.0,0.0,0.0,0.0,0.0,1.0,0.0,0.0,0.0,0.0,0.0,1.0,1.0,626,54,68,62.6,5.966573556070519,62.6,0.0016002893447875,10,0.9291885734038008,36.0
20.0,6,64.0,795.5510033761997,0.0,0.0,0.5,0.5,0.5,0.0,0.0,5,0,0,5,0,0.0125699043273925,0.0,1.0,0.0,0.0,0.0,0.0,0.0,1.0,0.0,0.0,0.0,0.0,0.0,1.0,1.0,610,54,68,61.0,7.378647873726218,61.0,0.0012610912322998,10,0.9297637959978412,49.0
20.0,6,64.0,555.9935311116413,0.0,0.0,0.6,0.4,0.4,0.0,0.0,4,0,0,6,0,0.0179858207702636,0.0,1.0,0.0,0.0,0.0,0.0,0.0,1.0,0.0,0.0,0.0,0.0,0.0,1.0,1.0,606,54,68,60.6,7.058485830702094,60.6,0.0018007040023803,10,0.9296333747879948,49.0
20.0,6,64.0,485.6935743483447,0.0,0.0,1.0,0.0,0.0,0.0,0.0,0,0,0,10,0,0.0205891132354736,0.0,1.0,0.0,0.0,0.0,0.0,0.0,1.0,0.0,0.0,0.0,0.0,0.0,1.0,1.0,642,64,66,64.2,0.6324555320336759,64.2,0.0021830081939697,10,0.0,0.36
20.0,6,64.0,599.9490781136016,0.0,0.0,0.9,0.1,0.1,0.0,0.0,1,0,0,9,0,0.0166680812835693,0.0,1.0,0.0,0.0,0.0,0.0,0.0,1.0,0.0,0.0,0.0,0.0,0.0,1.0,1.0,648,54,66,64.8,3.794733192202056,64.8,0.00191650390625,10,0.9283038525131756,23.04
20.0,6,64.0,785.906425078229,0.0,0.0,0.7,0.3,0.3,0.0,0.0,3,0,0,7,0,0.0127241611480712,0.0,1.0,0.0,0.0,0.0,0.0,0.0,1.0,0.0,0.0,0.0,0.0,0.0,1.0,1.0,624,54,66,62.4,5.796550698475775,62.4,0.0022618055343627,10,0.9291193128925312,32.0
20.0,6,64.0,959.8828268033687,0.0,0.0,0.6,0.4,0.4,0.0,0.0,4,0,0,6,0,0.0104179382324218,0.0,1.0,0.0,0.0,0.0,0.0,0.0,1.0,0.0,0.0,0.0,0.0,0.0,1.0,1.0,618,54,68,61.8,6.762642481555071,61.8,0.0013933897018432,10,0.9295128600412864,41.16
20.0,6,64.0,835.5686594816424,0.0,0.0,0.6,0.4,0.4,0.0,0.0,4,0,0,6,0,0.0119678974151611,0.0,1.0,0.0,0.0,0.0,0.0,0.0,1.0,0.0,0.0,0.0,0.0,0.0,1.0,1.0,624,54,68,62.4,7.229568912920511,62.4,0.0014077901840209,10,0.9297030671923672,48.0
20.0,6,64.0,529.8581336297831,0.0,0.0,0.5,0.5,0.5,0.0,0.0,5,0,0,5,0,0.0188729763031005,0.0,1.0,0.0,0.0,0.0,0.0,0.0,1.0,0.0,0.0,0.0,0.0,0.0,1.0,1.0,614,54,68,61.4,6.397916327472042,61.4,0.0020271062850952,10,0.929364285195159,49.0
20.0,6,64.0,749.6253931941665,0.0,0.0,0.6,0.4,0.4,0.0,0.0,4,0,0,6,0,0.0133399963378906,0.0,1.0,0.0,0.0,0.0,0.0,0.0,1.0,0.0,0.0,0.0,0.0,0.0,1.0,1.0,614,54,68,61.4,6.397916327472042,61.4,0.0013356924057006,10,0.929364285195159,36.84
20.0,6,64.0,661.1658627321164,0.0,0.0,0.6,0.4,0.4,0.0,0.0,4,0,0,6,0,0.0151247978210449,0.0,1.0,0.0,0.0,0.0,0.0,0.0,1.0,0.0,0.0,0.0,0.0,0.0,1.0,1.0,624,54,68,62.4,7.229568912920511,62.4,0.0015146017074584,10,0.9297030671923672,49.0
20.0,6,64.0,571.9141509176688,0.0,0.0,0.5,0.5,0.5,0.0,0.0,5,0,0,5,0,0.0174851417541503,0.0,1.0,0.0,0.0,0.0,0.0,0.0,1.0,0.0,0.0,0.0,0.0,0.0,1.0,1.0,606,54,68,60.6,6.995236474439825,60.6,0.0017520189285278,10,0.9296076095302278,49.0
20.0,6,64.0,965.5395948434624,0.0,0.0,0.5,0.5,0.5,0.0,0.0,5,0,0,5,0,0.0103569030761718,0.0,1.0,0.0,0.0,0.0,0.0,0.0,1.0,0.0,0.0,0.0,0.0,0.0,1.0,1.0,600,54,66,60.0,6.324555320336759,60.0,0.0010389804840087,10,0.9293344008552924,36.0
20.0,6,64.0,849.3932766302147,0.0,0.0,0.5,0.5,0.5,0.0,0.0,5,0,0,5,0,0.0117731094360351,0.0,1.0,0.0,0.0,0.0,0.0,0.0,1.0,0.0,0.0,0.0,0.0,0.0,1.0,1.0,602,54,67,60.2,6.545566777937908,60.2,0.001179814338684,10,0.9294244320826608,38.56
20.0,6,64.0,704.7236923904095,0.0,0.0,0.5,0.5,0.5,0.0,0.0,5,0,0,5,0,0.0141899585723876,0.0,1.0,0.0,0.0,0.0,0.0,0.0,1.0,0.0,0.0,0.0,0.0,0.0,1.0,1.0,605,54,67,60.5,6.851601597031489,60.5,0.0014205932617187,10,0.9295490984265669,42.25
20.0,6,64.0,571.2987455221543,0.0,0.0,0.7,0.3,0.3,0.0,0.0,3,0,0,7,0,0.0175039768218994,0.0,1.0,0.0,0.0,0.0,0.0,0.0,1.0,0.0,0.0,0.0,0.0,0.0,1.0,1.0,612,54,67,61.2,6.250333324444918,61.2,0.001751708984375,10,0.929304165783046,42.25
20.0,6,64.0,471.895771922324,0.0,0.0,1.0,0.0,0.0,0.0,0.0,0,0,0,10,0,0.021191120147705,0.0,1.0,0.0,0.0,0.0,0.0,0.0,1.0,0.0,0.0,0.0,0.0,0.0,1.0,1.0,656,65,67,65.6,0.966091783079296,65.6,0.0023566007614135,10,0.0,0.8400000000000001
20.0,6,64.0,438.5970929624595,0.0,0.0,0.8,0.2,0.2,0.0,0.0,2,0,0,8,0,0.0227999687194824,0.0,1.0,0.0,0.0,0.0,0.0,0.0,1.0,0.0,0.0,0.0,0.0,0.0,1.0,1.0,677,54,77,67.7,6.360468186820492,67.7,0.002559494972229,10,0.9293490303205832,36.41
20.0,6,64.0,736.9676523817054,0.0,0.0,0.6,0.4,0.4,0.0,0.0,4,0,0,6,0,0.0135691165924072,0.0,1.0,0.0,0.0,0.0,0.0,0.0,1.0,0.0,0.0,0.0,0.0,0.0,1.0,1.0,678,54,77,67.8,11.877148928369412,67.8,0.0013586044311523,10,0.9315963053874604,132.25
20.0,6,64.0,652.0690888173748,0.0,0.0,0.6,0.4,0.4,0.0,0.0,4,0,0,6,0,0.0153357982635498,0.0,1.0,0.0,0.0,0.0,0.0,0.0,1.0,0.0,0.0,0.0,0.0,0.0,1.0,1.0,686,54,79,68.6,12.589237025685428,68.6,0.0015355825424194,10,0.9318863815947832,145.1358024691358
20.0,6,64.0,786.731941552717,0.0,0.0,0.7,0.3,0.3,0.0,0.0,3,0,0,7,0,0.0127108097076416,0.0,1.0,0.0,0.0,0.0,0.0,0.0,1.0,0.0,0.0,0.0,0.0,0.0,1.0,1.0,690,54,79,69.0,12.909944487358056,69.0,0.0012732982635498,10,0.9320170249863702,156.25
20.0,6,64.0,674.4555219656526,0.0,0.0,0.8,0.2,0.2,0.0,0.0,2,0,0,8,0,0.0148267745971679,0.0,1.0,0.0,0.0,0.0,0.0,0.0,1.0,0.0,0.0,0.0,0.0,0.0,1.0,1.0,11356,54,1406,1135.6,570.0532528730199,1135.6,0.0025393009185791,10,1.0,342732.0
20.0,6,64.0,527.4527162977868,0.0,0.0,0.9,0.1,0.1,0.0,0.0,1,0,0,9,0,0.0189590454101562,0.0,1.0,0.0,0.0,0.0,0.0,0.0,1.0,0.0,0.0,0.0,0.0,0.0,1.0,1.0,12708,54,1406,1270.8,427.5399396547649,1270.8,0.0018988132476806,10,1.0,292464.64
20.0,6,64.0,455.74904108398255,0.0,0.0,0.9,0.1,0.1,0.0,0.0,1,0,0,9,0,0.0219419002532959,0.0,1.0,0.0,0.0,0.0,0.0,0.0,1.0,0.0,0.0,0.0,0.0,0.0,1.0,1.0,4668,54,1406,466.8,648.120153469504,466.8,0.0026468992233276,10,1.0,451600.0
20.0,6,64.0,516.2919287534312,0.0,0.0,1.0,0.0,0.0,0.0,0.0,0,0,0,10,0,0.0193688869476318,0.0,1.0,0.0,0.0,0.0,0.0,0.0,1.0,0.0,0.0,0.0,0.0,0.0,1.0,1.0,672,66,68,67.2,1.0327955589886444,67.2,0.0021427869796752,10,0.9067291895989096,1.0
20.0,6,64.0,453.59518968724313,0.0,0.0,0.8,0.2,0.2,0.0,0.0,2,0,0,8,0,0.0220460891723632,0.0,1.0,0.0,0.0,0.0,0.0,0.0,1.0,0.0,0.0,0.0,0.0,0.0,1.0,1.0,1804,54,356,180.4,151.2284511738596,180.4,0.00263671875,10,0.9883624518701836,20897.58024691358
20.0,6,64.0,756.5483405483405,0.0,0.0,0.6,0.4,0.4,0.0,0.0,4,0,0,6,0,0.0132179260253906,0.0,1.0,0.0,0.0,0.0,0.0,0.0,1.0,0.0,0.0,0.0,0.0,0.0,1.0,1.0,2656,54,358,265.6,146.01917682277215,265.6,0.0015956878662109,10,0.9862404018705244,22335.673469387755
20.0,6,64.0,706.4685868283646,0.0,0.0,0.7,0.3,0.3,0.0,0.0,3,0,0,7,0,0.0141549110412597,0.0,1.0,0.0,0.0,0.0,0.0,0.0,1.0,0.0,0.0,0.0,0.0,0.0,1.0,1.0,2364,54,358,236.4,156.98492496627395,236.4,0.0014189004898071,10,0.9907074090342614,23104.0
20.0,6,64.0,475.66871179559297,0.0,0.0,0.5,0.5,0.5,0.0,0.0,5,0,0,5,0,0.0210230350494384,0.0,1.0,0.0,0.0,0.0,0.0,0.0,1.0,0.0,0.0,0.0,0.0,0.0,1.0,1.0,1482,54,358,148.2,144.84152259164725,148.2,0.0023900985717773,10,0.9857606726429334,23104.0
20.0,6,64.0,1135.5906321916882,0.0,0.0,0.5,0.5,0.5,0.0,0.0,5,0,0,5,0,0.0088059902191162,0.0,1.0,0.0,0.0,0.0,0.0,0.0,1.0,0.0,0.0,0.0,0.0,0.0,1.0,1.0,590,54,64,59.0,5.270462766947299,59.0,0.0008826971054077,10,0.9289050057127436,25.0
20.0,6,64.0,940.7221997936572,0.0,0.0,0.5,0.5,0.5,0.0,0.0,5,0,0,5,0,0.0106301307678222,0.0,1.0,0.0,0.0,0.0,0.0,0.0,1.0,0.0,0.0,0.0,0.0,0.0,1.0,1.0,596,54,66,59.6,5.94792213951879,59.6,0.0010656118392944,10,0.9291809755627544,31.84
20.0,6,64.0,129.41468321310222,0.0,0.0,0.5,0.5,0.5,0.0,0.0,5,0,0,5,0,0.0772709846496582,0.0,1.0,0.0,0.0,0.0,0.0,0.0,1.0,0.0,0.0,0.0,0.0,0.0,1.0,1.0,600,54,66,60.0,6.324555320336759,60.0,0.0077286958694458,10,0.9293344008552924,36.0
20.0,6,64.0,1225.795364877108,0.0,0.0,0.5,0.5,0.5,0.0,0.0,5,0,0,5,0,0.0081579685211181,0.0,1.0,0.0,0.0,0.0,0.0,0.0,1.0,0.0,0.0,0.0,0.0,0.0,1.0,1.0,600,54,66,60.0,6.324555320336759,60.0,0.0008182048797607,10,0.9293344008552924,36.0
20.0,6,64.0,765.4118763458521,0.0,0.0,0.7,0.3,0.3,0.0,0.0,3,0,0,7,0,0.0130648612976074,0.0,1.0,0.0,0.0,0.0,0.0,0.0,1.0,0.0,0.0,0.0,0.0,0.0,1.0,1.0,612,54,66,61.2,6.196773353931867,61.2,0.0013085842132568,10,0.9292823475934576,36.0
20.0,6,64.0,1204.6712812706437,0.0,0.0,0.5,0.5,0.5,0.0,0.0,5,0,0,5,0,0.0083010196685791,0.0,1.0,0.0,0.0,0.0,0.0,0.0,1.0,0.0,0.0,0.0,0.0,0.0,1.0,1.0,608,54,68,60.8,7.192588778272627,60.8,0.0011433124542236,10,0.9296880029647172,46.56
20.0,6,64.0,5497.842443308428,0.0,0.0,0.5,0.5,0.5,0.0,0.0,5,0,0,5,0,0.0018188953399658,0.0,1.0,0.0,0.0,0.0,0.0,0.0,1.0,0.0,0.0,0.0,0.0,0.0,1.0,1.0,610,54,68,61.0,7.378647873726218,61.0,0.001754093170166,10,0.9297637959978412,49.0
20.0,6,64.0,1342.6498927622524,0.0,0.0,0.5,0.5,0.5,0.0,0.0,5,0,0,5,0,0.0074479579925537,0.0,1.0,0.0,0.0,0.0,0.0,0.0,1.0,0.0,0.0,0.0,0.0,0.0,1.0,1.0,604,54,68,60.4,5.641118880348314,60.4,0.0008042097091674,10,0.9290559961870988,34.666666666666664
20.0,6,64.0,796.1097086457246,0.0,0.0,0.6,0.4,0.4,0.0,0.0,4,0,0,6,0,0.0125610828399658,0.0,1.0,0.0,0.0,0.0,0.0,0.0,1.0,0.0,0.0,0.0,0.0,0.0,1.0,1.0,590,54,64,59.0,5.270462766947299,59.0,0.0012578010559082,10,0.9289050057127436,25.0
20.0,6,64.0,712.6625208142183,0.0,0.0,0.5,0.5,0.5,0.0,0.0,5,0,0,5,0,0.0140318870544433,0.0,1.0,0.0,0.0,0.0,0.0,0.0,1.0,0.0,0.0,0.0,0.0,0.0,1.0,1.0,612,54,66,61.2,6.196773353931867,61.2,0.001404595375061,10,0.9292823475934576,36.0
20.0,6,64.0,1102.5456074864624,0.0,0.0,0.6,0.4,0.4,0.0,0.0,4,0,0,6,0,0.0090699195861816,0.0,1.0,0.0,0.0,0.0,0.0,0.0,1.0,0.0,0.0,0.0,0.0,0.0,1.0,1.0,598,54,66,59.8,6.142746399887703,59.8,0.0009095907211303,10,0.9292603391734584,36.0
20.0,6,64.0,529.1295352475148,0.0,0.0,1.0,0.0,0.0,0.0,0.0,0,0,0,10,0,0.0188989639282226,0.0,1.0,0.0,0.0,0.0,0.0,0.0,1.0,0.0,0.0,0.0,0.0,0.0,1.0,1.0,642,64,66,64.2,0.6324555320336759,64.2,0.0020941019058227,10,0.0,0.36
20.0,6,64.0,531.7457339182027,0.0,0.0,0.9,0.1,0.1,0.0,0.0,1,0,0,9,0,0.018805980682373,0.0,1.0,0.0,0.0,0.0,0.0,0.0,1.0,0.0,0.0,0.0,0.0,0.0,1.0,1.0,660,66,66,66.0,0.0,66.0,0.0021062135696411,10,0.0,0.0
20.0,6,64.0,1003.9263744943632,0.0,0.0,0.5,0.5,0.5,0.0,0.0,5,0,0,5,0,0.0099608898162841,0.0,1.0,0.0,0.0,0.0,0.0,0.0,1.0,0.0,0.0,0.0,0.0,0.0,1.0,1.0,600,54,66,60.0,6.324555320336759,60.0,0.0009987831115722,10,0.9293344008552924,36.0
20.0,6,64.0,817.045680335054,0.0,0.0,0.6,0.4,0.4,0.0,0.0,4,0,0,6,0,0.0122392177581787,0.0,1.0,0.0,0.0,0.0,0.0,0.0,1.0,0.0,0.0,0.0,0.0,0.0,1.0,1.0,602,54,68,60.2,6.562519841239848,60.2,0.00122652053833,10,0.9294313380825274,38.76
20.0,6,64.0,728.3927548061059,0.0,0.0,0.5,0.5,0.5,0.0,0.0,5,0,0,5,0,0.0137288570404052,0.0,1.0,0.0,0.0,0.0,0.0,0.0,1.0,0.0,0.0,0.0,0.0,0.0,1.0,1.0,610,54,68,61.0,7.378647873726218,61.0,0.0013745784759521,10,0.9297637959978412,49.0
20.0,6,64.0,1287.662788198815,0.0,0.0,0.6,0.4,0.4,0.0,0.0,4,0,0,6,0,0.0077660083770751,0.0,1.0,0.0,0.0,0.0,0.0,0.0,1.0,0.0,0.0,0.0,0.0,0.0,1.0,1.0,620,54,68,62.0,6.928203230275509,62.0,0.0008098125457763,10,0.9295803028678852,49.0
20.0,6,64.0,740.6897769615201,0.0,0.0,0.7,0.3,0.3,0.0,0.0,3,0,0,7,0,0.0135009288787841,0.0,1.0,0.0,0.0,0.0,0.0,0.0,1.0,0.0,0.0,0.0,0.0,0.0,1.0,1.0,624,54,66,62.4,5.796550698475776,62.4,0.0015820980072021,10,0.9291193128925312,36.0
20.0,6,64.0,982.6177814220453,0.0,0.0,0.6,0.4,0.4,0.0,0.0,4,0,0,6,0,0.0101768970489501,0.0,1.0,0.0,0.0,0.0,0.0,0.0,1.0,0.0,0.0,0.0,0.0,0.0,1.0,1.0,622,54,68,62.2,7.083627444874398,62.2,0.0012393951416015,10,0.929643616475944,46.02469135802469
20.0,6,64.0,419.4136234550618,0.0,0.0,0.6,0.4,0.4,0.0,0.0,4,0,0,6,0,0.0238428115844726,0.0,1.0,0.0,0.0,0.0,0.0,0.0,1.0,0.0,0.0,0.0,0.0,0.0,1.0,1.0,639,54,83,63.9,9.666091936937768,63.9,0.0026808977127075,10,0.930695609211431,84.09
20.0,6,64.0,1495.0290500801996,0.0,0.0,1.0,0.0,0.0,0.0,0.0,0,0,0,10,0,0.0066888332366943,0.0,1.0,0.0,0.0,0.0,0.0,0.0,1.0,0.0,0.0,0.0,0.0,0.0,1.0,1.0,832,83,85,83.2,0.6324555320336759,83.2,0.0006726026535034,10,0.0,0.36
20.0,6,64.0,448.8334813641666,0.0,0.0,1.0,0.0,0.0,0.0,0.0,0,0,0,10,0,0.0222799777984619,0.0,1.0,0.0,0.0,0.0,0.0,0.0,1.0,0.0,0.0,0.0,0.0,0.0,1.0,1.0,831,66,85,83.1,6.00832755431992,83.1,0.0024181127548217,10,0.9087560223125278,32.489999999999995
20.0,6,64.0,504.0322057321396,0.0,0.0,1.0,0.0,0.0,0.0,0.0,0,0,0,10,0,0.0198400020599365,0.0,1.0,0.0,0.0,0.0,0.0,0.0,1.0,0.0,0.0,0.0,0.0,0.0,1.0,1.0,662,66,68,66.2,0.6324555320336759,66.2,0.0019874811172485,10,0.0,0.36
20.0,6,64.0,417.3104628487284,0.0,0.0,0.9,0.1,0.1,0.0,0.0,1,0,0,9,0,0.0239629745483398,0.0,1.0,0.0,0.0,0.0,0.0,0.0,1.0,0.0,0.0,0.0,0.0,0.0,1.0,1.0,678,66,68,67.8,0.6324555320336759,67.8,0.0023972034454345,10,0.0,0.36
20.0,6,64.0,804.0456244608454,0.0,0.0,0.6,0.4,0.4,0.0,0.0,4,0,0,6,0,0.012437105178833,0.0,1.0,0.0,0.0,0.0,0.0,0.0,1.0,0.0,0.0,0.0,0.0,0.0,1.0,1.0,612,54,66,61.2,6.196773353931867,61.2,0.0012471199035644,10,0.9292823475934576,36.0
20.0,6,64.0,900.2584245546254,0.0,0.0,0.5,0.5,0.5,0.0,0.0,5,0,0,5,0,0.0111079216003417,0.0,1.0,0.0,0.0,0.0,0.0,0.0,1.0,0.0,0.0,0.0,0.0,0.0,1.0,1.0,604,54,68,60.4,6.785605679999719,60.4,0.0011123895645141,10,0.9295222143298046,41.44
20.0,6,64.0,850.857896338371,0.0,0.0,0.5,0.5,0.5,0.0,0.0,5,0,0,5,0,0.0117528438568115,0.0,1.0,0.0,0.0,0.0,0.0,0.0,1.0,0.0,0.0,0.0,0.0,0.0,1.0,1.0,610,54,68,61.0,7.378647873726218,61.0,0.0011777877807617,10,0.9297637959978412,49.0
20.0,6,64.0,437.8873518818186,0.0,0.0,0.8,0.2,0.2,0.0,0.0,2,0,0,8,0,0.0228369235992431,0.0,1.0,0.0,0.0,0.0,0.0,0.0,1.0,0.0,0.0,0.0,0.0,0.0,1.0,1.0,2334,54,492,233.4,222.6408168627966,233.4,0.0022871017456054,10,1.0,44612.04
20.0,6,64.0,519.1548563577626,0.0,0.0,1.0,0.0,0.0,0.0,0.0,0,0,0,10,0,0.0192620754241943,0.0,1.0,0.0,0.0,0.0,0.0,0.0,1.0,0.0,0.0,0.0,0.0,0.0,1.0,1.0,4928,492,494,492.8,1.0327955589886444,492.8,0.0021314144134521,10,0.1807698095989096,0.96
20.0,6,64.0,360.6607334795133,0.0,0.0,0.9,0.1,0.1,0.0,0.0,1,0,0,9,0,0.0277268886566162,0.0,1.0,0.0,0.0,0.0,0.0,0.0,1.0,0.0,0.0,0.0,0.0,0.0,1.0,1.0,3213,54,494,321.3,222.97735311013088,321.3,0.0029729843139648,10,1.0,44747.01
20.0,6,64.0,710.0204831310413,0.0,0.0,0.7,0.3,0.3,0.0,0.0,3,0,0,7,0,0.0140841007232666,0.0,1.0,0.0,0.0,0.0,0.0,0.0,1.0,0.0,0.0,0.0,0.0,0.0,1.0,1.0,617,54,65,61.7,5.313504806936128,61.7,0.001701021194458,10,0.9289225393181536,30.25
20.0,6,64.0,615.0005865102639,0.0,0.0,0.7,0.3,0.3,0.0,0.0,3,0,0,7,0,0.0162601470947265,0.0,1.0,0.0,0.0,0.0,0.0,0.0,1.0,0.0,0.0,0.0,0.0,0.0,1.0,1.0,631,54,67,63.1,6.279596590015423,63.1,0.0020494937896728,10,0.9293160864669088,35.49
20.0,6,64.0,909.2553491296148,0.0,0.0,0.6,0.4,0.4,0.0,0.0,4,0,0,6,0,0.0109980106353759,0.0,1.0,0.0,0.0,0.0,0.0,0.0,1.0,0.0,0.0,0.0,0.0,0.0,1.0,1.0,642,54,75,64.2,9.366607354497855,64.2,0.0013722896575927,10,0.9305736111719284,78.96000000000001
20.0,6,64.0,1201.35880617535,0.0,0.0,0.5,0.5,0.5,0.0,0.0,5,0,0,5,0,0.0083239078521728,0.0,1.0,0.0,0.0,0.0,0.0,0.0,1.0,0.0,0.0,0.0,0.0,0.0,1.0,1.0,645,54,75,64.5,11.067971810589327,64.5,0.0009988069534301,10,0.9312666789967616,110.25
20.0,6,64.0,459.87654185625786,0.0,0.0,0.5,0.5,0.5,0.0,0.0,5,0,0,5,0,0.021744966506958,0.0,1.0,0.0,0.0,0.0,0.0,0.0,1.0,0.0,0.0,0.0,0.0,0.0,1.0,1.0,674,54,77,67.4,11.55854662143991,67.4,0.0023432970046997,10,0.9314665195517098,122.22222222222224
20.0,6,64.0,6613.535162409335,0.0,0.0,0.6,0.4,0.4,0.0,0.0,4,0,0,6,0,0.0015120506286621,0.0,1.0,0.0,0.0,0.0,0.0,0.0,1.0,0.0,0.0,0.0,0.0,0.0,1.0,1.0,655,54,77,65.5,12.122064363978788,65.5,0.000154709815979,10,0.9316960741393104,132.25
20.0,6,64.0,351.1347007115948,0.0,0.0,1.0,0.0,0.0,0.0,0.0,0,0,0,10,0,0.0284790992736816,0.0,1.0,0.0,0.0,0.0,0.0,0.0,1.0,0.0,0.0,0.0,0.0,0.0,1.0,1.0,653,64,77,65.3,4.110960958218894,65.3,0.0029011964797973,10,0.91139137105594,42.25
20.0,6,64.0,506.5584541062802,0.0,0.0,1.0,0.0,0.0,0.0,0.0,0,0,0,10,0,0.0197410583496093,0.0,1.0,0.0,0.0,0.0,0.0,0.0,1.0,0.0,0.0,0.0,0.0,0.0,1.0,1.0,658,64,66,65.8,0.6324555320336757,65.8,0.0021955013275146,10,0.0,1.0
20.0,6,64.0,471.1430625449317,0.0,0.0,0.5,0.5,0.5,0.0,0.0,5,0,0,5,0,0.0212249755859375,0.0,1.0,0.0,0.0,0.0,0.0,0.0,1.0,0.0,0.0,0.0,0.0,0.0,1.0,1.0,612,54,66,61.2,6.196773353931867,61.2,0.0023826837539672,10,0.9292823475934576,35.55555555555556
20.0,6,64.0,977.9896005782638,0.0,0.0,0.5,0.5,0.5,0.0,0.0,5,0,0,5,0,0.0102250576019287,0.0,1.0,0.0,0.0,0.0,0.0,0.0,1.0,0.0,0.0,0.0,0.0,0.0,1.0,1.0,600,54,66,60.0,6.324555320336759,60.0,0.0010268211364746,10,0.9293344008552924,36.0
20.0,6,64.0,786.1126417392934,0.0,0.0,0.5,0.5,0.5,0.0,0.0,5,0,0,5,0,0.0127208232879638,0.0,1.0,0.0,0.0,0.0,0.0,0.0,1.0,0.0,0.0,0.0,0.0,0.0,1.0,1.0,610,54,68,61.0,7.378647873726218,61.0,0.0012741804122924,10,0.9297637959978412,49.0
20.0,6,64.0,836.5519167098807,0.0,0.0,0.5,0.5,0.5,0.0,0.0,5,0,0,5,0,0.0119538307189941,0.0,1.0,0.0,0.0,0.0,0.0,0.0,1.0,0.0,0.0,0.0,0.0,0.0,1.0,1.0,610,54,68,61.0,7.378647873726218,61.0,0.0011970996856689,10,0.9297637959978412,49.0
20.0,6,64.0,420.9627042434461,0.0,0.0,1.0,0.0,0.0,0.0,0.0,0,0,0,10,0,0.0237550735473632,0.0,1.0,0.0,0.0,0.0,0.0,0.0,1.0,0.0,0.0,0.0,0.0,0.0,1.0,1.0,630,54,64,63.0,3.1622776601683795,63.0,0.0023783206939697,10,0.9280462154276462,25.0
20.0,6,64.0,326.1156639246116,0.0,0.0,1.0,0.0,0.0,0.0,0.0,0,0,0,10,0,0.0306639671325683,0.0,1.0,0.0,0.0,0.0,0.0,0.0,1.0,0.0,0.0,0.0,0.0,0.0,1.0,1.0,658,64,66,65.8,0.6324555320336757,65.8,0.0032488822937011,10,0.0,1.0
20.0,6,64.0,752.220090030309,0.0,0.0,1.0,0.0,0.0,0.0,0.0,0,0,0,10,0,0.013293981552124,0.0,1.0,0.0,0.0,0.0,0.0,0.0,1.0,0.0,0.0,0.0,0.0,0.0,1.0,1.0,12387,66,1369,1238.7,412.0447791199399,1238.7,0.001976203918457,10,1.0,424452.25
20.0,6,64.0,507.84647051701177,0.0,0.0,1.0,0.0,0.0,0.0,0.0,0,0,0,10,0,0.019690990447998,0.0,1.0,0.0,0.0,0.0,0.0,0.0,1.0,0.0,0.0,0.0,0.0,0.0,1.0,1.0,13699,1369,1370,1369.9,0.3162277660168379,1369.9,0.0021726131439208,10,0.0,0.25
20.0,6,64.0,434.1974554602015,0.0,0.0,0.7,0.3,0.3,0.0,0.0,3,0,0,7,0,0.0230309963226318,0.0,1.0,0.0,0.0,0.0,0.0,0.0,1.0,0.0,0.0,0.0,0.0,0.0,1.0,1.0,3050,54,1370,305.0,385.7823220418479,305.0,0.0025020837783813,10,1.0,335460.6666666667
20.0,6,64.0,926.017574071621,0.0,0.0,0.6,0.4,0.4,0.0,0.0,4,0,0,6,0,0.0107989311218261,0.0,1.0,0.0,0.0,0.0,0.0,0.0,1.0,0.0,0.0,0.0,0.0,0.0,1.0,1.0,1738,54,255,173.8,103.11029693165146,173.8,0.001265001296997,10,0.9687610405580775,9568.56
20.0,6,64.0,772.0335738477396,0.0,0.0,0.6,0.4,0.4,0.0,0.0,4,0,0,6,0,0.0129528045654296,0.0,1.0,0.0,0.0,0.0,0.0,0.0,1.0,0.0,0.0,0.0,0.0,0.0,1.0,1.0,1947,54,255,194.7,97.09222419946924,194.7,0.001575493812561,10,0.9663095184498958,9696.24
20.0,6,64.0,558.2505689909893,0.0,0.0,0.6,0.4,0.4,0.0,0.0,4,0,0,6,0,0.0179131031036376,0.0,1.0,0.0,0.0,0.0,0.0,0.0,1.0,0.0,0.0,0.0,0.0,0.0,1.0,1.0,781,54,255,78.1,62.35463094269743,78.1,0.0017937183380126,10,0.9521588124608172,10100.25
20.0,6,64.0,883.3089040518912,0.0,0.0,0.5,0.5,0.5,0.0,0.0,5,0,0,5,0,0.0113210678100585,0.0,1.0,0.0,0.0,0.0,0.0,0.0,1.0,0.0,0.0,0.0,0.0,0.0,1.0,1.0,600,54,64,60.0,5.163977794943222,60.0,0.0013810873031616,10,0.928861627994548,24.691358024691358
20.0,6,64.0,778.0918282163065,0.0,0.0,0.6,0.4,0.4,0.0,0.0,4,0,0,6,0,0.0128519535064697,0.0,1.0,0.0,0.0,0.0,0.0,0.0,1.0,0.0,0.0,0.0,0.0,0.0,1.0,1.0,612,54,66,61.2,6.196773353931867,61.2,0.001287293434143,10,0.9292823475934576,36.0
20.0,6,64.0,487.3074554728073,0.0,0.0,0.7,0.3,0.3,0.0,0.0,3,0,0,7,0,0.0205209255218505,0.0,1.0,0.0,0.0,0.0,0.0,0.0,1.0,0.0,0.0,0.0,0.0,0.0,1.0,1.0,612,54,66,61.2,6.196773353931867,61.2,0.0020537137985229,10,0.9292823475934576,36.0
20.0,6,64.0,507.79113548590175,0.0,0.0,1.0,0.0,0.0,0.0,0.0,0,0,0,10,0,0.0196931362152099,0.0,1.0,0.0,0.0,0.0,0.0,0.0,1.0,0.0,0.0,0.0,0.0,0.0,1.0,1.0,664,66,68,66.4,0.8432740427115678,66.4,0.0022602081298828,10,0.0,0.64
20.0,6,64.0,370.67218127507647,0.0,0.0,1.0,0.0,0.0,0.0,0.0,0,0,0,10,0,0.0269780158996582,0.0,1.0,0.0,0.0,0.0,0.0,0.0,1.0,0.0,0.0,0.0,0.0,0.0,1.0,1.0,758,68,107,75.8,16.443843832875572,75.8,0.0029619932174682,10,0.9095987742237602,243.36
20.0,6,64.0,479.7986684664485,0.0,0.0,1.0,0.0,0.0,0.0,0.0,0,0,0,10,0,0.0208420753479003,0.0,1.0,0.0,0.0,0.0,0.0,0.0,1.0,0.0,0.0,0.0,0.0,0.0,1.0,1.0,1074,107,109,107.4,0.8432740427115678,107.4,0.0023354053497314,10,0.0,0.64
20.0,6,64.0,356.4190722218918,0.0,0.0,1.0,0.0,0.0,0.0,0.0,0,0,0,10,0,0.0280568599700927,0.0,1.0,0.0,0.0,0.0,0.0,0.0,1.0,0.0,0.0,0.0,0.0,0.0,1.0,1.0,3684,109,1406,368.4,546.8632166984517,368.4,0.0030135869979858,10,1.0,269153.43999999994
20.0,6,64.0,486.99626129159606,0.0,0.0,1.0,0.0,0.0,0.0,0.0,0,0,0,10,0,0.0205340385437011,0.0,1.0,0.0,0.0,0.0,0.0,0.0,1.0,0.0,0.0,0.0,0.0,0.0,1.0,1.0,14060,1406,1406,1406.0,0.0,1406.0,0.0021201133728027,10,0.0,0.0
20.0,6,64.0,363.18722615728313,0.0,0.0,0.9,0.1,0.1,0.0,0.0,1,0,0,9,0,0.027534008026123,0.0,1.0,0.0,0.0,0.0,0.0,0.0,1.0,0.0,0.0,0.0,0.0,0.0,1.0,1.0,11366,54,1406,1136.6,567.9499586720256,1136.6,0.0029588937759399,10,1.0,290310.44
20.0,6,64.0,1022.277900996856,0.0,0.0,0.5,0.5,0.5,0.0,0.0,5,0,0,5,0,0.009782075881958,0.0,1.0,0.0,0.0,0.0,0.0,0.0,1.0,0.0,0.0,0.0,0.0,0.0,1.0,1.0,590,54,64,59.0,5.270462766947299,59.0,0.0009804964065551,10,0.9289050057127436,25.0
20.0,6,64.0,1245.6355428842955,0.0,0.0,0.5,0.5,0.5,0.0,0.0,5,0,0,5,0,0.0080280303955078,0.0,1.0,0.0,0.0,0.0,0.0,0.0,1.0,0.0,0.0,0.0,0.0,0.0,1.0,1.0,592,54,66,59.2,5.513619500836088,59.2,0.0010607004165649,10,0.9290040580398606,27.360000000000003
20.0,6,64.0,1124.4782841823055,0.0,0.0,0.5,0.5,0.5,0.0,0.0,5,0,0,5,0,0.0088930130004882,0.0,1.0,0.0,0.0,0.0,0.0,0.0,1.0,0.0,0.0,0.0,0.0,0.0,1.0,1.0,600,54,66,60.0,6.324555320336759,60.0,0.0011756896972656,10,0.9293344008552924,36.0
20.0,6,64.0,679.4815966822188,0.0,0.0,0.5,0.5,0.5,0.0,0.0,5,0,0,5,0,0.0147171020507812,0.0,1.0,0.0,0.0,0.0,0.0,0.0,1.0,0.0,0.0,0.0,0.0,0.0,1.0,1.0,600,54,66,60.0,6.324555320336759,60.0,0.0017686128616333,10,0.9293344008552924,36.0
20.0,6,64.0,882.9927790993873,0.0,0.0,0.6,0.4,0.4,0.0,0.0,4,0,0,6,0,0.0113251209259033,0.0,1.0,0.0,0.0,0.0,0.0,0.0,1.0,0.0,0.0,0.0,0.0,0.0,1.0,1.0,612,54,66,61.2,6.196773353931867,61.2,0.0012624979019165,10,0.9292823475934576,36.0
20.0,6,64.0,721.8614897425306,0.0,0.0,0.6,0.4,0.4,0.0,0.0,4,0,0,6,0,0.0138530731201171,0.0,1.0,0.0,0.0,0.0,0.0,0.0,1.0,0.0,0.0,0.0,0.0,0.0,1.0,1.0,632,54,68,63.2,6.408327915038888,63.2,0.0015465974807739,10,0.9293685264594702,38.22222222222222
20.0,6,64.0,801.6636085626911,0.0,0.0,0.7,0.3,0.3,0.0,0.0,3,0,0,7,0,0.0124740600585937,0.0,1.0,0.0,0.0,0.0,0.0,0.0,1.0,0.0,0.0,0.0,0.0,0.0,1.0,1.0,624,54,68,62.4,7.229568912920511,62.4,0.0012500047683715,10,0.9297030671923672,49.0
20.0,6,64.0,842.6696668943625,0.0,0.0,0.6,0.4,0.4,0.0,0.0,4,0,0,6,0,0.0118670463562011,0.0,1.0,0.0,0.0,0.0,0.0,0.0,1.0,0.0,0.0,0.0,0.0,0.0,1.0,1.0,612,54,66,61.2,6.196773353931867,61.2,0.002344799041748,10,0.9292823475934576,35.55555555555556
20.0,6,64.0,990.297020352269,0.0,0.0,0.5,0.5,0.5,0.0,0.0,5,0,0,5,0,0.0100979804992675,0.0,1.0,0.0,0.0,0.0,0.0,0.0,1.0,0.0,0.0,0.0,0.0,0.0,1.0,1.0,602,54,68,60.2,6.562519841239848,60.2,0.0011357069015502,10,0.9294313380825274,38.76
20.0,6,64.0,878.7195173049527,0.0,0.0,0.5,0.5,0.5,0.0,0.0,5,0,0,5,0,0.0113801956176757,0.0,1.0,0.0,0.0,0.0,0.0,0.0,1.0,0.0,0.0,0.0,0.0,0.0,1.0,1.0,610,54,68,61.0,7.378647873726218,61.0,0.0013170003890991,10,0.9297637959978412,49.0
20.0,6,64.0,605.2910785926631,0.0,0.0,0.6,0.4,0.4,0.0,0.0,4,0,0,6,0,0.0165209770202636,0.0,1.0,0.0,0.0,0.0,0.0,0.0,1.0,0.0,0.0,0.0,0.0,0.0,1.0,1.0,616,54,68,61.6,6.719788356455548,61.6,0.0016532897949218,10,0.9294954029848858,49.0
20.0,6,64.0,500.5733381071727,0.0,0.0,1.0,0.0,0.0,0.0,0.0,0,0,0,10,0,0.0199770927429199,0.0,1.0,0.0,0.0,0.0,0.0,0.0,1.0,0.0,0.0,0.0,0.0,0.0,1.0,1.0,644,64,66,64.4,0.8432740427115678,64.4,0.0021408081054687,10,0.0,0.64
20.0,6,64.0,355.30195088480207,0.0,0.0,0.9,0.1,0.1,0.0,0.0,1,0,0,9,0,0.0281450748443603,0.0,1.0,0.0,0.0,0.0,0.0,0.0,1.0,0.0,0.0,0.0,0.0,0.0,1.0,1.0,646,54,66,64.6,3.777124126457412,64.6,0.0028697967529296,10,0.9282966792841536,12.84
20.0,6,64.0,681.4244866129452,0.0,0.0,0.8,0.2,0.2,0.0,0.0,2,0,0,8,0,0.0146751403808593,0.0,1.0,0.0,0.0,0.0,0.0,0.0,1.0,0.0,0.0,0.0,0.0,0.0,1.0,1.0,620,54,64,62.0,4.216370213557839,62.0,0.0016982078552246,10,0.9284756105701948,16.0
20.0,6,64.0,777.0539303777534,0.0,0.0,0.6,0.4,0.4,0.0,0.0,4,0,0,6,0,0.012869119644165,0.0,1.0,0.0,0.0,0.0,0.0,0.0,1.0,0.0,0.0,0.0,0.0,0.0,1.0,1.0,622,54,66,62.2,5.692099788303083,62.2,0.0014956951141357,10,0.9290767637697632,30.61728395061728
20.0,6,64.0,429.12870881931656,0.0,0.0,0.6,0.4,0.4,0.0,0.0,4,0,0,6,0,0.0233030319213867,0.0,1.0,0.0,0.0,0.0,0.0,0.0,1.0,0.0,0.0,0.0,0.0,0.0,1.0,1.0,612,54,66,61.2,6.196773353931867,61.2,0.0023311853408813,10,0.9292823475934576,36.0
20.0,6,64.0,870.0250990478957,0.0,0.0,0.5,0.5,0.5,0.0,0.0,5,0,0,5,0,0.0114939212799072,0.0,1.0,0.0,0.0,0.0,0.0,0.0,1.0,0.0,0.0,0.0,0.0,0.0,1.0,1.0,600,54,66,60.0,6.324555320336759,60.0,0.0011523008346557,10,0.9293344008552924,36.0
20.0,6,64.0,534.8172138986292,0.0,0.0,0.6,0.4,0.4,0.0,0.0,4,0,0,6,0,0.01869797706604,0.0,1.0,0.0,0.0,0.0,0.0,0.0,1.0,0.0,0.0,0.0,0.0,0.0,1.0,1.0,618,54,68,61.8,6.762642481555071,61.8,0.0018715143203735,10,0.9295128600412864,41.16
20.0,6,64.0,1766.1714670709111,0.0,0.0,0.5,0.5,0.5,0.0,0.0,5,0,0,5,0,0.0056619644165039,0.0,1.0,0.0,0.0,0.0,0.0,0.0,1.0,0.0,0.0,0.0,0.0,0.0,1.0,1.0,610,54,68,61.0,7.378647873726218,61.0,0.0005669832229614,10,0.9297637959978412,49.0
20.0,6,64.0,373.188600510717,0.0,0.0,0.5,0.5,0.5,0.0,0.0,5,0,0,5,0,0.0267961025238037,0.0,1.0,0.0,0.0,0.0,0.0,0.0,1.0,0.0,0.0,0.0,0.0,0.0,1.0,1.0,4078,54,1224,407.8,563.259127262439,407.8,0.0026821136474609,10,1.0,285534.76
20.0,6,64.0,3126.111649400015,0.0,0.0,0.6,0.4,0.4,0.0,0.0,4,0,0,6,0,0.0031988620758056,0.0,1.0,0.0,0.0,0.0,0.0,0.0,1.0,0.0,0.0,0.0,0.0,0.0,1.0,1.0,6390,54,1224,639.0,616.644143732834,639.0,0.0003259897232055,10,1.0,342225.0
20.0,6,64.0,929.7947240079804,0.0,0.0,0.5,0.5,0.5,0.0,0.0,5,0,0,5,0,0.0107550621032714,0.0,1.0,0.0,0.0,0.0,0.0,0.0,1.0,0.0,0.0,0.0,0.0,0.0,1.0,1.0,7568,54,1226,756.8,604.8744222288348,756.8,0.0013841152191162,10,1.0,338694.22222222225
20.0,6,64.0,936.249469854238,0.0,0.0,0.6,0.4,0.4,0.0,0.0,4,0,0,6,0,0.0106809139251708,0.0,1.0,0.0,0.0,0.0,0.0,0.0,1.0,0.0,0.0,0.0,0.0,0.0,1.0,1.0,6400,54,1226,640.0,617.6982362862234,640.0,0.001069688796997,10,1.0,343396.0
20.0,6,64.0,535.7325873982961,0.0,0.0,0.7,0.3,0.3,0.0,0.0,3,0,0,7,0,0.0186660289764404,0.0,1.0,0.0,0.0,0.0,0.0,0.0,1.0,0.0,0.0,0.0,0.0,0.0,1.0,1.0,1778,54,1226,177.8,368.336440409218,177.8,0.0020977020263671,10,1.0,343396.0
20.0,6,64.0,539.6060672335936,0.0,0.0,0.8,0.2,0.2,0.0,0.0,2,0,0,8,0,0.0185320377349853,0.0,1.0,0.0,0.0,0.0,0.0,0.0,1.0,0.0,0.0,0.0,0.0,0.0,1.0,1.0,649,54,67,64.9,3.956710193526379,64.9,0.0020697116851806,10,0.928369835464435,26.88888888888889
20.0,6,64.0,437.3485709518993,0.0,0.0,0.8,0.2,0.2,0.0,0.0,2,0,0,8,0,0.0228650569915771,0.0,1.0,0.0,0.0,0.0,0.0,0.0,1.0,0.0,0.0,0.0,0.0,0.0,1.0,1.0,635,54,69,63.5,6.60387091871965,63.5,0.0022899866104125,10,0.9294481828574496,42.25
20.0,6,64.0,689.0366671047444,0.0,0.0,0.6,0.4,0.4,0.0,0.0,4,0,0,6,0,0.0145130157470703,0.0,1.0,0.0,0.0,0.0,0.0,0.0,1.0,0.0,0.0,0.0,0.0,0.0,1.0,1.0,645,54,69,64.5,7.245688373094719,64.5,0.0016335010528564,10,0.9297096336156638,56.25
20.0,6,64.0,956.3808828894564,0.0,0.0,0.6,0.4,0.4,0.0,0.0,4,0,0,6,0,0.0104560852050781,0.0,1.0,0.0,0.0,0.0,0.0,0.0,1.0,0.0,0.0,0.0,0.0,0.0,1.0,1.0,623,54,71,62.3,8.769264507357503,62.3,0.0010477066040039,10,0.9303302775897172,69.21000000000001
20.0,6,64.0,813.8590499844769,0.0,0.0,0.6,0.4,0.4,0.0,0.0,4,0,0,6,0,0.0122871398925781,0.0,1.0,0.0,0.0,0.0,0.0,0.0,1.0,0.0,0.0,0.0,0.0,0.0,1.0,1.0,642,54,71,64.2,8.778762251403478,64.2,0.0016026020050048,10,0.9303341465907318,72.25
20.0,6,64.0,828.5044938271604,0.0,0.0,0.5,0.5,0.5,0.0,0.0,5,0,0,5,0,0.0120699405670166,0.0,1.0,0.0,0.0,0.0,0.0,0.0,1.0,0.0,0.0,0.0,0.0,0.0,1.0,1.0,612,54,66,61.2,6.196773353931867,61.2,0.0018976926803588,10,0.9292823475934576,35.55555555555556
20.0,6,64.0,773.3431669002139,0.0,0.0,0.7,0.3,0.3,0.0,0.0,3,0,0,7,0,0.0129308700561523,0.0,1.0,0.0,0.0,0.0,0.0,0.0,1.0,0.0,0.0,0.0,0.0,0.0,1.0,1.0,616,54,68,61.6,6.586180818788517,61.6,0.0012975931167602,10,0.9294409766183416,39.04
20.0,6,64.0,982.2265936021732,0.0,0.0,0.5,0.5,0.5,0.0,0.0,5,0,0,5,0,0.0101809501647949,0.0,1.0,0.0,0.0,0.0,0.0,0.0,1.0,0.0,0.0,0.0,0.0,0.0,1.0,1.0,624,54,68,62.4,7.229568912920511,62.4,0.001282000541687,10,0.9297030671923672,49.0
20.0,6,64.0,369.13891431387736,0.0,0.0,0.9,0.1,0.1,0.0,0.0,1,0,0,9,0,0.0270900726318359,0.0,1.0,0.0,0.0,0.0,0.0,0.0,1.0,0.0,0.0,0.0,0.0,0.0,1.0,1.0,628,54,68,62.8,4.9170903772228725,62.8,0.0027106046676635,10,0.9287610559360656,49.0
20.0,6,64.0,564.6232752238002,0.0,0.0,1.0,0.0,0.0,0.0,0.0,0,0,0,10,0,0.0177109241485595,0.0,1.0,0.0,0.0,0.0,0.0,0.0,1.0,0.0,0.0,0.0,0.0,0.0,1.0,1.0,652,64,66,65.2,1.0327955589886444,65.2,0.0018101930618286,10,0.9101374495989096,1.0
20.0,6,64.0,419.74100834617616,0.0,0.0,0.7,0.3,0.3,0.0,0.0,3,0,0,7,0,0.0238242149353027,0.0,1.0,0.0,0.0,0.0,0.0,0.0,1.0,0.0,0.0,0.0,0.0,0.0,1.0,1.0,624,54,66,62.4,5.796550698475775,62.4,0.0025811195373535,10,0.9291193128925312,30.24
20.0,6,64.0,1120.962129513323,0.0,0.0,0.5,0.5,0.5,0.0,0.0,5,0,0,5,0,0.0089209079742431,0.0,1.0,0.0,0.0,0.0,0.0,0.0,1.0,0.0,0.0,0.0,0.0,0.0,1.0,1.0,600,54,66,60.0,6.324555320336759,60.0,0.0010800838470458,10,0.9293344008552924,36.0
20.0,6,64.0,1146.2352426759946,0.0,0.0,0.5,0.5,0.5,0.0,0.0,5,0,0,5,0,0.0087242126464843,0.0,1.0,0.0,0.0,0.0,0.0,0.0,1.0,0.0,0.0,0.0,0.0,0.0,1.0,1.0,606,54,68,60.6,6.995236474439826,60.6,0.0011031150817871,10,0.9296076095302278,44.04
20.0,6,64.0,935.1014402282964,0.0,0.0,0.5,0.5,0.5,0.0,0.0,5,0,0,5,0,0.0106940269470214,0.0,1.0,0.0,0.0,0.0,0.0,0.0,1.0,0.0,0.0,0.0,0.0,0.0,1.0,1.0,624,54,68,62.4,7.229568912920511,62.4,0.0013083934783935,10,0.9297030671923672,48.39506172839506
20.0,6,64.0,559.3822435016871,0.0,0.0,0.5,0.5,0.5,0.0,0.0,5,0,0,5,0,0.0178768634796142,0.0,1.0,0.0,0.0,0.0,0.0,0.0,1.0,0.0,0.0,0.0,0.0,0.0,1.0,1.0,594,54,68,59.4,5.815687596683838,59.4,0.0017921924591064,10,0.9291271084993852,49.0
20.0,6,64.0,952.2769894426156,0.0,0.0,0.6,0.4,0.4,0.0,0.0,4,0,0,6,0,0.0105011463165283,0.0,1.0,0.0,0.0,0.0,0.0,0.0,1.0,0.0,0.0,0.0,0.0,0.0,1.0,1.0,590,54,64,59.0,5.270462766947299,59.0,0.0010518074035644,10,0.9289050057127436,25.0
20.0,6,64.0,919.702664181559,0.0,0.0,0.5,0.5,0.5,0.0,0.0,5,0,0,5,0,0.0108730792999267,0.0,1.0,0.0,0.0,0.0,0.0,0.0,1.0,0.0,0.0,0.0,0.0,0.0,1.0,1.0,610,54,66,61.0,6.055300708194984,61.0,0.0013711929321289,10,0.9292247172964904,33.58024691358025
20.0,6,64.0,471.895771922324,0.0,0.0,0.6,0.4,0.4,0.0,0.0,4,0,0,6,0,0.021191120147705,0.0,1.0,0.0,0.0,0.0,0.0,0.0,1.0,0.0,0.0,0.0,0.0,0.0,1.0,1.0,610,54,66,61.0,6.055300708194984,61.0,0.0021208047866821,10,0.9292247172964904,36.0
20.0,6,64.0,821.1405861508644,0.0,0.0,0.6,0.4,0.4,0.0,0.0,4,0,0,6,0,0.0121781826019287,0.0,1.0,0.0,0.0,0.0,0.0,0.0,1.0,0.0,0.0,0.0,0.0,0.0,1.0,1.0,590,54,64,59.0,5.270462766947299,59.0,0.0012216091156005,10,0.9289050057127436,25.0
20.0,6,64.0,636.0499219022489,0.0,0.0,0.5,0.5,0.5,0.0,0.0,5,0,0,5,0,0.0157220363616943,0.0,1.0,0.0,0.0,0.0,0.0,0.0,1.0,0.0,0.0,0.0,0.0,0.0,1.0,1.0,592,54,66,59.2,5.513619500836088,59.2,0.0017650842666625,10,0.9290040580398606,27.360000000000003
20.0,6,64.0,831.8730662435541,0.0,0.0,0.5,0.5,0.5,0.0,0.0,5,0,0,5,0,0.0120210647583007,0.0,1.0,0.0,0.0,0.0,0.0,0.0,1.0,0.0,0.0,0.0,0.0,0.0,1.0,1.0,612,54,66,61.2,6.196773353931867,61.2,0.0012737035751342,10,0.9292823475934576,36.0
20.0,6,64.0,605.5882183078256,0.0,0.0,0.8,0.2,0.2,0.0,0.0,2,0,0,8,0,0.0165128707885742,0.0,1.0,0.0,0.0,0.0,0.0,0.0,1.0,0.0,0.0,0.0,0.0,0.0,1.0,1.0,624,54,66,62.4,5.796550698475776,62.4,0.0016531944274902,10,0.9291193128925312,36.0
20.0,6,64.0,538.6220801068433,0.0,0.0,1.0,0.0,0.0,0.0,0.0,0,0,0,10,0,0.0185658931732177,0.0,1.0,0.0,0.0,0.0,0.0,0.0,1.0,0.0,0.0,0.0,0.0,0.0,1.0,1.0,668,66,68,66.8,1.0327955589886444,66.8,0.0020848035812377,10,0.9067291895989096,0.96
20.0,6,64.0,361.5218328190453,0.0,0.0,1.0,0.0,0.0,0.0,0.0,0,0,0,10,0,0.027660846710205,0.0,1.0,0.0,0.0,0.0,0.0,0.0,1.0,0.0,0.0,0.0,0.0,0.0,1.0,1.0,2612,68,551,261.2,249.42012749575767,261.2,0.0030786991119384,10,1.0,55989.36
20.0,6,64.0,544.5733575694625,0.0,0.0,1.0,0.0,0.0,0.0,0.0,0,0,0,10,0,0.0183629989624023,0.0,1.0,0.0,0.0,0.0,0.0,0.0,1.0,0.0,0.0,0.0,0.0,0.0,1.0,1.0,5518,551,553,551.8,1.0327955589886446,551.8,0.0021136045455932,10,0.0802261395989096,0.9600000000000002
20.0,6,64.0,357.717053866885,0.0,0.0,1.0,0.0,0.0,0.0,0.0,0,0,0,10,0,0.0279550552368164,0.0,1.0,0.0,0.0,0.0,0.0,0.0,1.0,0.0,0.0,0.0,0.0,0.0,1.0,1.0,3574,64,553,357.4,252.5185141727236,357.4,0.0030646085739135,10,1.0,57389.04
20.0,6,64.0,531.2069707945997,0.0,0.0,1.0,0.0,0.0,0.0,0.0,0,0,0,10,0,0.0188250541687011,0.0,1.0,0.0,0.0,0.0,0.0,0.0,1.0,0.0,0.0,0.0,0.0,0.0,1.0,1.0,648,64,66,64.8,1.0327955589886444,64.8,0.0021045923233032,10,0.9101374495989096,0.96
20.0,6,64.0,305.3978840678904,0.0,0.0,0.8,0.2,0.2,0.0,0.0,2,0,0,8,0,0.0327441692352294,0.0,1.0,0.0,0.0,0.0,0.0,0.0,1.0,0.0,0.0,0.0,0.0,0.0,1.0,1.0,632,54,66,63.2,4.9170903772228725,63.2,0.0035226106643676,10,0.9287610559360656,21.76
20.0,6,64.0,3691.194226876705,0.0,0.0,0.5,0.5,0.5,0.0,0.0,5,0,0,5,0,0.002709150314331,0.0,1.0,0.0,0.0,0.0,0.0,0.0,1.0,0.0,0.0,0.0,0.0,0.0,1.0,1.0,590,54,64,59.0,5.270462766947299,59.0,0.0002722978591918,10,0.9289050057127436,25.0
20.0,6,64.0,1215.951759726329,0.0,0.0,0.5,0.5,0.5,0.0,0.0,5,0,0,5,0,0.0082240104675292,0.0,1.0,0.0,0.0,0.0,0.0,0.0,1.0,0.0,0.0,0.0,0.0,0.0,1.0,1.0,594,54,66,59.4,5.738757124441959,59.4,0.0011343955993652,10,0.9290957701022128,29.64
20.0,6,64.0,985.4111455690256,0.0,0.0,0.5,0.5,0.5,0.0,0.0,5,0,0,5,0,0.0101480484008789,0.0,1.0,0.0,0.0,0.0,0.0,0.0,1.0,0.0,0.0,0.0,0.0,0.0,1.0,1.0,600,54,66,60.0,6.324555320336759,60.0,0.0012131929397583,10,0.9293344008552924,36.0
20.0,6,64.0,472.25175927489727,0.0,0.0,0.6,0.4,0.4,0.0,0.0,4,0,0,6,0,0.0211751461029052,0.0,1.0,0.0,0.0,0.0,0.0,0.0,1.0,0.0,0.0,0.0,0.0,0.0,1.0,1.0,606,54,66,60.6,5.738757124441959,60.6,0.0024656057357788,10,0.9290957701022128,36.0
20.0,6,64.0,968.3483400286282,0.0,0.0,0.5,0.5,0.5,0.0,0.0,5,0,0,5,0,0.010326862335205,0.0,1.0,0.0,0.0,0.0,0.0,0.0,1.0,0.0,0.0,0.0,0.0,0.0,1.0,1.0,590,54,64,59.0,5.270462766947299,59.0,0.0010362863540649,10,0.9289050057127436,25.0
20.0,6,64.0,1142.0841388699796,0.0,0.0,0.5,0.5,0.5,0.0,0.0,5,0,0,5,0,0.0087559223175048,0.0,1.0,0.0,0.0,0.0,0.0,0.0,1.0,0.0,0.0,0.0,0.0,0.0,1.0,1.0,596,54,66,59.6,5.94792213951879,59.6,0.0011162996292114,10,0.9291809755627544,31.84
20.0,6,64.0,1145.32754430518,0.0,0.0,0.5,0.5,0.5,0.0,0.0,5,0,0,5,0,0.0087311267852783,0.0,1.0,0.0,0.0,0.0,0.0,0.0,1.0,0.0,0.0,0.0,0.0,0.0,1.0,1.0,612,54,66,61.2,6.196773353931867,61.2,0.0013362169265747,10,0.9292823475934576,36.0
20.0,6,64.0,470.63026671603774,0.0,0.0,0.9,0.1,0.1,0.0,0.0,1,0,0,9,0,0.0212481021881103,0.0,1.0,0.0,0.0,0.0,0.0,0.0,1.0,0.0,0.0,0.0,0.0,0.0,1.0,1.0,636,54,66,63.6,5.059644256269407,63.6,0.0021281003952026,10,0.928819126684234,36.0
20.0,6,64.0,416.6844494779404,0.0,0.0,1.0,0.0,0.0,0.0,0.0,0,0,0,10,0,0.0239989757537841,0.0,1.0,0.0,0.0,0.0,0.0,0.0,1.0,0.0,0.0,0.0,0.0,0.0,1.0,1.0,674,66,68,67.4,0.9660917830792958,67.4,0.0026079893112182,10,0.0,1.0
20.0,6,64.0,509.68551013464247,0.0,0.0,0.6,0.4,0.4,0.0,0.0,4,0,0,6,0,0.0196199417114257,0.0,1.0,0.0,0.0,0.0,0.0,0.0,1.0,0.0,0.0,0.0,0.0,0.0,1.0,1.0,622,54,68,62.2,5.921711464320654,62.2,0.0019629001617431,10,0.9291702983821056,34.666666666666664
20.0,6,64.0,800.5160797786049,0.0,0.0,0.6,0.4,0.4,0.0,0.0,4,0,0,6,0,0.0124919414520263,0.0,1.0,0.0,0.0,0.0,0.0,0.0,1.0,0.0,0.0,0.0,0.0,0.0,1.0,1.0,590,54,64,59.0,5.270462766947299,59.0,0.0012516975402832,10,0.9289050057127436,25.0
20.0,6,64.0,896.295409864091,0.0,0.0,0.5,0.5,0.5,0.0,0.0,5,0,0,5,0,0.0111570358276367,0.0,1.0,0.0,0.0,0.0,0.0,0.0,1.0,0.0,0.0,0.0,0.0,0.0,1.0,1.0,598,54,66,59.8,6.142746399887703,59.8,0.0013813018798828,10,0.9292603391734584,33.959999999999994
20.0,6,64.0,815.2669737788403,0.0,0.0,0.5,0.5,0.5,0.0,0.0,5,0,0,5,0,0.012265920639038,0.0,1.0,0.0,0.0,0.0,0.0,0.0,1.0,0.0,0.0,0.0,0.0,0.0,1.0,1.0,600,54,66,60.0,6.324555320336759,60.0,0.0012439012527465,10,0.9293344008552924,36.0
20.0,6,64.0,520.7792498044425,0.0,0.0,0.9,0.1,0.1,0.0,0.0,1,0,0,9,0,0.0192019939422607,0.0,1.0,0.0,0.0,0.0,0.0,0.0,1.0,0.0,0.0,0.0,0.0,0.0,1.0,1.0,11368,54,1406,1136.8,567.5304788682671,1136.8,0.0020785093307495,10,1.0,448900.0
20.0,6,64.0,622.3556993204143,0.0,0.0,0.7,0.3,0.3,0.0,0.0,3,0,0,7,0,0.0160679817199707,0.0,1.0,0.0,0.0,0.0,0.0,0.0,1.0,0.0,0.0,0.0,0.0,0.0,1.0,1.0,11356,54,1406,1135.6,570.0532528730199,1135.6,0.0018971920013427,10,1.0,373041.6326530613
20.0,6,64.0,501.357176155584,0.0,0.0,0.6,0.4,0.4,0.0,0.0,4,0,0,6,0,0.0199458599090576,0.0,1.0,0.0,0.0,0.0,0.0,0.0,1.0,0.0,0.0,0.0,0.0,0.0,1.0,1.0,5972,54,1406,597.2,696.1195299659391,597.2,0.0020010948181152,10,1.0,456976.0
20.0,6,64.0,747.5012029726792,0.0,0.0,0.6,0.4,0.4,0.0,0.0,4,0,0,6,0,0.0133779048919677,0.0,1.0,0.0,0.0,0.0,0.0,0.0,1.0,0.0,0.0,0.0,0.0,0.0,1.0,1.0,600,54,66,60.0,6.324555320336759,60.0,0.0013406991958618,10,0.9293344008552924,36.0
20.0,6,64.0,1107.787227299139,0.0,0.0,0.5,0.5,0.5,0.0,0.0,5,0,0,5,0,0.0090270042419433,0.0,1.0,0.0,0.0,0.0,0.0,0.0,1.0,0.0,0.0,0.0,0.0,0.0,1.0,1.0,604,54,68,60.4,6.785605679999719,60.4,0.0011615991592407,10,0.9295222143298046,41.44
20.0,6,64.0,1126.3807503289738,0.0,0.0,0.5,0.5,0.5,0.0,0.0,5,0,0,5,0,0.0088779926300048,0.0,1.0,0.0,0.0,0.0,0.0,0.0,1.0,0.0,0.0,0.0,0.0,0.0,1.0,1.0,610,54,68,61.0,7.378647873726218,61.0,0.0010853052139282,10,0.9297637959978412,49.0
20.0,6,64.0,528.4295667292404,0.0,0.0,0.7,0.3,0.3,0.0,0.0,3,0,0,7,0,0.0189239978790283,0.0,1.0,0.0,0.0,0.0,0.0,0.0,1.0,0.0,0.0,0.0,0.0,0.0,1.0,1.0,622,54,68,62.2,5.921711464320655,62.2,0.0021049976348876,10,0.9291702983821056,49.0
20.0,6,64.0,609.2387246713632,0.0,0.0,1.0,0.0,0.0,0.0,0.0,0,0,0,10,0,0.016413927078247,0.0,1.0,0.0,0.0,0.0,0.0,0.0,1.0,0.0,0.0,0.0,0.0,0.0,1.0,1.0,648,64,66,64.8,1.0327955589886444,64.8,0.0020092010498046,10,0.9101374495989096,0.96
20.0,6,64.0,382.1758938659474,0.0,0.0,0.8,0.2,0.2,0.0,0.0,2,0,0,8,0,0.0261659622192382,0.0,1.0,0.0,0.0,0.0,0.0,0.0,1.0,0.0,0.0,0.0,0.0,0.0,1.0,1.0,1941,54,497,194.1,209.0536613727043,194.1,0.0028978109359741,10,1.0,39333.09
20.0,6,64.0,738.173882435762,0.0,0.0,0.7,0.3,0.3,0.0,0.0,3,0,0,7,0,0.0135469436645507,0.0,1.0,0.0,0.0,0.0,0.0,0.0,1.0,0.0,0.0,0.0,0.0,0.0,1.0,1.0,3198,54,497,319.8,228.76421631598475,319.8,0.0013572931289672,10,1.0,49062.25
20.0,6,64.0,930.1452553611424,0.0,0.0,0.5,0.5,0.5,0.0,0.0,5,0,0,5,0,0.0107510089874267,0.0,1.0,0.0,0.0,0.0,0.0,0.0,1.0,0.0,0.0,0.0,0.0,0.0,1.0,1.0,2763,54,499,276.3,234.3255332983488,276.3,0.0012866020202636,10,1.0,49417.61
20.0,6,64.0,428.9443864924015,0.0,0.0,0.9,0.1,0.1,0.0,0.0,1,0,0,9,0,0.0233130455017089,0.0,1.0,0.0,0.0,0.0,0.0,0.0,1.0,0.0,0.0,0.0,0.0,0.0,1.0,1.0,3246,54,499,324.6,225.1760792505871,324.6,0.0025696039199829,10,1.0,45633.84
20.0,6,64.0,1284.1933804843698,0.0,0.0,1.0,0.0,0.0,0.0,0.0,0,0,0,10,0,0.0077869892120361,0.0,1.0,0.0,0.0,0.0,0.0,0.0,1.0,0.0,0.0,0.0,0.0,0.0,1.0,1.0,666,66,68,66.6,0.966091783079296,66.6,0.0020622968673706,10,0.0,0.8400000000000001
20.0,6,64.0,342.666296302348,0.0,0.0,1.0,0.0,0.0,0.0,0.0,0,0,0,10,0,0.0291829109191894,0.0,1.0,0.0,0.0,0.0,0.0,0.0,1.0,0.0,0.0,0.0,0.0,0.0,1.0,1.0,668,64,68,66.8,1.9321835661585915,66.8,0.0030961990356445,10,0.9105038242975104,3.3600000000000003
20.0,6,64.0,469.32951391997136,0.0,0.0,1.0,0.0,0.0,0.0,0.0,0,0,0,10,0,0.0213069915771484,0.0,1.0,0.0,0.0,0.0,0.0,0.0,1.0,0.0,0.0,0.0,0.0,0.0,1.0,1.0,646,64,66,64.6,0.966091783079296,64.6,0.0023297071456909,10,0.0,0.8400000000000001
20.0,6,64.0,374.6586869138008,0.0,0.0,0.8,0.2,0.2,0.0,0.0,2,0,0,8,0,0.0266909599304199,0.0,1.0,0.0,0.0,0.0,0.0,0.0,1.0,0.0,0.0,0.0,0.0,0.0,1.0,1.0,644,54,66,64.4,3.747591819348053,64.4,0.0026700973510742,10,0.9282846490035296,14.024691358024691
20.0,6,64.0,918.0318683242864,0.0,0.0,0.6,0.4,0.4,0.0,0.0,4,0,0,6,0,0.0108928680419921,0.0,1.0,0.0,0.0,0.0,0.0,0.0,1.0,0.0,0.0,0.0,0.0,0.0,1.0,1.0,590,54,64,59.0,5.270462766947299,59.0,0.0010912895202636,10,0.9289050057127436,25.0
20.0,6,64.0,1233.3648954626988,0.0,0.0,0.5,0.5,0.5,0.0,0.0,5,0,0,5,0,0.0081079006195068,0.0,1.0,0.0,0.0,0.0,0.0,0.0,1.0,0.0,0.0,0.0,0.0,0.0,1.0,1.0,594,54,66,59.4,5.738757124441959,59.4,0.001150894165039,10,0.9290957701022128,29.64
20.0,6,64.0,832.2857426331977,0.0,0.0,0.5,0.5,0.5,0.0,0.0,5,0,0,5,0,0.0120151042938232,0.0,1.0,0.0,0.0,0.0,0.0,0.0,1.0,0.0,0.0,0.0,0.0,0.0,1.0,1.0,612,54,66,61.2,6.196773353931867,61.2,0.0014927148818969,10,0.9292823475934576,36.0
20.0,6,64.0,568.5958300572079,0.0,0.0,0.5,0.5,0.5,0.0,0.0,5,0,0,5,0,0.0175871849060058,0.0,1.0,0.0,0.0,0.0,0.0,0.0,1.0,0.0,0.0,0.0,0.0,0.0,1.0,1.0,600,54,66,60.0,6.324555320336759,60.0,0.0017611026763916,10,0.9293344008552924,36.0
20.0,6,64.0,724.6426288419343,0.0,0.0,0.6,0.4,0.4,0.0,0.0,4,0,0,6,0,0.0137999057769775,0.0,1.0,0.0,0.0,0.0,0.0,0.0,1.0,0.0,0.0,0.0,0.0,0.0,1.0,1.0,600,54,66,60.0,6.324555320336759,60.0,0.0013820886611938,10,0.9293344008552924,36.0
20.0,6,64.0,871.525578689274,0.0,0.0,0.5,0.5,0.5,0.0,0.0,5,0,0,5,0,0.0114741325378417,0.0,1.0,0.0,0.0,0.0,0.0,0.0,1.0,0.0,0.0,0.0,0.0,0.0,1.0,1.0,620,54,68,62.0,6.928203230275509,62.0,0.0012966156005859,10,0.9295803028678852,43.55555555555556
20.0,6,64.0,590.7054432786424,0.0,0.0,0.6,0.4,0.4,0.0,0.0,4,0,0,6,0,0.0169289112091064,0.0,1.0,0.0,0.0,0.0,0.0,0.0,1.0,0.0,0.0,0.0,0.0,0.0,1.0,1.0,624,54,68,62.4,7.229568912920511,62.4,0.0016950845718383,10,0.9297030671923672,49.0
20.0,6,64.0,855.7359121883543,0.0,0.0,0.6,0.4,0.4,0.0,0.0,4,0,0,6,0,0.0116858482360839,0.0,1.0,0.0,0.0,0.0,0.0,0.0,1.0,0.0,0.0,0.0,0.0,0.0,1.0,1.0,590,54,64,59.0,5.270462766947299,59.0,0.0011704921722412,10,0.9289050057127436,25.0
20.0,6,64.0,1301.0434890501892,0.0,0.0,0.5,0.5,0.5,0.0,0.0,5,0,0,5,0,0.0076861381530761,0.0,1.0,0.0,0.0,0.0,0.0,0.0,1.0,0.0,0.0,0.0,0.0,0.0,1.0,1.0,590,54,64,59.0,5.270462766947299,59.0,0.0009656190872192,10,0.9289050057127436,25.0
20.0,6,64.0,1138.1791538899895,0.0,0.0,0.5,0.5,0.5,0.0,0.0,5,0,0,5,0,0.0087859630584716,0.0,1.0,0.0,0.0,0.0,0.0,0.0,1.0,0.0,0.0,0.0,0.0,0.0,1.0,1.0,600,54,66,60.0,6.324555320336759,60.0,0.0011915922164916,10,0.9293344008552924,36.0
20.0,6,64.0,1284.350675199804,0.0,0.0,0.5,0.5,0.5,0.0,0.0,5,0,0,5,0,0.0077860355377197,0.0,1.0,0.0,0.0,0.0,0.0,0.0,1.0,0.0,0.0,0.0,0.0,0.0,1.0,1.0,600,54,66,60.0,6.324555320336759,60.0,0.001011300086975,10,0.9293344008552924,36.0
20.0,6,64.0,480.188672764949,0.0,0.0,1.0,0.0,0.0,0.0,0.0,0,0,0,10,0,0.0208251476287841,0.0,1.0,0.0,0.0,0.0,0.0,0.0,1.0,0.0,0.0,0.0,0.0,0.0,1.0,1.0,640,64,64,64.0,0.0,64.0,0.0037883043289184,10,0.0,0.0
20.0,6,64.0,663.9708722494855,0.0,0.0,1.0,0.0,0.0,0.0,0.0,0,0,0,10,0,0.0150609016418457,0.0,1.0,0.0,0.0,0.0,0.0,0.0,1.0,0.0,0.0,0.0,0.0,0.0,1.0,1.0,660,66,66,66.0,0.0,66.0,0.0015092849731445,10,0.0,0.0
20.0,6,64.0,846.4449467226348,0.0,0.0,0.5,0.5,0.5,0.0,0.0,5,0,0,5,0,0.0118141174316406,0.0,1.0,0.0,0.0,0.0,0.0,0.0,1.0,0.0,0.0,0.0,0.0,0.0,1.0,1.0,612,54,66,61.2,6.196773353931867,61.2,0.0022630214691162,10,0.9292823475934576,36.0
20.0,6,64.0,895.5681769654525,0.0,0.0,0.6,0.4,0.4,0.0,0.0,4,0,0,6,0,0.0111660957336425,0.0,1.0,0.0,0.0,0.0,0.0,0.0,1.0,0.0,0.0,0.0,0.0,0.0,1.0,1.0,602,54,68,60.2,6.562519841239848,60.2,0.001119589805603,10,0.9294313380825274,38.76
20.0,6,64.0,1078.171816359056,0.0,0.0,0.5,0.5,0.5,0.0,0.0,5,0,0,5,0,0.0092749595642089,0.0,1.0,0.0,0.0,0.0,0.0,0.0,1.0,0.0,0.0,0.0,0.0,0.0,1.0,1.0,624,54,68,62.4,7.229568912920511,62.4,0.0012101888656616,10,0.9297030671923672,48.39506172839506
20.0,6,64.0,476.2574374347095,0.0,0.0,0.7,0.3,0.3,0.0,0.0,3,0,0,7,0,0.0209970474243164,0.0,1.0,0.0,0.0,0.0,0.0,0.0,1.0,0.0,0.0,0.0,0.0,0.0,1.0,1.0,4128,54,1236,412.8,568.0948277649898,412.8,0.002101707458496,10,1.0,290458.56000000006
20.0,6,64.0,477.4229679123081,0.0,0.0,1.0,0.0,0.0,0.0,0.0,0,0,0,10,0,0.0209457874298095,0.0,1.0,0.0,0.0,0.0,0.0,0.0,1.0,0.0,0.0,0.0,0.0,0.0,1.0,1.0,12366,1236,1238,1236.6,0.966091783079296,1236.6,0.0022872924804687,10,0.0,0.8400000000000001
20.0,6,64.0,308.184897536316,0.0,0.0,1.0,0.0,0.0,0.0,0.0,0,0,0,10,0,0.0324480533599853,0.0,1.0,0.0,0.0,0.0,0.0,0.0,1.0,0.0,0.0,0.0,0.0,0.0,1.0,1.0,9767,367,1238,976.7,420.7329715310333,976.7,0.003326416015625,10,0.5647551232828818,159314.61000000002
20.0,6,64.0,430.5515464446657,0.0,0.0,1.0,0.0,0.0,0.0,0.0,0,0,0,10,0,0.0232260227203369,0.0,1.0,0.0,0.0,0.0,0.0,0.0,1.0,0.0,0.0,0.0,0.0,0.0,1.0,1.0,3676,367,369,367.6,0.966091783079296,367.6,0.0027248859405517,10,0.0,0.8400000000000001
20.0,6,64.0,526.8101033698833,0.0,0.0,0.8,0.2,0.2,0.0,0.0,2,0,0,8,0,0.0189821720123291,0.0,1.0,0.0,0.0,0.0,0.0,0.0,1.0,0.0,0.0,0.0,0.0,0.0,1.0,1.0,2765,54,369,276.5,148.96401504315656,276.5,0.0020798206329345,10,0.9874400111679804,19971.25
20.0,6,64.0,860.8821658011946,0.0,0.0,0.5,0.5,0.5,0.0,0.0,5,0,0,5,0,0.0116159915924072,0.0,1.0,0.0,0.0,0.0,0.0,0.0,1.0,0.0,0.0,0.0,0.0,0.0,1.0,1.0,590,54,64,59.0,5.270462766947299,59.0,0.0011645793914794,10,0.9289050057127436,25.0
20.0,6,64.0,754.4254982372833,0.0,0.0,0.7,0.3,0.3,0.0,0.0,3,0,0,7,0,0.0132551193237304,0.0,1.0,0.0,0.0,0.0,0.0,0.0,1.0,0.0,0.0,0.0,0.0,0.0,1.0,1.0,606,54,66,60.6,5.738757124441959,60.6,0.0013291120529174,10,0.9290957701022128,29.64
20.0,6,64.0,756.3709808306133,0.0,0.0,0.6,0.4,0.4,0.0,0.0,4,0,0,6,0,0.0132210254669189,0.0,1.0,0.0,0.0,0.0,0.0,0.0,1.0,0.0,0.0,0.0,0.0,0.0,1.0,1.0,612,54,66,61.2,6.196773353931867,61.2,0.0014774084091186,10,0.9292823475934576,36.0
20.0,6,64.0,723.2805656147611,0.0,0.0,0.5,0.5,0.5,0.0,0.0,5,0,0,5,0,0.0138258934020996,0.0,1.0,0.0,0.0,0.0,0.0,0.0,1.0,0.0,0.0,0.0,0.0,0.0,1.0,1.0,592,54,66,59.2,5.513619500836088,59.2,0.0013848781585693,10,0.9290040580398606,36.0
20.0,6,64.0,571.2987455221543,0.0,0.0,0.5,0.5,0.5,0.0,0.0,5,0,0,5,0,0.0175039768218994,0.0,1.0,0.0,0.0,0.0,0.0,0.0,1.0,0.0,0.0,0.0,0.0,0.0,1.0,1.0,590,54,64,59.0,5.270462766947299,59.0,0.0020060062408447,10,0.9289050057127436,25.0
20.0,6,64.0,4336.542597187759,0.0,0.0,0.5,0.5,0.5,0.0,0.0,5,0,0,5,0,0.0023059844970703,0.0,1.0,0.0,0.0,0.0,0.0,0.0,1.0,0.0,0.0,0.0,0.0,0.0,1.0,1.0,598,54,66,59.8,6.142746399887703,59.8,0.0002649068832397,10,0.9292603391734584,33.959999999999994
20.0,6,64.0,1239.451536643026,0.0,0.0,0.5,0.5,0.5,0.0,0.0,5,0,0,5,0,0.0080680847167968,0.0,1.0,0.0,0.0,0.0,0.0,0.0,1.0,0.0,0.0,0.0,0.0,0.0,1.0,1.0,600,54,66,60.0,6.324555320336759,60.0,0.0010529994964599,10,0.9293344008552924,36.0
20.0,6,64.0,514.4554698328202,0.0,0.0,0.5,0.5,0.5,0.0,0.0,5,0,0,5,0,0.0194380283355712,0.0,1.0,0.0,0.0,0.0,0.0,0.0,1.0,0.0,0.0,0.0,0.0,0.0,1.0,1.0,612,54,66,61.2,6.196773353931867,61.2,0.0022373914718627,10,0.9292823475934576,36.0
20.0,6,64.0,258.2047635756983,0.0,0.0,0.6,0.4,0.4,0.0,0.0,4,0,0,6,0,0.0387289524078369,0.0,1.0,0.0,0.0,0.0,0.0,0.0,1.0,0.0,0.0,0.0,0.0,0.0,1.0,1.0,614,54,68,61.4,6.397916327472042,61.4,0.0038758039474487,10,0.929364285195159,36.84
20.0,6,64.0,1206.2649909407264,0.0,0.0,0.6,0.4,0.4,0.0,0.0,4,0,0,6,0,0.0082900524139404,0.0,1.0,0.0,0.0,0.0,0.0,0.0,1.0,0.0,0.0,0.0,0.0,0.0,1.0,1.0,624,54,68,62.4,7.229568912920511,62.4,0.0008315086364746,10,0.9297030671923672,49.0
20.0,6,64.0,568.3415764441253,0.0,0.0,0.6,0.4,0.4,0.0,0.0,4,0,0,6,0,0.0175950527191162,0.0,1.0,0.0,0.0,0.0,0.0,0.0,1.0,0.0,0.0,0.0,0.0,0.0,1.0,1.0,3286,54,1406,328.6,567.8756123581212,328.6,0.0017633914947509,10,1.0,313173.43209876545
20.0,6,64.0,476.3980827332409,0.0,0.0,0.8,0.2,0.2,0.0,0.0,2,0,0,8,0,0.0209908485412597,0.0,1.0,0.0,0.0,0.0,0.0,0.0,1.0,0.0,0.0,0.0,0.0,0.0,1.0,1.0,11356,54,1406,1135.6,570.0532528730199,1135.6,0.0033859968185424,10,1.0,342732.0
20.0,6,64.0,1024.3751373794114,0.0,0.0,0.6,0.4,0.4,0.0,0.0,4,0,0,6,0,0.0097620487213134,0.0,1.0,0.0,0.0,0.0,0.0,0.0,1.0,0.0,0.0,0.0,0.0,0.0,1.0,1.0,8652,54,1406,865.2,698.1697978763237,865.2,0.000977611541748,10,1.0,456976.0
20.0,6,64.0,581.4923055594066,0.0,0.0,0.8,0.2,0.2,0.0,0.0,2,0,0,8,0,0.0171971321105957,0.0,1.0,0.0,0.0,0.0,0.0,0.0,1.0,0.0,0.0,0.0,0.0,0.0,1.0,1.0,5996,54,1406,599.6,694.053984451738,599.6,0.0020617961883544,10,1.0,456976.0
20.0,6,64.0,430.53386846778415,0.0,0.0,1.0,0.0,0.0,0.0,0.0,0,0,0,10,0,0.0232269763946533,0.0,1.0,0.0,0.0,0.0,0.0,0.0,1.0,0.0,0.0,0.0,0.0,0.0,1.0,1.0,668,66,68,66.8,1.0327955589886444,66.8,0.0026977062225341,10,0.9067291895989096,0.96
20.0,6,64.0,473.0613671993955,0.0,0.0,1.0,0.0,0.0,0.0,0.0,0,0,0,10,0,0.0211389064788818,0.0,1.0,0.0,0.0,0.0,0.0,0.0,1.0,0.0,0.0,0.0,0.0,0.0,1.0,1.0,672,66,68,67.2,1.0327955589886444,67.2,0.0023881912231445,10,0.9067291895989096,0.96
20.0,6,64.0,455.5609379921581,0.0,0.0,1.0,0.0,0.0,0.0,0.0,0,0,0,10,0,0.0219509601593017,0.0,1.0,0.0,0.0,0.0,0.0,0.0,1.0,0.0,0.0,0.0,0.0,0.0,1.0,1.0,660,66,66,66.0,0.0,66.0,0.0021986961364746,10,0.0,0.0
20.0,6,64.0,618.8571007008484,0.0,0.0,0.8,0.2,0.2,0.0,0.0,2,0,0,8,0,0.0161588191986084,0.0,1.0,0.0,0.0,0.0,0.0,0.0,1.0,0.0,0.0,0.0,0.0,0.0,1.0,1.0,636,54,66,63.6,5.059644256269407,63.6,0.0017879962921142,10,0.928819126684234,23.04
20.0,6,64.0,786.2305284270906,0.0,0.0,0.5,0.5,0.5,0.0,0.0,5,0,0,5,0,0.012718915939331,0.0,1.0,0.0,0.0,0.0,0.0,0.0,1.0,0.0,0.0,0.0,0.0,0.0,1.0,1.0,612,54,66,61.2,6.196773353931867,61.2,0.0014904022216796,10,0.9292823475934576,36.0
20.0,6,64.0,651.2085455222954,0.0,0.0,0.6,0.4,0.4,0.0,0.0,4,0,0,6,0,0.0153560638427734,0.0,1.0,0.0,0.0,0.0,0.0,0.0,1.0,0.0,0.0,0.0,0.0,0.0,1.0,1.0,606,54,68,60.6,6.995236474439826,60.6,0.0015462160110473,10,0.9296076095302278,44.04
20.0,6,64.0,782.0525059665871,0.0,0.0,0.5,0.5,0.5,0.0,0.0,5,0,0,5,0,0.012786865234375,0.0,1.0,0.0,0.0,0.0,0.0,0.0,1.0,0.0,0.0,0.0,0.0,0.0,1.0,1.0,624,54,68,62.4,7.229568912920511,62.4,0.0016627788543701,10,0.9297030671923672,49.0
20.0,6,64.0,503.3728577600691,0.0,0.0,1.0,0.0,0.0,0.0,0.0,0,0,0,10,0,0.0198659896850585,0.0,1.0,0.0,0.0,0.0,0.0,0.0,1.0,0.0,0.0,0.0,0.0,0.0,1.0,1.0,1770,54,206,177.0,61.22635598062869,177.0,0.0019927024841308,10,0.9516991983722688,5280.75
20.0,6,64.0,507.20164459761776,0.0,0.0,1.0,0.0,0.0,0.0,0.0,0,0,0,10,0,0.0197160243988037,0.0,1.0,0.0,0.0,0.0,0.0,0.0,1.0,0.0,0.0,0.0,0.0,0.0,1.0,1.0,2076,206,208,207.6,0.8432740427115678,207.6,0.0021771192550659,10,0.0,1.0
20.0,6,64.0,776.4641415824354,0.0,0.0,0.6,0.4,0.4,0.0,0.0,4,0,0,6,0,0.0128788948059082,0.0,1.0,0.0,0.0,0.0,0.0,0.0,1.0,0.0,0.0,0.0,0.0,0.0,1.0,1.0,913,54,208,91.3,61.79185491092928,91.3,0.0015118837356567,10,0.9519295600165162,5460.1875
20.0,6,64.0,932.04684340348,0.0,0.0,0.5,0.5,0.5,0.0,0.0,5,0,0,5,0,0.0107290744781494,0.0,1.0,0.0,0.0,0.0,0.0,0.0,1.0,0.0,0.0,0.0,0.0,0.0,1.0,1.0,605,54,67,60.5,6.851601597031489,60.5,0.0010749101638793,10,0.9295490984265669,42.25
20.0,6,64.0,924.629425510339,0.0,0.0,0.5,0.5,0.5,0.0,0.0,5,0,0,5,0,0.010815143585205,0.0,1.0,0.0,0.0,0.0,0.0,0.0,1.0,0.0,0.0,0.0,0.0,0.0,1.0,1.0,615,54,69,61.5,7.905694150420948,61.5,0.0010843038558959,10,0.9299784935691154,56.25
20.0,6,64.0,680.4075011355525,0.0,0.0,0.7,0.3,0.3,0.0,0.0,3,0,0,7,0,0.0146970748901367,0.0,1.0,0.0,0.0,0.0,0.0,0.0,1.0,0.0,0.0,0.0,0.0,0.0,1.0,1.0,1088,54,527,108.8,147.12942148552975,108.8,0.0014714002609252,10,0.9866926711363454,21276.32098765432
20.0,6,64.0,643.5449175297276,0.0,0.0,0.5,0.5,0.5,0.0,0.0,5,0,0,5,0,0.0155389308929443,0.0,1.0,0.0,0.0,0.0,0.0,0.0,1.0,0.0,0.0,0.0,0.0,0.0,1.0,1.0,3378,54,527,337.8,244.25614970081443,337.8,0.0017274856567382,10,1.0,55932.25
20.0,6,64.0,1978.6319464100384,0.0,0.0,0.6,0.4,0.4,0.0,0.0,4,0,0,6,0,0.0050539970397949,0.0,1.0,0.0,0.0,0.0,0.0,0.0,1.0,0.0,0.0,0.0,0.0,0.0,1.0,1.0,2909,54,529,290.9,249.7155937817616,290.9,0.00050630569458,10,1.0,56122.09
20.0,6,64.0,873.9043650380248,0.0,0.0,0.6,0.4,0.4,0.0,0.0,4,0,0,6,0,0.0114428997039794,0.0,1.0,0.0,0.0,0.0,0.0,0.0,1.0,0.0,0.0,0.0,0.0,0.0,1.0,1.0,3390,54,529,339.0,245.28894525980303,339.0,0.0013871908187866,10,1.0,56406.25
20.0,6,64.0,535.3018352604845,0.0,0.0,0.8,0.2,0.2,0.0,0.0,2,0,0,8,0,0.0186810493469238,0.0,1.0,0.0,0.0,0.0,0.0,0.0,1.0,0.0,0.0,0.0,0.0,0.0,1.0,1.0,1562,54,529,156.2,196.5439164947903,156.2,0.0020377159118652,10,1.0,56406.25
20.0,6,64.0,485.03642713416747,0.0,0.0,1.0,0.0,0.0,0.0,0.0,0,0,0,10,0,0.0206170082092285,0.0,1.0,0.0,0.0,0.0,0.0,0.0,1.0,0.0,0.0,0.0,0.0,0.0,1.0,1.0,672,66,68,67.2,1.0327955589886444,67.2,0.0021858930587768,10,0.9067291895989096,1.0
20.0,6,64.0,411.8280541209277,0.0,0.0,0.7,0.3,0.3,0.0,0.0,3,0,0,7,0,0.0242819786071777,0.0,1.0,0.0,0.0,0.0,0.0,0.0,1.0,0.0,0.0,0.0,0.0,0.0,1.0,1.0,644,54,68,64.4,5.561774297230456,64.4,0.0025666952133178,10,0.9290236743777198,34.0
20.0,6,64.0,515.5937995550038,0.0,0.0,0.9,0.1,0.1,0.0,0.0,1,0,0,9,0,0.019395112991333,0.0,1.0,0.0,0.0,0.0,0.0,0.0,1.0,0.0,0.0,0.0,0.0,0.0,1.0,1.0,640,54,68,64.0,5.333333333333333,64.0,0.0019412040710449,10,0.9289306166666668,36.0
20.0,6,64.0,391.4057484135872,0.0,0.0,0.8,0.2,0.2,0.0,0.0,2,0,0,8,0,0.0255489349365234,0.0,1.0,0.0,0.0,0.0,0.0,0.0,1.0,0.0,0.0,0.0,0.0,0.0,1.0,1.0,662,54,68,66.2,4.467164151400254,66.2,0.0027247905731201,10,0.9285777739887144,31.360000000000003
20.0,6,64.0,492.30075823376137,0.0,0.0,0.5,0.5,0.5,0.0,0.0,5,0,0,5,0,0.0203127861022949,0.0,1.0,0.0,0.0,0.0,0.0,0.0,1.0,0.0,0.0,0.0,0.0,0.0,1.0,1.0,590,54,64,59.0,5.270462766947299,59.0,0.0020364999771118,10,0.9289050057127436,25.0
20.0,6,64.0,2624.064064064064,0.0,0.0,0.6,0.4,0.4,0.0,0.0,4,0,0,6,0,0.0038108825683593,0.0,1.0,0.0,0.0,0.0,0.0,0.0,1.0,0.0,0.0,0.0,0.0,0.0,1.0,1.0,592,54,66,59.2,5.513619500836088,59.2,0.0003848075866699,10,0.9290040580398606,27.360000000000003
20.0,6,64.0,1493.9108135061974,0.0,0.0,0.5,0.5,0.5,0.0,0.0,5,0,0,5,0,0.0066938400268554,0.0,1.0,0.0,0.0,0.0,0.0,0.0,1.0,0.0,0.0,0.0,0.0,0.0,1.0,1.0,600,54,66,60.0,6.324555320336759,60.0,0.0007277965545654,10,0.9293344008552924,36.0
20.0,6,64.0,535.6436452799346,0.0,0.0,0.6,0.4,0.4,0.0,0.0,4,0,0,6,0,0.0186691284179687,0.0,1.0,0.0,0.0,0.0,0.0,0.0,1.0,0.0,0.0,0.0,0.0,0.0,1.0,1.0,608,54,66,60.8,5.902918298980975,60.8,0.0021366119384765,10,0.9291626427982728,36.0
20.0,6,64.0,484.8962415750471,0.0,0.0,1.0,0.0,0.0,0.0,0.0,0,0,0,10,0,0.020622968673706,0.0,1.0,0.0,0.0,0.0,0.0,0.0,1.0,0.0,0.0,0.0,0.0,0.0,1.0,1.0,644,64,66,64.4,0.8432740427115678,64.4,0.0022562980651855,10,0.0,0.64
20.0,6,64.0,370.3710506331349,0.0,0.0,1.0,0.0,0.0,0.0,0.0,0,0,0,10,0,0.0269999504089355,0.0,1.0,0.0,0.0,0.0,0.0,0.0,1.0,0.0,0.0,0.0,0.0,0.0,1.0,1.0,694,66,83,69.4,7.167829363048326,69.4,0.00293869972229,10,0.9092283569693314,46.24
20.0,6,64.0,483.58244748310926,0.0,0.0,1.0,0.0,0.0,0.0,0.0,0,0,0,10,0,0.0206789970397949,0.0,1.0,0.0,0.0,0.0,0.0,0.0,1.0,0.0,0.0,0.0,0.0,0.0,1.0,1.0,834,83,85,83.4,0.8432740427115678,83.4,0.0023124933242797,10,0.0,0.64
20.0,6,64.0,668.3191255437467,0.0,0.0,0.8,0.2,0.2,0.0,0.0,2,0,0,8,0,0.0149629116058349,0.0,1.0,0.0,0.0,0.0,0.0,0.0,1.0,0.0,0.0,0.0,0.0,0.0,1.0,1.0,788,54,85,78.8,13.0707476620293,78.8,0.0018162012100219,10,0.9320825297676044,180.1875
20.0,6,64.0,2311.675485008818,0.0,0.0,1.0,0.0,0.0,0.0,0.0,0,0,0,10,0,0.0043258666992187,0.0,1.0,0.0,0.0,0.0,0.0,0.0,1.0,0.0,0.0,0.0,0.0,0.0,1.0,1.0,660,66,66,66.0,0.0,66.0,0.0026449918746948,10,0.0,0.0
20.0,6,64.0,506.61352079332295,0.0,0.0,1.0,0.0,0.0,0.0,0.0,0,0,0,10,0,0.0197389125823974,0.0,1.0,0.0,0.0,0.0,0.0,0.0,1.0,0.0,0.0,0.0,0.0,0.0,1.0,1.0,680,68,68,68.0,0.0,68.0,0.0021574020385742,10,0.0,0.0
20.0,6,64.0,559.2479899731997,0.0,0.0,1.0,0.0,0.0,0.0,0.0,0,0,0,10,0,0.017881155014038,0.0,1.0,0.0,0.0,0.0,0.0,0.0,1.0,0.0,0.0,0.0,0.0,0.0,1.0,1.0,12240,1224,1224,1224.0,0.0,1224.0,0.0032935142517089,10,0.0,0.0
20.0,6,64.0,517.4128764047716,0.0,0.0,1.0,0.0,0.0,0.0,0.0,0,0,0,10,0,0.0193269252777099,0.0,1.0,0.0,0.0,0.0,0.0,0.0,1.0,0.0,0.0,0.0,0.0,0.0,1.0,1.0,12250,1225,1225,1225.0,0.0,1225.0,0.0021924972534179,10,0.0,0.0
20.0,6,64.0,521.0250804337834,0.0,0.0,1.0,0.0,0.0,0.0,0.0,0,0,0,10,0,0.0191929340362548,0.0,1.0,0.0,0.0,0.0,0.0,0.0,1.0,0.0,0.0,0.0,0.0,0.0,1.0,1.0,660,66,66,66.0,0.0,66.0,0.0029023885726928,10,0.0,0.0
20.0,6,64.0,519.5342615072091,0.0,0.0,1.0,0.0,0.0,0.0,0.0,0,0,0,10,0,0.0192480087280273,0.0,1.0,0.0,0.0,0.0,0.0,0.0,1.0,0.0,0.0,0.0,0.0,0.0,1.0,1.0,680,68,68,68.0,0.0,68.0,0.0021327018737792,10,0.0,0.0
20.0,6,64.0,741.8951092243743,0.0,0.0,0.7,0.3,0.3,0.0,0.0,3,0,0,7,0,0.0134789943695068,0.0,1.0,0.0,0.0,0.0,0.0,0.0,1.0,0.0,0.0,0.0,0.0,0.0,1.0,1.0,624,54,66,62.4,5.796550698475776,62.4,0.0024994134902954,10,0.9291193128925312,35.26530612244898
20.0,6,64.0,661.979797979798,0.0,0.0,0.8,0.2,0.2,0.0,0.0,2,0,0,8,0,0.015106201171875,0.0,1.0,0.0,0.0,0.0,0.0,0.0,1.0,0.0,0.0,0.0,0.0,0.0,1.0,1.0,646,54,68,64.6,5.660781257427675,64.6,0.0017740011215209,10,0.9290640058530256,36.0
20.0,6,64.0,392.0459877552928,0.0,0.0,0.9,0.1,0.1,0.0,0.0,1,0,0,9,0,0.0255072116851806,0.0,1.0,0.0,0.0,0.0,0.0,0.0,1.0,0.0,0.0,0.0,0.0,0.0,1.0,1.0,650,54,68,65.0,4.346134936801766,65.0,0.0027848005294799,10,0.9285284715278556,49.0
20.0,6,64.0,472.7734256117768,0.0,0.0,1.0,0.0,0.0,0.0,0.0,0,0,0,10,0,0.0211517810821533,0.0,1.0,0.0,0.0,0.0,0.0,0.0,1.0,0.0,0.0,0.0,0.0,0.0,1.0,1.0,648,64,66,64.8,1.0327955589886444,64.8,0.0023374795913696,10,0.9101374495989096,0.96
20.0,6,64.0,373.0226518796524,0.0,0.0,1.0,0.0,0.0,0.0,0.0,0,0,0,10,0,0.0268080234527587,0.0,1.0,0.0,0.0,0.0,0.0,0.0,1.0,0.0,0.0,0.0,0.0,0.0,1.0,1.0,660,66,66,66.0,0.0,66.0,0.0028019189834594,10,0.0,0.0
20.0,6,64.0,517.8344876970752,0.0,0.0,1.0,0.0,0.0,0.0,0.0,0,0,0,10,0,0.0193111896514892,0.0,1.0,0.0,0.0,0.0,0.0,0.0,1.0,0.0,0.0,0.0,0.0,0.0,1.0,1.0,668,66,68,66.8,1.0327955589886444,66.8,0.0021836996078491,10,0.9067291895989096,0.96
20.0,6,64.0,382.89459750597945,0.0,0.0,0.8,0.2,0.2,0.0,0.0,2,0,0,8,0,0.0261168479919433,0.0,1.0,0.0,0.0,0.0,0.0,0.0,1.0,0.0,0.0,0.0,0.0,0.0,1.0,1.0,660,54,68,66.0,4.320493798938574,66.0,0.0028144836425781,10,0.9285180263539357,21.0
20.0,6,64.0,929.1150344460935,0.0,0.0,0.5,0.5,0.5,0.0,0.0,5,0,0,5,0,0.0107629299163818,0.0,1.0,0.0,0.0,0.0,0.0,0.0,1.0,0.0,0.0,0.0,0.0,0.0,1.0,1.0,600,54,66,60.0,6.324555320336759,60.0,0.0010776996612548,10,0.9293344008552924,36.0
20.0,6,64.0,912.2415068076036,0.0,0.0,0.5,0.5,0.5,0.0,0.0,5,0,0,5,0,0.0109620094299316,0.0,1.0,0.0,0.0,0.0,0.0,0.0,1.0,0.0,0.0,0.0,0.0,0.0,1.0,1.0,606,54,68,60.6,6.995236474439826,60.6,0.0010980129241943,10,0.9296076095302278,44.04
20.0,6,64.0,910.5779167209412,0.0,0.0,0.5,0.5,0.5,0.0,0.0,5,0,0,5,0,0.0109820365905761,0.0,1.0,0.0,0.0,0.0,0.0,0.0,1.0,0.0,0.0,0.0,0.0,0.0,1.0,1.0,610,54,68,61.0,7.378647873726218,61.0,0.0011003017425537,10,0.9297637959978412,49.0
20.0,6,64.0,421.7966793712728,0.0,0.0,0.8,0.2,0.2,0.0,0.0,2,0,0,8,0,0.0237081050872802,0.0,1.0,0.0,0.0,0.0,0.0,0.0,1.0,0.0,0.0,0.0,0.0,0.0,1.0,1.0,7328,54,1406,732.8,709.6335204408916,732.8,0.0023735046386718,10,1.0,453221.76
20.0,6,64.0,453.3108531655967,0.0,0.0,1.0,0.0,0.0,0.0,0.0,0,0,0,10,0,0.0220599174499511,0.0,1.0,0.0,0.0,0.0,0.0,0.0,1.0,0.0,0.0,0.0,0.0,0.0,1.0,1.0,14060,1406,1406,1406.0,0.0,1406.0,0.0024062871932983,10,0.0,0.0
20.0,6,64.0,323.1234544123878,0.0,0.0,0.8,0.2,0.2,0.0,0.0,2,0,0,8,0,0.0309479236602783,0.0,1.0,0.0,0.0,0.0,0.0,0.0,1.0,0.0,0.0,0.0,0.0,0.0,1.0,1.0,7348,54,1406,734.8,707.5159676250737,734.8,0.0030962944030761,10,1.0,450520.96
20.0,6,64.0,2005.5965189116816,0.0,0.0,0.6,0.4,0.4,0.0,0.0,4,0,0,6,0,0.0049860477447509,0.0,1.0,0.0,0.0,0.0,0.0,0.0,1.0,0.0,0.0,0.0,0.0,0.0,1.0,1.0,600,54,66,60.0,6.324555320336759,60.0,0.0004999160766601,10,0.9293344008552924,36.0
20.0,6,64.0,629.1330173396532,0.0,0.0,0.7,0.3,0.3,0.0,0.0,3,0,0,7,0,0.0158948898315429,0.0,1.0,0.0,0.0,0.0,0.0,0.0,1.0,0.0,0.0,0.0,0.0,0.0,1.0,1.0,630,54,67,63.0,6.2182527020592095,63.0,0.0017491817474365,10,0.9292910974207108,40.22222222222222
20.0,6,64.0,516.6926185079334,0.0,0.0,0.6,0.4,0.4,0.0,0.0,4,0,0,6,0,0.0193538665771484,0.0,1.0,0.0,0.0,0.0,0.0,0.0,1.0,0.0,0.0,0.0,0.0,0.0,1.0,1.0,612,54,67,61.2,6.303438215238833,61.2,0.0019978046417236,10,0.9293257985913596,42.25
20.0,6,64.0,520.2624691449906,0.0,0.0,1.0,0.0,0.0,0.0,0.0,0,0,0,10,0,0.0192210674285888,0.0,1.0,0.0,0.0,0.0,0.0,0.0,1.0,0.0,0.0,0.0,0.0,0.0,1.0,1.0,644,64,66,64.4,0.8432740427115678,64.4,0.0022024154663085,10,0.0,0.64
20.0,6,64.0,419.65701478798553,0.0,0.0,0.9,0.1,0.1,0.0,0.0,1,0,0,9,0,0.0238289833068847,0.0,1.0,0.0,0.0,0.0,0.0,0.0,1.0,0.0,0.0,0.0,0.0,0.0,1.0,1.0,648,54,66,64.8,3.794733192202055,64.8,0.0027837991714477,10,0.9283038525131756,12.96
20.0,6,64.0,1210.0931883096275,0.0,0.0,0.5,0.5,0.5,0.0,0.0,5,0,0,5,0,0.0082638263702392,0.0,1.0,0.0,0.0,0.0,0.0,0.0,1.0,0.0,0.0,0.0,0.0,0.0,1.0,1.0,600,54,66,60.0,6.324555320336759,60.0,0.0010296821594238,10,0.9293344008552924,36.0
20.0,6,64.0,998.1209842463472,0.0,0.0,0.5,0.5,0.5,0.0,0.0,5,0,0,5,0,0.0100188255310058,0.0,1.0,0.0,0.0,0.0,0.0,0.0,1.0,0.0,0.0,0.0,0.0,0.0,1.0,1.0,602,54,68,60.2,6.562519841239848,60.2,0.0012346029281616,10,0.9294313380825274,38.76
20.0,6,64.0,632.8350282144905,0.0,0.0,0.5,0.5,0.5,0.0,0.0,5,0,0,5,0,0.0158019065856933,0.0,1.0,0.0,0.0,0.0,0.0,0.0,1.0,0.0,0.0,0.0,0.0,0.0,1.0,1.0,624,54,68,62.4,7.229568912920511,62.4,0.0017982006072998,10,0.9297030671923672,49.0
20.0,6,64.0,689.1725271114033,0.0,0.0,0.7,0.3,0.3,0.0,0.0,3,0,0,7,0,0.014510154724121,0.0,1.0,0.0,0.0,0.0,0.0,0.0,1.0,0.0,0.0,0.0,0.0,0.0,1.0,1.0,1470,54,350,147.0,140.21649926690748,147.0,0.0014531135559082,10,0.9838766231413676,17694.6
20.0,6,64.0,527.8709238959437,0.0,0.0,1.0,0.0,0.0,0.0,0.0,0,0,0,10,0,0.0189440250396728,0.0,1.0,0.0,0.0,0.0,0.0,0.0,1.0,0.0,0.0,0.0,0.0,0.0,1.0,1.0,3506,350,352,350.6,0.966091783079296,350.6,0.0021438837051391,10,0.0,0.8400000000000001
20.0,6,64.0,293.44340744679363,0.0,0.0,0.8,0.2,0.2,0.0,0.0,2,0,0,8,0,0.0340781211853027,0.0,1.0,0.0,0.0,0.0,0.0,0.0,1.0,0.0,0.0,0.0,0.0,0.0,1.0,1.0,2650,54,352,265.0,140.12137595670404,265.0,0.0035219192504882,10,0.983837873709723,17670.6
20.0,6,64.0,1992.8274813512612,0.0,0.0,0.5,0.5,0.5,0.0,0.0,5,0,0,5,0,0.0050179958343505,0.0,1.0,0.0,0.0,0.0,0.0,0.0,1.0,0.0,0.0,0.0,0.0,0.0,1.0,1.0,600,54,66,60.0,6.324555320336759,60.0,0.000504994392395,10,0.9293344008552924,36.0
20.0,6,64.0,1020.7106006035236,0.0,0.0,0.5,0.5,0.5,0.0,0.0,5,0,0,5,0,0.0097970962524414,0.0,1.0,0.0,0.0,0.0,0.0,0.0,1.0,0.0,0.0,0.0,0.0,0.0,1.0,1.0,604,54,68,60.4,6.785605679999719,60.4,0.0009835958480834,10,0.9295222143298046,41.44
20.0,6,64.0,947.1589549036876,0.0,0.0,0.5,0.5,0.5,0.0,0.0,5,0,0,5,0,0.0105578899383544,0.0,1.0,0.0,0.0,0.0,0.0,0.0,1.0,0.0,0.0,0.0,0.0,0.0,1.0,1.0,610,54,68,61.0,7.378647873726218,61.0,0.0010578870773315,10,0.9297637959978412,49.0
20.0,6,64.0,438.5007997825428,0.0,0.0,0.7,0.3,0.3,0.0,0.0,3,0,0,7,0,0.0228049755096435,0.0,1.0,0.0,0.0,0.0,0.0,0.0,1.0,0.0,0.0,0.0,0.0,0.0,1.0,1.0,618,54,68,61.8,6.762642481555072,61.8,0.00228271484375,10,0.9295128600412864,49.0
20.0,6,64.0,589.0710935086094,0.0,0.0,1.0,0.0,0.0,0.0,0.0,0,0,0,10,0,0.0169758796691894,0.0,1.0,0.0,0.0,0.0,0.0,0.0,1.0,0.0,0.0,0.0,0.0,0.0,1.0,1.0,666,66,68,66.6,0.966091783079296,66.6,0.0018674850463867,10,0.0,0.8400000000000001
20.0,6,64.0,354.6830155173143,0.0,0.0,0.8,0.2,0.2,0.0,0.0,2,0,0,8,0,0.0281941890716552,0.0,1.0,0.0,0.0,0.0,0.0,0.0,1.0,0.0,0.0,0.0,0.0,0.0,1.0,1.0,658,54,68,65.8,4.467164151400255,65.8,0.0030252218246459,10,0.9285777739887144,19.55555555555556
20.0,6,64.0,881.5266918873476,0.0,0.0,0.5,0.5,0.5,0.0,0.0,5,0,0,5,0,0.0113439559936523,0.0,1.0,0.0,0.0,0.0,0.0,0.0,1.0,0.0,0.0,0.0,0.0,0.0,1.0,1.0,590,54,64,59.0,5.270462766947299,59.0,0.0011353969573974,10,0.9289050057127436,25.0
20.0,6,64.0,782.0379244122089,0.0,0.0,0.5,0.5,0.5,0.0,0.0,5,0,0,5,0,0.0127871036529541,0.0,1.0,0.0,0.0,0.0,0.0,0.0,1.0,0.0,0.0,0.0,0.0,0.0,1.0,1.0,594,54,66,59.4,5.738757124441959,59.4,0.0012825965881347,10,0.9290957701022128,29.64
20.0,6,64.0,946.6031731702363,0.0,0.0,0.5,0.5,0.5,0.0,0.0,5,0,0,5,0,0.0105640888214111,0.0,1.0,0.0,0.0,0.0,0.0,0.0,1.0,0.0,0.0,0.0,0.0,0.0,1.0,1.0,600,54,66,60.0,6.324555320336759,60.0,0.0010591983795166,10,0.9293344008552924,36.0
20.0,6,64.0,426.65798628771387,0.0,0.0,0.5,0.5,0.5,0.0,0.0,5,0,0,5,0,0.0234379768371582,0.0,1.0,0.0,0.0,0.0,0.0,0.0,1.0,0.0,0.0,0.0,0.0,0.0,1.0,1.0,596,54,66,59.6,5.94792213951879,59.6,0.0023462057113647,10,0.9291809755627544,36.0
20.0,6,64.0,2124.558808631344,0.0,0.0,0.5,0.5,0.5,0.0,0.0,5,0,0,5,0,0.004706859588623,0.0,1.0,0.0,0.0,0.0,0.0,0.0,1.0,0.0,0.0,0.0,0.0,0.0,1.0,1.0,590,54,64,59.0,5.270462766947299,59.0,0.0004716873168945,10,0.9289050057127436,25.0
20.0,6,64.0,928.929836995039,0.0,0.0,0.5,0.5,0.5,0.0,0.0,5,0,0,5,0,0.0107650756835937,0.0,1.0,0.0,0.0,0.0,0.0,0.0,1.0,0.0,0.0,0.0,0.0,0.0,1.0,1.0,594,54,66,59.4,5.738757124441959,59.4,0.0010785102844238,10,0.9290957701022128,29.64
20.0,6,64.0,695.0310703100403,0.0,0.0,0.5,0.5,0.5,0.0,0.0,5,0,0,5,0,0.0143878459930419,0.0,1.0,0.0,0.0,0.0,0.0,0.0,1.0,0.0,0.0,0.0,0.0,0.0,1.0,1.0,600,54,66,60.0,6.324555320336759,60.0,0.0014412879943847,10,0.9293344008552924,36.0
20.0,6,64.0,637.6260261477653,0.0,0.0,0.6,0.4,0.4,0.0,0.0,4,0,0,6,0,0.0156831741333007,0.0,1.0,0.0,0.0,0.0,0.0,0.0,1.0,0.0,0.0,0.0,0.0,0.0,1.0,1.0,618,54,75,61.8,8.854377448471462,61.8,0.00156991481781,10,0.9303649491974092,70.56
20.0,6,64.0,747.6610991283267,0.0,0.0,0.6,0.4,0.4,0.0,0.0,4,0,0,6,0,0.0133750438690185,0.0,1.0,0.0,0.0,0.0,0.0,0.0,1.0,0.0,0.0,0.0,0.0,0.0,1.0,1.0,687,54,75,68.7,10.143963722332607,68.7,0.0015342950820922,10,0.9308902750619296,110.25
20.0,6,64.0,884.7062793984264,0.0,0.0,0.5,0.5,0.5,0.0,0.0,5,0,0,5,0,0.0113031864166259,0.0,1.0,0.0,0.0,0.0,0.0,0.0,1.0,0.0,0.0,0.0,0.0,0.0,1.0,1.0,653,54,77,65.3,11.926161718395964,65.3,0.0011321067810058,10,0.9316162712376058,128.01000000000002
20.0,6,64.0,935.3725385250106,0.0,0.0,0.6,0.4,0.4,0.0,0.0,4,0,0,6,0,0.0106909275054931,0.0,1.0,0.0,0.0,0.0,0.0,0.0,1.0,0.0,0.0,0.0,0.0,0.0,1.0,1.0,655,54,77,65.5,12.122064363978788,65.5,0.0010708808898925,10,0.9316960741393104,132.25
20.0,6,64.0,355.47961691668786,0.0,0.0,0.9,0.1,0.1,0.0,0.0,1,0,0,9,0,0.0281310081481933,0.0,1.0,0.0,0.0,0.0,0.0,0.0,1.0,0.0,0.0,0.0,0.0,0.0,1.0,1.0,3379,54,406,337.9,143.6697215452473,337.9,0.0029909133911132,10,0.985283327768672,29051.1875
20.0,6,64.0,505.5083642674637,0.0,0.0,1.0,0.0,0.0,0.0,0.0,0,0,0,10,0,0.0197820663452148,0.0,1.0,0.0,0.0,0.0,0.0,0.0,1.0,0.0,0.0,0.0,0.0,0.0,1.0,1.0,4076,406,408,407.6,0.8432740427115677,407.6,0.0020433902740478,10,0.0,1.0
20.0,6,64.0,497.68074326328656,0.0,0.0,0.6,0.4,0.4,0.0,0.0,4,0,0,6,0,0.0200932025909423,0.0,1.0,0.0,0.0,0.0,0.0,0.0,1.0,0.0,0.0,0.0,0.0,0.0,1.0,1.0,1296,54,408,129.6,146.83868700039503,129.6,0.0021417140960693,10,0.986574237536481,30294.0
20.0,6,64.0,796.4876566654007,0.0,0.0,0.6,0.4,0.4,0.0,0.0,4,0,0,6,0,0.0125551223754882,0.0,1.0,0.0,0.0,0.0,0.0,0.0,1.0,0.0,0.0,0.0,0.0,0.0,1.0,1.0,612,54,66,61.2,6.196773353931867,61.2,0.0014338016510009,10,0.9292823475934576,34.56
20.0,6,64.0,577.2030936063634,0.0,0.0,0.6,0.4,0.4,0.0,0.0,4,0,0,6,0,0.0173249244689941,0.0,1.0,0.0,0.0,0.0,0.0,0.0,1.0,0.0,0.0,0.0,0.0,0.0,1.0,1.0,624,54,68,62.4,7.229568912920511,62.4,0.0020959854125976,10,0.9297030671923672,49.0
20.0,6,64.0,601.5753994435042,0.0,0.0,0.5,0.5,0.5,0.0,0.0,5,0,0,5,0,0.0166230201721191,0.0,1.0,0.0,0.0,0.0,0.0,0.0,1.0,0.0,0.0,0.0,0.0,0.0,1.0,1.0,622,54,80,62.2,9.35473736195256,62.2,0.0016639947891235,10,0.930568775811765,79.20987654320987
20.0,6,64.0,1654.231512522185,0.0,0.0,0.5,0.5,0.5,0.0,0.0,5,0,0,5,0,0.0060451030731201,0.0,1.0,0.0,0.0,0.0,0.0,0.0,1.0,0.0,0.0,0.0,0.0,0.0,1.0,1.0,670,54,80,67.0,13.703203194062976,67.0,0.0006064176559448,10,0.9323401668531336,169.0
20.0,6,64.0,979.1311249620657,0.0,0.0,0.5,0.5,0.5,0.0,0.0,5,0,0,5,0,0.0102131366729736,0.0,1.0,0.0,0.0,0.0,0.0,0.0,1.0,0.0,0.0,0.0,0.0,0.0,1.0,1.0,700,54,82,70.0,13.792107243718132,70.0,0.0012944936752319,10,0.932376382806801,172.44444444444446
20.0,6,64.0,750.4703966791318,0.0,0.0,0.5,0.5,0.5,0.0,0.0,5,0,0,5,0,0.0133249759674072,0.0,1.0,0.0,0.0,0.0,0.0,0.0,1.0,0.0,0.0,0.0,0.0,0.0,1.0,1.0,680,54,82,68.0,14.757295747452437,68.0,0.0013340950012207,10,0.9327695619956824,196.0
20.0,6,64.0,674.1303159857276,0.0,0.0,0.5,0.5,0.5,0.0,0.0,5,0,0,5,0,0.014833927154541,0.0,1.0,0.0,0.0,0.0,0.0,0.0,1.0,0.0,0.0,0.0,0.0,0.0,1.0,1.0,644,54,82,64.4,12.78193169195399,64.4,0.0014878988265991,10,0.9319648776940344,196.0
20.0,6,64.0,408.2643694943301,0.0,0.0,0.5,0.5,0.5,0.0,0.0,5,0,0,5,0,0.024493932723999,0.0,1.0,0.0,0.0,0.0,0.0,0.0,1.0,0.0,0.0,0.0,0.0,0.0,1.0,1.0,590,54,64,59.0,5.270462766947299,59.0,0.0024507999420166,10,0.9289050057127436,25.0
20.0,6,64.0,2003.201833986054,0.0,0.0,0.5,0.5,0.5,0.0,0.0,5,0,0,5,0,0.0049920082092285,0.0,1.0,0.0,0.0,0.0,0.0,0.0,1.0,0.0,0.0,0.0,0.0,0.0,1.0,1.0,594,54,66,59.4,5.738757124441959,59.4,0.0005030155181884,10,0.9290957701022128,29.64
20.0,6,64.0,1189.0638997561944,0.0,0.0,0.6,0.4,0.4,0.0,0.0,4,0,0,6,0,0.0084099769592285,0.0,1.0,0.0,0.0,0.0,0.0,0.0,1.0,0.0,0.0,0.0,0.0,0.0,1.0,1.0,600,54,66,60.0,6.324555320336759,60.0,0.0008452892303466,10,0.9293344008552924,36.0
20.0,6,64.0,547.4091959123477,0.0,0.0,0.8,0.2,0.2,0.0,0.0,2,0,0,8,0,0.0182678699493408,0.0,1.0,0.0,0.0,0.0,0.0,0.0,1.0,0.0,0.0,0.0,0.0,0.0,1.0,1.0,636,54,66,63.6,5.059644256269407,63.6,0.0020782947540283,10,0.928819126684234,34.56
20.0,6,64.0,491.6198602841202,0.0,0.0,1.0,0.0,0.0,0.0,0.0,0,0,0,10,0,0.0203409194946289,0.0,1.0,0.0,0.0,0.0,0.0,0.0,1.0,0.0,0.0,0.0,0.0,0.0,1.0,1.0,670,66,68,67.0,1.0540925533894598,67.0,0.0021070003509521,10,0.9067378651425488,1.0
20.0,6,64.0,352.1754536218377,0.0,0.0,1.0,0.0,0.0,0.0,0.0,0,0,0,10,0,0.0283949375152587,0.0,1.0,0.0,0.0,0.0,0.0,0.0,1.0,0.0,0.0,0.0,0.0,0.0,1.0,1.0,660,64,68,66.0,2.10818510677892,66.0,0.0031022071838378,10,0.9105755202850976,4.0
20.0,6,64.0,543.1769794607475,0.0,0.0,1.0,0.0,0.0,0.0,0.0,0,0,0,10,0,0.0184102058410644,0.0,1.0,0.0,0.0,0.0,0.0,0.0,1.0,0.0,0.0,0.0,0.0,0.0,1.0,1.0,650,64,66,65.0,1.0540925533894598,65.0,0.0020991086959838,10,0.9101461251425488,1.0
20.0,6,64.0,370.521554770318,0.0,0.0,1.0,0.0,0.0,0.0,0.0,0,0,0,10,0,0.0269889831542968,0.0,1.0,0.0,0.0,0.0,0.0,0.0,1.0,0.0,0.0,0.0,0.0,0.0,1.0,1.0,660,66,66,66.0,0.0,66.0,0.0029960870742797,10,0.0,0.0
20.0,6,64.0,391.31445631384986,0.0,0.0,1.0,0.0,0.0,0.0,0.0,0,0,0,10,0,0.0255548954010009,0.0,1.0,0.0,0.0,0.0,0.0,0.0,1.0,0.0,0.0,0.0,0.0,0.0,1.0,1.0,660,66,66,66.0,0.0,66.0,0.0027545928955078,10,0.0,0.0
20.0,6,64.0,588.542081778127,0.0,0.0,0.7,0.3,0.3,0.0,0.0,3,0,0,7,0,0.0169911384582519,0.0,1.0,0.0,0.0,0.0,0.0,0.0,1.0,0.0,0.0,0.0,0.0,0.0,1.0,1.0,636,54,66,63.6,5.059644256269407,63.6,0.0020500183105468,10,0.928819126684234,24.88888888888889
20.0,6,64.0,730.6640652219357,0.0,0.0,0.6,0.4,0.4,0.0,0.0,4,0,0,6,0,0.013686180114746,0.0,1.0,0.0,0.0,0.0,0.0,0.0,1.0,0.0,0.0,0.0,0.0,0.0,1.0,1.0,612,54,66,61.2,6.196773353931867,61.2,0.0013705015182495,10,0.9292823475934576,36.0
20.0,6,64.0,772.8586696148885,0.0,0.0,0.7,0.3,0.3,0.0,0.0,3,0,0,7,0,0.0129389762878417,0.0,1.0,0.0,0.0,0.0,0.0,0.0,1.0,0.0,0.0,0.0,0.0,0.0,1.0,1.0,622,54,68,62.2,7.083627444874398,62.2,0.001296591758728,10,0.929643616475944,45.16
20.0,6,64.0,413.9251949077273,0.0,0.0,0.8,0.2,0.2,0.0,0.0,2,0,0,8,0,0.0241589546203613,0.0,1.0,0.0,0.0,0.0,0.0,0.0,1.0,0.0,0.0,0.0,0.0,0.0,1.0,1.0,646,54,68,64.6,5.660781257427675,64.6,0.0026151895523071,10,0.9290640058530256,40.0
20.0,6,64.0,373.9138651903756,0.0,0.0,1.0,0.0,0.0,0.0,0.0,0,0,0,10,0,0.0267441272735595,0.0,1.0,0.0,0.0,0.0,0.0,0.0,1.0,0.0,0.0,0.0,0.0,0.0,1.0,1.0,666,66,68,66.6,0.966091783079296,66.6,0.0030063152313232,10,0.0,0.8400000000000001
20.0,6,64.0,474.0880062393327,0.0,0.0,1.0,0.0,0.0,0.0,0.0,0,0,0,10,0,0.0210931301116943,0.0,1.0,0.0,0.0,0.0,0.0,0.0,1.0,0.0,0.0,0.0,0.0,0.0,1.0,1.0,668,64,68,66.8,1.9321835661585915,66.8,0.0021136999130249,10,0.9105038242975104,3.3600000000000003
20.0,6,64.0,482.2092181051034,0.0,0.0,1.0,0.0,0.0,0.0,0.0,0,0,0,10,0,0.020737886428833,0.0,1.0,0.0,0.0,0.0,0.0,0.0,1.0,0.0,0.0,0.0,0.0,0.0,1.0,1.0,646,64,66,64.6,0.966091783079296,64.6,0.0022895812988281,10,0.0,0.8400000000000001
20.0,6,64.0,373.3879338739974,0.0,0.0,1.0,0.0,0.0,0.0,0.0,0,0,0,10,0,0.0267817974090576,0.0,1.0,0.0,0.0,0.0,0.0,0.0,1.0,0.0,0.0,0.0,0.0,0.0,1.0,1.0,660,66,66,66.0,0.0,66.0,0.0028975009918212,10,0.0,0.0
20.0,6,64.0,521.9782462602982,0.0,0.0,1.0,0.0,0.0,0.0,0.0,0,0,0,10,0,0.0191578865051269,0.0,1.0,0.0,0.0,0.0,0.0,0.0,1.0,0.0,0.0,0.0,0.0,0.0,1.0,1.0,666,66,68,66.6,0.966091783079296,66.6,0.002120304107666,10,0.0,0.8400000000000001
20.0,6,64.0,349.14999708646536,0.0,0.0,1.0,0.0,0.0,0.0,0.0,0,0,0,10,0,0.0286409854888916,0.0,1.0,0.0,0.0,0.0,0.0,0.0,1.0,0.0,0.0,0.0,0.0,0.0,1.0,1.0,668,64,68,66.8,1.9321835661585915,66.8,0.0030714988708496,10,0.9105038242975104,3.3600000000000003
20.0,6,64.0,478.49047993885256,0.0,0.0,1.0,0.0,0.0,0.0,0.0,0,0,0,10,0,0.0208990573883056,0.0,1.0,0.0,0.0,0.0,0.0,0.0,1.0,0.0,0.0,0.0,0.0,0.0,1.0,1.0,646,64,66,64.6,0.966091783079296,64.6,0.0023717164993286,10,0.0,0.8400000000000001
20.0,6,64.0,382.7443536980426,0.0,0.0,1.0,0.0,0.0,0.0,0.0,0,0,0,10,0,0.0261270999908447,0.0,1.0,0.0,0.0,0.0,0.0,0.0,1.0,0.0,0.0,0.0,0.0,0.0,1.0,1.0,660,66,66,66.0,0.0,66.0,0.0028506994247436,10,0.0,0.0
20.0,6,64.0,662.2097319144905,0.0,0.0,0.8,0.2,0.2,0.0,0.0,2,0,0,8,0,0.0151009559631347,0.0,1.0,0.0,0.0,0.0,0.0,0.0,1.0,0.0,0.0,0.0,0.0,0.0,1.0,1.0,637,54,67,63.7,5.121848624601603,63.7,0.0017006874084472,10,0.9288444662557176,34.56
20.0,6,64.0,562.4653345849538,0.0,0.0,0.9,0.1,0.1,0.0,0.0,1,0,0,9,0,0.0177788734436035,0.0,1.0,0.0,0.0,0.0,0.0,0.0,1.0,0.0,0.0,0.0,0.0,0.0,1.0,1.0,657,54,67,65.7,4.110960958218893,65.7,0.0019897937774658,10,0.92843267105594,16.691358024691354
20.0,6,64.0,918.9571009158232,0.0,0.0,0.5,0.5,0.5,0.0,0.0,5,0,0,5,0,0.0108819007873535,0.0,1.0,0.0,0.0,0.0,0.0,0.0,1.0,0.0,0.0,0.0,0.0,0.0,1.0,1.0,612,54,66,61.2,6.196773353931867,61.2,0.0021234989166259,10,0.9292823475934576,36.0
20.0,6,64.0,863.8609354725763,0.0,0.0,0.5,0.5,0.5,0.0,0.0,5,0,0,5,0,0.0115759372711181,0.0,1.0,0.0,0.0,0.0,0.0,0.0,1.0,0.0,0.0,0.0,0.0,0.0,1.0,1.0,602,54,68,60.2,6.562519841239848,60.2,0.0011609077453613,10,0.9294313380825274,38.76
20.0,6,64.0,890.3969770305268,0.0,0.0,0.5,0.5,0.5,0.0,0.0,5,0,0,5,0,0.0112309455871582,0.0,1.0,0.0,0.0,0.0,0.0,0.0,1.0,0.0,0.0,0.0,0.0,0.0,1.0,1.0,610,54,68,61.0,7.378647873726218,61.0,0.0011250019073486,10,0.9297637959978412,49.0
20.0,6,64.0,534.4968906106636,0.0,0.0,0.6,0.4,0.4,0.0,0.0,4,0,0,6,0,0.0187091827392578,0.0,1.0,0.0,0.0,0.0,0.0,0.0,1.0,0.0,0.0,0.0,0.0,0.0,1.0,1.0,608,54,68,60.8,7.192588778272627,60.8,0.0018731117248535,10,0.9296880029647172,49.0
20.0,6,64.0,509.6793165882882,0.0,0.0,1.0,0.0,0.0,0.0,0.0,0,0,0,10,0,0.0196201801300048,0.0,1.0,0.0,0.0,0.0,0.0,0.0,1.0,0.0,0.0,0.0,0.0,0.0,1.0,1.0,662,66,68,66.2,0.6324555320336759,66.2,0.0021713972091674,10,0.0,0.36
20.0,6,64.0,371.91129396951504,0.0,0.0,0.9,0.1,0.1,0.0,0.0,1,0,0,9,0,0.0268881320953369,0.0,1.0,0.0,0.0,0.0,0.0,0.0,1.0,0.0,0.0,0.0,0.0,0.0,1.0,1.0,676,64,68,67.6,1.2649110640673518,67.6,0.00293710231781,10,0.9102320041710584,1.44
20.0,6,64.0,916.3270923907108,0.0,0.0,0.5,0.5,0.5,0.0,0.0,5,0,0,5,0,0.0109131336212158,0.0,1.0,0.0,0.0,0.0,0.0,0.0,1.0,0.0,0.0,0.0,0.0,0.0,1.0,1.0,590,54,64,59.0,5.270462766947299,59.0,0.0010951995849609,10,0.9289050057127436,25.0
20.0,6,64.0,925.9153623700304,0.0,0.0,0.5,0.5,0.5,0.0,0.0,5,0,0,5,0,0.0108001232147216,0.0,1.0,0.0,0.0,0.0,0.0,0.0,1.0,0.0,0.0,0.0,0.0,0.0,1.0,1.0,592,54,66,59.2,5.513619500836088,59.2,0.0010823011398315,10,0.9290040580398606,27.360000000000003
20.0,6,64.0,882.2312902275883,0.0,0.0,0.5,0.5,0.5,0.0,0.0,5,0,0,5,0,0.0113348960876464,0.0,1.0,0.0,0.0,0.0,0.0,0.0,1.0,0.0,0.0,0.0,0.0,0.0,1.0,1.0,600,54,66,60.0,6.324555320336759,60.0,0.0011346817016601,10,0.9293344008552924,36.0
20.0,6,64.0,463.56145004420864,0.0,0.0,0.5,0.5,0.5,0.0,0.0,5,0,0,5,0,0.0215721130371093,0.0,1.0,0.0,0.0,0.0,0.0,0.0,1.0,0.0,0.0,0.0,0.0,0.0,1.0,1.0,598,54,66,59.8,6.142746399887703,59.8,0.0021592140197753,10,0.9292603391734584,36.0
20.0,6,64.0,467.7279925061891,0.0,0.0,0.6,0.4,0.4,0.0,0.0,4,0,0,6,0,0.0213799476623535,0.0,1.0,0.0,0.0,0.0,0.0,0.0,1.0,0.0,0.0,0.0,0.0,0.0,1.0,1.0,600,54,64,60.0,5.163977794943222,60.0,0.0021412849426269,10,0.928861627994548,25.0
20.0,6,64.0,2062.2991444586487,0.0,0.0,0.6,0.4,0.4,0.0,0.0,4,0,0,6,0,0.0048489570617675,0.0,1.0,0.0,0.0,0.0,0.0,0.0,1.0,0.0,0.0,0.0,0.0,0.0,1.0,1.0,606,54,66,60.6,5.738757124441958,60.6,0.0004882097244262,10,0.9290957701022128,29.64
20.0,6,64.0,905.3887665673705,0.0,0.0,0.6,0.4,0.4,0.0,0.0,4,0,0,6,0,0.0110449790954589,0.0,1.0,0.0,0.0,0.0,0.0,0.0,1.0,0.0,0.0,0.0,0.0,0.0,1.0,1.0,600,54,66,60.0,6.324555320336759,60.0,0.0011064052581787,10,0.9293344008552924,36.0
20.0,6,64.0,617.1724543849323,0.0,0.0,0.6,0.4,0.4,0.0,0.0,4,0,0,6,0,0.0162029266357421,0.0,1.0,0.0,0.0,0.0,0.0,0.0,1.0,0.0,0.0,0.0,0.0,0.0,1.0,1.0,612,54,66,61.2,6.196773353931867,61.2,0.0018045902252197,10,0.9292823475934576,36.0
20.0,6,64.0,657.3835086124477,0.0,0.0,0.6,0.4,0.4,0.0,0.0,4,0,0,6,0,0.0152118206024169,0.0,1.0,0.0,0.0,0.0,0.0,0.0,1.0,0.0,0.0,0.0,0.0,0.0,1.0,1.0,612,54,66,61.2,6.196773353931867,61.2,0.0018075942993164,10,0.9292823475934576,36.0
20.0,6,64.0,1608.4921000153397,0.0,0.0,0.5,0.5,0.5,0.0,0.0,5,0,0,5,0,0.0062170028686523,0.0,1.0,0.0,0.0,0.0,0.0,0.0,1.0,0.0,0.0,0.0,0.0,0.0,1.0,1.0,610,54,68,61.0,7.378647873726218,61.0,0.0006244182586669,10,0.9297637959978412,49.0
20.0,6,64.0,1097.4682086974724,0.0,0.0,0.5,0.5,0.5,0.0,0.0,5,0,0,5,0,0.0091118812561035,0.0,1.0,0.0,0.0,0.0,0.0,0.0,1.0,0.0,0.0,0.0,0.0,0.0,1.0,1.0,610,54,68,61.0,7.378647873726218,61.0,0.0010923862457275,10,0.9297637959978412,49.0
20.0,6,64.0,490.676649508657,0.0,0.0,1.0,0.0,0.0,0.0,0.0,0,0,0,10,0,0.0203800201416015,0.0,1.0,0.0,0.0,0.0,0.0,0.0,1.0,0.0,0.0,0.0,0.0,0.0,1.0,1.0,660,66,66,66.0,0.0,66.0,0.0030817031860351,10,0.0,0.0
20.0,6,64.0,460.0429956565612,0.0,0.0,1.0,0.0,0.0,0.0,0.0,0,0,0,10,0,0.0217370986938476,0.0,1.0,0.0,0.0,0.0,0.0,0.0,1.0,0.0,0.0,0.0,0.0,0.0,1.0,1.0,680,68,68,68.0,0.0,68.0,0.0024640083312988,10,0.0,0.0
20.0,6,64.0,1105.1019655372293,0.0,0.0,0.5,0.5,0.5,0.0,0.0,5,0,0,5,0,0.0090489387512207,0.0,1.0,0.0,0.0,0.0,0.0,0.0,1.0,0.0,0.0,0.0,0.0,0.0,1.0,1.0,590,54,64,59.0,5.270462766947299,59.0,0.0016249895095825,10,0.9289050057127436,25.0
20.0,6,64.0,1445.9128516271371,0.0,0.0,0.5,0.5,0.5,0.0,0.0,5,0,0,5,0,0.0069160461425781,0.0,1.0,0.0,0.0,0.0,0.0,0.0,1.0,0.0,0.0,0.0,0.0,0.0,1.0,1.0,590,54,64,59.0,5.270462766947299,59.0,0.0010759115219116,10,0.9289050057127436,25.0
20.0,6,64.0,921.5617515874584,0.0,0.0,0.5,0.5,0.5,0.0,0.0,5,0,0,5,0,0.0108511447906494,0.0,1.0,0.0,0.0,0.0,0.0,0.0,1.0,0.0,0.0,0.0,0.0,0.0,1.0,1.0,612,54,66,61.2,6.196773353931867,61.2,0.0013072967529296,10,0.9292823475934576,35.55555555555556
20.0,6,64.0,519.4763503052972,0.0,0.0,0.6,0.4,0.4,0.0,0.0,4,0,0,6,0,0.0192501544952392,0.0,1.0,0.0,0.0,0.0,0.0,0.0,1.0,0.0,0.0,0.0,0.0,0.0,1.0,1.0,1940,54,1406,194.0,425.8951357630968,194.0,0.0019268989562988,10,1.0,178966.91358024688
20.0,6,64.0,902.6802969977402,0.0,0.0,0.5,0.5,0.5,0.0,0.0,5,0,0,5,0,0.0110781192779541,0.0,1.0,0.0,0.0,0.0,0.0,0.0,1.0,0.0,0.0,0.0,0.0,0.0,1.0,1.0,8652,54,1406,865.2,698.1697978763237,865.2,0.0013015031814575,10,1.0,456976.0
20.0,6,64.0,711.791738791026,0.0,0.0,0.6,0.4,0.4,0.0,0.0,4,0,0,6,0,0.0140490531921386,0.0,1.0,0.0,0.0,0.0,0.0,0.0,1.0,0.0,0.0,0.0,0.0,0.0,1.0,1.0,7300,54,1406,730.0,712.5665660912748,730.0,0.0014057874679565,10,1.0,456976.0
20.0,6,64.0,951.1971878897834,0.0,0.0,0.5,0.5,0.5,0.0,0.0,5,0,0,5,0,0.0105130672454833,0.0,1.0,0.0,0.0,0.0,0.0,0.0,1.0,0.0,0.0,0.0,0.0,0.0,1.0,1.0,8652,54,1406,865.2,698.1697978763236,865.2,0.001052713394165,10,1.0,456976.0
20.0,6,64.0,431.4594905978686,0.0,0.0,0.8,0.2,0.2,0.0,0.0,2,0,0,8,0,0.023177146911621,0.0,1.0,0.0,0.0,0.0,0.0,0.0,1.0,0.0,0.0,0.0,0.0,0.0,1.0,1.0,3304,54,1406,330.4,566.9174347096565,330.4,0.0023200035095214,10,1.0,456976.0
20.0,6,64.0,1638.592022502637,0.0,0.0,1.0,0.0,0.0,0.0,0.0,0,0,0,10,0,0.0061028003692626,0.0,1.0,0.0,0.0,0.0,0.0,0.0,1.0,0.0,0.0,0.0,0.0,0.0,1.0,1.0,670,66,68,67.0,1.0540925533894598,67.0,0.0019319772720336,10,0.9067378651425488,1.0
20.0,6,64.0,215.3929583829752,0.0,0.0,0.7,0.3,0.3,0.0,0.0,3,0,0,7,0,0.046426773071289,0.0,1.0,0.0,0.0,0.0,0.0,0.0,1.0,0.0,0.0,0.0,0.0,0.0,1.0,1.0,769,54,107,76.9,21.506846455127828,76.9,0.0049021005630493,10,0.9355190589719607,416.2900000000001
20.0,6,64.0,4159.777843895666,0.0,0.0,0.5,0.5,0.5,0.0,0.0,5,0,0,5,0,0.002403974533081,0.0,1.0,0.0,0.0,0.0,0.0,0.0,1.0,0.0,0.0,0.0,0.0,0.0,1.0,1.0,805,54,107,80.5,27.933452664820685,80.5,0.0002448081970214,10,0.9381370012775414,702.25
20.0,6,64.0,1184.396690480897,0.0,0.0,0.5,0.5,0.5,0.0,0.0,5,0,0,5,0,0.0084431171417236,0.0,1.0,0.0,0.0,0.0,0.0,0.0,1.0,0.0,0.0,0.0,0.0,0.0,1.0,1.0,811,54,109,81.1,28.575241809028395,81.1,0.0008465051651,10,0.9383984405033258,734.8900000000001
20.0,6,64.0,770.1198979123442,0.0,0.0,0.5,0.5,0.5,0.0,0.0,5,0,0,5,0,0.0129849910736083,0.0,1.0,0.0,0.0,0.0,0.0,0.0,1.0,0.0,0.0,0.0,0.0,0.0,1.0,1.0,815,54,109,81.5,28.987545218210144,81.5,0.0013014078140258,10,0.93856639642009,756.25
20.0,6,64.0,718.4980128820063,0.0,0.0,0.8,0.2,0.2,0.0,0.0,2,0,0,8,0,0.0139179229736328,0.0,1.0,0.0,0.0,0.0,0.0,0.0,1.0,0.0,0.0,0.0,0.0,0.0,1.0,1.0,915,54,109,91.5,25.889723400951542,91.5,0.0013956785202026,10,0.9373044677246116,756.25
20.0,6,64.0,761.4378040810399,0.0,0.0,0.6,0.4,0.4,0.0,0.0,4,0,0,6,0,0.0131330490112304,0.0,1.0,0.0,0.0,0.0,0.0,0.0,1.0,0.0,0.0,0.0,0.0,0.0,1.0,1.0,915,54,109,91.5,25.889723400951542,91.5,0.0015169143676757,10,0.9373044677246116,674.16
20.0,6,64.0,558.8158333000254,0.0,0.0,0.9,0.1,0.1,0.0,0.0,1,0,0,9,0,0.0178949832916259,0.0,1.0,0.0,0.0,0.0,0.0,0.0,1.0,0.0,0.0,0.0,0.0,0.0,1.0,1.0,980,54,109,98.0,23.19003617456812,98.0,0.0017920970916748,10,0.936204723136072,756.25
20.0,6,64.0,10787.818930041152,0.0,0.0,0.6,0.4,0.4,0.0,0.0,4,0,0,6,0,0.0009269714355468,0.0,1.0,0.0,0.0,0.0,0.0,0.0,1.0,0.0,0.0,0.0,0.0,0.0,1.0,1.0,624,54,66,62.4,5.796550698475775,62.4,0.0022979021072387,10,0.9291193128925312,36.0
20.0,6,64.0,665.9105197980504,0.0,0.0,0.9,0.1,0.1,0.0,0.0,1,0,0,9,0,0.015017032623291,0.0,1.0,0.0,0.0,0.0,0.0,0.0,1.0,0.0,0.0,0.0,0.0,0.0,1.0,1.0,646,54,68,64.6,5.660781257427675,64.6,0.0015024900436401,10,0.9290640058530256,36.0
20.0,6,64.0,374.759113652609,0.0,0.0,0.9,0.1,0.1,0.0,0.0,1,0,0,9,0,0.0266838073730468,0.0,1.0,0.0,0.0,0.0,0.0,0.0,1.0,0.0,0.0,0.0,0.0,0.0,1.0,1.0,770,54,94,77.0,15.238839267549949,77.0,0.0029088973999023,10,0.9329657235640292,209.0
20.0,6,64.0,498.92988842100254,0.0,0.0,1.0,0.0,0.0,0.0,0.0,0,0,0,10,0,0.0200428962707519,0.0,1.0,0.0,0.0,0.0,0.0,0.0,1.0,0.0,0.0,0.0,0.0,0.0,1.0,1.0,948,94,96,94.8,1.0327955589886444,94.8,0.0021717071533203,10,0.8590135495989097,0.96
20.0,6,64.0,299.5439320683031,0.0,0.0,1.0,0.0,0.0,0.0,0.0,0,0,0,10,0,0.033384084701538,0.0,1.0,0.0,0.0,0.0,0.0,0.0,1.0,0.0,0.0,0.0,0.0,0.0,1.0,1.0,832,64,96,83.2,16.524728943818314,83.2,0.0035571098327636,10,0.916448243582554,245.76
20.0,6,64.0,436.0300645577121,0.0,0.0,1.0,0.0,0.0,0.0,0.0,0,0,0,10,0,0.0229341983795166,0.0,1.0,0.0,0.0,0.0,0.0,0.0,1.0,0.0,0.0,0.0,0.0,0.0,1.0,1.0,648,64,66,64.8,1.0327955589886444,64.8,0.0022963047027587,10,0.9101374495989096,0.96
20.0,6,64.0,628.3413231064238,0.0,0.0,0.8,0.2,0.2,0.0,0.0,2,0,0,8,0,0.0159149169921875,0.0,1.0,0.0,0.0,0.0,0.0,0.0,1.0,0.0,0.0,0.0,0.0,0.0,1.0,1.0,3316,54,1406,331.6,566.2797110184252,331.6,0.0019447803497314,10,1.0,311158.91358024697
20.0,6,64.0,728.4307051059395,0.0,0.0,0.6,0.4,0.4,0.0,0.0,4,0,0,6,0,0.0137281417846679,0.0,1.0,0.0,0.0,0.0,0.0,0.0,1.0,0.0,0.0,0.0,0.0,0.0,1.0,1.0,10004,54,1406,1000.4,653.078045361604,1000.4,0.0015894174575805,10,1.0,456976.0
20.0,6,64.0,972.0062107483024,0.0,0.0,0.5,0.5,0.5,0.0,0.0,5,0,0,5,0,0.0102880001068115,0.0,1.0,0.0,0.0,0.0,0.0,0.0,1.0,0.0,0.0,0.0,0.0,0.0,1.0,1.0,7300,54,1406,730.0,712.5665660912748,730.0,0.0010331869125366,10,1.0,456976.0
20.0,6,64.0,870.2417162893956,0.0,0.0,0.6,0.4,0.4,0.0,0.0,4,0,0,6,0,0.011491060256958,0.0,1.0,0.0,0.0,0.0,0.0,0.0,1.0,0.0,0.0,0.0,0.0,0.0,1.0,1.0,7300,54,1406,730.0,712.5665660912748,730.0,0.0011518001556396,10,1.0,456976.0
20.0,6,64.0,452.93881341655685,0.0,0.0,0.9,0.1,0.1,0.0,0.0,1,0,0,9,0,0.0220780372619628,0.0,1.0,0.0,0.0,0.0,0.0,0.0,1.0,0.0,0.0,0.0,0.0,0.0,1.0,1.0,1972,54,1406,197.2,424.740652895649,197.2,0.0024007081985473,10,1.0,456976.0
20.0,6,64.0,524.8784882993367,0.0,0.0,1.0,0.0,0.0,0.0,0.0,0,0,0,10,0,0.0190520286560058,0.0,1.0,0.0,0.0,0.0,0.0,0.0,1.0,0.0,0.0,0.0,0.0,0.0,1.0,1.0,656,64,66,65.6,0.8432740427115678,65.6,0.0020905971527099,10,0.0,1.0
20.0,6,64.0,458.97072823767576,0.0,0.0,0.6,0.4,0.4,0.0,0.0,4,0,0,6,0,0.0217878818511962,0.0,1.0,0.0,0.0,0.0,0.0,0.0,1.0,0.0,0.0,0.0,0.0,0.0,1.0,1.0,604,54,66,60.4,5.561774297230456,60.4,0.0024972915649414,10,0.9290236743777198,27.9375
20.0,6,64.0,781.731837328065,0.0,0.0,0.5,0.5,0.5,0.0,0.0,5,0,0,5,0,0.0127921104431152,0.0,1.0,0.0,0.0,0.0,0.0,0.0,1.0,0.0,0.0,0.0,0.0,0.0,1.0,1.0,590,54,64,59.0,5.270462766947299,59.0,0.0014469146728515,10,0.9289050057127436,25.0
20.0,6,64.0,1163.307169601997,0.0,0.0,0.5,0.5,0.5,0.0,0.0,5,0,0,5,0,0.0085961818695068,0.0,1.0,0.0,0.0,0.0,0.0,0.0,1.0,0.0,0.0,0.0,0.0,0.0,1.0,1.0,598,54,66,59.8,6.142746399887703,59.8,0.0008615016937255,10,0.9292603391734584,33.959999999999994
20.0,6,64.0,1208.872492506341,0.0,0.0,0.5,0.5,0.5,0.0,0.0,5,0,0,5,0,0.0082721710205078,0.0,1.0,0.0,0.0,0.0,0.0,0.0,1.0,0.0,0.0,0.0,0.0,0.0,1.0,1.0,600,54,66,60.0,6.324555320336759,60.0,0.0010473012924194,10,0.9293344008552924,36.0
20.0,6,64.0,477.5316794371136,0.0,0.0,0.7,0.3,0.3,0.0,0.0,3,0,0,7,0,0.0209410190582275,0.0,1.0,0.0,0.0,0.0,0.0,0.0,1.0,0.0,0.0,0.0,0.0,0.0,1.0,1.0,624,54,66,62.4,5.796550698475775,62.4,0.0022923946380615,10,0.9291193128925312,36.0
20.0,6,64.0,590.4227255451231,0.0,0.0,0.7,0.3,0.3,0.0,0.0,3,0,0,7,0,0.0169370174407959,0.0,1.0,0.0,0.0,0.0,0.0,0.0,1.0,0.0,0.0,0.0,0.0,0.0,1.0,1.0,630,54,68,63.0,6.27162924074226,63.0,0.0020149946212768,10,0.9293128408875088,35.4
20.0,6,64.0,295.47339945897204,0.0,0.0,0.9,0.1,0.1,0.0,0.0,1,0,0,9,0,0.033843994140625,0.0,1.0,0.0,0.0,0.0,0.0,0.0,1.0,0.0,0.0,0.0,0.0,0.0,1.0,1.0,662,54,68,66.2,4.366539438350084,66.2,0.0033873081207275,10,0.9285367835056064,24.0
20.0,6,64.0,1130.9669417030686,0.0,0.0,1.0,0.0,0.0,0.0,0.0,0,0,0,10,0,0.0088419914245605,0.0,1.0,0.0,0.0,0.0,0.0,0.0,1.0,0.0,0.0,0.0,0.0,0.0,1.0,1.0,664,66,68,66.4,0.8432740427115678,66.4,0.0008858919143676,10,0.0,0.64
20.0,6,64.0,342.33627162912177,0.0,0.0,1.0,0.0,0.0,0.0,0.0,0,0,0,10,0,0.0292110443115234,0.0,1.0,0.0,0.0,0.0,0.0,0.0,1.0,0.0,0.0,0.0,0.0,0.0,1.0,1.0,676,66,68,67.6,0.8432740427115678,67.6,0.003118896484375,10,0.0,0.64
20.0,6,64.0,553.7108080634728,0.0,0.0,1.0,0.0,0.0,0.0,0.0,0,0,0,10,0,0.0180599689483642,0.0,1.0,0.0,0.0,0.0,0.0,0.0,1.0,0.0,0.0,0.0,0.0,0.0,1.0,1.0,664,66,68,66.4,0.8432740427115678,66.4,0.0022527933120727,10,0.0,0.64
20.0,6,64.0,393.7463270842917,0.0,0.0,0.9,0.1,0.1,0.0,0.0,1,0,0,9,0,0.0253970623016357,0.0,1.0,0.0,0.0,0.0,0.0,0.0,1.0,0.0,0.0,0.0,0.0,0.0,1.0,1.0,674,54,76,67.4,5.337498373666159,67.4,0.0027517080307006,10,0.9289323133374968,25.64
20.0,6,64.0,740.3629174609899,0.0,0.0,0.7,0.3,0.3,0.0,0.0,3,0,0,7,0,0.0135068893432617,0.0,1.0,0.0,0.0,0.0,0.0,0.0,1.0,0.0,0.0,0.0,0.0,0.0,1.0,1.0,694,54,76,69.4,10.627009613872255,69.4,0.0015908002853393,10,0.931087048636307,101.64
20.0,6,64.0,763.1835219622257,0.0,0.0,0.7,0.3,0.3,0.0,0.0,3,0,0,7,0,0.0131030082702636,0.0,1.0,0.0,0.0,0.0,0.0,0.0,1.0,0.0,0.0,0.0,0.0,0.0,1.0,1.0,704,54,78,70.4,11.345091939297411,70.4,0.0015211105346679,10,0.9313795666523922,121.0
20.0,6,64.0,484.6105141536684,0.0,0.0,0.7,0.3,0.3,0.0,0.0,3,0,0,7,0,0.0206351280212402,0.0,1.0,0.0,0.0,0.0,0.0,0.0,1.0,0.0,0.0,0.0,0.0,0.0,1.0,1.0,680,54,78,68.0,11.15546702045434,68.0,0.002260398864746,10,0.9313023210454524,112.0
20.0,6,64.0,888.6613839569474,0.0,0.0,0.5,0.5,0.5,0.0,0.0,5,0,0,5,0,0.0112528800964355,0.0,1.0,0.0,0.0,0.0,0.0,0.0,1.0,0.0,0.0,0.0,0.0,0.0,1.0,1.0,600,54,64,60.0,5.163977794943222,60.0,0.0013903856277465,10,0.928861627994548,25.0
20.0,6,64.0,836.335068094355,0.0,0.0,0.5,0.5,0.5,0.0,0.0,5,0,0,5,0,0.0119569301605224,0.0,1.0,0.0,0.0,0.0,0.0,0.0,1.0,0.0,0.0,0.0,0.0,0.0,1.0,1.0,596,54,66,59.6,5.94792213951879,59.6,0.0011981010437011,10,0.9291809755627544,31.84
20.0,6,64.0,872.9040582726327,0.0,0.0,0.5,0.5,0.5,0.0,0.0,5,0,0,5,0,0.01145601272583,0.0,1.0,0.0,0.0,0.0,0.0,0.0,1.0,0.0,0.0,0.0,0.0,0.0,1.0,1.0,600,54,66,60.0,6.324555320336759,60.0,0.0011480093002319,10,0.9293344008552924,36.0
20.0,6,64.0,459.0511004826582,0.0,0.0,0.8,0.2,0.2,0.0,0.0,2,0,0,8,0,0.0217840671539306,0.0,1.0,0.0,0.0,0.0,0.0,0.0,1.0,0.0,0.0,0.0,0.0,0.0,1.0,1.0,874,54,116,87.4,30.4638218949042,87.4,0.0021846055984497,10,0.939167772487108,835.24
20.0,6,64.0,495.493626622878,0.0,0.0,1.0,0.0,0.0,0.0,0.0,0,0,0,10,0,0.0201818943023681,0.0,1.0,0.0,0.0,0.0,0.0,0.0,1.0,0.0,0.0,0.0,0.0,0.0,1.0,1.0,1170,116,118,117.0,1.0540925533894598,117.0,0.0021114826202392,10,0.8215313651425488,1.0
20.0,6,64.0,302.0048674414251,0.0,0.0,1.0,0.0,0.0,0.0,0.0,0,0,0,10,0,0.0331120491027832,0.0,1.0,0.0,0.0,0.0,0.0,0.0,1.0,0.0,0.0,0.0,0.0,0.0,1.0,1.0,910,64,118,91.0,28.46049894151541,91.0,0.0034419059753417,10,0.9213103988488158,729.0
20.0,6,64.0,618.9666927379249,0.0,0.0,1.0,0.0,0.0,0.0,0.0,0,0,0,10,0,0.0161559581756591,0.0,1.0,0.0,0.0,0.0,0.0,0.0,1.0,0.0,0.0,0.0,0.0,0.0,1.0,1.0,650,64,66,65.0,1.0540925533894598,65.0,0.0016165018081665,10,0.9101461251425488,1.0
20.0,6,64.0,322.30902230794646,0.0,0.0,1.0,0.0,0.0,0.0,0.0,0,0,0,10,0,0.0310261249542236,0.0,1.0,0.0,0.0,0.0,0.0,0.0,1.0,0.0,0.0,0.0,0.0,0.0,1.0,1.0,660,66,66,66.0,0.0,66.0,0.0032376050949096,10,0.0,0.0
20.0,6,64.0,488.1411479912481,0.0,0.0,1.0,0.0,0.0,0.0,0.0,0,0,0,10,0,0.0204858779907226,0.0,1.0,0.0,0.0,0.0,0.0,0.0,1.0,0.0,0.0,0.0,0.0,0.0,1.0,1.0,670,66,68,67.0,1.0540925533894598,67.0,0.0020494937896728,10,0.9067378651425488,1.0
20.0,6,64.0,331.5996110272202,0.0,0.0,1.0,0.0,0.0,0.0,0.0,0,0,0,10,0,0.0301568508148193,0.0,1.0,0.0,0.0,0.0,0.0,0.0,1.0,0.0,0.0,0.0,0.0,0.0,1.0,1.0,670,66,68,67.0,1.0540925533894598,67.0,0.0032361984252929,10,0.9067378651425488,1.0
20.0,6,64.0,509.11633326859584,0.0,0.0,0.9,0.1,0.1,0.0,0.0,1,0,0,9,0,0.0196418762207031,0.0,1.0,0.0,0.0,0.0,0.0,0.0,1.0,0.0,0.0,0.0,0.0,0.0,1.0,1.0,670,66,68,67.0,1.0540925533894598,67.0,0.0019650936126708,10,0.9067378651425488,1.0
20.0,6,64.0,343.3479317938097,0.0,0.0,1.0,0.0,0.0,0.0,0.0,0,0,0,10,0,0.0291249752044677,0.0,1.0,0.0,0.0,0.0,0.0,0.0,1.0,0.0,0.0,0.0,0.0,0.0,1.0,1.0,5286,54,1223,528.6,597.6595463416721,528.6,0.0029174089431762,10,1.0,321477.24
20.0,6,64.0,502.6429384624603,0.0,0.0,1.0,0.0,0.0,0.0,0.0,0,0,0,10,0,0.0198948383331298,0.0,1.0,0.0,0.0,0.0,0.0,0.0,1.0,0.0,0.0,0.0,0.0,0.0,1.0,1.0,12238,1223,1225,1223.8,1.0327955589886446,1223.8,0.002169394493103,10,0.0,0.9600000000000002
20.0,6,64.0,303.2231572250658,0.0,0.0,0.8,0.2,0.2,0.0,0.0,2,0,0,8,0,0.0329790115356445,0.0,1.0,0.0,0.0,0.0,0.0,0.0,1.0,0.0,0.0,0.0,0.0,0.0,1.0,1.0,7596,54,1225,759.6,600.835751266517,759.6,0.0035065174102783,10,1.0,324903.24
20.0,6,64.0,1564.455054084297,0.0,0.0,0.6,0.4,0.4,0.0,0.0,4,0,0,6,0,0.0063920021057128,0.0,1.0,0.0,0.0,0.0,0.0,0.0,1.0,0.0,0.0,0.0,0.0,0.0,1.0,1.0,600,54,64,60.0,5.163977794943222,60.0,0.0006417989730834,10,0.928861627994548,25.0
20.0,6,64.0,855.5090052420095,0.0,0.0,0.6,0.4,0.4,0.0,0.0,4,0,0,6,0,0.0116889476776123,0.0,1.0,0.0,0.0,0.0,0.0,0.0,1.0,0.0,0.0,0.0,0.0,0.0,1.0,1.0,598,54,66,59.8,6.142746399887703,59.8,0.0011706829071044,10,0.9292603391734584,33.959999999999994
20.0,6,64.0,933.8938368364802,0.0,0.0,0.5,0.5,0.5,0.0,0.0,5,0,0,5,0,0.0107078552246093,0.0,1.0,0.0,0.0,0.0,0.0,0.0,1.0,0.0,0.0,0.0,0.0,0.0,1.0,1.0,600,54,66,60.0,6.324555320336759,60.0,0.0012367010116577,10,0.9293344008552924,36.0
20.0,6,64.0,385.87473320085377,0.0,0.0,1.0,0.0,0.0,0.0,0.0,0,0,0,10,0,0.0259151458740234,0.0,1.0,0.0,0.0,0.0,0.0,0.0,1.0,0.0,0.0,0.0,0.0,0.0,1.0,1.0,642,64,66,64.2,0.6324555320336757,64.2,0.0027757167816162,10,0.0,1.0
20.0,6,64.0,498.3311749260399,0.0,0.0,1.0,0.0,0.0,0.0,0.0,0,0,0,10,0,0.0200669765472412,0.0,1.0,0.0,0.0,0.0,0.0,0.0,1.0,0.0,0.0,0.0,0.0,0.0,1.0,1.0,658,64,66,65.8,0.6324555320336757,65.8,0.0022068977355957,10,0.0,1.0
20.0,6,64.0,449.53581342507744,0.0,0.0,0.8,0.2,0.2,0.0,0.0,2,0,0,8,0,0.022245168685913,0.0,1.0,0.0,0.0,0.0,0.0,0.0,1.0,0.0,0.0,0.0,0.0,0.0,1.0,1.0,622,54,66,62.2,4.366539438350084,62.2,0.0024940967559814,10,0.9285367835056064,18.666666666666668
20.0,6,64.0,525.5690746193848,0.0,0.0,0.8,0.2,0.2,0.0,0.0,2,0,0,8,0,0.0190269947052001,0.0,1.0,0.0,0.0,0.0,0.0,0.0,1.0,0.0,0.0,0.0,0.0,0.0,1.0,1.0,642,54,66,64.2,3.7058512292499457,64.2,0.0021265029907226,10,0.9282676455567472,13.333333333333334
20.0,6,64.0,420.59123179976734,0.0,0.0,0.8,0.2,0.2,0.0,0.0,2,0,0,8,0,0.0237760543823242,0.0,1.0,0.0,0.0,0.0,0.0,0.0,1.0,0.0,0.0,0.0,0.0,0.0,1.0,1.0,636,54,66,63.6,5.059644256269407,63.6,0.0023799896240234,10,0.928819126684234,36.0
20.0,6,64.0,857.9940677099315,0.0,0.0,0.5,0.5,0.5,0.0,0.0,5,0,0,5,0,0.0116550922393798,0.0,1.0,0.0,0.0,0.0,0.0,0.0,1.0,0.0,0.0,0.0,0.0,0.0,1.0,1.0,600,54,66,60.0,6.324555320336759,60.0,0.0011697053909301,10,0.9293344008552924,36.0
20.0,6,64.0,741.2264517725232,0.0,0.0,0.7,0.3,0.3,0.0,0.0,3,0,0,7,0,0.013491153717041,0.0,1.0,0.0,0.0,0.0,0.0,0.0,1.0,0.0,0.0,0.0,0.0,0.0,1.0,1.0,622,54,68,62.2,7.083627444874398,62.2,0.0013508081436157,10,0.929643616475944,46.02469135802469
20.0,6,64.0,501.8070444104135,0.0,0.0,0.6,0.4,0.4,0.0,0.0,4,0,0,6,0,0.019927978515625,0.0,1.0,0.0,0.0,0.0,0.0,0.0,1.0,0.0,0.0,0.0,0.0,0.0,1.0,1.0,630,54,68,63.0,6.411794687223781,63.0,0.0022439956665039,10,0.9293699386837876,43.55555555555557
20.0,6,64.0,743.104370781142,0.0,0.0,0.6,0.4,0.4,0.0,0.0,4,0,0,6,0,0.0134570598602294,0.0,1.0,0.0,0.0,0.0,0.0,0.0,1.0,0.0,0.0,0.0,0.0,0.0,1.0,1.0,590,54,64,59.0,5.270462766947299,59.0,0.0013473987579345,10,0.9289050057127436,25.0
20.0,6,64.0,1344.802334156273,0.0,0.0,0.5,0.5,0.5,0.0,0.0,5,0,0,5,0,0.0074360370635986,0.0,1.0,0.0,0.0,0.0,0.0,0.0,1.0,0.0,0.0,0.0,0.0,0.0,1.0,1.0,594,54,66,59.4,5.738757124441959,59.4,0.0011234045028686,10,0.9290957701022128,29.64
20.0,6,64.0,1161.181584120041,0.0,0.0,0.5,0.5,0.5,0.0,0.0,5,0,0,5,0,0.0086119174957275,0.0,1.0,0.0,0.0,0.0,0.0,0.0,1.0,0.0,0.0,0.0,0.0,0.0,1.0,1.0,600,54,66,60.0,6.324555320336759,60.0,0.0011460781097412,10,0.9293344008552924,36.0
20.0,6,64.0,541.2703574654794,0.0,0.0,0.5,0.5,0.5,0.0,0.0,5,0,0,5,0,0.01847505569458,0.0,1.0,0.0,0.0,0.0,0.0,0.0,1.0,0.0,0.0,0.0,0.0,0.0,1.0,1.0,618,54,75,61.8,8.854377448471462,61.8,0.0020340204238891,10,0.9303649491974092,70.88888888888889
20.0,6,64.0,1356.3264778165826,0.0,0.0,0.5,0.5,0.5,0.0,0.0,5,0,0,5,0,0.0073728561401367,0.0,1.0,0.0,0.0,0.0,0.0,0.0,1.0,0.0,0.0,0.0,0.0,0.0,1.0,1.0,645,54,75,64.5,11.067971810589327,64.5,0.0009488821029663,10,0.9312666789967616,110.25
20.0,6,64.0,786.7909733816053,0.0,0.0,0.5,0.5,0.5,0.0,0.0,5,0,0,5,0,0.0127098560333251,0.0,1.0,0.0,0.0,0.0,0.0,0.0,1.0,0.0,0.0,0.0,0.0,0.0,1.0,1.0,649,54,77,64.9,11.51279481465923,64.9,0.0014317989349365,10,0.9314478820956996,119.29
20.0,6,64.0,358.92620895624566,0.0,0.0,0.5,0.5,0.5,0.0,0.0,5,0,0,5,0,0.0278608798980712,0.0,1.0,0.0,0.0,0.0,0.0,0.0,1.0,0.0,0.0,0.0,0.0,0.0,1.0,1.0,655,54,77,65.5,12.122064363978788,65.5,0.0028814077377319,10,0.9316960741393104,132.25
20.0,6,64.0,2339.6574998605456,0.0,0.0,0.5,0.5,0.5,0.0,0.0,5,0,0,5,0,0.0042741298675537,0.0,1.0,0.0,0.0,0.0,0.0,0.0,1.0,0.0,0.0,0.0,0.0,0.0,1.0,1.0,633,54,77,63.3,10.594023472379762,63.3,0.0004310131072998,10,0.9310736114017086,132.25
20.0,6,64.0,437.1799041067334,0.0,0.0,0.5,0.5,0.5,0.0,0.0,5,0,0,5,0,0.0228738784790039,0.0,1.0,0.0,0.0,0.0,0.0,0.0,1.0,0.0,0.0,0.0,0.0,0.0,1.0,1.0,600,54,66,60.0,6.324555320336759,60.0,0.002362585067749,10,0.9293344008552924,36.0
20.0,6,64.0,5786.843267108168,0.0,0.0,0.6,0.4,0.4,0.0,0.0,4,0,0,6,0,0.0017280578613281,0.0,1.0,0.0,0.0,0.0,0.0,0.0,1.0,0.0,0.0,0.0,0.0,0.0,1.0,1.0,618,54,68,61.8,6.762642481555071,61.8,0.0002088069915771,10,0.9295128600412864,41.16
20.0,6,64.0,940.9965674287124,0.0,0.0,0.5,0.5,0.5,0.0,0.0,5,0,0,5,0,0.0106270313262939,0.0,1.0,0.0,0.0,0.0,0.0,0.0,1.0,0.0,0.0,0.0,0.0,0.0,1.0,1.0,610,54,68,61.0,7.378647873726218,61.0,0.0014458894729614,10,0.9297637959978412,49.0
20.0,6,64.0,752.9628033893437,0.0,0.0,0.7,0.3,0.3,0.0,0.0,3,0,0,7,0,0.0132808685302734,0.0,1.0,0.0,0.0,0.0,0.0,0.0,1.0,0.0,0.0,0.0,0.0,0.0,1.0,1.0,618,54,68,61.8,5.613475849338902,61.8,0.0016047000885009,10,0.9290447355219869,49.0
20.0,6,64.0,567.4035794970306,0.0,0.0,0.9,0.1,0.1,0.0,0.0,1,0,0,9,0,0.0176241397857666,0.0,1.0,0.0,0.0,0.0,0.0,0.0,1.0,0.0,0.0,0.0,0.0,0.0,1.0,1.0,638,54,66,63.8,3.5839146815241643,63.8,0.0020984172821044,10,0.9282179734846656,25.0
20.0,6,64.0,771.5507155733785,0.0,0.0,0.7,0.3,0.3,0.0,0.0,3,0,0,7,0,0.0129609107971191,0.0,1.0,0.0,0.0,0.0,0.0,0.0,1.0,0.0,0.0,0.0,0.0,0.0,1.0,1.0,624,54,66,62.4,5.796550698475775,62.4,0.001547884941101,10,0.9291193128925312,36.0
20.0,6,64.0,976.7369940850448,0.0,0.0,0.5,0.5,0.5,0.0,0.0,5,0,0,5,0,0.0102381706237792,0.0,1.0,0.0,0.0,0.0,0.0,0.0,1.0,0.0,0.0,0.0,0.0,0.0,1.0,1.0,612,54,66,61.2,6.196773353931867,61.2,0.0012251138687133,10,0.9292823475934576,36.0
20.0,6,64.0,839.4988191025179,0.0,0.0,0.5,0.5,0.5,0.0,0.0,5,0,0,5,0,0.0119118690490722,0.0,1.0,0.0,0.0,0.0,0.0,0.0,1.0,0.0,0.0,0.0,0.0,0.0,1.0,1.0,602,54,67,60.2,6.545566777937908,60.2,0.0011933803558349,10,0.9294244320826608,38.56
20.0,6,64.0,995.727749685445,0.0,0.0,0.5,0.5,0.5,0.0,0.0,5,0,0,5,0,0.0100429058074951,0.0,1.0,0.0,0.0,0.0,0.0,0.0,1.0,0.0,0.0,0.0,0.0,0.0,1.0,1.0,605,54,67,60.5,6.851601597031489,60.5,0.001006007194519,10,0.9295490984265669,42.25
20.0,6,64.0,459.5389604698045,0.0,0.0,0.7,0.3,0.3,0.0,0.0,3,0,0,7,0,0.0217609405517578,0.0,1.0,0.0,0.0,0.0,0.0,0.0,1.0,0.0,0.0,0.0,0.0,0.0,1.0,1.0,609,54,67,60.9,6.0635523141692005,60.9,0.0021785020828247,10,0.9292280786707,42.25
20.0,6,64.0,1606.3975488318652,0.0,0.0,1.0,0.0,0.0,0.0,0.0,0,0,0,10,0,0.0062251091003417,0.0,1.0,0.0,0.0,0.0,0.0,0.0,1.0,0.0,0.0,0.0,0.0,0.0,1.0,1.0,646,64,66,64.6,0.966091783079296,64.6,0.0020353078842163,10,0.0,0.8400000000000001
20.0,6,64.0,348.5030576974209,0.0,0.0,1.0,0.0,0.0,0.0,0.0,0,0,0,10,0,0.0286941528320312,0.0,1.0,0.0,0.0,0.0,0.0,0.0,1.0,0.0,0.0,0.0,0.0,0.0,1.0,1.0,4680,66,1406,468.0,647.2814946631282,468.0,0.0031491041183471,10,1.0,377076.0
20.0,6,64.0,585.7884666415274,0.0,0.0,1.0,0.0,0.0,0.0,0.0,0,0,0,10,0,0.0170710086822509,0.0,1.0,0.0,0.0,0.0,0.0,0.0,1.0,0.0,0.0,0.0,0.0,0.0,1.0,1.0,14060,1406,1406,1406.0,0.0,1406.0,0.0021524906158447,10,0.0,0.0
20.0,6,64.0,359.7790358552067,0.0,0.0,0.8,0.2,0.2,0.0,0.0,2,0,0,8,0,0.0277948379516601,0.0,1.0,0.0,0.0,0.0,0.0,0.0,1.0,0.0,0.0,0.0,0.0,0.0,1.0,1.0,10024,54,1406,1002.4,649.8634386460658,1002.4,0.0029882907867431,10,1.0,380090.24
20.0,6,64.0,927.1229000884172,0.0,0.0,0.6,0.4,0.4,0.0,0.0,4,0,0,6,0,0.0107860565185546,0.0,1.0,0.0,0.0,0.0,0.0,0.0,1.0,0.0,0.0,0.0,0.0,0.0,1.0,1.0,590,54,64,59.0,5.270462766947299,59.0,0.0010815143585205,10,0.9289050057127436,25.0
20.0,6,64.0,482.908755972598,0.0,0.0,0.5,0.5,0.5,0.0,0.0,5,0,0,5,0,0.0207078456878662,0.0,1.0,0.0,0.0,0.0,0.0,0.0,1.0,0.0,0.0,0.0,0.0,0.0,1.0,1.0,594,54,66,59.4,5.738757124441959,59.4,0.0023075819015502,10,0.9290957701022128,29.64
20.0,6,64.0,2465.352377593605,0.0,0.0,0.5,0.5,0.5,0.0,0.0,5,0,0,5,0,0.0040562152862548,0.0,1.0,0.0,0.0,0.0,0.0,0.0,1.0,0.0,0.0,0.0,0.0,0.0,1.0,1.0,600,54,66,60.0,6.324555320336759,60.0,0.0004915237426757,10,0.9293344008552924,36.0
20.0,6,64.0,504.92415852073,0.0,0.0,0.9,0.1,0.1,0.0,0.0,1,0,0,9,0,0.0198049545288085,0.0,1.0,0.0,0.0,0.0,0.0,0.0,1.0,0.0,0.0,0.0,0.0,0.0,1.0,1.0,648,54,66,64.8,3.794733192202056,64.8,0.0020399808883666,10,0.9283038525131756,32.0
20.0,6,64.0,462.6206653136857,0.0,0.0,1.0,0.0,0.0,0.0,0.0,0,0,0,10,0,0.021615982055664,0.0,1.0,0.0,0.0,0.0,0.0,0.0,1.0,0.0,0.0,0.0,0.0,0.0,1.0,1.0,672,66,68,67.2,1.0327955589886444,67.2,0.0024356126785278,10,0.9067291895989096,1.0
20.0,6,64.0,395.7263892820077,0.0,0.0,1.0,0.0,0.0,0.0,0.0,0,0,0,10,0,0.0252699851989746,0.0,1.0,0.0,0.0,0.0,0.0,0.0,1.0,0.0,0.0,0.0,0.0,0.0,1.0,1.0,668,66,68,66.8,1.0327955589886444,66.8,0.0027546882629394,10,0.9067291895989096,1.0
20.0,6,64.0,531.7187698080677,0.0,0.0,1.0,0.0,0.0,0.0,0.0,0,0,0,10,0,0.0188069343566894,0.0,1.0,0.0,0.0,0.0,0.0,0.0,1.0,0.0,0.0,0.0,0.0,0.0,1.0,1.0,672,66,68,67.2,1.0327955589886444,67.2,0.0021182060241699,10,0.9067291895989096,1.0
20.0,6,64.0,420.7346775002508,0.0,0.0,0.7,0.3,0.3,0.0,0.0,3,0,0,7,0,0.0237679481506347,0.0,1.0,0.0,0.0,0.0,0.0,0.0,1.0,0.0,0.0,0.0,0.0,0.0,1.0,1.0,632,54,68,63.2,6.408327915038888,63.2,0.0025703907012939,10,0.9293685264594702,36.96
20.0,6,64.0,765.062838589643,0.0,0.0,0.5,0.5,0.5,0.0,0.0,5,0,0,5,0,0.0130708217620849,0.0,1.0,0.0,0.0,0.0,0.0,0.0,1.0,0.0,0.0,0.0,0.0,0.0,1.0,1.0,612,54,66,61.2,6.196773353931867,61.2,0.001614499092102,10,0.9292823475934576,36.0
20.0,6,64.0,924.7109660919792,0.0,0.0,0.5,0.5,0.5,0.0,0.0,5,0,0,5,0,0.0108141899108886,0.0,1.0,0.0,0.0,0.0,0.0,0.0,1.0,0.0,0.0,0.0,0.0,0.0,1.0,1.0,604,54,67,60.4,6.752777206453652,60.4,0.0010839223861694,10,0.929508841322821,41.04
20.0,6,64.0,773.2148585123052,0.0,0.0,0.5,0.5,0.5,0.0,0.0,5,0,0,5,0,0.0129330158233642,0.0,1.0,0.0,0.0,0.0,0.0,0.0,1.0,0.0,0.0,0.0,0.0,0.0,1.0,1.0,605,54,67,60.5,6.851601597031489,60.5,0.0012959957122802,10,0.9295490984265669,42.25
20.0,6,64.0,734.0527485605278,0.0,0.0,0.6,0.4,0.4,0.0,0.0,4,0,0,6,0,0.0136229991912841,0.0,1.0,0.0,0.0,0.0,0.0,0.0,1.0,0.0,0.0,0.0,0.0,0.0,1.0,1.0,648,54,73,64.8,9.472767986883946,64.8,0.00136399269104,10,0.930616856767137,81.43209876543209
20.0,6,64.0,878.4250649241853,0.0,0.0,0.5,0.5,0.5,0.0,0.0,5,0,0,5,0,0.0113840103149414,0.0,1.0,0.0,0.0,0.0,0.0,0.0,1.0,0.0,0.0,0.0,0.0,0.0,1.0,1.0,635,54,73,63.5,10.013879257199868,63.5,0.0011399984359741,10,0.9308372838542128,90.25
20.0,6,64.0,778.5106540945876,0.0,0.0,0.6,0.4,0.4,0.0,0.0,4,0,0,6,0,0.0128450393676757,0.0,1.0,0.0,0.0,0.0,0.0,0.0,1.0,0.0,0.0,0.0,0.0,0.0,1.0,1.0,666,54,75,66.6,10.844353369380768,66.6,0.0012875080108642,10,0.931175585788551,110.25
20.0,6,64.0,498.9773727664232,0.0,0.0,0.5,0.5,0.5,0.0,0.0,5,0,0,5,0,0.0200409889221191,0.0,1.0,0.0,0.0,0.0,0.0,0.0,1.0,0.0,0.0,0.0,0.0,0.0,1.0,1.0,636,54,75,63.6,10.469001862641925,63.6,0.0020057916641235,10,0.931022682598766,110.25
20.0,6,64.0,632.9114229666516,0.0,0.0,0.7,0.3,0.3,0.0,0.0,3,0,0,7,0,0.0157999992370605,0.0,1.0,0.0,0.0,0.0,0.0,0.0,1.0,0.0,0.0,0.0,0.0,0.0,1.0,1.0,624,54,66,62.4,5.796550698475776,62.4,0.0015842914581298,10,0.9291193128925312,36.0
20.0,6,64.0,697.0524496443528,0.0,0.0,0.8,0.2,0.2,0.0,0.0,2,0,0,8,0,0.0143461227416992,0.0,1.0,0.0,0.0,0.0,0.0,0.0,1.0,0.0,0.0,0.0,0.0,0.0,1.0,1.0,634,54,68,63.4,6.535373831014651,63.4,0.0014377117156982,10,0.9294202798838022,41.95918367346939
20.0,6,64.0,424.9720353408446,0.0,0.0,0.8,0.2,0.2,0.0,0.0,2,0,0,8,0,0.0235309600830078,0.0,1.0,0.0,0.0,0.0,0.0,0.0,1.0,0.0,0.0,0.0,0.0,0.0,1.0,1.0,4666,54,1406,466.6,648.2715823205923,466.6,0.0026289939880371,10,1.0,378230.44
20.0,6,64.0,549.3234146213689,0.0,0.0,1.0,0.0,0.0,0.0,0.0,0,0,0,10,0,0.0182042121887207,0.0,1.0,0.0,0.0,0.0,0.0,0.0,1.0,0.0,0.0,0.0,0.0,0.0,1.0,1.0,14060,1406,1406,1406.0,0.0,1406.0,0.0020758152008056,10,0.0,0.0
20.0,6,64.0,391.621366747276,0.0,0.0,0.9,0.1,0.1,0.0,0.0,1,0,0,9,0,0.0255348682403564,0.0,1.0,0.0,0.0,0.0,0.0,0.0,1.0,0.0,0.0,0.0,0.0,0.0,1.0,1.0,12634,54,1406,1263.4,425.21816622633713,1263.4,0.0030239820480346,10,1.0,179433.77777777778
20.0,6,64.0,1016.5791706052012,0.0,0.0,0.5,0.5,0.5,0.0,0.0,5,0,0,5,0,0.0098369121551513,0.0,1.0,0.0,0.0,0.0,0.0,0.0,1.0,0.0,0.0,0.0,0.0,0.0,1.0,1.0,7115,54,1369,711.5,693.0658538535698,711.5,0.0009855985641479,10,1.0,432306.25
20.0,6,64.0,1062.010431964349,0.0,0.0,0.5,0.5,0.5,0.0,0.0,5,0,0,5,0,0.0094161033630371,0.0,1.0,0.0,0.0,0.0,0.0,0.0,1.0,0.0,0.0,0.0,0.0,0.0,1.0,1.0,7119,54,1371,711.9,693.4878754047062,711.9,0.0011933088302612,10,1.0,432832.89
20.0,6,64.0,968.6166920696504,0.0,0.0,0.6,0.4,0.4,0.0,0.0,4,0,0,6,0,0.0103240013122558,0.0,1.0,0.0,0.0,0.0,0.0,0.0,1.0,0.0,0.0,0.0,0.0,0.0,1.0,1.0,8442,54,1371,844.2,680.0958755940223,844.2,0.0013034105300903,10,1.0,416277.36
20.0,6,64.0,636.9869088479179,0.0,0.0,0.5,0.5,0.5,0.0,0.0,5,0,0,5,0,0.0156989097595214,0.0,1.0,0.0,0.0,0.0,0.0,0.0,1.0,0.0,0.0,0.0,0.0,0.0,1.0,1.0,3876,54,1371,387.6,529.1876793728289,387.6,0.0017774820327758,10,1.0,433622.25
20.0,6,64.0,1150.353528427635,0.0,0.0,0.5,0.5,0.5,0.0,0.0,5,0,0,5,0,0.008692979812622,0.0,1.0,0.0,0.0,0.0,0.0,0.0,1.0,0.0,0.0,0.0,0.0,0.0,1.0,1.0,1710,54,288,171.0,123.3288287465668,171.0,0.0011834144592285,10,0.9769972616782014,13689.0
20.0,6,64.0,809.9770194851592,0.0,0.0,0.5,0.5,0.5,0.0,0.0,5,0,0,5,0,0.0123460292816162,0.0,1.0,0.0,0.0,0.0,0.0,0.0,1.0,0.0,0.0,0.0,0.0,0.0,1.0,1.0,1952,54,290,195.2,121.5280488885865,195.2,0.0013792991638183,10,0.9762636959952546,13689.0
20.0,6,64.0,978.194878492467,0.0,0.0,0.5,0.5,0.5,0.0,0.0,5,0,0,5,0,0.0102229118347167,0.0,1.0,0.0,0.0,0.0,0.0,0.0,1.0,0.0,0.0,0.0,0.0,0.0,1.0,1.0,1720,54,290,172.0,124.38292129995624,172.0,0.0010254859924316,10,0.97742665682075,13924.0
20.0,6,64.0,384.80559276317,0.0,0.0,0.8,0.2,0.2,0.0,0.0,2,0,0,8,0,0.0259871482849121,0.0,1.0,0.0,0.0,0.0,0.0,0.0,1.0,0.0,0.0,0.0,0.0,0.0,1.0,1.0,848,54,290,84.8,72.32150440913132,84.8,0.0026008129119873,10,0.9562189180361036,13924.0
20.0,6,64.0,810.4308845693087,0.0,0.0,0.7,0.3,0.3,0.0,0.0,3,0,0,7,0,0.0123391151428222,0.0,1.0,0.0,0.0,0.0,0.0,0.0,1.0,0.0,0.0,0.0,0.0,0.0,1.0,1.0,624,54,66,62.4,5.796550698475775,62.4,0.0013020992279052,10,0.9291193128925312,32.0
20.0,6,64.0,292.92696213316947,0.0,0.0,0.8,0.2,0.2,0.0,0.0,2,0,0,8,0,0.0341382026672363,0.0,1.0,0.0,0.0,0.0,0.0,0.0,1.0,0.0,0.0,0.0,0.0,0.0,1.0,1.0,634,54,66,63.4,4.993328882953068,63.4,0.0038212060928344,10,0.9287921124537598,23.04
20.0,6,64.0,2050.80383336593,0.0,0.0,0.8,0.2,0.2,0.0,0.0,2,0,0,8,0,0.0048761367797851,0.0,1.0,0.0,0.0,0.0,0.0,0.0,1.0,0.0,0.0,0.0,0.0,0.0,1.0,1.0,630,54,64,63.0,3.1622776601683795,63.0,0.0005378007888793,10,0.9280462154276462,12.244897959183673
20.0,6,64.0,959.7071206296906,0.0,0.0,0.6,0.4,0.4,0.0,0.0,4,0,0,6,0,0.0104198455810546,0.0,1.0,0.0,0.0,0.0,0.0,0.0,1.0,0.0,0.0,0.0,0.0,0.0,1.0,1.0,600,54,66,60.0,6.324555320336759,60.0,0.001043677330017,10,0.9293344008552924,36.0
20.0,6,64.0,304.19297520361465,0.0,0.0,0.6,0.4,0.4,0.0,0.0,4,0,0,6,0,0.0328738689422607,0.0,1.0,0.0,0.0,0.0,0.0,0.0,1.0,0.0,0.0,0.0,0.0,0.0,1.0,1.0,624,54,66,62.4,5.796550698475775,62.4,0.0034862995147705,10,0.9291193128925312,32.0
20.0,6,64.0,2295.1047879616963,0.0,0.0,0.5,0.5,0.5,0.0,0.0,5,0,0,5,0,0.004357099533081,0.0,1.0,0.0,0.0,0.0,0.0,0.0,1.0,0.0,0.0,0.0,0.0,0.0,1.0,1.0,600,54,66,60.0,6.324555320336759,60.0,0.0004612207412719,10,0.9293344008552924,36.0
20.0,6,64.0,637.0739857526922,0.0,0.0,0.5,0.5,0.5,0.0,0.0,5,0,0,5,0,0.0156967639923095,0.0,1.0,0.0,0.0,0.0,0.0,0.0,1.0,0.0,0.0,0.0,0.0,0.0,1.0,1.0,602,54,67,60.2,6.545566777937908,60.2,0.0015716791152954,10,0.9294244320826608,38.56
20.0,6,64.0,1131.2414704533808,0.0,0.0,0.5,0.5,0.5,0.0,0.0,5,0,0,5,0,0.0088398456573486,0.0,1.0,0.0,0.0,0.0,0.0,0.0,1.0,0.0,0.0,0.0,0.0,0.0,1.0,1.0,605,54,67,60.5,6.851601597031489,60.5,0.0008852005004882,10,0.9295490984265669,42.25
20.0,6,64.0,637.1901253323206,0.0,0.0,0.7,0.3,0.3,0.0,0.0,3,0,0,7,0,0.0156939029693603,0.0,1.0,0.0,0.0,0.0,0.0,0.0,1.0,0.0,0.0,0.0,0.0,0.0,1.0,1.0,615,54,67,61.5,6.467869303977419,61.5,0.0015717029571533,10,0.9293927812396684,42.25
20.0,6,64.0,527.9307219816735,0.0,0.0,1.0,0.0,0.0,0.0,0.0,0,0,0,10,0,0.0189418792724609,0.0,1.0,0.0,0.0,0.0,0.0,0.0,1.0,0.0,0.0,0.0,0.0,0.0,1.0,1.0,666,66,68,66.6,0.966091783079296,66.6,0.0020374059677124,10,0.0,0.8400000000000001
20.0,6,64.0,346.2132267969756,0.0,0.0,0.9,0.1,0.1,0.0,0.0,1,0,0,9,0,0.028883934020996,0.0,1.0,0.0,0.0,0.0,0.0,0.0,1.0,0.0,0.0,0.0,0.0,0.0,1.0,1.0,662,54,68,66.2,4.366539438350084,66.2,0.0030899047851562,10,0.9285367835056064,19.06172839506173
20.0,6,64.0,923.103197834364,0.0,0.0,0.5,0.5,0.5,0.0,0.0,5,0,0,5,0,0.0108330249786376,0.0,1.0,0.0,0.0,0.0,0.0,0.0,1.0,0.0,0.0,0.0,0.0,0.0,1.0,1.0,612,54,66,61.2,6.196773353931867,61.2,0.0010854959487915,10,0.9292823475934576,36.0
20.0,6,64.0,806.6434601996269,0.0,0.0,0.6,0.4,0.4,0.0,0.0,4,0,0,6,0,0.0123970508575439,0.0,1.0,0.0,0.0,0.0,0.0,0.0,1.0,0.0,0.0,0.0,0.0,0.0,1.0,1.0,620,54,68,62.0,6.928203230275509,62.0,0.0012416124343872,10,0.9295803028678852,43.55555555555556
20.0,6,64.0,798.1549000951475,0.0,0.0,0.6,0.4,0.4,0.0,0.0,4,0,0,6,0,0.0125288963317871,0.0,1.0,0.0,0.0,0.0,0.0,0.0,1.0,0.0,0.0,0.0,0.0,0.0,1.0,1.0,624,54,68,62.4,7.229568912920511,62.4,0.0012549877166748,10,0.9297030671923672,49.0
20.0,6,64.0,294.238011055925,0.0,0.0,1.0,0.0,0.0,0.0,0.0,0,0,0,10,0,0.0339860916137695,0.0,1.0,0.0,0.0,0.0,0.0,0.0,1.0,0.0,0.0,0.0,0.0,0.0,1.0,1.0,711,54,73,71.1,6.00832755431992,71.1,0.0034003019332885,10,0.9292055823125278,90.25
20.0,6,64.0,582.9551487859457,0.0,0.0,1.0,0.0,0.0,0.0,0.0,0,0,0,10,0,0.0171539783477783,0.0,1.0,0.0,0.0,0.0,0.0,0.0,1.0,0.0,0.0,0.0,0.0,0.0,1.0,1.0,748,73,75,74.8,0.6324555320336757,74.8,0.0017164945602416,10,0.0,1.0
20.0,6,64.0,342.22175080164163,0.0,0.0,0.7,0.3,0.3,0.0,0.0,3,0,0,7,0,0.0292208194732666,0.0,1.0,0.0,0.0,0.0,0.0,0.0,1.0,0.0,0.0,0.0,0.0,0.0,1.0,1.0,645,54,75,64.5,6.2048368229954285,64.5,0.0031275987625122,10,0.9292856323282156,55.6875
20.0,6,64.0,591.1216968501162,0.0,0.0,0.8,0.2,0.2,0.0,0.0,2,0,0,8,0,0.0169169902801513,0.0,1.0,0.0,0.0,0.0,0.0,0.0,1.0,0.0,0.0,0.0,0.0,0.0,1.0,1.0,632,54,68,63.2,6.408327915038888,63.2,0.0016967058181762,10,0.9293685264594702,39.0
20.0,6,64.0,543.5641434366212,0.0,0.0,0.8,0.2,0.2,0.0,0.0,2,0,0,8,0,0.0183970928192138,0.0,1.0,0.0,0.0,0.0,0.0,0.0,1.0,0.0,0.0,0.0,0.0,0.0,1.0,1.0,660,54,68,66.0,4.320493798938574,66.0,0.0020333051681518,10,0.9285180263539357,21.0
20.0,6,64.0,785.5973028657052,0.0,0.0,0.6,0.4,0.4,0.0,0.0,4,0,0,6,0,0.0127291679382324,0.0,1.0,0.0,0.0,0.0,0.0,0.0,1.0,0.0,0.0,0.0,0.0,0.0,1.0,1.0,600,54,66,60.0,6.324555320336759,60.0,0.0012747049331665,10,0.9293344008552924,36.0
20.0,6,64.0,915.8268920040176,0.0,0.0,0.5,0.5,0.5,0.0,0.0,5,0,0,5,0,0.0109190940856933,0.0,1.0,0.0,0.0,0.0,0.0,0.0,1.0,0.0,0.0,0.0,0.0,0.0,1.0,1.0,620,54,68,62.0,6.928203230275509,62.0,0.0012789964675903,10,0.9295803028678852,43.55555555555556
20.0,6,64.0,294.6472778363189,0.0,0.0,0.9,0.1,0.1,0.0,0.0,1,0,0,9,0,0.0339388847351074,0.0,1.0,0.0,0.0,0.0,0.0,0.0,1.0,0.0,0.0,0.0,0.0,0.0,1.0,1.0,648,54,68,64.8,5.750362307426086,64.8,0.0033968925476074,10,0.9291004975895532,49.0
20.0,6,64.0,930.8471115648372,0.0,0.0,1.0,0.0,0.0,0.0,0.0,0,0,0,10,0,0.0107429027557373,0.0,1.0,0.0,0.0,0.0,0.0,0.0,1.0,0.0,0.0,0.0,0.0,0.0,1.0,1.0,664,66,68,66.4,0.8432740427115678,66.4,0.0010756015777587,10,0.0,0.64
20.0,6,64.0,328.6350957470148,0.0,0.0,0.9,0.1,0.1,0.0,0.0,1,0,0,9,0,0.0304288864135742,0.0,1.0,0.0,0.0,0.0,0.0,0.0,1.0,0.0,0.0,0.0,0.0,0.0,1.0,1.0,662,54,68,66.2,4.467164151400255,66.2,0.0031739950180053,10,0.9285777739887144,17.96
20.0,6,64.0,1035.0939019273956,0.0,0.0,0.5,0.5,0.5,0.0,0.0,5,0,0,5,0,0.0096609592437744,0.0,1.0,0.0,0.0,0.0,0.0,0.0,1.0,0.0,0.0,0.0,0.0,0.0,1.0,1.0,590,54,64,59.0,5.270462766947299,59.0,0.0011116981506347,10,0.9289050057127436,25.0
20.0,6,64.0,639.8340274281878,0.0,0.0,0.5,0.5,0.5,0.0,0.0,5,0,0,5,0,0.0156290531158447,0.0,1.0,0.0,0.0,0.0,0.0,0.0,1.0,0.0,0.0,0.0,0.0,0.0,1.0,1.0,592,54,66,59.2,5.513619500836088,59.2,0.0017101049423217,10,0.9290040580398606,27.360000000000003
20.0,6,64.0,2564.6960988137457,0.0,0.0,0.5,0.5,0.5,0.0,0.0,5,0,0,5,0,0.0038990974426269,0.0,1.0,0.0,0.0,0.0,0.0,0.0,1.0,0.0,0.0,0.0,0.0,0.0,1.0,1.0,600,54,66,60.0,6.324555320336759,60.0,0.0004225015640258,10,0.9293344008552924,36.0
20.0,6,64.0,476.7554787669365,0.0,0.0,0.7,0.3,0.3,0.0,0.0,3,0,0,7,0,0.020975112915039,0.0,1.0,0.0,0.0,0.0,0.0,0.0,1.0,0.0,0.0,0.0,0.0,0.0,1.0,1.0,624,54,66,62.4,5.796550698475776,62.4,0.002275800704956,10,0.9291193128925312,36.0
20.0,6,64.0,416.4444929852954,0.0,0.0,1.0,0.0,0.0,0.0,0.0,0,0,0,10,0,0.024012804031372,0.0,1.0,0.0,0.0,0.0,0.0,0.0,1.0,0.0,0.0,0.0,0.0,0.0,1.0,1.0,666,66,68,66.6,0.966091783079296,66.6,0.0026444911956787,10,0.0,0.8400000000000001
20.0,6,64.0,449.35761731304905,0.0,0.0,1.0,0.0,0.0,0.0,0.0,0,0,0,10,0,0.0222539901733398,0.0,1.0,0.0,0.0,0.0,0.0,0.0,1.0,0.0,0.0,0.0,0.0,0.0,1.0,1.0,4694,68,1406,469.4,646.315402880049,469.4,0.0024958133697509,10,1.0,375951.24
20.0,6,64.0,624.6543353289846,0.0,0.0,0.9,0.1,0.1,0.0,0.0,1,0,0,9,0,0.0160088539123535,0.0,1.0,0.0,0.0,0.0,0.0,0.0,1.0,0.0,0.0,0.0,0.0,0.0,1.0,1.0,12708,54,1406,1270.8,427.5399396547649,1270.8,0.0018570899963378,10,1.0,253875.5555555556
20.0,6,64.0,279.3055823771884,0.0,0.0,0.9,0.1,0.1,0.0,0.0,1,0,0,9,0,0.0358030796051025,0.0,1.0,0.0,0.0,0.0,0.0,0.0,1.0,0.0,0.0,0.0,0.0,0.0,1.0,1.0,11368,54,1406,1136.8,567.530478868267,1136.8,0.0038319110870361,10,1.0,289881.76
20.0,6,64.0,942.159126645402,0.0,0.0,1.0,0.0,0.0,0.0,0.0,0,0,0,10,0,0.0106139183044433,0.0,1.0,0.0,0.0,0.0,0.0,0.0,1.0,0.0,0.0,0.0,0.0,0.0,1.0,1.0,662,66,68,66.2,0.6324555320336759,66.2,0.0010650873184204,10,0.0,0.36
20.0,6,64.0,336.2140584043415,0.0,0.0,0.9,0.1,0.1,0.0,0.0,1,0,0,9,0,0.029742956161499,0.0,1.0,0.0,0.0,0.0,0.0,0.0,1.0,0.0,0.0,0.0,0.0,0.0,1.0,1.0,678,66,68,67.8,0.6324555320336759,67.8,0.0032088994979858,10,0.0,0.36
20.0,6,64.0,919.1182013411052,0.0,0.0,0.5,0.5,0.5,0.0,0.0,5,0,0,5,0,0.0108799934387207,0.0,1.0,0.0,0.0,0.0,0.0,0.0,1.0,0.0,0.0,0.0,0.0,0.0,1.0,1.0,600,54,66,60.0,6.324555320336759,60.0,0.0010924100875854,10,0.9293344008552924,36.0
20.0,6,64.0,722.2343906050901,0.0,0.0,0.5,0.5,0.5,0.0,0.0,5,0,0,5,0,0.0138459205627441,0.0,1.0,0.0,0.0,0.0,0.0,0.0,1.0,0.0,0.0,0.0,0.0,0.0,1.0,1.0,602,54,68,60.2,6.562519841239848,60.2,0.0013872861862182,10,0.9294313380825274,38.76
20.0,6,64.0,938.092192078012,0.0,0.0,0.5,0.5,0.5,0.0,0.0,5,0,0,5,0,0.0106599330902099,0.0,1.0,0.0,0.0,0.0,0.0,0.0,1.0,0.0,0.0,0.0,0.0,0.0,1.0,1.0,610,54,68,61.0,7.378647873726218,61.0,0.0010684013366699,10,0.9297637959978412,49.0
20.0,6,64.0,601.5753994435042,0.0,0.0,0.6,0.4,0.4,0.0,0.0,4,0,0,6,0,0.0166230201721191,0.0,1.0,0.0,0.0,0.0,0.0,0.0,1.0,0.0,0.0,0.0,0.0,0.0,1.0,1.0,608,54,68,60.8,7.192588778272627,60.8,0.0016654014587402,10,0.9296880029647172,49.0
20.0,6,64.0,1632.1519184372326,0.0,0.0,0.5,0.5,0.5,0.0,0.0,5,0,0,5,0,0.0061268806457519,0.0,1.0,0.0,0.0,0.0,0.0,0.0,1.0,0.0,0.0,0.0,0.0,0.0,1.0,1.0,600,54,66,60.0,6.324555320336759,60.0,0.0010132074356079,10,0.9293344008552924,36.0
20.0,6,64.0,532.8807013086011,0.0,0.0,0.5,0.5,0.5,0.0,0.0,5,0,0,5,0,0.0187659263610839,0.0,1.0,0.0,0.0,0.0,0.0,0.0,1.0,0.0,0.0,0.0,0.0,0.0,1.0,1.0,602,54,68,60.2,6.562519841239848,60.2,0.0020829916000366,10,0.9294313380825274,38.76
20.0,6,64.0,2708.6238295124317,0.0,0.0,0.5,0.5,0.5,0.0,0.0,5,0,0,5,0,0.0036919116973876,0.0,1.0,0.0,0.0,0.0,0.0,0.0,1.0,0.0,0.0,0.0,0.0,0.0,1.0,1.0,610,54,68,61.0,7.378647873726218,61.0,0.0003709077835083,10,0.9297637959978412,49.0
20.0,6,64.0,509.2399592054781,0.0,0.0,0.5,0.5,0.5,0.0,0.0,5,0,0,5,0,0.019637107849121,0.0,1.0,0.0,0.0,0.0,0.0,0.0,1.0,0.0,0.0,0.0,0.0,0.0,1.0,1.0,616,54,68,61.6,6.719788356455548,61.6,0.0019992113113403,10,0.9294954029848858,49.0
20.0,6,64.0,891.4188557340815,0.0,0.0,0.5,0.5,0.5,0.0,0.0,5,0,0,5,0,0.0112180709838867,0.0,1.0,0.0,0.0,0.0,0.0,0.0,1.0,0.0,0.0,0.0,0.0,0.0,1.0,1.0,590,54,64,59.0,5.270462766947299,59.0,0.0011245012283325,10,0.9289050057127436,25.0
20.0,6,64.0,918.9571009158232,0.0,0.0,0.5,0.5,0.5,0.0,0.0,5,0,0,5,0,0.0108819007873535,0.0,1.0,0.0,0.0,0.0,0.0,0.0,1.0,0.0,0.0,0.0,0.0,0.0,1.0,1.0,594,54,66,59.4,5.738757124441959,59.4,0.0010892868041992,10,0.9290957701022128,29.64
20.0,6,64.0,889.188891244435,0.0,0.0,0.6,0.4,0.4,0.0,0.0,4,0,0,6,0,0.0112462043762207,0.0,1.0,0.0,0.0,0.0,0.0,0.0,1.0,0.0,0.0,0.0,0.0,0.0,1.0,1.0,600,54,66,60.0,6.324555320336759,60.0,0.0011289119720458,10,0.9293344008552924,36.0
20.0,6,64.0,653.3794435617036,0.0,0.0,0.5,0.5,0.5,0.0,0.0,5,0,0,5,0,0.0153050422668457,0.0,1.0,0.0,0.0,0.0,0.0,0.0,1.0,0.0,0.0,0.0,0.0,0.0,1.0,1.0,596,54,66,59.6,5.94792213951879,59.6,0.00170578956604,10,0.9291809755627544,36.0
20.0,6,64.0,1137.25332827201,0.0,0.0,0.5,0.5,0.5,0.0,0.0,5,0,0,5,0,0.0087931156158447,0.0,1.0,0.0,0.0,0.0,0.0,0.0,1.0,0.0,0.0,0.0,0.0,0.0,1.0,1.0,590,54,64,59.0,5.270462766947299,59.0,0.0010776042938232,10,0.9289050057127436,25.0
20.0,6,64.0,853.9066349070624,0.0,0.0,0.5,0.5,0.5,0.0,0.0,5,0,0,5,0,0.0117108821868896,0.0,1.0,0.0,0.0,0.0,0.0,0.0,1.0,0.0,0.0,0.0,0.0,0.0,1.0,1.0,606,54,66,60.6,5.738757124441958,60.6,0.0014006853103637,10,0.9290957701022128,29.64
20.0,6,64.0,955.4876187438778,0.0,0.0,0.5,0.5,0.5,0.0,0.0,5,0,0,5,0,0.0104658603668212,0.0,1.0,0.0,0.0,0.0,0.0,0.0,1.0,0.0,0.0,0.0,0.0,0.0,1.0,1.0,600,54,66,60.0,6.324555320336759,60.0,0.0010487079620361,10,0.9293344008552924,36.0
20.0,6,64.0,514.9101980185865,0.0,0.0,0.6,0.4,0.4,0.0,0.0,4,0,0,6,0,0.0194208621978759,0.0,1.0,0.0,0.0,0.0,0.0,0.0,1.0,0.0,0.0,0.0,0.0,0.0,1.0,1.0,4074,54,1224,407.4,563.5278165272766,407.4,0.0019439935684204,10,1.0,302144.8888888889
20.0,6,64.0,1107.0562462058226,0.0,0.0,0.5,0.5,0.5,0.0,0.0,5,0,0,5,0,0.0090329647064208,0.0,1.0,0.0,0.0,0.0,0.0,0.0,1.0,0.0,0.0,0.0,0.0,0.0,1.0,1.0,6390,54,1224,639.0,616.644143732834,639.0,0.0010411024093627,10,1.0,342225.0
20.0,6,64.0,1180.3635954297292,0.0,0.0,0.5,0.5,0.5,0.0,0.0,5,0,0,5,0,0.0084719657897949,0.0,1.0,0.0,0.0,0.0,0.0,0.0,1.0,0.0,0.0,0.0,0.0,0.0,1.0,1.0,6396,54,1226,639.6,617.2770312698613,639.6,0.0010241985321044,10,1.0,342927.84
20.0,6,64.0,921.2378923323596,0.0,0.0,0.5,0.5,0.5,0.0,0.0,5,0,0,5,0,0.010854959487915,0.0,1.0,0.0,0.0,0.0,0.0,0.0,1.0,0.0,0.0,0.0,0.0,0.0,1.0,1.0,7572,54,1226,757.2,605.2181975673457,757.2,0.0013092994689941,10,1.0,339156.5432098766
20.0,6,64.0,381.3593009828792,0.0,0.0,0.9,0.1,0.1,0.0,0.0,1,0,0,9,0,0.0262219905853271,0.0,1.0,0.0,0.0,0.0,0.0,0.0,1.0,0.0,0.0,0.0,0.0,0.0,1.0,1.0,1796,54,1226,179.6,367.7013280730254,179.6,0.0026239156723022,10,1.0,343396.0
20.0,6,64.0,535.3838298741416,0.0,0.0,1.0,0.0,0.0,0.0,0.0,0,0,0,10,0,0.0186781883239746,0.0,1.0,0.0,0.0,0.0,0.0,0.0,1.0,0.0,0.0,0.0,0.0,0.0,1.0,1.0,674,66,68,67.4,0.9660917830792958,67.4,0.0021085023880004,10,0.0,1.0
20.0,6,64.0,357.9612876796504,0.0,0.0,1.0,0.0,0.0,0.0,0.0,0,0,0,10,0,0.0279359817504882,0.0,1.0,0.0,0.0,0.0,0.0,0.0,1.0,0.0,0.0,0.0,0.0,0.0,1.0,1.0,1310,68,158,131.0,43.47413023856832,131.0,0.0030230998992919,10,0.9206098316939832,2025.0
20.0,6,64.0,406.2555330627743,0.0,0.0,1.0,0.0,0.0,0.0,0.0,0,0,0,10,0,0.0246150493621826,0.0,1.0,0.0,0.0,0.0,0.0,0.0,1.0,0.0,0.0,0.0,0.0,0.0,1.0,1.0,1594,158,160,159.4,0.9660917830792958,159.4,0.0026793956756591,10,0.0,1.0
20.0,6,64.0,430.8877040507084,0.0,0.0,0.9,0.1,0.1,0.0,0.0,1,0,0,9,0,0.0232079029083251,0.0,1.0,0.0,0.0,0.0,0.0,0.0,1.0,0.0,0.0,0.0,0.0,0.0,1.0,1.0,930,54,160,93.0,46.38246795216198,93.0,0.0023216962814331,10,0.9456523921449927,2319.673469387755
20.0,6,64.0,753.0709566216605,0.0,0.0,0.5,0.5,0.5,0.0,0.0,5,0,0,5,0,0.0132789611816406,0.0,1.0,0.0,0.0,0.0,0.0,0.0,1.0,0.0,0.0,0.0,0.0,0.0,1.0,1.0,616,54,68,61.6,6.586180818788516,61.6,0.0015039920806884,10,0.9294409766183416,39.04
20.0,6,64.0,628.539059807286,0.0,0.0,0.8,0.2,0.2,0.0,0.0,2,0,0,8,0,0.0159099102020263,0.0,1.0,0.0,0.0,0.0,0.0,0.0,1.0,0.0,0.0,0.0,0.0,0.0,1.0,1.0,638,54,68,63.8,6.762642481555072,63.8,0.0015949964523315,10,0.9295128600412864,49.0
20.0,6,64.0,392.3723993414159,0.0,0.0,1.0,0.0,0.0,0.0,0.0,0,0,0,10,0,0.0254859924316406,0.0,1.0,0.0,0.0,0.0,0.0,0.0,1.0,0.0,0.0,0.0,0.0,0.0,1.0,1.0,644,64,68,64.4,1.264911064067351,64.4,0.0027318000793457,10,0.9102320041710584,4.0
20.0,6,64.0,497.6571231950261,0.0,0.0,1.0,0.0,0.0,0.0,0.0,0,0,0,10,0,0.0200941562652587,0.0,1.0,0.0,0.0,0.0,0.0,0.0,1.0,0.0,0.0,0.0,0.0,0.0,1.0,1.0,658,64,66,65.8,0.6324555320336757,65.8,0.00226411819458,10,0.0,1.0
20.0,6,64.0,330.4370844231557,0.0,0.0,1.0,0.0,0.0,0.0,0.0,0,0,0,10,0,0.0302629470825195,0.0,1.0,0.0,0.0,0.0,0.0,0.0,1.0,0.0,0.0,0.0,0.0,0.0,1.0,1.0,660,66,66,66.0,0.0,66.0,0.0031955957412719,10,0.0,0.0
20.0,6,64.0,578.0702068718386,0.0,0.0,1.0,0.0,0.0,0.0,0.0,0,0,0,10,0,0.017298936843872,0.0,1.0,0.0,0.0,0.0,0.0,0.0,1.0,0.0,0.0,0.0,0.0,0.0,1.0,1.0,678,66,68,67.8,0.6324555320336757,67.8,0.0019964933395385,10,0.0,1.0
20.0,6,64.0,366.2188072993976,0.0,0.0,1.0,0.0,0.0,0.0,0.0,0,0,0,10,0,0.0273060798645019,0.0,1.0,0.0,0.0,0.0,0.0,0.0,1.0,0.0,0.0,0.0,0.0,0.0,1.0,1.0,644,64,68,64.4,1.264911064067351,64.4,0.0029220104217529,10,0.9102320041710584,4.0
20.0,6,64.0,460.8517558124203,0.0,0.0,1.0,0.0,0.0,0.0,0.0,0,0,0,10,0,0.0216989517211914,0.0,1.0,0.0,0.0,0.0,0.0,0.0,1.0,0.0,0.0,0.0,0.0,0.0,1.0,1.0,658,64,66,65.8,0.6324555320336757,65.8,0.002475881576538,10,0.0,1.0
20.0,6,64.0,440.89770947430384,0.0,0.0,0.6,0.4,0.4,0.0,0.0,4,0,0,6,0,0.0226809978485107,0.0,1.0,0.0,0.0,0.0,0.0,0.0,1.0,0.0,0.0,0.0,0.0,0.0,1.0,1.0,612,54,66,61.2,6.196773353931867,61.2,0.0022698163986206,10,0.9292823475934576,34.56
20.0,6,64.0,1147.5837916222058,0.0,0.0,0.5,0.5,0.5,0.0,0.0,5,0,0,5,0,0.008713960647583,0.0,1.0,0.0,0.0,0.0,0.0,0.0,1.0,0.0,0.0,0.0,0.0,0.0,1.0,1.0,600,54,66,60.0,6.324555320336759,60.0,0.0010875940322875,10,0.9293344008552924,36.0
20.0,6,64.0,924.5478993078516,0.0,0.0,0.5,0.5,0.5,0.0,0.0,5,0,0,5,0,0.0108160972595214,0.0,1.0,0.0,0.0,0.0,0.0,0.0,1.0,0.0,0.0,0.0,0.0,0.0,1.0,1.0,624,54,68,62.4,7.229568912920511,62.4,0.0013123035430908,10,0.9297030671923672,49.0
20.0,6,64.0,553.7692927212474,0.0,0.0,0.5,0.5,0.5,0.0,0.0,5,0,0,5,0,0.0180580615997314,0.0,1.0,0.0,0.0,0.0,0.0,0.0,1.0,0.0,0.0,0.0,0.0,0.0,1.0,1.0,608,54,68,60.8,7.192588778272627,60.8,0.0018075942993164,10,0.9296880029647172,49.0
20.0,6,64.0,882.0643098988454,0.0,0.0,0.6,0.4,0.4,0.0,0.0,4,0,0,6,0,0.0113370418548583,0.0,1.0,0.0,0.0,0.0,0.0,0.0,1.0,0.0,0.0,0.0,0.0,0.0,1.0,1.0,612,54,66,61.2,6.196773353931867,61.2,0.0011372089385986,10,0.9292823475934576,36.0
20.0,6,64.0,632.3103131171514,0.0,0.0,0.6,0.4,0.4,0.0,0.0,4,0,0,6,0,0.0158150196075439,0.0,1.0,0.0,0.0,0.0,0.0,0.0,1.0,0.0,0.0,0.0,0.0,0.0,1.0,1.0,602,54,67,60.2,6.545566777937908,60.2,0.0015827894210815,10,0.9294244320826608,38.56
20.0,6,64.0,567.733831451853,0.0,0.0,0.6,0.4,0.4,0.0,0.0,4,0,0,6,0,0.0176138877868652,0.0,1.0,0.0,0.0,0.0,0.0,0.0,1.0,0.0,0.0,0.0,0.0,0.0,1.0,1.0,618,54,67,61.8,6.713171133426189,61.8,0.0018837928771972,10,0.9294927073929125,42.25
20.0,6,64.0,842.6865971510658,0.0,0.0,0.5,0.5,0.5,0.0,0.0,5,0,0,5,0,0.011866807937622,0.0,1.0,0.0,0.0,0.0,0.0,0.0,1.0,0.0,0.0,0.0,0.0,0.0,1.0,1.0,5246,54,1224,524.6,601.9684746267402,524.6,0.0014045000076293,10,1.0,326129.44
20.0,6,64.0,764.7001768491677,0.0,0.0,0.6,0.4,0.4,0.0,0.0,4,0,0,6,0,0.0130770206451416,0.0,1.0,0.0,0.0,0.0,0.0,0.0,1.0,0.0,0.0,0.0,0.0,0.0,1.0,1.0,7560,54,1224,756.0,604.1854020083571,756.0,0.0013111114501953,10,1.0,342225.0
20.0,6,64.0,635.0003027917398,0.0,0.0,0.8,0.2,0.2,0.0,0.0,2,0,0,8,0,0.0157480239868164,0.0,1.0,0.0,0.0,0.0,0.0,0.0,1.0,0.0,0.0,0.0,0.0,0.0,1.0,1.0,8737,54,1225,873.7,565.6467389929278,873.7,0.001576805114746,10,1.0,342810.25
20.0,6,64.0,517.5405648853078,0.0,0.0,0.6,0.4,0.4,0.0,0.0,4,0,0,6,0,0.0193221569061279,0.0,1.0,0.0,0.0,0.0,0.0,0.0,1.0,0.0,0.0,0.0,0.0,0.0,1.0,1.0,4083,54,1225,408.3,563.5934409365202,408.3,0.0021491050720214,10,1.0,340872.47222222225
20.0,6,64.0,1095.1757271920203,0.0,0.0,0.5,0.5,0.5,0.0,0.0,5,0,0,5,0,0.0091309547424316,0.0,1.0,0.0,0.0,0.0,0.0,0.0,1.0,0.0,0.0,0.0,0.0,0.0,1.0,1.0,600,54,64,60.0,5.163977794943222,60.0,0.000974678993225,10,0.928861627994548,24.691358024691358
20.0,6,64.0,922.9406975464848,0.0,0.0,0.5,0.5,0.5,0.0,0.0,5,0,0,5,0,0.0108349323272705,0.0,1.0,0.0,0.0,0.0,0.0,0.0,1.0,0.0,0.0,0.0,0.0,0.0,1.0,1.0,598,54,66,59.8,6.142746399887703,59.8,0.0010851144790649,10,0.9292603391734584,33.959999999999994
20.0,6,64.0,899.0427196536128,0.0,0.0,0.5,0.5,0.5,0.0,0.0,5,0,0,5,0,0.0111229419708251,0.0,1.0,0.0,0.0,0.0,0.0,0.0,1.0,0.0,0.0,0.0,0.0,0.0,1.0,1.0,600,54,66,60.0,6.324555320336759,60.0,0.0011142015457153,10,0.9293344008552924,36.0
20.0,6,64.0,550.3902579849356,0.0,0.0,0.6,0.4,0.4,0.0,0.0,4,0,0,6,0,0.0181689262390136,0.0,1.0,0.0,0.0,0.0,0.0,0.0,1.0,0.0,0.0,0.0,0.0,0.0,1.0,1.0,708,54,93,70.8,19.452506265260524,70.8,0.0018195867538452,10,0.9346822029522164,343.55555555555554
20.0,6,64.0,478.08142980896366,0.0,0.0,0.6,0.4,0.4,0.0,0.0,4,0,0,6,0,0.0209169387817382,0.0,1.0,0.0,0.0,0.0,0.0,0.0,1.0,0.0,0.0,0.0,0.0,0.0,1.0,1.0,774,54,93,77.4,20.139513400278567,77.4,0.0022962093353271,10,0.9349620621787376,365.04
20.0,6,64.0,2283.60864594109,0.0,0.0,0.5,0.5,0.5,0.0,0.0,5,0,0,5,0,0.0043790340423583,0.0,1.0,0.0,0.0,0.0,0.0,0.0,1.0,0.0,0.0,0.0,0.0,0.0,1.0,1.0,786,54,95,78.6,21.17230895926721,78.6,0.000500202178955,10,0.9353827817776472,420.25
20.0,6,64.0,512.8764979212522,0.0,0.0,0.6,0.4,0.4,0.0,0.0,4,0,0,6,0,0.0194978713989257,0.0,1.0,0.0,0.0,0.0,0.0,0.0,1.0,0.0,0.0,0.0,0.0,0.0,1.0,1.0,784,54,95,78.4,21.00370337715603,78.4,0.001951789855957,10,0.9353140986077184,420.25
20.0,6,64.0,806.8451831332718,0.0,0.0,0.6,0.4,0.4,0.0,0.0,4,0,0,6,0,0.0123939514160156,0.0,1.0,0.0,0.0,0.0,0.0,0.0,1.0,0.0,0.0,0.0,0.0,0.0,1.0,1.0,740,54,94,74.0,21.081851067789195,74.0,0.0012418031692504,10,0.9353459328509748,400.0
20.0,6,64.0,829.1924164244905,0.0,0.0,0.6,0.4,0.4,0.0,0.0,4,0,0,6,0,0.0120599269866943,0.0,1.0,0.0,0.0,0.0,0.0,0.0,1.0,0.0,0.0,0.0,0.0,0.0,1.0,1.0,786,54,96,78.6,21.188046944759524,78.6,0.0013957023620605,10,0.9353891928034171,404.04
20.0,6,64.0,938.6170165152396,0.0,0.0,0.5,0.5,0.5,0.0,0.0,5,0,0,5,0,0.0106539726257324,0.0,1.0,0.0,0.0,0.0,0.0,0.0,1.0,0.0,0.0,0.0,0.0,0.0,1.0,1.0,792,54,96,79.2,21.68870673876153,79.2,0.0010664939880371,10,0.935593141577102,441.0
20.0,6,64.0,355.5941399891481,0.0,0.0,0.9,0.1,0.1,0.0,0.0,1,0,0,9,0,0.0281219482421875,0.0,1.0,0.0,0.0,0.0,0.0,0.0,1.0,0.0,0.0,0.0,0.0,0.0,1.0,1.0,862,54,96,86.2,16.982343772283027,86.2,0.0028144121170043,10,0.9336759575590772,441.0
20.0,6,64.0,477.6893991162134,0.0,0.0,1.0,0.0,0.0,0.0,0.0,0,0,0,10,0,0.0209341049194335,0.0,1.0,0.0,0.0,0.0,0.0,0.0,1.0,0.0,0.0,0.0,0.0,0.0,1.0,1.0,954,94,96,95.4,0.9660917830792958,95.4,0.0023082017898559,10,0.0,1.0
20.0,6,64.0,401.7994405487221,0.0,0.0,1.0,0.0,0.0,0.0,0.0,0,0,0,10,0,0.0248880386352539,0.0,1.0,0.0,0.0,0.0,0.0,0.0,1.0,0.0,0.0,0.0,0.0,0.0,1.0,1.0,736,64,96,73.6,15.457468529268734,73.6,0.0026969909667968,10,0.916013484380083,256.0
20.0,6,64.0,503.9534771951747,0.0,0.0,1.0,0.0,0.0,0.0,0.0,0,0,0,10,0,0.0198431015014648,0.0,1.0,0.0,0.0,0.0,0.0,0.0,1.0,0.0,0.0,0.0,0.0,0.0,1.0,1.0,654,64,66,65.4,0.9660917830792958,65.4,0.0022212028503417,10,0.0,1.0
20.0,6,64.0,368.2024000772519,0.0,0.0,1.0,0.0,0.0,0.0,0.0,0,0,0,10,0,0.0271589756011962,0.0,1.0,0.0,0.0,0.0,0.0,0.0,1.0,0.0,0.0,0.0,0.0,0.0,1.0,1.0,660,66,66,66.0,0.0,66.0,0.0028889894485473,10,0.0,0.0
20.0,6,64.0,434.4448127278754,0.0,0.0,1.0,0.0,0.0,0.0,0.0,0,0,0,10,0,0.0230178833007812,0.0,1.0,0.0,0.0,0.0,0.0,0.0,1.0,0.0,0.0,0.0,0.0,0.0,1.0,1.0,674,66,68,67.4,0.9660917830792958,67.4,0.0025264024734497,10,0.0,1.0
20.0,6,64.0,483.81673049416327,0.0,0.0,0.6,0.4,0.4,0.0,0.0,4,0,0,6,0,0.0206689834594726,0.0,1.0,0.0,0.0,0.0,0.0,0.0,1.0,0.0,0.0,0.0,0.0,0.0,1.0,1.0,590,54,68,59.0,6.27162924074226,59.0,0.002069616317749,10,0.9293128408875088,41.95918367346939
20.0,6,64.0,697.0061153948418,0.0,0.0,0.6,0.4,0.4,0.0,0.0,4,0,0,6,0,0.0143470764160156,0.0,1.0,0.0,0.0,0.0,0.0,0.0,1.0,0.0,0.0,0.0,0.0,0.0,1.0,1.0,552,54,56,55.2,1.0327955589886444,55.2,0.0014364004135131,10,0.9271787495989096,1.0
20.0,6,64.0,910.656997698554,0.0,0.0,0.6,0.4,0.4,0.0,0.0,4,0,0,6,0,0.0109810829162597,0.0,1.0,0.0,0.0,0.0,0.0,0.0,1.0,0.0,0.0,0.0,0.0,0.0,1.0,1.0,560,54,58,56.0,2.10818510677892,56.0,0.0010998010635375,10,0.9276168202850976,4.0
20.0,6,64.0,500.00047683761295,0.0,0.0,0.8,0.2,0.2,0.0,0.0,2,0,0,8,0,0.0199999809265136,0.0,1.0,0.0,0.0,0.0,0.0,0.0,1.0,0.0,0.0,0.0,0.0,0.0,1.0,1.0,590,54,64,59.0,3.80058475033046,59.0,0.0024640798568725,10,0.9283062362038946,13.0
20.0,6,64.0,525.0756134201301,0.0,0.0,1.0,0.0,0.0,0.0,0.0,0,0,0,10,0,0.0190448760986328,0.0,1.0,0.0,0.0,0.0,0.0,0.0,1.0,0.0,0.0,0.0,0.0,0.0,1.0,1.0,646,64,66,64.6,0.966091783079296,64.6,0.0020740985870361,10,0.0,0.8400000000000001
20.0,6,64.0,355.3651675873522,0.0,0.0,1.0,0.0,0.0,0.0,0.0,0,0,0,10,0,0.0281400680541992,0.0,1.0,0.0,0.0,0.0,0.0,0.0,1.0,0.0,0.0,0.0,0.0,0.0,1.0,1.0,660,66,66,66.0,0.0,66.0,0.0031209230422973,10,0.0,0.0
20.0,6,64.0,578.1020771022563,0.0,0.0,1.0,0.0,0.0,0.0,0.0,0,0,0,10,0,0.0172979831695556,0.0,1.0,0.0,0.0,0.0,0.0,0.0,1.0,0.0,0.0,0.0,0.0,0.0,1.0,1.0,666,66,68,66.6,0.966091783079296,66.6,0.0019954919815063,10,0.0,0.8400000000000001
20.0,6,64.0,342.6522992966089,0.0,0.0,1.0,0.0,0.0,0.0,0.0,0,0,0,10,0,0.0291841030120849,0.0,1.0,0.0,0.0,0.0,0.0,0.0,1.0,0.0,0.0,0.0,0.0,0.0,1.0,1.0,674,66,68,67.4,0.966091783079296,67.4,0.0031449079513549,10,0.0,0.8400000000000001
20.0,6,64.0,500.7466482014303,0.0,0.0,1.0,0.0,0.0,0.0,0.0,0,0,0,10,0,0.0199701786041259,0.0,1.0,0.0,0.0,0.0,0.0,0.0,1.0,0.0,0.0,0.0,0.0,0.0,1.0,1.0,666,66,68,66.6,0.966091783079296,66.6,0.0021533966064453,10,0.0,0.8400000000000001
20.0,6,64.0,369.796335807868,0.0,0.0,1.0,0.0,0.0,0.0,0.0,0,0,0,10,0,0.0270419120788574,0.0,1.0,0.0,0.0,0.0,0.0,0.0,1.0,0.0,0.0,0.0,0.0,0.0,1.0,1.0,674,66,68,67.4,0.966091783079296,67.4,0.0030085802078247,10,0.0,0.8400000000000001
20.0,6,64.0,498.9536294639671,0.0,0.0,1.0,0.0,0.0,0.0,0.0,0,0,0,10,0,0.0200419425964355,0.0,1.0,0.0,0.0,0.0,0.0,0.0,1.0,0.0,0.0,0.0,0.0,0.0,1.0,1.0,666,66,68,66.6,0.966091783079296,66.6,0.0022006034851074,10,0.0,0.8400000000000001
20.0,6,64.0,264.5163812947372,0.0,0.0,1.0,0.0,0.0,0.0,0.0,0,0,0,10,0,0.0378048419952392,0.0,1.0,0.0,0.0,0.0,0.0,0.0,1.0,0.0,0.0,0.0,0.0,0.0,1.0,1.0,674,66,68,67.4,0.966091783079296,67.4,0.0040014028549194,10,0.0,0.8400000000000001
20.0,6,64.0,1008.998051432558,0.0,0.0,1.0,0.0,0.0,0.0,0.0,0,0,0,10,0,0.0099108219146728,0.0,1.0,0.0,0.0,0.0,0.0,0.0,1.0,0.0,0.0,0.0,0.0,0.0,1.0,1.0,666,66,68,66.6,0.966091783079296,66.6,0.0009927988052368,10,0.0,0.8400000000000001
20.0,6,64.0,311.22633879213754,0.0,0.0,0.8,0.2,0.2,0.0,0.0,2,0,0,8,0,0.0321309566497802,0.0,1.0,0.0,0.0,0.0,0.0,0.0,1.0,0.0,0.0,0.0,0.0,0.0,1.0,1.0,658,54,68,65.8,4.467164151400255,65.8,0.0032853126525878,10,0.9285777739887144,19.55555555555556
20.0,6,64.0,975.6010420543356,0.0,0.0,0.5,0.5,0.5,0.0,0.0,5,0,0,5,0,0.0102500915527343,0.0,1.0,0.0,0.0,0.0,0.0,0.0,1.0,0.0,0.0,0.0,0.0,0.0,1.0,1.0,590,54,64,59.0,5.270462766947299,59.0,0.0010278940200805,10,0.9289050057127436,25.0
20.0,6,64.0,760.9128841478902,0.0,0.0,0.5,0.5,0.5,0.0,0.0,5,0,0,5,0,0.0131421089172363,0.0,1.0,0.0,0.0,0.0,0.0,0.0,1.0,0.0,0.0,0.0,0.0,0.0,1.0,1.0,594,54,66,59.4,5.738757124441959,59.4,0.0013158082962036,10,0.9290957701022128,29.64
20.0,6,64.0,586.1322824522422,0.0,0.0,0.5,0.5,0.5,0.0,0.0,5,0,0,5,0,0.0170609951019287,0.0,1.0,0.0,0.0,0.0,0.0,0.0,1.0,0.0,0.0,0.0,0.0,0.0,1.0,1.0,600,54,66,60.0,6.324555320336759,60.0,0.0017087936401367,10,0.9293344008552924,36.0
20.0,6,64.0,950.4858593183468,0.0,0.0,0.5,0.5,0.5,0.0,0.0,5,0,0,5,0,0.0105209350585937,0.0,1.0,0.0,0.0,0.0,0.0,0.0,1.0,0.0,0.0,0.0,0.0,0.0,1.0,1.0,2916,54,1224,291.6,491.4484713578831,291.6,0.0010536909103393,10,1.0,217369.44
20.0,6,64.0,694.8353323172752,0.0,0.0,0.7,0.3,0.3,0.0,0.0,3,0,0,7,0,0.0143918991088867,0.0,1.0,0.0,0.0,0.0,0.0,0.0,1.0,0.0,0.0,0.0,0.0,0.0,1.0,1.0,7560,54,1224,756.0,604.1854020083571,756.0,0.0014431953430175,10,1.0,342225.0
20.0,6,64.0,1063.707235423905,0.0,0.0,0.6,0.4,0.4,0.0,0.0,4,0,0,6,0,0.0094010829925537,0.0,1.0,0.0,0.0,0.0,0.0,0.0,1.0,0.0,0.0,0.0,0.0,0.0,1.0,1.0,7568,54,1226,756.8,604.8744222288348,756.8,0.0012214183807373,10,1.0,342225.0
20.0,6,64.0,452.099079483476,0.0,0.0,0.7,0.3,0.3,0.0,0.0,3,0,0,7,0,0.0221190452575683,0.0,1.0,0.0,0.0,0.0,0.0,0.0,1.0,0.0,0.0,0.0,0.0,0.0,1.0,1.0,7584,54,1226,758.4,603.6789433686308,758.4,0.0024448871612548,10,1.0,327985.44
20.0,6,64.0,1137.5309177695813,0.0,0.0,0.5,0.5,0.5,0.0,0.0,5,0,0,5,0,0.0087909698486328,0.0,1.0,0.0,0.0,0.0,0.0,0.0,1.0,0.0,0.0,0.0,0.0,0.0,1.0,1.0,600,54,66,60.0,6.324555320336759,60.0,0.0008810997009277,10,0.9293344008552924,36.0
20.0,6,64.0,1209.7790597057974,0.0,0.0,0.5,0.5,0.5,0.0,0.0,5,0,0,5,0,0.0082659721374511,0.0,1.0,0.0,0.0,0.0,0.0,0.0,1.0,0.0,0.0,0.0,0.0,0.0,1.0,1.0,602,54,68,60.2,6.562519841239848,60.2,0.0011248111724853,10,0.9294313380825274,38.76
20.0,6,64.0,1016.2589649156812,0.0,0.0,0.5,0.5,0.5,0.0,0.0,5,0,0,5,0,0.0098400115966796,0.0,1.0,0.0,0.0,0.0,0.0,0.0,1.0,0.0,0.0,0.0,0.0,0.0,1.0,1.0,610,54,68,61.0,7.378647873726218,61.0,0.0011487960815429,10,0.9297637959978412,49.0
20.0,6,64.0,347.21059602649007,0.0,0.0,0.6,0.4,0.4,0.0,0.0,4,0,0,6,0,0.0288009643554687,0.0,1.0,0.0,0.0,0.0,0.0,0.0,1.0,0.0,0.0,0.0,0.0,0.0,1.0,1.0,620,54,68,62.0,6.928203230275509,62.0,0.0031462907791137,10,0.9295803028678852,49.0
20.0,6,64.0,1655.602747296124,0.0,0.0,1.0,0.0,0.0,0.0,0.0,0,0,0,10,0,0.0060400962829589,0.0,1.0,0.0,0.0,0.0,0.0,0.0,1.0,0.0,0.0,0.0,0.0,0.0,1.0,1.0,664,66,68,66.4,0.8432740427115678,66.4,0.0006051063537597,10,0.0,0.64
20.0,6,64.0,319.7243587300377,0.0,0.0,0.9,0.1,0.1,0.0,0.0,1,0,0,9,0,0.0312769412994384,0.0,1.0,0.0,0.0,0.0,0.0,0.0,1.0,0.0,0.0,0.0,0.0,0.0,1.0,1.0,662,54,68,66.2,4.467164151400255,66.2,0.0033387899398803,10,0.9285777739887144,17.96
20.0,6,64.0,1019.0738131104524,0.0,0.0,0.5,0.5,0.5,0.0,0.0,5,0,0,5,0,0.0098128318786621,0.0,1.0,0.0,0.0,0.0,0.0,0.0,1.0,0.0,0.0,0.0,0.0,0.0,1.0,1.0,590,54,64,59.0,5.270462766947299,59.0,0.0011415004730224,10,0.9289050057127436,25.0
20.0,6,64.0,1205.7101790898898,0.0,0.0,0.5,0.5,0.5,0.0,0.0,5,0,0,5,0,0.008293867111206,0.0,1.0,0.0,0.0,0.0,0.0,0.0,1.0,0.0,0.0,0.0,0.0,0.0,1.0,1.0,592,54,66,59.2,5.513619500836088,59.2,0.0010210037231445,10,0.9290040580398606,27.360000000000003
20.0,6,64.0,662.649140546006,0.0,0.0,0.5,0.5,0.5,0.0,0.0,5,0,0,5,0,0.0150909423828125,0.0,1.0,0.0,0.0,0.0,0.0,0.0,1.0,0.0,0.0,0.0,0.0,0.0,1.0,1.0,600,54,66,60.0,6.324555320336759,60.0,0.0017385005950927,10,0.9293344008552924,36.0
20.0,6,64.0,702.3399588070798,0.0,0.0,0.7,0.3,0.3,0.0,0.0,3,0,0,7,0,0.0142381191253662,0.0,1.0,0.0,0.0,0.0,0.0,0.0,1.0,0.0,0.0,0.0,0.0,0.0,1.0,1.0,618,54,66,61.8,5.4528280124476085,61.8,0.0015401124954223,10,0.9289792940191508,35.26530612244898
20.0,6,64.0,494.4364022161971,0.0,0.0,1.0,0.0,0.0,0.0,0.0,0,0,0,10,0,0.0202250480651855,0.0,1.0,0.0,0.0,0.0,0.0,0.0,1.0,0.0,0.0,0.0,0.0,0.0,1.0,1.0,646,64,66,64.6,0.966091783079296,64.6,0.0022363901138305,10,0.0,0.8400000000000001
20.0,6,64.0,349.0628250900889,0.0,0.0,0.8,0.2,0.2,0.0,0.0,2,0,0,8,0,0.0286481380462646,0.0,1.0,0.0,0.0,0.0,0.0,0.0,1.0,0.0,0.0,0.0,0.0,0.0,1.0,1.0,918,54,201,91.8,57.67495123535,91.8,0.003074312210083,10,0.9502524981352322,2993.76
20.0,6,64.0,444.1660048077432,0.0,0.0,0.7,0.3,0.3,0.0,0.0,3,0,0,7,0,0.0225141048431396,0.0,1.0,0.0,0.0,0.0,0.0,0.0,1.0,0.0,0.0,0.0,0.0,0.0,1.0,1.0,1422,54,201,142.2,75.91047358566537,142.2,0.002254295349121,10,0.9576809205198566,5402.25
20.0,6,64.0,816.9183725142668,0.0,0.0,0.7,0.3,0.3,0.0,0.0,3,0,0,7,0,0.0122411251068115,0.0,1.0,0.0,0.0,0.0,0.0,0.0,1.0,0.0,0.0,0.0,0.0,0.0,1.0,1.0,1579,54,203,157.9,71.70223923359096,157.9,0.0017956018447875,10,0.9559666541741956,5402.25
20.0,6,64.0,347.21059602649007,0.0,0.0,0.9,0.1,0.1,0.0,0.0,1,0,0,9,0,0.0288009643554687,0.0,1.0,0.0,0.0,0.0,0.0,0.0,1.0,0.0,0.0,0.0,0.0,0.0,1.0,1.0,1389,54,203,138.9,68.0105383990844,138.9,0.0031378030776977,10,0.954462802922251,4197.135802469135
20.0,6,64.0,1593.096323305986,0.0,0.0,0.9,0.1,0.1,0.0,0.0,1,0,0,9,0,0.0062770843505859,0.0,1.0,0.0,0.0,0.0,0.0,0.0,1.0,0.0,0.0,0.0,0.0,0.0,1.0,1.0,780,54,82,78.0,8.48528137423857,78.0,0.0006304025650024,10,0.9302145942206098,82.77551020408164
20.0,6,64.0,957.4943499600504,0.0,0.0,0.6,0.4,0.4,0.0,0.0,4,0,0,6,0,0.0104439258575439,0.0,1.0,0.0,0.0,0.0,0.0,0.0,1.0,0.0,0.0,0.0,0.0,0.0,1.0,1.0,708,54,82,70.8,14.459137825841022,70.8,0.0013316869735717,10,0.9326481043847346,196.0
20.0,6,64.0,409.5680024998047,0.0,0.0,1.0,0.0,0.0,0.0,0.0,0,0,0,10,0,0.0244159698486328,0.0,1.0,0.0,0.0,0.0,0.0,0.0,1.0,0.0,0.0,0.0,0.0,0.0,1.0,1.0,658,64,82,65.8,5.692099788303085,65.8,0.0026760101318359,10,0.9120354637697632,81.0
20.0,6,64.0,522.6807566732298,0.0,0.0,1.0,0.0,0.0,0.0,0.0,0,0,0,10,0,0.0191321372985839,0.0,1.0,0.0,0.0,0.0,0.0,0.0,1.0,0.0,0.0,0.0,0.0,0.0,1.0,1.0,658,64,66,65.8,0.6324555320336757,65.8,0.0020828962326049,10,0.0,1.0
20.0,6,64.0,370.495371351848,0.0,0.0,1.0,0.0,0.0,0.0,0.0,0,0,0,10,0,0.0269908905029296,0.0,1.0,0.0,0.0,0.0,0.0,0.0,1.0,0.0,0.0,0.0,0.0,0.0,1.0,1.0,660,66,66,66.0,0.0,66.0,0.0028622865676879,10,0.0,0.0
20.0,6,64.0,509.5802403139389,0.0,0.0,1.0,0.0,0.0,0.0,0.0,0,0,0,10,0,0.0196239948272705,0.0,1.0,0.0,0.0,0.0,0.0,0.0,1.0,0.0,0.0,0.0,0.0,0.0,1.0,1.0,678,66,68,67.8,0.6324555320336757,67.8,0.0021483182907104,10,0.0,1.0
20.0,6,64.0,337.9968249619237,0.0,0.0,1.0,0.0,0.0,0.0,0.0,0,0,0,10,0,0.0295860767364501,0.0,1.0,0.0,0.0,0.0,0.0,0.0,1.0,0.0,0.0,0.0,0.0,0.0,1.0,1.0,644,64,68,64.4,1.264911064067351,64.4,0.003122591972351,10,0.9102320041710584,4.0
20.0,6,64.0,492.589843566496,0.0,0.0,1.0,0.0,0.0,0.0,0.0,0,0,0,10,0,0.0203008651733398,0.0,1.0,0.0,0.0,0.0,0.0,0.0,1.0,0.0,0.0,0.0,0.0,0.0,1.0,1.0,658,64,66,65.8,0.6324555320336757,65.8,0.0022744894027709,10,0.0,1.0
20.0,6,64.0,478.42498488633385,0.0,0.0,0.6,0.4,0.4,0.0,0.0,4,0,0,6,0,0.0209019184112548,0.0,1.0,0.0,0.0,0.0,0.0,0.0,1.0,0.0,0.0,0.0,0.0,0.0,1.0,1.0,624,54,66,62.4,5.796550698475775,62.4,0.0023607015609741,10,0.9291193128925312,32.0
20.0,6,64.0,869.7184091568863,0.0,0.0,0.6,0.4,0.4,0.0,0.0,4,0,0,6,0,0.0114979743957519,0.0,1.0,0.0,0.0,0.0,0.0,0.0,1.0,0.0,0.0,0.0,0.0,0.0,1.0,1.0,602,54,68,60.2,6.562519841239848,60.2,0.0011516094207763,10,0.9294313380825274,38.76
20.0,6,64.0,881.2118410824212,0.0,0.0,0.5,0.5,0.5,0.0,0.0,5,0,0,5,0,0.011348009109497,0.0,1.0,0.0,0.0,0.0,0.0,0.0,1.0,0.0,0.0,0.0,0.0,0.0,1.0,1.0,624,54,68,62.4,7.229568912920511,62.4,0.0013514995574951,10,0.9297030671923672,49.0
20.0,6,64.0,498.0057467170098,0.0,0.0,0.7,0.3,0.3,0.0,0.0,3,0,0,7,0,0.0200800895690917,0.0,1.0,0.0,0.0,0.0,0.0,0.0,1.0,0.0,0.0,0.0,0.0,0.0,1.0,1.0,618,54,68,61.8,6.762642481555072,61.8,0.0020097970962524,10,0.9295128600412864,49.0
20.0,6,64.0,503.6750966688282,0.0,0.0,1.0,0.0,0.0,0.0,0.0,0,0,0,10,0,0.0198540687561035,0.0,1.0,0.0,0.0,0.0,0.0,0.0,1.0,0.0,0.0,0.0,0.0,0.0,1.0,1.0,666,66,68,66.6,0.966091783079296,66.6,0.0022171020507812,10,0.0,0.8400000000000001
20.0,6,64.0,381.3731712417825,0.0,0.0,1.0,0.0,0.0,0.0,0.0,0,0,0,10,0,0.0262210369110107,0.0,1.0,0.0,0.0,0.0,0.0,0.0,1.0,0.0,0.0,0.0,0.0,0.0,1.0,1.0,674,66,68,67.4,0.966091783079296,67.4,0.002927803993225,10,0.0,0.8400000000000001
20.0,6,64.0,410.321267853649,0.0,0.0,1.0,0.0,0.0,0.0,0.0,0,0,0,10,0,0.0243711471557617,0.0,1.0,0.0,0.0,0.0,0.0,0.0,1.0,0.0,0.0,0.0,0.0,0.0,1.0,1.0,666,66,68,66.6,0.966091783079296,66.6,0.0026875019073486,10,0.0,0.8400000000000001
20.0,6,64.0,422.868319437023,0.0,0.0,0.8,0.2,0.2,0.0,0.0,2,0,0,8,0,0.0236480236053466,0.0,1.0,0.0,0.0,0.0,0.0,0.0,1.0,0.0,0.0,0.0,0.0,0.0,1.0,1.0,658,54,68,65.8,4.467164151400255,65.8,0.002366304397583,10,0.9285777739887144,19.55555555555556
20.0,6,64.0,885.3599020559801,0.0,0.0,0.5,0.5,0.5,0.0,0.0,5,0,0,5,0,0.0112948417663574,0.0,1.0,0.0,0.0,0.0,0.0,0.0,1.0,0.0,0.0,0.0,0.0,0.0,1.0,1.0,590,54,64,59.0,5.270462766947299,59.0,0.0011321783065795,10,0.9289050057127436,25.0
20.0,6,64.0,856.837245408674,0.0,0.0,0.5,0.5,0.5,0.0,0.0,5,0,0,5,0,0.0116708278656005,0.0,1.0,0.0,0.0,0.0,0.0,0.0,1.0,0.0,0.0,0.0,0.0,0.0,1.0,1.0,594,54,66,59.4,5.738757124441959,59.4,0.0011698007583618,10,0.9290957701022128,29.64
20.0,6,64.0,938.0082746282008,0.0,0.0,0.5,0.5,0.5,0.0,0.0,5,0,0,5,0,0.0106608867645263,0.0,1.0,0.0,0.0,0.0,0.0,0.0,1.0,0.0,0.0,0.0,0.0,0.0,1.0,1.0,600,54,66,60.0,6.324555320336759,60.0,0.0010683059692382,10,0.9293344008552924,36.0
20.0,6,64.0,530.7834626238595,0.0,0.0,0.7,0.3,0.3,0.0,0.0,3,0,0,7,0,0.0188400745391845,0.0,1.0,0.0,0.0,0.0,0.0,0.0,1.0,0.0,0.0,0.0,0.0,0.0,1.0,1.0,606,54,66,60.6,5.738757124441959,60.6,0.0018856048583984,10,0.9290957701022128,36.0
20.0,6,64.0,579.3717711412548,0.0,0.0,1.0,0.0,0.0,0.0,0.0,0,0,0,10,0,0.0172600746154785,0.0,1.0,0.0,0.0,0.0,0.0,0.0,1.0,0.0,0.0,0.0,0.0,0.0,1.0,1.0,646,64,66,64.6,0.966091783079296,64.6,0.0020760059356689,10,0.0,0.8400000000000001
20.0,6,64.0,370.1095953267565,0.0,0.0,0.8,0.2,0.2,0.0,0.0,2,0,0,8,0,0.0270190238952636,0.0,1.0,0.0,0.0,0.0,0.0,0.0,1.0,0.0,0.0,0.0,0.0,0.0,1.0,1.0,648,54,66,64.8,3.794733192202055,64.8,0.002956485748291,10,0.9283038525131756,14.22222222222222
20.0,6,64.0,794.526236029551,0.0,0.0,0.5,0.5,0.5,0.0,0.0,5,0,0,5,0,0.0125861167907714,0.0,1.0,0.0,0.0,0.0,0.0,0.0,1.0,0.0,0.0,0.0,0.0,0.0,1.0,1.0,600,54,66,60.0,6.324555320336759,60.0,0.0012612104415893,10,0.9293344008552924,36.0
20.0,6,64.0,770.8275595905391,0.0,0.0,0.6,0.4,0.4,0.0,0.0,4,0,0,6,0,0.0129730701446533,0.0,1.0,0.0,0.0,0.0,0.0,0.0,1.0,0.0,0.0,0.0,0.0,0.0,1.0,1.0,600,54,66,60.0,6.324555320336759,60.0,0.0012995958328247,10,0.9293344008552924,36.0
20.0,6,64.0,761.1614401858304,0.0,0.0,0.5,0.5,0.5,0.0,0.0,5,0,0,5,0,0.0131378173828125,0.0,1.0,0.0,0.0,0.0,0.0,0.0,1.0,0.0,0.0,0.0,0.0,0.0,1.0,1.0,612,54,66,61.2,6.196773353931867,61.2,0.001566195487976,10,0.9292823475934576,36.0
20.0,6,64.0,520.3463762002829,0.0,0.0,0.7,0.3,0.3,0.0,0.0,3,0,0,7,0,0.0192179679870605,0.0,1.0,0.0,0.0,0.0,0.0,0.0,1.0,0.0,0.0,0.0,0.0,0.0,1.0,1.0,5860,54,1378,586.0,681.6607171704508,586.0,0.0019242048263549,10,1.0,418195.2
20.0,6,64.0,836.268368059017,0.0,0.0,0.8,0.2,0.2,0.0,0.0,2,0,0,8,0,0.0119578838348388,0.0,1.0,0.0,0.0,0.0,0.0,0.0,1.0,0.0,0.0,0.0,0.0,0.0,1.0,1.0,12462,54,1380,1246.2,418.89744170460943,1246.2,0.0011966943740844,10,1.0,173264.88888888888
20.0,6,64.0,636.4166603444352,0.0,0.0,0.8,0.2,0.2,0.0,0.0,2,0,0,8,0,0.0157129764556884,0.0,1.0,0.0,0.0,0.0,0.0,0.0,1.0,0.0,0.0,0.0,0.0,0.0,1.0,1.0,9822,54,1380,982.2,640.5188521815732,982.2,0.0015722036361694,10,1.0,439569.0
20.0,6,64.0,5840.835538225874,0.0,0.0,0.5,0.5,0.5,0.0,0.0,5,0,0,5,0,0.0017120838165283,0.0,1.0,0.0,0.0,0.0,0.0,0.0,1.0,0.0,0.0,0.0,0.0,0.0,1.0,1.0,612,54,66,61.2,6.196773353931867,61.2,0.0024141073226928,10,0.9292823475934576,35.55555555555556
20.0,6,64.0,662.9947994878523,0.0,0.0,0.7,0.3,0.3,0.0,0.0,3,0,0,7,0,0.0150830745697021,0.0,1.0,0.0,0.0,0.0,0.0,0.0,1.0,0.0,0.0,0.0,0.0,0.0,1.0,1.0,630,54,68,63.0,6.27162924074226,63.0,0.0015100002288818,10,0.9293128408875088,36.4375
20.0,6,64.0,382.90857967098174,0.0,0.0,0.9,0.1,0.1,0.0,0.0,1,0,0,9,0,0.0261158943176269,0.0,1.0,0.0,0.0,0.0,0.0,0.0,1.0,0.0,0.0,0.0,0.0,0.0,1.0,1.0,795,54,211,79.5,46.56954178668953,79.5,0.0026145935058593,10,0.945728598542226,1951.85
20.0,6,64.0,377.4299906414225,0.0,0.0,1.0,0.0,0.0,0.0,0.0,0,0,0,10,0,0.0264949798583984,0.0,1.0,0.0,0.0,0.0,0.0,0.0,1.0,0.0,0.0,0.0,0.0,0.0,1.0,1.0,2112,211,213,211.2,0.6324555320336759,211.2,0.0028995990753173,10,0.0,0.36
20.0,6,64.0,405.7289339021252,0.0,0.0,0.9,0.1,0.1,0.0,0.0,1,0,0,9,0,0.0246469974517822,0.0,1.0,0.0,0.0,0.0,0.0,0.0,1.0,0.0,0.0,0.0,0.0,0.0,1.0,1.0,2002,85,213,200.2,40.47715405015526,200.2,0.0024672985076904,10,0.8904187734738713,1474.56
20.0,6,64.0,653.5117869774543,0.0,0.0,0.6,0.4,0.4,0.0,0.0,4,0,0,6,0,0.0153019428253173,0.0,1.0,0.0,0.0,0.0,0.0,0.0,1.0,0.0,0.0,0.0,0.0,0.0,1.0,1.0,695,54,85,69.5,16.338434577536628,69.5,0.0015350103378295,10,0.9334136547095052,240.25
20.0,6,64.0,870.1694985581212,0.0,0.0,0.5,0.5,0.5,0.0,0.0,5,0,0,5,0,0.0114920139312744,0.0,1.0,0.0,0.0,0.0,0.0,0.0,1.0,0.0,0.0,0.0,0.0,0.0,1.0,1.0,730,54,87,73.0,16.3707055437449,73.0,0.0013481855392456,10,0.9334268006103,243.80246913580245
20.0,6,64.0,946.966495078118,0.0,0.0,0.5,0.5,0.5,0.0,0.0,5,0,0,5,0,0.0105600357055664,0.0,1.0,0.0,0.0,0.0,0.0,0.0,1.0,0.0,0.0,0.0,0.0,0.0,1.0,1.0,705,54,87,70.5,17.392527130926087,70.5,0.0010600090026855,10,0.933843049852054,272.25
20.0,6,64.0,718.4364776211439,0.0,0.0,0.5,0.5,0.5,0.0,0.0,5,0,0,5,0,0.0139191150665283,0.0,1.0,0.0,0.0,0.0,0.0,0.0,1.0,0.0,0.0,0.0,0.0,0.0,1.0,1.0,663,54,87,66.3,15.063200191194433,66.3,0.0013936042785644,10,0.9328941752298848,272.25
20.0,6,64.0,958.1286549707602,0.0,0.0,0.5,0.5,0.5,0.0,0.0,5,0,0,5,0,0.01043701171875,0.0,1.0,0.0,0.0,0.0,0.0,0.0,1.0,0.0,0.0,0.0,0.0,0.0,1.0,1.0,600,54,66,60.0,6.324555320336759,60.0,0.0010478973388671,10,0.9293344008552924,36.0
20.0,6,64.0,917.1887163787447,0.0,0.0,0.5,0.5,0.5,0.0,0.0,5,0,0,5,0,0.0109028816223144,0.0,1.0,0.0,0.0,0.0,0.0,0.0,1.0,0.0,0.0,0.0,0.0,0.0,1.0,1.0,604,54,68,60.4,6.785605679999719,60.4,0.0010922908782958,10,0.9295222143298046,41.44
20.0,6,64.0,628.539059807286,0.0,0.0,0.5,0.5,0.5,0.0,0.0,5,0,0,5,0,0.0159099102020263,0.0,1.0,0.0,0.0,0.0,0.0,0.0,1.0,0.0,0.0,0.0,0.0,0.0,1.0,1.0,610,54,68,61.0,7.378647873726218,61.0,0.0015928983688354,10,0.9297637959978412,49.0
20.0,6,64.0,693.1359069275516,0.0,0.0,0.6,0.4,0.4,0.0,0.0,4,0,0,6,0,0.0144271850585937,0.0,1.0,0.0,0.0,0.0,0.0,0.0,1.0,0.0,0.0,0.0,0.0,0.0,1.0,1.0,1492,54,509,149.2,189.7388849035549,149.2,0.0014448165893554,10,1.0,34881.950617283954
20.0,6,64.0,1146.768010936432,0.0,0.0,0.5,0.5,0.5,0.0,0.0,5,0,0,5,0,0.0087201595306396,0.0,1.0,0.0,0.0,0.0,0.0,0.0,1.0,0.0,0.0,0.0,0.0,0.0,1.0,1.0,2815,54,509,281.5,239.8060558961021,281.5,0.0011404037475585,10,1.0,51756.25
20.0,6,64.0,938.7010429255628,0.0,0.0,0.5,0.5,0.5,0.0,0.0,5,0,0,5,0,0.010653018951416,0.0,1.0,0.0,0.0,0.0,0.0,0.0,1.0,0.0,0.0,0.0,0.0,0.0,1.0,1.0,3276,54,511,327.6,235.4788030092447,327.6,0.0014591932296752,10,1.0,51297.72839506173
20.0,6,64.0,900.4130350779271,0.0,0.0,0.6,0.4,0.4,0.0,0.0,4,0,0,6,0,0.0111060142517089,0.0,1.0,0.0,0.0,0.0,0.0,0.0,1.0,0.0,0.0,0.0,0.0,0.0,1.0,1.0,2825,54,511,282.5,240.8601484494916,282.5,0.0011129856109619,10,1.0,52212.25
20.0,6,64.0,454.87419746659725,0.0,0.0,0.9,0.1,0.1,0.0,0.0,1,0,0,9,0,0.0219841003417968,0.0,1.0,0.0,0.0,0.0,0.0,0.0,1.0,0.0,0.0,0.0,0.0,0.0,1.0,1.0,1538,54,511,153.8,188.29810880032173,153.8,0.002372121810913,10,1.0,50868.25
20.0,6,64.0,582.7526606830244,0.0,0.0,1.0,0.0,0.0,0.0,0.0,0,0,0,10,0,0.0171599388122558,0.0,1.0,0.0,0.0,0.0,0.0,0.0,1.0,0.0,0.0,0.0,0.0,0.0,1.0,1.0,674,66,68,67.4,0.9660917830792958,67.4,0.001909589767456,10,0.0,1.0
20.0,6,64.0,326.7228042843233,0.0,0.0,0.8,0.2,0.2,0.0,0.0,2,0,0,8,0,0.030606985092163,0.0,1.0,0.0,0.0,0.0,0.0,0.0,1.0,0.0,0.0,0.0,0.0,0.0,1.0,1.0,642,54,68,64.2,5.4528280124476085,64.2,0.0032798051834106,10,0.9289792940191508,29.33333333333333
20.0,6,64.0,718.128959353491,0.0,0.0,0.8,0.2,0.2,0.0,0.0,2,0,0,8,0,0.0139250755310058,0.0,1.0,0.0,0.0,0.0,0.0,0.0,1.0,0.0,0.0,0.0,0.0,0.0,1.0,1.0,642,54,68,64.2,5.452828012447608,64.2,0.0014221906661987,10,0.9289792940191508,26.76
20.0,6,64.0,890.8697776172978,0.0,0.0,0.5,0.5,0.5,0.0,0.0,5,0,0,5,0,0.0112249851226806,0.0,1.0,0.0,0.0,0.0,0.0,0.0,1.0,0.0,0.0,0.0,0.0,0.0,1.0,1.0,624,54,68,62.4,7.229568912920511,62.4,0.0013078927993774,10,0.9297030671923672,48.39506172839506
20.0,6,64.0,507.121922909513,0.0,0.0,0.6,0.4,0.4,0.0,0.0,4,0,0,6,0,0.019719123840332,0.0,1.0,0.0,0.0,0.0,0.0,0.0,1.0,0.0,0.0,0.0,0.0,0.0,1.0,1.0,602,54,68,60.2,6.562519841239848,60.2,0.0019744157791137,10,0.9294313380825274,49.0
20.0,6,64.0,948.208165664421,0.0,0.0,0.6,0.4,0.4,0.0,0.0,4,0,0,6,0,0.0105462074279785,0.0,1.0,0.0,0.0,0.0,0.0,0.0,1.0,0.0,0.0,0.0,0.0,0.0,1.0,1.0,612,54,66,61.2,6.196773353931867,61.2,0.0012428045272827,10,0.9292823475934576,36.0
20.0,6,64.0,517.7833467069934,0.0,0.0,0.7,0.3,0.3,0.0,0.0,3,0,0,7,0,0.019313097000122,0.0,1.0,0.0,0.0,0.0,0.0,0.0,1.0,0.0,0.0,0.0,0.0,0.0,1.0,1.0,652,54,68,65.2,5.902918298980975,65.2,0.0021914005279541,10,0.9291626427982728,36.75
20.0,6,64.0,442.9277152964781,0.0,0.0,0.6,0.4,0.4,0.0,0.0,4,0,0,6,0,0.0225770473480224,0.0,1.0,0.0,0.0,0.0,0.0,0.0,1.0,0.0,0.0,0.0,0.0,0.0,1.0,1.0,2336,54,496,233.6,225.9022404099221,233.6,0.0022666931152343,10,1.0,45928.64
20.0,6,64.0,642.8347663494108,0.0,0.0,0.6,0.4,0.4,0.0,0.0,4,0,0,6,0,0.0155560970306396,0.0,1.0,0.0,0.0,0.0,0.0,0.0,1.0,0.0,0.0,0.0,0.0,0.0,1.0,1.0,3192,54,496,319.2,228.24781853649043,319.2,0.0015583992004394,10,1.0,48841.0
20.0,6,64.0,911.9836489747994,0.0,0.0,0.6,0.4,0.4,0.0,0.0,4,0,0,6,0,0.0109651088714599,0.0,1.0,0.0,0.0,0.0,0.0,0.0,1.0,0.0,0.0,0.0,0.0,0.0,1.0,1.0,2760,54,498,276.0,234.00854685246009,276.0,0.0011003017425537,10,1.0,49284.0
20.0,6,64.0,901.4774217121242,0.0,0.0,0.6,0.4,0.4,0.0,0.0,4,0,0,6,0,0.0110929012298583,0.0,1.0,0.0,0.0,0.0,0.0,0.0,1.0,0.0,0.0,0.0,0.0,0.0,1.0,1.0,2772,54,498,277.2,232.7711322307816,277.2,0.0013651847839355,10,1.0,48764.16
20.0,6,64.0,509.1657764397397,0.0,0.0,1.0,0.0,0.0,0.0,0.0,0,0,0,10,0,0.0196399688720703,0.0,1.0,0.0,0.0,0.0,0.0,0.0,1.0,0.0,0.0,0.0,0.0,0.0,1.0,1.0,662,66,68,66.2,0.6324555320336759,66.2,0.0021115064620971,10,0.0,0.36
20.0,6,64.0,324.8854772619887,0.0,0.0,1.0,0.0,0.0,0.0,0.0,0,0,0,10,0,0.0307800769805908,0.0,1.0,0.0,0.0,0.0,0.0,0.0,1.0,0.0,0.0,0.0,0.0,0.0,1.0,1.0,678,66,68,67.8,0.6324555320336759,67.8,0.00327730178833,10,0.0,0.36
20.0,6,64.0,754.6019466383607,0.0,0.0,0.6,0.4,0.4,0.0,0.0,4,0,0,6,0,0.0132520198822021,0.0,1.0,0.0,0.0,0.0,0.0,0.0,1.0,0.0,0.0,0.0,0.0,0.0,1.0,1.0,624,54,66,62.4,5.796550698475776,62.4,0.001328706741333,10,0.9291193128925312,36.0
20.0,6,64.0,1016.677736031996,0.0,0.0,0.6,0.4,0.4,0.0,0.0,4,0,0,6,0,0.0098359584808349,0.0,1.0,0.0,0.0,0.0,0.0,0.0,1.0,0.0,0.0,0.0,0.0,0.0,1.0,1.0,606,54,68,60.6,6.995236474439826,60.6,0.0009866952896118,10,0.9296076095302278,44.04
20.0,6,64.0,1209.7790597057974,0.0,0.0,0.5,0.5,0.5,0.0,0.0,5,0,0,5,0,0.0082659721374511,0.0,1.0,0.0,0.0,0.0,0.0,0.0,1.0,0.0,0.0,0.0,0.0,0.0,1.0,1.0,610,54,68,61.0,7.378647873726218,61.0,0.0011101961135864,10,0.9297637959978412,49.0
20.0,6,64.0,340.83129504879696,0.0,0.0,0.7,0.3,0.3,0.0,0.0,3,0,0,7,0,0.0293400287628173,0.0,1.0,0.0,0.0,0.0,0.0,0.0,1.0,0.0,0.0,0.0,0.0,0.0,1.0,1.0,618,54,68,61.8,5.613475849338903,61.8,0.0031538009643554,10,0.9290447355219869,49.0
20.0,6,64.0,3178.4662018793574,0.0,0.0,0.5,0.5,0.5,0.0,0.0,5,0,0,5,0,0.0031461715698242,0.0,1.0,0.0,0.0,0.0,0.0,0.0,1.0,0.0,0.0,0.0,0.0,0.0,1.0,1.0,602,54,66,60.2,5.370702416299421,60.2,0.0006410121917724,10,0.9289458393363036,25.96
20.0,6,64.0,945.4509388454344,0.0,0.0,0.6,0.4,0.4,0.0,0.0,4,0,0,6,0,0.0105769634246826,0.0,1.0,0.0,0.0,0.0,0.0,0.0,1.0,0.0,0.0,0.0,0.0,0.0,1.0,1.0,600,54,66,60.0,6.324555320336759,60.0,0.0010602951049804,10,0.9293344008552924,36.0
20.0,6,64.0,550.7805441748083,0.0,0.0,0.5,0.5,0.5,0.0,0.0,5,0,0,5,0,0.0181560516357421,0.0,1.0,0.0,0.0,0.0,0.0,0.0,1.0,0.0,0.0,0.0,0.0,0.0,1.0,1.0,600,54,66,60.0,6.324555320336759,60.0,0.0020340919494628,10,0.9293344008552924,36.0
20.0,6,64.0,1402.918018530287,0.0,0.0,0.5,0.5,0.5,0.0,0.0,5,0,0,5,0,0.0071280002593994,0.0,1.0,0.0,0.0,0.0,0.0,0.0,1.0,0.0,0.0,0.0,0.0,0.0,1.0,1.0,600,54,66,60.0,6.324555320336759,60.0,0.0009171962738037,10,0.9293344008552924,36.0
20.0,6,64.0,476.4413749233251,0.0,0.0,0.5,0.5,0.5,0.0,0.0,5,0,0,5,0,0.0209889411926269,0.0,1.0,0.0,0.0,0.0,0.0,0.0,1.0,0.0,0.0,0.0,0.0,0.0,1.0,1.0,602,54,68,60.2,6.562519841239848,60.2,0.0025763034820556,10,0.9294313380825274,38.76
20.0,6,64.0,943.02763225937,0.0,0.0,0.5,0.5,0.5,0.0,0.0,5,0,0,5,0,0.0106041431427001,0.0,1.0,0.0,0.0,0.0,0.0,0.0,1.0,0.0,0.0,0.0,0.0,0.0,1.0,1.0,610,54,68,61.0,7.378647873726218,61.0,0.0010625123977661,10,0.9297637959978412,49.0
20.0,6,64.0,1268.0807836497763,0.0,0.0,0.5,0.5,0.5,0.0,0.0,5,0,0,5,0,0.0078859329223632,0.0,1.0,0.0,0.0,0.0,0.0,0.0,1.0,0.0,0.0,0.0,0.0,0.0,1.0,1.0,1766,54,1224,176.6,368.0845917267751,176.6,0.000807785987854,10,1.0,133630.61728395065
20.0,6,64.0,760.4576194361346,0.0,0.0,0.9,0.1,0.1,0.0,0.0,1,0,0,9,0,0.0131499767303466,0.0,1.0,0.0,0.0,0.0,0.0,0.0,1.0,0.0,0.0,0.0,0.0,0.0,1.0,1.0,11070,54,1224,1107.0,369.9864862397004,1107.0,0.0017143011093139,10,1.0,256668.75
20.0,6,64.0,518.2952116156936,0.0,0.0,1.0,0.0,0.0,0.0,0.0,0,0,0,10,0,0.0192940235137939,0.0,1.0,0.0,0.0,0.0,0.0,0.0,1.0,0.0,0.0,0.0,0.0,0.0,1.0,1.0,12260,1226,1226,1226.0,0.0,1226.0,0.0021371126174926,10,0.0,0.0
20.0,6,64.0,896.6978086584714,0.0,0.0,0.5,0.5,0.5,0.0,0.0,5,0,0,5,0,0.0111520290374755,0.0,1.0,0.0,0.0,0.0,0.0,0.0,1.0,0.0,0.0,0.0,0.0,0.0,1.0,1.0,600,54,66,60.0,6.324555320336759,60.0,0.0021560907363891,10,0.9293344008552924,36.0
20.0,6,64.0,691.7526759355467,0.0,0.0,0.8,0.2,0.2,0.0,0.0,2,0,0,8,0,0.014456033706665,0.0,1.0,0.0,0.0,0.0,0.0,0.0,1.0,0.0,0.0,0.0,0.0,0.0,1.0,1.0,642,54,68,64.2,5.4528280124476085,64.2,0.001692509651184,10,0.9289792940191508,28.9375
20.0,6,64.0,816.2665421142768,0.0,0.0,0.7,0.3,0.3,0.0,0.0,3,0,0,7,0,0.0122509002685546,0.0,1.0,0.0,0.0,0.0,0.0,0.0,1.0,0.0,0.0,0.0,0.0,0.0,1.0,1.0,638,54,68,63.8,6.762642481555072,63.8,0.0014299869537353,10,0.9295128600412864,49.0
20.0,6,64.0,500.1256781732546,0.0,0.0,1.0,0.0,0.0,0.0,0.0,0,0,0,10,0,0.0199949741363525,0.0,1.0,0.0,0.0,0.0,0.0,0.0,1.0,0.0,0.0,0.0,0.0,0.0,1.0,1.0,660,66,66,66.0,0.0,66.0,0.0029690980911254,10,0.0,0.0
20.0,6,64.0,499.8038584825844,0.0,0.0,1.0,0.0,0.0,0.0,0.0,0,0,0,10,0,0.020007848739624,0.0,1.0,0.0,0.0,0.0,0.0,0.0,1.0,0.0,0.0,0.0,0.0,0.0,1.0,1.0,660,66,66,66.0,0.0,66.0,0.0022974967956542,10,0.0,0.0
20.0,6,64.0,746.543260416852,0.0,0.0,0.5,0.5,0.5,0.0,0.0,5,0,0,5,0,0.013395071029663,0.0,1.0,0.0,0.0,0.0,0.0,0.0,1.0,0.0,0.0,0.0,0.0,0.0,1.0,1.0,840,54,104,84.0,25.81988897471611,84.0,0.0022522211074829,10,0.9372760199727403,625.0
20.0,6,64.0,377.019478826776,0.0,0.0,0.5,0.5,0.5,0.0,0.0,5,0,0,5,0,0.0265238285064697,0.0,1.0,0.0,0.0,0.0,0.0,0.0,1.0,0.0,0.0,0.0,0.0,0.0,1.0,1.0,792,54,106,79.2,26.56982415364384,79.2,0.0026550769805908,10,0.9375815135672284,635.36
20.0,6,64.0,6389.8598415600245,0.0,0.0,0.7,0.3,0.3,0.0,0.0,3,0,0,7,0,0.0015649795532226,0.0,1.0,0.0,0.0,0.0,0.0,0.0,1.0,0.0,0.0,0.0,0.0,0.0,1.0,1.0,852,54,106,85.2,26.85268453370476,85.2,0.0001609086990356,10,0.93769673957165,676.0
20.0,6,64.0,694.9274305785672,0.0,0.0,0.6,0.4,0.4,0.0,0.0,4,0,0,6,0,0.0143899917602539,0.0,1.0,0.0,0.0,0.0,0.0,0.0,1.0,0.0,0.0,0.0,0.0,0.0,1.0,1.0,726,54,106,72.6,23.457763462586687,72.6,0.0015005111694335,10,0.9363137845241192,676.0
20.0,6,64.0,1159.1598496573072,0.0,0.0,0.5,0.5,0.5,0.0,0.0,5,0,0,5,0,0.0086269378662109,0.0,1.0,0.0,0.0,0.0,0.0,0.0,1.0,0.0,0.0,0.0,0.0,0.0,1.0,1.0,590,54,64,59.0,5.270462766947299,59.0,0.0010252952575683,10,0.9289050057127436,25.0
20.0,6,64.0,785.6708813337079,0.0,0.0,0.7,0.3,0.3,0.0,0.0,3,0,0,7,0,0.0127279758453369,0.0,1.0,0.0,0.0,0.0,0.0,0.0,1.0,0.0,0.0,0.0,0.0,0.0,1.0,1.0,620,54,66,62.0,5.57773351022717,62.0,0.0014894008636474,10,0.9290301755227262,29.135802469135804
20.0,6,64.0,453.06112749387,0.0,0.0,0.7,0.3,0.3,0.0,0.0,3,0,0,7,0,0.0220720767974853,0.0,1.0,0.0,0.0,0.0,0.0,0.0,1.0,0.0,0.0,0.0,0.0,0.0,1.0,1.0,624,54,66,62.4,5.796550698475776,62.4,0.0024378061294555,10,0.9291193128925312,33.75
20.0,6,64.0,1811.6378714581892,0.0,0.0,1.0,0.0,0.0,0.0,0.0,0,0,0,10,0,0.0055198669433593,0.0,1.0,0.0,0.0,0.0,0.0,0.0,1.0,0.0,0.0,0.0,0.0,0.0,1.0,1.0,660,66,66,66.0,0.0,66.0,0.0020722866058349,10,0.0,0.0
20.0,6,64.0,352.37368730572126,0.0,0.0,1.0,0.0,0.0,0.0,0.0,0,0,0,10,0,0.0283789634704589,0.0,1.0,0.0,0.0,0.0,0.0,0.0,1.0,0.0,0.0,0.0,0.0,0.0,1.0,1.0,660,66,66,66.0,0.0,66.0,0.0030380010604858,10,0.0,0.0
20.0,6,64.0,522.3292652552926,0.0,0.0,1.0,0.0,0.0,0.0,0.0,0,0,0,10,0,0.0191450119018554,0.0,1.0,0.0,0.0,0.0,0.0,0.0,1.0,0.0,0.0,0.0,0.0,0.0,1.0,1.0,664,66,68,66.4,0.8432740427115678,66.4,0.0021925926208496,10,0.0,0.64
20.0,6,64.0,353.80639066032325,0.0,0.0,0.9,0.1,0.1,0.0,0.0,1,0,0,9,0,0.028264045715332,0.0,1.0,0.0,0.0,0.0,0.0,0.0,1.0,0.0,0.0,0.0,0.0,0.0,1.0,1.0,1089,54,491,108.9,134.32832910447448,108.9,0.0029972076416015,10,0.9814780181439988,17672.0
20.0,6,64.0,715.5073353804163,0.0,0.0,0.8,0.2,0.2,0.0,0.0,2,0,0,8,0,0.0139760971069335,0.0,1.0,0.0,0.0,0.0,0.0,0.0,1.0,0.0,0.0,0.0,0.0,0.0,1.0,1.0,4036,54,491,403.6,184.2553783324776,403.6,0.001534104347229,10,1.0,30555.04
20.0,6,64.0,625.352835055389,0.0,0.0,0.8,0.2,0.2,0.0,0.0,2,0,0,8,0,0.0159909725189209,0.0,1.0,0.0,0.0,0.0,0.0,0.0,1.0,0.0,0.0,0.0,0.0,0.0,1.0,1.0,4050,54,493,405.0,184.9942942063049,405.0,0.0019680023193359,10,1.0,42632.66666666666
20.0,6,64.0,369.044723852428,0.0,0.0,0.9,0.1,0.1,0.0,0.0,1,0,0,9,0,0.0270969867706298,0.0,1.0,0.0,0.0,0.0,0.0,0.0,1.0,0.0,0.0,0.0,0.0,0.0,1.0,1.0,1917,54,493,191.7,207.93965470780216,191.7,0.002904987335205,10,1.0,46739.13888888888
20.0,6,64.0,525.4637250848774,0.0,0.0,1.0,0.0,0.0,0.0,0.0,0,0,0,10,0,0.0190308094024658,0.0,1.0,0.0,0.0,0.0,0.0,0.0,1.0,0.0,0.0,0.0,0.0,0.0,1.0,1.0,652,64,66,65.2,1.0327955589886444,65.2,0.0019062995910644,10,0.9101374495989096,1.0
20.0,6,64.0,490.3152800346025,0.0,0.0,0.7,0.3,0.3,0.0,0.0,3,0,0,7,0,0.0203950405120849,0.0,1.0,0.0,0.0,0.0,0.0,0.0,1.0,0.0,0.0,0.0,0.0,0.0,1.0,1.0,636,54,66,63.6,5.059644256269407,63.6,0.0024985074996948,10,0.928819126684234,24.88888888888889
20.0,6,64.0,758.7243356668656,0.0,0.0,0.6,0.4,0.4,0.0,0.0,4,0,0,6,0,0.0131800174713134,0.0,1.0,0.0,0.0,0.0,0.0,0.0,1.0,0.0,0.0,0.0,0.0,0.0,1.0,1.0,600,54,66,60.0,6.324555320336759,60.0,0.001320195198059,10,0.9293344008552924,36.0
20.0,6,64.0,700.3696962612921,0.0,0.0,0.6,0.4,0.4,0.0,0.0,4,0,0,6,0,0.0142781734466552,0.0,1.0,0.0,0.0,0.0,0.0,0.0,1.0,0.0,0.0,0.0,0.0,0.0,1.0,1.0,636,54,68,63.6,6.6533199732664805,63.6,0.0016800165176391,10,0.92946832642431,45.06122448979592
20.0,6,64.0,593.3292781259283,0.0,0.0,0.6,0.4,0.4,0.0,0.0,4,0,0,6,0,0.0168540477752685,0.0,1.0,0.0,0.0,0.0,0.0,0.0,1.0,0.0,0.0,0.0,0.0,0.0,1.0,1.0,606,54,68,60.6,7.058485830702094,60.6,0.0016875982284545,10,0.9296333747879948,49.0
20.0,6,64.0,497.0673492847916,0.0,0.0,1.0,0.0,0.0,0.0,0.0,0,0,0,10,0,0.0201179981231689,0.0,1.0,0.0,0.0,0.0,0.0,0.0,1.0,0.0,0.0,0.0,0.0,0.0,1.0,1.0,642,64,66,64.2,0.6324555320336759,64.2,0.0021081924438476,10,0.0,0.36
20.0,6,64.0,348.92924587163594,0.0,0.0,0.9,0.1,0.1,0.0,0.0,1,0,0,9,0,0.0286591053009033,0.0,1.0,0.0,0.0,0.0,0.0,0.0,1.0,0.0,0.0,0.0,0.0,0.0,1.0,1.0,660,66,66,66.0,0.0,66.0,0.0032660007476806,10,0.0,0.0
20.0,6,64.0,1091.6980739198334,0.0,0.0,0.5,0.5,0.5,0.0,0.0,5,0,0,5,0,0.009160041809082,0.0,1.0,0.0,0.0,0.0,0.0,0.0,1.0,0.0,0.0,0.0,0.0,0.0,1.0,1.0,600,54,66,60.0,6.324555320336759,60.0,0.0009206056594848,10,0.9293344008552924,36.0
20.0,6,64.0,929.3826722800798,0.0,0.0,0.5,0.5,0.5,0.0,0.0,5,0,0,5,0,0.0107598304748535,0.0,1.0,0.0,0.0,0.0,0.0,0.0,1.0,0.0,0.0,0.0,0.0,0.0,1.0,1.0,601,54,67,60.1,6.4368729468068056,60.1,0.0010770797729492,10,0.9293801545636112,37.29
20.0,6,64.0,955.0307391046952,0.0,0.0,0.5,0.5,0.5,0.0,0.0,5,0,0,5,0,0.0104708671569824,0.0,1.0,0.0,0.0,0.0,0.0,0.0,1.0,0.0,0.0,0.0,0.0,0.0,1.0,1.0,605,54,67,60.5,6.851601597031489,60.5,0.0010502099990844,10,0.9295490984265669,42.25
20.0,6,64.0,529.4033599656683,0.0,0.0,0.5,0.5,0.5,0.0,0.0,5,0,0,5,0,0.0188891887664794,0.0,1.0,0.0,0.0,0.0,0.0,0.0,1.0,0.0,0.0,0.0,0.0,0.0,1.0,1.0,1944,54,1406,194.4,425.76185310048095,194.4,0.0018911123275756,10,1.0,163145.84
20.0,6,64.0,997.1006775228813,0.0,0.0,0.5,0.5,0.5,0.0,0.0,5,0,0,5,0,0.0100290775299072,0.0,1.0,0.0,0.0,0.0,0.0,0.0,1.0,0.0,0.0,0.0,0.0,0.0,1.0,1.0,7300,54,1406,730.0,712.5665660912748,730.0,0.0010047912597656,10,1.0,456976.0
20.0,6,64.0,821.8324320087781,0.0,0.0,0.6,0.4,0.4,0.0,0.0,4,0,0,6,0,0.0121679306030273,0.0,1.0,0.0,0.0,0.0,0.0,0.0,1.0,0.0,0.0,0.0,0.0,0.0,1.0,1.0,8652,54,1406,865.2,698.1697978763236,865.2,0.0012189865112304,10,1.0,456976.0
20.0,6,64.0,635.8570713885057,0.0,0.0,0.6,0.4,0.4,0.0,0.0,4,0,0,6,0,0.0157268047332763,0.0,1.0,0.0,0.0,0.0,0.0,0.0,1.0,0.0,0.0,0.0,0.0,0.0,1.0,1.0,7300,54,1406,730.0,712.5665660912748,730.0,0.0015753030776977,10,1.0,456976.0
20.0,6,64.0,534.0205240508263,0.0,0.0,0.5,0.5,0.5,0.0,0.0,5,0,0,5,0,0.0187258720397949,0.0,1.0,0.0,0.0,0.0,0.0,0.0,1.0,0.0,0.0,0.0,0.0,0.0,1.0,1.0,4632,54,1406,463.2,650.6148886502162,463.2,0.0018753051757812,10,1.0,456976.0
20.0,6,64.0,703.8840034906357,0.0,0.0,0.6,0.4,0.4,0.0,0.0,4,0,0,6,0,0.0142068862915039,0.0,1.0,0.0,0.0,0.0,0.0,0.0,1.0,0.0,0.0,0.0,0.0,0.0,1.0,1.0,612,54,66,61.2,6.196773353931867,61.2,0.001424503326416,10,0.9292823475934576,36.0
20.0,6,64.0,892.7850148999574,0.0,0.0,0.6,0.4,0.4,0.0,0.0,4,0,0,6,0,0.0112009048461914,0.0,1.0,0.0,0.0,0.0,0.0,0.0,1.0,0.0,0.0,0.0,0.0,0.0,1.0,1.0,608,54,68,60.8,7.192588778272627,60.8,0.0011226892471313,10,0.9296880029647172,46.56
20.0,6,64.0,836.6687279328161,0.0,0.0,0.5,0.5,0.5,0.0,0.0,5,0,0,5,0,0.0119521617889404,0.0,1.0,0.0,0.0,0.0,0.0,0.0,1.0,0.0,0.0,0.0,0.0,0.0,1.0,1.0,624,54,68,62.4,7.229568912920511,62.4,0.0014972209930419,10,0.9297030671923672,49.0
20.0,6,64.0,489.85716454690913,0.0,0.0,0.8,0.2,0.2,0.0,0.0,2,0,0,8,0,0.020414113998413,0.0,1.0,0.0,0.0,0.0,0.0,0.0,1.0,0.0,0.0,0.0,0.0,0.0,1.0,1.0,624,54,66,62.4,5.796550698475776,62.4,0.0020431995391845,10,0.9291193128925312,36.0
20.0,6,64.0,705.8147244425746,0.0,0.0,0.7,0.3,0.3,0.0,0.0,3,0,0,7,0,0.0141680240631103,0.0,1.0,0.0,0.0,0.0,0.0,0.0,1.0,0.0,0.0,0.0,0.0,0.0,1.0,1.0,628,54,67,62.8,6.0882400303098,62.8,0.00154550075531,10,0.929238135458747,36.1875
20.0,6,64.0,364.750632658208,0.0,0.0,0.9,0.1,0.1,0.0,0.0,1,0,0,9,0,0.0274159908294677,0.0,1.0,0.0,0.0,0.0,0.0,0.0,1.0,0.0,0.0,0.0,0.0,0.0,1.0,1.0,648,54,67,64.8,4.049691346263317,64.8,0.0029518842697143,10,0.9284077122668138,27.040000000000003
20.0,6,64.0,557.3825913621263,0.0,0.0,1.0,0.0,0.0,0.0,0.0,0,0,0,10,0,0.0179409980773925,0.0,1.0,0.0,0.0,0.0,0.0,0.0,1.0,0.0,0.0,0.0,0.0,0.0,1.0,1.0,646,64,66,64.6,0.966091783079296,64.6,0.002029013633728,10,0.0,0.8400000000000001
20.0,6,64.0,397.4400424511764,0.0,0.0,0.9,0.1,0.1,0.0,0.0,1,0,0,9,0,0.0251610279083251,0.0,1.0,0.0,0.0,0.0,0.0,0.0,1.0,0.0,0.0,0.0,0.0,0.0,1.0,1.0,698,54,91,69.8,11.78322725081904,69.8,0.002725601196289,10,0.9315580454528936,124.96
20.0,6,64.0,887.0826107186667,0.0,0.0,0.6,0.4,0.4,0.0,0.0,4,0,0,6,0,0.01127290725708,0.0,1.0,0.0,0.0,0.0,0.0,0.0,1.0,0.0,0.0,0.0,0.0,0.0,1.0,1.0,762,54,91,76.2,19.106717841289925,76.2,0.0013173818588256,10,0.934541342579828,342.25
20.0,6,64.0,642.9628721218996,0.0,0.0,0.7,0.3,0.3,0.0,0.0,3,0,0,7,0,0.0155529975891113,0.0,1.0,0.0,0.0,0.0,0.0,0.0,1.0,0.0,0.0,0.0,0.0,0.0,1.0,1.0,848,54,93,84.8,16.253546621515493,84.8,0.0017996072769165,10,0.9333790747517404,266.6875
20.0,6,64.0,437.7502478735062,0.0,0.0,0.5,0.5,0.5,0.0,0.0,5,0,0,5,0,0.0228440761566162,0.0,1.0,0.0,0.0,0.0,0.0,0.0,1.0,0.0,0.0,0.0,0.0,0.0,1.0,1.0,706,54,93,70.6,19.517513502834664,70.6,0.0022870063781738,10,0.9347086843005148,380.25
20.0,6,64.0,877.029106724657,0.0,0.0,0.7,0.3,0.3,0.0,0.0,3,0,0,7,0,0.0114021301269531,0.0,1.0,0.0,0.0,0.0,0.0,0.0,1.0,0.0,0.0,0.0,0.0,0.0,1.0,1.0,610,54,64,61.0,4.83045891539648,61.0,0.0011455059051513,10,0.928725765743776,25.0
20.0,6,64.0,767.5268541731476,0.0,0.0,0.6,0.4,0.4,0.0,0.0,4,0,0,6,0,0.013028860092163,0.0,1.0,0.0,0.0,0.0,0.0,0.0,1.0,0.0,0.0,0.0,0.0,0.0,1.0,1.0,608,54,66,60.8,5.902918298980975,60.8,0.0013054847717285,10,0.9291626427982728,31.50617283950617
20.0,6,64.0,800.8982241741455,0.0,0.0,0.6,0.4,0.4,0.0,0.0,4,0,0,6,0,0.0124859809875488,0.0,1.0,0.0,0.0,0.0,0.0,0.0,1.0,0.0,0.0,0.0,0.0,0.0,1.0,1.0,612,54,66,61.2,6.196773353931867,61.2,0.001251196861267,10,0.9292823475934576,36.0
20.0,6,64.0,569.6383316809496,0.0,0.0,0.6,0.4,0.4,0.0,0.0,4,0,0,6,0,0.0175549983978271,0.0,1.0,0.0,0.0,0.0,0.0,0.0,1.0,0.0,0.0,0.0,0.0,0.0,1.0,1.0,720,54,90,72.0,18.97366596101028,72.0,0.0017578125,10,0.9344871425658772,324.0
20.0,6,64.0,825.894260116176,0.0,0.0,0.5,0.5,0.5,0.0,0.0,5,0,0,5,0,0.0121080875396728,0.0,1.0,0.0,0.0,0.0,0.0,0.0,1.0,0.0,0.0,0.0,0.0,0.0,1.0,1.0,758,54,92,75.8,18.7723200484117,75.8,0.0014410018920898,10,0.934405122294921,324.0
20.0,6,64.0,997.7173576916672,0.0,0.0,0.6,0.4,0.4,0.0,0.0,4,0,0,6,0,0.0100228786468505,0.0,1.0,0.0,0.0,0.0,0.0,0.0,1.0,0.0,0.0,0.0,0.0,0.0,1.0,1.0,730,54,92,73.0,20.027758514399736,73.0,0.0010052919387817,10,0.934916537708426,361.0
20.0,6,64.0,478.44135696849406,0.0,0.0,0.6,0.4,0.4,0.0,0.0,4,0,0,6,0,0.0209012031555175,0.0,1.0,0.0,0.0,0.0,0.0,0.0,1.0,0.0,0.0,0.0,0.0,0.0,1.0,1.0,994,54,205,99.4,58.4678449140114,99.4,0.0022833108901977,10,0.9505754913041716,3164.024691358025
20.0,6,64.0,775.9183069409502,0.0,0.0,0.5,0.5,0.5,0.0,0.0,5,0,0,5,0,0.012887954711914,0.0,1.0,0.0,0.0,0.0,0.0,0.0,1.0,0.0,0.0,0.0,0.0,0.0,1.0,1.0,1295,54,205,129.5,79.58398778090421,129.5,0.0015182971954345,10,0.9591773632624292,5700.25
20.0,6,64.0,521.4590844667678,0.0,0.0,0.5,0.5,0.5,0.0,0.0,5,0,0,5,0,0.019176959991455,0.0,1.0,0.0,0.0,0.0,0.0,0.0,1.0,0.0,0.0,0.0,0.0,0.0,1.0,1.0,1452,54,207,145.2,78.49670906052899,145.2,0.0020608901977539,10,0.9587344494028972,5700.25
20.0,6,64.0,3072.0750018311,0.0,0.0,0.5,0.5,0.5,0.0,0.0,5,0,0,5,0,0.0032551288604736,0.0,1.0,0.0,0.0,0.0,0.0,0.0,1.0,0.0,0.0,0.0,0.0,0.0,1.0,1.0,1305,54,207,130.5,80.63808033429368,130.5,0.0003272056579589,10,0.959606758404978,5852.25
20.0,6,64.0,597.5132486181549,0.0,0.0,0.7,0.3,0.3,0.0,0.0,3,0,0,7,0,0.0167360305786132,0.0,1.0,0.0,0.0,0.0,0.0,0.0,1.0,0.0,0.0,0.0,0.0,0.0,1.0,1.0,886,54,207,88.6,62.580082028283286,88.6,0.0016757011413574,10,0.9522506522150416,5852.25
20.0,6,64.0,513.0082315096809,0.0,0.0,1.0,0.0,0.0,0.0,0.0,0,0,0,10,0,0.0194928646087646,0.0,1.0,0.0,0.0,0.0,0.0,0.0,1.0,0.0,0.0,0.0,0.0,0.0,1.0,1.0,648,64,66,64.8,1.0327955589886444,64.8,0.0021700859069824,10,0.9101374495989096,0.96
20.0,6,64.0,354.686014849392,0.0,0.0,1.0,0.0,0.0,0.0,0.0,0,0,0,10,0,0.0281939506530761,0.0,1.0,0.0,0.0,0.0,0.0,0.0,1.0,0.0,0.0,0.0,0.0,0.0,1.0,1.0,800,66,101,80.0,18.07392228230128,80.0,0.0030521154403686,10,0.9136710629809184,294.0
20.0,6,64.0,489.28001493164106,0.0,0.0,1.0,0.0,0.0,0.0,0.0,0,0,0,10,0,0.0204381942749023,0.0,1.0,0.0,0.0,0.0,0.0,0.0,1.0,0.0,0.0,0.0,0.0,0.0,1.0,1.0,1018,101,103,101.8,1.0327955589886444,101.8,0.0024013042449951,10,0.8470846395989098,0.96
20.0,6,64.0,418.1842110510678,0.0,0.0,0.8,0.2,0.2,0.0,0.0,2,0,0,8,0,0.0239129066467285,0.0,1.0,0.0,0.0,0.0,0.0,0.0,1.0,0.0,0.0,0.0,0.0,0.0,1.0,1.0,894,54,103,89.4,20.205609782104244,89.4,0.0024537801742553,10,0.934988987200838,367.44
20.0,6,64.0,1085.7915037924874,0.0,0.0,0.5,0.5,0.5,0.0,0.0,5,0,0,5,0,0.0092098712921142,0.0,1.0,0.0,0.0,0.0,0.0,0.0,1.0,0.0,0.0,0.0,0.0,0.0,1.0,1.0,720,54,84,72.0,15.491933384829668,72.0,0.0012562990188598,10,0.9330688239836442,225.0
20.0,6,64.0,785.1855179901905,0.0,0.0,0.5,0.5,0.5,0.0,0.0,5,0,0,5,0,0.0127358436584472,0.0,1.0,0.0,0.0,0.0,0.0,0.0,1.0,0.0,0.0,0.0,0.0,0.0,1.0,1.0,696,54,86,69.6,16.460052652811697,69.6,0.0012752056121826,10,0.9334631970486492,243.84
20.0,6,64.0,888.7178726560016,0.0,0.0,0.5,0.5,0.5,0.0,0.0,5,0,0,5,0,0.0112521648406982,0.0,1.0,0.0,0.0,0.0,0.0,0.0,1.0,0.0,0.0,0.0,0.0,0.0,1.0,1.0,700,54,86,70.0,16.865480854231357,70.0,0.0011279106140136,10,0.9336283522807796,256.0
20.0,6,64.0,593.9342103399935,0.0,0.0,0.6,0.4,0.4,0.0,0.0,4,0,0,6,0,0.0168368816375732,0.0,1.0,0.0,0.0,0.0,0.0,0.0,1.0,0.0,0.0,0.0,0.0,0.0,1.0,1.0,652,54,86,65.2,12.336035739968404,65.2,0.0016846895217895,10,0.9317832375190336,256.0
20.0,6,64.0,904.5491599991374,0.0,0.0,0.5,0.5,0.5,0.0,0.0,5,0,0,5,0,0.0110552310943603,0.0,1.0,0.0,0.0,0.0,0.0,0.0,1.0,0.0,0.0,0.0,0.0,0.0,1.0,1.0,600,54,66,60.0,6.324555320336759,60.0,0.0011077165603637,10,0.9293344008552924,36.0
20.0,6,64.0,934.2266571632216,0.0,0.0,0.5,0.5,0.5,0.0,0.0,5,0,0,5,0,0.0107040405273437,0.0,1.0,0.0,0.0,0.0,0.0,0.0,1.0,0.0,0.0,0.0,0.0,0.0,1.0,1.0,608,54,68,60.8,7.192588778272627,60.8,0.0010725975036621,10,0.9296880029647172,46.56
20.0,6,64.0,766.4048824163575,0.0,0.0,0.6,0.4,0.4,0.0,0.0,4,0,0,6,0,0.0130479335784912,0.0,1.0,0.0,0.0,0.0,0.0,0.0,1.0,0.0,0.0,0.0,0.0,0.0,1.0,1.0,624,54,68,62.4,7.229568912920511,62.4,0.0013055801391601,10,0.9297030671923672,49.0
20.0,6,64.0,395.25651174186737,0.0,0.0,0.5,0.5,0.5,0.0,0.0,5,0,0,5,0,0.0253000259399414,0.0,1.0,0.0,0.0,0.0,0.0,0.0,1.0,0.0,0.0,0.0,0.0,0.0,1.0,1.0,590,54,64,59.0,5.270462766947299,59.0,0.0025322198867797,10,0.9289050057127436,25.0
20.0,6,64.0,1784.8102127659574,0.0,0.0,0.5,0.5,0.5,0.0,0.0,5,0,0,5,0,0.0056028366088867,0.0,1.0,0.0,0.0,0.0,0.0,0.0,1.0,0.0,0.0,0.0,0.0,0.0,1.0,1.0,590,54,64,59.0,5.270462766947299,59.0,0.0005618810653686,10,0.9289050057127436,25.0
20.0,6,64.0,973.7211839814278,0.0,0.0,0.5,0.5,0.5,0.0,0.0,5,0,0,5,0,0.0102698802947998,0.0,1.0,0.0,0.0,0.0,0.0,0.0,1.0,0.0,0.0,0.0,0.0,0.0,1.0,1.0,600,54,66,60.0,6.324555320336759,60.0,0.0010293006896972,10,0.9293344008552924,36.0
20.0,6,64.0,870.8560513257064,0.0,0.0,0.5,0.5,0.5,0.0,0.0,5,0,0,5,0,0.0114829540252685,0.0,1.0,0.0,0.0,0.0,0.0,0.0,1.0,0.0,0.0,0.0,0.0,0.0,1.0,1.0,600,54,66,60.0,6.324555320336759,60.0,0.0011502027511596,10,0.9293344008552924,36.0
20.0,6,64.0,339.29282715440183,0.0,0.0,1.0,0.0,0.0,0.0,0.0,0,0,0,10,0,0.029473066329956,0.0,1.0,0.0,0.0,0.0,0.0,0.0,1.0,0.0,0.0,0.0,0.0,0.0,1.0,1.0,729,54,75,72.9,6.640783086353596,72.9,0.0029489040374755,10,0.929463219398057,110.25
20.0,6,64.0,533.42286659036,0.0,0.0,1.0,0.0,0.0,0.0,0.0,0,0,0,10,0,0.0187468528747558,0.0,1.0,0.0,0.0,0.0,0.0,0.0,1.0,0.0,0.0,0.0,0.0,0.0,1.0,1.0,768,75,77,76.8,0.6324555320336757,76.8,0.0021301984786987,10,0.0,1.0
20.0,6,64.0,488.5676012533635,0.0,0.0,0.6,0.4,0.4,0.0,0.0,4,0,0,6,0,0.02046799659729,0.0,1.0,0.0,0.0,0.0,0.0,0.0,1.0,0.0,0.0,0.0,0.0,0.0,1.0,1.0,647,54,77,64.7,7.888810641239485,64.7,0.0022488117218017,10,0.9299716159028152,89.55555555555556
20.0,6,64.0,979.725771413889,0.0,0.0,0.5,0.5,0.5,0.0,0.0,5,0,0,5,0,0.0102069377899169,0.0,1.0,0.0,0.0,0.0,0.0,0.0,1.0,0.0,0.0,0.0,0.0,0.0,1.0,1.0,612,54,70,61.2,7.612854625930772,61.2,0.0010228872299194,10,0.9298592024604192,52.16
20.0,6,64.0,643.5449175297276,0.0,0.0,0.8,0.2,0.2,0.0,0.0,2,0,0,8,0,0.0155389308929443,0.0,1.0,0.0,0.0,0.0,0.0,0.0,1.0,0.0,0.0,0.0,0.0,0.0,1.0,1.0,652,54,70,65.2,7.728734264634367,65.2,0.0015556097030639,10,0.9299064071900416,64.0
20.0,6,64.0,419.67381081027,0.0,0.0,0.7,0.3,0.3,0.0,0.0,3,0,0,7,0,0.0238280296325683,0.0,1.0,0.0,0.0,0.0,0.0,0.0,1.0,0.0,0.0,0.0,0.0,0.0,1.0,1.0,8462,54,1369,846.2,674.9529695549987,846.2,0.0026118993759155,10,1.0,427094.25
20.0,6,64.0,897.5036911818202,0.0,0.0,0.6,0.4,0.4,0.0,0.0,4,0,0,6,0,0.0111420154571533,0.0,1.0,0.0,0.0,0.0,0.0,0.0,1.0,0.0,0.0,0.0,0.0,0.0,1.0,1.0,7117,54,1371,711.7,693.2769287954129,711.7,0.0011173009872436,10,1.0,432569.61
20.0,6,64.0,693.044282881692,0.0,0.0,0.7,0.3,0.3,0.0,0.0,3,0,0,7,0,0.0144290924072265,0.0,1.0,0.0,0.0,0.0,0.0,0.0,1.0,0.0,0.0,0.0,0.0,0.0,1.0,1.0,9759,54,1371,975.9,636.1714391577162,975.9,0.0017081022262573,10,1.0,433622.25
20.0,6,64.0,628.9632006718052,0.0,0.0,0.5,0.5,0.5,0.0,0.0,5,0,0,5,0,0.0158991813659667,0.0,1.0,0.0,0.0,0.0,0.0,0.0,1.0,0.0,0.0,0.0,0.0,0.0,1.0,1.0,3252,54,1371,325.2,551.3127364149437,325.2,0.0017853021621704,10,1.0,433622.25
20.0,6,64.0,1129.5658731013682,0.0,0.0,0.5,0.5,0.5,0.0,0.0,5,0,0,5,0,0.0088529586791992,0.0,1.0,0.0,0.0,0.0,0.0,0.0,1.0,0.0,0.0,0.0,0.0,0.0,1.0,1.0,670,54,80,67.0,13.703203194062976,67.0,0.0011843919754028,10,0.9323401668531336,169.0
20.0,6,64.0,1009.386566553558,0.0,0.0,0.5,0.5,0.5,0.0,0.0,5,0,0,5,0,0.0099070072174072,0.0,1.0,0.0,0.0,0.0,0.0,0.0,1.0,0.0,0.0,0.0,0.0,0.0,1.0,1.0,676,54,82,67.6,14.354248306492556,67.6,0.0013134956359863,10,0.9326053765901328,185.44
20.0,6,64.0,889.5283338988802,0.0,0.0,0.5,0.5,0.5,0.0,0.0,5,0,0,5,0,0.0112419128417968,0.0,1.0,0.0,0.0,0.0,0.0,0.0,1.0,0.0,0.0,0.0,0.0,0.0,1.0,1.0,680,54,82,68.0,14.757295747452437,68.0,0.0013268947601318,10,0.9327695619956824,196.0
20.0,6,64.0,438.23506671263937,0.0,0.0,0.8,0.2,0.2,0.0,0.0,2,0,0,8,0,0.0228188037872314,0.0,1.0,0.0,0.0,0.0,0.0,0.0,1.0,0.0,0.0,0.0,0.0,0.0,1.0,1.0,668,54,82,66.8,9.390302326218135,66.8,0.0023478984832763,10,0.9305832635556084,196.0
20.0,6,64.0,527.2007843334422,0.0,0.0,1.0,0.0,0.0,0.0,0.0,0,0,0,10,0,0.0189681053161621,0.0,1.0,0.0,0.0,0.0,0.0,0.0,1.0,0.0,0.0,0.0,0.0,0.0,1.0,1.0,672,66,68,67.2,1.0327955589886444,67.2,0.0021189212799072,10,0.9067291895989096,1.0
20.0,6,64.0,370.9213109535011,0.0,0.0,1.0,0.0,0.0,0.0,0.0,0,0,0,10,0,0.0269598960876464,0.0,1.0,0.0,0.0,0.0,0.0,0.0,1.0,0.0,0.0,0.0,0.0,0.0,1.0,1.0,668,66,68,66.8,1.0327955589886444,66.8,0.0028974771499633,10,0.9067291895989096,1.0
20.0,6,64.0,480.1007291416275,0.0,0.0,1.0,0.0,0.0,0.0,0.0,0,0,0,10,0,0.0208289623260498,0.0,1.0,0.0,0.0,0.0,0.0,0.0,1.0,0.0,0.0,0.0,0.0,0.0,1.0,1.0,672,66,68,67.2,1.0327955589886444,67.2,0.0022924184799194,10,0.9067291895989096,1.0
20.0,6,64.0,382.9820027940868,0.0,0.0,1.0,0.0,0.0,0.0,0.0,0,0,0,10,0,0.0261108875274658,0.0,1.0,0.0,0.0,0.0,0.0,0.0,1.0,0.0,0.0,0.0,0.0,0.0,1.0,1.0,668,66,68,66.8,1.0327955589886444,66.8,0.0028400897979736,10,0.9067291895989096,1.0
20.0,6,64.0,501.2553181318419,0.0,0.0,1.0,0.0,0.0,0.0,0.0,0,0,0,10,0,0.0199499130249023,0.0,1.0,0.0,0.0,0.0,0.0,0.0,1.0,0.0,0.0,0.0,0.0,0.0,1.0,1.0,672,66,68,67.2,1.0327955589886444,67.2,0.0021502017974853,10,0.9067291895989096,1.0
20.0,6,64.0,321.4420158793415,0.0,0.0,1.0,0.0,0.0,0.0,0.0,0,0,0,10,0,0.0311098098754882,0.0,1.0,0.0,0.0,0.0,0.0,0.0,1.0,0.0,0.0,0.0,0.0,0.0,1.0,1.0,668,66,68,66.8,1.0327955589886444,66.8,0.0031117916107177,10,0.9067291895989096,1.0
20.0,6,64.0,502.2396781300891,0.0,0.0,1.0,0.0,0.0,0.0,0.0,0,0,0,10,0,0.0199108123779296,0.0,1.0,0.0,0.0,0.0,0.0,0.0,1.0,0.0,0.0,0.0,0.0,0.0,1.0,1.0,672,66,68,67.2,1.0327955589886444,67.2,0.0022212028503417,10,0.9067291895989096,1.0
20.0,6,64.0,495.294687245374,0.0,0.0,0.7,0.3,0.3,0.0,0.0,3,0,0,7,0,0.0201900005340576,0.0,1.0,0.0,0.0,0.0,0.0,0.0,1.0,0.0,0.0,0.0,0.0,0.0,1.0,1.0,626,54,68,62.6,6.186005711819758,62.6,0.0022010087966918,10,0.9292779612867668,34.44
20.0,6,64.0,1016.2589649156812,0.0,0.0,0.5,0.5,0.5,0.0,0.0,5,0,0,5,0,0.0098400115966796,0.0,1.0,0.0,0.0,0.0,0.0,0.0,1.0,0.0,0.0,0.0,0.0,0.0,1.0,1.0,590,54,64,59.0,5.270462766947299,59.0,0.0012661933898925,10,0.9289050057127436,25.0
20.0,6,64.0,999.7149326659516,0.0,0.0,0.5,0.5,0.5,0.0,0.0,5,0,0,5,0,0.010002851486206,0.0,1.0,0.0,0.0,0.0,0.0,0.0,1.0,0.0,0.0,0.0,0.0,0.0,1.0,1.0,608,54,66,60.8,5.902918298980975,60.8,0.0012248992919921,10,0.9291626427982728,31.50617283950617
20.0,6,64.0,895.8933720657026,0.0,0.0,0.6,0.4,0.4,0.0,0.0,4,0,0,6,0,0.0111620426177978,0.0,1.0,0.0,0.0,0.0,0.0,0.0,1.0,0.0,0.0,0.0,0.0,0.0,1.0,1.0,600,54,66,60.0,6.324555320336759,60.0,0.0011186122894287,10,0.9293344008552924,36.0
20.0,6,64.0,378.458484471153,0.0,0.0,0.9,0.1,0.1,0.0,0.0,1,0,0,9,0,0.0264229774475097,0.0,1.0,0.0,0.0,0.0,0.0,0.0,1.0,0.0,0.0,0.0,0.0,0.0,1.0,1.0,9912,54,1224,991.2,490.7936429906158,991.2,0.0028093814849853,10,1.0,338742.0
20.0,6,64.0,342.78391631252043,0.0,0.0,1.0,0.0,0.0,0.0,0.0,0,0,0,10,0,0.0291728973388671,0.0,1.0,0.0,0.0,0.0,0.0,0.0,1.0,0.0,0.0,0.0,0.0,0.0,1.0,1.0,12256,1224,1226,1225.6,0.8432740427115679,1225.6,0.0032072067260742,10,0.0,1.0
20.0,6,64.0,848.6199291856348,0.0,0.0,0.6,0.4,0.4,0.0,0.0,4,0,0,6,0,0.0117838382720947,0.0,1.0,0.0,0.0,0.0,0.0,0.0,1.0,0.0,0.0,0.0,0.0,0.0,1.0,1.0,4394,54,1226,439.4,436.8900700786565,439.4,0.0011791944503784,10,1.0,272010.75
20.0,6,64.0,868.2061684951356,0.0,0.0,0.6,0.4,0.4,0.0,0.0,4,0,0,6,0,0.0115180015563964,0.0,1.0,0.0,0.0,0.0,0.0,0.0,1.0,0.0,0.0,0.0,0.0,0.0,1.0,1.0,2050,54,356,205.0,159.16797556180842,205.0,0.0011537075042724,10,0.9915966965248584,22801.0
20.0,6,64.0,877.2675744075631,0.0,0.0,0.5,0.5,0.5,0.0,0.0,5,0,0,5,0,0.0113990306854248,0.0,1.0,0.0,0.0,0.0,0.0,0.0,1.0,0.0,0.0,0.0,0.0,0.0,1.0,1.0,2060,54,358,206.0,160.22206811519789,206.0,0.0013112068176269,10,0.9920260916674072,23104.0
20.0,6,64.0,966.1846075879386,0.0,0.0,0.5,0.5,0.5,0.0,0.0,5,0,0,5,0,0.0103499889373779,0.0,1.0,0.0,0.0,0.0,0.0,0.0,1.0,0.0,0.0,0.0,0.0,0.0,1.0,1.0,2060,54,358,206.0,160.22206811519789,206.0,0.0010369062423706,10,0.9920260916674072,23104.0
20.0,6,64.0,531.1800612953066,0.0,0.0,1.0,0.0,0.0,0.0,0.0,0,0,0,10,0,0.0188260078430175,0.0,1.0,0.0,0.0,0.0,0.0,0.0,1.0,0.0,0.0,0.0,0.0,0.0,1.0,1.0,770,77,77,77.0,0.0,77.0,0.0027680873870849,10,0.0,0.0
20.0,6,64.0,523.339447251856,0.0,0.0,1.0,0.0,0.0,0.0,0.0,0,0,0,10,0,0.0191080570220947,0.0,1.0,0.0,0.0,0.0,0.0,0.0,1.0,0.0,0.0,0.0,0.0,0.0,1.0,1.0,790,79,79,79.0,0.0,79.0,0.0020817995071411,10,0.0,0.0
20.0,6,64.0,665.7836756722436,0.0,0.0,0.7,0.3,0.3,0.0,0.0,3,0,0,7,0,0.0150198936462402,0.0,1.0,0.0,0.0,0.0,0.0,0.0,1.0,0.0,0.0,0.0,0.0,0.0,1.0,1.0,8730,54,1224,873.0,565.163693101388,873.0,0.0027169942855834,10,1.0,304200.0
20.0,6,64.0,919.8035087719298,0.0,0.0,0.5,0.5,0.5,0.0,0.0,5,0,0,5,0,0.0108718872070312,0.0,1.0,0.0,0.0,0.0,0.0,0.0,1.0,0.0,0.0,0.0,0.0,0.0,1.0,1.0,7566,54,1226,756.6,604.7023510234877,756.6,0.0012614011764526,10,1.0,342225.0
20.0,6,64.0,649.5244289585753,0.0,0.0,0.7,0.3,0.3,0.0,0.0,3,0,0,7,0,0.0153958797454833,0.0,1.0,0.0,0.0,0.0,0.0,0.0,1.0,0.0,0.0,0.0,0.0,0.0,1.0,1.0,7572,54,1226,757.2,605.2181975673457,757.2,0.00154230594635,10,1.0,343396.0
20.0,6,64.0,592.5246161018266,0.0,0.0,0.5,0.5,0.5,0.0,0.0,5,0,0,5,0,0.0168769359588623,0.0,1.0,0.0,0.0,0.0,0.0,0.0,1.0,0.0,0.0,0.0,0.0,0.0,1.0,1.0,1762,54,1226,176.2,368.8955889619116,176.2,0.001909589767456,10,1.0,343396.0
20.0,6,64.0,891.0211798695643,0.0,0.0,0.6,0.4,0.4,0.0,0.0,4,0,0,6,0,0.0112230777740478,0.0,1.0,0.0,0.0,0.0,0.0,0.0,1.0,0.0,0.0,0.0,0.0,0.0,1.0,1.0,602,54,66,60.2,5.370702416299421,60.2,0.0011242151260375,10,0.9289458393363036,25.96
20.0,6,64.0,948.937556561086,0.0,0.0,0.5,0.5,0.5,0.0,0.0,5,0,0,5,0,0.010538101196289,0.0,1.0,0.0,0.0,0.0,0.0,0.0,1.0,0.0,0.0,0.0,0.0,0.0,1.0,1.0,600,54,66,60.0,6.324555320336759,60.0,0.0010570049285888,10,0.9293344008552924,36.0
20.0,6,64.0,433.6542597187759,0.0,0.0,0.6,0.4,0.4,0.0,0.0,4,0,0,6,0,0.0230598449707031,0.0,1.0,0.0,0.0,0.0,0.0,0.0,1.0,0.0,0.0,0.0,0.0,0.0,1.0,1.0,608,54,66,60.8,5.902918298980975,60.8,0.0023075819015502,10,0.9291626427982728,36.0
20.0,6,64.0,812.928384533385,0.0,0.0,0.6,0.4,0.4,0.0,0.0,4,0,0,6,0,0.0123012065887451,0.0,1.0,0.0,0.0,0.0,0.0,0.0,1.0,0.0,0.0,0.0,0.0,0.0,1.0,1.0,590,54,64,59.0,5.270462766947299,59.0,0.001234221458435,10,0.9289050057127436,25.0
20.0,6,64.0,883.2345013477089,0.0,0.0,0.5,0.5,0.5,0.0,0.0,5,0,0,5,0,0.011322021484375,0.0,1.0,0.0,0.0,0.0,0.0,0.0,1.0,0.0,0.0,0.0,0.0,0.0,1.0,1.0,606,54,66,60.6,5.738757124441958,60.6,0.0013118982315063,10,0.9290957701022128,29.64
20.0,6,64.0,943.940225953099,0.0,0.0,0.6,0.4,0.4,0.0,0.0,4,0,0,6,0,0.0105938911437988,0.0,1.0,0.0,0.0,0.0,0.0,0.0,1.0,0.0,0.0,0.0,0.0,0.0,1.0,1.0,600,54,66,60.0,6.324555320336759,60.0,0.0010610818862915,10,0.9293344008552924,36.0
20.0,6,64.0,331.2460709829256,0.0,0.0,0.8,0.2,0.2,0.0,0.0,2,0,0,8,0,0.030189037322998,0.0,1.0,0.0,0.0,0.0,0.0,0.0,1.0,0.0,0.0,0.0,0.0,0.0,1.0,1.0,666,54,71,66.6,6.947421584060282,66.6,0.0032288074493408,10,0.9295881316564828,50.888888888888886
20.0,6,64.0,860.4406515406392,0.0,0.0,1.0,0.0,0.0,0.0,0.0,0,0,0,10,0,0.0116219520568847,0.0,1.0,0.0,0.0,0.0,0.0,0.0,1.0,0.0,0.0,0.0,0.0,0.0,1.0,1.0,722,71,73,72.2,1.0327955589886444,72.2,0.0011642932891845,10,0.8982085395989097,1.0
20.0,6,64.0,324.0120819782308,0.0,0.0,1.0,0.0,0.0,0.0,0.0,0,0,0,10,0,0.0308630466461181,0.0,1.0,0.0,0.0,0.0,0.0,0.0,1.0,0.0,0.0,0.0,0.0,0.0,1.0,1.0,688,66,73,68.8,3.614784456460256,68.8,0.0032710075378417,10,0.9077809885961836,12.25
20.0,6,64.0,391.6067410485038,0.0,0.0,1.0,0.0,0.0,0.0,0.0,0,0,0,10,0,0.0255358219146728,0.0,1.0,0.0,0.0,0.0,0.0,0.0,1.0,0.0,0.0,0.0,0.0,0.0,1.0,1.0,672,66,68,67.2,1.0327955589886444,67.2,0.0027514934539794,10,0.9067291895989096,1.0
20.0,6,64.0,568.5418784650211,0.0,0.0,0.7,0.3,0.3,0.0,0.0,3,0,0,7,0,0.0175888538360595,0.0,1.0,0.0,0.0,0.0,0.0,0.0,1.0,0.0,0.0,0.0,0.0,0.0,1.0,1.0,602,54,68,60.2,6.762642481555072,60.2,0.0017596960067749,10,0.9295128600412864,42.75
20.0,6,64.0,1082.9320182799308,0.0,0.0,0.5,0.5,0.5,0.0,0.0,5,0,0,5,0,0.0092341899871826,0.0,1.0,0.0,0.0,0.0,0.0,0.0,1.0,0.0,0.0,0.0,0.0,0.0,1.0,1.0,550,54,56,55.0,1.0540925533894598,55.0,0.0010809183120727,10,0.9271874251425488,1.0
20.0,6,64.0,888.8120364484001,0.0,0.0,0.5,0.5,0.5,0.0,0.0,5,0,0,5,0,0.0112509727478027,0.0,1.0,0.0,0.0,0.0,0.0,0.0,1.0,0.0,0.0,0.0,0.0,0.0,1.0,1.0,560,54,58,56.0,1.8856180831641267,56.0,0.0013727903366088,10,0.9275261553823576,3.2
20.0,6,64.0,849.1181472183982,0.0,0.0,0.5,0.5,0.5,0.0,0.0,5,0,0,5,0,0.0117769241333007,0.0,1.0,0.0,0.0,0.0,0.0,0.0,1.0,0.0,0.0,0.0,0.0,0.0,1.0,1.0,560,54,58,56.0,2.10818510677892,56.0,0.0011800050735473,10,0.9276168202850976,4.0
20.0,6,64.0,601.2908035266289,0.0,0.0,0.5,0.5,0.5,0.0,0.0,5,0,0,5,0,0.0166308879852294,0.0,1.0,0.0,0.0,0.0,0.0,0.0,1.0,0.0,0.0,0.0,0.0,0.0,1.0,1.0,584,54,64,58.4,4.971027168615266,58.4,0.0016639947891235,10,0.9287830276274072,22.24
20.0,6,64.0,821.1405861508644,0.0,0.0,0.5,0.5,0.5,0.0,0.0,5,0,0,5,0,0.0121781826019287,0.0,1.0,0.0,0.0,0.0,0.0,0.0,1.0,0.0,0.0,0.0,0.0,0.0,1.0,1.0,590,54,64,59.0,5.270462766947299,59.0,0.0012195110321044,10,0.9289050057127436,25.0
20.0,6,64.0,1214.1917554423344,0.0,0.0,0.5,0.5,0.5,0.0,0.0,5,0,0,5,0,0.0082359313964843,0.0,1.0,0.0,0.0,0.0,0.0,0.0,1.0,0.0,0.0,0.0,0.0,0.0,1.0,1.0,598,54,66,59.8,6.142746399887703,59.8,0.0008261919021606,10,0.9292603391734584,33.959999999999994
20.0,6,64.0,774.0567674307017,0.0,0.0,0.5,0.5,0.5,0.0,0.0,5,0,0,5,0,0.0129189491271972,0.0,1.0,0.0,0.0,0.0,0.0,0.0,1.0,0.0,0.0,0.0,0.0,0.0,1.0,1.0,600,54,66,60.0,6.324555320336759,60.0,0.0012938022613525,10,0.9293344008552924,36.0
20.0,6,64.0,518.1095436914791,0.0,0.0,0.5,0.5,0.5,0.0,0.0,5,0,0,5,0,0.0193009376525878,0.0,1.0,0.0,0.0,0.0,0.0,0.0,1.0,0.0,0.0,0.0,0.0,0.0,1.0,1.0,600,54,66,60.0,6.324555320336759,60.0,0.0019320011138916,10,0.9293344008552924,36.0
20.0,6,64.0,694.7317509482716,0.0,0.0,0.5,0.5,0.5,0.0,0.0,5,0,0,5,0,0.0143940448760986,0.0,1.0,0.0,0.0,0.0,0.0,0.0,1.0,0.0,0.0,0.0,0.0,0.0,1.0,1.0,600,54,66,60.0,6.324555320336759,60.0,0.0014417886734008,10,0.9293344008552924,36.0
20.0,6,64.0,928.1692447276992,0.0,0.0,0.6,0.4,0.4,0.0,0.0,4,0,0,6,0,0.0107738971710205,0.0,1.0,0.0,0.0,0.0,0.0,0.0,1.0,0.0,0.0,0.0,0.0,0.0,1.0,1.0,608,54,68,60.8,7.192588778272627,60.8,0.0010791063308715,10,0.9296880029647172,46.56
20.0,6,64.0,838.2237499500379,0.0,0.0,0.5,0.5,0.5,0.0,0.0,5,0,0,5,0,0.0119299888610839,0.0,1.0,0.0,0.0,0.0,0.0,0.0,1.0,0.0,0.0,0.0,0.0,0.0,1.0,1.0,610,54,68,61.0,7.378647873726218,61.0,0.0013591051101684,10,0.9297637959978412,49.0
20.0,6,64.0,716.387237821958,0.0,0.0,0.5,0.5,0.5,0.0,0.0,5,0,0,5,0,0.0139589309692382,0.0,1.0,0.0,0.0,0.0,0.0,0.0,1.0,0.0,0.0,0.0,0.0,0.0,1.0,1.0,864,54,116,86.4,31.479093591355728,86.4,0.0013990879058837,10,0.9395813535653746,891.8399999999999
20.0,6,64.0,857.6957997627909,0.0,0.0,0.5,0.5,0.5,0.0,0.0,5,0,0,5,0,0.0116591453552246,0.0,1.0,0.0,0.0,0.0,0.0,0.0,1.0,0.0,0.0,0.0,0.0,0.0,1.0,1.0,850,54,116,85.0,32.676869155073256,85.0,0.0011680126190185,10,0.9400692794190106,961.0
20.0,6,64.0,920.712106245198,0.0,0.0,0.6,0.4,0.4,0.0,0.0,4,0,0,6,0,0.0108611583709716,0.0,1.0,0.0,0.0,0.0,0.0,0.0,1.0,0.0,0.0,0.0,0.0,0.0,1.0,1.0,860,54,118,86.0,33.730961708462715,86.0,0.001087999343872,10,0.9404986745615592,1024.0
20.0,6,64.0,1193.5981787137166,0.0,0.0,0.5,0.5,0.5,0.0,0.0,5,0,0,5,0,0.0083780288696289,0.0,1.0,0.0,0.0,0.0,0.0,0.0,1.0,0.0,0.0,0.0,0.0,0.0,1.0,1.0,860,54,118,86.0,33.730961708462715,86.0,0.0010535955429077,10,0.9404986745615592,1024.0
20.0,6,64.0,983.3780361999436,0.0,0.0,0.5,0.5,0.5,0.0,0.0,5,0,0,5,0,0.0101690292358398,0.0,1.0,0.0,0.0,0.0,0.0,0.0,1.0,0.0,0.0,0.0,0.0,0.0,1.0,1.0,7560,54,1224,756.0,604.1854020083571,756.0,0.0021568059921264,10,1.0,342225.0
20.0,6,64.0,778.2073213722471,0.0,0.0,0.6,0.4,0.4,0.0,0.0,4,0,0,6,0,0.0128500461578369,0.0,1.0,0.0,0.0,0.0,0.0,0.0,1.0,0.0,0.0,0.0,0.0,0.0,1.0,1.0,7564,54,1226,756.4,604.5301573214616,756.4,0.0012873888015747,10,1.0,342225.0
20.0,6,64.0,816.7274851523707,0.0,0.0,0.6,0.4,0.4,0.0,0.0,4,0,0,6,0,0.0122439861297607,0.0,1.0,0.0,0.0,0.0,0.0,0.0,1.0,0.0,0.0,0.0,0.0,0.0,1.0,1.0,6400,54,1226,640.0,617.6982362862234,640.0,0.0012274980545043,10,1.0,343396.0
20.0,6,64.0,472.0551028676901,0.0,0.0,0.7,0.3,0.3,0.0,0.0,3,0,0,7,0,0.021183967590332,0.0,1.0,0.0,0.0,0.0,0.0,0.0,1.0,0.0,0.0,0.0,0.0,0.0,1.0,1.0,4104,54,1226,410.4,562.841836871899,410.4,0.0022654056549072,10,1.0,343396.0
20.0,6,64.0,511.5878320688898,0.0,0.0,1.0,0.0,0.0,0.0,0.0,0,0,0,10,0,0.0195469856262207,0.0,1.0,0.0,0.0,0.0,0.0,0.0,1.0,0.0,0.0,0.0,0.0,0.0,1.0,1.0,668,66,68,66.8,1.0327955589886444,66.8,0.002172303199768,10,0.9067291895989096,0.96
20.0,6,64.0,344.4362871900996,0.0,0.0,1.0,0.0,0.0,0.0,0.0,0,0,0,10,0,0.0290329456329345,0.0,1.0,0.0,0.0,0.0,0.0,0.0,1.0,0.0,0.0,0.0,0.0,0.0,1.0,1.0,672,66,68,67.2,1.0327955589886444,67.2,0.0030900001525878,10,0.9067291895989096,0.96
20.0,6,64.0,487.1206912570845,0.0,0.0,1.0,0.0,0.0,0.0,0.0,0,0,0,10,0,0.0205287933349609,0.0,1.0,0.0,0.0,0.0,0.0,0.0,1.0,0.0,0.0,0.0,0.0,0.0,1.0,1.0,668,66,68,66.8,1.0327955589886444,66.8,0.0021936893463134,10,0.9067291895989096,0.96
20.0,6,64.0,360.0879120879121,0.0,0.0,0.8,0.2,0.2,0.0,0.0,2,0,0,8,0,0.02777099609375,0.0,1.0,0.0,0.0,0.0,0.0,0.0,1.0,0.0,0.0,0.0,0.0,0.0,1.0,1.0,648,54,68,64.8,5.750362307426086,64.8,0.0029556989669799,10,0.9291004975895532,29.76
20.0,6,64.0,1368.3622602114056,0.0,0.0,0.5,0.5,0.5,0.0,0.0,5,0,0,5,0,0.007308006286621,0.0,1.0,0.0,0.0,0.0,0.0,0.0,1.0,0.0,0.0,0.0,0.0,0.0,1.0,1.0,600,54,66,60.0,6.324555320336759,60.0,0.0008172035217285,10,0.9293344008552924,36.0
20.0,6,64.0,932.1296975353912,0.0,0.0,0.5,0.5,0.5,0.0,0.0,5,0,0,5,0,0.010728120803833,0.0,1.0,0.0,0.0,0.0,0.0,0.0,1.0,0.0,0.0,0.0,0.0,0.0,1.0,1.0,618,54,68,61.8,6.762642481555071,61.8,0.0012873172760009,10,0.9295128600412864,41.16
20.0,6,64.0,697.6437517672694,0.0,0.0,0.5,0.5,0.5,0.0,0.0,5,0,0,5,0,0.014333963394165,0.0,1.0,0.0,0.0,0.0,0.0,0.0,1.0,0.0,0.0,0.0,0.0,0.0,1.0,1.0,610,54,68,61.0,7.378647873726218,61.0,0.0014362812042236,10,0.9297637959978412,49.0
20.0,6,64.0,560.5110249899773,0.0,0.0,0.8,0.2,0.2,0.0,0.0,2,0,0,8,0,0.0178408622741699,0.0,1.0,0.0,0.0,0.0,0.0,0.0,1.0,0.0,0.0,0.0,0.0,0.0,1.0,1.0,628,54,68,62.8,6.124631508189787,62.8,0.001785397529602,10,0.9292529598911762,49.0
20.0,6,64.0,358.0254543281748,0.0,0.0,0.9,0.1,0.1,0.0,0.0,1,0,0,9,0,0.0279309749603271,0.0,1.0,0.0,0.0,0.0,0.0,0.0,1.0,0.0,0.0,0.0,0.0,0.0,1.0,1.0,656,54,68,65.6,4.195235392680606,65.6,0.0029819011688232,10,0.9284670010895624,32.0
20.0,6,64.0,650.2292845515851,0.0,0.0,0.8,0.2,0.2,0.0,0.0,2,0,0,8,0,0.0153791904449462,0.0,1.0,0.0,0.0,0.0,0.0,0.0,1.0,0.0,0.0,0.0,0.0,0.0,1.0,1.0,938,54,211,93.8,62.03368260693361,93.8,0.0016244173049926,10,0.9520280709467605,3463.36
20.0,6,64.0,586.550316048554,0.0,0.0,0.7,0.3,0.3,0.0,0.0,3,0,0,7,0,0.0170488357543945,0.0,1.0,0.0,0.0,0.0,0.0,0.0,1.0,0.0,0.0,0.0,0.0,0.0,1.0,1.0,1796,54,211,179.6,66.19701235285807,179.6,0.0018937826156616,10,0.9537240449520604,5477.555555555556
20.0,6,64.0,598.9124971441627,0.0,0.0,0.8,0.2,0.2,0.0,0.0,2,0,0,8,0,0.0166969299316406,0.0,1.0,0.0,0.0,0.0,0.0,0.0,1.0,0.0,0.0,0.0,0.0,0.0,1.0,1.0,1653,54,213,165.3,76.80429675480403,165.3,0.0016721010208129,10,0.958045028326037,6320.25
20.0,6,64.0,479.8041570861503,0.0,0.0,0.8,0.2,0.2,0.0,0.0,2,0,0,8,0,0.0208418369293212,0.0,1.0,0.0,0.0,0.0,0.0,0.0,1.0,0.0,0.0,0.0,0.0,0.0,1.0,1.0,1802,54,213,180.2,66.5195042408198,180.2,0.0023303985595703,10,0.9538554152475404,6320.25
20.0,6,64.0,514.7774859471268,0.0,0.0,1.0,0.0,0.0,0.0,0.0,0,0,0,10,0,0.0194258689880371,0.0,1.0,0.0,0.0,0.0,0.0,0.0,1.0,0.0,0.0,0.0,0.0,0.0,1.0,1.0,2120,211,213,212.0,1.0540925533894598,212.0,0.0021687984466552,10,0.6596390151425487,1.0
20.0,6,64.0,385.34296161549344,0.0,0.0,1.0,0.0,0.0,0.0,0.0,0,0,0,10,0,0.0259509086608886,0.0,1.0,0.0,0.0,0.0,0.0,0.0,1.0,0.0,0.0,0.0,0.0,0.0,1.0,1.0,1390,65,213,139.0,78.00284895082002,139.0,0.0028216123580932,10,0.939787840548606,5476.0
20.0,6,64.0,614.8202873057754,0.0,0.0,0.8,0.2,0.2,0.0,0.0,2,0,0,8,0,0.0162649154663085,0.0,1.0,0.0,0.0,0.0,0.0,0.0,1.0,0.0,0.0,0.0,0.0,0.0,1.0,1.0,634,54,67,63.4,5.037636129950016,63.4,0.001834487915039,10,0.9288101614538964,22.84
20.0,6,64.0,348.1270231237861,0.0,0.0,1.0,0.0,0.0,0.0,0.0,0,0,0,10,0,0.0287251472473144,0.0,1.0,0.0,0.0,0.0,0.0,0.0,1.0,0.0,0.0,0.0,0.0,0.0,1.0,1.0,4249,67,1260,424.9,576.2737486067999,424.9,0.0031760215759277,10,1.0,298882.29
20.0,6,64.0,428.79528911425535,0.0,0.0,1.0,0.0,0.0,0.0,0.0,0,0,0,10,0,0.0233211517333984,0.0,1.0,0.0,0.0,0.0,0.0,0.0,1.0,0.0,0.0,0.0,0.0,0.0,1.0,1.0,12606,1260,1262,1260.6,0.966091783079296,1260.6,0.0025254011154174,10,0.0,0.8400000000000001
20.0,6,64.0,453.06112749387,0.0,0.0,0.8,0.2,0.2,0.0,0.0,2,0,0,8,0,0.0220720767974853,0.0,1.0,0.0,0.0,0.0,0.0,0.0,1.0,0.0,0.0,0.0,0.0,0.0,1.0,1.0,9134,54,1262,913.4,561.6133901537604,913.4,0.0023711919784545,10,1.0,283868.64
20.0,6,64.0,751.9368949444246,0.0,0.0,0.6,0.4,0.4,0.0,0.0,4,0,0,6,0,0.0132989883422851,0.0,1.0,0.0,0.0,0.0,0.0,0.0,1.0,0.0,0.0,0.0,0.0,0.0,1.0,1.0,954,54,123,95.4,35.63144678510823,95.4,0.0013308048248291,10,0.9412728561623817,1190.25
20.0,6,64.0,722.2343906050901,0.0,0.0,0.6,0.4,0.4,0.0,0.0,4,0,0,6,0,0.0138459205627441,0.0,1.0,0.0,0.0,0.0,0.0,0.0,1.0,0.0,0.0,0.0,0.0,0.0,1.0,1.0,962,54,125,96.2,36.32813418458665,96.2,0.0013865947723388,10,0.9415566587414332,1225.5
20.0,6,64.0,794.7370016674246,0.0,0.0,0.6,0.4,0.4,0.0,0.0,4,0,0,6,0,0.012582778930664,0.0,1.0,0.0,0.0,0.0,0.0,0.0,1.0,0.0,0.0,0.0,0.0,0.0,1.0,1.0,895,54,125,89.5,37.42028564532582,89.5,0.0012606859207153,10,0.94200155756048,1260.25
20.0,6,64.0,464.7479750468149,0.0,0.0,0.7,0.3,0.3,0.0,0.0,3,0,0,7,0,0.0215170383453369,0.0,1.0,0.0,0.0,0.0,0.0,0.0,1.0,0.0,0.0,0.0,0.0,0.0,1.0,1.0,683,54,125,68.3,20.709901013766338,68.3,0.0021535158157348,10,0.935194415276968,1260.25
20.0,6,64.0,919.440571704152,0.0,0.0,0.5,0.5,0.5,0.0,0.0,5,0,0,5,0,0.010876178741455,0.0,1.0,0.0,0.0,0.0,0.0,0.0,1.0,0.0,0.0,0.0,0.0,0.0,1.0,1.0,602,54,68,60.2,6.562519841239848,60.2,0.0013864040374755,10,0.9294313380825274,38.76
20.0,6,64.0,1030.6174902326952,0.0,0.0,0.6,0.4,0.4,0.0,0.0,4,0,0,6,0,0.0097029209136962,0.0,1.0,0.0,0.0,0.0,0.0,0.0,1.0,0.0,0.0,0.0,0.0,0.0,1.0,1.0,624,54,68,62.4,7.229568912920511,62.4,0.001307988166809,10,0.9297030671923672,49.0
20.0,6,64.0,672.2179661831877,0.0,0.0,0.6,0.4,0.4,0.0,0.0,4,0,0,6,0,0.0148761272430419,0.0,1.0,0.0,0.0,0.0,0.0,0.0,1.0,0.0,0.0,0.0,0.0,0.0,1.0,1.0,1110,54,230,111.0,82.34480351950975,111.0,0.0017399072647094,10,0.9603020091617076,6379.555555555556
20.0,6,64.0,1121.0819768529657,0.0,0.0,0.5,0.5,0.5,0.0,0.0,5,0,0,5,0,0.0089199542999267,0.0,1.0,0.0,0.0,0.0,0.0,0.0,1.0,0.0,0.0,0.0,0.0,0.0,1.0,1.0,1420,54,230,142.0,92.76014469827248,142.0,0.0011175870895385,10,0.9645448025442884,7744.0
20.0,6,64.0,1063.8151520531617,0.0,0.0,0.5,0.5,0.5,0.0,0.0,5,0,0,5,0,0.0094001293182373,0.0,1.0,0.0,0.0,0.0,0.0,0.0,1.0,0.0,0.0,0.0,0.0,0.0,1.0,1.0,1426,54,232,142.6,93.3954555163746,142.6,0.0010867118835449,10,0.9648036027591504,7850.44
20.0,6,64.0,784.0699891576626,0.0,0.0,0.6,0.4,0.4,0.0,0.0,4,0,0,6,0,0.0127539634704589,0.0,1.0,0.0,0.0,0.0,0.0,0.0,1.0,0.0,0.0,0.0,0.0,0.0,1.0,1.0,1608,54,232,160.8,91.91880474998938,160.8,0.0014195919036865,10,0.9642020743029556,7921.0
20.0,6,64.0,547.0736161110242,0.0,0.0,0.5,0.5,0.5,0.0,0.0,5,0,0,5,0,0.0182790756225585,0.0,1.0,0.0,0.0,0.0,0.0,0.0,1.0,0.0,0.0,0.0,0.0,0.0,1.0,1.0,768,54,232,76.8,54.757647867672326,76.8,0.0020225048065185,10,0.949064105435375,7056.0
20.0,6,64.0,948.208165664421,0.0,0.0,0.5,0.5,0.5,0.0,0.0,5,0,0,5,0,0.0105462074279785,0.0,1.0,0.0,0.0,0.0,0.0,0.0,1.0,0.0,0.0,0.0,0.0,0.0,1.0,1.0,590,54,64,59.0,5.270462766947299,59.0,0.0010569095611572,10,0.9289050057127436,25.0
20.0,6,64.0,854.7593234155288,0.0,0.0,0.6,0.4,0.4,0.0,0.0,4,0,0,6,0,0.0116991996765136,0.0,1.0,0.0,0.0,0.0,0.0,0.0,1.0,0.0,0.0,0.0,0.0,0.0,1.0,1.0,600,54,66,60.0,6.324555320336759,60.0,0.001172399520874,10,0.9293344008552924,36.0
20.0,6,64.0,920.1465458613956,0.0,0.0,0.5,0.5,0.5,0.0,0.0,5,0,0,5,0,0.0108678340911865,0.0,1.0,0.0,0.0,0.0,0.0,0.0,1.0,0.0,0.0,0.0,0.0,0.0,1.0,1.0,600,54,66,60.0,6.324555320336759,60.0,0.0013837814331054,10,0.9293344008552924,36.0
20.0,6,64.0,527.0682852044534,0.0,0.0,1.0,0.0,0.0,0.0,0.0,0,0,0,10,0,0.0189728736877441,0.0,1.0,0.0,0.0,0.0,0.0,0.0,1.0,0.0,0.0,0.0,0.0,0.0,1.0,1.0,3500,350,350,350.0,0.0,350.0,0.0026463031768798,10,0.0,0.0
20.0,6,64.0,491.2571006922077,0.0,0.0,1.0,0.0,0.0,0.0,0.0,0,0,0,10,0,0.0203559398651123,0.0,1.0,0.0,0.0,0.0,0.0,0.0,1.0,0.0,0.0,0.0,0.0,0.0,1.0,1.0,3520,352,352,352.0,0.0,352.0,0.0022341012954711,10,0.0,0.0
20.0,6,64.0,1172.051640306265,0.0,0.0,0.5,0.5,0.5,0.0,0.0,5,0,0,5,0,0.0085320472717285,0.0,1.0,0.0,0.0,0.0,0.0,0.0,1.0,0.0,0.0,0.0,0.0,0.0,1.0,1.0,600,54,66,60.0,6.324555320336759,60.0,0.0018644094467163,10,0.9293344008552924,36.0
20.0,6,64.0,1248.7507443134452,0.0,0.0,0.5,0.5,0.5,0.0,0.0,5,0,0,5,0,0.0080080032348632,0.0,1.0,0.0,0.0,0.0,0.0,0.0,1.0,0.0,0.0,0.0,0.0,0.0,1.0,1.0,600,54,66,60.0,6.324555320336759,60.0,0.0009886980056762,10,0.9293344008552924,36.0
20.0,6,64.0,1309.9422218058028,0.0,0.0,0.5,0.5,0.5,0.0,0.0,5,0,0,5,0,0.0076339244842529,0.0,1.0,0.0,0.0,0.0,0.0,0.0,1.0,0.0,0.0,0.0,0.0,0.0,1.0,1.0,600,54,66,60.0,6.324555320336759,60.0,0.0010068893432617,10,0.9293344008552924,36.0
20.0,6,64.0,1165.1168088002444,0.0,0.0,0.5,0.5,0.5,0.0,0.0,5,0,0,5,0,0.0085828304290771,0.0,1.0,0.0,0.0,0.0,0.0,0.0,1.0,0.0,0.0,0.0,0.0,0.0,1.0,1.0,600,54,66,60.0,6.324555320336759,60.0,0.0010972023010253,10,0.9293344008552924,36.0
20.0,6,64.0,670.3271483594636,0.0,0.0,1.0,0.0,0.0,0.0,0.0,0,0,0,10,0,0.0149180889129638,0.0,1.0,0.0,0.0,0.0,0.0,0.0,1.0,0.0,0.0,0.0,0.0,0.0,1.0,1.0,660,66,66,66.0,0.0,66.0,0.0032191038131713,10,0.0,0.0
20.0,6,64.0,592.5915879003659,0.0,0.0,1.0,0.0,0.0,0.0,0.0,0,0,0,10,0,0.0168750286102294,0.0,1.0,0.0,0.0,0.0,0.0,0.0,1.0,0.0,0.0,0.0,0.0,0.0,1.0,1.0,680,68,68,68.0,0.0,68.0,0.0021842002868652,10,0.0,0.0
20.0,6,64.0,654.2865611106778,0.0,0.0,1.0,0.0,0.0,0.0,0.0,0,0,0,10,0,0.0152838230133056,0.0,1.0,0.0,0.0,0.0,0.0,0.0,1.0,0.0,0.0,0.0,0.0,0.0,1.0,1.0,660,66,66,66.0,0.0,66.0,0.0029459953308105,10,0.0,0.0
20.0,6,64.0,546.8952837938274,0.0,0.0,1.0,0.0,0.0,0.0,0.0,0,0,0,10,0,0.0182850360870361,0.0,1.0,0.0,0.0,0.0,0.0,0.0,1.0,0.0,0.0,0.0,0.0,0.0,1.0,1.0,680,68,68,68.0,0.0,68.0,0.0020807027816772,10,0.0,0.0
20.0,6,64.0,1046.9009584664536,0.0,0.0,0.5,0.5,0.5,0.0,0.0,5,0,0,5,0,0.009552001953125,0.0,1.0,0.0,0.0,0.0,0.0,0.0,1.0,0.0,0.0,0.0,0.0,0.0,1.0,1.0,590,54,64,59.0,5.270462766947299,59.0,0.0022463083267211,10,0.9289050057127436,25.0
20.0,6,64.0,1262.1280693307656,0.0,0.0,0.5,0.5,0.5,0.0,0.0,5,0,0,5,0,0.0079231262207031,0.0,1.0,0.0,0.0,0.0,0.0,0.0,1.0,0.0,0.0,0.0,0.0,0.0,1.0,1.0,590,54,64,59.0,5.270462766947299,59.0,0.0009778022766113,10,0.9289050057127436,25.0
20.0,6,64.0,1128.775499219549,0.0,0.0,0.5,0.5,0.5,0.0,0.0,5,0,0,5,0,0.0088591575622558,0.0,1.0,0.0,0.0,0.0,0.0,0.0,1.0,0.0,0.0,0.0,0.0,0.0,1.0,1.0,600,54,66,60.0,6.324555320336759,60.0,0.0011909008026123,10,0.9293344008552924,36.0
20.0,6,64.0,1147.3326585879586,0.0,0.0,0.5,0.5,0.5,0.0,0.0,5,0,0,5,0,0.0087158679962158,0.0,1.0,0.0,0.0,0.0,0.0,0.0,1.0,0.0,0.0,0.0,0.0,0.0,1.0,1.0,600,54,66,60.0,6.324555320336759,60.0,0.001091980934143,10,0.9293344008552924,36.0
20.0,6,64.0,1081.0897749826015,0.0,0.0,0.6,0.4,0.4,0.0,0.0,4,0,0,6,0,0.0092499256134033,0.0,1.0,0.0,0.0,0.0,0.0,0.0,1.0,0.0,0.0,0.0,0.0,0.0,1.0,1.0,3612,54,566,361.2,264.395663101093,361.2,0.0020323038101196,10,1.0,65536.0
20.0,6,64.0,1216.0927805160916,0.0,0.0,0.5,0.5,0.5,0.0,0.0,5,0,0,5,0,0.0082230567932128,0.0,1.0,0.0,0.0,0.0,0.0,0.0,1.0,0.0,0.0,0.0,0.0,0.0,1.0,1.0,3102,54,568,310.2,270.05917047113127,310.2,0.0010984182357788,10,1.0,65638.76
20.0,6,64.0,756.8896508165659,0.0,0.0,0.6,0.4,0.4,0.0,0.0,4,0,0,6,0,0.013211965560913,0.0,1.0,0.0,0.0,0.0,0.0,0.0,1.0,0.0,0.0,0.0,0.0,0.0,1.0,1.0,4138,54,568,413.8,248.28558825137904,413.8,0.0015841960906982,10,1.0,66049.0
20.0,6,64.0,527.6783332913973,0.0,0.0,0.5,0.5,0.5,0.0,0.0,5,0,0,5,0,0.0189509391784667,0.0,1.0,0.0,0.0,0.0,0.0,0.0,1.0,0.0,0.0,0.0,0.0,0.0,1.0,1.0,1604,54,568,160.4,214.89387561719337,160.4,0.0018970966339111,10,1.0,66049.0
20.0,6,64.0,640.6158263711759,0.0,0.0,0.7,0.3,0.3,0.0,0.0,3,0,0,7,0,0.0156099796295166,0.0,1.0,0.0,0.0,0.0,0.0,0.0,1.0,0.0,0.0,0.0,0.0,0.0,1.0,1.0,612,54,66,61.2,6.196773353931867,61.2,0.0015642881393432,10,0.9292823475934576,36.0
20.0,6,64.0,839.0621749219813,0.0,0.0,0.6,0.4,0.4,0.0,0.0,4,0,0,6,0,0.0119180679321289,0.0,1.0,0.0,0.0,0.0,0.0,0.0,1.0,0.0,0.0,0.0,0.0,0.0,1.0,1.0,636,54,68,63.6,6.6533199732664805,63.6,0.0016797065734863,10,0.92946832642431,45.06122448979592
20.0,6,64.0,587.4786749772393,0.0,0.0,0.6,0.4,0.4,0.0,0.0,4,0,0,6,0,0.017021894454956,0.0,1.0,0.0,0.0,0.0,0.0,0.0,1.0,0.0,0.0,0.0,0.0,0.0,1.0,1.0,620,54,68,62.0,6.928203230275509,62.0,0.001705002784729,10,0.9295803028678852,49.0
20.0,6,64.0,897.5805174516895,0.0,0.0,0.5,0.5,0.5,0.0,0.0,5,0,0,5,0,0.0111410617828369,0.0,1.0,0.0,0.0,0.0,0.0,0.0,1.0,0.0,0.0,0.0,0.0,0.0,1.0,1.0,600,54,66,60.0,6.324555320336759,60.0,0.0011173009872436,10,0.9293344008552924,36.0
20.0,6,64.0,950.292045222829,0.0,0.0,0.5,0.5,0.5,0.0,0.0,5,0,0,5,0,0.0105230808258056,0.0,1.0,0.0,0.0,0.0,0.0,0.0,1.0,0.0,0.0,0.0,0.0,0.0,1.0,1.0,604,54,68,60.4,6.785605679999719,60.4,0.0010540008544921,10,0.9295222143298046,41.44
20.0,6,64.0,843.6018423540296,0.0,0.0,0.5,0.5,0.5,0.0,0.0,5,0,0,5,0,0.0118539333343505,0.0,1.0,0.0,0.0,0.0,0.0,0.0,1.0,0.0,0.0,0.0,0.0,0.0,1.0,1.0,610,54,68,61.0,7.378647873726218,61.0,0.0011873960494995,10,0.9297637959978412,49.0
20.0,6,64.0,501.0218001552888,0.0,0.0,0.7,0.3,0.3,0.0,0.0,3,0,0,7,0,0.0199592113494873,0.0,1.0,0.0,0.0,0.0,0.0,0.0,1.0,0.0,0.0,0.0,0.0,0.0,1.0,1.0,618,54,68,61.8,6.762642481555072,61.8,0.0020002126693725,10,0.9295128600412864,49.0
20.0,6,64.0,492.6824225908002,0.0,0.0,1.0,0.0,0.0,0.0,0.0,0,0,0,10,0,0.0202970504760742,0.0,1.0,0.0,0.0,0.0,0.0,0.0,1.0,0.0,0.0,0.0,0.0,0.0,1.0,1.0,666,66,68,66.6,0.966091783079296,66.6,0.0022723913192749,10,0.0,0.8400000000000001
20.0,6,64.0,358.32214191740565,0.0,0.0,1.0,0.0,0.0,0.0,0.0,0,0,0,10,0,0.0279078483581542,0.0,1.0,0.0,0.0,0.0,0.0,0.0,1.0,0.0,0.0,0.0,0.0,0.0,1.0,1.0,692,68,72,69.2,1.9321835661585915,69.2,0.0030093908309936,10,0.9036873042975104,3.3600000000000003
20.0,6,64.0,511.7189044104191,0.0,0.0,1.0,0.0,0.0,0.0,0.0,0,0,0,10,0,0.0195419788360595,0.0,1.0,0.0,0.0,0.0,0.0,0.0,1.0,0.0,0.0,0.0,0.0,0.0,1.0,1.0,726,72,74,72.6,0.966091783079296,72.6,0.0022670984268188,10,0.0,0.8400000000000001
20.0,6,64.0,387.2499307543163,0.0,0.0,1.0,0.0,0.0,0.0,0.0,0,0,0,10,0,0.0258231163024902,0.0,1.0,0.0,0.0,0.0,0.0,0.0,1.0,0.0,0.0,0.0,0.0,0.0,1.0,1.0,710,64,74,71.0,4.83045891539648,71.0,0.0028232097625732,10,0.911684465743776,21.0
20.0,6,64.0,533.3075641791804,0.0,0.0,1.0,0.0,0.0,0.0,0.0,0,0,0,10,0,0.0187509059906005,0.0,1.0,0.0,0.0,0.0,0.0,0.0,1.0,0.0,0.0,0.0,0.0,0.0,1.0,1.0,646,64,66,64.6,0.966091783079296,64.6,0.0020675897598266,10,0.0,0.8400000000000001
20.0,6,64.0,318.9390759497521,0.0,0.0,1.0,0.0,0.0,0.0,0.0,0,0,0,10,0,0.0313539505004882,0.0,1.0,0.0,0.0,0.0,0.0,0.0,1.0,0.0,0.0,0.0,0.0,0.0,1.0,1.0,705,66,81,70.5,7.245688373094719,70.5,0.003388500213623,10,0.909260073615664,47.25
20.0,6,64.0,543.3317788486451,0.0,0.0,1.0,0.0,0.0,0.0,0.0,0,0,0,10,0,0.0184049606323242,0.0,1.0,0.0,0.0,0.0,0.0,0.0,1.0,0.0,0.0,0.0,0.0,0.0,1.0,1.0,816,81,83,81.6,0.966091783079296,81.6,0.0018424987792968,10,0.0,0.8400000000000001
20.0,6,64.0,342.6299064657109,0.0,0.0,1.0,0.0,0.0,0.0,0.0,0,0,0,10,0,0.0291860103607177,0.0,1.0,0.0,0.0,0.0,0.0,0.0,1.0,0.0,0.0,0.0,0.0,0.0,1.0,1.0,773,64,83,77.3,9.177871939253311,77.3,0.003209114074707,10,0.9134554279131744,75.81
20.0,6,64.0,397.3158024363905,0.0,0.0,1.0,0.0,0.0,0.0,0.0,0,0,0,10,0,0.0251688957214355,0.0,1.0,0.0,0.0,0.0,0.0,0.0,1.0,0.0,0.0,0.0,0.0,0.0,1.0,1.0,646,64,66,64.6,0.966091783079296,64.6,0.0027328968048095,10,0.0,0.8400000000000001
20.0,6,64.0,419.0448787115853,0.0,0.0,1.0,0.0,0.0,0.0,0.0,0,0,0,10,0,0.0238637924194335,0.0,1.0,0.0,0.0,0.0,0.0,0.0,1.0,0.0,0.0,0.0,0.0,0.0,1.0,1.0,744,66,94,74.4,13.525284963110144,74.4,0.0023902893066406,10,0.9118181300825726,164.64
20.0,6,64.0,493.3662690850919,0.0,0.0,1.0,0.0,0.0,0.0,0.0,0,0,0,10,0,0.0202689170837402,0.0,1.0,0.0,0.0,0.0,0.0,0.0,1.0,0.0,0.0,0.0,0.0,0.0,1.0,1.0,946,94,96,94.6,0.966091783079296,94.6,0.0021867036819458,10,0.0,0.8400000000000001
20.0,6,64.0,408.3160374603298,0.0,0.0,0.9,0.1,0.1,0.0,0.0,1,0,0,9,0,0.0244908332824707,0.0,1.0,0.0,0.0,0.0,0.0,0.0,1.0,0.0,0.0,0.0,0.0,0.0,1.0,1.0,3174,54,1224,317.4,477.9995815897751,317.4,0.0028548002243041,10,1.0,205635.24
20.0,6,64.0,586.2387834400246,0.0,0.0,0.8,0.2,0.2,0.0,0.0,2,0,0,8,0,0.0170578956604003,0.0,1.0,0.0,0.0,0.0,0.0,0.0,1.0,0.0,0.0,0.0,0.0,0.0,1.0,1.0,9900,54,1224,990.0,493.3153149862672,990.0,0.0018543004989624,10,1.0,304200.0
20.0,6,64.0,716.1303761375472,0.0,0.0,0.7,0.3,0.3,0.0,0.0,3,0,0,7,0,0.0139639377593994,0.0,1.0,0.0,0.0,0.0,0.0,0.0,1.0,0.0,0.0,0.0,0.0,0.0,1.0,1.0,8744,54,1226,874.4,566.1297848844674,874.4,0.0016587972640991,10,1.0,343396.0
20.0,6,64.0,446.66822857873103,0.0,0.0,0.6,0.4,0.4,0.0,0.0,4,0,0,6,0,0.0223879814147949,0.0,1.0,0.0,0.0,0.0,0.0,0.0,1.0,0.0,0.0,0.0,0.0,0.0,1.0,1.0,4092,54,1226,409.2,563.669879746411,409.2,0.0024965047836303,10,1.0,343396.0
20.0,6,64.0,681.3802066411073,0.0,0.0,0.7,0.3,0.3,0.0,0.0,3,0,0,7,0,0.0146760940551757,0.0,1.0,0.0,0.0,0.0,0.0,0.0,1.0,0.0,0.0,0.0,0.0,0.0,1.0,1.0,638,54,68,63.8,5.202563470700445,63.8,0.0016487121582031,10,0.9288773462554244,24.88888888888889
20.0,6,64.0,796.1852695520122,0.0,0.0,0.7,0.3,0.3,0.0,0.0,3,0,0,7,0,0.0125598907470703,0.0,1.0,0.0,0.0,0.0,0.0,0.0,1.0,0.0,0.0,0.0,0.0,0.0,1.0,1.0,624,54,68,62.4,7.229568912920511,62.4,0.0012595891952514,10,0.9297030671923672,49.0
20.0,6,64.0,621.2403169666001,0.0,0.0,0.6,0.4,0.4,0.0,0.0,4,0,0,6,0,0.0160968303680419,0.0,1.0,0.0,0.0,0.0,0.0,0.0,1.0,0.0,0.0,0.0,0.0,0.0,1.0,1.0,630,54,68,63.0,6.27162924074226,63.0,0.0018348932266235,10,0.9293128408875088,49.0
20.0,6,64.0,643.0022995554193,0.0,0.0,0.7,0.3,0.3,0.0,0.0,3,0,0,7,0,0.0155520439147949,0.0,1.0,0.0,0.0,0.0,0.0,0.0,1.0,0.0,0.0,0.0,0.0,0.0,1.0,1.0,612,54,66,61.2,6.196773353931867,61.2,0.0015588045120239,10,0.9292823475934576,36.0
20.0,6,64.0,834.6541431186819,0.0,0.0,0.6,0.4,0.4,0.0,0.0,4,0,0,6,0,0.0119810104370117,0.0,1.0,0.0,0.0,0.0,0.0,0.0,1.0,0.0,0.0,0.0,0.0,0.0,1.0,1.0,624,54,68,62.4,7.229568912920511,62.4,0.0014928102493286,10,0.9297030671923672,47.04
20.0,6,64.0,588.3439472576799,0.0,0.0,0.5,0.5,0.5,0.0,0.0,5,0,0,5,0,0.0169968605041503,0.0,1.0,0.0,0.0,0.0,0.0,0.0,1.0,0.0,0.0,0.0,0.0,0.0,1.0,1.0,616,54,68,61.6,6.719788356455548,61.6,0.00203218460083,10,0.9294954029848858,49.0
20.0,6,64.0,779.2917394374048,0.0,0.0,0.7,0.3,0.3,0.0,0.0,3,0,0,7,0,0.0128321647644042,0.0,1.0,0.0,0.0,0.0,0.0,0.0,1.0,0.0,0.0,0.0,0.0,0.0,1.0,1.0,600,54,64,60.0,5.163977794943222,60.0,0.0012868165969848,10,0.928861627994548,25.0
20.0,6,64.0,936.960571875349,0.0,0.0,0.5,0.5,0.5,0.0,0.0,5,0,0,5,0,0.0106728076934814,0.0,1.0,0.0,0.0,0.0,0.0,0.0,1.0,0.0,0.0,0.0,0.0,0.0,1.0,1.0,608,54,66,60.8,5.902918298980975,60.8,0.0012720823287963,10,0.9291626427982728,31.50617283950617
20.0,6,64.0,945.898696495422,0.0,0.0,0.5,0.5,0.5,0.0,0.0,5,0,0,5,0,0.0105719566345214,0.0,1.0,0.0,0.0,0.0,0.0,0.0,1.0,0.0,0.0,0.0,0.0,0.0,1.0,1.0,600,54,66,60.0,6.324555320336759,60.0,0.0010591983795166,10,0.9293344008552924,36.0
20.0,6,64.0,441.7149175925438,0.0,0.0,0.8,0.2,0.2,0.0,0.0,2,0,0,8,0,0.0226390361785888,0.0,1.0,0.0,0.0,0.0,0.0,0.0,1.0,0.0,0.0,0.0,0.0,0.0,1.0,1.0,624,54,66,62.4,5.796550698475776,62.4,0.0022656202316284,10,0.9291193128925312,36.0
20.0,6,64.0,757.8606533680254,0.0,0.0,0.7,0.3,0.3,0.0,0.0,3,0,0,7,0,0.0131950378417968,0.0,1.0,0.0,0.0,0.0,0.0,0.0,1.0,0.0,0.0,0.0,0.0,0.0,1.0,1.0,630,54,68,63.0,6.27162924074226,63.0,0.0014972925186157,10,0.9293128408875088,35.4
20.0,6,64.0,459.5137877011733,0.0,0.0,0.8,0.2,0.2,0.0,0.0,2,0,0,8,0,0.0217621326446533,0.0,1.0,0.0,0.0,0.0,0.0,0.0,1.0,0.0,0.0,0.0,0.0,0.0,1.0,1.0,668,54,84,66.8,8.390470785361211,66.8,0.0024935007095336,10,0.9301759721791248,63.36
20.0,6,64.0,515.5684486128354,0.0,0.0,0.6,0.4,0.4,0.0,0.0,4,0,0,6,0,0.0193960666656494,0.0,1.0,0.0,0.0,0.0,0.0,0.0,1.0,0.0,0.0,0.0,0.0,0.0,1.0,1.0,720,54,84,72.0,15.491933384829668,72.0,0.0021132946014404,10,0.9330688239836442,225.0
20.0,6,64.0,1054.9584989184566,0.0,0.0,0.5,0.5,0.5,0.0,0.0,5,0,0,5,0,0.0094790458679199,0.0,1.0,0.0,0.0,0.0,0.0,0.0,1.0,0.0,0.0,0.0,0.0,0.0,1.0,1.0,694,54,86,69.4,16.249444434947442,69.4,0.0010558128356933,10,0.9333774036850202,237.64
20.0,6,64.0,633.3510509784973,0.0,0.0,0.5,0.5,0.5,0.0,0.0,5,0,0,5,0,0.0157890319824218,0.0,1.0,0.0,0.0,0.0,0.0,0.0,1.0,0.0,0.0,0.0,0.0,0.0,1.0,1.0,700,54,86,70.0,16.865480854231357,70.0,0.0017674922943115,10,0.9336283522807796,256.0
20.0,6,64.0,1399.781070618075,0.0,0.0,0.6,0.4,0.4,0.0,0.0,4,0,0,6,0,0.0071439743041992,0.0,1.0,0.0,0.0,0.0,0.0,0.0,1.0,0.0,0.0,0.0,0.0,0.0,1.0,1.0,4692,54,1406,469.2,646.6042581569244,469.2,0.0007633924484252,10,1.0,376287.36
20.0,6,64.0,586.3043417484414,0.0,0.0,0.9,0.1,0.1,0.0,0.0,1,0,0,9,0,0.0170559883117675,0.0,1.0,0.0,0.0,0.0,0.0,0.0,1.0,0.0,0.0,0.0,0.0,0.0,1.0,1.0,12708,54,1406,1270.8,427.5399396547649,1270.8,0.0019402980804443,10,1.0,406200.8888888889
20.0,6,64.0,372.0102530444269,0.0,0.0,0.9,0.1,0.1,0.0,0.0,1,0,0,9,0,0.0268809795379638,0.0,1.0,0.0,0.0,0.0,0.0,0.0,1.0,0.0,0.0,0.0,0.0,0.0,1.0,1.0,11380,54,1406,1138.0,565.0219268114979,1138.0,0.0029814004898071,10,1.0,287324.8
20.0,6,64.0,797.5781547121017,0.0,0.0,0.5,0.5,0.5,0.0,0.0,5,0,0,5,0,0.0125379562377929,0.0,1.0,0.0,0.0,0.0,0.0,0.0,1.0,0.0,0.0,0.0,0.0,0.0,1.0,1.0,684,54,78,68.4,12.393546707863734,68.4,0.0012561082839965,10,0.9318066651869154,144.0
20.0,6,64.0,888.1721158732847,0.0,0.0,0.5,0.5,0.5,0.0,0.0,5,0,0,5,0,0.0112590789794921,0.0,1.0,0.0,0.0,0.0,0.0,0.0,1.0,0.0,0.0,0.0,0.0,0.0,1.0,1.0,664,54,80,66.4,13.091133555875816,66.4,0.0011280059814453,10,0.9320908341653216,154.23999999999998
20.0,6,64.0,902.6025952785728,0.0,0.0,0.5,0.5,0.5,0.0,0.0,5,0,0,5,0,0.0110790729522705,0.0,1.0,0.0,0.0,0.0,0.0,0.0,1.0,0.0,0.0,0.0,0.0,0.0,1.0,1.0,670,54,80,67.0,13.703203194062976,67.0,0.0011101961135864,10,0.9323401668531336,169.0
20.0,6,64.0,583.7340124977385,0.0,0.0,0.6,0.4,0.4,0.0,0.0,4,0,0,6,0,0.0171310901641845,0.0,1.0,0.0,0.0,0.0,0.0,0.0,1.0,0.0,0.0,0.0,0.0,0.0,1.0,1.0,2958,54,1224,295.8,489.348274068003,295.8,0.0017148971557617,10,1.0,215515.56
20.0,6,64.0,669.1614550095725,0.0,0.0,0.5,0.5,0.5,0.0,0.0,5,0,0,5,0,0.0149440765380859,0.0,1.0,0.0,0.0,0.0,0.0,0.0,1.0,0.0,0.0,0.0,0.0,0.0,1.0,1.0,6390,54,1224,639.0,616.644143732834,639.0,0.0017004966735839,10,1.0,342225.0
20.0,6,64.0,1760.3156083434758,0.0,0.0,0.5,0.5,0.5,0.0,0.0,5,0,0,5,0,0.0056807994842529,0.0,1.0,0.0,0.0,0.0,0.0,0.0,1.0,0.0,0.0,0.0,0.0,0.0,1.0,1.0,6394,54,1226,639.4,617.0662129067764,639.4,0.000624394416809,10,1.0,342693.64
20.0,6,64.0,726.4247735499403,0.0,0.0,0.6,0.4,0.4,0.0,0.0,4,0,0,6,0,0.0137660503387451,0.0,1.0,0.0,0.0,0.0,0.0,0.0,1.0,0.0,0.0,0.0,0.0,0.0,1.0,1.0,8744,54,1226,874.4,566.1297848844674,874.4,0.0015570163726806,10,1.0,343396.0
20.0,6,64.0,417.2897038194064,0.0,0.0,0.7,0.3,0.3,0.0,0.0,3,0,0,7,0,0.0239641666412353,0.0,1.0,0.0,0.0,0.0,0.0,0.0,1.0,0.0,0.0,0.0,0.0,0.0,1.0,1.0,1772,54,1226,177.2,368.5409068203962,177.2,0.0023993015289306,10,1.0,343396.0
20.0,6,64.0,1016.8749242369142,0.0,0.0,0.5,0.5,0.5,0.0,0.0,5,0,0,5,0,0.0098340511322021,0.0,1.0,0.0,0.0,0.0,0.0,0.0,1.0,0.0,0.0,0.0,0.0,0.0,1.0,1.0,592,54,66,59.2,5.513619500836088,59.2,0.0009842872619628,10,0.9290040580398606,27.360000000000003
20.0,6,64.0,753.5174173149129,0.0,0.0,0.7,0.3,0.3,0.0,0.0,3,0,0,7,0,0.0132710933685302,0.0,1.0,0.0,0.0,0.0,0.0,0.0,1.0,0.0,0.0,0.0,0.0,0.0,1.0,1.0,612,54,66,61.2,6.196773353931867,61.2,0.0013308048248291,10,0.9292823475934576,36.0
20.0,6,64.0,439.8896684810538,0.0,0.0,0.8,0.2,0.2,0.0,0.0,2,0,0,8,0,0.0227329730987548,0.0,1.0,0.0,0.0,0.0,0.0,0.0,1.0,0.0,0.0,0.0,0.0,0.0,1.0,1.0,7151,54,1369,715.1,689.2850482766747,715.1,0.0024806022644042,10,1.0,427602.4900000001
20.0,6,64.0,741.9476039695035,0.0,0.0,0.6,0.4,0.4,0.0,0.0,4,0,0,6,0,0.0134780406951904,0.0,1.0,0.0,0.0,0.0,0.0,0.0,1.0,0.0,0.0,0.0,0.0,0.0,1.0,1.0,9749,54,1371,974.9,635.4818731569856,974.9,0.0015167951583862,10,1.0,432306.25
20.0,6,64.0,620.4591715976331,0.0,0.0,0.7,0.3,0.3,0.0,0.0,3,0,0,7,0,0.0161170959472656,0.0,1.0,0.0,0.0,0.0,0.0,0.0,1.0,0.0,0.0,0.0,0.0,0.0,1.0,1.0,9759,54,1371,975.9,636.1714391577162,975.9,0.0016149997711181,10,1.0,433622.25
20.0,6,64.0,538.1314310641246,0.0,0.0,0.5,0.5,0.5,0.0,0.0,5,0,0,5,0,0.0185828208923339,0.0,1.0,0.0,0.0,0.0,0.0,0.0,1.0,0.0,0.0,0.0,0.0,0.0,1.0,1.0,1897,54,1371,189.7,415.0962538978159,189.7,0.0018621921539306,10,1.0,433622.25
20.0,6,64.0,918.4339143382676,0.0,0.0,0.5,0.5,0.5,0.0,0.0,5,0,0,5,0,0.0108880996704101,0.0,1.0,0.0,0.0,0.0,0.0,0.0,1.0,0.0,0.0,0.0,0.0,0.0,1.0,1.0,590,54,64,59.0,5.270462766947299,59.0,0.0010907173156738,10,0.9289050057127436,25.0
20.0,6,64.0,960.4323235098808,0.0,0.0,0.5,0.5,0.5,0.0,0.0,5,0,0,5,0,0.0104119777679443,0.0,1.0,0.0,0.0,0.0,0.0,0.0,1.0,0.0,0.0,0.0,0.0,0.0,1.0,1.0,598,54,66,59.8,6.142746399887703,59.8,0.0010432004928588,10,0.9292603391734584,33.959999999999994
20.0,6,64.0,845.7281122716457,0.0,0.0,0.6,0.4,0.4,0.0,0.0,4,0,0,6,0,0.0118241310119628,0.0,1.0,0.0,0.0,0.0,0.0,0.0,1.0,0.0,0.0,0.0,0.0,0.0,1.0,1.0,612,54,66,61.2,6.196773353931867,61.2,0.0011832952499389,10,0.9292823475934576,36.0
20.0,6,64.0,353.07075213603264,0.0,0.0,1.0,0.0,0.0,0.0,0.0,0,0,0,10,0,0.0283229351043701,0.0,1.0,0.0,0.0,0.0,0.0,0.0,1.0,0.0,0.0,0.0,0.0,0.0,1.0,1.0,630,54,64,63.0,3.1622776601683795,63.0,0.0028378009796142,10,0.9280462154276462,25.0
20.0,6,64.0,513.3724189422406,0.0,0.0,1.0,0.0,0.0,0.0,0.0,0,0,0,10,0,0.0194790363311767,0.0,1.0,0.0,0.0,0.0,0.0,0.0,1.0,0.0,0.0,0.0,0.0,0.0,1.0,1.0,658,64,66,65.8,0.6324555320336757,65.8,0.0021293878555297,10,0.0,1.0
20.0,6,64.0,414.129541864139,0.0,0.0,0.9,0.1,0.1,0.0,0.0,1,0,0,9,0,0.0241470336914062,0.0,1.0,0.0,0.0,0.0,0.0,0.0,1.0,0.0,0.0,0.0,0.0,0.0,1.0,1.0,632,54,66,63.2,3.2930904093942583,63.2,0.0026421070098876,10,0.9280995033091708,10.765432098765432
20.0,6,64.0,564.7525179081166,0.0,0.0,0.9,0.1,0.1,0.0,0.0,1,0,0,9,0,0.0177068710327148,0.0,1.0,0.0,0.0,0.0,0.0,0.0,1.0,0.0,0.0,0.0,0.0,0.0,1.0,1.0,644,54,66,64.4,3.747591819348053,64.4,0.0020524978637695,10,0.9282846490035296,25.0
20.0,6,64.0,336.12514424926275,0.0,0.0,1.0,0.0,0.0,0.0,0.0,0,0,0,10,0,0.0297508239746093,0.0,1.0,0.0,0.0,0.0,0.0,0.0,1.0,0.0,0.0,0.0,0.0,0.0,1.0,1.0,660,66,66,66.0,0.0,66.0,0.00311279296875,10,0.0,0.0
20.0,6,64.0,493.38367975909,0.0,0.0,1.0,0.0,0.0,0.0,0.0,0,0,0,10,0,0.0202682018280029,0.0,1.0,0.0,0.0,0.0,0.0,0.0,1.0,0.0,0.0,0.0,0.0,0.0,1.0,1.0,674,66,68,67.4,0.9660917830792958,67.4,0.0022059202194213,10,0.0,1.0
20.0,6,64.0,456.5626394679264,0.0,0.0,0.6,0.4,0.4,0.0,0.0,4,0,0,6,0,0.0219027996063232,0.0,1.0,0.0,0.0,0.0,0.0,0.0,1.0,0.0,0.0,0.0,0.0,0.0,1.0,1.0,622,54,68,62.2,5.921711464320654,62.2,0.0024259805679321,10,0.9291702983821056,34.666666666666664
20.0,6,64.0,853.7502035499105,0.0,0.0,0.5,0.5,0.5,0.0,0.0,5,0,0,5,0,0.0117130279541015,0.0,1.0,0.0,0.0,0.0,0.0,0.0,1.0,0.0,0.0,0.0,0.0,0.0,1.0,1.0,590,54,64,59.0,5.270462766947299,59.0,0.0011733055114746,10,0.9289050057127436,25.0
20.0,6,64.0,698.56167349522,0.0,0.0,0.5,0.5,0.5,0.0,0.0,5,0,0,5,0,0.014315128326416,0.0,1.0,0.0,0.0,0.0,0.0,0.0,1.0,0.0,0.0,0.0,0.0,0.0,1.0,1.0,598,54,66,59.8,6.142746399887703,59.8,0.0014332056045532,10,0.9292603391734584,33.959999999999994
20.0,6,64.0,1119.7052777703625,0.0,0.0,0.6,0.4,0.4,0.0,0.0,4,0,0,6,0,0.0089309215545654,0.0,1.0,0.0,0.0,0.0,0.0,0.0,1.0,0.0,0.0,0.0,0.0,0.0,1.0,1.0,600,54,66,60.0,6.324555320336759,60.0,0.0008965015411376,10,0.9293344008552924,36.0
20.0,6,64.0,695.4113472825546,0.0,0.0,0.5,0.5,0.5,0.0,0.0,5,0,0,5,0,0.0143799781799316,0.0,1.0,0.0,0.0,0.0,0.0,0.0,1.0,0.0,0.0,0.0,0.0,0.0,1.0,1.0,600,54,66,60.0,6.324555320336759,60.0,0.0016327857971191,10,0.9293344008552924,36.0
20.0,6,64.0,717.8217042323424,0.0,0.0,0.5,0.5,0.5,0.0,0.0,5,0,0,5,0,0.0139310359954833,0.0,1.0,0.0,0.0,0.0,0.0,0.0,1.0,0.0,0.0,0.0,0.0,0.0,1.0,1.0,600,54,66,60.0,6.324555320336759,60.0,0.0015750169754028,10,0.9293344008552924,36.0
20.0,6,64.0,1138.7044578378673,0.0,0.0,0.5,0.5,0.5,0.0,0.0,5,0,0,5,0,0.0087819099426269,0.0,1.0,0.0,0.0,0.0,0.0,0.0,1.0,0.0,0.0,0.0,0.0,0.0,1.0,1.0,622,54,68,62.2,7.083627444874397,62.2,0.0013563871383666,10,0.929643616475944,46.02469135802469
20.0,6,64.0,961.9080818273552,0.0,0.0,0.5,0.5,0.5,0.0,0.0,5,0,0,5,0,0.0103960037231445,0.0,1.0,0.0,0.0,0.0,0.0,0.0,1.0,0.0,0.0,0.0,0.0,0.0,1.0,1.0,610,54,68,61.0,7.378647873726218,61.0,0.0010411977767944,10,0.9297637959978412,49.0
20.0,6,64.0,715.4585152838428,0.0,0.0,0.5,0.5,0.5,0.0,0.0,5,0,0,5,0,0.01397705078125,0.0,1.0,0.0,0.0,0.0,0.0,0.0,1.0,0.0,0.0,0.0,0.0,0.0,1.0,1.0,590,54,64,59.0,5.270462766947299,59.0,0.0014003038406372,10,0.9289050057127436,25.0
20.0,6,64.0,947.415689729168,0.0,0.0,0.6,0.4,0.4,0.0,0.0,4,0,0,6,0,0.0105550289154052,0.0,1.0,0.0,0.0,0.0,0.0,0.0,1.0,0.0,0.0,0.0,0.0,0.0,1.0,1.0,590,54,64,59.0,5.270462766947299,59.0,0.0010586023330688,10,0.9289050057127436,25.0
20.0,6,64.0,607.8260995580031,0.0,0.0,0.5,0.5,0.5,0.0,0.0,5,0,0,5,0,0.0164520740509033,0.0,1.0,0.0,0.0,0.0,0.0,0.0,1.0,0.0,0.0,0.0,0.0,0.0,1.0,1.0,600,54,66,60.0,6.324555320336759,60.0,0.0019973039627075,10,0.9293344008552924,36.0
20.0,6,64.0,3894.07111688794,0.0,0.0,0.5,0.5,0.5,0.0,0.0,5,0,0,5,0,0.0025680065155029,0.0,1.0,0.0,0.0,0.0,0.0,0.0,1.0,0.0,0.0,0.0,0.0,0.0,1.0,1.0,600,54,66,60.0,6.324555320336759,60.0,0.0002583026885986,10,0.9293344008552924,36.0
20.0,6,64.0,996.4137406756308,0.0,0.0,0.5,0.5,0.5,0.0,0.0,5,0,0,5,0,0.0100359916687011,0.0,1.0,0.0,0.0,0.0,0.0,0.0,1.0,0.0,0.0,0.0,0.0,0.0,1.0,1.0,600,54,66,60.0,6.324555320336759,60.0,0.0020827054977416,10,0.9293344008552924,36.0
20.0,6,64.0,1143.2359354557348,0.0,0.0,0.5,0.5,0.5,0.0,0.0,5,0,0,5,0,0.0087471008300781,0.0,1.0,0.0,0.0,0.0,0.0,0.0,1.0,0.0,0.0,0.0,0.0,0.0,1.0,1.0,600,54,66,60.0,6.324555320336759,60.0,0.0010813951492309,10,0.9293344008552924,36.0
20.0,6,64.0,921.744022503516,0.0,0.0,0.5,0.5,0.5,0.0,0.0,5,0,0,5,0,0.0108489990234375,0.0,1.0,0.0,0.0,0.0,0.0,0.0,1.0,0.0,0.0,0.0,0.0,0.0,1.0,1.0,624,54,68,62.4,7.229568912920511,62.4,0.0012863874435424,10,0.9297030671923672,49.0
20.0,6,64.0,519.315553574524,0.0,0.0,0.6,0.4,0.4,0.0,0.0,4,0,0,6,0,0.0192561149597167,0.0,1.0,0.0,0.0,0.0,0.0,0.0,1.0,0.0,0.0,0.0,0.0,0.0,1.0,1.0,608,54,68,60.8,7.192588778272627,60.8,0.0019318103790283,10,0.9296880029647172,49.0
20.0,6,64.0,1178.274573700031,0.0,0.0,0.5,0.5,0.5,0.0,0.0,5,0,0,5,0,0.0084869861602783,0.0,1.0,0.0,0.0,0.0,0.0,0.0,1.0,0.0,0.0,0.0,0.0,0.0,1.0,1.0,600,54,66,60.0,6.324555320336759,60.0,0.0010093927383422,10,0.9293344008552924,36.0
20.0,6,64.0,911.2505431476492,0.0,0.0,0.6,0.4,0.4,0.0,0.0,4,0,0,6,0,0.0109739303588867,0.0,1.0,0.0,0.0,0.0,0.0,0.0,1.0,0.0,0.0,0.0,0.0,0.0,1.0,1.0,616,54,68,61.6,6.586180818788516,61.6,0.0012644052505493,10,0.9294409766183416,39.04
20.0,6,64.0,903.3413021472722,0.0,0.0,0.5,0.5,0.5,0.0,0.0,5,0,0,5,0,0.0110700130462646,0.0,1.0,0.0,0.0,0.0,0.0,0.0,1.0,0.0,0.0,0.0,0.0,0.0,1.0,1.0,610,54,68,61.0,7.378647873726218,61.0,0.0014069080352783,10,0.9297637959978412,49.0
20.0,6,64.0,596.0612218795742,0.0,0.0,0.5,0.5,0.5,0.0,0.0,5,0,0,5,0,0.0167768001556396,0.0,1.0,0.0,0.0,0.0,0.0,0.0,1.0,0.0,0.0,0.0,0.0,0.0,1.0,1.0,606,54,68,60.6,6.995236474439825,60.6,0.0020888805389404,10,0.9296076095302278,49.0
20.0,6,64.0,1240.0745055139994,0.0,0.0,0.5,0.5,0.5,0.0,0.0,5,0,0,5,0,0.0080640316009521,0.0,1.0,0.0,0.0,0.0,0.0,0.0,1.0,0.0,0.0,0.0,0.0,0.0,1.0,1.0,600,54,66,60.0,6.324555320336759,60.0,0.0011117219924926,10,0.9293344008552924,36.0
20.0,6,64.0,535.7668037707891,0.0,0.0,0.5,0.5,0.5,0.0,0.0,5,0,0,5,0,0.0186648368835449,0.0,1.0,0.0,0.0,0.0,0.0,0.0,1.0,0.0,0.0,0.0,0.0,0.0,1.0,1.0,602,54,67,60.2,6.545566777937908,60.2,0.0021881818771362,10,0.9294244320826608,38.56
20.0,6,64.0,1565.2140164943837,0.0,0.0,0.5,0.5,0.5,0.0,0.0,5,0,0,5,0,0.0063889026641845,0.0,1.0,0.0,0.0,0.0,0.0,0.0,1.0,0.0,0.0,0.0,0.0,0.0,1.0,1.0,605,54,67,60.5,6.851601597031489,60.5,0.0006412982940673,10,0.9295490984265669,42.25
20.0,6,64.0,714.7513718005521,0.0,0.0,0.7,0.3,0.3,0.0,0.0,3,0,0,7,0,0.0139908790588378,0.0,1.0,0.0,0.0,0.0,0.0,0.0,1.0,0.0,0.0,0.0,0.0,0.0,1.0,1.0,627,54,67,62.7,6.019413038937712,62.7,0.001576805114746,10,0.9292100980955416,42.25
20.0,6,64.0,549.2370950422963,0.0,0.0,1.0,0.0,0.0,0.0,0.0,0,0,0,10,0,0.0182070732116699,0.0,1.0,0.0,0.0,0.0,0.0,0.0,1.0,0.0,0.0,0.0,0.0,0.0,1.0,1.0,668,66,68,66.8,1.0327955589886444,66.8,0.0021042108535766,10,0.9067291895989096,0.96
20.0,6,64.0,479.3599853710942,0.0,0.0,0.8,0.2,0.2,0.0,0.0,2,0,0,8,0,0.0208611488342285,0.0,1.0,0.0,0.0,0.0,0.0,0.0,1.0,0.0,0.0,0.0,0.0,0.0,1.0,1.0,728,54,106,72.8,18.407727845783803,72.8,0.002302598953247,10,0.9342566020152584,304.96
20.0,6,64.0,1274.3608908334093,0.0,0.0,0.5,0.5,0.5,0.0,0.0,5,0,0,5,0,0.0078470706939697,0.0,1.0,0.0,0.0,0.0,0.0,0.0,1.0,0.0,0.0,0.0,0.0,0.0,1.0,1.0,800,54,106,80.0,27.406406388125955,80.0,0.0010421991348266,10,0.937922303706267,676.0
20.0,6,64.0,770.530183341294,0.0,0.0,0.5,0.5,0.5,0.0,0.0,5,0,0,5,0,0.0129780769348144,0.0,1.0,0.0,0.0,0.0,0.0,0.0,1.0,0.0,0.0,0.0,0.0,0.0,1.0,1.0,858,54,108,85.8,27.38125879745731,85.8,0.0014806985855102,10,0.9379120595837322,688.8888888888889
20.0,6,64.0,1126.895217624933,0.0,0.0,0.5,0.5,0.5,0.0,0.0,5,0,0,5,0,0.0088739395141601,0.0,1.0,0.0,0.0,0.0,0.0,0.0,1.0,0.0,0.0,0.0,0.0,0.0,1.0,1.0,810,54,108,81.0,28.46049894151541,81.0,0.0008889913558959,10,0.9383516988488158,729.0
20.0,6,64.0,445.155963108012,0.0,0.0,0.7,0.3,0.3,0.0,0.0,3,0,0,7,0,0.0224640369415283,0.0,1.0,0.0,0.0,0.0,0.0,0.0,1.0,0.0,0.0,0.0,0.0,0.0,1.0,1.0,5356,54,1231,535.6,598.8658169128263,535.6,0.0022488117218017,10,1.0,322776.24
20.0,6,64.0,630.2769471200805,0.0,0.0,0.7,0.3,0.3,0.0,0.0,3,0,0,7,0,0.0158660411834716,0.0,1.0,0.0,0.0,0.0,0.0,0.0,1.0,0.0,0.0,0.0,0.0,0.0,1.0,1.0,8780,54,1232,878.0,568.6141046439141,878.0,0.0017230987548828,10,1.0,307850.88888888893
20.0,6,64.0,635.3177115678819,0.0,0.0,0.8,0.2,0.2,0.0,0.0,2,0,0,8,0,0.015740156173706,0.0,1.0,0.0,0.0,0.0,0.0,0.0,1.0,0.0,0.0,0.0,0.0,0.0,1.0,1.0,9964,54,1232,996.4,496.6884111571135,996.4,0.0017060995101928,10,1.0,260190.75
20.0,6,64.0,498.9773727664232,0.0,0.0,0.5,0.5,0.5,0.0,0.0,5,0,0,5,0,0.0200409889221191,0.0,1.0,0.0,0.0,0.0,0.0,0.0,1.0,0.0,0.0,0.0,0.0,0.0,1.0,1.0,1768,54,1232,176.8,370.7927842999227,176.8,0.002281904220581,10,1.0,341056.0
20.0,6,64.0,897.907175886282,0.0,0.0,0.5,0.5,0.5,0.0,0.0,5,0,0,5,0,0.0111370086669921,0.0,1.0,0.0,0.0,0.0,0.0,0.0,1.0,0.0,0.0,0.0,0.0,0.0,1.0,1.0,590,54,64,59.0,5.270462766947299,59.0,0.0011155843734741,10,0.9289050057127436,25.0
20.0,6,64.0,726.0098317524061,0.0,0.0,0.5,0.5,0.5,0.0,0.0,5,0,0,5,0,0.0137739181518554,0.0,1.0,0.0,0.0,0.0,0.0,0.0,1.0,0.0,0.0,0.0,0.0,0.0,1.0,1.0,600,54,66,60.0,6.324555320336759,60.0,0.001379108428955,10,0.9293344008552924,36.0
20.0,6,64.0,1110.1328675030438,0.0,0.0,0.5,0.5,0.5,0.0,0.0,5,0,0,5,0,0.0090079307556152,0.0,1.0,0.0,0.0,0.0,0.0,0.0,1.0,0.0,0.0,0.0,0.0,0.0,1.0,1.0,600,54,66,60.0,6.324555320336759,60.0,0.0009027004241943,10,0.9293344008552924,36.0
20.0,6,64.0,380.7776597579686,0.0,0.0,0.6,0.4,0.4,0.0,0.0,4,0,0,6,0,0.0262620449066162,0.0,1.0,0.0,0.0,0.0,0.0,0.0,1.0,0.0,0.0,0.0,0.0,0.0,1.0,1.0,1325,54,211,132.5,82.7462654410726,132.5,0.0026287078857421,10,0.9604655486900754,6162.25
20.0,6,64.0,545.0191665475526,0.0,0.0,0.7,0.3,0.3,0.0,0.0,3,0,0,7,0,0.0183479785919189,0.0,1.0,0.0,0.0,0.0,0.0,0.0,1.0,0.0,0.0,0.0,0.0,0.0,1.0,1.0,1643,54,213,164.3,76.11840192168457,164.3,0.0018751859664916,10,0.9577656222068174,6162.25
20.0,6,64.0,464.9849783266632,0.0,0.0,0.8,0.2,0.2,0.0,0.0,2,0,0,8,0,0.0215060710906982,0.0,1.0,0.0,0.0,0.0,0.0,0.0,1.0,0.0,0.0,0.0,0.0,0.0,1.0,1.0,1812,54,213,181.2,67.04028639556964,181.2,0.0024012088775634,10,0.9540675610660992,5618.0
20.0,6,64.0,430.9054110975271,0.0,0.0,0.9,0.1,0.1,0.0,0.0,1,0,0,9,0,0.0232069492340087,0.0,1.0,0.0,0.0,0.0,0.0,0.0,1.0,0.0,0.0,0.0,0.0,0.0,1.0,1.0,648,54,66,64.8,3.794733192202056,64.8,0.002324891090393,10,0.9283038525131756,27.0
20.0,6,64.0,611.9230264213705,0.0,0.0,0.9,0.1,0.1,0.0,0.0,1,0,0,9,0,0.0163419246673584,0.0,1.0,0.0,0.0,0.0,0.0,0.0,1.0,0.0,0.0,0.0,0.0,0.0,1.0,1.0,664,54,68,66.4,4.402019738458447,66.4,0.0017147064208984,10,0.9285512367606584,23.346938775510207
20.0,6,64.0,447.2254624940022,0.0,0.0,1.0,0.0,0.0,0.0,0.0,0,0,0,10,0,0.02236008644104,0.0,1.0,0.0,0.0,0.0,0.0,0.0,1.0,0.0,0.0,0.0,0.0,0.0,1.0,1.0,664,66,68,66.4,0.8432740427115678,66.4,0.0025481939315795,10,0.0,1.0
20.0,6,64.0,413.5456454650326,0.0,0.0,1.0,0.0,0.0,0.0,0.0,0,0,0,10,0,0.0241811275482177,0.0,1.0,0.0,0.0,0.0,0.0,0.0,1.0,0.0,0.0,0.0,0.0,0.0,1.0,1.0,676,66,68,67.6,0.8432740427115678,67.6,0.0027672052383422,10,0.0,1.0
20.0,6,64.0,427.0228665675714,0.0,0.0,1.0,0.0,0.0,0.0,0.0,0,0,0,10,0,0.0234179496765136,0.0,1.0,0.0,0.0,0.0,0.0,0.0,1.0,0.0,0.0,0.0,0.0,0.0,1.0,1.0,664,66,68,66.4,0.8432740427115678,66.4,0.0026731967926025,10,0.0,1.0
20.0,6,64.0,413.4111338905535,0.0,0.0,1.0,0.0,0.0,0.0,0.0,0,0,0,10,0,0.0241889953613281,0.0,1.0,0.0,0.0,0.0,0.0,0.0,1.0,0.0,0.0,0.0,0.0,0.0,1.0,1.0,668,66,67,66.8,0.4216370213557839,66.8,0.0027159929275512,10,0.0,0.25
20.0,6,64.0,794.7821802815834,0.0,0.0,0.6,0.4,0.4,0.0,0.0,4,0,0,6,0,0.0125820636749267,0.0,1.0,0.0,0.0,0.0,0.0,0.0,1.0,0.0,0.0,0.0,0.0,0.0,1.0,1.0,606,54,67,60.6,5.796550698475775,60.6,0.0015652179718017,10,0.9291193128925312,30.88888888888889
20.0,6,64.0,511.79383305065096,0.0,0.0,0.5,0.5,0.5,0.0,0.0,5,0,0,5,0,0.0195391178131103,0.0,1.0,0.0,0.0,0.0,0.0,0.0,1.0,0.0,0.0,0.0,0.0,0.0,1.0,1.0,600,54,64,60.0,5.163977794943222,60.0,0.0022872924804687,10,0.928861627994548,25.0
20.0,6,64.0,746.543260416852,0.0,0.0,0.5,0.5,0.5,0.0,0.0,5,0,0,5,0,0.013395071029663,0.0,1.0,0.0,0.0,0.0,0.0,0.0,1.0,0.0,0.0,0.0,0.0,0.0,1.0,1.0,600,54,66,60.0,6.324555320336759,60.0,0.0013441085815429,10,0.9293344008552924,36.0
20.0,6,64.0,712.4567274209712,0.0,0.0,0.5,0.5,0.5,0.0,0.0,5,0,0,5,0,0.014035940170288,0.0,1.0,0.0,0.0,0.0,0.0,0.0,1.0,0.0,0.0,0.0,0.0,0.0,1.0,1.0,600,54,66,60.0,6.324555320336759,60.0,0.001406979560852,10,0.9293344008552924,36.0
20.0,6,64.0,398.94838967413017,0.0,0.0,1.0,0.0,0.0,0.0,0.0,0,0,0,10,0,0.0250658988952636,0.0,1.0,0.0,0.0,0.0,0.0,0.0,1.0,0.0,0.0,0.0,0.0,0.0,1.0,1.0,648,54,66,64.8,3.794733192202056,64.8,0.0025113105773925,10,0.9283038525131756,36.0
20.0,6,64.0,431.1623269153672,0.0,0.0,1.0,0.0,0.0,0.0,0.0,0,0,0,10,0,0.0231931209564209,0.0,1.0,0.0,0.0,0.0,0.0,0.0,1.0,0.0,0.0,0.0,0.0,0.0,1.0,1.0,678,66,68,67.8,0.6324555320336757,67.8,0.0026457071304321,10,0.0,1.0
20.0,6,64.0,725.8464999567361,0.0,0.0,0.5,0.5,0.5,0.0,0.0,5,0,0,5,0,0.0137770175933837,0.0,1.0,0.0,0.0,0.0,0.0,0.0,1.0,0.0,0.0,0.0,0.0,0.0,1.0,1.0,604,54,68,60.4,5.641118880348314,60.4,0.001628303527832,10,0.9290559961870988,34.666666666666664
20.0,6,64.0,831.1806904205145,0.0,0.0,0.6,0.4,0.4,0.0,0.0,4,0,0,6,0,0.012031078338623,0.0,1.0,0.0,0.0,0.0,0.0,0.0,1.0,0.0,0.0,0.0,0.0,0.0,1.0,1.0,590,54,64,59.0,5.270462766947299,59.0,0.0012085914611816,10,0.9289050057127436,25.0
20.0,6,64.0,810.9009357358286,0.0,0.0,0.5,0.5,0.5,0.0,0.0,5,0,0,5,0,0.0123319625854492,0.0,1.0,0.0,0.0,0.0,0.0,0.0,1.0,0.0,0.0,0.0,0.0,0.0,1.0,1.0,600,54,66,60.0,6.324555320336759,60.0,0.0015105009078979,10,0.9293344008552924,36.0
20.0,6,64.0,550.8745846412482,0.0,0.0,0.5,0.5,0.5,0.0,0.0,5,0,0,5,0,0.0181529521942138,0.0,1.0,0.0,0.0,0.0,0.0,0.0,1.0,0.0,0.0,0.0,0.0,0.0,1.0,1.0,612,54,66,61.2,6.196773353931867,61.2,0.0018831014633178,10,0.9292823475934576,36.0
20.0,6,64.0,1430.185153612712,0.0,0.0,0.6,0.4,0.4,0.0,0.0,4,0,0,6,0,0.0069921016693115,0.0,1.0,0.0,0.0,0.0,0.0,0.0,1.0,0.0,0.0,0.0,0.0,0.0,1.0,1.0,612,54,66,61.2,6.196773353931867,61.2,0.0006999969482421,10,0.9292823475934576,36.0
20.0,6,64.0,1040.796049529765,0.0,0.0,0.5,0.5,0.5,0.0,0.0,5,0,0,5,0,0.0096080303192138,0.0,1.0,0.0,0.0,0.0,0.0,0.0,1.0,0.0,0.0,0.0,0.0,0.0,1.0,1.0,604,54,68,60.4,6.785605679999719,60.4,0.0009634971618652,10,0.9295222143298046,41.44
20.0,6,64.0,554.9342436029742,0.0,0.0,0.5,0.5,0.5,0.0,0.0,5,0,0,5,0,0.0180201530456542,0.0,1.0,0.0,0.0,0.0,0.0,0.0,1.0,0.0,0.0,0.0,0.0,0.0,1.0,1.0,610,54,68,61.0,7.378647873726218,61.0,0.001803708076477,10,0.9297637959978412,49.0
20.0,6,64.0,894.3841692255203,0.0,0.0,0.6,0.4,0.4,0.0,0.0,4,0,0,6,0,0.0111808776855468,0.0,1.0,0.0,0.0,0.0,0.0,0.0,1.0,0.0,0.0,0.0,0.0,0.0,1.0,1.0,2352,54,644,235.2,282.1649635703672,235.2,0.0011201858520507,10,1.0,71655.36
20.0,6,64.0,706.9091399389885,0.0,0.0,0.6,0.4,0.4,0.0,0.0,4,0,0,6,0,0.014146089553833,0.0,1.0,0.0,0.0,0.0,0.0,0.0,1.0,0.0,0.0,0.0,0.0,0.0,1.0,1.0,4080,54,644,408.0,304.67468990165014,408.0,0.0014177083969116,10,1.0,87025.0
20.0,6,64.0,602.6298850574713,0.0,0.0,0.7,0.3,0.3,0.0,0.0,3,0,0,7,0,0.0165939331054687,0.0,1.0,0.0,0.0,0.0,0.0,0.0,1.0,0.0,0.0,0.0,0.0,0.0,1.0,1.0,4682,54,646,468.2,285.825821086899,468.2,0.0016633987426757,10,1.0,87320.75
20.0,6,64.0,608.7877380399443,0.0,0.0,0.8,0.2,0.2,0.0,0.0,2,0,0,8,0,0.0164260864257812,0.0,1.0,0.0,0.0,0.0,0.0,0.0,1.0,0.0,0.0,0.0,0.0,0.0,1.0,1.0,2944,54,646,294.4,302.64875130531544,294.4,0.0016469001770019,10,1.0,87616.0
20.0,6,64.0,472.25175927489727,0.0,0.0,1.0,0.0,0.0,0.0,0.0,0,0,0,10,0,0.0211751461029052,0.0,1.0,0.0,0.0,0.0,0.0,0.0,1.0,0.0,0.0,0.0,0.0,0.0,1.0,1.0,666,66,68,66.6,0.966091783079296,66.6,0.0021753072738647,10,0.0,0.8400000000000001
20.0,6,64.0,558.4363849390212,0.0,0.0,0.8,0.2,0.2,0.0,0.0,2,0,0,8,0,0.0179071426391601,0.0,1.0,0.0,0.0,0.0,0.0,0.0,1.0,0.0,0.0,0.0,0.0,0.0,1.0,1.0,662,54,68,66.2,4.366539438350084,66.2,0.0019557952880859,10,0.9285367835056064,19.06172839506173
20.0,6,64.0,859.2596234609632,0.0,0.0,0.5,0.5,0.5,0.0,0.0,5,0,0,5,0,0.0116379261016845,0.0,1.0,0.0,0.0,0.0,0.0,0.0,1.0,0.0,0.0,0.0,0.0,0.0,1.0,1.0,600,54,66,60.0,6.324555320336759,60.0,0.0011659860610961,10,0.9293344008552924,36.0
20.0,6,64.0,961.3568956428064,0.0,0.0,0.5,0.5,0.5,0.0,0.0,5,0,0,5,0,0.010401964187622,0.0,1.0,0.0,0.0,0.0,0.0,0.0,1.0,0.0,0.0,0.0,0.0,0.0,1.0,1.0,604,54,68,60.4,6.785605679999719,60.4,0.0010419130325317,10,0.9295222143298046,41.44
20.0,6,64.0,853.6112015630088,0.0,0.0,0.5,0.5,0.5,0.0,0.0,5,0,0,5,0,0.0117149353027343,0.0,1.0,0.0,0.0,0.0,0.0,0.0,1.0,0.0,0.0,0.0,0.0,0.0,1.0,1.0,610,54,68,61.0,7.378647873726218,61.0,0.0011734008789062,10,0.9297637959978412,49.0
20.0,6,64.0,602.8117679184811,0.0,0.0,0.6,0.4,0.4,0.0,0.0,4,0,0,6,0,0.0165889263153076,0.0,1.0,0.0,0.0,0.0,0.0,0.0,1.0,0.0,0.0,0.0,0.0,0.0,1.0,1.0,612,54,68,61.2,6.408327915038888,61.2,0.0016613006591796,10,0.9293685264594702,49.0
20.0,6,64.0,558.1614212522456,0.0,0.0,0.8,0.2,0.2,0.0,0.0,2,0,0,8,0,0.0179159641265869,0.0,1.0,0.0,0.0,0.0,0.0,0.0,1.0,0.0,0.0,0.0,0.0,0.0,1.0,1.0,610,54,64,61.0,4.83045891539648,61.0,0.0017953872680664,10,0.928725765743776,25.0
20.0,6,64.0,802.3230101191729,0.0,0.0,0.7,0.3,0.3,0.0,0.0,3,0,0,7,0,0.0124638080596923,0.0,1.0,0.0,0.0,0.0,0.0,0.0,1.0,0.0,0.0,0.0,0.0,0.0,1.0,1.0,624,54,66,62.4,5.796550698475775,62.4,0.0014492988586425,10,0.9291193128925312,32.0
20.0,6,64.0,361.3754361780037,0.0,0.0,0.8,0.2,0.2,0.0,0.0,2,0,0,8,0,0.0276720523834228,0.0,1.0,0.0,0.0,0.0,0.0,0.0,1.0,0.0,0.0,0.0,0.0,0.0,1.0,1.0,681,54,75,68.1,8.491171886141512,68.1,0.0030023097991943,10,0.9302169937795386,66.234375
20.0,6,64.0,604.4101160025939,0.0,0.0,1.0,0.0,0.0,0.0,0.0,0,0,0,10,0,0.0165450572967529,0.0,1.0,0.0,0.0,0.0,0.0,0.0,1.0,0.0,0.0,0.0,0.0,0.0,1.0,1.0,760,75,77,76.0,1.0540925533894598,76.0,0.0016586065292358,10,0.8914006951425488,1.0
20.0,6,64.0,295.3069730764898,0.0,0.0,1.0,0.0,0.0,0.0,0.0,0,0,0,10,0,0.0338630676269531,0.0,1.0,0.0,0.0,0.0,0.0,0.0,1.0,0.0,0.0,0.0,0.0,0.0,1.0,1.0,705,64,77,70.5,6.851601597031489,70.5,0.0035969972610473,10,0.9125077984265668,42.25
20.0,6,64.0,761.8388883843429,0.0,0.0,1.0,0.0,0.0,0.0,0.0,0,0,0,10,0,0.0131261348724365,0.0,1.0,0.0,0.0,0.0,0.0,0.0,1.0,0.0,0.0,0.0,0.0,0.0,1.0,1.0,650,64,66,65.0,1.0540925533894598,65.0,0.0013148069381713,10,0.9101461251425488,1.0
20.0,6,64.0,375.3896824544445,0.0,0.0,0.8,0.2,0.2,0.0,0.0,2,0,0,8,0,0.0266389846801757,0.0,1.0,0.0,0.0,0.0,0.0,0.0,1.0,0.0,0.0,0.0,0.0,0.0,1.0,1.0,630,54,66,63.0,4.83045891539648,63.0,0.0028536796569824,10,0.928725765743776,21.0
20.0,6,64.0,847.5396055609441,0.0,0.0,0.6,0.4,0.4,0.0,0.0,4,0,0,6,0,0.0117988586425781,0.0,1.0,0.0,0.0,0.0,0.0,0.0,1.0,0.0,0.0,0.0,0.0,0.0,1.0,1.0,600,54,64,60.0,5.163977794943222,60.0,0.0014003992080688,10,0.928861627994548,25.0
20.0,6,64.0,440.2775415944996,0.0,0.0,0.5,0.5,0.5,0.0,0.0,5,0,0,5,0,0.0227129459381103,0.0,1.0,0.0,0.0,0.0,0.0,0.0,1.0,0.0,0.0,0.0,0.0,0.0,1.0,1.0,610,54,66,61.0,6.055300708194984,61.0,0.0025346994400024,10,0.9292247172964904,33.58024691358025
20.0,6,64.0,2562.1893708002444,0.0,0.0,0.6,0.4,0.4,0.0,0.0,4,0,0,6,0,0.0039029121398925,0.0,1.0,0.0,0.0,0.0,0.0,0.0,1.0,0.0,0.0,0.0,0.0,0.0,1.0,1.0,600,54,66,60.0,6.324555320336759,60.0,0.0003941059112548,10,0.9293344008552924,36.0
20.0,6,64.0,298.7842910976713,0.0,0.0,1.0,0.0,0.0,0.0,0.0,0,0,0,10,0,0.0334689617156982,0.0,1.0,0.0,0.0,0.0,0.0,0.0,1.0,0.0,0.0,0.0,0.0,0.0,1.0,1.0,640,64,64,64.0,0.0,64.0,0.0038700103759765,10,0.0,0.0
20.0,6,64.0,518.3464537736198,0.0,0.0,1.0,0.0,0.0,0.0,0.0,0,0,0,10,0,0.0192921161651611,0.0,1.0,0.0,0.0,0.0,0.0,0.0,1.0,0.0,0.0,0.0,0.0,0.0,1.0,1.0,660,66,66,66.0,0.0,66.0,0.001932406425476,10,0.0,0.0
20.0,6,64.0,1007.6406006006006,0.0,0.0,0.5,0.5,0.5,0.0,0.0,5,0,0,5,0,0.0099241733551025,0.0,1.0,0.0,0.0,0.0,0.0,0.0,1.0,0.0,0.0,0.0,0.0,0.0,1.0,1.0,696,54,80,69.6,13.426342266852378,69.6,0.0011786937713623,10,0.932227384785825,169.0
20.0,6,64.0,701.2596345153902,0.0,0.0,0.6,0.4,0.4,0.0,0.0,4,0,0,6,0,0.0142600536346435,0.0,1.0,0.0,0.0,0.0,0.0,0.0,1.0,0.0,0.0,0.0,0.0,0.0,1.0,1.0,700,54,82,70.0,13.792107243718132,70.0,0.0014292955398559,10,0.932376382806801,172.44444444444446
20.0,6,64.0,566.9204152249135,0.0,0.0,0.6,0.4,0.4,0.0,0.0,4,0,0,6,0,0.01763916015625,0.0,1.0,0.0,0.0,0.0,0.0,0.0,1.0,0.0,0.0,0.0,0.0,0.0,1.0,1.0,680,54,82,68.0,14.757295747452437,68.0,0.0017661094665527,10,0.9327695619956824,196.0
20.0,6,64.0,697.6901708335413,0.0,0.0,0.7,0.3,0.3,0.0,0.0,3,0,0,7,0,0.0143330097198486,0.0,1.0,0.0,0.0,0.0,0.0,0.0,1.0,0.0,0.0,0.0,0.0,0.0,1.0,1.0,7244,54,1378,724.4,689.0307524180455,724.4,0.0014725923538208,10,1.0,427287.04
20.0,6,64.0,538.5321760566997,0.0,0.0,0.8,0.2,0.2,0.0,0.0,2,0,0,8,0,0.018568992614746,0.0,1.0,0.0,0.0,0.0,0.0,0.0,1.0,0.0,0.0,0.0,0.0,0.0,1.0,1.0,9812,54,1380,981.2,639.8292827865189,981.2,0.0018635988235473,10,1.0,438244.0
20.0,6,64.0,437.1206736631476,0.0,0.0,0.8,0.2,0.2,0.0,0.0,2,0,0,8,0,0.0228769779205322,0.0,1.0,0.0,0.0,0.0,0.0,0.0,1.0,0.0,0.0,0.0,0.0,0.0,1.0,1.0,11188,54,1380,1118.8,550.7386555042842,1118.8,0.0026948928833007,10,1.0,272981.75999999995
20.0,6,64.0,1084.61224173153,0.0,0.0,0.6,0.4,0.4,0.0,0.0,4,0,0,6,0,0.0092198848724365,0.0,1.0,0.0,0.0,0.0,0.0,0.0,1.0,0.0,0.0,0.0,0.0,0.0,1.0,1.0,740,54,94,74.0,21.081851067789195,74.0,0.000926399230957,10,0.9353459328509748,400.0
20.0,6,64.0,1112.2229588183818,0.0,0.0,0.5,0.5,0.5,0.0,0.0,5,0,0,5,0,0.008991003036499,0.0,1.0,0.0,0.0,0.0,0.0,0.0,1.0,0.0,0.0,0.0,0.0,0.0,1.0,1.0,742,54,96,74.2,21.30101719010933,74.2,0.0010668992996215,10,0.935435212362563,408.36
20.0,6,64.0,808.4002775422096,0.0,0.0,0.6,0.4,0.4,0.0,0.0,4,0,0,6,0,0.0123701095581054,0.0,1.0,0.0,0.0,0.0,0.0,0.0,1.0,0.0,0.0,0.0,0.0,0.0,1.0,1.0,792,54,96,79.2,21.68870673876153,79.2,0.0014186143875122,10,0.935593141577102,441.0
20.0,6,64.0,549.539332320109,0.0,0.0,0.7,0.3,0.3,0.0,0.0,3,0,0,7,0,0.0181970596313476,0.0,1.0,0.0,0.0,0.0,0.0,0.0,1.0,0.0,0.0,0.0,0.0,0.0,1.0,1.0,6074,54,1406,607.4,687.5392837261495,607.4,0.0020941019058227,10,1.0,425439.2400000001
20.0,6,64.0,354.63503310194386,0.0,0.0,1.0,0.0,0.0,0.0,0.0,0,0,0,10,0,0.0281980037689209,0.0,1.0,0.0,0.0,0.0,0.0,0.0,1.0,0.0,0.0,0.0,0.0,0.0,1.0,1.0,14060,1406,1406,1406.0,0.0,1406.0,0.0030217885971069,10,0.0,0.0
20.0,6,64.0,481.2575585464643,0.0,0.0,0.9,0.1,0.1,0.0,0.0,1,0,0,9,0,0.0207788944244384,0.0,1.0,0.0,0.0,0.0,0.0,0.0,1.0,0.0,0.0,0.0,0.0,0.0,1.0,1.0,9123,54,1406,912.3,638.9733171267795,912.3,0.0020792007446289,10,1.0,367458.21
20.0,6,64.0,863.5585752522132,0.0,0.0,0.6,0.4,0.4,0.0,0.0,4,0,0,6,0,0.0115799903869628,0.0,1.0,0.0,0.0,0.0,0.0,0.0,1.0,0.0,0.0,0.0,0.0,0.0,1.0,1.0,1482,54,211,148.2,81.0744513806086,148.2,0.0012619972229003,10,0.9597845185144048,5915.76
20.0,6,64.0,755.3493732891515,0.0,0.0,0.6,0.4,0.4,0.0,0.0,4,0,0,6,0,0.0132389068603515,0.0,1.0,0.0,0.0,0.0,0.0,0.0,1.0,0.0,0.0,0.0,0.0,0.0,1.0,1.0,1651,54,213,165.1,76.66876808714224,165.1,0.0015522003173828,10,0.9579898193679782,6162.25
20.0,6,64.0,476.1438999193997,0.0,0.0,0.5,0.5,0.5,0.0,0.0,5,0,0,5,0,0.0210020542144775,0.0,1.0,0.0,0.0,0.0,0.0,0.0,1.0,0.0,0.0,0.0,0.0,0.0,1.0,1.0,1187,54,213,118.7,81.2295102369412,118.7,0.0021023035049438,10,0.9598476832901204,6320.25
20.0,6,64.0,1011.845990543279,0.0,0.0,0.6,0.4,0.4,0.0,0.0,4,0,0,6,0,0.0098829269409179,0.0,1.0,0.0,0.0,0.0,0.0,0.0,1.0,0.0,0.0,0.0,0.0,0.0,1.0,1.0,595,54,65,59.5,5.797509043642029,59.5,0.0009924888610839,10,0.929119703284018,30.25
20.0,6,64.0,924.3034069372824,0.0,0.0,0.5,0.5,0.5,0.0,0.0,5,0,0,5,0,0.0108189582824707,0.0,1.0,0.0,0.0,0.0,0.0,0.0,1.0,0.0,0.0,0.0,0.0,0.0,1.0,1.0,610,54,67,61.0,6.073622386096199,61.0,0.0012526035308837,10,0.9292321808152002,33.2
20.0,6,64.0,1049.415532425941,0.0,0.0,0.5,0.5,0.5,0.0,0.0,5,0,0,5,0,0.0095291137695312,0.0,1.0,0.0,0.0,0.0,0.0,0.0,1.0,0.0,0.0,0.0,0.0,0.0,1.0,1.0,605,54,67,60.5,6.851601597031489,60.5,0.0009554147720336,10,0.9295490984265669,42.25
20.0,6,64.0,429.3879055292227,0.0,0.0,0.7,0.3,0.3,0.0,0.0,3,0,0,7,0,0.0232889652252197,0.0,1.0,0.0,0.0,0.0,0.0,0.0,1.0,0.0,0.0,0.0,0.0,0.0,1.0,1.0,615,54,67,61.5,6.467869303977419,61.5,0.0023304939270019,10,0.9293927812396684,42.25
20.0,6,64.0,494.0461971565544,0.0,0.0,1.0,0.0,0.0,0.0,0.0,0,0,0,10,0,0.0202410221099853,0.0,1.0,0.0,0.0,0.0,0.0,0.0,1.0,0.0,0.0,0.0,0.0,0.0,1.0,1.0,666,66,68,66.6,0.966091783079296,66.6,0.0022227048873901,10,0.0,0.8400000000000001
20.0,6,64.0,388.5737578862527,0.0,0.0,0.9,0.1,0.1,0.0,0.0,1,0,0,9,0,0.0257351398468017,0.0,1.0,0.0,0.0,0.0,0.0,0.0,1.0,0.0,0.0,0.0,0.0,0.0,1.0,1.0,662,54,68,66.2,4.366539438350084,66.2,0.0026905059814453,10,0.9285367835056064,17.16
20.0,6,64.0,809.4455487581296,0.0,0.0,0.7,0.3,0.3,0.0,0.0,3,0,0,7,0,0.0123541355133056,0.0,1.0,0.0,0.0,0.0,0.0,0.0,1.0,0.0,0.0,0.0,0.0,0.0,1.0,1.0,624,54,66,62.4,5.796550698475775,62.4,0.0014389991760253,10,0.9291193128925312,36.0
20.0,6,64.0,457.1000119879249,0.0,0.0,0.8,0.2,0.2,0.0,0.0,2,0,0,8,0,0.0218770503997802,0.0,1.0,0.0,0.0,0.0,0.0,0.0,1.0,0.0,0.0,0.0,0.0,0.0,1.0,1.0,643,54,67,64.3,5.437523946307425,64.3,0.0024808883666992,10,0.9289730597547678,28.666666666666668
20.0,6,64.0,390.7603156413911,0.0,0.0,0.5,0.5,0.5,0.0,0.0,5,0,0,5,0,0.0255911350250244,0.0,1.0,0.0,0.0,0.0,0.0,0.0,1.0,0.0,0.0,0.0,0.0,0.0,1.0,1.0,609,54,67,60.9,6.0635523141692005,60.9,0.0025607109069824,10,0.9292280786707,40.56
20.0,6,64.0,4249.978721248353,0.0,0.0,0.5,0.5,0.5,0.0,0.0,5,0,0,5,0,0.0023529529571533,0.0,1.0,0.0,0.0,0.0,0.0,0.0,1.0,0.0,0.0,0.0,0.0,0.0,1.0,1.0,590,54,64,59.0,5.270462766947299,59.0,0.0002379894256591,10,0.9289050057127436,25.0
20.0,6,64.0,1031.986811997146,0.0,0.0,0.6,0.4,0.4,0.0,0.0,4,0,0,6,0,0.0096900463104248,0.0,1.0,0.0,0.0,0.0,0.0,0.0,1.0,0.0,0.0,0.0,0.0,0.0,1.0,1.0,596,54,66,59.6,5.94792213951879,59.6,0.0009706974029541,10,0.9291809755627544,31.84
20.0,6,64.0,803.4603375284945,0.0,0.0,0.5,0.5,0.5,0.0,0.0,5,0,0,5,0,0.0124461650848388,0.0,1.0,0.0,0.0,0.0,0.0,0.0,1.0,0.0,0.0,0.0,0.0,0.0,1.0,1.0,612,54,66,61.2,6.196773353931867,61.2,0.0015211105346679,10,0.9292823475934576,36.0
20.0,6,64.0,414.80121840262666,0.0,0.0,0.6,0.4,0.4,0.0,0.0,4,0,0,6,0,0.0241079330444335,0.0,1.0,0.0,0.0,0.0,0.0,0.0,1.0,0.0,0.0,0.0,0.0,0.0,1.0,1.0,602,54,66,60.2,5.370702416299421,60.2,0.0024123907089233,10,0.9289458393363036,36.0
20.0,6,64.0,1607.7522232444037,0.0,0.0,0.6,0.4,0.4,0.0,0.0,4,0,0,6,0,0.0062198638916015,0.0,1.0,0.0,0.0,0.0,0.0,0.0,1.0,0.0,0.0,0.0,0.0,0.0,1.0,1.0,590,54,64,59.0,5.270462766947299,59.0,0.0006242990493774,10,0.9289050057127436,25.0
20.0,6,64.0,722.2343906050901,0.0,0.0,0.6,0.4,0.4,0.0,0.0,4,0,0,6,0,0.0138459205627441,0.0,1.0,0.0,0.0,0.0,0.0,0.0,1.0,0.0,0.0,0.0,0.0,0.0,1.0,1.0,624,54,66,62.4,5.796550698475776,62.4,0.0015558004379272,10,0.9291193128925312,36.0
20.0,6,64.0,454.977816828837,0.0,0.0,0.8,0.2,0.2,0.0,0.0,2,0,0,8,0,0.0219790935516357,0.0,1.0,0.0,0.0,0.0,0.0,0.0,1.0,0.0,0.0,0.0,0.0,0.0,1.0,1.0,624,54,66,62.4,5.796550698475776,62.4,0.0022011995315551,10,0.9291193128925312,36.0
20.0,6,64.0,494.8564147337124,0.0,0.0,1.0,0.0,0.0,0.0,0.0,0,0,0,10,0,0.0202078819274902,0.0,1.0,0.0,0.0,0.0,0.0,0.0,1.0,0.0,0.0,0.0,0.0,0.0,1.0,1.0,668,66,68,66.8,1.0327955589886444,66.8,0.0021533012390136,10,0.9067291895989096,0.96
20.0,6,64.0,375.17813855718055,0.0,0.0,1.0,0.0,0.0,0.0,0.0,0,0,0,10,0,0.0266540050506591,0.0,1.0,0.0,0.0,0.0,0.0,0.0,1.0,0.0,0.0,0.0,0.0,0.0,1.0,1.0,1380,68,243,138.0,90.3696114115064,138.0,0.0029850959777832,10,0.9397131749045914,7350.0
20.0,6,64.0,424.2885033635122,0.0,0.0,1.0,0.0,0.0,0.0,0.0,0,0,0,10,0,0.0235688686370849,0.0,1.0,0.0,0.0,0.0,0.0,0.0,1.0,0.0,0.0,0.0,0.0,0.0,1.0,1.0,2438,243,245,243.8,1.0327955589886444,243.8,0.002673602104187,10,0.6050981795989097,0.96
20.0,6,64.0,379.5372406366787,0.0,0.0,1.0,0.0,0.0,0.0,0.0,0,0,0,10,0,0.0263478755950927,0.0,1.0,0.0,0.0,0.0,0.0,0.0,1.0,0.0,0.0,0.0,0.0,0.0,1.0,1.0,1734,66,245,173.4,92.43520252948367,173.4,0.0026371002197265,10,0.9439628741024104,7689.840000000001
20.0,6,64.0,675.5418116222137,0.0,0.0,0.8,0.2,0.2,0.0,0.0,2,0,0,8,0,0.0148029327392578,0.0,1.0,0.0,0.0,0.0,0.0,0.0,1.0,0.0,0.0,0.0,0.0,0.0,1.0,1.0,636,54,66,63.6,5.059644256269407,63.6,0.0018554925918579,10,0.928819126684234,32.0
20.0,6,64.0,663.9183221210922,0.0,0.0,0.6,0.4,0.4,0.0,0.0,4,0,0,6,0,0.0150620937347412,0.0,1.0,0.0,0.0,0.0,0.0,0.0,1.0,0.0,0.0,0.0,0.0,0.0,1.0,1.0,612,54,66,61.2,6.196773353931867,61.2,0.0017439126968383,10,0.9292823475934576,36.0
20.0,6,64.0,516.9027519317748,0.0,0.0,0.7,0.3,0.3,0.0,0.0,3,0,0,7,0,0.019345998764038,0.0,1.0,0.0,0.0,0.0,0.0,0.0,1.0,0.0,0.0,0.0,0.0,0.0,1.0,1.0,624,54,66,62.4,5.796550698475776,62.4,0.0020308017730712,10,0.9291193128925312,33.75
20.0,6,64.0,796.1248196795991,0.0,0.0,0.7,0.3,0.3,0.0,0.0,3,0,0,7,0,0.0125608444213867,0.0,1.0,0.0,0.0,0.0,0.0,0.0,1.0,0.0,0.0,0.0,0.0,0.0,1.0,1.0,626,54,67,62.6,5.94792213951879,62.6,0.0012570858001708,10,0.9291809755627544,36.0
20.0,6,64.0,808.4626060138781,0.0,0.0,0.6,0.4,0.4,0.0,0.0,4,0,0,6,0,0.012369155883789,0.0,1.0,0.0,0.0,0.0,0.0,0.0,1.0,0.0,0.0,0.0,0.0,0.0,1.0,1.0,631,54,67,63.1,6.279596590015423,63.1,0.0014911174774169,10,0.9293160864669088,42.25
20.0,6,64.0,350.5799948177434,0.0,0.0,0.5,0.5,0.5,0.0,0.0,5,0,0,5,0,0.0285241603851318,0.0,1.0,0.0,0.0,0.0,0.0,0.0,1.0,0.0,0.0,0.0,0.0,0.0,1.0,1.0,593,54,67,59.3,5.657836257007719,59.3,0.0028558015823364,10,0.9290628061776548,42.25
20.0,6,64.0,1588.5709957201834,0.0,0.0,0.5,0.5,0.5,0.0,0.0,5,0,0,5,0,0.0062949657440185,0.0,1.0,0.0,0.0,0.0,0.0,0.0,1.0,0.0,0.0,0.0,0.0,0.0,1.0,1.0,590,54,64,59.0,5.270462766947299,59.0,0.0006316900253295,10,0.9289050057127436,25.0
20.0,6,64.0,866.4127246436686,0.0,0.0,0.5,0.5,0.5,0.0,0.0,5,0,0,5,0,0.0115418434143066,0.0,1.0,0.0,0.0,0.0,0.0,0.0,1.0,0.0,0.0,0.0,0.0,0.0,1.0,1.0,598,54,66,59.8,6.142746399887703,59.8,0.0011575937271118,10,0.9292603391734584,33.959999999999994
20.0,6,64.0,740.245318649512,0.0,0.0,0.5,0.5,0.5,0.0,0.0,5,0,0,5,0,0.0135090351104736,0.0,1.0,0.0,0.0,0.0,0.0,0.0,1.0,0.0,0.0,0.0,0.0,0.0,1.0,1.0,600,54,66,60.0,6.324555320336759,60.0,0.0013529062271118,10,0.9293344008552924,36.0
20.0,6,64.0,568.5341719304904,0.0,0.0,0.9,0.1,0.1,0.0,0.0,1,0,0,9,0,0.0175890922546386,0.0,1.0,0.0,0.0,0.0,0.0,0.0,1.0,0.0,0.0,0.0,0.0,0.0,1.0,1.0,622,54,66,62.2,4.366539438350083,62.2,0.0017620086669921,10,0.9285367835056064,36.0
20.0,6,64.0,487.8005210271679,0.0,0.0,1.0,0.0,0.0,0.0,0.0,0,0,0,10,0,0.0205001831054687,0.0,1.0,0.0,0.0,0.0,0.0,0.0,1.0,0.0,0.0,0.0,0.0,0.0,1.0,1.0,654,64,66,65.4,0.9660917830792958,65.4,0.0022917032241821,10,0.0,1.0
20.0,6,64.0,370.19126044783366,0.0,0.0,1.0,0.0,0.0,0.0,0.0,0,0,0,10,0,0.0270130634307861,0.0,1.0,0.0,0.0,0.0,0.0,0.0,1.0,0.0,0.0,0.0,0.0,0.0,1.0,1.0,10040,66,1406,1004.0,647.2814946631282,1004.0,0.0029095888137817,10,1.0,448900.0
20.0,6,64.0,666.8421889408248,0.0,0.0,0.8,0.2,0.2,0.0,0.0,2,0,0,8,0,0.01499605178833,0.0,1.0,0.0,0.0,0.0,0.0,0.0,1.0,0.0,0.0,0.0,0.0,0.0,1.0,1.0,11356,54,1406,1135.6,570.0532528730199,1135.6,0.001636004447937,10,1.0,292464.64
20.0,6,64.0,343.6658309162119,0.0,0.0,1.0,0.0,0.0,0.0,0.0,0,0,0,10,0,0.0290980339050292,0.0,1.0,0.0,0.0,0.0,0.0,0.0,1.0,0.0,0.0,0.0,0.0,0.0,1.0,1.0,7360,66,1406,736.0,706.242010770938,736.0,0.0030876874923706,10,1.0,448900.0
20.0,6,64.0,572.8671328671329,0.0,0.0,1.0,0.0,0.0,0.0,0.0,0,0,0,10,0,0.0174560546875,0.0,1.0,0.0,0.0,0.0,0.0,0.0,1.0,0.0,0.0,0.0,0.0,0.0,1.0,1.0,670,66,68,67.0,1.0540925533894598,67.0,0.0020202159881591,10,0.9067378651425488,1.0
20.0,6,64.0,322.2050316881122,0.0,0.0,0.8,0.2,0.2,0.0,0.0,2,0,0,8,0,0.0310361385345459,0.0,1.0,0.0,0.0,0.0,0.0,0.0,1.0,0.0,0.0,0.0,0.0,0.0,1.0,1.0,650,54,68,65.0,4.346134936801766,65.0,0.0032948017120361,10,0.9285284715278556,23.6734693877551
20.0,6,64.0,670.4235798088297,0.0,0.0,0.6,0.4,0.4,0.0,0.0,4,0,0,6,0,0.0149159431457519,0.0,1.0,0.0,0.0,0.0,0.0,0.0,1.0,0.0,0.0,0.0,0.0,0.0,1.0,1.0,600,54,64,60.0,5.163977794943222,60.0,0.0014954805374145,10,0.928861627994548,25.0
20.0,6,64.0,639.180737580006,0.0,0.0,0.7,0.3,0.3,0.0,0.0,3,0,0,7,0,0.0156450271606445,0.0,1.0,0.0,0.0,0.0,0.0,0.0,1.0,0.0,0.0,0.0,0.0,0.0,1.0,1.0,612,54,66,61.2,6.196773353931867,61.2,0.00156672000885,10,0.9292823475934576,36.0
20.0,6,64.0,377.3315220813804,0.0,0.0,0.7,0.3,0.3,0.0,0.0,3,0,0,7,0,0.0265018939971923,0.0,1.0,0.0,0.0,0.0,0.0,0.0,1.0,0.0,0.0,0.0,0.0,0.0,1.0,1.0,744,54,106,74.4,22.426175182882467,74.4,0.0026965856552124,10,0.935893556722499,452.64
20.0,6,64.0,1623.1198483030842,0.0,0.0,0.5,0.5,0.5,0.0,0.0,5,0,0,5,0,0.0061609745025634,0.0,1.0,0.0,0.0,0.0,0.0,0.0,1.0,0.0,0.0,0.0,0.0,0.0,1.0,1.0,800,54,106,80.0,27.406406388125955,80.0,0.0008621931076049,10,0.937922303706267,676.0
20.0,6,64.0,1056.2868943285987,0.0,0.0,0.5,0.5,0.5,0.0,0.0,5,0,0,5,0,0.0094671249389648,0.0,1.0,0.0,0.0,0.0,0.0,0.0,1.0,0.0,0.0,0.0,0.0,0.0,1.0,1.0,806,54,108,80.6,28.04837091724065,80.6,0.0012563228607177,10,0.9381838143768472,708.0400000000001
20.0,6,64.0,962.1728757570196,0.0,0.0,0.5,0.5,0.5,0.0,0.0,5,0,0,5,0,0.0103931427001953,0.0,1.0,0.0,0.0,0.0,0.0,0.0,1.0,0.0,0.0,0.0,0.0,0.0,1.0,1.0,864,54,108,86.4,27.8854800926934,86.4,0.0012480974197387,10,0.9381174591705596,729.0
20.0,6,64.0,607.6411786862922,0.0,0.0,0.9,0.1,0.1,0.0,0.0,1,0,0,9,0,0.0164570808410644,0.0,1.0,0.0,0.0,0.0,0.0,0.0,1.0,0.0,0.0,0.0,0.0,0.0,1.0,1.0,678,54,108,67.8,14.979986648859205,67.8,0.0016480922698974,10,0.9328602773612792,729.0
20.0,6,64.0,588.3026860228628,0.0,0.0,1.0,0.0,0.0,0.0,0.0,0,0,0,10,0,0.0169980525970459,0.0,1.0,0.0,0.0,0.0,0.0,0.0,1.0,0.0,0.0,0.0,0.0,0.0,1.0,1.0,674,66,68,67.4,0.9660917830792958,67.4,0.0019490957260131,10,0.0,1.0
20.0,6,64.0,399.4537194883858,0.0,0.0,0.8,0.2,0.2,0.0,0.0,2,0,0,8,0,0.0250341892242431,0.0,1.0,0.0,0.0,0.0,0.0,0.0,1.0,0.0,0.0,0.0,0.0,0.0,1.0,1.0,3067,54,551,306.7,257.5655472129592,306.7,0.0028386116027832,10,1.0,59706.01
20.0,6,64.0,730.1425711550179,0.0,0.0,0.7,0.3,0.3,0.0,0.0,3,0,0,7,0,0.0136959552764892,0.0,1.0,0.0,0.0,0.0,0.0,0.0,1.0,0.0,0.0,0.0,0.0,0.0,1.0,1.0,4023,54,553,402.3,240.3511551413427,402.3,0.0016043901443481,10,1.0,61752.25
20.0,6,64.0,666.7573840333196,0.0,0.0,0.7,0.3,0.3,0.0,0.0,3,0,0,7,0,0.0149979591369628,0.0,1.0,0.0,0.0,0.0,0.0,0.0,1.0,0.0,0.0,0.0,0.0,0.0,1.0,1.0,4532,54,553,453.2,210.39687365653612,453.2,0.0017507076263427,10,1.0,59760.240000000005
20.0,6,64.0,463.3258953228907,0.0,0.0,0.6,0.4,0.4,0.0,0.0,4,0,0,6,0,0.021583080291748,0.0,1.0,0.0,0.0,0.0,0.0,0.0,1.0,0.0,0.0,0.0,0.0,0.0,1.0,1.0,942,54,121,94.2,34.59865122611959,94.2,0.0021620035171508,10,0.940852136563472,1122.25
20.0,6,64.0,829.471186172527,0.0,0.0,0.7,0.3,0.3,0.0,0.0,3,0,0,7,0,0.0120558738708496,0.0,1.0,0.0,0.0,0.0,0.0,0.0,1.0,0.0,0.0,0.0,0.0,0.0,1.0,1.0,946,54,123,94.6,34.951394821952384,94.6,0.001207685470581,10,0.9409958301946704,1122.25
20.0,6,64.0,684.8290500604121,0.0,0.0,0.6,0.4,0.4,0.0,0.0,4,0,0,6,0,0.0146021842956542,0.0,1.0,0.0,0.0,0.0,0.0,0.0,1.0,0.0,0.0,0.0,0.0,0.0,1.0,1.0,1023,54,123,102.3,33.33016651623571,102.3,0.0016857147216796,10,0.9403354066320538,1058.0
20.0,6,64.0,416.9412606737776,0.0,0.0,0.9,0.1,0.1,0.0,0.0,1,0,0,9,0,0.0239841938018798,0.0,1.0,0.0,0.0,0.0,0.0,0.0,1.0,0.0,0.0,0.0,0.0,0.0,1.0,1.0,693,54,123,69.3,19.51665955024066,69.3,0.0024019002914428,10,0.934708336434386,1190.25
20.0,6,64.0,293.4372485780449,0.0,0.0,1.0,0.0,0.0,0.0,0.0,0,0,0,10,0,0.03407883644104,0.0,1.0,0.0,0.0,0.0,0.0,0.0,1.0,0.0,0.0,0.0,0.0,0.0,1.0,1.0,674,66,68,67.4,0.9660917830792958,67.4,0.0036250829696655,10,0.0,1.0
20.0,6,64.0,593.6483942649286,0.0,0.0,1.0,0.0,0.0,0.0,0.0,0,0,0,10,0,0.0168449878692626,0.0,1.0,0.0,0.0,0.0,0.0,0.0,1.0,0.0,0.0,0.0,0.0,0.0,1.0,1.0,4719,68,645,471.9,278.71747941837685,471.9,0.0016859054565429,10,1.0,83232.25
20.0,6,64.0,441.85451672372926,0.0,0.0,1.0,0.0,0.0,0.0,0.0,0,0,0,10,0,0.0226318836212158,0.0,1.0,0.0,0.0,0.0,0.0,0.0,1.0,0.0,0.0,0.0,0.0,0.0,1.0,1.0,6464,645,647,646.4,0.9660917830792958,646.4,0.0024848937988281,10,0.0,1.0
20.0,6,64.0,399.8421338620959,0.0,0.0,1.0,0.0,0.0,0.0,0.0,0,0,0,10,0,0.0250098705291748,0.0,1.0,0.0,0.0,0.0,0.0,0.0,1.0,0.0,0.0,0.0,0.0,0.0,1.0,1.0,5413,496,647,541.3,72.93992962248684,541.3,0.0025984048843383,10,0.2032453797310162,5700.25
20.0,6,64.0,584.6208742194469,0.0,0.0,0.9,0.1,0.1,0.0,0.0,1,0,0,9,0,0.0171051025390625,0.0,1.0,0.0,0.0,0.0,0.0,0.0,1.0,0.0,0.0,0.0,0.0,0.0,1.0,1.0,4530,54,498,453.0,140.19747976812326,453.0,0.0018340110778808,10,0.9838688753583428,43414.22222222222
20.0,6,64.0,352.5839995292496,0.0,0.0,0.9,0.1,0.1,0.0,0.0,1,0,0,9,0,0.0283620357513427,0.0,1.0,0.0,0.0,0.0,0.0,0.0,1.0,0.0,0.0,0.0,0.0,0.0,1.0,1.0,2376,54,498,237.6,224.14638074258528,237.6,0.003120994567871,10,1.0,47319.75
20.0,6,64.0,507.9264201896412,0.0,0.0,1.0,0.0,0.0,0.0,0.0,0,0,0,10,0,0.0196878910064697,0.0,1.0,0.0,0.0,0.0,0.0,0.0,1.0,0.0,0.0,0.0,0.0,0.0,1.0,1.0,660,66,66,66.0,0.0,66.0,0.0019706964492797,10,0.0,0.0
20.0,6,64.0,386.6252477301009,0.0,0.0,0.7,0.3,0.3,0.0,0.0,3,0,0,7,0,0.025864839553833,0.0,1.0,0.0,0.0,0.0,0.0,0.0,1.0,0.0,0.0,0.0,0.0,0.0,1.0,1.0,630,54,66,63.0,4.83045891539648,63.0,0.0027066946029663,10,0.928725765743776,23.20987654320988
20.0,6,64.0,1042.4256884382146,0.0,0.0,0.5,0.5,0.5,0.0,0.0,5,0,0,5,0,0.0095930099487304,0.0,1.0,0.0,0.0,0.0,0.0,0.0,1.0,0.0,0.0,0.0,0.0,0.0,1.0,1.0,590,54,64,59.0,5.270462766947299,59.0,0.0010058164596557,10,0.9289050057127436,25.0
20.0,6,64.0,900.3163972782106,0.0,0.0,0.5,0.5,0.5,0.0,0.0,5,0,0,5,0,0.0111072063446044,0.0,1.0,0.0,0.0,0.0,0.0,0.0,1.0,0.0,0.0,0.0,0.0,0.0,1.0,1.0,596,54,66,59.6,5.94792213951879,59.6,0.0011132001876831,10,0.9291809755627544,31.84
20.0,6,64.0,879.1062857621932,0.0,0.0,0.6,0.4,0.4,0.0,0.0,4,0,0,6,0,0.0113751888275146,0.0,1.0,0.0,0.0,0.0,0.0,0.0,1.0,0.0,0.0,0.0,0.0,0.0,1.0,1.0,600,54,66,60.0,6.324555320336759,60.0,0.0011384963989257,10,0.9293344008552924,36.0
20.0,6,64.0,413.1179576077535,0.0,0.0,0.9,0.1,0.1,0.0,0.0,1,0,0,9,0,0.0242061614990234,0.0,1.0,0.0,0.0,0.0,0.0,0.0,1.0,0.0,0.0,0.0,0.0,0.0,1.0,1.0,648,54,66,64.8,3.794733192202056,64.8,0.0026504039764404,10,0.9283038525131756,32.0
20.0,6,64.0,540.740014955006,0.0,0.0,1.0,0.0,0.0,0.0,0.0,0,0,0,10,0,0.0184931755065917,0.0,1.0,0.0,0.0,0.0,0.0,0.0,1.0,0.0,0.0,0.0,0.0,0.0,1.0,1.0,667,66,67,66.7,0.4830458915396479,66.7,0.0021394968032836,10,0.0,0.25
20.0,6,64.0,426.1854392115023,0.0,0.0,0.7,0.3,0.3,0.0,0.0,3,0,0,7,0,0.0234639644622802,0.0,1.0,0.0,0.0,0.0,0.0,0.0,1.0,0.0,0.0,0.0,0.0,0.0,1.0,1.0,619,54,67,61.9,5.606543795720616,61.9,0.0026015996932983,10,0.9290419116806248,28.29
20.0,6,64.0,914.6485814597552,0.0,0.0,0.6,0.4,0.4,0.0,0.0,4,0,0,6,0,0.0109331607818603,0.0,1.0,0.0,0.0,0.0,0.0,0.0,1.0,0.0,0.0,0.0,0.0,0.0,1.0,1.0,600,54,64,60.0,5.163977794943222,60.0,0.0012562036514282,10,0.928861627994548,25.0
20.0,6,64.0,902.1172624424656,0.0,0.0,0.6,0.4,0.4,0.0,0.0,4,0,0,6,0,0.011085033416748,0.0,1.0,0.0,0.0,0.0,0.0,0.0,1.0,0.0,0.0,0.0,0.0,0.0,1.0,1.0,612,54,66,61.2,6.196773353931867,61.2,0.0012637853622436,10,0.9292823475934576,36.0
20.0,6,64.0,465.4855392537678,0.0,0.0,0.7,0.3,0.3,0.0,0.0,3,0,0,7,0,0.0214829444885253,0.0,1.0,0.0,0.0,0.0,0.0,0.0,1.0,0.0,0.0,0.0,0.0,0.0,1.0,1.0,618,54,66,61.8,5.452828012447608,61.8,0.0022938966751098,10,0.9289792940191508,36.0
20.0,6,64.0,964.9620392950812,0.0,0.0,0.6,0.4,0.4,0.0,0.0,4,0,0,6,0,0.0103631019592285,0.0,1.0,0.0,0.0,0.0,0.0,0.0,1.0,0.0,0.0,0.0,0.0,0.0,1.0,1.0,600,54,64,60.0,5.163977794943222,60.0,0.0013183116912841,10,0.928861627994548,24.691358024691358
20.0,6,64.0,588.0964666292765,0.0,0.0,0.7,0.3,0.3,0.0,0.0,3,0,0,7,0,0.0170040130615234,0.0,1.0,0.0,0.0,0.0,0.0,0.0,1.0,0.0,0.0,0.0,0.0,0.0,1.0,1.0,622,54,66,62.2,5.692099788303083,62.2,0.0018355846405029,10,0.9290767637697632,30.61728395061728
20.0,6,64.0,621.5072755830839,0.0,0.0,0.6,0.4,0.4,0.0,0.0,4,0,0,6,0,0.016089916229248,0.0,1.0,0.0,0.0,0.0,0.0,0.0,1.0,0.0,0.0,0.0,0.0,0.0,1.0,1.0,898,54,209,89.8,63.07808212401868,89.8,0.0017919063568115,10,0.9524535175340404,3820.617283950617
20.0,6,64.0,845.029515462879,0.0,0.0,0.5,0.5,0.5,0.0,0.0,5,0,0,5,0,0.011833906173706,0.0,1.0,0.0,0.0,0.0,0.0,0.0,1.0,0.0,0.0,0.0,0.0,0.0,1.0,1.0,1470,54,209,147.0,80.04165582161995,147.0,0.0014389991760253,10,0.9593637989154952,5932.098765432099
20.0,6,64.0,666.1749336891091,0.0,0.0,0.7,0.3,0.3,0.0,0.0,3,0,0,7,0,0.0150110721588134,0.0,1.0,0.0,0.0,0.0,0.0,0.0,1.0,0.0,0.0,0.0,0.0,0.0,1.0,1.0,1478,54,211,147.8,80.7338563153994,147.8,0.0015032052993774,10,0.9596457737086412,6006.25
20.0,6,64.0,930.1452553611424,0.0,0.0,0.6,0.4,0.4,0.0,0.0,4,0,0,6,0,0.0107510089874267,0.0,1.0,0.0,0.0,0.0,0.0,0.0,1.0,0.0,0.0,0.0,0.0,0.0,1.0,1.0,1482,54,211,148.2,81.0744513806086,148.2,0.0012790918350219,10,0.9597845185144048,6036.489795918367
20.0,6,64.0,525.707410007019,0.0,0.0,1.0,0.0,0.0,0.0,0.0,0,0,0,10,0,0.019021987915039,0.0,1.0,0.0,0.0,0.0,0.0,0.0,1.0,0.0,0.0,0.0,0.0,0.0,1.0,1.0,640,64,64,64.0,0.0,64.0,0.0027228116989135,10,0.0,0.0
20.0,6,64.0,566.6676574300499,0.0,0.0,1.0,0.0,0.0,0.0,0.0,0,0,0,10,0,0.0176470279693603,0.0,1.0,0.0,0.0,0.0,0.0,0.0,1.0,0.0,0.0,0.0,0.0,0.0,1.0,1.0,660,66,66,66.0,0.0,66.0,0.0022209882736206,10,0.0,0.0
20.0,6,64.0,445.3166572881608,0.0,0.0,1.0,0.0,0.0,0.0,0.0,0,0,0,10,0,0.0224559307098388,0.0,1.0,0.0,0.0,0.0,0.0,0.0,1.0,0.0,0.0,0.0,0.0,0.0,1.0,1.0,660,66,66,66.0,0.0,66.0,0.0032896995544433,10,0.0,0.0
20.0,6,64.0,502.46229410003,0.0,0.0,1.0,0.0,0.0,0.0,0.0,0,0,0,10,0,0.0199019908905029,0.0,1.0,0.0,0.0,0.0,0.0,0.0,1.0,0.0,0.0,0.0,0.0,0.0,1.0,1.0,680,68,68,68.0,0.0,68.0,0.0021941184997558,10,0.0,0.0
20.0,6,64.0,1017.5163144998908,0.0,0.0,1.0,0.0,0.0,0.0,0.0,0,0,0,10,0,0.0098278522491455,0.0,1.0,0.0,0.0,0.0,0.0,0.0,1.0,0.0,0.0,0.0,0.0,0.0,1.0,1.0,660,66,66,66.0,0.0,66.0,0.0024398803710937,10,0.0,0.0
20.0,6,64.0,524.3338792144312,0.0,0.0,1.0,0.0,0.0,0.0,0.0,0,0,0,10,0,0.0190718173980712,0.0,1.0,0.0,0.0,0.0,0.0,0.0,1.0,0.0,0.0,0.0,0.0,0.0,1.0,1.0,680,68,68,68.0,0.0,68.0,0.0021852016448974,10,0.0,0.0
20.0,6,64.0,1661.966160795657,0.0,0.0,0.6,0.4,0.4,0.0,0.0,4,0,0,6,0,0.0060169696807861,0.0,1.0,0.0,0.0,0.0,0.0,0.0,1.0,0.0,0.0,0.0,0.0,0.0,1.0,1.0,610,54,64,61.0,4.83045891539648,61.0,0.0024052143096923,10,0.928725765743776,25.0
20.0,6,64.0,619.8906328515267,0.0,0.0,0.7,0.3,0.3,0.0,0.0,3,0,0,7,0,0.0161318778991699,0.0,1.0,0.0,0.0,0.0,0.0,0.0,1.0,0.0,0.0,0.0,0.0,0.0,1.0,1.0,606,54,66,60.6,5.738757124441958,60.6,0.001615285873413,10,0.9290957701022128,29.64
20.0,6,64.0,917.7707271175684,0.0,0.0,0.7,0.3,0.3,0.0,0.0,3,0,0,7,0,0.0108959674835205,0.0,1.0,0.0,0.0,0.0,0.0,0.0,1.0,0.0,0.0,0.0,0.0,0.0,1.0,1.0,624,54,66,62.4,5.796550698475775,62.4,0.0014770030975341,10,0.9291193128925312,32.0
20.0,6,64.0,640.9780548933309,0.0,0.0,0.9,0.1,0.1,0.0,0.0,1,0,0,9,0,0.0156011581420898,0.0,1.0,0.0,0.0,0.0,0.0,0.0,1.0,0.0,0.0,0.0,0.0,0.0,1.0,1.0,648,54,66,64.8,3.794733192202056,64.8,0.0026698112487792,10,0.9283038525131756,32.0
20.0,6,64.0,679.2065162826098,0.0,0.0,0.8,0.2,0.2,0.0,0.0,2,0,0,8,0,0.0147230625152587,0.0,1.0,0.0,0.0,0.0,0.0,0.0,1.0,0.0,0.0,0.0,0.0,0.0,1.0,1.0,650,54,68,65.0,5.830951894845301,65.0,0.0018110036849975,10,0.929133326563884,41.0
20.0,6,64.0,481.6499391378241,0.0,0.0,0.7,0.3,0.3,0.0,0.0,3,0,0,7,0,0.0207619667053222,0.0,1.0,0.0,0.0,0.0,0.0,0.0,1.0,0.0,0.0,0.0,0.0,0.0,1.0,1.0,730,54,91,73.0,16.51262143533445,73.0,0.0023285865783691,10,0.933484611467898,245.4
20.0,6,64.0,508.5915919921425,0.0,0.0,0.5,0.5,0.5,0.0,0.0,5,0,0,5,0,0.0196621417999267,0.0,1.0,0.0,0.0,0.0,0.0,0.0,1.0,0.0,0.0,0.0,0.0,0.0,1.0,1.0,762,54,91,76.2,19.106717841289925,76.2,0.0021798133850097,10,0.934541342579828,338.0246913580247
20.0,6,64.0,2134.0714358400323,0.0,0.0,0.5,0.5,0.5,0.0,0.0,5,0,0,5,0,0.0046858787536621,0.0,1.0,0.0,0.0,0.0,0.0,0.0,1.0,0.0,0.0,0.0,0.0,0.0,1.0,1.0,735,54,93,73.5,20.554804791094465,73.5,0.0004695892333984,10,0.9351312352797002,380.25
20.0,6,64.0,678.843751011556,0.0,0.0,0.6,0.4,0.4,0.0,0.0,4,0,0,6,0,0.0147309303283691,0.0,1.0,0.0,0.0,0.0,0.0,0.0,1.0,0.0,0.0,0.0,0.0,0.0,1.0,1.0,735,54,93,73.5,20.554804791094465,73.5,0.0014750003814697,10,0.9351312352797002,380.25
20.0,6,64.0,958.6761445452676,0.0,0.0,0.5,0.5,0.5,0.0,0.0,5,0,0,5,0,0.0104310512542724,0.0,1.0,0.0,0.0,0.0,0.0,0.0,1.0,0.0,0.0,0.0,0.0,0.0,1.0,1.0,590,54,64,59.0,5.270462766947299,59.0,0.0015918970108032,10,0.9289050057127436,25.0
20.0,6,64.0,840.7609196784733,0.0,0.0,0.5,0.5,0.5,0.0,0.0,5,0,0,5,0,0.0118939876556396,0.0,1.0,0.0,0.0,0.0,0.0,0.0,1.0,0.0,0.0,0.0,0.0,0.0,1.0,1.0,602,54,66,60.2,5.370702416299421,60.2,0.001253604888916,10,0.9289458393363036,25.96
20.0,6,64.0,821.1566623595286,0.0,0.0,0.5,0.5,0.5,0.0,0.0,5,0,0,5,0,0.0121779441833496,0.0,1.0,0.0,0.0,0.0,0.0,0.0,1.0,0.0,0.0,0.0,0.0,0.0,1.0,1.0,600,54,66,60.0,6.324555320336759,60.0,0.001219892501831,10,0.9293344008552924,36.0
20.0,6,64.0,627.0449992525041,0.0,0.0,0.6,0.4,0.4,0.0,0.0,4,0,0,6,0,0.0159478187561035,0.0,1.0,0.0,0.0,0.0,0.0,0.0,1.0,0.0,0.0,0.0,0.0,0.0,1.0,1.0,1023,54,489,102.3,136.00330878327924,102.3,0.0015980958938598,10,0.9821603378659568,16647.21
20.0,6,64.0,496.1559572253241,0.0,0.0,1.0,0.0,0.0,0.0,0.0,0,0,0,10,0,0.0201549530029296,0.0,1.0,0.0,0.0,0.0,0.0,0.0,1.0,0.0,0.0,0.0,0.0,0.0,1.0,1.0,4892,489,491,489.2,0.6324555320336759,489.2,0.0023056030273437,10,0.0,0.36
20.0,6,64.0,338.9391343698484,0.0,0.0,1.0,0.0,0.0,0.0,0.0,0,0,0,10,0,0.0295038223266601,0.0,1.0,0.0,0.0,0.0,0.0,0.0,1.0,0.0,0.0,0.0,0.0,0.0,1.0,1.0,4485,66,491,448.5,134.39680055715613,448.5,0.0032397985458374,10,0.9610563506749632,16256.25
20.0,6,64.0,566.9587315319212,0.0,0.0,1.0,0.0,0.0,0.0,0.0,0,0,0,10,0,0.0176379680633544,0.0,1.0,0.0,0.0,0.0,0.0,0.0,1.0,0.0,0.0,0.0,0.0,0.0,1.0,1.0,662,66,68,66.2,0.6324555320336759,66.2,0.0017675161361694,10,0.0,0.36
20.0,6,64.0,357.4761998107917,0.0,0.0,1.0,0.0,0.0,0.0,0.0,0,0,0,10,0,0.0279738903045654,0.0,1.0,0.0,0.0,0.0,0.0,0.0,1.0,0.0,0.0,0.0,0.0,0.0,1.0,1.0,678,66,68,67.8,0.6324555320336759,67.8,0.0030659914016723,10,0.0,0.36
20.0,6,64.0,515.8093832626207,0.0,0.0,1.0,0.0,0.0,0.0,0.0,0,0,0,10,0,0.0193870067596435,0.0,1.0,0.0,0.0,0.0,0.0,0.0,1.0,0.0,0.0,0.0,0.0,0.0,1.0,1.0,662,66,68,66.2,0.6324555320336759,66.2,0.0021465063095092,10,0.0,0.36
20.0,6,64.0,339.9170124481328,0.0,0.0,0.9,0.1,0.1,0.0,0.0,1,0,0,9,0,0.0294189453125,0.0,1.0,0.0,0.0,0.0,0.0,0.0,1.0,0.0,0.0,0.0,0.0,0.0,1.0,1.0,706,68,94,70.6,8.221921916437786,70.6,0.0031978845596313,10,0.9062494921118802,60.84
20.0,6,64.0,779.5524496319977,0.0,0.0,0.6,0.4,0.4,0.0,0.0,4,0,0,6,0,0.0128278732299804,0.0,1.0,0.0,0.0,0.0,0.0,0.0,1.0,0.0,0.0,0.0,0.0,0.0,1.0,1.0,780,54,94,78.0,20.65591117977289,78.0,0.0012871980667114,10,0.9351724219781924,400.0
20.0,6,64.0,549.2083278774388,0.0,0.0,0.7,0.3,0.3,0.0,0.0,3,0,0,7,0,0.0182080268859863,0.0,1.0,0.0,0.0,0.0,0.0,0.0,1.0,0.0,0.0,0.0,0.0,0.0,1.0,1.0,828,54,96,82.8,19.89304736166215,82.8,0.0018227100372314,10,0.9348616617732468,400.0
20.0,6,64.0,1159.2880044223327,0.0,0.0,0.6,0.4,0.4,0.0,0.0,4,0,0,6,0,0.0086259841918945,0.0,1.0,0.0,0.0,0.0,0.0,0.0,1.0,0.0,0.0,0.0,0.0,0.0,1.0,1.0,750,54,96,75.0,22.13594362117865,75.0,0.0008647918701171,10,0.9357753279935234,441.0
20.0,6,64.0,620.8449036383552,0.0,0.0,0.5,0.5,0.5,0.0,0.0,5,0,0,5,0,0.0161070823669433,0.0,1.0,0.0,0.0,0.0,0.0,0.0,1.0,0.0,0.0,0.0,0.0,0.0,1.0,1.0,630,54,96,63.0,13.038404810405298,63.0,0.0018323183059692,10,0.9320693545835668,441.0
20.0,6,64.0,546.4179260031266,0.0,0.0,0.6,0.4,0.4,0.0,0.0,4,0,0,6,0,0.0183010101318359,0.0,1.0,0.0,0.0,0.0,0.0,0.0,1.0,0.0,0.0,0.0,0.0,0.0,1.0,1.0,626,54,68,62.6,5.966573556070519,62.6,0.0020833015441894,10,0.9291885734038008,36.0
20.0,6,64.0,843.0253452053142,0.0,0.0,0.5,0.5,0.5,0.0,0.0,5,0,0,5,0,0.01186203956604,0.0,1.0,0.0,0.0,0.0,0.0,0.0,1.0,0.0,0.0,0.0,0.0,0.0,1.0,1.0,610,54,68,61.0,7.378647873726218,61.0,0.0011890888214111,10,0.9297637959978412,49.0
20.0,6,64.0,765.397908720962,0.0,0.0,0.6,0.4,0.4,0.0,0.0,4,0,0,6,0,0.0130650997161865,0.0,1.0,0.0,0.0,0.0,0.0,0.0,1.0,0.0,0.0,0.0,0.0,0.0,1.0,1.0,606,54,68,60.6,7.058485830702094,60.6,0.0013076066970825,10,0.9296333747879948,49.0
20.0,6,64.0,490.676649508657,0.0,0.0,1.0,0.0,0.0,0.0,0.0,0,0,0,10,0,0.0203800201416015,0.0,1.0,0.0,0.0,0.0,0.0,0.0,1.0,0.0,0.0,0.0,0.0,0.0,1.0,1.0,642,64,66,64.2,0.6324555320336759,64.2,0.0022341012954711,10,0.0,0.36
20.0,6,64.0,337.7328287301715,0.0,0.0,1.0,0.0,0.0,0.0,0.0,0,0,0,10,0,0.029609203338623,0.0,1.0,0.0,0.0,0.0,0.0,0.0,1.0,0.0,0.0,0.0,0.0,0.0,1.0,1.0,658,64,66,65.8,0.6324555320336759,65.8,0.0029618024826049,10,0.0,0.36
20.0,6,64.0,529.4033599656683,0.0,0.0,1.0,0.0,0.0,0.0,0.0,0,0,0,10,0,0.0188891887664794,0.0,1.0,0.0,0.0,0.0,0.0,0.0,1.0,0.0,0.0,0.0,0.0,0.0,1.0,1.0,642,64,66,64.2,0.6324555320336759,64.2,0.0020684003829956,10,0.0,0.36
20.0,6,64.0,358.97535967682575,0.0,0.0,0.9,0.1,0.1,0.0,0.0,1,0,0,9,0,0.0278570652008056,0.0,1.0,0.0,0.0,0.0,0.0,0.0,1.0,0.0,0.0,0.0,0.0,0.0,1.0,1.0,2000,66,1406,200.0,423.7452064625628,200.0,0.0030274868011474,10,1.0,161604.0
20.0,6,64.0,759.1225656989792,0.0,0.0,0.5,0.5,0.5,0.0,0.0,5,0,0,5,0,0.0131731033325195,0.0,1.0,0.0,0.0,0.0,0.0,0.0,1.0,0.0,0.0,0.0,0.0,0.0,1.0,1.0,7300,54,1406,730.0,712.5665660912748,730.0,0.001321005821228,10,1.0,456976.0
20.0,6,64.0,987.2667357122682,0.0,0.0,0.5,0.5,0.5,0.0,0.0,5,0,0,5,0,0.0101289749145507,0.0,1.0,0.0,0.0,0.0,0.0,0.0,1.0,0.0,0.0,0.0,0.0,0.0,1.0,1.0,7300,54,1406,730.0,712.5665660912748,730.0,0.0010163068771362,10,1.0,456976.0
20.0,6,64.0,934.0602173525745,0.0,0.0,0.6,0.4,0.4,0.0,0.0,4,0,0,6,0,0.0107059478759765,0.0,1.0,0.0,0.0,0.0,0.0,0.0,1.0,0.0,0.0,0.0,0.0,0.0,1.0,1.0,7300,54,1406,730.0,712.5665660912748,730.0,0.0010732889175415,10,1.0,456976.0
20.0,6,64.0,582.2026040365342,0.0,0.0,0.6,0.4,0.4,0.0,0.0,4,0,0,6,0,0.0171761512756347,0.0,1.0,0.0,0.0,0.0,0.0,0.0,1.0,0.0,0.0,0.0,0.0,0.0,1.0,1.0,5968,54,1406,596.8,696.4591078368412,596.8,0.0019086122512817,10,1.0,456976.0
20.0,6,64.0,540.1063651699138,0.0,0.0,1.0,0.0,0.0,0.0,0.0,0,0,0,10,0,0.01851487159729,0.0,1.0,0.0,0.0,0.0,0.0,0.0,1.0,0.0,0.0,0.0,0.0,0.0,1.0,1.0,644,64,66,64.4,0.8432740427115678,64.4,0.0021077871322631,10,0.0,0.64
20.0,6,64.0,334.3486890878219,0.0,0.0,1.0,0.0,0.0,0.0,0.0,0,0,0,10,0,0.0299088954925537,0.0,1.0,0.0,0.0,0.0,0.0,0.0,1.0,0.0,0.0,0.0,0.0,0.0,1.0,1.0,660,66,66,66.0,0.0,66.0,0.0032593965530395,10,0.0,0.0
20.0,6,64.0,435.6360614873286,0.0,0.0,1.0,0.0,0.0,0.0,0.0,0,0,0,10,0,0.0229549407958984,0.0,1.0,0.0,0.0,0.0,0.0,0.0,1.0,0.0,0.0,0.0,0.0,0.0,1.0,1.0,664,66,68,66.4,0.8432740427115678,66.4,0.0024908065795898,10,0.0,0.64
20.0,6,64.0,635.4428385298306,0.0,0.0,0.8,0.2,0.2,0.0,0.0,2,0,0,8,0,0.0157370567321777,0.0,1.0,0.0,0.0,0.0,0.0,0.0,1.0,0.0,0.0,0.0,0.0,0.0,1.0,1.0,652,54,68,65.2,5.902918298980975,65.2,0.0017297029495239,10,0.9291626427982728,47.04
20.0,6,64.0,930.248403122782,0.0,0.0,0.5,0.5,0.5,0.0,0.0,5,0,0,5,0,0.0107498168945312,0.0,1.0,0.0,0.0,0.0,0.0,0.0,1.0,0.0,0.0,0.0,0.0,0.0,1.0,1.0,590,54,64,59.0,5.270462766947299,59.0,0.0017690896987915,10,0.9289050057127436,25.0
20.0,6,64.0,1241.616293182558,0.0,0.0,0.5,0.5,0.5,0.0,0.0,5,0,0,5,0,0.0080540180206298,0.0,1.0,0.0,0.0,0.0,0.0,0.0,1.0,0.0,0.0,0.0,0.0,0.0,1.0,1.0,590,54,64,59.0,5.270462766947299,59.0,0.001027512550354,10,0.9289050057127436,25.0
20.0,6,64.0,1114.824442495282,0.0,0.0,0.5,0.5,0.5,0.0,0.0,5,0,0,5,0,0.008970022201538,0.0,1.0,0.0,0.0,0.0,0.0,0.0,1.0,0.0,0.0,0.0,0.0,0.0,1.0,1.0,600,54,66,60.0,6.324555320336759,60.0,0.0011878967285156,10,0.9293344008552924,36.0
20.0,6,64.0,1288.8498294564115,0.0,0.0,0.5,0.5,0.5,0.0,0.0,5,0,0,5,0,0.0077588558197021,0.0,1.0,0.0,0.0,0.0,0.0,0.0,1.0,0.0,0.0,0.0,0.0,0.0,1.0,1.0,600,54,66,60.0,6.324555320336759,60.0,0.0011864900588989,10,0.9293344008552924,36.0
20.0,6,64.0,1783.8234168332413,0.0,0.0,1.0,0.0,0.0,0.0,0.0,0,0,0,10,0,0.005605936050415,0.0,1.0,0.0,0.0,0.0,0.0,0.0,1.0,0.0,0.0,0.0,0.0,0.0,1.0,1.0,3560,356,356,356.0,0.0,356.0,0.0023981094360351,10,0.0,0.0
20.0,6,64.0,607.4563702984923,0.0,0.0,1.0,0.0,0.0,0.0,0.0,0,0,0,10,0,0.0164620876312255,0.0,1.0,0.0,0.0,0.0,0.0,0.0,1.0,0.0,0.0,0.0,0.0,0.0,1.0,1.0,3580,358,358,358.0,0.0,358.0,0.0018964052200317,10,0.0,0.0
20.0,6,64.0,491.2340864106438,0.0,0.0,1.0,0.0,0.0,0.0,0.0,0,0,0,10,0,0.0203568935394287,0.0,1.0,0.0,0.0,0.0,0.0,0.0,1.0,0.0,0.0,0.0,0.0,0.0,1.0,1.0,660,66,66,66.0,0.0,66.0,0.0036475896835327,10,0.0,0.0
20.0,6,64.0,523.2349895834633,0.0,0.0,1.0,0.0,0.0,0.0,0.0,0,0,0,10,0,0.0191118717193603,0.0,1.0,0.0,0.0,0.0,0.0,0.0,1.0,0.0,0.0,0.0,0.0,0.0,1.0,1.0,680,68,68,68.0,0.0,68.0,0.0023643970489501,10,0.0,0.0
20.0,6,64.0,458.1485324798742,0.0,0.0,0.5,0.5,0.5,0.0,0.0,5,0,0,5,0,0.0218269824981689,0.0,1.0,0.0,0.0,0.0,0.0,0.0,1.0,0.0,0.0,0.0,0.0,0.0,1.0,1.0,612,54,66,61.2,6.196773353931867,61.2,0.0031854152679443,10,0.9292823475934576,36.0
20.0,6,64.0,5854.695700725852,0.0,0.0,0.6,0.4,0.4,0.0,0.0,4,0,0,6,0,0.0017080307006835,0.0,1.0,0.0,0.0,0.0,0.0,0.0,1.0,0.0,0.0,0.0,0.0,0.0,1.0,1.0,616,54,68,61.6,6.586180818788516,61.6,0.0001741886138916,10,0.9294409766183416,39.04
20.0,6,64.0,774.4140617787707,0.0,0.0,0.6,0.4,0.4,0.0,0.0,4,0,0,6,0,0.0129129886627197,0.0,1.0,0.0,0.0,0.0,0.0,0.0,1.0,0.0,0.0,0.0,0.0,0.0,1.0,1.0,624,54,68,62.4,7.229568912920511,62.4,0.0012936115264892,10,0.9297030671923672,49.0
20.0,6,64.0,394.7394475554092,0.0,0.0,0.8,0.2,0.2,0.0,0.0,2,0,0,8,0,0.0253331661224365,0.0,1.0,0.0,0.0,0.0,0.0,0.0,1.0,0.0,0.0,0.0,0.0,0.0,1.0,1.0,628,54,68,62.8,6.124631508189787,62.8,0.0025362014770507,10,0.9292529598911762,49.0
20.0,6,64.0,622.1249202747,0.0,0.0,1.0,0.0,0.0,0.0,0.0,0,0,0,10,0,0.0160739421844482,0.0,1.0,0.0,0.0,0.0,0.0,0.0,1.0,0.0,0.0,0.0,0.0,0.0,1.0,1.0,670,66,68,67.0,1.0540925533894598,67.0,0.0016084909439086,10,0.9067378651425488,1.0
20.0,6,64.0,334.7062156360473,0.0,0.0,1.0,0.0,0.0,0.0,0.0,0,0,0,10,0,0.0298769474029541,0.0,1.0,0.0,0.0,0.0,0.0,0.0,1.0,0.0,0.0,0.0,0.0,0.0,1.0,1.0,670,66,68,67.0,1.0540925533894598,67.0,0.0032047986984252,10,0.9067378651425488,1.0
20.0,6,64.0,529.4367726136679,0.0,0.0,1.0,0.0,0.0,0.0,0.0,0,0,0,10,0,0.0188879966735839,0.0,1.0,0.0,0.0,0.0,0.0,0.0,1.0,0.0,0.0,0.0,0.0,0.0,1.0,1.0,670,66,68,67.0,1.0540925533894598,67.0,0.0020828008651733,10,0.9067378651425488,1.0
20.0,6,64.0,350.6298172576951,0.0,0.0,1.0,0.0,0.0,0.0,0.0,0,0,0,10,0,0.0285201072692871,0.0,1.0,0.0,0.0,0.0,0.0,0.0,1.0,0.0,0.0,0.0,0.0,0.0,1.0,1.0,660,64,68,66.0,2.10818510677892,66.0,0.0030646085739135,10,0.9105755202850976,4.0
20.0,6,64.0,503.5239318599263,0.0,0.0,1.0,0.0,0.0,0.0,0.0,0,0,0,10,0,0.019860029220581,0.0,1.0,0.0,0.0,0.0,0.0,0.0,1.0,0.0,0.0,0.0,0.0,0.0,1.0,1.0,650,64,66,65.0,1.0540925533894598,65.0,0.0022624969482421,10,0.9101461251425488,1.0
20.0,6,64.0,438.5787481439655,0.0,0.0,0.8,0.2,0.2,0.0,0.0,2,0,0,8,0,0.0228009223937988,0.0,1.0,0.0,0.0,0.0,0.0,0.0,1.0,0.0,0.0,0.0,0.0,0.0,1.0,1.0,4110,54,1224,411.0,561.0436703145309,411.0,0.0025076866149902,10,1.0,299035.5555555556
20.0,6,64.0,905.154301005654,0.0,0.0,0.6,0.4,0.4,0.0,0.0,4,0,0,6,0,0.0110478401184082,0.0,1.0,0.0,0.0,0.0,0.0,0.0,1.0,0.0,0.0,0.0,0.0,0.0,1.0,1.0,7560,54,1224,756.0,604.1854020083571,756.0,0.0014096975326538,10,1.0,342225.0
20.0,6,64.0,1062.602351033644,0.0,0.0,0.5,0.5,0.5,0.0,0.0,5,0,0,5,0,0.0094108581542968,0.0,1.0,0.0,0.0,0.0,0.0,0.0,1.0,0.0,0.0,0.0,0.0,0.0,1.0,1.0,6398,54,1226,639.8,617.4877056805801,639.8,0.001095700263977,10,1.0,343161.96
20.0,6,64.0,1025.9537204637738,0.0,0.0,0.5,0.5,0.5,0.0,0.0,5,0,0,5,0,0.00974702835083,0.0,1.0,0.0,0.0,0.0,0.0,0.0,1.0,0.0,0.0,0.0,0.0,0.0,1.0,1.0,7572,54,1226,757.2,605.2181975673457,757.2,0.0012070178985595,10,1.0,343396.0
20.0,6,64.0,342.9016170964208,0.0,0.0,1.0,0.0,0.0,0.0,0.0,0,0,0,10,0,0.0291628837585449,0.0,1.0,0.0,0.0,0.0,0.0,0.0,1.0,0.0,0.0,0.0,0.0,0.0,1.0,1.0,648,54,66,64.8,3.794733192202056,64.8,0.0029193878173828,10,0.9283038525131756,36.0
20.0,6,64.0,532.0020294266869,0.0,0.0,1.0,0.0,0.0,0.0,0.0,0,0,0,10,0,0.0187969207763671,0.0,1.0,0.0,0.0,0.0,0.0,0.0,1.0,0.0,0.0,0.0,0.0,0.0,1.0,1.0,678,66,68,67.8,0.6324555320336757,67.8,0.0023287057876586,10,0.0,1.0
20.0,6,64.0,444.0860579366424,0.0,0.0,1.0,0.0,0.0,0.0,0.0,0,0,0,10,0,0.0225181579589843,0.0,1.0,0.0,0.0,0.0,0.0,0.0,1.0,0.0,0.0,0.0,0.0,0.0,1.0,1.0,1967,68,211,196.7,45.22057054040784,196.7,0.0025274038314819,10,0.9213212616153408,5112.25
20.0,6,64.0,388.8187034753831,0.0,0.0,1.0,0.0,0.0,0.0,0.0,0,0,0,10,0,0.0257189273834228,0.0,1.0,0.0,0.0,0.0,0.0,0.0,1.0,0.0,0.0,0.0,0.0,0.0,1.0,1.0,2128,211,213,212.8,0.632455532033676,212.8,0.0028087854385375,10,0.0,1.0
20.0,6,64.0,553.9594532127055,0.0,0.0,0.7,0.3,0.3,0.0,0.0,3,0,0,7,0,0.0180518627166748,0.0,1.0,0.0,0.0,0.0,0.0,0.0,1.0,0.0,0.0,0.0,0.0,0.0,1.0,1.0,3363,54,498,336.3,213.740262936116,336.3,0.0020092010498046,10,1.0,41116.41
20.0,6,64.0,645.8637840501378,0.0,0.0,0.8,0.2,0.2,0.0,0.0,2,0,0,8,0,0.0154831409454345,0.0,1.0,0.0,0.0,0.0,0.0,0.0,1.0,0.0,0.0,0.0,0.0,0.0,1.0,1.0,4100,54,500,410.0,187.6308432356827,410.0,0.0017789125442504,10,1.0,49284.0
20.0,6,64.0,915.1674630708472,0.0,0.0,0.5,0.5,0.5,0.0,0.0,5,0,0,5,0,0.0109269618988037,0.0,1.0,0.0,0.0,0.0,0.0,0.0,1.0,0.0,0.0,0.0,0.0,0.0,1.0,1.0,3216,54,500,321.6,230.31340965446773,321.6,0.0012548923492431,10,1.0,49729.0
20.0,6,64.0,389.0892224345535,0.0,0.0,0.9,0.1,0.1,0.0,0.0,1,0,0,9,0,0.0257010459899902,0.0,1.0,0.0,0.0,0.0,0.0,0.0,1.0,0.0,0.0,0.0,0.0,0.0,1.0,1.0,620,54,64,62.0,4.216370213557839,62.0,0.0025720119476318,10,0.9284756105701948,25.0
20.0,6,64.0,586.1978169417619,0.0,0.0,0.9,0.1,0.1,0.0,0.0,1,0,0,9,0,0.0170590877532959,0.0,1.0,0.0,0.0,0.0,0.0,0.0,1.0,0.0,0.0,0.0,0.0,0.0,1.0,1.0,644,54,66,64.4,3.747591819348053,64.4,0.0018806934356689,10,0.9282846490035296,12.64
20.0,6,64.0,503.3970235237638,0.0,0.0,0.6,0.4,0.4,0.0,0.0,4,0,0,6,0,0.0198650360107421,0.0,1.0,0.0,0.0,0.0,0.0,0.0,1.0,0.0,0.0,0.0,0.0,0.0,1.0,1.0,612,54,66,61.2,6.196773353931867,61.2,0.0022459030151367,10,0.9292823475934576,35.26530612244898
20.0,6,64.0,656.0878474557712,0.0,0.0,0.6,0.4,0.4,0.0,0.0,4,0,0,6,0,0.0152418613433837,0.0,1.0,0.0,0.0,0.0,0.0,0.0,1.0,0.0,0.0,0.0,0.0,0.0,1.0,1.0,624,54,66,62.4,5.796550698475775,62.4,0.0017069816589355,10,0.9291193128925312,32.0
20.0,6,64.0,643.2882931243386,0.0,0.0,0.8,0.2,0.2,0.0,0.0,2,0,0,8,0,0.0155451297760009,0.0,1.0,0.0,0.0,0.0,0.0,0.0,1.0,0.0,0.0,0.0,0.0,0.0,1.0,1.0,638,54,68,63.8,6.762642481555072,63.8,0.0015580177307128,10,0.9295128600412864,49.0
20.0,6,64.0,621.6178083409906,0.0,0.0,0.6,0.4,0.4,0.0,0.0,4,0,0,6,0,0.0160870552062988,0.0,1.0,0.0,0.0,0.0,0.0,0.0,1.0,0.0,0.0,0.0,0.0,0.0,1.0,1.0,686,54,80,68.6,11.354881475970291,68.6,0.002111005783081,10,0.9313835545180512,116.04
20.0,6,64.0,545.9414008096112,0.0,0.0,0.7,0.3,0.3,0.0,0.0,3,0,0,7,0,0.0183169841766357,0.0,1.0,0.0,0.0,0.0,0.0,0.0,1.0,0.0,0.0,0.0,0.0,0.0,1.0,1.0,724,54,82,72.4,12.712198865656564,72.4,0.0018333911895751,10,0.931936471329914,169.0
20.0,6,64.0,1079.4482190652666,0.0,0.0,0.6,0.4,0.4,0.0,0.0,4,0,0,6,0,0.0092639923095703,0.0,1.0,0.0,0.0,0.0,0.0,0.0,1.0,0.0,0.0,0.0,0.0,0.0,1.0,1.0,708,54,82,70.8,14.459137825841022,70.8,0.0009284973144531,10,0.9326481043847346,196.0
20.0,6,64.0,322.59162122459026,0.0,0.0,0.6,0.4,0.4,0.0,0.0,4,0,0,6,0,0.030998945236206,0.0,1.0,0.0,0.0,0.0,0.0,0.0,1.0,0.0,0.0,0.0,0.0,0.0,1.0,1.0,628,54,82,62.8,13.273197722394473,62.8,0.0031023979187011,10,0.9321649998241948,196.0
20.0,6,64.0,2766.1439029215853,0.0,0.0,0.7,0.3,0.3,0.0,0.0,3,0,0,7,0,0.0036151409149169,0.0,1.0,0.0,0.0,0.0,0.0,0.0,1.0,0.0,0.0,0.0,0.0,0.0,1.0,1.0,554,54,56,55.4,0.966091783079296,55.4,0.0004027128219604,10,0.0,1.0
20.0,6,64.0,792.6493432864028,0.0,0.0,0.6,0.4,0.4,0.0,0.0,4,0,0,6,0,0.0126159191131591,0.0,1.0,0.0,0.0,0.0,0.0,0.0,1.0,0.0,0.0,0.0,0.0,0.0,1.0,1.0,562,54,58,56.2,1.988857852023506,56.2,0.0014808893203735,10,0.9275682111346004,3.56
20.0,6,64.0,499.7026305756767,0.0,0.0,0.7,0.3,0.3,0.0,0.0,3,0,0,7,0,0.0200119018554687,0.0,1.0,0.0,0.0,0.0,0.0,0.0,1.0,0.0,0.0,0.0,0.0,0.0,1.0,1.0,584,54,66,58.4,4.402019738458447,58.4,0.0022214889526367,10,0.9285512367606584,17.44
20.0,6,64.0,503.6206668827972,0.0,0.0,1.0,0.0,0.0,0.0,0.0,0,0,0,10,0,0.0198562145233154,0.0,1.0,0.0,0.0,0.0,0.0,0.0,1.0,0.0,0.0,0.0,0.0,0.0,1.0,1.0,664,66,68,66.4,0.8432740427115678,66.4,0.0022002220153808,10,0.0,0.64
20.0,6,64.0,361.493790238479,0.0,0.0,1.0,0.0,0.0,0.0,0.0,0,0,0,10,0,0.0276629924774169,0.0,1.0,0.0,0.0,0.0,0.0,0.0,1.0,0.0,0.0,0.0,0.0,0.0,1.0,1.0,672,64,68,67.2,1.6865480854231356,67.2,0.0030020952224731,10,0.910403762228078,2.56
20.0,6,64.0,393.6206912732153,0.0,0.0,0.9,0.1,0.1,0.0,0.0,1,0,0,9,0,0.0254051685333251,0.0,1.0,0.0,0.0,0.0,0.0,0.0,1.0,0.0,0.0,0.0,0.0,0.0,1.0,1.0,632,54,66,63.2,3.293090409394259,63.2,0.002742600440979,10,0.9280995033091708,12.244897959183673
20.0,6,64.0,1062.575431307476,0.0,0.0,0.9,0.1,0.1,0.0,0.0,1,0,0,9,0,0.0094110965728759,0.0,1.0,0.0,0.0,0.0,0.0,0.0,1.0,0.0,0.0,0.0,0.0,0.0,1.0,1.0,648,54,66,64.8,3.794733192202055,64.8,0.0009455919265747,10,0.9283038525131756,15.75
20.0,6,64.0,970.3870624436064,0.0,0.0,0.5,0.5,0.5,0.0,0.0,5,0,0,5,0,0.0103051662445068,0.0,1.0,0.0,0.0,0.0,0.0,0.0,1.0,0.0,0.0,0.0,0.0,0.0,1.0,1.0,590,54,64,59.0,5.270462766947299,59.0,0.0023338079452514,10,0.9289050057127436,25.0
20.0,6,64.0,869.4840274466718,0.0,0.0,0.5,0.5,0.5,0.0,0.0,5,0,0,5,0,0.0115010738372802,0.0,1.0,0.0,0.0,0.0,0.0,0.0,1.0,0.0,0.0,0.0,0.0,0.0,1.0,1.0,602,54,66,60.2,5.370702416299421,60.2,0.0013746976852416,10,0.9289458393363036,25.96
20.0,6,64.0,991.490910810108,0.0,0.0,0.6,0.4,0.4,0.0,0.0,4,0,0,6,0,0.0100858211517333,0.0,1.0,0.0,0.0,0.0,0.0,0.0,1.0,0.0,0.0,0.0,0.0,0.0,1.0,1.0,600,54,66,60.0,6.324555320336759,60.0,0.0010110855102539,10,0.9293344008552924,36.0
20.0,6,64.0,579.7080937638214,0.0,0.0,0.5,0.5,0.5,0.0,0.0,5,0,0,5,0,0.0172500610351562,0.0,1.0,0.0,0.0,0.0,0.0,0.0,1.0,0.0,0.0,0.0,0.0,0.0,1.0,1.0,608,54,66,60.8,5.902918298980975,60.8,0.0019319057464599,10,0.9291626427982728,36.0
20.0,6,64.0,867.6135117804025,0.0,0.0,0.5,0.5,0.5,0.0,0.0,5,0,0,5,0,0.0115258693695068,0.0,1.0,0.0,0.0,0.0,0.0,0.0,1.0,0.0,0.0,0.0,0.0,0.0,1.0,1.0,590,54,64,59.0,5.270462766947299,59.0,0.0011544942855834,10,0.9289050057127436,25.0
20.0,6,64.0,759.1912683041613,0.0,0.0,0.6,0.4,0.4,0.0,0.0,4,0,0,6,0,0.013171911239624,0.0,1.0,0.0,0.0,0.0,0.0,0.0,1.0,0.0,0.0,0.0,0.0,0.0,1.0,1.0,594,54,66,59.4,5.738757124441959,59.4,0.0013189077377319,10,0.9290957701022128,29.64
20.0,6,64.0,670.4664471370568,0.0,0.0,0.5,0.5,0.5,0.0,0.0,5,0,0,5,0,0.0149149894714355,0.0,1.0,0.0,0.0,0.0,0.0,0.0,1.0,0.0,0.0,0.0,0.0,0.0,1.0,1.0,600,54,66,60.0,6.324555320336759,60.0,0.0017215967178344,10,0.9293344008552924,36.0
20.0,6,64.0,802.0621868665621,0.0,0.0,0.7,0.3,0.3,0.0,0.0,3,0,0,7,0,0.0124678611755371,0.0,1.0,0.0,0.0,0.0,0.0,0.0,1.0,0.0,0.0,0.0,0.0,0.0,1.0,1.0,624,54,66,62.4,5.796550698475775,62.4,0.0015038967132568,10,0.9291193128925312,34.56
20.0,6,64.0,898.3110235377268,0.0,0.0,0.6,0.4,0.4,0.0,0.0,4,0,0,6,0,0.011132001876831,0.0,1.0,0.0,0.0,0.0,0.0,0.0,1.0,0.0,0.0,0.0,0.0,0.0,1.0,1.0,612,54,66,61.2,6.196773353931867,61.2,0.0013105154037475,10,0.9292823475934576,36.0
20.0,6,64.0,763.7115804806992,0.0,0.0,0.7,0.3,0.3,0.0,0.0,3,0,0,7,0,0.0130939483642578,0.0,1.0,0.0,0.0,0.0,0.0,0.0,1.0,0.0,0.0,0.0,0.0,0.0,1.0,1.0,638,54,68,63.8,6.762642481555071,63.8,0.0015385866165161,10,0.9295128600412864,41.16
20.0,6,64.0,414.6945878072413,0.0,0.0,0.5,0.5,0.5,0.0,0.0,5,0,0,5,0,0.0241141319274902,0.0,1.0,0.0,0.0,0.0,0.0,0.0,1.0,0.0,0.0,0.0,0.0,0.0,1.0,1.0,618,54,68,61.8,6.762642481555071,61.8,0.0026399135589599,10,0.9295128600412864,49.0
20.0,6,64.0,1932.324702847139,0.0,0.0,0.6,0.4,0.4,0.0,0.0,4,0,0,6,0,0.0051751136779785,0.0,1.0,0.0,0.0,0.0,0.0,0.0,1.0,0.0,0.0,0.0,0.0,0.0,1.0,1.0,600,54,66,60.0,6.324555320336759,60.0,0.0005192041397094,10,0.9293344008552924,36.0
20.0,6,64.0,920.38884378223,0.0,0.0,0.6,0.4,0.4,0.0,0.0,4,0,0,6,0,0.0108649730682373,0.0,1.0,0.0,0.0,0.0,0.0,0.0,1.0,0.0,0.0,0.0,0.0,0.0,1.0,1.0,620,54,68,62.0,6.928203230275509,62.0,0.0012802839279174,10,0.9295803028678852,43.2
20.0,6,64.0,925.2413306273714,0.0,0.0,0.5,0.5,0.5,0.0,0.0,5,0,0,5,0,0.010807991027832,0.0,1.0,0.0,0.0,0.0,0.0,0.0,1.0,0.0,0.0,0.0,0.0,0.0,1.0,1.0,610,54,68,61.0,7.378647873726218,61.0,0.0012829065322875,10,0.9297637959978412,49.0
20.0,6,64.0,655.5238809702425,0.0,0.0,0.5,0.5,0.5,0.0,0.0,5,0,0,5,0,0.0152549743652343,0.0,1.0,0.0,0.0,0.0,0.0,0.0,1.0,0.0,0.0,0.0,0.0,0.0,1.0,1.0,602,54,68,60.2,6.562519841239848,60.2,0.0017371892929077,10,0.9294313380825274,49.0
20.0,6,64.0,1012.2611318933268,0.0,0.0,0.5,0.5,0.5,0.0,0.0,5,0,0,5,0,0.0098788738250732,0.0,1.0,0.0,0.0,0.0,0.0,0.0,1.0,0.0,0.0,0.0,0.0,0.0,1.0,1.0,612,54,66,61.2,6.196773353931867,61.2,0.0014528036117553,10,0.9292823475934576,36.0
20.0,6,64.0,807.0314784884168,0.0,0.0,0.6,0.4,0.4,0.0,0.0,4,0,0,6,0,0.0123910903930664,0.0,1.0,0.0,0.0,0.0,0.0,0.0,1.0,0.0,0.0,0.0,0.0,0.0,1.0,1.0,605,54,67,60.5,6.851601597031489,60.5,0.001241111755371,10,0.9295490984265669,42.25
20.0,6,64.0,1053.0514687421542,0.0,0.0,0.5,0.5,0.5,0.0,0.0,5,0,0,5,0,0.0094962120056152,0.0,1.0,0.0,0.0,0.0,0.0,0.0,1.0,0.0,0.0,0.0,0.0,0.0,1.0,1.0,605,54,67,60.5,6.851601597031489,60.5,0.0009510040283203,10,0.9295490984265669,42.25
20.0,6,64.0,326.07256415638534,0.0,0.0,1.0,0.0,0.0,0.0,0.0,0,0,0,10,0,0.030668020248413,0.0,1.0,0.0,0.0,0.0,0.0,0.0,1.0,0.0,0.0,0.0,0.0,0.0,1.0,1.0,660,66,66,66.0,0.0,66.0,0.0040557861328125,10,0.0,0.0
20.0,6,64.0,1036.372711324158,0.0,0.0,1.0,0.0,0.0,0.0,0.0,0,0,0,10,0,0.0096490383148193,0.0,1.0,0.0,0.0,0.0,0.0,0.0,1.0,0.0,0.0,0.0,0.0,0.0,1.0,1.0,680,68,68,68.0,0.0,68.0,0.0009659051895141,10,0.0,0.0
20.0,6,64.0,533.0500095316769,0.0,0.0,1.0,0.0,0.0,0.0,0.0,0,0,0,10,0,0.0187599658966064,0.0,1.0,0.0,0.0,0.0,0.0,0.0,1.0,0.0,0.0,0.0,0.0,0.0,1.0,1.0,640,64,64,64.0,0.0,64.0,0.0030616998672485,10,0.0,0.0
20.0,6,64.0,532.1977896486532,0.0,0.0,1.0,0.0,0.0,0.0,0.0,0,0,0,10,0,0.0187900066375732,0.0,1.0,0.0,0.0,0.0,0.0,0.0,1.0,0.0,0.0,0.0,0.0,0.0,1.0,1.0,660,66,66,66.0,0.0,66.0,0.002160096168518,10,0.0,0.0
20.0,6,64.0,1029.125527529689,0.0,0.0,0.5,0.5,0.5,0.0,0.0,5,0,0,5,0,0.0097169876098632,0.0,1.0,0.0,0.0,0.0,0.0,0.0,1.0,0.0,0.0,0.0,0.0,0.0,1.0,1.0,600,54,66,60.0,6.324555320336759,60.0,0.0020828008651733,10,0.9293344008552924,36.0
20.0,6,64.0,765.8730941294623,0.0,0.0,0.5,0.5,0.5,0.0,0.0,5,0,0,5,0,0.013056993484497,0.0,1.0,0.0,0.0,0.0,0.0,0.0,1.0,0.0,0.0,0.0,0.0,0.0,1.0,1.0,614,54,68,61.4,6.397916327472042,61.4,0.0015168905258178,10,0.929364285195159,36.84
20.0,6,64.0,868.1342881980378,0.0,0.0,0.5,0.5,0.5,0.0,0.0,5,0,0,5,0,0.0115189552307128,0.0,1.0,0.0,0.0,0.0,0.0,0.0,1.0,0.0,0.0,0.0,0.0,0.0,1.0,1.0,610,54,68,61.0,7.378647873726218,61.0,0.0011566162109375,10,0.9297637959978412,49.0
20.0,6,64.0,657.0745539141196,0.0,0.0,0.6,0.4,0.4,0.0,0.0,4,0,0,6,0,0.01521897315979,0.0,1.0,0.0,0.0,0.0,0.0,0.0,1.0,0.0,0.0,0.0,0.0,0.0,1.0,1.0,606,54,68,60.6,7.058485830702094,60.6,0.001523995399475,10,0.9296333747879948,49.0
20.0,6,64.0,496.7494522413691,0.0,0.0,1.0,0.0,0.0,0.0,0.0,0,0,0,10,0,0.0201308727264404,0.0,1.0,0.0,0.0,0.0,0.0,0.0,1.0,0.0,0.0,0.0,0.0,0.0,1.0,1.0,642,64,66,64.2,0.6324555320336759,64.2,0.0021991968154907,10,0.0,0.36
20.0,6,64.0,358.92313748309914,0.0,0.0,0.9,0.1,0.1,0.0,0.0,1,0,0,9,0,0.0278611183166503,0.0,1.0,0.0,0.0,0.0,0.0,0.0,1.0,0.0,0.0,0.0,0.0,0.0,1.0,1.0,660,66,66,66.0,0.0,66.0,0.003016710281372,10,0.0,0.0
20.0,6,64.0,897.8302936895282,0.0,0.0,0.6,0.4,0.4,0.0,0.0,4,0,0,6,0,0.0111379623413085,0.0,1.0,0.0,0.0,0.0,0.0,0.0,1.0,0.0,0.0,0.0,0.0,0.0,1.0,1.0,600,54,66,60.0,6.324555320336759,60.0,0.0011174917221069,10,0.9293344008552924,36.0
20.0,6,64.0,852.8648406840318,0.0,0.0,0.5,0.5,0.5,0.0,0.0,5,0,0,5,0,0.0117251873016357,0.0,1.0,0.0,0.0,0.0,0.0,0.0,1.0,0.0,0.0,0.0,0.0,0.0,1.0,1.0,616,54,68,61.6,6.586180818788516,61.6,0.0013750076293945,10,0.9294409766183416,39.04
20.0,6,64.0,900.1811392024724,0.0,0.0,0.6,0.4,0.4,0.0,0.0,4,0,0,6,0,0.0111088752746582,0.0,1.0,0.0,0.0,0.0,0.0,0.0,1.0,0.0,0.0,0.0,0.0,0.0,1.0,1.0,610,54,68,61.0,7.378647873726218,61.0,0.0011139869689941,10,0.9297637959978412,49.0
20.0,6,64.0,495.39413696170834,0.0,0.0,0.7,0.3,0.3,0.0,0.0,3,0,0,7,0,0.0201859474182128,0.0,1.0,0.0,0.0,0.0,0.0,0.0,1.0,0.0,0.0,0.0,0.0,0.0,1.0,1.0,622,54,68,62.2,5.921711464320655,62.2,0.0022902011871337,10,0.9291702983821056,49.0
20.0,6,64.0,499.6966772698572,0.0,0.0,1.0,0.0,0.0,0.0,0.0,0,0,0,10,0,0.0200121402740478,0.0,1.0,0.0,0.0,0.0,0.0,0.0,1.0,0.0,0.0,0.0,0.0,0.0,1.0,1.0,648,64,66,64.8,1.0327955589886444,64.8,0.0021911144256591,10,0.9101374495989096,0.96
20.0,6,64.0,408.56661374063646,0.0,0.0,0.8,0.2,0.2,0.0,0.0,2,0,0,8,0,0.0244758129119873,0.0,1.0,0.0,0.0,0.0,0.0,0.0,1.0,0.0,0.0,0.0,0.0,0.0,1.0,1.0,632,54,66,63.2,4.9170903772228725,63.2,0.0027136802673339,10,0.9287610559360656,21.76
20.0,6,64.0,486.9001543944372,0.0,0.0,0.5,0.5,0.5,0.0,0.0,5,0,0,5,0,0.0205380916595459,0.0,1.0,0.0,0.0,0.0,0.0,0.0,1.0,0.0,0.0,0.0,0.0,0.0,1.0,1.0,590,54,64,59.0,5.270462766947299,59.0,0.0022518157958984,10,0.9289050057127436,25.0
20.0,6,64.0,4098.401407074458,0.0,0.0,0.5,0.5,0.5,0.0,0.0,5,0,0,5,0,0.0024399757385253,0.0,1.0,0.0,0.0,0.0,0.0,0.0,1.0,0.0,0.0,0.0,0.0,0.0,1.0,1.0,594,54,66,59.4,5.738757124441959,59.4,0.0003507852554321,10,0.9290957701022128,29.64
20.0,6,64.0,963.5654391325324,0.0,0.0,0.5,0.5,0.5,0.0,0.0,5,0,0,5,0,0.0103781223297119,0.0,1.0,0.0,0.0,0.0,0.0,0.0,1.0,0.0,0.0,0.0,0.0,0.0,1.0,1.0,600,54,66,60.0,6.324555320336759,60.0,0.0010974168777465,10,0.9293344008552924,36.0
20.0,6,64.0,335.7511427039056,0.0,0.0,0.7,0.3,0.3,0.0,0.0,3,0,0,7,0,0.0297839641571044,0.0,1.0,0.0,0.0,0.0,0.0,0.0,1.0,0.0,0.0,0.0,0.0,0.0,1.0,1.0,916,54,139,91.6,41.08852232274442,91.6,0.003194785118103,10,0.9434958504533932,1519.44
20.0,6,64.0,622.8640163946599,0.0,0.0,1.0,0.0,0.0,0.0,0.0,0,0,0,10,0,0.0160548686981201,0.0,1.0,0.0,0.0,0.0,0.0,0.0,1.0,0.0,0.0,0.0,0.0,0.0,1.0,1.0,1398,139,141,139.8,1.0327955589886444,139.8,0.0016144037246704,10,0.7823276995989097,0.96
20.0,6,64.0,627.4295800984308,0.0,0.0,0.8,0.2,0.2,0.0,0.0,2,0,0,8,0,0.0159380435943603,0.0,1.0,0.0,0.0,0.0,0.0,0.0,1.0,0.0,0.0,0.0,0.0,0.0,1.0,1.0,1082,54,141,108.2,42.47561391878613,108.2,0.0016844987869262,10,0.9440608960859568,1623.76
20.0,6,64.0,1153.961537403362,0.0,0.0,0.5,0.5,0.5,0.0,0.0,5,0,0,5,0,0.0086658000946044,0.0,1.0,0.0,0.0,0.0,0.0,0.0,1.0,0.0,0.0,0.0,0.0,0.0,1.0,1.0,590,54,64,59.0,5.270462766947299,59.0,0.0010880947113037,10,0.9289050057127436,25.0
20.0,6,64.0,965.1396750885912,0.0,0.0,0.5,0.5,0.5,0.0,0.0,5,0,0,5,0,0.0103611946105957,0.0,1.0,0.0,0.0,0.0,0.0,0.0,1.0,0.0,0.0,0.0,0.0,0.0,1.0,1.0,594,54,66,59.4,5.738757124441959,59.4,0.0012162208557128,10,0.9290957701022128,29.64
20.0,6,64.0,907.9366178889948,0.0,0.0,0.5,0.5,0.5,0.0,0.0,5,0,0,5,0,0.0110139846801757,0.0,1.0,0.0,0.0,0.0,0.0,0.0,1.0,0.0,0.0,0.0,0.0,0.0,1.0,1.0,612,54,66,61.2,6.196773353931867,61.2,0.0013637781143188,10,0.9292823475934576,36.0
20.0,6,64.0,466.7027183407328,0.0,0.0,0.8,0.2,0.2,0.0,0.0,2,0,0,8,0,0.0214269161224365,0.0,1.0,0.0,0.0,0.0,0.0,0.0,1.0,0.0,0.0,0.0,0.0,0.0,1.0,1.0,624,54,66,62.4,5.796550698475776,62.4,0.002145504951477,10,0.9291193128925312,36.0
20.0,6,64.0,470.3189055842117,0.0,0.0,1.0,0.0,0.0,0.0,0.0,0,0,0,10,0,0.0212621688842773,0.0,1.0,0.0,0.0,0.0,0.0,0.0,1.0,0.0,0.0,0.0,0.0,0.0,1.0,1.0,670,66,68,67.0,1.0540925533894598,67.0,0.002402114868164,10,0.9067378651425488,1.0
20.0,6,64.0,352.8717336070401,0.0,0.0,1.0,0.0,0.0,0.0,0.0,0,0,0,10,0,0.0283389091491699,0.0,1.0,0.0,0.0,0.0,0.0,0.0,1.0,0.0,0.0,0.0,0.0,0.0,1.0,1.0,670,66,68,67.0,1.0540925533894598,67.0,0.0028364896774291,10,0.9067378651425488,1.0
20.0,6,64.0,502.51045323301423,0.0,0.0,1.0,0.0,0.0,0.0,0.0,0,0,0,10,0,0.0199000835418701,0.0,1.0,0.0,0.0,0.0,0.0,0.0,1.0,0.0,0.0,0.0,0.0,0.0,1.0,1.0,670,66,68,67.0,1.0540925533894598,67.0,0.0023194074630737,10,0.9067378651425488,1.0
20.0,6,64.0,415.33108221850335,0.0,0.0,0.8,0.2,0.2,0.0,0.0,2,0,0,8,0,0.0240771770477294,0.0,1.0,0.0,0.0,0.0,0.0,0.0,1.0,0.0,0.0,0.0,0.0,0.0,1.0,1.0,640,54,68,64.0,5.57773351022717,64.0,0.0026304006576538,10,0.9290301755227262,28.0
20.0,6,64.0,1262.1280693307656,0.0,0.0,0.5,0.5,0.5,0.0,0.0,5,0,0,5,0,0.0079231262207031,0.0,1.0,0.0,0.0,0.0,0.0,0.0,1.0,0.0,0.0,0.0,0.0,0.0,1.0,1.0,590,54,64,59.0,5.270462766947299,59.0,0.0009834051132202,10,0.9289050057127436,25.0
20.0,6,64.0,790.0216609218135,0.0,0.0,0.5,0.5,0.5,0.0,0.0,5,0,0,5,0,0.012657880783081,0.0,1.0,0.0,0.0,0.0,0.0,0.0,1.0,0.0,0.0,0.0,0.0,0.0,1.0,1.0,596,54,66,59.6,5.94792213951879,59.6,0.0015092849731445,10,0.9291809755627544,31.84
20.0,6,64.0,555.8019718011237,0.0,0.0,0.5,0.5,0.5,0.0,0.0,5,0,0,5,0,0.0179920196533203,0.0,1.0,0.0,0.0,0.0,0.0,0.0,1.0,0.0,0.0,0.0,0.0,0.0,1.0,1.0,612,54,66,61.2,6.196773353931867,61.2,0.0018018007278442,10,0.9292823475934576,35.55555555555556
20.0,6,64.0,506.8216585908141,0.0,0.0,1.0,0.0,0.0,0.0,0.0,0,0,0,10,0,0.019730806350708,0.0,1.0,0.0,0.0,0.0,0.0,0.0,1.0,0.0,0.0,0.0,0.0,0.0,1.0,1.0,704,54,73,70.4,6.168017869984203,70.4,0.001975393295288,10,0.9292706337595168,61.55555555555557
20.0,6,64.0,521.2905791697738,0.0,0.0,1.0,0.0,0.0,0.0,0.0,0,0,0,10,0,0.0191831588745117,0.0,1.0,0.0,0.0,0.0,0.0,0.0,1.0,0.0,0.0,0.0,0.0,0.0,1.0,1.0,746,73,75,74.6,0.8432740427115678,74.6,0.002129316329956,10,0.0,1.0
20.0,6,64.0,457.28938847156047,0.0,0.0,0.6,0.4,0.4,0.0,0.0,4,0,0,6,0,0.0218679904937744,0.0,1.0,0.0,0.0,0.0,0.0,0.0,1.0,0.0,0.0,0.0,0.0,0.0,1.0,1.0,630,54,75,63.0,8.48528137423857,63.0,0.0021876811981201,10,0.9302145942206098,74.25
20.0,6,64.0,1281.877750611247,0.0,0.0,0.5,0.5,0.5,0.0,0.0,5,0,0,5,0,0.0078010559082031,0.0,1.0,0.0,0.0,0.0,0.0,0.0,1.0,0.0,0.0,0.0,0.0,0.0,1.0,1.0,600,54,66,60.0,6.324555320336759,60.0,0.0009877204895019,10,0.9293344008552924,36.0
20.0,6,64.0,1084.2477510081687,0.0,0.0,0.5,0.5,0.5,0.0,0.0,5,0,0,5,0,0.0092229843139648,0.0,1.0,0.0,0.0,0.0,0.0,0.0,1.0,0.0,0.0,0.0,0.0,0.0,1.0,1.0,608,54,68,60.8,7.192588778272627,60.8,0.0012378931045532,10,0.9296880029647172,46.56
20.0,6,64.0,1115.3284050417487,0.0,0.0,0.5,0.5,0.5,0.0,0.0,5,0,0,5,0,0.0089659690856933,0.0,1.0,0.0,0.0,0.0,0.0,0.0,1.0,0.0,0.0,0.0,0.0,0.0,1.0,1.0,610,54,68,61.0,7.378647873726218,61.0,0.0012438058853149,10,0.9297637959978412,49.0
20.0,6,64.0,460.0026321561746,0.0,0.0,0.9,0.1,0.1,0.0,0.0,1,0,0,9,0,0.0217390060424804,0.0,1.0,0.0,0.0,0.0,0.0,0.0,1.0,0.0,0.0,0.0,0.0,0.0,1.0,1.0,650,54,68,65.0,3.915780041490244,65.0,0.0024339914321899,10,0.9283531621577016,49.0
20.0,6,64.0,510.4360419125969,0.0,0.0,1.0,0.0,0.0,0.0,0.0,0,0,0,10,0,0.0195910930633544,0.0,1.0,0.0,0.0,0.0,0.0,0.0,1.0,0.0,0.0,0.0,0.0,0.0,1.0,1.0,676,66,68,67.6,0.8432740427115678,67.6,0.0021212100982666,10,0.0,1.0
20.0,6,64.0,526.9490929192422,0.0,0.0,0.6,0.4,0.4,0.0,0.0,4,0,0,6,0,0.0189771652221679,0.0,1.0,0.0,0.0,0.0,0.0,0.0,1.0,0.0,0.0,0.0,0.0,0.0,1.0,1.0,608,54,68,60.8,6.051629716218782,60.8,0.0021703958511352,10,0.9292232218811988,34.666666666666664
20.0,6,64.0,880.4349377610781,0.0,0.0,0.5,0.5,0.5,0.0,0.0,5,0,0,5,0,0.0113580226898193,0.0,1.0,0.0,0.0,0.0,0.0,0.0,1.0,0.0,0.0,0.0,0.0,0.0,1.0,1.0,600,54,64,60.0,5.163977794943222,60.0,0.0014484882354736,10,0.928861627994548,24.691358024691358
20.0,6,64.0,802.5072228068497,0.0,0.0,0.5,0.5,0.5,0.0,0.0,5,0,0,5,0,0.0124609470367431,0.0,1.0,0.0,0.0,0.0,0.0,0.0,1.0,0.0,0.0,0.0,0.0,0.0,1.0,1.0,600,54,66,60.0,6.324555320336759,60.0,0.0012500047683715,10,0.9293344008552924,36.0
20.0,6,64.0,707.2190466555381,0.0,0.0,0.5,0.5,0.5,0.0,0.0,5,0,0,5,0,0.0141398906707763,0.0,1.0,0.0,0.0,0.0,0.0,0.0,1.0,0.0,0.0,0.0,0.0,0.0,1.0,1.0,600,54,66,60.0,6.324555320336759,60.0,0.001415991783142,10,0.9293344008552924,36.0
20.0,6,64.0,472.54438936457865,0.0,0.0,1.0,0.0,0.0,0.0,0.0,0,0,0,10,0,0.0211620330810546,0.0,1.0,0.0,0.0,0.0,0.0,0.0,1.0,0.0,0.0,0.0,0.0,0.0,1.0,1.0,630,54,64,63.0,3.1622776601683795,63.0,0.0021184206008911,10,0.9280462154276462,25.0
20.0,6,64.0,493.4127002799802,0.0,0.0,1.0,0.0,0.0,0.0,0.0,0,0,0,10,0,0.0202670097351074,0.0,1.0,0.0,0.0,0.0,0.0,0.0,1.0,0.0,0.0,0.0,0.0,0.0,1.0,1.0,658,64,66,65.8,0.6324555320336757,65.8,0.0021854877471923,10,0.0,1.0
20.0,6,64.0,451.2818747175658,0.0,0.0,0.5,0.5,0.5,0.0,0.0,5,0,0,5,0,0.0221590995788574,0.0,1.0,0.0,0.0,0.0,0.0,0.0,1.0,0.0,0.0,0.0,0.0,0.0,1.0,1.0,6402,54,1224,640.2,615.3896326718544,640.2,0.0023823022842407,10,1.0,340833.96
20.0,6,64.0,880.6752614118338,0.0,0.0,0.5,0.5,0.5,0.0,0.0,5,0,0,5,0,0.011354923248291,0.0,1.0,0.0,0.0,0.0,0.0,0.0,1.0,0.0,0.0,0.0,0.0,0.0,1.0,1.0,6390,54,1224,639.0,616.644143732834,639.0,0.0011389970779418,10,1.0,342225.0
20.0,6,64.0,867.5237858856623,0.0,0.0,0.6,0.4,0.4,0.0,0.0,4,0,0,6,0,0.0115270614624023,0.0,1.0,0.0,0.0,0.0,0.0,0.0,1.0,0.0,0.0,0.0,0.0,0.0,1.0,1.0,6400,54,1226,640.0,617.6982362862234,640.0,0.0011536121368408,10,1.0,343396.0
20.0,6,64.0,1101.9373144523554,0.0,0.0,0.5,0.5,0.5,0.0,0.0,5,0,0,5,0,0.0090749263763427,0.0,1.0,0.0,0.0,0.0,0.0,0.0,1.0,0.0,0.0,0.0,0.0,0.0,1.0,1.0,6400,54,1226,640.0,617.6982362862234,640.0,0.0011287927627563,10,1.0,343396.0
20.0,6,64.0,1250.165126676602,0.0,0.0,0.6,0.4,0.4,0.0,0.0,4,0,0,6,0,0.0079989433288574,0.0,1.0,0.0,0.0,0.0,0.0,0.0,1.0,0.0,0.0,0.0,0.0,0.0,1.0,1.0,612,54,66,61.2,6.196773353931867,61.2,0.0017683029174804,10,0.9292823475934576,36.0
20.0,6,64.0,940.4690793309117,0.0,0.0,0.6,0.4,0.4,0.0,0.0,4,0,0,6,0,0.0106329917907714,0.0,1.0,0.0,0.0,0.0,0.0,0.0,1.0,0.0,0.0,0.0,0.0,0.0,1.0,1.0,616,54,68,61.6,6.586180818788517,61.6,0.0013083934783935,10,0.9294409766183416,39.04
20.0,6,64.0,900.0072956676609,0.0,0.0,0.5,0.5,0.5,0.0,0.0,5,0,0,5,0,0.0111110210418701,0.0,1.0,0.0,0.0,0.0,0.0,0.0,1.0,0.0,0.0,0.0,0.0,0.0,1.0,1.0,624,54,68,62.4,7.229568912920511,62.4,0.0013370990753173,10,0.9297030671923672,49.0
20.0,6,64.0,446.76814264867227,0.0,0.0,0.7,0.3,0.3,0.0,0.0,3,0,0,7,0,0.0223829746246337,0.0,1.0,0.0,0.0,0.0,0.0,0.0,1.0,0.0,0.0,0.0,0.0,0.0,1.0,1.0,616,54,68,61.6,6.586180818788518,61.6,0.0022392034530639,10,0.9294409766183416,49.0
20.0,6,64.0,467.269445867962,0.0,0.0,1.0,0.0,0.0,0.0,0.0,0,0,0,10,0,0.0214009284973144,0.0,1.0,0.0,0.0,0.0,0.0,0.0,1.0,0.0,0.0,0.0,0.0,0.0,1.0,1.0,668,66,68,66.8,1.0327955589886444,66.8,0.0023084878921508,10,0.9067291895989096,0.96
20.0,6,64.0,427.8243130214815,0.0,0.0,0.8,0.2,0.2,0.0,0.0,2,0,0,8,0,0.0233740806579589,0.0,1.0,0.0,0.0,0.0,0.0,0.0,1.0,0.0,0.0,0.0,0.0,0.0,1.0,1.0,1618,54,551,161.8,205.20602113756584,161.8,0.0025509119033813,10,1.0,40674.83950617284
20.0,6,64.0,692.3693028937421,0.0,0.0,0.7,0.3,0.3,0.0,0.0,3,0,0,7,0,0.0144431591033935,0.0,1.0,0.0,0.0,0.0,0.0,0.0,1.0,0.0,0.0,0.0,0.0,0.0,1.0,1.0,4019,54,551,401.9,240.073808095205,401.9,0.0014456033706665,10,1.0,61752.25
20.0,6,64.0,755.5126450032423,0.0,0.0,0.5,0.5,0.5,0.0,0.0,5,0,0,5,0,0.0132360458374023,0.0,1.0,0.0,0.0,0.0,0.0,0.0,1.0,0.0,0.0,0.0,0.0,0.0,1.0,1.0,3033,54,553,303.3,262.7859500725934,303.3,0.0015459060668945,10,1.0,62150.81
20.0,6,64.0,627.8240304159743,0.0,0.0,0.6,0.4,0.4,0.0,0.0,4,0,0,6,0,0.015928030014038,0.0,1.0,0.0,0.0,0.0,0.0,0.0,1.0,0.0,0.0,0.0,0.0,0.0,1.0,1.0,3825,54,553,382.5,235.5995896996993,382.5,0.0017928838729858,10,1.0,62250.25
20.0,6,64.0,946.4322946047791,0.0,0.0,0.5,0.5,0.5,0.0,0.0,5,0,0,5,0,0.0105659961700439,0.0,1.0,0.0,0.0,0.0,0.0,0.0,1.0,0.0,0.0,0.0,0.0,0.0,1.0,1.0,1995,54,345,199.5,153.3704665181664,199.5,0.0010602951049804,10,0.9892350232408402,21170.25
20.0,6,64.0,445.3734005840191,0.0,0.0,0.6,0.4,0.4,0.0,0.0,4,0,0,6,0,0.0224530696868896,0.0,1.0,0.0,0.0,0.0,0.0,0.0,1.0,0.0,0.0,0.0,0.0,0.0,1.0,1.0,1997,54,347,199.7,153.5824425729278,199.7,0.0022473096847534,10,0.989321373806508,21228.81
20.0,6,64.0,2908.671289875173,0.0,0.0,0.5,0.5,0.5,0.0,0.0,5,0,0,5,0,0.0034379959106445,0.0,1.0,0.0,0.0,0.0,0.0,0.0,1.0,0.0,0.0,0.0,0.0,0.0,1.0,1.0,2005,54,347,200.5,154.42455907155585,200.5,0.0005109071731567,10,0.989664418383389,21462.25
20.0,6,64.0,378.4140961214013,0.0,0.0,0.5,0.5,0.5,0.0,0.0,5,0,0,5,0,0.026426076889038,0.0,1.0,0.0,0.0,0.0,0.0,0.0,1.0,0.0,0.0,0.0,0.0,0.0,1.0,1.0,1722,54,347,172.2,150.47465641171016,172.2,0.002694296836853,10,0.9880553860358744,21462.25
20.0,6,64.0,3387.694047330587,0.0,0.0,0.5,0.5,0.5,0.0,0.0,5,0,0,5,0,0.0029518604278564,0.0,1.0,0.0,0.0,0.0,0.0,0.0,1.0,0.0,0.0,0.0,0.0,0.0,1.0,1.0,590,54,64,59.0,5.270462766947299,59.0,0.0002982854843139,10,0.9289050057127436,25.0
20.0,6,64.0,897.3500780898996,0.0,0.0,0.5,0.5,0.5,0.0,0.0,5,0,0,5,0,0.0111439228057861,0.0,1.0,0.0,0.0,0.0,0.0,0.0,1.0,0.0,0.0,0.0,0.0,0.0,1.0,1.0,604,54,66,60.4,5.561774297230456,60.4,0.0011914014816284,10,0.9290236743777198,27.84
20.0,6,64.0,947.5869236156608,0.0,0.0,0.5,0.5,0.5,0.0,0.0,5,0,0,5,0,0.0105531215667724,0.0,1.0,0.0,0.0,0.0,0.0,0.0,1.0,0.0,0.0,0.0,0.0,0.0,1.0,1.0,600,54,66,60.0,6.324555320336759,60.0,0.0010573148727416,10,0.9293344008552924,36.0
20.0,6,64.0,651.1276701440636,0.0,0.0,0.5,0.5,0.5,0.0,0.0,5,0,0,5,0,0.0153579711914062,0.0,1.0,0.0,0.0,0.0,0.0,0.0,1.0,0.0,0.0,0.0,0.0,0.0,1.0,1.0,598,54,66,59.8,6.124631508189787,59.8,0.0015384912490844,10,0.9292529598911762,36.0
20.0,6,64.0,826.2521915568426,0.0,0.0,0.5,0.5,0.5,0.0,0.0,5,0,0,5,0,0.0121028423309326,0.0,1.0,0.0,0.0,0.0,0.0,0.0,1.0,0.0,0.0,0.0,0.0,0.0,1.0,1.0,595,54,65,59.5,5.797509043642029,59.5,0.0012120962142944,10,0.929119703284018,30.25
20.0,6,64.0,877.1024675867837,0.0,0.0,0.5,0.5,0.5,0.0,0.0,5,0,0,5,0,0.0114011764526367,0.0,1.0,0.0,0.0,0.0,0.0,0.0,1.0,0.0,0.0,0.0,0.0,0.0,1.0,1.0,599,54,67,59.9,6.26187760269323,59.9,0.0011427164077758,10,0.9293088684602332,35.29
20.0,6,64.0,822.8481745237675,0.0,0.0,0.5,0.5,0.5,0.0,0.0,5,0,0,5,0,0.0121529102325439,0.0,1.0,0.0,0.0,0.0,0.0,0.0,1.0,0.0,0.0,0.0,0.0,0.0,1.0,1.0,605,54,67,60.5,6.851601597031489,60.5,0.0012172937393188,10,0.9295490984265669,42.25
20.0,6,64.0,527.7845727947653,0.0,0.0,0.7,0.3,0.3,0.0,0.0,3,0,0,7,0,0.0189471244812011,0.0,1.0,0.0,0.0,0.0,0.0,0.0,1.0,0.0,0.0,0.0,0.0,0.0,1.0,1.0,615,54,67,61.5,6.467869303977419,61.5,0.0018985986709594,10,0.9293927812396684,42.25
20.0,6,64.0,479.34355035942446,0.0,0.0,1.0,0.0,0.0,0.0,0.0,0,0,0,10,0,0.0208618640899658,0.0,1.0,0.0,0.0,0.0,0.0,0.0,1.0,0.0,0.0,0.0,0.0,0.0,1.0,1.0,666,66,68,66.6,0.966091783079296,66.6,0.0023155927658081,10,0.0,0.8400000000000001
20.0,6,64.0,383.2759770818674,0.0,0.0,1.0,0.0,0.0,0.0,0.0,0,0,0,10,0,0.0260908603668212,0.0,1.0,0.0,0.0,0.0,0.0,0.0,1.0,0.0,0.0,0.0,0.0,0.0,1.0,1.0,1094,68,206,109.4,66.66033303247141,109.4,0.0028182029724121,10,0.9300549632641076,3999.24
20.0,6,64.0,510.3553003017619,0.0,0.0,1.0,0.0,0.0,0.0,0.0,0,0,0,10,0,0.0195941925048828,0.0,1.0,0.0,0.0,0.0,0.0,0.0,1.0,0.0,0.0,0.0,0.0,0.0,1.0,1.0,2066,206,208,206.6,0.966091783079296,206.6,0.0022117137908935,10,0.0,0.8400000000000001
20.0,6,64.0,375.7697166253057,0.0,0.0,0.9,0.1,0.1,0.0,0.0,1,0,0,9,0,0.0266120433807373,0.0,1.0,0.0,0.0,0.0,0.0,0.0,1.0,0.0,0.0,0.0,0.0,0.0,1.0,1.0,1698,54,208,169.8,62.46385621568151,169.8,0.0028718948364257,10,0.95220330646802,3511.56
20.0,6,64.0,909.6694716751972,0.0,0.0,0.5,0.5,0.5,0.0,0.0,5,0,0,5,0,0.0109930038452148,0.0,1.0,0.0,0.0,0.0,0.0,0.0,1.0,0.0,0.0,0.0,0.0,0.0,1.0,1.0,780,54,94,78.0,20.65591117977289,78.0,0.0013174057006835,10,0.9351724219781924,400.0
20.0,6,64.0,1018.0349514563106,0.0,0.0,0.6,0.4,0.4,0.0,0.0,4,0,0,6,0,0.0098228454589843,0.0,1.0,0.0,0.0,0.0,0.0,0.0,1.0,0.0,0.0,0.0,0.0,0.0,1.0,1.0,746,54,96,74.6,21.72658381900948,74.6,0.0009858846664428,10,0.9356085711845116,424.84
20.0,6,64.0,774.6572104018912,0.0,0.0,0.5,0.5,0.5,0.0,0.0,5,0,0,5,0,0.012908935546875,0.0,1.0,0.0,0.0,0.0,0.0,0.0,1.0,0.0,0.0,0.0,0.0,0.0,1.0,1.0,792,54,96,79.2,21.68870673876153,79.2,0.0015095949172973,10,0.935593141577102,441.0
20.0,6,64.0,410.3734577866487,0.0,0.0,0.9,0.1,0.1,0.0,0.0,1,0,0,9,0,0.0243680477142334,0.0,1.0,0.0,0.0,0.0,0.0,0.0,1.0,0.0,0.0,0.0,0.0,0.0,1.0,1.0,8772,54,1224,877.2,558.5180390999022,877.2,0.0024403095245361,10,1.0,334280.0
20.0,6,64.0,495.9623502701936,0.0,0.0,1.0,0.0,0.0,0.0,0.0,0,0,0,10,0,0.02016282081604,0.0,1.0,0.0,0.0,0.0,0.0,0.0,1.0,0.0,0.0,0.0,0.0,0.0,1.0,1.0,12254,1224,1226,1225.4,0.966091783079296,1225.4,0.0022661924362182,10,0.0,1.0
20.0,6,64.0,493.8309746391316,0.0,0.0,0.7,0.3,0.3,0.0,0.0,3,0,0,7,0,0.0202498435974121,0.0,1.0,0.0,0.0,0.0,0.0,0.0,1.0,0.0,0.0,0.0,0.0,0.0,1.0,1.0,4096,54,1226,409.6,563.3864274782155,409.6,0.0022845983505249,10,1.0,339511.5555555556
20.0,6,64.0,1249.5319808144905,0.0,0.0,0.5,0.5,0.5,0.0,0.0,5,0,0,5,0,0.0080029964447021,0.0,1.0,0.0,0.0,0.0,0.0,0.0,1.0,0.0,0.0,0.0,0.0,0.0,1.0,1.0,590,54,64,59.0,5.270462766947299,59.0,0.0010421991348266,10,0.9289050057127436,25.0
20.0,6,64.0,1037.885776502029,0.0,0.0,0.5,0.5,0.5,0.0,0.0,5,0,0,5,0,0.0096349716186523,0.0,1.0,0.0,0.0,0.0,0.0,0.0,1.0,0.0,0.0,0.0,0.0,0.0,1.0,1.0,598,54,66,59.8,6.142746399887703,59.8,0.0012338161468505,10,0.9292603391734584,33.959999999999994
20.0,6,64.0,1141.3072108843537,0.0,0.0,0.5,0.5,0.5,0.0,0.0,5,0,0,5,0,0.0087618827819824,0.0,1.0,0.0,0.0,0.0,0.0,0.0,1.0,0.0,0.0,0.0,0.0,0.0,1.0,1.0,600,54,66,60.0,6.324555320336759,60.0,0.0012096881866455,10,0.9293344008552924,36.0
20.0,6,64.0,728.1777777777778,0.0,0.0,0.5,0.5,0.5,0.0,0.0,5,0,0,5,0,0.01373291015625,0.0,1.0,0.0,0.0,0.0,0.0,0.0,1.0,0.0,0.0,0.0,0.0,0.0,1.0,1.0,600,54,66,60.0,6.324555320336759,60.0,0.0016042947769165,10,0.9293344008552924,36.0
20.0,6,64.0,777.4716393564173,0.0,0.0,0.5,0.5,0.5,0.0,0.0,5,0,0,5,0,0.012862205505371,0.0,1.0,0.0,0.0,0.0,0.0,0.0,1.0,0.0,0.0,0.0,0.0,0.0,1.0,1.0,600,54,66,60.0,6.324555320336759,60.0,0.0014890193939208,10,0.9293344008552924,36.0
20.0,6,64.0,1236.7106000294857,0.0,0.0,0.5,0.5,0.5,0.0,0.0,5,0,0,5,0,0.0080859661102294,0.0,1.0,0.0,0.0,0.0,0.0,0.0,1.0,0.0,0.0,0.0,0.0,0.0,1.0,1.0,608,54,68,60.8,7.192588778272627,60.8,0.0008387804031372,10,0.9296880029647172,46.56
20.0,6,64.0,940.8910224774552,0.0,0.0,0.5,0.5,0.5,0.0,0.0,5,0,0,5,0,0.0106282234191894,0.0,1.0,0.0,0.0,0.0,0.0,0.0,1.0,0.0,0.0,0.0,0.0,0.0,1.0,1.0,624,54,68,62.4,7.229568912920511,62.4,0.0012795209884643,10,0.9297030671923672,49.0
20.0,6,64.0,504.1594345746087,0.0,0.0,0.6,0.4,0.4,0.0,0.0,4,0,0,6,0,0.0198349952697753,0.0,1.0,0.0,0.0,0.0,0.0,0.0,1.0,0.0,0.0,0.0,0.0,0.0,1.0,1.0,630,54,72,63.0,9.486832980505138,63.0,0.001986289024353,10,0.9306225862829386,81.0
20.0,6,64.0,893.0131153125533,0.0,0.0,0.6,0.4,0.4,0.0,0.0,4,0,0,6,0,0.0111980438232421,0.0,1.0,0.0,0.0,0.0,0.0,0.0,1.0,0.0,0.0,0.0,0.0,0.0,1.0,1.0,650,54,74,65.0,9.486832980505138,65.0,0.0013247966766357,10,0.9306225862829386,81.0
20.0,6,64.0,951.2187599219848,0.0,0.0,0.6,0.4,0.4,0.0,0.0,4,0,0,6,0,0.0105128288269042,0.0,1.0,0.0,0.0,0.0,0.0,0.0,1.0,0.0,0.0,0.0,0.0,0.0,1.0,1.0,660,54,74,66.0,10.327955589886445,66.0,0.0012851953506469,10,0.930965225989096,100.0
20.0,6,64.0,502.8659121427201,0.0,0.0,0.7,0.3,0.3,0.0,0.0,3,0,0,7,0,0.0198860168457031,0.0,1.0,0.0,0.0,0.0,0.0,0.0,1.0,0.0,0.0,0.0,0.0,0.0,1.0,1.0,648,54,74,64.8,8.230026326405849,64.8,0.0022325992584228,10,0.9301106135243248,100.0
20.0,6,64.0,429.64301445356114,0.0,0.0,1.0,0.0,0.0,0.0,0.0,0,0,0,10,0,0.0232751369476318,0.0,1.0,0.0,0.0,0.0,0.0,0.0,1.0,0.0,0.0,0.0,0.0,0.0,1.0,1.0,668,66,68,66.8,1.0327955589886444,66.8,0.0025817155838012,10,0.9067291895989096,0.96
20.0,6,64.0,471.4078270056421,0.0,0.0,0.8,0.2,0.2,0.0,0.0,2,0,0,8,0,0.0212130546569824,0.0,1.0,0.0,0.0,0.0,0.0,0.0,1.0,0.0,0.0,0.0,0.0,0.0,1.0,1.0,678,54,72,67.8,5.202563470700445,67.8,0.0024010896682739,10,0.9288773462554244,24.88888888888889
20.0,6,64.0,721.1416388707404,0.0,0.0,0.5,0.5,0.5,0.0,0.0,5,0,0,5,0,0.013866901397705,0.0,1.0,0.0,0.0,0.0,0.0,0.0,1.0,0.0,0.0,0.0,0.0,0.0,1.0,1.0,630,54,72,63.0,9.486832980505138,63.0,0.0013896942138671,10,0.9306225862829386,81.0
20.0,6,64.0,1103.12555888696,0.0,0.0,0.5,0.5,0.5,0.0,0.0,5,0,0,5,0,0.0090651512145996,0.0,1.0,0.0,0.0,0.0,0.0,0.0,1.0,0.0,0.0,0.0,0.0,0.0,1.0,1.0,636,54,74,63.6,10.145606602531627,63.6,0.0009090185165405,10,0.9308909443056071,92.64
20.0,6,64.0,740.1408177310346,0.0,0.0,0.5,0.5,0.5,0.0,0.0,5,0,0,5,0,0.0135109424591064,0.0,1.0,0.0,0.0,0.0,0.0,0.0,1.0,0.0,0.0,0.0,0.0,0.0,1.0,1.0,640,54,74,64.0,10.540925533894598,64.0,0.001353096961975,10,0.9310519814254872,100.0
20.0,6,64.0,483.4653910437439,0.0,0.0,0.7,0.3,0.3,0.0,0.0,3,0,0,7,0,0.020684003829956,0.0,1.0,0.0,0.0,0.0,0.0,0.0,1.0,0.0,0.0,0.0,0.0,0.0,1.0,1.0,700,54,84,70.0,14.298407059684813,70.0,0.0020715951919555,10,0.9325826290998332,184.0
20.0,6,64.0,579.5078547052241,0.0,0.0,0.8,0.2,0.2,0.0,0.0,2,0,0,8,0,0.0172560214996337,0.0,1.0,0.0,0.0,0.0,0.0,0.0,1.0,0.0,0.0,0.0,0.0,0.0,1.0,1.0,784,54,86,78.4,12.88582339023954,78.4,0.0017292022705078,10,0.932007199016248,225.0
20.0,6,64.0,1089.5711131315754,0.0,0.0,0.5,0.5,0.5,0.0,0.0,5,0,0,5,0,0.0091779232025146,0.0,1.0,0.0,0.0,0.0,0.0,0.0,1.0,0.0,0.0,0.0,0.0,0.0,1.0,1.0,700,54,86,70.0,16.865480854231357,70.0,0.0011384010314941,10,0.9336283522807796,256.0
20.0,6,64.0,534.2994356759787,0.0,0.0,0.6,0.4,0.4,0.0,0.0,4,0,0,6,0,0.0187160968780517,0.0,1.0,0.0,0.0,0.0,0.0,0.0,1.0,0.0,0.0,0.0,0.0,0.0,1.0,1.0,676,54,86,67.6,13.42634226685238,67.6,0.0021729946136474,10,0.932227384785825,256.0
20.0,6,64.0,902.2919221254168,0.0,0.0,0.6,0.4,0.4,0.0,0.0,4,0,0,6,0,0.0110828876495361,0.0,1.0,0.0,0.0,0.0,0.0,0.0,1.0,0.0,0.0,0.0,0.0,0.0,1.0,1.0,590,54,64,59.0,5.270462766947299,59.0,0.0011117935180664,10,0.9289050057127436,25.0
20.0,6,64.0,989.1060016507488,0.0,0.0,0.5,0.5,0.5,0.0,0.0,5,0,0,5,0,0.0101101398468017,0.0,1.0,0.0,0.0,0.0,0.0,0.0,1.0,0.0,0.0,0.0,0.0,0.0,1.0,1.0,598,54,66,59.8,6.142746399887703,59.8,0.0012190103530883,10,0.9292603391734584,33.959999999999994
20.0,6,64.0,1128.6540013992787,0.0,0.0,0.5,0.5,0.5,0.0,0.0,5,0,0,5,0,0.0088601112365722,0.0,1.0,0.0,0.0,0.0,0.0,0.0,1.0,0.0,0.0,0.0,0.0,0.0,1.0,1.0,600,54,66,60.0,6.324555320336759,60.0,0.0011852025985717,10,0.9293344008552924,36.0
20.0,6,64.0,675.5309314049188,0.0,0.0,0.5,0.5,0.5,0.0,0.0,5,0,0,5,0,0.0148031711578369,0.0,1.0,0.0,0.0,0.0,0.0,0.0,1.0,0.0,0.0,0.0,0.0,0.0,1.0,1.0,592,54,66,59.2,5.513619500836088,59.2,0.0016036033630371,10,0.9290040580398606,36.0
20.0,6,64.0,1087.5370135089584,0.0,0.0,0.5,0.5,0.5,0.0,0.0,5,0,0,5,0,0.0091950893402099,0.0,1.0,0.0,0.0,0.0,0.0,0.0,1.0,0.0,0.0,0.0,0.0,0.0,1.0,1.0,590,54,64,59.0,5.270462766947299,59.0,0.0011353015899658,10,0.9289050057127436,25.0
20.0,6,64.0,1263.6110023197662,0.0,0.0,0.5,0.5,0.5,0.0,0.0,5,0,0,5,0,0.0079138278961181,0.0,1.0,0.0,0.0,0.0,0.0,0.0,1.0,0.0,0.0,0.0,0.0,0.0,1.0,1.0,598,54,66,59.8,6.142746399887703,59.8,0.0009848833084106,10,0.9292603391734584,33.959999999999994
20.0,6,64.0,1044.398406374502,0.0,0.0,0.5,0.5,0.5,0.0,0.0,5,0,0,5,0,0.0095748901367187,0.0,1.0,0.0,0.0,0.0,0.0,0.0,1.0,0.0,0.0,0.0,0.0,0.0,1.0,1.0,600,54,66,60.0,6.324555320336759,60.0,0.0011831045150756,10,0.9293344008552924,36.0
20.0,6,64.0,591.6803972463605,0.0,0.0,0.5,0.5,0.5,0.0,0.0,5,0,0,5,0,0.0169010162353515,0.0,1.0,0.0,0.0,0.0,0.0,0.0,1.0,0.0,0.0,0.0,0.0,0.0,1.0,1.0,592,54,66,59.2,5.513619500836088,59.2,0.0018173933029174,10,0.9290040580398606,36.0
20.0,6,64.0,967.2095007494524,0.0,0.0,0.5,0.5,0.5,0.0,0.0,5,0,0,5,0,0.0103390216827392,0.0,1.0,0.0,0.0,0.0,0.0,0.0,1.0,0.0,0.0,0.0,0.0,0.0,1.0,1.0,590,54,64,59.0,5.270462766947299,59.0,0.0012956142425537,10,0.9289050057127436,25.0
20.0,6,64.0,1219.5225772686304,0.0,0.0,0.5,0.5,0.5,0.0,0.0,5,0,0,5,0,0.00819993019104,0.0,1.0,0.0,0.0,0.0,0.0,0.0,1.0,0.0,0.0,0.0,0.0,0.0,1.0,1.0,598,54,66,59.8,6.142746399887703,59.8,0.0010164976119995,10,0.9292603391734584,33.959999999999994
20.0,6,64.0,1025.0009775171063,0.0,0.0,0.5,0.5,0.5,0.0,0.0,5,0,0,5,0,0.0097560882568359,0.0,1.0,0.0,0.0,0.0,0.0,0.0,1.0,0.0,0.0,0.0,0.0,0.0,1.0,1.0,600,54,66,60.0,6.324555320336759,60.0,0.0012753963470458,10,0.9293344008552924,36.0
20.0,6,64.0,506.6624790113912,0.0,0.0,0.9,0.1,0.1,0.0,0.0,1,0,0,9,0,0.0197370052337646,0.0,1.0,0.0,0.0,0.0,0.0,0.0,1.0,0.0,0.0,0.0,0.0,0.0,1.0,1.0,648,54,66,64.8,3.794733192202056,64.8,0.0022609949111938,10,0.9283038525131756,36.0
20.0,6,64.0,472.1613832853026,0.0,0.0,1.0,0.0,0.0,0.0,0.0,0,0,0,10,0,0.02117919921875,0.0,1.0,0.0,0.0,0.0,0.0,0.0,1.0,0.0,0.0,0.0,0.0,0.0,1.0,1.0,676,66,68,67.6,0.8432740427115678,67.6,0.0023393154144287,10,0.0,1.0
20.0,6,64.0,336.5080791386531,0.0,0.0,1.0,0.0,0.0,0.0,0.0,0,0,0,10,0,0.0297169685363769,0.0,1.0,0.0,0.0,0.0,0.0,0.0,1.0,0.0,0.0,0.0,0.0,0.0,1.0,1.0,648,64,68,64.8,1.686548085423136,64.8,0.0031942844390869,10,0.910403762228078,4.0
20.0,6,64.0,512.0812628957232,0.0,0.0,1.0,0.0,0.0,0.0,0.0,0,0,0,10,0,0.0195281505584716,0.0,1.0,0.0,0.0,0.0,0.0,0.0,1.0,0.0,0.0,0.0,0.0,0.0,1.0,1.0,656,64,66,65.6,0.8432740427115678,65.6,0.0021190166473388,10,0.0,1.0
20.0,6,64.0,313.9613602509113,0.0,0.0,0.6,0.4,0.4,0.0,0.0,4,0,0,6,0,0.031851053237915,0.0,1.0,0.0,0.0,0.0,0.0,0.0,1.0,0.0,0.0,0.0,0.0,0.0,1.0,1.0,614,54,66,61.4,5.168279318217149,61.4,0.0033754825592041,10,0.9288633802630688,25.876543209876544
20.0,6,64.0,1995.1974122348015,0.0,0.0,0.6,0.4,0.4,0.0,0.0,4,0,0,6,0,0.005012035369873,0.0,1.0,0.0,0.0,0.0,0.0,0.0,1.0,0.0,0.0,0.0,0.0,0.0,1.0,1.0,590,54,64,59.0,5.270462766947299,59.0,0.0005056142807006,10,0.9289050057127436,25.0
20.0,6,64.0,977.69324009324,0.0,0.0,0.6,0.4,0.4,0.0,0.0,4,0,0,6,0,0.010228157043457,0.0,1.0,0.0,0.0,0.0,0.0,0.0,1.0,0.0,0.0,0.0,0.0,0.0,1.0,1.0,612,54,66,61.2,6.196773353931867,61.2,0.0010246992111206,10,0.9292823475934576,36.0
20.0,6,64.0,591.0550568606175,0.0,0.0,0.6,0.4,0.4,0.0,0.0,4,0,0,6,0,0.0169188976287841,0.0,1.0,0.0,0.0,0.0,0.0,0.0,1.0,0.0,0.0,0.0,0.0,0.0,1.0,1.0,608,54,66,60.8,5.902918298980975,60.8,0.0019899845123291,10,0.9291626427982728,36.0
20.0,6,64.0,911.745755711584,0.0,0.0,0.5,0.5,0.5,0.0,0.0,5,0,0,5,0,0.0109679698944091,0.0,1.0,0.0,0.0,0.0,0.0,0.0,1.0,0.0,0.0,0.0,0.0,0.0,1.0,1.0,590,54,64,59.0,5.270462766947299,59.0,0.0014142990112304,10,0.9289050057127436,25.0
20.0,6,64.0,988.3368679014092,0.0,0.0,0.5,0.5,0.5,0.0,0.0,5,0,0,5,0,0.0101180076599121,0.0,1.0,0.0,0.0,0.0,0.0,0.0,1.0,0.0,0.0,0.0,0.0,0.0,1.0,1.0,594,54,66,59.4,5.738757124441959,59.4,0.0010135173797607,10,0.9290957701022128,29.64
20.0,6,64.0,779.0022658890829,0.0,0.0,0.5,0.5,0.5,0.0,0.0,5,0,0,5,0,0.0128369331359863,0.0,1.0,0.0,0.0,0.0,0.0,0.0,1.0,0.0,0.0,0.0,0.0,0.0,1.0,1.0,612,54,66,61.2,6.196773353931867,61.2,0.0014684915542602,10,0.9292823475934576,36.0
20.0,6,64.0,398.1228643025287,0.0,0.0,0.8,0.2,0.2,0.0,0.0,2,0,0,8,0,0.0251178741455078,0.0,1.0,0.0,0.0,0.0,0.0,0.0,1.0,0.0,0.0,0.0,0.0,0.0,1.0,1.0,614,54,66,61.4,5.168279318217149,61.4,0.0025147914886474,10,0.9288633802630688,36.0
20.0,6,64.0,835.6185998326494,0.0,0.0,1.0,0.0,0.0,0.0,0.0,0,0,0,10,0,0.0119671821594238,0.0,1.0,0.0,0.0,0.0,0.0,0.0,1.0,0.0,0.0,0.0,0.0,0.0,1.0,1.0,650,64,66,65.0,1.0540925533894598,65.0,0.0014072179794311,10,0.9101461251425488,1.0
20.0,6,64.0,338.3976893163152,0.0,0.0,1.0,0.0,0.0,0.0,0.0,0,0,0,10,0,0.0295510292053222,0.0,1.0,0.0,0.0,0.0,0.0,0.0,1.0,0.0,0.0,0.0,0.0,0.0,1.0,1.0,760,66,86,76.0,10.540925533894598,76.0,0.0031610012054443,10,0.9106024214254872,100.0
20.0,6,64.0,517.2788712939667,0.0,0.0,1.0,0.0,0.0,0.0,0.0,0,0,0,10,0,0.019331932067871,0.0,1.0,0.0,0.0,0.0,0.0,0.0,1.0,0.0,0.0,0.0,0.0,0.0,1.0,1.0,870,86,88,87.0,1.0540925533894598,87.0,0.0021712779998779,10,0.8726552651425488,1.0
20.0,6,64.0,371.1806299170789,0.0,0.0,1.0,0.0,0.0,0.0,0.0,0,0,0,10,0,0.0269410610198974,0.0,1.0,0.0,0.0,0.0,0.0,0.0,1.0,0.0,0.0,0.0,0.0,0.0,1.0,1.0,760,64,88,76.0,12.649110640673518,76.0,0.0029550075531005,10,0.9148694717105847,144.0
20.0,6,64.0,499.22681394020185,0.0,0.0,1.0,0.0,0.0,0.0,0.0,0,0,0,10,0,0.0200309753417968,0.0,1.0,0.0,0.0,0.0,0.0,0.0,1.0,0.0,0.0,0.0,0.0,0.0,1.0,1.0,650,64,66,65.0,1.0540925533894598,65.0,0.0022778034210205,10,0.9101461251425488,1.0
20.0,6,64.0,402.89943613536593,0.0,0.0,0.7,0.3,0.3,0.0,0.0,3,0,0,7,0,0.0248200893402099,0.0,1.0,0.0,0.0,0.0,0.0,0.0,1.0,0.0,0.0,0.0,0.0,0.0,1.0,1.0,636,54,66,63.6,5.059644256269407,63.6,0.0027775049209594,10,0.928819126684234,24.88888888888889
20.0,6,64.0,943.7490718448348,0.0,0.0,0.6,0.4,0.4,0.0,0.0,4,0,0,6,0,0.0105960369110107,0.0,1.0,0.0,0.0,0.0,0.0,0.0,1.0,0.0,0.0,0.0,0.0,0.0,1.0,1.0,600,54,66,60.0,6.324555320336759,60.0,0.0010617017745971,10,0.9293344008552924,36.0
20.0,6,64.0,1089.797593992777,0.0,0.0,0.5,0.5,0.5,0.0,0.0,5,0,0,5,0,0.0091760158538818,0.0,1.0,0.0,0.0,0.0,0.0,0.0,1.0,0.0,0.0,0.0,0.0,0.0,1.0,1.0,603,54,67,60.3,6.65081448646204,60.3,0.0011659860610961,10,0.9294673057892052,39.81
20.0,6,64.0,1060.6676107626947,0.0,0.0,0.5,0.5,0.5,0.0,0.0,5,0,0,5,0,0.0094280242919921,0.0,1.0,0.0,0.0,0.0,0.0,0.0,1.0,0.0,0.0,0.0,0.0,0.0,1.0,1.0,605,54,67,60.5,6.851601597031489,60.5,0.0012161016464233,10,0.9295490984265669,42.25
20.0,6,64.0,595.4857670192376,0.0,0.0,0.6,0.4,0.4,0.0,0.0,4,0,0,6,0,0.0167930126190185,0.0,1.0,0.0,0.0,0.0,0.0,0.0,1.0,0.0,0.0,0.0,0.0,0.0,1.0,1.0,626,54,67,62.6,5.94792213951879,62.6,0.0018928050994873,10,0.9291809755627544,42.25
20.0,6,64.0,322.46513415853,0.0,0.0,0.8,0.2,0.2,0.0,0.0,2,0,0,8,0,0.0310111045837402,0.0,1.0,0.0,0.0,0.0,0.0,0.0,1.0,0.0,0.0,0.0,0.0,0.0,1.0,1.0,628,54,68,62.8,6.124631508189787,62.8,0.0031031131744384,10,0.9292529598911762,36.0
20.0,6,64.0,6640.759974667511,0.0,0.0,0.6,0.4,0.4,0.0,0.0,4,0,0,6,0,0.0015058517456054,0.0,1.0,0.0,0.0,0.0,0.0,0.0,1.0,0.0,0.0,0.0,0.0,0.0,1.0,1.0,638,54,68,63.8,6.762642481555072,63.8,0.0001537799835205,10,0.9295128600412864,47.04
20.0,6,64.0,365.4275209534928,0.0,0.0,1.0,0.0,0.0,0.0,0.0,0,0,0,10,0,0.0273652076721191,0.0,1.0,0.0,0.0,0.0,0.0,0.0,1.0,0.0,0.0,0.0,0.0,0.0,1.0,1.0,634,54,68,63.4,3.5339622081862854,63.4,0.0027381181716918,10,0.9281976248451268,49.0
20.0,6,64.0,454.4011093777085,0.0,0.0,1.0,0.0,0.0,0.0,0.0,0,0,0,10,0,0.0220069885253906,0.0,1.0,0.0,0.0,0.0,0.0,0.0,1.0,0.0,0.0,0.0,0.0,0.0,1.0,1.0,656,64,66,65.6,0.8432740427115678,65.6,0.00242919921875,10,0.0,1.0
20.0,6,64.0,560.5409884264827,0.0,0.0,0.6,0.4,0.4,0.0,0.0,4,0,0,6,0,0.0178399085998535,0.0,1.0,0.0,0.0,0.0,0.0,0.0,1.0,0.0,0.0,0.0,0.0,0.0,1.0,1.0,624,54,66,62.4,5.796550698475775,62.4,0.00205979347229,10,0.9291193128925312,32.0
20.0,6,64.0,968.3259840701836,0.0,0.0,0.5,0.5,0.5,0.0,0.0,5,0,0,5,0,0.0103271007537841,0.0,1.0,0.0,0.0,0.0,0.0,0.0,1.0,0.0,0.0,0.0,0.0,0.0,1.0,1.0,600,54,66,60.0,6.324555320336759,60.0,0.0010359048843383,10,0.9293344008552924,36.0
20.0,6,64.0,876.4976072555535,0.0,0.0,0.6,0.4,0.4,0.0,0.0,4,0,0,6,0,0.011409044265747,0.0,1.0,0.0,0.0,0.0,0.0,0.0,1.0,0.0,0.0,0.0,0.0,0.0,1.0,1.0,610,54,68,61.0,7.378647873726218,61.0,0.0011427879333496,10,0.9297637959978412,49.0
20.0,6,64.0,513.0270561182053,0.0,0.0,0.5,0.5,0.5,0.0,0.0,5,0,0,5,0,0.0194921493530273,0.0,1.0,0.0,0.0,0.0,0.0,0.0,1.0,0.0,0.0,0.0,0.0,0.0,1.0,1.0,722,54,166,72.2,33.684153874221366,72.2,0.0021422147750854,10,0.9404796069222028,1021.16
20.0,6,64.0,942.9428295227176,0.0,0.0,0.5,0.5,0.5,0.0,0.0,5,0,0,5,0,0.0106050968170166,0.0,1.0,0.0,0.0,0.0,0.0,0.0,1.0,0.0,0.0,0.0,0.0,0.0,1.0,1.0,1100,54,166,110.0,59.02918298980975,110.0,0.0010648965835571,10,0.9508041579827288,3136.0
20.0,6,64.0,963.6761327083908,0.0,0.0,0.5,0.5,0.5,0.0,0.0,5,0,0,5,0,0.0103769302368164,0.0,1.0,0.0,0.0,0.0,0.0,0.0,1.0,0.0,0.0,0.0,0.0,0.0,1.0,1.0,1102,54,168,110.2,59.24300239972088,110.2,0.0010403871536254,10,0.9508912594575504,3158.76
20.0,6,64.0,737.136028119508,0.0,0.0,0.6,0.4,0.4,0.0,0.0,4,0,0,6,0,0.0135660171508789,0.0,1.0,0.0,0.0,0.0,0.0,0.0,1.0,0.0,0.0,0.0,0.0,0.0,1.0,1.0,1224,54,168,122.4,58.86934686235274,122.4,0.0013586044311523,10,0.950739047137848,3249.0
20.0,6,64.0,418.0091688259917,0.0,0.0,0.8,0.2,0.2,0.0,0.0,2,0,0,8,0,0.0239229202270507,0.0,1.0,0.0,0.0,0.0,0.0,0.0,1.0,0.0,0.0,0.0,0.0,0.0,1.0,1.0,930,54,168,93.0,52.01922721455981,93.0,0.0023943901062011,10,0.9479485823981232,3249.0
20.0,6,64.0,519.9722304869582,0.0,0.0,1.0,0.0,0.0,0.0,0.0,0,0,0,10,0,0.0192317962646484,0.0,1.0,0.0,0.0,0.0,0.0,0.0,1.0,0.0,0.0,0.0,0.0,0.0,1.0,1.0,668,66,68,66.8,1.0327955589886444,66.8,0.0021353006362915,10,0.9067291895989096,0.96
20.0,6,64.0,349.5632026802904,0.0,0.0,1.0,0.0,0.0,0.0,0.0,0,0,0,10,0,0.0286071300506591,0.0,1.0,0.0,0.0,0.0,0.0,0.0,1.0,0.0,0.0,0.0,0.0,0.0,1.0,1.0,664,64,68,66.4,2.065591117977289,66.4,0.0030628204345703,10,0.9105581691978192,3.84
20.0,6,64.0,767.4566347068726,0.0,0.0,0.7,0.3,0.3,0.0,0.0,3,0,0,7,0,0.0130300521850585,0.0,1.0,0.0,0.0,0.0,0.0,0.0,1.0,0.0,0.0,0.0,0.0,0.0,1.0,1.0,612,54,66,61.2,5.00666222813829,61.2,0.0015410900115966,10,0.9287975439252544,25.0
20.0,6,64.0,752.2740561384629,0.0,0.0,0.7,0.3,0.3,0.0,0.0,3,0,0,7,0,0.0132930278778076,0.0,1.0,0.0,0.0,0.0,0.0,0.0,1.0,0.0,0.0,0.0,0.0,0.0,1.0,1.0,624,54,66,62.4,5.796550698475775,62.4,0.0015619039535522,10,0.9291193128925312,36.0
20.0,6,64.0,501.2014100495907,0.0,0.0,0.5,0.5,0.5,0.0,0.0,5,0,0,5,0,0.0199520587921142,0.0,1.0,0.0,0.0,0.0,0.0,0.0,1.0,0.0,0.0,0.0,0.0,0.0,1.0,1.0,604,54,66,60.4,5.561774297230456,60.4,0.0022156000137329,10,0.9290236743777198,32.0
20.0,6,64.0,822.5093148213515,0.0,0.0,0.6,0.4,0.4,0.0,0.0,4,0,0,6,0,0.012157917022705,0.0,1.0,0.0,0.0,0.0,0.0,0.0,1.0,0.0,0.0,0.0,0.0,0.0,1.0,1.0,590,54,64,59.0,5.270462766947299,59.0,0.0012178897857666,10,0.9289050057127436,25.0
20.0,6,64.0,1002.8941705322558,0.0,0.0,0.5,0.5,0.5,0.0,0.0,5,0,0,5,0,0.0099711418151855,0.0,1.0,0.0,0.0,0.0,0.0,0.0,1.0,0.0,0.0,0.0,0.0,0.0,1.0,1.0,598,54,66,59.8,6.142746399887703,59.8,0.0012230157852172,10,0.9292603391734584,33.959999999999994
20.0,6,64.0,643.7523406084047,0.0,0.0,0.6,0.4,0.4,0.0,0.0,4,0,0,6,0,0.0155339241027832,0.0,1.0,0.0,0.0,0.0,0.0,0.0,1.0,0.0,0.0,0.0,0.0,0.0,1.0,1.0,624,54,66,62.4,5.796550698475775,62.4,0.0019650936126708,10,0.9291193128925312,36.0
20.0,6,64.0,957.75671911036,0.0,0.0,0.5,0.5,0.5,0.0,0.0,5,0,0,5,0,0.0104410648345947,0.0,1.0,0.0,0.0,0.0,0.0,0.0,1.0,0.0,0.0,0.0,0.0,0.0,1.0,1.0,600,54,66,60.0,6.324555320336759,60.0,0.0010487079620361,10,0.9293344008552924,36.0
20.0,6,64.0,842.0437252815643,0.0,0.0,0.5,0.5,0.5,0.0,0.0,5,0,0,5,0,0.0118758678436279,0.0,1.0,0.0,0.0,0.0,0.0,0.0,1.0,0.0,0.0,0.0,0.0,0.0,1.0,1.0,602,54,68,60.2,6.562519841239848,60.2,0.0011896848678588,10,0.9294313380825274,38.76
20.0,6,64.0,871.2359270491463,0.0,0.0,0.6,0.4,0.4,0.0,0.0,4,0,0,6,0,0.0114779472351074,0.0,1.0,0.0,0.0,0.0,0.0,0.0,1.0,0.0,0.0,0.0,0.0,0.0,1.0,1.0,610,54,68,61.0,7.378647873726218,61.0,0.0011497020721435,10,0.9297637959978412,49.0
20.0,6,64.0,566.4763242483996,0.0,0.0,0.6,0.4,0.4,0.0,0.0,4,0,0,6,0,0.0176529884338378,0.0,1.0,0.0,0.0,0.0,0.0,0.0,1.0,0.0,0.0,0.0,0.0,0.0,1.0,1.0,616,54,68,61.6,6.719788356455548,61.6,0.0020172119140625,10,0.9294954029848858,49.0
20.0,6,64.0,521.7574762402348,0.0,0.0,1.0,0.0,0.0,0.0,0.0,0,0,0,10,0,0.0191659927368164,0.0,1.0,0.0,0.0,0.0,0.0,0.0,1.0,0.0,0.0,0.0,0.0,0.0,1.0,1.0,644,64,66,64.4,0.8432740427115678,64.4,0.0021339893341064,10,0.0,0.64
20.0,6,64.0,350.4833210776121,0.0,0.0,1.0,0.0,0.0,0.0,0.0,0,0,0,10,0,0.0285320281982421,0.0,1.0,0.0,0.0,0.0,0.0,0.0,1.0,0.0,0.0,0.0,0.0,0.0,1.0,1.0,708,66,90,70.8,10.119288512538814,70.8,0.0030538082122802,10,0.910430663368468,92.16
20.0,6,64.0,699.5870167128131,0.0,0.0,0.8,0.2,0.2,0.0,0.0,2,0,0,8,0,0.014294147491455,0.0,1.0,0.0,0.0,0.0,0.0,0.0,1.0,0.0,0.0,0.0,0.0,0.0,1.0,1.0,828,54,90,82.8,15.178932768808222,82.8,0.001606798171997,10,0.9329413200527016,288.0
20.0,6,64.0,592.5246161018266,0.0,0.0,1.0,0.0,0.0,0.0,0.0,0,0,0,10,0,0.0168769359588623,0.0,1.0,0.0,0.0,0.0,0.0,0.0,1.0,0.0,0.0,0.0,0.0,0.0,1.0,1.0,920,92,92,92.0,0.0,92.0,0.0019640922546386,10,0.0,0.0
20.0,6,64.0,1345.7515962396124,0.0,0.0,0.5,0.5,0.5,0.0,0.0,5,0,0,5,0,0.0074307918548583,0.0,1.0,0.0,0.0,0.0,0.0,0.0,1.0,0.0,0.0,0.0,0.0,0.0,1.0,1.0,590,54,64,59.0,5.270462766947299,59.0,0.0021472930908203,10,0.9289050057127436,25.0
20.0,6,64.0,1219.061791547986,0.0,0.0,0.5,0.5,0.5,0.0,0.0,5,0,0,5,0,0.0082030296325683,0.0,1.0,0.0,0.0,0.0,0.0,0.0,1.0,0.0,0.0,0.0,0.0,0.0,1.0,1.0,590,54,64,59.0,5.270462766947299,59.0,0.001162314414978,10,0.9289050057127436,25.0
20.0,6,64.0,1630.5656416436652,0.0,0.0,0.5,0.5,0.5,0.0,0.0,5,0,0,5,0,0.0061328411102294,0.0,1.0,0.0,0.0,0.0,0.0,0.0,1.0,0.0,0.0,0.0,0.0,0.0,1.0,1.0,600,54,66,60.0,6.324555320336759,60.0,0.0009734869003295,10,0.9293344008552924,36.0
20.0,6,64.0,474.8824202076469,0.0,0.0,0.6,0.4,0.4,0.0,0.0,4,0,0,6,0,0.0210578441619873,0.0,1.0,0.0,0.0,0.0,0.0,0.0,1.0,0.0,0.0,0.0,0.0,0.0,1.0,1.0,612,54,66,61.2,6.196773353931867,61.2,0.0023277997970581,10,0.9292823475934576,35.55555555555556
20.0,6,64.0,530.7297321236508,0.0,0.0,1.0,0.0,0.0,0.0,0.0,0,0,0,10,0,0.0188419818878173,0.0,1.0,0.0,0.0,0.0,0.0,0.0,1.0,0.0,0.0,0.0,0.0,0.0,1.0,1.0,662,66,68,66.2,0.6324555320336759,66.2,0.002107810974121,10,0.0,0.36
20.0,6,64.0,335.4450282716316,0.0,0.0,1.0,0.0,0.0,0.0,0.0,0,0,0,10,0,0.029811143875122,0.0,1.0,0.0,0.0,0.0,0.0,0.0,1.0,0.0,0.0,0.0,0.0,0.0,1.0,1.0,678,66,68,67.8,0.6324555320336759,67.8,0.0032242059707641,10,0.0,0.36
20.0,6,64.0,493.4591402150639,0.0,0.0,1.0,0.0,0.0,0.0,0.0,0,0,0,10,0,0.0202651023864746,0.0,1.0,0.0,0.0,0.0,0.0,0.0,1.0,0.0,0.0,0.0,0.0,0.0,1.0,1.0,662,66,68,66.2,0.6324555320336759,66.2,0.0020292997360229,10,0.0,0.36
20.0,6,64.0,344.3288372971242,0.0,0.0,1.0,0.0,0.0,0.0,0.0,0,0,0,10,0,0.0290420055389404,0.0,1.0,0.0,0.0,0.0,0.0,0.0,1.0,0.0,0.0,0.0,0.0,0.0,1.0,1.0,681,68,69,68.1,0.3162277660168379,68.1,0.0031630992889404,10,0.0,0.09
20.0,6,64.0,601.8343568845778,0.0,0.0,1.0,0.0,0.0,0.0,0.0,0,0,0,10,0,0.016615867614746,0.0,1.0,0.0,0.0,0.0,0.0,0.0,1.0,0.0,0.0,0.0,0.0,0.0,1.0,1.0,692,69,71,69.2,0.6324555320336759,69.2,0.0020327806472778,10,0.0,0.36
20.0,6,64.0,353.5439495599986,0.0,0.0,0.9,0.1,0.1,0.0,0.0,1,0,0,9,0,0.0282850265502929,0.0,1.0,0.0,0.0,0.0,0.0,0.0,1.0,0.0,0.0,0.0,0.0,0.0,1.0,1.0,715,71,76,71.5,1.5811388300841898,71.5,0.0029948234558105,10,0.898431912713823,2.25
20.0,6,64.0,691.8553708102402,0.0,0.0,0.7,0.3,0.3,0.0,0.0,3,0,0,7,0,0.0144538879394531,0.0,1.0,0.0,0.0,0.0,0.0,0.0,1.0,0.0,0.0,0.0,0.0,0.0,1.0,1.0,672,54,76,67.2,11.36075114887509,67.2,0.001449179649353,10,0.9313859455880058,121.0
20.0,6,64.0,896.7744970173826,0.0,0.0,0.5,0.5,0.5,0.0,0.0,5,0,0,5,0,0.0111510753631591,0.0,1.0,0.0,0.0,0.0,0.0,0.0,1.0,0.0,0.0,0.0,0.0,0.0,1.0,1.0,678,54,78,67.8,11.905180945005974,67.8,0.0013075113296508,10,0.9316077245097576,128.88888888888889
20.0,6,64.0,954.2919548598472,0.0,0.0,0.5,0.5,0.5,0.0,0.0,5,0,0,5,0,0.0104789733886718,0.0,1.0,0.0,0.0,0.0,0.0,0.0,1.0,0.0,0.0,0.0,0.0,0.0,1.0,1.0,660,54,78,66.0,12.649110640673518,66.0,0.0010496854782104,10,0.9319107717105848,144.0
20.0,6,64.0,479.5682597758976,0.0,0.0,0.6,0.4,0.4,0.0,0.0,4,0,0,6,0,0.0208520889282226,0.0,1.0,0.0,0.0,0.0,0.0,0.0,1.0,0.0,0.0,0.0,0.0,0.0,1.0,1.0,624,54,78,62.4,9.879271228182777,62.4,0.0020876169204711,10,0.9307824499275126,144.0
20.0,6,64.0,865.9655208010736,0.0,0.0,0.6,0.4,0.4,0.0,0.0,4,0,0,6,0,0.0115478038787841,0.0,1.0,0.0,0.0,0.0,0.0,0.0,1.0,0.0,0.0,0.0,0.0,0.0,1.0,1.0,612,54,66,61.2,6.196773353931867,61.2,0.0011561870574951,10,0.9292823475934576,36.0
20.0,6,64.0,1287.030593144926,0.0,0.0,0.5,0.5,0.5,0.0,0.0,5,0,0,5,0,0.0077698230743408,0.0,1.0,0.0,0.0,0.0,0.0,0.0,1.0,0.0,0.0,0.0,0.0,0.0,1.0,1.0,608,54,68,60.8,7.192588778272627,60.8,0.0010334968566894,10,0.9296880029647172,46.56
20.0,6,64.0,816.1235965987586,0.0,0.0,0.5,0.5,0.5,0.0,0.0,5,0,0,5,0,0.0122530460357666,0.0,1.0,0.0,0.0,0.0,0.0,0.0,1.0,0.0,0.0,0.0,0.0,0.0,1.0,1.0,624,54,68,62.4,7.229568912920511,62.4,0.0015294075012207,10,0.9297030671923672,48.39506172839506
20.0,6,64.0,388.2105107273097,0.0,0.0,1.0,0.0,0.0,0.0,0.0,0,0,0,10,0,0.025759220123291,0.0,1.0,0.0,0.0,0.0,0.0,0.0,1.0,0.0,0.0,0.0,0.0,0.0,1.0,1.0,648,54,66,64.8,3.794733192202056,64.8,0.0025776147842407,10,0.9283038525131756,36.0
20.0,6,64.0,471.5880368787947,0.0,0.0,1.0,0.0,0.0,0.0,0.0,0,0,0,10,0,0.0212049484252929,0.0,1.0,0.0,0.0,0.0,0.0,0.0,1.0,0.0,0.0,0.0,0.0,0.0,1.0,1.0,678,66,68,67.8,0.6324555320336757,67.8,0.002317190170288,10,0.0,1.0
20.0,6,64.0,375.09425862994095,0.0,0.0,1.0,0.0,0.0,0.0,0.0,0,0,0,10,0,0.0266599655151367,0.0,1.0,0.0,0.0,0.0,0.0,0.0,1.0,0.0,0.0,0.0,0.0,0.0,1.0,1.0,662,66,68,66.2,0.6324555320336757,66.2,0.0027755975723266,10,0.0,1.0
20.0,6,64.0,496.00927141353577,0.0,0.0,1.0,0.0,0.0,0.0,0.0,0,0,0,10,0,0.0201609134674072,0.0,1.0,0.0,0.0,0.0,0.0,0.0,1.0,0.0,0.0,0.0,0.0,0.0,1.0,1.0,678,66,68,67.8,0.6324555320336757,67.8,0.0022985935211181,10,0.0,1.0
20.0,6,64.0,533.0432351371273,0.0,0.0,0.6,0.4,0.4,0.0,0.0,4,0,0,6,0,0.0187602043151855,0.0,1.0,0.0,0.0,0.0,0.0,0.0,1.0,0.0,0.0,0.0,0.0,0.0,1.0,1.0,604,54,68,60.4,5.641118880348314,60.4,0.0019996166229248,10,0.9290559961870988,34.666666666666664
20.0,6,64.0,680.539979231568,0.0,0.0,0.7,0.3,0.3,0.0,0.0,3,0,0,7,0,0.0146942138671875,0.0,1.0,0.0,0.0,0.0,0.0,0.0,1.0,0.0,0.0,0.0,0.0,0.0,1.0,1.0,626,54,66,62.6,4.623610902506587,62.6,0.0016824007034301,10,0.9286415041372452,19.950617283950617
20.0,6,64.0,655.7390991667057,0.0,0.0,0.7,0.3,0.3,0.0,0.0,3,0,0,7,0,0.0152499675750732,0.0,1.0,0.0,0.0,0.0,0.0,0.0,1.0,0.0,0.0,0.0,0.0,0.0,1.0,1.0,612,54,66,61.2,6.196773353931867,61.2,0.0015259981155395,10,0.9292823475934576,36.0
20.0,6,64.0,454.8988644621108,0.0,0.0,0.7,0.3,0.3,0.0,0.0,3,0,0,7,0,0.0219829082489013,0.0,1.0,0.0,0.0,0.0,0.0,0.0,1.0,0.0,0.0,0.0,0.0,0.0,1.0,1.0,624,54,66,62.4,5.796550698475775,62.4,0.0023021936416625,10,0.9291193128925312,30.24
20.0,6,64.0,883.2345013477089,0.0,0.0,0.5,0.5,0.5,0.0,0.0,5,0,0,5,0,0.011322021484375,0.0,1.0,0.0,0.0,0.0,0.0,0.0,1.0,0.0,0.0,0.0,0.0,0.0,1.0,1.0,616,54,68,61.6,6.586180818788516,61.6,0.001314902305603,10,0.9294409766183416,39.04
20.0,6,64.0,810.3682522508598,0.0,0.0,0.7,0.3,0.3,0.0,0.0,3,0,0,7,0,0.0123400688171386,0.0,1.0,0.0,0.0,0.0,0.0,0.0,1.0,0.0,0.0,0.0,0.0,0.0,1.0,1.0,624,54,68,62.4,7.229568912920511,62.4,0.0012363910675048,10,0.9297030671923672,49.0
20.0,6,64.0,357.9093600935241,0.0,0.0,0.9,0.1,0.1,0.0,0.0,1,0,0,9,0,0.027940034866333,0.0,1.0,0.0,0.0,0.0,0.0,0.0,1.0,0.0,0.0,0.0,0.0,0.0,1.0,1.0,652,54,68,65.2,4.0221608343995605,65.2,0.0030378103256225,10,0.928396497437501,43.55555555555557
20.0,6,64.0,523.124048990995,0.0,0.0,1.0,0.0,0.0,0.0,0.0,0,0,0,10,0,0.019115924835205,0.0,1.0,0.0,0.0,0.0,0.0,0.0,1.0,0.0,0.0,0.0,0.0,0.0,1.0,1.0,674,66,68,67.4,0.9660917830792958,67.4,0.0021222829818725,10,0.0,1.0
20.0,6,64.0,470.07643511980814,0.0,0.0,0.6,0.4,0.4,0.0,0.0,4,0,0,6,0,0.021273136138916,0.0,1.0,0.0,0.0,0.0,0.0,0.0,1.0,0.0,0.0,0.0,0.0,0.0,1.0,1.0,630,54,68,63.0,6.27162924074226,63.0,0.0024210214614868,10,0.9293128408875088,38.22222222222222
20.0,6,64.0,648.6304589879995,0.0,0.0,0.6,0.4,0.4,0.0,0.0,4,0,0,6,0,0.0154170989990234,0.0,1.0,0.0,0.0,0.0,0.0,0.0,1.0,0.0,0.0,0.0,0.0,0.0,1.0,1.0,612,54,66,61.2,6.196773353931867,61.2,0.0015455961227416,10,0.9292823475934576,36.0
20.0,6,64.0,608.0463902580458,0.0,0.0,0.7,0.3,0.3,0.0,0.0,3,0,0,7,0,0.0164461135864257,0.0,1.0,0.0,0.0,0.0,0.0,0.0,1.0,0.0,0.0,0.0,0.0,0.0,1.0,1.0,624,54,68,62.4,7.229568912920511,62.4,0.0016474962234497,10,0.9297030671923672,49.0
20.0,6,64.0,724.7928942957369,0.0,0.0,0.7,0.3,0.3,0.0,0.0,3,0,0,7,0,0.0137970447540283,0.0,1.0,0.0,0.0,0.0,0.0,0.0,1.0,0.0,0.0,0.0,0.0,0.0,1.0,1.0,632,54,68,63.2,6.408327915038888,63.2,0.0015701055526733,10,0.9293685264594702,43.55555555555557
20.0,6,64.0,581.9360388484217,0.0,0.0,0.9,0.1,0.1,0.0,0.0,1,0,0,9,0,0.0171840190887451,0.0,1.0,0.0,0.0,0.0,0.0,0.0,1.0,0.0,0.0,0.0,0.0,0.0,1.0,1.0,652,54,68,65.2,4.022160834399561,65.2,0.0019680023193359,10,0.928396497437501,36.0
20.0,6,64.0,670.5521982414069,0.0,0.0,0.7,0.3,0.3,0.0,0.0,3,0,0,7,0,0.0149130821228027,0.0,1.0,0.0,0.0,0.0,0.0,0.0,1.0,0.0,0.0,0.0,0.0,0.0,1.0,1.0,652,54,68,65.2,5.902918298980975,65.2,0.0017036914825439,10,0.9291626427982728,49.0
20.0,6,64.0,425.4246330800986,0.0,0.0,0.6,0.4,0.4,0.0,0.0,4,0,0,6,0,0.0235059261322021,0.0,1.0,0.0,0.0,0.0,0.0,0.0,1.0,0.0,0.0,0.0,0.0,0.0,1.0,1.0,7560,54,1224,756.0,604.1854020083571,756.0,0.0023535966873168,10,1.0,342225.0
20.0,6,64.0,493.1168510528234,0.0,0.0,0.7,0.3,0.3,0.0,0.0,3,0,0,7,0,0.0202791690826416,0.0,1.0,0.0,0.0,0.0,0.0,0.0,1.0,0.0,0.0,0.0,0.0,0.0,1.0,1.0,7562,54,1225,756.2,604.3576571681522,756.2,0.0020296096801757,10,1.0,342225.0
20.0,6,64.0,2886.055184751944,0.0,0.0,0.7,0.3,0.3,0.0,0.0,3,0,0,7,0,0.003464937210083,0.0,1.0,0.0,0.0,0.0,0.0,0.0,1.0,0.0,0.0,0.0,0.0,0.0,1.0,1.0,8737,54,1225,873.7,565.6467389929278,873.7,0.0003480911254882,10,1.0,304720.22222222225
20.0,6,64.0,332.9552598990252,0.0,0.0,0.9,0.1,0.1,0.0,0.0,1,0,0,9,0,0.030034065246582,0.0,1.0,0.0,0.0,0.0,0.0,0.0,1.0,0.0,0.0,0.0,0.0,0.0,1.0,1.0,1807,54,1225,180.7,366.94899736430233,180.7,0.0032597064971923,10,1.0,335820.25
20.0,6,64.0,532.3936939910132,0.0,0.0,0.9,0.1,0.1,0.0,0.0,1,0,0,9,0,0.0187830924987792,0.0,1.0,0.0,0.0,0.0,0.0,0.0,1.0,0.0,0.0,0.0,0.0,0.0,1.0,1.0,676,66,68,67.6,0.8432740427115678,67.6,0.0020951986312866,10,0.0,1.0
20.0,6,64.0,499.9766360710454,0.0,0.0,0.6,0.4,0.4,0.0,0.0,4,0,0,6,0,0.02000093460083,0.0,1.0,0.0,0.0,0.0,0.0,0.0,1.0,0.0,0.0,0.0,0.0,0.0,1.0,1.0,616,54,68,61.6,6.586180818788517,61.6,0.002003788948059,10,0.9294409766183416,49.0
20.0,6,64.0,874.9617205916098,0.0,0.0,0.6,0.4,0.4,0.0,0.0,4,0,0,6,0,0.0114290714263916,0.0,1.0,0.0,0.0,0.0,0.0,0.0,1.0,0.0,0.0,0.0,0.0,0.0,1.0,1.0,600,54,66,60.0,6.324555320336759,60.0,0.0011448144912719,10,0.9293344008552924,36.0
20.0,6,64.0,948.3153587013046,0.0,0.0,0.5,0.5,0.5,0.0,0.0,5,0,0,5,0,0.010545015335083,0.0,1.0,0.0,0.0,0.0,0.0,0.0,1.0,0.0,0.0,0.0,0.0,0.0,1.0,1.0,612,54,66,61.2,6.196773353931867,61.2,0.001268982887268,10,0.9292823475934576,36.0
20.0,6,64.0,700.3229199712812,0.0,0.0,0.6,0.4,0.4,0.0,0.0,4,0,0,6,0,0.0142791271209716,0.0,1.0,0.0,0.0,0.0,0.0,0.0,1.0,0.0,0.0,0.0,0.0,0.0,1.0,1.0,600,54,66,60.0,6.324555320336759,60.0,0.0014298200607299,10,0.9293344008552924,36.0
20.0,6,64.0,587.3717230562402,0.0,0.0,0.6,0.4,0.4,0.0,0.0,4,0,0,6,0,0.0170249938964843,0.0,1.0,0.0,0.0,0.0,0.0,0.0,1.0,0.0,0.0,0.0,0.0,0.0,1.0,1.0,624,54,66,62.4,5.796550698475775,62.4,0.0025699853897094,10,0.9291193128925312,36.0
20.0,6,64.0,721.3897010766743,0.0,0.0,0.6,0.4,0.4,0.0,0.0,4,0,0,6,0,0.013862133026123,0.0,1.0,0.0,0.0,0.0,0.0,0.0,1.0,0.0,0.0,0.0,0.0,0.0,1.0,1.0,612,54,66,61.2,6.196773353931867,61.2,0.00138840675354,10,0.9292823475934576,36.0
20.0,6,64.0,801.7862058418718,0.0,0.0,0.6,0.4,0.4,0.0,0.0,4,0,0,6,0,0.0124721527099609,0.0,1.0,0.0,0.0,0.0,0.0,0.0,1.0,0.0,0.0,0.0,0.0,0.0,1.0,1.0,612,54,66,61.2,6.196773353931867,61.2,0.0012500047683715,10,0.9292823475934576,36.0
20.0,6,64.0,738.7719730862719,0.0,0.0,0.5,0.5,0.5,0.0,0.0,5,0,0,5,0,0.0135359764099121,0.0,1.0,0.0,0.0,0.0,0.0,0.0,1.0,0.0,0.0,0.0,0.0,0.0,1.0,1.0,600,54,66,60.0,6.324555320336759,60.0,0.0013556003570556,10,0.9293344008552924,36.0
20.0,6,64.0,532.5626928400015,0.0,0.0,0.6,0.4,0.4,0.0,0.0,4,0,0,6,0,0.0187771320343017,0.0,1.0,0.0,0.0,0.0,0.0,0.0,1.0,0.0,0.0,0.0,0.0,0.0,1.0,1.0,600,54,66,60.0,6.324555320336759,60.0,0.001879596710205,10,0.9293344008552924,36.0
20.0,6,64.0,3706.197755588937,0.0,0.0,0.5,0.5,0.5,0.0,0.0,5,0,0,5,0,0.0026981830596923,0.0,1.0,0.0,0.0,0.0,0.0,0.0,1.0,0.0,0.0,0.0,0.0,0.0,1.0,1.0,600,54,66,60.0,6.324555320336759,60.0,0.0003113031387329,10,0.9293344008552924,36.0
20.0,6,64.0,870.3139460087565,0.0,0.0,0.5,0.5,0.5,0.0,0.0,5,0,0,5,0,0.0114901065826416,0.0,1.0,0.0,0.0,0.0,0.0,0.0,1.0,0.0,0.0,0.0,0.0,0.0,1.0,1.0,612,54,66,61.2,6.196773353931867,61.2,0.0014662027359008,10,0.9292823475934576,36.0
20.0,6,64.0,400.7705243846507,0.0,0.0,1.0,0.0,0.0,0.0,0.0,0,0,0,10,0,0.0249519348144531,0.0,1.0,0.0,0.0,0.0,0.0,0.0,1.0,0.0,0.0,0.0,0.0,0.0,1.0,1.0,648,54,66,64.8,3.794733192202056,64.8,0.0024977922439575,10,0.9283038525131756,36.0
20.0,6,64.0,508.7766712357016,0.0,0.0,1.0,0.0,0.0,0.0,0.0,0,0,0,10,0,0.0196549892425537,0.0,1.0,0.0,0.0,0.0,0.0,0.0,1.0,0.0,0.0,0.0,0.0,0.0,1.0,1.0,669,66,67,66.9,0.316227766016838,66.9,0.0022001981735229,10,0.0,0.25
20.0,6,64.0,901.554929819659,0.0,0.0,0.5,0.5,0.5,0.0,0.0,5,0,0,5,0,0.0110919475555419,0.0,1.0,0.0,0.0,0.0,0.0,0.0,1.0,0.0,0.0,0.0,0.0,0.0,1.0,1.0,613,54,67,61.3,6.290204024248075,61.3,0.0021888971328735,10,0.9293204075113176,36.85714285714285
20.0,6,64.0,904.003276073884,0.0,0.0,0.6,0.4,0.4,0.0,0.0,4,0,0,6,0,0.0110619068145751,0.0,1.0,0.0,0.0,0.0,0.0,0.0,1.0,0.0,0.0,0.0,0.0,0.0,1.0,1.0,600,54,66,60.0,6.324555320336759,60.0,0.001108694076538,10,0.9293344008552924,36.0
20.0,6,64.0,1178.9700921969868,0.0,0.0,0.5,0.5,0.5,0.0,0.0,5,0,0,5,0,0.0084819793701171,0.0,1.0,0.0,0.0,0.0,0.0,0.0,1.0,0.0,0.0,0.0,0.0,0.0,1.0,1.0,600,54,66,60.0,6.324555320336759,60.0,0.0010395050048828,10,0.9293344008552924,36.0
20.0,6,64.0,522.277232654281,0.0,0.0,0.6,0.4,0.4,0.0,0.0,4,0,0,6,0,0.0191469192504882,0.0,1.0,0.0,0.0,0.0,0.0,0.0,1.0,0.0,0.0,0.0,0.0,0.0,1.0,1.0,610,54,66,61.0,6.055300708194984,61.0,0.0023184061050415,10,0.9292247172964904,36.0
20.0,6,64.0,505.892484531233,0.0,0.0,1.0,0.0,0.0,0.0,0.0,0,0,0,10,0,0.0197670459747314,0.0,1.0,0.0,0.0,0.0,0.0,0.0,1.0,0.0,0.0,0.0,0.0,0.0,1.0,1.0,642,64,66,64.2,0.6324555320336759,64.2,0.002091097831726,10,0.0,0.36
20.0,6,64.0,348.0692436640056,0.0,0.0,1.0,0.0,0.0,0.0,0.0,0,0,0,10,0,0.0287299156188964,0.0,1.0,0.0,0.0,0.0,0.0,0.0,1.0,0.0,0.0,0.0,0.0,0.0,1.0,1.0,1005,66,411,100.5,109.09857927580909,100.5,0.0030402898788452,10,0.9507508672537937,10712.25
20.0,6,64.0,682.2225113858166,0.0,0.0,0.6,0.4,0.4,0.0,0.0,4,0,0,6,0,0.014657974243164,0.0,1.0,0.0,0.0,0.0,0.0,0.0,1.0,0.0,0.0,0.0,0.0,0.0,1.0,1.0,3039,54,411,303.9,172.44738327965433,303.9,0.0016652107238769,10,0.9970061960528,31862.25
20.0,6,64.0,601.5063817582103,0.0,0.0,0.7,0.3,0.3,0.0,0.0,3,0,0,7,0,0.0166249275207519,0.0,1.0,0.0,0.0,0.0,0.0,0.0,1.0,0.0,0.0,0.0,0.0,0.0,1.0,1.0,3049,54,413,304.9,173.13928240324643,304.9,0.001665186882019,10,0.9972880480797864,31862.25
20.0,6,64.0,481.9764889741792,0.0,0.0,0.7,0.3,0.3,0.0,0.0,3,0,0,7,0,0.0207479000091552,0.0,1.0,0.0,0.0,0.0,0.0,0.0,1.0,0.0,0.0,0.0,0.0,0.0,1.0,1.0,2347,54,413,234.7,187.97875175431693,234.7,0.0020775079727172,10,1.0,32220.25
20.0,6,64.0,771.7210671573137,0.0,0.0,0.7,0.3,0.3,0.0,0.0,3,0,0,7,0,0.0129580497741699,0.0,1.0,0.0,0.0,0.0,0.0,0.0,1.0,0.0,0.0,0.0,0.0,0.0,1.0,1.0,624,54,66,62.4,5.796550698475776,62.4,0.0014429092407226,10,0.9291193128925312,36.0
20.0,6,64.0,1131.7298507865412,0.0,0.0,0.6,0.4,0.4,0.0,0.0,4,0,0,6,0,0.008836030960083,0.0,1.0,0.0,0.0,0.0,0.0,0.0,1.0,0.0,0.0,0.0,0.0,0.0,1.0,1.0,620,54,68,62.0,6.928203230275509,62.0,0.001220703125,10,0.9295803028678852,43.55555555555556
20.0,6,64.0,337.78994757145506,0.0,0.0,0.7,0.3,0.3,0.0,0.0,3,0,0,7,0,0.0296041965484619,0.0,1.0,0.0,0.0,0.0,0.0,0.0,1.0,0.0,0.0,0.0,0.0,0.0,1.0,1.0,636,54,68,63.6,6.65331997326648,63.6,0.0031162023544311,10,0.92946832642431,43.55555555555556
20.0,6,64.0,1001.0988853617204,0.0,0.0,0.9,0.1,0.1,0.0,0.0,1,0,0,9,0,0.0099890232086181,0.0,1.0,0.0,0.0,0.0,0.0,0.0,1.0,0.0,0.0,0.0,0.0,0.0,1.0,1.0,648,54,66,64.8,3.794733192202055,64.8,0.0010018825531005,10,0.9283038525131756,14.22222222222222
20.0,6,64.0,494.58799113249376,0.0,0.0,0.9,0.1,0.1,0.0,0.0,1,0,0,9,0,0.0202188491821289,0.0,1.0,0.0,0.0,0.0,0.0,0.0,1.0,0.0,0.0,0.0,0.0,0.0,1.0,1.0,666,54,68,66.6,4.42718872423573,66.6,0.0023170948028564,10,0.9285614895987048,36.75
20.0,6,64.0,368.21532978078994,0.0,0.0,1.0,0.0,0.0,0.0,0.0,0,0,0,10,0,0.0271580219268798,0.0,1.0,0.0,0.0,0.0,0.0,0.0,1.0,0.0,0.0,0.0,0.0,0.0,1.0,1.0,743,68,75,74.3,2.213594362117865,74.3,0.0028922080993652,10,0.9038019397993524,12.25
20.0,6,64.0,510.8028059236165,0.0,0.0,1.0,0.0,0.0,0.0,0.0,0,0,0,10,0,0.0195770263671875,0.0,1.0,0.0,0.0,0.0,0.0,0.0,1.0,0.0,0.0,0.0,0.0,0.0,1.0,1.0,768,75,77,76.8,0.6324555320336757,76.8,0.0022019147872924,10,0.0,1.0
20.0,6,64.0,352.5839995292496,0.0,0.0,1.0,0.0,0.0,0.0,0.0,0,0,0,10,0,0.0283620357513427,0.0,1.0,0.0,0.0,0.0,0.0,0.0,1.0,0.0,0.0,0.0,0.0,0.0,1.0,1.0,671,66,77,67.1,3.4785054261852184,67.1,0.0030783891677856,10,0.9077254739704108,30.25
20.0,6,64.0,529.8849093550629,0.0,0.0,1.0,0.0,0.0,0.0,0.0,0,0,0,10,0,0.0188720226287841,0.0,1.0,0.0,0.0,0.0,0.0,0.0,1.0,0.0,0.0,0.0,0.0,0.0,1.0,1.0,678,66,68,67.8,0.6324555320336757,67.8,0.001965594291687,10,0.0,1.0
20.0,6,64.0,437.90106700632685,0.0,0.0,0.5,0.5,0.5,0.0,0.0,5,0,0,5,0,0.0228362083435058,0.0,1.0,0.0,0.0,0.0,0.0,0.0,1.0,0.0,0.0,0.0,0.0,0.0,1.0,1.0,609,54,68,60.9,6.00832755431992,60.9,0.0026069164276123,10,0.9292055823125278,36.22222222222222
20.0,6,64.0,956.3808828894564,0.0,0.0,0.5,0.5,0.5,0.0,0.0,5,0,0,5,0,0.0104560852050781,0.0,1.0,0.0,0.0,0.0,0.0,0.0,1.0,0.0,0.0,0.0,0.0,0.0,1.0,1.0,595,54,65,59.5,5.797509043642029,59.5,0.0010490894317626,10,0.929119703284018,30.25
20.0,6,64.0,729.4949213858355,0.0,0.0,0.5,0.5,0.5,0.0,0.0,5,0,0,5,0,0.0137081146240234,0.0,1.0,0.0,0.0,0.0,0.0,0.0,1.0,0.0,0.0,0.0,0.0,0.0,1.0,1.0,605,54,67,60.5,6.851601597031489,60.5,0.0013735055923461,10,0.9295490984265669,42.25
20.0,6,64.0,882.3055240018512,0.0,0.0,0.5,0.5,0.5,0.0,0.0,5,0,0,5,0,0.01133394241333,0.0,1.0,0.0,0.0,0.0,0.0,0.0,1.0,0.0,0.0,0.0,0.0,0.0,1.0,1.0,605,54,67,60.5,6.851601597031489,60.5,0.0011361837387084,10,0.9295490984265669,42.25
20.0,6,64.0,794.6014966373023,0.0,0.0,0.6,0.4,0.4,0.0,0.0,4,0,0,6,0,0.0125849246978759,0.0,1.0,0.0,0.0,0.0,0.0,0.0,1.0,0.0,0.0,0.0,0.0,0.0,1.0,1.0,600,54,66,60.0,6.324555320336759,60.0,0.0012609004974365,10,0.9293344008552924,36.0
20.0,6,64.0,674.2170069120721,0.0,0.0,0.7,0.3,0.3,0.0,0.0,3,0,0,7,0,0.0148320198059082,0.0,1.0,0.0,0.0,0.0,0.0,0.0,1.0,0.0,0.0,0.0,0.0,0.0,1.0,1.0,642,54,68,64.2,5.4528280124476085,64.2,0.0016100168228149,10,0.9289792940191508,36.0
20.0,6,64.0,369.2071512195981,0.0,0.0,0.9,0.1,0.1,0.0,0.0,1,0,0,9,0,0.0270850658416748,0.0,1.0,0.0,0.0,0.0,0.0,0.0,1.0,0.0,0.0,0.0,0.0,0.0,1.0,1.0,1968,54,1384,196.8,417.1801635850977,196.8,0.0027108907699584,10,1.0,171521.77777777775
20.0,6,64.0,576.9966433720355,0.0,0.0,0.8,0.2,0.2,0.0,0.0,2,0,0,8,0,0.0173311233520507,0.0,1.0,0.0,0.0,0.0,0.0,0.0,1.0,0.0,0.0,0.0,0.0,0.0,1.0,1.0,11180,54,1384,1118.0,560.7772384031927,1118.0,0.0019499063491821,10,1.0,305735.8024691358
20.0,6,64.0,874.0500552232896,0.0,0.0,0.5,0.5,0.5,0.0,0.0,5,0,0,5,0,0.0114409923553466,0.0,1.0,0.0,0.0,0.0,0.0,0.0,1.0,0.0,0.0,0.0,0.0,0.0,1.0,1.0,8525,54,1385,852.5,687.2394455759619,852.5,0.0012980937957763,10,1.0,442723.984375
20.0,6,64.0,509.06072117777,0.0,0.0,0.7,0.3,0.3,0.0,0.0,3,0,0,7,0,0.019644021987915,0.0,1.0,0.0,0.0,0.0,0.0,0.0,1.0,0.0,0.0,0.0,0.0,0.0,1.0,1.0,7205,54,1385,720.5,700.4508468757025,720.5,0.0019665956497192,10,1.0,442890.25
20.0,6,64.0,932.3990752267472,0.0,0.0,0.5,0.5,0.5,0.0,0.0,5,0,0,5,0,0.0107250213623046,0.0,1.0,0.0,0.0,0.0,0.0,0.0,1.0,0.0,0.0,0.0,0.0,0.0,1.0,1.0,600,54,64,60.0,5.163977794943222,60.0,0.0013107061386108,10,0.928861627994548,25.0
20.0,6,64.0,780.8876973488234,0.0,0.0,0.6,0.4,0.4,0.0,0.0,4,0,0,6,0,0.0128059387207031,0.0,1.0,0.0,0.0,0.0,0.0,0.0,1.0,0.0,0.0,0.0,0.0,0.0,1.0,1.0,606,54,66,60.6,5.738757124441958,60.6,0.0012847900390625,10,0.9290957701022128,29.64
20.0,6,64.0,592.8009723831868,0.0,0.0,0.6,0.4,0.4,0.0,0.0,4,0,0,6,0,0.0168690681457519,0.0,1.0,0.0,0.0,0.0,0.0,0.0,1.0,0.0,0.0,0.0,0.0,0.0,1.0,1.0,612,54,66,61.2,6.196773353931867,61.2,0.0016898155212402,10,0.9292823475934576,36.0
20.0,6,64.0,641.02703611438,0.0,0.0,0.6,0.4,0.4,0.0,0.0,4,0,0,6,0,0.0155999660491943,0.0,1.0,0.0,0.0,0.0,0.0,0.0,1.0,0.0,0.0,0.0,0.0,0.0,1.0,1.0,600,54,66,60.0,6.324555320336759,60.0,0.0015640974044799,10,0.9293344008552924,36.0
20.0,6,64.0,867.6853058606922,0.0,0.0,0.6,0.4,0.4,0.0,0.0,4,0,0,6,0,0.0115249156951904,0.0,1.0,0.0,0.0,0.0,0.0,0.0,1.0,0.0,0.0,0.0,0.0,0.0,1.0,1.0,626,54,68,62.6,5.966573556070519,62.6,0.0013360977172851,10,0.9291885734038008,34.56
20.0,6,64.0,716.4851383669286,0.0,0.0,0.7,0.3,0.3,0.0,0.0,3,0,0,7,0,0.0139570236206054,0.0,1.0,0.0,0.0,0.0,0.0,0.0,1.0,0.0,0.0,0.0,0.0,0.0,1.0,1.0,624,54,68,62.4,7.229568912920511,62.4,0.0013982057571411,10,0.9297030671923672,49.0
20.0,6,64.0,403.01557560558456,0.0,0.0,0.8,0.2,0.2,0.0,0.0,2,0,0,8,0,0.0248129367828369,0.0,1.0,0.0,0.0,0.0,0.0,0.0,1.0,0.0,0.0,0.0,0.0,0.0,1.0,1.0,632,54,68,63.2,5.181162460726786,63.2,0.0027990818023681,10,0.9288686283400016,49.0
20.0,6,64.0,447.0872151278061,0.0,0.0,1.0,0.0,0.0,0.0,0.0,0,0,0,10,0,0.0223670005798339,0.0,1.0,0.0,0.0,0.0,0.0,0.0,1.0,0.0,0.0,0.0,0.0,0.0,1.0,1.0,650,64,66,65.0,1.0540925533894598,65.0,0.0024990081787109,10,0.9101461251425488,1.0
20.0,6,64.0,930.3103027614504,0.0,0.0,0.7,0.3,0.3,0.0,0.0,3,0,0,7,0,0.0107491016387939,0.0,1.0,0.0,0.0,0.0,0.0,0.0,1.0,0.0,0.0,0.0,0.0,0.0,1.0,1.0,636,54,66,63.6,5.059644256269407,63.6,0.0021227121353149,10,0.928819126684234,24.88888888888889
20.0,6,64.0,765.062838589643,0.0,0.0,0.7,0.3,0.3,0.0,0.0,3,0,0,7,0,0.0130708217620849,0.0,1.0,0.0,0.0,0.0,0.0,0.0,1.0,0.0,0.0,0.0,0.0,0.0,1.0,1.0,612,54,66,61.2,6.196773353931867,61.2,0.0013091802597045,10,0.9292823475934576,36.0
20.0,6,64.0,611.5839664046894,0.0,0.0,0.8,0.2,0.2,0.0,0.0,2,0,0,8,0,0.0163509845733642,0.0,1.0,0.0,0.0,0.0,0.0,0.0,1.0,0.0,0.0,0.0,0.0,0.0,1.0,1.0,650,54,68,65.0,5.830951894845301,65.0,0.0018930196762084,10,0.929133326563884,38.22222222222222
20.0,6,64.0,520.2108474828532,0.0,0.0,0.5,0.5,0.5,0.0,0.0,5,0,0,5,0,0.0192229747772216,0.0,1.0,0.0,0.0,0.0,0.0,0.0,1.0,0.0,0.0,0.0,0.0,0.0,1.0,1.0,4092,54,1224,409.2,562.298615802434,409.2,0.0020880937576293,10,1.0,284561.75999999995
20.0,6,64.0,748.3948326315038,0.0,0.0,0.5,0.5,0.5,0.0,0.0,5,0,0,5,0,0.0133619308471679,0.0,1.0,0.0,0.0,0.0,0.0,0.0,1.0,0.0,0.0,0.0,0.0,0.0,1.0,1.0,6390,54,1224,639.0,616.644143732834,639.0,0.0013378858566284,10,1.0,342225.0
20.0,6,64.0,1091.5844264001666,0.0,0.0,0.5,0.5,0.5,0.0,0.0,5,0,0,5,0,0.0091609954833984,0.0,1.0,0.0,0.0,0.0,0.0,0.0,1.0,0.0,0.0,0.0,0.0,0.0,1.0,1.0,6396,54,1226,639.6,617.2770312698614,639.6,0.0009435176849365,10,1.0,342927.84
20.0,6,64.0,846.5987122297802,0.0,0.0,0.5,0.5,0.5,0.0,0.0,5,0,0,5,0,0.0118119716644287,0.0,1.0,0.0,0.0,0.0,0.0,0.0,1.0,0.0,0.0,0.0,0.0,0.0,1.0,1.0,6400,54,1226,640.0,617.6982362862234,640.0,0.0011827945709228,10,1.0,343396.0
20.0,6,64.0,589.6590797261391,0.0,0.0,0.6,0.4,0.4,0.0,0.0,4,0,0,6,0,0.0169589519500732,0.0,1.0,0.0,0.0,0.0,0.0,0.0,1.0,0.0,0.0,0.0,0.0,0.0,1.0,1.0,2956,54,1226,295.6,490.4861986958564,295.6,0.0016978025436401,10,1.0,343396.0
20.0,6,64.0,864.6801492568082,0.0,0.0,0.5,0.5,0.5,0.0,0.0,5,0,0,5,0,0.0115649700164794,0.0,1.0,0.0,0.0,0.0,0.0,0.0,1.0,0.0,0.0,0.0,0.0,0.0,1.0,1.0,684,54,78,68.4,12.393546707863734,68.4,0.0013309001922607,10,0.9318066651869154,144.0
20.0,6,64.0,531.9480519480519,0.0,0.0,0.5,0.5,0.5,0.0,0.0,5,0,0,5,0,0.018798828125,0.0,1.0,0.0,0.0,0.0,0.0,0.0,1.0,0.0,0.0,0.0,0.0,0.0,1.0,1.0,668,54,80,66.8,13.505554412907305,66.8,0.0018823862075805,10,0.932259652645642,164.16
20.0,6,64.0,2800.496761701276,0.0,0.0,0.5,0.5,0.5,0.0,0.0,5,0,0,5,0,0.0035707950592041,0.0,1.0,0.0,0.0,0.0,0.0,0.0,1.0,0.0,0.0,0.0,0.0,0.0,1.0,1.0,670,54,80,67.0,13.703203194062976,67.0,0.0003618001937866,10,0.9323401668531336,169.0
20.0,6,64.0,552.1218423789277,0.0,0.0,0.5,0.5,0.5,0.0,0.0,5,0,0,5,0,0.0181119441986084,0.0,1.0,0.0,0.0,0.0,0.0,0.0,1.0,0.0,0.0,0.0,0.0,0.0,1.0,1.0,614,54,80,61.4,8.846845012017937,61.4,0.0018131017684936,10,0.9303618807840957,169.0
20.0,6,64.0,753.1791409280276,0.0,0.0,0.6,0.4,0.4,0.0,0.0,4,0,0,6,0,0.0132770538330078,0.0,1.0,0.0,0.0,0.0,0.0,0.0,1.0,0.0,0.0,0.0,0.0,0.0,1.0,1.0,612,54,66,61.2,6.196773353931867,61.2,0.0013297080993652,10,0.9292823475934576,36.0
20.0,6,64.0,478.49047993885256,0.0,0.0,0.6,0.4,0.4,0.0,0.0,4,0,0,6,0,0.0208990573883056,0.0,1.0,0.0,0.0,0.0,0.0,0.0,1.0,0.0,0.0,0.0,0.0,0.0,1.0,1.0,624,54,68,62.4,7.229568912920511,62.4,0.0020915031433105,10,0.9297030671923672,49.0
20.0,6,64.0,534.0205240508263,0.0,0.0,0.7,0.3,0.3,0.0,0.0,3,0,0,7,0,0.0187258720397949,0.0,1.0,0.0,0.0,0.0,0.0,0.0,1.0,0.0,0.0,0.0,0.0,0.0,1.0,1.0,616,54,68,61.6,6.719788356455547,61.6,0.0018785953521728,10,0.9294954029848858,49.0
20.0,6,64.0,546.9238091512473,0.0,0.0,0.8,0.2,0.2,0.0,0.0,2,0,0,8,0,0.0182840824127197,0.0,1.0,0.0,0.0,0.0,0.0,0.0,1.0,0.0,0.0,0.0,0.0,0.0,1.0,1.0,620,54,64,62.0,4.216370213557839,62.0,0.0021263122558593,10,0.9284756105701948,20.40816326530612
20.0,6,64.0,660.5411194053356,0.0,0.0,0.8,0.2,0.2,0.0,0.0,2,0,0,8,0,0.015139102935791,0.0,1.0,0.0,0.0,0.0,0.0,0.0,1.0,0.0,0.0,0.0,0.0,0.0,1.0,1.0,636,54,66,63.6,5.059644256269407,63.6,0.0016048908233642,10,0.928819126684234,29.387755102040817
20.0,6,64.0,434.7284957660057,0.0,0.0,0.9,0.1,0.1,0.0,0.0,1,0,0,9,0,0.0230028629302978,0.0,1.0,0.0,0.0,0.0,0.0,0.0,1.0,0.0,0.0,0.0,0.0,0.0,1.0,1.0,2678,54,356,267.8,142.05304173676348,267.8,0.0025270938873291,10,0.984624757081888,21025.0
20.0,6,64.0,1055.5160178171477,0.0,0.0,0.7,0.3,0.3,0.0,0.0,3,0,0,7,0,0.0094740390777587,0.0,1.0,0.0,0.0,0.0,0.0,0.0,1.0,0.0,0.0,0.0,0.0,0.0,1.0,1.0,2662,54,358,266.2,146.43451323600823,266.2,0.0009488105773925,10,0.9864095933118204,20402.666666666668
20.0,6,64.0,461.8311146346029,0.0,0.0,0.6,0.4,0.4,0.0,0.0,4,0,0,6,0,0.0216529369354248,0.0,1.0,0.0,0.0,0.0,0.0,0.0,1.0,0.0,0.0,0.0,0.0,0.0,1.0,1.0,2810,54,500,281.0,162.65915283192643,281.0,0.0023948907852172,10,0.9930188624976136,23812.2
20.0,6,64.0,927.2048810681758,0.0,0.0,0.5,0.5,0.5,0.0,0.0,5,0,0,5,0,0.0107851028442382,0.0,1.0,0.0,0.0,0.0,0.0,0.0,1.0,0.0,0.0,0.0,0.0,0.0,1.0,1.0,2770,54,500,277.0,235.06263940584952,277.0,0.0010816097259521,10,1.0,49729.0
20.0,6,64.0,690.1364047716988,0.0,0.0,0.6,0.4,0.4,0.0,0.0,4,0,0,6,0,0.0144898891448974,0.0,1.0,0.0,0.0,0.0,0.0,0.0,1.0,0.0,0.0,0.0,0.0,0.0,1.0,1.0,3220,54,502,322.0,230.65895940881109,322.0,0.0014510869979858,10,1.0,49729.0
20.0,6,64.0,773.9996309282155,0.0,0.0,0.6,0.4,0.4,0.0,0.0,4,0,0,6,0,0.0129199028015136,0.0,1.0,0.0,0.0,0.0,0.0,0.0,1.0,0.0,0.0,0.0,0.0,0.0,1.0,1.0,3228,54,502,322.8,231.3462052134564,322.8,0.0012953996658325,10,1.0,50176.0
20.0,6,64.0,402.98072673468994,0.0,0.0,0.8,0.2,0.2,0.0,0.0,2,0,0,8,0,0.0248150825500488,0.0,1.0,0.0,0.0,0.0,0.0,0.0,1.0,0.0,0.0,0.0,0.0,0.0,1.0,1.0,1501,54,502,150.1,185.5624782474445,150.1,0.0024846076965332,10,1.0,50176.0
20.0,6,64.0,460.406586169045,0.0,0.0,1.0,0.0,0.0,0.0,0.0,0,0,0,10,0,0.0217199325561523,0.0,1.0,0.0,0.0,0.0,0.0,0.0,1.0,0.0,0.0,0.0,0.0,0.0,1.0,1.0,680,67,69,68.0,1.0540925533894598,68.0,0.0022083044052124,10,0.9050337351425488,1.0
20.0,6,64.0,428.19556317825896,0.0,0.0,0.9,0.1,0.1,0.0,0.0,1,0,0,9,0,0.0233538150787353,0.0,1.0,0.0,0.0,0.0,0.0,0.0,1.0,0.0,0.0,0.0,0.0,0.0,1.0,1.0,663,54,69,66.3,4.571651780264984,66.3,0.0026033878326416,10,0.9286203380692089,18.81
20.0,6,64.0,655.472659363328,0.0,0.0,0.7,0.3,0.3,0.0,0.0,3,0,0,7,0,0.0152561664581298,0.0,1.0,0.0,0.0,0.0,0.0,0.0,1.0,0.0,0.0,0.0,0.0,0.0,1.0,1.0,640,54,68,64.0,5.333333333333333,64.0,0.0017304182052612,10,0.9289306166666668,27.0
20.0,6,64.0,326.78644331904945,0.0,0.0,1.0,0.0,0.0,0.0,0.0,0,0,0,10,0,0.0306010246276855,0.0,1.0,0.0,0.0,0.0,0.0,0.0,1.0,0.0,0.0,0.0,0.0,0.0,1.0,1.0,721,54,123,72.1,18.417684738074737,72.1,0.0030625820159912,10,0.934260658054902,305.29
20.0,6,64.0,507.0238383056912,0.0,0.0,1.0,0.0,0.0,0.0,0.0,0,0,0,10,0,0.0197229385375976,0.0,1.0,0.0,0.0,0.0,0.0,0.0,1.0,0.0,0.0,0.0,0.0,0.0,1.0,1.0,1232,123,125,123.2,0.6324555320336759,123.2,0.0019757986068725,10,0.0,0.36
20.0,6,64.0,350.23748288185976,0.0,0.0,0.9,0.1,0.1,0.0,0.0,1,0,0,9,0,0.0285520553588867,0.0,1.0,0.0,0.0,0.0,0.0,0.0,1.0,0.0,0.0,0.0,0.0,0.0,1.0,1.0,1200,75,125,120.0,15.811388300841896,120.0,0.0028573036193847,10,0.8974122271382311,225.0
20.0,6,64.0,931.8811793196916,0.0,0.0,0.6,0.4,0.4,0.0,0.0,4,0,0,6,0,0.0107309818267822,0.0,1.0,0.0,0.0,0.0,0.0,0.0,1.0,0.0,0.0,0.0,0.0,0.0,1.0,1.0,645,54,75,64.5,11.067971810589327,64.5,0.001076602935791,10,0.9312666789967616,110.25
20.0,6,64.0,801.9241726096018,0.0,0.0,0.5,0.5,0.5,0.0,0.0,5,0,0,5,0,0.012470006942749,0.0,1.0,0.0,0.0,0.0,0.0,0.0,1.0,0.0,0.0,0.0,0.0,0.0,1.0,1.0,647,54,77,64.7,11.294541454466696,64.7,0.0014598131179809,10,0.9313589744068916,114.81000000000002
20.0,6,64.0,1084.9489122843322,0.0,0.0,0.5,0.5,0.5,0.0,0.0,5,0,0,5,0,0.0092170238494873,0.0,1.0,0.0,0.0,0.0,0.0,0.0,1.0,0.0,0.0,0.0,0.0,0.0,1.0,1.0,678,54,77,67.8,11.877148928369412,67.8,0.0009524822235107,10,0.9315963053874604,132.25
20.0,6,64.0,312.9400353654806,0.0,0.0,0.7,0.3,0.3,0.0,0.0,3,0,0,7,0,0.0319550037384033,0.0,1.0,0.0,0.0,0.0,0.0,0.0,1.0,0.0,0.0,0.0,0.0,0.0,1.0,1.0,645,54,77,64.5,10.0912503354804,64.5,0.003198504447937,10,0.9308688017366612,132.25
20.0,6,64.0,1327.8576629626111,0.0,0.0,0.9,0.1,0.1,0.0,0.0,1,0,0,9,0,0.007530927658081,0.0,1.0,0.0,0.0,0.0,0.0,0.0,1.0,0.0,0.0,0.0,0.0,0.0,1.0,1.0,652,54,68,65.2,4.022160834399561,65.2,0.0007549047470092,10,0.928396497437501,15.75
20.0,6,64.0,333.28862260222814,0.0,0.0,1.0,0.0,0.0,0.0,0.0,0,0,0,10,0,0.0300040245056152,0.0,1.0,0.0,0.0,0.0,0.0,0.0,1.0,0.0,0.0,0.0,0.0,0.0,1.0,1.0,676,66,68,67.6,0.8432740427115678,67.6,0.0032362937927246,10,0.0,0.64
20.0,6,64.0,520.8309843414337,0.0,0.0,1.0,0.0,0.0,0.0,0.0,0,0,0,10,0,0.0192000865936279,0.0,1.0,0.0,0.0,0.0,0.0,0.0,1.0,0.0,0.0,0.0,0.0,0.0,1.0,1.0,664,66,68,66.4,0.8432740427115678,66.4,0.0021206140518188,10,0.0,0.64
20.0,6,64.0,369.3306916743715,0.0,0.0,1.0,0.0,0.0,0.0,0.0,0,0,0,10,0,0.0270760059356689,0.0,1.0,0.0,0.0,0.0,0.0,0.0,1.0,0.0,0.0,0.0,0.0,0.0,1.0,1.0,676,66,68,67.6,0.8432740427115678,67.6,0.0030407905578613,10,0.0,0.64
20.0,6,64.0,574.4126871088347,0.0,0.0,0.9,0.1,0.1,0.0,0.0,1,0,0,9,0,0.0174090862274169,0.0,1.0,0.0,0.0,0.0,0.0,0.0,1.0,0.0,0.0,0.0,0.0,0.0,1.0,1.0,650,54,68,65.0,3.915780041490244,65.0,0.0019756078720092,10,0.9283531621577016,32.0
20.0,6,64.0,358.3956250534051,0.0,0.0,1.0,0.0,0.0,0.0,0.0,0,0,0,10,0,0.0279021263122558,0.0,1.0,0.0,0.0,0.0,0.0,0.0,1.0,0.0,0.0,0.0,0.0,0.0,1.0,1.0,751,68,139,75.1,22.45217138719549,75.1,0.0030216932296752,10,0.912046326536288,453.69000000000005
20.0,6,64.0,498.1062882251648,0.0,0.0,1.0,0.0,0.0,0.0,0.0,0,0,0,10,0,0.020076036453247,0.0,1.0,0.0,0.0,0.0,0.0,0.0,1.0,0.0,0.0,0.0,0.0,0.0,1.0,1.0,1392,139,141,139.2,0.6324555320336759,139.2,0.0022310972213745,10,0.0,0.36
20.0,6,64.0,371.36138263210086,0.0,0.0,1.0,0.0,0.0,0.0,0.0,0,0,0,10,0,0.0269279479980468,0.0,1.0,0.0,0.0,0.0,0.0,0.0,1.0,0.0,0.0,0.0,0.0,0.0,1.0,1.0,1334,65,141,133.4,24.03331021727968,133.4,0.002899694442749,10,0.9178028092501112,519.8399999999999
20.0,6,64.0,780.2630452981118,0.0,0.0,0.5,0.5,0.5,0.0,0.0,5,0,0,5,0,0.0128161907196044,0.0,1.0,0.0,0.0,0.0,0.0,0.0,1.0,0.0,0.0,0.0,0.0,0.0,1.0,1.0,606,54,65,60.6,5.680375574437545,60.6,0.0014772176742553,10,0.9290719877940028,30.25
20.0,6,64.0,717.7234381149575,0.0,0.0,0.6,0.4,0.4,0.0,0.0,4,0,0,6,0,0.0139329433441162,0.0,1.0,0.0,0.0,0.0,0.0,0.0,1.0,0.0,0.0,0.0,0.0,0.0,1.0,1.0,612,54,67,61.2,6.250333324444918,61.2,0.0013959884643554,10,0.929304165783046,35.16
20.0,6,64.0,868.5117925993416,0.0,0.0,0.5,0.5,0.5,0.0,0.0,5,0,0,5,0,0.0115139484405517,0.0,1.0,0.0,0.0,0.0,0.0,0.0,1.0,0.0,0.0,0.0,0.0,0.0,1.0,1.0,605,54,67,60.5,6.851601597031489,60.5,0.0011534929275512,10,0.9295490984265669,42.25
20.0,6,64.0,537.4556637621732,0.0,0.0,0.6,0.4,0.4,0.0,0.0,4,0,0,6,0,0.0186061859130859,0.0,1.0,0.0,0.0,0.0,0.0,0.0,1.0,0.0,0.0,0.0,0.0,0.0,1.0,1.0,614,54,67,61.4,6.380525927469546,61.4,0.0018637180328369,10,0.929357201041814,42.25
20.0,6,64.0,961.8198495688864,0.0,0.0,0.6,0.4,0.4,0.0,0.0,4,0,0,6,0,0.0103969573974609,0.0,1.0,0.0,0.0,0.0,0.0,0.0,1.0,0.0,0.0,0.0,0.0,0.0,1.0,1.0,600,54,66,60.0,6.324555320336759,60.0,0.0010429859161376,10,0.9293344008552924,36.0
20.0,6,64.0,766.166885868771,0.0,0.0,0.6,0.4,0.4,0.0,0.0,4,0,0,6,0,0.0130519866943359,0.0,1.0,0.0,0.0,0.0,0.0,0.0,1.0,0.0,0.0,0.0,0.0,0.0,1.0,1.0,630,54,67,63.0,6.2182527020592095,63.0,0.0015420913696289,10,0.9292910974207108,36.69135802469136
20.0,6,64.0,509.2214114876104,0.0,0.0,0.6,0.4,0.4,0.0,0.0,4,0,0,6,0,0.0196378231048584,0.0,1.0,0.0,0.0,0.0,0.0,0.0,1.0,0.0,0.0,0.0,0.0,0.0,1.0,1.0,602,54,67,60.2,6.596295256514153,60.2,0.0019654035568237,10,0.9294450968356937,42.25
20.0,6,64.0,1001.9837553750596,0.0,0.0,0.5,0.5,0.5,0.0,0.0,5,0,0,5,0,0.0099802017211914,0.0,1.0,0.0,0.0,0.0,0.0,0.0,1.0,0.0,0.0,0.0,0.0,0.0,1.0,1.0,600,54,64,60.0,5.163977794943222,60.0,0.0015791177749633,10,0.928861627994548,24.691358024691358
20.0,6,64.0,719.1139457531804,0.0,0.0,0.5,0.5,0.5,0.0,0.0,5,0,0,5,0,0.0139060020446777,0.0,1.0,0.0,0.0,0.0,0.0,0.0,1.0,0.0,0.0,0.0,0.0,0.0,1.0,1.0,594,54,66,59.4,5.738757124441959,59.4,0.0013928890228271,10,0.9290957701022128,29.64
20.0,6,64.0,973.4274043817304,0.0,0.0,0.5,0.5,0.5,0.0,0.0,5,0,0,5,0,0.0102729797363281,0.0,1.0,0.0,0.0,0.0,0.0,0.0,1.0,0.0,0.0,0.0,0.0,0.0,1.0,1.0,600,54,66,60.0,6.324555320336759,60.0,0.0010297060012817,10,0.9293344008552924,36.0
20.0,6,64.0,550.2314110300676,0.0,0.0,0.8,0.2,0.2,0.0,0.0,2,0,0,8,0,0.0181741714477539,0.0,1.0,0.0,0.0,0.0,0.0,0.0,1.0,0.0,0.0,0.0,0.0,0.0,1.0,1.0,616,54,66,61.6,5.316640543300503,61.6,0.0018202066421508,10,0.9289238166917188,36.0
20.0,6,64.0,534.4696467709873,0.0,0.0,1.0,0.0,0.0,0.0,0.0,0,0,0,10,0,0.0187101364135742,0.0,1.0,0.0,0.0,0.0,0.0,0.0,1.0,0.0,0.0,0.0,0.0,0.0,1.0,1.0,648,64,66,64.8,1.0327955589886444,64.8,0.0021126985549926,10,0.9101374495989096,0.96
20.0,6,64.0,343.5138411138411,0.0,0.0,0.8,0.2,0.2,0.0,0.0,2,0,0,8,0,0.0291109085083007,0.0,1.0,0.0,0.0,0.0,0.0,0.0,1.0,0.0,0.0,0.0,0.0,0.0,1.0,1.0,1792,54,644,179.2,245.02008987926772,179.2,0.0031252861022949,10,1.0,58099.65432098767
20.0,6,64.0,916.6675408689572,0.0,0.0,0.6,0.4,0.4,0.0,0.0,4,0,0,6,0,0.010909080505371,0.0,1.0,0.0,0.0,0.0,0.0,0.0,1.0,0.0,0.0,0.0,0.0,0.0,1.0,1.0,4080,54,644,408.0,304.67468990165014,408.0,0.0013805150985717,10,1.0,85248.97959183673
20.0,6,64.0,837.1697171713139,0.0,0.0,0.7,0.3,0.3,0.0,0.0,3,0,0,7,0,0.0119450092315673,0.0,1.0,0.0,0.0,0.0,0.0,0.0,1.0,0.0,0.0,0.0,0.0,0.0,1.0,1.0,4680,54,646,468.0,285.68825278225523,468.0,0.0014203786849975,10,1.0,87025.0
20.0,6,64.0,522.1666977902272,0.0,0.0,0.8,0.2,0.2,0.0,0.0,2,0,0,8,0,0.019150972366333,0.0,1.0,0.0,0.0,0.0,0.0,0.0,1.0,0.0,0.0,0.0,0.0,0.0,1.0,1.0,3536,54,646,353.6,308.2478079583229,353.6,0.0021682024002075,10,1.0,85515.04
20.0,6,64.0,547.945549081598,0.0,0.0,1.0,0.0,0.0,0.0,0.0,0,0,0,10,0,0.0182499885559082,0.0,1.0,0.0,0.0,0.0,0.0,0.0,1.0,0.0,0.0,0.0,0.0,0.0,1.0,1.0,666,66,68,66.6,0.966091783079296,66.6,0.0020524978637695,10,0.0,0.8400000000000001
20.0,6,64.0,388.2428517212333,0.0,0.0,0.8,0.2,0.2,0.0,0.0,2,0,0,8,0,0.0257570743560791,0.0,1.0,0.0,0.0,0.0,0.0,0.0,1.0,0.0,0.0,0.0,0.0,0.0,1.0,1.0,658,54,68,65.8,4.467164151400255,65.8,0.0029560089111328,10,0.9285777739887144,19.55555555555556
20.0,6,64.0,894.6894197952219,0.0,0.0,0.6,0.4,0.4,0.0,0.0,4,0,0,6,0,0.0111770629882812,0.0,1.0,0.0,0.0,0.0,0.0,0.0,1.0,0.0,0.0,0.0,0.0,0.0,1.0,1.0,590,54,64,59.0,5.270462766947299,59.0,0.0011188030242919,10,0.9289050057127436,25.0
20.0,6,64.0,735.030404990975,0.0,0.0,0.6,0.4,0.4,0.0,0.0,4,0,0,6,0,0.0136048793792724,0.0,1.0,0.0,0.0,0.0,0.0,0.0,1.0,0.0,0.0,0.0,0.0,0.0,1.0,1.0,606,54,66,60.6,5.738757124441958,60.6,0.0015934944152832,10,0.9290957701022128,29.64
20.0,6,64.0,756.4255441937636,0.0,0.0,0.6,0.4,0.4,0.0,0.0,4,0,0,6,0,0.0132200717926025,0.0,1.0,0.0,0.0,0.0,0.0,0.0,1.0,0.0,0.0,0.0,0.0,0.0,1.0,1.0,624,54,66,62.4,5.796550698475775,62.4,0.0013250112533569,10,0.9291193128925312,36.0
20.0,6,64.0,419.162136232811,0.0,0.0,1.0,0.0,0.0,0.0,0.0,0,0,0,10,0,0.0238571166992187,0.0,1.0,0.0,0.0,0.0,0.0,0.0,1.0,0.0,0.0,0.0,0.0,0.0,1.0,1.0,11070,54,1224,1107.0,369.9864862397004,1107.0,0.0023896932601928,10,1.0,342225.0
20.0,6,64.0,494.3897781654448,0.0,0.0,1.0,0.0,0.0,0.0,0.0,0,0,0,10,0,0.0202269554138183,0.0,1.0,0.0,0.0,0.0,0.0,0.0,1.0,0.0,0.0,0.0,0.0,0.0,1.0,1.0,12258,1224,1226,1225.8,0.6324555320336759,1225.8,0.0022255897521972,10,0.0,1.0
20.0,6,64.0,443.8135144858528,0.0,0.0,0.6,0.4,0.4,0.0,0.0,4,0,0,6,0,0.0225319862365722,0.0,1.0,0.0,0.0,0.0,0.0,0.0,1.0,0.0,0.0,0.0,0.0,0.0,1.0,1.0,1772,54,1226,177.2,368.5589957297655,177.2,0.0024134159088134,10,1.0,336400.0
20.0,6,64.0,403.2751956617888,0.0,0.0,0.8,0.2,0.2,0.0,0.0,2,0,0,8,0,0.0247969627380371,0.0,1.0,0.0,0.0,0.0,0.0,0.0,1.0,0.0,0.0,0.0,0.0,0.0,1.0,1.0,642,54,68,64.2,5.4528280124476085,64.2,0.0026789903640747,10,0.9289792940191508,28.9375
20.0,6,64.0,840.2556243363985,0.0,0.0,0.7,0.3,0.3,0.0,0.0,3,0,0,7,0,0.0119011402130126,0.0,1.0,0.0,0.0,0.0,0.0,0.0,1.0,0.0,0.0,0.0,0.0,0.0,1.0,1.0,638,54,68,63.8,6.762642481555072,63.8,0.0011918067932128,10,0.9295128600412864,49.0
20.0,6,64.0,1068.9665366873105,0.0,0.0,0.5,0.5,0.5,0.0,0.0,5,0,0,5,0,0.009354829788208,0.0,1.0,0.0,0.0,0.0,0.0,0.0,1.0,0.0,0.0,0.0,0.0,0.0,1.0,1.0,3555,54,657,355.5,317.80890484692213,355.5,0.0012821912765502,10,1.0,90902.25
20.0,6,64.0,783.7623096328132,0.0,0.0,0.6,0.4,0.4,0.0,0.0,4,0,0,6,0,0.0127589702606201,0.0,1.0,0.0,0.0,0.0,0.0,0.0,1.0,0.0,0.0,0.0,0.0,0.0,1.0,1.0,4160,54,659,416.0,311.5605880081754,416.0,0.0014065980911254,10,1.0,90902.25
20.0,6,64.0,1116.0703547005137,0.0,0.0,0.5,0.5,0.5,0.0,0.0,5,0,0,5,0,0.0089600086212158,0.0,1.0,0.0,0.0,0.0,0.0,0.0,1.0,0.0,0.0,0.0,0.0,0.0,1.0,1.0,3565,54,659,356.5,318.8629974003116,356.5,0.0010348081588745,10,1.0,91506.25
20.0,6,64.0,431.8326332262581,0.0,0.0,0.6,0.4,0.4,0.0,0.0,4,0,0,6,0,0.0231571197509765,0.0,1.0,0.0,0.0,0.0,0.0,0.0,1.0,0.0,0.0,0.0,0.0,0.0,1.0,1.0,2984,54,659,298.4,310.38943280981715,298.4,0.0024830102920532,10,1.0,90614.5
20.0,6,64.0,1189.9072314108205,0.0,0.0,0.5,0.5,0.5,0.0,0.0,5,0,0,5,0,0.0084040164947509,0.0,1.0,0.0,0.0,0.0,0.0,0.0,1.0,0.0,0.0,0.0,0.0,0.0,1.0,1.0,612,54,66,61.2,6.196773353931867,61.2,0.0010309934616088,10,0.9292823475934576,36.0
20.0,6,64.0,927.471419410477,0.0,0.0,0.6,0.4,0.4,0.0,0.0,4,0,0,6,0,0.0107820034027099,0.0,1.0,0.0,0.0,0.0,0.0,0.0,1.0,0.0,0.0,0.0,0.0,0.0,1.0,1.0,606,54,68,60.6,6.995236474439826,60.6,0.0010807991027832,10,0.9296076095302278,44.04
20.0,6,64.0,1005.4425160609838,0.0,0.0,0.5,0.5,0.5,0.0,0.0,5,0,0,5,0,0.0099458694458007,0.0,1.0,0.0,0.0,0.0,0.0,0.0,1.0,0.0,0.0,0.0,0.0,0.0,1.0,1.0,610,54,68,61.0,7.378647873726218,61.0,0.0011416912078857,10,0.9297637959978412,49.0
20.0,6,64.0,406.0903325749141,0.0,0.0,0.5,0.5,0.5,0.0,0.0,5,0,0,5,0,0.0246250629425048,0.0,1.0,0.0,0.0,0.0,0.0,0.0,1.0,0.0,0.0,0.0,0.0,0.0,1.0,1.0,608,54,68,60.8,6.051629716218782,60.8,0.0026622056961059,10,0.9292232218811988,49.0
20.0,6,64.0,1706.4583587615443,0.0,0.0,0.5,0.5,0.5,0.0,0.0,5,0,0,5,0,0.0058600902557373,0.0,1.0,0.0,0.0,0.0,0.0,0.0,1.0,0.0,0.0,0.0,0.0,0.0,1.0,1.0,590,54,64,59.0,5.270462766947299,59.0,0.0005881071090698,10,0.9289050057127436,25.0
20.0,6,64.0,1056.4997481108312,0.0,0.0,0.5,0.5,0.5,0.0,0.0,5,0,0,5,0,0.009465217590332,0.0,1.0,0.0,0.0,0.0,0.0,0.0,1.0,0.0,0.0,0.0,0.0,0.0,1.0,1.0,598,54,66,59.8,6.142746399887703,59.8,0.0009505033493041,10,0.9292603391734584,33.959999999999994
20.0,6,64.0,446.031732527968,0.0,0.0,0.8,0.2,0.2,0.0,0.0,2,0,0,8,0,0.0224199295043945,0.0,1.0,0.0,0.0,0.0,0.0,0.0,1.0,0.0,0.0,0.0,0.0,0.0,1.0,1.0,624,54,66,62.4,5.796550698475776,62.4,0.0022440910339355,10,0.9291193128925312,36.0
20.0,6,64.0,940.0264461328134,0.0,0.0,0.6,0.4,0.4,0.0,0.0,4,0,0,6,0,0.0106379985809326,0.0,1.0,0.0,0.0,0.0,0.0,0.0,1.0,0.0,0.0,0.0,0.0,0.0,1.0,1.0,612,54,66,61.2,6.196773353931867,61.2,0.0013243913650512,10,0.9292823475934576,36.0
20.0,6,64.0,2920.6211266624887,0.0,0.0,0.5,0.5,0.5,0.0,0.0,5,0,0,5,0,0.0034239292144775,0.0,1.0,0.0,0.0,0.0,0.0,0.0,1.0,0.0,0.0,0.0,0.0,0.0,1.0,1.0,604,54,68,60.4,6.785605679999719,60.4,0.0012000083923339,10,0.9295222143298046,41.44
20.0,6,64.0,840.2556243363985,0.0,0.0,0.6,0.4,0.4,0.0,0.0,4,0,0,6,0,0.0119011402130126,0.0,1.0,0.0,0.0,0.0,0.0,0.0,1.0,0.0,0.0,0.0,0.0,0.0,1.0,1.0,624,54,68,62.4,7.229568912920511,62.4,0.0013345003128051,10,0.9297030671923672,47.04
20.0,6,64.0,281.3081153588196,0.0,0.0,0.9,0.1,0.1,0.0,0.0,1,0,0,9,0,0.0355482101440429,0.0,1.0,0.0,0.0,0.0,0.0,0.0,1.0,0.0,0.0,0.0,0.0,0.0,1.0,1.0,10032,54,1406,1003.2,648.5808096657398,1003.2,0.0037635087966918,10,1.0,450710.2222222223
20.0,6,64.0,1117.4678957744975,0.0,0.0,1.0,0.0,0.0,0.0,0.0,0,0,0,10,0,0.008948802947998,0.0,1.0,0.0,0.0,0.0,0.0,0.0,1.0,0.0,0.0,0.0,0.0,0.0,1.0,1.0,14060,1406,1406,1406.0,0.0,1406.0,0.0008964776992797,10,0.0,0.0
20.0,6,64.0,343.85459792259326,0.0,0.0,1.0,0.0,0.0,0.0,0.0,0,0,0,10,0,0.0290820598602294,0.0,1.0,0.0,0.0,0.0,0.0,0.0,1.0,0.0,0.0,0.0,0.0,0.0,1.0,1.0,4666,64,1406,466.6,648.2475864462074,466.6,0.0031691074371337,10,1.0,450241.0
20.0,6,64.0,510.4111956191056,0.0,0.0,1.0,0.0,0.0,0.0,0.0,0,0,0,10,0,0.0195920467376709,0.0,1.0,0.0,0.0,0.0,0.0,0.0,1.0,0.0,0.0,0.0,0.0,0.0,1.0,1.0,654,64,66,65.4,0.9660917830792958,65.4,0.0021798133850097,10,0.0,1.0
20.0,6,64.0,353.34439736148204,0.0,0.0,1.0,0.0,0.0,0.0,0.0,0,0,0,10,0,0.0283010005950927,0.0,1.0,0.0,0.0,0.0,0.0,0.0,1.0,0.0,0.0,0.0,0.0,0.0,1.0,1.0,2690,66,356,269.0,140.0833085464979,269.0,0.0030388832092285,10,0.9633728065695014,21025.0
20.0,6,64.0,471.2965896960503,0.0,0.0,1.0,0.0,0.0,0.0,0.0,0,0,0,10,0,0.0212180614471435,0.0,1.0,0.0,0.0,0.0,0.0,0.0,1.0,0.0,0.0,0.0,0.0,0.0,1.0,1.0,3574,356,358,357.4,0.9660917830792958,357.4,0.0023591041564941,10,0.0,1.0
20.0,6,64.0,388.4406082720554,0.0,0.0,0.8,0.2,0.2,0.0,0.0,2,0,0,8,0,0.0257439613342285,0.0,1.0,0.0,0.0,0.0,0.0,0.0,1.0,0.0,0.0,0.0,0.0,0.0,1.0,1.0,1512,54,358,151.2,142.7856201910169,151.2,0.0027667999267578,10,0.9849231802410128,21920.0
20.0,6,64.0,938.4280120818884,0.0,0.0,0.7,0.3,0.3,0.0,0.0,3,0,0,7,0,0.0106561183929443,0.0,1.0,0.0,0.0,0.0,0.0,0.0,1.0,0.0,0.0,0.0,0.0,0.0,1.0,1.0,624,54,66,62.4,5.796550698475775,62.4,0.0010678052902221,10,0.9291193128925312,32.0
20.0,6,64.0,617.3268769409652,0.0,0.0,0.8,0.2,0.2,0.0,0.0,2,0,0,8,0,0.0161988735198974,0.0,1.0,0.0,0.0,0.0,0.0,0.0,1.0,0.0,0.0,0.0,0.0,0.0,1.0,1.0,636,54,66,63.6,5.059644256269407,63.6,0.0018893957138061,10,0.928819126684234,36.0
20.0,6,64.0,580.1170108297257,0.0,0.0,1.0,0.0,0.0,0.0,0.0,0,0,0,10,0,0.017237901687622,0.0,1.0,0.0,0.0,0.0,0.0,0.0,1.0,0.0,0.0,0.0,0.0,0.0,1.0,1.0,940,94,94,94.0,0.0,94.0,0.0029433012008666,10,0.0,0.0
20.0,6,64.0,522.7915093046155,0.0,0.0,1.0,0.0,0.0,0.0,0.0,0,0,0,10,0,0.0191280841827392,0.0,1.0,0.0,0.0,0.0,0.0,0.0,1.0,0.0,0.0,0.0,0.0,0.0,1.0,1.0,960,96,96,96.0,0.0,96.0,0.0021919012069702,10,0.0,0.0
20.0,6,64.0,459.916883230808,0.0,0.0,1.0,0.0,0.0,0.0,0.0,0,0,0,10,0,0.0217430591583251,0.0,1.0,0.0,0.0,0.0,0.0,0.0,1.0,0.0,0.0,0.0,0.0,0.0,1.0,1.0,660,66,66,66.0,0.0,66.0,0.0032310009002685,10,0.0,0.0
20.0,6,64.0,537.9864807665175,0.0,0.0,1.0,0.0,0.0,0.0,0.0,0,0,0,10,0,0.0185878276824951,0.0,1.0,0.0,0.0,0.0,0.0,0.0,1.0,0.0,0.0,0.0,0.0,0.0,1.0,1.0,680,68,68,68.0,0.0,68.0,0.0021591901779174,10,0.0,0.0
20.0,6,64.0,1267.7741506468385,0.0,0.0,1.0,0.0,0.0,0.0,0.0,0,0,0,10,0,0.007887840270996,0.0,1.0,0.0,0.0,0.0,0.0,0.0,1.0,0.0,0.0,0.0,0.0,0.0,1.0,1.0,660,66,66,66.0,0.0,66.0,0.0027698040008544,10,0.0,0.0
20.0,6,64.0,507.9018176093775,0.0,0.0,1.0,0.0,0.0,0.0,0.0,0,0,0,10,0,0.0196888446807861,0.0,1.0,0.0,0.0,0.0,0.0,0.0,1.0,0.0,0.0,0.0,0.0,0.0,1.0,1.0,680,68,68,68.0,0.0,68.0,0.0022084951400756,10,0.0,0.0
20.0,6,64.0,803.3372277872479,0.0,0.0,0.6,0.4,0.4,0.0,0.0,4,0,0,6,0,0.0124480724334716,0.0,1.0,0.0,0.0,0.0,0.0,0.0,1.0,0.0,0.0,0.0,0.0,0.0,1.0,1.0,654,54,73,65.4,9.811557810392122,65.4,0.0023711204528808,10,0.9307548661896412,90.25
20.0,6,64.0,837.6545774085317,0.0,0.0,0.6,0.4,0.4,0.0,0.0,4,0,0,6,0,0.0119380950927734,0.0,1.0,0.0,0.0,0.0,0.0,0.0,1.0,0.0,0.0,0.0,0.0,0.0,1.0,1.0,658,54,75,65.8,10.18495622638278,65.8,0.0014277935028076,10,0.9309069737683792,93.36
20.0,6,64.0,796.548161652993,0.0,0.0,0.7,0.3,0.3,0.0,0.0,3,0,0,7,0,0.0125541687011718,0.0,1.0,0.0,0.0,0.0,0.0,0.0,1.0,0.0,0.0,0.0,0.0,0.0,1.0,1.0,687,54,75,68.7,10.143963722332607,68.7,0.0012938022613525,10,0.9308902750619296,110.25
20.0,6,64.0,390.2440476744294,0.0,0.0,0.9,0.1,0.1,0.0,0.0,1,0,0,9,0,0.0256249904632568,0.0,1.0,0.0,0.0,0.0,0.0,0.0,1.0,0.0,0.0,0.0,0.0,0.0,1.0,1.0,1769,54,205,176.9,59.446427796611786,176.9,0.0027326822280883,10,0.9509741268272278,4990.1875
20.0,6,64.0,455.3334418932856,0.0,0.0,1.0,0.0,0.0,0.0,0.0,0,0,0,10,0,0.0219619274139404,0.0,1.0,0.0,0.0,0.0,0.0,0.0,1.0,0.0,0.0,0.0,0.0,0.0,1.0,1.0,2066,205,207,206.6,0.8432740427115678,206.6,0.0024821043014526,10,0.0,1.0
20.0,6,64.0,445.9084433671408,0.0,0.0,0.6,0.4,0.4,0.0,0.0,4,0,0,6,0,0.0224261283874511,0.0,1.0,0.0,0.0,0.0,0.0,0.0,1.0,0.0,0.0,0.0,0.0,0.0,1.0,1.0,2102,54,368,210.2,148.03062746157184,210.2,0.0023523092269897,10,0.987059786402746,19721.76
20.0,6,64.0,1200.4648100975987,0.0,0.0,0.5,0.5,0.5,0.0,0.0,5,0,0,5,0,0.0083301067352294,0.0,1.0,0.0,0.0,0.0,0.0,0.0,1.0,0.0,0.0,0.0,0.0,0.0,1.0,1.0,2424,54,368,242.4,162.1489027612172,242.4,0.0008701086044311,10,0.9928110070288094,24649.0
20.0,6,64.0,905.5451444362884,0.0,0.0,0.5,0.5,0.5,0.0,0.0,5,0,0,5,0,0.0110430717468261,0.0,1.0,0.0,0.0,0.0,0.0,0.0,1.0,0.0,0.0,0.0,0.0,0.0,1.0,1.0,2120,54,370,212.0,166.54662343553466,212.0,0.0011061906814575,10,0.9946024625226996,24964.0
20.0,6,64.0,945.3656997317828,0.0,0.0,0.5,0.5,0.5,0.0,0.0,5,0,0,5,0,0.010577917098999,0.0,1.0,0.0,0.0,0.0,0.0,0.0,1.0,0.0,0.0,0.0,0.0,0.0,1.0,1.0,2120,54,370,212.0,166.54662343553466,212.0,0.0010602951049804,10,0.9946024625226996,24964.0
20.0,6,64.0,470.6513908681845,0.0,0.0,0.5,0.5,0.5,0.0,0.0,5,0,0,5,0,0.0212471485137939,0.0,1.0,0.0,0.0,0.0,0.0,0.0,1.0,0.0,0.0,0.0,0.0,0.0,1.0,1.0,590,54,64,59.0,5.270462766947299,59.0,0.0021268129348754,10,0.9289050057127436,25.0
20.0,6,64.0,980.3898835959048,0.0,0.0,0.5,0.5,0.5,0.0,0.0,5,0,0,5,0,0.010200023651123,0.0,1.0,0.0,0.0,0.0,0.0,0.0,1.0,0.0,0.0,0.0,0.0,0.0,1.0,1.0,590,54,64,59.0,5.270462766947299,59.0,0.0010221004486083,10,0.9289050057127436,25.0
20.0,6,64.0,426.38473502831175,0.0,0.0,0.5,0.5,0.5,0.0,0.0,5,0,0,5,0,0.0234529972076416,0.0,1.0,0.0,0.0,0.0,0.0,0.0,1.0,0.0,0.0,0.0,0.0,0.0,1.0,1.0,600,54,66,60.0,6.324555320336759,60.0,0.0023475885391235,10,0.9293344008552924,36.0
20.0,6,64.0,3309.1155818540437,0.0,0.0,0.6,0.4,0.4,0.0,0.0,4,0,0,6,0,0.0030219554901123,0.0,1.0,0.0,0.0,0.0,0.0,0.0,1.0,0.0,0.0,0.0,0.0,0.0,1.0,1.0,600,54,66,60.0,6.324555320336759,60.0,0.0003077030181884,10,0.9293344008552924,36.0
20.0,6,64.0,512.9768602318869,0.0,0.0,1.0,0.0,0.0,0.0,0.0,0,0,0,10,0,0.0194940567016601,0.0,1.0,0.0,0.0,0.0,0.0,0.0,1.0,0.0,0.0,0.0,0.0,0.0,1.0,1.0,660,66,66,66.0,0.0,66.0,0.0023108005523681,10,0.0,0.0
20.0,6,64.0,546.9880020865936,0.0,0.0,1.0,0.0,0.0,0.0,0.0,0,0,0,10,0,0.0182819366455078,0.0,1.0,0.0,0.0,0.0,0.0,0.0,1.0,0.0,0.0,0.0,0.0,0.0,1.0,1.0,680,68,68,68.0,0.0,68.0,0.0019883871078491,10,0.0,0.0
20.0,6,64.0,943.4730969947814,0.0,0.0,0.6,0.4,0.4,0.0,0.0,4,0,0,6,0,0.010599136352539,0.0,1.0,0.0,0.0,0.0,0.0,0.0,1.0,0.0,0.0,0.0,0.0,0.0,1.0,1.0,624,54,66,62.4,5.796550698475775,62.4,0.0025214195251464,10,0.9291193128925312,32.0
20.0,6,64.0,795.0382894836606,0.0,0.0,0.6,0.4,0.4,0.0,0.0,4,0,0,6,0,0.012578010559082,0.0,1.0,0.0,0.0,0.0,0.0,0.0,1.0,0.0,0.0,0.0,0.0,0.0,1.0,1.0,604,54,68,60.4,6.785605679999719,60.4,0.0012602806091308,10,0.9295222143298046,41.44
20.0,6,64.0,904.8809112875388,0.0,0.0,0.5,0.5,0.5,0.0,0.0,5,0,0,5,0,0.0110511779785156,0.0,1.0,0.0,0.0,0.0,0.0,0.0,1.0,0.0,0.0,0.0,0.0,0.0,1.0,1.0,624,54,68,62.4,7.229568912920511,62.4,0.0013089179992675,10,0.9297030671923672,49.0
20.0,6,64.0,419.4639571165693,0.0,0.0,0.8,0.2,0.2,0.0,0.0,2,0,0,8,0,0.0238399505615234,0.0,1.0,0.0,0.0,0.0,0.0,0.0,1.0,0.0,0.0,0.0,0.0,0.0,1.0,1.0,688,54,78,68.8,10.962562555250384,68.8,0.0023857831954956,10,0.9312237394825068,109.7283950617284
20.0,6,64.0,514.0645414322659,0.0,0.0,1.0,0.0,0.0,0.0,0.0,0,0,0,10,0,0.0194528102874755,0.0,1.0,0.0,0.0,0.0,0.0,0.0,1.0,0.0,0.0,0.0,0.0,0.0,1.0,1.0,790,78,80,79.0,1.0540925533894598,79.0,0.0019901990890502,10,0.8862883051425487,1.0
20.0,6,64.0,346.33329479959707,0.0,0.0,1.0,0.0,0.0,0.0,0.0,0,0,0,10,0,0.0288739204406738,0.0,1.0,0.0,0.0,0.0,0.0,0.0,1.0,0.0,0.0,0.0,0.0,0.0,1.0,1.0,730,66,80,73.0,7.378647873726218,73.0,0.0030956983566284,10,0.9093142359978412,49.0
20.0,6,64.0,490.9695770757003,0.0,0.0,1.0,0.0,0.0,0.0,0.0,0,0,0,10,0,0.0203678607940673,0.0,1.0,0.0,0.0,0.0,0.0,0.0,1.0,0.0,0.0,0.0,0.0,0.0,1.0,1.0,670,66,68,67.0,1.0540925533894598,67.0,0.0022619009017944,10,0.9067378651425488,1.0
20.0,6,64.0,408.34783963237726,0.0,0.0,0.7,0.3,0.3,0.0,0.0,3,0,0,7,0,0.0244889259338378,0.0,1.0,0.0,0.0,0.0,0.0,0.0,1.0,0.0,0.0,0.0,0.0,0.0,1.0,1.0,922,54,158,92.2,45.74761681710255,92.2,0.0026775121688842,10,0.9453937791866148,1883.56
20.0,6,64.0,755.975631736419,0.0,0.0,0.6,0.4,0.4,0.0,0.0,4,0,0,6,0,0.0132279396057128,0.0,1.0,0.0,0.0,0.0,0.0,0.0,1.0,0.0,0.0,0.0,0.0,0.0,1.0,1.0,1060,54,158,106.0,54.81281277625191,106.0,0.0013273954391479,10,0.949086577412534,2704.0
20.0,6,64.0,921.1367329907322,0.0,0.0,0.5,0.5,0.5,0.0,0.0,5,0,0,5,0,0.0108561515808105,0.0,1.0,0.0,0.0,0.0,0.0,0.0,1.0,0.0,0.0,0.0,0.0,0.0,1.0,1.0,1066,54,160,106.6,55.450077647475936,106.6,0.0012612104415893,10,0.9493461736304758,2767.24
20.0,6,64.0,1242.6831002607253,0.0,0.0,0.5,0.5,0.5,0.0,0.0,5,0,0,5,0,0.0080471038818359,0.0,1.0,0.0,0.0,0.0,0.0,0.0,1.0,0.0,0.0,0.0,0.0,0.0,1.0,1.0,1070,54,160,107.0,55.86690532964137,107.0,0.0011143922805786,10,0.9495159725550828,2809.0
20.0,6,64.0,600.5589919816724,0.0,0.0,0.5,0.5,0.5,0.0,0.0,5,0,0,5,0,0.0166511535644531,0.0,1.0,0.0,0.0,0.0,0.0,0.0,1.0,0.0,0.0,0.0,0.0,0.0,1.0,1.0,792,54,160,79.2,42.845458724739245,79.2,0.0018444061279296,10,0.9442115560661096,2809.0
20.0,6,64.0,738.056977951398,0.0,0.0,0.6,0.4,0.4,0.0,0.0,4,0,0,6,0,0.0135490894317626,0.0,1.0,0.0,0.0,0.0,0.0,0.0,1.0,0.0,0.0,0.0,0.0,0.0,1.0,1.0,600,54,64,60.0,5.163977794943222,60.0,0.0013566017150878,10,0.928861627994548,25.0
20.0,6,64.0,831.8070759955576,0.0,0.0,0.5,0.5,0.5,0.0,0.0,5,0,0,5,0,0.0120220184326171,0.0,1.0,0.0,0.0,0.0,0.0,0.0,1.0,0.0,0.0,0.0,0.0,0.0,1.0,1.0,600,54,66,60.0,6.324555320336759,60.0,0.0012053966522216,10,0.9293344008552924,36.0
20.0,6,64.0,478.6269855760453,0.0,0.0,0.9,0.1,0.1,0.0,0.0,1,0,0,9,0,0.0208930969238281,0.0,1.0,0.0,0.0,0.0,0.0,0.0,1.0,0.0,0.0,0.0,0.0,0.0,1.0,1.0,636,54,66,63.6,5.059644256269407,63.6,0.0020931005477905,10,0.928819126684234,36.0
20.0,6,64.0,505.9474065138721,0.0,0.0,1.0,0.0,0.0,0.0,0.0,0,0,0,10,0,0.0197649002075195,0.0,1.0,0.0,0.0,0.0,0.0,0.0,1.0,0.0,0.0,0.0,0.0,0.0,1.0,1.0,666,66,68,66.6,0.966091783079296,66.6,0.0021699905395507,10,0.0,0.8400000000000001
20.0,6,64.0,352.9073622212873,0.0,0.0,1.0,0.0,0.0,0.0,0.0,0,0,0,10,0,0.0283360481262207,0.0,1.0,0.0,0.0,0.0,0.0,0.0,1.0,0.0,0.0,0.0,0.0,0.0,1.0,1.0,674,66,68,67.4,0.966091783079296,67.4,0.0029857158660888,10,0.0,0.8400000000000001
20.0,6,64.0,486.9001543944372,0.0,0.0,1.0,0.0,0.0,0.0,0.0,0,0,0,10,0,0.0205380916595459,0.0,1.0,0.0,0.0,0.0,0.0,0.0,1.0,0.0,0.0,0.0,0.0,0.0,1.0,1.0,660,66,66,66.0,0.0,66.0,0.0022548913955688,10,0.0,0.0
20.0,6,64.0,342.9352607394568,0.0,0.0,1.0,0.0,0.0,0.0,0.0,0,0,0,10,0,0.0291600227355957,0.0,1.0,0.0,0.0,0.0,0.0,0.0,1.0,0.0,0.0,0.0,0.0,0.0,1.0,1.0,654,64,66,65.4,0.966091783079296,65.4,0.0029680013656616,10,0.0,0.8400000000000001
20.0,6,64.0,494.2674318575519,0.0,0.0,1.0,0.0,0.0,0.0,0.0,0,0,0,10,0,0.0202319622039794,0.0,1.0,0.0,0.0,0.0,0.0,0.0,1.0,0.0,0.0,0.0,0.0,0.0,1.0,1.0,646,64,66,64.6,0.966091783079296,64.6,0.0021940946578979,10,0.0,0.8400000000000001
20.0,6,64.0,382.90857967098174,0.0,0.0,1.0,0.0,0.0,0.0,0.0,0,0,0,10,0,0.0261158943176269,0.0,1.0,0.0,0.0,0.0,0.0,0.0,1.0,0.0,0.0,0.0,0.0,0.0,1.0,1.0,696,66,78,69.6,5.796550698475776,69.6,0.0030355930328369,10,0.9086697528925312,30.24
20.0,6,64.0,501.2253677656816,0.0,0.0,1.0,0.0,0.0,0.0,0.0,0,0,0,10,0,0.0199511051177978,0.0,1.0,0.0,0.0,0.0,0.0,0.0,1.0,0.0,0.0,0.0,0.0,0.0,1.0,1.0,786,78,80,78.6,0.966091783079296,78.6,0.0022426128387451,10,0.0,0.8400000000000001
20.0,6,64.0,387.5970539583969,0.0,0.0,0.9,0.1,0.1,0.0,0.0,1,0,0,9,0,0.0257999897003173,0.0,1.0,0.0,0.0,0.0,0.0,0.0,1.0,0.0,0.0,0.0,0.0,0.0,1.0,1.0,742,54,80,74.2,9.727395449051212,74.2,0.0028388023376464,10,0.9307205818101256,85.16
20.0,6,64.0,789.1446848541863,0.0,0.0,0.6,0.4,0.4,0.0,0.0,4,0,0,6,0,0.012671947479248,0.0,1.0,0.0,0.0,0.0,0.0,0.0,1.0,0.0,0.0,0.0,0.0,0.0,1.0,1.0,610,54,64,61.0,4.83045891539648,61.0,0.0013320922851562,10,0.928725765743776,25.0
20.0,6,64.0,876.3511000605921,0.0,0.0,0.6,0.4,0.4,0.0,0.0,4,0,0,6,0,0.0114109516143798,0.0,1.0,0.0,0.0,0.0,0.0,0.0,1.0,0.0,0.0,0.0,0.0,0.0,1.0,1.0,598,54,66,59.8,6.142746399887703,59.8,0.0011426925659179,10,0.9292603391734584,33.959999999999994
20.0,6,64.0,927.5534620402929,0.0,0.0,0.5,0.5,0.5,0.0,0.0,5,0,0,5,0,0.0107810497283935,0.0,1.0,0.0,0.0,0.0,0.0,0.0,1.0,0.0,0.0,0.0,0.0,0.0,1.0,1.0,612,54,66,61.2,6.196773353931867,61.2,0.0012936115264892,10,0.9292823475934576,36.0
20.0,6,64.0,517.5150221476428,0.0,0.0,0.5,0.5,0.5,0.0,0.0,5,0,0,5,0,0.0193231105804443,0.0,1.0,0.0,0.0,0.0,0.0,0.0,1.0,0.0,0.0,0.0,0.0,0.0,1.0,1.0,2120,54,370,212.0,166.54662343553466,212.0,0.0019361019134521,10,0.9946024625226996,24964.0
20.0,6,64.0,823.8664309565901,0.0,0.0,0.5,0.5,0.5,0.0,0.0,5,0,0,5,0,0.0121378898620605,0.0,1.0,0.0,0.0,0.0,0.0,0.0,1.0,0.0,0.0,0.0,0.0,0.0,1.0,1.0,2120,54,370,212.0,166.54662343553466,212.0,0.0012168884277343,10,0.9946024625226996,24964.0
20.0,6,64.0,872.5953356772837,0.0,0.0,0.6,0.4,0.4,0.0,0.0,4,0,0,6,0,0.0114600658416748,0.0,1.0,0.0,0.0,0.0,0.0,0.0,1.0,0.0,0.0,0.0,0.0,0.0,1.0,1.0,2130,54,372,213.0,167.6007159889241,213.0,0.0011480093002319,10,0.9950318576652482,25281.0
20.0,6,64.0,1237.9151171713595,0.0,0.0,0.5,0.5,0.5,0.0,0.0,5,0,0,5,0,0.0080780982971191,0.0,1.0,0.0,0.0,0.0,0.0,0.0,1.0,0.0,0.0,0.0,0.0,0.0,1.0,1.0,2130,54,372,213.0,167.6007159889241,213.0,0.0010462999343872,10,0.9950318576652482,25281.0
20.0,6,64.0,1286.6752561506842,0.0,0.0,0.5,0.5,0.5,0.0,0.0,5,0,0,5,0,0.0077719688415527,0.0,1.0,0.0,0.0,0.0,0.0,0.0,1.0,0.0,0.0,0.0,0.0,0.0,1.0,1.0,1340,54,214,134.0,84.32740427115678,134.0,0.0018743991851806,10,0.9611096414038984,6400.0
20.0,6,64.0,1066.086470274255,0.0,0.0,0.5,0.5,0.5,0.0,0.0,5,0,0,5,0,0.0093801021575927,0.0,1.0,0.0,0.0,0.0,0.0,0.0,1.0,0.0,0.0,0.0,0.0,0.0,1.0,1.0,1340,54,214,134.0,84.32740427115678,134.0,0.0011321067810058,10,0.9611096414038984,6400.0
20.0,6,64.0,1108.8708526107073,0.0,0.0,0.5,0.5,0.5,0.0,0.0,5,0,0,5,0,0.0090181827545166,0.0,1.0,0.0,0.0,0.0,0.0,0.0,1.0,0.0,0.0,0.0,0.0,0.0,1.0,1.0,1350,54,216,135.0,85.38149682454625,135.0,0.0009526014328002,10,0.9615390365464472,6561.0
20.0,6,64.0,520.1527853564165,0.0,0.0,0.6,0.4,0.4,0.0,0.0,4,0,0,6,0,0.0192251205444335,0.0,1.0,0.0,0.0,0.0,0.0,0.0,1.0,0.0,0.0,0.0,0.0,0.0,1.0,1.0,1360,54,216,136.0,84.38009243891595,136.0,0.0021457910537719,10,0.9611311044559168,6561.0
20.0,6,64.0,726.4247735499403,0.0,0.0,0.7,0.3,0.3,0.0,0.0,3,0,0,7,0,0.0137660503387451,0.0,1.0,0.0,0.0,0.0,0.0,0.0,1.0,0.0,0.0,0.0,0.0,0.0,1.0,1.0,610,54,64,61.0,4.83045891539648,61.0,0.0016793012619018,10,0.928725765743776,25.0
20.0,6,64.0,573.0941287387104,0.0,0.0,0.9,0.1,0.1,0.0,0.0,1,0,0,9,0,0.017449140548706,0.0,1.0,0.0,0.0,0.0,0.0,0.0,1.0,0.0,0.0,0.0,0.0,0.0,1.0,1.0,644,54,66,64.4,3.747591819348053,64.4,0.0019639015197753,10,0.9282846490035296,18.22222222222222
20.0,6,64.0,493.1690339572947,0.0,0.0,0.7,0.3,0.3,0.0,0.0,3,0,0,7,0,0.0202770233154296,0.0,1.0,0.0,0.0,0.0,0.0,0.0,1.0,0.0,0.0,0.0,0.0,0.0,1.0,1.0,616,54,66,61.6,5.316640543300503,61.6,0.0022639989852905,10,0.9289238166917188,27.55555555555556
20.0,6,64.0,788.3881881919513,0.0,0.0,0.6,0.4,0.4,0.0,0.0,4,0,0,6,0,0.0126841068267822,0.0,1.0,0.0,0.0,0.0,0.0,0.0,1.0,0.0,0.0,0.0,0.0,0.0,1.0,1.0,612,54,66,61.2,5.00666222813829,61.2,0.0014539003372192,10,0.9287975439252544,24.48979591836735
20.0,6,64.0,771.5507155733785,0.0,0.0,0.7,0.3,0.3,0.0,0.0,3,0,0,7,0,0.0129609107971191,0.0,1.0,0.0,0.0,0.0,0.0,0.0,1.0,0.0,0.0,0.0,0.0,0.0,1.0,1.0,612,54,66,61.2,6.196773353931867,61.2,0.0012996912002563,10,0.9292823475934576,36.0
20.0,6,64.0,354.8990971628745,0.0,0.0,1.0,0.0,0.0,0.0,0.0,0,0,0,10,0,0.0281770229339599,0.0,1.0,0.0,0.0,0.0,0.0,0.0,1.0,0.0,0.0,0.0,0.0,0.0,1.0,1.0,8766,66,1224,876.6,559.3671424029122,876.6,0.0030317068099975,10,1.0,335241.0
20.0,6,64.0,475.2160070699403,0.0,0.0,1.0,0.0,0.0,0.0,0.0,0,0,0,10,0,0.021043062210083,0.0,1.0,0.0,0.0,0.0,0.0,0.0,1.0,0.0,0.0,0.0,0.0,0.0,1.0,1.0,12254,1224,1226,1225.4,0.966091783079296,1225.4,0.0023015022277832,10,0.0,1.0
20.0,6,64.0,362.0961030440113,0.0,0.0,1.0,0.0,0.0,0.0,0.0,0,0,0,10,0,0.0276169776916503,0.0,1.0,0.0,0.0,0.0,0.0,0.0,1.0,0.0,0.0,0.0,0.0,0.0,1.0,1.0,4126,64,1226,412.6,561.2993259690709,412.6,0.0029165029525756,10,1.0,337561.0
20.0,6,64.0,503.6025262349014,0.0,0.0,1.0,0.0,0.0,0.0,0.0,0,0,0,10,0,0.0198569297790527,0.0,1.0,0.0,0.0,0.0,0.0,0.0,1.0,0.0,0.0,0.0,0.0,0.0,1.0,1.0,654,64,66,65.4,0.9660917830792958,65.4,0.0021338939666748,10,0.0,1.0
20.0,6,64.0,371.4304437537083,0.0,0.0,0.9,0.1,0.1,0.0,0.0,1,0,0,9,0,0.0269229412078857,0.0,1.0,0.0,0.0,0.0,0.0,0.0,1.0,0.0,0.0,0.0,0.0,0.0,1.0,1.0,648,54,66,64.8,3.794733192202055,64.8,0.0029289007186889,10,0.9283038525131756,20.0
20.0,6,64.0,713.8754808183272,0.0,0.0,0.7,0.3,0.3,0.0,0.0,3,0,0,7,0,0.0140080451965332,0.0,1.0,0.0,0.0,0.0,0.0,0.0,1.0,0.0,0.0,0.0,0.0,0.0,1.0,1.0,630,54,68,63.0,6.27162924074226,63.0,0.0016308069229125,10,0.9293128408875088,35.4
20.0,6,64.0,906.5433246158168,0.0,0.0,0.6,0.4,0.4,0.0,0.0,4,0,0,6,0,0.0110309123992919,0.0,1.0,0.0,0.0,0.0,0.0,0.0,1.0,0.0,0.0,0.0,0.0,0.0,1.0,1.0,624,54,68,62.4,7.229568912920511,62.4,0.0013552904129028,10,0.9297030671923672,48.0
20.0,6,64.0,421.4067978820669,0.0,0.0,0.9,0.1,0.1,0.0,0.0,1,0,0,9,0,0.0237300395965576,0.0,1.0,0.0,0.0,0.0,0.0,0.0,1.0,0.0,0.0,0.0,0.0,0.0,1.0,1.0,778,54,82,77.8,9.449279807947738,77.8,0.0025223016738891,10,0.9306072886225656,134.75
20.0,6,64.0,546.0337959226183,0.0,0.0,1.0,0.0,0.0,0.0,0.0,0,0,0,10,0,0.0183138847351074,0.0,1.0,0.0,0.0,0.0,0.0,0.0,1.0,0.0,0.0,0.0,0.0,0.0,1.0,1.0,836,82,84,83.6,0.8432740427115678,83.6,0.0020401000976562,10,0.0,1.0
20.0,6,64.0,377.4130096371015,0.0,0.0,0.7,0.3,0.3,0.0,0.0,3,0,0,7,0,0.0264961719512939,0.0,1.0,0.0,0.0,0.0,0.0,0.0,1.0,0.0,0.0,0.0,0.0,0.0,1.0,1.0,2170,54,368,217.0,159.54449048602226,217.0,0.002897310256958,10,0.991750073644386,22909.0
20.0,6,64.0,479.29425208547593,0.0,0.0,0.9,0.1,0.1,0.0,0.0,1,0,0,9,0,0.0208640098571777,0.0,1.0,0.0,0.0,0.0,0.0,0.0,1.0,0.0,0.0,0.0,0.0,0.0,1.0,1.0,3374,54,370,337.4,99.5815690220278,337.4,0.0020890951156616,10,0.9673235779568132,8924.84
20.0,6,64.0,476.1438999193997,0.0,0.0,0.9,0.1,0.1,0.0,0.0,1,0,0,9,0,0.0210020542144775,0.0,1.0,0.0,0.0,0.0,0.0,0.0,1.0,0.0,0.0,0.0,0.0,0.0,1.0,1.0,2472,54,370,247.2,158.57196053106824,247.2,0.0022721052169799,10,0.991353903841936,22630.56
20.0,6,64.0,836.6854179134251,0.0,0.0,0.7,0.3,0.3,0.0,0.0,3,0,0,7,0,0.0119519233703613,0.0,1.0,0.0,0.0,0.0,0.0,0.0,1.0,0.0,0.0,0.0,0.0,0.0,1.0,1.0,624,54,66,62.4,5.796550698475776,62.4,0.0014661788940429,10,0.9291193128925312,34.56
20.0,6,64.0,874.8887173817818,0.0,0.0,0.6,0.4,0.4,0.0,0.0,4,0,0,6,0,0.011430025100708,0.0,1.0,0.0,0.0,0.0,0.0,0.0,1.0,0.0,0.0,0.0,0.0,0.0,1.0,1.0,624,54,68,62.4,7.229568912920511,62.4,0.0013180017471313,10,0.9297030671923672,48.0
20.0,6,64.0,432.0194466761428,0.0,0.0,0.5,0.5,0.5,0.0,0.0,5,0,0,5,0,0.0231471061706542,0.0,1.0,0.0,0.0,0.0,0.0,0.0,1.0,0.0,0.0,0.0,0.0,0.0,1.0,1.0,608,54,68,60.8,7.192588778272627,60.8,0.0025153160095214,10,0.9296880029647172,49.0
20.0,6,64.0,1396.6581199427258,0.0,0.0,0.5,0.5,0.5,0.0,0.0,5,0,0,5,0,0.007159948348999,0.0,1.0,0.0,0.0,0.0,0.0,0.0,1.0,0.0,0.0,0.0,0.0,0.0,1.0,1.0,612,54,66,61.2,6.196773353931867,61.2,0.0007184982299804,10,0.9292823475934576,36.0
20.0,6,64.0,783.3963391856556,0.0,0.0,0.7,0.3,0.3,0.0,0.0,3,0,0,7,0,0.0127649307250976,0.0,1.0,0.0,0.0,0.0,0.0,0.0,1.0,0.0,0.0,0.0,0.0,0.0,1.0,1.0,618,54,68,61.8,6.762642481555071,61.8,0.0012820959091186,10,0.9295128600412864,41.16
20.0,6,64.0,907.1903793744864,0.0,0.0,0.6,0.4,0.4,0.0,0.0,4,0,0,6,0,0.0110230445861816,0.0,1.0,0.0,0.0,0.0,0.0,0.0,1.0,0.0,0.0,0.0,0.0,0.0,1.0,1.0,624,54,68,62.4,7.229568912920511,62.4,0.0013333082199096,10,0.9297030671923672,47.04
20.0,6,64.0,552.9151836325766,0.0,0.0,0.5,0.5,0.5,0.0,0.0,5,0,0,5,0,0.0180859565734863,0.0,1.0,0.0,0.0,0.0,0.0,0.0,1.0,0.0,0.0,0.0,0.0,0.0,1.0,1.0,594,54,68,59.4,5.815687596683837,59.4,0.0020717859268188,10,0.9291271084993852,49.0
20.0,6,64.0,1065.8697364742957,0.0,0.0,0.5,0.5,0.5,0.0,0.0,5,0,0,5,0,0.0093820095062255,0.0,1.0,0.0,0.0,0.0,0.0,0.0,1.0,0.0,0.0,0.0,0.0,0.0,1.0,1.0,590,54,64,59.0,5.270462766947299,59.0,0.0011322021484375,10,0.9289050057127436,25.0
20.0,6,64.0,1131.2414704533808,0.0,0.0,0.5,0.5,0.5,0.0,0.0,5,0,0,5,0,0.0088398456573486,0.0,1.0,0.0,0.0,0.0,0.0,0.0,1.0,0.0,0.0,0.0,0.0,0.0,1.0,1.0,598,54,66,59.8,6.142746399887703,59.8,0.0010618925094604,10,0.9292603391734584,33.959999999999994
20.0,6,64.0,1046.6658348513963,0.0,0.0,0.5,0.5,0.5,0.0,0.0,5,0,0,5,0,0.0095541477203369,0.0,1.0,0.0,0.0,0.0,0.0,0.0,1.0,0.0,0.0,0.0,0.0,0.0,1.0,1.0,600,54,66,60.0,6.324555320336759,60.0,0.0011720180511474,10,0.9293344008552924,36.0
20.0,6,64.0,546.9594700328621,0.0,0.0,0.6,0.4,0.4,0.0,0.0,4,0,0,6,0,0.0182828903198242,0.0,1.0,0.0,0.0,0.0,0.0,0.0,1.0,0.0,0.0,0.0,0.0,0.0,1.0,1.0,667,54,77,66.7,11.43143813252636,66.7,0.0020300865173339,10,0.931414740637666,117.61
20.0,6,64.0,762.7116671515856,0.0,0.0,0.6,0.4,0.4,0.0,0.0,4,0,0,6,0,0.0131111145019531,0.0,1.0,0.0,0.0,0.0,0.0,0.0,1.0,0.0,0.0,0.0,0.0,0.0,1.0,1.0,705,54,79,70.5,11.413929112175955,70.5,0.0015804052352905,10,0.931407608163136,132.25
20.0,6,64.0,748.1678885499723,0.0,0.0,0.7,0.3,0.3,0.0,0.0,3,0,0,7,0,0.0133659839630126,0.0,1.0,0.0,0.0,0.0,0.0,0.0,1.0,0.0,0.0,0.0,0.0,0.0,1.0,1.0,690,54,79,69.0,12.909944487358056,69.0,0.0013386964797973,10,0.9320170249863702,156.25
20.0,6,64.0,393.5948350287151,0.0,0.0,0.8,0.2,0.2,0.0,0.0,2,0,0,8,0,0.0254068374633789,0.0,1.0,0.0,0.0,0.0,0.0,0.0,1.0,0.0,0.0,0.0,0.0,0.0,1.0,1.0,716,54,79,71.6,9.41865760663966,71.6,0.0029484987258911,10,0.9305948143626408,156.25
20.0,6,64.0,460.4268024940722,0.0,0.0,1.0,0.0,0.0,0.0,0.0,0,0,0,10,0,0.0217189788818359,0.0,1.0,0.0,0.0,0.0,0.0,0.0,1.0,0.0,0.0,0.0,0.0,0.0,1.0,1.0,762,75,77,76.2,1.0327955589886444,76.2,0.0022871017456054,10,0.8913920195989098,1.0
20.0,6,64.0,453.57556882083225,0.0,0.0,1.0,0.0,0.0,0.0,0.0,0,0,0,10,0,0.0220470428466796,0.0,1.0,0.0,0.0,0.0,0.0,0.0,1.0,0.0,0.0,0.0,0.0,0.0,1.0,1.0,692,64,77,69.2,6.713171133426189,69.2,0.0024240016937255,10,0.9124514073929124,42.25
20.0,6,64.0,509.6050057712168,0.0,0.0,1.0,0.0,0.0,0.0,0.0,0,0,0,10,0,0.0196230411529541,0.0,1.0,0.0,0.0,0.0,0.0,0.0,1.0,0.0,0.0,0.0,0.0,0.0,1.0,1.0,652,64,66,65.2,1.0327955589886444,65.2,0.0021892070770263,10,0.9101374495989096,1.0
20.0,6,64.0,287.5962698848053,0.0,0.0,0.9,0.1,0.1,0.0,0.0,1,0,0,9,0,0.0347709655761718,0.0,1.0,0.0,0.0,0.0,0.0,0.0,1.0,0.0,0.0,0.0,0.0,0.0,1.0,1.0,1373,54,211,137.3,77.7689598175976,137.3,0.0036131858825683,10,0.9584379934712964,5443.21
20.0,6,64.0,2049.601250977326,0.0,0.0,0.5,0.5,0.5,0.0,0.0,5,0,0,5,0,0.0048789978027343,0.0,1.0,0.0,0.0,0.0,0.0,0.0,1.0,0.0,0.0,0.0,0.0,0.0,1.0,1.0,1484,54,213,148.4,81.2488632399111,148.4,0.0005385160446166,10,0.9598555669294102,6086.172839506173
20.0,6,64.0,777.6013645043475,0.0,0.0,0.7,0.3,0.3,0.0,0.0,3,0,0,7,0,0.0128600597381591,0.0,1.0,0.0,0.0,0.0,0.0,0.0,1.0,0.0,0.0,0.0,0.0,0.0,1.0,1.0,1494,54,213,149.4,82.10724693959725,149.4,0.001291799545288,10,0.9602052381133144,6320.25
20.0,6,64.0,532.7927035300992,0.0,0.0,0.5,0.5,0.5,0.0,0.0,5,0,0,5,0,0.0187690258026123,0.0,1.0,0.0,0.0,0.0,0.0,0.0,1.0,0.0,0.0,0.0,0.0,0.0,1.0,1.0,1050,54,213,105.0,74.68154613646756,105.0,0.0020730972290039,10,0.9571803046341514,6320.25
20.0,6,64.0,873.8133333333334,0.0,0.0,0.5,0.5,0.5,0.0,0.0,5,0,0,5,0,0.011444091796875,0.0,1.0,0.0,0.0,0.0,0.0,0.0,1.0,0.0,0.0,0.0,0.0,0.0,1.0,1.0,595,54,65,59.5,5.797509043642029,59.5,0.0011460065841674,10,0.929119703284018,30.25
20.0,6,64.0,962.1949484985432,0.0,0.0,0.5,0.5,0.5,0.0,0.0,5,0,0,5,0,0.0103929042816162,0.0,1.0,0.0,0.0,0.0,0.0,0.0,1.0,0.0,0.0,0.0,0.0,0.0,1.0,1.0,601,54,67,60.1,6.471304179049056,60.1,0.0010424852371215,10,0.9293941804703776,37.69
20.0,6,64.0,1048.759532918261,0.0,0.0,0.5,0.5,0.5,0.0,0.0,5,0,0,5,0,0.0095350742340087,0.0,1.0,0.0,0.0,0.0,0.0,0.0,1.0,0.0,0.0,0.0,0.0,0.0,1.0,1.0,605,54,67,60.5,6.851601597031489,60.5,0.000956106185913,10,0.9295490984265669,42.25
20.0,6,64.0,402.51278753970615,0.0,0.0,0.8,0.2,0.2,0.0,0.0,2,0,0,8,0,0.0248439311981201,0.0,1.0,0.0,0.0,0.0,0.0,0.0,1.0,0.0,0.0,0.0,0.0,0.0,1.0,1.0,626,54,67,62.6,5.94792213951879,62.6,0.0024859905242919,10,0.9291809755627544,42.25
20.0,6,64.0,516.2665091146314,0.0,0.0,1.0,0.0,0.0,0.0,0.0,0,0,0,10,0,0.0193698406219482,0.0,1.0,0.0,0.0,0.0,0.0,0.0,1.0,0.0,0.0,0.0,0.0,0.0,1.0,1.0,665,66,67,66.5,0.5270462766947299,66.5,0.0020925998687744,10,0.0,0.25
20.0,6,64.0,399.8421338620959,0.0,0.0,0.7,0.3,0.3,0.0,0.0,3,0,0,7,0,0.0250098705291748,0.0,1.0,0.0,0.0,0.0,0.0,0.0,1.0,0.0,0.0,0.0,0.0,0.0,1.0,1.0,641,54,67,64.1,5.342700108039421,64.1,0.0026829004287719,10,0.9289344323160108,28.09876543209877
20.0,6,64.0,546.4179260031266,0.0,0.0,0.7,0.3,0.3,0.0,0.0,3,0,0,7,0,0.0183010101318359,0.0,1.0,0.0,0.0,0.0,0.0,0.0,1.0,0.0,0.0,0.0,0.0,0.0,1.0,1.0,612,54,66,61.2,6.196773353931867,61.2,0.0018320083618164,10,0.9292823475934576,36.0
20.0,6,64.0,869.7905520301937,0.0,0.0,0.6,0.4,0.4,0.0,0.0,4,0,0,6,0,0.0114970207214355,0.0,1.0,0.0,0.0,0.0,0.0,0.0,1.0,0.0,0.0,0.0,0.0,0.0,1.0,1.0,612,54,66,61.2,6.196773353931867,61.2,0.0014019012451171,10,0.9292823475934576,34.56
20.0,6,64.0,776.5791520088873,0.0,0.0,0.5,0.5,0.5,0.0,0.0,5,0,0,5,0,0.0128769874572753,0.0,1.0,0.0,0.0,0.0,0.0,0.0,1.0,0.0,0.0,0.0,0.0,0.0,1.0,1.0,610,54,66,61.0,6.055300708194984,61.0,0.0014838933944702,10,0.9292247172964904,35.55555555555556
20.0,6,64.0,908.8416034669556,0.0,0.0,0.5,0.5,0.5,0.0,0.0,5,0,0,5,0,0.0110030174255371,0.0,1.0,0.0,0.0,0.0,0.0,0.0,1.0,0.0,0.0,0.0,0.0,0.0,1.0,1.0,590,54,64,59.0,5.270462766947299,59.0,0.0011019945144653,10,0.9289050057127436,25.0
20.0,6,64.0,982.9862429398391,0.0,0.0,0.5,0.5,0.5,0.0,0.0,5,0,0,5,0,0.0101730823516845,0.0,1.0,0.0,0.0,0.0,0.0,0.0,1.0,0.0,0.0,0.0,0.0,0.0,1.0,1.0,592,54,66,59.2,5.513619500836088,59.2,0.0010193109512329,10,0.9290040580398606,27.360000000000003
20.0,6,64.0,479.820623698721,0.0,0.0,0.5,0.5,0.5,0.0,0.0,5,0,0,5,0,0.0208411216735839,0.0,1.0,0.0,0.0,0.0,0.0,0.0,1.0,0.0,0.0,0.0,0.0,0.0,1.0,1.0,600,54,66,60.0,6.324555320336759,60.0,0.0020868062973022,10,0.9293344008552924,36.0
20.0,6,64.0,745.4817553276577,0.0,0.0,0.6,0.4,0.4,0.0,0.0,4,0,0,6,0,0.0134141445159912,0.0,1.0,0.0,0.0,0.0,0.0,0.0,1.0,0.0,0.0,0.0,0.0,0.0,1.0,1.0,598,54,66,59.8,6.142746399887703,59.8,0.0013463973999023,10,0.9292603391734584,36.0
20.0,6,64.0,639.9218845355791,0.0,0.0,1.0,0.0,0.0,0.0,0.0,0,0,0,10,0,0.0156269073486328,0.0,1.0,0.0,0.0,0.0,0.0,0.0,1.0,0.0,0.0,0.0,0.0,0.0,1.0,1.0,642,64,66,64.2,0.6324555320336759,64.2,0.0017921924591064,10,0.0,0.36
20.0,6,64.0,334.4820051516384,0.0,0.0,0.9,0.1,0.1,0.0,0.0,1,0,0,9,0,0.0298969745635986,0.0,1.0,0.0,0.0,0.0,0.0,0.0,1.0,0.0,0.0,0.0,0.0,0.0,1.0,1.0,660,66,66,66.0,0.0,66.0,0.003150200843811,10,0.0,0.0
20.0,6,64.0,863.2741942123246,0.0,0.0,0.7,0.3,0.3,0.0,0.0,3,0,0,7,0,0.0115838050842285,0.0,1.0,0.0,0.0,0.0,0.0,0.0,1.0,0.0,0.0,0.0,0.0,0.0,1.0,1.0,612,54,66,61.2,6.196773353931867,61.2,0.0011627912521362,10,0.9292823475934576,36.0
20.0,6,64.0,1268.541011371885,0.0,0.0,0.5,0.5,0.5,0.0,0.0,5,0,0,5,0,0.007883071899414,0.0,1.0,0.0,0.0,0.0,0.0,0.0,1.0,0.0,0.0,0.0,0.0,0.0,1.0,1.0,604,54,68,60.4,6.785605679999719,60.4,0.0010538101196289,10,0.9295222143298046,41.44
20.0,6,64.0,1189.5022829755253,0.0,0.0,0.5,0.5,0.5,0.0,0.0,5,0,0,5,0,0.0084068775177001,0.0,1.0,0.0,0.0,0.0,0.0,0.0,1.0,0.0,0.0,0.0,0.0,0.0,1.0,1.0,610,54,68,61.0,7.378647873726218,61.0,0.0010891914367675,10,0.9297637959978412,49.0
20.0,6,64.0,327.255590406192,0.0,0.0,0.6,0.4,0.4,0.0,0.0,4,0,0,6,0,0.0305571556091308,0.0,1.0,0.0,0.0,0.0,0.0,0.0,1.0,0.0,0.0,0.0,0.0,0.0,1.0,1.0,612,54,68,61.2,6.408327915038888,61.2,0.00330171585083,10,0.9293685264594702,47.04
20.0,6,64.0,2765.5967295265727,0.0,0.0,0.6,0.4,0.4,0.0,0.0,4,0,0,6,0,0.0036158561706542,0.0,1.0,0.0,0.0,0.0,0.0,0.0,1.0,0.0,0.0,0.0,0.0,0.0,1.0,1.0,610,54,64,61.0,4.83045891539648,61.0,0.0004227876663208,10,0.928725765743776,25.0
20.0,6,64.0,957.6692467520606,0.0,0.0,0.6,0.4,0.4,0.0,0.0,4,0,0,6,0,0.0104420185089111,0.0,1.0,0.0,0.0,0.0,0.0,0.0,1.0,0.0,0.0,0.0,0.0,0.0,1.0,1.0,600,54,66,60.0,6.324555320336759,60.0,0.0010472059249877,10,0.9293344008552924,36.0
20.0,6,64.0,318.6943142186325,0.0,0.0,0.7,0.3,0.3,0.0,0.0,3,0,0,7,0,0.0313780307769775,0.0,1.0,0.0,0.0,0.0,0.0,0.0,1.0,0.0,0.0,0.0,0.0,0.0,1.0,1.0,624,54,66,62.4,5.796550698475776,62.4,0.0034179925918579,10,0.9291193128925312,36.0
20.0,6,64.0,1039.9444609739164,0.0,0.0,1.0,0.0,0.0,0.0,0.0,0,0,0,10,0,0.0096158981323242,0.0,1.0,0.0,0.0,0.0,0.0,0.0,1.0,0.0,0.0,0.0,0.0,0.0,1.0,1.0,664,66,68,66.4,0.8432740427115678,66.4,0.0009659051895141,10,0.0,0.64
20.0,6,64.0,457.3941112322792,0.0,0.0,1.0,0.0,0.0,0.0,0.0,0,0,0,10,0,0.0218629837036132,0.0,1.0,0.0,0.0,0.0,0.0,0.0,1.0,0.0,0.0,0.0,0.0,0.0,1.0,1.0,672,64,68,67.2,1.6865480854231356,67.2,0.0033119916915893,10,0.910403762228078,2.56
20.0,6,64.0,517.8920333876624,0.0,0.0,0.9,0.1,0.1,0.0,0.0,1,0,0,9,0,0.0193090438842773,0.0,1.0,0.0,0.0,0.0,0.0,0.0,1.0,0.0,0.0,0.0,0.0,0.0,1.0,1.0,644,64,66,64.4,0.8432740427115678,64.4,0.0021385192871093,10,0.0,0.64
20.0,6,64.0,543.831961102107,0.0,0.0,0.9,0.1,0.1,0.0,0.0,1,0,0,9,0,0.018388032913208,0.0,1.0,0.0,0.0,0.0,0.0,0.0,1.0,0.0,0.0,0.0,0.0,0.0,1.0,1.0,636,54,66,63.6,5.059644256269407,63.6,0.0018432855606079,10,0.928819126684234,36.0
20.0,6,64.0,1375.5424373606193,0.0,0.0,0.5,0.5,0.5,0.0,0.0,5,0,0,5,0,0.0072698593139648,0.0,1.0,0.0,0.0,0.0,0.0,0.0,1.0,0.0,0.0,0.0,0.0,0.0,1.0,1.0,900,54,126,90.0,37.94733192202055,90.0,0.001838994026184,10,0.9422162551317544,1296.0
20.0,6,64.0,1020.9342063627292,0.0,0.0,0.5,0.5,0.5,0.0,0.0,5,0,0,5,0,0.0097949504852294,0.0,1.0,0.0,0.0,0.0,0.0,0.0,1.0,0.0,0.0,0.0,0.0,0.0,1.0,1.0,900,54,126,90.0,37.94733192202055,90.0,0.0011196136474609,10,0.9422162551317544,1296.0
20.0,6,64.0,1183.127133226143,0.0,0.0,0.5,0.5,0.5,0.0,0.0,5,0,0,5,0,0.0084521770477294,0.0,1.0,0.0,0.0,0.0,0.0,0.0,1.0,0.0,0.0,0.0,0.0,0.0,1.0,1.0,910,54,128,91.0,39.00142447541001,91.0,0.0010493040084838,10,0.942645650274303,1369.0
20.0,6,64.0,1140.1283027074046,0.0,0.0,0.5,0.5,0.5,0.0,0.0,5,0,0,5,0,0.0087709426879882,0.0,1.0,0.0,0.0,0.0,0.0,0.0,1.0,0.0,0.0,0.0,0.0,0.0,1.0,1.0,910,54,128,91.0,39.00142447541001,91.0,0.0011087894439697,10,0.942645650274303,1369.0
20.0,6,64.0,1948.2112499419388,0.0,0.0,0.5,0.5,0.5,0.0,0.0,5,0,0,5,0,0.0051329135894775,0.0,1.0,0.0,0.0,0.0,0.0,0.0,1.0,0.0,0.0,0.0,0.0,0.0,1.0,1.0,590,54,64,59.0,5.270462766947299,59.0,0.0027472972869873,10,0.9289050057127436,25.0
20.0,6,64.0,2491.271085768591,0.0,0.0,0.5,0.5,0.5,0.0,0.0,5,0,0,5,0,0.0040140151977539,0.0,1.0,0.0,0.0,0.0,0.0,0.0,1.0,0.0,0.0,0.0,0.0,0.0,1.0,1.0,590,54,64,59.0,5.270462766947299,59.0,0.0004640102386474,10,0.9289050057127436,25.0
20.0,6,64.0,818.8641377559985,0.0,0.0,0.6,0.4,0.4,0.0,0.0,4,0,0,6,0,0.0122120380401611,0.0,1.0,0.0,0.0,0.0,0.0,0.0,1.0,0.0,0.0,0.0,0.0,0.0,1.0,1.0,624,54,66,62.4,5.796550698475775,62.4,0.0015398979187011,10,0.9291193128925312,32.0
20.0,6,64.0,337.119341563786,0.0,0.0,0.6,0.4,0.4,0.0,0.0,4,0,0,6,0,0.0296630859375,0.0,1.0,0.0,0.0,0.0,0.0,0.0,1.0,0.0,0.0,0.0,0.0,0.0,1.0,1.0,600,54,66,60.0,6.324555320336759,60.0,0.0029685974121093,10,0.9293344008552924,36.0
20.0,6,64.0,4076.889580093313,0.0,0.0,0.5,0.5,0.5,0.0,0.0,5,0,0,5,0,0.0024528503417968,0.0,1.0,0.0,0.0,0.0,0.0,0.0,1.0,0.0,0.0,0.0,0.0,0.0,1.0,1.0,600,54,66,60.0,6.324555320336759,60.0,0.0002837896347045,10,0.9293344008552924,36.0
20.0,6,64.0,906.6217063311934,0.0,0.0,0.5,0.5,0.5,0.0,0.0,5,0,0,5,0,0.0110299587249755,0.0,1.0,0.0,0.0,0.0,0.0,0.0,1.0,0.0,0.0,0.0,0.0,0.0,1.0,1.0,602,54,67,60.2,6.545566777937908,60.2,0.001140809059143,10,0.9294244320826608,38.56
20.0,6,64.0,1041.3386960623666,0.0,0.0,0.5,0.5,0.5,0.0,0.0,5,0,0,5,0,0.0096030235290527,0.0,1.0,0.0,0.0,0.0,0.0,0.0,1.0,0.0,0.0,0.0,0.0,0.0,1.0,1.0,605,54,67,60.5,6.851601597031489,60.5,0.0011734962463378,10,0.9295490984265669,42.25
20.0,6,64.0,651.1276701440636,0.0,0.0,0.7,0.3,0.3,0.0,0.0,3,0,0,7,0,0.0153579711914062,0.0,1.0,0.0,0.0,0.0,0.0,0.0,1.0,0.0,0.0,0.0,0.0,0.0,1.0,1.0,619,54,67,61.9,5.606543795720617,61.9,0.0017693042755126,10,0.9290419116806248,42.25
20.0,6,64.0,822.832032016322,0.0,0.0,0.5,0.5,0.5,0.0,0.0,5,0,0,5,0,0.012153148651123,0.0,1.0,0.0,0.0,0.0,0.0,0.0,1.0,0.0,0.0,0.0,0.0,0.0,1.0,1.0,600,54,64,60.0,5.163977794943222,60.0,0.001490306854248,10,0.928861627994548,25.0
20.0,6,64.0,747.9544198156107,0.0,0.0,0.6,0.4,0.4,0.0,0.0,4,0,0,6,0,0.0133697986602783,0.0,1.0,0.0,0.0,0.0,0.0,0.0,1.0,0.0,0.0,0.0,0.0,0.0,1.0,1.0,612,54,66,61.2,6.196773353931867,61.2,0.0013404846191406,10,0.9292823475934576,36.0
20.0,6,64.0,412.2692825618998,0.0,0.0,0.8,0.2,0.2,0.0,0.0,2,0,0,8,0,0.0242559909820556,0.0,1.0,0.0,0.0,0.0,0.0,0.0,1.0,0.0,0.0,0.0,0.0,0.0,1.0,1.0,618,54,66,61.8,5.4528280124476085,61.8,0.0024272203445434,10,0.9289792940191508,36.0
20.0,6,64.0,535.6436452799346,0.0,0.0,1.0,0.0,0.0,0.0,0.0,0,0,0,10,0,0.0186691284179687,0.0,1.0,0.0,0.0,0.0,0.0,0.0,1.0,0.0,0.0,0.0,0.0,0.0,1.0,1.0,646,64,66,64.6,0.966091783079296,64.6,0.0018693923950195,10,0.0,0.8400000000000001
20.0,6,64.0,354.8480541455161,0.0,0.0,1.0,0.0,0.0,0.0,0.0,0,0,0,10,0,0.0281810760498046,0.0,1.0,0.0,0.0,0.0,0.0,0.0,1.0,0.0,0.0,0.0,0.0,0.0,1.0,1.0,1917,66,485,191.7,202.3962285551125,191.7,0.0030956029891967,10,0.9887565976642106,36867.81
20.0,6,64.0,512.8702265807461,0.0,0.0,1.0,0.0,0.0,0.0,0.0,0,0,0,10,0,0.0194981098175048,0.0,1.0,0.0,0.0,0.0,0.0,0.0,1.0,0.0,0.0,0.0,0.0,0.0,1.0,1.0,4856,485,487,485.6,0.966091783079296,485.6,0.0021862030029296,10,0.0,0.8400000000000001
20.0,6,64.0,393.8424556560279,0.0,0.0,0.8,0.2,0.2,0.0,0.0,2,0,0,8,0,0.0253908634185791,0.0,1.0,0.0,0.0,0.0,0.0,0.0,1.0,0.0,0.0,0.0,0.0,0.0,1.0,1.0,3595,54,487,359.5,205.32048119951403,359.5,0.0027537822723388,10,1.0,37940.85
20.0,6,64.0,1012.456610423154,0.0,0.0,0.5,0.5,0.5,0.0,0.0,5,0,0,5,0,0.0098769664764404,0.0,1.0,0.0,0.0,0.0,0.0,0.0,1.0,0.0,0.0,0.0,0.0,0.0,1.0,1.0,600,54,66,60.0,6.324555320336759,60.0,0.0009912014007568,10,0.9293344008552924,36.0
20.0,6,64.0,746.2643228239983,0.0,0.0,0.6,0.4,0.4,0.0,0.0,4,0,0,6,0,0.0134000778198242,0.0,1.0,0.0,0.0,0.0,0.0,0.0,1.0,0.0,0.0,0.0,0.0,0.0,1.0,1.0,604,54,68,60.4,6.785605679999719,60.4,0.0013416051864624,10,0.9295222143298046,41.44
20.0,6,64.0,1230.001173020528,0.0,0.0,0.5,0.5,0.5,0.0,0.0,5,0,0,5,0,0.0081300735473632,0.0,1.0,0.0,0.0,0.0,0.0,0.0,1.0,0.0,0.0,0.0,0.0,0.0,1.0,1.0,610,54,68,61.0,7.378647873726218,61.0,0.0010277032852172,10,0.9297637959978412,49.0
20.0,6,64.0,388.34709825562015,0.0,0.0,0.6,0.4,0.4,0.0,0.0,4,0,0,6,0,0.0257501602172851,0.0,1.0,0.0,0.0,0.0,0.0,0.0,1.0,0.0,0.0,0.0,0.0,0.0,1.0,1.0,612,54,68,61.2,6.408327915038888,61.2,0.0029947042465209,10,0.9293685264594702,49.0
20.0,6,64.0,246.78037902813,0.0,0.0,0.9,0.1,0.1,0.0,0.0,1,0,0,9,0,0.0405218601226806,0.0,1.0,0.0,0.0,0.0,0.0,0.0,1.0,0.0,0.0,0.0,0.0,0.0,1.0,1.0,634,54,66,63.4,3.40587727318528,63.4,0.0040536880493164,10,0.9281454481660047,25.0
20.0,6,64.0,696.0922745000415,0.0,0.0,0.6,0.4,0.4,0.0,0.0,4,0,0,6,0,0.0143659114837646,0.0,1.0,0.0,0.0,0.0,0.0,0.0,1.0,0.0,0.0,0.0,0.0,0.0,1.0,1.0,624,54,66,62.4,5.796550698475775,62.4,0.0014379978179931,10,0.9291193128925312,36.0
20.0,6,64.0,1868.120434705149,0.0,0.0,0.6,0.4,0.4,0.0,0.0,4,0,0,6,0,0.0053529739379882,0.0,1.0,0.0,0.0,0.0,0.0,0.0,1.0,0.0,0.0,0.0,0.0,0.0,1.0,1.0,592,54,66,59.2,5.513619500836088,59.2,0.0005366086959838,10,0.9290040580398606,36.0
20.0,6,64.0,644.9897737932307,0.0,0.0,0.6,0.4,0.4,0.0,0.0,4,0,0,6,0,0.0155041217803955,0.0,1.0,0.0,0.0,0.0,0.0,0.0,1.0,0.0,0.0,0.0,0.0,0.0,1.0,1.0,612,54,66,61.2,5.00666222813829,61.2,0.0017703056335449,10,0.9287975439252544,25.0
20.0,6,64.0,723.5301017767811,0.0,0.0,0.6,0.4,0.4,0.0,0.0,4,0,0,6,0,0.0138211250305175,0.0,1.0,0.0,0.0,0.0,0.0,0.0,1.0,0.0,0.0,0.0,0.0,0.0,1.0,1.0,612,54,66,61.2,6.196773353931867,61.2,0.0013859987258911,10,0.9292823475934576,36.0
20.0,6,64.0,891.0211798695643,0.0,0.0,0.6,0.4,0.4,0.0,0.0,4,0,0,6,0,0.0112230777740478,0.0,1.0,0.0,0.0,0.0,0.0,0.0,1.0,0.0,0.0,0.0,0.0,0.0,1.0,1.0,600,54,66,60.0,6.324555320336759,60.0,0.0011260986328125,10,0.9293344008552924,36.0
20.0,6,64.0,644.2863287250384,0.0,0.0,0.5,0.5,0.5,0.0,0.0,5,0,0,5,0,0.0155210494995117,0.0,1.0,0.0,0.0,0.0,0.0,0.0,1.0,0.0,0.0,0.0,0.0,0.0,1.0,1.0,612,54,66,61.2,6.196773353931867,61.2,0.0017873048782348,10,0.9292823475934576,36.0
20.0,6,64.0,964.78446887795,0.0,0.0,0.5,0.5,0.5,0.0,0.0,5,0,0,5,0,0.0103650093078613,0.0,1.0,0.0,0.0,0.0,0.0,0.0,1.0,0.0,0.0,0.0,0.0,0.0,1.0,1.0,606,54,68,60.6,6.995236474439826,60.6,0.0010408878326416,10,0.9296076095302278,44.04
20.0,6,64.0,749.5718064193295,0.0,0.0,0.6,0.4,0.4,0.0,0.0,4,0,0,6,0,0.013340950012207,0.0,1.0,0.0,0.0,0.0,0.0,0.0,1.0,0.0,0.0,0.0,0.0,0.0,1.0,1.0,624,54,68,62.4,7.229568912920511,62.4,0.0013396024703979,10,0.9297030671923672,49.0
20.0,6,64.0,572.2106412005458,0.0,0.0,0.9,0.1,0.1,0.0,0.0,1,0,0,9,0,0.0174760818481445,0.0,1.0,0.0,0.0,0.0,0.0,0.0,1.0,0.0,0.0,0.0,0.0,0.0,1.0,1.0,638,54,68,63.8,5.202563470700445,63.8,0.0017507076263427,10,0.9288773462554244,49.0
20.0,6,64.0,439.6222499397319,0.0,0.0,1.0,0.0,0.0,0.0,0.0,0,0,0,10,0,0.0227468013763427,0.0,1.0,0.0,0.0,0.0,0.0,0.0,1.0,0.0,0.0,0.0,0.0,0.0,1.0,1.0,674,66,68,67.4,0.9660917830792958,67.4,0.0024824857711791,10,0.0,1.0
20.0,6,64.0,434.7825726399154,0.0,0.0,1.0,0.0,0.0,0.0,0.0,0,0,0,10,0,0.0230000019073486,0.0,1.0,0.0,0.0,0.0,0.0,0.0,1.0,0.0,0.0,0.0,0.0,0.0,1.0,1.0,2626,68,346,262.6,134.28675784802215,262.6,0.0025983095169067,10,0.9576032636769704,19321.0
20.0,6,64.0,508.6717764625983,0.0,0.0,1.0,0.0,0.0,0.0,0.0,0,0,0,10,0,0.0196590423583984,0.0,1.0,0.0,0.0,0.0,0.0,0.0,1.0,0.0,0.0,0.0,0.0,0.0,1.0,1.0,3474,346,348,347.4,0.9660917830792958,347.4,0.0021919965744018,10,0.0,1.0
20.0,6,64.0,562.7747588187149,0.0,0.0,0.7,0.3,0.3,0.0,0.0,3,0,0,7,0,0.0177690982818603,0.0,1.0,0.0,0.0,0.0,0.0,0.0,1.0,0.0,0.0,0.0,0.0,0.0,1.0,1.0,1487,54,348,148.7,137.62755699511794,148.7,0.0019694089889526,10,0.9828219916175313,19805.38775510204
20.0,6,64.0,697.9339723109691,0.0,0.0,0.8,0.2,0.2,0.0,0.0,2,0,0,8,0,0.0143280029296875,0.0,1.0,0.0,0.0,0.0,0.0,0.0,1.0,0.0,0.0,0.0,0.0,0.0,1.0,1.0,635,54,69,63.5,6.60387091871965,63.5,0.0014348030090332,10,0.9294481828574496,42.25
20.0,6,64.0,999.2862078002526,0.0,0.0,0.6,0.4,0.4,0.0,0.0,4,0,0,6,0,0.0100071430206298,0.0,1.0,0.0,0.0,0.0,0.0,0.0,1.0,0.0,0.0,0.0,0.0,0.0,1.0,1.0,630,54,69,63.0,7.745966692414834,63.0,0.0012434959411621,10,0.929913426991822,56.25
20.0,6,64.0,374.8126965970832,0.0,0.0,0.9,0.1,0.1,0.0,0.0,1,0,0,9,0,0.0266799926757812,0.0,1.0,0.0,0.0,0.0,0.0,0.0,1.0,0.0,0.0,0.0,0.0,0.0,1.0,1.0,640,54,69,64.0,4.08248290463863,64.0,0.0029448986053466,10,0.9284210702360336,56.25
20.0,6,64.0,524.8784882993367,0.0,0.0,1.0,0.0,0.0,0.0,0.0,0,0,0,10,0,0.0190520286560058,0.0,1.0,0.0,0.0,0.0,0.0,0.0,1.0,0.0,0.0,0.0,0.0,0.0,1.0,1.0,654,64,66,65.4,0.9660917830792958,65.4,0.0021122932434082,10,0.0,1.0
20.0,6,64.0,379.3484434636326,0.0,0.0,0.9,0.1,0.1,0.0,0.0,1,0,0,9,0,0.0263609886169433,0.0,1.0,0.0,0.0,0.0,0.0,0.0,1.0,0.0,0.0,0.0,0.0,0.0,1.0,1.0,636,54,66,63.6,3.5023801430836525,63.6,0.0028155088424682,10,0.9281847595750866,13.75
20.0,6,64.0,513.6113049973673,0.0,0.0,0.9,0.1,0.1,0.0,0.0,1,0,0,9,0,0.0194699764251709,0.0,1.0,0.0,0.0,0.0,0.0,0.0,1.0,0.0,0.0,0.0,0.0,0.0,1.0,1.0,640,54,66,64.0,3.651483716701108,64.0,0.0022002935409545,10,0.9282454984068352,16.0
20.0,6,64.0,424.4301876100464,0.0,0.0,0.7,0.3,0.3,0.0,0.0,3,0,0,7,0,0.0235610008239746,0.0,1.0,0.0,0.0,0.0,0.0,0.0,1.0,0.0,0.0,0.0,0.0,0.0,1.0,1.0,630,54,66,63.0,4.83045891539648,63.0,0.0023598909378051,10,0.928725765743776,23.20987654320988
20.0,6,64.0,608.1610045384024,0.0,0.0,0.5,0.5,0.5,0.0,0.0,5,0,0,5,0,0.0164430141448974,0.0,1.0,0.0,0.0,0.0,0.0,0.0,1.0,0.0,0.0,0.0,0.0,0.0,1.0,1.0,590,54,64,59.0,5.270462766947299,59.0,0.0016460180282592,10,0.9289050057127436,25.0
20.0,6,64.0,1216.6924839729645,0.0,0.0,0.5,0.5,0.5,0.0,0.0,5,0,0,5,0,0.0082190036773681,0.0,1.0,0.0,0.0,0.0,0.0,0.0,1.0,0.0,0.0,0.0,0.0,0.0,1.0,1.0,596,54,66,59.6,5.94792213951879,59.6,0.0008697032928466,10,0.9291809755627544,31.84
20.0,6,64.0,762.7255369060392,0.0,0.0,0.5,0.5,0.5,0.0,0.0,5,0,0,5,0,0.013110876083374,0.0,1.0,0.0,0.0,0.0,0.0,0.0,1.0,0.0,0.0,0.0,0.0,0.0,1.0,1.0,600,54,66,60.0,6.324555320336759,60.0,0.0013131856918334,10,0.9293344008552924,36.0
20.0,6,64.0,681.4355575051583,0.0,0.0,0.6,0.4,0.4,0.0,0.0,4,0,0,6,0,0.0146749019622802,0.0,1.0,0.0,0.0,0.0,0.0,0.0,1.0,0.0,0.0,0.0,0.0,0.0,1.0,1.0,594,54,66,59.4,5.738757124441959,59.4,0.0014693975448608,10,0.9290957701022128,36.0
20.0,6,64.0,763.475253472159,0.0,0.0,0.7,0.3,0.3,0.0,0.0,3,0,0,7,0,0.0130980014801025,0.0,1.0,0.0,0.0,0.0,0.0,0.0,1.0,0.0,0.0,0.0,0.0,0.0,1.0,1.0,610,54,64,61.0,4.83045891539648,61.0,0.0015258073806762,10,0.928725765743776,21.0
20.0,6,64.0,780.08890211468,0.0,0.0,0.5,0.5,0.5,0.0,0.0,5,0,0,5,0,0.0128190517425537,0.0,1.0,0.0,0.0,0.0,0.0,0.0,1.0,0.0,0.0,0.0,0.0,0.0,1.0,1.0,612,54,66,61.2,6.196773353931867,61.2,0.001409101486206,10,0.9292823475934576,36.0
20.0,6,64.0,481.18578344767457,0.0,0.0,0.7,0.3,0.3,0.0,0.0,3,0,0,7,0,0.0207819938659667,0.0,1.0,0.0,0.0,0.0,0.0,0.0,1.0,0.0,0.0,0.0,0.0,0.0,1.0,1.0,608,54,66,60.8,5.902918298980975,60.8,0.0020808935165405,10,0.9291626427982728,36.0
20.0,6,64.0,915.2473432692516,0.0,0.0,0.5,0.5,0.5,0.0,0.0,5,0,0,5,0,0.0109260082244873,0.0,1.0,0.0,0.0,0.0,0.0,0.0,1.0,0.0,0.0,0.0,0.0,0.0,1.0,1.0,590,54,64,59.0,5.270462766947299,59.0,0.001232099533081,10,0.9289050057127436,25.0
20.0,6,64.0,1169.4699567823784,0.0,0.0,0.5,0.5,0.5,0.0,0.0,5,0,0,5,0,0.0085508823394775,0.0,1.0,0.0,0.0,0.0,0.0,0.0,1.0,0.0,0.0,0.0,0.0,0.0,1.0,1.0,594,54,66,59.4,5.738757124441959,59.4,0.001094102859497,10,0.9290957701022128,29.64
20.0,6,64.0,918.4540258830228,0.0,0.0,0.5,0.5,0.5,0.0,0.0,5,0,0,5,0,0.010887861251831,0.0,1.0,0.0,0.0,0.0,0.0,0.0,1.0,0.0,0.0,0.0,0.0,0.0,1.0,1.0,612,54,66,61.2,6.196773353931867,61.2,0.0012831926345825,10,0.9292823475934576,36.0
20.0,6,64.0,430.64437964598136,0.0,0.0,0.9,0.1,0.1,0.0,0.0,1,0,0,9,0,0.0232210159301757,0.0,1.0,0.0,0.0,0.0,0.0,0.0,1.0,0.0,0.0,0.0,0.0,0.0,1.0,1.0,636,54,66,63.6,5.059644256269407,63.6,0.002324104309082,10,0.928819126684234,36.0
20.0,6,64.0,541.5079529022929,0.0,0.0,1.0,0.0,0.0,0.0,0.0,0,0,0,10,0,0.0184669494628906,0.0,1.0,0.0,0.0,0.0,0.0,0.0,1.0,0.0,0.0,0.0,0.0,0.0,1.0,1.0,672,66,68,67.2,1.0327955589886444,67.2,0.0021517038345336,10,0.9067291895989096,1.0
20.0,6,64.0,476.5767137451852,0.0,0.0,0.7,0.3,0.3,0.0,0.0,3,0,0,7,0,0.0209829807281494,0.0,1.0,0.0,0.0,0.0,0.0,0.0,1.0,0.0,0.0,0.0,0.0,0.0,1.0,1.0,626,54,68,62.6,6.186005711819758,62.6,0.0023365974426269,10,0.9292779612867668,34.44
20.0,6,64.0,990.8819012969832,0.0,0.0,0.5,0.5,0.5,0.0,0.0,5,0,0,5,0,0.01009202003479,0.0,1.0,0.0,0.0,0.0,0.0,0.0,1.0,0.0,0.0,0.0,0.0,0.0,1.0,1.0,590,54,64,59.0,5.270462766947299,59.0,0.001288104057312,10,0.9289050057127436,25.0
20.0,6,64.0,875.1260223668836,0.0,0.0,0.5,0.5,0.5,0.0,0.0,5,0,0,5,0,0.0114269256591796,0.0,1.0,0.0,0.0,0.0,0.0,0.0,1.0,0.0,0.0,0.0,0.0,0.0,1.0,1.0,608,54,66,60.8,5.902918298980975,60.8,0.0012816905975341,10,0.9291626427982728,31.50617283950617
20.0,6,64.0,737.9530939352886,0.0,0.0,0.6,0.4,0.4,0.0,0.0,4,0,0,6,0,0.0135509967803955,0.0,1.0,0.0,0.0,0.0,0.0,0.0,1.0,0.0,0.0,0.0,0.0,0.0,1.0,1.0,612,54,66,61.2,6.196773353931867,61.2,0.0013571977615356,10,0.9292823475934576,36.0
20.0,6,64.0,563.5384532702747,0.0,0.0,0.5,0.5,0.5,0.0,0.0,5,0,0,5,0,0.017745018005371,0.0,1.0,0.0,0.0,0.0,0.0,0.0,1.0,0.0,0.0,0.0,0.0,0.0,1.0,1.0,600,54,66,60.0,6.324555320336759,60.0,0.0017772197723388,10,0.9293344008552924,36.0
20.0,6,64.0,805.0796575684287,0.0,0.0,0.5,0.5,0.5,0.0,0.0,5,0,0,5,0,0.0124211311340332,0.0,1.0,0.0,0.0,0.0,0.0,0.0,1.0,0.0,0.0,0.0,0.0,0.0,1.0,1.0,600,54,66,60.0,6.324555320336759,60.0,0.0012449979782104,10,0.9293344008552924,36.0
20.0,6,64.0,536.7129037211445,0.0,0.0,0.5,0.5,0.5,0.0,0.0,5,0,0,5,0,0.0186319351196289,0.0,1.0,0.0,0.0,0.0,0.0,0.0,1.0,0.0,0.0,0.0,0.0,0.0,1.0,1.0,610,54,68,61.0,7.378647873726218,61.0,0.0018664836883544,10,0.9297637959978412,49.0
20.0,6,64.0,2461.3015668094595,0.0,0.0,0.5,0.5,0.5,0.0,0.0,5,0,0,5,0,0.0040628910064697,0.0,1.0,0.0,0.0,0.0,0.0,0.0,1.0,0.0,0.0,0.0,0.0,0.0,1.0,1.0,610,54,68,61.0,7.378647873726218,61.0,0.0004106998443603,10,0.9297637959978412,49.0
20.0,6,64.0,552.9443404434835,0.0,0.0,0.6,0.4,0.4,0.0,0.0,4,0,0,6,0,0.0180850028991699,0.0,1.0,0.0,0.0,0.0,0.0,0.0,1.0,0.0,0.0,0.0,0.0,0.0,1.0,1.0,2095,54,365,209.5,163.911392052061,209.5,0.001810598373413,10,0.9935289746663276,24180.25
20.0,6,64.0,835.7018470182709,0.0,0.0,0.6,0.4,0.4,0.0,0.0,4,0,0,6,0,0.0119659900665283,0.0,1.0,0.0,0.0,0.0,0.0,0.0,1.0,0.0,0.0,0.0,0.0,0.0,1.0,1.0,2408,54,367,240.8,160.77299386263712,240.8,0.0013489007949829,10,0.992250516779884,23263.16
20.0,6,64.0,960.058597326497,0.0,0.0,0.6,0.4,0.4,0.0,0.0,4,0,0,6,0,0.010416030883789,0.0,1.0,0.0,0.0,0.0,0.0,0.0,1.0,0.0,0.0,0.0,0.0,0.0,1.0,1.0,2418,54,367,241.8,161.63250498172286,241.8,0.0012111186981201,10,0.9926006472293546,24492.25
20.0,6,64.0,461.44496396941526,0.0,0.0,0.7,0.3,0.3,0.0,0.0,3,0,0,7,0,0.0216710567474365,0.0,1.0,0.0,0.0,0.0,0.0,0.0,1.0,0.0,0.0,0.0,0.0,0.0,1.0,1.0,1527,54,367,152.7,147.97375893493188,152.7,0.0024083852767944,10,0.9870366204397338,24492.25
20.0,6,64.0,458.2536491565423,0.0,0.0,1.0,0.0,0.0,0.0,0.0,0,0,0,10,0,0.0218219757080078,0.0,1.0,0.0,0.0,0.0,0.0,0.0,1.0,0.0,0.0,0.0,0.0,0.0,1.0,1.0,668,66,68,66.8,1.0327955589886444,66.8,0.0021831035614013,10,0.9067291895989096,0.96
20.0,6,64.0,336.1116765099488,0.0,0.0,0.8,0.2,0.2,0.0,0.0,2,0,0,8,0,0.0297520160675048,0.0,1.0,0.0,0.0,0.0,0.0,0.0,1.0,0.0,0.0,0.0,0.0,0.0,1.0,1.0,644,54,68,64.4,5.719362823873924,64.4,0.0031852006912231,10,0.9290878696399332,29.440000000000005
20.0,6,64.0,1403.1057438196233,0.0,0.0,0.7,0.3,0.3,0.0,0.0,3,0,0,7,0,0.007127046585083,0.0,1.0,0.0,0.0,0.0,0.0,0.0,1.0,0.0,0.0,0.0,0.0,0.0,1.0,1.0,610,54,64,61.0,4.83045891539648,61.0,0.0007504940032958,10,0.928725765743776,22.22222222222222
20.0,6,64.0,800.3175087772859,0.0,0.0,0.6,0.4,0.4,0.0,0.0,4,0,0,6,0,0.0124950408935546,0.0,1.0,0.0,0.0,0.0,0.0,0.0,1.0,0.0,0.0,0.0,0.0,0.0,1.0,1.0,622,54,66,62.2,5.692099788303083,62.2,0.001493501663208,10,0.9290767637697632,30.61728395061728
20.0,6,64.0,454.8150075905443,0.0,0.0,0.6,0.4,0.4,0.0,0.0,4,0,0,6,0,0.021986961364746,0.0,1.0,0.0,0.0,0.0,0.0,0.0,1.0,0.0,0.0,0.0,0.0,0.0,1.0,1.0,726,54,123,72.6,27.15879231482873,72.6,0.0022016048431396,10,0.9378214356373686,663.84
20.0,6,64.0,1029.453893920428,0.0,0.0,0.5,0.5,0.5,0.0,0.0,5,0,0,5,0,0.0097138881683349,0.0,1.0,0.0,0.0,0.0,0.0,0.0,1.0,0.0,0.0,0.0,0.0,0.0,1.0,1.0,885,54,123,88.5,36.36619309193636,88.5,0.0009737968444824,10,0.9415721624179312,1190.25
20.0,6,64.0,823.3165829145729,0.0,0.0,0.5,0.5,0.5,0.0,0.0,5,0,0,5,0,0.01214599609375,0.0,1.0,0.0,0.0,0.0,0.0,0.0,1.0,0.0,0.0,0.0,0.0,0.0,1.0,1.0,889,54,125,88.9,36.79507817327988,88.9,0.0012162923812866,10,0.9417468730446672,1218.4900000000002
20.0,6,64.0,892.3861194442671,0.0,0.0,0.6,0.4,0.4,0.0,0.0,4,0,0,6,0,0.0112059116363525,0.0,1.0,0.0,0.0,0.0,0.0,0.0,1.0,0.0,0.0,0.0,0.0,0.0,1.0,1.0,895,54,125,89.5,37.42028564532582,89.5,0.0011229038238525,10,0.94200155756048,1260.25
20.0,6,64.0,542.2991091630787,0.0,0.0,0.5,0.5,0.5,0.0,0.0,5,0,0,5,0,0.0184400081634521,0.0,1.0,0.0,0.0,0.0,0.0,0.0,1.0,0.0,0.0,0.0,0.0,0.0,1.0,1.0,783,54,125,78.3,32.5202501015393,78.3,0.002145504951477,10,0.940005479081363,1260.25
20.0,6,64.0,845.5917100116931,0.0,0.0,0.5,0.5,0.5,0.0,0.0,5,0,0,5,0,0.0118260383605957,0.0,1.0,0.0,0.0,0.0,0.0,0.0,1.0,0.0,0.0,0.0,0.0,0.0,1.0,1.0,590,54,64,59.0,5.270462766947299,59.0,0.0011873960494995,10,0.9289050057127436,25.0
20.0,6,64.0,962.3715668953492,0.0,0.0,0.5,0.5,0.5,0.0,0.0,5,0,0,5,0,0.0103909969329833,0.0,1.0,0.0,0.0,0.0,0.0,0.0,1.0,0.0,0.0,0.0,0.0,0.0,1.0,1.0,596,54,66,59.6,5.94792213951879,59.6,0.0010411977767944,10,0.9291809755627544,31.84
20.0,6,64.0,892.8610354223433,0.0,0.0,0.5,0.5,0.5,0.0,0.0,5,0,0,5,0,0.011199951171875,0.0,1.0,0.0,0.0,0.0,0.0,0.0,1.0,0.0,0.0,0.0,0.0,0.0,1.0,1.0,600,54,66,60.0,6.324555320336759,60.0,0.0011242151260375,10,0.9293344008552924,36.0
20.0,6,64.0,455.0173032903373,0.0,0.0,0.8,0.2,0.2,0.0,0.0,2,0,0,8,0,0.0219771862030029,0.0,1.0,0.0,0.0,0.0,0.0,0.0,1.0,0.0,0.0,0.0,0.0,0.0,1.0,1.0,624,54,66,62.4,5.796550698475776,62.4,0.0022006034851074,10,0.9291193128925312,36.0
20.0,6,64.0,349.3943104669082,0.0,0.0,1.0,0.0,0.0,0.0,0.0,0,0,0,10,0,0.028620958328247,0.0,1.0,0.0,0.0,0.0,0.0,0.0,1.0,0.0,0.0,0.0,0.0,0.0,1.0,1.0,670,66,68,67.0,1.0540925533894598,67.0,0.0030346870422363,10,0.9067378651425488,1.0
20.0,6,64.0,519.0777570139722,0.0,0.0,0.8,0.2,0.2,0.0,0.0,2,0,0,8,0,0.0192649364471435,0.0,1.0,0.0,0.0,0.0,0.0,0.0,1.0,0.0,0.0,0.0,0.0,0.0,1.0,1.0,658,54,68,65.8,4.263540521418528,65.8,0.0019293069839477,10,0.9284948258668052,23.346938775510207
20.0,6,64.0,846.6670703889864,0.0,0.0,0.6,0.4,0.4,0.0,0.0,4,0,0,6,0,0.0118110179901123,0.0,1.0,0.0,0.0,0.0,0.0,0.0,1.0,0.0,0.0,0.0,0.0,0.0,1.0,1.0,600,54,66,60.0,6.324555320336759,60.0,0.0011833906173706,10,0.9293344008552924,36.0
20.0,6,64.0,641.02703611438,0.0,0.0,0.7,0.3,0.3,0.0,0.0,3,0,0,7,0,0.0155999660491943,0.0,1.0,0.0,0.0,0.0,0.0,0.0,1.0,0.0,0.0,0.0,0.0,0.0,1.0,1.0,636,54,68,63.6,6.65331997326648,63.6,0.0017035961151123,10,0.92946832642431,39.84
20.0,6,64.0,602.3356406353219,0.0,0.0,0.7,0.3,0.3,0.0,0.0,3,0,0,7,0,0.0166020393371582,0.0,1.0,0.0,0.0,0.0,0.0,0.0,1.0,0.0,0.0,0.0,0.0,0.0,1.0,1.0,626,54,68,62.6,6.186005711819758,62.6,0.0023475170135498,10,0.9292779612867668,48.0
20.0,6,64.0,467.9471617279543,0.0,0.0,1.0,0.0,0.0,0.0,0.0,0,0,0,10,0,0.0213699340820312,0.0,1.0,0.0,0.0,0.0,0.0,0.0,1.0,0.0,0.0,0.0,0.0,0.0,1.0,1.0,646,64,66,64.6,0.966091783079296,64.6,0.0022280931472778,10,0.0,0.8400000000000001
20.0,6,64.0,345.10227254027546,0.0,0.0,1.0,0.0,0.0,0.0,0.0,0,0,0,10,0,0.0289769172668457,0.0,1.0,0.0,0.0,0.0,0.0,0.0,1.0,0.0,0.0,0.0,0.0,0.0,1.0,1.0,735,66,91,73.5,12.0761472884912,73.5,0.0030576944351196,10,0.9112278093594398,131.25
20.0,6,64.0,586.3453231375729,0.0,0.0,1.0,0.0,0.0,0.0,0.0,0,0,0,10,0,0.017054796218872,0.0,1.0,0.0,0.0,0.0,0.0,0.0,1.0,0.0,0.0,0.0,0.0,0.0,1.0,1.0,916,91,93,91.6,0.966091783079296,91.6,0.0017066955566406,10,0.0,0.8400000000000001
20.0,6,64.0,345.0199478476889,0.0,0.0,0.8,0.2,0.2,0.0,0.0,2,0,0,8,0,0.0289838314056396,0.0,1.0,0.0,0.0,0.0,0.0,0.0,1.0,0.0,0.0,0.0,0.0,0.0,1.0,1.0,833,54,93,83.3,15.85384636119716,83.3,0.0031589031219482,10,0.9332162528536972,226.21
20.0,6,64.0,1019.0490536699142,0.0,0.0,0.5,0.5,0.5,0.0,0.0,5,0,0,5,0,0.0098130702972412,0.0,1.0,0.0,0.0,0.0,0.0,0.0,1.0,0.0,0.0,0.0,0.0,0.0,1.0,1.0,590,54,64,59.0,5.270462766947299,59.0,0.0009858131408691,10,0.9289050057127436,25.0
20.0,6,64.0,939.8368737115712,0.0,0.0,0.5,0.5,0.5,0.0,0.0,5,0,0,5,0,0.0106401443481445,0.0,1.0,0.0,0.0,0.0,0.0,0.0,1.0,0.0,0.0,0.0,0.0,0.0,1.0,1.0,594,54,66,59.4,5.738757124441959,59.4,0.0010663986206054,10,0.9290957701022128,29.64
20.0,6,64.0,1020.2140494259584,0.0,0.0,0.5,0.5,0.5,0.0,0.0,5,0,0,5,0,0.0098018646240234,0.0,1.0,0.0,0.0,0.0,0.0,0.0,1.0,0.0,0.0,0.0,0.0,0.0,1.0,1.0,600,54,66,60.0,6.324555320336759,60.0,0.0009811878204345,10,0.9293344008552924,36.0
20.0,6,64.0,485.03642713416747,0.0,0.0,0.6,0.4,0.4,0.0,0.0,4,0,0,6,0,0.0206170082092285,0.0,1.0,0.0,0.0,0.0,0.0,0.0,1.0,0.0,0.0,0.0,0.0,0.0,1.0,1.0,700,54,116,70.0,24.855135843076333,70.0,0.0020636081695556,10,0.9368830181370356,556.0
20.0,6,64.0,899.5247490778073,0.0,0.0,0.5,0.5,0.5,0.0,0.0,5,0,0,5,0,0.0111169815063476,0.0,1.0,0.0,0.0,0.0,0.0,0.0,1.0,0.0,0.0,0.0,0.0,0.0,1.0,1.0,912,54,116,91.2,32.01666232864798,91.2,0.0013997077941894,10,0.939800337566198,961.0
20.0,6,64.0,808.6808313731539,0.0,0.0,0.6,0.4,0.4,0.0,0.0,4,0,0,6,0,0.0123658180236816,0.0,1.0,0.0,0.0,0.0,0.0,0.0,1.0,0.0,0.0,0.0,0.0,0.0,1.0,1.0,920,54,118,92.0,32.71425105702746,92.0,0.0012396812438964,10,0.9400845073105908,986.7654320987654
20.0,6,64.0,747.4345997576448,0.0,0.0,0.6,0.4,0.4,0.0,0.0,4,0,0,6,0,0.0133790969848632,0.0,1.0,0.0,0.0,0.0,0.0,0.0,1.0,0.0,0.0,0.0,0.0,0.0,1.0,1.0,924,54,118,92.4,33.04945788763663,92.4,0.0013399124145507,10,0.9402210571651076,1024.0
20.0,6,64.0,369.4250281848929,0.0,0.0,1.0,0.0,0.0,0.0,0.0,0,0,0,10,0,0.027069091796875,0.0,1.0,0.0,0.0,0.0,0.0,0.0,1.0,0.0,0.0,0.0,0.0,0.0,1.0,1.0,11142,54,1232,1114.2,372.5163083678352,1114.2,0.0027086019515991,10,1.0,346921.0
20.0,6,64.0,508.7519862207829,0.0,0.0,1.0,0.0,0.0,0.0,0.0,0,0,0,10,0,0.0196559429168701,0.0,1.0,0.0,0.0,0.0,0.0,0.0,1.0,0.0,0.0,0.0,0.0,0.0,1.0,1.0,12329,1232,1233,1232.9,0.3162277660168379,1232.9,0.0022315979003906,10,0.0,0.25
20.0,6,64.0,536.9671365108627,0.0,0.0,0.5,0.5,0.5,0.0,0.0,5,0,0,5,0,0.0186231136322021,0.0,1.0,0.0,0.0,0.0,0.0,0.0,1.0,0.0,0.0,0.0,0.0,0.0,1.0,1.0,1769,54,1233,176.9,371.1089836931702,176.9,0.0020308971405029,10,1.0,341640.25
20.0,6,64.0,784.1286221723686,0.0,0.0,0.6,0.4,0.4,0.0,0.0,4,0,0,6,0,0.0127530097961425,0.0,1.0,0.0,0.0,0.0,0.0,0.0,1.0,0.0,0.0,0.0,0.0,0.0,1.0,1.0,602,54,66,60.2,5.370702416299421,60.2,0.0012769937515258,10,0.9289458393363036,25.96
20.0,6,64.0,1038.965568491454,0.0,0.0,0.5,0.5,0.5,0.0,0.0,5,0,0,5,0,0.00962495803833,0.0,1.0,0.0,0.0,0.0,0.0,0.0,1.0,0.0,0.0,0.0,0.0,0.0,1.0,1.0,600,54,66,60.0,6.324555320336759,60.0,0.0009642124176025,10,0.9293344008552924,36.0
20.0,6,64.0,449.35761731304905,0.0,0.0,0.5,0.5,0.5,0.0,0.0,5,0,0,5,0,0.0222539901733398,0.0,1.0,0.0,0.0,0.0,0.0,0.0,1.0,0.0,0.0,0.0,0.0,0.0,1.0,1.0,600,54,66,60.0,6.324555320336759,60.0,0.002227783203125,10,0.9293344008552924,36.0
20.0,6,64.0,818.4646606564414,0.0,0.0,0.6,0.4,0.4,0.0,0.0,4,0,0,6,0,0.0122179985046386,0.0,1.0,0.0,0.0,0.0,0.0,0.0,1.0,0.0,0.0,0.0,0.0,0.0,1.0,1.0,612,54,66,61.2,6.196773353931867,61.2,0.0012261152267456,10,0.9292823475934576,36.0
20.0,6,64.0,946.4322946047791,0.0,0.0,0.6,0.4,0.4,0.0,0.0,4,0,0,6,0,0.0105659961700439,0.0,1.0,0.0,0.0,0.0,0.0,0.0,1.0,0.0,0.0,0.0,0.0,0.0,1.0,1.0,604,54,68,60.4,6.785605679999718,60.4,0.0010604858398437,10,0.9295222143298046,41.44
20.0,6,64.0,1173.9871805637192,0.0,0.0,0.5,0.5,0.5,0.0,0.0,5,0,0,5,0,0.0085179805755615,0.0,1.0,0.0,0.0,0.0,0.0,0.0,1.0,0.0,0.0,0.0,0.0,0.0,1.0,1.0,610,54,68,61.0,7.378647873726218,61.0,0.0010491132736206,10,0.9297637959978412,49.0
20.0,6,64.0,360.1899576631429,0.0,0.0,1.0,0.0,0.0,0.0,0.0,0,0,0,10,0,0.0277631282806396,0.0,1.0,0.0,0.0,0.0,0.0,0.0,1.0,0.0,0.0,0.0,0.0,0.0,1.0,1.0,652,64,68,65.2,1.932183566158592,65.2,0.0031429052352905,10,0.9105038242975104,4.0
20.0,6,64.0,508.6964536942706,0.0,0.0,1.0,0.0,0.0,0.0,0.0,0,0,0,10,0,0.019658088684082,0.0,1.0,0.0,0.0,0.0,0.0,0.0,1.0,0.0,0.0,0.0,0.0,0.0,1.0,1.0,654,64,66,65.4,0.9660917830792958,65.4,0.0021867990493774,10,0.0,1.0
20.0,6,64.0,414.16225610237774,0.0,0.0,1.0,0.0,0.0,0.0,0.0,0,0,0,10,0,0.0241451263427734,0.0,1.0,0.0,0.0,0.0,0.0,0.0,1.0,0.0,0.0,0.0,0.0,0.0,1.0,1.0,646,64,66,64.6,0.9660917830792958,64.6,0.0028264999389648,10,0.0,1.0
20.0,6,64.0,526.955713298574,0.0,0.0,1.0,0.0,0.0,0.0,0.0,0,0,0,10,0,0.0189769268035888,0.0,1.0,0.0,0.0,0.0,0.0,0.0,1.0,0.0,0.0,0.0,0.0,0.0,1.0,1.0,654,64,66,65.4,0.9660917830792958,65.4,0.0021731853485107,10,0.0,1.0
20.0,6,64.0,436.3203611813293,0.0,0.0,0.7,0.3,0.3,0.0,0.0,3,0,0,7,0,0.0229189395904541,0.0,1.0,0.0,0.0,0.0,0.0,0.0,1.0,0.0,0.0,0.0,0.0,0.0,1.0,1.0,624,54,66,62.4,5.796550698475775,62.4,0.0025346994400024,10,0.9291193128925312,30.24
20.0,6,64.0,973.8116133825544,0.0,0.0,0.6,0.4,0.4,0.0,0.0,4,0,0,6,0,0.0102689266204833,0.0,1.0,0.0,0.0,0.0,0.0,0.0,1.0,0.0,0.0,0.0,0.0,0.0,1.0,1.0,612,54,66,61.2,6.196773353931867,61.2,0.0011862993240356,10,0.9292823475934576,35.26530612244898
20.0,6,64.0,964.141323586879,0.0,0.0,0.6,0.4,0.4,0.0,0.0,4,0,0,6,0,0.0103719234466552,0.0,1.0,0.0,0.0,0.0,0.0,0.0,1.0,0.0,0.0,0.0,0.0,0.0,1.0,1.0,624,54,68,62.4,7.229568912920511,62.4,0.0014209985733032,10,0.9297030671923672,49.0
20.0,6,64.0,512.6633583494267,0.0,0.0,0.7,0.3,0.3,0.0,0.0,3,0,0,7,0,0.0195059776306152,0.0,1.0,0.0,0.0,0.0,0.0,0.0,1.0,0.0,0.0,0.0,0.0,0.0,1.0,1.0,632,54,68,63.2,6.408327915038888,63.2,0.0021595001220703,10,0.9293685264594702,48.0
20.0,6,64.0,485.22159623326894,0.0,0.0,1.0,0.0,0.0,0.0,0.0,0,0,0,10,0,0.0206091403961181,0.0,1.0,0.0,0.0,0.0,0.0,0.0,1.0,0.0,0.0,0.0,0.0,0.0,1.0,1.0,663,66,67,66.3,0.4830458915396479,66.3,0.0023743152618408,10,0.0,0.21
20.0,6,64.0,387.7762266209333,0.0,0.0,0.8,0.2,0.2,0.0,0.0,2,0,0,8,0,0.0257880687713623,0.0,1.0,0.0,0.0,0.0,0.0,0.0,1.0,0.0,0.0,0.0,0.0,0.0,1.0,1.0,651,54,67,65.1,4.094712037087183,65.1,0.0027765035629272,10,0.9284260518954278,16.61728395061728
20.0,6,64.0,818.8001952171791,0.0,0.0,0.7,0.3,0.3,0.0,0.0,3,0,0,7,0,0.0122129917144775,0.0,1.0,0.0,0.0,0.0,0.0,0.0,1.0,0.0,0.0,0.0,0.0,0.0,1.0,1.0,600,54,64,60.0,5.163977794943222,60.0,0.0012247800827026,10,0.928861627994548,25.0
20.0,6,64.0,745.4817553276577,0.0,0.0,0.7,0.3,0.3,0.0,0.0,3,0,0,7,0,0.0134141445159912,0.0,1.0,0.0,0.0,0.0,0.0,0.0,1.0,0.0,0.0,0.0,0.0,0.0,1.0,1.0,620,54,66,62.0,5.57773351022717,62.0,0.0016439199447631,10,0.9290301755227262,28.0
20.0,6,64.0,539.8144120258949,0.0,0.0,0.6,0.4,0.4,0.0,0.0,4,0,0,6,0,0.0185248851776123,0.0,1.0,0.0,0.0,0.0,0.0,0.0,1.0,0.0,0.0,0.0,0.0,0.0,1.0,1.0,612,54,66,61.2,6.196773353931867,61.2,0.0020970821380615,10,0.9292823475934576,36.0
20.0,6,64.0,932.2332859174963,0.0,0.0,0.6,0.4,0.4,0.0,0.0,4,0,0,6,0,0.0107269287109375,0.0,1.0,0.0,0.0,0.0,0.0,0.0,1.0,0.0,0.0,0.0,0.0,0.0,1.0,1.0,612,54,66,61.2,6.196773353931867,61.2,0.001245903968811,10,0.9292823475934576,36.0
20.0,6,64.0,787.6479314942443,0.0,0.0,0.6,0.4,0.4,0.0,0.0,4,0,0,6,0,0.0126960277557373,0.0,1.0,0.0,0.0,0.0,0.0,0.0,1.0,0.0,0.0,0.0,0.0,0.0,1.0,1.0,632,54,68,63.2,6.408327915038888,63.2,0.001468014717102,10,0.9293685264594702,38.22222222222222
20.0,6,64.0,590.7720044508923,0.0,0.0,0.5,0.5,0.5,0.0,0.0,5,0,0,5,0,0.0169270038604736,0.0,1.0,0.0,0.0,0.0,0.0,0.0,1.0,0.0,0.0,0.0,0.0,0.0,1.0,1.0,610,54,68,61.0,7.378647873726218,61.0,0.0016943931579589,10,0.9297637959978412,49.0
20.0,6,64.0,711.5502324161097,0.0,0.0,0.5,0.5,0.5,0.0,0.0,5,0,0,5,0,0.0140538215637207,0.0,1.0,0.0,0.0,0.0,0.0,0.0,1.0,0.0,0.0,0.0,0.0,0.0,1.0,1.0,594,54,68,59.4,5.815687596683838,59.4,0.0014073848724365,10,0.9291271084993852,49.0
20.0,6,64.0,827.4747474747475,0.0,0.0,0.5,0.5,0.5,0.0,0.0,5,0,0,5,0,0.0120849609375,0.0,1.0,0.0,0.0,0.0,0.0,0.0,1.0,0.0,0.0,0.0,0.0,0.0,1.0,1.0,590,54,64,59.0,5.270462766947299,59.0,0.0012111186981201,10,0.9289050057127436,25.0
20.0,6,64.0,919.6220044289504,0.0,0.0,0.6,0.4,0.4,0.0,0.0,4,0,0,6,0,0.0108740329742431,0.0,1.0,0.0,0.0,0.0,0.0,0.0,1.0,0.0,0.0,0.0,0.0,0.0,1.0,1.0,598,54,66,59.8,6.142746399887703,59.8,0.0010923862457275,10,0.9292603391734584,33.959999999999994
20.0,6,64.0,1190.7855662493257,0.0,0.0,0.5,0.5,0.5,0.0,0.0,5,0,0,5,0,0.0083978176116943,0.0,1.0,0.0,0.0,0.0,0.0,0.0,1.0,0.0,0.0,0.0,0.0,0.0,1.0,1.0,600,54,66,60.0,6.324555320336759,60.0,0.0011966943740844,10,0.9293344008552924,36.0
20.0,6,64.0,417.8009761928479,0.0,0.0,0.9,0.1,0.1,0.0,0.0,1,0,0,9,0,0.0239348411560058,0.0,1.0,0.0,0.0,0.0,0.0,0.0,1.0,0.0,0.0,0.0,0.0,0.0,1.0,1.0,648,54,66,64.8,3.794733192202056,64.8,0.0026782035827636,10,0.9283038525131756,36.0
20.0,6,64.0,474.8555384476044,0.0,0.0,1.0,0.0,0.0,0.0,0.0,0,0,0,10,0,0.0210590362548828,0.0,1.0,0.0,0.0,0.0,0.0,0.0,1.0,0.0,0.0,0.0,0.0,0.0,1.0,1.0,676,66,68,67.6,0.8432740427115678,67.6,0.0023274183273315,10,0.0,1.0
20.0,6,64.0,447.7649671193099,0.0,0.0,0.8,0.2,0.2,0.0,0.0,2,0,0,8,0,0.0223331451416015,0.0,1.0,0.0,0.0,0.0,0.0,0.0,1.0,0.0,0.0,0.0,0.0,0.0,1.0,1.0,628,54,68,62.8,4.9170903772228725,62.8,0.002431297302246,10,0.9287610559360656,21.88888888888889
20.0,6,64.0,608.3815381044936,0.0,0.0,0.9,0.1,0.1,0.0,0.0,1,0,0,9,0,0.0164370536804199,0.0,1.0,0.0,0.0,0.0,0.0,0.0,1.0,0.0,0.0,0.0,0.0,0.0,1.0,1.0,640,54,66,64.0,3.651483716701108,64.0,0.0018918991088867,10,0.9282454984068352,18.75
20.0,6,64.0,541.2424187679046,0.0,0.0,0.5,0.5,0.5,0.0,0.0,5,0,0,5,0,0.0184760093688964,0.0,1.0,0.0,0.0,0.0,0.0,0.0,1.0,0.0,0.0,0.0,0.0,0.0,1.0,1.0,612,54,66,61.2,6.196773353931867,61.2,0.0020813941955566,10,0.9292823475934576,36.0
20.0,6,64.0,1023.1257470423222,0.0,0.0,0.5,0.5,0.5,0.0,0.0,5,0,0,5,0,0.0097739696502685,0.0,1.0,0.0,0.0,0.0,0.0,0.0,1.0,0.0,0.0,0.0,0.0,0.0,1.0,1.0,600,54,66,60.0,6.324555320336759,60.0,0.000981593132019,10,0.9293344008552924,36.0
20.0,6,64.0,971.1509875199704,0.0,0.0,0.6,0.4,0.4,0.0,0.0,4,0,0,6,0,0.0102970600128173,0.0,1.0,0.0,0.0,0.0,0.0,0.0,1.0,0.0,0.0,0.0,0.0,0.0,1.0,1.0,602,54,68,60.2,6.562519841239848,60.2,0.0010326147079467,10,0.9294313380825274,38.76
20.0,6,64.0,754.9415025738867,0.0,0.0,0.6,0.4,0.4,0.0,0.0,4,0,0,6,0,0.0132460594177246,0.0,1.0,0.0,0.0,0.0,0.0,0.0,1.0,0.0,0.0,0.0,0.0,0.0,1.0,1.0,638,54,68,63.8,6.762642481555072,63.8,0.001575493812561,10,0.9295128600412864,49.0
20.0,6,64.0,346.92053829166014,0.0,0.0,1.0,0.0,0.0,0.0,0.0,0,0,0,10,0,0.028825044631958,0.0,1.0,0.0,0.0,0.0,0.0,0.0,1.0,0.0,0.0,0.0,0.0,0.0,1.0,1.0,652,54,68,65.2,4.0221608343995605,65.2,0.002885103225708,10,0.928396497437501,49.0
20.0,6,64.0,518.8594331803506,0.0,0.0,1.0,0.0,0.0,0.0,0.0,0,0,0,10,0,0.019273042678833,0.0,1.0,0.0,0.0,0.0,0.0,0.0,1.0,0.0,0.0,0.0,0.0,0.0,1.0,1.0,674,66,68,67.4,0.9660917830792958,67.4,0.0021373987197875,10,0.0,1.0
20.0,6,64.0,348.0316972990914,0.0,0.0,1.0,0.0,0.0,0.0,0.0,0,0,0,10,0,0.0287330150604248,0.0,1.0,0.0,0.0,0.0,0.0,0.0,1.0,0.0,0.0,0.0,0.0,0.0,1.0,1.0,666,66,68,66.6,0.9660917830792958,66.6,0.0030488967895507,10,0.0,1.0
20.0,6,64.0,566.2239622004724,0.0,0.0,1.0,0.0,0.0,0.0,0.0,0,0,0,10,0,0.0176608562469482,0.0,1.0,0.0,0.0,0.0,0.0,0.0,1.0,0.0,0.0,0.0,0.0,0.0,1.0,1.0,674,66,68,67.4,0.9660917830792958,67.4,0.001984691619873,10,0.0,1.0
20.0,6,64.0,411.3675951353472,0.0,0.0,0.7,0.3,0.3,0.0,0.0,3,0,0,7,0,0.0243091583251953,0.0,1.0,0.0,0.0,0.0,0.0,0.0,1.0,0.0,0.0,0.0,0.0,0.0,1.0,1.0,622,54,68,62.2,5.921711464320654,62.2,0.002632713317871,10,0.9291702983821056,34.666666666666664
20.0,6,64.0,728.4433560846836,0.0,0.0,0.5,0.5,0.5,0.0,0.0,5,0,0,5,0,0.0137279033660888,0.0,1.0,0.0,0.0,0.0,0.0,0.0,1.0,0.0,0.0,0.0,0.0,0.0,1.0,1.0,600,54,64,60.0,5.163977794943222,60.0,0.0015874862670898,10,0.928861627994548,24.691358024691358
20.0,6,64.0,816.8547334800476,0.0,0.0,0.6,0.4,0.4,0.0,0.0,4,0,0,6,0,0.0122420787811279,0.0,1.0,0.0,0.0,0.0,0.0,0.0,1.0,0.0,0.0,0.0,0.0,0.0,1.0,1.0,595,54,65,59.5,5.797509043642029,59.5,0.0012293100357055,10,0.929119703284018,30.25
20.0,6,64.0,1004.7199731710824,0.0,0.0,0.5,0.5,0.5,0.0,0.0,5,0,0,5,0,0.0099530220031738,0.0,1.0,0.0,0.0,0.0,0.0,0.0,1.0,0.0,0.0,0.0,0.0,0.0,1.0,1.0,595,54,65,59.5,5.797509043642029,59.5,0.0013706922531127,10,0.929119703284018,30.25
20.0,6,64.0,609.3095283059982,0.0,0.0,0.8,0.2,0.2,0.0,0.0,2,0,0,8,0,0.0164120197296142,0.0,1.0,0.0,0.0,0.0,0.0,0.0,1.0,0.0,0.0,0.0,0.0,0.0,1.0,1.0,620,54,64,62.0,4.216370213557839,62.0,0.001944613456726,10,0.9284756105701948,17.28395061728395
20.0,6,64.0,586.9196647216041,0.0,0.0,0.9,0.1,0.1,0.0,0.0,1,0,0,9,0,0.0170381069183349,0.0,1.0,0.0,0.0,0.0,0.0,0.0,1.0,0.0,0.0,0.0,0.0,0.0,1.0,1.0,644,54,66,64.4,3.747591819348053,64.4,0.0019582986831665,10,0.9282846490035296,15.0
20.0,6,64.0,401.14232156007614,0.0,0.0,1.0,0.0,0.0,0.0,0.0,0,0,0,10,0,0.0249288082122802,0.0,1.0,0.0,0.0,0.0,0.0,0.0,1.0,0.0,0.0,0.0,0.0,0.0,1.0,1.0,646,64,66,64.6,0.9660917830792958,64.6,0.0028628826141357,10,0.0,1.0
20.0,6,64.0,552.5145890690659,0.0,0.0,1.0,0.0,0.0,0.0,0.0,0,0,0,10,0,0.0180990695953369,0.0,1.0,0.0,0.0,0.0,0.0,0.0,1.0,0.0,0.0,0.0,0.0,0.0,1.0,1.0,654,64,66,65.4,0.9660917830792958,65.4,0.0020702123641967,10,0.0,1.0
20.0,6,64.0,435.5953431856183,0.0,0.0,0.7,0.3,0.3,0.0,0.0,3,0,0,7,0,0.0229570865631103,0.0,1.0,0.0,0.0,0.0,0.0,0.0,1.0,0.0,0.0,0.0,0.0,0.0,1.0,1.0,616,54,66,61.6,5.316640543300503,61.6,0.0024806976318359,10,0.9289238166917188,27.55555555555556
20.0,6,64.0,891.6652139713855,0.0,0.0,0.6,0.4,0.4,0.0,0.0,4,0,0,6,0,0.0112149715423583,0.0,1.0,0.0,0.0,0.0,0.0,0.0,1.0,0.0,0.0,0.0,0.0,0.0,1.0,1.0,600,54,64,60.0,5.163977794943222,60.0,0.0013256072998046,10,0.928861627994548,25.0
20.0,6,64.0,673.9894907682666,0.0,0.0,0.6,0.4,0.4,0.0,0.0,4,0,0,6,0,0.0148370265960693,0.0,1.0,0.0,0.0,0.0,0.0,0.0,1.0,0.0,0.0,0.0,0.0,0.0,1.0,1.0,624,54,66,62.4,5.796550698475776,62.4,0.0016886949539184,10,0.9291193128925312,36.0
20.0,6,64.0,507.1525821312407,0.0,0.0,0.5,0.5,0.5,0.0,0.0,5,0,0,5,0,0.0197179317474365,0.0,1.0,0.0,0.0,0.0,0.0,0.0,1.0,0.0,0.0,0.0,0.0,0.0,1.0,1.0,600,54,66,60.0,6.324555320336759,60.0,0.0019747972488403,10,0.9293344008552924,36.0
20.0,6,64.0,966.0065869780512,0.0,0.0,0.5,0.5,0.5,0.0,0.0,5,0,0,5,0,0.0103518962860107,0.0,1.0,0.0,0.0,0.0,0.0,0.0,1.0,0.0,0.0,0.0,0.0,0.0,1.0,1.0,600,54,66,60.0,6.324555320336759,60.0,0.0010375022888183,10,0.9293344008552924,36.0
20.0,6,64.0,935.2891069238487,0.0,0.0,0.6,0.4,0.4,0.0,0.0,4,0,0,6,0,0.0106918811798095,0.0,1.0,0.0,0.0,0.0,0.0,0.0,1.0,0.0,0.0,0.0,0.0,0.0,1.0,1.0,604,54,68,60.4,6.785605679999719,60.4,0.0010710954666137,10,0.9295222143298046,41.44
20.0,6,64.0,1194.3119109314046,0.0,0.0,0.5,0.5,0.5,0.0,0.0,5,0,0,5,0,0.0083730220794677,0.0,1.0,0.0,0.0,0.0,0.0,0.0,1.0,0.0,0.0,0.0,0.0,0.0,1.0,1.0,610,54,68,61.0,7.378647873726218,61.0,0.0011039018630981,10,0.9297637959978412,49.0
20.0,6,64.0,523.3916917279159,0.0,0.0,0.7,0.3,0.3,0.0,0.0,3,0,0,7,0,0.0191061496734619,0.0,1.0,0.0,0.0,0.0,0.0,0.0,1.0,0.0,0.0,0.0,0.0,0.0,1.0,1.0,630,54,68,63.0,6.27162924074226,63.0,0.0020827054977416,10,0.9293128408875088,49.0
20.0,6,64.0,621.2403169666001,0.0,0.0,0.9,0.1,0.1,0.0,0.0,1,0,0,9,0,0.0160968303680419,0.0,1.0,0.0,0.0,0.0,0.0,0.0,1.0,0.0,0.0,0.0,0.0,0.0,1.0,1.0,654,54,68,65.4,4.115013163202923,65.4,0.0018519878387451,10,0.9284343217621625,16.098765432098766
20.0,6,64.0,350.5448345605135,0.0,0.0,0.9,0.1,0.1,0.0,0.0,1,0,0,9,0,0.028527021408081,0.0,1.0,0.0,0.0,0.0,0.0,0.0,1.0,0.0,0.0,0.0,0.0,0.0,1.0,1.0,658,54,68,65.8,4.467164151400254,65.8,0.0031071186065673,10,0.9285777739887144,49.0
20.0,6,64.0,519.0263701723775,0.0,0.0,1.0,0.0,0.0,0.0,0.0,0,0,0,10,0,0.0192668437957763,0.0,1.0,0.0,0.0,0.0,0.0,0.0,1.0,0.0,0.0,0.0,0.0,0.0,1.0,1.0,644,64,66,64.4,0.8432740427115678,64.4,0.0021552801132202,10,0.0,0.64
20.0,6,64.0,271.28985938449995,0.0,0.0,1.0,0.0,0.0,0.0,0.0,0,0,0,10,0,0.0368609428405761,0.0,1.0,0.0,0.0,0.0,0.0,0.0,1.0,0.0,0.0,0.0,0.0,0.0,1.0,1.0,660,66,66,66.0,0.0,66.0,0.0039339065551757,10,0.0,0.0
20.0,6,64.0,2192.526921066388,0.0,0.0,0.5,0.5,0.5,0.0,0.0,5,0,0,5,0,0.0045609474182128,0.0,1.0,0.0,0.0,0.0,0.0,0.0,1.0,0.0,0.0,0.0,0.0,0.0,1.0,1.0,600,54,66,60.0,6.324555320336759,60.0,0.0004574060440063,10,0.9293344008552924,36.0
20.0,6,64.0,736.9158599363986,0.0,0.0,0.5,0.5,0.5,0.0,0.0,5,0,0,5,0,0.0135700702667236,0.0,1.0,0.0,0.0,0.0,0.0,0.0,1.0,0.0,0.0,0.0,0.0,0.0,1.0,1.0,604,54,68,60.4,6.785605679999719,60.4,0.0013921976089477,10,0.9295222143298046,41.44
20.0,6,64.0,917.3491973229518,0.0,0.0,0.5,0.5,0.5,0.0,0.0,5,0,0,5,0,0.0109009742736816,0.0,1.0,0.0,0.0,0.0,0.0,0.0,1.0,0.0,0.0,0.0,0.0,0.0,1.0,1.0,624,54,68,62.4,7.229568912920511,62.4,0.001092791557312,10,0.9297030671923672,49.0
20.0,6,64.0,390.9023467352607,0.0,0.0,1.0,0.0,0.0,0.0,0.0,0,0,0,10,0,0.0255818367004394,0.0,1.0,0.0,0.0,0.0,0.0,0.0,1.0,0.0,0.0,0.0,0.0,0.0,1.0,1.0,652,54,68,65.2,4.0221608343995605,65.2,0.0025614023208618,10,0.928396497437501,49.0
20.0,6,64.0,526.0964565694575,0.0,0.0,1.0,0.0,0.0,0.0,0.0,0,0,0,10,0,0.019007921218872,0.0,1.0,0.0,0.0,0.0,0.0,0.0,1.0,0.0,0.0,0.0,0.0,0.0,1.0,1.0,674,66,68,67.4,0.9660917830792958,67.4,0.0021337032318115,10,0.0,1.0
20.0,6,64.0,414.6453921743085,0.0,0.0,0.7,0.3,0.3,0.0,0.0,3,0,0,7,0,0.0241169929504394,0.0,1.0,0.0,0.0,0.0,0.0,0.0,1.0,0.0,0.0,0.0,0.0,0.0,1.0,1.0,642,54,68,64.2,5.4528280124476085,64.2,0.002645993232727,10,0.9289792940191508,36.24489795918368
20.0,6,64.0,852.9515597673567,0.0,0.0,0.6,0.4,0.4,0.0,0.0,4,0,0,6,0,0.0117239952087402,0.0,1.0,0.0,0.0,0.0,0.0,0.0,1.0,0.0,0.0,0.0,0.0,0.0,1.0,1.0,600,54,66,60.0,6.324555320336759,60.0,0.0011756181716918,10,0.9293344008552924,36.0
20.0,6,64.0,938.1761245442548,0.0,0.0,0.5,0.5,0.5,0.0,0.0,5,0,0,5,0,0.0106589794158935,0.0,1.0,0.0,0.0,0.0,0.0,0.0,1.0,0.0,0.0,0.0,0.0,0.0,1.0,1.0,624,54,68,62.4,7.229568912920511,62.4,0.0011996984481811,10,0.9297030671923672,49.0
20.0,6,64.0,464.34151093791513,0.0,0.0,0.8,0.2,0.2,0.0,0.0,2,0,0,8,0,0.0215358734130859,0.0,1.0,0.0,0.0,0.0,0.0,0.0,1.0,0.0,0.0,0.0,0.0,0.0,1.0,1.0,4106,54,1224,410.6,561.3325811554739,410.6,0.0021551847457885,10,1.0,283584.84
20.0,6,64.0,761.7835412920685,0.0,0.0,1.0,0.0,0.0,0.0,0.0,0,0,0,10,0,0.0131270885467529,0.0,1.0,0.0,0.0,0.0,0.0,0.0,1.0,0.0,0.0,0.0,0.0,0.0,1.0,1.0,12246,1224,1226,1224.6,0.966091783079296,1224.6,0.0020492076873779,10,0.0,0.8400000000000001
20.0,6,64.0,259.14120132959334,0.0,0.0,1.0,0.0,0.0,0.0,0.0,0,0,0,10,0,0.0385890007019043,0.0,1.0,0.0,0.0,0.0,0.0,0.0,1.0,0.0,0.0,0.0,0.0,0.0,1.0,1.0,8774,64,1226,877.4,561.2993259690709,877.4,0.0040819883346557,10,1.0,283551.24
20.0,6,64.0,1058.7666288022217,0.0,0.0,1.0,0.0,0.0,0.0,0.0,0,0,0,10,0,0.0094449520111083,0.0,1.0,0.0,0.0,0.0,0.0,0.0,1.0,0.0,0.0,0.0,0.0,0.0,1.0,1.0,646,64,66,64.6,0.966091783079296,64.6,0.0009457111358642,10,0.0,0.8400000000000001
20.0,6,64.0,316.544078247285,0.0,0.0,1.0,0.0,0.0,0.0,0.0,0,0,0,10,0,0.0315911769866943,0.0,1.0,0.0,0.0,0.0,0.0,0.0,1.0,0.0,0.0,0.0,0.0,0.0,1.0,1.0,654,64,66,65.4,0.966091783079296,65.4,0.0034110069274902,10,0.0,0.8400000000000001
20.0,6,64.0,638.9762496000975,0.0,0.0,0.7,0.3,0.3,0.0,0.0,3,0,0,7,0,0.0156500339508056,0.0,1.0,0.0,0.0,0.0,0.0,0.0,1.0,0.0,0.0,0.0,0.0,0.0,1.0,1.0,622,54,66,62.2,4.366539438350085,62.2,0.0017405986785888,10,0.9285367835056064,22.222222222222225
20.0,6,64.0,592.0645944496202,0.0,0.0,0.8,0.2,0.2,0.0,0.0,2,0,0,8,0,0.0168900489807128,0.0,1.0,0.0,0.0,0.0,0.0,0.0,1.0,0.0,0.0,0.0,0.0,0.0,1.0,1.0,624,54,66,62.4,5.796550698475775,62.4,0.0016907930374145,10,0.9291193128925312,36.0
20.0,6,64.0,366.7279292827727,0.0,0.0,0.9,0.1,0.1,0.0,0.0,1,0,0,9,0,0.0272681713104248,0.0,1.0,0.0,0.0,0.0,0.0,0.0,1.0,0.0,0.0,0.0,0.0,0.0,1.0,1.0,1705,54,217,170.5,74.94331190973615,170.5,0.0029786109924316,10,0.95728693753955,6022.25
20.0,6,64.0,557.4418542835118,0.0,0.0,1.0,0.0,0.0,0.0,0.0,0,0,0,10,0,0.0179390907287597,0.0,1.0,0.0,0.0,0.0,0.0,0.0,1.0,0.0,0.0,0.0,0.0,0.0,1.0,1.0,2184,217,219,218.4,0.9660917830792958,218.4,0.0018769025802612,10,0.0,1.0
20.0,6,64.0,507.84647051701177,0.0,0.0,0.6,0.4,0.4,0.0,0.0,4,0,0,6,0,0.019690990447998,0.0,1.0,0.0,0.0,0.0,0.0,0.0,1.0,0.0,0.0,0.0,0.0,0.0,1.0,1.0,1099,54,219,109.9,75.60930277860435,109.9,0.0022565841674804,10,0.9575582355798924,6073.061224489796
20.0,6,64.0,865.1260261540366,0.0,0.0,0.5,0.5,0.5,0.0,0.0,5,0,0,5,0,0.0115590095520019,0.0,1.0,0.0,0.0,0.0,0.0,0.0,1.0,0.0,0.0,0.0,0.0,0.0,1.0,1.0,620,54,70,62.0,8.432740427115679,62.0,0.001157808303833,10,0.93019319114039,64.0
20.0,6,64.0,833.2612841703751,0.0,0.0,0.5,0.5,0.5,0.0,0.0,5,0,0,5,0,0.0120010375976562,0.0,1.0,0.0,0.0,0.0,0.0,0.0,1.0,0.0,0.0,0.0,0.0,0.0,1.0,1.0,628,54,72,62.8,9.2951600308978,62.8,0.0012018918991088,10,0.9305445063901864,77.76
20.0,6,64.0,736.4888498683056,0.0,0.0,0.5,0.5,0.5,0.0,0.0,5,0,0,5,0,0.0135779380798339,0.0,1.0,0.0,0.0,0.0,0.0,0.0,1.0,0.0,0.0,0.0,0.0,0.0,1.0,1.0,630,54,72,63.0,9.486832980505138,63.0,0.0013606071472167,10,0.9306225862829386,81.0
20.0,6,64.0,400.5906230002961,0.0,0.0,0.9,0.1,0.1,0.0,0.0,1,0,0,9,0,0.0249631404876709,0.0,1.0,0.0,0.0,0.0,0.0,0.0,1.0,0.0,0.0,0.0,0.0,0.0,1.0,1.0,628,54,72,62.8,5.266244708835067,62.8,0.0025001049041748,10,0.928903287444591,81.0
20.0,6,64.0,433.3316803041574,0.0,0.0,1.0,0.0,0.0,0.0,0.0,0,0,0,10,0,0.0230770111083984,0.0,1.0,0.0,0.0,0.0,0.0,0.0,1.0,0.0,0.0,0.0,0.0,0.0,1.0,1.0,654,64,66,65.4,0.9660917830792958,65.4,0.002577781677246,10,0.0,1.0
20.0,6,64.0,578.1737979708867,0.0,0.0,0.7,0.3,0.3,0.0,0.0,3,0,0,7,0,0.0172958374023437,0.0,1.0,0.0,0.0,0.0,0.0,0.0,1.0,0.0,0.0,0.0,0.0,0.0,1.0,1.0,616,54,66,61.6,5.316640543300503,61.6,0.0017307996749877,10,0.9289238166917188,26.285714285714285
20.0,6,64.0,740.8598579856573,0.0,0.0,0.7,0.3,0.3,0.0,0.0,3,0,0,7,0,0.0134978294372558,0.0,1.0,0.0,0.0,0.0,0.0,0.0,1.0,0.0,0.0,0.0,0.0,0.0,1.0,1.0,612,54,66,61.2,5.00666222813829,61.2,0.0015239000320434,10,0.9287975439252544,22.56
20.0,6,64.0,874.7427475025548,0.0,0.0,0.5,0.5,0.5,0.0,0.0,5,0,0,5,0,0.0114319324493408,0.0,1.0,0.0,0.0,0.0,0.0,0.0,1.0,0.0,0.0,0.0,0.0,0.0,1.0,1.0,612,54,66,61.2,6.196773353931867,61.2,0.0014049053192138,10,0.9292823475934576,35.55555555555556
20.0,6,64.0,435.8035389586775,0.0,0.0,0.9,0.1,0.1,0.0,0.0,1,0,0,9,0,0.0229461193084716,0.0,1.0,0.0,0.0,0.0,0.0,0.0,1.0,0.0,0.0,0.0,0.0,0.0,1.0,1.0,626,54,66,62.6,4.623610902506588,62.6,0.0022972106933593,10,0.9286415041372452,36.0
20.0,6,64.0,495.34733212084,0.0,0.0,1.0,0.0,0.0,0.0,0.0,0,0,0,10,0,0.0201878547668457,0.0,1.0,0.0,0.0,0.0,0.0,0.0,1.0,0.0,0.0,0.0,0.0,0.0,1.0,1.0,650,64,66,65.0,1.0540925533894598,65.0,0.0022960901260375,10,0.9101461251425488,1.0
20.0,6,64.0,327.2147415393737,0.0,0.0,1.0,0.0,0.0,0.0,0.0,0,0,0,10,0,0.0305609703063964,0.0,1.0,0.0,0.0,0.0,0.0,0.0,1.0,0.0,0.0,0.0,0.0,0.0,1.0,1.0,650,64,66,65.0,1.0540925533894598,65.0,0.0030570030212402,10,0.9101461251425488,1.0
20.0,6,64.0,509.0360085925458,0.0,0.0,1.0,0.0,0.0,0.0,0.0,0,0,0,10,0,0.0196449756622314,0.0,1.0,0.0,0.0,0.0,0.0,0.0,1.0,0.0,0.0,0.0,0.0,0.0,1.0,1.0,650,64,66,65.0,1.0540925533894598,65.0,0.0020899057388305,10,0.9101461251425488,1.0
20.0,6,64.0,351.4436298127278,0.0,0.0,1.0,0.0,0.0,0.0,0.0,0,0,0,10,0,0.0284540653228759,0.0,1.0,0.0,0.0,0.0,0.0,0.0,1.0,0.0,0.0,0.0,0.0,0.0,1.0,1.0,945,66,123,94.5,30.041637771599603,94.5,0.0030401945114135,10,0.9185462315626388,812.25
20.0,6,64.0,534.4492157137578,0.0,0.0,1.0,0.0,0.0,0.0,0.0,0,0,0,10,0,0.0187108516693115,0.0,1.0,0.0,0.0,0.0,0.0,0.0,1.0,0.0,0.0,0.0,0.0,0.0,1.0,1.0,1240,123,125,124.0,1.0540925533894598,124.0,0.0020211935043334,10,0.8096024551425487,1.0
20.0,6,64.0,293.5892428410436,0.0,0.0,1.0,0.0,0.0,0.0,0.0,0,0,0,10,0,0.0340611934661865,0.0,1.0,0.0,0.0,0.0,0.0,0.0,1.0,0.0,0.0,0.0,0.0,0.0,1.0,1.0,945,64,125,94.5,32.14982287837852,94.5,0.0035837173461914,10,0.9228132818477364,930.25
20.0,6,64.0,422.5147577314395,0.0,0.0,1.0,0.0,0.0,0.0,0.0,0,0,0,10,0,0.0236678123474121,0.0,1.0,0.0,0.0,0.0,0.0,0.0,1.0,0.0,0.0,0.0,0.0,0.0,1.0,1.0,650,64,66,65.0,1.0540925533894598,65.0,0.0029200792312622,10,0.9101461251425488,1.0
20.0,6,64.0,646.3315560760625,0.0,0.0,0.7,0.3,0.3,0.0,0.0,3,0,0,7,0,0.0154719352722167,0.0,1.0,0.0,0.0,0.0,0.0,0.0,1.0,0.0,0.0,0.0,0.0,0.0,1.0,1.0,630,54,66,63.0,4.83045891539648,63.0,0.0017856121063232,10,0.928725765743776,23.20987654320988
20.0,6,64.0,894.6894197952219,0.0,0.0,0.6,0.4,0.4,0.0,0.0,4,0,0,6,0,0.0111770629882812,0.0,1.0,0.0,0.0,0.0,0.0,0.0,1.0,0.0,0.0,0.0,0.0,0.0,1.0,1.0,590,54,64,59.0,5.270462766947299,59.0,0.0011193990707397,10,0.9289050057127436,25.0
20.0,6,64.0,726.060102478881,0.0,0.0,0.6,0.4,0.4,0.0,0.0,4,0,0,6,0,0.013772964477539,0.0,1.0,0.0,0.0,0.0,0.0,0.0,1.0,0.0,0.0,0.0,0.0,0.0,1.0,1.0,620,54,66,62.0,5.57773351022717,62.0,0.0015532970428466,10,0.9290301755227262,30.0
20.0,6,64.0,996.2244073915728,0.0,0.0,0.6,0.4,0.4,0.0,0.0,4,0,0,6,0,0.0100378990173339,0.0,1.0,0.0,0.0,0.0,0.0,0.0,1.0,0.0,0.0,0.0,0.0,0.0,1.0,1.0,600,54,66,60.0,6.324555320336759,60.0,0.0010062932968139,10,0.9293344008552924,36.0
20.0,6,64.0,1217.151479976785,0.0,0.0,0.5,0.5,0.5,0.0,0.0,5,0,0,5,0,0.0082159042358398,0.0,1.0,0.0,0.0,0.0,0.0,0.0,1.0,0.0,0.0,0.0,0.0,0.0,1.0,1.0,600,54,66,60.0,6.324555320336759,60.0,0.0016225099563598,10,0.9293344008552924,36.0
20.0,6,64.0,1132.769060415373,0.0,0.0,0.5,0.5,0.5,0.0,0.0,5,0,0,5,0,0.0088279247283935,0.0,1.0,0.0,0.0,0.0,0.0,0.0,1.0,0.0,0.0,0.0,0.0,0.0,1.0,1.0,600,54,66,60.0,6.324555320336759,60.0,0.0011590003967285,10,0.9293344008552924,36.0
20.0,6,64.0,1116.6943556975507,0.0,0.0,0.5,0.5,0.5,0.0,0.0,5,0,0,5,0,0.0089550018310546,0.0,1.0,0.0,0.0,0.0,0.0,0.0,1.0,0.0,0.0,0.0,0.0,0.0,1.0,1.0,610,54,68,61.0,7.378647873726218,61.0,0.0011056900024414,10,0.9297637959978412,49.0
20.0,6,64.0,489.57699131571576,0.0,0.0,0.5,0.5,0.5,0.0,0.0,5,0,0,5,0,0.020425796508789,0.0,1.0,0.0,0.0,0.0,0.0,0.0,1.0,0.0,0.0,0.0,0.0,0.0,1.0,1.0,762,54,206,76.2,46.134585724811714,76.2,0.0022320985794067,10,0.9455514148408594,1915.5600000000009
20.0,6,64.0,898.2148363885558,0.0,0.0,0.6,0.4,0.4,0.0,0.0,4,0,0,6,0,0.0111331939697265,0.0,1.0,0.0,0.0,0.0,0.0,0.0,1.0,0.0,0.0,0.0,0.0,0.0,1.0,1.0,1300,54,206,130.0,80.11103405759894,130.0,0.001116919517517,10,0.9593920608337037,5776.0
20.0,6,64.0,590.0738593998396,0.0,0.0,0.5,0.5,0.5,0.0,0.0,5,0,0,5,0,0.0169470310211181,0.0,1.0,0.0,0.0,0.0,0.0,0.0,1.0,0.0,0.0,0.0,0.0,0.0,1.0,1.0,1302,54,208,130.2,80.32406585548043,130.2,0.0017587900161743,10,0.9594788414668886,5806.76
20.0,6,64.0,1663.8781339257378,0.0,0.0,0.5,0.5,0.5,0.0,0.0,5,0,0,5,0,0.0060100555419921,0.0,1.0,0.0,0.0,0.0,0.0,0.0,1.0,0.0,0.0,0.0,0.0,0.0,1.0,1.0,1464,54,208,146.4,79.52525804212563,146.4,0.0007966995239257,10,0.9591534391160405,5929.0
20.0,6,64.0,662.6910194021361,0.0,0.0,0.6,0.4,0.4,0.0,0.0,4,0,0,6,0,0.015089988708496,0.0,1.0,0.0,0.0,0.0,0.0,0.0,1.0,0.0,0.0,0.0,0.0,0.0,1.0,1.0,1022,54,208,102.2,73.11756135004624,102.2,0.0015114068984985,10,0.9565431997915548,5929.0
20.0,6,64.0,768.8211896251489,0.0,0.0,0.6,0.4,0.4,0.0,0.0,4,0,0,6,0,0.0130069255828857,0.0,1.0,0.0,0.0,0.0,0.0,0.0,1.0,0.0,0.0,0.0,0.0,0.0,1.0,1.0,600,54,64,60.0,5.163977794943222,60.0,0.0015005826950073,10,0.928861627994548,25.0
20.0,6,64.0,843.5170139168208,0.0,0.0,0.6,0.4,0.4,0.0,0.0,4,0,0,6,0,0.011855125427246,0.0,1.0,0.0,0.0,0.0,0.0,0.0,1.0,0.0,0.0,0.0,0.0,0.0,1.0,1.0,608,54,66,60.8,5.902918298980975,60.8,0.0013970136642456,10,0.9291626427982728,31.50617283950617
20.0,6,64.0,490.98681900124086,0.0,0.0,0.8,0.2,0.2,0.0,0.0,2,0,0,8,0,0.02036714553833,0.0,1.0,0.0,0.0,0.0,0.0,0.0,1.0,0.0,0.0,0.0,0.0,0.0,1.0,1.0,636,54,66,63.6,5.059644256269407,63.6,0.0022942066192626,10,0.928819126684234,36.0
20.0,6,64.0,528.0104738405761,0.0,0.0,1.0,0.0,0.0,0.0,0.0,0,0,0,10,0,0.0189390182495117,0.0,1.0,0.0,0.0,0.0,0.0,0.0,1.0,0.0,0.0,0.0,0.0,0.0,1.0,1.0,664,66,68,66.4,0.8432740427115678,66.4,0.0021708965301513,10,0.0,0.64
20.0,6,64.0,276.9705814375805,0.0,0.0,1.0,0.0,0.0,0.0,0.0,0,0,0,10,0,0.0361049175262451,0.0,1.0,0.0,0.0,0.0,0.0,0.0,1.0,0.0,0.0,0.0,0.0,0.0,1.0,1.0,2992,68,1224,299.2,487.41239668728616,299.2,0.0038401842117309,10,1.0,213813.75999999995
20.0,6,64.0,711.2365190259784,0.0,0.0,1.0,0.0,0.0,0.0,0.0,0,0,0,10,0,0.0140600204467773,0.0,1.0,0.0,0.0,0.0,0.0,0.0,1.0,0.0,0.0,0.0,0.0,0.0,1.0,1.0,12244,1224,1226,1224.4,0.8432740427115678,1224.4,0.0014077186584472,10,0.0,0.64
20.0,6,64.0,367.9310859057695,0.0,0.0,1.0,0.0,0.0,0.0,0.0,0,0,0,10,0,0.0271790027618408,0.0,1.0,0.0,0.0,0.0,0.0,0.0,1.0,0.0,0.0,0.0,0.0,0.0,1.0,1.0,10230,211,1226,1023.0,427.9615766761207,1023.0,0.0029856920242309,10,0.8335440478747845,164836.0
20.0,6,64.0,495.5638786819004,0.0,0.0,1.0,0.0,0.0,0.0,0.0,0,0,0,10,0,0.0201790332794189,0.0,1.0,0.0,0.0,0.0,0.0,0.0,1.0,0.0,0.0,0.0,0.0,0.0,1.0,1.0,2114,211,213,211.4,0.8432740427115678,211.4,0.0023853063583374,10,0.0,0.64
20.0,6,64.0,395.96174724102445,0.0,0.0,0.9,0.1,0.1,0.0,0.0,1,0,0,9,0,0.0252549648284912,0.0,1.0,0.0,0.0,0.0,0.0,0.0,1.0,0.0,0.0,0.0,0.0,0.0,1.0,1.0,2396,213,346,239.6,56.07772384031926,239.6,0.0027379989624023,10,0.6786451815835925,2830.24
20.0,6,64.0,785.906425078229,0.0,0.0,0.6,0.4,0.4,0.0,0.0,4,0,0,6,0,0.0127241611480712,0.0,1.0,0.0,0.0,0.0,0.0,0.0,1.0,0.0,0.0,0.0,0.0,0.0,1.0,1.0,2000,54,346,200.0,153.89751279486114,200.0,0.0012763023376464,10,0.9894497208121148,21316.0
20.0,6,64.0,879.8070186478719,0.0,0.0,0.5,0.5,0.5,0.0,0.0,5,0,0,5,0,0.0113661289215087,0.0,1.0,0.0,0.0,0.0,0.0,0.0,1.0,0.0,0.0,0.0,0.0,0.0,1.0,1.0,2298,54,348,229.8,151.30675243799706,229.8,0.0013190031051635,10,0.9883943486731424,21316.0
20.0,6,64.0,750.9272222719542,0.0,0.0,0.6,0.4,0.4,0.0,0.0,4,0,0,6,0,0.0133168697357177,0.0,1.0,0.0,0.0,0.0,0.0,0.0,1.0,0.0,0.0,0.0,0.0,0.0,1.0,1.0,2010,54,348,201.0,154.95160534825058,201.0,0.0013333797454833,10,0.9898791159546634,21609.0
20.0,6,64.0,404.7110587917443,0.0,0.0,0.9,0.1,0.1,0.0,0.0,1,0,0,9,0,0.0247089862823486,0.0,1.0,0.0,0.0,0.0,0.0,0.0,1.0,0.0,0.0,0.0,0.0,0.0,1.0,1.0,4313,54,509,431.3,148.5089222908846,431.3,0.0025390148162841,10,0.9872546245844148,27624.24
20.0,6,64.0,535.1584051036683,0.0,0.0,1.0,0.0,0.0,0.0,0.0,0,0,0,10,0,0.0186860561370849,0.0,1.0,0.0,0.0,0.0,0.0,0.0,1.0,0.0,0.0,0.0,0.0,0.0,1.0,1.0,5104,509,511,510.4,0.9660917830792958,510.4,0.0020828962326049,10,0.0,1.0
20.0,6,64.0,438.8265327474367,0.0,0.0,0.7,0.3,0.3,0.0,0.0,3,0,0,7,0,0.0227880477905273,0.0,1.0,0.0,0.0,0.0,0.0,0.0,1.0,0.0,0.0,0.0,0.0,0.0,1.0,1.0,7761,54,1224,776.1,500.7508695282848,776.1,0.0025237083435058,10,1.0,225984.22222222225
20.0,6,64.0,782.7822776305476,0.0,0.0,0.6,0.4,0.4,0.0,0.0,4,0,0,6,0,0.0127749443054199,0.0,1.0,0.0,0.0,0.0,0.0,0.0,1.0,0.0,0.0,0.0,0.0,0.0,1.0,1.0,7561,54,1225,756.1,604.271544919997,756.1,0.0012802839279174,10,1.0,342225.0
20.0,6,64.0,841.3174469450796,0.0,0.0,0.6,0.4,0.4,0.0,0.0,4,0,0,6,0,0.0118861198425292,0.0,1.0,0.0,0.0,0.0,0.0,0.0,1.0,0.0,0.0,0.0,0.0,0.0,1.0,1.0,6395,54,1225,639.5,617.1711900095287,639.5,0.0011911153793334,10,1.0,342810.25
20.0,6,64.0,399.5526553941415,0.0,0.0,0.7,0.3,0.3,0.0,0.0,3,0,0,7,0,0.0250279903411865,0.0,1.0,0.0,0.0,0.0,0.0,0.0,1.0,0.0,0.0,0.0,0.0,0.0,1.0,1.0,5254,54,1225,525.4,602.1336507232704,525.4,0.0026983976364135,10,1.0,341357.4375
20.0,6,64.0,881.1377912228735,0.0,0.0,0.8,0.2,0.2,0.0,0.0,2,0,0,8,0,0.0113489627838134,0.0,1.0,0.0,0.0,0.0,0.0,0.0,1.0,0.0,0.0,0.0,0.0,0.0,1.0,1.0,622,54,66,62.2,4.366539438350085,62.2,0.0011358976364135,10,0.9285367835056064,17.160000000000004
20.0,6,64.0,645.4562802006709,0.0,0.0,0.7,0.3,0.3,0.0,0.0,3,0,0,7,0,0.0154929161071777,0.0,1.0,0.0,0.0,0.0,0.0,0.0,1.0,0.0,0.0,0.0,0.0,0.0,1.0,1.0,636,54,66,63.6,5.059644256269407,63.6,0.0017704963684082,10,0.928819126684234,24.88888888888889
20.0,6,64.0,308.46140834712264,0.0,0.0,1.0,0.0,0.0,0.0,0.0,0,0,0,10,0,0.0324189662933349,0.0,1.0,0.0,0.0,0.0,0.0,0.0,1.0,0.0,0.0,0.0,0.0,0.0,1.0,1.0,632,54,66,63.2,3.2930904093942592,63.2,0.0032435894012451,10,0.9280995033091708,36.0
20.0,6,64.0,509.6111975116641,0.0,0.0,1.0,0.0,0.0,0.0,0.0,0,0,0,10,0,0.019622802734375,0.0,1.0,0.0,0.0,0.0,0.0,0.0,1.0,0.0,0.0,0.0,0.0,0.0,1.0,1.0,656,64,66,65.6,0.8432740427115678,65.6,0.0021183013916015,10,0.0,1.0
20.0,6,64.0,501.85507801282665,0.0,0.0,0.8,0.2,0.2,0.0,0.0,2,0,0,8,0,0.0199260711669921,0.0,1.0,0.0,0.0,0.0,0.0,0.0,1.0,0.0,0.0,0.0,0.0,0.0,1.0,1.0,636,54,66,63.6,5.059644256269407,63.6,0.0023616075515747,10,0.928819126684234,27.0
20.0,6,64.0,914.3096307276452,0.0,0.0,0.6,0.4,0.4,0.0,0.0,4,0,0,6,0,0.010937213897705,0.0,1.0,0.0,0.0,0.0,0.0,0.0,1.0,0.0,0.0,0.0,0.0,0.0,1.0,1.0,616,54,68,61.6,6.586180818788517,61.6,0.0011958122253417,10,0.9294409766183416,39.04
20.0,6,64.0,809.5861642989499,0.0,0.0,0.5,0.5,0.5,0.0,0.0,5,0,0,5,0,0.0123519897460937,0.0,1.0,0.0,0.0,0.0,0.0,0.0,1.0,0.0,0.0,0.0,0.0,0.0,1.0,1.0,624,54,68,62.4,7.229568912920511,62.4,0.0014185905456542,10,0.9297030671923672,49.0
20.0,6,64.0,452.7139279854935,0.0,0.0,0.6,0.4,0.4,0.0,0.0,4,0,0,6,0,0.0220890045166015,0.0,1.0,0.0,0.0,0.0,0.0,0.0,1.0,0.0,0.0,0.0,0.0,0.0,1.0,1.0,4078,54,1224,407.8,563.259127262439,407.8,0.0022105932235717,10,1.0,301807.2098765432
20.0,6,64.0,1205.121250430985,0.0,0.0,0.5,0.5,0.5,0.0,0.0,5,0,0,5,0,0.0082979202270507,0.0,1.0,0.0,0.0,0.0,0.0,0.0,1.0,0.0,0.0,0.0,0.0,0.0,1.0,1.0,7560,54,1224,756.0,604.1854020083571,756.0,0.0008800983428955,10,1.0,338000.0
20.0,6,64.0,615.4608284787745,0.0,0.0,0.6,0.4,0.4,0.0,0.0,4,0,0,6,0,0.0162479877471923,0.0,1.0,0.0,0.0,0.0,0.0,0.0,1.0,0.0,0.0,0.0,0.0,0.0,1.0,1.0,7570,54,1226,757.0,605.0463710420146,757.0,0.0016268014907836,10,1.0,343103.4375
20.0,6,64.0,679.4375688459794,0.0,0.0,0.5,0.5,0.5,0.0,0.0,5,0,0,5,0,0.0147180557250976,0.0,1.0,0.0,0.0,0.0,0.0,0.0,1.0,0.0,0.0,0.0,0.0,0.0,1.0,1.0,6400,54,1226,640.0,617.6982362862234,640.0,0.0014744043350219,10,1.0,343396.0
20.0,6,64.0,454.1944426396379,0.0,0.0,1.0,0.0,0.0,0.0,0.0,0,0,0,10,0,0.0220170021057128,0.0,1.0,0.0,0.0,0.0,0.0,0.0,1.0,0.0,0.0,0.0,0.0,0.0,1.0,1.0,648,54,66,64.8,3.794733192202056,64.8,0.0022036075592041,10,0.9283038525131756,36.0
20.0,6,64.0,565.1634462500336,0.0,0.0,1.0,0.0,0.0,0.0,0.0,0,0,0,10,0,0.0176939964294433,0.0,1.0,0.0,0.0,0.0,0.0,0.0,1.0,0.0,0.0,0.0,0.0,0.0,1.0,1.0,678,66,68,67.8,0.6324555320336757,67.8,0.0020323991775512,10,0.0,1.0
20.0,6,64.0,450.95678912793386,0.0,0.0,0.5,0.5,0.5,0.0,0.0,5,0,0,5,0,0.0221750736236572,0.0,1.0,0.0,0.0,0.0,0.0,0.0,1.0,0.0,0.0,0.0,0.0,0.0,1.0,1.0,614,54,68,61.4,6.397916327472042,61.4,0.0025712966918945,10,0.929364285195159,39.04
20.0,6,64.0,922.6767565665008,0.0,0.0,0.5,0.5,0.5,0.0,0.0,5,0,0,5,0,0.0108380317687988,0.0,1.0,0.0,0.0,0.0,0.0,0.0,1.0,0.0,0.0,0.0,0.0,0.0,1.0,1.0,600,54,66,60.0,6.324555320336759,60.0,0.0010854005813598,10,0.9293344008552924,36.0
20.0,6,64.0,898.8885793274898,0.0,0.0,0.5,0.5,0.5,0.0,0.0,5,0,0,5,0,0.011124849319458,0.0,1.0,0.0,0.0,0.0,0.0,0.0,1.0,0.0,0.0,0.0,0.0,0.0,1.0,1.0,600,54,66,60.0,6.324555320336759,60.0,0.0011148929595947,10,0.9293344008552924,36.0
20.0,6,64.0,923.1844694385138,0.0,0.0,0.5,0.5,0.5,0.0,0.0,5,0,0,5,0,0.0108320713043212,0.0,1.0,0.0,0.0,0.0,0.0,0.0,1.0,0.0,0.0,0.0,0.0,0.0,1.0,1.0,600,54,66,60.0,6.324555320336759,60.0,0.0010852098464965,10,0.9293344008552924,36.0
20.0,6,64.0,505.8436750003015,0.0,0.0,0.7,0.3,0.3,0.0,0.0,3,0,0,7,0,0.0197689533233642,0.0,1.0,0.0,0.0,0.0,0.0,0.0,1.0,0.0,0.0,0.0,0.0,0.0,1.0,1.0,1164,54,158,116.4,53.70536906740952,116.4,0.0019784927368164,10,0.9486354491433,2704.0
20.0,6,64.0,830.2264449722882,0.0,0.0,0.7,0.3,0.3,0.0,0.0,3,0,0,7,0,0.0120449066162109,0.0,1.0,0.0,0.0,0.0,0.0,0.0,1.0,0.0,0.0,0.0,0.0,0.0,1.0,1.0,1274,54,160,127.4,50.658332647913575,127.4,0.001404595375061,10,0.947394208387454,2704.0
20.0,6,64.0,411.8280541209277,0.0,0.0,0.7,0.3,0.3,0.0,0.0,3,0,0,7,0,0.0242819786071777,0.0,1.0,0.0,0.0,0.0,0.0,0.0,1.0,0.0,0.0,0.0,0.0,0.0,1.0,1.0,1292,54,160,129.2,49.6673378030718,129.2,0.0026499986648559,10,0.9469905167274594,2220.16
20.0,6,64.0,845.4553517436001,0.0,0.0,0.5,0.5,0.5,0.0,0.0,5,0,0,5,0,0.0118279457092285,0.0,1.0,0.0,0.0,0.0,0.0,0.0,1.0,0.0,0.0,0.0,0.0,0.0,1.0,1.0,590,54,64,59.0,5.270462766947299,59.0,0.0011871099472045,10,0.9289050057127436,25.0
20.0,6,64.0,834.6541431186819,0.0,0.0,0.5,0.5,0.5,0.0,0.0,5,0,0,5,0,0.0119810104370117,0.0,1.0,0.0,0.0,0.0,0.0,0.0,1.0,0.0,0.0,0.0,0.0,0.0,1.0,1.0,592,54,66,59.2,5.513619500836088,59.2,0.0011996984481811,10,0.9290040580398606,27.360000000000003
20.0,6,64.0,847.7451693750505,0.0,0.0,0.5,0.5,0.5,0.0,0.0,5,0,0,5,0,0.0117959976196289,0.0,1.0,0.0,0.0,0.0,0.0,0.0,1.0,0.0,0.0,0.0,0.0,0.0,1.0,1.0,600,54,66,60.0,6.324555320336759,60.0,0.0011812925338745,10,0.9293344008552924,36.0
20.0,6,64.0,615.4969550223788,0.0,0.0,0.6,0.4,0.4,0.0,0.0,4,0,0,6,0,0.0162470340728759,0.0,1.0,0.0,0.0,0.0,0.0,0.0,1.0,0.0,0.0,0.0,0.0,0.0,1.0,1.0,600,54,66,60.0,6.324555320336759,60.0,0.0016268014907836,10,0.9293344008552924,36.0
20.0,6,64.0,947.8653107344632,0.0,0.0,0.5,0.5,0.5,0.0,0.0,5,0,0,5,0,0.0105500221252441,0.0,1.0,0.0,0.0,0.0,0.0,0.0,1.0,0.0,0.0,0.0,0.0,0.0,1.0,1.0,612,54,66,61.2,6.196773353931867,61.2,0.0012335062026977,10,0.9292823475934576,36.0
20.0,6,64.0,754.2626960149619,0.0,0.0,0.6,0.4,0.4,0.0,0.0,4,0,0,6,0,0.0132579803466796,0.0,1.0,0.0,0.0,0.0,0.0,0.0,1.0,0.0,0.0,0.0,0.0,0.0,1.0,1.0,618,54,68,61.8,6.762642481555071,61.8,0.0013278007507324,10,0.9295128600412864,41.16
20.0,6,64.0,812.1413495982187,0.0,0.0,0.6,0.4,0.4,0.0,0.0,4,0,0,6,0,0.0123131275177001,0.0,1.0,0.0,0.0,0.0,0.0,0.0,1.0,0.0,0.0,0.0,0.0,0.0,1.0,1.0,610,54,68,61.0,7.378647873726218,61.0,0.0012341022491455,10,0.9297637959978412,49.0
20.0,6,64.0,399.3434256878987,0.0,0.0,0.8,0.2,0.2,0.0,0.0,2,0,0,8,0,0.0250411033630371,0.0,1.0,0.0,0.0,0.0,0.0,0.0,1.0,0.0,0.0,0.0,0.0,0.0,1.0,1.0,640,54,68,64.0,5.333333333333333,64.0,0.0026612997055053,10,0.9289306166666668,49.0
20.0,6,64.0,513.5547066314036,0.0,0.0,1.0,0.0,0.0,0.0,0.0,0,0,0,10,0,0.0194721221923828,0.0,1.0,0.0,0.0,0.0,0.0,0.0,1.0,0.0,0.0,0.0,0.0,0.0,1.0,1.0,672,66,68,67.2,1.0327955589886444,67.2,0.0028367042541503,10,0.9067291895989096,1.0
20.0,6,64.0,595.9511224779767,0.0,0.0,1.0,0.0,0.0,0.0,0.0,0,0,0,10,0,0.0167798995971679,0.0,1.0,0.0,0.0,0.0,0.0,0.0,1.0,0.0,0.0,0.0,0.0,0.0,1.0,1.0,656,64,68,65.6,2.065591117977289,65.6,0.0021082878112792,10,0.9105581691978192,4.0
20.0,6,64.0,560.9158018615599,0.0,0.0,1.0,0.0,0.0,0.0,0.0,0,0,0,10,0,0.0178279876708984,0.0,1.0,0.0,0.0,0.0,0.0,0.0,1.0,0.0,0.0,0.0,0.0,0.0,1.0,1.0,652,64,66,65.2,1.0327955589886444,65.2,0.0021605968475341,10,0.9101374495989096,1.0
20.0,6,64.0,355.64238230904897,0.0,0.0,1.0,0.0,0.0,0.0,0.0,0,0,0,10,0,0.0281181335449218,0.0,1.0,0.0,0.0,0.0,0.0,0.0,1.0,0.0,0.0,0.0,0.0,0.0,1.0,1.0,906,66,107,90.6,21.17230895926721,90.6,0.0030054092407226,10,0.9149332217776472,420.25
20.0,6,64.0,520.2624691449906,0.0,0.0,1.0,0.0,0.0,0.0,0.0,0,0,0,10,0,0.0192210674285888,0.0,1.0,0.0,0.0,0.0,0.0,0.0,1.0,0.0,0.0,0.0,0.0,0.0,1.0,1.0,1082,107,109,108.2,1.0327955589886444,108.2,0.0021414041519165,10,0.8368598595989097,1.0
20.0,6,64.0,398.73979218359335,0.0,0.0,0.8,0.2,0.2,0.0,0.0,2,0,0,8,0,0.0250790119171142,0.0,1.0,0.0,0.0,0.0,0.0,0.0,1.0,0.0,0.0,0.0,0.0,0.0,1.0,1.0,808,54,109,80.8,24.706274506691617,80.8,0.0027688026428222,10,0.936822377983046,618.25
20.0,6,64.0,960.8943871706758,0.0,0.0,0.5,0.5,0.5,0.0,0.0,5,0,0,5,0,0.0104069709777832,0.0,1.0,0.0,0.0,0.0,0.0,0.0,1.0,0.0,0.0,0.0,0.0,0.0,1.0,1.0,600,54,66,60.0,6.324555320336759,60.0,0.0016263961791992,10,0.9293344008552924,36.0
20.0,6,64.0,893.2603556596741,0.0,0.0,0.5,0.5,0.5,0.0,0.0,5,0,0,5,0,0.0111949443817138,0.0,1.0,0.0,0.0,0.0,0.0,0.0,1.0,0.0,0.0,0.0,0.0,0.0,1.0,1.0,622,54,68,62.2,7.083627444874397,62.2,0.0013744831085205,10,0.929643616475944,46.02469135802469
20.0,6,64.0,964.695708174249,0.0,0.0,0.5,0.5,0.5,0.0,0.0,5,0,0,5,0,0.0103659629821777,0.0,1.0,0.0,0.0,0.0,0.0,0.0,1.0,0.0,0.0,0.0,0.0,0.0,1.0,1.0,610,54,68,61.0,7.378647873726218,61.0,0.0010382175445556,10,0.9297637959978412,49.0
20.0,6,64.0,719.8421061664407,0.0,0.0,0.6,0.4,0.4,0.0,0.0,4,0,0,6,0,0.0138919353485107,0.0,1.0,0.0,0.0,0.0,0.0,0.0,1.0,0.0,0.0,0.0,0.0,0.0,1.0,1.0,600,54,66,60.0,6.324555320336759,60.0,0.0013912916183471,10,0.9293344008552924,36.0
20.0,6,64.0,897.6765687869189,0.0,0.0,0.5,0.5,0.5,0.0,0.0,5,0,0,5,0,0.0111398696899414,0.0,1.0,0.0,0.0,0.0,0.0,0.0,1.0,0.0,0.0,0.0,0.0,0.0,1.0,1.0,614,54,68,61.4,6.397916327472042,61.4,0.0012696981430053,10,0.929364285195159,36.84
20.0,6,64.0,917.2689498316056,0.0,0.0,0.6,0.4,0.4,0.0,0.0,4,0,0,6,0,0.010901927947998,0.0,1.0,0.0,0.0,0.0,0.0,0.0,1.0,0.0,0.0,0.0,0.0,0.0,1.0,1.0,610,54,68,61.0,7.378647873726218,61.0,0.0010930061340332,10,0.9297637959978412,49.0
20.0,6,64.0,555.05908820221,0.0,0.0,0.5,0.5,0.5,0.0,0.0,5,0,0,5,0,0.0180160999298095,0.0,1.0,0.0,0.0,0.0,0.0,0.0,1.0,0.0,0.0,0.0,0.0,0.0,1.0,1.0,1913,54,1371,191.3,414.5627013291637,191.3,0.0020056009292602,10,1.0,169534.91358024685
20.0,6,64.0,1024.6003517686145,0.0,0.0,0.5,0.5,0.5,0.0,0.0,5,0,0,5,0,0.0097599029541015,0.0,1.0,0.0,0.0,0.0,0.0,0.0,1.0,0.0,0.0,0.0,0.0,0.0,1.0,1.0,8442,54,1371,844.2,680.0958755940223,844.2,0.0011945962905883,10,1.0,433622.25
20.0,6,64.0,633.9158165193078,0.0,0.0,0.8,0.2,0.2,0.0,0.0,2,0,0,8,0,0.0157749652862548,0.0,1.0,0.0,0.0,0.0,0.0,0.0,1.0,0.0,0.0,0.0,0.0,0.0,1.0,1.0,9767,54,1373,976.7,636.7240899060336,976.7,0.0015790939331054,10,1.0,433622.25
20.0,6,64.0,853.7502035499105,0.0,0.0,0.6,0.4,0.4,0.0,0.0,4,0,0,6,0,0.0117130279541015,0.0,1.0,0.0,0.0,0.0,0.0,0.0,1.0,0.0,0.0,0.0,0.0,0.0,1.0,1.0,8454,54,1373,845.4,681.128671153011,845.4,0.0013303995132446,10,1.0,434940.25
20.0,6,64.0,502.9141486810552,0.0,0.0,1.0,0.0,0.0,0.0,0.0,0,0,0,10,0,0.0198841094970703,0.0,1.0,0.0,0.0,0.0,0.0,0.0,1.0,0.0,0.0,0.0,0.0,0.0,1.0,1.0,640,64,64,64.0,0.0,64.0,0.0031067132949829,10,0.0,0.0
20.0,6,64.0,555.9861610042551,0.0,0.0,0.9,0.1,0.1,0.0,0.0,1,0,0,9,0,0.0179860591888427,0.0,1.0,0.0,0.0,0.0,0.0,0.0,1.0,0.0,0.0,0.0,0.0,0.0,1.0,1.0,648,54,66,64.8,3.794733192202055,64.8,0.0019963979721069,10,0.9283038525131756,15.75
20.0,6,64.0,642.4605958489699,0.0,0.0,0.5,0.5,0.5,0.0,0.0,5,0,0,5,0,0.0155651569366455,0.0,1.0,0.0,0.0,0.0,0.0,0.0,1.0,0.0,0.0,0.0,0.0,0.0,1.0,1.0,602,54,66,60.2,5.370702416299421,60.2,0.0018141031265258,10,0.9289458393363036,27.84
20.0,6,64.0,873.2129993962484,0.0,0.0,0.5,0.5,0.5,0.0,0.0,5,0,0,5,0,0.0114519596099853,0.0,1.0,0.0,0.0,0.0,0.0,0.0,1.0,0.0,0.0,0.0,0.0,0.0,1.0,1.0,590,54,64,59.0,5.270462766947299,59.0,0.0011468887329101,10,0.9289050057127436,25.0
20.0,6,64.0,872.5953356772837,0.0,0.0,0.5,0.5,0.5,0.0,0.0,5,0,0,5,0,0.0114600658416748,0.0,1.0,0.0,0.0,0.0,0.0,0.0,1.0,0.0,0.0,0.0,0.0,0.0,1.0,1.0,600,54,66,60.0,6.324555320336759,60.0,0.0011489152908325,10,0.9293344008552924,36.0
20.0,6,64.0,915.0875968146612,0.0,0.0,0.5,0.5,0.5,0.0,0.0,5,0,0,5,0,0.0109279155731201,0.0,1.0,0.0,0.0,0.0,0.0,0.0,1.0,0.0,0.0,0.0,0.0,0.0,1.0,1.0,600,54,66,60.0,6.324555320336759,60.0,0.0010944843292236,10,0.9293344008552924,36.0
20.0,6,64.0,369.4966259668411,0.0,0.0,0.9,0.1,0.1,0.0,0.0,1,0,0,9,0,0.0270638465881347,0.0,1.0,0.0,0.0,0.0,0.0,0.0,1.0,0.0,0.0,0.0,0.0,0.0,1.0,1.0,636,54,66,63.6,5.059644256269407,63.6,0.002708101272583,10,0.928819126684234,36.0
20.0,6,64.0,434.3278450864658,0.0,0.0,1.0,0.0,0.0,0.0,0.0,0,0,0,10,0,0.0230240821838378,0.0,1.0,0.0,0.0,0.0,0.0,0.0,1.0,0.0,0.0,0.0,0.0,0.0,1.0,1.0,676,66,68,67.6,0.8432740427115678,67.6,0.0024811029434204,10,0.0,1.0
20.0,6,64.0,765.2303369761544,0.0,0.0,0.6,0.4,0.4,0.0,0.0,4,0,0,6,0,0.0130679607391357,0.0,1.0,0.0,0.0,0.0,0.0,0.0,1.0,0.0,0.0,0.0,0.0,0.0,1.0,1.0,608,54,68,60.8,6.051629716218782,60.8,0.0015933990478515,10,0.9292232218811988,34.666666666666664
20.0,6,64.0,989.8062536873156,0.0,0.0,0.5,0.5,0.5,0.0,0.0,5,0,0,5,0,0.0101029872894287,0.0,1.0,0.0,0.0,0.0,0.0,0.0,1.0,0.0,0.0,0.0,0.0,0.0,1.0,1.0,590,54,64,59.0,5.270462766947299,59.0,0.0011876106262207,10,0.9289050057127436,25.0
20.0,6,64.0,834.2391153012312,0.0,0.0,0.5,0.5,0.5,0.0,0.0,5,0,0,5,0,0.0119869709014892,0.0,1.0,0.0,0.0,0.0,0.0,0.0,1.0,0.0,0.0,0.0,0.0,0.0,1.0,1.0,610,54,66,61.0,6.055300708194984,61.0,0.0013877868652343,10,0.9292247172964904,33.58024691358025
20.0,6,64.0,892.7850148999574,0.0,0.0,0.6,0.4,0.4,0.0,0.0,4,0,0,6,0,0.0112009048461914,0.0,1.0,0.0,0.0,0.0,0.0,0.0,1.0,0.0,0.0,0.0,0.0,0.0,1.0,1.0,600,54,66,60.0,6.324555320336759,60.0,0.0011235952377319,10,0.9293344008552924,36.0
20.0,6,64.0,1416.8031347115254,0.0,0.0,0.5,0.5,0.5,0.0,0.0,5,0,0,5,0,0.0070581436157226,0.0,1.0,0.0,0.0,0.0,0.0,0.0,1.0,0.0,0.0,0.0,0.0,0.0,1.0,1.0,600,54,66,60.0,6.324555320336759,60.0,0.0016909122467041,10,0.9293344008552924,36.0
20.0,6,64.0,1293.81948300327,0.0,0.0,0.5,0.5,0.5,0.0,0.0,5,0,0,5,0,0.0077290534973144,0.0,1.0,0.0,0.0,0.0,0.0,0.0,1.0,0.0,0.0,0.0,0.0,0.0,1.0,1.0,600,54,66,60.0,6.324555320336759,60.0,0.0010612964630126,10,0.9293344008552924,36.0
20.0,6,64.0,1181.5939375158464,0.0,0.0,0.5,0.5,0.5,0.0,0.0,5,0,0,5,0,0.0084631443023681,0.0,1.0,0.0,0.0,0.0,0.0,0.0,1.0,0.0,0.0,0.0,0.0,0.0,1.0,1.0,610,54,68,61.0,7.378647873726218,61.0,0.001081109046936,10,0.9297637959978412,49.0
20.0,6,64.0,471.1377702892446,0.0,0.0,0.6,0.4,0.4,0.0,0.0,4,0,0,6,0,0.0212252140045166,0.0,1.0,0.0,0.0,0.0,0.0,0.0,1.0,0.0,0.0,0.0,0.0,0.0,1.0,1.0,620,54,68,62.0,6.99205898780101,62.0,0.0023952007293701,10,0.9296063151492706,48.39506172839506
20.0,6,64.0,529.4367726136679,0.0,0.0,1.0,0.0,0.0,0.0,0.0,0,0,0,10,0,0.0188879966735839,0.0,1.0,0.0,0.0,0.0,0.0,0.0,1.0,0.0,0.0,0.0,0.0,0.0,1.0,1.0,642,64,66,64.2,0.6324555320336759,64.2,0.002181601524353,10,0.0,0.36
20.0,6,64.0,244.0393320532961,0.0,0.0,1.0,0.0,0.0,0.0,0.0,0,0,0,10,0,0.0409770011901855,0.0,1.0,0.0,0.0,0.0,0.0,0.0,1.0,0.0,0.0,0.0,0.0,0.0,1.0,1.0,660,66,66,66.0,0.0,66.0,0.0042826890945434,10,0.0,0.0
20.0,6,64.0,1099.0210669741118,0.0,0.0,1.0,0.0,0.0,0.0,0.0,0,0,0,10,0,0.009099006652832,0.0,1.0,0.0,0.0,0.0,0.0,0.0,1.0,0.0,0.0,0.0,0.0,0.0,1.0,1.0,661,66,67,66.1,0.3162277660168379,66.1,0.0009130954742431,10,0.0,0.09
20.0,6,64.0,385.491709863608,0.0,0.0,1.0,0.0,0.0,0.0,0.0,0,0,0,10,0,0.0259408950805664,0.0,1.0,0.0,0.0,0.0,0.0,0.0,1.0,0.0,0.0,0.0,0.0,0.0,1.0,1.0,669,66,67,66.9,0.3162277660168379,66.9,0.0029202938079833,10,0.0,0.09
20.0,6,64.0,519.2641196424593,0.0,0.0,1.0,0.0,0.0,0.0,0.0,0,0,0,10,0,0.0192580223083496,0.0,1.0,0.0,0.0,0.0,0.0,0.0,1.0,0.0,0.0,0.0,0.0,0.0,1.0,1.0,660,66,66,66.0,0.0,66.0,0.0021228075027465,10,0.0,0.0
20.0,6,64.0,346.1903661395226,0.0,0.0,0.9,0.1,0.1,0.0,0.0,1,0,0,9,0,0.0288858413696289,0.0,1.0,0.0,0.0,0.0,0.0,0.0,1.0,0.0,0.0,0.0,0.0,0.0,1.0,1.0,1818,66,1224,181.8,366.1917530474984,181.8,0.0031266927719116,10,1.0,120686.76
20.0,6,64.0,835.5520140244631,0.0,0.0,0.6,0.4,0.4,0.0,0.0,4,0,0,6,0,0.0119681358337402,0.0,1.0,0.0,0.0,0.0,0.0,0.0,1.0,0.0,0.0,0.0,0.0,0.0,1.0,1.0,6390,54,1224,639.0,616.644143732834,639.0,0.0012004137039184,10,1.0,342225.0
20.0,6,64.0,593.3712474888946,0.0,0.0,0.5,0.5,0.5,0.0,0.0,5,0,0,5,0,0.016852855682373,0.0,1.0,0.0,0.0,0.0,0.0,0.0,1.0,0.0,0.0,0.0,0.0,0.0,1.0,1.0,6391,54,1225,639.1,616.7496250505549,639.1,0.0019491910934448,10,1.0,342342.09
20.0,6,64.0,6028.031043403277,0.0,0.0,0.5,0.5,0.5,0.0,0.0,5,0,0,5,0,0.0016589164733886,0.0,1.0,0.0,0.0,0.0,0.0,0.0,1.0,0.0,0.0,0.0,0.0,0.0,1.0,1.0,6395,54,1225,639.5,617.1711900095287,639.5,0.0013438940048217,10,1.0,342810.25
20.0,6,64.0,907.288498561509,0.0,0.0,0.6,0.4,0.4,0.0,0.0,4,0,0,6,0,0.0110218524932861,0.0,1.0,0.0,0.0,0.0,0.0,0.0,1.0,0.0,0.0,0.0,0.0,0.0,1.0,1.0,5248,54,1225,524.8,602.6539084195284,524.8,0.0011342048645019,10,1.0,342810.25
20.0,6,64.0,385.6086640740639,0.0,0.0,1.0,0.0,0.0,0.0,0.0,0,0,0,10,0,0.025933027267456,0.0,1.0,0.0,0.0,0.0,0.0,0.0,1.0,0.0,0.0,0.0,0.0,0.0,1.0,1.0,664,66,68,66.4,0.8432740427115678,66.4,0.0028057098388671,10,0.0,0.64
20.0,6,64.0,524.1307607717685,0.0,0.0,0.9,0.1,0.1,0.0,0.0,1,0,0,9,0,0.0190792083740234,0.0,1.0,0.0,0.0,0.0,0.0,0.0,1.0,0.0,0.0,0.0,0.0,0.0,1.0,1.0,664,54,68,66.4,4.402019738458447,66.4,0.0019756078720092,10,0.9285512367606584,17.44
20.0,6,64.0,1089.5711131315754,0.0,0.0,0.5,0.5,0.5,0.0,0.0,5,0,0,5,0,0.0091779232025146,0.0,1.0,0.0,0.0,0.0,0.0,0.0,1.0,0.0,0.0,0.0,0.0,0.0,1.0,1.0,600,54,66,60.0,6.324555320336759,60.0,0.0011273860931396,10,0.9293344008552924,36.0
20.0,6,64.0,910.6767700892372,0.0,0.0,0.5,0.5,0.5,0.0,0.0,5,0,0,5,0,0.0109808444976806,0.0,1.0,0.0,0.0,0.0,0.0,0.0,1.0,0.0,0.0,0.0,0.0,0.0,1.0,1.0,616,54,68,61.6,6.586180818788516,61.6,0.0013298988342285,10,0.9294409766183416,39.04
20.0,6,64.0,780.5098812758197,0.0,0.0,0.6,0.4,0.4,0.0,0.0,4,0,0,6,0,0.0128121376037597,0.0,1.0,0.0,0.0,0.0,0.0,0.0,1.0,0.0,0.0,0.0,0.0,0.0,1.0,1.0,610,54,68,61.0,7.378647873726218,61.0,0.0012839078903198,10,0.9297637959978412,49.0
20.0,6,64.0,570.6768983768045,0.0,0.0,0.7,0.3,0.3,0.0,0.0,3,0,0,7,0,0.0175230503082275,0.0,1.0,0.0,0.0,0.0,0.0,0.0,1.0,0.0,0.0,0.0,0.0,0.0,1.0,1.0,5262,54,1224,526.2,600.5978132938325,526.2,0.0020545959472656,10,1.0,324645.96
20.0,6,64.0,991.7487940981746,0.0,0.0,0.6,0.4,0.4,0.0,0.0,4,0,0,6,0,0.0100831985473632,0.0,1.0,0.0,0.0,0.0,0.0,0.0,1.0,0.0,0.0,0.0,0.0,0.0,1.0,1.0,8731,54,1225,873.1,565.2327839041186,873.1,0.0015129089355468,10,1.0,304200.0
20.0,6,64.0,577.7357814845934,0.0,0.0,0.9,0.1,0.1,0.0,0.0,1,0,0,9,0,0.0173089504241943,0.0,1.0,0.0,0.0,0.0,0.0,0.0,1.0,0.0,0.0,0.0,0.0,0.0,1.0,1.0,9908,54,1225,990.8,493.736952007623,990.8,0.001732587814331,10,1.0,342810.25
20.0,6,64.0,411.25465741067575,0.0,0.0,0.6,0.4,0.4,0.0,0.0,4,0,0,6,0,0.0243158340454101,0.0,1.0,0.0,0.0,0.0,0.0,0.0,1.0,0.0,0.0,0.0,0.0,0.0,1.0,1.0,1783,54,1225,178.3,367.8163944143872,178.3,0.0026078939437866,10,1.0,342810.25
20.0,6,64.0,1486.5511252879674,0.0,0.0,0.6,0.4,0.4,0.0,0.0,4,0,0,6,0,0.0067269802093505,0.0,1.0,0.0,0.0,0.0,0.0,0.0,1.0,0.0,0.0,0.0,0.0,0.0,1.0,1.0,602,54,68,60.2,6.562519841239848,60.2,0.000673508644104,10,0.9294313380825274,38.76
20.0,6,64.0,679.1625240863384,0.0,0.0,0.8,0.2,0.2,0.0,0.0,2,0,0,8,0,0.0147240161895751,0.0,1.0,0.0,0.0,0.0,0.0,0.0,1.0,0.0,0.0,0.0,0.0,0.0,1.0,1.0,652,54,68,65.2,5.902918298980975,65.2,0.0016942977905273,10,0.9291626427982728,43.55555555555557
20.0,6,64.0,542.7412008281574,0.0,0.0,0.5,0.5,0.5,0.0,0.0,5,0,0,5,0,0.0184249877929687,0.0,1.0,0.0,0.0,0.0,0.0,0.0,1.0,0.0,0.0,0.0,0.0,0.0,1.0,1.0,602,54,68,60.2,6.562519841239848,60.2,0.0021219015121459,10,0.9294313380825274,49.0
20.0,6,64.0,833.1950735001986,0.0,0.0,0.5,0.5,0.5,0.0,0.0,5,0,0,5,0,0.0120019912719726,0.0,1.0,0.0,0.0,0.0,0.0,0.0,1.0,0.0,0.0,0.0,0.0,0.0,1.0,1.0,612,54,66,61.2,6.196773353931867,61.2,0.0013909101486206,10,0.9292823475934576,36.0
20.0,6,64.0,859.1188218184798,0.0,0.0,0.5,0.5,0.5,0.0,0.0,5,0,0,5,0,0.0116398334503173,0.0,1.0,0.0,0.0,0.0,0.0,0.0,1.0,0.0,0.0,0.0,0.0,0.0,1.0,1.0,610,54,68,61.0,7.378647873726218,61.0,0.0011655807495117,10,0.9297637959978412,49.0
20.0,6,64.0,698.5733082393698,0.0,0.0,0.5,0.5,0.5,0.0,0.0,5,0,0,5,0,0.0143148899078369,0.0,1.0,0.0,0.0,0.0,0.0,0.0,1.0,0.0,0.0,0.0,0.0,0.0,1.0,1.0,610,54,68,61.0,7.378647873726218,61.0,0.0014332056045532,10,0.9297637959978412,49.0
20.0,6,64.0,398.8990651183581,0.0,0.0,0.6,0.4,0.4,0.0,0.0,4,0,0,6,0,0.0250689983367919,0.0,1.0,0.0,0.0,0.0,0.0,0.0,1.0,0.0,0.0,0.0,0.0,0.0,1.0,1.0,590,54,64,59.0,5.270462766947299,59.0,0.002514100074768,10,0.9289050057127436,25.0
20.0,6,64.0,859.4004712631903,0.0,0.0,0.5,0.5,0.5,0.0,0.0,5,0,0,5,0,0.0116360187530517,0.0,1.0,0.0,0.0,0.0,0.0,0.0,1.0,0.0,0.0,0.0,0.0,0.0,1.0,1.0,602,54,66,60.2,5.370702416299421,60.2,0.00121750831604,10,0.9289458393363036,25.96
20.0,6,64.0,851.9293969492007,0.0,0.0,0.5,0.5,0.5,0.0,0.0,5,0,0,5,0,0.0117380619049072,0.0,1.0,0.0,0.0,0.0,0.0,0.0,1.0,0.0,0.0,0.0,0.0,0.0,1.0,1.0,600,54,66,60.0,6.324555320336759,60.0,0.0011766910552978,10,0.9293344008552924,36.0
20.0,6,64.0,1006.939069477121,0.0,0.0,0.6,0.4,0.4,0.0,0.0,4,0,0,6,0,0.0099310874938964,0.0,1.0,0.0,0.0,0.0,0.0,0.0,1.0,0.0,0.0,0.0,0.0,0.0,1.0,1.0,600,54,66,60.0,6.324555320336759,60.0,0.0009958028793334,10,0.9293344008552924,36.0
20.0,6,64.0,334.82912498902346,0.0,0.0,1.0,0.0,0.0,0.0,0.0,0,0,0,10,0,0.0298659801483154,0.0,1.0,0.0,0.0,0.0,0.0,0.0,1.0,0.0,0.0,0.0,0.0,0.0,1.0,1.0,661,66,67,66.1,0.3162277660168379,66.1,0.0031641006469726,10,0.0,0.09
20.0,6,64.0,519.5600039639282,0.0,0.0,0.9,0.1,0.1,0.0,0.0,1,0,0,9,0,0.0192470550537109,0.0,1.0,0.0,0.0,0.0,0.0,0.0,1.0,0.0,0.0,0.0,0.0,0.0,1.0,1.0,669,66,67,66.9,0.3162277660168379,66.9,0.001927900314331,10,0.0,0.09
20.0,6,64.0,917.0082424189422,0.0,0.0,0.5,0.5,0.5,0.0,0.0,5,0,0,5,0,0.0109050273895263,0.0,1.0,0.0,0.0,0.0,0.0,0.0,1.0,0.0,0.0,0.0,0.0,0.0,1.0,1.0,600,54,66,60.0,6.324555320336759,60.0,0.0010946989059448,10,0.9293344008552924,36.0
20.0,6,64.0,834.22252277338,0.0,0.0,0.6,0.4,0.4,0.0,0.0,4,0,0,6,0,0.0119872093200683,0.0,1.0,0.0,0.0,0.0,0.0,0.0,1.0,0.0,0.0,0.0,0.0,0.0,1.0,1.0,602,54,68,60.2,6.562519841239848,60.2,0.0012009143829345,10,0.9294313380825274,38.76
20.0,6,64.0,920.3080636313769,0.0,0.0,0.5,0.5,0.5,0.0,0.0,5,0,0,5,0,0.0108659267425537,0.0,1.0,0.0,0.0,0.0,0.0,0.0,1.0,0.0,0.0,0.0,0.0,0.0,1.0,1.0,624,54,68,62.4,7.229568912920511,62.4,0.001306676864624,10,0.9297030671923672,49.0
20.0,6,64.0,481.8380663541954,0.0,0.0,0.6,0.4,0.4,0.0,0.0,4,0,0,6,0,0.0207538604736328,0.0,1.0,0.0,0.0,0.0,0.0,0.0,1.0,0.0,0.0,0.0,0.0,0.0,1.0,1.0,618,54,68,61.8,6.762642481555072,61.8,0.0020775079727172,10,0.9295128600412864,49.0
20.0,6,64.0,927.902305207734,0.0,0.0,0.5,0.5,0.5,0.0,0.0,5,0,0,5,0,0.0107769966125488,0.0,1.0,0.0,0.0,0.0,0.0,0.0,1.0,0.0,0.0,0.0,0.0,0.0,1.0,1.0,600,54,66,60.0,6.324555320336759,60.0,0.0010802030563354,10,0.9293344008552924,36.0
20.0,6,64.0,616.0303146021208,0.0,0.0,0.5,0.5,0.5,0.0,0.0,5,0,0,5,0,0.0162329673767089,0.0,1.0,0.0,0.0,0.0,0.0,0.0,1.0,0.0,0.0,0.0,0.0,0.0,1.0,1.0,606,54,68,60.6,6.995236474439826,60.6,0.0016242980957031,10,0.9296076095302278,44.04
20.0,6,64.0,820.1290524422197,0.0,0.0,0.6,0.4,0.4,0.0,0.0,4,0,0,6,0,0.0121932029724121,0.0,1.0,0.0,0.0,0.0,0.0,0.0,1.0,0.0,0.0,0.0,0.0,0.0,1.0,1.0,610,54,68,61.0,7.378647873726218,61.0,0.0012210130691528,10,0.9297637959978412,49.0
20.0,6,64.0,500.8004584965135,0.0,0.0,0.9,0.1,0.1,0.0,0.0,1,0,0,9,0,0.019968032836914,0.0,1.0,0.0,0.0,0.0,0.0,0.0,1.0,0.0,0.0,0.0,0.0,0.0,1.0,1.0,652,54,68,65.2,4.0221608343995605,65.2,0.001999282836914,10,0.928396497437501,49.0
20.0,6,64.0,520.3463762002829,0.0,0.0,1.0,0.0,0.0,0.0,0.0,0,0,0,10,0,0.0192179679870605,0.0,1.0,0.0,0.0,0.0,0.0,0.0,1.0,0.0,0.0,0.0,0.0,0.0,1.0,1.0,674,66,68,67.4,0.9660917830792958,67.4,0.0021304130554199,10,0.0,1.0
20.0,6,64.0,419.05743887939735,0.0,0.0,0.7,0.3,0.3,0.0,0.0,3,0,0,7,0,0.0238630771636962,0.0,1.0,0.0,0.0,0.0,0.0,0.0,1.0,0.0,0.0,0.0,0.0,0.0,1.0,1.0,6432,54,1224,643.2,612.2382978329055,643.2,0.002673602104187,10,1.0,337352.16000000003
20.0,6,64.0,829.2579924474584,0.0,0.0,0.7,0.3,0.3,0.0,0.0,3,0,0,7,0,0.0120589733123779,0.0,1.0,0.0,0.0,0.0,0.0,0.0,1.0,0.0,0.0,0.0,0.0,0.0,1.0,1.0,7562,54,1226,756.2,604.3578410180511,756.2,0.0012086868286132,10,1.0,342225.0
20.0,6,64.0,821.1566623595286,0.0,0.0,0.7,0.3,0.3,0.0,0.0,3,0,0,7,0,0.0121779441833496,0.0,1.0,0.0,0.0,0.0,0.0,0.0,1.0,0.0,0.0,0.0,0.0,0.0,1.0,1.0,8744,54,1226,874.4,566.1297848844673,874.4,0.001512598991394,10,1.0,288452.64
20.0,6,64.0,520.9733073320995,0.0,0.0,0.6,0.4,0.4,0.0,0.0,4,0,0,6,0,0.0191948413848876,0.0,1.0,0.0,0.0,0.0,0.0,0.0,1.0,0.0,0.0,0.0,0.0,0.0,1.0,1.0,2924,54,1226,292.4,492.0729846498609,292.4,0.0021744966506958,10,1.0,340484.75
20.0,6,64.0,849.1009575480292,0.0,0.0,0.6,0.4,0.4,0.0,0.0,4,0,0,6,0,0.0117771625518798,0.0,1.0,0.0,0.0,0.0,0.0,0.0,1.0,0.0,0.0,0.0,0.0,0.0,1.0,1.0,600,54,64,60.0,5.163977794943222,60.0,0.0014695167541503,10,0.928861627994548,24.0
20.0,6,64.0,914.6485814597552,0.0,0.0,0.5,0.5,0.5,0.0,0.0,5,0,0,5,0,0.0109331607818603,0.0,1.0,0.0,0.0,0.0,0.0,0.0,1.0,0.0,0.0,0.0,0.0,0.0,1.0,1.0,600,54,66,60.0,6.324555320336759,60.0,0.0012861013412475,10,0.9293344008552924,36.0
20.0,6,64.0,471.7843042417017,0.0,0.0,0.6,0.4,0.4,0.0,0.0,4,0,0,6,0,0.0211961269378662,0.0,1.0,0.0,0.0,0.0,0.0,0.0,1.0,0.0,0.0,0.0,0.0,0.0,1.0,1.0,612,54,66,61.2,6.196773353931867,61.2,0.0021224021911621,10,0.9292823475934576,36.0
20.0,6,64.0,676.7735377168214,0.0,0.0,0.8,0.2,0.2,0.0,0.0,2,0,0,8,0,0.0147759914398193,0.0,1.0,0.0,0.0,0.0,0.0,0.0,1.0,0.0,0.0,0.0,0.0,0.0,1.0,1.0,636,54,66,63.6,5.059644256269407,63.6,0.0014808893203735,10,0.928819126684234,24.88888888888889
20.0,6,64.0,698.666400146586,0.0,0.0,0.8,0.2,0.2,0.0,0.0,2,0,0,8,0,0.0143129825592041,0.0,1.0,0.0,0.0,0.0,0.0,0.0,1.0,0.0,0.0,0.0,0.0,0.0,1.0,1.0,650,54,68,65.0,5.830951894845301,65.0,0.0016694068908691,10,0.929133326563884,35.4375
20.0,6,64.0,378.6874204353596,0.0,0.0,0.8,0.2,0.2,0.0,0.0,2,0,0,8,0,0.0264070034027099,0.0,1.0,0.0,0.0,0.0,0.0,0.0,1.0,0.0,0.0,0.0,0.0,0.0,1.0,1.0,642,54,68,64.2,5.4528280124476085,64.2,0.002882981300354,10,0.9289792940191508,36.24489795918368
20.0,6,64.0,632.9114229666516,0.0,0.0,0.5,0.5,0.5,0.0,0.0,5,0,0,5,0,0.0157999992370605,0.0,1.0,0.0,0.0,0.0,0.0,0.0,1.0,0.0,0.0,0.0,0.0,0.0,1.0,1.0,614,54,68,61.4,6.397916327472042,61.4,0.0018672227859497,10,0.929364285195159,36.84
20.0,6,64.0,1561.0197625516394,0.0,0.0,0.5,0.5,0.5,0.0,0.0,5,0,0,5,0,0.0064060688018798,0.0,1.0,0.0,0.0,0.0,0.0,0.0,1.0,0.0,0.0,0.0,0.0,0.0,1.0,1.0,610,54,68,61.0,7.378647873726218,61.0,0.0006449937820434,10,0.9297637959978412,49.0
20.0,6,64.0,562.4577919030186,0.0,0.0,0.6,0.4,0.4,0.0,0.0,4,0,0,6,0,0.0177791118621826,0.0,1.0,0.0,0.0,0.0,0.0,0.0,1.0,0.0,0.0,0.0,0.0,0.0,1.0,1.0,638,54,75,63.8,8.854377448471462,63.8,0.0017807960510253,10,0.9303649491974092,70.56
20.0,6,64.0,842.2466314584631,0.0,0.0,0.5,0.5,0.5,0.0,0.0,5,0,0,5,0,0.0118730068206787,0.0,1.0,0.0,0.0,0.0,0.0,0.0,1.0,0.0,0.0,0.0,0.0,0.0,1.0,1.0,645,54,75,64.5,11.067971810589327,64.5,0.0011894941329956,10,0.9312666789967616,110.25
20.0,6,64.0,529.2964678268112,0.0,0.0,0.5,0.5,0.5,0.0,0.0,5,0,0,5,0,0.0188930034637451,0.0,1.0,0.0,0.0,0.0,0.0,0.0,1.0,0.0,0.0,0.0,0.0,0.0,1.0,1.0,649,54,77,64.9,11.51279481465923,64.9,0.001891803741455,10,0.9314478820956996,119.29
20.0,6,64.0,1839.2843360813893,0.0,0.0,0.5,0.5,0.5,0.0,0.0,5,0,0,5,0,0.005436897277832,0.0,1.0,0.0,0.0,0.0,0.0,0.0,1.0,0.0,0.0,0.0,0.0,0.0,1.0,1.0,655,54,77,65.5,12.122064363978788,65.5,0.000545597076416,10,0.9316960741393104,132.25
20.0,6,64.0,426.3500614981144,0.0,0.0,0.8,0.2,0.2,0.0,0.0,2,0,0,8,0,0.0234549045562744,0.0,1.0,0.0,0.0,0.0,0.0,0.0,1.0,0.0,0.0,0.0,0.0,0.0,1.0,1.0,657,54,77,65.7,9.39325999498222,65.7,0.0023488998413085,10,0.930584468391556,132.25
20.0,6,64.0,583.1577776541906,0.0,0.0,1.0,0.0,0.0,0.0,0.0,0,0,0,10,0,0.0171480178833007,0.0,1.0,0.0,0.0,0.0,0.0,0.0,1.0,0.0,0.0,0.0,0.0,0.0,1.0,1.0,660,66,66,66.0,0.0,66.0,0.0017158985137939,10,0.0,0.0
20.0,6,64.0,313.24386291159755,0.0,0.0,1.0,0.0,0.0,0.0,0.0,0,0,0,10,0,0.0319240093231201,0.0,1.0,0.0,0.0,0.0,0.0,0.0,1.0,0.0,0.0,0.0,0.0,0.0,1.0,1.0,760,66,91,76.0,12.909944487358056,76.0,0.0034165143966674,10,0.9115674649863702,150.0
20.0,6,64.0,797.5781547121017,0.0,0.0,0.7,0.3,0.3,0.0,0.0,3,0,0,7,0,0.0125379562377929,0.0,1.0,0.0,0.0,0.0,0.0,0.0,1.0,0.0,0.0,0.0,0.0,0.0,1.0,1.0,801,54,93,80.1,18.02128371306181,80.1,0.0012568950653076,10,0.9340991801333528,342.25
20.0,6,64.0,1219.6289619075312,0.0,0.0,0.5,0.5,0.5,0.0,0.0,5,0,0,5,0,0.0081992149353027,0.0,1.0,0.0,0.0,0.0,0.0,0.0,1.0,0.0,0.0,0.0,0.0,0.0,1.0,1.0,735,54,93,73.5,20.554804791094465,73.5,0.0010544061660766,10,0.9351312352797002,380.25
20.0,6,64.0,381.140977409447,0.0,0.0,0.6,0.4,0.4,0.0,0.0,4,0,0,6,0,0.0262370109558105,0.0,1.0,0.0,0.0,0.0,0.0,0.0,1.0,0.0,0.0,0.0,0.0,0.0,1.0,1.0,726,54,93,72.6,18.02590728183559,72.6,0.0028410911560058,10,0.9341010635903284,365.04
20.0,6,64.0,701.0720911962826,0.0,0.0,0.7,0.3,0.3,0.0,0.0,3,0,0,7,0,0.0142638683319091,0.0,1.0,0.0,0.0,0.0,0.0,0.0,1.0,0.0,0.0,0.0,0.0,0.0,1.0,1.0,600,54,64,60.0,5.163977794943222,60.0,0.0014304876327514,10,0.928861627994548,25.0
20.0,6,64.0,768.5816902440812,0.0,0.0,0.6,0.4,0.4,0.0,0.0,4,0,0,6,0,0.0130109786987304,0.0,1.0,0.0,0.0,0.0,0.0,0.0,1.0,0.0,0.0,0.0,0.0,0.0,1.0,1.0,610,54,66,61.0,6.055300708194984,61.0,0.0015076160430908,10,0.9292247172964904,33.58024691358025
20.0,6,64.0,677.8234942387563,0.0,0.0,0.7,0.3,0.3,0.0,0.0,3,0,0,7,0,0.0147531032562255,0.0,1.0,0.0,0.0,0.0,0.0,0.0,1.0,0.0,0.0,0.0,0.0,0.0,1.0,1.0,624,54,66,62.4,5.796550698475776,62.4,0.0016804933547973,10,0.9291193128925312,33.75
20.0,6,64.0,524.7931133716202,0.0,0.0,1.0,0.0,0.0,0.0,0.0,0,0,0,10,0,0.0190551280975341,0.0,1.0,0.0,0.0,0.0,0.0,0.0,1.0,0.0,0.0,0.0,0.0,0.0,1.0,1.0,664,66,68,66.4,0.8432740427115678,66.4,0.0021337032318115,10,0.0,0.64
20.0,6,64.0,355.64238230904897,0.0,0.0,1.0,0.0,0.0,0.0,0.0,0,0,0,10,0,0.0281181335449218,0.0,1.0,0.0,0.0,0.0,0.0,0.0,1.0,0.0,0.0,0.0,0.0,0.0,1.0,1.0,676,66,68,67.6,0.8432740427115678,67.6,0.003087306022644,10,0.0,0.64
20.0,6,64.0,492.4683863847175,0.0,0.0,1.0,0.0,0.0,0.0,0.0,0,0,0,10,0,0.0203058719635009,0.0,1.0,0.0,0.0,0.0,0.0,0.0,1.0,0.0,0.0,0.0,0.0,0.0,1.0,1.0,664,66,68,66.4,0.8432740427115678,66.4,0.0023913860321044,10,0.0,0.64
20.0,6,64.0,399.8878793368101,0.0,0.0,1.0,0.0,0.0,0.0,0.0,0,0,0,10,0,0.0250070095062255,0.0,1.0,0.0,0.0,0.0,0.0,0.0,1.0,0.0,0.0,0.0,0.0,0.0,1.0,1.0,672,64,68,67.2,1.6865480854231356,67.2,0.0027050018310546,10,0.910403762228078,2.56
20.0,6,64.0,556.1483485155867,0.0,0.0,1.0,0.0,0.0,0.0,0.0,0,0,0,10,0,0.0179808139801025,0.0,1.0,0.0,0.0,0.0,0.0,0.0,1.0,0.0,0.0,0.0,0.0,0.0,1.0,1.0,644,64,66,64.4,0.8432740427115678,64.4,0.0021605968475341,10,0.0,0.64
20.0,6,64.0,380.5738136285274,0.0,0.0,0.9,0.1,0.1,0.0,0.0,1,0,0,9,0,0.0262761116027832,0.0,1.0,0.0,0.0,0.0,0.0,0.0,1.0,0.0,0.0,0.0,0.0,0.0,1.0,1.0,648,54,66,64.8,3.794733192202055,64.8,0.0028495073318481,10,0.9283038525131756,12.96
20.0,6,64.0,777.6590340224344,0.0,0.0,0.6,0.4,0.4,0.0,0.0,4,0,0,6,0,0.0128591060638427,0.0,1.0,0.0,0.0,0.0,0.0,0.0,1.0,0.0,0.0,0.0,0.0,0.0,1.0,1.0,612,54,66,61.2,6.196773353931867,61.2,0.0014650106430053,10,0.9292823475934576,35.26530612244898
20.0,6,64.0,744.7140498215585,0.0,0.0,0.7,0.3,0.3,0.0,0.0,3,0,0,7,0,0.0134279727935791,0.0,1.0,0.0,0.0,0.0,0.0,0.0,1.0,0.0,0.0,0.0,0.0,0.0,1.0,1.0,632,54,68,63.2,6.408327915038888,63.2,0.0013455867767333,10,0.9293685264594702,39.0
20.0,6,64.0,452.1624389560268,0.0,0.0,0.7,0.3,0.3,0.0,0.0,3,0,0,7,0,0.02211594581604,0.0,1.0,0.0,0.0,0.0,0.0,0.0,1.0,0.0,0.0,0.0,0.0,0.0,1.0,1.0,636,54,68,63.6,6.65331997326648,63.6,0.0024894952774047,10,0.92946832642431,47.04
20.0,6,64.0,1108.5484723543716,0.0,0.0,0.5,0.5,0.5,0.0,0.0,5,0,0,5,0,0.0090208053588867,0.0,1.0,0.0,0.0,0.0,0.0,0.0,1.0,0.0,0.0,0.0,0.0,0.0,1.0,1.0,600,54,66,60.0,6.324555320336759,60.0,0.0009850978851318,10,0.9293344008552924,36.0
20.0,6,64.0,1027.738599887285,0.0,0.0,0.5,0.5,0.5,0.0,0.0,5,0,0,5,0,0.0097301006317138,0.0,1.0,0.0,0.0,0.0,0.0,0.0,1.0,0.0,0.0,0.0,0.0,0.0,1.0,1.0,616,54,68,61.6,6.586180818788517,61.6,0.0011941194534301,10,0.9294409766183416,39.04
20.0,6,64.0,585.8866585648633,0.0,0.0,0.5,0.5,0.5,0.0,0.0,5,0,0,5,0,0.0170681476593017,0.0,1.0,0.0,0.0,0.0,0.0,0.0,1.0,0.0,0.0,0.0,0.0,0.0,1.0,1.0,610,54,68,61.0,7.378647873726218,61.0,0.001708698272705,10,0.9297637959978412,49.0
20.0,6,64.0,624.80321763742,0.0,0.0,0.7,0.3,0.3,0.0,0.0,3,0,0,7,0,0.0160050392150878,0.0,1.0,0.0,0.0,0.0,0.0,0.0,1.0,0.0,0.0,0.0,0.0,0.0,1.0,1.0,4092,54,1224,409.2,562.298615802434,409.2,0.0016021013259887,10,1.0,284561.75999999995
20.0,6,64.0,488.9036018183937,0.0,0.0,0.9,0.1,0.1,0.0,0.0,1,0,0,9,0,0.020453929901123,0.0,1.0,0.0,0.0,0.0,0.0,0.0,1.0,0.0,0.0,0.0,0.0,0.0,1.0,1.0,11074,54,1226,1107.4,370.1279658592569,1107.4,0.0022646903991699,10,1.0,342225.0
20.0,6,64.0,393.3917969592662,0.0,0.0,0.9,0.1,0.1,0.0,0.0,1,0,0,9,0,0.0254199504852294,0.0,1.0,0.0,0.0,0.0,0.0,0.0,1.0,0.0,0.0,0.0,0.0,0.0,1.0,1.0,10073,54,1226,1007.3,462.54274276966976,1007.3,0.0025435924530029,10,1.0,192551.21
20.0,6,64.0,686.915165411071,0.0,0.0,0.5,0.5,0.5,0.0,0.0,5,0,0,5,0,0.0145578384399414,0.0,1.0,0.0,0.0,0.0,0.0,0.0,1.0,0.0,0.0,0.0,0.0,0.0,1.0,1.0,1482,54,211,148.2,81.0744513806086,148.2,0.0016541004180908,10,0.9597845185144048,6086.172839506173
20.0,6,64.0,1345.3199473971197,0.0,0.0,0.6,0.4,0.4,0.0,0.0,4,0,0,6,0,0.0074331760406494,0.0,1.0,0.0,0.0,0.0,0.0,0.0,1.0,0.0,0.0,0.0,0.0,0.0,1.0,1.0,1329,54,213,132.9,83.1711087658048,132.9,0.0007449150085449,10,0.9606386128668384,6225.6900000000005
20.0,6,64.0,692.7123486762787,0.0,0.0,0.5,0.5,0.5,0.0,0.0,5,0,0,5,0,0.0144360065460205,0.0,1.0,0.0,0.0,0.0,0.0,0.0,1.0,0.0,0.0,0.0,0.0,0.0,1.0,1.0,1335,54,213,133.5,83.80035799446205,133.5,0.0017123937606811,10,0.960894943832624,6320.25
20.0,6,64.0,619.7715552271887,0.0,0.0,0.5,0.5,0.5,0.0,0.0,5,0,0,5,0,0.0161349773406982,0.0,1.0,0.0,0.0,0.0,0.0,0.0,1.0,0.0,0.0,0.0,0.0,0.0,1.0,1.0,1047,54,213,104.7,74.8614275400445,104.7,0.0020492076873779,10,0.9572535811227124,6069.13888888889
20.0,6,64.0,844.111171486647,0.0,0.0,0.5,0.5,0.5,0.0,0.0,5,0,0,5,0,0.0118467807769775,0.0,1.0,0.0,0.0,0.0,0.0,0.0,1.0,0.0,0.0,0.0,0.0,0.0,1.0,1.0,590,54,64,59.0,5.270462766947299,59.0,0.0011887788772583,10,0.9289050057127436,25.0
20.0,6,64.0,937.4841305319624,0.0,0.0,0.5,0.5,0.5,0.0,0.0,5,0,0,5,0,0.0106668472290039,0.0,1.0,0.0,0.0,0.0,0.0,0.0,1.0,0.0,0.0,0.0,0.0,0.0,1.0,1.0,596,54,66,59.6,5.94792213951879,59.6,0.0010698080062866,10,0.9291809755627544,31.84
20.0,6,64.0,933.3535092794516,0.0,0.0,0.5,0.5,0.5,0.0,0.0,5,0,0,5,0,0.010714054107666,0.0,1.0,0.0,0.0,0.0,0.0,0.0,1.0,0.0,0.0,0.0,0.0,0.0,1.0,1.0,600,54,66,60.0,6.324555320336759,60.0,0.0010735988616943,10,0.9293344008552924,36.0
20.0,6,64.0,770.7142463387295,0.0,0.0,0.5,0.5,0.5,0.0,0.0,5,0,0,5,0,0.0129749774932861,0.0,1.0,0.0,0.0,0.0,0.0,0.0,1.0,0.0,0.0,0.0,0.0,0.0,1.0,1.0,597,54,66,59.7,6.019413038937711,59.7,0.0012993097305297,10,0.9292100980955416,36.0
20.0,6,64.0,917.0884442986772,0.0,0.0,0.5,0.5,0.5,0.0,0.0,5,0,0,5,0,0.0109040737152099,0.0,1.0,0.0,0.0,0.0,0.0,0.0,1.0,0.0,0.0,0.0,0.0,0.0,1.0,1.0,595,54,65,59.5,5.797509043642029,59.5,0.0010932922363281,10,0.929119703284018,30.25
20.0,6,64.0,929.5268488354054,0.0,0.0,0.5,0.5,0.5,0.0,0.0,5,0,0,5,0,0.0107581615447998,0.0,1.0,0.0,0.0,0.0,0.0,0.0,1.0,0.0,0.0,0.0,0.0,0.0,1.0,1.0,601,54,67,60.1,6.471304179049056,60.1,0.0010774135589599,10,0.9293941804703776,37.69
20.0,6,64.0,869.862706872952,0.0,0.0,0.5,0.5,0.5,0.0,0.0,5,0,0,5,0,0.0114960670471191,0.0,1.0,0.0,0.0,0.0,0.0,0.0,1.0,0.0,0.0,0.0,0.0,0.0,1.0,1.0,605,54,67,60.5,6.851601597031489,60.5,0.0011514902114868,10,0.9295490984265669,42.25
20.0,6,64.0,537.0015107674186,0.0,0.0,0.5,0.5,0.5,0.0,0.0,5,0,0,5,0,0.0186219215393066,0.0,1.0,0.0,0.0,0.0,0.0,0.0,1.0,0.0,0.0,0.0,0.0,0.0,1.0,1.0,602,54,67,60.2,6.545566777937908,60.2,0.0018656969070434,10,0.9294244320826608,42.25
20.0,6,64.0,844.5190778214034,0.0,0.0,0.5,0.5,0.5,0.0,0.0,5,0,0,5,0,0.0118410587310791,0.0,1.0,0.0,0.0,0.0,0.0,0.0,1.0,0.0,0.0,0.0,0.0,0.0,1.0,1.0,600,54,66,60.0,6.324555320336759,60.0,0.0011866092681884,10,0.9293344008552924,36.0
20.0,6,64.0,886.9888129930002,0.0,0.0,0.6,0.4,0.4,0.0,0.0,4,0,0,6,0,0.0112740993499755,0.0,1.0,0.0,0.0,0.0,0.0,0.0,1.0,0.0,0.0,0.0,0.0,0.0,1.0,1.0,606,54,68,60.6,6.995236474439826,60.6,0.0011348962783813,10,0.9296076095302278,44.04
20.0,6,64.0,912.9165941145744,0.0,0.0,0.5,0.5,0.5,0.0,0.0,5,0,0,5,0,0.0109539031982421,0.0,1.0,0.0,0.0,0.0,0.0,0.0,1.0,0.0,0.0,0.0,0.0,0.0,1.0,1.0,610,54,68,61.0,7.378647873726218,61.0,0.0012836933135986,10,0.9297637959978412,49.0
20.0,6,64.0,776.8668271902204,0.0,0.0,0.5,0.5,0.5,0.0,0.0,5,0,0,5,0,0.0128722190856933,0.0,1.0,0.0,0.0,0.0,0.0,0.0,1.0,0.0,0.0,0.0,0.0,0.0,1.0,1.0,604,54,68,60.4,6.785605679999719,60.4,0.0016039133071899,10,0.9295222143298046,49.0
20.0,6,64.0,1134.6997078238287,0.0,0.0,0.5,0.5,0.5,0.0,0.0,5,0,0,5,0,0.0088129043579101,0.0,1.0,0.0,0.0,0.0,0.0,0.0,1.0,0.0,0.0,0.0,0.0,0.0,1.0,1.0,600,54,66,60.0,6.324555320336759,60.0,0.0010876893997192,10,0.9293344008552924,36.0
20.0,6,64.0,990.8819012969832,0.0,0.0,0.5,0.5,0.5,0.0,0.0,5,0,0,5,0,0.01009202003479,0.0,1.0,0.0,0.0,0.0,0.0,0.0,1.0,0.0,0.0,0.0,0.0,0.0,1.0,1.0,612,54,66,61.2,6.196773353931867,61.2,0.0012211084365844,10,0.9292823475934576,36.0
20.0,6,64.0,725.3193145070642,0.0,0.0,0.5,0.5,0.5,0.0,0.0,5,0,0,5,0,0.013787031173706,0.0,1.0,0.0,0.0,0.0,0.0,0.0,1.0,0.0,0.0,0.0,0.0,0.0,1.0,1.0,600,54,66,60.0,6.324555320336759,60.0,0.0013805866241455,10,0.9293344008552924,36.0
20.0,6,64.0,457.2245841236619,0.0,0.0,0.7,0.3,0.3,0.0,0.0,3,0,0,7,0,0.0218710899353027,0.0,1.0,0.0,0.0,0.0,0.0,0.0,1.0,0.0,0.0,0.0,0.0,0.0,1.0,1.0,7572,54,1224,757.2,602.6461648430196,757.2,0.0021887063980102,10,1.0,340485.75
20.0,6,64.0,750.456969046341,0.0,0.0,0.6,0.4,0.4,0.0,0.0,4,0,0,6,0,0.0133252143859863,0.0,1.0,0.0,0.0,0.0,0.0,0.0,1.0,0.0,0.0,0.0,0.0,0.0,1.0,1.0,7564,54,1226,756.4,604.5301573214616,756.4,0.0013353109359741,10,1.0,342225.0
20.0,6,64.0,1117.5869970690114,0.0,0.0,0.5,0.5,0.5,0.0,0.0,5,0,0,5,0,0.0089478492736816,0.0,1.0,0.0,0.0,0.0,0.0,0.0,1.0,0.0,0.0,0.0,0.0,0.0,1.0,1.0,6400,54,1226,640.0,617.6982362862234,640.0,0.0008959770202636,10,1.0,343396.0
20.0,6,64.0,418.58485858565695,0.0,0.0,0.6,0.4,0.4,0.0,0.0,4,0,0,6,0,0.0238900184631347,0.0,1.0,0.0,0.0,0.0,0.0,0.0,1.0,0.0,0.0,0.0,0.0,0.0,1.0,1.0,4122,54,1226,412.2,561.6574282128445,412.2,0.0023912191390991,10,1.0,343396.0
20.0,6,64.0,531.685068515725,0.0,0.0,0.5,0.5,0.5,0.0,0.0,5,0,0,5,0,0.0188081264495849,0.0,1.0,0.0,0.0,0.0,0.0,0.0,1.0,0.0,0.0,0.0,0.0,0.0,1.0,1.0,650,54,76,65.0,11.59501808728406,65.0,0.0018826961517333,10,0.931481376568036,121.0
20.0,6,64.0,1856.2974109316224,0.0,0.0,0.5,0.5,0.5,0.0,0.0,5,0,0,5,0,0.0053870677947998,0.0,1.0,0.0,0.0,0.0,0.0,0.0,1.0,0.0,0.0,0.0,0.0,0.0,1.0,1.0,656,54,78,65.6,12.249263016379576,65.6,0.0005414009094238,10,0.9317478897823523,135.04
20.0,6,64.0,833.6090629037067,0.0,0.0,0.6,0.4,0.4,0.0,0.0,4,0,0,6,0,0.0119960308074951,0.0,1.0,0.0,0.0,0.0,0.0,0.0,1.0,0.0,0.0,0.0,0.0,0.0,1.0,1.0,660,54,78,66.0,12.649110640673518,66.0,0.0012037992477416,10,0.9319107717105848,144.0
20.0,6,64.0,571.5634411239661,0.0,0.0,0.8,0.2,0.2,0.0,0.0,2,0,0,8,0,0.0174958705902099,0.0,1.0,0.0,0.0,0.0,0.0,0.0,1.0,0.0,0.0,0.0,0.0,0.0,1.0,1.0,660,54,78,66.0,8.0,66.0,0.002094292640686,10,0.93001691,144.0
20.0,6,64.0,430.9408295574803,0.0,0.0,1.0,0.0,0.0,0.0,0.0,0,0,0,10,0,0.0232050418853759,0.0,1.0,0.0,0.0,0.0,0.0,0.0,1.0,0.0,0.0,0.0,0.0,0.0,1.0,1.0,672,66,68,67.2,1.0327955589886444,67.2,0.00258150100708,10,0.9067291895989096,1.0
20.0,6,64.0,369.8778627300546,0.0,0.0,1.0,0.0,0.0,0.0,0.0,0,0,0,10,0,0.0270359516143798,0.0,1.0,0.0,0.0,0.0,0.0,0.0,1.0,0.0,0.0,0.0,0.0,0.0,1.0,1.0,668,66,68,66.8,1.0327955589886444,66.8,0.0027045011520385,10,0.9067291895989096,1.0
20.0,6,64.0,491.6198602841202,0.0,0.0,1.0,0.0,0.0,0.0,0.0,0,0,0,10,0,0.0203409194946289,0.0,1.0,0.0,0.0,0.0,0.0,0.0,1.0,0.0,0.0,0.0,0.0,0.0,1.0,1.0,672,66,68,67.2,1.0327955589886444,67.2,0.0022182941436767,10,0.9067291895989096,1.0
20.0,6,64.0,448.3680755991705,0.0,0.0,1.0,0.0,0.0,0.0,0.0,0,0,0,10,0,0.0223031044006347,0.0,1.0,0.0,0.0,0.0,0.0,0.0,1.0,0.0,0.0,0.0,0.0,0.0,1.0,1.0,668,66,68,66.8,1.0327955589886444,66.8,0.002993106842041,10,0.9067291895989096,1.0
20.0,6,64.0,745.4420076067252,0.0,0.0,0.8,0.2,0.2,0.0,0.0,2,0,0,8,0,0.0134148597717285,0.0,1.0,0.0,0.0,0.0,0.0,0.0,1.0,0.0,0.0,0.0,0.0,0.0,1.0,1.0,644,54,68,64.4,5.561774297230456,64.4,0.0016062974929809,10,0.9290236743777198,36.0
20.0,6,64.0,352.1991115888117,0.0,0.0,1.0,0.0,0.0,0.0,0.0,0,0,0,10,0,0.0283930301666259,0.0,1.0,0.0,0.0,0.0,0.0,0.0,1.0,0.0,0.0,0.0,0.0,0.0,1.0,1.0,664,64,68,66.4,2.065591117977289,66.4,0.0030699968338012,10,0.9105581691978192,3.84
20.0,6,64.0,502.5405573794062,0.0,0.0,1.0,0.0,0.0,0.0,0.0,0,0,0,10,0,0.0198988914489746,0.0,1.0,0.0,0.0,0.0,0.0,0.0,1.0,0.0,0.0,0.0,0.0,0.0,1.0,1.0,648,64,66,64.8,1.0327955589886444,64.8,0.0021790981292724,10,0.9101374495989096,0.96
20.0,6,64.0,270.3212168084558,0.0,0.0,1.0,0.0,0.0,0.0,0.0,0,0,0,10,0,0.0369930267333984,0.0,1.0,0.0,0.0,0.0,0.0,0.0,1.0,0.0,0.0,0.0,0.0,0.0,1.0,1.0,660,66,66,66.0,0.0,66.0,0.0038832187652587,10,0.0,0.0
20.0,6,64.0,949.4745897000566,0.0,0.0,1.0,0.0,0.0,0.0,0.0,0,0,0,10,0,0.0105321407318115,0.0,1.0,0.0,0.0,0.0,0.0,0.0,1.0,0.0,0.0,0.0,0.0,0.0,1.0,1.0,660,66,66,66.0,0.0,66.0,0.0010540962219238,10,0.0,0.0
20.0,6,64.0,271.2091663864677,0.0,0.0,0.8,0.2,0.2,0.0,0.0,2,0,0,8,0,0.0368719100952148,0.0,1.0,0.0,0.0,0.0,0.0,0.0,1.0,0.0,0.0,0.0,0.0,0.0,1.0,1.0,648,54,66,64.8,3.794733192202055,64.8,0.0038945913314819,10,0.9283038525131756,15.75
20.0,6,64.0,1111.1033404858406,0.0,0.0,0.9,0.1,0.1,0.0,0.0,1,0,0,9,0,0.0090000629425048,0.0,1.0,0.0,0.0,0.0,0.0,0.0,1.0,0.0,0.0,0.0,0.0,0.0,1.0,1.0,638,54,68,63.8,5.202563470700445,63.8,0.000903296470642,10,0.9288773462554244,36.0
20.0,6,64.0,768.5816902440812,0.0,0.0,0.5,0.5,0.5,0.0,0.0,5,0,0,5,0,0.0130109786987304,0.0,1.0,0.0,0.0,0.0,0.0,0.0,1.0,0.0,0.0,0.0,0.0,0.0,1.0,1.0,624,54,68,62.4,7.229568912920511,62.4,0.0015828132629394,10,0.9297030671923672,48.39506172839506
20.0,6,64.0,468.778737719759,0.0,0.0,0.8,0.2,0.2,0.0,0.0,2,0,0,8,0,0.0213320255279541,0.0,1.0,0.0,0.0,0.0,0.0,0.0,1.0,0.0,0.0,0.0,0.0,0.0,1.0,1.0,622,54,68,62.2,5.921711464320654,62.2,0.002135682106018,10,0.9291702983821056,49.0
20.0,6,64.0,657.4968648106345,0.0,0.0,0.8,0.2,0.2,0.0,0.0,2,0,0,8,0,0.0152091979980468,0.0,1.0,0.0,0.0,0.0,0.0,0.0,1.0,0.0,0.0,0.0,0.0,0.0,1.0,1.0,624,54,66,62.4,4.501851470969102,62.4,0.0017829179763793,10,0.928591904215214,18.75
20.0,6,64.0,373.8738690555778,0.0,0.0,0.9,0.1,0.1,0.0,0.0,1,0,0,9,0,0.0267469882965087,0.0,1.0,0.0,0.0,0.0,0.0,0.0,1.0,0.0,0.0,0.0,0.0,0.0,1.0,1.0,660,66,66,66.0,0.0,66.0,0.0029078960418701,10,0.0,0.0
20.0,6,64.0,502.3599865855412,0.0,0.0,1.0,0.0,0.0,0.0,0.0,0,0,0,10,0,0.0199060440063476,0.0,1.0,0.0,0.0,0.0,0.0,0.0,1.0,0.0,0.0,0.0,0.0,0.0,1.0,1.0,650,54,68,65.0,3.915780041490244,65.0,0.0019943952560424,10,0.9283531621577016,36.0
20.0,6,64.0,539.2591830699803,0.0,0.0,0.8,0.2,0.2,0.0,0.0,2,0,0,8,0,0.0185439586639404,0.0,1.0,0.0,0.0,0.0,0.0,0.0,1.0,0.0,0.0,0.0,0.0,0.0,1.0,1.0,652,54,68,65.2,5.902918298980975,65.2,0.0020670890808105,10,0.9291626427982728,31.360000000000003
20.0,6,64.0,421.2121272984725,0.0,0.0,1.0,0.0,0.0,0.0,0.0,0,0,0,10,0,0.0237410068511962,0.0,1.0,0.0,0.0,0.0,0.0,0.0,1.0,0.0,0.0,0.0,0.0,0.0,1.0,1.0,914,68,94,91.4,8.221921916437788,91.4,0.0026182174682617,10,0.9062494921118802,169.0
20.0,6,64.0,505.1004949481569,0.0,0.0,1.0,0.0,0.0,0.0,0.0,0,0,0,10,0,0.0197980403900146,0.0,1.0,0.0,0.0,0.0,0.0,0.0,1.0,0.0,0.0,0.0,0.0,0.0,1.0,1.0,958,94,96,95.8,0.6324555320336757,95.8,0.0021750926971435,10,0.0,1.0
20.0,6,64.0,381.8245045471511,0.0,0.0,0.7,0.3,0.3,0.0,0.0,3,0,0,7,0,0.0261900424957275,0.0,1.0,0.0,0.0,0.0,0.0,0.0,1.0,0.0,0.0,0.0,0.0,0.0,1.0,1.0,1723,54,217,172.3,72.87592194957125,172.3,0.0028080940246582,10,0.9564447655653774,5261.5
20.0,6,64.0,533.9049631487162,0.0,0.0,0.9,0.1,0.1,0.0,0.0,1,0,0,9,0,0.0187299251556396,0.0,1.0,0.0,0.0,0.0,0.0,0.0,1.0,0.0,0.0,0.0,0.0,0.0,1.0,1.0,1854,54,219,185.4,69.25989700637255,185.4,0.0018768072128295,10,0.954971741644516,6642.25
20.0,6,64.0,1122.6122798565386,0.0,0.0,0.7,0.3,0.3,0.0,0.0,3,0,0,7,0,0.0089077949523925,0.0,1.0,0.0,0.0,0.0,0.0,0.0,1.0,0.0,0.0,0.0,0.0,0.0,1.0,1.0,1389,54,219,138.9,84.54643694443901,138.9,0.0020063877105712,10,0.9611988665536868,6667.346938775509
20.0,6,64.0,497.6157934700076,0.0,0.0,1.0,0.0,0.0,0.0,0.0,0,0,0,10,0,0.0200958251953125,0.0,1.0,0.0,0.0,0.0,0.0,0.0,1.0,0.0,0.0,0.0,0.0,0.0,1.0,1.0,664,66,68,66.4,0.8432740427115678,66.4,0.0022377014160156,10,0.0,0.64
20.0,6,64.0,416.5478886108132,0.0,0.0,0.9,0.1,0.1,0.0,0.0,1,0,0,9,0,0.0240068435668945,0.0,1.0,0.0,0.0,0.0,0.0,0.0,1.0,0.0,0.0,0.0,0.0,0.0,1.0,1.0,662,54,68,66.2,4.467164151400255,66.2,0.0027704000473022,10,0.9285777739887144,17.96
20.0,6,64.0,820.8834523926021,0.0,0.0,0.6,0.4,0.4,0.0,0.0,4,0,0,6,0,0.0121819972991943,0.0,1.0,0.0,0.0,0.0,0.0,0.0,1.0,0.0,0.0,0.0,0.0,0.0,1.0,1.0,600,54,64,60.0,5.163977794943222,60.0,0.0014105081558227,10,0.928861627994548,25.0
20.0,6,64.0,1069.6207890240482,0.0,0.0,0.6,0.4,0.4,0.0,0.0,4,0,0,6,0,0.0093491077423095,0.0,1.0,0.0,0.0,0.0,0.0,0.0,1.0,0.0,0.0,0.0,0.0,0.0,1.0,1.0,606,54,66,60.6,5.738757124441959,60.6,0.0013153076171875,10,0.9290957701022128,29.64
20.0,6,64.0,1183.1605077574047,0.0,0.0,0.5,0.5,0.5,0.0,0.0,5,0,0,5,0,0.0084519386291503,0.0,1.0,0.0,0.0,0.0,0.0,0.0,1.0,0.0,0.0,0.0,0.0,0.0,1.0,1.0,600,54,66,60.0,6.324555320336759,60.0,0.0011262893676757,10,0.9293344008552924,36.0
20.0,6,64.0,525.8458182365257,0.0,0.0,0.7,0.3,0.3,0.0,0.0,3,0,0,7,0,0.0190169811248779,0.0,1.0,0.0,0.0,0.0,0.0,0.0,1.0,0.0,0.0,0.0,0.0,0.0,1.0,1.0,6414,54,1224,641.4,614.1299536743016,641.4,0.0021903038024902,10,1.0,339440.04
20.0,6,64.0,694.9734888653235,0.0,0.0,0.6,0.4,0.4,0.0,0.0,4,0,0,6,0,0.0143890380859375,0.0,1.0,0.0,0.0,0.0,0.0,0.0,1.0,0.0,0.0,0.0,0.0,0.0,1.0,1.0,8734,54,1226,873.4,565.440280764566,873.4,0.0016950130462646,10,1.0,304373.72839506174
20.0,6,64.0,766.9794828658157,0.0,0.0,0.8,0.2,0.2,0.0,0.0,2,0,0,8,0,0.013038158416748,0.0,1.0,0.0,0.0,0.0,0.0,0.0,1.0,0.0,0.0,0.0,0.0,0.0,1.0,1.0,8744,54,1226,874.4,566.1297848844674,874.4,0.0013062953948974,10,1.0,343396.0
20.0,6,64.0,364.87120823293,0.0,0.0,0.9,0.1,0.1,0.0,0.0,1,0,0,9,0,0.0274069309234619,0.0,1.0,0.0,0.0,0.0,0.0,0.0,1.0,0.0,0.0,0.0,0.0,0.0,1.0,1.0,1792,54,1226,179.2,367.8214542712568,179.2,0.0029388904571533,10,1.0,343396.0
20.0,6,64.0,302.47093777944445,0.0,0.0,1.0,0.0,0.0,0.0,0.0,0,0,0,10,0,0.0330610275268554,0.0,1.0,0.0,0.0,0.0,0.0,0.0,1.0,0.0,0.0,0.0,0.0,0.0,1.0,1.0,656,64,66,65.6,0.8432740427115678,65.6,0.0036170005798339,10,0.0,1.0
20.0,6,64.0,430.6266940451745,0.0,0.0,1.0,0.0,0.0,0.0,0.0,0,0,0,10,0,0.0232219696044921,0.0,1.0,0.0,0.0,0.0,0.0,0.0,1.0,0.0,0.0,0.0,0.0,0.0,1.0,1.0,1772,66,205,177.2,58.60754596845396,177.2,0.0023266077041625,10,0.9301828399257096,4830.25
20.0,6,64.0,665.9528119145152,0.0,0.0,0.8,0.2,0.2,0.0,0.0,2,0,0,8,0,0.0150160789489746,0.0,1.0,0.0,0.0,0.0,0.0,0.0,1.0,0.0,0.0,0.0,0.0,0.0,1.0,1.0,1760,54,207,176.0,64.3048296095333,176.0,0.0015034914016723,10,0.9529532453897396,3721.6
20.0,6,64.0,704.7236923904095,0.0,0.0,0.5,0.5,0.5,0.0,0.0,5,0,0,5,0,0.0141899585723876,0.0,1.0,0.0,0.0,0.0,0.0,0.0,1.0,0.0,0.0,0.0,0.0,0.0,1.0,1.0,1172,54,207,117.2,77.38331717998251,117.2,0.0015758991241455,10,0.9582808980864376,5852.25
20.0,6,64.0,900.4130350779271,0.0,0.0,0.5,0.5,0.5,0.0,0.0,5,0,0,5,0,0.0111060142517089,0.0,1.0,0.0,0.0,0.0,0.0,0.0,1.0,0.0,0.0,0.0,0.0,0.0,1.0,1.0,590,54,64,59.0,5.270462766947299,59.0,0.0011127948760986,10,0.9289050057127436,25.0
20.0,6,64.0,983.3780361999436,0.0,0.0,0.5,0.5,0.5,0.0,0.0,5,0,0,5,0,0.0101690292358398,0.0,1.0,0.0,0.0,0.0,0.0,0.0,1.0,0.0,0.0,0.0,0.0,0.0,1.0,1.0,594,54,66,59.4,5.738757124441959,59.4,0.0010188102722167,10,0.9290957701022128,29.64
20.0,6,64.0,841.0306591004793,0.0,0.0,0.6,0.4,0.4,0.0,0.0,4,0,0,6,0,0.011890172958374,0.0,1.0,0.0,0.0,0.0,0.0,0.0,1.0,0.0,0.0,0.0,0.0,0.0,1.0,1.0,600,54,66,60.0,6.324555320336759,60.0,0.001190710067749,10,0.9293344008552924,36.0
20.0,6,64.0,568.5418784650211,0.0,0.0,0.5,0.5,0.5,0.0,0.0,5,0,0,5,0,0.0175888538360595,0.0,1.0,0.0,0.0,0.0,0.0,0.0,1.0,0.0,0.0,0.0,0.0,0.0,1.0,1.0,600,54,66,60.0,6.324555320336759,60.0,0.0019566774368286,10,0.9293344008552924,36.0
20.0,6,64.0,1154.469736588588,0.0,0.0,0.5,0.5,0.5,0.0,0.0,5,0,0,5,0,0.0086619853973388,0.0,1.0,0.0,0.0,0.0,0.0,0.0,1.0,0.0,0.0,0.0,0.0,0.0,1.0,1.0,600,54,66,60.0,6.324555320336759,60.0,0.0011276006698608,10,0.9293344008552924,36.0
20.0,6,64.0,899.2740292875367,0.0,0.0,0.5,0.5,0.5,0.0,0.0,5,0,0,5,0,0.0111200809478759,0.0,1.0,0.0,0.0,0.0,0.0,0.0,1.0,0.0,0.0,0.0,0.0,0.0,1.0,1.0,618,54,68,61.8,6.762642481555071,61.8,0.001283311843872,10,0.9295128600412864,41.16
20.0,6,64.0,821.9612761621071,0.0,0.0,0.5,0.5,0.5,0.0,0.0,5,0,0,5,0,0.0121660232543945,0.0,1.0,0.0,0.0,0.0,0.0,0.0,1.0,0.0,0.0,0.0,0.0,0.0,1.0,1.0,610,54,68,61.0,7.378647873726218,61.0,0.0012188911437988,10,0.9297637959978412,49.0
20.0,6,64.0,474.270271492701,0.0,0.0,0.8,0.2,0.2,0.0,0.0,2,0,0,8,0,0.0210850238800048,0.0,1.0,0.0,0.0,0.0,0.0,0.0,1.0,0.0,0.0,0.0,0.0,0.0,1.0,1.0,2078,54,356,207.8,156.30013862224604,207.8,0.0021103143692016,10,0.9904284544691582,21986.76
20.0,6,64.0,492.5377831534695,0.0,0.0,1.0,0.0,0.0,0.0,0.0,0,0,0,10,0,0.0203030109405517,0.0,1.0,0.0,0.0,0.0,0.0,0.0,1.0,0.0,0.0,0.0,0.0,0.0,1.0,1.0,3570,356,358,357.0,1.0540925533894598,357.0,0.002304983139038,10,0.4125401651425488,1.0
20.0,6,64.0,381.2553061910865,0.0,0.0,1.0,0.0,0.0,0.0,0.0,0,0,0,10,0,0.0262291431427001,0.0,1.0,0.0,0.0,0.0,0.0,0.0,1.0,0.0,0.0,0.0,0.0,0.0,1.0,1.0,2120,66,358,212.0,153.89751279486114,212.0,0.0028709173202514,10,0.9690001608121148,21316.0
20.0,6,64.0,495.46436080988497,0.0,0.0,1.0,0.0,0.0,0.0,0.0,0,0,0,10,0,0.0201830863952636,0.0,1.0,0.0,0.0,0.0,0.0,0.0,1.0,0.0,0.0,0.0,0.0,0.0,1.0,1.0,670,66,68,67.0,1.0540925533894598,67.0,0.0022109985351562,10,0.9067378651425488,1.0
20.0,6,64.0,343.8066821863012,0.0,0.0,1.0,0.0,0.0,0.0,0.0,0,0,0,10,0,0.0290861129760742,0.0,1.0,0.0,0.0,0.0,0.0,0.0,1.0,0.0,0.0,0.0,0.0,0.0,1.0,1.0,660,64,68,66.0,2.10818510677892,66.0,0.0031378030776977,10,0.9105755202850976,4.0
20.0,6,64.0,509.4255107246095,0.0,0.0,0.9,0.1,0.1,0.0,0.0,1,0,0,9,0,0.019629955291748,0.0,1.0,0.0,0.0,0.0,0.0,0.0,1.0,0.0,0.0,0.0,0.0,0.0,1.0,1.0,638,54,66,63.8,3.583914681524164,63.8,0.0021598815917968,10,0.9282179734846656,13.888888888888888
20.0,6,64.0,445.0189920424404,0.0,0.0,0.9,0.1,0.1,0.0,0.0,1,0,0,9,0,0.0224709510803222,0.0,1.0,0.0,0.0,0.0,0.0,0.0,1.0,0.0,0.0,0.0,0.0,0.0,1.0,1.0,648,54,66,64.8,3.794733192202056,64.8,0.0024748086929321,10,0.9283038525131756,27.0
20.0,6,64.0,501.07566960552407,0.0,0.0,1.0,0.0,0.0,0.0,0.0,0,0,0,10,0,0.0199570655822753,0.0,1.0,0.0,0.0,0.0,0.0,0.0,1.0,0.0,0.0,0.0,0.0,0.0,1.0,1.0,666,66,68,66.6,0.966091783079296,66.6,0.0022279024124145,10,0.0,0.8400000000000001
20.0,6,64.0,284.30947765139706,0.0,0.0,1.0,0.0,0.0,0.0,0.0,0,0,0,10,0,0.0351729393005371,0.0,1.0,0.0,0.0,0.0,0.0,0.0,1.0,0.0,0.0,0.0,0.0,0.0,1.0,1.0,668,64,68,66.8,1.9321835661585915,66.8,0.003711199760437,10,0.9105038242975104,3.3600000000000003
20.0,6,64.0,833.476541541641,0.0,0.0,1.0,0.0,0.0,0.0,0.0,0,0,0,10,0,0.0119979381561279,0.0,1.0,0.0,0.0,0.0,0.0,0.0,1.0,0.0,0.0,0.0,0.0,0.0,1.0,1.0,643,64,65,64.3,0.4830458915396479,64.3,0.001200795173645,10,0.0,0.21
20.0,6,64.0,344.4362871900996,0.0,0.0,0.8,0.2,0.2,0.0,0.0,2,0,0,8,0,0.0290329456329345,0.0,1.0,0.0,0.0,0.0,0.0,0.0,1.0,0.0,0.0,0.0,0.0,0.0,1.0,1.0,637,54,65,63.7,3.4334951418181574,63.7,0.0031053066253662,10,0.928156698580971,11.77777777777778
20.0,6,64.0,496.5259905531945,0.0,0.0,0.5,0.5,0.5,0.0,0.0,5,0,0,5,0,0.0201399326324462,0.0,1.0,0.0,0.0,0.0,0.0,0.0,1.0,0.0,0.0,0.0,0.0,0.0,1.0,1.0,590,54,64,59.0,5.270462766947299,59.0,0.0020164966583251,10,0.9289050057127436,25.0
20.0,6,64.0,2110.660225442834,0.0,0.0,0.5,0.5,0.5,0.0,0.0,5,0,0,5,0,0.0047378540039062,0.0,1.0,0.0,0.0,0.0,0.0,0.0,1.0,0.0,0.0,0.0,0.0,0.0,1.0,1.0,594,54,66,59.4,5.738757124441959,59.4,0.0004751920700073,10,0.9290957701022128,29.64
20.0,6,64.0,825.4229149447003,0.0,0.0,0.5,0.5,0.5,0.0,0.0,5,0,0,5,0,0.0121150016784667,0.0,1.0,0.0,0.0,0.0,0.0,0.0,1.0,0.0,0.0,0.0,0.0,0.0,1.0,1.0,600,54,66,60.0,6.324555320336759,60.0,0.0012134075164794,10,0.9293344008552924,36.0
20.0,6,64.0,435.4280256628532,0.0,0.0,0.6,0.4,0.4,0.0,0.0,4,0,0,6,0,0.0229659080505371,0.0,1.0,0.0,0.0,0.0,0.0,0.0,1.0,0.0,0.0,0.0,0.0,0.0,1.0,1.0,600,54,66,60.0,6.324555320336759,60.0,0.0022990942001342,10,0.9293344008552924,36.0
20.0,6,64.0,1407.6735132232511,0.0,0.0,0.7,0.3,0.3,0.0,0.0,3,0,0,7,0,0.0071039199829101,0.0,1.0,0.0,0.0,0.0,0.0,0.0,1.0,0.0,0.0,0.0,0.0,0.0,1.0,1.0,636,54,66,63.6,5.059644256269407,63.6,0.0007117986679077,10,0.928819126684234,32.0
20.0,6,64.0,625.3155423033917,0.0,0.0,0.7,0.3,0.3,0.0,0.0,3,0,0,7,0,0.0159919261932373,0.0,1.0,0.0,0.0,0.0,0.0,0.0,1.0,0.0,0.0,0.0,0.0,0.0,1.0,1.0,638,54,68,63.8,6.762642481555072,63.8,0.0016024112701416,10,0.9295128600412864,49.0
20.0,6,64.0,492.2718683614426,0.0,0.0,0.5,0.5,0.5,0.0,0.0,5,0,0,5,0,0.0203139781951904,0.0,1.0,0.0,0.0,0.0,0.0,0.0,1.0,0.0,0.0,0.0,0.0,0.0,1.0,1.0,2922,54,1224,292.2,491.1432920577592,292.2,0.0020354986190795,10,1.0,217099.56
20.0,6,64.0,985.8975624662106,0.0,0.0,0.5,0.5,0.5,0.0,0.0,5,0,0,5,0,0.0101430416107177,0.0,1.0,0.0,0.0,0.0,0.0,0.0,1.0,0.0,0.0,0.0,0.0,0.0,1.0,1.0,6390,54,1224,639.0,616.644143732834,639.0,0.0010173082351684,10,1.0,342225.0
20.0,6,64.0,836.9692494961387,0.0,0.0,0.6,0.4,0.4,0.0,0.0,4,0,0,6,0,0.0119478702545166,0.0,1.0,0.0,0.0,0.0,0.0,0.0,1.0,0.0,0.0,0.0,0.0,0.0,1.0,1.0,6394,54,1226,639.4,617.0662129067764,639.4,0.0011964797973632,10,1.0,342693.64
20.0,6,64.0,997.2192106514505,0.0,0.0,0.6,0.4,0.4,0.0,0.0,4,0,0,6,0,0.0100278854370117,0.0,1.0,0.0,0.0,0.0,0.0,0.0,1.0,0.0,0.0,0.0,0.0,0.0,1.0,1.0,7572,54,1226,757.2,605.2181975673457,757.2,0.0012300014495849,10,1.0,343396.0
20.0,6,64.0,387.8981586808349,0.0,0.0,0.7,0.3,0.3,0.0,0.0,3,0,0,7,0,0.0257799625396728,0.0,1.0,0.0,0.0,0.0,0.0,0.0,1.0,0.0,0.0,0.0,0.0,0.0,1.0,1.0,2934,54,1226,293.4,491.544549806469,293.4,0.0028061151504516,10,1.0,343396.0
20.0,6,64.0,645.4562802006709,0.0,0.0,0.9,0.1,0.1,0.0,0.0,1,0,0,9,0,0.0154929161071777,0.0,1.0,0.0,0.0,0.0,0.0,0.0,1.0,0.0,0.0,0.0,0.0,0.0,1.0,1.0,638,54,66,63.8,3.583914681524164,63.8,0.001699686050415,10,0.9282179734846656,13.551020408163264
20.0,6,64.0,382.6570568378797,0.0,0.0,1.0,0.0,0.0,0.0,0.0,0,0,0,10,0,0.0261330604553222,0.0,1.0,0.0,0.0,0.0,0.0,0.0,1.0,0.0,0.0,0.0,0.0,0.0,1.0,1.0,652,64,66,65.2,1.0327955589886444,65.2,0.0028712034225463,10,0.9101374495989096,0.96
20.0,6,64.0,434.8366629689914,0.0,0.0,1.0,0.0,0.0,0.0,0.0,0,0,0,10,0,0.0229971408843994,0.0,1.0,0.0,0.0,0.0,0.0,0.0,1.0,0.0,0.0,0.0,0.0,0.0,1.0,1.0,648,64,66,64.8,1.0327955589886444,64.8,0.0024429082870483,10,0.9101374495989096,0.96
20.0,6,64.0,442.8295113813928,0.0,0.0,0.8,0.2,0.2,0.0,0.0,2,0,0,8,0,0.0225820541381835,0.0,1.0,0.0,0.0,0.0,0.0,0.0,1.0,0.0,0.0,0.0,0.0,0.0,1.0,1.0,1316,54,406,131.6,144.70444975113162,131.6,0.0023606061935424,10,0.985704834650621,20195.95061728395
20.0,6,64.0,907.9366178889948,0.0,0.0,0.5,0.5,0.5,0.0,0.0,5,0,0,5,0,0.0110139846801757,0.0,1.0,0.0,0.0,0.0,0.0,0.0,1.0,0.0,0.0,0.0,0.0,0.0,1.0,1.0,2652,54,406,265.2,181.77201838200145,265.2,0.0013823986053466,10,1.0,30593.58024691358
20.0,6,64.0,688.946123521682,0.0,0.0,0.5,0.5,0.5,0.0,0.0,5,0,0,5,0,0.0145149230957031,0.0,1.0,0.0,0.0,0.0,0.0,0.0,1.0,0.0,0.0,0.0,0.0,0.0,1.0,1.0,2306,54,408,230.6,186.1541774384281,230.6,0.001453685760498,10,1.0,31188.04
20.0,6,64.0,778.2073213722471,0.0,0.0,0.6,0.4,0.4,0.0,0.0,4,0,0,6,0,0.0128500461578369,0.0,1.0,0.0,0.0,0.0,0.0,0.0,1.0,0.0,0.0,0.0,0.0,0.0,1.0,1.0,2310,54,408,231.0,186.5743819499344,231.0,0.0012861013412475,10,1.0,31329.0
20.0,6,64.0,592.1732623642858,0.0,0.0,0.8,0.2,0.2,0.0,0.0,2,0,0,8,0,0.0168869495391845,0.0,1.0,0.0,0.0,0.0,0.0,0.0,1.0,0.0,0.0,0.0,0.0,0.0,1.0,1.0,1308,54,408,130.8,146.15425640968058,130.8,0.001907205581665,10,0.9862954278910476,31329.0
20.0,6,64.0,487.8515847630125,0.0,0.0,1.0,0.0,0.0,0.0,0.0,0,0,0,10,0,0.0204980373382568,0.0,1.0,0.0,0.0,0.0,0.0,0.0,1.0,0.0,0.0,0.0,0.0,0.0,1.0,1.0,652,64,66,65.2,1.0327955589886444,65.2,0.0022435903549194,10,0.9101374495989096,1.0
20.0,6,64.0,457.0352612997429,0.0,0.0,0.7,0.3,0.3,0.0,0.0,3,0,0,7,0,0.0218801498413085,0.0,1.0,0.0,0.0,0.0,0.0,0.0,1.0,0.0,0.0,0.0,0.0,0.0,1.0,1.0,624,54,66,62.4,5.796550698475775,62.4,0.0023346185684204,10,0.9291193128925312,30.24
20.0,6,64.0,1241.46929110552,0.0,0.0,0.5,0.5,0.5,0.0,0.0,5,0,0,5,0,0.0080549716949462,0.0,1.0,0.0,0.0,0.0,0.0,0.0,1.0,0.0,0.0,0.0,0.0,0.0,1.0,1.0,600,54,66,60.0,6.324555320336759,60.0,0.0010459899902343,10,0.9293344008552924,36.0
20.0,6,64.0,1074.553326672303,0.0,0.0,0.5,0.5,0.5,0.0,0.0,5,0,0,5,0,0.0093061923980712,0.0,1.0,0.0,0.0,0.0,0.0,0.0,1.0,0.0,0.0,0.0,0.0,0.0,1.0,1.0,606,54,68,60.6,6.995236474439826,60.6,0.0011876106262207,10,0.9296076095302278,44.04
20.0,6,64.0,809.9144572962326,0.0,0.0,0.5,0.5,0.5,0.0,0.0,5,0,0,5,0,0.0123469829559326,0.0,1.0,0.0,0.0,0.0,0.0,0.0,1.0,0.0,0.0,0.0,0.0,0.0,1.0,1.0,624,54,68,62.4,7.229568912920511,62.4,0.0013955831527709,10,0.9297030671923672,49.0
20.0,6,64.0,421.0176364895657,0.0,0.0,0.9,0.1,0.1,0.0,0.0,1,0,0,9,0,0.0237519741058349,0.0,1.0,0.0,0.0,0.0,0.0,0.0,1.0,0.0,0.0,0.0,0.0,0.0,1.0,1.0,624,54,68,62.4,4.599516882842757,62.4,0.002378511428833,10,0.9286316891973948,49.0
20.0,6,64.0,585.6903076257104,0.0,0.0,1.0,0.0,0.0,0.0,0.0,0,0,0,10,0,0.0170738697052001,0.0,1.0,0.0,0.0,0.0,0.0,0.0,1.0,0.0,0.0,0.0,0.0,0.0,1.0,1.0,654,64,66,65.4,0.9660917830792958,65.4,0.0018921852111816,10,0.0,1.0
20.0,6,64.0,315.28771489352107,0.0,0.0,1.0,0.0,0.0,0.0,0.0,0,0,0,10,0,0.0317170619964599,0.0,1.0,0.0,0.0,0.0,0.0,0.0,1.0,0.0,0.0,0.0,0.0,0.0,1.0,1.0,646,64,66,64.6,0.9660917830792958,64.6,0.0033913135528564,10,0.0,1.0
20.0,6,64.0,525.8721899722915,0.0,0.0,1.0,0.0,0.0,0.0,0.0,0,0,0,10,0,0.0190160274505615,0.0,1.0,0.0,0.0,0.0,0.0,0.0,1.0,0.0,0.0,0.0,0.0,0.0,1.0,1.0,647,64,65,64.7,0.4830458915396479,64.7,0.0021333932876586,10,0.0,0.25
20.0,6,64.0,359.24900644100313,0.0,0.0,1.0,0.0,0.0,0.0,0.0,0,0,0,10,0,0.0278358459472656,0.0,1.0,0.0,0.0,0.0,0.0,0.0,1.0,0.0,0.0,0.0,0.0,0.0,1.0,1.0,4563,65,624,456.3,270.0226533706632,456.3,0.0029613971710205,10,1.0,78120.25
20.0,6,64.0,502.1554964921102,0.0,0.0,1.0,0.0,0.0,0.0,0.0,0,0,0,10,0,0.0199141502380371,0.0,1.0,0.0,0.0,0.0,0.0,0.0,1.0,0.0,0.0,0.0,0.0,0.0,1.0,1.0,6254,624,626,625.4,0.9660917830792958,625.4,0.0022334098815917,10,0.0,1.0
20.0,6,64.0,375.3325756830039,0.0,0.0,0.9,0.1,0.1,0.0,0.0,1,0,0,9,0,0.0266430377960205,0.0,1.0,0.0,0.0,0.0,0.0,0.0,1.0,0.0,0.0,0.0,0.0,0.0,1.0,1.0,2340,66,626,234.0,270.5056992622028,234.0,0.0028784036636352,10,1.0,78400.0
20.0,6,64.0,417.55557546615694,0.0,0.0,0.8,0.2,0.2,0.0,0.0,2,0,0,8,0,0.0239489078521728,0.0,1.0,0.0,0.0,0.0,0.0,0.0,1.0,0.0,0.0,0.0,0.0,0.0,1.0,1.0,632,54,68,63.2,6.408327915038888,63.2,0.0023974895477294,10,0.9293685264594702,36.96
20.0,6,64.0,823.381232822929,0.0,0.0,0.8,0.2,0.2,0.0,0.0,2,0,0,8,0,0.0121450424194335,0.0,1.0,0.0,0.0,0.0,0.0,0.0,1.0,0.0,0.0,0.0,0.0,0.0,1.0,1.0,648,54,68,64.8,5.750362307426086,64.8,0.0017987966537475,10,0.9291004975895532,40.0
20.0,6,64.0,769.8230673225167,0.0,0.0,0.6,0.4,0.4,0.0,0.0,4,0,0,6,0,0.0129899978637695,0.0,1.0,0.0,0.0,0.0,0.0,0.0,1.0,0.0,0.0,0.0,0.0,0.0,1.0,1.0,612,54,66,61.2,6.196773353931867,61.2,0.0015089988708496,10,0.9292823475934576,36.0
20.0,6,64.0,696.1847062924295,0.0,0.0,0.6,0.4,0.4,0.0,0.0,4,0,0,6,0,0.0143640041351318,0.0,1.0,0.0,0.0,0.0,0.0,0.0,1.0,0.0,0.0,0.0,0.0,0.0,1.0,1.0,634,54,68,63.4,6.535373831014651,63.4,0.0015750169754028,10,0.9294202798838022,41.95918367346939
20.0,6,64.0,476.9398012326306,0.0,0.0,0.7,0.3,0.3,0.0,0.0,3,0,0,7,0,0.0209670066833496,0.0,1.0,0.0,0.0,0.0,0.0,0.0,1.0,0.0,0.0,0.0,0.0,0.0,1.0,1.0,677,54,121,67.7,19.97804350336194,67.7,0.002100396156311,10,0.9348962858015296,375.9506172839506
20.0,6,64.0,1211.981391048054,0.0,0.0,0.5,0.5,0.5,0.0,0.0,5,0,0,5,0,0.0082509517669677,0.0,1.0,0.0,0.0,0.0,0.0,0.0,1.0,0.0,0.0,0.0,0.0,0.0,1.0,1.0,875,54,121,87.5,35.3121005385469,87.5,0.0008270978927612,10,0.9411427672753824,1122.25
20.0,6,64.0,1176.588868940754,0.0,0.0,0.5,0.5,0.5,0.0,0.0,5,0,0,5,0,0.0084991455078125,0.0,1.0,0.0,0.0,0.0,0.0,0.0,1.0,0.0,0.0,0.0,0.0,0.0,1.0,1.0,877,54,123,87.7,35.52792329046736,87.7,0.0010730028152465,10,0.9412306848316048,1136.01
20.0,6,64.0,590.3230074172074,0.0,0.0,0.5,0.5,0.5,0.0,0.0,5,0,0,5,0,0.0169398784637451,0.0,1.0,0.0,0.0,0.0,0.0,0.0,1.0,0.0,0.0,0.0,0.0,0.0,1.0,1.0,885,54,123,88.5,36.36619309193636,88.5,0.0019097805023193,10,0.9415721624179312,1190.25
20.0,6,64.0,394.7580235294118,0.0,0.0,0.5,0.5,0.5,0.0,0.0,5,0,0,5,0,0.025331974029541,0.0,1.0,0.0,0.0,0.0,0.0,0.0,1.0,0.0,0.0,0.0,0.0,0.0,1.0,1.0,845,54,123,84.5,34.290426263511705,84.5,0.0025344133377075,10,0.940726578042704,1190.25
20.0,6,64.0,3593.1671378394585,0.0,0.0,0.5,0.5,0.5,0.0,0.0,5,0,0,5,0,0.0027830600738525,0.0,1.0,0.0,0.0,0.0,0.0,0.0,1.0,0.0,0.0,0.0,0.0,0.0,1.0,1.0,714,54,83,71.4,14.975535605335343,71.4,0.0002804994583129,10,0.9328584641841894,210.25
20.0,6,64.0,822.5093148213515,0.0,0.0,0.5,0.5,0.5,0.0,0.0,5,0,0,5,0,0.012157917022705,0.0,1.0,0.0,0.0,0.0,0.0,0.0,1.0,0.0,0.0,0.0,0.0,0.0,1.0,1.0,689,54,85,68.9,15.72294855016422,68.9,0.0012177944183349,10,0.9331629303213947,222.49
20.0,6,64.0,987.3596986817324,0.0,0.0,0.5,0.5,0.5,0.0,0.0,5,0,0,5,0,0.0101280212402343,0.0,1.0,0.0,0.0,0.0,0.0,0.0,1.0,0.0,0.0,0.0,0.0,0.0,1.0,1.0,695,54,85,69.5,16.338434577536628,69.5,0.0010156154632568,10,0.9334136547095052,240.25
20.0,6,64.0,653.4201589032559,0.0,0.0,0.6,0.4,0.4,0.0,0.0,4,0,0,6,0,0.0153040885925292,0.0,1.0,0.0,0.0,0.0,0.0,0.0,1.0,0.0,0.0,0.0,0.0,0.0,1.0,1.0,3103,54,1289,310.3,516.0142224568793,310.3,0.0015327930450439,10,1.0,239643.61
20.0,6,64.0,838.5086263769217,0.0,0.0,0.5,0.5,0.5,0.0,0.0,5,0,0,5,0,0.0119259357452392,0.0,1.0,0.0,0.0,0.0,0.0,0.0,1.0,0.0,0.0,0.0,0.0,0.0,1.0,1.0,7950,54,1289,795.0,637.751257675488,795.0,0.0014230012893676,10,1.0,381306.25
20.0,6,64.0,907.4455334155472,0.0,0.0,0.6,0.4,0.4,0.0,0.0,4,0,0,6,0,0.0110199451446533,0.0,1.0,0.0,0.0,0.0,0.0,0.0,1.0,0.0,0.0,0.0,0.0,0.0,1.0,1.0,6718,54,1290,671.8,651.2184818562132,671.8,0.0011036872863769,10,1.0,381676.96
20.0,6,64.0,776.1480384900074,0.0,0.0,0.5,0.5,0.5,0.0,0.0,5,0,0,5,0,0.0128841400146484,0.0,1.0,0.0,0.0,0.0,0.0,0.0,1.0,0.0,0.0,0.0,0.0,0.0,1.0,1.0,6720,54,1290,672.0,651.4291979946861,672.0,0.0015246152877807,10,1.0,381924.0
20.0,6,64.0,624.9614828721708,0.0,0.0,0.5,0.5,0.5,0.0,0.0,5,0,0,5,0,0.0160009860992431,0.0,1.0,0.0,0.0,0.0,0.0,0.0,1.0,0.0,0.0,0.0,0.0,0.0,1.0,1.0,3052,54,1290,305.2,519.0565800886578,305.2,0.0016498804092407,10,1.0,381924.0
20.0,6,64.0,656.2520926884985,0.0,0.0,0.5,0.5,0.5,0.0,0.0,5,0,0,5,0,0.0152380466461181,0.0,1.0,0.0,0.0,0.0,0.0,0.0,1.0,0.0,0.0,0.0,0.0,0.0,1.0,1.0,590,54,64,59.0,5.270462766947299,59.0,0.0015260219573974,10,0.9289050057127436,25.0
20.0,6,64.0,704.5697967411389,0.0,0.0,0.6,0.4,0.4,0.0,0.0,4,0,0,6,0,0.014193058013916,0.0,1.0,0.0,0.0,0.0,0.0,0.0,1.0,0.0,0.0,0.0,0.0,0.0,1.0,1.0,598,54,66,59.8,6.142746399887703,59.8,0.0014232873916625,10,0.9292603391734584,33.959999999999994
20.0,6,64.0,1265.0211123175293,0.0,0.0,0.5,0.5,0.5,0.0,0.0,5,0,0,5,0,0.0079050064086914,0.0,1.0,0.0,0.0,0.0,0.0,0.0,1.0,0.0,0.0,0.0,0.0,0.0,1.0,1.0,600,54,66,60.0,6.324555320336759,60.0,0.0007925033569335,10,0.9293344008552924,36.0
20.0,6,64.0,698.422086788557,0.0,0.0,0.5,0.5,0.5,0.0,0.0,5,0,0,5,0,0.0143179893493652,0.0,1.0,0.0,0.0,0.0,0.0,0.0,1.0,0.0,0.0,0.0,0.0,0.0,1.0,1.0,1760,54,356,176.0,154.96236102142137,176.0,0.00170578956604,10,0.9898834973856864,22175.8024691358
20.0,6,64.0,1081.424261956942,0.0,0.0,0.5,0.5,0.5,0.0,0.0,5,0,0,5,0,0.0092470645904541,0.0,1.0,0.0,0.0,0.0,0.0,0.0,1.0,0.0,0.0,0.0,0.0,0.0,1.0,1.0,2352,54,356,235.2,155.95212940728533,235.2,0.0011934041976928,10,0.9902866894353518,22801.0
20.0,6,64.0,839.3476216205399,0.0,0.0,0.6,0.4,0.4,0.0,0.0,4,0,0,6,0,0.0119140148162841,0.0,1.0,0.0,0.0,0.0,0.0,0.0,1.0,0.0,0.0,0.0,0.0,0.0,1.0,1.0,2060,54,358,206.0,160.22206811519789,206.0,0.0011939048767089,10,0.9920260916674072,23104.0
20.0,6,64.0,1226.3688196251571,0.0,0.0,0.5,0.5,0.5,0.0,0.0,5,0,0,5,0,0.0081541538238525,0.0,1.0,0.0,0.0,0.0,0.0,0.0,1.0,0.0,0.0,0.0,0.0,0.0,1.0,1.0,2060,54,358,206.0,160.22206811519789,206.0,0.0011001110076904,10,0.9920260916674072,23104.0
20.0,6,64.0,513.5861486279648,0.0,0.0,1.0,0.0,0.0,0.0,0.0,0,0,0,10,0,0.0194709300994873,0.0,1.0,0.0,0.0,0.0,0.0,0.0,1.0,0.0,0.0,0.0,0.0,0.0,1.0,1.0,660,66,66,66.0,0.0,66.0,0.0027274847030639,10,0.0,0.0
20.0,6,64.0,499.8276827742358,0.0,0.0,1.0,0.0,0.0,0.0,0.0,0,0,0,10,0,0.0200068950653076,0.0,1.0,0.0,0.0,0.0,0.0,0.0,1.0,0.0,0.0,0.0,0.0,0.0,1.0,1.0,680,68,68,68.0,0.0,68.0,0.0021724939346313,10,0.0,0.0
20.0,6,64.0,967.031102298665,0.0,0.0,0.6,0.4,0.4,0.0,0.0,4,0,0,6,0,0.010340929031372,0.0,1.0,0.0,0.0,0.0,0.0,0.0,1.0,0.0,0.0,0.0,0.0,0.0,1.0,1.0,600,54,64,60.0,5.163977794943222,60.0,0.0021129131317138,10,0.928861627994548,25.0
20.0,6,64.0,900.6450504616706,0.0,0.0,0.6,0.4,0.4,0.0,0.0,4,0,0,6,0,0.0111031532287597,0.0,1.0,0.0,0.0,0.0,0.0,0.0,1.0,0.0,0.0,0.0,0.0,0.0,1.0,1.0,604,54,66,60.4,5.561774297230456,60.4,0.0012897014617919,10,0.9290236743777198,27.84
20.0,6,64.0,1176.324882207763,0.0,0.0,0.5,0.5,0.5,0.0,0.0,5,0,0,5,0,0.0085010528564453,0.0,1.0,0.0,0.0,0.0,0.0,0.0,1.0,0.0,0.0,0.0,0.0,0.0,1.0,1.0,600,54,66,60.0,6.324555320336759,60.0,0.0010628938674926,10,0.9293344008552924,36.0
20.0,6,64.0,522.6286540234755,0.0,0.0,0.5,0.5,0.5,0.0,0.0,5,0,0,5,0,0.0191340446472167,0.0,1.0,0.0,0.0,0.0,0.0,0.0,1.0,0.0,0.0,0.0,0.0,0.0,1.0,1.0,612,54,66,61.2,6.196773353931867,61.2,0.0021614074707031,10,0.9292823475934576,36.0
20.0,6,64.0,836.335068094355,0.0,0.0,0.5,0.5,0.5,0.0,0.0,5,0,0,5,0,0.0119569301605224,0.0,1.0,0.0,0.0,0.0,0.0,0.0,1.0,0.0,0.0,0.0,0.0,0.0,1.0,1.0,600,54,66,60.0,6.324555320336759,60.0,0.0011973857879638,10,0.9293344008552924,36.0
20.0,6,64.0,938.7010429255628,0.0,0.0,0.6,0.4,0.4,0.0,0.0,4,0,0,6,0,0.010653018951416,0.0,1.0,0.0,0.0,0.0,0.0,0.0,1.0,0.0,0.0,0.0,0.0,0.0,1.0,1.0,606,54,68,60.6,6.995236474439826,60.6,0.0010696172714233,10,0.9296076095302278,44.04
20.0,6,64.0,775.0150594061236,0.0,0.0,0.6,0.4,0.4,0.0,0.0,4,0,0,6,0,0.0129029750823974,0.0,1.0,0.0,0.0,0.0,0.0,0.0,1.0,0.0,0.0,0.0,0.0,0.0,1.0,1.0,638,54,68,63.8,6.762642481555071,63.8,0.0015678882598876,10,0.9295128600412864,43.55555555555557
20.0,6,64.0,375.7697166253057,0.0,0.0,1.0,0.0,0.0,0.0,0.0,0,0,0,10,0,0.0266120433807373,0.0,1.0,0.0,0.0,0.0,0.0,0.0,1.0,0.0,0.0,0.0,0.0,0.0,1.0,1.0,648,54,66,64.8,3.794733192202056,64.8,0.0026628017425537,10,0.9283038525131756,36.0
20.0,6,64.0,511.251097025841,0.0,0.0,1.0,0.0,0.0,0.0,0.0,0,0,0,10,0,0.0195598602294921,0.0,1.0,0.0,0.0,0.0,0.0,0.0,1.0,0.0,0.0,0.0,0.0,0.0,1.0,1.0,678,66,68,67.8,0.6324555320336757,67.8,0.0022007942199707,10,0.0,1.0
20.0,6,64.0,504.9971103833558,0.0,0.0,0.5,0.5,0.5,0.0,0.0,5,0,0,5,0,0.0198020935058593,0.0,1.0,0.0,0.0,0.0,0.0,0.0,1.0,0.0,0.0,0.0,0.0,0.0,1.0,1.0,7314,54,1406,731.4,711.1030867602811,731.4,0.0021958112716674,10,1.0,455100.84
20.0,6,64.0,912.2415068076036,0.0,0.0,0.6,0.4,0.4,0.0,0.0,4,0,0,6,0,0.0109620094299316,0.0,1.0,0.0,0.0,0.0,0.0,0.0,1.0,0.0,0.0,0.0,0.0,0.0,1.0,1.0,7300,54,1406,730.0,712.5665660912748,730.0,0.0010987997055053,10,1.0,456976.0
20.0,6,64.0,986.8718383096868,0.0,0.0,0.6,0.4,0.4,0.0,0.0,4,0,0,6,0,0.0101330280303955,0.0,1.0,0.0,0.0,0.0,0.0,0.0,1.0,0.0,0.0,0.0,0.0,0.0,1.0,1.0,8652,54,1406,865.2,698.1697978763237,865.2,0.0012691020965576,10,1.0,456976.0
20.0,6,64.0,554.5673788872435,0.0,0.0,0.5,0.5,0.5,0.0,0.0,5,0,0,5,0,0.0180320739746093,0.0,1.0,0.0,0.0,0.0,0.0,0.0,1.0,0.0,0.0,0.0,0.0,0.0,1.0,1.0,5958,54,1406,595.8,697.315774157511,595.8,0.0020884990692138,10,1.0,456976.0
20.0,6,64.0,1076.2904798562995,0.0,0.0,0.5,0.5,0.5,0.0,0.0,5,0,0,5,0,0.0092911720275878,0.0,1.0,0.0,0.0,0.0,0.0,0.0,1.0,0.0,0.0,0.0,0.0,0.0,1.0,1.0,590,54,64,59.0,5.270462766947299,59.0,0.0010544061660766,10,0.9289050057127436,25.0
20.0,6,64.0,907.21000151407,0.0,0.0,0.5,0.5,0.5,0.0,0.0,5,0,0,5,0,0.0110228061676025,0.0,1.0,0.0,0.0,0.0,0.0,0.0,1.0,0.0,0.0,0.0,0.0,0.0,1.0,1.0,604,54,66,60.4,5.561774297230456,60.4,0.0013719797134399,10,0.9290236743777198,27.84
20.0,6,64.0,835.2026125570003,0.0,0.0,0.6,0.4,0.4,0.0,0.0,4,0,0,6,0,0.0119731426239013,0.0,1.0,0.0,0.0,0.0,0.0,0.0,1.0,0.0,0.0,0.0,0.0,0.0,1.0,1.0,600,54,66,60.0,6.324555320336759,60.0,0.001201319694519,10,0.9293344008552924,36.0
20.0,6,64.0,533.5042865501539,0.0,0.0,0.7,0.3,0.3,0.0,0.0,3,0,0,7,0,0.0187439918518066,0.0,1.0,0.0,0.0,0.0,0.0,0.0,1.0,0.0,0.0,0.0,0.0,0.0,1.0,1.0,644,54,71,64.4,7.501111028818777,64.4,0.0020696878433227,10,0.9298136825886996,50.888888888888886
20.0,6,64.0,495.1952774498229,0.0,0.0,1.0,0.0,0.0,0.0,0.0,0,0,0,10,0,0.0201940536499023,0.0,1.0,0.0,0.0,0.0,0.0,0.0,1.0,0.0,0.0,0.0,0.0,0.0,1.0,1.0,718,71,73,71.8,1.0327955589886444,71.8,0.0022262096405029,10,0.8982085395989097,0.96
20.0,6,64.0,316.0646250301423,0.0,0.0,0.8,0.2,0.2,0.0,0.0,2,0,0,8,0,0.0316390991210937,0.0,1.0,0.0,0.0,0.0,0.0,0.0,1.0,0.0,0.0,0.0,0.0,0.0,1.0,1.0,674,54,73,67.4,7.961016127215029,67.4,0.0033756017684936,10,0.9300010295295824,57.04
20.0,6,64.0,811.0263748163044,0.0,0.0,0.5,0.5,0.5,0.0,0.0,5,0,0,5,0,0.0123300552368164,0.0,1.0,0.0,0.0,0.0,0.0,0.0,1.0,0.0,0.0,0.0,0.0,0.0,1.0,1.0,600,54,64,60.0,5.163977794943222,60.0,0.0012357950210571,10,0.928861627994548,25.0
20.0,6,64.0,644.791464895694,0.0,0.0,0.8,0.2,0.2,0.0,0.0,2,0,0,8,0,0.0155088901519775,0.0,1.0,0.0,0.0,0.0,0.0,0.0,1.0,0.0,0.0,0.0,0.0,0.0,1.0,1.0,620,54,66,62.0,5.57773351022717,62.0,0.0015543937683105,10,0.9290301755227262,28.0
20.0,6,64.0,649.0520256259479,0.0,0.0,0.8,0.2,0.2,0.0,0.0,2,0,0,8,0,0.0154070854187011,0.0,1.0,0.0,0.0,0.0,0.0,0.0,1.0,0.0,0.0,0.0,0.0,0.0,1.0,1.0,636,54,66,63.6,5.059644256269407,63.6,0.0017369031906127,10,0.928819126684234,32.0
20.0,6,64.0,475.92238738227616,0.0,0.0,1.0,0.0,0.0,0.0,0.0,0,0,0,10,0,0.0210118293762207,0.0,1.0,0.0,0.0,0.0,0.0,0.0,1.0,0.0,0.0,0.0,0.0,0.0,1.0,1.0,660,66,66,66.0,0.0,66.0,0.0023007869720458,10,0.0,0.0
20.0,6,64.0,354.79702580847083,0.0,0.0,0.9,0.1,0.1,0.0,0.0,1,0,0,9,0,0.0281851291656494,0.0,1.0,0.0,0.0,0.0,0.0,0.0,1.0,0.0,0.0,0.0,0.0,0.0,1.0,1.0,648,54,66,64.8,3.794733192202055,64.8,0.0029693126678466,10,0.9283038525131756,12.96
20.0,6,64.0,944.3652902238032,0.0,0.0,0.5,0.5,0.5,0.0,0.0,5,0,0,5,0,0.0105891227722167,0.0,1.0,0.0,0.0,0.0,0.0,0.0,1.0,0.0,0.0,0.0,0.0,0.0,1.0,1.0,612,54,66,61.2,6.196773353931867,61.2,0.0010611057281494,10,0.9292823475934576,36.0
20.0,6,64.0,749.518227305218,0.0,0.0,0.7,0.3,0.3,0.0,0.0,3,0,0,7,0,0.0133419036865234,0.0,1.0,0.0,0.0,0.0,0.0,0.0,1.0,0.0,0.0,0.0,0.0,0.0,1.0,1.0,620,54,68,62.0,6.928203230275509,62.0,0.0013368844985961,10,0.9295803028678852,43.55555555555556
20.0,6,64.0,920.5504466343305,0.0,0.0,0.6,0.4,0.4,0.0,0.0,4,0,0,6,0,0.0108630657196044,0.0,1.0,0.0,0.0,0.0,0.0,0.0,1.0,0.0,0.0,0.0,0.0,0.0,1.0,1.0,624,54,68,62.4,7.229568912920511,62.4,0.0013243198394775,10,0.9297030671923672,49.0
20.0,6,64.0,2373.552147586441,0.0,0.0,0.6,0.4,0.4,0.0,0.0,4,0,0,6,0,0.0042130947113037,0.0,1.0,0.0,0.0,0.0,0.0,0.0,1.0,0.0,0.0,0.0,0.0,0.0,1.0,1.0,612,54,66,61.2,6.196773353931867,61.2,0.0020027875900268,10,0.9292823475934576,36.0
20.0,6,64.0,617.5086495001693,0.0,0.0,0.6,0.4,0.4,0.0,0.0,4,0,0,6,0,0.0161941051483154,0.0,1.0,0.0,0.0,0.0,0.0,0.0,1.0,0.0,0.0,0.0,0.0,0.0,1.0,1.0,630,54,68,63.0,6.27162924074226,63.0,0.0018314123153686,10,0.9293128408875088,36.24691358024691
20.0,6,64.0,782.8991675066263,0.0,0.0,0.6,0.4,0.4,0.0,0.0,4,0,0,6,0,0.0127730369567871,0.0,1.0,0.0,0.0,0.0,0.0,0.0,1.0,0.0,0.0,0.0,0.0,0.0,1.0,1.0,624,54,68,62.4,7.229568912920511,62.4,0.0012799978256225,10,0.9297030671923672,49.0
20.0,6,64.0,595.4519513337782,0.0,0.0,0.6,0.4,0.4,0.0,0.0,4,0,0,6,0,0.0167939662933349,0.0,1.0,0.0,0.0,0.0,0.0,0.0,1.0,0.0,0.0,0.0,0.0,0.0,1.0,1.0,602,54,68,60.2,6.562519841239848,60.2,0.0016810894012451,10,0.9294313380825274,49.0
20.0,6,64.0,1264.372833328309,0.0,0.0,0.5,0.5,0.5,0.0,0.0,5,0,0,5,0,0.0079090595245361,0.0,1.0,0.0,0.0,0.0,0.0,0.0,1.0,0.0,0.0,0.0,0.0,0.0,1.0,1.0,600,54,66,60.0,6.324555320336759,60.0,0.0010224103927612,10,0.9293344008552924,36.0
20.0,6,64.0,1068.612484076433,0.0,0.0,0.5,0.5,0.5,0.0,0.0,5,0,0,5,0,0.0093579292297363,0.0,1.0,0.0,0.0,0.0,0.0,0.0,1.0,0.0,0.0,0.0,0.0,0.0,1.0,1.0,608,54,68,60.8,7.192588778272627,60.8,0.0012308835983276,10,0.9296880029647172,46.56
20.0,6,64.0,1717.3582278999304,0.0,0.0,0.5,0.5,0.5,0.0,0.0,5,0,0,5,0,0.0058228969573974,0.0,1.0,0.0,0.0,0.0,0.0,0.0,1.0,0.0,0.0,0.0,0.0,0.0,1.0,1.0,624,54,68,62.4,7.229568912920511,62.4,0.0013437032699584,10,0.9297030671923672,49.0
20.0,6,64.0,537.173448085962,0.0,0.0,0.5,0.5,0.5,0.0,0.0,5,0,0,5,0,0.0186159610748291,0.0,1.0,0.0,0.0,0.0,0.0,0.0,1.0,0.0,0.0,0.0,0.0,0.0,1.0,1.0,590,54,64,59.0,5.270462766947299,59.0,0.0018661975860595,10,0.9289050057127436,25.0
20.0,6,64.0,962.6366160978632,0.0,0.0,0.6,0.4,0.4,0.0,0.0,4,0,0,6,0,0.0103881359100341,0.0,1.0,0.0,0.0,0.0,0.0,0.0,1.0,0.0,0.0,0.0,0.0,0.0,1.0,1.0,590,54,64,59.0,5.270462766947299,59.0,0.0010404109954833,10,0.9289050057127436,25.0
20.0,6,64.0,1099.51083964663,0.0,0.0,0.5,0.5,0.5,0.0,0.0,5,0,0,5,0,0.0090949535369873,0.0,1.0,0.0,0.0,0.0,0.0,0.0,1.0,0.0,0.0,0.0,0.0,0.0,1.0,1.0,600,54,66,60.0,6.324555320336759,60.0,0.0011098861694335,10,0.9293344008552924,36.0
20.0,6,64.0,1052.0741465372364,0.0,0.0,0.5,0.5,0.5,0.0,0.0,5,0,0,5,0,0.0095050334930419,0.0,1.0,0.0,0.0,0.0,0.0,0.0,1.0,0.0,0.0,0.0,0.0,0.0,1.0,1.0,600,54,66,60.0,6.324555320336759,60.0,0.0011767148971557,10,0.9293344008552924,36.0
20.0,6,64.0,532.3936939910132,0.0,0.0,0.5,0.5,0.5,0.0,0.0,5,0,0,5,0,0.0187830924987792,0.0,1.0,0.0,0.0,0.0,0.0,0.0,1.0,0.0,0.0,0.0,0.0,0.0,1.0,1.0,612,54,66,61.2,6.196773353931867,61.2,0.0030308961868286,10,0.9292823475934576,35.55555555555556
20.0,6,64.0,665.2873344436514,0.0,0.0,0.6,0.4,0.4,0.0,0.0,4,0,0,6,0,0.015031099319458,0.0,1.0,0.0,0.0,0.0,0.0,0.0,1.0,0.0,0.0,0.0,0.0,0.0,1.0,1.0,601,54,67,60.1,6.4368729468068056,60.1,0.0015052080154418,10,0.9293801545636112,37.29
20.0,6,64.0,444.4860803492895,0.0,0.0,0.6,0.4,0.4,0.0,0.0,4,0,0,6,0,0.0224978923797607,0.0,1.0,0.0,0.0,0.0,0.0,0.0,1.0,0.0,0.0,0.0,0.0,0.0,1.0,1.0,618,54,67,61.8,6.713171133426189,61.8,0.0022528886795043,10,0.9294927073929125,42.25
20.0,6,64.0,6671.391760776205,0.0,0.0,0.6,0.4,0.4,0.0,0.0,4,0,0,6,0,0.0014989376068115,0.0,1.0,0.0,0.0,0.0,0.0,0.0,1.0,0.0,0.0,0.0,0.0,0.0,1.0,1.0,618,54,67,61.8,6.713171133426189,61.8,0.0001801013946533,10,0.9294927073929125,42.25
20.0,6,64.0,487.4263800116212,0.0,0.0,0.8,0.2,0.2,0.0,0.0,2,0,0,8,0,0.0205159187316894,0.0,1.0,0.0,0.0,0.0,0.0,0.0,1.0,0.0,0.0,0.0,0.0,0.0,1.0,1.0,661,54,69,66.1,4.332051092342595,66.1,0.0022239923477172,10,0.9285227343329768,20.69387755102041
20.0,6,64.0,881.9901167069709,0.0,0.0,0.7,0.3,0.3,0.0,0.0,3,0,0,7,0,0.0113379955291748,0.0,1.0,0.0,0.0,0.0,0.0,0.0,1.0,0.0,0.0,0.0,0.0,0.0,1.0,1.0,645,54,69,64.5,7.245688373094719,64.5,0.0011357069015502,10,0.9297096336156638,56.25
20.0,6,64.0,393.2516384297327,0.0,0.0,1.0,0.0,0.0,0.0,0.0,0,0,0,10,0,0.0254290103912353,0.0,1.0,0.0,0.0,0.0,0.0,0.0,1.0,0.0,0.0,0.0,0.0,0.0,1.0,1.0,651,54,69,65.1,4.012480529547776,65.1,0.0025484085083007,10,0.9283925540685166,56.25
20.0,6,64.0,470.1923680552442,0.0,0.0,1.0,0.0,0.0,0.0,0.0,0,0,0,10,0,0.0212678909301757,0.0,1.0,0.0,0.0,0.0,0.0,0.0,1.0,0.0,0.0,0.0,0.0,0.0,1.0,1.0,676,66,68,67.6,0.8432740427115678,67.6,0.0023363828659057,10,0.0,1.0
20.0,6,64.0,367.09383232537175,0.0,0.0,1.0,0.0,0.0,0.0,0.0,0,0,0,10,0,0.0272409915924072,0.0,1.0,0.0,0.0,0.0,0.0,0.0,1.0,0.0,0.0,0.0,0.0,0.0,1.0,1.0,648,64,68,64.8,1.686548085423136,64.8,0.0027304172515869,10,0.910403762228078,4.0
20.0,6,64.0,502.5646432936328,0.0,0.0,1.0,0.0,0.0,0.0,0.0,0,0,0,10,0,0.0198979377746582,0.0,1.0,0.0,0.0,0.0,0.0,0.0,1.0,0.0,0.0,0.0,0.0,0.0,1.0,1.0,656,64,66,65.6,0.8432740427115678,65.6,0.0021813869476318,10,0.0,1.0
20.0,6,64.0,336.92706868990336,0.0,0.0,1.0,0.0,0.0,0.0,0.0,0,0,0,10,0,0.0296800136566162,0.0,1.0,0.0,0.0,0.0,0.0,0.0,1.0,0.0,0.0,0.0,0.0,0.0,1.0,1.0,644,64,66,64.4,0.8432740427115678,64.4,0.0031845092773437,10,0.0,1.0
20.0,6,64.0,496.1794350068613,0.0,0.0,1.0,0.0,0.0,0.0,0.0,0,0,0,10,0,0.0201539993286132,0.0,1.0,0.0,0.0,0.0,0.0,0.0,1.0,0.0,0.0,0.0,0.0,0.0,1.0,1.0,656,64,66,65.6,0.8432740427115678,65.6,0.0022177934646606,10,0.0,1.0
20.0,6,64.0,499.7979027645376,0.0,0.0,0.6,0.4,0.4,0.0,0.0,4,0,0,6,0,0.0200080871582031,0.0,1.0,0.0,0.0,0.0,0.0,0.0,1.0,0.0,0.0,0.0,0.0,0.0,1.0,1.0,604,54,66,60.4,5.561774297230456,60.4,0.0022243022918701,10,0.9290236743777198,27.9375
20.0,6,64.0,778.0918282163065,0.0,0.0,0.5,0.5,0.5,0.0,0.0,5,0,0,5,0,0.0128519535064697,0.0,1.0,0.0,0.0,0.0,0.0,0.0,1.0,0.0,0.0,0.0,0.0,0.0,1.0,1.0,590,54,64,59.0,5.270462766947299,59.0,0.0014612913131713,10,0.9289050057127436,25.0
20.0,6,64.0,1295.8581271047672,0.0,0.0,0.6,0.4,0.4,0.0,0.0,4,0,0,6,0,0.0077168941497802,0.0,1.0,0.0,0.0,0.0,0.0,0.0,1.0,0.0,0.0,0.0,0.0,0.0,1.0,1.0,610,54,66,61.0,6.055300708194984,61.0,0.0009160041809082,10,0.9292247172964904,33.0
20.0,6,64.0,536.5961747585236,0.0,0.0,0.6,0.4,0.4,0.0,0.0,4,0,0,6,0,0.0186359882354736,0.0,1.0,0.0,0.0,0.0,0.0,0.0,1.0,0.0,0.0,0.0,0.0,0.0,1.0,1.0,610,54,66,61.0,6.055300708194984,61.0,0.0020915031433105,10,0.9292247172964904,36.0
20.0,6,64.0,616.98180373928,0.0,0.0,0.8,0.2,0.2,0.0,0.0,2,0,0,8,0,0.0162079334259033,0.0,1.0,0.0,0.0,0.0,0.0,0.0,1.0,0.0,0.0,0.0,0.0,0.0,1.0,1.0,620,54,64,62.0,4.216370213557839,62.0,0.0018208980560302,10,0.9284756105701948,22.222222222222225
20.0,6,64.0,529.016081225957,0.0,0.0,0.9,0.1,0.1,0.0,0.0,1,0,0,9,0,0.0189030170440673,0.0,1.0,0.0,0.0,0.0,0.0,0.0,1.0,0.0,0.0,0.0,0.0,0.0,1.0,1.0,646,54,66,64.6,3.777124126457412,64.6,0.0019581079483032,10,0.9282966792841536,14.024691358024691
20.0,6,64.0,356.2525693512494,0.0,0.0,1.0,0.0,0.0,0.0,0.0,0,0,0,10,0,0.0280699729919433,0.0,1.0,0.0,0.0,0.0,0.0,0.0,1.0,0.0,0.0,0.0,0.0,0.0,1.0,1.0,660,66,66,66.0,0.0,66.0,0.0029383897781372,10,0.0,0.0
20.0,6,64.0,486.2171937308727,0.0,0.0,1.0,0.0,0.0,0.0,0.0,0,0,0,10,0,0.0205669403076171,0.0,1.0,0.0,0.0,0.0,0.0,0.0,1.0,0.0,0.0,0.0,0.0,0.0,1.0,1.0,676,66,68,67.6,0.8432740427115678,67.6,0.0020579099655151,10,0.0,1.0
20.0,6,64.0,492.1216956669678,0.0,0.0,0.6,0.4,0.4,0.0,0.0,4,0,0,6,0,0.020320177078247,0.0,1.0,0.0,0.0,0.0,0.0,0.0,1.0,0.0,0.0,0.0,0.0,0.0,1.0,1.0,616,54,68,61.6,6.586180818788517,61.6,0.0021897077560424,10,0.9294409766183416,39.04
20.0,6,64.0,1040.796049529765,0.0,0.0,0.5,0.5,0.5,0.0,0.0,5,0,0,5,0,0.0096080303192138,0.0,1.0,0.0,0.0,0.0,0.0,0.0,1.0,0.0,0.0,0.0,0.0,0.0,1.0,1.0,600,54,66,60.0,6.324555320336759,60.0,0.001202392578125,10,0.9293344008552924,36.0
20.0,6,64.0,506.6869616690223,0.0,0.0,0.5,0.5,0.5,0.0,0.0,5,0,0,5,0,0.0197360515594482,0.0,1.0,0.0,0.0,0.0,0.0,0.0,1.0,0.0,0.0,0.0,0.0,0.0,1.0,1.0,622,54,68,62.2,7.083627444874397,62.2,0.0021435976028442,10,0.929643616475944,46.02469135802469
20.0,6,64.0,2116.411343223333,0.0,0.0,0.5,0.5,0.5,0.0,0.0,5,0,0,5,0,0.0047249794006347,0.0,1.0,0.0,0.0,0.0,0.0,0.0,1.0,0.0,0.0,0.0,0.0,0.0,1.0,1.0,610,54,68,61.0,7.378647873726218,61.0,0.0004761934280395,10,0.9297637959978412,49.0
20.0,6,64.0,439.3321462239447,0.0,0.0,0.6,0.4,0.4,0.0,0.0,4,0,0,6,0,0.0227618217468261,0.0,1.0,0.0,0.0,0.0,0.0,0.0,1.0,0.0,0.0,0.0,0.0,0.0,1.0,1.0,590,54,64,59.0,5.270462766947299,59.0,0.0022778987884521,10,0.9289050057127436,25.0
20.0,6,64.0,1371.359816903711,0.0,0.0,0.5,0.5,0.5,0.0,0.0,5,0,0,5,0,0.0072920322418212,0.0,1.0,0.0,0.0,0.0,0.0,0.0,1.0,0.0,0.0,0.0,0.0,0.0,1.0,1.0,602,54,66,60.2,5.370702416299421,60.2,0.0007611036300659,10,0.9289458393363036,25.96
20.0,6,64.0,490.2178588125293,0.0,0.0,0.5,0.5,0.5,0.0,0.0,5,0,0,5,0,0.0203990936279296,0.0,1.0,0.0,0.0,0.0,0.0,0.0,1.0,0.0,0.0,0.0,0.0,0.0,1.0,1.0,600,54,66,60.0,6.324555320336759,60.0,0.002042007446289,10,0.9293344008552924,36.0
20.0,6,64.0,968.2365705579538,0.0,0.0,0.7,0.3,0.3,0.0,0.0,3,0,0,7,0,0.0103280544281005,0.0,1.0,0.0,0.0,0.0,0.0,0.0,1.0,0.0,0.0,0.0,0.0,0.0,1.0,1.0,612,54,66,61.2,6.196773353931867,61.2,0.0010339021682739,10,0.9292823475934576,36.0
20.0,6,64.0,487.52269477991,0.0,0.0,1.0,0.0,0.0,0.0,0.0,0,0,0,10,0,0.0205118656158447,0.0,1.0,0.0,0.0,0.0,0.0,0.0,1.0,0.0,0.0,0.0,0.0,0.0,1.0,1.0,664,66,68,66.4,0.8432740427115678,66.4,0.0022802829742431,10,0.0,0.64
20.0,6,64.0,400.4988207434568,0.0,0.0,0.9,0.1,0.1,0.0,0.0,1,0,0,9,0,0.0249688625335693,0.0,1.0,0.0,0.0,0.0,0.0,0.0,1.0,0.0,0.0,0.0,0.0,0.0,1.0,1.0,662,54,68,66.2,4.467164151400255,66.2,0.0027343988418579,10,0.9285777739887144,17.96
20.0,6,64.0,904.0812191494408,0.0,0.0,0.6,0.4,0.4,0.0,0.0,4,0,0,6,0,0.0110609531402587,0.0,1.0,0.0,0.0,0.0,0.0,0.0,1.0,0.0,0.0,0.0,0.0,0.0,1.0,1.0,600,54,64,60.0,5.163977794943222,60.0,0.001352310180664,10,0.928861627994548,24.691358024691358
20.0,6,64.0,830.3579347481786,0.0,0.0,0.6,0.4,0.4,0.0,0.0,4,0,0,6,0,0.0120429992675781,0.0,1.0,0.0,0.0,0.0,0.0,0.0,1.0,0.0,0.0,0.0,0.0,0.0,1.0,1.0,606,54,66,60.6,5.738757124441958,60.6,0.0014188051223754,10,0.9290957701022128,29.64
20.0,6,64.0,801.3419690109092,0.0,0.0,0.6,0.4,0.4,0.0,0.0,4,0,0,6,0,0.0124790668487548,0.0,1.0,0.0,0.0,0.0,0.0,0.0,1.0,0.0,0.0,0.0,0.0,0.0,1.0,1.0,612,54,66,61.2,6.196773353931867,61.2,0.0014781951904296,10,0.9292823475934576,36.0
20.0,6,64.0,393.90163503348015,0.0,0.0,1.0,0.0,0.0,0.0,0.0,0,0,0,10,0,0.0253870487213134,0.0,1.0,0.0,0.0,0.0,0.0,0.0,1.0,0.0,0.0,0.0,0.0,0.0,1.0,1.0,5871,66,645,587.1,183.0958765237491,587.1,0.0027704954147338,10,0.9808944062607144,83810.25
20.0,6,64.0,495.9037113231417,0.0,0.0,1.0,0.0,0.0,0.0,0.0,0,0,0,10,0,0.020165205001831,0.0,1.0,0.0,0.0,0.0,0.0,0.0,1.0,0.0,0.0,0.0,0.0,0.0,1.0,1.0,6468,645,647,646.8,0.6324555320336759,646.8,0.0021808147430419,10,0.0,1.0
20.0,6,64.0,537.834711803552,0.0,0.0,0.6,0.4,0.4,0.0,0.0,4,0,0,6,0,0.0185930728912353,0.0,1.0,0.0,0.0,0.0,0.0,0.0,1.0,0.0,0.0,0.0,0.0,0.0,1.0,1.0,1643,54,647,164.3,177.01478281017478,164.3,0.0021461963653564,10,0.9988667719255528,67014.88888888889
20.0,6,64.0,768.1594080802901,0.0,0.0,0.6,0.4,0.4,0.0,0.0,4,0,0,6,0,0.0130181312561035,0.0,1.0,0.0,0.0,0.0,0.0,0.0,1.0,0.0,0.0,0.0,0.0,0.0,1.0,1.0,1154,54,158,115.4,52.848210313437605,115.4,0.0015172004699707,10,0.948286276953282,2601.0
20.0,6,64.0,801.5410487693014,0.0,0.0,0.6,0.4,0.4,0.0,0.0,4,0,0,6,0,0.0124759674072265,0.0,1.0,0.0,0.0,0.0,0.0,0.0,1.0,0.0,0.0,0.0,0.0,0.0,1.0,1.0,1164,54,158,116.4,53.70536906740951,116.4,0.0012964963912963,10,0.9486354491433,2704.0
20.0,6,64.0,521.0768638266682,0.0,0.0,0.7,0.3,0.3,0.0,0.0,3,0,0,7,0,0.019191026687622,0.0,1.0,0.0,0.0,0.0,0.0,0.0,1.0,0.0,0.0,0.0,0.0,0.0,1.0,1.0,2080,54,361,208.0,138.3570260834869,208.0,0.0022484064102172,10,0.9831191481453692,17228.4
20.0,6,64.0,505.02751321477166,0.0,0.0,1.0,0.0,0.0,0.0,0.0,0,0,0,10,0,0.0198009014129638,0.0,1.0,0.0,0.0,0.0,0.0,0.0,1.0,0.0,0.0,0.0,0.0,0.0,1.0,1.0,3618,361,363,361.8,1.0327955589886444,361.8,0.0022461891174316,10,0.4040108395989096,0.96
20.0,6,64.0,386.3688200668773,0.0,0.0,1.0,0.0,0.0,0.0,0.0,0,0,0,10,0,0.0258820056915283,0.0,1.0,0.0,0.0,0.0,0.0,0.0,1.0,0.0,0.0,0.0,0.0,0.0,1.0,1.0,2434,64,363,243.4,154.40293606880235,243.4,0.0028108119964599,10,0.9726143100369874,21456.24
20.0,6,64.0,538.4492143370649,0.0,0.0,1.0,0.0,0.0,0.0,0.0,0,0,0,10,0,0.0185718536376953,0.0,1.0,0.0,0.0,0.0,0.0,0.0,1.0,0.0,0.0,0.0,0.0,0.0,1.0,1.0,648,64,66,64.8,1.0327955589886444,64.8,0.0021371841430664,10,0.9101374495989096,0.96
20.0,6,64.0,282.48466113053024,0.0,0.0,1.0,0.0,0.0,0.0,0.0,0,0,0,10,0,0.0354001522064209,0.0,1.0,0.0,0.0,0.0,0.0,0.0,1.0,0.0,0.0,0.0,0.0,0.0,1.0,1.0,772,66,94,77.2,14.459137825841022,77.2,0.0036913156509399,10,0.9121985443847346,188.16
20.0,6,64.0,685.9602584021588,0.0,0.0,1.0,0.0,0.0,0.0,0.0,0,0,0,10,0,0.014578104019165,0.0,1.0,0.0,0.0,0.0,0.0,0.0,1.0,0.0,0.0,0.0,0.0,0.0,1.0,1.0,948,94,96,94.8,1.0327955589886444,94.8,0.0014586925506591,10,0.8590135495989097,0.96
20.0,6,64.0,288.4923686436889,0.0,0.0,0.8,0.2,0.2,0.0,0.0,2,0,0,8,0,0.0346629619598388,0.0,1.0,0.0,0.0,0.0,0.0,0.0,1.0,0.0,0.0,0.0,0.0,0.0,1.0,1.0,1396,54,356,139.6,115.33448939690348,139.6,0.0034679889678955,10,0.9737406876007226,12397.432098765432
20.0,6,64.0,2202.659384518433,0.0,0.0,0.5,0.5,0.5,0.0,0.0,5,0,0,5,0,0.0045399665832519,0.0,1.0,0.0,0.0,0.0,0.0,0.0,1.0,0.0,0.0,0.0,0.0,0.0,1.0,1.0,2352,54,356,235.2,155.95212940728533,235.2,0.0006386995315551,10,0.9902866894353518,22801.0
20.0,6,64.0,892.7090073216414,0.0,0.0,0.6,0.4,0.4,0.0,0.0,4,0,0,6,0,0.0112018585205078,0.0,1.0,0.0,0.0,0.0,0.0,0.0,1.0,0.0,0.0,0.0,0.0,0.0,1.0,1.0,2056,54,358,205.6,159.8020998332347,205.6,0.0011219978332519,10,0.9918550133880664,22983.04
20.0,6,64.0,945.6214631946792,0.0,0.0,0.6,0.4,0.4,0.0,0.0,4,0,0,6,0,0.0105750560760498,0.0,1.0,0.0,0.0,0.0,0.0,0.0,1.0,0.0,0.0,0.0,0.0,0.0,1.0,1.0,2364,54,358,236.4,156.98492496627398,236.4,0.001304817199707,10,0.9907074090342614,23104.0
20.0,6,64.0,530.3338053813474,0.0,0.0,0.6,0.4,0.4,0.0,0.0,4,0,0,6,0,0.0188560485839843,0.0,1.0,0.0,0.0,0.0,0.0,0.0,1.0,0.0,0.0,0.0,0.0,0.0,1.0,1.0,904,54,358,90.4,94.21394093586504,90.4,0.0020776987075805,10,0.965137020979634,23104.0
20.0,6,64.0,936.4166908530732,0.0,0.0,0.6,0.4,0.4,0.0,0.0,4,0,0,6,0,0.010679006576538,0.0,1.0,0.0,0.0,0.0,0.0,0.0,1.0,0.0,0.0,0.0,0.0,0.0,1.0,1.0,614,54,68,61.4,6.397916327472042,61.4,0.0012238025665283,10,0.929364285195159,36.84
20.0,6,64.0,926.528971260686,0.0,0.0,0.6,0.4,0.4,0.0,0.0,4,0,0,6,0,0.0107929706573486,0.0,1.0,0.0,0.0,0.0,0.0,0.0,1.0,0.0,0.0,0.0,0.0,0.0,1.0,1.0,624,54,68,62.4,7.229568912920511,62.4,0.0013680934906005,10,0.9297030671923672,49.0
20.0,6,64.0,398.5465602432535,0.0,0.0,0.5,0.5,0.5,0.0,0.0,5,0,0,5,0,0.0250911712646484,0.0,1.0,0.0,0.0,0.0,0.0,0.0,1.0,0.0,0.0,0.0,0.0,0.0,1.0,1.0,602,54,68,60.2,6.696599468718766,60.2,0.0026554107666015,10,0.9294859567595772,49.0
20.0,6,64.0,1978.6319464100384,0.0,0.0,0.5,0.5,0.5,0.0,0.0,5,0,0,5,0,0.0050539970397949,0.0,1.0,0.0,0.0,0.0,0.0,0.0,1.0,0.0,0.0,0.0,0.0,0.0,1.0,1.0,600,54,64,60.0,5.163977794943222,60.0,0.0005557775497436,10,0.928861627994548,25.0
20.0,6,64.0,820.7549458935874,0.0,0.0,0.5,0.5,0.5,0.0,0.0,5,0,0,5,0,0.0121839046478271,0.0,1.0,0.0,0.0,0.0,0.0,0.0,1.0,0.0,0.0,0.0,0.0,0.0,1.0,1.0,596,54,66,59.6,5.94792213951879,59.6,0.0012192010879516,10,0.9291809755627544,31.84
20.0,6,64.0,848.1737477502983,0.0,0.0,0.5,0.5,0.5,0.0,0.0,5,0,0,5,0,0.0117900371551513,0.0,1.0,0.0,0.0,0.0,0.0,0.0,1.0,0.0,0.0,0.0,0.0,0.0,1.0,1.0,600,54,66,60.0,6.324555320336759,60.0,0.0011809110641479,10,0.9293344008552924,36.0
20.0,6,64.0,294.54175181354066,0.0,0.0,0.7,0.3,0.3,0.0,0.0,3,0,0,7,0,0.0339510440826416,0.0,1.0,0.0,0.0,0.0,0.0,0.0,1.0,0.0,0.0,0.0,0.0,0.0,1.0,1.0,608,54,66,60.8,5.865151319446072,60.8,0.0033987998962402,10,0.9291472580414896,36.0
20.0,6,64.0,666.6196220537516,0.0,0.0,0.7,0.3,0.3,0.0,0.0,3,0,0,7,0,0.0150010585784912,0.0,1.0,0.0,0.0,0.0,0.0,0.0,1.0,0.0,0.0,0.0,0.0,0.0,1.0,1.0,619,54,67,61.9,5.486346689738081,61.9,0.0015013933181762,10,0.9289929481875318,29.04
20.0,6,64.0,809.1956861458916,0.0,0.0,0.6,0.4,0.4,0.0,0.0,4,0,0,6,0,0.0123579502105712,0.0,1.0,0.0,0.0,0.0,0.0,0.0,1.0,0.0,0.0,0.0,0.0,0.0,1.0,1.0,631,54,67,63.1,6.279596590015424,63.1,0.0014419078826904,10,0.9293160864669088,42.25
20.0,6,64.0,534.2722119610216,0.0,0.0,1.0,0.0,0.0,0.0,0.0,0,0,0,10,0,0.0187170505523681,0.0,1.0,0.0,0.0,0.0,0.0,0.0,1.0,0.0,0.0,0.0,0.0,0.0,1.0,1.0,636,54,67,63.6,3.5962943891363133,63.6,0.0018737077713012,10,0.9282230164823586,42.25
20.0,6,64.0,500.806438132082,0.0,0.0,1.0,0.0,0.0,0.0,0.0,0,0,0,10,0,0.0199677944183349,0.0,1.0,0.0,0.0,0.0,0.0,0.0,1.0,0.0,0.0,0.0,0.0,0.0,1.0,1.0,654,64,66,65.4,0.9660917830792958,65.4,0.0022839784622192,10,0.0,1.0
20.0,6,64.0,613.3458118858213,0.0,0.0,0.7,0.3,0.3,0.0,0.0,3,0,0,7,0,0.0163040161132812,0.0,1.0,0.0,0.0,0.0,0.0,0.0,1.0,0.0,0.0,0.0,0.0,0.0,1.0,1.0,2396,54,509,239.6,231.91435200665492,239.6,0.0018794059753417,10,1.0,49531.50617283951
20.0,6,64.0,856.1551337007553,0.0,0.0,0.5,0.5,0.5,0.0,0.0,5,0,0,5,0,0.0116801261901855,0.0,1.0,0.0,0.0,0.0,0.0,0.0,1.0,0.0,0.0,0.0,0.0,0.0,1.0,1.0,3270,54,509,327.0,234.9609896699166,327.0,0.0013342142105102,10,1.0,51117.28395061728
20.0,6,64.0,900.819140482378,0.0,0.0,0.5,0.5,0.5,0.0,0.0,5,0,0,5,0,0.0111010074615478,0.0,1.0,0.0,0.0,0.0,0.0,0.0,1.0,0.0,0.0,0.0,0.0,0.0,1.0,1.0,2825,54,511,282.5,240.8601484494916,282.5,0.0011133909225463,10,1.0,52212.25
20.0,6,64.0,885.1917354325391,0.0,0.0,0.5,0.5,0.5,0.0,0.0,5,0,0,5,0,0.0112969875335693,0.0,1.0,0.0,0.0,0.0,0.0,0.0,1.0,0.0,0.0,0.0,0.0,0.0,1.0,1.0,2825,54,511,282.5,240.8601484494916,282.5,0.0011313915252685,10,1.0,52212.25
20.0,6,64.0,570.1183922576085,0.0,0.0,0.6,0.4,0.4,0.0,0.0,4,0,0,6,0,0.0175402164459228,0.0,1.0,0.0,0.0,0.0,0.0,0.0,1.0,0.0,0.0,0.0,0.0,0.0,1.0,1.0,2110,54,368,211.0,165.4925308821452,211.0,0.0017556190490722,10,0.9941730673801508,24649.0
20.0,6,64.0,768.5253591322193,0.0,0.0,0.6,0.4,0.4,0.0,0.0,4,0,0,6,0,0.0130119323730468,0.0,1.0,0.0,0.0,0.0,0.0,0.0,1.0,0.0,0.0,0.0,0.0,0.0,1.0,1.0,2742,54,370,274.2,151.9545253612994,274.2,0.0014928817749023,10,0.988658225451179,21957.135802469136
20.0,6,64.0,728.7471114586048,0.0,0.0,0.6,0.4,0.4,0.0,0.0,4,0,0,6,0,0.0137221813201904,0.0,1.0,0.0,0.0,0.0,0.0,0.0,1.0,0.0,0.0,0.0,0.0,0.0,1.0,1.0,2436,54,370,243.6,163.1816983202058,243.6,0.001373815536499,10,0.9932317266277192,24964.0
20.0,6,64.0,484.806565335491,0.0,0.0,0.7,0.3,0.3,0.0,0.0,3,0,0,7,0,0.0206267833709716,0.0,1.0,0.0,0.0,0.0,0.0,0.0,1.0,0.0,0.0,0.0,0.0,0.0,1.0,1.0,1220,54,370,122.0,130.8298301017182,122.0,0.0020651817321777,10,0.980052869590236,24964.0
20.0,6,64.0,395.8197518048413,0.0,0.0,0.7,0.3,0.3,0.0,0.0,3,0,0,7,0,0.025264024734497,0.0,1.0,0.0,0.0,0.0,0.0,0.0,1.0,0.0,0.0,0.0,0.0,0.0,1.0,1.0,626,54,68,62.6,5.966573556070519,62.6,0.0026950120925903,10,0.9291885734038008,36.0
20.0,6,64.0,1458.1275856075092,0.0,0.0,0.9,0.1,0.1,0.0,0.0,1,0,0,9,0,0.0068581104278564,0.0,1.0,0.0,0.0,0.0,0.0,0.0,1.0,0.0,0.0,0.0,0.0,0.0,1.0,1.0,666,54,68,66.6,4.427188724235731,66.6,0.0006879091262817,10,0.9285614895987048,19.358024691358025
20.0,6,64.0,489.9086597986311,0.0,0.0,1.0,0.0,0.0,0.0,0.0,0,0,0,10,0,0.0204119682312011,0.0,1.0,0.0,0.0,0.0,0.0,0.0,1.0,0.0,0.0,0.0,0.0,0.0,1.0,1.0,640,64,64,64.0,0.0,64.0,0.0032013893127441,10,0.0,0.0
20.0,6,64.0,522.3032476588962,0.0,0.0,1.0,0.0,0.0,0.0,0.0,0,0,0,10,0,0.0191459655761718,0.0,1.0,0.0,0.0,0.0,0.0,0.0,1.0,0.0,0.0,0.0,0.0,0.0,1.0,1.0,660,66,66,66.0,0.0,66.0,0.0020570039749145,10,0.0,0.0
20.0,6,64.0,542.5656813918893,0.0,0.0,1.0,0.0,0.0,0.0,0.0,0,0,0,10,0,0.0184309482574462,0.0,1.0,0.0,0.0,0.0,0.0,0.0,1.0,0.0,0.0,0.0,0.0,0.0,1.0,1.0,660,66,66,66.0,0.0,66.0,0.0029363870620727,10,0.0,0.0
20.0,6,64.0,495.58730046199474,0.0,0.0,1.0,0.0,0.0,0.0,0.0,0,0,0,10,0,0.0201780796051025,0.0,1.0,0.0,0.0,0.0,0.0,0.0,1.0,0.0,0.0,0.0,0.0,0.0,1.0,1.0,670,67,67,67.0,0.0,67.0,0.0022683143615722,10,0.0,0.0
20.0,6,64.0,463.2184390427071,0.0,0.0,0.7,0.3,0.3,0.0,0.0,3,0,0,7,0,0.0215880870819091,0.0,1.0,0.0,0.0,0.0,0.0,0.0,1.0,0.0,0.0,0.0,0.0,0.0,1.0,1.0,624,54,66,62.4,5.796550698475775,62.4,0.0031991004943847,10,0.9291193128925312,34.56
20.0,6,64.0,1343.2088644078651,0.0,0.0,0.7,0.3,0.3,0.0,0.0,3,0,0,7,0,0.0074448585510253,0.0,1.0,0.0,0.0,0.0,0.0,0.0,1.0,0.0,0.0,0.0,0.0,0.0,1.0,1.0,646,54,68,64.6,5.660781257427675,64.6,0.0007464885711669,10,0.9290640058530256,32.4375
20.0,6,64.0,307.13551353963766,0.0,0.0,0.8,0.2,0.2,0.0,0.0,2,0,0,8,0,0.0325589179992675,0.0,1.0,0.0,0.0,0.0,0.0,0.0,1.0,0.0,0.0,0.0,0.0,0.0,1.0,1.0,634,54,68,63.4,6.535373831014651,63.4,0.0032612085342407,10,0.9294202798838022,49.0
20.0,6,64.0,865.2866544261753,0.0,0.0,1.0,0.0,0.0,0.0,0.0,0,0,0,10,0,0.01155686378479,0.0,1.0,0.0,0.0,0.0,0.0,0.0,1.0,0.0,0.0,0.0,0.0,0.0,1.0,1.0,664,66,68,66.4,0.8432740427115678,66.4,0.0011570930480957,10,0.0,0.64
20.0,6,64.0,350.07962607461815,0.0,0.0,0.9,0.1,0.1,0.0,0.0,1,0,0,9,0,0.0285649299621582,0.0,1.0,0.0,0.0,0.0,0.0,0.0,1.0,0.0,0.0,0.0,0.0,0.0,1.0,1.0,672,64,68,67.2,1.6865480854231356,67.2,0.0033175945281982,10,0.910403762228078,2.56
20.0,6,64.0,942.8580420366416,0.0,0.0,0.6,0.4,0.4,0.0,0.0,4,0,0,6,0,0.010606050491333,0.0,1.0,0.0,0.0,0.0,0.0,0.0,1.0,0.0,0.0,0.0,0.0,0.0,1.0,1.0,590,54,64,59.0,5.270462766947299,59.0,0.0010630130767822,10,0.9289050057127436,25.0
20.0,6,64.0,673.4916582365881,0.0,0.0,0.5,0.5,0.5,0.0,0.0,5,0,0,5,0,0.014847993850708,0.0,1.0,0.0,0.0,0.0,0.0,0.0,1.0,0.0,0.0,0.0,0.0,0.0,1.0,1.0,606,54,66,60.6,5.738757124441958,60.6,0.0016747951507568,10,0.9290957701022128,29.64
20.0,6,64.0,1109.9859740122265,0.0,0.0,0.6,0.4,0.4,0.0,0.0,4,0,0,6,0,0.0090091228485107,0.0,1.0,0.0,0.0,0.0,0.0,0.0,1.0,0.0,0.0,0.0,0.0,0.0,1.0,1.0,600,54,66,60.0,6.324555320336759,60.0,0.0009030103683471,10,0.9293344008552924,36.0
20.0,6,64.0,553.0026632914063,0.0,0.0,0.5,0.5,0.5,0.0,0.0,5,0,0,5,0,0.0180830955505371,0.0,1.0,0.0,0.0,0.0,0.0,0.0,1.0,0.0,0.0,0.0,0.0,0.0,1.0,1.0,600,54,66,60.0,6.324555320336759,60.0,0.0020144939422607,10,0.9293344008552924,36.0
20.0,6,64.0,1120.5728025647877,0.0,0.0,0.6,0.4,0.4,0.0,0.0,4,0,0,6,0,0.0089240074157714,0.0,1.0,0.0,0.0,0.0,0.0,0.0,1.0,0.0,0.0,0.0,0.0,0.0,1.0,1.0,612,54,66,61.2,6.196773353931867,61.2,0.0012945890426635,10,0.9292823475934576,36.0
20.0,6,64.0,853.1771119383251,0.0,0.0,0.6,0.4,0.4,0.0,0.0,4,0,0,6,0,0.0117208957672119,0.0,1.0,0.0,0.0,0.0,0.0,0.0,1.0,0.0,0.0,0.0,0.0,0.0,1.0,1.0,622,54,68,62.2,7.083627444874398,62.2,0.0014539003372192,10,0.929643616475944,45.16
20.0,6,64.0,1202.8057698374007,0.0,0.0,0.5,0.5,0.5,0.0,0.0,5,0,0,5,0,0.0083138942718505,0.0,1.0,0.0,0.0,0.0,0.0,0.0,1.0,0.0,0.0,0.0,0.0,0.0,1.0,1.0,610,54,68,61.0,7.378647873726218,61.0,0.0010473012924194,10,0.9297637959978412,49.0
20.0,6,64.0,568.6729215250285,0.0,0.0,1.0,0.0,0.0,0.0,0.0,0,0,0,10,0,0.0175848007202148,0.0,1.0,0.0,0.0,0.0,0.0,0.0,1.0,0.0,0.0,0.0,0.0,0.0,1.0,1.0,640,64,64,64.0,0.0,64.0,0.0035125970840454,10,0.0,0.0
20.0,6,64.0,1109.6335881901637,0.0,0.0,1.0,0.0,0.0,0.0,0.0,0,0,0,10,0,0.0090119838714599,0.0,1.0,0.0,0.0,0.0,0.0,0.0,1.0,0.0,0.0,0.0,0.0,0.0,1.0,1.0,660,66,66,66.0,0.0,66.0,0.0011586189270019,10,0.0,0.0
20.0,6,64.0,556.0230134952409,0.0,0.0,1.0,0.0,0.0,0.0,0.0,0,0,0,10,0,0.0179848670959472,0.0,1.0,0.0,0.0,0.0,0.0,0.0,1.0,0.0,0.0,0.0,0.0,0.0,1.0,1.0,660,66,66,66.0,0.0,66.0,0.0032935857772827,10,0.0,0.0
20.0,6,64.0,487.6870843216595,0.0,0.0,1.0,0.0,0.0,0.0,0.0,0,0,0,10,0,0.0205049514770507,0.0,1.0,0.0,0.0,0.0,0.0,0.0,1.0,0.0,0.0,0.0,0.0,0.0,1.0,1.0,680,68,68,68.0,0.0,68.0,0.00225191116333,10,0.0,0.0
20.0,6,64.0,1236.8564772492705,0.0,0.0,0.5,0.5,0.5,0.0,0.0,5,0,0,5,0,0.008085012435913,0.0,1.0,0.0,0.0,0.0,0.0,0.0,1.0,0.0,0.0,0.0,0.0,0.0,1.0,1.0,6395,54,1225,639.5,617.1711900095287,639.5,0.0017464876174926,10,1.0,342810.25
20.0,6,64.0,469.4818612252208,0.0,0.0,0.5,0.5,0.5,0.0,0.0,5,0,0,5,0,0.0213000774383544,0.0,1.0,0.0,0.0,0.0,0.0,0.0,1.0,0.0,0.0,0.0,0.0,0.0,1.0,1.0,6395,54,1225,639.5,617.1711900095287,639.5,0.0024403095245361,10,1.0,342810.25
20.0,6,64.0,3401.4305409131457,0.0,0.0,0.5,0.5,0.5,0.0,0.0,5,0,0,5,0,0.0029399394989013,0.0,1.0,0.0,0.0,0.0,0.0,0.0,1.0,0.0,0.0,0.0,0.0,0.0,1.0,1.0,7578,54,1227,757.8,605.73459534684,757.8,0.002266788482666,10,1.0,339735.5555555556
20.0,6,64.0,576.9648949048091,0.0,0.0,0.5,0.5,0.5,0.0,0.0,5,0,0,5,0,0.0173320770263671,0.0,1.0,0.0,0.0,0.0,0.0,0.0,1.0,0.0,0.0,0.0,0.0,0.0,1.0,1.0,5242,54,1227,524.2,604.8815862078571,524.2,0.0017353057861328,10,1.0,343982.25
20.0,6,64.0,4642.798317467345,0.0,0.0,0.6,0.4,0.4,0.0,0.0,4,0,0,6,0,0.0021538734436035,0.0,1.0,0.0,0.0,0.0,0.0,0.0,1.0,0.0,0.0,0.0,0.0,0.0,1.0,1.0,590,54,64,59.0,5.270462766947299,59.0,0.0002511978149414,10,0.9289050057127436,25.0
20.0,6,64.0,1368.7641549456646,0.0,0.0,0.5,0.5,0.5,0.0,0.0,5,0,0,5,0,0.0073058605194091,0.0,1.0,0.0,0.0,0.0,0.0,0.0,1.0,0.0,0.0,0.0,0.0,0.0,1.0,1.0,604,54,66,60.4,5.561774297230456,60.4,0.0007622957229614,10,0.9290236743777198,27.84
20.0,6,64.0,820.6104241665363,0.0,0.0,0.5,0.5,0.5,0.0,0.0,5,0,0,5,0,0.012186050415039,0.0,1.0,0.0,0.0,0.0,0.0,0.0,1.0,0.0,0.0,0.0,0.0,0.0,1.0,1.0,600,54,66,60.0,6.324555320336759,60.0,0.0012206077575683,10,0.9293344008552924,36.0
20.0,6,64.0,847.5224797429731,0.0,0.0,0.6,0.4,0.4,0.0,0.0,4,0,0,6,0,0.0117990970611572,0.0,1.0,0.0,0.0,0.0,0.0,0.0,1.0,0.0,0.0,0.0,0.0,0.0,1.0,1.0,600,54,66,60.0,6.324555320336759,60.0,0.0011816024780273,10,0.9293344008552924,36.0
20.0,6,64.0,746.6097048666738,0.0,0.0,0.6,0.4,0.4,0.0,0.0,4,0,0,6,0,0.0133938789367675,0.0,1.0,0.0,0.0,0.0,0.0,0.0,1.0,0.0,0.0,0.0,0.0,0.0,1.0,1.0,624,54,66,62.4,5.796550698475775,62.4,0.0014771938323974,10,0.9291193128925312,34.56
20.0,6,64.0,981.7437914004166,0.0,0.0,0.5,0.5,0.5,0.0,0.0,5,0,0,5,0,0.010185956954956,0.0,1.0,0.0,0.0,0.0,0.0,0.0,1.0,0.0,0.0,0.0,0.0,0.0,1.0,1.0,608,54,68,60.8,7.192588778272627,60.8,0.0010210990905761,10,0.9296880029647172,46.56
20.0,6,64.0,743.6049995567769,0.0,0.0,0.7,0.3,0.3,0.0,0.0,3,0,0,7,0,0.0134479999542236,0.0,1.0,0.0,0.0,0.0,0.0,0.0,1.0,0.0,0.0,0.0,0.0,0.0,1.0,1.0,624,54,68,62.4,7.229568912920511,62.4,0.0013463973999023,10,0.9297030671923672,49.0
20.0,6,64.0,6179.908648887579,0.0,0.0,0.5,0.5,0.5,0.0,0.0,5,0,0,5,0,0.0016181468963623,0.0,1.0,0.0,0.0,0.0,0.0,0.0,1.0,0.0,0.0,0.0,0.0,0.0,1.0,1.0,612,54,66,61.2,6.196773353931867,61.2,0.0020562171936035,10,0.9292823475934576,36.0
20.0,6,64.0,684.5049367605059,0.0,0.0,0.5,0.5,0.5,0.0,0.0,5,0,0,5,0,0.0146090984344482,0.0,1.0,0.0,0.0,0.0,0.0,0.0,1.0,0.0,0.0,0.0,0.0,0.0,1.0,1.0,602,54,68,60.2,6.562519841239848,60.2,0.0014622926712036,10,0.9294313380825274,38.76
20.0,6,64.0,868.0444545623875,0.0,0.0,0.5,0.5,0.5,0.0,0.0,5,0,0,5,0,0.0115201473236083,0.0,1.0,0.0,0.0,0.0,0.0,0.0,1.0,0.0,0.0,0.0,0.0,0.0,1.0,1.0,610,54,68,61.0,7.378647873726218,61.0,0.0011543035507202,10,0.9297637959978412,49.0
20.0,6,64.0,618.7384197793119,0.0,0.0,0.6,0.4,0.4,0.0,0.0,4,0,0,6,0,0.0161619186401367,0.0,1.0,0.0,0.0,0.0,0.0,0.0,1.0,0.0,0.0,0.0,0.0,0.0,1.0,1.0,698,54,156,69.8,31.076250310057247,69.8,0.0016177892684936,10,0.9394172513263048,934.9135802469136
20.0,6,64.0,1141.0277755107593,0.0,0.0,0.5,0.5,0.5,0.0,0.0,5,0,0,5,0,0.0087640285491943,0.0,1.0,0.0,0.0,0.0,0.0,0.0,1.0,0.0,0.0,0.0,0.0,0.0,1.0,1.0,1050,54,156,105.0,53.75872022286245,105.0,0.0011180162429809,10,0.9486571822699852,2601.0
20.0,6,64.0,569.4449875095037,0.0,0.0,0.5,0.5,0.5,0.0,0.0,5,0,0,5,0,0.0175609588623046,0.0,1.0,0.0,0.0,0.0,0.0,0.0,1.0,0.0,0.0,0.0,0.0,0.0,1.0,1.0,1156,54,158,115.6,53.02242712077389,115.6,0.0019826889038085,10,0.9483572459119184,2601.0
20.0,6,64.0,2182.9416050796294,0.0,0.0,0.5,0.5,0.5,0.0,0.0,5,0,0,5,0,0.0045809745788574,0.0,1.0,0.0,0.0,0.0,0.0,0.0,1.0,0.0,0.0,0.0,0.0,0.0,1.0,1.0,1060,54,158,106.0,54.81281277625191,106.0,0.0004597902297973,10,0.949086577412534,2704.0
20.0,6,64.0,462.83507316104254,0.0,0.0,0.8,0.2,0.2,0.0,0.0,2,0,0,8,0,0.0216059684753417,0.0,1.0,0.0,0.0,0.0,0.0,0.0,1.0,0.0,0.0,0.0,0.0,0.0,1.0,1.0,900,54,158,90.0,47.215816559002064,90.0,0.002162218093872,10,0.9459918650334752,2704.0
20.0,6,64.0,494.0229208136536,0.0,0.0,1.0,0.0,0.0,0.0,0.0,0,0,0,10,0,0.0202419757843017,0.0,1.0,0.0,0.0,0.0,0.0,0.0,1.0,0.0,0.0,0.0,0.0,0.0,1.0,1.0,668,66,68,66.8,1.0327955589886444,66.8,0.0022598981857299,10,0.9067291895989096,0.96
20.0,6,64.0,381.5466346459988,0.0,0.0,0.9,0.1,0.1,0.0,0.0,1,0,0,9,0,0.0262091159820556,0.0,1.0,0.0,0.0,0.0,0.0,0.0,1.0,0.0,0.0,0.0,0.0,0.0,1.0,1.0,660,54,68,66.0,4.320493798938574,66.0,0.0027667045593261,10,0.9285180263539357,21.0
20.0,6,64.0,1122.1017148666365,0.0,0.0,0.5,0.5,0.5,0.0,0.0,5,0,0,5,0,0.0089118480682373,0.0,1.0,0.0,0.0,0.0,0.0,0.0,1.0,0.0,0.0,0.0,0.0,0.0,1.0,1.0,600,54,66,60.0,6.324555320336759,60.0,0.0012483835220336,10,0.9293344008552924,36.0
20.0,6,64.0,891.7410439034761,0.0,0.0,0.6,0.4,0.4,0.0,0.0,4,0,0,6,0,0.0112140178680419,0.0,1.0,0.0,0.0,0.0,0.0,0.0,1.0,0.0,0.0,0.0,0.0,0.0,1.0,1.0,620,54,68,62.0,6.928203230275509,62.0,0.0012729167938232,10,0.9295803028678852,43.55555555555556
20.0,6,64.0,926.017574071621,0.0,0.0,0.5,0.5,0.5,0.0,0.0,5,0,0,5,0,0.0107989311218261,0.0,1.0,0.0,0.0,0.0,0.0,0.0,1.0,0.0,0.0,0.0,0.0,0.0,1.0,1.0,610,54,68,61.0,7.378647873726218,61.0,0.0012838840484619,10,0.9297637959978412,49.0
20.0,6,64.0,246.85881099660403,0.0,0.0,0.6,0.4,0.4,0.0,0.0,4,0,0,6,0,0.0405089855194091,0.0,1.0,0.0,0.0,0.0,0.0,0.0,1.0,0.0,0.0,0.0,0.0,0.0,1.0,1.0,604,54,68,60.4,5.641118880348314,60.4,0.0041532039642333,10,0.9290559961870988,49.0
20.0,6,64.0,1103.8804084640487,0.0,0.0,0.6,0.4,0.4,0.0,0.0,4,0,0,6,0,0.0090589523315429,0.0,1.0,0.0,0.0,0.0,0.0,0.0,1.0,0.0,0.0,0.0,0.0,0.0,1.0,1.0,614,54,66,61.4,5.168279318217149,61.4,0.0009471893310546,10,0.9288633802630688,24.09876543209877
20.0,6,64.0,922.5955743258106,0.0,0.0,0.5,0.5,0.5,0.0,0.0,5,0,0,5,0,0.0108389854431152,0.0,1.0,0.0,0.0,0.0,0.0,0.0,1.0,0.0,0.0,0.0,0.0,0.0,1.0,1.0,600,54,66,60.0,6.324555320336759,60.0,0.0010857105255126,10,0.9293344008552924,36.0
20.0,6,64.0,661.7604644925135,0.0,0.0,0.8,0.2,0.2,0.0,0.0,2,0,0,8,0,0.0151112079620361,0.0,1.0,0.0,0.0,0.0,0.0,0.0,1.0,0.0,0.0,0.0,0.0,0.0,1.0,1.0,660,54,75,66.0,9.16515138991168,66.0,0.0015180110931396,10,0.9304915460701944,75.6
20.0,6,64.0,510.9085815214081,0.0,0.0,1.0,0.0,0.0,0.0,0.0,0,0,0,10,0,0.0195729732513427,0.0,1.0,0.0,0.0,0.0,0.0,0.0,1.0,0.0,0.0,0.0,0.0,0.0,1.0,1.0,758,75,77,75.8,1.0327955589886444,75.8,0.0022031784057617,10,0.8913920195989098,0.96
20.0,6,64.0,684.3150819030216,0.0,0.0,0.8,0.2,0.2,0.0,0.0,2,0,0,8,0,0.0146131515502929,0.0,1.0,0.0,0.0,0.0,0.0,0.0,1.0,0.0,0.0,0.0,0.0,0.0,1.0,1.0,702,54,77,70.2,9.647106647418523,70.2,0.0016532182693481,10,0.9306878753638924,83.76
20.0,6,64.0,979.908884891246,0.0,0.0,0.6,0.4,0.4,0.0,0.0,4,0,0,6,0,0.0102050304412841,0.0,1.0,0.0,0.0,0.0,0.0,0.0,1.0,0.0,0.0,0.0,0.0,0.0,1.0,1.0,612,54,66,61.2,6.196773353931867,61.2,0.0012501955032348,10,0.9292823475934576,34.56
20.0,6,64.0,935.1848383500558,0.0,0.0,0.6,0.4,0.4,0.0,0.0,4,0,0,6,0,0.010693073272705,0.0,1.0,0.0,0.0,0.0,0.0,0.0,1.0,0.0,0.0,0.0,0.0,0.0,1.0,1.0,620,54,68,62.0,6.928203230275509,62.0,0.0013050079345703,10,0.9295803028678852,43.55555555555556
20.0,6,64.0,401.29968043781935,0.0,0.0,0.6,0.4,0.4,0.0,0.0,4,0,0,6,0,0.0249190330505371,0.0,1.0,0.0,0.0,0.0,0.0,0.0,1.0,0.0,0.0,0.0,0.0,0.0,1.0,1.0,636,54,68,63.6,6.65331997326648,63.6,0.0026865005493164,10,0.92946832642431,47.04
20.0,6,64.0,1119.3168232280102,0.0,0.0,0.5,0.5,0.5,0.0,0.0,5,0,0,5,0,0.0089340209960937,0.0,1.0,0.0,0.0,0.0,0.0,0.0,1.0,0.0,0.0,0.0,0.0,0.0,1.0,1.0,600,54,66,60.0,6.324555320336759,60.0,0.0008976936340332,10,0.9293344008552924,36.0
20.0,6,64.0,597.3345486135836,0.0,0.0,0.5,0.5,0.5,0.0,0.0,5,0,0,5,0,0.0167410373687744,0.0,1.0,0.0,0.0,0.0,0.0,0.0,1.0,0.0,0.0,0.0,0.0,0.0,1.0,1.0,602,54,68,60.2,6.562519841239848,60.2,0.0016767024993896,10,0.9294313380825274,38.76
20.0,6,64.0,1475.7763625488196,0.0,0.0,0.6,0.4,0.4,0.0,0.0,4,0,0,6,0,0.0067760944366455,0.0,1.0,0.0,0.0,0.0,0.0,0.0,1.0,0.0,0.0,0.0,0.0,0.0,1.0,1.0,610,54,68,61.0,7.378647873726218,61.0,0.0006808996200561,10,0.9297637959978412,49.0
20.0,6,64.0,482.9754844950082,0.0,0.0,0.7,0.3,0.3,0.0,0.0,3,0,0,7,0,0.0207049846649169,0.0,1.0,0.0,0.0,0.0,0.0,0.0,1.0,0.0,0.0,0.0,0.0,0.0,1.0,1.0,632,54,68,63.2,6.408327915038888,63.2,0.0022042989730834,10,0.9293685264594702,49.0
20.0,6,64.0,437.7137013034449,0.0,0.0,1.0,0.0,0.0,0.0,0.0,0,0,0,10,0,0.022845983505249,0.0,1.0,0.0,0.0,0.0,0.0,0.0,1.0,0.0,0.0,0.0,0.0,0.0,1.0,1.0,666,66,68,66.6,0.966091783079296,66.6,0.002491283416748,10,0.0,0.8400000000000001
20.0,6,64.0,401.38032670794377,0.0,0.0,0.8,0.2,0.2,0.0,0.0,2,0,0,8,0,0.0249140262603759,0.0,1.0,0.0,0.0,0.0,0.0,0.0,1.0,0.0,0.0,0.0,0.0,0.0,1.0,1.0,658,54,68,65.8,4.467164151400255,65.8,0.0024943113327026,10,0.9285777739887144,19.55555555555556
20.0,6,64.0,881.5266918873476,0.0,0.0,0.5,0.5,0.5,0.0,0.0,5,0,0,5,0,0.0113439559936523,0.0,1.0,0.0,0.0,0.0,0.0,0.0,1.0,0.0,0.0,0.0,0.0,0.0,1.0,1.0,590,54,64,59.0,5.270462766947299,59.0,0.0011363983154296,10,0.9289050057127436,25.0
20.0,6,64.0,776.7661166361094,0.0,0.0,0.5,0.5,0.5,0.0,0.0,5,0,0,5,0,0.012873888015747,0.0,1.0,0.0,0.0,0.0,0.0,0.0,1.0,0.0,0.0,0.0,0.0,0.0,1.0,1.0,594,54,66,59.4,5.738757124441959,59.4,0.0012897014617919,10,0.9290957701022128,29.64
20.0,6,64.0,866.6275465928344,0.0,0.0,0.6,0.4,0.4,0.0,0.0,4,0,0,6,0,0.0115389823913574,0.0,1.0,0.0,0.0,0.0,0.0,0.0,1.0,0.0,0.0,0.0,0.0,0.0,1.0,1.0,600,54,66,60.0,6.324555320336759,60.0,0.0011575937271118,10,0.9293344008552924,36.0
20.0,6,64.0,740.4151955938427,0.0,0.0,0.5,0.5,0.5,0.0,0.0,5,0,0,5,0,0.0135059356689453,0.0,1.0,0.0,0.0,0.0,0.0,0.0,1.0,0.0,0.0,0.0,0.0,0.0,1.0,1.0,614,54,73,61.4,8.208396784864739,61.4,0.0015059947967529,10,0.9301018025142824,60.64
20.0,6,64.0,1182.5933966786026,0.0,0.0,0.5,0.5,0.5,0.0,0.0,5,0,0,5,0,0.0084559917449951,0.0,1.0,0.0,0.0,0.0,0.0,0.0,1.0,0.0,0.0,0.0,0.0,0.0,1.0,1.0,635,54,73,63.5,10.013879257199868,63.5,0.0010714054107666,10,0.9308372838542128,90.25
20.0,6,64.0,728.3421605570702,0.0,0.0,0.6,0.4,0.4,0.0,0.0,4,0,0,6,0,0.0137298107147216,0.0,1.0,0.0,0.0,0.0,0.0,0.0,1.0,0.0,0.0,0.0,0.0,0.0,1.0,1.0,660,54,75,66.0,10.36018017861337,66.0,0.0015908956527709,10,0.93097835299756,97.33333333333331
20.0,6,64.0,1684.9331137267504,0.0,0.0,0.5,0.5,0.5,0.0,0.0,5,0,0,5,0,0.0059349536895751,0.0,1.0,0.0,0.0,0.0,0.0,0.0,1.0,0.0,0.0,0.0,0.0,0.0,1.0,1.0,645,54,75,64.5,11.067971810589327,64.5,0.0007388114929199,10,0.9312666789967616,110.25
20.0,6,64.0,386.0238923555506,0.0,0.0,0.8,0.2,0.2,0.0,0.0,2,0,0,8,0,0.0259051322937011,0.0,1.0,0.0,0.0,0.0,0.0,0.0,1.0,0.0,0.0,0.0,0.0,0.0,1.0,1.0,654,54,75,65.4,7.042726744663605,65.4,0.0028110027313232,10,0.929626955166706,110.25
20.0,6,64.0,516.6353390404631,0.0,0.0,1.0,0.0,0.0,0.0,0.0,0,0,0,10,0,0.0193560123443603,0.0,1.0,0.0,0.0,0.0,0.0,0.0,1.0,0.0,0.0,0.0,0.0,0.0,1.0,1.0,672,66,68,67.2,1.0327955589886444,67.2,0.0020572900772094,10,0.9067291895989096,1.0
20.0,6,64.0,399.537431295783,0.0,0.0,0.7,0.3,0.3,0.0,0.0,3,0,0,7,0,0.0250289440155029,0.0,1.0,0.0,0.0,0.0,0.0,0.0,1.0,0.0,0.0,0.0,0.0,0.0,1.0,1.0,6004,54,1406,600.4,693.3710246165308,600.4,0.0027470111846923,10,1.0,432687.0399999999
20.0,6,64.0,741.9476039695035,0.0,0.0,0.6,0.4,0.4,0.0,0.0,4,0,0,6,0,0.0134780406951904,0.0,1.0,0.0,0.0,0.0,0.0,0.0,1.0,0.0,0.0,0.0,0.0,0.0,1.0,1.0,8652,54,1406,865.2,698.1697978763237,865.2,0.0013506889343261,10,1.0,456976.0
20.0,6,64.0,945.0036049026676,0.0,0.0,0.6,0.4,0.4,0.0,0.0,4,0,0,6,0,0.0105819702148437,0.0,1.0,0.0,0.0,0.0,0.0,0.0,1.0,0.0,0.0,0.0,0.0,0.0,1.0,1.0,7300,54,1406,730.0,712.5665660912748,730.0,0.001061201095581,10,1.0,456976.0
20.0,6,64.0,559.5986764862846,0.0,0.0,0.6,0.4,0.4,0.0,0.0,4,0,0,6,0,0.0178699493408203,0.0,1.0,0.0,0.0,0.0,0.0,0.0,1.0,0.0,0.0,0.0,0.0,0.0,1.0,1.0,7312,54,1406,731.2,711.3106525593754,731.2,0.0020113945007324,10,1.0,456976.0
20.0,6,64.0,559.4717816697569,0.0,0.0,0.9,0.1,0.1,0.0,0.0,1,0,0,9,0,0.017874002456665,0.0,1.0,0.0,0.0,0.0,0.0,0.0,1.0,0.0,0.0,0.0,0.0,0.0,1.0,1.0,648,54,66,64.8,3.794733192202055,64.8,0.0019759178161621,10,0.9283038525131756,14.22222222222222
20.0,6,64.0,547.4306298780965,0.0,0.0,0.8,0.2,0.2,0.0,0.0,2,0,0,8,0,0.0182671546936035,0.0,1.0,0.0,0.0,0.0,0.0,0.0,1.0,0.0,0.0,0.0,0.0,0.0,1.0,1.0,652,54,68,65.2,5.902918298980975,65.2,0.0020488023757934,10,0.9291626427982728,43.55555555555557
20.0,6,64.0,498.3311749260399,0.0,0.0,0.7,0.3,0.3,0.0,0.0,3,0,0,7,0,0.0200669765472412,0.0,1.0,0.0,0.0,0.0,0.0,0.0,1.0,0.0,0.0,0.0,0.0,0.0,1.0,1.0,748,54,90,74.8,16.817979796766448,74.8,0.0020079851150512,10,0.9336090022500108,254.56
20.0,6,64.0,770.4735662588633,0.0,0.0,0.7,0.3,0.3,0.0,0.0,3,0,0,7,0,0.0129790306091308,0.0,1.0,0.0,0.0,0.0,0.0,0.0,1.0,0.0,0.0,0.0,0.0,0.0,1.0,1.0,796,54,92,79.6,17.68363964547771,79.6,0.0014974117279052,10,0.9339616374459818,281.44
20.0,6,64.0,742.3284131535166,0.0,0.0,0.7,0.3,0.3,0.0,0.0,3,0,0,7,0,0.0134711265563964,0.0,1.0,0.0,0.0,0.0,0.0,0.0,1.0,0.0,0.0,0.0,0.0,0.0,1.0,1.0,806,54,92,80.6,18.355743878506622,80.6,0.0015944957733154,10,0.9342354258263484,320.88888888888886
20.0,6,64.0,386.6074292561526,0.0,0.0,0.9,0.1,0.1,0.0,0.0,1,0,0,9,0,0.0258660316467285,0.0,1.0,0.0,0.0,0.0,0.0,0.0,1.0,0.0,0.0,0.0,0.0,0.0,1.0,1.0,674,54,92,67.4,9.430447143870396,67.4,0.0027843952178955,10,0.9305996169485272,361.0
20.0,6,64.0,495.39413696170834,0.0,0.0,1.0,0.0,0.0,0.0,0.0,0,0,0,10,0,0.0201859474182128,0.0,1.0,0.0,0.0,0.0,0.0,0.0,1.0,0.0,0.0,0.0,0.0,0.0,1.0,1.0,668,66,67,66.8,0.4216370213557839,66.8,0.002187705039978,10,0.0,0.25
20.0,6,64.0,359.1044443873664,0.0,0.0,1.0,0.0,0.0,0.0,0.0,0,0,0,10,0,0.0278470516204834,0.0,1.0,0.0,0.0,0.0,0.0,0.0,1.0,0.0,0.0,0.0,0.0,0.0,1.0,1.0,646,64,67,64.6,1.264911064067351,64.6,0.0030677080154418,10,0.9102320041710584,2.25
20.0,6,64.0,406.8347947544037,0.0,0.0,1.0,0.0,0.0,0.0,0.0,0,0,0,10,0,0.0245800018310546,0.0,1.0,0.0,0.0,0.0,0.0,0.0,1.0,0.0,0.0,0.0,0.0,0.0,1.0,1.0,656,64,66,65.6,0.8432740427115678,65.6,0.0025024890899658,10,0.0,1.0
20.0,6,64.0,515.0429785352915,0.0,0.0,0.6,0.4,0.4,0.0,0.0,4,0,0,6,0,0.0194158554077148,0.0,1.0,0.0,0.0,0.0,0.0,0.0,1.0,0.0,0.0,0.0,0.0,0.0,1.0,1.0,624,54,66,62.4,5.796550698475775,62.4,0.001942491531372,10,0.9291193128925312,32.0
20.0,6,64.0,761.2719616669086,0.0,0.0,0.5,0.5,0.5,0.0,0.0,5,0,0,5,0,0.0131359100341796,0.0,1.0,0.0,0.0,0.0,0.0,0.0,1.0,0.0,0.0,0.0,0.0,0.0,1.0,1.0,600,54,66,60.0,6.324555320336759,60.0,0.0013159036636352,10,0.9293344008552924,36.0
20.0,6,64.0,714.8975626384864,0.0,0.0,0.5,0.5,0.5,0.0,0.0,5,0,0,5,0,0.0139880180358886,0.0,1.0,0.0,0.0,0.0,0.0,0.0,1.0,0.0,0.0,0.0,0.0,0.0,1.0,1.0,610,54,68,61.0,7.378647873726218,61.0,0.0014001131057739,10,0.9297637959978412,49.0
20.0,6,64.0,897.1005689352783,0.0,0.0,0.6,0.4,0.4,0.0,0.0,4,0,0,6,0,0.0111470222473144,0.0,1.0,0.0,0.0,0.0,0.0,0.0,1.0,0.0,0.0,0.0,0.0,0.0,1.0,1.0,610,54,68,61.0,7.378647873726218,61.0,0.0011170864105224,10,0.9297637959978412,49.0
20.0,6,64.0,946.6886355941768,0.0,0.0,0.5,0.5,0.5,0.0,0.0,5,0,0,5,0,0.0105631351470947,0.0,1.0,0.0,0.0,0.0,0.0,0.0,1.0,0.0,0.0,0.0,0.0,0.0,1.0,1.0,1460,54,238,146.0,96.97651491183032,146.0,0.0015452146530151,10,0.9662623831144832,8464.0
20.0,6,64.0,705.0672404518558,0.0,0.0,0.6,0.4,0.4,0.0,0.0,4,0,0,6,0,0.0141830444335937,0.0,1.0,0.0,0.0,0.0,0.0,0.0,1.0,0.0,0.0,0.0,0.0,0.0,1.0,1.0,1832,54,240,183.2,89.16003090573214,183.2,0.0014961004257202,10,0.9630782601897592,8464.0
20.0,6,64.0,812.6763674410494,0.0,0.0,0.7,0.3,0.3,0.0,0.0,3,0,0,7,0,0.0123050212860107,0.0,1.0,0.0,0.0,0.0,0.0,0.0,1.0,0.0,0.0,0.0,0.0,0.0,1.0,1.0,1656,54,240,165.6,96.04998698594392,165.6,0.0012337923049926,10,0.965884952698594,8649.0
20.0,6,64.0,621.5441154678284,0.0,0.0,0.5,0.5,0.5,0.0,0.0,5,0,0,5,0,0.0160889625549316,0.0,1.0,0.0,0.0,0.0,0.0,0.0,1.0,0.0,0.0,0.0,0.0,0.0,1.0,1.0,942,54,240,94.2,76.97878495620293,94.2,0.001779294013977,10,0.9581161078397588,8649.0
20.0,6,64.0,1156.9855456250689,0.0,0.0,0.5,0.5,0.5,0.0,0.0,5,0,0,5,0,0.0086431503295898,0.0,1.0,0.0,0.0,0.0,0.0,0.0,1.0,0.0,0.0,0.0,0.0,0.0,1.0,1.0,590,54,64,59.0,5.270462766947299,59.0,0.0011762142181396,10,0.9289050057127436,25.0
20.0,6,64.0,979.3368824133744,0.0,0.0,0.5,0.5,0.5,0.0,0.0,5,0,0,5,0,0.0102109909057617,0.0,1.0,0.0,0.0,0.0,0.0,0.0,1.0,0.0,0.0,0.0,0.0,0.0,1.0,1.0,608,54,66,60.8,5.902918298980975,60.8,0.0012573957443237,10,0.9291626427982728,31.50617283950617
20.0,6,64.0,884.4824023112124,0.0,0.0,0.5,0.5,0.5,0.0,0.0,5,0,0,5,0,0.0113060474395751,0.0,1.0,0.0,0.0,0.0,0.0,0.0,1.0,0.0,0.0,0.0,0.0,0.0,1.0,1.0,600,54,66,60.0,6.324555320336759,60.0,0.0011332035064697,10,0.9293344008552924,36.0
20.0,6,64.0,433.4436326433598,0.0,0.0,0.9,0.1,0.1,0.0,0.0,1,0,0,9,0,0.0230710506439209,0.0,1.0,0.0,0.0,0.0,0.0,0.0,1.0,0.0,0.0,0.0,0.0,0.0,1.0,1.0,636,54,66,63.6,5.059644256269407,63.6,0.0023155927658081,10,0.928819126684234,36.0
20.0,6,64.0,625.035988376425,0.0,0.0,0.9,0.1,0.1,0.0,0.0,1,0,0,9,0,0.0159990787506103,0.0,1.0,0.0,0.0,0.0,0.0,0.0,1.0,0.0,0.0,0.0,0.0,0.0,1.0,1.0,660,54,68,66.0,4.320493798938574,66.0,0.0018358945846557,10,0.9285180263539357,23.55555555555556
20.0,6,64.0,325.5966899292806,0.0,0.0,1.0,0.0,0.0,0.0,0.0,0,0,0,10,0,0.0307128429412841,0.0,1.0,0.0,0.0,0.0,0.0,0.0,1.0,0.0,0.0,0.0,0.0,0.0,1.0,1.0,7706,68,1239,770.6,604.7017997878514,770.6,0.0033051967620849,10,1.0,342810.25
20.0,6,64.0,471.2330490860269,0.0,0.0,1.0,0.0,0.0,0.0,0.0,0,0,0,10,0,0.0212209224700927,0.0,1.0,0.0,0.0,0.0,0.0,0.0,1.0,0.0,0.0,0.0,0.0,0.0,1.0,1.0,12402,1239,1241,1240.2,1.0327955589886446,1240.2,0.0023890972137451,10,0.0,1.0
20.0,6,64.0,395.08524707522463,0.0,0.0,1.0,0.0,0.0,0.0,0.0,0,0,0,10,0,0.02531099319458,0.0,1.0,0.0,0.0,0.0,0.0,0.0,1.0,0.0,0.0,0.0,0.0,0.0,1.0,1.0,5348,64,1241,534.8,607.8001864648173,534.8,0.0027173042297363,10,1.0,346332.25
20.0,6,64.0,524.1373105232245,0.0,0.0,1.0,0.0,0.0,0.0,0.0,0,0,0,10,0,0.0190789699554443,0.0,1.0,0.0,0.0,0.0,0.0,0.0,1.0,0.0,0.0,0.0,0.0,0.0,1.0,1.0,652,64,66,65.2,1.0327955589886444,65.2,0.0019695043563842,10,0.9101374495989096,1.0
20.0,6,64.0,325.0239449498628,0.0,0.0,0.9,0.1,0.1,0.0,0.0,1,0,0,9,0,0.0307669639587402,0.0,1.0,0.0,0.0,0.0,0.0,0.0,1.0,0.0,0.0,0.0,0.0,0.0,1.0,1.0,648,54,66,64.8,3.794733192202055,64.8,0.0032717943191528,10,0.9283038525131756,20.0
20.0,6,64.0,771.7778677363559,0.0,0.0,0.7,0.3,0.3,0.0,0.0,3,0,0,7,0,0.0129570960998535,0.0,1.0,0.0,0.0,0.0,0.0,0.0,1.0,0.0,0.0,0.0,0.0,0.0,1.0,1.0,628,54,68,62.8,6.124631508189787,62.8,0.001339316368103,10,0.9292529598911762,33.760000000000005
20.0,6,64.0,229.22574968438656,0.0,0.0,0.9,0.1,0.1,0.0,0.0,1,0,0,9,0,0.0436251163482666,0.0,1.0,0.0,0.0,0.0,0.0,0.0,1.0,0.0,0.0,0.0,0.0,0.0,1.0,1.0,662,54,68,66.2,4.467164151400255,66.2,0.0048178911209106,10,0.9285777739887144,21.4375
20.0,6,64.0,475.6255599024777,0.0,0.0,1.0,0.0,0.0,0.0,0.0,0,0,0,10,0,0.0210249423980712,0.0,1.0,0.0,0.0,0.0,0.0,0.0,1.0,0.0,0.0,0.0,0.0,0.0,1.0,1.0,642,64,66,64.2,0.6324555320336759,64.2,0.0021064043045043,10,0.0,0.36
20.0,6,64.0,637.2675752465169,0.0,0.0,1.0,0.0,0.0,0.0,0.0,0,0,0,10,0,0.0156919956207275,0.0,1.0,0.0,0.0,0.0,0.0,0.0,1.0,0.0,0.0,0.0,0.0,0.0,1.0,1.0,658,64,66,65.8,0.6324555320336759,65.8,0.0015699863433837,10,0.0,0.36
20.0,6,64.0,518.0775454242271,0.0,0.0,1.0,0.0,0.0,0.0,0.0,0,0,0,10,0,0.0193021297454834,0.0,1.0,0.0,0.0,0.0,0.0,0.0,1.0,0.0,0.0,0.0,0.0,0.0,1.0,1.0,642,64,66,64.2,0.6324555320336759,64.2,0.0021289110183715,10,0.0,0.36
20.0,6,64.0,405.31725324210976,0.0,0.0,0.9,0.1,0.1,0.0,0.0,1,0,0,9,0,0.0246720314025878,0.0,1.0,0.0,0.0,0.0,0.0,0.0,1.0,0.0,0.0,0.0,0.0,0.0,1.0,1.0,658,64,66,65.8,0.6324555320336759,65.8,0.0026587963104248,10,0.0,0.36
20.0,6,64.0,785.7886355546397,0.0,0.0,0.5,0.5,0.5,0.0,0.0,5,0,0,5,0,0.0127260684967041,0.0,1.0,0.0,0.0,0.0,0.0,0.0,1.0,0.0,0.0,0.0,0.0,0.0,1.0,1.0,590,54,64,59.0,5.270462766947299,59.0,0.0012762069702148,10,0.9289050057127436,25.0
20.0,6,64.0,954.6612040514397,0.0,0.0,0.5,0.5,0.5,0.0,0.0,5,0,0,5,0,0.0104749202728271,0.0,1.0,0.0,0.0,0.0,0.0,0.0,1.0,0.0,0.0,0.0,0.0,0.0,1.0,1.0,592,54,66,59.2,5.513619500836088,59.2,0.0010491847991943,10,0.9290040580398606,27.360000000000003
20.0,6,64.0,869.6282473927557,0.0,0.0,0.5,0.5,0.5,0.0,0.0,5,0,0,5,0,0.0114991664886474,0.0,1.0,0.0,0.0,0.0,0.0,0.0,1.0,0.0,0.0,0.0,0.0,0.0,1.0,1.0,600,54,66,60.0,6.324555320336759,60.0,0.0011520147323608,10,0.9293344008552924,36.0
20.0,6,64.0,528.516129032258,0.0,0.0,0.6,0.4,0.4,0.0,0.0,4,0,0,6,0,0.0189208984375,0.0,1.0,0.0,0.0,0.0,0.0,0.0,1.0,0.0,0.0,0.0,0.0,0.0,1.0,1.0,608,54,66,60.8,5.902918298980975,60.8,0.0018947839736938,10,0.9291626427982728,36.0
20.0,6,64.0,793.4590719055636,0.0,0.0,0.7,0.3,0.3,0.0,0.0,3,0,0,7,0,0.0126030445098876,0.0,1.0,0.0,0.0,0.0,0.0,0.0,1.0,0.0,0.0,0.0,0.0,0.0,1.0,1.0,600,54,64,60.0,5.163977794943222,60.0,0.0012632131576538,10,0.928861627994548,25.0
20.0,6,64.0,667.1179539381601,0.0,0.0,0.7,0.3,0.3,0.0,0.0,3,0,0,7,0,0.0149898529052734,0.0,1.0,0.0,0.0,0.0,0.0,0.0,1.0,0.0,0.0,0.0,0.0,0.0,1.0,1.0,632,54,66,63.2,4.9170903772228725,63.2,0.0016898870468139,10,0.9287610559360656,27.84
20.0,6,64.0,441.61725067385447,0.0,0.0,0.7,0.3,0.3,0.0,0.0,3,0,0,7,0,0.02264404296875,0.0,1.0,0.0,0.0,0.0,0.0,0.0,1.0,0.0,0.0,0.0,0.0,0.0,1.0,1.0,1172,54,346,117.2,120.7207981712808,117.2,0.0022678136825561,10,0.9759348543430528,14080.395061728395
20.0,6,64.0,772.6735810474735,0.0,0.0,0.5,0.5,0.5,0.0,0.0,5,0,0,5,0,0.0129420757293701,0.0,1.0,0.0,0.0,0.0,0.0,0.0,1.0,0.0,0.0,0.0,0.0,0.0,1.0,1.0,2292,54,346,229.2,150.7881516123421,229.2,0.0015959024429321,10,0.9881830914408036,21316.0
20.0,6,64.0,872.9040582726327,0.0,0.0,0.7,0.3,0.3,0.0,0.0,3,0,0,7,0,0.01145601272583,0.0,1.0,0.0,0.0,0.0,0.0,0.0,1.0,0.0,0.0,0.0,0.0,0.0,1.0,1.0,2300,54,348,230.0,151.47863802456695,230.0,0.0011477947235107,10,0.9884643679856876,21462.75
20.0,6,64.0,529.690846635684,0.0,0.0,0.7,0.3,0.3,0.0,0.0,3,0,0,7,0,0.0188789367675781,0.0,1.0,0.0,0.0,0.0,0.0,0.0,1.0,0.0,0.0,0.0,0.0,0.0,1.0,1.0,2722,54,472,272.2,155.35893923427773,272.2,0.0021950960159301,10,0.9900450474864754,21722.76
20.0,6,64.0,504.46261907052826,0.0,0.0,1.0,0.0,0.0,0.0,0.0,0,0,0,10,0,0.0198230743408203,0.0,1.0,0.0,0.0,0.0,0.0,0.0,1.0,0.0,0.0,0.0,0.0,0.0,1.0,1.0,4722,472,474,472.2,0.6324555320336759,472.2,0.0022577047348022,10,0.0,0.36
20.0,6,64.0,357.7567191804775,0.0,0.0,1.0,0.0,0.0,0.0,0.0,0,0,0,10,0,0.027951955795288,0.0,1.0,0.0,0.0,0.0,0.0,0.0,1.0,0.0,0.0,0.0,0.0,0.0,1.0,1.0,4387,121,474,438.7,111.6284014039438,438.7,0.0032125949859619,10,0.8580542655959106,11214.81
20.0,6,64.0,497.8343283759243,0.0,0.0,1.0,0.0,0.0,0.0,0.0,0,0,0,10,0,0.0200870037078857,0.0,1.0,0.0,0.0,0.0,0.0,0.0,1.0,0.0,0.0,0.0,0.0,0.0,1.0,1.0,1212,121,123,121.2,0.6324555320336759,121.2,0.0022944927215576,10,0.0,0.36
20.0,6,64.0,359.7913807301674,0.0,0.0,0.9,0.1,0.1,0.0,0.0,1,0,0,9,0,0.0277938842773437,0.0,1.0,0.0,0.0,0.0,0.0,0.0,1.0,0.0,0.0,0.0,0.0,0.0,1.0,1.0,1228,121,123,122.8,0.6324555320336759,122.8,0.0027827024459838,10,0.0,0.36
20.0,6,64.0,647.5389436956757,0.0,0.0,0.5,0.5,0.5,0.0,0.0,5,0,0,5,0,0.0154430866241455,0.0,1.0,0.0,0.0,0.0,0.0,0.0,1.0,0.0,0.0,0.0,0.0,0.0,1.0,1.0,875,54,121,87.5,35.3121005385469,87.5,0.0015482187271118,10,0.9411427672753824,1122.25
20.0,6,64.0,1289.3252589837386,0.0,0.0,0.5,0.5,0.5,0.0,0.0,5,0,0,5,0,0.0077559947967529,0.0,1.0,0.0,0.0,0.0,0.0,0.0,1.0,0.0,0.0,0.0,0.0,0.0,1.0,1.0,877,54,123,87.7,35.52792329046736,87.7,0.0007767915725708,10,0.9412306848316048,1136.01
20.0,6,64.0,839.9190980635601,0.0,0.0,0.6,0.4,0.4,0.0,0.0,4,0,0,6,0,0.0119059085845947,0.0,1.0,0.0,0.0,0.0,0.0,0.0,1.0,0.0,0.0,0.0,0.0,0.0,1.0,1.0,885,54,123,88.5,36.36619309193636,88.5,0.0011934995651245,10,0.9415721624179312,1190.25
20.0,6,64.0,575.3424507208406,0.0,0.0,0.6,0.4,0.4,0.0,0.0,4,0,0,6,0,0.017380952835083,0.0,1.0,0.0,0.0,0.0,0.0,0.0,1.0,0.0,0.0,0.0,0.0,0.0,1.0,1.0,840,54,123,84.0,33.88214869219483,84.0,0.0017833948135375,10,0.9405602620912524,1190.25
20.0,6,64.0,491.107546396581,0.0,0.0,1.0,0.0,0.0,0.0,0.0,0,0,0,10,0,0.0203621387481689,0.0,1.0,0.0,0.0,0.0,0.0,0.0,1.0,0.0,0.0,0.0,0.0,0.0,1.0,1.0,664,66,68,66.4,0.8432740427115678,66.4,0.0022422075271606,10,0.0,0.64
20.0,6,64.0,358.82180835137007,0.0,0.0,1.0,0.0,0.0,0.0,0.0,0,0,0,10,0,0.0278689861297607,0.0,1.0,0.0,0.0,0.0,0.0,0.0,1.0,0.0,0.0,0.0,0.0,0.0,1.0,1.0,676,66,68,67.6,0.8432740427115678,67.6,0.0029718875885009,10,0.0,0.64
20.0,6,64.0,470.3241794592897,0.0,0.0,1.0,0.0,0.0,0.0,0.0,0,0,0,10,0,0.0212619304656982,0.0,1.0,0.0,0.0,0.0,0.0,0.0,1.0,0.0,0.0,0.0,0.0,0.0,1.0,1.0,664,66,68,66.4,0.8432740427115678,66.4,0.0023503065109252,10,0.0,0.64
20.0,6,64.0,379.3621678334328,0.0,0.0,0.9,0.1,0.1,0.0,0.0,1,0,0,9,0,0.0263600349426269,0.0,1.0,0.0,0.0,0.0,0.0,0.0,1.0,0.0,0.0,0.0,0.0,0.0,1.0,1.0,702,54,104,70.2,12.66491215919005,70.2,0.0026370048522949,10,0.9319172086171676,144.36
20.0,6,64.0,766.8112179604373,0.0,0.0,0.6,0.4,0.4,0.0,0.0,4,0,0,6,0,0.0130410194396972,0.0,1.0,0.0,0.0,0.0,0.0,0.0,1.0,0.0,0.0,0.0,0.0,0.0,1.0,1.0,890,54,104,89.0,24.1522945769824,89.0,0.0015120983123779,10,0.9365967087188796,600.0
20.0,6,64.0,653.8173995728828,0.0,0.0,0.6,0.4,0.4,0.0,0.0,4,0,0,6,0,0.0152947902679443,0.0,1.0,0.0,0.0,0.0,0.0,0.0,1.0,0.0,0.0,0.0,0.0,0.0,1.0,1.0,848,54,106,84.8,26.519594432963885,84.8,0.0015328884124755,10,0.9375610519882122,650.75
20.0,6,64.0,724.893105891706,0.0,0.0,0.6,0.4,0.4,0.0,0.0,4,0,0,6,0,0.0137951374053955,0.0,1.0,0.0,0.0,0.0,0.0,0.0,1.0,0.0,0.0,0.0,0.0,0.0,1.0,1.0,852,54,106,85.2,26.85268453370476,85.2,0.0013841152191162,10,0.93769673957165,676.0
20.0,6,64.0,628.6144208144118,0.0,0.0,0.6,0.4,0.4,0.0,0.0,4,0,0,6,0,0.0159080028533935,0.0,1.0,0.0,0.0,0.0,0.0,0.0,1.0,0.0,0.0,0.0,0.0,0.0,1.0,1.0,7300,54,1406,730.0,712.5665660912748,730.0,0.0015936851501464,10,1.0,456976.0
20.0,6,64.0,643.1304721161661,0.0,0.0,0.5,0.5,0.5,0.0,0.0,5,0,0,5,0,0.0155489444732666,0.0,1.0,0.0,0.0,0.0,0.0,0.0,1.0,0.0,0.0,0.0,0.0,0.0,1.0,1.0,7300,54,1406,730.0,712.5665660912748,730.0,0.00174400806427,10,1.0,456976.0
20.0,6,64.0,1174.9738073227445,0.0,0.0,0.5,0.5,0.5,0.0,0.0,5,0,0,5,0,0.0085108280181884,0.0,1.0,0.0,0.0,0.0,0.0,0.0,1.0,0.0,0.0,0.0,0.0,0.0,1.0,1.0,7300,54,1406,730.0,712.5665660912748,730.0,0.0009100914001464,10,1.0,456976.0
20.0,6,64.0,1269.1935727902685,0.0,0.0,0.5,0.5,0.5,0.0,0.0,5,0,0,5,0,0.0078790187835693,0.0,1.0,0.0,0.0,0.0,0.0,0.0,1.0,0.0,0.0,0.0,0.0,0.0,1.0,1.0,7300,54,1406,730.0,712.5665660912748,730.0,0.0009810209274291,10,1.0,456976.0
20.0,6,64.0,483.1145614964639,0.0,0.0,1.0,0.0,0.0,0.0,0.0,0,0,0,10,0,0.0206990242004394,0.0,1.0,0.0,0.0,0.0,0.0,0.0,1.0,0.0,0.0,0.0,0.0,0.0,1.0,1.0,660,66,66,66.0,0.0,66.0,0.002754783630371,10,0.0,0.0
20.0,6,64.0,505.3804537732098,0.0,0.0,1.0,0.0,0.0,0.0,0.0,0,0,0,10,0,0.0197870731353759,0.0,1.0,0.0,0.0,0.0,0.0,0.0,1.0,0.0,0.0,0.0,0.0,0.0,1.0,1.0,680,68,68,68.0,0.0,68.0,0.0021923065185546,10,0.0,0.0
20.0,6,64.0,858.9428846429522,0.0,0.0,0.5,0.5,0.5,0.0,0.0,5,0,0,5,0,0.0116422176361083,0.0,1.0,0.0,0.0,0.0,0.0,0.0,1.0,0.0,0.0,0.0,0.0,0.0,1.0,1.0,590,54,64,59.0,5.270462766947299,59.0,0.0021001100540161,10,0.9289050057127436,25.0
20.0,6,64.0,752.5034985108903,0.0,0.0,0.5,0.5,0.5,0.0,0.0,5,0,0,5,0,0.0132889747619628,0.0,1.0,0.0,0.0,0.0,0.0,0.0,1.0,0.0,0.0,0.0,0.0,0.0,1.0,1.0,602,54,66,60.2,5.370702416299421,60.2,0.0016330957412719,10,0.9289458393363036,25.96
20.0,6,64.0,485.907390030005,0.0,0.0,0.5,0.5,0.5,0.0,0.0,5,0,0,5,0,0.0205800533294677,0.0,1.0,0.0,0.0,0.0,0.0,0.0,1.0,0.0,0.0,0.0,0.0,0.0,1.0,1.0,600,54,66,60.0,6.324555320336759,60.0,0.002061104774475,10,0.9293344008552924,36.0
20.0,6,64.0,1528.3136569013263,0.0,0.0,0.6,0.4,0.4,0.0,0.0,4,0,0,6,0,0.0065431594848632,0.0,1.0,0.0,0.0,0.0,0.0,0.0,1.0,0.0,0.0,0.0,0.0,0.0,1.0,1.0,598,54,66,59.8,6.142746399887703,59.8,0.0006561994552612,10,0.9292603391734584,36.0
20.0,6,64.0,419.8502502502503,0.0,0.0,0.5,0.5,0.5,0.0,0.0,5,0,0,5,0,0.023818016052246,0.0,1.0,0.0,0.0,0.0,0.0,0.0,1.0,0.0,0.0,0.0,0.0,0.0,1.0,1.0,600,54,64,60.0,5.163977794943222,60.0,0.002564001083374,10,0.928861627994548,25.0
20.0,6,64.0,4560.017395085888,0.0,0.0,0.6,0.4,0.4,0.0,0.0,4,0,0,6,0,0.0021929740905761,0.0,1.0,0.0,0.0,0.0,0.0,0.0,1.0,0.0,0.0,0.0,0.0,0.0,1.0,1.0,606,54,66,60.6,5.738757124441958,60.6,0.0002235889434814,10,0.9290957701022128,29.64
20.0,6,64.0,1035.732911892533,0.0,0.0,0.6,0.4,0.4,0.0,0.0,4,0,0,6,0,0.0096549987792968,0.0,1.0,0.0,0.0,0.0,0.0,0.0,1.0,0.0,0.0,0.0,0.0,0.0,1.0,1.0,600,54,66,60.0,6.324555320336759,60.0,0.0009675979614257,10,0.9293344008552924,36.0
20.0,6,64.0,398.1682172014429,0.0,0.0,0.9,0.1,0.1,0.0,0.0,1,0,0,9,0,0.0251150131225585,0.0,1.0,0.0,0.0,0.0,0.0,0.0,1.0,0.0,0.0,0.0,0.0,0.0,1.0,1.0,634,54,66,63.4,3.40587727318528,63.4,0.002701711654663,10,0.9281454481660047,32.0
20.0,6,64.0,544.1847551086604,0.0,0.0,1.0,0.0,0.0,0.0,0.0,0,0,0,10,0,0.0183761119842529,0.0,1.0,0.0,0.0,0.0,0.0,0.0,1.0,0.0,0.0,0.0,0.0,0.0,1.0,1.0,654,64,66,65.4,0.9660917830792958,65.4,0.0018393993377685,10,0.0,1.0
20.0,6,64.0,430.3483373177514,0.0,0.0,0.6,0.4,0.4,0.0,0.0,4,0,0,6,0,0.0232369899749755,0.0,1.0,0.0,0.0,0.0,0.0,0.0,1.0,0.0,0.0,0.0,0.0,0.0,1.0,1.0,744,54,96,74.4,19.224983745116667,74.4,0.0024669885635375,10,0.9345895193784108,332.64
20.0,6,64.0,886.9325438781983,0.0,0.0,0.5,0.5,0.5,0.0,0.0,5,0,0,5,0,0.0112748146057128,0.0,1.0,0.0,0.0,0.0,0.0,0.0,1.0,0.0,0.0,0.0,0.0,0.0,1.0,1.0,750,54,96,75.0,22.13594362117865,75.0,0.0011302947998046,10,0.9357753279935234,441.0
20.0,6,64.0,832.5170203052738,0.0,0.0,0.6,0.4,0.4,0.0,0.0,4,0,0,6,0,0.0120117664337158,0.0,1.0,0.0,0.0,0.0,0.0,0.0,1.0,0.0,0.0,0.0,0.0,0.0,1.0,1.0,802,54,98,80.2,22.55758064253444,80.2,0.0012043952941894,10,0.9359470860505428,469.88888888888886
20.0,6,64.0,850.6335685892756,0.0,0.0,0.5,0.5,0.5,0.0,0.0,5,0,0,5,0,0.0117559432983398,0.0,1.0,0.0,0.0,0.0,0.0,0.0,1.0,0.0,0.0,0.0,0.0,0.0,1.0,1.0,760,54,98,76.0,23.19003617456812,76.0,0.0011779069900512,10,0.936204723136072,484.0
20.0,6,64.0,453.6344365130868,0.0,0.0,0.8,0.2,0.2,0.0,0.0,2,0,0,8,0,0.0220441818237304,0.0,1.0,0.0,0.0,0.0,0.0,0.0,1.0,0.0,0.0,0.0,0.0,0.0,1.0,1.0,799,54,91,79.9,17.872697986966973,79.9,0.0022061109542846,10,0.9340386522519708,342.25
20.0,6,64.0,503.17357870364816,0.0,0.0,0.9,0.1,0.1,0.0,0.0,1,0,0,9,0,0.0198738574981689,0.0,1.0,0.0,0.0,0.0,0.0,0.0,1.0,0.0,0.0,0.0,0.0,0.0,1.0,1.0,924,91,93,92.4,0.9660917830792958,92.4,0.0021942853927612,10,0.0,1.0
20.0,6,64.0,301.822316250018,0.0,0.0,0.9,0.1,0.1,0.0,0.0,1,0,0,9,0,0.0331320762634277,0.0,1.0,0.0,0.0,0.0,0.0,0.0,1.0,0.0,0.0,0.0,0.0,0.0,1.0,1.0,7417,54,1406,741.7,700.3784770473112,741.7,0.00331711769104,10,1.0,441477.01
20.0,6,64.0,1377.620705511397,0.0,0.0,0.6,0.4,0.4,0.0,0.0,4,0,0,6,0,0.0072588920593261,0.0,1.0,0.0,0.0,0.0,0.0,0.0,1.0,0.0,0.0,0.0,0.0,0.0,1.0,1.0,10004,54,1406,1000.4,653.078045361604,1000.4,0.0007877826690673,10,1.0,428415.0
20.0,6,64.0,744.3836297163951,0.0,0.0,0.7,0.3,0.3,0.0,0.0,3,0,0,7,0,0.0134339332580566,0.0,1.0,0.0,0.0,0.0,0.0,0.0,1.0,0.0,0.0,0.0,0.0,0.0,1.0,1.0,8652,54,1406,865.2,698.1697978763237,865.2,0.0013451099395751,10,1.0,456976.0
20.0,6,64.0,563.5081685296647,0.0,0.0,0.6,0.4,0.4,0.0,0.0,4,0,0,6,0,0.0177459716796875,0.0,1.0,0.0,0.0,0.0,0.0,0.0,1.0,0.0,0.0,0.0,0.0,0.0,1.0,1.0,3292,54,1406,329.2,567.551622713251,329.2,0.0022132873535156,10,1.0,452947.0
20.0,6,64.0,1179.9651156248242,0.0,0.0,0.5,0.5,0.5,0.0,0.0,5,0,0,5,0,0.0084748268127441,0.0,1.0,0.0,0.0,0.0,0.0,0.0,1.0,0.0,0.0,0.0,0.0,0.0,1.0,1.0,600,54,66,60.0,6.324555320336759,60.0,0.0011487007141113,10,0.9293344008552924,36.0
20.0,6,64.0,1052.311706558282,0.0,0.0,0.6,0.4,0.4,0.0,0.0,4,0,0,6,0,0.00950288772583,0.0,1.0,0.0,0.0,0.0,0.0,0.0,1.0,0.0,0.0,0.0,0.0,0.0,1.0,1.0,622,54,68,62.2,7.083627444874398,62.2,0.0012022018432617,10,0.929643616475944,45.16
20.0,6,64.0,218.66972524894427,0.0,0.0,0.6,0.4,0.4,0.0,0.0,4,0,0,6,0,0.0457310676574707,0.0,1.0,0.0,0.0,0.0,0.0,0.0,1.0,0.0,0.0,0.0,0.0,0.0,1.0,1.0,622,54,68,62.2,7.083627444874398,62.2,0.0048623085021972,10,0.929643616475944,45.9375
20.0,6,64.0,3663.147598253275,0.0,0.0,0.6,0.4,0.4,0.0,0.0,4,0,0,6,0,0.0027298927307128,0.0,1.0,0.0,0.0,0.0,0.0,0.0,1.0,0.0,0.0,0.0,0.0,0.0,1.0,1.0,624,54,66,62.4,5.796550698475775,62.4,0.0003129005432128,10,0.9291193128925312,34.56
20.0,6,64.0,960.7183105043748,0.0,0.0,0.6,0.4,0.4,0.0,0.0,4,0,0,6,0,0.010408878326416,0.0,1.0,0.0,0.0,0.0,0.0,0.0,1.0,0.0,0.0,0.0,0.0,0.0,1.0,1.0,600,54,66,60.0,6.324555320336759,60.0,0.0010416984558105,10,0.9293344008552924,36.0
20.0,6,64.0,693.5370471418887,0.0,0.0,0.6,0.4,0.4,0.0,0.0,4,0,0,6,0,0.0144188404083251,0.0,1.0,0.0,0.0,0.0,0.0,0.0,1.0,0.0,0.0,0.0,0.0,0.0,1.0,1.0,612,54,66,61.2,6.196773353931867,61.2,0.0017839908599853,10,0.9292823475934576,36.0
20.0,6,64.0,1117.6763397020811,0.0,0.0,0.5,0.5,0.5,0.0,0.0,5,0,0,5,0,0.0089471340179443,0.0,1.0,0.0,0.0,0.0,0.0,0.0,1.0,0.0,0.0,0.0,0.0,0.0,1.0,1.0,602,54,66,60.2,5.370702416299421,60.2,0.0008962154388427,10,0.9289458393363036,27.84
20.0,6,64.0,451.7290253096392,0.0,0.0,0.5,0.5,0.5,0.0,0.0,5,0,0,5,0,0.02213716506958,0.0,1.0,0.0,0.0,0.0,0.0,0.0,1.0,0.0,0.0,0.0,0.0,0.0,1.0,1.0,590,54,64,59.0,5.270462766947299,59.0,0.0022166013717651,10,0.9289050057127436,25.0
20.0,6,64.0,5244.19104776194,0.0,0.0,0.5,0.5,0.5,0.0,0.0,5,0,0,5,0,0.0019068717956542,0.0,1.0,0.0,0.0,0.0,0.0,0.0,1.0,0.0,0.0,0.0,0.0,0.0,1.0,1.0,600,54,66,60.0,6.324555320336759,60.0,0.0001942873001098,10,0.9293344008552924,36.0
20.0,6,64.0,988.8261781832756,0.0,0.0,0.6,0.4,0.4,0.0,0.0,4,0,0,6,0,0.0101130008697509,0.0,1.0,0.0,0.0,0.0,0.0,0.0,1.0,0.0,0.0,0.0,0.0,0.0,1.0,1.0,600,54,66,60.0,6.324555320336759,60.0,0.001012897491455,10,0.9293344008552924,36.0
20.0,6,64.0,874.5056503064926,0.0,0.0,0.5,0.5,0.5,0.0,0.0,5,0,0,5,0,0.0114350318908691,0.0,1.0,0.0,0.0,0.0,0.0,0.0,1.0,0.0,0.0,0.0,0.0,0.0,1.0,1.0,612,54,66,61.2,6.196773353931867,61.2,0.0013386011123657,10,0.9292823475934576,35.55555555555556
20.0,6,64.0,581.5648701487778,0.0,0.0,0.6,0.4,0.4,0.0,0.0,4,0,0,6,0,0.0171949863433837,0.0,1.0,0.0,0.0,0.0,0.0,0.0,1.0,0.0,0.0,0.0,0.0,0.0,1.0,1.0,616,54,68,61.6,6.586180818788516,61.6,0.0017215013504028,10,0.9294409766183416,39.04
20.0,6,64.0,1473.39164646784,0.0,0.0,0.6,0.4,0.4,0.0,0.0,4,0,0,6,0,0.0067870616912841,0.0,1.0,0.0,0.0,0.0,0.0,0.0,1.0,0.0,0.0,0.0,0.0,0.0,1.0,1.0,610,54,68,61.0,7.378647873726218,61.0,0.0006803035736083,10,0.9297637959978412,49.0
20.0,6,64.0,529.016081225957,0.0,0.0,0.5,0.5,0.5,0.0,0.0,5,0,0,5,0,0.0189030170440673,0.0,1.0,0.0,0.0,0.0,0.0,0.0,1.0,0.0,0.0,0.0,0.0,0.0,1.0,1.0,924,54,168,92.4,52.52554933871071,92.4,0.0020973920822143,10,0.9481548377786172,2483.04
20.0,6,64.0,577.02839533348,0.0,0.0,0.7,0.3,0.3,0.0,0.0,3,0,0,7,0,0.0173301696777343,0.0,1.0,0.0,0.0,0.0,0.0,0.0,1.0,0.0,0.0,0.0,0.0,0.0,1.0,1.0,1224,54,168,122.4,58.86934686235274,122.4,0.0017360210418701,10,0.950739047137848,3249.0
20.0,6,64.0,881.2118410824212,0.0,0.0,0.6,0.4,0.4,0.0,0.0,4,0,0,6,0,0.011348009109497,0.0,1.0,0.0,0.0,0.0,0.0,0.0,1.0,0.0,0.0,0.0,0.0,0.0,1.0,1.0,1234,54,170,123.4,59.73311011863056,123.4,0.0011384963989257,10,0.9510909097379252,3249.0
20.0,6,64.0,1066.9000076310635,0.0,0.0,0.5,0.5,0.5,0.0,0.0,5,0,0,5,0,0.0093729496002197,0.0,1.0,0.0,0.0,0.0,0.0,0.0,1.0,0.0,0.0,0.0,0.0,0.0,1.0,1.0,1120,54,170,112.0,61.137368096588666,112.0,0.0011523962020874,10,0.9516629482678264,3364.0
20.0,6,64.0,937.2118070296964,0.0,0.0,0.5,0.5,0.5,0.0,0.0,5,0,0,5,0,0.0106699466705322,0.0,1.0,0.0,0.0,0.0,0.0,0.0,1.0,0.0,0.0,0.0,0.0,0.0,1.0,1.0,612,54,66,61.2,6.196773353931867,61.2,0.0020226001739501,10,0.9292823475934576,36.0
20.0,6,64.0,920.7323176888968,0.0,0.0,0.5,0.5,0.5,0.0,0.0,5,0,0,5,0,0.0108609199523925,0.0,1.0,0.0,0.0,0.0,0.0,0.0,1.0,0.0,0.0,0.0,0.0,0.0,1.0,1.0,602,54,68,60.2,6.562519841239848,60.2,0.0010882854461669,10,0.9294313380825274,38.76
20.0,6,64.0,734.7986195056149,0.0,0.0,0.6,0.4,0.4,0.0,0.0,4,0,0,6,0,0.0136091709136962,0.0,1.0,0.0,0.0,0.0,0.0,0.0,1.0,0.0,0.0,0.0,0.0,0.0,1.0,1.0,610,54,68,61.0,7.378647873726218,61.0,0.0013634204864501,10,0.9297637959978412,49.0
20.0,6,64.0,645.1584322894234,0.0,0.0,0.6,0.4,0.4,0.0,0.0,4,0,0,6,0,0.0155000686645507,0.0,1.0,0.0,0.0,0.0,0.0,0.0,1.0,0.0,0.0,0.0,0.0,0.0,1.0,1.0,616,54,68,61.6,6.719788356455548,61.6,0.0017263889312744,10,0.9294954029848858,49.0
20.0,6,64.0,515.9172427365987,0.0,0.0,1.0,0.0,0.0,0.0,0.0,0,0,0,10,0,0.0193829536437988,0.0,1.0,0.0,0.0,0.0,0.0,0.0,1.0,0.0,0.0,0.0,0.0,0.0,1.0,1.0,644,64,66,64.4,0.8432740427115678,64.4,0.0020993947982788,10,0.0,0.64
20.0,6,64.0,348.55518805989993,0.0,0.0,1.0,0.0,0.0,0.0,0.0,0,0,0,10,0,0.0286898612976074,0.0,1.0,0.0,0.0,0.0,0.0,0.0,1.0,0.0,0.0,0.0,0.0,0.0,1.0,1.0,660,66,66,66.0,0.0,66.0,0.0030663967132568,10,0.0,0.0
20.0,6,64.0,566.1551752065224,0.0,0.0,0.9,0.1,0.1,0.0,0.0,1,0,0,9,0,0.0176630020141601,0.0,1.0,0.0,0.0,0.0,0.0,0.0,1.0,0.0,0.0,0.0,0.0,0.0,1.0,1.0,650,54,68,65.0,3.915780041490244,65.0,0.0019004106521606,10,0.9283531621577016,23.04
20.0,6,64.0,619.1585722299312,0.0,0.0,0.7,0.3,0.3,0.0,0.0,3,0,0,7,0,0.016150951385498,0.0,1.0,0.0,0.0,0.0,0.0,0.0,1.0,0.0,0.0,0.0,0.0,0.0,1.0,1.0,638,54,68,63.8,6.762642481555072,63.8,0.0018301963806152,10,0.9295128600412864,49.0
20.0,6,64.0,277.823673577532,0.0,0.0,0.9,0.1,0.1,0.0,0.0,1,0,0,9,0,0.0359940528869628,0.0,1.0,0.0,0.0,0.0,0.0,0.0,1.0,0.0,0.0,0.0,0.0,0.0,1.0,1.0,652,54,68,65.2,4.0221608343995605,65.2,0.0036018133163452,10,0.928396497437501,43.55555555555557
20.0,6,64.0,1153.929789809618,0.0,0.0,1.0,0.0,0.0,0.0,0.0,0,0,0,10,0,0.0086660385131835,0.0,1.0,0.0,0.0,0.0,0.0,0.0,1.0,0.0,0.0,0.0,0.0,0.0,1.0,1.0,674,66,68,67.4,0.9660917830792958,67.4,0.0008697986602783,10,0.0,1.0
20.0,6,64.0,320.21498809014844,0.0,0.0,0.6,0.4,0.4,0.0,0.0,4,0,0,6,0,0.031229019165039,0.0,1.0,0.0,0.0,0.0,0.0,0.0,1.0,0.0,0.0,0.0,0.0,0.0,1.0,1.0,622,54,68,62.2,5.921711464320654,62.2,0.0033351898193359,10,0.9291702983821056,34.666666666666664
20.0,6,64.0,1663.8781339257378,0.0,0.0,0.6,0.4,0.4,0.0,0.0,4,0,0,6,0,0.0060100555419921,0.0,1.0,0.0,0.0,0.0,0.0,0.0,1.0,0.0,0.0,0.0,0.0,0.0,1.0,1.0,590,54,64,59.0,5.270462766947299,59.0,0.0006026983261108,10,0.9289050057127436,25.0
20.0,6,64.0,1139.8804217849763,0.0,0.0,0.5,0.5,0.5,0.0,0.0,5,0,0,5,0,0.008772850036621,0.0,1.0,0.0,0.0,0.0,0.0,0.0,1.0,0.0,0.0,0.0,0.0,0.0,1.0,1.0,598,54,66,59.8,6.142746399887703,59.8,0.0008785963058471,10,0.9292603391734584,33.959999999999994
20.0,6,64.0,1269.5393183606757,0.0,0.0,0.5,0.5,0.5,0.0,0.0,5,0,0,5,0,0.0078768730163574,0.0,1.0,0.0,0.0,0.0,0.0,0.0,1.0,0.0,0.0,0.0,0.0,0.0,1.0,1.0,600,54,66,60.0,6.324555320336759,60.0,0.0010257959365844,10,0.9293344008552924,36.0
20.0,6,64.0,378.0150690363748,0.0,0.0,0.9,0.1,0.1,0.0,0.0,1,0,0,9,0,0.0264539718627929,0.0,1.0,0.0,0.0,0.0,0.0,0.0,1.0,0.0,0.0,0.0,0.0,0.0,1.0,1.0,680,54,70,68.0,5.0771820705759385,68.0,0.0028692007064819,10,0.92882627088827,46.22222222222222
20.0,6,64.0,478.44135696849406,0.0,0.0,1.0,0.0,0.0,0.0,0.0,0,0,0,10,0,0.0209012031555175,0.0,1.0,0.0,0.0,0.0,0.0,0.0,1.0,0.0,0.0,0.0,0.0,0.0,1.0,1.0,716,70,72,71.6,0.8432740427115678,71.6,0.0022862195968627,10,0.0,1.0
20.0,6,64.0,498.6036780352112,0.0,0.0,0.6,0.4,0.4,0.0,0.0,4,0,0,6,0,0.0200560092926025,0.0,1.0,0.0,0.0,0.0,0.0,0.0,1.0,0.0,0.0,0.0,0.0,0.0,1.0,1.0,616,54,72,61.6,7.22956891292051,61.6,0.0022255897521972,10,0.9297030671923672,54.75
20.0,6,64.0,1690.6380748921763,0.0,0.0,0.5,0.5,0.5,0.0,0.0,5,0,0,5,0,0.0059149265289306,0.0,1.0,0.0,0.0,0.0,0.0,0.0,1.0,0.0,0.0,0.0,0.0,0.0,1.0,1.0,590,54,64,59.0,5.270462766947299,59.0,0.0006598949432373,10,0.9289050057127436,25.0
20.0,6,64.0,622.3187631680465,0.0,0.0,0.5,0.5,0.5,0.0,0.0,5,0,0,5,0,0.0160689353942871,0.0,1.0,0.0,0.0,0.0,0.0,0.0,1.0,0.0,0.0,0.0,0.0,0.0,1.0,1.0,598,54,66,59.8,6.142746399887703,59.8,0.0018301010131835,10,0.9292603391734584,33.959999999999994
20.0,6,64.0,2051.706696668786,0.0,0.0,0.5,0.5,0.5,0.0,0.0,5,0,0,5,0,0.0048739910125732,0.0,1.0,0.0,0.0,0.0,0.0,0.0,1.0,0.0,0.0,0.0,0.0,0.0,1.0,1.0,612,54,66,61.2,6.196773353931867,61.2,0.0005200147628784,10,0.9292823475934576,36.0
20.0,6,64.0,324.7295278059506,0.0,0.0,1.0,0.0,0.0,0.0,0.0,0,0,0,10,0,0.0307948589324951,0.0,1.0,0.0,0.0,0.0,0.0,0.0,1.0,0.0,0.0,0.0,0.0,0.0,1.0,1.0,630,54,64,63.0,3.1622776601683795,63.0,0.0030810832977294,10,0.9280462154276462,25.0
20.0,6,64.0,482.4366229583621,0.0,0.0,1.0,0.0,0.0,0.0,0.0,0,0,0,10,0,0.0207281112670898,0.0,1.0,0.0,0.0,0.0,0.0,0.0,1.0,0.0,0.0,0.0,0.0,0.0,1.0,1.0,658,64,66,65.8,0.6324555320336757,65.8,0.0022143125534057,10,0.0,1.0
20.0,6,64.0,415.16252919982577,0.0,0.0,1.0,0.0,0.0,0.0,0.0,0,0,0,10,0,0.0240869522094726,0.0,1.0,0.0,0.0,0.0,0.0,0.0,1.0,0.0,0.0,0.0,0.0,0.0,1.0,1.0,660,66,66,66.0,0.0,66.0,0.002611494064331,10,0.0,0.0
20.0,6,64.0,507.5330647015404,0.0,0.0,1.0,0.0,0.0,0.0,0.0,0,0,0,10,0,0.0197031497955322,0.0,1.0,0.0,0.0,0.0,0.0,0.0,1.0,0.0,0.0,0.0,0.0,0.0,1.0,1.0,678,66,68,67.8,0.6324555320336757,67.8,0.0021907091140747,10,0.0,1.0
20.0,6,64.0,288.9255970627338,0.0,0.0,1.0,0.0,0.0,0.0,0.0,0,0,0,10,0,0.0346109867095947,0.0,1.0,0.0,0.0,0.0,0.0,0.0,1.0,0.0,0.0,0.0,0.0,0.0,1.0,1.0,662,66,68,66.2,0.6324555320336757,66.2,0.0036723852157592,10,0.0,1.0
20.0,6,64.0,477.3957977645746,0.0,0.0,1.0,0.0,0.0,0.0,0.0,0,0,0,10,0,0.020946979522705,0.0,1.0,0.0,0.0,0.0,0.0,0.0,1.0,0.0,0.0,0.0,0.0,0.0,1.0,1.0,678,66,68,67.8,0.6324555320336757,67.8,0.0021456956863403,10,0.0,1.0
20.0,6,64.0,398.83458217641015,0.0,0.0,1.0,0.0,0.0,0.0,0.0,0,0,0,10,0,0.0250730514526367,0.0,1.0,0.0,0.0,0.0,0.0,0.0,1.0,0.0,0.0,0.0,0.0,0.0,1.0,1.0,12722,68,1406,1272.2,423.1127509305291,1272.2,0.002673316001892,10,1.0,447561.0
20.0,6,64.0,529.0761390584793,0.0,0.0,1.0,0.0,0.0,0.0,0.0,0,0,0,10,0,0.0189008712768554,0.0,1.0,0.0,0.0,0.0,0.0,0.0,1.0,0.0,0.0,0.0,0.0,0.0,1.0,1.0,14060,1406,1406,1406.0,0.0,1406.0,0.0021371841430664,10,0.0,0.0
20.0,6,64.0,444.5049226888797,0.0,0.0,0.6,0.4,0.4,0.0,0.0,4,0,0,6,0,0.0224969387054443,0.0,1.0,0.0,0.0,0.0,0.0,0.0,1.0,0.0,0.0,0.0,0.0,0.0,1.0,1.0,1952,54,1406,195.2,425.45787100487394,195.2,0.0024908065795898,10,1.0,450241.0
20.0,6,64.0,591.71378590373,0.0,0.0,0.7,0.3,0.3,0.0,0.0,3,0,0,7,0,0.0169000625610351,0.0,1.0,0.0,0.0,0.0,0.0,0.0,1.0,0.0,0.0,0.0,0.0,0.0,1.0,1.0,616,54,66,61.6,5.316640543300503,61.6,0.0016921997070312,10,0.9289238166917188,25.876543209876544
20.0,6,64.0,915.327237413526,0.0,0.0,0.6,0.4,0.4,0.0,0.0,4,0,0,6,0,0.0109250545501708,0.0,1.0,0.0,0.0,0.0,0.0,0.0,1.0,0.0,0.0,0.0,0.0,0.0,1.0,1.0,600,54,66,60.0,6.324555320336759,60.0,0.0010941982269287,10,0.9293344008552924,36.0
20.0,6,64.0,456.7267025284753,0.0,0.0,0.8,0.2,0.2,0.0,0.0,2,0,0,8,0,0.0218949317932128,0.0,1.0,0.0,0.0,0.0,0.0,0.0,1.0,0.0,0.0,0.0,0.0,0.0,1.0,1.0,636,54,66,63.6,5.059644256269407,63.6,0.0023617982864379,10,0.928819126684234,36.0
20.0,6,64.0,491.4758439671436,0.0,0.0,1.0,0.0,0.0,0.0,0.0,0,0,0,10,0,0.0203468799591064,0.0,1.0,0.0,0.0,0.0,0.0,0.0,1.0,0.0,0.0,0.0,0.0,0.0,1.0,1.0,672,66,68,67.2,1.0327955589886444,67.2,0.0022135972976684,10,0.9067291895989096,1.0
20.0,6,64.0,370.5641107194289,0.0,0.0,0.7,0.3,0.3,0.0,0.0,3,0,0,7,0,0.0269858837127685,0.0,1.0,0.0,0.0,0.0,0.0,0.0,1.0,0.0,0.0,0.0,0.0,0.0,1.0,1.0,632,54,68,63.2,6.408327915038888,63.2,0.0029165983200073,10,0.9293685264594702,36.96
20.0,6,64.0,1197.483012619197,0.0,0.0,0.5,0.5,0.5,0.0,0.0,5,0,0,5,0,0.0083508491516113,0.0,1.0,0.0,0.0,0.0,0.0,0.0,1.0,0.0,0.0,0.0,0.0,0.0,1.0,1.0,600,54,66,60.0,6.324555320336759,60.0,0.0009304046630859,10,0.9293344008552924,36.0
20.0,6,64.0,960.5203013717452,0.0,0.0,0.5,0.5,0.5,0.0,0.0,5,0,0,5,0,0.0104110240936279,0.0,1.0,0.0,0.0,0.0,0.0,0.0,1.0,0.0,0.0,0.0,0.0,0.0,1.0,1.0,620,54,68,62.0,6.928203230275509,62.0,0.0013381004333496,10,0.9295803028678852,43.55555555555556
20.0,6,64.0,940.1107250924576,0.0,0.0,0.5,0.5,0.5,0.0,0.0,5,0,0,5,0,0.0106370449066162,0.0,1.0,0.0,0.0,0.0,0.0,0.0,1.0,0.0,0.0,0.0,0.0,0.0,1.0,1.0,610,54,68,61.0,7.378647873726218,61.0,0.0010672092437744,10,0.9297637959978412,49.0
20.0,6,64.0,350.26380619138683,0.0,0.0,0.9,0.1,0.1,0.0,0.0,1,0,0,9,0,0.0285499095916748,0.0,1.0,0.0,0.0,0.0,0.0,0.0,1.0,0.0,0.0,0.0,0.0,0.0,1.0,1.0,624,54,68,62.4,4.599516882842757,62.4,0.0028568983078002,10,0.9286316891973948,49.0
20.0,6,64.0,766.1528906749475,0.0,0.0,1.0,0.0,0.0,0.0,0.0,0,0,0,10,0,0.013052225112915,0.0,1.0,0.0,0.0,0.0,0.0,0.0,1.0,0.0,0.0,0.0,0.0,0.0,1.0,1.0,654,64,66,65.4,0.9660917830792958,65.4,0.0013060092926025,10,0.0,1.0
20.0,6,64.0,320.87150769607393,0.0,0.0,1.0,0.0,0.0,0.0,0.0,0,0,0,10,0,0.0311651229858398,0.0,1.0,0.0,0.0,0.0,0.0,0.0,1.0,0.0,0.0,0.0,0.0,0.0,1.0,1.0,660,66,66,66.0,0.0,66.0,0.0033421993255615,10,0.0,0.0
20.0,6,64.0,502.7393352431409,0.0,0.0,1.0,0.0,0.0,0.0,0.0,0,0,0,10,0,0.0198910236358642,0.0,1.0,0.0,0.0,0.0,0.0,0.0,1.0,0.0,0.0,0.0,0.0,0.0,1.0,1.0,674,66,68,67.4,0.9660917830792958,67.4,0.0021402835845947,10,0.0,1.0
20.0,6,64.0,406.1414517003641,0.0,0.0,0.7,0.3,0.3,0.0,0.0,3,0,0,7,0,0.0246219635009765,0.0,1.0,0.0,0.0,0.0,0.0,0.0,1.0,0.0,0.0,0.0,0.0,0.0,1.0,1.0,630,54,68,63.0,6.27162924074226,63.0,0.0027486085891723,10,0.9293128408875088,35.4
20.0,6,64.0,1053.183678593848,0.0,0.0,0.5,0.5,0.5,0.0,0.0,5,0,0,5,0,0.0094950199127197,0.0,1.0,0.0,0.0,0.0,0.0,0.0,1.0,0.0,0.0,0.0,0.0,0.0,1.0,1.0,600,54,66,60.0,6.324555320336759,60.0,0.0010402917861938,10,0.9293344008552924,36.0
20.0,6,64.0,933.7067295919504,0.0,0.0,0.6,0.4,0.4,0.0,0.0,4,0,0,6,0,0.0107100009918212,0.0,1.0,0.0,0.0,0.0,0.0,0.0,1.0,0.0,0.0,0.0,0.0,0.0,1.0,1.0,622,54,68,62.2,7.083627444874398,62.2,0.0013338088989257,10,0.929643616475944,45.16
20.0,6,64.0,614.1720845779886,0.0,0.0,0.6,0.4,0.4,0.0,0.0,4,0,0,6,0,0.0162820816040039,0.0,1.0,0.0,0.0,0.0,0.0,0.0,1.0,0.0,0.0,0.0,0.0,0.0,1.0,1.0,622,54,68,62.2,7.083627444874398,62.2,0.0018064975738525,10,0.929643616475944,49.0
20.0,6,64.0,531.4021462326901,0.0,0.0,1.0,0.0,0.0,0.0,0.0,0,0,0,10,0,0.0188181400299072,0.0,1.0,0.0,0.0,0.0,0.0,0.0,1.0,0.0,0.0,0.0,0.0,0.0,1.0,1.0,662,66,68,66.2,0.6324555320336759,66.2,0.00225191116333,10,0.0,0.36
20.0,6,64.0,367.8246075594142,0.0,0.0,0.9,0.1,0.1,0.0,0.0,1,0,0,9,0,0.0271868705749511,0.0,1.0,0.0,0.0,0.0,0.0,0.0,1.0,0.0,0.0,0.0,0.0,0.0,1.0,1.0,676,64,68,67.6,1.2649110640673518,67.6,0.0029415845870971,10,0.9102320041710584,1.44
20.0,6,64.0,1138.1482687506784,0.0,0.0,0.6,0.4,0.4,0.0,0.0,4,0,0,6,0,0.0087862014770507,0.0,1.0,0.0,0.0,0.0,0.0,0.0,1.0,0.0,0.0,0.0,0.0,0.0,1.0,1.0,590,54,64,59.0,5.270462766947299,59.0,0.000883412361145,10,0.9289050057127436,25.0
20.0,6,64.0,904.7247627264884,0.0,0.0,0.6,0.4,0.4,0.0,0.0,4,0,0,6,0,0.0110530853271484,0.0,1.0,0.0,0.0,0.0,0.0,0.0,1.0,0.0,0.0,0.0,0.0,0.0,1.0,1.0,604,54,66,60.4,5.561774297230456,60.4,0.001452088356018,10,0.9290236743777198,27.84
20.0,6,64.0,810.102172863351,0.0,0.0,0.6,0.4,0.4,0.0,0.0,4,0,0,6,0,0.0123441219329833,0.0,1.0,0.0,0.0,0.0,0.0,0.0,1.0,0.0,0.0,0.0,0.0,0.0,1.0,1.0,612,54,66,61.2,6.196773353931867,61.2,0.0013986110687255,10,0.9292823475934576,34.56
20.0,6,64.0,390.6547696663748,0.0,0.0,0.9,0.1,0.1,0.0,0.0,1,0,0,9,0,0.0255980491638183,0.0,1.0,0.0,0.0,0.0,0.0,0.0,1.0,0.0,0.0,0.0,0.0,0.0,1.0,1.0,648,54,66,64.8,3.794733192202056,64.8,0.0027289867401123,10,0.9283038525131756,36.0
20.0,6,64.0,584.4823790080964,0.0,0.0,1.0,0.0,0.0,0.0,0.0,0,0,0,10,0,0.0171091556549072,0.0,1.0,0.0,0.0,0.0,0.0,0.0,1.0,0.0,0.0,0.0,0.0,0.0,1.0,1.0,674,66,68,67.4,0.9660917830792958,67.4,0.0019575119018554,10,0.0,1.0
20.0,6,64.0,399.0584653441797,0.0,0.0,0.9,0.1,0.1,0.0,0.0,1,0,0,9,0,0.0250589847564697,0.0,1.0,0.0,0.0,0.0,0.0,0.0,1.0,0.0,0.0,0.0,0.0,0.0,1.0,1.0,642,54,68,64.2,4.049691346263317,64.2,0.0027422904968261,10,0.9284077122668138,14.76
20.0,6,64.0,595.2660336923972,0.0,0.0,0.8,0.2,0.2,0.0,0.0,2,0,0,8,0,0.0167992115020751,0.0,1.0,0.0,0.0,0.0,0.0,0.0,1.0,0.0,0.0,0.0,0.0,0.0,1.0,1.0,640,54,66,64.0,3.651483716701108,64.0,0.0018278121948242,10,0.9282454984068352,12.839506172839506
20.0,6,64.0,320.6139687053302,0.0,0.0,1.0,0.0,0.0,0.0,0.0,0,0,0,10,0,0.0311901569366455,0.0,1.0,0.0,0.0,0.0,0.0,0.0,1.0,0.0,0.0,0.0,0.0,0.0,1.0,1.0,5280,54,1224,528.0,599.0325533725191,528.0,0.003120994567871,10,1.0,322956.0
20.0,6,64.0,544.9271144601793,0.0,0.0,1.0,0.0,0.0,0.0,0.0,0,0,0,10,0,0.0183510780334472,0.0,1.0,0.0,0.0,0.0,0.0,0.0,1.0,0.0,0.0,0.0,0.0,0.0,1.0,1.0,12248,1224,1226,1224.8,1.0327955589886446,1224.8,0.0021045923233032,10,0.0,0.9600000000000002
20.0,6,64.0,322.0714280229442,0.0,0.0,1.0,0.0,0.0,0.0,0.0,0,0,0,10,0,0.0310490131378173,0.0,1.0,0.0,0.0,0.0,0.0,0.0,1.0,0.0,0.0,0.0,0.0,0.0,1.0,1.0,7632,69,1226,763.2,597.4722308749308,763.2,0.0032984972000122,10,1.0,321275.76
20.0,6,64.0,767.8219163035917,0.0,0.0,0.8,0.2,0.2,0.0,0.0,2,0,0,8,0,0.0130238533020019,0.0,1.0,0.0,0.0,0.0,0.0,0.0,1.0,0.0,0.0,0.0,0.0,0.0,1.0,1.0,664,54,71,66.4,6.586180818788517,66.4,0.0013031959533691,10,0.9294409766183416,39.04
20.0,6,64.0,893.2603556596741,0.0,0.0,0.6,0.4,0.4,0.0,0.0,4,0,0,6,0,0.0111949443817138,0.0,1.0,0.0,0.0,0.0,0.0,0.0,1.0,0.0,0.0,0.0,0.0,0.0,1.0,1.0,642,54,71,64.2,8.778762251403478,64.2,0.0013008117675781,10,0.9303341465907318,72.25
20.0,6,64.0,413.5986589093778,0.0,0.0,0.7,0.3,0.3,0.0,0.0,3,0,0,7,0,0.0241780281066894,0.0,1.0,0.0,0.0,0.0,0.0,0.0,1.0,0.0,0.0,0.0,0.0,0.0,1.0,1.0,2084,54,356,208.4,155.70784608790058,208.4,0.0026794910430908,10,0.9901871781823672,21820.44
20.0,6,64.0,6139.2037470726,0.0,0.0,0.5,0.5,0.5,0.0,0.0,5,0,0,5,0,0.0016288757324218,0.0,1.0,0.0,0.0,0.0,0.0,0.0,1.0,0.0,0.0,0.0,0.0,0.0,1.0,1.0,2050,54,356,205.0,159.16797556180842,205.0,0.0009644985198974,10,0.9915966965248584,22801.0
20.0,6,64.0,638.7816207489986,0.0,0.0,0.8,0.2,0.2,0.0,0.0,2,0,0,8,0,0.0156548023223876,0.0,1.0,0.0,0.0,0.0,0.0,0.0,1.0,0.0,0.0,0.0,0.0,0.0,1.0,1.0,2972,54,358,297.2,128.1776544921583,297.2,0.0017529010772705,10,0.9789724793339256,23104.0
20.0,6,64.0,484.8457946085911,0.0,0.0,0.6,0.4,0.4,0.0,0.0,4,0,0,6,0,0.0206251144409179,0.0,1.0,0.0,0.0,0.0,0.0,0.0,1.0,0.0,0.0,0.0,0.0,0.0,1.0,1.0,1196,54,358,119.6,125.77510794182518,119.6,0.0022471189498901,10,0.977993777971182,23104.0
20.0,6,64.0,897.7342094561333,0.0,0.0,0.6,0.4,0.4,0.0,0.0,4,0,0,6,0,0.0111391544342041,0.0,1.0,0.0,0.0,0.0,0.0,0.0,1.0,0.0,0.0,0.0,0.0,0.0,1.0,1.0,612,54,66,61.2,6.196773353931867,61.2,0.0012490987777709,10,0.9292823475934576,36.0
20.0,6,64.0,557.9386764216828,0.0,0.0,0.7,0.3,0.3,0.0,0.0,3,0,0,7,0,0.0179231166839599,0.0,1.0,0.0,0.0,0.0,0.0,0.0,1.0,0.0,0.0,0.0,0.0,0.0,1.0,1.0,638,54,68,63.8,6.762642481555072,63.8,0.0021565914154052,10,0.9295128600412864,49.0
20.0,6,64.0,488.5903663579708,0.0,0.0,0.6,0.4,0.4,0.0,0.0,4,0,0,6,0,0.0204670429229736,0.0,1.0,0.0,0.0,0.0,0.0,0.0,1.0,0.0,0.0,0.0,0.0,0.0,1.0,1.0,622,54,68,62.2,5.921711464320654,62.2,0.0020489931106567,10,0.9291702983821056,34.666666666666664
20.0,6,64.0,1252.666726398471,0.0,0.0,0.6,0.4,0.4,0.0,0.0,4,0,0,6,0,0.0079829692840576,0.0,1.0,0.0,0.0,0.0,0.0,0.0,1.0,0.0,0.0,0.0,0.0,0.0,1.0,1.0,590,54,64,59.0,5.270462766947299,59.0,0.0008005142211914,10,0.9289050057127436,25.0
20.0,6,64.0,505.4535375567901,0.0,0.0,0.6,0.4,0.4,0.0,0.0,4,0,0,6,0,0.0197842121124267,0.0,1.0,0.0,0.0,0.0,0.0,0.0,1.0,0.0,0.0,0.0,0.0,0.0,1.0,1.0,610,54,66,61.0,6.055300708194984,61.0,0.002164602279663,10,0.9292247172964904,33.0
20.0,6,64.0,5040.01922614756,0.0,0.0,0.5,0.5,0.5,0.0,0.0,5,0,0,5,0,0.0019841194152832,0.0,1.0,0.0,0.0,0.0,0.0,0.0,1.0,0.0,0.0,0.0,0.0,0.0,1.0,1.0,600,54,66,60.0,6.324555320336759,60.0,0.0005085945129394,10,0.9293344008552924,36.0
20.0,6,64.0,679.6247265656648,0.0,0.0,0.7,0.3,0.3,0.0,0.0,3,0,0,7,0,0.0147140026092529,0.0,1.0,0.0,0.0,0.0,0.0,0.0,1.0,0.0,0.0,0.0,0.0,0.0,1.0,1.0,3662,54,500,366.2,215.43846762668295,366.2,0.0021836996078491,10,1.0,49729.0
20.0,6,64.0,881.0637538073731,0.0,0.0,0.6,0.4,0.4,0.0,0.0,4,0,0,6,0,0.0113499164581298,0.0,1.0,0.0,0.0,0.0,0.0,0.0,1.0,0.0,0.0,0.0,0.0,0.0,1.0,1.0,3222,54,502,322.2,230.83125149482396,322.2,0.0012593984603881,10,1.0,49729.0
20.0,6,64.0,688.946123521682,0.0,0.0,0.7,0.3,0.3,0.0,0.0,3,0,0,7,0,0.0145149230957031,0.0,1.0,0.0,0.0,0.0,0.0,0.0,1.0,0.0,0.0,0.0,0.0,0.0,1.0,1.0,3676,54,502,367.6,216.40455940976227,367.6,0.0016928911209106,10,1.0,50176.0
20.0,6,64.0,5138.818916932125,0.0,0.0,0.5,0.5,0.5,0.0,0.0,5,0,0,5,0,0.0019459724426269,0.0,1.0,0.0,0.0,0.0,0.0,0.0,1.0,0.0,0.0,0.0,0.0,0.0,1.0,1.0,655,54,77,65.5,12.122064363978788,65.5,0.0019457101821899,10,0.9316960741393104,132.25
20.0,6,64.0,772.6166485530606,0.0,0.0,0.7,0.3,0.3,0.0,0.0,3,0,0,7,0,0.0129430294036865,0.0,1.0,0.0,0.0,0.0,0.0,0.0,1.0,0.0,0.0,0.0,0.0,0.0,1.0,1.0,705,54,79,70.5,11.413929112175955,70.5,0.0013284921646118,10,0.931407608163136,132.25
20.0,6,64.0,881.5081650238541,0.0,0.0,0.5,0.5,0.5,0.0,0.0,5,0,0,5,0,0.0113441944122314,0.0,1.0,0.0,0.0,0.0,0.0,0.0,1.0,0.0,0.0,0.0,0.0,0.0,1.0,1.0,690,54,79,69.0,12.909944487358056,69.0,0.0013908147811889,10,0.9320170249863702,156.25
20.0,6,64.0,449.7430838515977,0.0,0.0,0.5,0.5,0.5,0.0,0.0,5,0,0,5,0,0.0222349166870117,0.0,1.0,0.0,0.0,0.0,0.0,0.0,1.0,0.0,0.0,0.0,0.0,0.0,1.0,1.0,1496,54,356,149.6,142.77737137858287,149.6,0.0022262811660766,10,0.9849198200047796,18346.84
20.0,6,64.0,1253.1532715864953,0.0,0.0,0.6,0.4,0.4,0.0,0.0,4,0,0,6,0,0.0079798698425292,0.0,1.0,0.0,0.0,0.0,0.0,0.0,1.0,0.0,0.0,0.0,0.0,0.0,1.0,1.0,2352,54,356,235.2,155.95212940728533,235.2,0.0007997035980224,10,0.9902866894353518,22801.0
20.0,6,64.0,530.6760125004745,0.0,0.0,0.6,0.4,0.4,0.0,0.0,4,0,0,6,0,0.0188438892364501,0.0,1.0,0.0,0.0,0.0,0.0,0.0,1.0,0.0,0.0,0.0,0.0,0.0,1.0,1.0,2058,54,358,205.8,160.01236063365718,205.8,0.0018862009048461,10,0.9919406652277266,23043.56
20.0,6,64.0,863.8609354725763,0.0,0.0,0.5,0.5,0.5,0.0,0.0,5,0,0,5,0,0.0115759372711181,0.0,1.0,0.0,0.0,0.0,0.0,0.0,1.0,0.0,0.0,0.0,0.0,0.0,1.0,1.0,2364,54,358,236.4,156.98492496627398,236.4,0.0016334056854248,10,0.9907074090342614,23104.0
20.0,6,64.0,646.1622837423549,0.0,0.0,0.7,0.3,0.3,0.0,0.0,3,0,0,7,0,0.0154759883880615,0.0,1.0,0.0,0.0,0.0,0.0,0.0,1.0,0.0,0.0,0.0,0.0,0.0,1.0,1.0,624,54,66,62.4,5.796550698475776,62.4,0.0015513896942138,10,0.9291193128925312,36.0
20.0,6,64.0,784.0113649108378,0.0,0.0,0.7,0.3,0.3,0.0,0.0,3,0,0,7,0,0.0127549171447753,0.0,1.0,0.0,0.0,0.0,0.0,0.0,1.0,0.0,0.0,0.0,0.0,0.0,1.0,1.0,618,54,68,61.8,6.762642481555071,61.8,0.0012794017791748,10,0.9295128600412864,41.16
20.0,6,64.0,493.6856601419509,0.0,0.0,0.7,0.3,0.3,0.0,0.0,3,0,0,7,0,0.0202558040618896,0.0,1.0,0.0,0.0,0.0,0.0,0.0,1.0,0.0,0.0,0.0,0.0,0.0,1.0,1.0,650,54,68,65.0,5.830951894845301,65.0,0.0023576974868774,10,0.929133326563884,43.55555555555557
20.0,6,64.0,778.3950708930295,0.0,0.0,0.6,0.4,0.4,0.0,0.0,4,0,0,6,0,0.0128469467163085,0.0,1.0,0.0,0.0,0.0,0.0,0.0,1.0,0.0,0.0,0.0,0.0,0.0,1.0,1.0,612,54,66,61.2,6.196773353931867,61.2,0.0012891054153442,10,0.9292823475934576,36.0
20.0,6,64.0,768.2297562137114,0.0,0.0,0.6,0.4,0.4,0.0,0.0,4,0,0,6,0,0.013016939163208,0.0,1.0,0.0,0.0,0.0,0.0,0.0,1.0,0.0,0.0,0.0,0.0,0.0,1.0,1.0,618,54,68,61.8,6.762642481555071,61.8,0.0013050079345703,10,0.9295128600412864,41.16
20.0,6,64.0,738.719926732185,0.0,0.0,0.6,0.4,0.4,0.0,0.0,4,0,0,6,0,0.0135369300842285,0.0,1.0,0.0,0.0,0.0,0.0,0.0,1.0,0.0,0.0,0.0,0.0,0.0,1.0,1.0,610,54,68,61.0,7.378647873726218,61.0,0.0013552904129028,10,0.9297637959978412,49.0
20.0,6,64.0,371.09852774631935,0.0,0.0,1.0,0.0,0.0,0.0,0.0,0,0,0,10,0,0.026947021484375,0.0,1.0,0.0,0.0,0.0,0.0,0.0,1.0,0.0,0.0,0.0,0.0,0.0,1.0,1.0,1120,68,123,112.0,23.19003617456812,112.0,0.0027282953262329,10,0.912346903136072,756.25
20.0,6,64.0,552.3036001158779,0.0,0.0,1.0,0.0,0.0,0.0,0.0,0,0,0,10,0,0.0181059837341308,0.0,1.0,0.0,0.0,0.0,0.0,0.0,1.0,0.0,0.0,0.0,0.0,0.0,1.0,1.0,1246,123,125,124.6,0.8432740427115678,124.6,0.0020788192749023,10,0.0,1.0
20.0,6,64.0,456.0364454785644,0.0,0.0,0.6,0.4,0.4,0.0,0.0,4,0,0,6,0,0.021928071975708,0.0,1.0,0.0,0.0,0.0,0.0,0.0,1.0,0.0,0.0,0.0,0.0,0.0,1.0,1.0,1192,54,156,119.2,46.65666559500844,119.2,0.0024194002151489,10,0.9457640892967828,2025.75
20.0,6,64.0,850.857896338371,0.0,0.0,0.5,0.5,0.5,0.0,0.0,5,0,0,5,0,0.0117528438568115,0.0,1.0,0.0,0.0,0.0,0.0,0.0,1.0,0.0,0.0,0.0,0.0,0.0,1.0,1.0,1050,54,156,105.0,53.75872022286245,105.0,0.001177978515625,10,0.9486571822699852,2601.0
20.0,6,64.0,972.3667555349484,0.0,0.0,0.5,0.5,0.5,0.0,0.0,5,0,0,5,0,0.0102841854095458,0.0,1.0,0.0,0.0,0.0,0.0,0.0,1.0,0.0,0.0,0.0,0.0,0.0,1.0,1.0,1060,54,158,106.0,54.81281277625191,106.0,0.001030421257019,10,0.949086577412534,2704.0
20.0,6,64.0,859.2420207317573,0.0,0.0,0.5,0.5,0.5,0.0,0.0,5,0,0,5,0,0.0116381645202636,0.0,1.0,0.0,0.0,0.0,0.0,0.0,1.0,0.0,0.0,0.0,0.0,0.0,1.0,1.0,1060,54,158,106.0,54.81281277625191,106.0,0.0011662006378173,10,0.949086577412534,2704.0
20.0,6,64.0,420.9458048976315,0.0,0.0,0.8,0.2,0.2,0.0,0.0,2,0,0,8,0,0.0237560272216796,0.0,1.0,0.0,0.0,0.0,0.0,0.0,1.0,0.0,0.0,0.0,0.0,0.0,1.0,1.0,10004,54,1406,1000.4,653.078045361604,1000.4,0.0023779869079589,10,1.0,456976.0
20.0,6,64.0,737.6286447891387,0.0,0.0,0.7,0.3,0.3,0.0,0.0,3,0,0,7,0,0.013556957244873,0.0,1.0,0.0,0.0,0.0,0.0,0.0,1.0,0.0,0.0,0.0,0.0,0.0,1.0,1.0,10004,54,1406,1000.4,653.078045361604,1000.4,0.0015588045120239,10,1.0,406200.8888888889
20.0,6,64.0,435.38734623968446,0.0,0.0,0.8,0.2,0.2,0.0,0.0,2,0,0,8,0,0.022968053817749,0.0,1.0,0.0,0.0,0.0,0.0,0.0,1.0,0.0,0.0,0.0,0.0,0.0,1.0,1.0,9034,54,1406,903.4,651.9698697877925,903.4,0.0024913072586059,10,1.0,406200.8888888889
20.0,6,64.0,669.5673829060374,0.0,0.0,0.6,0.4,0.4,0.0,0.0,4,0,0,6,0,0.01493501663208,0.0,1.0,0.0,0.0,0.0,0.0,0.0,1.0,0.0,0.0,0.0,0.0,0.0,1.0,1.0,1877,54,245,187.7,92.26176528407277,187.7,0.0017000913619995,10,0.96434178270612,9120.25
20.0,6,64.0,902.5249069352096,0.0,0.0,0.6,0.4,0.4,0.0,0.0,4,0,0,6,0,0.0110800266265869,0.0,1.0,0.0,0.0,0.0,0.0,0.0,1.0,0.0,0.0,0.0,0.0,0.0,1.0,1.0,1503,54,247,150.3,101.51086422425708,150.3,0.0011104106903076,10,0.9681094956503934,9274.01
20.0,6,64.0,481.3514506059493,0.0,0.0,0.8,0.2,0.2,0.0,0.0,2,0,0,8,0,0.0207748413085937,0.0,1.0,0.0,0.0,0.0,0.0,0.0,1.0,0.0,0.0,0.0,0.0,0.0,1.0,1.0,1722,54,247,172.2,96.64919382315958,172.2,0.0023894786834716,10,0.9661290455958024,9312.25
20.0,6,64.0,550.6937660837141,0.0,0.0,1.0,0.0,0.0,0.0,0.0,0,0,0,10,0,0.0181589126586914,0.0,1.0,0.0,0.0,0.0,0.0,0.0,1.0,0.0,0.0,0.0,0.0,0.0,1.0,1.0,662,66,67,66.2,0.4216370213557839,66.2,0.0020162105560302,10,0.0,0.16
20.0,6,64.0,288.6829879345589,0.0,0.0,0.9,0.1,0.1,0.0,0.0,1,0,0,9,0,0.0346400737762451,0.0,1.0,0.0,0.0,0.0,0.0,0.0,1.0,0.0,0.0,0.0,0.0,0.0,1.0,1.0,654,54,67,65.4,4.115013163202923,65.4,0.003757095336914,10,0.9284343217621625,15.24
20.0,6,64.0,1864.2179652429,0.0,0.0,0.5,0.5,0.5,0.0,0.0,5,0,0,5,0,0.005364179611206,0.0,1.0,0.0,0.0,0.0,0.0,0.0,1.0,0.0,0.0,0.0,0.0,0.0,1.0,1.0,590,54,64,59.0,5.270462766947299,59.0,0.0005381107330322,10,0.9289050057127436,25.0
20.0,6,64.0,1108.6363756508867,0.0,0.0,0.5,0.5,0.5,0.0,0.0,5,0,0,5,0,0.0090200901031494,0.0,1.0,0.0,0.0,0.0,0.0,0.0,1.0,0.0,0.0,0.0,0.0,0.0,1.0,1.0,592,54,66,59.2,5.513619500836088,59.2,0.0010869979858398,10,0.9290040580398606,27.360000000000003
20.0,6,64.0,1023.5501976670408,0.0,0.0,0.5,0.5,0.5,0.0,0.0,5,0,0,5,0,0.0097699165344238,0.0,1.0,0.0,0.0,0.0,0.0,0.0,1.0,0.0,0.0,0.0,0.0,0.0,1.0,1.0,600,54,66,60.0,6.324555320336759,60.0,0.001158595085144,10,0.9293344008552924,36.0
20.0,6,64.0,657.5484032796651,0.0,0.0,0.6,0.4,0.4,0.0,0.0,4,0,0,6,0,0.0152080059051513,0.0,1.0,0.0,0.0,0.0,0.0,0.0,1.0,0.0,0.0,0.0,0.0,0.0,1.0,1.0,612,54,66,61.2,6.196773353931867,61.2,0.0018446922302246,10,0.9292823475934576,36.0
20.0,6,64.0,495.4468029814428,0.0,0.0,1.0,0.0,0.0,0.0,0.0,0,0,0,10,0,0.0201838016510009,0.0,1.0,0.0,0.0,0.0,0.0,0.0,1.0,0.0,0.0,0.0,0.0,0.0,1.0,1.0,664,66,68,66.4,0.8432740427115678,66.4,0.0022670984268188,10,0.0,0.64
20.0,6,64.0,361.7962563615975,0.0,0.0,1.0,0.0,0.0,0.0,0.0,0,0,0,10,0,0.0276398658752441,0.0,1.0,0.0,0.0,0.0,0.0,0.0,1.0,0.0,0.0,0.0,0.0,0.0,1.0,1.0,732,68,94,73.2,10.96256255525038,73.2,0.0031533002853393,10,0.9073659194825068,108.16
20.0,6,64.0,484.7281258306464,0.0,0.0,1.0,0.0,0.0,0.0,0.0,0,0,0,10,0,0.0206301212310791,0.0,1.0,0.0,0.0,0.0,0.0,0.0,1.0,0.0,0.0,0.0,0.0,0.0,1.0,1.0,944,94,96,94.4,0.8432740427115678,94.4,0.0020656108856201,10,0.0,0.64
20.0,6,64.0,353.7556614515245,0.0,0.0,1.0,0.0,0.0,0.0,0.0,0,0,0,10,0,0.0282680988311767,0.0,1.0,0.0,0.0,0.0,0.0,0.0,1.0,0.0,0.0,0.0,0.0,0.0,1.0,1.0,900,66,96,90.0,12.649110640673518,90.0,0.0028285980224609,10,0.9114612117105848,144.0
20.0,6,64.0,493.9705570604169,0.0,0.0,1.0,0.0,0.0,0.0,0.0,0,0,0,10,0,0.0202441215515136,0.0,1.0,0.0,0.0,0.0,0.0,0.0,1.0,0.0,0.0,0.0,0.0,0.0,1.0,1.0,662,66,67,66.2,0.4216370213557839,66.2,0.0022834062576293,10,0.0,0.16
20.0,6,64.0,358.7819065215904,0.0,0.0,0.9,0.1,0.1,0.0,0.0,1,0,0,9,0,0.027872085571289,0.0,1.0,0.0,0.0,0.0,0.0,0.0,1.0,0.0,0.0,0.0,0.0,0.0,1.0,1.0,656,54,67,65.6,4.087922591134904,65.6,0.0030606985092163,10,0.9284232861467248,15.04
20.0,6,64.0,997.5987061174008,0.0,0.0,0.5,0.5,0.5,0.0,0.0,5,0,0,5,0,0.010024070739746,0.0,1.0,0.0,0.0,0.0,0.0,0.0,1.0,0.0,0.0,0.0,0.0,0.0,1.0,1.0,600,54,66,60.0,6.324555320336759,60.0,0.0010045051574707,10,0.9293344008552924,36.0
20.0,6,64.0,1046.6919544819325,0.0,0.0,0.5,0.5,0.5,0.0,0.0,5,0,0,5,0,0.0095539093017578,0.0,1.0,0.0,0.0,0.0,0.0,0.0,1.0,0.0,0.0,0.0,0.0,0.0,1.0,1.0,616,54,68,61.6,6.586180818788516,61.6,0.0011566877365112,10,0.9294409766183416,39.04
20.0,6,64.0,846.0181132379935,0.0,0.0,0.6,0.4,0.4,0.0,0.0,4,0,0,6,0,0.0118200778961181,0.0,1.0,0.0,0.0,0.0,0.0,0.0,1.0,0.0,0.0,0.0,0.0,0.0,1.0,1.0,610,54,68,61.0,7.378647873726218,61.0,0.0011836051940917,10,0.9297637959978412,49.0
20.0,6,64.0,619.0854612546126,0.0,0.0,0.5,0.5,0.5,0.0,0.0,5,0,0,5,0,0.0161528587341308,0.0,1.0,0.0,0.0,0.0,0.0,0.0,1.0,0.0,0.0,0.0,0.0,0.0,1.0,1.0,606,54,68,60.6,6.995236474439825,60.6,0.0017772912979125,10,0.9296076095302278,49.0
20.0,6,64.0,1244.8591695604428,0.0,0.0,0.6,0.4,0.4,0.0,0.0,4,0,0,6,0,0.0080330371856689,0.0,1.0,0.0,0.0,0.0,0.0,0.0,1.0,0.0,0.0,0.0,0.0,0.0,1.0,1.0,612,54,66,61.2,6.196773353931867,61.2,0.0012197017669677,10,0.9292823475934576,34.56
20.0,6,64.0,515.8093832626207,0.0,0.0,0.8,0.2,0.2,0.0,0.0,2,0,0,8,0,0.0193870067596435,0.0,1.0,0.0,0.0,0.0,0.0,0.0,1.0,0.0,0.0,0.0,0.0,0.0,1.0,1.0,662,54,68,66.2,4.366539438350083,66.2,0.0022068977355957,10,0.9285367835056064,27.840000000000003
20.0,6,64.0,502.8116570962753,0.0,0.0,0.7,0.3,0.3,0.0,0.0,3,0,0,7,0,0.019888162612915,0.0,1.0,0.0,0.0,0.0,0.0,0.0,1.0,0.0,0.0,0.0,0.0,0.0,1.0,1.0,615,54,68,61.5,6.570134448142341,61.5,0.0019925117492675,10,0.9294344399687952,49.0
20.0,6,64.0,470.0132230664067,0.0,0.0,0.6,0.4,0.4,0.0,0.0,4,0,0,6,0,0.0212759971618652,0.0,1.0,0.0,0.0,0.0,0.0,0.0,1.0,0.0,0.0,0.0,0.0,0.0,1.0,1.0,617,54,65,61.7,5.313504806936128,61.7,0.0023802995681762,10,0.9289225393181536,26.88888888888889
20.0,6,64.0,2627.3515409671763,0.0,0.0,0.6,0.4,0.4,0.0,0.0,4,0,0,6,0,0.0038061141967773,0.0,1.0,0.0,0.0,0.0,0.0,0.0,1.0,0.0,0.0,0.0,0.0,0.0,1.0,1.0,600,54,66,60.0,6.324555320336759,60.0,0.0003828048706054,10,0.9293344008552924,36.0
20.0,6,64.0,1198.6122938873489,0.0,0.0,0.5,0.5,0.5,0.0,0.0,5,0,0,5,0,0.0083429813385009,0.0,1.0,0.0,0.0,0.0,0.0,0.0,1.0,0.0,0.0,0.0,0.0,0.0,1.0,1.0,600,54,66,60.0,6.324555320336759,60.0,0.0010557889938354,10,0.9293344008552924,36.0
20.0,6,64.0,764.867516457866,0.0,0.0,0.6,0.4,0.4,0.0,0.0,4,0,0,6,0,0.0130741596221923,0.0,1.0,0.0,0.0,0.0,0.0,0.0,1.0,0.0,0.0,0.0,0.0,0.0,1.0,1.0,610,54,64,61.0,4.83045891539648,61.0,0.0022571086883544,10,0.928725765743776,25.0
20.0,6,64.0,844.8763193940858,0.0,0.0,0.5,0.5,0.5,0.0,0.0,5,0,0,5,0,0.0118360519409179,0.0,1.0,0.0,0.0,0.0,0.0,0.0,1.0,0.0,0.0,0.0,0.0,0.0,1.0,1.0,594,54,66,59.4,5.738757124441959,59.4,0.0011852979660034,10,0.9290957701022128,29.64
20.0,6,64.0,910.6767700892372,0.0,0.0,0.5,0.5,0.5,0.0,0.0,5,0,0,5,0,0.0109808444976806,0.0,1.0,0.0,0.0,0.0,0.0,0.0,1.0,0.0,0.0,0.0,0.0,0.0,1.0,1.0,600,54,66,60.0,6.324555320336759,60.0,0.0011005878448486,10,0.9293344008552924,36.0
20.0,6,64.0,501.68099994019497,0.0,0.0,0.7,0.3,0.3,0.0,0.0,3,0,0,7,0,0.0199329853057861,0.0,1.0,0.0,0.0,0.0,0.0,0.0,1.0,0.0,0.0,0.0,0.0,0.0,1.0,1.0,612,54,66,61.2,6.196773353931867,61.2,0.0019948959350585,10,0.9292823475934576,36.0
20.0,6,64.0,511.87503051012936,0.0,0.0,1.0,0.0,0.0,0.0,0.0,0,0,0,10,0,0.019536018371582,0.0,1.0,0.0,0.0,0.0,0.0,0.0,1.0,0.0,0.0,0.0,0.0,0.0,1.0,1.0,666,66,68,66.6,0.966091783079296,66.6,0.0021869182586669,10,0.0,0.8400000000000001
20.0,6,64.0,372.0102530444269,0.0,0.0,0.9,0.1,0.1,0.0,0.0,1,0,0,9,0,0.0268809795379638,0.0,1.0,0.0,0.0,0.0,0.0,0.0,1.0,0.0,0.0,0.0,0.0,0.0,1.0,1.0,3342,54,1406,334.2,564.905065770642,334.2,0.002851390838623,10,1.0,287205.96
20.0,6,64.0,595.7648930428113,0.0,0.0,0.8,0.2,0.2,0.0,0.0,2,0,0,8,0,0.0167851448059082,0.0,1.0,0.0,0.0,0.0,0.0,0.0,1.0,0.0,0.0,0.0,0.0,0.0,1.0,1.0,11356,54,1406,1135.6,570.0532528730199,1135.6,0.0018953084945678,10,1.0,292464.64
20.0,6,64.0,606.498929955463,0.0,0.0,0.9,0.1,0.1,0.0,0.0,1,0,0,9,0,0.0164880752563476,0.0,1.0,0.0,0.0,0.0,0.0,0.0,1.0,0.0,0.0,0.0,0.0,0.0,1.0,1.0,12708,54,1406,1270.8,427.5399396547649,1270.8,0.0018760919570922,10,1.0,199927.0
20.0,6,64.0,346.8975841335219,0.0,0.0,1.0,0.0,0.0,0.0,0.0,0,0,0,10,0,0.0288269519805908,0.0,1.0,0.0,0.0,0.0,0.0,0.0,1.0,0.0,0.0,0.0,0.0,0.0,1.0,1.0,2000,66,1406,200.0,423.7452064625628,200.0,0.0031023979187011,10,1.0,448900.0
20.0,6,64.0,525.3781596813387,0.0,0.0,1.0,0.0,0.0,0.0,0.0,0,0,0,10,0,0.0190339088439941,0.0,1.0,0.0,0.0,0.0,0.0,0.0,1.0,0.0,0.0,0.0,0.0,0.0,1.0,1.0,678,66,68,67.8,0.6324555320336757,67.8,0.0021445989608764,10,0.0,1.0
20.0,6,64.0,413.3255811661756,0.0,0.0,0.5,0.5,0.5,0.0,0.0,5,0,0,5,0,0.0241940021514892,0.0,1.0,0.0,0.0,0.0,0.0,0.0,1.0,0.0,0.0,0.0,0.0,0.0,1.0,1.0,6404,54,1224,640.4,615.1825745256443,640.4,0.0026088953018188,10,1.0,340604.64
20.0,6,64.0,1248.119029906264,0.0,0.0,0.6,0.4,0.4,0.0,0.0,4,0,0,6,0,0.008012056350708,0.0,1.0,0.0,0.0,0.0,0.0,0.0,1.0,0.0,0.0,0.0,0.0,0.0,1.0,1.0,7561,54,1225,756.1,604.271544919997,756.1,0.0008033037185668,10,1.0,342225.0
20.0,6,64.0,775.1296409232873,0.0,0.0,0.6,0.4,0.4,0.0,0.0,4,0,0,6,0,0.0129010677337646,0.0,1.0,0.0,0.0,0.0,0.0,0.0,1.0,0.0,0.0,0.0,0.0,0.0,1.0,1.0,7566,54,1225,756.6,604.7017997878514,756.6,0.0012925148010253,10,1.0,342810.25
20.0,6,64.0,507.2813913548293,0.0,0.0,0.6,0.4,0.4,0.0,0.0,4,0,0,6,0,0.0197129249572753,0.0,1.0,0.0,0.0,0.0,0.0,0.0,1.0,0.0,0.0,0.0,0.0,0.0,1.0,1.0,4089,54,1225,408.9,563.1868547234864,408.9,0.0019735813140869,10,1.0,342810.25
20.0,6,64.0,635.1156874621441,0.0,0.0,0.7,0.3,0.3,0.0,0.0,3,0,0,7,0,0.0157451629638671,0.0,1.0,0.0,0.0,0.0,0.0,0.0,1.0,0.0,0.0,0.0,0.0,0.0,1.0,1.0,612,54,66,61.2,6.196773353931867,61.2,0.0015765190124511,10,0.9292823475934576,36.0
20.0,6,64.0,834.8701208224686,0.0,0.0,0.5,0.5,0.5,0.0,0.0,5,0,0,5,0,0.0119779109954833,0.0,1.0,0.0,0.0,0.0,0.0,0.0,1.0,0.0,0.0,0.0,0.0,0.0,1.0,1.0,622,54,68,62.2,7.083627444874398,62.2,0.0015335798263549,10,0.929643616475944,46.02469135802469
20.0,6,64.0,926.6927376770288,0.0,0.0,0.5,0.5,0.5,0.0,0.0,5,0,0,5,0,0.0107910633087158,0.0,1.0,0.0,0.0,0.0,0.0,0.0,1.0,0.0,0.0,0.0,0.0,0.0,1.0,1.0,610,54,68,61.0,7.378647873726218,61.0,0.0010821104049682,10,0.9297637959978412,49.0
20.0,6,64.0,431.3884889126589,0.0,0.0,0.9,0.1,0.1,0.0,0.0,1,0,0,9,0,0.0231809616088867,0.0,1.0,0.0,0.0,0.0,0.0,0.0,1.0,0.0,0.0,0.0,0.0,0.0,1.0,1.0,630,54,64,63.0,3.1622776601683795,63.0,0.0023217916488647,10,0.9280462154276462,25.0
20.0,6,64.0,684.4155801772107,0.0,0.0,0.8,0.2,0.2,0.0,0.0,2,0,0,8,0,0.014611005783081,0.0,1.0,0.0,0.0,0.0,0.0,0.0,1.0,0.0,0.0,0.0,0.0,0.0,1.0,1.0,622,54,66,62.2,5.692099788303083,62.2,0.0014649152755737,10,0.9290767637697632,30.61728395061728
20.0,6,64.0,468.5116840176936,0.0,0.0,0.7,0.3,0.3,0.0,0.0,3,0,0,7,0,0.0213441848754882,0.0,1.0,0.0,0.0,0.0,0.0,0.0,1.0,0.0,0.0,0.0,0.0,0.0,1.0,1.0,624,54,66,62.4,5.796550698475775,62.4,0.0025182008743286,10,0.9291193128925312,30.24
20.0,6,64.0,1160.7638235456911,0.0,0.0,0.5,0.5,0.5,0.0,0.0,5,0,0,5,0,0.0086150169372558,0.0,1.0,0.0,0.0,0.0,0.0,0.0,1.0,0.0,0.0,0.0,0.0,0.0,1.0,1.0,600,54,66,60.0,6.324555320336759,60.0,0.0011458873748779,10,0.9293344008552924,36.0
20.0,6,64.0,1261.8243080625753,0.0,0.0,0.5,0.5,0.5,0.0,0.0,5,0,0,5,0,0.0079250335693359,0.0,1.0,0.0,0.0,0.0,0.0,0.0,1.0,0.0,0.0,0.0,0.0,0.0,1.0,1.0,606,54,68,60.6,6.995236474439826,60.6,0.000974416732788,10,0.9296076095302278,44.04
20.0,6,64.0,1170.3836816697826,0.0,0.0,0.5,0.5,0.5,0.0,0.0,5,0,0,5,0,0.0085442066192626,0.0,1.0,0.0,0.0,0.0,0.0,0.0,1.0,0.0,0.0,0.0,0.0,0.0,1.0,1.0,610,54,68,61.0,7.378647873726218,61.0,0.0010390996932983,10,0.9297637959978412,49.0
20.0,6,64.0,412.7805060475736,0.0,0.0,0.8,0.2,0.2,0.0,0.0,2,0,0,8,0,0.0242259502410888,0.0,1.0,0.0,0.0,0.0,0.0,0.0,1.0,0.0,0.0,0.0,0.0,0.0,1.0,1.0,646,54,68,64.6,5.601587076693336,64.6,0.0026187896728515,10,0.9290398925115618,49.0
20.0,6,64.0,475.6039868917893,0.0,0.0,1.0,0.0,0.0,0.0,0.0,0,0,0,10,0,0.0210258960723876,0.0,1.0,0.0,0.0,0.0,0.0,0.0,1.0,0.0,0.0,0.0,0.0,0.0,1.0,1.0,682,67,69,68.2,1.0327955589886444,68.2,0.0023164987564086,10,0.9050250595989098,1.0
20.0,6,64.0,325.70288172577403,0.0,0.0,1.0,0.0,0.0,0.0,0.0,0,0,0,10,0,0.0307028293609619,0.0,1.0,0.0,0.0,0.0,0.0,0.0,1.0,0.0,0.0,0.0,0.0,0.0,1.0,1.0,738,69,77,73.8,4.131182235954578,73.8,0.003072190284729,10,0.9028789583956384,16.0
20.0,6,64.0,488.6131335841847,0.0,0.0,0.9,0.1,0.1,0.0,0.0,1,0,0,9,0,0.0204660892486572,0.0,1.0,0.0,0.0,0.0,0.0,0.0,1.0,0.0,0.0,0.0,0.0,0.0,1.0,1.0,757,54,79,75.7,7.689097620801951,75.7,0.0022034168243408,10,0.92989026080681,132.25
20.0,6,64.0,468.3861169428686,0.0,0.0,0.7,0.3,0.3,0.0,0.0,3,0,0,7,0,0.0213499069213867,0.0,1.0,0.0,0.0,0.0,0.0,0.0,1.0,0.0,0.0,0.0,0.0,0.0,1.0,1.0,1430,54,309,143.0,114.98309054426704,143.0,0.0021376848220825,10,0.9735975417641126,11899.0
20.0,6,64.0,827.1320672858861,0.0,0.0,0.6,0.4,0.4,0.0,0.0,4,0,0,6,0,0.0120899677276611,0.0,1.0,0.0,0.0,0.0,0.0,0.0,1.0,0.0,0.0,0.0,0.0,0.0,1.0,1.0,2070,54,309,207.0,131.68143377105218,207.0,0.0012123107910156,10,0.9803997788609758,16256.25
20.0,6,64.0,782.4026264736607,0.0,0.0,0.6,0.4,0.4,0.0,0.0,4,0,0,6,0,0.0127811431884765,0.0,1.0,0.0,0.0,0.0,0.0,0.0,1.0,0.0,0.0,0.0,0.0,0.0,1.0,1.0,1823,54,311,182.3,135.24138912823005,182.3,0.0012798070907592,10,0.9818499622752758,16461.21
20.0,6,64.0,429.348346811342,0.0,0.0,0.7,0.3,0.3,0.0,0.0,3,0,0,7,0,0.0232911109924316,0.0,1.0,0.0,0.0,0.0,0.0,0.0,1.0,0.0,0.0,0.0,0.0,0.0,1.0,1.0,2122,54,311,212.2,128.0718548315749,212.2,0.0023314952850341,10,0.9789293807841905,14762.16
20.0,6,64.0,1178.274573700031,0.0,0.0,0.5,0.5,0.5,0.0,0.0,5,0,0,5,0,0.0084869861602783,0.0,1.0,0.0,0.0,0.0,0.0,0.0,1.0,0.0,0.0,0.0,0.0,0.0,1.0,1.0,740,54,94,74.0,21.081851067789195,74.0,0.0011728048324584,10,0.9353459328509748,400.0
20.0,6,64.0,456.870976526333,0.0,0.0,0.5,0.5,0.5,0.0,0.0,5,0,0,5,0,0.0218880176544189,0.0,1.0,0.0,0.0,0.0,0.0,0.0,1.0,0.0,0.0,0.0,0.0,0.0,1.0,1.0,784,54,96,78.4,21.01428085850192,78.4,0.0025220870971679,10,0.9353184074505192,403.358024691358
20.0,6,64.0,4038.8098218584496,0.0,0.0,0.5,0.5,0.5,0.0,0.0,5,0,0,5,0,0.0024759769439697,0.0,1.0,0.0,0.0,0.0,0.0,0.0,1.0,0.0,0.0,0.0,0.0,0.0,1.0,1.0,750,54,96,75.0,22.13594362117865,75.0,0.0002515077590942,10,0.9357753279935234,441.0
20.0,6,64.0,588.8891384926429,0.0,0.0,0.7,0.3,0.3,0.0,0.0,3,0,0,7,0,0.0169811248779296,0.0,1.0,0.0,0.0,0.0,0.0,0.0,1.0,0.0,0.0,0.0,0.0,0.0,1.0,1.0,702,54,96,70.2,18.55801713545927,70.2,0.0016998052597045,10,0.9343178238603008,441.0
20.0,6,64.0,475.0114950339188,0.0,0.0,1.0,0.0,0.0,0.0,0.0,0,0,0,10,0,0.0210521221160888,0.0,1.0,0.0,0.0,0.0,0.0,0.0,1.0,0.0,0.0,0.0,0.0,0.0,1.0,1.0,666,66,68,66.6,0.966091783079296,66.6,0.0022918939590454,10,0.0,0.8400000000000001
20.0,6,64.0,258.8804878500404,0.0,0.0,1.0,0.0,0.0,0.0,0.0,0,0,0,10,0,0.0386278629302978,0.0,1.0,0.0,0.0,0.0,0.0,0.0,1.0,0.0,0.0,0.0,0.0,0.0,1.0,1.0,4148,68,1224,414.8,558.4010506198331,414.8,0.0039965867996215,10,1.0,280630.56000000006
20.0,6,64.0,815.1243781094528,0.0,0.0,1.0,0.0,0.0,0.0,0.0,0,0,0,10,0,0.01226806640625,0.0,1.0,0.0,0.0,0.0,0.0,0.0,1.0,0.0,0.0,0.0,0.0,0.0,1.0,1.0,12243,1224,1225,1224.3,0.4830458915396479,1224.3,0.0012276172637939,10,0.0,0.21
20.0,6,64.0,442.2412011556062,0.0,0.0,0.9,0.1,0.1,0.0,0.0,1,0,0,9,0,0.0226120948791503,0.0,1.0,0.0,0.0,0.0,0.0,0.0,1.0,0.0,0.0,0.0,0.0,0.0,1.0,1.0,8817,54,1225,881.7,552.8727098829652,881.7,0.0026166915893554,10,1.0,275101.41000000003
20.0,6,64.0,495.2011239802123,0.0,0.0,0.8,0.2,0.2,0.0,0.0,2,0,0,8,0,0.0201938152313232,0.0,1.0,0.0,0.0,0.0,0.0,0.0,1.0,0.0,0.0,0.0,0.0,0.0,1.0,1.0,860,54,94,86.0,16.865480854231357,86.0,0.0022013902664184,10,0.9336283522807796,400.0
20.0,6,64.0,2510.6572488926136,0.0,0.0,0.6,0.4,0.4,0.0,0.0,4,0,0,6,0,0.0039830207824707,0.0,1.0,0.0,0.0,0.0,0.0,0.0,1.0,0.0,0.0,0.0,0.0,0.0,1.0,1.0,792,54,96,79.2,21.68870673876153,79.2,0.0003992080688476,10,0.935593141577102,441.0
20.0,6,64.0,421.7457843561151,0.0,0.0,0.6,0.4,0.4,0.0,0.0,4,0,0,6,0,0.0237109661102294,0.0,1.0,0.0,0.0,0.0,0.0,0.0,1.0,0.0,0.0,0.0,0.0,0.0,1.0,1.0,3412,54,1406,341.2,561.5480191201619,341.2,0.0026607990264892,10,1.0,305152.987654321
20.0,6,64.0,615.3073379690755,0.0,0.0,0.7,0.3,0.3,0.0,0.0,3,0,0,7,0,0.0162520408630371,0.0,1.0,0.0,0.0,0.0,0.0,0.0,1.0,0.0,0.0,0.0,0.0,0.0,1.0,1.0,11356,54,1406,1135.6,570.0532528730199,1135.6,0.0018171072006225,10,1.0,406200.8888888889
20.0,6,64.0,738.8891042015326,0.0,0.0,0.6,0.4,0.4,0.0,0.0,4,0,0,6,0,0.0135338306427001,0.0,1.0,0.0,0.0,0.0,0.0,0.0,1.0,0.0,0.0,0.0,0.0,0.0,1.0,1.0,8652,54,1406,865.2,698.1697978763237,865.2,0.0013553857803344,10,1.0,456976.0
20.0,6,64.0,505.4535375567901,0.0,0.0,0.6,0.4,0.4,0.0,0.0,4,0,0,6,0,0.0197842121124267,0.0,1.0,0.0,0.0,0.0,0.0,0.0,1.0,0.0,0.0,0.0,0.0,0.0,1.0,1.0,5972,54,1406,597.2,696.1195299659391,597.2,0.0019815206527709,10,1.0,456976.0
20.0,6,64.0,715.7148951418869,0.0,0.0,0.6,0.4,0.4,0.0,0.0,4,0,0,6,0,0.0139720439910888,0.0,1.0,0.0,0.0,0.0,0.0,0.0,1.0,0.0,0.0,0.0,0.0,0.0,1.0,1.0,600,54,66,60.0,6.324555320336759,60.0,0.0013985872268676,10,0.9293344008552924,36.0
20.0,6,64.0,974.354542709132,0.0,0.0,0.5,0.5,0.5,0.0,0.0,5,0,0,5,0,0.0102632045745849,0.0,1.0,0.0,0.0,0.0,0.0,0.0,1.0,0.0,0.0,0.0,0.0,0.0,1.0,1.0,618,54,68,61.8,6.762642481555072,61.8,0.0010867118835449,10,0.9295128600412864,41.16
20.0,6,64.0,903.3413021472722,0.0,0.0,0.6,0.4,0.4,0.0,0.0,4,0,0,6,0,0.0110700130462646,0.0,1.0,0.0,0.0,0.0,0.0,0.0,1.0,0.0,0.0,0.0,0.0,0.0,1.0,1.0,610,54,68,61.0,7.378647873726218,61.0,0.0011096954345703,10,0.9297637959978412,49.0
20.0,6,64.0,404.1378247128652,0.0,0.0,0.7,0.3,0.3,0.0,0.0,3,0,0,7,0,0.0247440338134765,0.0,1.0,0.0,0.0,0.0,0.0,0.0,1.0,0.0,0.0,0.0,0.0,0.0,1.0,1.0,2788,54,498,278.8,231.1136324648789,278.8,0.0027690887451171,10,1.0,48072.16
20.0,6,64.0,1988.952959028832,0.0,0.0,0.6,0.4,0.4,0.0,0.0,4,0,0,6,0,0.0050277709960937,0.0,1.0,0.0,0.0,0.0,0.0,0.0,1.0,0.0,0.0,0.0,0.0,0.0,1.0,1.0,3206,54,500,320.6,229.45355376052325,320.6,0.0005332946777343,10,1.0,49284.0
20.0,6,64.0,572.2496759669827,0.0,0.0,0.9,0.1,0.1,0.0,0.0,1,0,0,9,0,0.017474889755249,0.0,1.0,0.0,0.0,0.0,0.0,0.0,1.0,0.0,0.0,0.0,0.0,0.0,1.0,1.0,4554,54,500,455.4,141.03758364350972,455.4,0.0020044088363647,10,0.9842111000730202,19646.024691358023
20.0,6,64.0,1722.931317778508,0.0,0.0,1.0,0.0,0.0,0.0,0.0,0,0,0,10,0,0.0058040618896484,0.0,1.0,0.0,0.0,0.0,0.0,0.0,1.0,0.0,0.0,0.0,0.0,0.0,1.0,1.0,660,66,66,66.0,0.0,66.0,0.0030519008636474,10,0.0,0.0
20.0,6,64.0,498.25421715371823,0.0,0.0,1.0,0.0,0.0,0.0,0.0,0,0,0,10,0,0.0200700759887695,0.0,1.0,0.0,0.0,0.0,0.0,0.0,1.0,0.0,0.0,0.0,0.0,0.0,1.0,1.0,680,68,68,68.0,0.0,68.0,0.0022447109222412,10,0.0,0.0
20.0,6,64.0,11161.000532197975,0.0,0.0,0.8,0.2,0.2,0.0,0.0,2,0,0,8,0,0.0008959770202636,0.0,1.0,0.0,0.0,0.0,0.0,0.0,1.0,0.0,0.0,0.0,0.0,0.0,1.0,1.0,772,54,83,77.2,12.227473619317731,77.2,0.0025343894958496,10,0.9317390136535652,210.25
20.0,6,64.0,592.1732623642858,0.0,0.0,0.9,0.1,0.1,0.0,0.0,1,0,0,9,0,0.0168869495391845,0.0,1.0,0.0,0.0,0.0,0.0,0.0,1.0,0.0,0.0,0.0,0.0,0.0,1.0,1.0,815,54,85,81.5,9.69822435065077,81.5,0.0018223047256469,10,0.9307086986714812,113.42857142857144
20.0,6,64.0,436.5110785017744,0.0,0.0,0.6,0.4,0.4,0.0,0.0,4,0,0,6,0,0.0229089260101318,0.0,1.0,0.0,0.0,0.0,0.0,0.0,1.0,0.0,0.0,0.0,0.0,0.0,1.0,1.0,1841,54,356,184.1,148.48827114175268,184.1,0.0025977849960327,10,0.9872462121323043,19843.89
20.0,6,64.0,675.48741404023,0.0,0.0,0.7,0.3,0.3,0.0,0.0,3,0,0,7,0,0.0148041248321533,0.0,1.0,0.0,0.0,0.0,0.0,0.0,1.0,0.0,0.0,0.0,0.0,0.0,1.0,1.0,2656,54,358,265.6,146.01917682277218,265.6,0.0014823198318481,10,0.9862404018705244,22801.0
20.0,6,64.0,813.8748423401572,0.0,0.0,0.6,0.4,0.4,0.0,0.0,4,0,0,6,0,0.012286901473999,0.0,1.0,0.0,0.0,0.0,0.0,0.0,1.0,0.0,0.0,0.0,0.0,0.0,1.0,1.0,2364,54,358,236.4,156.98492496627395,236.4,0.0012306928634643,10,0.9907074090342614,23104.0
20.0,6,64.0,387.88022268666657,0.0,0.0,0.8,0.2,0.2,0.0,0.0,2,0,0,8,0,0.0257811546325683,0.0,1.0,0.0,0.0,0.0,0.0,0.0,1.0,0.0,0.0,0.0,0.0,0.0,1.0,1.0,1492,54,358,149.2,144.15177187025256,149.2,0.0025809049606323,10,0.985479695789066,23104.0
20.0,6,64.0,502.76946682009975,0.0,0.0,1.0,0.0,0.0,0.0,0.0,0,0,0,10,0,0.0198898315429687,0.0,1.0,0.0,0.0,0.0,0.0,0.0,1.0,0.0,0.0,0.0,0.0,0.0,1.0,1.0,648,64,66,64.8,1.0327955589886444,64.8,0.0021098852157592,10,0.9101374495989096,0.96
20.0,6,64.0,345.0171097657278,0.0,0.0,1.0,0.0,0.0,0.0,0.0,0,0,0,10,0,0.0289840698242187,0.0,1.0,0.0,0.0,0.0,0.0,0.0,1.0,0.0,0.0,0.0,0.0,0.0,1.0,1.0,660,66,66,66.0,0.0,66.0,0.0030930042266845,10,0.0,0.0
20.0,6,64.0,494.1218604212808,0.0,0.0,1.0,0.0,0.0,0.0,0.0,0,0,0,10,0,0.020237922668457,0.0,1.0,0.0,0.0,0.0,0.0,0.0,1.0,0.0,0.0,0.0,0.0,0.0,1.0,1.0,668,66,68,66.8,1.0327955589886444,66.8,0.0022455930709838,10,0.9067291895989096,0.96
20.0,6,64.0,359.24900644100313,0.0,0.0,1.0,0.0,0.0,0.0,0.0,0,0,0,10,0,0.0278358459472656,0.0,1.0,0.0,0.0,0.0,0.0,0.0,1.0,0.0,0.0,0.0,0.0,0.0,1.0,1.0,668,65,68,66.8,1.5491933384829668,66.8,0.0030436038970947,10,0.9086436793983644,2.16
20.0,6,64.0,484.2859782006281,0.0,0.0,1.0,0.0,0.0,0.0,0.0,0,0,0,10,0,0.0206489562988281,0.0,1.0,0.0,0.0,0.0,0.0,0.0,1.0,0.0,0.0,0.0,0.0,0.0,1.0,1.0,658,65,67,65.8,1.0327955589886444,65.8,0.0021345138549804,10,0.9084333195989096,0.96
20.0,6,64.0,462.53393764956274,0.0,0.0,0.8,0.2,0.2,0.0,0.0,2,0,0,8,0,0.0216200351715087,0.0,1.0,0.0,0.0,0.0,0.0,0.0,1.0,0.0,0.0,0.0,0.0,0.0,1.0,1.0,642,54,67,64.2,5.391351098441527,64.2,0.0026283979415893,10,0.9289542507834612,26.160000000000004
20.0,6,64.0,1050.5457733249843,0.0,0.0,0.5,0.5,0.5,0.0,0.0,5,0,0,5,0,0.0095188617706298,0.0,1.0,0.0,0.0,0.0,0.0,0.0,1.0,0.0,0.0,0.0,0.0,0.0,1.0,1.0,600,54,66,60.0,6.324555320336759,60.0,0.0010012865066528,10,0.9293344008552924,36.0
20.0,6,64.0,881.6749348356176,0.0,0.0,0.5,0.5,0.5,0.0,0.0,5,0,0,5,0,0.0113420486450195,0.0,1.0,0.0,0.0,0.0,0.0,0.0,1.0,0.0,0.0,0.0,0.0,0.0,1.0,1.0,612,54,66,61.2,6.196773353931867,61.2,0.0012901067733764,10,0.9292823475934576,36.0
20.0,6,64.0,977.5337357540728,0.0,0.0,0.5,0.5,0.5,0.0,0.0,5,0,0,5,0,0.0102298259735107,0.0,1.0,0.0,0.0,0.0,0.0,0.0,1.0,0.0,0.0,0.0,0.0,0.0,1.0,1.0,600,54,66,60.0,6.324555320336759,60.0,0.0010257959365844,10,0.9293344008552924,36.0
20.0,6,64.0,502.46229410003,0.0,0.0,0.6,0.4,0.4,0.0,0.0,4,0,0,6,0,0.0199019908905029,0.0,1.0,0.0,0.0,0.0,0.0,0.0,1.0,0.0,0.0,0.0,0.0,0.0,1.0,1.0,594,54,66,59.4,5.738757124441959,59.4,0.0019922971725463,10,0.9290957701022128,36.0
20.0,6,64.0,631.9863787725827,0.0,0.0,0.6,0.4,0.4,0.0,0.0,4,0,0,6,0,0.0158231258392334,0.0,1.0,0.0,0.0,0.0,0.0,0.0,1.0,0.0,0.0,0.0,0.0,0.0,1.0,1.0,610,54,64,61.0,4.83045891539648,61.0,0.0019496202468872,10,0.928725765743776,22.222222222222225
20.0,6,64.0,769.6535525543159,0.0,0.0,0.6,0.4,0.4,0.0,0.0,4,0,0,6,0,0.0129928588867187,0.0,1.0,0.0,0.0,0.0,0.0,0.0,1.0,0.0,0.0,0.0,0.0,0.0,1.0,1.0,612,54,66,61.2,6.196773353931867,61.2,0.0013019800186157,10,0.9292823475934576,36.0
20.0,6,64.0,576.7744774477447,0.0,0.0,0.7,0.3,0.3,0.0,0.0,3,0,0,7,0,0.0173377990722656,0.0,1.0,0.0,0.0,0.0,0.0,0.0,1.0,0.0,0.0,0.0,0.0,0.0,1.0,1.0,612,54,66,61.2,6.196773353931867,61.2,0.0017364978790283,10,0.9292823475934576,36.0
20.0,6,64.0,990.7882739234168,0.0,0.0,0.6,0.4,0.4,0.0,0.0,4,0,0,6,0,0.0100929737091064,0.0,1.0,0.0,0.0,0.0,0.0,0.0,1.0,0.0,0.0,0.0,0.0,0.0,1.0,1.0,612,54,66,61.2,6.196773353931867,61.2,0.0013179063796997,10,0.9292823475934576,36.0
20.0,6,64.0,973.9020595815822,0.0,0.0,0.5,0.5,0.5,0.0,0.0,5,0,0,5,0,0.0102679729461669,0.0,1.0,0.0,0.0,0.0,0.0,0.0,1.0,0.0,0.0,0.0,0.0,0.0,1.0,1.0,620,54,68,62.0,6.928203230275509,62.0,0.0012547969818115,10,0.9295803028678852,43.55555555555556
20.0,6,64.0,751.8829771977628,0.0,0.0,0.6,0.4,0.4,0.0,0.0,4,0,0,6,0,0.0132999420166015,0.0,1.0,0.0,0.0,0.0,0.0,0.0,1.0,0.0,0.0,0.0,0.0,0.0,1.0,1.0,624,54,68,62.4,7.229568912920511,62.4,0.0013317108154296,10,0.9297030671923672,49.0
20.0,6,64.0,484.190937950938,0.0,0.0,0.7,0.3,0.3,0.0,0.0,3,0,0,7,0,0.0206530094146728,0.0,1.0,0.0,0.0,0.0,0.0,0.0,1.0,0.0,0.0,0.0,0.0,0.0,1.0,1.0,2292,54,346,229.2,150.7881516123421,229.2,0.00206880569458,10,0.9881830914408036,21316.0
20.0,6,64.0,841.3343229093535,0.0,0.0,0.5,0.5,0.5,0.0,0.0,5,0,0,5,0,0.0118858814239501,0.0,1.0,0.0,0.0,0.0,0.0,0.0,1.0,0.0,0.0,0.0,0.0,0.0,1.0,1.0,2296,54,348,229.6,151.13437729385063,229.6,0.0014047861099243,10,0.988324129934423,21316.0
20.0,6,64.0,887.7773309344905,0.0,0.0,0.5,0.5,0.5,0.0,0.0,5,0,0,5,0,0.0112640857696533,0.0,1.0,0.0,0.0,0.0,0.0,0.0,1.0,0.0,0.0,0.0,0.0,0.0,1.0,1.0,2010,54,348,201.0,154.95160534825058,201.0,0.0011289119720458,10,0.9898791159546634,21609.0
20.0,6,64.0,487.9934845840605,0.0,0.0,0.6,0.4,0.4,0.0,0.0,4,0,0,6,0,0.0204920768737792,0.0,1.0,0.0,0.0,0.0,0.0,0.0,1.0,0.0,0.0,0.0,0.0,0.0,1.0,1.0,1446,54,348,144.6,140.44073483145834,144.6,0.0020529985427856,10,0.9839679677409428,21609.0
20.0,6,64.0,842.0437252815643,0.0,0.0,0.5,0.5,0.5,0.0,0.0,5,0,0,5,0,0.0118758678436279,0.0,1.0,0.0,0.0,0.0,0.0,0.0,1.0,0.0,0.0,0.0,0.0,0.0,1.0,1.0,612,54,66,61.2,6.196773353931867,61.2,0.0011895895004272,10,0.9292823475934576,36.0
20.0,6,64.0,943.6641393119896,0.0,0.0,0.6,0.4,0.4,0.0,0.0,4,0,0,6,0,0.0105969905853271,0.0,1.0,0.0,0.0,0.0,0.0,0.0,1.0,0.0,0.0,0.0,0.0,0.0,1.0,1.0,606,54,68,60.6,6.995236474439826,60.6,0.0010625123977661,10,0.9296076095302278,44.04
20.0,6,64.0,1089.93919234967,0.0,0.0,0.5,0.5,0.5,0.0,0.0,5,0,0,5,0,0.0091748237609863,0.0,1.0,0.0,0.0,0.0,0.0,0.0,1.0,0.0,0.0,0.0,0.0,0.0,1.0,1.0,610,54,68,61.0,7.378647873726218,61.0,0.001078987121582,10,0.9297637959978412,49.0
20.0,6,64.0,435.9938046382054,0.0,0.0,0.8,0.2,0.2,0.0,0.0,2,0,0,8,0,0.0229361057281494,0.0,1.0,0.0,0.0,0.0,0.0,0.0,1.0,0.0,0.0,0.0,0.0,0.0,1.0,1.0,640,54,68,64.0,5.333333333333333,64.0,0.0024779081344604,10,0.9289306166666668,49.0
20.0,6,64.0,505.5571091075647,0.0,0.0,1.0,0.0,0.0,0.0,0.0,0,0,0,10,0,0.019780158996582,0.0,1.0,0.0,0.0,0.0,0.0,0.0,1.0,0.0,0.0,0.0,0.0,0.0,1.0,1.0,672,66,68,67.2,1.0327955589886444,67.2,0.002193808555603,10,0.9067291895989096,1.0
20.0,6,64.0,382.3500884245839,0.0,0.0,0.8,0.2,0.2,0.0,0.0,2,0,0,8,0,0.0261540412902832,0.0,1.0,0.0,0.0,0.0,0.0,0.0,1.0,0.0,0.0,0.0,0.0,0.0,1.0,1.0,7356,54,1406,735.6,706.6759747814647,735.6,0.0028132915496826,10,1.0,449451.84
20.0,6,64.0,674.5856922285126,0.0,0.0,0.7,0.3,0.3,0.0,0.0,3,0,0,7,0,0.0148239135742187,0.0,1.0,0.0,0.0,0.0,0.0,0.0,1.0,0.0,0.0,0.0,0.0,0.0,1.0,1.0,10004,54,1406,1000.4,653.078045361604,1000.4,0.0014860868453979,10,1.0,456976.0
20.0,6,64.0,559.5016340959114,0.0,0.0,0.8,0.2,0.2,0.0,0.0,2,0,0,8,0,0.0178730487823486,0.0,1.0,0.0,0.0,0.0,0.0,0.0,1.0,0.0,0.0,0.0,0.0,0.0,1.0,1.0,10004,54,1406,1000.4,653.078045361604,1000.4,0.0017901182174682,10,1.0,456976.0
20.0,6,64.0,474.7426682814746,0.0,0.0,0.7,0.3,0.3,0.0,0.0,3,0,0,7,0,0.0210640430450439,0.0,1.0,0.0,0.0,0.0,0.0,0.0,1.0,0.0,0.0,0.0,0.0,0.0,1.0,1.0,1952,54,1406,195.2,425.45787100487394,195.2,0.0021080017089843,10,1.0,450241.0
20.0,6,64.0,888.9627400279768,0.0,0.0,0.6,0.4,0.4,0.0,0.0,4,0,0,6,0,0.0112490653991699,0.0,1.0,0.0,0.0,0.0,0.0,0.0,1.0,0.0,0.0,0.0,0.0,0.0,1.0,1.0,604,54,66,60.4,5.561774297230456,60.4,0.0013202905654907,10,0.9290236743777198,27.84
20.0,6,64.0,797.0022422376771,0.0,0.0,0.6,0.4,0.4,0.0,0.0,4,0,0,6,0,0.0125470161437988,0.0,1.0,0.0,0.0,0.0,0.0,0.0,1.0,0.0,0.0,0.0,0.0,0.0,1.0,1.0,624,54,66,62.4,5.796550698475776,62.4,0.0015137910842895,10,0.9291193128925312,36.0
20.0,6,64.0,461.3383782832505,0.0,0.0,0.7,0.3,0.3,0.0,0.0,3,0,0,7,0,0.0216760635375976,0.0,1.0,0.0,0.0,0.0,0.0,0.0,1.0,0.0,0.0,0.0,0.0,0.0,1.0,1.0,602,54,66,60.2,5.370702416299421,60.2,0.0021694183349609,10,0.9289458393363036,36.0
20.0,6,64.0,332.791468968691,0.0,0.0,0.5,0.5,0.5,0.0,0.0,5,0,0,5,0,0.0300488471984863,0.0,1.0,0.0,0.0,0.0,0.0,0.0,1.0,0.0,0.0,0.0,0.0,0.0,1.0,1.0,602,54,66,60.2,5.370702416299421,60.2,0.0031907796859741,10,0.9289458393363036,25.96
20.0,6,64.0,1881.4443995873144,0.0,0.0,0.6,0.4,0.4,0.0,0.0,4,0,0,6,0,0.0053150653839111,0.0,1.0,0.0,0.0,0.0,0.0,0.0,1.0,0.0,0.0,0.0,0.0,0.0,1.0,1.0,612,54,66,61.2,6.196773353931867,61.2,0.0005364179611206,10,0.9292823475934576,36.0
20.0,6,64.0,433.349588791999,0.0,0.0,0.6,0.4,0.4,0.0,0.0,4,0,0,6,0,0.023076057434082,0.0,1.0,0.0,0.0,0.0,0.0,0.0,1.0,0.0,0.0,0.0,0.0,0.0,1.0,1.0,612,54,66,61.2,6.196773353931867,61.2,0.0023089885711669,10,0.9292823475934576,36.0
20.0,6,64.0,2258.4018953262976,0.0,0.0,0.6,0.4,0.4,0.0,0.0,4,0,0,6,0,0.0044279098510742,0.0,1.0,0.0,0.0,0.0,0.0,0.0,1.0,0.0,0.0,0.0,0.0,0.0,1.0,1.0,612,54,66,61.2,6.196773353931867,61.2,0.000443696975708,10,0.9292823475934576,36.0
20.0,6,64.0,965.6062803600616,0.0,0.0,0.5,0.5,0.5,0.0,0.0,5,0,0,5,0,0.0103561878204345,0.0,1.0,0.0,0.0,0.0,0.0,0.0,1.0,0.0,0.0,0.0,0.0,0.0,1.0,1.0,608,54,68,60.8,7.192588778272627,60.8,0.0010372161865234,10,0.9296880029647172,46.56
20.0,6,64.0,915.8268920040176,0.0,0.0,0.6,0.4,0.4,0.0,0.0,4,0,0,6,0,0.0109190940856933,0.0,1.0,0.0,0.0,0.0,0.0,0.0,1.0,0.0,0.0,0.0,0.0,0.0,1.0,1.0,610,54,68,61.0,7.378647873726218,61.0,0.0010936021804809,10,0.9297637959978412,49.0
20.0,6,64.0,578.2694534826007,0.0,0.0,0.5,0.5,0.5,0.0,0.0,5,0,0,5,0,0.0172929763793945,0.0,1.0,0.0,0.0,0.0,0.0,0.0,1.0,0.0,0.0,0.0,0.0,0.0,1.0,1.0,586,54,68,58.6,5.168279318217149,58.6,0.0019214868545532,10,0.9288633802630688,49.0
20.0,6,64.0,1218.7784041378509,0.0,0.0,0.5,0.5,0.5,0.0,0.0,5,0,0,5,0,0.0082049369812011,0.0,1.0,0.0,0.0,0.0,0.0,0.0,1.0,0.0,0.0,0.0,0.0,0.0,1.0,1.0,580,54,62,58.0,4.216370213557839,58.0,0.0008785963058471,10,0.9284756105701948,16.0
20.0,6,64.0,1053.5275796242338,0.0,0.0,0.5,0.5,0.5,0.0,0.0,5,0,0,5,0,0.0094919204711914,0.0,1.0,0.0,0.0,0.0,0.0,0.0,1.0,0.0,0.0,0.0,0.0,0.0,1.0,1.0,588,54,64,58.8,5.094659513211413,58.8,0.0011203050613403,10,0.9288333904993018,23.360000000000003
20.0,6,64.0,1054.5076052796985,0.0,0.0,0.5,0.5,0.5,0.0,0.0,5,0,0,5,0,0.0094830989837646,0.0,1.0,0.0,0.0,0.0,0.0,0.0,1.0,0.0,0.0,0.0,0.0,0.0,1.0,1.0,590,54,64,59.0,5.270462766947299,59.0,0.0012030124664306,10,0.9289050057127436,25.0
20.0,6,64.0,607.6411786862922,0.0,0.0,0.5,0.5,0.5,0.0,0.0,5,0,0,5,0,0.0164570808410644,0.0,1.0,0.0,0.0,0.0,0.0,0.0,1.0,0.0,0.0,0.0,0.0,0.0,1.0,1.0,622,54,72,62.2,8.966604708583958,62.2,0.0018854856491088,10,0.9304106660940888,72.36
20.0,6,64.0,1073.1786198602972,0.0,0.0,0.5,0.5,0.5,0.0,0.0,5,0,0,5,0,0.0093181133270263,0.0,1.0,0.0,0.0,0.0,0.0,0.0,1.0,0.0,0.0,0.0,0.0,0.0,1.0,1.0,630,54,72,63.0,9.486832980505138,63.0,0.0009927034378051,10,0.9306225862829386,81.0
20.0,6,64.0,990.5776770110056,0.0,0.0,0.5,0.5,0.5,0.0,0.0,5,0,0,5,0,0.0100951194763183,0.0,1.0,0.0,0.0,0.0,0.0,0.0,1.0,0.0,0.0,0.0,0.0,0.0,1.0,1.0,658,54,74,65.8,10.174041041351812,65.8,0.001304006576538,10,0.9309025273586052,95.20987654320987
20.0,6,64.0,832.913795500129,0.0,0.0,0.5,0.5,0.5,0.0,0.0,5,0,0,5,0,0.0120060443878173,0.0,1.0,0.0,0.0,0.0,0.0,0.0,1.0,0.0,0.0,0.0,0.0,0.0,1.0,1.0,640,54,74,64.0,10.540925533894598,64.0,0.0012024879455566,10,0.9310519814254872,100.0
20.0,6,64.0,613.5701224418145,0.0,0.0,0.6,0.4,0.4,0.0,0.0,4,0,0,6,0,0.0162980556488037,0.0,1.0,0.0,0.0,0.0,0.0,0.0,1.0,0.0,0.0,0.0,0.0,0.0,1.0,1.0,6390,54,1224,639.0,616.644143732834,639.0,0.0016319036483764,10,1.0,342225.0
20.0,6,64.0,1113.344835824065,0.0,0.0,0.5,0.5,0.5,0.0,0.0,5,0,0,5,0,0.0089819431304931,0.0,1.0,0.0,0.0,0.0,0.0,0.0,1.0,0.0,0.0,0.0,0.0,0.0,1.0,1.0,7562,54,1226,756.2,604.3578410180511,756.2,0.0014616966247558,10,1.0,342225.0
20.0,6,64.0,924.9760723343256,0.0,0.0,0.6,0.4,0.4,0.0,0.0,4,0,0,6,0,0.0108110904693603,0.0,1.0,0.0,0.0,0.0,0.0,0.0,1.0,0.0,0.0,0.0,0.0,0.0,1.0,1.0,6400,54,1226,640.0,617.6982362862234,640.0,0.0010867118835449,10,1.0,343396.0
20.0,6,64.0,697.0640341692842,0.0,0.0,0.5,0.5,0.5,0.0,0.0,5,0,0,5,0,0.0143458843231201,0.0,1.0,0.0,0.0,0.0,0.0,0.0,1.0,0.0,0.0,0.0,0.0,0.0,1.0,1.0,5238,54,1226,523.8,604.3651949681491,523.8,0.0017275810241699,10,1.0,343396.0
20.0,6,64.0,756.7667436489608,0.0,0.0,0.7,0.3,0.3,0.0,0.0,3,0,0,7,0,0.013214111328125,0.0,1.0,0.0,0.0,0.0,0.0,0.0,1.0,0.0,0.0,0.0,0.0,0.0,1.0,1.0,610,54,64,61.0,4.83045891539648,61.0,0.0016001224517822,10,0.928725765743776,21.0
20.0,6,64.0,1092.7789067792194,0.0,0.0,0.5,0.5,0.5,0.0,0.0,5,0,0,5,0,0.0091509819030761,0.0,1.0,0.0,0.0,0.0,0.0,0.0,1.0,0.0,0.0,0.0,0.0,0.0,1.0,1.0,596,54,66,59.6,5.94792213951879,59.6,0.0011212825775146,10,0.9291809755627544,31.84
20.0,6,64.0,653.4608793194777,0.0,0.0,0.6,0.4,0.4,0.0,0.0,4,0,0,6,0,0.0153031349182128,0.0,1.0,0.0,0.0,0.0,0.0,0.0,1.0,0.0,0.0,0.0,0.0,0.0,1.0,1.0,624,54,66,62.4,5.796550698475776,62.4,0.0017784118652343,10,0.9291193128925312,36.0
20.0,6,64.0,401.18836504156025,0.0,0.0,1.0,0.0,0.0,0.0,0.0,0,0,0,10,0,0.024925947189331,0.0,1.0,0.0,0.0,0.0,0.0,0.0,1.0,0.0,0.0,0.0,0.0,0.0,1.0,1.0,630,54,64,63.0,3.1622776601683795,63.0,0.0024971008300781,10,0.9280462154276462,25.0
20.0,6,64.0,738.824026774705,0.0,0.0,1.0,0.0,0.0,0.0,0.0,0,0,0,10,0,0.0135350227355957,0.0,1.0,0.0,0.0,0.0,0.0,0.0,1.0,0.0,0.0,0.0,0.0,0.0,1.0,1.0,658,64,66,65.8,0.6324555320336757,65.8,0.0021585941314697,10,0.0,1.0
20.0,6,64.0,354.34741101827365,0.0,0.0,1.0,0.0,0.0,0.0,0.0,0,0,0,10,0,0.0282208919525146,0.0,1.0,0.0,0.0,0.0,0.0,0.0,1.0,0.0,0.0,0.0,0.0,0.0,1.0,1.0,5682,66,624,568.2,176.4550934373956,568.2,0.0030179977416992,10,0.9781892168626576,77841.0
20.0,6,64.0,523.6203840103867,0.0,0.0,1.0,0.0,0.0,0.0,0.0,0,0,0,10,0,0.0190978050231933,0.0,1.0,0.0,0.0,0.0,0.0,0.0,1.0,0.0,0.0,0.0,0.0,0.0,1.0,1.0,6258,624,626,625.8,0.6324555320336759,625.8,0.0021951913833618,10,0.0,1.0
20.0,6,64.0,516.6862534954482,0.0,0.0,0.6,0.4,0.4,0.0,0.0,4,0,0,6,0,0.0193541049957275,0.0,1.0,0.0,0.0,0.0,0.0,0.0,1.0,0.0,0.0,0.0,0.0,0.0,1.0,1.0,7872,54,1406,787.2,674.1975971478985,787.2,0.0020078182220458,10,1.0,409088.16
20.0,6,64.0,1154.978383588049,0.0,0.0,0.5,0.5,0.5,0.0,0.0,5,0,0,5,0,0.0086581707000732,0.0,1.0,0.0,0.0,0.0,0.0,0.0,1.0,0.0,0.0,0.0,0.0,0.0,1.0,1.0,7300,54,1406,730.0,712.5665660912748,730.0,0.0011471986770629,10,1.0,456976.0
20.0,6,64.0,846.1034454934237,0.0,0.0,0.6,0.4,0.4,0.0,0.0,4,0,0,6,0,0.0118188858032226,0.0,1.0,0.0,0.0,0.0,0.0,0.0,1.0,0.0,0.0,0.0,0.0,0.0,1.0,1.0,8652,54,1406,865.2,698.1697978763237,865.2,0.0013902902603149,10,1.0,438696.96
20.0,6,64.0,509.9147772171904,0.0,0.0,0.6,0.4,0.4,0.0,0.0,4,0,0,6,0,0.019611120223999,0.0,1.0,0.0,0.0,0.0,0.0,0.0,1.0,0.0,0.0,0.0,0.0,0.0,1.0,1.0,5968,54,1406,596.8,696.4591078368412,596.8,0.0021567106246948,10,1.0,456976.0
20.0,6,64.0,520.8309843414337,0.0,0.0,1.0,0.0,0.0,0.0,0.0,0,0,0,10,0,0.0192000865936279,0.0,1.0,0.0,0.0,0.0,0.0,0.0,1.0,0.0,0.0,0.0,0.0,0.0,1.0,1.0,644,64,66,64.4,0.8432740427115678,64.4,0.0020961046218872,10,0.0,0.64
20.0,6,64.0,370.7278785896745,0.0,0.0,0.9,0.1,0.1,0.0,0.0,1,0,0,9,0,0.0269739627838134,0.0,1.0,0.0,0.0,0.0,0.0,0.0,1.0,0.0,0.0,0.0,0.0,0.0,1.0,1.0,648,54,66,64.8,3.794733192202055,64.8,0.0028907775878906,10,0.9283038525131756,12.96
20.0,6,64.0,975.8961353219014,0.0,0.0,0.5,0.5,0.5,0.0,0.0,5,0,0,5,0,0.010246992111206,0.0,1.0,0.0,0.0,0.0,0.0,0.0,1.0,0.0,0.0,0.0,0.0,0.0,1.0,1.0,600,54,66,60.0,6.324555320336759,60.0,0.0011878013610839,10,0.9293344008552924,36.0
20.0,6,64.0,743.104370781142,0.0,0.0,0.5,0.5,0.5,0.0,0.0,5,0,0,5,0,0.0134570598602294,0.0,1.0,0.0,0.0,0.0,0.0,0.0,1.0,0.0,0.0,0.0,0.0,0.0,1.0,1.0,602,54,68,60.2,6.562519841239848,60.2,0.001582908630371,10,0.9294313380825274,38.76
20.0,6,64.0,1365.955839249658,0.0,0.0,0.5,0.5,0.5,0.0,0.0,5,0,0,5,0,0.0073208808898925,0.0,1.0,0.0,0.0,0.0,0.0,0.0,1.0,0.0,0.0,0.0,0.0,0.0,1.0,1.0,610,54,68,61.0,7.378647873726218,61.0,0.0007339000701904,10,0.9297637959978412,49.0
20.0,6,64.0,513.1902606142176,0.0,0.0,0.6,0.4,0.4,0.0,0.0,4,0,0,6,0,0.0194859504699707,0.0,1.0,0.0,0.0,0.0,0.0,0.0,1.0,0.0,0.0,0.0,0.0,0.0,1.0,1.0,616,54,68,61.6,6.719788356455548,61.6,0.0021426916122436,10,0.9294954029848858,49.0
20.0,6,64.0,554.3255137778365,0.0,0.0,1.0,0.0,0.0,0.0,0.0,0,0,0,10,0,0.0180399417877197,0.0,1.0,0.0,0.0,0.0,0.0,0.0,1.0,0.0,0.0,0.0,0.0,0.0,1.0,1.0,644,64,66,64.4,0.8432740427115678,64.4,0.0018068075180053,10,0.0,0.64
20.0,6,64.0,345.0540084735305,0.0,0.0,0.9,0.1,0.1,0.0,0.0,1,0,0,9,0,0.0289809703826904,0.0,1.0,0.0,0.0,0.0,0.0,0.0,1.0,0.0,0.0,0.0,0.0,0.0,1.0,1.0,1806,54,1224,180.6,366.6327863134993,180.6,0.0030858039855957,10,1.0,132440.88888888888
20.0,6,64.0,1198.88637987709,0.0,0.0,0.5,0.5,0.5,0.0,0.0,5,0,0,5,0,0.0083410739898681,0.0,1.0,0.0,0.0,0.0,0.0,0.0,1.0,0.0,0.0,0.0,0.0,0.0,1.0,1.0,6390,54,1224,639.0,616.644143732834,639.0,0.00083589553833,10,1.0,342225.0
20.0,6,64.0,983.8624475147192,0.0,0.0,0.5,0.5,0.5,0.0,0.0,5,0,0,5,0,0.0101640224456787,0.0,1.0,0.0,0.0,0.0,0.0,0.0,1.0,0.0,0.0,0.0,0.0,0.0,1.0,1.0,7564,54,1226,756.4,604.5301573214616,756.4,0.0012464046478271,10,1.0,342225.0
20.0,6,64.0,561.3587269296144,0.0,0.0,0.5,0.5,0.5,0.0,0.0,5,0,0,5,0,0.0178139209747314,0.0,1.0,0.0,0.0,0.0,0.0,0.0,1.0,0.0,0.0,0.0,0.0,0.0,1.0,1.0,6400,54,1226,640.0,617.6982362862234,640.0,0.0017849922180175,10,1.0,343396.0
20.0,6,64.0,744.4364772283554,0.0,0.0,0.6,0.4,0.4,0.0,0.0,4,0,0,6,0,0.0134329795837402,0.0,1.0,0.0,0.0,0.0,0.0,0.0,1.0,0.0,0.0,0.0,0.0,0.0,1.0,1.0,4076,54,1226,407.6,564.7637067344576,407.6,0.0013479948043823,10,1.0,343396.0
20.0,6,64.0,1098.6468292427378,0.0,0.0,0.5,0.5,0.5,0.0,0.0,5,0,0,5,0,0.0091021060943603,0.0,1.0,0.0,0.0,0.0,0.0,0.0,1.0,0.0,0.0,0.0,0.0,0.0,1.0,1.0,590,54,64,59.0,5.270462766947299,59.0,0.0011603116989135,10,0.9289050057127436,25.0
20.0,6,64.0,1104.229149115417,0.0,0.0,0.5,0.5,0.5,0.0,0.0,5,0,0,5,0,0.0090560913085937,0.0,1.0,0.0,0.0,0.0,0.0,0.0,1.0,0.0,0.0,0.0,0.0,0.0,1.0,1.0,594,54,66,59.4,5.738757124441959,59.4,0.0010837078094482,10,0.9290957701022128,29.64
20.0,6,64.0,1064.058044548176,0.0,0.0,0.5,0.5,0.5,0.0,0.0,5,0,0,5,0,0.0093979835510253,0.0,1.0,0.0,0.0,0.0,0.0,0.0,1.0,0.0,0.0,0.0,0.0,0.0,1.0,1.0,600,54,66,60.0,6.324555320336759,60.0,0.0011607885360717,10,0.9293344008552924,36.0
20.0,6,64.0,475.782022777803,0.0,0.0,0.7,0.3,0.3,0.0,0.0,3,0,0,7,0,0.0210180282592773,0.0,1.0,0.0,0.0,0.0,0.0,0.0,1.0,0.0,0.0,0.0,0.0,0.0,1.0,1.0,624,54,66,62.4,5.796550698475776,62.4,0.0021893978118896,10,0.9291193128925312,36.0
20.0,6,64.0,521.5109541690498,0.0,0.0,1.0,0.0,0.0,0.0,0.0,0,0,0,10,0,0.0191750526428222,0.0,1.0,0.0,0.0,0.0,0.0,0.0,1.0,0.0,0.0,0.0,0.0,0.0,1.0,1.0,664,66,67,66.4,0.5163977794943222,66.4,0.0021592140197753,10,0.0,0.24
20.0,6,64.0,401.02725908078287,0.0,0.0,0.8,0.2,0.2,0.0,0.0,2,0,0,8,0,0.0249359607696533,0.0,1.0,0.0,0.0,0.0,0.0,0.0,1.0,0.0,0.0,0.0,0.0,0.0,1.0,1.0,638,54,67,63.8,5.308274463305168,63.8,0.0027036905288696,10,0.928920408685372,25.360000000000003
20.0,6,64.0,1096.034284519703,0.0,0.0,0.5,0.5,0.5,0.0,0.0,5,0,0,5,0,0.0091238021850585,0.0,1.0,0.0,0.0,0.0,0.0,0.0,1.0,0.0,0.0,0.0,0.0,0.0,1.0,1.0,590,54,64,59.0,5.270462766947299,59.0,0.0010907888412475,10,0.9289050057127436,25.0
20.0,6,64.0,1211.981391048054,0.0,0.0,0.6,0.4,0.4,0.0,0.0,4,0,0,6,0,0.0082509517669677,0.0,1.0,0.0,0.0,0.0,0.0,0.0,1.0,0.0,0.0,0.0,0.0,0.0,1.0,1.0,606,54,66,60.6,5.738757124441958,60.6,0.0012202024459838,10,0.9290957701022128,29.64
20.0,6,64.0,834.1063935567266,0.0,0.0,0.5,0.5,0.5,0.0,0.0,5,0,0,5,0,0.011988878250122,0.0,1.0,0.0,0.0,0.0,0.0,0.0,1.0,0.0,0.0,0.0,0.0,0.0,1.0,1.0,612,54,66,61.2,6.196773353931867,61.2,0.0014132022857666,10,0.9292823475934576,36.0
20.0,6,64.0,531.9210673159844,0.0,0.0,0.5,0.5,0.5,0.0,0.0,5,0,0,5,0,0.0187997817993164,0.0,1.0,0.0,0.0,0.0,0.0,0.0,1.0,0.0,0.0,0.0,0.0,0.0,1.0,1.0,560,54,66,56.0,3.651483716701108,56.0,0.0018826961517333,10,0.9282454984068352,36.0
20.0,6,64.0,879.6594031165454,0.0,0.0,0.5,0.5,0.5,0.0,0.0,5,0,0,5,0,0.0113680362701416,0.0,1.0,0.0,0.0,0.0,0.0,0.0,1.0,0.0,0.0,0.0,0.0,0.0,1.0,1.0,550,54,56,55.0,1.0540925533894598,55.0,0.0011403083801269,10,0.9271874251425488,1.0
20.0,6,64.0,934.8513350867026,0.0,0.0,0.5,0.5,0.5,0.0,0.0,5,0,0,5,0,0.0106968879699707,0.0,1.0,0.0,0.0,0.0,0.0,0.0,1.0,0.0,0.0,0.0,0.0,0.0,1.0,1.0,558,54,58,55.8,1.9888578520235063,55.8,0.0010720014572143,10,0.9275682111346004,3.56
20.0,6,64.0,929.2797164063364,0.0,0.0,0.5,0.5,0.5,0.0,0.0,5,0,0,5,0,0.010761022567749,0.0,1.0,0.0,0.0,0.0,0.0,0.0,1.0,0.0,0.0,0.0,0.0,0.0,1.0,1.0,560,54,58,56.0,2.10818510677892,56.0,0.0010782003402709,10,0.9276168202850976,4.0
20.0,6,64.0,387.5504961839114,0.0,0.0,0.9,0.1,0.1,0.0,0.0,1,0,0,9,0,0.0258030891418457,0.0,1.0,0.0,0.0,0.0,0.0,0.0,1.0,0.0,0.0,0.0,0.0,0.0,1.0,1.0,628,54,66,62.8,5.266244708835067,62.8,0.0025819063186645,10,0.928903287444591,30.222222222222225
20.0,6,64.0,468.820656122506,0.0,0.0,1.0,0.0,0.0,0.0,0.0,0,0,0,10,0,0.0213301181793212,0.0,1.0,0.0,0.0,0.0,0.0,0.0,1.0,0.0,0.0,0.0,0.0,0.0,1.0,1.0,674,66,68,67.4,0.9660917830792958,67.4,0.002366304397583,10,0.0,1.0
20.0,6,64.0,503.7295382213415,0.0,0.0,0.7,0.3,0.3,0.0,0.0,3,0,0,7,0,0.0198519229888916,0.0,1.0,0.0,0.0,0.0,0.0,0.0,1.0,0.0,0.0,0.0,0.0,0.0,1.0,1.0,622,54,68,62.2,5.921711464320654,62.2,0.0019884824752807,10,0.9291702983821056,31.56
20.0,6,64.0,1080.8390455084266,0.0,0.0,0.5,0.5,0.5,0.0,0.0,5,0,0,5,0,0.0092520713806152,0.0,1.0,0.0,0.0,0.0,0.0,0.0,1.0,0.0,0.0,0.0,0.0,0.0,1.0,1.0,590,54,64,59.0,5.270462766947299,59.0,0.0012180089950561,10,0.9289050057127436,25.0
20.0,6,64.0,1208.7679760223637,0.0,0.0,0.5,0.5,0.5,0.0,0.0,5,0,0,5,0,0.0082728862762451,0.0,1.0,0.0,0.0,0.0,0.0,0.0,1.0,0.0,0.0,0.0,0.0,0.0,1.0,1.0,598,54,66,59.8,6.142746399887703,59.8,0.0010197877883911,10,0.9292603391734584,33.959999999999994
20.0,6,64.0,1196.185261236596,0.0,0.0,0.5,0.5,0.5,0.0,0.0,5,0,0,5,0,0.0083599090576171,0.0,1.0,0.0,0.0,0.0,0.0,0.0,1.0,0.0,0.0,0.0,0.0,0.0,1.0,1.0,600,54,66,60.0,6.324555320336759,60.0,0.0010499000549316,10,0.9293344008552924,36.0
20.0,6,64.0,566.0864049235421,0.0,0.0,0.5,0.5,0.5,0.0,0.0,5,0,0,5,0,0.017665147781372,0.0,1.0,0.0,0.0,0.0,0.0,0.0,1.0,0.0,0.0,0.0,0.0,0.0,1.0,1.0,600,54,66,60.0,6.324555320336759,60.0,0.0019970178604125,10,0.9293344008552924,36.0
20.0,6,64.0,970.9711322545548,0.0,0.0,0.6,0.4,0.4,0.0,0.0,4,0,0,6,0,0.0102989673614501,0.0,1.0,0.0,0.0,0.0,0.0,0.0,1.0,0.0,0.0,0.0,0.0,0.0,1.0,1.0,612,54,66,61.2,6.196773353931867,61.2,0.0013247966766357,10,0.9292823475934576,36.0
20.0,6,64.0,821.9612761621071,0.0,0.0,0.6,0.4,0.4,0.0,0.0,4,0,0,6,0,0.0121660232543945,0.0,1.0,0.0,0.0,0.0,0.0,0.0,1.0,0.0,0.0,0.0,0.0,0.0,1.0,1.0,624,54,68,62.4,7.229568912920511,62.4,0.0013885021209716,10,0.9297030671923672,49.0
20.0,6,64.0,519.8884440422921,0.0,0.0,0.5,0.5,0.5,0.0,0.0,5,0,0,5,0,0.0192348957061767,0.0,1.0,0.0,0.0,0.0,0.0,0.0,1.0,0.0,0.0,0.0,0.0,0.0,1.0,1.0,620,54,68,62.0,6.928203230275509,62.0,0.0020789861679077,10,0.9295803028678852,49.0
20.0,6,64.0,748.2212747738909,0.0,0.0,0.5,0.5,0.5,0.0,0.0,5,0,0,5,0,0.0133650302886962,0.0,1.0,0.0,0.0,0.0,0.0,0.0,1.0,0.0,0.0,0.0,0.0,0.0,1.0,1.0,600,54,66,60.0,6.324555320336759,60.0,0.0013408184051513,10,0.9293344008552924,36.0
20.0,6,64.0,411.40390972133673,0.0,0.0,0.5,0.5,0.5,0.0,0.0,5,0,0,5,0,0.0243070125579834,0.0,1.0,0.0,0.0,0.0,0.0,0.0,1.0,0.0,0.0,0.0,0.0,0.0,1.0,1.0,604,54,68,60.4,6.785605679999719,60.4,0.0024353981018066,10,0.9295222143298046,41.44
20.0,6,64.0,980.9631171504082,0.0,0.0,0.5,0.5,0.5,0.0,0.0,5,0,0,5,0,0.0101940631866455,0.0,1.0,0.0,0.0,0.0,0.0,0.0,1.0,0.0,0.0,0.0,0.0,0.0,1.0,1.0,610,54,68,61.0,7.378647873726218,61.0,0.0010222911834716,10,0.9297637959978412,49.0
20.0,6,64.0,615.1990378127841,0.0,0.0,0.8,0.2,0.2,0.0,0.0,2,0,0,8,0,0.0162549018859863,0.0,1.0,0.0,0.0,0.0,0.0,0.0,1.0,0.0,0.0,0.0,0.0,0.0,1.0,1.0,5990,54,1406,599.0,694.5785292775277,599.0,0.001627492904663,10,1.0,434195.4
20.0,6,64.0,478.60513944041264,0.0,0.0,1.0,0.0,0.0,0.0,0.0,0,0,0,10,0,0.0208940505981445,0.0,1.0,0.0,0.0,0.0,0.0,0.0,1.0,0.0,0.0,0.0,0.0,0.0,1.0,1.0,14060,1406,1406,1406.0,0.0,1406.0,0.0021681070327758,10,0.0,0.0
20.0,6,64.0,497.66302800189845,0.0,0.0,1.0,0.0,0.0,0.0,0.0,0,0,0,10,0,0.0200939178466796,0.0,1.0,0.0,0.0,0.0,0.0,0.0,1.0,0.0,0.0,0.0,0.0,0.0,1.0,1.0,8692,64,1406,869.2,693.0058200813804,869.2,0.0023345947265625,10,1.0,432231.36
20.0,6,64.0,443.99203963246816,0.0,0.0,1.0,0.0,0.0,0.0,0.0,0,0,0,10,0,0.0225229263305664,0.0,1.0,0.0,0.0,0.0,0.0,0.0,1.0,0.0,0.0,0.0,0.0,0.0,1.0,1.0,648,64,66,64.8,1.0327955589886444,64.8,0.0025114059448242,10,0.9101374495989096,0.96
20.0,6,64.0,455.4372706148066,0.0,0.0,0.8,0.2,0.2,0.0,0.0,2,0,0,8,0,0.0219569206237792,0.0,1.0,0.0,0.0,0.0,0.0,0.0,1.0,0.0,0.0,0.0,0.0,0.0,1.0,1.0,926,54,211,92.6,62.59428443911189,92.6,0.0021975994110107,10,0.9522564377091166,3734.098765432099
20.0,6,64.0,975.1247297328714,0.0,0.0,0.5,0.5,0.5,0.0,0.0,5,0,0,5,0,0.0102550983428955,0.0,1.0,0.0,0.0,0.0,0.0,0.0,1.0,0.0,0.0,0.0,0.0,0.0,1.0,1.0,1325,54,211,132.5,82.7462654410726,132.5,0.0012782096862792,10,0.9604655486900754,6162.25
20.0,6,64.0,711.4416080061063,0.0,0.0,0.5,0.5,0.5,0.0,0.0,5,0,0,5,0,0.0140559673309326,0.0,1.0,0.0,0.0,0.0,0.0,0.0,1.0,0.0,0.0,0.0,0.0,0.0,1.0,1.0,1329,54,213,132.9,83.1711087658048,132.9,0.0017136812210083,10,0.9606386128668384,6225.6900000000005
20.0,6,64.0,1333.5147680666391,0.0,0.0,0.5,0.5,0.5,0.0,0.0,5,0,0,5,0,0.0074989795684814,0.0,1.0,0.0,0.0,0.0,0.0,0.0,1.0,0.0,0.0,0.0,0.0,0.0,1.0,1.0,1494,54,213,149.4,82.10724693959725,149.4,0.0008109092712402,10,0.9602052381133144,6320.25
20.0,6,64.0,445.1370655346246,0.0,0.0,0.9,0.1,0.1,0.0,0.0,1,0,0,9,0,0.0224649906158447,0.0,1.0,0.0,0.0,0.0,0.0,0.0,1.0,0.0,0.0,0.0,0.0,0.0,1.0,1.0,930,54,213,93.0,63.43500610861482,93.0,0.0022499084472656,10,0.9525989140884054,6320.25
20.0,6,64.0,503.9595323632956,0.0,0.0,1.0,0.0,0.0,0.0,0.0,0,0,0,10,0,0.0198428630828857,0.0,1.0,0.0,0.0,0.0,0.0,0.0,1.0,0.0,0.0,0.0,0.0,0.0,1.0,1.0,672,66,68,67.2,1.0327955589886444,67.2,0.0021715879440307,10,0.9067291895989096,1.0
20.0,6,64.0,486.73629485215616,0.0,0.0,0.7,0.3,0.3,0.0,0.0,3,0,0,7,0,0.0205450057983398,0.0,1.0,0.0,0.0,0.0,0.0,0.0,1.0,0.0,0.0,0.0,0.0,0.0,1.0,1.0,677,54,81,67.7,11.025727489225671,67.7,0.0022550106048583,10,0.9312494703500108,109.41
20.0,6,64.0,951.6504061351364,0.0,0.0,0.5,0.5,0.5,0.0,0.0,5,0,0,5,0,0.0105080604553222,0.0,1.0,0.0,0.0,0.0,0.0,0.0,1.0,0.0,0.0,0.0,0.0,0.0,1.0,1.0,675,54,81,67.5,14.230249470757707,67.5,0.0014021873474121,10,0.9325548644244078,182.25
20.0,6,64.0,1053.6334405144694,0.0,0.0,0.5,0.5,0.5,0.0,0.0,5,0,0,5,0,0.009490966796875,0.0,1.0,0.0,0.0,0.0,0.0,0.0,1.0,0.0,0.0,0.0,0.0,0.0,1.0,1.0,681,54,83,68.1,14.880636187116911,68.1,0.0011497020721435,10,0.932819805957184,199.29
20.0,6,64.0,1219.345310773882,0.0,0.0,0.5,0.5,0.5,0.0,0.0,5,0,0,5,0,0.0082011222839355,0.0,1.0,0.0,0.0,0.0,0.0,0.0,1.0,0.0,0.0,0.0,0.0,0.0,1.0,1.0,685,54,83,68.5,15.284342024147168,68.5,0.00104660987854,10,0.9329842595669566,210.25
20.0,6,64.0,421.2798184027882,0.0,0.0,0.9,0.1,0.1,0.0,0.0,1,0,0,9,0,0.0237371921539306,0.0,1.0,0.0,0.0,0.0,0.0,0.0,1.0,0.0,0.0,0.0,0.0,0.0,1.0,1.0,668,54,83,66.8,9.089676684141317,66.8,0.0025954008102416,10,0.9304608006940518,186.8888888888889
20.0,6,64.0,424.48173261815606,0.0,0.0,1.0,0.0,0.0,0.0,0.0,0,0,0,10,0,0.0235581398010253,0.0,1.0,0.0,0.0,0.0,0.0,0.0,1.0,0.0,0.0,0.0,0.0,0.0,1.0,1.0,654,64,66,65.4,0.9660917830792958,65.4,0.0026129007339477,10,0.0,1.0
20.0,6,64.0,542.2360119971041,0.0,0.0,0.7,0.3,0.3,0.0,0.0,3,0,0,7,0,0.018442153930664,0.0,1.0,0.0,0.0,0.0,0.0,0.0,1.0,0.0,0.0,0.0,0.0,0.0,1.0,1.0,616,54,66,61.6,5.316640543300503,61.6,0.0019109964370727,10,0.9289238166917188,25.44
20.0,6,64.0,854.4807073299922,0.0,0.0,0.6,0.4,0.4,0.0,0.0,4,0,0,6,0,0.0117030143737792,0.0,1.0,0.0,0.0,0.0,0.0,0.0,1.0,0.0,0.0,0.0,0.0,0.0,1.0,1.0,600,54,64,60.0,5.163977794943222,60.0,0.0013540983200073,10,0.928861627994548,25.0
20.0,6,64.0,947.693976230286,0.0,0.0,0.6,0.4,0.4,0.0,0.0,4,0,0,6,0,0.0105519294738769,0.0,1.0,0.0,0.0,0.0,0.0,0.0,1.0,0.0,0.0,0.0,0.0,0.0,1.0,1.0,612,54,66,61.2,6.196773353931867,61.2,0.0012809991836547,10,0.9292823475934576,36.0
20.0,6,64.0,546.2684778786419,0.0,0.0,0.5,0.5,0.5,0.0,0.0,5,0,0,5,0,0.018306016921997,0.0,1.0,0.0,0.0,0.0,0.0,0.0,1.0,0.0,0.0,0.0,0.0,0.0,1.0,1.0,608,54,66,60.8,5.902918298980975,60.8,0.0020546913146972,10,0.9291626427982728,36.0
20.0,6,64.0,803.0296184258391,0.0,0.0,0.6,0.4,0.4,0.0,0.0,4,0,0,6,0,0.0124528408050537,0.0,1.0,0.0,0.0,0.0,0.0,0.0,1.0,0.0,0.0,0.0,0.0,0.0,1.0,1.0,590,54,64,59.0,5.270462766947299,59.0,0.0012470006942749,10,0.9289050057127436,25.0
20.0,6,64.0,984.717096304644,0.0,0.0,0.5,0.5,0.5,0.0,0.0,5,0,0,5,0,0.0101552009582519,0.0,1.0,0.0,0.0,0.0,0.0,0.0,1.0,0.0,0.0,0.0,0.0,0.0,1.0,1.0,606,54,66,60.6,5.738757124441958,60.6,0.0013522148132324,10,0.9290957701022128,29.64
20.0,6,64.0,671.5936784461916,0.0,0.0,0.6,0.4,0.4,0.0,0.0,4,0,0,6,0,0.0148899555206298,0.0,1.0,0.0,0.0,0.0,0.0,0.0,1.0,0.0,0.0,0.0,0.0,0.0,1.0,1.0,600,54,66,60.0,6.324555320336759,60.0,0.0014912843704223,10,0.9293344008552924,36.0
20.0,6,64.0,617.4359276324506,0.0,0.0,0.5,0.5,0.5,0.0,0.0,5,0,0,5,0,0.0161960124969482,0.0,1.0,0.0,0.0,0.0,0.0,0.0,1.0,0.0,0.0,0.0,0.0,0.0,1.0,1.0,5972,54,1406,597.2,696.1195299659391,597.2,0.0016919136047363,10,1.0,436124.16
20.0,6,64.0,890.4725913973929,0.0,0.0,0.6,0.4,0.4,0.0,0.0,4,0,0,6,0,0.0112299919128417,0.0,1.0,0.0,0.0,0.0,0.0,0.0,1.0,0.0,0.0,0.0,0.0,0.0,1.0,1.0,7300,54,1406,730.0,712.5665660912748,730.0,0.0011281013488769,10,1.0,456976.0
20.0,6,64.0,1028.5955317948844,0.0,0.0,0.5,0.5,0.5,0.0,0.0,5,0,0,5,0,0.0097219944000244,0.0,1.0,0.0,0.0,0.0,0.0,0.0,1.0,0.0,0.0,0.0,0.0,0.0,1.0,1.0,7300,54,1406,730.0,712.5665660912748,730.0,0.0012033939361572,10,1.0,456976.0
20.0,6,64.0,1129.9614752552602,0.0,0.0,0.5,0.5,0.5,0.0,0.0,5,0,0,5,0,0.0088498592376708,0.0,1.0,0.0,0.0,0.0,0.0,0.0,1.0,0.0,0.0,0.0,0.0,0.0,1.0,1.0,7300,54,1406,730.0,712.5665660912748,730.0,0.001133394241333,10,1.0,456976.0
20.0,6,64.0,638.159604412324,0.0,0.0,0.5,0.5,0.5,0.0,0.0,5,0,0,5,0,0.0156700611114501,0.0,1.0,0.0,0.0,0.0,0.0,0.0,1.0,0.0,0.0,0.0,0.0,0.0,1.0,1.0,1940,54,1406,194.0,425.8951357630968,194.0,0.0018185138702392,10,1.0,456976.0
20.0,6,64.0,1300.882079275479,0.0,0.0,0.5,0.5,0.5,0.0,0.0,5,0,0,5,0,0.0076870918273925,0.0,1.0,0.0,0.0,0.0,0.0,0.0,1.0,0.0,0.0,0.0,0.0,0.0,1.0,1.0,600,54,66,60.0,6.324555320336759,60.0,0.0010525941848754,10,0.9293344008552924,36.0
20.0,6,64.0,2588.5971733629576,0.0,0.0,0.5,0.5,0.5,0.0,0.0,5,0,0,5,0,0.0038630962371826,0.0,1.0,0.0,0.0,0.0,0.0,0.0,1.0,0.0,0.0,0.0,0.0,0.0,1.0,1.0,608,54,68,60.8,7.192588778272627,60.8,0.0011580944061279,10,0.9296880029647172,46.56
20.0,6,64.0,780.1034110776327,0.0,0.0,0.5,0.5,0.5,0.0,0.0,5,0,0,5,0,0.0128188133239746,0.0,1.0,0.0,0.0,0.0,0.0,0.0,1.0,0.0,0.0,0.0,0.0,0.0,1.0,1.0,610,54,68,61.0,7.378647873726218,61.0,0.0014097929000854,10,0.9297637959978412,49.0
20.0,6,64.0,489.3999043207356,0.0,0.0,0.9,0.1,0.1,0.0,0.0,1,0,0,9,0,0.0204331874847412,0.0,1.0,0.0,0.0,0.0,0.0,0.0,1.0,0.0,0.0,0.0,0.0,0.0,1.0,1.0,634,54,68,63.4,3.5339622081862854,63.4,0.0022157192230224,10,0.9281976248451268,49.0
20.0,6,64.0,522.7915093046155,0.0,0.0,1.0,0.0,0.0,0.0,0.0,0,0,0,10,0,0.0191280841827392,0.0,1.0,0.0,0.0,0.0,0.0,0.0,1.0,0.0,0.0,0.0,0.0,0.0,1.0,1.0,656,64,66,65.6,0.8432740427115678,65.6,0.0020608901977539,10,0.0,1.0
20.0,6,64.0,490.45861689936623,0.0,0.0,0.6,0.4,0.4,0.0,0.0,4,0,0,6,0,0.0203890800476074,0.0,1.0,0.0,0.0,0.0,0.0,0.0,1.0,0.0,0.0,0.0,0.0,0.0,1.0,1.0,604,54,66,60.4,5.561774297230456,60.4,0.0023859024047851,10,0.9290236743777198,27.9375
20.0,6,64.0,1148.212105450464,0.0,0.0,0.5,0.5,0.5,0.0,0.0,5,0,0,5,0,0.0087091922760009,0.0,1.0,0.0,0.0,0.0,0.0,0.0,1.0,0.0,0.0,0.0,0.0,0.0,1.0,1.0,590,54,64,59.0,5.270462766947299,59.0,0.0011090040206909,10,0.9289050057127436,25.0
20.0,6,64.0,383.34603749097454,0.0,0.0,0.5,0.5,0.5,0.0,0.0,5,0,0,5,0,0.0260860919952392,0.0,1.0,0.0,0.0,0.0,0.0,0.0,1.0,0.0,0.0,0.0,0.0,0.0,1.0,1.0,610,54,66,61.0,6.055300708194984,61.0,0.0029484033584594,10,0.9292247172964904,33.58024691358025
20.0,6,64.0,1465.4126196631962,0.0,0.0,0.5,0.5,0.5,0.0,0.0,5,0,0,5,0,0.0068240165710449,0.0,1.0,0.0,0.0,0.0,0.0,0.0,1.0,0.0,0.0,0.0,0.0,0.0,1.0,1.0,600,54,66,60.0,6.324555320336759,60.0,0.0006840944290161,10,0.9293344008552924,36.0
20.0,6,64.0,556.1114794091909,0.0,0.0,0.9,0.1,0.1,0.0,0.0,1,0,0,9,0,0.017982006072998,0.0,1.0,0.0,0.0,0.0,0.0,0.0,1.0,0.0,0.0,0.0,0.0,0.0,1.0,1.0,9900,54,1224,990.0,493.3153149862672,990.0,0.001800799369812,10,1.0,342225.0
20.0,6,64.0,655.40096256016,0.0,0.0,0.8,0.2,0.2,0.0,0.0,2,0,0,8,0,0.0152578353881835,0.0,1.0,0.0,0.0,0.0,0.0,0.0,1.0,0.0,0.0,0.0,0.0,0.0,1.0,1.0,9912,54,1226,991.2,493.9484453530213,991.2,0.0017212867736816,10,1.0,219586.56
20.0,6,64.0,397.0149366753119,0.0,0.0,0.9,0.1,0.1,0.0,0.0,1,0,0,9,0,0.0251879692077636,0.0,1.0,0.0,0.0,0.0,0.0,0.0,1.0,0.0,0.0,0.0,0.0,0.0,1.0,1.0,5288,54,1226,528.8,600.0653297766835,528.8,0.0027055025100708,10,1.0,338155.75
20.0,6,64.0,482.2979359512448,0.0,0.0,1.0,0.0,0.0,0.0,0.0,0,0,0,10,0,0.0207340717315673,0.0,1.0,0.0,0.0,0.0,0.0,0.0,1.0,0.0,0.0,0.0,0.0,0.0,1.0,1.0,670,66,68,67.0,1.0540925533894598,67.0,0.002229905128479,10,0.9067378651425488,1.0
20.0,6,64.0,556.5173086364058,0.0,0.0,0.8,0.2,0.2,0.0,0.0,2,0,0,8,0,0.0179688930511474,0.0,1.0,0.0,0.0,0.0,0.0,0.0,1.0,0.0,0.0,0.0,0.0,0.0,1.0,1.0,688,54,80,68.8,9.531235200352809,68.8,0.0020505905151367,10,0.9306406739712156,81.76
20.0,6,64.0,900.9739436770992,0.0,0.0,0.5,0.5,0.5,0.0,0.0,5,0,0,5,0,0.011099100112915,0.0,1.0,0.0,0.0,0.0,0.0,0.0,1.0,0.0,0.0,0.0,0.0,0.0,1.0,1.0,696,54,80,69.6,13.426342266852378,69.6,0.0013171195983886,10,0.932227384785825,169.0
20.0,6,64.0,935.1848383500558,0.0,0.0,0.6,0.4,0.4,0.0,0.0,4,0,0,6,0,0.010693073272705,0.0,1.0,0.0,0.0,0.0,0.0,0.0,1.0,0.0,0.0,0.0,0.0,0.0,1.0,1.0,678,54,82,67.8,14.55869347007332,67.8,0.0010711908340454,10,0.9326886593719692,190.76
20.0,6,64.0,1064.058044548176,0.0,0.0,0.6,0.4,0.4,0.0,0.0,4,0,0,6,0,0.0093979835510253,0.0,1.0,0.0,0.0,0.0,0.0,0.0,1.0,0.0,0.0,0.0,0.0,0.0,1.0,1.0,708,54,82,70.8,14.459137825841022,70.8,0.0011995077133178,10,0.9326481043847346,196.0
20.0,6,64.0,628.4543002697034,0.0,0.0,1.0,0.0,0.0,0.0,0.0,0,0,0,10,0,0.0159120559692382,0.0,1.0,0.0,0.0,0.0,0.0,0.0,1.0,0.0,0.0,0.0,0.0,0.0,1.0,1.0,660,66,66,66.0,0.0,66.0,0.0029862880706787,10,0.0,0.0
20.0,6,64.0,519.3991554493332,0.0,0.0,1.0,0.0,0.0,0.0,0.0,0,0,0,10,0,0.0192530155181884,0.0,1.0,0.0,0.0,0.0,0.0,0.0,1.0,0.0,0.0,0.0,0.0,0.0,1.0,1.0,680,68,68,68.0,0.0,68.0,0.0021042108535766,10,0.0,0.0
20.0,6,64.0,510.46710318136456,0.0,0.0,1.0,0.0,0.0,0.0,0.0,0,0,0,10,0,0.0195899009704589,0.0,1.0,0.0,0.0,0.0,0.0,0.0,1.0,0.0,0.0,0.0,0.0,0.0,1.0,1.0,640,64,64,64.0,0.0,64.0,0.0032681941986083,10,0.0,0.0
20.0,6,64.0,554.9122180326784,0.0,0.0,1.0,0.0,0.0,0.0,0.0,0,0,0,10,0,0.0180208683013916,0.0,1.0,0.0,0.0,0.0,0.0,0.0,1.0,0.0,0.0,0.0,0.0,0.0,1.0,1.0,660,66,66,66.0,0.0,66.0,0.0020279884338378,10,0.0,0.0
20.0,6,64.0,612.9335086950168,0.0,0.0,1.0,0.0,0.0,0.0,0.0,0,0,0,10,0,0.0163149833679199,0.0,1.0,0.0,0.0,0.0,0.0,0.0,1.0,0.0,0.0,0.0,0.0,0.0,1.0,1.0,990,99,99,99.0,0.0,99.0,0.003026008605957,10,0.0,0.0
20.0,6,64.0,519.6179338197946,0.0,0.0,1.0,0.0,0.0,0.0,0.0,0,0,0,10,0,0.019244909286499,0.0,1.0,0.0,0.0,0.0,0.0,0.0,1.0,0.0,0.0,0.0,0.0,0.0,1.0,1.0,1010,101,101,101.0,0.0,101.0,0.0020941972732543,10,0.0,0.0
20.0,6,64.0,1105.451478572558,0.0,0.0,0.5,0.5,0.5,0.0,0.0,5,0,0,5,0,0.0090460777282714,0.0,1.0,0.0,0.0,0.0,0.0,0.0,1.0,0.0,0.0,0.0,0.0,0.0,1.0,1.0,600,54,64,60.0,5.163977794943222,60.0,0.0022696018218994,10,0.928861627994548,25.0
20.0,6,64.0,896.2188034188034,0.0,0.0,0.6,0.4,0.4,0.0,0.0,4,0,0,6,0,0.0111579895019531,0.0,1.0,0.0,0.0,0.0,0.0,0.0,1.0,0.0,0.0,0.0,0.0,0.0,1.0,1.0,592,54,66,59.2,5.513619500836088,59.2,0.0011182069778442,10,0.9290040580398606,27.360000000000003
20.0,6,64.0,847.6081157545873,0.0,0.0,0.6,0.4,0.4,0.0,0.0,4,0,0,6,0,0.0117979049682617,0.0,1.0,0.0,0.0,0.0,0.0,0.0,1.0,0.0,0.0,0.0,0.0,0.0,1.0,1.0,612,54,66,61.2,6.196773353931867,61.2,0.0013768911361694,10,0.9292823475934576,36.0
20.0,6,64.0,621.7744637324517,0.0,0.0,0.5,0.5,0.5,0.0,0.0,5,0,0,5,0,0.0160830020904541,0.0,1.0,0.0,0.0,0.0,0.0,0.0,1.0,0.0,0.0,0.0,0.0,0.0,1.0,1.0,596,54,66,59.6,5.94792213951879,59.6,0.0019120931625366,10,0.9291809755627544,36.0
20.0,6,64.0,998.5011665000238,0.0,0.0,0.5,0.5,0.5,0.0,0.0,5,0,0,5,0,0.0100150108337402,0.0,1.0,0.0,0.0,0.0,0.0,0.0,1.0,0.0,0.0,0.0,0.0,0.0,1.0,1.0,590,54,64,59.0,5.270462766947299,59.0,0.0011855125427246,10,0.9289050057127436,25.0
20.0,6,64.0,399.23319277739176,0.0,0.0,0.5,0.5,0.5,0.0,0.0,5,0,0,5,0,0.025048017501831,0.0,1.0,0.0,0.0,0.0,0.0,0.0,1.0,0.0,0.0,0.0,0.0,0.0,1.0,1.0,606,54,66,60.6,5.738757124441958,60.6,0.0030150890350341,10,0.9290957701022128,29.64
20.0,6,64.0,2963.753533069531,0.0,0.0,0.6,0.4,0.4,0.0,0.0,4,0,0,6,0,0.0033740997314453,0.0,1.0,0.0,0.0,0.0,0.0,0.0,1.0,0.0,0.0,0.0,0.0,0.0,1.0,1.0,600,54,66,60.0,6.324555320336759,60.0,0.0003408193588256,10,0.9293344008552924,36.0
20.0,6,64.0,711.4898814269478,0.0,0.0,0.6,0.4,0.4,0.0,0.0,4,0,0,6,0,0.0140550136566162,0.0,1.0,0.0,0.0,0.0,0.0,0.0,1.0,0.0,0.0,0.0,0.0,0.0,1.0,1.0,624,54,66,62.4,5.796550698475776,62.4,0.001611590385437,10,0.9291193128925312,36.0
20.0,6,64.0,686.2969811012026,0.0,0.0,0.7,0.3,0.3,0.0,0.0,3,0,0,7,0,0.0145709514617919,0.0,1.0,0.0,0.0,0.0,0.0,0.0,1.0,0.0,0.0,0.0,0.0,0.0,1.0,1.0,628,54,68,62.8,6.124631508189787,62.8,0.0014611005783081,10,0.9292529598911762,36.0
20.0,6,64.0,789.3971731315755,0.0,0.0,0.7,0.3,0.3,0.0,0.0,3,0,0,7,0,0.0126678943634033,0.0,1.0,0.0,0.0,0.0,0.0,0.0,1.0,0.0,0.0,0.0,0.0,0.0,1.0,1.0,624,54,68,62.4,7.229568912920511,62.4,0.0012693881988525,10,0.9297030671923672,49.0
20.0,6,64.0,633.15027549249,0.0,0.0,0.5,0.5,0.5,0.0,0.0,5,0,0,5,0,0.015794038772583,0.0,1.0,0.0,0.0,0.0,0.0,0.0,1.0,0.0,0.0,0.0,0.0,0.0,1.0,1.0,604,54,68,60.4,6.785605679999719,60.4,0.0018156051635742,10,0.9295222143298046,49.0
20.0,6,64.0,980.1836834848448,0.0,0.0,0.6,0.4,0.4,0.0,0.0,4,0,0,6,0,0.0102021694183349,0.0,1.0,0.0,0.0,0.0,0.0,0.0,1.0,0.0,0.0,0.0,0.0,0.0,1.0,1.0,612,54,66,61.2,6.196773353931867,61.2,0.0011350154876708,10,0.9292823475934576,36.0
20.0,6,64.0,888.1721158732847,0.0,0.0,0.5,0.5,0.5,0.0,0.0,5,0,0,5,0,0.0112590789794921,0.0,1.0,0.0,0.0,0.0,0.0,0.0,1.0,0.0,0.0,0.0,0.0,0.0,1.0,1.0,622,54,68,62.2,7.083627444874397,62.2,0.0013392925262451,10,0.929643616475944,46.02469135802469
20.0,6,64.0,1063.7342125285315,0.0,0.0,0.6,0.4,0.4,0.0,0.0,4,0,0,6,0,0.0094008445739746,0.0,1.0,0.0,0.0,0.0,0.0,0.0,1.0,0.0,0.0,0.0,0.0,0.0,1.0,1.0,610,54,68,61.0,7.378647873726218,61.0,0.0009419918060302,10,0.9297637959978412,49.0
20.0,6,64.0,739.3710337046961,0.0,0.0,0.8,0.2,0.2,0.0,0.0,2,0,0,8,0,0.0135250091552734,0.0,1.0,0.0,0.0,0.0,0.0,0.0,1.0,0.0,0.0,0.0,0.0,0.0,1.0,1.0,636,54,66,63.6,5.059644256269407,63.6,0.0028828144073486,10,0.928819126684234,36.0
20.0,6,64.0,561.4188384264279,0.0,0.0,0.7,0.3,0.3,0.0,0.0,3,0,0,7,0,0.0178120136260986,0.0,1.0,0.0,0.0,0.0,0.0,0.0,1.0,0.0,0.0,0.0,0.0,0.0,1.0,1.0,634,54,68,63.4,6.535373831014651,63.4,0.0020113945007324,10,0.9294202798838022,41.95918367346939
20.0,6,64.0,494.71049620796623,0.0,0.0,0.7,0.3,0.3,0.0,0.0,3,0,0,7,0,0.0202138423919677,0.0,1.0,0.0,0.0,0.0,0.0,0.0,1.0,0.0,0.0,0.0,0.0,0.0,1.0,1.0,640,54,68,64.0,5.57773351022717,64.0,0.0020222902297973,10,0.9290301755227262,31.11111111111111
20.0,6,64.0,937.2955820241792,0.0,0.0,0.5,0.5,0.5,0.0,0.0,5,0,0,5,0,0.0106689929962158,0.0,1.0,0.0,0.0,0.0,0.0,0.0,1.0,0.0,0.0,0.0,0.0,0.0,1.0,1.0,590,54,64,59.0,5.270462766947299,59.0,0.0010696172714233,10,0.9289050057127436,25.0
20.0,6,64.0,714.7026548069387,0.0,0.0,0.6,0.4,0.4,0.0,0.0,4,0,0,6,0,0.0139918327331542,0.0,1.0,0.0,0.0,0.0,0.0,0.0,1.0,0.0,0.0,0.0,0.0,0.0,1.0,1.0,596,54,66,59.6,5.94792213951879,59.6,0.0014012813568115,10,0.9291809755627544,31.84
20.0,6,64.0,1102.168965970306,0.0,0.0,0.5,0.5,0.5,0.0,0.0,5,0,0,5,0,0.0090730190277099,0.0,1.0,0.0,0.0,0.0,0.0,0.0,1.0,0.0,0.0,0.0,0.0,0.0,1.0,1.0,600,54,66,60.0,6.324555320336759,60.0,0.0009100198745727,10,0.9293344008552924,36.0
20.0,6,64.0,473.9808568102971,0.0,0.0,0.8,0.2,0.2,0.0,0.0,2,0,0,8,0,0.0210978984832763,0.0,1.0,0.0,0.0,0.0,0.0,0.0,1.0,0.0,0.0,0.0,0.0,0.0,1.0,1.0,1488,54,208,148.8,76.53147500647474,148.8,0.0024038791656494,10,0.9579338916586376,5494.0
20.0,6,64.0,512.2688911415904,0.0,0.0,1.0,0.0,0.0,0.0,0.0,0,0,0,10,0,0.0195209980010986,0.0,1.0,0.0,0.0,0.0,0.0,0.0,1.0,0.0,0.0,0.0,0.0,0.0,1.0,1.0,2092,208,210,209.2,1.0327955589886444,209.2,0.0021639108657836,10,0.6647427295989097,1.0
20.0,6,64.0,345.10227254027546,0.0,0.0,1.0,0.0,0.0,0.0,0.0,0,0,0,10,0,0.0289769172668457,0.0,1.0,0.0,0.0,0.0,0.0,0.0,1.0,0.0,0.0,0.0,0.0,0.0,1.0,1.0,1236,66,210,123.6,74.36128024718242,123.6,0.003128695487976,10,0.9366002811214924,5184.0
20.0,6,64.0,521.0186082333358,0.0,0.0,1.0,0.0,0.0,0.0,0.0,0,0,0,10,0,0.0191931724548339,0.0,1.0,0.0,0.0,0.0,0.0,0.0,1.0,0.0,0.0,0.0,0.0,0.0,1.0,1.0,672,66,68,67.2,1.0327955589886444,67.2,0.0020568132400512,10,0.9067291895989096,1.0
20.0,6,64.0,340.35558657177864,0.0,0.0,1.0,0.0,0.0,0.0,0.0,0,0,0,10,0,0.0293810367584228,0.0,1.0,0.0,0.0,0.0,0.0,0.0,1.0,0.0,0.0,0.0,0.0,0.0,1.0,1.0,3668,68,566,366.8,257.1660941881725,366.8,0.003350281715393,10,1.0,62001.0
20.0,6,64.0,528.3164126464291,0.0,0.0,1.0,0.0,0.0,0.0,0.0,0,0,0,10,0,0.018928050994873,0.0,1.0,0.0,0.0,0.0,0.0,0.0,1.0,0.0,0.0,0.0,0.0,0.0,1.0,1.0,5672,566,568,567.2,1.0327955589886446,567.2,0.0018949031829833,10,0.0546641895989096,1.0
20.0,6,64.0,402.7717600061458,0.0,0.0,0.7,0.3,0.3,0.0,0.0,3,0,0,7,0,0.0248279571533203,0.0,1.0,0.0,0.0,0.0,0.0,0.0,1.0,0.0,0.0,0.0,0.0,0.0,1.0,1.0,2644,54,568,264.4,261.33809519471134,264.4,0.0029941082000732,10,1.0,63769.75
20.0,6,64.0,876.8824218096672,0.0,0.0,0.6,0.4,0.4,0.0,0.0,4,0,0,6,0,0.0114040374755859,0.0,1.0,0.0,0.0,0.0,0.0,0.0,1.0,0.0,0.0,0.0,0.0,0.0,1.0,1.0,612,54,66,61.2,6.196773353931867,61.2,0.0011446952819824,10,0.9292823475934576,36.0
20.0,6,64.0,949.7540872243104,0.0,0.0,0.5,0.5,0.5,0.0,0.0,5,0,0,5,0,0.0105290412902832,0.0,1.0,0.0,0.0,0.0,0.0,0.0,1.0,0.0,0.0,0.0,0.0,0.0,1.0,1.0,605,54,67,60.5,6.851601597031489,60.5,0.0010560035705566,10,0.9295490984265669,42.25
20.0,6,64.0,453.0660214310405,0.0,0.0,0.8,0.2,0.2,0.0,0.0,2,0,0,8,0,0.0220718383789062,0.0,1.0,0.0,0.0,0.0,0.0,0.0,1.0,0.0,0.0,0.0,0.0,0.0,1.0,1.0,629,54,67,62.9,6.1544924874255695,62.9,0.0022095918655395,10,0.9292651240596776,42.25
20.0,6,64.0,502.6610100429041,0.0,0.0,1.0,0.0,0.0,0.0,0.0,0,0,0,10,0,0.0198941230773925,0.0,1.0,0.0,0.0,0.0,0.0,0.0,1.0,0.0,0.0,0.0,0.0,0.0,1.0,1.0,664,66,68,66.4,0.8432740427115678,66.4,0.0021947145462036,10,0.0,0.64
20.0,6,64.0,298.24889249169814,0.0,0.0,0.9,0.1,0.1,0.0,0.0,1,0,0,9,0,0.0335290431976318,0.0,1.0,0.0,0.0,0.0,0.0,0.0,1.0,0.0,0.0,0.0,0.0,0.0,1.0,1.0,662,54,68,66.2,4.467164151400255,66.2,0.0035584926605224,10,0.9285777739887144,17.96
20.0,6,64.0,1912.4129126390665,0.0,0.0,0.7,0.3,0.3,0.0,0.0,3,0,0,7,0,0.0052289962768554,0.0,1.0,0.0,0.0,0.0,0.0,0.0,1.0,0.0,0.0,0.0,0.0,0.0,1.0,1.0,610,54,64,61.0,4.83045891539648,61.0,0.0005690097808837,10,0.928725765743776,21.0
20.0,6,64.0,961.3348613339446,0.0,0.0,0.6,0.4,0.4,0.0,0.0,4,0,0,6,0,0.0104022026062011,0.0,1.0,0.0,0.0,0.0,0.0,0.0,1.0,0.0,0.0,0.0,0.0,0.0,1.0,1.0,608,54,66,60.8,5.902918298980975,60.8,0.0013499975204467,10,0.9291626427982728,31.50617283950617
20.0,6,64.0,401.2689665729101,0.0,0.0,0.7,0.3,0.3,0.0,0.0,3,0,0,7,0,0.0249209403991699,0.0,1.0,0.0,0.0,0.0,0.0,0.0,1.0,0.0,0.0,0.0,0.0,0.0,1.0,1.0,632,54,66,63.2,4.917090377222873,63.2,0.0027113914489746,10,0.9287610559360656,24.09876543209877
20.0,6,64.0,990.9755463673952,0.0,0.0,0.6,0.4,0.4,0.0,0.0,4,0,0,6,0,0.0100910663604736,0.0,1.0,0.0,0.0,0.0,0.0,0.0,1.0,0.0,0.0,0.0,0.0,0.0,1.0,1.0,590,54,64,59.0,5.270462766947299,59.0,0.0010118961334228,10,0.9289050057127436,25.0
20.0,6,64.0,1081.8984729673955,0.0,0.0,0.5,0.5,0.5,0.0,0.0,5,0,0,5,0,0.0092430114746093,0.0,1.0,0.0,0.0,0.0,0.0,0.0,1.0,0.0,0.0,0.0,0.0,0.0,1.0,1.0,594,54,66,59.4,5.738757124441959,59.4,0.0012149095535278,10,0.9290957701022128,29.64
20.0,6,64.0,1327.3533972594068,0.0,0.0,0.5,0.5,0.5,0.0,0.0,5,0,0,5,0,0.0075337886810302,0.0,1.0,0.0,0.0,0.0,0.0,0.0,1.0,0.0,0.0,0.0,0.0,0.0,1.0,1.0,600,54,66,60.0,6.324555320336759,60.0,0.00101318359375,10,0.9293344008552924,36.0
20.0,6,64.0,458.88536355878426,0.0,0.0,0.7,0.3,0.3,0.0,0.0,3,0,0,7,0,0.021791934967041,0.0,1.0,0.0,0.0,0.0,0.0,0.0,1.0,0.0,0.0,0.0,0.0,0.0,1.0,1.0,624,54,66,62.4,5.796550698475776,62.4,0.00242919921875,10,0.9291193128925312,36.0
20.0,6,64.0,433.6721948798544,0.0,0.0,1.0,0.0,0.0,0.0,0.0,0,0,0,10,0,0.0230588912963867,0.0,1.0,0.0,0.0,0.0,0.0,0.0,1.0,0.0,0.0,0.0,0.0,0.0,1.0,1.0,668,66,68,66.8,1.0327955589886444,66.8,0.0025150060653686,10,0.9067291895989096,0.96
20.0,6,64.0,367.3510426793487,0.0,0.0,0.8,0.2,0.2,0.0,0.0,2,0,0,8,0,0.0272219181060791,0.0,1.0,0.0,0.0,0.0,0.0,0.0,1.0,0.0,0.0,0.0,0.0,0.0,1.0,1.0,644,54,68,64.4,5.719362823873924,64.4,0.0029499053955078,10,0.9290878696399332,29.440000000000005
20.0,6,64.0,3913.692264626295,0.0,0.0,0.5,0.5,0.5,0.0,0.0,5,0,0,5,0,0.0025551319122314,0.0,1.0,0.0,0.0,0.0,0.0,0.0,1.0,0.0,0.0,0.0,0.0,0.0,1.0,1.0,590,54,64,59.0,5.270462766947299,59.0,0.0003962039947509,10,0.9289050057127436,25.0
20.0,6,64.0,1160.5068894914505,0.0,0.0,0.5,0.5,0.5,0.0,0.0,5,0,0,5,0,0.0086169242858886,0.0,1.0,0.0,0.0,0.0,0.0,0.0,1.0,0.0,0.0,0.0,0.0,0.0,1.0,1.0,594,54,66,59.4,5.738757124441959,59.4,0.0009188890457153,10,0.9290957701022128,29.64
20.0,6,64.0,703.8840034906357,0.0,0.0,0.5,0.5,0.5,0.0,0.0,5,0,0,5,0,0.0142068862915039,0.0,1.0,0.0,0.0,0.0,0.0,0.0,1.0,0.0,0.0,0.0,0.0,0.0,1.0,1.0,600,54,66,60.0,6.324555320336759,60.0,0.0015661001205444,10,0.9293344008552924,36.0
20.0,6,64.0,464.72737748329695,0.0,0.0,0.8,0.2,0.2,0.0,0.0,2,0,0,8,0,0.0215179920196533,0.0,1.0,0.0,0.0,0.0,0.0,0.0,1.0,0.0,0.0,0.0,0.0,0.0,1.0,1.0,636,54,66,63.6,5.059644256269407,63.6,0.0021535158157348,10,0.928819126684234,36.0
20.0,6,64.0,501.7290094142134,0.0,0.0,1.0,0.0,0.0,0.0,0.0,0,0,0,10,0,0.0199310779571533,0.0,1.0,0.0,0.0,0.0,0.0,0.0,1.0,0.0,0.0,0.0,0.0,0.0,1.0,1.0,670,66,68,67.0,1.0540925533894598,67.0,0.0022410869598388,10,0.9067378651425488,1.0
20.0,6,64.0,366.6509899908213,0.0,0.0,1.0,0.0,0.0,0.0,0.0,0,0,0,10,0,0.0272738933563232,0.0,1.0,0.0,0.0,0.0,0.0,0.0,1.0,0.0,0.0,0.0,0.0,0.0,1.0,1.0,670,66,68,67.0,1.0540925533894598,67.0,0.0030277013778686,10,0.9067378651425488,1.0
20.0,6,64.0,537.0565187328741,0.0,0.0,1.0,0.0,0.0,0.0,0.0,0,0,0,10,0,0.0186200141906738,0.0,1.0,0.0,0.0,0.0,0.0,0.0,1.0,0.0,0.0,0.0,0.0,0.0,1.0,1.0,660,66,66,66.0,0.0,66.0,0.0018631935119628,10,0.0,0.0
20.0,6,64.0,307.04108225234984,0.0,0.0,0.8,0.2,0.2,0.0,0.0,2,0,0,8,0,0.0325689315795898,0.0,1.0,0.0,0.0,0.0,0.0,0.0,1.0,0.0,0.0,0.0,0.0,0.0,1.0,1.0,636,54,66,63.6,5.059644256269407,63.6,0.0034693002700805,10,0.928819126684234,23.04
20.0,6,64.0,976.0778199250658,0.0,0.0,0.6,0.4,0.4,0.0,0.0,4,0,0,6,0,0.0102450847625732,0.0,1.0,0.0,0.0,0.0,0.0,0.0,1.0,0.0,0.0,0.0,0.0,0.0,1.0,1.0,624,54,66,62.4,5.796550698475776,62.4,0.0010258197784423,10,0.9291193128925312,36.0
20.0,6,64.0,895.8168343264774,0.0,0.0,0.6,0.4,0.4,0.0,0.0,4,0,0,6,0,0.0111629962921142,0.0,1.0,0.0,0.0,0.0,0.0,0.0,1.0,0.0,0.0,0.0,0.0,0.0,1.0,1.0,610,54,68,61.0,7.378647873726218,61.0,0.0011178970336914,10,0.9297637959978412,49.0
20.0,6,64.0,560.1292717778875,0.0,0.0,0.5,0.5,0.5,0.0,0.0,5,0,0,5,0,0.0178530216217041,0.0,1.0,0.0,0.0,0.0,0.0,0.0,1.0,0.0,0.0,0.0,0.0,0.0,1.0,1.0,622,54,68,62.2,7.083627444874398,62.2,0.0019783020019531,10,0.929643616475944,49.0
20.0,6,64.0,905.1347676902824,0.0,0.0,0.6,0.4,0.4,0.0,0.0,4,0,0,6,0,0.0110480785369873,0.0,1.0,0.0,0.0,0.0,0.0,0.0,1.0,0.0,0.0,0.0,0.0,0.0,1.0,1.0,600,54,66,60.0,6.324555320336759,60.0,0.0011071920394897,10,0.9293344008552924,36.0
20.0,6,64.0,1142.0530414420302,0.0,0.0,0.5,0.5,0.5,0.0,0.0,5,0,0,5,0,0.0087561607360839,0.0,1.0,0.0,0.0,0.0,0.0,0.0,1.0,0.0,0.0,0.0,0.0,0.0,1.0,1.0,602,54,68,60.2,6.562519841239848,60.2,0.0010884046554565,10,0.9294313380825274,38.76
20.0,6,64.0,1189.198752480862,0.0,0.0,0.5,0.5,0.5,0.0,0.0,5,0,0,5,0,0.0084090232849121,0.0,1.0,0.0,0.0,0.0,0.0,0.0,1.0,0.0,0.0,0.0,0.0,0.0,1.0,1.0,610,54,68,61.0,7.378647873726218,61.0,0.0010221004486083,10,0.9297637959978412,49.0
20.0,6,64.0,383.0694479962006,0.0,0.0,0.5,0.5,0.5,0.0,0.0,5,0,0,5,0,0.0261049270629882,0.0,1.0,0.0,0.0,0.0,0.0,0.0,1.0,0.0,0.0,0.0,0.0,0.0,1.0,1.0,606,54,68,60.6,7.058485830702094,60.6,0.0028216838836669,10,0.9296333747879948,49.0
20.0,6,64.0,4237.526773085472,0.0,0.0,0.5,0.5,0.5,0.0,0.0,5,0,0,5,0,0.0023598670959472,0.0,1.0,0.0,0.0,0.0,0.0,0.0,1.0,0.0,0.0,0.0,0.0,0.0,1.0,1.0,600,54,64,60.0,5.163977794943222,60.0,0.0002382040023803,10,0.928861627994548,24.691358024691358
20.0,6,64.0,739.8144424454086,0.0,0.0,0.6,0.4,0.4,0.0,0.0,4,0,0,6,0,0.0135169029235839,0.0,1.0,0.0,0.0,0.0,0.0,0.0,1.0,0.0,0.0,0.0,0.0,0.0,1.0,1.0,594,54,66,59.4,5.738757124441959,59.4,0.0013534069061279,10,0.9290957701022128,29.64
20.0,6,64.0,1238.3902683870206,0.0,0.0,0.5,0.5,0.5,0.0,0.0,5,0,0,5,0,0.0080749988555908,0.0,1.0,0.0,0.0,0.0,0.0,0.0,1.0,0.0,0.0,0.0,0.0,0.0,1.0,1.0,600,54,66,60.0,6.324555320336759,60.0,0.0009902000427246,10,0.9293344008552924,36.0
20.0,6,64.0,468.8887895184009,0.0,0.0,0.6,0.4,0.4,0.0,0.0,4,0,0,6,0,0.0213270187377929,0.0,1.0,0.0,0.0,0.0,0.0,0.0,1.0,0.0,0.0,0.0,0.0,0.0,1.0,1.0,612,54,66,61.2,6.196773353931867,61.2,0.0023271083831787,10,0.9292823475934576,36.0
20.0,6,64.0,575.6346069389548,0.0,0.0,0.9,0.1,0.1,0.0,0.0,1,0,0,9,0,0.0173721313476562,0.0,1.0,0.0,0.0,0.0,0.0,0.0,1.0,0.0,0.0,0.0,0.0,0.0,1.0,1.0,652,54,68,65.2,4.022160834399561,65.2,0.0019840955734252,10,0.928396497437501,15.209876543209877
20.0,6,64.0,644.3754128835016,0.0,0.0,0.7,0.3,0.3,0.0,0.0,3,0,0,7,0,0.0155189037322998,0.0,1.0,0.0,0.0,0.0,0.0,0.0,1.0,0.0,0.0,0.0,0.0,0.0,1.0,1.0,652,54,68,65.2,5.902918298980975,65.2,0.0017562866210937,10,0.9291626427982728,43.55555555555557
20.0,6,64.0,226.67012537829655,0.0,0.0,0.7,0.3,0.3,0.0,0.0,3,0,0,7,0,0.0441169738769531,0.0,1.0,0.0,0.0,0.0,0.0,0.0,1.0,0.0,0.0,0.0,0.0,0.0,1.0,1.0,7560,54,1224,756.0,604.1854020083571,756.0,0.0044140100479125,10,1.0,342225.0
20.0,6,64.0,1250.463299743605,0.0,0.0,0.6,0.4,0.4,0.0,0.0,4,0,0,6,0,0.0079970359802246,0.0,1.0,0.0,0.0,0.0,0.0,0.0,1.0,0.0,0.0,0.0,0.0,0.0,1.0,1.0,7564,54,1226,756.4,604.5301573214616,756.4,0.000802993774414,10,1.0,342225.0
20.0,6,64.0,744.7140498215585,0.0,0.0,0.6,0.4,0.4,0.0,0.0,4,0,0,6,0,0.0134279727935791,0.0,1.0,0.0,0.0,0.0,0.0,0.0,1.0,0.0,0.0,0.0,0.0,0.0,1.0,1.0,7572,54,1226,757.2,605.2181975673457,757.2,0.0013443946838378,10,1.0,343396.0
20.0,6,64.0,656.0878474557712,0.0,0.0,0.8,0.2,0.2,0.0,0.0,2,0,0,8,0,0.0152418613433837,0.0,1.0,0.0,0.0,0.0,0.0,0.0,1.0,0.0,0.0,0.0,0.0,0.0,1.0,1.0,2944,54,1226,294.4,491.013283368632,294.4,0.0017713069915771,10,1.0,343396.0
20.0,6,64.0,502.8900292551916,0.0,0.0,1.0,0.0,0.0,0.0,0.0,0,0,0,10,0,0.0198850631713867,0.0,1.0,0.0,0.0,0.0,0.0,0.0,1.0,0.0,0.0,0.0,0.0,0.0,1.0,1.0,652,64,66,65.2,1.0327955589886444,65.2,0.0021878004074096,10,0.9101374495989096,1.0
20.0,6,64.0,739.7492019259599,0.0,0.0,0.7,0.3,0.3,0.0,0.0,3,0,0,7,0,0.0135180950164794,0.0,1.0,0.0,0.0,0.0,0.0,0.0,1.0,0.0,0.0,0.0,0.0,0.0,1.0,1.0,636,54,66,63.6,5.059644256269407,63.6,0.001770806312561,10,0.928819126684234,24.88888888888889
20.0,6,64.0,864.5197460631545,0.0,0.0,0.6,0.4,0.4,0.0,0.0,4,0,0,6,0,0.0115671157836914,0.0,1.0,0.0,0.0,0.0,0.0,0.0,1.0,0.0,0.0,0.0,0.0,0.0,1.0,1.0,600,54,66,60.0,6.324555320336759,60.0,0.0011584043502807,10,0.9293344008552924,36.0
20.0,6,64.0,730.0281964702197,0.0,0.0,0.5,0.5,0.5,0.0,0.0,5,0,0,5,0,0.0136981010437011,0.0,1.0,0.0,0.0,0.0,0.0,0.0,1.0,0.0,0.0,0.0,0.0,0.0,1.0,1.0,608,54,68,60.8,7.192588778272627,60.8,0.001583194732666,10,0.9296880029647172,46.56
20.0,6,64.0,1881.4443995873144,0.0,0.0,0.5,0.5,0.5,0.0,0.0,5,0,0,5,0,0.0053150653839111,0.0,1.0,0.0,0.0,0.0,0.0,0.0,1.0,0.0,0.0,0.0,0.0,0.0,1.0,1.0,610,54,68,61.0,7.378647873726218,61.0,0.0005336999893188,10,0.9297637959978412,49.0
20.0,6,64.0,662.7852661852314,0.0,0.0,0.7,0.3,0.3,0.0,0.0,3,0,0,7,0,0.0150878429412841,0.0,1.0,0.0,0.0,0.0,0.0,0.0,1.0,0.0,0.0,0.0,0.0,0.0,1.0,1.0,668,54,73,66.8,8.966604708583958,66.8,0.0019620895385742,10,0.9304106660940888,72.35999999999999
20.0,6,64.0,663.5716997848374,0.0,0.0,0.7,0.3,0.3,0.0,0.0,3,0,0,7,0,0.0150699615478515,0.0,1.0,0.0,0.0,0.0,0.0,0.0,1.0,0.0,0.0,0.0,0.0,0.0,1.0,1.0,679,54,75,67.9,9.631545393480046,67.9,0.0017032146453857,10,0.930681536331488,90.25
20.0,6,64.0,393.6059158603992,0.0,0.0,0.9,0.1,0.1,0.0,0.0,1,0,0,9,0,0.0254061222076416,0.0,1.0,0.0,0.0,0.0,0.0,0.0,1.0,0.0,0.0,0.0,0.0,0.0,1.0,1.0,709,54,75,70.9,7.248754682319194,70.9,0.0027652025222778,10,0.9297108827073896,110.25
20.0,6,64.0,492.4915164680326,0.0,0.0,1.0,0.0,0.0,0.0,0.0,0,0,0,10,0,0.0203049182891845,0.0,1.0,0.0,0.0,0.0,0.0,0.0,1.0,0.0,0.0,0.0,0.0,0.0,1.0,1.0,654,65,67,65.4,0.8432740427115678,65.4,0.0022415876388549,10,0.0,0.64
20.0,6,64.0,410.2410015649453,0.0,0.0,0.9,0.1,0.1,0.0,0.0,1,0,0,9,0,0.0243759155273437,0.0,1.0,0.0,0.0,0.0,0.0,0.0,1.0,0.0,0.0,0.0,0.0,0.0,1.0,1.0,656,54,67,65.6,4.087922591134904,65.6,0.0026993989944458,10,0.9284232861467248,15.04
20.0,6,64.0,1114.3209351753453,0.0,0.0,0.5,0.5,0.5,0.0,0.0,5,0,0,5,0,0.0089740753173828,0.0,1.0,0.0,0.0,0.0,0.0,0.0,1.0,0.0,0.0,0.0,0.0,0.0,1.0,1.0,600,54,66,60.0,6.324555320336759,60.0,0.0011497020721435,10,0.9293344008552924,36.0
20.0,6,64.0,886.3702451394759,0.0,0.0,0.6,0.4,0.4,0.0,0.0,4,0,0,6,0,0.0112819671630859,0.0,1.0,0.0,0.0,0.0,0.0,0.0,1.0,0.0,0.0,0.0,0.0,0.0,1.0,1.0,616,54,68,61.6,6.586180818788517,61.6,0.0012618064880371,10,0.9294409766183416,39.04
20.0,6,64.0,1065.6530907797455,0.0,0.0,0.5,0.5,0.5,0.0,0.0,5,0,0,5,0,0.0093839168548583,0.0,1.0,0.0,0.0,0.0,0.0,0.0,1.0,0.0,0.0,0.0,0.0,0.0,1.0,1.0,610,54,68,61.0,7.378647873726218,61.0,0.0012184858322143,10,0.9297637959978412,49.0
20.0,6,64.0,484.2188870930501,0.0,0.0,0.7,0.3,0.3,0.0,0.0,3,0,0,7,0,0.0206518173217773,0.0,1.0,0.0,0.0,0.0,0.0,0.0,1.0,0.0,0.0,0.0,0.0,0.0,1.0,1.0,622,54,68,62.2,5.921711464320655,62.2,0.0022377014160156,10,0.9291702983821056,49.0
20.0,6,64.0,519.2898353349016,0.0,0.0,1.0,0.0,0.0,0.0,0.0,0,0,0,10,0,0.0192570686340332,0.0,1.0,0.0,0.0,0.0,0.0,0.0,1.0,0.0,0.0,0.0,0.0,0.0,1.0,1.0,648,64,66,64.8,1.0327955589886444,64.8,0.0020217180252075,10,0.9101374495989096,0.96
20.0,6,64.0,333.67839044065585,0.0,0.0,1.0,0.0,0.0,0.0,0.0,0,0,0,10,0,0.0299689769744873,0.0,1.0,0.0,0.0,0.0,0.0,0.0,1.0,0.0,0.0,0.0,0.0,0.0,1.0,1.0,660,66,66,66.0,0.0,66.0,0.0031823873519897,10,0.0,0.0
20.0,6,64.0,473.9808568102971,0.0,0.0,1.0,0.0,0.0,0.0,0.0,0,0,0,10,0,0.0210978984832763,0.0,1.0,0.0,0.0,0.0,0.0,0.0,1.0,0.0,0.0,0.0,0.0,0.0,1.0,1.0,668,66,68,66.8,1.0327955589886444,66.8,0.0023041009902954,10,0.9067291895989096,0.96
20.0,6,64.0,389.6494895162714,0.0,0.0,0.9,0.1,0.1,0.0,0.0,1,0,0,9,0,0.0256640911102294,0.0,1.0,0.0,0.0,0.0,0.0,0.0,1.0,0.0,0.0,0.0,0.0,0.0,1.0,1.0,680,68,68,68.0,0.0,68.0,0.0027522087097167,10,0.0,0.0
20.0,6,64.0,485.22159623326894,0.0,0.0,0.9,0.1,0.1,0.0,0.0,1,0,0,9,0,0.0206091403961181,0.0,1.0,0.0,0.0,0.0,0.0,0.0,1.0,0.0,0.0,0.0,0.0,0.0,1.0,1.0,672,54,70,67.2,4.732863826479692,67.2,0.0020638942718505,10,0.9286860094083548,49.0
20.0,6,64.0,840.8283383116493,0.0,0.0,0.6,0.4,0.4,0.0,0.0,4,0,0,6,0,0.0118930339813232,0.0,1.0,0.0,0.0,0.0,0.0,0.0,1.0,0.0,0.0,0.0,0.0,0.0,1.0,1.0,620,54,70,62.0,8.432740427115679,62.0,0.001192307472229,10,0.93019319114039,64.0
20.0,6,64.0,407.2495654960142,0.0,0.0,0.9,0.1,0.1,0.0,0.0,1,0,0,9,0,0.024554967880249,0.0,1.0,0.0,0.0,0.0,0.0,0.0,1.0,0.0,0.0,0.0,0.0,0.0,1.0,1.0,656,54,70,65.6,4.402019738458447,65.6,0.0026917934417724,10,0.9285512367606584,56.88888888888889
20.0,6,64.0,475.3722005621543,0.0,0.0,1.0,0.0,0.0,0.0,0.0,0,0,0,10,0,0.021036148071289,0.0,1.0,0.0,0.0,0.0,0.0,0.0,1.0,0.0,0.0,0.0,0.0,0.0,1.0,1.0,674,66,68,67.4,0.9660917830792958,67.4,0.0023271083831787,10,0.0,1.0
20.0,6,64.0,374.6151853737396,0.0,0.0,1.0,0.0,0.0,0.0,0.0,0,0,0,10,0,0.0266940593719482,0.0,1.0,0.0,0.0,0.0,0.0,0.0,1.0,0.0,0.0,0.0,0.0,0.0,1.0,1.0,666,66,68,66.6,0.9660917830792958,66.6,0.0028220891952514,10,0.0,1.0
20.0,6,64.0,497.0673492847916,0.0,0.0,1.0,0.0,0.0,0.0,0.0,0,0,0,10,0,0.0201179981231689,0.0,1.0,0.0,0.0,0.0,0.0,0.0,1.0,0.0,0.0,0.0,0.0,0.0,1.0,1.0,674,66,68,67.4,0.9660917830792958,67.4,0.0022525072097778,10,0.0,1.0
20.0,6,64.0,417.1320026653141,0.0,0.0,0.9,0.1,0.1,0.0,0.0,1,0,0,9,0,0.0239732265472412,0.0,1.0,0.0,0.0,0.0,0.0,0.0,1.0,0.0,0.0,0.0,0.0,0.0,1.0,1.0,654,54,68,65.4,4.115013163202923,65.4,0.0026257038116455,10,0.9284343217621625,25.0
20.0,6,64.0,642.7953594580925,0.0,0.0,0.5,0.5,0.5,0.0,0.0,5,0,0,5,0,0.015557050704956,0.0,1.0,0.0,0.0,0.0,0.0,0.0,1.0,0.0,0.0,0.0,0.0,0.0,1.0,1.0,601,54,67,60.1,6.4368729468068056,60.1,0.0018067836761474,10,0.9293801545636112,37.29
20.0,6,64.0,1384.4415104304198,0.0,0.0,0.6,0.4,0.4,0.0,0.0,4,0,0,6,0,0.0072231292724609,0.0,1.0,0.0,0.0,0.0,0.0,0.0,1.0,0.0,0.0,0.0,0.0,0.0,1.0,1.0,631,54,67,63.1,6.279596590015424,63.1,0.0007759094238281,10,0.9293160864669088,42.25
20.0,6,64.0,314.6845130021157,0.0,0.0,1.0,0.0,0.0,0.0,0.0,0,0,0,10,0,0.0317778587341308,0.0,1.0,0.0,0.0,0.0,0.0,0.0,1.0,0.0,0.0,0.0,0.0,0.0,1.0,1.0,650,54,67,65.0,3.8873012632302,65.0,0.0031822919845581,10,0.9283415610425896,42.25
20.0,6,64.0,531.9143215857355,0.0,0.0,1.0,0.0,0.0,0.0,0.0,0,0,0,10,0,0.0188000202178955,0.0,1.0,0.0,0.0,0.0,0.0,0.0,1.0,0.0,0.0,0.0,0.0,0.0,1.0,1.0,674,66,68,67.4,0.9660917830792958,67.4,0.0020100116729736,10,0.0,1.0
20.0,6,64.0,326.9137957911146,0.0,0.0,1.0,0.0,0.0,0.0,0.0,0,0,0,10,0,0.0305891036987304,0.0,1.0,0.0,0.0,0.0,0.0,0.0,1.0,0.0,0.0,0.0,0.0,0.0,1.0,1.0,708,68,72,70.8,1.932183566158592,70.8,0.0032753944396972,10,0.9036873042975104,4.0
20.0,6,64.0,660.5411194053356,0.0,0.0,1.0,0.0,0.0,0.0,0.0,0,0,0,10,0,0.015139102935791,0.0,1.0,0.0,0.0,0.0,0.0,0.0,1.0,0.0,0.0,0.0,0.0,0.0,1.0,1.0,734,72,74,73.4,0.9660917830792958,73.4,0.0015146970748901,10,0.0,1.0
20.0,6,64.0,290.7320454435179,0.0,0.0,1.0,0.0,0.0,0.0,0.0,0,0,0,10,0,0.0343959331512451,0.0,1.0,0.0,0.0,0.0,0.0,0.0,1.0,0.0,0.0,0.0,0.0,0.0,1.0,1.0,670,64,74,67.0,4.83045891539648,67.0,0.0035768985748291,10,0.911684465743776,25.0
20.0,6,64.0,537.40057400574,0.0,0.0,1.0,0.0,0.0,0.0,0.0,0,0,0,10,0,0.0186080932617187,0.0,1.0,0.0,0.0,0.0,0.0,0.0,1.0,0.0,0.0,0.0,0.0,0.0,1.0,1.0,654,64,66,65.4,0.9660917830792958,65.4,0.0018618106842041,10,0.0,1.0
20.0,6,64.0,387.34291308041816,0.0,0.0,0.8,0.2,0.2,0.0,0.0,2,0,0,8,0,0.0258169174194335,0.0,1.0,0.0,0.0,0.0,0.0,0.0,1.0,0.0,0.0,0.0,0.0,0.0,1.0,1.0,636,54,66,63.6,5.059644256269407,63.6,0.0026884794235229,10,0.928819126684234,24.88888888888889
20.0,6,64.0,882.5283002987838,0.0,0.0,0.6,0.4,0.4,0.0,0.0,4,0,0,6,0,0.0113310813903808,0.0,1.0,0.0,0.0,0.0,0.0,0.0,1.0,0.0,0.0,0.0,0.0,0.0,1.0,1.0,614,54,68,61.4,6.397916327472042,61.4,0.0013322114944458,10,0.929364285195159,36.84
20.0,6,64.0,801.3572793274742,0.0,0.0,0.7,0.3,0.3,0.0,0.0,3,0,0,7,0,0.0124788284301757,0.0,1.0,0.0,0.0,0.0,0.0,0.0,1.0,0.0,0.0,0.0,0.0,0.0,1.0,1.0,638,54,68,63.8,6.762642481555072,63.8,0.0015827894210815,10,0.9295128600412864,49.0
20.0,6,64.0,393.59114155679634,0.0,0.0,0.9,0.1,0.1,0.0,0.0,1,0,0,9,0,0.025407075881958,0.0,1.0,0.0,0.0,0.0,0.0,0.0,1.0,0.0,0.0,0.0,0.0,0.0,1.0,1.0,638,54,68,63.8,3.8239014399199953,63.8,0.0027089118957519,10,0.9283157344905658,43.55555555555557
20.0,6,64.0,495.1485101761345,0.0,0.0,1.0,0.0,0.0,0.0,0.0,0,0,0,10,0,0.0201959609985351,0.0,1.0,0.0,0.0,0.0,0.0,0.0,1.0,0.0,0.0,0.0,0.0,0.0,1.0,1.0,654,64,66,65.4,0.9660917830792958,65.4,0.0021800994873046,10,0.0,1.0
20.0,6,64.0,360.5429241917599,0.0,0.0,1.0,0.0,0.0,0.0,0.0,0,0,0,10,0,0.027735948562622,0.0,1.0,0.0,0.0,0.0,0.0,0.0,1.0,0.0,0.0,0.0,0.0,0.0,1.0,1.0,1647,66,207,164.7,68.10947070709035,164.7,0.0029834985733032,10,0.9340535439872404,4970.25
20.0,6,64.0,523.8361912850166,0.0,0.0,1.0,0.0,0.0,0.0,0.0,0,0,0,10,0,0.019089937210083,0.0,1.0,0.0,0.0,0.0,0.0,0.0,1.0,0.0,0.0,0.0,0.0,0.0,1.0,1.0,2084,207,209,208.4,0.9660917830792958,208.4,0.0021152019500732,10,0.0,1.0
20.0,6,64.0,345.9134206988693,0.0,0.0,1.0,0.0,0.0,0.0,0.0,0,0,0,10,0,0.0289089679718017,0.0,1.0,0.0,0.0,0.0,0.0,0.0,1.0,0.0,0.0,0.0,0.0,0.0,1.0,1.0,1096,67,209,109.6,68.59251659863001,109.6,0.00310959815979,10,0.932546187561618,5041.0
20.0,6,64.0,539.2869173899068,0.0,0.0,1.0,0.0,0.0,0.0,0.0,0,0,0,10,0,0.018543004989624,0.0,1.0,0.0,0.0,0.0,0.0,0.0,1.0,0.0,0.0,0.0,0.0,0.0,1.0,1.0,684,67,69,68.4,0.9660917830792958,68.4,0.00205659866333,10,0.0,1.0
20.0,6,64.0,463.3514875001381,0.0,0.0,0.6,0.4,0.4,0.0,0.0,4,0,0,6,0,0.0215818881988525,0.0,1.0,0.0,0.0,0.0,0.0,0.0,1.0,0.0,0.0,0.0,0.0,0.0,1.0,1.0,633,54,69,63.3,6.549809157525126,63.3,0.0024055957794189,10,0.9294261602584094,42.0
20.0,6,64.0,772.5597244478827,0.0,0.0,0.5,0.5,0.5,0.0,0.0,5,0,0,5,0,0.0129439830780029,0.0,1.0,0.0,0.0,0.0,0.0,0.0,1.0,0.0,0.0,0.0,0.0,0.0,1.0,1.0,600,54,66,60.0,6.324555320336759,60.0,0.0012961149215698,10,0.9293344008552924,36.0
20.0,6,64.0,902.6025952785728,0.0,0.0,0.5,0.5,0.5,0.0,0.0,5,0,0,5,0,0.0110790729522705,0.0,1.0,0.0,0.0,0.0,0.0,0.0,1.0,0.0,0.0,0.0,0.0,0.0,1.0,1.0,608,54,68,60.8,7.192588778272627,60.8,0.0011097908020019,10,0.9296880029647172,46.56
20.0,6,64.0,955.5746930034402,0.0,0.0,0.6,0.4,0.4,0.0,0.0,4,0,0,6,0,0.0104649066925048,0.0,1.0,0.0,0.0,0.0,0.0,0.0,1.0,0.0,0.0,0.0,0.0,0.0,1.0,1.0,610,54,68,61.0,7.378647873726218,61.0,0.0010499000549316,10,0.9297637959978412,49.0
20.0,6,64.0,232.9974724328528,0.0,0.0,0.9,0.1,0.1,0.0,0.0,1,0,0,9,0,0.0429189205169677,0.0,1.0,0.0,0.0,0.0,0.0,0.0,1.0,0.0,0.0,0.0,0.0,0.0,1.0,1.0,662,66,68,66.2,0.6324555320336757,66.2,0.0045454025268554,10,0.0,1.0
20.0,6,64.0,308.547636037282,0.0,0.0,1.0,0.0,0.0,0.0,0.0,0,0,0,10,0,0.0324099063873291,0.0,1.0,0.0,0.0,0.0,0.0,0.0,1.0,0.0,0.0,0.0,0.0,0.0,1.0,1.0,664,54,68,66.4,4.402019738458447,66.4,0.0032440900802612,10,0.9285512367606584,38.22222222222222
20.0,6,64.0,1321.2070812070813,0.0,0.0,1.0,0.0,0.0,0.0,0.0,0,0,0,10,0,0.0075688362121582,0.0,1.0,0.0,0.0,0.0,0.0,0.0,1.0,0.0,0.0,0.0,0.0,0.0,1.0,1.0,648,64,68,64.8,1.686548085423136,64.8,0.0007606983184814,10,0.910403762228078,4.0
20.0,6,64.0,580.8561259676771,0.0,0.0,1.0,0.0,0.0,0.0,0.0,0,0,0,10,0,0.0172159671783447,0.0,1.0,0.0,0.0,0.0,0.0,0.0,1.0,0.0,0.0,0.0,0.0,0.0,1.0,1.0,656,64,66,65.6,0.8432740427115678,65.6,0.0021195173263549,10,0.0,1.0
20.0,6,64.0,423.568665865506,0.0,0.0,1.0,0.0,0.0,0.0,0.0,0,0,0,10,0,0.023608922958374,0.0,1.0,0.0,0.0,0.0,0.0,0.0,1.0,0.0,0.0,0.0,0.0,0.0,1.0,1.0,692,66,70,69.2,1.686548085423136,69.2,0.0025796890258789,10,0.906995502228078,4.0
20.0,6,64.0,529.684157353034,0.0,0.0,1.0,0.0,0.0,0.0,0.0,0,0,0,10,0,0.0188791751861572,0.0,1.0,0.0,0.0,0.0,0.0,0.0,1.0,0.0,0.0,0.0,0.0,0.0,1.0,1.0,716,70,72,71.6,0.8432740427115678,71.6,0.0020800113677978,10,0.0,1.0
20.0,6,64.0,345.6995911908216,0.0,0.0,1.0,0.0,0.0,0.0,0.0,0,0,0,10,0,0.0289268493652343,0.0,1.0,0.0,0.0,0.0,0.0,0.0,1.0,0.0,0.0,0.0,0.0,0.0,1.0,1.0,11392,72,1406,1139.2,562.4637864886156,1139.2,0.0031005859375,10,1.0,444889.0
20.0,6,64.0,485.22159623326894,0.0,0.0,1.0,0.0,0.0,0.0,0.0,0,0,0,10,0,0.0206091403961181,0.0,1.0,0.0,0.0,0.0,0.0,0.0,1.0,0.0,0.0,0.0,0.0,0.0,1.0,1.0,14060,1406,1406,1406.0,0.0,1406.0,0.00226571559906,10,0.0,0.0
20.0,6,64.0,336.5323790649347,0.0,0.0,1.0,0.0,0.0,0.0,0.0,0,0,0,10,0,0.029714822769165,0.0,1.0,0.0,0.0,0.0,0.0,0.0,1.0,0.0,0.0,0.0,0.0,0.0,1.0,1.0,3324,64,1406,332.4,565.836882659462,332.4,0.0029740810394287,10,1.0,450241.0
20.0,6,64.0,505.73998601297416,0.0,0.0,1.0,0.0,0.0,0.0,0.0,0,0,0,10,0,0.0197730064392089,0.0,1.0,0.0,0.0,0.0,0.0,0.0,1.0,0.0,0.0,0.0,0.0,0.0,1.0,1.0,656,64,66,65.6,0.8432740427115678,65.6,0.0021644115447998,10,0.0,1.0
20.0,6,64.0,463.4129202620734,0.0,0.0,1.0,0.0,0.0,0.0,0.0,0,0,0,10,0,0.0215790271759033,0.0,1.0,0.0,0.0,0.0,0.0,0.0,1.0,0.0,0.0,0.0,0.0,0.0,1.0,1.0,3076,66,368,307.6,127.33438044944675,307.6,0.0025527000427246,10,0.9581794032198868,22801.0
20.0,6,64.0,519.0006805667265,0.0,0.0,1.0,0.0,0.0,0.0,0.0,0,0,0,10,0,0.0192677974700927,0.0,1.0,0.0,0.0,0.0,0.0,0.0,1.0,0.0,0.0,0.0,0.0,0.0,1.0,1.0,3696,368,370,369.6,0.8432740427115677,369.6,0.0021710872650146,10,0.0,1.0
20.0,6,64.0,334.6154275730572,0.0,0.0,1.0,0.0,0.0,0.0,0.0,0,0,0,10,0,0.0298850536346435,0.0,1.0,0.0,0.0,0.0,0.0,0.0,1.0,0.0,0.0,0.0,0.0,0.0,1.0,1.0,4740,370,500,474.0,54.81281277625191,474.0,0.0032097101211547,10,0.410581497412534,4225.0
20.0,6,64.0,505.04575667084094,0.0,0.0,1.0,0.0,0.0,0.0,0.0,0,0,0,10,0,0.0198001861572265,0.0,1.0,0.0,0.0,0.0,0.0,0.0,1.0,0.0,0.0,0.0,0.0,0.0,1.0,1.0,5016,500,502,501.6,0.8432740427115677,501.6,0.0022170066833496,10,0.0,1.0
20.0,6,64.0,355.3651675873522,0.0,0.0,1.0,0.0,0.0,0.0,0.0,0,0,0,10,0,0.0281400680541992,0.0,1.0,0.0,0.0,0.0,0.0,0.0,1.0,0.0,0.0,0.0,0.0,0.0,1.0,1.0,1516,64,502,151.6,184.67701535383333,151.6,0.0030814886093139,10,0.9849467589745377,47961.0
20.0,6,64.0,507.82187568104223,0.0,0.0,1.0,0.0,0.0,0.0,0.0,0,0,0,10,0,0.0196919441223144,0.0,1.0,0.0,0.0,0.0,0.0,0.0,1.0,0.0,0.0,0.0,0.0,0.0,1.0,1.0,656,64,66,65.6,0.8432740427115678,65.6,0.0021665096282958,10,0.0,1.0
20.0,6,64.0,501.5550187740655,0.0,0.0,0.6,0.4,0.4,0.0,0.0,4,0,0,6,0,0.0199379920959472,0.0,1.0,0.0,0.0,0.0,0.0,0.0,1.0,0.0,0.0,0.0,0.0,0.0,1.0,1.0,604,54,66,60.4,5.561774297230456,60.4,0.0022512912750244,10,0.9290236743777198,27.9375
20.0,6,64.0,817.6668746101061,0.0,0.0,0.5,0.5,0.5,0.0,0.0,5,0,0,5,0,0.0122299194335937,0.0,1.0,0.0,0.0,0.0,0.0,0.0,1.0,0.0,0.0,0.0,0.0,0.0,1.0,1.0,600,54,64,60.0,5.163977794943222,60.0,0.0014766931533813,10,0.928861627994548,25.0
20.0,6,64.0,694.202816994654,0.0,0.0,0.5,0.5,0.5,0.0,0.0,5,0,0,5,0,0.0144050121307373,0.0,1.0,0.0,0.0,0.0,0.0,0.0,1.0,0.0,0.0,0.0,0.0,0.0,1.0,1.0,600,54,66,60.0,6.324555320336759,60.0,0.0014425039291381,10,0.9293344008552924,36.0
20.0,6,64.0,1032.4186481563531,0.0,0.0,0.5,0.5,0.5,0.0,0.0,5,0,0,5,0,0.00968599319458,0.0,1.0,0.0,0.0,0.0,0.0,0.0,1.0,0.0,0.0,0.0,0.0,0.0,1.0,1.0,600,54,66,60.0,6.324555320336759,60.0,0.0009714126586914,10,0.9293344008552924,36.0
20.0,6,64.0,430.3836642552973,0.0,0.0,1.0,0.0,0.0,0.0,0.0,0,0,0,10,0,0.0232350826263427,0.0,1.0,0.0,0.0,0.0,0.0,0.0,1.0,0.0,0.0,0.0,0.0,0.0,1.0,1.0,11070,54,1224,1107.0,369.9864862397004,1107.0,0.0023246049880981,10,1.0,342225.0
20.0,6,64.0,482.4366229583621,0.0,0.0,1.0,0.0,0.0,0.0,0.0,0,0,0,10,0,0.0207281112670898,0.0,1.0,0.0,0.0,0.0,0.0,0.0,1.0,0.0,0.0,0.0,0.0,0.0,1.0,1.0,12258,1224,1226,1225.8,0.6324555320336759,1225.8,0.0023319959640502,10,0.0,1.0
20.0,6,64.0,496.5965356791892,0.0,0.0,0.5,0.5,0.5,0.0,0.0,5,0,0,5,0,0.020137071609497,0.0,1.0,0.0,0.0,0.0,0.0,0.0,1.0,0.0,0.0,0.0,0.0,0.0,1.0,1.0,1762,54,1226,176.2,368.8955889619116,176.2,0.0020148992538452,10,1.0,337561.0
20.0,6,64.0,948.1438614734273,0.0,0.0,0.6,0.4,0.4,0.0,0.0,4,0,0,6,0,0.0105469226837158,0.0,1.0,0.0,0.0,0.0,0.0,0.0,1.0,0.0,0.0,0.0,0.0,0.0,1.0,1.0,590,54,64,59.0,5.270462766947299,59.0,0.0010578870773315,10,0.9289050057127436,25.0
20.0,6,64.0,1042.6329919459083,0.0,0.0,0.5,0.5,0.5,0.0,0.0,5,0,0,5,0,0.0095911026000976,0.0,1.0,0.0,0.0,0.0,0.0,0.0,1.0,0.0,0.0,0.0,0.0,0.0,1.0,1.0,600,54,66,60.0,6.324555320336759,60.0,0.0011921167373657,10,0.9293344008552924,36.0
20.0,6,64.0,1305.8231631382316,0.0,0.0,0.5,0.5,0.5,0.0,0.0,5,0,0,5,0,0.0076580047607421,0.0,1.0,0.0,0.0,0.0,0.0,0.0,1.0,0.0,0.0,0.0,0.0,0.0,1.0,1.0,600,54,66,60.0,6.324555320336759,60.0,0.0010479927062988,10,0.9293344008552924,36.0
20.0,6,64.0,527.5920451829583,0.0,0.0,1.0,0.0,0.0,0.0,0.0,0,0,0,10,0,0.0189540386199951,0.0,1.0,0.0,0.0,0.0,0.0,0.0,1.0,0.0,0.0,0.0,0.0,0.0,1.0,1.0,640,64,64,64.0,0.0,64.0,0.0030493021011352,10,0.0,0.0
20.0,6,64.0,358.48752136752137,0.0,0.0,1.0,0.0,0.0,0.0,0.0,0,0,0,10,0,0.0278949737548828,0.0,1.0,0.0,0.0,0.0,0.0,0.0,1.0,0.0,0.0,0.0,0.0,0.0,1.0,1.0,660,66,66,66.0,0.0,66.0,0.0027907848358154,10,0.0,0.0
20.0,6,64.0,978.9483020189052,0.0,0.0,0.5,0.5,0.5,0.0,0.0,5,0,0,5,0,0.0102150440216064,0.0,1.0,0.0,0.0,0.0,0.0,0.0,1.0,0.0,0.0,0.0,0.0,0.0,1.0,1.0,590,54,64,59.0,5.270462766947299,59.0,0.0013112068176269,10,0.9289050057127436,25.0
20.0,6,64.0,970.7688746933296,0.0,0.0,0.5,0.5,0.5,0.0,0.0,5,0,0,5,0,0.0103011131286621,0.0,1.0,0.0,0.0,0.0,0.0,0.0,1.0,0.0,0.0,0.0,0.0,0.0,1.0,1.0,590,54,64,59.0,5.270462766947299,59.0,0.0012611150741577,10,0.9289050057127436,25.0
20.0,6,64.0,1162.6622314622314,0.0,0.0,0.5,0.5,0.5,0.0,0.0,5,0,0,5,0,0.0086009502410888,0.0,1.0,0.0,0.0,0.0,0.0,0.0,1.0,0.0,0.0,0.0,0.0,0.0,1.0,1.0,600,54,66,60.0,6.324555320336759,60.0,0.0010395765304565,10,0.9293344008552924,36.0
20.0,6,64.0,1130.3268925000673,0.0,0.0,0.5,0.5,0.5,0.0,0.0,5,0,0,5,0,0.0088469982147216,0.0,1.0,0.0,0.0,0.0,0.0,0.0,1.0,0.0,0.0,0.0,0.0,0.0,1.0,1.0,600,54,66,60.0,6.324555320336759,60.0,0.0011238098144531,10,0.9293344008552924,36.0
20.0,6,64.0,586.8868148935873,0.0,0.0,1.0,0.0,0.0,0.0,0.0,0,0,0,10,0,0.0170390605926513,0.0,1.0,0.0,0.0,0.0,0.0,0.0,1.0,0.0,0.0,0.0,0.0,0.0,1.0,1.0,4080,408,408,408.0,0.0,408.0,0.0027327060699462,10,0.0,0.0
20.0,6,64.0,515.7522994441986,0.0,0.0,1.0,0.0,0.0,0.0,0.0,0,0,0,10,0,0.0193891525268554,0.0,1.0,0.0,0.0,0.0,0.0,0.0,1.0,0.0,0.0,0.0,0.0,0.0,1.0,1.0,4100,410,410,410.0,0.0,410.0,0.0020359992980957,10,0.0,0.0
20.0,6,64.0,1298.505928609021,0.0,0.0,0.5,0.5,0.5,0.0,0.0,5,0,0,5,0,0.0077011585235595,0.0,1.0,0.0,0.0,0.0,0.0,0.0,1.0,0.0,0.0,0.0,0.0,0.0,1.0,1.0,590,54,64,59.0,5.270462766947299,59.0,0.00205500125885,10,0.9289050057127436,25.0
20.0,6,64.0,1102.2848282568132,0.0,0.0,0.5,0.5,0.5,0.0,0.0,5,0,0,5,0,0.0090720653533935,0.0,1.0,0.0,0.0,0.0,0.0,0.0,1.0,0.0,0.0,0.0,0.0,0.0,1.0,1.0,590,54,64,59.0,5.270462766947299,59.0,0.0011287927627563,10,0.9289050057127436,25.0
20.0,6,64.0,1215.2119368390554,0.0,0.0,0.5,0.5,0.5,0.0,0.0,5,0,0,5,0,0.0082290172576904,0.0,1.0,0.0,0.0,0.0,0.0,0.0,1.0,0.0,0.0,0.0,0.0,0.0,1.0,1.0,600,54,66,60.0,6.324555320336759,60.0,0.0010302066802978,10,0.9293344008552924,36.0
20.0,6,64.0,456.7018369102451,0.0,0.0,0.6,0.4,0.4,0.0,0.0,4,0,0,6,0,0.0218961238861084,0.0,1.0,0.0,0.0,0.0,0.0,0.0,1.0,0.0,0.0,0.0,0.0,0.0,1.0,1.0,1952,54,1406,195.2,425.4735401095271,195.2,0.002344799041748,10,1.0,162924.96
20.0,6,64.0,898.8885793274898,0.0,0.0,0.6,0.4,0.4,0.0,0.0,4,0,0,6,0,0.011124849319458,0.0,1.0,0.0,0.0,0.0,0.0,0.0,1.0,0.0,0.0,0.0,0.0,0.0,1.0,1.0,8652,54,1406,865.2,698.1697978763237,865.2,0.0014005899429321,10,1.0,438696.96
20.0,6,64.0,761.2581447265732,0.0,0.0,0.7,0.3,0.3,0.0,0.0,3,0,0,7,0,0.0131361484527587,0.0,1.0,0.0,0.0,0.0,0.0,0.0,1.0,0.0,0.0,0.0,0.0,0.0,1.0,1.0,10004,54,1406,1000.4,653.078045361604,1000.4,0.0013188123703002,10,1.0,406200.8888888889
20.0,6,64.0,436.2250650026001,0.0,0.0,0.7,0.3,0.3,0.0,0.0,3,0,0,7,0,0.0229239463806152,0.0,1.0,0.0,0.0,0.0,0.0,0.0,1.0,0.0,0.0,0.0,0.0,0.0,1.0,1.0,8664,54,1406,866.4,696.6292174942612,866.4,0.0024633884429931,10,1.0,436763.04
20.0,6,64.0,466.0493127548696,0.0,0.0,1.0,0.0,0.0,0.0,0.0,0,0,0,10,0,0.0214569568634033,0.0,1.0,0.0,0.0,0.0,0.0,0.0,1.0,0.0,0.0,0.0,0.0,0.0,1.0,1.0,660,66,66,66.0,0.0,66.0,0.0022021055221557,10,0.0,0.0
20.0,6,64.0,395.25651174186737,0.0,0.0,1.0,0.0,0.0,0.0,0.0,0,0,0,10,0,0.0253000259399414,0.0,1.0,0.0,0.0,0.0,0.0,0.0,1.0,0.0,0.0,0.0,0.0,0.0,1.0,1.0,660,66,66,66.0,0.0,66.0,0.0028419971466064,10,0.0,0.0
20.0,6,64.0,551.5772862365535,0.0,0.0,1.0,0.0,0.0,0.0,0.0,0,0,0,10,0,0.018129825592041,0.0,1.0,0.0,0.0,0.0,0.0,0.0,1.0,0.0,0.0,0.0,0.0,0.0,1.0,1.0,661,66,67,66.1,0.3162277660168379,66.1,0.0020829916000366,10,0.0,0.09
20.0,6,64.0,331.8934915924827,0.0,0.0,0.9,0.1,0.1,0.0,0.0,1,0,0,9,0,0.0301301479339599,0.0,1.0,0.0,0.0,0.0,0.0,0.0,1.0,0.0,0.0,0.0,0.0,0.0,1.0,1.0,669,66,67,66.9,0.3162277660168379,66.9,0.0032394170761108,10,0.0,0.09
20.0,6,64.0,859.1892168711719,0.0,0.0,0.5,0.5,0.5,0.0,0.0,5,0,0,5,0,0.0116388797760009,0.0,1.0,0.0,0.0,0.0,0.0,0.0,1.0,0.0,0.0,0.0,0.0,0.0,1.0,1.0,600,54,66,60.0,6.324555320336759,60.0,0.0011685848236083,10,0.9293344008552924,36.0
20.0,6,64.0,545.2600652600653,0.0,0.0,0.7,0.3,0.3,0.0,0.0,3,0,0,7,0,0.0183398723602294,0.0,1.0,0.0,0.0,0.0,0.0,0.0,1.0,0.0,0.0,0.0,0.0,0.0,1.0,1.0,630,54,68,63.0,6.27162924074226,63.0,0.0018362998962402,10,0.9293128408875088,36.4375
20.0,6,64.0,1017.9361227065332,0.0,0.0,0.6,0.4,0.4,0.0,0.0,4,0,0,6,0,0.0098237991333007,0.0,1.0,0.0,0.0,0.0,0.0,0.0,1.0,0.0,0.0,0.0,0.0,0.0,1.0,1.0,610,54,68,61.0,7.378647873726218,61.0,0.0009871006011962,10,0.9297637959978412,49.0
20.0,6,64.0,540.8864530272745,0.0,0.0,0.8,0.2,0.2,0.0,0.0,2,0,0,8,0,0.0184881687164306,0.0,1.0,0.0,0.0,0.0,0.0,0.0,1.0,0.0,0.0,0.0,0.0,0.0,1.0,1.0,628,54,68,62.8,4.9170903772228725,62.8,0.0021838188171386,10,0.9287610559360656,49.0
20.0,6,64.0,570.6458415531762,0.0,0.0,1.0,0.0,0.0,0.0,0.0,0,0,0,10,0,0.0175240039825439,0.0,1.0,0.0,0.0,0.0,0.0,0.0,1.0,0.0,0.0,0.0,0.0,0.0,1.0,1.0,652,64,66,65.2,1.0327955589886444,65.2,0.0022032976150512,10,0.9101374495989096,1.0
20.0,6,64.0,237.6887941879838,0.0,0.0,0.7,0.3,0.3,0.0,0.0,3,0,0,7,0,0.0420718193054199,0.0,1.0,0.0,0.0,0.0,0.0,0.0,1.0,0.0,0.0,0.0,0.0,0.0,1.0,1.0,618,54,66,61.8,5.452828012447608,61.8,0.0043085813522338,10,0.9289792940191508,26.76
20.0,6,64.0,1092.892803168482,0.0,0.0,0.5,0.5,0.5,0.0,0.0,5,0,0,5,0,0.0091500282287597,0.0,1.0,0.0,0.0,0.0,0.0,0.0,1.0,0.0,0.0,0.0,0.0,0.0,1.0,1.0,590,54,64,59.0,5.270462766947299,59.0,0.0012612104415893,10,0.9289050057127436,25.0
20.0,6,64.0,834.1561592617636,0.0,0.0,0.6,0.4,0.4,0.0,0.0,4,0,0,6,0,0.0119881629943847,0.0,1.0,0.0,0.0,0.0,0.0,0.0,1.0,0.0,0.0,0.0,0.0,0.0,1.0,1.0,608,54,66,60.8,5.902918298980975,60.8,0.0015006065368652,10,0.9291626427982728,31.360000000000003
20.0,6,64.0,879.825474072831,0.0,0.0,0.5,0.5,0.5,0.0,0.0,5,0,0,5,0,0.0113658905029296,0.0,1.0,0.0,0.0,0.0,0.0,0.0,1.0,0.0,0.0,0.0,0.0,0.0,1.0,1.0,612,54,66,61.2,6.196773353931867,61.2,0.0011942863464355,10,0.9292823475934576,36.0
20.0,6,64.0,353.24619323541305,0.0,0.0,1.0,0.0,0.0,0.0,0.0,0,0,0,10,0,0.0283088684082031,0.0,1.0,0.0,0.0,0.0,0.0,0.0,1.0,0.0,0.0,0.0,0.0,0.0,1.0,1.0,648,54,66,64.8,3.794733192202056,64.8,0.0028326988220214,10,0.9283038525131756,36.0
20.0,6,64.0,721.9733195627852,0.0,0.0,1.0,0.0,0.0,0.0,0.0,0,0,0,10,0,0.0138509273529052,0.0,1.0,0.0,0.0,0.0,0.0,0.0,1.0,0.0,0.0,0.0,0.0,0.0,1.0,1.0,678,66,68,67.8,0.6324555320336757,67.8,0.0014539003372192,10,0.0,1.0
20.0,6,64.0,560.4436189687195,0.0,0.0,1.0,0.0,0.0,0.0,0.0,0,0,0,10,0,0.0178430080413818,0.0,1.0,0.0,0.0,0.0,0.0,0.0,1.0,0.0,0.0,0.0,0.0,0.0,1.0,1.0,644,64,68,64.4,1.264911064067351,64.4,0.0019822120666503,10,0.9102320041710584,4.0
20.0,6,64.0,489.3085546961584,0.0,0.0,1.0,0.0,0.0,0.0,0.0,0,0,0,10,0,0.0204370021820068,0.0,1.0,0.0,0.0,0.0,0.0,0.0,1.0,0.0,0.0,0.0,0.0,0.0,1.0,1.0,658,64,66,65.8,0.6324555320336757,65.8,0.0022232055664062,10,0.0,1.0
20.0,6,64.0,586.6815867509652,0.0,0.0,0.5,0.5,0.5,0.0,0.0,5,0,0,5,0,0.0170450210571289,0.0,1.0,0.0,0.0,0.0,0.0,0.0,1.0,0.0,0.0,0.0,0.0,0.0,1.0,1.0,612,54,66,61.2,6.196773353931867,61.2,0.0018391847610473,10,0.9292823475934576,35.55555555555556
20.0,6,64.0,1082.736331250968,0.0,0.0,0.6,0.4,0.4,0.0,0.0,4,0,0,6,0,0.0092358589172363,0.0,1.0,0.0,0.0,0.0,0.0,0.0,1.0,0.0,0.0,0.0,0.0,0.0,1.0,1.0,600,54,66,60.0,6.324555320336759,60.0,0.0009253025054931,10,0.9293344008552924,36.0
20.0,6,64.0,521.5952644472909,0.0,0.0,0.5,0.5,0.5,0.0,0.0,5,0,0,5,0,0.0191719532012939,0.0,1.0,0.0,0.0,0.0,0.0,0.0,1.0,0.0,0.0,0.0,0.0,0.0,1.0,1.0,600,54,66,60.0,6.324555320336759,60.0,0.0020844936370849,10,0.9293344008552924,36.0
20.0,6,64.0,857.5555101206297,0.0,0.0,0.6,0.4,0.4,0.0,0.0,4,0,0,6,0,0.0116610527038574,0.0,1.0,0.0,0.0,0.0,0.0,0.0,1.0,0.0,0.0,0.0,0.0,0.0,1.0,1.0,1952,54,1406,195.2,425.4735401095271,195.2,0.0011680126190185,10,1.0,162924.96
20.0,6,64.0,499.9766360710454,0.0,0.0,1.0,0.0,0.0,0.0,0.0,0,0,0,10,0,0.02000093460083,0.0,1.0,0.0,0.0,0.0,0.0,0.0,1.0,0.0,0.0,0.0,0.0,0.0,1.0,1.0,14060,1406,1406,1406.0,0.0,1406.0,0.0021221876144409,10,0.0,0.0
20.0,6,64.0,330.3173778134795,0.0,0.0,0.9,0.1,0.1,0.0,0.0,1,0,0,9,0,0.0302739143371582,0.0,1.0,0.0,0.0,0.0,0.0,0.0,1.0,0.0,0.0,0.0,0.0,0.0,1.0,1.0,12720,66,1406,1272.0,423.7452064625628,1272.0,0.0032041072845458,10,1.0,161604.0
20.0,6,64.0,1163.5976252566163,0.0,0.0,0.5,0.5,0.5,0.0,0.0,5,0,0,5,0,0.0085940361022949,0.0,1.0,0.0,0.0,0.0,0.0,0.0,1.0,0.0,0.0,0.0,0.0,0.0,1.0,1.0,600,54,66,60.0,6.324555320336759,60.0,0.00086669921875,10,0.9293344008552924,36.0
20.0,6,64.0,913.2346281135692,0.0,0.0,0.6,0.4,0.4,0.0,0.0,4,0,0,6,0,0.0109500885009765,0.0,1.0,0.0,0.0,0.0,0.0,0.0,1.0,0.0,0.0,0.0,0.0,0.0,1.0,1.0,602,54,68,60.2,6.562519841239848,60.2,0.0010966062545776,10,0.9294313380825274,38.76
20.0,6,64.0,1154.05679066696,0.0,0.0,0.5,0.5,0.5,0.0,0.0,5,0,0,5,0,0.0086650848388671,0.0,1.0,0.0,0.0,0.0,0.0,0.0,1.0,0.0,0.0,0.0,0.0,0.0,1.0,1.0,610,54,68,61.0,7.378647873726218,61.0,0.0010293960571289,10,0.9297637959978412,49.0
20.0,6,64.0,509.4502611441759,0.0,0.0,0.5,0.5,0.5,0.0,0.0,5,0,0,5,0,0.0196290016174316,0.0,1.0,0.0,0.0,0.0,0.0,0.0,1.0,0.0,0.0,0.0,0.0,0.0,1.0,1.0,608,54,68,60.8,7.192588778272627,60.8,0.0021713018417358,10,0.9296880029647172,49.0
20.0,6,64.0,936.2285714285714,0.0,0.0,0.5,0.5,0.5,0.0,0.0,5,0,0,5,0,0.01068115234375,0.0,1.0,0.0,0.0,0.0,0.0,0.0,1.0,0.0,0.0,0.0,0.0,0.0,1.0,1.0,612,54,66,61.2,6.196773353931867,61.2,0.0010708093643188,10,0.9292823475934576,36.0
20.0,6,64.0,897.330880150614,0.0,0.0,0.5,0.5,0.5,0.0,0.0,5,0,0,5,0,0.0111441612243652,0.0,1.0,0.0,0.0,0.0,0.0,0.0,1.0,0.0,0.0,0.0,0.0,0.0,1.0,1.0,600,54,66,60.0,6.324555320336759,60.0,0.0011152982711791,10,0.9293344008552924,36.0
20.0,6,64.0,722.8567489314767,0.0,0.0,0.5,0.5,0.5,0.0,0.0,5,0,0,5,0,0.013833999633789,0.0,1.0,0.0,0.0,0.0,0.0,0.0,1.0,0.0,0.0,0.0,0.0,0.0,1.0,1.0,600,54,66,60.0,6.324555320336759,60.0,0.0013850927352905,10,0.9293344008552924,36.0
20.0,6,64.0,595.8410637421334,0.0,0.0,0.6,0.4,0.4,0.0,0.0,4,0,0,6,0,0.0167829990386962,0.0,1.0,0.0,0.0,0.0,0.0,0.0,1.0,0.0,0.0,0.0,0.0,0.0,1.0,1.0,600,54,66,60.0,6.324555320336759,60.0,0.0016792058944702,10,0.9293344008552924,36.0
20.0,6,64.0,954.0965856099724,0.0,0.0,0.6,0.4,0.4,0.0,0.0,4,0,0,6,0,0.0104811191558837,0.0,1.0,0.0,0.0,0.0,0.0,0.0,1.0,0.0,0.0,0.0,0.0,0.0,1.0,1.0,612,54,66,61.2,6.196773353931867,61.2,0.0011826992034912,10,0.9292823475934576,36.0
20.0,6,64.0,1255.8172400371268,0.0,0.0,0.5,0.5,0.5,0.0,0.0,5,0,0,5,0,0.007962942123413,0.0,1.0,0.0,0.0,0.0,0.0,0.0,1.0,0.0,0.0,0.0,0.0,0.0,1.0,1.0,606,54,68,60.6,6.995236474439826,60.6,0.0010164976119995,10,0.9296076095302278,44.04
20.0,6,64.0,935.8107987505578,0.0,0.0,0.5,0.5,0.5,0.0,0.0,5,0,0,5,0,0.010685920715332,0.0,1.0,0.0,0.0,0.0,0.0,0.0,1.0,0.0,0.0,0.0,0.0,0.0,1.0,1.0,624,54,68,62.4,7.229568912920511,62.4,0.0013792991638183,10,0.9297030671923672,49.0
20.0,6,64.0,410.5903889264143,0.0,0.0,0.8,0.2,0.2,0.0,0.0,2,0,0,8,0,0.0243551731109619,0.0,1.0,0.0,0.0,0.0,0.0,0.0,1.0,0.0,0.0,0.0,0.0,0.0,1.0,1.0,626,54,68,62.6,5.96657355607052,62.6,0.0024368047714233,10,0.9291885734038008,49.0
20.0,6,64.0,491.4240187463386,0.0,0.0,1.0,0.0,0.0,0.0,0.0,0,0,0,10,0,0.0203490257263183,0.0,1.0,0.0,0.0,0.0,0.0,0.0,1.0,0.0,0.0,0.0,0.0,0.0,1.0,1.0,660,66,66,66.0,0.0,66.0,0.0022181034088134,10,0.0,0.0
20.0,6,64.0,409.9362758512843,0.0,0.0,0.7,0.3,0.3,0.0,0.0,3,0,0,7,0,0.0243940353393554,0.0,1.0,0.0,0.0,0.0,0.0,0.0,1.0,0.0,0.0,0.0,0.0,0.0,1.0,1.0,2124,54,566,212.4,244.06337974660056,212.4,0.0026577949523925,10,1.0,56469.333333333336
20.0,6,64.0,913.6523841679918,0.0,0.0,0.6,0.4,0.4,0.0,0.0,4,0,0,6,0,0.0109450817108154,0.0,1.0,0.0,0.0,0.0,0.0,0.0,1.0,0.0,0.0,0.0,0.0,0.0,1.0,1.0,4124,54,566,412.4,247.31949646829972,412.4,0.0011548995971679,10,1.0,65536.0
20.0,6,64.0,818.6723400932992,0.0,0.0,0.6,0.4,0.4,0.0,0.0,4,0,0,6,0,0.0122148990631103,0.0,1.0,0.0,0.0,0.0,0.0,0.0,1.0,0.0,0.0,0.0,0.0,0.0,1.0,1.0,3110,54,568,311.0,270.9017862210912,311.0,0.0012235879898071,10,1.0,66049.0
20.0,6,64.0,465.4803733339252,0.0,0.0,0.6,0.4,0.4,0.0,0.0,4,0,0,6,0,0.0214831829071044,0.0,1.0,0.0,0.0,0.0,0.0,0.0,1.0,0.0,0.0,0.0,0.0,0.0,1.0,1.0,3134,54,568,313.4,268.40773295699046,313.4,0.0022749185562133,10,1.0,64838.44
20.0,6,64.0,758.4362229214133,0.0,0.0,0.7,0.3,0.3,0.0,0.0,3,0,0,7,0,0.0131850242614746,0.0,1.0,0.0,0.0,0.0,0.0,0.0,1.0,0.0,0.0,0.0,0.0,0.0,1.0,1.0,612,54,66,61.2,6.196773353931867,61.2,0.0013200998306274,10,0.9292823475934576,36.0
20.0,6,64.0,1188.4911167153098,0.0,0.0,0.5,0.5,0.5,0.0,0.0,5,0,0,5,0,0.0084140300750732,0.0,1.0,0.0,0.0,0.0,0.0,0.0,1.0,0.0,0.0,0.0,0.0,0.0,1.0,1.0,606,54,68,60.6,6.995236474439826,60.6,0.0010768890380859,10,0.9296076095302278,44.04
20.0,6,64.0,721.3400749836618,0.0,0.0,0.6,0.4,0.4,0.0,0.0,4,0,0,6,0,0.0138630867004394,0.0,1.0,0.0,0.0,0.0,0.0,0.0,1.0,0.0,0.0,0.0,0.0,0.0,1.0,1.0,638,54,68,63.8,6.762642481555072,63.8,0.0015604019165039,10,0.9295128600412864,49.0
20.0,6,64.0,270.8693799000297,0.0,0.0,1.0,0.0,0.0,0.0,0.0,0,0,0,10,0,0.0369181632995605,0.0,1.0,0.0,0.0,0.0,0.0,0.0,1.0,0.0,0.0,0.0,0.0,0.0,1.0,1.0,648,54,66,64.8,3.794733192202056,64.8,0.0036946058273315,10,0.9283038525131756,36.0
20.0,6,64.0,748.5551113649343,0.0,0.0,1.0,0.0,0.0,0.0,0.0,0,0,0,10,0,0.0133590698242187,0.0,1.0,0.0,0.0,0.0,0.0,0.0,1.0,0.0,0.0,0.0,0.0,0.0,1.0,1.0,678,66,68,67.8,0.6324555320336757,67.8,0.0013372898101806,10,0.0,1.0
20.0,6,64.0,500.4538837847512,0.0,0.0,0.7,0.3,0.3,0.0,0.0,3,0,0,7,0,0.0199818611145019,0.0,1.0,0.0,0.0,0.0,0.0,0.0,1.0,0.0,0.0,0.0,0.0,0.0,1.0,1.0,626,54,68,62.6,5.966573556070519,62.6,0.002208399772644,10,0.9291885734038008,36.4375
20.0,6,64.0,823.7855248944319,0.0,0.0,0.6,0.4,0.4,0.0,0.0,4,0,0,6,0,0.012139081954956,0.0,1.0,0.0,0.0,0.0,0.0,0.0,1.0,0.0,0.0,0.0,0.0,0.0,1.0,1.0,616,54,68,61.6,6.586180818788517,61.6,0.0014189004898071,10,0.9294409766183416,39.04
20.0,6,64.0,735.9331847770779,0.0,0.0,0.7,0.3,0.3,0.0,0.0,3,0,0,7,0,0.0135881900787353,0.0,1.0,0.0,0.0,0.0,0.0,0.0,1.0,0.0,0.0,0.0,0.0,0.0,1.0,1.0,638,54,68,63.8,6.762642481555071,63.8,0.0016698122024536,10,0.9295128600412864,49.0
20.0,6,64.0,602.8031043403276,0.0,0.0,0.5,0.5,0.5,0.0,0.0,5,0,0,5,0,0.0165891647338867,0.0,1.0,0.0,0.0,0.0,0.0,0.0,1.0,0.0,0.0,0.0,0.0,0.0,1.0,1.0,614,54,68,61.4,6.397916327472042,61.4,0.0018286943435668,10,0.929364285195159,39.04
20.0,6,64.0,970.6790094885444,0.0,0.0,0.6,0.4,0.4,0.0,0.0,4,0,0,6,0,0.0103020668029785,0.0,1.0,0.0,0.0,0.0,0.0,0.0,1.0,0.0,0.0,0.0,0.0,0.0,1.0,1.0,600,54,66,60.0,6.324555320336759,60.0,0.0010318040847778,10,0.9293344008552924,36.0
20.0,6,64.0,998.1209842463472,0.0,0.0,0.6,0.4,0.4,0.0,0.0,4,0,0,6,0,0.0100188255310058,0.0,1.0,0.0,0.0,0.0,0.0,0.0,1.0,0.0,0.0,0.0,0.0,0.0,1.0,1.0,624,54,68,62.4,7.229568912920511,62.4,0.0012720823287963,10,0.9297030671923672,48.39506172839506
20.0,6,64.0,424.4301876100464,0.0,0.0,0.6,0.4,0.4,0.0,0.0,4,0,0,6,0,0.0235610008239746,0.0,1.0,0.0,0.0,0.0,0.0,0.0,1.0,0.0,0.0,0.0,0.0,0.0,1.0,1.0,616,54,68,61.6,6.719788356455548,61.6,0.0025737047195434,10,0.9294954029848858,49.0
20.0,6,64.0,302.4338609078127,0.0,0.0,1.0,0.0,0.0,0.0,0.0,0,0,0,10,0,0.0330650806427001,0.0,1.0,0.0,0.0,0.0,0.0,0.0,1.0,0.0,0.0,0.0,0.0,0.0,1.0,1.0,644,64,66,64.4,0.8432740427115678,64.4,0.0033087015151977,10,0.0,0.64
20.0,6,64.0,657.9816456192642,0.0,0.0,0.9,0.1,0.1,0.0,0.0,1,0,0,9,0,0.0151979923248291,0.0,1.0,0.0,0.0,0.0,0.0,0.0,1.0,0.0,0.0,0.0,0.0,0.0,1.0,1.0,646,54,66,64.6,3.777124126457412,64.6,0.0015231132507324,10,0.9282966792841536,12.84
20.0,6,64.0,1100.953880883009,0.0,0.0,0.5,0.5,0.5,0.0,0.0,5,0,0,5,0,0.0090830326080322,0.0,1.0,0.0,0.0,0.0,0.0,0.0,1.0,0.0,0.0,0.0,0.0,0.0,1.0,1.0,590,54,64,59.0,5.270462766947299,59.0,0.0011065006256103,10,0.9289050057127436,25.0
20.0,6,64.0,960.058597326497,0.0,0.0,0.5,0.5,0.5,0.0,0.0,5,0,0,5,0,0.010416030883789,0.0,1.0,0.0,0.0,0.0,0.0,0.0,1.0,0.0,0.0,0.0,0.0,0.0,1.0,1.0,604,54,66,60.4,5.561774297230456,60.4,0.0012311935424804,10,0.9290236743777198,27.84
20.0,6,64.0,938.9742326893372,0.0,0.0,0.5,0.5,0.5,0.0,0.0,5,0,0,5,0,0.0106499195098876,0.0,1.0,0.0,0.0,0.0,0.0,0.0,1.0,0.0,0.0,0.0,0.0,0.0,1.0,1.0,600,54,66,60.0,6.324555320336759,60.0,0.0010670900344848,10,0.9293344008552924,36.0
20.0,6,64.0,482.85872167986736,0.0,0.0,0.5,0.5,0.5,0.0,0.0,5,0,0,5,0,0.0207099914550781,0.0,1.0,0.0,0.0,0.0,0.0,0.0,1.0,0.0,0.0,0.0,0.0,0.0,1.0,1.0,600,54,66,60.0,6.324555320336759,60.0,0.0020729064941406,10,0.9293344008552924,36.0
20.0,6,64.0,1072.9589931186206,0.0,0.0,0.6,0.4,0.4,0.0,0.0,4,0,0,6,0,0.0093200206756591,0.0,1.0,0.0,0.0,0.0,0.0,0.0,1.0,0.0,0.0,0.0,0.0,0.0,1.0,1.0,600,54,66,60.0,6.324555320336759,60.0,0.0009336948394775,10,0.9293344008552924,36.0
20.0,6,64.0,1287.662788198815,0.0,0.0,0.5,0.5,0.5,0.0,0.0,5,0,0,5,0,0.0077660083770751,0.0,1.0,0.0,0.0,0.0,0.0,0.0,1.0,0.0,0.0,0.0,0.0,0.0,1.0,1.0,604,54,68,60.4,6.785605679999719,60.4,0.0009881019592285,10,0.9295222143298046,41.44
20.0,6,64.0,5173.682003207105,0.0,0.0,0.5,0.5,0.5,0.0,0.0,5,0,0,5,0,0.0019328594207763,0.0,1.0,0.0,0.0,0.0,0.0,0.0,1.0,0.0,0.0,0.0,0.0,0.0,1.0,1.0,610,54,68,61.0,7.378647873726218,61.0,0.0015774965286254,10,0.9297637959978412,49.0
20.0,6,64.0,514.5375141076598,0.0,0.0,0.7,0.3,0.3,0.0,0.0,3,0,0,7,0,0.0194349288940429,0.0,1.0,0.0,0.0,0.0,0.0,0.0,1.0,0.0,0.0,0.0,0.0,0.0,1.0,1.0,622,54,68,62.2,5.921711464320655,62.2,0.0019978046417236,10,0.9291702983821056,49.0
20.0,6,64.0,525.1216305885594,0.0,0.0,1.0,0.0,0.0,0.0,0.0,0,0,0,10,0,0.0190432071685791,0.0,1.0,0.0,0.0,0.0,0.0,0.0,1.0,0.0,0.0,0.0,0.0,0.0,1.0,1.0,648,64,66,64.8,1.0327955589886444,64.8,0.0021253108978271,10,0.9101374495989096,0.96
20.0,6,64.0,375.3628065151244,0.0,0.0,0.8,0.2,0.2,0.0,0.0,2,0,0,8,0,0.0266408920288085,0.0,1.0,0.0,0.0,0.0,0.0,0.0,1.0,0.0,0.0,0.0,0.0,0.0,1.0,1.0,642,54,66,64.2,3.7058512292499457,64.2,0.0028628826141357,10,0.9282676455567472,13.728395061728394
20.0,6,64.0,946.6245373296018,0.0,0.0,0.6,0.4,0.4,0.0,0.0,4,0,0,6,0,0.010563850402832,0.0,1.0,0.0,0.0,0.0,0.0,0.0,1.0,0.0,0.0,0.0,0.0,0.0,1.0,1.0,590,54,64,59.0,5.270462766947299,59.0,0.0010581970214843,10,0.9289050057127436,25.0
20.0,6,64.0,531.9143215857355,0.0,0.0,0.5,0.5,0.5,0.0,0.0,5,0,0,5,0,0.0188000202178955,0.0,1.0,0.0,0.0,0.0,0.0,0.0,1.0,0.0,0.0,0.0,0.0,0.0,1.0,1.0,596,54,66,59.6,5.94792213951879,59.6,0.0020473003387451,10,0.9291809755627544,31.84
20.0,6,64.0,5015.31029534856,0.0,0.0,0.5,0.5,0.5,0.0,0.0,5,0,0,5,0,0.0019938945770263,0.0,1.0,0.0,0.0,0.0,0.0,0.0,1.0,0.0,0.0,0.0,0.0,0.0,1.0,1.0,600,54,66,60.0,6.324555320336759,60.0,0.0002011060714721,10,0.9293344008552924,36.0
20.0,6,64.0,436.2613633999709,0.0,0.0,0.8,0.2,0.2,0.0,0.0,2,0,0,8,0,0.0229220390319824,0.0,1.0,0.0,0.0,0.0,0.0,0.0,1.0,0.0,0.0,0.0,0.0,0.0,1.0,1.0,624,54,66,62.4,4.501851470969102,62.4,0.0025397062301635,10,0.928591904215214,36.0
20.0,6,64.0,510.49195491833206,0.0,0.0,1.0,0.0,0.0,0.0,0.0,0,0,0,10,0,0.0195889472961425,0.0,1.0,0.0,0.0,0.0,0.0,0.0,1.0,0.0,0.0,0.0,0.0,0.0,1.0,1.0,652,64,66,65.2,1.0327955589886444,65.2,0.0021684885025024,10,0.9101374495989096,1.0
20.0,6,64.0,297.47680785270506,0.0,0.0,0.7,0.3,0.3,0.0,0.0,3,0,0,7,0,0.0336160659790039,0.0,1.0,0.0,0.0,0.0,0.0,0.0,1.0,0.0,0.0,0.0,0.0,0.0,1.0,1.0,636,54,66,63.6,5.059644256269407,63.6,0.00365731716156,10,0.928819126684234,24.88888888888889
20.0,6,64.0,850.0474241011714,0.0,0.0,0.6,0.4,0.4,0.0,0.0,4,0,0,6,0,0.0117640495300292,0.0,1.0,0.0,0.0,0.0,0.0,0.0,1.0,0.0,0.0,0.0,0.0,0.0,1.0,1.0,600,54,66,60.0,6.324555320336759,60.0,0.0011806964874267,10,0.9293344008552924,36.0
20.0,6,64.0,676.0862697056642,0.0,0.0,0.5,0.5,0.5,0.0,0.0,5,0,0,5,0,0.0147910118103027,0.0,1.0,0.0,0.0,0.0,0.0,0.0,1.0,0.0,0.0,0.0,0.0,0.0,1.0,1.0,622,54,68,62.2,7.083627444874397,62.2,0.0016905069351196,10,0.929643616475944,46.02469135802469
20.0,6,64.0,1130.3268925000673,0.0,0.0,0.7,0.3,0.3,0.0,0.0,3,0,0,7,0,0.0088469982147216,0.0,1.0,0.0,0.0,0.0,0.0,0.0,1.0,0.0,0.0,0.0,0.0,0.0,1.0,1.0,622,54,68,62.2,7.083627444874398,62.2,0.0008863925933837,10,0.929643616475944,49.0
20.0,6,64.0,1083.7714787731584,0.0,0.0,0.5,0.5,0.5,0.0,0.0,5,0,0,5,0,0.0092270374298095,0.0,1.0,0.0,0.0,0.0,0.0,0.0,1.0,0.0,0.0,0.0,0.0,0.0,1.0,1.0,600,54,66,60.0,6.324555320336759,60.0,0.0012181997299194,10,0.9293344008552924,36.0
20.0,6,64.0,1156.6026913743658,0.0,0.0,0.5,0.5,0.5,0.0,0.0,5,0,0,5,0,0.008646011352539,0.0,1.0,0.0,0.0,0.0,0.0,0.0,1.0,0.0,0.0,0.0,0.0,0.0,1.0,1.0,602,54,68,60.2,6.562519841239848,60.2,0.0010974884033203,10,0.9294313380825274,38.76
20.0,6,64.0,837.8721109091273,0.0,0.0,0.5,0.5,0.5,0.0,0.0,5,0,0,5,0,0.0119349956512451,0.0,1.0,0.0,0.0,0.0,0.0,0.0,1.0,0.0,0.0,0.0,0.0,0.0,1.0,1.0,624,54,68,62.4,7.229568912920511,62.4,0.0014088153839111,10,0.9297030671923672,49.0
20.0,6,64.0,538.3317289797594,0.0,0.0,0.8,0.2,0.2,0.0,0.0,2,0,0,8,0,0.01857590675354,0.0,1.0,0.0,0.0,0.0,0.0,0.0,1.0,0.0,0.0,0.0,0.0,0.0,1.0,1.0,630,54,68,63.0,6.27162924074226,63.0,0.0018602848052978,10,0.9293128408875088,49.0
20.0,6,64.0,517.3043907252097,0.0,0.0,1.0,0.0,0.0,0.0,0.0,0,0,0,10,0,0.0193309783935546,0.0,1.0,0.0,0.0,0.0,0.0,0.0,1.0,0.0,0.0,0.0,0.0,0.0,1.0,1.0,668,66,68,66.8,1.0327955589886444,66.8,0.0021346092224121,10,0.9067291895989096,0.96
20.0,6,64.0,424.0525730462036,0.0,0.0,0.8,0.2,0.2,0.0,0.0,2,0,0,8,0,0.0235819816589355,0.0,1.0,0.0,0.0,0.0,0.0,0.0,1.0,0.0,0.0,0.0,0.0,0.0,1.0,1.0,648,54,68,64.8,5.750362307426086,64.8,0.0025876998901367,10,0.9291004975895532,29.76
20.0,6,64.0,503.2701791435188,0.0,0.0,0.5,0.5,0.5,0.0,0.0,5,0,0,5,0,0.0198700428009033,0.0,1.0,0.0,0.0,0.0,0.0,0.0,1.0,0.0,0.0,0.0,0.0,0.0,1.0,1.0,600,54,66,60.0,6.324555320336759,60.0,0.0022604942321777,10,0.9293344008552924,36.0
20.0,6,64.0,5091.410536537995,0.0,0.0,0.5,0.5,0.5,0.0,0.0,5,0,0,5,0,0.0019640922546386,0.0,1.0,0.0,0.0,0.0,0.0,0.0,1.0,0.0,0.0,0.0,0.0,0.0,1.0,1.0,604,54,68,60.4,6.785605679999719,60.4,0.0002145051956176,10,0.9295222143298046,41.44
20.0,6,64.0,910.1629668207364,0.0,0.0,0.5,0.5,0.5,0.0,0.0,5,0,0,5,0,0.0109870433807373,0.0,1.0,0.0,0.0,0.0,0.0,0.0,1.0,0.0,0.0,0.0,0.0,0.0,1.0,1.0,610,54,68,61.0,7.378647873726218,61.0,0.0011275053024291,10,0.9297637959978412,49.0
20.0,6,64.0,617.363222891123,0.0,0.0,0.5,0.5,0.5,0.0,0.0,5,0,0,5,0,0.016197919845581,0.0,1.0,0.0,0.0,0.0,0.0,0.0,1.0,0.0,0.0,0.0,0.0,0.0,1.0,1.0,614,54,70,61.4,7.834397090892047,61.4,0.0016209840774536,10,0.9299494499989458,55.24
20.0,6,64.0,1024.675445239782,0.0,0.0,0.5,0.5,0.5,0.0,0.0,5,0,0,5,0,0.0097591876983642,0.0,1.0,0.0,0.0,0.0,0.0,0.0,1.0,0.0,0.0,0.0,0.0,0.0,1.0,1.0,620,54,70,62.0,8.432740427115679,62.0,0.0011704206466674,10,0.93019319114039,64.0
20.0,6,64.0,1431.8451507186016,0.0,0.0,0.5,0.5,0.5,0.0,0.0,5,0,0,5,0,0.006983995437622,0.0,1.0,0.0,0.0,0.0,0.0,0.0,1.0,0.0,0.0,0.0,0.0,0.0,1.0,1.0,624,54,72,62.4,8.88444333277743,62.4,0.0012139797210693,10,0.9303771968360404,71.03999999999999
20.0,6,64.0,1130.44875077487,0.0,0.0,0.5,0.5,0.5,0.0,0.0,5,0,0,5,0,0.0088460445404052,0.0,1.0,0.0,0.0,0.0,0.0,0.0,1.0,0.0,0.0,0.0,0.0,0.0,1.0,1.0,630,54,72,63.0,9.486832980505138,63.0,0.0011175155639648,10,0.9306225862829386,81.0
20.0,6,64.0,640.1269783129588,0.0,0.0,0.6,0.4,0.4,0.0,0.0,4,0,0,6,0,0.0156219005584716,0.0,1.0,0.0,0.0,0.0,0.0,0.0,1.0,0.0,0.0,0.0,0.0,0.0,1.0,1.0,4485,54,1351,448.5,622.8337124251811,448.5,0.0018699884414672,10,1.0,349129.65
20.0,6,64.0,582.1702800988257,0.0,0.0,0.9,0.1,0.1,0.0,0.0,1,0,0,9,0,0.0171771049499511,0.0,1.0,0.0,0.0,0.0,0.0,0.0,1.0,0.0,0.0,0.0,0.0,0.0,1.0,1.0,12217,54,1353,1221.7,410.2888007245628,1221.7,0.0019412040710449,10,1.0,269153.44
20.0,6,64.0,696.381205379379,0.0,0.0,0.8,0.2,0.2,0.0,0.0,2,0,0,8,0,0.0143599510192871,0.0,1.0,0.0,0.0,0.0,0.0,0.0,1.0,0.0,0.0,0.0,0.0,0.0,1.0,1.0,10932,54,1353,1093.2,547.7064907411634,1093.2,0.0016901969909667,10,1.0,421850.25
20.0,6,64.0,511.9750012206436,0.0,0.0,1.0,0.0,0.0,0.0,0.0,0,0,0,10,0,0.0195322036743164,0.0,1.0,0.0,0.0,0.0,0.0,0.0,1.0,0.0,0.0,0.0,0.0,0.0,1.0,1.0,680,68,68,68.0,0.0,68.0,0.0031587123870849,10,0.0,0.0
20.0,6,64.0,507.45937836497166,0.0,0.0,1.0,0.0,0.0,0.0,0.0,0,0,0,10,0,0.0197060108184814,0.0,1.0,0.0,0.0,0.0,0.0,0.0,1.0,0.0,0.0,0.0,0.0,0.0,1.0,1.0,700,70,70,70.0,0.0,70.0,0.0021972894668579,10,0.0,0.0
20.0,6,64.0,1515.1190261171116,0.0,0.0,1.0,0.0,0.0,0.0,0.0,0,0,0,10,0,0.0066001415252685,0.0,1.0,0.0,0.0,0.0,0.0,0.0,1.0,0.0,0.0,0.0,0.0,0.0,1.0,1.0,4970,497,497,497.0,0.0,497.0,0.0026899099349975,10,0.0,0.0
20.0,6,64.0,430.0879801480692,0.0,0.0,1.0,0.0,0.0,0.0,0.0,0,0,0,10,0,0.0232510566711425,0.0,1.0,0.0,0.0,0.0,0.0,0.0,1.0,0.0,0.0,0.0,0.0,0.0,1.0,1.0,4990,499,499,499.0,0.0,499.0,0.0025441884994506,10,0.0,0.0
20.0,6,64.0,580.414037418355,0.0,0.0,1.0,0.0,0.0,0.0,0.0,0,0,0,10,0,0.0172290802001953,0.0,1.0,0.0,0.0,0.0,0.0,0.0,1.0,0.0,0.0,0.0,0.0,0.0,1.0,1.0,680,68,68,68.0,0.0,68.0,0.0029065132141113,10,0.0,0.0
20.0,6,64.0,1337.5973466849507,0.0,0.0,1.0,0.0,0.0,0.0,0.0,0,0,0,10,0,0.0074760913848876,0.0,1.0,0.0,0.0,0.0,0.0,0.0,1.0,0.0,0.0,0.0,0.0,0.0,1.0,1.0,700,70,70,70.0,0.0,70.0,0.0020896911621093,10,0.0,0.0
20.0,6,64.0,4953.12234293812,0.0,0.0,0.5,0.5,0.5,0.0,0.0,5,0,0,5,0,0.002018928527832,0.0,1.0,0.0,0.0,0.0,0.0,0.0,1.0,0.0,0.0,0.0,0.0,0.0,1.0,1.0,690,54,84,69.0,15.811388300841896,69.0,0.0025867938995361,10,0.933198957138231,225.0
20.0,6,64.0,1549.8869263173451,0.0,0.0,0.5,0.5,0.5,0.0,0.0,5,0,0,5,0,0.0064520835876464,0.0,1.0,0.0,0.0,0.0,0.0,0.0,1.0,0.0,0.0,0.0,0.0,0.0,1.0,1.0,690,54,84,69.0,15.811388300841896,69.0,0.0007049083709716,10,0.933198957138231,225.0
20.0,6,64.0,936.1449870547272,0.0,0.0,0.5,0.5,0.5,0.0,0.0,5,0,0,5,0,0.0106821060180664,0.0,1.0,0.0,0.0,0.0,0.0,0.0,1.0,0.0,0.0,0.0,0.0,0.0,1.0,1.0,700,54,86,70.0,16.865480854231357,70.0,0.0012187957763671,10,0.9336283522807796,256.0
20.0,6,64.0,1063.9500786362944,0.0,0.0,0.5,0.5,0.5,0.0,0.0,5,0,0,5,0,0.0093989372253417,0.0,1.0,0.0,0.0,0.0,0.0,0.0,1.0,0.0,0.0,0.0,0.0,0.0,1.0,1.0,700,54,86,70.0,16.865480854231357,70.0,0.0009975910186767,10,0.9336283522807796,256.0
20.0,6,64.0,532.1977896486532,0.0,0.0,1.0,0.0,0.0,0.0,0.0,0,0,0,10,0,0.0187900066375732,0.0,1.0,0.0,0.0,0.0,0.0,0.0,1.0,0.0,0.0,0.0,0.0,0.0,1.0,1.0,660,66,66,66.0,0.0,66.0,0.002920913696289,10,0.0,0.0
20.0,6,64.0,438.3678929765886,0.0,0.0,1.0,0.0,0.0,0.0,0.0,0,0,0,10,0,0.0228118896484375,0.0,1.0,0.0,0.0,0.0,0.0,0.0,1.0,0.0,0.0,0.0,0.0,0.0,1.0,1.0,680,68,68,68.0,0.0,68.0,0.0022820949554443,10,0.0,0.0
20.0,6,64.0,482.2036743234232,0.0,0.0,1.0,0.0,0.0,0.0,0.0,0,0,0,10,0,0.0207381248474121,0.0,1.0,0.0,0.0,0.0,0.0,0.0,1.0,0.0,0.0,0.0,0.0,0.0,1.0,1.0,4080,408,408,408.0,0.0,408.0,0.0030539035797119,10,0.0,0.0
20.0,6,64.0,519.7467130943382,0.0,0.0,1.0,0.0,0.0,0.0,0.0,0,0,0,10,0,0.0192401409149169,0.0,1.0,0.0,0.0,0.0,0.0,0.0,1.0,0.0,0.0,0.0,0.0,0.0,1.0,1.0,4100,410,410,410.0,0.0,410.0,0.0021228075027465,10,0.0,0.0
20.0,6,64.0,1454.789636155527,0.0,0.0,0.6,0.4,0.4,0.0,0.0,4,0,0,6,0,0.0068738460540771,0.0,1.0,0.0,0.0,0.0,0.0,0.0,1.0,0.0,0.0,0.0,0.0,0.0,1.0,1.0,696,54,80,69.6,13.426342266852378,69.6,0.0017867803573608,10,0.932227384785825,169.0
20.0,6,64.0,1135.3139887397142,0.0,0.0,0.5,0.5,0.5,0.0,0.0,5,0,0,5,0,0.0088081359863281,0.0,1.0,0.0,0.0,0.0,0.0,0.0,1.0,0.0,0.0,0.0,0.0,0.0,1.0,1.0,672,54,82,67.2,13.92679272322079,67.2,0.0010851144790649,10,0.9324312482837313,174.56
20.0,6,64.0,1165.7644737207816,0.0,0.0,0.5,0.5,0.5,0.0,0.0,5,0,0,5,0,0.0085780620574951,0.0,1.0,0.0,0.0,0.0,0.0,0.0,1.0,0.0,0.0,0.0,0.0,0.0,1.0,1.0,680,54,82,68.0,14.757295747452437,68.0,0.0011133909225463,10,0.9327695619956824,196.0
20.0,6,64.0,478.7417105158028,0.0,0.0,0.6,0.4,0.4,0.0,0.0,4,0,0,6,0,0.0208880901336669,0.0,1.0,0.0,0.0,0.0,0.0,0.0,1.0,0.0,0.0,0.0,0.0,0.0,1.0,1.0,1540,54,498,154.0,181.78375431631216,154.0,0.0023038148880004,10,1.0,29740.8
20.0,6,64.0,502.05932345407103,0.0,0.0,1.0,0.0,0.0,0.0,0.0,0,0,0,10,0,0.0199179649353027,0.0,1.0,0.0,0.0,0.0,0.0,0.0,1.0,0.0,0.0,0.0,0.0,0.0,1.0,1.0,4984,498,500,498.4,0.8432740427115678,498.4,0.0021241903305053,10,0.0,0.64
20.0,6,64.0,376.3631632314277,0.0,0.0,0.9,0.1,0.1,0.0,0.0,1,0,0,9,0,0.0265700817108154,0.0,1.0,0.0,0.0,0.0,0.0,0.0,1.0,0.0,0.0,0.0,0.0,0.0,1.0,1.0,4118,54,500,411.8,185.956864771257,411.8,0.002863597869873,10,1.0,31121.96
20.0,6,64.0,1121.0819768529657,0.0,0.0,0.5,0.5,0.5,0.0,0.0,5,0,0,5,0,0.0089199542999267,0.0,1.0,0.0,0.0,0.0,0.0,0.0,1.0,0.0,0.0,0.0,0.0,0.0,1.0,1.0,590,54,64,59.0,5.270462766947299,59.0,0.0010281085968017,10,0.9289050057127436,25.0
20.0,6,64.0,1132.3714902807776,0.0,0.0,0.5,0.5,0.5,0.0,0.0,5,0,0,5,0,0.0088310241699218,0.0,1.0,0.0,0.0,0.0,0.0,0.0,1.0,0.0,0.0,0.0,0.0,0.0,1.0,1.0,592,54,66,59.2,5.513619500836088,59.2,0.001090383529663,10,0.9290040580398606,27.360000000000003
20.0,6,64.0,936.2285714285714,0.0,0.0,0.5,0.5,0.5,0.0,0.0,5,0,0,5,0,0.01068115234375,0.0,1.0,0.0,0.0,0.0,0.0,0.0,1.0,0.0,0.0,0.0,0.0,0.0,1.0,1.0,600,54,66,60.0,6.324555320336759,60.0,0.0012096166610717,10,0.9293344008552924,36.0
20.0,6,64.0,498.9773727664232,0.0,0.0,0.6,0.4,0.4,0.0,0.0,4,0,0,6,0,0.0200409889221191,0.0,1.0,0.0,0.0,0.0,0.0,0.0,1.0,0.0,0.0,0.0,0.0,0.0,1.0,1.0,612,54,66,61.2,6.196773353931867,61.2,0.0021339893341064,10,0.9292823475934576,34.56
20.0,6,64.0,902.6025952785728,0.0,0.0,0.5,0.5,0.5,0.0,0.0,5,0,0,5,0,0.0110790729522705,0.0,1.0,0.0,0.0,0.0,0.0,0.0,1.0,0.0,0.0,0.0,0.0,0.0,1.0,1.0,612,54,66,61.2,6.196773353931867,61.2,0.0012619018554687,10,0.9292823475934576,36.0
20.0,6,64.0,749.6253931941665,0.0,0.0,0.5,0.5,0.5,0.0,0.0,5,0,0,5,0,0.0133399963378906,0.0,1.0,0.0,0.0,0.0,0.0,0.0,1.0,0.0,0.0,0.0,0.0,0.0,1.0,1.0,606,54,68,60.6,6.995236474439826,60.6,0.0013360977172851,10,0.9296076095302278,44.04
20.0,6,64.0,940.6378111684236,0.0,0.0,0.6,0.4,0.4,0.0,0.0,4,0,0,6,0,0.0106310844421386,0.0,1.0,0.0,0.0,0.0,0.0,0.0,1.0,0.0,0.0,0.0,0.0,0.0,1.0,1.0,610,54,68,61.0,7.378647873726218,61.0,0.0010661125183105,10,0.9297637959978412,49.0
20.0,6,64.0,594.3213410227708,0.0,0.0,0.5,0.5,0.5,0.0,0.0,5,0,0,5,0,0.0168259143829345,0.0,1.0,0.0,0.0,0.0,0.0,0.0,1.0,0.0,0.0,0.0,0.0,0.0,1.0,1.0,608,54,68,60.8,6.051629716218782,60.8,0.0019012928009033,10,0.9292232218811988,43.55555555555557
20.0,6,64.0,862.8834759710336,0.0,0.0,0.5,0.5,0.5,0.0,0.0,5,0,0,5,0,0.0115890502929687,0.0,1.0,0.0,0.0,0.0,0.0,0.0,1.0,0.0,0.0,0.0,0.0,0.0,1.0,1.0,590,54,64,59.0,5.270462766947299,59.0,0.0011620044708251,10,0.9289050057127436,25.0
20.0,6,64.0,797.4568408243973,0.0,0.0,0.5,0.5,0.5,0.0,0.0,5,0,0,5,0,0.0125398635864257,0.0,1.0,0.0,0.0,0.0,0.0,0.0,1.0,0.0,0.0,0.0,0.0,0.0,1.0,1.0,598,54,66,59.8,6.142746399887703,59.8,0.0012555837631225,10,0.9292603391734584,33.959999999999994
20.0,6,64.0,958.588504170952,0.0,0.0,0.5,0.5,0.5,0.0,0.0,5,0,0,5,0,0.0104320049285888,0.0,1.0,0.0,0.0,0.0,0.0,0.0,1.0,0.0,0.0,0.0,0.0,0.0,1.0,1.0,600,54,66,60.0,6.324555320336759,60.0,0.0010459184646606,10,0.9293344008552924,36.0
20.0,6,64.0,330.9846751156074,0.0,0.0,0.9,0.1,0.1,0.0,0.0,1,0,0,9,0,0.0302128791809082,0.0,1.0,0.0,0.0,0.0,0.0,0.0,1.0,0.0,0.0,0.0,0.0,0.0,1.0,1.0,636,54,66,63.6,5.059644256269407,63.6,0.0030229806900024,10,0.928819126684234,36.0
20.0,6,64.0,766.0409475279894,0.0,0.0,1.0,0.0,0.0,0.0,0.0,0,0,0,10,0,0.0130541324615478,0.0,1.0,0.0,0.0,0.0,0.0,0.0,1.0,0.0,0.0,0.0,0.0,0.0,1.0,1.0,667,66,67,66.7,0.4830458915396479,66.7,0.0013068199157714,10,0.0,0.25
20.0,6,64.0,317.83457735005493,0.0,0.0,1.0,0.0,0.0,0.0,0.0,0,0,0,10,0,0.0314629077911376,0.0,1.0,0.0,0.0,0.0,0.0,0.0,1.0,0.0,0.0,0.0,0.0,0.0,1.0,1.0,712,67,73,71.2,2.898275349237888,71.2,0.0033264875411987,10,0.9057849814462656,9.0
20.0,6,64.0,523.5877014493116,0.0,0.0,1.0,0.0,0.0,0.0,0.0,0,0,0,10,0,0.0190989971160888,0.0,1.0,0.0,0.0,0.0,0.0,0.0,1.0,0.0,0.0,0.0,0.0,0.0,1.0,1.0,744,73,75,74.4,0.9660917830792958,74.4,0.0021142959594726,10,0.0,1.0
20.0,6,64.0,437.69543030669854,0.0,0.0,0.6,0.4,0.4,0.0,0.0,4,0,0,6,0,0.0228469371795654,0.0,1.0,0.0,0.0,0.0,0.0,0.0,1.0,0.0,0.0,0.0,0.0,0.0,1.0,1.0,651,54,75,65.1,8.608135686662939,65.1,0.0025442123413085,10,0.930264640153319,75.6734693877551
20.0,6,64.0,910.8349801298616,0.0,0.0,0.6,0.4,0.4,0.0,0.0,4,0,0,6,0,0.0109789371490478,0.0,1.0,0.0,0.0,0.0,0.0,0.0,1.0,0.0,0.0,0.0,0.0,0.0,1.0,1.0,600,54,66,60.0,6.324555320336759,60.0,0.0010995864868164,10,0.9293344008552924,36.0
20.0,6,64.0,529.8581336297831,0.0,0.0,0.5,0.5,0.5,0.0,0.0,5,0,0,5,0,0.0188729763031005,0.0,1.0,0.0,0.0,0.0,0.0,0.0,1.0,0.0,0.0,0.0,0.0,0.0,1.0,1.0,622,54,68,62.2,7.083627444874398,62.2,0.0020426988601684,10,0.929643616475944,46.02469135802469
20.0,6,64.0,289.2104863955429,0.0,0.0,0.5,0.5,0.5,0.0,0.0,5,0,0,5,0,0.0345768928527832,0.0,1.0,0.0,0.0,0.0,0.0,0.0,1.0,0.0,0.0,0.0,0.0,0.0,1.0,1.0,610,54,68,61.0,7.378647873726218,61.0,0.0034625053405761,10,0.9297637959978412,49.0
20.0,6,64.0,693.6173309078882,0.0,0.0,1.0,0.0,0.0,0.0,0.0,0,0,0,10,0,0.0144171714782714,0.0,1.0,0.0,0.0,0.0,0.0,0.0,1.0,0.0,0.0,0.0,0.0,0.0,1.0,1.0,3258,54,356,325.8,95.50078533708502,325.8,0.0014469146728515,10,0.965661229914915,22801.0
20.0,6,64.0,506.8951598283885,0.0,0.0,1.0,0.0,0.0,0.0,0.0,0,0,0,10,0,0.0197279453277587,0.0,1.0,0.0,0.0,0.0,0.0,0.0,1.0,0.0,0.0,0.0,0.0,0.0,1.0,1.0,3578,356,358,357.8,0.632455532033676,357.8,0.0019737958908081,10,0.0,1.0
20.0,6,64.0,512.613233604654,0.0,0.0,1.0,0.0,0.0,0.0,0.0,0,0,0,10,0,0.019507884979248,0.0,1.0,0.0,0.0,0.0,0.0,0.0,1.0,0.0,0.0,0.0,0.0,0.0,1.0,1.0,1294,104,358,129.4,80.32185256827685,129.4,0.0021715879440307,10,0.8742714398622133,16129.0
20.0,6,64.0,513.4792615444885,0.0,0.0,1.0,0.0,0.0,0.0,0.0,0,0,0,10,0,0.019474983215332,0.0,1.0,0.0,0.0,0.0,0.0,0.0,1.0,0.0,0.0,0.0,0.0,0.0,1.0,1.0,1058,104,106,105.8,0.6324555320336757,105.8,0.0021504163742065,10,0.0,1.0
20.0,6,64.0,745.2698164501857,0.0,0.0,0.6,0.4,0.4,0.0,0.0,4,0,0,6,0,0.0134179592132568,0.0,1.0,0.0,0.0,0.0,0.0,0.0,1.0,0.0,0.0,0.0,0.0,0.0,1.0,1.0,8704,54,1406,870.4,691.6195485959025,870.4,0.001651382446289,10,1.0,445634.2222222222
20.0,6,64.0,828.2917966744342,0.0,0.0,0.6,0.4,0.4,0.0,0.0,4,0,0,6,0,0.0120730400085449,0.0,1.0,0.0,0.0,0.0,0.0,0.0,1.0,0.0,0.0,0.0,0.0,0.0,1.0,1.0,7300,54,1406,730.0,712.5665660912748,730.0,0.001209807395935,10,1.0,456976.0
20.0,6,64.0,906.4649564522056,0.0,0.0,0.5,0.5,0.5,0.0,0.0,5,0,0,5,0,0.0110318660736083,0.0,1.0,0.0,0.0,0.0,0.0,0.0,1.0,0.0,0.0,0.0,0.0,0.0,1.0,1.0,8652,54,1406,865.2,698.1697978763237,865.2,0.0011859893798828,10,1.0,456976.0
20.0,6,64.0,552.0273756251645,0.0,0.0,0.5,0.5,0.5,0.0,0.0,5,0,0,5,0,0.0181150436401367,0.0,1.0,0.0,0.0,0.0,0.0,0.0,1.0,0.0,0.0,0.0,0.0,0.0,1.0,1.0,4620,54,1406,462.0,651.4394318225857,462.0,0.0018137216567993,10,1.0,456976.0
20.0,6,64.0,928.0049560811558,0.0,0.0,0.6,0.4,0.4,0.0,0.0,4,0,0,6,0,0.0107758045196533,0.0,1.0,0.0,0.0,0.0,0.0,0.0,1.0,0.0,0.0,0.0,0.0,0.0,1.0,1.0,600,54,66,60.0,6.324555320336759,60.0,0.0010796785354614,10,0.9293344008552924,36.0
20.0,6,64.0,1121.3217484293543,0.0,0.0,0.5,0.5,0.5,0.0,0.0,5,0,0,5,0,0.0089180469512939,0.0,1.0,0.0,0.0,0.0,0.0,0.0,1.0,0.0,0.0,0.0,0.0,0.0,1.0,1.0,604,54,68,60.4,6.785605679999719,60.4,0.0011280059814453,10,0.9295222143298046,41.44
20.0,6,64.0,995.916894218212,0.0,0.0,0.5,0.5,0.5,0.0,0.0,5,0,0,5,0,0.0100409984588623,0.0,1.0,0.0,0.0,0.0,0.0,0.0,1.0,0.0,0.0,0.0,0.0,0.0,1.0,1.0,624,54,68,62.4,7.229568912920511,62.4,0.0012453079223632,10,0.9297030671923672,48.39506172839506
20.0,6,64.0,446.96810494570485,0.0,0.0,0.8,0.2,0.2,0.0,0.0,2,0,0,8,0,0.0223729610443115,0.0,1.0,0.0,0.0,0.0,0.0,0.0,1.0,0.0,0.0,0.0,0.0,0.0,1.0,1.0,628,54,68,62.8,6.124631508189787,62.8,0.0022388935089111,10,0.9292529598911762,49.0
20.0,6,64.0,463.3719632776164,0.0,0.0,1.0,0.0,0.0,0.0,0.0,0,0,0,10,0,0.0215809345245361,0.0,1.0,0.0,0.0,0.0,0.0,0.0,1.0,0.0,0.0,0.0,0.0,0.0,1.0,1.0,670,66,68,67.0,1.0540925533894598,67.0,0.0024411916732788,10,0.9067378651425488,1.0
20.0,6,64.0,391.1465900719009,0.0,0.0,0.8,0.2,0.2,0.0,0.0,2,0,0,8,0,0.0255658626556396,0.0,1.0,0.0,0.0,0.0,0.0,0.0,1.0,0.0,0.0,0.0,0.0,0.0,1.0,1.0,658,54,68,65.8,4.263540521418528,65.8,0.0027729034423828,10,0.9284948258668052,20.4375
20.0,6,64.0,632.0339953587896,0.0,0.0,0.8,0.2,0.2,0.0,0.0,2,0,0,8,0,0.0158219337463378,0.0,1.0,0.0,0.0,0.0,0.0,0.0,1.0,0.0,0.0,0.0,0.0,0.0,1.0,1.0,626,54,68,62.6,5.966573556070519,62.6,0.0015854120254516,10,0.9291885734038008,36.0
20.0,6,64.0,777.9619393849464,0.0,0.0,0.7,0.3,0.3,0.0,0.0,3,0,0,7,0,0.0128540992736816,0.0,1.0,0.0,0.0,0.0,0.0,0.0,1.0,0.0,0.0,0.0,0.0,0.0,1.0,1.0,638,54,68,63.8,6.762642481555071,63.8,0.0016277074813842,10,0.9295128600412864,43.55555555555557
20.0,6,64.0,382.9820027940868,0.0,0.0,0.8,0.2,0.2,0.0,0.0,2,0,0,8,0,0.0261108875274658,0.0,1.0,0.0,0.0,0.0,0.0,0.0,1.0,0.0,0.0,0.0,0.0,0.0,1.0,1.0,802,54,93,80.2,17.171035042898385,80.2,0.0026121854782104,10,0.9337528228350752,274.6172839506173
20.0,6,64.0,942.6037710407444,0.0,0.0,0.7,0.3,0.3,0.0,0.0,3,0,0,7,0,0.0106089115142822,0.0,1.0,0.0,0.0,0.0,0.0,0.0,1.0,0.0,0.0,0.0,0.0,0.0,1.0,1.0,860,54,95,86.0,16.89181261242657,86.0,0.001108694076538,10,0.933639078785798,380.25
20.0,6,64.0,373.38460990634906,0.0,0.0,0.8,0.2,0.2,0.0,0.0,2,0,0,8,0,0.0267820358276367,0.0,1.0,0.0,0.0,0.0,0.0,0.0,1.0,0.0,0.0,0.0,0.0,0.0,1.0,1.0,1143,54,411,114.3,106.02625461019863,114.3,0.0026806116104125,10,0.9699488850780104,10117.41
20.0,6,64.0,503.70534052288366,0.0,0.0,1.0,0.0,0.0,0.0,0.0,0,0,0,10,0,0.019852876663208,0.0,1.0,0.0,0.0,0.0,0.0,0.0,1.0,0.0,0.0,0.0,0.0,0.0,1.0,1.0,4112,411,413,411.2,0.6324555320336759,411.2,0.0023660898208618,10,0.0,0.36
20.0,6,64.0,369.5096467271606,0.0,0.0,0.9,0.1,0.1,0.0,0.0,1,0,0,9,0,0.0270628929138183,0.0,1.0,0.0,0.0,0.0,0.0,0.0,1.0,0.0,0.0,0.0,0.0,0.0,1.0,1.0,3783,66,413,378.3,109.73103480784278,378.3,0.0029520988464355,10,0.9510085043393228,10836.81
20.0,6,64.0,713.924085106383,0.0,0.0,0.7,0.3,0.3,0.0,0.0,3,0,0,7,0,0.0140070915222167,0.0,1.0,0.0,0.0,0.0,0.0,0.0,1.0,0.0,0.0,0.0,0.0,0.0,1.0,1.0,624,54,66,62.4,5.796550698475775,62.4,0.0014048099517822,10,0.9291193128925312,36.0
20.0,6,64.0,783.1476744403159,0.0,0.0,0.6,0.4,0.4,0.0,0.0,4,0,0,6,0,0.0127689838409423,0.0,1.0,0.0,0.0,0.0,0.0,0.0,1.0,0.0,0.0,0.0,0.0,0.0,1.0,1.0,600,54,66,60.0,6.324555320336759,60.0,0.001280403137207,10,0.9293344008552924,36.0
20.0,6,64.0,778.3950708930295,0.0,0.0,0.7,0.3,0.3,0.0,0.0,3,0,0,7,0,0.0128469467163085,0.0,1.0,0.0,0.0,0.0,0.0,0.0,1.0,0.0,0.0,0.0,0.0,0.0,1.0,1.0,624,54,66,62.4,5.796550698475775,62.4,0.0012863874435424,10,0.9291193128925312,32.0
20.0,6,64.0,1426.1489289357362,0.0,0.0,0.5,0.5,0.5,0.0,0.0,5,0,0,5,0,0.0070118904113769,0.0,1.0,0.0,0.0,0.0,0.0,0.0,1.0,0.0,0.0,0.0,0.0,0.0,1.0,1.0,590,54,64,59.0,5.270462766947299,59.0,0.0019819021224975,10,0.9289050057127436,25.0
20.0,6,64.0,788.7736718382698,0.0,0.0,0.5,0.5,0.5,0.0,0.0,5,0,0,5,0,0.0126779079437255,0.0,1.0,0.0,0.0,0.0,0.0,0.0,1.0,0.0,0.0,0.0,0.0,0.0,1.0,1.0,602,54,66,60.2,5.370702416299421,60.2,0.0014883995056152,10,0.9289458393363036,25.96
20.0,6,64.0,804.7707126136843,0.0,0.0,0.5,0.5,0.5,0.0,0.0,5,0,0,5,0,0.0124258995056152,0.0,1.0,0.0,0.0,0.0,0.0,0.0,1.0,0.0,0.0,0.0,0.0,0.0,1.0,1.0,600,54,66,60.0,6.324555320336759,60.0,0.001244306564331,10,0.9293344008552924,36.0
20.0,6,64.0,587.1661556983468,0.0,0.0,0.6,0.4,0.4,0.0,0.0,4,0,0,6,0,0.0170309543609619,0.0,1.0,0.0,0.0,0.0,0.0,0.0,1.0,0.0,0.0,0.0,0.0,0.0,1.0,1.0,600,54,66,60.0,6.324555320336759,60.0,0.0017052888870239,10,0.9293344008552924,36.0
20.0,6,64.0,509.0360085925458,0.0,0.0,1.0,0.0,0.0,0.0,0.0,0,0,0,10,0,0.0196449756622314,0.0,1.0,0.0,0.0,0.0,0.0,0.0,1.0,0.0,0.0,0.0,0.0,0.0,1.0,1.0,662,66,68,66.2,0.6324555320336759,66.2,0.0019682168960571,10,0.0,0.36
20.0,6,64.0,401.7994405487221,0.0,0.0,0.9,0.1,0.1,0.0,0.0,1,0,0,9,0,0.0248880386352539,0.0,1.0,0.0,0.0,0.0,0.0,0.0,1.0,0.0,0.0,0.0,0.0,0.0,1.0,1.0,666,54,68,66.6,4.42718872423573,66.6,0.0027075052261352,10,0.9285614895987048,43.55555555555557
20.0,6,64.0,828.488128629558,0.0,0.0,0.5,0.5,0.5,0.0,0.0,5,0,0,5,0,0.0120701789855957,0.0,1.0,0.0,0.0,0.0,0.0,0.0,1.0,0.0,0.0,0.0,0.0,0.0,1.0,1.0,612,54,66,61.2,6.196773353931867,61.2,0.0018193960189819,10,0.9292823475934576,36.0
20.0,6,64.0,934.7471640926212,0.0,0.0,0.6,0.4,0.4,0.0,0.0,4,0,0,6,0,0.0106980800628662,0.0,1.0,0.0,0.0,0.0,0.0,0.0,1.0,0.0,0.0,0.0,0.0,0.0,1.0,1.0,600,54,66,60.0,6.324555320336759,60.0,0.0010726928710937,10,0.9293344008552924,36.0
20.0,6,64.0,623.3268439120807,0.0,0.0,0.7,0.3,0.3,0.0,0.0,3,0,0,7,0,0.016042947769165,0.0,1.0,0.0,0.0,0.0,0.0,0.0,1.0,0.0,0.0,0.0,0.0,0.0,1.0,1.0,636,54,66,63.6,5.059644256269407,63.6,0.0018450021743774,10,0.928819126684234,36.0
20.0,6,64.0,504.84515111758407,0.0,0.0,0.9,0.1,0.1,0.0,0.0,1,0,0,9,0,0.0198080539703369,0.0,1.0,0.0,0.0,0.0,0.0,0.0,1.0,0.0,0.0,0.0,0.0,0.0,1.0,1.0,2589,54,345,258.9,138.67263608946067,258.9,0.0019840002059936,10,0.9832477150374028,20608.25
20.0,6,64.0,514.8849142534465,0.0,0.0,1.0,0.0,0.0,0.0,0.0,0,0,0,10,0,0.0194218158721923,0.0,1.0,0.0,0.0,0.0,0.0,0.0,1.0,0.0,0.0,0.0,0.0,0.0,1.0,1.0,3464,345,347,346.4,0.9660917830792958,346.4,0.0021597862243652,10,0.0,1.0
20.0,6,64.0,327.5162418790605,0.0,0.0,0.9,0.1,0.1,0.0,0.0,1,0,0,9,0,0.0305328369140625,0.0,1.0,0.0,0.0,0.0,0.0,0.0,1.0,0.0,0.0,0.0,0.0,0.0,1.0,1.0,1491,54,347,149.1,136.61417691196377,149.1,0.0032727003097534,10,0.9824091811068576,19740.25
20.0,6,64.0,568.5727066925131,0.0,0.0,1.0,0.0,0.0,0.0,0.0,0,0,0,10,0,0.0175879001617431,0.0,1.0,0.0,0.0,0.0,0.0,0.0,1.0,0.0,0.0,0.0,0.0,0.0,1.0,1.0,672,66,68,67.2,1.0327955589886444,67.2,0.0017601013183593,10,0.9067291895989096,1.0
20.0,6,64.0,467.6393395100958,0.0,0.0,0.7,0.3,0.3,0.0,0.0,3,0,0,7,0,0.0213840007781982,0.0,1.0,0.0,0.0,0.0,0.0,0.0,1.0,0.0,0.0,0.0,0.0,0.0,1.0,1.0,632,54,68,63.2,6.408327915038888,63.2,0.0025305032730102,10,0.9293685264594702,36.96
20.0,6,64.0,888.1909239141944,0.0,0.0,0.6,0.4,0.4,0.0,0.0,4,0,0,6,0,0.011258840560913,0.0,1.0,0.0,0.0,0.0,0.0,0.0,1.0,0.0,0.0,0.0,0.0,0.0,1.0,1.0,612,54,66,61.2,6.196773353931867,61.2,0.0016685009002685,10,0.9292823475934576,36.0
20.0,6,64.0,1290.316864578847,0.0,0.0,0.5,0.5,0.5,0.0,0.0,5,0,0,5,0,0.0077500343322753,0.0,1.0,0.0,0.0,0.0,0.0,0.0,1.0,0.0,0.0,0.0,0.0,0.0,1.0,1.0,608,54,68,60.8,7.192588778272627,60.8,0.0008133172988891,10,0.9296880029647172,46.56
20.0,6,64.0,2211.95232570404,0.0,0.0,0.5,0.5,0.5,0.0,0.0,5,0,0,5,0,0.0045208930969238,0.0,1.0,0.0,0.0,0.0,0.0,0.0,1.0,0.0,0.0,0.0,0.0,0.0,1.0,1.0,624,54,68,62.4,7.229568912920511,62.4,0.0013780832290649,10,0.9297030671923672,49.0
20.0,6,64.0,421.3517640440408,0.0,0.0,0.8,0.2,0.2,0.0,0.0,2,0,0,8,0,0.0237331390380859,0.0,1.0,0.0,0.0,0.0,0.0,0.0,1.0,0.0,0.0,0.0,0.0,0.0,1.0,1.0,624,54,66,62.4,5.796550698475776,62.4,0.0023749113082885,10,0.9291193128925312,36.0
20.0,6,64.0,645.7444613797669,0.0,0.0,0.9,0.1,0.1,0.0,0.0,1,0,0,9,0,0.0154860019683837,0.0,1.0,0.0,0.0,0.0,0.0,0.0,1.0,0.0,0.0,0.0,0.0,0.0,1.0,1.0,660,54,68,66.0,4.320493798938574,66.0,0.0015503883361816,10,0.9285180263539357,21.551020408163264
20.0,6,64.0,310.7421264363558,0.0,0.0,0.7,0.3,0.3,0.0,0.0,3,0,0,7,0,0.0321810245513916,0.0,1.0,0.0,0.0,0.0,0.0,0.0,1.0,0.0,0.0,0.0,0.0,0.0,1.0,1.0,632,54,68,63.2,6.408327915038888,63.2,0.0034386157989501,10,0.9293685264594702,36.96
20.0,6,64.0,2077.2107765451665,0.0,0.0,0.6,0.4,0.4,0.0,0.0,4,0,0,6,0,0.0048141479492187,0.0,1.0,0.0,0.0,0.0,0.0,0.0,1.0,0.0,0.0,0.0,0.0,0.0,1.0,1.0,624,54,66,62.4,5.796550698475775,62.4,0.0005100011825561,10,0.9291193128925312,32.0
20.0,6,64.0,757.1219177587639,0.0,0.0,0.7,0.3,0.3,0.0,0.0,3,0,0,7,0,0.0132079124450683,0.0,1.0,0.0,0.0,0.0,0.0,0.0,1.0,0.0,0.0,0.0,0.0,0.0,1.0,1.0,624,54,68,62.4,7.229568912920511,62.4,0.0013239860534667,10,0.9297030671923672,49.0
20.0,6,64.0,510.8028059236165,0.0,0.0,0.6,0.4,0.4,0.0,0.0,4,0,0,6,0,0.0195770263671875,0.0,1.0,0.0,0.0,0.0,0.0,0.0,1.0,0.0,0.0,0.0,0.0,0.0,1.0,1.0,620,54,68,62.0,6.928203230275509,62.0,0.002242112159729,10,0.9295803028678852,49.0
20.0,6,64.0,503.34869431643625,0.0,0.0,1.0,0.0,0.0,0.0,0.0,0,0,0,10,0,0.019866943359375,0.0,1.0,0.0,0.0,0.0,0.0,0.0,1.0,0.0,0.0,0.0,0.0,0.0,1.0,1.0,664,66,68,66.4,0.8432740427115678,66.4,0.0021672964096069,10,0.0,0.64
20.0,6,64.0,267.7653998633819,0.0,0.0,1.0,0.0,0.0,0.0,0.0,0,0,0,10,0,0.0373461246490478,0.0,1.0,0.0,0.0,0.0,0.0,0.0,1.0,0.0,0.0,0.0,0.0,0.0,1.0,1.0,676,66,68,67.6,0.8432740427115678,67.6,0.0040004968643188,10,0.0,0.64
20.0,6,64.0,1101.7057602899845,0.0,0.0,1.0,0.0,0.0,0.0,0.0,0,0,0,10,0,0.0090768337249755,0.0,1.0,0.0,0.0,0.0,0.0,0.0,1.0,0.0,0.0,0.0,0.0,0.0,1.0,1.0,664,66,68,66.4,0.8432740427115678,66.4,0.0009085893630981,10,0.0,0.64
20.0,6,64.0,333.83508436803567,0.0,0.0,0.9,0.1,0.1,0.0,0.0,1,0,0,9,0,0.0299549102783203,0.0,1.0,0.0,0.0,0.0,0.0,0.0,1.0,0.0,0.0,0.0,0.0,0.0,1.0,1.0,1676,68,566,167.6,209.9752366351804,167.6,0.0032752037048339,10,0.9884357223957072,39680.63999999999
20.0,6,64.0,528.8226542602819,0.0,0.0,0.8,0.2,0.2,0.0,0.0,2,0,0,8,0,0.0189099311828613,0.0,1.0,0.0,0.0,0.0,0.0,0.0,1.0,0.0,0.0,0.0,0.0,0.0,1.0,1.0,4636,54,566,463.6,215.8781549341614,463.6,0.0018939971923828,10,1.0,65536.0
20.0,6,64.0,379.9119581167008,0.0,0.0,0.6,0.4,0.4,0.0,0.0,4,0,0,6,0,0.0263218879699707,0.0,1.0,0.0,0.0,0.0,0.0,0.0,1.0,0.0,0.0,0.0,0.0,0.0,1.0,1.0,3624,54,568,362.4,265.4284586600816,362.4,0.0026340007781982,10,1.0,66049.0
20.0,6,64.0,639.8340274281878,0.0,0.0,0.6,0.4,0.4,0.0,0.0,4,0,0,6,0,0.0156290531158447,0.0,1.0,0.0,0.0,0.0,0.0,0.0,1.0,0.0,0.0,0.0,0.0,0.0,1.0,1.0,2616,54,568,261.6,263.73522075495845,261.6,0.0015642166137695,10,1.0,66049.0
20.0,6,64.0,873.0675881018296,0.0,0.0,0.5,0.5,0.5,0.0,0.0,5,0,0,5,0,0.0114538669586181,0.0,1.0,0.0,0.0,0.0,0.0,0.0,1.0,0.0,0.0,0.0,0.0,0.0,1.0,1.0,590,54,64,59.0,5.270462766947299,59.0,0.0011464834213256,10,0.9289050057127436,25.0
20.0,6,64.0,922.5955743258106,0.0,0.0,0.5,0.5,0.5,0.0,0.0,5,0,0,5,0,0.0108389854431152,0.0,1.0,0.0,0.0,0.0,0.0,0.0,1.0,0.0,0.0,0.0,0.0,0.0,1.0,1.0,594,54,66,59.4,5.738757124441959,59.4,0.0010858058929443,10,0.9290957701022128,29.64
20.0,6,64.0,897.7534246575342,0.0,0.0,0.6,0.4,0.4,0.0,0.0,4,0,0,6,0,0.011138916015625,0.0,1.0,0.0,0.0,0.0,0.0,0.0,1.0,0.0,0.0,0.0,0.0,0.0,1.0,1.0,600,54,66,60.0,6.324555320336759,60.0,0.0011159896850585,10,0.9293344008552924,36.0
20.0,6,64.0,854.324065587127,0.0,0.0,0.5,0.5,0.5,0.0,0.0,5,0,0,5,0,0.0117051601409912,0.0,1.0,0.0,0.0,0.0,0.0,0.0,1.0,0.0,0.0,0.0,0.0,0.0,1.0,1.0,4086,54,1224,408.6,562.7038297363897,408.6,0.0013522148132324,10,1.0,284972.04
20.0,6,64.0,871.0911734164071,0.0,0.0,0.5,0.5,0.5,0.0,0.0,5,0,0,5,0,0.0114798545837402,0.0,1.0,0.0,0.0,0.0,0.0,0.0,1.0,0.0,0.0,0.0,0.0,0.0,1.0,1.0,6390,54,1224,639.0,616.644143732834,639.0,0.0011515855789184,10,1.0,342225.0
20.0,6,64.0,964.4960562926852,0.0,0.0,0.5,0.5,0.5,0.0,0.0,5,0,0,5,0,0.0103681087493896,0.0,1.0,0.0,0.0,0.0,0.0,0.0,1.0,0.0,0.0,0.0,0.0,0.0,1.0,1.0,6396,54,1226,639.6,617.2770312698614,639.6,0.0010403156280517,10,1.0,342927.84
20.0,6,64.0,975.034056303322,0.0,0.0,0.5,0.5,0.5,0.0,0.0,5,0,0,5,0,0.0102560520172119,0.0,1.0,0.0,0.0,0.0,0.0,0.0,1.0,0.0,0.0,0.0,0.0,0.0,1.0,1.0,6400,54,1226,640.0,617.6982362862234,640.0,0.0010278940200805,10,1.0,343396.0
20.0,6,64.0,463.0087870358105,0.0,0.0,0.7,0.3,0.3,0.0,0.0,3,0,0,7,0,0.0215978622436523,0.0,1.0,0.0,0.0,0.0,0.0,0.0,1.0,0.0,0.0,0.0,0.0,0.0,1.0,1.0,4124,54,1226,412.4,453.0222462038212,412.4,0.0021915912628173,10,1.0,343396.0
20.0,6,64.0,883.3833192923336,0.0,0.0,0.6,0.4,0.4,0.0,0.0,4,0,0,6,0,0.0113201141357421,0.0,1.0,0.0,0.0,0.0,0.0,0.0,1.0,0.0,0.0,0.0,0.0,0.0,1.0,1.0,2712,54,366,271.2,149.8835103227392,271.2,0.0016352176666259,10,0.987814576765071,24025.0
20.0,6,64.0,588.0964666292765,0.0,0.0,0.7,0.3,0.3,0.0,0.0,3,0,0,7,0,0.0170040130615234,0.0,1.0,0.0,0.0,0.0,0.0,0.0,1.0,0.0,0.0,0.0,0.0,0.0,1.0,1.0,2412,54,366,241.2,161.11610720222856,241.2,0.0017046928405761,10,0.9923902874299,24336.0
20.0,6,64.0,484.5713229432628,0.0,0.0,0.8,0.2,0.2,0.0,0.0,2,0,0,8,0,0.0206367969512939,0.0,1.0,0.0,0.0,0.0,0.0,0.0,1.0,0.0,0.0,0.0,0.0,0.0,1.0,1.0,2036,54,366,203.6,120.62356504615688,203.6,0.0021236896514892,10,0.9758952454572024,24336.0
20.0,6,64.0,334.86387660274323,0.0,0.0,1.0,0.0,0.0,0.0,0.0,0,0,0,10,0,0.0298628807067871,0.0,1.0,0.0,0.0,0.0,0.0,0.0,1.0,0.0,0.0,0.0,0.0,0.0,1.0,1.0,1670,166,168,167.0,1.0540925533894598,167.0,0.003162407875061,10,0.7363248651425487,1.0
20.0,6,64.0,727.1678224687934,0.0,0.0,0.7,0.3,0.3,0.0,0.0,3,0,0,7,0,0.0137519836425781,0.0,1.0,0.0,0.0,0.0,0.0,0.0,1.0,0.0,0.0,0.0,0.0,0.0,1.0,1.0,1140,54,168,114.0,57.0379990298865,114.0,0.0013768911361694,10,0.9499930292848144,2944.6913580246915
20.0,6,64.0,939.5000447988532,0.0,0.0,0.5,0.5,0.5,0.0,0.0,5,0,0,5,0,0.0106439590454101,0.0,1.0,0.0,0.0,0.0,0.0,0.0,1.0,0.0,0.0,0.0,0.0,0.0,1.0,1.0,590,54,64,59.0,5.270462766947299,59.0,0.0010677099227905,10,0.9289050057127436,25.0
20.0,6,64.0,857.1874680672784,0.0,0.0,0.5,0.5,0.5,0.0,0.0,5,0,0,5,0,0.0116660594940185,0.0,1.0,0.0,0.0,0.0,0.0,0.0,1.0,0.0,0.0,0.0,0.0,0.0,1.0,1.0,596,54,66,59.6,5.94792213951879,59.6,0.0011682033538818,10,0.9291809755627544,31.84
20.0,6,64.0,929.0327153520722,0.0,0.0,0.5,0.5,0.5,0.0,0.0,5,0,0,5,0,0.0107638835906982,0.0,1.0,0.0,0.0,0.0,0.0,0.0,1.0,0.0,0.0,0.0,0.0,0.0,1.0,1.0,600,54,66,60.0,6.324555320336759,60.0,0.0010782957077026,10,0.9293344008552924,36.0
20.0,6,64.0,482.1094495339027,0.0,0.0,0.6,0.4,0.4,0.0,0.0,4,0,0,6,0,0.0207421779632568,0.0,1.0,0.0,0.0,0.0,0.0,0.0,1.0,0.0,0.0,0.0,0.0,0.0,1.0,1.0,600,54,66,60.0,6.324555320336759,60.0,0.0020780086517333,10,0.9293344008552924,36.0
20.0,6,64.0,858.8901175410574,0.0,0.0,0.6,0.4,0.4,0.0,0.0,4,0,0,6,0,0.0116429328918457,0.0,1.0,0.0,0.0,0.0,0.0,0.0,1.0,0.0,0.0,0.0,0.0,0.0,1.0,1.0,612,54,66,61.2,6.196773353931867,61.2,0.001290488243103,10,0.9292823475934576,34.56
20.0,6,64.0,485.85673246223706,0.0,0.0,0.6,0.4,0.4,0.0,0.0,4,0,0,6,0,0.0205821990966796,0.0,1.0,0.0,0.0,0.0,0.0,0.0,1.0,0.0,0.0,0.0,0.0,0.0,1.0,1.0,622,54,68,62.2,7.083627444874397,62.2,0.0023033142089843,10,0.929643616475944,45.16
20.0,6,64.0,1046.770321195937,0.0,0.0,0.6,0.4,0.4,0.0,0.0,4,0,0,6,0,0.0095531940460205,0.0,1.0,0.0,0.0,0.0,0.0,0.0,1.0,0.0,0.0,0.0,0.0,0.0,1.0,1.0,620,54,68,62.0,6.99205898780101,62.0,0.0009927988052368,10,0.9296063151492706,49.0
20.0,6,64.0,453.8455046149518,0.0,0.0,1.0,0.0,0.0,0.0,0.0,0,0,0,10,0,0.0220339298248291,0.0,1.0,0.0,0.0,0.0,0.0,0.0,1.0,0.0,0.0,0.0,0.0,0.0,1.0,1.0,642,64,66,64.2,0.6324555320336759,64.2,0.0024336814880371,10,0.0,0.36
20.0,6,64.0,358.5150994520946,0.0,0.0,1.0,0.0,0.0,0.0,0.0,0,0,0,10,0,0.0278928279876709,0.0,1.0,0.0,0.0,0.0,0.0,0.0,1.0,0.0,0.0,0.0,0.0,0.0,1.0,1.0,661,66,67,66.1,0.3162277660168379,66.1,0.0027920007705688,10,0.0,0.09
20.0,6,64.0,458.5091334433792,0.0,0.0,1.0,0.0,0.0,0.0,0.0,0,0,0,10,0,0.0218098163604736,0.0,1.0,0.0,0.0,0.0,0.0,0.0,1.0,0.0,0.0,0.0,0.0,0.0,1.0,1.0,672,67,69,67.2,0.6324555320336759,67.2,0.0023910999298095,10,0.0,0.36
20.0,6,64.0,321.86629013444656,0.0,0.0,0.9,0.1,0.1,0.0,0.0,1,0,0,9,0,0.0310688018798828,0.0,1.0,0.0,0.0,0.0,0.0,0.0,1.0,0.0,0.0,0.0,0.0,0.0,1.0,1.0,685,64,69,68.5,1.5811388300841898,68.5,0.0033128976821899,10,0.9103608227138232,2.25
20.0,6,64.0,1136.7601702035397,0.0,0.0,0.6,0.4,0.4,0.0,0.0,4,0,0,6,0,0.0087969303131103,0.0,1.0,0.0,0.0,0.0,0.0,0.0,1.0,0.0,0.0,0.0,0.0,0.0,1.0,1.0,600,54,64,60.0,5.163977794943222,60.0,0.0008840084075927,10,0.928861627994548,25.0
20.0,6,64.0,814.1276034084513,0.0,0.0,0.6,0.4,0.4,0.0,0.0,4,0,0,6,0,0.0122830867767333,0.0,1.0,0.0,0.0,0.0,0.0,0.0,1.0,0.0,0.0,0.0,0.0,0.0,1.0,1.0,606,54,66,60.6,5.738757124441958,60.6,0.0012314081192016,10,0.9290957701022128,29.64
20.0,6,64.0,868.2061684951356,0.0,0.0,0.6,0.4,0.4,0.0,0.0,4,0,0,6,0,0.0115180015563964,0.0,1.0,0.0,0.0,0.0,0.0,0.0,1.0,0.0,0.0,0.0,0.0,0.0,1.0,1.0,600,54,66,60.0,6.324555320336759,60.0,0.0011534929275512,10,0.9293344008552924,36.0
20.0,6,64.0,542.2710641653846,0.0,0.0,0.6,0.4,0.4,0.0,0.0,4,0,0,6,0,0.0184409618377685,0.0,1.0,0.0,0.0,0.0,0.0,0.0,1.0,0.0,0.0,0.0,0.0,0.0,1.0,1.0,708,54,90,70.8,17.15808847162177,70.8,0.002052092552185,10,0.9337475489197998,264.96
20.0,6,64.0,778.2650808082682,0.0,0.0,0.6,0.4,0.4,0.0,0.0,4,0,0,6,0,0.0128490924835205,0.0,1.0,0.0,0.0,0.0,0.0,0.0,1.0,0.0,0.0,0.0,0.0,0.0,1.0,1.0,756,54,90,75.6,18.5903200617956,75.6,0.0014804124832153,10,0.9343309827803732,320.0
20.0,6,64.0,862.4399070589928,0.0,0.0,0.5,0.5,0.5,0.0,0.0,5,0,0,5,0,0.0115950107574462,0.0,1.0,0.0,0.0,0.0,0.0,0.0,1.0,0.0,0.0,0.0,0.0,0.0,1.0,1.0,768,54,92,76.8,19.623115620784247,76.8,0.0012011051177978,10,0.9347517023792828,361.0
20.0,6,64.0,497.2912986258492,0.0,0.0,0.6,0.4,0.4,0.0,0.0,4,0,0,6,0,0.020108938217163,0.0,1.0,0.0,0.0,0.0,0.0,0.0,1.0,0.0,0.0,0.0,0.0,0.0,1.0,1.0,1003,54,365,100.3,94.90351825816458,100.3,0.0020128965377807,10,0.965417927197646,8742.024691358023
20.0,6,64.0,822.1707340978144,0.0,0.0,0.5,0.5,0.5,0.0,0.0,5,0,0,5,0,0.0121629238128662,0.0,1.0,0.0,0.0,0.0,0.0,0.0,1.0,0.0,0.0,0.0,0.0,0.0,1.0,1.0,2406,54,365,240.6,160.5997094227342,240.6,0.0013743877410888,10,0.992179927630445,23881.728395061727
20.0,6,64.0,467.6393395100958,0.0,0.0,0.5,0.5,0.5,0.0,0.0,5,0,0,5,0,0.0213840007781982,0.0,1.0,0.0,0.0,0.0,0.0,0.0,1.0,0.0,0.0,0.0,0.0,0.0,1.0,1.0,2099,54,367,209.9,164.3346517864622,209.9,0.002142310142517,10,0.9937013937517332,24305.29
20.0,6,64.0,722.7570995312931,0.0,0.0,0.6,0.4,0.4,0.0,0.0,4,0,0,6,0,0.0138359069824218,0.0,1.0,0.0,0.0,0.0,0.0,0.0,1.0,0.0,0.0,0.0,0.0,0.0,1.0,1.0,2105,54,367,210.5,164.96548460545046,210.5,0.0013856887817382,10,0.9939583698088764,24492.25
20.0,6,64.0,610.0539612816896,0.0,0.0,0.7,0.3,0.3,0.0,0.0,3,0,0,7,0,0.0163919925689697,0.0,1.0,0.0,0.0,0.0,0.0,0.0,1.0,0.0,0.0,0.0,0.0,0.0,1.0,1.0,1527,54,367,152.7,147.97375893493188,152.7,0.0016956090927124,10,0.9870366204397338,24492.25
20.0,6,64.0,498.9536294639671,0.0,0.0,1.0,0.0,0.0,0.0,0.0,0,0,0,10,0,0.0200419425964355,0.0,1.0,0.0,0.0,0.0,0.0,0.0,1.0,0.0,0.0,0.0,0.0,0.0,1.0,1.0,668,66,68,66.8,1.0327955589886444,66.8,0.0020062923431396,10,0.9067291895989096,0.96
20.0,6,64.0,548.8777219430485,0.0,0.0,0.8,0.2,0.2,0.0,0.0,2,0,0,8,0,0.018218994140625,0.0,1.0,0.0,0.0,0.0,0.0,0.0,1.0,0.0,0.0,0.0,0.0,0.0,1.0,1.0,660,54,68,66.0,4.320493798938574,66.0,0.0019689083099365,10,0.9285180263539357,21.0
20.0,6,64.0,505.2282637500301,0.0,0.0,0.6,0.4,0.4,0.0,0.0,4,0,0,6,0,0.0197930335998535,0.0,1.0,0.0,0.0,0.0,0.0,0.0,1.0,0.0,0.0,0.0,0.0,0.0,1.0,1.0,600,54,66,60.0,6.324555320336759,60.0,0.001981496810913,10,0.9293344008552924,36.0
20.0,6,64.0,543.9236435314866,0.0,0.0,0.5,0.5,0.5,0.0,0.0,5,0,0,5,0,0.0183849334716796,0.0,1.0,0.0,0.0,0.0,0.0,0.0,1.0,0.0,0.0,0.0,0.0,0.0,1.0,1.0,600,54,66,60.0,6.324555320336759,60.0,0.001841402053833,10,0.9293344008552924,36.0
20.0,6,64.0,1694.599814148923,0.0,0.0,0.6,0.4,0.4,0.0,0.0,4,0,0,6,0,0.0059010982513427,0.0,1.0,0.0,0.0,0.0,0.0,0.0,1.0,0.0,0.0,0.0,0.0,0.0,1.0,1.0,612,54,66,61.2,6.196773353931867,61.2,0.0005927085876464,10,0.9292823475934576,36.0
20.0,6,64.0,815.2669737788403,0.0,0.0,0.5,0.5,0.5,0.0,0.0,5,0,0,5,0,0.012265920639038,0.0,1.0,0.0,0.0,0.0,0.0,0.0,1.0,0.0,0.0,0.0,0.0,0.0,1.0,1.0,680,54,86,68.0,15.91644851508443,68.0,0.0014988899230957,10,0.9332417544671048,229.1358024691358
20.0,6,64.0,905.3887665673705,0.0,0.0,0.5,0.5,0.5,0.0,0.0,5,0,0,5,0,0.0110449790954589,0.0,1.0,0.0,0.0,0.0,0.0,0.0,1.0,0.0,0.0,0.0,0.0,0.0,1.0,1.0,732,54,86,73.2,16.524728943818314,73.2,0.0011074066162109,10,0.933489543582554,252.83950617283952
20.0,6,64.0,718.4487838300788,0.0,0.0,0.6,0.4,0.4,0.0,0.0,4,0,0,6,0,0.0139188766479492,0.0,1.0,0.0,0.0,0.0,0.0,0.0,1.0,0.0,0.0,0.0,0.0,0.0,1.0,1.0,744,54,88,74.4,17.557524502806956,74.4,0.0013953924179077,10,0.9339102631814634,289.0
20.0,6,64.0,392.1559534383619,0.0,0.0,0.5,0.5,0.5,0.0,0.0,5,0,0,5,0,0.0255000591278076,0.0,1.0,0.0,0.0,0.0,0.0,0.0,1.0,0.0,0.0,0.0,0.0,0.0,1.0,1.0,729,54,107,72.9,20.71204695072143,72.9,0.0025536060333251,10,0.9351952894458458,386.09
20.0,6,64.0,4870.867495064453,0.0,0.0,0.5,0.5,0.5,0.0,0.0,5,0,0,5,0,0.0020530223846435,0.0,1.0,0.0,0.0,0.0,0.0,0.0,1.0,0.0,0.0,0.0,0.0,0.0,1.0,1.0,805,54,107,80.5,27.933452664820685,80.5,0.000209903717041,10,0.9381370012775414,702.25
20.0,6,64.0,656.1699597941208,0.0,0.0,0.5,0.5,0.5,0.0,0.0,5,0,0,5,0,0.0152399539947509,0.0,1.0,0.0,0.0,0.0,0.0,0.0,1.0,0.0,0.0,0.0,0.0,0.0,1.0,1.0,807,54,109,80.7,28.15058712630264,80.7,0.0015260934829711,10,0.9382254531717706,713.2099999999999
20.0,6,64.0,883.2345013477089,0.0,0.0,0.6,0.4,0.4,0.0,0.0,4,0,0,6,0,0.011322021484375,0.0,1.0,0.0,0.0,0.0,0.0,0.0,1.0,0.0,0.0,0.0,0.0,0.0,1.0,1.0,815,54,109,81.5,28.987545218210144,81.5,0.0011353015899658,10,0.93856639642009,756.25
20.0,6,64.0,723.3803594218896,0.0,0.0,0.5,0.5,0.5,0.0,0.0,5,0,0,5,0,0.0138239860534667,0.0,1.0,0.0,0.0,0.0,0.0,0.0,1.0,0.0,0.0,0.0,0.0,0.0,1.0,1.0,772,54,109,77.2,27.611591768675705,77.2,0.0017505884170532,10,0.9380058880228878,756.25
20.0,6,64.0,964.318657316933,0.0,0.0,0.5,0.5,0.5,0.0,0.0,5,0,0,5,0,0.0103700160980224,0.0,1.0,0.0,0.0,0.0,0.0,0.0,1.0,0.0,0.0,0.0,0.0,0.0,1.0,1.0,612,54,66,61.2,6.196773353931867,61.2,0.0010393142700195,10,0.9292823475934576,35.55555555555556
20.0,6,64.0,776.3347955651803,0.0,0.0,0.6,0.4,0.4,0.0,0.0,4,0,0,6,0,0.0128810405731201,0.0,1.0,0.0,0.0,0.0,0.0,0.0,1.0,0.0,0.0,0.0,0.0,0.0,1.0,1.0,618,54,68,61.8,6.762642481555071,61.8,0.001290488243103,10,0.9295128600412864,41.16
20.0,6,64.0,711.5985205795528,0.0,0.0,0.7,0.3,0.3,0.0,0.0,3,0,0,7,0,0.0140528678894042,0.0,1.0,0.0,0.0,0.0,0.0,0.0,1.0,0.0,0.0,0.0,0.0,0.0,1.0,1.0,624,54,68,62.4,7.229568912920511,62.4,0.0014086961746215,10,0.9297030671923672,49.0
20.0,6,64.0,506.0694980694981,0.0,0.0,0.6,0.4,0.4,0.0,0.0,4,0,0,6,0,0.0197601318359375,0.0,1.0,0.0,0.0,0.0,0.0,0.0,1.0,0.0,0.0,0.0,0.0,0.0,1.0,1.0,614,54,68,61.4,6.397916327472042,61.4,0.0021642208099365,10,0.929364285195159,49.0
20.0,6,64.0,716.9015143745941,0.0,0.0,0.7,0.3,0.3,0.0,0.0,3,0,0,7,0,0.013948917388916,0.0,1.0,0.0,0.0,0.0,0.0,0.0,1.0,0.0,0.0,0.0,0.0,0.0,1.0,1.0,628,54,68,62.8,6.124631508189787,62.8,0.0015366792678833,10,0.9292529598911762,33.760000000000005
20.0,6,64.0,786.525399891237,0.0,0.0,0.5,0.5,0.5,0.0,0.0,5,0,0,5,0,0.012714147567749,0.0,1.0,0.0,0.0,0.0,0.0,0.0,1.0,0.0,0.0,0.0,0.0,0.0,1.0,1.0,624,54,68,62.4,7.229568912920511,62.4,0.0015159130096435,10,0.9297030671923672,49.0
20.0,6,64.0,512.506751060008,0.0,0.0,0.8,0.2,0.2,0.0,0.0,2,0,0,8,0,0.0195119380950927,0.0,1.0,0.0,0.0,0.0,0.0,0.0,1.0,0.0,0.0,0.0,0.0,0.0,1.0,1.0,628,54,68,62.8,6.124631508189787,62.8,0.0019551992416381,10,0.9292529598911762,49.0
20.0,6,64.0,833.1785224767088,0.0,0.0,0.7,0.3,0.3,0.0,0.0,3,0,0,7,0,0.0120022296905517,0.0,1.0,0.0,0.0,0.0,0.0,0.0,1.0,0.0,0.0,0.0,0.0,0.0,1.0,1.0,624,54,66,62.4,5.796550698475775,62.4,0.0014779090881347,10,0.9291193128925312,30.24
20.0,6,64.0,988.5232147065756,0.0,0.0,0.6,0.4,0.4,0.0,0.0,4,0,0,6,0,0.0101161003112792,0.0,1.0,0.0,0.0,0.0,0.0,0.0,1.0,0.0,0.0,0.0,0.0,0.0,1.0,1.0,612,54,66,61.2,6.196773353931867,61.2,0.0012353897094726,10,0.9292823475934576,36.0
20.0,6,64.0,463.99221204478073,0.0,0.0,0.6,0.4,0.4,0.0,0.0,4,0,0,6,0,0.0215520858764648,0.0,1.0,0.0,0.0,0.0,0.0,0.0,1.0,0.0,0.0,0.0,0.0,0.0,1.0,1.0,612,54,66,61.2,6.196773353931867,61.2,0.0023637056350708,10,0.9292823475934576,36.0
20.0,6,64.0,736.9158599363986,0.0,0.0,0.7,0.3,0.3,0.0,0.0,3,0,0,7,0,0.0135700702667236,0.0,1.0,0.0,0.0,0.0,0.0,0.0,1.0,0.0,0.0,0.0,0.0,0.0,1.0,1.0,626,54,68,62.6,5.966573556070519,62.6,0.0013581991195678,10,0.9291885734038008,36.0
20.0,6,64.0,922.9203890331382,0.0,0.0,0.6,0.4,0.4,0.0,0.0,4,0,0,6,0,0.0108351707458496,0.0,1.0,0.0,0.0,0.0,0.0,0.0,1.0,0.0,0.0,0.0,0.0,0.0,1.0,1.0,624,54,68,62.4,7.229568912920511,62.4,0.0013756036758422,10,0.9297030671923672,49.0
20.0,6,64.0,513.2970274007807,0.0,0.0,0.5,0.5,0.5,0.0,0.0,5,0,0,5,0,0.0194818973541259,0.0,1.0,0.0,0.0,0.0,0.0,0.0,1.0,0.0,0.0,0.0,0.0,0.0,1.0,1.0,612,54,68,61.2,6.408327915038888,61.2,0.0021650791168212,10,0.9293685264594702,49.0
20.0,6,64.0,765.453782279405,0.0,0.0,0.6,0.4,0.4,0.0,0.0,4,0,0,6,0,0.0130641460418701,0.0,1.0,0.0,0.0,0.0,0.0,0.0,1.0,0.0,0.0,0.0,0.0,0.0,1.0,1.0,600,54,64,60.0,5.163977794943222,60.0,0.0013285160064697,10,0.928861627994548,25.0
20.0,6,64.0,694.202816994654,0.0,0.0,0.6,0.4,0.4,0.0,0.0,4,0,0,6,0,0.0144050121307373,0.0,1.0,0.0,0.0,0.0,0.0,0.0,1.0,0.0,0.0,0.0,0.0,0.0,1.0,1.0,598,54,66,59.8,6.142746399887703,59.8,0.0014425039291381,10,0.9292603391734584,33.959999999999994
20.0,6,64.0,3418.8979458754484,0.0,0.0,0.5,0.5,0.5,0.0,0.0,5,0,0,5,0,0.0029249191284179,0.0,1.0,0.0,0.0,0.0,0.0,0.0,1.0,0.0,0.0,0.0,0.0,0.0,1.0,1.0,600,54,66,60.0,6.324555320336759,60.0,0.0029285907745361,10,0.9293344008552924,36.0
20.0,6,64.0,728.4433560846836,0.0,0.0,0.9,0.1,0.1,0.0,0.0,1,0,0,9,0,0.0137279033660888,0.0,1.0,0.0,0.0,0.0,0.0,0.0,1.0,0.0,0.0,0.0,0.0,0.0,1.0,1.0,648,54,66,64.8,3.794733192202056,64.8,0.0014169931411743,10,0.9283038525131756,36.0
20.0,6,64.0,500.7526265520535,0.0,0.0,1.0,0.0,0.0,0.0,0.0,0,0,0,10,0,0.0199699401855468,0.0,1.0,0.0,0.0,0.0,0.0,0.0,1.0,0.0,0.0,0.0,0.0,0.0,1.0,1.0,676,66,68,67.6,0.8432740427115678,67.6,0.0022243976593017,10,0.0,1.0
20.0,6,64.0,461.82602950891874,0.0,0.0,1.0,0.0,0.0,0.0,0.0,0,0,0,10,0,0.0216531753540039,0.0,1.0,0.0,0.0,0.0,0.0,0.0,1.0,0.0,0.0,0.0,0.0,0.0,1.0,1.0,776,68,80,77.6,5.059644256269406,77.6,0.0021679162979125,10,0.904961306684234,36.0
20.0,6,64.0,564.8742121424339,0.0,0.0,1.0,0.0,0.0,0.0,0.0,0,0,0,10,0,0.0177030563354492,0.0,1.0,0.0,0.0,0.0,0.0,0.0,1.0,0.0,0.0,0.0,0.0,0.0,1.0,1.0,816,80,82,81.6,0.8432740427115678,81.6,0.0019867897033691,10,0.0,1.0
20.0,6,64.0,342.3949583261904,0.0,0.0,1.0,0.0,0.0,0.0,0.0,0,0,0,10,0,0.0292060375213623,0.0,1.0,0.0,0.0,0.0,0.0,0.0,1.0,0.0,0.0,0.0,0.0,0.0,1.0,1.0,692,66,82,69.2,6.746192341692542,69.2,0.0032467126846313,10,0.909056598912312,64.0
20.0,6,64.0,524.9901743582041,0.0,0.0,1.0,0.0,0.0,0.0,0.0,0,0,0,10,0,0.0190479755401611,0.0,1.0,0.0,0.0,0.0,0.0,0.0,1.0,0.0,0.0,0.0,0.0,0.0,1.0,1.0,676,66,68,67.6,0.8432740427115678,67.6,0.0019057989120483,10,0.0,1.0
20.0,6,64.0,335.3216664135014,0.0,0.0,1.0,0.0,0.0,0.0,0.0,0,0,0,10,0,0.0298221111297607,0.0,1.0,0.0,0.0,0.0,0.0,0.0,1.0,0.0,0.0,0.0,0.0,0.0,1.0,1.0,664,66,68,66.4,0.8432740427115678,66.4,0.0032959938049316,10,0.0,1.0
20.0,6,64.0,427.697798443921,0.0,0.0,1.0,0.0,0.0,0.0,0.0,0,0,0,10,0,0.0233809947967529,0.0,1.0,0.0,0.0,0.0,0.0,0.0,1.0,0.0,0.0,0.0,0.0,0.0,1.0,1.0,676,66,68,67.6,0.8432740427115678,67.6,0.002611494064331,10,0.0,1.0
20.0,6,64.0,377.8584169654601,0.0,0.0,1.0,0.0,0.0,0.0,0.0,0,0,0,10,0,0.0264649391174316,0.0,1.0,0.0,0.0,0.0,0.0,0.0,1.0,0.0,0.0,0.0,0.0,0.0,1.0,1.0,664,66,68,66.4,0.8432740427115678,66.4,0.0026474952697753,10,0.0,1.0
20.0,6,64.0,507.1525821312407,0.0,0.0,1.0,0.0,0.0,0.0,0.0,0,0,0,10,0,0.0197179317474365,0.0,1.0,0.0,0.0,0.0,0.0,0.0,1.0,0.0,0.0,0.0,0.0,0.0,1.0,1.0,676,66,68,67.6,0.8432740427115678,67.6,0.0020560026168823,10,0.0,1.0
20.0,6,64.0,397.9755387082389,0.0,0.0,1.0,0.0,0.0,0.0,0.0,0,0,0,10,0,0.0251271724700927,0.0,1.0,0.0,0.0,0.0,0.0,0.0,1.0,0.0,0.0,0.0,0.0,0.0,1.0,1.0,664,66,68,66.4,0.8432740427115678,66.4,0.002875018119812,10,0.0,1.0
20.0,6,64.0,524.5240358161172,0.0,0.0,1.0,0.0,0.0,0.0,0.0,0,0,0,10,0,0.0190649032592773,0.0,1.0,0.0,0.0,0.0,0.0,0.0,1.0,0.0,0.0,0.0,0.0,0.0,1.0,1.0,668,66,67,66.8,0.4216370213557839,66.8,0.0021882772445678,10,0.0,0.25
20.0,6,64.0,343.547605006225,0.0,0.0,1.0,0.0,0.0,0.0,0.0,0,0,0,10,0,0.0291080474853515,0.0,1.0,0.0,0.0,0.0,0.0,0.0,1.0,0.0,0.0,0.0,0.0,0.0,1.0,1.0,662,66,67,66.2,0.4216370213557839,66.2,0.0031053066253662,10,0.0,0.25
20.0,6,64.0,461.82602950891874,0.0,0.0,1.0,0.0,0.0,0.0,0.0,0,0,0,10,0,0.0216531753540039,0.0,1.0,0.0,0.0,0.0,0.0,0.0,1.0,0.0,0.0,0.0,0.0,0.0,1.0,1.0,676,66,68,67.6,0.8432740427115678,67.6,0.0026024103164672,10,0.0,1.0
20.0,6,64.0,389.7255208042965,0.0,0.0,1.0,0.0,0.0,0.0,0.0,0,0,0,10,0,0.0256590843200683,0.0,1.0,0.0,0.0,0.0,0.0,0.0,1.0,0.0,0.0,0.0,0.0,0.0,1.0,1.0,664,66,68,66.4,0.8432740427115678,66.4,0.0026794910430908,10,0.0,1.0
20.0,6,64.0,489.4056148047887,0.0,0.0,1.0,0.0,0.0,0.0,0.0,0,0,0,10,0,0.0204329490661621,0.0,1.0,0.0,0.0,0.0,0.0,0.0,1.0,0.0,0.0,0.0,0.0,0.0,1.0,1.0,676,66,68,67.6,0.8432740427115678,67.6,0.0022449970245361,10,0.0,1.0
20.0,6,64.0,462.57984824422095,0.0,0.0,0.6,0.4,0.4,0.0,0.0,4,0,0,6,0,0.0216178894042968,0.0,1.0,0.0,0.0,0.0,0.0,0.0,1.0,0.0,0.0,0.0,0.0,0.0,1.0,1.0,618,54,68,61.8,5.613475849338903,61.8,0.0021626949310302,10,0.9290447355219869,34.666666666666664
20.0,6,64.0,961.6213861567736,0.0,0.0,0.5,0.5,0.5,0.0,0.0,5,0,0,5,0,0.0103991031646728,0.0,1.0,0.0,0.0,0.0,0.0,0.0,1.0,0.0,0.0,0.0,0.0,0.0,1.0,1.0,590,54,64,59.0,5.270462766947299,59.0,0.0010429143905639,10,0.9289050057127436,25.0
20.0,6,64.0,889.5283338988802,0.0,0.0,0.5,0.5,0.5,0.0,0.0,5,0,0,5,0,0.0112419128417968,0.0,1.0,0.0,0.0,0.0,0.0,0.0,1.0,0.0,0.0,0.0,0.0,0.0,1.0,1.0,600,54,66,60.0,6.324555320336759,60.0,0.0011267900466918,10,0.9293344008552924,36.0
20.0,6,64.0,967.031102298665,0.0,0.0,0.5,0.5,0.5,0.0,0.0,5,0,0,5,0,0.010340929031372,0.0,1.0,0.0,0.0,0.0,0.0,0.0,1.0,0.0,0.0,0.0,0.0,0.0,1.0,1.0,600,54,66,60.0,6.324555320336759,60.0,0.0010363101959228,10,0.9293344008552924,36.0
20.0,6,64.0,341.2389150137495,0.0,0.0,1.0,0.0,0.0,0.0,0.0,0,0,0,10,0,0.0293049812316894,0.0,1.0,0.0,0.0,0.0,0.0,0.0,1.0,0.0,0.0,0.0,0.0,0.0,1.0,1.0,648,54,66,64.8,3.794733192202056,64.8,0.0029336929321289,10,0.9283038525131756,36.0
20.0,6,64.0,467.9889315361957,0.0,0.0,1.0,0.0,0.0,0.0,0.0,0,0,0,10,0,0.0213680267333984,0.0,1.0,0.0,0.0,0.0,0.0,0.0,1.0,0.0,0.0,0.0,0.0,0.0,1.0,1.0,678,66,68,67.8,0.6324555320336757,67.8,0.002376914024353,10,0.0,1.0
20.0,6,64.0,272.1594684385382,0.0,0.0,1.0,0.0,0.0,0.0,0.0,0,0,0,10,0,0.0367431640625,0.0,1.0,0.0,0.0,0.0,0.0,0.0,1.0,0.0,0.0,0.0,0.0,0.0,1.0,1.0,662,66,68,66.2,0.6324555320336757,66.2,0.0037683010101318,10,0.0,1.0
20.0,6,64.0,517.8664559462663,0.0,0.0,1.0,0.0,0.0,0.0,0.0,0,0,0,10,0,0.0193099975585937,0.0,1.0,0.0,0.0,0.0,0.0,0.0,1.0,0.0,0.0,0.0,0.0,0.0,1.0,1.0,678,66,68,67.8,0.6324555320336757,67.8,0.0021488904953002,10,0.0,1.0
20.0,6,64.0,848.4654286523445,0.0,0.0,0.5,0.5,0.5,0.0,0.0,5,0,0,5,0,0.0117859840393066,0.0,1.0,0.0,0.0,0.0,0.0,0.0,1.0,0.0,0.0,0.0,0.0,0.0,1.0,1.0,604,54,68,60.4,5.641118880348314,60.4,0.0013861894607543,10,0.9290559961870988,34.666666666666664
20.0,6,64.0,896.3720294067361,0.0,0.0,0.5,0.5,0.5,0.0,0.0,5,0,0,5,0,0.0111560821533203,0.0,1.0,0.0,0.0,0.0,0.0,0.0,1.0,0.0,0.0,0.0,0.0,0.0,1.0,1.0,590,54,64,59.0,5.270462766947299,59.0,0.0011180162429809,10,0.9289050057127436,25.0
20.0,6,64.0,933.5404749716218,0.0,0.0,0.6,0.4,0.4,0.0,0.0,4,0,0,6,0,0.0107119083404541,0.0,1.0,0.0,0.0,0.0,0.0,0.0,1.0,0.0,0.0,0.0,0.0,0.0,1.0,1.0,600,54,66,60.0,6.324555320336759,60.0,0.0010736942291259,10,0.9293344008552924,36.0
20.0,6,64.0,1026.6066183669473,0.0,0.0,0.5,0.5,0.5,0.0,0.0,5,0,0,5,0,0.0097408294677734,0.0,1.0,0.0,0.0,0.0,0.0,0.0,1.0,0.0,0.0,0.0,0.0,0.0,1.0,1.0,600,54,66,60.0,6.324555320336759,60.0,0.0011221885681152,10,0.9293344008552924,36.0
20.0,6,64.0,994.3350244179982,0.0,0.0,0.5,0.5,0.5,0.0,0.0,5,0,0,5,0,0.0100569725036621,0.0,1.0,0.0,0.0,0.0,0.0,0.0,1.0,0.0,0.0,0.0,0.0,0.0,1.0,1.0,600,54,64,60.0,5.163977794943222,60.0,0.0020503997802734,10,0.928861627994548,24.691358024691358
20.0,6,64.0,806.7675854507685,0.0,0.0,0.6,0.4,0.4,0.0,0.0,4,0,0,6,0,0.0123951435089111,0.0,1.0,0.0,0.0,0.0,0.0,0.0,1.0,0.0,0.0,0.0,0.0,0.0,1.0,1.0,592,54,66,59.2,5.513619500836088,59.2,0.0012414216995239,10,0.9290040580398606,27.360000000000003
20.0,6,64.0,958.2162112766152,0.0,0.0,0.5,0.5,0.5,0.0,0.0,5,0,0,5,0,0.0104360580444335,0.0,1.0,0.0,0.0,0.0,0.0,0.0,1.0,0.0,0.0,0.0,0.0,0.0,1.0,1.0,612,54,66,61.2,6.196773353931867,61.2,0.001110291481018,10,0.9292823475934576,36.0
20.0,6,64.0,482.2313945065937,0.0,0.0,0.7,0.3,0.3,0.0,0.0,3,0,0,7,0,0.0207369327545166,0.0,1.0,0.0,0.0,0.0,0.0,0.0,1.0,0.0,0.0,0.0,0.0,0.0,1.0,1.0,612,54,66,61.2,6.196773353931867,61.2,0.0020767927169799,10,0.9292823475934576,36.0
20.0,6,64.0,537.9519802996101,0.0,0.0,1.0,0.0,0.0,0.0,0.0,0,0,0,10,0,0.0185890197753906,0.0,1.0,0.0,0.0,0.0,0.0,0.0,1.0,0.0,0.0,0.0,0.0,0.0,1.0,1.0,666,66,68,66.6,0.966091783079296,66.6,0.0019834995269775,10,0.0,0.8400000000000001
20.0,6,64.0,339.21325051759834,0.0,0.0,1.0,0.0,0.0,0.0,0.0,0,0,0,10,0,0.02947998046875,0.0,1.0,0.0,0.0,0.0,0.0,0.0,1.0,0.0,0.0,0.0,0.0,0.0,1.0,1.0,668,64,68,66.8,1.9321835661585915,66.8,0.0031353950500488,10,0.9105038242975104,3.3600000000000003
20.0,6,64.0,494.93232639093753,0.0,0.0,1.0,0.0,0.0,0.0,0.0,0,0,0,10,0,0.0202047824859619,0.0,1.0,0.0,0.0,0.0,0.0,0.0,1.0,0.0,0.0,0.0,0.0,0.0,1.0,1.0,646,64,66,64.6,0.966091783079296,64.6,0.0022922992706298,10,0.0,0.8400000000000001
20.0,6,64.0,373.42450142450144,0.0,0.0,0.8,0.2,0.2,0.0,0.0,2,0,0,8,0,0.0267791748046875,0.0,1.0,0.0,0.0,0.0,0.0,0.0,1.0,0.0,0.0,0.0,0.0,0.0,1.0,1.0,848,54,166,84.8,42.95941236924815,84.8,0.0027617216110229,10,0.9442579762227368,1660.9599999999998
20.0,6,64.0,872.2324120864267,0.0,0.0,0.5,0.5,0.5,0.0,0.0,5,0,0,5,0,0.0114648342132568,0.0,1.0,0.0,0.0,0.0,0.0,0.0,1.0,0.0,0.0,0.0,0.0,0.0,1.0,1.0,1100,54,166,110.0,59.02918298980975,110.0,0.0011486768722534,10,0.9508041579827288,3136.0
20.0,6,64.0,1019.3462463849128,0.0,0.0,0.5,0.5,0.5,0.0,0.0,5,0,0,5,0,0.0098102092742919,0.0,1.0,0.0,0.0,0.0,0.0,0.0,1.0,0.0,0.0,0.0,0.0,0.0,1.0,1.0,1104,54,168,110.4,59.4553053421924,110.4,0.0009851217269897,10,0.9509777431841956,3181.44
20.0,6,64.0,725.482409105061,0.0,0.0,0.5,0.5,0.5,0.0,0.0,5,0,0,5,0,0.0137839317321777,0.0,1.0,0.0,0.0,0.0,0.0,0.0,1.0,0.0,0.0,0.0,0.0,0.0,1.0,1.0,1110,54,168,111.0,60.08327554319921,111.0,0.0013800859451293,10,0.9512335531252776,3249.0
20.0,6,64.0,553.3382585751979,0.0,0.0,0.7,0.3,0.3,0.0,0.0,3,0,0,7,0,0.0180721282958984,0.0,1.0,0.0,0.0,0.0,0.0,0.0,1.0,0.0,0.0,0.0,0.0,0.0,1.0,1.0,918,54,168,91.8,52.84316417475396,91.8,0.0018089056015014,10,0.9482842213582278,3249.0
20.0,6,64.0,475.7604355716878,0.0,0.0,1.0,0.0,0.0,0.0,0.0,0,0,0,10,0,0.0210189819335937,0.0,1.0,0.0,0.0,0.0,0.0,0.0,1.0,0.0,0.0,0.0,0.0,0.0,1.0,1.0,666,66,68,66.6,0.966091783079296,66.6,0.0024091005325317,10,0.0,0.8400000000000001
20.0,6,64.0,338.583445002341,0.0,0.0,1.0,0.0,0.0,0.0,0.0,0,0,0,10,0,0.0295348167419433,0.0,1.0,0.0,0.0,0.0,0.0,0.0,1.0,0.0,0.0,0.0,0.0,0.0,1.0,1.0,674,66,68,67.4,0.966091783079296,67.4,0.0029568910598754,10,0.0,0.8400000000000001
20.0,6,64.0,569.3135884245246,0.0,0.0,1.0,0.0,0.0,0.0,0.0,0,0,0,10,0,0.0175650119781494,0.0,1.0,0.0,0.0,0.0,0.0,0.0,1.0,0.0,0.0,0.0,0.0,0.0,1.0,1.0,666,66,68,66.6,0.966091783079296,66.6,0.0021553039550781,10,0.0,0.8400000000000001
20.0,6,64.0,361.7182527704713,0.0,0.0,0.8,0.2,0.2,0.0,0.0,2,0,0,8,0,0.0276458263397216,0.0,1.0,0.0,0.0,0.0,0.0,0.0,1.0,0.0,0.0,0.0,0.0,0.0,1.0,1.0,658,54,68,65.8,4.467164151400255,65.8,0.0029413938522338,10,0.9285777739887144,19.55555555555556
20.0,6,64.0,1023.7500610202588,0.0,0.0,0.5,0.5,0.5,0.0,0.0,5,0,0,5,0,0.009768009185791,0.0,1.0,0.0,0.0,0.0,0.0,0.0,1.0,0.0,0.0,0.0,0.0,0.0,1.0,1.0,590,54,64,59.0,5.270462766947299,59.0,0.0009786128997802,10,0.9289050057127436,25.0
20.0,6,64.0,1007.9553974814958,0.0,0.0,0.5,0.5,0.5,0.0,0.0,5,0,0,5,0,0.0099210739135742,0.0,1.0,0.0,0.0,0.0,0.0,0.0,1.0,0.0,0.0,0.0,0.0,0.0,1.0,1.0,594,54,66,59.4,5.738757124441959,59.4,0.0009948968887329,10,0.9290957701022128,29.64
20.0,6,64.0,859.0308442223405,0.0,0.0,0.5,0.5,0.5,0.0,0.0,5,0,0,5,0,0.0116410255432128,0.0,1.0,0.0,0.0,0.0,0.0,0.0,1.0,0.0,0.0,0.0,0.0,0.0,1.0,1.0,600,54,66,60.0,6.324555320336759,60.0,0.001166296005249,10,0.9293344008552924,36.0
20.0,6,64.0,558.1911340014107,0.0,0.0,0.6,0.4,0.4,0.0,0.0,4,0,0,6,0,0.0179150104522705,0.0,1.0,0.0,0.0,0.0,0.0,0.0,1.0,0.0,0.0,0.0,0.0,0.0,1.0,1.0,600,54,66,60.0,6.324555320336759,60.0,0.0017935037612915,10,0.9293344008552924,36.0
20.0,6,64.0,793.6542537087496,0.0,0.0,0.6,0.4,0.4,0.0,0.0,4,0,0,6,0,0.0125999450683593,0.0,1.0,0.0,0.0,0.0,0.0,0.0,1.0,0.0,0.0,0.0,0.0,0.0,1.0,1.0,612,54,66,61.2,6.196773353931867,61.2,0.0014664888381958,10,0.9292823475934576,34.56
20.0,6,64.0,281.3005687305505,0.0,0.0,0.6,0.4,0.4,0.0,0.0,4,0,0,6,0,0.0355491638183593,0.0,1.0,0.0,0.0,0.0,0.0,0.0,1.0,0.0,0.0,0.0,0.0,0.0,1.0,1.0,634,54,68,63.4,6.535373831014651,63.4,0.0035574197769165,10,0.9294202798838022,41.4375
20.0,6,64.0,729.7741587500435,0.0,0.0,0.6,0.4,0.4,0.0,0.0,4,0,0,6,0,0.0137028694152832,0.0,1.0,0.0,0.0,0.0,0.0,0.0,1.0,0.0,0.0,0.0,0.0,0.0,1.0,1.0,610,54,68,61.0,7.378647873726218,61.0,0.0013722896575927,10,0.9297637959978412,49.0
20.0,6,64.0,839.7677491691027,0.0,0.0,0.5,0.5,0.5,0.0,0.0,5,0,0,5,0,0.0119080543518066,0.0,1.0,0.0,0.0,0.0,0.0,0.0,1.0,0.0,0.0,0.0,0.0,0.0,1.0,1.0,840,54,104,84.0,25.81988897471611,84.0,0.0015856027603149,10,0.9372760199727403,625.0
20.0,6,64.0,1641.477770820288,0.0,0.0,0.5,0.5,0.5,0.0,0.0,5,0,0,5,0,0.0060920715332031,0.0,1.0,0.0,0.0,0.0,0.0,0.0,1.0,0.0,0.0,0.0,0.0,0.0,1.0,1.0,792,54,106,79.2,26.56982415364384,79.2,0.0006108999252319,10,0.9375815135672284,635.36
20.0,6,64.0,818.0655731310097,0.0,0.0,0.5,0.5,0.5,0.0,0.0,5,0,0,5,0,0.0122239589691162,0.0,1.0,0.0,0.0,0.0,0.0,0.0,1.0,0.0,0.0,0.0,0.0,0.0,1.0,1.0,800,54,106,80.0,27.406406388125955,80.0,0.0012250900268554,10,0.937922303706267,676.0
20.0,6,64.0,1004.02250149611,0.0,0.0,0.5,0.5,0.5,0.0,0.0,5,0,0,5,0,0.0099599361419677,0.0,1.0,0.0,0.0,0.0,0.0,0.0,1.0,0.0,0.0,0.0,0.0,0.0,1.0,1.0,758,54,106,75.8,26.16953275174099,75.8,0.0009977102279663,10,0.9374184508617492,676.0
20.0,6,64.0,823.9311672494401,0.0,0.0,0.6,0.4,0.4,0.0,0.0,4,0,0,6,0,0.0121369361877441,0.0,1.0,0.0,0.0,0.0,0.0,0.0,1.0,0.0,0.0,0.0,0.0,0.0,1.0,1.0,600,54,64,60.0,5.163977794943222,60.0,0.0012166023254394,10,0.928861627994548,25.0
20.0,6,64.0,939.4158752911663,0.0,0.0,0.6,0.4,0.4,0.0,0.0,4,0,0,6,0,0.0106449127197265,0.0,1.0,0.0,0.0,0.0,0.0,0.0,1.0,0.0,0.0,0.0,0.0,0.0,1.0,1.0,594,54,66,59.4,5.738757124441959,59.4,0.0010674953460693,10,0.9290957701022128,29.64
20.0,6,64.0,751.0347914838756,0.0,0.0,0.6,0.4,0.4,0.0,0.0,4,0,0,6,0,0.0133149623870849,0.0,1.0,0.0,0.0,0.0,0.0,0.0,1.0,0.0,0.0,0.0,0.0,0.0,1.0,1.0,612,54,66,61.2,6.196773353931867,61.2,0.001599097251892,10,0.9292823475934576,36.0
20.0,6,64.0,674.1194811874186,0.0,0.0,0.7,0.3,0.3,0.0,0.0,3,0,0,7,0,0.0148341655731201,0.0,1.0,0.0,0.0,0.0,0.0,0.0,1.0,0.0,0.0,0.0,0.0,0.0,1.0,1.0,624,54,66,62.4,5.796550698475775,62.4,0.0016920089721679,10,0.9291193128925312,36.0
20.0,6,64.0,664.4126219744012,0.0,0.0,0.7,0.3,0.3,0.0,0.0,3,0,0,7,0,0.0150508880615234,0.0,1.0,0.0,0.0,0.0,0.0,0.0,1.0,0.0,0.0,0.0,0.0,0.0,1.0,1.0,642,54,68,64.2,5.4528280124476085,64.2,0.0017253875732421,10,0.9289792940191508,36.0
20.0,6,64.0,666.3548551093035,0.0,0.0,0.8,0.2,0.2,0.0,0.0,2,0,0,8,0,0.0150070190429687,0.0,1.0,0.0,0.0,0.0,0.0,0.0,1.0,0.0,0.0,0.0,0.0,0.0,1.0,1.0,638,54,68,63.8,6.762642481555072,63.8,0.0015037059783935,10,0.9295128600412864,49.0
20.0,6,64.0,528.1234968962087,0.0,0.0,1.0,0.0,0.0,0.0,0.0,0,0,0,10,0,0.0189349651336669,0.0,1.0,0.0,0.0,0.0,0.0,0.0,1.0,0.0,0.0,0.0,0.0,0.0,1.0,1.0,660,66,66,66.0,0.0,66.0,0.0029918909072875,10,0.0,0.0
20.0,6,64.0,540.280296784831,0.0,0.0,1.0,0.0,0.0,0.0,0.0,0,0,0,10,0,0.0185089111328125,0.0,1.0,0.0,0.0,0.0,0.0,0.0,1.0,0.0,0.0,0.0,0.0,0.0,1.0,1.0,680,68,68,68.0,0.0,68.0,0.0021224021911621,10,0.0,0.0
20.0,6,64.0,498.751902587519,0.0,0.0,1.0,0.0,0.0,0.0,0.0,0,0,0,10,0,0.020050048828125,0.0,1.0,0.0,0.0,0.0,0.0,0.0,1.0,0.0,0.0,0.0,0.0,0.0,1.0,1.0,750,75,75,75.0,0.0,75.0,0.0030515193939208,10,0.0,0.0
20.0,6,64.0,529.0694652925818,0.0,0.0,1.0,0.0,0.0,0.0,0.0,0,0,0,10,0,0.0189011096954345,0.0,1.0,0.0,0.0,0.0,0.0,0.0,1.0,0.0,0.0,0.0,0.0,0.0,1.0,1.0,770,77,77,77.0,0.0,77.0,0.0021266937255859,10,0.0,0.0
20.0,6,64.0,537.173448085962,0.0,0.0,1.0,0.0,0.0,0.0,0.0,0,0,0,10,0,0.0186159610748291,0.0,1.0,0.0,0.0,0.0,0.0,0.0,1.0,0.0,0.0,0.0,0.0,0.0,1.0,1.0,640,64,64,64.0,0.0,64.0,0.0029510021209716,10,0.0,0.0
20.0,6,64.0,518.647706195128,0.0,0.0,1.0,0.0,0.0,0.0,0.0,0,0,0,10,0,0.0192809104919433,0.0,1.0,0.0,0.0,0.0,0.0,0.0,1.0,0.0,0.0,0.0,0.0,0.0,1.0,1.0,660,66,66,66.0,0.0,66.0,0.0021529912948608,10,0.0,0.0
20.0,6,64.0,632.8732232851495,0.0,0.0,0.5,0.5,0.5,0.0,0.0,5,0,0,5,0,0.0158009529113769,0.0,1.0,0.0,0.0,0.0,0.0,0.0,1.0,0.0,0.0,0.0,0.0,0.0,1.0,1.0,600,54,66,60.0,6.324555320336759,60.0,0.0028791904449462,10,0.9293344008552924,36.0
20.0,6,64.0,1130.083254748754,0.0,0.0,0.5,0.5,0.5,0.0,0.0,5,0,0,5,0,0.0088489055633544,0.0,1.0,0.0,0.0,0.0,0.0,0.0,1.0,0.0,0.0,0.0,0.0,0.0,1.0,1.0,600,54,66,60.0,6.324555320336759,60.0,0.0011254072189331,10,0.9293344008552924,36.0
20.0,6,64.0,994.3350244179982,0.0,0.0,0.5,0.5,0.5,0.0,0.0,5,0,0,5,0,0.0100569725036621,0.0,1.0,0.0,0.0,0.0,0.0,0.0,1.0,0.0,0.0,0.0,0.0,0.0,1.0,1.0,624,54,68,62.4,7.229568912920511,62.4,0.0012176036834716,10,0.9297030671923672,48.39506172839506
20.0,6,64.0,728.6964679719939,0.0,0.0,0.6,0.4,0.4,0.0,0.0,4,0,0,6,0,0.0137231349945068,0.0,1.0,0.0,0.0,0.0,0.0,0.0,1.0,0.0,0.0,0.0,0.0,0.0,1.0,1.0,606,54,68,60.6,7.058485830702094,60.6,0.0013751029968261,10,0.9296333747879948,49.0
20.0,6,64.0,989.596073990185,0.0,0.0,0.5,0.5,0.5,0.0,0.0,5,0,0,5,0,0.0101051330566406,0.0,1.0,0.0,0.0,0.0,0.0,0.0,1.0,0.0,0.0,0.0,0.0,0.0,1.0,1.0,600,54,64,60.0,5.163977794943222,60.0,0.0010118007659912,10,0.928861627994548,25.0
20.0,6,64.0,932.5649235147634,0.0,0.0,0.5,0.5,0.5,0.0,0.0,5,0,0,5,0,0.0107231140136718,0.0,1.0,0.0,0.0,0.0,0.0,0.0,1.0,0.0,0.0,0.0,0.0,0.0,1.0,1.0,594,54,66,59.4,5.738757124441959,59.4,0.0010746955871582,10,0.9290957701022128,29.64
20.0,6,64.0,949.3026729737682,0.0,0.0,0.5,0.5,0.5,0.0,0.0,5,0,0,5,0,0.0105340480804443,0.0,1.0,0.0,0.0,0.0,0.0,0.0,1.0,0.0,0.0,0.0,0.0,0.0,1.0,1.0,600,54,66,60.0,6.324555320336759,60.0,0.001055908203125,10,0.9293344008552924,36.0
20.0,6,64.0,445.29774606915737,0.0,0.0,0.6,0.4,0.4,0.0,0.0,4,0,0,6,0,0.0224568843841552,0.0,1.0,0.0,0.0,0.0,0.0,0.0,1.0,0.0,0.0,0.0,0.0,0.0,1.0,1.0,612,54,66,61.2,6.196773353931867,61.2,0.002248191833496,10,0.9292823475934576,36.0
20.0,6,64.0,405.8427836049077,0.0,0.0,0.9,0.1,0.1,0.0,0.0,1,0,0,9,0,0.0246400833129882,0.0,1.0,0.0,0.0,0.0,0.0,0.0,1.0,0.0,0.0,0.0,0.0,0.0,1.0,1.0,638,54,68,63.8,5.202563470700446,63.8,0.0024672031402587,10,0.9288773462554244,36.0
20.0,6,64.0,887.3078062195896,0.0,0.0,0.9,0.1,0.1,0.0,0.0,1,0,0,9,0,0.0112700462341308,0.0,1.0,0.0,0.0,0.0,0.0,0.0,1.0,0.0,0.0,0.0,0.0,0.0,1.0,1.0,666,54,68,66.6,4.427188724235731,66.6,0.0011285066604614,10,0.9285614895987048,21.4375
20.0,6,64.0,908.9203831317992,0.0,0.0,0.5,0.5,0.5,0.0,0.0,5,0,0,5,0,0.0110020637512207,0.0,1.0,0.0,0.0,0.0,0.0,0.0,1.0,0.0,0.0,0.0,0.0,0.0,1.0,1.0,612,54,66,61.2,6.196773353931867,61.2,0.0022924900054931,10,0.9292823475934576,36.0
20.0,6,64.0,572.6403167451704,0.0,0.0,0.5,0.5,0.5,0.0,0.0,5,0,0,5,0,0.0174629688262939,0.0,1.0,0.0,0.0,0.0,0.0,0.0,1.0,0.0,0.0,0.0,0.0,0.0,1.0,1.0,602,54,68,60.2,6.562519841239848,60.2,0.0017481088638305,10,0.9294313380825274,38.76
20.0,6,64.0,1767.436686191058,0.0,0.0,0.6,0.4,0.4,0.0,0.0,4,0,0,6,0,0.0056579113006591,0.0,1.0,0.0,0.0,0.0,0.0,0.0,1.0,0.0,0.0,0.0,0.0,0.0,1.0,1.0,610,54,68,61.0,7.378647873726218,61.0,0.0005674839019775,10,0.9297637959978412,49.0
20.0,6,64.0,515.410061687434,0.0,0.0,0.5,0.5,0.5,0.0,0.0,5,0,0,5,0,0.0194020271301269,0.0,1.0,0.0,0.0,0.0,0.0,0.0,1.0,0.0,0.0,0.0,0.0,0.0,1.0,1.0,676,54,94,67.6,15.399855699179636,67.6,0.0027152061462402,10,0.9330313152176178,213.44
20.0,6,64.0,956.751750724241,0.0,0.0,0.6,0.4,0.4,0.0,0.0,4,0,0,6,0,0.0104520320892333,0.0,1.0,0.0,0.0,0.0,0.0,0.0,1.0,0.0,0.0,0.0,0.0,0.0,1.0,1.0,780,54,94,78.0,20.65591117977289,78.0,0.0010468006134033,10,0.9351724219781924,400.0
20.0,6,64.0,985.5269155760238,0.0,0.0,0.5,0.5,0.5,0.0,0.0,5,0,0,5,0,0.0101468563079833,0.0,1.0,0.0,0.0,0.0,0.0,0.0,1.0,0.0,0.0,0.0,0.0,0.0,1.0,1.0,746,54,96,74.6,21.72658381900948,74.6,0.001017689704895,10,0.9356085711845116,424.84
20.0,6,64.0,962.8354988292548,0.0,0.0,0.6,0.4,0.4,0.0,0.0,4,0,0,6,0,0.0103859901428222,0.0,1.0,0.0,0.0,0.0,0.0,0.0,1.0,0.0,0.0,0.0,0.0,0.0,1.0,1.0,750,54,96,75.0,22.13594362117865,75.0,0.001040506362915,10,0.9357753279935234,441.0
20.0,6,64.0,579.4758292922176,0.0,0.0,0.7,0.3,0.3,0.0,0.0,3,0,0,7,0,0.0172569751739501,0.0,1.0,0.0,0.0,0.0,0.0,0.0,1.0,0.0,0.0,0.0,0.0,0.0,1.0,1.0,674,54,96,67.4,15.749426797329622,67.4,0.0019901037216186,10,0.9331737165001602,441.0
20.0,6,64.0,648.6404899246864,0.0,0.0,0.8,0.2,0.2,0.0,0.0,2,0,0,8,0,0.0154168605804443,0.0,1.0,0.0,0.0,0.0,0.0,0.0,1.0,0.0,0.0,0.0,0.0,0.0,1.0,1.0,626,54,66,62.6,4.623610902506587,62.6,0.0018064975738525,10,0.9286415041372452,20.4375
20.0,6,64.0,752.6655421167857,0.0,0.0,0.7,0.3,0.3,0.0,0.0,3,0,0,7,0,0.0132861137390136,0.0,1.0,0.0,0.0,0.0,0.0,0.0,1.0,0.0,0.0,0.0,0.0,0.0,1.0,1.0,624,54,66,62.4,5.796550698475775,62.4,0.0014836072921752,10,0.9291193128925312,34.56
20.0,6,64.0,425.5109514968906,0.0,0.0,1.0,0.0,0.0,0.0,0.0,0,0,0,10,0,0.0235011577606201,0.0,1.0,0.0,0.0,0.0,0.0,0.0,1.0,0.0,0.0,0.0,0.0,0.0,1.0,1.0,640,64,64,64.0,0.0,64.0,0.0036056041717529,10,0.0,0.0
20.0,6,64.0,848.7401351734186,0.0,0.0,1.0,0.0,0.0,0.0,0.0,0,0,0,10,0,0.011782169342041,0.0,1.0,0.0,0.0,0.0,0.0,0.0,1.0,0.0,0.0,0.0,0.0,0.0,1.0,1.0,660,66,66,66.0,0.0,66.0,0.0012712001800537,10,0.0,0.0
20.0,6,64.0,478.1468308253534,0.0,0.0,1.0,0.0,0.0,0.0,0.0,0,0,0,10,0,0.020914077758789,0.0,1.0,0.0,0.0,0.0,0.0,0.0,1.0,0.0,0.0,0.0,0.0,0.0,1.0,1.0,660,66,66,66.0,0.0,66.0,0.0034152030944824,10,0.0,0.0
20.0,6,64.0,490.1720269259536,0.0,0.0,1.0,0.0,0.0,0.0,0.0,0,0,0,10,0,0.0204010009765625,0.0,1.0,0.0,0.0,0.0,0.0,0.0,1.0,0.0,0.0,0.0,0.0,0.0,1.0,1.0,680,68,68,68.0,0.0,68.0,0.0022126913070678,10,0.0,0.0
20.0,6,64.0,504.8208461214419,0.0,0.0,1.0,0.0,0.0,0.0,0.0,0,0,0,10,0,0.0198090076446533,0.0,1.0,0.0,0.0,0.0,0.0,0.0,1.0,0.0,0.0,0.0,0.0,0.0,1.0,1.0,640,64,64,64.0,0.0,64.0,0.0029924869537353,10,0.0,0.0
20.0,6,64.0,536.5343976258091,0.0,0.0,1.0,0.0,0.0,0.0,0.0,0,0,0,10,0,0.0186381340026855,0.0,1.0,0.0,0.0,0.0,0.0,0.0,1.0,0.0,0.0,0.0,0.0,0.0,1.0,1.0,660,66,66,66.0,0.0,66.0,0.0020336151123046,10,0.0,0.0
20.0,6,64.0,543.7755565062944,0.0,0.0,1.0,0.0,0.0,0.0,0.0,0,0,0,10,0,0.0183899402618408,0.0,1.0,0.0,0.0,0.0,0.0,0.0,1.0,0.0,0.0,0.0,0.0,0.0,1.0,1.0,3660,366,366,366.0,0.0,366.0,0.0031297922134399,10,0.0,0.0
20.0,6,64.0,525.2399974954606,0.0,0.0,1.0,0.0,0.0,0.0,0.0,0,0,0,10,0,0.0190389156341552,0.0,1.0,0.0,0.0,0.0,0.0,0.0,1.0,0.0,0.0,0.0,0.0,0.0,1.0,1.0,3680,368,368,368.0,0.0,368.0,0.0021404981613159,10,0.0,0.0
20.0,6,64.0,526.7571742543171,0.0,0.0,1.0,0.0,0.0,0.0,0.0,0,0,0,10,0,0.0189840793609619,0.0,1.0,0.0,0.0,0.0,0.0,0.0,1.0,0.0,0.0,0.0,0.0,0.0,1.0,1.0,2080,208,208,208.0,0.0,208.0,0.0029061079025268,10,0.0,0.0
20.0,6,64.0,475.9817973422304,0.0,0.0,1.0,0.0,0.0,0.0,0.0,0,0,0,10,0,0.0210092067718505,0.0,1.0,0.0,0.0,0.0,0.0,0.0,1.0,0.0,0.0,0.0,0.0,0.0,1.0,1.0,2100,210,210,210.0,0.0,210.0,0.0022890090942382,10,0.0,0.0
20.0,6,64.0,503.3970235237638,0.0,0.0,1.0,0.0,0.0,0.0,0.0,0,0,0,10,0,0.0198650360107421,0.0,1.0,0.0,0.0,0.0,0.0,0.0,1.0,0.0,0.0,0.0,0.0,0.0,1.0,1.0,640,64,64,64.0,0.0,64.0,0.0032132863998413,10,0.0,0.0
20.0,6,64.0,474.53856336339055,0.0,0.0,1.0,0.0,0.0,0.0,0.0,0,0,0,10,0,0.0210731029510498,0.0,1.0,0.0,0.0,0.0,0.0,0.0,1.0,0.0,0.0,0.0,0.0,0.0,1.0,1.0,660,66,66,66.0,0.0,66.0,0.0021099090576171,10,0.0,0.0
20.0,6,64.0,975.6010420543356,0.0,0.0,0.5,0.5,0.5,0.0,0.0,5,0,0,5,0,0.0102500915527343,0.0,1.0,0.0,0.0,0.0,0.0,0.0,1.0,0.0,0.0,0.0,0.0,0.0,1.0,1.0,612,54,66,61.2,6.196773353931867,61.2,0.0021039009094238,10,0.9292823475934576,36.0
20.0,6,64.0,909.1765113909782,0.0,0.0,0.5,0.5,0.5,0.0,0.0,5,0,0,5,0,0.0109989643096923,0.0,1.0,0.0,0.0,0.0,0.0,0.0,1.0,0.0,0.0,0.0,0.0,0.0,1.0,1.0,602,54,68,60.2,6.562519841239848,60.2,0.0011014938354492,10,0.9294313380825274,38.76
20.0,6,64.0,902.8551747890476,0.0,0.0,0.6,0.4,0.4,0.0,0.0,4,0,0,6,0,0.0110759735107421,0.0,1.0,0.0,0.0,0.0,0.0,0.0,1.0,0.0,0.0,0.0,0.0,0.0,1.0,1.0,610,54,68,61.0,7.378647873726218,61.0,0.0011107921600341,10,0.9297637959978412,49.0
20.0,6,64.0,635.0003027917398,0.0,0.0,0.5,0.5,0.5,0.0,0.0,5,0,0,5,0,0.0157480239868164,0.0,1.0,0.0,0.0,0.0,0.0,0.0,1.0,0.0,0.0,0.0,0.0,0.0,1.0,1.0,620,54,68,62.0,6.928203230275509,62.0,0.0019474029541015,10,0.9295803028678852,49.0
20.0,6,64.0,996.2953989405923,0.0,0.0,0.5,0.5,0.5,0.0,0.0,5,0,0,5,0,0.0100371837615966,0.0,1.0,0.0,0.0,0.0,0.0,0.0,1.0,0.0,0.0,0.0,0.0,0.0,1.0,1.0,600,54,66,60.0,6.324555320336759,60.0,0.0010059118270874,10,0.9293344008552924,36.0
20.0,6,64.0,705.76721802487,0.0,0.0,0.5,0.5,0.5,0.0,0.0,5,0,0,5,0,0.0141689777374267,0.0,1.0,0.0,0.0,0.0,0.0,0.0,1.0,0.0,0.0,0.0,0.0,0.0,1.0,1.0,604,54,68,60.4,6.785605679999719,60.4,0.0014190912246704,10,0.9295222143298046,41.44
20.0,6,64.0,287.257485686108,0.0,0.0,0.5,0.5,0.5,0.0,0.0,5,0,0,5,0,0.0348119735717773,0.0,1.0,0.0,0.0,0.0,0.0,0.0,1.0,0.0,0.0,0.0,0.0,0.0,1.0,1.0,610,54,68,61.0,7.378647873726218,61.0,0.003482699394226,10,0.9297637959978412,49.0
20.0,6,64.0,914.9877835951136,0.0,0.0,0.7,0.3,0.3,0.0,0.0,3,0,0,7,0,0.0109291076660156,0.0,1.0,0.0,0.0,0.0,0.0,0.0,1.0,0.0,0.0,0.0,0.0,0.0,1.0,1.0,618,54,68,61.8,6.762642481555072,61.8,0.0010939121246337,10,0.9295128600412864,49.0
20.0,6,64.0,547.4377749063524,0.0,0.0,1.0,0.0,0.0,0.0,0.0,0,0,0,10,0,0.0182669162750244,0.0,1.0,0.0,0.0,0.0,0.0,0.0,1.0,0.0,0.0,0.0,0.0,0.0,1.0,1.0,666,66,68,66.6,0.966091783079296,66.6,0.0018279790878295,10,0.0,0.8400000000000001
20.0,6,64.0,513.6616251301207,0.0,0.0,0.9,0.1,0.1,0.0,0.0,1,0,0,9,0,0.019468069076538,0.0,1.0,0.0,0.0,0.0,0.0,0.0,1.0,0.0,0.0,0.0,0.0,0.0,1.0,1.0,4148,68,1224,414.8,558.4010506198331,414.8,0.0020572185516357,10,1.0,280630.56000000006
20.0,6,64.0,748.3814791685253,0.0,0.0,0.6,0.4,0.4,0.0,0.0,4,0,0,6,0,0.013362169265747,0.0,1.0,0.0,0.0,0.0,0.0,0.0,1.0,0.0,0.0,0.0,0.0,0.0,1.0,1.0,6390,54,1224,639.0,616.644143732834,639.0,0.0013391017913818,10,1.0,342225.0
20.0,6,64.0,861.0942536286929,0.0,0.0,0.5,0.5,0.5,0.0,0.0,5,0,0,5,0,0.011613130569458,0.0,1.0,0.0,0.0,0.0,0.0,0.0,1.0,0.0,0.0,0.0,0.0,0.0,1.0,1.0,7568,54,1226,756.8,604.8744222288348,756.8,0.0012779951095581,10,1.0,338694.22222222225
20.0,6,64.0,876.0399348343707,0.0,0.0,0.6,0.4,0.4,0.0,0.0,4,0,0,6,0,0.0114150047302246,0.0,1.0,0.0,0.0,0.0,0.0,0.0,1.0,0.0,0.0,0.0,0.0,0.0,1.0,1.0,6400,54,1226,640.0,617.6982362862234,640.0,0.0011445045471191,10,1.0,343396.0
20.0,6,64.0,461.08480091462746,0.0,0.0,0.9,0.1,0.1,0.0,0.0,1,0,0,9,0,0.0216879844665527,0.0,1.0,0.0,0.0,0.0,0.0,0.0,1.0,0.0,0.0,0.0,0.0,0.0,1.0,1.0,1808,54,1226,180.8,367.2652084438892,180.8,0.0022642850875854,10,1.0,343396.0
20.0,6,64.0,498.45554155871935,0.0,0.0,1.0,0.0,0.0,0.0,0.0,0,0,0,10,0,0.02006196975708,0.0,1.0,0.0,0.0,0.0,0.0,0.0,1.0,0.0,0.0,0.0,0.0,0.0,1.0,1.0,676,66,68,67.6,0.8432740427115678,67.6,0.0022211074829101,10,0.0,1.0
20.0,6,64.0,360.44067854871696,0.0,0.0,1.0,0.0,0.0,0.0,0.0,0,0,0,10,0,0.0277438163757324,0.0,1.0,0.0,0.0,0.0,0.0,0.0,1.0,0.0,0.0,0.0,0.0,0.0,1.0,1.0,664,66,68,66.4,0.8432740427115678,66.4,0.0029558897018432,10,0.0,1.0
20.0,6,64.0,533.8777796163588,0.0,0.0,1.0,0.0,0.0,0.0,0.0,0,0,0,10,0,0.018730878829956,0.0,1.0,0.0,0.0,0.0,0.0,0.0,1.0,0.0,0.0,0.0,0.0,0.0,1.0,1.0,676,66,68,67.6,0.8432740427115678,67.6,0.0022650003433227,10,0.0,1.0
20.0,6,64.0,528.2099589451678,0.0,0.0,0.6,0.4,0.4,0.0,0.0,4,0,0,6,0,0.0189318656921386,0.0,1.0,0.0,0.0,0.0,0.0,0.0,1.0,0.0,0.0,0.0,0.0,0.0,1.0,1.0,1196,54,211,119.6,78.84894137244682,119.6,0.0021430015563964,10,0.95887793475748,5685.876543209877
20.0,6,64.0,1294.4983179531496,0.0,0.0,0.5,0.5,0.5,0.0,0.0,5,0,0,5,0,0.0077250003814697,0.0,1.0,0.0,0.0,0.0,0.0,0.0,1.0,0.0,0.0,0.0,0.0,0.0,1.0,1.0,1325,54,211,132.5,82.7462654410726,132.5,0.0009984970092773,10,0.9604655486900754,6162.25
20.0,6,64.0,993.6283521273572,0.0,0.0,0.5,0.5,0.5,0.0,0.0,5,0,0,5,0,0.0100641250610351,0.0,1.0,0.0,0.0,0.0,0.0,0.0,1.0,0.0,0.0,0.0,0.0,0.0,1.0,1.0,1333,54,213,133.3,83.59166625128768,133.3,0.0011998176574707,10,0.9608099311641246,6288.81
20.0,6,64.0,918.1926444833624,0.0,0.0,0.5,0.5,0.5,0.0,0.0,5,0,0,5,0,0.0108909606933593,0.0,1.0,0.0,0.0,0.0,0.0,0.0,1.0,0.0,0.0,0.0,0.0,0.0,1.0,1.0,1335,54,213,133.5,83.80035799446205,133.5,0.0012436866760253,10,0.960894943832624,6320.25
20.0,6,64.0,395.5696393541572,0.0,0.0,0.9,0.1,0.1,0.0,0.0,1,0,0,9,0,0.0252799987792968,0.0,1.0,0.0,0.0,0.0,0.0,0.0,1.0,0.0,0.0,0.0,0.0,0.0,1.0,1.0,795,54,213,79.5,47.05847426340977,79.5,0.0025864124298095,10,0.9459277700759426,6320.25
20.0,6,64.0,450.6515385937769,0.0,0.0,1.0,0.0,0.0,0.0,0.0,0,0,0,10,0,0.0221900939941406,0.0,1.0,0.0,0.0,0.0,0.0,0.0,1.0,0.0,0.0,0.0,0.0,0.0,1.0,1.0,676,66,68,67.6,0.8432740427115678,67.6,0.0024055957794189,10,0.0,1.0
20.0,6,64.0,399.6326009489872,0.0,0.0,1.0,0.0,0.0,0.0,0.0,0,0,0,10,0,0.0250229835510253,0.0,1.0,0.0,0.0,0.0,0.0,0.0,1.0,0.0,0.0,0.0,0.0,0.0,1.0,1.0,648,64,68,64.8,1.686548085423136,64.8,0.0028622865676879,10,0.910403762228078,4.0
20.0,6,64.0,541.38912911595,0.0,0.0,1.0,0.0,0.0,0.0,0.0,0,0,0,10,0,0.0184710025787353,0.0,1.0,0.0,0.0,0.0,0.0,0.0,1.0,0.0,0.0,0.0,0.0,0.0,1.0,1.0,656,64,66,65.6,0.8432740427115678,65.6,0.002036714553833,10,0.0,1.0
20.0,6,64.0,369.8778627300546,0.0,0.0,0.7,0.3,0.3,0.0,0.0,3,0,0,7,0,0.0270359516143798,0.0,1.0,0.0,0.0,0.0,0.0,0.0,1.0,0.0,0.0,0.0,0.0,0.0,1.0,1.0,614,54,66,61.4,5.168279318217148,61.4,0.0028755903244018,10,0.9288633802630688,24.04
20.0,6,64.0,838.2907622816484,0.0,0.0,0.5,0.5,0.5,0.0,0.0,5,0,0,5,0,0.0119290351867675,0.0,1.0,0.0,0.0,0.0,0.0,0.0,1.0,0.0,0.0,0.0,0.0,0.0,1.0,1.0,602,54,66,60.2,5.370702416299421,60.2,0.0013926029205322,10,0.9289458393363036,25.96
20.0,6,64.0,980.2982283924648,0.0,0.0,0.5,0.5,0.5,0.0,0.0,5,0,0,5,0,0.0102009773254394,0.0,1.0,0.0,0.0,0.0,0.0,0.0,1.0,0.0,0.0,0.0,0.0,0.0,1.0,1.0,600,54,66,60.0,6.324555320336759,60.0,0.0010226964950561,10,0.9293344008552924,36.0
20.0,6,64.0,436.5655997918293,0.0,0.0,0.6,0.4,0.4,0.0,0.0,4,0,0,6,0,0.0229060649871826,0.0,1.0,0.0,0.0,0.0,0.0,0.0,1.0,0.0,0.0,0.0,0.0,0.0,1.0,1.0,655,54,121,65.5,20.391991892243716,65.5,0.0022926092147827,10,0.9350649118172244,374.25
20.0,6,64.0,928.1692447276992,0.0,0.0,1.0,0.0,0.0,0.0,0.0,0,0,0,10,0,0.0107738971710205,0.0,1.0,0.0,0.0,0.0,0.0,0.0,1.0,0.0,0.0,0.0,0.0,0.0,1.0,1.0,1212,121,123,121.2,0.6324555320336759,121.2,0.0010813951492309,10,0.0,0.36
20.0,6,64.0,323.89698443955365,0.0,0.0,1.0,0.0,0.0,0.0,0.0,0,0,0,10,0,0.0308740139007568,0.0,1.0,0.0,0.0,0.0,0.0,0.0,1.0,0.0,0.0,0.0,0.0,0.0,1.0,1.0,1318,123,211,131.8,27.82804340948174,131.8,0.0033046007156372,10,0.8205090917632865,696.96
20.0,6,64.0,524.8193796218671,0.0,0.0,1.0,0.0,0.0,0.0,0.0,0,0,0,10,0,0.0190541744232177,0.0,1.0,0.0,0.0,0.0,0.0,0.0,1.0,0.0,0.0,0.0,0.0,0.0,1.0,1.0,2112,211,213,211.2,0.6324555320336759,211.2,0.002320909500122,10,0.0,0.36
20.0,6,64.0,347.6566786853993,0.0,0.0,1.0,0.0,0.0,0.0,0.0,0,0,0,10,0,0.028764009475708,0.0,1.0,0.0,0.0,0.0,0.0,0.0,1.0,0.0,0.0,0.0,0.0,0.0,1.0,1.0,2284,213,367,228.4,48.69907596659304,228.4,0.0029709815979003,10,0.6756394155857515,2134.44
20.0,6,64.0,528.0636551342096,0.0,0.0,1.0,0.0,0.0,0.0,0.0,0,0,0,10,0,0.0189371109008789,0.0,1.0,0.0,0.0,0.0,0.0,0.0,1.0,0.0,0.0,0.0,0.0,0.0,1.0,1.0,3672,367,369,367.2,0.6324555320336759,367.2,0.0020317077636718,10,0.0,0.36
20.0,6,64.0,356.53117084034614,0.0,0.0,0.9,0.1,0.1,0.0,0.0,1,0,0,9,0,0.028048038482666,0.0,1.0,0.0,0.0,0.0,0.0,0.0,1.0,0.0,0.0,0.0,0.0,0.0,1.0,1.0,3387,66,369,338.7,95.8170131031019,338.7,0.0030236005783081,10,0.9453404884576796,8262.810000000001
20.0,6,64.0,786.1126417392934,0.0,0.0,0.6,0.4,0.4,0.0,0.0,4,0,0,6,0,0.0127208232879638,0.0,1.0,0.0,0.0,0.0,0.0,0.0,1.0,0.0,0.0,0.0,0.0,0.0,1.0,1.0,612,54,66,61.2,6.196773353931867,61.2,0.0012765884399414,10,0.9292823475934576,36.0
20.0,6,64.0,898.5612065641202,0.0,0.0,0.6,0.4,0.4,0.0,0.0,4,0,0,6,0,0.0111289024353027,0.0,1.0,0.0,0.0,0.0,0.0,0.0,1.0,0.0,0.0,0.0,0.0,0.0,1.0,1.0,604,54,68,60.4,6.785605679999719,60.4,0.0011160135269165,10,0.9295222143298046,41.44
20.0,6,64.0,838.2237499500379,0.0,0.0,0.5,0.5,0.5,0.0,0.0,5,0,0,5,0,0.0119299888610839,0.0,1.0,0.0,0.0,0.0,0.0,0.0,1.0,0.0,0.0,0.0,0.0,0.0,1.0,1.0,624,54,68,62.4,7.229568912920511,62.4,0.0014471054077148,10,0.9297030671923672,49.0
20.0,6,64.0,474.0451406548447,0.0,0.0,0.6,0.4,0.4,0.0,0.0,4,0,0,6,0,0.0210950374603271,0.0,1.0,0.0,0.0,0.0,0.0,0.0,1.0,0.0,0.0,0.0,0.0,0.0,1.0,1.0,604,54,68,60.4,6.785605679999719,60.4,0.0021111965179443,10,0.9295222143298046,49.0
20.0,6,64.0,1195.1627058756485,0.0,0.0,0.5,0.5,0.5,0.0,0.0,5,0,0,5,0,0.0083670616149902,0.0,1.0,0.0,0.0,0.0,0.0,0.0,1.0,0.0,0.0,0.0,0.0,0.0,1.0,1.0,600,54,66,60.0,6.324555320336759,60.0,0.0008378028869628,10,0.9293344008552924,36.0
20.0,6,64.0,1071.2325688307708,0.0,0.0,0.5,0.5,0.5,0.0,0.0,5,0,0,5,0,0.0093350410461425,0.0,1.0,0.0,0.0,0.0,0.0,0.0,1.0,0.0,0.0,0.0,0.0,0.0,1.0,1.0,606,54,68,60.6,6.995236474439826,60.6,0.0011133909225463,10,0.9296076095302278,44.04
20.0,6,64.0,900.4130350779271,0.0,0.0,0.5,0.5,0.5,0.0,0.0,5,0,0,5,0,0.0111060142517089,0.0,1.0,0.0,0.0,0.0,0.0,0.0,1.0,0.0,0.0,0.0,0.0,0.0,1.0,1.0,624,54,68,62.4,7.229568912920511,62.4,0.0012980937957763,10,0.9297030671923672,49.0
20.0,6,64.0,508.33886801599806,0.0,0.0,0.5,0.5,0.5,0.0,0.0,5,0,0,5,0,0.0196719169616699,0.0,1.0,0.0,0.0,0.0,0.0,0.0,1.0,0.0,0.0,0.0,0.0,0.0,1.0,1.0,5850,54,1378,585.0,682.5190270038062,585.0,0.0019689083099365,10,1.0,419249.0
20.0,6,64.0,837.1697171713139,0.0,0.0,0.5,0.5,0.5,0.0,0.0,5,0,0,5,0,0.0119450092315673,0.0,1.0,0.0,0.0,0.0,0.0,0.0,1.0,0.0,0.0,0.0,0.0,0.0,1.0,1.0,7160,54,1378,716.0,697.8092703438224,716.0,0.0011974096298217,10,1.0,438244.0
20.0,6,64.0,711.4898814269478,0.0,0.0,0.6,0.4,0.4,0.0,0.0,4,0,0,6,0,0.0140550136566162,0.0,1.0,0.0,0.0,0.0,0.0,0.0,1.0,0.0,0.0,0.0,0.0,0.0,1.0,1.0,8494,54,1380,849.4,684.5715935288775,849.4,0.0014072895050048,10,1.0,439127.5555555556
20.0,6,64.0,501.83106006221584,0.0,0.0,0.8,0.2,0.2,0.0,0.0,2,0,0,8,0,0.0199270248413085,0.0,1.0,0.0,0.0,0.0,0.0,0.0,1.0,0.0,0.0,0.0,0.0,0.0,1.0,1.0,7190,54,1380,719.0,696.7647458870972,719.0,0.0019946098327636,10,1.0,439569.0
20.0,6,64.0,596.8670309653917,0.0,0.0,0.8,0.2,0.2,0.0,0.0,2,0,0,8,0,0.016754150390625,0.0,1.0,0.0,0.0,0.0,0.0,0.0,1.0,0.0,0.0,0.0,0.0,0.0,1.0,1.0,620,54,64,62.0,4.216370213557839,62.0,0.0018738031387329,10,0.9284756105701948,25.0
20.0,6,64.0,576.0694419645923,0.0,0.0,0.9,0.1,0.1,0.0,0.0,1,0,0,9,0,0.0173590183258056,0.0,1.0,0.0,0.0,0.0,0.0,0.0,1.0,0.0,0.0,0.0,0.0,0.0,1.0,1.0,648,54,66,64.8,3.794733192202055,64.8,0.0019400835037231,10,0.9283038525131756,17.63265306122449
20.0,6,64.0,564.6536799450735,0.0,0.0,0.5,0.5,0.5,0.0,0.0,5,0,0,5,0,0.0177099704742431,0.0,1.0,0.0,0.0,0.0,0.0,0.0,1.0,0.0,0.0,0.0,0.0,0.0,1.0,1.0,612,54,66,61.2,6.196773353931867,61.2,0.0020287990570068,10,0.9292823475934576,35.55555555555556
20.0,6,64.0,649.7659215194187,0.0,0.0,0.7,0.3,0.3,0.0,0.0,3,0,0,7,0,0.0153901576995849,0.0,1.0,0.0,0.0,0.0,0.0,0.0,1.0,0.0,0.0,0.0,0.0,0.0,1.0,1.0,628,54,68,62.8,6.124631508189787,62.8,0.0015400171279907,10,0.9292529598911762,36.0
20.0,6,64.0,578.564590661425,0.0,0.0,0.7,0.3,0.3,0.0,0.0,3,0,0,7,0,0.0172841548919677,0.0,1.0,0.0,0.0,0.0,0.0,0.0,1.0,0.0,0.0,0.0,0.0,0.0,1.0,1.0,638,54,68,63.8,6.762642481555072,63.8,0.0017313957214355,10,0.9295128600412864,49.0
20.0,6,64.0,562.5558625499611,0.0,0.0,0.5,0.5,0.5,0.0,0.0,5,0,0,5,0,0.0177760124206542,0.0,1.0,0.0,0.0,0.0,0.0,0.0,1.0,0.0,0.0,0.0,0.0,0.0,1.0,1.0,602,54,68,60.2,6.562519841239848,60.2,0.0017814874649047,10,0.9294313380825274,49.0
20.0,6,64.0,959.0487949878813,0.0,0.0,0.5,0.5,0.5,0.0,0.0,5,0,0,5,0,0.0104269981384277,0.0,1.0,0.0,0.0,0.0,0.0,0.0,1.0,0.0,0.0,0.0,0.0,0.0,1.0,1.0,600,54,66,60.0,6.324555320336759,60.0,0.0010453939437866,10,0.9293344008552924,36.0
20.0,6,64.0,806.6434601996269,0.0,0.0,0.5,0.5,0.5,0.0,0.0,5,0,0,5,0,0.0123970508575439,0.0,1.0,0.0,0.0,0.0,0.0,0.0,1.0,0.0,0.0,0.0,0.0,0.0,1.0,1.0,608,54,68,60.8,7.192588778272627,60.8,0.0012433052062988,10,0.9296880029647172,46.56
20.0,6,64.0,768.2156855562475,0.0,0.0,0.5,0.5,0.5,0.0,0.0,5,0,0,5,0,0.0130171775817871,0.0,1.0,0.0,0.0,0.0,0.0,0.0,1.0,0.0,0.0,0.0,0.0,0.0,1.0,1.0,610,54,68,61.0,7.378647873726218,61.0,0.0013033151626586,10,0.9297637959978412,49.0
20.0,6,64.0,436.8930137599867,0.0,0.0,0.9,0.1,0.1,0.0,0.0,1,0,0,9,0,0.0228888988494873,0.0,1.0,0.0,0.0,0.0,0.0,0.0,1.0,0.0,0.0,0.0,0.0,0.0,1.0,1.0,1611,54,205,161.1,70.78833865043654,161.1,0.0022904872894287,10,0.9555943676326418,5375.138888888889
20.0,6,64.0,506.2771890012795,0.0,0.0,1.0,0.0,0.0,0.0,0.0,0,0,0,10,0,0.019752025604248,0.0,1.0,0.0,0.0,0.0,0.0,0.0,1.0,0.0,0.0,0.0,0.0,0.0,1.0,1.0,2064,205,207,206.4,0.9660917830792958,206.4,0.0021964073181152,10,0.0,1.0
20.0,6,64.0,370.6852850198851,0.0,0.0,0.9,0.1,0.1,0.0,0.0,1,0,0,9,0,0.0269770622253417,0.0,1.0,0.0,0.0,0.0,0.0,0.0,1.0,0.0,0.0,0.0,0.0,0.0,1.0,1.0,1185,54,207,118.5,61.8155859526274,118.5,0.0026987075805664,10,0.9519392270936624,3948.109375
20.0,6,64.0,398.7549555544992,0.0,0.0,0.6,0.4,0.4,0.0,0.0,4,0,0,6,0,0.0250780582427978,0.0,1.0,0.0,0.0,0.0,0.0,0.0,1.0,0.0,0.0,0.0,0.0,0.0,1.0,1.0,763,54,87,76.3,15.413197807939358,76.3,0.0027467966079711,10,0.9330367502590422,231.484375
20.0,6,64.0,686.1510273524408,0.0,0.0,0.9,0.1,0.1,0.0,0.0,1,0,0,9,0,0.0145740509033203,0.0,1.0,0.0,0.0,0.0,0.0,0.0,1.0,0.0,0.0,0.0,0.0,0.0,1.0,1.0,781,54,87,78.1,14.58652346060111,78.1,0.0014617919921875,10,0.9326999961969104,272.25
20.0,6,64.0,405.31725324210976,0.0,0.0,1.0,0.0,0.0,0.0,0.0,0,0,0,10,0,0.0246720314025878,0.0,1.0,0.0,0.0,0.0,0.0,0.0,1.0,0.0,0.0,0.0,0.0,0.0,1.0,1.0,642,64,66,64.2,0.6324555320336759,64.2,0.0026036024093627,10,0.0,0.36
20.0,6,64.0,262.79112314073404,0.0,0.0,1.0,0.0,0.0,0.0,0.0,0,0,0,10,0,0.0380530357360839,0.0,1.0,0.0,0.0,0.0,0.0,0.0,1.0,0.0,0.0,0.0,0.0,0.0,1.0,1.0,658,64,66,65.8,0.6324555320336759,65.8,0.0038909912109375,10,0.0,0.36
20.0,6,64.0,546.2969378850437,0.0,0.0,1.0,0.0,0.0,0.0,0.0,0,0,0,10,0,0.0183050632476806,0.0,1.0,0.0,0.0,0.0,0.0,0.0,1.0,0.0,0.0,0.0,0.0,0.0,1.0,1.0,642,64,66,64.2,0.6324555320336759,64.2,0.0021438121795654,10,0.0,0.36
20.0,6,64.0,899.9300534254511,0.0,0.0,1.0,0.0,0.0,0.0,0.0,0,0,0,10,0,0.0111119747161865,0.0,1.0,0.0,0.0,0.0,0.0,0.0,1.0,0.0,0.0,0.0,0.0,0.0,1.0,1.0,658,64,66,65.8,0.6324555320336759,65.8,0.0020859956741333,10,0.0,0.36
20.0,6,64.0,1645.8577931250982,0.0,0.0,0.8,0.2,0.2,0.0,0.0,2,0,0,8,0,0.0060758590698242,0.0,1.0,0.0,0.0,0.0,0.0,0.0,1.0,0.0,0.0,0.0,0.0,0.0,1.0,1.0,630,54,64,63.0,3.1622776601683795,63.0,0.0017062902450561,10,0.9280462154276462,18.75
20.0,6,64.0,585.4859152963511,0.0,0.0,0.8,0.2,0.2,0.0,0.0,2,0,0,8,0,0.0170798301696777,0.0,1.0,0.0,0.0,0.0,0.0,0.0,1.0,0.0,0.0,0.0,0.0,0.0,1.0,1.0,636,54,66,63.6,5.059644256269407,63.6,0.0017096996307373,10,0.928819126684234,36.0
20.0,6,64.0,370.8950710079055,0.0,0.0,1.0,0.0,0.0,0.0,0.0,0,0,0,10,0,0.0269618034362792,0.0,1.0,0.0,0.0,0.0,0.0,0.0,1.0,0.0,0.0,0.0,0.0,0.0,1.0,1.0,648,54,66,64.8,3.794733192202056,64.8,0.0026993989944458,10,0.9283038525131756,36.0
20.0,6,64.0,509.3945760818081,0.0,0.0,1.0,0.0,0.0,0.0,0.0,0,0,0,10,0,0.0196311473846435,0.0,1.0,0.0,0.0,0.0,0.0,0.0,1.0,0.0,0.0,0.0,0.0,0.0,1.0,1.0,660,66,66,66.0,0.0,66.0,0.0022384166717529,10,0.0,0.0
20.0,6,64.0,490.7972244000047,0.0,0.0,0.6,0.4,0.4,0.0,0.0,4,0,0,6,0,0.0203750133514404,0.0,1.0,0.0,0.0,0.0,0.0,0.0,1.0,0.0,0.0,0.0,0.0,0.0,1.0,1.0,616,54,66,61.6,5.316640543300503,61.6,0.0022552967071533,10,0.9289238166917188,27.55555555555556
20.0,6,64.0,942.2437884710428,0.0,0.0,0.6,0.4,0.4,0.0,0.0,4,0,0,6,0,0.0106129646301269,0.0,1.0,0.0,0.0,0.0,0.0,0.0,1.0,0.0,0.0,0.0,0.0,0.0,1.0,1.0,590,54,64,59.0,5.270462766947299,59.0,0.0010623931884765,10,0.9289050057127436,25.0
20.0,6,64.0,722.8567489314767,0.0,0.0,0.5,0.5,0.5,0.0,0.0,5,0,0,5,0,0.013833999633789,0.0,1.0,0.0,0.0,0.0,0.0,0.0,1.0,0.0,0.0,0.0,0.0,0.0,1.0,1.0,610,54,66,61.0,6.055300708194984,61.0,0.0017470121383666,10,0.9292247172964904,33.58024691358025
20.0,6,64.0,1456.456698381832,0.0,0.0,0.5,0.5,0.5,0.0,0.0,5,0,0,5,0,0.0068659782409667,0.0,1.0,0.0,0.0,0.0,0.0,0.0,1.0,0.0,0.0,0.0,0.0,0.0,1.0,1.0,600,54,66,60.0,6.324555320336759,60.0,0.0006878852844238,10,0.9293344008552924,36.0
20.0,6,64.0,354.8990971628745,0.0,0.0,1.0,0.0,0.0,0.0,0.0,0,0,0,10,0,0.0281770229339599,0.0,1.0,0.0,0.0,0.0,0.0,0.0,1.0,0.0,0.0,0.0,0.0,0.0,1.0,1.0,648,54,66,64.8,3.794733192202056,64.8,0.0028202056884765,10,0.9283038525131756,36.0
20.0,6,64.0,525.3452573303774,0.0,0.0,1.0,0.0,0.0,0.0,0.0,0,0,0,10,0,0.0190351009368896,0.0,1.0,0.0,0.0,0.0,0.0,0.0,1.0,0.0,0.0,0.0,0.0,0.0,1.0,1.0,678,66,68,67.8,0.6324555320336757,67.8,0.002166199684143,10,0.0,1.0
20.0,6,64.0,312.92135753560586,0.0,0.0,1.0,0.0,0.0,0.0,0.0,0,0,0,10,0,0.0319569110870361,0.0,1.0,0.0,0.0,0.0,0.0,0.0,1.0,0.0,0.0,0.0,0.0,0.0,1.0,1.0,644,64,68,64.4,1.264911064067351,64.4,0.0034682035446166,10,0.9102320041710584,4.0
20.0,6,64.0,614.6671160807186,0.0,0.0,1.0,0.0,0.0,0.0,0.0,0,0,0,10,0,0.0162689685821533,0.0,1.0,0.0,0.0,0.0,0.0,0.0,1.0,0.0,0.0,0.0,0.0,0.0,1.0,1.0,658,64,66,65.8,0.6324555320336757,65.8,0.0022507905960083,10,0.0,1.0
20.0,6,64.0,641.2720545515701,0.0,0.0,0.6,0.4,0.4,0.0,0.0,4,0,0,6,0,0.0155940055847167,0.0,1.0,0.0,0.0,0.0,0.0,0.0,1.0,0.0,0.0,0.0,0.0,0.0,1.0,1.0,692,54,82,69.2,13.958669150189229,69.2,0.0017522096633911,10,0.9324442334650213,175.36
20.0,6,64.0,907.0334328099996,0.0,0.0,0.6,0.4,0.4,0.0,0.0,4,0,0,6,0,0.0110249519348144,0.0,1.0,0.0,0.0,0.0,0.0,0.0,1.0,0.0,0.0,0.0,0.0,0.0,1.0,1.0,710,54,84,71.0,14.643921757659198,71.0,0.0013228893280029,10,0.9327233779672,196.0
20.0,6,64.0,1203.3579113470091,0.0,0.0,0.5,0.5,0.5,0.0,0.0,5,0,0,5,0,0.0083100795745849,0.0,1.0,0.0,0.0,0.0,0.0,0.0,1.0,0.0,0.0,0.0,0.0,0.0,1.0,1.0,690,54,84,69.0,15.811388300841896,69.0,0.0011136054992675,10,0.933198957138231,225.0
20.0,6,64.0,578.3731160109764,0.0,0.0,0.5,0.5,0.5,0.0,0.0,5,0,0,5,0,0.0172898769378662,0.0,1.0,0.0,0.0,0.0,0.0,0.0,1.0,0.0,0.0,0.0,0.0,0.0,1.0,1.0,3290,54,1369,329.0,548.3105365068634,329.0,0.0019932985305786,10,1.0,270580.0
20.0,6,64.0,792.1403614799146,0.0,0.0,0.7,0.3,0.3,0.0,0.0,3,0,0,7,0,0.0126240253448486,0.0,1.0,0.0,0.0,0.0,0.0,0.0,1.0,0.0,0.0,0.0,0.0,0.0,1.0,1.0,8430,54,1369,843.0,679.0630800350337,843.0,0.0012647151947021,10,1.0,432306.25
20.0,6,64.0,910.9141057660984,0.0,0.0,0.6,0.4,0.4,0.0,0.0,4,0,0,6,0,0.0109779834747314,0.0,1.0,0.0,0.0,0.0,0.0,0.0,1.0,0.0,0.0,0.0,0.0,0.0,1.0,1.0,8438,54,1371,843.8,679.7520462966216,843.8,0.0014115810394287,10,1.0,432306.25
20.0,6,64.0,442.1852531258566,0.0,0.0,0.7,0.3,0.3,0.0,0.0,3,0,0,7,0,0.0226149559020996,0.0,1.0,0.0,0.0,0.0,0.0,0.0,1.0,0.0,0.0,0.0,0.0,0.0,1.0,1.0,8452,54,1371,845.2,678.8110193566395,845.2,0.0024434089660644,10,1.0,433622.25
20.0,6,64.0,535.9379512145257,0.0,0.0,1.0,0.0,0.0,0.0,0.0,0,0,0,10,0,0.0186588764190673,0.0,1.0,0.0,0.0,0.0,0.0,0.0,1.0,0.0,0.0,0.0,0.0,0.0,1.0,1.0,642,64,66,64.2,0.6324555320336759,64.2,0.001869797706604,10,0.0,0.36
20.0,6,64.0,333.5775467841606,0.0,0.0,1.0,0.0,0.0,0.0,0.0,0,0,0,10,0,0.0299780368804931,0.0,1.0,0.0,0.0,0.0,0.0,0.0,1.0,0.0,0.0,0.0,0.0,0.0,1.0,1.0,660,66,66,66.0,0.0,66.0,0.0032176971435546,10,0.0,0.0
20.0,6,64.0,1253.1532715864953,0.0,0.0,0.5,0.5,0.5,0.0,0.0,5,0,0,5,0,0.0079798698425292,0.0,1.0,0.0,0.0,0.0,0.0,0.0,1.0,0.0,0.0,0.0,0.0,0.0,1.0,1.0,600,54,66,60.0,6.324555320336759,60.0,0.001103401184082,10,0.9293344008552924,36.0
20.0,6,64.0,1257.2099994005157,0.0,0.0,0.5,0.5,0.5,0.0,0.0,5,0,0,5,0,0.0079541206359863,0.0,1.0,0.0,0.0,0.0,0.0,0.0,1.0,0.0,0.0,0.0,0.0,0.0,1.0,1.0,602,54,68,60.2,6.562519841239848,60.2,0.0018067121505737,10,0.9294313380825274,38.76
20.0,6,64.0,1074.360655737705,0.0,0.0,0.6,0.4,0.4,0.0,0.0,4,0,0,6,0,0.009307861328125,0.0,1.0,0.0,0.0,0.0,0.0,0.0,1.0,0.0,0.0,0.0,0.0,0.0,1.0,1.0,624,54,68,62.4,7.229568912920511,62.4,0.0012942790985107,10,0.9297030671923672,47.04
20.0,6,64.0,1118.9286381219154,0.0,0.0,0.7,0.3,0.3,0.0,0.0,3,0,0,7,0,0.008937120437622,0.0,1.0,0.0,0.0,0.0,0.0,0.0,1.0,0.0,0.0,0.0,0.0,0.0,1.0,1.0,630,54,68,63.0,6.27162924074226,63.0,0.0015658140182495,10,0.9293128408875088,49.0
20.0,6,64.0,554.6920584540104,0.0,0.0,1.0,0.0,0.0,0.0,0.0,0,0,0,10,0,0.0180280208587646,0.0,1.0,0.0,0.0,0.0,0.0,0.0,1.0,0.0,0.0,0.0,0.0,0.0,1.0,1.0,668,66,68,66.8,1.0327955589886444,66.8,0.0020447015762329,10,0.9067291895989096,0.96
20.0,6,64.0,343.3844743176199,0.0,0.0,1.0,0.0,0.0,0.0,0.0,0,0,0,10,0,0.0291218757629394,0.0,1.0,0.0,0.0,0.0,0.0,0.0,1.0,0.0,0.0,0.0,0.0,0.0,1.0,1.0,672,66,68,67.2,1.0327955589886444,67.2,0.0031494855880737,10,0.9067291895989096,0.96
20.0,6,64.0,529.7711312080029,0.0,0.0,1.0,0.0,0.0,0.0,0.0,0,0,0,10,0,0.0188760757446289,0.0,1.0,0.0,0.0,0.0,0.0,0.0,1.0,0.0,0.0,0.0,0.0,0.0,1.0,1.0,668,66,68,66.8,1.0327955589886444,66.8,0.002117109298706,10,0.9067291895989096,0.96
20.0,6,64.0,375.319141320591,0.0,0.0,0.9,0.1,0.1,0.0,0.0,1,0,0,9,0,0.0266439914703369,0.0,1.0,0.0,0.0,0.0,0.0,0.0,1.0,0.0,0.0,0.0,0.0,0.0,1.0,1.0,687,54,75,68.7,6.129165250396392,68.7,0.0029097080230712,10,0.9292548067564016,33.81
20.0,6,64.0,480.6564140175563,0.0,0.0,0.9,0.1,0.1,0.0,0.0,1,0,0,9,0,0.0208048820495605,0.0,1.0,0.0,0.0,0.0,0.0,0.0,1.0,0.0,0.0,0.0,0.0,0.0,1.0,1.0,756,75,77,75.6,0.966091783079296,75.6,0.0022981882095336,10,0.0,0.8400000000000001
20.0,6,64.0,991.1628896188294,0.0,0.0,0.7,0.3,0.3,0.0,0.0,3,0,0,7,0,0.0100891590118408,0.0,1.0,0.0,0.0,0.0,0.0,0.0,1.0,0.0,0.0,0.0,0.0,0.0,1.0,1.0,678,54,77,67.8,11.877148928369412,67.8,0.001012110710144,10,0.9315963053874604,132.25
20.0,6,64.0,359.686476288483,0.0,0.0,0.9,0.1,0.1,0.0,0.0,1,0,0,9,0,0.0278019905090332,0.0,1.0,0.0,0.0,0.0,0.0,0.0,1.0,0.0,0.0,0.0,0.0,0.0,1.0,1.0,771,54,80,77.1,8.171087238958272,77.1,0.0029687881469726,10,0.930086604097662,134.88888888888889
20.0,6,64.0,516.2665091146314,0.0,0.0,1.0,0.0,0.0,0.0,0.0,0,0,0,10,0,0.0193698406219482,0.0,1.0,0.0,0.0,0.0,0.0,0.0,1.0,0.0,0.0,0.0,0.0,0.0,1.0,1.0,816,80,82,81.6,0.8432740427115678,81.6,0.0021440982818603,10,0.0,1.0
20.0,6,64.0,383.3180102539732,0.0,0.0,1.0,0.0,0.0,0.0,0.0,0,0,0,10,0,0.026087999343872,0.0,1.0,0.0,0.0,0.0,0.0,0.0,1.0,0.0,0.0,0.0,0.0,0.0,1.0,1.0,1020,82,107,102.0,10.540925533894598,102.0,0.0027836084365844,10,0.8833363414254873,156.25
20.0,6,64.0,458.5492352600335,0.0,0.0,1.0,0.0,0.0,0.0,0.0,0,0,0,10,0,0.0218079090118408,0.0,1.0,0.0,0.0,0.0,0.0,0.0,1.0,0.0,0.0,0.0,0.0,0.0,1.0,1.0,1086,107,109,108.6,0.8432740427115678,108.6,0.0023859977722167,10,0.0,1.0
20.0,6,64.0,322.1134764845022,0.0,0.0,1.0,0.0,0.0,0.0,0.0,0,0,0,10,0,0.0310449600219726,0.0,1.0,0.0,0.0,0.0,0.0,0.0,1.0,0.0,0.0,0.0,0.0,0.0,1.0,1.0,746,66,109,74.6,18.130391918298717,74.6,0.0031069993972778,10,0.913694066451838,462.25
20.0,6,64.0,516.7435442538931,0.0,0.0,1.0,0.0,0.0,0.0,0.0,0,0,0,10,0,0.0193519592285156,0.0,1.0,0.0,0.0,0.0,0.0,0.0,1.0,0.0,0.0,0.0,0.0,0.0,1.0,1.0,676,66,68,67.6,0.8432740427115678,67.6,0.0021589040756225,10,0.0,1.0
20.0,6,64.0,340.8673038163968,0.0,0.0,1.0,0.0,0.0,0.0,0.0,0,0,0,10,0,0.029336929321289,0.0,1.0,0.0,0.0,0.0,0.0,0.0,1.0,0.0,0.0,0.0,0.0,0.0,1.0,1.0,2072,68,242,207.2,73.3648417159064,207.2,0.0031589984893798,10,0.9327861119213916,7569.0
20.0,6,64.0,504.7236495349033,0.0,0.0,1.0,0.0,0.0,0.0,0.0,0,0,0,10,0,0.0198128223419189,0.0,1.0,0.0,0.0,0.0,0.0,0.0,1.0,0.0,0.0,0.0,0.0,0.0,1.0,1.0,2436,242,244,243.6,0.8432740427115678,243.6,0.001984691619873,10,0.0,1.0
20.0,6,64.0,462.4676384325314,0.0,0.0,0.7,0.3,0.3,0.0,0.0,3,0,0,7,0,0.0216231346130371,0.0,1.0,0.0,0.0,0.0,0.0,0.0,1.0,0.0,0.0,0.0,0.0,0.0,1.0,1.0,980,54,244,98.0,77.14344503009384,98.0,0.0023593187332153,10,0.958183183767459,8482.0
20.0,6,64.0,851.7909871854755,0.0,0.0,0.5,0.5,0.5,0.0,0.0,5,0,0,5,0,0.01173996925354,0.0,1.0,0.0,0.0,0.0,0.0,0.0,1.0,0.0,0.0,0.0,0.0,0.0,1.0,1.0,600,54,66,60.0,6.324555320336759,60.0,0.0013199806213378,10,0.9293344008552924,36.0
20.0,6,64.0,822.4286750720603,0.0,0.0,0.5,0.5,0.5,0.0,0.0,5,0,0,5,0,0.0121591091156005,0.0,1.0,0.0,0.0,0.0,0.0,0.0,1.0,0.0,0.0,0.0,0.0,0.0,1.0,1.0,624,54,68,62.4,7.229568912920511,62.4,0.0012173175811767,10,0.9297030671923672,48.39506172839506
20.0,6,64.0,514.9354842670006,0.0,0.0,0.5,0.5,0.5,0.0,0.0,5,0,0,5,0,0.0194199085235595,0.0,1.0,0.0,0.0,0.0,0.0,0.0,1.0,0.0,0.0,0.0,0.0,0.0,1.0,1.0,606,54,68,60.6,7.058485830702094,60.6,0.0019437789916992,10,0.9296333747879948,49.0
20.0,6,64.0,511.931259230328,0.0,0.0,0.6,0.4,0.4,0.0,0.0,4,0,0,6,0,0.0195338726043701,0.0,1.0,0.0,0.0,0.0,0.0,0.0,1.0,0.0,0.0,0.0,0.0,0.0,1.0,1.0,590,54,64,59.0,5.270462766947299,59.0,0.0019582033157348,10,0.9289050057127436,25.0
20.0,6,64.0,1411.22573264695,0.0,0.0,0.6,0.4,0.4,0.0,0.0,4,0,0,6,0,0.0070860385894775,0.0,1.0,0.0,0.0,0.0,0.0,0.0,1.0,0.0,0.0,0.0,0.0,0.0,1.0,1.0,613,54,65,61.3,5.056349144063003,61.3,0.0007104158401489,10,0.9288177843873257,25.0
20.0,6,64.0,980.114969388232,0.0,0.0,0.6,0.4,0.4,0.0,0.0,4,0,0,6,0,0.0102028846740722,0.0,1.0,0.0,0.0,0.0,0.0,0.0,1.0,0.0,0.0,0.0,0.0,0.0,1.0,1.0,595,54,65,59.5,5.797509043642029,59.5,0.0010238885879516,10,0.929119703284018,30.25
20.0,6,64.0,459.2219850002737,0.0,0.0,0.8,0.2,0.2,0.0,0.0,2,0,0,8,0,0.0217759609222412,0.0,1.0,0.0,0.0,0.0,0.0,0.0,1.0,0.0,0.0,0.0,0.0,0.0,1.0,1.0,2374,54,356,237.4,153.15583929811854,237.4,0.0025326967239379,10,0.9891475926964816,21993.1875
20.0,6,64.0,288.8002644045389,0.0,0.0,1.0,0.0,0.0,0.0,0.0,0,0,0,10,0,0.0346260070800781,0.0,1.0,0.0,0.0,0.0,0.0,0.0,1.0,0.0,0.0,0.0,0.0,0.0,1.0,1.0,3572,356,358,357.2,1.0327955589886444,357.2,0.003626799583435,10,0.4125314895989097,1.0
20.0,6,64.0,524.8193796218671,0.0,0.0,1.0,0.0,0.0,0.0,0.0,0,0,0,10,0,0.0190541744232177,0.0,1.0,0.0,0.0,0.0,0.0,0.0,1.0,0.0,0.0,0.0,0.0,0.0,1.0,1.0,1828,66,358,182.8,150.7881516123421,182.8,0.0019111156463623,10,0.9677335314408038,21316.0
20.0,6,64.0,508.9063068747119,0.0,0.0,1.0,0.0,0.0,0.0,0.0,0,0,0,10,0,0.0196499824523925,0.0,1.0,0.0,0.0,0.0,0.0,0.0,1.0,0.0,0.0,0.0,0.0,0.0,1.0,1.0,672,66,68,67.2,1.0327955589886444,67.2,0.0022325992584228,10,0.9067291895989096,1.0
20.0,6,64.0,537.834711803552,0.0,0.0,0.7,0.3,0.3,0.0,0.0,3,0,0,7,0,0.0185930728912353,0.0,1.0,0.0,0.0,0.0,0.0,0.0,1.0,0.0,0.0,0.0,0.0,0.0,1.0,1.0,632,54,68,63.2,6.408327915038888,63.2,0.0020586013793945,10,0.9293685264594702,36.96
20.0,6,64.0,1038.091278091278,0.0,0.0,0.5,0.5,0.5,0.0,0.0,5,0,0,5,0,0.0096330642700195,0.0,1.0,0.0,0.0,0.0,0.0,0.0,1.0,0.0,0.0,0.0,0.0,0.0,1.0,1.0,600,54,66,60.0,6.324555320336759,60.0,0.001033592224121,10,0.9293344008552924,36.0
20.0,6,64.0,847.0261319116281,0.0,0.0,0.6,0.4,0.4,0.0,0.0,4,0,0,6,0,0.0118060111999511,0.0,1.0,0.0,0.0,0.0,0.0,0.0,1.0,0.0,0.0,0.0,0.0,0.0,1.0,1.0,620,54,68,62.0,6.928203230275509,62.0,0.0014456987380981,10,0.9295803028678852,43.55555555555556
20.0,6,64.0,910.3407561748492,0.0,0.0,0.5,0.5,0.5,0.0,0.0,5,0,0,5,0,0.0109848976135253,0.0,1.0,0.0,0.0,0.0,0.0,0.0,1.0,0.0,0.0,0.0,0.0,0.0,1.0,1.0,624,54,68,62.4,7.229568912920511,62.4,0.0012306928634643,10,0.9297030671923672,49.0
20.0,6,64.0,480.0292986632485,0.0,0.0,0.6,0.4,0.4,0.0,0.0,4,0,0,6,0,0.0208320617675781,0.0,1.0,0.0,0.0,0.0,0.0,0.0,1.0,0.0,0.0,0.0,0.0,0.0,1.0,1.0,612,54,66,61.2,6.196773353931867,61.2,0.002085518836975,10,0.9292823475934576,36.0
20.0,6,64.0,885.0236326806212,0.0,0.0,0.5,0.5,0.5,0.0,0.0,5,0,0,5,0,0.0112991333007812,0.0,1.0,0.0,0.0,0.0,0.0,0.0,1.0,0.0,0.0,0.0,0.0,0.0,1.0,1.0,602,54,68,60.2,6.562519841239848,60.2,0.0011322975158691,10,0.9294313380825274,38.76
20.0,6,64.0,1002.6064923268156,0.0,0.0,0.6,0.4,0.4,0.0,0.0,4,0,0,6,0,0.0099740028381347,0.0,1.0,0.0,0.0,0.0,0.0,0.0,1.0,0.0,0.0,0.0,0.0,0.0,1.0,1.0,610,54,68,61.0,7.378647873726218,61.0,0.001000690460205,10,0.9297637959978412,49.0
20.0,6,64.0,500.3464236293362,0.0,0.0,0.6,0.4,0.4,0.0,0.0,4,0,0,6,0,0.0199861526489257,0.0,1.0,0.0,0.0,0.0,0.0,0.0,1.0,0.0,0.0,0.0,0.0,0.0,1.0,1.0,616,54,68,61.6,6.719788356455548,61.6,0.0022622108459472,10,0.9294954029848858,49.0
20.0,6,64.0,522.6286540234755,0.0,0.0,0.9,0.1,0.1,0.0,0.0,1,0,0,9,0,0.0191340446472167,0.0,1.0,0.0,0.0,0.0,0.0,0.0,1.0,0.0,0.0,0.0,0.0,0.0,1.0,1.0,632,54,66,63.2,3.2930904093942583,63.2,0.0019157886505126,10,0.9280995033091708,9.760000000000002
20.0,6,64.0,606.2096576045325,0.0,0.0,0.7,0.3,0.3,0.0,0.0,3,0,0,7,0,0.016495943069458,0.0,1.0,0.0,0.0,0.0,0.0,0.0,1.0,0.0,0.0,0.0,0.0,0.0,1.0,1.0,636,54,66,63.6,5.059644256269407,63.6,0.0019059896469116,10,0.928819126684234,27.0
20.0,6,64.0,383.7915194992954,0.0,0.0,1.0,0.0,0.0,0.0,0.0,0,0,0,10,0,0.0260558128356933,0.0,1.0,0.0,0.0,0.0,0.0,0.0,1.0,0.0,0.0,0.0,0.0,0.0,1.0,1.0,11368,54,1406,1136.8,567.5304788682671,1136.8,0.0026072025299072,10,1.0,452947.0
20.0,6,64.0,478.60513944041264,0.0,0.0,1.0,0.0,0.0,0.0,0.0,0,0,0,10,0,0.0208940505981445,0.0,1.0,0.0,0.0,0.0,0.0,0.0,1.0,0.0,0.0,0.0,0.0,0.0,1.0,1.0,14060,1406,1406,1406.0,0.0,1406.0,0.0023933172225952,10,0.0,0.0
20.0,6,64.0,460.2550203006694,0.0,0.0,0.8,0.2,0.2,0.0,0.0,2,0,0,8,0,0.0217270851135253,0.0,1.0,0.0,0.0,0.0,0.0,0.0,1.0,0.0,0.0,0.0,0.0,0.0,1.0,1.0,3321,54,1406,332.1,566.005388666928,332.1,0.0024621963500976,10,1.0,453280.6875
20.0,6,64.0,584.44980143524,0.0,0.0,0.9,0.1,0.1,0.0,0.0,1,0,0,9,0,0.0171101093292236,0.0,1.0,0.0,0.0,0.0,0.0,0.0,1.0,0.0,0.0,0.0,0.0,0.0,1.0,1.0,638,54,67,63.8,5.245103536738918,63.8,0.0017143964767456,10,0.928894675376726,30.25
20.0,6,64.0,385.38899047164006,0.0,0.0,0.8,0.2,0.2,0.0,0.0,2,0,0,8,0,0.0259478092193603,0.0,1.0,0.0,0.0,0.0,0.0,0.0,1.0,0.0,0.0,0.0,0.0,0.0,1.0,1.0,653,54,67,65.3,4.001388647846034,65.3,0.0028112888336181,10,0.9283880356795866,15.950617283950615
20.0,6,64.0,723.904729030031,0.0,0.0,0.7,0.3,0.3,0.0,0.0,3,0,0,7,0,0.0138139724731445,0.0,1.0,0.0,0.0,0.0,0.0,0.0,1.0,0.0,0.0,0.0,0.0,0.0,1.0,1.0,612,54,66,61.2,6.196773353931867,61.2,0.0013830184936523,10,0.9292823475934576,36.0
20.0,6,64.0,803.2756870631044,0.0,0.0,0.7,0.3,0.3,0.0,0.0,3,0,0,7,0,0.012449026107788,0.0,1.0,0.0,0.0,0.0,0.0,0.0,1.0,0.0,0.0,0.0,0.0,0.0,1.0,1.0,638,54,68,63.8,6.762642481555072,63.8,0.0014549970626831,10,0.9295128600412864,49.0
20.0,6,64.0,519.7209521331301,0.0,0.0,0.6,0.4,0.4,0.0,0.0,4,0,0,6,0,0.0192410945892334,0.0,1.0,0.0,0.0,0.0,0.0,0.0,1.0,0.0,0.0,0.0,0.0,0.0,1.0,1.0,618,54,68,61.8,6.762642481555071,61.8,0.002097201347351,10,0.9295128600412864,47.04
20.0,6,64.0,904.1591756666452,0.0,0.0,0.6,0.4,0.4,0.0,0.0,4,0,0,6,0,0.0110599994659423,0.0,1.0,0.0,0.0,0.0,0.0,0.0,1.0,0.0,0.0,0.0,0.0,0.0,1.0,1.0,612,54,66,61.2,6.196773353931867,61.2,0.0013538837432861,10,0.9292823475934576,36.0
20.0,6,64.0,1029.75718740026,0.0,0.0,0.5,0.5,0.5,0.0,0.0,5,0,0,5,0,0.0097110271453857,0.0,1.0,0.0,0.0,0.0,0.0,0.0,1.0,0.0,0.0,0.0,0.0,0.0,1.0,1.0,622,54,68,62.2,7.083627444874398,62.2,0.0014829158782958,10,0.929643616475944,46.02469135802469
20.0,6,64.0,944.0252081926626,0.0,0.0,0.6,0.4,0.4,0.0,0.0,4,0,0,6,0,0.0105929374694824,0.0,1.0,0.0,0.0,0.0,0.0,0.0,1.0,0.0,0.0,0.0,0.0,0.0,1.0,1.0,610,54,68,61.0,7.378647873726218,61.0,0.0010617971420288,10,0.9297637959978412,49.0
20.0,6,64.0,507.4839380996745,0.0,0.0,1.0,0.0,0.0,0.0,0.0,0,0,0,10,0,0.019705057144165,0.0,1.0,0.0,0.0,0.0,0.0,0.0,1.0,0.0,0.0,0.0,0.0,0.0,1.0,1.0,660,66,66,66.0,0.0,66.0,0.0028584003448486,10,0.0,0.0
20.0,6,64.0,526.7042557733603,0.0,0.0,1.0,0.0,0.0,0.0,0.0,0,0,0,10,0,0.0189859867095947,0.0,1.0,0.0,0.0,0.0,0.0,0.0,1.0,0.0,0.0,0.0,0.0,0.0,1.0,1.0,680,68,68,68.0,0.0,68.0,0.0021246910095214,10,0.0,0.0
20.0,6,64.0,453.330451135946,0.0,0.0,1.0,0.0,0.0,0.0,0.0,0,0,0,10,0,0.0220589637756347,0.0,1.0,0.0,0.0,0.0,0.0,0.0,1.0,0.0,0.0,0.0,0.0,0.0,1.0,1.0,660,66,66,66.0,0.0,66.0,0.0034853935241699,10,0.0,0.0
20.0,6,64.0,527.0417933703601,0.0,0.0,1.0,0.0,0.0,0.0,0.0,0,0,0,10,0,0.0189738273620605,0.0,1.0,0.0,0.0,0.0,0.0,0.0,1.0,0.0,0.0,0.0,0.0,0.0,1.0,1.0,680,68,68,68.0,0.0,68.0,0.0019000053405761,10,0.0,0.0
20.0,6,64.0,899.0427196536128,0.0,0.0,0.5,0.5,0.5,0.0,0.0,5,0,0,5,0,0.0111229419708251,0.0,1.0,0.0,0.0,0.0,0.0,0.0,1.0,0.0,0.0,0.0,0.0,0.0,1.0,1.0,612,54,66,61.2,6.196773353931867,61.2,0.0020370960235595,10,0.9292823475934576,36.0
20.0,6,64.0,946.3468784549084,0.0,0.0,0.5,0.5,0.5,0.0,0.0,5,0,0,5,0,0.0105669498443603,0.0,1.0,0.0,0.0,0.0,0.0,0.0,1.0,0.0,0.0,0.0,0.0,0.0,1.0,1.0,600,54,66,60.0,6.324555320336759,60.0,0.0010594129562377,10,0.9293344008552924,36.0
20.0,6,64.0,974.3771779027088,0.0,0.0,0.6,0.4,0.4,0.0,0.0,4,0,0,6,0,0.0102629661560058,0.0,1.0,0.0,0.0,0.0,0.0,0.0,1.0,0.0,0.0,0.0,0.0,0.0,1.0,1.0,600,54,66,60.0,6.324555320336759,60.0,0.0010294914245605,10,0.9293344008552924,36.0
20.0,6,64.0,589.1703890995926,0.0,0.0,0.5,0.5,0.5,0.0,0.0,5,0,0,5,0,0.0169730186462402,0.0,1.0,0.0,0.0,0.0,0.0,0.0,1.0,0.0,0.0,0.0,0.0,0.0,1.0,1.0,598,54,66,59.8,6.142746399887703,59.8,0.0020076036453247,10,0.9292603391734584,36.0
20.0,6,64.0,630.7888048365993,0.0,0.0,0.6,0.4,0.4,0.0,0.0,4,0,0,6,0,0.0158531665802001,0.0,1.0,0.0,0.0,0.0,0.0,0.0,1.0,0.0,0.0,0.0,0.0,0.0,1.0,1.0,600,54,64,60.0,5.163977794943222,60.0,0.0018654108047485,10,0.928861627994548,25.0
20.0,6,64.0,1035.9631486650037,0.0,0.0,0.6,0.4,0.4,0.0,0.0,4,0,0,6,0,0.0096528530120849,0.0,1.0,0.0,0.0,0.0,0.0,0.0,1.0,0.0,0.0,0.0,0.0,0.0,1.0,1.0,606,54,66,60.6,5.738757124441958,60.6,0.0009667873382568,10,0.9290957701022128,29.64
20.0,6,64.0,1024.575323057381,0.0,0.0,0.5,0.5,0.5,0.0,0.0,5,0,0,5,0,0.0097601413726806,0.0,1.0,0.0,0.0,0.0,0.0,0.0,1.0,0.0,0.0,0.0,0.0,0.0,1.0,1.0,612,54,66,61.2,6.196773353931867,61.2,0.0012750148773193,10,0.9292823475934576,36.0
20.0,6,64.0,426.840348449076,0.0,0.0,0.8,0.2,0.2,0.0,0.0,2,0,0,8,0,0.0234279632568359,0.0,1.0,0.0,0.0,0.0,0.0,0.0,1.0,0.0,0.0,0.0,0.0,0.0,1.0,1.0,636,54,66,63.6,5.059644256269407,63.6,0.0023450851440429,10,0.928819126684234,36.0
20.0,6,64.0,549.301832183035,0.0,0.0,0.8,0.2,0.2,0.0,0.0,2,0,0,8,0,0.018204927444458,0.0,1.0,0.0,0.0,0.0,0.0,0.0,1.0,0.0,0.0,0.0,0.0,0.0,1.0,1.0,646,54,68,64.6,5.660781257427675,64.6,0.0018224954605102,10,0.9290640058530256,36.0
20.0,6,64.0,472.54438936457865,0.0,0.0,0.6,0.4,0.4,0.0,0.0,4,0,0,6,0,0.0211620330810546,0.0,1.0,0.0,0.0,0.0,0.0,0.0,1.0,0.0,0.0,0.0,0.0,0.0,1.0,1.0,622,54,68,62.2,7.083627444874398,62.2,0.0021174192428588,10,0.929643616475944,49.0
20.0,6,64.0,873.0494150951251,0.0,0.0,0.5,0.5,0.5,0.0,0.0,5,0,0,5,0,0.0114541053771972,0.0,1.0,0.0,0.0,0.0,0.0,0.0,1.0,0.0,0.0,0.0,0.0,0.0,1.0,1.0,600,54,66,60.0,6.324555320336759,60.0,0.0011488914489746,10,0.9293344008552924,36.0
20.0,6,64.0,916.5874125874126,0.0,0.0,0.6,0.4,0.4,0.0,0.0,4,0,0,6,0,0.0109100341796875,0.0,1.0,0.0,0.0,0.0,0.0,0.0,1.0,0.0,0.0,0.0,0.0,0.0,1.0,1.0,602,54,68,60.2,6.562519841239848,60.2,0.001092791557312,10,0.9294313380825274,38.76
20.0,6,64.0,1167.93940744041,0.0,0.0,0.5,0.5,0.5,0.0,0.0,5,0,0,5,0,0.0085620880126953,0.0,1.0,0.0,0.0,0.0,0.0,0.0,1.0,0.0,0.0,0.0,0.0,0.0,1.0,1.0,610,54,68,61.0,7.378647873726218,61.0,0.001064109802246,10,0.9297637959978412,49.0
20.0,6,64.0,519.3991554493332,0.0,0.0,0.6,0.4,0.4,0.0,0.0,4,0,0,6,0,0.0192530155181884,0.0,1.0,0.0,0.0,0.0,0.0,0.0,1.0,0.0,0.0,0.0,0.0,0.0,1.0,1.0,680,54,96,68.0,16.165807537309522,68.0,0.0021404981613159,10,0.9333433333583984,235.2
20.0,6,64.0,664.4863040826349,0.0,0.0,0.8,0.2,0.2,0.0,0.0,2,0,0,8,0,0.0150492191314697,0.0,1.0,0.0,0.0,0.0,0.0,0.0,1.0,0.0,0.0,0.0,0.0,0.0,1.0,1.0,876,54,96,87.6,17.70875489694292,87.6,0.0017548084259033,10,0.9339718683948188,441.0
20.0,6,64.0,534.3606991795342,0.0,0.0,1.0,0.0,0.0,0.0,0.0,0,0,0,10,0,0.0187139511108398,0.0,1.0,0.0,0.0,0.0,0.0,0.0,1.0,0.0,0.0,0.0,0.0,0.0,1.0,1.0,980,98,98,98.0,0.0,98.0,0.0020393848419189,10,0.0,0.0
20.0,6,64.0,535.4521779094113,0.0,0.0,0.5,0.5,0.5,0.0,0.0,5,0,0,5,0,0.0186758041381835,0.0,1.0,0.0,0.0,0.0,0.0,0.0,1.0,0.0,0.0,0.0,0.0,0.0,1.0,1.0,590,54,64,59.0,5.270462766947299,59.0,0.0030077934265136,10,0.9289050057127436,25.0
20.0,6,64.0,5160.314960629921,0.0,0.0,0.5,0.5,0.5,0.0,0.0,5,0,0,5,0,0.0019378662109375,0.0,1.0,0.0,0.0,0.0,0.0,0.0,1.0,0.0,0.0,0.0,0.0,0.0,1.0,1.0,602,54,66,60.2,5.370702416299421,60.2,0.0002314090728759,10,0.9289458393363036,25.96
20.0,6,64.0,830.0785687427023,0.0,0.0,0.5,0.5,0.5,0.0,0.0,5,0,0,5,0,0.0120470523834228,0.0,1.0,0.0,0.0,0.0,0.0,0.0,1.0,0.0,0.0,0.0,0.0,0.0,1.0,1.0,600,54,66,60.0,6.324555320336759,60.0,0.0012063980102539,10,0.9293344008552924,36.0
20.0,6,64.0,506.2771890012795,0.0,0.0,0.6,0.4,0.4,0.0,0.0,4,0,0,6,0,0.019752025604248,0.0,1.0,0.0,0.0,0.0,0.0,0.0,1.0,0.0,0.0,0.0,0.0,0.0,1.0,1.0,598,54,66,59.8,6.142746399887703,59.8,0.0019786119461059,10,0.9292603391734584,36.0
20.0,6,64.0,509.6545439080404,0.0,0.0,1.0,0.0,0.0,0.0,0.0,0,0,0,10,0,0.0196211338043212,0.0,1.0,0.0,0.0,0.0,0.0,0.0,1.0,0.0,0.0,0.0,0.0,0.0,1.0,1.0,642,64,66,64.2,0.6324555320336759,64.2,0.0020843029022216,10,0.0,0.36
20.0,6,64.0,676.2170702608583,0.0,0.0,0.8,0.2,0.2,0.0,0.0,2,0,0,8,0,0.0147881507873535,0.0,1.0,0.0,0.0,0.0,0.0,0.0,1.0,0.0,0.0,0.0,0.0,0.0,1.0,1.0,636,54,66,63.6,5.059644256269407,63.6,0.0016912937164306,10,0.928819126684234,23.04
20.0,6,64.0,367.3220885222357,0.0,0.0,1.0,0.0,0.0,0.0,0.0,0,0,0,10,0,0.027224063873291,0.0,1.0,0.0,0.0,0.0,0.0,0.0,1.0,0.0,0.0,0.0,0.0,0.0,1.0,1.0,642,64,66,64.2,0.6324555320336757,64.2,0.0029537916183471,10,0.0,1.0
20.0,6,64.0,480.54076968023554,0.0,0.0,1.0,0.0,0.0,0.0,0.0,0,0,0,10,0,0.0208098888397216,0.0,1.0,0.0,0.0,0.0,0.0,0.0,1.0,0.0,0.0,0.0,0.0,0.0,1.0,1.0,658,64,66,65.8,0.6324555320336757,65.8,0.0022845983505249,10,0.0,1.0
20.0,6,64.0,342.4788313777364,0.0,0.0,1.0,0.0,0.0,0.0,0.0,0,0,0,10,0,0.0291988849639892,0.0,1.0,0.0,0.0,0.0,0.0,0.0,1.0,0.0,0.0,0.0,0.0,0.0,1.0,1.0,642,64,66,64.2,0.6324555320336757,64.2,0.0030369043350219,10,0.0,1.0
20.0,6,64.0,471.3230700078661,0.0,0.0,1.0,0.0,0.0,0.0,0.0,0,0,0,10,0,0.021216869354248,0.0,1.0,0.0,0.0,0.0,0.0,0.0,1.0,0.0,0.0,0.0,0.0,0.0,1.0,1.0,658,64,66,65.8,0.6324555320336757,65.8,0.0023674964904785,10,0.0,1.0
20.0,6,64.0,475.1029654969303,0.0,0.0,0.6,0.4,0.4,0.0,0.0,4,0,0,6,0,0.0210480690002441,0.0,1.0,0.0,0.0,0.0,0.0,0.0,1.0,0.0,0.0,0.0,0.0,0.0,1.0,1.0,607,54,66,60.7,5.774464862170732,60.7,0.0023606061935424,10,0.929110316006254,30.01
20.0,6,64.0,637.1417286951238,0.0,0.0,0.5,0.5,0.5,0.0,0.0,5,0,0,5,0,0.0156950950622558,0.0,1.0,0.0,0.0,0.0,0.0,0.0,1.0,0.0,0.0,0.0,0.0,0.0,1.0,1.0,595,54,65,59.5,5.797509043642029,59.5,0.0017153978347778,10,0.929119703284018,30.25
20.0,6,64.0,879.5856139247143,0.0,0.0,0.6,0.4,0.4,0.0,0.0,4,0,0,6,0,0.011368989944458,0.0,1.0,0.0,0.0,0.0,0.0,0.0,1.0,0.0,0.0,0.0,0.0,0.0,1.0,1.0,624,54,66,62.4,5.796550698475776,62.4,0.0023278951644897,10,0.9291193128925312,33.75
20.0,6,64.0,897.5036911818202,0.0,0.0,0.6,0.4,0.4,0.0,0.0,4,0,0,6,0,0.0111420154571533,0.0,1.0,0.0,0.0,0.0,0.0,0.0,1.0,0.0,0.0,0.0,0.0,0.0,1.0,1.0,600,54,66,60.0,6.324555320336759,60.0,0.0011160135269165,10,0.9293344008552924,36.0
20.0,6,64.0,626.6796157121726,0.0,0.0,0.8,0.2,0.2,0.0,0.0,2,0,0,8,0,0.0159571170806884,0.0,1.0,0.0,0.0,0.0,0.0,0.0,1.0,0.0,0.0,0.0,0.0,0.0,1.0,1.0,636,54,66,63.6,5.059644256269407,63.6,0.0018867015838623,10,0.928819126684234,32.0
20.0,6,64.0,548.1532208528823,0.0,0.0,0.9,0.1,0.1,0.0,0.0,1,0,0,9,0,0.0182430744171142,0.0,1.0,0.0,0.0,0.0,0.0,0.0,1.0,0.0,0.0,0.0,0.0,0.0,1.0,1.0,657,54,67,65.7,4.110960958218893,65.7,0.0019898891448974,10,0.92843267105594,27.040000000000003
20.0,6,64.0,678.7888203783723,0.0,0.0,0.7,0.3,0.3,0.0,0.0,3,0,0,7,0,0.0147321224212646,0.0,1.0,0.0,0.0,0.0,0.0,0.0,1.0,0.0,0.0,0.0,0.0,0.0,1.0,1.0,623,54,67,62.3,4.47337804249888,62.3,0.0016859054565429,10,0.9285803052793924,30.88888888888889
20.0,6,64.0,671.5399148227609,0.0,0.0,0.8,0.2,0.2,0.0,0.0,2,0,0,8,0,0.0148911476135253,0.0,1.0,0.0,0.0,0.0,0.0,0.0,1.0,0.0,0.0,0.0,0.0,0.0,1.0,1.0,618,54,66,61.8,5.452828012447608,61.8,0.0014914989471435,10,0.9289792940191508,27.9375
20.0,6,64.0,412.5409658699715,0.0,0.0,0.9,0.1,0.1,0.0,0.0,1,0,0,9,0,0.0242400169372558,0.0,1.0,0.0,0.0,0.0,0.0,0.0,1.0,0.0,0.0,0.0,0.0,0.0,1.0,1.0,648,54,66,64.8,3.794733192202055,64.8,0.0026473999023437,10,0.9283038525131756,17.63265306122449
20.0,6,64.0,488.1866008659621,0.0,0.0,1.0,0.0,0.0,0.0,0.0,0,0,0,10,0,0.0204839706420898,0.0,1.0,0.0,0.0,0.0,0.0,0.0,1.0,0.0,0.0,0.0,0.0,0.0,1.0,1.0,666,66,68,66.6,0.966091783079296,66.6,0.0020495891571044,10,0.0,0.8400000000000001
20.0,6,64.0,382.569799790213,0.0,0.0,0.8,0.2,0.2,0.0,0.0,2,0,0,8,0,0.0261390209197998,0.0,1.0,0.0,0.0,0.0,0.0,0.0,1.0,0.0,0.0,0.0,0.0,0.0,1.0,1.0,662,54,68,66.2,4.366539438350084,66.2,0.0028412103652954,10,0.9285367835056064,19.06172839506173
20.0,6,64.0,942.4343332209864,0.0,0.0,0.6,0.4,0.4,0.0,0.0,4,0,0,6,0,0.010610818862915,0.0,1.0,0.0,0.0,0.0,0.0,0.0,1.0,0.0,0.0,0.0,0.0,0.0,1.0,1.0,600,54,66,60.0,6.324555320336759,60.0,0.0010640859603881,10,0.9293344008552924,36.0
20.0,6,64.0,982.0426129712012,0.0,0.0,0.5,0.5,0.5,0.0,0.0,5,0,0,5,0,0.0101828575134277,0.0,1.0,0.0,0.0,0.0,0.0,0.0,1.0,0.0,0.0,0.0,0.0,0.0,1.0,1.0,604,54,68,60.4,6.785605679999719,60.4,0.0012263059616088,10,0.9295222143298046,41.44
20.0,6,64.0,925.3229791740204,0.0,0.0,0.5,0.5,0.5,0.0,0.0,5,0,0,5,0,0.0108070373535156,0.0,1.0,0.0,0.0,0.0,0.0,0.0,1.0,0.0,0.0,0.0,0.0,0.0,1.0,1.0,610,54,68,61.0,7.378647873726218,61.0,0.0012701988220214,10,0.9297637959978412,49.0
20.0,6,64.0,719.484012625223,0.0,0.0,0.5,0.5,0.5,0.0,0.0,5,0,0,5,0,0.0138988494873046,0.0,1.0,0.0,0.0,0.0,0.0,0.0,1.0,0.0,0.0,0.0,0.0,0.0,1.0,1.0,908,54,217,90.8,66.81949150094188,90.8,0.001579999923706,10,0.9539776180578236,4297.654320987655
20.0,6,64.0,896.3720294067361,0.0,0.0,0.5,0.5,0.5,0.0,0.0,5,0,0,5,0,0.0111560821533203,0.0,1.0,0.0,0.0,0.0,0.0,0.0,1.0,0.0,0.0,0.0,0.0,0.0,1.0,1.0,1518,54,217,151.8,84.17283805757454,151.8,0.0013229131698608,10,0.9610466773111336,6642.25
20.0,6,64.0,960.9824497090226,0.0,0.0,0.6,0.4,0.4,0.0,0.0,4,0,0,6,0,0.0104060173034667,0.0,1.0,0.0,0.0,0.0,0.0,0.0,1.0,0.0,0.0,0.0,0.0,0.0,1.0,1.0,1361,54,219,136.1,86.54407996956105,136.1,0.0010433912277221,10,0.9620126264164004,6740.889999999999
20.0,6,64.0,735.2881159826798,0.0,0.0,0.5,0.5,0.5,0.0,0.0,5,0,0,5,0,0.0136001110076904,0.0,1.0,0.0,0.0,0.0,0.0,0.0,1.0,0.0,0.0,0.0,0.0,0.0,1.0,1.0,1530,54,219,153.0,85.20563361656318,153.0,0.0015412092208862,10,0.9614673969100432,6806.25
20.0,6,64.0,499.0486162339671,0.0,0.0,0.7,0.3,0.3,0.0,0.0,3,0,0,7,0,0.0200381278991699,0.0,1.0,0.0,0.0,0.0,0.0,0.0,1.0,0.0,0.0,0.0,0.0,0.0,1.0,1.0,755,54,219,75.5,50.66502190312804,75.5,0.0020056962966918,10,0.9473969333224582,6806.25
20.0,6,64.0,890.3969770305268,0.0,0.0,0.6,0.4,0.4,0.0,0.0,4,0,0,6,0,0.0112309455871582,0.0,1.0,0.0,0.0,0.0,0.0,0.0,1.0,0.0,0.0,0.0,0.0,0.0,1.0,1.0,602,54,66,60.2,5.370702416299421,60.2,0.0014263868331909,10,0.9289458393363036,25.96
20.0,6,64.0,1103.6480370487318,0.0,0.0,0.5,0.5,0.5,0.0,0.0,5,0,0,5,0,0.0090608596801757,0.0,1.0,0.0,0.0,0.0,0.0,0.0,1.0,0.0,0.0,0.0,0.0,0.0,1.0,1.0,600,54,66,60.0,6.324555320336759,60.0,0.0011229038238525,10,0.9293344008552924,36.0
20.0,6,64.0,557.0420739481513,0.0,0.0,0.6,0.4,0.4,0.0,0.0,4,0,0,6,0,0.0179519653320312,0.0,1.0,0.0,0.0,0.0,0.0,0.0,1.0,0.0,0.0,0.0,0.0,0.0,1.0,1.0,612,54,66,61.2,6.196773353931867,61.2,0.0020970106124877,10,0.9292823475934576,36.0
20.0,6,64.0,416.20068270223067,0.0,0.0,1.0,0.0,0.0,0.0,0.0,0,0,0,10,0,0.024026870727539,0.0,1.0,0.0,0.0,0.0,0.0,0.0,1.0,0.0,0.0,0.0,0.0,0.0,1.0,1.0,662,66,67,66.2,0.4216370213557839,66.2,0.0024041891098022,10,0.0,0.16
20.0,6,64.0,385.2969437529281,0.0,0.0,1.0,0.0,0.0,0.0,0.0,0,0,0,10,0,0.0259540081024169,0.0,1.0,0.0,0.0,0.0,0.0,0.0,1.0,0.0,0.0,0.0,0.0,0.0,1.0,1.0,666,65,67,66.6,0.8432740427115678,66.6,0.0025962114334106,10,0.0,0.64
20.0,6,64.0,1001.7205225573788,0.0,0.0,1.0,0.0,0.0,0.0,0.0,0,0,0,10,0,0.0099828243255615,0.0,1.0,0.0,0.0,0.0,0.0,0.0,1.0,0.0,0.0,0.0,0.0,0.0,1.0,1.0,652,65,66,65.2,0.4216370213557839,65.2,0.0020985841751098,10,0.0,0.16
20.0,6,64.0,357.2082882668052,0.0,0.0,1.0,0.0,0.0,0.0,0.0,0,0,0,10,0,0.0279948711395263,0.0,1.0,0.0,0.0,0.0,0.0,0.0,1.0,0.0,0.0,0.0,0.0,0.0,1.0,1.0,684,66,78,68.4,5.059644256269407,68.4,0.0031599998474121,10,0.908369566684234,23.04
20.0,6,64.0,520.9150748900867,0.0,0.0,1.0,0.0,0.0,0.0,0.0,0,0,0,10,0,0.0191969871520996,0.0,1.0,0.0,0.0,0.0,0.0,0.0,1.0,0.0,0.0,0.0,0.0,0.0,1.0,1.0,784,78,80,78.4,0.8432740427115678,78.4,0.0021249055862426,10,0.0,0.64
20.0,6,64.0,347.5731309146958,0.0,0.0,1.0,0.0,0.0,0.0,0.0,0,0,0,10,0,0.0287709236145019,0.0,1.0,0.0,0.0,0.0,0.0,0.0,1.0,0.0,0.0,0.0,0.0,0.0,1.0,1.0,752,56,80,75.2,10.119288512538814,75.2,0.0031029939651489,10,0.927471963368468,92.16
20.0,6,64.0,331.80684766786914,0.0,0.0,1.0,0.0,0.0,0.0,0.0,0,0,0,10,0,0.0301380157470703,0.0,1.0,0.0,0.0,0.0,0.0,0.0,1.0,0.0,0.0,0.0,0.0,0.0,1.0,1.0,564,56,58,56.4,0.8432740427115678,56.4,0.0032131195068359,10,0.0,0.64
20.0,6,64.0,534.6740432909262,0.0,0.0,0.9,0.1,0.1,0.0,0.0,1,0,0,9,0,0.0187029838562011,0.0,1.0,0.0,0.0,0.0,0.0,0.0,1.0,0.0,0.0,0.0,0.0,0.0,1.0,1.0,584,54,66,58.4,2.951459149490488,58.4,0.0018723964691162,10,0.9279603363991364,7.840000000000001
20.0,6,64.0,2151.476788920236,0.0,0.0,0.5,0.5,0.5,0.0,0.0,5,0,0,5,0,0.0046479701995849,0.0,1.0,0.0,0.0,0.0,0.0,0.0,1.0,0.0,0.0,0.0,0.0,0.0,1.0,1.0,600,54,66,60.0,6.324555320336759,60.0,0.0014883041381835,10,0.9293344008552924,36.0
20.0,6,64.0,1388.4745762711864,0.0,0.0,0.5,0.5,0.5,0.0,0.0,5,0,0,5,0,0.0072021484375,0.0,1.0,0.0,0.0,0.0,0.0,0.0,1.0,0.0,0.0,0.0,0.0,0.0,1.0,1.0,602,54,68,60.2,6.562519841239848,60.2,0.0007616996765136,10,0.9294313380825274,38.76
20.0,6,64.0,1212.7172844503557,0.0,0.0,0.5,0.5,0.5,0.0,0.0,5,0,0,5,0,0.0082459449768066,0.0,1.0,0.0,0.0,0.0,0.0,0.0,1.0,0.0,0.0,0.0,0.0,0.0,1.0,1.0,610,54,68,61.0,7.378647873726218,61.0,0.0010622978210449,10,0.9297637959978412,49.0
20.0,6,64.0,599.0493601462523,0.0,0.0,0.6,0.4,0.4,0.0,0.0,4,0,0,6,0,0.016693115234375,0.0,1.0,0.0,0.0,0.0,0.0,0.0,1.0,0.0,0.0,0.0,0.0,0.0,1.0,1.0,824,54,168,82.4,45.595321397412405,82.4,0.0019253969192504,10,0.94533174012445,1871.04
20.0,6,64.0,509.4564491248527,0.0,0.0,1.0,0.0,0.0,0.0,0.0,0,0,0,10,0,0.0196287631988525,0.0,1.0,0.0,0.0,0.0,0.0,0.0,1.0,0.0,0.0,0.0,0.0,0.0,1.0,1.0,1684,168,170,168.4,0.8432740427115678,168.4,0.0022925853729248,10,0.0,0.64
20.0,6,64.0,361.10165040937386,0.0,0.0,1.0,0.0,0.0,0.0,0.0,0,0,0,10,0,0.0276930332183837,0.0,1.0,0.0,0.0,0.0,0.0,0.0,1.0,0.0,0.0,0.0,0.0,0.0,1.0,1.0,1776,170,208,177.6,16.022206811519787,177.6,0.0029458045959472,10,0.7356057561667408,231.04
20.0,6,64.0,465.4855392537678,0.0,0.0,1.0,0.0,0.0,0.0,0.0,0,0,0,10,0,0.0214829444885253,0.0,1.0,0.0,0.0,0.0,0.0,0.0,1.0,0.0,0.0,0.0,0.0,0.0,1.0,1.0,2084,208,210,208.4,0.8432740427115678,208.4,0.0023159980773925,10,0.0,0.64
20.0,6,64.0,343.4800838574424,0.0,0.0,1.0,0.0,0.0,0.0,0.0,0,0,0,10,0,0.02911376953125,0.0,1.0,0.0,0.0,0.0,0.0,0.0,1.0,0.0,0.0,0.0,0.0,0.0,1.0,1.0,1808,64,210,180.8,61.55900511794445,180.8,0.0029124975204467,10,0.934793406324846,3410.56
20.0,6,64.0,527.3996579820944,0.0,0.0,0.6,0.4,0.4,0.0,0.0,4,0,0,6,0,0.018960952758789,0.0,1.0,0.0,0.0,0.0,0.0,0.0,1.0,0.0,0.0,0.0,0.0,0.0,1.0,1.0,610,54,64,61.0,4.83045891539648,61.0,0.002214503288269,10,0.928725765743776,25.0
20.0,6,64.0,348.67398768008115,0.0,0.0,0.6,0.4,0.4,0.0,0.0,4,0,0,6,0,0.0286800861358642,0.0,1.0,0.0,0.0,0.0,0.0,0.0,1.0,0.0,0.0,0.0,0.0,0.0,1.0,1.0,598,54,66,59.8,6.142746399887703,59.8,0.0028725147247314,10,0.9292603391734584,33.959999999999994
20.0,6,64.0,2038.7420405385697,0.0,0.0,0.6,0.4,0.4,0.0,0.0,4,0,0,6,0,0.0049049854278564,0.0,1.0,0.0,0.0,0.0,0.0,0.0,1.0,0.0,0.0,0.0,0.0,0.0,1.0,1.0,622,54,66,62.2,5.692099788303083,62.2,0.0004930973052978,10,0.9290767637697632,36.0
20.0,6,64.0,502.7935746823304,0.0,0.0,0.6,0.4,0.4,0.0,0.0,4,0,0,6,0,0.0198888778686523,0.0,1.0,0.0,0.0,0.0,0.0,0.0,1.0,0.0,0.0,0.0,0.0,0.0,1.0,1.0,600,54,64,60.0,5.163977794943222,60.0,0.0019938945770263,10,0.928861627994548,25.0
20.0,6,64.0,642.0966902421849,0.0,0.0,0.5,0.5,0.5,0.0,0.0,5,0,0,5,0,0.0155739784240722,0.0,1.0,0.0,0.0,0.0,0.0,0.0,1.0,0.0,0.0,0.0,0.0,0.0,1.0,1.0,594,54,66,59.4,5.738757124441959,59.4,0.0015630006790161,10,0.9290957701022128,29.64
20.0,6,64.0,633.4371366004682,0.0,0.0,0.5,0.5,0.5,0.0,0.0,5,0,0,5,0,0.0157868862152099,0.0,1.0,0.0,0.0,0.0,0.0,0.0,1.0,0.0,0.0,0.0,0.0,0.0,1.0,1.0,600,54,66,60.0,6.324555320336759,60.0,0.0015832901000976,10,0.9293344008552924,36.0
20.0,6,64.0,595.0295790832612,0.0,0.0,0.8,0.2,0.2,0.0,0.0,2,0,0,8,0,0.01680588722229,0.0,1.0,0.0,0.0,0.0,0.0,0.0,1.0,0.0,0.0,0.0,0.0,0.0,1.0,1.0,616,54,66,61.6,5.316640543300503,61.6,0.0016834020614624,10,0.9289238166917188,36.0
20.0,6,64.0,426.7491478862492,0.0,0.0,1.0,0.0,0.0,0.0,0.0,0,0,0,10,0,0.023432970046997,0.0,1.0,0.0,0.0,0.0,0.0,0.0,1.0,0.0,0.0,0.0,0.0,0.0,1.0,1.0,648,64,66,64.8,1.0327955589886444,64.8,0.0028144121170043,10,0.9101374495989096,0.96
20.0,6,64.0,560.4436189687195,0.0,0.0,0.8,0.2,0.2,0.0,0.0,2,0,0,8,0,0.0178430080413818,0.0,1.0,0.0,0.0,0.0,0.0,0.0,1.0,0.0,0.0,0.0,0.0,0.0,1.0,1.0,664,54,80,66.4,8.682037651253177,66.4,0.002170705795288,10,0.9302947448576144,67.84
20.0,6,64.0,644.4546194858873,0.0,0.0,0.6,0.4,0.4,0.0,0.0,4,0,0,6,0,0.0155169963836669,0.0,1.0,0.0,0.0,0.0,0.0,0.0,1.0,0.0,0.0,0.0,0.0,0.0,1.0,1.0,722,54,80,72.2,12.559193180030846,72.2,0.0017851829528808,10,0.9318741429338174,169.0
20.0,6,64.0,768.7507331378299,0.0,0.0,0.5,0.5,0.5,0.0,0.0,5,0,0,5,0,0.0130081176757812,0.0,1.0,0.0,0.0,0.0,0.0,0.0,1.0,0.0,0.0,0.0,0.0,0.0,1.0,1.0,678,54,82,67.8,14.55869347007332,67.8,0.001306414604187,10,0.9326886593719692,190.76
20.0,6,64.0,813.5275520297922,0.0,0.0,0.6,0.4,0.4,0.0,0.0,4,0,0,6,0,0.0122921466827392,0.0,1.0,0.0,0.0,0.0,0.0,0.0,1.0,0.0,0.0,0.0,0.0,0.0,1.0,1.0,680,54,82,68.0,14.757295747452437,68.0,0.0012326002120971,10,0.9327695619956824,196.0
20.0,6,64.0,405.6465308806747,0.0,0.0,0.9,0.1,0.1,0.0,0.0,1,0,0,9,0,0.0246520042419433,0.0,1.0,0.0,0.0,0.0,0.0,0.0,1.0,0.0,0.0,0.0,0.0,0.0,1.0,1.0,648,54,82,64.8,6.81175454637056,64.8,0.0026614904403686,10,0.9295328663320096,196.0
20.0,6,64.0,376.84672057502246,0.0,0.0,1.0,0.0,0.0,0.0,0.0,0,0,0,10,0,0.0265359878540039,0.0,1.0,0.0,0.0,0.0,0.0,0.0,1.0,0.0,0.0,0.0,0.0,0.0,1.0,1.0,656,64,66,65.6,0.8432740427115678,65.6,0.0026569128036499,10,0.0,1.0
20.0,6,64.0,776.8236623265979,0.0,0.0,0.6,0.4,0.4,0.0,0.0,4,0,0,6,0,0.0128729343414306,0.0,1.0,0.0,0.0,0.0,0.0,0.0,1.0,0.0,0.0,0.0,0.0,0.0,1.0,1.0,7324,54,1406,732.4,710.050264261466,732.4,0.0012913942337036,10,1.0,453754.2400000001
20.0,6,64.0,570.8400021775818,0.0,0.0,0.7,0.3,0.3,0.0,0.0,3,0,0,7,0,0.0175180435180664,0.0,1.0,0.0,0.0,0.0,0.0,0.0,1.0,0.0,0.0,0.0,0.0,0.0,1.0,1.0,10004,54,1406,1000.4,653.078045361604,1000.4,0.0017560958862304,10,1.0,456976.0
20.0,6,64.0,604.5930752154986,0.0,0.0,0.7,0.3,0.3,0.0,0.0,3,0,0,7,0,0.0165400505065917,0.0,1.0,0.0,0.0,0.0,0.0,0.0,1.0,0.0,0.0,0.0,0.0,0.0,1.0,1.0,10004,54,1406,1000.4,653.078045361604,1000.4,0.001658010482788,10,1.0,456976.0
20.0,6,64.0,286.84493441479395,0.0,0.0,0.6,0.4,0.4,0.0,0.0,4,0,0,6,0,0.0348620414733886,0.0,1.0,0.0,0.0,0.0,0.0,0.0,1.0,0.0,0.0,0.0,0.0,0.0,1.0,1.0,1932,54,1406,193.2,426.1634532534304,193.2,0.0034898996353149,10,1.0,456976.0
20.0,6,64.0,1240.0745055139994,0.0,0.0,0.5,0.5,0.5,0.0,0.0,5,0,0,5,0,0.0080640316009521,0.0,1.0,0.0,0.0,0.0,0.0,0.0,1.0,0.0,0.0,0.0,0.0,0.0,1.0,1.0,590,54,64,59.0,5.270462766947299,59.0,0.0008082866668701,10,0.9289050057127436,25.0
20.0,6,64.0,439.2125324620927,0.0,0.0,0.5,0.5,0.5,0.0,0.0,5,0,0,5,0,0.0227680206298828,0.0,1.0,0.0,0.0,0.0,0.0,0.0,1.0,0.0,0.0,0.0,0.0,0.0,1.0,1.0,598,54,66,59.8,6.142746399887703,59.8,0.0024917125701904,10,0.9292603391734584,33.959999999999994
20.0,6,64.0,4716.941070625281,0.0,0.0,0.5,0.5,0.5,0.0,0.0,5,0,0,5,0,0.002120018005371,0.0,1.0,0.0,0.0,0.0,0.0,0.0,1.0,0.0,0.0,0.0,0.0,0.0,1.0,1.0,612,54,66,61.2,6.196773353931867,61.2,0.0002151012420654,10,0.9292823475934576,36.0
20.0,6,64.0,505.1309102295445,0.0,0.0,1.0,0.0,0.0,0.0,0.0,0,0,0,10,0,0.0197968482971191,0.0,1.0,0.0,0.0,0.0,0.0,0.0,1.0,0.0,0.0,0.0,0.0,0.0,1.0,1.0,648,54,66,64.8,3.794733192202056,64.8,0.0019812822341918,10,0.9283038525131756,36.0
20.0,6,64.0,425.4246330800986,0.0,0.0,1.0,0.0,0.0,0.0,0.0,0,0,0,10,0,0.0235059261322021,0.0,1.0,0.0,0.0,0.0,0.0,0.0,1.0,0.0,0.0,0.0,0.0,0.0,1.0,1.0,678,66,68,67.8,0.6324555320336757,67.8,0.0026211977005004,10,0.0,1.0
20.0,6,64.0,634.8080881462647,0.0,0.0,0.7,0.3,0.3,0.0,0.0,3,0,0,7,0,0.0157527923583984,0.0,1.0,0.0,0.0,0.0,0.0,0.0,1.0,0.0,0.0,0.0,0.0,0.0,1.0,1.0,626,54,68,62.6,5.966573556070519,62.6,0.0017544984817504,10,0.9291885734038008,38.22222222222222
20.0,6,64.0,907.5240712292014,0.0,0.0,0.5,0.5,0.5,0.0,0.0,5,0,0,5,0,0.0110189914703369,0.0,1.0,0.0,0.0,0.0,0.0,0.0,1.0,0.0,0.0,0.0,0.0,0.0,1.0,1.0,616,54,68,61.6,6.586180818788516,61.6,0.0014195203781127,10,0.9294409766183416,39.04
20.0,6,64.0,710.2248713085885,0.0,0.0,0.7,0.3,0.3,0.0,0.0,3,0,0,7,0,0.0140800476074218,0.0,1.0,0.0,0.0,0.0,0.0,0.0,1.0,0.0,0.0,0.0,0.0,0.0,1.0,1.0,624,54,68,62.4,7.229568912920511,62.4,0.0014112949371337,10,0.9297030671923672,49.0
20.0,6,64.0,820.7549458935874,0.0,0.0,0.6,0.4,0.4,0.0,0.0,4,0,0,6,0,0.0121839046478271,0.0,1.0,0.0,0.0,0.0,0.0,0.0,1.0,0.0,0.0,0.0,0.0,0.0,1.0,1.0,616,54,68,61.6,6.586180818788517,61.6,0.0014767885208129,10,0.9294409766183416,43.55555555555557
20.0,6,64.0,707.2667487310929,0.0,0.0,0.5,0.5,0.5,0.0,0.0,5,0,0,5,0,0.0141389369964599,0.0,1.0,0.0,0.0,0.0,0.0,0.0,1.0,0.0,0.0,0.0,0.0,0.0,1.0,1.0,612,54,66,61.2,6.196773353931867,61.2,0.0017198085784912,10,0.9292823475934576,36.0
20.0,6,64.0,574.7117742974199,0.0,0.0,0.7,0.3,0.3,0.0,0.0,3,0,0,7,0,0.0174000263214111,0.0,1.0,0.0,0.0,0.0,0.0,0.0,1.0,0.0,0.0,0.0,0.0,0.0,1.0,1.0,624,54,66,62.4,5.796550698475775,62.4,0.0017450094223022,10,0.9291193128925312,36.0
20.0,6,64.0,645.9533049959958,0.0,0.0,0.8,0.2,0.2,0.0,0.0,2,0,0,8,0,0.0154809951782226,0.0,1.0,0.0,0.0,0.0,0.0,0.0,1.0,0.0,0.0,0.0,0.0,0.0,1.0,1.0,624,54,66,62.4,5.796550698475776,62.4,0.0015524864196777,10,0.9291193128925312,36.0
20.0,6,64.0,490.8201977649055,0.0,0.0,1.0,0.0,0.0,0.0,0.0,0,0,0,10,0,0.020374059677124,0.0,1.0,0.0,0.0,0.0,0.0,0.0,1.0,0.0,0.0,0.0,0.0,0.0,1.0,1.0,668,66,68,66.8,1.0327955589886444,66.8,0.0023175001144409,10,0.9067291895989096,0.96
20.0,6,64.0,465.9820019997778,0.0,0.0,1.0,0.0,0.0,0.0,0.0,0,0,0,10,0,0.0214600563049316,0.0,1.0,0.0,0.0,0.0,0.0,0.0,1.0,0.0,0.0,0.0,0.0,0.0,1.0,1.0,664,64,68,66.4,2.065591117977289,66.4,0.0023760080337524,10,0.9105581691978192,3.84
20.0,6,64.0,464.4700619027053,0.0,0.0,1.0,0.0,0.0,0.0,0.0,0,0,0,10,0,0.0215299129486084,0.0,1.0,0.0,0.0,0.0,0.0,0.0,1.0,0.0,0.0,0.0,0.0,0.0,1.0,1.0,648,64,66,64.8,1.0327955589886444,64.8,0.0025123834609985,10,0.9101374495989096,0.96
20.0,6,64.0,600.8945430581224,0.0,0.0,0.8,0.2,0.2,0.0,0.0,2,0,0,8,0,0.0166418552398681,0.0,1.0,0.0,0.0,0.0,0.0,0.0,1.0,0.0,0.0,0.0,0.0,0.0,1.0,1.0,636,54,66,63.6,5.059644256269407,63.6,0.0018038034439086,10,0.928819126684234,23.04
20.0,6,64.0,871.8335446590036,0.0,0.0,0.6,0.4,0.4,0.0,0.0,4,0,0,6,0,0.011470079421997,0.0,1.0,0.0,0.0,0.0,0.0,0.0,1.0,0.0,0.0,0.0,0.0,0.0,1.0,1.0,612,54,66,61.2,6.196773353931867,61.2,0.0014275074005126,10,0.9292823475934576,36.0
20.0,6,64.0,1011.0167285349274,0.0,0.0,0.5,0.5,0.5,0.0,0.0,5,0,0,5,0,0.0098910331726074,0.0,1.0,0.0,0.0,0.0,0.0,0.0,1.0,0.0,0.0,0.0,0.0,0.0,1.0,1.0,606,54,68,60.6,6.995236474439826,60.6,0.0012185096740722,10,0.9296076095302278,44.04
20.0,6,64.0,1191.9022449559534,0.0,0.0,0.5,0.5,0.5,0.0,0.0,5,0,0,5,0,0.0083899497985839,0.0,1.0,0.0,0.0,0.0,0.0,0.0,1.0,0.0,0.0,0.0,0.0,0.0,1.0,1.0,610,54,68,61.0,7.378647873726218,61.0,0.0010002851486206,10,0.9297637959978412,49.0
20.0,6,64.0,863.8609354725763,0.0,0.0,0.5,0.5,0.5,0.0,0.0,5,0,0,5,0,0.0115759372711181,0.0,1.0,0.0,0.0,0.0,0.0,0.0,1.0,0.0,0.0,0.0,0.0,0.0,1.0,1.0,616,54,68,61.6,6.586180818788517,61.6,0.001395297050476,10,0.9294409766183416,43.55555555555557
20.0,6,64.0,948.8516876300788,0.0,0.0,0.5,0.5,0.5,0.0,0.0,5,0,0,5,0,0.0105390548706054,0.0,1.0,0.0,0.0,0.0,0.0,0.0,1.0,0.0,0.0,0.0,0.0,0.0,1.0,1.0,600,54,66,60.0,6.324555320336759,60.0,0.0010568141937255,10,0.9293344008552924,36.0
20.0,6,64.0,834.1561592617636,0.0,0.0,0.5,0.5,0.5,0.0,0.0,5,0,0,5,0,0.0119881629943847,0.0,1.0,0.0,0.0,0.0,0.0,0.0,1.0,0.0,0.0,0.0,0.0,0.0,1.0,1.0,608,54,68,60.8,7.192588778272627,60.8,0.0012022018432617,10,0.9296880029647172,46.56
20.0,6,64.0,721.762114537445,0.0,0.0,0.5,0.5,0.5,0.0,0.0,5,0,0,5,0,0.01385498046875,0.0,1.0,0.0,0.0,0.0,0.0,0.0,1.0,0.0,0.0,0.0,0.0,0.0,1.0,1.0,610,54,68,61.0,7.378647873726218,61.0,0.0013876914978027,10,0.9297637959978412,49.0
20.0,6,64.0,625.2689326177698,0.0,0.0,0.8,0.2,0.2,0.0,0.0,2,0,0,8,0,0.0159931182861328,0.0,1.0,0.0,0.0,0.0,0.0,0.0,1.0,0.0,0.0,0.0,0.0,0.0,1.0,1.0,614,54,68,61.4,5.25357021462548,61.4,0.0016016006469726,10,0.92889812436263,49.0
20.0,6,64.0,408.93308764027415,0.0,0.0,0.8,0.2,0.2,0.0,0.0,2,0,0,8,0,0.0244538784027099,0.0,1.0,0.0,0.0,0.0,0.0,0.0,1.0,0.0,0.0,0.0,0.0,0.0,1.0,1.0,628,54,66,62.8,4.732863826479693,62.8,0.0027086973190307,10,0.9286860094083548,20.160000000000004
20.0,6,64.0,957.5817903700828,0.0,0.0,0.7,0.3,0.3,0.0,0.0,3,0,0,7,0,0.0104429721832275,0.0,1.0,0.0,0.0,0.0,0.0,0.0,1.0,0.0,0.0,0.0,0.0,0.0,1.0,1.0,622,54,66,62.2,5.692099788303083,62.2,0.0012587070465087,10,0.9290767637697632,29.160000000000004
20.0,6,64.0,1068.149845926605,0.0,0.0,0.5,0.5,0.5,0.0,0.0,5,0,0,5,0,0.009361982345581,0.0,1.0,0.0,0.0,0.0,0.0,0.0,1.0,0.0,0.0,0.0,0.0,0.0,1.0,1.0,590,54,64,59.0,5.270462766947299,59.0,0.0011270999908447,10,0.9289050057127436,25.0
20.0,6,64.0,331.21206617443835,0.0,0.0,0.5,0.5,0.5,0.0,0.0,5,0,0,5,0,0.0301921367645263,0.0,1.0,0.0,0.0,0.0,0.0,0.0,1.0,0.0,0.0,0.0,0.0,0.0,1.0,1.0,592,54,66,59.2,5.513619500836088,59.2,0.0033112049102783,10,0.9290040580398606,27.360000000000003
20.0,6,64.0,4684.279651552379,0.0,0.0,0.5,0.5,0.5,0.0,0.0,5,0,0,5,0,0.0021347999572753,0.0,1.0,0.0,0.0,0.0,0.0,0.0,1.0,0.0,0.0,0.0,0.0,0.0,1.0,1.0,612,54,66,61.2,6.196773353931867,61.2,0.0003014802932739,10,0.9292823475934576,35.55555555555556
20.0,6,64.0,647.0494585171701,0.0,0.0,0.8,0.2,0.2,0.0,0.0,2,0,0,8,0,0.0154547691345214,0.0,1.0,0.0,0.0,0.0,0.0,0.0,1.0,0.0,0.0,0.0,0.0,0.0,1.0,1.0,864,54,126,86.4,34.43254274665175,86.4,0.0015475988388061,10,0.940784470613276,1067.0400000000002
20.0,6,64.0,465.2015838333648,0.0,0.0,1.0,0.0,0.0,0.0,0.0,0,0,0,10,0,0.0214960575103759,0.0,1.0,0.0,0.0,0.0,0.0,0.0,1.0,0.0,0.0,0.0,0.0,0.0,1.0,1.0,1268,126,128,126.8,1.0327955589886444,126.8,0.0023551225662231,10,0.8044813895989097,0.96
20.0,6,64.0,581.4923055594066,0.0,0.0,0.8,0.2,0.2,0.0,0.0,2,0,0,8,0,0.0171971321105957,0.0,1.0,0.0,0.0,0.0,0.0,0.0,1.0,0.0,0.0,0.0,0.0,0.0,1.0,1.0,1004,54,128,100.4,35.78702433999104,100.4,0.0019593954086303,10,0.9413362322351388,1152.64
20.0,6,64.0,1147.1757562496582,0.0,0.0,0.5,0.5,0.5,0.0,0.0,5,0,0,5,0,0.0087170600891113,0.0,1.0,0.0,0.0,0.0,0.0,0.0,1.0,0.0,0.0,0.0,0.0,0.0,1.0,1.0,590,54,64,59.0,5.270462766947299,59.0,0.0010555982589721,10,0.9289050057127436,25.0
20.0,6,64.0,1015.6437513620843,0.0,0.0,0.5,0.5,0.5,0.0,0.0,5,0,0,5,0,0.0098459720611572,0.0,1.0,0.0,0.0,0.0,0.0,0.0,1.0,0.0,0.0,0.0,0.0,0.0,1.0,1.0,594,54,66,59.4,5.738757124441959,59.4,0.0011754989624023,10,0.9290957701022128,29.64
20.0,6,64.0,875.1990651865453,0.0,0.0,0.5,0.5,0.5,0.0,0.0,5,0,0,5,0,0.0114259719848632,0.0,1.0,0.0,0.0,0.0,0.0,0.0,1.0,0.0,0.0,0.0,0.0,0.0,1.0,1.0,612,54,66,61.2,6.196773353931867,61.2,0.001419186592102,10,0.9292823475934576,36.0
20.0,6,64.0,591.3967457206509,0.0,0.0,0.6,0.4,0.4,0.0,0.0,4,0,0,6,0,0.016909122467041,0.0,1.0,0.0,0.0,0.0,0.0,0.0,1.0,0.0,0.0,0.0,0.0,0.0,1.0,1.0,594,54,66,59.4,5.738757124441959,59.4,0.0016929149627685,10,0.9290957701022128,36.0
20.0,6,64.0,608.0199469434498,0.0,0.0,0.7,0.3,0.3,0.0,0.0,3,0,0,7,0,0.016446828842163,0.0,1.0,0.0,0.0,0.0,0.0,0.0,1.0,0.0,0.0,0.0,0.0,0.0,1.0,1.0,622,54,66,62.2,4.366539438350085,62.2,0.0019337892532348,10,0.9285367835056064,22.222222222222225
20.0,6,64.0,640.8213652753162,0.0,0.0,0.7,0.3,0.3,0.0,0.0,3,0,0,7,0,0.0156049728393554,0.0,1.0,0.0,0.0,0.0,0.0,0.0,1.0,0.0,0.0,0.0,0.0,0.0,1.0,1.0,612,54,66,61.2,6.196773353931867,61.2,0.0015630006790161,10,0.9292823475934576,36.0
20.0,6,64.0,518.6733608685975,0.0,0.0,0.8,0.2,0.2,0.0,0.0,2,0,0,8,0,0.0192799568176269,0.0,1.0,0.0,0.0,0.0,0.0,0.0,1.0,0.0,0.0,0.0,0.0,0.0,1.0,1.0,636,54,66,63.6,5.059644256269407,63.6,0.0022006034851074,10,0.928819126684234,36.0
20.0,6,64.0,519.2384064968185,0.0,0.0,1.0,0.0,0.0,0.0,0.0,0,0,0,10,0,0.019258975982666,0.0,1.0,0.0,0.0,0.0,0.0,0.0,1.0,0.0,0.0,0.0,0.0,0.0,1.0,1.0,670,66,68,67.0,1.0540925533894598,67.0,0.0021728038787841,10,0.9067378651425488,1.0
20.0,6,64.0,349.0395865753493,0.0,0.0,1.0,0.0,0.0,0.0,0.0,0,0,0,10,0,0.0286500453948974,0.0,1.0,0.0,0.0,0.0,0.0,0.0,1.0,0.0,0.0,0.0,0.0,0.0,1.0,1.0,670,66,68,67.0,1.0540925533894598,67.0,0.0030627965927124,10,0.9067378651425488,1.0
20.0,6,64.0,516.5589861694398,0.0,0.0,1.0,0.0,0.0,0.0,0.0,0,0,0,10,0,0.0193588733673095,0.0,1.0,0.0,0.0,0.0,0.0,0.0,1.0,0.0,0.0,0.0,0.0,0.0,1.0,1.0,670,66,68,67.0,1.0540925533894598,67.0,0.0021997928619384,10,0.9067378651425488,1.0
20.0,6,64.0,367.3220885222357,0.0,0.0,1.0,0.0,0.0,0.0,0.0,0,0,0,10,0,0.027224063873291,0.0,1.0,0.0,0.0,0.0,0.0,0.0,1.0,0.0,0.0,0.0,0.0,0.0,1.0,1.0,670,66,68,67.0,1.0540925533894598,67.0,0.0028956174850463,10,0.9067378651425488,1.0
20.0,6,64.0,510.62246624706296,0.0,0.0,1.0,0.0,0.0,0.0,0.0,0,0,0,10,0,0.0195839405059814,0.0,1.0,0.0,0.0,0.0,0.0,0.0,1.0,0.0,0.0,0.0,0.0,0.0,1.0,1.0,665,66,67,66.5,0.5270462766947299,66.5,0.002207589149475,10,0.0,0.25
20.0,6,64.0,360.33539518900346,0.0,0.0,1.0,0.0,0.0,0.0,0.0,0,0,0,10,0,0.0277519226074218,0.0,1.0,0.0,0.0,0.0,0.0,0.0,1.0,0.0,0.0,0.0,0.0,0.0,1.0,1.0,665,66,67,66.5,0.5270462766947299,66.5,0.0030313968658447,10,0.0,0.25
20.0,6,64.0,500.7287140060169,0.0,0.0,1.0,0.0,0.0,0.0,0.0,0,0,0,10,0,0.0199708938598632,0.0,1.0,0.0,0.0,0.0,0.0,0.0,1.0,0.0,0.0,0.0,0.0,0.0,1.0,1.0,670,66,68,67.0,1.0540925533894598,67.0,0.0021997928619384,10,0.9067378651425488,1.0
20.0,6,64.0,412.4557728805892,0.0,0.0,0.7,0.3,0.3,0.0,0.0,3,0,0,7,0,0.0242450237274169,0.0,1.0,0.0,0.0,0.0,0.0,0.0,1.0,0.0,0.0,0.0,0.0,0.0,1.0,1.0,640,54,68,64.0,5.57773351022717,64.0,0.0026069164276123,10,0.9290301755227262,31.11111111111111
20.0,6,64.0,1012.1389961389962,0.0,0.0,0.5,0.5,0.5,0.0,0.0,5,0,0,5,0,0.0098800659179687,0.0,1.0,0.0,0.0,0.0,0.0,0.0,1.0,0.0,0.0,0.0,0.0,0.0,1.0,1.0,590,54,64,59.0,5.270462766947299,59.0,0.0009907007217407,10,0.9289050057127436,25.0
20.0,6,64.0,923.2657553545092,0.0,0.0,0.5,0.5,0.5,0.0,0.0,5,0,0,5,0,0.0108311176300048,0.0,1.0,0.0,0.0,0.0,0.0,0.0,1.0,0.0,0.0,0.0,0.0,0.0,1.0,1.0,596,54,66,59.6,5.94792213951879,59.6,0.0010848045349121,10,0.9291809755627544,31.84
20.0,6,64.0,777.2987398072646,0.0,0.0,0.5,0.5,0.5,0.0,0.0,5,0,0,5,0,0.0128650665283203,0.0,1.0,0.0,0.0,0.0,0.0,0.0,1.0,0.0,0.0,0.0,0.0,0.0,1.0,1.0,600,54,66,60.0,6.324555320336759,60.0,0.001288890838623,10,0.9293344008552924,36.0
20.0,6,64.0,410.03646459610326,0.0,0.0,0.7,0.3,0.3,0.0,0.0,3,0,0,7,0,0.0243880748748779,0.0,1.0,0.0,0.0,0.0,0.0,0.0,1.0,0.0,0.0,0.0,0.0,0.0,1.0,1.0,612,54,66,61.2,6.196773353931867,61.2,0.0024415969848632,10,0.9292823475934576,36.0
20.0,6,64.0,866.9320601062401,0.0,0.0,0.7,0.3,0.3,0.0,0.0,3,0,0,7,0,0.0115349292755126,0.0,1.0,0.0,0.0,0.0,0.0,0.0,1.0,0.0,0.0,0.0,0.0,0.0,1.0,1.0,626,54,68,62.6,5.966573556070519,62.6,0.0011560916900634,10,0.9291885734038008,32.04
20.0,6,64.0,644.6527212086746,0.0,0.0,0.6,0.4,0.4,0.0,0.0,4,0,0,6,0,0.0155122280120849,0.0,1.0,0.0,0.0,0.0,0.0,0.0,1.0,0.0,0.0,0.0,0.0,0.0,1.0,1.0,638,54,68,63.8,6.762642481555071,63.8,0.0017473220825195,10,0.9295128600412864,43.55555555555557
20.0,6,64.0,444.0108401084011,0.0,0.0,0.6,0.4,0.4,0.0,0.0,4,0,0,6,0,0.02252197265625,0.0,1.0,0.0,0.0,0.0,0.0,0.0,1.0,0.0,0.0,0.0,0.0,0.0,1.0,1.0,616,54,68,61.6,6.586180818788517,61.6,0.0022538900375366,10,0.9294409766183416,49.0
20.0,6,64.0,982.7098709027435,0.0,0.0,0.5,0.5,0.5,0.0,0.0,5,0,0,5,0,0.0101759433746337,0.0,1.0,0.0,0.0,0.0,0.0,0.0,1.0,0.0,0.0,0.0,0.0,0.0,1.0,1.0,600,54,66,60.0,6.324555320336759,60.0,0.0010196924209594,10,0.9293344008552924,36.0
20.0,6,64.0,820.738885410144,0.0,0.0,0.6,0.4,0.4,0.0,0.0,4,0,0,6,0,0.0121841430664062,0.0,1.0,0.0,0.0,0.0,0.0,0.0,1.0,0.0,0.0,0.0,0.0,0.0,1.0,1.0,608,54,68,60.8,7.192588778272627,60.8,0.0012209177017211,10,0.9296880029647172,46.56
20.0,6,64.0,986.7789671803316,0.0,0.0,0.5,0.5,0.5,0.0,0.0,5,0,0,5,0,0.0101339817047119,0.0,1.0,0.0,0.0,0.0,0.0,0.0,1.0,0.0,0.0,0.0,0.0,0.0,1.0,1.0,610,54,68,61.0,7.378647873726218,61.0,0.0012178897857666,10,0.9297637959978412,49.0
20.0,6,64.0,433.3316803041574,0.0,0.0,0.9,0.1,0.1,0.0,0.0,1,0,0,9,0,0.0230770111083984,0.0,1.0,0.0,0.0,0.0,0.0,0.0,1.0,0.0,0.0,0.0,0.0,0.0,1.0,1.0,650,54,68,65.0,3.915780041490244,65.0,0.0023091077804565,10,0.9283531621577016,49.0
20.0,6,64.0,462.1720733427362,0.0,0.0,1.0,0.0,0.0,0.0,0.0,0,0,0,10,0,0.021636962890625,0.0,1.0,0.0,0.0,0.0,0.0,0.0,1.0,0.0,0.0,0.0,0.0,0.0,1.0,1.0,676,66,68,67.6,0.8432740427115678,67.6,0.0032179832458496,10,0.0,1.0
20.0,6,64.0,986.8718383096868,0.0,0.0,0.6,0.4,0.4,0.0,0.0,4,0,0,6,0,0.0101330280303955,0.0,1.0,0.0,0.0,0.0,0.0,0.0,1.0,0.0,0.0,0.0,0.0,0.0,1.0,1.0,616,54,68,61.6,6.586180818788517,61.6,0.0012318134307861,10,0.9294409766183416,39.04
20.0,6,64.0,1235.945308816596,0.0,0.0,0.5,0.5,0.5,0.0,0.0,5,0,0,5,0,0.0080909729003906,0.0,1.0,0.0,0.0,0.0,0.0,0.0,1.0,0.0,0.0,0.0,0.0,0.0,1.0,1.0,600,54,66,60.0,6.324555320336759,60.0,0.001039695739746,10,0.9293344008552924,36.0
20.0,6,64.0,858.0818330605565,0.0,0.0,0.5,0.5,0.5,0.0,0.0,5,0,0,5,0,0.0116539001464843,0.0,1.0,0.0,0.0,0.0,0.0,0.0,1.0,0.0,0.0,0.0,0.0,0.0,1.0,1.0,622,54,68,62.2,7.083627444874398,62.2,0.0014503002166748,10,0.929643616475944,46.02469135802469
20.0,6,64.0,864.9832955248505,0.0,0.0,0.6,0.4,0.4,0.0,0.0,4,0,0,6,0,0.0115609169006347,0.0,1.0,0.0,0.0,0.0,0.0,0.0,1.0,0.0,0.0,0.0,0.0,0.0,1.0,1.0,610,54,68,61.0,7.378647873726218,61.0,0.001158595085144,10,0.9297637959978412,49.0
20.0,6,64.0,1022.1782467769845,0.0,0.0,0.6,0.4,0.4,0.0,0.0,4,0,0,6,0,0.0097830295562744,0.0,1.0,0.0,0.0,0.0,0.0,0.0,1.0,0.0,0.0,0.0,0.0,0.0,1.0,1.0,7560,54,1224,756.0,604.1854020083571,756.0,0.0018357038497924,10,1.0,342225.0
20.0,6,64.0,1123.966020848407,0.0,0.0,0.5,0.5,0.5,0.0,0.0,5,0,0,5,0,0.008897066116333,0.0,1.0,0.0,0.0,0.0,0.0,0.0,1.0,0.0,0.0,0.0,0.0,0.0,1.0,1.0,7562,54,1225,756.2,604.3576571681522,756.2,0.0011238098144531,10,1.0,338115.65432098764
20.0,6,64.0,614.9374697611682,0.0,0.0,0.8,0.2,0.2,0.0,0.0,2,0,0,8,0,0.0162618160247802,0.0,1.0,0.0,0.0,0.0,0.0,0.0,1.0,0.0,0.0,0.0,0.0,0.0,1.0,1.0,8737,54,1225,873.7,565.6467389929278,873.7,0.0016282796859741,10,1.0,342810.25
20.0,6,64.0,400.7858426021481,0.0,0.0,0.9,0.1,0.1,0.0,0.0,1,0,0,9,0,0.0249509811401367,0.0,1.0,0.0,0.0,0.0,0.0,0.0,1.0,0.0,0.0,0.0,0.0,0.0,1.0,1.0,3583,54,1225,358.3,313.2808644012589,358.3,0.0027734041213989,10,1.0,342810.25
20.0,6,64.0,515.6254917387884,0.0,0.0,1.0,0.0,0.0,0.0,0.0,0,0,0,10,0,0.0193939208984375,0.0,1.0,0.0,0.0,0.0,0.0,0.0,1.0,0.0,0.0,0.0,0.0,0.0,1.0,1.0,2896,288,290,289.6,0.8432740427115677,289.6,0.0021557092666625,10,0.0,1.0
20.0,6,64.0,361.6246928482132,0.0,0.0,1.0,0.0,0.0,0.0,0.0,0,0,0,10,0,0.0276529788970947,0.0,1.0,0.0,0.0,0.0,0.0,0.0,1.0,0.0,0.0,0.0,0.0,0.0,1.0,1.0,1108,66,290,110.8,94.44669278369555,110.8,0.0030411005020141,10,0.9447822747723662,12544.0
20.0,6,64.0,468.1404096210726,0.0,0.0,1.0,0.0,0.0,0.0,0.0,0,0,0,10,0,0.0213611125946044,0.0,1.0,0.0,0.0,0.0,0.0,0.0,1.0,0.0,0.0,0.0,0.0,0.0,1.0,1.0,676,66,68,67.6,0.8432740427115678,67.6,0.0023272991180419,10,0.0,1.0
20.0,6,64.0,458.22861700151856,0.0,0.0,0.7,0.3,0.3,0.0,0.0,3,0,0,7,0,0.0218231678009033,0.0,1.0,0.0,0.0,0.0,0.0,0.0,1.0,0.0,0.0,0.0,0.0,0.0,1.0,1.0,784,54,90,78.4,15.685803914509592,78.4,0.0024393081665039,10,0.9331477990826148,229.43209876543207
20.0,6,64.0,868.8896254557508,0.0,0.0,0.6,0.4,0.4,0.0,0.0,4,0,0,6,0,0.0115089416503906,0.0,1.0,0.0,0.0,0.0,0.0,0.0,1.0,0.0,0.0,0.0,0.0,0.0,1.0,1.0,722,54,92,72.2,19.193748982416125,72.2,0.0011526823043823,10,0.934576795585477,331.56000000000006
20.0,6,64.0,552.0637051661731,0.0,0.0,0.7,0.3,0.3,0.0,0.0,3,0,0,7,0,0.0181138515472412,0.0,1.0,0.0,0.0,0.0,0.0,0.0,1.0,0.0,0.0,0.0,0.0,0.0,1.0,1.0,806,54,92,80.6,18.355743878506622,80.6,0.0019886016845703,10,0.9342354258263484,320.8888888888889
20.0,6,64.0,474.29172367781257,0.0,0.0,0.7,0.3,0.3,0.0,0.0,3,0,0,7,0,0.0210840702056884,0.0,1.0,0.0,0.0,0.0,0.0,0.0,1.0,0.0,0.0,0.0,0.0,0.0,1.0,1.0,666,54,92,66.6,14.143706884846152,66.6,0.0021113157272338,10,0.9325196104366108,320.88888888888886
20.0,6,64.0,684.650190982991,0.0,0.0,0.8,0.2,0.2,0.0,0.0,2,0,0,8,0,0.0146059989929199,0.0,1.0,0.0,0.0,0.0,0.0,0.0,1.0,0.0,0.0,0.0,0.0,0.0,1.0,1.0,626,54,66,62.6,4.623610902506587,62.6,0.0014623880386352,10,0.9286415041372452,25.0
20.0,6,64.0,371.5554768126855,0.0,0.0,0.8,0.2,0.2,0.0,0.0,2,0,0,8,0,0.0269138813018798,0.0,1.0,0.0,0.0,0.0,0.0,0.0,1.0,0.0,0.0,0.0,0.0,0.0,1.0,1.0,644,54,66,64.4,3.747591819348053,64.4,0.0028527975082397,10,0.9282846490035296,36.0
20.0,6,64.0,742.0132328486006,0.0,0.0,0.7,0.3,0.3,0.0,0.0,3,0,0,7,0,0.0134768486022949,0.0,1.0,0.0,0.0,0.0,0.0,0.0,1.0,0.0,0.0,0.0,0.0,0.0,1.0,1.0,600,54,64,60.0,5.163977794943222,60.0,0.0013505935668945,10,0.928861627994548,25.0
20.0,6,64.0,840.2724577289847,0.0,0.0,0.6,0.4,0.4,0.0,0.0,4,0,0,6,0,0.0119009017944335,0.0,1.0,0.0,0.0,0.0,0.0,0.0,1.0,0.0,0.0,0.0,0.0,0.0,1.0,1.0,608,54,66,60.8,5.902918298980975,60.8,0.0014198064804077,10,0.9291626427982728,31.360000000000003
20.0,6,64.0,870.1694985581212,0.0,0.0,0.6,0.4,0.4,0.0,0.0,4,0,0,6,0,0.0114920139312744,0.0,1.0,0.0,0.0,0.0,0.0,0.0,1.0,0.0,0.0,0.0,0.0,0.0,1.0,1.0,612,54,66,61.2,6.196773353931867,61.2,0.0012151002883911,10,0.9292823475934576,35.26530612244898
20.0,6,64.0,892.0444926519067,0.0,0.0,0.5,0.5,0.5,0.0,0.0,5,0,0,5,0,0.0112102031707763,0.0,1.0,0.0,0.0,0.0,0.0,0.0,1.0,0.0,0.0,0.0,0.0,0.0,1.0,1.0,8652,54,1406,865.2,698.1697978763236,865.2,0.0020676136016845,10,1.0,456976.0
20.0,6,64.0,899.1969128523957,0.0,0.0,0.5,0.5,0.5,0.0,0.0,5,0,0,5,0,0.0111210346221923,0.0,1.0,0.0,0.0,0.0,0.0,0.0,1.0,0.0,0.0,0.0,0.0,0.0,1.0,1.0,7300,54,1406,730.0,712.5665660912748,730.0,0.0011139869689941,10,1.0,456976.0
20.0,6,64.0,873.3584591358667,0.0,0.0,0.5,0.5,0.5,0.0,0.0,5,0,0,5,0,0.0114500522613525,0.0,1.0,0.0,0.0,0.0,0.0,0.0,1.0,0.0,0.0,0.0,0.0,0.0,1.0,1.0,7300,54,1406,730.0,712.5665660912748,730.0,0.0011476993560791,10,1.0,456976.0
20.0,6,64.0,533.3346896735883,0.0,0.0,0.5,0.5,0.5,0.0,0.0,5,0,0,5,0,0.0187499523162841,0.0,1.0,0.0,0.0,0.0,0.0,0.0,1.0,0.0,0.0,0.0,0.0,0.0,1.0,1.0,5960,54,1406,596.0,697.1465651735891,596.0,0.001878809928894,10,1.0,456976.0
20.0,6,64.0,771.1251654655097,0.0,0.0,0.5,0.5,0.5,0.0,0.0,5,0,0,5,0,0.0129680633544921,0.0,1.0,0.0,0.0,0.0,0.0,0.0,1.0,0.0,0.0,0.0,0.0,0.0,1.0,1.0,600,54,66,60.0,6.324555320336759,60.0,0.0013015985488891,10,0.9293344008552924,36.0
20.0,6,64.0,808.0109422258182,0.0,0.0,0.5,0.5,0.5,0.0,0.0,5,0,0,5,0,0.012376070022583,0.0,1.0,0.0,0.0,0.0,0.0,0.0,1.0,0.0,0.0,0.0,0.0,0.0,1.0,1.0,602,54,68,60.2,6.562519841239848,60.2,0.001238989830017,10,0.9294313380825274,38.76
20.0,6,64.0,928.0665575076338,0.0,0.0,0.6,0.4,0.4,0.0,0.0,4,0,0,6,0,0.010775089263916,0.0,1.0,0.0,0.0,0.0,0.0,0.0,1.0,0.0,0.0,0.0,0.0,0.0,1.0,1.0,610,54,68,61.0,7.378647873726218,61.0,0.0010792016983032,10,0.9297637959978412,49.0
20.0,6,64.0,770.6576022048691,0.0,0.0,0.5,0.5,0.5,0.0,0.0,5,0,0,5,0,0.0129759311676025,0.0,1.0,0.0,0.0,0.0,0.0,0.0,1.0,0.0,0.0,0.0,0.0,0.0,1.0,1.0,606,54,68,60.6,7.058485830702094,60.6,0.0014723062515258,10,0.9296333747879948,49.0
20.0,6,64.0,1118.5705523108516,0.0,0.0,0.5,0.5,0.5,0.0,0.0,5,0,0,5,0,0.0089399814605712,0.0,1.0,0.0,0.0,0.0,0.0,0.0,1.0,0.0,0.0,0.0,0.0,0.0,1.0,1.0,590,54,64,59.0,5.270462766947299,59.0,0.0011728048324584,10,0.9289050057127436,25.0
20.0,6,64.0,901.632451256476,0.0,0.0,0.5,0.5,0.5,0.0,0.0,5,0,0,5,0,0.0110909938812255,0.0,1.0,0.0,0.0,0.0,0.0,0.0,1.0,0.0,0.0,0.0,0.0,0.0,1.0,1.0,604,54,66,60.4,5.561774297230456,60.4,0.0012799978256225,10,0.9290236743777198,27.84
20.0,6,64.0,915.2473432692516,0.0,0.0,0.5,0.5,0.5,0.0,0.0,5,0,0,5,0,0.0109260082244873,0.0,1.0,0.0,0.0,0.0,0.0,0.0,1.0,0.0,0.0,0.0,0.0,0.0,1.0,1.0,600,54,66,60.0,6.324555320336759,60.0,0.0010941982269287,10,0.9293344008552924,36.0
20.0,6,64.0,465.3306115203693,0.0,0.0,0.7,0.3,0.3,0.0,0.0,3,0,0,7,0,0.0214900970458984,0.0,1.0,0.0,0.0,0.0,0.0,0.0,1.0,0.0,0.0,0.0,0.0,0.0,1.0,1.0,612,54,66,61.2,6.196773353931867,61.2,0.0021506071090698,10,0.9292823475934576,36.0
20.0,6,64.0,514.3797598754,0.0,0.0,1.0,0.0,0.0,0.0,0.0,0,0,0,10,0,0.0194408893585205,0.0,1.0,0.0,0.0,0.0,0.0,0.0,1.0,0.0,0.0,0.0,0.0,0.0,1.0,1.0,666,66,68,66.6,0.966091783079296,66.6,0.0021146774291992,10,0.0,0.8400000000000001
20.0,6,64.0,355.9744029331387,0.0,0.0,1.0,0.0,0.0,0.0,0.0,0,0,0,10,0,0.0280919075012207,0.0,1.0,0.0,0.0,0.0,0.0,0.0,1.0,0.0,0.0,0.0,0.0,0.0,1.0,1.0,4148,68,1224,414.8,558.4010506198331,414.8,0.0030595064163208,10,1.0,280630.56000000006
20.0,6,64.0,749.9068495110047,0.0,0.0,0.7,0.3,0.3,0.0,0.0,3,0,0,7,0,0.0133349895477294,0.0,1.0,0.0,0.0,0.0,0.0,0.0,1.0,0.0,0.0,0.0,0.0,0.0,1.0,1.0,8730,54,1224,873.0,565.163693101388,873.0,0.001503300666809,10,1.0,320835.9375
20.0,6,64.0,560.1292717778875,0.0,0.0,0.7,0.3,0.3,0.0,0.0,3,0,0,7,0,0.0178530216217041,0.0,1.0,0.0,0.0,0.0,0.0,0.0,1.0,0.0,0.0,0.0,0.0,0.0,1.0,1.0,9916,54,1226,991.6,494.1585890289787,991.6,0.0019905090332031,10,1.0,237409.5802469136
20.0,6,64.0,367.8084798526768,0.0,0.0,1.0,0.0,0.0,0.0,0.0,0,0,0,10,0,0.0271880626678466,0.0,1.0,0.0,0.0,0.0,0.0,0.0,1.0,0.0,0.0,0.0,0.0,0.0,1.0,1.0,3318,54,1226,331.8,471.6811069638751,331.8,0.002721095085144,10,1.0,343396.0
20.0,6,64.0,533.5925195598245,0.0,0.0,1.0,0.0,0.0,0.0,0.0,0,0,0,10,0,0.0187408924102783,0.0,1.0,0.0,0.0,0.0,0.0,0.0,1.0,0.0,0.0,0.0,0.0,0.0,1.0,1.0,1174,116,118,117.4,0.9660917830792958,117.4,0.0020695924758911,10,0.0,1.0
20.0,6,64.0,358.34663294773,0.0,0.0,1.0,0.0,0.0,0.0,0.0,0,0,0,10,0,0.0279059410095214,0.0,1.0,0.0,0.0,0.0,0.0,0.0,1.0,0.0,0.0,0.0,0.0,0.0,1.0,1.0,816,66,118,81.6,25.11838636006169,81.6,0.0029482126235961,10,0.9165406958676348,676.0
20.0,6,64.0,552.3617878684121,0.0,0.0,1.0,0.0,0.0,0.0,0.0,0,0,0,10,0,0.018104076385498,0.0,1.0,0.0,0.0,0.0,0.0,0.0,1.0,0.0,0.0,0.0,0.0,0.0,1.0,1.0,674,66,68,67.4,0.9660917830792958,67.4,0.0019995927810668,10,0.0,1.0
20.0,6,64.0,415.7674884269585,0.0,0.0,0.7,0.3,0.3,0.0,0.0,3,0,0,7,0,0.0240519046783447,0.0,1.0,0.0,0.0,0.0,0.0,0.0,1.0,0.0,0.0,0.0,0.0,0.0,1.0,1.0,742,54,94,74.2,17.974055376198958,74.2,0.0026099920272827,10,0.9340799411980484,290.76
20.0,6,64.0,559.5688137040397,0.0,0.0,0.7,0.3,0.3,0.0,0.0,3,0,0,7,0,0.0178709030151367,0.0,1.0,0.0,0.0,0.0,0.0,0.0,1.0,0.0,0.0,0.0,0.0,0.0,1.0,1.0,864,54,96,86.4,17.095808453146248,86.4,0.0019850015640258,10,0.9337221785314735,300.0
20.0,6,64.0,1033.2579508782303,0.0,0.0,0.6,0.4,0.4,0.0,0.0,4,0,0,6,0,0.0096781253814697,0.0,1.0,0.0,0.0,0.0,0.0,0.0,1.0,0.0,0.0,0.0,0.0,0.0,1.0,1.0,792,54,96,79.2,21.68870673876153,79.2,0.000969910621643,10,0.935593141577102,441.0
20.0,6,64.0,410.7954790307732,0.0,0.0,0.9,0.1,0.1,0.0,0.0,1,0,0,9,0,0.0243430137634277,0.0,1.0,0.0,0.0,0.0,0.0,0.0,1.0,0.0,0.0,0.0,0.0,0.0,1.0,1.0,696,54,96,69.6,14.75127113166862,69.6,0.0024383068084716,10,0.9327671078081964,441.0
20.0,6,64.0,390.215002744518,0.0,0.0,1.0,0.0,0.0,0.0,0.0,0,0,0,10,0,0.0256268978118896,0.0,1.0,0.0,0.0,0.0,0.0,0.0,1.0,0.0,0.0,0.0,0.0,0.0,1.0,1.0,672,66,68,67.2,1.0327955589886444,67.2,0.0028122901916503,10,0.9067291895989096,1.0
20.0,6,64.0,484.9859509961496,0.0,0.0,0.7,0.3,0.3,0.0,0.0,3,0,0,7,0,0.0206191539764404,0.0,1.0,0.0,0.0,0.0,0.0,0.0,1.0,0.0,0.0,0.0,0.0,0.0,1.0,1.0,632,54,68,63.2,6.408327915038888,63.2,0.002142310142517,10,0.9293685264594702,36.96
20.0,6,64.0,1472.5639855352315,0.0,0.0,0.5,0.5,0.5,0.0,0.0,5,0,0,5,0,0.0067908763885498,0.0,1.0,0.0,0.0,0.0,0.0,0.0,1.0,0.0,0.0,0.0,0.0,0.0,1.0,1.0,600,54,66,60.0,6.324555320336759,60.0,0.0010316848754882,10,0.9293344008552924,36.0
20.0,6,64.0,835.3523202549293,0.0,0.0,0.6,0.4,0.4,0.0,0.0,4,0,0,6,0,0.0119709968566894,0.0,1.0,0.0,0.0,0.0,0.0,0.0,1.0,0.0,0.0,0.0,0.0,0.0,1.0,1.0,620,54,68,62.0,6.928203230275509,62.0,0.0014796018600463,10,0.9295803028678852,43.2
20.0,6,64.0,797.9574986207027,0.0,0.0,0.5,0.5,0.5,0.0,0.0,5,0,0,5,0,0.0125319957733154,0.0,1.0,0.0,0.0,0.0,0.0,0.0,1.0,0.0,0.0,0.0,0.0,0.0,1.0,1.0,624,54,68,62.4,7.229568912920511,62.4,0.0014472007751464,10,0.9297030671923672,49.0
20.0,6,64.0,406.9650602058935,0.0,0.0,1.0,0.0,0.0,0.0,0.0,0,0,0,10,0,0.0245721340179443,0.0,1.0,0.0,0.0,0.0,0.0,0.0,1.0,0.0,0.0,0.0,0.0,0.0,1.0,1.0,3258,54,356,325.8,95.50078533708502,325.8,0.0024593114852905,10,0.965661229914915,22801.0
20.0,6,64.0,490.7283172070059,0.0,0.0,1.0,0.0,0.0,0.0,0.0,0,0,0,10,0,0.0203778743743896,0.0,1.0,0.0,0.0,0.0,0.0,0.0,1.0,0.0,0.0,0.0,0.0,0.0,1.0,1.0,3578,356,358,357.8,0.632455532033676,357.8,0.0023156881332397,10,0.0,1.0
20.0,6,64.0,426.1637878479984,0.0,0.0,1.0,0.0,0.0,0.0,0.0,0,0,0,10,0,0.0234651565551757,0.0,1.0,0.0,0.0,0.0,0.0,0.0,1.0,0.0,0.0,0.0,0.0,0.0,1.0,1.0,4939,358,509,493.9,47.75039266854254,493.9,0.0025720119476318,10,0.4281541099574575,5700.25
20.0,6,64.0,690.0909853732375,0.0,0.0,0.8,0.2,0.2,0.0,0.0,2,0,0,8,0,0.0144908428192138,0.0,1.0,0.0,0.0,0.0,0.0,0.0,1.0,0.0,0.0,0.0,0.0,0.0,1.0,1.0,4194,54,511,419.4,192.5837191688043,419.4,0.0017542839050292,10,1.0,46208.66666666666
20.0,6,64.0,184.8492754645136,0.0,0.0,0.7,0.3,0.3,0.0,0.0,3,0,0,7,0,0.0540981292724609,0.0,1.0,0.0,0.0,0.0,0.0,0.0,1.0,0.0,0.0,0.0,0.0,0.0,1.0,1.0,1959,54,511,195.9,217.502720289502,195.9,0.0055965185165405,10,1.0,50416.25
20.0,6,64.0,1661.110495049505,0.0,0.0,0.5,0.5,0.5,0.0,0.0,5,0,0,5,0,0.0060200691223144,0.0,1.0,0.0,0.0,0.0,0.0,0.0,1.0,0.0,0.0,0.0,0.0,0.0,1.0,1.0,600,54,66,60.0,6.324555320336759,60.0,0.0006630897521972,10,0.9293344008552924,36.0
20.0,6,64.0,6120.391069604553,0.0,0.0,0.5,0.5,0.5,0.0,0.0,5,0,0,5,0,0.001633882522583,0.0,1.0,0.0,0.0,0.0,0.0,0.0,1.0,0.0,0.0,0.0,0.0,0.0,1.0,1.0,608,54,68,60.8,7.192588778272627,60.8,0.0013850927352905,10,0.9296880029647172,46.56
20.0,6,64.0,1222.3658671640487,0.0,0.0,0.5,0.5,0.5,0.0,0.0,5,0,0,5,0,0.0081808567047119,0.0,1.0,0.0,0.0,0.0,0.0,0.0,1.0,0.0,0.0,0.0,0.0,0.0,1.0,1.0,610,54,68,61.0,7.378647873726218,61.0,0.0008563995361328,10,0.9297637959978412,49.0
20.0,6,64.0,585.2081705547494,0.0,0.0,0.8,0.2,0.2,0.0,0.0,2,0,0,8,0,0.0170879364013671,0.0,1.0,0.0,0.0,0.0,0.0,0.0,1.0,0.0,0.0,0.0,0.0,0.0,1.0,1.0,624,54,68,62.4,4.599516882842757,62.4,0.0019670009613037,10,0.9286316891973948,49.0
20.0,6,64.0,711.4898814269478,0.0,0.0,0.7,0.3,0.3,0.0,0.0,3,0,0,7,0,0.0140550136566162,0.0,1.0,0.0,0.0,0.0,0.0,0.0,1.0,0.0,0.0,0.0,0.0,0.0,1.0,1.0,618,54,66,61.8,5.4528280124476085,61.8,0.001406717300415,10,0.9289792940191508,26.76
20.0,6,64.0,735.2365593282732,0.0,0.0,0.7,0.3,0.3,0.0,0.0,3,0,0,7,0,0.0136010646820068,0.0,1.0,0.0,0.0,0.0,0.0,0.0,1.0,0.0,0.0,0.0,0.0,0.0,1.0,1.0,633,54,75,63.3,6.992853494818836,63.3,0.0015550851821899,10,0.9296066387996494,44.010000000000005
20.0,6,64.0,528.0104738405761,0.0,0.0,1.0,0.0,0.0,0.0,0.0,0,0,0,10,0,0.0189390182495117,0.0,1.0,0.0,0.0,0.0,0.0,0.0,1.0,0.0,0.0,0.0,0.0,0.0,1.0,1.0,752,75,77,75.2,0.6324555320336759,75.2,0.0020415067672729,10,0.0,0.36
20.0,6,64.0,517.3043907252097,0.0,0.0,1.0,0.0,0.0,0.0,0.0,0,0,0,10,0,0.0193309783935546,0.0,1.0,0.0,0.0,0.0,0.0,0.0,1.0,0.0,0.0,0.0,0.0,0.0,1.0,1.0,759,66,77,75.9,3.478505426185217,75.9,0.0022156953811645,10,0.9077254739704108,10.89
20.0,6,64.0,842.2635447206715,0.0,0.0,0.5,0.5,0.5,0.0,0.0,5,0,0,5,0,0.0118727684020996,0.0,1.0,0.0,0.0,0.0,0.0,0.0,1.0,0.0,0.0,0.0,0.0,0.0,1.0,1.0,612,54,66,61.2,6.196773353931867,61.2,0.0012847900390625,10,0.9292823475934576,36.0
20.0,6,64.0,850.4783340430278,0.0,0.0,0.5,0.5,0.5,0.0,0.0,5,0,0,5,0,0.0117580890655517,0.0,1.0,0.0,0.0,0.0,0.0,0.0,1.0,0.0,0.0,0.0,0.0,0.0,1.0,1.0,604,54,68,60.4,6.785605679999719,60.4,0.0011787176132202,10,0.9295222143298046,41.44
20.0,6,64.0,831.3948740311998,0.0,0.0,0.6,0.4,0.4,0.0,0.0,4,0,0,6,0,0.0120279788970947,0.0,1.0,0.0,0.0,0.0,0.0,0.0,1.0,0.0,0.0,0.0,0.0,0.0,1.0,1.0,624,54,68,62.4,7.229568912920511,62.4,0.0012048006057739,10,0.9297030671923672,49.0
20.0,6,64.0,470.0132230664067,0.0,0.0,0.8,0.2,0.2,0.0,0.0,2,0,0,8,0,0.0212759971618652,0.0,1.0,0.0,0.0,0.0,0.0,0.0,1.0,0.0,0.0,0.0,0.0,0.0,1.0,1.0,618,54,68,61.8,5.613475849338903,61.8,0.0021296977996826,10,0.9290447355219869,49.0
20.0,6,64.0,535.4180017105582,0.0,0.0,1.0,0.0,0.0,0.0,0.0,0,0,0,10,0,0.0186769962310791,0.0,1.0,0.0,0.0,0.0,0.0,0.0,1.0,0.0,0.0,0.0,0.0,0.0,1.0,1.0,650,64,66,65.0,1.0540925533894598,65.0,0.00204598903656,10,0.9101461251425488,1.0
20.0,6,64.0,406.4248062015504,0.0,0.0,1.0,0.0,0.0,0.0,0.0,0,0,0,10,0,0.0246047973632812,0.0,1.0,0.0,0.0,0.0,0.0,0.0,1.0,0.0,0.0,0.0,0.0,0.0,1.0,1.0,650,64,66,65.0,1.0540925533894598,65.0,0.0031543970108032,10,0.9101461251425488,1.0
20.0,6,64.0,379.2764068109272,0.0,0.0,0.7,0.3,0.3,0.0,0.0,3,0,0,7,0,0.0263659954071044,0.0,1.0,0.0,0.0,0.0,0.0,0.0,1.0,0.0,0.0,0.0,0.0,0.0,1.0,1.0,614,54,66,61.4,5.168279318217149,61.4,0.0027722120285034,10,0.9288633802630688,25.0
20.0,6,64.0,627.7112797258264,0.0,0.0,0.8,0.2,0.2,0.0,0.0,2,0,0,8,0,0.0159308910369873,0.0,1.0,0.0,0.0,0.0,0.0,0.0,1.0,0.0,0.0,0.0,0.0,0.0,1.0,1.0,646,54,66,64.6,3.777124126457412,64.6,0.0015955924987792,10,0.9282966792841536,27.0
20.0,6,64.0,1074.333136958582,0.0,0.0,0.5,0.5,0.5,0.0,0.0,5,0,0,5,0,0.0093080997467041,0.0,1.0,0.0,0.0,0.0,0.0,0.0,1.0,0.0,0.0,0.0,0.0,0.0,1.0,1.0,590,54,64,59.0,5.270462766947299,59.0,0.000935411453247,10,0.9289050057127436,25.0
20.0,6,64.0,865.2866544261753,0.0,0.0,0.5,0.5,0.5,0.0,0.0,5,0,0,5,0,0.01155686378479,0.0,1.0,0.0,0.0,0.0,0.0,0.0,1.0,0.0,0.0,0.0,0.0,0.0,1.0,1.0,592,54,66,59.2,5.513619500836088,59.2,0.0011572837829589,10,0.9290040580398606,27.360000000000003
20.0,6,64.0,957.5817903700828,0.0,0.0,0.5,0.5,0.5,0.0,0.0,5,0,0,5,0,0.0104429721832275,0.0,1.0,0.0,0.0,0.0,0.0,0.0,1.0,0.0,0.0,0.0,0.0,0.0,1.0,1.0,600,54,66,60.0,6.324555320336759,60.0,0.0010462045669555,10,0.9293344008552924,36.0
20.0,6,64.0,462.94235162967294,0.0,0.0,0.5,0.5,0.5,0.0,0.0,5,0,0,5,0,0.0216009616851806,0.0,1.0,0.0,0.0,0.0,0.0,0.0,1.0,0.0,0.0,0.0,0.0,0.0,1.0,1.0,598,54,66,59.8,6.142746399887703,59.8,0.0021625041961669,10,0.9292603391734584,36.0
20.0,6,64.0,723.7423429330664,0.0,0.0,0.5,0.5,0.5,0.0,0.0,5,0,0,5,0,0.0138170719146728,0.0,1.0,0.0,0.0,0.0,0.0,0.0,1.0,0.0,0.0,0.0,0.0,0.0,1.0,1.0,590,54,64,59.0,5.270462766947299,59.0,0.0013854026794433,10,0.9289050057127436,25.0
20.0,6,64.0,1093.7192625622572,0.0,0.0,0.5,0.5,0.5,0.0,0.0,5,0,0,5,0,0.0091431140899658,0.0,1.0,0.0,0.0,0.0,0.0,0.0,1.0,0.0,0.0,0.0,0.0,0.0,1.0,1.0,592,54,66,59.2,5.513619500836088,59.2,0.0009160041809082,10,0.9290040580398606,27.360000000000003
20.0,6,64.0,963.5654391325324,0.0,0.0,0.5,0.5,0.5,0.0,0.0,5,0,0,5,0,0.0103781223297119,0.0,1.0,0.0,0.0,0.0,0.0,0.0,1.0,0.0,0.0,0.0,0.0,0.0,1.0,1.0,600,54,66,60.0,6.324555320336759,60.0,0.0010395050048828,10,0.9293344008552924,36.0
20.0,6,64.0,539.842203487998,0.0,0.0,0.6,0.4,0.4,0.0,0.0,4,0,0,6,0,0.0185239315032959,0.0,1.0,0.0,0.0,0.0,0.0,0.0,1.0,0.0,0.0,0.0,0.0,0.0,1.0,1.0,1758,54,1224,175.8,368.3482048279861,175.8,0.0018540859222412,10,1.0,122112.36000000002
20.0,6,64.0,551.207601224817,0.0,0.0,1.0,0.0,0.0,0.0,0.0,0,0,0,10,0,0.0181419849395751,0.0,1.0,0.0,0.0,0.0,0.0,0.0,1.0,0.0,0.0,0.0,0.0,0.0,1.0,1.0,12241,1224,1225,1224.1,0.3162277660168379,1224.1,0.0020232915878295,10,0.0,0.09
20.0,6,64.0,321.91569704970374,0.0,0.0,1.0,0.0,0.0,0.0,0.0,0,0,0,10,0,0.0310640335083007,0.0,1.0,0.0,0.0,0.0,0.0,0.0,1.0,0.0,0.0,0.0,0.0,0.0,1.0,1.0,11089,64,1225,1108.9,367.1404363455488,1108.9,0.0032715082168579,10,1.0,121312.89
20.0,6,64.0,578.0702068718386,0.0,0.0,1.0,0.0,0.0,0.0,0.0,0,0,0,10,0,0.017298936843872,0.0,1.0,0.0,0.0,0.0,0.0,0.0,1.0,0.0,0.0,0.0,0.0,0.0,1.0,1.0,642,64,66,64.2,0.6324555320336759,64.2,0.0019227981567382,10,0.0,0.36
20.0,6,64.0,346.2017960908611,0.0,0.0,0.9,0.1,0.1,0.0,0.0,1,0,0,9,0,0.0288848876953125,0.0,1.0,0.0,0.0,0.0,0.0,0.0,1.0,0.0,0.0,0.0,0.0,0.0,1.0,1.0,658,64,66,65.8,0.6324555320336759,65.8,0.0031008958816528,10,0.0,0.36
20.0,6,64.0,976.9417464421308,0.0,0.0,0.5,0.5,0.5,0.0,0.0,5,0,0,5,0,0.0102360248565673,0.0,1.0,0.0,0.0,0.0,0.0,0.0,1.0,0.0,0.0,0.0,0.0,0.0,1.0,1.0,590,54,64,59.0,5.270462766947299,59.0,0.0010274171829223,10,0.9289050057127436,25.0
20.0,6,64.0,781.134928764317,0.0,0.0,0.5,0.5,0.5,0.0,0.0,5,0,0,5,0,0.0128018856048583,0.0,1.0,0.0,0.0,0.0,0.0,0.0,1.0,0.0,0.0,0.0,0.0,0.0,1.0,1.0,592,54,66,59.2,5.513619500836088,59.2,0.0012826919555664,10,0.9290040580398606,27.360000000000003
20.0,6,64.0,845.4553517436001,0.0,0.0,0.5,0.5,0.5,0.0,0.0,5,0,0,5,0,0.0118279457092285,0.0,1.0,0.0,0.0,0.0,0.0,0.0,1.0,0.0,0.0,0.0,0.0,0.0,1.0,1.0,600,54,66,60.0,6.324555320336759,60.0,0.0011868953704833,10,0.9293344008552924,36.0
20.0,6,64.0,563.1223232146933,0.0,0.0,0.5,0.5,0.5,0.0,0.0,5,0,0,5,0,0.0177581310272216,0.0,1.0,0.0,0.0,0.0,0.0,0.0,1.0,0.0,0.0,0.0,0.0,0.0,1.0,1.0,600,54,66,60.0,6.324555320336759,60.0,0.0017778158187866,10,0.9293344008552924,36.0
20.0,6,64.0,751.9908204245554,0.0,0.0,0.6,0.4,0.4,0.0,0.0,4,0,0,6,0,0.0132980346679687,0.0,1.0,0.0,0.0,0.0,0.0,0.0,1.0,0.0,0.0,0.0,0.0,0.0,1.0,1.0,612,54,66,61.2,6.196773353931867,61.2,0.0013324975967407,10,0.9292823475934576,36.0
20.0,6,64.0,1020.809968847352,0.0,0.0,0.6,0.4,0.4,0.0,0.0,4,0,0,6,0,0.009796142578125,0.0,1.0,0.0,0.0,0.0,0.0,0.0,1.0,0.0,0.0,0.0,0.0,0.0,1.0,1.0,604,54,68,60.4,6.785605679999718,60.4,0.0009814023971557,10,0.9295222143298046,41.44
20.0,6,64.0,1062.225598946462,0.0,0.0,0.5,0.5,0.5,0.0,0.0,5,0,0,5,0,0.0094141960144042,0.0,1.0,0.0,0.0,0.0,0.0,0.0,1.0,0.0,0.0,0.0,0.0,0.0,1.0,1.0,610,54,68,61.0,7.378647873726218,61.0,0.0010905981063842,10,0.9297637959978412,49.0
20.0,6,64.0,502.26373521099777,0.0,0.0,0.6,0.4,0.4,0.0,0.0,4,0,0,6,0,0.0199098587036132,0.0,1.0,0.0,0.0,0.0,0.0,0.0,1.0,0.0,0.0,0.0,0.0,0.0,1.0,1.0,612,54,68,61.2,6.408327915038888,61.2,0.0022288799285888,10,0.9293685264594702,47.04
20.0,6,64.0,753.9101987992954,0.0,0.0,0.5,0.5,0.5,0.0,0.0,5,0,0,5,0,0.0132641792297363,0.0,1.0,0.0,0.0,0.0,0.0,0.0,1.0,0.0,0.0,0.0,0.0,0.0,1.0,1.0,600,54,64,60.0,5.163977794943222,60.0,0.0015060186386108,10,0.928861627994548,25.0
20.0,6,64.0,788.8923580416424,0.0,0.0,0.7,0.3,0.3,0.0,0.0,3,0,0,7,0,0.0126760005950927,0.0,1.0,0.0,0.0,0.0,0.0,0.0,1.0,0.0,0.0,0.0,0.0,0.0,1.0,1.0,610,54,66,61.0,6.055300708194984,61.0,0.0012713909149169,10,0.9292247172964904,33.0
20.0,6,64.0,538.2419218232683,0.0,0.0,0.6,0.4,0.4,0.0,0.0,4,0,0,6,0,0.0185790061950683,0.0,1.0,0.0,0.0,0.0,0.0,0.0,1.0,0.0,0.0,0.0,0.0,0.0,1.0,1.0,935,54,389,93.5,103.9991987148619,93.5,0.0020695924758911,10,0.9691231435884862,9734.25
20.0,6,64.0,518.9942585626609,0.0,0.0,1.0,0.0,0.0,0.0,0.0,0,0,0,10,0,0.0192680358886718,0.0,1.0,0.0,0.0,0.0,0.0,0.0,1.0,0.0,0.0,0.0,0.0,0.0,1.0,1.0,3892,389,391,389.2,0.6324555320336759,389.2,0.0019298076629638,10,0.0,0.36
20.0,6,64.0,356.1134318220411,0.0,0.0,1.0,0.0,0.0,0.0,0.0,0,0,0,10,0,0.028080940246582,0.0,1.0,0.0,0.0,0.0,0.0,0.0,1.0,0.0,0.0,0.0,0.0,0.0,1.0,1.0,3609,90,391,360.9,95.1845575710682,360.9,0.0030101060867309,10,0.9041837313721504,8154.089999999999
20.0,6,64.0,459.0109108418968,0.0,0.0,1.0,0.0,0.0,0.0,0.0,0,0,0,10,0,0.0217859745025634,0.0,1.0,0.0,0.0,0.0,0.0,0.0,1.0,0.0,0.0,0.0,0.0,0.0,1.0,1.0,902,90,92,90.2,0.6324555320336759,90.2,0.0024865865707397,10,0.0,0.36
20.0,6,64.0,332.6463053874644,0.0,0.0,0.9,0.1,0.1,0.0,0.0,1,0,0,9,0,0.0300619602203369,0.0,1.0,0.0,0.0,0.0,0.0,0.0,1.0,0.0,0.0,0.0,0.0,0.0,1.0,1.0,1184,92,356,118.4,83.48413022844521,118.4,0.0030081987380981,10,0.8960091852898596,6272.639999999999
20.0,6,64.0,1261.5206929740134,0.0,0.0,0.6,0.4,0.4,0.0,0.0,4,0,0,6,0,0.0079269409179687,0.0,1.0,0.0,0.0,0.0,0.0,0.0,1.0,0.0,0.0,0.0,0.0,0.0,1.0,1.0,2050,54,356,205.0,159.16797556180842,205.0,0.0007964134216308,10,0.9915966965248584,22801.0
20.0,6,64.0,1105.4806146385176,0.0,0.0,0.5,0.5,0.5,0.0,0.0,5,0,0,5,0,0.0090458393096923,0.0,1.0,0.0,0.0,0.0,0.0,0.0,1.0,0.0,0.0,0.0,0.0,0.0,1.0,1.0,2052,54,358,205.2,159.37990951043847,205.2,0.0013027906417846,10,0.9916830299381724,22861.76
20.0,6,64.0,1276.649418640044,0.0,0.0,0.5,0.5,0.5,0.0,0.0,5,0,0,5,0,0.0078330039978027,0.0,1.0,0.0,0.0,0.0,0.0,0.0,1.0,0.0,0.0,0.0,0.0,0.0,1.0,1.0,2060,54,358,206.0,160.22206811519789,206.0,0.0010061979293823,10,0.9920260916674072,23104.0
20.0,6,64.0,333.9786281910404,0.0,0.0,0.6,0.4,0.4,0.0,0.0,4,0,0,6,0,0.0299420356750488,0.0,1.0,0.0,0.0,0.0,0.0,0.0,1.0,0.0,0.0,0.0,0.0,0.0,1.0,1.0,1780,54,358,178.0,154.98817159168416,178.0,0.0032226085662841,10,0.9898940115795885,23104.0
20.0,6,64.0,914.0705225994856,0.0,0.0,1.0,0.0,0.0,0.0,0.0,0,0,0,10,0,0.0109400749206542,0.0,1.0,0.0,0.0,0.0,0.0,0.0,1.0,0.0,0.0,0.0,0.0,0.0,1.0,1.0,664,66,68,66.4,0.8432740427115678,66.4,0.0010961055755615,10,0.0,0.64
20.0,6,64.0,255.9968750381465,0.0,0.0,0.9,0.1,0.1,0.0,0.0,1,0,0,9,0,0.0390629768371582,0.0,1.0,0.0,0.0,0.0,0.0,0.0,1.0,0.0,0.0,0.0,0.0,0.0,1.0,1.0,654,54,68,65.4,5.501514942874069,65.4,0.0039079904556274,10,0.9289991271271292,27.24
20.0,6,64.0,2917.979685543342,0.0,0.0,0.6,0.4,0.4,0.0,0.0,4,0,0,6,0,0.0034270286560058,0.0,1.0,0.0,0.0,0.0,0.0,0.0,1.0,0.0,0.0,0.0,0.0,0.0,1.0,1.0,554,54,56,55.4,0.966091783079296,55.4,0.0003456115722656,10,0.0,1.0
20.0,6,64.0,514.745897917357,0.0,0.0,0.9,0.1,0.1,0.0,0.0,1,0,0,9,0,0.0194270610809326,0.0,1.0,0.0,0.0,0.0,0.0,0.0,1.0,0.0,0.0,0.0,0.0,0.0,1.0,1.0,572,54,58,57.2,1.3984117975602022,57.2,0.0019443035125732,10,0.927327687029854,2.24
20.0,6,64.0,421.5846978057876,0.0,0.0,0.7,0.3,0.3,0.0,0.0,3,0,0,7,0,0.0237200260162353,0.0,1.0,0.0,0.0,0.0,0.0,0.0,1.0,0.0,0.0,0.0,0.0,0.0,1.0,1.0,582,54,64,58.2,4.366539438350084,58.2,0.0023757934570312,10,0.9285367835056064,17.16
20.0,6,64.0,746.5964150305274,0.0,0.0,0.5,0.5,0.5,0.0,0.0,5,0,0,5,0,0.0133941173553466,0.0,1.0,0.0,0.0,0.0,0.0,0.0,1.0,0.0,0.0,0.0,0.0,0.0,1.0,1.0,600,54,64,60.0,5.163977794943222,60.0,0.0013411998748779,10,0.928861627994548,25.0
20.0,6,64.0,867.5237858856623,0.0,0.0,0.5,0.5,0.5,0.0,0.0,5,0,0,5,0,0.0115270614624023,0.0,1.0,0.0,0.0,0.0,0.0,0.0,1.0,0.0,0.0,0.0,0.0,0.0,1.0,1.0,598,54,66,59.8,6.142746399887703,59.8,0.0011545896530151,10,0.9292603391734584,33.959999999999994
20.0,6,64.0,962.2832495927684,0.0,0.0,0.5,0.5,0.5,0.0,0.0,5,0,0,5,0,0.0103919506072998,0.0,1.0,0.0,0.0,0.0,0.0,0.0,1.0,0.0,0.0,0.0,0.0,0.0,1.0,1.0,600,54,66,60.0,6.324555320336759,60.0,0.0010411024093627,10,0.9293344008552924,36.0
20.0,6,64.0,426.4237494916633,0.0,0.0,0.6,0.4,0.4,0.0,0.0,4,0,0,6,0,0.0234508514404296,0.0,1.0,0.0,0.0,0.0,0.0,0.0,1.0,0.0,0.0,0.0,0.0,0.0,1.0,1.0,592,54,66,59.2,5.513619500836088,59.2,0.0023489952087402,10,0.9290040580398606,36.0
20.0,6,64.0,2023.88728044779,0.0,0.0,0.5,0.5,0.5,0.0,0.0,5,0,0,5,0,0.0049409866333007,0.0,1.0,0.0,0.0,0.0,0.0,0.0,1.0,0.0,0.0,0.0,0.0,0.0,1.0,1.0,590,54,64,59.0,5.270462766947299,59.0,0.0005326986312866,10,0.9289050057127436,25.0
20.0,6,64.0,923.103197834364,0.0,0.0,0.6,0.4,0.4,0.0,0.0,4,0,0,6,0,0.0108330249786376,0.0,1.0,0.0,0.0,0.0,0.0,0.0,1.0,0.0,0.0,0.0,0.0,0.0,1.0,1.0,610,54,66,61.0,6.055300708194984,61.0,0.0010846138000488,10,0.9292247172964904,33.0
20.0,6,64.0,483.2982658293484,0.0,0.0,0.6,0.4,0.4,0.0,0.0,4,0,0,6,0,0.0206911563873291,0.0,1.0,0.0,0.0,0.0,0.0,0.0,1.0,0.0,0.0,0.0,0.0,0.0,1.0,1.0,911,54,365,91.1,96.42319914488075,91.1,0.0023005008697509,10,0.9660369844036586,9127.506172839505
20.0,6,64.0,370.3841330954946,0.0,0.0,0.5,0.5,0.5,0.0,0.0,5,0,0,5,0,0.0269989967346191,0.0,1.0,0.0,0.0,0.0,0.0,0.0,1.0,0.0,0.0,0.0,0.0,0.0,1.0,1.0,2095,54,365,209.5,163.911392052061,209.5,0.0030797004699707,10,0.9935289746663276,24180.25
20.0,6,64.0,1255.9676598293158,0.0,0.0,0.5,0.5,0.5,0.0,0.0,5,0,0,5,0,0.0079619884490966,0.0,1.0,0.0,0.0,0.0,0.0,0.0,1.0,0.0,0.0,0.0,0.0,0.0,1.0,1.0,2410,54,367,241.0,160.94581558883584,241.0,0.0009099960327148,10,0.9923209174382682,23943.555555555555
20.0,6,64.0,755.8666426383132,0.0,0.0,0.6,0.4,0.4,0.0,0.0,4,0,0,6,0,0.0132298469543457,0.0,1.0,0.0,0.0,0.0,0.0,0.0,1.0,0.0,0.0,0.0,0.0,0.0,1.0,1.0,2418,54,367,241.8,161.63250498172286,241.8,0.0013248920440673,10,0.9926006472293546,24492.25
20.0,6,64.0,980.9860604359624,0.0,0.0,0.5,0.5,0.5,0.0,0.0,5,0,0,5,0,0.0101938247680664,0.0,1.0,0.0,0.0,0.0,0.0,0.0,1.0,0.0,0.0,0.0,0.0,0.0,1.0,1.0,1202,54,367,120.2,130.1902880829101,120.2,0.0010215997695922,10,0.9797923457534544,24492.25
20.0,6,64.0,933.0005561116672,0.0,0.0,0.6,0.4,0.4,0.0,0.0,4,0,0,6,0,0.0107181072235107,0.0,1.0,0.0,0.0,0.0,0.0,0.0,1.0,0.0,0.0,0.0,0.0,0.0,1.0,1.0,600,54,66,60.0,6.324555320336759,60.0,0.0010737180709838,10,0.9293344008552924,36.0
20.0,6,64.0,905.8776268331136,0.0,0.0,0.5,0.5,0.5,0.0,0.0,5,0,0,5,0,0.0110390186309814,0.0,1.0,0.0,0.0,0.0,0.0,0.0,1.0,0.0,0.0,0.0,0.0,0.0,1.0,1.0,612,54,66,61.2,6.196773353931867,61.2,0.0012799978256225,10,0.9292823475934576,36.0
20.0,6,64.0,897.0238248000342,0.0,0.0,0.6,0.4,0.4,0.0,0.0,4,0,0,6,0,0.0111479759216308,0.0,1.0,0.0,0.0,0.0,0.0,0.0,1.0,0.0,0.0,0.0,0.0,0.0,1.0,1.0,600,54,66,60.0,6.324555320336759,60.0,0.0011175870895385,10,0.9293344008552924,36.0
20.0,6,64.0,410.0043988699792,0.0,0.0,0.9,0.1,0.1,0.0,0.0,1,0,0,9,0,0.0243899822235107,0.0,1.0,0.0,0.0,0.0,0.0,0.0,1.0,0.0,0.0,0.0,0.0,0.0,1.0,1.0,632,54,66,63.2,3.2930904093942592,63.2,0.002578592300415,10,0.9280995033091708,36.0
20.0,6,64.0,659.7514707270268,0.0,0.0,1.0,0.0,0.0,0.0,0.0,0,0,0,10,0,0.0151572227478027,0.0,1.0,0.0,0.0,0.0,0.0,0.0,1.0,0.0,0.0,0.0,0.0,0.0,1.0,1.0,656,64,66,65.6,0.8432740427115678,65.6,0.0015188217163085,10,0.0,1.0
20.0,6,64.0,344.0915542064892,0.0,0.0,1.0,0.0,0.0,0.0,0.0,0,0,0,10,0,0.0290620326995849,0.0,1.0,0.0,0.0,0.0,0.0,0.0,1.0,0.0,0.0,0.0,0.0,0.0,1.0,1.0,660,66,66,66.0,0.0,66.0,0.0031206846237182,10,0.0,0.0
20.0,6,64.0,512.4566569330581,0.0,0.0,1.0,0.0,0.0,0.0,0.0,0,0,0,10,0,0.0195138454437255,0.0,1.0,0.0,0.0,0.0,0.0,0.0,1.0,0.0,0.0,0.0,0.0,0.0,1.0,1.0,668,66,67,66.8,0.4216370213557839,66.8,0.0021544933319091,10,0.0,0.25
20.0,6,64.0,528.3696555894284,0.0,0.0,0.6,0.4,0.4,0.0,0.0,4,0,0,6,0,0.0189261436462402,0.0,1.0,0.0,0.0,0.0,0.0,0.0,1.0,0.0,0.0,0.0,0.0,0.0,1.0,1.0,614,54,67,61.4,6.380525927469547,61.4,0.0021385192871093,10,0.929357201041814,36.64
20.0,6,64.0,792.2002077627727,0.0,0.0,0.5,0.5,0.5,0.0,0.0,5,0,0,5,0,0.0126230716705322,0.0,1.0,0.0,0.0,0.0,0.0,0.0,1.0,0.0,0.0,0.0,0.0,0.0,1.0,1.0,612,54,66,61.2,6.196773353931867,61.2,0.001525592803955,10,0.9292823475934576,35.55555555555556
20.0,6,64.0,788.0919186035587,0.0,0.0,0.5,0.5,0.5,0.0,0.0,5,0,0,5,0,0.0126888751983642,0.0,1.0,0.0,0.0,0.0,0.0,0.0,1.0,0.0,0.0,0.0,0.0,0.0,1.0,1.0,610,54,68,61.0,7.378647873726218,61.0,0.0012724876403808,10,0.9297637959978412,49.0
20.0,6,64.0,952.9260479382028,0.0,0.0,0.5,0.5,0.5,0.0,0.0,5,0,0,5,0,0.0104939937591552,0.0,1.0,0.0,0.0,0.0,0.0,0.0,1.0,0.0,0.0,0.0,0.0,0.0,1.0,1.0,610,54,68,61.0,7.378647873726218,61.0,0.0010532140731811,10,0.9297637959978412,49.0
20.0,6,64.0,643.1304721161661,0.0,0.0,0.6,0.4,0.4,0.0,0.0,4,0,0,6,0,0.0155489444732666,0.0,1.0,0.0,0.0,0.0,0.0,0.0,1.0,0.0,0.0,0.0,0.0,0.0,1.0,1.0,600,54,66,60.0,6.324555320336759,60.0,0.0015570878982543,10,0.9293344008552924,36.0
20.0,6,64.0,1134.9453404048056,0.0,0.0,0.5,0.5,0.5,0.0,0.0,5,0,0,5,0,0.0088109970092773,0.0,1.0,0.0,0.0,0.0,0.0,0.0,1.0,0.0,0.0,0.0,0.0,0.0,1.0,1.0,600,54,66,60.0,6.324555320336759,60.0,0.0011460065841674,10,0.9293344008552924,36.0
20.0,6,64.0,1206.8550382689762,0.0,0.0,0.5,0.5,0.5,0.0,0.0,5,0,0,5,0,0.0082859992980957,0.0,1.0,0.0,0.0,0.0,0.0,0.0,1.0,0.0,0.0,0.0,0.0,0.0,1.0,1.0,610,54,68,61.0,7.378647873726218,61.0,0.001050591468811,10,0.9297637959978412,49.0
20.0,6,64.0,1148.0863876495223,0.0,0.0,0.5,0.5,0.5,0.0,0.0,5,0,0,5,0,0.0087101459503173,0.0,1.0,0.0,0.0,0.0,0.0,0.0,1.0,0.0,0.0,0.0,0.0,0.0,1.0,1.0,610,54,68,61.0,7.378647873726218,61.0,0.0010865211486816,10,0.9297637959978412,49.0
20.0,6,64.0,876.8824218096672,0.0,0.0,0.5,0.5,0.5,0.0,0.0,5,0,0,5,0,0.0114040374755859,0.0,1.0,0.0,0.0,0.0,0.0,0.0,1.0,0.0,0.0,0.0,0.0,0.0,1.0,1.0,600,54,66,60.0,6.324555320336759,60.0,0.0022403955459594,10,0.9293344008552924,36.0
20.0,6,64.0,925.6701463220852,0.0,0.0,0.5,0.5,0.5,0.0,0.0,5,0,0,5,0,0.0108029842376708,0.0,1.0,0.0,0.0,0.0,0.0,0.0,1.0,0.0,0.0,0.0,0.0,0.0,1.0,1.0,614,54,68,61.4,6.397916327472042,61.4,0.0012765884399414,10,0.929364285195159,36.84
20.0,6,64.0,670.3271483594636,0.0,0.0,0.6,0.4,0.4,0.0,0.0,4,0,0,6,0,0.0149180889129638,0.0,1.0,0.0,0.0,0.0,0.0,0.0,1.0,0.0,0.0,0.0,0.0,0.0,1.0,1.0,624,54,68,62.4,7.229568912920511,62.4,0.0014939069747924,10,0.9297030671923672,49.0
20.0,6,64.0,523.0392438054146,0.0,0.0,0.8,0.2,0.2,0.0,0.0,2,0,0,8,0,0.0191190242767334,0.0,1.0,0.0,0.0,0.0,0.0,0.0,1.0,0.0,0.0,0.0,0.0,0.0,1.0,1.0,646,54,70,64.6,7.366591251499345,64.6,0.0019139051437377,10,0.9297588846122108,51.9375
20.0,6,64.0,506.2771890012795,0.0,0.0,1.0,0.0,0.0,0.0,0.0,0,0,0,10,0,0.019752025604248,0.0,1.0,0.0,0.0,0.0,0.0,0.0,1.0,0.0,0.0,0.0,0.0,0.0,1.0,1.0,708,70,72,70.8,1.0327955589886444,70.8,0.0021708965301513,10,0.8999126695989097,0.96
20.0,6,64.0,429.6606193466436,0.0,0.0,0.8,0.2,0.2,0.0,0.0,2,0,0,8,0,0.0232741832733154,0.0,1.0,0.0,0.0,0.0,0.0,0.0,1.0,0.0,0.0,0.0,0.0,0.0,1.0,1.0,668,54,72,66.8,7.495183638696105,66.8,0.00259530544281,10,0.9298112680070592,50.56
20.0,6,64.0,481.0478145680173,0.0,0.0,0.5,0.5,0.5,0.0,0.0,5,0,0,5,0,0.0207879543304443,0.0,1.0,0.0,0.0,0.0,0.0,0.0,1.0,0.0,0.0,0.0,0.0,0.0,1.0,1.0,590,54,64,59.0,5.270462766947299,59.0,0.0022733926773071,10,0.9289050057127436,25.0
20.0,6,64.0,908.2708590484852,0.0,0.0,0.5,0.5,0.5,0.0,0.0,5,0,0,5,0,0.011009931564331,0.0,1.0,0.0,0.0,0.0,0.0,0.0,1.0,0.0,0.0,0.0,0.0,0.0,1.0,1.0,606,54,66,60.6,5.738757124441958,60.6,0.0011106967926025,10,0.9290957701022128,29.64
20.0,6,64.0,920.3080636313769,0.0,0.0,0.5,0.5,0.5,0.0,0.0,5,0,0,5,0,0.0108659267425537,0.0,1.0,0.0,0.0,0.0,0.0,0.0,1.0,0.0,0.0,0.0,0.0,0.0,1.0,1.0,600,54,66,60.0,6.324555320336759,60.0,0.0010884046554565,10,0.9293344008552924,36.0
20.0,6,64.0,642.9234495232839,0.0,0.0,0.7,0.3,0.3,0.0,0.0,3,0,0,7,0,0.0155539512634277,0.0,1.0,0.0,0.0,0.0,0.0,0.0,1.0,0.0,0.0,0.0,0.0,0.0,1.0,1.0,604,54,66,60.4,5.561774297230456,60.4,0.0015569925308227,10,0.9290236743777198,36.0
20.0,6,64.0,727.0039692857019,0.0,0.0,0.8,0.2,0.2,0.0,0.0,2,0,0,8,0,0.0137550830841064,0.0,1.0,0.0,0.0,0.0,0.0,0.0,1.0,0.0,0.0,0.0,0.0,0.0,1.0,1.0,624,54,66,62.4,4.501851470969102,62.4,0.0013770103454589,10,0.928591904215214,18.75
20.0,6,64.0,666.7997837906585,0.0,0.0,0.8,0.2,0.2,0.0,0.0,2,0,0,8,0,0.0149970054626464,0.0,1.0,0.0,0.0,0.0,0.0,0.0,1.0,0.0,0.0,0.0,0.0,0.0,1.0,1.0,636,54,66,63.6,5.059644256269407,63.6,0.0017024040222167,10,0.928819126684234,36.0
20.0,6,64.0,2457.552000937482,0.0,0.0,0.5,0.5,0.5,0.0,0.0,5,0,0,5,0,0.0040690898895263,0.0,1.0,0.0,0.0,0.0,0.0,0.0,1.0,0.0,0.0,0.0,0.0,0.0,1.0,1.0,600,54,66,60.0,6.324555320336759,60.0,0.0022284030914306,10,0.9293344008552924,36.0
20.0,6,64.0,1368.0052185257664,0.0,0.0,0.5,0.5,0.5,0.0,0.0,5,0,0,5,0,0.0073099136352539,0.0,1.0,0.0,0.0,0.0,0.0,0.0,1.0,0.0,0.0,0.0,0.0,0.0,1.0,1.0,600,54,66,60.0,6.324555320336759,60.0,0.0007819890975952,10,0.9293344008552924,36.0
20.0,6,64.0,871.6885923893842,0.0,0.0,0.6,0.4,0.4,0.0,0.0,4,0,0,6,0,0.0114719867706298,0.0,1.0,0.0,0.0,0.0,0.0,0.0,1.0,0.0,0.0,0.0,0.0,0.0,1.0,1.0,624,54,68,62.4,7.229568912920511,62.4,0.0013602018356323,10,0.9297030671923672,49.0
20.0,6,64.0,387.296416336556,0.0,0.0,0.5,0.5,0.5,0.0,0.0,5,0,0,5,0,0.0258200168609619,0.0,1.0,0.0,0.0,0.0,0.0,0.0,1.0,0.0,0.0,0.0,0.0,0.0,1.0,1.0,606,54,68,60.6,7.058485830702094,60.6,0.0028424024581909,10,0.9296333747879948,49.0
20.0,6,64.0,4137.2104951667,0.0,0.0,0.5,0.5,0.5,0.0,0.0,5,0,0,5,0,0.0024170875549316,0.0,1.0,0.0,0.0,0.0,0.0,0.0,1.0,0.0,0.0,0.0,0.0,0.0,1.0,1.0,600,54,64,60.0,5.163977794943222,60.0,0.000243592262268,10,0.928861627994548,25.0
20.0,6,64.0,761.5484058392041,0.0,0.0,0.5,0.5,0.5,0.0,0.0,5,0,0,5,0,0.0131311416625976,0.0,1.0,0.0,0.0,0.0,0.0,0.0,1.0,0.0,0.0,0.0,0.0,0.0,1.0,1.0,594,54,66,59.4,5.738757124441959,59.4,0.0013147115707397,10,0.9290957701022128,29.64
20.0,6,64.0,798.9150476190476,0.0,0.0,0.5,0.5,0.5,0.0,0.0,5,0,0,5,0,0.012516975402832,0.0,1.0,0.0,0.0,0.0,0.0,0.0,1.0,0.0,0.0,0.0,0.0,0.0,1.0,1.0,600,54,66,60.0,6.324555320336759,60.0,0.0012548923492431,10,0.9293344008552924,36.0
20.0,6,64.0,539.5783000784737,0.0,0.0,0.7,0.3,0.3,0.0,0.0,3,0,0,7,0,0.0185329914093017,0.0,1.0,0.0,0.0,0.0,0.0,0.0,1.0,0.0,0.0,0.0,0.0,0.0,1.0,1.0,606,54,66,60.6,5.738757124441959,60.6,0.0018567085266113,10,0.9290957701022128,36.0
20.0,6,64.0,492.0812802102398,0.0,0.0,1.0,0.0,0.0,0.0,0.0,0,0,0,10,0,0.0203218460083007,0.0,1.0,0.0,0.0,0.0,0.0,0.0,1.0,0.0,0.0,0.0,0.0,0.0,1.0,1.0,646,64,66,64.6,0.966091783079296,64.6,0.0022144794464111,10,0.0,0.8400000000000001
20.0,6,64.0,292.30228862933126,0.0,0.0,0.8,0.2,0.2,0.0,0.0,2,0,0,8,0,0.0342111587524414,0.0,1.0,0.0,0.0,0.0,0.0,0.0,1.0,0.0,0.0,0.0,0.0,0.0,1.0,1.0,648,54,66,64.8,3.794733192202055,64.8,0.0037237167358398,10,0.9283038525131756,14.22222222222222
20.0,6,64.0,2069.5238565155178,0.0,0.0,0.6,0.4,0.4,0.0,0.0,4,0,0,6,0,0.0048320293426513,0.0,1.0,0.0,0.0,0.0,0.0,0.0,1.0,0.0,0.0,0.0,0.0,0.0,1.0,1.0,600,54,66,60.0,6.324555320336759,60.0,0.0004848957061767,10,0.9293344008552924,36.0
20.0,6,64.0,1184.396690480897,0.0,0.0,0.5,0.5,0.5,0.0,0.0,5,0,0,5,0,0.0084431171417236,0.0,1.0,0.0,0.0,0.0,0.0,0.0,1.0,0.0,0.0,0.0,0.0,0.0,1.0,1.0,604,54,68,60.4,6.785605679999719,60.4,0.0009010076522827,10,0.9295222143298046,41.44
20.0,6,64.0,923.9572640158608,0.0,0.0,0.5,0.5,0.5,0.0,0.0,5,0,0,5,0,0.0108230113983154,0.0,1.0,0.0,0.0,0.0,0.0,0.0,1.0,0.0,0.0,0.0,0.0,0.0,1.0,1.0,624,54,68,62.4,7.229568912920511,62.4,0.0013834953308105,10,0.9297030671923672,49.0
20.0,6,64.0,597.6920555753474,0.0,0.0,0.6,0.4,0.4,0.0,0.0,4,0,0,6,0,0.0167310237884521,0.0,1.0,0.0,0.0,0.0,0.0,0.0,1.0,0.0,0.0,0.0,0.0,0.0,1.0,1.0,604,54,68,60.4,6.785605679999719,60.4,0.0016746997833251,10,0.9295222143298046,49.0
20.0,6,64.0,893.108191555054,0.0,0.0,0.6,0.4,0.4,0.0,0.0,4,0,0,6,0,0.0111968517303466,0.0,1.0,0.0,0.0,0.0,0.0,0.0,1.0,0.0,0.0,0.0,0.0,0.0,1.0,1.0,612,54,66,61.2,6.196773353931867,61.2,0.0013080835342407,10,0.9292823475934576,34.56
20.0,6,64.0,978.7655473362424,0.0,0.0,0.6,0.4,0.4,0.0,0.0,4,0,0,6,0,0.0102169513702392,0.0,1.0,0.0,0.0,0.0,0.0,0.0,1.0,0.0,0.0,0.0,0.0,0.0,1.0,1.0,622,54,68,62.2,7.083627444874398,62.2,0.0012346029281616,10,0.929643616475944,45.16
20.0,6,64.0,514.9291624720702,0.0,0.0,0.6,0.4,0.4,0.0,0.0,4,0,0,6,0,0.0194201469421386,0.0,1.0,0.0,0.0,0.0,0.0,0.0,1.0,0.0,0.0,0.0,0.0,0.0,1.0,1.0,620,54,68,62.0,6.99205898780101,62.0,0.0022579193115234,10,0.9296063151492706,45.9375
20.0,6,64.0,631.5866825279707,0.0,0.0,0.8,0.2,0.2,0.0,0.0,2,0,0,8,0,0.0158331394195556,0.0,1.0,0.0,0.0,0.0,0.0,0.0,1.0,0.0,0.0,0.0,0.0,0.0,1.0,1.0,620,54,64,62.0,4.216370213557839,62.0,0.0017359972000122,10,0.9284756105701948,16.0
20.0,6,64.0,714.9950564249428,0.0,0.0,0.7,0.3,0.3,0.0,0.0,3,0,0,7,0,0.0139861106872558,0.0,1.0,0.0,0.0,0.0,0.0,0.0,1.0,0.0,0.0,0.0,0.0,0.0,1.0,1.0,622,54,66,62.2,5.692099788303083,62.2,0.0016916036605834,10,0.9290767637697632,31.360000000000003
20.0,6,64.0,452.99751593044607,0.0,0.0,0.8,0.2,0.2,0.0,0.0,2,0,0,8,0,0.0220751762390136,0.0,1.0,0.0,0.0,0.0,0.0,0.0,1.0,0.0,0.0,0.0,0.0,0.0,1.0,1.0,636,54,66,63.6,5.059644256269407,63.6,0.002431297302246,10,0.928819126684234,36.0
20.0,6,64.0,412.2368666764952,0.0,0.0,1.0,0.0,0.0,0.0,0.0,0,0,0,10,0,0.0242578983306884,0.0,1.0,0.0,0.0,0.0,0.0,0.0,1.0,0.0,0.0,0.0,0.0,0.0,1.0,1.0,668,66,68,66.8,1.0327955589886444,66.8,0.002606987953186,10,0.9067291895989096,0.96
20.0,6,64.0,402.2850127563254,0.0,0.0,0.9,0.1,0.1,0.0,0.0,1,0,0,9,0,0.0248579978942871,0.0,1.0,0.0,0.0,0.0,0.0,0.0,1.0,0.0,0.0,0.0,0.0,0.0,1.0,1.0,672,66,68,67.2,1.0327955589886444,67.2,0.0025515079498291,10,0.9067291895989096,0.96
20.0,6,64.0,903.7500538677008,0.0,0.0,0.5,0.5,0.5,0.0,0.0,5,0,0,5,0,0.0110650062561035,0.0,1.0,0.0,0.0,0.0,0.0,0.0,1.0,0.0,0.0,0.0,0.0,0.0,1.0,1.0,600,54,66,60.0,6.324555320336759,60.0,0.0011113882064819,10,0.9293344008552924,36.0
20.0,6,64.0,636.1753374791446,0.0,0.0,0.7,0.3,0.3,0.0,0.0,3,0,0,7,0,0.015718936920166,0.0,1.0,0.0,0.0,0.0,0.0,0.0,1.0,0.0,0.0,0.0,0.0,0.0,1.0,1.0,622,54,68,62.2,7.083627444874397,62.2,0.0015738010406494,10,0.929643616475944,45.16
20.0,6,64.0,581.0251011248407,0.0,0.0,0.7,0.3,0.3,0.0,0.0,3,0,0,7,0,0.0172109603881835,0.0,1.0,0.0,0.0,0.0,0.0,0.0,1.0,0.0,0.0,0.0,0.0,0.0,1.0,1.0,634,54,68,63.4,6.535373831014651,63.4,0.0020502090454101,10,0.9294202798838022,47.04
20.0,6,64.0,491.6429107276819,0.0,0.0,1.0,0.0,0.0,0.0,0.0,0,0,0,10,0,0.0203399658203125,0.0,1.0,0.0,0.0,0.0,0.0,0.0,1.0,0.0,0.0,0.0,0.0,0.0,1.0,1.0,664,66,68,66.4,0.8432740427115678,66.4,0.0022928953170776,10,0.0,0.64
20.0,6,64.0,367.8375107431638,0.0,0.0,0.9,0.1,0.1,0.0,0.0,1,0,0,9,0,0.0271859169006347,0.0,1.0,0.0,0.0,0.0,0.0,0.0,1.0,0.0,0.0,0.0,0.0,0.0,1.0,1.0,678,67,68,67.8,0.4216370213557839,67.8,0.0030067920684814,10,0.0,0.16
20.0,6,64.0,857.1174006334934,0.0,0.0,0.6,0.4,0.4,0.0,0.0,4,0,0,6,0,0.0116670131683349,0.0,1.0,0.0,0.0,0.0,0.0,0.0,1.0,0.0,0.0,0.0,0.0,0.0,1.0,1.0,605,54,67,60.5,6.851601597031489,60.5,0.0011711120605468,10,0.9295490984265669,42.25
20.0,6,64.0,1243.3093226619235,0.0,0.0,0.5,0.5,0.5,0.0,0.0,5,0,0,5,0,0.0080430507659912,0.0,1.0,0.0,0.0,0.0,0.0,0.0,1.0,0.0,0.0,0.0,0.0,0.0,1.0,1.0,609,54,69,60.9,7.309810759064377,60.9,0.0010138034820556,10,0.9297357545108124,48.09
20.0,6,64.0,1203.8068997187302,0.0,0.0,0.5,0.5,0.5,0.0,0.0,5,0,0,5,0,0.0083069801330566,0.0,1.0,0.0,0.0,0.0,0.0,0.0,1.0,0.0,0.0,0.0,0.0,0.0,1.0,1.0,615,54,69,61.5,7.905694150420948,61.5,0.0010881900787353,10,0.9299784935691154,56.25
20.0,6,64.0,251.73627824625635,0.0,0.0,0.7,0.3,0.3,0.0,0.0,3,0,0,7,0,0.0397241115570068,0.0,1.0,0.0,0.0,0.0,0.0,0.0,1.0,0.0,0.0,0.0,0.0,0.0,1.0,1.0,681,54,78,68.1,10.49285471165974,68.1,0.0042792081832885,10,0.9310323992953418,99.09
20.0,6,64.0,611.8069899060622,0.0,0.0,1.0,0.0,0.0,0.0,0.0,0,0,0,10,0,0.0163450241088867,0.0,1.0,0.0,0.0,0.0,0.0,0.0,1.0,0.0,0.0,0.0,0.0,0.0,1.0,1.0,788,78,80,78.8,1.0327955589886444,78.8,0.0016386985778808,10,0.8862796295989097,0.96
20.0,6,64.0,629.0858368454997,0.0,0.0,0.8,0.2,0.2,0.0,0.0,2,0,0,8,0,0.0158960819244384,0.0,1.0,0.0,0.0,0.0,0.0,0.0,1.0,0.0,0.0,0.0,0.0,0.0,1.0,1.0,720,54,80,72.0,11.075498483890769,72.0,0.0018687009811401,10,0.9312697450623978,110.4
20.0,6,64.0,1240.2211774446316,0.0,0.0,0.5,0.5,0.5,0.0,0.0,5,0,0,5,0,0.0080630779266357,0.0,1.0,0.0,0.0,0.0,0.0,0.0,1.0,0.0,0.0,0.0,0.0,0.0,1.0,1.0,600,54,66,60.0,6.324555320336759,60.0,0.0010076999664306,10,0.9293344008552924,36.0
20.0,6,64.0,1119.9444607620624,0.0,0.0,0.5,0.5,0.5,0.0,0.0,5,0,0,5,0,0.0089290142059326,0.0,1.0,0.0,0.0,0.0,0.0,0.0,1.0,0.0,0.0,0.0,0.0,0.0,1.0,1.0,604,54,68,60.4,6.785605679999719,60.4,0.0012053966522216,10,0.9295222143298046,41.44
20.0,6,64.0,926.7746425967254,0.0,0.0,0.5,0.5,0.5,0.0,0.0,5,0,0,5,0,0.0107901096343994,0.0,1.0,0.0,0.0,0.0,0.0,0.0,1.0,0.0,0.0,0.0,0.0,0.0,1.0,1.0,624,54,68,62.4,7.229568912920511,62.4,0.0012253046035766,10,0.9297030671923672,49.0
20.0,6,64.0,628.727496215017,0.0,0.0,0.8,0.2,0.2,0.0,0.0,2,0,0,8,0,0.0159051418304443,0.0,1.0,0.0,0.0,0.0,0.0,0.0,1.0,0.0,0.0,0.0,0.0,0.0,1.0,1.0,7328,54,1406,732.8,709.6335204408916,732.8,0.001592206954956,10,1.0,453221.76
20.0,6,64.0,491.1132968010866,0.0,0.0,1.0,0.0,0.0,0.0,0.0,0,0,0,10,0,0.0203619003295898,0.0,1.0,0.0,0.0,0.0,0.0,0.0,1.0,0.0,0.0,0.0,0.0,0.0,1.0,1.0,14060,1406,1406,1406.0,0.0,1406.0,0.0022991895675659,10,0.0,0.0
20.0,6,64.0,363.8898866071506,0.0,0.0,1.0,0.0,0.0,0.0,0.0,0,0,0,10,0,0.0274808406829834,0.0,1.0,0.0,0.0,0.0,0.0,0.0,1.0,0.0,0.0,0.0,0.0,0.0,1.0,1.0,7520,98,1406,752.0,689.3765299167067,752.0,0.002943992614746,10,1.0,427716.0
20.0,6,64.0,514.695365132346,0.0,0.0,1.0,0.0,0.0,0.0,0.0,0,0,0,10,0,0.0194289684295654,0.0,1.0,0.0,0.0,0.0,0.0,0.0,1.0,0.0,0.0,0.0,0.0,0.0,1.0,1.0,990,98,100,99.0,1.0540925533894598,99.0,0.0021815061569213,10,0.8522057051425488,1.0
20.0,6,64.0,394.086685270269,0.0,0.0,0.7,0.3,0.3,0.0,0.0,3,0,0,7,0,0.0253751277923584,0.0,1.0,0.0,0.0,0.0,0.0,0.0,1.0,0.0,0.0,0.0,0.0,0.0,1.0,1.0,800,54,100,80.0,21.395742047841612,80.0,0.0027419090270996,10,0.9354737994806088,426.17283950617286
20.0,6,64.0,478.4959386693438,0.0,0.0,0.9,0.1,0.1,0.0,0.0,1,0,0,9,0,0.0208988189697265,0.0,1.0,0.0,0.0,0.0,0.0,0.0,1.0,0.0,0.0,0.0,0.0,0.0,1.0,1.0,622,54,66,62.2,4.366539438350084,62.2,0.0020918846130371,10,0.9285367835056064,25.0
20.0,6,64.0,802.3076628792226,0.0,0.0,0.5,0.5,0.5,0.0,0.0,5,0,0,5,0,0.0124640464782714,0.0,1.0,0.0,0.0,0.0,0.0,0.0,1.0,0.0,0.0,0.0,0.0,0.0,1.0,1.0,612,54,66,61.2,6.196773353931867,61.2,0.0014913082122802,10,0.9292823475934576,36.0
20.0,6,64.0,466.30838160249925,0.0,0.0,1.0,0.0,0.0,0.0,0.0,0,0,0,10,0,0.0214450359344482,0.0,1.0,0.0,0.0,0.0,0.0,0.0,1.0,0.0,0.0,0.0,0.0,0.0,1.0,1.0,648,54,66,64.8,3.794733192202056,64.8,0.0021466970443725,10,0.9283038525131756,36.0
20.0,6,64.0,539.3215893017873,0.0,0.0,1.0,0.0,0.0,0.0,0.0,0,0,0,10,0,0.0185418128967285,0.0,1.0,0.0,0.0,0.0,0.0,0.0,1.0,0.0,0.0,0.0,0.0,0.0,1.0,1.0,672,66,68,67.2,1.0327955589886444,67.2,0.0021061897277832,10,0.9067291895989096,1.0
20.0,6,64.0,364.5635810517167,0.0,0.0,1.0,0.0,0.0,0.0,0.0,0,0,0,10,0,0.0274300575256347,0.0,1.0,0.0,0.0,0.0,0.0,0.0,1.0,0.0,0.0,0.0,0.0,0.0,1.0,1.0,656,64,68,65.6,2.065591117977289,65.6,0.0030059099197387,10,0.9105581691978192,4.0
20.0,6,64.0,495.46436080988497,0.0,0.0,1.0,0.0,0.0,0.0,0.0,0,0,0,10,0,0.0201830863952636,0.0,1.0,0.0,0.0,0.0,0.0,0.0,1.0,0.0,0.0,0.0,0.0,0.0,1.0,1.0,652,64,66,65.2,1.0327955589886444,65.2,0.0021799087524414,10,0.9101374495989096,1.0
20.0,6,64.0,490.7455421912295,0.0,0.0,0.7,0.3,0.3,0.0,0.0,3,0,0,7,0,0.0203771591186523,0.0,1.0,0.0,0.0,0.0,0.0,0.0,1.0,0.0,0.0,0.0,0.0,0.0,1.0,1.0,666,54,80,66.6,10.627009613872255,66.6,0.0024219989776611,10,0.931087048636307,101.64
20.0,6,64.0,1285.8468990465678,0.0,0.0,0.5,0.5,0.5,0.0,0.0,5,0,0,5,0,0.0077769756317138,0.0,1.0,0.0,0.0,0.0,0.0,0.0,1.0,0.0,0.0,0.0,0.0,0.0,1.0,1.0,670,54,80,67.0,13.703203194062976,67.0,0.001149296760559,10,0.9323401668531336,169.0
20.0,6,64.0,1079.6983036013078,0.0,0.0,0.5,0.5,0.5,0.0,0.0,5,0,0,5,0,0.0092618465423583,0.0,1.0,0.0,0.0,0.0,0.0,0.0,1.0,0.0,0.0,0.0,0.0,0.0,1.0,1.0,676,54,82,67.6,14.354248306492556,67.6,0.0011226892471313,10,0.9326053765901328,185.44
20.0,6,64.0,1016.1604806667312,0.0,0.0,0.5,0.5,0.5,0.0,0.0,5,0,0,5,0,0.009840965270996,0.0,1.0,0.0,0.0,0.0,0.0,0.0,1.0,0.0,0.0,0.0,0.0,0.0,1.0,1.0,680,54,82,68.0,14.757295747452437,68.0,0.0010967016220092,10,0.9327695619956824,196.0
20.0,6,64.0,418.1133429696456,0.0,0.0,0.8,0.2,0.2,0.0,0.0,2,0,0,8,0,0.0239169597625732,0.0,1.0,0.0,0.0,0.0,0.0,0.0,1.0,0.0,0.0,0.0,0.0,0.0,1.0,1.0,8708,54,1406,870.8,691.0032641826746,870.8,0.0026329040527343,10,1.0,447659.0
20.0,6,64.0,520.430310324718,0.0,0.0,1.0,0.0,0.0,0.0,0.0,0,0,0,10,0,0.0192148685455322,0.0,1.0,0.0,0.0,0.0,0.0,0.0,1.0,0.0,0.0,0.0,0.0,0.0,1.0,1.0,14060,1406,1406,1406.0,0.0,1406.0,0.0020540952682495,10,0.0,0.0
20.0,6,64.0,530.7297321236508,0.0,0.0,0.7,0.3,0.3,0.0,0.0,3,0,0,7,0,0.0188419818878173,0.0,1.0,0.0,0.0,0.0,0.0,0.0,1.0,0.0,0.0,0.0,0.0,0.0,1.0,1.0,5984,54,1406,598.4,695.0886753980866,598.4,0.0022205114364624,10,1.0,452947.0
20.0,6,64.0,761.1476272570548,0.0,0.0,0.7,0.3,0.3,0.0,0.0,3,0,0,7,0,0.0131380558013916,0.0,1.0,0.0,0.0,0.0,0.0,0.0,1.0,0.0,0.0,0.0,0.0,0.0,1.0,1.0,624,54,66,62.4,5.796550698475775,62.4,0.0016232013702392,10,0.9291193128925312,36.0
20.0,6,64.0,790.5726241188223,0.0,0.0,0.6,0.4,0.4,0.0,0.0,4,0,0,6,0,0.0126490592956542,0.0,1.0,0.0,0.0,0.0,0.0,0.0,1.0,0.0,0.0,0.0,0.0,0.0,1.0,1.0,638,54,68,63.8,6.762642481555071,63.8,0.0014648914337158,10,0.9295128600412864,43.55555555555557
20.0,6,64.0,451.5296422688958,0.0,0.0,0.7,0.3,0.3,0.0,0.0,3,0,0,7,0,0.0221469402313232,0.0,1.0,0.0,0.0,0.0,0.0,0.0,1.0,0.0,0.0,0.0,0.0,0.0,1.0,1.0,618,54,68,61.8,6.762642481555071,61.8,0.0022171020507812,10,0.9295128600412864,49.0
20.0,6,64.0,1073.5357051446122,0.0,0.0,0.5,0.5,0.5,0.0,0.0,5,0,0,5,0,0.009315013885498,0.0,1.0,0.0,0.0,0.0,0.0,0.0,1.0,0.0,0.0,0.0,0.0,0.0,1.0,1.0,600,54,66,60.0,6.324555320336759,60.0,0.0012110948562622,10,0.9293344008552924,36.0
20.0,6,64.0,1136.1135489463134,0.0,0.0,0.5,0.5,0.5,0.0,0.0,5,0,0,5,0,0.0088019371032714,0.0,1.0,0.0,0.0,0.0,0.0,0.0,1.0,0.0,0.0,0.0,0.0,0.0,1.0,1.0,606,54,68,60.6,6.995236474439826,60.6,0.0010638952255249,10,0.9296076095302278,44.04
20.0,6,64.0,917.0082424189422,0.0,0.0,0.5,0.5,0.5,0.0,0.0,5,0,0,5,0,0.0109050273895263,0.0,1.0,0.0,0.0,0.0,0.0,0.0,1.0,0.0,0.0,0.0,0.0,0.0,1.0,1.0,624,54,68,62.4,7.229568912920511,62.4,0.0012314081192016,10,0.9297030671923672,49.0
20.0,6,64.0,385.69731300461626,0.0,0.0,0.9,0.1,0.1,0.0,0.0,1,0,0,9,0,0.0259270668029785,0.0,1.0,0.0,0.0,0.0,0.0,0.0,1.0,0.0,0.0,0.0,0.0,0.0,1.0,1.0,624,54,68,62.4,4.599516882842757,62.4,0.0025947093963623,10,0.9286316891973948,49.0
20.0,6,64.0,496.5259905531945,0.0,0.0,1.0,0.0,0.0,0.0,0.0,0,0,0,10,0,0.0201399326324462,0.0,1.0,0.0,0.0,0.0,0.0,0.0,1.0,0.0,0.0,0.0,0.0,0.0,1.0,1.0,654,64,66,65.4,0.9660917830792958,65.4,0.0022135972976684,10,0.0,1.0
20.0,6,64.0,355.92305015995856,0.0,0.0,0.8,0.2,0.2,0.0,0.0,2,0,0,8,0,0.0280959606170654,0.0,1.0,0.0,0.0,0.0,0.0,0.0,1.0,0.0,0.0,0.0,0.0,0.0,1.0,1.0,626,54,66,62.6,4.623610902506587,62.6,0.0030181884765625,10,0.9286415041372452,19.24
20.0,6,64.0,935.1014402282964,0.0,0.0,0.8,0.2,0.2,0.0,0.0,2,0,0,8,0,0.0106940269470214,0.0,1.0,0.0,0.0,0.0,0.0,0.0,1.0,0.0,0.0,0.0,0.0,0.0,1.0,1.0,626,54,66,62.6,4.623610902506587,62.6,0.0010708093643188,10,0.9286415041372452,20.4375
20.0,6,64.0,412.7439480417241,0.0,0.0,0.8,0.2,0.2,0.0,0.0,2,0,0,8,0,0.0242280960083007,0.0,1.0,0.0,0.0,0.0,0.0,0.0,1.0,0.0,0.0,0.0,0.0,0.0,1.0,1.0,636,54,66,63.6,5.059644256269407,63.6,0.0027136087417602,10,0.928819126684234,23.04
20.0,6,64.0,905.0566428586842,0.0,0.0,0.6,0.4,0.4,0.0,0.0,4,0,0,6,0,0.0110490322113037,0.0,1.0,0.0,0.0,0.0,0.0,0.0,1.0,0.0,0.0,0.0,0.0,0.0,1.0,1.0,612,54,66,61.2,6.196773353931867,61.2,0.0013800859451293,10,0.9292823475934576,34.56
20.0,6,64.0,784.6860734864925,0.0,0.0,0.7,0.3,0.3,0.0,0.0,3,0,0,7,0,0.0127439498901367,0.0,1.0,0.0,0.0,0.0,0.0,0.0,1.0,0.0,0.0,0.0,0.0,0.0,1.0,1.0,632,54,68,63.2,6.408327915038888,63.2,0.0014693975448608,10,0.9293685264594702,38.22222222222222
20.0,6,64.0,913.7519062350224,0.0,0.0,0.5,0.5,0.5,0.0,0.0,5,0,0,5,0,0.0109438896179199,0.0,1.0,0.0,0.0,0.0,0.0,0.0,1.0,0.0,0.0,0.0,0.0,0.0,1.0,1.0,624,54,68,62.4,7.229568912920511,62.4,0.0013196945190429,10,0.9297030671923672,49.0
20.0,6,64.0,535.1310937878768,0.0,0.0,0.6,0.4,0.4,0.0,0.0,4,0,0,6,0,0.0186870098114013,0.0,1.0,0.0,0.0,0.0,0.0,0.0,1.0,0.0,0.0,0.0,0.0,0.0,1.0,1.0,600,54,66,60.0,6.324555320336759,60.0,0.0018710136413574,10,0.9293344008552924,36.0
20.0,6,64.0,1405.2682011592456,0.0,0.0,0.5,0.5,0.5,0.0,0.0,5,0,0,5,0,0.0071160793304443,0.0,1.0,0.0,0.0,0.0,0.0,0.0,1.0,0.0,0.0,0.0,0.0,0.0,1.0,1.0,600,54,66,60.0,6.324555320336759,60.0,0.0012392997741699,10,0.9293344008552924,36.0
20.0,6,64.0,1058.3124747678644,0.0,0.0,0.5,0.5,0.5,0.0,0.0,5,0,0,5,0,0.0094490051269531,0.0,1.0,0.0,0.0,0.0,0.0,0.0,1.0,0.0,0.0,0.0,0.0,0.0,1.0,1.0,610,54,68,61.0,7.378647873726218,61.0,0.00118088722229,10,0.9297637959978412,49.0
20.0,6,64.0,917.5097344358402,0.0,0.0,0.6,0.4,0.4,0.0,0.0,4,0,0,6,0,0.0108990669250488,0.0,1.0,0.0,0.0,0.0,0.0,0.0,1.0,0.0,0.0,0.0,0.0,0.0,1.0,1.0,622,54,68,62.2,7.083627444874398,62.2,0.0021201133728027,10,0.929643616475944,49.0
20.0,6,64.0,561.3587269296144,0.0,0.0,1.0,0.0,0.0,0.0,0.0,0,0,0,10,0,0.0178139209747314,0.0,1.0,0.0,0.0,0.0,0.0,0.0,1.0,0.0,0.0,0.0,0.0,0.0,1.0,1.0,662,66,68,66.2,0.6324555320336759,66.2,0.0017844915390014,10,0.0,0.36
20.0,6,64.0,328.3315328855698,0.0,0.0,1.0,0.0,0.0,0.0,0.0,0,0,0,10,0,0.0304570198059082,0.0,1.0,0.0,0.0,0.0,0.0,0.0,1.0,0.0,0.0,0.0,0.0,0.0,1.0,1.0,678,66,68,67.8,0.6324555320336759,67.8,0.0032945156097412,10,0.0,0.36
20.0,6,64.0,1130.5706353270978,0.0,0.0,0.5,0.5,0.5,0.0,0.0,5,0,0,5,0,0.0088450908660888,0.0,1.0,0.0,0.0,0.0,0.0,0.0,1.0,0.0,0.0,0.0,0.0,0.0,1.0,1.0,600,54,66,60.0,6.324555320336759,60.0,0.0011281967163085,10,0.9293344008552924,36.0
20.0,6,64.0,1095.0327650575673,0.0,0.0,0.5,0.5,0.5,0.0,0.0,5,0,0,5,0,0.0091321468353271,0.0,1.0,0.0,0.0,0.0,0.0,0.0,1.0,0.0,0.0,0.0,0.0,0.0,1.0,1.0,602,54,68,60.2,6.562519841239848,60.2,0.0010313034057617,10,0.9294313380825274,38.76
20.0,6,64.0,1065.7614026172023,0.0,0.0,0.5,0.5,0.5,0.0,0.0,5,0,0,5,0,0.0093829631805419,0.0,1.0,0.0,0.0,0.0,0.0,0.0,1.0,0.0,0.0,0.0,0.0,0.0,1.0,1.0,610,54,68,61.0,7.378647873726218,61.0,0.0011597871780395,10,0.9297637959978412,49.0
20.0,6,64.0,477.2599934003163,0.0,0.0,0.7,0.3,0.3,0.0,0.0,3,0,0,7,0,0.0209529399871826,0.0,1.0,0.0,0.0,0.0,0.0,0.0,1.0,0.0,0.0,0.0,0.0,0.0,1.0,1.0,632,54,68,63.2,6.408327915038888,63.2,0.0023061037063598,10,0.9293685264594702,49.0
20.0,6,64.0,530.9245569620253,0.0,0.0,1.0,0.0,0.0,0.0,0.0,0,0,0,10,0,0.0188350677490234,0.0,1.0,0.0,0.0,0.0,0.0,0.0,1.0,0.0,0.0,0.0,0.0,0.0,1.0,1.0,666,66,68,66.6,0.966091783079296,66.6,0.0022932052612304,10,0.0,0.8400000000000001
20.0,6,64.0,443.0634018549426,0.0,0.0,0.8,0.2,0.2,0.0,0.0,2,0,0,8,0,0.0225701332092285,0.0,1.0,0.0,0.0,0.0,0.0,0.0,1.0,0.0,0.0,0.0,0.0,0.0,1.0,1.0,990,54,230,99.0,69.18092222571191,99.0,0.0025135993957519,10,0.954939570477866,4307.4
20.0,6,64.0,738.1219203153597,0.0,0.0,0.6,0.4,0.4,0.0,0.0,4,0,0,6,0,0.0135478973388671,0.0,1.0,0.0,0.0,0.0,0.0,0.0,1.0,0.0,0.0,0.0,0.0,0.0,1.0,1.0,1420,54,230,142.0,92.76014469827248,142.0,0.0013556957244873,10,0.9645448025442884,7744.0
20.0,6,64.0,903.7500538677008,0.0,0.0,0.5,0.5,0.5,0.0,0.0,5,0,0,5,0,0.0110650062561035,0.0,1.0,0.0,0.0,0.0,0.0,0.0,1.0,0.0,0.0,0.0,0.0,0.0,1.0,1.0,1602,54,232,160.2,91.40605377471816,160.2,0.0011076927185058,10,0.9639932000656692,7718.617283950618
20.0,6,64.0,892.2152733460965,0.0,0.0,0.5,0.5,0.5,0.0,0.0,5,0,0,5,0,0.0112080574035644,0.0,1.0,0.0,0.0,0.0,0.0,0.0,1.0,0.0,0.0,0.0,0.0,0.0,1.0,1.0,1430,54,232,143.0,93.81423725166192,143.0,0.0011229038238525,10,0.964974197686837,7921.0
20.0,6,64.0,493.4881696139682,0.0,0.0,0.5,0.5,0.5,0.0,0.0,5,0,0,5,0,0.0202639102935791,0.0,1.0,0.0,0.0,0.0,0.0,0.0,1.0,0.0,0.0,0.0,0.0,0.0,1.0,1.0,926,54,232,92.6,73.61189517402137,92.6,0.0020288944244384,10,0.9567445716180892,7921.0
20.0,6,64.0,938.6170165152396,0.0,0.0,0.5,0.5,0.5,0.0,0.0,5,0,0,5,0,0.0106539726257324,0.0,1.0,0.0,0.0,0.0,0.0,0.0,1.0,0.0,0.0,0.0,0.0,0.0,1.0,1.0,590,54,64,59.0,5.270462766947299,59.0,0.0010676145553588,10,0.9289050057127436,25.0
20.0,6,64.0,908.5069421881432,0.0,0.0,0.5,0.5,0.5,0.0,0.0,5,0,0,5,0,0.0110070705413818,0.0,1.0,0.0,0.0,0.0,0.0,0.0,1.0,0.0,0.0,0.0,0.0,0.0,1.0,1.0,596,54,66,59.6,5.94792213951879,59.6,0.0011034965515136,10,0.9291809755627544,31.84
20.0,6,64.0,784.3192400471231,0.0,0.0,0.5,0.5,0.5,0.0,0.0,5,0,0,5,0,0.0127499103546142,0.0,1.0,0.0,0.0,0.0,0.0,0.0,1.0,0.0,0.0,0.0,0.0,0.0,1.0,1.0,600,54,66,60.0,6.324555320336759,60.0,0.0012769937515258,10,0.9293344008552924,36.0
20.0,6,64.0,329.805700805976,0.0,0.0,0.5,0.5,0.5,0.0,0.0,5,0,0,5,0,0.0303208827972412,0.0,1.0,0.0,0.0,0.0,0.0,0.0,1.0,0.0,0.0,0.0,0.0,0.0,1.0,1.0,600,54,66,60.0,6.324555320336759,60.0,0.0030349969863891,10,0.9293344008552924,36.0
20.0,6,64.0,1142.8621253405995,0.0,0.0,0.5,0.5,0.5,0.0,0.0,5,0,0,5,0,0.0087499618530273,0.0,1.0,0.0,0.0,0.0,0.0,0.0,1.0,0.0,0.0,0.0,0.0,0.0,1.0,1.0,600,54,66,60.0,6.324555320336759,60.0,0.0008800029754638,10,0.9293344008552924,36.0
20.0,6,64.0,1101.2140306658266,0.0,0.0,0.6,0.4,0.4,0.0,0.0,4,0,0,6,0,0.0090808868408203,0.0,1.0,0.0,0.0,0.0,0.0,0.0,1.0,0.0,0.0,0.0,0.0,0.0,1.0,1.0,606,54,68,60.6,6.995236474439826,60.6,0.0009089946746826,10,0.9296076095302278,44.04
20.0,6,64.0,787.1010358804984,0.0,0.0,0.5,0.5,0.5,0.0,0.0,5,0,0,5,0,0.012704849243164,0.0,1.0,0.0,0.0,0.0,0.0,0.0,1.0,0.0,0.0,0.0,0.0,0.0,1.0,1.0,624,54,68,62.4,7.229568912920511,62.4,0.0014647006988525,10,0.9297030671923672,49.0
20.0,6,64.0,695.2153950705276,0.0,0.0,0.5,0.5,0.5,0.0,0.0,5,0,0,5,0,0.0143840312957763,0.0,1.0,0.0,0.0,0.0,0.0,0.0,1.0,0.0,0.0,0.0,0.0,0.0,1.0,1.0,638,54,75,63.8,10.538817137927134,63.8,0.0014600992202758,10,0.931051122549306,99.96
20.0,6,64.0,2523.952340835239,0.0,0.0,0.6,0.4,0.4,0.0,0.0,4,0,0,6,0,0.0039620399475097,0.0,1.0,0.0,0.0,0.0,0.0,0.0,1.0,0.0,0.0,0.0,0.0,0.0,1.0,1.0,645,54,75,64.5,11.067971810589327,64.5,0.0003978013992309,10,0.9312666789967616,110.25
20.0,6,64.0,833.6919101570264,0.0,0.0,0.6,0.4,0.4,0.0,0.0,4,0,0,6,0,0.0119948387145996,0.0,1.0,0.0,0.0,0.0,0.0,0.0,1.0,0.0,0.0,0.0,0.0,0.0,1.0,1.0,676,54,77,67.6,11.720826667849746,67.6,0.0013551950454711,10,0.9315326259514152,123.64
20.0,6,64.0,1006.6490663850622,0.0,0.0,0.5,0.5,0.5,0.0,0.0,5,0,0,5,0,0.0099339485168457,0.0,1.0,0.0,0.0,0.0,0.0,0.0,1.0,0.0,0.0,0.0,0.0,0.0,1.0,1.0,655,54,77,65.5,12.122064363978788,65.5,0.0011775016784667,10,0.9316960741393104,132.25
20.0,6,64.0,966.1846075879386,0.0,0.0,0.5,0.5,0.5,0.0,0.0,5,0,0,5,0,0.0103499889373779,0.0,1.0,0.0,0.0,0.0,0.0,0.0,1.0,0.0,0.0,0.0,0.0,0.0,1.0,1.0,7560,54,1224,756.0,604.1854020083571,756.0,0.0022567987442016,10,1.0,342225.0
20.0,6,64.0,920.0456260419407,0.0,0.0,0.6,0.4,0.4,0.0,0.0,4,0,0,6,0,0.010869026184082,0.0,1.0,0.0,0.0,0.0,0.0,0.0,1.0,0.0,0.0,0.0,0.0,0.0,1.0,1.0,6392,54,1226,639.2,616.8552504437325,639.2,0.0010904073715209,10,1.0,342459.36
20.0,6,64.0,851.4970157131836,0.0,0.0,0.5,0.5,0.5,0.0,0.0,5,0,0,5,0,0.0117440223693847,0.0,1.0,0.0,0.0,0.0,0.0,0.0,1.0,0.0,0.0,0.0,0.0,0.0,1.0,1.0,7572,54,1226,757.2,605.2181975673457,757.2,0.0013729095458984,10,1.0,343396.0
20.0,6,64.0,478.2395129014971,0.0,0.0,0.6,0.4,0.4,0.0,0.0,4,0,0,6,0,0.0209100246429443,0.0,1.0,0.0,0.0,0.0,0.0,0.0,1.0,0.0,0.0,0.0,0.0,0.0,1.0,1.0,4086,54,1226,408.6,564.0764723569552,408.6,0.002092695236206,10,1.0,343396.0
20.0,6,64.0,878.1308098149234,0.0,0.0,0.5,0.5,0.5,0.0,0.0,5,0,0,5,0,0.011387825012207,0.0,1.0,0.0,0.0,0.0,0.0,0.0,1.0,0.0,0.0,0.0,0.0,0.0,1.0,1.0,590,54,64,59.0,5.270462766947299,59.0,0.0011426925659179,10,0.9289050057127436,25.0
20.0,6,64.0,472.8800297642536,0.0,0.0,0.5,0.5,0.5,0.0,0.0,5,0,0,5,0,0.0211470127105712,0.0,1.0,0.0,0.0,0.0,0.0,0.0,1.0,0.0,0.0,0.0,0.0,0.0,1.0,1.0,596,54,66,59.6,5.94792213951879,59.6,0.0021162986755371,10,0.9291809755627544,31.84
20.0,6,64.0,963.3883822955188,0.0,0.0,0.5,0.5,0.5,0.0,0.0,5,0,0,5,0,0.0103800296783447,0.0,1.0,0.0,0.0,0.0,0.0,0.0,1.0,0.0,0.0,0.0,0.0,0.0,1.0,1.0,600,54,66,60.0,6.324555320336759,60.0,0.001040506362915,10,0.9293344008552924,36.0
20.0,6,64.0,744.9918294849023,0.0,0.0,0.8,0.2,0.2,0.0,0.0,2,0,0,8,0,0.0134229660034179,0.0,1.0,0.0,0.0,0.0,0.0,0.0,1.0,0.0,0.0,0.0,0.0,0.0,1.0,1.0,624,54,66,62.4,5.796550698475776,62.4,0.0013472080230712,10,0.9291193128925312,36.0
20.0,6,64.0,543.5077943787174,0.0,0.0,1.0,0.0,0.0,0.0,0.0,0,0,0,10,0,0.0183990001678466,0.0,1.0,0.0,0.0,0.0,0.0,0.0,1.0,0.0,0.0,0.0,0.0,0.0,1.0,1.0,670,66,68,67.0,1.0540925533894598,67.0,0.0020279884338378,10,0.9067378651425488,1.0
20.0,6,64.0,403.81099087303113,0.0,0.0,0.8,0.2,0.2,0.0,0.0,2,0,0,8,0,0.024764060974121,0.0,1.0,0.0,0.0,0.0,0.0,0.0,1.0,0.0,0.0,0.0,0.0,0.0,1.0,1.0,5290,54,1224,529.0,598.1759310139822,529.0,0.0027477025985717,10,1.0,322033.0
20.0,6,64.0,829.1104609788882,0.0,0.0,0.6,0.4,0.4,0.0,0.0,4,0,0,6,0,0.0120611190795898,0.0,1.0,0.0,0.0,0.0,0.0,0.0,1.0,0.0,0.0,0.0,0.0,0.0,1.0,1.0,7560,54,1224,756.0,604.1854020083571,756.0,0.0012102127075195,10,1.0,342225.0
20.0,6,64.0,817.4597049250618,0.0,0.0,0.6,0.4,0.4,0.0,0.0,4,0,0,6,0,0.012233018875122,0.0,1.0,0.0,0.0,0.0,0.0,0.0,1.0,0.0,0.0,0.0,0.0,0.0,1.0,1.0,7572,54,1226,757.2,605.2181975673457,757.2,0.0012257814407348,10,1.0,343396.0
20.0,6,64.0,401.2689665729101,0.0,0.0,0.8,0.2,0.2,0.0,0.0,2,0,0,8,0,0.0249209403991699,0.0,1.0,0.0,0.0,0.0,0.0,0.0,1.0,0.0,0.0,0.0,0.0,0.0,1.0,1.0,5264,54,1226,526.4,602.139740148968,526.4,0.0024938106536865,10,1.0,343396.0
20.0,6,64.0,533.5925195598245,0.0,0.0,1.0,0.0,0.0,0.0,0.0,0,0,0,10,0,0.0187408924102783,0.0,1.0,0.0,0.0,0.0,0.0,0.0,1.0,0.0,0.0,0.0,0.0,0.0,1.0,1.0,663,66,67,66.3,0.4830458915396479,66.3,0.0020793914794921,10,0.0,0.21
20.0,6,64.0,343.12322581172947,0.0,0.0,0.9,0.1,0.1,0.0,0.0,1,0,0,9,0,0.0291440486907959,0.0,1.0,0.0,0.0,0.0,0.0,0.0,1.0,0.0,0.0,0.0,0.0,0.0,1.0,1.0,715,67,82,71.5,7.245688373094719,71.5,0.0031212091445922,10,0.907555943615664,47.25
20.0,6,64.0,936.7513121161362,0.0,0.0,0.6,0.4,0.4,0.0,0.0,4,0,0,6,0,0.0106751918792724,0.0,1.0,0.0,0.0,0.0,0.0,0.0,1.0,0.0,0.0,0.0,0.0,0.0,1.0,1.0,680,54,82,68.0,14.757295747452437,68.0,0.0010698080062866,10,0.9327695619956824,196.0
20.0,6,64.0,813.9380178921426,0.0,0.0,0.6,0.4,0.4,0.0,0.0,4,0,0,6,0,0.0122859477996826,0.0,1.0,0.0,0.0,0.0,0.0,0.0,1.0,0.0,0.0,0.0,0.0,0.0,1.0,1.0,716,54,84,71.6,15.167216107263869,71.6,0.0013932943344116,10,0.932936547153455,207.04
20.0,6,64.0,631.0735296330289,0.0,0.0,0.5,0.5,0.5,0.0,0.0,5,0,0,5,0,0.0158460140228271,0.0,1.0,0.0,0.0,0.0,0.0,0.0,1.0,0.0,0.0,0.0,0.0,0.0,1.0,1.0,690,54,84,69.0,15.811388300841896,69.0,0.0017904043197631,10,0.933198957138231,225.0
20.0,6,64.0,761.5484058392041,0.0,0.0,0.5,0.5,0.5,0.0,0.0,5,0,0,5,0,0.0131311416625976,0.0,1.0,0.0,0.0,0.0,0.0,0.0,1.0,0.0,0.0,0.0,0.0,0.0,1.0,1.0,620,54,84,62.0,9.189365834726814,62.0,0.001354694366455,10,0.9305014100664344,225.0
20.0,6,64.0,931.9640039995556,0.0,0.0,0.5,0.5,0.5,0.0,0.0,5,0,0,5,0,0.0107300281524658,0.0,1.0,0.0,0.0,0.0,0.0,0.0,1.0,0.0,0.0,0.0,0.0,0.0,1.0,1.0,590,54,64,59.0,5.270462766947299,59.0,0.0010756969451904,10,0.9289050057127436,25.0
20.0,6,64.0,930.6612230407384,0.0,0.0,0.5,0.5,0.5,0.0,0.0,5,0,0,5,0,0.0107450485229492,0.0,1.0,0.0,0.0,0.0,0.0,0.0,1.0,0.0,0.0,0.0,0.0,0.0,1.0,1.0,600,54,66,60.0,6.324555320336759,60.0,0.0010772943496704,10,0.9293344008552924,36.0
20.0,6,64.0,895.3196576088117,0.0,0.0,0.5,0.5,0.5,0.0,0.0,5,0,0,5,0,0.0111691951751708,0.0,1.0,0.0,0.0,0.0,0.0,0.0,1.0,0.0,0.0,0.0,0.0,0.0,1.0,1.0,600,54,66,60.0,6.324555320336759,60.0,0.0011196136474609,10,0.9293344008552924,36.0
20.0,6,64.0,522.0887013455817,0.0,0.0,0.5,0.5,0.5,0.0,0.0,5,0,0,5,0,0.0191538333892822,0.0,1.0,0.0,0.0,0.0,0.0,0.0,1.0,0.0,0.0,0.0,0.0,0.0,1.0,1.0,600,54,66,60.0,6.324555320336759,60.0,0.0019169807434082,10,0.9293344008552924,36.0
20.0,6,64.0,932.8553000311374,0.0,0.0,0.5,0.5,0.5,0.0,0.0,5,0,0,5,0,0.0107197761535644,0.0,1.0,0.0,0.0,0.0,0.0,0.0,1.0,0.0,0.0,0.0,0.0,0.0,1.0,1.0,600,54,66,60.0,6.324555320336759,60.0,0.0010735988616943,10,0.9293344008552924,36.0
20.0,6,64.0,892.1393627430127,0.0,0.0,0.6,0.4,0.4,0.0,0.0,4,0,0,6,0,0.0112090110778808,0.0,1.0,0.0,0.0,0.0,0.0,0.0,1.0,0.0,0.0,0.0,0.0,0.0,1.0,1.0,600,54,66,60.0,6.324555320336759,60.0,0.0011236190795898,10,0.9293344008552924,36.0
20.0,6,64.0,442.2785077082059,0.0,0.0,0.7,0.3,0.3,0.0,0.0,3,0,0,7,0,0.0226101875305175,0.0,1.0,0.0,0.0,0.0,0.0,0.0,1.0,0.0,0.0,0.0,0.0,0.0,1.0,1.0,706,54,107,70.6,19.951051211513757,70.6,0.0024549007415771,10,0.9348852902215222,358.24
20.0,6,64.0,704.6289794204116,0.0,0.0,0.7,0.3,0.3,0.0,0.0,3,0,0,7,0,0.0141918659210205,0.0,1.0,0.0,0.0,0.0,0.0,0.0,1.0,0.0,0.0,0.0,0.0,0.0,1.0,1.0,911,54,107,91.1,25.601432251601345,91.1,0.0015211820602416,10,0.9371870294420124,624.2222222222222
20.0,6,64.0,702.8931492157126,0.0,0.0,0.8,0.2,0.2,0.0,0.0,2,0,0,8,0,0.0142269134521484,0.0,1.0,0.0,0.0,0.0,0.0,0.0,1.0,0.0,0.0,0.0,0.0,0.0,1.0,1.0,978,54,109,97.8,23.093048497088663,97.8,0.0016277074813842,10,0.936165214235774,517.8024691358025
20.0,6,64.0,515.7015688781784,0.0,0.0,0.6,0.4,0.4,0.0,0.0,4,0,0,6,0,0.0193910598754882,0.0,1.0,0.0,0.0,0.0,0.0,0.0,1.0,0.0,0.0,0.0,0.0,0.0,1.0,1.0,735,54,109,73.5,24.88305983328149,73.5,0.0021476030349731,10,0.9368943932536856,756.25
20.0,6,64.0,819.8084515851608,0.0,0.0,0.5,0.5,0.5,0.0,0.0,5,0,0,5,0,0.0121979713439941,0.0,1.0,0.0,0.0,0.0,0.0,0.0,1.0,0.0,0.0,0.0,0.0,0.0,1.0,1.0,590,54,64,59.0,5.270462766947299,59.0,0.001412296295166,10,0.9289050057127436,25.0
20.0,6,64.0,1011.0167285349274,0.0,0.0,0.5,0.5,0.5,0.0,0.0,5,0,0,5,0,0.0098910331726074,0.0,1.0,0.0,0.0,0.0,0.0,0.0,1.0,0.0,0.0,0.0,0.0,0.0,1.0,1.0,596,54,66,59.6,5.94792213951879,59.6,0.0009902954101562,10,0.9291809755627544,31.84
20.0,6,64.0,5820.571745767416,0.0,0.0,0.5,0.5,0.5,0.0,0.0,5,0,0,5,0,0.0017180442810058,0.0,1.0,0.0,0.0,0.0,0.0,0.0,1.0,0.0,0.0,0.0,0.0,0.0,1.0,1.0,600,54,66,60.0,6.324555320336759,60.0,0.0016059160232543,10,0.9293344008552924,36.0
20.0,6,64.0,741.2919531291423,0.0,0.0,0.5,0.5,0.5,0.0,0.0,5,0,0,5,0,0.0134899616241455,0.0,1.0,0.0,0.0,0.0,0.0,0.0,1.0,0.0,0.0,0.0,0.0,0.0,1.0,1.0,594,54,66,59.4,5.738757124441959,59.4,0.0013892889022827,10,0.9290957701022128,36.0
20.0,6,64.0,1337.6400051026917,0.0,0.0,0.5,0.5,0.5,0.0,0.0,5,0,0,5,0,0.0074758529663085,0.0,1.0,0.0,0.0,0.0,0.0,0.0,1.0,0.0,0.0,0.0,0.0,0.0,1.0,1.0,590,54,64,59.0,5.270462766947299,59.0,0.000960898399353,10,0.9289050057127436,25.0
20.0,6,64.0,918.8564418253115,0.0,0.0,0.5,0.5,0.5,0.0,0.0,5,0,0,5,0,0.010883092880249,0.0,1.0,0.0,0.0,0.0,0.0,0.0,1.0,0.0,0.0,0.0,0.0,0.0,1.0,1.0,608,54,66,60.8,5.902918298980975,60.8,0.001353907585144,10,0.9291626427982728,31.50617283950617
20.0,6,64.0,916.6675408689572,0.0,0.0,0.5,0.5,0.5,0.0,0.0,5,0,0,5,0,0.010909080505371,0.0,1.0,0.0,0.0,0.0,0.0,0.0,1.0,0.0,0.0,0.0,0.0,0.0,1.0,1.0,600,54,66,60.0,6.324555320336759,60.0,0.0010936975479125,10,0.9293344008552924,36.0
20.0,6,64.0,417.27309808291136,0.0,0.0,0.6,0.4,0.4,0.0,0.0,4,0,0,6,0,0.0239651203155517,0.0,1.0,0.0,0.0,0.0,0.0,0.0,1.0,0.0,0.0,0.0,0.0,0.0,1.0,1.0,5960,54,1406,596.0,697.1465651735891,596.0,0.0023998022079467,10,1.0,437412.0
20.0,6,64.0,1627.9076266252669,0.0,0.0,0.5,0.5,0.5,0.0,0.0,5,0,0,5,0,0.0061428546905517,0.0,1.0,0.0,0.0,0.0,0.0,0.0,1.0,0.0,0.0,0.0,0.0,0.0,1.0,1.0,8652,54,1406,865.2,698.1697978763236,865.2,0.0006445884704589,10,1.0,456976.0
20.0,6,64.0,723.5425831047629,0.0,0.0,0.6,0.4,0.4,0.0,0.0,4,0,0,6,0,0.0138208866119384,0.0,1.0,0.0,0.0,0.0,0.0,0.0,1.0,0.0,0.0,0.0,0.0,0.0,1.0,1.0,8652,54,1406,865.2,698.1697978763237,865.2,0.0013838052749633,10,1.0,456976.0
20.0,6,64.0,522.0822026936195,0.0,0.0,0.5,0.5,0.5,0.0,0.0,5,0,0,5,0,0.0191540718078613,0.0,1.0,0.0,0.0,0.0,0.0,0.0,1.0,0.0,0.0,0.0,0.0,0.0,1.0,1.0,5958,54,1406,595.8,697.315774157511,595.8,0.0019173145294189,10,1.0,456976.0
20.0,6,64.0,646.959633508661,0.0,0.0,0.5,0.5,0.5,0.0,0.0,5,0,0,5,0,0.0154569149017333,0.0,1.0,0.0,0.0,0.0,0.0,0.0,1.0,0.0,0.0,0.0,0.0,0.0,1.0,1.0,590,54,64,59.0,5.270462766947299,59.0,0.001547884941101,10,0.9289050057127436,25.0
20.0,6,64.0,903.0884506071828,0.0,0.0,0.5,0.5,0.5,0.0,0.0,5,0,0,5,0,0.0110731124877929,0.0,1.0,0.0,0.0,0.0,0.0,0.0,1.0,0.0,0.0,0.0,0.0,0.0,1.0,1.0,592,54,66,59.2,5.513619500836088,59.2,0.0011098146438598,10,0.9290040580398606,27.360000000000003
20.0,6,64.0,798.2764264778654,0.0,0.0,0.5,0.5,0.5,0.0,0.0,5,0,0,5,0,0.0125269889831542,0.0,1.0,0.0,0.0,0.0,0.0,0.0,1.0,0.0,0.0,0.0,0.0,0.0,1.0,1.0,600,54,66,60.0,6.324555320336759,60.0,0.0012544870376586,10,0.9293344008552924,36.0
20.0,6,64.0,781.3095393327496,0.0,0.0,0.6,0.4,0.4,0.0,0.0,4,0,0,6,0,0.0127990245819091,0.0,1.0,0.0,0.0,0.0,0.0,0.0,1.0,0.0,0.0,0.0,0.0,0.0,1.0,1.0,598,54,66,59.8,6.142746399887703,59.8,0.0012841939926147,10,0.9292603391734584,36.0
20.0,6,64.0,498.7578334026993,0.0,0.0,1.0,0.0,0.0,0.0,0.0,0,0,0,10,0,0.0200498104095459,0.0,1.0,0.0,0.0,0.0,0.0,0.0,1.0,0.0,0.0,0.0,0.0,0.0,1.0,1.0,642,64,66,64.2,0.6324555320336759,64.2,0.0023190975189208,10,0.0,0.36
20.0,6,64.0,272.90320901543345,0.0,0.0,1.0,0.0,0.0,0.0,0.0,0,0,0,10,0,0.0366430282592773,0.0,1.0,0.0,0.0,0.0,0.0,0.0,1.0,0.0,0.0,0.0,0.0,0.0,1.0,1.0,1965,66,1371,196.5,412.6772346519735,196.5,0.0039412021636962,10,1.0,153272.25
20.0,6,64.0,3123.085629188384,0.0,0.0,0.6,0.4,0.4,0.0,0.0,4,0,0,6,0,0.0032019615173339,0.0,1.0,0.0,0.0,0.0,0.0,0.0,1.0,0.0,0.0,0.0,0.0,0.0,1.0,1.0,9759,54,1371,975.9,636.1714391577162,975.9,0.0003237962722778,10,1.0,385442.0
20.0,6,64.0,430.4057465366855,0.0,0.0,0.7,0.3,0.3,0.0,0.0,3,0,0,7,0,0.0232338905334472,0.0,1.0,0.0,0.0,0.0,0.0,0.0,1.0,0.0,0.0,0.0,0.0,0.0,1.0,1.0,9769,54,1373,976.9,636.8620031930866,976.9,0.0023250102996826,10,1.0,433622.25
20.0,6,64.0,483.69956061951495,0.0,0.0,0.9,0.1,0.1,0.0,0.0,1,0,0,9,0,0.0206739902496337,0.0,1.0,0.0,0.0,0.0,0.0,0.0,1.0,0.0,0.0,0.0,0.0,0.0,1.0,1.0,7171,54,1373,717.1,691.3931909155922,717.1,0.002071189880371,10,1.0,434940.25
20.0,6,64.0,679.6687786618269,0.0,0.0,0.6,0.4,0.4,0.0,0.0,4,0,0,6,0,0.0147130489349365,0.0,1.0,0.0,0.0,0.0,0.0,0.0,1.0,0.0,0.0,0.0,0.0,0.0,1.0,1.0,624,54,66,62.4,5.796550698475776,62.4,0.0017681121826171,10,0.9291193128925312,33.75
20.0,6,64.0,654.7461754605058,0.0,0.0,0.7,0.3,0.3,0.0,0.0,3,0,0,7,0,0.015273094177246,0.0,1.0,0.0,0.0,0.0,0.0,0.0,1.0,0.0,0.0,0.0,0.0,0.0,1.0,1.0,624,54,68,62.4,7.229568912920511,62.4,0.0015290021896362,10,0.9297030671923672,49.0
20.0,6,64.0,456.0761159136628,0.0,0.0,1.0,0.0,0.0,0.0,0.0,0,0,0,10,0,0.0219261646270751,0.0,1.0,0.0,0.0,0.0,0.0,0.0,1.0,0.0,0.0,0.0,0.0,0.0,1.0,1.0,668,66,68,66.8,1.0327955589886444,66.8,0.0024054050445556,10,0.9067291895989096,1.0
20.0,6,64.0,515.4924107417194,0.0,0.0,1.0,0.0,0.0,0.0,0.0,0,0,0,10,0,0.0193989276885986,0.0,1.0,0.0,0.0,0.0,0.0,0.0,1.0,0.0,0.0,0.0,0.0,0.0,1.0,1.0,672,66,68,67.2,1.0327955589886444,67.2,0.0021253824234008,10,0.9067291895989096,1.0
20.0,6,64.0,435.36926893573735,0.0,0.0,0.7,0.3,0.3,0.0,0.0,3,0,0,7,0,0.0229690074920654,0.0,1.0,0.0,0.0,0.0,0.0,0.0,1.0,0.0,0.0,0.0,0.0,0.0,1.0,1.0,2369,54,645,236.9,281.68203113913154,236.9,0.0024983167648315,10,1.0,75214.83950617284
20.0,6,64.0,669.4818834796488,0.0,0.0,0.6,0.4,0.4,0.0,0.0,4,0,0,6,0,0.0149369239807128,0.0,1.0,0.0,0.0,0.0,0.0,0.0,1.0,0.0,0.0,0.0,0.0,0.0,1.0,1.0,4086,54,645,408.6,305.19108768114444,408.6,0.0017725944519042,10,1.0,87320.25
20.0,6,64.0,744.7140498215585,0.0,0.0,0.6,0.4,0.4,0.0,0.0,4,0,0,6,0,0.0134279727935791,0.0,1.0,0.0,0.0,0.0,0.0,0.0,1.0,0.0,0.0,0.0,0.0,0.0,1.0,1.0,4689,54,647,468.9,286.30886585410985,468.9,0.0016233921051025,10,1.0,82306.984375
20.0,6,64.0,298.8928795393649,0.0,0.0,0.7,0.3,0.3,0.0,0.0,3,0,0,7,0,0.033456802368164,0.0,1.0,0.0,0.0,0.0,0.0,0.0,1.0,0.0,0.0,0.0,0.0,0.0,1.0,1.0,2932,54,647,293.2,304.5268825936755,293.2,0.0033483982086181,10,1.0,87912.25
20.0,6,64.0,941.0810204402164,0.0,0.0,0.6,0.4,0.4,0.0,0.0,4,0,0,6,0,0.0106260776519775,0.0,1.0,0.0,0.0,0.0,0.0,0.0,1.0,0.0,0.0,0.0,0.0,0.0,1.0,1.0,600,54,64,60.0,5.163977794943222,60.0,0.0010636091232299,10,0.928861627994548,24.0
20.0,6,64.0,703.5298064342984,0.0,0.0,0.7,0.3,0.3,0.0,0.0,3,0,0,7,0,0.0142140388488769,0.0,1.0,0.0,0.0,0.0,0.0,0.0,1.0,0.0,0.0,0.0,0.0,0.0,1.0,1.0,620,54,66,62.0,5.57773351022717,62.0,0.0016849040985107,10,0.9290301755227262,30.204081632653065
20.0,6,64.0,560.4436189687195,0.0,0.0,0.8,0.2,0.2,0.0,0.0,2,0,0,8,0,0.0178430080413818,0.0,1.0,0.0,0.0,0.0,0.0,0.0,1.0,0.0,0.0,0.0,0.0,0.0,1.0,1.0,678,54,80,67.8,9.68159766429763,67.8,0.0019672870635986,10,0.9307019256245282,84.35999999999999
20.0,6,64.0,587.5774344031493,0.0,0.0,0.9,0.1,0.1,0.0,0.0,1,0,0,9,0,0.0170190334320068,0.0,1.0,0.0,0.0,0.0,0.0,0.0,1.0,0.0,0.0,0.0,0.0,0.0,1.0,1.0,778,54,82,77.8,8.403702887550358,77.8,0.0019109010696411,10,0.9301813624082724,126.75
20.0,6,64.0,590.4227255451231,0.0,0.0,0.9,0.1,0.1,0.0,0.0,1,0,0,9,0,0.0169370174407959,0.0,1.0,0.0,0.0,0.0,0.0,0.0,1.0,0.0,0.0,0.0,0.0,0.0,1.0,1.0,1066,54,356,106.6,88.07093100954984,106.6,0.0019057035446166,10,0.9626346044560502,6980.839999999999
20.0,6,64.0,513.6616251301207,0.0,0.0,1.0,0.0,0.0,0.0,0.0,0,0,0,10,0,0.019468069076538,0.0,1.0,0.0,0.0,0.0,0.0,0.0,1.0,0.0,0.0,0.0,0.0,0.0,1.0,1.0,3562,356,358,356.2,0.6324555320336759,356.2,0.0022047996520996,10,0.0,0.36
20.0,6,64.0,379.4067788944269,0.0,0.0,1.0,0.0,0.0,0.0,0.0,0,0,0,10,0,0.0263569355010986,0.0,1.0,0.0,0.0,0.0,0.0,0.0,1.0,0.0,0.0,0.0,0.0,0.0,1.0,1.0,3316,94,358,331.6,83.48413022844521,331.6,0.0029293060302734,10,0.8926009252898596,6272.64
20.0,6,64.0,326.1258067024337,0.0,0.0,1.0,0.0,0.0,0.0,0.0,0,0,0,10,0,0.0306630134582519,0.0,1.0,0.0,0.0,0.0,0.0,0.0,1.0,0.0,0.0,0.0,0.0,0.0,1.0,1.0,942,94,96,94.2,0.6324555320336759,94.2,0.003258204460144,10,0.0,0.36
20.0,6,64.0,958.5008798190088,0.0,0.0,0.9,0.1,0.1,0.0,0.0,1,0,0,9,0,0.0104329586029052,0.0,1.0,0.0,0.0,0.0,0.0,0.0,1.0,0.0,0.0,0.0,0.0,0.0,1.0,1.0,955,91,96,95.5,1.5811388300841898,95.5,0.0021742820739746,10,0.8643493127138231,2.25
20.0,6,64.0,843.9583081814158,0.0,0.0,0.6,0.4,0.4,0.0,0.0,4,0,0,6,0,0.0118489265441894,0.0,1.0,0.0,0.0,0.0,0.0,0.0,1.0,0.0,0.0,0.0,0.0,0.0,1.0,1.0,725,54,91,72.5,19.50071223770501,72.5,0.0011886119842529,10,0.9347018401371516,342.25
20.0,6,64.0,1193.8699760901743,0.0,0.0,0.5,0.5,0.5,0.0,0.0,5,0,0,5,0,0.008376121520996,0.0,1.0,0.0,0.0,0.0,0.0,0.0,1.0,0.0,0.0,0.0,0.0,0.0,1.0,1.0,727,54,93,72.7,19.72054765973805,72.7,0.0010545015335083,10,0.9347913922946708,350.01
20.0,6,64.0,791.4527785640155,0.0,0.0,0.5,0.5,0.5,0.0,0.0,5,0,0,5,0,0.0126349925994873,0.0,1.0,0.0,0.0,0.0,0.0,0.0,1.0,0.0,0.0,0.0,0.0,0.0,1.0,1.0,774,54,93,77.4,20.139513400278567,77.4,0.001462697982788,10,0.9349620621787376,380.25
20.0,6,64.0,624.9987334038653,0.0,0.0,0.7,0.3,0.3,0.0,0.0,3,0,0,7,0,0.0160000324249267,0.0,1.0,0.0,0.0,0.0,0.0,0.0,1.0,0.0,0.0,0.0,0.0,0.0,1.0,1.0,693,54,93,69.3,17.172652678022693,69.3,0.0016031026840209,10,0.9337534817949192,380.25
20.0,6,64.0,520.1527853564165,0.0,0.0,1.0,0.0,0.0,0.0,0.0,0,0,0,10,0,0.0192251205444335,0.0,1.0,0.0,0.0,0.0,0.0,0.0,1.0,0.0,0.0,0.0,0.0,0.0,1.0,1.0,666,66,68,66.6,0.966091783079296,66.6,0.0020081996917724,10,0.0,0.8400000000000001
20.0,6,64.0,342.33627162912177,0.0,0.0,1.0,0.0,0.0,0.0,0.0,0,0,0,10,0,0.0292110443115234,0.0,1.0,0.0,0.0,0.0,0.0,0.0,1.0,0.0,0.0,0.0,0.0,0.0,1.0,1.0,731,68,85,73.1,8.211780156174015,73.1,0.0031323909759521,10,0.9062453607644192,60.69
20.0,6,64.0,506.6379987196057,0.0,0.0,1.0,0.0,0.0,0.0,0.0,0,0,0,10,0,0.019737958908081,0.0,1.0,0.0,0.0,0.0,0.0,0.0,1.0,0.0,0.0,0.0,0.0,0.0,1.0,1.0,856,85,87,85.6,0.966091783079296,85.6,0.002142310142517,10,0.0,0.8400000000000001
20.0,6,64.0,344.4589167659015,0.0,0.0,1.0,0.0,0.0,0.0,0.0,0,0,0,10,0,0.0290310382843017,0.0,1.0,0.0,0.0,0.0,0.0,0.0,1.0,0.0,0.0,0.0,0.0,0.0,1.0,1.0,801,64,87,80.1,11.110055505411903,80.1,0.0030359029769897,10,0.9142425222106848,111.09
20.0,6,64.0,398.4556923544612,0.0,0.0,1.0,0.0,0.0,0.0,0.0,0,0,0,10,0,0.0250968933105468,0.0,1.0,0.0,0.0,0.0,0.0,0.0,1.0,0.0,0.0,0.0,0.0,0.0,1.0,1.0,643,64,65,64.3,0.4830458915396479,64.3,0.0027922868728637,10,0.0,0.21
20.0,6,64.0,465.0055987316933,0.0,0.0,1.0,0.0,0.0,0.0,0.0,0,0,0,10,0,0.0215051174163818,0.0,1.0,0.0,0.0,0.0,0.0,0.0,1.0,0.0,0.0,0.0,0.0,0.0,1.0,1.0,647,64,65,64.7,0.4830458915396479,64.7,0.0024397134780883,10,0.0,0.21
20.0,6,64.0,489.2857226182005,0.0,0.0,1.0,0.0,0.0,0.0,0.0,0,0,0,10,0,0.0204379558563232,0.0,1.0,0.0,0.0,0.0,0.0,0.0,1.0,0.0,0.0,0.0,0.0,0.0,1.0,1.0,646,64,66,64.6,0.966091783079296,64.6,0.0021776914596557,10,0.0,0.8400000000000001
20.0,6,64.0,386.3083242765303,0.0,0.0,0.9,0.1,0.1,0.0,0.0,1,0,0,9,0,0.025886058807373,0.0,1.0,0.0,0.0,0.0,0.0,0.0,1.0,0.0,0.0,0.0,0.0,0.0,1.0,1.0,644,54,66,64.4,3.747591819348053,64.4,0.0028705120086669,10,0.9282846490035296,14.024691358024691
20.0,6,64.0,571.1042727594564,0.0,0.0,0.9,0.1,0.1,0.0,0.0,1,0,0,9,0,0.0175099372863769,0.0,1.0,0.0,0.0,0.0,0.0,0.0,1.0,0.0,0.0,0.0,0.0,0.0,1.0,1.0,632,54,66,63.2,3.293090409394259,63.2,0.0018830776214599,10,0.9280995033091708,13.888888888888888
20.0,6,64.0,689.0819478215154,0.0,0.0,0.8,0.2,0.2,0.0,0.0,2,0,0,8,0,0.0145120620727539,0.0,1.0,0.0,0.0,0.0,0.0,0.0,1.0,0.0,0.0,0.0,0.0,0.0,1.0,1.0,636,54,66,63.6,5.059644256269407,63.6,0.0016995191574096,10,0.928819126684234,36.0
20.0,6,64.0,502.43821799494486,0.0,0.0,0.6,0.4,0.4,0.0,0.0,4,0,0,6,0,0.0199029445648193,0.0,1.0,0.0,0.0,0.0,0.0,0.0,1.0,0.0,0.0,0.0,0.0,0.0,1.0,1.0,624,54,66,62.4,5.796550698475775,62.4,0.0022600889205932,10,0.9291193128925312,32.0
20.0,6,64.0,905.6429080387796,0.0,0.0,0.6,0.4,0.4,0.0,0.0,4,0,0,6,0,0.0110418796539306,0.0,1.0,0.0,0.0,0.0,0.0,0.0,1.0,0.0,0.0,0.0,0.0,0.0,1.0,1.0,602,54,68,60.2,6.562519841239848,60.2,0.0011076927185058,10,0.9294313380825274,38.76
20.0,6,64.0,1395.0786628970563,0.0,0.0,0.5,0.5,0.5,0.0,0.0,5,0,0,5,0,0.0071680545806884,0.0,1.0,0.0,0.0,0.0,0.0,0.0,1.0,0.0,0.0,0.0,0.0,0.0,1.0,1.0,610,54,68,61.0,7.378647873726218,61.0,0.0010068178176879,10,0.9297637959978412,49.0
20.0,6,64.0,434.21543558155184,0.0,0.0,0.6,0.4,0.4,0.0,0.0,4,0,0,6,0,0.0230300426483154,0.0,1.0,0.0,0.0,0.0,0.0,0.0,1.0,0.0,0.0,0.0,0.0,0.0,1.0,1.0,616,54,68,61.6,6.719788356455548,61.6,0.00257089138031,10,0.9294954029848858,49.0
20.0,6,64.0,568.7654588847906,0.0,0.0,1.0,0.0,0.0,0.0,0.0,0,0,0,10,0,0.0175819396972656,0.0,1.0,0.0,0.0,0.0,0.0,0.0,1.0,0.0,0.0,0.0,0.0,0.0,1.0,1.0,644,64,66,64.4,0.8432740427115678,64.4,0.0019648075103759,10,0.0,0.64
20.0,6,64.0,343.3366895050056,0.0,0.0,1.0,0.0,0.0,0.0,0.0,0,0,0,10,0,0.0291259288787841,0.0,1.0,0.0,0.0,0.0,0.0,0.0,1.0,0.0,0.0,0.0,0.0,0.0,1.0,1.0,1802,66,637,180.2,240.7547391941526,180.2,0.0031404972076416,10,1.0,52166.560000000005
20.0,6,64.0,733.4109706412072,0.0,0.0,0.6,0.4,0.4,0.0,0.0,4,0,0,6,0,0.0136349201202392,0.0,1.0,0.0,0.0,0.0,0.0,0.0,1.0,0.0,0.0,0.0,0.0,0.0,1.0,1.0,4621,54,637,462.1,281.6157547676148,462.1,0.0013654947280883,10,1.0,75530.88888888889
20.0,6,64.0,912.4201092040288,0.0,0.0,0.6,0.4,0.4,0.0,0.0,4,0,0,6,0,0.0109598636627197,0.0,1.0,0.0,0.0,0.0,0.0,0.0,1.0,0.0,0.0,0.0,0.0,0.0,1.0,1.0,3463,54,639,346.3,308.11183034735944,346.3,0.0010987997055053,10,1.0,85439.61
20.0,6,64.0,972.096321876376,0.0,0.0,0.5,0.5,0.5,0.0,0.0,5,0,0,5,0,0.0102870464324951,0.0,1.0,0.0,0.0,0.0,0.0,0.0,1.0,0.0,0.0,0.0,0.0,0.0,1.0,1.0,3465,54,639,346.5,308.322071866417,346.5,0.0012269973754882,10,1.0,85556.25
20.0,6,64.0,410.0043988699792,0.0,0.0,0.9,0.1,0.1,0.0,0.0,1,0,0,9,0,0.0243899822235107,0.0,1.0,0.0,0.0,0.0,0.0,0.0,1.0,0.0,0.0,0.0,0.0,0.0,1.0,1.0,1205,54,639,120.5,182.20943383309708,120.5,0.0026196956634521,10,1.0,85556.25
20.0,6,64.0,642.5983974506289,0.0,0.0,0.8,0.2,0.2,0.0,0.0,2,0,0,8,0,0.015561819076538,0.0,1.0,0.0,0.0,0.0,0.0,0.0,1.0,0.0,0.0,0.0,0.0,0.0,1.0,1.0,632,54,66,63.2,4.917090377222873,63.2,0.0018280029296875,10,0.9287610559360656,27.55555555555556
20.0,6,64.0,720.4603466341447,0.0,0.0,0.6,0.4,0.4,0.0,0.0,4,0,0,6,0,0.0138800144195556,0.0,1.0,0.0,0.0,0.0,0.0,0.0,1.0,0.0,0.0,0.0,0.0,0.0,1.0,1.0,612,54,66,61.2,6.196773353931867,61.2,0.0021450996398925,10,0.9292823475934576,36.0
20.0,6,64.0,1378.3450542228063,0.0,0.0,0.5,0.5,0.5,0.0,0.0,5,0,0,5,0,0.0072550773620605,0.0,1.0,0.0,0.0,0.0,0.0,0.0,1.0,0.0,0.0,0.0,0.0,0.0,1.0,1.0,600,54,66,60.0,6.324555320336759,60.0,0.0011942148208618,10,0.9293344008552924,36.0
20.0,6,64.0,2701.9931714230497,0.0,0.0,0.5,0.5,0.5,0.0,0.0,5,0,0,5,0,0.0037009716033935,0.0,1.0,0.0,0.0,0.0,0.0,0.0,1.0,0.0,0.0,0.0,0.0,0.0,1.0,1.0,604,54,68,60.4,6.785605679999719,60.4,0.001397681236267,10,0.9295222143298046,41.44
20.0,6,64.0,1002.0076924914596,0.0,0.0,0.5,0.5,0.5,0.0,0.0,5,0,0,5,0,0.0099799633026123,0.0,1.0,0.0,0.0,0.0,0.0,0.0,1.0,0.0,0.0,0.0,0.0,0.0,1.0,1.0,610,54,68,61.0,7.378647873726218,61.0,0.0011224031448364,10,0.9297637959978412,49.0
20.0,6,64.0,737.9011628929821,0.0,0.0,0.5,0.5,0.5,0.0,0.0,5,0,0,5,0,0.0135519504547119,0.0,1.0,0.0,0.0,0.0,0.0,0.0,1.0,0.0,0.0,0.0,0.0,0.0,1.0,1.0,618,54,68,61.8,6.762642481555071,61.8,0.0016199111938476,10,0.9295128600412864,49.0
20.0,6,64.0,529.8581336297831,0.0,0.0,0.6,0.4,0.4,0.0,0.0,4,0,0,6,0,0.0188729763031005,0.0,1.0,0.0,0.0,0.0,0.0,0.0,1.0,0.0,0.0,0.0,0.0,0.0,1.0,1.0,600,54,66,60.0,6.324555320336759,60.0,0.0018894910812377,10,0.9293344008552924,36.0
20.0,6,64.0,1397.635454848384,0.0,0.0,0.6,0.4,0.4,0.0,0.0,4,0,0,6,0,0.0071549415588378,0.0,1.0,0.0,0.0,0.0,0.0,0.0,1.0,0.0,0.0,0.0,0.0,0.0,1.0,1.0,620,54,68,62.0,6.928203230275509,62.0,0.0007173061370849,10,0.9295803028678852,43.2
20.0,6,64.0,1221.7605592775997,0.0,0.0,0.5,0.5,0.5,0.0,0.0,5,0,0,5,0,0.0081849098205566,0.0,1.0,0.0,0.0,0.0,0.0,0.0,1.0,0.0,0.0,0.0,0.0,0.0,1.0,1.0,610,54,68,61.0,7.378647873726218,61.0,0.0010663986206054,10,0.9297637959978412,49.0
20.0,6,64.0,655.472659363328,0.0,0.0,0.6,0.4,0.4,0.0,0.0,4,0,0,6,0,0.0152561664581298,0.0,1.0,0.0,0.0,0.0,0.0,0.0,1.0,0.0,0.0,0.0,0.0,0.0,1.0,1.0,614,54,68,61.4,6.397916327472042,61.4,0.0017471075057983,10,0.929364285195159,49.0
20.0,6,64.0,747.208237578608,0.0,0.0,0.6,0.4,0.4,0.0,0.0,4,0,0,6,0,0.013383150100708,0.0,1.0,0.0,0.0,0.0,0.0,0.0,1.0,0.0,0.0,0.0,0.0,0.0,1.0,1.0,628,54,68,62.8,6.124631508189787,62.8,0.0015841007232666,10,0.9292529598911762,36.0
20.0,6,64.0,674.357927231217,0.0,0.0,0.6,0.4,0.4,0.0,0.0,4,0,0,6,0,0.0148289203643798,0.0,1.0,0.0,0.0,0.0,0.0,0.0,1.0,0.0,0.0,0.0,0.0,0.0,1.0,1.0,624,54,68,62.4,7.229568912920511,62.4,0.001484990119934,10,0.9297030671923672,49.0
20.0,6,64.0,397.741553108968,0.0,0.0,0.9,0.1,0.1,0.0,0.0,1,0,0,9,0,0.025141954421997,0.0,1.0,0.0,0.0,0.0,0.0,0.0,1.0,0.0,0.0,0.0,0.0,0.0,1.0,1.0,628,54,68,62.8,4.9170903772228725,62.8,0.0025183916091918,10,0.9287610559360656,49.0
20.0,6,64.0,2469.1258020839464,0.0,0.0,1.0,0.0,0.0,0.0,0.0,0,0,0,10,0,0.0040500164031982,0.0,1.0,0.0,0.0,0.0,0.0,0.0,1.0,0.0,0.0,0.0,0.0,0.0,1.0,1.0,652,64,66,65.2,1.0327955589886444,65.2,0.002074909210205,10,0.9101374495989096,1.0
20.0,6,64.0,391.9543967853472,0.0,0.0,0.8,0.2,0.2,0.0,0.0,2,0,0,8,0,0.0255131721496582,0.0,1.0,0.0,0.0,0.0,0.0,0.0,1.0,0.0,0.0,0.0,0.0,0.0,1.0,1.0,628,54,66,62.8,4.732863826479693,62.8,0.0027440071105957,10,0.9286860094083548,20.160000000000004
20.0,6,64.0,960.5203013717452,0.0,0.0,0.5,0.5,0.5,0.0,0.0,5,0,0,5,0,0.0104110240936279,0.0,1.0,0.0,0.0,0.0,0.0,0.0,1.0,0.0,0.0,0.0,0.0,0.0,1.0,1.0,600,54,64,60.0,5.163977794943222,60.0,0.0012233972549438,10,0.928861627994548,25.0
20.0,6,64.0,714.3861561520644,0.0,0.0,0.6,0.4,0.4,0.0,0.0,4,0,0,6,0,0.0139980316162109,0.0,1.0,0.0,0.0,0.0,0.0,0.0,1.0,0.0,0.0,0.0,0.0,0.0,1.0,1.0,600,54,66,60.0,6.324555320336759,60.0,0.001401400566101,10,0.9293344008552924,36.0
20.0,6,64.0,1285.334640843344,0.0,0.0,0.5,0.5,0.5,0.0,0.0,5,0,0,5,0,0.0077800750732421,0.0,1.0,0.0,0.0,0.0,0.0,0.0,1.0,0.0,0.0,0.0,0.0,0.0,1.0,1.0,600,54,66,60.0,6.324555320336759,60.0,0.0010082960128784,10,0.9293344008552924,36.0
20.0,6,64.0,540.335978563331,0.0,0.0,1.0,0.0,0.0,0.0,0.0,0,0,0,10,0,0.0185070037841796,0.0,1.0,0.0,0.0,0.0,0.0,0.0,1.0,0.0,0.0,0.0,0.0,0.0,1.0,1.0,660,66,66,66.0,0.0,66.0,0.0028099060058593,10,0.0,0.0
20.0,6,64.0,269.94889749893804,0.0,0.0,1.0,0.0,0.0,0.0,0.0,0,0,0,10,0,0.0370440483093261,0.0,1.0,0.0,0.0,0.0,0.0,0.0,1.0,0.0,0.0,0.0,0.0,0.0,1.0,1.0,680,68,68,68.0,0.0,68.0,0.0039191007614135,10,0.0,0.0
20.0,6,64.0,674.2603607369064,0.0,0.0,0.8,0.2,0.2,0.0,0.0,2,0,0,8,0,0.0148310661315917,0.0,1.0,0.0,0.0,0.0,0.0,0.0,1.0,0.0,0.0,0.0,0.0,0.0,1.0,1.0,748,54,80,74.8,10.96256255525038,74.8,0.0014930963516235,10,0.9312237394825068,150.22222222222223
20.0,6,64.0,521.4590844667678,0.0,0.0,0.9,0.1,0.1,0.0,0.0,1,0,0,9,0,0.019176959991455,0.0,1.0,0.0,0.0,0.0,0.0,0.0,1.0,0.0,0.0,0.0,0.0,0.0,1.0,1.0,788,54,82,78.8,8.753412033157254,78.8,0.002158498764038,10,0.9303238199258268,103.55555555555554
20.0,6,64.0,850.2714427618643,0.0,0.0,0.6,0.4,0.4,0.0,0.0,4,0,0,6,0,0.0117609500885009,0.0,1.0,0.0,0.0,0.0,0.0,0.0,1.0,0.0,0.0,0.0,0.0,0.0,1.0,1.0,660,54,82,66.0,12.220201853215574,66.0,0.0014071941375732,10,0.931736051426926,196.0
20.0,6,64.0,1081.2012476477714,0.0,0.0,0.6,0.4,0.4,0.0,0.0,4,0,0,6,0,0.0092489719390869,0.0,1.0,0.0,0.0,0.0,0.0,0.0,1.0,0.0,0.0,0.0,0.0,0.0,1.0,1.0,612,54,66,61.2,6.196773353931867,61.2,0.0011646032333374,10,0.9292823475934576,36.0
20.0,6,64.0,943.3882141250564,0.0,0.0,0.6,0.4,0.4,0.0,0.0,4,0,0,6,0,0.0106000900268554,0.0,1.0,0.0,0.0,0.0,0.0,0.0,1.0,0.0,0.0,0.0,0.0,0.0,1.0,1.0,617,54,67,61.7,6.634087059355726,61.7,0.001236605644226,10,0.9294604917044992,39.61
20.0,6,64.0,441.384884136973,0.0,0.0,0.6,0.4,0.4,0.0,0.0,4,0,0,6,0,0.022655963897705,0.0,1.0,0.0,0.0,0.0,0.0,0.0,1.0,0.0,0.0,0.0,0.0,0.0,1.0,1.0,1957,54,1406,195.7,425.3051322939279,195.7,0.0024636030197143,10,1.0,162796.00999999998
20.0,6,64.0,562.2391420911529,0.0,0.0,1.0,0.0,0.0,0.0,0.0,0,0,0,10,0,0.0177860260009765,0.0,1.0,0.0,0.0,0.0,0.0,0.0,1.0,0.0,0.0,0.0,0.0,0.0,1.0,1.0,14060,1406,1406,1406.0,0.0,1406.0,0.0019439935684204,10,0.0,0.0
20.0,6,64.0,328.07471489135366,0.0,0.0,1.0,0.0,0.0,0.0,0.0,0,0,0,10,0,0.0304808616638183,0.0,1.0,0.0,0.0,0.0,0.0,0.0,1.0,0.0,0.0,0.0,0.0,0.0,1.0,1.0,12720,66,1406,1272.0,423.7452064625628,1272.0,0.0031827926635742,10,1.0,161604.0
20.0,6,64.0,335.6597869667165,0.0,0.0,1.0,0.0,0.0,0.0,0.0,0,0,0,10,0,0.0297920703887939,0.0,1.0,0.0,0.0,0.0,0.0,0.0,1.0,0.0,0.0,0.0,0.0,0.0,1.0,1.0,662,66,68,66.2,0.6324555320336759,66.2,0.0031128168106079,10,0.0,0.36
20.0,6,64.0,509.7102858253937,0.0,0.0,0.9,0.1,0.1,0.0,0.0,1,0,0,9,0,0.0196189880371093,0.0,1.0,0.0,0.0,0.0,0.0,0.0,1.0,0.0,0.0,0.0,0.0,0.0,1.0,1.0,678,66,68,67.8,0.6324555320336759,67.8,0.0021885871887207,10,0.0,0.36
20.0,6,64.0,770.7708988000073,0.0,0.0,0.6,0.4,0.4,0.0,0.0,4,0,0,6,0,0.0129740238189697,0.0,1.0,0.0,0.0,0.0,0.0,0.0,1.0,0.0,0.0,0.0,0.0,0.0,1.0,1.0,600,54,66,60.0,6.324555320336759,60.0,0.0012998104095458,10,0.9293344008552924,36.0
20.0,6,64.0,991.373735463742,0.0,0.0,0.5,0.5,0.5,0.0,0.0,5,0,0,5,0,0.0100870132446289,0.0,1.0,0.0,0.0,0.0,0.0,0.0,1.0,0.0,0.0,0.0,0.0,0.0,1.0,1.0,614,54,67,61.4,6.380525927469546,61.4,0.0012181997299194,10,0.929357201041814,36.83950617283951
20.0,6,64.0,827.8830704853641,0.0,0.0,0.5,0.5,0.5,0.0,0.0,5,0,0,5,0,0.0120790004730224,0.0,1.0,0.0,0.0,0.0,0.0,0.0,1.0,0.0,0.0,0.0,0.0,0.0,1.0,1.0,605,54,67,60.5,6.851601597031489,60.5,0.0012112855911254,10,0.9295490984265669,42.25
20.0,6,64.0,594.1445448621696,0.0,0.0,0.7,0.3,0.3,0.0,0.0,3,0,0,7,0,0.0168309211730957,0.0,1.0,0.0,0.0,0.0,0.0,0.0,1.0,0.0,0.0,0.0,0.0,0.0,1.0,1.0,615,54,67,61.5,6.467869303977419,61.5,0.001685094833374,10,0.9293927812396684,42.25
20.0,6,64.0,765.7053142742392,0.0,0.0,0.7,0.3,0.3,0.0,0.0,3,0,0,7,0,0.0130598545074462,0.0,1.0,0.0,0.0,0.0,0.0,0.0,1.0,0.0,0.0,0.0,0.0,0.0,1.0,1.0,624,54,66,62.4,5.796550698475775,62.4,0.0015393018722534,10,0.9291193128925312,36.0
20.0,6,64.0,539.779676721919,0.0,0.0,0.9,0.1,0.1,0.0,0.0,1,0,0,9,0,0.0185260772705078,0.0,1.0,0.0,0.0,0.0,0.0,0.0,1.0,0.0,0.0,0.0,0.0,0.0,1.0,1.0,657,54,67,65.7,4.110960958218893,65.7,0.0020388126373291,10,0.92843267105594,31.6875
20.0,6,64.0,452.7139279854935,0.0,0.0,0.7,0.3,0.3,0.0,0.0,3,0,0,7,0,0.0220890045166015,0.0,1.0,0.0,0.0,0.0,0.0,0.0,1.0,0.0,0.0,0.0,0.0,0.0,1.0,1.0,613,54,67,61.3,5.121848624601603,61.3,0.0024455070495605,10,0.9288444662557176,24.1875
20.0,6,64.0,750.9810030259082,0.0,0.0,0.7,0.3,0.3,0.0,0.0,3,0,0,7,0,0.0133159160614013,0.0,1.0,0.0,0.0,0.0,0.0,0.0,1.0,0.0,0.0,0.0,0.0,0.0,1.0,1.0,616,54,66,61.6,5.316640543300503,61.6,0.0015015840530395,10,0.9289238166917188,25.876543209876544
20.0,6,64.0,743.6049995567769,0.0,0.0,0.6,0.4,0.4,0.0,0.0,4,0,0,6,0,0.0134479999542236,0.0,1.0,0.0,0.0,0.0,0.0,0.0,1.0,0.0,0.0,0.0,0.0,0.0,1.0,1.0,624,54,66,62.4,5.796550698475775,62.4,0.0016025066375732,10,0.9291193128925312,36.0
20.0,6,64.0,335.885579749025,0.0,0.0,1.0,0.0,0.0,0.0,0.0,0,0,0,10,0,0.0297720432281494,0.0,1.0,0.0,0.0,0.0,0.0,0.0,1.0,0.0,0.0,0.0,0.0,0.0,1.0,1.0,630,54,64,63.0,3.1622776601683795,63.0,0.0029834985733032,10,0.9280462154276462,25.0
20.0,6,64.0,497.0437874029745,0.0,0.0,1.0,0.0,0.0,0.0,0.0,0,0,0,10,0,0.0201189517974853,0.0,1.0,0.0,0.0,0.0,0.0,0.0,1.0,0.0,0.0,0.0,0.0,0.0,1.0,1.0,658,64,66,65.8,0.6324555320336757,65.8,0.0022188901901245,10,0.0,1.0
20.0,6,64.0,418.743660396949,0.0,0.0,1.0,0.0,0.0,0.0,0.0,0,0,0,10,0,0.0238809585571289,0.0,1.0,0.0,0.0,0.0,0.0,0.0,1.0,0.0,0.0,0.0,0.0,0.0,1.0,1.0,660,66,66,66.0,0.0,66.0,0.0026134014129638,10,0.0,0.0
20.0,6,64.0,498.1299509507013,0.0,0.0,1.0,0.0,0.0,0.0,0.0,0,0,0,10,0,0.0200750827789306,0.0,1.0,0.0,0.0,0.0,0.0,0.0,1.0,0.0,0.0,0.0,0.0,0.0,1.0,1.0,678,66,68,67.8,0.6324555320336757,67.8,0.0021958112716674,10,0.0,1.0
20.0,6,64.0,409.01284289155217,0.0,0.0,1.0,0.0,0.0,0.0,0.0,0,0,0,10,0,0.0244491100311279,0.0,1.0,0.0,0.0,0.0,0.0,0.0,1.0,0.0,0.0,0.0,0.0,0.0,1.0,1.0,4316,68,472,431.6,127.75601747080256,431.6,0.0027069091796875,10,0.9549429012769062,40804.0
20.0,6,64.0,524.0849170946258,0.0,0.0,1.0,0.0,0.0,0.0,0.0,0,0,0,10,0,0.0190808773040771,0.0,1.0,0.0,0.0,0.0,0.0,0.0,1.0,0.0,0.0,0.0,0.0,0.0,1.0,1.0,4738,472,474,473.8,0.632455532033676,473.8,0.0021896839141845,10,0.0,1.0
20.0,6,64.0,411.1176020858246,0.0,0.0,0.7,0.3,0.3,0.0,0.0,3,0,0,7,0,0.0243239402770996,0.0,1.0,0.0,0.0,0.0,0.0,0.0,1.0,0.0,0.0,0.0,0.0,0.0,1.0,1.0,1020,54,474,102.0,130.79245645933358,102.0,0.0027069091796875,10,0.9800376450632742,42025.0
20.0,6,64.0,908.3298683298684,0.0,0.0,0.6,0.4,0.4,0.0,0.0,4,0,0,6,0,0.0110092163085937,0.0,1.0,0.0,0.0,0.0,0.0,0.0,1.0,0.0,0.0,0.0,0.0,0.0,1.0,1.0,604,54,66,60.4,5.561774297230456,60.4,0.0013570070266723,10,0.9290236743777198,27.84
20.0,6,64.0,724.2672376577852,0.0,0.0,0.6,0.4,0.4,0.0,0.0,4,0,0,6,0,0.0138070583343505,0.0,1.0,0.0,0.0,0.0,0.0,0.0,1.0,0.0,0.0,0.0,0.0,0.0,1.0,1.0,624,54,66,62.4,5.796550698475776,62.4,0.0015873908996582,10,0.9291193128925312,33.75
20.0,6,64.0,398.2967732133022,0.0,0.0,1.0,0.0,0.0,0.0,0.0,0,0,0,10,0,0.0251069068908691,0.0,1.0,0.0,0.0,0.0,0.0,0.0,1.0,0.0,0.0,0.0,0.0,0.0,1.0,1.0,720,54,75,72.0,6.928203230275509,72.0,0.0025131940841674,10,0.9295803028678852,74.25
20.0,6,64.0,489.49700067689,0.0,0.0,1.0,0.0,0.0,0.0,0.0,0,0,0,10,0,0.0204291343688964,0.0,1.0,0.0,0.0,0.0,0.0,0.0,1.0,0.0,0.0,0.0,0.0,0.0,1.0,1.0,766,75,77,76.6,0.8432740427115678,76.6,0.0023364067077636,10,0.0,1.0
20.0,6,64.0,548.906454483589,0.0,0.0,0.6,0.4,0.4,0.0,0.0,4,0,0,6,0,0.0182180404663085,0.0,1.0,0.0,0.0,0.0,0.0,0.0,1.0,0.0,0.0,0.0,0.0,0.0,1.0,1.0,2950,54,645,295.0,301.36209302284703,295.0,0.0021997928619384,10,1.0,83648.61728395062
20.0,6,64.0,1061.5534914327657,0.0,0.0,0.5,0.5,0.5,0.0,0.0,5,0,0,5,0,0.0094201564788818,0.0,1.0,0.0,0.0,0.0,0.0,0.0,1.0,0.0,0.0,0.0,0.0,0.0,1.0,1.0,3495,54,645,349.5,311.4843495265854,349.5,0.0012513160705566,10,1.0,87320.25
20.0,6,64.0,929.6298594795868,0.0,0.0,0.6,0.4,0.4,0.0,0.0,4,0,0,6,0,0.0107569694519042,0.0,1.0,0.0,0.0,0.0,0.0,0.0,1.0,0.0,0.0,0.0,0.0,0.0,1.0,1.0,4096,54,647,409.6,306.0523557243833,409.6,0.0013055801391601,10,1.0,87320.25
20.0,6,64.0,1314.74641088333,0.0,0.0,0.5,0.5,0.5,0.0,0.0,5,0,0,5,0,0.007606029510498,0.0,1.0,0.0,0.0,0.0,0.0,0.0,1.0,0.0,0.0,0.0,0.0,0.0,1.0,1.0,3505,54,647,350.5,312.53844207997486,350.5,0.0009966135025024,10,1.0,87912.25
20.0,6,64.0,1265.8228459333031,0.0,0.0,1.0,0.0,0.0,0.0,0.0,0,0,0,10,0,0.0078999996185302,0.0,1.0,0.0,0.0,0.0,0.0,0.0,1.0,0.0,0.0,0.0,0.0,0.0,1.0,1.0,660,66,66,66.0,0.0,66.0,0.0027263879776,10,0.0,0.0
20.0,6,64.0,488.5220774077827,0.0,0.0,1.0,0.0,0.0,0.0,0.0,0,0,0,10,0,0.0204699039459228,0.0,1.0,0.0,0.0,0.0,0.0,0.0,1.0,0.0,0.0,0.0,0.0,0.0,1.0,1.0,670,67,67,67.0,0.0,67.0,0.0022804975509643,10,0.0,0.0
20.0,6,64.0,906.5433246158168,0.0,0.0,0.7,0.3,0.3,0.0,0.0,3,0,0,7,0,0.0110309123992919,0.0,1.0,0.0,0.0,0.0,0.0,0.0,1.0,0.0,0.0,0.0,0.0,0.0,1.0,1.0,813,54,93,81.3,18.83878977004627,81.3,0.0023365020751953,10,0.934432199400726,319.41
20.0,6,64.0,1048.1043530411314,0.0,0.0,0.6,0.4,0.4,0.0,0.0,4,0,0,6,0,0.0095410346984863,0.0,1.0,0.0,0.0,0.0,0.0,0.0,1.0,0.0,0.0,0.0,0.0,0.0,1.0,1.0,780,54,95,78.0,20.672042311618203,78.0,0.0012091159820556,10,0.9351789931560608,391.65432098765433
20.0,6,64.0,839.8350086099875,0.0,0.0,0.6,0.4,0.4,0.0,0.0,4,0,0,6,0,0.0119071006774902,0.0,1.0,0.0,0.0,0.0,0.0,0.0,1.0,0.0,0.0,0.0,0.0,0.0,1.0,1.0,786,54,95,78.6,21.17230895926721,78.6,0.0014487981796264,10,0.9353827817776472,403.44
20.0,6,64.0,345.8991571690115,0.0,0.0,1.0,0.0,0.0,0.0,0.0,0,0,0,10,0,0.0289101600646972,0.0,1.0,0.0,0.0,0.0,0.0,0.0,1.0,0.0,0.0,0.0,0.0,0.0,1.0,1.0,1031,95,104,103.1,2.8460498941515424,103.1,0.0030323028564453,10,0.8580480668848817,20.25
20.0,6,64.0,1347.5675502008032,0.0,0.0,1.0,0.0,0.0,0.0,0.0,0,0,0,10,0,0.0074207782745361,0.0,1.0,0.0,0.0,0.0,0.0,0.0,1.0,0.0,0.0,0.0,0.0,0.0,1.0,1.0,1058,104,106,105.8,0.6324555320336757,105.8,0.0020626783370971,10,0.0,1.0
20.0,6,64.0,345.25851353687347,0.0,0.0,1.0,0.0,0.0,0.0,0.0,0,0,0,10,0,0.0289638042449951,0.0,1.0,0.0,0.0,0.0,0.0,0.0,1.0,0.0,0.0,0.0,0.0,0.0,1.0,1.0,700,66,106,70.0,12.649110640673518,70.0,0.0031383037567138,10,0.9114612117105848,400.0
20.0,6,64.0,454.5882556954891,0.0,0.0,1.0,0.0,0.0,0.0,0.0,0,0,0,10,0,0.0219979286193847,0.0,1.0,0.0,0.0,0.0,0.0,0.0,1.0,0.0,0.0,0.0,0.0,0.0,1.0,1.0,660,66,66,66.0,0.0,66.0,0.0024626016616821,10,0.0,0.0
20.0,6,64.0,354.97418710540126,0.0,0.0,1.0,0.0,0.0,0.0,0.0,0,0,0,10,0,0.0281710624694824,0.0,1.0,0.0,0.0,0.0,0.0,0.0,1.0,0.0,0.0,0.0,0.0,0.0,1.0,1.0,660,66,66,66.0,0.0,66.0,0.003048300743103,10,0.0,0.0
20.0,6,64.0,642.8741780727435,0.0,0.0,1.0,0.0,0.0,0.0,0.0,0,0,0,10,0,0.0155551433563232,0.0,1.0,0.0,0.0,0.0,0.0,0.0,1.0,0.0,0.0,0.0,0.0,0.0,1.0,1.0,678,66,68,67.8,0.6324555320336757,67.8,0.0015582084655761,10,0.0,1.0
20.0,6,64.0,441.0738960806789,0.0,0.0,0.6,0.4,0.4,0.0,0.0,4,0,0,6,0,0.0226719379425048,0.0,1.0,0.0,0.0,0.0,0.0,0.0,1.0,0.0,0.0,0.0,0.0,0.0,1.0,1.0,614,54,68,61.4,6.397916327472042,61.4,0.002465796470642,10,0.929364285195159,36.84
20.0,6,64.0,920.8940411891276,0.0,0.0,0.6,0.4,0.4,0.0,0.0,4,0,0,6,0,0.0108590126037597,0.0,1.0,0.0,0.0,0.0,0.0,0.0,1.0,0.0,0.0,0.0,0.0,0.0,1.0,1.0,614,54,68,61.4,6.397916327472042,61.4,0.0014096975326538,10,0.929364285195159,36.84
20.0,6,64.0,831.0489399643352,0.0,0.0,0.6,0.4,0.4,0.0,0.0,4,0,0,6,0,0.0120329856872558,0.0,1.0,0.0,0.0,0.0,0.0,0.0,1.0,0.0,0.0,0.0,0.0,0.0,1.0,1.0,624,54,68,62.4,7.229568912920511,62.4,0.0013653993606567,10,0.9297030671923672,49.0
20.0,6,64.0,408.9968893526148,0.0,0.0,0.9,0.1,0.1,0.0,0.0,1,0,0,9,0,0.0244500637054443,0.0,1.0,0.0,0.0,0.0,0.0,0.0,1.0,0.0,0.0,0.0,0.0,0.0,1.0,1.0,642,54,68,64.2,4.049691346263317,64.2,0.0027511119842529,10,0.9284077122668138,36.75
20.0,6,64.0,495.6400075628664,0.0,0.0,0.9,0.1,0.1,0.0,0.0,1,0,0,9,0,0.0201759338378906,0.0,1.0,0.0,0.0,0.0,0.0,0.0,1.0,0.0,0.0,0.0,0.0,0.0,1.0,1.0,640,54,66,64.0,3.651483716701108,64.0,0.0020193815231323,10,0.9282454984068352,14.693877551020408
20.0,6,64.0,632.0339953587896,0.0,0.0,0.9,0.1,0.1,0.0,0.0,1,0,0,9,0,0.0158219337463378,0.0,1.0,0.0,0.0,0.0,0.0,0.0,1.0,0.0,0.0,0.0,0.0,0.0,1.0,1.0,1228,54,211,122.8,75.99824559378547,122.8,0.0033199071884155,10,0.9577166753250844,5198.16
20.0,6,64.0,1567.9054988598557,0.0,0.0,0.7,0.3,0.3,0.0,0.0,3,0,0,7,0,0.0063779354095458,0.0,1.0,0.0,0.0,0.0,0.0,0.0,1.0,0.0,0.0,0.0,0.0,0.0,1.0,1.0,1641,54,213,164.1,75.97872509240113,164.1,0.0006392955780029,10,0.9577087234536406,5477.555555555556
20.0,6,64.0,524.4387761481426,0.0,0.0,0.9,0.1,0.1,0.0,0.0,1,0,0,9,0,0.0190680027008056,0.0,1.0,0.0,0.0,0.0,0.0,0.0,1.0,0.0,0.0,0.0,0.0,0.0,1.0,1.0,1971,54,213,197.1,50.28021479667724,197.1,0.0021300077438354,10,0.9472401782995744,5618.0
20.0,6,64.0,503.57834073718334,0.0,0.0,1.0,0.0,0.0,0.0,0.0,0,0,0,10,0,0.0198578834533691,0.0,1.0,0.0,0.0,0.0,0.0,0.0,1.0,0.0,0.0,0.0,0.0,0.0,1.0,1.0,640,64,64,64.0,0.0,64.0,0.0029865980148315,10,0.0,0.0
20.0,6,64.0,535.7325873982961,0.0,0.0,1.0,0.0,0.0,0.0,0.0,0,0,0,10,0,0.0186660289764404,0.0,1.0,0.0,0.0,0.0,0.0,0.0,1.0,0.0,0.0,0.0,0.0,0.0,1.0,1.0,660,66,66,66.0,0.0,66.0,0.0020292997360229,10,0.0,0.0
20.0,6,64.0,795.7321191424777,0.0,0.0,0.7,0.3,0.3,0.0,0.0,3,0,0,7,0,0.0125670433044433,0.0,1.0,0.0,0.0,0.0,0.0,0.0,1.0,0.0,0.0,0.0,0.0,0.0,1.0,1.0,624,54,66,62.4,5.796550698475775,62.4,0.0025365114212036,10,0.9291193128925312,32.0
20.0,6,64.0,909.6694716751972,0.0,0.0,0.6,0.4,0.4,0.0,0.0,4,0,0,6,0,0.0109930038452148,0.0,1.0,0.0,0.0,0.0,0.0,0.0,1.0,0.0,0.0,0.0,0.0,0.0,1.0,1.0,618,54,68,61.8,6.762642481555071,61.8,0.0013000965118408,10,0.9295128600412864,41.16
20.0,6,64.0,747.6077928096537,0.0,0.0,0.7,0.3,0.3,0.0,0.0,3,0,0,7,0,0.0133759975433349,0.0,1.0,0.0,0.0,0.0,0.0,0.0,1.0,0.0,0.0,0.0,0.0,0.0,1.0,1.0,638,54,68,63.8,6.762642481555071,63.8,0.0015540838241577,10,0.9295128600412864,41.16
20.0,6,64.0,759.0126673905175,0.0,0.0,0.6,0.4,0.4,0.0,0.0,4,0,0,6,0,0.0131750106811523,0.0,1.0,0.0,0.0,0.0,0.0,0.0,1.0,0.0,0.0,0.0,0.0,0.0,1.0,1.0,804,54,98,80.4,22.721502297750177,80.4,0.0023406028747558,10,0.9360138611760116,484.0
20.0,6,64.0,808.0732106733456,0.0,0.0,0.6,0.4,0.4,0.0,0.0,4,0,0,6,0,0.0123751163482666,0.0,1.0,0.0,0.0,0.0,0.0,0.0,1.0,0.0,0.0,0.0,0.0,0.0,1.0,1.0,854,54,100,85.4,21.685632724609786,85.4,0.0016805171966552,10,0.935591889346697,464.64
20.0,6,64.0,1023.425322694776,0.0,0.0,0.5,0.5,0.5,0.0,0.0,5,0,0,5,0,0.0097711086273193,0.0,1.0,0.0,0.0,0.0,0.0,0.0,1.0,0.0,0.0,0.0,0.0,0.0,1.0,1.0,770,54,100,77.0,24.244128727957577,77.0,0.0009789943695068,10,0.9366341182786208,529.0
20.0,6,64.0,478.403157186363,0.0,0.0,0.8,0.2,0.2,0.0,0.0,2,0,0,8,0,0.0209028720855712,0.0,1.0,0.0,0.0,0.0,0.0,0.0,1.0,0.0,0.0,0.0,0.0,0.0,1.0,1.0,682,54,100,68.2,17.37047303136369,68.2,0.0020921945571899,10,0.9338340658940564,529.0
20.0,6,64.0,525.2597305014276,0.0,0.0,1.0,0.0,0.0,0.0,0.0,0,0,0,10,0,0.0190382003784179,0.0,1.0,0.0,0.0,0.0,0.0,0.0,1.0,0.0,0.0,0.0,0.0,0.0,1.0,1.0,650,64,66,65.0,1.0540925533894598,65.0,0.0021083116531372,10,0.9101461251425488,1.0
20.0,6,64.0,340.9365728359738,0.0,0.0,0.7,0.3,0.3,0.0,0.0,3,0,0,7,0,0.0293309688568115,0.0,1.0,0.0,0.0,0.0,0.0,0.0,1.0,0.0,0.0,0.0,0.0,0.0,1.0,1.0,750,54,104,75.0,20.575065816014614,75.0,0.0033540964126586,10,0.9351394888108118,381.0
20.0,6,64.0,2184.874720008335,0.0,0.0,0.6,0.4,0.4,0.0,0.0,4,0,0,6,0,0.0045769214630126,0.0,1.0,0.0,0.0,0.0,0.0,0.0,1.0,0.0,0.0,0.0,0.0,0.0,1.0,1.0,790,54,104,79.0,26.352313834736496,79.0,0.0004586935043334,10,0.9374929085637184,625.0
20.0,6,64.0,1073.1786198602972,0.0,0.0,0.5,0.5,0.5,0.0,0.0,5,0,0,5,0,0.0093181133270263,0.0,1.0,0.0,0.0,0.0,0.0,0.0,1.0,0.0,0.0,0.0,0.0,0.0,1.0,1.0,796,54,106,79.6,26.99464967565075,79.6,0.0011238098144531,10,0.937754570491873,655.8399999999999
20.0,6,64.0,1172.4775668800492,0.0,0.0,0.5,0.5,0.5,0.0,0.0,5,0,0,5,0,0.0085289478302001,0.0,1.0,0.0,0.0,0.0,0.0,0.0,1.0,0.0,0.0,0.0,0.0,0.0,1.0,1.0,800,54,106,80.0,27.406406388125955,80.0,0.0011143922805786,10,0.937922303706267,676.0
20.0,6,64.0,483.2314480915239,0.0,0.0,0.5,0.5,0.5,0.0,0.0,5,0,0,5,0,0.0206940174102783,0.0,1.0,0.0,0.0,0.0,0.0,0.0,1.0,0.0,0.0,0.0,0.0,0.0,1.0,1.0,692,54,106,69.2,20.203410053200862,69.2,0.0022629022598266,10,0.934988091119272,676.0
20.0,6,64.0,804.5700255126508,0.0,0.0,0.8,0.2,0.2,0.0,0.0,2,0,0,8,0,0.0124289989471435,0.0,1.0,0.0,0.0,0.0,0.0,0.0,1.0,0.0,0.0,0.0,0.0,0.0,1.0,1.0,626,54,68,62.6,5.966573556070519,62.6,0.0012452840805053,10,0.9291885734038008,36.0
20.0,6,64.0,831.6751269035533,0.0,0.0,0.5,0.5,0.5,0.0,0.0,5,0,0,5,0,0.01202392578125,0.0,1.0,0.0,0.0,0.0,0.0,0.0,1.0,0.0,0.0,0.0,0.0,0.0,1.0,1.0,624,54,68,62.4,7.229568912920511,62.4,0.0014824151992797,10,0.9297030671923672,49.0
20.0,6,64.0,270.7836921785726,0.0,0.0,0.9,0.1,0.1,0.0,0.0,1,0,0,9,0,0.0369298458099365,0.0,1.0,0.0,0.0,0.0,0.0,0.0,1.0,0.0,0.0,0.0,0.0,0.0,1.0,1.0,642,54,68,64.2,5.4528280124476085,64.2,0.0036959886550903,10,0.9289792940191508,49.0
20.0,6,64.0,1374.956236682511,0.0,0.0,1.0,0.0,0.0,0.0,0.0,0,0,0,10,0,0.0072729587554931,0.0,1.0,0.0,0.0,0.0,0.0,0.0,1.0,0.0,0.0,0.0,0.0,0.0,1.0,1.0,670,66,68,67.0,1.0540925533894598,67.0,0.0007313013076782,10,0.9067378651425488,1.0
20.0,6,64.0,328.59132750989073,0.0,0.0,1.0,0.0,0.0,0.0,0.0,0,0,0,10,0,0.0304329395294189,0.0,1.0,0.0,0.0,0.0,0.0,0.0,1.0,0.0,0.0,0.0,0.0,0.0,1.0,1.0,1530,68,238,153.0,89.59786703810408,153.0,0.003264307975769,10,0.9393987971166422,7225.0
20.0,6,64.0,522.9870696642103,0.0,0.0,1.0,0.0,0.0,0.0,0.0,0,0,0,10,0,0.0191209316253662,0.0,1.0,0.0,0.0,0.0,0.0,0.0,1.0,0.0,0.0,0.0,0.0,0.0,1.0,1.0,2390,238,240,239.0,1.0540925533894598,239.0,0.0021138906478881,10,0.6136275051425488,1.0
20.0,6,64.0,435.2337369901109,0.0,0.0,0.8,0.2,0.2,0.0,0.0,2,0,0,8,0,0.0229761600494384,0.0,1.0,0.0,0.0,0.0,0.0,0.0,1.0,0.0,0.0,0.0,0.0,0.0,1.0,1.0,1506,54,240,150.6,94.3376913009853,150.6,0.0025559186935424,10,0.9651874319283694,8009.639999999999
20.0,6,64.0,792.8890905310119,0.0,0.0,0.7,0.3,0.3,0.0,0.0,3,0,0,7,0,0.0126121044158935,0.0,1.0,0.0,0.0,0.0,0.0,0.0,1.0,0.0,0.0,0.0,0.0,0.0,1.0,1.0,624,54,66,62.4,5.796550698475775,62.4,0.0014739990234375,10,0.9291193128925312,30.24
20.0,6,64.0,729.4441739130435,0.0,0.0,0.6,0.4,0.4,0.0,0.0,4,0,0,6,0,0.0137090682983398,0.0,1.0,0.0,0.0,0.0,0.0,0.0,1.0,0.0,0.0,0.0,0.0,0.0,1.0,1.0,638,54,68,63.8,6.762642481555072,63.8,0.0015552997589111,10,0.9295128600412864,48.0
20.0,6,64.0,397.9491071936849,0.0,0.0,0.9,0.1,0.1,0.0,0.0,1,0,0,9,0,0.0251288414001464,0.0,1.0,0.0,0.0,0.0,0.0,0.0,1.0,0.0,0.0,0.0,0.0,0.0,1.0,1.0,2032,54,344,203.2,148.50424610465222,203.2,0.0025160789489746,10,0.9872527196931912,19848.16
20.0,6,64.0,483.8613815698399,0.0,0.0,1.0,0.0,0.0,0.0,0.0,0,0,0,10,0,0.0206670761108398,0.0,1.0,0.0,0.0,0.0,0.0,0.0,1.0,0.0,0.0,0.0,0.0,0.0,1.0,1.0,3450,344,346,345.0,1.0540925533894598,345.0,0.002246618270874,10,0.4329897251425488,1.0
20.0,6,64.0,332.7677062589751,0.0,0.0,0.7,0.3,0.3,0.0,0.0,3,0,0,7,0,0.0300509929656982,0.0,1.0,0.0,0.0,0.0,0.0,0.0,1.0,0.0,0.0,0.0,0.0,0.0,1.0,1.0,2036,54,346,203.6,150.1667221605521,203.6,0.0033109903335571,10,0.9879299459393224,20295.04
20.0,6,64.0,2098.7260445334,0.0,0.0,0.6,0.4,0.4,0.0,0.0,4,0,0,6,0,0.0047647953033447,0.0,1.0,0.0,0.0,0.0,0.0,0.0,1.0,0.0,0.0,0.0,0.0,0.0,1.0,1.0,600,54,66,60.0,6.324555320336759,60.0,0.0004787921905517,10,0.9293344008552924,36.0
20.0,6,64.0,1206.4384743715125,0.0,0.0,0.5,0.5,0.5,0.0,0.0,5,0,0,5,0,0.0082888603210449,0.0,1.0,0.0,0.0,0.0,0.0,0.0,1.0,0.0,0.0,0.0,0.0,0.0,1.0,1.0,606,54,68,60.6,6.995236474439826,60.6,0.0010447025299072,10,0.9296076095302278,44.04
20.0,6,64.0,1140.6243881213968,0.0,0.0,0.5,0.5,0.5,0.0,0.0,5,0,0,5,0,0.0087671279907226,0.0,1.0,0.0,0.0,0.0,0.0,0.0,1.0,0.0,0.0,0.0,0.0,0.0,1.0,1.0,610,54,68,61.0,7.378647873726218,61.0,0.0012432098388671,10,0.9297637959978412,49.0
20.0,6,64.0,501.45308035340673,0.0,0.0,0.9,0.1,0.1,0.0,0.0,1,0,0,9,0,0.0199420452117919,0.0,1.0,0.0,0.0,0.0,0.0,0.0,1.0,0.0,0.0,0.0,0.0,0.0,1.0,1.0,638,54,68,63.8,3.8239014399199953,63.8,0.0025618076324462,10,0.9283157344905658,49.0
20.0,6,64.0,487.7097674418605,0.0,0.0,1.0,0.0,0.0,0.0,0.0,0,0,0,10,0,0.0205039978027343,0.0,1.0,0.0,0.0,0.0,0.0,0.0,1.0,0.0,0.0,0.0,0.0,0.0,1.0,1.0,654,64,66,65.4,0.9660917830792958,65.4,0.0022389888763427,10,0.0,1.0
20.0,6,64.0,360.4128034371643,0.0,0.0,1.0,0.0,0.0,0.0,0.0,0,0,0,10,0,0.0277459621429443,0.0,1.0,0.0,0.0,0.0,0.0,0.0,1.0,0.0,0.0,0.0,0.0,0.0,1.0,1.0,660,66,66,66.0,0.0,66.0,0.0030040025711059,10,0.0,0.0
20.0,6,64.0,606.6129615434679,0.0,0.0,1.0,0.0,0.0,0.0,0.0,0,0,0,10,0,0.0164849758148193,0.0,1.0,0.0,0.0,0.0,0.0,0.0,1.0,0.0,0.0,0.0,0.0,0.0,1.0,1.0,674,66,68,67.4,0.9660917830792958,67.4,0.0018604040145874,10,0.0,1.0
20.0,6,64.0,318.2783557568997,0.0,0.0,1.0,0.0,0.0,0.0,0.0,0,0,0,10,0,0.031419038772583,0.0,1.0,0.0,0.0,0.0,0.0,0.0,1.0,0.0,0.0,0.0,0.0,0.0,1.0,1.0,666,66,68,66.6,0.9660917830792958,66.6,0.0033463954925537,10,0.0,1.0
20.0,6,64.0,408.01019465169895,0.0,0.0,1.0,0.0,0.0,0.0,0.0,0,0,0,10,0,0.0245091915130615,0.0,1.0,0.0,0.0,0.0,0.0,0.0,1.0,0.0,0.0,0.0,0.0,0.0,1.0,1.0,674,66,68,67.4,0.9660917830792958,67.4,0.0026570081710815,10,0.0,1.0
20.0,6,64.0,459.2420974258466,0.0,0.0,0.8,0.2,0.2,0.0,0.0,2,0,0,8,0,0.0217750072479248,0.0,1.0,0.0,0.0,0.0,0.0,0.0,1.0,0.0,0.0,0.0,0.0,0.0,1.0,1.0,2037,54,345,203.7,149.03098111913957,203.7,0.0021799802780151,10,0.9874672904686927,19989.21
20.0,6,64.0,625.035988376425,0.0,0.0,0.7,0.3,0.3,0.0,0.0,3,0,0,7,0,0.0159990787506103,0.0,1.0,0.0,0.0,0.0,0.0,0.0,1.0,0.0,0.0,0.0,0.0,0.0,1.0,1.0,2581,54,347,258.1,140.84463465503794,258.1,0.001811408996582,10,0.9841325003730764,20738.20408163265
20.0,6,64.0,852.29293668211,0.0,0.0,0.6,0.4,0.4,0.0,0.0,4,0,0,6,0,0.011733055114746,0.0,1.0,0.0,0.0,0.0,0.0,0.0,1.0,0.0,0.0,0.0,0.0,0.0,1.0,1.0,2298,54,347,229.8,151.30454939183642,229.8,0.0011757135391235,10,0.9883934512402583,20603.76
20.0,6,64.0,321.8860510805501,0.0,0.0,0.6,0.4,0.4,0.0,0.0,4,0,0,6,0,0.03106689453125,0.0,1.0,0.0,0.0,0.0,0.0,0.0,1.0,0.0,0.0,0.0,0.0,0.0,1.0,1.0,1174,54,347,117.4,121.14197364158213,117.4,0.0033410787582397,10,0.976106424382635,20610.25
20.0,6,64.0,3429.520850367948,0.0,0.0,0.5,0.5,0.5,0.0,0.0,5,0,0,5,0,0.0029158592224121,0.0,1.0,0.0,0.0,0.0,0.0,0.0,1.0,0.0,0.0,0.0,0.0,0.0,1.0,1.0,600,54,66,60.0,6.324555320336759,60.0,0.00035400390625,10,0.9293344008552924,36.0
20.0,6,64.0,1314.046179391585,0.0,0.0,0.5,0.5,0.5,0.0,0.0,5,0,0,5,0,0.0076100826263427,0.0,1.0,0.0,0.0,0.0,0.0,0.0,1.0,0.0,0.0,0.0,0.0,0.0,1.0,1.0,608,54,68,60.8,7.192588778272627,60.8,0.0008108139038085,10,0.9296880029647172,46.56
20.0,6,64.0,1096.1488605477734,0.0,0.0,0.5,0.5,0.5,0.0,0.0,5,0,0,5,0,0.0091228485107421,0.0,1.0,0.0,0.0,0.0,0.0,0.0,1.0,0.0,0.0,0.0,0.0,0.0,1.0,1.0,610,54,68,61.0,7.378647873726218,61.0,0.0012318849563598,10,0.9297637959978412,49.0
20.0,6,64.0,641.6055803708009,0.0,0.0,0.7,0.3,0.3,0.0,0.0,3,0,0,7,0,0.0155858993530273,0.0,1.0,0.0,0.0,0.0,0.0,0.0,1.0,0.0,0.0,0.0,0.0,0.0,1.0,1.0,632,54,68,63.2,6.356099432828282,63.2,0.0017317056655883,10,0.9293472506649568,49.0
20.0,6,64.0,711.6468152974312,0.0,0.0,0.8,0.2,0.2,0.0,0.0,2,0,0,8,0,0.0140519142150878,0.0,1.0,0.0,0.0,0.0,0.0,0.0,1.0,0.0,0.0,0.0,0.0,0.0,1.0,1.0,652,54,69,65.2,5.977736472389305,65.2,0.001636791229248,10,0.9291931207293924,37.55555555555556
20.0,6,64.0,371.4172872740797,0.0,0.0,0.8,0.2,0.2,0.0,0.0,2,0,0,8,0,0.0269238948822021,0.0,1.0,0.0,0.0,0.0,0.0,0.0,1.0,0.0,0.0,0.0,0.0,0.0,1.0,1.0,650,54,69,65.0,6.146362971528592,65.0,0.0029632091522216,10,0.929261812420082,34.0
20.0,6,64.0,868.4398616891318,0.0,0.0,0.5,0.5,0.5,0.0,0.0,5,0,0,5,0,0.0115149021148681,0.0,1.0,0.0,0.0,0.0,0.0,0.0,1.0,0.0,0.0,0.0,0.0,0.0,1.0,1.0,590,54,64,59.0,5.270462766947299,59.0,0.0011538982391357,10,0.9289050057127436,25.0
20.0,6,64.0,1334.1934662976746,0.0,0.0,0.5,0.5,0.5,0.0,0.0,5,0,0,5,0,0.0074951648712158,0.0,1.0,0.0,0.0,0.0,0.0,0.0,1.0,0.0,0.0,0.0,0.0,0.0,1.0,1.0,594,54,66,59.4,5.738757124441959,59.4,0.0010039091110229,10,0.9290957701022128,29.64
20.0,6,64.0,828.9793659577832,0.0,0.0,0.6,0.4,0.4,0.0,0.0,4,0,0,6,0,0.0120630264282226,0.0,1.0,0.0,0.0,0.0,0.0,0.0,1.0,0.0,0.0,0.0,0.0,0.0,1.0,1.0,612,54,66,61.2,6.196773353931867,61.2,0.0014111042022705,10,0.9292823475934576,36.0
20.0,6,64.0,472.8587050878795,0.0,0.0,0.8,0.2,0.2,0.0,0.0,2,0,0,8,0,0.0211479663848876,0.0,1.0,0.0,0.0,0.0,0.0,0.0,1.0,0.0,0.0,0.0,0.0,0.0,1.0,1.0,636,54,66,63.6,5.059644256269407,63.6,0.0023750782012939,10,0.928819126684234,36.0
20.0,6,64.0,237.98684755533617,0.0,0.0,1.0,0.0,0.0,0.0,0.0,0,0,0,10,0,0.0420191287994384,0.0,1.0,0.0,0.0,0.0,0.0,0.0,1.0,0.0,0.0,0.0,0.0,0.0,1.0,1.0,672,66,68,67.2,1.0327955589886444,67.2,0.0042038202285766,10,0.9067291895989096,1.0
20.0,6,64.0,1103.2706420811742,0.0,0.0,0.7,0.3,0.3,0.0,0.0,3,0,0,7,0,0.0090639591217041,0.0,1.0,0.0,0.0,0.0,0.0,0.0,1.0,0.0,0.0,0.0,0.0,0.0,1.0,1.0,632,54,68,63.2,6.408327915038888,63.2,0.000909686088562,10,0.9293685264594702,36.96
20.0,6,64.0,931.0124081596412,0.0,0.0,0.5,0.5,0.5,0.0,0.0,5,0,0,5,0,0.0107409954071044,0.0,1.0,0.0,0.0,0.0,0.0,0.0,1.0,0.0,0.0,0.0,0.0,0.0,1.0,1.0,612,54,66,61.2,6.196773353931867,61.2,0.0014771938323974,10,0.9292823475934576,36.0
20.0,6,64.0,430.3483373177514,0.0,0.0,0.7,0.3,0.3,0.0,0.0,3,0,0,7,0,0.0232369899749755,0.0,1.0,0.0,0.0,0.0,0.0,0.0,1.0,0.0,0.0,0.0,0.0,0.0,1.0,1.0,636,54,68,63.6,6.65331997326648,63.6,0.0023253202438354,10,0.92946832642431,41.87654320987654
20.0,6,64.0,1082.3731000490309,0.0,0.0,0.8,0.2,0.2,0.0,0.0,2,0,0,8,0,0.0092389583587646,0.0,1.0,0.0,0.0,0.0,0.0,0.0,1.0,0.0,0.0,0.0,0.0,0.0,1.0,1.0,716,54,94,71.6,16.621271511730583,71.6,0.0009688854217529,10,0.9335288711630184,248.64
20.0,6,64.0,516.8263200049288,0.0,0.0,1.0,0.0,0.0,0.0,0.0,0,0,0,10,0,0.0193488597869873,0.0,1.0,0.0,0.0,0.0,0.0,0.0,1.0,0.0,0.0,0.0,0.0,0.0,1.0,1.0,946,94,96,94.6,0.966091783079296,94.6,0.0019366025924682,10,0.0,0.8400000000000001
20.0,6,64.0,351.2817420435511,0.0,0.0,1.0,0.0,0.0,0.0,0.0,0,0,0,10,0,0.0284671783447265,0.0,1.0,0.0,0.0,0.0,0.0,0.0,1.0,0.0,0.0,0.0,0.0,0.0,1.0,1.0,864,64,96,86.4,15.457468529268734,86.4,0.0030517101287841,10,0.916013484380083,215.04
20.0,6,64.0,524.3011075276881,0.0,0.0,1.0,0.0,0.0,0.0,0.0,0,0,0,10,0,0.0190730094909667,0.0,1.0,0.0,0.0,0.0,0.0,0.0,1.0,0.0,0.0,0.0,0.0,0.0,1.0,1.0,646,64,66,64.6,0.966091783079296,64.6,0.0020501852035522,10,0.0,0.8400000000000001
20.0,6,64.0,356.47965731478257,0.0,0.0,1.0,0.0,0.0,0.0,0.0,0,0,0,10,0,0.0280520915985107,0.0,1.0,0.0,0.0,0.0,0.0,0.0,1.0,0.0,0.0,0.0,0.0,0.0,1.0,1.0,696,66,78,69.6,5.796550698475776,69.6,0.003096318244934,10,0.9086697528925312,30.24
20.0,6,64.0,679.7568999886553,0.0,0.0,0.8,0.2,0.2,0.0,0.0,2,0,0,8,0,0.0147111415863037,0.0,1.0,0.0,0.0,0.0,0.0,0.0,1.0,0.0,0.0,0.0,0.0,0.0,1.0,1.0,734,54,80,73.4,10.243697249203208,73.4,0.0016782999038696,10,0.9309309025114354,94.44
20.0,6,64.0,670.9061535262408,0.0,0.0,0.7,0.3,0.3,0.0,0.0,3,0,0,7,0,0.0149052143096923,0.0,1.0,0.0,0.0,0.0,0.0,0.0,1.0,0.0,0.0,0.0,0.0,0.0,1.0,1.0,748,54,80,74.8,10.96256255525038,74.8,0.00171639919281,10,0.9312237394825068,126.75
20.0,6,64.0,452.0211229658368,0.0,0.0,0.7,0.3,0.3,0.0,0.0,3,0,0,7,0,0.0221228599548339,0.0,1.0,0.0,0.0,0.0,0.0,0.0,1.0,0.0,0.0,0.0,0.0,0.0,1.0,1.0,701,54,81,70.1,13.86001443000692,70.1,0.002213978767395,10,0.9324040454782077,177.4320987654321
20.0,6,64.0,901.7099860260132,0.0,0.0,0.5,0.5,0.5,0.0,0.0,5,0,0,5,0,0.0110900402069091,0.0,1.0,0.0,0.0,0.0,0.0,0.0,1.0,0.0,0.0,0.0,0.0,0.0,1.0,1.0,704,54,83,70.4,14.12798640995949,70.4,0.0013697147369384,10,0.9325132065439612,182.25
20.0,6,64.0,572.7654344590258,0.0,0.0,0.8,0.2,0.2,0.0,0.0,2,0,0,8,0,0.0174591541290283,0.0,1.0,0.0,0.0,0.0,0.0,0.0,1.0,0.0,0.0,0.0,0.0,0.0,1.0,1.0,743,54,83,74.3,14.008330854649792,74.3,0.001749300956726,10,0.93246446365695,210.25
20.0,6,64.0,473.2588630875815,0.0,0.0,0.6,0.4,0.4,0.0,0.0,4,0,0,6,0,0.021130084991455,0.0,1.0,0.0,0.0,0.0,0.0,0.0,1.0,0.0,0.0,0.0,0.0,0.0,1.0,1.0,848,54,104,84.8,22.841482730622666,84.8,0.0021147012710571,10,0.9360627364051464,476.22222222222223
20.0,6,64.0,971.3534043538676,0.0,0.0,0.5,0.5,0.5,0.0,0.0,5,0,0,5,0,0.0102949142456054,0.0,1.0,0.0,0.0,0.0,0.0,0.0,1.0,0.0,0.0,0.0,0.0,0.0,1.0,1.0,790,54,104,79.0,26.352313834736496,79.0,0.0010326862335205,10,0.9374929085637184,625.0
20.0,6,64.0,907.4455334155472,0.0,0.0,0.5,0.5,0.5,0.0,0.0,5,0,0,5,0,0.0110199451446533,0.0,1.0,0.0,0.0,0.0,0.0,0.0,1.0,0.0,0.0,0.0,0.0,0.0,1.0,1.0,800,54,106,80.0,27.406406388125955,80.0,0.0011039972305297,10,0.937922303706267,676.0
20.0,6,64.0,929.0944533049797,0.0,0.0,0.6,0.4,0.4,0.0,0.0,4,0,0,6,0,0.0107631683349609,0.0,1.0,0.0,0.0,0.0,0.0,0.0,1.0,0.0,0.0,0.0,0.0,0.0,1.0,1.0,800,54,106,80.0,27.406406388125955,80.0,0.0010783195495605,10,0.937922303706267,676.0
20.0,6,64.0,1048.5497862553436,0.0,0.0,0.5,0.5,0.5,0.0,0.0,5,0,0,5,0,0.0095369815826416,0.0,1.0,0.0,0.0,0.0,0.0,0.0,1.0,0.0,0.0,0.0,0.0,0.0,1.0,1.0,590,54,64,59.0,5.270462766947299,59.0,0.0020437002182006,10,0.9289050057127436,25.0
20.0,6,64.0,724.317267342463,0.0,0.0,0.5,0.5,0.5,0.0,0.0,5,0,0,5,0,0.0138061046600341,0.0,1.0,0.0,0.0,0.0,0.0,0.0,1.0,0.0,0.0,0.0,0.0,0.0,1.0,1.0,590,54,64,59.0,5.270462766947299,59.0,0.0016016006469726,10,0.9289050057127436,25.0
20.0,6,64.0,1077.9501413518376,0.0,0.0,0.5,0.5,0.5,0.0,0.0,5,0,0,5,0,0.0092768669128417,0.0,1.0,0.0,0.0,0.0,0.0,0.0,1.0,0.0,0.0,0.0,0.0,0.0,1.0,1.0,600,54,66,60.0,6.324555320336759,60.0,0.0011088848114013,10,0.9293344008552924,36.0
20.0,6,64.0,1134.423498228437,0.0,0.0,0.5,0.5,0.5,0.0,0.0,5,0,0,5,0,0.008815050125122,0.0,1.0,0.0,0.0,0.0,0.0,0.0,1.0,0.0,0.0,0.0,0.0,0.0,1.0,1.0,600,54,66,60.0,6.324555320336759,60.0,0.0010476112365722,10,0.9293344008552924,36.0
20.0,6,64.0,602.413500897666,0.0,0.0,1.0,0.0,0.0,0.0,0.0,0,0,0,10,0,0.0165998935699462,0.0,1.0,0.0,0.0,0.0,0.0,0.0,1.0,0.0,0.0,0.0,0.0,0.0,1.0,1.0,820,82,82,82.0,0.0,82.0,0.0023814916610717,10,0.0,0.0
20.0,6,64.0,600.0950010015166,0.0,0.0,1.0,0.0,0.0,0.0,0.0,0,0,0,10,0,0.0166640281677246,0.0,1.0,0.0,0.0,0.0,0.0,0.0,1.0,0.0,0.0,0.0,0.0,0.0,1.0,1.0,840,84,84,84.0,0.0,84.0,0.0021291971206665,10,0.0,0.0
20.0,6,64.0,784.5686494575383,0.0,0.0,0.6,0.4,0.4,0.0,0.0,4,0,0,6,0,0.0127458572387695,0.0,1.0,0.0,0.0,0.0,0.0,0.0,1.0,0.0,0.0,0.0,0.0,0.0,1.0,1.0,610,54,64,61.0,4.83045891539648,61.0,0.0024008989334106,10,0.928725765743776,25.0
20.0,6,64.0,757.6963653443167,0.0,0.0,0.7,0.3,0.3,0.0,0.0,3,0,0,7,0,0.013197898864746,0.0,1.0,0.0,0.0,0.0,0.0,0.0,1.0,0.0,0.0,0.0,0.0,0.0,1.0,1.0,606,54,66,60.6,5.738757124441958,60.6,0.0013216018676757,10,0.9290957701022128,29.64
20.0,6,64.0,852.22366710013,0.0,0.0,0.5,0.5,0.5,0.0,0.0,5,0,0,5,0,0.0117340087890625,0.0,1.0,0.0,0.0,0.0,0.0,0.0,1.0,0.0,0.0,0.0,0.0,0.0,1.0,1.0,612,54,66,61.2,6.196773353931867,61.2,0.0013894081115722,10,0.9292823475934576,35.55555555555556
20.0,6,64.0,479.086215561749,0.0,0.0,0.7,0.3,0.3,0.0,0.0,3,0,0,7,0,0.0208730697631835,0.0,1.0,0.0,0.0,0.0,0.0,0.0,1.0,0.0,0.0,0.0,0.0,0.0,1.0,1.0,7312,54,1406,731.2,711.3106525593754,731.2,0.0020895957946777,10,1.0,455366.56
20.0,6,64.0,1081.2012476477714,0.0,0.0,0.5,0.5,0.5,0.0,0.0,5,0,0,5,0,0.0092489719390869,0.0,1.0,0.0,0.0,0.0,0.0,0.0,1.0,0.0,0.0,0.0,0.0,0.0,1.0,1.0,7300,54,1406,730.0,712.5665660912748,730.0,0.0011344909667968,10,1.0,456976.0
20.0,6,64.0,793.9697503170727,0.0,0.0,0.6,0.4,0.4,0.0,0.0,4,0,0,6,0,0.0125949382781982,0.0,1.0,0.0,0.0,0.0,0.0,0.0,1.0,0.0,0.0,0.0,0.0,0.0,1.0,1.0,8652,54,1406,865.2,698.1697978763237,865.2,0.0014317989349365,10,1.0,456976.0
20.0,6,64.0,476.30070406541,0.0,0.0,0.6,0.4,0.4,0.0,0.0,4,0,0,6,0,0.0209951400756835,0.0,1.0,0.0,0.0,0.0,0.0,0.0,1.0,0.0,0.0,0.0,0.0,0.0,1.0,1.0,6002,54,1406,600.2,693.6000768934982,600.2,0.0021020174026489,10,1.0,456976.0
20.0,6,64.0,538.5045193097782,0.0,0.0,1.0,0.0,0.0,0.0,0.0,0,0,0,10,0,0.0185699462890625,0.0,1.0,0.0,0.0,0.0,0.0,0.0,1.0,0.0,0.0,0.0,0.0,0.0,1.0,1.0,814,81,83,81.4,0.8432740427115678,81.4,0.0019677877426147,10,0.0,0.64
20.0,6,64.0,358.2701095916153,0.0,0.0,0.9,0.1,0.1,0.0,0.0,1,0,0,9,0,0.027911901473999,0.0,1.0,0.0,0.0,0.0,0.0,0.0,1.0,0.0,0.0,0.0,0.0,0.0,1.0,1.0,784,54,83,78.4,10.101705026600431,78.4,0.0029829025268554,10,0.930873060559636,91.84
20.0,6,64.0,937.9033989266547,0.0,0.0,0.6,0.4,0.4,0.0,0.0,4,0,0,6,0,0.0106620788574218,0.0,1.0,0.0,0.0,0.0,0.0,0.0,1.0,0.0,0.0,0.0,0.0,0.0,1.0,1.0,612,54,66,61.2,6.196773353931867,61.2,0.001286506652832,10,0.9292823475934576,36.0
20.0,6,64.0,920.5504466343305,0.0,0.0,0.5,0.5,0.5,0.0,0.0,5,0,0,5,0,0.0108630657196044,0.0,1.0,0.0,0.0,0.0,0.0,0.0,1.0,0.0,0.0,0.0,0.0,0.0,1.0,1.0,618,54,68,61.8,6.762642481555071,61.8,0.0013046979904174,10,0.9295128600412864,41.16
20.0,6,64.0,729.2792933771495,0.0,0.0,0.6,0.4,0.4,0.0,0.0,4,0,0,6,0,0.0137121677398681,0.0,1.0,0.0,0.0,0.0,0.0,0.0,1.0,0.0,0.0,0.0,0.0,0.0,1.0,1.0,610,54,68,61.0,7.378647873726218,61.0,0.0013734102249145,10,0.9297637959978412,49.0
20.0,6,64.0,601.2563253487006,0.0,0.0,0.8,0.2,0.2,0.0,0.0,2,0,0,8,0,0.0166318416595459,0.0,1.0,0.0,0.0,0.0,0.0,0.0,1.0,0.0,0.0,0.0,0.0,0.0,1.0,1.0,628,54,68,62.8,4.9170903772228725,62.8,0.0022824764251708,10,0.9287610559360656,49.0
20.0,6,64.0,422.6510006247607,0.0,0.0,1.0,0.0,0.0,0.0,0.0,0,0,0,10,0,0.0236601829528808,0.0,1.0,0.0,0.0,0.0,0.0,0.0,1.0,0.0,0.0,0.0,0.0,0.0,1.0,1.0,652,64,66,65.2,1.0327955589886444,65.2,0.0025394201278686,10,0.9101374495989096,1.0
20.0,6,64.0,422.2595389107017,0.0,0.0,0.7,0.3,0.3,0.0,0.0,3,0,0,7,0,0.0236821174621582,0.0,1.0,0.0,0.0,0.0,0.0,0.0,1.0,0.0,0.0,0.0,0.0,0.0,1.0,1.0,636,54,66,63.6,5.059644256269407,63.6,0.0023700952529907,10,0.928819126684234,27.0
20.0,6,64.0,998.0022366573868,0.0,0.0,0.6,0.4,0.4,0.0,0.0,4,0,0,6,0,0.0100200176239013,0.0,1.0,0.0,0.0,0.0,0.0,0.0,1.0,0.0,0.0,0.0,0.0,0.0,1.0,1.0,600,54,66,60.0,6.324555320336759,60.0,0.00100519657135,10,0.9293344008552924,36.0
20.0,6,64.0,773.6855308787723,0.0,0.0,0.6,0.4,0.4,0.0,0.0,4,0,0,6,0,0.0129251480102539,0.0,1.0,0.0,0.0,0.0,0.0,0.0,1.0,0.0,0.0,0.0,0.0,0.0,1.0,1.0,624,54,66,62.4,5.796550698475776,62.4,0.0016153097152709,10,0.9291193128925312,36.0
20.0,6,64.0,500.65101400145625,0.0,0.0,0.7,0.3,0.3,0.0,0.0,3,0,0,7,0,0.0199739933013916,0.0,1.0,0.0,0.0,0.0,0.0,0.0,1.0,0.0,0.0,0.0,0.0,0.0,1.0,1.0,612,54,66,61.2,6.196773353931867,61.2,0.0019996881484985,10,0.9292823475934576,36.0
20.0,6,64.0,550.6576166156835,0.0,0.0,1.0,0.0,0.0,0.0,0.0,0,0,0,10,0,0.0181601047515869,0.0,1.0,0.0,0.0,0.0,0.0,0.0,1.0,0.0,0.0,0.0,0.0,0.0,1.0,1.0,664,66,68,66.4,0.8432740427115678,66.4,0.002001404762268,10,0.0,0.64
20.0,6,64.0,371.7333002454999,0.0,0.0,0.9,0.1,0.1,0.0,0.0,1,0,0,9,0,0.0269010066986084,0.0,1.0,0.0,0.0,0.0,0.0,0.0,1.0,0.0,0.0,0.0,0.0,0.0,1.0,1.0,664,54,68,66.4,4.402019738458447,66.4,0.0029905080795288,10,0.9285512367606584,17.44
20.0,6,64.0,1968.9719275185428,0.0,0.0,0.5,0.5,0.5,0.0,0.0,5,0,0,5,0,0.0050787925720214,0.0,1.0,0.0,0.0,0.0,0.0,0.0,1.0,0.0,0.0,0.0,0.0,0.0,1.0,1.0,600,54,66,60.0,6.324555320336759,60.0,0.0010492801666259,10,0.9293344008552924,36.0
20.0,6,64.0,1016.677736031996,0.0,0.0,0.5,0.5,0.5,0.0,0.0,5,0,0,5,0,0.0098359584808349,0.0,1.0,0.0,0.0,0.0,0.0,0.0,1.0,0.0,0.0,0.0,0.0,0.0,1.0,1.0,601,54,67,60.1,6.4368729468068056,60.1,0.0012531042098999,10,0.9293801545636112,37.29
20.0,6,64.0,848.5340886101558,0.0,0.0,0.5,0.5,0.5,0.0,0.0,5,0,0,5,0,0.0117850303649902,0.0,1.0,0.0,0.0,0.0,0.0,0.0,1.0,0.0,0.0,0.0,0.0,0.0,1.0,1.0,605,54,67,60.5,6.851601597031489,60.5,0.0013776063919067,10,0.9295490984265669,42.25
20.0,6,64.0,581.19417462275,0.0,0.0,0.6,0.4,0.4,0.0,0.0,4,0,0,6,0,0.0172059535980224,0.0,1.0,0.0,0.0,0.0,0.0,0.0,1.0,0.0,0.0,0.0,0.0,0.0,1.0,1.0,638,54,77,63.8,9.271221901969316,63.8,0.0019635915756225,10,0.9305347549539862,77.36
20.0,6,64.0,1034.022138401992,0.0,0.0,0.6,0.4,0.4,0.0,0.0,4,0,0,6,0,0.0096709728240966,0.0,1.0,0.0,0.0,0.0,0.0,0.0,1.0,0.0,0.0,0.0,0.0,0.0,1.0,1.0,678,54,77,67.8,11.877148928369412,67.8,0.0009685039520263,10,0.9315963053874604,132.25
20.0,6,64.0,727.218253693044,0.0,0.0,0.8,0.2,0.2,0.0,0.0,2,0,0,8,0,0.0137510299682617,0.0,1.0,0.0,0.0,0.0,0.0,0.0,1.0,0.0,0.0,0.0,0.0,0.0,1.0,1.0,736,54,79,73.6,10.362324921453572,73.6,0.0015849113464355,10,0.9309792266800032,111.6875
20.0,6,64.0,343.0755136762204,0.0,0.0,0.9,0.1,0.1,0.0,0.0,1,0,0,9,0,0.0291481018066406,0.0,1.0,0.0,0.0,0.0,0.0,0.0,1.0,0.0,0.0,0.0,0.0,0.0,1.0,1.0,700,54,79,70.0,8.563488385776752,70.0,0.0031291961669921,10,0.93024645262883,100.0
20.0,6,64.0,492.711360672877,0.0,0.0,1.0,0.0,0.0,0.0,0.0,0,0,0,10,0,0.0202958583831787,0.0,1.0,0.0,0.0,0.0,0.0,0.0,1.0,0.0,0.0,0.0,0.0,0.0,1.0,1.0,670,66,68,67.0,1.0540925533894598,67.0,0.0021885871887207,10,0.9067378651425488,1.0
20.0,6,64.0,421.4449066538052,0.0,0.0,0.8,0.2,0.2,0.0,0.0,2,0,0,8,0,0.0237278938293457,0.0,1.0,0.0,0.0,0.0,0.0,0.0,1.0,0.0,0.0,0.0,0.0,0.0,1.0,1.0,2430,54,509,243.0,228.97598127314575,243.0,0.0026618003845214,10,1.0,47187.0
20.0,6,64.0,485.22159623326894,0.0,0.0,0.9,0.1,0.1,0.0,0.0,1,0,0,9,0,0.0206091403961181,0.0,1.0,0.0,0.0,0.0,0.0,0.0,1.0,0.0,0.0,0.0,0.0,0.0,1.0,1.0,4184,54,511,418.4,192.0573988276537,418.4,0.0020629167556762,10,1.0,51756.25
20.0,6,64.0,1003.614088820827,0.0,0.0,0.7,0.3,0.3,0.0,0.0,3,0,0,7,0,0.0099639892578125,0.0,1.0,0.0,0.0,0.0,0.0,0.0,1.0,0.0,0.0,0.0,0.0,0.0,1.0,1.0,3739,54,511,373.9,220.75197243361916,373.9,0.0009975910186767,10,1.0,52212.25
20.0,6,64.0,470.1449340342775,0.0,0.0,0.5,0.5,0.5,0.0,0.0,5,0,0,5,0,0.0212700366973876,0.0,1.0,0.0,0.0,0.0,0.0,0.0,1.0,0.0,0.0,0.0,0.0,0.0,1.0,1.0,1047,54,511,104.7,142.8457209719633,104.7,0.0023186922073364,10,0.984947662895139,49952.25
20.0,6,64.0,310.07821625537827,0.0,0.0,0.7,0.3,0.3,0.0,0.0,3,0,0,7,0,0.0322499275207519,0.0,1.0,0.0,0.0,0.0,0.0,0.0,1.0,0.0,0.0,0.0,0.0,0.0,1.0,1.0,602,54,66,60.2,5.370702416299421,60.2,0.0032272100448608,10,0.9289458393363036,25.96
20.0,6,64.0,1214.789584962493,0.0,0.0,0.7,0.3,0.3,0.0,0.0,3,0,0,7,0,0.0082318782806396,0.0,1.0,0.0,0.0,0.0,0.0,0.0,1.0,0.0,0.0,0.0,0.0,0.0,1.0,1.0,636,54,66,63.6,5.059644256269407,63.6,0.0008895874023437,10,0.928819126684234,27.0
20.0,6,64.0,534.8444931842237,0.0,0.0,1.0,0.0,0.0,0.0,0.0,0,0,0,10,0,0.0186970233917236,0.0,1.0,0.0,0.0,0.0,0.0,0.0,1.0,0.0,0.0,0.0,0.0,0.0,1.0,1.0,648,54,66,64.8,3.794733192202056,64.8,0.0018723011016845,10,0.9283038525131756,36.0
20.0,6,64.0,531.5166261151662,0.0,0.0,1.0,0.0,0.0,0.0,0.0,0,0,0,10,0,0.0188140869140625,0.0,1.0,0.0,0.0,0.0,0.0,0.0,1.0,0.0,0.0,0.0,0.0,0.0,1.0,1.0,676,66,68,67.6,0.8432740427115678,67.6,0.00209641456604,10,0.0,1.0
20.0,6,64.0,483.97862986510967,0.0,0.0,0.6,0.4,0.4,0.0,0.0,4,0,0,6,0,0.0206620693206787,0.0,1.0,0.0,0.0,0.0,0.0,0.0,1.0,0.0,0.0,0.0,0.0,0.0,1.0,1.0,608,54,68,60.8,6.051629716218782,60.8,0.0022722005844116,10,0.9292232218811988,34.666666666666664
20.0,6,64.0,1490.089526786983,0.0,0.0,0.5,0.5,0.5,0.0,0.0,5,0,0,5,0,0.0067110061645507,0.0,1.0,0.0,0.0,0.0,0.0,0.0,1.0,0.0,0.0,0.0,0.0,0.0,1.0,1.0,590,54,64,59.0,5.270462766947299,59.0,0.0010725975036621,10,0.9289050057127436,25.0
20.0,6,64.0,820.0809463290644,0.0,0.0,0.5,0.5,0.5,0.0,0.0,5,0,0,5,0,0.0121939182281494,0.0,1.0,0.0,0.0,0.0,0.0,0.0,1.0,0.0,0.0,0.0,0.0,0.0,1.0,1.0,610,54,66,61.0,6.055300708194984,61.0,0.0014461994171142,10,0.9292247172964904,33.58024691358025
20.0,6,64.0,1000.6928472586724,0.0,0.0,0.5,0.5,0.5,0.0,0.0,5,0,0,5,0,0.0099930763244628,0.0,1.0,0.0,0.0,0.0,0.0,0.0,1.0,0.0,0.0,0.0,0.0,0.0,1.0,1.0,600,54,66,60.0,6.324555320336759,60.0,0.0010010004043579,10,0.9293344008552924,36.0
20.0,6,64.0,555.4045393151301,0.0,0.0,0.6,0.4,0.4,0.0,0.0,4,0,0,6,0,0.0180048942565917,0.0,1.0,0.0,0.0,0.0,0.0,0.0,1.0,0.0,0.0,0.0,0.0,0.0,1.0,1.0,1020,54,150,102.0,50.59644256269407,102.0,0.0018029928207397,10,0.9473689968423392,2304.0
20.0,6,64.0,1424.695652173913,0.0,0.0,0.5,0.5,0.5,0.0,0.0,5,0,0,5,0,0.00701904296875,0.0,1.0,0.0,0.0,0.0,0.0,0.0,1.0,0.0,0.0,0.0,0.0,0.0,1.0,1.0,1020,54,150,102.0,50.59644256269407,102.0,0.0010982036590576,10,0.9473689968423392,2304.0
20.0,6,64.0,1038.5282392849183,0.0,0.0,0.5,0.5,0.5,0.0,0.0,5,0,0,5,0,0.0096290111541748,0.0,1.0,0.0,0.0,0.0,0.0,0.0,1.0,0.0,0.0,0.0,0.0,0.0,1.0,1.0,1030,54,152,103.0,51.65053511608353,103.0,0.0012614965438842,10,0.9477983919848878,2401.0
20.0,6,64.0,1058.5261457702402,0.0,0.0,0.5,0.5,0.5,0.0,0.0,5,0,0,5,0,0.0094470977783203,0.0,1.0,0.0,0.0,0.0,0.0,0.0,1.0,0.0,0.0,0.0,0.0,0.0,1.0,1.0,1030,54,152,103.0,51.65053511608353,103.0,0.0011438131332397,10,0.9477983919848878,2401.0
20.0,6,64.0,504.0079789471154,0.0,0.0,1.0,0.0,0.0,0.0,0.0,0,0,0,10,0,0.0198409557342529,0.0,1.0,0.0,0.0,0.0,0.0,0.0,1.0,0.0,0.0,0.0,0.0,0.0,1.0,1.0,660,66,66,66.0,0.0,66.0,0.0027534961700439,10,0.0,0.0
20.0,6,64.0,551.084482985153,0.0,0.0,1.0,0.0,0.0,0.0,0.0,0,0,0,10,0,0.0181460380554199,0.0,1.0,0.0,0.0,0.0,0.0,0.0,1.0,0.0,0.0,0.0,0.0,0.0,1.0,1.0,680,68,68,68.0,0.0,68.0,0.0021247863769531,10,0.0,0.0
20.0,6,64.0,1240.6981009288293,0.0,0.0,0.5,0.5,0.5,0.0,0.0,5,0,0,5,0,0.0080599784851074,0.0,1.0,0.0,0.0,0.0,0.0,0.0,1.0,0.0,0.0,0.0,0.0,0.0,1.0,1.0,675,54,81,67.5,14.230249470757707,67.5,0.0020238161087036,10,0.9325548644244078,182.25
20.0,6,64.0,830.7691088795135,0.0,0.0,0.5,0.5,0.5,0.0,0.0,5,0,0,5,0,0.0120370388031005,0.0,1.0,0.0,0.0,0.0,0.0,0.0,1.0,0.0,0.0,0.0,0.0,0.0,1.0,1.0,704,54,83,70.4,14.12798640995949,70.4,0.0014359951019287,10,0.9325132065439612,182.25
20.0,6,64.0,826.0406491255711,0.0,0.0,0.6,0.4,0.4,0.0,0.0,4,0,0,6,0,0.0121059417724609,0.0,1.0,0.0,0.0,0.0,0.0,0.0,1.0,0.0,0.0,0.0,0.0,0.0,1.0,1.0,685,54,83,68.5,15.284342024147168,68.5,0.0012126922607421,10,0.9329842595669566,210.25
20.0,6,64.0,627.5891788364855,0.0,0.0,0.6,0.4,0.4,0.0,0.0,4,0,0,6,0,0.0159339904785156,0.0,1.0,0.0,0.0,0.0,0.0,0.0,1.0,0.0,0.0,0.0,0.0,0.0,1.0,1.0,676,54,83,67.6,13.801771222886172,67.6,0.001815915107727,10,0.9323803195253548,210.25
20.0,6,64.0,502.8417973433079,0.0,0.0,1.0,0.0,0.0,0.0,0.0,0,0,0,10,0,0.0198869705200195,0.0,1.0,0.0,0.0,0.0,0.0,0.0,1.0,0.0,0.0,0.0,0.0,0.0,1.0,1.0,644,64,66,64.4,0.8432740427115678,64.4,0.0021870851516723,10,0.0,0.64
20.0,6,64.0,236.09398043387708,0.0,0.0,1.0,0.0,0.0,0.0,0.0,0,0,0,10,0,0.0423560142517089,0.0,1.0,0.0,0.0,0.0,0.0,0.0,1.0,0.0,0.0,0.0,0.0,0.0,1.0,1.0,1556,66,514,155.6,188.8933855673912,155.6,0.0044180154800415,10,0.9832560795447324,32112.64
20.0,6,64.0,1559.104899263995,0.0,0.0,1.0,0.0,0.0,0.0,0.0,0,0,0,10,0,0.0064139366149902,0.0,1.0,0.0,0.0,0.0,0.0,0.0,1.0,0.0,0.0,0.0,0.0,0.0,1.0,1.0,5144,514,516,514.4,0.8432740427115678,514.4,0.0006447792053222,10,0.0,0.64
20.0,6,64.0,331.67565515823435,0.0,0.0,1.0,0.0,0.0,0.0,0.0,0,0,0,10,0,0.0301499366760253,0.0,1.0,0.0,0.0,0.0,0.0,0.0,1.0,0.0,0.0,0.0,0.0,0.0,1.0,1.0,4260,66,516,426.0,189.73665961010275,426.0,0.0031759977340698,10,0.9835995956587716,32400.0
20.0,6,64.0,521.8094053247077,0.0,0.0,1.0,0.0,0.0,0.0,0.0,0,0,0,10,0,0.0191640853881835,0.0,1.0,0.0,0.0,0.0,0.0,0.0,1.0,0.0,0.0,0.0,0.0,0.0,1.0,1.0,660,66,66,66.0,0.0,66.0,0.0021205186843872,10,0.0,0.0
20.0,6,64.0,363.57130473978015,0.0,0.0,1.0,0.0,0.0,0.0,0.0,0,0,0,10,0,0.0275049209594726,0.0,1.0,0.0,0.0,0.0,0.0,0.0,1.0,0.0,0.0,0.0,0.0,0.0,1.0,1.0,660,66,66,66.0,0.0,66.0,0.0031543970108032,10,0.0,0.0
20.0,6,64.0,527.1477766885353,0.0,0.0,1.0,0.0,0.0,0.0,0.0,0,0,0,10,0,0.0189700126647949,0.0,1.0,0.0,0.0,0.0,0.0,0.0,1.0,0.0,0.0,0.0,0.0,0.0,1.0,1.0,660,66,66,66.0,0.0,66.0,0.001990795135498,10,0.0,0.0
20.0,6,64.0,332.216836168932,0.0,0.0,1.0,0.0,0.0,0.0,0.0,0,0,0,10,0,0.0301008224487304,0.0,1.0,0.0,0.0,0.0,0.0,0.0,1.0,0.0,0.0,0.0,0.0,0.0,1.0,1.0,2976,66,1224,297.6,488.25567072999775,297.6,0.0031843900680541,10,1.0,214554.24
20.0,6,64.0,564.5548765714593,0.0,0.0,1.0,0.0,0.0,0.0,0.0,0,0,0,10,0,0.0177130699157714,0.0,1.0,0.0,0.0,0.0,0.0,0.0,1.0,0.0,0.0,0.0,0.0,0.0,1.0,1.0,12242,1224,1225,1224.2,0.4216370213557839,1224.2,0.001904010772705,10,0.0,0.16
20.0,6,64.0,372.8005119635937,0.0,0.0,0.9,0.1,0.1,0.0,0.0,1,0,0,9,0,0.0268239974975585,0.0,1.0,0.0,0.0,0.0,0.0,0.0,1.0,0.0,0.0,0.0,0.0,0.0,1.0,1.0,9929,54,1225,992.9,489.3347979087983,992.9,0.0029422044754028,10,1.0,215503.69
20.0,6,64.0,1081.7868564943774,0.0,0.0,0.5,0.5,0.5,0.0,0.0,5,0,0,5,0,0.0092439651489257,0.0,1.0,0.0,0.0,0.0,0.0,0.0,1.0,0.0,0.0,0.0,0.0,0.0,1.0,1.0,645,54,75,64.5,11.067971810589327,64.5,0.0012001037597656,10,0.9312666789967616,110.25
20.0,6,64.0,932.3990752267472,0.0,0.0,0.5,0.5,0.5,0.0,0.0,5,0,0,5,0,0.0107250213623046,0.0,1.0,0.0,0.0,0.0,0.0,0.0,1.0,0.0,0.0,0.0,0.0,0.0,1.0,1.0,647,54,77,64.7,11.294541454466696,64.7,0.001248288154602,10,0.9313589744068916,114.81000000000002
20.0,6,64.0,846.8722111171684,0.0,0.0,0.6,0.4,0.4,0.0,0.0,4,0,0,6,0,0.011808156967163,0.0,1.0,0.0,0.0,0.0,0.0,0.0,1.0,0.0,0.0,0.0,0.0,0.0,1.0,1.0,678,54,77,67.8,11.877148928369412,67.8,0.0014052152633666,10,0.9315963053874604,132.25
20.0,6,64.0,415.15841985964425,0.0,0.0,0.7,0.3,0.3,0.0,0.0,3,0,0,7,0,0.0240871906280517,0.0,1.0,0.0,0.0,0.0,0.0,0.0,1.0,0.0,0.0,0.0,0.0,0.0,1.0,1.0,745,54,88,74.5,14.93876389353104,74.5,0.002632999420166,10,0.9328434848596688,200.85
20.0,6,64.0,471.94355991133415,0.0,0.0,1.0,0.0,0.0,0.0,0.0,0,0,0,10,0,0.0211889743804931,0.0,1.0,0.0,0.0,0.0,0.0,0.0,1.0,0.0,0.0,0.0,0.0,0.0,1.0,1.0,888,88,90,88.8,1.0327955589886444,88.8,0.0021202802658081,10,0.8692383295989097,0.96
20.0,6,64.0,391.1137635210743,0.0,0.0,1.0,0.0,0.0,0.0,0.0,0,0,0,10,0,0.0255680084228515,0.0,1.0,0.0,0.0,0.0,0.0,0.0,1.0,0.0,0.0,0.0,0.0,0.0,1.0,1.0,2496,90,489,249.6,206.04271401823456,249.6,0.0025577068328857,10,0.949342909982468,38208.240000000005
20.0,6,64.0,547.4020516300801,0.0,0.0,1.0,0.0,0.0,0.0,0.0,0,0,0,10,0,0.0182681083679199,0.0,1.0,0.0,0.0,0.0,0.0,0.0,1.0,0.0,0.0,0.0,0.0,0.0,1.0,1.0,4898,489,491,489.8,1.0327955589886444,489.8,0.0020491123199462,10,0.1858821995989096,0.96
20.0,6,64.0,340.06583534677065,0.0,0.0,1.0,0.0,0.0,0.0,0.0,0,0,0,10,0,0.0294060707092285,0.0,1.0,0.0,0.0,0.0,0.0,0.0,1.0,0.0,0.0,0.0,0.0,0.0,1.0,1.0,3210,66,491,321.0,219.46905628508696,321.0,0.0031872987747192,10,0.995711384768293,43350.0
20.0,6,64.0,499.4765046323862,0.0,0.0,1.0,0.0,0.0,0.0,0.0,0,0,0,10,0,0.0200209617614746,0.0,1.0,0.0,0.0,0.0,0.0,0.0,1.0,0.0,0.0,0.0,0.0,0.0,1.0,1.0,668,66,68,66.8,1.0327955589886444,66.8,0.0022498846054077,10,0.9067291895989096,0.96
20.0,6,64.0,372.5653985201503,0.0,0.0,1.0,0.0,0.0,0.0,0.0,0,0,0,10,0,0.0268409252166748,0.0,1.0,0.0,0.0,0.0,0.0,0.0,1.0,0.0,0.0,0.0,0.0,0.0,1.0,1.0,672,66,68,67.2,1.0327955589886444,67.2,0.0028383016586303,10,0.9067291895989096,0.96
20.0,6,64.0,425.532536574478,0.0,0.0,1.0,0.0,0.0,0.0,0.0,0,0,0,10,0,0.0234999656677246,0.0,1.0,0.0,0.0,0.0,0.0,0.0,1.0,0.0,0.0,0.0,0.0,0.0,1.0,1.0,668,66,68,66.8,1.0327955589886444,66.8,0.0026222944259643,10,0.9067291895989096,0.96
20.0,6,64.0,370.0965322509485,0.0,0.0,1.0,0.0,0.0,0.0,0.0,0,0,0,10,0,0.02701997756958,0.0,1.0,0.0,0.0,0.0,0.0,0.0,1.0,0.0,0.0,0.0,0.0,0.0,1.0,1.0,2464,68,514,246.4,230.31340965446773,246.4,0.0027029037475585,10,0.996720680556844,47739.84
20.0,6,64.0,558.5925659568234,0.0,0.0,1.0,0.0,0.0,0.0,0.0,0,0,0,10,0,0.017902135848999,0.0,1.0,0.0,0.0,0.0,0.0,0.0,1.0,0.0,0.0,0.0,0.0,0.0,1.0,1.0,5148,514,516,514.8,1.0327955589886446,514.8,0.0020316123962402,10,0.1432789495989095,0.9600000000000002
20.0,6,64.0,351.531995138918,0.0,0.0,1.0,0.0,0.0,0.0,0.0,0,0,0,10,0,0.0284469127655029,0.0,1.0,0.0,0.0,0.0,0.0,0.0,1.0,0.0,0.0,0.0,0.0,0.0,1.0,1.0,3352,64,516,335.2,233.4117963314337,335.2,0.0030712842941284,10,1.0,49032.96
20.0,6,64.0,524.3535441930242,0.0,0.0,1.0,0.0,0.0,0.0,0.0,0,0,0,10,0,0.0190711021423339,0.0,1.0,0.0,0.0,0.0,0.0,0.0,1.0,0.0,0.0,0.0,0.0,0.0,1.0,1.0,648,64,66,64.8,1.0327955589886444,64.8,0.0020798206329345,10,0.9101374495989096,0.96
20.0,6,64.0,328.8283301843155,0.0,0.0,1.0,0.0,0.0,0.0,0.0,0,0,0,10,0,0.0304110050201416,0.0,1.0,0.0,0.0,0.0,0.0,0.0,1.0,0.0,0.0,0.0,0.0,0.0,1.0,1.0,652,64,66,65.2,1.0327955589886444,65.2,0.0032981872558593,10,0.9101374495989096,0.96
20.0,6,64.0,438.0748663101604,0.0,0.0,1.0,0.0,0.0,0.0,0.0,0,0,0,10,0,0.0228271484375,0.0,1.0,0.0,0.0,0.0,0.0,0.0,1.0,0.0,0.0,0.0,0.0,0.0,1.0,1.0,648,64,66,64.8,1.0327955589886444,64.8,0.002403712272644,10,0.9101374495989096,0.96
20.0,6,64.0,457.249506699081,0.0,0.0,0.8,0.2,0.2,0.0,0.0,2,0,0,8,0,0.0218698978424072,0.0,1.0,0.0,0.0,0.0,0.0,0.0,1.0,0.0,0.0,0.0,0.0,0.0,1.0,1.0,642,54,66,64.2,3.7058512292499457,64.2,0.0022749900817871,10,0.9282676455567472,15.4375
20.0,6,64.0,923.2657553545092,0.0,0.0,0.6,0.4,0.4,0.0,0.0,4,0,0,6,0,0.0108311176300048,0.0,1.0,0.0,0.0,0.0,0.0,0.0,1.0,0.0,0.0,0.0,0.0,0.0,1.0,1.0,590,54,64,59.0,5.270462766947299,59.0,0.0010848045349121,10,0.9289050057127436,25.0
20.0,6,64.0,428.4667640538967,0.0,0.0,0.7,0.3,0.3,0.0,0.0,3,0,0,7,0,0.023339033126831,0.0,1.0,0.0,0.0,0.0,0.0,0.0,1.0,0.0,0.0,0.0,0.0,0.0,1.0,1.0,620,54,66,62.0,5.57773351022717,62.0,0.0025568008422851,10,0.9290301755227262,28.0
20.0,6,64.0,249.63717741167508,0.0,0.0,0.8,0.2,0.2,0.0,0.0,2,0,0,8,0,0.0400581359863281,0.0,1.0,0.0,0.0,0.0,0.0,0.0,1.0,0.0,0.0,0.0,0.0,0.0,1.0,1.0,2019,54,527,201.9,224.39125057214983,201.9,0.0040081024169921,10,1.0,45316.29
20.0,6,64.0,741.1216736756546,0.0,0.0,1.0,0.0,0.0,0.0,0.0,0,0,0,10,0,0.0134930610656738,0.0,1.0,0.0,0.0,0.0,0.0,0.0,1.0,0.0,0.0,0.0,0.0,0.0,1.0,1.0,5276,527,529,527.6,0.966091783079296,527.6,0.0013504981994628,10,0.0,0.8400000000000001
20.0,6,64.0,696.5199774153907,0.0,0.0,0.8,0.2,0.2,0.0,0.0,2,0,0,8,0,0.0143570899963378,0.0,1.0,0.0,0.0,0.0,0.0,0.0,1.0,0.0,0.0,0.0,0.0,0.0,1.0,1.0,3889,54,529,388.9,225.60607261330532,388.9,0.0014365911483764,10,1.0,45808.29
20.0,6,64.0,957.4069255175878,0.0,0.0,0.5,0.5,0.5,0.0,0.0,5,0,0,5,0,0.0104448795318603,0.0,1.0,0.0,0.0,0.0,0.0,0.0,1.0,0.0,0.0,0.0,0.0,0.0,1.0,1.0,600,54,66,60.0,6.324555320336759,60.0,0.0010474920272827,10,0.9293344008552924,36.0
20.0,6,64.0,865.5009182641712,0.0,0.0,0.6,0.4,0.4,0.0,0.0,4,0,0,6,0,0.0115540027618408,0.0,1.0,0.0,0.0,0.0,0.0,0.0,1.0,0.0,0.0,0.0,0.0,0.0,1.0,1.0,604,54,68,60.4,6.785605679999719,60.4,0.0011570215225219,10,0.9295222143298046,41.44
20.0,6,64.0,929.1150344460935,0.0,0.0,0.5,0.5,0.5,0.0,0.0,5,0,0,5,0,0.0107629299163818,0.0,1.0,0.0,0.0,0.0,0.0,0.0,1.0,0.0,0.0,0.0,0.0,0.0,1.0,1.0,610,54,68,61.0,7.378647873726218,61.0,0.0013629913330078,10,0.9297637959978412,49.0
20.0,6,64.0,594.5656611476526,0.0,0.0,0.7,0.3,0.3,0.0,0.0,3,0,0,7,0,0.0168190002441406,0.0,1.0,0.0,0.0,0.0,0.0,0.0,1.0,0.0,0.0,0.0,0.0,0.0,1.0,1.0,1790,54,356,179.0,152.4445254291978,179.0,0.0018276929855346,10,0.988857831878838,20915.4
20.0,6,64.0,500.20321518866575,0.0,0.0,1.0,0.0,0.0,0.0,0.0,0,0,0,10,0,0.0199918746948242,0.0,1.0,0.0,0.0,0.0,0.0,0.0,1.0,0.0,0.0,0.0,0.0,0.0,1.0,1.0,3568,356,358,356.8,1.0327955589886444,356.8,0.0022135972976684,10,0.4125314895989097,0.96
20.0,6,64.0,373.1056077426701,0.0,0.0,0.8,0.2,0.2,0.0,0.0,2,0,0,8,0,0.0268020629882812,0.0,1.0,0.0,0.0,0.0,0.0,0.0,1.0,0.0,0.0,0.0,0.0,0.0,1.0,1.0,2384,54,358,238.4,154.43891277064137,238.4,0.0028464078903198,10,0.9896702655062484,21466.24
20.0,6,64.0,718.6949965729953,0.0,0.0,0.6,0.4,0.4,0.0,0.0,4,0,0,6,0,0.0139141082763671,0.0,1.0,0.0,0.0,0.0,0.0,0.0,1.0,0.0,0.0,0.0,0.0,0.0,1.0,1.0,600,54,64,60.0,5.163977794943222,60.0,0.0015520095825195,10,0.928861627994548,25.0
20.0,6,64.0,1369.4792176837432,0.0,0.0,0.6,0.4,0.4,0.0,0.0,4,0,0,6,0,0.0073020458221435,0.0,1.0,0.0,0.0,0.0,0.0,0.0,1.0,0.0,0.0,0.0,0.0,0.0,1.0,1.0,608,54,66,60.8,5.902918298980975,60.8,0.0011688947677612,10,0.9291626427982728,31.360000000000003
20.0,6,64.0,1177.8444257231115,0.0,0.0,0.5,0.5,0.5,0.0,0.0,5,0,0,5,0,0.0084900856018066,0.0,1.0,0.0,0.0,0.0,0.0,0.0,1.0,0.0,0.0,0.0,0.0,0.0,1.0,1.0,600,54,66,60.0,6.324555320336759,60.0,0.0012135982513427,10,0.9293344008552924,36.0
20.0,6,64.0,669.03336948893,0.0,0.0,0.6,0.4,0.4,0.0,0.0,4,0,0,6,0,0.0149469375610351,0.0,1.0,0.0,0.0,0.0,0.0,0.0,1.0,0.0,0.0,0.0,0.0,0.0,1.0,1.0,612,54,66,61.2,6.196773353931867,61.2,0.0017838954925537,10,0.9292823475934576,36.0
20.0,6,64.0,891.8168867342816,0.0,0.0,0.6,0.4,0.4,0.0,0.0,4,0,0,6,0,0.0112130641937255,0.0,1.0,0.0,0.0,0.0,0.0,0.0,1.0,0.0,0.0,0.0,0.0,0.0,1.0,1.0,614,54,68,61.4,6.397916327472042,61.4,0.001316499710083,10,0.929364285195159,36.84
20.0,6,64.0,771.0117647058823,0.0,0.0,0.5,0.5,0.5,0.0,0.0,5,0,0,5,0,0.012969970703125,0.0,1.0,0.0,0.0,0.0,0.0,0.0,1.0,0.0,0.0,0.0,0.0,0.0,1.0,1.0,624,54,68,62.4,7.229568912920511,62.4,0.0016041040420532,10,0.9297030671923672,49.0
20.0,6,64.0,391.2816015821781,0.0,0.0,0.6,0.4,0.4,0.0,0.0,4,0,0,6,0,0.0255570411682128,0.0,1.0,0.0,0.0,0.0,0.0,0.0,1.0,0.0,0.0,0.0,0.0,0.0,1.0,1.0,602,54,68,60.2,6.696599468718766,60.2,0.0025593042373657,10,0.9294859567595772,49.0
20.0,6,64.0,4757.604355716879,0.0,0.0,0.5,0.5,0.5,0.0,0.0,5,0,0,5,0,0.0021018981933593,0.0,1.0,0.0,0.0,0.0,0.0,0.0,1.0,0.0,0.0,0.0,0.0,0.0,1.0,1.0,590,54,64,59.0,5.270462766947299,59.0,0.0002507925033569,10,0.9289050057127436,25.0
20.0,6,64.0,1235.0354818762698,0.0,0.0,0.5,0.5,0.5,0.0,0.0,5,0,0,5,0,0.0080969333648681,0.0,1.0,0.0,0.0,0.0,0.0,0.0,1.0,0.0,0.0,0.0,0.0,0.0,1.0,1.0,594,54,66,59.4,5.738757124441959,59.4,0.0008692026138305,10,0.9290957701022128,29.64
20.0,6,64.0,973.6985792552698,0.0,0.0,0.5,0.5,0.5,0.0,0.0,5,0,0,5,0,0.0102701187133789,0.0,1.0,0.0,0.0,0.0,0.0,0.0,1.0,0.0,0.0,0.0,0.0,0.0,1.0,1.0,600,54,66,60.0,6.324555320336759,60.0,0.0012221097946166,10,0.9293344008552924,36.0
20.0,6,64.0,600.2409948910228,0.0,0.0,0.5,0.5,0.5,0.0,0.0,5,0,0,5,0,0.0166599750518798,0.0,1.0,0.0,0.0,0.0,0.0,0.0,1.0,0.0,0.0,0.0,0.0,0.0,1.0,1.0,596,54,66,59.6,5.94792213951879,59.6,0.0017929792404174,10,0.9291809755627544,36.0
20.0,6,64.0,637.5484890861555,0.0,0.0,0.5,0.5,0.5,0.0,0.0,5,0,0,5,0,0.0156850814819335,0.0,1.0,0.0,0.0,0.0,0.0,0.0,1.0,0.0,0.0,0.0,0.0,0.0,1.0,1.0,600,54,64,60.0,5.163977794943222,60.0,0.0017754077911376,10,0.928861627994548,24.691358024691358
20.0,6,64.0,584.8654377109073,0.0,0.0,0.8,0.2,0.2,0.0,0.0,2,0,0,8,0,0.0170979499816894,0.0,1.0,0.0,0.0,0.0,0.0,0.0,1.0,0.0,0.0,0.0,0.0,0.0,1.0,1.0,620,54,66,62.0,5.57773351022717,62.0,0.0017106056213378,10,0.9290301755227262,29.135802469135804
20.0,6,64.0,914.4890439332823,0.0,0.0,0.5,0.5,0.5,0.0,0.0,5,0,0,5,0,0.0109350681304931,0.0,1.0,0.0,0.0,0.0,0.0,0.0,1.0,0.0,0.0,0.0,0.0,0.0,1.0,1.0,600,54,66,60.0,6.324555320336759,60.0,0.0010972023010253,10,0.9293344008552924,36.0
20.0,6,64.0,1120.1837459605267,0.0,0.0,0.5,0.5,0.5,0.0,0.0,5,0,0,5,0,0.0089271068572998,0.0,1.0,0.0,0.0,0.0,0.0,0.0,1.0,0.0,0.0,0.0,0.0,0.0,1.0,1.0,600,54,66,60.0,6.324555320336759,60.0,0.0012939929962158,10,0.9293344008552924,36.0
20.0,6,64.0,890.6995115735825,0.0,0.0,0.5,0.5,0.5,0.0,0.0,5,0,0,5,0,0.0112271308898925,0.0,1.0,0.0,0.0,0.0,0.0,0.0,1.0,0.0,0.0,0.0,0.0,0.0,1.0,1.0,614,54,68,61.4,6.397916327472042,61.4,0.001314902305603,10,0.929364285195159,36.84
20.0,6,64.0,721.5013847556465,0.0,0.0,0.5,0.5,0.5,0.0,0.0,5,0,0,5,0,0.0138599872589111,0.0,1.0,0.0,0.0,0.0,0.0,0.0,1.0,0.0,0.0,0.0,0.0,0.0,1.0,1.0,610,54,68,61.0,7.378647873726218,61.0,0.0013880968093872,10,0.9297637959978412,49.0
20.0,6,64.0,656.3753305895057,0.0,0.0,0.5,0.5,0.5,0.0,0.0,5,0,0,5,0,0.0152351856231689,0.0,1.0,0.0,0.0,0.0,0.0,0.0,1.0,0.0,0.0,0.0,0.0,0.0,1.0,1.0,606,54,68,60.6,7.058485830702094,60.6,0.0015252113342285,10,0.9296333747879948,49.0
20.0,6,64.0,860.4230003897676,0.0,0.0,0.6,0.4,0.4,0.0,0.0,4,0,0,6,0,0.0116221904754638,0.0,1.0,0.0,0.0,0.0,0.0,0.0,1.0,0.0,0.0,0.0,0.0,0.0,1.0,1.0,590,54,64,59.0,5.270462766947299,59.0,0.0011651992797851,10,0.9289050057127436,25.0
20.0,6,64.0,1274.2060333566242,0.0,0.0,0.5,0.5,0.5,0.0,0.0,5,0,0,5,0,0.0078480243682861,0.0,1.0,0.0,0.0,0.0,0.0,0.0,1.0,0.0,0.0,0.0,0.0,0.0,1.0,1.0,592,54,66,59.2,5.513619500836088,59.2,0.000931692123413,10,0.9290040580398606,27.360000000000003
20.0,6,64.0,1238.0978244826874,0.0,0.0,0.5,0.5,0.5,0.0,0.0,5,0,0,5,0,0.0080769062042236,0.0,1.0,0.0,0.0,0.0,0.0,0.0,1.0,0.0,0.0,0.0,0.0,0.0,1.0,1.0,600,54,66,60.0,6.324555320336759,60.0,0.0011945009231567,10,0.9293344008552924,36.0
20.0,6,64.0,521.4331534846714,0.0,0.0,0.5,0.5,0.5,0.0,0.0,5,0,0,5,0,0.0191779136657714,0.0,1.0,0.0,0.0,0.0,0.0,0.0,1.0,0.0,0.0,0.0,0.0,0.0,1.0,1.0,1940,54,1406,194.0,425.8951357630968,194.0,0.0021159887313842,10,1.0,178966.91358024688
20.0,6,64.0,915.8468895342488,0.0,0.0,0.6,0.4,0.4,0.0,0.0,4,0,0,6,0,0.0109188556671142,0.0,1.0,0.0,0.0,0.0,0.0,0.0,1.0,0.0,0.0,0.0,0.0,0.0,1.0,1.0,8652,54,1406,865.2,698.1697978763237,865.2,0.001094102859497,10,1.0,456976.0
20.0,6,64.0,1141.1830004897429,0.0,0.0,0.5,0.5,0.5,0.0,0.0,5,0,0,5,0,0.0087628364562988,0.0,1.0,0.0,0.0,0.0,0.0,0.0,1.0,0.0,0.0,0.0,0.0,0.0,1.0,1.0,7300,54,1406,730.0,712.5665660912748,730.0,0.0010679006576538,10,1.0,456976.0
20.0,6,64.0,789.7092935683085,0.0,0.0,0.6,0.4,0.4,0.0,0.0,4,0,0,6,0,0.0126628875732421,0.0,1.0,0.0,0.0,0.0,0.0,0.0,1.0,0.0,0.0,0.0,0.0,0.0,1.0,1.0,10004,54,1406,1000.4,653.078045361604,1000.4,0.0014194011688232,10,1.0,456976.0
20.0,6,64.0,435.3466744166736,0.0,0.0,0.6,0.4,0.4,0.0,0.0,4,0,0,6,0,0.0229701995849609,0.0,1.0,0.0,0.0,0.0,0.0,0.0,1.0,0.0,0.0,0.0,0.0,0.0,1.0,1.0,1957,54,1406,195.7,425.30513229392784,195.7,0.0022997140884399,10,1.0,456976.0
20.0,6,64.0,714.6417679030857,0.0,0.0,0.7,0.3,0.3,0.0,0.0,3,0,0,7,0,0.0139930248260498,0.0,1.0,0.0,0.0,0.0,0.0,0.0,1.0,0.0,0.0,0.0,0.0,0.0,1.0,1.0,620,54,69,62.0,6.912147117775907,62.0,0.001401400566101,10,0.9295737622498972,43.0
20.0,6,64.0,1162.2434050099755,0.0,0.0,0.5,0.5,0.5,0.0,0.0,5,0,0,5,0,0.0086040496826171,0.0,1.0,0.0,0.0,0.0,0.0,0.0,1.0,0.0,0.0,0.0,0.0,0.0,1.0,1.0,615,54,69,61.5,7.905694150420948,61.5,0.0010601997375488,10,0.9299784935691154,56.25
20.0,6,64.0,456.9954238396165,0.0,0.0,0.8,0.2,0.2,0.0,0.0,2,0,0,8,0,0.0218820571899414,0.0,1.0,0.0,0.0,0.0,0.0,0.0,1.0,0.0,0.0,0.0,0.0,0.0,1.0,1.0,780,54,99,78.0,18.97366596101028,78.0,0.0025537967681884,10,0.9344871425658772,324.0
20.0,6,64.0,475.3291024478695,0.0,0.0,1.0,0.0,0.0,0.0,0.0,0,0,0,10,0,0.0210380554199218,0.0,1.0,0.0,0.0,0.0,0.0,0.0,1.0,0.0,0.0,0.0,0.0,0.0,1.0,1.0,998,99,101,99.8,1.0327955589886444,99.8,0.002353286743164,10,0.8504928995989097,0.96
20.0,6,64.0,478.8346233760303,0.0,0.0,1.0,0.0,0.0,0.0,0.0,0,0,0,10,0,0.0208840370178222,0.0,1.0,0.0,0.0,0.0,0.0,0.0,1.0,0.0,0.0,0.0,0.0,0.0,1.0,1.0,5502,101,1224,550.2,579.9147063721239,550.2,0.0029323101043701,10,1.0,302670.96
20.0,6,64.0,668.9373375225275,0.0,0.0,0.8,0.2,0.2,0.0,0.0,2,0,0,8,0,0.014949083328247,0.0,1.0,0.0,0.0,0.0,0.0,0.0,1.0,0.0,0.0,0.0,0.0,0.0,1.0,1.0,9904,54,1226,990.4,493.52680890820017,990.4,0.0017843961715698,10,1.0,342225.0
20.0,6,64.0,672.8542094455852,0.0,0.0,0.7,0.3,0.3,0.0,0.0,3,0,0,7,0,0.014862060546875,0.0,1.0,0.0,0.0,0.0,0.0,0.0,1.0,0.0,0.0,0.0,0.0,0.0,1.0,1.0,8744,54,1226,874.4,566.1297848844673,874.4,0.0016767024993896,10,1.0,288452.64
20.0,6,64.0,409.0966193941049,0.0,0.0,1.0,0.0,0.0,0.0,0.0,0,0,0,10,0,0.0244441032409667,0.0,1.0,0.0,0.0,0.0,0.0,0.0,1.0,0.0,0.0,0.0,0.0,0.0,1.0,1.0,1802,64,1226,180.2,367.4566641115656,180.2,0.002662706375122,10,1.0,337561.0
20.0,6,64.0,495.8568101481315,0.0,0.0,1.0,0.0,0.0,0.0,0.0,0,0,0,10,0,0.0201671123504638,0.0,1.0,0.0,0.0,0.0,0.0,0.0,1.0,0.0,0.0,0.0,0.0,0.0,1.0,1.0,658,64,66,65.8,0.6324555320336757,65.8,0.0022501945495605,10,0.0,1.0
20.0,6,64.0,453.45297685330337,0.0,0.0,0.5,0.5,0.5,0.0,0.0,5,0,0,5,0,0.0220530033111572,0.0,1.0,0.0,0.0,0.0,0.0,0.0,1.0,0.0,0.0,0.0,0.0,0.0,1.0,1.0,612,54,66,61.2,6.196773353931867,61.2,0.0022063016891479,10,0.9292823475934576,35.55555555555556
20.0,6,64.0,908.0938771975405,0.0,0.0,0.6,0.4,0.4,0.0,0.0,4,0,0,6,0,0.0110120773315429,0.0,1.0,0.0,0.0,0.0,0.0,0.0,1.0,0.0,0.0,0.0,0.0,0.0,1.0,1.0,600,54,66,60.0,6.324555320336759,60.0,0.0011034965515136,10,0.9293344008552924,36.0
20.0,6,64.0,766.9374097167621,0.0,0.0,0.6,0.4,0.4,0.0,0.0,4,0,0,6,0,0.0130388736724853,0.0,1.0,0.0,0.0,0.0,0.0,0.0,1.0,0.0,0.0,0.0,0.0,0.0,1.0,1.0,638,54,68,63.8,6.762642481555072,63.8,0.0014869928359985,10,0.9295128600412864,48.0
20.0,6,64.0,397.0299691410613,0.0,0.0,0.7,0.3,0.3,0.0,0.0,3,0,0,7,0,0.0251870155334472,0.0,1.0,0.0,0.0,0.0,0.0,0.0,1.0,0.0,0.0,0.0,0.0,0.0,1.0,1.0,622,54,68,62.2,5.921711464320655,62.2,0.0025216102600097,10,0.9291702983821056,49.0
20.0,6,64.0,763.5864479600939,0.0,0.0,0.8,0.2,0.2,0.0,0.0,2,0,0,8,0,0.0130960941314697,0.0,1.0,0.0,0.0,0.0,0.0,0.0,1.0,0.0,0.0,0.0,0.0,0.0,1.0,1.0,612,54,66,61.2,5.00666222813829,61.2,0.0013124942779541,10,0.9287975439252544,25.0
20.0,6,64.0,531.6042028416076,0.0,0.0,0.9,0.1,0.1,0.0,0.0,1,0,0,9,0,0.0188109874725341,0.0,1.0,0.0,0.0,0.0,0.0,0.0,1.0,0.0,0.0,0.0,0.0,0.0,1.0,1.0,648,54,66,64.8,3.794733192202056,64.8,0.0021847009658813,10,0.9283038525131756,32.0
